episode,steps,final_battery,total_reward,total_directional_reward,total_battery_reward,total_movement_penalty,loss,episode_time,rollout_time,inference_time,env_time,update_time,peak_solar_w,mean_solar_w,start_battery,min_battery,idle_mAh,motion_mAh,path_m,turn_integral,net_displacement_m
1,720,42.27231380558595,-6.623143520262632,-3.3472068417072167,-2.8483291149235686,0.4245159195796701,,42.88032457511872,42.63554406701587,0.7790261588525027,41.85651790816337,0.0,42.23751913281994,17.950765256422628,39.14720094663166,15.668716222445376,11582.399999999969,1220.8454205399812,1754.5566947064874,1343.2896790469292,88.09151996655426
2,720,45.306215461779544,-8.969188697751292,-3.8802593789374065,-4.673112937484955,0.4129859492681547,1.68219792842865,47.30896881013177,46.62243221211247,0.6577633784618229,45.96466883365065,0.39270355412736535,42.03850491344459,16.22022123848325,38.6361344715499,5.560213155855291,11582.399999999969,1253.3152764138856,1709.1680228321716,1328.4697792191362,78.06236194607129
3,720,22.98924579364981,-7.896572433284076,-3.8267152680621943,-3.698064760836105,0.3687354388661174,,41.644604245899245,41.386302889091894,0.65971510251984,40.726587786572054,0.0,40.73711383943787,14.512352858595465,37.31749155113408,22.98924579364981,11582.399999999969,1121.5216198125486,1526.4504218732286,1396.7848496389174,123.78067318489244
4,136,0.0,-14.690617248386683,-0.9172184540745245,-1.9938440127106078,0.0790288392697331,,15.592077648965642,15.281673667021096,0.1254544744733721,15.156219192547724,0.0,19.64475516900085,4.7902426533813784,32.60506633660313,0.0,2187.7866666666614,261.98505327822295,326.414257229494,266.4624333149941,16.38599826258861
5,158,0.0,-14.846978959552528,-0.9870811605572656,-2.5092009989008988,0.09009790711364404,,13.46835974114947,13.215836934978142,0.1455581251066178,13.070278809871525,0.0,24.80832326269806,6.182465671276243,31.934467211676136,0.0,2541.6933333333263,302.7648438441116,371.8136869309637,298.62978049275205,36.09992895521243
6,720,48.414233788126374,-6.270098530379964,-3.0996989479116492,-2.7266260820447545,0.440370645854784,1.626150131225586,41.7760920021683,41.150429574074224,0.657829234842211,40.49260033923201,0.3616925240494311,42.23946732635092,20.709886554337533,37.10250840008173,5.284890158201429,11582.399999999969,1246.5438473776794,1816.4044198373867,1333.3959205461867,135.19196738241186
7,720,61.95736515603235,-8.143551838676917,-3.4658827502540364,-4.254857742321826,0.4196957376720625,,37.13137754285708,36.88589519797824,0.6575133625883609,36.22838183538988,0.0,42.26375892866153,18.653961125543898,33.878278012165936,9.355806214320047,11582.399999999969,1251.6343464378076,1733.7407871737894,1328.2790472783458,170.98759153627375
8,720,56.75453306006722,-8.229590098735219,-3.643918758154649,-4.166405535252554,0.4162231898981066,1.4000922441482544,43.54609125200659,42.93715669494122,0.656414114870131,42.28074258007109,0.31228365702554584,42.26274781737898,17.976971508691765,39.74196736977151,8.230669444453817,11582.399999999969,1235.0121188116977,1722.0189174311834,1373.2460407037586,83.61608086201134
9,98,0.0,-14.635473690006016,-0.7345715534514747,-1.3841070416579615,0.056430579451215115,,11.313790708081797,11.059358288999647,0.09068440948612988,10.968673879513517,0.0,5.762470214872067,1.8475076642595138,31.030269168599645,0.0,1576.493333333331,187.08648655824678,233.1224277306801,180.55494345065003,19.435978757633148
10,720,80.87101282029,-6.736765303744348,-2.5168662667014257,-3.78954643376715,0.42708732125362603,,37.123660885961726,36.877650084905326,0.657356962794438,36.22029312211089,0.0,42.26345376622195,23.393899265516275,31.330324154429672,0.8648563159479794,11582.399999999969,1225.6368095644011,1764.670432962324,1375.519925863253,111.61027772589911
11,720,66.7326223059044,-8.454870819151292,-3.1429442732344857,-4.887380983537007,0.4216138235665505,1.3086800575256348,37.96091083995998,37.35124725103378,0.6570110523607582,36.694236198673025,0.3601514329202473,42.23570377149606,20.30745317532063,33.28931871920549,1.0671006693879148,11582.399999999969,1246.757158416097,1739.7363672729255,1306.3287785008092,72.262801847363
12,720,41.74966319153918,-10.419426445552027,-3.919981193412287,-6.055905137338943,0.4402169751557291,,45.32877101912163,45.04673684411682,0.655554509954527,44.391182334162295,0.0,41.98112151669603,15.302924522907754,39.26355380405157,3.168488788895384,11582.399999999969,1360.9254767071432,1814.4967989759375,1336.7122806336495,14.157993593298096
13,90,0.0,-14.703614756516975,-0.7812698427751417,-1.2500075728487128,0.05201424976440751,,10.688267127145082,10.426832814933732,0.08366759400814772,10.343165220925584,0.0,4.463938046329481,0.3804779996955234,32.08269165778888,0.0,1447.7999999999984,172.00802703870505,215.0614069508998,161.8698574787616,56.100703312633335
14,720,74.99022113083615,-8.404028527501278,-3.019825379791911,-4.9580513911527975,0.42308663544536285,1.306638240814209,40.27117572305724,39.68251010007225,0.6545165486168116,39.02799355145544,0.32214283803477883,42.26386591982781,20.797699627504866,30.61709432254695,2.918308796973822,11582.399999999969,1257.9882870515323,1749.8100083279612,1355.9207914460687,68.23434688906806
15,138,0.0,-14.369227061581354,-0.7413624680226961,-1.8917624527777654,0.0755112632283148,,14.076831138925627,13.81252319412306,0.1279184347949922,13.684604759328067,0.0,17.09331744505235,3.9352951851616336,36.077340457241185,0.0,2219.9599999999946,251.87570862682412,313.44736000984614,286.3787496731573,18.57456138451478
16,144,0.0,-14.906639674066648,-1.0992657567154893,-2.1748453740834286,0.09179333272280761,,12.648289962206036,12.416163919027895,0.13375591137446463,12.28240800765343,0.0,17.58328220449419,5.577197041125473,32.185571302450306,0.0,2316.479999999994,306.07467871771615,379.5553404697518,282.91998490383804,15.87599856539294
17,119,0.0,-14.579583629540041,-0.7536790336209027,-1.7236563703228371,0.0618516790841172,,12.072691126959398,11.828006549971178,0.11013942863792181,11.717867121333256,0.0,20.851083401095142,2.908613238111626,34.04829952687969,0.0,1914.3133333333294,208.321931403777,256.07158317467935,218.19610987181858,23.895969568641046
18,125,0.0,-14.484815389454548,-0.8621678809541696,-1.6286340942954034,0.07354054504447834,,15.518009584862739,15.221634501125664,0.11582341138273478,15.105811089742929,0.0,14.259361813900645,2.6515471494746308,37.158473236771854,0.0,2010.833333333329,242.25728259481002,303.47895197971945,226.6066899375398,40.38770443292019
19,720,53.019019979321705,-6.4640263312201,-3.357467042039981,-2.674192228156494,0.42927153856764,,39.90471826703288,39.70942915813066,0.6576636545360088,39.05176550359465,0.0,42.04221303974522,18.67092365237265,32.48483985643504,18.587288018940125,11582.399999999969,1231.8113043703297,1775.4973930999395,1366.0929737154256,127.48701959039956
20,720,69.31119971460744,-5.309926786190607,-2.54998004319456,-2.3400269276997716,0.4168598458495835,1.0163248777389526,40.91025819815695,40.24841930787079,0.6578150843270123,39.59060422354378,0.4163845719303936,42.25853519068715,23.395876530859468,30.79214438261132,21.877178126783576,11582.399999999969,1178.1130263874875,1725.0426910911772,1401.984149089062,133.95138808758514
21,720,50.39281654295743,-6.946926132764037,-3.588732220260038,-2.955231295076054,0.39975832305771336,,40.11729031288996,39.87452814797871,0.6573901125229895,39.21713803545572,0.0,42.2296050710312,16.9959967937921,34.87120370395095,22.80991501787808,11582.399999999969,1168.912363517928,1650.0407095324815,1312.2425155808612,26.049392661841555
22,130,0.0,-14.478214036331382,-0.7856314444367706,-1.7929500153000217,0.07908204921966423,,14.07706498191692,13.815818137023598,0.11912148213014007,13.696696654893458,0.0,12.326321893004552,3.691901120595029,35.230681965545344,0.0,2091.266666666662,262.8287676763585,327.26802062177535,237.70296407824443,26.831067935188365
23,720,50.869722412812614,-8.19942104327211,-3.7789155053799846,-3.990333252521896,0.42706248762440085,1.093638300895691,35.023540938971564,34.432296249084175,0.6557324391324073,33.77656380995177,0.3604069210123271,41.88117833498109,17.20220172250067,33.78827009507979,8.69693776012617,11582.399999999969,1272.6659092563325,1766.5428641718945,1404.9974010870028,76.64049325697988
24,99,0.0,-14.645091044877521,-0.8047801182585085,-1.3366052001835773,0.06328541821650066,,11.660588593920693,11.409122572978958,0.09253057301975787,11.3165919999592,0.0,9.749864130725856,1.981841705272793,31.614488293545655,0.0,1592.5799999999977,207.93466040604204,260.92819504791373,171.54423070927206,29.50564321383628
25,720,53.32091073810273,-5.573183394836398,-2.674996344065514,-2.4719760662694648,0.4229762152532705,,43.527165865991265,43.286133534042165,0.6562718511559069,42.62986168288626,0.0,42.263441738877546,21.89891440403059,37.01561209959996,20.652922157028538,11582.399999999969,1204.2617911777527,1745.5195567180697,1342.6242266468184,185.1432097586624
26,720,54.35603843648125,-8.957688833148175,-3.7334101634695,-4.802247060240083,0.4188157602297367,1.2716310024261475,39.68543547997251,39.103712036972865,0.6548182480037212,38.448893788969144,0.3572040810249746,41.567024105522606,16.796184456791938,31.050564611894416,5.74306525251762,11582.399999999969,1275.0453030384435,1729.3497199271787,1360.41650578207,144.62183689615924
27,120,0.0,-14.450868042963284,-0.6572787002892007,-1.6999684965660065,0.07309824847609553,,12.15399054507725,11.88905358617194,0.1113051944412291,11.77774839173071,0.0,15.552538090035045,3.7667230475809754,32.38423915216037,0.0,1930.399999999996,242.11476082585187,301.83951821428474,221.5712620664569,52.11522354861321
28,720,55.06783761921814,-7.1933484538142896,-3.518018625259706,-3.2951245087110106,0.37727653010660767,,42.10138020897284,41.85303308209404,0.6577935547102243,41.19523952738382,0.0,41.365689914748856,18.24628392676537,35.106600231573424,8.526354342611143,11582.399999999969,1105.0714527710052,1557.7331112728273,1296.5960483264619,12.87617805527305
29,720,61.291809744610795,-9.02847279780903,-3.7275116124225076,-4.862031472847987,0.435811244969965,0.5009815692901611,41.147245332133025,40.52041108603589,0.6570048904977739,39.86340619553812,0.3567289961501956,42.16322820772975,17.58942076078341,37.48588658343736,1.2638643761920907,11582.399999999969,1306.249717467935,1799.0431840120316,1298.7809658084177,248.58898667220873
30,720,59.09341098503109,-7.792457536108784,-3.2938830630372973,-4.05519504872663,0.44026011023218203,,41.80192509596236,41.55336177605204,0.6582971133757383,40.895064662676305,0.0,42.256779737299546,19.090604836891984,31.8385354765012,7.585298125634861,11582.399999999969,1287.0929497346242,1814.4612499234975,1300.043705798388,204.84685244567422
31,720,50.70940490674186,-8.98683162798248,-3.8269345083572666,-4.7238024256503595,0.4329494559048645,0.6698914170265198,41.47085067210719,40.89654755196534,0.6553955203853548,40.241152031579986,0.31178982416167855,42.263437139049124,16.6465515826024,39.42926311990025,3.397896353865953,11582.399999999969,1297.9428171596337,1785.8278669133276,1323.132247885466,222.00391205124183
32,720,68.15438903198245,-5.743724606734938,-2.6584257319404405,-2.634514936178497,0.44746165613826105,,46.655610421905294,46.36635254207067,0.6581737438682467,45.708178798202425,0.0,42.241016845093455,21.825041861048714,36.883548350590154,17.60751688495925,11582.399999999969,1263.398739605491,1843.0758554997467,1333.9048319957742,59.544394156773194
33,720,66.2766273041737,-6.451109741758463,-3.1983942769429063,-2.809769152801313,0.4394889784490556,0.5393967628479004,44.763114298926666,44.19131005508825,0.6559093079995364,43.535400747088715,0.31229875492863357,42.26355045621735,20.28164099946576,36.04438066252045,9.366100199245519,11582.399999999969,1257.4205188409144,1817.2783169752859,1404.8495505149845,37.76505666833019
34,720,58.13639004923121,-5.283246639433177,-2.9533385614659955,-1.888938006644619,0.4376420970197987,,41.923893108032644,41.64261001604609,0.6596934176050127,40.98291659844108,0.0,42.26219525392942,21.369028465581565,38.262932491149265,26.407641911897805,11582.399999999969,1218.5979594104313,1807.3745592492262,1353.8107982279832,101.85113684209482
35,720,72.70550088591725,-6.4993738956248235,-2.816574528734557,-3.2448853459287834,0.4348345815563702,0.6161748170852661,39.94155937503092,39.38117234711535,0.6576855718158185,38.723486775299534,0.3107633339241147,42.116993103000816,21.346114922340707,37.285687888590516,0.9357475373616728,11582.399999999969,1239.8926346957692,1795.3375132804326,1300.968743284173,203.39230845907238
36,720,74.448515972047,-6.638209159069766,-3.2234029701448246,-2.968187596080826,0.4434957549592159,,42.01168861496262,41.746832030126825,0.6582841952331364,41.08854783489369,0.0,41.57652211166478,19.469745829776535,37.89902905148855,17.102017796847456,11582.399999999969,1276.0008760410358,1830.1188945085953,1308.2304797009149,154.6389366395815
37,720,52.803466115544865,-7.363371961740344,-3.379152084093142,-3.546506474200624,0.43448422836271644,0.6930450797080994,41.139204756123945,40.57499445206486,0.6561257110442966,39.91886874102056,0.3116112838033587,42.23863716115402,18.40037591968105,31.79703470908008,8.688341253645332,11582.399999999969,1265.6578046392565,1790.6755482690678,1321.0791613031292,67.16078470204027
38,720,49.89831285171587,-6.811036189851369,-3.5193690182822204,-2.838434902647663,0.44993346326361355,,43.6083495230414,43.36725441413,0.6589230897370726,42.70833132439293,0.0,42.24763215400058,17.578956595420568,30.480247750408523,14.099870196342042,11582.399999999969,1299.996968964713,1855.503617563169,1338.7659608845752,113.46612083460106
39,720,73.45787542815772,-3.5980112994305387,-1.74810813063692,-1.3943123973787088,0.4523555644046168,0.5289053916931152,39.11547733889893,38.55725420592353,0.6565016580279917,37.900752547895536,0.31149071198888123,42.251428094331914,27.453795578497495,34.24941091533704,27.378971976706556,11582.399999999969,1224.252582119219,1864.9092981533204,1293.5567931933745,60.88473656812172
40,125,0.0,-14.583844557081523,-0.9451715142975848,-1.6395761199260326,0.0785052995001476,,13.82601951691322,13.526531927054748,0.11610294040292501,13.410428986651823,0.0,17.865098146577676,3.101439144986638,36.31914441270065,0.0,2010.833333333329,257.7667636383068,323.94942542285037,232.72351122903342,18.825295681505263
41,720,62.428664367211084,-8.658845187389018,-3.569471383168002,-4.672576094723994,0.4137174752599481,,38.981412661029026,38.73858986585401,0.6596779141109437,38.078911951743066,0.0,41.4649244620905,18.141028326235443,38.26160715003977,3.266633743505823,11582.399999999969,1245.0920052024421,1709.4082482243427,1367.66467635899,114.33492518210927
42,720,55.70138984476056,-5.482027409617212,-3.145872642300099,-1.8877729671651686,0.4450424186868988,0.24329768121242523,40.072314301971346,39.4836155558005,0.6574650765396655,38.82615047926083,0.3556101028807461,42.26237867901718,20.162884156907317,34.04311606685021,19.498759849968753,11582.399999999969,1241.7114984119085,1835.3467345448425,1308.1934231396776,37.234622856381435
43,720,83.39761171941213,-6.326613011441711,-2.600888286358708,-3.303905401706432,0.41865500337126,,41.71000126097351,41.43816245906055,0.6577295146416873,40.78043294441886,0.0,42.25925470234542,22.309711475726047,33.229654697673716,10.623533577268638,11582.399999999969,1206.846276461183,1729.174095865205,1339.1255393264705,32.20694296055306
44,720,57.78057496248883,-5.620882962035924,-2.9573809628447036,-2.231000334185169,0.42934881369750194,0.4311904311180115,42.342364619951695,41.80667544505559,0.654947211034596,41.15172823402099,0.3133061397820711,42.200331614679484,21.836050025829348,39.79468168188538,18.929580686739225,11582.399999999969,1208.7261288643474,1773.4667630672625,1366.0958032532292,97.73236954134349
45,720,79.09308411901384,-4.0962706985558714,-1.892293634211293,-1.7598233368496539,0.44100602838374386,,39.474913557991385,39.16954397712834,0.6580110494978726,38.51153292763047,0.0,42.2637642392811,26.50919748614284,39.68527817643154,26.303563140731846,11582.399999999969,1213.6311257606735,1821.8242709654232,1360.0535332669374,96.98458989449551
46,720,61.27702861810304,-7.314546734494159,-3.2652198719740317,-3.5934875670621866,0.4523999627893125,0.3946445882320404,42.20121769118123,41.60436856886372,0.6563483187928796,40.94802025007084,0.31167482607997954,42.24538756117069,19.673223978700623,32.73588344897897,4.817558383326951,11582.399999999969,1308.5693366805874,1867.143540062908,1344.2192788934751,173.86901269536781
47,720,84.04099858502344,-5.943764273672357,-2.2397164555976,-3.2518143647283857,0.4489220399647243,,37.51176927378401,37.26859001512639,0.6566162565723062,36.611973758554086,0.0,42.26373871626923,24.32637648097833,30.74319146432036,13.018433392520459,11582.399999999969,1277.1249093220797,1849.6973277449188,1294.074760580337,129.57102955390494
48,720,58.81036628847086,-7.154253409833431,-3.3982572301325527,-3.3021323039473707,0.450401885205591,0.40725377202033997,38.17605232214555,37.638121109921485,0.6555480032693595,36.982573106652126,0.31188227608799934,42.25838556433407,19.650548791254923,38.94403490541568,10.905390644791002,11582.399999999969,1301.2463035071619,1861.2425943963995,1360.0494383627322,20.006195659686473
49,720,73.81121942682903,-6.336336293633421,-2.1861481537970624,-3.6904322491254877,0.45639904108669915,,39.53823303710669,39.29095958196558,0.6523292786441743,38.638630303321406,0.0,42.263629267642024,24.60457746932983,37.7487330231352,0.5651951172743447,11582.399999999969,1298.6510869807712,1882.0069704826421,1310.2400537623394,119.46656184229258
50,720,64.11597918023783,-6.563241537686079,-2.735019101817595,-3.376836621972615,0.44810945451336587,0.3701550364494324,40.68340301094577,40.094692294020206,0.6482895633671433,39.44640273065306,0.31062887515872717,42.26374477496098,22.746003266000915,31.441724242543888,8.124857300564498,11582.399999999969,1280.0566022504863,1847.1058236862932,1299.1693027460296,89.32220375076304
51,720,75.45292845924392,-4.343151022681868,-2.0279462020533674,-1.8673288313185095,0.4447037210357676,,37.00510937185027,36.77985457400791,0.6486331757623702,36.13122139824554,0.0,42.26360632473261,26.446536018017927,38.34600889163951,23.841714561792003,11582.399999999969,1222.7512723123298,1834.06861752091,1301.3921366036793,54.85230697055625
52,720,74.30570134829496,-6.53021066907952,-2.9506846235035344,-3.1338727112312026,0.4424928404209928,0.32554641366004944,38.81477551907301,38.264078569132835,0.6475838967598975,37.61649467237294,0.3104695419315249,42.20298104652803,20.86003930334964,37.040551610625556,9.577282368930124,11582.399999999969,1261.601010530996,1822.886127105024,1292.9916330473056,57.93910850005408
53,720,63.68064071407614,-5.000050453032634,-2.7810797143340222,-1.8148883400577962,0.40061448262433036,,39.69009622000158,39.430145181017,0.6488233979325742,38.78132178308442,0.0,42.03858605465804,21.55209860101085,30.727836906438505,19.428635170423203,11582.399999999969,1119.7733650067573,1653.5179703292386,1357.7696013408531,60.82088816171164
54,115,0.0,-14.641360063914203,-0.7844456020431847,-1.6771915949514071,0.059249850887362274,,10.659651195863262,10.415230724029243,0.1042713075876236,10.31095941644162,0.0,14.621872798101993,3.357783180690918,31.52489170170021,0.0,1849.966666666663,199.67971503866985,245.46636844989638,216.1427839313263,25.795787743284794
55,720,67.22554082998393,-6.884279454915962,-2.8975955880496045,-3.532521332234722,0.4507941367272784,0.08673571795225143,40.13952296599746,39.536813894985244,0.6472713965922594,38.889542498392984,0.3563625218812376,42.218000745553866,21.044533753128814,38.70029983775102,7.856312530945038,11582.399999999969,1295.1018517624993,1856.5017979823997,1315.0648949328313,131.22451340543884
56,720,69.68755577682103,-5.33428678043679,-2.3606630995697304,-2.5014415061103663,0.4686947315836193,,36.77054493385367,36.53605837118812,0.6481077987700701,35.88795057241805,0.0,42.26373100872249,24.695492785589764,33.706951240988936,16.003915842303588,11582.399999999969,1298.4052370348284,1930.2846701933381,1306.783215091002,92.40333317244976
57,720,65.16610714709982,-6.1678665520802625,-3.1903562600134916,-2.549449715642126,0.42478953782173845,0.380946546792984,40.58612383599393,40.05204607383348,0.6472570956684649,39.404788978165016,0.31034849490970373,42.26342166848228,19.80635758270518,39.141981916977464,24.953800431116015,11582.399999999969,1211.0720048673957,1753.4107979474832,1345.345637689671,119.75617694307998
58,720,81.1954935506646,-5.192612308592886,-2.54276595602061,-2.2061861642196425,0.44033600631768355,,38.99791438691318,38.76155263511464,0.6485953754745424,38.1129572596401,0.0,41.60606243394186,22.644095774023555,39.14989419618158,19.81649363032304,11582.399999999969,1231.7952261575545,1816.9198809341667,1323.3027869641082,134.31057378312195
59,720,64.67881437210778,-8.34460602603936,-3.000813801785461,-4.889708995436725,0.4509997815348178,0.15759040415287018,43.13522961107083,42.570666729006916,0.6490396102890372,41.92162711871788,0.3100309029687196,42.263659574956186,20.037946986017786,30.996251132770357,2.468376794230149,11582.399999999969,1328.406078568892,1857.2906421043488,1299.2167069572345,86.12634163961516
60,111,0.0,-14.559950346214405,-0.7111601428375424,-1.5785110907618394,0.06974216887388751,,11.058399640955031,10.821446195011958,0.10150223388336599,10.719943961128592,0.0,13.50371850509148,3.347110711140166,31.192819613567664,0.0,1785.6199999999967,230.0936732345077,287.3417492413345,200.97439586624017,45.69358349279561
61,720,79.20995771353331,-3.8053031328503852,-1.7601269430858837,-1.5908836860179232,0.45090474395783264,,37.97744130901992,37.76263023703359,0.6506513014901429,37.11197893554345,0.0,42.25485930220158,26.916069140592697,33.37204950515413,26.06085778222732,11582.399999999969,1226.3274622623749,1860.7459525796469,1331.3070445245355,119.45859928568439
62,720,63.104575467884835,-8.022015720064797,-3.245798652602142,-4.316368886034724,0.45650578881950493,0.18355317413806915,44.48439205694012,43.86545005021617,0.650061181280762,43.215388868935406,0.3563383719883859,42.227989085042644,19.404373631818224,37.50780246732952,1.7362279821756528,11582.399999999969,1333.8684567070434,1881.879132506179,1300.4290075468125,94.82502423758238
63,720,78.25263320353535,-5.659920322927123,-2.432959264995209,-2.788101442868957,0.43562786457427316,,40.390508846146986,40.1312112219166,0.6485177222639322,39.48269349965267,0.0,42.263621271091814,23.055681932943838,39.47195149268061,15.272733907343468,11582.399999999969,1228.6940782357171,1796.900668927618,1314.5029956405353,112.55766589222561
64,720,68.0642044035011,-5.301387453896425,-2.669712066125682,-2.1544780287161274,0.47338742484126733,0.3259800374507904,44.284370738081634,43.747070444980636,0.6477334268856794,43.09933701809496,0.3100950599182397,42.26374842394639,22.38905994126138,39.02721954157221,26.1630779114349,11582.399999999969,1322.994411679263,1952.4492294402967,1348.8498132303569,159.74299644553076
65,720,81.92234848863397,-5.766481660510927,-2.8237103482043304,-2.486273121266075,0.45310228911477407,,39.9701742650941,39.71197064500302,0.6472550833132118,39.06471556168981,0.0,41.54759012050337,20.75953066145842,30.571165588658257,16.99671181651195,11582.399999999969,1292.8062586373294,1868.3040859692733,1324.3465162606226,177.58471677087005
66,720,65.81261138633072,-7.5431971987710105,-3.1419591048912348,-3.959412756442222,0.43862685196280937,0.2805255651473999,39.875010268064216,39.313903857022524,0.6487318514846265,38.6651720055379,0.3111536600627005,42.25959076942854,20.716906813038943,37.520101400148484,4.61467573235383,11582.399999999969,1276.0777531911417,1807.9631224226373,1279.2927775226426,27.81302929745738
67,720,71.3109588548414,-7.009959243633682,-2.710744039183807,-3.834102873218807,0.4614469469179905,,42.66266631009057,42.401448922930285,0.6525351810269058,41.74891374190338,0.0,42.263648070950936,21.454656309762967,37.93242469456235,10.198244651228162,11582.399999999969,1329.7267450246238,1902.717873782839,1351.954632908491,38.71544803048204
68,720,53.12872525723714,-5.825562571607072,-2.8714585380278437,-2.5045511135752316,0.4462378409449612,0.1409757286310196,41.250868739094585,40.68071753787808,0.6510193024296314,40.02969823544845,0.31076306803151965,42.26373775477138,22.087583537118004,35.97891167887497,16.695636571299765,11582.399999999969,1252.8565535575478,1841.0707434805615,1374.0323559657488,100.64896526779592
69,720,62.66400932502027,-5.216503700653983,-2.6480545367340906,-2.114150746774751,0.4506875646289839,,43.232720931991935,42.99388435296714,0.6488759405910969,42.345008412376046,0.0,42.263784367111086,22.630695181576364,32.0061429319266,23.229526304626198,11582.399999999969,1255.570780581427,1856.8199754963327,1316.461917869071,103.04246803847299
70,720,83.20863906841569,-6.713875035603241,-2.353879429494774,-3.9131023853345503,0.4435876632212322,0.23266012966632843,41.889200791949406,41.34005664405413,0.6492878645658493,40.69076877948828,0.31123708793893456,42.26347775161981,24.342089598856283,34.49390781986865,10.378211237491541,11582.399999999969,1272.5766120011615,1826.1661956697787,1278.1004554150893,119.32906800830824
71,720,62.228352757591445,-8.006378556639413,-3.5965838095678477,-3.942848092919328,0.4634798729777864,,43.57032786309719,43.33053181995638,0.6507780563551933,42.679753763601184,0.0,42.26375055978934,17.618054383515574,39.59084268514281,16.50935814483158,11582.399999999969,1368.7446072220303,1910.9478603364478,1297.7546883263071,210.37324506224573
72,720,53.80833064291687,-7.588654628342623,-3.4290004178959714,-3.692274515159204,0.46386976988654566,0.04425700381398201,43.498803006950766,42.89401066605933,0.6507165431976318,42.2432941228617,0.310815486125648,42.2375041205806,18.80816411597289,31.598607540813685,10.287811690658073,11582.399999999969,1348.9919544838338,1914.142902500407,1338.2070685758786,69.02808046036375
73,720,58.98636483606777,-5.339523899508657,-2.925001132384056,-1.9678029802170625,0.44340269198324184,,41.49423624901101,41.23513349285349,0.653961424715817,40.581172068137676,0.0,42.13790940445415,20.92311975731647,33.17733507918625,19.31283967910031,11582.399999999969,1233.3548558871505,1828.2783382014359,1316.8100004961393,128.16367818319787
74,720,79.08432822686478,-4.140676449013233,-1.8608539750393676,-1.832226884833324,0.4443396447958694,0.15179286897182465,38.81358842179179,38.254246558994055,0.6553962891921401,37.598850269801915,0.3106454689987004,42.26199055554075,26.64591902039866,38.1301040626748,20.865583684695014,11582.399999999969,1218.7498892572796,1832.1464644603811,1315.117449206342,68.55033638071879
75,720,66.40205888738514,-5.55359204999396,-2.949308745597881,-2.1488904836880662,0.4521484452186566,,42.16870810906403,41.9249067530036,0.6546718741301447,41.27023487887345,0.0,42.26365293370511,21.61816847062654,34.26861025121758,21.38131521332863,11582.399999999969,1262.7501211406957,1863.8690338142296,1296.198597685151,165.78396286701494
76,720,33.114034712743155,-8.00822159764606,-3.788800216474275,-3.7888803485971394,0.42728509339191156,0.20993871986865997,47.081207489129156,46.51731514791027,0.6490930300205946,45.86822211788967,0.31030416511930525,42.09198741690398,15.63748127359054,36.42194968803896,7.640589907042575,11582.399999999969,1273.8957625516732,1760.524598218945,1239.1570710194273,160.56805505066805
77,720,71.17186801623859,-3.920741322540379,-2.0383684365200043,-1.4453179850155813,0.43364293512636803,,40.465099960099906,40.22314873896539,0.6494024272542447,39.57374631171115,0.0,42.261648304534276,25.708128416276693,34.53128461261541,32.79508583442426,11582.399999999969,1164.3332001020694,1786.1257251194936,1309.9933202844365,96.80346984117699
78,720,67.12683609518652,-6.432148165469363,-2.6675378555633076,-3.30525352844782,0.45619116372659896,0.1451231837272644,42.222079531056806,41.65717814699747,0.6488361393567175,41.00834200764075,0.309874506900087,42.261297412464636,22.296892803623894,38.398436434714036,17.49501060114606,11582.399999999969,1306.2726436384287,1880.2838470445708,1295.9843140154965,178.10276945289266
79,133,0.0,-14.813473212307118,-0.9447662849145311,-2.023500844803132,0.08452504283529168,,12.196332260966301,11.955433373106644,0.1210146660450846,11.834418707061559,0.0,20.64230513448121,5.263807734417526,30.70659750612271,0.0,2139.5266666666616,280.1840749355703,348.67110327776237,259.6909066376709,59.690595409138105
80,720,67.9801628356149,-5.96201969872403,-3.1811565812246116,-2.3571296833174564,0.4206562278418613,,37.04229204286821,36.80572187807411,0.648362007457763,36.15735987061635,0.0,42.23978665770647,19.72197925552585,37.46442948661594,20.799279116633787,11582.399999999969,1190.8176837742753,1734.0892261194354,1301.2390732715583,181.32632594404686
81,720,40.607248036870295,-7.736106820361801,-3.4928540973209783,-3.832604934517796,0.40745054002158215,-0.10960027575492859,44.28898673807271,43.695306760957465,0.648452082881704,43.04685467807576,0.35606712894514203,42.26386535246548,17.694839958413507,31.06348853756244,1.0782977692026665,11582.399999999969,1186.9041565645769,1679.3203886927406,1266.3447787713421,93.85461867114212
82,720,61.06900985311125,-5.308141836959867,-3.0005695914168293,-1.8669558621771096,0.43744157378833515,,41.32015484501608,41.0697921870742,0.6492392788641155,40.420552908210084,0.0,42.26346158712427,20.717866483362148,35.5828996796669,20.879933234064517,11582.399999999969,1224.1031255685714,1806.6235432302415,1354.9431412031774,199.23968646280323
83,720,56.91237642641146,-8.399691374839009,-3.5395628435647373,-4.396720869670562,0.4600527803974143,0.10494665056467056,43.67794221895747,43.08192824781872,0.6500858529470861,42.43184239487164,0.31110578100197017,42.262617200832175,17.655668097906897,33.71150130069456,3.437983287246846,11582.399999999969,1354.5738687437931,1894.7505968882053,1274.8380131330591,264.37706155150596
84,720,83.72646862553036,-3.8293196536653586,-1.5314793926093029,-1.8697427755580411,0.42459990370853157,,33.0776774531696,32.86089246487245,0.6480012070387602,32.21289125783369,0.0,42.263747280827744,28.249094418216565,37.70710318320392,21.549411007915083,11582.399999999969,1169.346748005827,1754.1726042806442,1431.2923381142323,58.5362441817267
85,720,47.48766329655603,-5.969264155795485,-3.1882066492224808,-2.4131089384948425,0.3644554454951646,0.1366604119539261,40.86247043102048,40.29278305498883,0.6477205196861178,39.64506253530271,0.3109789330046624,42.26294097069123,20.534600223276094,39.90432458995306,21.34181032666501,11582.399999999969,1030.5924513695825,1503.7432112739602,1336.5006484877938,90.69064134710821
86,720,72.93888748441921,-4.929279712536873,-2.599526409237676,-1.8625790525942518,0.46351759099531936,,40.02560118515976,39.76575512904674,0.6495996257290244,39.116155503317714,0.0,42.21359859483007,22.27395295200801,34.79061936133722,30.77655429557226,11582.399999999969,1290.2034891763167,1911.8257579569326,1347.183173018277,25.32168476554735
87,720,73.16037741174284,-5.490579258347905,-2.5011539683084627,-2.548746373604034,0.4374999209099142,0.12023701518774033,41.90721868397668,41.34388419892639,0.6473131554666907,40.6965710434597,0.30992932384833694,42.26380325101571,23.700157158425938,39.46999316849117,16.48226231190047,11582.399999999969,1230.2637010587061,1806.670687503739,1347.5609252040745,137.74875993054445
88,720,60.108591376178836,-5.5651388064479095,-2.764385901394836,-2.326156699003249,0.47099193284696944,,40.869993034983054,40.62252972298302,0.6530102901160717,39.969519432866946,0.0,42.26357054943473,21.02055616524826,35.22881028805318,17.568719734603118,11582.399999999969,1316.840732367983,1940.6930663879327,1369.6454667598177,209.96835313697554
89,720,73.68423125469134,-6.146984735478767,-2.1701262514977797,-3.5021908819082532,0.4710882597734897,-0.020854003727436066,41.44462187006138,40.896126977168024,0.6520974710583687,40.244029506109655,0.3096641500014812,42.26373060352929,25.822824422420535,31.36103219042119,0.7292329907230837,11582.399999999969,1333.3935851310441,1943.188061384175,1325.8922071084658,95.52216393536246
90,720,53.32457260432925,-7.839941107560682,-3.7268182420731875,-3.650144587407016,0.45929897262075553,,39.84583883290179,39.59151528403163,0.6494028957094997,38.94211238832213,0.0,42.261480366727675,17.511402279081803,39.978836672064176,3.578600305447331,11582.399999999969,1337.1301704360271,1891.7859161135095,1331.138597347548,107.88061110713925
91,125,0.0,-14.56741210749489,-0.9331780508541965,-1.631066931206517,0.08261527723558444,,11.917928777867928,11.660216881893575,0.11396794696338475,11.54624893493019,0.0,19.530707521216584,3.1396704636161954,36.235075430312115,0.0,2010.833333333329,269.1085553337389,340.1146382443968,224.8233238946742,84.49621591184261
92,720,58.81018884205198,-5.608324495547378,-2.759904516949418,-2.3953927211790917,0.4495238171407742,0.22652529180049896,42.64468281902373,42.050701239844784,0.6506493659690022,41.40005187387578,0.35457987803965807,42.263875197445856,23.143387619801427,36.691725776839085,14.962568480114708,11582.399999999969,1265.484297870576,1852.871258750374,1329.4902926251366,126.78617917727642
93,720,68.63356786214796,-6.563396325737073,-3.07892217846205,-3.0064305499613933,0.47454504310294227,,41.51059471396729,41.23446081508882,0.6512696861755103,40.58319112891331,0.0,42.20014086785208,20.573307908059213,33.49562184134843,14.657894199108961,11582.399999999969,1348.3471306572517,1952.235015523447,1278.4613882867914,235.47757568616876
94,720,60.1761784359496,-5.201207265890726,-2.771834399462761,-2.016167677097119,0.4095941401967864,0.044527146965265274,42.213120692176744,41.65905187302269,0.6495118271559477,41.00954004586674,0.31093684886582196,42.26350062311558,22.525106361097663,37.86687185395689,19.98579669871087,11582.399999999969,1139.0708575353165,1689.9509475443692,1364.2837280883512,57.96808937544953
95,720,55.17614795527762,-6.7788943569037565,-3.2629251956213445,-3.050220601355832,0.46223898316314493,,38.99471074901521,38.74735788698308,0.6493527034763247,38.09800518350676,0.0,42.24725214586772,20.066104792295107,37.63303243717774,15.011260725414333,11582.399999999969,1312.3897750462945,1899.8054493909049,1262.897262868744,82.7011895659575
96,720,66.07687299933161,-7.610760266404108,-3.0139460453342095,-4.137690669320399,0.45570761009262944,0.0005917329108342528,41.33317886991426,40.78101323801093,0.6483883927576244,40.132624845253304,0.31046935194171965,42.2639104751971,21.235044447559723,38.9415388039746,5.096817645156442,11582.399999999969,1321.9667517221321,1878.0667627507264,1307.293163290892,89.83818921905488
97,720,81.52323567393334,-3.6416658181325543,-1.607988117695356,-1.5577884866760574,0.4721968124405276,,36.275021135108545,36.01864564814605,0.64804299431853,35.37060265382752,0.0,42.263612145207375,27.929058002558932,36.001172796311934,24.83295768601277,11582.399999999969,1270.296515895086,1943.4494173328533,1302.6198008297013,47.05215567923786
98,720,60.599241244138526,-7.001964984763597,-3.2012590354163644,-3.3310619345326975,0.4661061600754965,0.04973676800727844,41.064787805080414,40.50737536302768,0.6490560763049871,39.85831928672269,0.30924119311384857,42.262755659577145,19.492881927550567,37.235709602434895,13.488011345715309,11582.399999999969,1343.403888978839,1921.6114910122735,1316.9671995928752,130.93879242132655
99,720,74.91224994474935,-5.254850813624515,-2.522080265580347,-2.275946704988919,0.4534362092919157,,38.80606698198244,38.54452919983305,0.6512039678636938,37.89332523196936,0.0,42.263541531381904,23.403733361421704,32.70952512741661,14.06022849408242,11582.399999999969,1260.2508212998453,1869.1464339352979,1312.7373931643622,53.86963619645287
100,720,71.57736705341878,-7.555197247564687,-3.1918758516012358,-3.92655594757482,0.4333657120053168,0.10569734871387482,39.79355844296515,39.23941268911585,0.652725045569241,38.58668764354661,0.30987922195345163,42.20039133996547,20.407233034031215,30.155222275559794,14.067954125363288,11582.399999999969,1269.832975630366,1787.5004326803846,1341.4228801023453,87.49351200618929
101,720,66.97059662356335,-6.812203454556168,-2.990974519641073,-3.375330430471754,0.4424280577869616,,39.46860574907623,39.230793215101585,0.6495465603657067,38.58124665473588,0.0,42.26141644091507,21.039054210906762,30.183171411966242,9.800404049390341,11582.399999999969,1254.7558009287138,1823.731900135433,1334.5681075204227,126.65752845262074
102,720,47.86063543285904,-5.496823806639585,-2.9253369948701025,-2.1092429525938705,0.4587298642545165,0.06726555526256561,42.014325856929645,41.422787667950615,0.6486415448598564,40.77414612309076,0.30963221681304276,42.19415831629836,21.61256212347175,37.12204484058945,20.184015147374197,11582.399999999969,1272.2764567924962,1888.7527898556953,1321.8842643962196,32.913744928781504
103,720,72.85784289354322,-5.706916632283873,-2.7285845543871305,-2.57130532838622,0.4035767765974242,,40.606535057071596,40.34734347113408,0.6500469993334264,39.697296471800655,0.0,42.25886292885446,21.466582474070357,36.892046011821535,20.19836086345105,11582.399999999969,1152.900736577895,1663.3913892939195,1348.0151363002046,50.759511913859235
104,720,77.49383019327094,-5.131866181759859,-2.3425514461388577,-2.310222930064617,0.47512336768775254,0.1692720204591751,39.15149544994347,38.60712610394694,0.6502717463299632,37.956854357616976,0.3102928490843624,42.262110668908484,24.44572345460152,39.463723909712066,20.357172035849466,11582.399999999969,1313.3050459137787,1958.702553784283,1371.2698950547872,43.422011943879184
105,720,76.42610365869689,-4.947974509717909,-2.0925433033686525,-2.4067400578832543,0.44509370801885945,,42.136718922061846,41.88988667004742,0.6497229745145887,41.24016369553283,0.0,42.26350355221602,25.39086129812142,38.19520500197288,16.587340521193138,11582.399999999969,1237.1700463985194,1836.5849823242697,1369.4153623334128,91.61957086996134
106,720,73.91567219865716,-5.960462134492442,-2.1061236968544605,-3.4091230543169804,0.44191775610770023,0.04425623640418053,43.63966460712254,43.068613176001236,0.6492810640484095,42.419332111952826,0.30949787120334804,42.26368849910551,25.672532769139853,30.48204003252292,5.755114247402145,11582.399999999969,1253.384482631117,1822.7580401145824,1331.4464129692806,105.23202416971102
107,720,68.10219947490762,-5.020684024341459,-2.498934362259736,-2.0622468363604067,0.4559203744355494,,43.08606785396114,42.80291679291986,0.6507960699964315,42.15212072292343,0.0,42.2612598154621,23.54050920713233,36.38666636011772,21.040001178243312,11582.399999999969,1262.4099445139773,1880.5429455144517,1339.6528505093322,58.78588466069839
108,720,64.05537114428517,-4.96496316568411,-2.5633355332179537,-1.9572635184493998,0.4409143039785117,0.08595176786184311,41.739641526015475,41.18912429595366,0.6494747891556472,40.539649506798014,0.3092033169232309,42.26372944406658,22.89366902197992,34.06416921502519,22.88446655747085,11582.399999999969,1229.2055505913129,1817.1029049782403,1331.0175269572248,69.76149433087625
109,720,73.24531669571974,-5.4724948586730635,-2.6451141338534994,-2.3666972569232567,0.45730442201738614,,40.57943812897429,40.342535665025935,0.6507368634920567,39.69179880153388,0.0,42.04393884573894,21.85250840850376,38.70831065059431,14.67651214276304,11582.399999999969,1276.6968481300303,1884.9999511023302,1298.2728322757887,112.70369407973944
110,720,74.73746417517008,-7.135948037031085,-3.1093554244665715,-3.584679178906626,0.43872230003855417,-0.007648102473467588,44.281650277087465,43.70803190791048,0.6494331578724086,43.05859875003807,0.31072795391082764,42.26393277692901,20.061659326173885,38.06198177951906,9.576605078976376,11582.399999999969,1284.2454364168448,1808.1769694020977,1282.3683299360086,41.49569541695684
111,720,66.31938516806002,-4.246192509001962,-2.440042691090143,-1.4074595432232653,0.39524811404559285,,40.06106370897032,39.78713959804736,0.6520536891184747,39.135085908928886,0.0,42.2054273196019,23.662416058147492,37.52919719096216,24.686078808813477,11582.399999999969,1076.0014091192481,1628.9843489285724,1364.6414546071564,72.65153724398435
112,720,73.55834187880082,-6.022043444498233,-2.6362969137821572,-2.9197003185303103,0.4627115901228501,0.03155764937400818,41.69072159798816,41.11231367010623,0.6483057788573205,40.46400789124891,0.31092056701891124,42.2409418978367,22.763835645597926,31.907952473403306,13.635413572160274,11582.399999999969,1309.0336857589673,1906.5381834592097,1286.4820078022376,98.86331189332084
113,720,68.88951028508046,-3.8477878418664995,-1.6890212829511078,-1.692353709583271,0.4628582497003389,,41.04486460285261,40.78524027997628,0.6517290193587542,40.133511260617524,0.0,42.26367444432217,27.794024890102182,31.921581989348613,19.587786501658716,11582.399999999969,1256.9587663999441,1909.487307605369,1335.3786053158092,80.50829587930568
114,720,71.23417687947541,-4.421516343261215,-1.775419166857204,-2.1824488634410333,0.46002186271777823,0.09152303636074066,41.515369123080745,40.923095017904416,0.6491447321604937,40.27395028574392,0.3099268260411918,42.26358649805409,27.620048811081762,31.980413454207984,10.28038906599027,11582.399999999969,1262.669197053644,1895.3122863124863,1344.6607836738444,21.02415278500189
115,720,85.34401192363441,-5.405369893402533,-1.9102793064682069,-3.0292319907746785,0.4622124988614078,,41.42347134789452,41.17983235605061,0.6484462844673544,40.531386071583256,0.0,42.26373771641785,25.9008854988923,36.252527336354305,12.525789270192616,11582.399999999969,1299.020330629877,1905.2952830408306,1369.9157843016405,125.87763292716006
116,720,78.03456910770008,-4.140909420014826,-1.8573414024549504,-1.8229015500652246,0.45703503784588134,0.03902154788374901,38.54825458000414,37.99989437800832,0.6488454586360604,37.35104891937226,0.309819343034178,42.2636559113371,26.480633417881375,34.340939873029086,19.19809768781794,11582.399999999969,1253.1727671237393,1884.9639106357004,1357.95297026935,66.11896773579033
117,720,61.39540744358928,-4.279885806557325,-2.2293817440928123,-1.600436629832581,0.44676884701189323,,43.29599262797274,43.058313462883234,0.6499822488985956,42.40833121398464,0.0,42.26298179323883,23.591293091826138,36.53380050146077,31.97152656435612,11582.399999999969,1229.093067551611,1841.9437756753996,1300.920538865813,126.78432760365818
118,720,64.73205974898721,-6.597009724541595,-2.7295927492806267,-3.385940089954149,0.47785161098899187,0.1588122546672821,42.583257083781064,42.02365644904785,0.6494077597744763,41.37424868927337,0.30988426110707223,42.26357142002301,22.82779385331112,32.44975641751294,9.231675436518016,11582.399999999969,1357.6256878592635,1964.4912161207503,1264.6681383531454,258.1986074070449
119,720,75.60372350100594,-5.0520536602627635,-2.7099182429650615,-1.8808181862626234,0.45782293532838986,,41.23628706205636,40.96303991903551,0.6495472805108875,40.31349263852462,0.0,42.25292492547885,22.654204973609875,37.71154088096903,24.23181900768431,11582.399999999969,1268.7359490355336,1885.909976012515,1291.2794599946212,71.4510258362972
120,720,77.02640030586187,-5.177862082541642,-2.048768442562366,-2.675361203367427,0.45054018790096567,0.05613628029823303,39.416885582963005,38.86562776193023,0.6488059749826789,38.21682178694755,0.30974042718298733,42.26376441141848,25.80056949056099,39.52370048053031,10.573614484315355,11582.399999999969,1257.2684897475763,1858.4515469093167,1309.6866198620735,84.57799644907534
121,720,80.09607259777654,-7.0880993405524615,-2.4954126101995744,-4.121533271261966,0.46735773184255963,,42.84587741596624,42.58914157608524,0.6494369865395129,41.93970458954573,0.0,42.26361537976183,21.57121910559482,30.026119602784163,3.74158320005667,11582.399999999969,1360.5820770495538,1927.7567248558214,1387.5013341320537,29.103167967322214
122,720,74.50754544550686,-7.42038255714394,-2.5960121255866606,-4.362623395818897,0.4581067167130347,0.1506887972354889,44.29600009205751,43.696101665031165,0.649341878015548,43.04675978701562,0.309359529055655,42.263507538862285,22.22850651911104,30.297077830465106,3.2569837364934866,11582.399999999969,1328.7126799171836,1888.4845055796338,1325.7591832137202,63.64774624773346
123,720,73.80145509085307,-4.087410779791097,-1.8061184966274595,-1.852943343134577,0.42508110645934477,,36.5447772659827,36.293724827002734,0.6530968551523983,35.640627971850336,0.0,42.263435557755955,27.669528118428904,38.18878223658978,21.09898931502732,11582.399999999969,1168.3120102263488,1753.547013845531,1320.3435295492905,36.31475542073271
124,720,65.51584424686331,-4.7652197311291875,-2.148748158716705,-2.1650874304365826,0.4480218003702504,0.10135402530431747,45.198838979005814,44.61389543907717,0.651097362395376,43.96279807668179,0.31023581488989294,42.26381223858203,25.8651778736033,35.13692054220917,19.945381356997867,11582.399999999969,1239.419017004219,1846.426010179647,1323.7329095596288,68.92266499374168
125,720,70.02204202208668,-6.081997087931237,-2.8430170906107435,-2.776523282035474,0.4588466399629061,,40.584507782012224,40.335259951185435,0.6503823066595942,39.68487764452584,0.0,42.03849074687757,22.253785673905913,30.45348592174564,11.782593831410061,11582.399999999969,1291.8150558814423,1887.6940235680572,1312.8573717336506,71.92091799627893
126,720,71.50357012155098,-5.7470877494922314,-2.583447110711442,-2.6913543867385163,0.4687613906672938,0.05908302962779999,43.073422201909125,42.488826621789485,0.6495312557090074,41.83929536608048,0.3096062489785254,42.263452247282366,23.208889510451005,32.36155885765978,11.733766828795476,11582.399999999969,1313.1817885040784,1931.8426926640943,1339.1432382237008,42.7480342805276
127,720,67.50460572353431,-4.555631687769379,-2.2909588121381934,-1.805860392838004,0.455408002747126,,37.39559830306098,37.168455702019855,0.6505879766773432,36.51786772534251,0.0,42.262776659805375,24.416913598429467,32.82648409694109,24.714341527993497,11582.399999999969,1250.4689856682342,1878.884502523843,1333.6434310918114,19.659682020686994
128,720,72.06022843640505,-4.900390716460146,-2.503783987026229,-1.9332365776841811,0.45975597565246895,0.023485330864787102,40.29201885103248,39.830484729027376,0.6494490951299667,39.18103563389741,0.19181212410330772,42.25758934567143,23.505010988909753,33.34065774319989,19.218490831285433,11582.399999999969,1263.8969441683528,1895.3836688962779,1333.5996870950044,55.85127478819403
129,720,65.68082909846785,-4.741375250158536,-2.2228043301493075,-2.0566808350214054,0.4585253667625634,,41.4854435978923,41.239732563029975,0.6550491852685809,40.584683377761394,0.0,42.255963402938555,24.917094692449428,38.814208877194886,18.39816694237087,11582.399999999969,1260.0549189802962,1889.5664724337723,1297.5403543645305,199.00450948492082
130,720,71.2914717278474,-4.39891173255035,-1.951816326018426,-1.9831572115803642,0.46045696131197417,-0.02987702004611492,43.52652372000739,42.95595688093454,0.6511488105170429,42.304808070417494,0.30977954901754856,42.26341674747819,26.415731919807907,33.687768569668215,22.118286800174342,11582.399999999969,1270.7162185108702,1899.6636482461522,1324.0733115252312,135.06447017607746
131,720,57.57401149553715,-5.328044714178627,-2.739209850722548,-2.108265205843989,0.47694976527775745,,42.44882307108492,42.181738077895716,0.6498498599976301,41.531888217898086,0.0,42.26365240655537,21.294165169841442,37.5432231858852,18.274594516537537,11582.399999999969,1326.2977728031615,1963.8016415001557,1328.8438751305828,61.962926887010084
132,720,70.72048257187534,-5.604547914526345,-2.3460559728759605,-2.790628916192114,0.46415509046738485,0.03912786394357681,38.511896579992026,38.02368211187422,0.6489890175871551,37.37469309428707,0.25178629206493497,42.26384456968318,24.700388747744036,34.78602351623344,11.979665478586144,11582.399999999969,1300.8682114756023,1914.5905847514628,1328.3199363570154,62.573067740391295
133,720,76.11055519585787,-5.8201378414322615,-2.605227069288761,-2.7529970627848326,0.458500286491954,,36.13062360393815,35.88725100597367,0.6496463268995285,35.23760467907414,0.0,41.54749205942294,22.638342198912863,31.418757402436924,16.84691074498064,11582.399999999969,1300.8715656086824,1890.9447682995394,1312.7004473940165,39.75855094342229
134,720,60.161637905093144,-4.555957610108088,-2.4551001737417217,-1.6266954757707999,0.4707810580911362,-0.043682001531124115,43.885989976115525,43.330298569984734,0.6495319569949061,42.68076661298983,0.3090503129642457,42.08991834596459,23.38667294014382,38.46269569292425,22.446463185253837,11582.399999999969,1285.974266397615,1937.688483125739,1249.6507391900973,212.19131140508685
135,720,79.6150317283716,-3.8321197643827225,-2.047037675425693,-1.357489772518914,0.42408753701724455,,38.06664187484421,37.84518538089469,0.6494791717268527,37.19570620916784,0.0,42.26379024927642,25.76122931922123,34.5243854819894,25.491170494113618,11582.399999999969,1143.3890939118994,1745.7074534937815,1291.1233014410968,120.3061142050212
136,720,81.4159927015302,-5.6360493682459785,-2.3015131696631554,-2.8732488127836437,0.457665098848662,-0.0173629242926836,41.21578967687674,40.63043049303815,0.6488531376235187,39.98157735541463,0.3097137529402971,42.17528027041478,24.36785200214576,32.62472807743894,16.64831799087436,11582.399999999969,1295.347936591069,1889.725700116301,1378.28616137316,72.17262522438645
137,720,58.1588039884777,-5.367655550962599,-2.791187225056208,-2.153957159564267,0.41909451973112877,,44.11523579293862,43.87152200797573,0.6508522152435035,43.220669792732224,0.0,42.251588199332915,20.725853148508083,34.352908240599696,23.81365360902207,11582.399999999969,1190.897586734104,1729.1985533938212,1358.9895770008632,292.2089895632443
138,720,77.6205639717414,-6.107962174420427,-2.593371243188133,-3.0476816321635156,0.4634315913840712,0.052623797208070755,38.523270485922694,37.95370026794262,0.6494599371217191,37.3042403308209,0.3086459320038557,41.486051715177,23.38623282998097,32.88274058337709,10.117436013245886,11582.399999999969,1310.4892249105503,1906.1857552566173,1290.7955323785404,311.6770545044211
139,720,78.52593340286282,-4.118948582664812,-1.9079900410577033,-1.7622963324924652,0.4450233367910146,,39.69163154787384,39.44413995509967,0.6506082769483328,38.79353167815134,0.0,42.25929557641773,26.094006019010305,32.352755430603594,22.418012747185504,11582.399999999969,1215.276559955101,1831.8328873702555,1339.773690881204,160.3656490286099
140,720,68.3233385266255,-4.753106472220267,-2.249454323397394,-2.072525487035961,0.42737649019861873,0.012073415331542492,39.8509614020586,39.25342712784186,0.6495371060445905,38.60389002179727,0.31021747505292296,42.26175189810967,25.26079811887164,35.23625184554578,22.30203982536862,11582.399999999969,1177.1593566815482,1761.4137897557532,1370.8070132382588,98.24652966539395
141,720,85.38071166685626,-4.776696680627547,-1.8963139514134473,-2.5095162626907275,0.36770021289297244,,35.21432708692737,34.9615068428684,0.650030915858224,34.31147592701018,0.0,42.263359774105,25.498852143583136,38.4550214034038,17.513247565499178,11582.399999999969,1028.689880915261,1518.9960451193576,1358.4248420206495,38.1274410244318
142,720,65.7429658833408,-6.1930896641566475,-3.151309029419598,-2.613258735406891,0.42522792048926433,0.06311167776584625,42.07001042086631,41.45579179585911,0.6481090500019491,40.807682745857164,0.3099050149321556,42.09905818095089,19.74748074979768,36.706741770876256,15.417136825419467,11582.399999999969,1215.0429847102203,1754.3735529908633,1331.6999657544147,215.31279481995372
143,720,79.51919375750438,-4.163750058222234,-2.065877141085536,-1.6449141864935544,0.4497782846813275,,43.19473053095862,42.95211458392441,0.6527726948261261,42.29934188909829,0.0,42.25707019897852,25.441136520567024,39.550566881234495,25.315192136669438,11582.399999999969,1234.5671989021344,1854.981022798243,1307.0638519803729,159.74147778916048
144,720,67.57321254165906,-6.196117367430468,-2.9214863297478337,-2.8103967411236916,0.4607985317037486,0.0574803426861763,41.32149154297076,40.75048070610501,0.6513360717799515,40.09914463432506,0.30960074812173843,42.2622730455963,21.45363336616632,35.74868930162036,14.42402436675157,11582.399999999969,1297.232637120234,1898.9405651525656,1325.0372653705097,272.25901576799043
145,720,79.7619020128219,-5.297564896052921,-2.055000271192804,-2.827461989873135,0.41149781361170434,,42.57158380188048,42.318299874896184,0.6508278206456453,41.66747205425054,0.0,42.263749714246686,26.087630799372462,33.588940537532544,16.99909631660157,11582.399999999969,1165.491793178829,1697.2044386087634,1324.5525050838123,82.13844787013122
146,720,70.17610435444342,-7.164071751819243,-2.8693465508360108,-3.847228191430654,0.44394291086525195,0.09103060513734818,42.07113627693616,41.51839745300822,0.6494963883887976,40.86890106461942,0.31118106516078115,42.26343617611612,20.65106259563298,34.52496111512417,5.596945906070036,11582.399999999969,1295.5252504001091,1826.0390728466919,1261.947875136347,307.93727114916436
147,720,65.90650071767227,-6.847330783483639,-3.035883040066839,-3.3694219741651206,0.43846675198626134,,41.70101570803672,41.4640517400112,0.6484465086832643,40.815605231327936,0.0,42.08970560489983,21.38421304163209,31.728863795037032,6.500168011317725,11582.399999999969,1262.7946295301333,1807.1989627371345,1317.7522130184436,112.6493145483449
148,720,76.02360600971579,-4.280228665841344,-2.4962465595834056,-1.3521643002698063,0.4283751094470502,0.24052558839321136,41.05731224408373,40.49201647914015,0.6492140849586576,39.84280239418149,0.3106737141497433,42.26012492013558,23.832700021194686,37.11664645423078,24.282486217469852,11582.399999999969,1164.9985022436933,1765.4636441186165,1314.4208633110177,201.48559233538657
149,720,63.055797635311805,-6.787834826745796,-3.0213512372884987,-3.2946161837306907,0.4682064550101036,,39.05290879518725,38.782666692044586,0.6502729440107942,38.13239374803379,0.0,42.26387954501755,20.989138900553463,38.96731959427854,10.511452574570779,11582.399999999969,1333.0168729702714,1927.684727656459,1301.3133498430884,291.29424430848644
150,720,82.5417722559105,-3.347661251577509,-1.555728841551551,-1.3749506728700556,0.4135525007047069,-0.1622958928346634,35.166071930900216,34.613119368907064,0.6493701089639217,33.96374925994314,0.310221578925848,42.26313420164568,27.73894233372461,35.10765684328976,31.112234160938083,11582.399999999969,1127.6827886714925,1706.9361801968519,1357.412862268914,16.218706087773977
151,720,72.42968546087958,-5.278147308924705,-2.6046671435545505,-2.182456034872026,0.4874442757450365,,40.181335610104725,39.89582537300885,0.651575981406495,39.24424939160235,0.0,42.26306781594718,23.498889923842004,37.346340429270505,26.77930152132439,11582.399999999969,1349.7299951613243,2003.6199833526719,1271.8796407199839,155.09274143240887
152,720,71.07117526737274,-5.687081674768413,-2.9220782702670105,-2.3315509082810406,0.42994608222298786,0.022914061322808266,40.76433302881196,40.20200396515429,0.6514851523097605,39.55051881284453,0.3099586449097842,42.261617987501396,21.450498826708717,36.53252654795974,12.071856853962743,11582.399999999969,1207.6239071424527,1771.5976376376775,1341.3338407912725,278.6432000446345
153,720,70.53520570744352,-5.770634985615905,-2.4612118670699163,-2.853822590792224,0.4518347485927474,,46.354384292149916,46.050300787203014,0.6539430697448552,45.39635771745816,0.0,42.2620477142267,23.103056552952918,36.622869593923056,8.285139539895388,11582.399999999969,1285.1367283631732,1860.0950204659878,1314.9920696660784,207.82597981975016
154,720,58.44455037658689,-4.745212499346985,-2.3259210678227924,-1.9921073132412626,0.4233218381715814,0.015878522768616676,45.05054174014367,44.447677402058616,0.6517336487304419,43.795943753328174,0.3103195719886571,42.199831167295166,23.836195971142054,31.671330125653746,14.808196206471383,11582.399999999969,1170.4032353631405,1746.0896768006119,1366.3833281855975,227.46146050706923
155,720,63.42968923277456,-4.361443801663831,-2.217028788621948,-1.7426040875619069,0.3981749111401437,,40.508275161962956,40.2546761110425,0.6542184599675238,39.600457651074976,0.0,42.26349473828285,26.14702712868781,37.78535843532911,19.12256599918253,11582.399999999969,1088.744173598989,1640.4287159135486,1361.130510775625,73.31619460050234
156,720,76.10177584364118,-3.428745026431967,-1.3617425368497902,-1.5684875979924984,0.49439048468287783,-0.05442759394645691,43.29657107591629,42.72898144996725,0.6505349366925657,42.078446513274685,0.30964812682941556,42.263761332457015,29.633352598299123,37.97838847739108,19.24295282964708,11582.399999999969,1329.36448010613,2034.722152277224,1331.0480559980765,74.67917249559109
157,720,65.35795666525236,-5.046892950801285,-2.448194065033308,-2.1068267926365234,0.4878674289150529,,39.41151548898779,39.16904785204679,0.6506113992072642,38.518436452839524,0.0,42.26355746179939,24.5149124519609,37.534542817933854,16.038671309556136,11582.399999999969,1342.5624141915207,2009.1070230801638,1327.3471364145441,58.38016250666212
158,720,79.6146520921416,-3.2465545612495754,-1.4829646314517784,-1.4015070272600776,0.35839172277842846,-0.06797189265489578,40.096101080067456,39.534681933932006,0.6497153842356056,38.8849665496964,0.30988299404270947,42.225695127694486,28.33799443251306,38.15272927571048,19.688995311528082,11582.399999999969,969.3787051679935,1480.5126828680723,1408.629230674552,57.96969407950784
159,720,78.12245801447558,-3.8271311025204686,-1.869961166694621,-1.4803240272568423,0.4730764822808217,,38.43307667900808,38.1824899809435,0.6530884450767189,37.52940153586678,0.0,42.26377203946188,26.609323138158196,34.90079110623741,27.05911585300188,11582.399999999969,1278.2935731394716,1949.4551584341825,1332.7749917895335,58.03140749155353
160,720,67.64668994580897,-5.4843431326215075,-2.683678963231343,-2.3127531213564883,0.48414438331523013,0.049452923238277435,43.15343542187475,42.601507602026686,0.6509286703076214,41.950578931719065,0.3103536169510335,42.17178956788138,23.219159966729137,37.50336226162086,18.62117963062062,11582.399999999969,1347.7337846364717,1993.429062759388,1315.0121299265468,237.22015094790822
161,720,49.59094533398659,-6.522531542760864,-3.0065939721464594,-3.068671009093881,0.44351803691061287,,39.68920280598104,39.40514393011108,0.6520753221120685,38.75306860799901,0.0,42.263908308569455,20.4514039369291,35.25695180549137,4.181753704772069,11582.399999999969,1268.165798788738,1825.336610986879,1281.3878896650417,172.09386816522007
162,720,81.26631263734353,-4.010625207402992,-1.427209094410604,-2.11202403089721,0.46765449639122764,-0.0707445964217186,38.47147588804364,37.902977938065305,0.650533564388752,37.25244437367655,0.31039910204708576,42.26359896681985,29.375083454315458,36.048439062385256,14.169139759481306,11582.399999999969,1281.4191267056437,1928.9139600522788,1369.4745370401909,83.98743403725125
163,720,64.87767441104405,-5.116471285749938,-2.6360247974116744,-2.032447881746602,0.444277884963069,,40.7066545879934,40.48095212504268,0.6509576386306435,39.82999448641203,0.0,41.652353389341684,21.927623270770862,37.946299306314316,23.064866482738836,11582.399999999969,1243.7226490265634,1834.728131144023,1373.5131540131936,66.7886481994908
164,720,83.33773420893164,-5.269633422029531,-2.2706192432917307,-2.5171970601360516,0.47827678111654964,-0.053907476365566254,36.4830843040254,35.91163413901813,0.6504124763887376,35.261221662629396,0.309922062093392,42.26122380447194,24.216062567336024,38.15016733244671,15.124932057499265,11582.399999999969,1332.1215049071318,1968.1885531879266,1318.0078836409637,56.16455346731327
165,720,78.57322109568169,-3.5313114217434705,-1.5651049419444254,-1.4818233911505985,0.4801842843043623,,40.2299227360636,39.97089303797111,0.6519097585696727,39.31898327940144,0.0,42.263021414428025,28.74768904985122,36.867555610092204,24.128865996604986,11582.399999999969,1294.5952268106473,1976.8899389060143,1345.7825556710027,54.946767018181234
166,720,73.25668155109226,-4.509038312591971,-2.3410885571782907,-1.7099501250800178,0.4545852788132784,0.027670305222272873,41.558991538127884,41.00419066706672,0.6512753658462316,40.35291530122049,0.3090802279766649,42.26383042990777,24.403262870364742,37.02988847649868,25.230692821735236,11582.399999999969,1247.2170988073754,1872.6265081197223,1282.45001724712,91.37954576209972
167,720,57.61651886106225,-5.664278546351202,-2.2642440238438355,-2.9350176270823116,0.46146182702120475,,45.63709147111513,45.36399926501326,0.6522543411701918,44.71174492384307,0.0,42.2634282516576,23.93515066849611,38.050669055093366,7.586990363769646,11582.399999999969,1301.177943541409,1899.6009969365211,1304.087278563765,243.48765721908916
168,720,72.12226580549937,-5.821716701448808,-2.9317410408445155,-2.4965433004339443,0.389882142017218,-0.039334457367658615,38.057013429002836,37.49481943389401,0.6508151746820658,36.84400425921194,0.30899611790664494,42.26339348453079,21.565170252198463,38.94866390215471,18.415076889828878,11582.399999999969,1089.8313239724953,1607.5007880768126,1324.3742839711958,180.54775003150954
169,720,73.86450844393596,-4.184164808772959,-1.6032825259981542,-2.167371363544054,0.40992821985461436,,36.12451756792143,35.88733600010164,0.6495267716236413,35.237809228478,0.0,42.26281093948238,28.728107306003782,30.704246808702116,16.671662651660178,11582.399999999969,1143.4654376121455,1693.1177080757898,1410.9172043823746,146.94166741225098
170,720,62.382418911754435,-4.005214010724245,-2.4132404174912687,-1.1504989892087554,0.4376467459284322,0.12031064927577972,39.94433268811554,39.370844471035525,0.6498417912516743,38.72100267978385,0.31287732580676675,42.112353735248476,23.21409971373014,35.710015302516105,30.324365670141113,11582.399999999969,1189.3155486426126,1803.5767627529933,1354.0160974217927,98.46474508449707
171,720,83.06500603362691,-3.457515287123486,-1.7673607248736434,-1.2903882046583681,0.39593996417505556,,38.82928373198956,38.56381443911232,0.6506092629861087,37.91320517612621,0.0,42.26338690633667,27.12851581842221,37.03339432601657,29.106541609239333,11582.399999999969,1082.990456362648,1631.8007495027707,1381.835098490549,140.60411820108868
172,720,78.69981296539117,-2.330420753919002,-0.9055869853099784,-0.9540738746099647,0.46691767888076663,-0.11722595244646072,35.29033090593293,34.70973781403154,0.6497273449786007,34.06001046905294,0.3092299411073327,42.26358052160885,31.467477254510797,35.6762234805977,31.661341522265403,11582.399999999969,1237.670874117254,1924.2430939739388,1339.558991066623,117.51502821730779
173,720,75.32130856388667,-3.5448112728265757,-1.6381714117202582,-1.4116525579248362,0.49099292275951534,,38.622305357130244,38.382678939029574,0.6507284888066351,37.73195045022294,0.0,42.26376091816114,28.214916019314302,30.34354019043747,25.67059988091409,11582.399999999969,1318.770952228991,2020.985510383812,1310.9219341692103,80.56309477514705
174,720,74.14483080109892,-5.514141635525189,-2.5385884105033716,-2.487574144844587,0.4840787865687068,0.08008086681365967,43.41089050285518,42.83354333299212,0.6521403265651315,42.18140300642699,0.3079150130506605,42.25248573270515,23.485563086880124,38.60074250767337,18.929416862238817,11582.399999999969,1344.0979774672703,1991.534130178774,1319.8528593348224,65.80578866235926
175,720,81.04300919374218,-4.875042852668472,-2.1436968517365713,-2.2764951308527,0.45125192970371625,,40.557272559031844,40.28754261904396,0.6503778996411711,39.63716471940279,0.0,42.26304277043979,24.705777049521775,31.950636675401988,19.95642057827123,11582.399999999969,1258.4431299804453,1855.3997590609051,1286.8228513137733,181.43329101279053
176,720,80.50802206200895,-5.483792040617632,-2.0249513559593093,-2.9950523975620165,0.46022410317527074,-0.0380294993519783,40.23467880487442,39.7962716340553,0.6496735962573439,39.14659803779796,0.19343574717640877,42.263845137355624,25.8189074181635,30.012409509413153,10.268468635182153,11582.399999999969,1297.775418126187,1899.8650702717935,1359.633715652277,18.961953569108676
177,720,79.94463922074296,-4.280626228670097,-1.9368809001912501,-1.8654586369553838,0.4742871211412373,,41.98781947302632,41.74452320393175,0.651671104831621,41.09285209910013,0.0,41.82931733682259,25.957351784817334,39.85122182208456,25.228918546032958,11582.399999999969,1302.401660430356,1953.7744314652352,1337.2094810326664,155.69529515677436
178,720,82.82804352268876,-3.73969566604763,-1.6360578862552604,-1.6354497148439344,0.4646182252759466,0.0747566893696785,39.61457481794059,39.04077051603235,0.6499871520791203,38.39078336395323,0.3109703599475324,42.2636281302193,27.61759553515976,33.96449695418586,20.819618392153206,11582.399999999969,1260.2081150232525,1913.7224893943185,1336.366467675869,101.57805854908035
179,720,37.98012844039295,-4.351056815931363,-2.5155849672044703,-1.5002396261960085,0.33145923629965146,,41.935050430940464,41.66759235598147,0.6504870008211583,41.01710535516031,0.0,42.263398513750595,24.629484882392493,35.25256957158264,27.184527106179097,11582.399999999969,915.8925560238697,1362.637245635658,1309.0764513616227,51.7826683569809
180,720,69.46450457373284,-4.792168236313125,-2.7040642153385717,-1.6308075307307757,0.4534935353802064,-0.10334467142820358,44.39485395816155,43.81191247119568,0.6503705668728799,43.1615419043228,0.3086628320161253,42.26244244038758,22.42389524114811,35.73308207625388,26.009283533270484,11582.399999999969,1245.977582764972,1864.3862621344472,1304.815806388406,74.68806659409663
181,720,85.73792359735923,-3.431503683297372,-1.45927490028805,-1.501384827057777,0.46696765739585533,,39.54326492594555,39.27930938103236,0.6503295057918876,38.628979875240475,0.0,42.26370928993872,28.245859510206174,37.91763218025614,26.96053789432526,11582.399999999969,1260.6318152170138,1922.8391741801809,1356.6087455013007,265.1219858178538
182,720,45.826709634884324,-7.46303872117146,-3.7513692374542984,-3.3275624857287647,0.3807141514243282,0.019620785489678383,48.97367652389221,48.43877687188797,0.6509711814578623,47.787805690430105,0.3104535648599267,41.72326110830131,16.079504102812884,38.478319224719485,17.70941419120866,11582.399999999969,1122.848810031721,1566.9384551908645,1300.675368144536,122.87559431966889
183,720,78.42786901503626,-3.7457287062428164,-1.8874480306317072,-1.4536746794019246,0.4007143576021863,,41.40742958104238,41.14985072100535,0.6520880018360913,40.49776271916926,0.0,42.20544016901377,26.893452449942853,36.79513939438568,26.188530552332594,11582.399999999969,1086.9199989766464,1646.9534341598767,1345.5688115313312,197.80449767035958
184,720,71.37791798417598,-5.311435083958481,-2.559462588023802,-2.2969014967824957,0.4513316614823143,0.04589775204658508,38.787643124116585,38.3678523870185,0.6510702769737691,37.71678211004473,0.1939721500966698,42.21358916152829,23.49758371409008,32.16776692053153,22.469085367402354,11582.399999999969,1260.488572578866,1856.1362963519534,1271.1598289977373,323.2968084721073
185,720,79.13454092171295,-3.7741770805276578,-1.8025383113273192,-1.6238082269264527,0.3444217080396934,,39.6827797528822,39.43862088699825,0.6509271531831473,38.787693733815104,0.0,42.261717680300194,26.925835894044024,32.79351439784702,20.64214905387888,11582.399999999969,948.0459690180863,1415.4794542877867,1273.154429695013,158.18898499362274
186,117,0.0,-14.579413360766448,-0.7966765813646052,-1.636396974950196,0.0658205480866219,,11.962388070998713,11.72375053493306,0.10684062703512609,11.616909907897934,0.0,17.800946326921977,2.503536472885988,34.9498845632609,0.0,1882.1399999999962,213.63495112290738,270.2138697616726,177.95659798254115,104.31521300960071
187,720,80.86555632720237,-3.504343562058444,-1.7443339528506372,-1.2818749268015779,0.4739939661156441,-0.03338977321982384,41.55352599895559,40.937028074869886,0.6515486196149141,40.28547945525497,0.3550963499583304,42.26339664118156,26.3214350274667,30.120988484504394,28.29353451959516,11582.399999999969,1271.8587976704328,1947.4136405397455,1289.915219783382,321.3687021779967
188,720,76.46000336531382,-6.348340563380208,-3.058112671261106,-2.938956779985352,0.34765845435445725,,39.56153861596249,39.29872232815251,0.650233548367396,38.64848877978511,0.0,40.6860800711082,20.79164624946155,32.422971283364404,12.980782054488623,11582.399999999969,993.3384418714561,1424.7628614384669,1252.6271437575238,260.5835963636859
189,720,54.010571577135465,-7.7157172127110725,-3.640099345257599,-3.72867866298406,0.34327934599978477,0.19115857779979706,43.41633043810725,42.825297008035704,0.6499067866243422,42.17539022141136,0.31016577198170125,42.26337738754874,17.8671268652074,35.14160718035663,11.003308160321032,11582.399999999969,1026.2162309422529,1415.7056088589295,1372.697639505097,98.27842111192503
190,720,78.7962994288719,-4.72356862842033,-2.280871796295837,-2.013270432662145,0.425489875587468,,39.12344763497822,38.87094313185662,0.6551110674627125,38.21583206439391,0.0,42.247156484753575,24.004098173096832,38.79363430961369,31.37845102757663,11582.399999999969,1179.299320225344,1750.734620906958,1357.7084765826478,207.932524810834
191,97,0.0,-14.433482111166054,-0.4804648256408369,-1.4093706201714538,0.06322745975688775,,13.426486549898982,13.155722639057785,0.09202138450928032,13.063701254548505,0.0,27.896883367997557,1.9517609557667732,30.725618642891522,0.0,1560.4066666666645,207.43985937248382,259.3227050656901,171.9556332639523,69.448586603382
192,720,71.7778200713573,-5.179965459823193,-2.5238884357853957,-2.303524328915366,0.3490030444910693,-0.14837951958179474,37.95239841192961,37.41040545492433,0.6501029431819916,36.76030251174234,0.2860805978998542,42.26319661991717,24.06952374270537,32.999286525637764,8.782634445742895,11582.399999999969,976.8726742181495,1433.5788154747438,1324.6011876357716,161.31290257284
193,720,53.311111659937474,-6.085078556044154,-3.232011186612994,-2.469146196689247,0.3801976905503791,,41.838303812080994,41.59466586285271,0.6497406288981438,40.944925233954564,0.0,42.239212594495534,18.083677109495635,39.727635980940015,17.72638991811674,11582.399999999969,1086.330401270371,1561.73323507744,1267.1494762580478,88.10666312198786
194,720,51.47156412793825,-5.255281145945024,-2.900410526760641,-1.9873395397131164,0.36391545731082076,-0.08412152528762817,41.33047662698664,40.775569398887455,0.6472776308655739,40.12829176802188,0.31095030810683966,42.1777653154382,19.33178657570147,30.41766698346189,21.47169505816362,11582.399999999969,1035.1447910299353,1498.126628345381,1338.9073448590534,81.21622694964026
195,720,72.43211090662525,-6.1281072167308075,-2.2430049506371947,-3.466730454159889,0.4150765215181018,,38.203441312070936,37.98645772994496,0.6528721903450787,37.33358553959988,0.0,42.2633728720465,25.303429295155432,30.422538429908542,7.037693575864727,11582.399999999969,1203.3597540278408,1701.865235554695,1232.8401244623865,474.6758834286294
196,720,67.69852695222833,-4.4565420716663695,-2.298247217772427,-1.7252194977973507,0.42953873138037224,-0.007776311133056879,40.71328870393336,40.13076260499656,0.651565097970888,39.479197507025674,0.3111064787954092,42.25364051304035,25.884876024320906,36.02857537156345,22.581079267994422,11582.399999999969,1173.93027231719,1763.8389271989686,1276.76373461805,387.6513546021406
197,720,85.57855595418717,-3.6964560855437987,-1.7178126968899845,-1.5727045798513204,0.4019655602498406,,43.41775628901087,43.12271611299366,0.6524417549371719,42.470274358056486,0.0,42.251394348469226,26.604848845808572,33.99864639186749,20.352676499870277,11582.399999999969,1091.8970053994842,1651.970079497372,1277.48006205214,179.14903257971298
198,720,70.72610202510958,-5.1362480668065125,-2.714392528113951,-1.983222333545017,0.4350899818295664,-0.06690732389688492,45.63676870497875,45.12506117578596,0.6504270737059414,44.47463410208002,0.2518105630297214,42.20544590455097,22.577745319568486,38.27156157539571,24.695463558862212,11582.399999999969,1214.5449951916337,1788.4246162911652,1306.470042226282,372.4301641360534
199,720,73.6100522759801,-4.4526199182003605,-2.3523465796596366,-1.6350949136443007,0.4614296259111908,,38.803799546090886,38.52931649889797,0.6509292866103351,37.878387212287635,0.0,42.26343613213906,23.876463291908987,33.42682319221195,27.012042043158985,11582.399999999969,1264.8773869096842,1891.5071095728736,1231.1476608193611,369.6007401996635
200,720,81.12139909605081,-3.601542296842211,-1.7229644237387194,-1.423055079892105,0.4514602193713316,0.08811529725790024,35.74219321506098,35.31131100188941,0.6509702501352876,34.66034075175412,0.19389634090475738,42.26300181211524,27.138943009745187,30.615016664295002,24.0610905481022,11582.399999999969,1218.9090609767402,1854.12827461718,1256.3062399907988,165.78679996724776
201,720,68.17248652635428,-4.51339802822765,-2.4937902953365834,-1.6118122216680737,0.40406514118115433,,38.7345912118908,38.4711263529025,0.6503071272745728,37.82081922562793,0.0,42.26050815965274,23.535515791406915,36.06709014017417,27.39815960518165,11582.399999999969,1115.1227058036932,1655.3023285320771,1246.2489770939953,309.3198237046965
202,720,86.04296288067907,-4.483437258927152,-2.037195926572377,-2.1118160531005166,0.330802591791009,0.06144139543175697,37.6127039140556,37.05371809704229,0.6490388396196067,36.404679257422686,0.3092439351603389,42.263373963446675,25.813321101369926,34.10833231376394,23.69550398174901,11582.399999999969,919.4929041773169,1355.7040740782859,1287.0202729592763,157.20970070015903
203,720,40.18117370435082,-8.319075298625474,-3.8219553358762797,-4.10884623584793,0.38449308604106086,,40.66880508698523,40.411064507905394,0.6501618858892471,39.76090262201615,0.0,42.069853140819745,15.993011364351531,35.0675379495746,19.299414367239944,11582.399999999969,1156.2196969995548,1577.9594569511357,1292.0125487706077,263.2682440293168
204,720,72.80531260136046,-5.318365493914659,-2.186292484002847,-2.749645274685784,0.3786772649925839,0.1910737156867981,41.371906547108665,40.786563330097124,0.6484062732197344,40.13815705687739,0.30965691711753607,42.26340261622454,25.354412127971717,32.3306955248165,6.259404489302002,11582.399999999969,1061.3119392379097,1556.791405258218,1307.5950135981686,277.30696215917936
205,720,62.17424008510064,-4.705756853371509,-2.700311390053682,-1.66473384391021,0.337186062915602,,40.036496025975794,39.78807346499525,0.650912088342011,39.13716137665324,0.0,42.26337851754767,21.915062864841058,36.67784416100615,32.57854701884411,11582.399999999969,944.4009030319091,1383.5626512626084,1277.286877133134,203.6409404638737
206,720,61.6199358596879,-5.188121403235376,-2.93702161392595,-1.8637767813046404,0.38395894663444563,0.029753774404525757,41.255630371160805,40.74540262110531,0.6516409197356552,40.09376170136966,0.2522462180349976,42.262036704728104,20.71506050852153,33.35568330296588,26.204505217052,11582.399999999969,1074.4405328378868,1567.7174096190736,1133.819347520375,418.9507586655037
207,720,67.10191331772982,-5.707921338498304,-2.7373324501275498,-2.5699671850600296,0.3967304350602073,,41.875707091996446,41.62947471719235,0.6509813817683607,40.97849333542399,0.0,42.24990771459209,22.515772500367536,32.03600130305744,18.15867681181304,11582.399999999969,1125.9128526544212,1626.863405339178,1248.8498998034659,167.511094440436
208,720,61.82249377418413,-6.7980843175619,-3.228030851505043,-3.083766912619698,0.4824972873279634,-0.0035278943832963705,48.435487712034956,47.833143884083256,0.6524359963368624,47.180707887746394,0.30917827505618334,42.25127446384682,20.292236825515367,33.89085680178223,6.844039904821704,11582.399999999969,1360.7308124954498,1979.4004626378653,1232.7208465276697,441.20651579484877
209,720,74.8894370094606,-4.070455493163769,-1.9948143883893896,-1.739986026284832,0.3319478936514931,,39.598954835906625,39.34743392420933,0.6486777090467513,38.698756215162575,0.0,42.262729119604835,25.728848693457408,35.30816698625942,25.525663969986855,11582.399999999969,924.0329988956415,1365.3059064474114,1402.156124513164,206.70562918355967
210,720,68.97999287203103,-5.166814549854333,-2.777287210963453,-1.9415516040574097,0.4442633701442246,-0.0027923297602683306,41.04803052707575,40.605650221928954,0.6474710898473859,39.95817913208157,0.19323445204645395,42.263393428372225,20.98772839705345,31.97342950889434,25.755968404315084,11582.399999999969,1250.448868035202,1822.2954946452112,1228.7262644871519,378.2588998517813
211,720,88.69261547451771,-5.2754667572669955,-2.3655509418523777,-2.4934220747546894,0.41300074805913756,,39.70291768806055,39.470523711061105,0.6514947996474802,38.819028911413625,0.0,42.16795718311649,24.054935652921237,37.38551774832312,19.287203023013472,11582.399999999969,1169.7046326222858,1690.4724575173666,1205.0132990464256,454.16313898031973
212,720,77.23863795965897,-2.300038830555491,-1.0306531846413032,-0.8998346570675202,0.36587260814410266,0.04337465390563011,38.22347288997844,37.6675633310806,0.6507412341888994,37.0168220968917,0.31101303291507065,42.263377382689605,30.25028080791551,37.50886448022838,30.777628246452238,11582.399999999969,988.9741657788502,1506.715725064161,1369.5998033229173,54.6058607571988
213,720,65.44068428570954,-5.618123068015004,-2.721415160837551,-2.5608737108998048,0.33242443827480805,,39.65495403506793,39.39887384790927,0.6541026034392416,38.74477124447003,0.0,42.26337398766944,23.294302250353812,39.57334172891902,18.146156177794172,11582.399999999969,935.2281630205217,1364.231444878956,1279.6815369365202,192.607269264584
214,720,45.35358900789737,-8.49598763375341,-3.50498685746271,-4.599829811931386,0.38723375025343065,0.01852407492697239,43.23862979817204,42.688327317126095,0.6495851469226182,42.03874217020348,0.31055402802303433,41.73222571460073,16.101660224008043,31.86531611832037,16.83467008739378,11582.399999999969,1156.4549332048095,1590.2266741701735,1260.871292843694,235.23832058167815
215,720,67.9459967955427,-5.439688854973084,-2.6036962245240445,-2.533568904485076,0.29897062431079324,,39.595204500015825,39.35145096783526,0.6517942487262189,38.69965671910904,0.0,42.263372850295255,22.65230855754245,34.35212642546432,15.200956410784475,11582.399999999969,841.5922785873742,1228.3454754017662,1343.2644353975518,43.58365272021141
216,114,0.0,-14.555044552070502,-0.6069710252054384,-1.715422845421285,0.09207916615359674,,13.026751565979794,12.77685711090453,0.10409269505180418,12.672764415852726,0.0,20.461969083015823,3.8624210113489426,31.55651729522848,0.0,1833.8799999999965,296.6140576644622,376.35723524748846,168.7050515076236,193.11295488010634
217,720,76.76813501746082,-6.988645784219907,-3.0393347471301295,-3.5981410987506055,0.34749691747052525,0.17256492376327515,39.41465362114832,38.80769204488024,0.6509609513450414,38.1567310935352,0.35374847310595214,42.25917505082567,20.019471543786498,32.25633423231483,14.131662044806003,11582.399999999969,1023.1209540321013,1429.2261421030362,1363.910273828404,255.58830007169067
218,720,67.99290592618506,-6.095271058130954,-3.1103222551253813,-2.631079610756823,0.350331322748226,,38.73629355686717,38.46495762001723,0.652366443304345,37.812591176712885,0.0,42.259844990388906,20.506321283375016,36.86209913079153,24.05426825563302,11582.399999999969,1013.6662177939521,1442.6938133808058,1356.091697910842,152.39005172270657
219,720,75.56806866982994,-5.199067923975354,-2.693406030237901,-2.1288103066938904,0.3733406156841399,-0.05628759786486626,40.68053858191706,40.13764051091857,0.6526465935166925,39.48499391740188,0.30992433498613536,42.2620872324867,22.383822292689885,39.5720971833124,25.6104367170577,11582.399999999969,1060.1597911221097,1534.017484208908,1280.187091597862,208.73448817750904
220,720,68.49778324362796,-5.998627252508321,-2.9909161211940405,-2.6283040866495813,0.3758213740290026,,41.225680322153494,40.9400298090186,0.6514887458179146,40.28854106320068,0.0,41.92246344454902,20.52619993866133,32.5547574359769,14.964398861869238,11582.399999999969,1075.1388129191841,1536.7382240016163,1187.2768690924263,350.3291250761708
221,720,68.41935607122471,-7.7223552082021625,-3.4232352672651856,-3.9872197231883892,0.3086352383588857,-0.09954574704170227,37.26636169780977,36.78311368892901,0.6509187987539917,36.132194890175015,0.24831866705790162,40.934903168287406,17.35456800585417,32.51625576278973,8.623326439397928,11582.399999999969,919.5218665860513,1264.3634173677183,1245.4539590148568,125.50908129812346
222,720,70.38872611699357,-5.419050522921923,-2.6469790687759494,-2.3578450272490494,0.4103826006491897,,39.14048678218387,38.89763535815291,0.6508916630409658,38.246743695111945,0.0,42.23556513030273,22.763492305687315,37.975950911391145,14.958433895629565,11582.399999999969,1157.6460765030627,1683.033627869216,1269.4561878541117,240.71154549823297
223,720,69.5303899069949,-4.955845419464135,-2.434628795413261,-2.0656203000134408,0.4517268325458277,0.07963485270738602,42.83071423508227,42.4067224978935,0.651490583550185,41.75523191434331,0.18992824596352875,41.67039724275968,23.406733093467512,31.933527022755072,28.779025190424353,11582.399999999969,1273.4223186382349,1854.0872954810307,1240.291692044913,266.5944143928768
224,720,61.98386954460573,-6.021667717966162,-2.7587897476137098,-2.8890380971730147,0.37032966506136444,,40.503543082857504,40.249387747142464,0.6499854021240026,39.59940234501846,0.0,42.26318349672968,22.029188403826968,38.877275151083325,6.88396447273001,11582.399999999969,1068.78233132516,1519.294626834667,1316.1543691910788,376.9131015705211
225,720,55.261670021248634,-4.871624362118844,-2.815517385890766,-1.751671490480521,0.30111661085129315,0.0016979107167571783,40.83515835204162,40.27581872907467,0.6504613619763404,39.62535736709833,0.31069269380532205,42.251919192741326,22.39764118444702,37.23501536066187,19.246007801444183,11582.399999999969,825.1611136012457,1232.9720015747976,1221.0459105873902,113.60683847315858
226,720,69.376528841669,-5.810719919817337,-3.0449487030014644,-2.3857950894127633,0.37650683964570686,,39.44540126482025,39.20980546507053,0.6506005928386003,38.55920487223193,0.0,42.19109642352912,20.84273306139468,36.09175993883123,17.46217406970449,11582.399999999969,1075.8446587941187,1545.7221709712671,1241.7694744008677,221.75352301105784
227,720,73.0986858024386,-6.1299758907343245,-2.2848982617140203,-3.39449415917046,0.44668411522983237,0.13386815786361694,45.160970504861325,44.58245975198224,0.6498635571915656,43.932596194790676,0.3101300138514489,42.26339227407238,24.34703076657822,36.52584296997601,10.458273743140264,11582.399999999969,1281.4840515595367,1830.74444933089,1227.5760475091881,460.60050529924314
228,720,83.46666756367401,-2.5385059136891797,-1.1374780008900345,-1.000117074522916,0.3970100143346416,,40.44881602888927,40.20671186503023,0.6518179015256464,39.55489396350458,0.0,42.26337284303887,29.462307113055033,31.84254590389502,28.668925859788715,11582.399999999969,1064.2941631649292,1628.1039690025013,1217.3324325161827,228.9180349898314
229,720,78.70879717232788,-4.858398070580262,-2.035121108061102,-2.4533299592475815,0.36629342742711174,0.06265419721603394,39.34061430883594,38.83411633805372,0.651409501908347,38.18270683614537,0.25158187793567777,42.26338309580978,25.530447762522822,38.21037038105917,26.63637614200665,11582.399999999969,1029.1154506998125,1498.637293752842,1218.601391267568,330.7522131409875
230,720,69.75802429379678,-6.627553251779183,-2.8545812502863934,-3.3621855578435813,0.4069305583969621,,40.749055340187624,40.49793217005208,0.650852536316961,39.84707963373512,0.0,42.25467219815949,20.763198193024813,30.652282915477475,7.941974810756304,11582.399999999969,1172.781915403494,1671.6785687793267,1298.6797086567346,288.9001071341929
231,720,71.87131279749728,-5.967045307226028,-2.6305195597475226,-2.9226579338378,0.41029277451622775,0.10781414806842804,41.30220251204446,40.90557229705155,0.6512051981408149,40.254367098910734,0.13530021882615983,42.25361949865382,23.023971943113693,31.263806844685178,21.105840545063447,11582.399999999969,1174.7804519418557,1682.2074824169633,1299.328446876243,391.7584341145823
232,720,74.56372415130144,-7.949631105250536,-3.204029666661967,-4.384403235674239,0.3577741401429968,,38.81933396193199,38.55624899407849,0.6526533458381891,37.9035956482403,0.0,41.005790545504446,19.858894835436494,37.476899673867194,4.262367171178621,11582.399999999969,1054.7238190848848,1465.8995407873065,1193.122636638494,325.95918133559036
233,720,74.94122036337603,-5.787035913311887,-2.763209165430808,-2.6765591251079273,0.34365669712542307,0.031780507415533066,39.42337633995339,38.885238872841,0.6509826078545302,38.23425626498647,0.30956195993348956,42.261598038909824,22.492740268654448,39.48942317779638,9.49658740876182,11582.399999999969,972.111159873718,1409.2332479868421,1248.2891369331599,184.2392297641505
234,720,65.3847531811721,-3.201096377853519,-1.5144352553885465,-1.31370424587592,0.36924297259294814,,43.83392329909839,43.555415988201275,0.6515580539125949,42.90385793428868,0.0,42.263393423480586,27.58587528516092,36.955719433588435,33.04550920427567,11582.399999999969,1013.4672160256666,1516.718924519639,1363.2211787122128,245.53790644087303
235,720,57.36523924003293,-4.857795498111721,-2.4195371098276626,-2.11906279326881,0.315838267953631,-0.14822837710380554,41.53845664090477,40.99329380388372,0.6510520637966692,40.34224174008705,0.31013177894055843,42.26337290823891,24.25344601045129,38.10414736235225,18.41573094336701,11582.399999999969,873.1145923669152,1293.9254555741516,1303.4101441694074,132.37370034153577
236,720,69.33737665341708,-5.967566179989689,-2.32872056419286,-3.2205797935768112,0.4148289844970338,,42.98533929907717,42.72651091311127,0.652033694088459,42.07447721902281,0.0,42.263372847876795,24.82505634479393,30.85931789493534,11.872833724558857,11582.399999999969,1179.619162095366,1699.1483582691649,1223.4787874764231,424.30015044742726
237,720,77.03358817226864,-5.349327668370282,-1.97284472826869,-3.007092846784691,0.36586906285322557,0.12117021530866623,44.088763097068295,43.52060665283352,0.649433639831841,42.87117301300168,0.31019654497504234,42.26337398766944,25.58483227972306,33.19412986236877,19.4516217376252,11582.399999999969,1039.1204572257857,1497.8406997734537,1200.157540660001,241.55146964557406
238,720,79.50439278146331,-6.113254247823456,-2.0427278204930635,-3.6166579533139154,0.4497320864724263,,39.64534085104242,39.38096948992461,0.6498818278778344,38.731087662046775,0.0,42.263382255624535,25.647992810010383,30.568495171870573,2.252538790652272,11582.399999999969,1286.7290323855823,1845.4198769396162,1299.6571041732172,379.40392544930444
239,720,63.7380901942514,-6.565580939348399,-3.250566008368267,-2.904384928772471,0.4065924331306218,-0.12935221195220947,45.89988839300349,45.31001030490734,0.6505152985919267,44.65949500631541,0.30949288001284003,42.21735418969055,20.087649036040407,38.1685134413064,17.602901964536493,11582.399999999969,1171.6883651267547,1664.3400903633596,1242.5453730584752,392.2678910606249
240,720,56.67515864179025,-7.129754490333885,-3.602573251951488,-3.1691177606329353,0.3547012302964792,,38.92180161597207,38.666574582923204,0.6496394344139844,38.01693514850922,0.0,40.666679265275384,17.46282940932067,34.25883816190793,10.02665167054213,11582.399999999969,1032.416475768897,1451.093316184133,1202.8379912526793,404.7859141061842
241,720,57.595575751834716,-6.427804588913244,-3.155130368547039,-2.92163600738395,0.34718652013660245,-0.004808774683624506,41.148889020085335,40.594734286889434,0.65017867856659,39.944555608322844,0.31089672492817044,42.263372864799074,21.091433201527664,33.64367879553878,12.477641734713075,11582.399999999969,1005.0267626577697,1424.4103092612877,1345.8923693451466,227.3816063789051
242,720,77.78061391766533,-4.865261716712781,-2.2917070173544203,-2.2023306993476837,0.3675291950163869,,37.58136615506373,37.33967396593653,0.65083666308783,36.6888373028487,0.0,42.26202632946665,24.529415890489382,32.7739688323132,27.81365404981165,11582.399999999969,1043.4646063271155,1506.2540914429624,1274.5796114261284,252.32858621332215
243,173,0.0,-14.61827476869577,-0.9207089139146907,-2.6446169484279105,0.0921052380226579,,15.249926527030766,14.984933262923732,0.1568794813938439,14.828053781529889,0.0,20.238953551681625,6.242493362001293,34.21158957097374,0.0,2782.993333333325,298.785757631666,377.05022752670925,297.0668940127608,132.3279824777361
244,720,37.54776912742974,-7.052489987779403,-3.3550725098180765,-3.316464727103961,0.37715429742707246,0.11852351576089859,41.72343007591553,41.092880422016606,0.6501518944278359,40.44272852758877,0.3602907629683614,42.12103041967897,18.116020375191034,36.59971414116798,13.119858019551089,11582.399999999969,1091.9110297424183,1546.069936627909,1250.916854871127,230.49637923042752
245,720,81.88710049722349,-6.176717635853211,-3.0536738927945897,-2.765881782539733,0.35344153060425243,,41.172039840137586,40.90416671615094,0.6518837064504623,40.25228300970048,0.0,38.08007562842478,19.11533260328996,38.66005863097936,28.732652587828273,11582.399999999969,1021.8133521619402,1451.2030821600997,1288.028075322782,150.8573435219753
246,720,79.53770247773122,-4.5633252065309895,-1.8135866111886212,-2.4317649035933866,0.3145891729447345,-0.013194059953093529,43.0545905509498,42.46715844003484,0.6529421193990856,41.81421632063575,0.3109188440721482,42.26338997769412,27.194404825921595,31.97842855277836,14.02571679675395,11582.399999999969,875.4439499127159,1295.4298173736702,1344.8443542580349,105.85126471992888
247,720,84.58720524823028,-5.413487584187648,-1.5506746497228867,-3.4575171819203385,0.4013336546735403,,43.18687821109779,42.89314653305337,0.6517075805459172,42.24143895250745,0.0,42.263329543571096,25.24090485867536,30.5105913630771,2.9009465608623746,11582.399999999969,1117.233648640825,1651.275142349692,1295.4793757895275,240.23078731394585
248,720,74.52924316302708,-6.798452194695677,-2.9217497941707053,-3.511721312541911,0.36120438131695404,0.04259359836578369,38.5158724100329,37.96059757191688,0.6507145005743951,37.30988307134248,0.31050721392966807,41.85925597351809,20.775275670225476,32.982598623833475,8.812704094395539,11582.399999999969,1044.2867963985539,1482.5008427187083,1303.8475996575207,195.0458419800715
249,720,86.54244440683046,-5.684442175342938,-2.191588227652424,-3.12424801262744,0.3650124029098538,,40.20103807700798,39.93309272406623,0.6521462011151016,39.280946522951126,0.0,42.26331374371654,24.35422449946964,33.42413782844141,10.671725842512043,11582.399999999969,1039.791850905498,1498.9092253348604,1257.0550382541915,191.23186228762523
250,720,73.04743731052194,-4.760906261936123,-2.2779514692513256,-2.0367563481491704,0.4421587810113586,0.11213375627994537,40.396439942065626,39.94707651110366,0.6516447740141302,39.29543173708953,0.1931176260113716,42.25580971953581,24.866278129629514,33.50869074535971,17.494528386220594,11582.399999999969,1217.7474497915152,1816.1979618934074,1300.095754592621,325.5583482410272
251,720,70.52790043945845,-6.419627003426112,-2.6539259580683456,-3.3030291494098662,0.4587505275218591,,45.693978232797235,45.393580527976155,0.652961126761511,44.740619401214644,0.0,42.263383421899604,23.012977564007905,32.641376961699194,1.8235193647899086,11582.399999999969,1292.6461478729307,1878.7951510418732,1207.7339907917838,347.5259209491806
252,720,72.36091470600358,-6.2551148845494335,-2.667236999973578,-3.2156195661144156,0.36876660442711023,0.10046245157718658,43.5066313969437,42.90698202792555,0.6501900681760162,42.256791959749535,0.3103301648516208,42.19482858986569,22.82048223924071,32.278347369310076,5.229674198242352,11582.399999999969,1052.2684858252137,1514.9800120413115,1294.921704022539,125.05705420867443
253,720,43.0844006849737,-5.168497045744792,-3.0094628299957833,-1.712482077792765,0.4421265784742528,,40.821677973959595,40.57902615587227,0.6515793181024492,39.92744683776982,0.0,42.26054016075738,19.998432172673347,33.62681543484425,24.870887977033746,11582.399999999969,1222.144436357965,1813.548099850484,1272.1560444251136,200.6603137312634
254,720,83.81949729142812,-4.524259679947753,-1.9880960543637105,-2.145471880399062,0.3872010903311246,0.060360003262758255,37.69200542010367,37.20754632190801,0.6510074145626277,36.556538907345384,0.25133287790231407,42.26338807019743,25.72164131455523,39.83113281417056,18.7198489867812,11582.399999999969,1084.7185963414508,1586.306883478421,1260.6998140826934,295.11869692303924
255,720,89.51974382167789,-4.358453194625586,-1.8209763721634702,-2.127695193754404,0.40601424965229216,,38.474847882054746,38.23278521304019,0.6512159104458988,37.58156930259429,0.0,42.20282484299078,26.555660330845665,34.222407809733554,22.642781910851095,11582.399999999969,1119.7520795671064,1662.4596846081888,1243.178295178823,453.2500960695079
256,720,70.81216569299944,-5.481292383729871,-2.976463723361365,-2.0953042076803987,0.40564835239631347,-0.03783892095088959,41.15887488098815,40.61162338987924,0.6523490226827562,39.959274367196485,0.3096241308376193,42.26337993024036,21.065755674025343,37.021287185428655,22.556892498982815,11582.399999999969,1139.531199381486,1664.6207936964333,1313.6871999993016,278.21046119213696
257,720,72.6597998025225,-5.293540464671656,-2.909091527483765,-1.9839204787178373,0.39696754248408334,,43.47400231286883,43.1950917809736,0.6527408338151872,42.54235094715841,0.0,41.83647880802816,20.39646721342093,37.05967770453418,27.715967623470718,11582.399999999969,1119.2050711308589,1623.2174554426215,1178.6931496761638,362.6478969668676
258,720,74.53257683479931,-4.08392125326912,-2.125343674936303,-1.4532214871529554,0.5012072812369066,0.0009980894392356277,43.281480052974075,42.78130865399726,0.6496862873900682,42.13162236660719,0.2516887898091227,42.2635918778364,24.918204249187706,36.456974719049626,22.975416657634668,11582.399999999969,1343.5993525897854,2059.3828280020825,1298.4179364464255,391.35584379380407
259,720,80.21788603788337,-5.797634984292526,-2.1645925981150262,-3.2348008122365077,0.3942945459680962,,44.28658658801578,44.01481440104544,0.6521766872610897,43.36263771378435,0.0,42.26337639525508,25.11495633849245,38.979215547871846,2.787500167863035,11582.399999999969,1123.1947963448847,1626.1177874349328,1416.7526899884315,27.116843906380737
260,720,59.41860547305411,-6.35875006878239,-3.079937742618701,-2.841698514736821,0.43334411957595753,0.07497958093881607,41.97108924109489,41.441046418156475,0.6522310399450362,40.78881537821144,0.3096631779335439,39.54027636730473,19.088292398356966,33.42557350993032,15.526861033466153,11582.399999999969,1243.954659927459,1784.1491104340691,1339.033541624444,124.84790350899684
261,720,68.38246483432265,-4.8764363469540575,-2.410718256838321,-1.9943605366227966,0.4673661001758112,,39.327706520911306,39.092666543787345,0.650087020592764,38.44257952319458,0.0,42.262050946166646,24.049912782837783,34.57693014659265,23.95378225018314,11582.399999999969,1288.2674520480982,1919.0441010292336,1313.808230846261,222.05601702434672
262,720,82.011087054952,-4.255728669052492,-1.8483745853940958,-1.9313717209355459,0.471684800392359,-0.05232110619544983,39.49388195690699,38.93114898609929,0.6510738735087216,38.280075112590566,0.309664751868695,42.26254975321111,27.011567471852853,39.74879524810342,20.20388211012209,11582.399999999969,1295.5563359155094,1939.3284781180034,1336.375028251217,211.8982981473294
263,720,66.57595445070918,-3.616875952324916,-2.149271283515296,-1.0643981908617388,0.3990985942219225,,45.69532836601138,45.4380564680323,0.6522215260192752,44.785834942013025,0.0,42.24726840678017,24.687457251108757,38.329983651439505,30.738345521203307,11582.399999999969,1068.606265126601,1636.1746774259827,1242.9904764226835,280.2292151598726
264,720,73.46208408081108,-4.504327213427729,-2.60518899862723,-1.476395128179953,0.4193640806554849,0.12176977843046188,39.62803887599148,39.07647272688337,0.650166955543682,38.426305771339685,0.31049723899923265,42.06465980755366,22.939294872598857,35.29122682211283,22.82748185628209,11582.399999999969,1145.190283898359,1723.5005888222406,1293.60480678199,186.00346623224735
265,720,65.66284380777921,-5.342198307150534,-2.5733530356193457,-2.3131321147124924,0.451956015466722,,42.307016586884856,42.0568740000017,0.6500942069105804,41.40677979309112,0.0,42.26343482556317,22.14533475024146,37.52477059436,12.982574280139254,11582.399999999969,1266.8126472554336,1854.79201937367,1248.623269674322,377.7465389600579
266,720,60.71035826362004,-4.891737782962438,-2.2807906780208516,-2.152412070074563,0.4545797122168956,-0.020796213299036026,42.40242427913472,41.78743933909573,0.6509606533218175,41.13647868577391,0.3107322030700743,42.26287022134796,25.13811080591865,36.88974607422897,19.087320745792223,11582.399999999969,1259.6508008948795,1863.8596902378288,1239.9990729766344,419.0091212996959
267,720,83.16375643650612,-3.9052730768075157,-2.0725726537667244,-1.4466876280984122,0.3821427424985873,,39.43751442618668,39.16913477797061,0.651690328028053,38.51744444994256,0.0,42.253609432625495,25.725341652075674,33.71452222782921,27.471150208431993,11582.399999999969,1054.0553351714566,1570.6617914413428,1334.5655545662953,291.5216018924977
268,720,71.88443854989252,-4.764123349364573,-2.285626988935147,-2.069470080500581,0.4047896779268551,-0.00756429648026824,41.15053611295298,40.55031270603649,0.6524314619600773,39.897881244076416,0.3100586519576609,42.255722986876066,24.67868694819616,36.46712542744492,19.329244912900336,11582.399999999969,1130.927432118207,1663.710195444758,1350.8786573148932,164.4951429480238
269,720,71.23414907393719,-5.122308176361396,-2.202536605314335,-2.536669633410787,0.3792096617073754,,42.64466278790496,42.40036589605734,0.651241370709613,41.749124525347725,0.0,42.263391542655086,26.615879747607842,36.69323706087113,12.168149010189113,11582.399999999969,1062.8783506503623,1561.891501338882,1387.5561192109046,43.378703049295524
270,720,57.83074556590696,-5.401379429746778,-2.3821820675173084,-2.529415468443376,0.4860404216233497,0.059281911700963974,47.40630727284588,46.8378486179281,0.6531558858696371,46.184692732058465,0.3107776939868927,42.070237915843926,22.73187735821777,34.57586323520261,15.251642545139434,11582.399999999969,1347.8606985084066,2000.6381116991206,1339.1610910167744,210.9665635595351
271,720,72.13003381590659,-3.9593551969769285,-1.918103435712944,-1.6130098281897893,0.4240284277570516,,41.275718830991536,41.03947514714673,0.6511012776754797,40.38837386947125,0.0,42.26335689747532,26.34293794936536,35.084476436194024,28.7325265503305,11582.399999999969,1164.4428375311888,1742.4245097403495,1353.0135261008359,138.46132890892753
272,720,87.04312046240979,-3.4292751083446165,-1.3549355215293535,-1.5996026081037211,0.47034711955648456,-0.02909546159207821,40.815807981882244,40.24573561199941,0.6512916849460453,39.59444392705336,0.3102908940054476,42.26242496797783,27.90390180575703,39.61459690226464,19.99292722328883,11582.399999999969,1269.8906809560226,1929.8355483171947,1291.7122591441637,307.0287021014674
273,720,85.20953066519276,-4.206122591162802,-1.749471739691702,-1.954362995993916,0.49816647639590284,,41.51081327185966,41.25107979099266,0.6508293889928609,40.6002504019998,0.0,42.26339916559284,27.260365875373996,36.86752160081277,23.0802729079186,11582.399999999969,1348.4791315758448,2042.5188935921412,1225.4408682702872,423.90926080182584
274,720,75.22310005835028,-4.638109826815045,-2.0117378146338916,-2.1761423673348497,0.44606862109052414,0.06859876215457916,40.95683380891569,40.37373128696345,0.6518828065600246,39.72184848040342,0.3103261429350823,42.26242752857532,25.03573783408641,33.029664647181036,12.899956106428622,11582.399999999969,1223.1435435537035,1834.663862094972,1353.873256545608,264.0013046166471
275,720,76.0251608305329,-4.413317406386017,-1.9741506693155517,-1.9128369580040778,0.5220115088575135,,42.89389459602535,42.622476884163916,0.6504063217435032,41.97207056242041,0.0,42.26358667972874,26.157431174399683,37.61144615039126,17.54889376009693,11582.399999999969,1408.7948391362565,2144.2229537789462,1309.5164903338207,263.3373734308562
276,720,81.29230037886026,-3.4346144742391815,-1.8768245758054105,-1.0707280424535426,0.4831141324735529,0.044745881110429764,42.95738928997889,42.48162248893641,0.6495172784198076,41.8321052105166,0.2513656481169164,42.129780411396034,26.1506716057921,38.676629457085255,34.93760030532051,11582.399999999969,1291.4514039709372,1984.56426229697,1248.3815469680114,442.5684621271282
277,720,60.36136501935195,-5.2731558514407695,-2.763782865501914,-1.997874503637258,0.5073115632031536,,41.03850540192798,40.75556272803806,0.6489906993228942,40.10657202871516,0.0,42.26359898871447,22.204519838311242,33.19069073686363,21.59136117990979,11582.399999999969,1388.5843881349815,2078.9438628854164,1196.6867779208017,463.452741247916
278,720,82.99567433305917,-3.5144455793427802,-1.3790747894534523,-1.6344585550911779,0.4967522737511688,0.03548983484506607,41.824569303076714,41.229839756153524,0.651821905747056,40.57801785040647,0.31090321484953165,42.263394075102184,28.922930314860594,34.36331514275185,20.399901366010745,11582.399999999969,1332.328375642911,2042.9906209754063,1330.2151986043912,193.16165226026888
279,720,72.52053123748658,-4.31624703682885,-2.2150713514757,-1.691760220936013,0.4054503322375007,,43.321524400031194,43.06050762999803,0.6522206556983292,42.4082869742997,0.0,42.22951951011386,25.405223099472526,30.85519993067639,20.953914384809487,11582.399999999969,1110.39648573545,1666.8338073593416,1313.7304450973074,89.76982347814041
280,720,52.224396539835915,-7.477870293429129,-3.638227684236613,-3.534710142933201,0.30130882996073194,0.0031335349194705486,44.00305224698968,43.44437756203115,0.6530515917111188,42.79132597032003,0.31006934796459973,36.10598601015084,16.346006192719674,37.43292469699598,16.171944227993095,11582.399999999969,884.5083722836712,1236.8283753950914,1254.6908698057787,105.18659702922898
281,720,73.97904407627122,-3.503529730622467,-1.6031795996264024,-1.3551251154733237,0.540470186618567,,41.7742441019509,41.52054543187842,0.6507926336489618,40.869752798229456,0.0,42.26345245509876,28.035940374415592,34.437013671115466,28.568047904370303,11582.399999999969,1441.9617510835121,2219.50820305933,1343.978466399684,265.84691459124593
282,720,68.37960254012478,-6.576323145483332,-2.845724886455325,-3.3802422388576705,0.3467102822757419,0.027370750904083252,40.95621474413201,40.52222882094793,0.6495537378359586,39.87267508311197,0.19414979894645512,42.227515037780165,21.992631345285922,35.428412473175655,9.379214902725092,11582.399999999969,987.5496287413771,1425.5250481481198,1305.201162665805,71.59274367185269
283,720,83.00451413007718,-4.7969129008138225,-2.1989297370062606,-2.2798704609272047,0.3146073106718227,,40.528207724913955,40.26347471307963,0.6499886580277234,39.61348605505191,0.0,42.26339039074129,24.292766000320793,33.65588410929248,12.130421521828973,11582.399999999969,868.540117496984,1290.6385750234363,1273.818493414121,61.149688991069844
284,720,64.21169619860002,-4.70511863581253,-2.1076965133685595,-2.1513247295140485,0.4420823999194344,0.0398031622171402,41.16676752502099,40.61221083696,0.6523581615183502,39.95985267544165,0.30916961492039263,42.263546263456405,25.372936078724738,30.032489431173016,17.091520301290643,11582.399999999969,1218.6770475261094,1813.3439283938721,1277.4032054378954,237.73076367220486
285,720,87.28528641351153,-4.539094436532953,-1.8349234571159678,-2.165290213068773,0.5342953522005267,,38.32608595700003,38.08553897892125,0.6516747679561377,37.43386421096511,0.0,42.2631069611329,26.052684002928252,36.50798338625844,20.753620503360732,11582.399999999969,1458.09779486849,2193.517383965842,1286.7218107053468,373.1183638703979
286,720,80.73635284172641,-5.111003417729403,-2.181289397614839,-2.4691093278991767,0.4565663294412554,0.08267814666032791,41.712355968076736,41.20704252505675,0.6531789924483746,40.553863532608375,0.25166861806064844,42.26378763071972,24.771053922691515,31.06953797346747,17.582080991422014,11582.399999999969,1250.6184381144587,1877.896584891269,1344.4217225033526,213.86772697803326
287,720,86.99171128994378,-3.2295257350342683,-1.277511695571162,-1.481292051610773,0.4661562133235097,,36.63379716919735,36.377690464956686,0.6504320511594415,35.727258413797244,0.0,42.248708934700566,28.87379121584098,31.407481797874937,26.807044021996283,11582.399999999969,1253.417173726805,1919.7369303636217,1426.904210487251,42.96459137411915
288,720,79.62112508634334,-6.411596005955777,-2.105764747189152,-3.7957320515035557,0.5056604178101965,0.054258525371551514,45.22142648603767,44.6666925419122,0.6515919959638268,44.01510054594837,0.25256453291513026,42.24284432785431,24.15372477350401,31.251136110434548,0.18463787437992907,11582.399999999969,1433.474847350747,2078.5878346749028,1341.3968053072088,266.92939569047525
289,720,77.87966854103473,-2.7081468851876433,-1.140476596234037,-1.0365977261070365,0.5267292236204991,,39.65194693207741,39.400568964891136,0.6501944193150848,38.75037454557605,0.0,42.26360631523178,29.980355641862534,39.53774266639562,31.22484580091035,11582.399999999969,1384.7573875745468,2162.8899750657156,1302.1954706205383,298.3014586457469
290,720,76.64106971808742,-3.5567837804255333,-1.963815041738055,-1.0780308150683688,0.5100327399637254,0.05679936707019806,40.1941841209773,39.683769220951945,0.6505260500125587,39.033243170939386,0.25177426310256124,42.26057628347645,25.94764120617875,38.316179770286496,33.38527489190384,11582.399999999969,1356.7487212613291,2093.926057687574,1346.311739541593,122.47670101207495
291,720,71.10342297929145,-5.3492528971782125,-2.361811824257365,-2.4048966916450167,0.5775493860944756,,41.069120140047744,40.819575774949044,0.6508865223731846,40.16868925257586,0.0,42.263761742656975,24.223263700087678,36.66063705968113,18.7690113375074,11582.399999999969,1587.6404536962104,2365.037548013774,1269.1324095433797,243.0166264017481
292,720,79.03715597117032,-3.5876616793881078,-1.6944863538644461,-1.349471220500782,0.5386463526884644,0.04383449628949165,39.055428460938856,38.53787703788839,0.6505529251880944,37.8873241127003,0.2517865360714495,42.26028497619329,27.543778548726824,39.54248355113133,23.04373973294645,11582.399999999969,1430.6001310773431,2212.699064035891,1369.1840393989157,225.80701907445712
293,720,81.99977293401845,-4.935584299977183,-1.9231416097690939,-2.644573636068667,0.3639659999511937,,37.726013915846124,37.488523070001975,0.6513137607835233,36.83720930921845,0.0,42.26337967185497,25.576418543209936,36.36180835090303,8.234827252067172,11582.399999999969,1002.3329012870811,1490.2805339790514,1276.9960278221558,267.9790637654597
294,720,77.07398065475208,-4.278643605465943,-1.9275041126876045,-1.8419232987246372,0.5048563418554464,-0.06238477677106857,42.976258114911616,42.4305381400045,0.6504671070724726,41.78007103293203,0.25208163005299866,42.256639899281794,26.64424543042285,39.65122929048764,17.957978845203254,11582.399999999969,1367.3814023331395,2068.1023388508393,1211.621814305063,328.7402960618483
295,720,78.8020629219189,-3.4047323544228907,-1.3154530174284904,-1.710141757491295,0.37541557685488697,,39.061889817006886,38.775842319009826,0.6525369379669428,38.12330538104288,0.0,42.263033516223885,29.09114561325487,37.190985432052706,15.316347828295523,11582.399999999969,1027.2969982974232,1546.2072506649254,1380.3111060737933,114.44914760258267
296,720,57.78337518124138,-4.047845462688252,-2.310376626615548,-1.3032619014740534,0.42968295365607484,0.004399857018142939,37.83189254091121,37.29754962888546,0.6522416349034756,36.64530799398199,0.31028301804326475,42.23169490378553,23.521129872492722,35.99583107248825,26.445124010223076,11582.399999999969,1172.5105126311657,1764.8542662367852,1354.45618223234,122.68300164349377
297,720,78.41419310076704,-3.3538755206317785,-1.7336140758596208,-1.056825004906258,0.558273558823853,,37.74503688910045,37.5173682088498,0.6547695070039481,36.862598701845855,0.0,42.263480130666615,26.492234535960016,36.11145956727052,31.924636543525043,11582.399999999969,1475.310759891586,2290.3330563222153,1348.8191860360942,375.5392179228153
298,720,72.41064709554671,-3.5683557120427634,-1.8810170054962752,-1.1196215037162232,0.5630435435791845,0.0035583628341555595,39.52368367300369,38.94356655306183,0.6511054879520088,38.29246106510982,0.30936662782914937,42.26376323827623,26.41500046514761,36.66539844653045,30.04253056104853,11582.399999999969,1472.9625477811708,2306.199004445301,1245.5896938498236,345.7347520313428
299,720,82.17669318032836,-2.10998297534934,-0.7282003905000366,-0.9176260382736765,0.4598034008661311,,41.501023882068694,41.245663587003946,0.6523880525492132,40.59327553445473,0.0,42.26341473801934,32.379957504150816,31.168683656617386,29.63438371852148,11582.399999999969,1206.089989025815,1890.192200595884,1348.066669996672,54.16818574057844
300,720,74.809978130756,-5.187255284762382,-2.2486496946956116,-2.4003586587154766,0.5332449761064108,0.07290972024202347,45.96425330894999,45.50479522207752,0.6504271905869246,44.854368031490594,0.19398086005821824,42.26347879831578,25.690361074516588,34.923317017736835,17.57659763679711,11582.399999999969,1467.4693239892013,2188.87850838444,1349.664265047802,276.5758060344486
301,720,72.17617060556695,-2.512867243610827,-1.0005228213068518,-0.9738930602829103,0.5332859905671969,,35.58671872713603,35.3632881520316,0.6540814249310642,34.709206727100536,0.0,42.26385986575438,30.762080510444882,37.355107091201155,33.862575914526225,11582.399999999969,1399.1135782997374,2188.2210811996506,1328.2697866898702,146.70693256292572
302,720,80.06923555771472,-3.5572710748718284,-1.4162817274992578,-1.6093369707153842,0.5273028799990687,0.08285719156265259,43.16069292509928,42.696051459992304,0.652327879332006,42.0437235806603,0.19342611799947917,42.263472205566785,28.877118715827915,35.51389876839741,24.766031039940557,11582.399999999969,1413.5406037262428,2164.1806768881656,1271.8425086798518,250.91900518277058
303,720,72.25373960933959,-5.6868669884469645,-2.155679421034298,-3.0655948379062234,0.4611194563654499,,43.438483752077445,43.158849626081064,0.653146268799901,42.50570335728116,0.0,42.25575058772956,24.740662208975746,38.195017644425484,6.049414381072932,11582.399999999969,1293.105824977301,1896.4694200231984,1377.252702715966,44.94032605782383
304,720,88.11484410025537,-5.056627892276879,-1.4197730563313518,-3.234689961037762,0.39807435992016865,0.11034292727708817,40.91419134219177,40.474850692786276,0.654496940318495,39.82035375246778,0.19413219881244004,42.26338340992998,29.343246670223095,32.99260423147178,5.51271284103925,11582.399999999969,1128.7537094971772,1638.7501504913223,1374.6021173678748,125.82508414362292
305,720,83.50622604762833,-6.074202501760264,-1.9385009846356709,-3.6131115032999195,0.5177132850753055,,42.88438952690922,42.61749941809103,0.654474209761247,41.96302520832978,0.0,42.26370991640417,25.976767310619103,31.725565359464113,4.30497180252918,11582.399999999969,1465.7490526835536,2131.4941077113162,1389.6109577897182,104.99866495605819
306,720,78.38686820988988,-4.212565990506095,-1.9169482031084994,-1.7699014008025908,0.5205674957719818,0.13097290694713593,40.20020268904045,39.699844538001344,0.6499187026638538,39.04992583533749,0.2518965760245919,42.25783816725091,26.2152075383579,39.69903103950354,22.72197938736933,11582.399999999969,1417.6654676636922,2139.7356242450815,1388.0748902526118,243.39686376266053
307,720,78.73354476324138,-3.294533268583973,-1.5931606539370624,-1.1742163449367573,0.5222599200592064,,41.904790106927976,41.655320157064125,0.653744995361194,41.00157516170293,0.0,42.25596023963259,28.382411627425032,36.204013484861655,27.801742421251348,11582.399999999969,1382.7834304083863,2148.1579249910096,1375.7249292180936,90.01689703333571
308,720,80.41386971728303,-3.308643171241544,-1.018226392804682,-1.8433381809633334,0.4426065811055784,0.04738794267177582,39.389494739007205,38.82279427489266,0.6508792310487479,38.17191504384391,0.31061553210020065,42.26353269139062,31.35574536213215,30.06346002388231,17.80482207241479,11582.399999999969,1214.2877843381045,1824.1187894508691,1395.0676981150502,112.62170656947404
309,720,69.80648777451017,-4.062420903566676,-1.8340549086454836,-1.6745836155970415,0.5484122089196797,,40.27729718899354,40.012287406949326,0.6522989473305643,39.35998845961876,0.0,42.263558047853856,27.266507201121616,37.036998221804915,23.28673879302218,11582.399999999969,1473.549678811996,2252.977631095067,1407.392607166772,135.13296138613396
310,720,78.75529108400312,-3.2014509111730125,-1.6750310526099013,-1.0342654898759205,0.4871771106970042,-0.032545994967222214,39.266206313157454,38.706687710946426,0.6517802355811,38.054907475365326,0.313424208201468,42.2632423321912,27.626720601965165,37.706730139796676,33.81610926557218,11582.399999999969,1293.2131587677313,2004.8277423891234,1389.5889973201613,28.96667920089372
311,720,80.0354565751906,-2.480375719413164,-1.0701713257931111,-0.9801274049371737,0.42551271369983745,,38.20007107593119,37.94237207993865,0.6514478407334536,37.2909242392052,0.0,42.26337624780969,30.664057328046894,37.50550176923307,31.85851789363715,11582.399999999969,1136.6864210341362,1748.7126623331735,1352.7060981410111,138.74747658022523
312,720,86.69600663214014,-3.531930333078669,-1.2101613287334498,-1.8118638393287936,0.5050646218488943,0.05972566083073616,40.48815473495051,40.021442957920954,0.6504277817439288,39.371015176177025,0.1941431500017643,42.26346910708473,29.748933552407077,30.650641313065556,20.665209331579774,11582.399999999969,1367.0961578450726,2078.468511559991,1375.9212936802044,132.2501821901122
313,720,67.91278925182061,-4.273560311915681,-2.1359721380029764,-1.6627672737168373,0.4701411269649612,,43.04823547392152,42.790213260101154,0.6523977247998118,42.13781553530134,0.0,42.26348207330574,25.76203073957854,36.14225767804412,20.154140592283788,11582.399999999969,1281.3189610630375,1929.994623577155,1356.4796400241332,123.72626589782269
314,720,77.01160716106584,-3.00635928815164,-1.0629162871043134,-1.4241115597227822,0.5145301516989028,0.0145281832665205,43.56220287899487,42.993623045040295,0.6510580026078969,42.3425650424324,0.3104281590785831,42.2636325472486,30.643168086065057,37.30394172183523,19.660802991289156,11582.399999999969,1372.8295699130235,2116.718928165172,1425.5638107732173,94.26867749581872
315,720,76.01072365225842,-3.397317692138846,-1.4971429895321913,-1.377224835500209,0.5180175473053138,,40.396149332867935,40.132454541977495,0.6530188436154276,39.47943569836207,0.0,42.26366407828516,28.406543853693133,33.293382499000565,27.376013970929208,11582.399999999969,1387.4411695296508,2131.1585810664774,1422.847830415756,152.42165864348144
316,720,85.24539328676194,-2.7815972388237133,-0.8433698717927447,-1.4199995204559406,0.5136130253399476,-0.03905465081334114,39.87923825602047,39.311603732872754,0.6512164939194918,38.66038723895326,0.3104559781495482,42.26355076567587,31.360118661828835,34.04348393536229,18.585793526514465,11582.399999999969,1371.9029391088832,2115.148826553407,1419.0352476932828,62.34103082410013
317,720,82.4682937104952,-3.7088954677347377,-1.3296681985941825,-1.8591116924687023,0.5157053272299147,,42.61256659403443,42.34205518802628,0.6487931672018021,41.69326202082448,0.0,42.26361279074916,29.535050900897,35.10642048576398,13.893541672800433,11582.399999999969,1393.320114520062,2119.9572220790124,1307.0319309590247,165.52774598693657
318,720,79.58808409961617,-3.914486831575173,-1.6421343427363666,-1.7676396339094802,0.5001754989728899,0.02924288995563984,42.27602623892017,41.83809031103738,0.6496342360042036,41.18845607503317,0.19411171809770167,42.2633775976378,27.719907349024165,39.1183669062174,19.03894937730135,11582.399999999969,1354.7641161750237,2056.873908207619,1329.976588476041,135.14883266301226
319,720,80.55391623980921,-3.838920269608245,-1.5063163110523718,-1.823105965759688,0.5050761144435397,,41.41799620306119,41.15547551913187,0.6497224769555032,40.505753042176366,0.0,42.178406080500324,28.06466514403618,36.295484469363096,16.680118523960925,11582.399999999969,1362.675823173392,2077.9913008464587,1354.4924393352294,88.5553928803938
320,720,83.17542962214704,-3.09681359654443,-1.2437779090744816,-1.3383737943556568,0.5100704391916532,-0.1384696215391159,42.501041357871145,41.90978176612407,0.6490474315360188,41.26073433458805,0.30964839295484126,42.26362002465894,29.808101607478108,35.1637544712527,24.848943956446153,11582.399999999969,1359.3516415949714,2099.810502758842,1394.7492303440504,117.01525395148195
321,720,76.91230143012936,-4.385677154148194,-1.9064175041261104,-1.9638120979351317,0.5106405679712152,,39.389213018119335,39.154789170017466,0.6535004819743335,38.50128868804313,0.0,42.24743154439977,27.0371380186725,36.276992458056526,17.046377770709082,11582.399999999969,1390.3828427862627,2101.428931986066,1395.4337115804167,42.87189843090053
322,720,76.64415759879716,-1.9676456760871979,-0.5353770747067093,-0.9230488252144912,0.5046577394140815,0.044095564633607864,41.1299853681121,40.61054740101099,0.6507871544454247,39.959760246565565,0.3098152428865433,42.26354107062899,32.85569782274404,30.92024728141557,29.26498492692363,11582.399999999969,1332.2578043219823,2078.016169480645,1398.8218029589184,134.29873566628396
323,720,85.2783412782707,-3.4358098703107367,-1.2648651241489235,-1.6583450568069544,0.5081554572898278,,37.70228537800722,37.45435758307576,0.6503575115930289,36.80400007148273,0.0,42.26331263497459,29.86642244739979,39.02309447613094,18.644190634835976,11582.399999999969,1360.0857383466198,2089.7626116009137,1344.09357148825,99.50867053043345
324,720,61.11546509179492,-4.738464463694584,-2.569386168604577,-1.7919806564194665,0.37316249438250904,-0.004905216861516237,42.02567074005492,41.45915408199653,0.6497805030085146,40.809373578988016,0.31022775592282414,42.261697249644364,22.895048386724138,37.15316854736072,26.08649909120098,11582.399999999969,1039.904433332448,1536.210675003352,1372.593034784928,132.27630744787413
325,720,86.66330770952439,-2.8660810939289636,-0.8495892296421208,-1.506846488270107,0.5052206921615704,,44.31129668606445,44.01352203683928,0.6514678292442113,43.362054207595065,0.0,42.26356315498558,31.759114089884967,34.03665944926687,25.34565352175769,11582.399999999969,1349.2768042576304,2078.849693617054,1337.3971857447227,151.88355321174578
326,720,79.26529517998343,-3.6291546007494095,-1.4087178474915207,-1.72777961459152,0.48822201307608915,0.04423268511891365,42.66958544286899,42.09712276398204,0.652138838544488,41.444983925437555,0.3098894020076841,42.26375935900646,29.56738032169541,35.46822312153782,25.084681583522617,11582.399999999969,1321.7326072731416,2010.4422599625445,1385.9071480406078,75.46810330590345
327,720,64.35835040616944,-4.277574126201131,-2.6155620795718613,-1.307453119263716,0.35059614486047136,,44.63949439791031,44.37110429396853,0.6504022751469165,43.72070201882161,0.0,42.26304427967812,21.451736213566267,39.65813264380879,36.57566510291805,11582.399999999969,950.2122755957643,1436.5066133275227,1351.6430584273444,126.38040351853891
328,720,68.3964532380333,-4.4743569323716725,-2.1536432639611043,-1.8179587201847531,0.4980323508150711,0.015276974998414516,40.80833752802573,40.268216151045635,0.6512756214942783,39.61694052955136,0.3104161180090159,42.263106502031015,25.269205866849617,38.32066885352843,25.409924086920793,11582.399999999969,1349.1601638312943,2050.9238837800567,1416.4332701436326,41.97431633558577
329,720,72.65870530045149,-5.109242686160735,-2.029683732209889,-2.57120888739413,0.5040754365491407,,41.49641271797009,41.22992541710846,0.6502351842354983,40.57969023287296,0.0,42.23767300196757,25.67919096653253,36.57809101559487,13.757975918195688,11582.399999999969,1393.411291615519,2069.962345753974,1311.5804751661396,154.0091897140042
330,720,82.76232235992386,-3.348925908022462,-1.234187755483003,-1.5537289982466524,0.5553687867078457,-0.10383319854736328,42.64188924105838,42.197758277878165,0.6494369253050536,41.54832135257311,0.19381311303004622,42.263496026034645,29.98635656485398,35.07041911504756,25.79535782369456,11582.399999999969,1481.3745877734873,2280.7338929551033,1380.8738746251486,134.64666818106753
331,720,72.08474224842541,-4.804851744670043,-1.8384973548220158,-2.436586121729279,0.5246897311530702,,41.30014023813419,41.051783635048196,0.6512495349161327,40.40053410013206,0.0,42.26358610440777,27.46005691223586,30.79193422867217,17.375841106457525,11582.399999999969,1438.1946852809701,2159.326156231964,1408.01059476149,65.03487573903158
332,720,80.00496248521797,-3.9053533490444257,-1.677938117590873,-1.755314794202748,0.467552713046782,0.04273614287376404,39.664408640004694,39.112864549970254,0.6505885012447834,38.46227604872547,0.3115076629910618,42.263387981585346,28.367228312175182,38.81877185589159,21.02408417482249,11582.399999999969,1263.647982438659,1923.8718995122956,1370.9454814298776,91.79111898754338
333,720,70.70123167284498,-3.3484855222522696,-1.6809110530819495,-1.180533550658479,0.48236683427454086,,41.48107269895263,41.19697134778835,0.6523268409073353,40.54464450688101,0.0,42.2632949006654,28.327110070438074,34.47505253198491,27.810599071673376,11582.399999999969,1290.0143860857029,1988.4256379435062,1436.8412035130734,25.258350626165853
334,720,83.61668507574696,-3.1005505691551605,-1.1951849388597964,-1.4055943067819856,0.4953092918932278,0.035753052681684494,39.097210239153355,38.5543674249202,0.6488596948329359,37.905507730087265,0.31018338701687753,42.26341688930688,30.283460469399262,34.11540657656261,24.03115256794031,11582.399999999969,1325.3832080445984,2038.8366789337315,1396.830542256521,35.658622458311456
335,720,55.02658164484616,-3.3020374467151985,-1.7499576303404218,-1.0840663099462338,0.4637463423988774,,39.60982006019913,39.34361190791242,0.6509689602535218,38.692642947658896,0.0,42.26381081585947,27.219660038207923,38.75743027235826,35.720159609349636,11582.399999999969,1247.2020372582363,1908.6936894560044,1382.2517395122154,116.43183412235958
336,720,75.3783666932333,-4.3585889713621695,-1.8262279491603084,-2.0114612237969305,0.5163961397910926,-0.10659140348434448,39.89489081688225,39.32726207608357,0.6511603442486376,38.67610173183493,0.31064181705005467,42.260982682058575,27.278895806437507,39.546861208062964,22.5523920834826,11582.399999999969,1414.4418583078193,2126.426796208683,1364.6046336447732,79.52342392515395
337,720,81.23261858836777,-2.147198188588355,-0.6766276897825598,-0.9635186302907718,0.5026671387537766,,37.114703509025276,36.87092698388733,0.6548688099719584,36.21605817391537,0.0,42.26350138364521,32.34232859283139,34.89341235767368,33.272536507733236,11582.399999999969,1329.746096775738,2070.626624445675,1376.7060375809874,57.438304015164825
338,720,77.26561423285958,-3.1932132778921485,-1.5549136700858377,-1.1062087224752952,0.5272037344014735,0.047684669494628906,39.932117799064144,39.38885916699655,0.6517348820343614,38.73712428496219,0.31090222811326385,42.26375512140687,28.530648226069715,38.97174659377904,31.035098555002243,11582.399999999969,1386.8695388583687,2166.8393576670824,1361.8148914091134,178.5251000170167
339,720,79.97505317908117,-3.420390307448588,-1.3852605621115546,-1.5366601218883875,0.4940094057597922,,36.501522994134575,36.24800515896641,0.6539576083887368,35.59404755057767,0.0,42.26059234058545,29.198547052317103,31.08056905568991,19.162077941910553,11582.399999999969,1317.579328021745,2033.7001271585402,1372.5650870199631,85.07497685906341
340,720,84.20875065352863,-5.305862177756155,-1.9243306741732522,-2.8748583301896784,0.5022924592708368,0.0002989848144352436,38.83366091013886,38.25025701592676,0.6513577734585851,37.59889924246818,0.2932215090841055,42.26348470635681,26.300313274703612,32.8432828388841,5.560520153393822,11582.399999999969,1392.0562081138771,2066.756933973885,1371.106208166312,106.87489003610933
341,720,69.59411396016864,-4.427949744821664,-2.454904417952969,-1.4499723837155085,0.5182537435006128,,41.320210450096056,41.085736125009134,0.6547903765458614,40.43094574846327,0.0,42.26346042969098,23.767145715902128,36.5447039010434,25.01524148869193,11582.399999999969,1399.205512727805,2130.427005608946,1365.0812833051727,45.94547089811065
342,720,70.7814831831481,-4.411298286495152,-2.4944951232433823,-1.5174094329432466,0.3954259173079596,0.004406578838825226,42.33570313593373,41.83035778882913,0.6507677244953811,41.17959006433375,0.2388347799424082,42.25917439041496,24.37079056381796,39.10907648473257,29.342381140134638,11582.399999999969,1078.5922383462378,1630.3990504894548,1385.4560932599227,4.393506700499327
343,720,84.56756606167451,-3.175165762051154,-0.975390992248148,-1.6576753408326135,0.5371245699796328,,39.38391179405153,39.134472989011556,0.6517810341902077,38.48269195482135,0.0,42.26346550711982,31.181449268306395,36.15429093231997,21.844764953935094,11582.399999999969,1437.4711544348584,2206.8773982465204,1353.8159562860822,75.98864680921118
344,720,69.9269228005944,-3.964159437795442,-1.9272340180177983,-1.587067865193977,0.4452012404085662,0.12016260623931885,47.080159954028204,46.55611989693716,0.6539536367636174,45.902166260173544,0.2936213940847665,42.2633128137886,27.2037425165688,34.94627600372189,17.37852140360009,11582.399999999969,1182.2886293706567,1829.1234207482248,1356.6631658467809,118.14325937047612
345,720,66.83061142362757,-5.703750618555462,-2.3983621324237507,-2.7772759828164295,0.523252442907291,,42.770923749078065,42.48077162890695,0.6533042078372091,41.82746742106974,0.0,42.26278509886803,23.532111676828652,36.98068618137823,10.521114619581247,11582.399999999969,1449.1308921762613,2148.1392550459814,1335.625175023923,76.76872541976542
346,720,66.84148105633477,-5.5025981769558125,-2.3175355604436434,-2.650873093083827,0.5293549346860963,-0.07318892329931259,45.65012388094328,45.0880208699964,0.6520133514422923,44.436007518554106,0.2932547910604626,42.26381685240741,23.585648057672632,35.335061762881324,17.28351361755469,11582.399999999969,1467.021838224367,2173.5180974365303,1341.0868885429943,86.36261372322217
347,720,70.7664202551924,-3.1753975922947086,-1.6519824369187122,-1.0479874573153514,0.47101943505741944,,37.55022574495524,37.29477039095946,0.6514237641822547,36.6433466267772,0.0,42.263575432379234,27.44626886561349,32.96753153755638,32.55169959572993,11582.399999999969,1261.470918859655,1940.4479085978242,1416.7843213664505,23.28631081265605
348,720,77.47713076619152,-3.2643720836677894,-1.3948257886669642,-1.3419031787409588,0.5230675721934643,0.001489842077717185,40.30788560397923,39.76313641294837,0.6496969026047736,39.113439510343596,0.29322773590683937,42.26362649351453,29.718564400641455,37.31314917863907,25.09321720168461,11582.399999999969,1398.1771103585938,2150.3686943244875,1379.5291481724832,50.69335145291019
349,126,0.0,-14.56850766123934,-0.7252174669334325,-1.8699302682919539,0.07271554697562468,,13.461138592800125,13.169376472011209,0.11480125179514289,13.054575220216066,0.0,13.788847650839507,4.334118552808759,31.692739894931304,0.0,2026.9199999999955,232.31698518462562,296.27732888382474,211.67490869765516,119.00860454842568
350,720,75.55987626215804,-4.010678939365542,-2.118340715443756,-1.4462450466448298,0.44173806375871266,,41.93470635195263,41.64012494892813,0.6500749920960516,40.99004995683208,0.0,42.244195243753644,24.586959791913948,34.73043714594083,29.59437918385258,11582.399999999969,1205.6819086413846,1819.7934603604258,1386.9504594582363,83.18706270179896
351,720,75.26355423901515,-5.072462795681891,-1.9801108639708038,-2.552879242553023,0.5344336117546307,-0.11711924523115158,42.099906706949696,41.645489833084866,0.6475514275953174,40.99793840548955,0.21167814312502742,42.261768673266594,25.682784706521886,32.11384851556293,10.951977920603676,11582.399999999969,1469.587523796412,2196.3685255303335,1380.4647002005315,167.351791908502
352,720,84.99973250410571,-3.566621257966321,-1.2612672872399817,-1.7860931005574103,0.5148895590244484,,40.98313121194951,40.699692253023386,0.6507915705442429,40.04890068247914,0.0,42.263453589964236,29.4155305624119,39.377567583227105,20.271263047861453,11582.399999999969,1388.5069534296958,2116.474437734004,1313.8033963133246,82.94224694215343
353,720,82.49914420280514,-2.87610924267886,-1.0833894840109757,-1.2748546907322935,0.5131403538910003,-0.02719995193183422,39.237789638806134,38.74174929293804,0.6514402937609702,38.09030899917707,0.24059891910292208,42.25246025957938,30.06599766668977,31.68192894207817,25.6577755979028,11582.399999999969,1361.931712263935,2111.4990378180137,1372.3011216206885,177.53337771574127
354,720,77.73483577379399,-4.3591020552224045,-2.0134162320002,-1.8225490446764654,0.5186486684040122,,39.33093741419725,39.099997153971344,0.6515266075730324,38.44847054639831,0.0,42.25779771973445,26.965636813870713,31.511142111835326,21.59568584502981,11582.399999999969,1393.2585985952992,2129.385938194553,1298.0648491270879,16.6714055910603
355,720,72.00249462412917,-6.167093416218981,-2.005163134611066,-3.671454731230031,0.48596316939507544,0.0886104479432106,41.69534538802691,41.264701686101034,0.6514175543561578,40.61328413174488,0.18504135613329709,42.26324360909872,25.174105270025798,31.018910771209068,9.224904579385734,11582.399999999969,1347.3083231620653,1997.2818175334708,1311.0589005036663,20.500458537709072
356,720,72.40926470725213,-5.008801335072578,-1.862057239005715,-2.6159980875401603,0.5260907172315035,,40.9808611550834,40.75101248617284,0.6524668450001627,40.09854564117268,0.0,42.26334643786752,26.971595997171985,30.58769573504306,11.713568890582206,11582.399999999969,1444.378530667047,2158.3558729797055,1292.2022840733687,209.0571246670404
357,720,78.37155029162261,-4.6848597577616635,-1.7547977112696487,-2.4386833920529223,0.48678993846776386,-0.011590676382184029,43.11897970503196,42.66867904900573,0.6547352368943393,42.01394381211139,0.18558860709890723,42.26341308801987,27.814699693938863,32.81310428985234,19.156461340683478,11582.399999999969,1335.3652947788682,2003.339480423519,1398.1976816667052,198.47562317503395
358,720,83.19588285307749,-5.5138797667051,-2.2870889198225273,-2.7260556365501274,0.496138784293995,,39.53207422001287,39.269931589020416,0.6506144334562123,38.619317155564204,0.0,42.23357584226534,24.299279329915446,36.69732615345852,12.311308037621977,11582.399999999969,1374.8155129348688,2040.7074329701245,1395.0867941999115,145.04261512879467
359,720,70.54372137445236,-3.864169890231789,-1.6413209820388732,-1.703353596745955,0.5153227608700702,0.08912798762321472,46.054006486199796,45.50529417092912,0.651361956493929,44.85393221443519,0.293219112791121,42.263624686819256,28.116604831992227,36.935338806579374,22.702864536991147,11582.399999999969,1386.0035544743487,2114.398306585026,1267.3619216945772,234.98066452898547
360,125,0.0,-14.511761837454417,-0.808502269734112,-1.698552330298753,0.08408702851691813,,13.91209337580949,13.652626673923805,0.11447950731962919,13.538147166604176,0.0,23.21954996267896,4.811270578198394,30.878443596016673,0.0,2010.833333333329,267.85764652614625,343.25333166082686,208.42980093959187,170.60678872056806
361,720,78.25719971165277,-5.064981275780878,-2.0295775164043137,-2.4919837274659358,0.538369057203087,,39.27226469502784,39.012942958856,0.6531532241497189,38.35978973470628,0.0,42.26363911551133,25.000571960727065,31.11925437985363,19.07368229275668,11582.399999999969,1485.5574575029298,2213.664484546876,1392.5812914298583,75.08604860434377
362,720,77.73474168722538,-3.7907006750629266,-1.6237728960309112,-1.6325730961734064,0.5295536141500332,-0.033029913902282715,42.09525757981464,41.51820900221355,0.6511193902697414,40.86708961194381,0.33886547992005944,42.263812660422424,28.358400964717607,36.443247044227256,21.271572781595047,11582.399999999969,1424.4874559947484,2175.6436847654236,1368.4125491198026,102.2525049391384
363,720,70.41477759825155,-3.7474986122384255,-1.6121666366401133,-1.617542709739553,0.5140792151454032,,46.05810049618594,45.777893810067326,0.6507554790005088,45.12713833106682,0.0,42.2635137800741,28.03276055578075,38.59020289380034,20.246294614372,11582.399999999969,1383.8526496237234,2111.4889104550934,1248.3255720995944,288.982488312799
364,720,76.43055184529182,-2.12431664419578,-0.7188203718398607,-0.8962405988828903,0.5042688776446139,-0.013098372146487236,41.50482646119781,40.96856434713118,0.651095091830939,40.31746925530024,0.2937842330429703,42.26359735276045,32.19629258257731,39.27274713635686,35.73826482986461,11582.399999999969,1324.811220137421,2073.259704563235,1402.806882446382,93.38835433247044
365,720,86.68300026068991,-3.2084988384294886,-0.9012419979787613,-1.8050962287213272,0.49803218704291763,,37.091528435004875,36.831960953073576,0.6518042706884444,36.18015668238513,0.0,42.263394866524195,31.413252139548188,35.83493648900634,13.196425170994514,11582.399999999969,1341.7259686772054,2046.8814603522342,1331.898871838733,168.82176806873372
366,720,78.07851427054577,-4.852103044294024,-1.7594282947458777,-2.5582645943526,0.5292621786884172,0.19885796308517456,42.7457698949147,42.21473127696663,0.6519694216549397,41.56276185531169,0.2932130789849907,42.263417896904976,27.25238499775268,30.292091554865674,16.596045291263838,11582.399999999969,1460.1708252037517,2177.805025508728,1404.8080323256345,111.4703008119355
367,720,73.22350736543167,-3.3799359917043574,-1.3389633002054184,-1.5027025914640608,0.533547146593728,,43.42861926113255,43.17054421501234,0.6507415634114295,42.51980265160091,0.0,42.263552975572985,29.832203851549032,35.69439479689392,23.43266190019595,11582.399999999969,1425.6001627160285,2194.3974382205447,1362.9399430563021,109.65056138084907
368,720,87.05249857747626,-4.207147570947336,-1.3389355378134837,-2.3675761539166276,0.4965028707453647,-0.02658570371568203,43.01862032501958,42.45583558594808,0.6514115510508418,41.80442403489724,0.292932118056342,42.263683397789684,29.39297162479189,31.157954399125416,16.66204457378062,11582.399999999969,1356.7058193896382,2040.8134308880915,1312.085919766968,69.68754942350333
369,720,87.02388386987634,-2.659892879039598,-0.5696967630786057,-1.5665687957028283,0.5193878632305411,,45.91644048690796,45.62739451602101,0.6507190256379545,44.97667549038306,0.0,42.26346754998803,32.44331410178479,34.43079836605337,15.074077334026514,11582.399999999969,1387.445348171045,2132.002112999129,1302.5515623832096,201.7641306005449
370,720,76.0242707243208,-3.4489401359810854,-1.5476264621914413,-1.3807955718401907,0.5156761062899913,-0.048030246049165726,41.08763161697425,40.53571153595112,0.6512137870304286,39.884497748920694,0.2940527480095625,42.26352704945293,28.62614714335387,39.3866191832746,27.556045043950782,11582.399999999969,1365.9021220759025,2118.9371136648674,1378.2066586561145,137.95899545334788
371,720,82.8945017069009,-3.133685719598663,-1.0296896738586874,-1.6229559655443568,0.47671809829602335,,34.115830099908635,33.83863480994478,0.6519397492520511,33.18669506069273,0.0,42.263643511235635,31.08508402431026,31.98292414171696,22.0444006174728,11582.399999999969,1287.0615625623057,1962.8648893183226,1396.5160833167952,41.24085912818686
372,720,77.07951342960125,-4.317528225280291,-1.7371728487965092,-2.0535384371592795,0.5221679292883316,0.09768662601709366,42.19209896004759,41.63656758284196,0.6525964541360736,40.98397112870589,0.2932736249640584,42.26339939927756,28.011309112623152,38.41578001281245,16.404063982333906,11582.399999999969,1411.9416270129764,2142.6271629457465,1325.3537795562902,307.7545115745947
373,720,80.5810751292509,-4.100218666263764,-1.5017010856321245,-2.0632818273440545,0.5304629949931234,,40.55834169895388,40.29156112903729,0.6513599262107164,39.640201202826574,0.0,42.263247165814064,28.690680022677583,30.454737901227986,18.564525821341103,11582.399999999969,1434.209080806503,2180.466600531047,1362.2095141119357,92.31806069298736
374,720,78.04689046400264,-2.4324102114365327,-0.8686621617066088,-1.0344464714213308,0.5247725382981064,-0.04222239553928375,43.58441943395883,43.01699441601522,0.6518140649423003,42.36518035107292,0.2932687259744853,42.26358983523195,31.402619445461802,36.689081782627575,34.42590465473883,11582.399999999969,1377.600247291577,2155.753263214488,1276.0681255416957,82.19331069809174
375,720,78.03688525131817,-3.877226819911256,-1.9385820513303968,-1.3964236330402848,0.5375627644985698,,38.60837958101183,38.35959291621111,0.6519730063155293,37.707619909895584,0.0,42.25944551940761,26.26469761163753,39.743202804808604,32.354545000316634,11582.399999999969,1440.5797735184037,2207.7470638379887,1324.8091284744598,136.25622868792817
376,149,0.0,-14.71678570670667,-0.986030702887802,-2.1781061192866082,0.11190680335976713,,14.404453807976097,14.150783949997276,0.13630946865305305,14.014474481344223,0.0,27.03211173077061,6.244120541647802,31.66634649529862,0.0,2396.913333333327,351.9002864790354,454.1355447166792,205.88839812303246,217.07026653559706
377,720,81.1082428495342,-3.2275009106957344,-1.2589131882153721,-1.5028944753384228,0.4609655285314526,-0.15279623866081238,40.54408803395927,39.93593789311126,0.6530522468965501,39.28288564621471,0.338149816961959,42.26349455472978,30.32409353415857,35.43919876114181,24.43132348963456,11582.399999999969,1248.5394728254591,1896.8704316258625,1380.9202271911927,86.35583359594587
378,720,76.97913425891018,-3.352950895234163,-1.294150726884756,-1.5204020284206952,0.5334517828515765,,42.94100874196738,42.69631648506038,0.6546374133322388,42.04167907172814,0.0,42.263647917694136,29.86515219265943,31.858643882779493,25.077380865477927,11582.399999999969,1422.9224622687946,2189.818060180195,1338.7849142091286,130.423170371193
379,720,81.51907905737487,-2.9638902135164638,-1.0195984702090435,-1.4497870955927608,0.4899568021115622,0.03715434670448303,44.7003642488271,44.16468328796327,0.6519761341623962,43.512707153800875,0.2932397311087698,42.263621533452906,31.098139733273563,34.57155099631218,24.06698216630456,11582.399999999969,1319.6554935566498,2020.403671748621,1413.9048004415474,39.00282138150029
380,720,74.48596553705656,-4.012390189835884,-1.9681486985099998,-1.5373255461821487,0.5028795748319436,,41.657609172863886,41.40095050283708,0.6509480136446655,40.75000248919241,0.0,42.26386676577088,26.577813965238494,39.93929900207766,26.830957361661095,11582.399999999969,1354.1908060699554,2066.686004994784,1297.3849474731705,131.30517985360225
381,720,88.1047545400773,-1.8260162900474957,-0.3158889097249725,-1.0002510843512216,0.5052452008271204,-0.009837500751018524,32.98217137809843,32.43541920394637,0.6517053672578186,31.78371383668855,0.31289223302155733,42.263695154756675,33.644245852898,33.426812989216145,28.884871797648852,11582.399999999969,1331.3384047149377,2078.7120196523556,1371.567833600299,86.23042889912905
382,720,71.9154550638176,-6.5781135611384025,-2.7088884647961806,-3.4637466538571764,0.4013158138630281,,46.68364850780927,46.43726464197971,0.6522318080533296,45.78503283392638,0.0,42.26247113754154,22.029111293570033,32.69010734643932,10.600023624468873,11582.399999999969,1161.5150193587249,1650.2995898629476,1351.5052345088916,10.258959361571572
383,720,76.99435920621936,-3.426339881596866,-1.5300533454871579,-1.3653645913732515,0.5260275850433995,0.01855991780757904,42.77721642702818,42.21895412099548,0.6517308731563389,41.56722324783914,0.31069742096588016,42.263578593206674,28.77756278251857,39.34312798263539,32.42628870702979,11582.399999999969,1405.3566282084182,2163.690342327415,1361.7749442345425,90.06977404342435
384,720,80.1581749981443,-3.4324068019225966,-1.265036660799994,-1.6538764549164702,0.5092725506878351,,41.596166241914034,41.30766583699733,0.6523613755125552,40.655304461484775,0.0,42.263741173959055,29.770698813863692,37.15124202097336,23.013146108039887,11582.399999999969,1374.8148613453784,2094.166469645486,1318.4344986292908,44.71456708988832
385,720,84.19803426789264,-3.2180567296311944,-1.2987227474793606,-1.4002056463656267,0.5148776132991926,0.003976433537900448,39.72866210807115,39.13907651184127,0.650164881022647,38.48891163081862,0.31303377193398774,42.263648302843016,29.95432080271968,39.71400947349171,24.764336339768633,11582.399999999969,1371.721092423528,2115.1603048191773,1303.3782608677743,92.37630903705993
386,720,79.64364848770971,-2.239363041948763,-0.7211624677597483,-0.9915692388265281,0.5218180930959343,,41.90959994401783,41.6667838471476,0.654499692376703,41.012284154770896,0.0,42.26339832460415,32.19449310314476,34.620418138866576,27.634787338685424,11582.399999999969,1372.9544814386256,2145.2237516712494,1339.9084384414086,91.59123883364056
387,720,80.20938328394335,-5.634688839549434,-1.777231458371382,-3.3437177552195374,0.5091437768935645,-0.026154108345508575,40.291937798960134,39.787040292983875,0.6517344010062516,39.13530589197762,0.2537171160802245,42.26341469764388,26.787885855680443,30.831145438679474,4.824090005915848,11582.399999999969,1423.9871102613304,2089.273450197984,1257.863705611546,225.70361470321237
388,720,78.2660301917993,-5.37606835633888,-2.3356891146158008,-2.4913881043563095,0.5444904885035989,,39.288096714997664,39.04287793091498,0.6550961520988494,38.387781778816134,0.0,42.26367426535615,24.39000422646082,39.78687343853073,16.029299472857574,11582.399999999969,1502.0629776896503,2235.9861690168264,1312.493486959231,165.82093583971425
389,720,77.7131822935726,-4.111234318851645,-1.95361295329079,-1.6223533034429243,0.5306825023143212,0.08995074778795242,40.384113248903304,39.813275296008214,0.6509610256180167,39.1623142703902,0.31071630003862083,42.26329972073823,26.59786489365807,36.518906766326545,25.192501282173517,11582.399999999969,1435.0170314347085,2180.3887343139645,1316.883046826996,33.98249473012451
390,720,81.19562466588025,-4.462949997927498,-1.6480247609335075,-2.2719212381178573,0.5380478014765266,,41.45099397818558,41.196700379950926,0.6534006227739155,40.54329975717701,0.0,42.260929515223026,27.424310952178587,30.032613764407706,17.493445213996566,11582.399999999969,1462.5055897505292,2211.5487066338483,1375.8441029615412,88.79842572891219
391,720,79.8298103800303,-4.850719801879018,-1.7248059839020875,-2.604482743963039,0.516761514737182,-0.009208133444190025,45.29736348986626,44.73205810692161,0.6507876729592681,44.081270433962345,0.3121774368919432,42.26340619884516,27.280424387314355,32.095394629197536,12.636736347002515,11582.399999999969,1421.7281430450694,2126.098477006782,1386.1125146006777,55.46468274380218
392,720,78.20954627127014,-3.120708862646894,-1.320704275745283,-1.2793581133445566,0.5159263999590136,,37.11377138295211,36.85965929692611,0.6528540807776153,36.206805216148496,0.0,42.263860101807786,29.62417444600375,34.13068296437697,28.72170914936993,11582.399999999969,1368.1411448718375,2121.163227427645,1377.4409051272482,96.41067593750364
393,720,83.18077027263487,-3.296196880710967,-1.3818549469193455,-1.4048138407228516,0.5049200187607064,0.06115320697426796,39.92404297203757,39.3679325201083,0.6531558821443468,38.71477663796395,0.31093588820658624,42.26386810035297,28.90300237193089,36.963829942458915,25.754938986264442,11582.399999999969,1354.8971223532826,2074.871617409198,1343.0601401252702,25.71590178826069
394,720,82.04109138054709,-3.020863650157417,-1.0584409405404243,-1.445438760934592,0.5125795210132654,,38.57391278911382,38.33218607516028,0.6508878204040229,37.68129825475626,0.0,42.26345930295921,31.052805795359184,33.160739870585616,20.529944179569533,11582.399999999969,1369.4536650113298,2106.2170470478823,1339.7388076797306,110.87790366182877
395,720,78.57615272226064,-3.4932912303484436,-1.5331487563233572,-1.413509395530155,0.5415495698923823,0.10281996428966522,41.65483139292337,41.087490373058245,0.6511386474594474,40.4363517255988,0.30996948084793985,42.263566760904375,28.061653990964345,34.79381806265683,29.443308119166,11582.399999999969,1445.3098090761437,2224.7527348766207,1403.9154053010895,160.3552552024695
396,720,77.03148893650558,-3.6544418796321563,-1.2454052969682403,-1.9799860923629473,0.4246688060844119,,42.54144566692412,42.26391617907211,0.6527813107240945,41.61113486834802,0.0,42.2633911490939,30.138160559702044,30.161453717314714,15.547480071583767,11582.399999999969,1127.8537807082544,1746.6331300282234,1364.7748116081561,120.16172549926367
397,720,75.21735252186188,-2.741214310217995,-1.2800038533336537,-0.9516327598771412,0.5048239928037555,0.039741553366184235,40.803003053879365,40.24393632286228,0.6533106642309576,39.590625658631325,0.312638201052323,42.26372127814931,29.63048533377217,39.42106141804365,33.513359643443074,11582.399999999969,1333.922591352536,2078.365923978722,1387.597725480995,125.66606726067391
398,720,64.2212265703116,-3.724479007022915,-1.9122554675625405,-1.4232151793518208,0.385136159449169,,36.17508616880514,35.896299523999915,0.65340646635741,35.242893057642505,0.0,42.26341473327427,26.708738960313898,34.260285629997526,22.89692502385336,11582.399999999969,1050.9935962278737,1579.529062975952,1272.3756810051343,191.48454580697558
399,720,87.83053127042444,-3.7398599475447556,-1.1413150355726362,-2.0695081435227576,0.5244074211522662,-0.08108072727918625,46.49253145698458,45.898102248087525,0.6521594950463623,45.24594275304116,0.3104236980434507,42.26356302773341,29.33717698514234,38.454274873093446,20.562555479333298,11582.399999999969,1412.2276504292593,2152.357764348878,1300.7006805459125,16.488465406111672
400,720,71.10740459317228,-5.211635284496171,-2.520134600791813,-2.157148302030883,0.5301013426139216,,39.93081115279347,39.68629157100804,0.6528724466916174,39.033419124316424,0.0,42.26360296633229,23.629254460411047,37.81693709307813,22.136032564497235,11582.399999999969,1457.6732312908712,2176.0146633082113,1271.3226104232676,122.48776774435302
401,720,81.20895028637769,-3.103474456576881,-1.1263674517121942,-1.4491181694945783,0.52338051186658,0.11168769001960754,33.48646621196531,32.90100319380872,0.6513109055813402,32.24969228822738,0.3098146610427648,42.263569874217715,30.82695481518197,36.663290808670325,24.944665546822712,11582.399999999969,1396.3140040571318,2152.47150039285,1393.8253373666114,77.38009873952949
402,720,84.75436630863067,-2.791420577844136,-1.0482233163676342,-1.221491015787741,0.5170497841000947,,39.86238513281569,39.620854853186756,0.6536532528698444,38.96720160031691,0.0,42.26296964827984,30.49861142719298,35.44713686313343,29.082482026241614,11582.399999999969,1377.0172263496224,2127.037634136134,1368.38147143514,83.74614566495028
403,720,71.89598971349321,-3.4936887360190023,-1.6569262055294702,-1.290213685546137,0.5416238097423981,0.0731479600071907,42.7481012288481,42.18634522915818,0.6529697563964874,41.53337547276169,0.3112132621463388,42.26379044624376,27.802481488987205,39.70025835241982,30.201342408018544,11582.399999999969,1449.0036762934783,2224.3542323289207,1331.5452513720863,64.56553843239361
404,720,68.65613383035537,-2.7217762708048827,-1.178596590962857,-1.0078860474137452,0.5305896773210601,,42.935128840850666,42.72862666589208,0.6500572853256017,42.07856938056648,0.0,42.26359234200982,29.941701253710804,32.670140542933105,29.41155312887344,11582.399999999969,1393.680524628746,2178.5432673713813,1288.8287385980907,81.4593013026953
405,720,69.65577631131904,-3.7130817406257925,-1.8865766887353492,-1.2951364909879115,0.526513729584695,0.07036243379116058,47.07674151007086,46.57132252212614,0.6491116639226675,45.92221085820347,0.31051600887440145,42.26352589522504,26.991865568771978,39.34547542903335,27.91014963693558,11582.399999999969,1405.5456437454802,2164.0508069281595,1365.5071127824676,161.27982734505045
406,720,63.82228678031846,-4.611673228965188,-2.078628891019641,-1.9874921758564221,0.5407748930934226,,41.552527888910845,41.31253399187699,0.6527078279759735,40.659826163901016,0.0,42.26341319022912,26.10339934191401,35.09801564113276,21.49591738320161,11582.399999999969,1479.3810318688493,2221.245150549793,1324.7994143581222,70.29756106576976
407,720,85.28223838611855,-4.719534889759402,-1.8436654580218528,-2.3863434434979682,0.48466307788533436,0.08864431083202362,40.67294841888361,40.111573103116825,0.6526517437305301,39.458921359386295,0.31071214587427676,42.263737011538275,26.560631649748796,33.264559731184626,19.5925969847025,11582.399999999969,1319.277819455063,1994.3846249778671,1390.6101933043951,163.64350408713057
408,720,72.48356139485578,-4.12683668733834,-1.6519396351866567,-1.920328196538671,0.5497237693042125,,41.91067860880867,41.64447490312159,0.6543177536223084,40.99015714949928,0.0,42.26360326927391,27.777535660967583,38.1829720328936,20.75625735089909,11582.399999999969,1496.259438118655,2254.6542868784636,1325.5402309882081,207.51067116269894
409,720,78.30030743693737,-3.4685314498972355,-1.1531603835731241,-1.7624110871110508,0.5476291238857925,-0.044722218066453934,38.64357068389654,38.07076853397302,0.6528082906734198,37.4179602432996,0.31026388402096927,42.26339472637823,30.682946569429244,36.522457293943255,17.762649570321784,11582.399999999969,1473.4643122446857,2247.981182577388,1369.3431619717894,119.28687810575714
410,720,62.787462482041114,-4.639383278154241,-2.0848769475631665,-1.9821956538843595,0.5669863948274589,,42.037153468001634,41.75655570300296,0.6530991224572062,41.10345658054575,0.0,42.26173092223952,22.83747891429945,37.33347781830917,16.908664156537213,11582.399999999969,1528.187464601735,2322.9703392660517,1273.2478348741317,218.60905916019945
411,720,80.18078866806492,-3.583319533627991,-1.52234044284838,-1.5556889150267295,0.5001463164873922,0.013334900140762329,36.815267900936306,36.318627287168056,0.6519950334914029,35.66663225367665,0.25252149999141693,42.26356482107972,28.613400610491237,32.75212995046694,27.19755278543299,11582.399999999969,1343.198784704365,2055.973795936237,1395.8583858783372,33.98429047467155
412,720,83.67690094446918,-3.4749439936543074,-1.3936548745768504,-1.5477432131499675,0.5283062447046891,,40.48121930193156,40.2344084919896,0.6517007129732519,39.582707779016346,0.0,42.26378169666802,29.321204471337293,34.67262036233299,30.049894588412663,11582.399999999969,1416.9639103851468,2173.7788080539513,1392.9422971026484,29.206852478180362
413,720,79.10606889498607,-4.74523691920866,-1.8918988278111044,-2.2918399561158855,0.5561764904372617,-0.022973785176873207,46.65896946610883,46.14689350593835,0.6518647752236575,45.495028730714694,0.25133457500487566,42.26384254767371,26.821620687237804,30.0500830352331,21.349925156039127,11582.399999999969,1528.498624013765,2282.1244856564967,1358.0799320457886,63.248198104211134
414,720,83.12589396573999,-5.866936788768296,-1.868667564587065,-3.521199897139725,0.4723017416615847,,41.004166895058006,40.7428408570122,0.6507204622030258,40.09212039480917,0.0,42.26335838649072,26.769664432267447,34.324236452905836,5.889803729432388,11582.399999999969,1311.2278749083016,1943.3305906907651,1385.3873065388832,102.7353120176487
415,720,74.30016144886278,-4.969149897739509,-1.850780371257909,-2.5485517965990474,0.5644928418288472,0.09682261943817139,43.22558698593639,42.64897293201648,0.6495158581528813,41.999457073863596,0.3089761200826615,42.26346563487902,27.19759107536493,39.378435845755874,21.06876229345663,11582.399999999969,1550.4167922370204,2314.7084530713023,1316.9327673184464,217.95701862692445
416,720,76.40220461657432,-2.4087340606491483,-0.7802777430170454,-1.1048909827047755,0.518458057413232,,39.83541387482546,39.59039101982489,0.6536545210983604,38.93673649872653,0.0,42.26384757389129,31.729156111346665,38.32283471628607,29.651366636339404,11582.399999999969,1375.587087757612,2135.162050292432,1424.1852334596442,65.47815123330552
417,720,81.41908659667526,-3.7100607790383284,-1.5058236364484003,-1.65282232664769,0.5463289653601815,0.11393008381128311,40.5850463451352,40.029304877854884,0.652528413105756,39.37677646474913,0.3098656921647489,42.26372919535358,28.214319431036586,30.683864866158817,23.064815596431888,11582.399999999969,1468.1909734711937,2244.4296812226926,1360.927069901976,114.53982240844468
418,720,78.51991887796834,-3.233514370231366,-1.5121083178741084,-1.1448224205325854,0.5710726454934865,,37.420037479838356,37.193359448807314,0.6526007454376668,36.54075870336965,0.0,42.26351045858869,28.309814395281606,32.364539789026594,29.25566677603215,11582.399999999969,1512.3694760714527,2343.0216245220695,1313.281617684423,93.419838146159
419,720,87.19361821526053,-3.771753878547059,-1.4515864318130338,-1.7924279215460701,0.5227130070289886,0.0001777726865839213,43.38413931499235,42.81340159592219,0.6529448449146003,42.16045675100759,0.3100087239872664,42.2635286596529,28.940269039187093,36.85939158129759,20.38691949919496,11582.399999999969,1413.7867548013037,2152.399426261524,1454.1291506704445,126.29365802093528
420,720,76.87349362843428,-3.861032047183396,-1.8935938356139976,-1.413544117926975,0.5489229205186155,,40.80176236201078,40.60445039905608,0.6504335599020123,39.954016839154065,0.0,42.26385107864865,27.04879139675525,37.01658862183644,27.206926902004785,11582.399999999969,1463.2223657516583,2253.3518610751003,1312.4219288109334,54.9701093300141
