episode,steps,final_battery,total_reward,total_directional_reward,total_battery_reward,total_movement_penalty,loss,episode_time,rollout_time,inference_time,env_time,update_time,peak_solar_w,mean_solar_w,start_battery,min_battery,idle_mAh,motion_mAh,path_m,turn_integral,net_displacement_m
1,720,41.29942325497654,-5.847491465995286,-3.3887689000516685,-2.0275071156279223,0.42812304600451706,,139.52389190206304,138.7535702260211,3.6123863661196083,135.1411838599015,0.0,42.210907527658286,19.232210618962007,39.14720094663166,21.44416753418251,11582.733234258416,1209.8503687364407,1769.0573303833896,1347.008124161317,186.87014859086227
2,95,0.0,-17.52858915895763,-0.7109686821756879,-1.1148334004387763,0.05246731480657718,,42.42953325714916,41.51387115009129,0.43804531800560653,41.075825832085684,0.0,14.586539203698283,2.1017837122781695,38.6361344715499,0.0,1540.0652121576686,174.67100087447596,217.55845188311443,175.4453277152756,35.3933707613044
3,93,0.0,-17.390821576196164,-0.5545919715805775,-1.0796288892646309,0.05623542957349592,,33.67532922211103,32.85247651999816,0.426149794831872,32.42632672516629,0.0,9.849748104553962,2.411528485231018,37.31749155113408,0.0,1506.1081046785575,184.40391923911548,232.38073211100738,164.8776636813052,59.352965516119816
4,71,0.0,-17.751227836687505,-0.5870575577644618,-0.87596984072868,0.037949923152140935,,31.78222705796361,30.94650261499919,0.32552597345784307,30.620976641541347,0.0,3.6749642047877327,0.9675483047826836,32.60506633660313,0.0,1150.9393211999036,128.5880057761353,158.45114659713028,150.9873716246627,14.287819943835633
5,67,0.0,-17.501052007551863,-0.28074073291007695,-0.8302218445022356,0.03976415776713493,,34.544349557952955,33.677307256963104,0.30682016257196665,33.37048709439114,0.0,3.680920181315776,0.8024069870358371,31.934467211676136,0.0,1086.112846056149,131.60591778790518,164.6102718262288,137.77044048709706,3.0658005628321656
6,116,0.0,-17.28751502550289,-0.5784550731929766,-1.5132990281936292,0.07025629005079426,,49.341911394149065,48.43384657101706,0.5278233587741852,47.90602321224287,0.0,23.096114958163753,5.485621062944997,37.10250840008173,0.0,1891.0543076686913,233.70595136013944,290.63516385987634,210.04502476394217,17.067962129632974
7,206,0.0,-16.93961298783565,-1.3024143404765351,-2.646961410061948,0.11452418309819008,,65.48149952315725,64.56549027003348,0.9350703707896173,63.63041989924386,0.0,32.26435349116964,9.859565395723584,33.878278012165936,0.0,3343.650103996622,382.36301026944113,473.67735923896134,365.0810430378194,40.27636349681732
8,163,0.0,-17.105418198832403,-1.1924555504291328,-1.859136667975211,0.10312209374852546,1.5337611436843872,60.718581357970834,58.421475467970595,0.7492969152517617,57.67217855271883,1.3958653199952096,30.394516340610746,6.993032209006727,39.74196736977151,0.0,2637.219447694509,335.64448927368096,425.1413428854681,292.54501795136247,92.17911834519909
9,64,0.0,-17.751754145217976,-0.4904185177259665,-0.7986085277670035,0.037425912505416326,,30.713933668099344,29.872435135999694,0.2952224740292877,29.577212661970407,0.0,8.697273218995667,0.8594477176350976,31.030269168599645,0.0,1037.2380379053282,125.12128197960318,155.61707495443807,135.6692405887352,51.16970761953024
10,720,45.299615273623694,-6.402862409325201,-2.9798938694409993,-3.018799031703927,0.40120645874029337,,145.15381110901944,144.34211947396398,3.268896642839536,141.07322283112444,0.0,42.13811133719088,19.146359580315828,31.330324154429672,12.289734863481174,11597.850178020492,1167.2847668682025,1657.2285658864755,1344.3877464426555,256.25273969671196
11,80,0.0,-17.514298856398167,-0.43801277718482756,-1.0072422380510617,0.0437418363040074,,43.10726922377944,42.15233505796641,0.36718165525235236,41.78515340271406,0.0,23.925160637019683,2.230344197410761,33.28931871920549,0.0,1298.7140794048375,146.31392349668425,181.34777687024445,162.37588260488272,10.04594953032639
12,96,0.0,-17.29645646910616,-0.5321972973066941,-1.08160227308157,0.05725424173367308,,33.97613853914663,33.182165306061506,0.4376961903180927,32.744469115743414,0.0,5.533203636983918,1.4907082779959382,39.26355380405157,0.0,1554.15334605692,185.4160554435095,235.5609721874556,179.35984974469847,41.28593117317911
13,720,37.588994843873685,-6.324418539167825,-3.580453490561518,-2.297776216725917,0.44277734257437784,1.4783755540847778,137.11050308612175,135.09903027210385,3.2734398441389203,131.82559042796493,1.2630692448001355,42.2502812470839,17.540146240508182,32.08269165778888,18.643641941889893,11584.22373046545,1272.5608491267026,1826.0192298534005,1325.2860099128284,260.4937430443536
14,720,55.33098105763088,-7.043914166243083,-3.4428335017679004,-3.1762314329659946,0.4217492142769063,,134.35027329600416,133.66881360602565,3.276606725063175,130.39220688096248,0.0,40.78610589071786,17.232394738490203,30.61709432254695,24.73812071278928,11582.400536419724,1263.7501706471164,1743.3774287247527,1339.3500611052052,269.2773109569039
15,107,0.0,-17.360026276246423,-0.7303879427893603,-1.2179003765051006,0.0613245276133092,,38.21997120697051,37.44368034508079,0.48889236082322896,36.954787984257564,0.0,17.012587670244493,4.598088083464313,36.077340457241185,0.0,1730.4400198480946,201.5759206895647,253.27387797192466,200.3512918036961,21.44946525725758
16,74,0.0,-17.666488393647874,-0.527132819964538,-0.919906200406698,0.044101927980445654,,29.18129303609021,28.367037352873012,0.3379233570303768,28.029113995842636,0.0,9.604482083548442,2.22691450466735,32.185571302450306,0.0,1199.8334956665462,145.83261314750794,182.05523070593654,152.51550339443335,15.311133554269196
17,86,0.0,-17.64176686246022,-0.6784517954332163,-1.0384970273009917,0.04947007237346333,,29.633069202071056,28.820436666952446,0.39378375303931534,28.42665291391313,0.0,12.472198539268554,2.6308514665882923,34.04829952687969,0.0,1394.0448382470215,163.79852574456825,205.01214354758264,165.74277559025558,43.141624799843065
18,720,65.88325943247185,-4.9366348669790305,-3.1617025921951996,-1.346905839179025,0.42498102618665795,1.3085949420928955,140.47464973898605,138.4144046921283,3.270525509957224,135.14387918217108,1.2507514599710703,42.260157788222074,19.215471526589244,37.158473236771854,35.15698363174571,11582.399999999901,1199.842864956398,1756.9199251463058,1333.6956666616406,252.907589355719
19,119,0.0,-17.2446553524958,-0.7919306539323011,-1.3306908524469012,0.07153139760767444,,38.617973427986726,37.81788681191392,0.5417624951805919,37.27612431673333,0.0,25.080279916999427,6.7396357906625175,32.48483985643504,0.0,1922.2457565903574,233.90037963109955,295.3408749528673,227.77318632712024,56.24626235231711
20,90,0.0,-17.640761203058545,-0.6184153508473114,-1.1890415724979624,0.05782745218646669,,36.66832744493149,35.83335693995468,0.4112246420700103,35.42213229788467,0.0,25.57989889374141,5.650561023151417,30.79214438261132,0.0,1464.468762351114,189.9079693322173,237.70026309166775,171.57779770398517,42.41575894568287
21,720,61.28869429484837,-6.796244795836276,-3.4284063208599442,-2.9404885086439445,0.4244055768163089,,133.3029063709546,132.52853813907132,3.260777115356177,129.26776102371514,0.0,42.255868444679,18.629289344505235,34.87120370395095,16.325942424086097,11588.662590191234,1234.1825270115623,1751.5306019309244,1297.308855723156,310.02033241570547
22,720,50.63531489256765,-6.27546931709194,-3.0342667713760125,-2.7979784241189427,0.44003404565942333,1.106566309928894,148.20264353905804,146.15048287902027,3.2617983971722424,142.88868448184803,1.2612146399915218,42.13411081623369,20.442406038257662,35.230681965545344,14.44156087157548,11593.839284654501,1255.9936788734028,1812.8070038731967,1295.2038813892484,241.43415836472192
23,75,0.0,-17.55814534200523,-0.43384960132492817,-0.9221271950174865,0.05178143713990827,,35.04683557501994,34.21770412102342,0.3452189229428768,33.87248519808054,0.0,13.78138617748201,1.493511155458029,33.78827009507979,0.0,1215.9158666515214,168.16665869133678,212.54857949351123,126.24531567018805,43.7410060573025
24,74,0.0,-17.772748022689502,-0.6004399279581683,-0.952115199433794,0.04487276290656512,,26.544021690031514,25.787467885995284,0.34192754165269434,25.44554034434259,0.0,25.119954157518517,2.747331593833226,31.614488293545655,0.0,1202.3155161298575,149.16593230182337,185.59831186122923,140.55362110907427,38.15959867475979
25,720,60.29933990522047,-6.017388907472396,-3.227576434267399,-2.3907010495723218,0.3960232907464968,,140.9107593500521,140.1536756621208,3.2826962983235717,136.87097936379723,0.0,42.23577979396899,20.086122165367115,37.01561209959996,23.010519473154638,11582.458728679576,1141.2152205692314,1637.0847275643162,1364.572430514027,109.19540227730765
26,68,0.0,-17.803700288594165,-0.6002315246737289,-0.8460016057392202,0.03225391307196516,,27.016303041949868,26.214849298121408,0.31888810615055263,25.895961191970855,0.0,9.088033748928032,1.5888080805276426,31.050564611894416,0.0,1101.882707832393,109.11119219872701,134.22680244182362,135.20056032650635,16.894784780166713
27,720,47.05655313673024,-5.304890938306545,-2.819150908559011,-2.0550336507812133,0.4275876135040001,1.199064016342163,153.73890263191424,151.68910551280715,3.265249587595463,148.42385592521168,1.2602741501759738,42.263762657163326,21.63413350917642,32.38423915216037,20.24819780499854,11583.979219849265,1209.8539798380596,1767.3458509848333,1355.1177053372537,175.30115464340588
28,720,79.0266640310636,-5.188459160094283,-2.457840485302364,-2.310257686262862,0.41727694933733844,,109.85501637402922,109.03829832095653,2.9081378404516727,106.13016048050486,0.0,42.23742016940774,23.62357635121577,35.106600231573424,15.8406700260848,11586.415863330898,1172.0245905893057,1726.4672473924293,1359.9596585731908,27.139143814905598
29,94,0.0,-17.655601923169055,-0.8183196688001588,-1.1056239325267727,0.05627679962426342,,10.024402716895565,9.775951620191336,0.14262548740953207,9.633326132781804,0.0,8.476543434307828,2.448718038936272,37.48588658343736,0.0,1522.8056140112978,184.72569142467108,232.13826802775586,166.37232920495205,10.36947043456968
30,164,0.0,-17.07585314877086,-1.0215321249281062,-2.032982598078878,0.09565713701011125,,13.684842164162546,13.447754719061777,0.24878666969016194,13.198968049371615,0.0,28.801894519481966,9.06368969615466,31.8385354765012,0.0,2654.875969528018,316.9653928426849,395.21312344795615,309.54855465082755,54.573606993265074
31,720,65.57537435269533,-5.329207057536678,-2.7885744012498854,-2.1148805715407493,0.42264674311822636,1.0551460981369019,40.31652083201334,39.449762135976925,1.0842577903531492,38.365504345623776,0.6091153279412538,42.25139248415416,22.552645213967658,39.42926311990025,18.973679578761967,11584.428600604058,1189.8337661463854,1745.994870773158,1369.4652901880024,152.95828694704966
32,86,0.0,-17.6657975691119,-0.7287975810963081,-1.0064100443341943,0.05519787934384192,,11.700120163150132,11.427830216940492,0.13073832564987242,11.29709189129062,0.0,11.383636922384845,1.8173915412739234,36.883548350590154,0.0,1392.3991121344309,181.3174803318354,228.12570641300755,161.07401814194824,37.95187699255356
33,97,0.0,-17.43093425306991,-0.6246561936305174,-1.1474124387738351,0.05845169921251808,,11.800478033022955,11.539095474174246,0.14709701063111424,11.391998463543132,0.0,16.58576587819371,3.560431064972183,36.04438066252045,0.0,1571.0301375655988,192.64607127756403,241.57018872667103,173.33859073796341,25.855603751985104
34,116,0.0,-17.31922601046142,-0.7346121319219981,-1.3875641564589407,0.07148229166049441,,14.428513477090746,14.148474714020267,0.175776552176103,13.972698161844164,0.0,28.651991753193727,4.889745158826352,38.262932491149265,0.0,1881.2528230438456,231.47500068442747,293.2763524105392,199.15444234871032,20.3748390820117
35,720,41.95930294729583,-6.5419951010885615,-3.080076992456423,-3.0271137086433164,0.43166690633311344,,40.62976005789824,40.39321544696577,1.0810482115484774,39.31216723541729,0.0,42.225452832757625,17.86288217863779,37.285687888590516,23.080052686172394,11582.465036435167,1265.4488764942898,1784.0819192680367,1367.0051470430237,95.96488928635358
36,146,0.0,-17.08077499578311,-0.8524324547706211,-1.7640141160337506,0.08869317088173372,,14.68021137593314,14.424833280965686,0.22106428304687142,14.203768997918814,0.0,28.330542109518557,6.75716881476338,37.89902905148855,0.0,2366.5227759177133,293.47037075498855,367.21117769934904,283.24611011932717,61.982662973367184
37,115,0.0,-17.52421294075951,-0.7632655663011318,-1.5473205571242419,0.06316731430977755,,10.381709615932778,10.121882235864177,0.17396894935518503,9.947913286508992,0.0,26.142393243703477,7.1949123926046,31.79703470908008,0.0,1874.108597265996,211.30965545019328,261.13804769107503,238.1839423564354,33.209892881029994
38,720,64.49035062156918,-6.584253996398705,-3.1213729810900057,-3.0167671108173,0.4428655714661917,0.8103689551353455,41.00354122999124,40.06359569984488,1.0844480253290385,38.97914767451584,0.6963182389736176,42.22983354840369,20.428538201795643,30.480247750408523,9.58454211135378,11609.643876851596,1280.1720975207268,1827.2740604214946,1320.627416415924,151.50970052614744
39,108,0.0,-17.51363714378815,-0.8018134363916961,-1.3210743977095176,0.06529934347331114,,10.18222819105722,9.946179402060807,0.16399486595764756,9.78218453610316,0.0,22.39037254416629,5.226774250838474,34.24941091533704,0.0,1751.0054033588249,214.88998468140576,269.1563669542062,195.8321468915996,52.740957668744585
40,720,57.85519890469635,-7.750760601976394,-3.5991252825367837,-3.7329568722179913,0.415469163768299,,39.00148961902596,38.77600202918984,1.0834236626978964,37.692578366491944,0.0,42.225277007588275,16.959398336830784,36.31914441270065,18.380388313963245,11585.725272885913,1248.4139472840413,1715.1089433839797,1347.5428963630052,52.76943283104466
41,85,0.0,-17.65394319707273,-0.734801115070342,-0.9701194840202834,0.0486983539045151,,11.292271982878447,11.014157430035993,0.1293352374341339,10.88482219260186,0.0,5.7795146493981235,0.7273143327544093,38.26160715003977,0.0,1375.658070487914,159.82952064686353,201.7371730522617,155.93001172563567,34.08417611542072
42,720,69.04908778743622,-7.042389926458919,-3.0139502671983083,-3.6020644551644345,0.42335916519432676,1.0041230916976929,43.91910037281923,43.045109044061974,1.083343360107392,41.96176568395458,0.6084239890333265,42.25179777487382,20.859437647491646,34.04311606685021,10.1614669503163,11614.3386876576,1235.8003391542777,1747.501099927324,1315.8808827265623,86.5403520716661
43,72,0.0,-17.67059708974296,-0.5234089966831257,-0.8819976049030318,0.03993847312397858,,10.630064531927928,10.343390750931576,0.11051782360300422,10.232872927328572,0.0,6.484172587067037,1.0460121837338303,33.229654697673716,0.0,1166.8821003793319,131.12296437366388,164.3875126982913,125.94062586243102,40.67462679785339
44,720,56.35928563120988,-7.766889407135764,-3.495239231264728,-3.831604609474872,0.4369390004297848,,45.08787882281467,44.84285898110829,1.0842147250659764,43.75864425604232,0.0,42.261114624278484,18.311758467215643,39.79468168188538,15.173408399758301,11593.378471454233,1290.030481635515,1804.3621463200463,1320.4788677095205,114.10434519079988
45,720,51.321405894665325,-6.757779125339671,-3.03325443475287,-3.2806014709882634,0.44082755233434007,0.7550089955329895,38.70512092998251,37.924595563905314,1.0825711234938353,36.84202444041148,0.5282645190600306,42.26358533424293,20.194085564073834,39.68527817643154,11.035610355484966,11606.041732687148,1272.925237280207,1818.6595320294139,1298.9711550559227,197.70800822130997
46,73,0.0,-17.48164150798334,-0.3220072972100815,-0.9168826068314581,0.04246433018041572,,9.595791721018031,9.326988582033664,0.11129477014765143,9.215693811886013,0.0,9.085212074590979,1.4175800675926098,32.73588344897897,0.0,1184.6573002115877,141.0263779490051,175.84039299805525,141.333659017517,39.07618326314912
47,720,58.15865527526848,-5.564612124711065,-2.622536105399738,-2.5013942764712365,0.4374593319156104,,40.81819843593985,40.56845969497226,1.0819682604633272,39.486491434508935,0.0,42.26017977540294,23.136073348848953,30.74319146432036,13.085967720222891,11592.671428928143,1231.6048259429283,1804.6224379320254,1332.326076004122,5.456556372869262
48,720,49.79955896330164,-6.524826119776462,-3.34414967435779,-2.7297874182382698,0.44744258250344743,0.7587970495223999,45.7288036539685,44.98083291016519,1.0841073172632605,43.89672559290193,0.5270507289096713,42.26269688053607,18.57092728514705,38.94403490541568,21.374928245494498,11582.75039452413,1290.232044013463,1844.946892158697,1354.8939902054697,142.4110022167585
49,720,71.49059909258816,-5.641964147140086,-2.5285728269374723,-2.671740022934364,0.4381906228329867,,40.96743777883239,40.70249360310845,1.083424701821059,39.61906890128739,0.0,42.26354644204919,24.071019161632723,37.7487330231352,10.930971148022826,11605.163122331105,1236.0708626133892,1810.7378847290506,1402.8488960477373,78.97330650642677
50,720,74.04807416989735,-4.9752767922100665,-2.4225975143783134,-2.1139588456055893,0.4354767455320124,0.572048544883728,41.44034881400876,40.64911664510146,1.0826762793585658,39.56644036574289,0.5231998921371996,42.260598085514836,24.152152433758125,31.441724242543888,17.745148726684423,11585.94134927058,1213.8102558460514,1798.579737934403,1364.5262989462492,31.193538842473178
51,720,55.055671824663776,-7.3493743446068684,-3.4570693812726683,-3.454306763056708,0.4349549421306316,,42.78525416995399,42.547938097966835,1.0806819086428732,41.46725618932396,0.0,42.26363632146724,18.625657904772126,38.34600889163951,19.24420739329123,11585.63462739199,1272.9276313276512,1794.564979435693,1290.5205372257265,67.38770570960759
52,720,76.72880546498783,-5.056703067767474,-2.3380241330218365,-2.2779967618466324,0.43751477481163664,0.5284720659255981,39.252227031160146,38.504901475971565,1.0789941810071468,37.42590729496442,0.5231691431254148,42.26358515055221,24.10074896609906,37.040551610625556,20.89577580686172,11583.556291137522,1226.2390104898693,1806.075964301648,1342.2626865398663,95.72648624159181
53,60,0.0,-17.458825385972276,-0.14149151038742133,-0.7541643974008666,0.03790599957075048,,10.918995010200888,10.630909808212891,0.09230688470415771,10.538602923508734,0.0,1.8753540073139277,0.17860442390666156,30.727836906438505,0.0,972.7663200224904,123.52785869403057,155.7305983798462,99.6678996499691,13.872023813800327
54,720,59.97363876752727,-6.148917284109054,-2.8022153693673313,-2.8963676149772994,0.44708308676313696,,40.573161265812814,40.271195377921686,1.0840562446974218,39.187139133224264,0.0,42.26366629542361,21.951263121138616,31.52489170170021,16.69781016327209,11589.83459819378,1272.6729796521238,1843.4560625679162,1342.6227783080665,41.32462842717822
55,720,77.77261594944285,-4.982792685410097,-2.259240903429259,-2.275024621038185,0.4451711437979324,0.548512876033783,39.008440705016255,38.23654269287363,1.0810195317026228,37.155523161171004,0.5290510128252208,42.26329501107124,24.775862194524876,38.70029983775102,24.099227690728625,11582.409081812168,1240.3266314043806,1835.556545305503,1352.7795912619338,89.64351037012327
56,124,0.0,-17.352984276314448,-0.7754274716665194,-1.5749257146068691,0.07708473921644254,,11.691714299144223,11.44871550402604,0.18793523334898055,11.26078027067706,0.0,23.796894456654204,6.869584211054646,33.706951240988936,0.0,2014.6829271625431,254.50327406424037,318.24955175561183,225.08238310779836,18.209418496762023
57,720,77.09412840299665,-4.966149275817154,-2.41046707781566,-2.100657206861164,0.4517422863683404,,39.94714262592606,39.69350769603625,1.0802780149970204,38.61322968103923,0.0,42.263900142749115,24.03508927252732,39.141981916977464,22.67844651985504,11582.477988287754,1262.4373531277959,1864.3881090624368,1322.9332312487136,28.281928791881516
58,720,67.59640858602943,-4.994541486438134,-3.107681577197643,-1.4625827429268698,0.42130216374465557,0.2065182477235794,44.77327382797375,43.8740320908837,1.0824425220489502,42.79158956883475,0.6018589360173792,42.161181005545586,20.284687144092498,39.14989419618158,25.746896124641104,11582.399999999916,1168.7651297474347,1740.8278525431356,1354.2040346854117,126.87247067947638
59,720,57.7269715125978,-5.8946859145157084,-3.008545998628483,-2.4625705926806662,0.4201774540308913,,43.15822734311223,42.91525824787095,1.0809709886088967,41.834287259262055,0.0,42.263906956741266,20.14431436928122,30.996251132770357,13.785261157504552,11590.17882472687,1206.7216525866563,1735.1858949758437,1332.2804891945523,99.27203457491055
60,720,67.01653124270878,-5.362884577593203,-2.4640548338803714,-2.4476545623460377,0.4479153609539801,0.4094124436378479,40.47946867509745,39.722496163798496,1.0790888124611229,38.64340735133737,0.5213992798235267,42.26377792428921,23.986362805113437,31.192819613567664,17.542831127089602,11584.477423915061,1263.7145359046015,1848.1063737320803,1330.3702711094868,63.343009132787785
61,720,58.05975026472668,-6.245839313422231,-3.237057254086037,-2.583588970706571,0.4221315102061209,,38.933720958884805,38.705011151963845,1.084188759792596,37.62082239217125,0.0,42.227951644348046,19.030657733622498,33.37204950515413,23.2430172103022,11582.468044938927,1208.106385405557,1743.1779781277446,1351.2147442299345,237.14909201685666
62,98,0.0,-17.547915137027815,-0.7648419794108814,-1.1446608229561277,0.06295682859590798,,13.667083856882527,13.38978948094882,0.14928163005970418,13.240507850889117,0.0,22.266374986496007,3.0538417569648226,37.50780246732952,0.0,1587.0183200668705,203.60314302440636,258.79824722233553,167.81691768280652,53.84832637143375
63,720,51.64922256454146,-6.642157935128045,-3.4236474134618318,-2.775318580191371,0.43994907964144453,-0.11327269673347473,41.230619420995936,40.384128864854574,1.0866406494751573,39.29748821537942,0.5999576488975435,42.2473360334776,18.69705973421463,39.47195149268061,18.82966665200366,11583.973959770938,1271.263736761267,1816.897970148491,1361.310780619658,181.26214054984496
64,184,0.0,-16.751002955151286,-1.080060920890083,-2.1336513447888867,0.11146940578518667,,14.28053425787948,14.044644087087363,0.2778172609396279,13.766826826147735,0.0,29.551234141249953,8.246642101725524,39.02721954157221,0.0,2977.06777651221,367.35573029952235,461.30469325332365,339.60843350923955,56.04045919013617
65,84,0.0,-17.651601675576273,-0.6429780811688873,-1.028636552260842,0.05458546258003881,,10.328447906067595,10.051644588820636,0.1276428282726556,9.92400176054798,0.0,20.892613343577445,4.525318484423329,30.571165588658257,0.0,1359.7264561519958,179.96506356731834,225.49897265079667,154.38711397668754,68.03822165049834
66,720,35.671252127571975,-5.938664582068798,-3.1841085302463785,-2.2959237366214085,0.45517479575120345,,41.62218870292418,41.353699452010915,1.0822849108371884,40.271414541173726,0.0,42.26347252976599,19.588904685999466,37.520101400148484,24.185179756118668,11582.410184646646,1294.1431257466186,1877.1419089154324,1350.030337209557,175.89648086548254
67,84,0.0,-17.584580848195394,-0.6472060984001817,-0.9587163656602705,0.053279014016189286,,10.5291205230169,10.25559613108635,0.1273742439225316,10.128221887163818,0.0,10.437744571884677,0.8575147155269954,37.93242469456235,0.0,1359.6317235595584,173.60154411046614,219.49684551825882,152.60368520714033,31.295034064656626
68,94,0.0,-17.54217741051857,-0.7245309053557376,-1.089325897128286,0.05293083716804508,,10.225893926806748,9.93815086199902,0.14216824248433113,9.795982619514689,0.0,12.916800416577301,3.0520383448018134,35.97891167887497,0.0,1521.956141676377,173.23805005600354,218.33078992841016,174.78652826392755,56.29291457141563
69,84,0.0,-17.673079090109578,-0.6262926546158805,-1.0707531368657497,0.050663839165349,,8.717045733006671,8.480519250966609,0.1274499862920493,8.35306926467456,0.0,13.31078176537009,3.708253401554565,32.0061429319266,0.0,1363.719838928351,167.99927874131745,209.20732772134264,162.92147065735193,22.711754558403896
70,720,62.71435984789186,-6.712708602085436,-2.8069214282168495,-3.4508093912873385,0.4515729345404355,0.42911496758461,42.29955584509298,41.340403774986044,1.0822156020440161,40.25818817294203,0.6980339849833399,42.26285847985577,22.242555248228534,34.49390781986865,10.322734044983994,11614.47730654893,1310.946186701186,1864.7105262299724,1338.5934872954672,102.02206304867039
71,720,44.795831806105845,-8.711487186988139,-3.7585554840804027,-4.494546998853731,0.45494465068356965,,42.89736364595592,42.63517767214216,1.0807124925777316,41.55446517956443,0.0,42.19125546600534,16.259515693037265,39.59084268514281,8.95117795833562,11607.580866460155,1376.9336870511117,1876.021567378531,1341.2796683327801,91.28860777362962
72,110,0.0,-17.545975485300858,-0.6834480557256277,-1.5143582498603934,0.07264639997234798,,11.682377986842766,11.443484612042084,0.16618630313314497,11.27729830890894,0.0,24.353056556202993,7.237389329161414,31.598607540813685,0.0,1795.312618101534,238.77276212749322,298.5805445153715,194.69714814574797,28.786813684605182
73,68,0.0,-17.49514032121176,-0.308549796775773,-0.8226390436963786,0.038667879486895575,,10.906331025995314,10.61919856001623,0.10334769915789366,10.515850860858336,0.0,2.602153512950084,0.39024495133759096,33.17733507918625,0.0,1101.2952282516983,127.54230615095813,160.0270064914059,129.60948384601224,31.626966029493683
74,720,66.04579234066314,-6.188386092172038,-3.1341653066146304,-2.615242222317012,0.43581769422919625,0.4662862718105316,42.762765139108524,41.94107463210821,1.0793803194537759,40.861694312654436,0.6049722249154001,42.263639474683494,20.0901884803494,38.1301040626748,29.794454667516884,11582.399999999949,1256.5174223041734,1798.6708510897715,1297.0426998563678,132.2109999741873
75,130,0.0,-17.144304131646734,-0.7468854392428461,-1.5406342106974789,0.08120504442875423,,10.916897512972355,10.679888681974262,0.19774776697158813,10.482140915002674,0.0,17.516610260174115,6.643612043943144,34.26861025121758,0.0,2104.1530775854194,266.1977283559868,334.77371925206234,240.1377734636662,16.751989394611577
76,82,0.0,-17.48354368290458,-0.5115659810260316,-0.9473083067744997,0.049334972485036516,,9.789059755858034,9.53695436916314,0.12456797296181321,9.412386396201327,0.0,3.3269488694870883,1.4179121739285476,36.42194968803896,0.0,1327.0572148820754,161.26585342869376,203.49461820208498,152.65369237995642,27.844862853509927
77,115,0.0,-17.273270361537477,-0.6496183186713685,-1.4040101268471332,0.0691484475299965,,13.874942125054076,13.596044328063726,0.17360680969431996,13.422437518369406,0.0,17.28073713170758,5.78963452920674,34.53128461261541,0.0,1862.6997533262902,228.98088069875877,286.1123709461743,212.208098735245,24.967926998059674
78,720,34.15268270405187,-6.75604698383055,-3.8019019722701843,-2.503134681144581,0.4478849954492894,,47.093002977082506,46.84027032018639,1.081529140472412,45.75874117971398,0.0,42.257999728118165,17.147509037477565,38.398436434714036,23.534126334623696,11582.495719746064,1283.8954376734282,1845.0905874724338,1289.7425713429072,180.24635766018065
79,75,0.0,-17.744925496645465,-0.5987777123604696,-0.948077887535004,0.04771963603326535,,9.540692254900932,9.291830097092316,0.11441393406130373,9.177416163031012,0.0,20.529738313731134,3.659397570443945,30.70659750612271,0.0,1217.0541994876273,156.76690389532533,196.70351578586008,141.07194421215524,41.76525434613607
80,720,71.08021511046242,-4.533920554490326,-2.438095966212429,-1.6471285616332076,0.4451870443182994,0.4632309377193451,40.3152097761631,39.34612395404838,1.081588629167527,38.26453532488085,0.6901666240300983,42.239516080476676,23.544780723324315,37.46442948661594,25.213895549350205,11582.39999999992,1229.1023100715813,1837.285248964405,1368.326211030141,127.31139912662766
81,134,0.0,-17.381034960019456,-0.9029794509197727,-1.7198058186676315,0.08267354285586488,,12.392904124921188,12.151488944189623,0.20305749215185642,11.948431452037767,0.0,24.359841562803982,8.054833769610328,31.06348853756244,0.0,2172.7461615981492,274.41320697915273,341.4579835282361,254.64370228944557,39.665155276976904
82,720,78.49464993565556,-5.459643251496621,-2.7638807451739194,-2.247444455248867,0.4449770838524146,,40.69926993804984,40.45833184290677,1.0786668921355158,39.37966495077126,0.0,42.23599332036203,21.97726344175601,35.5828996796669,20.526893041922776,11583.562521790063,1251.3868210398489,1833.4839344935433,1293.4533992117408,59.64605871824034
83,720,35.98849175744625,-5.5189856132865325,-2.6256405867151233,-2.430829253058016,0.4590430031345033,0.29003190994262695,42.61076789489016,41.762071281904355,1.0801873437594622,40.68188393814489,0.6014735540375113,42.263489408313845,22.27520697575742,33.71150130069456,20.187120266908025,11584.509419208563,1289.333479564345,1892.230186159728,1313.8270210705884,116.1878845489088
84,85,0.0,-17.40138157955361,-0.4622586884562412,-0.9866515759423826,0.05208684947624149,,10.30591531121172,10.034541719825938,0.13018818432465196,9.904353535501286,0.0,7.075721858469569,1.0075029025589817,37.70710318320392,0.0,1376.5912191103932,169.48116077853834,215.03777968058984,153.0977967523914,40.512895958266704
85,720,75.60496276472321,-3.98809719306309,-2.1141772973321857,-1.4520566674903697,0.41858259454454605,,37.55557108297944,37.318023398984224,1.085531743010506,36.23249165597372,0.0,42.26383846417757,25.566395336566025,39.90432458995306,32.34228770495842,11582.399999999941,1157.7459448302004,1727.3058331147922,1374.163765833969,92.97192794810445
86,101,0.0,-17.447518016808427,-0.7621268813995087,-1.115985440916007,0.0688520208262945,,10.191361645935103,9.941577279008925,0.1537104977760464,9.787866781232879,0.0,21.74414440365212,4.671411108608295,34.79061936133722,0.0,1632.6282635699322,220.96657701134248,283.041016210529,177.6194943773986,46.92829396518619
87,720,62.89016473778868,-7.377973077556686,-3.228565448293288,-3.716504791941499,0.42968700473435845,0.2688586413860321,44.39916862803511,43.48052357509732,1.0855954526923597,42.39492812240496,0.614547697128728,42.161035059954166,19.543618118622938,39.46999316849117,13.628055408403247,11597.237357505268,1267.0457695270436,1775.4097075771242,1364.5672405809437,300.94416210027566
88,89,0.0,-17.581347219553425,-0.6714564891612065,-1.0522285917232646,0.057308818596339794,,9.603543826844543,9.367253217846155,0.1371148177422583,9.230138400103897,0.0,18.978013998634363,2.9733781507270156,35.22881028805318,0.0,1440.7957656675462,185.04680516780562,234.79784457217804,150.10194290921265,98.94206099609345
89,71,0.0,-17.74881471244647,-0.5589591107602868,-0.9044337138478256,0.03511809554280636,,8.51795497420244,8.256125633837655,0.10965805011801422,8.146467583719641,0.0,10.86368774245536,1.8326937242273655,31.36103219042119,0.0,1152.4960747435518,118.00172532336128,145.14293307821,137.83871158059955,4.650383576047871
90,141,0.0,-17.04442777905361,-0.9592368666312097,-1.501822213790775,0.08277141351209287,,14.718560675857589,14.48572766711004,0.215885546291247,14.269842120818794,0.0,21.458177458639128,5.711319175958349,39.978836672064176,0.0,2278.3268300135283,268.02372251960674,341.0570759989341,242.47618897695182,53.74556265192896
91,92,0.0,-17.423937700678575,-0.5100219402454884,-1.130954305341867,0.05759786410000481,,13.379416915820912,13.112202547956258,0.1407625067513436,12.971440041204914,0.0,17.542938579353304,2.538830144862297,36.235075430312115,0.0,1493.1448082301083,187.37773620632214,236.6567386956173,172.54239689561547,52.54519156757414
92,720,84.65086454361098,-6.801462675998992,-2.7334071256718726,-3.6171759578291374,0.44757164394956805,,42.414856722112745,42.15747712808661,1.0892948310356587,41.06818229705095,0.0,42.25582140885987,21.63851458853385,36.691725776839085,11.349316084360417,11613.532045942165,1301.57277582954,1846.218101443547,1314.206357563683,246.24566662053064
93,720,31.442013831862624,-7.969865137262652,-3.8837050156605737,-3.687798970104618,0.39512272208676713,0.19251090288162231,42.18671858985908,41.23489234899171,1.0917709725908935,40.14312137640081,0.6877186361234635,42.26376006638783,15.599535397283168,33.49562184134843,15.062290650365053,11590.307714720231,1193.2804056810567,1633.2920903420618,1348.6479635763292,95.88755833025176
94,720,69.36186858822992,-6.010816618320209,-2.6604318719680022,-2.892088696487397,0.45486867163987965,,44.20167308696546,43.92940154415555,1.0925194900482893,42.836882054107264,0.0,42.26371663481039,23.199179285866265,37.86687185395689,13.525399391818516,11603.516633611856,1288.4007182025734,1874.0582839611825,1335.2351116234386,205.2361202975396
95,96,0.0,-17.430406077510522,-0.6244103966321127,-1.1261730285852152,0.05442010359856963,,10.247648859862238,10.017519352026284,0.1467146328650415,9.870804719161242,0.0,14.715393180182415,2.4134339968191005,37.63303243717774,0.0,1555.6499875962515,179.36257555063614,225.26443718542595,195.3499476398806,66.813837536761
96,720,51.781482763975106,-7.60009294089714,-3.4785108577434967,-3.6878113476091587,0.4301235877623445,0.1605718731880188,42.947909207083285,42.16182086803019,1.0908256587572396,41.07099520927295,0.528424269054085,42.248947730686716,18.82022759997011,38.9415388039746,9.780308548806643,11610.667140256963,1267.6766649616616,1778.984431858234,1392.6838766736264,86.62091048591728
97,79,0.0,-17.609239478665888,-0.5685009085252634,-0.9345473967455296,0.05576756126366749,,10.291067809099331,10.03719142288901,0.12275250442326069,9.914438918465748,0.0,6.256484747538204,1.1390559921798693,36.001172796311934,0.0,1279.8028345949797,179.70063407872732,228.94200881869224,132.54775323809235,57.608093554037204
98,116,0.0,-17.299531121022845,-0.7213194597453265,-1.377402762739258,0.07522686220104943,,14.43847820092924,14.173644113820046,0.17825138289481401,13.995392730925232,0.0,25.579374323965563,5.048150169623769,37.235709602434895,0.0,1878.787061031192,246.49452693883273,310.29143287408664,217.80178633611277,49.4917717607017
99,720,33.40850971335756,-6.8037929412168,-3.48311631714194,-2.8676294279614334,0.4496671768564111,,43.85963816102594,43.600721650058404,1.0938526960089803,42.50686895404942,0.0,42.26255760451555,17.68114805030287,32.70952512741661,18.52447202954459,11585.928779896623,1309.8731243539398,1855.0618307992386,1344.4902068169972,187.0691439717322
100,60,0.0,-17.551743072746227,-0.22918305758248517,-0.7650243888290595,0.03232064516524601,,11.070361574180424,10.78022335912101,0.09293522266671062,10.687288136454299,0.0,1.4208269422023978,0.10631983198269009,30.155222275559794,0.0,973.3385601677445,106.65034442676816,133.15206023685397,99.69944878369516,32.635756686538386
101,62,0.0,-17.8309415000238,-0.521872146212575,-0.7931125912216909,0.04070259605416237,,7.866108893882483,7.6194987879134715,0.09560110117308795,7.5238976867403835,0.0,10.054038025253345,1.1204405369830097,30.183171411966242,0.0,1006.155372326846,132.66086670709765,167.0625684489549,93.21594464061027,56.01852367384901
102,130,0.0,-17.315906233301423,-0.8696585360241299,-1.5820245441117304,0.08854668525814571,,13.033935672836378,12.795193883124739,0.19831254985183477,12.596881333272904,0.0,27.935060001719776,6.519538220611138,37.12204484058945,0.0,2110.7814513496573,287.2616351221147,364.0129190660864,229.0086603679221,59.58215950781823
103,720,47.49813902840648,-6.298362780224064,-2.958414319376005,-2.9197551521919185,0.41694155022270063,0.19651855528354645,43.98445628094487,43.03344266000204,1.0930405992548913,41.94040206074715,0.6934150611050427,42.26384072283265,19.632406051134762,36.892046011821535,14.693315198334764,11592.33648655761,1202.3972074259907,1722.4352886705785,1364.2266990237354,119.32179887471221
104,720,58.17914720640768,-5.3077897461041825,-3.0685918637544654,-1.78126422472989,0.45421353865278347,,39.018908137921244,38.775684857042506,1.0917280891444534,37.68395676789805,0.0,42.24745141568685,20.44789373516674,39.463723909712066,24.32582120015448,11582.408253946736,1272.9182887158015,1875.001408467869,1382.8165199098603,177.4923352327852
105,101,0.0,-17.606021693706857,-0.8605451100984599,-1.183658032524268,0.061358326882351044,,9.322676058858633,9.087234051898122,0.15435499139130116,8.93287906050682,0.0,16.94699940754318,3.1811173397588273,38.19520500197288,0.0,1637.4729199624016,201.78173978481627,253.9062450617616,187.1146283456152,19.955989566189224
106,86,0.0,-17.623011817260647,-0.5833513343818023,-1.107415840882374,0.056885708689067824,,8.835158742964268,8.60000371793285,0.13174513052217662,8.468258587410673,0.0,23.82245707936607,5.089761882716854,30.48204003252292,0.0,1396.2132770163278,186.77802570998074,234.11597446657888,157.3564575518481,50.00744613392639
107,720,75.47317873407434,-6.021257059284833,-2.864090979739757,-2.7071183474385676,0.4466753989261288,0.12490718066692352,41.30125911603682,40.45645638811402,1.0909856928046793,39.36547069530934,0.6077879290096462,42.26075661989729,21.455386969563126,36.38666636011772,20.279915697708347,11583.450576742838,1267.7302627161373,1841.095848451842,1347.9476131689253,158.74994988794566
108,118,0.0,-17.434692868347728,-0.741173886428473,-1.5510993873419752,0.06685959336489594,,13.66063324501738,13.395349696977064,0.18187607266008854,13.213473624316975,0.0,24.151184813738684,6.325375093768265,34.06416921502519,0.0,1921.3059630697771,223.9916915799331,276.73000645449,231.11283615712173,5.7869643021551065
109,720,56.76219995192563,-7.45833581676007,-3.502533231412819,-3.4939522245492127,0.45843883378110956,,43.22753760800697,42.9560524399858,1.0941976627800614,41.861854777205735,0.0,41.464804678323496,17.7557316803094,38.70831065059431,12.276360179331341,11602.215964411476,1347.462055772677,1888.8535265864134,1289.19908957799,129.85480955040106
110,112,0.0,-17.468119492467217,-0.863421492904478,-1.3115251156444487,0.0676792823420624,,11.614464418031275,11.360512196086347,0.17204159451648593,11.188470601569861,0.0,18.598004595622918,4.396955511694875,38.06198177951906,0.0,1814.369221763912,221.91072035564352,279.238486836319,205.24130432812808,39.19227011971123
111,720,51.46479972953549,-6.457497668379086,-3.1667576298329045,-2.8241711203907105,0.46301739373136735,0.11798805743455887,43.162521596066654,42.291756198974326,1.0958227822557092,41.19593341671862,0.6090987571515143,42.263549408991004,19.87994870176709,37.52919719096216,21.585637574431026,11582.877179571142,1326.9772769937886,1910.0243620724975,1349.2809844290746,183.89743367567897
112,107,0.0,-17.479090373451875,-0.6745617209075855,-1.3869589402039355,0.06714256929538358,,11.189392416039482,10.923293621046469,0.16474359924905002,10.758550021797419,0.0,25.657794037963455,6.325579942972555,31.907952473403306,0.0,1737.7299471880847,222.52381469986148,276.74982739865567,185.8973713230643,41.866940447535015
113,720,60.078424101372526,-6.081197784436362,-3.173953452656931,-2.4401616058349735,0.4635640596689132,,41.863380602095276,41.599500845884904,1.0954239468555897,40.504076899029315,0.0,42.20566108902303,19.320144665231396,31.921581989348613,19.697876335226777,11583.491329697004,1329.5724425914855,1912.9781193567735,1332.3844282308646,62.860471249767286
114,73,0.0,-17.76689863798083,-0.6130648715542011,-0.9055230906488538,0.047944419193586024,,7.565634950064123,7.324770872946829,0.11240740353241563,7.212363469414413,0.0,7.767427362068071,2.0987044627875076,31.980413454207984,0.0,1183.1943630308485,155.98051909697608,197.01222424624834,125.98926998466119,69.26530172990256
115,720,51.61603104302289,-6.457366765130542,-3.3229796797749,-2.7141800355846115,0.41691538391145183,0.3765040338039398,46.06125117884949,45.18405826296657,1.0946799223311245,44.08937834063545,0.6113254590891302,42.263423929553134,18.898242799760652,36.252527336354305,25.99132273006351,11582.399999999923,1212.6467830154218,1719.5912095519886,1362.6852091002215,156.1073673259094
116,80,0.0,-17.668751372148982,-0.6286512574696628,-0.9641052333513114,0.050652519562779955,,8.816134294029325,8.574763375101611,0.12320635677315295,8.451557018328458,0.0,12.180581687063041,1.9941321335985371,34.340939873029086,0.0,1296.019974778211,166.2566729816746,208.95531152653112,144.2389624667376,36.09230560760179
117,92,0.0,-17.450763740885016,-0.6005091989662311,-1.0672827774657905,0.057589911861359575,,10.987234781961888,10.747303701005876,0.14109713910147548,10.6062065619044,0.0,16.83712469767303,2.8628300961162707,36.53380050146077,0.0,1489.012702977011,187.6103342438169,237.055163493422,149.7824054401925,38.061139207688896
118,91,0.0,-17.56374562387634,-0.677393089270877,-1.0807714044633308,0.055156081864038566,,11.21688556112349,10.95814554579556,0.13963298359885812,10.818512562196702,0.0,14.503951949894047,4.1650734320794855,32.44975641751294,0.0,1472.7465484917575,181.01568396042103,227.41541599114527,168.27469478128478,38.96762714622214
119,95,0.0,-17.419524387050032,-0.605165025697402,-1.1009309391187418,0.06292339405658674,,12.415851111989468,12.118307651020586,0.14607426710426807,11.972233383916318,0.0,9.78832224452296,2.7750094512719383,37.71154088096903,0.0,1538.09578169379,204.6512016538353,259.52529233464736,186.89761244629267,30.440254945854594
120,720,57.34836250756923,-4.446913407644109,-2.733980021677876,-1.2943342862277034,0.41544063624025235,,40.3289580270648,40.10950399795547,1.0931478368584067,39.016356161097065,0.0,42.256966341032424,22.46185965569718,39.52370048053031,28.068049010782488,11582.399999999909,1143.4617073913023,1715.8786298524683,1303.3708429129963,152.31868152972459
121,68,0.0,-17.800355347650417,-0.5543810507495014,-0.8820312886825002,0.03868400008770876,,8.862600832944736,8.617972874781117,0.10451165423728526,8.513461220543832,0.0,15.438351808710252,2.605447589754822,30.026119602784163,0.0,1104.29325832743,128.06529277968488,159.33900930655602,124.85658463937021,27.140528340669952
122,62,0.0,-17.778670905717203,-0.48291827290660627,-0.7812170734571736,0.03924512269174349,,8.809049495030195,8.54597916197963,0.09591309842653573,8.450066063553095,0.0,4.760938214065626,0.8043266681134956,30.297077830465106,0.0,1005.3265104349865,129.97634151665133,162.28554314487647,127.13993695001528,37.80478956323651
123,96,0.0,-17.45175255454487,-0.6391700893961566,-1.1256769890395004,0.0614484927894784,,11.7989357910119,11.518316972069442,0.14721794449724257,11.3710990275722,0.0,15.256206096851148,2.596188416049252,38.18878223658978,0.0,1555.411915088647,198.68023375797605,252.40417949406591,168.99550521825066,42.98733613212743
124,83,0.0,-17.673678008865746,-0.6723855198699406,-0.998862750979594,0.05206891559470612,,9.583769680000842,9.31222734390758,0.12774178269319236,9.184485561214387,0.0,13.076155760733306,1.8551639440013352,35.13692054220917,0.0,1344.9060474399923,170.4787696720022,214.26736847577416,138.31663998028276,73.85158295335522
125,122,0.0,-17.3066702314102,-0.7704960841143959,-1.4800133923653611,0.08053011333238519,0.11676236987113953,16.0535467620939,15.256650832016021,0.18658231385052204,15.070068518165499,0.5272428770549595,26.531570757726332,7.718998985735485,30.45348592174564,0.0,1972.884183162938,263.38427126559054,332.0471813160891,221.55973099790643,46.922365817268926
126,78,0.0,-17.640134787823097,-0.5442972382171385,-0.9692846587552326,0.05123206146128663,,9.405036865035072,9.14170910208486,0.12062687682919204,9.021082225255668,0.0,7.940349921621655,2.6219748059550008,32.36155885765978,0.0,1265.2979789885628,165.54230992913216,210.1002901710055,116.65107538667013,33.773282992828726
127,85,0.0,-17.57316263028806,-0.5634065624273191,-1.0640625035944473,0.04538023261922476,,11.469922239892185,11.1951890878845,0.13119477895088494,11.063994308933616,0.0,13.78082927883321,3.150446597281395,32.82648409694109,0.0,1378.8101132678046,150.6725021549283,187.36711467154262,145.6145317663491,34.636911576971904
128,90,0.0,-17.5923913361343,-0.6277594240428117,-1.1334695471869018,0.055742363814828985,,11.152885450981557,10.872204405954108,0.1382937477901578,10.73391065816395,0.0,29.05370811619099,4.301116751522791,33.34065774319989,0.0,1461.4825909462647,182.22908516565437,229.20954097916095,161.45926388724112,41.43451686103176
129,127,0.0,-17.326387012265705,-0.9209829884239618,-1.4815444197098953,0.07327357682463008,,10.796390368836,10.559875288046896,0.1943611935712397,10.365514094475657,0.0,14.825249553789286,5.291402364437863,38.814208877194886,0.0,2059.909445560035,237.1216389668295,301.35275916041326,232.40376666303666,18.134847960967416
130,80,0.0,-17.589926528804103,-0.5312155342335946,-0.9868946237725487,0.04648040148285058,,10.628222987055779,10.351740557001904,0.12361407955177128,10.228126477450132,0.0,21.401937965454792,2.1177785796293103,33.687768569668215,0.0,1297.3772080852723,153.33229994407563,191.85464635872094,160.0396205391952,35.63859384694577
131,720,67.66030337378852,-7.0807195667901075,-3.063208362073424,-3.5665591843821614,0.44764006377533566,,47.11469801701605,46.822898014914244,1.0952552345115691,45.727642780402675,0.0,42.263437427734615,21.077726107269235,37.5432231858852,12.280080476297133,11607.4784820462,1289.9351523008017,1844.0869003597747,1312.8446813847843,125.83556749859295
132,720,52.67935539428941,-5.756455209485452,-3.3426361647464247,-1.9827100690567718,0.42787351556658015,0.13688130676746368,42.97177008888684,42.040057259146124,1.0964781548827887,40.943579104263335,0.6923984098248184,42.26344362821373,18.679714554445795,34.78602351623344,27.550349831557963,11582.399999999918,1222.3585460236322,1766.9198583564537,1344.5884098007546,102.48672444315841
133,102,0.0,-17.444049610580382,-0.6635869941250737,-1.2406219332957504,0.06437504910617918,,11.582527188118547,11.299010287970304,0.1572217612992972,11.141788526671007,0.0,23.628561862585794,5.908278879459816,31.418757402436924,0.0,1650.7667259021719,211.33867737054086,265.3563607561331,182.9961935256949,38.20032671113608
134,81,0.0,-17.489778589695707,-0.5239607881138487,-0.9132788127289618,0.05207807558908491,,9.84789679502137,9.601123993983492,0.12504624132998288,9.47607775265351,0.0,2.027517306223794,0.23983896077940145,38.46269569292425,0.0,1310.45180858734,169.6449739392843,215.08231705016297,159.56716699712118,39.86030038744458
135,720,64.65154659207094,-5.22613152647581,-2.599285135818597,-2.2054520436517158,0.4183934605891395,,39.642591297160834,39.39462369703688,1.0952591097448021,38.299364587292075,0.0,42.26250513923281,23.83613795490031,34.5243854819894,15.695341181678693,11589.804545496962,1169.459272455596,1725.289533206843,1270.9005329375814,203.20476528929848
136,720,54.16217975270268,-7.115478081578011,-3.0752692305949525,-3.588933296828908,0.4480487684820198,0.18333247303962708,41.11262056208216,40.2674349360168,1.0958139256108552,39.17162101040594,0.6052778561133891,42.18822640480639,20.574151918444436,32.62472807743894,9.729449241317727,11619.931127033838,1294.4457609142548,1846.981760561942,1321.5818446230537,279.5715655771499
137,84,0.0,-17.517211422150435,-0.5125258605259962,-1.0229975898375232,0.056243091468351485,,10.28717613988556,10.037117682863027,0.1300370036624372,9.90708067920059,0.0,15.314777230210225,2.947377115078365,34.352908240599696,0.0,1360.9342311795876,183.298841831952,231.5911979464601,158.03345726353018,50.897492744036875
138,125,0.0,-17.319251575522962,-0.85589914596893,-1.488383468697414,0.0743890705901932,,12.652690161950886,12.405592292081565,0.19152663042768836,12.214065661653876,0.0,26.249162531330267,7.08380572441006,32.88274058337709,0.0,2021.5011966394284,246.23785632722783,308.1627011167823,251.35605721360227,33.28126024752773
139,73,0.0,-17.613632089915473,-0.4707795726045132,-0.8956553608710046,0.04685530893276432,,9.118612783029675,8.872780150035396,0.11225654371082783,8.760523606324568,0.0,8.477021056299412,2.1111994997579635,32.352755430603594,0.0,1182.8693729496933,154.9398869025146,193.92870918246268,139.8572116862854,69.1064575402275
140,75,0.0,-17.789265490411715,-0.7032391572608615,-0.8868524716704548,0.04878815882811113,,8.931007897015661,8.667255433043465,0.11558517743833363,8.551670255605131,0.0,7.763804489547945,0.8393052496242064,35.23625184554578,0.0,1214.2295168747441,159.40411946138184,201.43476068960643,147.23062488201728,52.00157980571797
141,720,67.1029456866101,-5.010012538443458,-2.8194821104200707,-1.7882919386014313,0.39913215701336485,,40.646641897037625,40.4203028131742,1.0961631203535944,39.32413969282061,0.0,42.263841928708906,22.21646137798335,38.4550214034038,31.198227901199253,11582.399999999923,1124.6877302264659,1648.146400838894,1313.9169143906681,123.03079141716292
142,91,0.0,-17.415729793151954,-0.5350303209394465,-1.071570517937407,0.058646861454805105,,13.208959474926814,12.939876056974754,0.14006857783533633,12.799807479139417,0.0,12.117615432254244,2.4760742614625473,36.706741770876256,0.0,1474.680129583275,190.7935619537116,241.60476996814376,176.2840547446357,10.931682378752592
143,720,35.75157854489367,-6.239480809878307,-3.462414588156489,-2.314522442842554,0.4590169108165435,0.07138821482658386,45.9405602759216,45.00775962299667,1.0955386303830892,43.912220992613584,0.6896491530351341,42.24597011258285,16.598445252869006,39.550566881234495,29.156585720529005,11582.39999999992,1321.3714668149225,1892.692843252698,1368.436060565286,172.2994956135497
144,146,0.0,-17.231443129708914,-0.830334958304325,-1.940892739065899,0.08466931036216879,,15.142817697953433,14.880417427048087,0.2240842126775533,14.656333214370534,0.0,32.431801292177006,7.811014436956996,35.74868930162036,0.0,2379.658795186958,282.46399097861837,349.3247518228233,266.7858698369922,83.35802068944342
145,720,55.07844955882951,-4.673875505419088,-2.877828500684752,-1.4184827004665157,0.37423181690895946,,37.69553034007549,37.452198612038046,1.0925940573215485,36.3596045547165,0.0,42.25845446102766,21.635080960411006,33.588940537532544,28.38114181963655,11582.399999999929,1040.8791346127434,1547.1457739371754,1368.925349418189,148.76051142664824
146,76,0.0,-17.7307299944272,-0.6489655369496303,-0.9034715104912404,0.052837786029216065,,10.031672653043643,9.768765266984701,0.11641225963830948,9.652353007346392,0.0,5.670042895464051,1.3808133178729836,34.52496111512417,0.0,1230.5518674500477,171.18892206591465,217.3295689200929,138.35228437602848,27.5064533994861
147,87,0.0,-17.689686330542717,-0.6315142645168935,-1.151417704544044,0.0562748945076568,,10.287751709111035,10.032855797093362,0.13293951866216958,9.899916278431192,0.0,26.55451987057812,4.682430944936766,31.728863795037032,0.0,1416.2102957669613,186.26433712792033,232.162586156598,169.1576182672471,30.151041720218785
148,720,56.552044003061575,-6.884296026217911,-3.422550155350996,-3.0405556646085152,0.41761152189911727,0.13838526606559753,42.64057597913779,41.787626820849255,1.0924514851067215,40.69517533574253,0.6114042899571359,42.24426242974751,18.63944583611206,37.11664645423078,10.386660764486882,11600.746132095663,1224.8711580206693,1722.4065121700376,1338.4795137112021,233.3045399457732
149,720,56.18899188211177,-7.265793718291457,-3.5371489365082573,-3.2941147635830554,0.4313613826701029,,42.277811670908704,42.00180738209747,1.0945548622403294,40.90725251985714,0.0,42.1813918396113,18.03489324288785,38.96731959427854,14.189861900056746,11594.547067326223,1265.1059987404126,1781.4555846826643,1369.9752746359175,361.57785557439826
150,170,0.0,-17.051274803884677,-1.1063077996928259,-2.0610453813148166,0.10810596650983041,,19.08196699200198,18.792132233036682,0.2598597251344472,18.532272507902235,0.0,33.777074908205705,8.679371102322678,35.10765684328976,0.0,2755.0419307100965,354.4595381428063,445.6157098980435,316.42606096905615,116.21970064945171
151,720,48.3681416356244,-6.56186915265073,-3.497847205632794,-2.622977344614889,0.4374315439271536,0.1911008656024933,48.87887388304807,48.02490082499571,1.0955484670121223,46.92935235798359,0.6041534361429513,41.03183817046646,17.59801598103888,37.346340429270505,28.52924574928754,11582.399999999903,1272.746787428343,1806.3674710444689,1377.3623529890622,119.51805763219238
152,88,0.0,-17.65680557395716,-0.7566187333195536,-1.0239190070768902,0.050884721088883124,,8.920467355987057,8.667435913113877,0.13492228090763092,8.532513632206246,0.0,10.213710156675557,1.8374303757675816,36.53252654795974,0.0,1424.8110976078383,167.54302690168188,210.67329796289513,164.8894800816781,12.155394317068827
153,720,41.30498360394713,-6.525865499174208,-3.613640721402958,-2.4716249315263457,0.4370350335612011,,43.10746872401796,42.84304555389099,1.0951597646344453,41.74788578925654,0.0,42.26236782235554,17.94991605457056,36.622869593923056,19.037074018010763,11584.070713869207,1253.7336244912315,1803.2345655014237,1310.4791914362156,356.90516280664565
154,64,0.0,-17.506885183407707,-0.25229171733394795,-0.7945780735688573,0.034775561952713335,,9.47686468088068,9.219411405036226,0.0985669253859669,9.120844479650259,0.0,3.4873967786686744,0.5076026127560895,31.671330125653746,0.0,1037.3050855145423,115.32345231013507,143.8320718012287,121.18394715224434,16.927060721133472
155,720,31.028949287093905,-8.448336285010347,-3.98167696721812,-4.0239764120028845,0.43882568437299074,0.01046315673738718,44.02603705599904,43.17716769804247,1.0955592149402946,42.08160848310217,0.6051595248281956,42.25699763157261,15.148262355861508,37.78535843532911,17.003950006326157,11585.620006978705,1328.456050934166,1805.3629835466284,1308.3687361610685,219.37766801950315
156,720,62.48931776405875,-5.472347793382791,-3.173212153508855,-1.8557232561439434,0.4400378542842307,,40.66339284507558,40.420109994011,1.094919094350189,39.32519089966081,0.0,42.26360159869416,20.4181520011368,37.97838847739108,29.692293492162275,11582.399999999934,1239.3161688290381,1814.0530941227423,1314.1153735501334,385.40334162805544
157,720,60.08452512217837,-6.350847198967051,-3.2850641296453587,-2.666052726546767,0.3964430874145804,0.13094286620616913,44.99952102592215,44.20989962504245,1.0921504348516464,43.11774919019081,0.5216219548601657,42.04390796074875,18.28028645014452,37.534542817933854,23.346163352685252,11582.453385147584,1165.033531362541,1636.5189476770174,1333.1589036306173,180.72759624865702
158,720,52.74408043970516,-7.448841876364981,-3.5247984803152304,-3.5140127071027667,0.4064068939579739,,42.18628900987096,41.929077008971944,1.0975063915830106,40.831570617388934,0.0,42.25265545847831,18.28863817441675,38.15272927571048,10.255042392572996,11610.600241568396,1200.7237060819261,1677.2614428328584,1343.2697455943119,164.03843686396795
159,99,0.0,-17.4607939857689,-0.5967915603970187,-1.244376975774117,0.06916586329617393,,11.778360365191475,11.532812751829624,0.15192537754774094,11.380887374281883,0.0,20.401271260741062,4.629959640710692,34.90079110623741,0.0,1607.679729298518,223.06304154969294,283.23213000084365,145.75102934401403,86.84946658192618
160,720,82.18552172180563,-5.796075800192828,-2.7884188275955304,-2.583312608996864,0.42088500582541183,-0.057985708117485046,44.664978943997994,43.8001374010928,1.0924635354895145,42.70767386560328,0.6021870800759643,42.229779054470946,21.943610885145794,37.50336226162086,20.67837625938528,11582.971052582276,1204.9209162612915,1734.6948447741877,1325.5126579338657,306.5593863514488
161,720,44.750048010582795,-6.495569899212181,-3.465316026919003,-2.585321825114838,0.4415017747330005,,45.658281365875155,45.39733420195989,1.0944744951557368,44.302859706804156,0.0,42.23767473001512,17.416123192874604,35.25695180549137,25.6580610236388,11582.399999999892,1280.536529159751,1819.899464699111,1296.217576139501,408.5252956758813
162,720,71.61543718536679,-6.875742621565668,-3.2647963510535853,-3.1829940339158473,0.42425878764251357,0.1024537906050682,39.56588300713338,38.821197936777025,1.091234403429553,37.72996353334747,0.52267239196226,42.252782383903906,19.54095074282748,36.048439062385256,14.141924721323267,11588.703514812547,1250.4058984960957,1748.79982477505,1363.8186187701947,267.35402525574403
163,720,66.28019269160967,-6.367136246813153,-3.3978789116589825,-2.593861325003734,0.37206888671022503,,39.13259426294826,38.905288845999166,1.0924513996578753,37.81283744634129,0.0,42.2635446397072,18.439726525665836,37.946299306314316,17.043429191562478,11585.77245381616,1082.450170189956,1536.424863325291,1356.5710553154427,177.5745694435886
164,107,0.0,-17.300366884699784,-0.6600563177368937,-1.2294281708280144,0.06044137235586653,,11.713329050922766,11.469740738160908,0.16339831962250173,11.306342418538406,0.0,12.172259846194079,3.4606995458195238,38.15016733244671,0.0,1732.5085165395672,197.88433642107668,249.89609179421998,195.27573453742437,27.42536564407041
165,720,53.138682125032624,-5.482644559035958,-2.9326561057669194,-2.1546925226332516,0.3918757038698429,0.0001101856614695862,43.501264851074666,42.63518238789402,1.0896876237820834,41.545494764111936,0.6010350780561566,42.2637912222591,19.82192362221507,36.867555610092204,25.73821877572265,11582.3999999999,1131.5376653282683,1615.2738355583033,1318.3319812178236,300.83659942093084
166,720,72.92345716146946,-5.311857347847568,-2.8817790399649246,-2.0053408047258348,0.4213092943982199,,40.64909641002305,40.38052846095525,1.0933985284063965,39.28712993254885,0.0,42.26252016403174,21.660977569767006,37.02988847649868,20.847119948819795,11583.21458208573,1182.367097592933,1738.1815787337691,1306.261339664927,294.9756341475715
167,103,0.0,-17.40499895927596,-0.7078066998380854,-1.180357587074805,0.06640458658269831,,10.264455406926572,10.022210246883333,0.15788297983817756,9.864327267045155,0.0,16.348346608902478,3.4819678407739203,38.050669055093366,0.0,1666.046879296733,215.71466294782226,273.44715629278,175.5664690931509,84.0565085699809
168,720,43.20743678868627,-6.148864750930908,-3.2169934213488904,-2.5466658089976417,0.3816553721866311,-0.11694426834583282,43.73574228095822,42.88081688899547,1.0935563948005438,41.787260494194925,0.6011509778909385,42.25383205672814,20.741045484236878,38.94866390215471,14.843917425716624,11586.687424129968,1090.2566789547338,1573.2528836746571,1352.2616735572055,11.510995776745379
169,720,57.706374446532784,-7.264038130852047,-3.3233113818126716,-3.4944979252264803,0.4428022730030338,,46.997789771994576,46.72451677499339,1.0924117856193334,45.63210498937406,0.0,42.23361435123824,19.45127618127355,30.704246808702116,9.727012473096513,11610.336184074757,1291.3041377814184,1825.212410470865,1299.2623222702991,406.1806408177432
170,720,70.61055667471537,-6.844765585519704,-2.884571488896292,-3.5459437388388046,0.41069778293313164,0.09369783848524094,40.95669375313446,40.19962218590081,1.0942499227821827,39.105372263118625,0.5216422399971634,42.263448287862815,21.70009727898063,35.710015302516105,15.864552063684433,11590.30993365925,1197.2297498517562,1692.2939903434456,1343.5873756310218,265.4714256805361
171,720,54.68683676054648,-7.431878309487659,-3.6314943220164184,-3.355531741515538,0.441132692754416,,41.694013038882986,41.45470181712881,1.0952607665676624,40.359441050561145,0.0,42.0386886189802,17.512627057336598,37.03339432601657,22.026903546913722,11582.604059828958,1317.6604317812926,1818.7713931936794,1365.6550475493693,351.8206147836093
172,720,53.13585603899942,-7.045747296889657,-3.606443540950671,-3.0312549352723694,0.40462588404473826,-0.027631189674139023,39.61443472886458,38.868728688918054,1.09051274927333,37.778215939644724,0.5220330259762704,41.99280566093702,17.355846579602186,35.6762234805977,23.023354795748055,11582.524461417566,1199.5485725470498,1668.12587497311,1345.311396077063,154.7270153891536
173,720,69.89658464163888,-5.678797351292405,-2.995292167555512,-2.255376702267198,0.424854583822284,,40.49820555886254,40.250199595000595,1.0923132847528905,39.157886310247704,0.0,42.23776238270689,20.65148739629002,30.34354019043747,15.780278222252205,11588.226088605596,1205.8234701402116,1751.4297544572214,1319.32129502683,257.2748148244791
174,105,0.0,-17.41208730689657,-0.7271863789377156,-1.2102578076319084,0.07404286256533299,,9.571230452973396,9.340612179134041,0.1605967392679304,9.18001543986611,0.0,20.66607178522142,3.760415059702743,38.60074250767337,0.0,1699.813016558761,238.52230233897848,304.441885501986,186.48880112503497,108.20443825956878
175,67,0.0,-17.74707228009117,-0.5166850182743653,-0.83801580055071,0.04208632868089867,,8.710112321889028,8.454112004954368,0.10317344404757023,8.350938560906798,0.0,4.178772648064269,0.7187541939478428,31.950636675401988,0.0,1086.522326603624,137.98858638380568,173.28860026799285,121.7301242176706,35.94833986056932
176,720,63.93434239959643,-6.599176515080345,-3.236959812710257,-2.9872864934925114,0.3714999153031685,-0.04355815052986145,38.79430347494781,37.92591348988935,1.0922972573898733,36.83361623249948,0.6092876479960978,41.829274941249615,19.77038427375406,30.012409509413153,17.80124078776394,11585.564364478796,1089.784539844872,1532.4337479916278,1341.309764865045,146.42513048539737
177,720,54.60967620829222,-6.167020573791238,-3.279965934505426,-2.4638483388734795,0.41980665513338816,,42.25003058905713,41.97256543301046,1.0953150521963835,40.877250380814075,0.0,42.112470185708126,18.536736105795544,39.85122182208456,18.77287922962476,11585.544841834037,1204.7251203139165,1731.2844266184147,1338.6494061919923,277.5600945948502
178,93,0.0,-17.5405091556646,-0.6608473566104904,-1.1157049312604372,0.06359741671819803,,10.16302191815339,9.915959259029478,0.1427442270796746,9.773215031949803,0.0,18.755446766705287,4.164512722008097,33.96449695418586,0.0,1506.1088267013085,208.05851017525373,261.81467862885927,147.90239695105026,112.51610758473328
179,720,47.89985452991606,-6.97563907318867,-3.3507582012539254,-3.1718476163111022,0.44982564689127397,0.011575941927731037,45.522004263009876,44.82235383591615,1.0978984672110528,43.724455368705094,0.42318011191673577,42.2630833039039,18.830072777735698,35.25256957158264,14.40554116643589,11592.494107323542,1308.7148238921873,1851.76989385516,1277.5021248527855,352.779894681249
180,720,65.11599545178511,-6.145860293331475,-3.1998070377608347,-2.5036401800890085,0.43900199181960664,,38.24549438105896,38.00033535994589,1.0944234186317772,36.905911941314116,0.0,42.261148127087296,19.9950897949413,35.73308207625388,22.136044507409242,11582.730937288885,1255.0996932145642,1805.9520975128692,1250.662005072575,401.2927524981932
181,97,0.0,-17.378017329859134,-0.5994129432614004,-1.1188102141297946,0.059359958758524047,,10.627200675895438,10.3827799949795,0.14813282224349678,10.234647172736004,0.0,15.292041429049785,2.742006415839461,37.91763218025614,0.0,1569.9720632147535,194.09482588149297,245.04076802586863,185.671279342224,44.38438856491251
182,720,77.08555497706084,-6.770124215969392,-3.292283212138157,-3.045732432667403,0.4288493842775556,0.0725933089852333,41.25373566313647,40.45418202015571,1.0920352316461504,39.36214678850956,0.5311101721599698,41.8215547894556,19.284346656527884,38.478319224719485,12.446924269043338,11599.86230964589,1255.1557683539827,1770.1154253735344,1293.4848631173627,308.48603593913947
183,720,69.48193217883019,-7.551903560469247,-3.141742621874097,-4.040432619375749,0.36628685308231523,,40.32114382809959,40.08475332590751,1.0955647327937186,38.989188593113795,0.0,42.193375282808994,19.939509084977626,36.79513939438568,14.984626420820701,11603.957397250335,1081.995004770142,1509.5788585363791,1309.3937221068845,120.23380292927604
184,66,0.0,-17.57056846765641,-0.34371400388437295,-0.8111880774036881,0.04037243503081121,,7.592026181984693,7.354213000973687,0.10123881977051497,7.252974181203172,0.0,2.244377128184168,0.8204410123540936,32.16776692053153,0.0,1069.25569767793,133.42368916938133,167.09329356454236,127.6117634826971,43.782045176795364
185,80,0.0,-17.65043231631194,-0.5871129041087222,-0.9859544937601014,0.051945981127074686,,9.467494433978572,9.201103366911411,0.12259210925549269,9.078511257655919,0.0,13.68823682558113,2.9202423983239294,32.79351439784702,0.0,1296.3319328291734,169.1797338957261,213.4505896418441,142.59956856881843,34.29985621232824
186,720,82.57854548579967,-6.884348685925538,-2.642607581629375,-3.833694204642725,0.40451054425685906,0.22985121607780457,39.6009952230379,38.74885722412728,1.09304244001396,37.65581478411332,0.6026309670414776,41.00472972189597,22.42792024143061,34.9498845632609,11.829447123052896,11604.11654621686,1196.0214896303125,1667.1289914750312,1354.7029251840256,340.4330767919562
187,118,0.0,-17.520014584480474,-0.7870029341075512,-1.5798970754535726,0.07752171677306792,,11.262105299858376,11.03027858887799,0.18208645517006516,10.848192133707926,0.0,28.290138010956426,7.689178742459328,30.120988484504394,0.0,1919.536693366107,254.86584904454796,318.9903381049926,218.40504675123972,143.54734478767674
188,720,53.74098961586572,-7.317667730215825,-3.327286304905906,-3.616927871676808,0.37019161769317527,,42.72446535900235,42.4702196510043,1.0977814006619155,41.372438250342384,0.0,42.23374740437264,17.48462562117838,32.422971283364404,12.345933507334838,11607.707043112294,1104.9102315071718,1526.9748923320828,1296.3649715331364,262.8790334562828
189,89,0.0,-17.57044736221844,-0.6036319508316742,-1.1064701796405068,0.059793290236049866,,11.216372467111796,10.93612772016786,0.13640712294727564,10.799720597220585,0.0,18.74175642884805,3.038141010953533,35.14160718035663,0.0,1444.7466969954744,196.02239442465194,246.5663349587739,179.08237505321125,43.42166947124432
190,720,59.03894809956978,-5.352122915764573,-3.2397381240036944,-1.7539695906983037,0.3551697987429731,0.11257949471473694,36.73523633298464,35.869374881032854,1.0976740182377398,34.771700862795115,0.6108706530649215,42.26348761985037,18.882060546355838,38.79363430961369,34.28434803579576,11582.399999999894,1009.3583191463615,1463.4059820195903,1299.2581759551467,300.6580185047684
191,65,0.0,-17.768690343632418,-0.5119778981758214,-0.8107293100274807,0.045644055257338036,,7.8072141520679,7.568494284991175,0.10184598085470498,7.46664830413647,0.0,13.384023038071136,1.4354616695376339,30.725618642891522,0.0,1053.7022465187738,147.86196540408727,187.3274795662135,121.15934813657472,60.76749008627653
192,73,0.0,-17.517236943233982,-0.38061386621007215,-0.8963435304967542,0.04001199085604428,,9.336155012948439,9.083229499170557,0.11221590684726834,8.971013592323288,0.0,10.190777847978637,1.3074635218478228,32.999286525637764,0.0,1183.174486168437,133.77172732118743,165.8876305985535,147.52601829713058,48.55877653285741
193,720,72.37395199126318,-6.943277048916207,-3.3380063857686153,-3.1948099404976893,0.4069371174518725,,39.40350838098675,39.16009916504845,1.09312909306027,38.06697007198818,0.0,42.258859466432355,18.852338042187228,39.727635980940015,21.560671765610635,11583.146042396329,1183.471222298575,1671.333225641275,1247.6661195018596,389.2476228215919
194,89,0.0,-17.640366329383905,-0.6730549088263069,-1.113844783111301,0.053122029023250555,,8.997338765999302,8.742739781970158,0.13632847601547837,8.60641130595468,0.0,27.2265088802717,4.833354145761871,30.41766698346189,0.0,1442.5863448348682,175.77522910792956,219.2572690274582,155.50198977002387,74.93542867467862
195,720,51.34882376613583,-5.628417145319607,-2.850533415825246,-2.3968144180939186,0.3776822124917705,0.054907217621803284,45.30268555996008,44.45685513806529,1.091832971200347,43.36502216686495,0.6075776009820402,42.26131864391954,21.33799698262716,30.422538429908542,11.813468247803055,11597.329668876937,1075.036846078803,1553.8534719731645,1278.925141405548,134.07689433619151
196,98,0.0,-17.508063199220445,-0.7178483997382568,-1.1535784827581161,0.06129069242959016,,11.55815116991289,11.295001548947766,0.15155693469569087,11.143444614252076,0.0,20.919858521658423,3.73132319243356,36.02857537156345,0.0,1587.2806161957308,197.6152615844097,251.8248601115278,149.92265253742053,75.40078022717645
197,88,0.0,-17.65729511564683,-0.6900704273783106,-1.0854845995572098,0.05631128925955764,,9.95662524481304,9.708681221818551,0.13512795232236385,9.573553269496188,0.0,21.5389604709348,3.346664493385374,33.99864639186749,0.0,1426.2035509642676,185.3883702988044,232.53730720499757,156.46086854693863,62.67131943044156
198,83,0.0,-17.349818061313837,-0.4025759058584936,-0.9421423250447926,0.054710696942990175,,10.78193495911546,10.512175032868981,0.12763012014329433,10.384544912725687,0.0,8.81913605705007,0.736143412450301,38.27156157539571,0.0,1342.971993758925,178.19182508011872,226.03298691283962,156.46899956974283,68.00307583394563
199,114,0.0,-17.361942239957692,-0.7283724779957277,-1.3826464895266106,0.07536747937133434,,15.843385266140103,15.548332161037251,0.17504914570599794,15.373283015331253,0.0,24.102752380497574,5.9281003044503375,33.42682319221195,0.0,1844.8369953921792,245.10512974462765,309.6589350923996,202.10975110055344,51.2977599730103
200,77,0.0,-17.64525822428931,-0.511527378488664,-0.9832997259307809,0.05017782555592101,,10.835827961098403,10.561193544883281,0.11901203566230834,10.442181509220973,0.0,17.447141800234913,3.7018092604935613,30.615016664295002,0.0,1249.0794315493415,164.20533572790387,205.81833085268295,118.41894310763152,51.095680281582304
201,95,0.0,-17.38251210444963,-0.550474040331522,-1.12193868300422,0.059718163320801404,,10.736204908927903,10.468085061060265,0.14585311291739345,10.322231948142871,0.0,17.873022673459857,3.3343918632351097,36.06709014017417,0.0,1537.6885470245973,193.50689148635632,245.00907331279464,151.27581122103476,103.29988696583337
202,720,37.88218029337401,-7.034616636409372,-3.501468008804875,-3.13266116047647,0.3969103184518305,,47.183389839017764,46.92681808397174,1.0929756474215537,45.833842436550185,0.0,41.149957997392285,16.23395169182697,34.10833231376394,20.205590021523083,11583.144541824242,1177.728283730913,1636.474685871577,1359.4989599615242,209.6301845497406
203,720,64.87200496473152,-7.881430507973195,-3.536972231581874,-3.966876748311119,0.37404517563638745,0.10989940911531448,39.656955698970705,38.71340585895814,1.0900449668988585,37.62336089205928,0.6957150681409985,42.25952121038795,17.75601409928729,35.0675379495746,14.559846496963868,11599.495763585475,1122.8355847760356,1540.1997638526009,1312.9795652337202,294.5907332055903
204,69,0.0,-17.692615523159287,-0.4883875631908144,-0.8582721348803564,0.04559590330613697,,9.34557053190656,9.075942919123918,0.1067443408537656,8.969198578270152,0.0,5.186505681500099,1.1928229289972878,32.3306955248165,0.0,1118.9587106067954,149.64048231862657,187.88853022288626,140.6084158319285,60.553842976759384
205,720,29.265807528499018,-9.261730492133143,-4.021867886376518,-4.813367977514584,0.4231866542736387,,46.24032986210659,45.97288098698482,1.0971271207090467,44.87575386627577,0.0,42.0331664464463,15.149586002412937,36.67784416100615,14.188938908135333,11605.198626166706,1299.8554210010682,1739.8000343296,1258.232330888327,315.42734081066027
206,720,76.10134589663689,-6.605787540701009,-3.204739156702264,-3.0355849349817965,0.3623015654498477,0.08053948730230331,37.22540941205807,36.68357218708843,1.0917875836603343,35.591784603428096,0.3097296101041138,42.26376124388114,19.76065956134586,33.35568330296588,22.548332491891884,11582.62161144225,1060.6737650986238,1491.3353903418629,1339.7942954482244,347.8706256324522
207,720,71.29408443605188,-7.057225878127185,-3.133982201348354,-3.489505932639727,0.4302461273340526,,42.18886417406611,41.95414025103673,1.0902176424860954,40.86392260855064,0.0,42.26345408280651,20.072402143026785,32.03600130305744,12.183675563457776,11600.715307781984,1262.5767286381656,1769.7460537875556,1262.555612585326,381.4721511422398
208,78,0.0,-17.529528692659,-0.44721518635588275,-0.9561517528736834,0.05077325044620806,,11.480829785112292,11.210332866059616,0.11968398396857083,11.090648882091045,0.0,10.7034128076839,2.035426741704694,33.89085680178223,0.0,1264.4345322074978,165.47149600980762,208.9553436109816,136.8012815320619,18.05825617269961
209,720,59.09048450455332,-6.295127250467126,-3.0139662185671883,-2.925083262522087,0.35260868309601123,-0.0037629008293151855,42.83853203896433,42.13800432882272,1.0883969948627055,41.04960733396001,0.42387278797104955,42.26073330131178,21.365938673724408,35.30816698625942,15.395443441323053,11592.879989575717,1028.2531966925565,1455.9545589132208,1398.4099851493088,112.4068862407402
210,75,0.0,-17.67704294733661,-0.5237766848900604,-0.9586160944920729,0.0443380473567716,,10.327513665892184,10.055331839015707,0.11715236585587263,9.938179473159835,0.0,17.427394660907236,2.4779556886054657,31.97342950889434,0.0,1218.2829637437915,147.07857532670238,183.40975764814473,146.25025494831638,39.86871410635364
211,130,0.0,-17.32332280488081,-0.8573509618742882,-1.6074829663901724,0.0828906897933422,,11.78128256695345,11.54804545501247,0.19804230402223766,11.350003150990233,0.0,20.765985517739363,6.387048204296942,37.38551774832312,0.0,2110.9866622959994,272.73928140524185,341.7426740969347,234.6485220832661,66.74511660031605
212,82,0.0,-17.41360190353483,-0.44308514262763077,-0.9467912092647354,0.04837997781993012,,10.933197560021654,10.659139889059588,0.12571466783992946,10.533425221219659,0.0,4.228414878550314,0.610139967773775,37.50886448022838,0.0,1327.583468454152,158.04544350190866,199.56212312710923,150.34421424785162,25.076603574736097
213,183,0.0,-17.122569262460203,-1.2783807506280958,-2.275231062794805,0.11818829311931321,,17.38587452797219,17.129980142926797,0.2784948251210153,16.851485317805782,0.0,34.8218039623331,8.028657762276326,39.57334172891902,0.0,2969.354301835133,388.5120044109785,487.2119941284858,317.4394409146837,40.216787236706644
214,99,0.0,-17.36737478198611,-0.48050931444654293,-1.2735896706316274,0.06285267528168402,,10.082890365971252,9.854163249023259,0.15257298480719328,9.701590264216065,0.0,20.557948507020715,5.67367280728525,31.86531611832037,0.0,1607.893323270756,205.51385562433882,258.0864048371064,167.9344740175025,93.38972215098819
215,97,0.0,-17.472291749635083,-0.6272152509042339,-1.1772545765987203,0.06731042147193407,,12.15320243802853,11.894432211993262,0.14852860383689404,11.745903608156368,0.0,21.311624753646992,4.415132241836159,34.35212642546432,0.0,1570.8087363832258,216.28057394371513,275.61930572109014,161.7052621950628,71.26994827699242
216,720,39.394022629145084,-6.668436687019521,-3.3753135189993846,-2.901890255446732,0.38774919188908424,,41.578908193157986,41.31643110211007,1.0938377066049725,40.2225933955051,0.0,42.26296961488439,17.501386090519226,31.55651729522848,19.83331635914744,11583.361847540831,1128.1650935847344,1600.2554505379633,1413.9076825798968,271.3389934450075
217,720,49.57277330251391,-6.5460783390644375,-3.6262325919926006,-2.567289773255187,0.3493624596745844,-0.09305870532989502,44.3431504489854,43.30859359912574,1.093066398287192,42.21552720083855,0.7737732480745763,40.8494739436078,17.472844210544547,32.25633423231483,18.899962430236698,11585.26829502669,1026.2917090396525,1441.5960246111072,1326.0448989911788,176.55277630135683
218,720,76.22488783405802,-5.55512917199349,-2.6002386920701674,-2.551276972474621,0.40020308285744993,,46.16839707409963,45.913460119161755,1.0988321942277253,44.81462792493403,0.0,42.25582978027545,22.47389970490806,36.86209913079153,13.802016746907539,11597.079595548836,1141.9011666461508,1650.1447039630943,1338.6249708061055,186.25327408923937
219,720,49.815651633396335,-6.799642376943449,-3.333639268773328,-3.0671710659477425,0.39534647141117146,0.07514017075300217,39.477807155111805,38.714019095059484,1.0924524061847478,37.621566688874736,0.5252637448720634,42.26372794178157,19.409945983819995,39.5720971833124,16.47258212547207,11588.790560950221,1149.0385743603765,1627.7709511874857,1299.311033151433,184.55617193438272
220,80,0.0,-17.62411122012206,-0.5872467377416272,-0.9612677748860661,0.05024384169417984,,9.077659304020926,8.832490652101114,0.12361070024780929,8.708879951853305,0.0,11.554505723304676,3.1571106456056635,32.5547574359769,0.0,1295.9556789804117,165.5889519852593,207.64187702176932,154.75875421141595,22.47836573006886
221,720,48.476425382117796,-6.692612045476383,-3.6324965900550956,-2.680703299534413,0.37591077961898584,,38.54690109100193,38.3134512999095,1.0999629655852914,37.21348833432421,0.0,42.205852051585374,16.740275937476092,32.51625576278973,16.236705889938154,11586.736518104979,1115.3430800384276,1551.2833589421052,1339.4181285222915,106.799618285628
222,720,75.39422457183383,-6.229035555396363,-3.0006410216361865,-2.764906542911932,0.4601954133411093,0.08094070851802826,37.74397206795402,36.97157606296241,1.0961326463147998,35.87544341664761,0.5298535630572587,42.24627414162726,20.406889992867896,37.975950911391145,21.587318588386733,11582.888594690272,1320.1764136580289,1896.8025842425634,1272.5354869279577,356.2287665159828
223,720,74.6214963270021,-4.6957730820231225,-2.52400081712579,-1.703614905906067,0.4647765457051006,,41.67489616200328,41.404073811136186,1.0985899206716567,40.30548389046453,0.0,42.26280204295655,23.324493224929025,31.933527022755072,22.903642127788114,11582.547078244495,1275.8338665083106,1914.0711053874081,1276.2198034421997,259.59788434685504
224,720,66.43629217926323,-7.212848572031088,-3.3481087517222976,-3.440507497482064,0.42096739177089376,0.12670102715492249,41.9597521959804,41.164736134931445,1.098859996534884,40.06587613839656,0.5223276410251856,42.09452953158406,19.34827208678145,38.877275151083325,10.731910754544991,11606.039064596702,1234.7373840695695,1731.1592069679061,1241.469191354307,156.00050901899814
225,90,0.0,-17.489277722720317,-0.6018711747803909,-1.0581717606924235,0.053790706648644514,,11.503803003113717,11.235552483936772,0.1392947172280401,11.096257766708732,0.0,8.620487152081825,1.898574339714684,37.23501536066187,0.0,1458.3511933762504,176.33213516596854,222.29949903926303,182.376929262414,24.288225778821065
226,109,0.0,-17.434852743174922,-0.7180292334431024,-1.344447214963576,0.0717274120781167,,10.382721764035523,10.142991836881265,0.16857158113270998,9.974420255748555,0.0,26.279722167118603,5.237835036291064,36.09175993883123,0.0,1770.2941631330639,234.805484626819,295.90943977738755,212.24476856813763,65.40201448816532
227,86,0.0,-17.510889679827983,-0.5713420501571791,-1.009263748035432,0.05485426364780021,,10.065889914054424,9.806883207056671,0.13320543779991567,9.673677769256756,0.0,10.254569371523395,1.6782112314459285,36.52584296997601,0.0,1392.744268736884,178.88735317169503,226.22969994448567,159.09476702261807,39.90672095718573
228,137,0.0,-17.41229621985649,-0.9064885174709749,-1.822314854026689,0.08288991264408957,,12.973929991014302,12.736812595976517,0.210033658426255,12.526778937550262,0.0,23.899237822466695,8.23091088744594,31.84254590389502,0.0,2230.1605989184945,275.3062830033065,341.99782060281746,251.4729986340495,22.806839799835284
229,720,64.1944030037017,-5.479624856436001,-2.910883459002624,-2.1120024061186,0.45350983349083895,,42.39992002490908,42.11282603885047,1.0962814949452877,41.016544543905184,0.0,42.25498598287335,20.695030072192477,38.21037038105917,17.91895347804514,11584.941070329744,1281.949413081125,1871.2098525924584,1328.1767295521254,286.1470797949935
230,65,0.0,-17.85690082448981,-0.595526882542033,-0.8186722636810946,0.042414124240846576,,7.786069327965379,7.524156780913472,0.10016691545024514,7.423989865463227,0.0,13.67400806971055,1.046806081590709,30.652282915477475,0.0,1054.1042756375523,138.25826975666712,174.30117731290883,115.66057108739766,41.08253919531923
231,62,0.0,-17.510866524317496,-0.22218962549917423,-0.7756088392194513,0.037786378583967696,,10.044181859819219,9.783174699172378,0.09558619395829737,9.68758850521408,0.0,2.497658798599046,0.20782990906781618,31.263806844685178,0.0,1005.1354541364553,125.16171326184245,156.33826500899806,125.21868147848522,20.890067637584654
232,720,76.91685627807588,-6.02785407270198,-3.1055874594102697,-2.46708587430428,0.45175987616468577,0.12772142887115479,41.64349245093763,40.66914057102986,1.097298951819539,39.57184161921032,0.6942916021216661,42.263433261027316,20.274784943442054,37.476899673867194,17.120361035223194,11587.883908108517,1282.2934284521275,1861.5887480182028,1312.9992562206587,150.12617084570056
233,720,45.86215814914699,-6.733008624953536,-3.519660343844754,-2.817776773195998,0.39212668509747106,,38.19845810998231,37.931294813985005,1.0974787359591573,36.83381607802585,0.0,41.98080274771712,18.2935943900124,39.48942317779638,19.728705944743968,11583.736931765498,1146.235135553385,1614.4480848330372,1299.1376781570036,129.71243688683512
234,720,57.566426366483746,-5.5541432779430036,-3.172170364255731,-1.932348898406983,0.4459794490469876,0.1283310353755951,40.636924726190045,39.85684297978878,1.0971704553812742,38.759672524407506,0.5238894291687757,42.247556892234265,19.830115029722023,36.955719433588435,27.853583218933625,11582.399999999921,1255.4538865768452,1832.7068012534407,1269.8278282245067,404.63677938361343
235,89,0.0,-17.30524242457603,-0.40750649615432577,-1.0405114319826163,0.056793186377858455,,12.37437027390115,12.126036264002323,0.13874432514421642,11.987291938858107,0.0,11.270673218407465,1.6499423156595132,38.10414736235225,0.0,1442.3446637943052,184.43329570413385,234.31228083115067,178.64066230837778,77.12417337545818
236,720,50.998000178166706,-6.0264084539315865,-2.8183957624639158,-2.781872231778391,0.4229717207969878,,42.190299240872264,41.928196898894385,1.1010123998858035,40.82718449900858,0.0,42.263902963116124,22.41869583646827,30.85931789493534,14.009420943165546,11598.256874640498,1207.8565496716062,1744.6457606257281,1322.1724972106636,288.8715208900961
237,720,66.46208330948932,-5.15702063805114,-2.1690768242594425,-2.5900622922687266,0.3946472744815639,-0.009960063733160496,41.06325759505853,40.27324479492381,1.0987741565331817,39.17447063839063,0.5400519499089569,42.26355273000892,25.43400795677162,33.19412986236877,9.894062639866167,11607.988319433467,1124.71686656967,1625.9035082548105,1306.2890896603583,92.54201928391537
238,84,0.0,-17.611960073838933,-0.523938847664608,-1.1029541110591063,0.0596540328315106,,9.60249078180641,9.34296925086528,0.13168972241692245,9.211279528448358,0.0,21.169567181350526,4.7355475606657205,30.568495171870573,0.0,1365.3727292643002,194.8298780459249,244.75400192775726,137.31956636607526,73.9717437529736
239,720,77.73670559846694,-6.877806382622584,-3.0780024911950994,-3.3655629843347903,0.43115113217851764,,39.384980618953705,39.131203579949215,1.100207171170041,38.030996408779174,0.0,42.25770828187838,20.112663260402915,38.1685134413064,20.740473194915257,11583.067210228512,1266.2695310495076,1778.4632350074173,1294.4550064673506,353.24286735595564
240,720,68.52731426413189,-4.432059449201883,-2.6013204580356373,-1.3838569403118985,0.44353223023563554,-0.06684978306293488,39.61151101090945,38.829168976983055,1.099710316862911,37.729458660120144,0.5330115840770304,42.26112293642715,22.639100697296392,34.25883816190793,27.717585564113246,11582.399999999956,1218.5111008642514,1828.236906276731,1330.3581095034485,294.5468821570588
241,70,0.0,-17.613350711733478,-0.4389114178713005,-0.8551276451351447,0.04394433045065801,,10.619351799134165,10.349115333054215,0.10945468139834702,10.239660651655868,0.0,3.3230526534102705,0.4444190326350271,33.64367879553878,0.0,1134.5874315179099,144.89717044161088,182.01896108683704,133.7686753275442,27.834979663168376
242,69,0.0,-17.662509992283237,-0.47357563794881186,-0.8475330391599867,0.04111694472930153,,11.349753082962707,11.059769510058686,0.10809273109771311,10.951676778960973,0.0,5.812798645746444,0.6459738023171325,32.7739688323132,0.0,1118.2264474403505,135.75216496148846,169.57098059463445,127.18216125172157,26.3127478705536
243,96,0.0,-17.59497435516762,-0.7084405631262728,-1.1973007468905825,0.06373005942485095,,10.675272067077458,10.41860851016827,0.14798180549405515,10.270626704674214,0.0,21.169787633793693,4.3250603135487875,34.21158957097374,0.0,1558.6046252708322,208.1942637695878,262.44346643229864,177.20619623814247,81.20783707372789
244,720,55.53420936535818,-7.675837682829011,-3.6209606839326502,-3.5842819870388594,0.4672040383989362,,42.52486336301081,42.28674099803902,1.0963807993102819,41.19036019872874,0.0,42.26346173038128,18.14145873695321,36.59971414116798,9.831914880490611,11614.666152528032,1360.395941965228,1923.7597136694392,1275.276557133425,229.7850616590475
245,115,0.0,-17.44804386081129,-0.8523566272496268,-1.3674138922837376,0.07760820137877625,,13.268347578123212,12.976371828932315,0.17585694044828415,12.800514888484031,0.0,28.656888739894907,4.686173888510713,38.66005863097936,0.0,1863.9545407298021,252.30428062724565,319.2817937671835,217.59126710974684,79.23178376170785
246,720,50.537515206781556,-8.128889028356857,-3.462158550049739,-4.27931743896429,0.38408691728572525,-0.028754163533449173,43.68879824108444,42.82371866609901,1.0955516011454165,41.728167064953595,0.6234246660023928,42.26262965273115,17.401048380157103,31.97842855277836,13.915472473676061,11608.104200529388,1161.5533644218265,1584.2701596324594,1335.8195427390142,66.87759817852054
247,720,72.16253087997244,-6.49293993063398,-3.02207573106905,-3.0074160086459143,0.45989139196046525,,39.28604577691294,39.034785569878295,1.0968875784892589,37.937897991389036,0.0,42.20561270746684,20.18878451958181,30.5105913630771,14.200651233472955,11596.055224577422,1322.3210719177869,1894.5019787882197,1305.1223648162375,304.5331050236564
248,67,0.0,-17.437322047521597,-0.2270351705922844,-0.8208294451785814,0.03919936015981456,,9.022189829032868,8.773119389079511,0.10327877220697701,8.669840616872534,0.0,1.4821231787710016,0.14113975310707116,32.982598623833475,0.0,1085.875362755171,128.0460432210356,161.3699442981637,121.35523419404332,20.580677276350016
249,98,0.0,-17.570628534069066,-0.664058130992616,-1.2693293215776582,0.061826223586171535,,12.824618064099923,12.548295245040208,0.14992686919867992,12.398368375841528,0.0,24.988074624342993,5.145932152281581,33.42413782844141,0.0,1593.284437396117,203.5695149266734,254.3720690294138,172.7505818157796,71.98580528058491
250,720,62.25017921060088,-6.049528222670185,-2.9974898757738346,-2.6516815083092595,0.3969748880268646,0.09983760118484497,42.39886950305663,41.77678890293464,1.0936707404907793,40.68311816244386,0.3523781069088727,42.26379814208168,20.81049336170953,33.50869074535971,17.301491630381342,11587.660729576795,1145.198679683208,1634.4049016909053,1265.7274142302335,217.43923889586392
251,720,63.686938793238944,-5.753293399864688,-2.8303781801624854,-2.5221913321200624,0.39731369746249895,,45.241483898833394,44.94948290893808,1.1014190050773323,43.84806390386075,0.0,42.239542950342724,20.808007995846804,32.641376961699194,14.89429813473466,11592.621592393461,1124.2532461573958,1636.8329178417519,1303.4751977720593,124.23918537211003
252,65,0.0,-17.77656444356016,-0.5279598997099487,-0.8039376755434594,0.04437258368388538,,10.770845637191087,10.490475734928623,0.10088116326369345,10.38959457166493,0.0,4.281369248383103,0.3721853833111063,32.278347369310076,0.0,1053.6202256452682,143.83490575488133,182.24309090676428,107.90629268796921,51.94452643332596
253,720,77.21995730829609,-4.938697763937787,-2.5536552420175047,-1.93610559110085,0.4454978347799019,-0.0008230304229073226,42.30632372898981,41.524006561143324,1.1002212145831436,40.42378534656018,0.5304066608659923,42.26366057313704,23.340017698688957,33.62681543484425,25.355148936789423,11582.399999999945,1240.5446009040825,1835.5929179701384,1314.3962563169189,325.37988771918117
254,720,72.7676852300562,-7.191418294217847,-3.158866494459495,-3.6587097162454865,0.37060007519000915,,39.69469974399544,39.445689155953005,1.1006010258570313,38.345088130095974,0.0,42.262945314984876,20.42623323951141,39.83113281417056,20.904048905702165,11583.336076870723,1097.53266146296,1528.7260549960329,1322.535633792455,231.35468881340103
255,720,66.69934405470606,-7.251367091839288,-3.237443557696887,-3.6274028877828717,0.3829951376428001,-0.06059632450342178,42.48863335209899,41.69540505413897,1.0974855055101216,40.59791954862885,0.5237915518227965,41.615443247561814,18.655361119707276,34.222407809733554,14.458826718286863,11604.971369294146,1130.6552368878836,1580.9668593836861,1357.7913825945298,113.18482522745526
256,115,0.0,-17.363330204083077,-0.8603856868825328,-1.2759113700555837,0.07639677555893126,,9.784514700993896,9.53821511589922,0.1765169429127127,9.361698172986507,0.0,24.92952413684367,5.246433064852542,37.021287185428655,0.0,1859.7889624231132,246.9679099744098,314.4661165120817,216.33581191655892,104.76717477051798
257,171,0.0,-17.02306191942699,-1.143018047417697,-2.014442889590171,0.11483864117784988,,13.803598558995873,13.57303344993852,0.261787842027843,13.311245607910678,0.0,31.27449263162885,8.388560915449471,37.05967770453418,0.0,2770.2621789853865,373.7404961196214,472.13314200893814,286.28802074979814,176.2189382526326
258,720,51.507201726401576,-5.644941244303899,-3.1784638263952223,-2.01514244836764,0.44768735072232707,,42.62138567212969,42.37247655214742,1.0937105151824653,41.27876603696495,0.0,41.53703287215414,20.05332958999918,36.456974719049626,23.120170522299183,11582.471358608158,1256.930455803702,1843.9886835417321,1334.5762964468047,281.92817747997196
259,720,66.45917295888518,-6.012138912936513,-2.8709533062203287,-2.7300018584649517,0.40764166927302226,0.05559633672237396,41.48564323387109,40.63352565700188,1.0915167089551687,39.542008948046714,0.6103053281549364,42.235867518665316,21.4409007770587,38.979215547871846,24.146342507240707,11582.407364722741,1181.3157132144402,1678.3731536330888,1274.6490532734133,130.94608479225192
260,110,0.0,-17.492670478906405,-0.7904590998563438,-1.3464520627126548,0.08014703629923021,,11.095451527973637,10.843224287033081,0.16973804542794824,10.673486241605133,0.0,26.057409420300676,6.132904764972845,33.42557350993032,0.0,1783.2890965920244,259.4766253745595,328.97613588149716,194.32370701804652,95.46929718461512
261,720,59.345948634324245,-5.670983924527751,-2.761178531365711,-2.5057683937964037,0.40057648452189054,,44.93937785178423,44.686454521957785,1.0985747217200696,43.587879800237715,0.0,42.262463325277075,22.30954447793755,34.57693014659265,14.423377089204998,11591.642091241778,1137.5690784697538,1651.7375423995877,1323.7529721482888,202.0200346182713
262,144,0.0,-16.92664594704747,-0.9045280252467981,-1.5167721286879718,0.07953938917736957,,12.931811944115907,12.692698483821005,0.2203183702658862,12.472380113555118,0.0,16.509928246561024,6.0687585887486115,39.74879524810342,0.0,2327.0937361796923,253.58729816412324,326.63801803628303,263.0187818978236,53.11341638884196
263,720,76.43345280595734,-3.837245747025255,-1.6407279271657798,-1.7399405739745644,0.45295584689720797,0.06850393116474152,43.17683382821269,42.30520484596491,1.0964812100864947,41.208723635878414,0.6086731101386249,42.26376250890072,27.787960918171493,38.329983651439505,21.804948415777396,11582.768598060105,1236.446753726154,1868.4929565178347,1361.762124763436,59.35749499684436
264,720,67.5822187801243,-5.1679555091339955,-2.701250688406718,-2.0307326759277324,0.43251377392998913,,43.91946870298125,43.65736659895629,1.0995314782485366,42.55783512070775,0.0,42.26373974336626,22.521212476845182,35.29122682211283,26.629004555981716,11582.399999999934,1215.6371638748788,1784.7159176495643,1345.9094718132617,113.20024576996383
265,720,69.8256690530102,-7.9583641978201864,-3.179073586538471,-4.350698375213021,0.4249744228970835,-0.0015409098705276847,42.53636907390319,41.74885573214851,1.0964576143305749,40.65239811781794,0.5220504531171173,42.25599576586896,19.42718971048133,37.52477059436,8.7973735176515,11628.490347099045,1266.0568197908158,1750.926213693102,1322.5623145711377,176.87564900141655
266,117,0.0,-17.396596059874227,-0.7877523932051502,-1.4347956088110654,0.07348688272569998,,11.274921506177634,11.02144600218162,0.1806198440026492,10.84082615817897,0.0,22.84768480442868,5.532071982524498,36.88974607422897,0.0,1900.5885308821253,241.5235271933093,303.1944887924096,227.811980934803,36.54545648007847
267,720,57.296055921729796,-6.005374572288331,-3.0147514319661886,-2.520530259658662,0.46653343471084335,,39.30257828114554,39.05592360999435,1.0947576044127345,37.96116600558162,0.0,42.26352964031646,20.166630581688022,33.71452222782921,19.796636688480334,11583.888545471453,1329.048482011123,1921.3704572117097,1288.3539181139045,254.83140079486873
268,720,82.16968005301533,-4.185111632075695,-1.9164730039944506,-1.788559622905281,0.47655011583095186,0.05381220206618309,42.89612928801216,42.0549000070896,1.0934929957147688,40.96140701137483,0.6000613830983639,42.263363573556525,26.540711053666595,36.46712542744492,23.384771428444534,11582.422598753838,1306.74515224255,1963.5978116073204,1322.0764126283502,233.06581283856062
269,720,65.284698113907,-4.855399091497441,-2.571718542686758,-1.8605888231230827,0.419630073467573,,40.123766316100955,39.86964373989031,1.0991533054038882,38.77049043448642,0.0,42.17160361377259,22.85338662007022,36.69323706087113,20.83280142367562,11583.032274860696,1157.5698525545201,1732.3096221405162,1344.1010327706658,250.51089792425452
270,87,0.0,-17.469981168391,-0.521573922607936,-1.0538696845428497,0.04417334490528064,,10.886955566937104,10.598915077978745,0.13408651272766292,10.464828565251082,0.0,8.874380255091557,2.7775175871878193,34.57586323520261,0.0,1410.1457463336208,145.91499579954976,182.49737635635614,166.93876184279884,44.548461118196094
271,720,78.70815551898022,-5.320647470500652,-2.3503804384409173,-2.5139706642144852,0.4529303782354717,0.08583992719650269,39.05474691395648,38.26143099996261,1.096471110591665,37.16495988937095,0.5336955678649247,42.25364630589715,23.92396661912152,35.084476436194024,19.641836144817553,11583.458556466496,1273.9143843133768,1865.380665663673,1313.691977484739,245.71452084308547
272,120,0.0,-17.38632027034083,-0.9045788888541355,-1.3793828786129065,0.07688791059450124,,12.313010450918227,12.067416795995086,0.18566991086117923,11.881746885133907,0.0,21.99322156839403,4.637178023460929,39.61459690226464,0.0,1942.3881214650323,250.85167739545062,317.06720090337853,201.15295919927095,65.5553317311965
273,142,0.0,-17.345529116730038,-0.9902082715870071,-1.786903876484391,0.0927185885228422,,12.933602940058336,12.704714888008311,0.2188250741455704,12.485889813862741,0.0,34.483872674115936,7.296090947824504,36.86752160081277,0.0,2305.3238665625554,303.7336068832143,381.66358485040854,265.6994389565894,88.38066569821481
274,126,0.0,-17.35059125829158,-0.814498401561545,-1.564812804636651,0.0954468425227392,,13.561847853008658,13.2926608431153,0.19318036502227187,13.099480478093028,0.0,20.36156934966433,7.569030245997331,33.029664647181036,0.0,2043.5213733042376,307.9241170703075,391.63928231194825,227.07675355385007,52.53165659188163
275,81,0.0,-17.464041569014704,-0.48854073449189495,-0.9210322693588341,0.05405602235651766,,9.475247404072434,9.216720276046544,0.12489290535449982,9.091827370692044,0.0,4.533542618782334,0.8131131620718106,37.61144615039126,0.0,1310.405302780591,174.53238961194344,222.4430496277605,142.97568644513316,63.541122653435714
276,720,60.494068969433634,-6.287168065624442,-3.0520414083105005,-2.7663947896564585,0.46517376714125697,,42.430518433917314,42.19483416597359,1.099855482345447,41.09497868362814,0.0,42.26372730774913,20.628373301979376,38.676629457085255,16.303780618087853,11588.483779249022,1328.7963102726767,1916.2036929921846,1320.8932205603626,120.70850315928281
277,100,0.0,-17.571720901265284,-0.7478898618297353,-1.2340098550796466,0.06438796205405686,,12.365100203081965,12.099527350859717,0.15348421991802752,11.946043130941689,0.0,22.700866089758115,5.199420000589763,33.19069073686363,0.0,1621.1638829658357,208.1093763684915,263.77893605222675,160.91390483936334,83.52787346257986
278,720,61.43084368636238,-7.158454699120673,-3.4108501695097506,-3.333276587711701,0.41100167989284364,0.0572248250246048,41.08967643696815,40.44390080799349,1.0977528342045844,39.3461479737889,0.40717749297618866,42.26370933433999,18.276502095103183,34.36331514275185,19.884760788107425,11585.162766434847,1206.0852626629526,1693.1335344056438,1279.008267394906,155.4749356308124
279,720,64.10261807353675,-5.153480201581604,-2.632806417721868,-2.060046253235219,0.45732818049016033,,40.32838991214521,40.07560748211108,1.0994863016530871,38.976121180457994,0.0,42.26345506165257,22.72905117064751,30.85519993067639,16.730188916483847,11587.127979961791,1272.380063238979,1883.350171170725,1259.126746445144,355.95359849833244
280,87,0.0,-17.462275910767833,-0.5320374285713032,-1.0193274492952697,0.060427823315032374,,11.067457422148436,10.801812374033034,0.13383241626434028,10.667979957768694,0.0,7.868472950523277,1.6065643835560903,37.43292469699598,0.0,1408.9809440054823,194.48087777554667,248.51605520782982,153.6304383890838,94.82345634992163
281,720,55.32264102893068,-6.043570099183441,-2.6477490967625106,-3.008617203764516,0.38385329088421777,-0.05664236843585968,45.21413256600499,44.398531067883596,1.0966827024240047,43.30184836545959,0.5304202600382268,42.26355925712495,22.685832269829593,34.437013671115466,9.225770310376816,11614.41915699871,1112.8385211385855,1583.6586658261829,1329.9594731666039,123.83558969771397
282,89,0.0,-17.48354785435747,-0.5387864752853576,-1.086140986874904,0.05827206357878497,,10.035940882051364,9.781753113958985,0.13781361817382276,9.643939495785162,0.0,15.72734753573527,3.106494387699621,35.428412473175655,0.0,1443.2898991029874,189.25372449390133,239.35719064054328,143.40668756441968,118.60530511009735
283,720,63.90555905672917,-7.71688316529941,-3.509928152592938,-3.789356096683232,0.41405195084909724,,43.74374314188026,43.46913416800089,1.096557840704918,42.372576327295974,0.0,42.25479635433932,18.435301952591196,33.65588410929248,16.161035334169945,11592.719327658453,1233.4063300797707,1705.9899370253802,1328.4422231718509,162.70631813432314
284,81,0.0,-17.710906731678445,-0.5955723726950882,-1.0617636636845074,0.053173860537783925,,10.664473608834669,10.398245874093845,0.12452409067191184,10.273721783421934,0.0,26.95037997695471,4.45620772696235,30.032489431173016,0.0,1316.8205884341648,175.30351807475816,219.1375618784945,144.84735728965822,60.38707699739147
285,720,56.70190121371819,-6.856315108334313,-3.0256400585399357,-3.4340387122796128,0.3930503071512761,-0.07577098160982132,40.822180930990726,39.991091642994434,1.0978305495809764,38.89326109341346,0.6038367229048163,42.263556941684314,20.594797034415265,36.50798338625844,9.46254023005674,11615.918940065947,1149.5504046082706,1619.8350473028127,1339.6100129477697,227.85480482820992
286,720,66.5250683397685,-7.489561270910957,-3.2515736007189435,-3.8403326726837936,0.394131802737206,,39.64348937594332,39.36715598986484,1.1023975156713277,38.26475847419351,0.0,42.2635638341572,20.087602105744757,31.06953797346747,12.336239087077306,11613.310996646613,1161.7053280506152,1625.233563803142,1353.607269031292,248.12382955882214
287,720,74.3331927784253,-6.094556067240392,-2.67513370880367,-3.0217878602106483,0.3941407439488767,-0.1953025907278061,41.051534173078835,40.279381901957095,1.1029800425749272,39.17640185938217,0.5223114821128547,42.25261058613483,22.451832016558143,31.407481797874937,12.970136600669365,11601.245313620544,1135.4526018108265,1624.601114377915,1290.7367619351805,79.40188016244537
288,720,56.10523696048752,-6.718419596735012,-3.2806866772702064,-2.997826356180371,0.4363782428958155,,46.75435530091636,46.526711930986494,1.098480088636279,45.428231842350215,0.0,41.96220104716191,18.83213433181626,31.251136110434548,13.978535541207805,11598.87169524636,1269.060697044023,1798.3606987300175,1337.0567587843475,109.12423588883411
289,163,0.0,-17.046757057045692,-1.0690913596881337,-1.914065337523942,0.11275408315617957,,15.921227700076997,15.656709493137896,0.24937842437066138,15.407331068767235,0.0,26.9586332994895,7.42326115985282,39.53774266639562,0.0,2638.3291427401055,362.59246798556245,462.2546363974282,277.72099919411073,108.36772905519636
290,100,0.0,-17.464616969721412,-0.6983215270951966,-1.1767022454423435,0.06420376212514681,,9.547309311106801,9.296956579899415,0.15299267880618572,9.14396390109323,0.0,15.142201258500341,3.1819721609225304,38.316179770286496,0.0,1620.2971042926526,206.8442995201317,263.2881534163097,150.93416193450003,105.5005793249087
291,91,0.0,-17.399595452717538,-0.4998913816532815,-1.091586327825135,0.05773019596582025,,12.683089420897886,12.385501695098355,0.13949562818743289,12.246006066910923,0.0,10.604875636741532,2.4787164007430786,36.66063705968113,0.0,1475.1032646512176,186.07699904416552,236.46809322280674,155.865201070758,93.16896778049379
292,720,73.37763325775761,-6.327313618345706,-2.893646906714193,-2.993963383873223,0.43640110125834675,-0.8534321188926697,42.83365155616775,41.88641858892515,1.0966716362163424,40.78974695270881,0.687975289998576,42.1255595838227,21.313733441034493,39.54248355113133,15.71907999910152,11588.910800246593,1251.4859793405078,1793.8255075912646,1211.2368644093845,301.2780645081317
293,84,0.0,-17.623345807487837,-0.6517389092184748,-0.9892452109701214,0.05695589941107986,,9.132303145946935,8.892301857005805,0.13057201774790883,8.761729839257896,0.0,12.250937510125581,2.002634521707045,36.36180835090303,0.0,1360.7543238489907,185.2302424315302,234.61645024005804,151.03506685342128,51.25215897670103
294,720,62.35253523223998,-6.257655431259113,-3.3346399575911545,-2.521297644430905,0.39809663281328805,,44.73991840612143,44.492641070857644,1.1022246102802455,43.3904164605774,0.0,42.26363561301404,19.151195498726487,39.65122929048764,20.615735747110595,11583.083765390533,1143.8411868218686,1644.8235306825486,1393.227312761256,167.272850256387
295,95,0.0,-17.496791014585366,-0.6675619146535449,-1.1098893861816448,0.06893677602641234,,12.244007581146434,12.008339263964444,0.14691158500500023,11.861427678959444,0.0,25.657406131713408,3.052038197475753,37.190985432052706,0.0,1538.665396206369,220.33277141139652,282.5001330341802,140.0038827071703,108.45137097257503
296,720,62.71082226011496,-6.26062878768907,-3.0838261582677187,-2.720515789028246,0.4531138392587981,0.15459704399108887,40.56590509717353,39.70789218088612,1.101368160219863,38.60652402066626,0.6046397278551012,42.24887853913127,20.378947253979508,35.99583107248825,17.637927470245558,11585.513400908367,1299.6747390590035,1867.5999255813128,1287.0782709708326,244.9916758853598
297,720,65.65420427077468,-3.3612553015185753,-1.9555347756987873,-0.9603808943719405,0.44165130714453804,,39.14311790210195,38.91414018813521,1.0965294344350696,37.81761075370014,0.0,42.26367114469824,25.63942849040511,36.11145956727052,32.3705145769033,11582.39999999993,1185.6731345270525,1820.2596451543666,1324.1867054636289,148.04268466474787
298,720,53.09043420292653,-6.154060103176355,-3.111361933799586,-2.577525439350156,0.4617830503347194,0.04301564395427704,41.601091275922954,40.84038253710605,1.0989424115978181,39.741440125508234,0.5224802209995687,42.26374341725152,21.100158233012415,36.66539844653045,14.691100858763786,11588.856571253711,1306.1047110631062,1901.952262813609,1293.7366548719667,396.35436401508275
299,75,0.0,-17.675573190522233,-0.5551749437376005,-0.9151244362370325,0.05483665271932502,,9.70846616406925,9.474995405878872,0.11612479551695287,9.358870610361919,0.0,16.261106641335832,3.124026427248349,31.168683656617386,0.0,1215.1207153603436,176.51064614028704,224.86722302970736,128.00856752962437,101.68379179442934
300,720,80.3303516138063,-4.597428872083847,-1.9165574207164564,-2.2214237628580342,0.4561057354253002,,38.22016578889452,37.97705757897347,1.0922665377147496,36.88479104125872,0.0,42.26254317545004,26.4668625831014,34.923317017736835,15.274163455536655,11590.53184400375,1262.9681026232968,1880.8129518358858,1333.3141819754367,262.0677105223
301,720,62.456964705512895,-4.763657082884514,-2.6980998874609576,-1.6145723514225323,0.44765659714622824,0.03436480835080147,38.9534107290674,38.20540833589621,1.0928169987164438,37.112591337179765,0.5289218099787831,42.15530167726141,22.13532019380108,37.355107091201155,25.42759229145945,11582.399999999894,1238.3566888573164,1846.682779226929,1330.8546809185614,72.93220876280338
302,78,0.0,-17.61348051786578,-0.564576769619145,-0.919193432904389,0.054373687153859235,,11.17256338801235,10.908682567067444,0.12174211000092328,10.786940457066521,0.0,7.89472047547814,1.2714501227417163,35.51389876839741,0.0,1262.8400422364728,174.6589243687149,222.6886545052893,132.37950069644907,68.16926323508689
303,720,66.68182618573715,-4.181053099788667,-2.2798320051295122,-1.5073688582422833,0.39034432473160874,,39.29162317421287,39.023656354052946,1.0969535873737186,37.92670276667923,0.0,42.25875843487444,24.430629824082104,38.195017644425484,23.27086020075687,11582.499855181399,1064.166216570607,1610.5368311276573,1364.7224945544058,61.4314971251238
304,68,0.0,-17.666241133986368,-0.4616231883314597,-0.8311041622154401,0.04822690735952628,,9.16855395399034,8.921402300009504,0.10475276876240969,8.816649531247094,0.0,7.118502080317529,0.7337741645654916,32.99260423147178,0.0,1101.995610067128,154.67001307565337,197.07986937913955,106.16746279294122,95.68771068466538
305,720,76.98002500173662,-4.943208919377525,-2.3212085226274373,-2.160087491017184,0.4584423319626918,-0.20486073195934296,39.99195823003538,39.15110879391432,1.091148222796619,38.0599605711177,0.6012437308672816,42.25691976843099,24.541418415580377,31.725565359464113,19.028997852409027,11584.58175037836,1278.1076407623566,1888.5294657427303,1310.6973979103514,113.8674227982157
306,720,72.09717303085684,-4.737011336296395,-2.220444965607881,-2.0525855165717344,0.4608676225224322,,44.45669906400144,44.21683833398856,1.101152154384181,43.11568617960438,0.0,42.262998980737095,24.74405563246326,39.69903103950354,21.949879251702555,11582.585437848524,1276.3200450189995,1896.9069345486917,1229.5638171163403,162.88303508762934
307,720,67.1613719721046,-6.191481397983774,-2.8186134004706456,-2.8631861011794535,0.5059363112975503,0.056992050260305405,44.11550885112956,43.338815310038626,1.0937719226349145,42.24504338740371,0.5225392251741141,42.2277164101337,22.472622231039377,36.204013484861655,17.40145710520568,11590.357725846581,1428.5801459831582,2080.11680058821,1273.808420117352,256.3534391121759
308,720,70.17240021972485,-6.026290298397791,-2.7921487555908113,-2.788444742555686,0.44218517622851794,,41.95869434205815,41.70097055891529,1.100200199522078,40.60077035939321,0.0,42.23366929632582,21.78684521597526,30.06346002388231,15.193040860825008,11593.597990374046,1244.7393650985339,1822.494185892143,1299.7993083222775,142.4592754911253
309,720,59.741223944981215,-6.176298181070607,-2.821250728221755,-2.888677672320167,0.4627687202359856,0.060124218463897705,41.238533108029515,40.466813823906705,1.098069487605244,39.36874433630146,0.5242107261437923,42.263658873940365,23.060510703490586,37.036998221804915,9.565481183291823,11607.427748823027,1312.4393774765183,1907.5975071342334,1362.0089091362727,232.90096607495784
310,101,0.0,-17.530000077333405,-0.7738261454915883,-1.1929339167014446,0.06271914518284984,,10.455432539107278,10.208410798106343,0.1553231233265251,10.053087674779817,0.0,13.8076152133366,3.4888575289333383,37.706730139796676,0.0,1636.9478549400985,202.86751785834502,257.8326016383306,150.72622233731792,100.7689213382722
311,720,73.20510323016732,-5.128896286669703,-2.201640494744981,-2.466293057964783,0.45760042653047384,,39.71669991593808,39.4439956350252,1.093733151908964,38.35026248311624,0.0,42.263753328100115,25.11881309267918,37.50550176923307,19.76420533583457,11583.621539170386,1285.7476642523757,1886.031735569815,1316.359134161171,239.44044599777763
312,720,66.86182343354376,-5.92805465585554,-2.490864556330058,-3.0184807062645826,0.41529412842308777,0.708358108997345,42.48218970419839,41.64715253910981,1.0936693360563368,40.553483203053474,0.6042689410969615,42.262731596769044,23.27386104414429,30.650641313065556,12.695500168471657,11601.29390778761,1176.578889136219,1709.986040054043,1313.4184326318066,166.10694687830295
313,720,68.8612413214457,-4.935748047840997,-2.2493903445405086,-2.2212196559649797,0.4616175363898878,,41.757661580108106,41.48751590703614,1.0987137318588793,40.38880217517726,0.0,42.26371895282567,25.333225023144667,36.14225767804412,17.520509026431412,11585.873311682059,1294.8622791715027,1903.6949889761843,1339.2586879716505,97.86508693970882
314,89,0.0,-17.68269459763369,-0.7941798176697674,-1.0323352370457157,0.05578133926570063,,10.986653146799654,10.725246349116787,0.13670433242805302,10.588542016688734,0.0,12.759253571950863,2.020243818520989,37.30394172183523,0.0,1441.2532780411718,181.5744430580389,230.02766578507928,159.56282932906396,77.13154018703375
315,87,0.0,-17.670823635204812,-0.690779268113283,-1.0812561265647735,0.04845875455406621,,10.212232812074944,9.958904473111033,0.13332791742868721,9.825576555682346,0.0,11.961819175252433,2.7021297151340664,33.293382499000565,0.0,1410.6781438957782,162.2047228174892,201.17820273425176,171.2993317834381,50.09792781255715
316,116,0.0,-17.427409333022943,-0.8197253321943524,-1.389595200347971,0.09238898537985897,,10.972642943961546,10.73417000984773,0.1779447707813233,10.556225239066407,0.0,23.853904968921892,6.587969536399832,34.04348393536229,0.0,1877.442278317741,295.8251955694121,378.18180664195097,190.0694892999234,145.54405635334186
317,720,56.27918077897607,-7.2807792396231426,-3.0716672406216228,-3.782617734570597,0.4233620073868175,0.12232775241136551,45.89843285200186,45.03911296185106,1.0962760876864195,43.94283687416464,0.6098777889274061,42.26392587441299,21.03730296289189,35.10642048576398,9.771794019146917,11617.589907625374,1243.6639550681602,1745.253479721905,1266.7085212497373,181.0318414743114
318,104,0.0,-17.468869999183138,-0.7760542003386649,-1.201892848296291,0.06550820415841298,,13.104531415970996,12.830904396018013,0.16064087254926562,12.670263523468748,0.0,16.841847623541774,3.194622494109748,39.1183669062174,0.0,1683.8423585945882,213.03661651966138,269.6426371604335,179.51297061163456,85.44369122707822
319,84,0.0,-17.50526883027156,-0.5351382744787149,-0.99290421739558,0.05194916311195253,,11.542215613881126,11.273287280928344,0.12915909686125815,11.144128184067085,0.0,6.858153363896832,1.665360831308681,36.295484469363096,0.0,1360.443959639295,169.75578616645154,213.87919449947557,133.48072156187283,89.61349869563364
320,189,0.0,-16.887637994650806,-1.126379478218174,-2.334351791655074,0.12601699042722456,,15.772918530972674,15.535396547988057,0.2874567590188235,15.247939788969234,0.0,30.185526193645874,9.459888697779306,35.1637544712527,0.0,3064.8071980523646,410.86082221313404,517.8988929621238,337.25116999768187,92.60207963057954
321,114,0.0,-17.466178525569823,-0.8109834285993134,-1.409107253001617,0.07054954296012572,,13.705804877914488,13.43813847284764,0.17400412168353796,13.264134351164103,0.0,18.342111780112315,5.189691744033903,36.276992458056526,0.0,1849.9526701580244,231.08100243964074,291.1127816908909,219.10948936782944,114.3426829926379
322,92,0.0,-17.642154626754195,-0.6586612682930224,-1.2017228462457399,0.0563356925832996,,8.353264520177618,8.13057880406268,0.14057976217009127,7.989999041892588,0.0,28.928144606140588,5.473295722250044,30.92024728141557,0.0,1495.3362839882755,187.071328713618,232.8115455103736,186.18450077095653,21.952232421248702
323,112,0.0,-17.459634267416007,-0.8956149020500863,-1.260122088128869,0.07847328076372913,,13.43341638916172,13.174361950950697,0.17131816688925028,13.003043784061447,0.0,23.903066652407848,4.1026451329009195,39.02309447613094,0.0,1811.7965696002673,250.42211530307878,320.89998629638416,149.11062333992723,128.09591214148438
324,79,0.0,-17.455604809606264,-0.43934545169297856,-0.9106664702299427,0.055178620529439545,,10.620188602013513,10.353632668964565,0.12155169202014804,10.232080976944417,0.0,5.319975448666371,0.708904274819586,37.15316854736072,0.0,1278.3841230123421,178.88576906176587,227.35696423958927,148.02835222863396,60.91795354984373
325,720,77.17704749178412,-4.984256542088127,-2.6621706736360378,-1.9154771089452545,0.403246179807506,0.0692385584115982,35.82949290284887,35.294752954971045,1.0916716405190527,34.20308131445199,0.3120308539364487,42.25791573316896,22.21779337434083,34.03665944926687,28.856912551651714,11582.399999999941,1120.0020404099919,1663.7754467563261,1328.0159747880389,35.09883463428715
326,94,0.0,-17.669603534263427,-0.7573193244120605,-1.1661622763538753,0.0705564763111793,,10.299260928062722,10.049641356104985,0.14518324844539165,9.904458107659593,0.0,27.897946982556643,3.999696901021776,35.46822312153782,0.0,1527.0203037398358,228.48336397359154,289.4749162331225,158.6628029866129,88.34965324244601
327,720,65.44148124927798,-5.741662081733635,-2.994615199899236,-2.296092831497436,0.4476869622112691,,40.804259918862954,40.53398867906071,1.0935919946059585,39.440396684454754,0.0,42.26250525171804,21.20575018046525,39.65813264380879,13.93367733590399,11591.845180661165,1255.1345875578463,1843.2650562324066,1298.570388049504,141.24268042418538
328,720,73.73258210564651,-6.318271757187074,-2.934560832418724,-2.889569317708964,0.49068246858920667,0.031765807420015335,41.63923158706166,40.87170308502391,1.0954986384604126,39.7762044465635,0.5349496649578214,42.23782086601915,21.127108065400403,38.32066885352843,16.246592752693473,11589.901265492872,1399.632006208958,2016.3105857857236,1217.1417903558138,419.37975390939135
329,720,81.97256025961195,-5.122563468756536,-2.1698892535666086,-2.499839723219325,0.4494200797532324,,39.75203822297044,39.50025554304011,1.0970806598197669,38.403174883220345,0.0,42.26336803495208,24.061566789584074,36.57809101559487,10.536410668737567,11603.038507696332,1252.4744243553005,1848.7091516940052,1257.378944847566,191.06456941932046
330,92,0.0,-17.61295390348061,-0.7182479783814668,-1.1042995824415862,0.06490664670042282,,9.310572781134397,9.060830584960058,0.14105939283035696,8.919771192129701,0.0,14.224749344047876,3.5784509296777225,35.07041911504756,0.0,1489.988962369291,208.74231468136512,266.226651764601,148.48629303179405,87.60533223015709
331,78,0.0,-17.716237897884255,-0.5885844160007141,-0.9991349583135275,0.05319375405125635,,9.425307482015342,9.176315283868462,0.11975738126784563,9.056557902600616,0.0,21.237605533322792,3.8043397854422984,30.79193422867217,0.0,1266.536761310664,172.6093717976277,217.94208288195532,114.99159418304868,75.3346350391864
332,113,0.0,-17.353889139408153,-0.7247140704625111,-1.3552447529924612,0.07350094947367415,,11.392660376848653,11.161239974200726,0.1726582208648324,10.988581753335893,0.0,29.177524172581933,4.378887335924509,38.81877185589159,0.0,1832.3153985691863,239.98004584828504,302.0555098681874,196.92381893386198,124.7749984650443
333,84,0.0,-17.561684397343885,-0.5508542816403431,-1.0378750258409246,0.0475036136224573,,11.188605857081711,10.91000570799224,0.1291273906826973,10.780878317309543,0.0,12.08690359525946,2.5287146344280425,34.47505253198491,0.0,1363.0606034527393,156.45004349727398,196.07941356885394,152.9755338084036,44.57429409025437
334,150,0.0,-17.068257589340817,-0.9198451640983056,-1.7859414969297944,0.08684939059737318,,14.441854164935648,14.182002946035936,0.22896286845207214,13.953040077583864,0.0,25.623374391973222,7.883561700251225,34.11540657656261,0.0,2427.0850967982547,284.69631429518995,357.84486978127205,260.0675896668659,61.148242963260415
335,720,70.88340407294503,-5.680826332129083,-2.674856998666513,-2.55424671688738,0.44818940713316446,0.037126246839761734,40.63996626320295,39.97939354600385,1.0939362831413746,38.885457262862474,0.40884413477033377,42.23219668452323,22.464463258733588,38.75743027235826,21.14976016600549,11583.21356255514,1268.033362932156,1846.7507670323123,1317.959851048466,189.2523786578381
336,720,61.8799589350098,-6.0008624306967,-2.926859617717193,-2.602898126738788,0.4673843621492295,,42.00599913089536,41.74984253779985,1.0953261300455779,40.65451640775427,0.0,42.13794518747718,20.588066798919687,39.546861208062964,14.438998659322097,11589.367402290409,1326.5334205866077,1926.0108107188387,1340.733345507761,91.73153920298752
337,720,61.81868808208918,-4.536357736462581,-2.552658873867619,-1.529679469741126,0.45042529346959237,0.13477344810962677,38.47966951713897,37.8249154551886,1.095184860052541,36.72973059513606,0.41486856201663613,42.23562559098348,23.27516735083836,34.89341235767368,28.376146124131008,11582.399999999916,1236.039112803992,1856.1824414393275,1331.6953067366849,214.50271590214365
338,720,75.06355085438602,-3.642876756146684,-2.002071362471112,-1.1561345241692442,0.48113940977079284,,38.338640936883166,38.088643627939746,1.0970008922740817,36.991642735665664,0.0,42.263613885825166,25.796165043422974,38.97174659377904,33.544464328097604,11582.399999999949,1290.767633875246,1978.0573587442093,1274.0986188077927,165.4576932315387
339,112,0.0,-17.547107360582093,-0.793738384115305,-1.4586950557783007,0.06921899244922132,,10.007908612024039,9.769311712821946,0.17096544965170324,9.598346263170242,0.0,28.159117131074844,6.918110709972571,31.08056905568991,0.0,1820.2932129234193,229.08688682729863,285.5433336537295,187.32740478119618,21.650730378819144
340,71,0.0,-17.686894354862016,-0.5234501167523905,-0.8673598514477068,0.045729465014430135,,10.44180491589941,10.168210023082793,0.10881664138287306,10.05939338169992,0.0,5.117970223436981,1.318296278279867,32.8432828388841,0.0,1150.2457627256113,149.36817369659792,188.509877936234,124.10329796735803,41.79113322271529
341,103,0.0,-17.485546554173215,-0.7010349088455946,-1.2675325610334904,0.06643357023495658,,11.421828228980303,11.175534893991426,0.1576090536545962,11.01792584033683,0.0,28.801226106532013,4.213268818675587,36.5447039010434,0.0,1671.9268191121091,219.3755280905917,274.33006059811623,203.5419297718734,27.520012235135447
342,124,0.0,-17.338507270657825,-0.8634595138508013,-1.4702026495359521,0.07930473231856215,,11.992480104090646,11.751189357135445,0.1893939464353025,11.561795410700142,0.0,27.6753868490989,5.322760973131964,39.10907648473257,0.0,2010.4436240942794,259.74457848880724,327.211946301652,215.26557108615037,130.58140898102064
343,720,66.33128663032582,-6.105484837027166,-2.7629511900502384,-2.861034199196937,0.47816211274773046,0.24700099229812622,42.01356635498814,41.06962285609916,1.0947740285191685,39.97484882757999,0.6870229570195079,42.24752919264874,21.670783508259984,36.15429093231997,14.220879208357417,11595.006846313412,1350.1840525968976,1966.3873258605474,1230.4058632282208,255.2510226730454
344,720,65.836296136405,-7.342091677430605,-3.2039070836672936,-3.652031918736951,0.48258227145542215,,43.94713424006477,43.70332438102923,1.096963020041585,42.60636136098765,0.0,42.26265749597638,20.243449832498786,34.94627600372189,10.998251135510797,11616.085367841075,1397.6844702741485,1985.1866179669778,1274.4312330896557,113.0035486541711
345,720,71.37185466827096,-4.3082416264667245,-2.314807554202235,-1.54423239145834,0.4458102081587192,0.17549175024032593,43.31989709287882,42.88433037418872,1.093657752731815,41.790672621456906,0.197668886044994,42.244363232772955,24.616790135868385,36.98068618137823,32.74304093215436,11582.399999999961,1210.1295674231403,1836.8479664850847,1309.7035193125414,142.0090975468675
346,104,0.0,-17.43439938421429,-0.7039649353710045,-1.234719905234762,0.07024929026554512,,9.918890479020774,9.680278313811868,0.16007607290521264,9.520202240906656,0.0,17.684396941457106,4.692730342232093,35.335061762881324,0.0,1683.5102676689082,226.8720865228715,288.43166850173395,167.7478221067515,79.45308272426432
347,124,0.0,-17.258935277945078,-0.7972773094519072,-1.4560093925401314,0.08008051689395658,,10.424414837965742,10.20383666199632,0.19055783189833164,10.013278830097988,0.0,19.59841058051086,7.135991037920529,32.96753153755638,0.0,2007.5965526162977,261.30417475972376,329.943511863046,229.42505518031865,31.26905026682539
348,720,76.63394111562889,-3.6959510735804835,-1.7300885655888247,-1.5001778662035576,0.4623054719085494,,41.128084891010076,40.869397163856775,1.0945082802791148,39.77488888357766,0.0,42.263487287694154,27.862987238996347,37.31314917863907,23.1456724472997,11582.465731247508,1254.1305556581883,1903.9871871500322,1286.909619601019,80.88261669839737
349,720,81.16833786485005,-5.864735842425547,-2.5460062636338,-2.8609614097707565,0.45434297250681277,0.003508681897073984,38.20392293087207,37.60237425006926,1.0960987347643822,36.50627551530488,0.36096414108760655,42.26371972468392,23.30020509255905,31.692739894931304,16.564212353978462,11586.62876102869,1298.1292676518826,1868.4990214822997,1246.3134273368003,303.0308642039505
350,145,0.0,-17.1638138305891,-0.9180345179835607,-1.74532214780921,0.09980063040893673,,11.145958478096873,10.924242250155658,0.22305975365452468,10.701182496501133,0.0,26.951034192254397,8.022518660528725,34.73043714594083,0.0,2349.109018548015,322.1879297254346,409.3440159293312,237.91096216539873,45.729011158055414
351,720,73.44644887969737,-6.382342592965507,-2.8408641683206084,-3.109433104816727,0.42868560088964647,,40.983825847972184,40.71726386900991,1.0961506310850382,39.621113237924874,0.0,42.26158968318718,21.46809821214151,32.11384851556293,12.070074304748875,11606.768824108063,1217.7868758704494,1765.9348025012862,1316.6056309607995,81.44085988594485
352,720,78.408416263582,-6.354033914858927,-2.9489201762606454,-2.9341381937005853,0.467564323277144,-0.09417983144521713,43.256707740947604,42.490303532918915,1.096371565014124,41.39393196790479,0.4764391069766134,42.03306878556405,21.452609647899603,39.377567583227105,13.847964822598211,11595.061698252051,1337.823391555216,1927.8276567579192,1311.2064963377707,128.75003312116354
353,73,0.0,-17.620595445855233,-0.4799211402523141,-0.8915362834863151,0.048779007737350694,,9.341402218909934,9.078811100916937,0.11386821721680462,8.964942883700132,0.0,11.11687478688065,2.444125167011203,31.68192894207817,0.0,1182.0127296885653,158.88096615614052,200.22277321551977,131.95985001784308,56.04280605444279
354,78,0.0,-17.643277795852903,-0.5308577723510237,-0.9884687589679932,0.04870483525668832,,9.894279844127595,9.642223157919943,0.1205733884125948,9.521649769507349,0.0,14.360467085651884,3.0191346813237585,31.511142111835326,0.0,1265.4989510863566,158.19278408650658,199.49507057110574,115.83321206429703,87.09136800127237
355,69,0.0,-17.654738191223792,-0.44284021642606336,-0.868519319160599,0.043065617467477446,,8.865319444099441,8.608561937930062,0.10640137596055865,8.502160561969504,0.0,9.904948534400251,1.9371407117298483,31.018910771209068,0.0,1118.9567683864968,142.04796883625346,177.58113592743558,123.39536500092665,43.85055031645937
356,84,0.0,-17.651232607481994,-0.572598880192573,-1.097567600013035,0.055715406454058515,,9.73676526802592,9.458901435136795,0.12957396800629795,9.329327467130497,0.0,14.428443658210016,4.702306994036362,30.58769573504306,0.0,1365.2008860626324,181.08095009566253,228.35213888692155,129.84413599220386,73.95614886403409
357,74,0.0,-17.58830066663082,-0.44428526527342044,-0.9183813090107067,0.050292177015255284,,11.21750078490004,10.942173583898693,0.11346216313540936,10.828711420763284,0.0,20.46818452497983,1.7877485586104225,32.81310428985234,0.0,1199.6558790636504,164.06953601555793,206.97914262749748,140.25834187003178,66.34204041041639
358,720,58.36959704974826,-4.330154935070254,-2.6225099826060014,-1.2525310446356783,0.45153425305507194,,44.36563297500834,44.11502638598904,1.0946913443040103,43.02033504168503,0.0,42.26370469109244,21.991665521315856,36.69732615345852,26.908127851477836,11582.399999999941,1230.5686715205081,1859.8117858510943,1304.592369380813,62.12462300779325
359,143,0.0,-17.14278708654585,-0.8742043410651248,-1.7210812524477914,0.09669645447592481,,15.403528328984976,15.115095912013203,0.2188692835625261,14.896226628450677,0.0,30.48845200154257,7.0080886880114655,36.935338806579374,0.0,2315.1645867114676,312.88225699527726,397.0006075472482,253.68173888472995,132.71032637855487
360,720,53.606059852787524,-6.200889759268077,-3.1678065294743765,-2.6179611746476064,0.4118106874372179,0.04466107487678528,45.26557678799145,44.30134868202731,1.0966996611095965,43.204649020917714,0.6948655180167407,42.26388149426025,20.041825322524108,30.878443596016673,13.188216954946668,11592.011042431941,1171.3555703861186,1699.6948064620015,1400.1186141092664,61.63944509401294
361,720,83.98405261947765,-4.045295563107947,-1.6092940973131598,-1.9525392779840873,0.47992932924842213,,34.34340063389391,34.12490178295411,1.0938391557428986,33.03106262721121,0.0,42.26346132684745,27.85016206032626,31.11925437985363,11.588599239970046,11594.262082508134,1309.7011938688076,1977.2162679114242,1304.7732271813595,66.25797044575766
362,720,71.90600397358449,-5.062729928687572,-2.539640851079442,-2.0763783466378025,0.44338450176345395,0.07511106133460999,40.64477973105386,39.884595504030585,1.0932425702922046,38.79135293373838,0.5235540079884231,42.263424050207256,23.326128532082986,36.443247044227256,13.072715036795449,11590.88377492573,1233.5293567225365,1832.6798947520517,1365.2783512230126,147.386409297685
363,720,70.03808098848701,-5.490787049125995,-2.835655040503272,-2.196562227193949,0.45523059493488127,,41.52951895701699,41.281430328032,1.096952392719686,40.184477935312316,0.0,42.04370217425968,21.545925348989055,38.59020289380034,20.54181821947863,11582.860790208337,1282.4791516310431,1878.3517744848266,1318.2655097565225,44.1942764574843
364,720,80.17113446752342,-4.050702201084984,-2.2074255966792276,-1.3813058409966177,0.45876120972820844,0.10264599323272705,36.93180633103475,36.12092519411817,1.0951614221557975,35.025763771962374,0.5228536569047719,42.25484201390843,24.565662005901306,39.27274713635686,28.988222922926322,11582.399999999958,1245.2798246301554,1890.340789776795,1277.1526796298022,101.66241078343648
365,102,0.0,-17.454252877347784,-0.7591356742209904,-1.1697408492594739,0.04994768354045356,,11.515871682902798,11.226676404941827,0.1573667274788022,11.069309677463025,0.0,12.203905516899962,3.9745010686204143,35.83493648900634,0.0,1651.9595198187033,163.33008857823535,205.8802558406729,186.70888440550465,19.455646572531542
366,64,0.0,-17.744578237432513,-0.4598793199609162,-0.8240789211676894,0.035316502754985664,,10.616550832055509,10.326399803860113,0.09979821788147092,10.226601585978642,0.0,17.017845599544923,1.036629071475651,30.292091554865674,0.0,1039.0239932942386,117.32405299436729,145.98919547978258,115.94637181692592,67.3600580576757
367,720,50.03053977582744,-6.86730054221537,-3.4002440275165093,-3.0072833001162618,0.456646435688827,,42.9378273608163,42.682209741091356,1.0933309553656727,41.58887878572568,0.0,42.044077178964244,18.25995582299483,35.69439479689392,14.474720270434238,11594.547062422918,1318.4891244308967,1879.3646668717818,1272.2230879483543,152.2923958873514
368,92,0.0,-17.54936668078324,-0.6008960611738228,-1.1607296781949081,0.062266687171802455,,11.67714218585752,11.427282752934843,0.14156250259838998,11.285720250336453,0.0,16.87662244866968,5.3813679822860765,31.157954399125416,0.0,1491.3257874604992,202.94220700533043,255.63910923165625,167.08511840049138,21.120495064143086
369,81,0.0,-17.5340986899528,-0.49473709432321156,-0.9866396301890209,0.05235680671226505,,8.635832199128345,8.389634513063356,0.1247886607889086,8.264845852274448,0.0,10.814810345172175,2.019152144972053,34.43079836605337,0.0,1313.0516358986047,170.21632383086776,215.19632132779034,145.3967982516385,31.966289450995752
370,720,72.69137631174036,-5.408232226485372,-2.692320466787325,-2.240899227364128,0.4713534308794781,0.07902176678180695,43.66836231411435,42.76820730185136,1.0983144657220691,41.66989283612929,0.6134355198591948,42.26122428769303,22.886094631349437,39.3866191832746,24.225627694903544,11582.407200688365,1316.1483575677964,1940.4481481305413,1324.7349795361777,62.774045172410844
371,720,60.62947775331735,-6.5749721613612495,-2.997416641825372,-3.1314341086499566,0.44288457214862664,,44.145508949877694,43.900449430104345,1.0985101729165763,42.80193925718777,0.0,42.26372406266108,20.04794826079839,31.98292414171696,17.288113993666173,11588.472308958037,1284.492445070643,1826.657712298419,1300.240335173492,116.34487548393186
372,720,81.8998127212868,-5.525888792203825,-2.3793635423735537,-2.7018727597210854,0.44135716808651687,0.05162861943244934,38.305340426974,37.50993375713006,1.094878364354372,36.415055392775685,0.5302990940399468,42.168393855890315,22.995583851613347,38.41578001281245,18.276874199249445,11588.450066043588,1250.6556974925472,1818.5761209233247,1340.2920146692668,42.149598148707
373,84,0.0,-17.57338391425824,-0.5521711504918261,-1.0381390178783998,0.057636512450263064,,10.73322397400625,10.484509875997901,0.1304887025617063,10.354021173436195,0.0,17.53020477052623,4.7601099880552615,30.454737901227986,0.0,1360.665064263886,186.91720463658555,236.6671200862277,154.5796604655111,41.43920854072257
374,720,61.20271471393994,-6.307478187676465,-3.113630447921213,-2.754745869643184,0.4357773520228432,,45.34061118401587,45.03952965606004,1.0963848817627877,43.94314477429725,0.0,42.26077369480289,19.716589459659936,36.689081782627575,17.646588621144247,11587.239242427073,1254.7777468293625,1796.6354633616943,1320.7222602758648,96.88627405912489
375,720,67.24439702004571,-4.276463838537163,-2.1722946196266695,-1.689317819511323,0.4112567066237314,-0.02369643934071064,37.16560800001025,36.40524696698412,1.095174627378583,35.31007233960554,0.5313107711263001,42.263866107273515,25.379726374022287,39.743202804808604,26.308139682983306,11582.39999999996,1137.7827977669176,1696.6272351015596,1318.8390954619276,80.09470601777359
376,71,0.0,-17.567683205205654,-0.3979314869759606,-0.8707415159434252,0.04865817438083785,,9.402604089817032,9.130995773011819,0.11131548369303346,9.019680289318785,0.0,8.998992139154502,2.0737376519953505,31.66634649529862,0.0,1150.0938319304478,158.03272733660845,200.1686531278595,116.0890062904356,63.7898573433901
377,104,0.0,-17.543823624603757,-0.7601411548794448,-1.2827212086477058,0.07548945462971354,,11.080434621078894,10.81721181399189,0.16056307242251933,10.65664874156937,0.0,23.744551458295025,4.884561955823966,35.43919876114181,0.0,1688.104500014506,242.9484247708068,309.02354923713114,166.04401461604837,157.96761388346553
378,720,59.365181245611176,-7.262323846264461,-3.1067395952214483,-3.7016930409567688,0.45017299565061303,,38.03614833788015,37.77648859890178,1.094902124721557,36.68158647418022,0.0,42.26315138417225,20.493216639871683,31.858643882779493,12.438769089800074,11607.314321208685,1299.5593453525787,1851.1445858668635,1291.3776344447463,236.24883186587735
379,76,0.0,-17.595961724324702,-0.5208791308535524,-0.9000000503362339,0.04973161321853842,,9.861721854889765,9.608758366899565,0.11697903438471258,9.491779332514852,0.0,5.825052381574687,1.457886705286738,34.57155099631218,0.0,1230.2555406577799,161.60507580642974,204.815289242751,142.08395952845532,40.98976378373758
380,720,65.02745234630977,-4.512855551357177,-2.4400389404275704,-1.629789716554249,0.43940145395312363,-0.013181864283978939,43.72186843189411,42.84297712193802,1.0961892153136432,41.74678790662438,0.6093533169478178,42.26327473073017,24.799626581365615,39.93929900207766,23.005892624586536,11582.471739509314,1206.5098982875156,1811.208154234269,1362.2882848721117,28.167576998512
381,88,0.0,-17.603397175328794,-0.6128855091295271,-1.103889470867061,0.06122042106151084,,10.745935948099941,10.485268983058631,0.136054459027946,10.349214524030685,0.0,20.535595749009534,3.814861773346115,33.426812989216145,0.0,1428.216029547275,198.82874299497055,251.033959831768,146.02207161880438,90.44914294204364
382,85,0.0,-17.64532621530516,-0.6046145428709249,-1.0819179084835762,0.058444860956933777,,11.729126281104982,11.466133464127779,0.13239668938331306,11.333736774744466,0.0,24.389932872774345,3.839674051294517,32.69010734643932,0.0,1380.4098124167156,190.9411947551874,240.04201966324368,144.52963974096986,122.67432161304903
383,104,0.0,-17.397331211036548,-0.7136122609450022,-1.18578748432521,0.0724443358916759,,10.608449829975143,10.359744030982256,0.15955030918121338,10.200193721801043,0.0,18.818275906309733,3.350494281328821,39.34312798263539,0.0,1684.367775864712,232.97910041831707,297.0335877923209,168.24422709611898,116.69124840922356
384,94,0.0,-17.54216774478853,-0.7140586389301832,-1.0889075762631846,0.06376019060246542,,10.657837991137058,10.412189142080024,0.14414751436561346,10.26804162771441,0.0,9.387236339284112,2.782286681531338,37.15124202097336,0.0,1521.202120685856,204.80641982588907,261.6700230169501,161.72332501050062,131.1873770647312
385,129,0.0,-17.24585035695366,-0.9115952154378103,-1.4449894429897512,0.08863049757658939,,13.976485683117062,13.707796704024076,0.19747737888246775,13.510319325141609,0.0,24.391716625644726,5.2790047498264245,39.71400947349171,0.0,2085.8417561506453,283.8273744882283,363.37060597412784,223.7934831868558,107.34865877210854
386,720,79.77698406781798,-4.617486890819766,-2.001169076536991,-2.164404772617725,0.4485361469214981,,41.76325092790648,41.52519932994619,1.095161568140611,40.43003776180558,0.0,42.25013600192238,26.288495801690704,34.620418138866576,19.151620051331808,11583.90015733164,1249.0485503216344,1851.6280688128836,1344.7370276091897,193.16546404327036
387,77,0.0,-17.645396144387618,-0.5209685475696909,-0.9696114541412418,0.05449533898868194,,9.459869269048795,9.18492840602994,0.11824051989242435,9.066687886137515,0.0,14.084635520006715,3.3870893508946804,30.831145438679474,0.0,1248.4784316566456,175.77510140185962,223.37747712815099,119.39247490477919,120.35279133836556
388,101,0.0,-17.369876173432022,-0.6221459438523006,-1.1705668214347864,0.07659098991595625,,12.271270249970257,12.010905592003837,0.15478580282069743,11.85611978918314,0.0,28.16074718715245,2.7419938917431335,39.78687343853073,0.0,1636.9312845993,246.30910623427397,314.56428689000705,179.07076933667392,140.5208072581109
389,123,0.0,-17.362387767609494,-0.8750374807060326,-1.4534410329009444,0.08331181015448218,0.0005240459577180445,11.724416040116921,10.944426249014214,0.18824245571158826,10.756183793302625,0.5376027589663863,30.603796187500834,6.006799607168972,36.518906766326545,0.0,1993.7717691461153,268.5054197655613,341.4203099691954,211.64064120502226,107.73176225882315
390,76,0.0,-17.66976266979478,-0.5407796479238709,-0.9470997698790162,0.05657191231702032,,9.170501879183576,8.903999737929553,0.118328986922279,8.785670751007274,0.0,16.454614877272938,4.013923064569929,30.032613764407706,0.0,1231.3787383109213,181.27018635480744,230.8148770641005,114.26601316959993,141.31675104503677
391,81,0.0,-17.553091574295653,-0.4774178541735032,-1.0168862868955664,0.05841671412264757,,11.561852076789364,11.264155661920086,0.12604358769021928,11.138112074229866,0.0,13.748681155636818,3.43947978790449,32.095394629197536,0.0,1313.7509544702216,189.10148363713202,239.01603545169152,125.2477947237684,104.46376358177469
392,88,0.0,-17.56528253004902,-0.6431582811605402,-1.031064404850512,0.06567322746345038,,10.058053217129782,9.802814107155427,0.135243175085634,9.667570932069793,0.0,14.395770024301857,3.6002003064100454,34.13068296437697,0.0,1424.0433671706742,210.73093624953663,269.2398372245613,121.61751762157364,155.10144177923956
393,720,77.63482662695334,-5.366096720865664,-2.0836753767302256,-2.8067164544533623,0.4723780388358404,,39.60427271388471,39.36630902905017,1.094243254745379,38.27206577430479,0.0,42.2636799882956,25.600603879867883,36.963829942458915,14.652699663939742,11593.545019931238,1328.1602520128652,1944.235808204344,1247.673978725277,137.99132068424035
394,79,0.0,-17.62283587625289,-0.5268840825677614,-0.9860800303010399,0.059433984593838515,,9.249606916913763,9.002910792827606,0.1206799338106066,8.882230859017,0.0,12.623468107186085,3.093047286915827,33.160739870585616,0.0,1281.7743965751026,192.2600084167859,243.93573777654413,143.27863602186918,75.80589013611547
395,720,63.360895991852196,-7.441160231516063,-3.3026577269672237,-3.6803870465929056,0.4546139665051536,-0.10276353359222412,44.45714651513845,43.61753257596865,1.0939926111605018,42.52353996480815,0.6221340149641037,42.263735690151286,18.53944287370009,34.79381806265683,11.782879728525533,11604.766271344193,1333.8693632303314,1874.4190086862054,1326.091319092842,140.01747454051105
396,106,0.0,-17.334902500920634,-0.5983552520341446,-1.288019042635486,0.07305485426518969,,11.399133908096701,11.160949044162408,0.16430385340936482,10.996645190753043,0.0,15.491145061103337,6.841334559680125,30.161453717314714,0.0,1716.5271079827057,237.01440816133896,300.5952678712807,179.82499440911295,35.01778785431202
397,112,0.0,-17.387462877265975,-0.7965949060701621,-1.2813243141853081,0.08394560724886775,,12.920947154052556,12.65973706310615,0.17287664930336177,12.486860413802788,0.0,22.62307744084076,4.089046944475885,39.42106141804365,0.0,1813.144277912895,268.06706103134445,343.31141124949784,170.04680187325903,171.21636643988978
398,73,0.0,-17.769497761906724,-0.6516221646541254,-0.8717981359858114,0.04581305752147495,,8.851401029154658,8.575616938993335,0.11228320188820362,8.463333737105131,0.0,7.838910757187757,0.7054888481025438,34.260285629997526,0.0,1182.2958699945443,149.2048372104789,188.26152509212872,120.14672754825514,92.98125847377861
399,153,0.0,-17.042919028744723,-1.02268195990367,-1.7027756417262818,0.11675857520124205,,13.560844333842397,13.317873912164941,0.23330432060174644,13.084569591563195,0.0,26.563849583159975,7.4406326064404205,38.454274873093446,0.0,2474.359608828788,369.3779096982736,476.1302207181739,223.76691961613358,189.01394888126734
400,120,0.0,-17.30208830397175,-0.7810914468134758,-1.416583424813184,0.07885548596498863,,11.829171451041475,11.586747417924926,0.1833950844593346,11.403352333465591,0.0,27.384043500151208,5.178647007504523,37.81693709307813,0.0,1943.2146483042932,256.5788883229057,324.49540062941634,212.1153438518596,77.46993318712298
401,720,72.52440558222139,-5.2528946633208475,-2.5504381164394734,-2.252574617793149,0.44673083377644235,,38.68831362994388,38.43904965207912,1.0982923964038491,37.34075725567527,0.0,42.26353091234347,23.324314358579922,36.663290808670325,18.06770293439577,11586.125901780297,1253.3065947175758,1842.456257781177,1280.176720495772,195.97389579152306
402,720,62.35292727258427,-5.876913750169519,-3.0224593396817863,-2.385184674355464,0.4657602897639369,0.044338539242744446,39.90098898811266,38.93147016502917,1.0964152121450752,37.83505495288409,0.6959622697904706,42.200305269315045,21.42098113979747,35.44713686313343,18.83057160350938,11586.570382429645,1311.4841383048754,1916.4032234531207,1259.9075313782078,195.11211976545033
403,132,0.0,-17.30314248926519,-0.9114165495923083,-1.573111488155122,0.09291223968551955,,13.950267703039572,13.68549874308519,0.20406037173233926,13.481438371352851,0.0,19.103872769468314,5.666480796288127,39.70025835241982,0.0,2139.385957788591,300.70711807888,381.2311076248971,225.79468114306292,112.19101327043107
404,720,49.79309387078092,-5.858854784736044,-3.054853063777783,-2.4377801308273757,0.3629507698117721,,41.419900393113494,41.15494268084876,1.0987422112375498,40.05620046961121,0.0,42.25171107701537,20.585762916596487,32.670140542933105,18.45487374885489,11587.027928734879,1030.5156169796928,1496.1191245277791,1302.3956457252173,31.659122962394555
405,720,62.63533222940229,-6.688304417737628,-3.4624668574020436,-2.8098759293244986,0.4121147209053264,0.0842321440577507,43.57928615389392,42.7182773319073,1.0970004149712622,41.62127691693604,0.6016859400551766,42.218750572701545,18.478478748757773,39.34547542903335,15.752880364826275,11588.734833952527,1187.330497783559,1697.3977148457748,1335.2044922875527,247.06552859259276
406,119,0.0,-17.4658625895051,-0.857733712699463,-1.4828302870501244,0.07477487344915344,,11.727268177084625,11.46432859892957,0.18487836886197329,11.279450230067596,0.0,25.91153747278248,5.887557196686773,35.09801564113276,0.0,1929.8659606815656,241.6228790498157,306.2211073912405,208.19521481550163,71.80443970297422
407,720,48.585906372174804,-6.642484014533034,-3.2787152063995326,-2.887442899841638,0.4725653777861662,,40.691676256014034,40.41554886382073,1.0954966978169978,39.320052166003734,0.0,42.200130624519986,19.541345424580697,33.264559731184626,15.059572827477687,11592.894929298665,1359.505667196156,1945.213623304,1326.649765404118,238.6132772025115
408,720,51.03826867596929,-6.124205939952732,-2.9161308664710055,-2.775471907320999,0.42885961835766956,0.15059611201286316,43.786760370014235,43.309683891013265,1.101933652535081,42.207750238478184,0.22499850881285965,42.26388569053205,21.718827475705208,38.1829720328936,16.709818980392853,11587.795740481946,1231.6527093872362,1765.4742447519086,1289.049988966716,206.99903901654207
409,720,72.31352012103815,-4.240372919183315,-2.211058289293301,-1.5940334476119533,0.43168973204452715,,39.794558878056705,39.55933997314423,1.094531768001616,38.46480820514262,0.0,42.263929242854005,24.96884096730027,36.522457293943255,24.959148529623203,11582.400003226108,1187.2127043719283,1780.8809914541234,1393.0957040496369,84.57905634258816
410,80,0.0,-17.2738885731382,-0.27299263698043685,-0.921303469173776,0.05420403721388252,,10.997640869114548,10.744554723147303,0.1225290228612721,10.62202570028603,0.0,7.23052480532351,0.6710516301913909,37.33347781830917,0.0,1294.9158063957918,176.59153075651494,223.40986123672798,145.55478212835098,59.62978739697998
411,92,0.0,-17.501650445329172,-0.5755030218137159,-1.1454183434976617,0.05535814199919268,,8.643345440039411,8.409849559189752,0.1407201315741986,8.269129427615553,0.0,17.662523459774413,4.572828380123741,32.75212995046694,0.0,1492.78868178957,179.65814836853073,226.87739875016115,143.68333991424487,49.5521151947751
412,720,21.084883754625324,-9.75721766429901,-4.2198918295426155,-5.108201775854798,0.42558874098774685,0.027143102139234543,42.15727351093665,41.310944728087634,1.0930038294754922,40.21794089861214,0.6044962420128286,41.99332603848091,14.550369145111967,34.67262036233299,10.307504889002999,11606.599731637483,1313.4418643468102,1750.7371077616203,1299.6325924740138,176.84452719710214
413,80,0.0,-17.68377402401903,-0.6160392947261094,-0.9930285388823081,0.04929935870415718,,10.262355853803456,9.988235143013299,0.12379237939603627,9.864442763617262,0.0,16.387233497923013,4.126505446815956,30.0500830352331,0.0,1296.1150891710777,161.90937076568406,203.20287561488638,147.40320149135525,56.09429424862624
414,107,0.0,-17.464919181406373,-0.7400279902862086,-1.3060031484004302,0.06846737468507308,,10.258400721941143,10.026246224995703,0.16544900182634592,9.860797223169357,0.0,21.45026297288365,5.4005572297074025,34.324236452905836,0.0,1735.0096979889568,223.17923375260597,281.9064156146263,174.55382139658533,89.5580348649705
415,720,57.236535418698985,-7.238362694578719,-3.215065416071391,-3.5621994283018052,0.4575542289884734,,40.81802598503418,40.55858681211248,1.0961421772371978,39.46244463487528,0.0,42.19453273882383,19.52960980799707,39.378435845755874,8.950838378206969,11627.87729006851,1326.9981019530203,1882.401576717586,1276.990213794963,106.83518651555158
416,720,63.1923941134388,-5.180781576082009,-2.7478686884010424,-1.981748318774102,0.4480045906793709,0.16413456201553345,39.3717947001569,38.53103154501878,1.0962392564397305,37.43479228857905,0.6054419241845608,42.263521816389556,22.173787152044444,38.32283471628607,30.825079192257814,11582.399999999923,1256.5507350132655,1847.9558598747653,1311.4938618842039,103.4687504526057
417,720,75.59913381301635,-6.309294342181973,-2.9934854380689093,-2.856431013916317,0.45593112676341885,,41.13519685994834,40.900475348113105,1.098929492291063,39.80154585582204,0.0,40.90673478206072,20.3374947178068,30.683864866158817,21.167272501812164,11583.537976779779,1308.5039948238234,1876.4200227995643,1337.7679978460942,87.1463242312445
418,100,0.0,-17.49385031927608,-0.6379673428669506,-1.2537651948059336,0.07663211626277175,,11.565147848799825,11.330531097017229,0.15403569117188454,11.176495405845344,0.0,21.61928995617082,5.656224552559965,32.364539789026594,0.0,1621.4177748704938,247.0945908458517,313.7962219981451,149.52175603864495,175.8335930568473
419,720,75.09375785171636,-6.035435989899512,-2.6766587592363176,-2.873250811513,0.4818236695496599,0.06148508936166763,40.91626593610272,40.04698349814862,1.0977993193082511,38.94918417884037,0.6032818770036101,42.26360750027516,22.288314168220108,36.85939158129759,13.118102217133506,11597.0553369779,1365.664413133931,1983.277815983773,1295.8340470199835,191.6877252646027
420,720,66.18561128917257,-5.336854823408367,-2.5494625151266357,-2.329699828846324,0.45435823079957144,,39.62821867316961,39.37045972980559,1.0972028272226453,38.27325690258294,0.0,42.263734392698574,23.435106969571233,37.01658862183644,16.964068342068302,11588.683108952968,1277.923908430817,1874.4358524139611,1332.3608639079955,48.28498543750012
421,720,78.70655832613703,-3.374544565816687,-1.998307691333157,-0.9395744583373979,0.4332201220417304,0.05571984127163887,41.02616536989808,40.258497204165906,1.0943036014214158,39.16419360274449,0.5265107280574739,42.213692559339485,25.476970744981543,38.639242403764875,36.0389760227839,11582.399999999952,1166.5844825520396,1784.9260886501108,1326.592457107226,240.29498334824618
422,720,70.34339142549597,-6.76731617291007,-2.9155337801902106,-3.3839633705559606,0.46453065787060144,,41.60058666183613,41.35283701401204,1.098396149231121,40.25444086478092,0.0,42.25169615397924,21.311677183939448,37.585354558529374,15.359186123052284,11594.74827173083,1339.2675589384107,1912.0817141977275,1229.2654134449765,265.21552326911353
423,720,72.51564756759508,-4.195393538235684,-1.9785903979320247,-1.75850182196267,0.45512885834826416,-0.040363483130931854,45.50624952185899,44.72576737077907,1.0972451651468873,43.62852220563218,0.5226491640787572,42.26332325589164,25.934788848158217,38.67481160572601,22.766698161338905,11582.53849130683,1248.2891439521586,1874.2796220773887,1280.0256187111806,81.3734101999452
424,78,0.0,-17.69342108724524,-0.6330780450654357,-0.9333774694784566,0.05159652698469273,,8.750278420979157,8.489922733977437,0.12073331815190613,8.36918941582553,0.0,13.599369713803055,1.490565048383131,35.30359309218548,0.0,1263.8106181196029,166.9574251641593,211.80260879211056,131.60364653695456,82.33749516195132
425,118,0.0,-17.452827519050697,-0.6655087980623932,-1.6155199603502224,0.0960755056940226,,12.80722048995085,12.565279620001093,0.1819323522504419,12.38334726775065,0.0,27.475599963857384,8.380488363945867,30.10662548696609,0.0,1922.78616003318,310.7075390226678,392.78346017541287,202.70328306071784,125.89904117677047
426,720,66.27145254338492,-6.240109368389934,-2.9993079897534307,-2.7751334777848795,0.4621831729969289,,38.81105993594974,38.586880962131545,1.0955426124855876,37.49133834964596,0.0,41.916462168775894,20.395156133554334,33.56855879636796,15.104063095273162,11592.630574875793,1316.851522052149,1903.208499026673,1324.5155669487642,236.9785532649592
427,720,61.03386864833343,-5.857276612762434,-2.4941487548787378,-2.938160910185157,0.4216508148439538,-0.06976014375686646,47.22661434998736,46.357133731013164,1.0933679933659732,45.26376573764719,0.6080106981098652,42.26366547460936,23.7579677711759,35.01296111053108,12.47268949283704,11600.905652780464,1207.545981594367,1735.7193747566719,1279.0317370406617,98.31063006073191
428,92,0.0,-17.457649017027293,-0.5685142716828545,-1.1019937447253434,0.061716921970748136,,11.505126765929163,11.223453053971753,0.14282903354614973,11.080624020425603,0.0,20.819530276798808,3.1364478935572526,36.35297028539469,0.0,1491.5911972721335,200.79977598895175,253.7394629430687,163.01677425249358,74.0037282977323
429,94,0.0,-17.558792798711522,-0.6765123037889283,-1.1545448082360097,0.05225600667913089,,9.549379537114874,9.323300886899233,0.144631358794868,9.178669528104365,0.0,24.00962406287343,5.401350785916693,30.07858926167342,0.0,1522.6362997483618,173.29792809427164,215.81778012925312,197.5933184583682,7.936687916469463
430,77,0.0,-17.785927016310783,-0.6440330767621543,-0.9846080249322917,0.056888344186712125,,9.080426943022758,8.828292711870745,0.11880577891133726,8.709486932959408,0.0,22.54911975731862,3.4667032191361855,31.73290039145777,0.0,1250.412638267535,186.0372169621893,233.90781951433695,131.96234581180556,66.29536489200204
431,121,0.0,-17.185253387320625,-0.7125873234416628,-1.3896747710039241,0.08247814206710008,,12.426112413173541,12.176596139091998,0.18552684877067804,11.99106929032132,0.0,20.169107941732573,4.925541894779745,39.35248240992158,0.0,1959.4887076419616,264.40881021852533,337.6666988246342,191.76608515814547,69.17000720480507
432,137,0.0,-17.42414165459984,-0.8933616004198711,-1.835041482656158,0.09503192039359956,,11.046826585195959,10.818449476966634,0.20977291488088667,10.608676562085748,0.0,27.623474184544055,8.9799521293067,30.419039611933673,0.0,2231.4761266015503,312.0102943903077,390.30524303828787,244.95001453722242,19.3392033160782
433,720,57.59032686516235,-6.4681292616015496,-3.1144619163475666,-2.8996236117476313,0.4504063841617669,,41.94959053909406,41.689278247067705,1.1015750281512737,40.58770321891643,0.0,42.263551072055336,20.949889130293634,34.1539238243708,14.153238281779323,11594.535898434837,1289.0667007655306,1858.6516086738015,1365.556314469688,242.27154638831828
434,720,65.43004199425667,-5.1370353503873885,-2.6376199515326815,-2.070555317962533,0.42552737480233005,0.14099283516407013,43.766076958039775,42.81820430699736,1.1081966154742986,41.71000769152306,0.6942249678540975,42.2377060881203,22.432627478137174,34.421103753855334,22.61528859305958,11582.678324255256,1193.0724182994559,1750.1298827427954,1222.3937046178903,43.386068834346844
435,81,0.0,-17.62494474043328,-0.6172153424399867,-0.953731550495581,0.05359704995241812,,11.63384328992106,11.337280494859442,0.12680234550498426,11.210478149354458,0.0,6.416283984140716,0.9737530424405277,36.47406756218471,0.0,1311.7650112497117,173.13887157833418,220.56131411083467,154.68831193009333,44.72189760712982
436,101,0.0,-17.536852713959128,-0.6820084927271052,-1.2776023859792356,0.07671589963836194,,9.946876507019624,9.74932909104973,0.15576002118177712,9.593569069867954,0.0,16.35217769737664,5.719847858001558,33.13350091111729,0.0,1640.1575825185628,247.50234342884391,314.18149109405095,157.14036191444876,97.76754317169322
437,720,72.73745518711348,-7.0612384047077175,-2.8057797009684697,-3.7882358003011123,0.463640235600481,,41.84637725795619,41.58763556717895,1.0976451467722654,40.489990420406684,0.0,42.263253185613785,21.766057402844343,37.40251415763717,10.947793790398267,11618.129623145274,1344.6439638988236,1910.0652133656224,1306.2789356875996,139.4986459468547
438,720,74.31163428315212,-5.4488815707069715,-2.8279781403853193,-2.179376123136485,0.438193734766465,-0.07117456197738647,41.94125044695102,41.06835776893422,1.0950639247894287,39.97329384414479,0.6087334279436618,42.24466328331685,22.045985903246827,35.512258224892754,27.72239388406872,11582.39999999991,1227.7064744448112,1802.3321298861983,1273.098463156614,204.11779135688238
439,109,0.0,-17.494011554669655,-0.7924568321234411,-1.3280804652717206,0.07305619591131801,,11.889182281913236,11.610867229988798,0.17062778095714748,11.440239449031651,0.0,19.554072854264057,5.024227097852403,36.35255426184493,0.0,1767.7177755238545,235.63438269245614,299.04496018179486,164.95217869141413,32.745078500055534
440,720,57.176180159884936,-6.375736617496426,-2.7564451380887207,-3.150232185257939,0.46553152060592684,,41.27789228106849,41.02163730817847,1.0902308544609696,39.9314064537175,0.0,42.26368393865657,21.838211804816314,32.180890483588556,11.690708928265908,11608.251559324528,1331.1795086621453,1916.8766453740366,1310.607588020743,141.5681300275842
441,720,77.6413897911224,-6.076932559539964,-2.340999795456846,-3.2938334792205666,0.43879627915917907,0.03923054412007332,41.82568489597179,40.974638144951314,1.094851893140003,39.87978625181131,0.6031050311867148,42.251348952943566,24.360072017145008,31.972208250721284,11.053327056687909,11608.821465441819,1251.8559893849615,1808.994410000986,1321.8732393601322,87.54493603181112
442,98,0.0,-17.61387720755809,-0.7029443600366528,-1.2537578492665045,0.08159135093895593,,10.387900261208415,10.155864543048665,0.15245867357589304,10.003405869472772,0.0,25.002147172609334,6.250897896296097,30.64942638887949,0.0,1590.3413407674316,261.62228869042855,333.4321869471441,159.28948784013795,72.77395702317865
443,720,56.759926638027004,-6.153403309943014,-3.033219620998261,-2.6337096348002826,0.48264848109623454,,38.66548662306741,38.420694581000134,1.0907583546359092,37.329936226364225,0.0,42.24105730651236,21.588009145381758,33.45379081278319,10.539185643403684,11600.341337900367,1359.9353750991063,1986.813924806373,1313.7296796386158,206.01567149524138
444,172,0.0,-17.097113402090205,-1.187697063683343,-2.0694400031485025,0.11419543507866478,,15.21587458299473,14.959374427096918,0.26269066985696554,14.696683757239953,0.0,32.2307229541274,8.386008922617762,37.63741960826453,0.0,2790.6036331225764,371.0434344532311,468.9509979268095,305.1769688182933,34.09776636333488
445,96,0.0,-17.39698544891387,-0.605903539616415,-1.098962204214546,0.0666635645077933,,11.665116586955264,11.404290990903974,0.14840015885420144,11.255890832049772,0.0,20.454033792932734,2.3636616874751355,39.11124495642678,0.0,1554.033625673614,214.24074764197394,273.5754562027802,157.51396568155283,43.64324428887914
446,75,0.0,-17.62176613546962,-0.4519153984347333,-0.9696693086485114,0.04987526372116669,,10.280703386990353,10.010748110013083,0.11659680842421949,9.894151301588863,0.0,20.125831055966863,3.070188123392428,31.261796243053176,0.0,1218.44544891909,162.93435427312423,204.57851490099011,112.62720900320409,87.73750429399603
447,104,0.0,-17.471581910464486,-0.7999739480869306,-1.172330531232824,0.07378756487380392,,10.440758234122768,10.188669878989458,0.1619148317258805,10.026755047263578,0.0,14.448480813498534,3.020663317090253,39.3959218615361,0.0,1683.441366179357,234.73051803524612,302.4584183055167,156.8849995028928,161.31872638408578
448,89,0.0,-17.477407460452437,-0.6042219990408815,-1.002548180930955,0.07028566781860963,,10.993397366022691,10.736609983956441,0.1404623300768435,10.596147653879598,0.0,7.1721460909162245,2.0987586275673245,37.92990863229292,0.0,1439.7524505610531,221.72164064492074,286.56562247174855,114.62329674517221,179.72989620116547
449,94,0.0,-17.41584118178396,-0.606554518410713,-1.065272838179503,0.06846821705571679,0.012036748230457306,12.017060014884919,11.324497773079202,0.14832050376571715,11.176177269313484,0.41558942408300936,21.79709309425567,1.9700367447338192,39.53950971441449,0.0,1522.3881499131578,217.52703133198315,280.0154637013546,162.6263859173013,56.465208382980876
450,75,0.0,-17.752144580728732,-0.5581174227374882,-0.9925404107559868,0.05114230658602233,,8.723288359120488,8.473731162026525,0.11684436700306833,8.356886795023456,0.0,24.627174762781202,4.069265730970386,30.07545736206864,0.0,1219.890243853257,167.3776552874496,209.7137259444428,112.60805069598476,44.10049014492921
451,720,56.898874307169656,-4.636653698051522,-2.4819179648422893,-1.732845108771047,0.4186778235035812,,41.30924230488017,41.070874080993235,1.0902212562505156,39.98065282474272,0.0,42.261781279181676,22.62802717736286,36.425959671824245,26.265023548101603,11582.39999999991,1174.8266300953842,1727.632941014365,1306.8820682037435,74.79070281906294
452,720,71.82855067892301,-5.471501987616622,-2.5678424352389118,-2.43852875899587,0.4617340541382815,0.11804334819316864,41.48935877089389,40.72401769715361,1.0878166428301483,39.636201054323465,0.5264022729825228,42.263405200919856,23.16574657035013,32.16088239945579,16.26594066751406,11588.104094341646,1289.942034251759,1901.2644638515465,1300.0765423392554,172.34852392677124
453,720,45.217850861552364,-5.571105193023695,-3.2842453372020155,-1.8542589738277717,0.4290774351170797,,44.614322958979756,44.34921399503946,1.094446191098541,43.25476780394092,0.0,41.836980110345294,19.385325358650107,36.33043684624052,27.315994795922244,11582.399999999927,1207.431457845862,1767.4986142519367,1299.047790811391,99.80552578752841
454,96,0.0,-17.562211096362628,-0.6723417136496416,-1.2106853572024892,0.05378306755801217,,9.995759662007913,9.74513825098984,0.14616993418894708,9.598968316800892,0.0,22.190930097690256,4.98573038907641,32.1646973792267,0.0,1557.1559069217494,176.02209934587316,221.22182661427036,167.81330509300597,13.541516849255533
455,720,41.52341949553734,-7.813864481797453,-3.588048745936984,-3.7495370423809633,0.4726603076627384,0.09617868810892105,41.914314610883594,41.14288112288341,1.0866173014510423,40.05626382143237,0.5303857808467001,42.26084440787849,17.393630354933887,30.01116330069063,9.938997998091764,11611.311600256191,1394.9072091953842,1944.6700284257922,1276.0077386881694,47.442645730727854
456,720,63.633096021057746,-5.466571954574531,-2.7346533932609383,-2.250679650756276,0.47775334251577445,,40.073595970869064,39.84479831601493,1.08784149447456,38.75695682154037,0.0,42.26386458350102,22.600988836626332,32.07694454108039,16.498676152673795,11588.555778805392,1325.7618851211744,1963.8093267274387,1257.1709269039516,222.86286446652068
457,89,0.0,-17.564222629178502,-0.6238506924810883,-1.074871272932731,0.06503365960981318,,11.105855256784707,10.838668972952291,0.13472474575974047,10.703944227192551,0.0,18.311818565430297,5.077217985296525,31.293149510574935,0.0,1442.018215197779,208.94397872232423,266.39785461144197,147.94891768118373,78.48458318752917
458,74,0.0,-17.650096434334717,-0.48020103551415527,-0.9490107898261956,0.04558910571042983,,10.64736330602318,10.35997028183192,0.11230802140198648,10.247662260429934,0.0,18.097742347283813,2.7085911431312293,31.575244094902676,0.0,1201.7442334782124,150.95577580676078,188.5147027574796,131.47020597881507,27.45057310724524
459,720,73.17054659165377,-5.168704278164266,-2.6781587100269766,-2.121812557900138,0.3656466491738905,-0.03775273263454437,37.939366105012596,37.33768913592212,1.0813716710545123,36.25631746486761,0.35091917496174574,42.249001000254125,22.378056461195875,37.47643367193068,28.271163709568082,11582.39999999993,1034.5748515612622,1508.7493866231769,1325.9695874773079,217.95405078574228
460,105,0.0,-17.39571760115257,-0.7655533304461624,-1.156253135757349,0.07338874991933798,,10.743410547962412,10.49578451202251,0.16291260812431574,10.332871903898194,0.0,18.140769664980958,3.3371926505162497,39.82688132757619,0.0,1698.549022993998,234.47348439482838,301.44100067610435,174.79409184957746,97.75411474377944
461,720,48.900696206317036,-7.866891963335148,-3.8090268597700025,-3.61199038392304,0.4424462461454048,,41.37415849091485,41.14550967211835,1.089537096209824,40.05597257590853,0.0,42.1212535261894,16.21790662306539,39.51289292371337,23.245246278605734,11582.528859764976,1323.7321345721152,1819.1715235099364,1260.9702647664003,435.1430210717085
462,64,0.0,-17.738045687624286,-0.4759809582856351,-0.7905547958143776,0.04619523409946706,,9.969540711957961,9.702158499974757,0.09870578278787434,9.603452717186883,0.0,7.188947620272821,0.9885421219954742,31.45085441031584,0.0,1036.9110858869726,150.30212899675345,189.7388604570218,105.36768978956037,11.780175953515224
463,720,71.60556314927254,-4.752982335881758,-2.3511828176138523,-1.9233761728430994,0.4748171123461623,0.2879416346549988,40.70350520685315,39.9888435411267,1.0928248967975378,38.89601864432916,0.47835673997178674,42.23928446399397,24.6870785256106,32.89202790258289,22.49039501237803,11582.558526521398,1306.7613315025628,1954.1973515108855,1248.7094517930502,187.33770822852165
464,720,58.62746912888872,-5.845205098680099,-2.7424177591589363,-2.658021141936858,0.4412965464615803,,41.23895195988007,40.99376294808462,1.0927275971043855,39.90103535098024,0.0,42.263474901912915,23.125547086791126,33.60798963408856,12.085117048075702,11600.619543198563,1255.5201781836997,1817.3082759311897,1294.2898097038446,173.14941090051488
465,720,56.939006904235676,-6.775024980121805,-3.389049819659544,-2.9326683938611655,0.449773424975902,0.06800593435764313,41.2380905309692,40.58910952298902,1.0892807415220886,39.49982878146693,0.4132299982011318,41.98674992108115,18.722377407250217,35.08410584084503,13.269162395921283,11597.709788938555,1306.5760489232327,1852.9983214052702,1335.5734940128475,366.97013185073905
466,720,57.65966551312902,-5.86321522770034,-3.017055041150692,-2.355038033866602,0.48756537559490193,,40.37653293018229,40.11207100516185,1.0908141126856208,39.02125689247623,0.0,42.24285644246561,20.61575270856975,31.383459625628845,18.337174942117635,11585.472058287753,1368.536416720198,2005.3301143176432,1251.7308231739225,204.4799543974846
467,104,0.0,-17.53543122822663,-0.6648754330343952,-1.3759369911361965,0.06914148862144533,,9.149713961873204,8.903575923992321,0.15807074634358287,8.745505177648738,0.0,22.67665943175133,6.7072901328231715,30.81394987881182,0.0,1690.7214301643885,226.77959201102297,284.2366724625315,166.67596332906007,40.24648631212585
468,720,41.184810069946955,-8.897221618856793,-4.033453145927855,-4.464576791933843,0.3957499661690411,-0.4455030560493469,48.527076883008704,47.66102025890723,1.086844077333808,46.57417618157342,0.5994407599791884,42.229979520156064,15.396218758447269,39.50749046375487,12.052899825966618,11594.314461220074,1210.4842129591386,1632.9136681629764,1319.2778491433603,76.8305360956709
469,720,79.47852740026997,-5.820975742194436,-2.705896400147022,-2.6962145614798594,0.41560578025683453,,42.346060113981366,42.08769792900421,1.0910703199915588,40.99662760901265,0.0,42.24897762862372,22.803237723382203,34.07106500103621,14.317208734760428,11591.091930751576,1183.8069713667744,1713.216285902171,1305.2373505778949,142.5945471626437
470,88,0.0,-17.669793356179348,-0.6636016045406724,-1.1188270947585606,0.06187599209906652,,7.790931879077107,7.5618863760028034,0.13356436765752733,7.428322008345276,0.0,20.02265459985346,4.40658227926371,32.48054271286941,0.0,1428.7952084907818,202.3987996682548,254.40794404017277,152.9153525036036,78.35250371306107
471,720,49.94308726084956,-5.690524107905905,-3.256467530669847,-1.9820200146760383,0.4484953546588585,0.09558719396591187,40.517687018960714,39.756368956994265,1.084549548337236,38.67181940865703,0.5304675761144608,42.20022612167574,20.354930810460207,38.59308272463707,21.15628664980299,11582.910836644924,1253.7814207521394,1846.3556984228373,1260.23412015574,439.35703723227425
472,171,0.0,-17.042746236565733,-1.091082734625777,-2.0883460180468743,0.11248666315084038,,18.777698217891157,18.499845831887797,0.2637963241431862,18.23604950774461,0.0,31.483534974178323,9.161044078877923,33.65077565849251,0.0,2770.636251987987,368.61191604072866,463.1362999207316,305.1935807541141,99.09927784501943
473,137,0.0,-17.407202020082863,-0.8531755571798967,-1.8577043074197572,0.09577637881858989,,13.013907149201259,12.70506435399875,0.20925719011574984,12.495807163883,0.0,26.034395130921176,8.86597780539482,30.644586215556945,0.0,2230.31823096193,313.27138720129415,392.5689526468879,223.4149981379746,56.53826939869011
474,83,0.0,-17.617917329972475,-0.5611462818650759,-1.055624766629165,0.05087021297833713,,10.303821804001927,10.035432080039755,0.12637182231992483,9.90906025771983,0.0,16.502665661735172,3.30121065796075,32.743728084652176,0.0,1347.798814330047,166.75120691535042,209.2478218150188,133.8536336183098,53.47878308241641
475,720,49.36816245402734,-6.62156701842348,-3.3060758759835056,-2.8791148159316835,0.4328854291581811,,42.29479523003101,42.040680102072656,1.0878009875304997,40.95287911454216,0.0,42.263060617211686,19.69803444334574,33.826837447204895,15.527856498368653,11589.48552784448,1252.2993814639547,1783.5768301919563,1302.797312084443,217.41257698921075
476,76,0.0,-17.650739242124622,-0.584415082199407,-0.9002060463680588,0.04083014477661184,,10.410942902090028,10.157492568017915,0.11640567216090858,10.041086895857006,0.0,14.037702311289296,2.0521428390120695,32.82470913516358,0.0,1230.0845589827536,135.75828661801773,169.45728928613934,144.7422789462843,43.58613920814678
477,84,0.0,-17.61097737999214,-0.6133471132277731,-1.0050042370834453,0.06723709961231013,,9.821561232907698,9.566690241917968,0.12849346548318863,9.43819677643478,0.0,15.46209835285484,3.2110109359424777,33.88302259182289,0.0,1360.2007593110864,213.97860120890215,274.7011124547066,118.98736342655432,118.5560723867664
478,95,0.0,-17.48672461413501,-0.6177638755379449,-1.1505240445267164,0.06793645901360983,,9.498995393980294,9.265462557086721,0.1450842807535082,9.120378276333213,0.0,15.915774828482233,4.904227239879543,32.78111670823425,0.0,1538.7145020017451,221.64744118002966,279.8344610268396,175.06472449933455,89.62683441572369
479,63,0.0,-17.722744905421763,-0.4445786217787055,-0.7875268463475565,0.04031731041363394,,10.085872448980808,9.794137260876596,0.09658398875035346,9.697553272126243,0.0,5.772836056981133,0.5941360738022771,30.90064474866076,0.0,1021.3645616351234,132.17584156458759,165.92801093083864,122.23135216770008,22.03948502248584
480,94,0.0,-17.57700326981967,-0.7365370445140343,-1.1000777759452673,0.06493770214357195,0.14628301560878754,11.334282125113532,10.552228910150006,0.14366697147488594,10.40856193867512,0.5264703568536788,23.627677399322273,3.359869005526914,36.67577914531924,0.0,1522.8261562877112,210.70546806266898,267.0761312898068,168.77971637586197,63.766309053919535
481,95,0.0,-17.31715016354952,-0.5279246058049247,-1.0721231477386737,0.0666122232013086,,10.995104868896306,10.746955753071234,0.1461006209719926,10.600855132099241,0.0,12.063897477324977,2.917666973817896,37.80720755364723,0.0,1536.9324778202304,213.2231111042654,272.9863649452569,160.47656017685364,72.15168397174325
482,720,61.98180439391001,-6.739753784761024,-3.5455982443087875,-2.7519694444762433,0.43910548048599857,,40.02605620701797,39.7664274701383,1.094182000728324,38.67224546940997,0.0,42.26359302047352,18.047825998020077,33.91667605022508,19.418461533749653,11584.578605391082,1277.5139267162588,1810.0600272466152,1289.0209940753516,350.2934651349966
483,98,0.0,-17.41172318111566,-0.5268668599857443,-1.234178807286329,0.07517674442381198,,10.384328118059784,10.132912728004158,0.14913862105458975,9.983774106949568,0.0,24.274179165332875,5.380889540693517,32.79713744950683,0.0,1589.832337055241,241.2026815220548,307.1801252990074,143.76290861538493,110.57037832080994
484,720,33.28260767305099,-7.2610581494843816,-3.381879535969442,-3.454824968617298,0.4210926375867948,0.1439294070005417,41.82420986890793,40.96210333495401,1.0919778363313526,39.870125498622656,0.605154603952542,42.26378315300343,18.242241196695044,35.109627868383406,9.55665769454138,11614.661365786016,1229.2537681213782,1731.3551483898912,1233.9241828084168,24.789271909388333
485,720,62.11669536331179,-5.762219277863943,-3.2222985359646104,-2.09558638727293,0.44107564579727304,,39.145342994015664,38.90417665289715,1.0961042593698949,37.808072393527254,0.0,42.07026265383235,19.614593926393884,39.164354553777954,28.42967636322451,11582.399999999912,1250.7656149552708,1817.8055959616674,1291.1055925139879,190.44072199506425
486,720,56.066587394718624,-6.198042500552469,-3.07105471957927,-2.644769366678289,0.47876026614062633,0.04943712055683136,40.32195774000138,39.561295049032196,1.091668316628784,38.46962673240341,0.5229346679989249,42.26185562881851,20.734382170997602,38.2092539468537,15.479613549818247,11592.494950980392,1354.2282874772372,1969.5503558235011,1278.0536616285294,197.99073005372102
487,720,70.41456699618307,-7.196665177548125,-3.042244895269035,-3.757010108557955,0.39416646419621626,,40.12152774189599,39.87244006595574,1.095176951494068,38.777263114461675,0.0,42.20292702108658,20.06822107026935,36.578854549153824,17.239010480897456,11589.776582480652,1177.6036121061297,1628.0921035601104,1347.4177211172998,206.86366391335085
488,85,0.0,-17.59025813952086,-0.5700843306841961,-1.0496906566385658,0.0701114491973535,,10.37801123317331,10.128611599793658,0.12974368641152978,9.998867913382128,0.0,22.290840754713123,4.157875350200882,32.6213566024492,0.0,1378.3397295283523,223.88445076169006,285.9381351739952,119.76064473786644,179.71002307903404
489,720,35.91727955638464,-6.648704411502718,-3.6347377076568335,-2.571765784645586,0.43907188359261806,0.02558162808418274,44.49341082200408,43.72533784387633,1.0931453686207533,42.63219247525558,0.5275849290192127,42.26384412593062,17.219159042874555,36.69266918947237,14.009334042465083,11592.190384300071,1261.7422167386633,1803.987995067828,1195.0955233561313,184.68785561750022
490,720,65.82705307294655,-5.075647445384002,-2.8640461756543267,-1.7763553189885686,0.4320291861514734,,43.32116704899818,43.068711631931365,1.0982984032016248,41.97041322872974,0.0,42.24614768933919,21.26340583289197,35.48031513563538,25.640996528064797,11582.399999999885,1207.8331032318456,1779.5424069811838,1266.7385273631933,247.42147392264428
491,720,57.01783427361893,-5.839729622320699,-3.0160869784825013,-2.3879449659178413,0.43237503055705157,0.04157883673906326,43.67500533093698,42.85614041611552,1.0955016436055303,41.76063877250999,0.523361295927316,42.263486259953865,20.46832453454507,32.989703031921096,16.364219934583357,11590.186624210097,1223.999189882896,1781.8355734015001,1327.853395759446,302.3946879110457
492,720,65.26085297949793,-4.371634865784009,-2.5011359046134123,-1.391777115588649,0.4750307259259673,,43.31102905306034,43.04707338591106,1.097387133166194,41.94968625274487,0.0,42.2187630701642,22.92274765774039,35.0748078468277,23.180488898658353,11582.456495244494,1294.295355713242,1957.6900533164458,1319.7519744960518,121.23125888965512
493,720,81.02581917792723,-5.679137583075297,-2.425381976745371,-2.772271109678479,0.4779281580259359,-0.12011637538671494,38.48015204886906,37.703659613849595,1.0957541281823069,36.60790548566729,0.5228868501726538,42.26358978925132,23.296292625643478,34.187565573229875,21.429681545385385,11582.867520369988,1352.5796829014116,1966.5577837698004,1271.9116518612864,220.22428697310318
494,109,0.0,-17.394473395446397,-0.6783931935762969,-1.3498550004025387,0.06576571491984363,,13.284451997140422,13.020348825957626,0.16894255694933236,12.851406269008294,0.0,20.77610840109377,4.321486846085378,35.80304266881325,0.0,1768.4849529044482,216.62464047035644,271.1736996750806,192.8771982363779,72.75767705080226
495,720,78.89655176310806,-4.240931450656043,-2.0064862675722437,-1.7792445773832264,0.45170277309013734,,45.24264066107571,44.95281904609874,1.0949710088316351,43.857848037267104,0.0,42.26307782534263,25.68233165472344,34.915569509112885,19.475075902267317,11583.805158037338,1242.27223080384,1860.5398434684557,1326.7772677958828,144.47441500328796
496,78,0.0,-17.70605747408775,-0.59627576290584,-0.9737237736849701,0.06064706665805184,,7.704131859820336,7.466602308908477,0.11999799055047333,7.346604318358004,0.0,21.92889394564833,3.924647987191125,31.198430891019747,0.0,1264.1138389424552,195.29866698884874,248.36857232396315,124.70800361432964,131.6995216603098
497,74,0.0,-17.709543388276938,-0.5578898510852143,-0.9228349839694163,0.05341991877167085,,9.585734613938257,9.302504644030705,0.1137996013276279,9.188705042703077,0.0,17.030927558029326,2.98831968331169,30.99697620951983,0.0,1198.9371626039374,174.12665292858685,220.01048410441643,128.1513900057775,81.74062397523471
498,87,0.0,-17.58367908929488,-0.6245208727689177,-1.056469665415117,0.05237576157894966,,10.15927805681713,9.887439922895283,0.13401659997180104,9.753423322923481,0.0,19.902428666931073,2.6854233096831517,34.53373817273701,0.0,1411.055898086345,171.6212212232556,215.76520555084764,155.54839870351432,70.95072871173072
499,107,0.0,-17.4919269784782,-0.8185040624193652,-1.2497672922800125,0.07311001231549169,,11.630832310998812,11.359074376989156,0.1647360986098647,11.194338278379291,0.0,16.93638219153682,3.995321015340649,37.88627604756383,0.0,1732.578000352675,236.6397866757417,300.6817369296619,191.16169713042265,49.32743141216311
500,74,0.0,-17.624216185109603,-0.47605928483262017,-0.9188202043840709,0.054000742598430365,,9.308905503945425,9.04805015400052,0.1141134575009346,8.933936696499586,0.0,22.73590750736248,2.906040636803822,31.63844349817513,0.0,1199.4233901568907,173.3664777922364,220.8257913611668,104.6584526309979,122.46389717213572
501,80,0.0,-17.50677482479504,-0.4957727717293731,-0.9278859845517504,0.05772876371020914,,9.705563378985971,9.449927885085344,0.12290655472315848,9.327021330362186,0.0,12.056983640320574,2.454181533911065,33.76975189096168,0.0,1294.7000240653717,186.60565328885497,237.59321990308158,136.12346722093469,63.63456419988757
502,720,68.57314923211023,-6.929789018485524,-3.326109619907515,-3.144153495585478,0.4559694290688232,0.018536176532506943,45.26464680908248,44.277010780991986,1.0985719519667327,43.178438829025254,0.7006653680000454,42.09440666402724,19.15716306907072,38.67728576059856,12.074504874768097,11605.110556306245,1306.7161473228998,1879.471705274469,1310.2167718993978,94.80147175741683
503,121,0.0,-17.374278910785534,-0.7775941959812545,-1.5331562052165797,0.06290272118569774,,11.709761696169153,11.465557588031515,0.1873027600813657,11.27825482795015,0.0,16.27701179629968,6.65904380524114,33.221552569012424,0.0,1964.7357062586127,207.1124069248805,259.4337414610801,236.599777116961,38.71100093899429
504,720,61.34436655838472,-7.230077949885966,-3.4213801525408525,-3.3601055010418173,0.4454248534580275,,42.30355799384415,42.066367792896926,1.0980823934078217,40.968285399489105,0.0,42.260764941904135,18.314088534564174,39.812765806051026,12.803506761656976,11596.531882881758,1300.8334137394481,1836.4528978050087,1297.9013666115213,41.8003737303586
505,720,78.2774108918044,-3.774710524496624,-1.97317197087398,-1.3710656901517808,0.4267173504539424,-0.332080602645874,37.63029069104232,36.7602318439167,1.1056278995238245,35.654603944392875,0.6011900058947504,42.252427299456016,25.455411812995216,36.01156250583141,27.019862327577275,11582.399999999934,1166.6958273718155,1763.6742444493489,1375.4258677071728,116.62022978576702
506,84,0.0,-17.385563103442045,-0.4283074681332043,-0.9812645664685842,0.0506738751546655,,10.667087069014087,10.396380468038842,0.13141980185173452,10.264960666187108,0.0,3.0058020426760272,0.7490546208925352,37.464372134356054,0.0,1360.6323654022517,164.61402828506996,208.44918890937464,139.4283196651644,57.83092834398528
507,105,0.0,-17.515242054491704,-0.7578087066847026,-1.283131503257703,0.07380591650320768,,12.227364454884082,11.953138645971194,0.1632263872306794,11.789912258740515,0.0,23.593806460272567,4.936997977084441,35.008439497590736,0.0,1701.419598484832,238.82720243597132,302.81454911869145,172.27809118489782,34.49400619763886
508,80,0.0,-17.66130921673365,-0.5828354000333333,-0.9927560599069478,0.06024679205950693,,9.422069642925635,9.180627113208175,0.12407642044126987,9.056550692766905,0.0,16.2823115633342,3.9703013302907832,30.866799356305474,0.0,1296.2229905576312,194.7552160836718,247.31379450940227,141.6950811341575,68.60414758525907
509,80,0.0,-17.541957517269427,-0.47449278173065906,-0.9864802098000033,0.0555694613891413,,10.739923903951421,10.46624521096237,0.12361436057835817,10.342630850384012,0.0,17.49518833537352,3.1881339916691207,32.372936758902235,0.0,1295.9623999584721,180.5473241676957,228.0321202559381,144.56855369411255,65.41355372644692
510,720,76.5117020031677,-4.850575994238158,-2.5089874400974543,-1.8783980971583139,0.45941339739175446,,41.84253174904734,41.56155909714289,1.1053557530976832,40.45620334404521,0.0,42.10802985697832,23.765656340765666,35.85502507668463,18.49959920461597,11584.646361370786,1268.1013075887795,1893.0027665737684,1363.377380402947,57.44721350250288
511,720,76.34202008801722,-6.249837759291773,-2.886467840130426,-2.9159177725350514,0.44383754595630986,-0.029613561928272247,41.60273209400475,40.73588217096403,1.1046308435034007,39.63125132746063,0.6142687790561467,42.26242094157265,21.43962406399833,35.0752635625516,11.899853738669316,11602.705441935585,1260.6718663306935,1828.4127800507188,1336.4141236579812,75.78427486073636
