Placing Sensors
[cost_linear] critic head: unconstrained linear, spectral_norm = True. V_cost >= 0 is NOT structural in this arm -- watch v_critic_min.
Placing Sensors
[Episode 1/400] Steps: 112 | Reward:  -17.48 | Battery:   0.00% | Loss: 
Placing Sensors
[Episode 2/400] Steps: 115 | Reward:  -17.33 | Battery:   0.00% | Loss: 
Placing Sensors
[Episode 3/400] Steps:  67 | Reward:  -17.78 | Battery:   0.00% | Loss: 
Placing Sensors
[Episode 4/400] Steps:  71 | Reward:  -17.71 | Battery:   0.00% | Loss: 
Placing Sensors
[Episode 5/400] Steps: 720 | Reward:   -4.93 | Battery:  56.60% | Loss: 
Placing Sensors
[Episode 6/400] Steps:  93 | Reward:  -17.60 | Battery:   0.00% | Loss: 
Placing Sensors
[Episode 7/400] Steps:  98 | Reward:  -17.47 | Battery:   0.00% | Loss: 
Placing Sensors
[Episode 8/400] Steps:  93 | Reward:  -17.55 | Battery:   0.00% | Loss: 
Placing Sensors
Policy -0.0045 | Value 0.0700 | KL 0.00357 | CF 0.0358 | Std 0.1054 | |a| 0.0055 | EV -0.112 | AE nan | Alpha 0.9255 | MB 24/24
  cert | viol 0.150 | dV -0.242753 | V 0.2905 | inball 0.232 | a*_q05 0.00630 | a*_q50 0.02918 | dV>=0 0.000 | n=150 | a_used 0.01000 -> 0.00985
  crit | n=1 | viol 0.982 | V 1.3913 | Vmin 0.8073 | agree +0.812 | a*_q05 -0.00669 | a*_q50 0.00123 | dV>=0 0.335 | beta 0.1000
  bell | direct viol 0.888 | direct dV>=0 0.510 | d_mean -0.00224 | d_std 0.01407 | d_q95 0.02877
[Episode 9/400] Steps:  84 | Reward:  -17.70 | Battery:   0.00% | Loss: 1.5013
Placing Sensors
[Episode 10/400] Steps:  87 | Reward:  -17.52 | Battery:   0.00% | Loss: 
Placing Sensors
[Episode 11/400] Steps:  82 | Reward:  -17.69 | Battery:   0.00% | Loss: 
Placing Sensors
[Episode 12/400] Steps: 720 | Reward:   -5.65 | Battery:  60.10% | Loss: 
Placing Sensors
[Episode 13/400] Steps:  99 | Reward:  -17.42 | Battery:   0.00% | Loss: 
Placing Sensors
Policy -0.0037 | Value 0.0228 | KL 0.00441 | CF 0.0488 | Std 0.1055 | |a| 0.0092 | EV +0.648 | AE nan | Alpha 0.8449 | MB 28/28
  cert | viol 0.496 | dV -0.173357 | V 0.2975 | inball 0.193 | a*_q05 -0.01285 | a*_q50 0.01001 | dV>=0 0.179 | n=150 | a_used 0.00985 -> 0.00935
  crit | n=1 | viol 0.997 | V 1.1848 | Vmin 0.6722 | agree +0.701 | a*_q05 -0.00609 | a*_q50 -0.00057 | dV>=0 0.565 | beta 0.1000
  bell | direct viol 0.854 | direct dV>=0 0.456 | d_mean +0.00110 | d_std 0.01225 | d_q95 0.02542
[Episode 14/400] Steps: 720 | Reward:   -7.45 | Battery:  48.29% | Loss: 1.3266
Placing Sensors
[Episode 15/400] Steps: 720 | Reward:   -7.20 | Battery:  45.25% | Loss: 
Placing Sensors
[Episode 16/400] Steps:  80 | Reward:  -17.62 | Battery:   0.00% | Loss: 
Placing Sensors
[Episode 17/400] Steps:  84 | Reward:  -17.71 | Battery:   0.00% | Loss: 
Placing Sensors
[Episode 18/400] Steps:  93 | Reward:  -17.48 | Battery:   0.00% | Loss: 
Placing Sensors
[Episode 19/400] Steps: 123 | Reward:  -17.45 | Battery:   0.00% | Loss: 
Placing Sensors
[Episode 20/400] Steps:  90 | Reward:  -17.52 | Battery:   0.00% | Loss: 
Placing Sensors
[Episode 21/400] Steps: 115 | Reward:  -17.45 | Battery:   0.00% | Loss: 
Placing Sensors
[Episode 22/400] Steps:  80 | Reward:  -17.67 | Battery:   0.00% | Loss: 
Placing Sensors
Policy -0.0015 | Value 0.0432 | KL 0.00283 | CF 0.0287 | Std 0.1056 | |a| 0.0119 | EV +0.612 | AE nan | Alpha 0.7817 | MB 24/24
  cert | viol 0.509 | dV -0.170052 | V 0.3273 | inball 0.091 | a*_q05 0.00064 | a*_q50 0.00912 | dV>=0 0.030 | n=150 | a_used 0.00935 -> 0.00814
  crit | n=1 | viol 0.981 | V 1.4862 | Vmin 0.6178 | agree +0.746 | a*_q05 -0.00493 | a*_q50 0.00084 | dV>=0 0.367 | beta 0.1000
  bell | direct viol 0.881 | direct dV>=0 0.524 | d_mean -0.00220 | d_std 0.01373 | d_q95 0.02847
[Episode 23/400] Steps:  74 | Reward:  -17.80 | Battery:   0.00% | Loss: 1.3335
Placing Sensors
[Episode 24/400] Steps: 117 | Reward:  -17.43 | Battery:   0.00% | Loss: 
Placing Sensors
[Episode 25/400] Steps: 720 | Reward:   -7.43 | Battery:  61.68% | Loss: 
Placing Sensors
[Episode 26/400] Steps:  67 | Reward:  -17.87 | Battery:   0.00% | Loss: 
Placing Sensors
[Episode 27/400] Steps:  69 | Reward:  -17.70 | Battery:   0.00% | Loss: 
Placing Sensors
Policy -0.0018 | Value 0.0211 | KL 0.00247 | CF 0.0157 | Std 0.1057 | |a| 0.0098 | EV +0.761 | AE nan | Alpha 0.7143 | MB 28/28
  cert | viol 0.266 | dV -0.246129 | V 0.3575 | inball 0.271 | a*_q05 -0.00115 | a*_q50 0.02042 | dV>=0 0.077 | n=150 | a_used 0.00814 -> 0.00773
  crit | n=1 | viol 0.982 | V 1.2399 | Vmin 0.5387 | agree +0.580 | a*_q05 -0.00715 | a*_q50 -0.00053 | dV>=0 0.544 | beta 0.1000
  bell | direct viol 0.839 | direct dV>=0 0.488 | d_mean +0.00140 | d_std 0.01409 | d_q95 0.02666
[Episode 28/400] Steps: 720 | Reward:   -5.23 | Battery:  42.92% | Loss: 1.1220
Placing Sensors
[Episode 29/400] Steps: 720 | Reward:   -5.56 | Battery:  64.83% | Loss: 
Placing Sensors
[Episode 30/400] Steps:  87 | Reward:  -17.61 | Battery:   0.00% | Loss: 
Placing Sensors
[Episode 31/400] Steps: 107 | Reward:  -17.49 | Battery:   0.00% | Loss: 
Placing Sensors
Policy -0.0051 | Value 0.0192 | KL 0.00424 | CF 0.0490 | Std 0.1059 | |a| 0.0090 | EV +0.762 | AE nan | Alpha 0.6547 | MB 28/28
  cert | viol 0.289 | dV -0.219953 | V 0.3488 | inball 0.280 | a*_q05 0.00016 | a*_q50 0.01967 | dV>=0 0.054 | n=150 | a_used 0.00773 -> 0.00686
  crit | n=1 | viol 0.955 | V 1.1332 | Vmin 0.6206 | agree +0.574 | a*_q05 -0.00684 | a*_q50 0.00033 | dV>=0 0.478 | beta 0.1000
  bell | direct viol 0.849 | direct dV>=0 0.451 | d_mean +0.00054 | d_std 0.01118 | d_q95 0.02129
[Episode 32/400] Steps: 720 | Reward:   -7.17 | Battery:  69.81% | Loss: 1.0724
Placing Sensors
[Episode 33/400] Steps: 720 | Reward:   -7.23 | Battery:  59.36% | Loss: 
Placing Sensors
[Episode 34/400] Steps:  79 | Reward:  -17.58 | Battery:   0.00% | Loss: 
Placing Sensors
[Episode 35/400] Steps:  78 | Reward:  -17.69 | Battery:   0.00% | Loss: 
Placing Sensors
[Episode 36/400] Steps:  87 | Reward:  -17.47 | Battery:   0.00% | Loss: 
Placing Sensors
[Episode 37/400] Steps: 137 | Reward:  -17.06 | Battery:   0.00% | Loss: 
Placing Sensors
Policy -0.0068 | Value 0.0185 | KL 0.00848 | CF 0.1175 | Std 0.1061 | |a| 0.0127 | EV +0.779 | AE nan | Alpha 0.5941 | MB 32/32
  cert | viol 0.273 | dV -0.194224 | V 0.3355 | inball 0.156 | a*_q05 -0.00111 | a*_q50 0.01303 | dV>=0 0.089 | n=150 | a_used 0.00686 -> 0.00652
  crit | n=1 | viol 0.933 | V 1.1996 | Vmin 0.5255 | agree +0.715 | a*_q05 -0.00549 | a*_q50 0.00051 | dV>=0 0.434 | beta 0.1000
  bell | direct viol 0.821 | direct dV>=0 0.472 | d_mean -0.00066 | d_std 0.01213 | d_q95 0.02263
[Episode 38/400] Steps: 720 | Reward:   -6.84 | Battery:  70.47% | Loss: 1.1071
Placing Sensors
[Episode 39/400] Steps: 720 | Reward:   -7.11 | Battery:  53.99% | Loss: 
Placing Sensors
Policy -0.0045 | Value 0.0089 | KL 0.00235 | CF 0.0215 | Std 0.1063 | |a| 0.0089 | EV +0.858 | AE nan | Alpha 0.5502 | MB 24/24
  cert | viol 0.222 | dV -0.227006 | V 0.3492 | inball 0.279 | a*_q05 0.00022 | a*_q50 0.01911 | dV>=0 0.051 | n=150 | a_used 0.00652 -> 0.00598
  crit | n=1 | viol 0.921 | V 1.0684 | Vmin 0.5550 | agree +0.453 | a*_q05 -0.00626 | a*_q50 -0.00103 | dV>=0 0.572 | beta 0.1000
  bell | direct viol 0.806 | direct dV>=0 0.423 | d_mean +0.00168 | d_std 0.00858 | d_q95 0.01604
[Episode 40/400] Steps: 720 | Reward:   -6.03 | Battery:  40.12% | Loss: 0.8511
Placing Sensors
[Episode 41/400] Steps:  70 | Reward:  -17.56 | Battery:   0.00% | Loss: 
Placing Sensors
[Episode 42/400] Steps:  87 | Reward:  -17.52 | Battery:   0.00% | Loss: 
Placing Sensors
[Episode 43/400] Steps:  97 | Reward:  -17.44 | Battery:   0.00% | Loss: 
Placing Sensors
[Episode 44/400] Steps: 170 | Reward:  -16.95 | Battery:   0.00% | Loss: 
Placing Sensors
[Episode 45/400] Steps: 720 | Reward:   -4.26 | Battery:  66.22% | Loss: 
Placing Sensors
[Episode 46/400] Steps:  81 | Reward:  -17.68 | Battery:   0.00% | Loss: 
Placing Sensors
Policy -0.0049 | Value 0.0313 | KL 0.00424 | CF 0.0473 | Std 0.1066 | |a| 0.0117 | EV +0.591 | AE nan | Alpha 0.4961 | MB 32/32
  cert | viol 0.197 | dV -0.205281 | V 0.2938 | inball 0.221 | a*_q05 -0.00184 | a*_q50 0.01894 | dV>=0 0.068 | n=150 | a_used 0.00598 -> 0.00471
  crit | n=1 | viol 0.934 | V 1.2097 | Vmin 0.5730 | agree +0.724 | a*_q05 -0.00731 | a*_q50 -0.00078 | dV>=0 0.563 | beta 0.1000
  bell | direct viol 0.795 | direct dV>=0 0.471 | d_mean +0.00073 | d_std 0.01672 | d_q95 0.03052
[Episode 47/400] Steps: 720 | Reward:   -7.18 | Battery:  59.55% | Loss: 0.8143
Placing Sensors
[Episode 48/400] Steps:  63 | Reward:  -17.77 | Battery:   0.00% | Loss: 
Placing Sensors
[Episode 49/400] Steps: 720 | Reward:   -4.93 | Battery:  81.04% | Loss: 
Placing Sensors
[Episode 50/400] Steps: 113 | Reward:  -17.20 | Battery:   0.00% | Loss: 
Placing Sensors
[Episode 51/400] Steps:  93 | Reward:  -17.63 | Battery:   0.00% | Loss: 
Placing Sensors
[Episode 52/400] Steps: 124 | Reward:  -17.45 | Battery:   0.00% | Loss: 
Placing Sensors
[Episode 53/400] Steps:  97 | Reward:  -17.54 | Battery:   0.00% | Loss: 
Placing Sensors
[Episode 54/400] Steps: 197 | Reward:  -17.07 | Battery:   0.00% | Loss: 
Placing Sensors
Policy -0.0071 | Value 0.0476 | KL 0.00730 | CF 0.0953 | Std 0.1068 | |a| 0.0137 | EV +0.699 | AE nan | Alpha 0.4580 | MB 24/24
  cert | viol 0.131 | dV -0.150442 | V 0.2414 | inball 0.210 | a*_q05 0.00091 | a*_q50 0.01501 | dV>=0 0.037 | n=150 | a_used 0.00471 -> 0.00437
  crit | n=1 | viol 0.902 | V 1.3845 | Vmin 0.5605 | agree +0.874 | a*_q05 -0.00579 | a*_q50 0.00050 | dV>=0 0.421 | beta 0.1000
  bell | direct viol 0.704 | direct dV>=0 0.453 | d_mean +0.00012 | d_std 0.02576 | d_q95 0.03919
[Episode 55/400] Steps:  92 | Reward:  -17.31 | Battery:   0.00% | Loss: 0.7278
Placing Sensors
[Episode 56/400] Steps: 720 | Reward:   -8.04 | Battery:  36.59% | Loss: 
Placing Sensors
Policy -0.0020 | Value 0.0129 | KL 0.00386 | CF 0.0372 | Std 0.1070 | |a| 0.0102 | EV +0.737 | AE nan | Alpha 0.4241 | MB 24/24
  cert | viol 0.352 | dV -0.152959 | V 0.2835 | inball 0.224 | a*_q05 -0.01993 | a*_q50 0.00975 | dV>=0 0.202 | n=150 | a_used 0.00437 -> 0.00415
  crit | n=1 | viol 0.824 | V 0.9821 | Vmin 0.6026 | agree +0.325 | a*_q05 -0.00607 | a*_q50 -0.00027 | dV>=0 0.528 | beta 0.1000
  bell | direct viol 0.759 | direct dV>=0 0.499 | d_mean -0.00007 | d_std 0.01671 | d_q95 0.02714
[Episode 57/400] Steps: 720 | Reward:   -5.38 | Battery:  56.36% | Loss: 0.7680
Placing Sensors
[Episode 58/400] Steps:  76 | Reward:  -17.70 | Battery:   0.00% | Loss: 
Placing Sensors
[Episode 59/400] Steps:  88 | Reward:  -17.64 | Battery:   0.00% | Loss: 
Placing Sensors
[Episode 60/400] Steps: 720 | Reward:   -7.63 | Battery:  48.96% | Loss: 
Placing Sensors
[Episode 61/400] Steps:  83 | Reward:  -17.63 | Battery:   0.00% | Loss: 
Placing Sensors
[Episode 62/400] Steps:  77 | Reward:  -17.73 | Battery:   0.00% | Loss: 
Placing Sensors
[Episode 63/400] Steps:  65 | Reward:  -17.67 | Battery:   0.00% | Loss: 
Placing Sensors
[Episode 64/400] Steps:  94 | Reward:  -17.54 | Battery:   0.00% | Loss: 
Placing Sensors
Policy -0.0034 | Value 0.0269 | KL 0.00491 | CF 0.0575 | Std 0.1072 | |a| 0.0129 | EV +0.753 | AE nan | Alpha 0.3828 | MB 32/32
  cert | viol 0.251 | dV -0.200156 | V 0.3782 | inball 0.164 | a*_q05 -0.00051 | a*_q50 0.01201 | dV>=0 0.108 | n=150 | a_used 0.00415 -> 0.00394
  crit | n=1 | viol 0.771 | V 1.2611 | Vmin 0.5554 | agree +0.697 | a*_q05 -0.00607 | a*_q50 0.00107 | dV>=0 0.346 | beta 0.1000
  bell | direct viol 0.731 | direct dV>=0 0.472 | d_mean -0.00142 | d_std 0.01999 | d_q95 0.03422
[Episode 65/400] Steps: 720 | Reward:   -7.00 | Battery:  76.26% | Loss: 0.7075
Placing Sensors
[Episode 66/400] Steps:  86 | Reward:  -17.60 | Battery:   0.00% | Loss: 
Placing Sensors
[Episode 67/400] Steps:  63 | Reward:  -17.74 | Battery:   0.00% | Loss: 
Placing Sensors
[Episode 68/400] Steps:  91 | Reward:  -17.48 | Battery:   0.00% | Loss: 
Placing Sensors
[Episode 69/400] Steps: 720 | Reward:   -6.69 | Battery:  25.07% | Loss: 
Placing Sensors
[Episode 70/400] Steps:  89 | Reward:  -17.64 | Battery:   0.00% | Loss: 
Placing Sensors
Policy -0.0087 | Value 0.0192 | KL 0.00569 | CF 0.0638 | Std 0.1075 | |a| 0.0114 | EV +0.822 | AE nan | Alpha 0.3484 | MB 28/28
  cert | viol 0.292 | dV -0.165498 | V 0.3269 | inball 0.175 | a*_q05 -0.01894 | a*_q50 0.01399 | dV>=0 0.128 | n=150 | a_used 0.00394 -> 0.00375
  crit | n=1 | viol 0.780 | V 1.2990 | Vmin 0.5672 | agree +0.523 | a*_q05 -0.00558 | a*_q50 0.00009 | dV>=0 0.495 | beta 0.1000
  bell | direct viol 0.672 | direct dV>=0 0.426 | d_mean +0.00083 | d_std 0.02545 | d_q95 0.04753
[Episode 71/400] Steps: 720 | Reward:   -7.59 | Battery:  58.90% | Loss: 0.5249
Placing Sensors
[Episode 72/400] Steps:  74 | Reward:  -17.47 | Battery:   0.00% | Loss: 
Placing Sensors
[Episode 73/400] Steps:  82 | Reward:  -17.66 | Battery:   0.00% | Loss: 
Placing Sensors
[Episode 74/400] Steps: 720 | Reward:   -4.43 | Battery:  67.64% | Loss: 
Placing Sensors
Policy -0.0107 | Value 0.0177 | KL 0.00776 | CF 0.1007 | Std 0.1077 | |a| 0.0136 | EV +0.899 | AE nan | Alpha 0.3200 | MB 28/28
  cert | viol 0.002 | dV -0.280533 | V 0.3311 | inball 0.399 | a*_q05 0.00598 | a*_q50 0.02968 | dV>=0 0.002 | n=150 | a_used 0.00375 -> 0.00386
  crit | n=1 | viol 0.832 | V 1.0113 | Vmin 0.4228 | agree +0.675 | a*_q05 -0.00717 | a*_q50 -0.00097 | dV>=0 0.580 | beta 0.1000
  bell | direct viol 0.661 | direct dV>=0 0.456 | d_mean +0.00204 | d_std 0.02134 | d_q95 0.04079
[Episode 75/400] Steps: 720 | Reward:   -5.09 | Battery:  71.67% | Loss: 0.4071
Placing Sensors
[Episode 76/400] Steps: 140 | Reward:  -17.14 | Battery:   0.00% | Loss: 
Placing Sensors
[Episode 77/400] Steps: 125 | Reward:  -17.30 | Battery:   0.00% | Loss: 
Placing Sensors
[Episode 78/400] Steps:  90 | Reward:  -17.32 | Battery:   0.00% | Loss: 
Placing Sensors
[Episode 79/400] Steps:  89 | Reward:  -17.61 | Battery:   0.00% | Loss: 
Placing Sensors
[Episode 80/400] Steps: 720 | Reward:   -6.09 | Battery:  75.83% | Loss: 
Placing Sensors
Policy -0.0080 | Value 0.0260 | KL 0.00877 | CF 0.1089 | Std 0.1079 | |a| 0.0204 | EV +0.814 | AE nan | Alpha 0.2894 | MB 32/32
  cert | viol 0.157 | dV -0.257488 | V 0.3787 | inball 0.311 | a*_q05 0.00145 | a*_q50 0.02370 | dV>=0 0.019 | n=150 | a_used 0.00386 -> 0.00367
  crit | n=1 | viol 0.801 | V 1.1834 | Vmin 0.3800 | agree +0.659 | a*_q05 -0.00734 | a*_q50 0.00064 | dV>=0 0.427 | beta 0.1000
  bell | direct viol 0.674 | direct dV>=0 0.451 | d_mean +0.00028 | d_std 0.03023 | d_q95 0.05695
[Episode 81/400] Steps: 720 | Reward:   -5.41 | Battery:  59.53% | Loss: 0.3700
Placing Sensors
[Episode 82/400] Steps:  81 | Reward:  -17.62 | Battery:   0.00% | Loss: 
Placing Sensors
[Episode 83/400] Steps: 720 | Reward:   -5.79 | Battery:  74.42% | Loss: 
Placing Sensors
Policy -0.0045 | Value 0.0189 | KL 0.00545 | CF 0.0649 | Std 0.1081 | |a| 0.0151 | EV +0.808 | AE nan | Alpha 0.2669 | MB 24/24
  cert | viol 0.318 | dV -0.165334 | V 0.3744 | inball 0.201 | a*_q05 -0.00417 | a*_q50 0.00947 | dV>=0 0.157 | n=150 | a_used 0.00367 -> 0.00349
  crit | n=1 | viol 0.709 | V 1.1224 | Vmin 0.4714 | agree +0.431 | a*_q05 -0.00642 | a*_q50 -0.00003 | dV>=0 0.502 | beta 0.1000
  bell | direct viol 0.632 | direct dV>=0 0.465 | d_mean -0.00002 | d_std 0.02545 | d_q95 0.04531
[Episode 84/400] Steps: 720 | Reward:   -8.41 | Battery:  62.35% | Loss: 0.4255
Placing Sensors
[Episode 85/400] Steps: 105 | Reward:  -17.39 | Battery:   0.00% | Loss: 
Placing Sensors
[Episode 86/400] Steps: 720 | Reward:   -5.60 | Battery:  51.69% | Loss: 
Placing Sensors
Policy -0.0095 | Value 0.0149 | KL 0.00885 | CF 0.1170 | Std 0.1082 | |a| 0.0150 | EV +0.874 | AE nan | Alpha 0.2458 | MB 28/28
  cert | viol 0.121 | dV -0.270028 | V 0.3598 | inball 0.331 | a*_q05 0.00156 | a*_q50 0.02517 | dV>=0 0.043 | n=150 | a_used 0.00349 -> 0.00345
  crit | n=1 | viol 0.868 | V 1.1100 | Vmin 0.4890 | agree +0.522 | a*_q05 -0.00678 | a*_q50 -0.00152 | dV>=0 0.585 | beta 0.1000
  bell | direct viol 0.589 | direct dV>=0 0.414 | d_mean +0.00317 | d_std 0.03014 | d_q95 0.05362
[Episode 87/400] Steps: 720 | Reward:   -6.02 | Battery:  56.71% | Loss: 0.4532
Placing Sensors
[Episode 88/400] Steps:  81 | Reward:  -17.57 | Battery:   0.00% | Loss: 
Placing Sensors
[Episode 89/400] Steps: 134 | Reward:  -17.28 | Battery:   0.00% | Loss: 
Placing Sensors
[Episode 90/400] Steps: 720 | Reward:   -6.98 | Battery:  53.54% | Loss: 
Placing Sensors
Policy -0.0037 | Value 0.0182 | KL 0.00526 | CF 0.0583 | Std 0.1083 | |a| 0.0175 | EV +0.846 | AE nan | Alpha 0.2250 | MB 28/28
  cert | viol 0.206 | dV -0.235892 | V 0.4136 | inball 0.246 | a*_q05 -0.00019 | a*_q50 0.01388 | dV>=0 0.062 | n=150 | a_used 0.00345 -> 0.00304
  crit | n=1 | viol 0.705 | V 1.2022 | Vmin 0.4025 | agree +0.472 | a*_q05 -0.00664 | a*_q50 0.00130 | dV>=0 0.357 | beta 0.1000
  bell | direct viol 0.579 | direct dV>=0 0.425 | d_mean -0.00046 | d_std 0.02969 | d_q95 0.05796
[Episode 91/400] Steps: 720 | Reward:   -7.15 | Battery:  56.96% | Loss: 0.4297
Placing Sensors
[Episode 92/400] Steps:  66 | Reward:  -17.69 | Battery:   0.00% | Loss: 
Placing Sensors
[Episode 93/400] Steps:  74 | Reward:  -17.37 | Battery:   0.00% | Loss: 
Placing Sensors
[Episode 94/400] Steps: 720 | Reward:   -6.49 | Battery:  70.70% | Loss: 
Placing Sensors
[Episode 95/400] Steps:  99 | Reward:  -17.57 | Battery:   0.00% | Loss: 
Placing Sensors
[Episode 96/400] Steps: 105 | Reward:  -17.50 | Battery:   0.00% | Loss: 
Placing Sensors
[Episode 97/400] Steps:  65 | Reward:  -17.52 | Battery:   0.00% | Loss: 
Placing Sensors
Policy -0.0085 | Value 0.0153 | KL 0.00630 | CF 0.0807 | Std 0.1085 | |a| 0.0175 | EV +0.895 | AE nan | Alpha 0.2039 | MB 32/32
  cert | viol 0.156 | dV -0.178504 | V 0.3188 | inball 0.159 | a*_q05 -0.00066 | a*_q50 0.00948 | dV>=0 0.059 | n=150 | a_used 0.00304 -> 0.00291
  crit | n=1 | viol 0.639 | V 1.2253 | Vmin 0.4649 | agree +0.606 | a*_q05 -0.00531 | a*_q50 0.00130 | dV>=0 0.374 | beta 0.1000
  bell | direct viol 0.578 | direct dV>=0 0.457 | d_mean -0.00005 | d_std 0.02624 | d_q95 0.05010
[Episode 98/400] Steps: 720 | Reward:   -7.07 | Battery:  50.32% | Loss: 0.2373
Placing Sensors
[Episode 99/400] Steps: 106 | Reward:  -17.57 | Battery:   0.00% | Loss: 
Placing Sensors
[Episode 100/400] Steps: 159 | Reward:  -16.99 | Battery:   0.00% | Loss: 
Placing Sensors
[Episode 101/400] Steps:  76 | Reward:  -17.65 | Battery:   0.00% | Loss: 
Placing Sensors
[Episode 102/400] Steps: 720 | Reward:   -3.20 | Battery:  79.29% | Loss: 
Placing Sensors
Policy -0.0074 | Value 0.0193 | KL 0.00771 | CF 0.0993 | Std 0.1087 | |a| 0.0175 | EV +0.820 | AE nan | Alpha 0.1854 | MB 28/28
  cert | viol 0.000 | dV -0.232073 | V 0.2603 | inball 0.478 | a*_q05 0.00783 | a*_q50 0.03620 | dV>=0 0.000 | n=150 | a_used 0.00291 -> 0.00307
  crit | n=1 | viol 0.791 | V 0.9960 | Vmin 0.3505 | agree +0.735 | a*_q05 -0.00759 | a*_q50 -0.00005 | dV>=0 0.513 | beta 0.1000
  bell | direct viol 0.520 | direct dV>=0 0.427 | d_mean +0.00023 | d_std 0.03655 | d_q95 0.07161
[Episode 103/400] Steps: 720 | Reward:   -4.40 | Battery:  77.43% | Loss: 0.3580
Placing Sensors
[Episode 104/400] Steps: 720 | Reward:   -4.22 | Battery:  65.20% | Loss: 
Placing Sensors
Policy -0.0005 | Value 0.0124 | KL 0.01127 | CF 0.1436 | Std 0.1088 | |a| 0.0170 | EV +0.796 | AE nan | Alpha 0.1717 | MB 24/24
  cert | viol 0.024 | dV -0.264811 | V 0.3577 | inball 0.442 | a*_q05 0.00434 | a*_q50 0.02543 | dV>=0 0.000 | n=150 | a_used 0.00307 -> 0.00309
  crit | n=1 | viol 0.583 | V 0.9305 | Vmin 0.3253 | agree +0.413 | a*_q05 -0.00679 | a*_q50 0.00164 | dV>=0 0.410 | beta 0.1000
  bell | direct viol 0.547 | direct dV>=0 0.447 | d_mean +0.00247 | d_std 0.02425 | d_q95 0.04555
[Episode 105/400] Steps: 720 | Reward:   -6.55 | Battery:  76.24% | Loss: 0.3397
Placing Sensors
[Episode 106/400] Steps: 720 | Reward:   -3.35 | Battery:  79.72% | Loss: 
Placing Sensors
[Episode 107/400] Steps:  92 | Reward:  -17.54 | Battery:   0.00% | Loss: 
Placing Sensors
Policy -0.0015 | Value 0.0104 | KL 0.00604 | CF 0.0712 | Std 0.1089 | |a| 0.0135 | EV +0.851 | AE nan | Alpha 0.1583 | MB 24/24
  cert | viol 0.000 | dV -0.196883 | V 0.2361 | inball 0.485 | a*_q05 0.00708 | a*_q50 0.03069 | dV>=0 0.000 | n=150 | a_used 0.00309 -> 0.00322
  crit | n=1 | viol 0.783 | V 0.7655 | Vmin 0.3449 | agree +0.752 | a*_q05 -0.00726 | a*_q50 -0.00060 | dV>=0 0.558 | beta 0.1000
  bell | direct viol 0.540 | direct dV>=0 0.438 | d_mean +0.00170 | d_std 0.02271 | d_q95 0.04412
[Episode 108/400] Steps: 720 | Reward:   -4.63 | Battery:  64.02% | Loss: 0.3381
Placing Sensors
[Episode 109/400] Steps: 720 | Reward:   -3.89 | Battery:  64.09% | Loss: 
Placing Sensors
[Episode 110/400] Steps: 100 | Reward:  -17.51 | Battery:   0.00% | Loss: 
Placing Sensors
[Episode 111/400] Steps:  71 | Reward:  -17.38 | Battery:   0.00% | Loss: 
Placing Sensors
Policy -0.0004 | Value 0.0192 | KL 0.01230 | CF 0.1507 | Std 0.1090 | |a| 0.0158 | EV +0.771 | AE nan | Alpha 0.1452 | MB 28/28
  cert | viol 0.000 | dV -0.187906 | V 0.2161 | inball 0.475 | a*_q05 0.00767 | a*_q50 0.02950 | dV>=0 0.000 | n=150 | a_used 0.00322 -> 0.00339
  crit | n=1 | viol 0.869 | V 0.8460 | Vmin 0.3065 | agree +0.773 | a*_q05 -0.00785 | a*_q50 -0.00141 | dV>=0 0.646 | beta 0.1000
  bell | direct viol 0.506 | direct dV>=0 0.394 | d_mean +0.00390 | d_std 0.02694 | d_q95 0.05448
[Episode 112/400] Steps: 720 | Reward:   -3.88 | Battery:  77.92% | Loss: 0.2080
Placing Sensors
[Episode 113/400] Steps: 720 | Reward:   -6.97 | Battery:  67.77% | Loss: 
Placing Sensors
Policy -0.0069 | Value 0.0109 | KL 0.00512 | CF 0.0625 | Std 0.1091 | |a| 0.0113 | EV +0.863 | AE nan | Alpha 0.1345 | MB 24/24
  cert | viol 0.123 | dV -0.247534 | V 0.3752 | inball 0.291 | a*_q05 0.00119 | a*_q50 0.01653 | dV>=0 0.030 | n=150 | a_used 0.00339 -> 0.00320
  crit | n=1 | viol 0.450 | V 0.8359 | Vmin 0.3219 | agree +0.455 | a*_q05 -0.00617 | a*_q50 0.00421 | dV>=0 0.279 | beta 0.1000
  bell | direct viol 0.507 | direct dV>=0 0.438 | d_mean -0.00081 | d_std 0.03026 | d_q95 0.06008
[Episode 114/400] Steps: 720 | Reward:   -6.21 | Battery:  61.12% | Loss: 0.1434
Placing Sensors
[Episode 115/400] Steps:  66 | Reward:  -17.77 | Battery:   0.00% | Loss: 
Placing Sensors
[Episode 116/400] Steps: 720 | Reward:   -4.32 | Battery:  72.63% | Loss: 
Placing Sensors
Policy -0.0073 | Value 0.0087 | KL 0.00599 | CF 0.0776 | Std 0.1092 | |a| 0.0150 | EV +0.924 | AE nan | Alpha 0.1241 | MB 24/24
  cert | viol 0.044 | dV -0.250513 | V 0.3136 | inball 0.356 | a*_q05 0.00353 | a*_q50 0.02466 | dV>=0 0.022 | n=150 | a_used 0.00320 -> 0.00326
  crit | n=1 | viol 0.638 | V 0.8646 | Vmin 0.2443 | agree +0.545 | a*_q05 -0.00749 | a*_q50 0.00077 | dV>=0 0.459 | beta 0.1000
  bell | direct viol 0.552 | direct dV>=0 0.465 | d_mean +0.00090 | d_std 0.02594 | d_q95 0.05067
[Episode 117/400] Steps: 720 | Reward:   -6.26 | Battery:  61.78% | Loss: 0.2182
Placing Sensors
[Episode 118/400] Steps: 720 | Reward:   -6.52 | Battery:  73.47% | Loss: 
Placing Sensors
Policy -0.0126 | Value 0.0054 | KL 0.00430 | CF 0.0533 | Std 0.1092 | |a| 0.0166 | EV +0.916 | AE nan | Alpha 0.1150 | MB 24/24
  cert | viol 0.168 | dV -0.224513 | V 0.3373 | inball 0.317 | a*_q05 0.00095 | a*_q50 0.01531 | dV>=0 0.039 | n=150 | a_used 0.00326 -> 0.00293
  crit | n=1 | viol 0.589 | V 0.8804 | Vmin 0.3652 | agree +0.514 | a*_q05 -0.00506 | a*_q50 0.00240 | dV>=0 0.323 | beta 0.1000
  bell | direct viol 0.536 | direct dV>=0 0.451 | d_mean +0.00023 | d_std 0.02319 | d_q95 0.04690
[Episode 119/400] Steps: 720 | Reward:   -6.22 | Battery:  52.99% | Loss: 0.1737
Placing Sensors
[Episode 120/400] Steps: 720 | Reward:   -5.08 | Battery:  62.34% | Loss: 
Placing Sensors
Policy -0.0048 | Value 0.0060 | KL 0.00663 | CF 0.0874 | Std 0.1093 | |a| 0.0164 | EV +0.903 | AE nan | Alpha 0.1065 | MB 24/24
  cert | viol 0.101 | dV -0.262258 | V 0.3398 | inball 0.437 | a*_q05 0.00221 | a*_q50 0.02615 | dV>=0 0.000 | n=150 | a_used 0.00293 -> 0.00287
  crit | n=1 | viol 0.504 | V 0.7216 | Vmin 0.2878 | agree +0.422 | a*_q05 -0.00708 | a*_q50 0.00290 | dV>=0 0.390 | beta 0.1000
  bell | direct viol 0.514 | direct dV>=0 0.438 | d_mean +0.00003 | d_std 0.02199 | d_q95 0.04417
[Episode 121/400] Steps: 720 | Reward:   -5.16 | Battery:  68.36% | Loss: 0.2819
Placing Sensors
[Episode 122/400] Steps: 720 | Reward:   -7.04 | Battery:  71.08% | Loss: 
Placing Sensors
Policy -0.0039 | Value 0.0098 | KL 0.00603 | CF 0.0727 | Std 0.1094 | |a| 0.0171 | EV +0.875 | AE nan | Alpha 0.0986 | MB 24/24
  cert | viol 0.244 | dV -0.220791 | V 0.3881 | inball 0.302 | a*_q05 0.00008 | a*_q50 0.01694 | dV>=0 0.043 | n=150 | a_used 0.00287 -> 0.00273
  crit | n=1 | viol 0.493 | V 0.8877 | Vmin 0.3497 | agree +0.530 | a*_q05 -0.00494 | a*_q50 0.00299 | dV>=0 0.321 | beta 0.1000
  bell | direct viol 0.548 | direct dV>=0 0.465 | d_mean -0.00097 | d_std 0.02421 | d_q95 0.04972
[Episode 123/400] Steps: 720 | Reward:   -6.82 | Battery:  63.49% | Loss: 0.1418
Placing Sensors
[Episode 124/400] Steps: 720 | Reward:   -5.74 | Battery:  60.12% | Loss: 
Placing Sensors
Policy -0.0060 | Value 0.0074 | KL 0.00439 | CF 0.0525 | Std 0.1095 | |a| 0.0156 | EV +0.915 | AE nan | Alpha 0.0913 | MB 24/24
  cert | viol 0.252 | dV -0.223240 | V 0.3443 | inball 0.188 | a*_q05 -0.00850 | a*_q50 0.01325 | dV>=0 0.160 | n=150 | a_used 0.00273 -> 0.00259
  crit | n=1 | viol 0.542 | V 0.8630 | Vmin 0.4032 | agree +0.483 | a*_q05 -0.00575 | a*_q50 0.00160 | dV>=0 0.435 | beta 0.1000
  bell | direct viol 0.547 | direct dV>=0 0.475 | d_mean -0.00095 | d_std 0.02256 | d_q95 0.04447
[Episode 125/400] Steps: 720 | Reward:   -8.03 | Battery:  65.60% | Loss: 0.1273
Placing Sensors
[Episode 126/400] Steps: 720 | Reward:   -5.14 | Battery:  65.63% | Loss: 
Placing Sensors
Policy -0.0112 | Value 0.0039 | KL 0.00918 | CF 0.1160 | Std 0.1096 | |a| 0.0177 | EV +0.937 | AE nan | Alpha 0.0846 | MB 24/24
  cert | viol 0.055 | dV -0.239911 | V 0.3155 | inball 0.475 | a*_q05 0.00271 | a*_q50 0.02634 | dV>=0 0.003 | n=150 | a_used 0.00259 -> 0.00264
  crit | n=1 | viol 0.672 | V 0.7774 | Vmin 0.3762 | agree +0.604 | a*_q05 -0.00613 | a*_q50 0.00130 | dV>=0 0.377 | beta 0.1000
  bell | direct viol 0.538 | direct dV>=0 0.438 | d_mean +0.00092 | d_std 0.02233 | d_q95 0.04640
[Episode 127/400] Steps: 720 | Reward:   -4.73 | Battery:  79.47% | Loss: 0.0308
Placing Sensors
[Episode 128/400] Steps: 720 | Reward:   -3.55 | Battery:  68.69% | Loss: 
Placing Sensors
Policy -0.0102 | Value 0.0058 | KL 0.00910 | CF 0.1213 | Std 0.1096 | |a| 0.0137 | EV +0.931 | AE nan | Alpha 0.0783 | MB 24/24
  cert | viol 0.078 | dV -0.248257 | V 0.3392 | inball 0.431 | a*_q05 0.00108 | a*_q50 0.02772 | dV>=0 0.042 | n=150 | a_used 0.00264 -> 0.00251
  crit | n=1 | viol 0.563 | V 0.7225 | Vmin 0.2511 | agree +0.533 | a*_q05 -0.00657 | a*_q50 0.00168 | dV>=0 0.431 | beta 0.1000
  bell | direct viol 0.527 | direct dV>=0 0.472 | d_mean +0.00005 | d_std 0.03007 | d_q95 0.06238
[Episode 129/400] Steps: 720 | Reward:   -6.43 | Battery:  64.90% | Loss: 0.0445
Placing Sensors
[Episode 130/400] Steps: 720 | Reward:   -5.08 | Battery:  71.20% | Loss: 
Placing Sensors
Policy -0.0036 | Value 0.0069 | KL 0.01107 | CF 0.1422 | Std 0.1097 | |a| 0.0175 | EV +0.918 | AE nan | Alpha 0.0725 | MB 24/24
  cert | viol 0.096 | dV -0.227641 | V 0.3373 | inball 0.429 | a*_q05 0.00108 | a*_q50 0.02208 | dV>=0 0.036 | n=150 | a_used 0.00251 -> 0.00250
  crit | n=1 | viol 0.433 | V 0.7425 | Vmin 0.2592 | agree +0.472 | a*_q05 -0.00670 | a*_q50 0.00341 | dV>=0 0.298 | beta 0.1000
  bell | direct viol 0.511 | direct dV>=0 0.466 | d_mean -0.00055 | d_std 0.02781 | d_q95 0.05665
[Episode 131/400] Steps: 720 | Reward:   -5.56 | Battery:  74.50% | Loss: 0.1513
Placing Sensors
[Episode 132/400] Steps: 720 | Reward:   -5.81 | Battery:  68.05% | Loss: 
Placing Sensors
Policy -0.0065 | Value 0.0057 | KL 0.01003 | CF 0.1206 | Std 0.1098 | |a| 0.0201 | EV +0.935 | AE nan | Alpha 0.0672 | MB 24/24
  cert | viol 0.077 | dV -0.269753 | V 0.3674 | inball 0.441 | a*_q05 0.00220 | a*_q50 0.02526 | dV>=0 0.002 | n=150 | a_used 0.00250 -> 0.00251
  crit | n=1 | viol 0.416 | V 0.7253 | Vmin 0.2542 | agree +0.436 | a*_q05 -0.00656 | a*_q50 0.00389 | dV>=0 0.280 | beta 0.1000
  bell | direct viol 0.485 | direct dV>=0 0.428 | d_mean -0.00061 | d_std 0.02439 | d_q95 0.05055
[Episode 133/400] Steps: 720 | Reward:   -5.29 | Battery:  71.00% | Loss: 0.1122
Placing Sensors
[Episode 134/400] Steps: 720 | Reward:   -4.22 | Battery:  76.21% | Loss: 
Placing Sensors
[Episode 135/400] Steps: 104 | Reward:  -17.39 | Battery:   0.00% | Loss: 
Placing Sensors
Policy -0.0073 | Value 0.0126 | KL 0.01243 | CF 0.1486 | Std 0.1098 | |a| 0.0172 | EV +0.808 | AE nan | Alpha 0.0619 | MB 28/28
  cert | viol 0.016 | dV -0.220494 | V 0.2775 | inball 0.439 | a*_q05 0.00502 | a*_q50 0.02547 | dV>=0 0.000 | n=150 | a_used 0.00251 -> 0.00269
  crit | n=1 | viol 0.590 | V 0.8006 | Vmin 0.2846 | agree +0.692 | a*_q05 -0.00424 | a*_q50 0.00161 | dV>=0 0.329 | beta 0.1000
  bell | direct viol 0.499 | direct dV>=0 0.447 | d_mean +0.00162 | d_std 0.02832 | d_q95 0.05376
[Episode 136/400] Steps: 720 | Reward:   -4.99 | Battery:  72.65% | Loss: -0.1181
Placing Sensors
[Episode 137/400] Steps: 118 | Reward:  -17.50 | Battery:   0.00% | Loss: 
Placing Sensors
[Episode 138/400] Steps: 720 | Reward:   -5.40 | Battery:  67.13% | Loss: 
Placing Sensors
Policy -0.0354 | Value 0.0138 | KL 0.01148 | CF 0.1330 | Std 0.1099 | |a| 0.0199 | EV +0.806 | AE nan | Alpha 0.0569 | MB 28/28
  cert | viol 0.042 | dV -0.295440 | V 0.3480 | inball 0.460 | a*_q05 0.00451 | a*_q50 0.03284 | dV>=0 0.010 | n=150 | a_used 0.00269 -> 0.00280
  crit | n=1 | viol 0.630 | V 0.8349 | Vmin 0.3270 | agree +0.614 | a*_q05 -0.00692 | a*_q50 0.00116 | dV>=0 0.423 | beta 0.1000
  bell | direct viol 0.518 | direct dV>=0 0.473 | d_mean -0.00002 | d_std 0.04173 | d_q95 0.08057
[Episode 139/400] Steps: 720 | Reward:   -4.74 | Battery:  61.00% | Loss: -0.3439
Placing Sensors
[Episode 140/400] Steps: 720 | Reward:   -4.81 | Battery:  58.50% | Loss: 
Placing Sensors
Policy -0.0053 | Value 0.0097 | KL 0.00824 | CF 0.1159 | Std 0.1099 | |a| 0.0232 | EV +0.729 | AE nan | Alpha 0.0527 | MB 24/24
  cert | viol 0.133 | dV -0.191603 | V 0.2745 | inball 0.283 | a*_q05 -0.00594 | a*_q50 0.01616 | dV>=0 0.065 | n=150 | a_used 0.00280 -> 0.00275
  crit | n=1 | viol 0.594 | V 0.7999 | Vmin 0.3555 | agree +0.335 | a*_q05 -0.00567 | a*_q50 0.00095 | dV>=0 0.455 | beta 0.1000
  bell | direct viol 0.523 | direct dV>=0 0.482 | d_mean -0.00026 | d_std 0.03264 | d_q95 0.06689
[Episode 141/400] Steps: 720 | Reward:   -6.47 | Battery:  59.05% | Loss: 0.1263
Placing Sensors
[Episode 142/400] Steps: 720 | Reward:   -5.35 | Battery:  74.68% | Loss: 
Placing Sensors
Policy -0.0177 | Value 0.0071 | KL 0.01032 | CF 0.1289 | Std 0.1100 | |a| 0.0224 | EV +0.908 | AE nan | Alpha 0.0488 | MB 24/24
  cert | viol 0.059 | dV -0.267390 | V 0.3569 | inball 0.443 | a*_q05 0.00236 | a*_q50 0.02386 | dV>=0 0.017 | n=150 | a_used 0.00275 -> 0.00278
  crit | n=1 | viol 0.437 | V 0.7351 | Vmin 0.2821 | agree +0.620 | a*_q05 -0.00660 | a*_q50 0.00347 | dV>=0 0.311 | beta 0.1000
  bell | direct viol 0.500 | direct dV>=0 0.461 | d_mean -0.00055 | d_std 0.03078 | d_q95 0.06231
[Episode 143/400] Steps: 720 | Reward:   -5.15 | Battery:  78.04% | Loss: -0.0016
Placing Sensors
[Episode 144/400] Steps: 100 | Reward:  -17.38 | Battery:   0.00% | Loss: 
Placing Sensors
[Episode 145/400] Steps:  88 | Reward:  -17.56 | Battery:   0.00% | Loss: 
Placing Sensors
[Episode 146/400] Steps: 720 | Reward:   -5.22 | Battery:  67.61% | Loss: 
Placing Sensors
Policy 0.0013 | Value 0.0187 | KL 0.01015 | CF 0.1350 | Std 0.1100 | |a| 0.0176 | EV +0.866 | AE nan | Alpha 0.0448 | MB 28/28
  cert | viol 0.000 | dV -0.300868 | V 0.3532 | inball 0.482 | a*_q05 0.00582 | a*_q50 0.03357 | dV>=0 0.000 | n=150 | a_used 0.00278 -> 0.00295
  crit | n=1 | viol 0.491 | V 0.8096 | Vmin 0.2832 | agree +0.671 | a*_q05 -0.00685 | a*_q50 0.00291 | dV>=0 0.280 | beta 0.1000
  bell | direct viol 0.510 | direct dV>=0 0.455 | d_mean +0.00098 | d_std 0.03162 | d_q95 0.06297
[Episode 147/400] Steps: 720 | Reward:   -4.23 | Battery:  79.49% | Loss: 0.1066
Placing Sensors
[Episode 148/400] Steps: 720 | Reward:   -5.82 | Battery:  66.73% | Loss: 
Placing Sensors
Policy -0.0077 | Value 0.0074 | KL 0.00915 | CF 0.1175 | Std 0.1100 | |a| 0.0210 | EV +0.869 | AE nan | Alpha 0.0415 | MB 24/24
  cert | viol 0.066 | dV -0.253564 | V 0.3352 | inball 0.413 | a*_q05 0.00233 | a*_q50 0.02510 | dV>=0 0.025 | n=150 | a_used 0.00295 -> 0.00290
  crit | n=1 | viol 0.528 | V 0.7418 | Vmin 0.2794 | agree +0.445 | a*_q05 -0.00739 | a*_q50 0.00253 | dV>=0 0.356 | beta 0.1000
  bell | direct viol 0.520 | direct dV>=0 0.465 | d_mean +0.00080 | d_std 0.02901 | d_q95 0.06027
[Episode 149/400] Steps: 720 | Reward:   -4.64 | Battery:  73.21% | Loss: 0.0907
Placing Sensors
[Episode 150/400] Steps: 113 | Reward:  -17.43 | Battery:   0.00% | Loss: 
Placing Sensors
[Episode 151/400] Steps: 720 | Reward:   -6.05 | Battery:  61.24% | Loss: 
Placing Sensors
Policy 0.0103 | Value 0.0222 | KL 0.01500 | CF 0.1745 | Std 0.1100 | |a| 0.0267 | EV +0.778 | AE nan | Alpha 0.0382 | MB 28/28
  cert | viol 0.090 | dV -0.243093 | V 0.3487 | inball 0.363 | a*_q05 0.00235 | a*_q50 0.02019 | dV>=0 0.000 | n=150 | a_used 0.00290 -> 0.00294
  crit | n=1 | viol 0.559 | V 0.9003 | Vmin 0.3126 | agree +0.623 | a*_q05 -0.00446 | a*_q50 0.00226 | dV>=0 0.263 | beta 0.1000
  bell | direct viol 0.498 | direct dV>=0 0.442 | d_mean +0.00182 | d_std 0.03690 | d_q95 0.07581
[Episode 152/400] Steps: 720 | Reward:   -5.55 | Battery:  76.25% | Loss: 0.0330
Placing Sensors
[Episode 153/400] Steps: 720 | Reward:   -4.18 | Battery:  77.32% | Loss: 
Placing Sensors
Policy -0.0038 | Value 0.0088 | KL 0.01057 | CF 0.1299 | Std 0.1101 | |a| 0.0190 | EV +0.867 | AE nan | Alpha 0.0354 | MB 24/24
  cert | viol 0.000 | dV -0.238736 | V 0.2829 | inball 0.607 | a*_q05 0.00531 | a*_q50 0.03433 | dV>=0 0.000 | n=150 | a_used 0.00294 -> 0.00302
  crit | n=1 | viol 0.608 | V 0.6262 | Vmin 0.3044 | agree +0.550 | a*_q05 -0.00732 | a*_q50 0.00145 | dV>=0 0.415 | beta 0.1000
  bell | direct viol 0.485 | direct dV>=0 0.442 | d_mean +0.00143 | d_std 0.03852 | d_q95 0.07758
[Episode 154/400] Steps: 720 | Reward:   -3.09 | Battery:  87.06% | Loss: 0.1065
Placing Sensors
[Episode 155/400] Steps: 720 | Reward:   -4.97 | Battery:  73.92% | Loss: 
Placing Sensors
Policy -0.0119 | Value 0.0064 | KL 0.01180 | CF 0.1581 | Std 0.1101 | |a| 0.0189 | EV +0.912 | AE nan | Alpha 0.0327 | MB 24/24
  cert | viol 0.006 | dV -0.300399 | V 0.3487 | inball 0.557 | a*_q05 0.00582 | a*_q50 0.03023 | dV>=0 0.000 | n=150 | a_used 0.00302 -> 0.00309
  crit | n=1 | viol 0.449 | V 0.6588 | Vmin 0.3025 | agree +0.551 | a*_q05 -0.00638 | a*_q50 0.00366 | dV>=0 0.284 | beta 0.1000
  bell | direct viol 0.500 | direct dV>=0 0.462 | d_mean +0.00035 | d_std 0.03342 | d_q95 0.06520
[Episode 156/400] Steps: 720 | Reward:   -4.26 | Battery:  85.02% | Loss: 0.0770
Placing Sensors
[Episode 157/400] Steps:  77 | Reward:  -17.41 | Battery:   0.00% | Loss: 
Placing Sensors
[Episode 158/400] Steps: 117 | Reward:  -17.46 | Battery:   0.00% | Loss: 
Placing Sensors
[Episode 159/400] Steps: 720 | Reward:   -4.17 | Battery:  79.11% | Loss: 
Placing Sensors
Policy 0.0022 | Value 0.0189 | KL 0.01516 | CF 0.1604 | Std 0.1101 | |a| 0.0214 | EV +0.837 | AE nan | Alpha 0.0300 | MB 28/28
  cert | viol 0.051 | dV -0.278143 | V 0.3284 | inball 0.471 | a*_q05 0.00374 | a*_q50 0.03289 | dV>=0 0.000 | n=150 | a_used 0.00309 -> 0.00322
  crit | n=1 | viol 0.618 | V 0.8071 | Vmin 0.2645 | agree +0.731 | a*_q05 -0.00625 | a*_q50 0.00191 | dV>=0 0.344 | beta 0.1000
  bell | direct viol 0.514 | direct dV>=0 0.462 | d_mean +0.00050 | d_std 0.04219 | d_q95 0.08468
[Episode 160/400] Steps: 720 | Reward:   -4.52 | Battery:  64.64% | Loss: 0.0869
Placing Sensors
[Episode 161/400] Steps: 720 | Reward:   -6.16 | Battery:  60.21% | Loss: 
Placing Sensors
[Episode 162/400] Steps: 103 | Reward:  -17.47 | Battery:   0.00% | Loss: 
Placing Sensors
[Episode 163/400] Steps: 107 | Reward:  -17.49 | Battery:   0.00% | Loss: 
Placing Sensors
Policy -0.0075 | Value 0.0142 | KL 0.00764 | CF 0.0948 | Std 0.1101 | |a| 0.0154 | EV +0.886 | AE nan | Alpha 0.0275 | MB 28/28
  cert | viol 0.091 | dV -0.226292 | V 0.3217 | inball 0.318 | a*_q05 0.00077 | a*_q50 0.02197 | dV>=0 0.045 | n=150 | a_used 0.00322 -> 0.00325
  crit | n=1 | viol 0.565 | V 0.9168 | Vmin 0.2885 | agree +0.705 | a*_q05 -0.00555 | a*_q50 0.00225 | dV>=0 0.318 | beta 0.1000
  bell | direct viol 0.534 | direct dV>=0 0.477 | d_mean -0.00031 | d_std 0.04312 | d_q95 0.08492
[Episode 164/400] Steps: 720 | Reward:   -5.05 | Battery:  83.11% | Loss: 0.0715
Placing Sensors
[Episode 165/400] Steps: 720 | Reward:   -5.96 | Battery:  75.20% | Loss: 
Placing Sensors
Policy -0.0071 | Value 0.0067 | KL 0.00860 | CF 0.1137 | Std 0.1101 | |a| 0.0207 | EV +0.920 | AE nan | Alpha 0.0255 | MB 24/24
  cert | viol 0.131 | dV -0.261661 | V 0.3835 | inball 0.428 | a*_q05 -0.00033 | a*_q50 0.02224 | dV>=0 0.068 | n=150 | a_used 0.00325 -> 0.00308
  crit | n=1 | viol 0.444 | V 0.8420 | Vmin 0.3151 | agree +0.384 | a*_q05 -0.00507 | a*_q50 0.00398 | dV>=0 0.259 | beta 0.1000
  bell | direct viol 0.510 | direct dV>=0 0.459 | d_mean -0.00103 | d_std 0.03648 | d_q95 0.07273
[Episode 166/400] Steps: 720 | Reward:   -5.96 | Battery:  70.62% | Loss: 0.0837
Placing Sensors
[Episode 167/400] Steps: 720 | Reward:   -4.28 | Battery:  65.77% | Loss: 
Placing Sensors
[Episode 168/400] Steps:  96 | Reward:  -17.51 | Battery:   0.00% | Loss: 
Placing Sensors
Policy -0.0015 | Value 0.0148 | KL 0.00835 | CF 0.1104 | Std 0.1101 | |a| 0.0188 | EV +0.798 | AE nan | Alpha 0.0235 | MB 24/24
  cert | viol 0.005 | dV -0.250491 | V 0.2906 | inball 0.468 | a*_q05 0.00642 | a*_q50 0.02814 | dV>=0 0.000 | n=150 | a_used 0.00308 -> 0.00317
  crit | n=1 | viol 0.642 | V 0.7564 | Vmin 0.2864 | agree +0.628 | a*_q05 -0.00541 | a*_q50 0.00142 | dV>=0 0.359 | beta 0.1000
  bell | direct viol 0.515 | direct dV>=0 0.474 | d_mean +0.00084 | d_std 0.03946 | d_q95 0.08236
[Episode 169/400] Steps: 720 | Reward:   -4.66 | Battery:  78.06% | Loss: 0.0172
Placing Sensors
[Episode 170/400] Steps:  88 | Reward:  -17.64 | Battery:   0.00% | Loss: 
Placing Sensors
[Episode 171/400] Steps: 720 | Reward:   -5.32 | Battery:  65.71% | Loss: 
Placing Sensors
Policy -0.0070 | Value 0.0153 | KL 0.00535 | CF 0.0584 | Std 0.1101 | |a| 0.0162 | EV +0.877 | AE nan | Alpha 0.0216 | MB 24/24
  cert | viol 0.033 | dV -0.249188 | V 0.2957 | inball 0.475 | a*_q05 0.00459 | a*_q50 0.03306 | dV>=0 0.000 | n=150 | a_used 0.00317 -> 0.00320
  crit | n=1 | viol 0.638 | V 0.7851 | Vmin 0.2831 | agree +0.447 | a*_q05 -0.00710 | a*_q50 0.00132 | dV>=0 0.428 | beta 0.1000
  bell | direct viol 0.517 | direct dV>=0 0.474 | d_mean +0.00063 | d_std 0.04271 | d_q95 0.08594
[Episode 172/400] Steps: 720 | Reward:   -3.61 | Battery:  66.05% | Loss: 0.1329
Placing Sensors
[Episode 173/400] Steps: 720 | Reward:   -5.00 | Battery:  74.20% | Loss: 
Placing Sensors
[Episode 174/400] Steps: 111 | Reward:  -17.48 | Battery:   0.00% | Loss: 
Placing Sensors
Policy -0.0110 | Value 0.0134 | KL 0.00827 | CF 0.1030 | Std 0.1102 | |a| 0.0183 | EV +0.868 | AE nan | Alpha 0.0199 | MB 28/28
  cert | viol 0.008 | dV -0.306634 | V 0.3457 | inball 0.532 | a*_q05 0.00959 | a*_q50 0.03431 | dV>=0 0.000 | n=150 | a_used 0.00320 -> 0.00338
  crit | n=1 | viol 0.541 | V 0.7692 | Vmin 0.2729 | agree +0.578 | a*_q05 -0.00616 | a*_q50 0.00288 | dV>=0 0.301 | beta 0.1000
  bell | direct viol 0.511 | direct dV>=0 0.459 | d_mean +0.00010 | d_std 0.03888 | d_q95 0.07980
[Episode 175/400] Steps: 720 | Reward:   -4.52 | Battery:  74.39% | Loss: -0.0155
Placing Sensors
[Episode 176/400] Steps: 110 | Reward:  -17.45 | Battery:   0.00% | Loss: 
Placing Sensors
[Episode 177/400] Steps:  76 | Reward:  -17.54 | Battery:   0.00% | Loss: 
Placing Sensors
[Episode 178/400] Steps: 720 | Reward:   -4.03 | Battery:  77.45% | Loss: 
Placing Sensors
[Episode 179/400] Steps:  65 | Reward:  -17.75 | Battery:   0.00% | Loss: 
Placing Sensors
Policy -0.0001 | Value 0.0201 | KL 0.00799 | CF 0.0949 | Std 0.1102 | |a| 0.0215 | EV +0.876 | AE nan | Alpha 0.0182 | MB 28/28
  cert | viol 0.129 | dV -0.256325 | V 0.3530 | inball 0.419 | a*_q05 0.00042 | a*_q50 0.02649 | dV>=0 0.049 | n=150 | a_used 0.00338 -> 0.00309
  crit | n=1 | viol 0.613 | V 0.9435 | Vmin 0.2758 | agree +0.675 | a*_q05 -0.00580 | a*_q50 0.00183 | dV>=0 0.298 | beta 0.1000
  bell | direct viol 0.519 | direct dV>=0 0.464 | d_mean +0.00096 | d_std 0.04305 | d_q95 0.08655
[Episode 180/400] Steps: 720 | Reward:   -5.49 | Battery:  69.03% | Loss: 0.0376
Placing Sensors
[Episode 181/400] Steps: 720 | Reward:   -6.33 | Battery:  62.03% | Loss: 
Placing Sensors
Policy -0.0134 | Value 0.0174 | KL 0.00823 | CF 0.1022 | Std 0.1102 | |a| 0.0184 | EV +0.830 | AE nan | Alpha 0.0168 | MB 24/24
  cert | viol 0.044 | dV -0.247414 | V 0.3168 | inball 0.340 | a*_q05 0.00352 | a*_q50 0.01771 | dV>=0 0.024 | n=150 | a_used 0.00309 -> 0.00316
  crit | n=1 | viol 0.545 | V 0.8709 | Vmin 0.3109 | agree +0.263 | a*_q05 -0.00643 | a*_q50 0.00257 | dV>=0 0.359 | beta 0.1000
  bell | direct viol 0.496 | direct dV>=0 0.451 | d_mean +0.00105 | d_std 0.03432 | d_q95 0.06923
[Episode 182/400] Steps: 720 | Reward:   -5.45 | Battery:  62.33% | Loss: -0.0772
Placing Sensors
[Episode 183/400] Steps: 720 | Reward:   -4.00 | Battery:  80.16% | Loss: 
Placing Sensors
Policy -0.0083 | Value 0.0074 | KL 0.00941 | CF 0.1293 | Std 0.1101 | |a| 0.0200 | EV +0.885 | AE nan | Alpha 0.0156 | MB 24/24
  cert | viol 0.074 | dV -0.272903 | V 0.3505 | inball 0.554 | a*_q05 0.00220 | a*_q50 0.03186 | dV>=0 0.024 | n=150 | a_used 0.00316 -> 0.00303
  crit | n=1 | viol 0.501 | V 0.6639 | Vmin 0.2525 | agree +0.586 | a*_q05 -0.00792 | a*_q50 0.00314 | dV>=0 0.296 | beta 0.1000
  bell | direct viol 0.490 | direct dV>=0 0.458 | d_mean +0.00145 | d_std 0.03758 | d_q95 0.07356
[Episode 184/400] Steps: 720 | Reward:   -4.95 | Battery:  81.14% | Loss: -0.0113
Placing Sensors
[Episode 185/400] Steps: 720 | Reward:   -3.73 | Battery:  68.40% | Loss: 
Placing Sensors
Policy -0.0036 | Value 0.0101 | KL 0.00941 | CF 0.1225 | Std 0.1101 | |a| 0.0229 | EV +0.834 | AE nan | Alpha 0.0144 | MB 24/24
  cert | viol 0.161 | dV -0.248459 | V 0.3424 | inball 0.485 | a*_q05 0.00109 | a*_q50 0.02990 | dV>=0 0.029 | n=150 | a_used 0.00303 -> 0.00293
  crit | n=1 | viol 0.593 | V 0.7481 | Vmin 0.3337 | agree +0.433 | a*_q05 -0.00784 | a*_q50 0.00111 | dV>=0 0.440 | beta 0.1000
  bell | direct viol 0.515 | direct dV>=0 0.454 | d_mean +0.00061 | d_std 0.03410 | d_q95 0.07115
[Episode 186/400] Steps: 720 | Reward:   -5.94 | Battery:  71.71% | Loss: -0.0573
Placing Sensors
[Episode 187/400] Steps: 720 | Reward:   -5.42 | Battery:  83.18% | Loss: 
Placing Sensors
Policy -0.0014 | Value 0.0075 | KL 0.01279 | CF 0.1601 | Std 0.1101 | |a| 0.0228 | EV +0.911 | AE nan | Alpha 0.0134 | MB 24/24
  cert | viol 0.048 | dV -0.306704 | V 0.4002 | inball 0.490 | a*_q05 0.00342 | a*_q50 0.02715 | dV>=0 0.000 | n=150 | a_used 0.00293 -> 0.00287
  crit | n=1 | viol 0.303 | V 0.6659 | Vmin 0.2640 | agree +0.710 | a*_q05 -0.00658 | a*_q50 0.00582 | dV>=0 0.226 | beta 0.1000
  bell | direct viol 0.492 | direct dV>=0 0.454 | d_mean -0.00112 | d_std 0.03402 | d_q95 0.06708
[Episode 188/400] Steps: 720 | Reward:   -5.33 | Battery:  82.80% | Loss: 0.0891
Placing Sensors
[Episode 189/400] Steps:  99 | Reward:  -17.35 | Battery:   0.00% | Loss: 
Placing Sensors
[Episode 190/400] Steps: 101 | Reward:  -17.46 | Battery:   0.00% | Loss: 
Placing Sensors
[Episode 191/400] Steps: 720 | Reward:   -4.29 | Battery:  81.13% | Loss: 
Placing Sensors
Policy -0.0043 | Value 0.0216 | KL 0.01052 | CF 0.1163 | Std 0.1101 | |a| 0.0244 | EV +0.867 | AE nan | Alpha 0.0123 | MB 28/28
  cert | viol 0.053 | dV -0.312694 | V 0.3703 | inball 0.508 | a*_q05 0.00322 | a*_q50 0.03344 | dV>=0 0.004 | n=150 | a_used 0.00287 -> 0.00290
  crit | n=1 | viol 0.581 | V 0.8254 | Vmin 0.2535 | agree +0.691 | a*_q05 -0.00655 | a*_q50 0.00211 | dV>=0 0.286 | beta 0.1000
  bell | direct viol 0.509 | direct dV>=0 0.459 | d_mean +0.00117 | d_std 0.04989 | d_q95 0.10198
[Episode 192/400] Steps: 720 | Reward:   -4.12 | Battery:  71.43% | Loss: 0.1801
Placing Sensors
[Episode 193/400] Steps: 720 | Reward:   -4.13 | Battery:  70.79% | Loss: 
Placing Sensors
Policy -0.0137 | Value 0.0102 | KL 0.01329 | CF 0.1865 | Std 0.1101 | |a| 0.0205 | EV +0.877 | AE nan | Alpha 0.0114 | MB 24/24
  cert | viol 0.000 | dV -0.254004 | V 0.2880 | inball 0.521 | a*_q05 0.00635 | a*_q50 0.03606 | dV>=0 0.000 | n=150 | a_used 0.00290 -> 0.00302
  crit | n=1 | viol 0.610 | V 0.6721 | Vmin 0.2219 | agree +0.351 | a*_q05 -0.00727 | a*_q50 0.00106 | dV>=0 0.460 | beta 0.1000
  bell | direct viol 0.483 | direct dV>=0 0.453 | d_mean +0.00197 | d_std 0.03742 | d_q95 0.07423
[Episode 194/400] Steps: 720 | Reward:   -3.96 | Battery:  62.04% | Loss: 0.0063
Placing Sensors
[Episode 195/400] Steps: 720 | Reward:   -4.60 | Battery:  73.05% | Loss: 
Placing Sensors
Policy -0.0079 | Value 0.0069 | KL 0.01175 | CF 0.1464 | Std 0.1101 | |a| 0.0224 | EV +0.900 | AE nan | Alpha 0.0105 | MB 24/24
  cert | viol 0.060 | dV -0.224423 | V 0.2973 | inball 0.476 | a*_q05 0.00258 | a*_q50 0.02773 | dV>=0 0.023 | n=150 | a_used 0.00302 -> 0.00277
  crit | n=1 | viol 0.580 | V 0.7167 | Vmin 0.2557 | agree +0.375 | a*_q05 -0.00685 | a*_q50 0.00213 | dV>=0 0.359 | beta 0.1000
  bell | direct viol 0.508 | direct dV>=0 0.471 | d_mean +0.00059 | d_std 0.02918 | d_q95 0.05863
[Episode 196/400] Steps: 720 | Reward:   -4.80 | Battery:  71.66% | Loss: -0.0906
Placing Sensors
[Episode 197/400] Steps:  84 | Reward:  -17.43 | Battery:   0.00% | Loss: 
Placing Sensors
[Episode 198/400] Steps: 720 | Reward:   -4.86 | Battery:  71.54% | Loss: 
Placing Sensors
[Episode 199/400] Steps:  76 | Reward:  -17.65 | Battery:   0.00% | Loss: 
Placing Sensors
[Episode 200/400] Steps:  90 | Reward:  -17.57 | Battery:   0.00% | Loss: 
Placing Sensors
[Episode 201/400] Steps:  92 | Reward:  -17.45 | Battery:   0.00% | Loss: 
Placing Sensors
Policy -0.0052 | Value 0.0342 | KL 0.00969 | CF 0.0974 | Std 0.1101 | |a| 0.0246 | EV +0.808 | AE nan | Alpha 0.0100 | MB 28/28
  cert | viol 0.046 | dV -0.300728 | V 0.3853 | inball 0.354 | a*_q05 0.00307 | a*_q50 0.02788 | dV>=0 0.000 | n=150 | a_used 0.00277 -> 0.00277
  crit | n=1 | viol 0.499 | V 1.0105 | Vmin 0.2693 | agree +0.607 | a*_q05 -0.00691 | a*_q50 0.00280 | dV>=0 0.261 | beta 0.1000
  bell | direct viol 0.511 | direct dV>=0 0.470 | d_mean +0.00029 | d_std 0.04098 | d_q95 0.08261
[Episode 202/400] Steps: 720 | Reward:   -5.83 | Battery:  58.96% | Loss: 0.0520
Placing Sensors
[Episode 203/400] Steps:  83 | Reward:  -17.56 | Battery:   0.00% | Loss: 
Placing Sensors
[Episode 204/400] Steps: 720 | Reward:   -6.16 | Battery:  82.12% | Loss: 
Placing Sensors
Policy -0.0152 | Value 0.0111 | KL 0.01105 | CF 0.1338 | Std 0.1101 | |a| 0.0200 | EV +0.918 | AE nan | Alpha 0.0100 | MB 24/24
  cert | viol 0.055 | dV -0.289584 | V 0.3987 | inball 0.464 | a*_q05 0.00271 | a*_q50 0.02624 | dV>=0 0.003 | n=150 | a_used 0.00277 -> 0.00277
  crit | n=1 | viol 0.444 | V 0.9122 | Vmin 0.2438 | agree +0.557 | a*_q05 -0.00642 | a*_q50 0.00353 | dV>=0 0.296 | beta 0.1000
  bell | direct viol 0.497 | direct dV>=0 0.462 | d_mean -0.00034 | d_std 0.04491 | d_q95 0.09412
[Episode 205/400] Steps: 720 | Reward:   -4.64 | Battery:  74.30% | Loss: -0.0202
Placing Sensors
[Episode 206/400] Steps:  95 | Reward:  -17.44 | Battery:   0.00% | Loss: 
Placing Sensors
[Episode 207/400] Steps: 720 | Reward:   -6.37 | Battery:  69.60% | Loss: 
Placing Sensors
Policy -0.0038 | Value 0.0178 | KL 0.00945 | CF 0.1134 | Std 0.1101 | |a| 0.0213 | EV +0.879 | AE nan | Alpha 0.0100 | MB 24/24
  cert | viol 0.031 | dV -0.284116 | V 0.3587 | inball 0.506 | a*_q05 0.00380 | a*_q50 0.03081 | dV>=0 0.000 | n=150 | a_used 0.00277 -> 0.00284
  crit | n=1 | viol 0.576 | V 0.8346 | Vmin 0.2089 | agree +0.627 | a*_q05 -0.00659 | a*_q50 0.00171 | dV>=0 0.362 | beta 0.1000
  bell | direct viol 0.495 | direct dV>=0 0.462 | d_mean +0.00172 | d_std 0.04855 | d_q95 0.09965
[Episode 208/400] Steps: 720 | Reward:   -2.32 | Battery:  84.82% | Loss: -0.0236
Placing Sensors
[Episode 209/400] Steps: 720 | Reward:   -5.11 | Battery:  74.38% | Loss: 
Placing Sensors
Policy 0.0028 | Value 0.0118 | KL 0.01800 | CF 0.1963 | Std 0.1101 | |a| 0.0268 | EV +0.886 | AE nan | Alpha 0.0100 | MB 24/24
  cert | viol 0.067 | dV -0.280315 | V 0.3648 | inball 0.487 | a*_q05 0.00260 | a*_q50 0.02958 | dV>=0 0.000 | n=150 | a_used 0.00284 -> 0.00286
  crit | n=1 | viol 0.651 | V 0.8794 | Vmin 0.2726 | agree +0.579 | a*_q05 -0.00705 | a*_q50 0.00086 | dV>=0 0.429 | beta 0.1000
  bell | direct viol 0.491 | direct dV>=0 0.460 | d_mean +0.00219 | d_std 0.05025 | d_q95 0.10849
[Episode 210/400] Steps: 720 | Reward:   -4.91 | Battery:  75.22% | Loss: 0.0497
Placing Sensors
[Episode 211/400] Steps: 720 | Reward:   -4.14 | Battery:  82.33% | Loss: 
Placing Sensors
[Episode 212/400] Steps: 109 | Reward:  -17.49 | Battery:   0.00% | Loss: 
Placing Sensors
[Episode 213/400] Steps:  75 | Reward:  -17.55 | Battery:   0.00% | Loss: 
Placing Sensors
Policy 0.0081 | Value 0.0173 | KL 0.01255 | CF 0.1273 | Std 0.1102 | |a| 0.0219 | EV +0.894 | AE nan | Alpha 0.0100 | MB 28/28
  cert | viol 0.035 | dV -0.242896 | V 0.2893 | inball 0.427 | a*_q05 0.00479 | a*_q50 0.02613 | dV>=0 0.000 | n=150 | a_used 0.00286 -> 0.00297
  crit | n=1 | viol 0.658 | V 0.9025 | Vmin 0.2854 | agree +0.752 | a*_q05 -0.00534 | a*_q50 0.00139 | dV>=0 0.325 | beta 0.1000
  bell | direct viol 0.505 | direct dV>=0 0.462 | d_mean +0.00201 | d_std 0.03830 | d_q95 0.07597
[Episode 214/400] Steps: 720 | Reward:   -5.16 | Battery:  70.66% | Loss: -0.1101
Placing Sensors
[Episode 215/400] Steps: 720 | Reward:   -3.94 | Battery:  76.83% | Loss: 
Placing Sensors
Policy -0.0025 | Value 0.0092 | KL 0.01531 | CF 0.1251 | Std 0.1102 | |a| 0.0247 | EV +0.848 | AE nan | Alpha 0.0100 | MB 24/24
  cert | viol 0.059 | dV -0.211008 | V 0.2746 | inball 0.484 | a*_q05 0.00254 | a*_q50 0.02556 | dV>=0 0.023 | n=150 | a_used 0.00297 -> 0.00300
  crit | n=1 | viol 0.671 | V 0.7378 | Vmin 0.2642 | agree +0.453 | a*_q05 -0.00590 | a*_q50 0.00087 | dV>=0 0.406 | beta 0.1000
  bell | direct viol 0.496 | direct dV>=0 0.457 | d_mean +0.00224 | d_std 0.03859 | d_q95 0.07297
[Episode 216/400] Steps: 720 | Reward:   -5.32 | Battery:  72.02% | Loss: -0.0434
Placing Sensors
[Episode 217/400] Steps: 720 | Reward:   -4.14 | Battery:  83.75% | Loss: 
Placing Sensors
Policy -0.0041 | Value 0.0078 | KL 0.00784 | CF 0.0902 | Std 0.1101 | |a| 0.0232 | EV +0.899 | AE nan | Alpha 0.0100 | MB 24/24
  cert | viol 0.002 | dV -0.239204 | V 0.2859 | inball 0.557 | a*_q05 0.00509 | a*_q50 0.03017 | dV>=0 0.000 | n=150 | a_used 0.00300 -> 0.00313
  crit | n=1 | viol 0.581 | V 0.6753 | Vmin 0.2460 | agree +0.434 | a*_q05 -0.00584 | a*_q50 0.00205 | dV>=0 0.334 | beta 0.1000
  bell | direct viol 0.478 | direct dV>=0 0.445 | d_mean +0.00112 | d_std 0.03224 | d_q95 0.06679
[Episode 218/400] Steps: 720 | Reward:   -3.91 | Battery:  75.06% | Loss: 0.1330
Placing Sensors
[Episode 219/400] Steps: 720 | Reward:   -4.07 | Battery:  74.47% | Loss: 
Placing Sensors
Policy -0.0088 | Value 0.0066 | KL 0.01139 | CF 0.1465 | Std 0.1101 | |a| 0.0241 | EV +0.902 | AE nan | Alpha 0.0100 | MB 24/24
  cert | viol 0.009 | dV -0.184969 | V 0.2371 | inball 0.437 | a*_q05 0.00499 | a*_q50 0.02412 | dV>=0 0.000 | n=150 | a_used 0.00313 -> 0.00322
  crit | n=1 | viol 0.463 | V 0.6629 | Vmin 0.2860 | agree +0.140 | a*_q05 -0.00603 | a*_q50 0.00374 | dV>=0 0.302 | beta 0.1000
  bell | direct viol 0.498 | direct dV>=0 0.463 | d_mean -0.00065 | d_std 0.02513 | d_q95 0.05062
[Episode 220/400] Steps: 720 | Reward:   -4.91 | Battery:  70.42% | Loss: 0.1525
Placing Sensors
[Episode 221/400] Steps: 720 | Reward:   -3.88 | Battery:  64.39% | Loss: 
Placing Sensors
Policy -0.0060 | Value 0.0075 | KL 0.00960 | CF 0.1334 | Std 0.1101 | |a| 0.0248 | EV +0.888 | AE nan | Alpha 0.0100 | MB 24/24
  cert | viol 0.044 | dV -0.228448 | V 0.2976 | inball 0.467 | a*_q05 0.00403 | a*_q50 0.02825 | dV>=0 0.000 | n=150 | a_used 0.00322 -> 0.00329
  crit | n=1 | viol 0.588 | V 0.7405 | Vmin 0.3320 | agree +0.317 | a*_q05 -0.00653 | a*_q50 0.00173 | dV>=0 0.409 | beta 0.1000
  bell | direct viol 0.528 | direct dV>=0 0.484 | d_mean -0.00009 | d_std 0.02965 | d_q95 0.06242
[Episode 222/400] Steps: 720 | Reward:   -5.84 | Battery:  68.44% | Loss: 0.0150
Placing Sensors
[Episode 223/400] Steps: 720 | Reward:   -3.90 | Battery:  73.55% | Loss: 
Placing Sensors
Policy -0.0108 | Value 0.0044 | KL 0.00673 | CF 0.0703 | Std 0.1100 | |a| 0.0376 | EV +0.923 | AE nan | Alpha 0.0100 | MB 24/24
  cert | viol 0.017 | dV -0.236069 | V 0.2937 | inball 0.469 | a*_q05 0.00489 | a*_q50 0.02909 | dV>=0 0.000 | n=150 | a_used 0.00329 -> 0.00336
  crit | n=1 | viol 0.471 | V 0.6535 | Vmin 0.3167 | agree +0.476 | a*_q05 -0.00821 | a*_q50 0.00372 | dV>=0 0.306 | beta 0.1000
  bell | direct viol 0.485 | direct dV>=0 0.456 | d_mean +0.00030 | d_std 0.03127 | d_q95 0.06540
[Episode 224/400] Steps: 720 | Reward:   -4.80 | Battery:  76.44% | Loss: -0.0848
Placing Sensors
[Episode 225/400] Steps: 720 | Reward:   -2.38 | Battery:  82.19% | Loss: 
Placing Sensors
Policy -0.0048 | Value 0.0049 | KL 0.00674 | CF 0.0785 | Std 0.1100 | |a| 0.0298 | EV +0.877 | AE nan | Alpha 0.0100 | MB 24/24
  cert | viol 0.020 | dV -0.225045 | V 0.2637 | inball 0.603 | a*_q05 0.00580 | a*_q50 0.03232 | dV>=0 0.000 | n=150 | a_used 0.00336 -> 0.00347
  crit | n=1 | viol 0.533 | V 0.4924 | Vmin 0.2169 | agree +0.593 | a*_q05 -0.00494 | a*_q50 0.00277 | dV>=0 0.287 | beta 0.1000
  bell | direct viol 0.481 | direct dV>=0 0.440 | d_mean +0.00143 | d_std 0.02534 | d_q95 0.05228
[Episode 226/400] Steps: 720 | Reward:   -4.42 | Battery:  79.65% | Loss: 0.0131
Placing Sensors
[Episode 227/400] Steps: 720 | Reward:   -3.75 | Battery:  71.40% | Loss: 
Placing Sensors
Policy -0.0080 | Value 0.0035 | KL 0.00928 | CF 0.1234 | Std 0.1100 | |a| 0.0272 | EV +0.944 | AE nan | Alpha 0.0100 | MB 24/24
  cert | viol 0.000 | dV -0.229736 | V 0.2521 | inball 0.568 | a*_q05 0.00891 | a*_q50 0.03122 | dV>=0 0.000 | n=150 | a_used 0.00347 -> 0.00366
  crit | n=1 | viol 0.353 | V 0.4684 | Vmin 0.1416 | agree +0.392 | a*_q05 -0.00548 | a*_q50 0.00564 | dV>=0 0.234 | beta 0.1000
  bell | direct viol 0.477 | direct dV>=0 0.449 | d_mean -0.00024 | d_std 0.03054 | d_q95 0.06069
[Episode 228/400] Steps: 720 | Reward:   -3.39 | Battery:  81.62% | Loss: -0.1511
Placing Sensors
[Episode 229/400] Steps: 720 | Reward:   -2.53 | Battery:  70.18% | Loss: 
Placing Sensors
Policy -0.0070 | Value 0.0045 | KL 0.00665 | CF 0.0801 | Std 0.1100 | |a| 0.0255 | EV +0.929 | AE nan | Alpha 0.0100 | MB 24/24
  cert | viol 0.000 | dV -0.207983 | V 0.2137 | inball 0.620 | a*_q05 0.01614 | a*_q50 0.04073 | dV>=0 0.000 | n=150 | a_used 0.00366 -> 0.00385
  crit | n=1 | viol 0.611 | V 0.4381 | Vmin 0.1249 | agree +0.289 | a*_q05 -0.00700 | a*_q50 0.00096 | dV>=0 0.459 | beta 0.1000
  bell | direct viol 0.493 | direct dV>=0 0.460 | d_mean +0.00141 | d_std 0.03150 | d_q95 0.06227
[Episode 230/400] Steps: 720 | Reward:   -2.62 | Battery:  62.76% | Loss: -0.0349
Placing Sensors
[Episode 231/400] Steps: 720 | Reward:   -4.24 | Battery:  67.81% | Loss: 
Placing Sensors
Policy -0.0074 | Value 0.0038 | KL 0.00815 | CF 0.1051 | Std 0.1100 | |a| 0.0289 | EV +0.942 | AE nan | Alpha 0.0100 | MB 24/24
  cert | viol 0.008 | dV -0.263496 | V 0.3026 | inball 0.522 | a*_q05 0.00631 | a*_q50 0.03484 | dV>=0 0.000 | n=150 | a_used 0.00385 -> 0.00392
  crit | n=1 | viol 0.471 | V 0.5204 | Vmin 0.1693 | agree +0.417 | a*_q05 -0.00626 | a*_q50 0.00440 | dV>=0 0.325 | beta 0.1000
  bell | direct viol 0.486 | direct dV>=0 0.440 | d_mean -0.00033 | d_std 0.03039 | d_q95 0.06101
[Episode 232/400] Steps: 720 | Reward:   -4.29 | Battery:  63.29% | Loss: 0.0867
Placing Sensors
[Episode 233/400] Steps:  69 | Reward:  -17.78 | Battery:   0.00% | Loss: 
Placing Sensors
[Episode 234/400] Steps: 720 | Reward:   -3.90 | Battery:  73.01% | Loss: 
Placing Sensors
Policy -0.0098 | Value 0.0245 | KL 0.01087 | CF 0.0957 | Std 0.1100 | |a| 0.0296 | EV +0.737 | AE nan | Alpha 0.0100 | MB 24/24
  cert | viol 0.031 | dV -0.259455 | V 0.3068 | inball 0.527 | a*_q05 0.00544 | a*_q50 0.03188 | dV>=0 0.000 | n=150 | a_used 0.00392 -> 0.00391
  crit | n=1 | viol 0.528 | V 0.5955 | Vmin 0.2095 | agree +0.656 | a*_q05 -0.00545 | a*_q50 0.00357 | dV>=0 0.268 | beta 0.1000
  bell | direct viol 0.508 | direct dV>=0 0.474 | d_mean -0.00014 | d_std 0.04041 | d_q95 0.08051
[Episode 235/400] Steps: 720 | Reward:   -4.41 | Battery:  75.48% | Loss: -0.0376
Placing Sensors
[Episode 236/400] Steps: 720 | Reward:   -3.19 | Battery:  73.65% | Loss: 
Placing Sensors
Policy -0.0084 | Value 0.0048 | KL 0.01426 | CF 0.1631 | Std 0.1100 | |a| 0.0320 | EV +0.887 | AE nan | Alpha 0.0100 | MB 24/24
  cert | viol 0.018 | dV -0.222436 | V 0.2561 | inball 0.580 | a*_q05 0.00587 | a*_q50 0.03280 | dV>=0 0.000 | n=150 | a_used 0.00391 -> 0.00394
  crit | n=1 | viol 0.450 | V 0.5085 | Vmin 0.1589 | agree +0.494 | a*_q05 -0.00569 | a*_q50 0.00448 | dV>=0 0.261 | beta 0.1000
  bell | direct viol 0.492 | direct dV>=0 0.456 | d_mean +0.00067 | d_std 0.03424 | d_q95 0.07118
[Episode 237/400] Steps: 720 | Reward:   -3.97 | Battery:  81.23% | Loss: -0.0027
Placing Sensors
[Episode 238/400] Steps: 720 | Reward:   -2.58 | Battery:  73.99% | Loss: 
Placing Sensors
Policy 0.0049 | Value 0.0045 | KL 0.01484 | CF 0.1900 | Std 0.1100 | |a| 0.0312 | EV +0.912 | AE nan | Alpha 0.0100 | MB 24/24
  cert | viol 0.000 | dV -0.205591 | V 0.2298 | inball 0.612 | a*_q05 0.00736 | a*_q50 0.03826 | dV>=0 0.000 | n=150 | a_used 0.00394 -> 0.00400
  crit | n=1 | viol 0.662 | V 0.4931 | Vmin 0.1689 | agree +0.490 | a*_q05 -0.00727 | a*_q50 0.00209 | dV>=0 0.360 | beta 0.1000
  bell | direct viol 0.508 | direct dV>=0 0.462 | d_mean +0.00110 | d_std 0.02825 | d_q95 0.05705
[Episode 239/400] Steps: 720 | Reward:   -3.49 | Battery:  76.38% | Loss: 0.1141
Placing Sensors
[Episode 240/400] Steps: 720 | Reward:   -3.41 | Battery:  61.97% | Loss: 
Placing Sensors
Policy -0.0040 | Value 0.0051 | KL 0.00641 | CF 0.0819 | Std 0.1099 | |a| 0.0421 | EV +0.882 | AE nan | Alpha 0.0100 | MB 24/24
  cert | viol 0.000 | dV -0.235404 | V 0.2426 | inball 0.551 | a*_q05 0.01505 | a*_q50 0.04163 | dV>=0 0.000 | n=150 | a_used 0.00400 -> 0.00419
  crit | n=1 | viol 0.662 | V 0.4962 | Vmin 0.1662 | agree +0.428 | a*_q05 -0.00691 | a*_q50 0.00104 | dV>=0 0.459 | beta 0.1000
  bell | direct viol 0.502 | direct dV>=0 0.438 | d_mean +0.00177 | d_std 0.03072 | d_q95 0.06628
[Episode 241/400] Steps: 720 | Reward:   -3.70 | Battery:  64.59% | Loss: -0.1238
Placing Sensors
[Episode 242/400] Steps: 720 | Reward:   -2.91 | Battery:  80.81% | Loss: 
Placing Sensors
Policy -0.0055 | Value 0.0023 | KL 0.01182 | CF 0.1467 | Std 0.1099 | |a| 0.0285 | EV +0.938 | AE nan | Alpha 0.0100 | MB 24/24
  cert | viol 0.000 | dV -0.194140 | V 0.2214 | inball 0.611 | a*_q05 0.00771 | a*_q50 0.03361 | dV>=0 0.000 | n=150 | a_used 0.00419 -> 0.00433
  crit | n=1 | viol 0.331 | V 0.4296 | Vmin 0.1830 | agree +0.468 | a*_q05 -0.00555 | a*_q50 0.00656 | dV>=0 0.161 | beta 0.1000
  bell | direct viol 0.483 | direct dV>=0 0.447 | d_mean -0.00079 | d_std 0.02763 | d_q95 0.05977
[Episode 243/400] Steps: 720 | Reward:   -3.79 | Battery:  83.70% | Loss: -0.0483
Placing Sensors
[Episode 244/400] Steps: 720 | Reward:   -5.16 | Battery:  88.25% | Loss: 
Placing Sensors
Policy -0.0077 | Value 0.0048 | KL 0.01237 | CF 0.1543 | Std 0.1099 | |a| 0.0377 | EV +0.883 | AE nan | Alpha 0.0100 | MB 24/24
  cert | viol 0.036 | dV -0.222624 | V 0.2935 | inball 0.465 | a*_q05 0.00482 | a*_q50 0.02223 | dV>=0 0.000 | n=150 | a_used 0.00433 -> 0.00433
  crit | n=1 | viol 0.349 | V 0.5620 | Vmin 0.2086 | agree +0.550 | a*_q05 -0.00415 | a*_q50 0.00670 | dV>=0 0.174 | beta 0.1000
  bell | direct viol 0.505 | direct dV>=0 0.461 | d_mean -0.00165 | d_std 0.02864 | d_q95 0.05675
[Episode 245/400] Steps: 720 | Reward:   -3.91 | Battery:  69.79% | Loss: -0.0904
Placing Sensors
[Episode 246/400] Steps: 720 | Reward:   -4.19 | Battery:  63.86% | Loss: 
Placing Sensors
Policy -0.0051 | Value 0.0037 | KL 0.01373 | CF 0.1680 | Std 0.1099 | |a| 0.0369 | EV +0.915 | AE nan | Alpha 0.0100 | MB 24/24
  cert | viol 0.009 | dV -0.290905 | V 0.3213 | inball 0.595 | a*_q05 0.00810 | a*_q50 0.03798 | dV>=0 0.000 | n=150 | a_used 0.00433 -> 0.00452
  crit | n=1 | viol 0.509 | V 0.5095 | Vmin 0.2008 | agree +0.588 | a*_q05 -0.00721 | a*_q50 0.00384 | dV>=0 0.371 | beta 0.1000
  bell | direct viol 0.513 | direct dV>=0 0.447 | d_mean +0.00029 | d_std 0.02916 | d_q95 0.05899
[Episode 247/400] Steps: 720 | Reward:   -3.01 | Battery:  82.19% | Loss: 0.1020
Placing Sensors
[Episode 248/400] Steps: 720 | Reward:   -2.87 | Battery:  83.49% | Loss: 
Placing Sensors
Policy -0.0084 | Value 0.0043 | KL 0.01238 | CF 0.1398 | Std 0.1099 | |a| 0.0367 | EV +0.922 | AE nan | Alpha 0.0100 | MB 24/24
  cert | viol 0.000 | dV -0.234307 | V 0.2445 | inball 0.632 | a*_q05 0.01282 | a*_q50 0.04037 | dV>=0 0.000 | n=150 | a_used 0.00452 -> 0.00470
  crit | n=1 | viol 0.682 | V 0.4825 | Vmin 0.2018 | agree +0.567 | a*_q05 -0.00677 | a*_q50 0.00202 | dV>=0 0.401 | beta 0.1000
  bell | direct viol 0.505 | direct dV>=0 0.459 | d_mean +0.00118 | d_std 0.02878 | d_q95 0.05514
[Episode 249/400] Steps: 720 | Reward:   -3.58 | Battery:  71.82% | Loss: 0.0184
Placing Sensors
[Episode 250/400] Steps: 720 | Reward:   -2.50 | Battery:  82.25% | Loss: 
Placing Sensors
Policy -0.0081 | Value 0.0025 | KL 0.01361 | CF 0.1582 | Std 0.1099 | |a| 0.0419 | EV +0.929 | AE nan | Alpha 0.0100 | MB 24/24
  cert | viol 0.022 | dV -0.232340 | V 0.2559 | inball 0.621 | a*_q05 0.00746 | a*_q50 0.03620 | dV>=0 0.000 | n=150 | a_used 0.00470 -> 0.00487
  crit | n=1 | viol 0.612 | V 0.4656 | Vmin 0.1787 | agree +0.618 | a*_q05 -0.00521 | a*_q50 0.00356 | dV>=0 0.271 | beta 0.1000
  bell | direct viol 0.507 | direct dV>=0 0.464 | d_mean +0.00038 | d_std 0.03389 | d_q95 0.06985
[Episode 251/400] Steps: 720 | Reward:   -3.90 | Battery:  79.42% | Loss: -0.0202
Placing Sensors
[Episode 252/400] Steps: 720 | Reward:   -4.17 | Battery:  67.43% | Loss: 
Placing Sensors
Policy -0.0066 | Value 0.0029 | KL 0.01741 | CF 0.2016 | Std 0.1099 | |a| 0.0401 | EV +0.948 | AE nan | Alpha 0.0100 | MB 24/24
  cert | viol 0.000 | dV -0.220314 | V 0.2397 | inball 0.611 | a*_q05 0.00905 | a*_q50 0.03658 | dV>=0 0.000 | n=150 | a_used 0.00487 -> 0.00505
  crit | n=1 | viol 0.587 | V 0.4560 | Vmin 0.2017 | agree +0.527 | a*_q05 -0.00554 | a*_q50 0.00371 | dV>=0 0.262 | beta 0.1000
  bell | direct viol 0.510 | direct dV>=0 0.458 | d_mean +0.00046 | d_std 0.03021 | d_q95 0.06216
[Episode 253/400] Steps: 720 | Reward:   -2.17 | Battery:  80.36% | Loss: -0.1062
Placing Sensors
[Episode 254/400] Steps:  91 | Reward:  -17.39 | Battery:   0.00% | Loss: 
Placing Sensors
[Episode 255/400] Steps:  94 | Reward:  -17.20 | Battery:   0.00% | Loss: 
Placing Sensors
[Episode 256/400] Steps: 720 | Reward:   -4.07 | Battery:  74.69% | Loss: 
Placing Sensors
Policy -0.0045 | Value 0.0363 | KL 0.01621 | CF 0.1633 | Std 0.1100 | |a| 0.0412 | EV +0.703 | AE nan | Alpha 0.0100 | MB 28/28
  cert | viol 0.042 | dV -0.216108 | V 0.2542 | inball 0.475 | a*_q05 0.00545 | a*_q50 0.03234 | dV>=0 0.000 | n=150 | a_used 0.00505 -> 0.00506
  crit | n=1 | viol 0.516 | V 0.6013 | Vmin 0.1837 | agree +0.725 | a*_q05 -0.00539 | a*_q50 0.00467 | dV>=0 0.220 | beta 0.1000
  bell | direct viol 0.514 | direct dV>=0 0.474 | d_mean -0.00071 | d_std 0.04486 | d_q95 0.08815
[Episode 257/400] Steps: 720 | Reward:   -3.23 | Battery:  84.36% | Loss: -0.0040
Placing Sensors
[Episode 258/400] Steps: 720 | Reward:   -3.16 | Battery:  77.05% | Loss: 
Placing Sensors
Policy 0.0029 | Value 0.0075 | KL 0.01914 | CF 0.2158 | Std 0.1100 | |a| 0.0337 | EV +0.922 | AE nan | Alpha 0.0100 | MB 24/24
  cert | viol 0.000 | dV -0.239437 | V 0.2527 | inball 0.615 | a*_q05 0.01110 | a*_q50 0.03642 | dV>=0 0.000 | n=150 | a_used 0.00506 -> 0.00523
  crit | n=1 | viol 0.698 | V 0.5718 | Vmin 0.1601 | agree +0.397 | a*_q05 -0.00652 | a*_q50 0.00247 | dV>=0 0.359 | beta 0.1000
  bell | direct viol 0.497 | direct dV>=0 0.451 | d_mean +0.00241 | d_std 0.03567 | d_q95 0.07138
[Episode 259/400] Steps: 720 | Reward:   -3.13 | Battery:  72.92% | Loss: 0.1275
Placing Sensors
[Episode 260/400] Steps:  72 | Reward:  -17.65 | Battery:   0.00% | Loss: 
Placing Sensors
[Episode 261/400] Steps: 720 | Reward:   -4.15 | Battery:  82.33% | Loss: 
Placing Sensors
Policy 0.0042 | Value 0.0152 | KL 0.01609 | CF 0.1618 | Std 0.1100 | |a| 0.0404 | EV +0.809 | AE nan | Alpha 0.0100 | MB 24/24
  cert | viol 0.019 | dV -0.309970 | V 0.3490 | inball 0.553 | a*_q05 0.00647 | a*_q50 0.03679 | dV>=0 0.000 | n=150 | a_used 0.00523 -> 0.00529
  crit | n=1 | viol 0.563 | V 0.5952 | Vmin 0.1941 | agree +0.689 | a*_q05 -0.00713 | a*_q50 0.00405 | dV>=0 0.312 | beta 0.1000
  bell | direct viol 0.494 | direct dV>=0 0.457 | d_mean +0.00069 | d_std 0.05309 | d_q95 0.10668
[Episode 262/400] Steps: 720 | Reward:   -3.70 | Battery:  77.65% | Loss: 0.0098
Placing Sensors
[Episode 263/400] Steps: 720 | Reward:   -3.08 | Battery:  75.95% | Loss: 
Placing Sensors
Policy -0.0044 | Value 0.0056 | KL 0.01546 | CF 0.1760 | Std 0.1100 | |a| 0.0422 | EV +0.842 | AE nan | Alpha 0.0100 | MB 24/24
  cert | viol 0.000 | dV -0.212279 | V 0.2241 | inball 0.625 | a*_q05 0.01244 | a*_q50 0.03862 | dV>=0 0.000 | n=150 | a_used 0.00529 -> 0.00546
  crit | n=1 | viol 0.899 | V 0.4665 | Vmin 0.1706 | agree +0.654 | a*_q05 -0.00646 | a*_q50 0.00034 | dV>=0 0.487 | beta 0.1000
  bell | direct viol 0.498 | direct dV>=0 0.449 | d_mean +0.00254 | d_std 0.03169 | d_q95 0.06036
[Episode 264/400] Steps: 720 | Reward:   -2.86 | Battery:  81.20% | Loss: 0.0522
Placing Sensors
[Episode 265/400] Steps: 720 | Reward:   -5.61 | Battery:  75.49% | Loss: 
Placing Sensors
Policy -0.0080 | Value 0.0055 | KL 0.01451 | CF 0.1323 | Std 0.1100 | |a| 0.0438 | EV +0.910 | AE nan | Alpha 0.0100 | MB 24/24
  cert | viol 0.074 | dV -0.281698 | V 0.3469 | inball 0.461 | a*_q05 0.00481 | a*_q50 0.02947 | dV>=0 0.000 | n=150 | a_used 0.00546 -> 0.00541
  crit | n=1 | viol 0.412 | V 0.5852 | Vmin 0.1947 | agree +0.497 | a*_q05 -0.00611 | a*_q50 0.00720 | dV>=0 0.269 | beta 0.1000
  bell | direct viol 0.515 | direct dV>=0 0.463 | d_mean -0.00069 | d_std 0.03926 | d_q95 0.08130
[Episode 266/400] Steps: 720 | Reward:   -3.98 | Battery:  76.16% | Loss: -0.0073
Placing Sensors
[Episode 267/400] Steps: 720 | Reward:   -2.73 | Battery:  78.21% | Loss: 
Placing Sensors
Policy -0.0117 | Value 0.0032 | KL 0.01329 | CF 0.1409 | Std 0.1100 | |a| 0.0451 | EV +0.943 | AE nan | Alpha 0.0100 | MB 24/24
  cert | viol 0.002 | dV -0.214879 | V 0.2383 | inball 0.557 | a*_q05 0.00833 | a*_q50 0.03577 | dV>=0 0.000 | n=150 | a_used 0.00541 -> 0.00558
  crit | n=1 | viol 0.688 | V 0.5239 | Vmin 0.1399 | agree +0.289 | a*_q05 -0.00632 | a*_q50 0.00299 | dV>=0 0.339 | beta 0.1000
  bell | direct viol 0.521 | direct dV>=0 0.488 | d_mean +0.00050 | d_std 0.03985 | d_q95 0.08106
[Episode 268/400] Steps: 720 | Reward:   -3.98 | Battery:  60.36% | Loss: -0.0445
Placing Sensors
[Episode 269/400] Steps: 720 | Reward:   -3.51 | Battery:  79.62% | Loss: 
Placing Sensors
Policy -0.0102 | Value 0.0039 | KL 0.01798 | CF 0.1840 | Std 0.1100 | |a| 0.0416 | EV +0.905 | AE nan | Alpha 0.0100 | MB 24/24
  cert | viol 0.000 | dV -0.231497 | V 0.2482 | inball 0.656 | a*_q05 0.01119 | a*_q50 0.03884 | dV>=0 0.000 | n=150 | a_used 0.00558 -> 0.00572
  crit | n=1 | viol 0.726 | V 0.4212 | Vmin 0.1477 | agree +0.706 | a*_q05 -0.00745 | a*_q50 0.00203 | dV>=0 0.343 | beta 0.1000
  bell | direct viol 0.484 | direct dV>=0 0.439 | d_mean +0.00115 | d_std 0.03549 | d_q95 0.06989
[Episode 270/400] Steps: 720 | Reward:   -1.71 | Battery:  87.38% | Loss: 0.1109
Placing Sensors
[Episode 271/400] Steps: 720 | Reward:   -3.02 | Battery:  75.14% | Loss: 
Placing Sensors
Policy -0.0059 | Value 0.0022 | KL 0.01369 | CF 0.1473 | Std 0.1099 | |a| 0.0456 | EV +0.937 | AE nan | Alpha 0.0100 | MB 24/24
  cert | viol 0.000 | dV -0.206728 | V 0.2285 | inball 0.607 | a*_q05 0.00848 | a*_q50 0.03419 | dV>=0 0.000 | n=150 | a_used 0.00572 -> 0.00579
  crit | n=1 | viol 0.717 | V 0.4538 | Vmin 0.1735 | agree +0.573 | a*_q05 -0.00613 | a*_q50 0.00328 | dV>=0 0.281 | beta 0.1000
  bell | direct viol 0.506 | direct dV>=0 0.469 | d_mean +0.00073 | d_std 0.02848 | d_q95 0.05555
[Episode 272/400] Steps: 720 | Reward:   -2.66 | Battery:  86.46% | Loss: 0.0882
Placing Sensors
[Episode 273/400] Steps: 720 | Reward:   -2.81 | Battery:  75.79% | Loss: 
Placing Sensors
Policy -0.0161 | Value 0.0047 | KL 0.01251 | CF 0.1539 | Std 0.1099 | |a| 0.0438 | EV +0.907 | AE nan | Alpha 0.0100 | MB 24/24
  cert | viol 0.041 | dV -0.246224 | V 0.2764 | inball 0.597 | a*_q05 0.00740 | a*_q50 0.03488 | dV>=0 0.000 | n=150 | a_used 0.00579 -> 0.00590
  crit | n=1 | viol 0.502 | V 0.4739 | Vmin 0.1757 | agree +0.422 | a*_q05 -0.00614 | a*_q50 0.00574 | dV>=0 0.290 | beta 0.1000
  bell | direct viol 0.515 | direct dV>=0 0.472 | d_mean -0.00001 | d_std 0.03500 | d_q95 0.07044
[Episode 274/400] Steps: 720 | Reward:   -4.11 | Battery:  80.35% | Loss: 0.0640
Placing Sensors
[Episode 275/400] Steps: 720 | Reward:   -2.68 | Battery:  88.40% | Loss: 
Placing Sensors
Policy -0.0103 | Value 0.0036 | KL 0.01432 | CF 0.1675 | Std 0.1099 | |a| 0.0465 | EV +0.928 | AE nan | Alpha 0.0100 | MB 24/24
  cert | viol 0.019 | dV -0.248425 | V 0.2675 | inball 0.653 | a*_q05 0.01001 | a*_q50 0.03919 | dV>=0 0.000 | n=150 | a_used 0.00590 -> 0.00606
  crit | n=1 | viol 0.703 | V 0.4159 | Vmin 0.1420 | agree +0.640 | a*_q05 -0.00580 | a*_q50 0.00346 | dV>=0 0.266 | beta 0.1000
  bell | direct viol 0.523 | direct dV>=0 0.468 | d_mean +0.00125 | d_std 0.03534 | d_q95 0.06995
[Episode 276/400] Steps: 720 | Reward:   -2.94 | Battery:  78.47% | Loss: -0.0815
Placing Sensors
[Episode 277/400] Steps:  80 | Reward:  -17.53 | Battery:   0.00% | Loss: 
Placing Sensors
[Episode 278/400] Steps: 720 | Reward:   -2.80 | Battery:  79.55% | Loss: 
Placing Sensors
Policy -0.0023 | Value 0.0140 | KL 0.01875 | CF 0.2177 | Std 0.1099 | |a| 0.0494 | EV +0.763 | AE nan | Alpha 0.0100 | MB 24/24
  cert | viol 0.000 | dV -0.249260 | V 0.2606 | inball 0.616 | a*_q05 0.01238 | a*_q50 0.04041 | dV>=0 0.000 | n=150 | a_used 0.00606 -> 0.00621
  crit | n=1 | viol 0.667 | V 0.4570 | Vmin 0.1779 | agree +0.804 | a*_q05 -0.00533 | a*_q50 0.00352 | dV>=0 0.312 | beta 0.1000
  bell | direct viol 0.498 | direct dV>=0 0.448 | d_mean +0.00081 | d_std 0.04231 | d_q95 0.08333
[Episode 279/400] Steps: 720 | Reward:   -3.12 | Battery:  81.56% | Loss: -0.0413
Placing Sensors
[Episode 280/400] Steps: 720 | Reward:   -4.69 | Battery:  80.82% | Loss: 
Placing Sensors
Policy -0.0069 | Value 0.0053 | KL 0.01840 | CF 0.2011 | Std 0.1099 | |a| 0.0464 | EV +0.851 | AE nan | Alpha 0.0100 | MB 24/24
  cert | viol 0.055 | dV -0.240917 | V 0.2736 | inball 0.601 | a*_q05 0.00706 | a*_q50 0.03448 | dV>=0 0.000 | n=150 | a_used 0.00621 -> 0.00629
  crit | n=1 | viol 0.549 | V 0.4188 | Vmin 0.1539 | agree +0.674 | a*_q05 -0.00462 | a*_q50 0.00537 | dV>=0 0.205 | beta 0.1000
  bell | direct viol 0.522 | direct dV>=0 0.480 | d_mean -0.00052 | d_std 0.03949 | d_q95 0.07851
[Episode 281/400] Steps: 720 | Reward:   -2.33 | Battery:  83.07% | Loss: -0.0481
Placing Sensors
[Episode 282/400] Steps: 720 | Reward:   -2.87 | Battery:  79.99% | Loss: 
Placing Sensors
[Episode 283/400] Steps:  72 | Reward:  -17.64 | Battery:   0.00% | Loss: 
Placing Sensors
Policy -0.0004 | Value 0.0147 | KL 0.01799 | CF 0.1709 | Std 0.1099 | |a| 0.0487 | EV +0.817 | AE nan | Alpha 0.0100 | MB 24/24
  cert | viol 0.000 | dV -0.207080 | V 0.2169 | inball 0.639 | a*_q05 0.01288 | a*_q50 0.03957 | dV>=0 0.000 | n=150 | a_used 0.00629 -> 0.00644
  crit | n=1 | viol 0.621 | V 0.4378 | Vmin 0.1548 | agree +0.697 | a*_q05 -0.00524 | a*_q50 0.00442 | dV>=0 0.278 | beta 0.1000
  bell | direct viol 0.495 | direct dV>=0 0.459 | d_mean +0.00271 | d_std 0.04351 | d_q95 0.07764
[Episode 284/400] Steps: 720 | Reward:   -2.27 | Battery:  81.91% | Loss: 0.0400
Placing Sensors
[Episode 285/400] Steps: 720 | Reward:   -3.47 | Battery:  84.51% | Loss: 
Placing Sensors
[Episode 286/400] Steps:  62 | Reward:  -17.64 | Battery:   0.00% | Loss: 
Placing Sensors
Policy -0.0031 | Value 0.0113 | KL 0.01772 | CF 0.1637 | Std 0.1100 | |a| 0.0535 | EV +0.877 | AE nan | Alpha 0.0100 | MB 24/24
  cert | viol 0.010 | dV -0.282738 | V 0.3083 | inball 0.570 | a*_q05 0.00904 | a*_q50 0.03621 | dV>=0 0.000 | n=150 | a_used 0.00644 -> 0.00658
  crit | n=1 | viol 0.376 | V 0.4868 | Vmin 0.1400 | agree +0.682 | a*_q05 -0.00411 | a*_q50 0.00885 | dV>=0 0.162 | beta 0.1000
  bell | direct viol 0.510 | direct dV>=0 0.467 | d_mean -0.00217 | d_std 0.04563 | d_q95 0.08895
[Episode 287/400] Steps: 720 | Reward:   -3.90 | Battery:  79.81% | Loss: -0.0567
Placing Sensors
[Episode 288/400] Steps: 720 | Reward:   -3.81 | Battery:  78.25% | Loss: 
Placing Sensors
Policy -0.0036 | Value 0.0063 | KL 0.01846 | CF 0.1818 | Std 0.1100 | |a| 0.0485 | EV +0.858 | AE nan | Alpha 0.0100 | MB 24/24
  cert | viol 0.000 | dV -0.255095 | V 0.2748 | inball 0.583 | a*_q05 0.01042 | a*_q50 0.03678 | dV>=0 0.000 | n=150 | a_used 0.00658 -> 0.00670
  crit | n=1 | viol 0.516 | V 0.4639 | Vmin 0.1846 | agree +0.393 | a*_q05 -0.00582 | a*_q50 0.00625 | dV>=0 0.302 | beta 0.1000
  bell | direct viol 0.511 | direct dV>=0 0.471 | d_mean -0.00107 | d_std 0.03649 | d_q95 0.07482
[Episode 289/400] Steps: 720 | Reward:   -3.64 | Battery:  73.23% | Loss: 0.0212
Placing Sensors
[Episode 290/400] Steps: 720 | Reward:   -3.95 | Battery:  75.97% | Loss: 
Placing Sensors
[Episode 291/400] Steps:  83 | Reward:  -17.40 | Battery:   0.00% | Loss: 
Placing Sensors
Policy -0.0068 | Value 0.0266 | KL 0.02616 | CF 0.1894 | Std 0.1100 | |a| 0.0505 | EV +0.738 | AE nan | Alpha 0.0100 | MB 24/24
  cert | viol 0.000 | dV -0.277903 | V 0.2944 | inball 0.571 | a*_q05 0.01223 | a*_q50 0.04046 | dV>=0 0.000 | n=150 | a_used 0.00670 -> 0.00683
  crit | n=1 | viol 0.547 | V 0.4759 | Vmin 0.1392 | agree +0.632 | a*_q05 -0.00500 | a*_q50 0.00590 | dV>=0 0.255 | beta 0.1000
  bell | direct viol 0.511 | direct dV>=0 0.470 | d_mean -0.00019 | d_std 0.05356 | d_q95 0.10832
[Episode 292/400] Steps: 720 | Reward:   -3.00 | Battery:  69.00% | Loss: 0.0006
Placing Sensors
[Episode 293/400] Steps: 720 | Reward:   -4.96 | Battery:  63.15% | Loss: 
Placing Sensors
Policy -0.0135 | Value 0.0077 | KL 0.01431 | CF 0.1521 | Std 0.1100 | |a| 0.0518 | EV +0.869 | AE nan | Alpha 0.0100 | MB 24/24
  cert | viol 0.117 | dV -0.182327 | V 0.2271 | inball 0.467 | a*_q05 0.00578 | a*_q50 0.02603 | dV>=0 0.000 | n=150 | a_used 0.00683 -> 0.00681
  crit | n=1 | viol 0.507 | V 0.5196 | Vmin 0.1828 | agree +0.264 | a*_q05 -0.00490 | a*_q50 0.00676 | dV>=0 0.188 | beta 0.1000
  bell | direct viol 0.527 | direct dV>=0 0.491 | d_mean -0.00164 | d_std 0.04754 | d_q95 0.10348
[Episode 294/400] Steps: 720 | Reward:   -3.49 | Battery:  79.66% | Loss: -0.0710
Placing Sensors
[Episode 295/400] Steps: 720 | Reward:   -4.70 | Battery:  65.06% | Loss: 
Placing Sensors
Policy -0.0029 | Value 0.0080 | KL 0.01845 | CF 0.1925 | Std 0.1100 | |a| 0.0572 | EV +0.920 | AE nan | Alpha 0.0100 | MB 18/24
  cert | viol 0.036 | dV -0.256332 | V 0.2869 | inball 0.545 | a*_q05 0.00769 | a*_q50 0.03361 | dV>=0 0.000 | n=150 | a_used 0.00681 -> 0.00682
  crit | n=1 | viol 0.823 | V 0.5899 | Vmin 0.1932 | agree +0.529 | a*_q05 -0.00658 | a*_q50 0.00169 | dV>=0 0.401 | beta 0.1000
  bell | direct viol 0.507 | direct dV>=0 0.447 | d_mean +0.00187 | d_std 0.04803 | d_q95 0.09609
[Episode 296/400] Steps: 720 | Reward:   -3.43 | Battery:  75.38% | Loss: 0.0885
Placing Sensors
[Episode 297/400] Steps: 720 | Reward:   -3.07 | Battery:  73.61% | Loss: 
Placing Sensors
Policy -0.0134 | Value 0.0055 | KL 0.02323 | CF 0.1985 | Std 0.1100 | |a| 0.0541 | EV +0.902 | AE nan | Alpha 0.0100 | MB 24/24
  cert | viol 0.006 | dV -0.277779 | V 0.2934 | inball 0.628 | a*_q05 0.01220 | a*_q50 0.03865 | dV>=0 0.000 | n=150 | a_used 0.00682 -> 0.00695
  crit | n=1 | viol 0.647 | V 0.4797 | Vmin 0.1626 | agree +0.503 | a*_q05 -0.00617 | a*_q50 0.00425 | dV>=0 0.311 | beta 0.1000
  bell | direct viol 0.509 | direct dV>=0 0.479 | d_mean +0.00158 | d_std 0.05144 | d_q95 0.10053
[Episode 298/400] Steps: 720 | Reward:   -3.89 | Battery:  79.81% | Loss: -0.0966
Placing Sensors
[Episode 299/400] Steps: 720 | Reward:   -3.94 | Battery:  81.99% | Loss: 
Placing Sensors
Policy -0.0042 | Value 0.0060 | KL 0.01718 | CF 0.1929 | Std 0.1100 | |a| 0.0544 | EV +0.896 | AE nan | Alpha 0.0100 | MB 18/24
  cert | viol 0.002 | dV -0.234423 | V 0.2578 | inball 0.523 | a*_q05 0.00982 | a*_q50 0.03343 | dV>=0 0.000 | n=150 | a_used 0.00695 -> 0.00708
  crit | n=1 | viol 0.578 | V 0.4931 | Vmin 0.2260 | agree +0.346 | a*_q05 -0.00594 | a*_q50 0.00511 | dV>=0 0.314 | beta 0.1000
  bell | direct viol 0.538 | direct dV>=0 0.490 | d_mean -0.00070 | d_std 0.03739 | d_q95 0.07786
[Episode 300/400] Steps: 720 | Reward:   -3.74 | Battery:  70.25% | Loss: 0.1021
Placing Sensors
[Episode 301/400] Steps: 720 | Reward:   -4.94 | Battery:  75.78% | Loss: 
Placing Sensors
Policy 0.0016 | Value 0.0092 | KL 0.02542 | CF 0.2532 | Std 0.1100 | |a| 0.0599 | EV +0.876 | AE nan | Alpha 0.0100 | MB 18/24
  cert | viol 0.160 | dV -0.314456 | V 0.3881 | inball 0.492 | a*_q05 0.00238 | a*_q50 0.03314 | dV>=0 0.012 | n=150 | a_used 0.00708 -> 0.00688
  crit | n=1 | viol 0.535 | V 0.5882 | Vmin 0.1822 | agree +0.556 | a*_q05 -0.00605 | a*_q50 0.00623 | dV>=0 0.299 | beta 0.1000
  bell | direct viol 0.530 | direct dV>=0 0.475 | d_mean -0.00203 | d_std 0.04917 | d_q95 0.09967
[Episode 302/400] Steps: 720 | Reward:   -5.08 | Battery:  67.03% | Loss: -0.0141
Placing Sensors
[Episode 303/400] Steps: 720 | Reward:   -4.62 | Battery:  65.83% | Loss: 
Placing Sensors
Policy 0.0024 | Value 0.0049 | KL 0.01758 | CF 0.1727 | Std 0.1100 | |a| 0.0615 | EV +0.901 | AE nan | Alpha 0.0100 | MB 24/24
  cert | viol 0.201 | dV -0.192979 | V 0.2404 | inball 0.471 | a*_q05 -0.00747 | a*_q50 0.02773 | dV>=0 0.073 | n=150 | a_used 0.00688 -> 0.00654
  crit | n=1 | viol 0.776 | V 0.5283 | Vmin 0.1838 | agree +0.492 | a*_q05 -0.00602 | a*_q50 0.00339 | dV>=0 0.302 | beta 0.1000
  bell | direct viol 0.530 | direct dV>=0 0.475 | d_mean -0.00048 | d_std 0.03910 | d_q95 0.07919
[Episode 304/400] Steps: 720 | Reward:   -3.43 | Battery:  76.77% | Loss: 0.1086
Placing Sensors
[Episode 305/400] Steps: 720 | Reward:   -7.63 | Battery:  84.42% | Loss: 
Placing Sensors
Policy -0.0022 | Value 0.0127 | KL 0.02126 | CF 0.1829 | Std 0.1100 | |a| 0.0701 | EV +0.747 | AE nan | Alpha 0.0100 | MB 24/24
  cert | viol 0.285 | dV -0.199865 | V 0.3972 | inball 0.426 | a*_q05 -0.00341 | a*_q50 0.01748 | dV>=0 0.162 | n=150 | a_used 0.00654 -> 0.00621
  crit | n=1 | viol 0.448 | V 0.6165 | Vmin 0.1987 | agree +0.608 | a*_q05 -0.00433 | a*_q50 0.00776 | dV>=0 0.176 | beta 0.1000
  bell | direct viol 0.541 | direct dV>=0 0.495 | d_mean -0.00402 | d_std 0.05851 | d_q95 0.12216
[Episode 306/400] Steps: 720 | Reward:   -4.33 | Battery:  80.36% | Loss: 0.0579
Placing Sensors
[Episode 307/400] Steps: 720 | Reward:   -5.12 | Battery:  77.53% | Loss: 
Placing Sensors
Policy -0.0078 | Value 0.0112 | KL 0.02095 | CF 0.1845 | Std 0.1100 | |a| 0.0765 | EV +0.822 | AE nan | Alpha 0.0100 | MB 24/24
  cert | viol 0.113 | dV -0.191607 | V 0.2627 | inball 0.492 | a*_q05 0.00249 | a*_q50 0.02260 | dV>=0 0.020 | n=150 | a_used 0.00621 -> 0.00582
  crit | n=1 | viol 0.701 | V 0.6046 | Vmin 0.2547 | agree +0.521 | a*_q05 -0.00716 | a*_q50 0.00282 | dV>=0 0.280 | beta 0.1000
  bell | direct viol 0.518 | direct dV>=0 0.483 | d_mean -0.00058 | d_std 0.06240 | d_q95 0.13149
[Episode 308/400] Steps: 720 | Reward:   -3.55 | Battery:  76.13% | Loss: 0.0096
Placing Sensors
[Episode 309/400] Steps: 720 | Reward:   -4.19 | Battery:  81.34% | Loss: 
Placing Sensors
Policy -0.0044 | Value 0.0053 | KL 0.01918 | CF 0.1705 | Std 0.1100 | |a| 0.0752 | EV +0.869 | AE nan | Alpha 0.0100 | MB 24/24
  cert | viol 0.063 | dV -0.193895 | V 0.2280 | inball 0.521 | a*_q05 0.00606 | a*_q50 0.02590 | dV>=0 0.000 | n=150 | a_used 0.00582 -> 0.00587
  crit | n=1 | viol 0.848 | V 0.6162 | Vmin 0.2961 | agree +0.610 | a*_q05 -0.00533 | a*_q50 0.00166 | dV>=0 0.352 | beta 0.1000
  bell | direct viol 0.518 | direct dV>=0 0.471 | d_mean +0.00111 | d_std 0.04394 | d_q95 0.08737
[Episode 310/400] Steps: 720 | Reward:   -4.13 | Battery:  73.96% | Loss: 0.1797
Placing Sensors
[Episode 311/400] Steps: 720 | Reward:   -4.95 | Battery:  72.45% | Loss: 
Placing Sensors
Policy -0.0001 | Value 0.0066 | KL 0.01378 | CF 0.1560 | Std 0.1099 | |a| 0.0807 | EV +0.842 | AE nan | Alpha 0.0100 | MB 24/24
  cert | viol 0.148 | dV -0.195889 | V 0.2613 | inball 0.393 | a*_q05 0.00192 | a*_q50 0.02056 | dV>=0 0.003 | n=150 | a_used 0.00587 -> 0.00556
  crit | n=1 | viol 0.670 | V 0.5965 | Vmin 0.3389 | agree +0.460 | a*_q05 -0.00417 | a*_q50 0.00345 | dV>=0 0.283 | beta 0.1000
  bell | direct viol 0.535 | direct dV>=0 0.471 | d_mean -0.00121 | d_std 0.03795 | d_q95 0.07808
[Episode 312/400] Steps: 720 | Reward:   -5.21 | Battery:  68.56% | Loss: 0.0323
Placing Sensors
[Episode 313/400] Steps: 720 | Reward:   -3.23 | Battery:  74.61% | Loss: 
Placing Sensors
Policy -0.0091 | Value 0.0079 | KL 0.01086 | CF 0.1190 | Std 0.1099 | |a| 0.0735 | EV +0.848 | AE nan | Alpha 0.0100 | MB 24/24
  cert | viol 0.398 | dV -0.149038 | V 0.2355 | inball 0.282 | a*_q05 -0.00246 | a*_q50 0.00698 | dV>=0 0.120 | n=150 | a_used 0.00556 -> 0.00529
  crit | n=1 | viol 0.652 | V 0.6760 | Vmin 0.3265 | agree +0.443 | a*_q05 -0.00527 | a*_q50 0.00276 | dV>=0 0.338 | beta 0.1000
  bell | direct viol 0.566 | direct dV>=0 0.506 | d_mean -0.00140 | d_std 0.03517 | d_q95 0.07296
[Episode 314/400] Steps: 720 | Reward:   -6.73 | Battery:  55.50% | Loss: 0.0767
Placing Sensors
[Episode 315/400] Steps: 720 | Reward:   -4.93 | Battery:  71.01% | Loss: 
Placing Sensors
Policy -0.0065 | Value 0.0058 | KL 0.00919 | CF 0.0951 | Std 0.1099 | |a| 0.0743 | EV +0.886 | AE nan | Alpha 0.0100 | MB 24/24
  cert | viol 0.172 | dV -0.262067 | V 0.3485 | inball 0.525 | a*_q05 0.00147 | a*_q50 0.02987 | dV>=0 0.009 | n=150 | a_used 0.00529 -> 0.00471
  crit | n=1 | viol 0.568 | V 0.6057 | Vmin 0.1955 | agree +0.550 | a*_q05 -0.00642 | a*_q50 0.00413 | dV>=0 0.279 | beta 0.1000
  bell | direct viol 0.533 | direct dV>=0 0.481 | d_mean -0.00144 | d_std 0.04264 | d_q95 0.08587
[Episode 316/400] Steps: 720 | Reward:   -4.06 | Battery:  76.26% | Loss: -0.0289
Placing Sensors
[Episode 317/400] Steps: 720 | Reward:   -4.25 | Battery:  66.48% | Loss: 
Placing Sensors
Policy -0.0053 | Value 0.0052 | KL 0.01002 | CF 0.1036 | Std 0.1099 | |a| 0.0772 | EV +0.894 | AE nan | Alpha 0.0100 | MB 24/24
  cert | viol 0.138 | dV -0.183102 | V 0.2440 | inball 0.463 | a*_q05 0.00257 | a*_q50 0.02180 | dV>=0 0.000 | n=150 | a_used 0.00471 -> 0.00456
  crit | n=1 | viol 0.717 | V 0.6195 | Vmin 0.2859 | agree +0.533 | a*_q05 -0.00372 | a*_q50 0.00271 | dV>=0 0.283 | beta 0.1000
  bell | direct viol 0.532 | direct dV>=0 0.483 | d_mean -0.00047 | d_std 0.03838 | d_q95 0.07829
[Episode 318/400] Steps: 720 | Reward:   -5.15 | Battery:  84.90% | Loss: 0.0635
Placing Sensors
[Episode 319/400] Steps: 720 | Reward:   -5.73 | Battery:  71.73% | Loss: 
Placing Sensors
Policy -0.0113 | Value 0.0075 | KL 0.01662 | CF 0.1613 | Std 0.1099 | |a| 0.0801 | EV +0.848 | AE nan | Alpha 0.0100 | MB 24/24
  cert | viol 0.181 | dV -0.261419 | V 0.3624 | inball 0.468 | a*_q05 -0.00009 | a*_q50 0.03229 | dV>=0 0.076 | n=150 | a_used 0.00456 -> 0.00433
  crit | n=1 | viol 0.700 | V 0.6920 | Vmin 0.2609 | agree +0.609 | a*_q05 -0.00637 | a*_q50 0.00111 | dV>=0 0.453 | beta 0.1000
  bell | direct viol 0.565 | direct dV>=0 0.518 | d_mean -0.00036 | d_std 0.04423 | d_q95 0.09293
[Episode 320/400] Steps: 720 | Reward:   -4.00 | Battery:  61.50% | Loss: -0.0590
Placing Sensors
[Episode 321/400] Steps: 720 | Reward:   -3.62 | Battery:  83.44% | Loss: 
Placing Sensors
Policy -0.0036 | Value 0.0101 | KL 0.00714 | CF 0.0875 | Std 0.1099 | |a| 0.0830 | EV +0.791 | AE nan | Alpha 0.0100 | MB 24/24
  cert | viol 0.131 | dV -0.161951 | V 0.2520 | inball 0.431 | a*_q05 0.00077 | a*_q50 0.01852 | dV>=0 0.045 | n=150 | a_used 0.00433 -> 0.00411
  crit | n=1 | viol 0.629 | V 0.7242 | Vmin 0.2961 | agree +0.520 | a*_q05 -0.00502 | a*_q50 0.00255 | dV>=0 0.320 | beta 0.1000
  bell | direct viol 0.521 | direct dV>=0 0.472 | d_mean -0.00101 | d_std 0.03830 | d_q95 0.08080
[Episode 322/400] Steps: 720 | Reward:   -6.01 | Battery:  75.92% | Loss: 0.0024
Placing Sensors
[Episode 323/400] Steps: 720 | Reward:   -5.37 | Battery:  77.70% | Loss: 
Placing Sensors
[Episode 324/400] Steps:  84 | Reward:  -17.52 | Battery:   0.00% | Loss: 
Placing Sensors
Policy 0.0047 | Value 0.0216 | KL 0.02339 | CF 0.1317 | Std 0.1099 | |a| 0.0777 | EV +0.771 | AE nan | Alpha 0.0100 | MB 24/24
  cert | viol 0.122 | dV -0.261947 | V 0.3536 | inball 0.465 | a*_q05 0.00205 | a*_q50 0.02792 | dV>=0 0.022 | n=150 | a_used 0.00411 -> 0.00394
  crit | n=1 | viol 0.491 | V 0.7236 | Vmin 0.2920 | agree +0.604 | a*_q05 -0.00576 | a*_q50 0.00435 | dV>=0 0.291 | beta 0.1000
  bell | direct viol 0.515 | direct dV>=0 0.489 | d_mean -0.00160 | d_std 0.06090 | d_q95 0.12869
[Episode 325/400] Steps: 720 | Reward:   -4.68 | Battery:  71.69% | Loss: -0.0379
Placing Sensors
[Episode 326/400] Steps: 120 | Reward:  -17.47 | Battery:   0.00% | Loss: 
Placing Sensors
[Episode 327/400] Steps:  99 | Reward:  -17.47 | Battery:   0.00% | Loss: 
Placing Sensors
[Episode 328/400] Steps: 720 | Reward:   -4.02 | Battery:  74.04% | Loss: 
Placing Sensors
Policy 0.0169 | Value 0.0292 | KL 0.02477 | CF 0.1176 | Std 0.1099 | |a| 0.0879 | EV +0.802 | AE nan | Alpha 0.0100 | MB 14/28
  cert | viol 0.033 | dV -0.220675 | V 0.2809 | inball 0.427 | a*_q05 0.00600 | a*_q50 0.02397 | dV>=0 0.000 | n=150 | a_used 0.00394 -> 0.00402
  crit | n=1 | viol 0.786 | V 0.8642 | Vmin 0.2702 | agree +0.819 | a*_q05 -0.00585 | a*_q50 0.00071 | dV>=0 0.415 | beta 0.1000
  bell | direct viol 0.516 | direct dV>=0 0.493 | d_mean +0.00115 | d_std 0.11305 | d_q95 0.23804
[Episode 329/400] Steps: 720 | Reward:   -5.14 | Battery:  78.89% | Loss: -0.0020
Placing Sensors
[Episode 330/400] Steps: 720 | Reward:   -6.36 | Battery:  71.48% | Loss: 
Placing Sensors
Policy -0.0087 | Value 0.0093 | KL 0.01020 | CF 0.0959 | Std 0.1099 | |a| 0.0909 | EV +0.891 | AE nan | Alpha 0.0100 | MB 24/24
  cert | viol 0.172 | dV -0.247778 | V 0.3825 | inball 0.391 | a*_q05 -0.00158 | a*_q50 0.02374 | dV>=0 0.079 | n=150 | a_used 0.00402 -> 0.00382
  crit | n=1 | viol 0.477 | V 0.6820 | Vmin 0.3030 | agree +0.605 | a*_q05 -0.00557 | a*_q50 0.00457 | dV>=0 0.303 | beta 0.1000
  bell | direct viol 0.510 | direct dV>=0 0.476 | d_mean -0.00157 | d_std 0.05239 | d_q95 0.10409
[Episode 331/400] Steps: 720 | Reward:   -5.13 | Battery:  73.26% | Loss: 0.1370
Placing Sensors
[Episode 332/400] Steps: 720 | Reward:   -6.30 | Battery:  57.92% | Loss: 
Placing Sensors
Policy -0.0094 | Value 0.0128 | KL 0.01259 | CF 0.1344 | Std 0.1099 | |a| 0.0857 | EV +0.857 | AE nan | Alpha 0.0100 | MB 24/24
  cert | viol 0.161 | dV -0.228379 | V 0.3546 | inball 0.472 | a*_q05 0.00001 | a*_q50 0.02698 | dV>=0 0.055 | n=150 | a_used 0.00382 -> 0.00348
  crit | n=1 | viol 0.649 | V 0.7372 | Vmin 0.2775 | agree +0.561 | a*_q05 -0.00745 | a*_q50 -0.00009 | dV>=0 0.507 | beta 0.1000
  bell | direct viol 0.506 | direct dV>=0 0.474 | d_mean +0.00048 | d_std 0.05819 | d_q95 0.12813
[Episode 333/400] Steps: 720 | Reward:   -3.44 | Battery:  74.00% | Loss: -0.0107
Placing Sensors
[Episode 334/400] Steps: 720 | Reward:   -5.57 | Battery:  72.72% | Loss: 
Placing Sensors
[Episode 335/400] Steps:  89 | Reward:  -17.31 | Battery:   0.00% | Loss: 
Placing Sensors
Policy -0.0089 | Value 0.0196 | KL 0.01783 | CF 0.1316 | Std 0.1099 | |a| 0.0886 | EV +0.825 | AE nan | Alpha 0.0100 | MB 24/24
  cert | viol 0.260 | dV -0.201622 | V 0.3526 | inball 0.368 | a*_q05 0.00023 | a*_q50 0.01833 | dV>=0 0.044 | n=150 | a_used 0.00348 -> 0.00331
  crit | n=1 | viol 0.564 | V 0.8671 | Vmin 0.3275 | agree +0.612 | a*_q05 -0.00574 | a*_q50 0.00264 | dV>=0 0.296 | beta 0.1000
  bell | direct viol 0.509 | direct dV>=0 0.482 | d_mean -0.00115 | d_std 0.06012 | d_q95 0.12712
[Episode 336/400] Steps: 720 | Reward:   -6.56 | Battery:  77.49% | Loss: 0.0206
Placing Sensors
[Episode 337/400] Steps: 122 | Reward:  -17.46 | Battery:   0.00% | Loss: 
Placing Sensors
[Episode 338/400] Steps: 720 | Reward:   -4.65 | Battery:  71.23% | Loss: 
Placing Sensors
Policy 0.0189 | Value 0.0336 | KL 0.03015 | CF 0.1343 | Std 0.1099 | |a| 0.0930 | EV +0.800 | AE nan | Alpha 0.0100 | MB 14/28
  cert | viol 0.010 | dV -0.216287 | V 0.2842 | inball 0.407 | a*_q05 0.00461 | a*_q50 0.02433 | dV>=0 0.000 | n=150 | a_used 0.00331 -> 0.00341
  crit | n=1 | viol 0.640 | V 0.8282 | Vmin 0.2668 | agree +0.693 | a*_q05 -0.00579 | a*_q50 0.00139 | dV>=0 0.404 | beta 0.1000
  bell | direct viol 0.532 | direct dV>=0 0.495 | d_mean +0.00127 | d_std 0.05830 | d_q95 0.12439
[Episode 339/400] Steps: 720 | Reward:   -5.77 | Battery:  56.42% | Loss: 0.5327
Placing Sensors
[Episode 340/400] Steps: 720 | Reward:   -4.45 | Battery:  68.74% | Loss: 
Placing Sensors
Policy 0.0079 | Value 0.0106 | KL 0.01994 | CF 0.1437 | Std 0.1099 | |a| 0.0879 | EV +0.781 | AE nan | Alpha 0.0100 | MB 24/24
  cert | viol 0.082 | dV -0.168565 | V 0.2108 | inball 0.451 | a*_q05 -0.00801 | a*_q50 0.02602 | dV>=0 0.063 | n=150 | a_used 0.00341 -> 0.00324
  crit | n=1 | viol 0.837 | V 0.7521 | Vmin 0.3358 | agree +0.514 | a*_q05 -0.00590 | a*_q50 -0.00183 | dV>=0 0.625 | beta 0.1000
  bell | direct viol 0.506 | direct dV>=0 0.481 | d_mean +0.00235 | d_std 0.05759 | d_q95 0.12375
[Episode 341/400] Steps: 720 | Reward:   -4.59 | Battery:  66.32% | Loss: 0.0007
Placing Sensors
[Episode 342/400] Steps: 720 | Reward:   -6.33 | Battery:  75.52% | Loss: 
Placing Sensors
Policy -0.0098 | Value 0.0068 | KL 0.01448 | CF 0.1440 | Std 0.1099 | |a| 0.0943 | EV +0.900 | AE nan | Alpha 0.0100 | MB 24/24
  cert | viol 0.230 | dV -0.192711 | V 0.3137 | inball 0.306 | a*_q05 0.00026 | a*_q50 0.01575 | dV>=0 0.027 | n=150 | a_used 0.00324 -> 0.00286
  crit | n=1 | viol 0.482 | V 0.7136 | Vmin 0.3155 | agree +0.500 | a*_q05 -0.00496 | a*_q50 0.00365 | dV>=0 0.312 | beta 0.1000
  bell | direct viol 0.505 | direct dV>=0 0.470 | d_mean -0.00136 | d_std 0.04011 | d_q95 0.08320
[Episode 343/400] Steps: 720 | Reward:   -5.55 | Battery:  71.88% | Loss: -0.0551
Placing Sensors
[Episode 344/400] Steps: 104 | Reward:  -17.37 | Battery:   0.00% | Loss: 
Placing Sensors
[Episode 345/400] Steps: 720 | Reward:   -5.82 | Battery:  80.13% | Loss: 
Placing Sensors
Policy -0.0271 | Value 0.0200 | KL 0.01400 | CF 0.1390 | Std 0.1099 | |a| 0.0917 | EV +0.806 | AE nan | Alpha 0.0100 | MB 28/28
  cert | viol 0.185 | dV -0.191342 | V 0.3087 | inball 0.322 | a*_q05 0.00027 | a*_q50 0.01760 | dV>=0 0.053 | n=150 | a_used 0.00286 -> 0.00271
  crit | n=1 | viol 0.584 | V 0.7885 | Vmin 0.4013 | agree +0.718 | a*_q05 -0.00679 | a*_q50 0.00168 | dV>=0 0.364 | beta 0.1000
  bell | direct viol 0.529 | direct dV>=0 0.498 | d_mean -0.00123 | d_std 0.04490 | d_q95 0.09194
[Episode 346/400] Steps: 720 | Reward:   -5.45 | Battery:  76.35% | Loss: -0.2044
Placing Sensors
[Episode 347/400] Steps: 720 | Reward:   -3.95 | Battery:  71.87% | Loss: 
Placing Sensors
Policy -0.0043 | Value 0.0116 | KL 0.00947 | CF 0.0742 | Std 0.1098 | |a| 0.0895 | EV +0.808 | AE nan | Alpha 0.0100 | MB 24/24
  cert | viol 0.133 | dV -0.162487 | V 0.2653 | inball 0.343 | a*_q05 0.00164 | a*_q50 0.01135 | dV>=0 0.025 | n=150 | a_used 0.00271 -> 0.00266
  crit | n=1 | viol 0.575 | V 0.8223 | Vmin 0.3966 | agree +0.413 | a*_q05 -0.00555 | a*_q50 0.00142 | dV>=0 0.424 | beta 0.1000
  bell | direct viol 0.525 | direct dV>=0 0.493 | d_mean +0.00077 | d_std 0.04748 | d_q95 0.09863
[Episode 348/400] Steps: 720 | Reward:   -7.04 | Battery:  64.85% | Loss: 0.0989
Placing Sensors
[Episode 349/400] Steps: 720 | Reward:   -5.49 | Battery:  72.60% | Loss: 
Placing Sensors
Policy -0.0086 | Value 0.0109 | KL 0.00930 | CF 0.0816 | Std 0.1098 | |a| 0.0948 | EV +0.829 | AE nan | Alpha 0.0100 | MB 24/24
  cert | viol 0.129 | dV -0.228383 | V 0.3270 | inball 0.503 | a*_q05 0.00135 | a*_q50 0.02787 | dV>=0 0.000 | n=150 | a_used 0.00266 -> 0.00256
  crit | n=1 | viol 0.578 | V 0.7053 | Vmin 0.3452 | agree +0.576 | a*_q05 -0.00700 | a*_q50 0.00176 | dV>=0 0.379 | beta 0.1000
  bell | direct viol 0.504 | direct dV>=0 0.476 | d_mean -0.00016 | d_std 0.04574 | d_q95 0.09072
[Episode 350/400] Steps: 720 | Reward:   -3.01 | Battery:  80.01% | Loss: 0.1131
Placing Sensors
[Episode 351/400] Steps: 720 | Reward:   -4.12 | Battery:  70.17% | Loss: 
Placing Sensors
Policy -0.0040 | Value 0.0061 | KL 0.01456 | CF 0.1435 | Std 0.1097 | |a| 0.0883 | EV +0.854 | AE nan | Alpha 0.0100 | MB 24/24
  cert | viol 0.000 | dV -0.158380 | V 0.2038 | inball 0.402 | a*_q05 0.00569 | a*_q50 0.02100 | dV>=0 0.000 | n=150 | a_used 0.00256 -> 0.00266
  crit | n=1 | viol 0.794 | V 0.7319 | Vmin 0.3249 | agree +0.652 | a*_q05 -0.00553 | a*_q50 -0.00070 | dV>=0 0.589 | beta 0.1000
  bell | direct viol 0.503 | direct dV>=0 0.482 | d_mean +0.00176 | d_std 0.04076 | d_q95 0.08353
[Episode 352/400] Steps: 720 | Reward:   -4.85 | Battery:  73.35% | Loss: -0.1047
Placing Sensors
[Episode 353/400] Steps: 720 | Reward:   -5.30 | Battery:  72.12% | Loss: 
Placing Sensors
Policy -0.0073 | Value 0.0069 | KL 0.01576 | CF 0.1245 | Std 0.1098 | |a| 0.0871 | EV +0.893 | AE nan | Alpha 0.0100 | MB 24/24
  cert | viol 0.282 | dV -0.192056 | V 0.3344 | inball 0.452 | a*_q05 -0.00061 | a*_q50 0.01919 | dV>=0 0.142 | n=150 | a_used 0.00266 -> 0.00253
  crit | n=1 | viol 0.470 | V 0.7267 | Vmin 0.2726 | agree +0.527 | a*_q05 -0.00683 | a*_q50 0.00313 | dV>=0 0.281 | beta 0.1000
  bell | direct viol 0.495 | direct dV>=0 0.471 | d_mean -0.00065 | d_std 0.04721 | d_q95 0.09787
[Episode 354/400] Steps: 720 | Reward:   -5.04 | Battery:  82.71% | Loss: 0.0470
Placing Sensors
[Episode 355/400] Steps: 720 | Reward:   -4.40 | Battery:  85.79% | Loss: 
Placing Sensors
Policy -0.0110 | Value 0.0058 | KL 0.01736 | CF 0.1553 | Std 0.1098 | |a| 0.0929 | EV +0.924 | AE nan | Alpha 0.0100 | MB 24/24
  cert | viol 0.093 | dV -0.230714 | V 0.3089 | inball 0.539 | a*_q05 0.00137 | a*_q50 0.03120 | dV>=0 0.007 | n=150 | a_used 0.00253 -> 0.00243
  crit | n=1 | viol 0.607 | V 0.6614 | Vmin 0.2184 | agree +0.655 | a*_q05 -0.00740 | a*_q50 0.00145 | dV>=0 0.361 | beta 0.1000
  bell | direct viol 0.505 | direct dV>=0 0.481 | d_mean +0.00133 | d_std 0.04593 | d_q95 0.09492
[Episode 356/400] Steps: 720 | Reward:   -4.09 | Battery:  71.97% | Loss: -0.0659
Placing Sensors
[Episode 357/400] Steps: 720 | Reward:   -5.07 | Battery:  55.84% | Loss: 
Placing Sensors
Policy -0.0094 | Value 0.0062 | KL 0.01093 | CF 0.1086 | Std 0.1098 | |a| 0.0966 | EV +0.865 | AE nan | Alpha 0.0100 | MB 24/24
  cert | viol 0.000 | dV -0.250796 | V 0.3019 | inball 0.507 | a*_q05 0.00501 | a*_q50 0.03309 | dV>=0 0.000 | n=150 | a_used 0.00243 -> 0.00252
  crit | n=1 | viol 0.575 | V 0.6551 | Vmin 0.2464 | agree +0.577 | a*_q05 -0.00580 | a*_q50 0.00161 | dV>=0 0.333 | beta 0.1000
  bell | direct viol 0.503 | direct dV>=0 0.474 | d_mean +0.00048 | d_std 0.04188 | d_q95 0.08676
[Episode 358/400] Steps: 720 | Reward:   -4.40 | Battery:  72.03% | Loss: -0.1172
Placing Sensors
[Episode 359/400] Steps: 720 | Reward:   -4.44 | Battery:  75.78% | Loss: 
Placing Sensors
Policy -0.0039 | Value 0.0040 | KL 0.01737 | CF 0.1859 | Std 0.1097 | |a| 0.0992 | EV +0.946 | AE nan | Alpha 0.0100 | MB 24/24
  cert | viol 0.038 | dV -0.221025 | V 0.2859 | inball 0.434 | a*_q05 0.00389 | a*_q50 0.02459 | dV>=0 0.011 | n=150 | a_used 0.00252 -> 0.00263
  crit | n=1 | viol 0.479 | V 0.6632 | Vmin 0.2598 | agree +0.498 | a*_q05 -0.00646 | a*_q50 0.00275 | dV>=0 0.312 | beta 0.1000
  bell | direct viol 0.510 | direct dV>=0 0.482 | d_mean -0.00014 | d_std 0.03724 | d_q95 0.07694
[Episode 360/400] Steps: 720 | Reward:   -4.87 | Battery:  67.03% | Loss: 0.0344
Placing Sensors
[Episode 361/400] Steps:  86 | Reward:  -17.54 | Battery:   0.00% | Loss: 
Placing Sensors
[Episode 362/400] Steps: 720 | Reward:   -4.63 | Battery:  59.51% | Loss: 
Placing Sensors
Policy 0.0063 | Value 0.0285 | KL 0.01715 | CF 0.1581 | Std 0.1098 | |a| 0.1008 | EV +0.806 | AE nan | Alpha 0.0100 | MB 24/24
  cert | viol 0.040 | dV -0.267440 | V 0.3322 | inball 0.444 | a*_q05 0.00417 | a*_q50 0.02987 | dV>=0 0.013 | n=150 | a_used 0.00263 -> 0.00267
  crit | n=1 | viol 0.455 | V 0.6637 | Vmin 0.2101 | agree +0.551 | a*_q05 -0.00429 | a*_q50 0.00331 | dV>=0 0.309 | beta 0.1000
  bell | direct viol 0.510 | direct dV>=0 0.482 | d_mean -0.00032 | d_std 0.04911 | d_q95 0.10690
[Episode 363/400] Steps: 720 | Reward:   -4.73 | Battery:  65.68% | Loss: -0.0107
Placing Sensors
[Episode 364/400] Steps: 720 | Reward:   -2.69 | Battery:  87.19% | Loss: 
Placing Sensors
Policy -0.0016 | Value 0.0083 | KL 0.01848 | CF 0.1447 | Std 0.1098 | |a| 0.0999 | EV +0.897 | AE nan | Alpha 0.0100 | MB 18/24
  cert | viol 0.055 | dV -0.246078 | V 0.3077 | inball 0.535 | a*_q05 0.00293 | a*_q50 0.03152 | dV>=0 0.000 | n=150 | a_used 0.00267 -> 0.00269
  crit | n=1 | viol 0.464 | V 0.6039 | Vmin 0.2444 | agree +0.557 | a*_q05 -0.00657 | a*_q50 0.00327 | dV>=0 0.330 | beta 0.1000
  bell | direct viol 0.488 | direct dV>=0 0.469 | d_mean -0.00056 | d_std 0.06219 | d_q95 0.13694
[Episode 365/400] Steps: 720 | Reward:   -4.99 | Battery:  73.35% | Loss: -0.0473
Placing Sensors
[Episode 366/400] Steps: 720 | Reward:   -5.14 | Battery:  76.48% | Loss: 
Placing Sensors
Policy -0.0026 | Value 0.0055 | KL 0.01933 | CF 0.1318 | Std 0.1097 | |a| 0.0973 | EV +0.895 | AE nan | Alpha 0.0100 | MB 18/24
  cert | viol 0.027 | dV -0.203643 | V 0.2593 | inball 0.441 | a*_q05 0.00436 | a*_q50 0.02211 | dV>=0 0.000 | n=150 | a_used 0.00269 -> 0.00277
  crit | n=1 | viol 0.469 | V 0.6122 | Vmin 0.2166 | agree +0.617 | a*_q05 -0.00545 | a*_q50 0.00304 | dV>=0 0.296 | beta 0.1000
  bell | direct viol 0.485 | direct dV>=0 0.467 | d_mean +0.00020 | d_std 0.04739 | d_q95 0.09900
[Episode 367/400] Steps: 720 | Reward:   -4.04 | Battery:  72.46% | Loss: 0.1883
Placing Sensors
[Episode 368/400] Steps: 720 | Reward:   -2.83 | Battery:  78.26% | Loss: 
Placing Sensors
Policy -0.0065 | Value 0.0062 | KL 0.01580 | CF 0.1633 | Std 0.1097 | |a| 0.0881 | EV +0.805 | AE nan | Alpha 0.0100 | MB 24/24
  cert | viol 0.000 | dV -0.203667 | V 0.2270 | inball 0.608 | a*_q05 0.00789 | a*_q50 0.03420 | dV>=0 0.000 | n=150 | a_used 0.00277 -> 0.00291
  crit | n=1 | viol 0.682 | V 0.5073 | Vmin 0.1685 | agree +0.551 | a*_q05 -0.00711 | a*_q50 0.00050 | dV>=0 0.454 | beta 0.1000
  bell | direct viol 0.474 | direct dV>=0 0.452 | d_mean +0.00240 | d_std 0.04541 | d_q95 0.08519
[Episode 369/400] Steps: 720 | Reward:   -3.95 | Battery:  73.38% | Loss: -0.0102
Placing Sensors
[Episode 370/400] Steps: 720 | Reward:   -4.76 | Battery:  75.09% | Loss: 
Placing Sensors
Policy -0.0072 | Value 0.0032 | KL 0.02112 | CF 0.1761 | Std 0.1097 | |a| 0.0895 | EV +0.960 | AE nan | Alpha 0.0100 | MB 18/24
  cert | viol 0.000 | dV -0.223129 | V 0.2598 | inball 0.509 | a*_q05 0.00611 | a*_q50 0.02757 | dV>=0 0.000 | n=150 | a_used 0.00291 -> 0.00302
  crit | n=1 | viol 0.515 | V 0.5846 | Vmin 0.2587 | agree +0.558 | a*_q05 -0.00554 | a*_q50 0.00284 | dV>=0 0.310 | beta 0.1000
  bell | direct viol 0.487 | direct dV>=0 0.457 | d_mean +0.00031 | d_std 0.03161 | d_q95 0.06461
[Episode 371/400] Steps: 720 | Reward:   -3.66 | Battery:  69.52% | Loss: -0.1156
Placing Sensors
[Episode 372/400] Steps: 720 | Reward:   -4.53 | Battery:  71.68% | Loss: 
Placing Sensors
Policy 0.0112 | Value 0.0069 | KL 0.03425 | CF 0.1747 | Std 0.1097 | |a| 0.0960 | EV +0.925 | AE nan | Alpha 0.0100 | MB 12/24
  cert | viol 0.055 | dV -0.258135 | V 0.3319 | inball 0.412 | a*_q05 0.00354 | a*_q50 0.02604 | dV>=0 0.008 | n=150 | a_used 0.00302 -> 0.00302
  crit | n=1 | viol 0.507 | V 0.6705 | Vmin 0.2618 | agree +0.643 | a*_q05 -0.00521 | a*_q50 0.00276 | dV>=0 0.338 | beta 0.1000
  bell | direct viol 0.521 | direct dV>=0 0.483 | d_mean -0.00126 | d_std 0.03006 | d_q95 0.05912
[Episode 373/400] Steps: 720 | Reward:   -6.09 | Battery:  71.06% | Loss: -0.0393
Placing Sensors
[Episode 374/400] Steps: 720 | Reward:   -4.18 | Battery:  72.19% | Loss: 
Placing Sensors
Policy -0.0085 | Value 0.0063 | KL 0.00969 | CF 0.1092 | Std 0.1097 | |a| 0.0853 | EV +0.877 | AE nan | Alpha 0.0100 | MB 24/24
  cert | viol 0.061 | dV -0.214338 | V 0.2772 | inball 0.508 | a*_q05 0.00275 | a*_q50 0.02986 | dV>=0 0.018 | n=150 | a_used 0.00302 -> 0.00300
  crit | n=1 | viol 0.635 | V 0.6312 | Vmin 0.2956 | agree +0.374 | a*_q05 -0.00618 | a*_q50 0.00102 | dV>=0 0.424 | beta 0.1000
  bell | direct viol 0.516 | direct dV>=0 0.477 | d_mean -0.00006 | d_std 0.03472 | d_q95 0.07106
[Episode 375/400] Steps: 720 | Reward:   -4.49 | Battery:  64.78% | Loss: -0.0354
Placing Sensors
[Episode 376/400] Steps: 720 | Reward:   -3.45 | Battery:  86.49% | Loss: 
Placing Sensors
Policy -0.0068 | Value 0.0034 | KL 0.01135 | CF 0.1285 | Std 0.1097 | |a| 0.0766 | EV +0.958 | AE nan | Alpha 0.0100 | MB 24/24
  cert | viol 0.000 | dV -0.245293 | V 0.2819 | inball 0.582 | a*_q05 0.00743 | a*_q50 0.03121 | dV>=0 0.000 | n=150 | a_used 0.00300 -> 0.00318
  crit | n=1 | viol 0.499 | V 0.5376 | Vmin 0.1353 | agree +0.691 | a*_q05 -0.00442 | a*_q50 0.00306 | dV>=0 0.260 | beta 0.1000
  bell | direct viol 0.484 | direct dV>=0 0.465 | d_mean +0.00126 | d_std 0.03403 | d_q95 0.06864
[Episode 377/400] Steps: 720 | Reward:   -3.69 | Battery:  75.41% | Loss: -0.0385
Placing Sensors
[Episode 378/400] Steps: 720 | Reward:   -4.39 | Battery:  68.63% | Loss: 
Placing Sensors
Policy -0.0061 | Value 0.0065 | KL 0.01670 | CF 0.1692 | Std 0.1097 | |a| 0.0931 | EV +0.902 | AE nan | Alpha 0.0100 | MB 24/24
  cert | viol 0.002 | dV -0.277958 | V 0.3014 | inball 0.616 | a*_q05 0.00858 | a*_q50 0.03995 | dV>=0 0.000 | n=150 | a_used 0.00318 -> 0.00334
  crit | n=1 | viol 0.454 | V 0.5442 | Vmin 0.1360 | agree +0.325 | a*_q05 -0.00664 | a*_q50 0.00415 | dV>=0 0.308 | beta 0.1000
  bell | direct viol 0.469 | direct dV>=0 0.452 | d_mean +0.00062 | d_std 0.05210 | d_q95 0.10401
[Episode 379/400] Steps: 720 | Reward:   -2.42 | Battery:  82.19% | Loss: 0.0771
Placing Sensors
[Episode 380/400] Steps: 720 | Reward:   -5.07 | Battery:  55.05% | Loss: 
Placing Sensors
Policy 0.0012 | Value 0.0055 | KL 0.01660 | CF 0.1779 | Std 0.1097 | |a| 0.0829 | EV +0.885 | AE nan | Alpha 0.0100 | MB 24/24
  cert | viol 0.000 | dV -0.206834 | V 0.2390 | inball 0.530 | a*_q05 0.00692 | a*_q50 0.03026 | dV>=0 0.000 | n=150 | a_used 0.00334 -> 0.00343
  crit | n=1 | viol 0.394 | V 0.4639 | Vmin 0.1593 | agree +0.496 | a*_q05 -0.00373 | a*_q50 0.00487 | dV>=0 0.152 | beta 0.1000
  bell | direct viol 0.511 | direct dV>=0 0.489 | d_mean +0.00020 | d_std 0.04149 | d_q95 0.08829
[Episode 381/400] Steps: 720 | Reward:   -2.91 | Battery:  78.17% | Loss: 0.1129
Placing Sensors
[Episode 382/400] Steps: 720 | Reward:   -4.13 | Battery:  49.93% | Loss: 
Placing Sensors
Policy -0.0054 | Value 0.0045 | KL 0.01380 | CF 0.1645 | Std 0.1097 | |a| 0.0794 | EV +0.902 | AE nan | Alpha 0.0100 | MB 24/24
  cert | viol 0.000 | dV -0.212210 | V 0.2426 | inball 0.505 | a*_q05 0.00837 | a*_q50 0.03012 | dV>=0 0.000 | n=150 | a_used 0.00343 -> 0.00359
  crit | n=1 | viol 0.603 | V 0.5120 | Vmin 0.1976 | agree +0.471 | a*_q05 -0.00449 | a*_q50 0.00184 | dV>=0 0.370 | beta 0.1000
  bell | direct viol 0.503 | direct dV>=0 0.478 | d_mean -0.00016 | d_std 0.04099 | d_q95 0.08610
[Episode 383/400] Steps: 720 | Reward:   -4.07 | Battery:  81.39% | Loss: 0.1398
Placing Sensors
[Episode 384/400] Steps: 720 | Reward:   -5.58 | Battery:  69.16% | Loss: 
Placing Sensors
Policy -0.0096 | Value 0.0066 | KL 0.01844 | CF 0.1558 | Std 0.1097 | |a| 0.0968 | EV +0.916 | AE nan | Alpha 0.0100 | MB 24/24
  cert | viol 0.067 | dV -0.336749 | V 0.4129 | inball 0.474 | a*_q05 0.00247 | a*_q50 0.02956 | dV>=0 0.028 | n=150 | a_used 0.00359 -> 0.00343
  crit | n=1 | viol 0.365 | V 0.6503 | Vmin 0.2238 | agree +0.560 | a*_q05 -0.00400 | a*_q50 0.00618 | dV>=0 0.247 | beta 0.1000
  bell | direct viol 0.521 | direct dV>=0 0.485 | d_mean -0.00205 | d_std 0.04472 | d_q95 0.09446
[Episode 385/400] Steps: 720 | Reward:   -5.18 | Battery:  69.15% | Loss: 0.1790
Placing Sensors
[Episode 386/400] Steps: 720 | Reward:   -4.63 | Battery:  81.92% | Loss: 
Placing Sensors
Policy -0.0110 | Value 0.0052 | KL 0.02054 | CF 0.2118 | Std 0.1097 | |a| 0.0817 | EV +0.933 | AE nan | Alpha 0.0100 | MB 18/24
  cert | viol 0.000 | dV -0.274378 | V 0.3159 | inball 0.530 | a*_q05 0.00708 | a*_q50 0.03104 | dV>=0 0.000 | n=150 | a_used 0.00343 -> 0.00358
  crit | n=1 | viol 0.359 | V 0.5921 | Vmin 0.1884 | agree +0.600 | a*_q05 -0.00544 | a*_q50 0.00496 | dV>=0 0.231 | beta 0.1000
  bell | direct viol 0.496 | direct dV>=0 0.474 | d_mean -0.00067 | d_std 0.05249 | d_q95 0.11461
[Episode 387/400] Steps: 720 | Reward:   -3.99 | Battery:  68.19% | Loss: -0.0745
Placing Sensors
[Episode 388/400] Steps: 720 | Reward:   -3.77 | Battery:  64.65% | Loss: 
Placing Sensors
Policy -0.0069 | Value 0.0041 | KL 0.01539 | CF 0.1610 | Std 0.1097 | |a| 0.0924 | EV +0.912 | AE nan | Alpha 0.0100 | MB 24/24
  cert | viol 0.000 | dV -0.237118 | V 0.2530 | inball 0.561 | a*_q05 0.00978 | a*_q50 0.03881 | dV>=0 0.000 | n=150 | a_used 0.00358 -> 0.00376
  crit | n=1 | viol 0.745 | V 0.5695 | Vmin 0.2140 | agree +0.558 | a*_q05 -0.00630 | a*_q50 0.00005 | dV>=0 0.504 | beta 0.1000
  bell | direct viol 0.520 | direct dV>=0 0.496 | d_mean +0.00200 | d_std 0.04460 | d_q95 0.08988
[Episode 389/400] Steps: 720 | Reward:   -3.68 | Battery:  78.79% | Loss: 0.0830
Placing Sensors
[Episode 390/400] Steps: 720 | Reward:   -4.09 | Battery:  80.90% | Loss: 
Placing Sensors
Policy -0.0064 | Value 0.0058 | KL 0.01698 | CF 0.1599 | Std 0.1097 | |a| 0.0843 | EV +0.838 | AE nan | Alpha 0.0100 | MB 24/24
  cert | viol 0.000 | dV -0.252919 | V 0.2958 | inball 0.492 | a*_q05 0.00694 | a*_q50 0.03255 | dV>=0 0.000 | n=150 | a_used 0.00376 -> 0.00385
  crit | n=1 | viol 0.505 | V 0.5517 | Vmin 0.2721 | agree +0.493 | a*_q05 -0.00767 | a*_q50 0.00366 | dV>=0 0.337 | beta 0.1000
  bell | direct viol 0.495 | direct dV>=0 0.461 | d_mean +0.00007 | d_std 0.03458 | d_q95 0.06848
[Episode 391/400] Steps: 720 | Reward:   -4.40 | Battery:  72.43% | Loss: 0.0636
Placing Sensors
[Episode 392/400] Steps: 720 | Reward:   -3.34 | Battery:  84.92% | Loss: 
Placing Sensors
Policy -0.0026 | Value 0.0053 | KL 0.02276 | CF 0.2095 | Std 0.1097 | |a| 0.0662 | EV +0.927 | AE nan | Alpha 0.0100 | MB 18/24
  cert | viol 0.000 | dV -0.279002 | V 0.2957 | inball 0.662 | a*_q05 0.01089 | a*_q50 0.03953 | dV>=0 0.000 | n=150 | a_used 0.00385 -> 0.00404
  crit | n=1 | viol 0.553 | V 0.5208 | Vmin 0.2333 | agree +0.601 | a*_q05 -0.00734 | a*_q50 0.00268 | dV>=0 0.398 | beta 0.1000
  bell | direct viol 0.473 | direct dV>=0 0.435 | d_mean +0.00140 | d_std 0.03228 | d_q95 0.06345
[Episode 393/400] Steps: 720 | Reward:   -2.90 | Battery:  81.99% | Loss: -0.0248
Placing Sensors
[Episode 394/400] Steps: 720 | Reward:   -4.64 | Battery:  71.19% | Loss: 
Placing Sensors
Policy -0.0168 | Value 0.0029 | KL 0.01645 | CF 0.1465 | Std 0.1097 | |a| 0.0744 | EV +0.947 | AE nan | Alpha 0.0100 | MB 24/24
  cert | viol 0.022 | dV -0.232570 | V 0.2813 | inball 0.519 | a*_q05 0.00554 | a*_q50 0.02943 | dV>=0 0.000 | n=150 | a_used 0.00404 -> 0.00407
  crit | n=1 | viol 0.407 | V 0.5327 | Vmin 0.2194 | agree +0.558 | a*_q05 -0.00534 | a*_q50 0.00514 | dV>=0 0.205 | beta 0.1000
  bell | direct viol 0.481 | direct dV>=0 0.451 | d_mean -0.00021 | d_std 0.03520 | d_q95 0.07105
[Episode 395/400] Steps: 720 | Reward:   -3.84 | Battery:  78.35% | Loss: -0.1210
Placing Sensors
[Episode 396/400] Steps: 720 | Reward:   -4.15 | Battery:  55.56% | Loss: 
Placing Sensors
Policy -0.0185 | Value 0.0039 | KL 0.01500 | CF 0.1243 | Std 0.1097 | |a| 0.0762 | EV +0.927 | AE nan | Alpha 0.0100 | MB 24/24
  cert | viol 0.028 | dV -0.283160 | V 0.3208 | inball 0.552 | a*_q05 0.00672 | a*_q50 0.03780 | dV>=0 0.000 | n=150 | a_used 0.00407 -> 0.00419
  crit | n=1 | viol 0.474 | V 0.5214 | Vmin 0.1921 | agree +0.459 | a*_q05 -0.00587 | a*_q50 0.00509 | dV>=0 0.284 | beta 0.1000
  bell | direct viol 0.506 | direct dV>=0 0.467 | d_mean -0.00115 | d_std 0.03552 | d_q95 0.07196
[Episode 397/400] Steps: 720 | Reward:   -4.14 | Battery:  83.77% | Loss: -0.0638
Placing Sensors
[Episode 398/400] Steps: 720 | Reward:   -4.12 | Battery:  82.45% | Loss: 
Placing Sensors
Policy -0.0070 | Value 0.0034 | KL 0.02491 | CF 0.1924 | Std 0.1097 | |a| 0.0694 | EV +0.942 | AE nan | Alpha 0.0100 | MB 18/24
  cert | viol 0.003 | dV -0.222329 | V 0.2625 | inball 0.559 | a*_q05 0.00654 | a*_q50 0.02926 | dV>=0 0.000 | n=150 | a_used 0.00419 -> 0.00428
  crit | n=1 | viol 0.535 | V 0.5275 | Vmin 0.2302 | agree +0.699 | a*_q05 -0.00681 | a*_q50 0.00391 | dV>=0 0.195 | beta 0.1000
  bell | direct viol 0.505 | direct dV>=0 0.460 | d_mean -0.00007 | d_std 0.03023 | d_q95 0.05936
[Episode 399/400] Steps: 720 | Reward:   -3.78 | Battery:  79.77% | Loss: -0.0467
Placing Sensors
[Episode 400/400] Steps: 720 | Reward:   -2.35 | Battery:  87.02% | Loss: 
Placing Sensors
Policy -0.0048 | Value 0.0026 | KL 0.02090 | CF 0.1353 | Std 0.1097 | |a| 0.0842 | EV +0.951 | AE nan | Alpha 0.0100 | MB 24/24
  cert | viol 0.030 | dV -0.206211 | V 0.2427 | inball 0.510 | a*_q05 0.00648 | a*_q50 0.03201 | dV>=0 0.009 | n=150 | a_used 0.00428 -> 0.00441
  crit | n=1 | viol 0.615 | V 0.5253 | Vmin 0.2080 | agree +0.623 | a*_q05 -0.00596 | a*_q50 0.00226 | dV>=0 0.354 | beta 0.1000
  bell | direct viol 0.520 | direct dV>=0 0.481 | d_mean +0.00016 | d_std 0.03494 | d_q95 0.07013
[Episode 401/400] Steps: 720 | Reward:   -4.78 | Battery:  63.64% | Loss: -0.0555
Placing Sensors
[Episode 402/400] Steps: 720 | Reward:   -4.81 | Battery:  62.40% | Loss: 
Placing Sensors
Policy -0.0073 | Value 0.0051 | KL 0.01306 | CF 0.1092 | Std 0.1097 | |a| 0.0869 | EV +0.877 | AE nan | Alpha 0.0100 | MB 24/24
  cert | viol 0.049 | dV -0.237244 | V 0.2828 | inball 0.538 | a*_q05 0.00451 | a*_q50 0.03035 | dV>=0 0.000 | n=150 | a_used 0.00441 -> 0.00437
  crit | n=1 | viol 0.467 | V 0.5160 | Vmin 0.2331 | agree +0.549 | a*_q05 -0.00636 | a*_q50 0.00507 | dV>=0 0.289 | beta 0.1000
  bell | direct viol 0.494 | direct dV>=0 0.459 | d_mean -0.00030 | d_std 0.04062 | d_q95 0.08461
[Episode 403/400] Steps: 720 | Reward:   -3.76 | Battery:  83.28% | Loss: 0.0454
Placing Sensors
[Episode 404/400] Steps: 720 | Reward:   -4.17 | Battery:  56.10% | Loss: 
Placing Sensors
Policy -0.0131 | Value 0.0034 | KL 0.01524 | CF 0.1252 | Std 0.1097 | |a| 0.0854 | EV +0.949 | AE nan | Alpha 0.0100 | MB 24/24
  cert | viol 0.005 | dV -0.231311 | V 0.2659 | inball 0.500 | a*_q05 0.00667 | a*_q50 0.03124 | dV>=0 0.000 | n=150 | a_used 0.00437 -> 0.00450
  crit | n=1 | viol 0.663 | V 0.5622 | Vmin 0.1805 | agree +0.499 | a*_q05 -0.00504 | a*_q50 0.00278 | dV>=0 0.272 | beta 0.1000
  bell | direct viol 0.508 | direct dV>=0 0.473 | d_mean +0.00012 | d_std 0.04274 | d_q95 0.08701
[Episode 405/400] Steps: 720 | Reward:   -3.86 | Battery:  71.96% | Loss: 0.0227
Placing Sensors
[Episode 406/400] Steps: 720 | Reward:   -5.09 | Battery:  60.20% | Loss: 
Placing Sensors
Policy -0.0052 | Value 0.0050 | KL 0.01586 | CF 0.1345 | Std 0.1097 | |a| 0.0909 | EV +0.888 | AE nan | Alpha 0.0100 | MB 24/24
  cert | viol 0.103 | dV -0.204676 | V 0.2594 | inball 0.556 | a*_q05 0.00321 | a*_q50 0.03407 | dV>=0 0.000 | n=150 | a_used 0.00450 -> 0.00446
  crit | n=1 | viol 0.580 | V 0.5421 | Vmin 0.2266 | agree +0.411 | a*_q05 -0.00671 | a*_q50 0.00346 | dV>=0 0.321 | beta 0.1000
  bell | direct viol 0.534 | direct dV>=0 0.498 | d_mean -0.00070 | d_std 0.04344 | d_q95 0.08932
[Episode 407/400] Steps: 720 | Reward:   -2.84 | Battery:  81.44% | Loss: 0.0044
Placing Sensors
[Episode 408/400] Steps: 720 | Reward:   -3.32 | Battery:  71.07% | Loss: 
Placing Sensors
Policy -0.0058 | Value 0.0032 | KL 0.02095 | CF 0.1873 | Std 0.1097 | |a| 0.0679 | EV +0.948 | AE nan | Alpha 0.0100 | MB 24/24
  cert | viol 0.021 | dV -0.228591 | V 0.2666 | inball 0.589 | a*_q05 0.00636 | a*_q50 0.03554 | dV>=0 0.000 | n=150 | a_used 0.00446 -> 0.00447
  crit | n=1 | viol 0.553 | V 0.5068 | Vmin 0.2065 | agree +0.548 | a*_q05 -0.00681 | a*_q50 0.00374 | dV>=0 0.300 | beta 0.1000
  bell | direct viol 0.494 | direct dV>=0 0.465 | d_mean +0.00019 | d_std 0.04085 | d_q95 0.08181
[Episode 409/400] Steps: 720 | Reward:   -3.79 | Battery:  83.05% | Loss: 0.0625
Placing Sensors
[Episode 410/400] Steps: 720 | Reward:   -3.18 | Battery:  77.11% | Loss: 
Placing Sensors
Policy -0.0091 | Value 0.0050 | KL 0.00912 | CF 0.0988 | Std 0.1097 | |a| 0.0634 | EV +0.887 | AE nan | Alpha 0.0100 | MB 24/24
  cert | viol 0.077 | dV -0.235698 | V 0.2796 | inball 0.609 | a*_q05 0.00321 | a*_q50 0.03679 | dV>=0 0.000 | n=150 | a_used 0.00447 -> 0.00418
  crit | n=1 | viol 0.408 | V 0.4364 | Vmin 0.1631 | agree +0.424 | a*_q05 -0.00616 | a*_q50 0.00627 | dV>=0 0.264 | beta 0.1000
  bell | direct viol 0.491 | direct dV>=0 0.469 | d_mean -0.00059 | d_std 0.03703 | d_q95 0.07124
[Episode 411/400] Steps: 720 | Reward:   -3.54 | Battery:  82.12% | Loss: 0.0989
Placing Sensors
[Episode 412/400] Steps: 720 | Reward:   -2.40 | Battery:  81.20% | Loss: 
Placing Sensors
Policy 0.0030 | Value 0.0051 | KL 0.02264 | CF 0.1010 | Std 0.1097 | |a| 0.0611 | EV +0.911 | AE nan | Alpha 0.0100 | MB 12/24
  cert | viol 0.030 | dV -0.234116 | V 0.2634 | inball 0.629 | a*_q05 0.00780 | a*_q50 0.03773 | dV>=0 0.000 | n=150 | a_used 0.00418 -> 0.00437
  crit | n=1 | viol 0.631 | V 0.4920 | Vmin 0.1822 | agree +0.578 | a*_q05 -0.00650 | a*_q50 0.00157 | dV>=0 0.382 | beta 0.1000
  bell | direct viol 0.495 | direct dV>=0 0.465 | d_mean +0.00171 | d_std 0.03674 | d_q95 0.07305
[Episode 413/400] Steps: 720 | Reward:   -4.39 | Battery:  78.16% | Loss: -0.0763
Placing Sensors
[Episode 414/400] Steps: 720 | Reward:   -3.38 | Battery:  70.73% | Loss: 
Placing Sensors
Policy 0.0037 | Value 0.0053 | KL 0.02055 | CF 0.2030 | Std 0.1097 | |a| 0.0693 | EV +0.917 | AE nan | Alpha 0.0100 | MB 24/24
  cert | viol 0.013 | dV -0.300801 | V 0.3365 | inball 0.547 | a*_q05 0.00722 | a*_q50 0.03824 | dV>=0 0.000 | n=150 | a_used 0.00437 -> 0.00452
  crit | n=1 | viol 0.513 | V 0.5522 | Vmin 0.1993 | agree +0.548 | a*_q05 -0.00620 | a*_q50 0.00379 | dV>=0 0.371 | beta 0.1000
  bell | direct viol 0.508 | direct dV>=0 0.470 | d_mean -0.00032 | d_std 0.03341 | d_q95 0.06618
[Episode 415/400] Steps: 720 | Reward:   -5.24 | Battery:  70.88% | Loss: 0.1668
Placing Sensors
[Episode 416/400] Steps: 720 | Reward:   -4.29 | Battery:  69.87% | Loss: 
Placing Sensors
Policy -0.0046 | Value 0.0052 | KL 0.02161 | CF 0.1383 | Std 0.1097 | |a| 0.0707 | EV +0.900 | AE nan | Alpha 0.0100 | MB 18/24
  cert | viol 0.057 | dV -0.259840 | V 0.3168 | inball 0.450 | a*_q05 0.00440 | a*_q50 0.02964 | dV>=0 0.000 | n=150 | a_used 0.00452 -> 0.00455
  crit | n=1 | viol 0.447 | V 0.5441 | Vmin 0.2123 | agree +0.391 | a*_q05 -0.00480 | a*_q50 0.00607 | dV>=0 0.275 | beta 0.1000
  bell | direct viol 0.528 | direct dV>=0 0.482 | d_mean -0.00154 | d_std 0.04013 | d_q95 0.08264
[Episode 417/400] Steps: 720 | Reward:   -5.40 | Battery:  62.05% | Loss: -0.1226
Placing Sensors
[Episode 418/400] Steps: 720 | Reward:   -3.91 | Battery:  78.12% | Loss: 
Placing Sensors
Policy -0.0081 | Value 0.0039 | KL 0.01808 | CF 0.1421 | Std 0.1097 | |a| 0.0578 | EV +0.914 | AE nan | Alpha 0.0100 | MB 24/24
  cert | viol 0.011 | dV -0.250807 | V 0.2875 | inball 0.593 | a*_q05 0.00635 | a*_q50 0.03296 | dV>=0 0.000 | n=150 | a_used 0.00455 -> 0.00469
  crit | n=1 | viol 0.541 | V 0.5149 | Vmin 0.2104 | agree +0.550 | a*_q05 -0.00636 | a*_q50 0.00382 | dV>=0 0.308 | beta 0.1000
  bell | direct viol 0.507 | direct dV>=0 0.482 | d_mean -0.00080 | d_std 0.04539 | d_q95 0.09520
[Episode 419/400] Steps: 720 | Reward:   -3.88 | Battery:  82.02% | Loss: 0.0079
Placing Sensors
[Episode 420/400] Steps: 720 | Reward:   -4.41 | Battery:  78.86% | Loss: 
Placing Sensors
Policy -0.0105 | Value 0.0053 | KL 0.02001 | CF 0.1224 | Std 0.1096 | |a| 0.0725 | EV +0.893 | AE nan | Alpha 0.0100 | MB 24/24
  cert | viol 0.047 | dV -0.268843 | V 0.3169 | inball 0.467 | a*_q05 0.00513 | a*_q50 0.02769 | dV>=0 0.000 | n=150 | a_used 0.00469 -> 0.00476
  crit | n=1 | viol 0.564 | V 0.6139 | Vmin 0.2325 | agree +0.579 | a*_q05 -0.00619 | a*_q50 0.00383 | dV>=0 0.306 | beta 0.1000
  bell | direct viol 0.537 | direct dV>=0 0.486 | d_mean -0.00064 | d_std 0.04371 | d_q95 0.09182
[Episode 421/400] Steps: 720 | Reward:   -4.59 | Battery:  77.77% | Loss: 0.1323
Placing Sensors
[Episode 422/400] Steps: 720 | Reward:   -4.54 | Battery:  84.99% | Loss: 
Placing Sensors
Policy -0.0112 | Value 0.0054 | KL 0.01215 | CF 0.1462 | Std 0.1096 | |a| 0.0715 | EV +0.859 | AE nan | Alpha 0.0100 | MB 24/24
  cert | viol 0.077 | dV -0.224272 | V 0.2828 | inball 0.566 | a*_q05 0.00377 | a*_q50 0.02716 | dV>=0 0.000 | n=150 | a_used 0.00476 -> 0.00457
  crit | n=1 | viol 0.473 | V 0.5547 | Vmin 0.2540 | agree +0.591 | a*_q05 -0.00434 | a*_q50 0.00516 | dV>=0 0.223 | beta 0.1000
  bell | direct viol 0.523 | direct dV>=0 0.484 | d_mean -0.00069 | d_std 0.03849 | d_q95 0.07963
[Episode 423/400] Steps: 720 | Reward:   -3.47 | Battery:  83.94% | Loss: 0.1628
Placing Sensors
[Episode 424/400] Steps: 720 | Reward:   -3.19 | Battery:  81.67% | Loss: 
Placing Sensors
Policy -0.0034 | Value 0.0035 | KL 0.01844 | CF 0.2110 | Std 0.1097 | |a| 0.0627 | EV +0.896 | AE nan | Alpha 0.0100 | MB 18/24
  cert | viol 0.000 | dV -0.174374 | V 0.1863 | inball 0.631 | a*_q05 0.01168 | a*_q50 0.03376 | dV>=0 0.000 | n=150 | a_used 0.00457 -> 0.00474
  crit | n=1 | viol 0.801 | V 0.4729 | Vmin 0.2348 | agree +0.526 | a*_q05 -0.00532 | a*_q50 0.00018 | dV>=0 0.482 | beta 0.1000
  bell | direct viol 0.527 | direct dV>=0 0.496 | d_mean +0.00188 | d_std 0.04024 | d_q95 0.08404
[Episode 425/400] Steps: 720 | Reward:   -2.41 | Battery:  76.20% | Loss: 0.0749
Placing Sensors
[Episode 426/400] Steps: 720 | Reward:   -5.37 | Battery:  67.32% | Loss: 
Placing Sensors
Policy -0.0057 | Value 0.0038 | KL 0.00833 | CF 0.1008 | Std 0.1096 | |a| 0.1013 | EV +0.923 | AE nan | Alpha 0.0100 | MB 24/24
  cert | viol 0.050 | dV -0.221160 | V 0.2690 | inball 0.402 | a*_q05 0.00468 | a*_q50 0.02584 | dV>=0 0.028 | n=150 | a_used 0.00474 -> 0.00470
  crit | n=1 | viol 0.495 | V 0.6039 | Vmin 0.2843 | agree +0.362 | a*_q05 -0.00503 | a*_q50 0.00485 | dV>=0 0.269 | beta 0.1000
  bell | direct viol 0.538 | direct dV>=0 0.476 | d_mean -0.00112 | d_std 0.02919 | d_q95 0.06246
[Episode 427/400] Steps: 720 | Reward:   -4.02 | Battery:  71.63% | Loss: 0.0192
Placing Sensors
[Episode 428/400] Steps: 720 | Reward:   -3.76 | Battery:  74.44% | Loss: 
Placing Sensors
Policy -0.0006 | Value 0.0025 | KL 0.01342 | CF 0.1633 | Std 0.1096 | |a| 0.0790 | EV +0.944 | AE nan | Alpha 0.0100 | MB 24/24
  cert | viol 0.000 | dV -0.196532 | V 0.2249 | inball 0.609 | a*_q05 0.00767 | a*_q50 0.03440 | dV>=0 0.000 | n=150 | a_used 0.00470 -> 0.00480
  crit | n=1 | viol 0.873 | V 0.5276 | Vmin 0.2394 | agree +0.681 | a*_q05 -0.00596 | a*_q50 0.00187 | dV>=0 0.302 | beta 0.1000
  bell | direct viol 0.508 | direct dV>=0 0.466 | d_mean +0.00164 | d_std 0.03032 | d_q95 0.06028
[Episode 429/400] Steps: 720 | Reward:   -2.64 | Battery:  87.43% | Loss: 0.0876
Placing Sensors
[Episode 430/400] Steps: 720 | Reward:   -3.04 | Battery:  84.26% | Loss: 
Placing Sensors
Policy -0.0138 | Value 0.0041 | KL 0.01484 | CF 0.1426 | Std 0.1096 | |a| 0.0719 | EV +0.906 | AE nan | Alpha 0.0100 | MB 24/24
  cert | viol 0.000 | dV -0.252885 | V 0.2680 | inball 0.641 | a*_q05 0.01120 | a*_q50 0.03902 | dV>=0 0.000 | n=150 | a_used 0.00480 -> 0.00498
  crit | n=1 | viol 0.596 | V 0.4616 | Vmin 0.2111 | agree +0.602 | a*_q05 -0.00601 | a*_q50 0.00306 | dV>=0 0.331 | beta 0.1000
  bell | direct viol 0.514 | direct dV>=0 0.489 | d_mean +0.00025 | d_std 0.04810 | d_q95 0.09595
[Episode 431/400] Steps: 720 | Reward:   -3.08 | Battery:  78.04% | Loss: -0.0442
Placing Sensors
[Episode 432/400] Steps: 720 | Reward:   -3.12 | Battery:  76.33% | Loss: 
Placing Sensors
Policy -0.0108 | Value 0.0027 | KL 0.02096 | CF 0.2193 | Std 0.1096 | |a| 0.0710 | EV +0.927 | AE nan | Alpha 0.0100 | MB 24/24
  cert | viol 0.016 | dV -0.221932 | V 0.2414 | inball 0.623 | a*_q05 0.00862 | a*_q50 0.03623 | dV>=0 0.000 | n=150 | a_used 0.00498 -> 0.00504
  crit | n=1 | viol 0.560 | V 0.4650 | Vmin 0.2060 | agree +0.414 | a*_q05 -0.00604 | a*_q50 0.00436 | dV>=0 0.305 | beta 0.1000
  bell | direct viol 0.495 | direct dV>=0 0.460 | d_mean +0.00056 | d_std 0.03555 | d_q95 0.07001
[Episode 433/400] Steps: 720 | Reward:   -3.52 | Battery:  74.43% | Loss: 0.0551
Placing Sensors
[Episode 434/400] Steps: 720 | Reward:   -4.04 | Battery:  70.47% | Loss: 
Placing Sensors
Policy -0.0169 | Value 0.0026 | KL 0.01293 | CF 0.1283 | Std 0.1096 | |a| 0.0648 | EV +0.945 | AE nan | Alpha 0.0100 | MB 24/24
  cert | viol 0.027 | dV -0.245606 | V 0.2746 | inball 0.597 | a*_q05 0.00684 | a*_q50 0.03632 | dV>=0 0.000 | n=150 | a_used 0.00504 -> 0.00512
  crit | n=1 | viol 0.565 | V 0.4837 | Vmin 0.1781 | agree +0.562 | a*_q05 -0.00603 | a*_q50 0.00406 | dV>=0 0.312 | beta 0.1000
  bell | direct viol 0.511 | direct dV>=0 0.469 | d_mean +0.00048 | d_std 0.03927 | d_q95 0.07911
[Episode 435/400] Steps: 720 | Reward:   -2.96 | Battery:  85.20% | Loss: -0.0556
Placing Sensors
[Episode 436/400] Steps: 720 | Reward:   -3.82 | Battery:  70.36% | Loss: 
Placing Sensors
Policy -0.0136 | Value 0.0030 | KL 0.01383 | CF 0.1602 | Std 0.1096 | |a| 0.0683 | EV +0.931 | AE nan | Alpha 0.0100 | MB 24/24
  cert | viol 0.000 | dV -0.263695 | V 0.2810 | inball 0.583 | a*_q05 0.01103 | a*_q50 0.03746 | dV>=0 0.000 | n=150 | a_used 0.00512 -> 0.00529
  crit | n=1 | viol 0.756 | V 0.5024 | Vmin 0.1733 | agree +0.621 | a*_q05 -0.00539 | a*_q50 0.00166 | dV>=0 0.379 | beta 0.1000
  bell | direct viol 0.488 | direct dV>=0 0.447 | d_mean +0.00170 | d_std 0.03658 | d_q95 0.07118
[Episode 437/400] Steps: 720 | Reward:   -3.24 | Battery:  72.98% | Loss: -0.0228
Placing Sensors
[Episode 438/400] Steps: 720 | Reward:   -3.34 | Battery:  79.13% | Loss: 
Placing Sensors
Policy -0.0120 | Value 0.0036 | KL 0.01519 | CF 0.1478 | Std 0.1096 | |a| 0.0645 | EV +0.905 | AE nan | Alpha 0.0100 | MB 24/24
  cert | viol 0.004 | dV -0.255803 | V 0.2703 | inball 0.647 | a*_q05 0.01050 | a*_q50 0.04077 | dV>=0 0.000 | n=150 | a_used 0.00529 -> 0.00537
  crit | n=1 | viol 0.571 | V 0.3745 | Vmin 0.1442 | agree +0.677 | a*_q05 -0.00581 | a*_q50 0.00405 | dV>=0 0.311 | beta 0.1000
  bell | direct viol 0.512 | direct dV>=0 0.479 | d_mean +0.00098 | d_std 0.03882 | d_q95 0.07974
[Episode 439/400] Steps: 720 | Reward:   -2.68 | Battery:  87.41% | Loss: 0.0719
Placing Sensors
[Episode 440/400] Steps: 720 | Reward:   -2.72 | Battery:  77.06% | Loss: 
Placing Sensors
Policy -0.0128 | Value 0.0035 | KL 0.01168 | CF 0.1481 | Std 0.1096 | |a| 0.0600 | EV +0.895 | AE nan | Alpha 0.0100 | MB 24/24
  cert | viol 0.000 | dV -0.212367 | V 0.2170 | inball 0.686 | a*_q05 0.01754 | a*_q50 0.04215 | dV>=0 0.000 | n=150 | a_used 0.00537 -> 0.00554
  crit | n=1 | viol 0.668 | V 0.3816 | Vmin 0.1824 | agree +0.481 | a*_q05 -0.00646 | a*_q50 0.00284 | dV>=0 0.353 | beta 0.1000
  bell | direct viol 0.497 | direct dV>=0 0.473 | d_mean +0.00136 | d_std 0.04048 | d_q95 0.08211
[Episode 441/400] Steps: 720 | Reward:   -2.49 | Battery:  86.63% | Loss: 0.0309
Placing Sensors
[Episode 442/400] Steps: 720 | Reward:   -2.95 | Battery:  80.03% | Loss: 
Placing Sensors
Policy -0.0089 | Value 0.0024 | KL 0.01840 | CF 0.1857 | Std 0.1096 | |a| 0.0590 | EV +0.945 | AE nan | Alpha 0.0100 | MB 24/24
  cert | viol 0.000 | dV -0.251723 | V 0.2624 | inball 0.665 | a*_q05 0.01390 | a*_q50 0.04124 | dV>=0 0.000 | n=150 | a_used 0.00554 -> 0.00570
  crit | n=1 | viol 0.513 | V 0.3695 | Vmin 0.1173 | agree +0.638 | a*_q05 -0.00629 | a*_q50 0.00532 | dV>=0 0.260 | beta 0.1000
  bell | direct viol 0.490 | direct dV>=0 0.456 | d_mean +0.00131 | d_std 0.03595 | d_q95 0.07541
[Episode 443/400] Steps: 720 | Reward:   -2.04 | Battery:  82.86% | Loss: 0.0084
Placing Sensors
[Episode 444/400] Steps: 720 | Reward:   -3.79 | Battery:  78.39% | Loss: 
Placing Sensors
Policy -0.0116 | Value 0.0050 | KL 0.00896 | CF 0.0984 | Std 0.1096 | |a| 0.0771 | EV +0.904 | AE nan | Alpha 0.0100 | MB 24/24
  cert | viol 0.067 | dV -0.286877 | V 0.3361 | inball 0.550 | a*_q05 0.00457 | a*_q50 0.03453 | dV>=0 0.010 | n=150 | a_used 0.00570 -> 0.00542
  crit | n=1 | viol 0.413 | V 0.5031 | Vmin 0.1596 | agree +0.582 | a*_q05 -0.00619 | a*_q50 0.00698 | dV>=0 0.255 | beta 0.1000
  bell | direct viol 0.495 | direct dV>=0 0.453 | d_mean -0.00141 | d_std 0.03971 | d_q95 0.08299
[Episode 445/400] Steps: 720 | Reward:   -5.08 | Battery:  75.28% | Loss: -0.0616
Placing Sensors
[Episode 446/400] Steps: 720 | Reward:   -3.58 | Battery:  73.36% | Loss: 
Placing Sensors
Policy -0.0147 | Value 0.0028 | KL 0.01881 | CF 0.1940 | Std 0.1096 | |a| 0.0655 | EV +0.927 | AE nan | Alpha 0.0100 | MB 24/24
  cert | viol 0.034 | dV -0.246153 | V 0.2738 | inball 0.589 | a*_q05 0.00743 | a*_q50 0.03847 | dV>=0 0.000 | n=150 | a_used 0.00542 -> 0.00543
  crit | n=1 | viol 0.650 | V 0.4642 | Vmin 0.1504 | agree +0.424 | a*_q05 -0.00562 | a*_q50 0.00306 | dV>=0 0.327 | beta 0.1000
  bell | direct viol 0.484 | direct dV>=0 0.443 | d_mean -0.00002 | d_std 0.03828 | d_q95 0.07808
[Episode 447/400] Steps: 720 | Reward:   -2.76 | Battery:  72.22% | Loss: -0.0449
Placing Sensors
[Episode 448/400] Steps: 720 | Reward:   -6.09 | Battery:  81.07% | Loss: 
Placing Sensors
Policy -0.0072 | Value 0.0082 | KL 0.01439 | CF 0.1659 | Std 0.1096 | |a| 0.0800 | EV +0.819 | AE nan | Alpha 0.0100 | MB 24/24
  cert | viol 0.149 | dV -0.251080 | V 0.3602 | inball 0.502 | a*_q05 -0.00069 | a*_q50 0.03055 | dV>=0 0.080 | n=150 | a_used 0.00543 -> 0.00516
  crit | n=1 | viol 0.442 | V 0.4857 | Vmin 0.1508 | agree +0.522 | a*_q05 -0.00483 | a*_q50 0.00682 | dV>=0 0.230 | beta 0.1000
  bell | direct viol 0.545 | direct dV>=0 0.503 | d_mean -0.00242 | d_std 0.04832 | d_q95 0.10300
[Episode 449/400] Steps: 720 | Reward:   -3.00 | Battery:  64.30% | Loss: 0.1511
Placing Sensors
[Episode 450/400] Steps: 720 | Reward:   -2.28 | Battery:  80.55% | Loss: 
Placing Sensors
Policy -0.0069 | Value 0.0059 | KL 0.01014 | CF 0.1264 | Std 0.1096 | |a| 0.0724 | EV +0.770 | AE nan | Alpha 0.0100 | MB 24/24
  cert | viol 0.000 | dV -0.212567 | V 0.2282 | inball 0.612 | a*_q05 0.00993 | a*_q50 0.03929 | dV>=0 0.000 | n=150 | a_used 0.00516 -> 0.00534
  crit | n=1 | viol 0.523 | V 0.4488 | Vmin 0.1694 | agree +0.207 | a*_q05 -0.00759 | a*_q50 0.00407 | dV>=0 0.372 | beta 0.1000
  bell | direct viol 0.515 | direct dV>=0 0.477 | d_mean +0.00059 | d_std 0.03812 | d_q95 0.07713
[Episode 451/400] Steps: 720 | Reward:   -3.06 | Battery:  75.11% | Loss: -0.0113
Placing Sensors
[Episode 452/400] Steps: 720 | Reward:   -2.76 | Battery:  79.33% | Loss: 
Placing Sensors
Policy -0.0141 | Value 0.0032 | KL 0.01173 | CF 0.1122 | Std 0.1096 | |a| 0.0582 | EV +0.921 | AE nan | Alpha 0.0100 | MB 24/24
  cert | viol 0.000 | dV -0.240077 | V 0.2591 | inball 0.614 | a*_q05 0.01082 | a*_q50 0.03706 | dV>=0 0.000 | n=150 | a_used 0.00534 -> 0.00551
  crit | n=1 | viol 0.544 | V 0.4342 | Vmin 0.1457 | agree +0.462 | a*_q05 -0.00585 | a*_q50 0.00452 | dV>=0 0.300 | beta 0.1000
  bell | direct viol 0.490 | direct dV>=0 0.447 | d_mean +0.00002 | d_std 0.03500 | d_q95 0.06772
[Episode 453/400] Steps: 720 | Reward:   -3.79 | Battery:  77.65% | Loss: -0.0704
Placing Sensors
[Episode 454/400] Steps: 720 | Reward:   -3.61 | Battery:  73.24% | Loss: 
Placing Sensors
Policy -0.0109 | Value 0.0026 | KL 0.01323 | CF 0.1571 | Std 0.1096 | |a| 0.0650 | EV +0.940 | AE nan | Alpha 0.0100 | MB 24/24
  cert | viol 0.028 | dV -0.222864 | V 0.2439 | inball 0.638 | a*_q05 0.00854 | a*_q50 0.03799 | dV>=0 0.000 | n=150 | a_used 0.00551 -> 0.00560
  crit | n=1 | viol 0.747 | V 0.4127 | Vmin 0.1456 | agree +0.627 | a*_q05 -0.00636 | a*_q50 0.00290 | dV>=0 0.335 | beta 0.1000
  bell | direct viol 0.551 | direct dV>=0 0.493 | d_mean +0.00042 | d_std 0.03099 | d_q95 0.06446
[Episode 455/400] Steps: 720 | Reward:   -1.83 | Battery:  84.84% | Loss: -0.0329
Placing Sensors
[Episode 456/400] Steps: 720 | Reward:   -3.81 | Battery:  74.78% | Loss: 
Placing Sensors
Policy -0.0171 | Value 0.0033 | KL 0.00983 | CF 0.1093 | Std 0.1096 | |a| 0.0884 | EV +0.932 | AE nan | Alpha 0.0100 | MB 24/24
  cert | viol 0.074 | dV -0.234416 | V 0.2491 | inball 0.573 | a*_q05 -0.00228 | a*_q50 0.03723 | dV>=0 0.074 | n=150 | a_used 0.00560 -> 0.00576
  crit | n=1 | viol 0.576 | V 0.4786 | Vmin 0.1646 | agree +0.369 | a*_q05 -0.00748 | a*_q50 0.00376 | dV>=0 0.332 | beta 0.1000
  bell | direct viol 0.542 | direct dV>=0 0.495 | d_mean +0.00051 | d_std 0.04061 | d_q95 0.08563
[Episode 457/400] Steps: 720 | Reward:   -3.28 | Battery:  69.26% | Loss: -0.2355
Placing Sensors
[Episode 458/400] Steps: 720 | Reward:   -3.89 | Battery:  78.43% | Loss: 
Placing Sensors
Policy -0.0156 | Value 0.0027 | KL 0.00947 | CF 0.1007 | Std 0.1096 | |a| 0.0693 | EV +0.953 | AE nan | Alpha 0.0100 | MB 24/24
  cert | viol 0.000 | dV -0.289181 | V 0.3037 | inball 0.652 | a*_q05 0.01286 | a*_q50 0.04132 | dV>=0 0.000 | n=150 | a_used 0.00576 -> 0.00592
  crit | n=1 | viol 0.480 | V 0.4058 | Vmin 0.1261 | agree +0.463 | a*_q05 -0.00596 | a*_q50 0.00583 | dV>=0 0.249 | beta 0.1000
  bell | direct viol 0.506 | direct dV>=0 0.470 | d_mean -0.00029 | d_std 0.04475 | d_q95 0.08705
[Episode 459/400] Steps: 720 | Reward:   -2.12 | Battery:  81.18% | Loss: 0.0372
Placing Sensors
[Episode 460/400] Steps: 720 | Reward:   -4.61 | Battery:  82.82% | Loss: 
Placing Sensors
Policy -0.0033 | Value 0.0050 | KL 0.02008 | CF 0.1849 | Std 0.1096 | |a| 0.0600 | EV +0.904 | AE nan | Alpha 0.0100 | MB 18/24
  cert | viol 0.101 | dV -0.258543 | V 0.3145 | inball 0.574 | a*_q05 0.00404 | a*_q50 0.03545 | dV>=0 0.000 | n=150 | a_used 0.00592 -> 0.00575
  crit | n=1 | viol 0.373 | V 0.4946 | Vmin 0.1614 | agree +0.455 | a*_q05 -0.00623 | a*_q50 0.00795 | dV>=0 0.225 | beta 0.1000
  bell | direct viol 0.528 | direct dV>=0 0.481 | d_mean -0.00147 | d_std 0.03482 | d_q95 0.07149
[Episode 461/400] Steps: 720 | Reward:   -3.19 | Battery:  78.60% | Loss: 0.0128
Placing Sensors
[Episode 462/400] Steps: 720 | Reward:   -3.86 | Battery:  85.78% | Loss: 
Placing Sensors
Policy -0.0049 | Value 0.0030 | KL 0.02137 | CF 0.1514 | Std 0.1096 | |a| 0.0710 | EV +0.964 | AE nan | Alpha 0.0100 | MB 24/24
  cert | viol 0.012 | dV -0.275711 | V 0.3095 | inball 0.538 | a*_q05 0.00767 | a*_q50 0.03408 | dV>=0 0.000 | n=150 | a_used 0.00575 -> 0.00583
  crit | n=1 | viol 0.520 | V 0.4711 | Vmin 0.0956 | agree +0.550 | a*_q05 -0.00487 | a*_q50 0.00540 | dV>=0 0.201 | beta 0.1000
  bell | direct viol 0.506 | direct dV>=0 0.469 | d_mean -0.00034 | d_std 0.04414 | d_q95 0.08528
[Episode 463/400] Steps: 720 | Reward:   -3.57 | Battery:  62.49% | Loss: -0.0026
Placing Sensors
[Episode 464/400] Steps: 720 | Reward:   -3.76 | Battery:  74.80% | Loss: 
Placing Sensors
Policy -0.0145 | Value 0.0055 | KL 0.01822 | CF 0.1691 | Std 0.1096 | |a| 0.0803 | EV +0.883 | AE nan | Alpha 0.0100 | MB 24/24
  cert | viol 0.132 | dV -0.216569 | V 0.2955 | inball 0.472 | a*_q05 0.00232 | a*_q50 0.02453 | dV>=0 0.020 | n=150 | a_used 0.00583 -> 0.00524
  crit | n=1 | viol 0.603 | V 0.5802 | Vmin 0.2119 | agree +0.666 | a*_q05 -0.00293 | a*_q50 0.00447 | dV>=0 0.175 | beta 0.1000
  bell | direct viol 0.524 | direct dV>=0 0.471 | d_mean -0.00085 | d_std 0.03809 | d_q95 0.07849
[Episode 465/400] Steps: 720 | Reward:   -5.72 | Battery:  77.36% | Loss: 0.1060
Placing Sensors
[Episode 466/400] Steps: 720 | Reward:   -2.09 | Battery:  76.78% | Loss: 
Placing Sensors
Policy -0.0077 | Value 0.0069 | KL 0.01876 | CF 0.1527 | Std 0.1096 | |a| 0.0694 | EV +0.898 | AE nan | Alpha 0.0100 | MB 18/24
  cert | viol 0.040 | dV -0.236838 | V 0.2750 | inball 0.557 | a*_q05 0.00657 | a*_q50 0.03413 | dV>=0 0.000 | n=150 | a_used 0.00524 -> 0.00534
  crit | n=1 | viol 0.518 | V 0.5297 | Vmin 0.1771 | agree +0.405 | a*_q05 -0.00710 | a*_q50 0.00493 | dV>=0 0.298 | beta 0.1000
  bell | direct viol 0.499 | direct dV>=0 0.468 | d_mean +0.00076 | d_std 0.04056 | d_q95 0.08453
[Episode 467/400] Steps: 720 | Reward:   -4.82 | Battery:  76.41% | Loss: -0.0868
Placing Sensors
[Episode 468/400] Steps: 720 | Reward:   -4.11 | Battery:  80.25% | Loss: 
Placing Sensors
Policy -0.0074 | Value 0.0054 | KL 0.01569 | CF 0.1700 | Std 0.1096 | |a| 0.0707 | EV +0.918 | AE nan | Alpha 0.0100 | MB 24/24
  cert | viol 0.009 | dV -0.328151 | V 0.3539 | inball 0.603 | a*_q05 0.00984 | a*_q50 0.03964 | dV>=0 0.000 | n=150 | a_used 0.00534 -> 0.00551
  crit | n=1 | viol 0.589 | V 0.5283 | Vmin 0.1696 | agree +0.606 | a*_q05 -0.00683 | a*_q50 0.00355 | dV>=0 0.364 | beta 0.1000
  bell | direct viol 0.499 | direct dV>=0 0.461 | d_mean +0.00054 | d_std 0.03341 | d_q95 0.06639
[Episode 469/400] Steps: 720 | Reward:   -3.06 | Battery:  80.40% | Loss: -0.0030
Placing Sensors
[Episode 470/400] Steps: 720 | Reward:   -4.15 | Battery:  79.12% | Loss: 
Placing Sensors
Policy -0.0036 | Value 0.0034 | KL 0.01113 | CF 0.1079 | Std 0.1096 | |a| 0.0734 | EV +0.932 | AE nan | Alpha 0.0100 | MB 24/24
  cert | viol 0.049 | dV -0.212545 | V 0.2425 | inball 0.599 | a*_q05 0.00632 | a*_q50 0.03307 | dV>=0 0.000 | n=150 | a_used 0.00551 -> 0.00561
  crit | n=1 | viol 0.333 | V 0.4139 | Vmin 0.1453 | agree +0.509 | a*_q05 -0.00297 | a*_q50 0.00864 | dV>=0 0.108 | beta 0.1000
  bell | direct viol 0.493 | direct dV>=0 0.457 | d_mean -0.00019 | d_std 0.03434 | d_q95 0.07162
[Episode 471/400] Steps: 720 | Reward:   -2.64 | Battery:  81.22% | Loss: 0.0651
Placing Sensors
[Episode 472/400] Steps: 720 | Reward:   -3.74 | Battery:  78.60% | Loss: 
Placing Sensors
Policy 0.0038 | Value 0.0043 | KL 0.01942 | CF 0.1846 | Std 0.1096 | |a| 0.0629 | EV +0.948 | AE nan | Alpha 0.0100 | MB 12/24
  cert | viol 0.020 | dV -0.278324 | V 0.3044 | inball 0.612 | a*_q05 0.00843 | a*_q50 0.03829 | dV>=0 0.000 | n=150 | a_used 0.00561 -> 0.00578
  crit | n=1 | viol 0.606 | V 0.4283 | Vmin 0.1465 | agree +0.574 | a*_q05 -0.00668 | a*_q50 0.00426 | dV>=0 0.306 | beta 0.1000
  bell | direct viol 0.496 | direct dV>=0 0.458 | d_mean +0.00028 | d_std 0.03604 | d_q95 0.07607
[Episode 473/400] Steps: 720 | Reward:   -2.97 | Battery:  72.91% | Loss: -0.0827
Placing Sensors
[Episode 474/400] Steps: 720 | Reward:   -3.60 | Battery:  63.34% | Loss: 
Placing Sensors
Policy -0.0045 | Value 0.0031 | KL 0.01367 | CF 0.1667 | Std 0.1096 | |a| 0.0664 | EV +0.936 | AE nan | Alpha 0.0100 | MB 24/24
  cert | viol 0.070 | dV -0.207582 | V 0.2295 | inball 0.543 | a*_q05 -0.00210 | a*_q50 0.03728 | dV>=0 0.052 | n=150 | a_used 0.00578 -> 0.00588
  crit | n=1 | viol 0.617 | V 0.4438 | Vmin 0.1115 | agree +0.404 | a*_q05 -0.00662 | a*_q50 0.00431 | dV>=0 0.327 | beta 0.1000
  bell | direct viol 0.534 | direct dV>=0 0.487 | d_mean +0.00012 | d_std 0.03565 | d_q95 0.07392
[Episode 475/400] Steps: 720 | Reward:   -2.69 | Battery:  82.38% | Loss: 0.0951
Placing Sensors
[Episode 476/400] Steps: 720 | Reward:   -4.40 | Battery:  77.71% | Loss: 
Placing Sensors
Policy -0.0179 | Value 0.0040 | KL 0.01533 | CF 0.1665 | Std 0.1096 | |a| 0.0617 | EV +0.946 | AE nan | Alpha 0.0100 | MB 24/24
  cert | viol 0.069 | dV -0.262510 | V 0.3086 | inball 0.583 | a*_q05 0.00516 | a*_q50 0.03375 | dV>=0 0.000 | n=150 | a_used 0.00588 -> 0.00567
  crit | n=1 | viol 0.424 | V 0.4706 | Vmin 0.1518 | agree +0.500 | a*_q05 -0.00613 | a*_q50 0.00745 | dV>=0 0.199 | beta 0.1000
  bell | direct viol 0.515 | direct dV>=0 0.482 | d_mean -0.00070 | d_std 0.03819 | d_q95 0.07879
[Episode 477/400] Steps: 720 | Reward:   -3.00 | Battery:  86.07% | Loss: -0.0928
Placing Sensors
[Episode 478/400] Steps: 720 | Reward:   -1.92 | Battery:  81.17% | Loss: 
Placing Sensors
Policy -0.0086 | Value 0.0037 | KL 0.01363 | CF 0.1528 | Std 0.1096 | |a| 0.0575 | EV +0.931 | AE nan | Alpha 0.0100 | MB 24/24
  cert | viol 0.000 | dV -0.215547 | V 0.2220 | inball 0.656 | a*_q05 0.01611 | a*_q50 0.04081 | dV>=0 0.000 | n=150 | a_used 0.00567 -> 0.00583
  crit | n=1 | viol 0.808 | V 0.4206 | Vmin 0.1418 | agree +0.525 | a*_q05 -0.00677 | a*_q50 0.00107 | dV>=0 0.459 | beta 0.1000
  bell | direct viol 0.502 | direct dV>=0 0.467 | d_mean +0.00186 | d_std 0.03357 | d_q95 0.06695
[Episode 479/400] Steps: 720 | Reward:   -3.01 | Battery:  79.26% | Loss: 0.0472
Placing Sensors
[Episode 480/400] Steps: 720 | Reward:   -3.54 | Battery:  79.48% | Loss: 
Placing Sensors
Policy -0.0136 | Value 0.0033 | KL 0.01017 | CF 0.1121 | Std 0.1096 | |a| 0.0612 | EV +0.942 | AE nan | Alpha 0.0100 | MB 24/24
  cert | viol 0.079 | dV -0.231506 | V 0.2743 | inball 0.576 | a*_q05 0.00470 | a*_q50 0.03027 | dV>=0 0.000 | n=150 | a_used 0.00583 -> 0.00569
  crit | n=1 | viol 0.365 | V 0.4327 | Vmin 0.1479 | agree +0.412 | a*_q05 -0.00271 | a*_q50 0.00844 | dV>=0 0.131 | beta 0.1000
  bell | direct viol 0.531 | direct dV>=0 0.497 | d_mean -0.00139 | d_std 0.03780 | d_q95 0.07802
[Episode 481/400] Steps: 720 | Reward:   -3.84 | Battery:  81.30% | Loss: -0.1341
Placing Sensors
[Episode 482/400] Steps: 720 | Reward:   -3.76 | Battery:  77.87% | Loss: 
Placing Sensors
Policy -0.0054 | Value 0.0038 | KL 0.01826 | CF 0.1490 | Std 0.1096 | |a| 0.0605 | EV +0.953 | AE nan | Alpha 0.0100 | MB 12/24
  cert | viol 0.015 | dV -0.268726 | V 0.3008 | inball 0.567 | a*_q05 0.00766 | a*_q50 0.03372 | dV>=0 0.000 | n=150 | a_used 0.00569 -> 0.00579
  crit | n=1 | viol 0.321 | V 0.4453 | Vmin 0.1430 | agree +0.538 | a*_q05 -0.00464 | a*_q50 0.00848 | dV>=0 0.164 | beta 0.1000
  bell | direct viol 0.498 | direct dV>=0 0.454 | d_mean -0.00061 | d_std 0.03462 | d_q95 0.07049
[Episode 483/400] Steps: 720 | Reward:   -3.71 | Battery:  78.41% | Loss: -0.0070
Placing Sensors
[Episode 484/400] Steps: 720 | Reward:   -5.24 | Battery:  84.50% | Loss: 
Placing Sensors
Policy -0.0114 | Value 0.0046 | KL 0.01505 | CF 0.1658 | Std 0.1096 | |a| 0.0713 | EV +0.943 | AE nan | Alpha 0.0100 | MB 24/24
  cert | viol 0.072 | dV -0.263034 | V 0.3143 | inball 0.538 | a*_q05 0.00520 | a*_q50 0.02922 | dV>=0 0.000 | n=150 | a_used 0.00579 -> 0.00586
  crit | n=1 | viol 0.283 | V 0.5063 | Vmin 0.1337 | agree +0.542 | a*_q05 -0.00179 | a*_q50 0.00876 | dV>=0 0.085 | beta 0.1000
  bell | direct viol 0.512 | direct dV>=0 0.467 | d_mean -0.00162 | d_std 0.04385 | d_q95 0.09255
[Episode 485/400] Steps: 720 | Reward:   -3.59 | Battery:  78.55% | Loss: -0.0904
Placing Sensors
[Episode 486/400] Steps: 720 | Reward:   -2.94 | Battery:  83.91% | Loss: 
Placing Sensors
Policy -0.0183 | Value 0.0027 | KL 0.01530 | CF 0.1157 | Std 0.1097 | |a| 0.0551 | EV +0.948 | AE nan | Alpha 0.0100 | MB 24/24
  cert | viol 0.000 | dV -0.241720 | V 0.2573 | inball 0.651 | a*_q05 0.01077 | a*_q50 0.04029 | dV>=0 0.000 | n=150 | a_used 0.00586 -> 0.00601
  crit | n=1 | viol 0.686 | V 0.4200 | Vmin 0.1236 | agree +0.612 | a*_q05 -0.00638 | a*_q50 0.00334 | dV>=0 0.308 | beta 0.1000
  bell | direct viol 0.484 | direct dV>=0 0.438 | d_mean +0.00176 | d_std 0.03595 | d_q95 0.07468
[Episode 487/400] Steps: 720 | Reward:   -2.55 | Battery:  80.12% | Loss: -0.0372
Placing Sensors
[Episode 488/400] Steps:  64 | Reward:  -17.74 | Battery:   0.00% | Loss: 
Placing Sensors
[Episode 489/400] Steps: 720 | Reward:   -2.76 | Battery:  71.69% | Loss: 
Placing Sensors
Policy -0.0013 | Value 0.0163 | KL 0.02162 | CF 0.1589 | Std 0.1096 | |a| 0.0659 | EV +0.778 | AE nan | Alpha 0.0100 | MB 24/24
  cert | viol 0.000 | dV -0.229970 | V 0.2423 | inball 0.611 | a*_q05 0.01134 | a*_q50 0.04018 | dV>=0 0.000 | n=150 | a_used 0.00601 -> 0.00617
  crit | n=1 | viol 0.667 | V 0.4742 | Vmin 0.1387 | agree +0.616 | a*_q05 -0.00620 | a*_q50 0.00271 | dV>=0 0.322 | beta 0.1000
  bell | direct viol 0.518 | direct dV>=0 0.483 | d_mean -0.00021 | d_std 0.04063 | d_q95 0.07509
[Episode 490/400] Steps: 720 | Reward:   -2.48 | Battery:  81.75% | Loss: -0.0203
Placing Sensors
[Episode 491/400] Steps: 720 | Reward:   -3.44 | Battery:  71.15% | Loss: 
Placing Sensors
Policy -0.0095 | Value 0.0100 | KL 0.01115 | CF 0.1014 | Std 0.1096 | |a| 0.0831 | EV +0.830 | AE nan | Alpha 0.0100 | MB 24/24
  cert | viol 0.023 | dV -0.243313 | V 0.2725 | inball 0.574 | a*_q05 0.00730 | a*_q50 0.03771 | dV>=0 0.000 | n=150 | a_used 0.00617 -> 0.00623
  crit | n=1 | viol 0.756 | V 0.5290 | Vmin 0.1131 | agree +0.482 | a*_q05 -0.00606 | a*_q50 0.00322 | dV>=0 0.370 | beta 0.1000
  bell | direct viol 0.506 | direct dV>=0 0.457 | d_mean +0.00306 | d_std 0.04506 | d_q95 0.09215
[Episode 492/400] Steps: 720 | Reward:   -3.14 | Battery:  67.50% | Loss: -0.0105
Placing Sensors
[Episode 493/400] Steps: 720 | Reward:   -4.02 | Battery:  71.60% | Loss: 
Placing Sensors
Policy -0.0126 | Value 0.0052 | KL 0.01353 | CF 0.1205 | Std 0.1096 | |a| 0.0817 | EV +0.907 | AE nan | Alpha 0.0100 | MB 24/24
  cert | viol 0.040 | dV -0.258148 | V 0.2934 | inball 0.517 | a*_q05 0.00711 | a*_q50 0.03330 | dV>=0 0.000 | n=150 | a_used 0.00623 -> 0.00629
  crit | n=1 | viol 0.569 | V 0.5483 | Vmin 0.1705 | agree +0.423 | a*_q05 -0.00492 | a*_q50 0.00524 | dV>=0 0.289 | beta 0.1000
  bell | direct viol 0.521 | direct dV>=0 0.471 | d_mean +0.00070 | d_std 0.03858 | d_q95 0.07696
[Episode 494/400] Steps: 720 | Reward:   -4.27 | Battery:  68.28% | Loss: -0.0247
Placing Sensors
[Episode 495/400] Steps: 720 | Reward:   -1.82 | Battery:  86.08% | Loss: 
Placing Sensors
Policy -0.0080 | Value 0.0036 | KL 0.01460 | CF 0.1384 | Std 0.1097 | |a| 0.0582 | EV +0.951 | AE nan | Alpha 0.0100 | MB 24/24
  cert | viol 0.000 | dV -0.214474 | V 0.2240 | inball 0.663 | a*_q05 0.01422 | a*_q50 0.04027 | dV>=0 0.000 | n=150 | a_used 0.00629 -> 0.00643
  crit | n=1 | viol 0.844 | V 0.4347 | Vmin 0.1554 | agree +0.500 | a*_q05 -0.00603 | a*_q50 0.00205 | dV>=0 0.348 | beta 0.1000
  bell | direct viol 0.508 | direct dV>=0 0.470 | d_mean +0.00383 | d_std 0.04009 | d_q95 0.08007
[Episode 496/400] Steps: 720 | Reward:   -2.88 | Battery:  75.07% | Loss: -0.1672
Placing Sensors
[Episode 497/400] Steps: 720 | Reward:   -3.38 | Battery:  75.15% | Loss: 
Placing Sensors
Policy -0.0057 | Value 0.0029 | KL 0.01778 | CF 0.1904 | Std 0.1097 | |a| 0.0623 | EV +0.950 | AE nan | Alpha 0.0100 | MB 24/24
  cert | viol 0.020 | dV -0.229062 | V 0.2490 | inball 0.624 | a*_q05 0.00877 | a*_q50 0.03778 | dV>=0 0.000 | n=150 | a_used 0.00643 -> 0.00655
  crit | n=1 | viol 0.470 | V 0.4288 | Vmin 0.1414 | agree +0.451 | a*_q05 -0.00315 | a*_q50 0.00684 | dV>=0 0.128 | beta 0.1000
  bell | direct viol 0.504 | direct dV>=0 0.475 | d_mean -0.00034 | d_std 0.03673 | d_q95 0.07403
[Episode 498/400] Steps: 720 | Reward:   -2.79 | Battery:  86.68% | Loss: 0.0613
Placing Sensors
[Episode 499/400] Steps: 720 | Reward:   -2.42 | Battery:  83.18% | Loss: 
[budget] 288432 transitions collected over 499 episodes -- step budget met, stopping.
Placing Sensors
  [validation 1/10] steps 720 | battery  35.3% ->  79.7% (min  31.0%) | reward    -3.50 | |a| 0.050 | path     558 m
Placing Sensors
  [validation 2/10] steps 720 | battery  38.9% ->  84.3% (min  36.6%) | reward    -2.23 | |a| 0.038 | path     363 m
Placing Sensors
  [validation 3/10] steps 720 | battery  35.3% ->  85.3% (min  30.4%) | reward    -2.92 | |a| 0.060 | path     354 m
Placing Sensors
  [validation 4/10] steps 720 | battery  35.2% ->  84.8% (min  33.4%) | reward    -1.58 | |a| 0.040 | path     406 m
Placing Sensors
  [validation 5/10] steps 720 | battery  34.6% ->  62.0% (min  29.1%) | reward    -2.70 | |a| 0.083 | path     275 m
Placing Sensors
  [validation 6/10] steps 720 | battery  36.5% ->  84.8% (min  20.1%) | reward    -4.25 | |a| 0.060 | path     710 m
Placing Sensors
  [validation 7/10] steps 720 | battery  32.8% ->  79.0% (min  25.3%) | reward    -3.00 | |a| 0.054 | path     621 m
Placing Sensors
  [validation 8/10] steps 720 | battery  33.6% ->  86.3% (min  29.4%) | reward    -2.56 | |a| 0.047 | path     507 m
Placing Sensors
  [validation 9/10] steps 720 | battery  31.2% ->  66.3% (min  30.7%) | reward    -1.70 | |a| 0.061 | path     372 m
Placing Sensors
  [validation 10/10] steps 720 | battery  33.1% ->  82.8% (min  23.7%) | reward    -2.26 | |a| 0.049 | path     494 m

==============================================================================
VALIDATION COMPLETE -- 10 independent deterministic episodes
==============================================================================
metric                       mean        std        min        max
reward                      -2.67       0.81      -4.25      -1.58
final battery %             79.52       8.51      61.96      86.26
min battery %               28.97       4.78      20.13      36.60
steps                      720.00       0.00     720.00     720.00
solar W                     29.17       2.22      26.50      32.26
|action|                     0.05       0.01       0.04       0.08
path m                     465.86     135.89     274.94     709.52
tortuosity                   4.41       2.05       2.40       8.44
motion mAh                 329.05      96.27     200.18     498.24
idle mAh                 11582.61       0.66   11582.40   11584.48

survived full 720 steps : 10/10
ended below 20% battery         : 0/10
ended above 70% battery         : 8/10

reward 95% CI: -2.67 +- 0.50  (-3.17 to -2.17)

total step rows written: 7200

==============================================
WALL CLOCK BREAKDOWN
==============================================
Total run time        :   17637.15 s
  Rollout (training)  :   17057.34 s  ( 96.7%)
    - policy inference:     268.87 s  (  1.5%)
    - env + reward    :   16788.47 s  ( 95.2%)
  PPO update()        :      67.69 s  (  0.4%)
  Checkpoint saves    :       0.01 s  (  0.0%)
  Final evaluation    :     384.17 s  (  2.2%)
  Other / logging     :     127.94 s  (  0.7%)

==============================================
PER-CALL AVERAGES
==============================================
Policy inference      :   295632 calls |    0.932 ms/step
  final eval only     :     7200 calls |    0.918 ms/step
PPO update()          :      194 calls |  348.905 ms/update
Episode               :      400 eps   |   43.132 s/episode

update() share of wall clock: 0.4%
