Placing Sensors
[cost] critic head: beta*softplus, spectral, beta0 = 0.3, gain target = 0.9
Placing Sensors
[Episode 1/400] Steps: 720 | Reward:   -6.04 | Battery:  45.04% | Loss: 
Placing Sensors
Policy -0.0032 | Value 0.0162 | KL 0.00396 | CF 0.0403 | Std 0.1054 | |a| 0.0061 | EV -0.992 | Rsd 0.132 | Res 0.188 | AE nan | Alpha 0.9261 | MB 24/24
  cert | viol 0.305 | dV -0.240888 | V 0.3363 | inball 0.332 | a*_q05 0.00235 | a*_q50 0.02047 | dV>=0 0.012 | n=150 | a_used 0.01000 -> 0.00926
  crit | n=1 | viol 0.937 | V 0.8636 | Vmin 0.6931 | agree +0.683 | a*_q05 -0.00718 | a*_q50 0.00154 | dV>=0 0.388 | beta 0.3006
  bell | direct viol 0.979 | direct dV>=0 0.445 | d_mean -0.00127 | d_std 0.00588 | d_q95 0.01110
[Episode 2/400] Steps: 720 | Reward:   -6.35 | Battery:  53.82% | Loss: 1.4718
Placing Sensors
[Episode 3/400] Steps: 720 | Reward:   -6.19 | Battery:  31.97% | Loss: 
Placing Sensors
[Episode 4/400] Steps: 126 | Reward:  -17.35 | Battery:   0.00% | Loss: 
Placing Sensors
[Episode 5/400] Steps: 103 | Reward:  -17.43 | Battery:   0.00% | Loss: 
Placing Sensors
[Episode 6/400] Steps: 100 | Reward:  -17.48 | Battery:   0.00% | Loss: 
Placing Sensors
[Episode 7/400] Steps:  89 | Reward:  -17.62 | Battery:   0.00% | Loss: 
Placing Sensors
[Episode 8/400] Steps:  85 | Reward:  -17.69 | Battery:   0.00% | Loss: 
Placing Sensors
[Episode 9/400] Steps:  85 | Reward:  -17.65 | Battery:   0.00% | Loss: 
Placing Sensors
[Episode 10/400] Steps:  80 | Reward:  -17.62 | Battery:   0.00% | Loss: 
Placing Sensors
Policy 0.0069 | Value 0.0634 | KL 0.00265 | CF 0.0208 | Std 0.1055 | |a| 0.0102 | EV +0.260 | Rsd 0.465 | Res 0.480 | AE nan | Alpha 0.8277 | MB 36/36
  cert | viol 0.500 | dV -0.133929 | V 0.2553 | inball 0.106 | a*_q05 -0.02296 | a*_q50 0.00944 | dV>=0 0.159 | n=150 | a_used 0.00926 -> 0.00879
  crit | n=1 | viol 0.918 | V 1.1329 | Vmin 0.6812 | agree +0.725 | a*_q05 -0.00495 | a*_q50 0.00149 | dV>=0 0.347 | beta 0.3014
  bell | direct viol 0.899 | direct dV>=0 0.483 | d_mean -0.00242 | d_std 0.01062 | d_q95 0.02232
[Episode 11/400] Steps: 720 | Reward:   -7.70 | Battery:  38.75% | Loss: 1.5228
Placing Sensors
[Episode 12/400] Steps:  65 | Reward:  -17.79 | Battery:   0.00% | Loss: 
Placing Sensors
[Episode 13/400] Steps: 720 | Reward:   -7.63 | Battery:  39.88% | Loss: 
Placing Sensors
[Episode 14/400] Steps:  69 | Reward:  -17.64 | Battery:   0.00% | Loss: 
Placing Sensors
[Episode 15/400] Steps:  86 | Reward:  -17.48 | Battery:   0.00% | Loss: 
Placing Sensors
Policy -0.0117 | Value 0.0195 | KL 0.00305 | CF 0.0288 | Std 0.1057 | |a| 0.0081 | EV +0.534 | Rsd 0.415 | Res 0.303 | AE nan | Alpha 0.7576 | MB 28/28
  cert | viol 0.435 | dV -0.244353 | V 0.4162 | inball 0.208 | a*_q05 -0.00706 | a*_q50 0.01210 | dV>=0 0.081 | n=150 | a_used 0.00879 -> 0.00835
  crit | n=1 | viol 0.942 | V 1.1534 | Vmin 0.6778 | agree +0.586 | a*_q05 -0.00735 | a*_q50 0.00171 | dV>=0 0.370 | beta 0.3025
  bell | direct viol 0.914 | direct dV>=0 0.493 | d_mean -0.00205 | d_std 0.00956 | d_q95 0.01964
[Episode 16/400] Steps: 720 | Reward:   -7.75 | Battery:  66.19% | Loss: 1.1770
Placing Sensors
[Episode 17/400] Steps: 102 | Reward:  -17.51 | Battery:   0.00% | Loss: 
Placing Sensors
[Episode 18/400] Steps:  82 | Reward:  -17.66 | Battery:   0.00% | Loss: 
Placing Sensors
[Episode 19/400] Steps: 720 | Reward:   -6.70 | Battery:  58.83% | Loss: 
Placing Sensors
[Episode 20/400] Steps:  96 | Reward:  -17.46 | Battery:   0.00% | Loss: 
Placing Sensors
[Episode 21/400] Steps:  82 | Reward:  -17.60 | Battery:   0.00% | Loss: 
Placing Sensors
Policy -0.0067 | Value 0.0300 | KL 0.00298 | CF 0.0276 | Std 0.1059 | |a| 0.0055 | EV +0.758 | Rsd 0.504 | Res 0.259 | AE nan | Alpha 0.6882 | MB 32/32
  cert | viol 0.531 | dV -0.201189 | V 0.3377 | inball 0.125 | a*_q05 -0.01167 | a*_q50 0.00837 | dV>=0 0.129 | n=150 | a_used 0.00835 -> 0.00836
  crit | n=1 | viol 0.958 | V 1.2331 | Vmin 0.6853 | agree +0.650 | a*_q05 -0.00567 | a*_q50 -0.00014 | dV>=0 0.517 | beta 0.3053
  bell | direct viol 0.879 | direct dV>=0 0.500 | d_mean -0.00091 | d_std 0.01274 | d_q95 0.02555
[Episode 22/400] Steps: 720 | Reward:   -8.07 | Battery:  40.66% | Loss: 1.5610
Placing Sensors
[Episode 23/400] Steps:  95 | Reward:  -17.51 | Battery:   0.00% | Loss: 
Placing Sensors
[Episode 24/400] Steps: 720 | Reward:   -7.97 | Battery:  34.60% | Loss: 
Placing Sensors
Policy -0.0026 | Value 0.0135 | KL 0.00374 | CF 0.0362 | Std 0.1060 | |a| 0.0076 | EV +0.798 | Rsd 0.439 | Res 0.199 | AE nan | Alpha 0.6342 | MB 24/24
  cert | viol 0.420 | dV -0.202408 | V 0.3599 | inball 0.180 | a*_q05 -0.00369 | a*_q50 0.01242 | dV>=0 0.066 | n=150 | a_used 0.00836 -> 0.00794
  crit | n=1 | viol 0.937 | V 1.1023 | Vmin 0.6836 | agree +0.503 | a*_q05 -0.00640 | a*_q50 0.00099 | dV>=0 0.442 | beta 0.3063
  bell | direct viol 0.902 | direct dV>=0 0.478 | d_mean -0.00106 | d_std 0.01011 | d_q95 0.01965
[Episode 25/400] Steps: 720 | Reward:   -7.59 | Battery:  84.89% | Loss: 1.1274
Placing Sensors
[Episode 26/400] Steps:  84 | Reward:  -17.66 | Battery:   0.00% | Loss: 
Placing Sensors
[Episode 27/400] Steps: 720 | Reward:   -8.43 | Battery:  33.54% | Loss: 
Placing Sensors
[Episode 28/400] Steps:  86 | Reward:  -17.61 | Battery:   0.00% | Loss: 
Placing Sensors
Policy -0.0026 | Value 0.0191 | KL 0.00430 | CF 0.0442 | Std 0.1062 | |a| 0.0102 | EV +0.784 | Rsd 0.459 | Res 0.216 | AE nan | Alpha 0.5820 | MB 28/28
  cert | viol 0.511 | dV -0.153268 | V 0.3076 | inball 0.209 | a*_q05 -0.01613 | a*_q50 0.00739 | dV>=0 0.266 | n=150 | a_used 0.00794 -> 0.00754
  crit | n=1 | viol 0.951 | V 1.1545 | Vmin 0.6490 | agree +0.524 | a*_q05 -0.00607 | a*_q50 0.00025 | dV>=0 0.486 | beta 0.3056
  bell | direct viol 0.862 | direct dV>=0 0.479 | d_mean -0.00048 | d_std 0.01158 | d_q95 0.02333
[Episode 29/400] Steps: 720 | Reward:   -5.33 | Battery:  64.43% | Loss: 0.9809
Placing Sensors
[Episode 30/400] Steps:  90 | Reward:  -17.46 | Battery:   0.00% | Loss: 
Placing Sensors
[Episode 31/400] Steps: 220 | Reward:  -16.85 | Battery:   0.00% | Loss: 
Placing Sensors
[Episode 32/400] Steps: 120 | Reward:  -17.44 | Battery:   0.00% | Loss: 
Placing Sensors
[Episode 33/400] Steps: 720 | Reward:   -7.12 | Battery:  55.07% | Loss: 
Placing Sensors
[Episode 34/400] Steps: 107 | Reward:  -17.53 | Battery:   0.00% | Loss: 
Placing Sensors
[Episode 35/400] Steps:  65 | Reward:  -17.73 | Battery:   0.00% | Loss: 
Placing Sensors
Policy -0.0032 | Value 0.0227 | KL 0.00577 | CF 0.0693 | Std 0.1065 | |a| 0.0134 | EV +0.774 | Rsd 0.538 | Res 0.260 | AE nan | Alpha 0.5220 | MB 32/32
  cert | viol 0.451 | dV -0.148612 | V 0.3003 | inball 0.064 | a*_q05 -0.01526 | a*_q50 0.00828 | dV>=0 0.225 | n=150 | a_used 0.00754 -> 0.00716
  crit | n=1 | viol 0.985 | V 1.4015 | Vmin 0.6341 | agree +0.649 | a*_q05 -0.00611 | a*_q50 -0.00024 | dV>=0 0.530 | beta 0.3073
  bell | direct viol 0.858 | direct dV>=0 0.490 | d_mean +0.00020 | d_std 0.01527 | d_q95 0.02639
[Episode 36/400] Steps: 720 | Reward:   -7.45 | Battery:  50.41% | Loss: 0.8996
Placing Sensors
[Episode 37/400] Steps: 720 | Reward:   -6.84 | Battery:  59.34% | Loss: 
Placing Sensors
Policy -0.0052 | Value 0.0099 | KL 0.00405 | CF 0.0492 | Std 0.1067 | |a| 0.0088 | EV +0.842 | Rsd 0.404 | Res 0.168 | AE nan | Alpha 0.4834 | MB 24/24
  cert | viol 0.357 | dV -0.218596 | V 0.3850 | inball 0.199 | a*_q05 -0.00151 | a*_q50 0.01329 | dV>=0 0.098 | n=150 | a_used 0.00716 -> 0.00681
  crit | n=1 | viol 0.869 | V 1.1316 | Vmin 0.6660 | agree +0.355 | a*_q05 -0.00691 | a*_q50 -0.00035 | dV>=0 0.518 | beta 0.3065
  bell | direct viol 0.875 | direct dV>=0 0.434 | d_mean +0.00135 | d_std 0.01142 | d_q95 0.02110
[Episode 38/400] Steps: 720 | Reward:   -8.31 | Battery:  59.10% | Loss: 0.7936
Placing Sensors
[Episode 39/400] Steps: 108 | Reward:  -17.50 | Battery:   0.00% | Loss: 
Placing Sensors
[Episode 40/400] Steps: 104 | Reward:  -17.41 | Battery:   0.00% | Loss: 
Placing Sensors
[Episode 41/400] Steps:  71 | Reward:  -17.75 | Battery:   0.00% | Loss: 
Placing Sensors
[Episode 42/400] Steps:  67 | Reward:  -17.62 | Battery:   0.00% | Loss: 
Placing Sensors
[Episode 43/400] Steps: 128 | Reward:  -17.40 | Battery:   0.00% | Loss: 
Placing Sensors
[Episode 44/400] Steps: 720 | Reward:   -6.68 | Battery:  41.84% | Loss: 
Placing Sensors
Policy -0.0058 | Value 0.0237 | KL 0.00346 | CF 0.0343 | Std 0.1070 | |a| 0.0094 | EV +0.776 | Rsd 0.545 | Res 0.260 | AE nan | Alpha 0.4364 | MB 32/32
  cert | viol 0.284 | dV -0.212037 | V 0.3182 | inball 0.192 | a*_q05 -0.02142 | a*_q50 0.01724 | dV>=0 0.124 | n=150 | a_used 0.00681 -> 0.00647
  crit | n=1 | viol 0.959 | V 1.3154 | Vmin 0.5884 | agree +0.689 | a*_q05 -0.00654 | a*_q50 -0.00030 | dV>=0 0.536 | beta 0.3041
  bell | direct viol 0.839 | direct dV>=0 0.477 | d_mean +0.00043 | d_std 0.01439 | d_q95 0.02616
[Episode 45/400] Steps: 720 | Reward:   -6.62 | Battery:  39.74% | Loss: 0.6169
Placing Sensors
[Episode 46/400] Steps: 720 | Reward:   -7.36 | Battery:  66.43% | Loss: 
Placing Sensors
[Episode 47/400] Steps:  70 | Reward:  -17.78 | Battery:   0.00% | Loss: 
Placing Sensors
[Episode 48/400] Steps:  91 | Reward:  -17.38 | Battery:   0.00% | Loss: 
Placing Sensors
Policy -0.0055 | Value 0.0148 | KL 0.00580 | CF 0.0719 | Std 0.1073 | |a| 0.0105 | EV +0.793 | Rsd 0.497 | Res 0.227 | AE nan | Alpha 0.4007 | MB 28/28
  cert | viol 0.401 | dV -0.165363 | V 0.2834 | inball 0.249 | a*_q05 -0.00742 | a*_q50 0.01098 | dV>=0 0.268 | n=150 | a_used 0.00647 -> 0.00614
  crit | n=1 | viol 0.919 | V 1.0774 | Vmin 0.4903 | agree +0.582 | a*_q05 -0.00712 | a*_q50 -0.00119 | dV>=0 0.599 | beta 0.2998
  bell | direct viol 0.805 | direct dV>=0 0.519 | d_mean +0.00059 | d_std 0.01713 | d_q95 0.03137
[Episode 49/400] Steps: 720 | Reward:   -3.77 | Battery:  73.60% | Loss: 0.7101
Placing Sensors
[Episode 50/400] Steps: 720 | Reward:   -6.25 | Battery:  46.29% | Loss: 
Placing Sensors
[Episode 51/400] Steps:  91 | Reward:  -17.45 | Battery:   0.00% | Loss: 
Placing Sensors
Policy -0.0053 | Value 0.0092 | KL 0.00682 | CF 0.0920 | Std 0.1075 | |a| 0.0115 | EV +0.839 | Rsd 0.428 | Res 0.171 | AE nan | Alpha 0.3693 | MB 24/24
  cert | viol 0.273 | dV -0.190698 | V 0.3087 | inball 0.233 | a*_q05 0.00122 | a*_q50 0.01194 | dV>=0 0.018 | n=150 | a_used 0.00614 -> 0.00590
  crit | n=1 | viol 0.854 | V 1.0063 | Vmin 0.5412 | agree +0.432 | a*_q05 -0.00725 | a*_q50 0.00112 | dV>=0 0.427 | beta 0.2976
  bell | direct viol 0.766 | direct dV>=0 0.482 | d_mean -0.00052 | d_std 0.02204 | d_q95 0.03951
[Episode 52/400] Steps: 720 | Reward:   -6.51 | Battery:  67.02% | Loss: 0.6871
Placing Sensors
[Episode 53/400] Steps: 720 | Reward:   -4.09 | Battery:  76.46% | Loss: 
Placing Sensors
[Episode 54/400] Steps: 125 | Reward:  -17.19 | Battery:   0.00% | Loss: 
Placing Sensors
[Episode 55/400] Steps: 107 | Reward:  -17.38 | Battery:   0.00% | Loss: 
Placing Sensors
[Episode 56/400] Steps:  92 | Reward:  -17.54 | Battery:   0.00% | Loss: 
Placing Sensors
[Episode 57/400] Steps:  61 | Reward:  -17.71 | Battery:   0.00% | Loss: 
Placing Sensors
Policy 0.0139 | Value 0.0129 | KL 0.00585 | CF 0.0652 | Std 0.1077 | |a| 0.0099 | EV +0.902 | Rsd 0.632 | Res 0.200 | AE nan | Alpha 0.3351 | MB 32/32
  cert | viol 0.063 | dV -0.219876 | V 0.2724 | inball 0.385 | a*_q05 0.00596 | a*_q50 0.02575 | dV>=0 0.000 | n=150 | a_used 0.00590 -> 0.00594
  crit | n=1 | viol 0.807 | V 1.0126 | Vmin 0.4165 | agree +0.733 | a*_q05 -0.00657 | a*_q50 0.00122 | dV>=0 0.395 | beta 0.2911
  bell | direct viol 0.763 | direct dV>=0 0.492 | d_mean -0.00060 | d_std 0.01843 | d_q95 0.03345
[Episode 58/400] Steps: 720 | Reward:   -4.80 | Battery:  68.07% | Loss: 0.6027
Placing Sensors
[Episode 59/400] Steps: 720 | Reward:   -6.46 | Battery:  72.64% | Loss: 
Placing Sensors
[Episode 60/400] Steps: 125 | Reward:  -17.38 | Battery:   0.00% | Loss: 
Placing Sensors
Policy -0.0099 | Value 0.0137 | KL 0.00885 | CF 0.1205 | Std 0.1079 | |a| 0.0119 | EV +0.807 | Rsd 0.504 | Res 0.222 | AE nan | Alpha 0.3083 | MB 28/28
  cert | viol 0.229 | dV -0.227930 | V 0.3578 | inball 0.173 | a*_q05 0.00055 | a*_q50 0.01512 | dV>=0 0.042 | n=150 | a_used 0.00594 -> 0.00496
  crit | n=1 | viol 0.875 | V 1.1498 | Vmin 0.4925 | agree +0.476 | a*_q05 -0.00606 | a*_q50 0.00073 | dV>=0 0.436 | beta 0.2880
  bell | direct viol 0.780 | direct dV>=0 0.455 | d_mean +0.00066 | d_std 0.01775 | d_q95 0.03427
[Episode 61/400] Steps: 720 | Reward:   -7.91 | Battery:  49.40% | Loss: 0.5073
Placing Sensors
[Episode 62/400] Steps:  71 | Reward:  -17.52 | Battery:   0.00% | Loss: 
Placing Sensors
[Episode 63/400] Steps:  99 | Reward:  -17.39 | Battery:   0.00% | Loss: 
Placing Sensors
[Episode 64/400] Steps: 720 | Reward:   -8.58 | Battery:  49.99% | Loss: 
Placing Sensors
Policy 0.0089 | Value 0.0128 | KL 0.00672 | CF 0.0874 | Std 0.1081 | |a| 0.0146 | EV +0.849 | Rsd 0.518 | Res 0.206 | AE nan | Alpha 0.2829 | MB 28/28
  cert | viol 0.366 | dV -0.145805 | V 0.3151 | inball 0.116 | a*_q05 -0.00485 | a*_q50 0.00690 | dV>=0 0.197 | n=150 | a_used 0.00496 -> 0.00472
  crit | n=1 | viol 0.780 | V 1.0822 | Vmin 0.4835 | agree +0.507 | a*_q05 -0.00565 | a*_q50 0.00064 | dV>=0 0.454 | beta 0.2863
  bell | direct viol 0.733 | direct dV>=0 0.487 | d_mean -0.00060 | d_std 0.01770 | d_q95 0.03246
[Episode 65/400] Steps: 720 | Reward:   -5.88 | Battery:  53.03% | Loss: 0.5231
Placing Sensors
[Episode 66/400] Steps: 124 | Reward:  -17.32 | Battery:   0.00% | Loss: 
Placing Sensors
[Episode 67/400] Steps: 720 | Reward:   -7.97 | Battery:  32.07% | Loss: 
Placing Sensors
Policy -0.0066 | Value 0.0100 | KL 0.00578 | CF 0.0683 | Std 0.1083 | |a| 0.0126 | EV +0.899 | Rsd 0.531 | Res 0.169 | AE nan | Alpha 0.2603 | MB 28/28
  cert | viol 0.281 | dV -0.174681 | V 0.3081 | inball 0.200 | a*_q05 -0.01479 | a*_q50 0.01291 | dV>=0 0.148 | n=150 | a_used 0.00472 -> 0.00448
  crit | n=1 | viol 0.764 | V 1.0814 | Vmin 0.4954 | agree +0.490 | a*_q05 -0.00475 | a*_q50 0.00108 | dV>=0 0.400 | beta 0.2848
  bell | direct viol 0.712 | direct dV>=0 0.456 | d_mean -0.00020 | d_std 0.01952 | d_q95 0.03478
[Episode 68/400] Steps: 720 | Reward:   -5.73 | Battery:  64.35% | Loss: 0.5581
Placing Sensors
[Episode 69/400] Steps: 720 | Reward:   -7.37 | Battery:  60.00% | Loss: 
Placing Sensors
Policy -0.0010 | Value 0.0248 | KL 0.00713 | CF 0.0863 | Std 0.1084 | |a| 0.0128 | EV +0.680 | Rsd 0.432 | Res 0.270 | AE nan | Alpha 0.2411 | MB 24/24
  cert | viol 0.358 | dV -0.176836 | V 0.2911 | inball 0.265 | a*_q05 -0.01251 | a*_q50 0.01379 | dV>=0 0.257 | n=150 | a_used 0.00448 -> 0.00426
  crit | n=1 | viol 0.923 | V 1.0494 | Vmin 0.5221 | agree +0.644 | a*_q05 -0.00780 | a*_q50 -0.00234 | dV>=0 0.708 | beta 0.2825
  bell | direct viol 0.660 | direct dV>=0 0.401 | d_mean +0.00305 | d_std 0.01984 | d_q95 0.03652
[Episode 70/400] Steps: 720 | Reward:   -4.81 | Battery:  51.84% | Loss: 0.4260
Placing Sensors
[Episode 71/400] Steps: 114 | Reward:  -17.11 | Battery:   0.00% | Loss: 
Placing Sensors
[Episode 72/400] Steps:  80 | Reward:  -17.38 | Battery:   0.00% | Loss: 
Placing Sensors
[Episode 73/400] Steps: 720 | Reward:   -6.73 | Battery:  54.24% | Loss: 
Placing Sensors
[Episode 74/400] Steps:  96 | Reward:  -17.45 | Battery:   0.00% | Loss: 
Placing Sensors
Policy -0.0058 | Value 0.0138 | KL 0.00602 | CF 0.0762 | Std 0.1085 | |a| 0.0099 | EV +0.865 | Rsd 0.569 | Res 0.215 | AE nan | Alpha 0.2198 | MB 28/28
  cert | viol 0.104 | dV -0.224023 | V 0.3100 | inball 0.318 | a*_q05 0.00172 | a*_q50 0.02348 | dV>=0 0.040 | n=150 | a_used 0.00426 -> 0.00408
  crit | n=1 | viol 0.765 | V 0.9919 | Vmin 0.4018 | agree +0.677 | a*_q05 -0.00679 | a*_q50 0.00027 | dV>=0 0.475 | beta 0.2782
  bell | direct viol 0.648 | direct dV>=0 0.440 | d_mean -0.00061 | d_std 0.01923 | d_q95 0.03619
[Episode 75/400] Steps: 720 | Reward:   -4.11 | Battery:  67.22% | Loss: 0.2420
Placing Sensors
[Episode 76/400] Steps: 720 | Reward:   -5.72 | Battery:  55.02% | Loss: 
Placing Sensors
Policy -0.0021 | Value 0.0115 | KL 0.00744 | CF 0.1001 | Std 0.1087 | |a| 0.0130 | EV +0.785 | Rsd 0.388 | Res 0.182 | AE nan | Alpha 0.2036 | MB 24/24
  cert | viol 0.190 | dV -0.190724 | V 0.3061 | inball 0.249 | a*_q05 0.00059 | a*_q50 0.01423 | dV>=0 0.044 | n=150 | a_used 0.00408 -> 0.00384
  crit | n=1 | viol 0.774 | V 0.9672 | Vmin 0.4813 | agree +0.434 | a*_q05 -0.00683 | a*_q50 0.00078 | dV>=0 0.442 | beta 0.2759
  bell | direct viol 0.640 | direct dV>=0 0.432 | d_mean +0.00064 | d_std 0.02114 | d_q95 0.04215
[Episode 77/400] Steps: 720 | Reward:   -7.20 | Battery:  71.49% | Loss: 0.4255
Placing Sensors
[Episode 78/400] Steps:  75 | Reward:  -17.74 | Battery:   0.00% | Loss: 
Placing Sensors
[Episode 79/400] Steps: 720 | Reward:   -7.24 | Battery:  39.42% | Loss: 
Placing Sensors
Policy -0.0089 | Value 0.0104 | KL 0.00376 | CF 0.0412 | Std 0.1088 | |a| 0.0139 | EV +0.859 | Rsd 0.451 | Res 0.170 | AE nan | Alpha 0.1878 | MB 24/24
  cert | viol 0.234 | dV -0.178894 | V 0.2923 | inball 0.232 | a*_q05 -0.01277 | a*_q50 0.01163 | dV>=0 0.074 | n=150 | a_used 0.00384 -> 0.00365
  crit | n=1 | viol 0.781 | V 1.0231 | Vmin 0.4951 | agree +0.514 | a*_q05 -0.00495 | a*_q50 0.00069 | dV>=0 0.446 | beta 0.2737
  bell | direct viol 0.617 | direct dV>=0 0.444 | d_mean +0.00004 | d_std 0.02092 | d_q95 0.03880
[Episode 80/400] Steps: 720 | Reward:   -5.91 | Battery:  63.68% | Loss: 0.2709
Placing Sensors
[Episode 81/400] Steps:  75 | Reward:  -17.72 | Battery:   0.00% | Loss: 
Placing Sensors
[Episode 82/400] Steps:  95 | Reward:  -17.49 | Battery:   0.00% | Loss: 
Placing Sensors
[Episode 83/400] Steps: 720 | Reward:   -5.65 | Battery:  66.15% | Loss: 
Placing Sensors
Policy -0.0120 | Value 0.0116 | KL 0.00876 | CF 0.1166 | Std 0.1089 | |a| 0.0186 | EV +0.851 | Rsd 0.475 | Res 0.185 | AE nan | Alpha 0.1724 | MB 28/28
  cert | viol 0.178 | dV -0.179863 | V 0.2929 | inball 0.302 | a*_q05 0.00011 | a*_q50 0.01654 | dV>=0 0.058 | n=150 | a_used 0.00365 -> 0.00347
  crit | n=1 | viol 0.835 | V 1.0456 | Vmin 0.5124 | agree +0.721 | a*_q05 -0.00559 | a*_q50 0.00006 | dV>=0 0.491 | beta 0.2725
  bell | direct viol 0.606 | direct dV>=0 0.426 | d_mean +0.00082 | d_std 0.02069 | d_q95 0.03771
[Episode 84/400] Steps: 720 | Reward:   -5.69 | Battery:  78.95% | Loss: 0.1485
Placing Sensors
[Episode 85/400] Steps:  76 | Reward:  -17.69 | Battery:   0.00% | Loss: 
Placing Sensors
[Episode 86/400] Steps:  82 | Reward:  -17.63 | Battery:   0.00% | Loss: 
Placing Sensors
[Episode 87/400] Steps: 104 | Reward:  -17.61 | Battery:   0.00% | Loss: 
Placing Sensors
[Episode 88/400] Steps: 720 | Reward:   -6.31 | Battery:  49.85% | Loss: 
Placing Sensors
[Episode 89/400] Steps:  75 | Reward:  -17.73 | Battery:   0.00% | Loss: 
Placing Sensors
Policy -0.0059 | Value 0.0102 | KL 0.00774 | CF 0.0996 | Std 0.1090 | |a| 0.0175 | EV +0.918 | Rsd 0.622 | Res 0.179 | AE nan | Alpha 0.1568 | MB 28/28
  cert | viol 0.094 | dV -0.238327 | V 0.3297 | inball 0.235 | a*_q05 0.00222 | a*_q50 0.02090 | dV>=0 0.009 | n=150 | a_used 0.00347 -> 0.00338
  crit | n=1 | viol 0.810 | V 1.1879 | Vmin 0.4697 | agree +0.734 | a*_q05 -0.00571 | a*_q50 0.00001 | dV>=0 0.498 | beta 0.2698
  bell | direct viol 0.590 | direct dV>=0 0.424 | d_mean +0.00100 | d_std 0.02380 | d_q95 0.04645
[Episode 90/400] Steps: 720 | Reward:   -6.06 | Battery:  50.34% | Loss: 0.2934
Placing Sensors
[Episode 91/400] Steps:  72 | Reward:  -17.63 | Battery:   0.00% | Loss: 
Placing Sensors
[Episode 92/400] Steps: 720 | Reward:   -5.75 | Battery:  66.34% | Loss: 
Placing Sensors
[Episode 93/400] Steps:  76 | Reward:  -17.65 | Battery:   0.00% | Loss: 
Placing Sensors
[Episode 94/400] Steps: 111 | Reward:  -17.51 | Battery:   0.00% | Loss: 
Placing Sensors
Policy -0.0112 | Value 0.0122 | KL 0.01265 | CF 0.1687 | Std 0.1091 | |a| 0.0239 | EV +0.916 | Rsd 0.580 | Res 0.168 | AE nan | Alpha 0.1432 | MB 28/28
  cert | viol 0.303 | dV -0.182207 | V 0.3072 | inball 0.214 | a*_q05 -0.01115 | a*_q50 0.01174 | dV>=0 0.104 | n=150 | a_used 0.00338 -> 0.00321
  crit | n=1 | viol 0.765 | V 1.1590 | Vmin 0.4113 | agree +0.621 | a*_q05 -0.00537 | a*_q50 0.00069 | dV>=0 0.423 | beta 0.2672
  bell | direct viol 0.561 | direct dV>=0 0.441 | d_mean +0.00061 | d_std 0.03139 | d_q95 0.06177
[Episode 95/400] Steps: 720 | Reward:   -6.94 | Battery:  43.73% | Loss: 0.1478
Placing Sensors
[Episode 96/400] Steps: 720 | Reward:   -6.46 | Battery:  80.86% | Loss: 
Placing Sensors
[Episode 97/400] Steps:  81 | Reward:  -17.54 | Battery:   0.00% | Loss: 
Placing Sensors
Policy -0.0060 | Value 0.0117 | KL 0.00900 | CF 0.1265 | Std 0.1092 | |a| 0.0205 | EV +0.888 | Rsd 0.546 | Res 0.184 | AE nan | Alpha 0.1321 | MB 24/24
  cert | viol 0.167 | dV -0.257478 | V 0.4224 | inball 0.332 | a*_q05 0.00023 | a*_q50 0.01320 | dV>=0 0.051 | n=150 | a_used 0.00321 -> 0.00279
  crit | n=1 | viol 0.549 | V 1.0863 | Vmin 0.3495 | agree +0.507 | a*_q05 -0.00643 | a*_q50 0.00271 | dV>=0 0.289 | beta 0.2624
  bell | direct viol 0.512 | direct dV>=0 0.406 | d_mean +0.00066 | d_std 0.02799 | d_q95 0.05838
[Episode 98/400] Steps: 720 | Reward:   -7.19 | Battery:  62.79% | Loss: 0.1944
Placing Sensors
[Episode 99/400] Steps: 134 | Reward:  -17.15 | Battery:   0.00% | Loss: 
Placing Sensors
[Episode 100/400] Steps: 720 | Reward:   -5.31 | Battery:  72.81% | Loss: 
Placing Sensors
Policy 0.0065 | Value 0.0130 | KL 0.00756 | CF 0.0895 | Std 0.1093 | |a| 0.0216 | EV +0.901 | Rsd 0.568 | Res 0.179 | AE nan | Alpha 0.1214 | MB 28/28
  cert | viol 0.190 | dV -0.230543 | V 0.3501 | inball 0.326 | a*_q05 -0.00928 | a*_q50 0.02285 | dV>=0 0.139 | n=150 | a_used 0.00279 -> 0.00265
  crit | n=1 | viol 0.720 | V 1.0265 | Vmin 0.2810 | agree +0.551 | a*_q05 -0.00582 | a*_q50 -0.00022 | dV>=0 0.528 | beta 0.2556
  bell | direct viol 0.566 | direct dV>=0 0.452 | d_mean +0.00155 | d_std 0.02879 | d_q95 0.05744
[Episode 101/400] Steps: 720 | Reward:   -6.81 | Battery:  45.82% | Loss: 0.3835
Placing Sensors
[Episode 102/400] Steps:  89 | Reward:  -17.62 | Battery:   0.00% | Loss: 
Placing Sensors
[Episode 103/400] Steps: 720 | Reward:   -4.75 | Battery:  63.30% | Loss: 
Placing Sensors
Policy -0.0011 | Value 0.0147 | KL 0.00713 | CF 0.0890 | Std 0.1094 | |a| 0.0204 | EV +0.920 | Rsd 0.507 | Res 0.158 | AE nan | Alpha 0.1119 | MB 24/24
  cert | viol 0.059 | dV -0.204950 | V 0.2711 | inball 0.474 | a*_q05 0.00246 | a*_q50 0.02731 | dV>=0 0.000 | n=150 | a_used 0.00265 -> 0.00267
  crit | n=1 | viol 0.684 | V 0.8782 | Vmin 0.3794 | agree +0.559 | a*_q05 -0.00715 | a*_q50 0.00107 | dV>=0 0.414 | beta 0.2528
  bell | direct viol 0.528 | direct dV>=0 0.440 | d_mean +0.00213 | d_std 0.02397 | d_q95 0.04742
[Episode 104/400] Steps: 720 | Reward:   -3.91 | Battery:  73.33% | Loss: 0.0903
Placing Sensors
[Episode 105/400] Steps:  88 | Reward:  -17.67 | Battery:   0.00% | Loss: 
Placing Sensors
[Episode 106/400] Steps: 125 | Reward:  -17.53 | Battery:   0.00% | Loss: 
Placing Sensors
[Episode 107/400] Steps: 720 | Reward:   -5.64 | Battery:  63.27% | Loss: 
Placing Sensors
Policy -0.0047 | Value 0.0223 | KL 0.00734 | CF 0.0971 | Std 0.1095 | |a| 0.0168 | EV +0.814 | Rsd 0.539 | Res 0.233 | AE nan | Alpha 0.1025 | MB 28/28
  cert | viol 0.049 | dV -0.236863 | V 0.3194 | inball 0.334 | a*_q05 0.00308 | a*_q50 0.02170 | dV>=0 0.000 | n=150 | a_used 0.00267 -> 0.00265
  crit | n=1 | viol 0.623 | V 1.0062 | Vmin 0.3838 | agree +0.640 | a*_q05 -0.00667 | a*_q50 0.00125 | dV>=0 0.397 | beta 0.2498
  bell | direct viol 0.547 | direct dV>=0 0.473 | d_mean -0.00005 | d_std 0.03159 | d_q95 0.06043
[Episode 108/400] Steps: 720 | Reward:   -5.77 | Battery:  65.75% | Loss: 0.2035
Placing Sensors
[Episode 109/400] Steps: 120 | Reward:  -17.21 | Battery:   0.00% | Loss: 
Placing Sensors
[Episode 110/400] Steps:  82 | Reward:  -17.71 | Battery:   0.00% | Loss: 
Placing Sensors
[Episode 111/400] Steps: 720 | Reward:   -6.72 | Battery:  72.54% | Loss: 
Placing Sensors
Policy 0.0049 | Value 0.0151 | KL 0.01122 | CF 0.1454 | Std 0.1096 | |a| 0.0215 | EV +0.806 | Rsd 0.538 | Res 0.239 | AE nan | Alpha 0.0939 | MB 28/28
  cert | viol 0.117 | dV -0.213407 | V 0.2918 | inball 0.249 | a*_q05 -0.00060 | a*_q50 0.01718 | dV>=0 0.064 | n=150 | a_used 0.00265 -> 0.00258
  crit | n=1 | viol 0.775 | V 1.0734 | Vmin 0.4319 | agree +0.687 | a*_q05 -0.00717 | a*_q50 -0.00017 | dV>=0 0.520 | beta 0.2488
  bell | direct viol 0.563 | direct dV>=0 0.473 | d_mean +0.00109 | d_std 0.02486 | d_q95 0.04983
[Episode 112/400] Steps: 720 | Reward:   -5.12 | Battery:  65.32% | Loss: 0.2281
Placing Sensors
[Episode 113/400] Steps: 720 | Reward:   -6.35 | Battery:  41.24% | Loss: 
Placing Sensors
[Episode 114/400] Steps:  63 | Reward:  -17.73 | Battery:   0.00% | Loss: 
Placing Sensors
Policy -0.0055 | Value 0.0084 | KL 0.00773 | CF 0.0990 | Std 0.1096 | |a| 0.0357 | EV +0.913 | Rsd 0.517 | Res 0.152 | AE nan | Alpha 0.0867 | MB 24/24
  cert | viol 0.151 | dV -0.241325 | V 0.3931 | inball 0.286 | a*_q05 0.00028 | a*_q50 0.01870 | dV>=0 0.053 | n=150 | a_used 0.00258 -> 0.00245
  crit | n=1 | viol 0.646 | V 1.0700 | Vmin 0.4627 | agree +0.592 | a*_q05 -0.00618 | a*_q50 0.00084 | dV>=0 0.416 | beta 0.2459
  bell | direct viol 0.577 | direct dV>=0 0.498 | d_mean +0.00035 | d_std 0.02726 | d_q95 0.05419
[Episode 115/400] Steps: 720 | Reward:   -7.44 | Battery:  54.58% | Loss: 0.2040
Placing Sensors
[Episode 116/400] Steps:  87 | Reward:  -17.62 | Battery:   0.00% | Loss: 
Placing Sensors
[Episode 117/400] Steps: 720 | Reward:   -4.30 | Battery:  74.04% | Loss: 
Placing Sensors
[Episode 118/400] Steps:  76 | Reward:  -17.61 | Battery:   0.00% | Loss: 
Placing Sensors
[Episode 119/400] Steps: 142 | Reward:  -17.34 | Battery:   0.00% | Loss: 
Placing Sensors
Policy -0.0109 | Value 0.0162 | KL 0.00920 | CF 0.1145 | Std 0.1097 | |a| 0.0242 | EV +0.880 | Rsd 0.592 | Res 0.206 | AE nan | Alpha 0.0790 | MB 28/28
  cert | viol 0.010 | dV -0.261756 | V 0.3388 | inball 0.363 | a*_q05 0.00450 | a*_q50 0.02520 | dV>=0 0.000 | n=150 | a_used 0.00245 -> 0.00251
  crit | n=1 | viol 0.741 | V 1.0841 | Vmin 0.4088 | agree +0.739 | a*_q05 -0.00706 | a*_q50 0.00035 | dV>=0 0.462 | beta 0.2448
  bell | direct viol 0.544 | direct dV>=0 0.459 | d_mean +0.00139 | d_std 0.02630 | d_q95 0.05250
[Episode 120/400] Steps: 720 | Reward:   -5.84 | Battery:  68.19% | Loss: 0.2434
Placing Sensors
[Episode 121/400] Steps: 720 | Reward:   -5.74 | Battery:  55.43% | Loss: 
Placing Sensors
Policy 0.0053 | Value 0.0106 | KL 0.01212 | CF 0.1527 | Std 0.1098 | |a| 0.0181 | EV +0.907 | Rsd 0.449 | Res 0.174 | AE nan | Alpha 0.0731 | MB 24/24
  cert | viol 0.075 | dV -0.259833 | V 0.3405 | inball 0.424 | a*_q05 0.00149 | a*_q50 0.02640 | dV>=0 0.032 | n=150 | a_used 0.00251 -> 0.00224
  crit | n=1 | viol 0.698 | V 0.9863 | Vmin 0.4513 | agree +0.395 | a*_q05 -0.00737 | a*_q50 -0.00015 | dV>=0 0.503 | beta 0.2436
  bell | direct viol 0.511 | direct dV>=0 0.426 | d_mean +0.00262 | d_std 0.02207 | d_q95 0.04351
[Episode 122/400] Steps: 720 | Reward:   -5.22 | Battery:  72.52% | Loss: 0.2282
Placing Sensors
[Episode 123/400] Steps: 720 | Reward:   -6.70 | Battery:  47.26% | Loss: 
Placing Sensors
[Episode 124/400] Steps: 125 | Reward:  -17.23 | Battery:   0.00% | Loss: 
Placing Sensors
[Episode 125/400] Steps: 132 | Reward:  -17.27 | Battery:   0.00% | Loss: 
Placing Sensors
[Episode 126/400] Steps:  87 | Reward:  -17.56 | Battery:   0.00% | Loss: 
Placing Sensors
Policy -0.0040 | Value 0.0200 | KL 0.00505 | CF 0.0625 | Std 0.1098 | |a| 0.0187 | EV +0.848 | Rsd 0.574 | Res 0.230 | AE nan | Alpha 0.0665 | MB 28/28
  cert | viol 0.108 | dV -0.208672 | V 0.3139 | inball 0.274 | a*_q05 -0.00323 | a*_q50 0.02052 | dV>=0 0.057 | n=150 | a_used 0.00224 -> 0.00213
  crit | n=1 | viol 0.665 | V 1.0559 | Vmin 0.3769 | agree +0.733 | a*_q05 -0.00561 | a*_q50 0.00058 | dV>=0 0.433 | beta 0.2410
  bell | direct viol 0.557 | direct dV>=0 0.486 | d_mean +0.00012 | d_std 0.02778 | d_q95 0.05136
[Episode 127/400] Steps: 720 | Reward:   -5.13 | Battery:  79.39% | Loss: 0.0916
Placing Sensors
[Episode 128/400] Steps: 720 | Reward:   -6.70 | Battery:  62.54% | Loss: 
Placing Sensors
Policy -0.0061 | Value 0.0084 | KL 0.00714 | CF 0.1004 | Std 0.1099 | |a| 0.0163 | EV +0.861 | Rsd 0.374 | Res 0.142 | AE nan | Alpha 0.0616 | MB 24/24
  cert | viol 0.064 | dV -0.226175 | V 0.3069 | inball 0.338 | a*_q05 0.00173 | a*_q50 0.02560 | dV>=0 0.033 | n=150 | a_used 0.00213 -> 0.00202
  crit | n=1 | viol 0.692 | V 0.8744 | Vmin 0.3847 | agree +0.387 | a*_q05 -0.00634 | a*_q50 -0.00035 | dV>=0 0.518 | beta 0.2394
  bell | direct viol 0.522 | direct dV>=0 0.458 | d_mean +0.00101 | d_std 0.02570 | d_q95 0.04798
[Episode 129/400] Steps: 720 | Reward:   -4.80 | Battery:  53.60% | Loss: 0.0914
Placing Sensors
[Episode 130/400] Steps: 720 | Reward:   -6.31 | Battery:  74.22% | Loss: 
Placing Sensors
Policy -0.0025 | Value 0.0083 | KL 0.00561 | CF 0.0691 | Std 0.1099 | |a| 0.0127 | EV +0.819 | Rsd 0.321 | Res 0.136 | AE nan | Alpha 0.0570 | MB 24/24
  cert | viol 0.067 | dV -0.171960 | V 0.2893 | inball 0.274 | a*_q05 0.00154 | a*_q50 0.01275 | dV>=0 0.019 | n=150 | a_used 0.00202 -> 0.00204
  crit | n=1 | viol 0.512 | V 0.8558 | Vmin 0.4284 | agree +0.371 | a*_q05 -0.00655 | a*_q50 0.00194 | dV>=0 0.386 | beta 0.2382
  bell | direct viol 0.538 | direct dV>=0 0.476 | d_mean +0.00021 | d_std 0.02016 | d_q95 0.04037
[Episode 131/400] Steps: 720 | Reward:   -5.65 | Battery:  62.31% | Loss: 0.0747
Placing Sensors
[Episode 132/400] Steps: 720 | Reward:   -5.68 | Battery:  69.17% | Loss: 
Placing Sensors
Policy -0.0022 | Value 0.0071 | KL 0.00703 | CF 0.0956 | Std 0.1100 | |a| 0.0156 | EV +0.880 | Rsd 0.357 | Res 0.124 | AE nan | Alpha 0.0528 | MB 24/24
  cert | viol 0.087 | dV -0.241826 | V 0.3492 | inball 0.365 | a*_q05 0.00128 | a*_q50 0.02460 | dV>=0 0.025 | n=150 | a_used 0.00204 -> 0.00207
  crit | n=1 | viol 0.483 | V 0.7931 | Vmin 0.3775 | agree +0.453 | a*_q05 -0.00649 | a*_q50 0.00232 | dV>=0 0.380 | beta 0.2360
  bell | direct viol 0.520 | direct dV>=0 0.448 | d_mean -0.00018 | d_std 0.01952 | d_q95 0.04006
[Episode 133/400] Steps: 720 | Reward:   -5.47 | Battery:  56.76% | Loss: 0.2929
Placing Sensors
[Episode 134/400] Steps:  77 | Reward:  -17.54 | Battery:   0.00% | Loss: 
Placing Sensors
[Episode 135/400] Steps: 720 | Reward:   -4.37 | Battery:  71.70% | Loss: 
Placing Sensors
Policy -0.0041 | Value 0.0147 | KL 0.00798 | CF 0.0993 | Std 0.1100 | |a| 0.0174 | EV +0.879 | Rsd 0.462 | Res 0.163 | AE nan | Alpha 0.0487 | MB 24/24
  cert | viol 0.042 | dV -0.284155 | V 0.3529 | inball 0.455 | a*_q05 0.00266 | a*_q50 0.03291 | dV>=0 0.024 | n=150 | a_used 0.00207 -> 0.00210
  crit | n=1 | viol 0.591 | V 0.8567 | Vmin 0.3314 | agree +0.592 | a*_q05 -0.00772 | a*_q50 0.00087 | dV>=0 0.455 | beta 0.2307
  bell | direct viol 0.502 | direct dV>=0 0.433 | d_mean +0.00147 | d_std 0.02198 | d_q95 0.04335
[Episode 136/400] Steps: 720 | Reward:   -5.53 | Battery:  62.71% | Loss: 0.0814
Placing Sensors
[Episode 137/400] Steps: 116 | Reward:  -17.37 | Battery:   0.00% | Loss: 
Placing Sensors
[Episode 138/400] Steps: 720 | Reward:   -4.25 | Battery:  66.72% | Loss: 
Placing Sensors
[Episode 139/400] Steps:  70 | Reward:  -17.31 | Battery:   0.00% | Loss: 
Placing Sensors
Policy -0.0145 | Value 0.0081 | KL 0.01058 | CF 0.1315 | Std 0.1100 | |a| 0.0162 | EV +0.922 | Rsd 0.564 | Res 0.162 | AE nan | Alpha 0.0447 | MB 28/28
  cert | viol 0.048 | dV -0.225806 | V 0.3253 | inball 0.345 | a*_q05 0.00249 | a*_q50 0.02325 | dV>=0 0.013 | n=150 | a_used 0.00210 -> 0.00211
  crit | n=1 | viol 0.524 | V 0.9247 | Vmin 0.2815 | agree +0.669 | a*_q05 -0.00459 | a*_q50 0.00187 | dV>=0 0.362 | beta 0.2283
  bell | direct viol 0.508 | direct dV>=0 0.444 | d_mean -0.00027 | d_std 0.02438 | d_q95 0.04409
[Episode 140/400] Steps: 720 | Reward:   -7.13 | Battery:  60.73% | Loss: 0.0918
Placing Sensors
[Episode 141/400] Steps: 720 | Reward:   -6.60 | Battery:  47.70% | Loss: 
Placing Sensors
[Episode 142/400] Steps:  92 | Reward:  -17.50 | Battery:   0.00% | Loss: 
Placing Sensors
[Episode 143/400] Steps:  75 | Reward:  -17.61 | Battery:   0.00% | Loss: 
Placing Sensors
Policy -0.0035 | Value 0.0134 | KL 0.01070 | CF 0.1203 | Std 0.1100 | |a| 0.0176 | EV +0.877 | Rsd 0.524 | Res 0.185 | AE nan | Alpha 0.0410 | MB 28/28
  cert | viol 0.085 | dV -0.196060 | V 0.2948 | inball 0.324 | a*_q05 0.00089 | a*_q50 0.01980 | dV>=0 0.037 | n=150 | a_used 0.00211 -> 0.00213
  crit | n=1 | viol 0.581 | V 0.9216 | Vmin 0.2840 | agree +0.659 | a*_q05 -0.00513 | a*_q50 0.00124 | dV>=0 0.359 | beta 0.2234
  bell | direct viol 0.540 | direct dV>=0 0.481 | d_mean -0.00051 | d_std 0.02584 | d_q95 0.05020
[Episode 144/400] Steps: 720 | Reward:   -4.31 | Battery:  65.12% | Loss: -0.0334
Placing Sensors
[Episode 145/400] Steps: 720 | Reward:   -4.73 | Battery:  72.39% | Loss: 
Placing Sensors
Policy -0.0006 | Value 0.0103 | KL 0.00536 | CF 0.0651 | Std 0.1101 | |a| 0.0126 | EV +0.781 | Rsd 0.352 | Res 0.171 | AE nan | Alpha 0.0380 | MB 24/24
  cert | viol 0.060 | dV -0.206098 | V 0.2639 | inball 0.501 | a*_q05 0.00259 | a*_q50 0.02741 | dV>=0 0.000 | n=150 | a_used 0.00213 -> 0.00214
  crit | n=1 | viol 0.549 | V 0.6745 | Vmin 0.3043 | agree +0.400 | a*_q05 -0.00655 | a*_q50 0.00115 | dV>=0 0.428 | beta 0.2185
  bell | direct viol 0.490 | direct dV>=0 0.415 | d_mean +0.00112 | d_std 0.01995 | d_q95 0.03485
[Episode 146/400] Steps: 720 | Reward:   -3.52 | Battery:  73.88% | Loss: 0.0437
Placing Sensors
[Episode 147/400] Steps: 720 | Reward:   -6.54 | Battery:  77.50% | Loss: 
Placing Sensors
[Episode 148/400] Steps:  66 | Reward:  -17.65 | Battery:   0.00% | Loss: 
Placing Sensors
[Episode 149/400] Steps:  78 | Reward:  -17.56 | Battery:   0.00% | Loss: 
Placing Sensors
Policy 0.0001 | Value 0.0133 | KL 0.00856 | CF 0.1166 | Std 0.1101 | |a| 0.0242 | EV +0.875 | Rsd 0.530 | Res 0.200 | AE nan | Alpha 0.0349 | MB 28/28
  cert | viol 0.179 | dV -0.213403 | V 0.3678 | inball 0.338 | a*_q05 -0.00011 | a*_q50 0.01509 | dV>=0 0.080 | n=150 | a_used 0.00214 -> 0.00203
  crit | n=1 | viol 0.387 | V 0.8807 | Vmin 0.2995 | agree +0.567 | a*_q05 -0.00586 | a*_q50 0.00450 | dV>=0 0.279 | beta 0.2162
  bell | direct viol 0.496 | direct dV>=0 0.444 | d_mean -0.00066 | d_std 0.02786 | d_q95 0.04734
[Episode 150/400] Steps: 720 | Reward:   -6.04 | Battery:  68.38% | Loss: 0.1283
Placing Sensors
[Episode 151/400] Steps:  63 | Reward:  -17.53 | Battery:   0.00% | Loss: 
Placing Sensors
[Episode 152/400] Steps: 720 | Reward:   -4.79 | Battery:  61.38% | Loss: 
Placing Sensors
Policy -0.0069 | Value 0.0089 | KL 0.00595 | CF 0.0713 | Std 0.1101 | |a| 0.0176 | EV +0.911 | Rsd 0.501 | Res 0.152 | AE nan | Alpha 0.0322 | MB 24/24
  cert | viol 0.050 | dV -0.285546 | V 0.3751 | inball 0.435 | a*_q05 0.00235 | a*_q50 0.02726 | dV>=0 0.018 | n=150 | a_used 0.00203 -> 0.00205
  crit | n=1 | viol 0.426 | V 0.8407 | Vmin 0.2753 | agree +0.437 | a*_q05 -0.00697 | a*_q50 0.00309 | dV>=0 0.321 | beta 0.2127
  bell | direct viol 0.486 | direct dV>=0 0.446 | d_mean -0.00056 | d_std 0.02697 | d_q95 0.05400
[Episode 153/400] Steps: 720 | Reward:   -5.72 | Battery:  66.46% | Loss: -0.0050
Placing Sensors
[Episode 154/400] Steps: 720 | Reward:   -6.30 | Battery:  78.42% | Loss: 
Placing Sensors
Policy -0.0023 | Value 0.0076 | KL 0.00509 | CF 0.0588 | Std 0.1101 | |a| 0.0168 | EV +0.850 | Rsd 0.318 | Res 0.128 | AE nan | Alpha 0.0298 | MB 24/24
  cert | viol 0.158 | dV -0.197090 | V 0.3251 | inball 0.424 | a*_q05 0.00031 | a*_q50 0.02040 | dV>=0 0.045 | n=150 | a_used 0.00205 -> 0.00193
  crit | n=1 | viol 0.357 | V 0.7228 | Vmin 0.3189 | agree +0.473 | a*_q05 -0.00414 | a*_q50 0.00422 | dV>=0 0.234 | beta 0.2098
  bell | direct viol 0.487 | direct dV>=0 0.451 | d_mean -0.00112 | d_std 0.02087 | d_q95 0.04206
[Episode 155/400] Steps: 720 | Reward:   -5.06 | Battery:  80.32% | Loss: 0.0424
Placing Sensors
[Episode 156/400] Steps: 720 | Reward:   -4.54 | Battery:  63.53% | Loss: 
Placing Sensors
Policy -0.0012 | Value 0.0056 | KL 0.00672 | CF 0.0878 | Std 0.1101 | |a| 0.0237 | EV +0.925 | Rsd 0.403 | Res 0.118 | AE nan | Alpha 0.0276 | MB 24/24
  cert | viol 0.000 | dV -0.211344 | V 0.2385 | inball 0.459 | a*_q05 0.00965 | a*_q50 0.02551 | dV>=0 0.000 | n=150 | a_used 0.00193 -> 0.00208
  crit | n=1 | viol 0.632 | V 0.7541 | Vmin 0.2797 | agree +0.348 | a*_q05 -0.00585 | a*_q50 0.00068 | dV>=0 0.446 | beta 0.2057
  bell | direct viol 0.463 | direct dV>=0 0.416 | d_mean +0.00148 | d_std 0.02136 | d_q95 0.04535
[Episode 157/400] Steps: 720 | Reward:   -4.22 | Battery:  52.23% | Loss: 0.1076
Placing Sensors
[Episode 158/400] Steps:  72 | Reward:  -17.71 | Battery:   0.00% | Loss: 
Placing Sensors
[Episode 159/400] Steps: 720 | Reward:   -6.09 | Battery:  71.92% | Loss: 
Placing Sensors
[Episode 160/400] Steps:  78 | Reward:  -17.65 | Battery:   0.00% | Loss: 
Placing Sensors
[Episode 161/400] Steps: 105 | Reward:  -17.52 | Battery:   0.00% | Loss: 
Placing Sensors
Policy -0.0025 | Value 0.0211 | KL 0.01038 | CF 0.1323 | Std 0.1101 | |a| 0.0190 | EV +0.828 | Rsd 0.573 | Res 0.244 | AE nan | Alpha 0.0252 | MB 28/28
  cert | viol 0.049 | dV -0.244743 | V 0.3258 | inball 0.411 | a*_q05 0.00262 | a*_q50 0.02529 | dV>=0 0.025 | n=150 | a_used 0.00208 -> 0.00221
  crit | n=1 | viol 0.394 | V 0.8437 | Vmin 0.2423 | agree +0.757 | a*_q05 -0.00361 | a*_q50 0.00350 | dV>=0 0.188 | beta 0.2026
  bell | direct viol 0.517 | direct dV>=0 0.471 | d_mean -0.00005 | d_std 0.03556 | d_q95 0.07270
[Episode 162/400] Steps: 720 | Reward:   -3.53 | Battery:  83.20% | Loss: 0.1078
Placing Sensors
[Episode 163/400] Steps: 720 | Reward:   -5.11 | Battery:  73.46% | Loss: 
Placing Sensors
Policy -0.0006 | Value 0.0075 | KL 0.00588 | CF 0.0681 | Std 0.1102 | |a| 0.0164 | EV +0.857 | Rsd 0.356 | Res 0.137 | AE nan | Alpha 0.0234 | MB 24/24
  cert | viol 0.053 | dV -0.248352 | V 0.3134 | inball 0.440 | a*_q05 0.00273 | a*_q50 0.02782 | dV>=0 0.000 | n=150 | a_used 0.00221 -> 0.00227
  crit | n=1 | viol 0.500 | V 0.7260 | Vmin 0.2854 | agree +0.471 | a*_q05 -0.00625 | a*_q50 0.00230 | dV>=0 0.397 | beta 0.1995
  bell | direct viol 0.510 | direct dV>=0 0.460 | d_mean +0.00070 | d_std 0.02462 | d_q95 0.04686
[Episode 164/400] Steps: 720 | Reward:   -4.83 | Battery:  58.15% | Loss: 0.0128
Placing Sensors
[Episode 165/400] Steps: 720 | Reward:   -5.12 | Battery:  79.72% | Loss: 
Placing Sensors
Policy -0.0044 | Value 0.0056 | KL 0.00704 | CF 0.0865 | Std 0.1102 | |a| 0.0158 | EV +0.921 | Rsd 0.385 | Res 0.111 | AE nan | Alpha 0.0217 | MB 24/24
  cert | viol 0.017 | dV -0.250936 | V 0.3428 | inball 0.455 | a*_q05 0.00335 | a*_q50 0.02367 | dV>=0 0.000 | n=150 | a_used 0.00227 -> 0.00231
  crit | n=1 | viol 0.428 | V 0.7519 | Vmin 0.2387 | agree +0.377 | a*_q05 -0.00694 | a*_q50 0.00305 | dV>=0 0.282 | beta 0.1946
  bell | direct viol 0.528 | direct dV>=0 0.471 | d_mean +0.00031 | d_std 0.02748 | d_q95 0.05120
[Episode 166/400] Steps: 720 | Reward:   -5.04 | Battery:  61.48% | Loss: -0.0358
Placing Sensors
[Episode 167/400] Steps: 720 | Reward:   -6.91 | Battery:  71.52% | Loss: 
Placing Sensors
[Episode 168/400] Steps:  69 | Reward:  -17.70 | Battery:   0.00% | Loss: 
Placing Sensors
[Episode 169/400] Steps:  82 | Reward:  -17.53 | Battery:   0.00% | Loss: 
Placing Sensors
Policy -0.0011 | Value 0.0189 | KL 0.00877 | CF 0.0946 | Std 0.1102 | |a| 0.0177 | EV +0.844 | Rsd 0.488 | Res 0.220 | AE nan | Alpha 0.0199 | MB 28/28
  cert | viol 0.094 | dV -0.241676 | V 0.3638 | inball 0.330 | a*_q05 0.00135 | a*_q50 0.01937 | dV>=0 0.020 | n=150 | a_used 0.00231 -> 0.00234
  crit | n=1 | viol 0.359 | V 0.8821 | Vmin 0.2951 | agree +0.588 | a*_q05 -0.00487 | a*_q50 0.00489 | dV>=0 0.207 | beta 0.1936
  bell | direct viol 0.494 | direct dV>=0 0.447 | d_mean -0.00108 | d_std 0.02662 | d_q95 0.05215
[Episode 170/400] Steps: 720 | Reward:   -5.67 | Battery:  71.48% | Loss: 0.2807
Placing Sensors
[Episode 171/400] Steps: 106 | Reward:  -17.32 | Battery:   0.00% | Loss: 
Placing Sensors
[Episode 172/400] Steps: 720 | Reward:   -4.93 | Battery:  80.92% | Loss: 
Placing Sensors
Policy -0.0273 | Value 0.0104 | KL 0.00742 | CF 0.0930 | Std 0.1102 | |a| 0.0233 | EV +0.855 | Rsd 0.475 | Res 0.184 | AE nan | Alpha 0.0183 | MB 28/28
  cert | viol 0.075 | dV -0.247051 | V 0.3667 | inball 0.356 | a*_q05 0.00256 | a*_q50 0.01866 | dV>=0 0.005 | n=150 | a_used 0.00234 -> 0.00241
  crit | n=1 | viol 0.449 | V 0.8372 | Vmin 0.3214 | agree +0.650 | a*_q05 -0.00551 | a*_q50 0.00317 | dV>=0 0.317 | beta 0.1928
  bell | direct viol 0.500 | direct dV>=0 0.464 | d_mean -0.00068 | d_std 0.03015 | d_q95 0.05962
[Episode 173/400] Steps: 720 | Reward:   -7.05 | Battery:  66.82% | Loss: -0.2334
Placing Sensors
[Episode 174/400] Steps: 720 | Reward:   -4.79 | Battery:  60.72% | Loss: 
Placing Sensors
[Episode 175/400] Steps: 188 | Reward:  -16.65 | Battery:   0.00% | Loss: 
Placing Sensors
Policy -0.0105 | Value 0.0249 | KL 0.01762 | CF 0.2026 | Std 0.1102 | |a| 0.0324 | EV +0.827 | Rsd 0.573 | Res 0.242 | AE nan | Alpha 0.0168 | MB 14/28
  cert | viol 0.046 | dV -0.260360 | V 0.3289 | inball 0.422 | a*_q05 0.00373 | a*_q50 0.03331 | dV>=0 0.046 | n=150 | a_used 0.00241 -> 0.00259
  crit | n=1 | viol 0.647 | V 0.9044 | Vmin 0.2381 | agree +0.483 | a*_q05 -0.00604 | a*_q50 0.00084 | dV>=0 0.432 | beta 0.1861
  bell | direct viol 0.566 | direct dV>=0 0.481 | d_mean +0.00202 | d_std 0.02897 | d_q95 0.05468
[Episode 176/400] Steps: 720 | Reward:   -4.01 | Battery:  43.48% | Loss: -0.0664
Placing Sensors
[Episode 177/400] Steps: 720 | Reward:   -6.94 | Battery:  50.91% | Loss: 
Placing Sensors
Policy -0.0059 | Value 0.0085 | KL 0.01022 | CF 0.1247 | Std 0.1103 | |a| 0.0181 | EV +0.896 | Rsd 0.434 | Res 0.145 | AE nan | Alpha 0.0156 | MB 24/24
  cert | viol 0.118 | dV -0.226842 | V 0.3484 | inball 0.324 | a*_q05 0.00068 | a*_q50 0.01896 | dV>=0 0.031 | n=150 | a_used 0.00259 -> 0.00247
  crit | n=1 | viol 0.455 | V 0.8365 | Vmin 0.2758 | agree +0.470 | a*_q05 -0.00431 | a*_q50 0.00308 | dV>=0 0.281 | beta 0.1848
  bell | direct viol 0.516 | direct dV>=0 0.466 | d_mean -0.00048 | d_std 0.02431 | d_q95 0.04951
[Episode 178/400] Steps: 720 | Reward:   -6.16 | Battery:  67.60% | Loss: -0.0676
Placing Sensors
[Episode 179/400] Steps:  89 | Reward:  -17.57 | Battery:   0.00% | Loss: 
Placing Sensors
[Episode 180/400] Steps: 720 | Reward:   -4.78 | Battery:  54.12% | Loss: 
Placing Sensors
[Episode 181/400] Steps: 115 | Reward:  -17.41 | Battery:   0.00% | Loss: 
Placing Sensors
Policy -0.0062 | Value 0.0210 | KL 0.00850 | CF 0.1004 | Std 0.1103 | |a| 0.0200 | EV +0.796 | Rsd 0.479 | Res 0.223 | AE nan | Alpha 0.0143 | MB 28/28
  cert | viol 0.039 | dV -0.228940 | V 0.2942 | inball 0.370 | a*_q05 0.00401 | a*_q50 0.02493 | dV>=0 0.014 | n=150 | a_used 0.00247 -> 0.00258
  crit | n=1 | viol 0.619 | V 0.8704 | Vmin 0.3316 | agree +0.679 | a*_q05 -0.00576 | a*_q50 0.00105 | dV>=0 0.415 | beta 0.1835
  bell | direct viol 0.544 | direct dV>=0 0.483 | d_mean -0.00121 | d_std 0.03052 | d_q95 0.06077
[Episode 182/400] Steps: 720 | Reward:   -5.67 | Battery:  70.94% | Loss: -0.0247
Placing Sensors
[Episode 183/400] Steps: 720 | Reward:   -4.14 | Battery:  74.47% | Loss: 
Placing Sensors
Policy -0.0031 | Value 0.0062 | KL 0.00445 | CF 0.0430 | Std 0.1103 | |a| 0.0211 | EV +0.925 | Rsd 0.409 | Res 0.112 | AE nan | Alpha 0.0132 | MB 24/24
  cert | viol 0.040 | dV -0.264942 | V 0.3485 | inball 0.444 | a*_q05 0.00356 | a*_q50 0.02499 | dV>=0 0.004 | n=150 | a_used 0.00258 -> 0.00264
  crit | n=1 | viol 0.463 | V 0.7830 | Vmin 0.3173 | agree +0.538 | a*_q05 -0.00655 | a*_q50 0.00306 | dV>=0 0.347 | beta 0.1831
  bell | direct viol 0.515 | direct dV>=0 0.478 | d_mean -0.00043 | d_std 0.03018 | d_q95 0.06347
[Episode 184/400] Steps: 720 | Reward:   -6.63 | Battery:  72.79% | Loss: 0.0941
Placing Sensors
[Episode 185/400] Steps: 720 | Reward:   -6.04 | Battery:  67.25% | Loss: 
Placing Sensors
Policy -0.0099 | Value 0.0067 | KL 0.00558 | CF 0.0654 | Std 0.1103 | |a| 0.0268 | EV +0.871 | Rsd 0.360 | Res 0.130 | AE nan | Alpha 0.0122 | MB 24/24
  cert | viol 0.000 | dV -0.215726 | V 0.2776 | inball 0.384 | a*_q05 0.00583 | a*_q50 0.01722 | dV>=0 0.000 | n=150 | a_used 0.00264 -> 0.00275
  crit | n=1 | viol 0.574 | V 0.8070 | Vmin 0.3545 | agree +0.308 | a*_q05 -0.00542 | a*_q50 0.00159 | dV>=0 0.394 | beta 0.1839
  bell | direct viol 0.522 | direct dV>=0 0.472 | d_mean +0.00037 | d_std 0.02758 | d_q95 0.05521
[Episode 186/400] Steps: 720 | Reward:   -4.80 | Battery:  63.86% | Loss: -0.0856
Placing Sensors
[Episode 187/400] Steps: 720 | Reward:   -6.39 | Battery:  74.65% | Loss: 
Placing Sensors
Policy -0.0083 | Value 0.0065 | KL 0.01128 | CF 0.1386 | Std 0.1103 | |a| 0.0219 | EV +0.919 | Rsd 0.389 | Res 0.113 | AE nan | Alpha 0.0113 | MB 24/24
  cert | viol 0.085 | dV -0.318217 | V 0.4173 | inball 0.497 | a*_q05 0.00112 | a*_q50 0.03073 | dV>=0 0.040 | n=150 | a_used 0.00275 -> 0.00261
  crit | n=1 | viol 0.503 | V 0.7735 | Vmin 0.3068 | agree +0.607 | a*_q05 -0.00661 | a*_q50 0.00272 | dV>=0 0.376 | beta 0.1825
  bell | direct viol 0.526 | direct dV>=0 0.483 | d_mean +0.00011 | d_std 0.02989 | d_q95 0.06236
[Episode 188/400] Steps: 720 | Reward:   -4.56 | Battery:  75.13% | Loss: 0.0077
Placing Sensors
[Episode 189/400] Steps: 115 | Reward:  -17.35 | Battery:   0.00% | Loss: 
Placing Sensors
[Episode 190/400] Steps: 720 | Reward:   -4.99 | Battery:  65.58% | Loss: 
Placing Sensors
Policy -0.0133 | Value 0.0133 | KL 0.00930 | CF 0.1177 | Std 0.1103 | |a| 0.0224 | EV +0.864 | Rsd 0.465 | Res 0.172 | AE nan | Alpha 0.0104 | MB 28/28
  cert | viol 0.030 | dV -0.263217 | V 0.3480 | inball 0.457 | a*_q05 0.00357 | a*_q50 0.02803 | dV>=0 0.000 | n=150 | a_used 0.00261 -> 0.00279
  crit | n=1 | viol 0.551 | V 0.8531 | Vmin 0.3529 | agree +0.629 | a*_q05 -0.00646 | a*_q50 0.00217 | dV>=0 0.291 | beta 0.1828
  bell | direct viol 0.523 | direct dV>=0 0.467 | d_mean +0.00008 | d_std 0.02586 | d_q95 0.05314
[Episode 191/400] Steps: 720 | Reward:   -5.43 | Battery:  77.92% | Loss: 0.2822
Placing Sensors
[Episode 192/400] Steps:  77 | Reward:  -17.66 | Battery:   0.00% | Loss: 
Placing Sensors
[Episode 193/400] Steps: 720 | Reward:   -5.54 | Battery:  60.77% | Loss: 
Placing Sensors
Policy -0.0113 | Value 0.0128 | KL 0.01136 | CF 0.1451 | Std 0.1103 | |a| 0.0218 | EV +0.860 | Rsd 0.456 | Res 0.170 | AE nan | Alpha 0.0100 | MB 24/24
  cert | viol 0.018 | dV -0.242916 | V 0.2906 | inball 0.421 | a*_q05 0.00563 | a*_q50 0.02725 | dV>=0 0.000 | n=150 | a_used 0.00279 -> 0.00287
  crit | n=1 | viol 0.693 | V 0.8438 | Vmin 0.3566 | agree +0.624 | a*_q05 -0.00712 | a*_q50 0.00059 | dV>=0 0.440 | beta 0.1825
  bell | direct viol 0.499 | direct dV>=0 0.458 | d_mean +0.00143 | d_std 0.03497 | d_q95 0.06913
[Episode 194/400] Steps: 720 | Reward:   -4.64 | Battery:  63.74% | Loss: 0.0049
Placing Sensors
[Episode 195/400] Steps: 720 | Reward:   -5.54 | Battery:  77.60% | Loss: 
Placing Sensors
Policy -0.0093 | Value 0.0060 | KL 0.01006 | CF 0.1112 | Std 0.1102 | |a| 0.0242 | EV +0.926 | Rsd 0.431 | Res 0.117 | AE nan | Alpha 0.0100 | MB 24/24
  cert | viol 0.087 | dV -0.282257 | V 0.3790 | inball 0.428 | a*_q05 0.00149 | a*_q50 0.02505 | dV>=0 0.026 | n=150 | a_used 0.00287 -> 0.00290
  crit | n=1 | viol 0.553 | V 0.8153 | Vmin 0.3491 | agree +0.592 | a*_q05 -0.00587 | a*_q50 0.00205 | dV>=0 0.349 | beta 0.1822
  bell | direct viol 0.491 | direct dV>=0 0.443 | d_mean +0.00070 | d_std 0.03052 | d_q95 0.06057
[Episode 196/400] Steps: 720 | Reward:   -5.92 | Battery:  65.87% | Loss: 0.1608
Placing Sensors
[Episode 197/400] Steps: 720 | Reward:   -5.52 | Battery:  71.44% | Loss: 
Placing Sensors
Policy -0.0037 | Value 0.0060 | KL 0.01414 | CF 0.1523 | Std 0.1102 | |a| 0.0282 | EV +0.933 | Rsd 0.409 | Res 0.108 | AE nan | Alpha 0.0100 | MB 24/24
  cert | viol 0.098 | dV -0.267987 | V 0.3627 | inball 0.487 | a*_q05 -0.00062 | a*_q50 0.02974 | dV>=0 0.065 | n=150 | a_used 0.00290 -> 0.00275
  crit | n=1 | viol 0.492 | V 0.7673 | Vmin 0.2927 | agree +0.387 | a*_q05 -0.00679 | a*_q50 0.00286 | dV>=0 0.406 | beta 0.1806
  bell | direct viol 0.503 | direct dV>=0 0.452 | d_mean -0.00006 | d_std 0.03279 | d_q95 0.06513
[Episode 198/400] Steps: 720 | Reward:   -4.29 | Battery:  64.44% | Loss: 0.1116
Placing Sensors
[Episode 199/400] Steps:  86 | Reward:  -17.53 | Battery:   0.00% | Loss: 
Placing Sensors
[Episode 200/400] Steps: 720 | Reward:   -5.82 | Battery:  75.74% | Loss: 
Placing Sensors
Policy -0.0097 | Value 0.0108 | KL 0.00879 | CF 0.0926 | Std 0.1102 | |a| 0.0301 | EV +0.921 | Rsd 0.473 | Res 0.133 | AE nan | Alpha 0.0100 | MB 24/24
  cert | viol 0.044 | dV -0.260881 | V 0.3465 | inball 0.384 | a*_q05 0.00295 | a*_q50 0.02588 | dV>=0 0.000 | n=150 | a_used 0.00275 -> 0.00276
  crit | n=1 | viol 0.553 | V 0.8460 | Vmin 0.3371 | agree +0.667 | a*_q05 -0.00656 | a*_q50 0.00191 | dV>=0 0.377 | beta 0.1799
  bell | direct viol 0.508 | direct dV>=0 0.467 | d_mean +0.00045 | d_std 0.03327 | d_q95 0.07014
[Episode 201/400] Steps: 720 | Reward:   -5.55 | Battery:  60.20% | Loss: -0.0468
Placing Sensors
[Episode 202/400] Steps: 104 | Reward:  -17.48 | Battery:   0.00% | Loss: 
Placing Sensors
[Episode 203/400] Steps:  84 | Reward:  -17.62 | Battery:   0.00% | Loss: 
Placing Sensors
[Episode 204/400] Steps:  84 | Reward:  -17.68 | Battery:   0.00% | Loss: 
Placing Sensors
[Episode 205/400] Steps: 720 | Reward:   -5.69 | Battery:  74.47% | Loss: 
Placing Sensors
Policy 0.0047 | Value 0.0264 | KL 0.01825 | CF 0.1807 | Std 0.1102 | |a| 0.0290 | EV +0.687 | Rsd 0.570 | Res 0.331 | AE nan | Alpha 0.0100 | MB 28/28
  cert | viol 0.102 | dV -0.228164 | V 0.3153 | inball 0.300 | a*_q05 -0.00279 | a*_q50 0.02051 | dV>=0 0.039 | n=150 | a_used 0.00276 -> 0.00262
  crit | n=1 | viol 0.557 | V 0.9967 | Vmin 0.3032 | agree +0.676 | a*_q05 -0.00459 | a*_q50 0.00235 | dV>=0 0.247 | beta 0.1790
  bell | direct viol 0.526 | direct dV>=0 0.468 | d_mean -0.00013 | d_std 0.03737 | d_q95 0.07842
[Episode 206/400] Steps: 720 | Reward:   -5.88 | Battery:  67.89% | Loss: -0.0680
Placing Sensors
[Episode 207/400] Steps: 720 | Reward:   -5.84 | Battery:  65.40% | Loss: 
Placing Sensors
Policy -0.0075 | Value 0.0082 | KL 0.00908 | CF 0.0994 | Std 0.1102 | |a| 0.0308 | EV +0.909 | Rsd 0.437 | Res 0.143 | AE nan | Alpha 0.0100 | MB 24/24
  cert | viol 0.050 | dV -0.289286 | V 0.3806 | inball 0.504 | a*_q05 0.00281 | a*_q50 0.03025 | dV>=0 0.002 | n=150 | a_used 0.00262 -> 0.00252
  crit | n=1 | viol 0.656 | V 0.7655 | Vmin 0.3069 | agree +0.717 | a*_q05 -0.00736 | a*_q50 0.00135 | dV>=0 0.397 | beta 0.1776
  bell | direct viol 0.508 | direct dV>=0 0.473 | d_mean +0.00230 | d_std 0.04266 | d_q95 0.08908
[Episode 208/400] Steps: 720 | Reward:   -4.36 | Battery:  81.00% | Loss: -0.1583
Placing Sensors
[Episode 209/400] Steps: 106 | Reward:  -17.46 | Battery:   0.00% | Loss: 
Placing Sensors
[Episode 210/400] Steps: 205 | Reward:  -16.78 | Battery:   0.00% | Loss: 
Placing Sensors
[Episode 211/400] Steps: 720 | Reward:   -6.91 | Battery:  59.04% | Loss: 
Placing Sensors
Policy -0.0049 | Value 0.0268 | KL 0.01876 | CF 0.1825 | Std 0.1102 | |a| 0.0410 | EV +0.773 | Rsd 0.532 | Res 0.260 | AE nan | Alpha 0.0100 | MB 28/28
  cert | viol 0.096 | dV -0.205037 | V 0.3051 | inball 0.267 | a*_q05 0.00016 | a*_q50 0.02074 | dV>=0 0.059 | n=150 | a_used 0.00252 -> 0.00256
  crit | n=1 | viol 0.629 | V 1.0306 | Vmin 0.4059 | agree +0.689 | a*_q05 -0.00620 | a*_q50 0.00153 | dV>=0 0.347 | beta 0.1786
  bell | direct viol 0.515 | direct dV>=0 0.473 | d_mean +0.00028 | d_std 0.04489 | d_q95 0.08508
[Episode 212/400] Steps: 720 | Reward:   -4.77 | Battery:  69.85% | Loss: 0.0446
Placing Sensors
[Episode 213/400] Steps:  86 | Reward:  -17.67 | Battery:   0.00% | Loss: 
Placing Sensors
[Episode 214/400] Steps: 720 | Reward:   -4.78 | Battery:  55.05% | Loss: 
Placing Sensors
Policy -0.0035 | Value 0.0194 | KL 0.02049 | CF 0.2155 | Std 0.1102 | |a| 0.0367 | EV +0.788 | Rsd 0.480 | Res 0.225 | AE nan | Alpha 0.0100 | MB 24/24
  cert | viol 0.044 | dV -0.204520 | V 0.2733 | inball 0.365 | a*_q05 0.00303 | a*_q50 0.02467 | dV>=0 0.014 | n=150 | a_used 0.00256 -> 0.00252
  crit | n=1 | viol 0.760 | V 0.9423 | Vmin 0.3894 | agree +0.613 | a*_q05 -0.00653 | a*_q50 -0.00049 | dV>=0 0.530 | beta 0.1790
  bell | direct viol 0.507 | direct dV>=0 0.467 | d_mean +0.00185 | d_std 0.04480 | d_q95 0.09216
[Episode 215/400] Steps: 720 | Reward:   -5.63 | Battery:  64.32% | Loss: 0.0853
Placing Sensors
[Episode 216/400] Steps: 720 | Reward:   -4.34 | Battery:  76.01% | Loss: 
Placing Sensors
Policy 0.0006 | Value 0.0114 | KL 0.01912 | CF 0.1910 | Std 0.1103 | |a| 0.0335 | EV +0.843 | Rsd 0.359 | Res 0.160 | AE nan | Alpha 0.0100 | MB 24/24
  cert | viol 0.067 | dV -0.166807 | V 0.2213 | inball 0.455 | a*_q05 0.00235 | a*_q50 0.02249 | dV>=0 0.004 | n=150 | a_used 0.00252 -> 0.00251
  crit | n=1 | viol 0.705 | V 0.8006 | Vmin 0.3811 | agree +0.395 | a*_q05 -0.00629 | a*_q50 -0.00013 | dV>=0 0.505 | beta 0.1803
  bell | direct viol 0.512 | direct dV>=0 0.479 | d_mean +0.00224 | d_std 0.03821 | d_q95 0.07598
[Episode 217/400] Steps: 720 | Reward:   -4.73 | Battery:  63.59% | Loss: 0.1597
Placing Sensors
[Episode 218/400] Steps: 720 | Reward:   -6.47 | Battery:  57.23% | Loss: 
Placing Sensors
Policy -0.0101 | Value 0.0050 | KL 0.01689 | CF 0.1743 | Std 0.1103 | |a| 0.0505 | EV +0.918 | Rsd 0.297 | Res 0.090 | AE nan | Alpha 0.0100 | MB 24/24
  cert | viol 0.124 | dV -0.153714 | V 0.2333 | inball 0.314 | a*_q05 -0.00275 | a*_q50 0.01084 | dV>=0 0.081 | n=150 | a_used 0.00251 -> 0.00239
  crit | n=1 | viol 0.674 | V 0.8396 | Vmin 0.4361 | agree +0.432 | a*_q05 -0.00626 | a*_q50 0.00084 | dV>=0 0.394 | beta 0.1816
  bell | direct viol 0.512 | direct dV>=0 0.464 | d_mean +0.00057 | d_std 0.03243 | d_q95 0.06532
[Episode 219/400] Steps: 720 | Reward:   -4.49 | Battery:  76.78% | Loss: -0.0076
Placing Sensors
[Episode 220/400] Steps: 720 | Reward:   -4.66 | Battery:  88.90% | Loss: 
Placing Sensors
Policy -0.0092 | Value 0.0079 | KL 0.01651 | CF 0.1669 | Std 0.1103 | |a| 0.0391 | EV +0.859 | Rsd 0.309 | Res 0.123 | AE nan | Alpha 0.0100 | MB 24/24
  cert | viol 0.101 | dV -0.281970 | V 0.3828 | inball 0.516 | a*_q05 0.00038 | a*_q50 0.02934 | dV>=0 0.045 | n=150 | a_used 0.00239 -> 0.00227
  crit | n=1 | viol 0.472 | V 0.7238 | Vmin 0.3890 | agree +0.583 | a*_q05 -0.00691 | a*_q50 0.00288 | dV>=0 0.370 | beta 0.1822
  bell | direct viol 0.493 | direct dV>=0 0.461 | d_mean -0.00002 | d_std 0.04010 | d_q95 0.08371
[Episode 221/400] Steps: 720 | Reward:   -5.02 | Battery:  67.21% | Loss: 0.1216
Placing Sensors
[Episode 222/400] Steps: 720 | Reward:   -4.44 | Battery:  81.60% | Loss: 
Placing Sensors
Policy 0.0008 | Value 0.0082 | KL 0.02031 | CF 0.2311 | Std 0.1103 | |a| 0.0374 | EV +0.903 | Rsd 0.360 | Res 0.112 | AE nan | Alpha 0.0100 | MB 24/24
  cert | viol 0.025 | dV -0.276142 | V 0.3613 | inball 0.448 | a*_q05 0.00387 | a*_q50 0.02548 | dV>=0 0.000 | n=150 | a_used 0.00227 -> 0.00230
  crit | n=1 | viol 0.407 | V 0.7255 | Vmin 0.3740 | agree +0.545 | a*_q05 -0.00577 | a*_q50 0.00376 | dV>=0 0.305 | beta 0.1814
  bell | direct viol 0.518 | direct dV>=0 0.491 | d_mean -0.00154 | d_std 0.03687 | d_q95 0.07294
[Episode 223/400] Steps: 720 | Reward:   -6.38 | Battery:  56.23% | Loss: 0.0918
Placing Sensors
[Episode 224/400] Steps: 720 | Reward:   -3.64 | Battery:  69.31% | Loss: 
Placing Sensors
Policy -0.0073 | Value 0.0074 | KL 0.01446 | CF 0.1633 | Std 0.1103 | |a| 0.0352 | EV +0.931 | Rsd 0.337 | Res 0.107 | AE nan | Alpha 0.0100 | MB 24/24
  cert | viol 0.000 | dV -0.237076 | V 0.2707 | inball 0.580 | a*_q05 0.00638 | a*_q50 0.03343 | dV>=0 0.000 | n=150 | a_used 0.00230 -> 0.00244
  crit | n=1 | viol 0.543 | V 0.6515 | Vmin 0.2955 | agree +0.346 | a*_q05 -0.00737 | a*_q50 0.00202 | dV>=0 0.395 | beta 0.1796
  bell | direct viol 0.502 | direct dV>=0 0.470 | d_mean +0.00142 | d_std 0.03837 | d_q95 0.07666
[Episode 225/400] Steps: 720 | Reward:   -3.34 | Battery:  82.02% | Loss: 0.0774
Placing Sensors
[Episode 226/400] Steps: 720 | Reward:   -6.81 | Battery:  67.25% | Loss: 
Placing Sensors
Policy -0.0126 | Value 0.0078 | KL 0.01144 | CF 0.1406 | Std 0.1103 | |a| 0.0514 | EV +0.884 | Rsd 0.326 | Res 0.116 | AE nan | Alpha 0.0100 | MB 24/24
  cert | viol 0.132 | dV -0.160324 | V 0.2590 | inball 0.241 | a*_q05 -0.01145 | a*_q50 0.01375 | dV>=0 0.097 | n=150 | a_used 0.00244 -> 0.00232
  crit | n=1 | viol 0.499 | V 0.7963 | Vmin 0.3272 | agree +0.364 | a*_q05 -0.00548 | a*_q50 0.00244 | dV>=0 0.397 | beta 0.1805
  bell | direct viol 0.539 | direct dV>=0 0.504 | d_mean -0.00077 | d_std 0.03288 | d_q95 0.06800
[Episode 227/400] Steps: 720 | Reward:   -5.48 | Battery:  48.33% | Loss: -0.0676
Placing Sensors
[Episode 228/400] Steps: 720 | Reward:   -4.37 | Battery:  79.74% | Loss: 
Placing Sensors
Policy -0.0077 | Value 0.0051 | KL 0.01754 | CF 0.1993 | Std 0.1103 | |a| 0.0656 | EV +0.905 | Rsd 0.311 | Res 0.109 | AE nan | Alpha 0.0100 | MB 24/24
  cert | viol 0.063 | dV -0.270308 | V 0.3361 | inball 0.551 | a*_q05 0.00193 | a*_q50 0.03417 | dV>=0 0.036 | n=150 | a_used 0.00232 -> 0.00231
  crit | n=1 | viol 0.482 | V 0.7089 | Vmin 0.3327 | agree +0.503 | a*_q05 -0.00717 | a*_q50 0.00270 | dV>=0 0.373 | beta 0.1803
  bell | direct viol 0.497 | direct dV>=0 0.465 | d_mean +0.00037 | d_std 0.03046 | d_q95 0.06063
[Episode 229/400] Steps: 720 | Reward:   -4.34 | Battery:  70.47% | Loss: -0.0174
Placing Sensors
[Episode 230/400] Steps: 720 | Reward:   -6.62 | Battery:  63.44% | Loss: 
Placing Sensors
Policy -0.0103 | Value 0.0041 | KL 0.01651 | CF 0.1792 | Std 0.1103 | |a| 0.0423 | EV +0.947 | Rsd 0.328 | Res 0.078 | AE nan | Alpha 0.0100 | MB 24/24
  cert | viol 0.258 | dV -0.182114 | V 0.2845 | inball 0.287 | a*_q05 -0.00770 | a*_q50 0.01110 | dV>=0 0.177 | n=150 | a_used 0.00231 -> 0.00220
  crit | n=1 | viol 0.496 | V 0.7697 | Vmin 0.3624 | agree +0.564 | a*_q05 -0.00538 | a*_q50 0.00236 | dV>=0 0.313 | beta 0.1812
  bell | direct viol 0.501 | direct dV>=0 0.471 | d_mean -0.00084 | d_std 0.03277 | d_q95 0.06579
[Episode 231/400] Steps: 720 | Reward:   -5.05 | Battery:  72.87% | Loss: 0.0604
Placing Sensors
[Episode 232/400] Steps: 720 | Reward:   -5.52 | Battery:  52.78% | Loss: 
Placing Sensors
Policy -0.0042 | Value 0.0065 | KL 0.01715 | CF 0.1556 | Std 0.1103 | |a| 0.0425 | EV +0.894 | Rsd 0.317 | Res 0.107 | AE nan | Alpha 0.0100 | MB 24/24
  cert | viol 0.034 | dV -0.236937 | V 0.3131 | inball 0.367 | a*_q05 0.00290 | a*_q50 0.02300 | dV>=0 0.011 | n=150 | a_used 0.00220 -> 0.00224
  crit | n=1 | viol 0.469 | V 0.7300 | Vmin 0.3533 | agree +0.414 | a*_q05 -0.00694 | a*_q50 0.00259 | dV>=0 0.382 | beta 0.1809
  bell | direct viol 0.505 | direct dV>=0 0.471 | d_mean -0.00045 | d_std 0.02508 | d_q95 0.05077
[Episode 233/400] Steps: 720 | Reward:   -5.84 | Battery:  69.38% | Loss: 0.1152
Placing Sensors
[Episode 234/400] Steps: 720 | Reward:   -3.86 | Battery:  53.01% | Loss: 
Placing Sensors
[Episode 235/400] Steps: 110 | Reward:  -17.41 | Battery:   0.00% | Loss: 
Placing Sensors
Policy 0.0036 | Value 0.0263 | KL 0.02137 | CF 0.2072 | Std 0.1103 | |a| 0.0524 | EV +0.740 | Rsd 0.416 | Res 0.212 | AE nan | Alpha 0.0100 | MB 21/28
  cert | viol 0.000 | dV -0.249548 | V 0.2909 | inball 0.474 | a*_q05 0.00776 | a*_q50 0.02855 | dV>=0 0.000 | n=150 | a_used 0.00224 -> 0.00242
  crit | n=1 | viol 0.718 | V 0.8170 | Vmin 0.3806 | agree +0.637 | a*_q05 -0.00701 | a*_q50 -0.00129 | dV>=0 0.590 | beta 0.1821
  bell | direct viol 0.531 | direct dV>=0 0.486 | d_mean +0.00199 | d_std 0.04130 | d_q95 0.08225
[Episode 236/400] Steps: 720 | Reward:   -5.49 | Battery:  75.30% | Loss: -0.2349
Placing Sensors
[Episode 237/400] Steps: 720 | Reward:   -5.91 | Battery:  71.37% | Loss: 
Placing Sensors
Policy -0.0034 | Value 0.0084 | KL 0.00879 | CF 0.1018 | Std 0.1104 | |a| 0.0516 | EV +0.838 | Rsd 0.311 | Res 0.125 | AE nan | Alpha 0.0100 | MB 24/24
  cert | viol 0.100 | dV -0.238966 | V 0.3388 | inball 0.414 | a*_q05 0.00174 | a*_q50 0.02653 | dV>=0 0.015 | n=150 | a_used 0.00242 -> 0.00238
  crit | n=1 | viol 0.574 | V 0.7151 | Vmin 0.3644 | agree +0.362 | a*_q05 -0.00695 | a*_q50 0.00100 | dV>=0 0.448 | beta 0.1813
  bell | direct viol 0.497 | direct dV>=0 0.474 | d_mean -0.00038 | d_std 0.04209 | d_q95 0.08532
[Episode 238/400] Steps: 720 | Reward:   -4.17 | Battery:  68.14% | Loss: -0.0387
Placing Sensors
[Episode 239/400] Steps: 720 | Reward:   -5.28 | Battery:  45.46% | Loss: 
Placing Sensors
[Episode 240/400] Steps: 106 | Reward:  -17.54 | Battery:   0.00% | Loss: 
Placing Sensors
[Episode 241/400] Steps:  79 | Reward:  -17.50 | Battery:   0.00% | Loss: 
Placing Sensors
Policy -0.0108 | Value 0.0200 | KL 0.02820 | CF 0.1412 | Std 0.1104 | |a| 0.0391 | EV +0.857 | Rsd 0.524 | Res 0.205 | AE nan | Alpha 0.0100 | MB 21/28
  cert | viol 0.039 | dV -0.215472 | V 0.2775 | inball 0.359 | a*_q05 0.00147 | a*_q50 0.02573 | dV>=0 0.027 | n=150 | a_used 0.00238 -> 0.00226
  crit | n=1 | viol 0.634 | V 0.8537 | Vmin 0.2978 | agree +0.766 | a*_q05 -0.00516 | a*_q50 0.00105 | dV>=0 0.386 | beta 0.1807
  bell | direct viol 0.519 | direct dV>=0 0.499 | d_mean -0.00096 | d_std 0.05525 | d_q95 0.11699
[Episode 242/400] Steps: 720 | Reward:   -4.81 | Battery:  74.80% | Loss: 0.0323
Placing Sensors
[Episode 243/400] Steps: 720 | Reward:   -6.89 | Battery:  68.43% | Loss: 
Placing Sensors
Policy 0.0080 | Value 0.0158 | KL 0.02864 | CF 0.1544 | Std 0.1104 | |a| 0.0435 | EV +0.816 | Rsd 0.351 | Res 0.158 | AE nan | Alpha 0.0100 | MB 12/24
  cert | viol 0.161 | dV -0.185027 | V 0.2592 | inball 0.255 | a*_q05 -0.00839 | a*_q50 0.01170 | dV>=0 0.110 | n=150 | a_used 0.00226 -> 0.00215
  crit | n=1 | viol 0.694 | V 0.8157 | Vmin 0.4098 | agree +0.611 | a*_q05 -0.00774 | a*_q50 -0.00052 | dV>=0 0.539 | beta 0.1823
  bell | direct viol 0.499 | direct dV>=0 0.480 | d_mean +0.00046 | d_std 0.06107 | d_q95 0.12227
[Episode 244/400] Steps: 720 | Reward:   -4.13 | Battery:  62.91% | Loss: -0.0507
Placing Sensors
[Episode 245/400] Steps: 720 | Reward:   -6.72 | Battery:  75.60% | Loss: 
Placing Sensors
Policy -0.0016 | Value 0.0130 | KL 0.01459 | CF 0.1466 | Std 0.1104 | |a| 0.0586 | EV +0.838 | Rsd 0.361 | Res 0.159 | AE nan | Alpha 0.0100 | MB 24/24
  cert | viol 0.171 | dV -0.235716 | V 0.3814 | inball 0.251 | a*_q05 -0.00803 | a*_q50 0.01619 | dV>=0 0.128 | n=150 | a_used 0.00215 -> 0.00204
  crit | n=1 | viol 0.470 | V 0.8291 | Vmin 0.3768 | agree +0.337 | a*_q05 -0.00549 | a*_q50 0.00298 | dV>=0 0.377 | beta 0.1818
  bell | direct viol 0.508 | direct dV>=0 0.480 | d_mean -0.00115 | d_std 0.03523 | d_q95 0.07301
[Episode 246/400] Steps: 720 | Reward:   -7.47 | Battery:  40.79% | Loss: -0.0105
Placing Sensors
[Episode 247/400] Steps: 720 | Reward:   -4.97 | Battery:  75.80% | Loss: 
Placing Sensors
Policy -0.0003 | Value 0.0080 | KL 0.00899 | CF 0.0946 | Std 0.1104 | |a| 0.0545 | EV +0.838 | Rsd 0.281 | Res 0.113 | AE nan | Alpha 0.0100 | MB 24/24
  cert | viol 0.050 | dV -0.197972 | V 0.2975 | inball 0.343 | a*_q05 0.00155 | a*_q50 0.01898 | dV>=0 0.032 | n=150 | a_used 0.00204 -> 0.00208
  crit | n=1 | viol 0.525 | V 0.7363 | Vmin 0.3700 | agree +0.500 | a*_q05 -0.00665 | a*_q50 0.00158 | dV>=0 0.414 | beta 0.1817
  bell | direct viol 0.504 | direct dV>=0 0.482 | d_mean -0.00004 | d_std 0.04056 | d_q95 0.08174
[Episode 248/400] Steps: 720 | Reward:   -5.98 | Battery:  48.37% | Loss: 0.1771
Placing Sensors
[Episode 249/400] Steps: 720 | Reward:   -5.84 | Battery:  76.68% | Loss: 
Placing Sensors
Policy -0.0086 | Value 0.0041 | KL 0.01171 | CF 0.1283 | Std 0.1104 | |a| 0.0598 | EV +0.934 | Rsd 0.321 | Res 0.083 | AE nan | Alpha 0.0100 | MB 24/24
  cert | viol 0.000 | dV -0.257033 | V 0.3296 | inball 0.381 | a*_q05 0.00588 | a*_q50 0.01664 | dV>=0 0.000 | n=150 | a_used 0.00208 -> 0.00219
  crit | n=1 | viol 0.444 | V 0.7829 | Vmin 0.3686 | agree +0.615 | a*_q05 -0.00508 | a*_q50 0.00261 | dV>=0 0.318 | beta 0.1828
  bell | direct viol 0.499 | direct dV>=0 0.466 | d_mean +0.00012 | d_std 0.02899 | d_q95 0.06005
[Episode 250/400] Steps: 720 | Reward:   -6.14 | Battery:  58.92% | Loss: 0.0609
Placing Sensors
[Episode 251/400] Steps: 720 | Reward:   -6.01 | Battery:  78.99% | Loss: 
Placing Sensors
Policy -0.0099 | Value 0.0065 | KL 0.01593 | CF 0.1220 | Std 0.1104 | |a| 0.0520 | EV +0.910 | Rsd 0.345 | Res 0.106 | AE nan | Alpha 0.0100 | MB 24/24
  cert | viol 0.078 | dV -0.285385 | V 0.3898 | inball 0.475 | a*_q05 0.00150 | a*_q50 0.02674 | dV>=0 0.030 | n=150 | a_used 0.00219 -> 0.00217
  crit | n=1 | viol 0.406 | V 0.7610 | Vmin 0.3574 | agree +0.589 | a*_q05 -0.00729 | a*_q50 0.00396 | dV>=0 0.331 | beta 0.1830
  bell | direct viol 0.520 | direct dV>=0 0.487 | d_mean -0.00096 | d_std 0.04483 | d_q95 0.09266
[Episode 252/400] Steps: 720 | Reward:   -4.69 | Battery:  65.94% | Loss: 0.1090
Placing Sensors
[Episode 253/400] Steps: 720 | Reward:   -5.94 | Battery:  83.16% | Loss: 
Placing Sensors
[Episode 254/400] Steps:  87 | Reward:  -17.58 | Battery:   0.00% | Loss: 
Placing Sensors
Policy -0.0057 | Value 0.0195 | KL 0.01100 | CF 0.1238 | Std 0.1104 | |a| 0.0513 | EV +0.747 | Rsd 0.377 | Res 0.197 | AE nan | Alpha 0.0100 | MB 24/24
  cert | viol 0.030 | dV -0.207342 | V 0.2918 | inball 0.428 | a*_q05 0.00288 | a*_q50 0.02111 | dV>=0 0.000 | n=150 | a_used 0.00217 -> 0.00224
  crit | n=1 | viol 0.321 | V 0.7059 | Vmin 0.3562 | agree +0.611 | a*_q05 -0.00501 | a*_q50 0.00487 | dV>=0 0.203 | beta 0.1821
  bell | direct viol 0.511 | direct dV>=0 0.484 | d_mean -0.00132 | d_std 0.03763 | d_q95 0.07807
[Episode 255/400] Steps: 720 | Reward:   -4.08 | Battery:  82.13% | Loss: 0.0021
Placing Sensors
[Episode 256/400] Steps: 720 | Reward:   -7.04 | Battery:  43.82% | Loss: 
Placing Sensors
[Episode 257/400] Steps: 102 | Reward:  -17.60 | Battery:   0.00% | Loss: 
Placing Sensors
[Episode 258/400] Steps:  82 | Reward:  -17.66 | Battery:   0.00% | Loss: 
Placing Sensors
Policy 0.0127 | Value 0.0437 | KL 0.02524 | CF 0.2033 | Std 0.1104 | |a| 0.0539 | EV +0.767 | Rsd 0.529 | Res 0.270 | AE nan | Alpha 0.0100 | MB 14/28
  cert | viol 0.192 | dV -0.225914 | V 0.3796 | inball 0.186 | a*_q05 -0.00110 | a*_q50 0.01601 | dV>=0 0.088 | n=150 | a_used 0.00224 -> 0.00213
  crit | n=1 | viol 0.548 | V 1.0027 | Vmin 0.3846 | agree +0.594 | a*_q05 -0.00603 | a*_q50 0.00169 | dV>=0 0.355 | beta 0.1811
  bell | direct viol 0.517 | direct dV>=0 0.490 | d_mean -0.00032 | d_std 0.06073 | d_q95 0.13523
[Episode 259/400] Steps: 720 | Reward:   -7.04 | Battery:  76.36% | Loss: -0.0266
Placing Sensors
[Episode 260/400] Steps: 720 | Reward:   -4.00 | Battery:  79.57% | Loss: 
Placing Sensors
Policy 0.0281 | Value 0.0118 | KL 0.03301 | CF 0.2346 | Std 0.1104 | |a| 0.0422 | EV +0.901 | Rsd 0.359 | Res 0.160 | AE nan | Alpha 0.0100 | MB 12/24
  cert | viol 0.023 | dV -0.251574 | V 0.3043 | inball 0.543 | a*_q05 0.00381 | a*_q50 0.03333 | dV>=0 0.000 | n=150 | a_used 0.00213 -> 0.00213
  crit | n=1 | viol 0.615 | V 0.7545 | Vmin 0.3504 | agree +0.515 | a*_q05 -0.00847 | a*_q50 0.00031 | dV>=0 0.495 | beta 0.1816
  bell | direct viol 0.501 | direct dV>=0 0.479 | d_mean +0.00281 | d_std 0.04788 | d_q95 0.09993
[Episode 261/400] Steps: 720 | Reward:   -3.90 | Battery:  75.50% | Loss: 0.2015
Placing Sensors
[Episode 262/400] Steps: 720 | Reward:   -4.34 | Battery:  73.08% | Loss: 
Placing Sensors
Policy -0.0062 | Value 0.0048 | KL 0.01735 | CF 0.2024 | Std 0.1104 | |a| 0.0296 | EV +0.953 | Rsd 0.347 | Res 0.105 | AE nan | Alpha 0.0100 | MB 24/24
  cert | viol 0.000 | dV -0.228694 | V 0.2680 | inball 0.567 | a*_q05 0.00582 | a*_q50 0.03087 | dV>=0 0.000 | n=150 | a_used 0.00213 -> 0.00225
  crit | n=1 | viol 0.613 | V 0.7203 | Vmin 0.3328 | agree +0.437 | a*_q05 -0.00724 | a*_q50 0.00101 | dV>=0 0.409 | beta 0.1801
  bell | direct viol 0.497 | direct dV>=0 0.476 | d_mean +0.00191 | d_std 0.03779 | d_q95 0.07335
[Episode 263/400] Steps: 720 | Reward:   -3.27 | Battery:  79.10% | Loss: -0.0869
Placing Sensors
[Episode 264/400] Steps:  76 | Reward:  -17.72 | Battery:   0.00% | Loss: 
Placing Sensors
[Episode 265/400] Steps: 720 | Reward:   -4.81 | Battery:  74.32% | Loss: 
Placing Sensors
Policy -0.0024 | Value 0.0152 | KL 0.01572 | CF 0.1587 | Std 0.1104 | |a| 0.0296 | EV +0.852 | Rsd 0.462 | Res 0.179 | AE nan | Alpha 0.0100 | MB 24/24
  cert | viol 0.039 | dV -0.268944 | V 0.3436 | inball 0.453 | a*_q05 0.00303 | a*_q50 0.02892 | dV>=0 0.010 | n=150 | a_used 0.00225 -> 0.00229
  crit | n=1 | viol 0.554 | V 0.7727 | Vmin 0.3116 | agree +0.782 | a*_q05 -0.00688 | a*_q50 0.00171 | dV>=0 0.363 | beta 0.1795
  bell | direct viol 0.493 | direct dV>=0 0.469 | d_mean +0.00108 | d_std 0.04544 | d_q95 0.09116
[Episode 266/400] Steps: 720 | Reward:   -4.98 | Battery:  79.28% | Loss: 0.1039
Placing Sensors
[Episode 267/400] Steps: 720 | Reward:   -5.29 | Battery:  71.70% | Loss: 
Placing Sensors
Policy -0.0169 | Value 0.0075 | KL 0.01590 | CF 0.1809 | Std 0.1103 | |a| 0.0385 | EV +0.912 | Rsd 0.393 | Res 0.117 | AE nan | Alpha 0.0100 | MB 24/24
  cert | viol 0.029 | dV -0.315251 | V 0.3737 | inball 0.493 | a*_q05 0.00375 | a*_q50 0.03040 | dV>=0 0.004 | n=150 | a_used 0.00229 -> 0.00237
  crit | n=1 | viol 0.469 | V 0.7671 | Vmin 0.3226 | agree +0.313 | a*_q05 -0.00725 | a*_q50 0.00276 | dV>=0 0.371 | beta 0.1789
  bell | direct viol 0.501 | direct dV>=0 0.480 | d_mean -0.00033 | d_std 0.03799 | d_q95 0.07595
[Episode 268/400] Steps: 720 | Reward:   -5.19 | Battery:  63.47% | Loss: -0.0672
Placing Sensors
[Episode 269/400] Steps: 720 | Reward:   -5.76 | Battery:  62.92% | Loss: 
Placing Sensors
Policy -0.0127 | Value 0.0060 | KL 0.01674 | CF 0.1550 | Std 0.1103 | |a| 0.0410 | EV +0.933 | Rsd 0.387 | Res 0.101 | AE nan | Alpha 0.0100 | MB 24/24
  cert | viol 0.053 | dV -0.265136 | V 0.3384 | inball 0.415 | a*_q05 0.00245 | a*_q50 0.02631 | dV>=0 0.020 | n=150 | a_used 0.00237 -> 0.00232
  crit | n=1 | viol 0.493 | V 0.8046 | Vmin 0.3461 | agree +0.404 | a*_q05 -0.00593 | a*_q50 0.00241 | dV>=0 0.399 | beta 0.1784
  bell | direct viol 0.518 | direct dV>=0 0.481 | d_mean -0.00003 | d_std 0.04809 | d_q95 0.09580
[Episode 270/400] Steps: 720 | Reward:   -5.16 | Battery:  57.52% | Loss: 0.0522
Placing Sensors
[Episode 271/400] Steps: 720 | Reward:   -4.13 | Battery:  71.58% | Loss: 
Placing Sensors
Policy -0.0101 | Value 0.0065 | KL 0.01091 | CF 0.1222 | Std 0.1103 | |a| 0.0466 | EV +0.912 | Rsd 0.371 | Res 0.110 | AE nan | Alpha 0.0100 | MB 24/24
  cert | viol 0.016 | dV -0.203668 | V 0.2935 | inball 0.370 | a*_q05 0.00308 | a*_q50 0.02049 | dV>=0 0.000 | n=150 | a_used 0.00232 -> 0.00236
  crit | n=1 | viol 0.506 | V 0.7865 | Vmin 0.3786 | agree +0.470 | a*_q05 -0.00632 | a*_q50 0.00227 | dV>=0 0.337 | beta 0.1787
  bell | direct viol 0.516 | direct dV>=0 0.482 | d_mean +0.00033 | d_std 0.03071 | d_q95 0.06393
[Episode 272/400] Steps: 720 | Reward:   -7.02 | Battery:  67.30% | Loss: 0.0709
Placing Sensors
[Episode 273/400] Steps: 720 | Reward:   -4.77 | Battery:  75.32% | Loss: 
Placing Sensors
Policy -0.0069 | Value 0.0070 | KL 0.01065 | CF 0.1393 | Std 0.1103 | |a| 0.0449 | EV +0.900 | Rsd 0.323 | Res 0.123 | AE nan | Alpha 0.0100 | MB 24/24
  cert | viol 0.086 | dV -0.250849 | V 0.2929 | inball 0.428 | a*_q05 -0.00968 | a*_q50 0.02959 | dV>=0 0.084 | n=150 | a_used 0.00236 -> 0.00224
  crit | n=1 | viol 0.719 | V 0.7817 | Vmin 0.3860 | agree +0.562 | a*_q05 -0.00792 | a*_q50 -0.00142 | dV>=0 0.591 | beta 0.1791
  bell | direct viol 0.510 | direct dV>=0 0.468 | d_mean +0.00272 | d_std 0.03076 | d_q95 0.06444
[Episode 274/400] Steps: 720 | Reward:   -4.82 | Battery:  61.23% | Loss: 0.0366
Placing Sensors
[Episode 275/400] Steps: 720 | Reward:   -3.37 | Battery:  73.09% | Loss: 
Placing Sensors
[Episode 276/400] Steps: 108 | Reward:  -17.39 | Battery:   0.00% | Loss: 
Placing Sensors
Policy 0.0018 | Value 0.0233 | KL 0.00911 | CF 0.0916 | Std 0.1103 | |a| 0.0348 | EV +0.827 | Rsd 0.417 | Res 0.174 | AE nan | Alpha 0.0100 | MB 28/28
  cert | viol 0.027 | dV -0.234600 | V 0.2736 | inball 0.511 | a*_q05 0.00568 | a*_q50 0.03321 | dV>=0 0.000 | n=150 | a_used 0.00224 -> 0.00242
  crit | n=1 | viol 0.493 | V 0.6944 | Vmin 0.2999 | agree +0.543 | a*_q05 -0.00649 | a*_q50 0.00219 | dV>=0 0.354 | beta 0.1771
  bell | direct viol 0.507 | direct dV>=0 0.482 | d_mean +0.00048 | d_std 0.03889 | d_q95 0.07774
[Episode 277/400] Steps: 720 | Reward:   -4.58 | Battery:  70.13% | Loss: -0.1299
Placing Sensors
[Episode 278/400] Steps: 720 | Reward:   -3.86 | Battery:  75.65% | Loss: 
Placing Sensors
Policy -0.0121 | Value 0.0056 | KL 0.01148 | CF 0.1285 | Std 0.1103 | |a| 0.0292 | EV +0.910 | Rsd 0.314 | Res 0.110 | AE nan | Alpha 0.0100 | MB 24/24
  cert | viol 0.000 | dV -0.272371 | V 0.2986 | inball 0.586 | a*_q05 0.00805 | a*_q50 0.03637 | dV>=0 0.000 | n=150 | a_used 0.00242 -> 0.00256
  crit | n=1 | viol 0.533 | V 0.5967 | Vmin 0.2486 | agree +0.562 | a*_q05 -0.00662 | a*_q50 0.00201 | dV>=0 0.363 | beta 0.1738
  bell | direct viol 0.474 | direct dV>=0 0.448 | d_mean +0.00205 | d_std 0.03280 | d_q95 0.06637
[Episode 279/400] Steps: 720 | Reward:   -3.63 | Battery:  76.48% | Loss: -0.1118
Placing Sensors
[Episode 280/400] Steps:  95 | Reward:  -17.54 | Battery:   0.00% | Loss: 
Placing Sensors
[Episode 281/400] Steps: 720 | Reward:   -3.51 | Battery:  74.09% | Loss: 
Placing Sensors
Policy -0.0056 | Value 0.0173 | KL 0.01329 | CF 0.1524 | Std 0.1103 | |a| 0.0321 | EV +0.814 | Rsd 0.417 | Res 0.183 | AE nan | Alpha 0.0100 | MB 24/24
  cert | viol 0.058 | dV -0.220280 | V 0.2896 | inball 0.472 | a*_q05 0.00212 | a*_q50 0.02786 | dV>=0 0.023 | n=150 | a_used 0.00256 -> 0.00260
  crit | n=1 | viol 0.454 | V 0.6782 | Vmin 0.2708 | agree +0.705 | a*_q05 -0.00665 | a*_q50 0.00310 | dV>=0 0.281 | beta 0.1716
  bell | direct viol 0.483 | direct dV>=0 0.458 | d_mean +0.00012 | d_std 0.04604 | d_q95 0.08793
[Episode 282/400] Steps: 720 | Reward:   -5.65 | Battery:  79.88% | Loss: -0.0113
Placing Sensors
[Episode 283/400] Steps: 720 | Reward:   -4.52 | Battery:  84.49% | Loss: 
Placing Sensors
Policy -0.0150 | Value 0.0071 | KL 0.01831 | CF 0.1950 | Std 0.1103 | |a| 0.0397 | EV +0.867 | Rsd 0.336 | Res 0.137 | AE nan | Alpha 0.0100 | MB 24/24
  cert | viol 0.002 | dV -0.302336 | V 0.3595 | inball 0.565 | a*_q05 0.00486 | a*_q50 0.03135 | dV>=0 0.000 | n=150 | a_used 0.00260 -> 0.00270
  crit | n=1 | viol 0.484 | V 0.6878 | Vmin 0.3225 | agree +0.755 | a*_q05 -0.00656 | a*_q50 0.00274 | dV>=0 0.331 | beta 0.1709
  bell | direct viol 0.497 | direct dV>=0 0.473 | d_mean +0.00136 | d_std 0.04866 | d_q95 0.09996
[Episode 284/400] Steps: 720 | Reward:   -4.55 | Battery:  75.21% | Loss: 0.0145
Placing Sensors
[Episode 285/400] Steps: 720 | Reward:   -4.88 | Battery:  79.18% | Loss: 
Placing Sensors
Policy -0.0056 | Value 0.0044 | KL 0.01764 | CF 0.1958 | Std 0.1102 | |a| 0.0441 | EV +0.941 | Rsd 0.365 | Res 0.098 | AE nan | Alpha 0.0100 | MB 24/24
  cert | viol 0.040 | dV -0.290733 | V 0.3504 | inball 0.544 | a*_q05 0.00360 | a*_q50 0.03203 | dV>=0 0.000 | n=150 | a_used 0.00270 -> 0.00265
  crit | n=1 | viol 0.493 | V 0.6432 | Vmin 0.2715 | agree +0.754 | a*_q05 -0.00637 | a*_q50 0.00284 | dV>=0 0.322 | beta 0.1690
  bell | direct viol 0.489 | direct dV>=0 0.460 | d_mean +0.00130 | d_std 0.03616 | d_q95 0.07420
[Episode 286/400] Steps: 720 | Reward:   -4.26 | Battery:  82.04% | Loss: -0.0077
Placing Sensors
[Episode 287/400] Steps: 720 | Reward:   -4.94 | Battery:  63.08% | Loss: 
Placing Sensors
Policy -0.0096 | Value 0.0051 | KL 0.01653 | CF 0.1532 | Std 0.1102 | |a| 0.0361 | EV +0.924 | Rsd 0.359 | Res 0.099 | AE nan | Alpha 0.0100 | MB 24/24
  cert | viol 0.000 | dV -0.283424 | V 0.3087 | inball 0.506 | a*_q05 0.00989 | a*_q50 0.03647 | dV>=0 0.000 | n=150 | a_used 0.00265 -> 0.00282
  crit | n=1 | viol 0.500 | V 0.5795 | Vmin 0.2222 | agree +0.450 | a*_q05 -0.00650 | a*_q50 0.00257 | dV>=0 0.413 | beta 0.1645
  bell | direct viol 0.503 | direct dV>=0 0.481 | d_mean -0.00003 | d_std 0.03849 | d_q95 0.07807
[Episode 288/400] Steps: 720 | Reward:   -3.30 | Battery:  68.55% | Loss: 0.0397
Placing Sensors
[Episode 289/400] Steps: 720 | Reward:   -3.30 | Battery:  74.74% | Loss: 
Placing Sensors
Policy 0.0014 | Value 0.0044 | KL 0.02033 | CF 0.1885 | Std 0.1102 | |a| 0.0319 | EV +0.888 | Rsd 0.303 | Res 0.107 | AE nan | Alpha 0.0100 | MB 24/24
  cert | viol 0.016 | dV -0.213208 | V 0.2467 | inball 0.564 | a*_q05 0.00537 | a*_q50 0.03387 | dV>=0 0.000 | n=150 | a_used 0.00282 -> 0.00296
  crit | n=1 | viol 0.577 | V 0.5678 | Vmin 0.2104 | agree +0.551 | a*_q05 -0.00679 | a*_q50 0.00194 | dV>=0 0.345 | beta 0.1612
  bell | direct viol 0.507 | direct dV>=0 0.476 | d_mean +0.00148 | d_std 0.03509 | d_q95 0.06969
[Episode 290/400] Steps: 720 | Reward:   -4.19 | Battery:  77.56% | Loss: 0.0673
Placing Sensors
[Episode 291/400] Steps: 720 | Reward:   -4.11 | Battery:  67.11% | Loss: 
Placing Sensors
Policy -0.0110 | Value 0.0054 | KL 0.01659 | CF 0.1505 | Std 0.1102 | |a| 0.0410 | EV +0.940 | Rsd 0.380 | Res 0.095 | AE nan | Alpha 0.0100 | MB 24/24
  cert | viol 0.089 | dV -0.299041 | V 0.3720 | inball 0.499 | a*_q05 0.00195 | a*_q50 0.03191 | dV>=0 0.000 | n=150 | a_used 0.00296 -> 0.00285
  crit | n=1 | viol 0.465 | V 0.6955 | Vmin 0.2135 | agree +0.492 | a*_q05 -0.00597 | a*_q50 0.00352 | dV>=0 0.307 | beta 0.1576
  bell | direct viol 0.500 | direct dV>=0 0.467 | d_mean +0.00012 | d_std 0.03650 | d_q95 0.07288
[Episode 292/400] Steps: 720 | Reward:   -5.49 | Battery:  69.53% | Loss: -0.1304
Placing Sensors
[Episode 293/400] Steps: 720 | Reward:   -4.16 | Battery:  81.65% | Loss: 
Placing Sensors
Policy -0.0077 | Value 0.0039 | KL 0.01694 | CF 0.1698 | Std 0.1102 | |a| 0.0407 | EV +0.933 | Rsd 0.291 | Res 0.076 | AE nan | Alpha 0.0100 | MB 24/24
  cert | viol 0.058 | dV -0.228699 | V 0.2875 | inball 0.553 | a*_q05 0.00259 | a*_q50 0.02790 | dV>=0 0.015 | n=150 | a_used 0.00285 -> 0.00287
  crit | n=1 | viol 0.483 | V 0.6123 | Vmin 0.2594 | agree +0.609 | a*_q05 -0.00586 | a*_q50 0.00307 | dV>=0 0.269 | beta 0.1570
  bell | direct viol 0.488 | direct dV>=0 0.465 | d_mean +0.00084 | d_std 0.03653 | d_q95 0.07403
[Episode 294/400] Steps: 720 | Reward:   -4.71 | Battery:  76.73% | Loss: 0.0491
Placing Sensors
[Episode 295/400] Steps: 720 | Reward:   -5.78 | Battery:  53.94% | Loss: 
Placing Sensors
Policy -0.0023 | Value 0.0049 | KL 0.01151 | CF 0.1116 | Std 0.1102 | |a| 0.0456 | EV +0.902 | Rsd 0.307 | Res 0.101 | AE nan | Alpha 0.0100 | MB 24/24
  cert | viol 0.030 | dV -0.228791 | V 0.2882 | inball 0.417 | a*_q05 0.00489 | a*_q50 0.02737 | dV>=0 0.007 | n=150 | a_used 0.00287 -> 0.00297
  crit | n=1 | viol 0.473 | V 0.6049 | Vmin 0.2339 | agree +0.437 | a*_q05 -0.00581 | a*_q50 0.00345 | dV>=0 0.307 | beta 0.1546
  bell | direct viol 0.506 | direct dV>=0 0.478 | d_mean -0.00088 | d_std 0.03289 | d_q95 0.06786
[Episode 296/400] Steps: 720 | Reward:   -4.03 | Battery:  64.35% | Loss: -0.0341
Placing Sensors
[Episode 297/400] Steps: 720 | Reward:   -5.15 | Battery:  64.91% | Loss: 
Placing Sensors
Policy -0.0028 | Value 0.0052 | KL 0.01327 | CF 0.1347 | Std 0.1102 | |a| 0.0411 | EV +0.873 | Rsd 0.271 | Res 0.098 | AE nan | Alpha 0.0100 | MB 24/24
  cert | viol 0.041 | dV -0.225222 | V 0.2762 | inball 0.533 | a*_q05 0.00387 | a*_q50 0.03544 | dV>=0 0.000 | n=150 | a_used 0.00297 -> 0.00296
  crit | n=1 | viol 0.655 | V 0.6112 | Vmin 0.2494 | agree +0.455 | a*_q05 -0.00658 | a*_q50 0.00006 | dV>=0 0.496 | beta 0.1534
  bell | direct viol 0.516 | direct dV>=0 0.479 | d_mean +0.00050 | d_std 0.02656 | d_q95 0.05272
[Episode 298/400] Steps: 720 | Reward:   -3.00 | Battery:  68.55% | Loss: -0.0542
Placing Sensors
[Episode 299/400] Steps: 720 | Reward:   -4.20 | Battery:  60.34% | Loss: 
Placing Sensors
Policy -0.0149 | Value 0.0038 | KL 0.01269 | CF 0.1331 | Std 0.1102 | |a| 0.0346 | EV +0.934 | Rsd 0.304 | Res 0.078 | AE nan | Alpha 0.0100 | MB 24/24
  cert | viol 0.000 | dV -0.245854 | V 0.2780 | inball 0.479 | a*_q05 0.00673 | a*_q50 0.03017 | dV>=0 0.000 | n=150 | a_used 0.00296 -> 0.00311
  crit | n=1 | viol 0.452 | V 0.6018 | Vmin 0.2196 | agree +0.450 | a*_q05 -0.00582 | a*_q50 0.00381 | dV>=0 0.344 | beta 0.1519
  bell | direct viol 0.493 | direct dV>=0 0.462 | d_mean +0.00024 | d_std 0.04226 | d_q95 0.08794
[Episode 300/400] Steps: 720 | Reward:   -4.69 | Battery:  61.77% | Loss: -0.0103
Placing Sensors
[Episode 301/400] Steps: 720 | Reward:   -2.60 | Battery:  77.53% | Loss: 
Placing Sensors
Policy -0.0133 | Value 0.0067 | KL 0.01796 | CF 0.1498 | Std 0.1102 | |a| 0.0334 | EV +0.823 | Rsd 0.279 | Res 0.118 | AE nan | Alpha 0.0100 | MB 24/24
  cert | viol 0.075 | dV -0.252612 | V 0.3506 | inball 0.567 | a*_q05 0.00209 | a*_q50 0.03027 | dV>=0 0.029 | n=150 | a_used 0.00311 -> 0.00285
  crit | n=1 | viol 0.362 | V 0.5358 | Vmin 0.2177 | agree +0.686 | a*_q05 -0.00690 | a*_q50 0.00558 | dV>=0 0.246 | beta 0.1508
  bell | direct viol 0.491 | direct dV>=0 0.466 | d_mean -0.00114 | d_std 0.03139 | d_q95 0.06104
[Episode 302/400] Steps: 720 | Reward:   -5.96 | Battery:  85.14% | Loss: 0.1044
Placing Sensors
[Episode 303/400] Steps: 720 | Reward:   -3.47 | Battery:  81.98% | Loss: 
Placing Sensors
Policy -0.0079 | Value 0.0041 | KL 0.01440 | CF 0.1473 | Std 0.1101 | |a| 0.0326 | EV +0.938 | Rsd 0.301 | Res 0.075 | AE nan | Alpha 0.0100 | MB 24/24
  cert | viol 0.023 | dV -0.303923 | V 0.3453 | inball 0.588 | a*_q05 0.00568 | a*_q50 0.03454 | dV>=0 0.000 | n=150 | a_used 0.00285 -> 0.00299
  crit | n=1 | viol 0.410 | V 0.5692 | Vmin 0.2631 | agree +0.505 | a*_q05 -0.00587 | a*_q50 0.00490 | dV>=0 0.300 | beta 0.1495
  bell | direct viol 0.471 | direct dV>=0 0.440 | d_mean +0.00006 | d_std 0.03110 | d_q95 0.06439
[Episode 304/400] Steps: 720 | Reward:   -5.27 | Battery:  68.40% | Loss: -0.1486
Placing Sensors
[Episode 305/400] Steps: 720 | Reward:   -3.74 | Battery:  60.30% | Loss: 
Placing Sensors
Policy -0.0109 | Value 0.0056 | KL 0.01399 | CF 0.1430 | Std 0.1101 | |a| 0.0460 | EV +0.915 | Rsd 0.341 | Res 0.104 | AE nan | Alpha 0.0100 | MB 24/24
  cert | viol 0.100 | dV -0.269205 | V 0.3499 | inball 0.487 | a*_q05 0.00042 | a*_q50 0.03406 | dV>=0 0.060 | n=150 | a_used 0.00299 -> 0.00284
  crit | n=1 | viol 0.461 | V 0.6919 | Vmin 0.2429 | agree +0.442 | a*_q05 -0.00671 | a*_q50 0.00339 | dV>=0 0.338 | beta 0.1484
  bell | direct viol 0.508 | direct dV>=0 0.473 | d_mean -0.00026 | d_std 0.04296 | d_q95 0.09076
[Episode 306/400] Steps: 720 | Reward:   -5.38 | Battery:  57.95% | Loss: -0.0892
Placing Sensors
[Episode 307/400] Steps: 720 | Reward:   -5.22 | Battery:  87.56% | Loss: 
Placing Sensors
Policy -0.0088 | Value 0.0069 | KL 0.01649 | CF 0.1441 | Std 0.1101 | |a| 0.0452 | EV +0.866 | Rsd 0.286 | Res 0.105 | AE nan | Alpha 0.0100 | MB 24/24
  cert | viol 0.110 | dV -0.205251 | V 0.2864 | inball 0.476 | a*_q05 0.00037 | a*_q50 0.02395 | dV>=0 0.043 | n=150 | a_used 0.00284 -> 0.00270
  crit | n=1 | viol 0.577 | V 0.6463 | Vmin 0.3090 | agree +0.507 | a*_q05 -0.00516 | a*_q50 0.00151 | dV>=0 0.404 | beta 0.1487
  bell | direct viol 0.516 | direct dV>=0 0.477 | d_mean -0.00035 | d_std 0.03055 | d_q95 0.06311
[Episode 308/400] Steps: 720 | Reward:   -4.51 | Battery:  59.56% | Loss: 0.1131
Placing Sensors
[Episode 309/400] Steps: 720 | Reward:   -5.42 | Battery:  70.92% | Loss: 
Placing Sensors
Policy -0.0062 | Value 0.0047 | KL 0.01244 | CF 0.1418 | Std 0.1101 | |a| 0.0304 | EV +0.929 | Rsd 0.333 | Res 0.089 | AE nan | Alpha 0.0100 | MB 24/24
  cert | viol 0.047 | dV -0.320805 | V 0.3838 | inball 0.550 | a*_q05 0.00323 | a*_q50 0.03405 | dV>=0 0.017 | n=150 | a_used 0.00270 -> 0.00262
  crit | n=1 | viol 0.395 | V 0.6043 | Vmin 0.2599 | agree +0.613 | a*_q05 -0.00695 | a*_q50 0.00460 | dV>=0 0.301 | beta 0.1481
  bell | direct viol 0.479 | direct dV>=0 0.443 | d_mean -0.00029 | d_std 0.03456 | d_q95 0.07148
[Episode 310/400] Steps: 720 | Reward:   -3.60 | Battery:  86.79% | Loss: -0.0912
Placing Sensors
[Episode 311/400] Steps: 720 | Reward:   -2.59 | Battery:  84.44% | Loss: 
Placing Sensors
Policy -0.0124 | Value 0.0054 | KL 0.00937 | CF 0.1079 | Std 0.1101 | |a| 0.0362 | EV +0.928 | Rsd 0.317 | Res 0.108 | AE nan | Alpha 0.0100 | MB 24/24
  cert | viol 0.012 | dV -0.238192 | V 0.2725 | inball 0.583 | a*_q05 0.00552 | a*_q50 0.03443 | dV>=0 0.000 | n=150 | a_used 0.00262 -> 0.00276
  crit | n=1 | viol 0.666 | V 0.5934 | Vmin 0.2398 | agree +0.706 | a*_q05 -0.00630 | a*_q50 0.00018 | dV>=0 0.477 | beta 0.1464
  bell | direct viol 0.508 | direct dV>=0 0.475 | d_mean +0.00240 | d_std 0.02928 | d_q95 0.05807
[Episode 312/400] Steps: 720 | Reward:   -4.58 | Battery:  67.87% | Loss: -0.0672
Placing Sensors
[Episode 313/400] Steps: 720 | Reward:   -3.70 | Battery:  83.72% | Loss: 
Placing Sensors
Policy -0.0046 | Value 0.0034 | KL 0.01190 | CF 0.1246 | Std 0.1101 | |a| 0.0334 | EV +0.924 | Rsd 0.295 | Res 0.085 | AE nan | Alpha 0.0100 | MB 24/24
  cert | viol 0.000 | dV -0.247184 | V 0.2696 | inball 0.612 | a*_q05 0.00978 | a*_q50 0.03737 | dV>=0 0.000 | n=150 | a_used 0.00276 -> 0.00294
  crit | n=1 | viol 0.475 | V 0.5109 | Vmin 0.2262 | agree +0.635 | a*_q05 -0.00659 | a*_q50 0.00300 | dV>=0 0.316 | beta 0.1448
  bell | direct viol 0.487 | direct dV>=0 0.452 | d_mean +0.00117 | d_std 0.02690 | d_q95 0.05381
[Episode 314/400] Steps: 720 | Reward:   -3.25 | Battery:  75.25% | Loss: 0.0680
Placing Sensors
[Episode 315/400] Steps: 720 | Reward:   -4.46 | Battery:  82.39% | Loss: 
Placing Sensors
Policy -0.0059 | Value 0.0042 | KL 0.00917 | CF 0.0951 | Std 0.1101 | |a| 0.0350 | EV +0.927 | Rsd 0.318 | Res 0.088 | AE nan | Alpha 0.0100 | MB 24/24
  cert | viol 0.010 | dV -0.274312 | V 0.3108 | inball 0.627 | a*_q05 0.00662 | a*_q50 0.03443 | dV>=0 0.000 | n=150 | a_used 0.00294 -> 0.00313
  crit | n=1 | viol 0.446 | V 0.4648 | Vmin 0.1632 | agree +0.639 | a*_q05 -0.00555 | a*_q50 0.00378 | dV>=0 0.288 | beta 0.1410
  bell | direct viol 0.486 | direct dV>=0 0.452 | d_mean +0.00076 | d_std 0.03262 | d_q95 0.06612
[Episode 316/400] Steps: 720 | Reward:   -1.96 | Battery:  84.60% | Loss: 0.1761
Placing Sensors
[Episode 317/400] Steps: 720 | Reward:   -4.90 | Battery:  80.83% | Loss: 
Placing Sensors
Policy -0.0030 | Value 0.0094 | KL 0.01864 | CF 0.1088 | Std 0.1101 | |a| 0.0388 | EV +0.886 | Rsd 0.310 | Res 0.105 | AE nan | Alpha 0.0100 | MB 12/24
  cert | viol 0.065 | dV -0.263298 | V 0.3428 | inball 0.508 | a*_q05 0.00309 | a*_q50 0.02411 | dV>=0 0.000 | n=150 | a_used 0.00313 -> 0.00323
  crit | n=1 | viol 0.271 | V 0.6431 | Vmin 0.2641 | agree +0.576 | a*_q05 -0.00500 | a*_q50 0.00637 | dV>=0 0.162 | beta 0.1422
  bell | direct viol 0.537 | direct dV>=0 0.508 | d_mean -0.00217 | d_std 0.03349 | d_q95 0.06693
[Episode 318/400] Steps: 720 | Reward:   -5.22 | Battery:  84.93% | Loss: 0.1103
Placing Sensors
[Episode 319/400] Steps:  89 | Reward:  -17.64 | Battery:   0.00% | Loss: 
Placing Sensors
[Episode 320/400] Steps: 720 | Reward:   -2.52 | Battery:  75.39% | Loss: 
Placing Sensors
Policy 0.0081 | Value 0.0206 | KL 0.02304 | CF 0.1729 | Std 0.1102 | |a| 0.0365 | EV +0.748 | Rsd 0.413 | Res 0.207 | AE nan | Alpha 0.0100 | MB 18/24
  cert | viol 0.008 | dV -0.260973 | V 0.3026 | inball 0.539 | a*_q05 0.00684 | a*_q50 0.03586 | dV>=0 0.002 | n=150 | a_used 0.00323 -> 0.00335
  crit | n=1 | viol 0.574 | V 0.6679 | Vmin 0.2792 | agree +0.677 | a*_q05 -0.00719 | a*_q50 0.00233 | dV>=0 0.384 | beta 0.1430
  bell | direct viol 0.503 | direct dV>=0 0.475 | d_mean +0.00027 | d_std 0.04483 | d_q95 0.09237
[Episode 321/400] Steps: 720 | Reward:   -4.86 | Battery:  81.63% | Loss: 0.0357
Placing Sensors
[Episode 322/400] Steps: 720 | Reward:   -3.35 | Battery:  85.63% | Loss: 
Placing Sensors
Policy -0.0111 | Value 0.0053 | KL 0.01854 | CF 0.1376 | Std 0.1102 | |a| 0.0399 | EV +0.903 | Rsd 0.290 | Res 0.099 | AE nan | Alpha 0.0100 | MB 24/24
  cert | viol 0.039 | dV -0.214666 | V 0.2525 | inball 0.569 | a*_q05 0.00545 | a*_q50 0.02969 | dV>=0 0.000 | n=150 | a_used 0.00335 -> 0.00329
  crit | n=1 | viol 0.651 | V 0.5648 | Vmin 0.2445 | agree +0.555 | a*_q05 -0.00664 | a*_q50 0.00118 | dV>=0 0.415 | beta 0.1421
  bell | direct viol 0.513 | direct dV>=0 0.485 | d_mean +0.00079 | d_std 0.03700 | d_q95 0.07343
[Episode 323/400] Steps: 720 | Reward:   -3.64 | Battery:  64.92% | Loss: 0.0315
Placing Sensors
[Episode 324/400] Steps: 720 | Reward:   -4.09 | Battery:  75.24% | Loss: 
Placing Sensors
[Episode 325/400] Steps:  69 | Reward:  -17.72 | Battery:   0.00% | Loss: 
Placing Sensors
Policy -0.0081 | Value 0.0169 | KL 0.01420 | CF 0.1147 | Std 0.1102 | |a| 0.0338 | EV +0.862 | Rsd 0.458 | Res 0.170 | AE nan | Alpha 0.0100 | MB 24/24
  cert | viol 0.000 | dV -0.346869 | V 0.3796 | inball 0.555 | a*_q05 0.00852 | a*_q50 0.03741 | dV>=0 0.000 | n=150 | a_used 0.00329 -> 0.00342
  crit | n=1 | viol 0.495 | V 0.6465 | Vmin 0.1871 | agree +0.607 | a*_q05 -0.00675 | a*_q50 0.00346 | dV>=0 0.339 | beta 0.1395
  bell | direct viol 0.506 | direct dV>=0 0.476 | d_mean +0.00043 | d_std 0.04653 | d_q95 0.09533
[Episode 326/400] Steps: 720 | Reward:   -3.75 | Battery:  79.24% | Loss: 0.0328
Placing Sensors
[Episode 327/400] Steps: 720 | Reward:   -4.40 | Battery:  73.14% | Loss: 
Placing Sensors
Policy -0.0102 | Value 0.0075 | KL 0.01143 | CF 0.1300 | Std 0.1102 | |a| 0.0345 | EV +0.912 | Rsd 0.404 | Res 0.120 | AE nan | Alpha 0.0100 | MB 24/24
  cert | viol 0.081 | dV -0.275133 | V 0.3606 | inball 0.517 | a*_q05 0.00242 | a*_q50 0.02842 | dV>=0 0.012 | n=150 | a_used 0.00342 -> 0.00331
  crit | n=1 | viol 0.416 | V 0.6864 | Vmin 0.2202 | agree +0.443 | a*_q05 -0.00646 | a*_q50 0.00518 | dV>=0 0.268 | beta 0.1392
  bell | direct viol 0.526 | direct dV>=0 0.499 | d_mean -0.00021 | d_std 0.04303 | d_q95 0.08659
[Episode 328/400] Steps: 720 | Reward:   -5.50 | Battery:  77.89% | Loss: 0.0548
Placing Sensors
[Episode 329/400] Steps: 720 | Reward:   -3.01 | Battery:  80.95% | Loss: 
Placing Sensors
Policy -0.0067 | Value 0.0043 | KL 0.01405 | CF 0.1178 | Std 0.1102 | |a| 0.0355 | EV +0.943 | Rsd 0.326 | Res 0.086 | AE nan | Alpha 0.0100 | MB 24/24
  cert | viol 0.035 | dV -0.239756 | V 0.2826 | inball 0.550 | a*_q05 0.00441 | a*_q50 0.03396 | dV>=0 0.000 | n=150 | a_used 0.00331 -> 0.00333
  crit | n=1 | viol 0.535 | V 0.6211 | Vmin 0.2190 | agree +0.423 | a*_q05 -0.00553 | a*_q50 0.00301 | dV>=0 0.309 | beta 0.1378
  bell | direct viol 0.483 | direct dV>=0 0.454 | d_mean +0.00056 | d_std 0.04003 | d_q95 0.08080
[Episode 330/400] Steps: 720 | Reward:   -4.87 | Battery:  67.00% | Loss: 0.1110
Placing Sensors
[Episode 331/400] Steps:  75 | Reward:  -17.68 | Battery:   0.00% | Loss: 
Placing Sensors
[Episode 332/400] Steps: 720 | Reward:   -2.97 | Battery:  83.96% | Loss: 
Placing Sensors
Policy -0.0086 | Value 0.0153 | KL 0.00851 | CF 0.0886 | Std 0.1102 | |a| 0.0330 | EV +0.876 | Rsd 0.440 | Res 0.159 | AE nan | Alpha 0.0100 | MB 24/24
  cert | viol 0.000 | dV -0.258662 | V 0.2789 | inball 0.607 | a*_q05 0.01001 | a*_q50 0.03716 | dV>=0 0.000 | n=150 | a_used 0.00333 -> 0.00348
  crit | n=1 | viol 0.599 | V 0.5776 | Vmin 0.1833 | agree +0.757 | a*_q05 -0.00622 | a*_q50 0.00235 | dV>=0 0.305 | beta 0.1363
  bell | direct viol 0.513 | direct dV>=0 0.483 | d_mean +0.00220 | d_std 0.04616 | d_q95 0.09558
[Episode 333/400] Steps: 720 | Reward:   -3.12 | Battery:  82.26% | Loss: 0.0123
Placing Sensors
[Episode 334/400] Steps: 720 | Reward:   -3.97 | Battery:  80.71% | Loss: 
Placing Sensors
Policy -0.0051 | Value 0.0074 | KL 0.00843 | CF 0.0771 | Std 0.1102 | |a| 0.0362 | EV +0.919 | Rsd 0.412 | Res 0.121 | AE nan | Alpha 0.0100 | MB 24/24
  cert | viol 0.030 | dV -0.273537 | V 0.3270 | inball 0.550 | a*_q05 0.00446 | a*_q50 0.02910 | dV>=0 0.000 | n=150 | a_used 0.00348 -> 0.00352
  crit | n=1 | viol 0.479 | V 0.6103 | Vmin 0.1883 | agree +0.720 | a*_q05 -0.00450 | a*_q50 0.00367 | dV>=0 0.210 | beta 0.1353
  bell | direct viol 0.506 | direct dV>=0 0.477 | d_mean +0.00097 | d_std 0.05466 | d_q95 0.11172
[Episode 335/400] Steps: 720 | Reward:   -4.59 | Battery:  82.61% | Loss: 0.0539
Placing Sensors
[Episode 336/400] Steps: 720 | Reward:   -4.34 | Battery:  73.32% | Loss: 
Placing Sensors
Policy -0.0037 | Value 0.0049 | KL 0.01499 | CF 0.1665 | Std 0.1102 | |a| 0.0386 | EV +0.941 | Rsd 0.379 | Res 0.093 | AE nan | Alpha 0.0100 | MB 24/24
  cert | viol 0.085 | dV -0.254006 | V 0.3346 | inball 0.525 | a*_q05 0.00299 | a*_q50 0.02883 | dV>=0 0.000 | n=150 | a_used 0.00352 -> 0.00347
  crit | n=1 | viol 0.353 | V 0.6239 | Vmin 0.2307 | agree +0.397 | a*_q05 -0.00584 | a*_q50 0.00663 | dV>=0 0.214 | beta 0.1334
  bell | direct viol 0.481 | direct dV>=0 0.445 | d_mean -0.00029 | d_std 0.03541 | d_q95 0.07425
[Episode 337/400] Steps: 720 | Reward:   -4.64 | Battery:  76.24% | Loss: 0.0076
Placing Sensors
[Episode 338/400] Steps: 720 | Reward:   -4.25 | Battery:  73.38% | Loss: 
Placing Sensors
Policy -0.0101 | Value 0.0067 | KL 0.01534 | CF 0.1079 | Std 0.1102 | |a| 0.0406 | EV +0.921 | Rsd 0.345 | Res 0.099 | AE nan | Alpha 0.0100 | MB 24/24
  cert | viol 0.014 | dV -0.214003 | V 0.2524 | inball 0.556 | a*_q05 0.00577 | a*_q50 0.03247 | dV>=0 0.000 | n=150 | a_used 0.00347 -> 0.00358
  crit | n=1 | viol 0.652 | V 0.6049 | Vmin 0.2158 | agree +0.392 | a*_q05 -0.00571 | a*_q50 0.00159 | dV>=0 0.403 | beta 0.1319
  bell | direct viol 0.498 | direct dV>=0 0.463 | d_mean +0.00041 | d_std 0.03978 | d_q95 0.08044
[Episode 339/400] Steps: 720 | Reward:   -3.32 | Battery:  60.15% | Loss: 0.0522
Placing Sensors
[Episode 340/400] Steps: 109 | Reward:  -17.30 | Battery:   0.00% | Loss: 
Placing Sensors
[Episode 341/400] Steps: 720 | Reward:   -4.95 | Battery:  71.82% | Loss: 
Placing Sensors
Policy 0.0595 | Value 0.0248 | KL 0.01848 | CF 0.1204 | Std 0.1102 | |a| 0.0388 | EV +0.894 | Rsd 0.482 | Res 0.158 | AE nan | Alpha 0.0100 | MB 14/28
  cert | viol 0.023 | dV -0.252969 | V 0.2863 | inball 0.567 | a*_q05 0.01041 | a*_q50 0.03750 | dV>=0 0.000 | n=150 | a_used 0.00358 -> 0.00377
  crit | n=1 | viol 0.541 | V 0.6242 | Vmin 0.1893 | agree +0.691 | a*_q05 -0.00495 | a*_q50 0.00300 | dV>=0 0.267 | beta 0.1318
  bell | direct viol 0.496 | direct dV>=0 0.453 | d_mean +0.00179 | d_std 0.03740 | d_q95 0.07527
[Episode 342/400] Steps: 720 | Reward:   -2.59 | Battery:  85.18% | Loss: 0.4285
Placing Sensors
[Episode 343/400] Steps: 720 | Reward:   -5.20 | Battery:  61.82% | Loss: 
Placing Sensors
Policy -0.0052 | Value 0.0074 | KL 0.01244 | CF 0.1289 | Std 0.1102 | |a| 0.0486 | EV +0.916 | Rsd 0.397 | Res 0.116 | AE nan | Alpha 0.0100 | MB 24/24
  cert | viol 0.125 | dV -0.248603 | V 0.3299 | inball 0.505 | a*_q05 0.00085 | a*_q50 0.03189 | dV>=0 0.040 | n=150 | a_used 0.00377 -> 0.00369
  crit | n=1 | viol 0.522 | V 0.6202 | Vmin 0.2463 | agree +0.465 | a*_q05 -0.00693 | a*_q50 0.00328 | dV>=0 0.297 | beta 0.1306
  bell | direct viol 0.512 | direct dV>=0 0.483 | d_mean -0.00106 | d_std 0.04361 | d_q95 0.09119
[Episode 344/400] Steps: 720 | Reward:   -3.86 | Battery:  73.07% | Loss: 0.0218
Placing Sensors
[Episode 345/400] Steps: 720 | Reward:   -3.11 | Battery:  72.82% | Loss: 
Placing Sensors
Policy -0.0051 | Value 0.0044 | KL 0.01086 | CF 0.1068 | Std 0.1102 | |a| 0.0343 | EV +0.877 | Rsd 0.233 | Res 0.084 | AE nan | Alpha 0.0100 | MB 24/24
  cert | viol 0.043 | dV -0.194831 | V 0.2550 | inball 0.542 | a*_q05 0.00416 | a*_q50 0.02649 | dV>=0 0.000 | n=150 | a_used 0.00369 -> 0.00371
  crit | n=1 | viol 0.331 | V 0.4937 | Vmin 0.1847 | agree +0.537 | a*_q05 -0.00572 | a*_q50 0.00593 | dV>=0 0.189 | beta 0.1289
  bell | direct viol 0.499 | direct dV>=0 0.464 | d_mean -0.00139 | d_std 0.02644 | d_q95 0.05007
[Episode 346/400] Steps: 720 | Reward:   -4.51 | Battery:  88.57% | Loss: 0.1137
Placing Sensors
[Episode 347/400] Steps: 720 | Reward:   -5.76 | Battery:  77.73% | Loss: 
Placing Sensors
Policy -0.0152 | Value 0.0079 | KL 0.01395 | CF 0.1520 | Std 0.1102 | |a| 0.0515 | EV +0.918 | Rsd 0.389 | Res 0.112 | AE nan | Alpha 0.0100 | MB 24/24
  cert | viol 0.088 | dV -0.253998 | V 0.3431 | inball 0.475 | a*_q05 0.00157 | a*_q50 0.02550 | dV>=0 0.015 | n=150 | a_used 0.00371 -> 0.00337
  crit | n=1 | viol 0.505 | V 0.6653 | Vmin 0.1897 | agree +0.445 | a*_q05 -0.00574 | a*_q50 0.00356 | dV>=0 0.347 | beta 0.1280
  bell | direct viol 0.491 | direct dV>=0 0.455 | d_mean -0.00004 | d_std 0.03609 | d_q95 0.07260
[Episode 348/400] Steps: 720 | Reward:   -3.96 | Battery:  66.07% | Loss: 0.0134
Placing Sensors
[Episode 349/400] Steps: 720 | Reward:   -5.15 | Battery:  81.31% | Loss: 
Placing Sensors
Policy -0.0102 | Value 0.0070 | KL 0.01213 | CF 0.1329 | Std 0.1102 | |a| 0.0413 | EV +0.896 | Rsd 0.348 | Res 0.116 | AE nan | Alpha 0.0100 | MB 24/24
  cert | viol 0.047 | dV -0.276119 | V 0.3264 | inball 0.555 | a*_q05 0.00529 | a*_q50 0.02899 | dV>=0 0.000 | n=150 | a_used 0.00337 -> 0.00354
  crit | n=1 | viol 0.325 | V 0.5922 | Vmin 0.1769 | agree +0.541 | a*_q05 -0.00557 | a*_q50 0.00643 | dV>=0 0.183 | beta 0.1265
  bell | direct viol 0.487 | direct dV>=0 0.453 | d_mean +0.00030 | d_std 0.03827 | d_q95 0.07730
[Episode 350/400] Steps: 720 | Reward:   -3.00 | Battery:  79.67% | Loss: 0.0449
Placing Sensors
[Episode 351/400] Steps: 120 | Reward:  -17.45 | Battery:   0.00% | Loss: 
Placing Sensors
[Episode 352/400] Steps: 720 | Reward:   -3.50 | Battery:  76.76% | Loss: 
Placing Sensors
[Episode 353/400] Steps:  73 | Reward:  -17.62 | Battery:   0.00% | Loss: 
Placing Sensors
Policy -0.0122 | Value 0.0367 | KL 0.01991 | CF 0.1654 | Std 0.1102 | |a| 0.0388 | EV +0.769 | Rsd 0.494 | Res 0.238 | AE nan | Alpha 0.0100 | MB 28/28
  cert | viol 0.000 | dV -0.211461 | V 0.2221 | inball 0.543 | a*_q05 0.01369 | a*_q50 0.03835 | dV>=0 0.000 | n=150 | a_used 0.00354 -> 0.00373
  crit | n=1 | viol 0.663 | V 0.6228 | Vmin 0.1359 | agree +0.743 | a*_q05 -0.00623 | a*_q50 0.00139 | dV>=0 0.404 | beta 0.1253
  bell | direct viol 0.493 | direct dV>=0 0.468 | d_mean +0.00121 | d_std 0.05242 | d_q95 0.10685
[Episode 354/400] Steps: 720 | Reward:   -2.14 | Battery:  75.88% | Loss: -0.0320
Placing Sensors
[Episode 355/400] Steps: 720 | Reward:   -4.06 | Battery:  75.52% | Loss: 
Placing Sensors
Policy -0.0123 | Value 0.0100 | KL 0.01393 | CF 0.1479 | Std 0.1102 | |a| 0.0393 | EV +0.935 | Rsd 0.501 | Res 0.128 | AE nan | Alpha 0.0100 | MB 24/24
  cert | viol 0.092 | dV -0.325904 | V 0.4051 | inball 0.538 | a*_q05 0.00262 | a*_q50 0.03328 | dV>=0 0.008 | n=150 | a_used 0.00373 -> 0.00377
  crit | n=1 | viol 0.502 | V 0.6904 | Vmin 0.1930 | agree +0.420 | a*_q05 -0.00646 | a*_q50 0.00388 | dV>=0 0.293 | beta 0.1243
  bell | direct viol 0.521 | direct dV>=0 0.482 | d_mean +0.00061 | d_std 0.05005 | d_q95 0.10541
[Episode 356/400] Steps: 720 | Reward:   -5.49 | Battery:  70.98% | Loss: -0.0323
Placing Sensors
[Episode 357/400] Steps: 720 | Reward:   -4.77 | Battery:  74.45% | Loss: 
Placing Sensors
[Episode 358/400] Steps:  73 | Reward:  -17.65 | Battery:   0.00% | Loss: 
Placing Sensors
Policy -0.0118 | Value 0.0187 | KL 0.01089 | CF 0.1143 | Std 0.1102 | |a| 0.0444 | EV +0.873 | Rsd 0.508 | Res 0.183 | AE nan | Alpha 0.0100 | MB 24/24
  cert | viol 0.089 | dV -0.268033 | V 0.3378 | inball 0.456 | a*_q05 0.00324 | a*_q50 0.03193 | dV>=0 0.004 | n=150 | a_used 0.00377 -> 0.00372
  crit | n=1 | viol 0.489 | V 0.7194 | Vmin 0.2086 | agree +0.540 | a*_q05 -0.00648 | a*_q50 0.00399 | dV>=0 0.316 | beta 0.1227
  bell | direct viol 0.511 | direct dV>=0 0.478 | d_mean +0.00169 | d_std 0.05249 | d_q95 0.10608
[Episode 359/400] Steps: 720 | Reward:   -4.94 | Battery:  57.99% | Loss: -0.0559
Placing Sensors
[Episode 360/400] Steps: 720 | Reward:   -3.16 | Battery:  83.54% | Loss: 
Placing Sensors
Policy -0.0104 | Value 0.0084 | KL 0.01728 | CF 0.1783 | Std 0.1102 | |a| 0.0348 | EV +0.881 | Rsd 0.337 | Res 0.118 | AE nan | Alpha 0.0100 | MB 24/24
  cert | viol 0.111 | dV -0.243818 | V 0.3338 | inball 0.501 | a*_q05 0.00156 | a*_q50 0.02664 | dV>=0 0.023 | n=150 | a_used 0.00372 -> 0.00349
  crit | n=1 | viol 0.425 | V 0.5626 | Vmin 0.1726 | agree +0.633 | a*_q05 -0.00405 | a*_q50 0.00539 | dV>=0 0.215 | beta 0.1214
  bell | direct viol 0.489 | direct dV>=0 0.462 | d_mean -0.00078 | d_std 0.03946 | d_q95 0.08230
[Episode 361/400] Steps: 720 | Reward:   -6.31 | Battery:  72.35% | Loss: 0.0043
Placing Sensors
[Episode 362/400] Steps: 720 | Reward:   -4.11 | Battery:  60.33% | Loss: 
Placing Sensors
Policy -0.0048 | Value 0.0048 | KL 0.02028 | CF 0.1886 | Std 0.1102 | |a| 0.0424 | EV +0.941 | Rsd 0.362 | Res 0.088 | AE nan | Alpha 0.0100 | MB 24/24
  cert | viol 0.038 | dV -0.218483 | V 0.2725 | inball 0.466 | a*_q05 0.00439 | a*_q50 0.02704 | dV>=0 0.000 | n=150 | a_used 0.00349 -> 0.00355
  crit | n=1 | viol 0.391 | V 0.6513 | Vmin 0.2445 | agree +0.315 | a*_q05 -0.00550 | a*_q50 0.00478 | dV>=0 0.268 | beta 0.1222
  bell | direct viol 0.506 | direct dV>=0 0.472 | d_mean -0.00004 | d_std 0.03750 | d_q95 0.07131
[Episode 363/400] Steps: 720 | Reward:   -4.87 | Battery:  71.94% | Loss: 0.0616
Placing Sensors
[Episode 364/400] Steps: 720 | Reward:   -4.06 | Battery:  76.98% | Loss: 
Placing Sensors
Policy -0.0042 | Value 0.0071 | KL 0.01256 | CF 0.1319 | Std 0.1102 | |a| 0.0369 | EV +0.910 | Rsd 0.346 | Res 0.105 | AE nan | Alpha 0.0100 | MB 24/24
  cert | viol 0.000 | dV -0.272770 | V 0.3051 | inball 0.526 | a*_q05 0.00783 | a*_q50 0.03390 | dV>=0 0.000 | n=150 | a_used 0.00355 -> 0.00368
  crit | n=1 | viol 0.593 | V 0.5768 | Vmin 0.1761 | agree +0.578 | a*_q05 -0.00719 | a*_q50 0.00225 | dV>=0 0.387 | beta 0.1206
  bell | direct viol 0.488 | direct dV>=0 0.452 | d_mean +0.00107 | d_std 0.03912 | d_q95 0.07976
[Episode 365/400] Steps: 720 | Reward:   -4.20 | Battery:  74.47% | Loss: 0.1162
Placing Sensors
[Episode 366/400] Steps: 720 | Reward:   -3.79 | Battery:  65.96% | Loss: 
Placing Sensors
Policy -0.0025 | Value 0.0048 | KL 0.02078 | CF 0.1946 | Std 0.1101 | |a| 0.0400 | EV +0.937 | Rsd 0.317 | Res 0.085 | AE nan | Alpha 0.0100 | MB 24/24
  cert | viol 0.000 | dV -0.257021 | V 0.2972 | inball 0.521 | a*_q05 0.00653 | a*_q50 0.03611 | dV>=0 0.000 | n=150 | a_used 0.00368 -> 0.00376
  crit | n=1 | viol 0.695 | V 0.6228 | Vmin 0.1839 | agree +0.613 | a*_q05 -0.00649 | a*_q50 0.00124 | dV>=0 0.432 | beta 0.1198
  bell | direct viol 0.508 | direct dV>=0 0.466 | d_mean +0.00147 | d_std 0.03155 | d_q95 0.06134
[Episode 367/400] Steps: 720 | Reward:   -4.54 | Battery:  77.73% | Loss: -0.1053
Placing Sensors
[Episode 368/400] Steps: 720 | Reward:   -3.04 | Battery:  78.00% | Loss: 
Placing Sensors
Policy -0.0072 | Value 0.0063 | KL 0.01313 | CF 0.1244 | Std 0.1101 | |a| 0.0396 | EV +0.907 | Rsd 0.296 | Res 0.106 | AE nan | Alpha 0.0100 | MB 24/24
  cert | viol 0.000 | dV -0.230556 | V 0.2487 | inball 0.650 | a*_q05 0.00955 | a*_q50 0.03901 | dV>=0 0.000 | n=150 | a_used 0.00376 -> 0.00392
  crit | n=1 | viol 0.796 | V 0.4998 | Vmin 0.1859 | agree +0.696 | a*_q05 -0.00702 | a*_q50 0.00039 | dV>=0 0.458 | beta 0.1189
  bell | direct viol 0.483 | direct dV>=0 0.446 | d_mean +0.00336 | d_std 0.03436 | d_q95 0.06804
[Episode 369/400] Steps: 720 | Reward:   -2.81 | Battery:  84.64% | Loss: -0.0112
Placing Sensors
[Episode 370/400] Steps: 720 | Reward:   -5.24 | Battery:  80.65% | Loss: 
Placing Sensors
[Episode 371/400] Steps:  92 | Reward:  -17.57 | Battery:   0.00% | Loss: 
Placing Sensors
Policy 0.0043 | Value 0.0241 | KL 0.02145 | CF 0.1946 | Std 0.1101 | |a| 0.0443 | EV +0.714 | Rsd 0.413 | Res 0.226 | AE nan | Alpha 0.0100 | MB 24/24
  cert | viol 0.057 | dV -0.263082 | V 0.3165 | inball 0.537 | a*_q05 0.00406 | a*_q50 0.03107 | dV>=0 0.000 | n=150 | a_used 0.00392 -> 0.00391
  crit | n=1 | viol 0.487 | V 0.6288 | Vmin 0.2355 | agree +0.668 | a*_q05 -0.00504 | a*_q50 0.00431 | dV>=0 0.254 | beta 0.1192
  bell | direct viol 0.501 | direct dV>=0 0.472 | d_mean -0.00174 | d_std 0.06200 | d_q95 0.13010
[Episode 372/400] Steps: 720 | Reward:   -3.19 | Battery:  76.57% | Loss: 0.0735
Placing Sensors
[Episode 373/400] Steps: 720 | Reward:   -3.63 | Battery:  84.40% | Loss: 
Placing Sensors
Policy -0.0131 | Value 0.0104 | KL 0.01206 | CF 0.1307 | Std 0.1101 | |a| 0.0410 | EV +0.807 | Rsd 0.314 | Res 0.138 | AE nan | Alpha 0.0100 | MB 24/24
  cert | viol 0.069 | dV -0.219194 | V 0.2948 | inball 0.525 | a*_q05 0.00255 | a*_q50 0.02551 | dV>=0 0.018 | n=150 | a_used 0.00391 -> 0.00384
  crit | n=1 | viol 0.457 | V 0.6163 | Vmin 0.2809 | agree +0.609 | a*_q05 -0.00644 | a*_q50 0.00477 | dV>=0 0.274 | beta 0.1201
  bell | direct viol 0.510 | direct dV>=0 0.480 | d_mean +0.00057 | d_std 0.06002 | d_q95 0.11744
[Episode 374/400] Steps: 720 | Reward:   -5.20 | Battery:  79.19% | Loss: 0.0503
Placing Sensors
[Episode 375/400] Steps: 720 | Reward:   -2.96 | Battery:  83.64% | Loss: 
Placing Sensors
Policy -0.0057 | Value 0.0051 | KL 0.00717 | CF 0.0860 | Std 0.1101 | |a| 0.0354 | EV +0.947 | Rsd 0.351 | Res 0.082 | AE nan | Alpha 0.0100 | MB 24/24
  cert | viol 0.039 | dV -0.279676 | V 0.3270 | inball 0.561 | a*_q05 0.00565 | a*_q50 0.03475 | dV>=0 0.007 | n=150 | a_used 0.00384 -> 0.00399
  crit | n=1 | viol 0.501 | V 0.6114 | Vmin 0.2421 | agree +0.476 | a*_q05 -0.00710 | a*_q50 0.00379 | dV>=0 0.308 | beta 0.1207
  bell | direct viol 0.490 | direct dV>=0 0.457 | d_mean +0.00009 | d_std 0.04291 | d_q95 0.08353
[Episode 376/400] Steps: 720 | Reward:   -5.24 | Battery:  71.39% | Loss: 0.0165
Placing Sensors
[Episode 377/400] Steps: 720 | Reward:   -4.76 | Battery:  77.23% | Loss: 
Placing Sensors
[Episode 378/400] Steps: 103 | Reward:  -17.50 | Battery:   0.00% | Loss: 
Placing Sensors
Policy 0.0056 | Value 0.0175 | KL 0.01744 | CF 0.1684 | Std 0.1100 | |a| 0.0412 | EV +0.854 | Rsd 0.473 | Res 0.183 | AE nan | Alpha 0.0100 | MB 28/28
  cert | viol 0.035 | dV -0.314695 | V 0.3554 | inball 0.548 | a*_q05 0.00966 | a*_q50 0.03815 | dV>=0 0.002 | n=150 | a_used 0.00399 -> 0.00418
  crit | n=1 | viol 0.535 | V 0.6192 | Vmin 0.2172 | agree +0.688 | a*_q05 -0.00509 | a*_q50 0.00402 | dV>=0 0.264 | beta 0.1202
  bell | direct viol 0.503 | direct dV>=0 0.472 | d_mean -0.00230 | d_std 0.04832 | d_q95 0.10079
[Episode 379/400] Steps: 720 | Reward:   -2.92 | Battery:  83.12% | Loss: -0.3111
Placing Sensors
[Episode 380/400] Steps: 720 | Reward:   -4.62 | Battery:  81.25% | Loss: 
Placing Sensors
[Episode 381/400] Steps: 137 | Reward:  -17.47 | Battery:   0.00% | Loss: 
Placing Sensors
Policy 0.0077 | Value 0.0248 | KL 0.01929 | CF 0.2060 | Std 0.1101 | |a| 0.0533 | EV +0.792 | Rsd 0.508 | Res 0.234 | AE nan | Alpha 0.0100 | MB 28/28
  cert | viol 0.000 | dV -0.301948 | V 0.3354 | inball 0.532 | a*_q05 0.00836 | a*_q50 0.03435 | dV>=0 0.000 | n=150 | a_used 0.00418 -> 0.00436
  crit | n=1 | viol 0.824 | V 0.7977 | Vmin 0.2596 | agree +0.783 | a*_q05 -0.00430 | a*_q50 0.00186 | dV>=0 0.286 | beta 0.1225
  bell | direct viol 0.481 | direct dV>=0 0.432 | d_mean +0.00321 | d_std 0.05335 | d_q95 0.10762
[Episode 382/400] Steps: 720 | Reward:   -3.86 | Battery:  82.86% | Loss: 0.2278
Placing Sensors
[Episode 383/400] Steps: 720 | Reward:   -3.67 | Battery:  78.09% | Loss: 
Placing Sensors
[Episode 384/400] Steps:  74 | Reward:  -17.45 | Battery:   0.00% | Loss: 
Placing Sensors
Policy -0.0074 | Value 0.0161 | KL 0.00955 | CF 0.1279 | Std 0.1101 | |a| 0.0430 | EV +0.879 | Rsd 0.482 | Res 0.175 | AE nan | Alpha 0.0100 | MB 24/24
  cert | viol 0.034 | dV -0.314164 | V 0.3578 | inball 0.541 | a*_q05 0.00611 | a*_q50 0.03396 | dV>=0 0.000 | n=150 | a_used 0.00436 -> 0.00443
  crit | n=1 | viol 0.640 | V 0.7590 | Vmin 0.3004 | agree +0.648 | a*_q05 -0.00718 | a*_q50 0.00247 | dV>=0 0.365 | beta 0.1239
  bell | direct viol 0.493 | direct dV>=0 0.453 | d_mean +0.00278 | d_std 0.04190 | d_q95 0.08561
[Episode 385/400] Steps: 720 | Reward:   -4.46 | Battery:  82.64% | Loss: 0.0499
Placing Sensors
[Episode 386/400] Steps: 720 | Reward:   -3.69 | Battery:  70.89% | Loss: 
Placing Sensors
Policy -0.0093 | Value 0.0068 | KL 0.01151 | CF 0.1154 | Std 0.1100 | |a| 0.0419 | EV +0.897 | Rsd 0.325 | Res 0.111 | AE nan | Alpha 0.0100 | MB 24/24
  cert | viol 0.010 | dV -0.209391 | V 0.2360 | inball 0.562 | a*_q05 0.00709 | a*_q50 0.03408 | dV>=0 0.000 | n=150 | a_used 0.00443 -> 0.00453
  crit | n=1 | viol 0.658 | V 0.5897 | Vmin 0.2317 | agree +0.245 | a*_q05 -0.00682 | a*_q50 0.00187 | dV>=0 0.378 | beta 0.1233
  bell | direct viol 0.508 | direct dV>=0 0.466 | d_mean +0.00132 | d_std 0.03326 | d_q95 0.06764
[Episode 387/400] Steps: 720 | Reward:   -3.08 | Battery:  73.50% | Loss: 0.0674
Placing Sensors
[Episode 388/400] Steps: 720 | Reward:   -2.13 | Battery:  80.67% | Loss: 
Placing Sensors
Policy -0.0062 | Value 0.0091 | KL 0.00943 | CF 0.1233 | Std 0.1100 | |a| 0.0481 | EV +0.884 | Rsd 0.389 | Res 0.154 | AE nan | Alpha 0.0100 | MB 24/24
  cert | viol 0.033 | dV -0.270647 | V 0.2950 | inball 0.588 | a*_q05 0.00843 | a*_q50 0.04021 | dV>=0 0.000 | n=150 | a_used 0.00453 -> 0.00472
  crit | n=1 | viol 0.720 | V 0.6535 | Vmin 0.2195 | agree +0.429 | a*_q05 -0.00762 | a*_q50 -0.00114 | dV>=0 0.565 | beta 0.1220
  bell | direct viol 0.506 | direct dV>=0 0.462 | d_mean +0.00352 | d_std 0.03600 | d_q95 0.06937
[Episode 389/400] Steps: 720 | Reward:   -4.81 | Battery:  58.13% | Loss: -0.0377
Placing Sensors
[Episode 390/400] Steps: 720 | Reward:   -3.69 | Battery:  81.13% | Loss: 
Placing Sensors
Policy -0.0079 | Value 0.0066 | KL 0.01431 | CF 0.1702 | Std 0.1100 | |a| 0.0461 | EV +0.921 | Rsd 0.334 | Res 0.097 | AE nan | Alpha 0.0100 | MB 24/24
  cert | viol 0.041 | dV -0.227238 | V 0.2620 | inball 0.575 | a*_q05 0.00605 | a*_q50 0.03479 | dV>=0 0.000 | n=150 | a_used 0.00472 -> 0.00464
  crit | n=1 | viol 0.578 | V 0.5251 | Vmin 0.1775 | agree +0.391 | a*_q05 -0.00544 | a*_q50 0.00357 | dV>=0 0.329 | beta 0.1202
  bell | direct viol 0.513 | direct dV>=0 0.475 | d_mean -0.00113 | d_std 0.03764 | d_q95 0.07299
[Episode 391/400] Steps: 720 | Reward:   -3.73 | Battery:  62.42% | Loss: 0.0421
Placing Sensors
[Episode 392/400] Steps:  95 | Reward:  -17.40 | Battery:   0.00% | Loss: 
Placing Sensors
[Episode 393/400] Steps: 720 | Reward:   -3.37 | Battery:  68.37% | Loss: 
Placing Sensors
Policy -0.0122 | Value 0.0263 | KL 0.01188 | CF 0.1334 | Std 0.1100 | |a| 0.0494 | EV +0.833 | Rsd 0.460 | Res 0.196 | AE nan | Alpha 0.0100 | MB 24/24
  cert | viol 0.070 | dV -0.282438 | V 0.3517 | inball 0.502 | a*_q05 0.00428 | a*_q50 0.02904 | dV>=0 0.000 | n=150 | a_used 0.00464 -> 0.00470
  crit | n=1 | viol 0.397 | V 0.6663 | Vmin 0.1667 | agree +0.644 | a*_q05 -0.00332 | a*_q50 0.00560 | dV>=0 0.146 | beta 0.1200
  bell | direct viol 0.507 | direct dV>=0 0.460 | d_mean -0.00130 | d_std 0.04029 | d_q95 0.08267
[Episode 394/400] Steps: 720 | Reward:   -5.84 | Battery:  84.85% | Loss: 0.0265
Placing Sensors
[Episode 395/400] Steps: 720 | Reward:   -3.18 | Battery:  78.18% | Loss: 
Placing Sensors
Policy -0.0115 | Value 0.0051 | KL 0.01079 | CF 0.1213 | Std 0.1100 | |a| 0.0394 | EV +0.880 | Rsd 0.258 | Res 0.089 | AE nan | Alpha 0.0100 | MB 24/24
  cert | viol 0.050 | dV -0.211292 | V 0.2471 | inball 0.519 | a*_q05 0.00568 | a*_q50 0.03271 | dV>=0 0.000 | n=150 | a_used 0.00470 -> 0.00467
  crit | n=1 | viol 0.662 | V 0.5121 | Vmin 0.2197 | agree +0.616 | a*_q05 -0.00567 | a*_q50 0.00235 | dV>=0 0.306 | beta 0.1193
  bell | direct viol 0.505 | direct dV>=0 0.467 | d_mean +0.00038 | d_std 0.03751 | d_q95 0.07670
[Episode 396/400] Steps: 720 | Reward:   -4.51 | Battery:  67.51% | Loss: 0.0919
Placing Sensors
[Episode 397/400] Steps:  89 | Reward:  -17.44 | Battery:   0.00% | Loss: 
Placing Sensors
[Episode 398/400] Steps: 720 | Reward:   -4.25 | Battery:  75.24% | Loss: 
Placing Sensors
Policy -0.0100 | Value 0.0239 | KL 0.01084 | CF 0.0970 | Std 0.1100 | |a| 0.0452 | EV +0.836 | Rsd 0.466 | Res 0.189 | AE nan | Alpha 0.0100 | MB 24/24
  cert | viol 0.080 | dV -0.271220 | V 0.3235 | inball 0.557 | a*_q05 0.00399 | a*_q50 0.03323 | dV>=0 0.000 | n=150 | a_used 0.00467 -> 0.00461
  crit | n=1 | viol 0.607 | V 0.6499 | Vmin 0.1939 | agree +0.658 | a*_q05 -0.00629 | a*_q50 0.00346 | dV>=0 0.260 | beta 0.1193
  bell | direct viol 0.512 | direct dV>=0 0.470 | d_mean +0.00113 | d_std 0.04279 | d_q95 0.09170
[Episode 399/400] Steps: 720 | Reward:   -3.65 | Battery:  85.45% | Loss: -0.0772
Placing Sensors
[Episode 400/400] Steps: 720 | Reward:   -3.76 | Battery:  78.52% | Loss: 
Placing Sensors
Policy -0.0069 | Value 0.0109 | KL 0.00958 | CF 0.1064 | Std 0.1100 | |a| 0.0387 | EV +0.820 | Rsd 0.286 | Res 0.142 | AE nan | Alpha 0.0100 | MB 24/24
  cert | viol 0.000 | dV -0.246964 | V 0.2612 | inball 0.633 | a*_q05 0.01237 | a*_q50 0.03994 | dV>=0 0.000 | n=150 | a_used 0.00461 -> 0.00479
  crit | n=1 | viol 0.742 | V 0.5543 | Vmin 0.2577 | agree +0.624 | a*_q05 -0.00777 | a*_q50 -0.00106 | dV>=0 0.561 | beta 0.1187
  bell | direct viol 0.488 | direct dV>=0 0.446 | d_mean +0.00379 | d_std 0.03502 | d_q95 0.06851
[Episode 401/400] Steps: 720 | Reward:   -2.57 | Battery:  83.43% | Loss: 0.0234
Placing Sensors
[Episode 402/400] Steps: 720 | Reward:   -5.98 | Battery:  42.98% | Loss: 
Placing Sensors
Policy -0.0060 | Value 0.0048 | KL 0.00857 | CF 0.0977 | Std 0.1100 | |a| 0.0486 | EV +0.934 | Rsd 0.373 | Res 0.096 | AE nan | Alpha 0.0100 | MB 24/24
  cert | viol 0.099 | dV -0.238035 | V 0.2979 | inball 0.494 | a*_q05 0.00347 | a*_q50 0.03322 | dV>=0 0.000 | n=150 | a_used 0.00479 -> 0.00491
  crit | n=1 | viol 0.707 | V 0.5897 | Vmin 0.1927 | agree +0.610 | a*_q05 -0.00503 | a*_q50 0.00220 | dV>=0 0.375 | beta 0.1184
  bell | direct viol 0.553 | direct dV>=0 0.493 | d_mean +0.00001 | d_std 0.03439 | d_q95 0.07009
[Episode 403/400] Steps: 720 | Reward:   -3.18 | Battery:  78.74% | Loss: 0.0454
Placing Sensors
[Episode 404/400] Steps: 720 | Reward:   -3.43 | Battery:  82.27% | Loss: 
Placing Sensors
Policy -0.0142 | Value 0.0042 | KL 0.00986 | CF 0.0885 | Std 0.1099 | |a| 0.0422 | EV +0.919 | Rsd 0.268 | Res 0.082 | AE nan | Alpha 0.0100 | MB 24/24
  cert | viol 0.049 | dV -0.226688 | V 0.2604 | inball 0.633 | a*_q05 0.00550 | a*_q50 0.03614 | dV>=0 0.000 | n=150 | a_used 0.00491 -> 0.00495
  crit | n=1 | viol 0.560 | V 0.4713 | Vmin 0.1827 | agree +0.644 | a*_q05 -0.00667 | a*_q50 0.00404 | dV>=0 0.296 | beta 0.1164
  bell | direct viol 0.508 | direct dV>=0 0.459 | d_mean +0.00202 | d_std 0.03807 | d_q95 0.07645
[Episode 405/400] Steps: 720 | Reward:   -2.78 | Battery:  83.33% | Loss: 0.0871
Placing Sensors
[Episode 406/400] Steps: 720 | Reward:   -3.49 | Battery:  74.25% | Loss: 
Placing Sensors
Policy -0.0161 | Value 0.0027 | KL 0.01390 | CF 0.1599 | Std 0.1099 | |a| 0.0468 | EV +0.964 | Rsd 0.316 | Res 0.061 | AE nan | Alpha 0.0100 | MB 24/24
  cert | viol 0.013 | dV -0.302151 | V 0.3295 | inball 0.614 | a*_q05 0.00818 | a*_q50 0.03667 | dV>=0 0.000 | n=150 | a_used 0.00495 -> 0.00513
  crit | n=1 | viol 0.570 | V 0.4974 | Vmin 0.1524 | agree +0.422 | a*_q05 -0.00705 | a*_q50 0.00372 | dV>=0 0.366 | beta 0.1142
  bell | direct viol 0.521 | direct dV>=0 0.466 | d_mean +0.00005 | d_std 0.03069 | d_q95 0.06241
[Episode 407/400] Steps: 720 | Reward:   -3.45 | Battery:  82.45% | Loss: -0.0067
Placing Sensors
[Episode 408/400] Steps: 720 | Reward:   -4.62 | Battery:  83.37% | Loss: 
Placing Sensors
Policy -0.0101 | Value 0.0051 | KL 0.01528 | CF 0.1778 | Std 0.1099 | |a| 0.0421 | EV +0.938 | Rsd 0.331 | Res 0.082 | AE nan | Alpha 0.0100 | MB 24/24
  cert | viol 0.052 | dV -0.324831 | V 0.3759 | inball 0.611 | a*_q05 0.00557 | a*_q50 0.03621 | dV>=0 0.000 | n=150 | a_used 0.00513 -> 0.00518
  crit | n=1 | viol 0.496 | V 0.4789 | Vmin 0.1485 | agree +0.709 | a*_q05 -0.00512 | a*_q50 0.00520 | dV>=0 0.225 | beta 0.1119
  bell | direct viol 0.531 | direct dV>=0 0.488 | d_mean -0.00068 | d_std 0.03290 | d_q95 0.06404
[Episode 409/400] Steps: 720 | Reward:   -3.40 | Battery:  79.21% | Loss: 0.0335
Placing Sensors
[Episode 410/400] Steps: 720 | Reward:   -3.64 | Battery:  84.23% | Loss: 
Placing Sensors
Policy -0.0031 | Value 0.0071 | KL 0.02369 | CF 0.2056 | Std 0.1099 | |a| 0.0429 | EV +0.923 | Rsd 0.358 | Res 0.099 | AE nan | Alpha 0.0100 | MB 18/24
  cert | viol 0.044 | dV -0.340528 | V 0.3798 | inball 0.604 | a*_q05 0.00655 | a*_q50 0.03759 | dV>=0 0.000 | n=150 | a_used 0.00518 -> 0.00530
  crit | n=1 | viol 0.466 | V 0.5365 | Vmin 0.1733 | agree +0.636 | a*_q05 -0.00767 | a*_q50 0.00584 | dV>=0 0.305 | beta 0.1106
  bell | direct viol 0.502 | direct dV>=0 0.462 | d_mean -0.00073 | d_std 0.03582 | d_q95 0.07047
[Episode 411/400] Steps: 720 | Reward:   -4.57 | Battery:  79.48% | Loss: -0.0343
Placing Sensors
[Episode 412/400] Steps: 720 | Reward:   -3.80 | Battery:  79.10% | Loss: 
Placing Sensors
Policy -0.0112 | Value 0.0060 | KL 0.01205 | CF 0.1137 | Std 0.1099 | |a| 0.0486 | EV +0.933 | Rsd 0.340 | Res 0.100 | AE nan | Alpha 0.0100 | MB 24/24
  cert | viol 0.010 | dV -0.278136 | V 0.3042 | inball 0.601 | a*_q05 0.00861 | a*_q50 0.03517 | dV>=0 0.000 | n=150 | a_used 0.00530 -> 0.00544
  crit | n=1 | viol 0.736 | V 0.6211 | Vmin 0.2007 | agree +0.500 | a*_q05 -0.00631 | a*_q50 0.00306 | dV>=0 0.319 | beta 0.1109
  bell | direct viol 0.507 | direct dV>=0 0.438 | d_mean +0.00093 | d_std 0.03350 | d_q95 0.06448
[Episode 413/400] Steps: 720 | Reward:   -3.61 | Battery:  72.69% | Loss: 0.0525
Placing Sensors
[Episode 414/400] Steps: 720 | Reward:   -2.98 | Battery:  70.37% | Loss: 
Placing Sensors
Policy -0.0060 | Value 0.0054 | KL 0.01514 | CF 0.1293 | Std 0.1099 | |a| 0.0440 | EV +0.899 | Rsd 0.269 | Res 0.107 | AE nan | Alpha 0.0100 | MB 24/24
  cert | viol 0.000 | dV -0.185275 | V 0.1949 | inball 0.625 | a*_q05 0.01312 | a*_q50 0.03719 | dV>=0 0.000 | n=150 | a_used 0.00544 -> 0.00561
  crit | n=1 | viol 0.968 | V 0.5225 | Vmin 0.2168 | agree +0.608 | a*_q05 -0.00679 | a*_q50 -0.00155 | dV>=0 0.655 | beta 0.1110
  bell | direct viol 0.524 | direct dV>=0 0.464 | d_mean +0.00310 | d_std 0.03202 | d_q95 0.06229
[Episode 415/400] Steps: 720 | Reward:   -2.55 | Battery:  83.39% | Loss: -0.0102
Placing Sensors
[Episode 416/400] Steps: 720 | Reward:   -7.03 | Battery:  58.69% | Loss: 
Placing Sensors
Policy -0.0070 | Value 0.0056 | KL 0.02229 | CF 0.2182 | Std 0.1099 | |a| 0.0439 | EV +0.937 | Rsd 0.361 | Res 0.102 | AE nan | Alpha 0.0100 | MB 24/24
  cert | viol 0.185 | dV -0.256973 | V 0.3610 | inball 0.430 | a*_q05 0.00201 | a*_q50 0.02628 | dV>=0 0.003 | n=150 | a_used 0.00561 -> 0.00533
  crit | n=1 | viol 0.543 | V 0.6713 | Vmin 0.1948 | agree +0.562 | a*_q05 -0.00487 | a*_q50 0.00504 | dV>=0 0.220 | beta 0.1111
  bell | direct viol 0.541 | direct dV>=0 0.484 | d_mean -0.00208 | d_std 0.04153 | d_q95 0.08687
[Episode 417/400] Steps: 720 | Reward:   -3.87 | Battery:  75.04% | Loss: 0.1877
Placing Sensors
[Episode 418/400] Steps: 720 | Reward:   -3.70 | Battery:  72.39% | Loss: 
Placing Sensors
Policy -0.0089 | Value 0.0031 | KL 0.00868 | CF 0.1083 | Std 0.1099 | |a| 0.0410 | EV +0.955 | Rsd 0.291 | Res 0.066 | AE nan | Alpha 0.0100 | MB 24/24
  cert | viol 0.000 | dV -0.263458 | V 0.2778 | inball 0.606 | a*_q05 0.01148 | a*_q50 0.03923 | dV>=0 0.000 | n=150 | a_used 0.00533 -> 0.00550
  crit | n=1 | viol 0.630 | V 0.4578 | Vmin 0.1720 | agree +0.639 | a*_q05 -0.00664 | a*_q50 0.00297 | dV>=0 0.386 | beta 0.1093
  bell | direct viol 0.510 | direct dV>=0 0.456 | d_mean +0.00087 | d_std 0.03071 | d_q95 0.06449
[Episode 419/400] Steps: 720 | Reward:   -2.53 | Battery:  80.22% | Loss: 0.0871
Placing Sensors
[Episode 420/400] Steps: 720 | Reward:   -2.17 | Battery:  85.97% | Loss: 
Placing Sensors
Policy -0.0072 | Value 0.0029 | KL 0.00954 | CF 0.0957 | Std 0.1098 | |a| 0.0432 | EV +0.950 | Rsd 0.297 | Res 0.077 | AE nan | Alpha 0.0100 | MB 24/24
  cert | viol 0.021 | dV -0.253062 | V 0.2760 | inball 0.644 | a*_q05 0.00962 | a*_q50 0.03715 | dV>=0 0.000 | n=150 | a_used 0.00550 -> 0.00558
  crit | n=1 | viol 0.667 | V 0.4532 | Vmin 0.1486 | agree +0.708 | a*_q05 -0.00633 | a*_q50 0.00301 | dV>=0 0.341 | beta 0.1075
  bell | direct viol 0.515 | direct dV>=0 0.464 | d_mean +0.00153 | d_std 0.03307 | d_q95 0.06958
[Episode 421/400] Steps: 720 | Reward:   -3.86 | Battery:  79.80% | Loss: 0.1563
Placing Sensors
[Episode 422/400] Steps: 720 | Reward:   -2.17 | Battery:  87.28% | Loss: 
Placing Sensors
Policy -0.0042 | Value 0.0045 | KL 0.01044 | CF 0.1214 | Std 0.1098 | |a| 0.0405 | EV +0.945 | Rsd 0.333 | Res 0.078 | AE nan | Alpha 0.0100 | MB 24/24
  cert | viol 0.092 | dV -0.284127 | V 0.3429 | inball 0.617 | a*_q05 0.00258 | a*_q50 0.03674 | dV>=0 0.024 | n=150 | a_used 0.00558 -> 0.00522
  crit | n=1 | viol 0.421 | V 0.4471 | Vmin 0.1440 | agree +0.627 | a*_q05 -0.00573 | a*_q50 0.00716 | dV>=0 0.257 | beta 0.1058
  bell | direct viol 0.485 | direct dV>=0 0.442 | d_mean -0.00019 | d_std 0.03532 | d_q95 0.07180
[Episode 423/400] Steps: 720 | Reward:   -5.10 | Battery:  74.64% | Loss: 0.0638
Placing Sensors
[Episode 424/400] Steps: 720 | Reward:   -4.06 | Battery:  73.60% | Loss: 
Placing Sensors
Policy -0.0183 | Value 0.0037 | KL 0.01484 | CF 0.0980 | Std 0.1098 | |a| 0.0451 | EV +0.939 | Rsd 0.287 | Res 0.075 | AE nan | Alpha 0.0100 | MB 24/24
  cert | viol 0.018 | dV -0.248151 | V 0.2813 | inball 0.576 | a*_q05 0.00674 | a*_q50 0.03298 | dV>=0 0.000 | n=150 | a_used 0.00522 -> 0.00534
  crit | n=1 | viol 0.431 | V 0.5172 | Vmin 0.1859 | agree +0.386 | a*_q05 -0.00508 | a*_q50 0.00612 | dV>=0 0.210 | beta 0.1052
  bell | direct viol 0.502 | direct dV>=0 0.466 | d_mean -0.00092 | d_std 0.03765 | d_q95 0.07504
[Episode 425/400] Steps: 720 | Reward:   -3.88 | Battery:  78.05% | Loss: -0.1090
Placing Sensors
[Episode 426/400] Steps: 720 | Reward:   -3.92 | Battery:  80.44% | Loss: 
Placing Sensors
Policy -0.0127 | Value 0.0039 | KL 0.00977 | CF 0.1014 | Std 0.1098 | |a| 0.0396 | EV +0.921 | Rsd 0.266 | Res 0.075 | AE nan | Alpha 0.0100 | MB 24/24
  cert | viol 0.000 | dV -0.295175 | V 0.3234 | inball 0.613 | a*_q05 0.00875 | a*_q50 0.03693 | dV>=0 0.000 | n=150 | a_used 0.00534 -> 0.00546
  crit | n=1 | viol 0.461 | V 0.4650 | Vmin 0.1658 | agree +0.581 | a*_q05 -0.00586 | a*_q50 0.00585 | dV>=0 0.297 | beta 0.1046
  bell | direct viol 0.511 | direct dV>=0 0.472 | d_mean -0.00029 | d_std 0.03071 | d_q95 0.06364
[Episode 427/400] Steps: 720 | Reward:   -3.51 | Battery:  80.83% | Loss: -0.0166
Placing Sensors
[Episode 428/400] Steps:  71 | Reward:  -17.72 | Battery:   0.00% | Loss: 
Placing Sensors
[Episode 429/400] Steps: 720 | Reward:   -2.69 | Battery:  69.79% | Loss: 
Placing Sensors
Policy -0.0084 | Value 0.0262 | KL 0.00711 | CF 0.0844 | Std 0.1098 | |a| 0.0454 | EV +0.728 | Rsd 0.406 | Res 0.216 | AE nan | Alpha 0.0100 | MB 24/24
  cert | viol 0.080 | dV -0.253228 | V 0.3024 | inball 0.566 | a*_q05 0.00424 | a*_q50 0.03706 | dV>=0 0.000 | n=150 | a_used 0.00546 -> 0.00550
  crit | n=1 | viol 0.595 | V 0.5666 | Vmin 0.1896 | agree +0.588 | a*_q05 -0.00609 | a*_q50 0.00333 | dV>=0 0.346 | beta 0.1043
  bell | direct viol 0.538 | direct dV>=0 0.471 | d_mean -0.00103 | d_std 0.03773 | d_q95 0.07910
[Episode 430/400] Steps: 720 | Reward:   -4.74 | Battery:  80.76% | Loss: 0.0137
Placing Sensors
[Episode 431/400] Steps: 720 | Reward:   -5.65 | Battery:  88.14% | Loss: 
Placing Sensors
Policy -0.0047 | Value 0.0086 | KL 0.01119 | CF 0.1281 | Std 0.1098 | |a| 0.0506 | EV +0.908 | Rsd 0.408 | Res 0.125 | AE nan | Alpha 0.0100 | MB 24/24
  cert | viol 0.229 | dV -0.221104 | V 0.3732 | inball 0.492 | a*_q05 -0.00261 | a*_q50 0.02834 | dV>=0 0.152 | n=150 | a_used 0.00550 -> 0.00522
  crit | n=1 | viol 0.562 | V 0.6021 | Vmin 0.1765 | agree +0.550 | a*_q05 -0.00583 | a*_q50 0.00434 | dV>=0 0.263 | beta 0.1035
  bell | direct viol 0.550 | direct dV>=0 0.488 | d_mean -0.00115 | d_std 0.04558 | d_q95 0.09717
[Episode 432/400] Steps: 720 | Reward:   -3.75 | Battery:  50.45% | Loss: 0.0462
Placing Sensors
[Episode 433/400] Steps: 720 | Reward:   -3.43 | Battery:  78.92% | Loss: 
Placing Sensors
Policy -0.0105 | Value 0.0036 | KL 0.01162 | CF 0.1271 | Std 0.1098 | |a| 0.0404 | EV +0.900 | Rsd 0.231 | Res 0.074 | AE nan | Alpha 0.0100 | MB 24/24
  cert | viol 0.000 | dV -0.228901 | V 0.2513 | inball 0.608 | a*_q05 0.00955 | a*_q50 0.03592 | dV>=0 0.000 | n=150 | a_used 0.00522 -> 0.00540
  crit | n=1 | viol 0.648 | V 0.4268 | Vmin 0.1565 | agree +0.699 | a*_q05 -0.00627 | a*_q50 0.00359 | dV>=0 0.286 | beta 0.1024
  bell | direct viol 0.497 | direct dV>=0 0.473 | d_mean +0.00140 | d_std 0.03883 | d_q95 0.07732
[Episode 434/400] Steps: 720 | Reward:   -3.01 | Battery:  83.48% | Loss: -0.0430
Placing Sensors
[Episode 435/400] Steps: 720 | Reward:   -2.62 | Battery:  80.58% | Loss: 
Placing Sensors
Policy -0.0079 | Value 0.0041 | KL 0.01371 | CF 0.1282 | Std 0.1098 | |a| 0.0391 | EV +0.942 | Rsd 0.283 | Res 0.077 | AE nan | Alpha 0.0100 | MB 24/24
  cert | viol 0.000 | dV -0.252779 | V 0.2720 | inball 0.644 | a*_q05 0.01014 | a*_q50 0.03908 | dV>=0 0.000 | n=150 | a_used 0.00540 -> 0.00556
  crit | n=1 | viol 0.666 | V 0.4561 | Vmin 0.1336 | agree +0.574 | a*_q05 -0.00590 | a*_q50 0.00383 | dV>=0 0.255 | beta 0.1008
  bell | direct viol 0.474 | direct dV>=0 0.420 | d_mean +0.00221 | d_std 0.02869 | d_q95 0.05831
[Episode 436/400] Steps: 720 | Reward:   -3.40 | Battery:  80.09% | Loss: -0.2265
Placing Sensors
[Episode 437/400] Steps: 720 | Reward:   -5.07 | Battery:  53.54% | Loss: 
Placing Sensors
Policy -0.0083 | Value 0.0046 | KL 0.01791 | CF 0.1831 | Std 0.1098 | |a| 0.0437 | EV +0.945 | Rsd 0.368 | Res 0.086 | AE nan | Alpha 0.0100 | MB 24/24
  cert | viol 0.075 | dV -0.321256 | V 0.3688 | inball 0.535 | a*_q05 0.00490 | a*_q50 0.03578 | dV>=0 0.000 | n=150 | a_used 0.00556 -> 0.00556
  crit | n=1 | viol 0.471 | V 0.5540 | Vmin 0.0835 | agree +0.569 | a*_q05 -0.00593 | a*_q50 0.00585 | dV>=0 0.264 | beta 0.0992
  bell | direct viol 0.531 | direct dV>=0 0.469 | d_mean -0.00045 | d_std 0.03527 | d_q95 0.07370
[Episode 438/400] Steps: 720 | Reward:   -3.61 | Battery:  87.99% | Loss: -0.0332
Placing Sensors
[Episode 439/400] Steps: 101 | Reward:  -17.28 | Battery:   0.00% | Loss: 
Placing Sensors
[Episode 440/400] Steps: 720 | Reward:   -3.44 | Battery:  66.99% | Loss: 
Placing Sensors
Policy 0.0114 | Value 0.0227 | KL 0.01106 | CF 0.1076 | Std 0.1097 | |a| 0.0474 | EV +0.840 | Rsd 0.448 | Res 0.181 | AE nan | Alpha 0.0100 | MB 28/28
  cert | viol 0.000 | dV -0.255074 | V 0.2746 | inball 0.547 | a*_q05 0.01146 | a*_q50 0.03771 | dV>=0 0.000 | n=150 | a_used 0.00556 -> 0.00573
  crit | n=1 | viol 0.574 | V 0.5503 | Vmin 0.1090 | agree +0.584 | a*_q05 -0.00445 | a*_q50 0.00491 | dV>=0 0.272 | beta 0.0992
  bell | direct viol 0.536 | direct dV>=0 0.505 | d_mean +0.00183 | d_std 0.04456 | d_q95 0.09804
[Episode 441/400] Steps: 720 | Reward:   -2.97 | Battery:  75.23% | Loss: 0.1841
Placing Sensors
[Episode 442/400] Steps: 720 | Reward:   -4.70 | Battery:  78.89% | Loss: 
Placing Sensors
Policy -0.0136 | Value 0.0078 | KL 0.01909 | CF 0.1200 | Std 0.1097 | |a| 0.0446 | EV +0.890 | Rsd 0.348 | Res 0.117 | AE nan | Alpha 0.0100 | MB 24/24
  cert | viol 0.088 | dV -0.274446 | V 0.3330 | inball 0.573 | a*_q05 0.00295 | a*_q50 0.03574 | dV>=0 0.018 | n=150 | a_used 0.00573 -> 0.00582
  crit | n=1 | viol 0.662 | V 0.5209 | Vmin 0.1392 | agree +0.476 | a*_q05 -0.00641 | a*_q50 0.00301 | dV>=0 0.311 | beta 0.0988
  bell | direct viol 0.520 | direct dV>=0 0.492 | d_mean -0.00074 | d_std 0.06762 | d_q95 0.13977
[Episode 443/400] Steps: 720 | Reward:   -2.96 | Battery:  73.76% | Loss: 0.0501
Placing Sensors
[Episode 444/400] Steps: 720 | Reward:   -4.25 | Battery:  80.73% | Loss: 
Placing Sensors
Policy -0.0128 | Value 0.0068 | KL 0.01291 | CF 0.1381 | Std 0.1097 | |a| 0.0418 | EV +0.871 | Rsd 0.295 | Res 0.107 | AE nan | Alpha 0.0100 | MB 24/24
  cert | viol 0.040 | dV -0.269841 | V 0.2978 | inball 0.625 | a*_q05 0.00794 | a*_q50 0.03852 | dV>=0 0.000 | n=150 | a_used 0.00582 -> 0.00598
  crit | n=1 | viol 0.724 | V 0.4911 | Vmin 0.1481 | agree +0.503 | a*_q05 -0.00704 | a*_q50 0.00182 | dV>=0 0.391 | beta 0.0975
  bell | direct viol 0.523 | direct dV>=0 0.474 | d_mean +0.00057 | d_std 0.04493 | d_q95 0.09459
[Episode 445/400] Steps: 720 | Reward:   -2.42 | Battery:  80.17% | Loss: 0.0488
Placing Sensors
[Episode 446/400] Steps: 720 | Reward:   -3.35 | Battery:  77.48% | Loss: 
Placing Sensors
Policy -0.0091 | Value 0.0067 | KL 0.01050 | CF 0.1061 | Std 0.1096 | |a| 0.0473 | EV +0.887 | Rsd 0.334 | Res 0.115 | AE nan | Alpha 0.0100 | MB 24/24
  cert | viol 0.004 | dV -0.261709 | V 0.2822 | inball 0.581 | a*_q05 0.00993 | a*_q50 0.03776 | dV>=0 0.000 | n=150 | a_used 0.00598 -> 0.00614
  crit | n=1 | viol 0.704 | V 0.5113 | Vmin 0.1564 | agree +0.503 | a*_q05 -0.00599 | a*_q50 0.00253 | dV>=0 0.374 | beta 0.0961
  bell | direct viol 0.493 | direct dV>=0 0.453 | d_mean +0.00089 | d_std 0.04087 | d_q95 0.08278
[Episode 447/400] Steps: 720 | Reward:   -3.69 | Battery:  71.95% | Loss: -0.0159
Placing Sensors
[Episode 448/400] Steps: 720 | Reward:   -3.63 | Battery:  83.46% | Loss: 
Placing Sensors
[Episode 449/400] Steps:  73 | Reward:  -17.51 | Battery:   0.00% | Loss: 
Placing Sensors
Policy 0.0064 | Value 0.0215 | KL 0.02175 | CF 0.2322 | Std 0.1096 | |a| 0.0419 | EV +0.831 | Rsd 0.421 | Res 0.173 | AE nan | Alpha 0.0100 | MB 24/24
  cert | viol 0.015 | dV -0.270485 | V 0.2936 | inball 0.610 | a*_q05 0.00975 | a*_q50 0.03827 | dV>=0 0.000 | n=150 | a_used 0.00614 -> 0.00629
  crit | n=1 | viol 0.570 | V 0.5121 | Vmin 0.1499 | agree +0.721 | a*_q05 -0.00532 | a*_q50 0.00527 | dV>=0 0.228 | beta 0.0953
  bell | direct viol 0.512 | direct dV>=0 0.473 | d_mean +0.00111 | d_std 0.03484 | d_q95 0.06706
[Episode 450/400] Steps: 720 | Reward:   -2.93 | Battery:  83.73% | Loss: -0.0067
Placing Sensors
[Episode 451/400] Steps: 720 | Reward:   -2.68 | Battery:  82.33% | Loss: 
Placing Sensors
Policy -0.0144 | Value 0.0071 | KL 0.01040 | CF 0.1097 | Std 0.1096 | |a| 0.0487 | EV +0.922 | Rsd 0.386 | Res 0.109 | AE nan | Alpha 0.0100 | MB 24/24
  cert | viol 0.044 | dV -0.279039 | V 0.3205 | inball 0.570 | a*_q05 0.00656 | a*_q50 0.03629 | dV>=0 0.000 | n=150 | a_used 0.00629 -> 0.00631
  crit | n=1 | viol 0.537 | V 0.5130 | Vmin 0.1188 | agree +0.504 | a*_q05 -0.00567 | a*_q50 0.00564 | dV>=0 0.256 | beta 0.0943
  bell | direct viol 0.535 | direct dV>=0 0.481 | d_mean -0.00026 | d_std 0.03409 | d_q95 0.06950
[Episode 452/400] Steps: 720 | Reward:   -5.12 | Battery:  65.41% | Loss: 0.1215
Placing Sensors
[Episode 453/400] Steps: 720 | Reward:   -2.81 | Battery:  79.93% | Loss: 
Placing Sensors
Policy -0.0084 | Value 0.0055 | KL 0.01254 | CF 0.1517 | Std 0.1096 | |a| 0.0413 | EV +0.919 | Rsd 0.321 | Res 0.092 | AE nan | Alpha 0.0100 | MB 24/24
  cert | viol 0.016 | dV -0.265986 | V 0.2902 | inball 0.587 | a*_q05 0.00939 | a*_q50 0.03729 | dV>=0 0.000 | n=150 | a_used 0.00631 -> 0.00643
  crit | n=1 | viol 0.659 | V 0.4794 | Vmin 0.1574 | agree +0.557 | a*_q05 -0.00582 | a*_q50 0.00355 | dV>=0 0.336 | beta 0.0941
  bell | direct viol 0.507 | direct dV>=0 0.475 | d_mean +0.00125 | d_std 0.03883 | d_q95 0.08043
[Episode 454/400] Steps: 720 | Reward:   -4.12 | Battery:  71.20% | Loss: 0.0370
Placing Sensors
[Episode 455/400] Steps: 720 | Reward:   -3.45 | Battery:  76.69% | Loss: 
Placing Sensors
Policy -0.0069 | Value 0.0042 | KL 0.01151 | CF 0.1196 | Std 0.1096 | |a| 0.0452 | EV +0.939 | Rsd 0.324 | Res 0.081 | AE nan | Alpha 0.0100 | MB 24/24
  cert | viol 0.000 | dV -0.269162 | V 0.2864 | inball 0.607 | a*_q05 0.01063 | a*_q50 0.03995 | dV>=0 0.000 | n=150 | a_used 0.00643 -> 0.00657
  crit | n=1 | viol 0.708 | V 0.5162 | Vmin 0.1269 | agree +0.428 | a*_q05 -0.00686 | a*_q50 0.00332 | dV>=0 0.368 | beta 0.0936
  bell | direct viol 0.503 | direct dV>=0 0.440 | d_mean +0.00216 | d_std 0.03429 | d_q95 0.07037
[Episode 456/400] Steps: 720 | Reward:   -3.21 | Battery:  74.61% | Loss: -0.0327
Placing Sensors
[Episode 457/400] Steps: 720 | Reward:   -4.43 | Battery:  64.07% | Loss: 
Placing Sensors
Policy -0.0130 | Value 0.0038 | KL 0.01548 | CF 0.1206 | Std 0.1096 | |a| 0.0501 | EV +0.939 | Rsd 0.307 | Res 0.076 | AE nan | Alpha 0.0100 | MB 24/24
  cert | viol 0.078 | dV -0.214013 | V 0.2502 | inball 0.499 | a*_q05 0.00585 | a*_q50 0.03101 | dV>=0 0.000 | n=150 | a_used 0.00657 -> 0.00657
  crit | n=1 | viol 0.836 | V 0.6139 | Vmin 0.1980 | agree +0.426 | a*_q05 -0.00492 | a*_q50 0.00295 | dV>=0 0.328 | beta 0.0946
  bell | direct viol 0.553 | direct dV>=0 0.478 | d_mean +0.00094 | d_std 0.03866 | d_q95 0.08157
[Episode 458/400] Steps: 720 | Reward:   -4.14 | Battery:  77.22% | Loss: -0.0577
Placing Sensors
[Episode 459/400] Steps: 720 | Reward:   -4.43 | Battery:  84.63% | Loss: 
Placing Sensors
Policy -0.0057 | Value 0.0059 | KL 0.01533 | CF 0.1391 | Std 0.1095 | |a| 0.0533 | EV +0.906 | Rsd 0.282 | Res 0.090 | AE nan | Alpha 0.0100 | MB 24/24
  cert | viol 0.166 | dV -0.233340 | V 0.3134 | inball 0.627 | a*_q05 -0.00066 | a*_q50 0.03575 | dV>=0 0.071 | n=150 | a_used 0.00657 -> 0.00621
  crit | n=1 | viol 0.660 | V 0.4851 | Vmin 0.1697 | agree +0.575 | a*_q05 -0.00556 | a*_q50 0.00501 | dV>=0 0.218 | beta 0.0948
  bell | direct viol 0.521 | direct dV>=0 0.474 | d_mean -0.00021 | d_std 0.03746 | d_q95 0.07507
[Episode 460/400] Steps: 720 | Reward:   -2.22 | Battery:  84.56% | Loss: -0.0817
Placing Sensors
[Episode 461/400] Steps: 720 | Reward:   -2.97 | Battery:  77.81% | Loss: 
Placing Sensors
Policy -0.0045 | Value 0.0035 | KL 0.02137 | CF 0.1829 | Std 0.1095 | |a| 0.0498 | EV +0.943 | Rsd 0.271 | Res 0.065 | AE nan | Alpha 0.0100 | MB 18/24
  cert | viol 0.127 | dV -0.209728 | V 0.2524 | inball 0.571 | a*_q05 0.00415 | a*_q50 0.03484 | dV>=0 0.000 | n=150 | a_used 0.00621 -> 0.00622
  crit | n=1 | viol 0.594 | V 0.4712 | Vmin 0.1685 | agree +0.511 | a*_q05 -0.00423 | a*_q50 0.00477 | dV>=0 0.196 | beta 0.0946
  bell | direct viol 0.521 | direct dV>=0 0.480 | d_mean -0.00076 | d_std 0.03580 | d_q95 0.06819
[Episode 462/400] Steps: 720 | Reward:   -4.03 | Battery:  73.65% | Loss: 0.0257
Placing Sensors
[Episode 463/400] Steps: 720 | Reward:   -3.63 | Battery:  71.01% | Loss: 
Placing Sensors
Policy -0.0130 | Value 0.0064 | KL 0.02249 | CF 0.1640 | Std 0.1094 | |a| 0.0541 | EV +0.902 | Rsd 0.314 | Res 0.099 | AE nan | Alpha 0.0100 | MB 24/24
  cert | viol 0.082 | dV -0.260566 | V 0.3168 | inball 0.528 | a*_q05 0.00428 | a*_q50 0.02931 | dV>=0 0.000 | n=150 | a_used 0.00622 -> 0.00625
  crit | n=1 | viol 0.635 | V 0.5657 | Vmin 0.1833 | agree +0.427 | a*_q05 -0.00480 | a*_q50 0.00381 | dV>=0 0.262 | beta 0.0947
  bell | direct viol 0.521 | direct dV>=0 0.470 | d_mean -0.00164 | d_std 0.03743 | d_q95 0.07527
[Episode 464/400] Steps: 720 | Reward:   -4.79 | Battery:  78.59% | Loss: -0.0689
Placing Sensors
[Episode 465/400] Steps: 720 | Reward:   -4.09 | Battery:  78.65% | Loss: 
Placing Sensors
Policy -0.0145 | Value 0.0067 | KL 0.01393 | CF 0.1194 | Std 0.1094 | |a| 0.0556 | EV +0.872 | Rsd 0.292 | Res 0.105 | AE nan | Alpha 0.0100 | MB 24/24
  cert | viol 0.175 | dV -0.240423 | V 0.3126 | inball 0.550 | a*_q05 0.00326 | a*_q50 0.03037 | dV>=0 0.000 | n=150 | a_used 0.00625 -> 0.00612
  crit | n=1 | viol 0.600 | V 0.5713 | Vmin 0.1448 | agree +0.528 | a*_q05 -0.00550 | a*_q50 0.00529 | dV>=0 0.230 | beta 0.0951
  bell | direct viol 0.521 | direct dV>=0 0.461 | d_mean -0.00038 | d_std 0.03865 | d_q95 0.07585
[Episode 466/400] Steps: 720 | Reward:   -4.50 | Battery:  85.25% | Loss: -0.0472
Placing Sensors
[Episode 467/400] Steps: 720 | Reward:   -2.70 | Battery:  68.45% | Loss: 
Placing Sensors
Policy -0.0170 | Value 0.0056 | KL 0.02487 | CF 0.2005 | Std 0.1094 | |a| 0.0565 | EV +0.914 | Rsd 0.304 | Res 0.089 | AE nan | Alpha 0.0100 | MB 24/24
  cert | viol 0.090 | dV -0.208191 | V 0.2494 | inball 0.527 | a*_q05 0.00590 | a*_q50 0.03412 | dV>=0 0.000 | n=150 | a_used 0.00612 -> 0.00610
  crit | n=1 | viol 0.880 | V 0.5301 | Vmin 0.1792 | agree +0.569 | a*_q05 -0.00611 | a*_q50 0.00108 | dV>=0 0.394 | beta 0.0951
  bell | direct viol 0.536 | direct dV>=0 0.476 | d_mean +0.00097 | d_std 0.03215 | d_q95 0.06591
[Episode 468/400] Steps: 720 | Reward:   -4.58 | Battery:  65.12% | Loss: -0.0946
Placing Sensors
[Episode 469/400] Steps: 720 | Reward:   -3.15 | Battery:  77.78% | Loss: 
Placing Sensors
Policy 0.0001 | Value 0.0072 | KL 0.02449 | CF 0.1646 | Std 0.1094 | |a| 0.0617 | EV +0.876 | Rsd 0.255 | Res 0.090 | AE nan | Alpha 0.0100 | MB 12/24
  cert | viol 0.133 | dV -0.220501 | V 0.2732 | inball 0.594 | a*_q05 0.00223 | a*_q50 0.03165 | dV>=0 0.002 | n=150 | a_used 0.00610 -> 0.00570
  crit | n=1 | viol 0.636 | V 0.4864 | Vmin 0.1714 | agree +0.627 | a*_q05 -0.00572 | a*_q50 0.00436 | dV>=0 0.208 | beta 0.0951
  bell | direct viol 0.509 | direct dV>=0 0.462 | d_mean -0.00034 | d_std 0.04165 | d_q95 0.08159
[Episode 470/400] Steps: 720 | Reward:   -4.07 | Battery:  85.66% | Loss: -0.1077
Placing Sensors
[Episode 471/400] Steps: 720 | Reward:   -2.60 | Battery:  78.95% | Loss: 
Placing Sensors
Policy -0.0072 | Value 0.0043 | KL 0.02029 | CF 0.1859 | Std 0.1094 | |a| 0.0507 | EV +0.938 | Rsd 0.326 | Res 0.082 | AE nan | Alpha 0.0100 | MB 24/24
  cert | viol 0.107 | dV -0.260251 | V 0.3179 | inball 0.616 | a*_q05 0.00306 | a*_q50 0.03511 | dV>=0 0.000 | n=150 | a_used 0.00570 -> 0.00556
  crit | n=1 | viol 0.578 | V 0.4618 | Vmin 0.1165 | agree +0.664 | a*_q05 -0.00479 | a*_q50 0.00493 | dV>=0 0.196 | beta 0.0934
  bell | direct viol 0.530 | direct dV>=0 0.482 | d_mean -0.00002 | d_std 0.04002 | d_q95 0.07806
[Episode 472/400] Steps: 720 | Reward:   -4.14 | Battery:  86.08% | Loss: 0.0509
Placing Sensors
[Episode 473/400] Steps: 720 | Reward:   -3.75 | Battery:  72.23% | Loss: 
Placing Sensors
Policy -0.0125 | Value 0.0040 | KL 0.01138 | CF 0.1209 | Std 0.1094 | |a| 0.0627 | EV +0.933 | Rsd 0.285 | Res 0.074 | AE nan | Alpha 0.0100 | MB 24/24
  cert | viol 0.027 | dV -0.241776 | V 0.2720 | inball 0.573 | a*_q05 0.00696 | a*_q50 0.03640 | dV>=0 0.000 | n=150 | a_used 0.00556 -> 0.00565
  crit | n=1 | viol 0.762 | V 0.5097 | Vmin 0.1712 | agree +0.603 | a*_q05 -0.00480 | a*_q50 0.00238 | dV>=0 0.339 | beta 0.0933
  bell | direct viol 0.528 | direct dV>=0 0.487 | d_mean +0.00028 | d_std 0.04309 | d_q95 0.08675
[Episode 474/400] Steps: 720 | Reward:   -4.00 | Battery:  79.45% | Loss: 0.0167
Placing Sensors
[Episode 475/400] Steps: 720 | Reward:   -3.07 | Battery:  75.50% | Loss: 
Placing Sensors
Policy -0.0179 | Value 0.0049 | KL 0.01556 | CF 0.1373 | Std 0.1094 | |a| 0.0574 | EV +0.917 | Rsd 0.284 | Res 0.082 | AE nan | Alpha 0.0100 | MB 24/24
  cert | viol 0.066 | dV -0.253851 | V 0.2917 | inball 0.599 | a*_q05 0.00555 | a*_q50 0.03600 | dV>=0 0.000 | n=150 | a_used 0.00565 -> 0.00581
  crit | n=1 | viol 0.626 | V 0.4569 | Vmin 0.1350 | agree +0.622 | a*_q05 -0.00522 | a*_q50 0.00432 | dV>=0 0.243 | beta 0.0926
  bell | direct viol 0.508 | direct dV>=0 0.455 | d_mean +0.00001 | d_std 0.03777 | d_q95 0.07892
[Episode 476/400] Steps: 720 | Reward:   -3.74 | Battery:  79.59% | Loss: -0.0257
Placing Sensors
[Episode 477/400] Steps: 720 | Reward:   -3.54 | Battery:  82.75% | Loss: 
Placing Sensors
Policy 0.0018 | Value 0.0042 | KL 0.02331 | CF 0.1968 | Std 0.1094 | |a| 0.0608 | EV +0.919 | Rsd 0.259 | Res 0.074 | AE nan | Alpha 0.0100 | MB 18/24
  cert | viol 0.022 | dV -0.205121 | V 0.2384 | inball 0.542 | a*_q05 0.00800 | a*_q50 0.03027 | dV>=0 0.000 | n=150 | a_used 0.00581 -> 0.00585
  crit | n=1 | viol 0.669 | V 0.5019 | Vmin 0.2051 | agree +0.604 | a*_q05 -0.00399 | a*_q50 0.00414 | dV>=0 0.243 | beta 0.0934
  bell | direct viol 0.491 | direct dV>=0 0.445 | d_mean -0.00013 | d_std 0.03251 | d_q95 0.06546
[Episode 478/400] Steps: 720 | Reward:   -4.12 | Battery:  72.50% | Loss: 0.0918
Placing Sensors
[Episode 479/400] Steps:  90 | Reward:  -17.22 | Battery:   0.00% | Loss: 
Placing Sensors
[Episode 480/400] Steps: 720 | Reward:   -3.01 | Battery:  77.84% | Loss: 
Placing Sensors
Policy -0.0065 | Value 0.0263 | KL 0.01024 | CF 0.1240 | Std 0.1094 | |a| 0.0672 | EV +0.803 | Rsd 0.411 | Res 0.189 | AE nan | Alpha 0.0100 | MB 24/24
  cert | viol 0.103 | dV -0.226134 | V 0.2801 | inball 0.499 | a*_q05 0.00296 | a*_q50 0.03235 | dV>=0 0.000 | n=150 | a_used 0.00585 -> 0.00543
  crit | n=1 | viol 0.562 | V 0.5761 | Vmin 0.1749 | agree +0.461 | a*_q05 -0.00575 | a*_q50 0.00392 | dV>=0 0.349 | beta 0.0931
  bell | direct viol 0.570 | direct dV>=0 0.466 | d_mean -0.00099 | d_std 0.02725 | d_q95 0.05553
[Episode 481/400] Steps: 720 | Reward:   -4.57 | Battery:  62.22% | Loss: 0.1280
Placing Sensors
[Episode 482/400] Steps:  91 | Reward:  -17.44 | Battery:   0.00% | Loss: 
Placing Sensors
[Episode 483/400] Steps: 720 | Reward:   -5.24 | Battery:  55.43% | Loss: 
Placing Sensors
Policy 0.0001 | Value 0.0210 | KL 0.01768 | CF 0.1558 | Std 0.1094 | |a| 0.0675 | EV +0.866 | Rsd 0.481 | Res 0.177 | AE nan | Alpha 0.0100 | MB 24/24
  cert | viol 0.009 | dV -0.328074 | V 0.3641 | inball 0.453 | a*_q05 0.00771 | a*_q50 0.03802 | dV>=0 0.000 | n=150 | a_used 0.00543 -> 0.00553
  crit | n=1 | viol 0.711 | V 0.7216 | Vmin 0.1996 | agree +0.609 | a*_q05 -0.00610 | a*_q50 0.00240 | dV>=0 0.347 | beta 0.0936
  bell | direct viol 0.545 | direct dV>=0 0.479 | d_mean +0.00131 | d_std 0.04149 | d_q95 0.08176
[Episode 484/400] Steps: 720 | Reward:   -3.90 | Battery:  72.56% | Loss: 0.1550
Placing Sensors
[Episode 485/400] Steps: 720 | Reward:   -2.68 | Battery:  84.42% | Loss: 
Placing Sensors
[Episode 486/400] Steps: 130 | Reward:  -17.50 | Battery:   0.00% | Loss: 
Placing Sensors
Policy -0.0256 | Value 0.0281 | KL 0.03234 | CF 0.2618 | Std 0.1095 | |a| 0.0644 | EV +0.818 | Rsd 0.444 | Res 0.190 | AE nan | Alpha 0.0100 | MB 14/28
  cert | viol 0.000 | dV -0.236101 | V 0.2524 | inball 0.605 | a*_q05 0.01116 | a*_q50 0.03747 | dV>=0 0.000 | n=150 | a_used 0.00553 -> 0.00569
  crit | n=1 | viol 0.741 | V 0.5473 | Vmin 0.1525 | agree +0.824 | a*_q05 -0.00532 | a*_q50 0.00323 | dV>=0 0.208 | beta 0.0937
  bell | direct viol 0.496 | direct dV>=0 0.464 | d_mean +0.00441 | d_std 0.06708 | d_q95 0.13795
[Episode 487/400] Steps: 720 | Reward:   -3.05 | Battery:  87.87% | Loss: -0.1240
Placing Sensors
[Episode 488/400] Steps: 720 | Reward:   -4.10 | Battery:  71.28% | Loss: 
Placing Sensors
Policy -0.0117 | Value 0.0077 | KL 0.02132 | CF 0.1804 | Std 0.1095 | |a| 0.0666 | EV +0.925 | Rsd 0.418 | Res 0.118 | AE nan | Alpha 0.0100 | MB 24/24
  cert | viol 0.129 | dV -0.314591 | V 0.4125 | inball 0.493 | a*_q05 0.00036 | a*_q50 0.03189 | dV>=0 0.057 | n=150 | a_used 0.00569 -> 0.00561
  crit | n=1 | viol 0.477 | V 0.6276 | Vmin 0.1736 | agree +0.504 | a*_q05 -0.00532 | a*_q50 0.00615 | dV>=0 0.254 | beta 0.0939
  bell | direct viol 0.531 | direct dV>=0 0.496 | d_mean -0.00204 | d_std 0.05799 | d_q95 0.11910
[Episode 489/400] Steps: 720 | Reward:   -5.82 | Battery:  71.90% | Loss: 0.1420
Placing Sensors
[Episode 490/400] Steps: 720 | Reward:   -1.97 | Battery:  88.59% | Loss: 
Placing Sensors
Policy -0.0119 | Value 0.0073 | KL 0.02130 | CF 0.1921 | Std 0.1095 | |a| 0.0592 | EV +0.829 | Rsd 0.244 | Res 0.128 | AE nan | Alpha 0.0100 | MB 24/24
  cert | viol 0.000 | dV -0.188521 | V 0.1926 | inball 0.730 | a*_q05 0.01861 | a*_q50 0.04114 | dV>=0 0.000 | n=150 | a_used 0.00561 -> 0.00577
  crit | n=1 | viol 0.958 | V 0.4674 | Vmin 0.2041 | agree +0.337 | a*_q05 -0.00720 | a*_q50 -0.00009 | dV>=0 0.509 | beta 0.0932
  bell | direct viol 0.501 | direct dV>=0 0.472 | d_mean +0.00262 | d_std 0.04029 | d_q95 0.07993
[Episode 491/400] Steps: 720 | Reward:   -2.17 | Battery:  85.56% | Loss: 0.0514
Placing Sensors
[Episode 492/400] Steps: 720 | Reward:   -5.05 | Battery:  61.43% | Loss: 
Placing Sensors
Policy -0.0162 | Value 0.0082 | KL 0.02508 | CF 0.1889 | Std 0.1095 | |a| 0.0750 | EV +0.918 | Rsd 0.393 | Res 0.113 | AE nan | Alpha 0.0100 | MB 18/24
  cert | viol 0.091 | dV -0.303452 | V 0.3575 | inball 0.460 | a*_q05 0.00449 | a*_q50 0.03515 | dV>=0 0.000 | n=150 | a_used 0.00577 -> 0.00577
  crit | n=1 | viol 0.582 | V 0.6953 | Vmin 0.1762 | agree +0.404 | a*_q05 -0.00618 | a*_q50 0.00475 | dV>=0 0.293 | beta 0.0937
  bell | direct viol 0.549 | direct dV>=0 0.488 | d_mean -0.00107 | d_std 0.04562 | d_q95 0.08559
[Episode 493/400] Steps: 720 | Reward:   -4.87 | Battery:  64.45% | Loss: 0.0363
Placing Sensors
[Episode 494/400] Steps: 146 | Reward:  -17.18 | Battery:   0.00% | Loss: 
Placing Sensors
[Episode 495/400] Steps: 720 | Reward:   -3.24 | Battery:  86.95% | Loss: 
Placing Sensors
Policy 0.0012 | Value 0.0240 | KL 0.03471 | CF 0.2183 | Std 0.1095 | |a| 0.0743 | EV +0.820 | Rsd 0.469 | Res 0.200 | AE nan | Alpha 0.0100 | MB 21/28
  cert | viol 0.000 | dV -0.270396 | V 0.2831 | inball 0.611 | a*_q05 0.01368 | a*_q50 0.03979 | dV>=0 0.000 | n=150 | a_used 0.00577 -> 0.00593
  crit | n=1 | viol 0.748 | V 0.5867 | Vmin 0.1339 | agree +0.762 | a*_q05 -0.00603 | a*_q50 0.00114 | dV>=0 0.415 | beta 0.0932
  bell | direct viol 0.500 | direct dV>=0 0.467 | d_mean +0.00208 | d_std 0.06273 | d_q95 0.12093
[Episode 496/400] Steps: 720 | Reward:   -1.96 | Battery:  87.06% | Loss: 0.3174
Placing Sensors
[Episode 497/400] Steps: 720 | Reward:   -3.06 | Battery:  76.90% | Loss: 
Placing Sensors
Policy -0.0129 | Value 0.0051 | KL 0.01526 | CF 0.1546 | Std 0.1095 | |a| 0.0590 | EV +0.895 | Rsd 0.269 | Res 0.089 | AE nan | Alpha 0.0100 | MB 24/24
  cert | viol 0.002 | dV -0.218838 | V 0.2350 | inball 0.660 | a*_q05 0.00940 | a*_q50 0.03984 | dV>=0 0.000 | n=150 | a_used 0.00593 -> 0.00605
  crit | n=1 | viol 0.701 | V 0.4043 | Vmin 0.1644 | agree +0.615 | a*_q05 -0.00597 | a*_q50 0.00341 | dV>=0 0.239 | beta 0.0926
  bell | direct viol 0.504 | direct dV>=0 0.477 | d_mean +0.00148 | d_std 0.04066 | d_q95 0.08054
[Episode 498/400] Steps: 720 | Reward:   -2.28 | Battery:  88.09% | Loss: 0.0629
Placing Sensors
[Episode 499/400] Steps: 720 | Reward:   -4.71 | Battery:  78.67% | Loss: 
Placing Sensors
Policy -0.0121 | Value 0.0037 | KL 0.01954 | CF 0.1635 | Std 0.1095 | |a| 0.0535 | EV +0.945 | Rsd 0.325 | Res 0.076 | AE nan | Alpha 0.0100 | MB 24/24
  cert | viol 0.088 | dV -0.257847 | V 0.3076 | inball 0.620 | a*_q05 0.00351 | a*_q50 0.03671 | dV>=0 0.017 | n=150 | a_used 0.00605 -> 0.00605
  crit | n=1 | viol 0.542 | V 0.4119 | Vmin 0.1377 | agree +0.692 | a*_q05 -0.00545 | a*_q50 0.00525 | dV>=0 0.254 | beta 0.0912
  bell | direct viol 0.507 | direct dV>=0 0.465 | d_mean +0.00005 | d_std 0.03541 | d_q95 0.07399
[Episode 500/400] Steps: 720 | Reward:   -1.87 | Battery:  84.36% | Loss: -0.0299
Placing Sensors
[Episode 501/400] Steps: 720 | Reward:   -6.20 | Battery:  73.75% | Loss: 
Placing Sensors
Policy -0.0005 | Value 0.0081 | KL 0.02512 | CF 0.2209 | Std 0.1095 | |a| 0.0710 | EV +0.907 | Rsd 0.324 | Res 0.103 | AE nan | Alpha 0.0100 | MB 18/24
  cert | viol 0.107 | dV -0.257836 | V 0.3420 | inball 0.455 | a*_q05 0.00231 | a*_q50 0.02611 | dV>=0 0.023 | n=150 | a_used 0.00605 -> 0.00546
  crit | n=1 | viol 0.416 | V 0.5552 | Vmin 0.1881 | agree +0.536 | a*_q05 -0.00597 | a*_q50 0.00792 | dV>=0 0.280 | beta 0.0919
  bell | direct viol 0.520 | direct dV>=0 0.467 | d_mean -0.00110 | d_std 0.04456 | d_q95 0.09165
[Episode 502/400] Steps: 720 | Reward:   -3.62 | Battery:  76.44% | Loss: -0.0326
Placing Sensors
[Episode 503/400] Steps:  84 | Reward:  -17.64 | Battery:   0.00% | Loss: 
Placing Sensors
[Episode 504/400] Steps: 720 | Reward:   -3.30 | Battery:  83.83% | Loss: 
Placing Sensors
Policy -0.0068 | Value 0.0211 | KL 0.01836 | CF 0.1526 | Std 0.1095 | |a| 0.0752 | EV +0.797 | Rsd 0.425 | Res 0.191 | AE nan | Alpha 0.0100 | MB 24/24
  cert | viol 0.064 | dV -0.256495 | V 0.3064 | inball 0.522 | a*_q05 0.00504 | a*_q50 0.03089 | dV>=0 0.000 | n=150 | a_used 0.00546 -> 0.00545
  crit | n=1 | viol 0.819 | V 0.6909 | Vmin 0.2022 | agree +0.703 | a*_q05 -0.00539 | a*_q50 0.00197 | dV>=0 0.330 | beta 0.0931
  bell | direct viol 0.510 | direct dV>=0 0.454 | d_mean +0.00146 | d_std 0.04838 | d_q95 0.10171
[Episode 505/400] Steps: 720 | Reward:   -4.92 | Battery:  72.93% | Loss: 0.1188
[budget] 288010 transitions collected over 505 episodes -- step budget met, stopping.
Placing Sensors
  [validation 1/10] steps 720 | battery  33.4% ->  83.6% (min   9.3%) | reward    -4.29 | |a| 0.064 | path     763 m
Placing Sensors
  [validation 2/10] steps 720 | battery  34.1% ->  84.3% (min  29.8%) | reward    -1.85 | |a| 0.042 | path     400 m
Placing Sensors
  [validation 3/10] steps 720 | battery  31.9% ->  75.1% (min  15.1%) | reward    -4.82 | |a| 0.053 | path     600 m
Placing Sensors
  [validation 4/10] steps 720 | battery  32.9% ->  81.1% (min  28.0%) | reward    -2.97 | |a| 0.060 | path     683 m
Placing Sensors
  [validation 5/10] steps 720 | battery  32.9% ->  76.7% (min  20.8%) | reward    -4.32 | |a| 0.087 | path    1120 m
Placing Sensors
  [validation 6/10] steps 720 | battery  31.1% ->  81.8% (min  30.2%) | reward    -1.56 | |a| 0.053 | path     586 m
Placing Sensors
  [validation 7/10] steps  74 | battery  31.0% ->   0.0% (min   0.0%) | reward   -17.44 | |a| 0.118 | path      54 m
Placing Sensors
  [validation 8/10] steps 720 | battery  30.7% ->  68.8% (min  23.8%) | reward    -2.73 | |a| 0.075 | path     298 m
Placing Sensors
  [validation 9/10] steps 720 | battery  37.5% ->  78.3% (min  19.1%) | reward    -3.13 | |a| 0.067 | path     797 m
Placing Sensors
  [validation 10/10] steps 720 | battery  30.9% ->  83.4% (min  30.1%) | reward    -2.83 | |a| 0.088 | path     456 m

==============================================================================
VALIDATION COMPLETE -- 10 independent deterministic episodes
==============================================================================
metric                       mean        std        min        max
reward                      -4.59       4.64     -17.44      -1.56
final battery %             71.33      25.51       0.00      84.30
min battery %               20.62      10.09       0.00      30.25
steps                      655.40     204.28      74.00     720.00
solar W                     25.95       9.05       1.34      32.51
|action|                     0.07       0.02       0.04       0.12
path m                     575.66     295.67      54.21    1120.14
tortuosity                   6.03       3.35       2.37      11.57
motion mAh                 404.73     205.88      43.96     786.28
idle mAh                 10547.44    3284.17    1200.55   11602.41

survived full 720 steps : 9/10
ended below 20% battery         : 1/10
ended above 70% battery         : 8/10

reward 95% CI: -4.59 +- 2.87  (-7.47 to -1.72)

total step rows written: 6554

==============================================
WALL CLOCK BREAKDOWN
==============================================
Total run time        :   17521.83 s
  Rollout (training)  :   16998.22 s  ( 97.0%)
    - policy inference:     270.25 s  (  1.5%)
    - env + reward    :   16727.97 s  ( 95.5%)
  PPO update()        :      67.93 s  (  0.4%)
  Checkpoint saves    :       0.02 s  (  0.0%)
  Final evaluation    :     326.95 s  (  1.9%)
  Other / logging     :     128.72 s  (  0.7%)

==============================================
PER-CALL AVERAGES
==============================================
Policy inference      :   294564 calls |    0.937 ms/step
  final eval only     :     6554 calls |    0.869 ms/step
PPO update()          :      192 calls |  353.810 ms/update
Episode               :      400 eps   |   42.987 s/episode

update() share of wall clock: 0.4%
