Placing Sensors
[cost_lipschitz] encoder: L2 self-attention, tied qk, spectral c = 2.0. encoder Lipschitz bound = 1.080e+11
Placing Sensors
[Episode 1/900] Steps: 102 | Reward:  -17.48 | Battery:   0.00% | Loss: 
Placing Sensors
[Episode 2/900] Steps: 101 | Reward:  -17.52 | Battery:   0.00% | Loss: 
Placing Sensors
[Episode 3/900] Steps: 720 | Reward:   -8.07 | Battery:  30.32% | Loss: 
Placing Sensors
Policy -0.0064 | Value 0.0260 | KL 0.00292 | CF 0.0221 | Std 0.1054 | |a| 0.0089 | EV -0.452 | Rsd 0.276 | Res 0.350 | AE 0.836 | Alpha 0.9618 | MB 28/28
  cert | viol 0.858 | dV -0.096455 | V 0.2658 | inball 0.000 | a*_q05 -0.01784 | a*_q50 0.00432 | dV>=0 0.259 | n=150 | a_used 0.01000 -> 0.00950
  crit | n=1 | viol 0.989 | V 1.1002 | Vmin 0.8265 | agree +0.694 | a*_q05 -0.00500 | a*_q50 0.00006 | dV>=0 0.499 | beta 0.3043
  bell | direct viol 0.959 | direct dV>=0 0.505 | d_mean -0.00096 | d_std 0.00913 | d_q95 0.01593
[Episode 4/900] Steps: 720 | Reward:   -7.59 | Battery:  41.30% | Loss: 1.6546
Placing Sensors
[Episode 5/900] Steps: 720 | Reward:   -8.03 | Battery:  26.15% | Loss: 
Placing Sensors
[Episode 6/900] Steps:  71 | Reward:  -17.39 | Battery:   0.00% | Loss: 
Placing Sensors
[Episode 7/900] Steps: 150 | Reward:  -17.22 | Battery:   0.00% | Loss: 
Placing Sensors
[Episode 8/900] Steps:  73 | Reward:  -17.70 | Battery:   0.00% | Loss: 
Placing Sensors
[Episode 9/900] Steps:  79 | Reward:  -17.71 | Battery:   0.00% | Loss: 
Placing Sensors
Policy 0.0258 | Value 0.0377 | KL 0.00300 | CF 0.0288 | Std 0.1055 | |a| 0.0094 | EV +0.296 | Rsd 0.393 | Res 0.345 | AE 0.875 | Alpha 0.9214 | MB 32/32
  cert | viol 0.468 | dV -0.156193 | V 0.3114 | inball 0.136 | a*_q05 -0.01836 | a*_q50 0.01176 | dV>=0 0.229 | n=150 | a_used 0.00950 -> 0.00903
  crit | n=1 | viol 0.986 | V 1.2368 | Vmin 0.7588 | agree +0.658 | a*_q05 -0.00606 | a*_q50 0.00009 | dV>=0 0.493 | beta 0.3080
  bell | direct viol 0.886 | direct dV>=0 0.483 | d_mean +0.00076 | d_std 0.01978 | d_q95 0.02971
[Episode 10/900] Steps: 720 | Reward:   -6.94 | Battery:  40.39% | Loss: 1.7662
Placing Sensors
[Episode 11/900] Steps:  96 | Reward:  -17.54 | Battery:   0.00% | Loss: 
Placing Sensors
[Episode 12/900] Steps:  82 | Reward:  -17.71 | Battery:   0.00% | Loss: 
Placing Sensors
[Episode 13/900] Steps:  86 | Reward:  -17.58 | Battery:   0.00% | Loss: 
Placing Sensors
[Episode 14/900] Steps:  71 | Reward:  -17.66 | Battery:   0.00% | Loss: 
Placing Sensors
[Episode 15/900] Steps: 184 | Reward:  -16.83 | Battery:   0.00% | Loss: 
Placing Sensors
[Episode 16/900] Steps: 116 | Reward:  -17.53 | Battery:   0.00% | Loss: 
Placing Sensors
[Episode 17/900] Steps:  92 | Reward:  -17.52 | Battery:   0.00% | Loss: 
Placing Sensors
[Episode 18/900] Steps:  72 | Reward:  -17.79 | Battery:   0.00% | Loss: 
Placing Sensors
[Episode 19/900] Steps:  89 | Reward:  -17.67 | Battery:   0.00% | Loss: 
Placing Sensors
[Episode 20/900] Steps: 115 | Reward:  -17.47 | Battery:   0.00% | Loss: 
Placing Sensors
[Episode 21/900] Steps: 102 | Reward:  -17.43 | Battery:   0.00% | Loss: 
Placing Sensors
[Episode 22/900] Steps:  78 | Reward:  -17.75 | Battery:   0.00% | Loss: 
Placing Sensors
[Episode 23/900] Steps:  88 | Reward:  -17.48 | Battery:   0.00% | Loss: 
Placing Sensors
Policy -0.0054 | Value 0.0489 | KL 0.00321 | CF 0.0314 | Std 0.1056 | |a| 0.0105 | EV +0.438 | Rsd 0.493 | Res 0.476 | AE 0.760 | Alpha 0.8789 | MB 32/32
  cert | viol 0.733 | dV -0.118939 | V 0.3180 | inball 0.008 | a*_q05 -0.00522 | a*_q50 0.00400 | dV>=0 0.162 | n=150 | a_used 0.00903 -> 0.00857
  crit | n=1 | viol 0.989 | V 1.5891 | Vmin 0.8074 | agree +0.753 | a*_q05 -0.00587 | a*_q50 0.00082 | dV>=0 0.368 | beta 0.3115
  bell | direct viol 0.909 | direct dV>=0 0.533 | d_mean -0.00286 | d_std 0.02641 | d_q95 0.04189
[Episode 24/900] Steps: 720 | Reward:   -7.44 | Battery:  70.81% | Loss: 1.4928
Placing Sensors
[Episode 25/900] Steps:  97 | Reward:  -17.33 | Battery:   0.00% | Loss: 
Placing Sensors
[Episode 26/900] Steps:  75 | Reward:  -17.68 | Battery:   0.00% | Loss: 
Placing Sensors
[Episode 27/900] Steps: 134 | Reward:  -17.18 | Battery:   0.00% | Loss: 
Placing Sensors
[Episode 28/900] Steps:  71 | Reward:  -17.67 | Battery:   0.00% | Loss: 
Placing Sensors
[Episode 29/900] Steps: 156 | Reward:  -17.25 | Battery:   0.00% | Loss: 
Placing Sensors
[Episode 30/900] Steps:  88 | Reward:  -17.58 | Battery:   0.00% | Loss: 
Placing Sensors
[Episode 31/900] Steps: 720 | Reward:  -10.17 | Battery:  24.61% | Loss: 
Placing Sensors
Policy -0.0092 | Value 0.0199 | KL 0.00460 | CF 0.0554 | Std 0.1057 | |a| 0.0132 | EV +0.717 | Rsd 0.444 | Res 0.265 | AE 0.795 | Alpha 0.8494 | MB 24/24
  cert | viol 1.000 | dV -0.080684 | V 0.4028 | inball 0.000 | a*_q05 -0.00364 | a*_q50 0.00161 | dV>=0 0.305 | n=150 | a_used 0.00857 -> 0.00815
  crit | n=1 | viol 1.000 | V 1.7653 | Vmin 1.0928 | agree +0.613 | a*_q05 -0.00347 | a*_q50 -0.00015 | dV>=0 0.534 | beta 0.3189
  bell | direct viol 0.934 | direct dV>=0 0.534 | d_mean -0.00135 | d_std 0.02271 | d_q95 0.03216
[Episode 32/900] Steps: 102 | Reward:  -17.58 | Battery:   0.00% | Loss: 1.3995
Placing Sensors
[Episode 33/900] Steps: 103 | Reward:  -17.53 | Battery:   0.00% | Loss: 
Placing Sensors
[Episode 34/900] Steps:  85 | Reward:  -17.49 | Battery:   0.00% | Loss: 
Placing Sensors
[Episode 35/900] Steps:  82 | Reward:  -17.67 | Battery:   0.00% | Loss: 
Placing Sensors
[Episode 36/900] Steps: 135 | Reward:  -17.36 | Battery:   0.00% | Loss: 
Placing Sensors
[Episode 37/900] Steps: 720 | Reward:   -5.69 | Battery:  53.04% | Loss: 
Placing Sensors
[Episode 38/900] Steps: 110 | Reward:  -17.42 | Battery:   0.00% | Loss: 
Placing Sensors
[Episode 39/900] Steps:  75 | Reward:  -17.34 | Battery:   0.00% | Loss: 
Placing Sensors
[Episode 40/900] Steps: 103 | Reward:  -17.57 | Battery:   0.00% | Loss: 
Placing Sensors
Policy -0.0017 | Value 0.0238 | KL 0.00372 | CF 0.0384 | Std 0.1058 | |a| 0.0111 | EV +0.696 | Rsd 0.515 | Res 0.308 | AE 0.829 | Alpha 0.8076 | MB 36/36
  cert | viol 0.140 | dV -0.211593 | V 0.2680 | inball 0.231 | a*_q05 -0.00171 | a*_q50 0.02410 | dV>=0 0.038 | n=150 | a_used 0.00815 -> 0.00818
  crit | n=1 | viol 1.000 | V 1.5744 | Vmin 0.8671 | agree +0.772 | a*_q05 -0.00723 | a*_q50 -0.00180 | dV>=0 0.779 | beta 0.3231
  bell | direct viol 0.872 | direct dV>=0 0.491 | d_mean +0.00312 | d_std 0.02190 | d_q95 0.03941
[Episode 41/900] Steps: 720 | Reward:   -5.55 | Battery:  37.17% | Loss: 1.4488
Placing Sensors
[Episode 42/900] Steps:  62 | Reward:  -17.50 | Battery:   0.00% | Loss: 
Placing Sensors
[Episode 43/900] Steps: 720 | Reward:   -6.00 | Battery:  44.13% | Loss: 
Placing Sensors
[Episode 44/900] Steps: 140 | Reward:  -17.04 | Battery:   0.00% | Loss: 
Placing Sensors
Policy -0.0032 | Value 0.0148 | KL 0.00387 | CF 0.0420 | Std 0.1059 | |a| 0.0111 | EV +0.827 | Rsd 0.453 | Res 0.223 | AE 0.844 | Alpha 0.7767 | MB 28/28
  cert | viol 0.404 | dV -0.159984 | V 0.2358 | inball 0.092 | a*_q05 -0.00840 | a*_q50 0.00924 | dV>=0 0.095 | n=150 | a_used 0.00818 -> 0.00777
  crit | n=1 | viol 0.999 | V 1.3306 | Vmin 0.8814 | agree +0.608 | a*_q05 -0.00713 | a*_q50 -0.00252 | dV>=0 0.768 | beta 0.3268
  bell | direct viol 0.919 | direct dV>=0 0.479 | d_mean +0.00336 | d_std 0.02101 | d_q95 0.02632
[Episode 45/900] Steps: 720 | Reward:   -6.81 | Battery:  60.86% | Loss: 1.1731
Placing Sensors
[Episode 46/900] Steps: 159 | Reward:  -17.11 | Battery:   0.00% | Loss: 
Placing Sensors
[Episode 47/900] Steps:  96 | Reward:  -17.61 | Battery:   0.00% | Loss: 
Placing Sensors
[Episode 48/900] Steps: 720 | Reward:   -4.69 | Battery:  78.62% | Loss: 
Placing Sensors
Policy -0.0071 | Value 0.0182 | KL 0.00463 | CF 0.0499 | Std 0.1061 | |a| 0.0121 | EV +0.773 | Rsd 0.520 | Res 0.250 | AE 0.863 | Alpha 0.7462 | MB 28/28
  cert | viol 0.577 | dV -0.137713 | V 0.3714 | inball 0.181 | a*_q05 -0.01193 | a*_q50 0.00660 | dV>=0 0.260 | n=150 | a_used 0.00777 -> 0.00738
  crit | n=1 | viol 0.987 | V 1.3059 | Vmin 0.6351 | agree +0.694 | a*_q05 -0.00659 | a*_q50 -0.00024 | dV>=0 0.531 | beta 0.3254
  bell | direct viol 0.862 | direct dV>=0 0.498 | d_mean +0.00086 | d_std 0.01876 | d_q95 0.02793
[Episode 49/900] Steps: 720 | Reward:  -10.28 | Battery:  13.76% | Loss: 1.2391
Placing Sensors
[Episode 50/900] Steps: 720 | Reward:   -6.51 | Battery:  66.59% | Loss: 
Placing Sensors
[Episode 51/900] Steps: 105 | Reward:  -17.46 | Battery:   0.00% | Loss: 
Placing Sensors
Policy -0.0322 | Value 0.0199 | KL 0.00847 | CF 0.1056 | Std 0.1062 | |a| 0.0150 | EV +0.813 | Rsd 0.454 | Res 0.236 | AE 0.794 | Alpha 0.7194 | MB 28/28
  cert | viol 0.250 | dV -0.173681 | V 0.2528 | inball 0.189 | a*_q05 -0.01401 | a*_q50 0.01386 | dV>=0 0.082 | n=150 | a_used 0.00738 -> 0.00701
  crit | n=1 | viol 0.972 | V 1.2143 | Vmin 0.7224 | agree +0.420 | a*_q05 -0.00668 | a*_q50 -0.00185 | dV>=0 0.702 | beta 0.3256
  bell | direct viol 0.859 | direct dV>=0 0.457 | d_mean +0.00332 | d_std 0.02007 | d_q95 0.02750
[Episode 52/900] Steps: 720 | Reward:   -6.01 | Battery:  42.25% | Loss: 1.0406
Placing Sensors
[Episode 53/900] Steps: 720 | Reward:   -6.94 | Battery:  56.85% | Loss: 
Placing Sensors
Policy -0.0058 | Value 0.0093 | KL 0.00557 | CF 0.0620 | Std 0.1064 | |a| 0.0124 | EV +0.809 | Rsd 0.349 | Res 0.177 | AE 0.844 | Alpha 0.6952 | MB 24/24
  cert | viol 0.227 | dV -0.250797 | V 0.3650 | inball 0.251 | a*_q05 0.00054 | a*_q50 0.01790 | dV>=0 0.037 | n=150 | a_used 0.00701 -> 0.00609
  crit | n=1 | viol 0.949 | V 1.0764 | Vmin 0.6824 | agree +0.515 | a*_q05 -0.00713 | a*_q50 -0.00076 | dV>=0 0.551 | beta 0.3235
  bell | direct viol 0.884 | direct dV>=0 0.422 | d_mean +0.00176 | d_std 0.01656 | d_q95 0.02396
[Episode 54/900] Steps: 720 | Reward:   -6.37 | Battery:  75.34% | Loss: 1.1632
Placing Sensors
[Episode 55/900] Steps: 720 | Reward:   -4.69 | Battery:  38.73% | Loss: 
Placing Sensors
Policy -0.0027 | Value 0.0084 | KL 0.00647 | CF 0.0840 | Std 0.1065 | |a| 0.0141 | EV +0.850 | Rsd 0.316 | Res 0.158 | AE 0.851 | Alpha 0.6719 | MB 24/24
  cert | viol 0.169 | dV -0.208235 | V 0.2862 | inball 0.305 | a*_q05 -0.00258 | a*_q50 0.02034 | dV>=0 0.093 | n=150 | a_used 0.00609 -> 0.00578
  crit | n=1 | viol 0.953 | V 0.9720 | Vmin 0.6385 | agree +0.545 | a*_q05 -0.00693 | a*_q50 -0.00160 | dV>=0 0.625 | beta 0.3219
  bell | direct viol 0.845 | direct dV>=0 0.455 | d_mean +0.00172 | d_std 0.01473 | d_q95 0.01919
[Episode 56/900] Steps: 720 | Reward:   -6.52 | Battery:  62.70% | Loss: 1.1381
Placing Sensors
[Episode 57/900] Steps: 720 | Reward:   -4.42 | Battery:  83.65% | Loss: 
Placing Sensors
Policy -0.0029 | Value 0.0074 | KL 0.00846 | CF 0.1086 | Std 0.1066 | |a| 0.0146 | EV +0.847 | Rsd 0.281 | Res 0.123 | AE 0.873 | Alpha 0.6494 | MB 24/24
  cert | viol 0.229 | dV -0.227629 | V 0.3255 | inball 0.404 | a*_q05 0.00353 | a*_q50 0.01966 | dV>=0 0.001 | n=150 | a_used 0.00578 -> 0.00567
  crit | n=1 | viol 0.815 | V 0.8507 | Vmin 0.5508 | agree +0.542 | a*_q05 -0.00784 | a*_q50 0.00206 | dV>=0 0.390 | beta 0.3168
  bell | direct viol 0.795 | direct dV>=0 0.438 | d_mean +0.00017 | d_std 0.01463 | d_q95 0.02323
[Episode 58/900] Steps: 720 | Reward:   -6.33 | Battery:  67.17% | Loss: 1.0422
Placing Sensors
[Episode 59/900] Steps:  79 | Reward:  -17.67 | Battery:   0.00% | Loss: 
Placing Sensors
[Episode 60/900] Steps:  75 | Reward:  -17.60 | Battery:   0.00% | Loss: 
Placing Sensors
[Episode 61/900] Steps:  72 | Reward:  -17.65 | Battery:   0.00% | Loss: 
Placing Sensors
[Episode 62/900] Steps: 720 | Reward:   -5.80 | Battery:  82.01% | Loss: 
Placing Sensors
Policy -0.0019 | Value 0.0182 | KL 0.00517 | CF 0.0604 | Std 0.1068 | |a| 0.0142 | EV +0.726 | Rsd 0.493 | Res 0.261 | AE 0.797 | Alpha 0.6243 | MB 28/28
  cert | viol 0.224 | dV -0.232401 | V 0.3463 | inball 0.352 | a*_q05 0.00141 | a*_q50 0.02117 | dV>=0 0.015 | n=150 | a_used 0.00567 -> 0.00540
  crit | n=1 | viol 0.807 | V 0.9912 | Vmin 0.4780 | agree +0.712 | a*_q05 -0.00595 | a*_q50 0.00147 | dV>=0 0.382 | beta 0.3103
  bell | direct viol 0.782 | direct dV>=0 0.386 | d_mean -0.00001 | d_std 0.01712 | d_q95 0.02648
[Episode 63/900] Steps: 720 | Reward:   -5.67 | Battery:  53.54% | Loss: 1.1073
Placing Sensors
[Episode 64/900] Steps: 102 | Reward:  -17.46 | Battery:   0.00% | Loss: 
Placing Sensors
[Episode 65/900] Steps: 720 | Reward:   -8.52 | Battery:  30.48% | Loss: 
Placing Sensors
Policy -0.0365 | Value 0.0150 | KL 0.01376 | CF 0.1617 | Std 0.1070 | |a| 0.0188 | EV +0.802 | Rsd 0.489 | Res 0.218 | AE 0.796 | Alpha 0.6019 | MB 28/28
  cert | viol 0.312 | dV -0.194720 | V 0.3261 | inball 0.246 | a*_q05 -0.01509 | a*_q50 0.01351 | dV>=0 0.193 | n=150 | a_used 0.00540 -> 0.00544
  crit | n=1 | viol 0.823 | V 1.0568 | Vmin 0.4487 | agree +0.503 | a*_q05 -0.00538 | a*_q50 0.00090 | dV>=0 0.408 | beta 0.3091
  bell | direct viol 0.779 | direct dV>=0 0.381 | d_mean +0.00062 | d_std 0.01587 | d_q95 0.02327
[Episode 66/900] Steps: 720 | Reward:   -5.23 | Battery:  63.20% | Loss: 1.1852
Placing Sensors
[Episode 67/900] Steps: 720 | Reward:   -3.77 | Battery:  82.82% | Loss: 
Placing Sensors
[Episode 68/900] Steps:  97 | Reward:  -17.57 | Battery:   0.00% | Loss: 
Placing Sensors
Policy 0.0025 | Value 0.0273 | KL 0.01026 | CF 0.1299 | Std 0.1072 | |a| 0.0230 | EV +0.805 | Rsd 0.479 | Res 0.232 | AE 0.823 | Alpha 0.5803 | MB 24/28
  cert | viol 0.132 | dV -0.230063 | V 0.2921 | inball 0.442 | a*_q05 0.00028 | a*_q50 0.02929 | dV>=0 0.040 | n=150 | a_used 0.00544 -> 0.00512
  crit | n=1 | viol 0.948 | V 0.9596 | Vmin 0.4690 | agree +0.698 | a*_q05 -0.00769 | a*_q50 -0.00108 | dV>=0 0.589 | beta 0.3029
  bell | direct viol 0.724 | direct dV>=0 0.413 | d_mean +0.00321 | d_std 0.02122 | d_q95 0.03687
[Episode 69/900] Steps: 720 | Reward:   -5.35 | Battery:  55.49% | Loss: 0.9314
Placing Sensors
[Episode 70/900] Steps: 720 | Reward:   -6.65 | Battery:  44.85% | Loss: 
Placing Sensors
Policy -0.0035 | Value 0.0099 | KL 0.01034 | CF 0.1147 | Std 0.1074 | |a| 0.0291 | EV +0.792 | Rsd 0.363 | Res 0.178 | AE 0.805 | Alpha 0.5609 | MB 24/24
  cert | viol 0.398 | dV -0.156681 | V 0.2937 | inball 0.248 | a*_q05 -0.01299 | a*_q50 0.01086 | dV>=0 0.128 | n=150 | a_used 0.00512 -> 0.00486
  crit | n=1 | viol 0.877 | V 0.9886 | Vmin 0.4160 | agree +0.400 | a*_q05 -0.00670 | a*_q50 -0.00014 | dV>=0 0.518 | beta 0.2977
  bell | direct viol 0.729 | direct dV>=0 0.421 | d_mean +0.00171 | d_std 0.01706 | d_q95 0.02678
[Episode 71/900] Steps: 720 | Reward:   -5.93 | Battery:  63.33% | Loss: 1.0422
Placing Sensors
[Episode 72/900] Steps: 130 | Reward:  -17.39 | Battery:   0.00% | Loss: 
Placing Sensors
[Episode 73/900] Steps:  92 | Reward:  -17.31 | Battery:   0.00% | Loss: 
Placing Sensors
[Episode 74/900] Steps: 720 | Reward:   -4.91 | Battery:  78.61% | Loss: 
Placing Sensors
Policy -0.0022 | Value 0.0265 | KL 0.02089 | CF 0.2103 | Std 0.1076 | |a| 0.0255 | EV +0.730 | Rsd 0.490 | Res 0.259 | AE 0.812 | Alpha 0.5392 | MB 28/28
  cert | viol 0.211 | dV -0.230734 | V 0.3581 | inball 0.399 | a*_q05 -0.00110 | a*_q50 0.02295 | dV>=0 0.098 | n=150 | a_used 0.00486 -> 0.00462
  crit | n=1 | viol 0.713 | V 0.9196 | Vmin 0.3421 | agree +0.686 | a*_q05 -0.00625 | a*_q50 0.00229 | dV>=0 0.323 | beta 0.2913
  bell | direct viol 0.666 | direct dV>=0 0.389 | d_mean -0.00033 | d_std 0.02156 | d_q95 0.03459
[Episode 75/900] Steps: 720 | Reward:   -5.85 | Battery:  78.96% | Loss: 0.8915
Placing Sensors
[Episode 76/900] Steps: 720 | Reward:   -6.55 | Battery:  65.76% | Loss: 
Placing Sensors
[Episode 77/900] Steps: 144 | Reward:  -17.36 | Battery:   0.00% | Loss: 
Placing Sensors
Policy 0.0017 | Value 0.0162 | KL 0.01161 | CF 0.1321 | Std 0.1078 | |a| 0.0226 | EV +0.878 | Rsd 0.553 | Res 0.194 | AE 0.816 | Alpha 0.5194 | MB 28/28
  cert | viol 0.121 | dV -0.284145 | V 0.4086 | inball 0.400 | a*_q05 0.00072 | a*_q50 0.02428 | dV>=0 0.045 | n=150 | a_used 0.00462 -> 0.00458
  crit | n=1 | viol 0.736 | V 0.9623 | Vmin 0.3587 | agree +0.642 | a*_q05 -0.00555 | a*_q50 0.00169 | dV>=0 0.338 | beta 0.2858
  bell | direct viol 0.671 | direct dV>=0 0.379 | d_mean +0.00135 | d_std 0.03056 | d_q95 0.04088
[Episode 78/900] Steps: 720 | Reward:   -4.81 | Battery:  74.34% | Loss: 1.0295
Placing Sensors
[Episode 79/900] Steps: 101 | Reward:  -17.50 | Battery:   0.00% | Loss: 
Placing Sensors
[Episode 80/900] Steps: 140 | Reward:  -17.06 | Battery:   0.00% | Loss: 
Placing Sensors
[Episode 81/900] Steps:  92 | Reward:  -17.60 | Battery:   0.00% | Loss: 
Placing Sensors
[Episode 82/900] Steps:  79 | Reward:  -17.63 | Battery:   0.00% | Loss: 
Placing Sensors
[Episode 83/900] Steps: 720 | Reward:   -4.81 | Battery:  84.76% | Loss: 
Placing Sensors
[Episode 84/900] Steps:  97 | Reward:  -17.39 | Battery:   0.00% | Loss: 
Placing Sensors
Policy -0.0005 | Value 0.0243 | KL 0.01353 | CF 0.1581 | Std 0.1080 | |a| 0.0353 | EV +0.788 | Rsd 0.595 | Res 0.276 | AE 0.837 | Alpha 0.4959 | MB 32/32
  cert | viol 0.125 | dV -0.271358 | V 0.3562 | inball 0.359 | a*_q05 0.00278 | a*_q50 0.02810 | dV>=0 0.000 | n=150 | a_used 0.00458 -> 0.00451
  crit | n=1 | viol 0.863 | V 1.1499 | Vmin 0.4213 | agree +0.764 | a*_q05 -0.00763 | a*_q50 0.00052 | dV>=0 0.422 | beta 0.2820
  bell | direct viol 0.690 | direct dV>=0 0.388 | d_mean +0.00106 | d_std 0.02086 | d_q95 0.03250
[Episode 85/900] Steps: 720 | Reward:   -5.38 | Battery:  73.20% | Loss: 0.8310
Placing Sensors
[Episode 86/900] Steps: 720 | Reward:   -5.61 | Battery:  65.31% | Loss: 
Placing Sensors
[Episode 87/900] Steps:  96 | Reward:  -17.62 | Battery:   0.00% | Loss: 
Placing Sensors
Policy -0.0042 | Value 0.0129 | KL 0.01576 | CF 0.1709 | Std 0.1083 | |a| 0.0287 | EV +0.840 | Rsd 0.478 | Res 0.195 | AE 0.826 | Alpha 0.4782 | MB 24/24
  cert | viol 0.064 | dV -0.236951 | V 0.2981 | inball 0.326 | a*_q05 0.00415 | a*_q50 0.02336 | dV>=0 0.000 | n=150 | a_used 0.00451 -> 0.00441
  crit | n=1 | viol 0.897 | V 0.9603 | Vmin 0.4233 | agree +0.615 | a*_q05 -0.00638 | a*_q50 0.00008 | dV>=0 0.496 | beta 0.2744
  bell | direct viol 0.642 | direct dV>=0 0.435 | d_mean +0.00089 | d_std 0.02711 | d_q95 0.03781
[Episode 88/900] Steps: 720 | Reward:   -5.42 | Battery:  66.29% | Loss: 0.7133
Placing Sensors
[Episode 89/900] Steps: 720 | Reward:   -6.43 | Battery:  77.32% | Loss: 
Placing Sensors
[Episode 90/900] Steps:  62 | Reward:  -17.71 | Battery:   0.00% | Loss: 
Placing Sensors
Policy 0.0021 | Value 0.0158 | KL 0.01307 | CF 0.1648 | Std 0.1085 | |a| 0.0234 | EV +0.864 | Rsd 0.499 | Res 0.189 | AE 0.851 | Alpha 0.4615 | MB 24/24
  cert | viol 0.196 | dV -0.236871 | V 0.3623 | inball 0.245 | a*_q05 -0.00098 | a*_q50 0.01593 | dV>=0 0.091 | n=150 | a_used 0.00441 -> 0.00419
  crit | n=1 | viol 0.672 | V 0.9081 | Vmin 0.3887 | agree +0.525 | a*_q05 -0.00674 | a*_q50 0.00213 | dV>=0 0.352 | beta 0.2676
  bell | direct viol 0.675 | direct dV>=0 0.445 | d_mean -0.00160 | d_std 0.02226 | d_q95 0.04061
[Episode 91/900] Steps: 720 | Reward:   -6.58 | Battery:  54.45% | Loss: 0.7746
Placing Sensors
[Episode 92/900] Steps:  96 | Reward:  -17.52 | Battery:   0.00% | Loss: 
Placing Sensors
[Episode 93/900] Steps: 720 | Reward:   -5.48 | Battery:  68.59% | Loss: 
Placing Sensors
[Episode 94/900] Steps: 129 | Reward:  -17.29 | Battery:   0.00% | Loss: 
Placing Sensors
Policy 0.0085 | Value 0.0405 | KL 0.02082 | CF 0.1848 | Std 0.1087 | |a| 0.0193 | EV +0.765 | Rsd 0.553 | Res 0.268 | AE 0.844 | Alpha 0.4436 | MB 14/28
  cert | viol 0.091 | dV -0.288001 | V 0.3745 | inball 0.387 | a*_q05 0.00117 | a*_q50 0.02552 | dV>=0 0.053 | n=150 | a_used 0.00419 -> 0.00372
  crit | n=1 | viol 0.804 | V 0.9655 | Vmin 0.3672 | agree +0.768 | a*_q05 -0.00731 | a*_q50 0.00094 | dV>=0 0.415 | beta 0.2622
  bell | direct viol 0.657 | direct dV>=0 0.463 | d_mean +0.00112 | d_std 0.02257 | d_q95 0.04497
[Episode 95/900] Steps: 720 | Reward:   -5.14 | Battery:  78.29% | Loss: 0.8641
Placing Sensors
[Episode 96/900] Steps:  84 | Reward:  -17.70 | Battery:   0.00% | Loss: 
Placing Sensors
[Episode 97/900] Steps: 720 | Reward:   -6.59 | Battery:  56.96% | Loss: 
Placing Sensors
Policy 0.0007 | Value 0.0223 | KL 0.01246 | CF 0.1677 | Std 0.1088 | |a| 0.0271 | EV +0.881 | Rsd 0.498 | Res 0.173 | AE 0.873 | Alpha 0.4279 | MB 24/24
  cert | viol 0.283 | dV -0.227876 | V 0.3885 | inball 0.278 | a*_q05 -0.00571 | a*_q50 0.01422 | dV>=0 0.202 | n=150 | a_used 0.00372 -> 0.00353
  crit | n=1 | viol 0.662 | V 0.9672 | Vmin 0.4325 | agree +0.550 | a*_q05 -0.00653 | a*_q50 0.00072 | dV>=0 0.456 | beta 0.2600
  bell | direct viol 0.664 | direct dV>=0 0.404 | d_mean -0.00049 | d_std 0.02484 | d_q95 0.03353
[Episode 98/900] Steps: 720 | Reward:   -6.46 | Battery:  66.54% | Loss: 0.8433
Placing Sensors
[Episode 99/900] Steps: 720 | Reward:   -5.50 | Battery:  64.38% | Loss: 
Placing Sensors
[Episode 100/900] Steps: 142 | Reward:  -17.36 | Battery:   0.00% | Loss: 
Placing Sensors
Policy 0.0078 | Value 0.0200 | KL 0.01401 | CF 0.1555 | Std 0.1090 | |a| 0.0175 | EV +0.854 | Rsd 0.509 | Res 0.194 | AE 0.816 | Alpha 0.4122 | MB 28/28
  cert | viol 0.104 | dV -0.243276 | V 0.3297 | inball 0.289 | a*_q05 0.00128 | a*_q50 0.02274 | dV>=0 0.039 | n=150 | a_used 0.00353 -> 0.00335
  crit | n=1 | viol 0.779 | V 1.0059 | Vmin 0.4289 | agree +0.598 | a*_q05 -0.00714 | a*_q50 0.00017 | dV>=0 0.491 | beta 0.2562
  bell | direct viol 0.663 | direct dV>=0 0.449 | d_mean +0.00117 | d_std 0.02757 | d_q95 0.04285
[Episode 101/900] Steps: 720 | Reward:   -6.44 | Battery:  59.31% | Loss: 0.8056
Placing Sensors
[Episode 102/900] Steps: 720 | Reward:   -6.34 | Battery:  81.64% | Loss: 
Placing Sensors
Policy -0.0036 | Value 0.0182 | KL 0.00984 | CF 0.1318 | Std 0.1092 | |a| 0.0214 | EV +0.875 | Rsd 0.418 | Res 0.158 | AE 0.903 | Alpha 0.3984 | MB 24/24
  cert | viol 0.092 | dV -0.277144 | V 0.4059 | inball 0.437 | a*_q05 0.00151 | a*_q50 0.02182 | dV>=0 0.029 | n=150 | a_used 0.00335 -> 0.00308
  crit | n=1 | viol 0.633 | V 0.9359 | Vmin 0.4310 | agree +0.514 | a*_q05 -0.00712 | a*_q50 0.00140 | dV>=0 0.382 | beta 0.2539
  bell | direct viol 0.594 | direct dV>=0 0.389 | d_mean +0.00050 | d_std 0.02161 | d_q95 0.03150
[Episode 103/900] Steps: 720 | Reward:   -5.49 | Battery:  69.90% | Loss: 0.7347
Placing Sensors
[Episode 104/900] Steps: 131 | Reward:  -17.29 | Battery:   0.00% | Loss: 
Placing Sensors
[Episode 105/900] Steps:  96 | Reward:  -17.61 | Battery:   0.00% | Loss: 
Placing Sensors
[Episode 106/900] Steps: 122 | Reward:  -17.41 | Battery:   0.00% | Loss: 
Placing Sensors
[Episode 107/900] Steps: 720 | Reward:   -5.77 | Battery:  71.50% | Loss: 
Placing Sensors
[Episode 108/900] Steps:  96 | Reward:  -17.47 | Battery:   0.00% | Loss: 
Placing Sensors
[Episode 109/900] Steps:  65 | Reward:  -17.56 | Battery:   0.00% | Loss: 
Placing Sensors
Policy -0.0012 | Value 0.0249 | KL 0.00896 | CF 0.1113 | Std 0.1095 | |a| 0.0204 | EV +0.837 | Rsd 0.613 | Res 0.258 | AE 0.828 | Alpha 0.3804 | MB 32/32
  cert | viol 0.181 | dV -0.248269 | V 0.3856 | inball 0.307 | a*_q05 -0.00000 | a*_q50 0.02233 | dV>=0 0.047 | n=150 | a_used 0.00308 -> 0.00286
  crit | n=1 | viol 0.661 | V 1.1637 | Vmin 0.3808 | agree +0.673 | a*_q05 -0.00466 | a*_q50 0.00151 | dV>=0 0.285 | beta 0.2495
  bell | direct viol 0.627 | direct dV>=0 0.458 | d_mean -0.00059 | d_std 0.03393 | d_q95 0.05041
[Episode 110/900] Steps: 720 | Reward:   -6.23 | Battery:  69.69% | Loss: 0.6209
Placing Sensors
[Episode 111/900] Steps: 720 | Reward:   -6.46 | Battery:  52.78% | Loss: 
Placing Sensors
[Episode 112/900] Steps:  83 | Reward:  -17.69 | Battery:   0.00% | Loss: 
Placing Sensors
[Episode 113/900] Steps: 122 | Reward:  -17.30 | Battery:   0.00% | Loss: 
Placing Sensors
Policy -0.0124 | Value 0.0240 | KL 0.01243 | CF 0.1686 | Std 0.1097 | |a| 0.0195 | EV +0.791 | Rsd 0.532 | Res 0.243 | AE 0.865 | Alpha 0.3658 | MB 28/28
  cert | viol 0.110 | dV -0.215695 | V 0.3206 | inball 0.236 | a*_q05 -0.00301 | a*_q50 0.01472 | dV>=0 0.041 | n=150 | a_used 0.00286 -> 0.00272
  crit | n=1 | viol 0.753 | V 1.1354 | Vmin 0.4393 | agree +0.648 | a*_q05 -0.00494 | a*_q50 0.00046 | dV>=0 0.437 | beta 0.2488
  bell | direct viol 0.625 | direct dV>=0 0.438 | d_mean +0.00028 | d_std 0.02324 | d_q95 0.03056
[Episode 114/900] Steps: 720 | Reward:   -6.39 | Battery:  58.75% | Loss: 0.5203
Placing Sensors
[Episode 115/900] Steps:  98 | Reward:  -17.44 | Battery:   0.00% | Loss: 
Placing Sensors
[Episode 116/900] Steps:  88 | Reward:  -17.54 | Battery:   0.00% | Loss: 
Placing Sensors
[Episode 117/900] Steps: 720 | Reward:   -6.56 | Battery:  62.60% | Loss: 
Placing Sensors
Policy 0.0017 | Value 0.0158 | KL 0.00740 | CF 0.0874 | Std 0.1099 | |a| 0.0177 | EV +0.859 | Rsd 0.559 | Res 0.212 | AE 0.832 | Alpha 0.3520 | MB 28/28
  cert | viol 0.119 | dV -0.292726 | V 0.4239 | inball 0.378 | a*_q05 0.00061 | a*_q50 0.02354 | dV>=0 0.037 | n=150 | a_used 0.00272 -> 0.00259
  crit | n=1 | viol 0.582 | V 1.0851 | Vmin 0.4258 | agree +0.582 | a*_q05 -0.00602 | a*_q50 0.00157 | dV>=0 0.377 | beta 0.2474
  bell | direct viol 0.527 | direct dV>=0 0.364 | d_mean +0.00095 | d_std 0.02180 | d_q95 0.04159
[Episode 118/900] Steps: 720 | Reward:   -5.96 | Battery:  72.34% | Loss: 0.7101
Placing Sensors
[Episode 119/900] Steps: 165 | Reward:  -17.12 | Battery:   0.00% | Loss: 
Placing Sensors
[Episode 120/900] Steps:  67 | Reward:  -17.68 | Battery:   0.00% | Loss: 
Placing Sensors
[Episode 121/900] Steps: 720 | Reward:   -4.61 | Battery:  57.64% | Loss: 
Placing Sensors
Policy -0.0037 | Value 0.0290 | KL 0.00867 | CF 0.0910 | Std 0.1101 | |a| 0.0163 | EV +0.689 | Rsd 0.526 | Res 0.294 | AE 0.853 | Alpha 0.3383 | MB 28/28
  cert | viol 0.147 | dV -0.202647 | V 0.3296 | inball 0.278 | a*_q05 -0.00027 | a*_q50 0.02085 | dV>=0 0.063 | n=150 | a_used 0.00259 -> 0.00255
  crit | n=1 | viol 0.717 | V 1.1314 | Vmin 0.4348 | agree +0.571 | a*_q05 -0.00674 | a*_q50 0.00057 | dV>=0 0.448 | beta 0.2452
  bell | direct viol 0.537 | direct dV>=0 0.391 | d_mean +0.00121 | d_std 0.02132 | d_q95 0.03932
[Episode 122/900] Steps: 720 | Reward:   -7.50 | Battery:  58.87% | Loss: 0.6130
Placing Sensors
[Episode 123/900] Steps: 720 | Reward:   -6.13 | Battery:  54.85% | Loss: 
Placing Sensors
[Episode 124/900] Steps:  86 | Reward:  -17.55 | Battery:   0.00% | Loss: 
Placing Sensors
Policy -0.0017 | Value 0.0139 | KL 0.00421 | CF 0.0492 | Std 0.1103 | |a| 0.0146 | EV +0.847 | Rsd 0.477 | Res 0.193 | AE 0.887 | Alpha 0.3263 | MB 24/24
  cert | viol 0.132 | dV -0.197163 | V 0.3230 | inball 0.290 | a*_q05 -0.00048 | a*_q50 0.01522 | dV>=0 0.075 | n=150 | a_used 0.00255 -> 0.00242
  crit | n=1 | viol 0.715 | V 1.0606 | Vmin 0.4662 | agree +0.613 | a*_q05 -0.00612 | a*_q50 0.00042 | dV>=0 0.462 | beta 0.2428
  bell | direct viol 0.557 | direct dV>=0 0.387 | d_mean +0.00176 | d_std 0.01544 | d_q95 0.02785
[Episode 125/900] Steps: 720 | Reward:   -6.34 | Battery:  68.45% | Loss: 0.5749
Placing Sensors
[Episode 126/900] Steps: 720 | Reward:   -5.73 | Battery:  51.93% | Loss: 
Placing Sensors
Policy -0.0068 | Value 0.0098 | KL 0.00887 | CF 0.1123 | Std 0.1105 | |a| 0.0196 | EV +0.829 | Rsd 0.386 | Res 0.161 | AE 0.848 | Alpha 0.3154 | MB 24/24
  cert | viol 0.340 | dV -0.091840 | V 0.2452 | inball 0.102 | a*_q05 -0.01504 | a*_q50 0.00556 | dV>=0 0.259 | n=150 | a_used 0.00242 -> 0.00230
  crit | n=1 | viol 0.734 | V 1.0502 | Vmin 0.4694 | agree +0.468 | a*_q05 -0.00653 | a*_q50 -0.00004 | dV>=0 0.509 | beta 0.2421
  bell | direct viol 0.599 | direct dV>=0 0.439 | d_mean +0.00072 | d_std 0.01821 | d_q95 0.03059
[Episode 127/900] Steps: 720 | Reward:   -8.67 | Battery:  18.89% | Loss: 0.5532
Placing Sensors
[Episode 128/900] Steps: 720 | Reward:   -4.58 | Battery:  86.53% | Loss: 
Placing Sensors
Policy -0.0026 | Value 0.0107 | KL 0.00659 | CF 0.0785 | Std 0.1107 | |a| 0.0163 | EV +0.890 | Rsd 0.403 | Res 0.164 | AE 0.892 | Alpha 0.3048 | MB 24/24
  cert | viol 0.046 | dV -0.267473 | V 0.3257 | inball 0.553 | a*_q05 0.00340 | a*_q50 0.02930 | dV>=0 0.005 | n=150 | a_used 0.00230 -> 0.00243
  crit | n=1 | viol 0.663 | V 0.7785 | Vmin 0.3832 | agree +0.676 | a*_q05 -0.00702 | a*_q50 0.00072 | dV>=0 0.425 | beta 0.2382
  bell | direct viol 0.455 | direct dV>=0 0.308 | d_mean +0.00296 | d_std 0.01605 | d_q95 0.02529
[Episode 129/900] Steps: 720 | Reward:   -4.23 | Battery:  77.19% | Loss: 0.4404
Placing Sensors
[Episode 130/900] Steps: 720 | Reward:   -4.76 | Battery:  74.79% | Loss: 
Placing Sensors
Policy -0.0043 | Value 0.0072 | KL 0.00629 | CF 0.0762 | Std 0.1108 | |a| 0.0130 | EV +0.876 | Rsd 0.358 | Res 0.146 | AE 0.851 | Alpha 0.2946 | MB 24/24
  cert | viol 0.041 | dV -0.257122 | V 0.3177 | inball 0.489 | a*_q05 0.00385 | a*_q50 0.03026 | dV>=0 0.007 | n=150 | a_used 0.00243 -> 0.00251
  crit | n=1 | viol 0.720 | V 0.8363 | Vmin 0.4011 | agree +0.508 | a*_q05 -0.00802 | a*_q50 -0.00014 | dV>=0 0.510 | beta 0.2364
  bell | direct viol 0.501 | direct dV>=0 0.374 | d_mean +0.00218 | d_std 0.01567 | d_q95 0.02943
[Episode 131/900] Steps: 720 | Reward:   -5.03 | Battery:  77.09% | Loss: 0.3093
Placing Sensors
[Episode 132/900] Steps: 117 | Reward:  -17.35 | Battery:   0.00% | Loss: 
Placing Sensors
[Episode 133/900] Steps:  72 | Reward:  -17.69 | Battery:   0.00% | Loss: 
Placing Sensors
[Episode 134/900] Steps: 720 | Reward:   -4.73 | Battery:  64.74% | Loss: 
Placing Sensors
Policy -0.0033 | Value 0.0207 | KL 0.00735 | CF 0.0878 | Std 0.1110 | |a| 0.0211 | EV +0.815 | Rsd 0.467 | Res 0.208 | AE 0.841 | Alpha 0.2834 | MB 28/28
  cert | viol 0.192 | dV -0.173528 | V 0.3000 | inball 0.215 | a*_q05 -0.00318 | a*_q50 0.00629 | dV>=0 0.111 | n=150 | a_used 0.00251 -> 0.00238
  crit | n=1 | viol 0.581 | V 0.9634 | Vmin 0.4602 | agree +0.710 | a*_q05 -0.00573 | a*_q50 0.00148 | dV>=0 0.387 | beta 0.2363
  bell | direct viol 0.519 | direct dV>=0 0.389 | d_mean -0.00049 | d_std 0.02308 | d_q95 0.04003
[Episode 135/900] Steps: 720 | Reward:   -7.72 | Battery:  51.95% | Loss: 0.5525
Placing Sensors
[Episode 136/900] Steps: 720 | Reward:   -4.01 | Battery:  62.70% | Loss: 
Placing Sensors
Policy 0.0011 | Value 0.0130 | KL 0.00903 | CF 0.1094 | Std 0.1112 | |a| 0.0194 | EV +0.783 | Rsd 0.391 | Res 0.190 | AE 0.874 | Alpha 0.2739 | MB 24/24
  cert | viol 0.040 | dV -0.249525 | V 0.2979 | inball 0.392 | a*_q05 0.00043 | a*_q50 0.02816 | dV>=0 0.036 | n=150 | a_used 0.00238 -> 0.00237
  crit | n=1 | viol 0.834 | V 0.8908 | Vmin 0.4606 | agree +0.578 | a*_q05 -0.00714 | a*_q50 -0.00138 | dV>=0 0.639 | beta 0.2352
  bell | direct viol 0.503 | direct dV>=0 0.391 | d_mean +0.00110 | d_std 0.02384 | d_q95 0.04106
[Episode 137/900] Steps: 720 | Reward:   -6.51 | Battery:  42.19% | Loss: 0.5680
Placing Sensors
[Episode 138/900] Steps: 720 | Reward:   -6.98 | Battery:  57.96% | Loss: 
Placing Sensors
[Episode 139/900] Steps:  86 | Reward:  -17.49 | Battery:   0.00% | Loss: 
Placing Sensors
[Episode 140/900] Steps: 123 | Reward:  -17.39 | Battery:   0.00% | Loss: 
Placing Sensors
Policy 0.0072 | Value 0.0231 | KL 0.01053 | CF 0.1199 | Std 0.1114 | |a| 0.0186 | EV +0.781 | Rsd 0.501 | Res 0.238 | AE 0.852 | Alpha 0.2634 | MB 28/28
  cert | viol 0.183 | dV -0.210612 | V 0.3061 | inball 0.264 | a*_q05 -0.01013 | a*_q50 0.01150 | dV>=0 0.119 | n=150 | a_used 0.00237 -> 0.00226
  crit | n=1 | viol 0.523 | V 0.9326 | Vmin 0.4262 | agree +0.681 | a*_q05 -0.00609 | a*_q50 0.00212 | dV>=0 0.341 | beta 0.2340
  bell | direct viol 0.538 | direct dV>=0 0.430 | d_mean -0.00049 | d_std 0.02635 | d_q95 0.04336
[Episode 141/900] Steps: 720 | Reward:   -5.09 | Battery:  80.42% | Loss: 0.3950
Placing Sensors
[Episode 142/900] Steps: 720 | Reward:   -6.04 | Battery:  72.50% | Loss: 
Placing Sensors
Policy -0.0022 | Value 0.0102 | KL 0.00493 | CF 0.0526 | Std 0.1116 | |a| 0.0237 | EV +0.879 | Rsd 0.392 | Res 0.138 | AE 0.902 | Alpha 0.2546 | MB 24/24
  cert | viol 0.091 | dV -0.209844 | V 0.3215 | inball 0.407 | a*_q05 0.00004 | a*_q50 0.01702 | dV>=0 0.058 | n=150 | a_used 0.00226 -> 0.00220
  crit | n=1 | viol 0.475 | V 0.8702 | Vmin 0.4302 | agree +0.252 | a*_q05 -0.00577 | a*_q50 0.00243 | dV>=0 0.279 | beta 0.2321
  bell | direct viol 0.530 | direct dV>=0 0.382 | d_mean -0.00031 | d_std 0.01898 | d_q95 0.03351
[Episode 143/900] Steps: 720 | Reward:   -5.12 | Battery:  69.98% | Loss: 0.4003
Placing Sensors
[Episode 144/900] Steps: 720 | Reward:   -6.13 | Battery:  81.45% | Loss: 
Placing Sensors
Policy -0.0059 | Value 0.0086 | KL 0.00919 | CF 0.1109 | Std 0.1117 | |a| 0.0246 | EV +0.875 | Rsd 0.351 | Res 0.129 | AE 0.909 | Alpha 0.2461 | MB 24/24
  cert | viol 0.139 | dV -0.204088 | V 0.3364 | inball 0.380 | a*_q05 -0.00084 | a*_q50 0.02086 | dV>=0 0.071 | n=150 | a_used 0.00220 -> 0.00209
  crit | n=1 | viol 0.480 | V 0.7720 | Vmin 0.3801 | agree +0.570 | a*_q05 -0.00487 | a*_q50 0.00249 | dV>=0 0.310 | beta 0.2295
  bell | direct viol 0.507 | direct dV>=0 0.391 | d_mean -0.00098 | d_std 0.02264 | d_q95 0.03745
[Episode 145/900] Steps: 720 | Reward:   -5.45 | Battery:  66.57% | Loss: 0.4131
Placing Sensors
[Episode 146/900] Steps: 720 | Reward:   -5.91 | Battery:  68.66% | Loss: 
Placing Sensors
[Episode 147/900] Steps:  96 | Reward:  -17.46 | Battery:   0.00% | Loss: 
Placing Sensors
Policy -0.0047 | Value 0.0119 | KL 0.01267 | CF 0.1540 | Std 0.1119 | |a| 0.0250 | EV +0.841 | Rsd 0.459 | Res 0.184 | AE 0.846 | Alpha 0.2373 | MB 24/24
  cert | viol 0.083 | dV -0.221866 | V 0.3530 | inball 0.342 | a*_q05 0.00089 | a*_q50 0.01500 | dV>=0 0.035 | n=150 | a_used 0.00209 -> 0.00193
  crit | n=1 | viol 0.453 | V 0.9484 | Vmin 0.4147 | agree +0.606 | a*_q05 -0.00599 | a*_q50 0.00278 | dV>=0 0.288 | beta 0.2283
  bell | direct viol 0.476 | direct dV>=0 0.373 | d_mean +0.00015 | d_std 0.01919 | d_q95 0.03263
[Episode 148/900] Steps: 720 | Reward:   -6.58 | Battery:  74.64% | Loss: 0.2799
Placing Sensors
[Episode 149/900] Steps: 720 | Reward:   -5.57 | Battery:  42.91% | Loss: 
Placing Sensors
Policy -0.0007 | Value 0.0085 | KL 0.00744 | CF 0.0904 | Std 0.1120 | |a| 0.0202 | EV +0.885 | Rsd 0.398 | Res 0.139 | AE 0.885 | Alpha 0.2293 | MB 24/24
  cert | viol 0.095 | dV -0.212389 | V 0.3014 | inball 0.385 | a*_q05 -0.01302 | a*_q50 0.02258 | dV>=0 0.068 | n=150 | a_used 0.00193 -> 0.00183
  crit | n=1 | viol 0.648 | V 0.8504 | Vmin 0.4226 | agree +0.500 | a*_q05 -0.00684 | a*_q50 0.00016 | dV>=0 0.483 | beta 0.2268
  bell | direct viol 0.466 | direct dV>=0 0.379 | d_mean +0.00094 | d_std 0.01832 | d_q95 0.02879
[Episode 150/900] Steps: 720 | Reward:   -5.49 | Battery:  78.30% | Loss: 0.4320
Placing Sensors
[Episode 151/900] Steps: 720 | Reward:   -5.09 | Battery:  62.82% | Loss: 
Placing Sensors
[Episode 152/900] Steps: 127 | Reward:  -17.37 | Battery:   0.00% | Loss: 
Placing Sensors
Policy -0.0216 | Value 0.0126 | KL 0.01026 | CF 0.1116 | Std 0.1122 | |a| 0.0196 | EV +0.839 | Rsd 0.446 | Res 0.179 | AE 0.875 | Alpha 0.2210 | MB 28/28
  cert | viol 0.015 | dV -0.251771 | V 0.3148 | inball 0.373 | a*_q05 0.00457 | a*_q50 0.02469 | dV>=0 0.000 | n=150 | a_used 0.00183 -> 0.00195
  crit | n=1 | viol 0.632 | V 0.8430 | Vmin 0.3667 | agree +0.722 | a*_q05 -0.00637 | a*_q50 0.00025 | dV>=0 0.479 | beta 0.2235
  bell | direct viol 0.493 | direct dV>=0 0.414 | d_mean +0.00095 | d_std 0.02472 | d_q95 0.04459
[Episode 153/900] Steps: 720 | Reward:   -5.29 | Battery:  74.64% | Loss: 0.1878
Placing Sensors
[Episode 154/900] Steps:  92 | Reward:  -17.38 | Battery:   0.00% | Loss: 
Placing Sensors
[Episode 155/900] Steps: 720 | Reward:   -5.33 | Battery:  65.93% | Loss: 
Placing Sensors
[Episode 156/900] Steps:  99 | Reward:  -17.51 | Battery:   0.00% | Loss: 
Placing Sensors
[Episode 157/900] Steps:  76 | Reward:  -17.65 | Battery:   0.00% | Loss: 
Placing Sensors
Policy 0.0058 | Value 0.0166 | KL 0.00688 | CF 0.0799 | Std 0.1123 | |a| 0.0228 | EV +0.884 | Rsd 0.583 | Res 0.207 | AE 0.849 | Alpha 0.2122 | MB 28/28
  cert | viol 0.144 | dV -0.250063 | V 0.3930 | inball 0.356 | a*_q05 -0.00161 | a*_q50 0.02490 | dV>=0 0.113 | n=150 | a_used 0.00195 -> 0.00186
  crit | n=1 | viol 0.486 | V 1.0376 | Vmin 0.4058 | agree +0.594 | a*_q05 -0.00566 | a*_q50 0.00222 | dV>=0 0.337 | beta 0.2233
  bell | direct viol 0.507 | direct dV>=0 0.405 | d_mean -0.00185 | d_std 0.03495 | d_q95 0.05356
[Episode 158/900] Steps: 720 | Reward:   -6.50 | Battery:  70.10% | Loss: 0.3741
Placing Sensors
[Episode 159/900] Steps: 720 | Reward:   -4.72 | Battery:  72.22% | Loss: 
Placing Sensors
Policy -0.0113 | Value 0.0105 | KL 0.01102 | CF 0.1414 | Std 0.1125 | |a| 0.0187 | EV +0.869 | Rsd 0.403 | Res 0.146 | AE 0.885 | Alpha 0.2051 | MB 24/24
  cert | viol 0.130 | dV -0.208090 | V 0.3257 | inball 0.348 | a*_q05 -0.00052 | a*_q50 0.01563 | dV>=0 0.075 | n=150 | a_used 0.00186 -> 0.00176
  crit | n=1 | viol 0.499 | V 0.8253 | Vmin 0.3779 | agree +0.336 | a*_q05 -0.00680 | a*_q50 0.00189 | dV>=0 0.371 | beta 0.2220
  bell | direct viol 0.474 | direct dV>=0 0.381 | d_mean -0.00020 | d_std 0.02384 | d_q95 0.03995
[Episode 160/900] Steps: 720 | Reward:   -6.66 | Battery:  62.10% | Loss: 0.4379
Placing Sensors
[Episode 161/900] Steps: 720 | Reward:   -5.81 | Battery:  74.16% | Loss: 
Placing Sensors
Policy 0.0014 | Value 0.0063 | KL 0.01078 | CF 0.1384 | Std 0.1126 | |a| 0.0210 | EV +0.944 | Rsd 0.383 | Res 0.096 | AE 0.843 | Alpha 0.1982 | MB 24/24
  cert | viol 0.070 | dV -0.237779 | V 0.3325 | inball 0.369 | a*_q05 0.00154 | a*_q50 0.02178 | dV>=0 0.010 | n=150 | a_used 0.00176 -> 0.00169
  crit | n=1 | viol 0.476 | V 0.8592 | Vmin 0.3823 | agree +0.524 | a*_q05 -0.00635 | a*_q50 0.00201 | dV>=0 0.371 | beta 0.2207
  bell | direct viol 0.467 | direct dV>=0 0.398 | d_mean +0.00033 | d_std 0.01944 | d_q95 0.03309
[Episode 162/900] Steps: 720 | Reward:   -5.89 | Battery:  66.95% | Loss: 0.2744
Placing Sensors
[Episode 163/900] Steps: 720 | Reward:   -6.07 | Battery:  70.97% | Loss: 
Placing Sensors
Policy 0.0014 | Value 0.0094 | KL 0.01130 | CF 0.1535 | Std 0.1127 | |a| 0.0226 | EV +0.824 | Rsd 0.395 | Res 0.194 | AE 0.826 | Alpha 0.1916 | MB 24/24
  cert | viol 0.113 | dV -0.197501 | V 0.2956 | inball 0.432 | a*_q05 -0.00159 | a*_q50 0.02258 | dV>=0 0.083 | n=150 | a_used 0.00169 -> 0.00161
  crit | n=1 | viol 0.678 | V 0.9104 | Vmin 0.4242 | agree +0.550 | a*_q05 -0.00688 | a*_q50 -0.00080 | dV>=0 0.563 | beta 0.2212
  bell | direct viol 0.468 | direct dV>=0 0.342 | d_mean +0.00241 | d_std 0.01962 | d_q95 0.02907
[Episode 164/900] Steps: 720 | Reward:   -4.54 | Battery:  63.43% | Loss: 0.3649
Placing Sensors
[Episode 165/900] Steps:  75 | Reward:  -17.70 | Battery:   0.00% | Loss: 
Placing Sensors
[Episode 166/900] Steps: 720 | Reward:   -5.03 | Battery:  73.11% | Loss: 
Placing Sensors
Policy -0.0050 | Value 0.0120 | KL 0.00676 | CF 0.0750 | Std 0.1128 | |a| 0.0221 | EV +0.897 | Rsd 0.456 | Res 0.149 | AE 0.859 | Alpha 0.1848 | MB 24/24
  cert | viol 0.036 | dV -0.278166 | V 0.3464 | inball 0.410 | a*_q05 0.00316 | a*_q50 0.03065 | dV>=0 0.004 | n=150 | a_used 0.00161 -> 0.00165
  crit | n=1 | viol 0.612 | V 0.8445 | Vmin 0.3831 | agree +0.640 | a*_q05 -0.00747 | a*_q50 0.00030 | dV>=0 0.479 | beta 0.2188
  bell | direct viol 0.454 | direct dV>=0 0.378 | d_mean +0.00225 | d_std 0.02442 | d_q95 0.03839
[Episode 167/900] Steps: 720 | Reward:   -5.22 | Battery:  61.61% | Loss: 0.3157
Placing Sensors
[Episode 168/900] Steps:  92 | Reward:  -17.42 | Battery:   0.00% | Loss: 
Placing Sensors
[Episode 169/900] Steps:  72 | Reward:  -17.62 | Battery:   0.00% | Loss: 
Placing Sensors
[Episode 170/900] Steps: 720 | Reward:   -5.30 | Battery:  74.75% | Loss: 
Placing Sensors
[Episode 171/900] Steps:  95 | Reward:  -17.37 | Battery:   0.00% | Loss: 
Placing Sensors
Policy -0.0084 | Value 0.0148 | KL 0.00681 | CF 0.0838 | Std 0.1130 | |a| 0.0258 | EV +0.851 | Rsd 0.537 | Res 0.208 | AE 0.850 | Alpha 0.1775 | MB 28/28
  cert | viol 0.101 | dV -0.207479 | V 0.3326 | inball 0.303 | a*_q05 0.00061 | a*_q50 0.01520 | dV>=0 0.035 | n=150 | a_used 0.00165 -> 0.00133
  crit | n=1 | viol 0.512 | V 1.0437 | Vmin 0.4366 | agree +0.676 | a*_q05 -0.00663 | a*_q50 0.00153 | dV>=0 0.330 | beta 0.2183
  bell | direct viol 0.505 | direct dV>=0 0.408 | d_mean -0.00115 | d_std 0.03615 | d_q95 0.04310
[Episode 172/900] Steps: 720 | Reward:   -6.24 | Battery:  74.16% | Loss: 0.2160
Placing Sensors
[Episode 173/900] Steps: 720 | Reward:   -6.25 | Battery:  59.28% | Loss: 
Placing Sensors
Policy -0.0086 | Value 0.0123 | KL 0.00656 | CF 0.0858 | Std 0.1131 | |a| 0.0178 | EV +0.828 | Rsd 0.412 | Res 0.180 | AE 0.891 | Alpha 0.1716 | MB 24/24
  cert | viol 0.013 | dV -0.265585 | V 0.3483 | inball 0.419 | a*_q05 0.00286 | a*_q50 0.02461 | dV>=0 0.000 | n=150 | a_used 0.00133 -> 0.00139
  crit | n=1 | viol 0.543 | V 0.9187 | Vmin 0.4137 | agree +0.441 | a*_q05 -0.00605 | a*_q50 0.00083 | dV>=0 0.441 | beta 0.2172
  bell | direct viol 0.447 | direct dV>=0 0.357 | d_mean +0.00100 | d_std 0.02265 | d_q95 0.03568
[Episode 174/900] Steps: 720 | Reward:   -5.17 | Battery:  70.36% | Loss: 0.1286
Placing Sensors
[Episode 175/900] Steps: 720 | Reward:   -6.33 | Battery:  57.09% | Loss: 
Placing Sensors
[Episode 176/900] Steps:  77 | Reward:  -17.69 | Battery:   0.00% | Loss: 
Placing Sensors
Policy -0.0090 | Value 0.0143 | KL 0.00863 | CF 0.1031 | Std 0.1133 | |a| 0.0206 | EV +0.882 | Rsd 0.490 | Res 0.168 | AE 0.871 | Alpha 0.1655 | MB 24/24
  cert | viol 0.002 | dV -0.255582 | V 0.3396 | inball 0.375 | a*_q05 0.00326 | a*_q50 0.02790 | dV>=0 0.000 | n=150 | a_used 0.00139 -> 0.00145
  crit | n=1 | viol 0.449 | V 0.8296 | Vmin 0.3155 | agree +0.477 | a*_q05 -0.00606 | a*_q50 0.00250 | dV>=0 0.388 | beta 0.2134
  bell | direct viol 0.463 | direct dV>=0 0.410 | d_mean -0.00034 | d_std 0.02716 | d_q95 0.05153
[Episode 177/900] Steps: 720 | Reward:   -4.11 | Battery:  64.70% | Loss: 0.2470
Placing Sensors
[Episode 178/900] Steps: 720 | Reward:   -6.66 | Battery:  58.71% | Loss: 
Placing Sensors
Policy 0.0007 | Value 0.0113 | KL 0.00581 | CF 0.0695 | Std 0.1134 | |a| 0.0220 | EV +0.871 | Rsd 0.464 | Res 0.167 | AE 0.853 | Alpha 0.1600 | MB 24/24
  cert | viol 0.075 | dV -0.321114 | V 0.4516 | inball 0.414 | a*_q05 0.00113 | a*_q50 0.02514 | dV>=0 0.015 | n=150 | a_used 0.00145 -> 0.00141
  crit | n=1 | viol 0.347 | V 0.7962 | Vmin 0.2338 | agree +0.540 | a*_q05 -0.00591 | a*_q50 0.00429 | dV>=0 0.306 | beta 0.2088
  bell | direct viol 0.428 | direct dV>=0 0.374 | d_mean -0.00010 | d_std 0.02611 | d_q95 0.04448
[Episode 179/900] Steps: 720 | Reward:   -5.45 | Battery:  73.53% | Loss: 0.2948
Placing Sensors
[Episode 180/900] Steps:  81 | Reward:  -17.41 | Battery:   0.00% | Loss: 
Placing Sensors
[Episode 181/900] Steps:  90 | Reward:  -17.68 | Battery:   0.00% | Loss: 
Placing Sensors
[Episode 182/900] Steps: 720 | Reward:   -5.16 | Battery:  66.60% | Loss: 
Placing Sensors
Policy 0.0027 | Value 0.0143 | KL 0.01132 | CF 0.1305 | Std 0.1135 | |a| 0.0251 | EV +0.873 | Rsd 0.549 | Res 0.197 | AE 0.848 | Alpha 0.1540 | MB 28/28
  cert | viol 0.064 | dV -0.246428 | V 0.3272 | inball 0.465 | a*_q05 0.00142 | a*_q50 0.02953 | dV>=0 0.031 | n=150 | a_used 0.00141 -> 0.00149
  crit | n=1 | viol 0.448 | V 0.8240 | Vmin 0.2574 | agree +0.680 | a*_q05 -0.00588 | a*_q50 0.00209 | dV>=0 0.318 | beta 0.2042
  bell | direct viol 0.453 | direct dV>=0 0.388 | d_mean +0.00050 | d_std 0.02644 | d_q95 0.05169
[Episode 183/900] Steps: 720 | Reward:   -3.86 | Battery:  76.36% | Loss: 0.2411
Placing Sensors
[Episode 184/900] Steps: 720 | Reward:   -5.11 | Battery:  82.51% | Loss: 
Placing Sensors
Policy -0.0002 | Value 0.0128 | KL 0.01197 | CF 0.1592 | Std 0.1136 | |a| 0.0214 | EV +0.854 | Rsd 0.446 | Res 0.185 | AE 0.844 | Alpha 0.1488 | MB 24/24
  cert | viol 0.011 | dV -0.281315 | V 0.3525 | inball 0.527 | a*_q05 0.00379 | a*_q50 0.02895 | dV>=0 0.000 | n=150 | a_used 0.00149 -> 0.00156
  crit | n=1 | viol 0.578 | V 0.7699 | Vmin 0.3067 | agree +0.695 | a*_q05 -0.00726 | a*_q50 0.00087 | dV>=0 0.399 | beta 0.2014
  bell | direct viol 0.420 | direct dV>=0 0.346 | d_mean +0.00252 | d_std 0.02862 | d_q95 0.04927
[Episode 185/900] Steps: 720 | Reward:   -4.43 | Battery:  73.94% | Loss: 0.1891
Placing Sensors
[Episode 186/900] Steps: 720 | Reward:   -4.28 | Battery:  71.75% | Loss: 
Placing Sensors
Policy -0.0040 | Value 0.0071 | KL 0.00401 | CF 0.0458 | Std 0.1137 | |a| 0.0225 | EV +0.917 | Rsd 0.408 | Res 0.118 | AE 0.855 | Alpha 0.1438 | MB 24/24
  cert | viol 0.052 | dV -0.211672 | V 0.2848 | inball 0.379 | a*_q05 0.00199 | a*_q50 0.02251 | dV>=0 0.000 | n=150 | a_used 0.00156 -> 0.00150
  crit | n=1 | viol 0.500 | V 0.7945 | Vmin 0.3234 | agree +0.425 | a*_q05 -0.00632 | a*_q50 0.00151 | dV>=0 0.398 | beta 0.1978
  bell | direct viol 0.472 | direct dV>=0 0.392 | d_mean +0.00082 | d_std 0.01965 | d_q95 0.03429
[Episode 187/900] Steps: 720 | Reward:   -5.93 | Battery:  58.87% | Loss: 0.1476
Placing Sensors
[Episode 188/900] Steps: 720 | Reward:   -5.71 | Battery:  67.12% | Loss: 
Placing Sensors
Policy -0.0040 | Value 0.0061 | KL 0.00555 | CF 0.0726 | Std 0.1138 | |a| 0.0209 | EV +0.954 | Rsd 0.468 | Res 0.101 | AE 0.835 | Alpha 0.1390 | MB 24/24
  cert | viol 0.034 | dV -0.289894 | V 0.3782 | inball 0.446 | a*_q05 0.00249 | a*_q50 0.02776 | dV>=0 0.017 | n=150 | a_used 0.00150 -> 0.00149
  crit | n=1 | viol 0.449 | V 0.8012 | Vmin 0.2433 | agree +0.456 | a*_q05 -0.00714 | a*_q50 0.00203 | dV>=0 0.366 | beta 0.1932
  bell | direct viol 0.437 | direct dV>=0 0.362 | d_mean +0.00080 | d_std 0.01770 | d_q95 0.03024
[Episode 189/900] Steps: 720 | Reward:   -5.10 | Battery:  66.31% | Loss: 0.3443
Placing Sensors
[Episode 190/900] Steps: 720 | Reward:   -5.47 | Battery:  79.35% | Loss: 
Placing Sensors
Policy -0.0055 | Value 0.0083 | KL 0.00967 | CF 0.1187 | Std 0.1139 | |a| 0.0227 | EV +0.918 | Rsd 0.425 | Res 0.123 | AE 0.861 | Alpha 0.1343 | MB 24/24
  cert | viol 0.071 | dV -0.308697 | V 0.4099 | inball 0.500 | a*_q05 0.00057 | a*_q50 0.03108 | dV>=0 0.049 | n=150 | a_used 0.00149 -> 0.00142
  crit | n=1 | viol 0.334 | V 0.6680 | Vmin 0.2209 | agree +0.585 | a*_q05 -0.00711 | a*_q50 0.00402 | dV>=0 0.281 | beta 0.1879
  bell | direct viol 0.432 | direct dV>=0 0.373 | d_mean -0.00046 | d_std 0.03127 | d_q95 0.06043
[Episode 191/900] Steps: 720 | Reward:   -4.87 | Battery:  67.28% | Loss: 0.1891
Placing Sensors
[Episode 192/900] Steps: 720 | Reward:   -6.02 | Battery:  59.08% | Loss: 
Placing Sensors
Policy -0.0006 | Value 0.0105 | KL 0.02200 | CF 0.2114 | Std 0.1140 | |a| 0.0272 | EV +0.868 | Rsd 0.410 | Res 0.149 | AE 0.835 | Alpha 0.1298 | MB 24/24
  cert | viol 0.055 | dV -0.247013 | V 0.3509 | inball 0.430 | a*_q05 0.00125 | a*_q50 0.02392 | dV>=0 0.020 | n=150 | a_used 0.00142 -> 0.00134
  crit | n=1 | viol 0.407 | V 0.7584 | Vmin 0.2242 | agree +0.385 | a*_q05 -0.00622 | a*_q50 0.00295 | dV>=0 0.326 | beta 0.1843
  bell | direct viol 0.429 | direct dV>=0 0.378 | d_mean -0.00025 | d_std 0.02088 | d_q95 0.03892
[Episode 193/900] Steps: 720 | Reward:   -4.52 | Battery:  72.23% | Loss: 0.1688
Placing Sensors
[Episode 194/900] Steps: 720 | Reward:   -3.37 | Battery:  76.10% | Loss: 
Placing Sensors
Policy 0.0011 | Value 0.0076 | KL 0.00776 | CF 0.1025 | Std 0.1141 | |a| 0.0239 | EV +0.885 | Rsd 0.358 | Res 0.130 | AE 0.895 | Alpha 0.1255 | MB 24/24
  cert | viol 0.029 | dV -0.229594 | V 0.2815 | inball 0.538 | a*_q05 0.00396 | a*_q50 0.03192 | dV>=0 0.014 | n=150 | a_used 0.00134 -> 0.00142
  crit | n=1 | viol 0.525 | V 0.6370 | Vmin 0.2456 | agree +0.654 | a*_q05 -0.00720 | a*_q50 0.00099 | dV>=0 0.422 | beta 0.1800
  bell | direct viol 0.334 | direct dV>=0 0.284 | d_mean +0.00238 | d_std 0.02468 | d_q95 0.03992
[Episode 195/900] Steps: 720 | Reward:   -4.66 | Battery:  79.78% | Loss: 0.2238
Placing Sensors
[Episode 196/900] Steps: 720 | Reward:   -5.25 | Battery:  71.53% | Loss: 
Placing Sensors
Policy -0.0015 | Value 0.0062 | KL 0.00428 | CF 0.0515 | Std 0.1142 | |a| 0.0201 | EV +0.900 | Rsd 0.345 | Res 0.109 | AE 0.843 | Alpha 0.1213 | MB 24/24
  cert | viol 0.096 | dV -0.202526 | V 0.3430 | inball 0.268 | a*_q05 -0.00138 | a*_q50 0.01181 | dV>=0 0.081 | n=150 | a_used 0.00142 -> 0.00135
  crit | n=1 | viol 0.460 | V 0.8811 | Vmin 0.3804 | agree +0.472 | a*_q05 -0.00687 | a*_q50 0.00206 | dV>=0 0.378 | beta 0.1810
  bell | direct viol 0.456 | direct dV>=0 0.382 | d_mean -0.00044 | d_std 0.01865 | d_q95 0.03554
[Episode 197/900] Steps: 720 | Reward:   -7.73 | Battery:  61.07% | Loss: 0.2397
Placing Sensors
[Episode 198/900] Steps:  74 | Reward:  -17.51 | Battery:   0.00% | Loss: 
Placing Sensors
[Episode 199/900] Steps: 720 | Reward:   -6.71 | Battery:  66.80% | Loss: 
Placing Sensors
[Episode 200/900] Steps:  82 | Reward:  -17.63 | Battery:   0.00% | Loss: 
Placing Sensors
Policy -0.0015 | Value 0.0214 | KL 0.01054 | CF 0.1288 | Std 0.1143 | |a| 0.0255 | EV +0.793 | Rsd 0.452 | Res 0.225 | AE 0.852 | Alpha 0.1168 | MB 28/28
  cert | viol 0.151 | dV -0.150063 | V 0.2828 | inball 0.114 | a*_q05 -0.00449 | a*_q50 0.00598 | dV>=0 0.088 | n=150 | a_used 0.00135 -> 0.00126
  crit | n=1 | viol 0.403 | V 0.9724 | Vmin 0.4680 | agree +0.598 | a*_q05 -0.00519 | a*_q50 0.00265 | dV>=0 0.312 | beta 0.1829
  bell | direct viol 0.540 | direct dV>=0 0.475 | d_mean -0.00101 | d_std 0.02380 | d_q95 0.04380
[Episode 201/900] Steps: 720 | Reward:   -6.92 | Battery:  46.21% | Loss: 0.2233
Placing Sensors
[Episode 202/900] Steps:  68 | Reward:  -17.79 | Battery:   0.00% | Loss: 
Placing Sensors
[Episode 203/900] Steps: 720 | Reward:   -5.41 | Battery:  76.60% | Loss: 
Placing Sensors
Policy 0.0022 | Value 0.0093 | KL 0.00735 | CF 0.0796 | Std 0.1144 | |a| 0.0260 | EV +0.882 | Rsd 0.417 | Res 0.144 | AE 0.869 | Alpha 0.1127 | MB 24/24
  cert | viol 0.000 | dV -0.252915 | V 0.3181 | inball 0.374 | a*_q05 0.00480 | a*_q50 0.02296 | dV>=0 0.000 | n=150 | a_used 0.00126 -> 0.00132
  crit | n=1 | viol 0.502 | V 0.8608 | Vmin 0.3929 | agree +0.615 | a*_q05 -0.00657 | a*_q50 0.00129 | dV>=0 0.425 | beta 0.1836
  bell | direct viol 0.468 | direct dV>=0 0.437 | d_mean +0.00073 | d_std 0.02218 | d_q95 0.04099
[Episode 204/900] Steps: 720 | Reward:   -5.55 | Battery:  66.35% | Loss: 0.3255
Placing Sensors
[Episode 205/900] Steps: 720 | Reward:   -6.14 | Battery:  70.35% | Loss: 
Placing Sensors
Policy -0.0102 | Value 0.0124 | KL 0.01032 | CF 0.1395 | Std 0.1145 | |a| 0.0251 | EV +0.743 | Rsd 0.332 | Res 0.168 | AE 0.882 | Alpha 0.1089 | MB 24/24
  cert | viol 0.187 | dV -0.213435 | V 0.3671 | inball 0.415 | a*_q05 -0.00136 | a*_q50 0.02280 | dV>=0 0.142 | n=150 | a_used 0.00132 -> 0.00125
  crit | n=1 | viol 0.377 | V 0.7924 | Vmin 0.3500 | agree +0.327 | a*_q05 -0.00770 | a*_q50 0.00305 | dV>=0 0.329 | beta 0.1830
  bell | direct viol 0.496 | direct dV>=0 0.438 | d_mean -0.00064 | d_std 0.01895 | d_q95 0.03670
[Episode 206/900] Steps: 720 | Reward:   -4.96 | Battery:  80.16% | Loss: 0.0475
Placing Sensors
[Episode 207/900] Steps: 720 | Reward:   -6.28 | Battery:  70.28% | Loss: 
Placing Sensors
[Episode 208/900] Steps: 106 | Reward:  -17.45 | Battery:   0.00% | Loss: 
Placing Sensors
Policy 0.0172 | Value 0.0162 | KL 0.01202 | CF 0.1384 | Std 0.1146 | |a| 0.0284 | EV +0.790 | Rsd 0.475 | Res 0.219 | AE 0.872 | Alpha 0.1050 | MB 28/28
  cert | viol 0.056 | dV -0.247647 | V 0.3858 | inball 0.343 | a*_q05 0.00167 | a*_q50 0.02138 | dV>=0 0.015 | n=150 | a_used 0.00125 -> 0.00133
  crit | n=1 | viol 0.343 | V 0.9656 | Vmin 0.3617 | agree +0.525 | a*_q05 -0.00413 | a*_q50 0.00289 | dV>=0 0.285 | beta 0.1848
  bell | direct viol 0.489 | direct dV>=0 0.451 | d_mean -0.00004 | d_std 0.02472 | d_q95 0.04249
[Episode 209/900] Steps: 720 | Reward:   -5.96 | Battery:  52.09% | Loss: 0.7422
Placing Sensors
[Episode 210/900] Steps: 720 | Reward:   -6.48 | Battery:  63.44% | Loss: 
Placing Sensors
Policy -0.0032 | Value 0.0104 | KL 0.00742 | CF 0.0992 | Std 0.1147 | |a| 0.0214 | EV +0.861 | Rsd 0.326 | Res 0.122 | AE 0.905 | Alpha 0.1014 | MB 24/24
  cert | viol 0.101 | dV -0.228175 | V 0.3440 | inball 0.404 | a*_q05 0.00047 | a*_q50 0.02084 | dV>=0 0.042 | n=150 | a_used 0.00133 -> 0.00132
  crit | n=1 | viol 0.382 | V 0.8091 | Vmin 0.3832 | agree +0.413 | a*_q05 -0.00743 | a*_q50 0.00371 | dV>=0 0.336 | beta 0.1854
  bell | direct viol 0.501 | direct dV>=0 0.441 | d_mean -0.00061 | d_std 0.01786 | d_q95 0.03321
[Episode 211/900] Steps: 720 | Reward:   -4.77 | Battery:  76.94% | Loss: 0.1621
Placing Sensors
[Episode 212/900] Steps: 720 | Reward:   -3.36 | Battery:  78.28% | Loss: 
Placing Sensors
Policy -0.0091 | Value 0.0104 | KL 0.00784 | CF 0.1052 | Std 0.1147 | |a| 0.0195 | EV +0.903 | Rsd 0.330 | Res 0.143 | AE 0.879 | Alpha 0.0980 | MB 24/24
  cert | viol 0.000 | dV -0.271388 | V 0.2965 | inball 0.589 | a*_q05 0.00867 | a*_q50 0.03460 | dV>=0 0.000 | n=150 | a_used 0.00132 -> 0.00146
  crit | n=1 | viol 0.615 | V 0.6753 | Vmin 0.3240 | agree +0.611 | a*_q05 -0.00793 | a*_q50 -0.00029 | dV>=0 0.531 | beta 0.1843
  bell | direct viol 0.404 | direct dV>=0 0.365 | d_mean +0.00271 | d_std 0.01772 | d_q95 0.03586
[Episode 213/900] Steps: 720 | Reward:   -3.95 | Battery:  78.47% | Loss: 0.1076
Placing Sensors
[Episode 214/900] Steps: 720 | Reward:   -5.16 | Battery:  59.79% | Loss: 
Placing Sensors
Policy 0.0000 | Value 0.0057 | KL 0.01057 | CF 0.1397 | Std 0.1148 | |a| 0.0311 | EV +0.912 | Rsd 0.340 | Res 0.113 | AE 0.850 | Alpha 0.0948 | MB 24/24
  cert | viol 0.016 | dV -0.231114 | V 0.2779 | inball 0.477 | a*_q05 0.00388 | a*_q50 0.03046 | dV>=0 0.000 | n=150 | a_used 0.00146 -> 0.00155
  crit | n=1 | viol 0.605 | V 0.7990 | Vmin 0.4033 | agree +0.423 | a*_q05 -0.00668 | a*_q50 0.00014 | dV>=0 0.486 | beta 0.1845
  bell | direct viol 0.513 | direct dV>=0 0.463 | d_mean +0.00142 | d_std 0.01894 | d_q95 0.03802
[Episode 215/900] Steps: 720 | Reward:   -4.76 | Battery:  57.02% | Loss: 0.0956
Placing Sensors
[Episode 216/900] Steps: 720 | Reward:   -4.34 | Battery:  77.40% | Loss: 
Placing Sensors
[Episode 217/900] Steps: 132 | Reward:  -17.11 | Battery:   0.00% | Loss: 
Placing Sensors
Policy -0.0060 | Value 0.0152 | KL 0.01263 | CF 0.1231 | Std 0.1149 | |a| 0.0253 | EV +0.789 | Rsd 0.413 | Res 0.190 | AE 0.853 | Alpha 0.0913 | MB 28/28
  cert | viol 0.019 | dV -0.222923 | V 0.2752 | inball 0.447 | a*_q05 0.00457 | a*_q50 0.03013 | dV>=0 0.000 | n=150 | a_used 0.00155 -> 0.00152
  crit | n=1 | viol 0.520 | V 0.7109 | Vmin 0.3520 | agree +0.759 | a*_q05 -0.00618 | a*_q50 0.00124 | dV>=0 0.399 | beta 0.1828
  bell | direct viol 0.482 | direct dV>=0 0.437 | d_mean +0.00057 | d_std 0.03162 | d_q95 0.05898
[Episode 218/900] Steps: 720 | Reward:   -4.73 | Battery:  66.54% | Loss: 0.1117
Placing Sensors
[Episode 219/900] Steps: 720 | Reward:   -5.20 | Battery:  75.80% | Loss: 
Placing Sensors
Policy -0.0013 | Value 0.0075 | KL 0.01010 | CF 0.1130 | Std 0.1150 | |a| 0.0258 | EV +0.934 | Rsd 0.386 | Res 0.100 | AE 0.882 | Alpha 0.0882 | MB 24/24
  cert | viol 0.003 | dV -0.262262 | V 0.3189 | inball 0.547 | a*_q05 0.00413 | a*_q50 0.02949 | dV>=0 0.000 | n=150 | a_used 0.00152 -> 0.00161
  crit | n=1 | viol 0.405 | V 0.6959 | Vmin 0.2922 | agree +0.397 | a*_q05 -0.00624 | a*_q50 0.00304 | dV>=0 0.310 | beta 0.1808
  bell | direct viol 0.488 | direct dV>=0 0.441 | d_mean -0.00011 | d_std 0.02616 | d_q95 0.05124
[Episode 220/900] Steps: 720 | Reward:   -3.85 | Battery:  81.73% | Loss: 0.1810
Placing Sensors
[Episode 221/900] Steps:  67 | Reward:  -17.72 | Battery:   0.00% | Loss: 
Placing Sensors
[Episode 222/900] Steps:  95 | Reward:  -17.48 | Battery:   0.00% | Loss: 
Placing Sensors
[Episode 223/900] Steps: 720 | Reward:   -4.46 | Battery:  72.60% | Loss: 
Placing Sensors
Policy 0.0020 | Value 0.0186 | KL 0.01523 | CF 0.1828 | Std 0.1151 | |a| 0.0221 | EV +0.792 | Rsd 0.489 | Res 0.228 | AE 0.880 | Alpha 0.0849 | MB 28/28
  cert | viol 0.008 | dV -0.303334 | V 0.3616 | inball 0.475 | a*_q05 0.00419 | a*_q50 0.03228 | dV>=0 0.000 | n=150 | a_used 0.00161 -> 0.00171
  crit | n=1 | viol 0.454 | V 0.7886 | Vmin 0.3271 | agree +0.689 | a*_q05 -0.00683 | a*_q50 0.00230 | dV>=0 0.341 | beta 0.1800
  bell | direct viol 0.465 | direct dV>=0 0.423 | d_mean -0.00157 | d_std 0.03043 | d_q95 0.05757
[Episode 224/900] Steps: 720 | Reward:   -4.98 | Battery:  68.34% | Loss: 0.0820
Placing Sensors
[Episode 225/900] Steps: 720 | Reward:   -5.24 | Battery:  62.04% | Loss: 
Placing Sensors
[Episode 226/900] Steps: 126 | Reward:  -17.37 | Battery:   0.00% | Loss: 
Placing Sensors
Policy -0.0103 | Value 0.0231 | KL 0.01467 | CF 0.1103 | Std 0.1152 | |a| 0.0235 | EV +0.807 | Rsd 0.426 | Res 0.189 | AE 0.868 | Alpha 0.0819 | MB 28/28
  cert | viol 0.000 | dV -0.228413 | V 0.3033 | inball 0.403 | a*_q05 0.00431 | a*_q50 0.02406 | dV>=0 0.000 | n=150 | a_used 0.00171 -> 0.00174
  crit | n=1 | viol 0.483 | V 0.8360 | Vmin 0.4094 | agree +0.634 | a*_q05 -0.00467 | a*_q50 0.00213 | dV>=0 0.336 | beta 0.1801
  bell | direct viol 0.446 | direct dV>=0 0.385 | d_mean -0.00039 | d_std 0.02886 | d_q95 0.05373
[Episode 227/900] Steps: 720 | Reward:   -5.41 | Battery:  72.90% | Loss: -0.0062
Placing Sensors
[Episode 228/900] Steps:  84 | Reward:  -17.32 | Battery:   0.00% | Loss: 
Placing Sensors
[Episode 229/900] Steps: 116 | Reward:  -17.50 | Battery:   0.00% | Loss: 
Placing Sensors
[Episode 230/900] Steps: 720 | Reward:   -4.68 | Battery:  67.24% | Loss: 
Placing Sensors
Policy -0.0073 | Value 0.0265 | KL 0.00781 | CF 0.0966 | Std 0.1152 | |a| 0.0263 | EV +0.840 | Rsd 0.532 | Res 0.214 | AE 0.881 | Alpha 0.0787 | MB 28/28
  cert | viol 0.023 | dV -0.265021 | V 0.3482 | inball 0.399 | a*_q05 0.00304 | a*_q50 0.02622 | dV>=0 0.000 | n=150 | a_used 0.00174 -> 0.00179
  crit | n=1 | viol 0.561 | V 0.9653 | Vmin 0.3525 | agree +0.639 | a*_q05 -0.00732 | a*_q50 0.00107 | dV>=0 0.406 | beta 0.1801
  bell | direct viol 0.454 | direct dV>=0 0.385 | d_mean +0.00182 | d_std 0.03179 | d_q95 0.05556
[Episode 231/900] Steps: 720 | Reward:   -5.46 | Battery:  61.19% | Loss: 0.2142
Placing Sensors
[Episode 232/900] Steps: 720 | Reward:   -5.70 | Battery:  75.42% | Loss: 
Placing Sensors
[Episode 233/900] Steps:  74 | Reward:  -17.55 | Battery:   0.00% | Loss: 
Placing Sensors
Policy -0.0036 | Value 0.0134 | KL 0.00619 | CF 0.0741 | Std 0.1153 | |a| 0.0190 | EV +0.872 | Rsd 0.445 | Res 0.159 | AE 0.893 | Alpha 0.0760 | MB 24/24
  cert | viol 0.037 | dV -0.213149 | V 0.2989 | inball 0.407 | a*_q05 0.00271 | a*_q50 0.01997 | dV>=0 0.018 | n=150 | a_used 0.00179 -> 0.00180
  crit | n=1 | viol 0.453 | V 0.8424 | Vmin 0.3825 | agree +0.477 | a*_q05 -0.00755 | a*_q50 0.00247 | dV>=0 0.348 | beta 0.1810
  bell | direct viol 0.462 | direct dV>=0 0.404 | d_mean +0.00097 | d_std 0.02517 | d_q95 0.04778
[Episode 234/900] Steps: 720 | Reward:   -4.78 | Battery:  73.06% | Loss: 0.1611
Placing Sensors
[Episode 235/900] Steps: 720 | Reward:   -6.45 | Battery:  79.97% | Loss: 
Placing Sensors
[Episode 236/900] Steps: 141 | Reward:  -17.39 | Battery:   0.00% | Loss: 
Placing Sensors
Policy -0.0098 | Value 0.0253 | KL 0.01136 | CF 0.1405 | Std 0.1154 | |a| 0.0211 | EV +0.728 | Rsd 0.461 | Res 0.244 | AE 0.900 | Alpha 0.0732 | MB 28/28
  cert | viol 0.152 | dV -0.198670 | V 0.3489 | inball 0.312 | a*_q05 -0.00096 | a*_q50 0.01781 | dV>=0 0.118 | n=150 | a_used 0.00180 -> 0.00171
  crit | n=1 | viol 0.439 | V 0.9393 | Vmin 0.3598 | agree +0.564 | a*_q05 -0.00620 | a*_q50 0.00255 | dV>=0 0.321 | beta 0.1805
  bell | direct viol 0.470 | direct dV>=0 0.409 | d_mean +0.00028 | d_std 0.02597 | d_q95 0.04821
[Episode 237/900] Steps: 720 | Reward:   -5.95 | Battery:  69.94% | Loss: 0.1922
Placing Sensors
[Episode 238/900] Steps: 720 | Reward:   -5.83 | Battery:  75.34% | Loss: 
Placing Sensors
Policy -0.0039 | Value 0.0090 | KL 0.01458 | CF 0.1691 | Std 0.1155 | |a| 0.0250 | EV +0.811 | Rsd 0.350 | Res 0.161 | AE 0.920 | Alpha 0.0707 | MB 24/24
  cert | viol 0.043 | dV -0.255150 | V 0.3307 | inball 0.476 | a*_q05 0.00287 | a*_q50 0.02607 | dV>=0 0.026 | n=150 | a_used 0.00171 -> 0.00178
  crit | n=1 | viol 0.457 | V 0.7514 | Vmin 0.3396 | agree +0.532 | a*_q05 -0.00743 | a*_q50 0.00218 | dV>=0 0.330 | beta 0.1805
  bell | direct viol 0.470 | direct dV>=0 0.405 | d_mean +0.00056 | d_std 0.01945 | d_q95 0.03136
[Episode 239/900] Steps: 720 | Reward:   -3.74 | Battery:  74.93% | Loss: 0.0883
Placing Sensors
[Episode 240/900] Steps: 720 | Reward:   -4.72 | Battery:  71.02% | Loss: 
Placing Sensors
Policy -0.0136 | Value 0.0098 | KL 0.00914 | CF 0.1257 | Std 0.1156 | |a| 0.0254 | EV +0.863 | Rsd 0.365 | Res 0.137 | AE 0.899 | Alpha 0.0683 | MB 24/24
  cert | viol 0.052 | dV -0.230278 | V 0.2939 | inball 0.463 | a*_q05 0.00243 | a*_q50 0.02788 | dV>=0 0.029 | n=150 | a_used 0.00178 -> 0.00190
  crit | n=1 | viol 0.605 | V 0.7099 | Vmin 0.2703 | agree +0.538 | a*_q05 -0.00739 | a*_q50 0.00025 | dV>=0 0.477 | beta 0.1780
  bell | direct viol 0.480 | direct dV>=0 0.435 | d_mean +0.00033 | d_std 0.02987 | d_q95 0.05109
[Episode 241/900] Steps: 720 | Reward:   -4.31 | Battery:  73.57% | Loss: -0.0595
Placing Sensors
[Episode 242/900] Steps: 720 | Reward:   -3.24 | Battery:  76.98% | Loss: 
Placing Sensors
Policy -0.0126 | Value 0.0075 | KL 0.00866 | CF 0.1201 | Std 0.1156 | |a| 0.0237 | EV +0.889 | Rsd 0.373 | Res 0.125 | AE 0.921 | Alpha 0.0661 | MB 24/24
  cert | viol 0.031 | dV -0.296018 | V 0.3582 | inball 0.515 | a*_q05 0.00457 | a*_q50 0.03280 | dV>=0 0.000 | n=150 | a_used 0.00190 -> 0.00188
  crit | n=1 | viol 0.456 | V 0.6090 | Vmin 0.2315 | agree +0.536 | a*_q05 -0.00570 | a*_q50 0.00320 | dV>=0 0.372 | beta 0.1742
  bell | direct viol 0.498 | direct dV>=0 0.454 | d_mean +0.00019 | d_std 0.02672 | d_q95 0.05196
[Episode 243/900] Steps: 720 | Reward:   -6.20 | Battery:  61.01% | Loss: 0.1020
Placing Sensors
[Episode 244/900] Steps: 720 | Reward:   -3.65 | Battery:  78.71% | Loss: 
Placing Sensors
Policy -0.0039 | Value 0.0090 | KL 0.00869 | CF 0.0949 | Std 0.1156 | |a| 0.0236 | EV +0.874 | Rsd 0.358 | Res 0.130 | AE 0.915 | Alpha 0.0638 | MB 24/24
  cert | viol 0.000 | dV -0.249571 | V 0.2976 | inball 0.579 | a*_q05 0.00482 | a*_q50 0.03347 | dV>=0 0.000 | n=150 | a_used 0.00188 -> 0.00202
  crit | n=1 | viol 0.326 | V 0.5984 | Vmin 0.2455 | agree +0.408 | a*_q05 -0.00669 | a*_q50 0.00471 | dV>=0 0.265 | beta 0.1709
  bell | direct viol 0.413 | direct dV>=0 0.379 | d_mean +0.00047 | d_std 0.01916 | d_q95 0.03985
[Episode 245/900] Steps: 720 | Reward:   -4.06 | Battery:  82.32% | Loss: 0.0096
Placing Sensors
[Episode 246/900] Steps: 720 | Reward:   -2.97 | Battery:  79.24% | Loss: 
Placing Sensors
Policy -0.0059 | Value 0.0058 | KL 0.00682 | CF 0.0831 | Std 0.1157 | |a| 0.0187 | EV +0.922 | Rsd 0.332 | Res 0.099 | AE 0.903 | Alpha 0.0617 | MB 24/24
  cert | viol 0.000 | dV -0.205524 | V 0.2443 | inball 0.544 | a*_q05 0.00569 | a*_q50 0.03166 | dV>=0 0.000 | n=150 | a_used 0.00202 -> 0.00210
  crit | n=1 | viol 0.558 | V 0.6333 | Vmin 0.2436 | agree +0.460 | a*_q05 -0.00668 | a*_q50 0.00159 | dV>=0 0.345 | beta 0.1686
  bell | direct viol 0.453 | direct dV>=0 0.403 | d_mean +0.00117 | d_std 0.01952 | d_q95 0.03868
[Episode 247/900] Steps: 720 | Reward:   -4.62 | Battery:  63.04% | Loss: 0.1622
Placing Sensors
[Episode 248/900] Steps: 720 | Reward:   -3.45 | Battery:  71.74% | Loss: 
Placing Sensors
Policy -0.0109 | Value 0.0049 | KL 0.01151 | CF 0.1502 | Std 0.1157 | |a| 0.0259 | EV +0.928 | Rsd 0.347 | Res 0.097 | AE 0.909 | Alpha 0.0596 | MB 24/24
  cert | viol 0.026 | dV -0.290881 | V 0.3552 | inball 0.544 | a*_q05 0.00390 | a*_q50 0.03366 | dV>=0 0.000 | n=150 | a_used 0.00210 -> 0.00208
  crit | n=1 | viol 0.338 | V 0.5486 | Vmin 0.1818 | agree +0.486 | a*_q05 -0.00616 | a*_q50 0.00545 | dV>=0 0.283 | beta 0.1636
  bell | direct viol 0.494 | direct dV>=0 0.443 | d_mean -0.00074 | d_std 0.02444 | d_q95 0.05098
[Episode 249/900] Steps: 720 | Reward:   -5.28 | Battery:  71.12% | Loss: 0.0518
Placing Sensors
[Episode 250/900] Steps: 720 | Reward:   -4.49 | Battery:  76.02% | Loss: 
Placing Sensors
Policy -0.0131 | Value 0.0073 | KL 0.00683 | CF 0.0844 | Std 0.1157 | |a| 0.0238 | EV +0.906 | Rsd 0.354 | Res 0.109 | AE 0.866 | Alpha 0.0576 | MB 24/24
  cert | viol 0.033 | dV -0.250507 | V 0.3184 | inball 0.464 | a*_q05 0.00310 | a*_q50 0.02736 | dV>=0 0.000 | n=150 | a_used 0.00208 -> 0.00212
  crit | n=1 | viol 0.429 | V 0.6926 | Vmin 0.2499 | agree +0.527 | a*_q05 -0.00599 | a*_q50 0.00287 | dV>=0 0.321 | beta 0.1616
  bell | direct viol 0.460 | direct dV>=0 0.414 | d_mean +0.00092 | d_std 0.02877 | d_q95 0.06063
[Episode 251/900] Steps: 720 | Reward:   -5.49 | Battery:  52.65% | Loss: -0.0401
Placing Sensors
[Episode 252/900] Steps:  73 | Reward:  -17.61 | Battery:   0.00% | Loss: 
Placing Sensors
[Episode 253/900] Steps: 720 | Reward:   -2.65 | Battery:  78.46% | Loss: 
Placing Sensors
Policy -0.0055 | Value 0.0197 | KL 0.00892 | CF 0.1090 | Std 0.1158 | |a| 0.0201 | EV +0.829 | Rsd 0.443 | Res 0.183 | AE 0.895 | Alpha 0.0556 | MB 24/24
  cert | viol 0.057 | dV -0.236037 | V 0.2945 | inball 0.569 | a*_q05 0.00240 | a*_q50 0.03129 | dV>=0 0.006 | n=150 | a_used 0.00212 -> 0.00210
  crit | n=1 | viol 0.432 | V 0.5780 | Vmin 0.2231 | agree +0.720 | a*_q05 -0.00519 | a*_q50 0.00298 | dV>=0 0.285 | beta 0.1587
  bell | direct viol 0.470 | direct dV>=0 0.425 | d_mean +0.00091 | d_std 0.02363 | d_q95 0.04950
[Episode 254/900] Steps: 720 | Reward:   -4.20 | Battery:  87.70% | Loss: 0.1826
Placing Sensors
[Episode 255/900] Steps: 720 | Reward:   -4.50 | Battery:  78.41% | Loss: 
Placing Sensors
Policy -0.0053 | Value 0.0084 | KL 0.00775 | CF 0.0991 | Std 0.1159 | |a| 0.0204 | EV +0.894 | Rsd 0.370 | Res 0.125 | AE 0.914 | Alpha 0.0537 | MB 24/24
  cert | viol 0.014 | dV -0.265784 | V 0.3293 | inball 0.535 | a*_q05 0.00342 | a*_q50 0.02871 | dV>=0 0.000 | n=150 | a_used 0.00210 -> 0.00214
  crit | n=1 | viol 0.319 | V 0.6009 | Vmin 0.2328 | agree +0.519 | a*_q05 -0.00472 | a*_q50 0.00504 | dV>=0 0.220 | beta 0.1563
  bell | direct viol 0.442 | direct dV>=0 0.405 | d_mean -0.00050 | d_std 0.02782 | d_q95 0.05556
[Episode 256/900] Steps: 720 | Reward:   -4.89 | Battery:  78.14% | Loss: 0.1554
Placing Sensors
[Episode 257/900] Steps: 720 | Reward:   -5.86 | Battery:  55.87% | Loss: 
Placing Sensors
Policy -0.0039 | Value 0.0054 | KL 0.00552 | CF 0.0687 | Std 0.1159 | |a| 0.0245 | EV +0.938 | Rsd 0.404 | Res 0.100 | AE 0.885 | Alpha 0.0519 | MB 24/24
  cert | viol 0.066 | dV -0.265448 | V 0.3616 | inball 0.437 | a*_q05 0.00213 | a*_q50 0.02606 | dV>=0 0.000 | n=150 | a_used 0.00214 -> 0.00213
  crit | n=1 | viol 0.466 | V 0.7438 | Vmin 0.2401 | agree +0.466 | a*_q05 -0.00547 | a*_q50 0.00278 | dV>=0 0.341 | beta 0.1552
  bell | direct viol 0.502 | direct dV>=0 0.451 | d_mean +0.00025 | d_std 0.02754 | d_q95 0.05054
[Episode 258/900] Steps: 720 | Reward:   -4.51 | Battery:  74.57% | Loss: 0.2214
Placing Sensors
[Episode 259/900] Steps: 720 | Reward:   -4.96 | Battery:  76.76% | Loss: 
Placing Sensors
Policy -0.0125 | Value 0.0040 | KL 0.01202 | CF 0.1616 | Std 0.1160 | |a| 0.0224 | EV +0.958 | Rsd 0.386 | Res 0.083 | AE 0.901 | Alpha 0.0502 | MB 24/24
  cert | viol 0.062 | dV -0.291696 | V 0.3912 | inball 0.541 | a*_q05 0.00181 | a*_q50 0.02760 | dV>=0 0.022 | n=150 | a_used 0.00213 -> 0.00202
  crit | n=1 | viol 0.352 | V 0.6123 | Vmin 0.1922 | agree +0.741 | a*_q05 -0.00548 | a*_q50 0.00376 | dV>=0 0.238 | beta 0.1518
  bell | direct viol 0.452 | direct dV>=0 0.396 | d_mean -0.00010 | d_std 0.02537 | d_q95 0.04767
[Episode 260/900] Steps: 720 | Reward:   -4.40 | Battery:  84.32% | Loss: 0.1976
Placing Sensors
[Episode 261/900] Steps: 720 | Reward:   -3.64 | Battery:  73.56% | Loss: 
Placing Sensors
Policy -0.0016 | Value 0.0051 | KL 0.01203 | CF 0.1497 | Std 0.1161 | |a| 0.0242 | EV +0.934 | Rsd 0.332 | Res 0.088 | AE 0.912 | Alpha 0.0485 | MB 24/24
  cert | viol 0.000 | dV -0.262341 | V 0.3075 | inball 0.579 | a*_q05 0.00546 | a*_q50 0.03494 | dV>=0 0.000 | n=150 | a_used 0.00202 -> 0.00213
  crit | n=1 | viol 0.344 | V 0.5554 | Vmin 0.1610 | agree +0.519 | a*_q05 -0.00668 | a*_q50 0.00459 | dV>=0 0.274 | beta 0.1477
  bell | direct viol 0.459 | direct dV>=0 0.407 | d_mean +0.00029 | d_std 0.01727 | d_q95 0.03075
[Episode 262/900] Steps: 720 | Reward:   -3.90 | Battery:  81.28% | Loss: 0.0554
Placing Sensors
[Episode 263/900] Steps: 720 | Reward:   -3.87 | Battery:  75.70% | Loss: 
Placing Sensors
Policy -0.0051 | Value 0.0043 | KL 0.00820 | CF 0.1104 | Std 0.1161 | |a| 0.0229 | EV +0.945 | Rsd 0.358 | Res 0.085 | AE 0.908 | Alpha 0.0469 | MB 24/24
  cert | viol 0.000 | dV -0.228391 | V 0.2883 | inball 0.510 | a*_q05 0.00390 | a*_q50 0.02727 | dV>=0 0.000 | n=150 | a_used 0.00213 -> 0.00219
  crit | n=1 | viol 0.407 | V 0.5836 | Vmin 0.1990 | agree +0.437 | a*_q05 -0.00493 | a*_q50 0.00375 | dV>=0 0.276 | beta 0.1446
  bell | direct viol 0.486 | direct dV>=0 0.442 | d_mean +0.00012 | d_std 0.02110 | d_q95 0.04452
[Episode 264/900] Steps: 720 | Reward:   -4.62 | Battery:  74.04% | Loss: 0.1370
Placing Sensors
[Episode 265/900] Steps: 720 | Reward:   -3.79 | Battery:  75.82% | Loss: 
Placing Sensors
Policy 0.0022 | Value 0.0065 | KL 0.00941 | CF 0.1242 | Std 0.1161 | |a| 0.0240 | EV +0.931 | Rsd 0.371 | Res 0.100 | AE 0.896 | Alpha 0.0453 | MB 24/24
  cert | viol 0.000 | dV -0.260282 | V 0.2951 | inball 0.561 | a*_q05 0.00577 | a*_q50 0.03589 | dV>=0 0.000 | n=150 | a_used 0.00219 -> 0.00230
  crit | n=1 | viol 0.507 | V 0.5913 | Vmin 0.1826 | agree +0.509 | a*_q05 -0.00625 | a*_q50 0.00212 | dV>=0 0.395 | beta 0.1425
  bell | direct viol 0.468 | direct dV>=0 0.428 | d_mean +0.00139 | d_std 0.02902 | d_q95 0.05652
[Episode 266/900] Steps: 720 | Reward:   -4.12 | Battery:  63.30% | Loss: 0.1306
Placing Sensors
[Episode 267/900] Steps: 720 | Reward:   -4.97 | Battery:  65.16% | Loss: 
Placing Sensors
[Episode 268/900] Steps: 114 | Reward:  -17.52 | Battery:   0.00% | Loss: 
Placing Sensors
Policy -0.0015 | Value 0.0131 | KL 0.01026 | CF 0.1411 | Std 0.1161 | |a| 0.0265 | EV +0.882 | Rsd 0.462 | Res 0.180 | AE 0.909 | Alpha 0.0437 | MB 28/28
  cert | viol 0.050 | dV -0.248456 | V 0.3150 | inball 0.471 | a*_q05 0.00356 | a*_q50 0.02878 | dV>=0 0.001 | n=150 | a_used 0.00230 -> 0.00240
  crit | n=1 | viol 0.291 | V 0.6534 | Vmin 0.2064 | agree +0.588 | a*_q05 -0.00380 | a*_q50 0.00646 | dV>=0 0.149 | beta 0.1401
  bell | direct viol 0.486 | direct dV>=0 0.412 | d_mean -0.00206 | d_std 0.02016 | d_q95 0.03860
[Episode 269/900] Steps: 720 | Reward:   -4.46 | Battery:  84.80% | Loss: 0.0433
Placing Sensors
[Episode 270/900] Steps: 720 | Reward:   -6.34 | Battery:  59.30% | Loss: 
Placing Sensors
Policy -0.0082 | Value 0.0081 | KL 0.00898 | CF 0.1111 | Std 0.1161 | |a| 0.0233 | EV +0.913 | Rsd 0.386 | Res 0.121 | AE 0.888 | Alpha 0.0422 | MB 24/24
  cert | viol 0.087 | dV -0.293764 | V 0.3950 | inball 0.480 | a*_q05 -0.00004 | a*_q50 0.02990 | dV>=0 0.059 | n=150 | a_used 0.00240 -> 0.00241
  crit | n=1 | viol 0.380 | V 0.6423 | Vmin 0.1996 | agree +0.450 | a*_q05 -0.00415 | a*_q50 0.00490 | dV>=0 0.283 | beta 0.1382
  bell | direct viol 0.508 | direct dV>=0 0.456 | d_mean -0.00112 | d_std 0.02486 | d_q95 0.05080
[Episode 271/900] Steps: 720 | Reward:   -4.66 | Battery:  72.92% | Loss: 0.0681
Placing Sensors
[Episode 272/900] Steps: 720 | Reward:   -5.16 | Battery:  75.77% | Loss: 
Placing Sensors
Policy -0.0084 | Value 0.0058 | KL 0.01155 | CF 0.1510 | Std 0.1161 | |a| 0.0325 | EV +0.943 | Rsd 0.403 | Res 0.097 | AE 0.901 | Alpha 0.0408 | MB 24/24
  cert | viol 0.116 | dV -0.285859 | V 0.3863 | inball 0.459 | a*_q05 0.00022 | a*_q50 0.02806 | dV>=0 0.052 | n=150 | a_used 0.00241 -> 0.00228
  crit | n=1 | viol 0.415 | V 0.6853 | Vmin 0.2242 | agree +0.480 | a*_q05 -0.00575 | a*_q50 0.00422 | dV>=0 0.290 | beta 0.1366
  bell | direct viol 0.503 | direct dV>=0 0.446 | d_mean -0.00075 | d_std 0.02836 | d_q95 0.05248
[Episode 273/900] Steps: 720 | Reward:   -5.28 | Battery:  70.04% | Loss: -0.0018
Placing Sensors
[Episode 274/900] Steps:  80 | Reward:  -17.58 | Battery:   0.00% | Loss: 
Placing Sensors
[Episode 275/900] Steps: 720 | Reward:   -4.12 | Battery:  81.17% | Loss: 
Placing Sensors
Policy -0.0046 | Value 0.0129 | KL 0.00577 | CF 0.0686 | Std 0.1162 | |a| 0.0279 | EV +0.898 | Rsd 0.489 | Res 0.157 | AE 0.897 | Alpha 0.0393 | MB 24/24
  cert | viol 0.023 | dV -0.286978 | V 0.3330 | inball 0.515 | a*_q05 0.00488 | a*_q50 0.03367 | dV>=0 0.000 | n=150 | a_used 0.00228 -> 0.00239
  crit | n=1 | viol 0.518 | V 0.6200 | Vmin 0.1677 | agree +0.674 | a*_q05 -0.00583 | a*_q50 0.00213 | dV>=0 0.347 | beta 0.1321
  bell | direct viol 0.484 | direct dV>=0 0.437 | d_mean +0.00050 | d_std 0.03129 | d_q95 0.05922
[Episode 276/900] Steps: 720 | Reward:   -4.02 | Battery:  67.32% | Loss: 0.0411
Placing Sensors
[Episode 277/900] Steps: 720 | Reward:   -2.32 | Battery:  70.68% | Loss: 
Placing Sensors
Policy -0.0039 | Value 0.0046 | KL 0.00771 | CF 0.0960 | Std 0.1162 | |a| 0.0322 | EV +0.908 | Rsd 0.294 | Res 0.096 | AE 0.908 | Alpha 0.0380 | MB 24/24
  cert | viol 0.000 | dV -0.249710 | V 0.2618 | inball 0.655 | a*_q05 0.01398 | a*_q50 0.04050 | dV>=0 0.000 | n=150 | a_used 0.00239 -> 0.00256
  crit | n=1 | viol 0.475 | V 0.4130 | Vmin 0.1036 | agree +0.480 | a*_q05 -0.00684 | a*_q50 0.00314 | dV>=0 0.391 | beta 0.1274
  bell | direct viol 0.447 | direct dV>=0 0.416 | d_mean +0.00140 | d_std 0.02474 | d_q95 0.05169
[Episode 278/900] Steps: 720 | Reward:   -2.68 | Battery:  87.70% | Loss: -0.0516
Placing Sensors
[Episode 279/900] Steps: 720 | Reward:   -3.25 | Battery:  74.74% | Loss: 
Placing Sensors
Policy -0.0105 | Value 0.0051 | KL 0.01425 | CF 0.1765 | Std 0.1162 | |a| 0.0293 | EV +0.929 | Rsd 0.321 | Res 0.086 | AE 0.892 | Alpha 0.0368 | MB 24/24
  cert | viol 0.025 | dV -0.225158 | V 0.2822 | inball 0.545 | a*_q05 0.00452 | a*_q50 0.03009 | dV>=0 0.000 | n=150 | a_used 0.00256 -> 0.00264
  crit | n=1 | viol 0.376 | V 0.5287 | Vmin 0.1658 | agree +0.518 | a*_q05 -0.00550 | a*_q50 0.00444 | dV>=0 0.221 | beta 0.1253
  bell | direct viol 0.489 | direct dV>=0 0.438 | d_mean -0.00008 | d_std 0.02369 | d_q95 0.04850
[Episode 280/900] Steps: 720 | Reward:   -4.72 | Battery:  73.70% | Loss: -0.0591
Placing Sensors
[Episode 281/900] Steps: 720 | Reward:   -4.06 | Battery:  67.90% | Loss: 
Placing Sensors
Policy -0.0099 | Value 0.0051 | KL 0.01447 | CF 0.1507 | Std 0.1162 | |a| 0.0322 | EV +0.945 | Rsd 0.380 | Res 0.089 | AE 0.889 | Alpha 0.0355 | MB 24/24
  cert | viol 0.002 | dV -0.267288 | V 0.3032 | inball 0.540 | a*_q05 0.00715 | a*_q50 0.03552 | dV>=0 0.000 | n=150 | a_used 0.00264 -> 0.00275
  crit | n=1 | viol 0.456 | V 0.5660 | Vmin 0.1860 | agree +0.615 | a*_q05 -0.00562 | a*_q50 0.00302 | dV>=0 0.292 | beta 0.1229
  bell | direct viol 0.487 | direct dV>=0 0.437 | d_mean +0.00173 | d_std 0.02470 | d_q95 0.04219
[Episode 282/900] Steps: 720 | Reward:   -4.20 | Battery:  75.16% | Loss: -0.0299
Placing Sensors
[Episode 283/900] Steps:  72 | Reward:  -17.69 | Battery:   0.00% | Loss: 
Placing Sensors
[Episode 284/900] Steps: 720 | Reward:   -4.59 | Battery:  83.29% | Loss: 
Placing Sensors
Policy -0.0099 | Value 0.0205 | KL 0.00935 | CF 0.1185 | Std 0.1162 | |a| 0.0320 | EV +0.854 | Rsd 0.479 | Res 0.189 | AE 0.895 | Alpha 0.0343 | MB 24/24
  cert | viol 0.023 | dV -0.330270 | V 0.3921 | inball 0.523 | a*_q05 0.00512 | a*_q50 0.03195 | dV>=0 0.000 | n=150 | a_used 0.00275 -> 0.00281
  crit | n=1 | viol 0.351 | V 0.6175 | Vmin 0.1946 | agree +0.726 | a*_q05 -0.00573 | a*_q50 0.00536 | dV>=0 0.205 | beta 0.1214
  bell | direct viol 0.481 | direct dV>=0 0.415 | d_mean -0.00026 | d_std 0.02735 | d_q95 0.05609
[Episode 285/900] Steps: 720 | Reward:   -4.48 | Battery:  76.38% | Loss: 0.1459
Placing Sensors
[Episode 286/900] Steps: 720 | Reward:   -4.39 | Battery:  75.10% | Loss: 
Placing Sensors
Policy -0.0040 | Value 0.0061 | KL 0.01161 | CF 0.1585 | Std 0.1163 | |a| 0.0309 | EV +0.910 | Rsd 0.346 | Res 0.105 | AE 0.912 | Alpha 0.0331 | MB 24/24
  cert | viol 0.000 | dV -0.199598 | V 0.2414 | inball 0.515 | a*_q05 0.00595 | a*_q50 0.02788 | dV>=0 0.000 | n=150 | a_used 0.00281 -> 0.00292
  crit | n=1 | viol 0.472 | V 0.5963 | Vmin 0.2128 | agree +0.403 | a*_q05 -0.00538 | a*_q50 0.00322 | dV>=0 0.256 | beta 0.1202
  bell | direct viol 0.463 | direct dV>=0 0.407 | d_mean +0.00119 | d_std 0.02043 | d_q95 0.04231
[Episode 287/900] Steps: 720 | Reward:   -3.69 | Battery:  72.05% | Loss: 0.0138
Placing Sensors
[Episode 288/900] Steps:  67 | Reward:  -17.70 | Battery:   0.00% | Loss: 
Placing Sensors
[Episode 289/900] Steps: 720 | Reward:   -3.56 | Battery:  79.06% | Loss: 
Placing Sensors
Policy -0.0099 | Value 0.0123 | KL 0.01096 | CF 0.1182 | Std 0.1163 | |a| 0.0277 | EV +0.853 | Rsd 0.420 | Res 0.166 | AE 0.919 | Alpha 0.0320 | MB 24/24
  cert | viol 0.004 | dV -0.190077 | V 0.2269 | inball 0.547 | a*_q05 0.00528 | a*_q50 0.03057 | dV>=0 0.000 | n=150 | a_used 0.00292 -> 0.00304
  crit | n=1 | viol 0.340 | V 0.5420 | Vmin 0.2188 | agree +0.565 | a*_q05 -0.00546 | a*_q50 0.00504 | dV>=0 0.199 | beta 0.1195
  bell | direct viol 0.487 | direct dV>=0 0.433 | d_mean -0.00058 | d_std 0.02092 | d_q95 0.03892
[Episode 290/900] Steps: 720 | Reward:   -3.54 | Battery:  81.54% | Loss: 0.0686
Placing Sensors
[Episode 291/900] Steps: 720 | Reward:   -4.97 | Battery:  67.47% | Loss: 
Placing Sensors
Policy -0.0096 | Value 0.0127 | KL 0.00931 | CF 0.1246 | Std 0.1164 | |a| 0.0298 | EV +0.853 | Rsd 0.347 | Res 0.140 | AE 0.915 | Alpha 0.0309 | MB 24/24
  cert | viol 0.040 | dV -0.222013 | V 0.3028 | inball 0.392 | a*_q05 0.00336 | a*_q50 0.02275 | dV>=0 0.000 | n=150 | a_used 0.00304 -> 0.00303
  crit | n=1 | viol 0.329 | V 0.6362 | Vmin 0.2168 | agree +0.585 | a*_q05 -0.00356 | a*_q50 0.00556 | dV>=0 0.194 | beta 0.1202
  bell | direct viol 0.494 | direct dV>=0 0.447 | d_mean -0.00136 | d_std 0.02747 | d_q95 0.05508
[Episode 292/900] Steps: 720 | Reward:   -5.88 | Battery:  72.00% | Loss: -0.0474
Placing Sensors
[Episode 293/900] Steps: 720 | Reward:   -3.92 | Battery:  70.50% | Loss: 
Placing Sensors
Policy 0.0029 | Value 0.0050 | KL 0.01459 | CF 0.1810 | Std 0.1164 | |a| 0.0347 | EV +0.945 | Rsd 0.353 | Res 0.085 | AE 0.898 | Alpha 0.0299 | MB 24/24
  cert | viol 0.025 | dV -0.233267 | V 0.2784 | inball 0.524 | a*_q05 0.00570 | a*_q50 0.02910 | dV>=0 0.000 | n=150 | a_used 0.00303 -> 0.00315
  crit | n=1 | viol 0.575 | V 0.6421 | Vmin 0.2814 | agree +0.620 | a*_q05 -0.00578 | a*_q50 0.00243 | dV>=0 0.282 | beta 0.1206
  bell | direct viol 0.513 | direct dV>=0 0.449 | d_mean +0.00058 | d_std 0.02787 | d_q95 0.05898
[Episode 294/900] Steps: 720 | Reward:   -4.80 | Battery:  76.70% | Loss: 0.2178
Placing Sensors
[Episode 295/900] Steps: 720 | Reward:   -3.06 | Battery:  81.80% | Loss: 
Placing Sensors
Policy -0.0106 | Value 0.0062 | KL 0.00932 | CF 0.1214 | Std 0.1164 | |a| 0.0320 | EV +0.815 | Rsd 0.266 | Res 0.115 | AE 0.906 | Alpha 0.0288 | MB 24/24
  cert | viol 0.000 | dV -0.224803 | V 0.2456 | inball 0.596 | a*_q05 0.00939 | a*_q50 0.03077 | dV>=0 0.000 | n=150 | a_used 0.00315 -> 0.00333
  crit | n=1 | viol 0.563 | V 0.4948 | Vmin 0.2643 | agree +0.602 | a*_q05 -0.00574 | a*_q50 0.00212 | dV>=0 0.336 | beta 0.1204
  bell | direct viol 0.438 | direct dV>=0 0.386 | d_mean +0.00111 | d_std 0.02400 | d_q95 0.04987
[Episode 296/900] Steps: 720 | Reward:   -4.16 | Battery:  77.46% | Loss: -0.0674
Placing Sensors
[Episode 297/900] Steps: 720 | Reward:   -2.82 | Battery:  84.66% | Loss: 
Placing Sensors
Policy -0.0066 | Value 0.0042 | KL 0.01307 | CF 0.1512 | Std 0.1164 | |a| 0.0406 | EV +0.856 | Rsd 0.234 | Res 0.089 | AE 0.902 | Alpha 0.0279 | MB 24/24
  cert | viol 0.032 | dV -0.254271 | V 0.3013 | inball 0.548 | a*_q05 0.00492 | a*_q50 0.03232 | dV>=0 0.000 | n=150 | a_used 0.00333 -> 0.00331
  crit | n=1 | viol 0.466 | V 0.5107 | Vmin 0.2383 | agree +0.614 | a*_q05 -0.00658 | a*_q50 0.00398 | dV>=0 0.354 | beta 0.1207
  bell | direct viol 0.478 | direct dV>=0 0.418 | d_mean -0.00011 | d_std 0.02149 | d_q95 0.04333
[Episode 298/900] Steps: 720 | Reward:   -4.88 | Battery:  75.18% | Loss: 0.1339
Placing Sensors
[Episode 299/900] Steps: 720 | Reward:   -3.69 | Battery:  80.61% | Loss: 
Placing Sensors
Policy 0.0039 | Value 0.0029 | KL 0.01304 | CF 0.1715 | Std 0.1164 | |a| 0.0310 | EV +0.894 | Rsd 0.232 | Res 0.076 | AE 0.905 | Alpha 0.0269 | MB 24/24
  cert | viol 0.023 | dV -0.203570 | V 0.2430 | inball 0.538 | a*_q05 0.00509 | a*_q50 0.02983 | dV>=0 0.000 | n=150 | a_used 0.00331 -> 0.00342
  crit | n=1 | viol 0.433 | V 0.5185 | Vmin 0.2369 | agree +0.480 | a*_q05 -0.00588 | a*_q50 0.00431 | dV>=0 0.262 | beta 0.1204
  bell | direct viol 0.478 | direct dV>=0 0.415 | d_mean +0.00002 | d_std 0.01711 | d_q95 0.03374
[Episode 300/900] Steps: 720 | Reward:   -3.93 | Battery:  70.56% | Loss: 0.1021
Placing Sensors
[Episode 301/900] Steps: 720 | Reward:   -4.84 | Battery:  81.38% | Loss: 
Placing Sensors
Policy -0.0094 | Value 0.0053 | KL 0.01153 | CF 0.1454 | Std 0.1164 | |a| 0.0366 | EV +0.917 | Rsd 0.309 | Res 0.091 | AE 0.904 | Alpha 0.0260 | MB 24/24
  cert | viol 0.048 | dV -0.324356 | V 0.3794 | inball 0.585 | a*_q05 0.00454 | a*_q50 0.03406 | dV>=0 0.007 | n=150 | a_used 0.00342 -> 0.00353
  crit | n=1 | viol 0.297 | V 0.5106 | Vmin 0.2251 | agree +0.637 | a*_q05 -0.00506 | a*_q50 0.00846 | dV>=0 0.185 | beta 0.1199
  bell | direct viol 0.474 | direct dV>=0 0.405 | d_mean -0.00182 | d_std 0.02034 | d_q95 0.04039
[Episode 302/900] Steps: 720 | Reward:   -3.85 | Battery:  83.75% | Loss: -0.0302
Placing Sensors
[Episode 303/900] Steps: 720 | Reward:   -4.04 | Battery:  71.04% | Loss: 
Placing Sensors
Policy -0.0084 | Value 0.0048 | KL 0.01884 | CF 0.2101 | Std 0.1164 | |a| 0.0431 | EV +0.878 | Rsd 0.272 | Res 0.098 | AE 0.884 | Alpha 0.0252 | MB 24/24
  cert | viol 0.006 | dV -0.255875 | V 0.2826 | inball 0.469 | a*_q05 0.00937 | a*_q50 0.03192 | dV>=0 0.000 | n=150 | a_used 0.00353 -> 0.00372
  crit | n=1 | viol 0.583 | V 0.5347 | Vmin 0.2112 | agree +0.595 | a*_q05 -0.00622 | a*_q50 0.00206 | dV>=0 0.396 | beta 0.1197
  bell | direct viol 0.468 | direct dV>=0 0.410 | d_mean +0.00047 | d_std 0.02497 | d_q95 0.05192
[Episode 304/900] Steps: 720 | Reward:   -4.74 | Battery:  72.32% | Loss: 0.0173
Placing Sensors
[Episode 305/900] Steps: 720 | Reward:   -3.87 | Battery:  71.46% | Loss: 
Placing Sensors
Policy -0.0101 | Value 0.0056 | KL 0.01851 | CF 0.2126 | Std 0.1165 | |a| 0.0350 | EV +0.904 | Rsd 0.294 | Res 0.094 | AE 0.912 | Alpha 0.0243 | MB 24/24
  cert | viol 0.005 | dV -0.278224 | V 0.2989 | inball 0.564 | a*_q05 0.00907 | a*_q50 0.03509 | dV>=0 0.000 | n=150 | a_used 0.00372 -> 0.00388
  crit | n=1 | viol 0.424 | V 0.5104 | Vmin 0.2284 | agree +0.384 | a*_q05 -0.00687 | a*_q50 0.00633 | dV>=0 0.321 | beta 0.1190
  bell | direct viol 0.483 | direct dV>=0 0.408 | d_mean -0.00015 | d_std 0.02281 | d_q95 0.03781
[Episode 306/900] Steps: 720 | Reward:   -4.21 | Battery:  76.66% | Loss: 0.0649
Placing Sensors
[Episode 307/900] Steps: 720 | Reward:   -3.26 | Battery:  77.69% | Loss: 
Placing Sensors
Policy -0.0064 | Value 0.0044 | KL 0.01874 | CF 0.1941 | Std 0.1165 | |a| 0.0352 | EV +0.902 | Rsd 0.282 | Res 0.091 | AE 0.907 | Alpha 0.0235 | MB 24/24
  cert | viol 0.158 | dV -0.227524 | V 0.3161 | inball 0.530 | a*_q05 0.00180 | a*_q50 0.02954 | dV>=0 0.000 | n=150 | a_used 0.00388 -> 0.00377
  crit | n=1 | viol 0.356 | V 0.5010 | Vmin 0.1913 | agree +0.657 | a*_q05 -0.00594 | a*_q50 0.00574 | dV>=0 0.220 | beta 0.1176
  bell | direct viol 0.516 | direct dV>=0 0.432 | d_mean -0.00160 | d_std 0.02646 | d_q95 0.05415
[Episode 308/900] Steps: 720 | Reward:   -5.05 | Battery:  83.13% | Loss: -0.0290
Placing Sensors
[Episode 309/900] Steps: 720 | Reward:   -3.95 | Battery:  72.18% | Loss: 
Placing Sensors
Policy -0.0050 | Value 0.0027 | KL 0.01233 | CF 0.1493 | Std 0.1165 | |a| 0.0391 | EV +0.939 | Rsd 0.270 | Res 0.067 | AE 0.901 | Alpha 0.0227 | MB 24/24
  cert | viol 0.000 | dV -0.209124 | V 0.2394 | inball 0.570 | a*_q05 0.00751 | a*_q50 0.03401 | dV>=0 0.000 | n=150 | a_used 0.00377 -> 0.00390
  crit | n=1 | viol 0.602 | V 0.4919 | Vmin 0.1947 | agree +0.502 | a*_q05 -0.00613 | a*_q50 0.00196 | dV>=0 0.322 | beta 0.1170
  bell | direct viol 0.471 | direct dV>=0 0.393 | d_mean +0.00150 | d_std 0.01782 | d_q95 0.03403
[Episode 310/900] Steps: 720 | Reward:   -3.10 | Battery:  79.92% | Loss: 0.1563
Placing Sensors
[Episode 311/900] Steps: 720 | Reward:   -3.80 | Battery:  74.55% | Loss: 
Placing Sensors
[Episode 312/900] Steps:  84 | Reward:  -17.48 | Battery:   0.00% | Loss: 
Placing Sensors
Policy -0.0061 | Value 0.0161 | KL 0.01653 | CF 0.1649 | Std 0.1165 | |a| 0.0375 | EV +0.813 | Rsd 0.441 | Res 0.198 | AE 0.905 | Alpha 0.0219 | MB 24/24
  cert | viol 0.011 | dV -0.291090 | V 0.3170 | inball 0.530 | a*_q05 0.00715 | a*_q50 0.03833 | dV>=0 0.000 | n=150 | a_used 0.00390 -> 0.00401
  crit | n=1 | viol 0.374 | V 0.5732 | Vmin 0.2021 | agree +0.498 | a*_q05 -0.00673 | a*_q50 0.00702 | dV>=0 0.288 | beta 0.1148
  bell | direct viol 0.510 | direct dV>=0 0.436 | d_mean -0.00169 | d_std 0.02365 | d_q95 0.04485
[Episode 313/900] Steps: 720 | Reward:   -3.79 | Battery:  68.21% | Loss: -0.0219
Placing Sensors
[Episode 314/900] Steps: 720 | Reward:   -3.44 | Battery:  75.93% | Loss: 
Placing Sensors
Policy -0.0069 | Value 0.0031 | KL 0.01402 | CF 0.1803 | Std 0.1166 | |a| 0.0364 | EV +0.909 | Rsd 0.240 | Res 0.073 | AE 0.911 | Alpha 0.0212 | MB 24/24
  cert | viol 0.010 | dV -0.222635 | V 0.2529 | inball 0.621 | a*_q05 0.00598 | a*_q50 0.03515 | dV>=0 0.000 | n=150 | a_used 0.00401 -> 0.00405
  crit | n=1 | viol 0.478 | V 0.4230 | Vmin 0.1599 | agree +0.701 | a*_q05 -0.00479 | a*_q50 0.00434 | dV>=0 0.229 | beta 0.1134
  bell | direct viol 0.509 | direct dV>=0 0.441 | d_mean -0.00009 | d_std 0.01899 | d_q95 0.03536
[Episode 315/900] Steps: 720 | Reward:   -2.87 | Battery:  86.45% | Loss: -0.0956
Placing Sensors
[Episode 316/900] Steps: 720 | Reward:   -2.41 | Battery:  79.96% | Loss: 
Placing Sensors
Policy -0.0116 | Value 0.0028 | KL 0.00960 | CF 0.1094 | Std 0.1166 | |a| 0.0348 | EV +0.912 | Rsd 0.245 | Res 0.073 | AE 0.917 | Alpha 0.0205 | MB 24/24
  cert | viol 0.057 | dV -0.203532 | V 0.2384 | inball 0.586 | a*_q05 0.00414 | a*_q50 0.03766 | dV>=0 0.000 | n=150 | a_used 0.00405 -> 0.00402
  crit | n=1 | viol 0.647 | V 0.4257 | Vmin 0.1307 | agree +0.652 | a*_q05 -0.00668 | a*_q50 0.00242 | dV>=0 0.314 | beta 0.1119
  bell | direct viol 0.514 | direct dV>=0 0.434 | d_mean +0.00062 | d_std 0.01825 | d_q95 0.03489
[Episode 317/900] Steps: 720 | Reward:   -3.80 | Battery:  72.49% | Loss: -0.1182
Placing Sensors
[Episode 318/900] Steps: 115 | Reward:  -17.41 | Battery:   0.00% | Loss: 
Placing Sensors
[Episode 319/900] Steps: 720 | Reward:   -3.79 | Battery:  68.44% | Loss: 
Placing Sensors
Policy 0.0421 | Value 0.0577 | KL 0.03238 | CF 0.1727 | Std 0.1166 | |a| 0.0405 | EV +0.602 | Rsd 0.383 | Res 0.243 | AE 0.896 | Alpha 0.0197 | MB 9/28
  cert | viol 0.000 | dV -0.246744 | V 0.2734 | inball 0.551 | a*_q05 0.00866 | a*_q50 0.03345 | dV>=0 0.000 | n=150 | a_used 0.00402 -> 0.00416
  crit | n=1 | viol 0.471 | V 0.6247 | Vmin 0.1401 | agree +0.445 | a*_q05 -0.00531 | a*_q50 0.00484 | dV>=0 0.300 | beta 0.1122
  bell | direct viol 0.482 | direct dV>=0 0.386 | d_mean +0.00092 | d_std 0.02376 | d_q95 0.04770
[Episode 320/900] Steps: 720 | Reward:   -3.35 | Battery:  74.15% | Loss: 0.4433
Placing Sensors
[Episode 321/900] Steps: 720 | Reward:   -4.01 | Battery:  78.57% | Loss: 
Placing Sensors
Policy 0.0009 | Value 0.0061 | KL 0.01581 | CF 0.1876 | Std 0.1166 | |a| 0.0471 | EV +0.881 | Rsd 0.294 | Res 0.102 | AE 0.897 | Alpha 0.0191 | MB 24/24
  cert | viol 0.092 | dV -0.227656 | V 0.2790 | inball 0.590 | a*_q05 0.00336 | a*_q50 0.03269 | dV>=0 0.000 | n=150 | a_used 0.00416 -> 0.00411
  crit | n=1 | viol 0.547 | V 0.4944 | Vmin 0.1752 | agree +0.616 | a*_q05 -0.00617 | a*_q50 0.00348 | dV>=0 0.283 | beta 0.1111
  bell | direct viol 0.501 | direct dV>=0 0.442 | d_mean +0.00020 | d_std 0.03263 | d_q95 0.06497
[Episode 322/900] Steps: 720 | Reward:   -3.70 | Battery:  79.87% | Loss: 0.1150
Placing Sensors
[Episode 323/900] Steps:  88 | Reward:  -17.38 | Battery:   0.00% | Loss: 
Placing Sensors
[Episode 324/900] Steps:  73 | Reward:  -17.42 | Battery:   0.00% | Loss: 
Placing Sensors
[Episode 325/900] Steps: 720 | Reward:   -3.70 | Battery:  58.09% | Loss: 
Placing Sensors
Policy 0.0116 | Value 0.0333 | KL 0.02072 | CF 0.1923 | Std 0.1166 | |a| 0.0499 | EV +0.756 | Rsd 0.482 | Res 0.240 | AE 0.922 | Alpha 0.0184 | MB 21/28
  cert | viol 0.000 | dV -0.243431 | V 0.2548 | inball 0.542 | a*_q05 0.01372 | a*_q50 0.04020 | dV>=0 0.000 | n=150 | a_used 0.00411 -> 0.00430
  crit | n=1 | viol 0.749 | V 0.6168 | Vmin 0.2076 | agree +0.791 | a*_q05 -0.00709 | a*_q50 0.00202 | dV>=0 0.289 | beta 0.1113
  bell | direct viol 0.495 | direct dV>=0 0.435 | d_mean +0.00275 | d_std 0.02893 | d_q95 0.05862
[Episode 326/900] Steps: 720 | Reward:   -2.62 | Battery:  80.41% | Loss: 0.1417
Placing Sensors
[Episode 327/900] Steps: 720 | Reward:   -4.13 | Battery:  61.82% | Loss: 
Placing Sensors
Policy 0.0046 | Value 0.0070 | KL 0.02275 | CF 0.2619 | Std 0.1166 | |a| 0.0497 | EV +0.906 | Rsd 0.375 | Res 0.116 | AE 0.935 | Alpha 0.0177 | MB 18/24
  cert | viol 0.008 | dV -0.188941 | V 0.2202 | inball 0.462 | a*_q05 0.00693 | a*_q50 0.03154 | dV>=0 0.000 | n=150 | a_used 0.00430 -> 0.00439
  crit | n=1 | viol 0.557 | V 0.5904 | Vmin 0.2237 | agree +0.221 | a*_q05 -0.00534 | a*_q50 0.00285 | dV>=0 0.416 | beta 0.1103
  bell | direct viol 0.535 | direct dV>=0 0.461 | d_mean -0.00007 | d_std 0.02184 | d_q95 0.03629
[Episode 328/900] Steps: 720 | Reward:   -3.78 | Battery:  53.73% | Loss: 0.1578
Placing Sensors
[Episode 329/900] Steps: 720 | Reward:   -5.13 | Battery:  69.80% | Loss: 
Placing Sensors
Policy -0.0041 | Value 0.0052 | KL 0.01398 | CF 0.1797 | Std 0.1167 | |a| 0.0576 | EV +0.914 | Rsd 0.334 | Res 0.098 | AE 0.925 | Alpha 0.0171 | MB 24/24
  cert | viol 0.029 | dV -0.229468 | V 0.2853 | inball 0.426 | a*_q05 0.00549 | a*_q50 0.02502 | dV>=0 0.000 | n=150 | a_used 0.00439 -> 0.00441
  crit | n=1 | viol 0.615 | V 0.6833 | Vmin 0.2771 | agree +0.532 | a*_q05 -0.00498 | a*_q50 0.00238 | dV>=0 0.315 | beta 0.1121
  bell | direct viol 0.545 | direct dV>=0 0.454 | d_mean +0.00025 | d_std 0.01980 | d_q95 0.04043
[Episode 330/900] Steps: 720 | Reward:   -5.35 | Battery:  64.27% | Loss: 0.0352
Placing Sensors
[Episode 331/900] Steps: 720 | Reward:   -3.87 | Battery:  68.83% | Loss: 
Placing Sensors
Policy -0.0124 | Value 0.0029 | KL 0.01182 | CF 0.1602 | Std 0.1167 | |a| 0.0529 | EV +0.890 | Rsd 0.216 | Res 0.072 | AE 0.933 | Alpha 0.0166 | MB 24/24
  cert | viol 0.020 | dV -0.185436 | V 0.2134 | inball 0.559 | a*_q05 0.00741 | a*_q50 0.03012 | dV>=0 0.000 | n=150 | a_used 0.00441 -> 0.00452
  crit | n=1 | viol 0.565 | V 0.5016 | Vmin 0.2858 | agree +0.358 | a*_q05 -0.00502 | a*_q50 0.00367 | dV>=0 0.278 | beta 0.1128
  bell | direct viol 0.515 | direct dV>=0 0.446 | d_mean -0.00041 | d_std 0.01828 | d_q95 0.03623
[Episode 332/900] Steps: 720 | Reward:   -3.45 | Battery:  77.03% | Loss: -0.0670
Placing Sensors
[Episode 333/900] Steps: 720 | Reward:   -4.56 | Battery:  79.83% | Loss: 
Placing Sensors
Policy -0.0059 | Value 0.0041 | KL 0.01621 | CF 0.1834 | Std 0.1167 | |a| 0.0489 | EV +0.869 | Rsd 0.253 | Res 0.091 | AE 0.929 | Alpha 0.0160 | MB 24/24
  cert | viol 0.034 | dV -0.256251 | V 0.3001 | inball 0.542 | a*_q05 0.00663 | a*_q50 0.02935 | dV>=0 0.000 | n=150 | a_used 0.00452 -> 0.00445
  crit | n=1 | viol 0.465 | V 0.5335 | Vmin 0.2616 | agree +0.599 | a*_q05 -0.00609 | a*_q50 0.00517 | dV>=0 0.262 | beta 0.1139
  bell | direct viol 0.511 | direct dV>=0 0.453 | d_mean -0.00066 | d_std 0.02424 | d_q95 0.04674
[Episode 334/900] Steps: 720 | Reward:   -3.64 | Battery:  83.02% | Loss: 0.0496
Placing Sensors
[Episode 335/900] Steps: 720 | Reward:   -4.22 | Battery:  76.20% | Loss: 
Placing Sensors
Policy -0.0086 | Value 0.0044 | KL 0.00820 | CF 0.1003 | Std 0.1167 | |a| 0.0522 | EV +0.911 | Rsd 0.246 | Res 0.076 | AE 0.928 | Alpha 0.0155 | MB 24/24
  cert | viol 0.048 | dV -0.234871 | V 0.2899 | inball 0.502 | a*_q05 0.00493 | a*_q50 0.02914 | dV>=0 0.000 | n=150 | a_used 0.00445 -> 0.00447
  crit | n=1 | viol 0.492 | V 0.5112 | Vmin 0.2572 | agree +0.779 | a*_q05 -0.00667 | a*_q50 0.00457 | dV>=0 0.297 | beta 0.1147
  bell | direct viol 0.525 | direct dV>=0 0.448 | d_mean -0.00047 | d_std 0.01946 | d_q95 0.04135
[Episode 336/900] Steps: 720 | Reward:   -4.87 | Battery:  85.32% | Loss: 0.1439
Placing Sensors
[Episode 337/900] Steps: 720 | Reward:   -4.25 | Battery:  73.92% | Loss: 
Placing Sensors
Policy -0.0152 | Value 0.0044 | KL 0.01105 | CF 0.1426 | Std 0.1167 | |a| 0.0465 | EV +0.879 | Rsd 0.207 | Res 0.072 | AE 0.939 | Alpha 0.0150 | MB 24/24
  cert | viol 0.002 | dV -0.235241 | V 0.2695 | inball 0.533 | a*_q05 0.00786 | a*_q50 0.02895 | dV>=0 0.000 | n=150 | a_used 0.00447 -> 0.00459
  crit | n=1 | viol 0.585 | V 0.5080 | Vmin 0.2687 | agree +0.725 | a*_q05 -0.00617 | a*_q50 0.00302 | dV>=0 0.315 | beta 0.1159
  bell | direct viol 0.524 | direct dV>=0 0.435 | d_mean +0.00003 | d_std 0.02066 | d_q95 0.04296
[Episode 338/900] Steps: 720 | Reward:   -3.90 | Battery:  81.21% | Loss: -0.1308
Placing Sensors
[Episode 339/900] Steps: 720 | Reward:   -3.92 | Battery:  74.11% | Loss: 
Placing Sensors
Policy 0.0068 | Value 0.0058 | KL 0.03190 | CF 0.3233 | Std 0.1167 | |a| 0.0411 | EV +0.885 | Rsd 0.219 | Res 0.084 | AE 0.931 | Alpha 0.0145 | MB 6/24
  cert | viol 0.027 | dV -0.207693 | V 0.2412 | inball 0.575 | a*_q05 0.00614 | a*_q50 0.03199 | dV>=0 0.000 | n=150 | a_used 0.00459 -> 0.00462
  crit | n=1 | viol 0.600 | V 0.5419 | Vmin 0.2757 | agree +0.515 | a*_q05 -0.00670 | a*_q50 0.00304 | dV>=0 0.311 | beta 0.1178
  bell | direct viol 0.516 | direct dV>=0 0.443 | d_mean +0.00083 | d_std 0.01698 | d_q95 0.03412
[Episode 340/900] Steps: 720 | Reward:   -3.37 | Battery:  87.46% | Loss: 0.0722
Placing Sensors
[Episode 341/900] Steps: 720 | Reward:   -5.60 | Battery:  50.25% | Loss: 
Placing Sensors
Policy 0.0023 | Value 0.0052 | KL 0.01090 | CF 0.1337 | Std 0.1168 | |a| 0.0508 | EV +0.863 | Rsd 0.276 | Res 0.109 | AE 0.935 | Alpha 0.0140 | MB 24/24
  cert | viol 0.101 | dV -0.272449 | V 0.3346 | inball 0.445 | a*_q05 0.00337 | a*_q50 0.03049 | dV>=0 0.022 | n=150 | a_used 0.00462 -> 0.00456
  crit | n=1 | viol 0.551 | V 0.6097 | Vmin 0.2279 | agree +0.481 | a*_q05 -0.00609 | a*_q50 0.00347 | dV>=0 0.305 | beta 0.1180
  bell | direct viol 0.585 | direct dV>=0 0.482 | d_mean -0.00144 | d_std 0.01844 | d_q95 0.03825
[Episode 342/900] Steps: 720 | Reward:   -4.58 | Battery:  74.58% | Loss: 0.0997
Placing Sensors
[Episode 343/900] Steps: 720 | Reward:   -3.70 | Battery:  70.28% | Loss: 
Placing Sensors
Policy -0.0098 | Value 0.0026 | KL 0.00805 | CF 0.0927 | Std 0.1168 | |a| 0.0427 | EV +0.957 | Rsd 0.294 | Res 0.063 | AE 0.926 | Alpha 0.0135 | MB 24/24
  cert | viol 0.020 | dV -0.262614 | V 0.2952 | inball 0.519 | a*_q05 0.00706 | a*_q50 0.03612 | dV>=0 0.000 | n=150 | a_used 0.00456 -> 0.00468
  crit | n=1 | viol 0.594 | V 0.6061 | Vmin 0.2495 | agree +0.454 | a*_q05 -0.00580 | a*_q50 0.00251 | dV>=0 0.400 | beta 0.1187
  bell | direct viol 0.565 | direct dV>=0 0.450 | d_mean +0.00009 | d_std 0.01496 | d_q95 0.03014
[Episode 344/900] Steps: 720 | Reward:   -4.81 | Battery:  57.25% | Loss: -0.1036
Placing Sensors
[Episode 345/900] Steps: 720 | Reward:   -3.37 | Battery:  77.49% | Loss: 
Placing Sensors
Policy -0.0006 | Value 0.0037 | KL 0.01287 | CF 0.1410 | Std 0.1167 | |a| 0.0438 | EV +0.909 | Rsd 0.276 | Res 0.089 | AE 0.919 | Alpha 0.0131 | MB 24/24
  cert | viol 0.022 | dV -0.246587 | V 0.2783 | inball 0.591 | a*_q05 0.00703 | a*_q50 0.03463 | dV>=0 0.000 | n=150 | a_used 0.00468 -> 0.00482
  crit | n=1 | viol 0.627 | V 0.5761 | Vmin 0.2381 | agree +0.481 | a*_q05 -0.00645 | a*_q50 0.00224 | dV>=0 0.394 | beta 0.1199
  bell | direct viol 0.522 | direct dV>=0 0.425 | d_mean +0.00050 | d_std 0.01712 | d_q95 0.03511
[Episode 346/900] Steps: 720 | Reward:   -3.99 | Battery:  73.45% | Loss: -0.1203
Placing Sensors
[Episode 347/900] Steps: 720 | Reward:   -4.00 | Battery:  60.57% | Loss: 
Placing Sensors
Policy -0.0074 | Value 0.0031 | KL 0.01121 | CF 0.1342 | Std 0.1167 | |a| 0.0463 | EV +0.957 | Rsd 0.323 | Res 0.067 | AE 0.912 | Alpha 0.0126 | MB 24/24
  cert | viol 0.022 | dV -0.262954 | V 0.2910 | inball 0.524 | a*_q05 0.00718 | a*_q50 0.03438 | dV>=0 0.000 | n=150 | a_used 0.00482 -> 0.00500
  crit | n=1 | viol 0.588 | V 0.5631 | Vmin 0.1958 | agree +0.451 | a*_q05 -0.00617 | a*_q50 0.00332 | dV>=0 0.361 | beta 0.1202
  bell | direct viol 0.550 | direct dV>=0 0.448 | d_mean +0.00048 | d_std 0.02025 | d_q95 0.03851
[Episode 348/900] Steps: 720 | Reward:   -4.04 | Battery:  70.18% | Loss: -0.1225
Placing Sensors
[Episode 349/900] Steps: 720 | Reward:   -2.95 | Battery:  83.64% | Loss: 
Placing Sensors
Policy -0.0068 | Value 0.0040 | KL 0.01210 | CF 0.1381 | Std 0.1167 | |a| 0.0515 | EV +0.936 | Rsd 0.278 | Res 0.094 | AE 0.910 | Alpha 0.0122 | MB 24/24
  cert | viol 0.000 | dV -0.222347 | V 0.2399 | inball 0.613 | a*_q05 0.01112 | a*_q50 0.03587 | dV>=0 0.000 | n=150 | a_used 0.00500 -> 0.00518
  crit | n=1 | viol 0.903 | V 0.5267 | Vmin 0.1984 | agree +0.738 | a*_q05 -0.00654 | a*_q50 0.00081 | dV>=0 0.422 | beta 0.1198
  bell | direct viol 0.524 | direct dV>=0 0.423 | d_mean +0.00254 | d_std 0.02115 | d_q95 0.04359
[Episode 350/900] Steps: 720 | Reward:   -3.42 | Battery:  80.50% | Loss: -0.1078
Placing Sensors
[Episode 351/900] Steps: 720 | Reward:   -3.58 | Battery:  78.28% | Loss: 
Placing Sensors
Policy -0.0123 | Value 0.0033 | KL 0.01901 | CF 0.2012 | Std 0.1167 | |a| 0.0528 | EV +0.933 | Rsd 0.289 | Res 0.075 | AE 0.920 | Alpha 0.0118 | MB 24/24
  cert | viol 0.050 | dV -0.240551 | V 0.2837 | inball 0.562 | a*_q05 0.00594 | a*_q50 0.03116 | dV>=0 0.000 | n=150 | a_used 0.00518 -> 0.00522
  crit | n=1 | viol 0.521 | V 0.5106 | Vmin 0.1958 | agree +0.637 | a*_q05 -0.00464 | a*_q50 0.00480 | dV>=0 0.223 | beta 0.1185
  bell | direct viol 0.524 | direct dV>=0 0.425 | d_mean -0.00054 | d_std 0.01903 | d_q95 0.03810
[Episode 352/900] Steps: 720 | Reward:   -4.26 | Battery:  77.98% | Loss: 0.0535
Placing Sensors
[Episode 353/900] Steps: 720 | Reward:   -3.78 | Battery:  83.69% | Loss: 
Placing Sensors
Policy -0.0114 | Value 0.0025 | KL 0.01152 | CF 0.1381 | Std 0.1168 | |a| 0.0527 | EV +0.937 | Rsd 0.294 | Res 0.074 | AE 0.922 | Alpha 0.0114 | MB 24/24
  cert | viol 0.064 | dV -0.281999 | V 0.3294 | inball 0.572 | a*_q05 0.00494 | a*_q50 0.03226 | dV>=0 0.000 | n=150 | a_used 0.00522 -> 0.00516
  crit | n=1 | viol 0.514 | V 0.5134 | Vmin 0.1897 | agree +0.676 | a*_q05 -0.00561 | a*_q50 0.00518 | dV>=0 0.219 | beta 0.1172
  bell | direct viol 0.515 | direct dV>=0 0.425 | d_mean -0.00058 | d_std 0.01712 | d_q95 0.03556
[Episode 354/900] Steps: 720 | Reward:   -4.44 | Battery:  78.28% | Loss: 0.0058
Placing Sensors
[Episode 355/900] Steps: 720 | Reward:   -3.07 | Battery:  75.95% | Loss: 
Placing Sensors
[Episode 356/900] Steps:  80 | Reward:  -17.64 | Battery:   0.00% | Loss: 
Placing Sensors
Policy -0.0007 | Value 0.0280 | KL 0.02638 | CF 0.1691 | Std 0.1168 | |a| 0.0500 | EV +0.747 | Rsd 0.403 | Res 0.203 | AE 0.914 | Alpha 0.0110 | MB 18/24
  cert | viol 0.000 | dV -0.226368 | V 0.2360 | inball 0.577 | a*_q05 0.01263 | a*_q50 0.04079 | dV>=0 0.000 | n=150 | a_used 0.00516 -> 0.00534
  crit | n=1 | viol 0.802 | V 0.5834 | Vmin 0.2401 | agree +0.643 | a*_q05 -0.00719 | a*_q50 0.00048 | dV>=0 0.473 | beta 0.1175
  bell | direct viol 0.508 | direct dV>=0 0.414 | d_mean +0.00193 | d_std 0.03041 | d_q95 0.06146
[Episode 357/900] Steps: 720 | Reward:   -3.42 | Battery:  67.12% | Loss: 0.0291
Placing Sensors
[Episode 358/900] Steps: 720 | Reward:   -4.33 | Battery:  83.49% | Loss: 
Placing Sensors
Policy -0.0004 | Value 0.0104 | KL 0.01928 | CF 0.2163 | Std 0.1168 | |a| 0.0518 | EV +0.613 | Rsd 0.269 | Res 0.173 | AE 0.939 | Alpha 0.0106 | MB 24/24
  cert | viol 0.045 | dV -0.177268 | V 0.2279 | inball 0.421 | a*_q05 0.00552 | a*_q50 0.02172 | dV>=0 0.005 | n=150 | a_used 0.00534 -> 0.00534
  crit | n=1 | viol 0.882 | V 0.7320 | Vmin 0.3951 | agree +0.542 | a*_q05 -0.00618 | a*_q50 0.00025 | dV>=0 0.469 | beta 0.1201
  bell | direct viol 0.501 | direct dV>=0 0.398 | d_mean +0.00165 | d_std 0.02217 | d_q95 0.04522
[Episode 359/900] Steps: 720 | Reward:   -5.01 | Battery:  69.32% | Loss: 0.0691
Placing Sensors
[Episode 360/900] Steps: 720 | Reward:   -4.30 | Battery:  76.64% | Loss: 
Placing Sensors
Policy -0.0037 | Value 0.0043 | KL 0.01362 | CF 0.1724 | Std 0.1168 | |a| 0.0606 | EV +0.931 | Rsd 0.302 | Res 0.097 | AE 0.945 | Alpha 0.0103 | MB 24/24
  cert | viol 0.111 | dV -0.246420 | V 0.3199 | inball 0.535 | a*_q05 0.00409 | a*_q50 0.02696 | dV>=0 0.000 | n=150 | a_used 0.00534 -> 0.00531
  crit | n=1 | viol 0.640 | V 0.7109 | Vmin 0.3390 | agree +0.462 | a*_q05 -0.00644 | a*_q50 0.00394 | dV>=0 0.254 | beta 0.1227
  bell | direct viol 0.586 | direct dV>=0 0.487 | d_mean -0.00034 | d_std 0.02735 | d_q95 0.05620
[Episode 361/900] Steps: 720 | Reward:   -4.41 | Battery:  83.74% | Loss: -0.0431
Placing Sensors
[Episode 362/900] Steps: 720 | Reward:   -3.55 | Battery:  84.50% | Loss: 
Placing Sensors
Policy -0.0125 | Value 0.0035 | KL 0.01293 | CF 0.1474 | Std 0.1168 | |a| 0.0459 | EV +0.900 | Rsd 0.283 | Res 0.096 | AE 0.938 | Alpha 0.0100 | MB 24/24
  cert | viol 0.008 | dV -0.275530 | V 0.2995 | inball 0.620 | a*_q05 0.00872 | a*_q50 0.03869 | dV>=0 0.000 | n=150 | a_used 0.00531 -> 0.00546
  crit | n=1 | viol 0.700 | V 0.5342 | Vmin 0.2691 | agree +0.718 | a*_q05 -0.00665 | a*_q50 0.00292 | dV>=0 0.338 | beta 0.1230
  bell | direct viol 0.522 | direct dV>=0 0.439 | d_mean +0.00158 | d_std 0.02108 | d_q95 0.04109
[Episode 363/900] Steps: 720 | Reward:   -3.58 | Battery:  78.21% | Loss: -0.0284
Placing Sensors
[Episode 364/900] Steps: 720 | Reward:   -5.03 | Battery:  75.60% | Loss: 
Placing Sensors
Policy -0.0063 | Value 0.0042 | KL 0.00954 | CF 0.1227 | Std 0.1169 | |a| 0.0468 | EV +0.933 | Rsd 0.311 | Res 0.081 | AE 0.932 | Alpha 0.0100 | MB 24/24
  cert | viol 0.090 | dV -0.281499 | V 0.3383 | inball 0.602 | a*_q05 0.00302 | a*_q50 0.03757 | dV>=0 0.009 | n=150 | a_used 0.00546 -> 0.00527
  crit | n=1 | viol 0.587 | V 0.5171 | Vmin 0.2189 | agree +0.605 | a*_q05 -0.00683 | a*_q50 0.00408 | dV>=0 0.298 | beta 0.1218
  bell | direct viol 0.506 | direct dV>=0 0.394 | d_mean +0.00040 | d_std 0.01726 | d_q95 0.03630
[Episode 365/900] Steps: 720 | Reward:   -2.56 | Battery:  81.33% | Loss: 0.0881
Placing Sensors
[Episode 366/900] Steps: 720 | Reward:   -3.93 | Battery:  75.89% | Loss: 
Placing Sensors
Policy -0.0004 | Value 0.0022 | KL 0.01722 | CF 0.2059 | Std 0.1168 | |a| 0.0538 | EV +0.973 | Rsd 0.358 | Res 0.060 | AE 0.933 | Alpha 0.0100 | MB 24/24
  cert | viol 0.000 | dV -0.332884 | V 0.3581 | inball 0.612 | a*_q05 0.00949 | a*_q50 0.03894 | dV>=0 0.000 | n=150 | a_used 0.00527 -> 0.00536
  crit | n=1 | viol 0.460 | V 0.5361 | Vmin 0.2100 | agree +0.558 | a*_q05 -0.00565 | a*_q50 0.00593 | dV>=0 0.257 | beta 0.1204
  bell | direct viol 0.499 | direct dV>=0 0.400 | d_mean +0.00064 | d_std 0.01517 | d_q95 0.03053
[Episode 367/900] Steps: 720 | Reward:   -3.73 | Battery:  84.33% | Loss: 0.0148
Placing Sensors
[Episode 368/900] Steps: 720 | Reward:   -3.59 | Battery:  64.71% | Loss: 
Placing Sensors
[Episode 369/900] Steps: 148 | Reward:  -17.02 | Battery:   0.00% | Loss: 
Placing Sensors
Policy 0.0040 | Value 0.0332 | KL 0.02680 | CF 0.2603 | Std 0.1168 | |a| 0.0527 | EV +0.684 | Rsd 0.444 | Res 0.253 | AE 0.919 | Alpha 0.0100 | MB 14/28
  cert | viol 0.025 | dV -0.243267 | V 0.2691 | inball 0.511 | a*_q05 0.00858 | a*_q50 0.03972 | dV>=0 0.000 | n=150 | a_used 0.00536 -> 0.00553
  crit | n=1 | viol 0.731 | V 0.6383 | Vmin 0.1868 | agree +0.645 | a*_q05 -0.00567 | a*_q50 0.00159 | dV>=0 0.358 | beta 0.1200
  bell | direct viol 0.556 | direct dV>=0 0.492 | d_mean +0.00163 | d_std 0.04113 | d_q95 0.08514
[Episode 370/900] Steps: 720 | Reward:   -3.85 | Battery:  75.22% | Loss: 0.1292
Placing Sensors
[Episode 371/900] Steps: 720 | Reward:   -4.47 | Battery:  72.06% | Loss: 
Placing Sensors
Policy -0.0045 | Value 0.0035 | KL 0.01028 | CF 0.1300 | Std 0.1168 | |a| 0.0380 | EV +0.951 | Rsd 0.322 | Res 0.072 | AE 0.913 | Alpha 0.0100 | MB 24/24
  cert | viol 0.008 | dV -0.271028 | V 0.3094 | inball 0.492 | a*_q05 0.00786 | a*_q50 0.03309 | dV>=0 0.000 | n=150 | a_used 0.00553 -> 0.00570
  crit | n=1 | viol 0.536 | V 0.5596 | Vmin 0.1716 | agree +0.495 | a*_q05 -0.00519 | a*_q50 0.00510 | dV>=0 0.273 | beta 0.1186
  bell | direct viol 0.556 | direct dV>=0 0.454 | d_mean -0.00031 | d_std 0.01946 | d_q95 0.03903
[Episode 372/900] Steps: 720 | Reward:   -3.98 | Battery:  64.36% | Loss: 0.0747
Placing Sensors
[Episode 373/900] Steps: 720 | Reward:   -3.94 | Battery:  81.01% | Loss: 
Placing Sensors
Policy -0.0026 | Value 0.0030 | KL 0.01599 | CF 0.1965 | Std 0.1168 | |a| 0.0442 | EV +0.930 | Rsd 0.298 | Res 0.079 | AE 0.928 | Alpha 0.0100 | MB 24/24
  cert | viol 0.156 | dV -0.237672 | V 0.3032 | inball 0.538 | a*_q05 0.00225 | a*_q50 0.02958 | dV>=0 0.005 | n=150 | a_used 0.00570 -> 0.00530
  crit | n=1 | viol 0.506 | V 0.5496 | Vmin 0.1881 | agree +0.521 | a*_q05 -0.00325 | a*_q50 0.00547 | dV>=0 0.178 | beta 0.1175
  bell | direct viol 0.592 | direct dV>=0 0.447 | d_mean -0.00094 | d_std 0.01854 | d_q95 0.03806
[Episode 374/900] Steps: 720 | Reward:   -4.44 | Battery:  66.73% | Loss: 0.0415
Placing Sensors
[Episode 375/900] Steps: 720 | Reward:   -2.24 | Battery:  77.97% | Loss: 
Placing Sensors
Policy -0.0063 | Value 0.0044 | KL 0.01071 | CF 0.1463 | Std 0.1168 | |a| 0.0385 | EV +0.914 | Rsd 0.254 | Res 0.099 | AE 0.921 | Alpha 0.0100 | MB 24/24
  cert | viol 0.000 | dV -0.218970 | V 0.2271 | inball 0.673 | a*_q05 0.01406 | a*_q50 0.04101 | dV>=0 0.000 | n=150 | a_used 0.00530 -> 0.00547
  crit | n=1 | viol 0.850 | V 0.4614 | Vmin 0.1884 | agree +0.485 | a*_q05 -0.00653 | a*_q50 0.00185 | dV>=0 0.394 | beta 0.1158
  bell | direct viol 0.514 | direct dV>=0 0.437 | d_mean +0.00283 | d_std 0.02114 | d_q95 0.04293
[Episode 376/900] Steps: 720 | Reward:   -2.71 | Battery:  80.14% | Loss: -0.0606
Placing Sensors
[Episode 377/900] Steps: 720 | Reward:   -3.21 | Battery:  69.12% | Loss: 
Placing Sensors
Policy -0.0041 | Value 0.0029 | KL 0.01230 | CF 0.1627 | Std 0.1168 | |a| 0.0426 | EV +0.955 | Rsd 0.300 | Res 0.075 | AE 0.915 | Alpha 0.0100 | MB 24/24
  cert | viol 0.000 | dV -0.255905 | V 0.2766 | inball 0.599 | a*_q05 0.00988 | a*_q50 0.03844 | dV>=0 0.000 | n=150 | a_used 0.00547 -> 0.00558
  crit | n=1 | viol 0.699 | V 0.5233 | Vmin 0.1621 | agree +0.530 | a*_q05 -0.00661 | a*_q50 0.00292 | dV>=0 0.323 | beta 0.1151
  bell | direct viol 0.553 | direct dV>=0 0.468 | d_mean +0.00120 | d_std 0.02279 | d_q95 0.04756
[Episode 378/900] Steps: 720 | Reward:   -3.33 | Battery:  77.34% | Loss: 0.1412
Placing Sensors
[Episode 379/900] Steps: 720 | Reward:   -3.72 | Battery:  74.27% | Loss: 
Placing Sensors
Policy -0.0048 | Value 0.0042 | KL 0.00778 | CF 0.0920 | Std 0.1168 | |a| 0.0464 | EV +0.885 | Rsd 0.254 | Res 0.087 | AE 0.929 | Alpha 0.0100 | MB 24/24
  cert | viol 0.025 | dV -0.206824 | V 0.2329 | inball 0.554 | a*_q05 0.00725 | a*_q50 0.03321 | dV>=0 0.000 | n=150 | a_used 0.00558 -> 0.00567
  crit | n=1 | viol 0.750 | V 0.5038 | Vmin 0.1940 | agree +0.473 | a*_q05 -0.00536 | a*_q50 0.00276 | dV>=0 0.333 | beta 0.1138
  bell | direct viol 0.502 | direct dV>=0 0.391 | d_mean +0.00050 | d_std 0.01689 | d_q95 0.03485
[Episode 380/900] Steps: 720 | Reward:   -3.46 | Battery:  61.12% | Loss: 0.0243
Placing Sensors
[Episode 381/900] Steps: 720 | Reward:   -3.12 | Battery:  77.02% | Loss: 
Placing Sensors
Policy -0.0099 | Value 0.0021 | KL 0.00828 | CF 0.0946 | Std 0.1168 | |a| 0.0418 | EV +0.953 | Rsd 0.268 | Res 0.058 | AE 0.937 | Alpha 0.0100 | MB 24/24
  cert | viol 0.011 | dV -0.241265 | V 0.2744 | inball 0.586 | a*_q05 0.00727 | a*_q50 0.03269 | dV>=0 0.000 | n=150 | a_used 0.00567 -> 0.00574
  crit | n=1 | viol 0.501 | V 0.4662 | Vmin 0.1644 | agree +0.616 | a*_q05 -0.00387 | a*_q50 0.00566 | dV>=0 0.169 | beta 0.1122
  bell | direct viol 0.522 | direct dV>=0 0.392 | d_mean -0.00076 | d_std 0.01340 | d_q95 0.02588
[Episode 382/900] Steps: 720 | Reward:   -3.92 | Battery:  79.78% | Loss: 0.0579
Placing Sensors
[Episode 383/900] Steps: 720 | Reward:   -2.92 | Battery:  79.00% | Loss: 
Placing Sensors
Policy -0.0104 | Value 0.0022 | KL 0.01463 | CF 0.1883 | Std 0.1169 | |a| 0.0505 | EV +0.937 | Rsd 0.253 | Res 0.064 | AE 0.928 | Alpha 0.0100 | MB 24/24
  cert | viol 0.026 | dV -0.259046 | V 0.2899 | inball 0.616 | a*_q05 0.00760 | a*_q50 0.03574 | dV>=0 0.000 | n=150 | a_used 0.00574 -> 0.00588
  crit | n=1 | viol 0.511 | V 0.4170 | Vmin 0.1732 | agree +0.609 | a*_q05 -0.00546 | a*_q50 0.00548 | dV>=0 0.195 | beta 0.1111
  bell | direct viol 0.498 | direct dV>=0 0.406 | d_mean -0.00038 | d_std 0.01832 | d_q95 0.03719
[Episode 384/900] Steps: 720 | Reward:   -3.80 | Battery:  83.82% | Loss: -0.0125
Placing Sensors
[Episode 385/900] Steps: 720 | Reward:   -3.73 | Battery:  70.95% | Loss: 
Placing Sensors
Policy -0.0106 | Value 0.0039 | KL 0.01312 | CF 0.1700 | Std 0.1169 | |a| 0.0498 | EV +0.915 | Rsd 0.318 | Res 0.108 | AE 0.919 | Alpha 0.0100 | MB 24/24
  cert | viol 0.286 | dV -0.215562 | V 0.3466 | inball 0.477 | a*_q05 0.00045 | a*_q50 0.02467 | dV>=0 0.030 | n=150 | a_used 0.00588 -> 0.00530
  crit | n=1 | viol 0.453 | V 0.5652 | Vmin 0.1698 | agree +0.546 | a*_q05 -0.00457 | a*_q50 0.00654 | dV>=0 0.174 | beta 0.1096
  bell | direct viol 0.574 | direct dV>=0 0.428 | d_mean -0.00196 | d_std 0.01665 | d_q95 0.03384
[Episode 386/900] Steps: 720 | Reward:   -6.25 | Battery:  79.30% | Loss: -0.0058
Placing Sensors
[Episode 387/900] Steps: 720 | Reward:   -3.86 | Battery:  81.14% | Loss: 
Placing Sensors

[CONVERGED] episode 388: deaths 6% over the last 100, survivor reward flat for 25 consecutive episodes. Wrote probe_converged.pt.
[CONVERGED] LTAC_CONV_STOP=1, ending training.
Placing Sensors
  [validation 1/10] steps 720 | battery  39.3% ->  83.8% (min  27.1%) | reward    -3.35 | |a| 0.033 | path     260 m
Placing Sensors
  [validation 2/10] steps 720 | battery  34.6% ->  85.7% (min  23.2%) | reward    -2.39 | |a| 0.035 | path     305 m
Placing Sensors
  [validation 3/10] steps 720 | battery  37.3% ->  73.7% (min  30.5%) | reward    -3.07 | |a| 0.067 | path     252 m
Placing Sensors
  [validation 4/10] steps 720 | battery  37.2% ->  83.7% (min  28.5%) | reward    -2.34 | |a| 0.062 | path     221 m
Placing Sensors
  [validation 5/10] steps 720 | battery  30.4% ->  70.4% (min  29.6%) | reward    -2.21 | |a| 0.027 | path     158 m
Placing Sensors
  [validation 6/10] steps 720 | battery  30.6% ->  87.3% (min  18.0%) | reward    -2.96 | |a| 0.030 | path     224 m
Placing Sensors
  [validation 7/10] steps 720 | battery  37.0% ->  79.9% (min  14.2%) | reward    -6.71 | |a| 0.082 | path     184 m
Placing Sensors
  [validation 8/10] steps 720 | battery  34.7% ->  36.5% (min  22.7%) | reward    -6.62 | |a| 0.083 | path     105 m
Placing Sensors
  [validation 9/10] steps 720 | battery  30.9% ->  85.9% (min  18.4%) | reward    -2.18 | |a| 0.037 | path     330 m
Placing Sensors
  [validation 10/10] steps 720 | battery  38.3% ->  78.2% (min  32.1%) | reward    -3.78 | |a| 0.041 | path     331 m

==============================================================================
VALIDATION COMPLETE -- 10 independent deterministic episodes
==============================================================================
metric                       mean        std        min        max
reward                      -3.56       1.72      -6.71      -2.18
final battery %             76.51      15.10      36.51      87.28
min battery %               24.42       6.09      14.16      32.13
steps                      720.00       0.00     720.00     720.00
solar W                     27.19       5.65      14.86      32.56
|action|                     0.05       0.02       0.03       0.08
path m                     237.02      74.26     105.11     331.42
tortuosity                   3.00       1.40       1.66       5.55
motion mAh                 173.79      52.09      80.73     241.68
idle mAh                 11584.14       3.66   11582.40   11593.99

survived full 720 steps : 10/10
ended below 20% battery         : 0/10
ended above 70% battery         : 9/10

reward 95% CI: -3.56 +- 1.06  (-4.63 to -2.50)

total step rows written: 7200

==============================================
WALL CLOCK BREAKDOWN
==============================================
Total run time        :   13280.22 s
  Rollout (training)  :   12735.13 s  ( 95.9%)
    - policy inference:     322.76 s  (  2.4%)
    - env + reward    :   12412.38 s  ( 93.5%)
  PPO update()        :      70.32 s  (  0.5%)
  Checkpoint saves    :       0.03 s  (  0.0%)
  Final evaluation    :     374.79 s  (  2.8%)
  Other / logging     :      99.95 s  (  0.8%)

==============================================
PER-CALL AVERAGES
==============================================
Policy inference      :   219382 calls |    1.521 ms/step
  final eval only     :     7200 calls |    1.505 ms/step
PPO update()          :      140 calls |  502.280 ms/update
Episode               :      900 eps   |   14.291 s/episode

update() share of wall clock: 0.5%
