Placing Sensors
[cost_softplus] critic head: beta*softplus, NO spectral norm (sign constraint only)
Placing Sensors
[Episode 1/400] Steps:  74 | Reward:  -17.71 | Battery:   0.00% | Loss: 
Placing Sensors
[Episode 2/400] Steps:  72 | Reward:  -17.65 | Battery:   0.00% | Loss: 
Placing Sensors
[Episode 3/400] Steps: 144 | Reward:  -17.20 | Battery:   0.00% | Loss: 
Placing Sensors
[Episode 4/400] Steps: 720 | Reward:   -5.92 | Battery:  50.14% | Loss: 
Placing Sensors
[Episode 5/400] Steps:  72 | Reward:  -17.81 | Battery:   0.00% | Loss: 
Placing Sensors
[Episode 6/400] Steps: 114 | Reward:  -17.44 | Battery:   0.00% | Loss: 
Placing Sensors
[Episode 7/400] Steps:  67 | Reward:  -17.73 | Battery:   0.00% | Loss: 
Placing Sensors
[Episode 8/400] Steps:  93 | Reward:  -17.61 | Battery:   0.00% | Loss: 
Placing Sensors
Policy -0.0050 | Value 0.1083 | KL 0.00354 | CF 0.0331 | Std 0.1054 | |a| 0.0111 | EV -0.126 | Rsd 0.495 | Res 0.653 | AE nan | Alpha 0.9255 | MB 24/24
  cert | viol 0.253 | dV -0.235957 | V 0.2981 | inball 0.142 | a*_q05 -0.02074 | a*_q50 0.02123 | dV>=0 0.132 | n=150 | a_used 0.01000 -> 0.00950
  crit | n=1 | viol 0.954 | V 1.2706 | Vmin 0.7543 | agree +0.639 | a*_q05 -0.00634 | a*_q50 0.00262 | dV>=0 0.299 | beta 0.3025
  bell | direct viol 0.888 | direct dV>=0 0.528 | d_mean -0.00392 | d_std 0.01474 | d_q95 0.03085
[Episode 9/400] Steps:  96 | Reward:  -17.14 | Battery:   0.00% | Loss: 1.6076
Placing Sensors
[Episode 10/400] Steps:  97 | Reward:  -17.44 | Battery:   0.00% | Loss: 
Placing Sensors
[Episode 11/400] Steps: 720 | Reward:   -8.46 | Battery:  49.70% | Loss: 
Placing Sensors
[Episode 12/400] Steps:  67 | Reward:  -17.72 | Battery:   0.00% | Loss: 
Placing Sensors
[Episode 13/400] Steps:  76 | Reward:  -17.43 | Battery:   0.00% | Loss: 
Placing Sensors
[Episode 14/400] Steps:  85 | Reward:  -17.61 | Battery:   0.00% | Loss: 
Placing Sensors
[Episode 15/400] Steps:  92 | Reward:  -17.53 | Battery:   0.00% | Loss: 
Placing Sensors
[Episode 16/400] Steps:  88 | Reward:  -17.50 | Battery:   0.00% | Loss: 
Placing Sensors
[Episode 17/400] Steps: 109 | Reward:  -17.57 | Battery:   0.00% | Loss: 
Placing Sensors
Policy -0.0033 | Value 0.0576 | KL 0.00319 | CF 0.0295 | Std 0.1055 | |a| 0.0129 | EV +0.401 | Rsd 0.477 | Res 0.468 | AE nan | Alpha 0.8553 | MB 24/24
  cert | viol 0.686 | dV -0.121721 | V 0.3441 | inball 0.000 | a*_q05 -0.01721 | a*_q50 0.00280 | dV>=0 0.425 | n=150 | a_used 0.00950 -> 0.00903
  crit | n=1 | viol 0.980 | V 1.4938 | Vmin 0.7028 | agree +0.645 | a*_q05 -0.00539 | a*_q50 0.00088 | dV>=0 0.390 | beta 0.3025
  bell | direct viol 0.831 | direct dV>=0 0.547 | d_mean -0.00258 | d_std 0.01747 | d_q95 0.03710
[Episode 18/400] Steps: 147 | Reward:  -17.39 | Battery:   0.00% | Loss: 1.4438
Placing Sensors
[Episode 19/400] Steps: 720 | Reward:   -5.96 | Battery:  52.24% | Loss: 
Placing Sensors
[Episode 20/400] Steps:  90 | Reward:  -17.66 | Battery:   0.00% | Loss: 
Placing Sensors
[Episode 21/400] Steps:  77 | Reward:  -17.72 | Battery:   0.00% | Loss: 
Placing Sensors
[Episode 22/400] Steps: 128 | Reward:  -17.15 | Battery:   0.00% | Loss: 
Placing Sensors
[Episode 23/400] Steps:  60 | Reward:  -17.88 | Battery:   0.00% | Loss: 
Placing Sensors
[Episode 24/400] Steps:  89 | Reward:  -17.62 | Battery:   0.00% | Loss: 
Placing Sensors
[Episode 25/400] Steps:  81 | Reward:  -17.56 | Battery:   0.00% | Loss: 
Placing Sensors
[Episode 26/400] Steps:  91 | Reward:  -17.56 | Battery:   0.00% | Loss: 
Placing Sensors
Policy -0.0027 | Value 0.0374 | KL 0.00399 | CF 0.0440 | Std 0.1056 | |a| 0.0100 | EV +0.619 | Rsd 0.590 | Res 0.387 | AE nan | Alpha 0.7917 | MB 24/24
  cert | viol 0.278 | dV -0.167557 | V 0.2526 | inball 0.130 | a*_q05 0.00109 | a*_q50 0.02335 | dV>=0 0.000 | n=150 | a_used 0.00903 -> 0.00798
  crit | n=1 | viol 0.993 | V 1.5386 | Vmin 0.5767 | agree +0.768 | a*_q05 -0.00547 | a*_q50 -0.00017 | dV>=0 0.539 | beta 0.3045
  bell | direct viol 0.843 | direct dV>=0 0.478 | d_mean +0.00019 | d_std 0.01502 | d_q95 0.03056
[Episode 27/400] Steps: 114 | Reward:  -17.36 | Battery:   0.00% | Loss: 1.3966
Placing Sensors
[Episode 28/400] Steps: 100 | Reward:  -17.34 | Battery:   0.00% | Loss: 
Placing Sensors
[Episode 29/400] Steps:  80 | Reward:  -17.60 | Battery:   0.00% | Loss: 
Placing Sensors
[Episode 30/400] Steps: 114 | Reward:  -17.46 | Battery:   0.00% | Loss: 
Placing Sensors
[Episode 31/400] Steps:  83 | Reward:  -17.72 | Battery:   0.00% | Loss: 
Placing Sensors
[Episode 32/400] Steps: 105 | Reward:  -17.40 | Battery:   0.00% | Loss: 
Placing Sensors
[Episode 33/400] Steps: 720 | Reward:   -6.95 | Battery:  49.55% | Loss: 
Placing Sensors
[Episode 34/400] Steps:  74 | Reward:  -17.79 | Battery:   0.00% | Loss: 
Placing Sensors
[Episode 35/400] Steps:  68 | Reward:  -17.60 | Battery:   0.00% | Loss: 
Placing Sensors
Policy 0.0007 | Value 0.0225 | KL 0.00523 | CF 0.0615 | Std 0.1057 | |a| 0.0136 | EV +0.786 | Rsd 0.566 | Res 0.266 | AE nan | Alpha 0.7092 | MB 36/36
  cert | viol 0.585 | dV -0.136994 | V 0.2368 | inball 0.059 | a*_q05 -0.01855 | a*_q50 0.00536 | dV>=0 0.271 | n=150 | a_used 0.00798 -> 0.00759
  crit | n=1 | viol 0.997 | V 1.4259 | Vmin 0.6722 | agree +0.730 | a*_q05 -0.00640 | a*_q50 -0.00110 | dV>=0 0.628 | beta 0.3048
  bell | direct viol 0.864 | direct dV>=0 0.537 | d_mean +0.00019 | d_std 0.01335 | d_q95 0.02732
[Episode 36/400] Steps: 720 | Reward:   -6.46 | Battery:  51.23% | Loss: 1.0989
Placing Sensors
[Episode 37/400] Steps: 199 | Reward:  -16.85 | Battery:   0.00% | Loss: 
Placing Sensors
[Episode 38/400] Steps: 720 | Reward:   -9.96 | Battery:  12.99% | Loss: 
Placing Sensors
[Episode 39/400] Steps: 122 | Reward:  -17.39 | Battery:   0.00% | Loss: 
Placing Sensors
Policy -0.0023 | Value 0.0128 | KL 0.00505 | CF 0.0604 | Std 0.1059 | |a| 0.0160 | EV +0.742 | Rsd 0.424 | Res 0.216 | AE nan | Alpha 0.6457 | MB 28/28
  cert | viol 0.785 | dV -0.085954 | V 0.3568 | inball 0.004 | a*_q05 -0.01797 | a*_q50 0.00222 | dV>=0 0.319 | n=150 | a_used 0.00759 -> 0.00721
  crit | n=1 | viol 0.999 | V 1.4335 | Vmin 0.7640 | agree +0.581 | a*_q05 -0.00507 | a*_q50 0.00046 | dV>=0 0.438 | beta 0.3088
  bell | direct viol 0.879 | direct dV>=0 0.518 | d_mean -0.00041 | d_std 0.01114 | d_q95 0.02366
[Episode 40/400] Steps: 720 | Reward:   -8.05 | Battery:  41.93% | Loss: 1.1256
Placing Sensors
[Episode 41/400] Steps: 720 | Reward:   -4.66 | Battery:  63.00% | Loss: 
Placing Sensors
Policy 0.0042 | Value 0.0186 | KL 0.00357 | CF 0.0327 | Std 0.1061 | |a| 0.0120 | EV +0.867 | Rsd 0.389 | Res 0.216 | AE nan | Alpha 0.5980 | MB 24/24
  cert | viol 0.179 | dV -0.231150 | V 0.3272 | inball 0.459 | a*_q05 0.00067 | a*_q50 0.02370 | dV>=0 0.049 | n=150 | a_used 0.00721 -> 0.00686
  crit | n=1 | viol 0.954 | V 1.0799 | Vmin 0.6865 | agree +0.389 | a*_q05 -0.00790 | a*_q50 -0.00155 | dV>=0 0.634 | beta 0.3088
  bell | direct viol 0.873 | direct dV>=0 0.384 | d_mean +0.00312 | d_std 0.00899 | d_q95 0.01741
[Episode 42/400] Steps: 720 | Reward:   -5.91 | Battery:  74.44% | Loss: 1.1264
Placing Sensors
[Episode 43/400] Steps: 720 | Reward:   -8.70 | Battery:  48.69% | Loss: 
Placing Sensors
Policy -0.0039 | Value 0.0101 | KL 0.00528 | CF 0.0665 | Std 0.1063 | |a| 0.0118 | EV +0.808 | Rsd 0.351 | Res 0.154 | AE nan | Alpha 0.5538 | MB 24/24
  cert | viol 0.476 | dV -0.185375 | V 0.3787 | inball 0.217 | a*_q05 -0.01298 | a*_q50 0.00779 | dV>=0 0.251 | n=150 | a_used 0.00686 -> 0.00652
  crit | n=1 | viol 0.816 | V 1.0211 | Vmin 0.5806 | agree +0.310 | a*_q05 -0.00643 | a*_q50 0.00096 | dV>=0 0.456 | beta 0.3060
  bell | direct viol 0.824 | direct dV>=0 0.491 | d_mean -0.00065 | d_std 0.01036 | d_q95 0.02058
[Episode 44/400] Steps: 720 | Reward:   -5.50 | Battery:  66.29% | Loss: 1.0306
Placing Sensors
[Episode 45/400] Steps: 101 | Reward:  -17.48 | Battery:   0.00% | Loss: 
Placing Sensors
[Episode 46/400] Steps: 720 | Reward:   -6.81 | Battery:  53.49% | Loss: 
Placing Sensors
[Episode 47/400] Steps: 175 | Reward:  -17.13 | Battery:   0.00% | Loss: 
Placing Sensors
Policy -0.0043 | Value 0.0173 | KL 0.00391 | CF 0.0482 | Std 0.1065 | |a| 0.0107 | EV +0.715 | Rsd 0.441 | Res 0.236 | AE nan | Alpha 0.5054 | MB 28/28
  cert | viol 0.218 | dV -0.175581 | V 0.2528 | inball 0.146 | a*_q05 -0.00150 | a*_q50 0.01152 | dV>=0 0.054 | n=150 | a_used 0.00652 -> 0.00608
  crit | n=1 | viol 0.977 | V 1.1423 | Vmin 0.5934 | agree +0.646 | a*_q05 -0.00590 | a*_q50 0.00024 | dV>=0 0.478 | beta 0.3056
  bell | direct viol 0.800 | direct dV>=0 0.454 | d_mean +0.00051 | d_std 0.01189 | d_q95 0.02309
[Episode 48/400] Steps: 720 | Reward:   -5.93 | Battery:  60.96% | Loss: 0.9454
Placing Sensors
[Episode 49/400] Steps: 125 | Reward:  -17.38 | Battery:   0.00% | Loss: 
Placing Sensors
[Episode 50/400] Steps:  96 | Reward:  -17.43 | Battery:   0.00% | Loss: 
Placing Sensors
[Episode 51/400] Steps: 720 | Reward:   -6.46 | Battery:  45.70% | Loss: 
Placing Sensors
[Episode 52/400] Steps: 217 | Reward:  -16.70 | Battery:   0.00% | Loss: 
Placing Sensors
Policy -0.0103 | Value 0.0360 | KL 0.00653 | CF 0.0817 | Std 0.1068 | |a| 0.0127 | EV +0.776 | Rsd 0.496 | Res 0.236 | AE nan | Alpha 0.4572 | MB 32/32
  cert | viol 0.264 | dV -0.188092 | V 0.3281 | inball 0.188 | a*_q05 -0.00066 | a*_q50 0.01658 | dV>=0 0.072 | n=150 | a_used 0.00608 -> 0.00577
  crit | n=1 | viol 0.948 | V 1.2281 | Vmin 0.5915 | agree +0.701 | a*_q05 -0.00553 | a*_q50 0.00019 | dV>=0 0.491 | beta 0.3063
  bell | direct viol 0.779 | direct dV>=0 0.478 | d_mean +0.00009 | d_std 0.01805 | d_q95 0.03192
[Episode 53/400] Steps: 720 | Reward:   -6.76 | Battery:  57.44% | Loss: 0.5560
Placing Sensors
[Episode 54/400] Steps: 115 | Reward:  -17.45 | Battery:   0.00% | Loss: 
Placing Sensors
[Episode 55/400] Steps: 720 | Reward:   -6.45 | Battery:  58.79% | Loss: 
Placing Sensors
[Episode 56/400] Steps:  93 | Reward:  -17.57 | Battery:   0.00% | Loss: 
Placing Sensors
Policy -0.0070 | Value 0.0187 | KL 0.00600 | CF 0.0707 | Std 0.1070 | |a| 0.0105 | EV +0.713 | Rsd 0.472 | Res 0.254 | AE nan | Alpha 0.4188 | MB 28/28
  cert | viol 0.332 | dV -0.212443 | V 0.3700 | inball 0.199 | a*_q05 -0.00193 | a*_q50 0.01345 | dV>=0 0.085 | n=150 | a_used 0.00577 -> 0.00490
  crit | n=1 | viol 0.884 | V 1.1942 | Vmin 0.5853 | agree +0.500 | a*_q05 -0.00551 | a*_q50 0.00074 | dV>=0 0.452 | beta 0.3037
  bell | direct viol 0.782 | direct dV>=0 0.443 | d_mean +0.00034 | d_std 0.01892 | d_q95 0.02792
[Episode 57/400] Steps: 720 | Reward:   -8.16 | Battery:  43.26% | Loss: 0.5376
Placing Sensors
[Episode 58/400] Steps: 720 | Reward:   -6.61 | Battery:  50.39% | Loss: 
Placing Sensors
[Episode 59/400] Steps:  87 | Reward:  -17.57 | Battery:   0.00% | Loss: 
Placing Sensors
Policy -0.0050 | Value 0.0126 | KL 0.00538 | CF 0.0673 | Std 0.1072 | |a| 0.0109 | EV +0.794 | Rsd 0.411 | Res 0.219 | AE nan | Alpha 0.3860 | MB 24/24
  cert | viol 0.232 | dV -0.181383 | V 0.3067 | inball 0.242 | a*_q05 -0.00071 | a*_q50 0.01094 | dV>=0 0.076 | n=150 | a_used 0.00490 -> 0.00466
  crit | n=1 | viol 0.961 | V 1.2326 | Vmin 0.6806 | agree +0.585 | a*_q05 -0.00735 | a*_q50 -0.00139 | dV>=0 0.674 | beta 0.3044
  bell | direct viol 0.785 | direct dV>=0 0.460 | d_mean +0.00212 | d_std 0.01768 | d_q95 0.03376
[Episode 60/400] Steps: 720 | Reward:   -6.31 | Battery:  56.13% | Loss: 0.5964
Placing Sensors
[Episode 61/400] Steps: 720 | Reward:   -6.05 | Battery:  60.62% | Loss: 
Placing Sensors
Policy -0.0073 | Value 0.0091 | KL 0.00484 | CF 0.0542 | Std 0.1074 | |a| 0.0096 | EV +0.881 | Rsd 0.358 | Res 0.139 | AE nan | Alpha 0.3575 | MB 24/24
  cert | viol 0.194 | dV -0.251552 | V 0.3521 | inball 0.365 | a*_q05 -0.00190 | a*_q50 0.02397 | dV>=0 0.080 | n=150 | a_used 0.00466 -> 0.00442
  crit | n=1 | viol 0.875 | V 0.9785 | Vmin 0.5659 | agree +0.505 | a*_q05 -0.00669 | a*_q50 -0.00063 | dV>=0 0.522 | beta 0.3036
  bell | direct viol 0.736 | direct dV>=0 0.439 | d_mean +0.00141 | d_std 0.01551 | d_q95 0.02750
[Episode 62/400] Steps: 720 | Reward:   -5.88 | Battery:  64.78% | Loss: 0.5310
Placing Sensors
[Episode 63/400] Steps: 173 | Reward:  -17.06 | Battery:   0.00% | Loss: 
Placing Sensors
[Episode 64/400] Steps: 720 | Reward:   -6.12 | Battery:  52.51% | Loss: 
Placing Sensors
Policy -0.0010 | Value 0.0205 | KL 0.00772 | CF 0.1034 | Std 0.1076 | |a| 0.0138 | EV +0.699 | Rsd 0.376 | Res 0.207 | AE nan | Alpha 0.3281 | MB 28/28
  cert | viol 0.142 | dV -0.227232 | V 0.3124 | inball 0.220 | a*_q05 -0.01260 | a*_q50 0.01702 | dV>=0 0.100 | n=150 | a_used 0.00442 -> 0.00420
  crit | n=1 | viol 0.873 | V 1.0644 | Vmin 0.5603 | agree +0.653 | a*_q05 -0.00692 | a*_q50 -0.00066 | dV>=0 0.550 | beta 0.3020
  bell | direct viol 0.683 | direct dV>=0 0.441 | d_mean +0.00134 | d_std 0.02367 | d_q95 0.04503
[Episode 65/400] Steps: 720 | Reward:   -6.72 | Battery:  58.09% | Loss: 0.5190
Placing Sensors
[Episode 66/400] Steps: 720 | Reward:   -7.43 | Battery:  65.25% | Loss: 
Placing Sensors
Policy -0.0040 | Value 0.0058 | KL 0.00860 | CF 0.1164 | Std 0.1078 | |a| 0.0167 | EV +0.871 | Rsd 0.332 | Res 0.119 | AE nan | Alpha 0.3038 | MB 24/24
  cert | viol 0.277 | dV -0.164863 | V 0.2854 | inball 0.135 | a*_q05 -0.00296 | a*_q50 0.00871 | dV>=0 0.118 | n=150 | a_used 0.00420 -> 0.00399
  crit | n=1 | viol 0.760 | V 0.9365 | Vmin 0.5631 | agree +0.488 | a*_q05 -0.00672 | a*_q50 0.00125 | dV>=0 0.378 | beta 0.2998
  bell | direct viol 0.740 | direct dV>=0 0.428 | d_mean -0.00035 | d_std 0.01123 | d_q95 0.02098
[Episode 67/400] Steps: 720 | Reward:   -5.95 | Battery:  75.07% | Loss: 0.5069
Placing Sensors
[Episode 68/400] Steps: 720 | Reward:   -6.19 | Battery:  70.98% | Loss: 
Placing Sensors
Policy -0.0040 | Value 0.0090 | KL 0.00557 | CF 0.0684 | Std 0.1079 | |a| 0.0171 | EV +0.840 | Rsd 0.354 | Res 0.144 | AE nan | Alpha 0.2814 | MB 24/24
  cert | viol 0.096 | dV -0.287094 | V 0.3853 | inball 0.336 | a*_q05 0.00248 | a*_q50 0.02202 | dV>=0 0.004 | n=150 | a_used 0.00399 -> 0.00397
  crit | n=1 | viol 0.776 | V 0.9545 | Vmin 0.5303 | agree +0.539 | a*_q05 -0.00670 | a*_q50 -0.00031 | dV>=0 0.521 | beta 0.2964
  bell | direct viol 0.640 | direct dV>=0 0.393 | d_mean +0.00011 | d_std 0.01611 | d_q95 0.03314
[Episode 69/400] Steps: 720 | Reward:   -6.73 | Battery:  45.12% | Loss: 0.5623
Placing Sensors
[Episode 70/400] Steps: 720 | Reward:   -6.44 | Battery:  66.32% | Loss: 
Placing Sensors
Policy -0.0062 | Value 0.0053 | KL 0.00556 | CF 0.0661 | Std 0.1081 | |a| 0.0129 | EV +0.896 | Rsd 0.342 | Res 0.118 | AE nan | Alpha 0.2606 | MB 24/24
  cert | viol 0.104 | dV -0.279541 | V 0.3683 | inball 0.435 | a*_q05 0.00168 | a*_q50 0.02457 | dV>=0 0.012 | n=150 | a_used 0.00397 -> 0.00378
  crit | n=1 | viol 0.725 | V 0.8982 | Vmin 0.4800 | agree +0.483 | a*_q05 -0.00656 | a*_q50 0.00076 | dV>=0 0.451 | beta 0.2926
  bell | direct viol 0.601 | direct dV>=0 0.371 | d_mean +0.00050 | d_std 0.01572 | d_q95 0.03213
[Episode 71/400] Steps: 720 | Reward:   -5.17 | Battery:  68.05% | Loss: 0.2599
Placing Sensors
[Episode 72/400] Steps: 720 | Reward:   -6.19 | Battery:  63.04% | Loss: 
Placing Sensors
Policy -0.0054 | Value 0.0067 | KL 0.00530 | CF 0.0667 | Std 0.1082 | |a| 0.0140 | EV +0.785 | Rsd 0.298 | Res 0.139 | AE nan | Alpha 0.2413 | MB 24/24
  cert | viol 0.114 | dV -0.252626 | V 0.3464 | inball 0.333 | a*_q05 -0.00080 | a*_q50 0.02003 | dV>=0 0.038 | n=150 | a_used 0.00378 -> 0.00359
  crit | n=1 | viol 0.625 | V 0.8361 | Vmin 0.4382 | agree +0.376 | a*_q05 -0.00776 | a*_q50 0.00134 | dV>=0 0.433 | beta 0.2883
  bell | direct viol 0.628 | direct dV>=0 0.442 | d_mean -0.00041 | d_std 0.01754 | d_q95 0.03675
[Episode 73/400] Steps: 720 | Reward:   -5.85 | Battery:  71.46% | Loss: 0.3974
Placing Sensors
[Episode 74/400] Steps: 125 | Reward:  -17.28 | Battery:   0.00% | Loss: 
Placing Sensors
[Episode 75/400] Steps:  67 | Reward:  -17.74 | Battery:   0.00% | Loss: 
Placing Sensors
[Episode 76/400] Steps: 720 | Reward:   -7.23 | Battery:  48.97% | Loss: 
Placing Sensors
Policy -0.0054 | Value 0.0192 | KL 0.00766 | CF 0.1018 | Std 0.1084 | |a| 0.0177 | EV +0.721 | Rsd 0.460 | Res 0.253 | AE nan | Alpha 0.2212 | MB 28/28
  cert | viol 0.108 | dV -0.258745 | V 0.3531 | inball 0.310 | a*_q05 -0.00056 | a*_q50 0.02415 | dV>=0 0.043 | n=150 | a_used 0.00359 -> 0.00356
  crit | n=1 | viol 0.718 | V 0.9607 | Vmin 0.4290 | agree +0.656 | a*_q05 -0.00567 | a*_q50 0.00098 | dV>=0 0.416 | beta 0.2826
  bell | direct viol 0.656 | direct dV>=0 0.476 | d_mean -0.00156 | d_std 0.01995 | d_q95 0.03875
[Episode 77/400] Steps: 720 | Reward:   -5.29 | Battery:  53.12% | Loss: 0.4228
Placing Sensors
[Episode 78/400] Steps: 145 | Reward:  -17.29 | Battery:   0.00% | Loss: 
Placing Sensors
[Episode 79/400] Steps: 118 | Reward:  -17.42 | Battery:   0.00% | Loss: 
Placing Sensors
[Episode 80/400] Steps: 720 | Reward:   -4.24 | Battery:  66.68% | Loss: 
Placing Sensors
[Episode 81/400] Steps:  78 | Reward:  -17.68 | Battery:   0.00% | Loss: 
Placing Sensors
Policy -0.0025 | Value 0.0309 | KL 0.00660 | CF 0.0819 | Std 0.1085 | |a| 0.0149 | EV +0.687 | Rsd 0.544 | Res 0.306 | AE nan | Alpha 0.2012 | MB 28/28
  cert | viol 0.057 | dV -0.189953 | V 0.2536 | inball 0.387 | a*_q05 0.00324 | a*_q50 0.02547 | dV>=0 0.006 | n=150 | a_used 0.00356 -> 0.00346
  crit | n=1 | viol 0.810 | V 0.9389 | Vmin 0.3607 | agree +0.831 | a*_q05 -0.00579 | a*_q50 0.00056 | dV>=0 0.439 | beta 0.2767
  bell | direct viol 0.547 | direct dV>=0 0.412 | d_mean +0.00038 | d_std 0.03465 | d_q95 0.06157
[Episode 82/400] Steps: 720 | Reward:   -4.66 | Battery:  79.24% | Loss: 0.3022
Placing Sensors
[Episode 83/400] Steps:  96 | Reward:  -17.51 | Battery:   0.00% | Loss: 
Placing Sensors
[Episode 84/400] Steps: 720 | Reward:   -8.23 | Battery:  54.30% | Loss: 
Placing Sensors
Policy -0.0055 | Value 0.0130 | KL 0.00594 | CF 0.0752 | Std 0.1087 | |a| 0.0126 | EV +0.843 | Rsd 0.473 | Res 0.196 | AE nan | Alpha 0.1854 | MB 24/24
  cert | viol 0.240 | dV -0.210964 | V 0.3592 | inball 0.136 | a*_q05 -0.01527 | a*_q50 0.00940 | dV>=0 0.125 | n=150 | a_used 0.00346 -> 0.00329
  crit | n=1 | viol 0.657 | V 1.0302 | Vmin 0.4257 | agree +0.540 | a*_q05 -0.00587 | a*_q50 0.00085 | dV>=0 0.450 | beta 0.2733
  bell | direct viol 0.629 | direct dV>=0 0.479 | d_mean -0.00097 | d_std 0.02806 | d_q95 0.05593
[Episode 85/400] Steps: 720 | Reward:   -6.62 | Battery:  57.62% | Loss: 0.3107
Placing Sensors
[Episode 86/400] Steps: 720 | Reward:   -5.99 | Battery:  64.46% | Loss: 
Placing Sensors
Policy 0.0022 | Value 0.0086 | KL 0.00602 | CF 0.0789 | Std 0.1088 | |a| 0.0142 | EV +0.768 | Rsd 0.347 | Res 0.173 | AE nan | Alpha 0.1717 | MB 24/24
  cert | viol 0.174 | dV -0.215417 | V 0.3319 | inball 0.303 | a*_q05 -0.00135 | a*_q50 0.01898 | dV>=0 0.075 | n=150 | a_used 0.00329 -> 0.00313
  crit | n=1 | viol 0.639 | V 0.9102 | Vmin 0.4458 | agree +0.291 | a*_q05 -0.00697 | a*_q50 0.00099 | dV>=0 0.444 | beta 0.2678
  bell | direct viol 0.591 | direct dV>=0 0.442 | d_mean +0.00126 | d_std 0.01816 | d_q95 0.03793
[Episode 87/400] Steps: 720 | Reward:   -6.00 | Battery:  69.60% | Loss: 0.3857
Placing Sensors
[Episode 88/400] Steps: 720 | Reward:   -4.67 | Battery:  74.27% | Loss: 
Placing Sensors
Policy 0.0011 | Value 0.0060 | KL 0.00394 | CF 0.0400 | Std 0.1089 | |a| 0.0089 | EV +0.914 | Rsd 0.389 | Res 0.119 | AE nan | Alpha 0.1590 | MB 24/24
  cert | viol 0.039 | dV -0.315768 | V 0.3780 | inball 0.476 | a*_q05 0.00431 | a*_q50 0.03072 | dV>=0 0.002 | n=150 | a_used 0.00313 -> 0.00321
  crit | n=1 | viol 0.635 | V 0.7691 | Vmin 0.3540 | agree +0.656 | a*_q05 -0.00689 | a*_q50 0.00119 | dV>=0 0.435 | beta 0.2604
  bell | direct viol 0.513 | direct dV>=0 0.369 | d_mean +0.00073 | d_std 0.01893 | d_q95 0.03680
[Episode 89/400] Steps: 720 | Reward:   -5.41 | Battery:  70.41% | Loss: 0.3702
Placing Sensors
[Episode 90/400] Steps:  83 | Reward:  -17.59 | Battery:   0.00% | Loss: 
Placing Sensors
[Episode 91/400] Steps: 720 | Reward:   -5.75 | Battery:  59.56% | Loss: 
Placing Sensors
Policy -0.0054 | Value 0.0230 | KL 0.00375 | CF 0.0442 | Std 0.1090 | |a| 0.0134 | EV +0.772 | Rsd 0.435 | Res 0.209 | AE nan | Alpha 0.1466 | MB 24/24
  cert | viol 0.231 | dV -0.206502 | V 0.3634 | inball 0.223 | a*_q05 -0.00268 | a*_q50 0.01372 | dV>=0 0.093 | n=150 | a_used 0.00321 -> 0.00305
  crit | n=1 | viol 0.668 | V 1.0227 | Vmin 0.4404 | agree +0.456 | a*_q05 -0.00692 | a*_q50 0.00093 | dV>=0 0.425 | beta 0.2581
  bell | direct viol 0.596 | direct dV>=0 0.424 | d_mean +0.00014 | d_std 0.02135 | d_q95 0.04432
[Episode 92/400] Steps: 720 | Reward:   -8.09 | Battery:  69.55% | Loss: 0.1619
Placing Sensors
[Episode 93/400] Steps: 720 | Reward:   -4.92 | Battery:  66.32% | Loss: 
Placing Sensors
[Episode 94/400] Steps: 131 | Reward:  -17.28 | Battery:   0.00% | Loss: 
Placing Sensors
Policy -0.0185 | Value 0.0139 | KL 0.00385 | CF 0.0489 | Std 0.1091 | |a| 0.0134 | EV +0.792 | Rsd 0.433 | Res 0.198 | AE nan | Alpha 0.1348 | MB 28/28
  cert | viol 0.197 | dV -0.195608 | V 0.2954 | inball 0.377 | a*_q05 0.00150 | a*_q50 0.02056 | dV>=0 0.000 | n=150 | a_used 0.00305 -> 0.00289
  crit | n=1 | viol 0.653 | V 0.8576 | Vmin 0.3956 | agree +0.660 | a*_q05 -0.00661 | a*_q50 0.00168 | dV>=0 0.363 | beta 0.2546
  bell | direct viol 0.540 | direct dV>=0 0.412 | d_mean -0.00012 | d_std 0.01854 | d_q95 0.03346
[Episode 95/400] Steps: 720 | Reward:   -5.59 | Battery:  66.91% | Loss: 0.3468
Placing Sensors
[Episode 96/400] Steps: 720 | Reward:   -5.98 | Battery:  60.28% | Loss: 
Placing Sensors
[Episode 97/400] Steps:  77 | Reward:  -17.56 | Battery:   0.00% | Loss: 
Placing Sensors
[Episode 98/400] Steps: 121 | Reward:  -17.29 | Battery:   0.00% | Loss: 
Placing Sensors
[Episode 99/400] Steps:  90 | Reward:  -17.71 | Battery:   0.00% | Loss: 
Placing Sensors
Policy -0.0064 | Value 0.0200 | KL 0.00816 | CF 0.1044 | Std 0.1092 | |a| 0.0167 | EV +0.784 | Rsd 0.547 | Res 0.264 | AE nan | Alpha 0.1230 | MB 28/28
  cert | viol 0.162 | dV -0.212079 | V 0.2996 | inball 0.272 | a*_q05 -0.00633 | a*_q50 0.02024 | dV>=0 0.069 | n=150 | a_used 0.00289 -> 0.00275
  crit | n=1 | viol 0.627 | V 0.9284 | Vmin 0.3814 | agree +0.782 | a*_q05 -0.00469 | a*_q50 0.00159 | dV>=0 0.330 | beta 0.2517
  bell | direct viol 0.515 | direct dV>=0 0.419 | d_mean -0.00036 | d_std 0.03040 | d_q95 0.06042
[Episode 100/400] Steps: 720 | Reward:   -5.63 | Battery:  56.19% | Loss: 0.1530
Placing Sensors
[Episode 101/400] Steps: 720 | Reward:   -4.38 | Battery:  63.57% | Loss: 
Placing Sensors
Policy -0.0083 | Value 0.0136 | KL 0.00689 | CF 0.0789 | Std 0.1093 | |a| 0.0169 | EV +0.802 | Rsd 0.391 | Res 0.196 | AE nan | Alpha 0.1139 | MB 24/24
  cert | viol 0.004 | dV -0.243666 | V 0.2945 | inball 0.393 | a*_q05 0.00529 | a*_q50 0.02997 | dV>=0 0.004 | n=150 | a_used 0.00275 -> 0.00287
  crit | n=1 | viol 0.869 | V 0.8945 | Vmin 0.3969 | agree +0.505 | a*_q05 -0.00789 | a*_q50 -0.00268 | dV>=0 0.687 | beta 0.2480
  bell | direct viol 0.500 | direct dV>=0 0.372 | d_mean +0.00309 | d_std 0.02117 | d_q95 0.04111
[Episode 102/400] Steps: 720 | Reward:   -5.37 | Battery:  77.08% | Loss: 0.1735
Placing Sensors
[Episode 103/400] Steps:  77 | Reward:  -17.76 | Battery:   0.00% | Loss: 
Placing Sensors
[Episode 104/400] Steps: 106 | Reward:  -17.33 | Battery:   0.00% | Loss: 
Placing Sensors
[Episode 105/400] Steps: 720 | Reward:   -5.13 | Battery:  71.79% | Loss: 
Placing Sensors
[Episode 106/400] Steps: 133 | Reward:  -17.19 | Battery:   0.00% | Loss: 
Placing Sensors
Policy -0.0081 | Value 0.0245 | KL 0.00777 | CF 0.0998 | Std 0.1094 | |a| 0.0268 | EV +0.787 | Rsd 0.581 | Res 0.296 | AE nan | Alpha 0.1037 | MB 28/28
  cert | viol 0.140 | dV -0.223698 | V 0.3246 | inball 0.284 | a*_q05 -0.00005 | a*_q50 0.02345 | dV>=0 0.052 | n=150 | a_used 0.00287 -> 0.00273
  crit | n=1 | viol 0.612 | V 1.0094 | Vmin 0.3799 | agree +0.589 | a*_q05 -0.00454 | a*_q50 0.00149 | dV>=0 0.349 | beta 0.2440
  bell | direct viol 0.546 | direct dV>=0 0.446 | d_mean -0.00192 | d_std 0.03210 | d_q95 0.06257
[Episode 107/400] Steps: 720 | Reward:   -6.80 | Battery:  40.60% | Loss: 0.1404
Placing Sensors
[Episode 108/400] Steps: 129 | Reward:  -17.46 | Battery:   0.00% | Loss: 
Placing Sensors
[Episode 109/400] Steps: 720 | Reward:   -4.39 | Battery:  63.52% | Loss: 
Placing Sensors
[Episode 110/400] Steps:  90 | Reward:  -17.63 | Battery:   0.00% | Loss: 
Placing Sensors
Policy -0.0035 | Value 0.0254 | KL 0.00752 | CF 0.0920 | Std 0.1095 | |a| 0.0207 | EV +0.835 | Rsd 0.588 | Res 0.244 | AE nan | Alpha 0.0949 | MB 28/28
  cert | viol 0.000 | dV -0.222964 | V 0.2369 | inball 0.428 | a*_q05 0.01181 | a*_q50 0.03398 | dV>=0 0.000 | n=150 | a_used 0.00273 -> 0.00291
  crit | n=1 | viol 0.901 | V 0.9573 | Vmin 0.3377 | agree +0.647 | a*_q05 -0.00743 | a*_q50 -0.00192 | dV>=0 0.661 | beta 0.2417
  bell | direct viol 0.558 | direct dV>=0 0.456 | d_mean +0.00253 | d_std 0.02964 | d_q95 0.06390
[Episode 111/400] Steps: 720 | Reward:   -3.63 | Battery:  66.22% | Loss: 0.1419
Placing Sensors
[Episode 112/400] Steps: 720 | Reward:   -4.45 | Battery:  75.64% | Loss: 
Placing Sensors
[Episode 113/400] Steps:  66 | Reward:  -17.67 | Battery:   0.00% | Loss: 
Placing Sensors
Policy -0.0063 | Value 0.0143 | KL 0.00601 | CF 0.0760 | Std 0.1095 | |a| 0.0163 | EV +0.861 | Rsd 0.460 | Res 0.178 | AE nan | Alpha 0.0876 | MB 24/24
  cert | viol 0.064 | dV -0.217051 | V 0.3067 | inball 0.453 | a*_q05 0.00235 | a*_q50 0.02370 | dV>=0 0.016 | n=150 | a_used 0.00291 -> 0.00282
  crit | n=1 | viol 0.690 | V 0.8831 | Vmin 0.4107 | agree +0.669 | a*_q05 -0.00627 | a*_q50 0.00047 | dV>=0 0.455 | beta 0.2393
  bell | direct viol 0.516 | direct dV>=0 0.424 | d_mean +0.00151 | d_std 0.02482 | d_q95 0.05095
[Episode 114/400] Steps: 720 | Reward:   -5.53 | Battery:  72.09% | Loss: 0.2444
Placing Sensors
[Episode 115/400] Steps: 123 | Reward:  -17.51 | Battery:   0.00% | Loss: 
Placing Sensors
[Episode 116/400] Steps: 120 | Reward:  -17.37 | Battery:   0.00% | Loss: 
Placing Sensors
[Episode 117/400] Steps: 720 | Reward:   -7.70 | Battery:  49.94% | Loss: 
Placing Sensors
Policy 0.0029 | Value 0.0233 | KL 0.00982 | CF 0.1223 | Std 0.1096 | |a| 0.0291 | EV +0.771 | Rsd 0.471 | Res 0.240 | AE nan | Alpha 0.0801 | MB 28/28
  cert | viol 0.275 | dV -0.161480 | V 0.3203 | inball 0.136 | a*_q05 -0.01373 | a*_q50 0.00569 | dV>=0 0.223 | n=150 | a_used 0.00282 -> 0.00268
  crit | n=1 | viol 0.621 | V 1.1080 | Vmin 0.4774 | agree +0.474 | a*_q05 -0.00573 | a*_q50 0.00153 | dV>=0 0.376 | beta 0.2385
  bell | direct viol 0.547 | direct dV>=0 0.460 | d_mean -0.00093 | d_std 0.03090 | d_q95 0.06127
[Episode 118/400] Steps: 720 | Reward:   -6.72 | Battery:  67.93% | Loss: 0.0933
Placing Sensors
[Episode 119/400] Steps: 720 | Reward:   -7.74 | Battery:  51.34% | Loss: 
Placing Sensors
Policy -0.0046 | Value 0.0138 | KL 0.00989 | CF 0.1422 | Std 0.1096 | |a| 0.0236 | EV +0.771 | Rsd 0.411 | Res 0.202 | AE nan | Alpha 0.0742 | MB 24/24
  cert | viol 0.339 | dV -0.155623 | V 0.2816 | inball 0.228 | a*_q05 -0.00325 | a*_q50 0.00828 | dV>=0 0.203 | n=150 | a_used 0.00268 -> 0.00255
  crit | n=1 | viol 0.787 | V 0.9890 | Vmin 0.4766 | agree +0.525 | a*_q05 -0.00544 | a*_q50 0.00016 | dV>=0 0.480 | beta 0.2384
  bell | direct viol 0.550 | direct dV>=0 0.463 | d_mean +0.00134 | d_std 0.02550 | d_q95 0.04937
[Episode 120/400] Steps: 720 | Reward:   -5.08 | Battery:  60.34% | Loss: 0.0941
Placing Sensors
[Episode 121/400] Steps:  71 | Reward:  -17.71 | Battery:   0.00% | Loss: 
Placing Sensors
[Episode 122/400] Steps:  70 | Reward:  -17.76 | Battery:   0.00% | Loss: 
Placing Sensors
[Episode 123/400] Steps: 720 | Reward:   -6.28 | Battery:  78.06% | Loss: 
Placing Sensors
Policy -0.0233 | Value 0.0165 | KL 0.01163 | CF 0.1400 | Std 0.1097 | |a| 0.0224 | EV +0.852 | Rsd 0.506 | Res 0.194 | AE nan | Alpha 0.0682 | MB 28/28
  cert | viol 0.167 | dV -0.205195 | V 0.3472 | inball 0.318 | a*_q05 -0.00066 | a*_q50 0.01591 | dV>=0 0.076 | n=150 | a_used 0.00255 -> 0.00242
  crit | n=1 | viol 0.639 | V 1.0311 | Vmin 0.4472 | agree +0.635 | a*_q05 -0.00548 | a*_q50 0.00147 | dV>=0 0.346 | beta 0.2376
  bell | direct viol 0.497 | direct dV>=0 0.429 | d_mean +0.00215 | d_std 0.03000 | d_q95 0.06113
[Episode 124/400] Steps: 720 | Reward:   -5.95 | Battery:  60.85% | Loss: -0.1066
Placing Sensors
[Episode 125/400] Steps: 720 | Reward:   -6.77 | Battery:  65.25% | Loss: 
Placing Sensors
Policy -0.0009 | Value 0.0109 | KL 0.00765 | CF 0.0994 | Std 0.1097 | |a| 0.0272 | EV +0.869 | Rsd 0.428 | Res 0.159 | AE nan | Alpha 0.0631 | MB 24/24
  cert | viol 0.130 | dV -0.226879 | V 0.3504 | inball 0.435 | a*_q05 0.00080 | a*_q50 0.02308 | dV>=0 0.031 | n=150 | a_used 0.00242 -> 0.00232
  crit | n=1 | viol 0.635 | V 0.9134 | Vmin 0.3961 | agree +0.336 | a*_q05 -0.00755 | a*_q50 0.00064 | dV>=0 0.446 | beta 0.2342
  bell | direct viol 0.498 | direct dV>=0 0.427 | d_mean +0.00089 | d_std 0.02598 | d_q95 0.05259
[Episode 126/400] Steps: 720 | Reward:   -4.07 | Battery:  70.36% | Loss: 0.1939
Placing Sensors
[Episode 127/400] Steps: 720 | Reward:   -4.85 | Battery:  74.45% | Loss: 
Placing Sensors
[Episode 128/400] Steps:  80 | Reward:  -17.53 | Battery:   0.00% | Loss: 
Placing Sensors
[Episode 129/400] Steps:  81 | Reward:  -17.54 | Battery:   0.00% | Loss: 
Placing Sensors
[Episode 130/400] Steps: 165 | Reward:  -17.18 | Battery:   0.00% | Loss: 
Placing Sensors
Policy -0.0035 | Value 0.0255 | KL 0.00949 | CF 0.1217 | Std 0.1098 | |a| 0.0223 | EV +0.775 | Rsd 0.575 | Res 0.274 | AE nan | Alpha 0.0575 | MB 28/28
  cert | viol 0.043 | dV -0.241022 | V 0.3234 | inball 0.312 | a*_q05 0.00276 | a*_q50 0.02373 | dV>=0 0.011 | n=150 | a_used 0.00232 -> 0.00235
  crit | n=1 | viol 0.620 | V 1.0472 | Vmin 0.3704 | agree +0.675 | a*_q05 -0.00597 | a*_q50 0.00082 | dV>=0 0.424 | beta 0.2319
  bell | direct viol 0.514 | direct dV>=0 0.456 | d_mean +0.00100 | d_std 0.03368 | d_q95 0.06925
[Episode 131/400] Steps: 720 | Reward:   -6.09 | Battery:  59.09% | Loss: -0.0281
Placing Sensors
[Episode 132/400] Steps:  65 | Reward:  -17.65 | Battery:   0.00% | Loss: 
Placing Sensors
[Episode 133/400] Steps:  86 | Reward:  -17.62 | Battery:   0.00% | Loss: 
Placing Sensors
[Episode 134/400] Steps:  65 | Reward:  -17.74 | Battery:   0.00% | Loss: 
Placing Sensors
[Episode 135/400] Steps: 720 | Reward:   -6.78 | Battery:  49.65% | Loss: 
Placing Sensors
Policy 0.0000 | Value 0.0153 | KL 0.00924 | CF 0.1166 | Std 0.1098 | |a| 0.0229 | EV +0.865 | Rsd 0.588 | Res 0.216 | AE nan | Alpha 0.0526 | MB 28/28
  cert | viol 0.139 | dV -0.262279 | V 0.4091 | inball 0.380 | a*_q05 -0.00125 | a*_q50 0.02271 | dV>=0 0.082 | n=150 | a_used 0.00235 -> 0.00199
  crit | n=1 | viol 0.603 | V 1.0950 | Vmin 0.3754 | agree +0.566 | a*_q05 -0.00612 | a*_q50 0.00130 | dV>=0 0.360 | beta 0.2300
  bell | direct viol 0.546 | direct dV>=0 0.481 | d_mean +0.00024 | d_std 0.03350 | d_q95 0.06944
[Episode 136/400] Steps: 720 | Reward:   -5.18 | Battery:  83.33% | Loss: 0.0895
Placing Sensors
[Episode 137/400] Steps:  82 | Reward:  -17.53 | Battery:   0.00% | Loss: 
Placing Sensors
[Episode 138/400] Steps: 720 | Reward:   -4.31 | Battery:  67.02% | Loss: 
Placing Sensors
Policy -0.0054 | Value 0.0151 | KL 0.00579 | CF 0.0668 | Std 0.1098 | |a| 0.0242 | EV +0.832 | Rsd 0.454 | Res 0.202 | AE nan | Alpha 0.0485 | MB 24/24
  cert | viol 0.087 | dV -0.186814 | V 0.2180 | inball 0.399 | a*_q05 -0.01163 | a*_q50 0.02679 | dV>=0 0.087 | n=150 | a_used 0.00199 -> 0.00189
  crit | n=1 | viol 0.834 | V 0.9204 | Vmin 0.4480 | agree +0.587 | a*_q05 -0.00710 | a*_q50 -0.00254 | dV>=0 0.703 | beta 0.2300
  bell | direct viol 0.500 | direct dV>=0 0.463 | d_mean +0.00349 | d_std 0.03415 | d_q95 0.06691
[Episode 139/400] Steps: 720 | Reward:   -4.59 | Battery:  68.46% | Loss: 0.0872
Placing Sensors
[Episode 140/400] Steps: 720 | Reward:   -5.58 | Battery:  62.05% | Loss: 
Placing Sensors
Policy -0.0040 | Value 0.0123 | KL 0.01135 | CF 0.1504 | Std 0.1099 | |a| 0.0224 | EV +0.733 | Rsd 0.370 | Res 0.193 | AE nan | Alpha 0.0449 | MB 24/24
  cert | viol 0.023 | dV -0.200393 | V 0.2777 | inball 0.378 | a*_q05 0.00400 | a*_q50 0.01902 | dV>=0 0.000 | n=150 | a_used 0.00189 -> 0.00197
  crit | n=1 | viol 0.621 | V 0.8203 | Vmin 0.4383 | agree +0.293 | a*_q05 -0.00702 | a*_q50 0.00025 | dV>=0 0.478 | beta 0.2284
  bell | direct viol 0.513 | direct dV>=0 0.471 | d_mean +0.00083 | d_std 0.02741 | d_q95 0.05663
[Episode 141/400] Steps: 720 | Reward:   -4.91 | Battery:  67.03% | Loss: 0.0255
Placing Sensors
[Episode 142/400] Steps:  87 | Reward:  -17.50 | Battery:   0.00% | Loss: 
Placing Sensors
[Episode 143/400] Steps: 720 | Reward:   -5.30 | Battery:  43.88% | Loss: 
Placing Sensors
[Episode 144/400] Steps:  89 | Reward:  -17.18 | Battery:   0.00% | Loss: 
Placing Sensors
Policy -0.0120 | Value 0.0149 | KL 0.01002 | CF 0.1310 | Std 0.1099 | |a| 0.0240 | EV +0.867 | Rsd 0.544 | Res 0.199 | AE nan | Alpha 0.0412 | MB 28/28
  cert | viol 0.014 | dV -0.257573 | V 0.3012 | inball 0.416 | a*_q05 0.00523 | a*_q50 0.03273 | dV>=0 0.014 | n=150 | a_used 0.00197 -> 0.00213
  crit | n=1 | viol 0.700 | V 0.8885 | Vmin 0.3540 | agree +0.726 | a*_q05 -0.00722 | a*_q50 -0.00044 | dV>=0 0.529 | beta 0.2253
  bell | direct viol 0.517 | direct dV>=0 0.474 | d_mean +0.00193 | d_std 0.03613 | d_q95 0.07152
[Episode 145/400] Steps: 720 | Reward:   -3.83 | Battery:  73.04% | Loss: -0.0305
Placing Sensors
[Episode 146/400] Steps: 720 | Reward:   -7.03 | Battery:  69.94% | Loss: 
Placing Sensors
Policy -0.0075 | Value 0.0102 | KL 0.00897 | CF 0.1234 | Std 0.1100 | |a| 0.0283 | EV +0.854 | Rsd 0.356 | Res 0.136 | AE nan | Alpha 0.0382 | MB 24/24
  cert | viol 0.173 | dV -0.174223 | V 0.3117 | inball 0.442 | a*_q05 -0.00129 | a*_q50 0.02333 | dV>=0 0.129 | n=150 | a_used 0.00213 -> 0.00202
  crit | n=1 | viol 0.569 | V 0.7389 | Vmin 0.3086 | agree +0.543 | a*_q05 -0.00664 | a*_q50 0.00102 | dV>=0 0.439 | beta 0.2207
  bell | direct viol 0.506 | direct dV>=0 0.458 | d_mean -0.00017 | d_std 0.03123 | d_q95 0.06056
[Episode 147/400] Steps: 720 | Reward:   -2.94 | Battery:  76.39% | Loss: -0.0564
Placing Sensors
[Episode 148/400] Steps: 720 | Reward:   -7.64 | Battery:  70.45% | Loss: 
Placing Sensors
[Episode 149/400] Steps:  86 | Reward:  -17.62 | Battery:   0.00% | Loss: 
Placing Sensors
[Episode 150/400] Steps: 100 | Reward:  -17.51 | Battery:   0.00% | Loss: 
Placing Sensors
[Episode 151/400] Steps: 105 | Reward:  -17.48 | Battery:   0.00% | Loss: 
Placing Sensors
Policy -0.0014 | Value 0.0271 | KL 0.00969 | CF 0.1111 | Std 0.1100 | |a| 0.0511 | EV +0.764 | Rsd 0.551 | Res 0.278 | AE nan | Alpha 0.0348 | MB 28/28
  cert | viol 0.271 | dV -0.213498 | V 0.4110 | inball 0.316 | a*_q05 -0.00156 | a*_q50 0.01826 | dV>=0 0.161 | n=150 | a_used 0.00202 -> 0.00192
  crit | n=1 | viol 0.545 | V 1.0951 | Vmin 0.3682 | agree +0.615 | a*_q05 -0.00575 | a*_q50 0.00169 | dV>=0 0.309 | beta 0.2189
  bell | direct viol 0.561 | direct dV>=0 0.503 | d_mean -0.00081 | d_std 0.03834 | d_q95 0.07237
[Episode 152/400] Steps: 720 | Reward:   -5.09 | Battery:  68.18% | Loss: 0.0515
Placing Sensors
[Episode 153/400] Steps:  67 | Reward:  -17.62 | Battery:   0.00% | Loss: 
Placing Sensors
[Episode 154/400] Steps: 291 | Reward:  -16.45 | Battery:   0.00% | Loss: 
Placing Sensors
[Episode 155/400] Steps: 161 | Reward:  -17.12 | Battery:   0.00% | Loss: 
Placing Sensors
[Episode 156/400] Steps: 112 | Reward:  -17.38 | Battery:   0.00% | Loss: 
Placing Sensors
[Episode 157/400] Steps: 720 | Reward:   -4.49 | Battery:  56.06% | Loss: 
Placing Sensors
Policy 0.0211 | Value 0.0454 | KL 0.01723 | CF 0.1818 | Std 0.1100 | |a| 0.0504 | EV +0.647 | Rsd 0.556 | Res 0.334 | AE nan | Alpha 0.0312 | MB 36/36
  cert | viol 0.289 | dV -0.143886 | V 0.3201 | inball 0.231 | a*_q05 -0.00931 | a*_q50 0.01898 | dV>=0 0.265 | n=150 | a_used 0.00192 -> 0.00183
  crit | n=1 | viol 0.729 | V 1.2148 | Vmin 0.5028 | agree +0.620 | a*_q05 -0.00594 | a*_q50 -0.00024 | dV>=0 0.531 | beta 0.2194
  bell | direct viol 0.524 | direct dV>=0 0.489 | d_mean -0.00012 | d_std 0.04275 | d_q95 0.08579
[Episode 158/400] Steps: 720 | Reward:   -6.61 | Battery:  54.97% | Loss: 0.0891
Placing Sensors
[Episode 159/400] Steps: 720 | Reward:   -6.94 | Battery:  59.27% | Loss: 
Placing Sensors
[Episode 160/400] Steps:  92 | Reward:  -17.62 | Battery:   0.00% | Loss: 
Placing Sensors
[Episode 161/400] Steps: 100 | Reward:  -17.58 | Battery:   0.00% | Loss: 
Placing Sensors
Policy -0.0010 | Value 0.0164 | KL 0.01286 | CF 0.1632 | Std 0.1101 | |a| 0.0331 | EV +0.846 | Rsd 0.549 | Res 0.220 | AE nan | Alpha 0.0286 | MB 28/28
  cert | viol 0.026 | dV -0.243551 | V 0.3549 | inball 0.265 | a*_q05 0.00320 | a*_q50 0.01672 | dV>=0 0.000 | n=150 | a_used 0.00183 -> 0.00189
  crit | n=1 | viol 0.552 | V 1.0852 | Vmin 0.4399 | agree +0.586 | a*_q05 -0.00524 | a*_q50 0.00136 | dV>=0 0.366 | beta 0.2181
  bell | direct viol 0.522 | direct dV>=0 0.482 | d_mean +0.00023 | d_std 0.03796 | d_q95 0.07218
[Episode 162/400] Steps: 720 | Reward:   -6.65 | Battery:  57.71% | Loss: 0.0233
Placing Sensors
[Episode 163/400] Steps: 720 | Reward:   -6.72 | Battery:  62.50% | Loss: 
Placing Sensors
Policy -0.0006 | Value 0.0131 | KL 0.01226 | CF 0.1580 | Std 0.1101 | |a| 0.0364 | EV +0.846 | Rsd 0.419 | Res 0.187 | AE nan | Alpha 0.0265 | MB 24/24
  cert | viol 0.193 | dV -0.197956 | V 0.3078 | inball 0.214 | a*_q05 -0.01169 | a*_q50 0.01178 | dV>=0 0.163 | n=150 | a_used 0.00189 -> 0.00180
  crit | n=1 | viol 0.748 | V 1.0586 | Vmin 0.5094 | agree +0.498 | a*_q05 -0.00723 | a*_q50 -0.00141 | dV>=0 0.597 | beta 0.2200
  bell | direct viol 0.561 | direct dV>=0 0.509 | d_mean +0.00204 | d_std 0.03198 | d_q95 0.06207
[Episode 164/400] Steps: 720 | Reward:   -6.08 | Battery:  56.98% | Loss: 0.1018
Placing Sensors
[Episode 165/400] Steps: 720 | Reward:   -5.38 | Battery:  65.99% | Loss: 
Placing Sensors
[Episode 166/400] Steps: 110 | Reward:  -17.47 | Battery:   0.00% | Loss: 
Placing Sensors
Policy -0.0156 | Value 0.0140 | KL 0.01460 | CF 0.1775 | Std 0.1102 | |a| 0.0238 | EV +0.837 | Rsd 0.449 | Res 0.191 | AE nan | Alpha 0.0244 | MB 28/28
  cert | viol 0.123 | dV -0.250826 | V 0.3328 | inball 0.362 | a*_q05 -0.00603 | a*_q50 0.02614 | dV>=0 0.068 | n=150 | a_used 0.00180 -> 0.00196
  crit | n=1 | viol 0.629 | V 0.9432 | Vmin 0.4427 | agree +0.711 | a*_q05 -0.00737 | a*_q50 0.00006 | dV>=0 0.488 | beta 0.2177
  bell | direct viol 0.533 | direct dV>=0 0.492 | d_mean +0.00190 | d_std 0.03404 | d_q95 0.06846
[Episode 167/400] Steps: 720 | Reward:   -5.02 | Battery:  70.65% | Loss: -0.1171
Placing Sensors
[Episode 168/400] Steps: 160 | Reward:  -17.07 | Battery:   0.00% | Loss: 
Placing Sensors
[Episode 169/400] Steps: 109 | Reward:  -17.49 | Battery:   0.00% | Loss: 
Placing Sensors
[Episode 170/400] Steps: 720 | Reward:   -4.99 | Battery:  63.53% | Loss: 
Placing Sensors
Policy -0.0036 | Value 0.0190 | KL 0.00990 | CF 0.1166 | Std 0.1102 | |a| 0.0309 | EV +0.846 | Rsd 0.561 | Res 0.220 | AE nan | Alpha 0.0222 | MB 28/28
  cert | viol 0.154 | dV -0.212622 | V 0.3249 | inball 0.360 | a*_q05 0.00008 | a*_q50 0.02065 | dV>=0 0.051 | n=150 | a_used 0.00196 -> 0.00187
  crit | n=1 | viol 0.552 | V 1.0023 | Vmin 0.3335 | agree +0.675 | a*_q05 -0.00583 | a*_q50 0.00143 | dV>=0 0.370 | beta 0.2158
  bell | direct viol 0.532 | direct dV>=0 0.487 | d_mean +0.00081 | d_std 0.03611 | d_q95 0.07537
[Episode 171/400] Steps: 720 | Reward:   -5.74 | Battery:  71.65% | Loss: 0.0759
Placing Sensors
[Episode 172/400] Steps: 720 | Reward:   -5.47 | Battery:  53.64% | Loss: 
Placing Sensors
Policy -0.0047 | Value 0.0098 | KL 0.00861 | CF 0.1224 | Std 0.1102 | |a| 0.0266 | EV +0.862 | Rsd 0.398 | Res 0.151 | AE nan | Alpha 0.0206 | MB 24/24
  cert | viol 0.084 | dV -0.260806 | V 0.3418 | inball 0.429 | a*_q05 0.00059 | a*_q50 0.02712 | dV>=0 0.023 | n=150 | a_used 0.00187 -> 0.00181
  crit | n=1 | viol 0.504 | V 0.7818 | Vmin 0.2967 | agree +0.349 | a*_q05 -0.00645 | a*_q50 0.00171 | dV>=0 0.436 | beta 0.2136
  bell | direct viol 0.501 | direct dV>=0 0.467 | d_mean +0.00076 | d_std 0.03297 | d_q95 0.06807
[Episode 173/400] Steps: 720 | Reward:   -4.74 | Battery:  81.17% | Loss: 0.0381
Placing Sensors
[Episode 174/400] Steps: 720 | Reward:   -3.93 | Battery:  66.41% | Loss: 
Placing Sensors
Policy -0.0093 | Value 0.0066 | KL 0.00873 | CF 0.1188 | Std 0.1102 | |a| 0.0226 | EV +0.919 | Rsd 0.363 | Res 0.116 | AE nan | Alpha 0.0191 | MB 24/24
  cert | viol 0.000 | dV -0.225474 | V 0.2781 | inball 0.482 | a*_q05 0.00544 | a*_q50 0.02685 | dV>=0 0.000 | n=150 | a_used 0.00181 -> 0.00190
  crit | n=1 | viol 0.658 | V 0.7590 | Vmin 0.3190 | agree +0.539 | a*_q05 -0.00628 | a*_q50 -0.00083 | dV>=0 0.561 | beta 0.2109
  bell | direct viol 0.514 | direct dV>=0 0.476 | d_mean +0.00235 | d_std 0.02418 | d_q95 0.05040
[Episode 175/400] Steps: 720 | Reward:   -5.46 | Battery:  71.86% | Loss: 0.0067
Placing Sensors
[Episode 176/400] Steps: 720 | Reward:   -4.26 | Battery:  65.74% | Loss: 
Placing Sensors
Policy -0.0047 | Value 0.0059 | KL 0.01238 | CF 0.1527 | Std 0.1102 | |a| 0.0315 | EV +0.883 | Rsd 0.310 | Res 0.117 | AE nan | Alpha 0.0177 | MB 24/24
  cert | viol 0.038 | dV -0.255884 | V 0.3294 | inball 0.477 | a*_q05 0.00259 | a*_q50 0.03004 | dV>=0 0.014 | n=150 | a_used 0.00190 -> 0.00198
  crit | n=1 | viol 0.440 | V 0.7546 | Vmin 0.3544 | agree +0.310 | a*_q05 -0.00667 | a*_q50 0.00300 | dV>=0 0.382 | beta 0.2099
  bell | direct viol 0.505 | direct dV>=0 0.466 | d_mean +0.00038 | d_std 0.02697 | d_q95 0.05499
[Episode 177/400] Steps: 720 | Reward:   -5.21 | Battery:  74.33% | Loss: -0.0473
Placing Sensors
[Episode 178/400] Steps: 720 | Reward:   -5.25 | Battery:  67.82% | Loss: 
Placing Sensors
Policy -0.0003 | Value 0.0042 | KL 0.00718 | CF 0.0925 | Std 0.1102 | |a| 0.0211 | EV +0.948 | Rsd 0.341 | Res 0.080 | AE nan | Alpha 0.0164 | MB 24/24
  cert | viol 0.066 | dV -0.219037 | V 0.3090 | inball 0.421 | a*_q05 0.00179 | a*_q50 0.02346 | dV>=0 0.014 | n=150 | a_used 0.00198 -> 0.00197
  crit | n=1 | viol 0.530 | V 0.8040 | Vmin 0.3468 | agree +0.478 | a*_q05 -0.00514 | a*_q50 0.00164 | dV>=0 0.370 | beta 0.2074
  bell | direct viol 0.498 | direct dV>=0 0.461 | d_mean +0.00036 | d_std 0.02546 | d_q95 0.05041
[Episode 179/400] Steps: 720 | Reward:   -5.50 | Battery:  69.66% | Loss: 0.0090
Placing Sensors
[Episode 180/400] Steps: 720 | Reward:   -5.00 | Battery:  54.08% | Loss: 
Placing Sensors
Policy -0.0091 | Value 0.0038 | KL 0.00688 | CF 0.0838 | Std 0.1102 | |a| 0.0229 | EV +0.949 | Rsd 0.327 | Res 0.083 | AE nan | Alpha 0.0152 | MB 24/24
  cert | viol 0.000 | dV -0.201159 | V 0.2457 | inball 0.410 | a*_q05 0.00546 | a*_q50 0.02538 | dV>=0 0.000 | n=150 | a_used 0.00197 -> 0.00209
  crit | n=1 | viol 0.661 | V 0.7259 | Vmin 0.3189 | agree +0.514 | a*_q05 -0.00666 | a*_q50 0.00021 | dV>=0 0.486 | beta 0.2049
  bell | direct viol 0.505 | direct dV>=0 0.470 | d_mean +0.00135 | d_std 0.02413 | d_q95 0.04859
[Episode 181/400] Steps: 720 | Reward:   -4.04 | Battery:  74.99% | Loss: 0.0245
Placing Sensors
[Episode 182/400] Steps: 720 | Reward:   -5.52 | Battery:  67.44% | Loss: 
Placing Sensors
[Episode 183/400] Steps: 138 | Reward:  -17.30 | Battery:   0.00% | Loss: 
Placing Sensors
Policy -0.0029 | Value 0.0144 | KL 0.01115 | CF 0.1414 | Std 0.1102 | |a| 0.0275 | EV +0.792 | Rsd 0.443 | Res 0.202 | AE nan | Alpha 0.0139 | MB 28/28
  cert | viol 0.065 | dV -0.262967 | V 0.3296 | inball 0.498 | a*_q05 0.00207 | a*_q50 0.03461 | dV>=0 0.037 | n=150 | a_used 0.00209 -> 0.00217
  crit | n=1 | viol 0.592 | V 0.7642 | Vmin 0.2669 | agree +0.698 | a*_q05 -0.00687 | a*_q50 0.00109 | dV>=0 0.412 | beta 0.2016
  bell | direct viol 0.524 | direct dV>=0 0.471 | d_mean -0.00063 | d_std 0.03465 | d_q95 0.07094
[Episode 184/400] Steps: 720 | Reward:   -2.98 | Battery:  76.14% | Loss: 0.1103
Placing Sensors
[Episode 185/400] Steps: 720 | Reward:   -2.94 | Battery:  78.61% | Loss: 
Placing Sensors
Policy -0.0092 | Value 0.0073 | KL 0.00777 | CF 0.0941 | Std 0.1102 | |a| 0.0217 | EV +0.900 | Rsd 0.378 | Res 0.120 | AE nan | Alpha 0.0129 | MB 24/24
  cert | viol 0.123 | dV -0.255936 | V 0.3787 | inball 0.472 | a*_q05 0.00020 | a*_q50 0.02748 | dV>=0 0.047 | n=150 | a_used 0.00217 -> 0.00207
  crit | n=1 | viol 0.401 | V 0.7000 | Vmin 0.2757 | agree +0.468 | a*_q05 -0.00723 | a*_q50 0.00443 | dV>=0 0.319 | beta 0.1984
  bell | direct viol 0.488 | direct dV>=0 0.456 | d_mean -0.00089 | d_std 0.02774 | d_q95 0.05358
[Episode 186/400] Steps: 720 | Reward:   -7.28 | Battery:  63.49% | Loss: -0.1478
Placing Sensors
[Episode 187/400] Steps: 720 | Reward:   -5.19 | Battery:  72.64% | Loss: 
Placing Sensors
Policy -0.0087 | Value 0.0079 | KL 0.00675 | CF 0.0828 | Std 0.1102 | |a| 0.0250 | EV +0.891 | Rsd 0.353 | Res 0.121 | AE nan | Alpha 0.0120 | MB 24/24
  cert | viol 0.071 | dV -0.297777 | V 0.3840 | inball 0.547 | a*_q05 0.00123 | a*_q50 0.03103 | dV>=0 0.036 | n=150 | a_used 0.00207 -> 0.00186
  crit | n=1 | viol 0.384 | V 0.6622 | Vmin 0.2467 | agree +0.610 | a*_q05 -0.00676 | a*_q50 0.00401 | dV>=0 0.303 | beta 0.1947
  bell | direct viol 0.491 | direct dV>=0 0.463 | d_mean -0.00023 | d_std 0.03074 | d_q95 0.06064
[Episode 188/400] Steps: 720 | Reward:   -3.79 | Battery:  82.72% | Loss: -0.0543
Placing Sensors
[Episode 189/400] Steps: 720 | Reward:   -4.22 | Battery:  71.96% | Loss: 
Placing Sensors
Policy 0.0006 | Value 0.0078 | KL 0.00854 | CF 0.1090 | Std 0.1101 | |a| 0.0210 | EV +0.869 | Rsd 0.320 | Res 0.123 | AE nan | Alpha 0.0111 | MB 24/24
  cert | viol 0.000 | dV -0.215509 | V 0.2460 | inball 0.547 | a*_q05 0.00795 | a*_q50 0.03113 | dV>=0 0.000 | n=150 | a_used 0.00186 -> 0.00201
  crit | n=1 | viol 0.598 | V 0.6150 | Vmin 0.2624 | agree +0.515 | a*_q05 -0.00715 | a*_q50 0.00034 | dV>=0 0.490 | beta 0.1917
  bell | direct viol 0.498 | direct dV>=0 0.471 | d_mean +0.00143 | d_std 0.03214 | d_q95 0.06452
[Episode 190/400] Steps: 720 | Reward:   -3.13 | Battery:  81.34% | Loss: 0.0534
Placing Sensors
[Episode 191/400] Steps: 720 | Reward:   -5.02 | Battery:  52.30% | Loss: 
Placing Sensors
Policy -0.0097 | Value 0.0047 | KL 0.00763 | CF 0.0874 | Std 0.1101 | |a| 0.0370 | EV +0.919 | Rsd 0.310 | Res 0.090 | AE nan | Alpha 0.0102 | MB 24/24
  cert | viol 0.000 | dV -0.292266 | V 0.3131 | inball 0.497 | a*_q05 0.01119 | a*_q50 0.03547 | dV>=0 0.000 | n=150 | a_used 0.00201 -> 0.00218
  crit | n=1 | viol 0.528 | V 0.6495 | Vmin 0.3078 | agree +0.640 | a*_q05 -0.00668 | a*_q50 0.00158 | dV>=0 0.382 | beta 0.1896
  bell | direct viol 0.470 | direct dV>=0 0.440 | d_mean +0.00079 | d_std 0.02658 | d_q95 0.05233
[Episode 192/400] Steps: 720 | Reward:   -4.47 | Battery:  81.90% | Loss: 0.0814
Placing Sensors
[Episode 193/400] Steps: 720 | Reward:   -5.19 | Battery:  72.61% | Loss: 
Placing Sensors
Policy -0.0039 | Value 0.0052 | KL 0.01149 | CF 0.1363 | Std 0.1101 | |a| 0.0288 | EV +0.907 | Rsd 0.304 | Res 0.092 | AE nan | Alpha 0.0100 | MB 24/24
  cert | viol 0.097 | dV -0.204856 | V 0.2823 | inball 0.481 | a*_q05 0.00128 | a*_q50 0.02623 | dV>=0 0.005 | n=150 | a_used 0.00218 -> 0.00217
  crit | n=1 | viol 0.439 | V 0.6534 | Vmin 0.2523 | agree +0.543 | a*_q05 -0.00548 | a*_q50 0.00317 | dV>=0 0.292 | beta 0.1862
  bell | direct viol 0.484 | direct dV>=0 0.450 | d_mean +0.00002 | d_std 0.02718 | d_q95 0.05512
[Episode 194/400] Steps: 720 | Reward:   -4.03 | Battery:  82.90% | Loss: 0.0184
Placing Sensors
[Episode 195/400] Steps:  82 | Reward:  -17.60 | Battery:   0.00% | Loss: 
Placing Sensors
[Episode 196/400] Steps:  93 | Reward:  -17.35 | Battery:   0.00% | Loss: 
Placing Sensors
[Episode 197/400] Steps: 720 | Reward:   -5.33 | Battery:  78.67% | Loss: 
Placing Sensors
Policy -0.0022 | Value 0.0318 | KL 0.00977 | CF 0.1208 | Std 0.1101 | |a| 0.0305 | EV +0.732 | Rsd 0.481 | Res 0.271 | AE nan | Alpha 0.0100 | MB 28/28
  cert | viol 0.177 | dV -0.228933 | V 0.3490 | inball 0.346 | a*_q05 -0.00299 | a*_q50 0.02363 | dV>=0 0.123 | n=150 | a_used 0.00217 -> 0.00206
  crit | n=1 | viol 0.363 | V 0.8255 | Vmin 0.2849 | agree +0.579 | a*_q05 -0.00564 | a*_q50 0.00433 | dV>=0 0.277 | beta 0.1839
  bell | direct viol 0.523 | direct dV>=0 0.493 | d_mean -0.00127 | d_std 0.03448 | d_q95 0.07166
[Episode 198/400] Steps: 720 | Reward:   -6.40 | Battery:  44.65% | Loss: 0.0495
Placing Sensors
[Episode 199/400] Steps: 720 | Reward:   -4.69 | Battery:  67.36% | Loss: 
Placing Sensors
Policy -0.0095 | Value 0.0068 | KL 0.00810 | CF 0.0922 | Std 0.1101 | |a| 0.0341 | EV +0.916 | Rsd 0.384 | Res 0.112 | AE nan | Alpha 0.0100 | MB 24/24
  cert | viol 0.053 | dV -0.237495 | V 0.3195 | inball 0.444 | a*_q05 0.00215 | a*_q50 0.02463 | dV>=0 0.000 | n=150 | a_used 0.00206 -> 0.00206
  crit | n=1 | viol 0.340 | V 0.6844 | Vmin 0.2551 | agree +0.549 | a*_q05 -0.00493 | a*_q50 0.00414 | dV>=0 0.214 | beta 0.1820
  bell | direct viol 0.496 | direct dV>=0 0.472 | d_mean -0.00048 | d_std 0.03636 | d_q95 0.07404
[Episode 200/400] Steps: 720 | Reward:   -5.40 | Battery:  85.22% | Loss: 0.0109
Placing Sensors
[Episode 201/400] Steps: 720 | Reward:   -4.48 | Battery:  78.36% | Loss: 
Placing Sensors
Policy -0.0104 | Value 0.0061 | KL 0.01386 | CF 0.1778 | Std 0.1100 | |a| 0.0259 | EV +0.882 | Rsd 0.317 | Res 0.109 | AE nan | Alpha 0.0100 | MB 24/24
  cert | viol 0.032 | dV -0.251965 | V 0.3097 | inball 0.535 | a*_q05 0.00376 | a*_q50 0.02916 | dV>=0 0.004 | n=150 | a_used 0.00206 -> 0.00213
  crit | n=1 | viol 0.473 | V 0.6578 | Vmin 0.3063 | agree +0.545 | a*_q05 -0.00543 | a*_q50 0.00238 | dV>=0 0.363 | beta 0.1806
  bell | direct viol 0.498 | direct dV>=0 0.469 | d_mean +0.00039 | d_std 0.03170 | d_q95 0.06175
[Episode 202/400] Steps: 720 | Reward:   -4.92 | Battery:  71.84% | Loss: -0.0093
Placing Sensors
[Episode 203/400] Steps: 720 | Reward:   -5.98 | Battery:  61.45% | Loss: 
Placing Sensors
[Episode 204/400] Steps:  69 | Reward:  -17.74 | Battery:   0.00% | Loss: 
Placing Sensors
Policy 0.0005 | Value 0.0157 | KL 0.01183 | CF 0.1300 | Std 0.1101 | |a| 0.0257 | EV +0.844 | Rsd 0.460 | Res 0.197 | AE nan | Alpha 0.0100 | MB 24/24
  cert | viol 0.080 | dV -0.276948 | V 0.3732 | inball 0.403 | a*_q05 0.00102 | a*_q50 0.02486 | dV>=0 0.047 | n=150 | a_used 0.00213 -> 0.00202
  crit | n=1 | viol 0.380 | V 0.8061 | Vmin 0.3119 | agree +0.495 | a*_q05 -0.00567 | a*_q50 0.00426 | dV>=0 0.291 | beta 0.1799
  bell | direct viol 0.512 | direct dV>=0 0.489 | d_mean -0.00111 | d_std 0.03976 | d_q95 0.08064
[Episode 205/400] Steps: 720 | Reward:   -5.66 | Battery:  67.90% | Loss: 0.0620
Placing Sensors
[Episode 206/400] Steps: 720 | Reward:   -6.70 | Battery:  59.03% | Loss: 
Placing Sensors
Policy -0.0107 | Value 0.0059 | KL 0.00929 | CF 0.1054 | Std 0.1100 | |a| 0.0229 | EV +0.935 | Rsd 0.392 | Res 0.102 | AE nan | Alpha 0.0100 | MB 24/24
  cert | viol 0.057 | dV -0.279999 | V 0.3787 | inball 0.377 | a*_q05 0.00192 | a*_q50 0.02446 | dV>=0 0.025 | n=150 | a_used 0.00202 -> 0.00203
  crit | n=1 | viol 0.451 | V 0.8005 | Vmin 0.2797 | agree +0.493 | a*_q05 -0.00564 | a*_q50 0.00282 | dV>=0 0.334 | beta 0.1790
  bell | direct viol 0.514 | direct dV>=0 0.488 | d_mean -0.00081 | d_std 0.03506 | d_q95 0.06939
[Episode 207/400] Steps: 720 | Reward:   -5.54 | Battery:  68.71% | Loss: -0.0150
Placing Sensors
[Episode 208/400] Steps: 720 | Reward:   -6.28 | Battery:  56.47% | Loss: 
Placing Sensors
Policy -0.0071 | Value 0.0052 | KL 0.00572 | CF 0.0715 | Std 0.1100 | |a| 0.0220 | EV +0.949 | Rsd 0.444 | Res 0.101 | AE nan | Alpha 0.0100 | MB 24/24
  cert | viol 0.039 | dV -0.254165 | V 0.3381 | inball 0.405 | a*_q05 0.00222 | a*_q50 0.02551 | dV>=0 0.018 | n=150 | a_used 0.00203 -> 0.00203
  crit | n=1 | viol 0.492 | V 0.7795 | Vmin 0.2673 | agree +0.533 | a*_q05 -0.00553 | a*_q50 0.00207 | dV>=0 0.332 | beta 0.1770
  bell | direct viol 0.508 | direct dV>=0 0.466 | d_mean +0.00040 | d_std 0.02966 | d_q95 0.05470
[Episode 209/400] Steps: 720 | Reward:   -4.36 | Battery:  74.00% | Loss: -0.0155
Placing Sensors
[Episode 210/400] Steps: 130 | Reward:  -17.49 | Battery:   0.00% | Loss: 
Placing Sensors
[Episode 211/400] Steps: 720 | Reward:   -4.40 | Battery:  73.81% | Loss: 
Placing Sensors
Policy -0.0076 | Value 0.0159 | KL 0.01164 | CF 0.1114 | Std 0.1100 | |a| 0.0199 | EV +0.854 | Rsd 0.471 | Res 0.183 | AE nan | Alpha 0.0100 | MB 28/28
  cert | viol 0.019 | dV -0.234478 | V 0.3253 | inball 0.392 | a*_q05 0.00365 | a*_q50 0.02043 | dV>=0 0.000 | n=150 | a_used 0.00203 -> 0.00208
  crit | n=1 | viol 0.376 | V 0.8418 | Vmin 0.2892 | agree +0.628 | a*_q05 -0.00602 | a*_q50 0.00331 | dV>=0 0.238 | beta 0.1762
  bell | direct viol 0.497 | direct dV>=0 0.472 | d_mean -0.00039 | d_std 0.03798 | d_q95 0.07356
[Episode 212/400] Steps: 720 | Reward:   -6.45 | Battery:  68.66% | Loss: -0.0224
Placing Sensors
[Episode 213/400] Steps: 720 | Reward:   -6.23 | Battery:  58.04% | Loss: 
Placing Sensors
[Episode 214/400] Steps: 120 | Reward:  -17.45 | Battery:   0.00% | Loss: 
Placing Sensors
Policy -0.0027 | Value 0.0172 | KL 0.00694 | CF 0.0905 | Std 0.1100 | |a| 0.0159 | EV +0.872 | Rsd 0.496 | Res 0.181 | AE nan | Alpha 0.0100 | MB 28/28
  cert | viol 0.016 | dV -0.209835 | V 0.2991 | inball 0.348 | a*_q05 0.00361 | a*_q50 0.01926 | dV>=0 0.000 | n=150 | a_used 0.00208 -> 0.00211
  crit | n=1 | viol 0.508 | V 0.8259 | Vmin 0.3393 | agree +0.572 | a*_q05 -0.00617 | a*_q50 0.00221 | dV>=0 0.352 | beta 0.1756
  bell | direct viol 0.513 | direct dV>=0 0.479 | d_mean -0.00063 | d_std 0.04032 | d_q95 0.08270
[Episode 215/400] Steps: 720 | Reward:   -4.19 | Battery:  72.08% | Loss: -0.2384
Placing Sensors
[Episode 216/400] Steps: 720 | Reward:   -5.81 | Battery:  74.44% | Loss: 
Placing Sensors
Policy -0.0112 | Value 0.0075 | KL 0.00552 | CF 0.0677 | Std 0.1100 | |a| 0.0176 | EV +0.912 | Rsd 0.433 | Res 0.142 | AE nan | Alpha 0.0100 | MB 24/24
  cert | viol 0.024 | dV -0.257644 | V 0.3346 | inball 0.419 | a*_q05 0.00350 | a*_q50 0.02401 | dV>=0 0.000 | n=150 | a_used 0.00211 -> 0.00219
  crit | n=1 | viol 0.559 | V 0.9123 | Vmin 0.3658 | agree +0.390 | a*_q05 -0.00561 | a*_q50 0.00130 | dV>=0 0.405 | beta 0.1769
  bell | direct viol 0.499 | direct dV>=0 0.469 | d_mean +0.00152 | d_std 0.03424 | d_q95 0.06917
[Episode 217/400] Steps: 720 | Reward:   -5.37 | Battery:  62.14% | Loss: -0.0553
Placing Sensors
[Episode 218/400] Steps: 720 | Reward:   -5.45 | Battery:  71.49% | Loss: 
Placing Sensors
Policy -0.0090 | Value 0.0103 | KL 0.00607 | CF 0.0713 | Std 0.1100 | |a| 0.0195 | EV +0.876 | Rsd 0.376 | Res 0.151 | AE nan | Alpha 0.0100 | MB 24/24
  cert | viol 0.014 | dV -0.244625 | V 0.2949 | inball 0.545 | a*_q05 0.00469 | a*_q50 0.03209 | dV>=0 0.000 | n=150 | a_used 0.00219 -> 0.00229
  crit | n=1 | viol 0.687 | V 0.7347 | Vmin 0.2878 | agree +0.397 | a*_q05 -0.00760 | a*_q50 -0.00152 | dV>=0 0.598 | beta 0.1751
  bell | direct viol 0.473 | direct dV>=0 0.439 | d_mean +0.00273 | d_std 0.03426 | d_q95 0.06783
[Episode 219/400] Steps: 720 | Reward:   -2.42 | Battery:  79.38% | Loss: 0.0495
Placing Sensors
[Episode 220/400] Steps: 720 | Reward:   -5.63 | Battery:  49.19% | Loss: 
Placing Sensors
Policy -0.0132 | Value 0.0058 | KL 0.00519 | CF 0.0581 | Std 0.1101 | |a| 0.0162 | EV +0.901 | Rsd 0.334 | Res 0.109 | AE nan | Alpha 0.0100 | MB 24/24
  cert | viol 0.081 | dV -0.226660 | V 0.2970 | inball 0.451 | a*_q05 0.00147 | a*_q50 0.02733 | dV>=0 0.027 | n=150 | a_used 0.00229 -> 0.00228
  crit | n=1 | viol 0.445 | V 0.7131 | Vmin 0.3179 | agree +0.438 | a*_q05 -0.00711 | a*_q50 0.00301 | dV>=0 0.337 | beta 0.1737
  bell | direct viol 0.507 | direct dV>=0 0.476 | d_mean +0.00061 | d_std 0.03656 | d_q95 0.07651
[Episode 221/400] Steps: 720 | Reward:   -3.50 | Battery:  80.61% | Loss: 0.0429
Placing Sensors
[Episode 222/400] Steps: 720 | Reward:   -3.81 | Battery:  66.12% | Loss: 
Placing Sensors
Policy -0.0102 | Value 0.0038 | KL 0.00839 | CF 0.1061 | Std 0.1100 | |a| 0.0236 | EV +0.953 | Rsd 0.354 | Res 0.092 | AE nan | Alpha 0.0100 | MB 24/24
  cert | viol 0.000 | dV -0.266778 | V 0.3186 | inball 0.520 | a*_q05 0.00576 | a*_q50 0.03072 | dV>=0 0.000 | n=150 | a_used 0.00228 -> 0.00239
  crit | n=1 | viol 0.477 | V 0.6409 | Vmin 0.2378 | agree +0.552 | a*_q05 -0.00679 | a*_q50 0.00256 | dV>=0 0.358 | beta 0.1712
  bell | direct viol 0.500 | direct dV>=0 0.468 | d_mean +0.00088 | d_std 0.03237 | d_q95 0.06390
[Episode 223/400] Steps: 720 | Reward:   -4.27 | Battery:  73.80% | Loss: 0.0953
Placing Sensors
[Episode 224/400] Steps: 720 | Reward:   -3.32 | Battery:  78.15% | Loss: 
Placing Sensors
Policy -0.0079 | Value 0.0067 | KL 0.00661 | CF 0.0870 | Std 0.1100 | |a| 0.0202 | EV +0.872 | Rsd 0.341 | Res 0.126 | AE nan | Alpha 0.0100 | MB 24/24
  cert | viol 0.028 | dV -0.280278 | V 0.3435 | inball 0.556 | a*_q05 0.00462 | a*_q50 0.03222 | dV>=0 0.004 | n=150 | a_used 0.00239 -> 0.00249
  crit | n=1 | viol 0.425 | V 0.6502 | Vmin 0.2246 | agree +0.541 | a*_q05 -0.00771 | a*_q50 0.00351 | dV>=0 0.320 | beta 0.1684
  bell | direct viol 0.505 | direct dV>=0 0.471 | d_mean +0.00015 | d_std 0.03708 | d_q95 0.07687
[Episode 225/400] Steps: 720 | Reward:   -5.08 | Battery:  72.62% | Loss: 0.0498
Placing Sensors
[Episode 226/400] Steps: 720 | Reward:   -4.84 | Battery:  77.42% | Loss: 
Placing Sensors
[Episode 227/400] Steps:  86 | Reward:  -17.46 | Battery:   0.00% | Loss: 
Placing Sensors
[Episode 228/400] Steps:  90 | Reward:  -17.60 | Battery:   0.00% | Loss: 
Placing Sensors
Policy -0.0043 | Value 0.0211 | KL 0.01018 | CF 0.1230 | Std 0.1100 | |a| 0.0237 | EV +0.822 | Rsd 0.503 | Res 0.222 | AE nan | Alpha 0.0100 | MB 28/28
  cert | viol 0.046 | dV -0.242240 | V 0.3111 | inball 0.427 | a*_q05 0.00293 | a*_q50 0.02643 | dV>=0 0.000 | n=150 | a_used 0.00249 -> 0.00250
  crit | n=1 | viol 0.423 | V 0.7854 | Vmin 0.2628 | agree +0.699 | a*_q05 -0.00388 | a*_q50 0.00332 | dV>=0 0.229 | beta 0.1674
  bell | direct viol 0.511 | direct dV>=0 0.479 | d_mean -0.00106 | d_std 0.04824 | d_q95 0.09805
[Episode 229/400] Steps: 720 | Reward:   -5.01 | Battery:  71.02% | Loss: 0.1973
Placing Sensors
[Episode 230/400] Steps: 720 | Reward:   -3.26 | Battery:  80.03% | Loss: 
Placing Sensors
Policy -0.0079 | Value 0.0079 | KL 0.00528 | CF 0.0597 | Std 0.1100 | |a| 0.0184 | EV +0.874 | Rsd 0.359 | Res 0.139 | AE nan | Alpha 0.0100 | MB 24/24
  cert | viol 0.006 | dV -0.242581 | V 0.2892 | inball 0.510 | a*_q05 0.00631 | a*_q50 0.02747 | dV>=0 0.000 | n=150 | a_used 0.00250 -> 0.00264
  crit | n=1 | viol 0.559 | V 0.7116 | Vmin 0.3098 | agree +0.466 | a*_q05 -0.00551 | a*_q50 0.00115 | dV>=0 0.440 | beta 0.1665
  bell | direct viol 0.482 | direct dV>=0 0.450 | d_mean +0.00120 | d_std 0.03162 | d_q95 0.06460
[Episode 231/400] Steps: 720 | Reward:   -5.81 | Battery:  72.78% | Loss: -0.0760
Placing Sensors
[Episode 232/400] Steps: 720 | Reward:   -4.27 | Battery:  79.11% | Loss: 
Placing Sensors
Policy -0.0086 | Value 0.0043 | KL 0.00453 | CF 0.0535 | Std 0.1100 | |a| 0.0206 | EV +0.917 | Rsd 0.316 | Res 0.107 | AE nan | Alpha 0.0100 | MB 24/24
  cert | viol 0.005 | dV -0.265786 | V 0.3024 | inball 0.553 | a*_q05 0.00641 | a*_q50 0.03011 | dV>=0 0.000 | n=150 | a_used 0.00264 -> 0.00276
  crit | n=1 | viol 0.534 | V 0.6271 | Vmin 0.3079 | agree +0.608 | a*_q05 -0.00598 | a*_q50 0.00209 | dV>=0 0.362 | beta 0.1654
  bell | direct viol 0.478 | direct dV>=0 0.436 | d_mean +0.00221 | d_std 0.03181 | d_q95 0.06598
[Episode 233/400] Steps: 720 | Reward:   -4.01 | Battery:  79.94% | Loss: -0.0501
Placing Sensors
[Episode 234/400] Steps:  87 | Reward:  -17.62 | Battery:   0.00% | Loss: 
Placing Sensors
[Episode 235/400] Steps: 720 | Reward:   -4.40 | Battery:  64.27% | Loss: 
Placing Sensors
Policy -0.0072 | Value 0.0134 | KL 0.00925 | CF 0.1085 | Std 0.1100 | |a| 0.0256 | EV +0.846 | Rsd 0.456 | Res 0.180 | AE nan | Alpha 0.0100 | MB 24/24
  cert | viol 0.002 | dV -0.257948 | V 0.2966 | inball 0.483 | a*_q05 0.00665 | a*_q50 0.03364 | dV>=0 0.000 | n=150 | a_used 0.00276 -> 0.00290
  crit | n=1 | viol 0.677 | V 0.7311 | Vmin 0.2988 | agree +0.646 | a*_q05 -0.00653 | a*_q50 0.00072 | dV>=0 0.449 | beta 0.1640
  bell | direct viol 0.516 | direct dV>=0 0.477 | d_mean +0.00071 | d_std 0.03518 | d_q95 0.07215
[Episode 236/400] Steps: 720 | Reward:   -4.31 | Battery:  74.33% | Loss: 0.0487
Placing Sensors
[Episode 237/400] Steps:  87 | Reward:  -17.62 | Battery:   0.00% | Loss: 
Placing Sensors
[Episode 238/400] Steps: 720 | Reward:   -3.66 | Battery:  71.79% | Loss: 
Placing Sensors
Policy 0.0027 | Value 0.0096 | KL 0.01138 | CF 0.1305 | Std 0.1100 | |a| 0.0229 | EV +0.866 | Rsd 0.490 | Res 0.181 | AE nan | Alpha 0.0100 | MB 24/24
  cert | viol 0.000 | dV -0.204823 | V 0.2270 | inball 0.549 | a*_q05 0.00997 | a*_q50 0.03455 | dV>=0 0.000 | n=150 | a_used 0.00290 -> 0.00308
  crit | n=1 | viol 0.698 | V 0.7062 | Vmin 0.2287 | agree +0.519 | a*_q05 -0.00637 | a*_q50 0.00067 | dV>=0 0.421 | beta 0.1610
  bell | direct viol 0.496 | direct dV>=0 0.458 | d_mean +0.00045 | d_std 0.03647 | d_q95 0.07085
[Episode 239/400] Steps: 720 | Reward:   -2.72 | Battery:  75.08% | Loss: 0.0090
Placing Sensors
[Episode 240/400] Steps:  65 | Reward:  -17.75 | Battery:   0.00% | Loss: 
Placing Sensors
[Episode 241/400] Steps:  94 | Reward:  -17.28 | Battery:   0.00% | Loss: 
Placing Sensors
[Episode 242/400] Steps: 720 | Reward:   -6.22 | Battery:  76.90% | Loss: 
Placing Sensors
Policy -0.0030 | Value 0.0114 | KL 0.01289 | CF 0.1589 | Std 0.1100 | |a| 0.0355 | EV +0.928 | Rsd 0.590 | Res 0.176 | AE nan | Alpha 0.0100 | MB 28/28
  cert | viol 0.116 | dV -0.232077 | V 0.3483 | inball 0.300 | a*_q05 0.00081 | a*_q50 0.01910 | dV>=0 0.039 | n=150 | a_used 0.00308 -> 0.00283
  crit | n=1 | viol 0.468 | V 0.9161 | Vmin 0.2783 | agree +0.546 | a*_q05 -0.00666 | a*_q50 0.00409 | dV>=0 0.295 | beta 0.1601
  bell | direct viol 0.536 | direct dV>=0 0.477 | d_mean -0.00100 | d_std 0.03912 | d_q95 0.07233
[Episode 243/400] Steps: 720 | Reward:   -6.23 | Battery:  47.23% | Loss: 0.1398
Placing Sensors
[Episode 244/400] Steps: 166 | Reward:  -17.27 | Battery:   0.00% | Loss: 
Placing Sensors
[Episode 245/400] Steps: 720 | Reward:   -4.30 | Battery:  72.57% | Loss: 
Placing Sensors
[Episode 246/400] Steps:  71 | Reward:  -17.66 | Battery:   0.00% | Loss: 
Placing Sensors
Policy -0.0076 | Value 0.0270 | KL 0.00965 | CF 0.1156 | Std 0.1100 | |a| 0.0269 | EV +0.770 | Rsd 0.525 | Res 0.256 | AE nan | Alpha 0.0100 | MB 28/28
  cert | viol 0.067 | dV -0.239372 | V 0.2773 | inball 0.370 | a*_q05 -0.00068 | a*_q50 0.02739 | dV>=0 0.057 | n=150 | a_used 0.00283 -> 0.00269
  crit | n=1 | viol 0.595 | V 0.8595 | Vmin 0.2289 | agree +0.664 | a*_q05 -0.00668 | a*_q50 0.00165 | dV>=0 0.383 | beta 0.1581
  bell | direct viol 0.516 | direct dV>=0 0.485 | d_mean +0.00021 | d_std 0.06243 | d_q95 0.12240
[Episode 247/400] Steps: 720 | Reward:   -5.16 | Battery:  64.36% | Loss: 0.1005
Placing Sensors
[Episode 248/400] Steps: 720 | Reward:   -5.64 | Battery:  71.08% | Loss: 
Placing Sensors
Policy -0.0054 | Value 0.0082 | KL 0.00726 | CF 0.0890 | Std 0.1100 | |a| 0.0239 | EV +0.856 | Rsd 0.416 | Res 0.158 | AE nan | Alpha 0.0100 | MB 24/24
  cert | viol 0.043 | dV -0.312370 | V 0.3913 | inball 0.512 | a*_q05 0.00345 | a*_q50 0.03032 | dV>=0 0.002 | n=150 | a_used 0.00269 -> 0.00274
  crit | n=1 | viol 0.422 | V 0.6176 | Vmin 0.2036 | agree +0.698 | a*_q05 -0.00587 | a*_q50 0.00386 | dV>=0 0.271 | beta 0.1532
  bell | direct viol 0.498 | direct dV>=0 0.477 | d_mean +0.00012 | d_std 0.05134 | d_q95 0.10828
[Episode 249/400] Steps: 720 | Reward:   -4.33 | Battery:  83.60% | Loss: -0.0274
Placing Sensors
[Episode 250/400] Steps: 720 | Reward:   -6.95 | Battery:  68.16% | Loss: 
Placing Sensors
Policy -0.0064 | Value 0.0091 | KL 0.00515 | CF 0.0624 | Std 0.1100 | |a| 0.0323 | EV +0.927 | Rsd 0.489 | Res 0.134 | AE nan | Alpha 0.0100 | MB 24/24
  cert | viol 0.117 | dV -0.289042 | V 0.4342 | inball 0.373 | a*_q05 -0.00038 | a*_q50 0.02463 | dV>=0 0.066 | n=150 | a_used 0.00274 -> 0.00261
  crit | n=1 | viol 0.470 | V 0.7939 | Vmin 0.2083 | agree +0.515 | a*_q05 -0.00611 | a*_q50 0.00320 | dV>=0 0.301 | beta 0.1511
  bell | direct viol 0.532 | direct dV>=0 0.495 | d_mean -0.00116 | d_std 0.03824 | d_q95 0.07753
[Episode 251/400] Steps: 720 | Reward:   -5.31 | Battery:  71.52% | Loss: 0.0545
Placing Sensors
[Episode 252/400] Steps: 720 | Reward:   -5.07 | Battery:  50.01% | Loss: 
Placing Sensors
Policy -0.0071 | Value 0.0083 | KL 0.00731 | CF 0.0904 | Std 0.1100 | |a| 0.0310 | EV +0.890 | Rsd 0.398 | Res 0.135 | AE nan | Alpha 0.0100 | MB 24/24
  cert | viol 0.030 | dV -0.251536 | V 0.2984 | inball 0.425 | a*_q05 0.00486 | a*_q50 0.03019 | dV>=0 0.016 | n=150 | a_used 0.00261 -> 0.00268
  crit | n=1 | viol 0.643 | V 0.7419 | Vmin 0.2167 | agree +0.427 | a*_q05 -0.00653 | a*_q50 0.00044 | dV>=0 0.483 | beta 0.1496
  bell | direct viol 0.518 | direct dV>=0 0.484 | d_mean +0.00186 | d_std 0.03120 | d_q95 0.06211
[Episode 253/400] Steps: 720 | Reward:   -4.85 | Battery:  62.08% | Loss: -0.1119
Placing Sensors
[Episode 254/400] Steps: 720 | Reward:   -3.66 | Battery:  70.12% | Loss: 
Placing Sensors
Policy -0.0075 | Value 0.0065 | KL 0.00935 | CF 0.1142 | Std 0.1100 | |a| 0.0254 | EV +0.906 | Rsd 0.348 | Res 0.108 | AE nan | Alpha 0.0100 | MB 24/24
  cert | viol 0.000 | dV -0.244146 | V 0.2745 | inball 0.512 | a*_q05 0.00807 | a*_q50 0.03454 | dV>=0 0.000 | n=150 | a_used 0.00268 -> 0.00282
  crit | n=1 | viol 0.520 | V 0.5738 | Vmin 0.1587 | agree +0.511 | a*_q05 -0.00636 | a*_q50 0.00232 | dV>=0 0.368 | beta 0.1468
  bell | direct viol 0.502 | direct dV>=0 0.477 | d_mean +0.00119 | d_std 0.03521 | d_q95 0.07361
[Episode 255/400] Steps: 720 | Reward:   -4.18 | Battery:  62.87% | Loss: 0.0248
Placing Sensors
[Episode 256/400] Steps: 720 | Reward:   -5.40 | Battery:  65.76% | Loss: 
Placing Sensors
Policy -0.0056 | Value 0.0056 | KL 0.00668 | CF 0.0751 | Std 0.1099 | |a| 0.0272 | EV +0.900 | Rsd 0.360 | Res 0.117 | AE nan | Alpha 0.0100 | MB 24/24
  cert | viol 0.046 | dV -0.274177 | V 0.3284 | inball 0.493 | a*_q05 0.00407 | a*_q50 0.02828 | dV>=0 0.016 | n=150 | a_used 0.00282 -> 0.00285
  crit | n=1 | viol 0.597 | V 0.7221 | Vmin 0.2330 | agree +0.574 | a*_q05 -0.00525 | a*_q50 0.00083 | dV>=0 0.459 | beta 0.1464
  bell | direct viol 0.506 | direct dV>=0 0.450 | d_mean +0.00064 | d_std 0.02641 | d_q95 0.05413
[Episode 257/400] Steps: 720 | Reward:   -4.37 | Battery:  77.52% | Loss: -0.0252
Placing Sensors
[Episode 258/400] Steps: 720 | Reward:   -4.72 | Battery:  74.61% | Loss: 
Placing Sensors
Policy -0.0133 | Value 0.0048 | KL 0.00959 | CF 0.1295 | Std 0.1099 | |a| 0.0239 | EV +0.938 | Rsd 0.365 | Res 0.091 | AE nan | Alpha 0.0100 | MB 24/24
  cert | viol 0.101 | dV -0.290349 | V 0.3753 | inball 0.525 | a*_q05 0.00154 | a*_q50 0.03005 | dV>=0 0.003 | n=150 | a_used 0.00285 -> 0.00269
  crit | n=1 | viol 0.395 | V 0.6194 | Vmin 0.2226 | agree +0.557 | a*_q05 -0.00600 | a*_q50 0.00515 | dV>=0 0.279 | beta 0.1444
  bell | direct viol 0.483 | direct dV>=0 0.447 | d_mean -0.00001 | d_std 0.03183 | d_q95 0.06220
[Episode 259/400] Steps: 720 | Reward:   -4.79 | Battery:  81.00% | Loss: -0.2109
Placing Sensors
[Episode 260/400] Steps: 720 | Reward:   -3.16 | Battery:  83.44% | Loss: 
Placing Sensors
Policy -0.0087 | Value 0.0053 | KL 0.00761 | CF 0.0896 | Std 0.1099 | |a| 0.0308 | EV +0.925 | Rsd 0.359 | Res 0.100 | AE nan | Alpha 0.0100 | MB 24/24
  cert | viol 0.037 | dV -0.268442 | V 0.3215 | inball 0.537 | a*_q05 0.00396 | a*_q50 0.03307 | dV>=0 0.000 | n=150 | a_used 0.00269 -> 0.00276
  crit | n=1 | viol 0.567 | V 0.5848 | Vmin 0.1566 | agree +0.648 | a*_q05 -0.00652 | a*_q50 0.00183 | dV>=0 0.379 | beta 0.1408
  bell | direct viol 0.481 | direct dV>=0 0.452 | d_mean +0.00143 | d_std 0.03787 | d_q95 0.07746
[Episode 261/400] Steps: 720 | Reward:   -4.99 | Battery:  67.25% | Loss: 0.0105
Placing Sensors
[Episode 262/400] Steps: 720 | Reward:   -5.06 | Battery:  76.52% | Loss: 
Placing Sensors
Policy -0.0120 | Value 0.0059 | KL 0.01281 | CF 0.1379 | Std 0.1099 | |a| 0.0318 | EV +0.929 | Rsd 0.356 | Res 0.095 | AE nan | Alpha 0.0100 | MB 24/24
  cert | viol 0.067 | dV -0.259905 | V 0.3261 | inball 0.529 | a*_q05 0.00223 | a*_q50 0.03153 | dV>=0 0.023 | n=150 | a_used 0.00276 -> 0.00262
  crit | n=1 | viol 0.431 | V 0.5590 | Vmin 0.1751 | agree +0.668 | a*_q05 -0.00612 | a*_q50 0.00384 | dV>=0 0.266 | beta 0.1377
  bell | direct viol 0.489 | direct dV>=0 0.454 | d_mean +0.00066 | d_std 0.03483 | d_q95 0.07136
[Episode 263/400] Steps: 720 | Reward:   -3.69 | Battery:  79.03% | Loss: 0.0085
Placing Sensors
[Episode 264/400] Steps: 720 | Reward:   -3.98 | Battery:  67.08% | Loss: 
Placing Sensors
[Episode 265/400] Steps:  77 | Reward:  -17.48 | Battery:   0.00% | Loss: 
Placing Sensors
Policy -0.0067 | Value 0.0173 | KL 0.01582 | CF 0.1606 | Std 0.1099 | |a| 0.0372 | EV +0.819 | Rsd 0.430 | Res 0.185 | AE nan | Alpha 0.0100 | MB 24/24
  cert | viol 0.000 | dV -0.252145 | V 0.2833 | inball 0.490 | a*_q05 0.00635 | a*_q50 0.03507 | dV>=0 0.000 | n=150 | a_used 0.00262 -> 0.00275
  crit | n=1 | viol 0.580 | V 0.6445 | Vmin 0.1807 | agree +0.639 | a*_q05 -0.00585 | a*_q50 0.00111 | dV>=0 0.443 | beta 0.1367
  bell | direct viol 0.513 | direct dV>=0 0.488 | d_mean +0.00043 | d_std 0.04564 | d_q95 0.09665
[Episode 266/400] Steps: 720 | Reward:   -4.24 | Battery:  66.03% | Loss: -0.0426
Placing Sensors
[Episode 267/400] Steps: 720 | Reward:   -4.65 | Battery:  81.07% | Loss: 
Placing Sensors
Policy -0.0029 | Value 0.0066 | KL 0.01450 | CF 0.1561 | Std 0.1099 | |a| 0.0330 | EV +0.858 | Rsd 0.300 | Res 0.113 | AE nan | Alpha 0.0100 | MB 24/24
  cert | viol 0.018 | dV -0.268338 | V 0.3306 | inball 0.472 | a*_q05 0.00551 | a*_q50 0.02587 | dV>=0 0.000 | n=150 | a_used 0.00275 -> 0.00282
  crit | n=1 | viol 0.407 | V 0.5951 | Vmin 0.2362 | agree +0.647 | a*_q05 -0.00759 | a*_q50 0.00447 | dV>=0 0.312 | beta 0.1371
  bell | direct viol 0.488 | direct dV>=0 0.466 | d_mean +0.00039 | d_std 0.04133 | d_q95 0.08749
[Episode 268/400] Steps: 720 | Reward:   -4.89 | Battery:  78.01% | Loss: 0.0978
Placing Sensors
[Episode 269/400] Steps:  77 | Reward:  -17.45 | Battery:   0.00% | Loss: 
Placing Sensors
[Episode 270/400] Steps: 720 | Reward:   -4.31 | Battery:  80.57% | Loss: 
Placing Sensors
Policy -0.0026 | Value 0.0163 | KL 0.01579 | CF 0.1779 | Std 0.1100 | |a| 0.0355 | EV +0.877 | Rsd 0.455 | Res 0.161 | AE nan | Alpha 0.0100 | MB 24/24
  cert | viol 0.030 | dV -0.326413 | V 0.3930 | inball 0.496 | a*_q05 0.00461 | a*_q50 0.03229 | dV>=0 0.000 | n=150 | a_used 0.00282 -> 0.00293
  crit | n=1 | viol 0.411 | V 0.7124 | Vmin 0.2629 | agree +0.714 | a*_q05 -0.00649 | a*_q50 0.00419 | dV>=0 0.282 | beta 0.1371
  bell | direct viol 0.491 | direct dV>=0 0.462 | d_mean -0.00033 | d_std 0.04712 | d_q95 0.08983
[Episode 271/400] Steps: 720 | Reward:   -5.50 | Battery:  79.96% | Loss: -0.0335
Placing Sensors
[Episode 272/400] Steps: 720 | Reward:   -4.07 | Battery:  76.63% | Loss: 
Placing Sensors
Policy -0.0055 | Value 0.0046 | KL 0.00834 | CF 0.0955 | Std 0.1100 | |a| 0.0340 | EV +0.948 | Rsd 0.349 | Res 0.099 | AE nan | Alpha 0.0100 | MB 24/24
  cert | viol 0.000 | dV -0.239503 | V 0.2688 | inball 0.610 | a*_q05 0.00790 | a*_q50 0.03507 | dV>=0 0.000 | n=150 | a_used 0.00293 -> 0.00311
  crit | n=1 | viol 0.551 | V 0.5817 | Vmin 0.2332 | agree +0.569 | a*_q05 -0.00667 | a*_q50 0.00238 | dV>=0 0.343 | beta 0.1363
  bell | direct viol 0.497 | direct dV>=0 0.468 | d_mean +0.00225 | d_std 0.02810 | d_q95 0.05713
[Episode 273/400] Steps: 720 | Reward:   -2.68 | Battery:  83.22% | Loss: 0.1726
Placing Sensors
[Episode 274/400] Steps: 720 | Reward:   -4.50 | Battery:  64.37% | Loss: 
Placing Sensors
Policy -0.0105 | Value 0.0054 | KL 0.01507 | CF 0.1763 | Std 0.1100 | |a| 0.0383 | EV +0.934 | Rsd 0.298 | Res 0.077 | AE nan | Alpha 0.0100 | MB 24/24
  cert | viol 0.017 | dV -0.261783 | V 0.2945 | inball 0.569 | a*_q05 0.00644 | a*_q50 0.03584 | dV>=0 0.000 | n=150 | a_used 0.00311 -> 0.00324
  crit | n=1 | viol 0.511 | V 0.5649 | Vmin 0.2642 | agree +0.512 | a*_q05 -0.00601 | a*_q50 0.00306 | dV>=0 0.350 | beta 0.1360
  bell | direct viol 0.488 | direct dV>=0 0.458 | d_mean +0.00028 | d_std 0.03338 | d_q95 0.06564
[Episode 275/400] Steps: 720 | Reward:   -3.49 | Battery:  74.08% | Loss: -0.0366
Placing Sensors
[Episode 276/400] Steps:  63 | Reward:  -17.77 | Battery:   0.00% | Loss: 
Placing Sensors
[Episode 277/400] Steps: 720 | Reward:   -3.71 | Battery:  74.82% | Loss: 
Placing Sensors
Policy -0.0023 | Value 0.0121 | KL 0.01220 | CF 0.1491 | Std 0.1100 | |a| 0.0469 | EV +0.830 | Rsd 0.423 | Res 0.174 | AE nan | Alpha 0.0100 | MB 24/24
  cert | viol 0.000 | dV -0.267381 | V 0.2862 | inball 0.555 | a*_q05 0.00978 | a*_q50 0.03913 | dV>=0 0.000 | n=150 | a_used 0.00324 -> 0.00341
  crit | n=1 | viol 0.549 | V 0.5995 | Vmin 0.2334 | agree +0.595 | a*_q05 -0.00755 | a*_q50 0.00192 | dV>=0 0.416 | beta 0.1348
  bell | direct viol 0.494 | direct dV>=0 0.462 | d_mean +0.00027 | d_std 0.04115 | d_q95 0.08297
[Episode 278/400] Steps: 720 | Reward:   -3.42 | Battery:  63.42% | Loss: -0.0459
Placing Sensors
[Episode 279/400] Steps: 720 | Reward:   -4.12 | Battery:  76.52% | Loss: 
Placing Sensors
Policy -0.0025 | Value 0.0043 | KL 0.01739 | CF 0.2056 | Std 0.1100 | |a| 0.0332 | EV +0.906 | Rsd 0.313 | Res 0.097 | AE nan | Alpha 0.0100 | MB 24/24
  cert | viol 0.000 | dV -0.239262 | V 0.2811 | inball 0.521 | a*_q05 0.00555 | a*_q50 0.03105 | dV>=0 0.000 | n=150 | a_used 0.00341 -> 0.00348
  crit | n=1 | viol 0.491 | V 0.5375 | Vmin 0.2085 | agree +0.548 | a*_q05 -0.00508 | a*_q50 0.00361 | dV>=0 0.290 | beta 0.1331
  bell | direct viol 0.506 | direct dV>=0 0.480 | d_mean -0.00001 | d_std 0.03090 | d_q95 0.06296
[Episode 280/400] Steps: 720 | Reward:   -3.98 | Battery:  69.60% | Loss: 0.1002
Placing Sensors
[Episode 281/400] Steps:  86 | Reward:  -17.64 | Battery:   0.00% | Loss: 
Placing Sensors
[Episode 282/400] Steps: 720 | Reward:   -3.86 | Battery:  72.05% | Loss: 
Placing Sensors
Policy -0.0042 | Value 0.0171 | KL 0.01344 | CF 0.1564 | Std 0.1100 | |a| 0.0416 | EV +0.713 | Rsd 0.425 | Res 0.228 | AE nan | Alpha 0.0100 | MB 24/24
  cert | viol 0.000 | dV -0.216828 | V 0.2410 | inball 0.491 | a*_q05 0.01012 | a*_q50 0.02884 | dV>=0 0.000 | n=150 | a_used 0.00348 -> 0.00364
  crit | n=1 | viol 0.548 | V 0.6211 | Vmin 0.2170 | agree +0.666 | a*_q05 -0.00575 | a*_q50 0.00295 | dV>=0 0.264 | beta 0.1328
  bell | direct viol 0.502 | direct dV>=0 0.467 | d_mean +0.00003 | d_std 0.03871 | d_q95 0.08199
[Episode 283/400] Steps: 720 | Reward:   -3.77 | Battery:  79.31% | Loss: -0.0380
Placing Sensors
[Episode 284/400] Steps: 720 | Reward:   -4.09 | Battery:  75.24% | Loss: 
Placing Sensors
Policy -0.0127 | Value 0.0069 | KL 0.01615 | CF 0.1997 | Std 0.1100 | |a| 0.0315 | EV +0.831 | Rsd 0.323 | Res 0.135 | AE nan | Alpha 0.0100 | MB 24/24
  cert | viol 0.068 | dV -0.292250 | V 0.3475 | inball 0.540 | a*_q05 0.00363 | a*_q50 0.03621 | dV>=0 0.000 | n=150 | a_used 0.00364 -> 0.00383
  crit | n=1 | viol 0.427 | V 0.5795 | Vmin 0.2114 | agree +0.543 | a*_q05 -0.00700 | a*_q50 0.00515 | dV>=0 0.330 | beta 0.1314
  bell | direct viol 0.499 | direct dV>=0 0.448 | d_mean +0.00007 | d_std 0.03244 | d_q95 0.06741
[Episode 285/400] Steps: 720 | Reward:   -4.26 | Battery:  75.58% | Loss: -0.0359
Placing Sensors
[Episode 286/400] Steps: 720 | Reward:   -4.68 | Battery:  71.06% | Loss: 
Placing Sensors
Policy -0.0051 | Value 0.0052 | KL 0.01026 | CF 0.1158 | Std 0.1100 | |a| 0.0351 | EV +0.889 | Rsd 0.269 | Res 0.090 | AE nan | Alpha 0.0100 | MB 24/24
  cert | viol 0.046 | dV -0.271017 | V 0.3135 | inball 0.554 | a*_q05 0.00508 | a*_q50 0.03185 | dV>=0 0.000 | n=150 | a_used 0.00383 -> 0.00381
  crit | n=1 | viol 0.479 | V 0.5084 | Vmin 0.1820 | agree +0.685 | a*_q05 -0.00566 | a*_q50 0.00446 | dV>=0 0.290 | beta 0.1310
  bell | direct viol 0.499 | direct dV>=0 0.460 | d_mean -0.00025 | d_std 0.03290 | d_q95 0.06805
[Episode 287/400] Steps: 720 | Reward:   -3.48 | Battery:  83.51% | Loss: 0.1738
Placing Sensors
[Episode 288/400] Steps: 720 | Reward:   -4.10 | Battery:  73.64% | Loss: 
Placing Sensors
Policy -0.0141 | Value 0.0055 | KL 0.01394 | CF 0.1646 | Std 0.1100 | |a| 0.0391 | EV +0.886 | Rsd 0.279 | Res 0.107 | AE nan | Alpha 0.0100 | MB 24/24
  cert | viol 0.000 | dV -0.209978 | V 0.2373 | inball 0.501 | a*_q05 0.00769 | a*_q50 0.02726 | dV>=0 0.000 | n=150 | a_used 0.00381 -> 0.00395
  crit | n=1 | viol 0.710 | V 0.6045 | Vmin 0.2605 | agree +0.569 | a*_q05 -0.00549 | a*_q50 0.00110 | dV>=0 0.403 | beta 0.1304
  bell | direct viol 0.498 | direct dV>=0 0.446 | d_mean +0.00158 | d_std 0.02801 | d_q95 0.05566
[Episode 289/400] Steps: 720 | Reward:   -3.33 | Battery:  65.59% | Loss: 0.0282
Placing Sensors
[Episode 290/400] Steps:  77 | Reward:  -17.52 | Battery:   0.00% | Loss: 
Placing Sensors
[Episode 291/400] Steps: 720 | Reward:   -4.07 | Battery:  81.92% | Loss: 
Placing Sensors
Policy -0.0120 | Value 0.0275 | KL 0.01203 | CF 0.1480 | Std 0.1100 | |a| 0.0355 | EV +0.628 | Rsd 0.348 | Res 0.216 | AE nan | Alpha 0.0100 | MB 24/24
  cert | viol 0.008 | dV -0.217779 | V 0.2467 | inball 0.491 | a*_q05 0.00681 | a*_q50 0.03148 | dV>=0 0.002 | n=150 | a_used 0.00395 -> 0.00403
  crit | n=1 | viol 0.638 | V 0.5814 | Vmin 0.2690 | agree +0.627 | a*_q05 -0.00644 | a*_q50 0.00078 | dV>=0 0.473 | beta 0.1314
  bell | direct viol 0.509 | direct dV>=0 0.463 | d_mean +0.00076 | d_std 0.03406 | d_q95 0.06970
[Episode 292/400] Steps: 720 | Reward:   -3.95 | Battery:  71.77% | Loss: 0.0052
Placing Sensors
[Episode 293/400] Steps: 720 | Reward:   -3.96 | Battery:  67.77% | Loss: 
Placing Sensors
Policy -0.0169 | Value 0.0064 | KL 0.01249 | CF 0.1059 | Std 0.1100 | |a| 0.0361 | EV +0.885 | Rsd 0.311 | Res 0.111 | AE nan | Alpha 0.0100 | MB 24/24
  cert | viol 0.004 | dV -0.303082 | V 0.3268 | inball 0.597 | a*_q05 0.00888 | a*_q50 0.03955 | dV>=0 0.000 | n=150 | a_used 0.00403 -> 0.00421
  crit | n=1 | viol 0.534 | V 0.5510 | Vmin 0.2140 | agree +0.402 | a*_q05 -0.00715 | a*_q50 0.00280 | dV>=0 0.402 | beta 0.1310
  bell | direct viol 0.500 | direct dV>=0 0.466 | d_mean -0.00021 | d_std 0.03940 | d_q95 0.07948
[Episode 294/400] Steps: 720 | Reward:   -3.06 | Battery:  81.29% | Loss: 0.0251
Placing Sensors
[Episode 295/400] Steps: 127 | Reward:  -17.33 | Battery:   0.00% | Loss: 
Placing Sensors
[Episode 296/400] Steps:  86 | Reward:  -17.55 | Battery:   0.00% | Loss: 
Placing Sensors
[Episode 297/400] Steps:  75 | Reward:  -17.57 | Battery:   0.00% | Loss: 
Placing Sensors
[Episode 298/400] Steps: 720 | Reward:   -2.29 | Battery:  80.15% | Loss: 
Placing Sensors
Policy 0.0027 | Value 0.0605 | KL 0.01961 | CF 0.1905 | Std 0.1099 | |a| 0.0370 | EV +0.716 | Rsd 0.581 | Res 0.316 | AE nan | Alpha 0.0100 | MB 14/28
  cert | viol 0.000 | dV -0.213019 | V 0.2230 | inball 0.552 | a*_q05 0.01379 | a*_q50 0.04071 | dV>=0 0.000 | n=150 | a_used 0.00421 -> 0.00439
  crit | n=1 | viol 0.681 | V 0.6378 | Vmin 0.1787 | agree +0.792 | a*_q05 -0.00721 | a*_q50 0.00187 | dV>=0 0.372 | beta 0.1291
  bell | direct viol 0.514 | direct dV>=0 0.478 | d_mean +0.00062 | d_std 0.05931 | d_q95 0.11776
[Episode 299/400] Steps: 720 | Reward:   -2.58 | Battery:  78.22% | Loss: 0.0967
Placing Sensors
[Episode 300/400] Steps: 720 | Reward:   -4.25 | Battery:  65.34% | Loss: 
Placing Sensors
Policy -0.0052 | Value 0.0131 | KL 0.01188 | CF 0.1418 | Std 0.1099 | |a| 0.0425 | EV +0.777 | Rsd 0.342 | Res 0.162 | AE nan | Alpha 0.0100 | MB 24/24
  cert | viol 0.000 | dV -0.208164 | V 0.2280 | inball 0.522 | a*_q05 0.00998 | a*_q50 0.03485 | dV>=0 0.000 | n=150 | a_used 0.00439 -> 0.00458
  crit | n=1 | viol 0.617 | V 0.5794 | Vmin 0.2383 | agree +0.206 | a*_q05 -0.00672 | a*_q50 0.00160 | dV>=0 0.450 | beta 0.1277
  bell | direct viol 0.535 | direct dV>=0 0.491 | d_mean +0.00087 | d_std 0.04379 | d_q95 0.08877
[Episode 301/400] Steps: 720 | Reward:   -3.15 | Battery:  74.73% | Loss: -0.0075
Placing Sensors
[Episode 302/400] Steps: 720 | Reward:   -4.28 | Battery:  70.60% | Loss: 
Placing Sensors
Policy -0.0110 | Value 0.0071 | KL 0.00984 | CF 0.1025 | Std 0.1099 | |a| 0.0365 | EV +0.857 | Rsd 0.282 | Res 0.109 | AE nan | Alpha 0.0100 | MB 24/24
  cert | viol 0.022 | dV -0.229826 | V 0.2651 | inball 0.506 | a*_q05 0.00592 | a*_q50 0.03538 | dV>=0 0.000 | n=150 | a_used 0.00458 -> 0.00469
  crit | n=1 | viol 0.753 | V 0.5993 | Vmin 0.2016 | agree +0.447 | a*_q05 -0.00699 | a*_q50 0.00030 | dV>=0 0.479 | beta 0.1274
  bell | direct viol 0.538 | direct dV>=0 0.498 | d_mean +0.00107 | d_std 0.04511 | d_q95 0.09851
[Episode 303/400] Steps: 720 | Reward:   -3.79 | Battery:  75.31% | Loss: -0.0789
Placing Sensors
[Episode 304/400] Steps: 720 | Reward:   -2.70 | Battery:  78.45% | Loss: 
Placing Sensors
Policy -0.0063 | Value 0.0053 | KL 0.00956 | CF 0.1103 | Std 0.1098 | |a| 0.0323 | EV +0.878 | Rsd 0.264 | Res 0.093 | AE nan | Alpha 0.0100 | MB 24/24
  cert | viol 0.068 | dV -0.225326 | V 0.2644 | inball 0.593 | a*_q05 0.00499 | a*_q50 0.03546 | dV>=0 0.000 | n=150 | a_used 0.00469 -> 0.00466
  crit | n=1 | viol 0.509 | V 0.4611 | Vmin 0.1719 | agree +0.470 | a*_q05 -0.00603 | a*_q50 0.00446 | dV>=0 0.304 | beta 0.1254
  bell | direct viol 0.511 | direct dV>=0 0.471 | d_mean -0.00042 | d_std 0.03482 | d_q95 0.07417
[Episode 305/400] Steps: 720 | Reward:   -4.29 | Battery:  74.86% | Loss: -0.0854
Placing Sensors
[Episode 306/400] Steps: 720 | Reward:   -3.25 | Battery:  82.02% | Loss: 
Placing Sensors
Policy -0.0081 | Value 0.0058 | KL 0.01457 | CF 0.1690 | Std 0.1098 | |a| 0.0362 | EV +0.867 | Rsd 0.248 | Res 0.099 | AE nan | Alpha 0.0100 | MB 24/24
  cert | viol 0.008 | dV -0.236304 | V 0.2549 | inball 0.627 | a*_q05 0.00926 | a*_q50 0.04008 | dV>=0 0.000 | n=150 | a_used 0.00466 -> 0.00473
  crit | n=1 | viol 0.702 | V 0.4637 | Vmin 0.1528 | agree +0.568 | a*_q05 -0.00750 | a*_q50 0.00009 | dV>=0 0.488 | beta 0.1226
  bell | direct viol 0.483 | direct dV>=0 0.436 | d_mean +0.00181 | d_std 0.03160 | d_q95 0.06588
[Episode 307/400] Steps: 720 | Reward:   -2.53 | Battery:  78.21% | Loss: 0.0801
Placing Sensors
[Episode 308/400] Steps: 720 | Reward:   -4.72 | Battery:  74.13% | Loss: 
Placing Sensors
Policy -0.0057 | Value 0.0046 | KL 0.01274 | CF 0.1411 | Std 0.1098 | |a| 0.0460 | EV +0.923 | Rsd 0.295 | Res 0.094 | AE nan | Alpha 0.0100 | MB 24/24
  cert | viol 0.062 | dV -0.244825 | V 0.2963 | inball 0.511 | a*_q05 0.00473 | a*_q50 0.03158 | dV>=0 0.000 | n=150 | a_used 0.00473 -> 0.00470
  crit | n=1 | viol 0.383 | V 0.4920 | Vmin 0.1712 | agree +0.499 | a*_q05 -0.00664 | a*_q50 0.00698 | dV>=0 0.210 | beta 0.1201
  bell | direct viol 0.511 | direct dV>=0 0.453 | d_mean -0.00125 | d_std 0.02453 | d_q95 0.05159
[Episode 309/400] Steps: 720 | Reward:   -3.64 | Battery:  74.45% | Loss: 0.0174
Placing Sensors
[Episode 310/400] Steps: 720 | Reward:   -4.07 | Battery:  80.89% | Loss: 
Placing Sensors
[Episode 311/400] Steps:  94 | Reward:  -17.53 | Battery:   0.00% | Loss: 
Placing Sensors
Policy 0.0005 | Value 0.0250 | KL 0.01643 | CF 0.1917 | Std 0.1098 | |a| 0.0377 | EV +0.708 | Rsd 0.392 | Res 0.214 | AE nan | Alpha 0.0100 | MB 24/24
  cert | viol 0.048 | dV -0.246407 | V 0.2827 | inball 0.558 | a*_q05 0.00558 | a*_q50 0.03454 | dV>=0 0.000 | n=150 | a_used 0.00470 -> 0.00469
  crit | n=1 | viol 0.570 | V 0.5634 | Vmin 0.1852 | agree +0.723 | a*_q05 -0.00630 | a*_q50 0.00365 | dV>=0 0.289 | beta 0.1185
  bell | direct viol 0.497 | direct dV>=0 0.440 | d_mean +0.00065 | d_std 0.03963 | d_q95 0.08350
[Episode 312/400] Steps: 720 | Reward:   -3.25 | Battery:  81.99% | Loss: 0.0847
Placing Sensors
[Episode 313/400] Steps: 720 | Reward:   -5.97 | Battery:  60.57% | Loss: 
Placing Sensors
Policy -0.0053 | Value 0.0070 | KL 0.00829 | CF 0.1022 | Std 0.1098 | |a| 0.0367 | EV +0.891 | Rsd 0.341 | Res 0.119 | AE nan | Alpha 0.0100 | MB 24/24
  cert | viol 0.129 | dV -0.205765 | V 0.2745 | inball 0.413 | a*_q05 0.00277 | a*_q50 0.02302 | dV>=0 0.000 | n=150 | a_used 0.00469 -> 0.00457
  crit | n=1 | viol 0.573 | V 0.6525 | Vmin 0.1705 | agree +0.432 | a*_q05 -0.00478 | a*_q50 0.00376 | dV>=0 0.277 | beta 0.1174
  bell | direct viol 0.541 | direct dV>=0 0.476 | d_mean -0.00084 | d_std 0.03163 | d_q95 0.06647
[Episode 314/400] Steps: 720 | Reward:   -4.17 | Battery:  71.25% | Loss: -0.0700
Placing Sensors
[Episode 315/400] Steps: 720 | Reward:   -3.57 | Battery:  76.47% | Loss: 
Placing Sensors
Policy -0.0054 | Value 0.0065 | KL 0.01227 | CF 0.1178 | Std 0.1099 | |a| 0.0287 | EV +0.891 | Rsd 0.297 | Res 0.105 | AE nan | Alpha 0.0100 | MB 24/24
  cert | viol 0.000 | dV -0.269336 | V 0.2891 | inball 0.625 | a*_q05 0.00979 | a*_q50 0.03809 | dV>=0 0.000 | n=150 | a_used 0.00457 -> 0.00473
  crit | n=1 | viol 0.583 | V 0.5096 | Vmin 0.1742 | agree +0.590 | a*_q05 -0.00652 | a*_q50 0.00237 | dV>=0 0.427 | beta 0.1159
  bell | direct viol 0.480 | direct dV>=0 0.423 | d_mean +0.00114 | d_std 0.02770 | d_q95 0.05387
[Episode 316/400] Steps: 720 | Reward:   -3.23 | Battery:  82.48% | Loss: 0.0739
Placing Sensors
[Episode 317/400] Steps: 720 | Reward:   -2.34 | Battery:  87.01% | Loss: 
Placing Sensors
Policy -0.0062 | Value 0.0038 | KL 0.00891 | CF 0.1074 | Std 0.1099 | |a| 0.0322 | EV +0.914 | Rsd 0.268 | Res 0.091 | AE nan | Alpha 0.0100 | MB 24/24
  cert | viol 0.000 | dV -0.210628 | V 0.2278 | inball 0.630 | a*_q05 0.00936 | a*_q50 0.03760 | dV>=0 0.000 | n=150 | a_used 0.00473 -> 0.00488
  crit | n=1 | viol 0.695 | V 0.4630 | Vmin 0.1687 | agree +0.499 | a*_q05 -0.00685 | a*_q50 0.00161 | dV>=0 0.411 | beta 0.1142
  bell | direct viol 0.499 | direct dV>=0 0.444 | d_mean +0.00159 | d_std 0.02513 | d_q95 0.05075
[Episode 318/400] Steps: 720 | Reward:   -3.00 | Battery:  74.63% | Loss: 0.0223
Placing Sensors
[Episode 319/400] Steps:  94 | Reward:  -17.56 | Battery:   0.00% | Loss: 
Placing Sensors
[Episode 320/400] Steps: 720 | Reward:   -2.51 | Battery:  78.95% | Loss: 
Placing Sensors
Policy -0.0044 | Value 0.0277 | KL 0.01818 | CF 0.1817 | Std 0.1099 | |a| 0.0292 | EV +0.741 | Rsd 0.425 | Res 0.222 | AE nan | Alpha 0.0100 | MB 24/24
  cert | viol 0.000 | dV -0.212781 | V 0.2332 | inball 0.574 | a*_q05 0.00864 | a*_q50 0.03678 | dV>=0 0.000 | n=150 | a_used 0.00488 -> 0.00500
  crit | n=1 | viol 0.632 | V 0.4857 | Vmin 0.1518 | agree +0.679 | a*_q05 -0.00570 | a*_q50 0.00314 | dV>=0 0.298 | beta 0.1126
  bell | direct viol 0.522 | direct dV>=0 0.466 | d_mean -0.00019 | d_std 0.02703 | d_q95 0.05497
[Episode 321/400] Steps: 720 | Reward:   -3.46 | Battery:  72.33% | Loss: 0.0942
Placing Sensors
[Episode 322/400] Steps: 720 | Reward:   -5.48 | Battery:  77.85% | Loss: 
Placing Sensors
Policy -0.0065 | Value 0.0054 | KL 0.00765 | CF 0.0881 | Std 0.1099 | |a| 0.0287 | EV +0.930 | Rsd 0.364 | Res 0.098 | AE nan | Alpha 0.0100 | MB 24/24
  cert | viol 0.110 | dV -0.289448 | V 0.3768 | inball 0.507 | a*_q05 0.00242 | a*_q50 0.02895 | dV>=0 0.016 | n=150 | a_used 0.00500 -> 0.00489
  crit | n=1 | viol 0.390 | V 0.6346 | Vmin 0.2183 | agree +0.531 | a*_q05 -0.00516 | a*_q50 0.00698 | dV>=0 0.215 | beta 0.1129
  bell | direct viol 0.497 | direct dV>=0 0.438 | d_mean -0.00032 | d_std 0.03088 | d_q95 0.05948
[Episode 323/400] Steps: 720 | Reward:   -4.55 | Battery:  78.22% | Loss: 0.0089
Placing Sensors
[Episode 324/400] Steps: 720 | Reward:   -5.06 | Battery:  77.79% | Loss: 
Placing Sensors
Policy -0.0086 | Value 0.0050 | KL 0.01092 | CF 0.1402 | Std 0.1099 | |a| 0.0363 | EV +0.933 | Rsd 0.346 | Res 0.094 | AE nan | Alpha 0.0100 | MB 24/24
  cert | viol 0.055 | dV -0.234282 | V 0.2818 | inball 0.536 | a*_q05 0.00552 | a*_q50 0.02942 | dV>=0 0.000 | n=150 | a_used 0.00489 -> 0.00507
  crit | n=1 | viol 0.574 | V 0.5819 | Vmin 0.1663 | agree +0.535 | a*_q05 -0.00679 | a*_q50 0.00375 | dV>=0 0.241 | beta 0.1122
  bell | direct viol 0.522 | direct dV>=0 0.478 | d_mean +0.00028 | d_std 0.03012 | d_q95 0.06023
[Episode 325/400] Steps: 720 | Reward:   -2.38 | Battery:  79.22% | Loss: -0.0167
Placing Sensors
[Episode 326/400] Steps: 720 | Reward:   -4.87 | Battery:  68.92% | Loss: 
Placing Sensors
Policy -0.0111 | Value 0.0087 | KL 0.01052 | CF 0.1204 | Std 0.1099 | |a| 0.0283 | EV +0.877 | Rsd 0.357 | Res 0.130 | AE nan | Alpha 0.0100 | MB 24/24
  cert | viol 0.140 | dV -0.289151 | V 0.3753 | inball 0.510 | a*_q05 0.00159 | a*_q50 0.03073 | dV>=0 0.025 | n=150 | a_used 0.00507 -> 0.00473
  crit | n=1 | viol 0.505 | V 0.5858 | Vmin 0.1480 | agree +0.490 | a*_q05 -0.00619 | a*_q50 0.00503 | dV>=0 0.281 | beta 0.1095
  bell | direct viol 0.503 | direct dV>=0 0.450 | d_mean -0.00090 | d_std 0.03545 | d_q95 0.07441
[Episode 327/400] Steps: 720 | Reward:   -4.68 | Battery:  82.24% | Loss: -0.0078
Placing Sensors
[Episode 328/400] Steps: 720 | Reward:   -3.32 | Battery:  72.28% | Loss: 
Placing Sensors
Policy 0.0006 | Value 0.0038 | KL 0.01021 | CF 0.1423 | Std 0.1099 | |a| 0.0351 | EV +0.957 | Rsd 0.326 | Res 0.083 | AE nan | Alpha 0.0100 | MB 24/24
  cert | viol 0.000 | dV -0.257998 | V 0.2908 | inball 0.591 | a*_q05 0.00704 | a*_q50 0.03507 | dV>=0 0.000 | n=150 | a_used 0.00473 -> 0.00482
  crit | n=1 | viol 0.665 | V 0.5782 | Vmin 0.1897 | agree +0.520 | a*_q05 -0.00657 | a*_q50 0.00317 | dV>=0 0.296 | beta 0.1093
  bell | direct viol 0.498 | direct dV>=0 0.455 | d_mean +0.00097 | d_std 0.03154 | d_q95 0.06582
[Episode 329/400] Steps: 720 | Reward:   -3.56 | Battery:  84.48% | Loss: 0.0113
Placing Sensors
[Episode 330/400] Steps: 720 | Reward:   -5.01 | Battery:  85.79% | Loss: 
Placing Sensors
Policy -0.0065 | Value 0.0048 | KL 0.00891 | CF 0.1145 | Std 0.1099 | |a| 0.0304 | EV +0.912 | Rsd 0.342 | Res 0.104 | AE nan | Alpha 0.0100 | MB 24/24
  cert | viol 0.108 | dV -0.288961 | V 0.3654 | inball 0.564 | a*_q05 0.00426 | a*_q50 0.03078 | dV>=0 0.000 | n=150 | a_used 0.00482 -> 0.00477
  crit | n=1 | viol 0.259 | V 0.4894 | Vmin 0.1211 | agree +0.672 | a*_q05 -0.00251 | a*_q50 0.00902 | dV>=0 0.101 | beta 0.1064
  bell | direct viol 0.492 | direct dV>=0 0.451 | d_mean -0.00129 | d_std 0.03190 | d_q95 0.06452
[Episode 331/400] Steps: 720 | Reward:   -3.25 | Battery:  86.76% | Loss: -0.0310
Placing Sensors
[Episode 332/400] Steps: 720 | Reward:   -5.12 | Battery:  81.29% | Loss: 
Placing Sensors
Policy -0.0100 | Value 0.0044 | KL 0.00883 | CF 0.0912 | Std 0.1098 | |a| 0.0343 | EV +0.963 | Rsd 0.364 | Res 0.097 | AE nan | Alpha 0.0100 | MB 24/24
  cert | viol 0.174 | dV -0.241087 | V 0.3561 | inball 0.446 | a*_q05 0.00151 | a*_q50 0.02015 | dV>=0 0.021 | n=150 | a_used 0.00477 -> 0.00444
  crit | n=1 | viol 0.385 | V 0.6208 | Vmin 0.1435 | agree +0.610 | a*_q05 -0.00238 | a*_q50 0.00588 | dV>=0 0.116 | beta 0.1052
  bell | direct viol 0.528 | direct dV>=0 0.454 | d_mean -0.00117 | d_std 0.02450 | d_q95 0.05062
[Episode 333/400] Steps: 720 | Reward:   -5.94 | Battery:  64.57% | Loss: 0.0892
Placing Sensors
[Episode 334/400] Steps: 720 | Reward:   -3.93 | Battery:  66.88% | Loss: 
Placing Sensors
Policy -0.0063 | Value 0.0038 | KL 0.00469 | CF 0.0412 | Std 0.1098 | |a| 0.0331 | EV +0.920 | Rsd 0.279 | Res 0.080 | AE nan | Alpha 0.0100 | MB 24/24
  cert | viol 0.014 | dV -0.196537 | V 0.2214 | inball 0.570 | a*_q05 0.00778 | a*_q50 0.02949 | dV>=0 0.000 | n=150 | a_used 0.00444 -> 0.00463
  crit | n=1 | viol 0.627 | V 0.4946 | Vmin 0.1759 | agree +0.497 | a*_q05 -0.00503 | a*_q50 0.00261 | dV>=0 0.273 | beta 0.1041
  bell | direct viol 0.511 | direct dV>=0 0.469 | d_mean +0.00091 | d_std 0.02607 | d_q95 0.05169
[Episode 335/400] Steps: 720 | Reward:   -3.21 | Battery:  80.03% | Loss: -0.0002
Placing Sensors
[Episode 336/400] Steps:  99 | Reward:  -17.59 | Battery:   0.00% | Loss: 
Placing Sensors
[Episode 337/400] Steps: 720 | Reward:   -3.26 | Battery:  77.89% | Loss: 
Placing Sensors
Policy 0.0289 | Value 0.0223 | KL 0.01595 | CF 0.2137 | Std 0.1098 | |a| 0.0375 | EV +0.735 | Rsd 0.439 | Res 0.229 | AE nan | Alpha 0.0100 | MB 28/28
  cert | viol 0.004 | dV -0.266720 | V 0.2934 | inball 0.540 | a*_q05 0.01114 | a*_q50 0.03792 | dV>=0 0.000 | n=150 | a_used 0.00463 -> 0.00463
  crit | n=1 | viol 0.592 | V 0.6152 | Vmin 0.1756 | agree +0.609 | a*_q05 -0.00579 | a*_q50 0.00348 | dV>=0 0.290 | beta 0.1099
  bell | direct viol 0.549 | direct dV>=0 0.490 | d_mean -0.00034 | d_std 0.03633 | d_q95 0.07564
[Episode 338/400] Steps: 720 | Reward:   -4.22 | Battery:  75.52% | Loss: 1.7807
Placing Sensors
[Episode 339/400] Steps: 720 | Reward:   -5.34 | Battery:  76.66% | Loss: 
Placing Sensors
Policy -0.0089 | Value 0.0065 | KL 0.00927 | CF 0.1026 | Std 0.1098 | |a| 0.0342 | EV +0.866 | Rsd 0.296 | Res 0.110 | AE nan | Alpha 0.0100 | MB 24/24
  cert | viol 0.120 | dV -0.207987 | V 0.2836 | inball 0.487 | a*_q05 0.00188 | a*_q50 0.02443 | dV>=0 0.009 | n=150 | a_used 0.00463 -> 0.00447
  crit | n=1 | viol 0.548 | V 0.5899 | Vmin 0.2364 | agree +0.593 | a*_q05 -0.00536 | a*_q50 0.00377 | dV>=0 0.198 | beta 0.1099
  bell | direct viol 0.514 | direct dV>=0 0.474 | d_mean +0.00011 | d_std 0.04495 | d_q95 0.09190
[Episode 340/400] Steps: 720 | Reward:   -3.17 | Battery:  81.53% | Loss: -0.0330
Placing Sensors
[Episode 341/400] Steps: 720 | Reward:   -4.40 | Battery:  74.87% | Loss: 
Placing Sensors
Policy -0.0076 | Value 0.0062 | KL 0.00615 | CF 0.0720 | Std 0.1098 | |a| 0.0293 | EV +0.886 | Rsd 0.307 | Res 0.107 | AE nan | Alpha 0.0100 | MB 24/24
  cert | viol 0.084 | dV -0.241327 | V 0.3106 | inball 0.438 | a*_q05 0.00370 | a*_q50 0.02576 | dV>=0 0.000 | n=150 | a_used 0.00447 -> 0.00436
  crit | n=1 | viol 0.413 | V 0.6279 | Vmin 0.2389 | agree +0.395 | a*_q05 -0.00446 | a*_q50 0.00579 | dV>=0 0.204 | beta 0.1105
  bell | direct viol 0.533 | direct dV>=0 0.471 | d_mean -0.00086 | d_std 0.02805 | d_q95 0.05253
[Episode 342/400] Steps: 720 | Reward:   -5.56 | Battery:  64.40% | Loss: -0.1025
Placing Sensors
[Episode 343/400] Steps: 720 | Reward:   -2.60 | Battery:  85.56% | Loss: 
Placing Sensors
Policy -0.0054 | Value 0.0070 | KL 0.01004 | CF 0.1284 | Std 0.1098 | |a| 0.0296 | EV +0.861 | Rsd 0.279 | Res 0.120 | AE nan | Alpha 0.0100 | MB 24/24
  cert | viol 0.000 | dV -0.244727 | V 0.2561 | inball 0.633 | a*_q05 0.01301 | a*_q50 0.04034 | dV>=0 0.000 | n=150 | a_used 0.00436 -> 0.00455
  crit | n=1 | viol 0.715 | V 0.5291 | Vmin 0.2091 | agree +0.496 | a*_q05 -0.00714 | a*_q50 0.00102 | dV>=0 0.453 | beta 0.1112
  bell | direct viol 0.496 | direct dV>=0 0.436 | d_mean +0.00301 | d_std 0.03464 | d_q95 0.05869
[Episode 344/400] Steps: 720 | Reward:   -3.62 | Battery:  61.69% | Loss: -0.0179
Placing Sensors
[Episode 345/400] Steps: 720 | Reward:   -3.94 | Battery:  78.08% | Loss: 
Placing Sensors
Policy -0.0108 | Value 0.0050 | KL 0.00998 | CF 0.0875 | Std 0.1098 | |a| 0.0308 | EV +0.895 | Rsd 0.263 | Res 0.090 | AE nan | Alpha 0.0100 | MB 24/24
  cert | viol 0.000 | dV -0.272516 | V 0.2966 | inball 0.614 | a*_q05 0.00951 | a*_q50 0.03880 | dV>=0 0.000 | n=150 | a_used 0.00455 -> 0.00472
  crit | n=1 | viol 0.603 | V 0.5274 | Vmin 0.2318 | agree +0.444 | a*_q05 -0.00689 | a*_q50 0.00256 | dV>=0 0.390 | beta 0.1116
  bell | direct viol 0.513 | direct dV>=0 0.463 | d_mean +0.00004 | d_std 0.02639 | d_q95 0.05466
[Episode 346/400] Steps: 720 | Reward:   -2.85 | Battery:  73.85% | Loss: -0.1122
Placing Sensors
[Episode 347/400] Steps: 720 | Reward:   -4.81 | Battery:  68.07% | Loss: 
Placing Sensors
Policy -0.0066 | Value 0.0027 | KL 0.00645 | CF 0.0760 | Std 0.1098 | |a| 0.0322 | EV +0.951 | Rsd 0.292 | Res 0.065 | AE nan | Alpha 0.0100 | MB 24/24
  cert | viol 0.009 | dV -0.255639 | V 0.2899 | inball 0.495 | a*_q05 0.00779 | a*_q50 0.02983 | dV>=0 0.000 | n=150 | a_used 0.00472 -> 0.00488
  crit | n=1 | viol 0.554 | V 0.5952 | Vmin 0.2333 | agree +0.512 | a*_q05 -0.00534 | a*_q50 0.00398 | dV>=0 0.284 | beta 0.1120
  bell | direct viol 0.514 | direct dV>=0 0.459 | d_mean +0.00000 | d_std 0.02674 | d_q95 0.05598
[Episode 348/400] Steps: 720 | Reward:   -3.49 | Battery:  77.78% | Loss: 0.0106
Placing Sensors
[Episode 349/400] Steps: 720 | Reward:   -2.58 | Battery:  77.94% | Loss: 
Placing Sensors
Policy -0.0103 | Value 0.0040 | KL 0.01114 | CF 0.1207 | Std 0.1097 | |a| 0.0290 | EV +0.902 | Rsd 0.273 | Res 0.096 | AE nan | Alpha 0.0100 | MB 24/24
  cert | viol 0.030 | dV -0.256993 | V 0.2923 | inball 0.608 | a*_q05 0.00680 | a*_q50 0.03760 | dV>=0 0.000 | n=150 | a_used 0.00488 -> 0.00504
  crit | n=1 | viol 0.613 | V 0.5401 | Vmin 0.2069 | agree +0.465 | a*_q05 -0.00705 | a*_q50 0.00307 | dV>=0 0.371 | beta 0.1118
  bell | direct viol 0.522 | direct dV>=0 0.462 | d_mean +0.00054 | d_std 0.02097 | d_q95 0.04060
[Episode 350/400] Steps: 720 | Reward:   -4.17 | Battery:  79.71% | Loss: -0.0791
Placing Sensors
[Episode 351/400] Steps: 720 | Reward:   -2.91 | Battery:  84.61% | Loss: 
Placing Sensors
Policy -0.0060 | Value 0.0021 | KL 0.01270 | CF 0.1387 | Std 0.1097 | |a| 0.0350 | EV +0.963 | Rsd 0.281 | Res 0.059 | AE nan | Alpha 0.0100 | MB 24/24
  cert | viol 0.000 | dV -0.276528 | V 0.2998 | inball 0.611 | a*_q05 0.00842 | a*_q50 0.03848 | dV>=0 0.000 | n=150 | a_used 0.00504 -> 0.00516
  crit | n=1 | viol 0.390 | V 0.4728 | Vmin 0.1850 | agree +0.500 | a*_q05 -0.00623 | a*_q50 0.00655 | dV>=0 0.272 | beta 0.1110
  bell | direct viol 0.510 | direct dV>=0 0.459 | d_mean +0.00002 | d_std 0.02465 | d_q95 0.04860
[Episode 352/400] Steps: 720 | Reward:   -3.60 | Battery:  67.83% | Loss: -0.0029
Placing Sensors
[Episode 353/400] Steps: 720 | Reward:   -2.74 | Battery:  73.25% | Loss: 
Placing Sensors
Policy -0.0030 | Value 0.0030 | KL 0.00954 | CF 0.1134 | Std 0.1097 | |a| 0.0352 | EV +0.916 | Rsd 0.258 | Res 0.084 | AE nan | Alpha 0.0100 | MB 24/24
  cert | viol 0.000 | dV -0.223844 | V 0.2412 | inball 0.616 | a*_q05 0.01073 | a*_q50 0.03816 | dV>=0 0.000 | n=150 | a_used 0.00516 -> 0.00528
  crit | n=1 | viol 0.781 | V 0.4677 | Vmin 0.1879 | agree +0.628 | a*_q05 -0.00685 | a*_q50 0.00081 | dV>=0 0.444 | beta 0.1101
  bell | direct viol 0.543 | direct dV>=0 0.476 | d_mean +0.00155 | d_std 0.02303 | d_q95 0.04642
[Episode 354/400] Steps: 720 | Reward:   -3.25 | Battery:  85.54% | Loss: 0.0188
Placing Sensors
[Episode 355/400] Steps: 720 | Reward:   -4.24 | Battery:  68.68% | Loss: 
Placing Sensors
Policy -0.0081 | Value 0.0038 | KL 0.01162 | CF 0.1329 | Std 0.1096 | |a| 0.0364 | EV +0.921 | Rsd 0.275 | Res 0.078 | AE nan | Alpha 0.0100 | MB 24/24
  cert | viol 0.037 | dV -0.287067 | V 0.3251 | inball 0.538 | a*_q05 0.00639 | a*_q50 0.03459 | dV>=0 0.000 | n=150 | a_used 0.00528 -> 0.00534
  crit | n=1 | viol 0.488 | V 0.5304 | Vmin 0.1856 | agree +0.387 | a*_q05 -0.00588 | a*_q50 0.00543 | dV>=0 0.332 | beta 0.1098
  bell | direct viol 0.522 | direct dV>=0 0.458 | d_mean -0.00065 | d_std 0.02323 | d_q95 0.04605
[Episode 356/400] Steps: 720 | Reward:   -4.05 | Battery:  75.42% | Loss: 0.0370
Placing Sensors
[Episode 357/400] Steps: 720 | Reward:   -3.22 | Battery:  75.87% | Loss: 
Placing Sensors
Policy -0.0082 | Value 0.0027 | KL 0.01103 | CF 0.1243 | Std 0.1096 | |a| 0.0410 | EV +0.943 | Rsd 0.266 | Res 0.065 | AE nan | Alpha 0.0100 | MB 24/24
  cert | viol 0.000 | dV -0.290534 | V 0.3157 | inball 0.602 | a*_q05 0.00992 | a*_q50 0.03585 | dV>=0 0.000 | n=150 | a_used 0.00534 -> 0.00551
  crit | n=1 | viol 0.395 | V 0.4543 | Vmin 0.1567 | agree +0.533 | a*_q05 -0.00500 | a*_q50 0.00760 | dV>=0 0.215 | beta 0.1080
  bell | direct viol 0.484 | direct dV>=0 0.436 | d_mean -0.00071 | d_std 0.02400 | d_q95 0.04628
[Episode 358/400] Steps: 720 | Reward:   -4.07 | Battery:  82.69% | Loss: 0.0667
Placing Sensors
[Episode 359/400] Steps: 720 | Reward:   -3.53 | Battery:  83.14% | Loss: 
Placing Sensors
Policy -0.0120 | Value 0.0019 | KL 0.00771 | CF 0.0812 | Std 0.1096 | |a| 0.0502 | EV +0.930 | Rsd 0.222 | Res 0.060 | AE nan | Alpha 0.0100 | MB 24/24
  cert | viol 0.057 | dV -0.204549 | V 0.2434 | inball 0.597 | a*_q05 0.00576 | a*_q50 0.03124 | dV>=0 0.000 | n=150 | a_used 0.00551 -> 0.00550
  crit | n=1 | viol 0.473 | V 0.4386 | Vmin 0.1580 | agree +0.593 | a*_q05 -0.00382 | a*_q50 0.00589 | dV>=0 0.172 | beta 0.1073
  bell | direct viol 0.522 | direct dV>=0 0.476 | d_mean -0.00075 | d_std 0.02384 | d_q95 0.04926
[Episode 360/400] Steps: 720 | Reward:   -3.01 | Battery:  80.62% | Loss: 0.0635
Placing Sensors
[Episode 361/400] Steps: 720 | Reward:   -4.26 | Battery:  84.44% | Loss: 
Placing Sensors
Policy -0.0104 | Value 0.0032 | KL 0.00770 | CF 0.0768 | Std 0.1096 | |a| 0.0514 | EV +0.932 | Rsd 0.263 | Res 0.069 | AE nan | Alpha 0.0100 | MB 24/24
  cert | viol 0.120 | dV -0.213882 | V 0.2704 | inball 0.476 | a*_q05 0.00385 | a*_q50 0.02295 | dV>=0 0.018 | n=150 | a_used 0.00550 -> 0.00543
  crit | n=1 | viol 0.594 | V 0.5675 | Vmin 0.1838 | agree +0.643 | a*_q05 -0.00456 | a*_q50 0.00455 | dV>=0 0.147 | beta 0.1076
  bell | direct viol 0.546 | direct dV>=0 0.472 | d_mean -0.00039 | d_std 0.02397 | d_q95 0.04710
[Episode 362/400] Steps: 720 | Reward:   -4.57 | Battery:  76.83% | Loss: -0.0210
Placing Sensors
[Episode 363/400] Steps: 720 | Reward:   -1.87 | Battery:  81.98% | Loss: 
Placing Sensors
Policy -0.0142 | Value 0.0049 | KL 0.01304 | CF 0.1272 | Std 0.1096 | |a| 0.0437 | EV +0.889 | Rsd 0.265 | Res 0.103 | AE nan | Alpha 0.0100 | MB 24/24
  cert | viol 0.000 | dV -0.232922 | V 0.2431 | inball 0.663 | a*_q05 0.01356 | a*_q50 0.04129 | dV>=0 0.000 | n=150 | a_used 0.00543 -> 0.00560
  crit | n=1 | viol 0.766 | V 0.4703 | Vmin 0.1494 | agree +0.442 | a*_q05 -0.00728 | a*_q50 -0.00060 | dV>=0 0.554 | beta 0.1062
  bell | direct viol 0.511 | direct dV>=0 0.458 | d_mean +0.00215 | d_std 0.03382 | d_q95 0.06852
[Episode 364/400] Steps: 720 | Reward:   -3.26 | Battery:  77.06% | Loss: -0.0322
Placing Sensors
[Episode 365/400] Steps: 720 | Reward:   -3.18 | Battery:  81.93% | Loss: 
Placing Sensors
Policy -0.0030 | Value 0.0019 | KL 0.01256 | CF 0.1419 | Std 0.1096 | |a| 0.0370 | EV +0.967 | Rsd 0.286 | Res 0.052 | AE nan | Alpha 0.0100 | MB 24/24
  cert | viol 0.000 | dV -0.288273 | V 0.3013 | inball 0.645 | a*_q05 0.01242 | a*_q50 0.04071 | dV>=0 0.000 | n=150 | a_used 0.00560 -> 0.00576
  crit | n=1 | viol 0.463 | V 0.4146 | Vmin 0.1463 | agree +0.609 | a*_q05 -0.00588 | a*_q50 0.00621 | dV>=0 0.281 | beta 0.1039
  bell | direct viol 0.479 | direct dV>=0 0.442 | d_mean +0.00051 | d_std 0.02917 | d_q95 0.05774
[Episode 366/400] Steps: 720 | Reward:   -3.01 | Battery:  79.37% | Loss: 0.1343
Placing Sensors
[Episode 367/400] Steps: 720 | Reward:   -3.36 | Battery:  75.53% | Loss: 
Placing Sensors
Policy -0.0051 | Value 0.0022 | KL 0.01387 | CF 0.1458 | Std 0.1096 | |a| 0.0439 | EV +0.961 | Rsd 0.306 | Res 0.065 | AE nan | Alpha 0.0100 | MB 24/24
  cert | viol 0.000 | dV -0.278129 | V 0.2999 | inball 0.570 | a*_q05 0.00956 | a*_q50 0.03754 | dV>=0 0.000 | n=150 | a_used 0.00576 -> 0.00592
  crit | n=1 | viol 0.504 | V 0.4524 | Vmin 0.1378 | agree +0.610 | a*_q05 -0.00528 | a*_q50 0.00569 | dV>=0 0.232 | beta 0.1015
  bell | direct viol 0.503 | direct dV>=0 0.443 | d_mean -0.00035 | d_std 0.02807 | d_q95 0.05381
[Episode 368/400] Steps: 720 | Reward:   -4.18 | Battery:  77.24% | Loss: 0.0490
Placing Sensors
[Episode 369/400] Steps: 720 | Reward:   -2.89 | Battery:  85.00% | Loss: 
Placing Sensors
Policy -0.0070 | Value 0.0021 | KL 0.02078 | CF 0.2077 | Std 0.1095 | |a| 0.0400 | EV +0.964 | Rsd 0.286 | Res 0.056 | AE nan | Alpha 0.0100 | MB 24/24
  cert | viol 0.032 | dV -0.276102 | V 0.3039 | inball 0.628 | a*_q05 0.00802 | a*_q50 0.03670 | dV>=0 0.000 | n=150 | a_used 0.00592 -> 0.00607
  crit | n=1 | viol 0.349 | V 0.3729 | Vmin 0.0974 | agree +0.718 | a*_q05 -0.00330 | a*_q50 0.00771 | dV>=0 0.135 | beta 0.0983
  bell | direct viol 0.509 | direct dV>=0 0.465 | d_mean -0.00036 | d_std 0.03299 | d_q95 0.06180
[Episode 370/400] Steps: 720 | Reward:   -3.77 | Battery:  82.30% | Loss: -0.0581
Placing Sensors
[Episode 371/400] Steps: 720 | Reward:   -3.33 | Battery:  81.10% | Loss: 
Placing Sensors
Policy -0.0110 | Value 0.0039 | KL 0.01530 | CF 0.1520 | Std 0.1095 | |a| 0.0420 | EV +0.950 | Rsd 0.336 | Res 0.077 | AE nan | Alpha 0.0100 | MB 24/24
  cert | viol 0.116 | dV -0.279150 | V 0.3418 | inball 0.560 | a*_q05 0.00277 | a*_q50 0.03311 | dV>=0 0.028 | n=150 | a_used 0.00607 -> 0.00496
  crit | n=1 | viol 0.467 | V 0.5316 | Vmin 0.1209 | agree +0.465 | a*_q05 -0.00566 | a*_q50 0.00640 | dV>=0 0.242 | beta 0.0979
  bell | direct viol 0.532 | direct dV>=0 0.469 | d_mean -0.00147 | d_std 0.03271 | d_q95 0.06306
[Episode 372/400] Steps: 720 | Reward:   -4.93 | Battery:  72.26% | Loss: -0.0091
Placing Sensors
[Episode 373/400] Steps: 720 | Reward:   -2.12 | Battery:  80.17% | Loss: 
Placing Sensors
Policy -0.0073 | Value 0.0046 | KL 0.00974 | CF 0.1266 | Std 0.1095 | |a| 0.0380 | EV +0.912 | Rsd 0.299 | Res 0.095 | AE nan | Alpha 0.0100 | MB 24/24
  cert | viol 0.000 | dV -0.272964 | V 0.2855 | inball 0.658 | a*_q05 0.01363 | a*_q50 0.04083 | dV>=0 0.000 | n=150 | a_used 0.00496 -> 0.00514
  crit | n=1 | viol 0.739 | V 0.4589 | Vmin 0.1543 | agree +0.624 | a*_q05 -0.00702 | a*_q50 0.00092 | dV>=0 0.441 | beta 0.0960
  bell | direct viol 0.488 | direct dV>=0 0.427 | d_mean +0.00236 | d_std 0.02614 | d_q95 0.05244
[Episode 374/400] Steps: 720 | Reward:   -3.79 | Battery:  77.05% | Loss: 0.0956
Placing Sensors
[Episode 375/400] Steps: 720 | Reward:   -3.28 | Battery:  80.12% | Loss: 
Placing Sensors
Policy -0.0127 | Value 0.0031 | KL 0.01251 | CF 0.1544 | Std 0.1095 | |a| 0.0528 | EV +0.919 | Rsd 0.256 | Res 0.073 | AE nan | Alpha 0.0100 | MB 24/24
  cert | viol 0.029 | dV -0.203742 | V 0.2378 | inball 0.574 | a*_q05 0.00701 | a*_q50 0.03023 | dV>=0 0.000 | n=150 | a_used 0.00514 -> 0.00512
  crit | n=1 | viol 0.514 | V 0.4683 | Vmin 0.1115 | agree +0.514 | a*_q05 -0.00312 | a*_q50 0.00494 | dV>=0 0.141 | beta 0.0943
  bell | direct viol 0.504 | direct dV>=0 0.460 | d_mean -0.00043 | d_std 0.03003 | d_q95 0.06225
[Episode 376/400] Steps: 720 | Reward:   -3.57 | Battery:  82.14% | Loss: -0.1120
Placing Sensors
[Episode 377/400] Steps: 720 | Reward:   -2.93 | Battery:  79.06% | Loss: 
Placing Sensors
Policy -0.0090 | Value 0.0031 | KL 0.01205 | CF 0.1340 | Std 0.1095 | |a| 0.0445 | EV +0.932 | Rsd 0.267 | Res 0.072 | AE nan | Alpha 0.0100 | MB 24/24
  cert | viol 0.000 | dV -0.228046 | V 0.2414 | inball 0.653 | a*_q05 0.01103 | a*_q50 0.03932 | dV>=0 0.000 | n=150 | a_used 0.00512 -> 0.00529
  crit | n=1 | viol 0.579 | V 0.4407 | Vmin 0.1442 | agree +0.295 | a*_q05 -0.00668 | a*_q50 0.00413 | dV>=0 0.279 | beta 0.0929
  bell | direct viol 0.480 | direct dV>=0 0.443 | d_mean +0.00080 | d_std 0.02723 | d_q95 0.05455
[Episode 378/400] Steps: 720 | Reward:   -2.55 | Battery:  76.14% | Loss: 0.0218
Placing Sensors
[Episode 379/400] Steps: 720 | Reward:   -5.25 | Battery:  59.14% | Loss: 
Placing Sensors
Policy -0.0035 | Value 0.0044 | KL 0.01664 | CF 0.1894 | Std 0.1095 | |a| 0.0703 | EV +0.854 | Rsd 0.245 | Res 0.108 | AE nan | Alpha 0.0100 | MB 24/24
  cert | viol 0.173 | dV -0.192371 | V 0.2440 | inball 0.382 | a*_q05 -0.01980 | a*_q50 0.03059 | dV>=0 0.105 | n=150 | a_used 0.00529 -> 0.00503
  crit | n=1 | viol 0.554 | V 0.5055 | Vmin 0.1753 | agree +0.329 | a*_q05 -0.00560 | a*_q50 0.00316 | dV>=0 0.289 | beta 0.0926
  bell | direct viol 0.539 | direct dV>=0 0.476 | d_mean -0.00134 | d_std 0.02876 | d_q95 0.06009
[Episode 380/400] Steps: 720 | Reward:   -3.79 | Battery:  53.72% | Loss: 0.1254
Placing Sensors
[Episode 381/400] Steps: 720 | Reward:   -3.68 | Battery:  82.49% | Loss: 
Placing Sensors
Policy -0.0077 | Value 0.0021 | KL 0.01760 | CF 0.1444 | Std 0.1095 | |a| 0.0443 | EV +0.954 | Rsd 0.284 | Res 0.061 | AE nan | Alpha 0.0100 | MB 24/24
  cert | viol 0.040 | dV -0.259574 | V 0.2916 | inball 0.610 | a*_q05 0.00581 | a*_q50 0.03579 | dV>=0 0.000 | n=150 | a_used 0.00503 -> 0.00492
  crit | n=1 | viol 0.539 | V 0.4543 | Vmin 0.1514 | agree +0.657 | a*_q05 -0.00466 | a*_q50 0.00460 | dV>=0 0.204 | beta 0.0922
  bell | direct viol 0.506 | direct dV>=0 0.444 | d_mean -0.00016 | d_std 0.02732 | d_q95 0.05279
[Episode 382/400] Steps: 720 | Reward:   -3.45 | Battery:  83.85% | Loss: -0.0023
Placing Sensors
[Episode 383/400] Steps: 720 | Reward:   -3.25 | Battery:  79.84% | Loss: 
Placing Sensors
Policy -0.0014 | Value 0.0053 | KL 0.00606 | CF 0.0620 | Std 0.1096 | |a| 0.0406 | EV +0.847 | Rsd 0.240 | Res 0.107 | AE nan | Alpha 0.0100 | MB 24/24
  cert | viol 0.060 | dV -0.251930 | V 0.3080 | inball 0.572 | a*_q05 0.00440 | a*_q50 0.03072 | dV>=0 0.000 | n=150 | a_used 0.00492 -> 0.00467
  crit | n=1 | viol 0.266 | V 0.4445 | Vmin 0.1881 | agree +0.446 | a*_q05 -0.00515 | a*_q50 0.00928 | dV>=0 0.153 | beta 0.0921
  bell | direct viol 0.503 | direct dV>=0 0.473 | d_mean -0.00209 | d_std 0.03040 | d_q95 0.06330
[Episode 384/400] Steps: 720 | Reward:   -4.69 | Battery:  77.99% | Loss: 0.0329
Placing Sensors
[Episode 385/400] Steps: 720 | Reward:   -4.36 | Battery:  77.54% | Loss: 
Placing Sensors
Policy -0.0099 | Value 0.0029 | KL 0.01408 | CF 0.1327 | Std 0.1096 | |a| 0.0453 | EV +0.940 | Rsd 0.278 | Res 0.068 | AE nan | Alpha 0.0100 | MB 24/24
  cert | viol 0.058 | dV -0.282913 | V 0.3363 | inball 0.549 | a*_q05 0.00480 | a*_q50 0.03125 | dV>=0 0.000 | n=150 | a_used 0.00467 -> 0.00473
  crit | n=1 | viol 0.380 | V 0.5605 | Vmin 0.2173 | agree +0.632 | a*_q05 -0.00538 | a*_q50 0.00614 | dV>=0 0.203 | beta 0.0935
  bell | direct viol 0.520 | direct dV>=0 0.458 | d_mean -0.00066 | d_std 0.02741 | d_q95 0.05392
[Episode 386/400] Steps: 720 | Reward:   -4.42 | Battery:  81.70% | Loss: 0.0544
Placing Sensors
[Episode 387/400] Steps: 720 | Reward:   -2.84 | Battery:  77.11% | Loss: 
Placing Sensors
Policy -0.0133 | Value 0.0022 | KL 0.00896 | CF 0.0958 | Std 0.1096 | |a| 0.0363 | EV +0.951 | Rsd 0.277 | Res 0.062 | AE nan | Alpha 0.0100 | MB 24/24
  cert | viol 0.050 | dV -0.233654 | V 0.2784 | inball 0.576 | a*_q05 0.00542 | a*_q50 0.03116 | dV>=0 0.000 | n=150 | a_used 0.00473 -> 0.00467
  crit | n=1 | viol 0.403 | V 0.4928 | Vmin 0.2072 | agree +0.520 | a*_q05 -0.00206 | a*_q50 0.00629 | dV>=0 0.127 | beta 0.0941
  bell | direct viol 0.519 | direct dV>=0 0.469 | d_mean -0.00092 | d_std 0.02400 | d_q95 0.04921
[Episode 388/400] Steps: 720 | Reward:   -4.53 | Battery:  82.40% | Loss: -0.0469
Placing Sensors
[Episode 389/400] Steps: 720 | Reward:   -2.86 | Battery:  75.39% | Loss: 
Placing Sensors
Policy -0.0080 | Value 0.0032 | KL 0.00907 | CF 0.0947 | Std 0.1096 | |a| 0.0520 | EV +0.946 | Rsd 0.333 | Res 0.077 | AE nan | Alpha 0.0100 | MB 24/24
  cert | viol 0.028 | dV -0.252102 | V 0.2852 | inball 0.521 | a*_q05 0.00719 | a*_q50 0.03687 | dV>=0 0.000 | n=150 | a_used 0.00467 -> 0.00483
  crit | n=1 | viol 0.609 | V 0.5677 | Vmin 0.1854 | agree +0.406 | a*_q05 -0.00668 | a*_q50 0.00252 | dV>=0 0.385 | beta 0.0941
  bell | direct viol 0.520 | direct dV>=0 0.459 | d_mean +0.00060 | d_std 0.02837 | d_q95 0.05993
[Episode 390/400] Steps: 720 | Reward:   -5.11 | Battery:  52.31% | Loss: 0.0898
Placing Sensors
[Episode 391/400] Steps: 720 | Reward:   -2.48 | Battery:  87.76% | Loss: 
Placing Sensors
Policy -0.0082 | Value 0.0035 | KL 0.00697 | CF 0.0720 | Std 0.1096 | |a| 0.0366 | EV +0.894 | Rsd 0.220 | Res 0.083 | AE nan | Alpha 0.0100 | MB 24/24
  cert | viol 0.000 | dV -0.208395 | V 0.2268 | inball 0.660 | a*_q05 0.00976 | a*_q50 0.03563 | dV>=0 0.000 | n=150 | a_used 0.00483 -> 0.00501
  crit | n=1 | viol 0.682 | V 0.4482 | Vmin 0.1806 | agree +0.623 | a*_q05 -0.00570 | a*_q50 0.00293 | dV>=0 0.267 | beta 0.0944
  bell | direct viol 0.496 | direct dV>=0 0.455 | d_mean +0.00168 | d_std 0.02910 | d_q95 0.05881
[Episode 392/400] Steps: 720 | Reward:   -2.99 | Battery:  83.70% | Loss: 0.0520
Placing Sensors
[Episode 393/400] Steps: 720 | Reward:   -3.43 | Battery:  86.51% | Loss: 
Placing Sensors
Policy -0.0089 | Value 0.0022 | KL 0.00679 | CF 0.0825 | Std 0.1096 | |a| 0.0339 | EV +0.962 | Rsd 0.263 | Res 0.053 | AE nan | Alpha 0.0100 | MB 24/24
  cert | viol 0.000 | dV -0.245240 | V 0.2673 | inball 0.628 | a*_q05 0.00978 | a*_q50 0.03789 | dV>=0 0.000 | n=150 | a_used 0.00501 -> 0.00518
  crit | n=1 | viol 0.494 | V 0.4020 | Vmin 0.1602 | agree +0.745 | a*_q05 -0.00620 | a*_q50 0.00515 | dV>=0 0.249 | beta 0.0937
  bell | direct viol 0.505 | direct dV>=0 0.457 | d_mean +0.00049 | d_std 0.02692 | d_q95 0.05221
[Episode 394/400] Steps: 720 | Reward:   -2.54 | Battery:  80.75% | Loss: 0.0296
Placing Sensors
[Episode 395/400] Steps: 720 | Reward:   -4.75 | Battery:  71.73% | Loss: 
Placing Sensors
Policy -0.0131 | Value 0.0027 | KL 0.01011 | CF 0.0822 | Std 0.1096 | |a| 0.0509 | EV +0.958 | Rsd 0.316 | Res 0.067 | AE nan | Alpha 0.0100 | MB 24/24
  cert | viol 0.002 | dV -0.272861 | V 0.3024 | inball 0.575 | a*_q05 0.00866 | a*_q50 0.03380 | dV>=0 0.000 | n=150 | a_used 0.00518 -> 0.00533
  crit | n=1 | viol 0.342 | V 0.5023 | Vmin 0.1679 | agree +0.573 | a*_q05 -0.00375 | a*_q50 0.00670 | dV>=0 0.168 | beta 0.0928
  bell | direct viol 0.507 | direct dV>=0 0.445 | d_mean -0.00041 | d_std 0.02310 | d_q95 0.04990
[Episode 396/400] Steps: 720 | Reward:   -3.24 | Battery:  78.63% | Loss: -0.0355
Placing Sensors
[Episode 397/400] Steps: 720 | Reward:   -2.94 | Battery:  79.53% | Loss: 
Placing Sensors
Policy 0.0011 | Value 0.0026 | KL 0.00909 | CF 0.1020 | Std 0.1096 | |a| 0.0440 | EV +0.942 | Rsd 0.257 | Res 0.066 | AE nan | Alpha 0.0100 | MB 24/24
  cert | viol 0.096 | dV -0.232476 | V 0.2831 | inball 0.576 | a*_q05 0.00411 | a*_q50 0.03344 | dV>=0 0.000 | n=150 | a_used 0.00533 -> 0.00538
  crit | n=1 | viol 0.438 | V 0.4629 | Vmin 0.1694 | agree +0.537 | a*_q05 -0.00510 | a*_q50 0.00620 | dV>=0 0.205 | beta 0.0920
  bell | direct viol 0.499 | direct dV>=0 0.447 | d_mean -0.00038 | d_std 0.02439 | d_q95 0.04920
[Episode 398/400] Steps: 720 | Reward:   -4.56 | Battery:  80.93% | Loss: 0.0014
Placing Sensors
[Episode 399/400] Steps: 720 | Reward:   -2.03 | Battery:  74.44% | Loss: 
Placing Sensors
Policy -0.0137 | Value 0.0023 | KL 0.01078 | CF 0.1280 | Std 0.1096 | |a| 0.0359 | EV +0.933 | Rsd 0.246 | Res 0.065 | AE nan | Alpha 0.0100 | MB 24/24
  cert | viol 0.000 | dV -0.211457 | V 0.2228 | inball 0.632 | a*_q05 0.01392 | a*_q50 0.03663 | dV>=0 0.000 | n=150 | a_used 0.00538 -> 0.00554
  crit | n=1 | viol 0.607 | V 0.3791 | Vmin 0.1427 | agree +0.411 | a*_q05 -0.00513 | a*_q50 0.00287 | dV>=0 0.283 | beta 0.0910
  bell | direct viol 0.496 | direct dV>=0 0.441 | d_mean +0.00119 | d_std 0.02483 | d_q95 0.05168
[Episode 400/400] Steps: 720 | Reward:   -2.85 | Battery:  82.27% | Loss: 0.0167
Placing Sensors
[Episode 401/400] Steps: 720 | Reward:   -2.43 | Battery:  83.61% | Loss: 
Placing Sensors
Policy -0.0040 | Value 0.0025 | KL 0.00991 | CF 0.1155 | Std 0.1095 | |a| 0.0379 | EV +0.945 | Rsd 0.246 | Res 0.068 | AE nan | Alpha 0.0100 | MB 24/24
  cert | viol 0.000 | dV -0.237788 | V 0.2508 | inball 0.655 | a*_q05 0.01216 | a*_q50 0.03858 | dV>=0 0.000 | n=150 | a_used 0.00554 -> 0.00567
  crit | n=1 | viol 0.703 | V 0.4368 | Vmin 0.1397 | agree +0.556 | a*_q05 -0.00569 | a*_q50 0.00322 | dV>=0 0.272 | beta 0.0906
  bell | direct viol 0.483 | direct dV>=0 0.433 | d_mean +0.00157 | d_std 0.02337 | d_q95 0.04933
[Episode 402/400] Steps: 720 | Reward:   -3.16 | Battery:  81.67% | Loss: 0.0577
Placing Sensors
[Episode 403/400] Steps: 720 | Reward:   -2.91 | Battery:  85.48% | Loss: 
Placing Sensors
Policy -0.0065 | Value 0.0032 | KL 0.00646 | CF 0.0645 | Std 0.1095 | |a| 0.0395 | EV +0.930 | Rsd 0.261 | Res 0.070 | AE nan | Alpha 0.0100 | MB 24/24
  cert | viol 0.066 | dV -0.225833 | V 0.2673 | inball 0.626 | a*_q05 0.00508 | a*_q50 0.03450 | dV>=0 0.000 | n=150 | a_used 0.00567 -> 0.00573
  crit | n=1 | viol 0.456 | V 0.4179 | Vmin 0.1306 | agree +0.620 | a*_q05 -0.00325 | a*_q50 0.00630 | dV>=0 0.139 | beta 0.0892
  bell | direct viol 0.494 | direct dV>=0 0.432 | d_mean -0.00014 | d_std 0.02324 | d_q95 0.05109
[Episode 404/400] Steps: 720 | Reward:   -3.60 | Battery:  87.46% | Loss: 0.0318
Placing Sensors
[Episode 405/400] Steps: 720 | Reward:   -3.61 | Battery:  77.01% | Loss: 
Placing Sensors
Policy -0.0057 | Value 0.0029 | KL 0.01269 | CF 0.1675 | Std 0.1095 | |a| 0.0377 | EV +0.884 | Rsd 0.207 | Res 0.074 | AE nan | Alpha 0.0100 | MB 24/24
  cert | viol 0.016 | dV -0.201757 | V 0.2257 | inball 0.599 | a*_q05 0.00828 | a*_q50 0.03378 | dV>=0 0.000 | n=150 | a_used 0.00573 -> 0.00585
  crit | n=1 | viol 0.454 | V 0.4275 | Vmin 0.1559 | agree +0.435 | a*_q05 -0.00491 | a*_q50 0.00624 | dV>=0 0.170 | beta 0.0898
  bell | direct viol 0.524 | direct dV>=0 0.454 | d_mean -0.00019 | d_std 0.02039 | d_q95 0.04358
[Episode 406/400] Steps: 720 | Reward:   -3.39 | Battery:  85.27% | Loss: 0.0300
Placing Sensors
[Episode 407/400] Steps: 720 | Reward:   -3.18 | Battery:  83.80% | Loss: 
Placing Sensors
Policy -0.0036 | Value 0.0044 | KL 0.01666 | CF 0.1757 | Std 0.1095 | |a| 0.0472 | EV +0.855 | Rsd 0.245 | Res 0.093 | AE nan | Alpha 0.0100 | MB 24/24
  cert | viol 0.133 | dV -0.223074 | V 0.2830 | inball 0.530 | a*_q05 0.00335 | a*_q50 0.02894 | dV>=0 0.000 | n=150 | a_used 0.00585 -> 0.00561
  crit | n=1 | viol 0.538 | V 0.5341 | Vmin 0.2103 | agree +0.460 | a*_q05 -0.00497 | a*_q50 0.00519 | dV>=0 0.244 | beta 0.0905
  bell | direct viol 0.525 | direct dV>=0 0.460 | d_mean -0.00106 | d_std 0.02453 | d_q95 0.04975
[Episode 408/400] Steps: 720 | Reward:   -4.85 | Battery:  66.27% | Loss: -0.0125
Placing Sensors
[Episode 409/400] Steps: 720 | Reward:   -3.22 | Battery:  70.41% | Loss: 
Placing Sensors
Policy -0.0055 | Value 0.0022 | KL 0.00631 | CF 0.0694 | Std 0.1095 | |a| 0.0400 | EV +0.939 | Rsd 0.235 | Res 0.062 | AE nan | Alpha 0.0100 | MB 24/24
  cert | viol 0.010 | dV -0.244230 | V 0.2669 | inball 0.617 | a*_q05 0.00924 | a*_q50 0.03717 | dV>=0 0.000 | n=150 | a_used 0.00561 -> 0.00577
  crit | n=1 | viol 0.638 | V 0.4764 | Vmin 0.1849 | agree +0.474 | a*_q05 -0.00515 | a*_q50 0.00380 | dV>=0 0.293 | beta 0.0903
  bell | direct viol 0.503 | direct dV>=0 0.450 | d_mean +0.00070 | d_std 0.02405 | d_q95 0.04778
[Episode 410/400] Steps: 720 | Reward:   -3.17 | Battery:  84.81% | Loss: 0.0104
Placing Sensors
[Episode 411/400] Steps: 720 | Reward:   -2.52 | Battery:  81.91% | Loss: 
Placing Sensors
Policy -0.0074 | Value 0.0028 | KL 0.01250 | CF 0.1266 | Std 0.1095 | |a| 0.0465 | EV +0.918 | Rsd 0.265 | Res 0.077 | AE nan | Alpha 0.0100 | MB 24/24
  cert | viol 0.056 | dV -0.254847 | V 0.2929 | inball 0.592 | a*_q05 0.00623 | a*_q50 0.03597 | dV>=0 0.000 | n=150 | a_used 0.00577 -> 0.00589
  crit | n=1 | viol 0.563 | V 0.4517 | Vmin 0.1551 | agree +0.623 | a*_q05 -0.00600 | a*_q50 0.00501 | dV>=0 0.258 | beta 0.0902
  bell | direct viol 0.517 | direct dV>=0 0.470 | d_mean +0.00025 | d_std 0.03183 | d_q95 0.06306
[Episode 412/400] Steps: 720 | Reward:   -4.06 | Battery:  76.54% | Loss: 0.0166
Placing Sensors
[Episode 413/400] Steps: 720 | Reward:   -3.61 | Battery:  80.49% | Loss: 
Placing Sensors
Policy 0.0032 | Value 0.0033 | KL 0.02813 | CF 0.2015 | Std 0.1095 | |a| 0.0453 | EV +0.926 | Rsd 0.273 | Res 0.074 | AE nan | Alpha 0.0100 | MB 18/24
  cert | viol 0.036 | dV -0.239925 | V 0.2821 | inball 0.551 | a*_q05 0.00683 | a*_q50 0.02893 | dV>=0 0.000 | n=150 | a_used 0.00589 -> 0.00595
  crit | n=1 | viol 0.628 | V 0.4920 | Vmin 0.1745 | agree +0.739 | a*_q05 -0.00298 | a*_q50 0.00498 | dV>=0 0.168 | beta 0.0905
  bell | direct viol 0.511 | direct dV>=0 0.448 | d_mean -0.00009 | d_std 0.02862 | d_q95 0.05646
[Episode 414/400] Steps: 720 | Reward:   -4.17 | Battery:  80.70% | Loss: 0.0593
Placing Sensors
[Episode 415/400] Steps: 720 | Reward:   -3.83 | Battery:  81.07% | Loss: 
Placing Sensors
Policy -0.0015 | Value 0.0026 | KL 0.00906 | CF 0.0905 | Std 0.1095 | |a| 0.0470 | EV +0.939 | Rsd 0.248 | Res 0.064 | AE nan | Alpha 0.0100 | MB 24/24
  cert | viol 0.000 | dV -0.251052 | V 0.2648 | inball 0.622 | a*_q05 0.01146 | a*_q50 0.03955 | dV>=0 0.000 | n=150 | a_used 0.00595 -> 0.00609
  crit | n=1 | viol 0.684 | V 0.4921 | Vmin 0.2178 | agree +0.472 | a*_q05 -0.00699 | a*_q50 0.00290 | dV>=0 0.373 | beta 0.0909
  bell | direct viol 0.511 | direct dV>=0 0.439 | d_mean +0.00137 | d_std 0.02363 | d_q95 0.04804
[Episode 416/400] Steps: 720 | Reward:   -3.07 | Battery:  76.85% | Loss: 0.0136
Placing Sensors
[Episode 417/400] Steps: 720 | Reward:   -3.26 | Battery:  81.78% | Loss: 
Placing Sensors
Policy -0.0089 | Value 0.0037 | KL 0.00772 | CF 0.0874 | Std 0.1095 | |a| 0.0530 | EV +0.902 | Rsd 0.246 | Res 0.089 | AE nan | Alpha 0.0100 | MB 24/24
  cert | viol 0.224 | dV -0.200021 | V 0.2523 | inball 0.381 | a*_q05 -0.00701 | a*_q50 0.02067 | dV>=0 0.109 | n=150 | a_used 0.00609 -> 0.00579
  crit | n=1 | viol 0.619 | V 0.5137 | Vmin 0.2122 | agree +0.640 | a*_q05 -0.00479 | a*_q50 0.00459 | dV>=0 0.253 | beta 0.0921
  bell | direct viol 0.556 | direct dV>=0 0.475 | d_mean -0.00144 | d_std 0.02578 | d_q95 0.05453
[Episode 418/400] Steps: 720 | Reward:   -5.89 | Battery:  68.82% | Loss: -0.0790
Placing Sensors
[Episode 419/400] Steps: 720 | Reward:   -3.32 | Battery:  84.17% | Loss: 
Placing Sensors
Policy -0.0091 | Value 0.0019 | KL 0.01252 | CF 0.1484 | Std 0.1095 | |a| 0.0402 | EV +0.956 | Rsd 0.238 | Res 0.059 | AE nan | Alpha 0.0100 | MB 24/24
  cert | viol 0.028 | dV -0.206393 | V 0.2240 | inball 0.666 | a*_q05 0.00955 | a*_q50 0.03669 | dV>=0 0.000 | n=150 | a_used 0.00579 -> 0.00595
  crit | n=1 | viol 0.763 | V 0.4307 | Vmin 0.1892 | agree +0.559 | a*_q05 -0.00621 | a*_q50 0.00317 | dV>=0 0.324 | beta 0.0921
  bell | direct viol 0.517 | direct dV>=0 0.453 | d_mean +0.00007 | d_std 0.02087 | d_q95 0.04297
[Episode 420/400] Steps: 720 | Reward:   -1.87 | Battery:  83.55% | Loss: -0.0840
Placing Sensors
[Episode 421/400] Steps: 720 | Reward:   -2.00 | Battery:  88.70% | Loss: 
Placing Sensors
Policy -0.0047 | Value 0.0029 | KL 0.00922 | CF 0.1117 | Std 0.1095 | |a| 0.0430 | EV +0.854 | Rsd 0.200 | Res 0.077 | AE nan | Alpha 0.0100 | MB 24/24
  cert | viol 0.042 | dV -0.223341 | V 0.2523 | inball 0.641 | a*_q05 0.00730 | a*_q50 0.03485 | dV>=0 0.000 | n=150 | a_used 0.00595 -> 0.00606
  crit | n=1 | viol 0.446 | V 0.3837 | Vmin 0.1744 | agree +0.443 | a*_q05 -0.00576 | a*_q50 0.00683 | dV>=0 0.197 | beta 0.0921
  bell | direct viol 0.523 | direct dV>=0 0.450 | d_mean -0.00163 | d_std 0.02434 | d_q95 0.05215
[Episode 422/400] Steps: 720 | Reward:   -3.83 | Battery:  81.11% | Loss: 0.0165
Placing Sensors
[Episode 423/400] Steps: 720 | Reward:   -2.79 | Battery:  83.95% | Loss: 
Placing Sensors
Policy -0.0042 | Value 0.0035 | KL 0.00970 | CF 0.1224 | Std 0.1095 | |a| 0.0421 | EV +0.911 | Rsd 0.270 | Res 0.080 | AE nan | Alpha 0.0100 | MB 24/24
  cert | viol 0.027 | dV -0.244377 | V 0.2732 | inball 0.582 | a*_q05 0.00813 | a*_q50 0.03458 | dV>=0 0.000 | n=150 | a_used 0.00606 -> 0.00610
  crit | n=1 | viol 0.682 | V 0.4683 | Vmin 0.1738 | agree +0.600 | a*_q05 -0.00509 | a*_q50 0.00198 | dV>=0 0.327 | beta 0.0920
  bell | direct viol 0.528 | direct dV>=0 0.462 | d_mean -0.00050 | d_std 0.03035 | d_q95 0.06212
[Episode 424/400] Steps: 720 | Reward:   -4.27 | Battery:  73.29% | Loss: 0.0218
Placing Sensors
[Episode 425/400] Steps: 720 | Reward:   -4.37 | Battery:  76.33% | Loss: 
Placing Sensors
Policy -0.0026 | Value 0.0030 | KL 0.00873 | CF 0.1101 | Std 0.1094 | |a| 0.0583 | EV +0.955 | Rsd 0.289 | Res 0.062 | AE nan | Alpha 0.0100 | MB 24/24
  cert | viol 0.058 | dV -0.243895 | V 0.2867 | inball 0.561 | a*_q05 0.00615 | a*_q50 0.03068 | dV>=0 0.000 | n=150 | a_used 0.00610 -> 0.00615
  crit | n=1 | viol 0.631 | V 0.5605 | Vmin 0.1839 | agree +0.550 | a*_q05 -0.00378 | a*_q50 0.00509 | dV>=0 0.158 | beta 0.0927
  bell | direct viol 0.540 | direct dV>=0 0.475 | d_mean -0.00054 | d_std 0.02771 | d_q95 0.05550
[Episode 426/400] Steps: 720 | Reward:   -3.79 | Battery:  81.11% | Loss: 0.0669
Placing Sensors
[Episode 427/400] Steps: 720 | Reward:   -2.97 | Battery:  78.65% | Loss: 
Placing Sensors
Policy -0.0073 | Value 0.0020 | KL 0.00854 | CF 0.1104 | Std 0.1094 | |a| 0.0497 | EV +0.945 | Rsd 0.245 | Res 0.064 | AE nan | Alpha 0.0100 | MB 24/24
  cert | viol 0.000 | dV -0.265417 | V 0.2824 | inball 0.623 | a*_q05 0.01071 | a*_q50 0.03967 | dV>=0 0.000 | n=150 | a_used 0.00615 -> 0.00630
  crit | n=1 | viol 0.641 | V 0.4727 | Vmin 0.1759 | agree +0.576 | a*_q05 -0.00706 | a*_q50 0.00394 | dV>=0 0.291 | beta 0.0928
  bell | direct viol 0.512 | direct dV>=0 0.439 | d_mean +0.00087 | d_std 0.02542 | d_q95 0.05365
[Episode 428/400] Steps: 720 | Reward:   -3.21 | Battery:  78.47% | Loss: -0.1015
Placing Sensors
[Episode 429/400] Steps: 720 | Reward:   -4.90 | Battery:  63.31% | Loss: 
Placing Sensors
Policy -0.0211 | Value 0.0033 | KL 0.01043 | CF 0.1239 | Std 0.1094 | |a| 0.0465 | EV +0.932 | Rsd 0.278 | Res 0.073 | AE nan | Alpha 0.0100 | MB 24/24
  cert | viol 0.052 | dV -0.250883 | V 0.2864 | inball 0.500 | a*_q05 0.00678 | a*_q50 0.03231 | dV>=0 0.000 | n=150 | a_used 0.00630 -> 0.00633
  crit | n=1 | viol 0.606 | V 0.5552 | Vmin 0.2032 | agree +0.479 | a*_q05 -0.00545 | a*_q50 0.00456 | dV>=0 0.318 | beta 0.0932
  bell | direct viol 0.534 | direct dV>=0 0.478 | d_mean +0.00011 | d_std 0.03038 | d_q95 0.06098
[Episode 430/400] Steps: 720 | Reward:   -3.40 | Battery:  79.61% | Loss: -0.0867
Placing Sensors
[Episode 431/400] Steps: 720 | Reward:   -3.89 | Battery:  77.98% | Loss: 
Placing Sensors
Policy -0.0084 | Value 0.0031 | KL 0.00526 | CF 0.0517 | Std 0.1094 | |a| 0.0448 | EV +0.947 | Rsd 0.286 | Res 0.072 | AE nan | Alpha 0.0100 | MB 24/24
  cert | viol 0.076 | dV -0.283509 | V 0.3307 | inball 0.577 | a*_q05 0.00559 | a*_q50 0.03347 | dV>=0 0.000 | n=150 | a_used 0.00633 -> 0.00635
  crit | n=1 | viol 0.358 | V 0.4692 | Vmin 0.1363 | agree +0.569 | a*_q05 -0.00380 | a*_q50 0.00829 | dV>=0 0.144 | beta 0.0924
  bell | direct viol 0.516 | direct dV>=0 0.477 | d_mean -0.00178 | d_std 0.03440 | d_q95 0.07181
[Episode 432/400] Steps: 720 | Reward:   -4.27 | Battery:  79.39% | Loss: 0.1904
Placing Sensors
[Episode 433/400] Steps: 720 | Reward:   -2.17 | Battery:  84.18% | Loss: 
Placing Sensors
Policy -0.0082 | Value 0.0027 | KL 0.00680 | CF 0.0764 | Std 0.1094 | |a| 0.0399 | EV +0.940 | Rsd 0.279 | Res 0.069 | AE nan | Alpha 0.0100 | MB 24/24
  cert | viol 0.065 | dV -0.243556 | V 0.2808 | inball 0.644 | a*_q05 0.00601 | a*_q50 0.03544 | dV>=0 0.000 | n=150 | a_used 0.00635 -> 0.00629
  crit | n=1 | viol 0.603 | V 0.4049 | Vmin 0.1444 | agree +0.703 | a*_q05 -0.00437 | a*_q50 0.00463 | dV>=0 0.173 | beta 0.0914
  bell | direct viol 0.493 | direct dV>=0 0.436 | d_mean +0.00021 | d_std 0.02480 | d_q95 0.05035
[Episode 434/400] Steps: 720 | Reward:   -3.96 | Battery:  89.18% | Loss: 0.0287
Placing Sensors
[Episode 435/400] Steps: 720 | Reward:   -5.46 | Battery:  78.71% | Loss: 
Placing Sensors
Policy -0.0039 | Value 0.0046 | KL 0.00717 | CF 0.0740 | Std 0.1094 | |a| 0.0442 | EV +0.837 | Rsd 0.258 | Res 0.114 | AE nan | Alpha 0.0100 | MB 24/24
  cert | viol 0.185 | dV -0.236529 | V 0.3273 | inball 0.551 | a*_q05 0.00019 | a*_q50 0.02903 | dV>=0 0.051 | n=150 | a_used 0.00629 -> 0.00586
  crit | n=1 | viol 0.453 | V 0.4417 | Vmin 0.1540 | agree +0.729 | a*_q05 -0.00422 | a*_q50 0.00729 | dV>=0 0.173 | beta 0.0908
  bell | direct viol 0.532 | direct dV>=0 0.458 | d_mean -0.00259 | d_std 0.02481 | d_q95 0.05121
[Episode 436/400] Steps: 720 | Reward:   -2.85 | Battery:  87.96% | Loss: -0.0870
Placing Sensors
[Episode 437/400] Steps: 720 | Reward:   -2.75 | Battery:  81.16% | Loss: 
Placing Sensors
Policy -0.0053 | Value 0.0033 | KL 0.00687 | CF 0.0836 | Std 0.1094 | |a| 0.0439 | EV +0.914 | Rsd 0.270 | Res 0.079 | AE nan | Alpha 0.0100 | MB 24/24
  cert | viol 0.105 | dV -0.237408 | V 0.2845 | inball 0.606 | a*_q05 0.00448 | a*_q50 0.03413 | dV>=0 0.000 | n=150 | a_used 0.00586 -> 0.00569
  crit | n=1 | viol 0.401 | V 0.4386 | Vmin 0.1421 | agree +0.576 | a*_q05 -0.00536 | a*_q50 0.00784 | dV>=0 0.203 | beta 0.0899
  bell | direct viol 0.499 | direct dV>=0 0.451 | d_mean -0.00039 | d_std 0.03362 | d_q95 0.06670
[Episode 438/400] Steps: 720 | Reward:   -4.15 | Battery:  86.47% | Loss: -0.0044
Placing Sensors
[Episode 439/400] Steps: 720 | Reward:   -3.34 | Battery:  83.10% | Loss: 
Placing Sensors
Policy -0.0050 | Value 0.0028 | KL 0.00812 | CF 0.0826 | Std 0.1094 | |a| 0.0445 | EV +0.938 | Rsd 0.281 | Res 0.077 | AE nan | Alpha 0.0100 | MB 24/24
  cert | viol 0.000 | dV -0.281092 | V 0.2896 | inball 0.654 | a*_q05 0.01604 | a*_q50 0.04174 | dV>=0 0.000 | n=150 | a_used 0.00569 -> 0.00585
  crit | n=1 | viol 0.633 | V 0.4563 | Vmin 0.1572 | agree +0.478 | a*_q05 -0.00692 | a*_q50 0.00136 | dV>=0 0.429 | beta 0.0895
  bell | direct viol 0.489 | direct dV>=0 0.425 | d_mean +0.00104 | d_std 0.02208 | d_q95 0.04453
[Episode 440/400] Steps: 720 | Reward:   -2.50 | Battery:  75.47% | Loss: 0.1165
Placing Sensors
[Episode 441/400] Steps: 720 | Reward:   -3.38 | Battery:  79.80% | Loss: 
Placing Sensors
Policy -0.0048 | Value 0.0026 | KL 0.01131 | CF 0.1341 | Std 0.1093 | |a| 0.0469 | EV +0.944 | Rsd 0.254 | Res 0.060 | AE nan | Alpha 0.0100 | MB 24/24
  cert | viol 0.002 | dV -0.239968 | V 0.2609 | inball 0.628 | a*_q05 0.00966 | a*_q50 0.03638 | dV>=0 0.000 | n=150 | a_used 0.00585 -> 0.00599
  crit | n=1 | viol 0.579 | V 0.4284 | Vmin 0.1453 | agree +0.586 | a*_q05 -0.00387 | a*_q50 0.00479 | dV>=0 0.170 | beta 0.0891
  bell | direct viol 0.506 | direct dV>=0 0.449 | d_mean +0.00016 | d_std 0.02102 | d_q95 0.04429
[Episode 442/400] Steps: 720 | Reward:   -3.12 | Battery:  82.24% | Loss: 0.0828
Placing Sensors
[Episode 443/400] Steps: 720 | Reward:   -3.44 | Battery:  76.26% | Loss: 
Placing Sensors
Policy -0.0133 | Value 0.0031 | KL 0.00728 | CF 0.0944 | Std 0.1093 | |a| 0.0446 | EV +0.902 | Rsd 0.248 | Res 0.083 | AE nan | Alpha 0.0100 | MB 24/24
  cert | viol 0.000 | dV -0.243962 | V 0.2558 | inball 0.624 | a*_q05 0.01365 | a*_q50 0.04003 | dV>=0 0.000 | n=150 | a_used 0.00599 -> 0.00615
  crit | n=1 | viol 0.600 | V 0.4338 | Vmin 0.1629 | agree +0.536 | a*_q05 -0.00587 | a*_q50 0.00424 | dV>=0 0.301 | beta 0.0885
  bell | direct viol 0.512 | direct dV>=0 0.452 | d_mean +0.00132 | d_std 0.02671 | d_q95 0.05176
[Episode 444/400] Steps: 720 | Reward:   -2.55 | Battery:  83.98% | Loss: -0.0598
Placing Sensors
[Episode 445/400] Steps:  78 | Reward:  -17.55 | Battery:   0.00% | Loss: 
Placing Sensors
[Episode 446/400] Steps: 720 | Reward:   -3.44 | Battery:  71.65% | Loss: 
Placing Sensors
Policy -0.0062 | Value 0.0189 | KL 0.00915 | CF 0.1221 | Std 0.1093 | |a| 0.0591 | EV +0.751 | Rsd 0.387 | Res 0.197 | AE nan | Alpha 0.0100 | MB 24/24
  cert | viol 0.052 | dV -0.194876 | V 0.2327 | inball 0.539 | a*_q05 0.00646 | a*_q50 0.02959 | dV>=0 0.000 | n=150 | a_used 0.00615 -> 0.00612
  crit | n=1 | viol 0.585 | V 0.4839 | Vmin 0.1256 | agree +0.704 | a*_q05 -0.00393 | a*_q50 0.00476 | dV>=0 0.174 | beta 0.0885
  bell | direct viol 0.523 | direct dV>=0 0.452 | d_mean -0.00015 | d_std 0.02821 | d_q95 0.05827
[Episode 447/400] Steps: 720 | Reward:   -3.07 | Battery:  86.74% | Loss: 0.0029
Placing Sensors

[CONVERGED] episode 448: deaths 1% over the last 100, survivor reward flat for 25 consecutive episodes. Wrote probe_converged.pt.
[Episode 448/400] Steps: 720 | Reward:   -3.64 | Battery:  79.64% | Loss: 
Placing Sensors
Policy -0.0094 | Value 0.0039 | KL 0.01271 | CF 0.1325 | Std 0.1093 | |a| 0.0524 | EV +0.897 | Rsd 0.306 | Res 0.099 | AE nan | Alpha 0.0100 | MB 24/24
  cert | viol 0.007 | dV -0.307101 | V 0.3276 | inball 0.617 | a*_q05 0.01088 | a*_q50 0.03973 | dV>=0 0.000 | n=150 | a_used 0.00612 -> 0.00627
  crit | n=1 | viol 0.529 | V 0.4390 | Vmin 0.1296 | agree +0.646 | a*_q05 -0.00593 | a*_q50 0.00562 | dV>=0 0.266 | beta 0.0877
  bell | direct viol 0.510 | direct dV>=0 0.455 | d_mean +0.00043 | d_std 0.03822 | d_q95 0.08144
[Episode 449/400] Steps: 720 | Reward:   -3.11 | Battery:  76.79% | Loss: -0.0096
Placing Sensors
[Episode 450/400] Steps: 720 | Reward:   -2.00 | Battery:  82.23% | Loss: 
Placing Sensors
Policy -0.0095 | Value 0.0024 | KL 0.01344 | CF 0.1604 | Std 0.1093 | |a| 0.0502 | EV +0.916 | Rsd 0.200 | Res 0.062 | AE nan | Alpha 0.0100 | MB 24/24
  cert | viol 0.000 | dV -0.207554 | V 0.2178 | inball 0.685 | a*_q05 0.01272 | a*_q50 0.04123 | dV>=0 0.000 | n=150 | a_used 0.00627 -> 0.00642
  crit | n=1 | viol 0.747 | V 0.3471 | Vmin 0.1170 | agree +0.583 | a*_q05 -0.00608 | a*_q50 0.00305 | dV>=0 0.321 | beta 0.0862
  bell | direct viol 0.496 | direct dV>=0 0.447 | d_mean +0.00010 | d_std 0.02786 | d_q95 0.05566
[Episode 451/400] Steps: 720 | Reward:   -2.55 | Battery:  86.32% | Loss: -0.0456
Placing Sensors
[Episode 452/400] Steps: 720 | Reward:   -3.34 | Battery:  81.72% | Loss: 
Placing Sensors
Policy -0.0120 | Value 0.0021 | KL 0.01076 | CF 0.1003 | Std 0.1092 | |a| 0.0519 | EV +0.943 | Rsd 0.260 | Res 0.063 | AE nan | Alpha 0.0100 | MB 24/24
  cert | viol 0.000 | dV -0.215762 | V 0.2299 | inball 0.635 | a*_q05 0.01142 | a*_q50 0.03496 | dV>=0 0.000 | n=150 | a_used 0.00642 -> 0.00656
  crit | n=1 | viol 0.845 | V 0.3843 | Vmin 0.1096 | agree +0.686 | a*_q05 -0.00459 | a*_q50 0.00315 | dV>=0 0.233 | beta 0.0843
  bell | direct viol 0.509 | direct dV>=0 0.452 | d_mean +0.00072 | d_std 0.03028 | d_q95 0.06406
[Episode 453/400] Steps: 720 | Reward:   -2.25 | Battery:  77.95% | Loss: 0.0628
Placing Sensors
[Episode 454/400] Steps: 720 | Reward:   -2.88 | Battery:  77.31% | Loss: 
Placing Sensors
Policy -0.0051 | Value 0.0022 | KL 0.00853 | CF 0.0950 | Std 0.1092 | |a| 0.0518 | EV +0.942 | Rsd 0.252 | Res 0.064 | AE nan | Alpha 0.0100 | MB 24/24
  cert | viol 0.000 | dV -0.264379 | V 0.2748 | inball 0.624 | a*_q05 0.01390 | a*_q50 0.04150 | dV>=0 0.000 | n=150 | a_used 0.00656 -> 0.00670
  crit | n=1 | viol 0.365 | V 0.3635 | Vmin 0.1128 | agree +0.450 | a*_q05 -0.00547 | a*_q50 0.01018 | dV>=0 0.231 | beta 0.0826
  bell | direct viol 0.489 | direct dV>=0 0.427 | d_mean -0.00042 | d_std 0.02018 | d_q95 0.04085
[Episode 455/400] Steps: 720 | Reward:   -3.29 | Battery:  78.52% | Loss: 0.0931
Placing Sensors
[Episode 456/400] Steps: 720 | Reward:   -3.42 | Battery:  77.78% | Loss: 
Placing Sensors
Policy -0.0052 | Value 0.0026 | KL 0.01207 | CF 0.1368 | Std 0.1093 | |a| 0.0586 | EV +0.939 | Rsd 0.266 | Res 0.066 | AE nan | Alpha 0.0100 | MB 24/24
  cert | viol 0.058 | dV -0.270978 | V 0.3043 | inball 0.607 | a*_q05 0.00677 | a*_q50 0.03747 | dV>=0 0.000 | n=150 | a_used 0.00670 -> 0.00654
  crit | n=1 | viol 0.482 | V 0.4105 | Vmin 0.1009 | agree +0.522 | a*_q05 -0.00721 | a*_q50 0.00706 | dV>=0 0.269 | beta 0.0809
  bell | direct viol 0.505 | direct dV>=0 0.437 | d_mean -0.00057 | d_std 0.03007 | d_q95 0.05956
[Episode 457/400] Steps: 720 | Reward:   -3.05 | Battery:  82.11% | Loss: 0.0563
Placing Sensors
[Episode 458/400] Steps: 720 | Reward:   -2.52 | Battery:  83.18% | Loss: 
Placing Sensors
Policy -0.0075 | Value 0.0021 | KL 0.00688 | CF 0.0695 | Std 0.1093 | |a| 0.0449 | EV +0.942 | Rsd 0.225 | Res 0.055 | AE nan | Alpha 0.0100 | MB 24/24
  cert | viol 0.000 | dV -0.241461 | V 0.2577 | inball 0.673 | a*_q05 0.01074 | a*_q50 0.03946 | dV>=0 0.000 | n=150 | a_used 0.00654 -> 0.00668
  crit | n=1 | viol 0.497 | V 0.3546 | Vmin 0.1116 | agree +0.594 | a*_q05 -0.00489 | a*_q50 0.00660 | dV>=0 0.177 | beta 0.0797
  bell | direct viol 0.496 | direct dV>=0 0.437 | d_mean +0.00060 | d_std 0.02726 | d_q95 0.04937
[Episode 459/400] Steps: 720 | Reward:   -2.82 | Battery:  85.75% | Loss: -0.0219
Placing Sensors
[Episode 460/400] Steps: 720 | Reward:   -3.62 | Battery:  82.51% | Loss: 
Placing Sensors
Policy -0.0082 | Value 0.0050 | KL 0.01995 | CF 0.1135 | Std 0.1093 | |a| 0.0592 | EV +0.945 | Rsd 0.300 | Res 0.092 | AE nan | Alpha 0.0100 | MB 18/24
  cert | viol 0.109 | dV -0.250241 | V 0.2957 | inball 0.515 | a*_q05 0.00494 | a*_q50 0.03302 | dV>=0 0.000 | n=150 | a_used 0.00668 -> 0.00659
  crit | n=1 | viol 0.516 | V 0.4975 | Vmin 0.1429 | agree +0.414 | a*_q05 -0.00366 | a*_q50 0.00620 | dV>=0 0.263 | beta 0.0804
  bell | direct viol 0.545 | direct dV>=0 0.487 | d_mean -0.00131 | d_std 0.02733 | d_q95 0.05382
[Episode 461/400] Steps: 720 | Reward:   -5.26 | Battery:  50.73% | Loss: 0.0736
Placing Sensors
[Episode 462/400] Steps: 720 | Reward:   -4.28 | Battery:  71.25% | Loss: 
Placing Sensors
Policy -0.0120 | Value 0.0031 | KL 0.01290 | CF 0.1441 | Std 0.1092 | |a| 0.0491 | EV +0.939 | Rsd 0.266 | Res 0.074 | AE nan | Alpha 0.0100 | MB 24/24
  cert | viol 0.036 | dV -0.274514 | V 0.3073 | inball 0.535 | a*_q05 0.00782 | a*_q50 0.03593 | dV>=0 0.000 | n=150 | a_used 0.00659 -> 0.00663
  crit | n=1 | viol 0.497 | V 0.4900 | Vmin 0.1795 | agree +0.382 | a*_q05 -0.00589 | a*_q50 0.00627 | dV>=0 0.335 | beta 0.0809
  bell | direct viol 0.533 | direct dV>=0 0.474 | d_mean -0.00074 | d_std 0.02742 | d_q95 0.05441
[Episode 463/400] Steps: 720 | Reward:   -3.80 | Battery:  77.13% | Loss: -0.1141
Placing Sensors
[Episode 464/400] Steps: 720 | Reward:   -3.02 | Battery:  74.56% | Loss: 
Placing Sensors
Policy -0.0056 | Value 0.0017 | KL 0.00818 | CF 0.1057 | Std 0.1092 | |a| 0.0481 | EV +0.972 | Rsd 0.259 | Res 0.052 | AE nan | Alpha 0.0100 | MB 24/24
  cert | viol 0.000 | dV -0.188564 | V 0.1987 | inball 0.615 | a*_q05 0.01263 | a*_q50 0.03932 | dV>=0 0.000 | n=150 | a_used 0.00663 -> 0.00676
  crit | n=1 | viol 0.811 | V 0.4716 | Vmin 0.1663 | agree +0.316 | a*_q05 -0.00648 | a*_q50 0.00281 | dV>=0 0.350 | beta 0.0814
  bell | direct viol 0.560 | direct dV>=0 0.481 | d_mean +0.00070 | d_std 0.02086 | d_q95 0.04235
[Episode 465/400] Steps: 720 | Reward:   -2.51 | Battery:  75.30% | Loss: 0.0725
Placing Sensors
[Episode 466/400] Steps: 720 | Reward:   -2.80 | Battery:  79.74% | Loss: 
Placing Sensors
Policy -0.0071 | Value 0.0024 | KL 0.01502 | CF 0.1767 | Std 0.1092 | |a| 0.0531 | EV +0.933 | Rsd 0.250 | Res 0.076 | AE nan | Alpha 0.0100 | MB 24/24
  cert | viol 0.000 | dV -0.235757 | V 0.2441 | inball 0.672 | a*_q05 0.01452 | a*_q50 0.04050 | dV>=0 0.000 | n=150 | a_used 0.00676 -> 0.00690
  crit | n=1 | viol 0.853 | V 0.4287 | Vmin 0.1462 | agree +0.589 | a*_q05 -0.00625 | a*_q50 0.00238 | dV>=0 0.352 | beta 0.0810
  bell | direct viol 0.479 | direct dV>=0 0.418 | d_mean +0.00251 | d_std 0.02766 | d_q95 0.05674
[Episode 467/400] Steps: 720 | Reward:   -2.46 | Battery:  83.83% | Loss: -0.0234
Placing Sensors
[Episode 468/400] Steps: 720 | Reward:   -2.89 | Battery:  80.49% | Loss: 
Placing Sensors
Policy -0.0119 | Value 0.0033 | KL 0.00971 | CF 0.0971 | Std 0.1092 | |a| 0.0723 | EV +0.926 | Rsd 0.300 | Res 0.083 | AE nan | Alpha 0.0100 | MB 24/24
  cert | viol 0.080 | dV -0.295644 | V 0.3361 | inball 0.584 | a*_q05 0.00494 | a*_q50 0.03714 | dV>=0 0.000 | n=150 | a_used 0.00690 -> 0.00668
  crit | n=1 | viol 0.685 | V 0.5115 | Vmin 0.1493 | agree +0.534 | a*_q05 -0.00609 | a*_q50 0.00370 | dV>=0 0.342 | beta 0.0813
  bell | direct viol 0.530 | direct dV>=0 0.462 | d_mean +0.00003 | d_std 0.03279 | d_q95 0.06643
[Episode 469/400] Steps: 720 | Reward:   -4.42 | Battery:  75.09% | Loss: -0.0118
Placing Sensors
[Episode 470/400] Steps: 720 | Reward:   -3.98 | Battery:  51.37% | Loss: 
Placing Sensors
Policy -0.0112 | Value 0.0030 | KL 0.01053 | CF 0.1231 | Std 0.1092 | |a| 0.0545 | EV +0.937 | Rsd 0.279 | Res 0.071 | AE nan | Alpha 0.0100 | MB 24/24
  cert | viol 0.000 | dV -0.249979 | V 0.2643 | inball 0.608 | a*_q05 0.01116 | a*_q50 0.04013 | dV>=0 0.000 | n=150 | a_used 0.00668 -> 0.00682
  crit | n=1 | viol 0.706 | V 0.4636 | Vmin 0.1488 | agree +0.391 | a*_q05 -0.00627 | a*_q50 0.00330 | dV>=0 0.327 | beta 0.0808
  bell | direct viol 0.524 | direct dV>=0 0.434 | d_mean +0.00014 | d_std 0.02555 | d_q95 0.05286
[Episode 471/400] Steps: 720 | Reward:   -2.64 | Battery:  83.31% | Loss: 0.0322
Placing Sensors
[Episode 472/400] Steps: 101 | Reward:  -17.38 | Battery:   0.00% | Loss: 
Placing Sensors
[Episode 473/400] Steps: 720 | Reward:   -2.94 | Battery:  85.73% | Loss: 
Placing Sensors
Policy -0.0095 | Value 0.0196 | KL 0.00802 | CF 0.0914 | Std 0.1092 | |a| 0.0585 | EV +0.782 | Rsd 0.419 | Res 0.201 | AE nan | Alpha 0.0100 | MB 28/28
  cert | viol 0.034 | dV -0.245995 | V 0.2654 | inball 0.594 | a*_q05 0.01215 | a*_q50 0.03808 | dV>=0 0.000 | n=150 | a_used 0.00682 -> 0.00695
  crit | n=1 | viol 0.516 | V 0.5086 | Vmin 0.1551 | agree +0.645 | a*_q05 -0.00231 | a*_q50 0.00630 | dV>=0 0.156 | beta 0.0803
  bell | direct viol 0.506 | direct dV>=0 0.430 | d_mean +0.00022 | d_std 0.04417 | d_q95 0.10119
[Episode 474/400] Steps: 720 | Reward:   -3.67 | Battery:  80.59% | Loss: -0.1781
Placing Sensors
[Episode 475/400] Steps: 720 | Reward:   -2.87 | Battery:  77.63% | Loss: 
Placing Sensors
Policy -0.0087 | Value 0.0064 | KL 0.01971 | CF 0.1585 | Std 0.1092 | |a| 0.0688 | EV +0.841 | Rsd 0.304 | Res 0.125 | AE nan | Alpha 0.0100 | MB 24/24
  cert | viol 0.032 | dV -0.270379 | V 0.2903 | inball 0.637 | a*_q05 0.00928 | a*_q50 0.04015 | dV>=0 0.000 | n=150 | a_used 0.00695 -> 0.00700
  crit | n=1 | viol 0.696 | V 0.4709 | Vmin 0.1545 | agree +0.608 | a*_q05 -0.00749 | a*_q50 0.00326 | dV>=0 0.336 | beta 0.0802
  bell | direct viol 0.528 | direct dV>=0 0.469 | d_mean +0.00140 | d_std 0.06003 | d_q95 0.11919
[Episode 476/400] Steps: 720 | Reward:   -3.81 | Battery:  84.49% | Loss: -0.0838
Placing Sensors
[Episode 477/400] Steps: 720 | Reward:   -3.48 | Battery:  88.37% | Loss: 
Placing Sensors
Policy -0.0111 | Value 0.0034 | KL 0.01363 | CF 0.1243 | Std 0.1092 | |a| 0.0532 | EV +0.916 | Rsd 0.265 | Res 0.080 | AE nan | Alpha 0.0100 | MB 24/24
  cert | viol 0.016 | dV -0.249887 | V 0.2647 | inball 0.674 | a*_q05 0.01340 | a*_q50 0.03772 | dV>=0 0.000 | n=150 | a_used 0.00700 -> 0.00713
  crit | n=1 | viol 0.754 | V 0.3904 | Vmin 0.1344 | agree +0.714 | a*_q05 -0.00488 | a*_q50 0.00444 | dV>=0 0.236 | beta 0.0794
  bell | direct viol 0.478 | direct dV>=0 0.430 | d_mean +0.00118 | d_std 0.03677 | d_q95 0.07406
[Episode 478/400] Steps: 720 | Reward:   -1.77 | Battery:  86.39% | Loss: 0.0527
Placing Sensors
[Episode 479/400] Steps: 720 | Reward:   -3.03 | Battery:  72.04% | Loss: 
Placing Sensors
Policy -0.0077 | Value 0.0023 | KL 0.01194 | CF 0.1103 | Std 0.1091 | |a| 0.0579 | EV +0.964 | Rsd 0.315 | Res 0.060 | AE nan | Alpha 0.0100 | MB 24/24
  cert | viol 0.035 | dV -0.274646 | V 0.2983 | inball 0.567 | a*_q05 0.00891 | a*_q50 0.03796 | dV>=0 0.000 | n=150 | a_used 0.00713 -> 0.00708
  crit | n=1 | viol 0.580 | V 0.4842 | Vmin 0.1611 | agree +0.389 | a*_q05 -0.00495 | a*_q50 0.00517 | dV>=0 0.306 | beta 0.0791
  bell | direct viol 0.536 | direct dV>=0 0.482 | d_mean +0.00018 | d_std 0.03646 | d_q95 0.07409
[Episode 480/400] Steps: 720 | Reward:   -4.17 | Battery:  67.34% | Loss: 0.1486
Placing Sensors
[Episode 481/400] Steps: 720 | Reward:   -3.08 | Battery:  79.34% | Loss: 
Placing Sensors
Policy -0.0092 | Value 0.0032 | KL 0.00869 | CF 0.0860 | Std 0.1091 | |a| 0.0530 | EV +0.936 | Rsd 0.296 | Res 0.077 | AE nan | Alpha 0.0100 | MB 24/24
  cert | viol 0.054 | dV -0.236998 | V 0.2608 | inball 0.584 | a*_q05 0.00731 | a*_q50 0.03715 | dV>=0 0.000 | n=150 | a_used 0.00708 -> 0.00709
  crit | n=1 | viol 0.569 | V 0.4534 | Vmin 0.1325 | agree +0.430 | a*_q05 -0.00464 | a*_q50 0.00600 | dV>=0 0.216 | beta 0.0791
  bell | direct viol 0.526 | direct dV>=0 0.466 | d_mean -0.00006 | d_std 0.03410 | d_q95 0.06474
[Episode 482/400] Steps: 720 | Reward:   -3.80 | Battery:  66.69% | Loss: 0.0813
Placing Sensors
[Episode 483/400] Steps: 720 | Reward:   -2.36 | Battery:  83.65% | Loss: 
Placing Sensors
Policy -0.0061 | Value 0.0027 | KL 0.01717 | CF 0.1567 | Std 0.1091 | |a| 0.0553 | EV +0.950 | Rsd 0.278 | Res 0.062 | AE nan | Alpha 0.0100 | MB 24/24
  cert | viol 0.075 | dV -0.243635 | V 0.2725 | inball 0.610 | a*_q05 0.00609 | a*_q50 0.03845 | dV>=0 0.000 | n=150 | a_used 0.00709 -> 0.00702
  crit | n=1 | viol 0.659 | V 0.4389 | Vmin 0.1419 | agree +0.471 | a*_q05 -0.00471 | a*_q50 0.00389 | dV>=0 0.289 | beta 0.0790
  bell | direct viol 0.521 | direct dV>=0 0.467 | d_mean -0.00050 | d_std 0.03463 | d_q95 0.07238
[Episode 484/400] Steps: 720 | Reward:   -4.12 | Battery:  71.43% | Loss: 0.1203
Placing Sensors
[Episode 485/400] Steps: 720 | Reward:   -1.86 | Battery:  87.93% | Loss: 
Placing Sensors
Policy -0.0070 | Value 0.0022 | KL 0.00749 | CF 0.0949 | Std 0.1091 | |a| 0.0562 | EV +0.935 | Rsd 0.247 | Res 0.066 | AE nan | Alpha 0.0100 | MB 24/24
  cert | viol 0.007 | dV -0.229594 | V 0.2427 | inball 0.667 | a*_q05 0.01161 | a*_q50 0.03714 | dV>=0 0.000 | n=150 | a_used 0.00702 -> 0.00715
  crit | n=1 | viol 0.645 | V 0.3782 | Vmin 0.1167 | agree +0.627 | a*_q05 -0.00637 | a*_q50 0.00517 | dV>=0 0.260 | beta 0.0782
  bell | direct viol 0.516 | direct dV>=0 0.449 | d_mean +0.00143 | d_std 0.02837 | d_q95 0.05679
[Episode 486/400] Steps: 720 | Reward:   -3.48 | Battery:  82.05% | Loss: -0.0043
Placing Sensors
[Episode 487/400] Steps: 720 | Reward:   -4.97 | Battery:  73.97% | Loss: 
Placing Sensors
Policy -0.0125 | Value 0.0045 | KL 0.01314 | CF 0.1136 | Std 0.1091 | |a| 0.0611 | EV +0.904 | Rsd 0.317 | Res 0.099 | AE nan | Alpha 0.0100 | MB 24/24
  cert | viol 0.118 | dV -0.303902 | V 0.3659 | inball 0.580 | a*_q05 0.00375 | a*_q50 0.03561 | dV>=0 0.014 | n=150 | a_used 0.00715 -> 0.00651
  crit | n=1 | viol 0.664 | V 0.5067 | Vmin 0.1722 | agree +0.680 | a*_q05 -0.00667 | a*_q50 0.00509 | dV>=0 0.262 | beta 0.0785
  bell | direct viol 0.546 | direct dV>=0 0.462 | d_mean -0.00106 | d_std 0.03286 | d_q95 0.06504
[Episode 488/400] Steps: 720 | Reward:   -3.40 | Battery:  82.34% | Loss: 0.0589
Placing Sensors
[Episode 489/400] Steps: 720 | Reward:   -2.84 | Battery:  87.81% | Loss: 
Placing Sensors
Policy -0.0067 | Value 0.0025 | KL 0.01061 | CF 0.1330 | Std 0.1091 | |a| 0.0608 | EV +0.956 | Rsd 0.299 | Res 0.064 | AE nan | Alpha 0.0100 | MB 24/24
  cert | viol 0.021 | dV -0.250311 | V 0.2765 | inball 0.586 | a*_q05 0.00850 | a*_q50 0.03632 | dV>=0 0.000 | n=150 | a_used 0.00651 -> 0.00665
  crit | n=1 | viol 0.439 | V 0.4405 | Vmin 0.0904 | agree +0.504 | a*_q05 -0.00508 | a*_q50 0.00736 | dV>=0 0.234 | beta 0.0772
  bell | direct viol 0.529 | direct dV>=0 0.483 | d_mean +0.00023 | d_std 0.03440 | d_q95 0.06900
[Episode 490/400] Steps: 720 | Reward:   -4.12 | Battery:  67.94% | Loss: -0.0173
Placing Sensors
[Episode 491/400] Steps: 720 | Reward:   -4.82 | Battery:  58.19% | Loss: 
Placing Sensors
Policy -0.0020 | Value 0.0037 | KL 0.01137 | CF 0.1319 | Std 0.1091 | |a| 0.0738 | EV +0.945 | Rsd 0.336 | Res 0.081 | AE nan | Alpha 0.0100 | MB 24/24
  cert | viol 0.017 | dV -0.284837 | V 0.3065 | inball 0.521 | a*_q05 0.00955 | a*_q50 0.03651 | dV>=0 0.000 | n=150 | a_used 0.00665 -> 0.00679
  crit | n=1 | viol 0.674 | V 0.5413 | Vmin 0.1677 | agree +0.392 | a*_q05 -0.00536 | a*_q50 0.00357 | dV>=0 0.369 | beta 0.0778
  bell | direct viol 0.572 | direct dV>=0 0.476 | d_mean -0.00043 | d_std 0.02583 | d_q95 0.05151
[Episode 492/400] Steps: 720 | Reward:   -3.62 | Battery:  68.43% | Loss: 0.1160
Placing Sensors
[Episode 493/400] Steps: 720 | Reward:   -3.42 | Battery:  82.66% | Loss: 
Placing Sensors
Policy -0.0060 | Value 0.0042 | KL 0.01317 | CF 0.1442 | Std 0.1091 | |a| 0.0676 | EV +0.943 | Rsd 0.340 | Res 0.083 | AE nan | Alpha 0.0100 | MB 24/24
  cert | viol 0.140 | dV -0.311921 | V 0.3821 | inball 0.532 | a*_q05 0.00371 | a*_q50 0.03390 | dV>=0 0.002 | n=150 | a_used 0.00679 -> 0.00645
  crit | n=1 | viol 0.492 | V 0.5478 | Vmin 0.1520 | agree +0.597 | a*_q05 -0.00601 | a*_q50 0.00700 | dV>=0 0.228 | beta 0.0787
  bell | direct viol 0.521 | direct dV>=0 0.468 | d_mean -0.00132 | d_std 0.03472 | d_q95 0.06563
[Episode 494/400] Steps: 720 | Reward:   -5.51 | Battery:  75.76% | Loss: -0.0067
Placing Sensors
[Episode 495/400] Steps: 720 | Reward:   -2.65 | Battery:  77.27% | Loss: 
Placing Sensors
Policy -0.0136 | Value 0.0028 | KL 0.00953 | CF 0.1179 | Std 0.1091 | |a| 0.0621 | EV +0.923 | Rsd 0.264 | Res 0.074 | AE nan | Alpha 0.0100 | MB 24/24
  cert | viol 0.000 | dV -0.208480 | V 0.2149 | inball 0.667 | a*_q05 0.01586 | a*_q50 0.04021 | dV>=0 0.000 | n=150 | a_used 0.00645 -> 0.00659
  crit | n=1 | viol 0.667 | V 0.3822 | Vmin 0.1255 | agree +0.386 | a*_q05 -0.00518 | a*_q50 0.00328 | dV>=0 0.274 | beta 0.0777
  bell | direct viol 0.474 | direct dV>=0 0.419 | d_mean +0.00099 | d_std 0.02485 | d_q95 0.04861
[Episode 496/400] Steps: 720 | Reward:   -2.42 | Battery:  80.61% | Loss: 0.0416
[budget] 288471 transitions collected over 496 episodes -- step budget met, stopping.
Placing Sensors
  [validation 1/10] steps 720 | battery  35.8% ->  78.8% (min  31.9%) | reward    -1.86 | |a| 0.037 | path     342 m
Placing Sensors
  [validation 2/10] steps 720 | battery  37.6% ->  74.2% (min  36.1%) | reward    -3.35 | |a| 0.118 | path     177 m
Placing Sensors
  [validation 3/10] steps 720 | battery  34.1% ->  77.3% (min  19.9%) | reward    -2.43 | |a| 0.051 | path     388 m
Placing Sensors
  [validation 4/10] steps 720 | battery  36.6% ->  66.3% (min  31.9%) | reward    -2.47 | |a| 0.055 | path     296 m
Placing Sensors
  [validation 5/10] steps 720 | battery  32.0% ->  82.2% (min  31.0%) | reward    -2.20 | |a| 0.043 | path     420 m
Placing Sensors
  [validation 6/10] steps 720 | battery  34.3% ->  71.1% (min  31.7%) | reward    -2.42 | |a| 0.099 | path     254 m
Placing Sensors
  [validation 7/10] steps 720 | battery  35.1% ->  77.5% (min  27.1%) | reward    -2.01 | |a| 0.053 | path     563 m
Placing Sensors
  [validation 8/10] steps 720 | battery  30.9% ->  85.1% (min  25.2%) | reward    -3.12 | |a| 0.074 | path     576 m
Placing Sensors
  [validation 9/10] steps 720 | battery  33.7% ->  88.0% (min  29.6%) | reward    -1.51 | |a| 0.032 | path     254 m
Placing Sensors
  [validation 10/10] steps 720 | battery  30.9% ->  77.8% (min  24.9%) | reward    -2.77 | |a| 0.081 | path     536 m

==============================================================================
VALIDATION COMPLETE -- 10 independent deterministic episodes
==============================================================================
metric                       mean        std        min        max
reward                      -2.41       0.56      -3.35      -1.51
final battery %             77.82       6.39      66.28      87.99
min battery %               28.94       4.68      19.89      36.13
steps                      720.00       0.00     720.00     720.00
solar W                     29.87       2.51      24.33      33.37
|action|                     0.06       0.03       0.03       0.12
path m                     380.53     141.15     176.98     575.94
tortuosity                   4.43       2.45       1.66       8.44
motion mAh                 271.79      99.13     127.12     402.00
idle mAh                 11582.49       0.29   11582.40   11583.30

survived full 720 steps : 10/10
ended below 20% battery         : 0/10
ended above 70% battery         : 9/10

reward 95% CI: -2.41 +- 0.35  (-2.76 to -2.07)

total step rows written: 7200

==============================================
WALL CLOCK BREAKDOWN
==============================================
Total run time        :   17488.17 s
  Rollout (training)  :   16943.06 s  ( 96.9%)
    - policy inference:     220.13 s  (  1.3%)
    - env + reward    :   16722.94 s  ( 95.6%)
  PPO update()        :      57.91 s  (  0.3%)
  Checkpoint saves    :       0.04 s  (  0.0%)
  Final evaluation    :     360.72 s  (  2.1%)
  Other / logging     :     126.43 s  (  0.7%)

==============================================
PER-CALL AVERAGES
==============================================
Policy inference      :   295671 calls |    0.763 ms/step
  final eval only     :     7200 calls |    0.740 ms/step
PPO update()          :      194 calls |  298.527 ms/update
Episode               :      400 eps   |   42.818 s/episode

update() share of wall clock: 0.3%
