Placing Sensors
[cost_linear] critic head: unconstrained linear, spectral_norm = True. V_cost >= 0 is NOT structural in this arm -- watch v_critic_min.
Placing Sensors
[Episode 1/400] Steps: 119 | Reward:  -17.35 | Battery:   0.00% | Loss: 
Placing Sensors
[Episode 2/400] Steps:  70 | Reward:  -17.57 | Battery:   0.00% | Loss: 
Placing Sensors
[Episode 3/400] Steps:  79 | Reward:  -17.72 | Battery:   0.00% | Loss: 
Placing Sensors
[Episode 4/400] Steps: 126 | Reward:  -17.40 | Battery:   0.00% | Loss: 
Placing Sensors
[Episode 5/400] Steps: 720 | Reward:   -4.20 | Battery:  67.29% | Loss: 
Placing Sensors
[Episode 6/400] Steps:  86 | Reward:  -17.57 | Battery:   0.00% | Loss: 
Placing Sensors
[Episode 7/400] Steps:  85 | Reward:  -17.34 | Battery:   0.00% | Loss: 
Placing Sensors
[Episode 8/400] Steps: 101 | Reward:  -17.51 | Battery:   0.00% | Loss: 
Placing Sensors
Policy -0.0074 | Value 0.0675 | KL 0.00278 | CF 0.0239 | Std 0.1054 | |a| 0.0091 | EV -0.123 | Rsd 0.397 | Res 0.464 | AE nan | Alpha 0.8955 | MB 36/36
  cert | viol 0.557 | dV -0.081267 | V 0.3423 | inball 0.157 | a*_q05 -0.01029 | a*_q50 0.00782 | dV>=0 0.303 | n=150 | a_used 0.01000 -> 0.00950
  crit | n=1 | viol 0.984 | V 1.3210 | Vmin 0.8989 | agree +0.653 | a*_q05 -0.00575 | a*_q50 0.00153 | dV>=0 0.364 | beta 0.1000
  bell | direct viol 0.961 | direct dV>=0 0.532 | d_mean -0.00224 | d_std 0.00984 | d_q95 0.02083
[Episode 9/400] Steps: 685 | Reward:  -11.84 | Battery:   0.00% | Loss: 1.3431
Placing Sensors
[Episode 10/400] Steps:  74 | Reward:  -17.58 | Battery:   0.00% | Loss: 
Placing Sensors
[Episode 11/400] Steps: 720 | Reward:   -5.91 | Battery:  52.77% | Loss: 
Placing Sensors
[Episode 12/400] Steps:  87 | Reward:  -17.51 | Battery:   0.00% | Loss: 
Placing Sensors
[Episode 13/400] Steps:  77 | Reward:  -17.43 | Battery:   0.00% | Loss: 
Placing Sensors
[Episode 14/400] Steps:  76 | Reward:  -17.76 | Battery:   0.00% | Loss: 
Placing Sensors
[Episode 15/400] Steps:  97 | Reward:  -17.64 | Battery:   0.00% | Loss: 
Placing Sensors
Policy 0.0009 | Value 0.0215 | KL 0.00259 | CF 0.0234 | Std 0.1056 | |a| 0.0106 | EV +0.539 | Rsd 0.447 | Res 0.305 | AE nan | Alpha 0.8114 | MB 32/32
  cert | viol 0.546 | dV -0.159639 | V 0.2956 | inball 0.106 | a*_q05 -0.00626 | a*_q50 0.00832 | dV>=0 0.073 | n=150 | a_used 0.00950 -> 0.00903
  crit | n=1 | viol 0.998 | V 1.3474 | Vmin 0.7858 | agree +0.658 | a*_q05 -0.00703 | a*_q50 -0.00066 | dV>=0 0.574 | beta 0.1000
  bell | direct viol 0.902 | direct dV>=0 0.490 | d_mean +0.00067 | d_std 0.01105 | d_q95 0.02274
[Episode 16/400] Steps: 720 | Reward:   -8.09 | Battery:  58.76% | Loss: 1.5723
Placing Sensors
[Episode 17/400] Steps:  67 | Reward:  -17.66 | Battery:   0.00% | Loss: 
Placing Sensors
[Episode 18/400] Steps:  66 | Reward:  -17.74 | Battery:   0.00% | Loss: 
Placing Sensors
[Episode 19/400] Steps: 194 | Reward:  -17.03 | Battery:   0.00% | Loss: 
Placing Sensors
[Episode 20/400] Steps: 139 | Reward:  -17.05 | Battery:   0.00% | Loss: 
Placing Sensors
[Episode 21/400] Steps:  83 | Reward:  -17.72 | Battery:   0.00% | Loss: 
Placing Sensors
[Episode 22/400] Steps:  88 | Reward:  -17.47 | Battery:   0.00% | Loss: 
Placing Sensors
[Episode 23/400] Steps: 720 | Reward:   -7.71 | Battery:  61.59% | Loss: 
Placing Sensors
Policy 0.0046 | Value 0.0258 | KL 0.00445 | CF 0.0510 | Std 0.1057 | |a| 0.0133 | EV +0.634 | Rsd 0.493 | Res 0.308 | AE nan | Alpha 0.7263 | MB 36/36
  cert | viol 0.590 | dV -0.155371 | V 0.3145 | inball 0.076 | a*_q05 -0.00360 | a*_q50 0.00726 | dV>=0 0.134 | n=150 | a_used 0.00903 -> 0.00857
  crit | n=1 | viol 0.990 | V 1.3663 | Vmin 0.7602 | agree +0.679 | a*_q05 -0.00659 | a*_q50 0.00031 | dV>=0 0.460 | beta 0.1000
  bell | direct viol 0.886 | direct dV>=0 0.506 | d_mean -0.00108 | d_std 0.01405 | d_q95 0.02724
[Episode 24/400] Steps: 720 | Reward:   -7.02 | Battery:  53.02% | Loss: 1.1909
Placing Sensors
[Episode 25/400] Steps: 142 | Reward:  -17.43 | Battery:   0.00% | Loss: 
Placing Sensors
[Episode 26/400] Steps: 169 | Reward:  -16.99 | Battery:   0.00% | Loss: 
Placing Sensors
[Episode 27/400] Steps: 720 | Reward:   -6.84 | Battery:  61.72% | Loss: 
Placing Sensors
[Episode 28/400] Steps:  66 | Reward:  -17.67 | Battery:   0.00% | Loss: 
Placing Sensors
[Episode 29/400] Steps:  67 | Reward:  -17.68 | Battery:   0.00% | Loss: 
Placing Sensors
[Episode 30/400] Steps: 108 | Reward:  -17.31 | Battery:   0.00% | Loss: 
Placing Sensors
[Episode 31/400] Steps: 124 | Reward:  -17.28 | Battery:   0.00% | Loss: 
Placing Sensors
Policy -0.0008 | Value 0.0326 | KL 0.00317 | CF 0.0282 | Std 0.1059 | |a| 0.0146 | EV +0.709 | Rsd 0.553 | Res 0.319 | AE nan | Alpha 0.6720 | MB 24/24
  cert | viol 0.264 | dV -0.218179 | V 0.3587 | inball 0.134 | a*_q05 0.00050 | a*_q50 0.01295 | dV>=0 0.051 | n=150 | a_used 0.00857 -> 0.00755
  crit | n=1 | viol 0.987 | V 1.5538 | Vmin 0.7124 | agree +0.726 | a*_q05 -0.00539 | a*_q50 0.00040 | dV>=0 0.439 | beta 0.1000
  bell | direct viol 0.881 | direct dV>=0 0.511 | d_mean -0.00156 | d_std 0.01883 | d_q95 0.03215
[Episode 32/400] Steps:  63 | Reward:  -17.51 | Battery:   0.00% | Loss: 1.0970
Placing Sensors
[Episode 33/400] Steps: 720 | Reward:   -6.84 | Battery:  56.84% | Loss: 
Placing Sensors
[Episode 34/400] Steps: 107 | Reward:  -17.50 | Battery:   0.00% | Loss: 
Placing Sensors
Policy 0.0161 | Value 0.0169 | KL 0.00409 | CF 0.0558 | Std 0.1061 | |a| 0.0134 | EV +0.797 | Rsd 0.466 | Res 0.239 | AE nan | Alpha 0.6188 | MB 28/28
  cert | viol 0.455 | dV -0.187980 | V 0.2767 | inball 0.176 | a*_q05 -0.01340 | a*_q50 0.00905 | dV>=0 0.135 | n=150 | a_used 0.00755 -> 0.00718
  crit | n=1 | viol 0.998 | V 1.2493 | Vmin 0.7335 | agree +0.522 | a*_q05 -0.00643 | a*_q50 -0.00138 | dV>=0 0.628 | beta 0.1000
  bell | direct viol 0.815 | direct dV>=0 0.491 | d_mean +0.00323 | d_std 0.01563 | d_q95 0.02858
[Episode 35/400] Steps: 720 | Reward:   -6.04 | Battery:  52.40% | Loss: 1.2746
Placing Sensors
[Episode 36/400] Steps: 720 | Reward:   -7.29 | Battery:  59.27% | Loss: 
Placing Sensors
Policy -0.0061 | Value 0.0085 | KL 0.00894 | CF 0.1218 | Std 0.1063 | |a| 0.0192 | EV +0.847 | Rsd 0.346 | Res 0.149 | AE nan | Alpha 0.5731 | MB 24/24
  cert | viol 0.320 | dV -0.256427 | V 0.3829 | inball 0.243 | a*_q05 -0.01697 | a*_q50 0.01871 | dV>=0 0.159 | n=150 | a_used 0.00718 -> 0.00682
  crit | n=1 | viol 0.920 | V 1.1031 | Vmin 0.6792 | agree +0.412 | a*_q05 -0.00765 | a*_q50 -0.00170 | dV>=0 0.583 | beta 0.1000
  bell | direct viol 0.826 | direct dV>=0 0.460 | d_mean +0.00132 | d_std 0.01125 | d_q95 0.02160
[Episode 37/400] Steps: 720 | Reward:   -6.76 | Battery:  52.34% | Loss: 0.9502
Placing Sensors
[Episode 38/400] Steps: 720 | Reward:   -6.46 | Battery:  47.09% | Loss: 
Placing Sensors
Policy -0.0065 | Value 0.0094 | KL 0.00630 | CF 0.0760 | Std 0.1065 | |a| 0.0189 | EV +0.903 | Rsd 0.376 | Res 0.160 | AE nan | Alpha 0.5307 | MB 24/24
  cert | viol 0.140 | dV -0.253471 | V 0.3394 | inball 0.334 | a*_q05 0.00240 | a*_q50 0.02326 | dV>=0 0.019 | n=150 | a_used 0.00682 -> 0.00664
  crit | n=1 | viol 0.956 | V 1.0434 | Vmin 0.6025 | agree +0.463 | a*_q05 -0.00716 | a*_q50 -0.00014 | dV>=0 0.511 | beta 0.1000
  bell | direct viol 0.811 | direct dV>=0 0.420 | d_mean +0.00217 | d_std 0.00986 | d_q95 0.01987
[Episode 39/400] Steps: 720 | Reward:   -5.85 | Battery:  64.56% | Loss: 0.8649
Placing Sensors
[Episode 40/400] Steps:  80 | Reward:  -17.40 | Battery:   0.00% | Loss: 
Placing Sensors
[Episode 41/400] Steps: 108 | Reward:  -17.08 | Battery:   0.00% | Loss: 
Placing Sensors
[Episode 42/400] Steps: 720 | Reward:   -5.67 | Battery:  64.99% | Loss: 
Placing Sensors
[Episode 43/400] Steps:  81 | Reward:  -17.62 | Battery:   0.00% | Loss: 
Placing Sensors
Policy -0.0043 | Value 0.0113 | KL 0.00495 | CF 0.0633 | Std 0.1067 | |a| 0.0189 | EV +0.856 | Rsd 0.499 | Res 0.190 | AE nan | Alpha 0.4845 | MB 28/28
  cert | viol 0.241 | dV -0.201707 | V 0.3204 | inball 0.283 | a*_q05 0.00061 | a*_q50 0.01629 | dV>=0 0.026 | n=150 | a_used 0.00664 -> 0.00575
  crit | n=1 | viol 0.918 | V 1.0797 | Vmin 0.5496 | agree +0.729 | a*_q05 -0.00648 | a*_q50 0.00070 | dV>=0 0.418 | beta 0.1000
  bell | direct viol 0.801 | direct dV>=0 0.400 | d_mean +0.00088 | d_std 0.01053 | d_q95 0.02115
[Episode 44/400] Steps: 720 | Reward:   -6.84 | Battery:  68.80% | Loss: 0.8227
Placing Sensors
[Episode 45/400] Steps: 720 | Reward:   -5.05 | Battery:  67.65% | Loss: 
Placing Sensors
Policy -0.0042 | Value 0.0075 | KL 0.00531 | CF 0.0627 | Std 0.1070 | |a| 0.0144 | EV +0.871 | Rsd 0.286 | Res 0.120 | AE nan | Alpha 0.4487 | MB 24/24
  cert | viol 0.152 | dV -0.265379 | V 0.3412 | inball 0.452 | a*_q05 0.00165 | a*_q50 0.02768 | dV>=0 0.018 | n=150 | a_used 0.00575 -> 0.00540
  crit | n=1 | viol 0.832 | V 0.8068 | Vmin 0.5025 | agree +0.551 | a*_q05 -0.00753 | a*_q50 0.00040 | dV>=0 0.474 | beta 0.1000
  bell | direct viol 0.746 | direct dV>=0 0.377 | d_mean +0.00097 | d_std 0.01080 | d_q95 0.02006
[Episode 46/400] Steps: 720 | Reward:   -5.16 | Battery:  73.07% | Loss: 0.7078
Placing Sensors
[Episode 47/400] Steps: 720 | Reward:   -5.44 | Battery:  49.76% | Loss: 
Placing Sensors
[Episode 48/400] Steps:  95 | Reward:  -17.60 | Battery:   0.00% | Loss: 
Placing Sensors
[Episode 49/400] Steps: 137 | Reward:  -17.25 | Battery:   0.00% | Loss: 
Placing Sensors
[Episode 50/400] Steps: 106 | Reward:  -17.37 | Battery:   0.00% | Loss: 
Placing Sensors
[Episode 51/400] Steps: 115 | Reward:  -17.15 | Battery:   0.00% | Loss: 
Placing Sensors
Policy -0.0072 | Value 0.0255 | KL 0.00671 | CF 0.0867 | Std 0.1072 | |a| 0.0139 | EV +0.721 | Rsd 0.571 | Res 0.306 | AE nan | Alpha 0.4057 | MB 32/32
  cert | viol 0.157 | dV -0.233865 | V 0.3000 | inball 0.329 | a*_q05 -0.00709 | a*_q50 0.02597 | dV>=0 0.060 | n=150 | a_used 0.00540 -> 0.00513
  crit | n=1 | viol 0.918 | V 1.0522 | Vmin 0.4029 | agree +0.832 | a*_q05 -0.00600 | a*_q50 0.00026 | dV>=0 0.460 | beta 0.1000
  bell | direct viol 0.724 | direct dV>=0 0.460 | d_mean -0.00011 | d_std 0.02061 | d_q95 0.03824
[Episode 52/400] Steps: 720 | Reward:   -4.43 | Battery:  85.07% | Loss: 0.6612
Placing Sensors
[Episode 53/400] Steps:  79 | Reward:  -17.73 | Battery:   0.00% | Loss: 
Placing Sensors
[Episode 54/400] Steps: 720 | Reward:   -6.31 | Battery:  39.10% | Loss: 
Placing Sensors
Policy -0.0052 | Value 0.0122 | KL 0.00388 | CF 0.0468 | Std 0.1075 | |a| 0.0121 | EV +0.878 | Rsd 0.460 | Res 0.166 | AE nan | Alpha 0.3741 | MB 24/24
  cert | viol 0.119 | dV -0.216610 | V 0.3007 | inball 0.336 | a*_q05 0.00151 | a*_q50 0.01999 | dV>=0 0.033 | n=150 | a_used 0.00513 -> 0.00487
  crit | n=1 | viol 0.907 | V 1.0280 | Vmin 0.4929 | agree +0.563 | a*_q05 -0.00708 | a*_q50 0.00027 | dV>=0 0.474 | beta 0.1000
  bell | direct viol 0.693 | direct dV>=0 0.436 | d_mean +0.00145 | d_std 0.01647 | d_q95 0.03069
[Episode 55/400] Steps: 720 | Reward:   -5.70 | Battery:  61.91% | Loss: 0.6727
Placing Sensors
[Episode 56/400] Steps: 115 | Reward:  -17.26 | Battery:   0.00% | Loss: 
Placing Sensors
[Episode 57/400] Steps: 720 | Reward:   -5.64 | Battery:  75.46% | Loss: 
Placing Sensors
[Episode 58/400] Steps:  69 | Reward:  -17.69 | Battery:   0.00% | Loss: 
Placing Sensors
Policy -0.0015 | Value 0.0157 | KL 0.00791 | CF 0.1039 | Std 0.1077 | |a| 0.0195 | EV +0.778 | Rsd 0.481 | Res 0.232 | AE nan | Alpha 0.3431 | MB 28/28
  cert | viol 0.484 | dV -0.150729 | V 0.3877 | inball 0.165 | a*_q05 -0.00369 | a*_q50 0.00576 | dV>=0 0.300 | n=150 | a_used 0.00487 -> 0.00463
  crit | n=1 | viol 0.731 | V 1.1652 | Vmin 0.4068 | agree +0.510 | a*_q05 -0.00547 | a*_q50 0.00182 | dV>=0 0.365 | beta 0.1000
  bell | direct viol 0.739 | direct dV>=0 0.457 | d_mean -0.00131 | d_std 0.01545 | d_q95 0.02745
[Episode 59/400] Steps: 720 | Reward:   -9.84 | Battery:  35.70% | Loss: 0.5605
Placing Sensors
[Episode 60/400] Steps: 180 | Reward:  -16.87 | Battery:   0.00% | Loss: 
Placing Sensors
[Episode 61/400] Steps:  68 | Reward:  -17.70 | Battery:   0.00% | Loss: 
Placing Sensors
[Episode 62/400] Steps: 102 | Reward:  -17.39 | Battery:   0.00% | Loss: 
Placing Sensors
[Episode 63/400] Steps:  97 | Reward:  -17.48 | Battery:   0.00% | Loss: 
Placing Sensors
[Episode 64/400] Steps: 720 | Reward:   -6.88 | Battery:  70.66% | Loss: 
Placing Sensors
Policy -0.0111 | Value 0.0162 | KL 0.00638 | CF 0.0797 | Std 0.1079 | |a| 0.0183 | EV +0.806 | Rsd 0.526 | Res 0.235 | AE nan | Alpha 0.3103 | MB 32/32
  cert | viol 0.342 | dV -0.122705 | V 0.2446 | inball 0.067 | a*_q05 -0.00014 | a*_q50 0.00661 | dV>=0 0.064 | n=150 | a_used 0.00463 -> 0.00416
  crit | n=1 | viol 0.899 | V 1.2177 | Vmin 0.6107 | agree +0.720 | a*_q05 -0.00661 | a*_q50 0.00006 | dV>=0 0.494 | beta 0.1000
  bell | direct viol 0.750 | direct dV>=0 0.473 | d_mean +0.00011 | d_std 0.01807 | d_q95 0.03307
[Episode 65/400] Steps: 720 | Reward:   -6.12 | Battery:  73.57% | Loss: 0.4077
Placing Sensors
[Episode 66/400] Steps: 111 | Reward:  -17.38 | Battery:   0.00% | Loss: 
Placing Sensors
[Episode 67/400] Steps:  77 | Reward:  -17.58 | Battery:   0.00% | Loss: 
Placing Sensors
[Episode 68/400] Steps: 720 | Reward:   -6.89 | Battery:  69.21% | Loss: 
Placing Sensors
Policy 0.0023 | Value 0.0182 | KL 0.01090 | CF 0.1451 | Std 0.1081 | |a| 0.0226 | EV +0.797 | Rsd 0.496 | Res 0.224 | AE nan | Alpha 0.2845 | MB 28/28
  cert | viol 0.202 | dV -0.218827 | V 0.3751 | inball 0.272 | a*_q05 -0.00159 | a*_q50 0.01300 | dV>=0 0.123 | n=150 | a_used 0.00416 -> 0.00395
  crit | n=1 | viol 0.782 | V 1.1469 | Vmin 0.5628 | agree +0.582 | a*_q05 -0.00631 | a*_q50 0.00043 | dV>=0 0.471 | beta 0.1000
  bell | direct viol 0.680 | direct dV>=0 0.447 | d_mean -0.00013 | d_std 0.02042 | d_q95 0.03782
[Episode 69/400] Steps: 720 | Reward:   -6.44 | Battery:  60.49% | Loss: 0.3602
Placing Sensors
[Episode 70/400] Steps:  98 | Reward:  -17.45 | Battery:   0.00% | Loss: 
Placing Sensors
[Episode 71/400] Steps:  77 | Reward:  -17.66 | Battery:   0.00% | Loss: 
Placing Sensors
[Episode 72/400] Steps: 720 | Reward:   -6.08 | Battery:  61.58% | Loss: 
Placing Sensors
[Episode 73/400] Steps: 111 | Reward:  -17.34 | Battery:   0.00% | Loss: 
Placing Sensors
Policy -0.0044 | Value 0.0136 | KL 0.01002 | CF 0.1403 | Std 0.1083 | |a| 0.0162 | EV +0.882 | Rsd 0.532 | Res 0.205 | AE nan | Alpha 0.2595 | MB 28/28
  cert | viol 0.133 | dV -0.209927 | V 0.2998 | inball 0.278 | a*_q05 0.00232 | a*_q50 0.01748 | dV>=0 0.026 | n=150 | a_used 0.00395 -> 0.00387
  crit | n=1 | viol 0.929 | V 1.2564 | Vmin 0.5973 | agree +0.710 | a*_q05 -0.00744 | a*_q50 -0.00135 | dV>=0 0.670 | beta 0.1000
  bell | direct viol 0.683 | direct dV>=0 0.440 | d_mean +0.00264 | d_std 0.02361 | d_q95 0.04129
[Episode 74/400] Steps: 720 | Reward:   -5.29 | Battery:  71.65% | Loss: 0.4987
Placing Sensors
[Episode 75/400] Steps: 720 | Reward:   -5.51 | Battery:  44.61% | Loss: 
Placing Sensors
Policy 0.0003 | Value 0.0119 | KL 0.00675 | CF 0.0822 | Std 0.1084 | |a| 0.0182 | EV +0.880 | Rsd 0.406 | Res 0.166 | AE nan | Alpha 0.2403 | MB 24/24
  cert | viol 0.127 | dV -0.239546 | V 0.3146 | inball 0.401 | a*_q05 -0.00244 | a*_q50 0.02978 | dV>=0 0.050 | n=150 | a_used 0.00387 -> 0.00332
  crit | n=1 | viol 0.883 | V 0.9135 | Vmin 0.4398 | agree +0.533 | a*_q05 -0.00797 | a*_q50 -0.00171 | dV>=0 0.642 | beta 0.1000
  bell | direct viol 0.632 | direct dV>=0 0.436 | d_mean +0.00239 | d_std 0.02173 | d_q95 0.04684
[Episode 76/400] Steps: 720 | Reward:   -4.87 | Battery:  64.95% | Loss: 0.4329
Placing Sensors
[Episode 77/400] Steps: 720 | Reward:   -5.66 | Battery:  54.38% | Loss: 
Placing Sensors
Policy -0.0059 | Value 0.0055 | KL 0.00795 | CF 0.1023 | Std 0.1086 | |a| 0.0163 | EV +0.891 | Rsd 0.371 | Res 0.128 | AE nan | Alpha 0.2226 | MB 24/24
  cert | viol 0.090 | dV -0.220423 | V 0.3269 | inball 0.381 | a*_q05 0.00285 | a*_q50 0.01899 | dV>=0 0.006 | n=150 | a_used 0.00332 -> 0.00332
  crit | n=1 | viol 0.567 | V 0.8847 | Vmin 0.4309 | agree +0.360 | a*_q05 -0.00566 | a*_q50 0.00242 | dV>=0 0.369 | beta 0.1000
  bell | direct viol 0.579 | direct dV>=0 0.386 | d_mean +0.00025 | d_std 0.01299 | d_q95 0.02553
[Episode 78/400] Steps: 720 | Reward:   -5.71 | Battery:  81.93% | Loss: 0.4636
Placing Sensors
[Episode 79/400] Steps: 720 | Reward:   -7.48 | Battery:  53.25% | Loss: 
Placing Sensors
Policy -0.0111 | Value 0.0063 | KL 0.00809 | CF 0.1003 | Std 0.1087 | |a| 0.0153 | EV +0.901 | Rsd 0.360 | Res 0.115 | AE nan | Alpha 0.2061 | MB 24/24
  cert | viol 0.256 | dV -0.214001 | V 0.3524 | inball 0.206 | a*_q05 -0.00428 | a*_q50 0.01085 | dV>=0 0.104 | n=150 | a_used 0.00332 -> 0.00315
  crit | n=1 | viol 0.568 | V 0.9087 | Vmin 0.4523 | agree +0.417 | a*_q05 -0.00813 | a*_q50 0.00198 | dV>=0 0.413 | beta 0.1000
  bell | direct viol 0.650 | direct dV>=0 0.474 | d_mean -0.00066 | d_std 0.01480 | d_q95 0.02744
[Episode 80/400] Steps: 720 | Reward:   -5.95 | Battery:  79.83% | Loss: 0.1596
Placing Sensors
[Episode 81/400] Steps: 136 | Reward:  -17.35 | Battery:   0.00% | Loss: 
Placing Sensors
[Episode 82/400] Steps: 720 | Reward:   -7.22 | Battery:  52.59% | Loss: 
Placing Sensors
Policy 0.0051 | Value 0.0183 | KL 0.01093 | CF 0.1410 | Std 0.1088 | |a| 0.0178 | EV +0.806 | Rsd 0.434 | Res 0.197 | AE nan | Alpha 0.1895 | MB 28/28
  cert | viol 0.174 | dV -0.212500 | V 0.3363 | inball 0.246 | a*_q05 -0.01001 | a*_q50 0.01430 | dV>=0 0.084 | n=150 | a_used 0.00315 -> 0.00305
  crit | n=1 | viol 0.621 | V 0.9523 | Vmin 0.3968 | agree +0.613 | a*_q05 -0.00713 | a*_q50 0.00184 | dV>=0 0.375 | beta 0.1000
  bell | direct viol 0.618 | direct dV>=0 0.455 | d_mean -0.00092 | d_std 0.02182 | d_q95 0.04219
[Episode 83/400] Steps: 720 | Reward:   -5.60 | Battery:  77.43% | Loss: 0.1857
Placing Sensors
[Episode 84/400] Steps: 720 | Reward:   -6.13 | Battery:  67.79% | Loss: 
Placing Sensors
[Episode 85/400] Steps:  68 | Reward:  -17.70 | Battery:   0.00% | Loss: 
Placing Sensors
[Episode 86/400] Steps: 125 | Reward:  -17.42 | Battery:   0.00% | Loss: 
Placing Sensors
[Episode 87/400] Steps:  76 | Reward:  -17.67 | Battery:   0.00% | Loss: 
Placing Sensors
Policy -0.0054 | Value 0.0202 | KL 0.00871 | CF 0.1094 | Std 0.1089 | |a| 0.0166 | EV +0.754 | Rsd 0.535 | Res 0.269 | AE nan | Alpha 0.1730 | MB 28/28
  cert | viol 0.120 | dV -0.233173 | V 0.3433 | inball 0.325 | a*_q05 0.00006 | a*_q50 0.02257 | dV>=0 0.058 | n=150 | a_used 0.00305 -> 0.00290
  crit | n=1 | viol 0.722 | V 1.0586 | Vmin 0.4100 | agree +0.743 | a*_q05 -0.00648 | a*_q50 0.00102 | dV>=0 0.396 | beta 0.1000
  bell | direct viol 0.620 | direct dV>=0 0.473 | d_mean -0.00018 | d_std 0.02579 | d_q95 0.04734
[Episode 88/400] Steps: 720 | Reward:   -5.52 | Battery:  77.64% | Loss: 0.3918
Placing Sensors
[Episode 89/400] Steps: 720 | Reward:   -6.28 | Battery:  41.53% | Loss: 
Placing Sensors
[Episode 90/400] Steps: 115 | Reward:  -17.41 | Battery:   0.00% | Loss: 
Placing Sensors
Policy -0.0233 | Value 0.0119 | KL 0.00875 | CF 0.1147 | Std 0.1090 | |a| 0.0170 | EV +0.852 | Rsd 0.496 | Res 0.191 | AE nan | Alpha 0.1592 | MB 28/28
  cert | viol 0.263 | dV -0.153992 | V 0.2743 | inball 0.244 | a*_q05 -0.01322 | a*_q50 0.02133 | dV>=0 0.215 | n=150 | a_used 0.00290 -> 0.00275
  crit | n=1 | viol 0.723 | V 0.9188 | Vmin 0.3848 | agree +0.633 | a*_q05 -0.00610 | a*_q50 -0.00009 | dV>=0 0.508 | beta 0.1000
  bell | direct viol 0.575 | direct dV>=0 0.467 | d_mean -0.00027 | d_std 0.02176 | d_q95 0.04353
[Episode 91/400] Steps: 720 | Reward:   -5.18 | Battery:  66.77% | Loss: 0.0476
Placing Sensors
[Episode 92/400] Steps: 100 | Reward:  -17.56 | Battery:   0.00% | Loss: 
Placing Sensors
[Episode 93/400] Steps: 720 | Reward:   -6.23 | Battery:  80.00% | Loss: 
Placing Sensors
Policy 0.0382 | Value 0.0143 | KL 0.01372 | CF 0.0829 | Std 0.1091 | |a| 0.0163 | EV +0.901 | Rsd 0.526 | Res 0.177 | AE nan | Alpha 0.1467 | MB 14/28
  cert | viol 0.157 | dV -0.248738 | V 0.3810 | inball 0.257 | a*_q05 0.00263 | a*_q50 0.01730 | dV>=0 0.032 | n=150 | a_used 0.00275 -> 0.00294
  crit | n=1 | viol 0.523 | V 1.0190 | Vmin 0.3753 | agree +0.484 | a*_q05 -0.00528 | a*_q50 0.00243 | dV>=0 0.315 | beta 0.1000
  bell | direct viol 0.561 | direct dV>=0 0.446 | d_mean -0.00475 | d_std 0.03013 | d_q95 0.05543
[Episode 94/400] Steps: 720 | Reward:   -7.44 | Battery:  48.82% | Loss: 0.3306
Placing Sensors
[Episode 95/400] Steps:  93 | Reward:  -17.54 | Battery:   0.00% | Loss: 
Placing Sensors
[Episode 96/400] Steps: 720 | Reward:   -6.09 | Battery:  45.78% | Loss: 
Placing Sensors
[Episode 97/400] Steps: 103 | Reward:  -17.55 | Battery:   0.00% | Loss: 
Placing Sensors
[Episode 98/400] Steps:  78 | Reward:  -17.65 | Battery:   0.00% | Loss: 
Placing Sensors
Policy -0.0073 | Value 0.0194 | KL 0.00526 | CF 0.0657 | Std 0.1092 | |a| 0.0131 | EV +0.846 | Rsd 0.606 | Res 0.256 | AE nan | Alpha 0.1339 | MB 28/28
  cert | viol 0.088 | dV -0.242206 | V 0.3236 | inball 0.264 | a*_q05 0.00161 | a*_q50 0.02290 | dV>=0 0.023 | n=150 | a_used 0.00294 -> 0.00294
  crit | n=1 | viol 0.637 | V 1.0146 | Vmin 0.3369 | agree +0.670 | a*_q05 -0.00479 | a*_q50 0.00126 | dV>=0 0.373 | beta 0.1000
  bell | direct viol 0.547 | direct dV>=0 0.438 | d_mean -0.00046 | d_std 0.02679 | d_q95 0.05045
[Episode 99/400] Steps: 720 | Reward:   -6.02 | Battery:  53.11% | Loss: 0.1446
Placing Sensors
[Episode 100/400] Steps: 720 | Reward:   -6.44 | Battery:  67.76% | Loss: 
Placing Sensors
[Episode 101/400] Steps:  83 | Reward:  -17.64 | Battery:   0.00% | Loss: 
Placing Sensors
[Episode 102/400] Steps: 101 | Reward:  -17.45 | Battery:   0.00% | Loss: 
Placing Sensors
Policy -0.0163 | Value 0.0146 | KL 0.00824 | CF 0.1144 | Std 0.1093 | |a| 0.0109 | EV +0.851 | Rsd 0.513 | Res 0.210 | AE nan | Alpha 0.1228 | MB 28/28
  cert | viol 0.107 | dV -0.208680 | V 0.3009 | inball 0.148 | a*_q05 -0.00040 | a*_q50 0.01425 | dV>=0 0.054 | n=150 | a_used 0.00294 -> 0.00292
  crit | n=1 | viol 0.626 | V 0.9516 | Vmin 0.3793 | agree +0.702 | a*_q05 -0.00607 | a*_q50 0.00144 | dV>=0 0.382 | beta 0.1000
  bell | direct viol 0.552 | direct dV>=0 0.455 | d_mean -0.00133 | d_std 0.02586 | d_q95 0.05064
[Episode 103/400] Steps: 720 | Reward:   -6.71 | Battery:  61.40% | Loss: 0.0964
Placing Sensors
[Episode 104/400] Steps: 116 | Reward:  -17.39 | Battery:   0.00% | Loss: 
Placing Sensors
[Episode 105/400] Steps: 720 | Reward:   -6.06 | Battery:  51.42% | Loss: 
Placing Sensors
Policy 0.0022 | Value 0.0165 | KL 0.00407 | CF 0.0440 | Std 0.1094 | |a| 0.0112 | EV +0.801 | Rsd 0.496 | Res 0.221 | AE nan | Alpha 0.1130 | MB 28/28
  cert | viol 0.097 | dV -0.231769 | V 0.3472 | inball 0.386 | a*_q05 0.00176 | a*_q50 0.02076 | dV>=0 0.025 | n=150 | a_used 0.00292 -> 0.00277
  crit | n=1 | viol 0.485 | V 0.9278 | Vmin 0.3563 | agree +0.468 | a*_q05 -0.00568 | a*_q50 0.00319 | dV>=0 0.330 | beta 0.1000
  bell | direct viol 0.525 | direct dV>=0 0.416 | d_mean +0.00000 | d_std 0.02364 | d_q95 0.04530
[Episode 106/400] Steps: 720 | Reward:   -4.99 | Battery:  87.89% | Loss: 0.1778
Placing Sensors
[Episode 107/400] Steps: 720 | Reward:   -4.38 | Battery:  85.27% | Loss: 
Placing Sensors
[Episode 108/400] Steps:  99 | Reward:  -17.72 | Battery:   0.00% | Loss: 
Placing Sensors
Policy 0.0088 | Value 0.0182 | KL 0.00736 | CF 0.0882 | Std 0.1095 | |a| 0.0154 | EV +0.839 | Rsd 0.523 | Res 0.216 | AE nan | Alpha 0.1041 | MB 28/28
  cert | viol 0.112 | dV -0.252624 | V 0.3644 | inball 0.447 | a*_q05 0.00362 | a*_q50 0.02098 | dV>=0 0.000 | n=150 | a_used 0.00277 -> 0.00296
  crit | n=1 | viol 0.693 | V 0.9779 | Vmin 0.3646 | agree +0.677 | a*_q05 -0.00542 | a*_q50 0.00140 | dV>=0 0.306 | beta 0.1000
  bell | direct viol 0.528 | direct dV>=0 0.416 | d_mean +0.00296 | d_std 0.02046 | d_q95 0.04239
[Episode 109/400] Steps: 720 | Reward:   -6.00 | Battery:  67.59% | Loss: 0.4640
Placing Sensors
[Episode 110/400] Steps: 720 | Reward:   -5.64 | Battery:  69.54% | Loss: 
Placing Sensors
Policy -0.0038 | Value 0.0082 | KL 0.00782 | CF 0.1075 | Std 0.1096 | |a| 0.0112 | EV +0.852 | Rsd 0.407 | Res 0.157 | AE nan | Alpha 0.0964 | MB 24/24
  cert | viol 0.000 | dV -0.276577 | V 0.3286 | inball 0.435 | a*_q05 0.00612 | a*_q50 0.02911 | dV>=0 0.000 | n=150 | a_used 0.00296 -> 0.00306
  crit | n=1 | viol 0.536 | V 0.7791 | Vmin 0.3261 | agree +0.389 | a*_q05 -0.00671 | a*_q50 0.00203 | dV>=0 0.413 | beta 0.1000
  bell | direct viol 0.568 | direct dV>=0 0.455 | d_mean +0.00006 | d_std 0.02064 | d_q95 0.03974
[Episode 111/400] Steps: 720 | Reward:   -4.89 | Battery:  62.95% | Loss: 0.0469
Placing Sensors
[Episode 112/400] Steps:  98 | Reward:  -17.55 | Battery:   0.00% | Loss: 
Placing Sensors
[Episode 113/400] Steps:  96 | Reward:  -17.59 | Battery:   0.00% | Loss: 
Placing Sensors
[Episode 114/400] Steps: 720 | Reward:   -6.23 | Battery:  55.94% | Loss: 
Placing Sensors
[Episode 115/400] Steps: 123 | Reward:  -17.28 | Battery:   0.00% | Loss: 
Placing Sensors
Policy -0.0061 | Value 0.0342 | KL 0.00662 | CF 0.0829 | Std 0.1097 | |a| 0.0132 | EV +0.716 | Rsd 0.543 | Res 0.316 | AE nan | Alpha 0.0878 | MB 28/28
  cert | viol 0.170 | dV -0.191619 | V 0.3454 | inball 0.226 | a*_q05 -0.00059 | a*_q50 0.01280 | dV>=0 0.082 | n=150 | a_used 0.00306 -> 0.00290
  crit | n=1 | viol 0.575 | V 1.0323 | Vmin 0.3516 | agree +0.623 | a*_q05 -0.00617 | a*_q50 0.00238 | dV>=0 0.296 | beta 0.1000
  bell | direct viol 0.564 | direct dV>=0 0.441 | d_mean -0.00110 | d_std 0.03260 | d_q95 0.06142
[Episode 116/400] Steps: 720 | Reward:   -6.66 | Battery:  70.32% | Loss: 0.1297
Placing Sensors
[Episode 117/400] Steps:  64 | Reward:  -17.84 | Battery:   0.00% | Loss: 
Placing Sensors
[Episode 118/400] Steps: 720 | Reward:   -5.57 | Battery:  77.44% | Loss: 
Placing Sensors
Policy -0.0033 | Value 0.0144 | KL 0.00721 | CF 0.0955 | Std 0.1098 | |a| 0.0152 | EV +0.855 | Rsd 0.496 | Res 0.189 | AE nan | Alpha 0.0810 | MB 24/24
  cert | viol 0.037 | dV -0.259882 | V 0.3544 | inball 0.355 | a*_q05 0.00329 | a*_q50 0.02256 | dV>=0 0.000 | n=150 | a_used 0.00290 -> 0.00295
  crit | n=1 | viol 0.590 | V 0.8854 | Vmin 0.3638 | agree +0.660 | a*_q05 -0.00681 | a*_q50 0.00190 | dV>=0 0.390 | beta 0.1000
  bell | direct viol 0.541 | direct dV>=0 0.443 | d_mean +0.00105 | d_std 0.02638 | d_q95 0.05236
[Episode 119/400] Steps: 720 | Reward:   -6.38 | Battery:  62.80% | Loss: 0.1428
Placing Sensors
[Episode 120/400] Steps:  66 | Reward:  -17.69 | Battery:   0.00% | Loss: 
Placing Sensors
[Episode 121/400] Steps: 720 | Reward:   -7.50 | Battery:  63.00% | Loss: 
Placing Sensors
Policy -0.0073 | Value 0.0163 | KL 0.00687 | CF 0.0920 | Std 0.1098 | |a| 0.0126 | EV +0.811 | Rsd 0.493 | Res 0.214 | AE nan | Alpha 0.0748 | MB 24/24
  cert | viol 0.202 | dV -0.237637 | V 0.3540 | inball 0.366 | a*_q05 -0.00413 | a*_q50 0.02436 | dV>=0 0.083 | n=150 | a_used 0.00295 -> 0.00280
  crit | n=1 | viol 0.656 | V 0.9022 | Vmin 0.3234 | agree +0.609 | a*_q05 -0.00716 | a*_q50 0.00083 | dV>=0 0.440 | beta 0.1000
  bell | direct viol 0.519 | direct dV>=0 0.413 | d_mean +0.00130 | d_std 0.02257 | d_q95 0.04534
[Episode 122/400] Steps: 720 | Reward:   -4.11 | Battery:  68.30% | Loss: 0.1332
Placing Sensors
[Episode 123/400] Steps: 720 | Reward:   -5.13 | Battery:  62.30% | Loss: 
Placing Sensors
Policy -0.0026 | Value 0.0064 | KL 0.00360 | CF 0.0399 | Std 0.1099 | |a| 0.0125 | EV +0.873 | Rsd 0.337 | Res 0.127 | AE nan | Alpha 0.0693 | MB 24/24
  cert | viol 0.000 | dV -0.186647 | V 0.2106 | inball 0.387 | a*_q05 0.00849 | a*_q50 0.02396 | dV>=0 0.000 | n=150 | a_used 0.00280 -> 0.00298
  crit | n=1 | viol 0.692 | V 0.7904 | Vmin 0.3747 | agree +0.402 | a*_q05 -0.00718 | a*_q50 0.00021 | dV>=0 0.484 | beta 0.1000
  bell | direct viol 0.500 | direct dV>=0 0.408 | d_mean +0.00162 | d_std 0.01856 | d_q95 0.03721
[Episode 124/400] Steps: 720 | Reward:   -4.71 | Battery:  69.17% | Loss: 0.1750
Placing Sensors
[Episode 125/400] Steps: 720 | Reward:   -6.96 | Battery:  45.35% | Loss: 
Placing Sensors
[Episode 126/400] Steps: 104 | Reward:  -17.56 | Battery:   0.00% | Loss: 
Placing Sensors
[Episode 127/400] Steps:  85 | Reward:  -17.62 | Battery:   0.00% | Loss: 
Placing Sensors
Policy -0.0020 | Value 0.0295 | KL 0.00806 | CF 0.0987 | Std 0.1100 | |a| 0.0156 | EV +0.729 | Rsd 0.492 | Res 0.266 | AE nan | Alpha 0.0635 | MB 28/28
  cert | viol 0.252 | dV -0.184627 | V 0.2900 | inball 0.228 | a*_q05 -0.01596 | a*_q50 0.01481 | dV>=0 0.136 | n=150 | a_used 0.00298 -> 0.00283
  crit | n=1 | viol 0.660 | V 0.9236 | Vmin 0.3563 | agree +0.646 | a*_q05 -0.00466 | a*_q50 0.00117 | dV>=0 0.372 | beta 0.1000
  bell | direct viol 0.536 | direct dV>=0 0.432 | d_mean -0.00069 | d_std 0.02559 | d_q95 0.05066
[Episode 128/400] Steps: 720 | Reward:   -5.22 | Battery:  76.59% | Loss: 0.3877
Placing Sensors
[Episode 129/400] Steps: 720 | Reward:   -6.66 | Battery:  47.87% | Loss: 
Placing Sensors
[Episode 130/400] Steps: 110 | Reward:  -17.35 | Battery:   0.00% | Loss: 
Placing Sensors
[Episode 131/400] Steps:  97 | Reward:  -17.47 | Battery:   0.00% | Loss: 
Placing Sensors
Policy -0.0102 | Value 0.0141 | KL 0.00650 | CF 0.0814 | Std 0.1100 | |a| 0.0189 | EV +0.879 | Rsd 0.599 | Res 0.211 | AE nan | Alpha 0.0582 | MB 28/28
  cert | viol 0.082 | dV -0.307739 | V 0.3920 | inball 0.410 | a*_q05 0.00102 | a*_q50 0.03062 | dV>=0 0.043 | n=150 | a_used 0.00283 -> 0.00264
  crit | n=1 | viol 0.648 | V 0.8938 | Vmin 0.2849 | agree +0.769 | a*_q05 -0.00598 | a*_q50 0.00103 | dV>=0 0.395 | beta 0.1000
  bell | direct viol 0.526 | direct dV>=0 0.426 | d_mean +0.00002 | d_std 0.02556 | d_q95 0.05152
[Episode 132/400] Steps: 720 | Reward:   -3.69 | Battery:  84.53% | Loss: 0.0063
Placing Sensors
[Episode 133/400] Steps: 720 | Reward:   -5.29 | Battery:  58.29% | Loss: 
Placing Sensors
Policy 0.0010 | Value 0.0117 | KL 0.00830 | CF 0.1142 | Std 0.1101 | |a| 0.0163 | EV +0.822 | Rsd 0.427 | Res 0.181 | AE nan | Alpha 0.0539 | MB 24/24
  cert | viol 0.116 | dV -0.217221 | V 0.3219 | inball 0.317 | a*_q05 0.00056 | a*_q50 0.02041 | dV>=0 0.047 | n=150 | a_used 0.00264 -> 0.00253
  crit | n=1 | viol 0.526 | V 0.8205 | Vmin 0.3133 | agree +0.435 | a*_q05 -0.00616 | a*_q50 0.00215 | dV>=0 0.390 | beta 0.1000
  bell | direct viol 0.478 | direct dV>=0 0.405 | d_mean +0.00029 | d_std 0.02397 | d_q95 0.04491
[Episode 134/400] Steps: 720 | Reward:   -6.42 | Battery:  68.22% | Loss: 0.1381
Placing Sensors
[Episode 135/400] Steps:  93 | Reward:  -17.38 | Battery:   0.00% | Loss: 
Placing Sensors
[Episode 136/400] Steps: 720 | Reward:   -4.07 | Battery:  80.35% | Loss: 
Placing Sensors
Policy -0.0086 | Value 0.0171 | KL 0.00626 | CF 0.0742 | Std 0.1101 | |a| 0.0180 | EV +0.855 | Rsd 0.477 | Res 0.183 | AE nan | Alpha 0.0496 | MB 24/24
  cert | viol 0.288 | dV -0.179723 | V 0.2960 | inball 0.263 | a*_q05 -0.01398 | a*_q50 0.00948 | dV>=0 0.196 | n=150 | a_used 0.00253 -> 0.00241
  crit | n=1 | viol 0.545 | V 0.8625 | Vmin 0.3033 | agree +0.451 | a*_q05 -0.00611 | a*_q50 0.00154 | dV>=0 0.424 | beta 0.1000
  bell | direct viol 0.503 | direct dV>=0 0.433 | d_mean -0.00008 | d_std 0.02793 | d_q95 0.05082
[Episode 137/400] Steps: 720 | Reward:   -7.55 | Battery:  55.23% | Loss: 0.0861
Placing Sensors
[Episode 138/400] Steps: 720 | Reward:   -5.06 | Battery:  69.01% | Loss: 
Placing Sensors
Policy -0.0071 | Value 0.0073 | KL 0.00679 | CF 0.0804 | Std 0.1101 | |a| 0.0213 | EV +0.904 | Rsd 0.372 | Res 0.135 | AE nan | Alpha 0.0460 | MB 24/24
  cert | viol 0.047 | dV -0.247517 | V 0.3150 | inball 0.383 | a*_q05 0.00326 | a*_q50 0.02454 | dV>=0 0.011 | n=150 | a_used 0.00241 -> 0.00245
  crit | n=1 | viol 0.674 | V 0.8507 | Vmin 0.3425 | agree +0.561 | a*_q05 -0.00665 | a*_q50 0.00019 | dV>=0 0.487 | beta 0.1000
  bell | direct viol 0.490 | direct dV>=0 0.411 | d_mean +0.00175 | d_std 0.02192 | d_q95 0.04735
[Episode 139/400] Steps: 720 | Reward:   -5.57 | Battery:  57.40% | Loss: -0.0353
Placing Sensors
[Episode 140/400] Steps: 116 | Reward:  -17.51 | Battery:   0.00% | Loss: 
Placing Sensors
[Episode 141/400] Steps: 720 | Reward:   -3.98 | Battery:  83.50% | Loss: 
Placing Sensors
Policy 0.0118 | Value 0.0140 | KL 0.00671 | CF 0.0866 | Std 0.1101 | |a| 0.0150 | EV +0.801 | Rsd 0.472 | Res 0.218 | AE nan | Alpha 0.0423 | MB 28/28
  cert | viol 0.003 | dV -0.231750 | V 0.2718 | inball 0.455 | a*_q05 0.00696 | a*_q50 0.02848 | dV>=0 0.000 | n=150 | a_used 0.00245 -> 0.00259
  crit | n=1 | viol 0.470 | V 0.7140 | Vmin 0.2440 | agree +0.647 | a*_q05 -0.00466 | a*_q50 0.00277 | dV>=0 0.291 | beta 0.1000
  bell | direct viol 0.501 | direct dV>=0 0.453 | d_mean -0.00062 | d_std 0.02253 | d_q95 0.04325
[Episode 142/400] Steps: 720 | Reward:   -4.82 | Battery:  52.99% | Loss: 0.3180
Placing Sensors
[Episode 143/400] Steps: 720 | Reward:   -4.33 | Battery:  76.01% | Loss: 
Placing Sensors
Policy -0.0067 | Value 0.0133 | KL 0.01145 | CF 0.1586 | Std 0.1101 | |a| 0.0166 | EV +0.762 | Rsd 0.446 | Res 0.218 | AE nan | Alpha 0.0392 | MB 24/24
  cert | viol 0.011 | dV -0.244701 | V 0.3292 | inball 0.457 | a*_q05 0.00326 | a*_q50 0.02414 | dV>=0 0.000 | n=150 | a_used 0.00259 -> 0.00263
  crit | n=1 | viol 0.468 | V 0.7535 | Vmin 0.2055 | agree +0.387 | a*_q05 -0.00647 | a*_q50 0.00303 | dV>=0 0.303 | beta 0.1000
  bell | direct viol 0.494 | direct dV>=0 0.429 | d_mean +0.00098 | d_std 0.02715 | d_q95 0.05444
[Episode 144/400] Steps: 720 | Reward:   -5.85 | Battery:  68.45% | Loss: 0.0912
Placing Sensors
[Episode 145/400] Steps: 720 | Reward:   -5.57 | Battery:  72.95% | Loss: 
Placing Sensors
Policy -0.0049 | Value 0.0060 | KL 0.00827 | CF 0.1034 | Std 0.1101 | |a| 0.0227 | EV +0.879 | Rsd 0.367 | Res 0.128 | AE nan | Alpha 0.0363 | MB 24/24
  cert | viol 0.080 | dV -0.175282 | V 0.2501 | inball 0.360 | a*_q05 0.00226 | a*_q50 0.02217 | dV>=0 0.010 | n=150 | a_used 0.00263 -> 0.00262
  crit | n=1 | viol 0.573 | V 0.7669 | Vmin 0.2196 | agree +0.463 | a*_q05 -0.00430 | a*_q50 0.00195 | dV>=0 0.310 | beta 0.1000
  bell | direct viol 0.509 | direct dV>=0 0.451 | d_mean +0.00110 | d_std 0.02224 | d_q95 0.04046
[Episode 146/400] Steps: 720 | Reward:   -4.90 | Battery:  52.59% | Loss: 0.0181
Placing Sensors
[Episode 147/400] Steps: 720 | Reward:   -4.82 | Battery:  39.30% | Loss: 
Placing Sensors
Policy -0.0068 | Value 0.0084 | KL 0.01081 | CF 0.1346 | Std 0.1102 | |a| 0.0238 | EV +0.865 | Rsd 0.364 | Res 0.134 | AE nan | Alpha 0.0336 | MB 24/24
  cert | viol 0.109 | dV -0.227999 | V 0.2793 | inball 0.465 | a*_q05 -0.01952 | a*_q50 0.03299 | dV>=0 0.100 | n=150 | a_used 0.00262 -> 0.00249
  crit | n=1 | viol 0.644 | V 0.7039 | Vmin 0.2723 | agree +0.467 | a*_q05 -0.00710 | a*_q50 0.00006 | dV>=0 0.504 | beta 0.1000
  bell | direct viol 0.515 | direct dV>=0 0.454 | d_mean +0.00028 | d_std 0.02707 | d_q95 0.05742
[Episode 148/400] Steps: 720 | Reward:   -4.71 | Battery:  69.44% | Loss: -0.0004
Placing Sensors
[Episode 149/400] Steps: 720 | Reward:   -6.50 | Battery:  76.82% | Loss: 
Placing Sensors
Policy -0.0012 | Value 0.0067 | KL 0.01107 | CF 0.1352 | Std 0.1102 | |a| 0.0224 | EV +0.899 | Rsd 0.359 | Res 0.118 | AE nan | Alpha 0.0311 | MB 24/24
  cert | viol 0.133 | dV -0.215758 | V 0.3040 | inball 0.283 | a*_q05 -0.00300 | a*_q50 0.01306 | dV>=0 0.062 | n=150 | a_used 0.00249 -> 0.00237
  crit | n=1 | viol 0.410 | V 0.7999 | Vmin 0.3593 | agree +0.436 | a*_q05 -0.00666 | a*_q50 0.00369 | dV>=0 0.295 | beta 0.1000
  bell | direct viol 0.509 | direct dV>=0 0.456 | d_mean -0.00077 | d_std 0.02223 | d_q95 0.04612
[Episode 150/400] Steps: 720 | Reward:   -5.86 | Battery:  57.52% | Loss: 0.0711
Placing Sensors
[Episode 151/400] Steps: 720 | Reward:   -5.12 | Battery:  69.05% | Loss: 
Placing Sensors
Policy -0.0028 | Value 0.0060 | KL 0.01114 | CF 0.1572 | Std 0.1102 | |a| 0.0225 | EV +0.905 | Rsd 0.338 | Res 0.105 | AE nan | Alpha 0.0288 | MB 24/24
  cert | viol 0.048 | dV -0.259701 | V 0.3273 | inball 0.462 | a*_q05 0.00289 | a*_q50 0.03003 | dV>=0 0.000 | n=150 | a_used 0.00237 -> 0.00241
  crit | n=1 | viol 0.511 | V 0.7408 | Vmin 0.3449 | agree +0.363 | a*_q05 -0.00679 | a*_q50 0.00204 | dV>=0 0.424 | beta 0.1000
  bell | direct viol 0.523 | direct dV>=0 0.469 | d_mean -0.00016 | d_std 0.02887 | d_q95 0.05645
[Episode 152/400] Steps: 720 | Reward:   -4.72 | Battery:  57.49% | Loss: 0.0293
Placing Sensors
[Episode 153/400] Steps: 720 | Reward:   -4.49 | Battery:  81.02% | Loss: 
Placing Sensors
Policy -0.0136 | Value 0.0049 | KL 0.00860 | CF 0.1112 | Std 0.1102 | |a| 0.0239 | EV +0.949 | Rsd 0.381 | Res 0.087 | AE nan | Alpha 0.0267 | MB 24/24
  cert | viol 0.032 | dV -0.270681 | V 0.3436 | inball 0.461 | a*_q05 0.00362 | a*_q50 0.02536 | dV>=0 0.001 | n=150 | a_used 0.00241 -> 0.00245
  crit | n=1 | viol 0.379 | V 0.6846 | Vmin 0.2467 | agree +0.655 | a*_q05 -0.00629 | a*_q50 0.00360 | dV>=0 0.242 | beta 0.1000
  bell | direct viol 0.485 | direct dV>=0 0.442 | d_mean +0.00010 | d_std 0.02882 | d_q95 0.05838
[Episode 154/400] Steps: 720 | Reward:   -5.56 | Battery:  74.32% | Loss: -0.1336
Placing Sensors
[Episode 155/400] Steps: 720 | Reward:   -5.84 | Battery:  62.55% | Loss: 
Placing Sensors
Policy 0.0037 | Value 0.0074 | KL 0.01657 | CF 0.1883 | Std 0.1102 | |a| 0.0250 | EV +0.906 | Rsd 0.340 | Res 0.106 | AE nan | Alpha 0.0247 | MB 24/24
  cert | viol 0.012 | dV -0.275244 | V 0.3551 | inball 0.466 | a*_q05 0.00354 | a*_q50 0.02774 | dV>=0 0.000 | n=150 | a_used 0.00245 -> 0.00250
  crit | n=1 | viol 0.385 | V 0.6789 | Vmin 0.2660 | agree +0.484 | a*_q05 -0.00652 | a*_q50 0.00448 | dV>=0 0.299 | beta 0.1000
  bell | direct viol 0.468 | direct dV>=0 0.430 | d_mean -0.00062 | d_std 0.02877 | d_q95 0.05924
[Episode 156/400] Steps: 720 | Reward:   -4.44 | Battery:  76.81% | Loss: 0.1808
Placing Sensors
[Episode 157/400] Steps: 720 | Reward:   -5.79 | Battery:  55.58% | Loss: 
Placing Sensors
[Episode 158/400] Steps:  75 | Reward:  -17.72 | Battery:   0.00% | Loss: 
Placing Sensors
Policy -0.0059 | Value 0.0175 | KL 0.01382 | CF 0.1598 | Std 0.1102 | |a| 0.0318 | EV +0.801 | Rsd 0.421 | Res 0.194 | AE nan | Alpha 0.0228 | MB 24/24
  cert | viol 0.102 | dV -0.230471 | V 0.3413 | inball 0.378 | a*_q05 -0.00010 | a*_q50 0.02171 | dV>=0 0.068 | n=150 | a_used 0.00250 -> 0.00224
  crit | n=1 | viol 0.457 | V 0.8231 | Vmin 0.3011 | agree +0.564 | a*_q05 -0.00475 | a*_q50 0.00312 | dV>=0 0.300 | beta 0.1000
  bell | direct viol 0.499 | direct dV>=0 0.446 | d_mean -0.00074 | d_std 0.03224 | d_q95 0.06561
[Episode 159/400] Steps: 720 | Reward:   -5.82 | Battery:  75.31% | Loss: 0.0463
Placing Sensors
[Episode 160/400] Steps: 720 | Reward:   -5.50 | Battery:  72.84% | Loss: 
Placing Sensors
[Episode 161/400] Steps: 103 | Reward:  -17.55 | Battery:   0.00% | Loss: 
Placing Sensors
Policy -0.0160 | Value 0.0146 | KL 0.01733 | CF 0.1888 | Std 0.1103 | |a| 0.0299 | EV +0.814 | Rsd 0.458 | Res 0.198 | AE nan | Alpha 0.0210 | MB 28/28
  cert | viol 0.033 | dV -0.307692 | V 0.3958 | inball 0.448 | a*_q05 0.00337 | a*_q50 0.02717 | dV>=0 0.009 | n=150 | a_used 0.00224 -> 0.00241
  crit | n=1 | viol 0.497 | V 0.8813 | Vmin 0.2958 | agree +0.651 | a*_q05 -0.00643 | a*_q50 0.00234 | dV>=0 0.343 | beta 0.1000
  bell | direct viol 0.494 | direct dV>=0 0.455 | d_mean -0.00073 | d_std 0.04320 | d_q95 0.07718
[Episode 162/400] Steps: 720 | Reward:   -5.33 | Battery:  79.91% | Loss: -0.0542
Placing Sensors
[Episode 163/400] Steps: 720 | Reward:   -4.32 | Battery:  81.89% | Loss: 
Placing Sensors
Policy 0.0023 | Value 0.0063 | KL 0.01639 | CF 0.1991 | Std 0.1103 | |a| 0.0216 | EV +0.917 | Rsd 0.345 | Res 0.100 | AE nan | Alpha 0.0195 | MB 24/24
  cert | viol 0.016 | dV -0.253056 | V 0.3058 | inball 0.550 | a*_q05 0.00383 | a*_q50 0.03150 | dV>=0 0.000 | n=150 | a_used 0.00241 -> 0.00246
  crit | n=1 | viol 0.446 | V 0.5972 | Vmin 0.2352 | agree +0.578 | a*_q05 -0.00651 | a*_q50 0.00327 | dV>=0 0.310 | beta 0.1000
  bell | direct viol 0.488 | direct dV>=0 0.457 | d_mean +0.00060 | d_std 0.03567 | d_q95 0.06986
[Episode 164/400] Steps: 720 | Reward:   -4.23 | Battery:  76.57% | Loss: 0.0273
Placing Sensors
[Episode 165/400] Steps: 720 | Reward:   -3.04 | Battery:  78.54% | Loss: 
Placing Sensors
Policy -0.0076 | Value 0.0052 | KL 0.00635 | CF 0.0777 | Std 0.1103 | |a| 0.0229 | EV +0.915 | Rsd 0.292 | Res 0.095 | AE nan | Alpha 0.0180 | MB 24/24
  cert | viol 0.000 | dV -0.222131 | V 0.2391 | inball 0.621 | a*_q05 0.01048 | a*_q50 0.03522 | dV>=0 0.000 | n=150 | a_used 0.00246 -> 0.00264
  crit | n=1 | viol 0.472 | V 0.5197 | Vmin 0.2014 | agree +0.371 | a*_q05 -0.00654 | a*_q50 0.00276 | dV>=0 0.317 | beta 0.1000
  bell | direct viol 0.470 | direct dV>=0 0.433 | d_mean +0.00100 | d_std 0.02889 | d_q95 0.05174
[Episode 166/400] Steps: 720 | Reward:   -2.87 | Battery:  77.63% | Loss: 0.0148
Placing Sensors
[Episode 167/400] Steps: 720 | Reward:   -4.62 | Battery:  70.00% | Loss: 
Placing Sensors
Policy -0.0071 | Value 0.0051 | KL 0.00781 | CF 0.0882 | Std 0.1103 | |a| 0.0196 | EV +0.911 | Rsd 0.369 | Res 0.110 | AE nan | Alpha 0.0167 | MB 24/24
  cert | viol 0.064 | dV -0.264711 | V 0.3302 | inball 0.569 | a*_q05 0.00244 | a*_q50 0.03299 | dV>=0 0.019 | n=150 | a_used 0.00264 -> 0.00255
  crit | n=1 | viol 0.338 | V 0.4907 | Vmin 0.1214 | agree +0.643 | a*_q05 -0.00610 | a*_q50 0.00549 | dV>=0 0.265 | beta 0.1000
  bell | direct viol 0.442 | direct dV>=0 0.420 | d_mean +0.00055 | d_std 0.03052 | d_q95 0.06164
[Episode 168/400] Steps: 720 | Reward:   -2.99 | Battery:  86.44% | Loss: 0.1607
Placing Sensors
[Episode 169/400] Steps: 121 | Reward:  -17.33 | Battery:   0.00% | Loss: 
Placing Sensors
[Episode 170/400] Steps: 720 | Reward:   -3.25 | Battery:  82.47% | Loss: 
Placing Sensors
Policy 0.0063 | Value 0.0140 | KL 0.02280 | CF 0.1980 | Std 0.1103 | |a| 0.0295 | EV +0.817 | Rsd 0.434 | Res 0.188 | AE nan | Alpha 0.0154 | MB 28/28
  cert | viol 0.099 | dV -0.232584 | V 0.2556 | inball 0.463 | a*_q05 -0.00444 | a*_q50 0.03346 | dV>=0 0.099 | n=150 | a_used 0.00255 -> 0.00243
  crit | n=1 | viol 0.524 | V 0.5935 | Vmin 0.1346 | agree +0.661 | a*_q05 -0.00700 | a*_q50 0.00238 | dV>=0 0.345 | beta 0.1000
  bell | direct viol 0.495 | direct dV>=0 0.465 | d_mean -0.00099 | d_std 0.04324 | d_q95 0.08828
[Episode 171/400] Steps: 720 | Reward:   -3.73 | Battery:  68.05% | Loss: 0.0432
Placing Sensors
[Episode 172/400] Steps: 720 | Reward:   -3.69 | Battery:  83.18% | Loss: 
Placing Sensors
Policy -0.0079 | Value 0.0067 | KL 0.01232 | CF 0.1234 | Std 0.1103 | |a| 0.0228 | EV +0.898 | Rsd 0.375 | Res 0.122 | AE nan | Alpha 0.0142 | MB 24/24
  cert | viol 0.026 | dV -0.242624 | V 0.2976 | inball 0.548 | a*_q05 0.00485 | a*_q50 0.03107 | dV>=0 0.002 | n=150 | a_used 0.00243 -> 0.00244
  crit | n=1 | viol 0.368 | V 0.5456 | Vmin 0.1313 | agree +0.462 | a*_q05 -0.00574 | a*_q50 0.00477 | dV>=0 0.268 | beta 0.1000
  bell | direct viol 0.470 | direct dV>=0 0.441 | d_mean -0.00060 | d_std 0.03390 | d_q95 0.06638
[Episode 173/400] Steps: 720 | Reward:   -4.64 | Battery:  66.90% | Loss: 0.0425
Placing Sensors
[Episode 174/400] Steps: 720 | Reward:   -3.55 | Battery:  77.77% | Loss: 
Placing Sensors
Policy -0.0007 | Value 0.0093 | KL 0.01378 | CF 0.1709 | Std 0.1102 | |a| 0.0239 | EV +0.864 | Rsd 0.397 | Res 0.147 | AE nan | Alpha 0.0132 | MB 24/24
  cert | viol 0.000 | dV -0.279455 | V 0.3162 | inball 0.541 | a*_q05 0.00789 | a*_q50 0.03489 | dV>=0 0.000 | n=150 | a_used 0.00244 -> 0.00258
  crit | n=1 | viol 0.555 | V 0.5982 | Vmin 0.1023 | agree +0.596 | a*_q05 -0.00668 | a*_q50 0.00133 | dV>=0 0.443 | beta 0.1000
  bell | direct viol 0.471 | direct dV>=0 0.441 | d_mean +0.00149 | d_std 0.03772 | d_q95 0.07505
[Episode 175/400] Steps: 720 | Reward:   -5.05 | Battery:  71.35% | Loss: 0.0232
Placing Sensors
[Episode 176/400] Steps: 111 | Reward:  -17.42 | Battery:   0.00% | Loss: 
Placing Sensors
[Episode 177/400] Steps:  95 | Reward:  -17.56 | Battery:   0.00% | Loss: 
Placing Sensors
[Episode 178/400] Steps: 720 | Reward:   -5.14 | Battery:  87.23% | Loss: 
Placing Sensors
[Episode 179/400] Steps:  83 | Reward:  -17.52 | Battery:   0.00% | Loss: 
Placing Sensors
Policy -0.0053 | Value 0.0342 | KL 0.01303 | CF 0.1462 | Std 0.1102 | |a| 0.0247 | EV +0.767 | Rsd 0.583 | Res 0.319 | AE nan | Alpha 0.0120 | MB 28/28
  cert | viol 0.184 | dV -0.228090 | V 0.3812 | inball 0.321 | a*_q05 -0.00119 | a*_q50 0.01870 | dV>=0 0.117 | n=150 | a_used 0.00258 -> 0.00245
  crit | n=1 | viol 0.413 | V 0.8332 | Vmin 0.1937 | agree +0.718 | a*_q05 -0.00391 | a*_q50 0.00401 | dV>=0 0.233 | beta 0.1000
  bell | direct viol 0.503 | direct dV>=0 0.450 | d_mean -0.00156 | d_std 0.03620 | d_q95 0.07116
[Episode 180/400] Steps: 720 | Reward:   -6.55 | Battery:  58.49% | Loss: 0.0175
Placing Sensors
[Episode 181/400] Steps: 720 | Reward:   -4.67 | Battery:  73.52% | Loss: 
Placing Sensors
Policy 0.0003 | Value 0.0065 | KL 0.01111 | CF 0.1366 | Std 0.1102 | |a| 0.0281 | EV +0.916 | Rsd 0.410 | Res 0.121 | AE nan | Alpha 0.0111 | MB 24/24
  cert | viol 0.043 | dV -0.260945 | V 0.3385 | inball 0.486 | a*_q05 0.00334 | a*_q50 0.02664 | dV>=0 0.000 | n=150 | a_used 0.00245 -> 0.00250
  crit | n=1 | viol 0.271 | V 0.6518 | Vmin 0.2170 | agree +0.348 | a*_q05 -0.00560 | a*_q50 0.00664 | dV>=0 0.193 | beta 0.1000
  bell | direct viol 0.482 | direct dV>=0 0.457 | d_mean -0.00101 | d_std 0.03108 | d_q95 0.06228
[Episode 182/400] Steps: 720 | Reward:   -4.89 | Battery:  62.96% | Loss: 0.0424
Placing Sensors
[Episode 183/400] Steps: 720 | Reward:   -5.30 | Battery:  81.78% | Loss: 
Placing Sensors
Policy -0.0064 | Value 0.0091 | KL 0.01280 | CF 0.1580 | Std 0.1102 | |a| 0.0253 | EV +0.838 | Rsd 0.387 | Res 0.160 | AE nan | Alpha 0.0103 | MB 24/24
  cert | viol 0.223 | dV -0.210958 | V 0.3766 | inball 0.388 | a*_q05 -0.00093 | a*_q50 0.01737 | dV>=0 0.082 | n=150 | a_used 0.00250 -> 0.00238
  crit | n=1 | viol 0.355 | V 0.7559 | Vmin 0.2020 | agree +0.527 | a*_q05 -0.00615 | a*_q50 0.00544 | dV>=0 0.214 | beta 0.1000
  bell | direct viol 0.490 | direct dV>=0 0.446 | d_mean -0.00078 | d_std 0.02894 | d_q95 0.05554
[Episode 184/400] Steps: 720 | Reward:   -7.02 | Battery:  77.59% | Loss: -0.0892
Placing Sensors
[Episode 185/400] Steps: 720 | Reward:   -4.32 | Battery:  58.11% | Loss: 
Placing Sensors
[Episode 186/400] Steps: 110 | Reward:  -17.52 | Battery:   0.00% | Loss: 
Placing Sensors
Policy 0.0042 | Value 0.0127 | KL 0.01561 | CF 0.1723 | Std 0.1102 | |a| 0.0290 | EV +0.884 | Rsd 0.499 | Res 0.172 | AE nan | Alpha 0.0100 | MB 28/28
  cert | viol 0.039 | dV -0.244484 | V 0.2957 | inball 0.467 | a*_q05 0.00435 | a*_q50 0.03359 | dV>=0 0.000 | n=150 | a_used 0.00238 -> 0.00243
  crit | n=1 | viol 0.507 | V 0.7587 | Vmin 0.1965 | agree +0.538 | a*_q05 -0.00587 | a*_q50 0.00237 | dV>=0 0.320 | beta 0.1000
  bell | direct viol 0.473 | direct dV>=0 0.433 | d_mean +0.00164 | d_std 0.03664 | d_q95 0.07254
[Episode 187/400] Steps: 720 | Reward:   -4.77 | Battery:  71.97% | Loss: -0.3066
Placing Sensors
[Episode 188/400] Steps: 720 | Reward:   -3.07 | Battery:  47.83% | Loss: 
Placing Sensors
Policy -0.0038 | Value 0.0096 | KL 0.00968 | CF 0.1157 | Std 0.1102 | |a| 0.0256 | EV +0.882 | Rsd 0.398 | Res 0.138 | AE nan | Alpha 0.0100 | MB 24/24
  cert | viol 0.000 | dV -0.177935 | V 0.2476 | inball 0.427 | a*_q05 0.00358 | a*_q50 0.02560 | dV>=0 0.000 | n=150 | a_used 0.00243 -> 0.00246
  crit | n=1 | viol 0.611 | V 0.6933 | Vmin 0.1867 | agree +0.481 | a*_q05 -0.00678 | a*_q50 -0.00002 | dV>=0 0.503 | beta 0.1000
  bell | direct viol 0.526 | direct dV>=0 0.482 | d_mean +0.00101 | d_std 0.02697 | d_q95 0.05401
[Episode 189/400] Steps: 720 | Reward:   -5.85 | Battery:  72.44% | Loss: -0.0238
Placing Sensors
[Episode 190/400] Steps:  76 | Reward:  -17.51 | Battery:   0.00% | Loss: 
Placing Sensors
[Episode 191/400] Steps:  91 | Reward:  -17.59 | Battery:   0.00% | Loss: 
Placing Sensors
[Episode 192/400] Steps: 720 | Reward:   -5.21 | Battery:  75.72% | Loss: 
Placing Sensors
Policy 0.0110 | Value 0.0200 | KL 0.01217 | CF 0.1440 | Std 0.1102 | |a| 0.0268 | EV +0.774 | Rsd 0.483 | Res 0.235 | AE nan | Alpha 0.0100 | MB 28/28
  cert | viol 0.129 | dV -0.218499 | V 0.3227 | inball 0.426 | a*_q05 0.00059 | a*_q50 0.02456 | dV>=0 0.040 | n=150 | a_used 0.00246 -> 0.00243
  crit | n=1 | viol 0.506 | V 0.8484 | Vmin 0.2766 | agree +0.717 | a*_q05 -0.00632 | a*_q50 0.00244 | dV>=0 0.288 | beta 0.1000
  bell | direct viol 0.514 | direct dV>=0 0.484 | d_mean -0.00017 | d_std 0.04451 | d_q95 0.09048
[Episode 193/400] Steps: 720 | Reward:   -4.76 | Battery:  80.00% | Loss: 0.1319
Placing Sensors
[Episode 194/400] Steps: 720 | Reward:   -6.88 | Battery:  62.46% | Loss: 
Placing Sensors
[Episode 195/400] Steps: 103 | Reward:  -17.53 | Battery:   0.00% | Loss: 
Placing Sensors
[Episode 196/400] Steps:  79 | Reward:  -17.67 | Battery:   0.00% | Loss: 
Placing Sensors
[Episode 197/400] Steps: 134 | Reward:  -17.41 | Battery:   0.00% | Loss: 
Placing Sensors
Policy -0.0125 | Value 0.0264 | KL 0.01376 | CF 0.1356 | Std 0.1102 | |a| 0.0259 | EV +0.792 | Rsd 0.558 | Res 0.264 | AE nan | Alpha 0.0100 | MB 28/28
  cert | viol 0.106 | dV -0.222494 | V 0.3450 | inball 0.250 | a*_q05 0.00102 | a*_q50 0.01991 | dV>=0 0.036 | n=150 | a_used 0.00243 -> 0.00237
  crit | n=1 | viol 0.597 | V 1.0556 | Vmin 0.3585 | agree +0.632 | a*_q05 -0.00633 | a*_q50 0.00151 | dV>=0 0.359 | beta 0.1000
  bell | direct viol 0.519 | direct dV>=0 0.485 | d_mean -0.00021 | d_std 0.05296 | d_q95 0.11198
[Episode 198/400] Steps: 720 | Reward:   -5.53 | Battery:  66.36% | Loss: -0.0289
Placing Sensors
[Episode 199/400] Steps: 109 | Reward:  -17.50 | Battery:   0.00% | Loss: 
Placing Sensors
[Episode 200/400] Steps: 720 | Reward:   -3.86 | Battery:  75.76% | Loss: 
Placing Sensors
[Episode 201/400] Steps:  74 | Reward:  -17.65 | Battery:   0.00% | Loss: 
Placing Sensors
Policy 0.0007 | Value 0.0230 | KL 0.01482 | CF 0.1634 | Std 0.1102 | |a| 0.0254 | EV +0.746 | Rsd 0.517 | Res 0.262 | AE nan | Alpha 0.0100 | MB 28/28
  cert | viol 0.088 | dV -0.261188 | V 0.3699 | inball 0.364 | a*_q05 0.00051 | a*_q50 0.02619 | dV>=0 0.059 | n=150 | a_used 0.00237 -> 0.00225
  crit | n=1 | viol 0.556 | V 0.9667 | Vmin 0.3318 | agree +0.483 | a*_q05 -0.00724 | a*_q50 0.00153 | dV>=0 0.397 | beta 0.1000
  bell | direct viol 0.526 | direct dV>=0 0.489 | d_mean -0.00045 | d_std 0.04374 | d_q95 0.08765
[Episode 202/400] Steps: 720 | Reward:   -6.83 | Battery:  55.01% | Loss: 0.1084
Placing Sensors
[Episode 203/400] Steps: 720 | Reward:   -4.27 | Battery:  65.41% | Loss: 
Placing Sensors
Policy -0.0013 | Value 0.0077 | KL 0.00878 | CF 0.0951 | Std 0.1102 | |a| 0.0218 | EV +0.911 | Rsd 0.363 | Res 0.156 | AE nan | Alpha 0.0100 | MB 24/24
  cert | viol 0.000 | dV -0.249001 | V 0.2738 | inball 0.562 | a*_q05 0.00906 | a*_q50 0.03759 | dV>=0 0.000 | n=150 | a_used 0.00225 -> 0.00243
  crit | n=1 | viol 0.712 | V 0.7672 | Vmin 0.3111 | agree +0.424 | a*_q05 -0.00738 | a*_q50 -0.00085 | dV>=0 0.544 | beta 0.1000
  bell | direct viol 0.487 | direct dV>=0 0.445 | d_mean +0.00356 | d_std 0.02973 | d_q95 0.05879
[Episode 204/400] Steps: 720 | Reward:   -3.43 | Battery:  74.99% | Loss: 0.1356
Placing Sensors
[Episode 205/400] Steps: 720 | Reward:   -5.86 | Battery:  76.66% | Loss: 
Placing Sensors
Policy -0.0033 | Value 0.0061 | KL 0.00808 | CF 0.0960 | Std 0.1102 | |a| 0.0282 | EV +0.886 | Rsd 0.356 | Res 0.122 | AE nan | Alpha 0.0100 | MB 24/24
  cert | viol 0.150 | dV -0.187539 | V 0.2611 | inball 0.264 | a*_q05 -0.00811 | a*_q50 0.01394 | dV>=0 0.091 | n=150 | a_used 0.00243 -> 0.00231
  crit | n=1 | viol 0.529 | V 0.8074 | Vmin 0.3826 | agree +0.517 | a*_q05 -0.00668 | a*_q50 0.00204 | dV>=0 0.350 | beta 0.1000
  bell | direct viol 0.506 | direct dV>=0 0.453 | d_mean +0.00041 | d_std 0.02673 | d_q95 0.04954
[Episode 206/400] Steps: 720 | Reward:   -5.73 | Battery:  72.14% | Loss: 0.1241
Placing Sensors
[Episode 207/400] Steps: 720 | Reward:   -4.34 | Battery:  69.58% | Loss: 
Placing Sensors
[Episode 208/400] Steps: 115 | Reward:  -17.36 | Battery:   0.00% | Loss: 
Placing Sensors
Policy 0.0219 | Value 0.0114 | KL 0.01812 | CF 0.1499 | Std 0.1102 | |a| 0.0269 | EV +0.872 | Rsd 0.460 | Res 0.164 | AE nan | Alpha 0.0100 | MB 28/28
  cert | viol 0.000 | dV -0.279584 | V 0.3279 | inball 0.439 | a*_q05 0.00752 | a*_q50 0.03122 | dV>=0 0.000 | n=150 | a_used 0.00231 -> 0.00248
  crit | n=1 | viol 0.603 | V 0.8416 | Vmin 0.3509 | agree +0.603 | a*_q05 -0.00676 | a*_q50 0.00117 | dV>=0 0.411 | beta 0.1000
  bell | direct viol 0.513 | direct dV>=0 0.468 | d_mean -0.00007 | d_std 0.03041 | d_q95 0.06206
[Episode 209/400] Steps: 720 | Reward:   -5.50 | Battery:  64.34% | Loss: 1.0538
Placing Sensors
[Episode 210/400] Steps: 720 | Reward:   -4.14 | Battery:  74.65% | Loss: 
Placing Sensors
[Episode 211/400] Steps: 116 | Reward:  -17.36 | Battery:   0.00% | Loss: 
Placing Sensors
Policy 0.0102 | Value 0.0138 | KL 0.00687 | CF 0.0887 | Std 0.1102 | |a| 0.0203 | EV +0.782 | Rsd 0.418 | Res 0.209 | AE nan | Alpha 0.0100 | MB 28/28
  cert | viol 0.025 | dV -0.220061 | V 0.3069 | inball 0.436 | a*_q05 0.00444 | a*_q50 0.02407 | dV>=0 0.000 | n=150 | a_used 0.00248 -> 0.00266
  crit | n=1 | viol 0.401 | V 0.7572 | Vmin 0.3361 | agree +0.565 | a*_q05 -0.00575 | a*_q50 0.00402 | dV>=0 0.266 | beta 0.1000
  bell | direct viol 0.507 | direct dV>=0 0.474 | d_mean -0.00237 | d_std 0.03751 | d_q95 0.07523
[Episode 212/400] Steps: 720 | Reward:   -5.95 | Battery:  73.28% | Loss: 0.4784
Placing Sensors
[Episode 213/400] Steps: 720 | Reward:   -6.09 | Battery:  77.32% | Loss: 
Placing Sensors
Policy -0.0007 | Value 0.0097 | KL 0.00953 | CF 0.0998 | Std 0.1102 | |a| 0.0200 | EV +0.752 | Rsd 0.363 | Res 0.182 | AE nan | Alpha 0.0100 | MB 24/24
  cert | viol 0.090 | dV -0.244915 | V 0.3339 | inball 0.464 | a*_q05 0.00176 | a*_q50 0.02480 | dV>=0 0.017 | n=150 | a_used 0.00266 -> 0.00264
  crit | n=1 | viol 0.388 | V 0.7351 | Vmin 0.3044 | agree +0.441 | a*_q05 -0.00556 | a*_q50 0.00437 | dV>=0 0.252 | beta 0.1000
  bell | direct viol 0.521 | direct dV>=0 0.477 | d_mean +0.00004 | d_std 0.03209 | d_q95 0.06856
[Episode 214/400] Steps: 720 | Reward:   -4.36 | Battery:  72.51% | Loss: -0.0737
Placing Sensors
[Episode 215/400] Steps: 720 | Reward:   -5.57 | Battery:  73.12% | Loss: 
Placing Sensors
[Episode 216/400] Steps: 131 | Reward:  -17.41 | Battery:   0.00% | Loss: 
Placing Sensors
Policy -0.0029 | Value 0.0291 | KL 0.01152 | CF 0.1399 | Std 0.1102 | |a| 0.0233 | EV +0.708 | Rsd 0.438 | Res 0.245 | AE nan | Alpha 0.0100 | MB 28/28
  cert | viol 0.097 | dV -0.290937 | V 0.3971 | inball 0.369 | a*_q05 0.00233 | a*_q50 0.02500 | dV>=0 0.013 | n=150 | a_used 0.00264 -> 0.00265
  crit | n=1 | viol 0.447 | V 0.8628 | Vmin 0.3465 | agree +0.603 | a*_q05 -0.00597 | a*_q50 0.00352 | dV>=0 0.305 | beta 0.1000
  bell | direct viol 0.516 | direct dV>=0 0.472 | d_mean -0.00195 | d_std 0.04563 | d_q95 0.09456
[Episode 217/400] Steps: 720 | Reward:   -6.41 | Battery:  65.51% | Loss: 0.0884
Placing Sensors
[Episode 218/400] Steps: 720 | Reward:   -6.52 | Battery:  65.07% | Loss: 
Placing Sensors
Policy -0.0092 | Value 0.0054 | KL 0.01065 | CF 0.1366 | Std 0.1102 | |a| 0.0237 | EV +0.945 | Rsd 0.405 | Res 0.100 | AE nan | Alpha 0.0100 | MB 24/24
  cert | viol 0.079 | dV -0.229900 | V 0.3284 | inball 0.404 | a*_q05 0.00133 | a*_q50 0.02196 | dV>=0 0.033 | n=150 | a_used 0.00265 -> 0.00268
  crit | n=1 | viol 0.504 | V 0.8146 | Vmin 0.3182 | agree +0.514 | a*_q05 -0.00632 | a*_q50 0.00250 | dV>=0 0.330 | beta 0.1000
  bell | direct viol 0.491 | direct dV>=0 0.442 | d_mean +0.00073 | d_std 0.02732 | d_q95 0.05543
[Episode 219/400] Steps: 720 | Reward:   -4.38 | Battery:  77.99% | Loss: 0.1514
Placing Sensors
[Episode 220/400] Steps: 720 | Reward:   -4.23 | Battery:  78.99% | Loss: 
Placing Sensors
Policy -0.0063 | Value 0.0054 | KL 0.00955 | CF 0.1054 | Std 0.1102 | |a| 0.0258 | EV +0.926 | Rsd 0.340 | Res 0.107 | AE nan | Alpha 0.0100 | MB 24/24
  cert | viol 0.002 | dV -0.259345 | V 0.3083 | inball 0.519 | a*_q05 0.00561 | a*_q50 0.03342 | dV>=0 0.000 | n=150 | a_used 0.00268 -> 0.00282
  crit | n=1 | viol 0.604 | V 0.7102 | Vmin 0.3234 | agree +0.511 | a*_q05 -0.00766 | a*_q50 0.00128 | dV>=0 0.407 | beta 0.1000
  bell | direct viol 0.501 | direct dV>=0 0.459 | d_mean +0.00179 | d_std 0.03592 | d_q95 0.07383
[Episode 221/400] Steps: 720 | Reward:   -4.60 | Battery:  69.85% | Loss: -0.0288
Placing Sensors
[Episode 222/400] Steps: 720 | Reward:   -3.58 | Battery:  82.82% | Loss: 
Placing Sensors
Policy -0.0083 | Value 0.0055 | KL 0.01491 | CF 0.1775 | Std 0.1102 | |a| 0.0291 | EV +0.891 | Rsd 0.296 | Res 0.098 | AE nan | Alpha 0.0100 | MB 24/24
  cert | viol 0.018 | dV -0.190118 | V 0.2331 | inball 0.514 | a*_q05 0.00562 | a*_q50 0.02511 | dV>=0 0.000 | n=150 | a_used 0.00282 -> 0.00291
  crit | n=1 | viol 0.429 | V 0.6257 | Vmin 0.3211 | agree +0.183 | a*_q05 -0.00502 | a*_q50 0.00374 | dV>=0 0.221 | beta 0.1000
  bell | direct viol 0.501 | direct dV>=0 0.452 | d_mean -0.00026 | d_std 0.02203 | d_q95 0.04649
[Episode 223/400] Steps: 720 | Reward:   -4.75 | Battery:  65.76% | Loss: 0.1202
Placing Sensors
[Episode 224/400] Steps: 720 | Reward:   -4.99 | Battery:  61.93% | Loss: 
Placing Sensors
Policy -0.0106 | Value 0.0061 | KL 0.01078 | CF 0.1107 | Std 0.1103 | |a| 0.0331 | EV +0.825 | Rsd 0.315 | Res 0.132 | AE nan | Alpha 0.0100 | MB 24/24
  cert | viol 0.094 | dV -0.259757 | V 0.3536 | inball 0.463 | a*_q05 -0.00041 | a*_q50 0.02786 | dV>=0 0.067 | n=150 | a_used 0.00291 -> 0.00277
  crit | n=1 | viol 0.454 | V 0.7324 | Vmin 0.3361 | agree +0.424 | a*_q05 -0.00554 | a*_q50 0.00387 | dV>=0 0.329 | beta 0.1000
  bell | direct viol 0.512 | direct dV>=0 0.470 | d_mean -0.00092 | d_std 0.03075 | d_q95 0.06361
[Episode 225/400] Steps: 720 | Reward:   -5.67 | Battery:  71.52% | Loss: -0.0011
Placing Sensors
[Episode 226/400] Steps:  79 | Reward:  -17.40 | Battery:   0.00% | Loss: 
Placing Sensors
[Episode 227/400] Steps: 720 | Reward:   -3.27 | Battery:  70.87% | Loss: 
Placing Sensors
[Episode 228/400] Steps:  77 | Reward:  -17.54 | Battery:   0.00% | Loss: 
Placing Sensors
Policy -0.0063 | Value 0.0191 | KL 0.01567 | CF 0.1657 | Std 0.1103 | |a| 0.0281 | EV +0.792 | Rsd 0.480 | Res 0.226 | AE nan | Alpha 0.0100 | MB 28/28
  cert | viol 0.031 | dV -0.249717 | V 0.3123 | inball 0.477 | a*_q05 0.00452 | a*_q50 0.02918 | dV>=0 0.000 | n=150 | a_used 0.00277 -> 0.00277
  crit | n=1 | viol 0.475 | V 0.7209 | Vmin 0.2953 | agree +0.739 | a*_q05 -0.00664 | a*_q50 0.00311 | dV>=0 0.322 | beta 0.1000
  bell | direct viol 0.494 | direct dV>=0 0.454 | d_mean +0.00044 | d_std 0.03634 | d_q95 0.07280
[Episode 229/400] Steps: 720 | Reward:   -5.60 | Battery:  78.83% | Loss: 0.0116
Placing Sensors
[Episode 230/400] Steps: 720 | Reward:   -5.29 | Battery:  69.73% | Loss: 
Placing Sensors
Policy -0.0077 | Value 0.0072 | KL 0.01662 | CF 0.1687 | Std 0.1103 | |a| 0.0268 | EV +0.896 | Rsd 0.368 | Res 0.124 | AE nan | Alpha 0.0100 | MB 24/24
  cert | viol 0.000 | dV -0.306343 | V 0.3559 | inball 0.521 | a*_q05 0.00680 | a*_q50 0.03029 | dV>=0 0.000 | n=150 | a_used 0.00277 -> 0.00290
  crit | n=1 | viol 0.447 | V 0.6834 | Vmin 0.2849 | agree +0.617 | a*_q05 -0.00549 | a*_q50 0.00379 | dV>=0 0.309 | beta 0.1000
  bell | direct viol 0.491 | direct dV>=0 0.467 | d_mean +0.00012 | d_std 0.03862 | d_q95 0.07993
[Episode 231/400] Steps: 720 | Reward:   -4.23 | Battery:  84.00% | Loss: 0.0750
Placing Sensors
[Episode 232/400] Steps: 720 | Reward:   -4.09 | Battery:  79.28% | Loss: 
Placing Sensors
Policy 0.0054 | Value 0.0043 | KL 0.01383 | CF 0.1272 | Std 0.1102 | |a| 0.0258 | EV +0.920 | Rsd 0.305 | Res 0.092 | AE nan | Alpha 0.0100 | MB 24/24
  cert | viol 0.000 | dV -0.212886 | V 0.2446 | inball 0.571 | a*_q05 0.00742 | a*_q50 0.03080 | dV>=0 0.000 | n=150 | a_used 0.00290 -> 0.00299
  crit | n=1 | viol 0.557 | V 0.5922 | Vmin 0.2598 | agree +0.478 | a*_q05 -0.00624 | a*_q50 0.00226 | dV>=0 0.336 | beta 0.1000
  bell | direct viol 0.506 | direct dV>=0 0.475 | d_mean +0.00231 | d_std 0.03546 | d_q95 0.07505
[Episode 233/400] Steps: 720 | Reward:   -3.21 | Battery:  76.67% | Loss: 0.0349
Placing Sensors
[Episode 234/400] Steps: 720 | Reward:   -1.63 | Battery:  88.81% | Loss: 
Placing Sensors
Policy -0.0059 | Value 0.0052 | KL 0.00579 | CF 0.0608 | Std 0.1102 | |a| 0.0208 | EV +0.921 | Rsd 0.362 | Res 0.110 | AE nan | Alpha 0.0100 | MB 24/24
  cert | viol 0.023 | dV -0.243347 | V 0.2929 | inball 0.578 | a*_q05 0.00498 | a*_q50 0.03352 | dV>=0 0.000 | n=150 | a_used 0.00299 -> 0.00301
  crit | n=1 | viol 0.576 | V 0.5534 | Vmin 0.1892 | agree +0.610 | a*_q05 -0.00678 | a*_q50 0.00152 | dV>=0 0.392 | beta 0.1000
  bell | direct viol 0.486 | direct dV>=0 0.452 | d_mean +0.00168 | d_std 0.03508 | d_q95 0.06835
[Episode 235/400] Steps: 720 | Reward:   -5.46 | Battery:  66.84% | Loss: 0.0291
Placing Sensors
[Episode 236/400] Steps: 720 | Reward:   -4.38 | Battery:  68.68% | Loss: 
Placing Sensors
Policy -0.0035 | Value 0.0061 | KL 0.01182 | CF 0.1354 | Std 0.1102 | |a| 0.0229 | EV +0.927 | Rsd 0.370 | Res 0.107 | AE nan | Alpha 0.0100 | MB 24/24
  cert | viol 0.022 | dV -0.256449 | V 0.3099 | inball 0.506 | a*_q05 0.00413 | a*_q50 0.02995 | dV>=0 0.000 | n=150 | a_used 0.00301 -> 0.00311
  crit | n=1 | viol 0.412 | V 0.5934 | Vmin 0.1774 | agree +0.269 | a*_q05 -0.00724 | a*_q50 0.00427 | dV>=0 0.282 | beta 0.1000
  bell | direct viol 0.517 | direct dV>=0 0.484 | d_mean -0.00120 | d_std 0.03374 | d_q95 0.06517
[Episode 237/400] Steps: 720 | Reward:   -4.27 | Battery:  72.86% | Loss: -0.0256
Placing Sensors
[Episode 238/400] Steps: 720 | Reward:   -4.26 | Battery:  77.69% | Loss: 
Placing Sensors
Policy -0.0076 | Value 0.0058 | KL 0.01234 | CF 0.1437 | Std 0.1102 | |a| 0.0299 | EV +0.880 | Rsd 0.297 | Res 0.108 | AE nan | Alpha 0.0100 | MB 24/24
  cert | viol 0.008 | dV -0.252342 | V 0.2992 | inball 0.563 | a*_q05 0.00521 | a*_q50 0.03386 | dV>=0 0.000 | n=150 | a_used 0.00311 -> 0.00324
  crit | n=1 | viol 0.611 | V 0.5903 | Vmin 0.2285 | agree +0.658 | a*_q05 -0.00667 | a*_q50 0.00159 | dV>=0 0.376 | beta 0.1000
  bell | direct viol 0.498 | direct dV>=0 0.458 | d_mean +0.00085 | d_std 0.03552 | d_q95 0.07311
[Episode 239/400] Steps: 720 | Reward:   -3.71 | Battery:  77.18% | Loss: 0.0105
Placing Sensors
[Episode 240/400] Steps: 720 | Reward:   -1.63 | Battery:  86.54% | Loss: 
Placing Sensors
Policy -0.0082 | Value 0.0048 | KL 0.01778 | CF 0.1760 | Std 0.1102 | |a| 0.0299 | EV +0.939 | Rsd 0.332 | Res 0.116 | AE nan | Alpha 0.0100 | MB 24/24
  cert | viol 0.010 | dV -0.220890 | V 0.2467 | inball 0.604 | a*_q05 0.00788 | a*_q50 0.02904 | dV>=0 0.000 | n=150 | a_used 0.00324 -> 0.00334
  crit | n=1 | viol 0.712 | V 0.5953 | Vmin 0.1843 | agree +0.517 | a*_q05 -0.00756 | a*_q50 0.00039 | dV>=0 0.474 | beta 0.1000
  bell | direct viol 0.498 | direct dV>=0 0.466 | d_mean +0.00223 | d_std 0.03076 | d_q95 0.06434
[Episode 241/400] Steps: 720 | Reward:   -4.26 | Battery:  75.27% | Loss: 0.0414
Placing Sensors
[Episode 242/400] Steps: 720 | Reward:   -4.28 | Battery:  78.95% | Loss: 
Placing Sensors
Policy -0.0055 | Value 0.0058 | KL 0.01415 | CF 0.1638 | Std 0.1102 | |a| 0.0508 | EV +0.908 | Rsd 0.335 | Res 0.121 | AE nan | Alpha 0.0100 | MB 24/24
  cert | viol 0.000 | dV -0.343834 | V 0.3652 | inball 0.561 | a*_q05 0.01029 | a*_q50 0.04118 | dV>=0 0.000 | n=150 | a_used 0.00334 -> 0.00352
  crit | n=1 | viol 0.550 | V 0.6885 | Vmin 0.2754 | agree +0.376 | a*_q05 -0.00834 | a*_q50 0.00174 | dV>=0 0.447 | beta 0.1000
  bell | direct viol 0.486 | direct dV>=0 0.447 | d_mean +0.00131 | d_std 0.03657 | d_q95 0.07871
[Episode 243/400] Steps: 720 | Reward:   -3.91 | Battery:  72.90% | Loss: 0.1305
Placing Sensors
[Episode 244/400] Steps: 720 | Reward:   -2.75 | Battery:  81.31% | Loss: 
Placing Sensors
Policy -0.0119 | Value 0.0040 | KL 0.01294 | CF 0.1549 | Std 0.1102 | |a| 0.0327 | EV +0.941 | Rsd 0.297 | Res 0.077 | AE nan | Alpha 0.0100 | MB 24/24
  cert | viol 0.035 | dV -0.205161 | V 0.2412 | inball 0.544 | a*_q05 0.00481 | a*_q50 0.03234 | dV>=0 0.000 | n=150 | a_used 0.00352 -> 0.00366
  crit | n=1 | viol 0.709 | V 0.6068 | Vmin 0.2553 | agree +0.450 | a*_q05 -0.00606 | a*_q50 0.00170 | dV>=0 0.369 | beta 0.1000
  bell | direct viol 0.499 | direct dV>=0 0.468 | d_mean +0.00047 | d_std 0.03466 | d_q95 0.07102
[Episode 245/400] Steps: 720 | Reward:   -4.88 | Battery:  56.73% | Loss: 0.0504
Placing Sensors
[Episode 246/400] Steps: 720 | Reward:   -3.30 | Battery:  68.90% | Loss: 
Placing Sensors
Policy -0.0063 | Value 0.0044 | KL 0.01480 | CF 0.1749 | Std 0.1101 | |a| 0.0331 | EV +0.944 | Rsd 0.337 | Res 0.089 | AE nan | Alpha 0.0100 | MB 24/24
  cert | viol 0.028 | dV -0.257650 | V 0.2946 | inball 0.561 | a*_q05 0.00517 | a*_q50 0.03633 | dV>=0 0.000 | n=150 | a_used 0.00366 -> 0.00380
  crit | n=1 | viol 0.473 | V 0.6301 | Vmin 0.2172 | agree +0.227 | a*_q05 -0.00712 | a*_q50 0.00395 | dV>=0 0.382 | beta 0.1000
  bell | direct viol 0.510 | direct dV>=0 0.471 | d_mean +0.00071 | d_std 0.03533 | d_q95 0.07115
[Episode 247/400] Steps: 720 | Reward:   -4.22 | Battery:  68.68% | Loss: 0.0528
Placing Sensors
[Episode 248/400] Steps: 720 | Reward:   -5.36 | Battery:  76.97% | Loss: 
Placing Sensors
[Episode 249/400] Steps:  72 | Reward:  -17.70 | Battery:   0.00% | Loss: 
Placing Sensors
Policy -0.0078 | Value 0.0211 | KL 0.01019 | CF 0.1177 | Std 0.1101 | |a| 0.0416 | EV +0.810 | Rsd 0.438 | Res 0.195 | AE nan | Alpha 0.0100 | MB 24/24
  cert | viol 0.018 | dV -0.243087 | V 0.2839 | inball 0.516 | a*_q05 0.00658 | a*_q50 0.03264 | dV>=0 0.000 | n=150 | a_used 0.00380 -> 0.00389
  crit | n=1 | viol 0.411 | V 0.6060 | Vmin 0.1861 | agree +0.594 | a*_q05 -0.00614 | a*_q50 0.00491 | dV>=0 0.233 | beta 0.1000
  bell | direct viol 0.529 | direct dV>=0 0.493 | d_mean -0.00060 | d_std 0.04043 | d_q95 0.08390
[Episode 250/400] Steps: 720 | Reward:   -2.46 | Battery:  71.62% | Loss: 0.0245
Placing Sensors
[Episode 251/400] Steps:  93 | Reward:  -17.53 | Battery:   0.00% | Loss: 
Placing Sensors
[Episode 252/400] Steps: 720 | Reward:   -4.64 | Battery:  72.58% | Loss: 
Placing Sensors
Policy 0.0014 | Value 0.0163 | KL 0.01780 | CF 0.2033 | Std 0.1101 | |a| 0.0434 | EV +0.808 | Rsd 0.451 | Res 0.199 | AE nan | Alpha 0.0100 | MB 24/24
  cert | viol 0.020 | dV -0.253699 | V 0.2827 | inball 0.532 | a*_q05 0.00765 | a*_q50 0.03650 | dV>=0 0.000 | n=150 | a_used 0.00389 -> 0.00407
  crit | n=1 | viol 0.656 | V 0.6764 | Vmin 0.2041 | agree +0.579 | a*_q05 -0.00626 | a*_q50 0.00165 | dV>=0 0.381 | beta 0.1000
  bell | direct viol 0.532 | direct dV>=0 0.496 | d_mean +0.00010 | d_std 0.05828 | d_q95 0.11909
[Episode 253/400] Steps: 720 | Reward:   -3.49 | Battery:  66.08% | Loss: 0.0620
Placing Sensors
[Episode 254/400] Steps: 720 | Reward:   -4.86 | Battery:  78.27% | Loss: 
Placing Sensors
Policy -0.0076 | Value 0.0068 | KL 0.01320 | CF 0.1324 | Std 0.1101 | |a| 0.0284 | EV +0.889 | Rsd 0.354 | Res 0.118 | AE nan | Alpha 0.0100 | MB 24/24
  cert | viol 0.048 | dV -0.269028 | V 0.3244 | inball 0.519 | a*_q05 0.00482 | a*_q50 0.02870 | dV>=0 0.000 | n=150 | a_used 0.00407 -> 0.00413
  crit | n=1 | viol 0.372 | V 0.5904 | Vmin 0.1711 | agree +0.468 | a*_q05 -0.00462 | a*_q50 0.00634 | dV>=0 0.200 | beta 0.1000
  bell | direct viol 0.500 | direct dV>=0 0.467 | d_mean +0.00011 | d_std 0.04089 | d_q95 0.08685
[Episode 255/400] Steps: 720 | Reward:   -4.26 | Battery:  74.47% | Loss: -0.0652
Placing Sensors
[Episode 256/400] Steps: 720 | Reward:   -3.96 | Battery:  78.88% | Loss: 
Placing Sensors
Policy -0.0140 | Value 0.0054 | KL 0.01363 | CF 0.1723 | Std 0.1101 | |a| 0.0318 | EV +0.899 | Rsd 0.295 | Res 0.095 | AE nan | Alpha 0.0100 | MB 24/24
  cert | viol 0.000 | dV -0.258500 | V 0.2800 | inball 0.581 | a*_q05 0.01060 | a*_q50 0.03839 | dV>=0 0.000 | n=150 | a_used 0.00413 -> 0.00432
  crit | n=1 | viol 0.567 | V 0.5393 | Vmin 0.2470 | agree +0.504 | a*_q05 -0.00700 | a*_q50 0.00280 | dV>=0 0.412 | beta 0.1000
  bell | direct viol 0.506 | direct dV>=0 0.467 | d_mean +0.00088 | d_std 0.03507 | d_q95 0.07199
[Episode 257/400] Steps: 720 | Reward:   -3.56 | Battery:  66.10% | Loss: 0.0392
Placing Sensors
[Episode 258/400] Steps: 720 | Reward:   -4.97 | Battery:  76.06% | Loss: 
Placing Sensors
Policy -0.0122 | Value 0.0071 | KL 0.01858 | CF 0.1902 | Std 0.1101 | |a| 0.0321 | EV +0.898 | Rsd 0.300 | Res 0.098 | AE nan | Alpha 0.0100 | MB 24/24
  cert | viol 0.090 | dV -0.265889 | V 0.3304 | inball 0.501 | a*_q05 0.00346 | a*_q50 0.02956 | dV>=0 0.000 | n=150 | a_used 0.00432 -> 0.00424
  crit | n=1 | viol 0.492 | V 0.5831 | Vmin 0.2617 | agree +0.603 | a*_q05 -0.00566 | a*_q50 0.00441 | dV>=0 0.315 | beta 0.1000
  bell | direct viol 0.511 | direct dV>=0 0.472 | d_mean -0.00099 | d_std 0.03307 | d_q95 0.06426
[Episode 259/400] Steps: 720 | Reward:   -4.35 | Battery:  73.12% | Loss: -0.1488
Placing Sensors
[Episode 260/400] Steps: 720 | Reward:   -3.22 | Battery:  72.09% | Loss: 
Placing Sensors
Policy -0.0144 | Value 0.0039 | KL 0.00997 | CF 0.1357 | Std 0.1101 | |a| 0.0303 | EV +0.917 | Rsd 0.261 | Res 0.078 | AE nan | Alpha 0.0100 | MB 24/24
  cert | viol 0.000 | dV -0.220214 | V 0.2380 | inball 0.582 | a*_q05 0.01024 | a*_q50 0.03420 | dV>=0 0.000 | n=150 | a_used 0.00424 -> 0.00443
  crit | n=1 | viol 0.525 | V 0.5571 | Vmin 0.2277 | agree +0.227 | a*_q05 -0.00718 | a*_q50 0.00372 | dV>=0 0.340 | beta 0.1000
  bell | direct viol 0.540 | direct dV>=0 0.497 | d_mean +0.00076 | d_std 0.02808 | d_q95 0.05733
[Episode 261/400] Steps: 720 | Reward:   -3.81 | Battery:  69.77% | Loss: -0.1994
Placing Sensors
[Episode 262/400] Steps: 720 | Reward:   -2.78 | Battery:  84.90% | Loss: 
Placing Sensors
Policy -0.0089 | Value 0.0041 | KL 0.01103 | CF 0.1403 | Std 0.1101 | |a| 0.0297 | EV +0.921 | Rsd 0.290 | Res 0.082 | AE nan | Alpha 0.0100 | MB 24/24
  cert | viol 0.024 | dV -0.284370 | V 0.3226 | inball 0.608 | a*_q05 0.00707 | a*_q50 0.03518 | dV>=0 0.000 | n=150 | a_used 0.00443 -> 0.00455
  crit | n=1 | viol 0.433 | V 0.5000 | Vmin 0.1597 | agree +0.563 | a*_q05 -0.00517 | a*_q50 0.00563 | dV>=0 0.260 | beta 0.1000
  bell | direct viol 0.493 | direct dV>=0 0.457 | d_mean -0.00028 | d_std 0.03180 | d_q95 0.06238
[Episode 263/400] Steps: 720 | Reward:   -4.35 | Battery:  73.51% | Loss: 0.0879
Placing Sensors
[Episode 264/400] Steps: 720 | Reward:   -4.08 | Battery:  72.41% | Loss: 
Placing Sensors
Policy -0.0056 | Value 0.0038 | KL 0.00724 | CF 0.0777 | Std 0.1101 | |a| 0.0353 | EV +0.874 | Rsd 0.253 | Res 0.092 | AE nan | Alpha 0.0100 | MB 24/24
  cert | viol 0.059 | dV -0.192837 | V 0.2321 | inball 0.554 | a*_q05 0.00462 | a*_q50 0.02748 | dV>=0 0.000 | n=150 | a_used 0.00455 -> 0.00453
  crit | n=1 | viol 0.477 | V 0.5079 | Vmin 0.2018 | agree +0.380 | a*_q05 -0.00575 | a*_q50 0.00516 | dV>=0 0.256 | beta 0.1000
  bell | direct viol 0.525 | direct dV>=0 0.462 | d_mean -0.00053 | d_std 0.03008 | d_q95 0.06013
[Episode 265/400] Steps: 720 | Reward:   -3.62 | Battery:  85.04% | Loss: 0.0496
Placing Sensors
[Episode 266/400] Steps: 720 | Reward:   -3.34 | Battery:  82.28% | Loss: 
Placing Sensors
[Episode 267/400] Steps:  97 | Reward:  -17.42 | Battery:   0.00% | Loss: 
Placing Sensors
Policy -0.0062 | Value 0.0214 | KL 0.01054 | CF 0.1097 | Std 0.1101 | |a| 0.0462 | EV +0.804 | Rsd 0.418 | Res 0.187 | AE nan | Alpha 0.0100 | MB 24/28
  cert | viol 0.000 | dV -0.267317 | V 0.2823 | inball 0.529 | a*_q05 0.01245 | a*_q50 0.03878 | dV>=0 0.000 | n=150 | a_used 0.00453 -> 0.00472
  crit | n=1 | viol 0.584 | V 0.5569 | Vmin 0.1779 | agree +0.654 | a*_q05 -0.00650 | a*_q50 0.00312 | dV>=0 0.352 | beta 0.1000
  bell | direct viol 0.552 | direct dV>=0 0.504 | d_mean -0.00004 | d_std 0.03331 | d_q95 0.06956
[Episode 268/400] Steps: 720 | Reward:   -3.77 | Battery:  58.72% | Loss: 0.0165
Placing Sensors
[Episode 269/400] Steps: 720 | Reward:   -3.41 | Battery:  82.73% | Loss: 
Placing Sensors
Policy 0.0046 | Value 0.0091 | KL 0.03036 | CF 0.2570 | Std 0.1101 | |a| 0.0314 | EV +0.880 | Rsd 0.335 | Res 0.117 | AE nan | Alpha 0.0100 | MB 18/24
  cert | viol 0.000 | dV -0.256207 | V 0.2777 | inball 0.615 | a*_q05 0.00979 | a*_q50 0.03692 | dV>=0 0.000 | n=150 | a_used 0.00472 -> 0.00484
  crit | n=1 | viol 0.686 | V 0.4927 | Vmin 0.1820 | agree +0.634 | a*_q05 -0.00633 | a*_q50 0.00179 | dV>=0 0.376 | beta 0.1000
  bell | direct viol 0.493 | direct dV>=0 0.451 | d_mean +0.00180 | d_std 0.03868 | d_q95 0.08163
[Episode 270/400] Steps: 720 | Reward:   -3.44 | Battery:  76.13% | Loss: 0.0513
Placing Sensors
[Episode 271/400] Steps: 720 | Reward:   -4.61 | Battery:  69.50% | Loss: 
Placing Sensors
Policy -0.0018 | Value 0.0050 | KL 0.01685 | CF 0.1367 | Std 0.1101 | |a| 0.0406 | EV +0.896 | Rsd 0.318 | Res 0.103 | AE nan | Alpha 0.0100 | MB 24/24
  cert | viol 0.067 | dV -0.222175 | V 0.2685 | inball 0.606 | a*_q05 0.00431 | a*_q50 0.03471 | dV>=0 0.000 | n=150 | a_used 0.00484 -> 0.00482
  crit | n=1 | viol 0.623 | V 0.4621 | Vmin 0.1127 | agree +0.550 | a*_q05 -0.00612 | a*_q50 0.00306 | dV>=0 0.291 | beta 0.1000
  bell | direct viol 0.506 | direct dV>=0 0.456 | d_mean +0.00167 | d_std 0.03974 | d_q95 0.08971
[Episode 272/400] Steps: 720 | Reward:   -1.83 | Battery:  87.34% | Loss: 0.0006
Placing Sensors
[Episode 273/400] Steps: 720 | Reward:   -4.68 | Battery:  73.24% | Loss: 
Placing Sensors
Policy -0.0036 | Value 0.0037 | KL 0.01409 | CF 0.1521 | Std 0.1101 | |a| 0.0322 | EV +0.945 | Rsd 0.303 | Res 0.076 | AE nan | Alpha 0.0100 | MB 24/24
  cert | viol 0.018 | dV -0.223332 | V 0.2676 | inball 0.513 | a*_q05 0.00646 | a*_q50 0.02669 | dV>=0 0.000 | n=150 | a_used 0.00482 -> 0.00486
  crit | n=1 | viol 0.460 | V 0.5104 | Vmin 0.1716 | agree +0.569 | a*_q05 -0.00573 | a*_q50 0.00548 | dV>=0 0.174 | beta 0.1000
  bell | direct viol 0.497 | direct dV>=0 0.442 | d_mean -0.00028 | d_std 0.03066 | d_q95 0.06432
[Episode 274/400] Steps: 720 | Reward:   -3.68 | Battery:  81.85% | Loss: 0.0180
Placing Sensors
[Episode 275/400] Steps: 720 | Reward:   -5.85 | Battery:  57.52% | Loss: 
Placing Sensors
Policy -0.0093 | Value 0.0065 | KL 0.01034 | CF 0.1043 | Std 0.1101 | |a| 0.0386 | EV +0.881 | Rsd 0.319 | Res 0.117 | AE nan | Alpha 0.0100 | MB 24/24
  cert | viol 0.134 | dV -0.243762 | V 0.2923 | inball 0.410 | a*_q05 -0.01015 | a*_q50 0.02856 | dV>=0 0.096 | n=150 | a_used 0.00486 -> 0.00461
  crit | n=1 | viol 0.650 | V 0.6189 | Vmin 0.2466 | agree +0.513 | a*_q05 -0.00542 | a*_q50 0.00138 | dV>=0 0.426 | beta 0.1000
  bell | direct viol 0.533 | direct dV>=0 0.484 | d_mean -0.00089 | d_std 0.03366 | d_q95 0.06990
[Episode 276/400] Steps: 720 | Reward:   -4.11 | Battery:  67.79% | Loss: 0.0100
Placing Sensors
[Episode 277/400] Steps: 720 | Reward:   -3.36 | Battery:  70.49% | Loss: 
Placing Sensors
Policy -0.0147 | Value 0.0039 | KL 0.01320 | CF 0.1504 | Std 0.1101 | |a| 0.0364 | EV +0.912 | Rsd 0.255 | Res 0.076 | AE nan | Alpha 0.0100 | MB 24/24
  cert | viol 0.088 | dV -0.233557 | V 0.2813 | inball 0.571 | a*_q05 0.00381 | a*_q50 0.03349 | dV>=0 0.000 | n=150 | a_used 0.00461 -> 0.00463
  crit | n=1 | viol 0.500 | V 0.5116 | Vmin 0.2448 | agree +0.562 | a*_q05 -0.00608 | a*_q50 0.00450 | dV>=0 0.288 | beta 0.1000
  bell | direct viol 0.511 | direct dV>=0 0.464 | d_mean -0.00057 | d_std 0.03257 | d_q95 0.06689
[Episode 278/400] Steps: 720 | Reward:   -4.59 | Battery:  80.94% | Loss: -0.0981
Placing Sensors
[Episode 279/400] Steps: 720 | Reward:   -5.26 | Battery:  61.27% | Loss: 
Placing Sensors
Policy -0.0073 | Value 0.0047 | KL 0.01115 | CF 0.1071 | Std 0.1101 | |a| 0.0463 | EV +0.905 | Rsd 0.289 | Res 0.089 | AE nan | Alpha 0.0100 | MB 24/24
  cert | viol 0.021 | dV -0.286239 | V 0.3174 | inball 0.505 | a*_q05 0.00817 | a*_q50 0.03684 | dV>=0 0.008 | n=150 | a_used 0.00463 -> 0.00477
  crit | n=1 | viol 0.706 | V 0.5806 | Vmin 0.2332 | agree +0.580 | a*_q05 -0.00613 | a*_q50 0.00052 | dV>=0 0.469 | beta 0.1000
  bell | direct viol 0.510 | direct dV>=0 0.457 | d_mean +0.00059 | d_std 0.03362 | d_q95 0.06819
[Episode 280/400] Steps: 720 | Reward:   -3.42 | Battery:  72.13% | Loss: -0.0151
Placing Sensors
[Episode 281/400] Steps:  71 | Reward:  -17.60 | Battery:   0.00% | Loss: 
Placing Sensors
[Episode 282/400] Steps: 720 | Reward:   -4.00 | Battery:  76.07% | Loss: 
Placing Sensors
[Episode 283/400] Steps: 134 | Reward:  -17.24 | Battery:   0.00% | Loss: 
Placing Sensors
Policy -0.0052 | Value 0.0246 | KL 0.01161 | CF 0.1435 | Std 0.1101 | |a| 0.0433 | EV +0.750 | Rsd 0.479 | Res 0.244 | AE nan | Alpha 0.0100 | MB 28/28
  cert | viol 0.000 | dV -0.248773 | V 0.2630 | inball 0.553 | a*_q05 0.01230 | a*_q50 0.03722 | dV>=0 0.000 | n=150 | a_used 0.00477 -> 0.00495
  crit | n=1 | viol 0.746 | V 0.6717 | Vmin 0.2398 | agree +0.801 | a*_q05 -0.00619 | a*_q50 0.00221 | dV>=0 0.324 | beta 0.1000
  bell | direct viol 0.545 | direct dV>=0 0.494 | d_mean +0.00084 | d_std 0.05366 | d_q95 0.11043
[Episode 284/400] Steps: 720 | Reward:   -3.04 | Battery:  80.29% | Loss: -0.0421
Placing Sensors
[Episode 285/400] Steps: 720 | Reward:   -5.00 | Battery:  71.23% | Loss: 
Placing Sensors
Policy -0.0033 | Value 0.0098 | KL 0.01571 | CF 0.1634 | Std 0.1101 | |a| 0.0474 | EV +0.828 | Rsd 0.374 | Res 0.155 | AE nan | Alpha 0.0100 | MB 24/24
  cert | viol 0.064 | dV -0.313905 | V 0.3736 | inball 0.401 | a*_q05 0.00450 | a*_q50 0.03113 | dV>=0 0.018 | n=150 | a_used 0.00495 -> 0.00498
  crit | n=1 | viol 0.530 | V 0.7048 | Vmin 0.2726 | agree +0.504 | a*_q05 -0.00598 | a*_q50 0.00399 | dV>=0 0.392 | beta 0.1000
  bell | direct viol 0.525 | direct dV>=0 0.478 | d_mean -0.00049 | d_std 0.03706 | d_q95 0.07521
[Episode 286/400] Steps: 720 | Reward:   -6.15 | Battery:  56.16% | Loss: 0.0343
Placing Sensors
[Episode 287/400] Steps: 720 | Reward:   -5.04 | Battery:  72.48% | Loss: 
Placing Sensors
Policy -0.0131 | Value 0.0055 | KL 0.01532 | CF 0.1353 | Std 0.1102 | |a| 0.0463 | EV +0.930 | Rsd 0.362 | Res 0.097 | AE nan | Alpha 0.0100 | MB 24/24
  cert | viol 0.081 | dV -0.296215 | V 0.3636 | inball 0.532 | a*_q05 0.00436 | a*_q50 0.03022 | dV>=0 0.000 | n=150 | a_used 0.00498 -> 0.00492
  crit | n=1 | viol 0.540 | V 0.6281 | Vmin 0.2772 | agree +0.615 | a*_q05 -0.00674 | a*_q50 0.00452 | dV>=0 0.283 | beta 0.1000
  bell | direct viol 0.538 | direct dV>=0 0.476 | d_mean -0.00028 | d_std 0.03679 | d_q95 0.07801
[Episode 288/400] Steps: 720 | Reward:   -4.80 | Battery:  81.37% | Loss: -0.0811
Placing Sensors
[Episode 289/400] Steps:  72 | Reward:  -17.76 | Battery:   0.00% | Loss: 
Placing Sensors
[Episode 290/400] Steps: 720 | Reward:   -2.85 | Battery:  79.02% | Loss: 
Placing Sensors
Policy -0.0070 | Value 0.0131 | KL 0.01283 | CF 0.1216 | Std 0.1102 | |a| 0.0354 | EV +0.830 | Rsd 0.416 | Res 0.178 | AE nan | Alpha 0.0100 | MB 24/24
  cert | viol 0.000 | dV -0.236583 | V 0.2458 | inball 0.621 | a*_q05 0.01444 | a*_q50 0.04049 | dV>=0 0.000 | n=150 | a_used 0.00492 -> 0.00510
  crit | n=1 | viol 0.798 | V 0.5988 | Vmin 0.2230 | agree +0.620 | a*_q05 -0.00728 | a*_q50 -0.00001 | dV>=0 0.497 | beta 0.1000
  bell | direct viol 0.519 | direct dV>=0 0.476 | d_mean +0.00264 | d_std 0.03854 | d_q95 0.07313
[Episode 291/400] Steps: 720 | Reward:   -2.59 | Battery:  80.26% | Loss: -0.0173
Placing Sensors
[Episode 292/400] Steps: 720 | Reward:   -4.09 | Battery:  84.44% | Loss: 
Placing Sensors
Policy -0.0108 | Value 0.0057 | KL 0.01344 | CF 0.1355 | Std 0.1102 | |a| 0.0429 | EV +0.877 | Rsd 0.311 | Res 0.113 | AE nan | Alpha 0.0100 | MB 24/24
  cert | viol 0.013 | dV -0.226240 | V 0.2602 | inball 0.579 | a*_q05 0.00749 | a*_q50 0.03191 | dV>=0 0.000 | n=150 | a_used 0.00510 -> 0.00520
  crit | n=1 | viol 0.778 | V 0.6183 | Vmin 0.2672 | agree +0.608 | a*_q05 -0.00647 | a*_q50 0.00147 | dV>=0 0.368 | beta 0.1000
  bell | direct viol 0.498 | direct dV>=0 0.456 | d_mean +0.00166 | d_std 0.03772 | d_q95 0.07662
[Episode 293/400] Steps: 720 | Reward:   -4.13 | Battery:  77.60% | Loss: -0.0210
Placing Sensors
[Episode 294/400] Steps: 720 | Reward:   -5.21 | Battery:  80.96% | Loss: 
Placing Sensors
Policy -0.0042 | Value 0.0055 | KL 0.01839 | CF 0.1319 | Std 0.1102 | |a| 0.0357 | EV +0.896 | Rsd 0.299 | Res 0.097 | AE nan | Alpha 0.0100 | MB 24/24
  cert | viol 0.086 | dV -0.267245 | V 0.3260 | inball 0.551 | a*_q05 0.00402 | a*_q50 0.03135 | dV>=0 0.000 | n=150 | a_used 0.00520 -> 0.00517
  crit | n=1 | viol 0.628 | V 0.6021 | Vmin 0.2803 | agree +0.473 | a*_q05 -0.00555 | a*_q50 0.00253 | dV>=0 0.362 | beta 0.1000
  bell | direct viol 0.505 | direct dV>=0 0.459 | d_mean -0.00047 | d_std 0.03542 | d_q95 0.06915
[Episode 295/400] Steps: 720 | Reward:   -3.82 | Battery:  69.04% | Loss: -0.0519
Placing Sensors
[Episode 296/400] Steps: 720 | Reward:   -4.24 | Battery:  74.22% | Loss: 
Placing Sensors
Policy -0.0032 | Value 0.0031 | KL 0.01385 | CF 0.1604 | Std 0.1102 | |a| 0.0371 | EV +0.914 | Rsd 0.243 | Res 0.075 | AE nan | Alpha 0.0100 | MB 24/24
  cert | viol 0.012 | dV -0.199413 | V 0.2318 | inball 0.515 | a*_q05 0.00820 | a*_q50 0.02609 | dV>=0 0.000 | n=150 | a_used 0.00517 -> 0.00527
  crit | n=1 | viol 0.608 | V 0.5671 | Vmin 0.2812 | agree +0.385 | a*_q05 -0.00561 | a*_q50 0.00363 | dV>=0 0.213 | beta 0.1000
  bell | direct viol 0.516 | direct dV>=0 0.468 | d_mean -0.00071 | d_std 0.03292 | d_q95 0.07036
[Episode 297/400] Steps: 720 | Reward:   -3.21 | Battery:  77.45% | Loss: 0.0138
Placing Sensors
[Episode 298/400] Steps: 720 | Reward:   -4.91 | Battery:  87.15% | Loss: 
Placing Sensors
Policy 0.0000 | Value 0.0065 | KL 0.01396 | CF 0.1486 | Std 0.1102 | |a| 0.0494 | EV +0.846 | Rsd 0.316 | Res 0.128 | AE nan | Alpha 0.0100 | MB 24/24
  cert | viol 0.150 | dV -0.199015 | V 0.2887 | inball 0.352 | a*_q05 0.00357 | a*_q50 0.01625 | dV>=0 0.000 | n=150 | a_used 0.00527 -> 0.00516
  crit | n=1 | viol 0.503 | V 0.6901 | Vmin 0.3336 | agree +0.369 | a*_q05 -0.00343 | a*_q50 0.00526 | dV>=0 0.248 | beta 0.1000
  bell | direct viol 0.539 | direct dV>=0 0.476 | d_mean -0.00152 | d_std 0.03212 | d_q95 0.06180
[Episode 299/400] Steps: 720 | Reward:   -6.24 | Battery:  51.48% | Loss: 0.0842
Placing Sensors
[Episode 300/400] Steps: 720 | Reward:   -4.10 | Battery:  74.78% | Loss: 
Placing Sensors
Policy -0.0090 | Value 0.0041 | KL 0.01105 | CF 0.0838 | Std 0.1102 | |a| 0.0487 | EV +0.929 | Rsd 0.326 | Res 0.089 | AE nan | Alpha 0.0100 | MB 24/24
  cert | viol 0.084 | dV -0.255511 | V 0.3169 | inball 0.501 | a*_q05 0.00318 | a*_q50 0.02960 | dV>=0 0.007 | n=150 | a_used 0.00516 -> 0.00517
  crit | n=1 | viol 0.631 | V 0.6523 | Vmin 0.2566 | agree +0.562 | a*_q05 -0.00595 | a*_q50 0.00329 | dV>=0 0.327 | beta 0.1000
  bell | direct viol 0.525 | direct dV>=0 0.463 | d_mean -0.00006 | d_std 0.02913 | d_q95 0.05845
[Episode 301/400] Steps: 720 | Reward:   -4.79 | Battery:  69.99% | Loss: 0.0439
Placing Sensors
[Episode 302/400] Steps: 720 | Reward:   -3.70 | Battery:  82.81% | Loss: 
Placing Sensors
Policy -0.0098 | Value 0.0033 | KL 0.01767 | CF 0.1801 | Std 0.1102 | |a| 0.0373 | EV +0.948 | Rsd 0.303 | Res 0.069 | AE nan | Alpha 0.0100 | MB 24/24
  cert | viol 0.000 | dV -0.269001 | V 0.2927 | inball 0.612 | a*_q05 0.00923 | a*_q50 0.03700 | dV>=0 0.000 | n=150 | a_used 0.00517 -> 0.00531
  crit | n=1 | viol 0.600 | V 0.5246 | Vmin 0.1942 | agree +0.526 | a*_q05 -0.00652 | a*_q50 0.00400 | dV>=0 0.314 | beta 0.1000
  bell | direct viol 0.486 | direct dV>=0 0.435 | d_mean +0.00128 | d_std 0.03121 | d_q95 0.06579
[Episode 303/400] Steps: 720 | Reward:   -3.73 | Battery:  76.60% | Loss: 0.0276
Placing Sensors
[Episode 304/400] Steps: 720 | Reward:   -2.04 | Battery:  84.89% | Loss: 
Placing Sensors
Policy -0.0050 | Value 0.0043 | KL 0.01591 | CF 0.1571 | Std 0.1102 | |a| 0.0416 | EV +0.925 | Rsd 0.298 | Res 0.082 | AE nan | Alpha 0.0100 | MB 18/24
  cert | viol 0.095 | dV -0.244249 | V 0.3041 | inball 0.579 | a*_q05 0.00400 | a*_q50 0.03322 | dV>=0 0.000 | n=150 | a_used 0.00531 -> 0.00529
  crit | n=1 | viol 0.549 | V 0.4904 | Vmin 0.1598 | agree +0.633 | a*_q05 -0.00673 | a*_q50 0.00446 | dV>=0 0.266 | beta 0.1000
  bell | direct viol 0.513 | direct dV>=0 0.466 | d_mean -0.00051 | d_std 0.03236 | d_q95 0.06559
[Episode 305/400] Steps: 720 | Reward:   -5.36 | Battery:  73.64% | Loss: -0.0868
Placing Sensors
[Episode 306/400] Steps: 720 | Reward:   -4.27 | Battery:  86.76% | Loss: 
Placing Sensors
[Episode 307/400] Steps:  80 | Reward:  -17.50 | Battery:   0.00% | Loss: 
Placing Sensors
Policy -0.0073 | Value 0.0218 | KL 0.02076 | CF 0.1545 | Std 0.1102 | |a| 0.0459 | EV +0.803 | Rsd 0.433 | Res 0.195 | AE nan | Alpha 0.0100 | MB 18/24
  cert | viol 0.008 | dV -0.261106 | V 0.2940 | inball 0.568 | a*_q05 0.00794 | a*_q50 0.03419 | dV>=0 0.000 | n=150 | a_used 0.00529 -> 0.00534
  crit | n=1 | viol 0.463 | V 0.5429 | Vmin 0.1989 | agree +0.656 | a*_q05 -0.00506 | a*_q50 0.00608 | dV>=0 0.145 | beta 0.1000
  bell | direct viol 0.521 | direct dV>=0 0.463 | d_mean -0.00068 | d_std 0.03575 | d_q95 0.07335
[Episode 308/400] Steps: 720 | Reward:   -2.97 | Battery:  76.17% | Loss: -0.0547
Placing Sensors
[Episode 309/400] Steps: 720 | Reward:   -5.47 | Battery:  82.68% | Loss: 
Placing Sensors
Policy 0.0085 | Value 0.0086 | KL 0.02375 | CF 0.1426 | Std 0.1102 | |a| 0.0446 | EV +0.894 | Rsd 0.320 | Res 0.107 | AE nan | Alpha 0.0100 | MB 12/24
  cert | viol 0.089 | dV -0.266514 | V 0.3293 | inball 0.592 | a*_q05 0.00356 | a*_q50 0.03324 | dV>=0 0.000 | n=150 | a_used 0.00534 -> 0.00528
  crit | n=1 | viol 0.505 | V 0.4805 | Vmin 0.2123 | agree +0.666 | a*_q05 -0.00594 | a*_q50 0.00538 | dV>=0 0.267 | beta 0.1000
  bell | direct viol 0.503 | direct dV>=0 0.472 | d_mean -0.00048 | d_std 0.06284 | d_q95 0.13232
[Episode 310/400] Steps: 720 | Reward:   -2.57 | Battery:  80.92% | Loss: 0.1070
Placing Sensors
[Episode 311/400] Steps: 720 | Reward:   -5.33 | Battery:  67.55% | Loss: 
Placing Sensors
Policy 0.0080 | Value 0.0160 | KL 0.03622 | CF 0.2383 | Std 0.1102 | |a| 0.0543 | EV +0.833 | Rsd 0.395 | Res 0.170 | AE nan | Alpha 0.0100 | MB 12/24
  cert | viol 0.164 | dV -0.232848 | V 0.3204 | inball 0.453 | a*_q05 0.00020 | a*_q50 0.02747 | dV>=0 0.056 | n=150 | a_used 0.00528 -> 0.00480
  crit | n=1 | viol 0.583 | V 0.6580 | Vmin 0.1972 | agree +0.249 | a*_q05 -0.00477 | a*_q50 0.00335 | dV>=0 0.297 | beta 0.1000
  bell | direct viol 0.525 | direct dV>=0 0.480 | d_mean +0.00026 | d_std 0.05664 | d_q95 0.11790
[Episode 312/400] Steps: 720 | Reward:   -4.41 | Battery:  57.60% | Loss: -0.0242
Placing Sensors
[Episode 313/400] Steps: 720 | Reward:   -4.36 | Battery:  74.81% | Loss: 
Placing Sensors
Policy 0.0052 | Value 0.0069 | KL 0.02631 | CF 0.2507 | Std 0.1102 | |a| 0.0439 | EV +0.907 | Rsd 0.322 | Res 0.099 | AE nan | Alpha 0.0100 | MB 18/24
  cert | viol 0.048 | dV -0.236767 | V 0.2836 | inball 0.496 | a*_q05 0.00533 | a*_q50 0.02828 | dV>=0 0.000 | n=150 | a_used 0.00480 -> 0.00481
  crit | n=1 | viol 0.765 | V 0.6058 | Vmin 0.1927 | agree +0.749 | a*_q05 -0.00625 | a*_q50 0.00233 | dV>=0 0.363 | beta 0.1000
  bell | direct viol 0.509 | direct dV>=0 0.469 | d_mean +0.00072 | d_std 0.04912 | d_q95 0.09959
[Episode 314/400] Steps: 720 | Reward:   -4.56 | Battery:  78.04% | Loss: -0.0051
Placing Sensors
[Episode 315/400] Steps: 720 | Reward:   -4.69 | Battery:  86.40% | Loss: 
Placing Sensors
Policy -0.0106 | Value 0.0034 | KL 0.01760 | CF 0.1726 | Std 0.1103 | |a| 0.0428 | EV +0.956 | Rsd 0.329 | Res 0.075 | AE nan | Alpha 0.0100 | MB 24/24
  cert | viol 0.090 | dV -0.245078 | V 0.2978 | inball 0.585 | a*_q05 0.00300 | a*_q50 0.03221 | dV>=0 0.002 | n=150 | a_used 0.00481 -> 0.00459
  crit | n=1 | viol 0.580 | V 0.5666 | Vmin 0.2120 | agree +0.609 | a*_q05 -0.00558 | a*_q50 0.00383 | dV>=0 0.232 | beta 0.1000
  bell | direct viol 0.504 | direct dV>=0 0.447 | d_mean +0.00096 | d_std 0.02950 | d_q95 0.05771
[Episode 316/400] Steps: 720 | Reward:   -3.00 | Battery:  78.46% | Loss: 0.0399
Placing Sensors
[Episode 317/400] Steps: 720 | Reward:   -3.40 | Battery:  86.91% | Loss: 
Placing Sensors
Policy -0.0048 | Value 0.0046 | KL 0.02114 | CF 0.1958 | Std 0.1103 | |a| 0.0614 | EV +0.941 | Rsd 0.326 | Res 0.089 | AE nan | Alpha 0.0100 | MB 24/24
  cert | viol 0.036 | dV -0.264682 | V 0.2984 | inball 0.573 | a*_q05 0.00634 | a*_q50 0.03586 | dV>=0 0.000 | n=150 | a_used 0.00459 -> 0.00477
  crit | n=1 | viol 0.576 | V 0.6207 | Vmin 0.1769 | agree +0.359 | a*_q05 -0.00682 | a*_q50 0.00350 | dV>=0 0.336 | beta 0.1000
  bell | direct viol 0.515 | direct dV>=0 0.475 | d_mean +0.00122 | d_std 0.03986 | d_q95 0.07919
[Episode 318/400] Steps: 720 | Reward:   -4.30 | Battery:  62.47% | Loss: -0.0327
Placing Sensors
[Episode 319/400] Steps:  74 | Reward:  -17.70 | Battery:   0.00% | Loss: 
Placing Sensors
[Episode 320/400] Steps: 720 | Reward:   -3.18 | Battery:  75.69% | Loss: 
Placing Sensors
[Episode 321/400] Steps:  73 | Reward:  -17.74 | Battery:   0.00% | Loss: 
Placing Sensors
Policy 0.0013 | Value 0.0403 | KL 0.02449 | CF 0.1990 | Std 0.1103 | |a| 0.0430 | EV +0.729 | Rsd 0.473 | Res 0.253 | AE nan | Alpha 0.0100 | MB 21/28
  cert | viol 0.008 | dV -0.183511 | V 0.2114 | inball 0.476 | a*_q05 0.00748 | a*_q50 0.02961 | dV>=0 0.000 | n=150 | a_used 0.00477 -> 0.00489
  crit | n=1 | viol 0.776 | V 0.6874 | Vmin 0.2504 | agree +0.696 | a*_q05 -0.00535 | a*_q50 0.00171 | dV>=0 0.361 | beta 0.1000
  bell | direct viol 0.520 | direct dV>=0 0.480 | d_mean +0.00112 | d_std 0.05856 | d_q95 0.12531
[Episode 322/400] Steps: 720 | Reward:   -4.54 | Battery:  63.57% | Loss: 0.1862
Placing Sensors
[Episode 323/400] Steps:  75 | Reward:  -17.53 | Battery:   0.00% | Loss: 
Placing Sensors
[Episode 324/400] Steps: 720 | Reward:   -6.05 | Battery:  42.15% | Loss: 
Placing Sensors
Policy 0.0015 | Value 0.0190 | KL 0.01695 | CF 0.1534 | Std 0.1102 | |a| 0.0521 | EV +0.864 | Rsd 0.495 | Res 0.182 | AE nan | Alpha 0.0100 | MB 24/24
  cert | viol 0.067 | dV -0.205691 | V 0.2538 | inball 0.459 | a*_q05 0.00419 | a*_q50 0.02939 | dV>=0 0.013 | n=150 | a_used 0.00489 -> 0.00485
  crit | n=1 | viol 0.711 | V 0.7395 | Vmin 0.2310 | agree +0.570 | a*_q05 -0.00520 | a*_q50 -0.00002 | dV>=0 0.499 | beta 0.1000
  bell | direct viol 0.498 | direct dV>=0 0.466 | d_mean +0.00226 | d_std 0.07010 | d_q95 0.14818
[Episode 325/400] Steps: 720 | Reward:   -2.33 | Battery:  80.98% | Loss: -0.0270
Placing Sensors
[Episode 326/400] Steps: 720 | Reward:   -3.16 | Battery:  74.13% | Loss: 
Placing Sensors
Policy -0.0020 | Value 0.0089 | KL 0.01620 | CF 0.1437 | Std 0.1102 | |a| 0.0518 | EV +0.867 | Rsd 0.389 | Res 0.142 | AE nan | Alpha 0.0100 | MB 24/24
  cert | viol 0.092 | dV -0.232758 | V 0.2992 | inball 0.521 | a*_q05 0.00295 | a*_q50 0.02754 | dV>=0 0.000 | n=150 | a_used 0.00485 -> 0.00472
  crit | n=1 | viol 0.537 | V 0.6366 | Vmin 0.1878 | agree +0.360 | a*_q05 -0.00458 | a*_q50 0.00449 | dV>=0 0.227 | beta 0.1000
  bell | direct viol 0.506 | direct dV>=0 0.471 | d_mean +0.00019 | d_std 0.05104 | d_q95 0.10340
[Episode 327/400] Steps: 720 | Reward:   -5.18 | Battery:  72.86% | Loss: -0.0388
Placing Sensors
[Episode 328/400] Steps: 720 | Reward:   -4.24 | Battery:  71.76% | Loss: 
Placing Sensors
Policy -0.0019 | Value 0.0070 | KL 0.02202 | CF 0.1921 | Std 0.1102 | |a| 0.0403 | EV +0.869 | Rsd 0.342 | Res 0.124 | AE nan | Alpha 0.0100 | MB 24/24
  cert | viol 0.064 | dV -0.228622 | V 0.2859 | inball 0.432 | a*_q05 0.00447 | a*_q50 0.02472 | dV>=0 0.000 | n=150 | a_used 0.00472 -> 0.00476
  crit | n=1 | viol 0.640 | V 0.6769 | Vmin 0.2548 | agree +0.507 | a*_q05 -0.00448 | a*_q50 0.00290 | dV>=0 0.292 | beta 0.1000
  bell | direct viol 0.521 | direct dV>=0 0.483 | d_mean -0.00016 | d_std 0.04037 | d_q95 0.08272
[Episode 329/400] Steps: 720 | Reward:   -5.46 | Battery:  68.66% | Loss: -0.0409
Placing Sensors
[Episode 330/400] Steps: 720 | Reward:   -3.42 | Battery:  81.30% | Loss: 
Placing Sensors
[Episode 331/400] Steps: 120 | Reward:  -17.47 | Battery:   0.00% | Loss: 
Placing Sensors
Policy -0.0057 | Value 0.0248 | KL 0.01782 | CF 0.1646 | Std 0.1102 | |a| 0.0416 | EV +0.808 | Rsd 0.443 | Res 0.197 | AE nan | Alpha 0.0100 | MB 21/28
  cert | viol 0.117 | dV -0.240392 | V 0.3144 | inball 0.517 | a*_q05 0.00271 | a*_q50 0.03025 | dV>=0 0.000 | n=150 | a_used 0.00476 -> 0.00470
  crit | n=1 | viol 0.618 | V 0.6764 | Vmin 0.2303 | agree +0.741 | a*_q05 -0.00638 | a*_q50 0.00359 | dV>=0 0.211 | beta 0.1000
  bell | direct viol 0.495 | direct dV>=0 0.452 | d_mean +0.00082 | d_std 0.04714 | d_q95 0.09877
[Episode 332/400] Steps: 720 | Reward:   -5.53 | Battery:  81.17% | Loss: 0.4904
Placing Sensors
[Episode 333/400] Steps: 107 | Reward:  -17.23 | Battery:   0.00% | Loss: 
Placing Sensors
[Episode 334/400] Steps: 720 | Reward:   -3.49 | Battery:  79.29% | Loss: 
Placing Sensors
Policy 0.0222 | Value 0.0233 | KL 0.03031 | CF 0.1739 | Std 0.1102 | |a| 0.0591 | EV +0.820 | Rsd 0.445 | Res 0.194 | AE nan | Alpha 0.0100 | MB 21/28
  cert | viol 0.028 | dV -0.289201 | V 0.3311 | inball 0.505 | a*_q05 0.00742 | a*_q50 0.03250 | dV>=0 0.000 | n=150 | a_used 0.00470 -> 0.00479
  crit | n=1 | viol 0.769 | V 0.8286 | Vmin 0.3081 | agree +0.570 | a*_q05 -0.00663 | a*_q50 0.00131 | dV>=0 0.416 | beta 0.1000
  bell | direct viol 0.539 | direct dV>=0 0.490 | d_mean +0.00383 | d_std 0.04865 | d_q95 0.09462
[Episode 335/400] Steps: 720 | Reward:   -4.71 | Battery:  70.02% | Loss: 0.4326
Placing Sensors
[Episode 336/400] Steps: 720 | Reward:   -2.88 | Battery:  60.75% | Loss: 
Placing Sensors
Policy -0.0036 | Value 0.0066 | KL 0.01577 | CF 0.1666 | Std 0.1102 | |a| 0.0612 | EV +0.917 | Rsd 0.352 | Res 0.103 | AE nan | Alpha 0.0100 | MB 24/24
  cert | viol 0.049 | dV -0.176643 | V 0.2269 | inball 0.443 | a*_q05 0.00503 | a*_q50 0.02229 | dV>=0 0.000 | n=150 | a_used 0.00479 -> 0.00481
  crit | n=1 | viol 0.703 | V 0.7040 | Vmin 0.3463 | agree +0.226 | a*_q05 -0.00443 | a*_q50 0.00162 | dV>=0 0.362 | beta 0.1000
  bell | direct viol 0.558 | direct dV>=0 0.500 | d_mean -0.00013 | d_std 0.03133 | d_q95 0.06821
[Episode 337/400] Steps: 720 | Reward:   -5.54 | Battery:  74.86% | Loss: 0.1288
Placing Sensors
[Episode 338/400] Steps: 720 | Reward:   -3.96 | Battery:  74.16% | Loss: 
Placing Sensors
Policy -0.0038 | Value 0.0064 | KL 0.01177 | CF 0.1058 | Std 0.1103 | |a| 0.0554 | EV +0.875 | Rsd 0.295 | Res 0.112 | AE nan | Alpha 0.0100 | MB 24/24
  cert | viol 0.000 | dV -0.182488 | V 0.2071 | inball 0.534 | a*_q05 0.00798 | a*_q50 0.02797 | dV>=0 0.000 | n=150 | a_used 0.00481 -> 0.00495
  crit | n=1 | viol 0.906 | V 0.6608 | Vmin 0.3431 | agree +0.624 | a*_q05 -0.00698 | a*_q50 -0.00052 | dV>=0 0.577 | beta 0.1000
  bell | direct viol 0.515 | direct dV>=0 0.446 | d_mean +0.00274 | d_std 0.02818 | d_q95 0.06003
[Episode 339/400] Steps: 720 | Reward:   -4.21 | Battery:  77.80% | Loss: 0.0775
Placing Sensors
[Episode 340/400] Steps: 720 | Reward:   -6.06 | Battery:  70.91% | Loss: 
Placing Sensors
Policy 0.0033 | Value 0.0054 | KL 0.01986 | CF 0.1315 | Std 0.1102 | |a| 0.0551 | EV +0.941 | Rsd 0.338 | Res 0.084 | AE nan | Alpha 0.0100 | MB 12/24
  cert | viol 0.046 | dV -0.234687 | V 0.3090 | inball 0.407 | a*_q05 0.00507 | a*_q50 0.02044 | dV>=0 0.000 | n=150 | a_used 0.00495 -> 0.00496
  crit | n=1 | viol 0.612 | V 0.7484 | Vmin 0.3837 | agree +0.378 | a*_q05 -0.00559 | a*_q50 0.00342 | dV>=0 0.296 | beta 0.1000
  bell | direct viol 0.559 | direct dV>=0 0.485 | d_mean -0.00041 | d_std 0.03775 | d_q95 0.07811
[Episode 341/400] Steps: 720 | Reward:   -5.02 | Battery:  60.28% | Loss: 0.0581
Placing Sensors
[Episode 342/400] Steps: 720 | Reward:   -4.83 | Battery:  64.70% | Loss: 
Placing Sensors
Policy -0.0036 | Value 0.0073 | KL 0.01667 | CF 0.1565 | Std 0.1102 | |a| 0.0517 | EV +0.871 | Rsd 0.313 | Res 0.113 | AE nan | Alpha 0.0100 | MB 24/24
  cert | viol 0.095 | dV -0.223756 | V 0.2981 | inball 0.439 | a*_q05 0.00289 | a*_q50 0.02149 | dV>=0 0.013 | n=150 | a_used 0.00496 -> 0.00492
  crit | n=1 | viol 0.549 | V 0.7296 | Vmin 0.3774 | agree +0.360 | a*_q05 -0.00733 | a*_q50 0.00400 | dV>=0 0.319 | beta 0.1000
  bell | direct viol 0.564 | direct dV>=0 0.488 | d_mean -0.00107 | d_std 0.03046 | d_q95 0.05795
[Episode 343/400] Steps: 720 | Reward:   -4.99 | Battery:  74.13% | Loss: 0.0051
Placing Sensors
[Episode 344/400] Steps: 720 | Reward:   -5.04 | Battery:  66.85% | Loss: 
Placing Sensors
Policy -0.0003 | Value 0.0062 | KL 0.02530 | CF 0.1808 | Std 0.1102 | |a| 0.0452 | EV +0.896 | Rsd 0.287 | Res 0.100 | AE nan | Alpha 0.0100 | MB 24/24
  cert | viol 0.123 | dV -0.226728 | V 0.3143 | inball 0.398 | a*_q05 0.00242 | a*_q50 0.02195 | dV>=0 0.000 | n=150 | a_used 0.00492 -> 0.00467
  crit | n=1 | viol 0.563 | V 0.7018 | Vmin 0.3346 | agree +0.423 | a*_q05 -0.00536 | a*_q50 0.00401 | dV>=0 0.323 | beta 0.1000
  bell | direct viol 0.531 | direct dV>=0 0.475 | d_mean -0.00117 | d_std 0.03341 | d_q95 0.07126
[Episode 345/400] Steps: 720 | Reward:   -6.11 | Battery:  70.63% | Loss: 0.0646
Placing Sensors
[Episode 346/400] Steps:  79 | Reward:  -17.35 | Battery:   0.00% | Loss: 
Placing Sensors
[Episode 347/400] Steps: 720 | Reward:   -2.70 | Battery:  84.49% | Loss: 
Placing Sensors
Policy -0.0046 | Value 0.0170 | KL 0.02055 | CF 0.2077 | Std 0.1102 | |a| 0.0522 | EV +0.826 | Rsd 0.408 | Res 0.172 | AE nan | Alpha 0.0100 | MB 24/24
  cert | viol 0.000 | dV -0.174155 | V 0.1900 | inball 0.496 | a*_q05 0.01209 | a*_q50 0.02845 | dV>=0 0.000 | n=150 | a_used 0.00467 -> 0.00485
  crit | n=1 | viol 0.855 | V 0.6811 | Vmin 0.3105 | agree +0.647 | a*_q05 -0.00680 | a*_q50 0.00054 | dV>=0 0.458 | beta 0.1000
  bell | direct viol 0.539 | direct dV>=0 0.478 | d_mean +0.00187 | d_std 0.03378 | d_q95 0.07331
[Episode 348/400] Steps: 720 | Reward:   -4.65 | Battery:  47.52% | Loss: 0.1299
Placing Sensors
[Episode 349/400] Steps: 720 | Reward:   -3.34 | Battery:  79.95% | Loss: 
Placing Sensors
Policy -0.0092 | Value 0.0048 | KL 0.01309 | CF 0.1051 | Std 0.1102 | |a| 0.0638 | EV +0.889 | Rsd 0.245 | Res 0.105 | AE nan | Alpha 0.0100 | MB 24/24
  cert | viol 0.000 | dV -0.251686 | V 0.2673 | inball 0.649 | a*_q05 0.01056 | a*_q50 0.03933 | dV>=0 0.000 | n=150 | a_used 0.00485 -> 0.00501
  crit | n=1 | viol 0.684 | V 0.5062 | Vmin 0.2891 | agree +0.626 | a*_q05 -0.00791 | a*_q50 0.00178 | dV>=0 0.405 | beta 0.1000
  bell | direct viol 0.500 | direct dV>=0 0.453 | d_mean +0.00276 | d_std 0.03189 | d_q95 0.06527
[Episode 350/400] Steps: 720 | Reward:   -2.67 | Battery:  88.86% | Loss: -0.0565
Placing Sensors
[Episode 351/400] Steps: 720 | Reward:   -3.55 | Battery:  77.50% | Loss: 
Placing Sensors
Policy -0.0117 | Value 0.0031 | KL 0.00812 | CF 0.1028 | Std 0.1102 | |a| 0.0473 | EV +0.932 | Rsd 0.244 | Res 0.064 | AE nan | Alpha 0.0100 | MB 24/24
  cert | viol 0.000 | dV -0.208261 | V 0.2291 | inball 0.574 | a*_q05 0.00953 | a*_q50 0.03309 | dV>=0 0.000 | n=150 | a_used 0.00501 -> 0.00507
  crit | n=1 | viol 0.689 | V 0.5520 | Vmin 0.2644 | agree +0.224 | a*_q05 -0.00573 | a*_q50 0.00119 | dV>=0 0.393 | beta 0.1000
  bell | direct viol 0.547 | direct dV>=0 0.473 | d_mean -0.00012 | d_std 0.02575 | d_q95 0.05304
[Episode 352/400] Steps: 720 | Reward:   -3.87 | Battery:  58.89% | Loss: 0.0056
Placing Sensors
[Episode 353/400] Steps: 720 | Reward:   -3.20 | Battery:  71.39% | Loss: 
Placing Sensors
Policy -0.0033 | Value 0.0098 | KL 0.01322 | CF 0.1268 | Std 0.1102 | |a| 0.0761 | EV +0.829 | Rsd 0.305 | Res 0.128 | AE nan | Alpha 0.0100 | MB 24/24
  cert | viol 0.043 | dV -0.307117 | V 0.3500 | inball 0.550 | a*_q05 0.00662 | a*_q50 0.03423 | dV>=0 0.000 | n=150 | a_used 0.00507 -> 0.00490
  crit | n=1 | viol 0.634 | V 0.5958 | Vmin 0.2819 | agree +0.372 | a*_q05 -0.00639 | a*_q50 0.00210 | dV>=0 0.424 | beta 0.1000
  bell | direct viol 0.537 | direct dV>=0 0.484 | d_mean +0.00014 | d_std 0.03452 | d_q95 0.07338
[Episode 354/400] Steps: 720 | Reward:   -5.24 | Battery:  74.38% | Loss: 0.1402
Placing Sensors
[Episode 355/400] Steps: 720 | Reward:   -2.45 | Battery:  80.09% | Loss: 
Placing Sensors
Policy 0.0002 | Value 0.0051 | KL 0.01796 | CF 0.1406 | Std 0.1102 | |a| 0.0448 | EV +0.839 | Rsd 0.191 | Res 0.085 | AE nan | Alpha 0.0100 | MB 24/24
  cert | viol 0.000 | dV -0.202622 | V 0.2183 | inball 0.592 | a*_q05 0.01064 | a*_q50 0.03516 | dV>=0 0.000 | n=150 | a_used 0.00490 -> 0.00508
  crit | n=1 | viol 0.712 | V 0.5230 | Vmin 0.2657 | agree +0.401 | a*_q05 -0.00674 | a*_q50 0.00079 | dV>=0 0.456 | beta 0.1000
  bell | direct viol 0.524 | direct dV>=0 0.473 | d_mean +0.00024 | d_std 0.03179 | d_q95 0.06600
[Episode 356/400] Steps: 720 | Reward:   -4.16 | Battery:  73.47% | Loss: 0.1338
Placing Sensors
[Episode 357/400] Steps: 720 | Reward:   -3.90 | Battery:  72.22% | Loss: 
Placing Sensors
Policy -0.0021 | Value 0.0025 | KL 0.01788 | CF 0.1952 | Std 0.1102 | |a| 0.0415 | EV +0.920 | Rsd 0.211 | Res 0.060 | AE nan | Alpha 0.0100 | MB 24/24
  cert | viol 0.025 | dV -0.225630 | V 0.2511 | inball 0.616 | a*_q05 0.00706 | a*_q50 0.03718 | dV>=0 0.000 | n=150 | a_used 0.00508 -> 0.00514
  crit | n=1 | viol 0.669 | V 0.5081 | Vmin 0.2472 | agree +0.490 | a*_q05 -0.00686 | a*_q50 0.00221 | dV>=0 0.358 | beta 0.1000
  bell | direct viol 0.538 | direct dV>=0 0.485 | d_mean -0.00022 | d_std 0.02539 | d_q95 0.05245
[Episode 358/400] Steps: 720 | Reward:   -3.33 | Battery:  80.92% | Loss: -0.1279
Placing Sensors
[Episode 359/400] Steps: 154 | Reward:  -17.31 | Battery:   0.00% | Loss: 
Placing Sensors
[Episode 360/400] Steps: 720 | Reward:   -6.32 | Battery:  62.17% | Loss: 
Placing Sensors
Policy 0.0034 | Value 0.0393 | KL 0.01308 | CF 0.1506 | Std 0.1101 | |a| 0.0591 | EV +0.627 | Rsd 0.353 | Res 0.257 | AE nan | Alpha 0.0100 | MB 28/28
  cert | viol 0.211 | dV -0.202967 | V 0.3240 | inball 0.235 | a*_q05 0.00063 | a*_q50 0.01728 | dV>=0 0.027 | n=150 | a_used 0.00514 -> 0.00466
  crit | n=1 | viol 0.463 | V 0.7617 | Vmin 0.3417 | agree +0.464 | a*_q05 -0.00517 | a*_q50 0.00595 | dV>=0 0.245 | beta 0.1000
  bell | direct viol 0.566 | direct dV>=0 0.502 | d_mean -0.00287 | d_std 0.04345 | d_q95 0.09388
[Episode 361/400] Steps: 720 | Reward:   -6.25 | Battery:  68.02% | Loss: 0.3675
Placing Sensors
[Episode 362/400] Steps: 720 | Reward:   -3.24 | Battery:  81.92% | Loss: 
Placing Sensors
Policy -0.0102 | Value 0.0046 | KL 0.00917 | CF 0.1090 | Std 0.1101 | |a| 0.0576 | EV +0.892 | Rsd 0.250 | Res 0.089 | AE nan | Alpha 0.0100 | MB 24/24
  cert | viol 0.044 | dV -0.199475 | V 0.2402 | inball 0.540 | a*_q05 0.00570 | a*_q50 0.02781 | dV>=0 0.000 | n=150 | a_used 0.00466 -> 0.00468
  crit | n=1 | viol 0.659 | V 0.6405 | Vmin 0.3362 | agree +0.414 | a*_q05 -0.00669 | a*_q50 0.00273 | dV>=0 0.287 | beta 0.1000
  bell | direct viol 0.525 | direct dV>=0 0.472 | d_mean +0.00059 | d_std 0.04228 | d_q95 0.08625
[Episode 363/400] Steps: 720 | Reward:   -4.92 | Battery:  77.41% | Loss: 0.0182
Placing Sensors
[Episode 364/400] Steps: 720 | Reward:   -4.15 | Battery:  65.16% | Loss: 
Placing Sensors
Policy -0.0118 | Value 0.0049 | KL 0.01103 | CF 0.1411 | Std 0.1101 | |a| 0.0595 | EV +0.832 | Rsd 0.223 | Res 0.093 | AE nan | Alpha 0.0100 | MB 24/24
  cert | viol 0.000 | dV -0.217760 | V 0.2484 | inball 0.538 | a*_q05 0.00836 | a*_q50 0.02768 | dV>=0 0.000 | n=150 | a_used 0.00468 -> 0.00479
  crit | n=1 | viol 0.717 | V 0.6044 | Vmin 0.3481 | agree +0.590 | a*_q05 -0.00640 | a*_q50 0.00150 | dV>=0 0.390 | beta 0.1000
  bell | direct viol 0.527 | direct dV>=0 0.477 | d_mean +0.00011 | d_std 0.03625 | d_q95 0.06404
[Episode 365/400] Steps: 720 | Reward:   -4.26 | Battery:  87.91% | Loss: 0.0271
Placing Sensors
[Episode 366/400] Steps: 720 | Reward:   -4.93 | Battery:  70.35% | Loss: 
Placing Sensors
Policy -0.0075 | Value 0.0059 | KL 0.01678 | CF 0.1383 | Std 0.1101 | |a| 0.0570 | EV +0.866 | Rsd 0.269 | Res 0.099 | AE nan | Alpha 0.0100 | MB 24/24
  cert | viol 0.041 | dV -0.215400 | V 0.2563 | inball 0.520 | a*_q05 0.00574 | a*_q50 0.02701 | dV>=0 0.000 | n=150 | a_used 0.00479 -> 0.00477
  crit | n=1 | viol 0.683 | V 0.6270 | Vmin 0.3546 | agree +0.497 | a*_q05 -0.00549 | a*_q50 0.00170 | dV>=0 0.396 | beta 0.1000
  bell | direct viol 0.529 | direct dV>=0 0.476 | d_mean +0.00032 | d_std 0.03749 | d_q95 0.07718
[Episode 367/400] Steps: 720 | Reward:   -3.87 | Battery:  77.77% | Loss: 0.0522
Placing Sensors
[Episode 368/400] Steps: 720 | Reward:   -4.56 | Battery:  60.02% | Loss: 
Placing Sensors
Policy -0.0135 | Value 0.0051 | KL 0.01775 | CF 0.1595 | Std 0.1101 | |a| 0.0801 | EV +0.882 | Rsd 0.284 | Res 0.102 | AE nan | Alpha 0.0100 | MB 24/24
  cert | viol 0.120 | dV -0.231303 | V 0.3074 | inball 0.401 | a*_q05 0.00075 | a*_q50 0.02669 | dV>=0 0.025 | n=150 | a_used 0.00477 -> 0.00430
  crit | n=1 | viol 0.616 | V 0.6903 | Vmin 0.3090 | agree +0.346 | a*_q05 -0.00472 | a*_q50 0.00256 | dV>=0 0.384 | beta 0.1000
  bell | direct viol 0.540 | direct dV>=0 0.473 | d_mean -0.00062 | d_std 0.03640 | d_q95 0.07721
[Episode 369/400] Steps: 720 | Reward:   -6.18 | Battery:  49.44% | Loss: 0.0696
Placing Sensors
[Episode 370/400] Steps: 720 | Reward:   -3.85 | Battery:  80.67% | Loss: 
Placing Sensors
Policy -0.0095 | Value 0.0044 | KL 0.01496 | CF 0.1363 | Std 0.1101 | |a| 0.0468 | EV +0.894 | Rsd 0.247 | Res 0.093 | AE nan | Alpha 0.0100 | MB 24/24
  cert | viol 0.002 | dV -0.233198 | V 0.2631 | inball 0.590 | a*_q05 0.00682 | a*_q50 0.03432 | dV>=0 0.000 | n=150 | a_used 0.00430 -> 0.00442
  crit | n=1 | viol 0.637 | V 0.5597 | Vmin 0.3020 | agree +0.608 | a*_q05 -0.00783 | a*_q50 0.00228 | dV>=0 0.346 | beta 0.1000
  bell | direct viol 0.508 | direct dV>=0 0.463 | d_mean +0.00089 | d_std 0.02998 | d_q95 0.06358
[Episode 371/400] Steps: 720 | Reward:   -3.22 | Battery:  77.70% | Loss: -0.1183
Placing Sensors
[Episode 372/400] Steps: 720 | Reward:   -4.22 | Battery:  71.71% | Loss: 
Placing Sensors
Policy -0.0051 | Value 0.0069 | KL 0.02210 | CF 0.1952 | Std 0.1101 | |a| 0.0557 | EV +0.855 | Rsd 0.270 | Res 0.103 | AE nan | Alpha 0.0100 | MB 18/24
  cert | viol 0.080 | dV -0.225289 | V 0.2875 | inball 0.524 | a*_q05 0.00254 | a*_q50 0.02727 | dV>=0 0.031 | n=150 | a_used 0.00442 -> 0.00420
  crit | n=1 | viol 0.570 | V 0.5946 | Vmin 0.2829 | agree +0.526 | a*_q05 -0.00530 | a*_q50 0.00329 | dV>=0 0.304 | beta 0.1000
  bell | direct viol 0.512 | direct dV>=0 0.474 | d_mean +0.00002 | d_std 0.03948 | d_q95 0.07944
[Episode 373/400] Steps: 720 | Reward:   -4.38 | Battery:  88.41% | Loss: 0.0833
Placing Sensors
[Episode 374/400] Steps:  78 | Reward:  -17.58 | Battery:   0.00% | Loss: 
Placing Sensors
[Episode 375/400] Steps: 720 | Reward:   -4.87 | Battery:  67.29% | Loss: 
Placing Sensors
[Episode 376/400] Steps: 117 | Reward:  -17.34 | Battery:   0.00% | Loss: 
Placing Sensors
Policy 0.0080 | Value 0.0424 | KL 0.02675 | CF 0.1674 | Std 0.1102 | |a| 0.0567 | EV +0.716 | Rsd 0.465 | Res 0.255 | AE nan | Alpha 0.0100 | MB 14/28
  cert | viol 0.026 | dV -0.250774 | V 0.2853 | inball 0.510 | a*_q05 0.00697 | a*_q50 0.03603 | dV>=0 0.000 | n=150 | a_used 0.00420 -> 0.00429
  crit | n=1 | viol 0.595 | V 0.7070 | Vmin 0.2815 | agree +0.733 | a*_q05 -0.00652 | a*_q50 0.00338 | dV>=0 0.301 | beta 0.1000
  bell | direct viol 0.534 | direct dV>=0 0.493 | d_mean -0.00165 | d_std 0.06622 | d_q95 0.14414
[Episode 377/400] Steps: 720 | Reward:   -3.41 | Battery:  84.18% | Loss: 0.1297
Placing Sensors
[Episode 378/400] Steps: 720 | Reward:   -5.15 | Battery:  66.56% | Loss: 
Placing Sensors
Policy -0.0076 | Value 0.0140 | KL 0.02113 | CF 0.1841 | Std 0.1102 | |a| 0.0537 | EV +0.859 | Rsd 0.353 | Res 0.150 | AE nan | Alpha 0.0100 | MB 24/24
  cert | viol 0.234 | dV -0.207748 | V 0.3495 | inball 0.389 | a*_q05 -0.00018 | a*_q50 0.01882 | dV>=0 0.057 | n=150 | a_used 0.00429 -> 0.00408
  crit | n=1 | viol 0.434 | V 0.6897 | Vmin 0.3383 | agree +0.516 | a*_q05 -0.00427 | a*_q50 0.00548 | dV>=0 0.218 | beta 0.1000
  bell | direct viol 0.513 | direct dV>=0 0.487 | d_mean -0.00296 | d_std 0.06173 | d_q95 0.13308
[Episode 379/400] Steps: 720 | Reward:   -6.70 | Battery:  82.32% | Loss: 0.1192
Placing Sensors
[Episode 380/400] Steps: 720 | Reward:   -4.63 | Battery:  83.30% | Loss: 
Placing Sensors
Policy 0.0011 | Value 0.0084 | KL 0.01992 | CF 0.1498 | Std 0.1102 | |a| 0.0690 | EV +0.743 | Rsd 0.228 | Res 0.133 | AE nan | Alpha 0.0100 | MB 18/24
  cert | viol 0.096 | dV -0.167334 | V 0.2083 | inball 0.537 | a*_q05 -0.00049 | a*_q50 0.02821 | dV>=0 0.046 | n=150 | a_used 0.00408 -> 0.00408
  crit | n=1 | viol 0.764 | V 0.6625 | Vmin 0.3693 | agree +0.331 | a*_q05 -0.00705 | a*_q50 0.00040 | dV>=0 0.471 | beta 0.1000
  bell | direct viol 0.483 | direct dV>=0 0.447 | d_mean +0.00283 | d_std 0.04398 | d_q95 0.08898
[Episode 381/400] Steps: 720 | Reward:   -3.07 | Battery:  75.12% | Loss: 0.0182
Placing Sensors
[Episode 382/400] Steps: 720 | Reward:   -3.01 | Battery:  65.79% | Loss: 
Placing Sensors
Policy -0.0048 | Value 0.0045 | KL 0.02231 | CF 0.1958 | Std 0.1102 | |a| 0.0615 | EV +0.918 | Rsd 0.267 | Res 0.080 | AE nan | Alpha 0.0100 | MB 24/24
  cert | viol 0.000 | dV -0.168448 | V 0.1925 | inball 0.517 | a*_q05 0.00929 | a*_q50 0.02832 | dV>=0 0.000 | n=150 | a_used 0.00408 -> 0.00425
  crit | n=1 | viol 0.844 | V 0.6122 | Vmin 0.2840 | agree +0.372 | a*_q05 -0.00677 | a*_q50 0.00064 | dV>=0 0.436 | beta 0.1000
  bell | direct viol 0.502 | direct dV>=0 0.463 | d_mean +0.00080 | d_std 0.03664 | d_q95 0.07773
[Episode 383/400] Steps: 720 | Reward:   -4.39 | Battery:  70.92% | Loss: -0.0358
Placing Sensors
[Episode 384/400] Steps: 720 | Reward:   -4.11 | Battery:  78.30% | Loss: 
Placing Sensors
Policy -0.0042 | Value 0.0053 | KL 0.02436 | CF 0.0873 | Std 0.1102 | |a| 0.0567 | EV +0.941 | Rsd 0.349 | Res 0.087 | AE nan | Alpha 0.0100 | MB 18/24
  cert | viol 0.060 | dV -0.334866 | V 0.3886 | inball 0.556 | a*_q05 0.00400 | a*_q50 0.03286 | dV>=0 0.010 | n=150 | a_used 0.00425 -> 0.00426
  crit | n=1 | viol 0.485 | V 0.6584 | Vmin 0.2834 | agree +0.509 | a*_q05 -0.00630 | a*_q50 0.00456 | dV>=0 0.288 | beta 0.1000
  bell | direct viol 0.498 | direct dV>=0 0.466 | d_mean -0.00044 | d_std 0.05070 | d_q95 0.10701
[Episode 385/400] Steps: 720 | Reward:   -4.99 | Battery:  75.03% | Loss: 0.0116
Placing Sensors
[Episode 386/400] Steps: 720 | Reward:   -5.11 | Battery:  79.31% | Loss: 
Placing Sensors
Policy -0.0035 | Value 0.0065 | KL 0.02650 | CF 0.1294 | Std 0.1102 | |a| 0.0546 | EV +0.885 | Rsd 0.295 | Res 0.107 | AE nan | Alpha 0.0100 | MB 18/24
  cert | viol 0.067 | dV -0.229197 | V 0.3018 | inball 0.393 | a*_q05 0.00370 | a*_q50 0.02208 | dV>=0 0.000 | n=150 | a_used 0.00426 -> 0.00436
  crit | n=1 | viol 0.474 | V 0.6216 | Vmin 0.2983 | agree +0.408 | a*_q05 -0.00426 | a*_q50 0.00490 | dV>=0 0.291 | beta 0.1000
  bell | direct viol 0.522 | direct dV>=0 0.484 | d_mean -0.00135 | d_std 0.04318 | d_q95 0.09050
[Episode 387/400] Steps: 720 | Reward:   -5.33 | Battery:  55.47% | Loss: 0.0212
Placing Sensors
[Episode 388/400] Steps:  73 | Reward:  -17.45 | Battery:   0.00% | Loss: 
Placing Sensors
[Episode 389/400] Steps: 720 | Reward:   -3.75 | Battery:  79.69% | Loss: 
Placing Sensors
Policy 0.0027 | Value 0.0162 | KL 0.02658 | CF 0.1612 | Std 0.1102 | |a| 0.0519 | EV +0.876 | Rsd 0.396 | Res 0.143 | AE nan | Alpha 0.0100 | MB 12/24
  cert | viol 0.052 | dV -0.242161 | V 0.3036 | inball 0.468 | a*_q05 0.00402 | a*_q50 0.02632 | dV>=0 0.005 | n=150 | a_used 0.00436 -> 0.00438
  crit | n=1 | viol 0.523 | V 0.6576 | Vmin 0.2564 | agree +0.643 | a*_q05 -0.00588 | a*_q50 0.00406 | dV>=0 0.243 | beta 0.1000
  bell | direct viol 0.504 | direct dV>=0 0.467 | d_mean -0.00069 | d_std 0.04400 | d_q95 0.09078
[Episode 390/400] Steps: 720 | Reward:   -5.57 | Battery:  75.86% | Loss: 0.0953
Placing Sensors
[Episode 391/400] Steps: 720 | Reward:   -4.52 | Battery:  71.25% | Loss: 
Placing Sensors
Policy 0.0047 | Value 0.0101 | KL 0.01728 | CF 0.0974 | Std 0.1102 | |a| 0.0490 | EV +0.827 | Rsd 0.308 | Res 0.135 | AE nan | Alpha 0.0100 | MB 18/24
  cert | viol 0.000 | dV -0.273611 | V 0.2891 | inball 0.551 | a*_q05 0.01130 | a*_q50 0.03832 | dV>=0 0.000 | n=150 | a_used 0.00438 -> 0.00457
  crit | n=1 | viol 0.742 | V 0.5974 | Vmin 0.2389 | agree +0.537 | a*_q05 -0.00743 | a*_q50 0.00017 | dV>=0 0.502 | beta 0.1000
  bell | direct viol 0.506 | direct dV>=0 0.473 | d_mean +0.00173 | d_std 0.04419 | d_q95 0.09199
[Episode 392/400] Steps: 720 | Reward:   -3.08 | Battery:  77.36% | Loss: 0.2066
Placing Sensors
[Episode 393/400] Steps: 720 | Reward:   -4.98 | Battery:  85.17% | Loss: 
Placing Sensors
Policy -0.0036 | Value 0.0035 | KL 0.01109 | CF 0.1033 | Std 0.1102 | |a| 0.0630 | EV +0.954 | Rsd 0.345 | Res 0.074 | AE nan | Alpha 0.0100 | MB 24/24
  cert | viol 0.030 | dV -0.250526 | V 0.2972 | inball 0.556 | a*_q05 0.00559 | a*_q50 0.02803 | dV>=0 0.002 | n=150 | a_used 0.00457 -> 0.00461
  crit | n=1 | viol 0.507 | V 0.5939 | Vmin 0.2303 | agree +0.679 | a*_q05 -0.00382 | a*_q50 0.00442 | dV>=0 0.194 | beta 0.1000
  bell | direct viol 0.477 | direct dV>=0 0.434 | d_mean +0.00072 | d_std 0.03443 | d_q95 0.06991
[Episode 394/400] Steps: 720 | Reward:   -3.58 | Battery:  81.57% | Loss: 0.0711
Placing Sensors
[Episode 395/400] Steps: 720 | Reward:   -4.43 | Battery:  65.73% | Loss: 
Placing Sensors
Policy -0.0039 | Value 0.0050 | KL 0.01661 | CF 0.1785 | Std 0.1102 | |a| 0.0539 | EV +0.931 | Rsd 0.356 | Res 0.097 | AE nan | Alpha 0.0100 | MB 24/24
  cert | viol 0.034 | dV -0.262421 | V 0.2965 | inball 0.527 | a*_q05 0.00612 | a*_q50 0.03164 | dV>=0 0.000 | n=150 | a_used 0.00461 -> 0.00467
  crit | n=1 | viol 0.698 | V 0.6671 | Vmin 0.2522 | agree +0.483 | a*_q05 -0.00642 | a*_q50 0.00173 | dV>=0 0.384 | beta 0.1000
  bell | direct viol 0.513 | direct dV>=0 0.470 | d_mean +0.00157 | d_std 0.04510 | d_q95 0.09621
[Episode 396/400] Steps: 720 | Reward:   -4.41 | Battery:  79.57% | Loss: 0.0521
Placing Sensors
[Episode 397/400] Steps: 720 | Reward:   -5.45 | Battery:  62.55% | Loss: 
Placing Sensors
Policy -0.0053 | Value 0.0038 | KL 0.00970 | CF 0.1136 | Std 0.1102 | |a| 0.0602 | EV +0.933 | Rsd 0.338 | Res 0.089 | AE nan | Alpha 0.0100 | MB 24/24
  cert | viol 0.065 | dV -0.268628 | V 0.3380 | inball 0.485 | a*_q05 0.00425 | a*_q50 0.02647 | dV>=0 0.000 | n=150 | a_used 0.00467 -> 0.00468
  crit | n=1 | viol 0.512 | V 0.6289 | Vmin 0.2245 | agree +0.646 | a*_q05 -0.00496 | a*_q50 0.00457 | dV>=0 0.211 | beta 0.1000
  bell | direct viol 0.519 | direct dV>=0 0.465 | d_mean -0.00040 | d_std 0.03839 | d_q95 0.07764
[Episode 398/400] Steps: 720 | Reward:   -4.24 | Battery:  83.92% | Loss: -0.0102
Placing Sensors
[Episode 399/400] Steps: 720 | Reward:   -3.99 | Battery:  80.63% | Loss: 
Placing Sensors
Policy -0.0086 | Value 0.0055 | KL 0.01413 | CF 0.0766 | Std 0.1102 | |a| 0.0479 | EV +0.919 | Rsd 0.301 | Res 0.088 | AE nan | Alpha 0.0100 | MB 18/24
  cert | viol 0.000 | dV -0.246610 | V 0.2704 | inball 0.590 | a*_q05 0.00920 | a*_q50 0.03436 | dV>=0 0.000 | n=150 | a_used 0.00468 -> 0.00486
  crit | n=1 | viol 0.768 | V 0.5818 | Vmin 0.2132 | agree +0.526 | a*_q05 -0.00696 | a*_q50 0.00189 | dV>=0 0.362 | beta 0.1000
  bell | direct viol 0.518 | direct dV>=0 0.478 | d_mean +0.00088 | d_std 0.03880 | d_q95 0.08199
[Episode 400/400] Steps: 720 | Reward:   -3.43 | Battery:  72.76% | Loss: -0.0008
Placing Sensors
[Episode 401/400] Steps: 720 | Reward:   -3.50 | Battery:  64.25% | Loss: 
Placing Sensors
Policy -0.0024 | Value 0.0066 | KL 0.01881 | CF 0.1724 | Std 0.1102 | |a| 0.0655 | EV +0.919 | Rsd 0.367 | Res 0.106 | AE nan | Alpha 0.0100 | MB 24/24
  cert | viol 0.054 | dV -0.269425 | V 0.3165 | inball 0.514 | a*_q05 0.00464 | a*_q50 0.03597 | dV>=0 0.000 | n=150 | a_used 0.00486 -> 0.00497
  crit | n=1 | viol 0.657 | V 0.6337 | Vmin 0.2320 | agree +0.352 | a*_q05 -0.00687 | a*_q50 0.00163 | dV>=0 0.421 | beta 0.1000
  bell | direct viol 0.500 | direct dV>=0 0.458 | d_mean +0.00080 | d_std 0.03829 | d_q95 0.07987
[Episode 402/400] Steps: 720 | Reward:   -5.07 | Battery:  61.59% | Loss: 0.0331
Placing Sensors
[Episode 403/400] Steps: 720 | Reward:   -3.69 | Battery:  71.28% | Loss: 
Placing Sensors
Policy -0.0153 | Value 0.0052 | KL 0.01079 | CF 0.1184 | Std 0.1102 | |a| 0.0604 | EV +0.926 | Rsd 0.344 | Res 0.094 | AE nan | Alpha 0.0100 | MB 24/24
  cert | viol 0.015 | dV -0.280563 | V 0.3161 | inball 0.497 | a*_q05 0.00750 | a*_q50 0.03604 | dV>=0 0.000 | n=150 | a_used 0.00497 -> 0.00509
  crit | n=1 | viol 0.614 | V 0.5838 | Vmin 0.1713 | agree +0.483 | a*_q05 -0.00678 | a*_q50 0.00227 | dV>=0 0.427 | beta 0.1000
  bell | direct viol 0.497 | direct dV>=0 0.454 | d_mean +0.00113 | d_std 0.04386 | d_q95 0.08689
[Episode 404/400] Steps: 720 | Reward:   -5.14 | Battery:  62.81% | Loss: -0.0350
Placing Sensors
[Episode 405/400] Steps: 720 | Reward:   -3.09 | Battery:  65.81% | Loss: 
Placing Sensors
Policy -0.0141 | Value 0.0034 | KL 0.01294 | CF 0.1015 | Std 0.1102 | |a| 0.0764 | EV +0.938 | Rsd 0.293 | Res 0.075 | AE nan | Alpha 0.0100 | MB 24/24
  cert | viol 0.061 | dV -0.214109 | V 0.2537 | inball 0.541 | a*_q05 0.00491 | a*_q50 0.03242 | dV>=0 0.000 | n=150 | a_used 0.00509 -> 0.00519
  crit | n=1 | viol 0.646 | V 0.5475 | Vmin 0.1919 | agree +0.492 | a*_q05 -0.00722 | a*_q50 0.00282 | dV>=0 0.347 | beta 0.1000
  bell | direct viol 0.524 | direct dV>=0 0.471 | d_mean +0.00088 | d_std 0.03116 | d_q95 0.06058
[Episode 406/400] Steps: 720 | Reward:   -4.26 | Battery:  83.51% | Loss: -0.0798
Placing Sensors
[Episode 407/400] Steps: 720 | Reward:   -5.68 | Battery:  62.84% | Loss: 
Placing Sensors
Policy -0.0101 | Value 0.0045 | KL 0.01010 | CF 0.1219 | Std 0.1101 | |a| 0.0597 | EV +0.942 | Rsd 0.346 | Res 0.093 | AE nan | Alpha 0.0100 | MB 24/24
  cert | viol 0.044 | dV -0.246503 | V 0.3165 | inball 0.427 | a*_q05 0.00534 | a*_q50 0.02380 | dV>=0 0.000 | n=150 | a_used 0.00519 -> 0.00521
  crit | n=1 | viol 0.375 | V 0.6549 | Vmin 0.2728 | agree +0.485 | a*_q05 -0.00224 | a*_q50 0.00713 | dV>=0 0.119 | beta 0.1000
  bell | direct viol 0.520 | direct dV>=0 0.469 | d_mean -0.00127 | d_std 0.02978 | d_q95 0.06024
[Episode 408/400] Steps: 720 | Reward:   -5.23 | Battery:  80.78% | Loss: 0.0139
Placing Sensors
[Episode 409/400] Steps: 720 | Reward:   -2.98 | Battery:  83.57% | Loss: 
Placing Sensors
Policy -0.0048 | Value 0.0055 | KL 0.01870 | CF 0.1708 | Std 0.1101 | |a| 0.0556 | EV +0.934 | Rsd 0.322 | Res 0.084 | AE nan | Alpha 0.0100 | MB 18/24
  cert | viol 0.081 | dV -0.278530 | V 0.3303 | inball 0.549 | a*_q05 0.00434 | a*_q50 0.03408 | dV>=0 0.000 | n=150 | a_used 0.00521 -> 0.00516
  crit | n=1 | viol 0.668 | V 0.5941 | Vmin 0.1938 | agree +0.568 | a*_q05 -0.00583 | a*_q50 0.00224 | dV>=0 0.378 | beta 0.1000
  bell | direct viol 0.530 | direct dV>=0 0.479 | d_mean +0.00029 | d_std 0.03371 | d_q95 0.06573
[Episode 410/400] Steps: 720 | Reward:   -5.52 | Battery:  66.96% | Loss: -0.0431
Placing Sensors
[Episode 411/400] Steps: 720 | Reward:   -3.27 | Battery:  77.63% | Loss: 
Placing Sensors
Policy 0.0042 | Value 0.0035 | KL 0.03646 | CF 0.1133 | Std 0.1101 | |a| 0.0478 | EV +0.962 | Rsd 0.320 | Res 0.067 | AE nan | Alpha 0.0100 | MB 12/24
  cert | viol 0.004 | dV -0.294173 | V 0.3210 | inball 0.603 | a*_q05 0.00864 | a*_q50 0.03731 | dV>=0 0.000 | n=150 | a_used 0.00516 -> 0.00534
  crit | n=1 | viol 0.502 | V 0.5402 | Vmin 0.2162 | agree +0.550 | a*_q05 -0.00651 | a*_q50 0.00515 | dV>=0 0.265 | beta 0.1000
  bell | direct viol 0.497 | direct dV>=0 0.451 | d_mean +0.00083 | d_std 0.03784 | d_q95 0.08064
[Episode 412/400] Steps: 720 | Reward:   -3.98 | Battery:  79.29% | Loss: 0.0112
Placing Sensors
[Episode 413/400] Steps: 720 | Reward:   -4.87 | Battery:  76.75% | Loss: 
Placing Sensors
Policy -0.0100 | Value 0.0038 | KL 0.01412 | CF 0.1263 | Std 0.1101 | |a| 0.0508 | EV +0.956 | Rsd 0.329 | Res 0.071 | AE nan | Alpha 0.0100 | MB 24/24
  cert | viol 0.097 | dV -0.289538 | V 0.3469 | inball 0.555 | a*_q05 0.00327 | a*_q50 0.03254 | dV>=0 0.000 | n=150 | a_used 0.00534 -> 0.00533
  crit | n=1 | viol 0.697 | V 0.6256 | Vmin 0.2253 | agree +0.627 | a*_q05 -0.00601 | a*_q50 0.00347 | dV>=0 0.251 | beta 0.1000
  bell | direct viol 0.516 | direct dV>=0 0.469 | d_mean +0.00065 | d_std 0.03541 | d_q95 0.06879
[Episode 414/400] Steps: 720 | Reward:   -4.14 | Battery:  81.80% | Loss: -0.0056
Placing Sensors
[Episode 415/400] Steps: 720 | Reward:   -4.18 | Battery:  84.20% | Loss: 
Placing Sensors
[Episode 416/400] Steps: 103 | Reward:  -17.63 | Battery:   0.00% | Loss: 
Placing Sensors
Policy -0.0261 | Value 0.0207 | KL 0.01891 | CF 0.1799 | Std 0.1101 | |a| 0.0465 | EV +0.808 | Rsd 0.443 | Res 0.197 | AE nan | Alpha 0.0100 | MB 28/28
  cert | viol 0.032 | dV -0.204312 | V 0.2560 | inball 0.546 | a*_q05 0.00728 | a*_q50 0.02585 | dV>=0 0.000 | n=150 | a_used 0.00533 -> 0.00550
  crit | n=1 | viol 0.769 | V 0.5898 | Vmin 0.1981 | agree +0.811 | a*_q05 -0.00543 | a*_q50 0.00277 | dV>=0 0.268 | beta 0.1000
  bell | direct viol 0.483 | direct dV>=0 0.441 | d_mean +0.00247 | d_std 0.04525 | d_q95 0.09056
[Episode 417/400] Steps: 720 | Reward:   -3.52 | Battery:  81.46% | Loss: -0.3079
Placing Sensors
[Episode 418/400] Steps: 720 | Reward:   -4.80 | Battery:  69.28% | Loss: 
Placing Sensors
Policy 0.0038 | Value 0.0073 | KL 0.02203 | CF 0.1495 | Std 0.1101 | |a| 0.0576 | EV +0.907 | Rsd 0.323 | Res 0.102 | AE nan | Alpha 0.0100 | MB 12/24
  cert | viol 0.075 | dV -0.198965 | V 0.2350 | inball 0.590 | a*_q05 0.00465 | a*_q50 0.03585 | dV>=0 0.000 | n=150 | a_used 0.00550 -> 0.00550
  crit | n=1 | viol 0.815 | V 0.5710 | Vmin 0.1831 | agree +0.420 | a*_q05 -0.00686 | a*_q50 0.00013 | dV>=0 0.494 | beta 0.1000
  bell | direct viol 0.504 | direct dV>=0 0.461 | d_mean +0.00246 | d_std 0.05128 | d_q95 0.11140
[Episode 419/400] Steps: 720 | Reward:   -2.23 | Battery:  76.16% | Loss: 0.1747
Placing Sensors
[Episode 420/400] Steps: 720 | Reward:   -5.30 | Battery:  78.62% | Loss: 
Placing Sensors
Policy 0.0128 | Value 0.0112 | KL 0.02853 | CF 0.2798 | Std 0.1101 | |a| 0.0562 | EV +0.898 | Rsd 0.358 | Res 0.119 | AE nan | Alpha 0.0100 | MB 12/24
  cert | viol 0.158 | dV -0.214403 | V 0.2946 | inball 0.502 | a*_q05 0.00209 | a*_q50 0.02999 | dV>=0 0.019 | n=150 | a_used 0.00550 -> 0.00511
  crit | n=1 | viol 0.683 | V 0.6050 | Vmin 0.2284 | agree +0.450 | a*_q05 -0.00606 | a*_q50 0.00241 | dV>=0 0.339 | beta 0.1000
  bell | direct viol 0.533 | direct dV>=0 0.484 | d_mean -0.00126 | d_std 0.05244 | d_q95 0.10566
[Episode 421/400] Steps: 720 | Reward:   -3.52 | Battery:  63.38% | Loss: 0.0438
Placing Sensors
[Episode 422/400] Steps: 720 | Reward:   -4.77 | Battery:  73.23% | Loss: 
Placing Sensors
Policy 0.0100 | Value 0.0115 | KL 0.04173 | CF 0.2121 | Std 0.1100 | |a| 0.0698 | EV +0.904 | Rsd 0.395 | Res 0.131 | AE nan | Alpha 0.0100 | MB 11/24
  cert | viol 0.261 | dV -0.218882 | V 0.3633 | inball 0.384 | a*_q05 -0.00008 | a*_q50 0.01801 | dV>=0 0.056 | n=150 | a_used 0.00511 -> 0.00485
  crit | n=1 | viol 0.508 | V 0.7006 | Vmin 0.2435 | agree +0.493 | a*_q05 -0.00420 | a*_q50 0.00485 | dV>=0 0.303 | beta 0.1000
  bell | direct viol 0.530 | direct dV>=0 0.474 | d_mean -0.00183 | d_std 0.03903 | d_q95 0.08064
[Episode 423/400] Steps: 720 | Reward:   -7.21 | Battery:  65.15% | Loss: 0.0407
Placing Sensors
[Episode 424/400] Steps:  85 | Reward:  -17.50 | Battery:   0.00% | Loss: 
Placing Sensors
[Episode 425/400] Steps: 720 | Reward:   -3.38 | Battery:  73.74% | Loss: 
Placing Sensors
Policy -0.0019 | Value 0.0199 | KL 0.01891 | CF 0.1633 | Std 0.1100 | |a| 0.0583 | EV +0.849 | Rsd 0.449 | Res 0.176 | AE nan | Alpha 0.0100 | MB 24/24
  cert | viol 0.063 | dV -0.257589 | V 0.3155 | inball 0.508 | a*_q05 0.00451 | a*_q50 0.02999 | dV>=0 0.000 | n=150 | a_used 0.00485 -> 0.00467
  crit | n=1 | viol 0.662 | V 0.6912 | Vmin 0.2313 | agree +0.663 | a*_q05 -0.00613 | a*_q50 0.00317 | dV>=0 0.291 | beta 0.1000
  bell | direct viol 0.509 | direct dV>=0 0.454 | d_mean +0.00047 | d_std 0.04692 | d_q95 0.09747
[Episode 426/400] Steps: 720 | Reward:   -5.35 | Battery:  74.55% | Loss: 0.0167
Placing Sensors
[Episode 427/400] Steps: 720 | Reward:   -5.98 | Battery:  62.41% | Loss: 
Placing Sensors
Policy 0.0058 | Value 0.0061 | KL 0.02090 | CF 0.0612 | Std 0.1100 | |a| 0.0459 | EV +0.966 | Rsd 0.412 | Res 0.084 | AE nan | Alpha 0.0100 | MB 10/24
  cert | viol 0.066 | dV -0.267555 | V 0.3218 | inball 0.515 | a*_q05 0.00460 | a*_q50 0.03176 | dV>=0 0.000 | n=150 | a_used 0.00467 -> 0.00464
  crit | n=1 | viol 0.816 | V 0.7042 | Vmin 0.2279 | agree +0.540 | a*_q05 -0.00641 | a*_q50 0.00162 | dV>=0 0.396 | beta 0.1000
  bell | direct viol 0.513 | direct dV>=0 0.467 | d_mean +0.00137 | d_std 0.03900 | d_q95 0.07524
[Episode 428/400] Steps: 720 | Reward:   -2.80 | Battery:  80.26% | Loss: 0.1150
Placing Sensors
[Episode 429/400] Steps: 720 | Reward:   -5.52 | Battery:  70.32% | Loss: 
Placing Sensors
Policy -0.0080 | Value 0.0065 | KL 0.00735 | CF 0.0777 | Std 0.1100 | |a| 0.0424 | EV +0.923 | Rsd 0.365 | Res 0.101 | AE nan | Alpha 0.0100 | MB 24/24
  cert | viol 0.101 | dV -0.258081 | V 0.3334 | inball 0.527 | a*_q05 0.00236 | a*_q50 0.02925 | dV>=0 0.021 | n=150 | a_used 0.00464 -> 0.00451
  crit | n=1 | viol 0.641 | V 0.6599 | Vmin 0.2259 | agree +0.462 | a*_q05 -0.00556 | a*_q50 0.00272 | dV>=0 0.320 | beta 0.1000
  bell | direct viol 0.479 | direct dV>=0 0.443 | d_mean +0.00029 | d_std 0.04048 | d_q95 0.08171
[Episode 430/400] Steps: 720 | Reward:   -3.57 | Battery:  78.78% | Loss: 0.1237
Placing Sensors
[Episode 431/400] Steps: 720 | Reward:   -4.09 | Battery:  65.10% | Loss: 
Placing Sensors
Policy -0.0097 | Value 0.0080 | KL 0.01223 | CF 0.1089 | Std 0.1100 | |a| 0.0454 | EV +0.921 | Rsd 0.373 | Res 0.119 | AE nan | Alpha 0.0100 | MB 24/24
  cert | viol 0.000 | dV -0.188585 | V 0.2121 | inball 0.492 | a*_q05 0.00874 | a*_q50 0.02986 | dV>=0 0.000 | n=150 | a_used 0.00451 -> 0.00469
  crit | n=1 | viol 0.861 | V 0.6753 | Vmin 0.2541 | agree +0.440 | a*_q05 -0.00575 | a*_q50 0.00014 | dV>=0 0.489 | beta 0.1000
  bell | direct viol 0.526 | direct dV>=0 0.473 | d_mean +0.00225 | d_std 0.03958 | d_q95 0.07960
[Episode 432/400] Steps: 720 | Reward:   -3.60 | Battery:  59.94% | Loss: 0.2290
Placing Sensors
[Episode 433/400] Steps: 720 | Reward:   -4.76 | Battery:  66.76% | Loss: 
Placing Sensors
[Episode 434/400] Steps:  91 | Reward:  -17.57 | Battery:   0.00% | Loss: 
Placing Sensors
Policy -0.0059 | Value 0.0191 | KL 0.01411 | CF 0.0936 | Std 0.1100 | |a| 0.0463 | EV +0.853 | Rsd 0.458 | Res 0.181 | AE nan | Alpha 0.0100 | MB 24/24
  cert | viol 0.116 | dV -0.233030 | V 0.2914 | inball 0.436 | a*_q05 0.00285 | a*_q50 0.02982 | dV>=0 0.000 | n=150 | a_used 0.00469 -> 0.00462
  crit | n=1 | viol 0.659 | V 0.7406 | Vmin 0.2294 | agree +0.524 | a*_q05 -0.00622 | a*_q50 0.00220 | dV>=0 0.354 | beta 0.1000
  bell | direct viol 0.538 | direct dV>=0 0.485 | d_mean -0.00026 | d_std 0.04610 | d_q95 0.09723
[Episode 435/400] Steps: 720 | Reward:   -4.52 | Battery:  66.11% | Loss: 0.1001
Placing Sensors
[Episode 436/400] Steps:  91 | Reward:  -17.56 | Battery:   0.00% | Loss: 
Placing Sensors
[Episode 437/400] Steps: 720 | Reward:   -3.86 | Battery:  75.14% | Loss: 
Placing Sensors
Policy -0.0036 | Value 0.0181 | KL 0.00614 | CF 0.0663 | Std 0.1100 | |a| 0.0469 | EV +0.893 | Rsd 0.480 | Res 0.157 | AE nan | Alpha 0.0100 | MB 24/24
  cert | viol 0.039 | dV -0.258880 | V 0.2893 | inball 0.546 | a*_q05 0.00681 | a*_q50 0.03427 | dV>=0 0.000 | n=150 | a_used 0.00462 -> 0.00455
  crit | n=1 | viol 0.760 | V 0.7100 | Vmin 0.2052 | agree +0.644 | a*_q05 -0.00571 | a*_q50 0.00231 | dV>=0 0.297 | beta 0.1000
  bell | direct viol 0.494 | direct dV>=0 0.456 | d_mean +0.00297 | d_std 0.06019 | d_q95 0.12313
[Episode 438/400] Steps: 720 | Reward:   -4.10 | Battery:  74.03% | Loss: 0.0422
Placing Sensors
[Episode 439/400] Steps: 720 | Reward:   -3.77 | Battery:  75.87% | Loss: 
Placing Sensors
Policy 0.0008 | Value 0.0091 | KL 0.01088 | CF 0.1467 | Std 0.1100 | |a| 0.0343 | EV +0.818 | Rsd 0.307 | Res 0.132 | AE nan | Alpha 0.0100 | MB 24/24
  cert | viol 0.030 | dV -0.255562 | V 0.2798 | inball 0.616 | a*_q05 0.00718 | a*_q50 0.03651 | dV>=0 0.015 | n=150 | a_used 0.00455 -> 0.00465
  crit | n=1 | viol 0.617 | V 0.5666 | Vmin 0.2359 | agree +0.378 | a*_q05 -0.00681 | a*_q50 0.00273 | dV>=0 0.374 | beta 0.1000
  bell | direct viol 0.503 | direct dV>=0 0.460 | d_mean +0.00101 | d_std 0.04332 | d_q95 0.08505
[Episode 440/400] Steps: 720 | Reward:   -3.73 | Battery:  82.81% | Loss: -0.0287
Placing Sensors
[Episode 441/400] Steps: 720 | Reward:   -3.29 | Battery:  77.62% | Loss: 
Placing Sensors
Policy -0.0080 | Value 0.0053 | KL 0.01039 | CF 0.0943 | Std 0.1100 | |a| 0.0415 | EV +0.911 | Rsd 0.299 | Res 0.097 | AE nan | Alpha 0.0100 | MB 24/24
  cert | viol 0.000 | dV -0.273094 | V 0.2882 | inball 0.630 | a*_q05 0.01102 | a*_q50 0.04076 | dV>=0 0.000 | n=150 | a_used 0.00465 -> 0.00483
  crit | n=1 | viol 0.640 | V 0.4701 | Vmin 0.1798 | agree +0.617 | a*_q05 -0.00735 | a*_q50 0.00221 | dV>=0 0.414 | beta 0.1000
  bell | direct viol 0.483 | direct dV>=0 0.445 | d_mean +0.00051 | d_std 0.04043 | d_q95 0.08501
[Episode 442/400] Steps: 720 | Reward:   -2.62 | Battery:  79.97% | Loss: -0.0601
Placing Sensors

[CONVERGED] episode 443: deaths 10% over the last 100, survivor reward flat for 25 consecutive episodes. Wrote probe_converged.pt.
[Episode 443/400] Steps:  67 | Reward:  -17.65 | Battery:   0.00% | Loss: 
Placing Sensors
[Episode 444/400] Steps: 720 | Reward:   -2.96 | Battery:  84.98% | Loss: 
Placing Sensors
Policy -0.0072 | Value 0.0128 | KL 0.00964 | CF 0.1206 | Std 0.1099 | |a| 0.0416 | EV +0.905 | Rsd 0.447 | Res 0.140 | AE nan | Alpha 0.0100 | MB 24/24
  cert | viol 0.013 | dV -0.251440 | V 0.2720 | inball 0.571 | a*_q05 0.00956 | a*_q50 0.03486 | dV>=0 0.000 | n=150 | a_used 0.00483 -> 0.00501
  crit | n=1 | viol 0.683 | V 0.6116 | Vmin 0.1840 | agree +0.625 | a*_q05 -0.00681 | a*_q50 0.00158 | dV>=0 0.442 | beta 0.1000
  bell | direct viol 0.506 | direct dV>=0 0.458 | d_mean +0.00163 | d_std 0.03718 | d_q95 0.07764
[Episode 445/400] Steps: 720 | Reward:   -4.08 | Battery:  65.19% | Loss: -0.0076
Placing Sensors
[Episode 446/400] Steps: 720 | Reward:   -4.12 | Battery:  78.54% | Loss: 
Placing Sensors
Policy -0.0051 | Value 0.0049 | KL 0.00738 | CF 0.0870 | Std 0.1099 | |a| 0.0448 | EV +0.957 | Rsd 0.387 | Res 0.082 | AE nan | Alpha 0.0100 | MB 24/24
  cert | viol 0.046 | dV -0.349893 | V 0.4009 | inball 0.585 | a*_q05 0.00574 | a*_q50 0.03533 | dV>=0 0.004 | n=150 | a_used 0.00501 -> 0.00499
  crit | n=1 | viol 0.415 | V 0.5602 | Vmin 0.1801 | agree +0.619 | a*_q05 -0.00650 | a*_q50 0.00687 | dV>=0 0.237 | beta 0.1000
  bell | direct viol 0.506 | direct dV>=0 0.455 | d_mean +0.00067 | d_std 0.03952 | d_q95 0.07821
[Episode 447/400] Steps: 720 | Reward:   -4.45 | Battery:  81.95% | Loss: 0.0757
Placing Sensors
[Episode 448/400] Steps: 720 | Reward:   -3.77 | Battery:  80.30% | Loss: 
Placing Sensors
[Episode 449/400] Steps: 130 | Reward:  -17.24 | Battery:   0.00% | Loss: 
Placing Sensors
Policy -0.0062 | Value 0.0098 | KL 0.00679 | CF 0.0643 | Std 0.1099 | |a| 0.0489 | EV +0.914 | Rsd 0.498 | Res 0.148 | AE nan | Alpha 0.0100 | MB 28/28
  cert | viol 0.048 | dV -0.290298 | V 0.3359 | inball 0.514 | a*_q05 0.00573 | a*_q50 0.03452 | dV>=0 0.000 | n=150 | a_used 0.00499 -> 0.00495
  crit | n=1 | viol 0.490 | V 0.6893 | Vmin 0.1791 | agree +0.622 | a*_q05 -0.00475 | a*_q50 0.00502 | dV>=0 0.217 | beta 0.1000
  bell | direct viol 0.518 | direct dV>=0 0.463 | d_mean -0.00074 | d_std 0.05058 | d_q95 0.09994
[Episode 450/400] Steps: 720 | Reward:   -4.58 | Battery:  70.60% | Loss: 0.1877
Placing Sensors
[Episode 451/400] Steps: 720 | Reward:   -4.96 | Battery:  55.37% | Loss: 
Placing Sensors
Policy -0.0133 | Value 0.0108 | KL 0.01285 | CF 0.1280 | Std 0.1099 | |a| 0.0412 | EV +0.888 | Rsd 0.396 | Res 0.132 | AE nan | Alpha 0.0100 | MB 24/24
  cert | viol 0.021 | dV -0.264425 | V 0.3037 | inball 0.495 | a*_q05 0.00627 | a*_q50 0.03250 | dV>=0 0.000 | n=150 | a_used 0.00495 -> 0.00499
  crit | n=1 | viol 0.684 | V 0.6284 | Vmin 0.1790 | agree +0.466 | a*_q05 -0.00569 | a*_q50 0.00241 | dV>=0 0.356 | beta 0.1000
  bell | direct viol 0.496 | direct dV>=0 0.454 | d_mean +0.00180 | d_std 0.05120 | d_q95 0.09484
[Episode 452/400] Steps: 720 | Reward:   -4.08 | Battery:  75.85% | Loss: 0.0156
Placing Sensors
[Episode 453/400] Steps: 720 | Reward:   -3.62 | Battery:  71.89% | Loss: 
Placing Sensors
Policy -0.0097 | Value 0.0043 | KL 0.00910 | CF 0.0949 | Std 0.1099 | |a| 0.0397 | EV +0.941 | Rsd 0.329 | Res 0.080 | AE nan | Alpha 0.0100 | MB 24/24
  cert | viol 0.028 | dV -0.249952 | V 0.2805 | inball 0.598 | a*_q05 0.00681 | a*_q50 0.03590 | dV>=0 0.000 | n=150 | a_used 0.00499 -> 0.00512
  crit | n=1 | viol 0.594 | V 0.5310 | Vmin 0.1746 | agree +0.471 | a*_q05 -0.00494 | a*_q50 0.00356 | dV>=0 0.274 | beta 0.1000
  bell | direct viol 0.511 | direct dV>=0 0.460 | d_mean +0.00098 | d_std 0.02793 | d_q95 0.05794
[Episode 454/400] Steps: 720 | Reward:   -3.93 | Battery:  76.46% | Loss: 0.0004
Placing Sensors
[Episode 455/400] Steps: 720 | Reward:   -2.77 | Battery:  73.01% | Loss: 
Placing Sensors
Policy -0.0140 | Value 0.0035 | KL 0.00853 | CF 0.1041 | Std 0.1098 | |a| 0.0426 | EV +0.958 | Rsd 0.352 | Res 0.072 | AE nan | Alpha 0.0100 | MB 24/24
  cert | viol 0.000 | dV -0.261475 | V 0.2875 | inball 0.609 | a*_q05 0.00909 | a*_q50 0.03689 | dV>=0 0.000 | n=150 | a_used 0.00512 -> 0.00526
  crit | n=1 | viol 0.489 | V 0.4979 | Vmin 0.1595 | agree +0.447 | a*_q05 -0.00535 | a*_q50 0.00546 | dV>=0 0.238 | beta 0.1000
  bell | direct viol 0.520 | direct dV>=0 0.460 | d_mean +0.00000 | d_std 0.03065 | d_q95 0.06287
[Episode 456/400] Steps: 720 | Reward:   -4.20 | Battery:  80.74% | Loss: -0.0071
Placing Sensors
[Episode 457/400] Steps: 720 | Reward:   -4.82 | Battery:  69.25% | Loss: 
Placing Sensors
Policy -0.0024 | Value 0.0039 | KL 0.00889 | CF 0.0823 | Std 0.1098 | |a| 0.0433 | EV +0.952 | Rsd 0.374 | Res 0.082 | AE nan | Alpha 0.0100 | MB 24/24
  cert | viol 0.072 | dV -0.299962 | V 0.3469 | inball 0.518 | a*_q05 0.00452 | a*_q50 0.03113 | dV>=0 0.000 | n=150 | a_used 0.00526 -> 0.00516
  crit | n=1 | viol 0.554 | V 0.6256 | Vmin 0.1942 | agree +0.417 | a*_q05 -0.00608 | a*_q50 0.00430 | dV>=0 0.335 | beta 0.1000
  bell | direct viol 0.525 | direct dV>=0 0.453 | d_mean +0.00073 | d_std 0.03218 | d_q95 0.06637
[Episode 458/400] Steps: 720 | Reward:   -4.29 | Battery:  65.71% | Loss: -0.0369
Placing Sensors
[Episode 459/400] Steps: 720 | Reward:   -3.18 | Battery:  77.35% | Loss: 
Placing Sensors
Policy -0.0106 | Value 0.0047 | KL 0.00999 | CF 0.1160 | Std 0.1098 | |a| 0.0452 | EV +0.939 | Rsd 0.304 | Res 0.083 | AE nan | Alpha 0.0100 | MB 24/24
  cert | viol 0.000 | dV -0.200971 | V 0.2131 | inball 0.623 | a*_q05 0.01147 | a*_q50 0.03613 | dV>=0 0.000 | n=150 | a_used 0.00516 -> 0.00534
  crit | n=1 | viol 0.804 | V 0.5467 | Vmin 0.1971 | agree +0.357 | a*_q05 -0.00678 | a*_q50 0.00123 | dV>=0 0.401 | beta 0.1000
  bell | direct viol 0.500 | direct dV>=0 0.449 | d_mean +0.00154 | d_std 0.03205 | d_q95 0.06662
[Episode 460/400] Steps: 720 | Reward:   -3.21 | Battery:  69.68% | Loss: -0.0299
Placing Sensors
[Episode 461/400] Steps: 720 | Reward:   -3.60 | Battery:  73.37% | Loss: 
Placing Sensors
[Episode 462/400] Steps:  93 | Reward:  -17.49 | Battery:   0.00% | Loss: 
Placing Sensors
Policy -0.0107 | Value 0.0210 | KL 0.00984 | CF 0.0928 | Std 0.1098 | |a| 0.0549 | EV +0.789 | Rsd 0.423 | Res 0.196 | AE nan | Alpha 0.0100 | MB 24/24
  cert | viol 0.021 | dV -0.258280 | V 0.2914 | inball 0.541 | a*_q05 0.00668 | a*_q50 0.03283 | dV>=0 0.000 | n=150 | a_used 0.00534 -> 0.00541
  crit | n=1 | viol 0.559 | V 0.5681 | Vmin 0.1889 | agree +0.699 | a*_q05 -0.00509 | a*_q50 0.00461 | dV>=0 0.247 | beta 0.1000
  bell | direct viol 0.540 | direct dV>=0 0.480 | d_mean -0.00008 | d_std 0.03873 | d_q95 0.07731
[Episode 463/400] Steps: 720 | Reward:   -3.67 | Battery:  84.94% | Loss: 0.1450
Placing Sensors
[Episode 464/400] Steps:  83 | Reward:  -17.57 | Battery:   0.00% | Loss: 
Placing Sensors
[Episode 465/400] Steps: 720 | Reward:   -3.55 | Battery:  88.37% | Loss: 
Placing Sensors
Policy -0.0116 | Value 0.0162 | KL 0.01059 | CF 0.1199 | Std 0.1098 | |a| 0.0444 | EV +0.905 | Rsd 0.462 | Res 0.142 | AE nan | Alpha 0.0100 | MB 24/24
  cert | viol 0.045 | dV -0.298893 | V 0.3465 | inball 0.511 | a*_q05 0.00617 | a*_q50 0.03055 | dV>=0 0.000 | n=150 | a_used 0.00541 -> 0.00550
  crit | n=1 | viol 0.576 | V 0.6951 | Vmin 0.2417 | agree +0.685 | a*_q05 -0.00571 | a*_q50 0.00441 | dV>=0 0.229 | beta 0.1000
  bell | direct viol 0.521 | direct dV>=0 0.456 | d_mean -0.00035 | d_std 0.04668 | d_q95 0.10367
[Episode 466/400] Steps: 720 | Reward:   -5.44 | Battery:  73.26% | Loss: 0.0908
Placing Sensors
[Episode 467/400] Steps: 720 | Reward:   -3.93 | Battery:  74.29% | Loss: 
Placing Sensors
Policy -0.0067 | Value 0.0070 | KL 0.00853 | CF 0.0883 | Std 0.1098 | |a| 0.0448 | EV +0.883 | Rsd 0.314 | Res 0.107 | AE nan | Alpha 0.0100 | MB 24/24
  cert | viol 0.000 | dV -0.243391 | V 0.2617 | inball 0.549 | a*_q05 0.01011 | a*_q50 0.03832 | dV>=0 0.000 | n=150 | a_used 0.00550 -> 0.00567
  crit | n=1 | viol 0.667 | V 0.5104 | Vmin 0.2342 | agree +0.354 | a*_q05 -0.00719 | a*_q50 0.00212 | dV>=0 0.399 | beta 0.1000
  bell | direct viol 0.524 | direct dV>=0 0.482 | d_mean +0.00127 | d_std 0.04499 | d_q95 0.09268
[Episode 468/400] Steps: 720 | Reward:   -3.05 | Battery:  74.51% | Loss: 0.0468
Placing Sensors
[Episode 469/400] Steps: 720 | Reward:   -3.37 | Battery:  76.55% | Loss: 
Placing Sensors
Policy -0.0054 | Value 0.0047 | KL 0.00605 | CF 0.0749 | Std 0.1098 | |a| 0.0466 | EV +0.958 | Rsd 0.381 | Res 0.079 | AE nan | Alpha 0.0100 | MB 24/24
  cert | viol 0.028 | dV -0.221826 | V 0.2518 | inball 0.576 | a*_q05 0.00689 | a*_q50 0.03599 | dV>=0 0.000 | n=150 | a_used 0.00567 -> 0.00575
  crit | n=1 | viol 0.673 | V 0.5964 | Vmin 0.2187 | agree +0.214 | a*_q05 -0.00702 | a*_q50 0.00313 | dV>=0 0.274 | beta 0.1000
  bell | direct viol 0.489 | direct dV>=0 0.448 | d_mean +0.00028 | d_std 0.03542 | d_q95 0.07269
[Episode 470/400] Steps: 720 | Reward:   -3.64 | Battery:  68.22% | Loss: 0.0813
Placing Sensors
[Episode 471/400] Steps: 720 | Reward:   -3.89 | Battery:  81.05% | Loss: 
Placing Sensors
Policy -0.0065 | Value 0.0078 | KL 0.00791 | CF 0.0793 | Std 0.1098 | |a| 0.0483 | EV +0.913 | Rsd 0.372 | Res 0.111 | AE nan | Alpha 0.0100 | MB 24/24
  cert | viol 0.012 | dV -0.317330 | V 0.3386 | inball 0.626 | a*_q05 0.00947 | a*_q50 0.04006 | dV>=0 0.000 | n=150 | a_used 0.00575 -> 0.00591
  crit | n=1 | viol 0.670 | V 0.5464 | Vmin 0.2224 | agree +0.514 | a*_q05 -0.00734 | a*_q50 0.00324 | dV>=0 0.305 | beta 0.1000
  bell | direct viol 0.500 | direct dV>=0 0.441 | d_mean +0.00152 | d_std 0.04064 | d_q95 0.08464
[Episode 472/400] Steps: 720 | Reward:   -3.43 | Battery:  79.19% | Loss: 0.1152
Placing Sensors
[Episode 473/400] Steps: 720 | Reward:   -3.67 | Battery:  70.63% | Loss: 
Placing Sensors
[Episode 474/400] Steps: 100 | Reward:  -17.36 | Battery:   0.00% | Loss: 
Placing Sensors
Policy -0.0402 | Value 0.0325 | KL 0.00989 | CF 0.0882 | Std 0.1098 | |a| 0.0574 | EV +0.817 | Rsd 0.502 | Res 0.217 | AE nan | Alpha 0.0100 | MB 28/28
  cert | viol 0.030 | dV -0.329494 | V 0.3703 | inball 0.501 | a*_q05 0.00892 | a*_q50 0.03439 | dV>=0 0.000 | n=150 | a_used 0.00591 -> 0.00604
  crit | n=1 | viol 0.616 | V 0.7195 | Vmin 0.2106 | agree +0.511 | a*_q05 -0.00570 | a*_q50 0.00344 | dV>=0 0.323 | beta 0.1000
  bell | direct viol 0.461 | direct dV>=0 0.421 | d_mean +0.00973 | d_std 0.05241 | d_q95 0.10903
[Episode 475/400] Steps: 720 | Reward:   -5.00 | Battery:  76.70% | Loss: -0.3597
Placing Sensors
[Episode 476/400] Steps:  86 | Reward:  -17.54 | Battery:   0.00% | Loss: 
Placing Sensors
[Episode 477/400] Steps: 720 | Reward:   -4.61 | Battery:  84.40% | Loss: 
Placing Sensors
Policy -0.0090 | Value 0.0163 | KL 0.00966 | CF 0.0932 | Std 0.1098 | |a| 0.0472 | EV +0.892 | Rsd 0.464 | Res 0.153 | AE nan | Alpha 0.0100 | MB 24/24
  cert | viol 0.153 | dV -0.253264 | V 0.3275 | inball 0.521 | a*_q05 0.00271 | a*_q50 0.02819 | dV>=0 0.003 | n=150 | a_used 0.00604 -> 0.00580
  crit | n=1 | viol 0.626 | V 0.6900 | Vmin 0.2140 | agree +0.632 | a*_q05 -0.00409 | a*_q50 0.00426 | dV>=0 0.193 | beta 0.1000
  bell | direct viol 0.503 | direct dV>=0 0.458 | d_mean +0.00052 | d_std 0.05494 | d_q95 0.11227
[Episode 478/400] Steps: 720 | Reward:   -4.06 | Battery:  79.18% | Loss: 0.0268
Placing Sensors
[Episode 479/400] Steps: 720 | Reward:   -3.43 | Battery:  83.37% | Loss: 
Placing Sensors
Policy -0.0058 | Value 0.0089 | KL 0.01322 | CF 0.1301 | Std 0.1098 | |a| 0.0707 | EV +0.884 | Rsd 0.362 | Res 0.147 | AE nan | Alpha 0.0100 | MB 24/24
  cert | viol 0.057 | dV -0.235371 | V 0.2664 | inball 0.586 | a*_q05 0.00588 | a*_q50 0.03567 | dV>=0 0.000 | n=150 | a_used 0.00580 -> 0.00581
  crit | n=1 | viol 0.806 | V 0.6195 | Vmin 0.2376 | agree +0.510 | a*_q05 -0.00718 | a*_q50 0.00027 | dV>=0 0.481 | beta 0.1000
  bell | direct viol 0.509 | direct dV>=0 0.462 | d_mean +0.00360 | d_std 0.04539 | d_q95 0.09412
[Episode 480/400] Steps: 720 | Reward:   -3.29 | Battery:  74.48% | Loss: -0.0672
Placing Sensors
[Episode 481/400] Steps: 720 | Reward:   -3.95 | Battery:  68.27% | Loss: 
Placing Sensors
[Episode 482/400] Steps:  91 | Reward:  -17.46 | Battery:   0.00% | Loss: 
Placing Sensors
[Episode 483/400] Steps:  65 | Reward:  -17.65 | Battery:   0.00% | Loss: 
Placing Sensors
Policy -0.0098 | Value 0.0212 | KL 0.01166 | CF 0.0886 | Std 0.1098 | |a| 0.0531 | EV +0.838 | Rsd 0.534 | Res 0.220 | AE nan | Alpha 0.0100 | MB 28/28
  cert | viol 0.047 | dV -0.217098 | V 0.2470 | inball 0.503 | a*_q05 0.00690 | a*_q50 0.03384 | dV>=0 0.000 | n=150 | a_used 0.00581 -> 0.00594
  crit | n=1 | viol 0.650 | V 0.6705 | Vmin 0.1866 | agree +0.650 | a*_q05 -0.00533 | a*_q50 0.00334 | dV>=0 0.283 | beta 0.1000
  bell | direct viol 0.523 | direct dV>=0 0.478 | d_mean +0.00003 | d_std 0.05844 | d_q95 0.12157
[Episode 484/400] Steps: 720 | Reward:   -3.23 | Battery:  79.99% | Loss: -0.0323
Placing Sensors
[Episode 485/400] Steps:  85 | Reward:  -17.52 | Battery:   0.00% | Loss: 
Placing Sensors
[Episode 486/400] Steps: 720 | Reward:   -3.88 | Battery:  71.10% | Loss: 
Placing Sensors
[Episode 487/400] Steps: 108 | Reward:  -17.32 | Battery:   0.00% | Loss: 
Placing Sensors
Policy -0.0010 | Value 0.0437 | KL 0.02217 | CF 0.1321 | Std 0.1098 | |a| 0.0575 | EV +0.818 | Rsd 0.573 | Res 0.245 | AE nan | Alpha 0.0100 | MB 21/28
  cert | viol 0.044 | dV -0.290333 | V 0.3263 | inball 0.446 | a*_q05 0.00680 | a*_q50 0.03627 | dV>=0 0.000 | n=150 | a_used 0.00594 -> 0.00610
  crit | n=1 | viol 0.695 | V 0.7683 | Vmin 0.2051 | agree +0.613 | a*_q05 -0.00645 | a*_q50 0.00212 | dV>=0 0.376 | beta 0.1000
  bell | direct viol 0.517 | direct dV>=0 0.469 | d_mean +0.00134 | d_std 0.07720 | d_q95 0.15773
[Episode 488/400] Steps: 720 | Reward:   -4.55 | Battery:  67.82% | Loss: 0.1993
Placing Sensors
[Episode 489/400] Steps: 720 | Reward:   -5.02 | Battery:  72.68% | Loss: 
Placing Sensors
Policy -0.0109 | Value 0.0094 | KL 0.01111 | CF 0.1266 | Std 0.1098 | |a| 0.0473 | EV +0.935 | Rsd 0.446 | Res 0.114 | AE nan | Alpha 0.0100 | MB 24/24
  cert | viol 0.157 | dV -0.291068 | V 0.3849 | inball 0.492 | a*_q05 0.00096 | a*_q50 0.02781 | dV>=0 0.037 | n=150 | a_used 0.00610 -> 0.00538
  crit | n=1 | viol 0.638 | V 0.7268 | Vmin 0.2166 | agree +0.530 | a*_q05 -0.00585 | a*_q50 0.00384 | dV>=0 0.301 | beta 0.1000
  bell | direct viol 0.495 | direct dV>=0 0.447 | d_mean +0.00117 | d_std 0.05006 | d_q95 0.09521
[Episode 490/400] Steps: 720 | Reward:   -5.25 | Battery:  75.41% | Loss: -0.1005
Placing Sensors
[Episode 491/400] Steps: 720 | Reward:   -3.74 | Battery:  81.81% | Loss: 
Placing Sensors
Policy 0.0054 | Value 0.0048 | KL 0.01752 | CF 0.1329 | Std 0.1098 | |a| 0.0440 | EV +0.939 | Rsd 0.316 | Res 0.083 | AE nan | Alpha 0.0100 | MB 24/24
  cert | viol 0.016 | dV -0.280332 | V 0.3030 | inball 0.642 | a*_q05 0.00870 | a*_q50 0.03778 | dV>=0 0.000 | n=150 | a_used 0.00538 -> 0.00555
  crit | n=1 | viol 0.669 | V 0.5036 | Vmin 0.1812 | agree +0.674 | a*_q05 -0.00676 | a*_q50 0.00355 | dV>=0 0.300 | beta 0.1000
  bell | direct viol 0.484 | direct dV>=0 0.441 | d_mean +0.00153 | d_std 0.04523 | d_q95 0.09613
[Episode 492/400] Steps: 720 | Reward:   -3.20 | Battery:  82.67% | Loss: 0.0164
Placing Sensors
[Episode 493/400] Steps: 720 | Reward:   -3.26 | Battery:  77.20% | Loss: 
Placing Sensors
Policy -0.0106 | Value 0.0041 | KL 0.01255 | CF 0.1313 | Std 0.1098 | |a| 0.0477 | EV +0.957 | Rsd 0.343 | Res 0.075 | AE nan | Alpha 0.0100 | MB 24/24
  cert | viol 0.000 | dV -0.288253 | V 0.3059 | inball 0.656 | a*_q05 0.01078 | a*_q50 0.04021 | dV>=0 0.000 | n=150 | a_used 0.00555 -> 0.00571
  crit | n=1 | viol 0.658 | V 0.4885 | Vmin 0.1663 | agree +0.498 | a*_q05 -0.00677 | a*_q50 0.00354 | dV>=0 0.281 | beta 0.1000
  bell | direct viol 0.466 | direct dV>=0 0.426 | d_mean +0.00164 | d_std 0.03232 | d_q95 0.06548
[Episode 494/400] Steps: 720 | Reward:   -2.83 | Battery:  84.43% | Loss: -0.1515
Placing Sensors
[Episode 495/400] Steps: 720 | Reward:   -4.14 | Battery:  82.43% | Loss: 
Placing Sensors
Policy -0.0094 | Value 0.0079 | KL 0.01059 | CF 0.1180 | Std 0.1098 | |a| 0.0480 | EV +0.910 | Rsd 0.326 | Res 0.099 | AE nan | Alpha 0.0100 | MB 24/24
  cert | viol 0.041 | dV -0.267303 | V 0.3088 | inball 0.591 | a*_q05 0.00696 | a*_q50 0.03315 | dV>=0 0.000 | n=150 | a_used 0.00571 -> 0.00577
  crit | n=1 | viol 0.696 | V 0.5265 | Vmin 0.1786 | agree +0.507 | a*_q05 -0.00580 | a*_q50 0.00284 | dV>=0 0.277 | beta 0.1000
  bell | direct viol 0.510 | direct dV>=0 0.468 | d_mean +0.00100 | d_std 0.04527 | d_q95 0.09285
[Episode 496/400] Steps: 720 | Reward:   -3.35 | Battery:  79.98% | Loss: -0.0181
Placing Sensors
[Episode 497/400] Steps: 720 | Reward:   -4.15 | Battery:  78.35% | Loss: 
Placing Sensors
Policy -0.0101 | Value 0.0049 | KL 0.01048 | CF 0.0888 | Std 0.1098 | |a| 0.0501 | EV +0.948 | Rsd 0.360 | Res 0.083 | AE nan | Alpha 0.0100 | MB 24/24
  cert | viol 0.058 | dV -0.270319 | V 0.3140 | inball 0.573 | a*_q05 0.00590 | a*_q50 0.03255 | dV>=0 0.000 | n=150 | a_used 0.00577 -> 0.00572
  crit | n=1 | viol 0.602 | V 0.5905 | Vmin 0.1518 | agree +0.473 | a*_q05 -0.00620 | a*_q50 0.00429 | dV>=0 0.272 | beta 0.1000
  bell | direct viol 0.505 | direct dV>=0 0.444 | d_mean +0.00108 | d_std 0.03729 | d_q95 0.07523
[Episode 498/400] Steps: 720 | Reward:   -4.03 | Battery:  82.48% | Loss: -0.0043
Placing Sensors
[Episode 499/400] Steps: 720 | Reward:   -4.50 | Battery:  64.35% | Loss: 
Placing Sensors
Policy -0.0067 | Value 0.0074 | KL 0.01711 | CF 0.1104 | Std 0.1097 | |a| 0.0564 | EV +0.922 | Rsd 0.375 | Res 0.106 | AE nan | Alpha 0.0100 | MB 24/24
  cert | viol 0.080 | dV -0.294214 | V 0.3550 | inball 0.476 | a*_q05 0.00425 | a*_q50 0.03215 | dV>=0 0.014 | n=150 | a_used 0.00572 -> 0.00570
  crit | n=1 | viol 0.440 | V 0.6655 | Vmin 0.1540 | agree +0.196 | a*_q05 -0.00581 | a*_q50 0.00706 | dV>=0 0.296 | beta 0.1000
  bell | direct viol 0.503 | direct dV>=0 0.450 | d_mean -0.00015 | d_std 0.03642 | d_q95 0.07203
[Episode 500/400] Steps: 720 | Reward:   -5.07 | Battery:  68.07% | Loss: 0.0840
Placing Sensors
[Episode 501/400] Steps: 720 | Reward:   -4.11 | Battery:  78.41% | Loss: 
Placing Sensors
Policy -0.0099 | Value 0.0043 | KL 0.00896 | CF 0.1077 | Std 0.1097 | |a| 0.0485 | EV +0.947 | Rsd 0.338 | Res 0.078 | AE nan | Alpha 0.0100 | MB 24/24
  cert | viol 0.058 | dV -0.297977 | V 0.3400 | inball 0.558 | a*_q05 0.00565 | a*_q50 0.03604 | dV>=0 0.000 | n=150 | a_used 0.00570 -> 0.00567
  crit | n=1 | viol 0.567 | V 0.5642 | Vmin 0.1608 | agree +0.522 | a*_q05 -0.00595 | a*_q50 0.00451 | dV>=0 0.343 | beta 0.1000
  bell | direct viol 0.525 | direct dV>=0 0.484 | d_mean -0.00049 | d_std 0.03904 | d_q95 0.07665
[Episode 502/400] Steps: 720 | Reward:   -4.11 | Battery:  71.98% | Loss: 0.1671
Placing Sensors
[Episode 503/400] Steps: 720 | Reward:   -2.28 | Battery:  84.78% | Loss: 
Placing Sensors
Policy -0.0119 | Value 0.0049 | KL 0.01122 | CF 0.1146 | Std 0.1097 | |a| 0.0449 | EV +0.952 | Rsd 0.355 | Res 0.079 | AE nan | Alpha 0.0100 | MB 24/24
  cert | viol 0.027 | dV -0.296690 | V 0.3243 | inball 0.636 | a*_q05 0.00850 | a*_q50 0.03964 | dV>=0 0.000 | n=150 | a_used 0.00567 -> 0.00572
  crit | n=1 | viol 0.559 | V 0.4710 | Vmin 0.1308 | agree +0.495 | a*_q05 -0.00650 | a*_q50 0.00432 | dV>=0 0.327 | beta 0.1000
  bell | direct viol 0.500 | direct dV>=0 0.465 | d_mean +0.00087 | d_std 0.04220 | d_q95 0.08910
[Episode 504/400] Steps: 720 | Reward:   -4.00 | Battery:  72.89% | Loss: 0.0778
[budget] 288705 transitions collected over 504 episodes -- step budget met, stopping.
Placing Sensors
  [validation 1/10] steps 720 | battery  33.5% ->  73.1% (min  22.8%) | reward    -4.48 | |a| 0.057 | path     187 m
Placing Sensors
  [validation 2/10] steps 720 | battery  34.0% ->  81.7% (min  27.3%) | reward    -3.19 | |a| 0.030 | path     224 m
Placing Sensors
  [validation 3/10] steps 720 | battery  35.4% ->  77.8% (min  31.6%) | reward    -2.88 | |a| 0.033 | path     208 m
Placing Sensors
  [validation 4/10] steps 720 | battery  30.5% ->  83.5% (min  10.0%) | reward    -3.91 | |a| 0.060 | path     158 m
Placing Sensors
  [validation 5/10] steps 720 | battery  32.4% ->  86.4% (min  16.2%) | reward    -3.02 | |a| 0.038 | path     316 m
Placing Sensors
  [validation 6/10] steps 720 | battery  39.1% ->  83.0% (min  25.6%) | reward    -3.07 | |a| 0.038 | path     313 m
Placing Sensors
  [validation 7/10] steps 720 | battery  32.5% ->  83.2% (min  21.3%) | reward    -2.62 | |a| 0.033 | path     257 m
Placing Sensors
  [validation 8/10] steps 720 | battery  39.5% ->  85.0% (min  36.7%) | reward    -2.26 | |a| 0.026 | path     148 m
Placing Sensors
  [validation 9/10] steps 720 | battery  38.7% ->  84.5% (min  32.2%) | reward    -2.25 | |a| 0.036 | path     204 m
Placing Sensors
  [validation 10/10] steps 720 | battery  31.3% ->  75.9% (min  30.3%) | reward    -2.92 | |a| 0.031 | path     224 m

==============================================================================
VALIDATION COMPLETE -- 10 independent deterministic episodes
==============================================================================
metric                       mean        std        min        max
reward                      -3.06       0.69      -4.48      -2.25
final battery %             81.41       4.34      73.12      86.38
min battery %               25.41       8.07       9.97      36.73
steps                      720.00       0.00     720.00     720.00
solar W                     28.30       2.50      22.44      30.85
|action|                     0.04       0.01       0.03       0.06
path m                     223.88      57.37     148.47     315.78
tortuosity                   3.84       1.54       2.14       6.41
motion mAh                 167.00      43.67     107.95     238.29
idle mAh                 11585.91       9.02   11582.40   11611.07

survived full 720 steps : 10/10
ended below 20% battery         : 0/10
ended above 70% battery         : 10/10

reward 95% CI: -3.06 +- 0.43  (-3.49 to -2.63)

total step rows written: 7200

==============================================
WALL CLOCK BREAKDOWN
==============================================
Total run time        :   17773.42 s
  Rollout (training)  :   17236.27 s  ( 97.0%)
    - policy inference:     270.80 s  (  1.5%)
    - env + reward    :   16965.47 s  ( 95.5%)
  PPO update()        :      59.56 s  (  0.3%)
  Checkpoint saves    :       0.05 s  (  0.0%)
  Final evaluation    :     346.42 s  (  1.9%)
  Other / logging     :     131.12 s  (  0.7%)

==============================================
PER-CALL AVERAGES
==============================================
Policy inference      :   295905 calls |    0.937 ms/step
  final eval only     :     7200 calls |    0.914 ms/step
PPO update()          :      193 calls |  308.621 ms/update
Episode               :      400 eps   |   43.567 s/episode

update() share of wall clock: 0.3%
