Placing Sensors
[cost_linear] critic head: unconstrained linear, spectral_norm = True. V_cost >= 0 is NOT structural in this arm -- watch v_critic_min.
Placing Sensors
[Episode 1/400] Steps: 720 | Reward:   -6.65 | Battery:  42.27% | Loss: 
Placing Sensors
[Episode 2/400] Steps: 104 | Reward:  -17.45 | Battery:   0.00% | Loss: 
Placing Sensors
[Episode 3/400] Steps:  81 | Reward:  -17.52 | Battery:   0.00% | Loss: 
Placing Sensors
[Episode 4/400] Steps:  71 | Reward:  -17.74 | Battery:   0.00% | Loss: 
Placing Sensors
[Episode 5/400] Steps:  64 | Reward:  -17.49 | Battery:   0.00% | Loss: 
Placing Sensors
[Episode 6/400] Steps:  83 | Reward:  -17.35 | Battery:   0.00% | Loss: 
Placing Sensors
[Episode 7/400] Steps:  79 | Reward:  -17.59 | Battery:   0.00% | Loss: 
Placing Sensors
Policy -0.0073 | Value 0.0310 | KL 0.00446 | CF 0.0510 | Std 0.1054 | |a| 0.0110 | EV +0.001 | AE nan | Alpha 0.9026 | MB 32/32
  cert | viol 0.389 | dV -0.196651 | V 0.2979 | inball 0.223 | a*_q05 -0.00042 | a*_q50 0.01798 | dV>=0 0.063 | n=150 | a_used 0.01000 -> 0.00950
  crit | n=1 | viol 0.994 | V 1.2134 | Vmin 0.8035 | agree +0.775 | a*_q05 -0.00687 | a*_q50 0.00030 | dV>=0 0.467 | beta 0.1000
  bell | direct viol 0.914 | direct dV>=0 0.467 | d_mean -0.00052 | d_std 0.01158 | d_q95 0.02263
[Episode 8/400] Steps: 720 | Reward:   -5.54 | Battery:  39.83% | Loss: 1.4605
Placing Sensors
[Episode 9/400] Steps:  73 | Reward:  -17.73 | Battery:   0.00% | Loss: 
Placing Sensors
[Episode 10/400] Steps:  66 | Reward:  -17.85 | Battery:   0.00% | Loss: 
Placing Sensors
[Episode 11/400] Steps:  68 | Reward:  -17.35 | Battery:   0.00% | Loss: 
Placing Sensors
[Episode 12/400] Steps: 720 | Reward:   -9.87 | Battery:  20.37% | Loss: 
Placing Sensors
[Episode 13/400] Steps:  66 | Reward:  -17.59 | Battery:   0.00% | Loss: 
Placing Sensors
[Episode 14/400] Steps:  62 | Reward:  -17.76 | Battery:   0.00% | Loss: 
Placing Sensors
[Episode 15/400] Steps: 115 | Reward:  -17.43 | Battery:   0.00% | Loss: 
Placing Sensors
[Episode 16/400] Steps:  97 | Reward:  -17.61 | Battery:   0.00% | Loss: 
Placing Sensors
[Episode 17/400] Steps:  80 | Reward:  -17.74 | Battery:   0.00% | Loss: 
Placing Sensors
[Episode 18/400] Steps:  83 | Reward:  -17.54 | Battery:   0.00% | Loss: 
Placing Sensors
Policy -0.0023 | Value 0.0470 | KL 0.00341 | CF 0.0402 | Std 0.1055 | |a| 0.0106 | EV +0.491 | AE nan | Alpha 0.8335 | MB 24/24
  cert | viol 0.810 | dV -0.059930 | V 0.3935 | inball 0.000 | a*_q05 -0.01562 | a*_q50 0.00086 | dV>=0 0.421 | n=150 | a_used 0.00950 -> 0.00903
  crit | n=1 | viol 0.995 | V 1.6256 | Vmin 0.9557 | agree +0.634 | a*_q05 -0.00435 | a*_q50 0.00096 | dV>=0 0.334 | beta 0.1000
  bell | direct viol 0.921 | direct dV>=0 0.522 | d_mean -0.00232 | d_std 0.01248 | d_q95 0.02466
[Episode 19/400] Steps:  65 | Reward:  -17.67 | Battery:   0.00% | Loss: 1.4834
Placing Sensors
[Episode 20/400] Steps:  87 | Reward:  -17.63 | Battery:   0.00% | Loss: 
Placing Sensors
[Episode 21/400] Steps: 720 | Reward:   -4.05 | Battery:  57.48% | Loss: 
Placing Sensors
[Episode 22/400] Steps: 114 | Reward:  -17.42 | Battery:   0.00% | Loss: 
Placing Sensors
[Episode 23/400] Steps:  68 | Reward:  -17.46 | Battery:   0.00% | Loss: 
Placing Sensors
[Episode 24/400] Steps: 105 | Reward:  -17.50 | Battery:   0.00% | Loss: 
Placing Sensors
[Episode 25/400] Steps:  93 | Reward:  -17.51 | Battery:   0.00% | Loss: 
Placing Sensors
[Episode 26/400] Steps:  71 | Reward:  -17.64 | Battery:   0.00% | Loss: 
Placing Sensors
[Episode 27/400] Steps: 115 | Reward:  -17.39 | Battery:   0.00% | Loss: 
Placing Sensors
Policy -0.0024 | Value 0.0602 | KL 0.00369 | CF 0.0385 | Std 0.1056 | |a| 0.0114 | EV +0.478 | AE nan | Alpha 0.7710 | MB 24/24
  cert | viol 0.078 | dV -0.229388 | V 0.2519 | inball 0.273 | a*_q05 0.00895 | a*_q50 0.03650 | dV>=0 0.000 | n=150 | a_used 0.00903 -> 0.00895
  crit | n=1 | viol 0.992 | V 1.5588 | Vmin 0.8472 | agree +0.759 | a*_q05 -0.00709 | a*_q50 0.00004 | dV>=0 0.525 | beta 0.1000
  bell | direct viol 0.907 | direct dV>=0 0.497 | d_mean +0.00019 | d_std 0.01358 | d_q95 0.02763
[Episode 28/400] Steps:  90 | Reward:  -17.52 | Battery:   0.00% | Loss: 1.3188
Placing Sensors
[Episode 29/400] Steps:  89 | Reward:  -17.55 | Battery:   0.00% | Loss: 
Placing Sensors
[Episode 30/400] Steps: 720 | Reward:   -6.56 | Battery:  57.43% | Loss: 
Placing Sensors
[Episode 31/400] Steps: 151 | Reward:  -17.09 | Battery:   0.00% | Loss: 
Placing Sensors
Policy -0.0105 | Value 0.0204 | KL 0.00355 | CF 0.0389 | Std 0.1058 | |a| 0.0116 | EV +0.856 | AE nan | Alpha 0.7049 | MB 28/28
  cert | viol 0.350 | dV -0.227132 | V 0.3467 | inball 0.248 | a*_q05 0.00185 | a*_q50 0.01924 | dV>=0 0.007 | n=150 | a_used 0.00895 -> 0.00832
  crit | n=1 | viol 0.999 | V 1.3350 | Vmin 0.6850 | agree +0.587 | a*_q05 -0.00693 | a*_q50 -0.00066 | dV>=0 0.595 | beta 0.1000
  bell | direct viol 0.903 | direct dV>=0 0.424 | d_mean +0.00199 | d_std 0.01203 | d_q95 0.02366
[Episode 32/400] Steps: 720 | Reward:   -6.62 | Battery:  39.25% | Loss: 1.1249
Placing Sensors
[Episode 33/400] Steps: 107 | Reward:  -17.45 | Battery:   0.00% | Loss: 
Placing Sensors
[Episode 34/400] Steps: 720 | Reward:   -7.64 | Battery:  46.59% | Loss: 
Placing Sensors
[Episode 35/400] Steps: 110 | Reward:  -17.45 | Battery:   0.00% | Loss: 
Placing Sensors
[Episode 36/400] Steps: 106 | Reward:  -17.36 | Battery:   0.00% | Loss: 
Placing Sensors
[Episode 37/400] Steps:  73 | Reward:  -17.68 | Battery:   0.00% | Loss: 
Placing Sensors
Policy -0.0000 | Value 0.0128 | KL 0.00446 | CF 0.0494 | Std 0.1060 | |a| 0.0107 | EV +0.847 | AE nan | Alpha 0.6392 | MB 32/32
  cert | viol 0.588 | dV -0.155047 | V 0.3948 | inball 0.096 | a*_q05 -0.00982 | a*_q50 0.00584 | dV>=0 0.359 | n=150 | a_used 0.00832 -> 0.00790
  crit | n=1 | viol 0.977 | V 1.5270 | Vmin 0.6721 | agree +0.610 | a*_q05 -0.00546 | a*_q50 -0.00081 | dV>=0 0.628 | beta 0.1000
  bell | direct viol 0.877 | direct dV>=0 0.502 | d_mean +0.00107 | d_std 0.01289 | d_q95 0.02502
[Episode 38/400] Steps: 720 | Reward:   -9.22 | Battery:  32.42% | Loss: 0.9225
Placing Sensors
[Episode 39/400] Steps:  72 | Reward:  -17.59 | Battery:   0.00% | Loss: 
Placing Sensors
[Episode 40/400] Steps: 720 | Reward:   -5.14 | Battery:  54.66% | Loss: 
Placing Sensors
[Episode 41/400] Steps: 115 | Reward:  -17.30 | Battery:   0.00% | Loss: 
Placing Sensors
[Episode 42/400] Steps: 128 | Reward:  -17.33 | Battery:   0.00% | Loss: 
Placing Sensors
[Episode 43/400] Steps:  83 | Reward:  -17.61 | Battery:   0.00% | Loss: 
Placing Sensors
Policy -0.0151 | Value 0.0139 | KL 0.00474 | CF 0.0535 | Std 0.1062 | |a| 0.0112 | EV +0.841 | AE nan | Alpha 0.5796 | MB 32/32
  cert | viol 0.444 | dV -0.134721 | V 0.2554 | inball 0.119 | a*_q05 -0.01361 | a*_q50 0.00840 | dV>=0 0.161 | n=150 | a_used 0.00790 -> 0.00751
  crit | n=1 | viol 1.000 | V 1.4004 | Vmin 0.6635 | agree +0.702 | a*_q05 -0.00607 | a*_q50 -0.00119 | dV>=0 0.674 | beta 0.1000
  bell | direct viol 0.869 | direct dV>=0 0.475 | d_mean +0.00166 | d_std 0.01389 | d_q95 0.02595
[Episode 44/400] Steps: 720 | Reward:   -8.00 | Battery:  41.67% | Loss: 0.7992
Placing Sensors
[Episode 45/400] Steps: 132 | Reward:  -17.24 | Battery:   0.00% | Loss: 
Placing Sensors
[Episode 46/400] Steps: 720 | Reward:   -7.15 | Battery:  52.87% | Loss: 
Placing Sensors
Policy -0.0018 | Value 0.0262 | KL 0.00809 | CF 0.1083 | Std 0.1064 | |a| 0.0123 | EV +0.776 | AE nan | Alpha 0.5330 | MB 28/28
  cert | viol 0.408 | dV -0.218438 | V 0.3633 | inball 0.197 | a*_q05 -0.00902 | a*_q50 0.01039 | dV>=0 0.079 | n=150 | a_used 0.00751 -> 0.00701
  crit | n=1 | viol 0.980 | V 1.2899 | Vmin 0.6909 | agree +0.474 | a*_q05 -0.00777 | a*_q50 -0.00016 | dV>=0 0.503 | beta 0.1000
  bell | direct viol 0.821 | direct dV>=0 0.484 | d_mean +0.00140 | d_std 0.01639 | d_q95 0.02981
[Episode 47/400] Steps: 720 | Reward:   -7.58 | Battery:  63.70% | Loss: 1.1195
Placing Sensors
[Episode 48/400] Steps: 101 | Reward:  -17.50 | Battery:   0.00% | Loss: 
Placing Sensors
[Episode 49/400] Steps: 720 | Reward:   -8.57 | Battery:  55.84% | Loss: 
Placing Sensors
Policy 0.0545 | Value 0.0384 | KL 0.00900 | CF 0.1212 | Std 0.1066 | |a| 0.0122 | EV +0.809 | AE nan | Alpha 0.4910 | MB 28/28
  cert | viol 0.377 | dV -0.237468 | V 0.4197 | inball 0.326 | a*_q05 0.00094 | a*_q50 0.01637 | dV>=0 0.100 | n=150 | a_used 0.00701 -> 0.00687
  crit | n=1 | viol 0.785 | V 1.1390 | Vmin 0.6876 | agree +0.384 | a*_q05 -0.00648 | a*_q50 0.00164 | dV>=0 0.391 | beta 0.1000
  bell | direct viol 0.828 | direct dV>=0 0.408 | d_mean -0.00028 | d_std 0.01306 | d_q95 0.02198
[Episode 50/400] Steps: 720 | Reward:   -4.99 | Battery:  69.31% | Loss: 1.6383
Placing Sensors
[Episode 51/400] Steps:  94 | Reward:  -17.47 | Battery:   0.00% | Loss: 
Placing Sensors
[Episode 52/400] Steps: 166 | Reward:  -17.00 | Battery:   0.00% | Loss: 
Placing Sensors
[Episode 53/400] Steps:  77 | Reward:  -17.70 | Battery:   0.00% | Loss: 
Placing Sensors
[Episode 54/400] Steps: 720 | Reward:   -5.36 | Battery:  46.97% | Loss: 
Placing Sensors
[Episode 55/400] Steps: 140 | Reward:  -17.23 | Battery:   0.00% | Loss: 
Placing Sensors
[Episode 56/400] Steps:  84 | Reward:  -17.69 | Battery:   0.00% | Loss: 
Placing Sensors
Policy -0.0043 | Value 0.0381 | KL 0.00955 | CF 0.1312 | Std 0.1069 | |a| 0.0156 | EV +0.587 | AE nan | Alpha 0.4413 | MB 32/32
  cert | viol 0.185 | dV -0.245551 | V 0.3038 | inball 0.313 | a*_q05 -0.00558 | a*_q50 0.02799 | dV>=0 0.055 | n=150 | a_used 0.00687 -> 0.00653
  crit | n=1 | viol 0.986 | V 1.2864 | Vmin 0.5184 | agree +0.730 | a*_q05 -0.00723 | a*_q50 -0.00052 | dV>=0 0.574 | beta 0.1000
  bell | direct viol 0.804 | direct dV>=0 0.463 | d_mean +0.00216 | d_std 0.02063 | d_q95 0.03734
[Episode 57/400] Steps: 720 | Reward:   -4.89 | Battery:  67.72% | Loss: 0.7408
Placing Sensors
[Episode 58/400] Steps: 101 | Reward:  -17.45 | Battery:   0.00% | Loss: 
Placing Sensors
[Episode 59/400] Steps: 122 | Reward:  -17.40 | Battery:   0.00% | Loss: 
Placing Sensors
[Episode 60/400] Steps:  65 | Reward:  -17.84 | Battery:   0.00% | Loss: 
Placing Sensors
[Episode 61/400] Steps:  68 | Reward:  -17.74 | Battery:   0.00% | Loss: 
Placing Sensors
[Episode 62/400] Steps: 720 | Reward:   -7.64 | Battery:  58.43% | Loss: 
Placing Sensors
Policy -0.0102 | Value 0.0341 | KL 0.00578 | CF 0.0677 | Std 0.1071 | |a| 0.0158 | EV +0.748 | AE nan | Alpha 0.4010 | MB 32/32
  cert | viol 0.286 | dV -0.197969 | V 0.3416 | inball 0.209 | a*_q05 0.00123 | a*_q50 0.01913 | dV>=0 0.068 | n=150 | a_used 0.00653 -> 0.00653
  crit | n=1 | viol 0.900 | V 1.2747 | Vmin 0.5556 | agree +0.608 | a*_q05 -0.00646 | a*_q50 0.00041 | dV>=0 0.436 | beta 0.1000
  bell | direct viol 0.764 | direct dV>=0 0.479 | d_mean +0.00024 | d_std 0.02119 | d_q95 0.04146
[Episode 63/400] Steps: 720 | Reward:   -5.66 | Battery:  51.32% | Loss: 0.9333
Placing Sensors
[Episode 64/400] Steps: 720 | Reward:   -6.06 | Battery:  60.20% | Loss: 
Placing Sensors
[Episode 65/400] Steps:  90 | Reward:  -17.64 | Battery:   0.00% | Loss: 
Placing Sensors
Policy -0.0027 | Value 0.0155 | KL 0.00470 | CF 0.0553 | Std 0.1073 | |a| 0.0149 | EV +0.783 | AE nan | Alpha 0.3696 | MB 24/24
  cert | viol 0.237 | dV -0.184129 | V 0.2579 | inball 0.260 | a*_q05 0.00069 | a*_q50 0.01120 | dV>=0 0.039 | n=150 | a_used 0.00653 -> 0.00493
  crit | n=1 | viol 0.987 | V 1.0351 | Vmin 0.4950 | agree +0.656 | a*_q05 -0.00587 | a*_q50 -0.00059 | dV>=0 0.580 | beta 0.1000
  bell | direct viol 0.768 | direct dV>=0 0.476 | d_mean +0.00128 | d_std 0.01929 | d_q95 0.03420
[Episode 66/400] Steps: 720 | Reward:   -5.79 | Battery:  54.91% | Loss: 0.6147
Placing Sensors
[Episode 67/400] Steps: 164 | Reward:  -17.05 | Battery:   0.00% | Loss: 
Placing Sensors
[Episode 68/400] Steps: 112 | Reward:  -17.50 | Battery:   0.00% | Loss: 
Placing Sensors
[Episode 69/400] Steps: 720 | Reward:   -5.92 | Battery:  59.07% | Loss: 
Placing Sensors
Policy 0.0008 | Value 0.0255 | KL 0.01057 | CF 0.1321 | Std 0.1075 | |a| 0.0200 | EV +0.695 | AE nan | Alpha 0.3373 | MB 28/28
  cert | viol 0.168 | dV -0.265565 | V 0.3715 | inball 0.353 | a*_q05 0.00131 | a*_q50 0.02494 | dV>=0 0.011 | n=150 | a_used 0.00493 -> 0.00470
  crit | n=1 | viol 0.807 | V 1.0275 | Vmin 0.4594 | agree +0.637 | a*_q05 -0.00730 | a*_q50 0.00141 | dV>=0 0.363 | beta 0.1000
  bell | direct viol 0.681 | direct dV>=0 0.430 | d_mean -0.00035 | d_std 0.02246 | d_q95 0.04469
[Episode 70/400] Steps: 720 | Reward:   -5.79 | Battery:  71.38% | Loss: 0.5648
Placing Sensors
[Episode 71/400] Steps: 720 | Reward:   -6.30 | Battery:  61.30% | Loss: 
Placing Sensors
[Episode 72/400] Steps: 133 | Reward:  -17.35 | Battery:   0.00% | Loss: 
Placing Sensors
[Episode 73/400] Steps:  71 | Reward:  -17.72 | Battery:   0.00% | Loss: 
Placing Sensors
[Episode 74/400] Steps: 181 | Reward:  -17.18 | Battery:   0.00% | Loss: 
Placing Sensors
[Episode 75/400] Steps:  74 | Reward:  -17.62 | Battery:   0.00% | Loss: 
Placing Sensors
[Episode 76/400] Steps: 150 | Reward:  -17.18 | Battery:   0.00% | Loss: 
Placing Sensors
Policy -0.0085 | Value 0.0230 | KL 0.00733 | CF 0.0930 | Std 0.1078 | |a| 0.0175 | EV +0.756 | AE nan | Alpha 0.3024 | MB 32/36
  cert | viol 0.406 | dV -0.172132 | V 0.3143 | inball 0.076 | a*_q05 -0.01134 | a*_q50 0.00973 | dV>=0 0.229 | n=150 | a_used 0.00470 -> 0.00446
  crit | n=1 | viol 0.835 | V 1.2458 | Vmin 0.4457 | agree +0.681 | a*_q05 -0.00534 | a*_q50 0.00084 | dV>=0 0.399 | beta 0.1000
  bell | direct viol 0.704 | direct dV>=0 0.476 | d_mean -0.00207 | d_std 0.03056 | d_q95 0.05378
[Episode 77/400] Steps: 720 | Reward:   -8.44 | Battery:  50.75% | Loss: 0.5167
Placing Sensors
[Episode 78/400] Steps: 720 | Reward:   -7.88 | Battery:  53.79% | Loss: 
Placing Sensors
Policy -0.0108 | Value 0.0100 | KL 0.00613 | CF 0.0756 | Std 0.1079 | |a| 0.0139 | EV +0.868 | AE nan | Alpha 0.2801 | MB 24/24
  cert | viol 0.445 | dV -0.183527 | V 0.3596 | inball 0.083 | a*_q05 -0.00683 | a*_q50 0.00740 | dV>=0 0.210 | n=150 | a_used 0.00446 -> 0.00424
  crit | n=1 | viol 0.768 | V 1.1119 | Vmin 0.5528 | agree +0.373 | a*_q05 -0.00705 | a*_q50 0.00026 | dV>=0 0.479 | beta 0.1000
  bell | direct viol 0.683 | direct dV>=0 0.461 | d_mean -0.00013 | d_std 0.01929 | d_q95 0.03594
[Episode 79/400] Steps: 720 | Reward:   -7.76 | Battery:  65.10% | Loss: 0.2889
Placing Sensors
[Episode 80/400] Steps:  98 | Reward:  -17.59 | Battery:   0.00% | Loss: 
Placing Sensors
[Episode 81/400] Steps: 720 | Reward:   -5.91 | Battery:  56.63% | Loss: 
Placing Sensors
Policy 0.0365 | Value 0.0143 | KL 0.01289 | CF 0.1614 | Std 0.1081 | |a| 0.0177 | EV +0.854 | AE nan | Alpha 0.2580 | MB 28/28
  cert | viol 0.298 | dV -0.198650 | V 0.2944 | inball 0.222 | a*_q05 -0.00935 | a*_q50 0.01684 | dV>=0 0.095 | n=150 | a_used 0.00424 -> 0.00443
  crit | n=1 | viol 0.864 | V 1.0653 | Vmin 0.5837 | agree +0.544 | a*_q05 -0.00641 | a*_q50 -0.00082 | dV>=0 0.541 | beta 0.1000
  bell | direct viol 0.575 | direct dV>=0 0.383 | d_mean +0.00211 | d_std 0.01884 | d_q95 0.03775
[Episode 82/400] Steps: 720 | Reward:   -5.62 | Battery:  61.24% | Loss: 0.7057
Placing Sensors
[Episode 83/400] Steps: 720 | Reward:   -8.80 | Battery:  52.97% | Loss: 
Placing Sensors
Policy -0.0081 | Value 0.0119 | KL 0.00855 | CF 0.1127 | Std 0.1083 | |a| 0.0174 | EV +0.710 | AE nan | Alpha 0.2390 | MB 24/24
  cert | viol 0.381 | dV -0.192499 | V 0.3834 | inball 0.101 | a*_q05 -0.00872 | a*_q50 0.00617 | dV>=0 0.176 | n=150 | a_used 0.00443 -> 0.00421
  crit | n=1 | viol 0.667 | V 1.0153 | Vmin 0.6483 | agree +0.363 | a*_q05 -0.00644 | a*_q50 0.00098 | dV>=0 0.451 | beta 0.1000
  bell | direct viol 0.648 | direct dV>=0 0.444 | d_mean -0.00046 | d_std 0.01861 | d_q95 0.03821
[Episode 84/400] Steps: 720 | Reward:   -7.23 | Battery:  63.12% | Loss: 0.5102
Placing Sensors
[Episode 85/400] Steps: 100 | Reward:  -17.38 | Battery:   0.00% | Loss: 
Placing Sensors
[Episode 86/400] Steps: 720 | Reward:   -5.95 | Battery:  47.91% | Loss: 
Placing Sensors
Policy -0.0291 | Value 0.0125 | KL 0.00735 | CF 0.0869 | Std 0.1084 | |a| 0.0185 | EV +0.832 | AE nan | Alpha 0.2201 | MB 28/28
  cert | viol 0.323 | dV -0.141092 | V 0.2585 | inball 0.114 | a*_q05 -0.01803 | a*_q50 0.01244 | dV>=0 0.210 | n=150 | a_used 0.00421 -> 0.00439
  crit | n=1 | viol 0.890 | V 1.0927 | Vmin 0.6142 | agree +0.572 | a*_q05 -0.00585 | a*_q50 -0.00147 | dV>=0 0.638 | beta 0.1000
  bell | direct viol 0.613 | direct dV>=0 0.375 | d_mean +0.00206 | d_std 0.01828 | d_q95 0.03236
[Episode 87/400] Steps: 720 | Reward:   -8.12 | Battery:  42.00% | Loss: -0.3222
Placing Sensors
[Episode 88/400] Steps: 107 | Reward:  -17.48 | Battery:   0.00% | Loss: 
Placing Sensors
[Episode 89/400] Steps:  65 | Reward:  -17.55 | Battery:   0.00% | Loss: 
Placing Sensors
[Episode 90/400] Steps: 720 | Reward:   -8.12 | Battery:  38.55% | Loss: 
Placing Sensors
Policy -0.0129 | Value 0.0154 | KL 0.00729 | CF 0.0858 | Std 0.1086 | |a| 0.0230 | EV +0.821 | AE nan | Alpha 0.2020 | MB 28/28
  cert | viol 0.405 | dV -0.149760 | V 0.3440 | inball 0.091 | a*_q05 -0.00949 | a*_q50 0.00583 | dV>=0 0.243 | n=150 | a_used 0.00439 -> 0.00417
  crit | n=1 | viol 0.778 | V 1.1799 | Vmin 0.5797 | agree +0.504 | a*_q05 -0.00565 | a*_q50 0.00077 | dV>=0 0.422 | beta 0.1000
  bell | direct viol 0.626 | direct dV>=0 0.455 | d_mean -0.00075 | d_std 0.02408 | d_q95 0.04357
[Episode 91/400] Steps: 720 | Reward:   -7.74 | Battery:  58.72% | Loss: 0.2121
Placing Sensors
[Episode 92/400] Steps: 720 | Reward:   -5.69 | Battery:  67.90% | Loss: 
Placing Sensors
[Episode 93/400] Steps: 101 | Reward:  -17.38 | Battery:   0.00% | Loss: 
Placing Sensors
[Episode 94/400] Steps: 109 | Reward:  -17.44 | Battery:   0.00% | Loss: 
Placing Sensors
Policy -0.0043 | Value 0.0121 | KL 0.00771 | CF 0.0988 | Std 0.1087 | |a| 0.0243 | EV +0.785 | AE nan | Alpha 0.1850 | MB 28/28
  cert | viol 0.138 | dV -0.172100 | V 0.2736 | inball 0.205 | a*_q05 0.00066 | a*_q50 0.01093 | dV>=0 0.030 | n=150 | a_used 0.00417 -> 0.00385
  crit | n=1 | viol 0.897 | V 1.1394 | Vmin 0.5410 | agree +0.654 | a*_q05 -0.00665 | a*_q50 0.00048 | dV>=0 0.434 | beta 0.1000
  bell | direct viol 0.645 | direct dV>=0 0.483 | d_mean +0.00023 | d_std 0.02390 | d_q95 0.04221
[Episode 95/400] Steps: 720 | Reward:   -6.27 | Battery:  50.89% | Loss: 0.2660
Placing Sensors
[Episode 96/400] Steps: 101 | Reward:  -17.30 | Battery:   0.00% | Loss: 
Placing Sensors
[Episode 97/400] Steps:  99 | Reward:  -17.27 | Battery:   0.00% | Loss: 
Placing Sensors
[Episode 98/400] Steps: 720 | Reward:   -5.83 | Battery:  67.08% | Loss: 
Placing Sensors
[Episode 99/400] Steps:  97 | Reward:  -17.49 | Battery:   0.00% | Loss: 
Placing Sensors
[Episode 100/400] Steps:  78 | Reward:  -17.70 | Battery:   0.00% | Loss: 
Placing Sensors
[Episode 101/400] Steps:  65 | Reward:  -17.65 | Battery:   0.00% | Loss: 
Placing Sensors
Policy -0.0002 | Value 0.0181 | KL 0.01128 | CF 0.1334 | Std 0.1088 | |a| 0.0239 | EV +0.816 | AE nan | Alpha 0.1674 | MB 32/32
  cert | viol 0.192 | dV -0.205510 | V 0.3223 | inball 0.310 | a*_q05 0.00005 | a*_q50 0.02187 | dV>=0 0.058 | n=150 | a_used 0.00385 -> 0.00366
  crit | n=1 | viol 0.863 | V 1.1771 | Vmin 0.4703 | agree +0.762 | a*_q05 -0.00735 | a*_q50 0.00016 | dV>=0 0.486 | beta 0.1000
  bell | direct viol 0.608 | direct dV>=0 0.456 | d_mean -0.00007 | d_std 0.03059 | d_q95 0.05764
[Episode 102/400] Steps: 720 | Reward:   -4.88 | Battery:  65.26% | Loss: 0.4368
Placing Sensors
[Episode 103/400] Steps: 720 | Reward:   -6.60 | Battery:  66.46% | Loss: 
Placing Sensors
[Episode 104/400] Steps: 102 | Reward:  -17.43 | Battery:   0.00% | Loss: 
Placing Sensors
Policy 0.0185 | Value 0.0134 | KL 0.01146 | CF 0.1337 | Std 0.1090 | |a| 0.0240 | EV +0.845 | AE nan | Alpha 0.1541 | MB 28/28
  cert | viol 0.236 | dV -0.223066 | V 0.3817 | inball 0.283 | a*_q05 0.00006 | a*_q50 0.01561 | dV>=0 0.064 | n=150 | a_used 0.00366 -> 0.00379
  crit | n=1 | viol 0.779 | V 1.1188 | Vmin 0.4764 | agree +0.580 | a*_q05 -0.00538 | a*_q50 0.00069 | dV>=0 0.435 | beta 0.1000
  bell | direct viol 0.538 | direct dV>=0 0.402 | d_mean +0.00313 | d_std 0.03032 | d_q95 0.05792
[Episode 105/400] Steps: 720 | Reward:   -6.68 | Battery:  67.97% | Loss: 0.4829
Placing Sensors
[Episode 106/400] Steps: 171 | Reward:  -16.91 | Battery:   0.00% | Loss: 
Placing Sensors
[Episode 107/400] Steps: 123 | Reward:  -17.29 | Battery:   0.00% | Loss: 
Placing Sensors
[Episode 108/400] Steps:  86 | Reward:  -17.63 | Battery:   0.00% | Loss: 
Placing Sensors
[Episode 109/400] Steps: 720 | Reward:   -6.64 | Battery:  63.61% | Loss: 
Placing Sensors
[Episode 110/400] Steps: 100 | Reward:  -17.38 | Battery:   0.00% | Loss: 
Placing Sensors
[Episode 111/400] Steps: 102 | Reward:  -17.46 | Battery:   0.00% | Loss: 
Placing Sensors
Policy -0.0079 | Value 0.0238 | KL 0.00944 | CF 0.1259 | Std 0.1091 | |a| 0.0278 | EV +0.764 | AE nan | Alpha 0.1384 | MB 32/32
  cert | viol 0.356 | dV -0.136039 | V 0.2892 | inball 0.031 | a*_q05 -0.01932 | a*_q50 0.00850 | dV>=0 0.238 | n=150 | a_used 0.00379 -> 0.00360
  crit | n=1 | viol 0.888 | V 1.3590 | Vmin 0.5408 | agree +0.694 | a*_q05 -0.00582 | a*_q50 -0.00023 | dV>=0 0.530 | beta 0.1000
  bell | direct viol 0.610 | direct dV>=0 0.456 | d_mean +0.00034 | d_std 0.02901 | d_q95 0.05741
[Episode 112/400] Steps: 720 | Reward:   -8.25 | Battery:  45.72% | Loss: 0.1368
Placing Sensors
[Episode 113/400] Steps: 720 | Reward:   -4.06 | Battery:  73.20% | Loss: 
Placing Sensors
[Episode 114/400] Steps: 132 | Reward:  -17.31 | Battery:   0.00% | Loss: 
Placing Sensors
[Episode 115/400] Steps: 137 | Reward:  -17.29 | Battery:   0.00% | Loss: 
Placing Sensors
[Episode 116/400] Steps: 105 | Reward:  -17.51 | Battery:   0.00% | Loss: 
Placing Sensors
[Episode 117/400] Steps:  98 | Reward:  -17.44 | Battery:   0.00% | Loss: 
Placing Sensors
[Episode 118/400] Steps:  78 | Reward:  -17.53 | Battery:   0.00% | Loss: 
Placing Sensors
[Episode 119/400] Steps:  90 | Reward:  -17.54 | Battery:   0.00% | Loss: 
Placing Sensors
Policy -0.0152 | Value 0.0173 | KL 0.00848 | CF 0.1077 | Std 0.1093 | |a| 0.0262 | EV +0.869 | AE nan | Alpha 0.1239 | MB 36/36
  cert | viol 0.151 | dV -0.198641 | V 0.2874 | inball 0.298 | a*_q05 0.00166 | a*_q50 0.02482 | dV>=0 0.026 | n=150 | a_used 0.00360 -> 0.00369
  crit | n=1 | viol 0.940 | V 1.2700 | Vmin 0.4725 | agree +0.855 | a*_q05 -0.00634 | a*_q50 -0.00071 | dV>=0 0.637 | beta 0.1000
  bell | direct viol 0.607 | direct dV>=0 0.458 | d_mean +0.00168 | d_std 0.03225 | d_q95 0.06272
[Episode 120/400] Steps: 720 | Reward:   -6.03 | Battery:  62.43% | Loss: 0.1238
Placing Sensors
[Episode 121/400] Steps:  69 | Reward:  -17.71 | Battery:   0.00% | Loss: 
Placing Sensors
[Episode 122/400] Steps: 720 | Reward:   -6.07 | Battery:  67.12% | Loss: 
Placing Sensors
Policy -0.0056 | Value 0.0149 | KL 0.00892 | CF 0.1228 | Std 0.1094 | |a| 0.0305 | EV +0.881 | AE nan | Alpha 0.1143 | MB 24/24
  cert | viol 0.298 | dV -0.209687 | V 0.3795 | inball 0.357 | a*_q05 -0.00259 | a*_q50 0.01627 | dV>=0 0.100 | n=150 | a_used 0.00369 -> 0.00350
  crit | n=1 | viol 0.669 | V 1.0284 | Vmin 0.4718 | agree +0.421 | a*_q05 -0.00691 | a*_q50 0.00116 | dV>=0 0.418 | beta 0.1000
  bell | direct viol 0.570 | direct dV>=0 0.446 | d_mean +0.00109 | d_std 0.02700 | d_q95 0.05841
[Episode 123/400] Steps: 720 | Reward:   -6.46 | Battery:  66.54% | Loss: 0.1358
Placing Sensors
[Episode 124/400] Steps: 108 | Reward:  -17.43 | Battery:   0.00% | Loss: 
Placing Sensors
[Episode 125/400] Steps:  99 | Reward:  -17.41 | Battery:   0.00% | Loss: 
Placing Sensors
[Episode 126/400] Steps:  80 | Reward:  -17.65 | Battery:   0.00% | Loss: 
Placing Sensors
[Episode 127/400] Steps: 720 | Reward:   -5.38 | Battery:  76.67% | Loss: 
Placing Sensors
[Episode 128/400] Steps:  74 | Reward:  -17.42 | Battery:   0.00% | Loss: 
Placing Sensors
Policy 0.0170 | Value 0.0211 | KL 0.01177 | CF 0.1531 | Std 0.1095 | |a| 0.0248 | EV +0.816 | AE nan | Alpha 0.1038 | MB 32/32
  cert | viol 0.115 | dV -0.177220 | V 0.2578 | inball 0.334 | a*_q05 0.00334 | a*_q50 0.02178 | dV>=0 0.000 | n=150 | a_used 0.00350 -> 0.00350
  crit | n=1 | viol 0.964 | V 1.1692 | Vmin 0.4029 | agree +0.828 | a*_q05 -0.00576 | a*_q50 -0.00115 | dV>=0 0.686 | beta 0.1000
  bell | direct viol 0.534 | direct dV>=0 0.410 | d_mean +0.00305 | d_std 0.03420 | d_q95 0.06521
[Episode 129/400] Steps: 720 | Reward:   -4.45 | Battery:  59.23% | Loss: 0.8521
Placing Sensors
[Episode 130/400] Steps: 720 | Reward:   -7.60 | Battery:  71.23% | Loss: 
Placing Sensors
Policy -0.0116 | Value 0.0087 | KL 0.00749 | CF 0.0982 | Std 0.1096 | |a| 0.0420 | EV +0.860 | AE nan | Alpha 0.0962 | MB 24/24
  cert | viol 0.270 | dV -0.185134 | V 0.3705 | inball 0.266 | a*_q05 -0.00255 | a*_q50 0.01137 | dV>=0 0.176 | n=150 | a_used 0.00350 -> 0.00333
  crit | n=1 | viol 0.662 | V 0.9721 | Vmin 0.4464 | agree +0.354 | a*_q05 -0.00562 | a*_q50 0.00094 | dV>=0 0.440 | beta 0.1000
  bell | direct viol 0.542 | direct dV>=0 0.454 | d_mean +0.00039 | d_std 0.02962 | d_q95 0.06128
[Episode 131/400] Steps: 720 | Reward:   -6.02 | Battery:  63.39% | Loss: 0.1098
Placing Sensors
[Episode 132/400] Steps: 720 | Reward:   -5.57 | Battery:  76.28% | Loss: 
Placing Sensors
Policy -0.0030 | Value 0.0099 | KL 0.01066 | CF 0.1398 | Std 0.1097 | |a| 0.0390 | EV +0.888 | AE nan | Alpha 0.0891 | MB 24/24
  cert | viol 0.056 | dV -0.190466 | V 0.2594 | inball 0.335 | a*_q05 0.00305 | a*_q50 0.01704 | dV>=0 0.003 | n=150 | a_used 0.00333 -> 0.00331
  crit | n=1 | viol 0.806 | V 0.9052 | Vmin 0.4561 | agree +0.361 | a*_q05 -0.00765 | a*_q50 -0.00065 | dV>=0 0.565 | beta 0.1000
  bell | direct viol 0.542 | direct dV>=0 0.450 | d_mean +0.00168 | d_std 0.02609 | d_q95 0.05288
[Episode 133/400] Steps: 720 | Reward:   -4.69 | Battery:  56.95% | Loss: 0.1815
Placing Sensors
[Episode 134/400] Steps:  87 | Reward:  -17.65 | Battery:   0.00% | Loss: 
Placing Sensors
[Episode 135/400] Steps:  74 | Reward:  -17.65 | Battery:   0.00% | Loss: 
Placing Sensors
[Episode 136/400] Steps:  72 | Reward:  -17.68 | Battery:   0.00% | Loss: 
Placing Sensors
[Episode 137/400] Steps: 134 | Reward:  -17.33 | Battery:   0.00% | Loss: 
Placing Sensors
[Episode 138/400] Steps:  73 | Reward:  -17.80 | Battery:   0.00% | Loss: 
Placing Sensors
[Episode 139/400] Steps: 146 | Reward:  -17.23 | Battery:   0.00% | Loss: 
Placing Sensors
[Episode 140/400] Steps: 108 | Reward:  -17.55 | Battery:   0.00% | Loss: 
Placing Sensors
[Episode 141/400] Steps: 720 | Reward:   -7.11 | Battery:  64.26% | Loss: 
Placing Sensors
Policy -0.0016 | Value 0.0305 | KL 0.01733 | CF 0.1830 | Std 0.1097 | |a| 0.0487 | EV +0.729 | AE nan | Alpha 0.0795 | MB 36/36
  cert | viol 0.182 | dV -0.213631 | V 0.3686 | inball 0.163 | a*_q05 -0.01584 | a*_q50 0.01232 | dV>=0 0.109 | n=150 | a_used 0.00331 -> 0.00315
  crit | n=1 | viol 0.722 | V 1.3076 | Vmin 0.4897 | agree +0.685 | a*_q05 -0.00638 | a*_q50 0.00114 | dV>=0 0.370 | beta 0.1000
  bell | direct viol 0.557 | direct dV>=0 0.445 | d_mean -0.00041 | d_std 0.03204 | d_q95 0.06560
[Episode 142/400] Steps: 720 | Reward:   -6.80 | Battery:  37.08% | Loss: 0.4253
Placing Sensors
[Episode 143/400] Steps: 720 | Reward:   -6.89 | Battery:  62.76% | Loss: 
Placing Sensors
[Episode 144/400] Steps: 184 | Reward:  -17.04 | Battery:   0.00% | Loss: 
Placing Sensors
Policy -0.0004 | Value 0.0197 | KL 0.01451 | CF 0.1767 | Std 0.1098 | |a| 0.0530 | EV +0.692 | AE nan | Alpha 0.0729 | MB 28/28
  cert | viol 0.100 | dV -0.255706 | V 0.3508 | inball 0.215 | a*_q05 -0.00043 | a*_q50 0.01700 | dV>=0 0.058 | n=150 | a_used 0.00315 -> 0.00316
  crit | n=1 | viol 0.720 | V 1.0601 | Vmin 0.4841 | agree +0.608 | a*_q05 -0.00729 | a*_q50 0.00033 | dV>=0 0.476 | beta 0.1000
  bell | direct viol 0.549 | direct dV>=0 0.456 | d_mean +0.00117 | d_std 0.02716 | d_q95 0.05559
[Episode 145/400] Steps: 720 | Reward:   -5.98 | Battery:  62.97% | Loss: 0.0373
Placing Sensors
[Episode 146/400] Steps:  87 | Reward:  -17.64 | Battery:   0.00% | Loss: 
Placing Sensors
[Episode 147/400] Steps:  88 | Reward:  -17.64 | Battery:   0.00% | Loss: 
Placing Sensors
[Episode 148/400] Steps: 122 | Reward:  -17.32 | Battery:   0.00% | Loss: 
Placing Sensors
[Episode 149/400] Steps: 720 | Reward:   -5.94 | Battery:  45.15% | Loss: 
Placing Sensors
[Episode 150/400] Steps:  80 | Reward:  -17.46 | Battery:   0.00% | Loss: 
Placing Sensors
Policy 0.0107 | Value 0.0169 | KL 0.01883 | CF 0.1913 | Std 0.1099 | |a| 0.0500 | EV +0.830 | AE nan | Alpha 0.0662 | MB 32/32
  cert | viol 0.132 | dV -0.241508 | V 0.3671 | inball 0.277 | a*_q05 -0.00214 | a*_q50 0.02176 | dV>=0 0.077 | n=150 | a_used 0.00316 -> 0.00330
  crit | n=1 | viol 0.772 | V 1.1221 | Vmin 0.4828 | agree +0.714 | a*_q05 -0.00467 | a*_q50 0.00053 | dV>=0 0.411 | beta 0.1000
  bell | direct viol 0.586 | direct dV>=0 0.490 | d_mean -0.00138 | d_std 0.03130 | d_q95 0.06419
[Episode 151/400] Steps: 720 | Reward:   -6.67 | Battery:  68.22% | Loss: 0.2488
Placing Sensors
[Episode 152/400] Steps: 101 | Reward:  -17.47 | Battery:   0.00% | Loss: 
Placing Sensors
[Episode 153/400] Steps: 720 | Reward:   -4.80 | Battery:  56.93% | Loss: 
Placing Sensors
[Episode 154/400] Steps:  74 | Reward:  -17.64 | Battery:   0.00% | Loss: 
Placing Sensors
Policy -0.0039 | Value 0.0112 | KL 0.00576 | CF 0.0644 | Std 0.1100 | |a| 0.0371 | EV +0.906 | AE nan | Alpha 0.0607 | MB 28/28
  cert | viol 0.051 | dV -0.147404 | V 0.1941 | inball 0.336 | a*_q05 0.00335 | a*_q50 0.02073 | dV>=0 0.000 | n=150 | a_used 0.00330 -> 0.00337
  crit | n=1 | viol 0.876 | V 0.9327 | Vmin 0.4223 | agree +0.746 | a*_q05 -0.00392 | a*_q50 -0.00040 | dV>=0 0.579 | beta 0.1000
  bell | direct viol 0.558 | direct dV>=0 0.475 | d_mean -0.00037 | d_std 0.02901 | d_q95 0.05525
[Episode 155/400] Steps: 720 | Reward:   -5.12 | Battery:  57.18% | Loss: 0.1788
Placing Sensors
[Episode 156/400] Steps: 720 | Reward:   -6.84 | Battery:  81.66% | Loss: 
Placing Sensors
Policy -0.0022 | Value 0.0112 | KL 0.01175 | CF 0.1602 | Std 0.1101 | |a| 0.0222 | EV +0.811 | AE nan | Alpha 0.0562 | MB 24/24
  cert | viol 0.291 | dV -0.162315 | V 0.3126 | inball 0.224 | a*_q05 -0.01628 | a*_q50 0.00756 | dV>=0 0.179 | n=150 | a_used 0.00337 -> 0.00320
  crit | n=1 | viol 0.654 | V 0.9246 | Vmin 0.4602 | agree +0.567 | a*_q05 -0.00635 | a*_q50 0.00129 | dV>=0 0.404 | beta 0.1000
  bell | direct viol 0.527 | direct dV>=0 0.441 | d_mean +0.00043 | d_std 0.03166 | d_q95 0.06440
[Episode 157/400] Steps: 720 | Reward:   -6.78 | Battery:  50.96% | Loss: 0.0910
Placing Sensors
[Episode 158/400] Steps: 720 | Reward:   -5.50 | Battery:  60.42% | Loss: 
Placing Sensors
Policy -0.0128 | Value 0.0086 | KL 0.00653 | CF 0.0808 | Std 0.1101 | |a| 0.0225 | EV +0.864 | AE nan | Alpha 0.0521 | MB 24/24
  cert | viol 0.122 | dV -0.259933 | V 0.3616 | inball 0.427 | a*_q05 0.00039 | a*_q50 0.02730 | dV>=0 0.044 | n=150 | a_used 0.00320 -> 0.00307
  crit | n=1 | viol 0.600 | V 0.8535 | Vmin 0.3945 | agree +0.344 | a*_q05 -0.00752 | a*_q50 0.00192 | dV>=0 0.392 | beta 0.1000
  bell | direct viol 0.513 | direct dV>=0 0.459 | d_mean +0.00099 | d_std 0.03128 | d_q95 0.06591
[Episode 159/400] Steps: 720 | Reward:   -4.95 | Battery:  71.34% | Loss: 0.1023
Placing Sensors
[Episode 160/400] Steps: 720 | Reward:   -6.65 | Battery:  66.46% | Loss: 
Placing Sensors
[Episode 161/400] Steps:  97 | Reward:  -17.62 | Battery:   0.00% | Loss: 
Placing Sensors
[Episode 162/400] Steps: 122 | Reward:  -17.36 | Battery:   0.00% | Loss: 
Placing Sensors
[Episode 163/400] Steps:  86 | Reward:  -17.33 | Battery:   0.00% | Loss: 
Placing Sensors
Policy -0.0078 | Value 0.0252 | KL 0.01280 | CF 0.1561 | Std 0.1101 | |a| 0.0448 | EV +0.774 | AE nan | Alpha 0.0474 | MB 28/28
  cert | viol 0.273 | dV -0.186650 | V 0.3435 | inball 0.163 | a*_q05 -0.01368 | a*_q50 0.01314 | dV>=0 0.170 | n=150 | a_used 0.00307 -> 0.00291
  crit | n=1 | viol 0.668 | V 1.1377 | Vmin 0.3835 | agree +0.576 | a*_q05 -0.00643 | a*_q50 0.00094 | dV>=0 0.399 | beta 0.1000
  bell | direct viol 0.550 | direct dV>=0 0.484 | d_mean -0.00077 | d_std 0.03974 | d_q95 0.08067
[Episode 164/400] Steps: 720 | Reward:   -7.59 | Battery:  28.71% | Loss: 0.0068
Placing Sensors
[Episode 165/400] Steps: 108 | Reward:  -17.61 | Battery:   0.00% | Loss: 
Placing Sensors
[Episode 166/400] Steps: 135 | Reward:  -17.38 | Battery:   0.00% | Loss: 
Placing Sensors
[Episode 167/400] Steps: 720 | Reward:   -6.39 | Battery:  69.06% | Loss: 
Placing Sensors
Policy -0.0006 | Value 0.0205 | KL 0.01228 | CF 0.1592 | Std 0.1102 | |a| 0.0498 | EV +0.795 | AE nan | Alpha 0.0434 | MB 28/28
  cert | viol 0.138 | dV -0.259184 | V 0.3692 | inball 0.292 | a*_q05 -0.00020 | a*_q50 0.02187 | dV>=0 0.056 | n=150 | a_used 0.00291 -> 0.00275
  crit | n=1 | viol 0.707 | V 1.0553 | Vmin 0.3702 | agree +0.664 | a*_q05 -0.00671 | a*_q50 0.00117 | dV>=0 0.360 | beta 0.1000
  bell | direct viol 0.534 | direct dV>=0 0.469 | d_mean +0.00008 | d_std 0.03782 | d_q95 0.08093
[Episode 168/400] Steps: 720 | Reward:   -5.59 | Battery:  73.19% | Loss: 0.1051
Placing Sensors
[Episode 169/400] Steps: 720 | Reward:   -6.40 | Battery:  61.28% | Loss: 
Placing Sensors
Policy -0.0007 | Value 0.0142 | KL 0.00964 | CF 0.1053 | Std 0.1103 | |a| 0.0514 | EV +0.797 | AE nan | Alpha 0.0402 | MB 24/24
  cert | viol 0.248 | dV -0.159268 | V 0.2748 | inball 0.188 | a*_q05 -0.00629 | a*_q50 0.01206 | dV>=0 0.172 | n=150 | a_used 0.00275 -> 0.00261
  crit | n=1 | viol 0.752 | V 1.0406 | Vmin 0.4400 | agree +0.356 | a*_q05 -0.00614 | a*_q50 -0.00099 | dV>=0 0.572 | beta 0.1000
  bell | direct viol 0.549 | direct dV>=0 0.486 | d_mean +0.00175 | d_std 0.03077 | d_q95 0.06229
[Episode 170/400] Steps: 720 | Reward:   -6.22 | Battery:  56.95% | Loss: 0.0704
Placing Sensors
[Episode 171/400] Steps: 720 | Reward:   -6.22 | Battery:  60.40% | Loss: 
Placing Sensors
[Episode 172/400] Steps:  99 | Reward:  -17.44 | Battery:   0.00% | Loss: 
Placing Sensors
[Episode 173/400] Steps: 118 | Reward:  -17.42 | Battery:   0.00% | Loss: 
Placing Sensors
Policy -0.0073 | Value 0.0211 | KL 0.01267 | CF 0.1597 | Std 0.1103 | |a| 0.0488 | EV +0.809 | AE nan | Alpha 0.0368 | MB 28/28
  cert | viol 0.305 | dV -0.207530 | V 0.3870 | inball 0.237 | a*_q05 -0.00188 | a*_q50 0.01946 | dV>=0 0.129 | n=150 | a_used 0.00261 -> 0.00248
  crit | n=1 | viol 0.695 | V 1.1146 | Vmin 0.5004 | agree +0.628 | a*_q05 -0.00656 | a*_q50 0.00002 | dV>=0 0.498 | beta 0.1000
  bell | direct viol 0.543 | direct dV>=0 0.485 | d_mean -0.00017 | d_std 0.04067 | d_q95 0.08491
[Episode 174/400] Steps: 720 | Reward:   -7.37 | Battery:  52.05% | Loss: -0.0491
Placing Sensors
[Episode 175/400] Steps: 720 | Reward:   -6.46 | Battery:  71.17% | Loss: 
Placing Sensors
[Episode 176/400] Steps: 117 | Reward:  -17.54 | Battery:   0.00% | Loss: 
Placing Sensors
[Episode 177/400] Steps: 277 | Reward:  -15.92 | Battery:   0.00% | Loss: 
Placing Sensors
[Episode 178/400] Steps:  98 | Reward:  -17.62 | Battery:   0.00% | Loss: 
Placing Sensors
[Episode 179/400] Steps:  78 | Reward:  -17.55 | Battery:   0.00% | Loss: 
Placing Sensors
[Episode 180/400] Steps: 135 | Reward:  -17.19 | Battery:   0.00% | Loss: 
Placing Sensors
Policy -0.0027 | Value 0.0427 | KL 0.01272 | CF 0.1447 | Std 0.1103 | |a| 0.0544 | EV +0.705 | AE nan | Alpha 0.0339 | MB 24/24
  cert | viol 0.271 | dV -0.167363 | V 0.3963 | inball 0.184 | a*_q05 -0.00308 | a*_q50 0.01577 | dV>=0 0.209 | n=150 | a_used 0.00248 -> 0.00235
  crit | n=1 | viol 0.807 | V 1.4406 | Vmin 0.4455 | agree +0.803 | a*_q05 -0.00497 | a*_q50 0.00046 | dV>=0 0.429 | beta 0.1000
  bell | direct viol 0.555 | direct dV>=0 0.482 | d_mean -0.00002 | d_std 0.04495 | d_q95 0.09629
[Episode 181/400] Steps: 103 | Reward:  -17.53 | Battery:   0.00% | Loss: 0.0273
Placing Sensors
[Episode 182/400] Steps: 720 | Reward:   -5.39 | Battery:  77.65% | Loss: 
Placing Sensors
[Episode 183/400] Steps: 168 | Reward:  -17.06 | Battery:   0.00% | Loss: 
Placing Sensors
Policy -0.0092 | Value 0.0157 | KL 0.01390 | CF 0.1460 | Std 0.1103 | |a| 0.0669 | EV +0.897 | AE nan | Alpha 0.0311 | MB 28/28
  cert | viol 0.169 | dV -0.288653 | V 0.4337 | inball 0.424 | a*_q05 -0.00296 | a*_q50 0.02839 | dV>=0 0.117 | n=150 | a_used 0.00235 -> 0.00224
  crit | n=1 | viol 0.658 | V 1.0401 | Vmin 0.2904 | agree +0.571 | a*_q05 -0.00823 | a*_q50 0.00059 | dV>=0 0.432 | beta 0.1000
  bell | direct viol 0.527 | direct dV>=0 0.468 | d_mean +0.00171 | d_std 0.04282 | d_q95 0.09024
[Episode 184/400] Steps: 720 | Reward:   -5.29 | Battery:  70.83% | Loss: -0.0035
Placing Sensors
[Episode 185/400] Steps: 102 | Reward:  -17.45 | Battery:   0.00% | Loss: 
Placing Sensors
[Episode 186/400] Steps: 720 | Reward:   -6.57 | Battery:  38.56% | Loss: 
Placing Sensors
[Episode 187/400] Steps: 118 | Reward:  -17.48 | Battery:   0.00% | Loss: 
Placing Sensors
[Episode 188/400] Steps:  78 | Reward:  -17.70 | Battery:   0.00% | Loss: 
Placing Sensors
[Episode 189/400] Steps: 117 | Reward:  -17.34 | Battery:   0.00% | Loss: 
Placing Sensors
[Episode 190/400] Steps: 145 | Reward:  -17.29 | Battery:   0.00% | Loss: 
Placing Sensors
[Episode 191/400] Steps:  69 | Reward:  -17.70 | Battery:   0.00% | Loss: 
Placing Sensors
Policy -0.0016 | Value 0.0387 | KL 0.01388 | CF 0.1597 | Std 0.1104 | |a| 0.0636 | EV +0.735 | AE nan | Alpha 0.0288 | MB 24/24
  cert | viol 0.210 | dV -0.103211 | V 0.2068 | inball 0.053 | a*_q05 -0.01906 | a*_q50 0.00801 | dV>=0 0.200 | n=150 | a_used 0.00224 -> 0.00213
  crit | n=1 | viol 0.862 | V 1.5406 | Vmin 0.4024 | agree +0.830 | a*_q05 -0.00419 | a*_q50 -0.00040 | dV>=0 0.562 | beta 0.1000
  bell | direct viol 0.563 | direct dV>=0 0.489 | d_mean +0.00030 | d_std 0.03899 | d_q95 0.07658
[Episode 192/400] Steps:  98 | Reward:  -17.56 | Battery:   0.00% | Loss: -0.0030
Placing Sensors
[Episode 193/400] Steps: 720 | Reward:   -8.32 | Battery:  31.30% | Loss: 
Placing Sensors
[Episode 194/400] Steps:  85 | Reward:  -17.73 | Battery:   0.00% | Loss: 
Placing Sensors
Policy -0.0036 | Value 0.0166 | KL 0.01052 | CF 0.1273 | Std 0.1104 | |a| 0.0633 | EV +0.870 | AE nan | Alpha 0.0266 | MB 24/24
  cert | viol 0.262 | dV -0.198505 | V 0.3865 | inball 0.260 | a*_q05 -0.00351 | a*_q50 0.01737 | dV>=0 0.152 | n=150 | a_used 0.00213 -> 0.00202
  crit | n=1 | viol 0.671 | V 1.2357 | Vmin 0.4546 | agree +0.440 | a*_q05 -0.00521 | a*_q50 -0.00007 | dV>=0 0.511 | beta 0.1000
  bell | direct viol 0.541 | direct dV>=0 0.477 | d_mean +0.00106 | d_std 0.04091 | d_q95 0.08089
[Episode 195/400] Steps: 720 | Reward:   -6.34 | Battery:  76.36% | Loss: -0.0341
Placing Sensors
[Episode 196/400] Steps: 720 | Reward:   -7.25 | Battery:  67.15% | Loss: 
Placing Sensors
[Episode 197/400] Steps:  97 | Reward:  -17.58 | Battery:   0.00% | Loss: 
Placing Sensors
[Episode 198/400] Steps: 141 | Reward:  -17.28 | Battery:   0.00% | Loss: 
Placing Sensors
[Episode 199/400] Steps: 105 | Reward:  -17.56 | Battery:   0.00% | Loss: 
Placing Sensors
[Episode 200/400] Steps:  81 | Reward:  -17.66 | Battery:   0.00% | Loss: 
Placing Sensors
Policy 0.0016 | Value 0.0203 | KL 0.01099 | CF 0.1277 | Std 0.1104 | |a| 0.0674 | EV +0.859 | AE nan | Alpha 0.0240 | MB 32/32
  cert | viol 0.215 | dV -0.266632 | V 0.4391 | inball 0.262 | a*_q05 -0.00647 | a*_q50 0.02088 | dV>=0 0.152 | n=150 | a_used 0.00202 -> 0.00201
  crit | n=1 | viol 0.736 | V 1.3255 | Vmin 0.3924 | agree +0.616 | a*_q05 -0.00691 | a*_q50 -0.00001 | dV>=0 0.499 | beta 0.1000
  bell | direct viol 0.534 | direct dV>=0 0.475 | d_mean +0.00055 | d_std 0.03320 | d_q95 0.06523
[Episode 201/400] Steps: 720 | Reward:   -5.94 | Battery:  60.30% | Loss: 0.2183
Placing Sensors
[Episode 202/400] Steps: 137 | Reward:  -17.17 | Battery:   0.00% | Loss: 
Placing Sensors
[Episode 203/400] Steps: 106 | Reward:  -17.55 | Battery:   0.00% | Loss: 
Placing Sensors
[Episode 204/400] Steps:  85 | Reward:  -17.67 | Battery:   0.00% | Loss: 
Placing Sensors
[Episode 205/400] Steps: 105 | Reward:  -17.44 | Battery:   0.00% | Loss: 
Placing Sensors
[Episode 206/400] Steps:  73 | Reward:  -17.69 | Battery:   0.00% | Loss: 
Placing Sensors
[Episode 207/400] Steps:  69 | Reward:  -17.66 | Battery:   0.00% | Loss: 
Placing Sensors
[Episode 208/400] Steps: 104 | Reward:  -17.45 | Battery:   0.00% | Loss: 
Placing Sensors
[Episode 209/400] Steps: 720 | Reward:   -6.02 | Battery:  75.48% | Loss: 
Placing Sensors
Policy -0.0024 | Value 0.0348 | KL 0.00890 | CF 0.1096 | Std 0.1104 | |a| 0.0550 | EV +0.756 | AE nan | Alpha 0.0222 | MB 24/24
  cert | viol 0.103 | dV -0.219697 | V 0.3629 | inball 0.175 | a*_q05 0.00177 | a*_q50 0.01730 | dV>=0 0.000 | n=150 | a_used 0.00201 -> 0.00199
  crit | n=1 | viol 0.873 | V 1.6808 | Vmin 0.3925 | agree +0.754 | a*_q05 -0.00671 | a*_q50 -0.00035 | dV>=0 0.584 | beta 0.1000
  bell | direct viol 0.558 | direct dV>=0 0.478 | d_mean +0.00218 | d_std 0.05206 | d_q95 0.10197
[Episode 210/400] Steps:  73 | Reward:  -17.62 | Battery:   0.00% | Loss: 0.0206
Placing Sensors
[Episode 211/400] Steps: 720 | Reward:   -7.34 | Battery:  73.42% | Loss: 
Placing Sensors
Policy -0.0067 | Value 0.0111 | KL 0.01002 | CF 0.1299 | Std 0.1104 | |a| 0.0504 | EV +0.872 | AE nan | Alpha 0.0206 | MB 24/24
  cert | viol 0.238 | dV -0.196070 | V 0.3871 | inball 0.252 | a*_q05 -0.00261 | a*_q50 0.01151 | dV>=0 0.154 | n=150 | a_used 0.00199 -> 0.00190
  crit | n=1 | viol 0.519 | V 1.1053 | Vmin 0.4173 | agree +0.354 | a*_q05 -0.00703 | a*_q50 0.00180 | dV>=0 0.385 | beta 0.1000
  bell | direct viol 0.495 | direct dV>=0 0.457 | d_mean +0.00028 | d_std 0.03963 | d_q95 0.07940
[Episode 212/400] Steps: 720 | Reward:   -7.17 | Battery:  66.13% | Loss: -0.1705
Placing Sensors
[Episode 213/400] Steps: 720 | Reward:   -6.92 | Battery:  55.46% | Loss: 
Placing Sensors
[Episode 214/400] Steps: 116 | Reward:  -17.30 | Battery:   0.00% | Loss: 
Placing Sensors
[Episode 215/400] Steps:  95 | Reward:  -17.59 | Battery:   0.00% | Loss: 
Placing Sensors
[Episode 216/400] Steps:  82 | Reward:  -17.65 | Battery:   0.00% | Loss: 
Placing Sensors
[Episode 217/400] Steps: 123 | Reward:  -17.39 | Battery:   0.00% | Loss: 
Placing Sensors
[Episode 218/400] Steps: 187 | Reward:  -17.10 | Battery:   0.00% | Loss: 
Placing Sensors
[Episode 219/400] Steps: 104 | Reward:  -17.29 | Battery:   0.00% | Loss: 
Placing Sensors
Policy 0.0009 | Value 0.0270 | KL 0.01674 | CF 0.1682 | Std 0.1104 | |a| 0.0578 | EV +0.864 | AE nan | Alpha 0.0190 | MB 24/24
  cert | viol 0.145 | dV -0.239777 | V 0.3928 | inball 0.146 | a*_q05 -0.00181 | a*_q50 0.02271 | dV>=0 0.103 | n=150 | a_used 0.00190 -> 0.00180
  crit | n=1 | viol 0.825 | V 1.6178 | Vmin 0.4425 | agree +0.725 | a*_q05 -0.00476 | a*_q50 0.00006 | dV>=0 0.488 | beta 0.1000
  bell | direct viol 0.574 | direct dV>=0 0.495 | d_mean +0.00011 | d_std 0.03305 | d_q95 0.06803
[Episode 220/400] Steps:  78 | Reward:  -17.70 | Battery:   0.00% | Loss: 0.0905
Placing Sensors
[Episode 221/400] Steps:  91 | Reward:  -17.65 | Battery:   0.00% | Loss: 
Placing Sensors
[Episode 222/400] Steps: 136 | Reward:  -17.21 | Battery:   0.00% | Loss: 
Placing Sensors
[Episode 223/400] Steps: 720 | Reward:   -4.84 | Battery:  71.19% | Loss: 
Placing Sensors
[Episode 224/400] Steps: 112 | Reward:  -17.30 | Battery:   0.00% | Loss: 
Placing Sensors
[Episode 225/400] Steps: 109 | Reward:  -17.45 | Battery:   0.00% | Loss: 
Placing Sensors
[Episode 226/400] Steps:  91 | Reward:  -17.54 | Battery:   0.00% | Loss: 
Placing Sensors
[Episode 227/400] Steps: 120 | Reward:  -17.41 | Battery:   0.00% | Loss: 
Placing Sensors
Policy -0.0058 | Value 0.0199 | KL 0.00871 | CF 0.1088 | Std 0.1104 | |a| 0.0644 | EV +0.872 | AE nan | Alpha 0.0175 | MB 24/24
  cert | viol 0.000 | dV -0.308655 | V 0.3637 | inball 0.258 | a*_q05 0.00467 | a*_q50 0.03347 | dV>=0 0.000 | n=150 | a_used 0.00180 -> 0.00187
  crit | n=1 | viol 0.932 | V 1.6263 | Vmin 0.4459 | agree +0.835 | a*_q05 -0.00611 | a*_q50 -0.00084 | dV>=0 0.682 | beta 0.1000
  bell | direct viol 0.580 | direct dV>=0 0.513 | d_mean +0.00098 | d_std 0.04389 | d_q95 0.08816
[Episode 228/400] Steps: 118 | Reward:  -17.42 | Battery:   0.00% | Loss: 0.0307
Placing Sensors
[Episode 229/400] Steps:  94 | Reward:  -17.59 | Battery:   0.00% | Loss: 
Placing Sensors
[Episode 230/400] Steps:  86 | Reward:  -17.60 | Battery:   0.00% | Loss: 
Placing Sensors
[Episode 231/400] Steps: 720 | Reward:   -4.66 | Battery:  85.31% | Loss: 
Placing Sensors
Policy -0.0038 | Value 0.0206 | KL 0.01011 | CF 0.1278 | Std 0.1105 | |a| 0.0704 | EV +0.897 | AE nan | Alpha 0.0161 | MB 28/28
  cert | viol 0.018 | dV -0.279351 | V 0.3556 | inball 0.468 | a*_q05 0.00467 | a*_q50 0.02706 | dV>=0 0.000 | n=150 | a_used 0.00187 -> 0.00185
  crit | n=1 | viol 0.766 | V 1.1023 | Vmin 0.4878 | agree +0.741 | a*_q05 -0.00607 | a*_q50 -0.00055 | dV>=0 0.568 | beta 0.1000
  bell | direct viol 0.525 | direct dV>=0 0.487 | d_mean +0.00331 | d_std 0.04789 | d_q95 0.09974
[Episode 232/400] Steps: 720 | Reward:   -4.49 | Battery:  68.56% | Loss: 0.0475
Placing Sensors
[Episode 233/400] Steps:  87 | Reward:  -17.42 | Battery:   0.00% | Loss: 
Placing Sensors
[Episode 234/400] Steps: 112 | Reward:  -17.43 | Battery:   0.00% | Loss: 
Placing Sensors
[Episode 235/400] Steps:  83 | Reward:  -17.56 | Battery:   0.00% | Loss: 
Placing Sensors
[Episode 236/400] Steps:  89 | Reward:  -17.63 | Battery:   0.00% | Loss: 
Placing Sensors
[Episode 237/400] Steps: 105 | Reward:  -17.47 | Battery:   0.00% | Loss: 
Placing Sensors
[Episode 238/400] Steps:  75 | Reward:  -17.78 | Battery:   0.00% | Loss: 
Placing Sensors
[Episode 239/400] Steps: 720 | Reward:   -6.25 | Battery:  48.48% | Loss: 
Placing Sensors
Policy -0.0080 | Value 0.0162 | KL 0.01321 | CF 0.1436 | Std 0.1105 | |a| 0.0742 | EV +0.937 | AE nan | Alpha 0.0145 | MB 32/32
  cert | viol 0.036 | dV -0.246557 | V 0.3235 | inball 0.248 | a*_q05 0.00328 | a*_q50 0.02114 | dV>=0 0.028 | n=150 | a_used 0.00185 -> 0.00187
  crit | n=1 | viol 0.754 | V 1.3309 | Vmin 0.4196 | agree +0.715 | a*_q05 -0.00535 | a*_q50 -0.00048 | dV>=0 0.590 | beta 0.1000
  bell | direct viol 0.516 | direct dV>=0 0.477 | d_mean +0.00138 | d_std 0.04715 | d_q95 0.09762
[Episode 240/400] Steps: 720 | Reward:   -5.62 | Battery:  72.85% | Loss: -0.0088
Placing Sensors
[Episode 241/400] Steps: 111 | Reward:  -17.37 | Battery:   0.00% | Loss: 
Placing Sensors
[Episode 242/400] Steps:  70 | Reward:  -17.77 | Battery:   0.00% | Loss: 
Placing Sensors
[Episode 243/400] Steps: 102 | Reward:  -17.52 | Battery:   0.00% | Loss: 
Placing Sensors
[Episode 244/400] Steps: 115 | Reward:  -17.42 | Battery:   0.00% | Loss: 
Placing Sensors
[Episode 245/400] Steps: 103 | Reward:  -17.55 | Battery:   0.00% | Loss: 
Placing Sensors
[Episode 246/400] Steps:  91 | Reward:  -17.58 | Battery:   0.00% | Loss: 
Placing Sensors
[Episode 247/400] Steps: 107 | Reward:  -17.49 | Battery:   0.00% | Loss: 
Placing Sensors
[Episode 248/400] Steps:  74 | Reward:  -17.73 | Battery:   0.00% | Loss: 
Placing Sensors
[Episode 249/400] Steps:  75 | Reward:  -17.68 | Battery:   0.00% | Loss: 
Placing Sensors
[Episode 250/400] Steps: 103 | Reward:  -17.51 | Battery:   0.00% | Loss: 
Placing Sensors
[Episode 251/400] Steps: 119 | Reward:  -17.26 | Battery:   0.00% | Loss: 
Placing Sensors
[Episode 252/400] Steps:  73 | Reward:  -17.76 | Battery:   0.00% | Loss: 
Placing Sensors
[Episode 253/400] Steps:  71 | Reward:  -17.74 | Battery:   0.00% | Loss: 
Placing Sensors
Policy -0.0113 | Value 0.0251 | KL 0.01195 | CF 0.1424 | Std 0.1105 | |a| 0.0759 | EV +0.894 | AE nan | Alpha 0.0131 | MB 32/32
  cert | viol 0.048 | dV -0.224818 | V 0.3117 | inball 0.172 | a*_q05 0.00297 | a*_q50 0.02243 | dV>=0 0.000 | n=150 | a_used 0.00187 -> 0.00196
  crit | n=1 | viol 0.894 | V 1.7535 | Vmin 0.4624 | agree +0.836 | a*_q05 -0.00423 | a*_q50 -0.00057 | dV>=0 0.632 | beta 0.1000
  bell | direct viol 0.579 | direct dV>=0 0.506 | d_mean +0.00128 | d_std 0.03411 | d_q95 0.07141
[Episode 254/400] Steps: 720 | Reward:   -5.31 | Battery:  74.00% | Loss: -0.0436
Placing Sensors
[Episode 255/400] Steps:  95 | Reward:  -17.44 | Battery:   0.00% | Loss: 
Placing Sensors
[Episode 256/400] Steps:  95 | Reward:  -17.54 | Battery:   0.00% | Loss: 
Placing Sensors
[Episode 257/400] Steps: 720 | Reward:   -5.54 | Battery:  79.95% | Loss: 
Placing Sensors
Policy -0.0027 | Value 0.0260 | KL 0.01548 | CF 0.1868 | Std 0.1105 | |a| 0.0832 | EV +0.855 | AE nan | Alpha 0.0120 | MB 28/28
  cert | viol 0.429 | dV -0.111024 | V 0.4196 | inball 0.245 | a*_q05 -0.00399 | a*_q50 0.00336 | dV>=0 0.364 | n=150 | a_used 0.00196 -> 0.00186
  crit | n=1 | viol 0.747 | V 1.3826 | Vmin 0.5154 | agree +0.653 | a*_q05 -0.00495 | a*_q50 -0.00034 | dV>=0 0.547 | beta 0.1000
  bell | direct viol 0.549 | direct dV>=0 0.505 | d_mean +0.00045 | d_std 0.04788 | d_q95 0.09750
[Episode 258/400] Steps: 720 | Reward:  -11.32 | Battery:  11.66% | Loss: 0.0211
Placing Sensors
[Episode 259/400] Steps: 160 | Reward:  -17.10 | Battery:   0.00% | Loss: 
Placing Sensors
[Episode 260/400] Steps: 102 | Reward:  -17.53 | Battery:   0.00% | Loss: 
Placing Sensors
[Episode 261/400] Steps: 105 | Reward:  -17.47 | Battery:   0.00% | Loss: 
Placing Sensors
[Episode 262/400] Steps: 720 | Reward:   -5.34 | Battery:  79.72% | Loss: 
Placing Sensors
[Episode 263/400] Steps:  85 | Reward:  -17.49 | Battery:   0.00% | Loss: 
Placing Sensors
[Episode 264/400] Steps: 123 | Reward:  -17.42 | Battery:   0.00% | Loss: 
Placing Sensors
Policy -0.0105 | Value 0.0221 | KL 0.01711 | CF 0.1940 | Std 0.1105 | |a| 0.0847 | EV +0.888 | AE nan | Alpha 0.0107 | MB 32/32
  cert | viol 0.205 | dV -0.166194 | V 0.2876 | inball 0.223 | a*_q05 -0.01607 | a*_q50 0.01739 | dV>=0 0.177 | n=150 | a_used 0.00186 -> 0.00177
  crit | n=1 | viol 0.918 | V 1.4817 | Vmin 0.4835 | agree +0.737 | a*_q05 -0.00635 | a*_q50 -0.00143 | dV>=0 0.744 | beta 0.1000
  bell | direct viol 0.532 | direct dV>=0 0.476 | d_mean +0.00331 | d_std 0.04168 | d_q95 0.08398
[Episode 265/400] Steps: 720 | Reward:   -6.13 | Battery:  45.94% | Loss: 0.0453
Placing Sensors
[Episode 266/400] Steps: 134 | Reward:  -17.35 | Battery:   0.00% | Loss: 
Placing Sensors
[Episode 267/400] Steps:  94 | Reward:  -17.58 | Battery:   0.00% | Loss: 
Placing Sensors
[Episode 268/400] Steps: 720 | Reward:   -5.11 | Battery:  67.92% | Loss: 
Placing Sensors
Policy -0.0050 | Value 0.0162 | KL 0.01713 | CF 0.1647 | Std 0.1105 | |a| 0.0825 | EV +0.918 | AE nan | Alpha 0.0100 | MB 28/28
  cert | viol 0.030 | dV -0.245915 | V 0.3219 | inball 0.384 | a*_q05 0.00344 | a*_q50 0.02449 | dV>=0 0.000 | n=150 | a_used 0.00177 -> 0.00179
  crit | n=1 | viol 0.754 | V 1.0931 | Vmin 0.4116 | agree +0.752 | a*_q05 -0.00657 | a*_q50 -0.00032 | dV>=0 0.552 | beta 0.1000
  bell | direct viol 0.492 | direct dV>=0 0.454 | d_mean +0.00264 | d_std 0.03821 | d_q95 0.07836
[Episode 269/400] Steps: 720 | Reward:   -5.32 | Battery:  79.52% | Loss: 0.0311
Placing Sensors
[Episode 270/400] Steps: 720 | Reward:   -6.36 | Battery:  78.21% | Loss: 
Placing Sensors
[Episode 271/400] Steps:  86 | Reward:  -17.60 | Battery:   0.00% | Loss: 
Placing Sensors
[Episode 272/400] Steps:  92 | Reward:  -17.59 | Battery:   0.00% | Loss: 
Placing Sensors
[Episode 273/400] Steps: 164 | Reward:  -17.26 | Battery:   0.00% | Loss: 
Placing Sensors
Policy -0.0079 | Value 0.0248 | KL 0.01562 | CF 0.1736 | Std 0.1105 | |a| 0.0871 | EV +0.806 | AE nan | Alpha 0.0100 | MB 28/28
  cert | viol 0.238 | dV -0.200134 | V 0.3624 | inball 0.217 | a*_q05 -0.00365 | a*_q50 0.00951 | dV>=0 0.157 | n=150 | a_used 0.00179 -> 0.00170
  crit | n=1 | viol 0.695 | V 1.2799 | Vmin 0.5153 | agree +0.591 | a*_q05 -0.00814 | a*_q50 -0.00016 | dV>=0 0.519 | beta 0.1000
  bell | direct viol 0.514 | direct dV>=0 0.478 | d_mean +0.00158 | d_std 0.04108 | d_q95 0.08456
[Episode 274/400] Steps: 720 | Reward:   -6.50 | Battery:  72.98% | Loss: -0.0518
Placing Sensors
[Episode 275/400] Steps:  87 | Reward:  -17.60 | Battery:   0.00% | Loss: 
Placing Sensors
[Episode 276/400] Steps: 120 | Reward:  -17.29 | Battery:   0.00% | Loss: 
Placing Sensors
[Episode 277/400] Steps: 720 | Reward:   -5.05 | Battery:  83.71% | Loss: 
Placing Sensors
[Episode 278/400] Steps: 125 | Reward:  -17.36 | Battery:   0.00% | Loss: 
Placing Sensors
Policy 0.0149 | Value 0.0288 | KL 0.03250 | CF 0.2720 | Std 0.1105 | |a| 0.0859 | EV +0.888 | AE nan | Alpha 0.0100 | MB 14/28
  cert | viol 0.335 | dV -0.194595 | V 0.4140 | inball 0.205 | a*_q05 -0.00656 | a*_q50 0.00776 | dV>=0 0.241 | n=150 | a_used 0.00170 -> 0.00161
  crit | n=1 | viol 0.647 | V 1.2210 | Vmin 0.4275 | agree +0.718 | a*_q05 -0.00687 | a*_q50 0.00036 | dV>=0 0.453 | beta 0.1000
  bell | direct viol 0.493 | direct dV>=0 0.464 | d_mean +0.00130 | d_std 0.05208 | d_q95 0.10707
[Episode 279/400] Steps: 720 | Reward:   -8.62 | Battery:  66.56% | Loss: -0.0294
Placing Sensors
[Episode 280/400] Steps: 720 | Reward:   -4.36 | Battery:  68.47% | Loss: 
Placing Sensors
[Episode 281/400] Steps:  77 | Reward:  -17.57 | Battery:   0.00% | Loss: 
Placing Sensors
[Episode 282/400] Steps: 154 | Reward:  -17.21 | Battery:   0.00% | Loss: 
Placing Sensors
[Episode 283/400] Steps:  91 | Reward:  -17.58 | Battery:   0.00% | Loss: 
Placing Sensors
Policy -0.0052 | Value 0.0312 | KL 0.02166 | CF 0.2033 | Std 0.1105 | |a| 0.0623 | EV +0.802 | AE nan | Alpha 0.0100 | MB 28/28
  cert | viol 0.000 | dV -0.191857 | V 0.2723 | inball 0.320 | a*_q05 0.00353 | a*_q50 0.02205 | dV>=0 0.000 | n=150 | a_used 0.00161 -> 0.00170
  crit | n=1 | viol 0.801 | V 1.2259 | Vmin 0.4939 | agree +0.662 | a*_q05 -0.00630 | a*_q50 -0.00063 | dV>=0 0.594 | beta 0.1000
  bell | direct viol 0.495 | direct dV>=0 0.471 | d_mean +0.00268 | d_std 0.04841 | d_q95 0.09855
[Episode 284/400] Steps: 720 | Reward:   -5.83 | Battery:  73.02% | Loss: 0.1108
Placing Sensors
[Episode 285/400] Steps: 720 | Reward:   -4.75 | Battery:  83.72% | Loss: 
Placing Sensors
[Episode 286/400] Steps:  75 | Reward:  -17.68 | Battery:   0.00% | Loss: 
Placing Sensors
[Episode 287/400] Steps:  94 | Reward:  -17.59 | Battery:   0.00% | Loss: 
Placing Sensors
[Episode 288/400] Steps: 105 | Reward:  -17.46 | Battery:   0.00% | Loss: 
Placing Sensors
Policy -0.0020 | Value 0.0204 | KL 0.01790 | CF 0.1865 | Std 0.1106 | |a| 0.0739 | EV +0.833 | AE nan | Alpha 0.0100 | MB 28/28
  cert | viol 0.100 | dV -0.259004 | V 0.3486 | inball 0.431 | a*_q05 0.00091 | a*_q50 0.02880 | dV>=0 0.027 | n=150 | a_used 0.00170 -> 0.00167
  crit | n=1 | viol 0.725 | V 1.1797 | Vmin 0.5544 | agree +0.742 | a*_q05 -0.00851 | a*_q50 -0.00005 | dV>=0 0.505 | beta 0.1000
  bell | direct viol 0.505 | direct dV>=0 0.473 | d_mean +0.00300 | d_std 0.05350 | d_q95 0.10714
[Episode 289/400] Steps: 720 | Reward:   -4.72 | Battery:  56.82% | Loss: -0.0195
Placing Sensors
[Episode 290/400] Steps: 720 | Reward:   -6.91 | Battery:  71.38% | Loss: 
Placing Sensors
Policy -0.0032 | Value 0.0119 | KL 0.01939 | CF 0.2058 | Std 0.1106 | |a| 0.0822 | EV +0.932 | AE nan | Alpha 0.0100 | MB 24/24
  cert | viol 0.170 | dV -0.253802 | V 0.4240 | inball 0.349 | a*_q05 -0.00130 | a*_q50 0.01829 | dV>=0 0.111 | n=150 | a_used 0.00167 -> 0.00158
  crit | n=1 | viol 0.605 | V 1.1011 | Vmin 0.4808 | agree +0.528 | a*_q05 -0.00644 | a*_q50 0.00055 | dV>=0 0.446 | beta 0.1000
  bell | direct viol 0.504 | direct dV>=0 0.476 | d_mean +0.00184 | d_std 0.04826 | d_q95 0.10355
[Episode 291/400] Steps: 720 | Reward:   -6.65 | Battery:  68.05% | Loss: 0.0789
Placing Sensors
[Episode 292/400] Steps:  96 | Reward:  -17.47 | Battery:   0.00% | Loss: 
Placing Sensors
[Episode 293/400] Steps: 720 | Reward:   -5.64 | Battery:  61.34% | Loss: 
Placing Sensors
Policy -0.0004 | Value 0.0162 | KL 0.01719 | CF 0.1732 | Std 0.1106 | |a| 0.1016 | EV +0.908 | AE nan | Alpha 0.0100 | MB 24/24
  cert | viol 0.032 | dV -0.225172 | V 0.2732 | inball 0.348 | a*_q05 0.00332 | a*_q50 0.02578 | dV>=0 0.018 | n=150 | a_used 0.00158 -> 0.00163
  crit | n=1 | viol 0.782 | V 1.0016 | Vmin 0.4526 | agree +0.621 | a*_q05 -0.00749 | a*_q50 -0.00119 | dV>=0 0.618 | beta 0.1000
  bell | direct viol 0.502 | direct dV>=0 0.477 | d_mean +0.00237 | d_std 0.04112 | d_q95 0.08399
[Episode 294/400] Steps: 720 | Reward:   -4.20 | Battery:  69.22% | Loss: 0.0354
Placing Sensors
[Episode 295/400] Steps: 720 | Reward:   -6.65 | Battery:  80.11% | Loss: 
Placing Sensors
[Episode 296/400] Steps:  93 | Reward:  -17.63 | Battery:   0.00% | Loss: 
Placing Sensors
[Episode 297/400] Steps:  84 | Reward:  -17.61 | Battery:   0.00% | Loss: 
Placing Sensors
Policy -0.0046 | Value 0.0166 | KL 0.01633 | CF 0.1673 | Std 0.1106 | |a| 0.0898 | EV +0.901 | AE nan | Alpha 0.0100 | MB 28/28
  cert | viol 0.293 | dV -0.229267 | V 0.4753 | inball 0.319 | a*_q05 -0.00267 | a*_q50 0.01588 | dV>=0 0.232 | n=150 | a_used 0.00163 -> 0.00155
  crit | n=1 | viol 0.526 | V 1.1659 | Vmin 0.4314 | agree +0.529 | a*_q05 -0.00723 | a*_q50 0.00138 | dV>=0 0.378 | beta 0.1000
  bell | direct viol 0.508 | direct dV>=0 0.479 | d_mean -0.00153 | d_std 0.04775 | d_q95 0.10001
[Episode 298/400] Steps: 720 | Reward:   -6.94 | Battery:  63.10% | Loss: 0.0842
Placing Sensors
[Episode 299/400] Steps: 102 | Reward:  -17.52 | Battery:   0.00% | Loss: 
Placing Sensors
[Episode 300/400] Steps: 720 | Reward:   -5.08 | Battery:  86.00% | Loss: 
Placing Sensors
[Episode 301/400] Steps: 163 | Reward:  -17.05 | Battery:   0.00% | Loss: 
Placing Sensors
[Episode 302/400] Steps: 123 | Reward:  -17.30 | Battery:   0.00% | Loss: 
Placing Sensors
Policy -0.0059 | Value 0.0239 | KL 0.01992 | CF 0.1912 | Std 0.1107 | |a| 0.0967 | EV +0.865 | AE nan | Alpha 0.0100 | MB 32/32
  cert | viol 0.093 | dV -0.217560 | V 0.3483 | inball 0.297 | a*_q05 -0.00012 | a*_q50 0.02004 | dV>=0 0.064 | n=150 | a_used 0.00155 -> 0.00155
  crit | n=1 | viol 0.655 | V 1.1729 | Vmin 0.3396 | agree +0.791 | a*_q05 -0.00447 | a*_q50 0.00042 | dV>=0 0.425 | beta 0.1000
  bell | direct viol 0.502 | direct dV>=0 0.474 | d_mean +0.00224 | d_std 0.04981 | d_q95 0.09994
[Episode 303/400] Steps: 720 | Reward:   -6.89 | Battery:  67.26% | Loss: 0.0273
Placing Sensors
[Episode 304/400] Steps: 720 | Reward:   -5.23 | Battery:  69.25% | Loss: 
Placing Sensors
Policy -0.0092 | Value 0.0200 | KL 0.01894 | CF 0.2219 | Std 0.1107 | |a| 0.0919 | EV +0.768 | AE nan | Alpha 0.0100 | MB 24/24
  cert | viol 0.102 | dV -0.170948 | V 0.2598 | inball 0.217 | a*_q05 -0.00093 | a*_q50 0.01450 | dV>=0 0.032 | n=150 | a_used 0.00155 -> 0.00148
  crit | n=1 | viol 0.741 | V 0.8860 | Vmin 0.3904 | agree +0.659 | a*_q05 -0.00543 | a*_q50 -0.00067 | dV>=0 0.584 | beta 0.1000
  bell | direct viol 0.480 | direct dV>=0 0.460 | d_mean +0.00083 | d_std 0.05022 | d_q95 0.10005
[Episode 305/400] Steps: 720 | Reward:   -6.40 | Battery:  51.86% | Loss: 0.0048
Placing Sensors
[Episode 306/400] Steps: 720 | Reward:   -4.13 | Battery:  76.61% | Loss: 
Placing Sensors
[Episode 307/400] Steps: 114 | Reward:  -17.37 | Battery:   0.00% | Loss: 
Placing Sensors
Policy -0.0146 | Value 0.0252 | KL 0.02356 | CF 0.2537 | Std 0.1107 | |a| 0.0774 | EV +0.849 | AE nan | Alpha 0.0100 | MB 14/28
  cert | viol 0.104 | dV -0.174087 | V 0.3077 | inball 0.389 | a*_q05 0.00026 | a*_q50 0.01900 | dV>=0 0.067 | n=150 | a_used 0.00148 -> 0.00140
  crit | n=1 | viol 0.686 | V 0.9723 | Vmin 0.4478 | agree +0.749 | a*_q05 -0.00674 | a*_q50 -0.00081 | dV>=0 0.586 | beta 0.1000
  bell | direct viol 0.455 | direct dV>=0 0.441 | d_mean +0.00374 | d_std 0.06622 | d_q95 0.13441
[Episode 308/400] Steps: 720 | Reward:   -6.68 | Battery:  69.10% | Loss: 0.0265
Placing Sensors
[Episode 309/400] Steps: 720 | Reward:   -5.57 | Battery:  62.37% | Loss: 
Placing Sensors
Policy -0.0006 | Value 0.0130 | KL 0.01918 | CF 0.2059 | Std 0.1107 | |a| 0.1067 | EV +0.847 | AE nan | Alpha 0.0100 | MB 24/24
  cert | viol 0.001 | dV -0.174233 | V 0.2245 | inball 0.425 | a*_q05 0.00472 | a*_q50 0.02276 | dV>=0 0.000 | n=150 | a_used 0.00140 -> 0.00144
  crit | n=1 | viol 0.858 | V 0.8801 | Vmin 0.4245 | agree +0.617 | a*_q05 -0.00708 | a*_q50 -0.00154 | dV>=0 0.702 | beta 0.1000
  bell | direct viol 0.488 | direct dV>=0 0.467 | d_mean +0.00314 | d_std 0.04493 | d_q95 0.08995
[Episode 310/400] Steps: 720 | Reward:   -3.05 | Battery:  76.07% | Loss: -0.0306
Placing Sensors
[Episode 311/400] Steps: 101 | Reward:  -17.45 | Battery:   0.00% | Loss: 
Placing Sensors
[Episode 312/400] Steps:  63 | Reward:  -17.82 | Battery:   0.00% | Loss: 
Placing Sensors
[Episode 313/400] Steps:  84 | Reward:  -17.57 | Battery:   0.00% | Loss: 
Placing Sensors
[Episode 314/400] Steps: 720 | Reward:   -5.09 | Battery:  59.56% | Loss: 
Placing Sensors
[Episode 315/400] Steps:  77 | Reward:  -17.49 | Battery:   0.00% | Loss: 
Placing Sensors
Policy -0.0166 | Value 0.0271 | KL 0.01696 | CF 0.1791 | Std 0.1107 | |a| 0.1044 | EV +0.857 | AE nan | Alpha 0.0100 | MB 28/28
  cert | viol 0.073 | dV -0.222898 | V 0.3059 | inball 0.284 | a*_q05 0.00091 | a*_q50 0.02498 | dV>=0 0.025 | n=150 | a_used 0.00144 -> 0.00130
  crit | n=1 | viol 0.621 | V 1.0590 | Vmin 0.3966 | agree +0.715 | a*_q05 -0.00588 | a*_q50 0.00030 | dV>=0 0.475 | beta 0.1000
  bell | direct viol 0.487 | direct dV>=0 0.464 | d_mean +0.00076 | d_std 0.04730 | d_q95 0.09348
[Episode 316/400] Steps: 720 | Reward:   -6.24 | Battery:  49.49% | Loss: -0.0251
Placing Sensors
[Episode 317/400] Steps: 105 | Reward:  -17.51 | Battery:   0.00% | Loss: 
Placing Sensors
[Episode 318/400] Steps: 720 | Reward:   -6.74 | Battery:  50.02% | Loss: 
Placing Sensors
[Episode 319/400] Steps: 143 | Reward:  -17.32 | Battery:   0.00% | Loss: 
Placing Sensors
Policy -0.0074 | Value 0.0199 | KL 0.02284 | CF 0.1898 | Std 0.1107 | |a| 0.0954 | EV +0.856 | AE nan | Alpha 0.0100 | MB 21/28
  cert | viol 0.098 | dV -0.262234 | V 0.3942 | inball 0.311 | a*_q05 -0.00004 | a*_q50 0.02181 | dV>=0 0.057 | n=150 | a_used 0.00130 -> 0.00128
  crit | n=1 | viol 0.498 | V 1.1032 | Vmin 0.3902 | agree +0.652 | a*_q05 -0.00495 | a*_q50 0.00133 | dV>=0 0.353 | beta 0.1000
  bell | direct viol 0.492 | direct dV>=0 0.478 | d_mean -0.00001 | d_std 0.06757 | d_q95 0.14187
[Episode 320/400] Steps: 720 | Reward:   -6.10 | Battery:  86.72% | Loss: 0.0815
Placing Sensors
[Episode 321/400] Steps: 720 | Reward:   -7.51 | Battery:  73.28% | Loss: 
Placing Sensors
[Episode 322/400] Steps:  71 | Reward:  -17.68 | Battery:   0.00% | Loss: 
Placing Sensors
Policy -0.0074 | Value 0.0209 | KL 0.01864 | CF 0.1711 | Std 0.1107 | |a| 0.1135 | EV +0.842 | AE nan | Alpha 0.0100 | MB 24/24
  cert | viol 0.117 | dV -0.234628 | V 0.3715 | inball 0.393 | a*_q05 -0.00013 | a*_q50 0.02174 | dV>=0 0.044 | n=150 | a_used 0.00128 -> 0.00108
  crit | n=1 | viol 0.538 | V 0.9696 | Vmin 0.3942 | agree +0.578 | a*_q05 -0.00597 | a*_q50 0.00095 | dV>=0 0.408 | beta 0.1000
  bell | direct viol 0.473 | direct dV>=0 0.459 | d_mean +0.00041 | d_std 0.04474 | d_q95 0.09551
[Episode 323/400] Steps: 720 | Reward:   -4.52 | Battery:  72.56% | Loss: -0.1070
Placing Sensors
[Episode 324/400] Steps: 720 | Reward:   -6.24 | Battery:  64.12% | Loss: 
Placing Sensors
Policy -0.0016 | Value 0.0075 | KL 0.01524 | CF 0.1513 | Std 0.1108 | |a| 0.1159 | EV +0.915 | AE nan | Alpha 0.0100 | MB 24/24
  cert | viol 0.030 | dV -0.202616 | V 0.2796 | inball 0.230 | a*_q05 0.00222 | a*_q50 0.01285 | dV>=0 0.027 | n=150 | a_used 0.00108 -> 0.00108
  crit | n=1 | viol 0.563 | V 0.9735 | Vmin 0.4774 | agree +0.433 | a*_q05 -0.00551 | a*_q50 0.00052 | dV>=0 0.437 | beta 0.1000
  bell | direct viol 0.496 | direct dV>=0 0.486 | d_mean +0.00052 | d_std 0.04739 | d_q95 0.10101
[Episode 325/400] Steps: 720 | Reward:   -6.41 | Battery:  48.26% | Loss: -0.0070
Placing Sensors
[Episode 326/400] Steps: 720 | Reward:   -4.30 | Battery:  74.03% | Loss: 
Placing Sensors
Policy -0.0035 | Value 0.0098 | KL 0.01317 | CF 0.1260 | Std 0.1108 | |a| 0.1044 | EV +0.934 | AE nan | Alpha 0.0100 | MB 24/24
  cert | viol 0.015 | dV -0.257185 | V 0.3058 | inball 0.561 | a*_q05 0.00412 | a*_q50 0.03398 | dV>=0 0.000 | n=150 | a_used 0.00108 -> 0.00110
  crit | n=1 | viol 0.580 | V 0.7703 | Vmin 0.3302 | agree +0.525 | a*_q05 -0.00750 | a*_q50 0.00012 | dV>=0 0.483 | beta 0.1000
  bell | direct viol 0.461 | direct dV>=0 0.448 | d_mean +0.00347 | d_std 0.05235 | d_q95 0.10260
[Episode 327/400] Steps: 720 | Reward:   -3.63 | Battery:  80.48% | Loss: 0.1125
Placing Sensors
[Episode 328/400] Steps: 720 | Reward:   -5.89 | Battery:  84.83% | Loss: 
Placing Sensors
Policy -0.0100 | Value 0.0088 | KL 0.01435 | CF 0.1451 | Std 0.1108 | |a| 0.1094 | EV +0.922 | AE nan | Alpha 0.0100 | MB 24/24
  cert | viol 0.094 | dV -0.234792 | V 0.3718 | inball 0.368 | a*_q05 -0.00233 | a*_q50 0.01862 | dV>=0 0.076 | n=150 | a_used 0.00110 -> 0.00105
  crit | n=1 | viol 0.409 | V 0.8243 | Vmin 0.3047 | agree +0.484 | a*_q05 -0.00704 | a*_q50 0.00279 | dV>=0 0.362 | beta 0.1000
  bell | direct viol 0.491 | direct dV>=0 0.476 | d_mean -0.00074 | d_std 0.03891 | d_q95 0.08415
[Episode 329/400] Steps: 720 | Reward:   -5.69 | Battery:  56.10% | Loss: -0.0710
Placing Sensors
[Episode 330/400] Steps: 720 | Reward:   -7.61 | Battery:  55.57% | Loss: 
Placing Sensors
Policy -0.0150 | Value 0.0125 | KL 0.01529 | CF 0.1774 | Std 0.1108 | |a| 0.1305 | EV +0.888 | AE nan | Alpha 0.0100 | MB 24/24
  cert | viol 0.176 | dV -0.205818 | V 0.3808 | inball 0.163 | a*_q05 -0.00833 | a*_q50 0.00849 | dV>=0 0.138 | n=150 | a_used 0.00105 -> 0.00099
  crit | n=1 | viol 0.381 | V 0.8266 | Vmin 0.3723 | agree +0.488 | a*_q05 -0.00567 | a*_q50 0.00342 | dV>=0 0.344 | beta 0.1000
  bell | direct viol 0.511 | direct dV>=0 0.498 | d_mean -0.00184 | d_std 0.03821 | d_q95 0.07958
[Episode 331/400] Steps: 720 | Reward:   -7.24 | Battery:  62.70% | Loss: -0.0562
Placing Sensors
[Episode 332/400] Steps: 720 | Reward:   -4.58 | Battery:  61.39% | Loss: 
Placing Sensors
[Episode 333/400] Steps: 115 | Reward:  -17.47 | Battery:   0.00% | Loss: 
Placing Sensors
[Episode 334/400] Steps:  78 | Reward:  -17.64 | Battery:   0.00% | Loss: 
Placing Sensors
Policy -0.0058 | Value 0.0394 | KL 0.02495 | CF 0.2148 | Std 0.1108 | |a| 0.1168 | EV +0.807 | AE nan | Alpha 0.0100 | MB 14/28
  cert | viol 0.095 | dV -0.285795 | V 0.4076 | inball 0.377 | a*_q05 -0.00067 | a*_q50 0.02639 | dV>=0 0.082 | n=150 | a_used 0.00099 -> 0.00094
  crit | n=1 | viol 0.391 | V 0.9388 | Vmin 0.2825 | agree +0.587 | a*_q05 -0.00708 | a*_q50 0.00248 | dV>=0 0.339 | beta 0.1000
  bell | direct viol 0.500 | direct dV>=0 0.484 | d_mean -0.00135 | d_std 0.05312 | d_q95 0.11276
[Episode 335/400] Steps: 720 | Reward:   -6.57 | Battery:  62.68% | Loss: -0.1473
Placing Sensors
[Episode 336/400] Steps: 720 | Reward:   -5.97 | Battery:  56.44% | Loss: 
Placing Sensors
[Episode 337/400] Steps: 295 | Reward:  -16.42 | Battery:   0.00% | Loss: 
Placing Sensors
Policy -0.0072 | Value 0.0463 | KL 0.01988 | CF 0.1710 | Std 0.1109 | |a| 0.1160 | EV +0.587 | AE nan | Alpha 0.0100 | MB 28/28
  cert | viol 0.284 | dV -0.084839 | V 0.2502 | inball 0.257 | a*_q05 -0.00586 | a*_q50 0.00997 | dV>=0 0.263 | n=150 | a_used 0.00094 -> 0.00090
  crit | n=1 | viol 0.643 | V 0.9765 | Vmin 0.3339 | agree +0.613 | a*_q05 -0.00548 | a*_q50 -0.00060 | dV>=0 0.565 | beta 0.1000
  bell | direct viol 0.479 | direct dV>=0 0.468 | d_mean +0.00082 | d_std 0.06248 | d_q95 0.12528
[Episode 338/400] Steps: 720 | Reward:   -3.99 | Battery:  80.90% | Loss: 0.0639
Placing Sensors
[Episode 339/400] Steps: 106 | Reward:  -17.51 | Battery:   0.00% | Loss: 
Placing Sensors
[Episode 340/400] Steps:  81 | Reward:  -17.51 | Battery:   0.00% | Loss: 
Placing Sensors
[Episode 341/400] Steps: 106 | Reward:  -17.34 | Battery:   0.00% | Loss: 
Placing Sensors
[Episode 342/400] Steps:  98 | Reward:  -17.50 | Battery:   0.00% | Loss: 
Placing Sensors
[Episode 343/400] Steps: 720 | Reward:   -5.10 | Battery:  63.10% | Loss: 
Placing Sensors
[Episode 344/400] Steps: 133 | Reward:  -17.35 | Battery:   0.00% | Loss: 
Placing Sensors
Policy -0.0025 | Value 0.0490 | KL 0.02357 | CF 0.1897 | Std 0.1108 | |a| 0.1114 | EV +0.832 | AE nan | Alpha 0.0100 | MB 24/32
  cert | viol 0.045 | dV -0.258063 | V 0.3374 | inball 0.324 | a*_q05 0.00124 | a*_q50 0.03158 | dV>=0 0.034 | n=150 | a_used 0.00090 -> 0.00091
  crit | n=1 | viol 0.545 | V 1.0708 | Vmin 0.2027 | agree +0.804 | a*_q05 -0.00594 | a*_q50 0.00057 | dV>=0 0.443 | beta 0.1000
  bell | direct viol 0.508 | direct dV>=0 0.495 | d_mean +0.00090 | d_std 0.07282 | d_q95 0.15559
[Episode 345/400] Steps: 720 | Reward:   -4.74 | Battery:  63.09% | Loss: 0.0226
Placing Sensors
[Episode 346/400] Steps: 720 | Reward:   -4.92 | Battery:  70.28% | Loss: 
Placing Sensors
[Episode 347/400] Steps: 105 | Reward:  -17.41 | Battery:   0.00% | Loss: 
Placing Sensors
[Episode 348/400] Steps: 120 | Reward:  -17.35 | Battery:   0.00% | Loss: 
Placing Sensors
Policy 0.0063 | Value 0.0342 | KL 0.02114 | CF 0.1764 | Std 0.1109 | |a| 0.1227 | EV +0.878 | AE nan | Alpha 0.0100 | MB 14/28
  cert | viol 0.043 | dV -0.214061 | V 0.3236 | inball 0.322 | a*_q05 0.00003 | a*_q50 0.02130 | dV>=0 0.027 | n=150 | a_used 0.00091 -> 0.00091
  crit | n=1 | viol 0.561 | V 1.0013 | Vmin 0.2432 | agree +0.641 | a*_q05 -0.00587 | a*_q50 0.00040 | dV>=0 0.459 | beta 0.1000
  bell | direct viol 0.479 | direct dV>=0 0.471 | d_mean +0.00163 | d_std 0.08140 | d_q95 0.17317
[Episode 349/400] Steps: 720 | Reward:   -6.47 | Battery:  51.35% | Loss: 0.0487
Placing Sensors
[Episode 350/400] Steps: 720 | Reward:   -5.95 | Battery:  75.46% | Loss: 
Placing Sensors
[Episode 351/400] Steps:  81 | Reward:  -17.60 | Battery:   0.00% | Loss: 
Placing Sensors
Policy 0.0001 | Value 0.0255 | KL 0.02061 | CF 0.1891 | Std 0.1109 | |a| 0.1288 | EV +0.831 | AE nan | Alpha 0.0100 | MB 18/24
  cert | viol 0.189 | dV -0.173834 | V 0.3006 | inball 0.355 | a*_q05 -0.00128 | a*_q50 0.01595 | dV>=0 0.121 | n=150 | a_used 0.00091 -> 0.00086
  crit | n=1 | viol 0.486 | V 0.9048 | Vmin 0.3830 | agree +0.657 | a*_q05 -0.00553 | a*_q50 0.00109 | dV>=0 0.392 | beta 0.1000
  bell | direct viol 0.488 | direct dV>=0 0.477 | d_mean +0.00128 | d_std 0.06360 | d_q95 0.13816
[Episode 352/400] Steps: 720 | Reward:   -5.86 | Battery:  80.75% | Loss: 0.0413
Placing Sensors
[Episode 353/400] Steps:  89 | Reward:  -17.54 | Battery:   0.00% | Loss: 
Placing Sensors
[Episode 354/400] Steps:  68 | Reward:  -17.76 | Battery:   0.00% | Loss: 
Placing Sensors
[Episode 355/400] Steps: 720 | Reward:   -5.95 | Battery:  64.34% | Loss: 
Placing Sensors
[Episode 356/400] Steps:  71 | Reward:  -17.72 | Battery:   0.00% | Loss: 
Placing Sensors
[Episode 357/400] Steps: 148 | Reward:  -17.15 | Battery:   0.00% | Loss: 
Placing Sensors
Policy -0.0055 | Value 0.0367 | KL 0.02537 | CF 0.2368 | Std 0.1109 | |a| 0.1243 | EV +0.844 | AE nan | Alpha 0.0100 | MB 24/32
  cert | viol 0.101 | dV -0.185209 | V 0.2921 | inball 0.251 | a*_q05 0.00041 | a*_q50 0.02134 | dV>=0 0.037 | n=150 | a_used 0.00086 -> 0.00092
  crit | n=1 | viol 0.505 | V 1.0903 | Vmin 0.3418 | agree +0.671 | a*_q05 -0.00577 | a*_q50 0.00091 | dV>=0 0.419 | beta 0.1000
  bell | direct viol 0.489 | direct dV>=0 0.477 | d_mean +0.00132 | d_std 0.06512 | d_q95 0.14373
[Episode 358/400] Steps: 720 | Reward:   -4.97 | Battery:  66.91% | Loss: -0.1127
Placing Sensors
[Episode 359/400] Steps:  87 | Reward:  -17.53 | Battery:   0.00% | Loss: 
Placing Sensors
[Episode 360/400] Steps:  88 | Reward:  -17.62 | Battery:   0.00% | Loss: 
Placing Sensors
[Episode 361/400] Steps: 720 | Reward:   -6.83 | Battery:  80.09% | Loss: 
Placing Sensors
Policy -0.0052 | Value 0.0234 | KL 0.01519 | CF 0.1612 | Std 0.1109 | |a| 0.1150 | EV +0.883 | AE nan | Alpha 0.0100 | MB 28/28
  cert | viol 0.206 | dV -0.192230 | V 0.3769 | inball 0.313 | a*_q05 -0.00111 | a*_q50 0.01653 | dV>=0 0.096 | n=150 | a_used 0.00092 -> 0.00087
  crit | n=1 | viol 0.439 | V 1.1014 | Vmin 0.4195 | agree +0.634 | a*_q05 -0.00464 | a*_q50 0.00152 | dV>=0 0.334 | beta 0.1000
  bell | direct viol 0.485 | direct dV>=0 0.469 | d_mean +0.00029 | d_std 0.06608 | d_q95 0.14211
[Episode 362/400] Steps: 720 | Reward:   -6.04 | Battery:  81.49% | Loss: -0.1246
Placing Sensors
[Episode 363/400] Steps:  99 | Reward:  -17.44 | Battery:   0.00% | Loss: 
Placing Sensors
[Episode 364/400] Steps: 720 | Reward:   -6.54 | Battery:  52.58% | Loss: 
Placing Sensors
Policy 0.0013 | Value 0.0135 | KL 0.01384 | CF 0.1421 | Std 0.1109 | |a| 0.1505 | EV +0.931 | AE nan | Alpha 0.0100 | MB 28/28
  cert | viol 0.112 | dV -0.283169 | V 0.4146 | inball 0.362 | a*_q05 0.00181 | a*_q50 0.02859 | dV>=0 0.090 | n=150 | a_used 0.00087 -> 0.00097
  crit | n=1 | viol 0.600 | V 1.0889 | Vmin 0.3967 | agree +0.383 | a*_q05 -0.00602 | a*_q50 0.00004 | dV>=0 0.503 | beta 0.1000
  bell | direct viol 0.463 | direct dV>=0 0.454 | d_mean +0.00613 | d_std 0.04915 | d_q95 0.10351
[Episode 365/400] Steps: 720 | Reward:   -5.42 | Battery:  66.92% | Loss: -0.3969
Placing Sensors
[Episode 366/400] Steps:  81 | Reward:  -17.61 | Battery:   0.00% | Loss: 
Placing Sensors
[Episode 367/400] Steps: 720 | Reward:   -6.72 | Battery:  73.35% | Loss: 
Placing Sensors
[Episode 368/400] Steps:  68 | Reward:  -17.74 | Battery:   0.00% | Loss: 
Placing Sensors
Policy -0.0052 | Value 0.0241 | KL 0.02438 | CF 0.2142 | Std 0.1109 | |a| 0.1259 | EV +0.893 | AE nan | Alpha 0.0100 | MB 21/28
  cert | viol 0.142 | dV -0.203343 | V 0.3931 | inball 0.343 | a*_q05 -0.00071 | a*_q50 0.01403 | dV>=0 0.091 | n=150 | a_used 0.00097 -> 0.00092
  crit | n=1 | viol 0.380 | V 1.0573 | Vmin 0.3067 | agree +0.550 | a*_q05 -0.00406 | a*_q50 0.00254 | dV>=0 0.267 | beta 0.1000
  bell | direct viol 0.478 | direct dV>=0 0.468 | d_mean +0.00043 | d_std 0.05963 | d_q95 0.12064
[Episode 369/400] Steps: 720 | Reward:   -6.23 | Battery:  84.75% | Loss: -0.1840
Placing Sensors
[Episode 370/400] Steps: 720 | Reward:   -4.26 | Battery:  73.43% | Loss: 
Placing Sensors
Policy -0.0053 | Value 0.0162 | KL 0.02382 | CF 0.2125 | Std 0.1109 | |a| 0.1267 | EV +0.854 | AE nan | Alpha 0.0100 | MB 24/24
  cert | viol 0.052 | dV -0.209531 | V 0.2917 | inball 0.445 | a*_q05 0.00084 | a*_q50 0.02389 | dV>=0 0.043 | n=150 | a_used 0.00092 -> 0.00092
  crit | n=1 | viol 0.478 | V 0.8085 | Vmin 0.2106 | agree +0.400 | a*_q05 -0.00515 | a*_q50 0.00118 | dV>=0 0.405 | beta 0.1000
  bell | direct viol 0.488 | direct dV>=0 0.479 | d_mean +0.00096 | d_std 0.05766 | d_q95 0.11961
[Episode 371/400] Steps: 720 | Reward:   -5.57 | Battery:  60.44% | Loss: -0.0354
Placing Sensors
[Episode 372/400] Steps: 720 | Reward:   -4.53 | Battery:  56.46% | Loss: 
Placing Sensors
Policy -0.0086 | Value 0.0118 | KL 0.01276 | CF 0.1109 | Std 0.1109 | |a| 0.1406 | EV +0.904 | AE nan | Alpha 0.0100 | MB 24/24
  cert | viol 0.018 | dV -0.246111 | V 0.3164 | inball 0.459 | a*_q05 0.00222 | a*_q50 0.03030 | dV>=0 0.008 | n=150 | a_used 0.00092 -> 0.00095
  crit | n=1 | viol 0.512 | V 0.7431 | Vmin 0.2623 | agree +0.496 | a*_q05 -0.00748 | a*_q50 0.00080 | dV>=0 0.450 | beta 0.1000
  bell | direct viol 0.493 | direct dV>=0 0.481 | d_mean +0.00061 | d_std 0.05257 | d_q95 0.11467
[Episode 373/400] Steps: 720 | Reward:   -4.50 | Battery:  68.68% | Loss: 0.0743
Placing Sensors
[Episode 374/400] Steps: 720 | Reward:   -7.05 | Battery:  39.67% | Loss: 
Placing Sensors
Policy -0.0028 | Value 0.0174 | KL 0.02250 | CF 0.1852 | Std 0.1109 | |a| 0.1332 | EV +0.866 | AE nan | Alpha 0.0100 | MB 18/24
  cert | viol 0.268 | dV -0.124647 | V 0.2274 | inball 0.041 | a*_q05 -0.01759 | a*_q50 0.00797 | dV>=0 0.231 | n=150 | a_used 0.00095 -> 0.00090
  crit | n=1 | viol 0.401 | V 0.9020 | Vmin 0.3628 | agree +0.407 | a*_q05 -0.00524 | a*_q50 0.00237 | dV>=0 0.344 | beta 0.1000
  bell | direct viol 0.512 | direct dV>=0 0.503 | d_mean -0.00131 | d_std 0.06127 | d_q95 0.12163
[Episode 375/400] Steps: 720 | Reward:   -6.62 | Battery:  57.44% | Loss: 0.0594
Placing Sensors
[Episode 376/400] Steps:  96 | Reward:  -17.55 | Battery:   0.00% | Loss: 
Placing Sensors
[Episode 377/400] Steps: 111 | Reward:  -17.25 | Battery:   0.00% | Loss: 
Placing Sensors
[Episode 378/400] Steps:  87 | Reward:  -17.60 | Battery:   0.00% | Loss: 
Placing Sensors
[Episode 379/400] Steps: 720 | Reward:   -6.02 | Battery:  76.13% | Loss: 
Placing Sensors
Policy -0.0077 | Value 0.0500 | KL 0.02044 | CF 0.2111 | Std 0.1109 | |a| 0.1409 | EV +0.756 | AE nan | Alpha 0.0100 | MB 21/28
  cert | viol 0.083 | dV -0.223808 | V 0.3423 | inball 0.380 | a*_q05 0.00003 | a*_q50 0.02176 | dV>=0 0.074 | n=150 | a_used 0.00090 -> 0.00086
  crit | n=1 | viol 0.374 | V 0.9883 | Vmin 0.3296 | agree +0.688 | a*_q05 -0.00637 | a*_q50 0.00203 | dV>=0 0.288 | beta 0.1000
  bell | direct viol 0.479 | direct dV>=0 0.468 | d_mean +0.00074 | d_std 0.04866 | d_q95 0.09780
[Episode 380/400] Steps: 720 | Reward:   -4.73 | Battery:  82.53% | Loss: 0.0925
Placing Sensors
[Episode 381/400] Steps: 128 | Reward:  -17.37 | Battery:   0.00% | Loss: 
Placing Sensors
[Episode 382/400] Steps: 720 | Reward:   -6.41 | Battery:  46.35% | Loss: 
Placing Sensors
[Episode 383/400] Steps: 115 | Reward:  -17.20 | Battery:   0.00% | Loss: 
Placing Sensors
Policy 0.0020 | Value 0.0409 | KL 0.02521 | CF 0.2499 | Std 0.1109 | |a| 0.1070 | EV +0.811 | AE nan | Alpha 0.0100 | MB 21/28
  cert | viol 0.035 | dV -0.222158 | V 0.3089 | inball 0.258 | a*_q05 0.00178 | a*_q50 0.02127 | dV>=0 0.014 | n=150 | a_used 0.00086 -> 0.00085
  crit | n=1 | viol 0.632 | V 1.1203 | Vmin 0.3478 | agree +0.632 | a*_q05 -0.00698 | a*_q50 -0.00057 | dV>=0 0.554 | beta 0.1000
  bell | direct viol 0.494 | direct dV>=0 0.486 | d_mean +0.00171 | d_std 0.06929 | d_q95 0.13760
[Episode 384/400] Steps: 720 | Reward:   -4.83 | Battery:  63.27% | Loss: 0.0930
Placing Sensors
[Episode 385/400] Steps: 720 | Reward:   -6.37 | Battery:  73.63% | Loss: 
Placing Sensors
Policy -0.0101 | Value 0.0138 | KL 0.01737 | CF 0.1930 | Std 0.1109 | |a| 0.1369 | EV +0.893 | AE nan | Alpha 0.0100 | MB 24/24
  cert | viol 0.110 | dV -0.186119 | V 0.2936 | inball 0.377 | a*_q05 -0.00043 | a*_q50 0.01545 | dV>=0 0.073 | n=150 | a_used 0.00085 -> 0.00076
  crit | n=1 | viol 0.305 | V 0.7090 | Vmin 0.2816 | agree +0.656 | a*_q05 -0.00367 | a*_q50 0.00372 | dV>=0 0.231 | beta 0.1000
  bell | direct viol 0.481 | direct dV>=0 0.474 | d_mean +0.00016 | d_std 0.04773 | d_q95 0.09563
[Episode 386/400] Steps: 720 | Reward:   -4.74 | Battery:  77.19% | Loss: -0.0457
Placing Sensors
[Episode 387/400] Steps: 161 | Reward:  -17.07 | Battery:   0.00% | Loss: 
Placing Sensors
[Episode 388/400] Steps: 720 | Reward:   -4.36 | Battery:  80.63% | Loss: 
Placing Sensors
[Episode 389/400] Steps: 102 | Reward:  -17.45 | Battery:   0.00% | Loss: 
Placing Sensors
Policy -0.0003 | Value 0.0400 | KL 0.02086 | CF 0.2033 | Std 0.1109 | |a| 0.1160 | EV +0.818 | AE nan | Alpha 0.0100 | MB 14/28
  cert | viol 0.000 | dV -0.287954 | V 0.3646 | inball 0.436 | a*_q05 0.00346 | a*_q50 0.03051 | dV>=0 0.000 | n=150 | a_used 0.00076 -> 0.00085
  crit | n=1 | viol 0.377 | V 0.8698 | Vmin 0.2636 | agree +0.777 | a*_q05 -0.00609 | a*_q50 0.00195 | dV>=0 0.318 | beta 0.1000
  bell | direct viol 0.491 | direct dV>=0 0.479 | d_mean +0.00101 | d_std 0.05516 | d_q95 0.11148
[Episode 390/400] Steps: 720 | Reward:   -4.94 | Battery:  72.75% | Loss: -0.0189
Placing Sensors
[Episode 391/400] Steps: 720 | Reward:   -4.30 | Battery:  74.34% | Loss: 
Placing Sensors
[Episode 392/400] Steps:  76 | Reward:  -17.63 | Battery:   0.00% | Loss: 
Placing Sensors
[Episode 393/400] Steps: 188 | Reward:  -17.09 | Battery:   0.00% | Loss: 
Placing Sensors
[Episode 394/400] Steps:  94 | Reward:  -17.58 | Battery:   0.00% | Loss: 
Placing Sensors
Policy 0.0025 | Value 0.0563 | KL 0.02637 | CF 0.1126 | Std 0.1109 | |a| 0.1217 | EV +0.788 | AE nan | Alpha 0.0100 | MB 8/32
  cert | viol 0.035 | dV -0.201885 | V 0.3160 | inball 0.365 | a*_q05 0.00258 | a*_q50 0.01665 | dV>=0 0.028 | n=150 | a_used 0.00085 -> 0.00091
  crit | n=1 | viol 0.541 | V 1.0490 | Vmin 0.3391 | agree +0.796 | a*_q05 -0.00618 | a*_q50 0.00039 | dV>=0 0.471 | beta 0.1000
  bell | direct viol 0.456 | direct dV>=0 0.448 | d_mean +0.00320 | d_std 0.06326 | d_q95 0.12846
[Episode 395/400] Steps: 720 | Reward:   -5.60 | Battery:  76.22% | Loss: 0.0239
Placing Sensors
[Episode 396/400] Steps:  58 | Reward:  -17.55 | Battery:   0.00% | Loss: 
Placing Sensors
[Episode 397/400] Steps: 104 | Reward:  -17.43 | Battery:   0.00% | Loss: 
Placing Sensors
[Episode 398/400] Steps: 720 | Reward:   -5.19 | Battery:  32.26% | Loss: 
Placing Sensors
Policy -0.0030 | Value 0.0220 | KL 0.02077 | CF 0.2289 | Std 0.1109 | |a| 0.1329 | EV +0.848 | AE nan | Alpha 0.0100 | MB 28/28
  cert | viol 0.169 | dV -0.168178 | V 0.2088 | inball 0.272 | a*_q05 -0.00803 | a*_q50 0.02316 | dV>=0 0.169 | n=150 | a_used 0.00091 -> 0.00087
  crit | n=1 | viol 0.758 | V 1.0793 | Vmin 0.4646 | agree +0.628 | a*_q05 -0.00751 | a*_q50 -0.00242 | dV>=0 0.687 | beta 0.1000
  bell | direct viol 0.481 | direct dV>=0 0.472 | d_mean +0.00339 | d_std 0.04900 | d_q95 0.09757
[Episode 399/400] Steps: 720 | Reward:   -4.85 | Battery:  71.91% | Loss: 0.1227
Placing Sensors
[Episode 400/400] Steps: 720 | Reward:   -3.50 | Battery:  72.87% | Loss: 
Placing Sensors
[Episode 401/400] Steps:  86 | Reward:  -17.62 | Battery:   0.00% | Loss: 
Placing Sensors
Policy -0.0070 | Value 0.0235 | KL 0.02366 | CF 0.1406 | Std 0.1109 | |a| 0.1213 | EV +0.862 | AE nan | Alpha 0.0100 | MB 18/24
  cert | viol 0.079 | dV -0.213786 | V 0.3767 | inball 0.386 | a*_q05 0.00015 | a*_q50 0.02313 | dV>=0 0.063 | n=150 | a_used 0.00087 -> 0.00082
  crit | n=1 | viol 0.523 | V 0.9719 | Vmin 0.4278 | agree +0.462 | a*_q05 -0.00707 | a*_q50 0.00041 | dV>=0 0.483 | beta 0.1000
  bell | direct viol 0.476 | direct dV>=0 0.467 | d_mean +0.00008 | d_std 0.05803 | d_q95 0.11582
[Episode 402/400] Steps: 720 | Reward:   -7.83 | Battery:  63.21% | Loss: 0.0937
Placing Sensors
[Episode 403/400] Steps: 720 | Reward:   -6.31 | Battery:  76.36% | Loss: 
Placing Sensors
[Episode 404/400] Steps:  82 | Reward:  -17.66 | Battery:   0.00% | Loss: 
Placing Sensors
Policy -0.0181 | Value 0.0176 | KL 0.02710 | CF 0.2430 | Std 0.1109 | |a| 0.1324 | EV +0.865 | AE nan | Alpha 0.0100 | MB 24/24
  cert | viol 0.065 | dV -0.194778 | V 0.3012 | inball 0.353 | a*_q05 0.00024 | a*_q50 0.01656 | dV>=0 0.054 | n=150 | a_used 0.00082 -> 0.00077
  crit | n=1 | viol 0.480 | V 0.9308 | Vmin 0.3617 | agree +0.592 | a*_q05 -0.00519 | a*_q50 0.00105 | dV>=0 0.389 | beta 0.1000
  bell | direct viol 0.488 | direct dV>=0 0.483 | d_mean +0.00115 | d_std 0.06147 | d_q95 0.13274
[Episode 405/400] Steps: 720 | Reward:   -5.12 | Battery:  64.18% | Loss: -0.0119
Placing Sensors
[Episode 406/400] Steps: 720 | Reward:   -4.96 | Battery:  77.03% | Loss: 
Placing Sensors
[Episode 407/400] Steps:  71 | Reward:  -17.70 | Battery:   0.00% | Loss: 
Placing Sensors
Policy -0.0034 | Value 0.0189 | KL 0.02509 | CF 0.2088 | Std 0.1109 | |a| 0.1227 | EV +0.906 | AE nan | Alpha 0.0100 | MB 18/24
  cert | viol 0.123 | dV -0.244702 | V 0.3595 | inball 0.461 | a*_q05 -0.00135 | a*_q50 0.02550 | dV>=0 0.109 | n=150 | a_used 0.00077 -> 0.00073
  crit | n=1 | viol 0.517 | V 0.8942 | Vmin 0.3108 | agree +0.767 | a*_q05 -0.00497 | a*_q50 0.00063 | dV>=0 0.418 | beta 0.1000
  bell | direct viol 0.469 | direct dV>=0 0.464 | d_mean +0.00245 | d_std 0.06512 | d_q95 0.13409
[Episode 408/400] Steps: 720 | Reward:   -5.21 | Battery:  74.10% | Loss: 0.0561
Placing Sensors
[Episode 409/400] Steps: 720 | Reward:   -5.16 | Battery:  72.62% | Loss: 
Placing Sensors
[Episode 410/400] Steps: 109 | Reward:  -17.39 | Battery:   0.00% | Loss: 
Placing Sensors
Policy 0.0822 | Value 0.0191 | KL 0.03192 | CF 0.2125 | Std 0.1109 | |a| 0.0997 | EV +0.899 | AE nan | Alpha 0.0100 | MB 14/28
  cert | viol 0.000 | dV -0.173569 | V 0.2272 | inball 0.361 | a*_q05 0.00573 | a*_q50 0.01977 | dV>=0 0.000 | n=150 | a_used 0.00073 -> 0.00083
  crit | n=1 | viol 0.410 | V 0.8309 | Vmin 0.3544 | agree +0.598 | a*_q05 -0.00503 | a*_q50 0.00152 | dV>=0 0.333 | beta 0.1000
  bell | direct viol 0.427 | direct dV>=0 0.422 | d_mean +0.00373 | d_std 0.05990 | d_q95 0.12059
[Episode 411/400] Steps: 720 | Reward:   -4.82 | Battery:  75.58% | Loss: 0.1809
Placing Sensors
[Episode 412/400] Steps: 720 | Reward:   -8.04 | Battery:  58.47% | Loss: 
Placing Sensors
[Episode 413/400] Steps:  71 | Reward:  -17.76 | Battery:   0.00% | Loss: 
Placing Sensors
Policy -0.0067 | Value 0.0207 | KL 0.02006 | CF 0.1904 | Std 0.1109 | |a| 0.0978 | EV +0.833 | AE nan | Alpha 0.0100 | MB 24/24
  cert | viol 0.192 | dV -0.158892 | V 0.3011 | inball 0.219 | a*_q05 -0.00592 | a*_q50 0.00889 | dV>=0 0.127 | n=150 | a_used 0.00083 -> 0.00078
  crit | n=1 | viol 0.421 | V 0.8670 | Vmin 0.4778 | agree +0.547 | a*_q05 -0.00473 | a*_q50 0.00169 | dV>=0 0.346 | beta 0.1000
  bell | direct viol 0.489 | direct dV>=0 0.484 | d_mean -0.00081 | d_std 0.05129 | d_q95 0.10592
[Episode 414/400] Steps: 720 | Reward:   -4.92 | Battery:  77.19% | Loss: -0.0163
Placing Sensors
[Episode 415/400] Steps: 720 | Reward:   -5.08 | Battery:  82.51% | Loss: 
Placing Sensors
Policy -0.0139 | Value 0.0150 | KL 0.01646 | CF 0.1592 | Std 0.1109 | |a| 0.1144 | EV +0.864 | AE nan | Alpha 0.0100 | MB 24/24
  cert | viol 0.121 | dV -0.190205 | V 0.3643 | inball 0.378 | a*_q05 -0.00171 | a*_q50 0.01298 | dV>=0 0.110 | n=150 | a_used 0.00078 -> 0.00078
  crit | n=1 | viol 0.359 | V 0.8157 | Vmin 0.4098 | agree +0.536 | a*_q05 -0.00583 | a*_q50 0.00284 | dV>=0 0.309 | beta 0.1000
  bell | direct viol 0.494 | direct dV>=0 0.484 | d_mean -0.00154 | d_std 0.05884 | d_q95 0.12338
[Episode 416/400] Steps: 720 | Reward:   -7.34 | Battery:  74.71% | Loss: -0.0500
Placing Sensors
[Episode 417/400] Steps: 720 | Reward:   -6.38 | Battery:  59.84% | Loss: 
Placing Sensors
Policy -0.0092 | Value 0.0085 | KL 0.01393 | CF 0.1663 | Std 0.1109 | |a| 0.1008 | EV +0.896 | AE nan | Alpha 0.0100 | MB 24/24
  cert | viol 0.026 | dV -0.217312 | V 0.3028 | inball 0.412 | a*_q05 0.00382 | a*_q50 0.01903 | dV>=0 0.020 | n=150 | a_used 0.00078 -> 0.00085
  crit | n=1 | viol 0.487 | V 0.8543 | Vmin 0.4352 | agree +0.378 | a*_q05 -0.00603 | a*_q50 0.00096 | dV>=0 0.424 | beta 0.1000
  bell | direct viol 0.493 | direct dV>=0 0.485 | d_mean +0.00088 | d_std 0.05088 | d_q95 0.10659
[Episode 418/400] Steps: 720 | Reward:   -3.99 | Battery:  79.92% | Loss: -0.0604
Placing Sensors
[Episode 419/400] Steps: 122 | Reward:  -17.24 | Battery:   0.00% | Loss: 
Placing Sensors
[Episode 420/400] Steps: 720 | Reward:   -4.30 | Battery:  82.63% | Loss: 
Placing Sensors
Policy -0.0302 | Value 0.0245 | KL 0.01879 | CF 0.1743 | Std 0.1108 | |a| 0.0954 | EV +0.774 | AE nan | Alpha 0.0100 | MB 21/28
  cert | viol 0.000 | dV -0.178424 | V 0.2472 | inball 0.468 | a*_q05 0.00275 | a*_q50 0.02673 | dV>=0 0.000 | n=150 | a_used 0.00085 -> 0.00090
  crit | n=1 | viol 0.573 | V 0.8245 | Vmin 0.3408 | agree +0.611 | a*_q05 -0.00680 | a*_q50 -0.00001 | dV>=0 0.496 | beta 0.1000
  bell | direct viol 0.454 | direct dV>=0 0.442 | d_mean +0.00434 | d_std 0.06216 | d_q95 0.12154
[Episode 421/400] Steps: 720 | Reward:   -4.42 | Battery:  66.09% | Loss: -0.0865
Placing Sensors
[Episode 422/400] Steps:  97 | Reward:  -17.56 | Battery:   0.00% | Loss: 
Placing Sensors
[Episode 423/400] Steps: 720 | Reward:   -5.27 | Battery:  70.23% | Loss: 
Placing Sensors
[Episode 424/400] Steps: 100 | Reward:  -17.50 | Battery:   0.00% | Loss: 
Placing Sensors
[Episode 425/400] Steps:  62 | Reward:  -17.71 | Battery:   0.00% | Loss: 
Placing Sensors
[Episode 426/400] Steps: 131 | Reward:  -17.33 | Battery:   0.00% | Loss: 
Placing Sensors
[Episode 427/400] Steps: 143 | Reward:  -17.08 | Battery:   0.00% | Loss: 
Placing Sensors
Policy -0.0083 | Value 0.0406 | KL 0.02256 | CF 0.2393 | Std 0.1108 | |a| 0.1389 | EV +0.814 | AE nan | Alpha 0.0100 | MB 32/32
  cert | viol 0.000 | dV -0.210946 | V 0.2889 | inball 0.239 | a*_q05 0.00438 | a*_q50 0.02212 | dV>=0 0.000 | n=150 | a_used 0.00090 -> 0.00097
  crit | n=1 | viol 0.485 | V 1.1616 | Vmin 0.3531 | agree +0.733 | a*_q05 -0.00482 | a*_q50 0.00105 | dV>=0 0.392 | beta 0.1000
  bell | direct viol 0.479 | direct dV>=0 0.470 | d_mean +0.00082 | d_std 0.05665 | d_q95 0.11927
[Episode 428/400] Steps: 720 | Reward:   -6.13 | Battery:  56.51% | Loss: -0.0236
Placing Sensors
[Episode 429/400] Steps: 720 | Reward:   -6.28 | Battery:  67.87% | Loss: 
Placing Sensors
Policy -0.0091 | Value 0.0157 | KL 0.01811 | CF 0.1847 | Std 0.1108 | |a| 0.1398 | EV +0.885 | AE nan | Alpha 0.0100 | MB 24/24
  cert | viol 0.077 | dV -0.269983 | V 0.4194 | inball 0.396 | a*_q05 -0.00002 | a*_q50 0.02036 | dV>=0 0.057 | n=150 | a_used 0.00097 -> 0.00092
  crit | n=1 | viol 0.391 | V 0.9931 | Vmin 0.3298 | agree +0.462 | a*_q05 -0.00623 | a*_q50 0.00220 | dV>=0 0.308 | beta 0.1000
  bell | direct viol 0.493 | direct dV>=0 0.481 | d_mean +0.00056 | d_std 0.06120 | d_q95 0.12655
[Episode 430/400] Steps: 720 | Reward:   -6.05 | Battery:  71.36% | Loss: -0.0053
Placing Sensors
[Episode 431/400] Steps: 720 | Reward:   -4.17 | Battery:  67.39% | Loss: 
Placing Sensors
[Episode 432/400] Steps:  71 | Reward:  -17.60 | Battery:   0.00% | Loss: 
Placing Sensors
[Episode 433/400] Steps:  90 | Reward:  -17.66 | Battery:   0.00% | Loss: 
Placing Sensors
Policy 0.0013 | Value 0.0293 | KL 0.02613 | CF 0.2275 | Std 0.1108 | |a| 0.1467 | EV +0.896 | AE nan | Alpha 0.0100 | MB 14/28
  cert | viol 0.000 | dV -0.263621 | V 0.3060 | inball 0.410 | a*_q05 0.00620 | a*_q50 0.02574 | dV>=0 0.000 | n=150 | a_used 0.00092 -> 0.00103
  crit | n=1 | viol 0.488 | V 0.8583 | Vmin 0.2654 | agree +0.666 | a*_q05 -0.00606 | a*_q50 0.00088 | dV>=0 0.426 | beta 0.1000
  bell | direct viol 0.460 | direct dV>=0 0.453 | d_mean +0.00282 | d_std 0.05616 | d_q95 0.11862
[Episode 434/400] Steps: 720 | Reward:   -5.22 | Battery:  66.30% | Loss: 0.2258
Placing Sensors
[Episode 435/400] Steps: 720 | Reward:   -5.70 | Battery:  55.88% | Loss: 
Placing Sensors
[Episode 436/400] Steps:  76 | Reward:  -17.64 | Battery:   0.00% | Loss: 
Placing Sensors
Policy -0.0068 | Value 0.0203 | KL 0.02150 | CF 0.1905 | Std 0.1108 | |a| 0.1242 | EV +0.896 | AE nan | Alpha 0.0100 | MB 18/24
  cert | viol 0.006 | dV -0.211792 | V 0.2772 | inball 0.362 | a*_q05 0.00364 | a*_q50 0.02244 | dV>=0 0.000 | n=150 | a_used 0.00103 -> 0.00110
  crit | n=1 | viol 0.572 | V 0.9233 | Vmin 0.2560 | agree +0.595 | a*_q05 -0.00469 | a*_q50 0.00042 | dV>=0 0.455 | beta 0.1000
  bell | direct viol 0.462 | direct dV>=0 0.454 | d_mean +0.00224 | d_std 0.06315 | d_q95 0.12860
[Episode 437/400] Steps: 720 | Reward:   -4.85 | Battery:  66.25% | Loss: 0.0501
Placing Sensors
[Episode 438/400] Steps:  84 | Reward:  -17.63 | Battery:   0.00% | Loss: 
Placing Sensors
[Episode 439/400] Steps: 720 | Reward:   -5.84 | Battery:  63.08% | Loss: 
Placing Sensors
Policy -0.0158 | Value 0.0177 | KL 0.01815 | CF 0.1731 | Std 0.1108 | |a| 0.1230 | EV +0.914 | AE nan | Alpha 0.0100 | MB 24/24
  cert | viol 0.044 | dV -0.213114 | V 0.3312 | inball 0.347 | a*_q05 0.00156 | a*_q50 0.01679 | dV>=0 0.000 | n=150 | a_used 0.00110 -> 0.00110
  crit | n=1 | viol 0.406 | V 0.9214 | Vmin 0.2418 | agree +0.451 | a*_q05 -0.00511 | a*_q50 0.00233 | dV>=0 0.323 | beta 0.1000
  bell | direct viol 0.512 | direct dV>=0 0.502 | d_mean +0.00034 | d_std 0.06245 | d_q95 0.13242
[Episode 440/400] Steps: 720 | Reward:   -5.90 | Battery:  64.55% | Loss: 0.1197
Placing Sensors
[Episode 441/400] Steps:  75 | Reward:  -17.69 | Battery:   0.00% | Loss: 
Placing Sensors
[Episode 442/400] Steps:  73 | Reward:  -17.68 | Battery:   0.00% | Loss: 
Placing Sensors
[Episode 443/400] Steps: 720 | Reward:   -5.29 | Battery:  53.92% | Loss: 
Placing Sensors
Policy 0.0050 | Value 0.0146 | KL 0.01781 | CF 0.1739 | Std 0.1108 | |a| 0.1310 | EV +0.920 | AE nan | Alpha 0.0100 | MB 28/28
  cert | viol 0.000 | dV -0.208004 | V 0.2636 | inball 0.373 | a*_q05 0.00564 | a*_q50 0.02216 | dV>=0 0.000 | n=150 | a_used 0.00110 -> 0.00120
  crit | n=1 | viol 0.499 | V 0.9235 | Vmin 0.3168 | agree +0.622 | a*_q05 -0.00494 | a*_q50 0.00114 | dV>=0 0.364 | beta 0.1000
  bell | direct viol 0.495 | direct dV>=0 0.482 | d_mean +0.00035 | d_std 0.04814 | d_q95 0.09789
[Episode 444/400] Steps: 720 | Reward:   -5.09 | Battery:  76.38% | Loss: 0.1110
Placing Sensors
[Episode 445/400] Steps: 720 | Reward:   -6.37 | Battery:  56.44% | Loss: 
Placing Sensors
Policy -0.0033 | Value 0.0160 | KL 0.01649 | CF 0.1788 | Std 0.1109 | |a| 0.0922 | EV +0.873 | AE nan | Alpha 0.0100 | MB 24/24
  cert | viol 0.058 | dV -0.283713 | V 0.3783 | inball 0.363 | a*_q05 0.00089 | a*_q50 0.02605 | dV>=0 0.036 | n=150 | a_used 0.00120 -> 0.00114
  crit | n=1 | viol 0.536 | V 0.9382 | Vmin 0.2889 | agree +0.292 | a*_q05 -0.00639 | a*_q50 0.00052 | dV>=0 0.470 | beta 0.1000
  bell | direct viol 0.490 | direct dV>=0 0.483 | d_mean +0.00208 | d_std 0.05470 | d_q95 0.10910
[Episode 446/400] Steps: 720 | Reward:   -5.29 | Battery:  65.99% | Loss: 0.1359
Placing Sensors
[Episode 447/400] Steps: 720 | Reward:   -4.26 | Battery:  75.33% | Loss: 
Placing Sensors
Policy 0.0004 | Value 0.0144 | KL 0.02518 | CF 0.2166 | Std 0.1108 | |a| 0.1158 | EV +0.838 | AE nan | Alpha 0.0100 | MB 24/24
  cert | viol 0.093 | dV -0.198513 | V 0.3106 | inball 0.371 | a*_q05 -0.00044 | a*_q50 0.01745 | dV>=0 0.058 | n=150 | a_used 0.00114 -> 0.00108
  crit | n=1 | viol 0.379 | V 0.8442 | Vmin 0.3109 | agree +0.294 | a*_q05 -0.00727 | a*_q50 0.00362 | dV>=0 0.341 | beta 0.1000
  bell | direct viol 0.477 | direct dV>=0 0.466 | d_mean +0.00036 | d_std 0.05044 | d_q95 0.09930
[Episode 448/400] Steps: 720 | Reward:   -6.84 | Battery:  63.12% | Loss: 0.0532
Placing Sensors
[Episode 449/400] Steps: 161 | Reward:  -17.16 | Battery:   0.00% | Loss: 
Placing Sensors
[Episode 450/400] Steps:  83 | Reward:  -17.64 | Battery:   0.00% | Loss: 
Placing Sensors
[Episode 451/400] Steps: 720 | Reward:   -3.22 | Battery:  54.00% | Loss: 
Placing Sensors
Policy -0.0025 | Value 0.0467 | KL 0.02008 | CF 0.2024 | Std 0.1109 | |a| 0.1241 | EV +0.791 | AE nan | Alpha 0.0100 | MB 21/28
  cert | viol 0.000 | dV -0.216183 | V 0.2918 | inball 0.408 | a*_q05 0.00435 | a*_q50 0.02649 | dV>=0 0.000 | n=150 | a_used 0.00108 -> 0.00116
  crit | n=1 | viol 0.502 | V 0.8846 | Vmin 0.2684 | agree +0.713 | a*_q05 -0.00619 | a*_q50 0.00106 | dV>=0 0.402 | beta 0.1000
  bell | direct viol 0.488 | direct dV>=0 0.478 | d_mean +0.00159 | d_std 0.05971 | d_q95 0.12005
[Episode 452/400] Steps: 720 | Reward:   -5.21 | Battery:  86.25% | Loss: -0.0470
Placing Sensors
[Episode 453/400] Steps: 720 | Reward:   -4.87 | Battery:  56.86% | Loss: 
Placing Sensors
Policy 0.0081 | Value 0.0168 | KL 0.02347 | CF 0.2361 | Std 0.1109 | |a| 0.1521 | EV +0.883 | AE nan | Alpha 0.0100 | MB 18/24
  cert | viol 0.272 | dV -0.187254 | V 0.3597 | inball 0.241 | a*_q05 -0.01904 | a*_q50 0.00886 | dV>=0 0.253 | n=150 | a_used 0.00116 -> 0.00110
  crit | n=1 | viol 0.460 | V 0.8885 | Vmin 0.3162 | agree +0.468 | a*_q05 -0.00438 | a*_q50 0.00179 | dV>=0 0.361 | beta 0.1000
  bell | direct viol 0.494 | direct dV>=0 0.484 | d_mean -0.00120 | d_std 0.06538 | d_q95 0.14096
[Episode 454/400] Steps: 720 | Reward:   -8.93 | Battery:  32.89% | Loss: 0.0424
Placing Sensors
[Episode 455/400] Steps:  69 | Reward:  -17.73 | Battery:   0.00% | Loss: 
Placing Sensors
[Episode 456/400] Steps: 720 | Reward:   -4.63 | Battery:  77.22% | Loss: 
Placing Sensors
[Episode 457/400] Steps:  94 | Reward:  -17.52 | Battery:   0.00% | Loss: 
Placing Sensors
[Episode 458/400] Steps:  73 | Reward:  -17.69 | Battery:   0.00% | Loss: 
Placing Sensors
Policy -0.0011 | Value 0.0470 | KL 0.02294 | CF 0.1575 | Std 0.1109 | |a| 0.1362 | EV +0.807 | AE nan | Alpha 0.0100 | MB 14/28
  cert | viol 0.020 | dV -0.250366 | V 0.3192 | inball 0.432 | a*_q05 0.00374 | a*_q50 0.02722 | dV>=0 0.007 | n=150 | a_used 0.00110 -> 0.00119
  crit | n=1 | viol 0.431 | V 0.9281 | Vmin 0.3078 | agree +0.723 | a*_q05 -0.00754 | a*_q50 0.00164 | dV>=0 0.319 | beta 0.1000
  bell | direct viol 0.468 | direct dV>=0 0.456 | d_mean +0.00146 | d_std 0.06477 | d_q95 0.13026
[Episode 459/400] Steps: 720 | Reward:   -4.48 | Battery:  80.86% | Loss: 0.2117
Placing Sensors
[Episode 460/400] Steps: 720 | Reward:   -4.84 | Battery:  88.77% | Loss: 
Placing Sensors
Policy -0.0044 | Value 0.0152 | KL 0.02190 | CF 0.2049 | Std 0.1109 | |a| 0.1495 | EV +0.852 | AE nan | Alpha 0.0100 | MB 24/24
  cert | viol 0.039 | dV -0.210327 | V 0.2793 | inball 0.516 | a*_q05 0.00321 | a*_q50 0.02468 | dV>=0 0.030 | n=150 | a_used 0.00119 -> 0.00126
  crit | n=1 | viol 0.454 | V 0.6748 | Vmin 0.3122 | agree +0.626 | a*_q05 -0.00421 | a*_q50 0.00184 | dV>=0 0.334 | beta 0.1000
  bell | direct viol 0.477 | direct dV>=0 0.468 | d_mean +0.00223 | d_std 0.05831 | d_q95 0.11425
[Episode 461/400] Steps: 720 | Reward:   -3.98 | Battery:  79.26% | Loss: 0.1020
Placing Sensors
[Episode 462/400] Steps:  88 | Reward:  -17.59 | Battery:   0.00% | Loss: 
Placing Sensors
[Episode 463/400] Steps:  79 | Reward:  -17.68 | Battery:   0.00% | Loss: 
Placing Sensors
[Episode 464/400] Steps:  81 | Reward:  -17.60 | Battery:   0.00% | Loss: 
Placing Sensors
[Episode 465/400] Steps: 720 | Reward:   -4.84 | Battery:  62.47% | Loss: 
Placing Sensors
Policy 0.0075 | Value 0.0601 | KL 0.02816 | CF 0.2302 | Std 0.1109 | |a| 0.0981 | EV +0.751 | AE nan | Alpha 0.0100 | MB 14/28
  cert | viol 0.043 | dV -0.228971 | V 0.3007 | inball 0.408 | a*_q05 0.00312 | a*_q50 0.02595 | dV>=0 0.000 | n=150 | a_used 0.00126 -> 0.00137
  crit | n=1 | viol 0.517 | V 0.9402 | Vmin 0.3368 | agree +0.657 | a*_q05 -0.00669 | a*_q50 0.00101 | dV>=0 0.431 | beta 0.1000
  bell | direct viol 0.464 | direct dV>=0 0.454 | d_mean +0.00212 | d_std 0.06351 | d_q95 0.13124
[Episode 466/400] Steps: 720 | Reward:   -5.22 | Battery:  77.49% | Loss: -0.0362
Placing Sensors
[Episode 467/400] Steps: 720 | Reward:   -3.55 | Battery:  80.77% | Loss: 
Placing Sensors
Policy -0.0084 | Value 0.0123 | KL 0.01946 | CF 0.1756 | Std 0.1109 | |a| 0.0788 | EV +0.837 | AE nan | Alpha 0.0100 | MB 24/24
  cert | viol 0.000 | dV -0.201980 | V 0.2337 | inball 0.481 | a*_q05 0.00720 | a*_q50 0.02551 | dV>=0 0.000 | n=150 | a_used 0.00137 -> 0.00150
  crit | n=1 | viol 0.626 | V 0.6700 | Vmin 0.3314 | agree +0.736 | a*_q05 -0.00767 | a*_q50 0.00001 | dV>=0 0.504 | beta 0.1000
  bell | direct viol 0.472 | direct dV>=0 0.460 | d_mean +0.00349 | d_std 0.05358 | d_q95 0.11145
[Episode 468/400] Steps: 720 | Reward:   -4.39 | Battery:  87.28% | Loss: 0.0235
Placing Sensors
[Episode 469/400] Steps: 102 | Reward:  -17.54 | Battery:   0.00% | Loss: 
Placing Sensors
[Episode 470/400] Steps: 720 | Reward:   -4.28 | Battery:  56.38% | Loss: 
Placing Sensors
Policy 0.0940 | Value 0.0326 | KL 0.03334 | CF 0.2751 | Std 0.1109 | |a| 0.0990 | EV +0.868 | AE nan | Alpha 0.0100 | MB 14/28
  cert | viol 0.092 | dV -0.266947 | V 0.3085 | inball 0.430 | a*_q05 -0.01025 | a*_q50 0.03261 | dV>=0 0.076 | n=150 | a_used 0.00150 -> 0.00165
  crit | n=1 | viol 0.562 | V 0.8447 | Vmin 0.3204 | agree +0.521 | a*_q05 -0.00674 | a*_q50 -0.00016 | dV>=0 0.505 | beta 0.1000
  bell | direct viol 0.480 | direct dV>=0 0.467 | d_mean +0.00544 | d_std 0.06197 | d_q95 0.12114
[Episode 471/400] Steps: 720 | Reward:   -4.95 | Battery:  67.27% | Loss: 0.8545
Placing Sensors
[Episode 472/400] Steps: 720 | Reward:   -4.29 | Battery:  83.87% | Loss: 
Placing Sensors
Policy -0.0084 | Value 0.0123 | KL 0.02001 | CF 0.2015 | Std 0.1109 | |a| 0.0759 | EV +0.851 | AE nan | Alpha 0.0100 | MB 24/24
  cert | viol 0.000 | dV -0.231625 | V 0.2584 | inball 0.546 | a*_q05 0.00986 | a*_q50 0.03302 | dV>=0 0.000 | n=150 | a_used 0.00165 -> 0.00181
  crit | n=1 | viol 0.533 | V 0.6996 | Vmin 0.2913 | agree +0.368 | a*_q05 -0.00634 | a*_q50 0.00128 | dV>=0 0.409 | beta 0.1000
  bell | direct viol 0.478 | direct dV>=0 0.471 | d_mean +0.00088 | d_std 0.05614 | d_q95 0.10872
[Episode 473/400] Steps: 720 | Reward:   -3.85 | Battery:  57.59% | Loss: 0.0436
Placing Sensors
[Episode 474/400] Steps: 720 | Reward:   -4.75 | Battery:  77.74% | Loss: 
Placing Sensors
Policy -0.0063 | Value 0.0141 | KL 0.02149 | CF 0.1538 | Std 0.1109 | |a| 0.0720 | EV +0.872 | AE nan | Alpha 0.0100 | MB 12/24
  cert | viol 0.022 | dV -0.272189 | V 0.3119 | inball 0.579 | a*_q05 0.00477 | a*_q50 0.03843 | dV>=0 0.000 | n=150 | a_used 0.00181 -> 0.00186
  crit | n=1 | viol 0.539 | V 0.6090 | Vmin 0.2854 | agree +0.373 | a*_q05 -0.00785 | a*_q50 0.00067 | dV>=0 0.477 | beta 0.1000
  bell | direct viol 0.463 | direct dV>=0 0.447 | d_mean +0.00091 | d_std 0.06318 | d_q95 0.12327
[Episode 475/400] Steps: 720 | Reward:   -3.24 | Battery:  60.59% | Loss: -0.0045
Placing Sensors
[Episode 476/400] Steps:  84 | Reward:  -17.57 | Battery:   0.00% | Loss: 
Placing Sensors
[Episode 477/400] Steps: 720 | Reward:   -4.24 | Battery:  79.98% | Loss: 
Placing Sensors
Policy 0.0065 | Value 0.0329 | KL 0.02178 | CF 0.1425 | Std 0.1109 | |a| 0.0719 | EV +0.838 | AE nan | Alpha 0.0100 | MB 12/24
  cert | viol 0.091 | dV -0.235162 | V 0.3249 | inball 0.375 | a*_q05 -0.00263 | a*_q50 0.02195 | dV>=0 0.057 | n=150 | a_used 0.00186 -> 0.00180
  crit | n=1 | viol 0.346 | V 0.6993 | Vmin 0.2826 | agree +0.653 | a*_q05 -0.00550 | a*_q50 0.00424 | dV>=0 0.250 | beta 0.1000
  bell | direct viol 0.475 | direct dV>=0 0.465 | d_mean -0.00164 | d_std 0.06716 | d_q95 0.13024
[Episode 478/400] Steps: 720 | Reward:   -6.32 | Battery:  64.82% | Loss: 0.0048
Placing Sensors
[Episode 479/400] Steps:  79 | Reward:  -17.66 | Battery:   0.00% | Loss: 
Placing Sensors
[Episode 480/400] Steps: 720 | Reward:   -5.21 | Battery:  65.10% | Loss: 
Placing Sensors
Policy 0.0043 | Value 0.0263 | KL 0.01989 | CF 0.1671 | Std 0.1109 | |a| 0.0972 | EV +0.878 | AE nan | Alpha 0.0100 | MB 12/24
  cert | viol 0.062 | dV -0.262039 | V 0.3591 | inball 0.406 | a*_q05 0.00141 | a*_q50 0.02755 | dV>=0 0.030 | n=150 | a_used 0.00180 -> 0.00182
  crit | n=1 | viol 0.500 | V 0.8429 | Vmin 0.2551 | agree +0.543 | a*_q05 -0.00566 | a*_q50 0.00177 | dV>=0 0.354 | beta 0.1000
  bell | direct viol 0.485 | direct dV>=0 0.470 | d_mean +0.00087 | d_std 0.06431 | d_q95 0.13992
[Episode 481/400] Steps: 720 | Reward:   -5.85 | Battery:  54.87% | Loss: 0.0385
Placing Sensors
[Episode 482/400] Steps: 720 | Reward:   -5.16 | Battery:  70.20% | Loss: 
Placing Sensors
[Episode 483/400] Steps:  74 | Reward:  -17.65 | Battery:   0.00% | Loss: 
Placing Sensors
Policy -0.0122 | Value 0.0157 | KL 0.01873 | CF 0.1702 | Std 0.1109 | |a| 0.0572 | EV +0.918 | AE nan | Alpha 0.0100 | MB 24/24
  cert | viol 0.035 | dV -0.265467 | V 0.3434 | inball 0.476 | a*_q05 0.00303 | a*_q50 0.02967 | dV>=0 0.000 | n=150 | a_used 0.00182 -> 0.00189
  crit | n=1 | viol 0.381 | V 0.7205 | Vmin 0.2049 | agree +0.607 | a*_q05 -0.00683 | a*_q50 0.00330 | dV>=0 0.263 | beta 0.1000
  bell | direct viol 0.483 | direct dV>=0 0.468 | d_mean +0.00028 | d_std 0.05948 | d_q95 0.12428
[Episode 484/400] Steps: 720 | Reward:   -3.88 | Battery:  79.19% | Loss: 0.0311
Placing Sensors
[Episode 485/400] Steps: 720 | Reward:   -4.05 | Battery:  79.19% | Loss: 
Placing Sensors
Policy -0.0146 | Value 0.0127 | KL 0.01860 | CF 0.1757 | Std 0.1109 | |a| 0.0467 | EV +0.887 | AE nan | Alpha 0.0100 | MB 24/24
  cert | viol 0.081 | dV -0.245542 | V 0.3248 | inball 0.511 | a*_q05 0.00131 | a*_q50 0.02815 | dV>=0 0.028 | n=150 | a_used 0.00189 -> 0.00188
  crit | n=1 | viol 0.473 | V 0.6611 | Vmin 0.2048 | agree +0.551 | a*_q05 -0.00698 | a*_q50 0.00232 | dV>=0 0.359 | beta 0.1000
  bell | direct viol 0.481 | direct dV>=0 0.476 | d_mean -0.00047 | d_std 0.06722 | d_q95 0.13415
[Episode 486/400] Steps: 720 | Reward:   -5.44 | Battery:  67.15% | Loss: -0.0912
Placing Sensors
[Episode 487/400] Steps: 720 | Reward:   -3.32 | Battery:  82.69% | Loss: 
Placing Sensors
Policy 0.0052 | Value 0.0098 | KL 0.02160 | CF 0.1859 | Std 0.1109 | |a| 0.0581 | EV +0.934 | AE nan | Alpha 0.0100 | MB 12/24
  cert | viol 0.009 | dV -0.302550 | V 0.3580 | inball 0.587 | a*_q05 0.00439 | a*_q50 0.03498 | dV>=0 0.000 | n=150 | a_used 0.00188 -> 0.00194
  crit | n=1 | viol 0.374 | V 0.5927 | Vmin 0.1293 | agree +0.643 | a*_q05 -0.00575 | a*_q50 0.00364 | dV>=0 0.297 | beta 0.1000
  bell | direct viol 0.475 | direct dV>=0 0.468 | d_mean +0.00214 | d_std 0.05612 | d_q95 0.11472
[Episode 488/400] Steps: 720 | Reward:   -4.83 | Battery:  76.17% | Loss: 0.0821
Placing Sensors
[Episode 489/400] Steps:  97 | Reward:  -17.51 | Battery:   0.00% | Loss: 
Placing Sensors
[Episode 490/400] Steps: 720 | Reward:   -4.61 | Battery:  80.31% | Loss: 
Placing Sensors
Policy -0.0132 | Value 0.0186 | KL 0.02309 | CF 0.1820 | Std 0.1109 | |a| 0.0591 | EV +0.912 | AE nan | Alpha 0.0100 | MB 24/28
  cert | viol 0.000 | dV -0.287454 | V 0.3136 | inball 0.511 | a*_q05 0.00874 | a*_q50 0.03410 | dV>=0 0.000 | n=150 | a_used 0.00194 -> 0.00207
  crit | n=1 | viol 0.425 | V 0.6899 | Vmin 0.1453 | agree +0.546 | a*_q05 -0.00728 | a*_q50 0.00326 | dV>=0 0.309 | beta 0.1000
  bell | direct viol 0.473 | direct dV>=0 0.458 | d_mean +0.00046 | d_std 0.06195 | d_q95 0.12225
[Episode 491/400] Steps: 720 | Reward:   -3.64 | Battery:  62.01% | Loss: 0.0962
Placing Sensors
[Episode 492/400] Steps:  83 | Reward:  -17.59 | Battery:   0.00% | Loss: 
Placing Sensors
[Episode 493/400] Steps: 720 | Reward:   -3.54 | Battery:  71.38% | Loss: 
Placing Sensors
Policy 0.0101 | Value 0.0262 | KL 0.04087 | CF 0.2707 | Std 0.1109 | |a| 0.0484 | EV +0.881 | AE nan | Alpha 0.0100 | MB 12/24
  cert | viol 0.004 | dV -0.266415 | V 0.2997 | inball 0.552 | a*_q05 0.00714 | a*_q50 0.03741 | dV>=0 0.000 | n=150 | a_used 0.00207 -> 0.00222
  crit | n=1 | viol 0.487 | V 0.6667 | Vmin 0.2148 | agree +0.588 | a*_q05 -0.00707 | a*_q50 0.00218 | dV>=0 0.351 | beta 0.1000
  bell | direct viol 0.491 | direct dV>=0 0.485 | d_mean +0.00041 | d_std 0.06936 | d_q95 0.13966
[Episode 494/400] Steps: 720 | Reward:   -4.20 | Battery:  77.79% | Loss: -0.0076
Placing Sensors
[Episode 495/400] Steps: 101 | Reward:  -17.39 | Battery:   0.00% | Loss: 
Placing Sensors
[Episode 496/400] Steps: 720 | Reward:   -3.40 | Battery:  76.13% | Loss: 
Placing Sensors
Policy -0.0375 | Value 0.0134 | KL 0.01610 | CF 0.1762 | Std 0.1109 | |a| 0.0594 | EV +0.899 | AE nan | Alpha 0.0100 | MB 28/28
  cert | viol 0.042 | dV -0.230669 | V 0.3137 | inball 0.493 | a*_q05 0.00421 | a*_q50 0.02504 | dV>=0 0.000 | n=150 | a_used 0.00222 -> 0.00228
  crit | n=1 | viol 0.380 | V 0.6281 | Vmin 0.2094 | agree +0.689 | a*_q05 -0.00545 | a*_q50 0.00505 | dV>=0 0.196 | beta 0.1000
  bell | direct viol 0.555 | direct dV>=0 0.543 | d_mean -0.00317 | d_std 0.04904 | d_q95 0.10188
[Episode 497/400] Steps: 720 | Reward:   -4.83 | Battery:  87.73% | Loss: 0.3616
Placing Sensors
[Episode 498/400] Steps:  85 | Reward:  -17.57 | Battery:   0.00% | Loss: 
Placing Sensors
[Episode 499/400] Steps: 720 | Reward:   -4.88 | Battery:  70.44% | Loss: 
Placing Sensors
Policy -0.0081 | Value 0.0284 | KL 0.01866 | CF 0.1741 | Std 0.1109 | |a| 0.0762 | EV +0.830 | AE nan | Alpha 0.0100 | MB 24/24
  cert | viol 0.029 | dV -0.257649 | V 0.3060 | inball 0.422 | a*_q05 0.00399 | a*_q50 0.03044 | dV>=0 0.009 | n=150 | a_used 0.00228 -> 0.00234
  crit | n=1 | viol 0.600 | V 0.7696 | Vmin 0.2290 | agree +0.567 | a*_q05 -0.00594 | a*_q50 0.00099 | dV>=0 0.433 | beta 0.1000
  bell | direct viol 0.488 | direct dV>=0 0.475 | d_mean +0.00303 | d_std 0.06467 | d_q95 0.13367
[Episode 500/400] Steps: 720 | Reward:   -4.27 | Battery:  63.19% | Loss: 0.0017
Placing Sensors
[Episode 501/400] Steps: 134 | Reward:  -17.26 | Battery:   0.00% | Loss: 
Placing Sensors
[Episode 502/400] Steps: 720 | Reward:   -6.59 | Battery:  58.33% | Loss: 
Placing Sensors
Policy -0.0155 | Value 0.0368 | KL 0.01853 | CF 0.1854 | Std 0.1109 | |a| 0.0758 | EV +0.734 | AE nan | Alpha 0.0100 | MB 28/28
  cert | viol 0.159 | dV -0.227298 | V 0.3378 | inball 0.294 | a*_q05 -0.00227 | a*_q50 0.02061 | dV>=0 0.062 | n=150 | a_used 0.00234 -> 0.00222
  crit | n=1 | viol 0.478 | V 0.9385 | Vmin 0.2905 | agree +0.307 | a*_q05 -0.00681 | a*_q50 0.00273 | dV>=0 0.372 | beta 0.1000
  bell | direct viol 0.511 | direct dV>=0 0.492 | d_mean -0.00040 | d_std 0.05667 | d_q95 0.11019
[Episode 503/400] Steps: 720 | Reward:   -5.43 | Battery:  73.50% | Loss: -0.0922
Placing Sensors
[Episode 504/400] Steps: 720 | Reward:   -5.44 | Battery:  74.08% | Loss: 
Placing Sensors
Policy -0.0145 | Value 0.0143 | KL 0.01057 | CF 0.1054 | Std 0.1109 | |a| 0.0630 | EV +0.857 | AE nan | Alpha 0.0100 | MB 24/24
  cert | viol 0.100 | dV -0.280818 | V 0.3894 | inball 0.433 | a*_q05 0.00030 | a*_q50 0.02569 | dV>=0 0.053 | n=150 | a_used 0.00222 -> 0.00200
  crit | n=1 | viol 0.449 | V 0.7771 | Vmin 0.2574 | agree +0.416 | a*_q05 -0.00661 | a*_q50 0.00332 | dV>=0 0.344 | beta 0.1000
  bell | direct viol 0.514 | direct dV>=0 0.495 | d_mean -0.00038 | d_std 0.05928 | d_q95 0.12109
[Episode 505/400] Steps: 720 | Reward:   -5.97 | Battery:  58.07% | Loss: 0.0978
Placing Sensors
[Episode 506/400] Steps: 720 | Reward:   -3.58 | Battery:  61.94% | Loss: 
Placing Sensors
Policy -0.0070 | Value 0.0090 | KL 0.01324 | CF 0.1446 | Std 0.1109 | |a| 0.0838 | EV +0.863 | AE nan | Alpha 0.0100 | MB 24/24
  cert | viol 0.000 | dV -0.206716 | V 0.2518 | inball 0.457 | a*_q05 0.00723 | a*_q50 0.02704 | dV>=0 0.000 | n=150 | a_used 0.00200 -> 0.00214
  crit | n=1 | viol 0.499 | V 0.6897 | Vmin 0.2744 | agree +0.343 | a*_q05 -0.00700 | a*_q50 0.00198 | dV>=0 0.373 | beta 0.1000
  bell | direct viol 0.496 | direct dV>=0 0.484 | d_mean +0.00117 | d_std 0.04837 | d_q95 0.09914
[Episode 507/400] Steps: 720 | Reward:   -5.16 | Battery:  61.98% | Loss: 0.0209
Placing Sensors
[Episode 508/400] Steps: 720 | Reward:   -6.16 | Battery:  71.58% | Loss: 
Placing Sensors
Policy -0.0181 | Value 0.0110 | KL 0.01648 | CF 0.1517 | Std 0.1109 | |a| 0.0993 | EV +0.875 | AE nan | Alpha 0.0100 | MB 24/24
  cert | viol 0.072 | dV -0.284126 | V 0.3858 | inball 0.465 | a*_q05 0.00094 | a*_q50 0.03255 | dV>=0 0.043 | n=150 | a_used 0.00214 -> 0.00217
  crit | n=1 | viol 0.625 | V 0.7321 | Vmin 0.2629 | agree +0.497 | a*_q05 -0.00767 | a*_q50 -0.00058 | dV>=0 0.546 | beta 0.1000
  bell | direct viol 0.487 | direct dV>=0 0.473 | d_mean +0.00115 | d_std 0.05481 | d_q95 0.11202
[Episode 509/400] Steps: 720 | Reward:   -3.90 | Battery:  55.42% | Loss: -0.1462
Placing Sensors
[Episode 510/400] Steps: 720 | Reward:   -5.61 | Battery:  71.24% | Loss: 
Placing Sensors
Policy -0.0167 | Value 0.0126 | KL 0.01269 | CF 0.1441 | Std 0.1109 | |a| 0.0974 | EV +0.866 | AE nan | Alpha 0.0100 | MB 24/24
  cert | viol 0.053 | dV -0.290630 | V 0.3774 | inball 0.454 | a*_q05 0.00238 | a*_q50 0.02630 | dV>=0 0.029 | n=150 | a_used 0.00217 -> 0.00210
  crit | n=1 | viol 0.423 | V 0.7290 | Vmin 0.3070 | agree +0.445 | a*_q05 -0.00506 | a*_q50 0.00332 | dV>=0 0.325 | beta 0.1000
  bell | direct viol 0.501 | direct dV>=0 0.481 | d_mean -0.00205 | d_std 0.04824 | d_q95 0.10202
[Episode 511/400] Steps: 720 | Reward:   -5.02 | Battery:  73.24% | Loss: -0.0656
Placing Sensors
[Episode 512/400] Steps: 101 | Reward:  -17.52 | Battery:   0.00% | Loss: 
Placing Sensors
[Episode 513/400] Steps: 720 | Reward:   -5.77 | Battery:  75.78% | Loss: 
Placing Sensors
[Episode 514/400] Steps: 112 | Reward:  -17.50 | Battery:   0.00% | Loss: 
Placing Sensors
Policy 0.0050 | Value 0.0449 | KL 0.01900 | CF 0.1869 | Std 0.1109 | |a| 0.0879 | EV +0.809 | AE nan | Alpha 0.0100 | MB 14/28
  cert | viol 0.091 | dV -0.251294 | V 0.3942 | inball 0.342 | a*_q05 0.00108 | a*_q50 0.02262 | dV>=0 0.026 | n=150 | a_used 0.00210 -> 0.00200
  crit | n=1 | viol 0.239 | V 0.8485 | Vmin 0.2760 | agree +0.621 | a*_q05 -0.00482 | a*_q50 0.00560 | dV>=0 0.146 | beta 0.1000
  bell | direct viol 0.500 | direct dV>=0 0.481 | d_mean -0.00304 | d_std 0.05234 | d_q95 0.10503
[Episode 515/400] Steps: 720 | Reward:   -6.27 | Battery:  75.86% | Loss: 0.0830
Placing Sensors
[Episode 516/400] Steps: 720 | Reward:   -3.06 | Battery:  87.76% | Loss: 
Placing Sensors
Policy -0.0064 | Value 0.0127 | KL 0.01182 | CF 0.1286 | Std 0.1109 | |a| 0.0659 | EV +0.860 | AE nan | Alpha 0.0100 | MB 24/24
  cert | viol 0.000 | dV -0.258977 | V 0.2826 | inball 0.561 | a*_q05 0.00992 | a*_q50 0.03578 | dV>=0 0.000 | n=150 | a_used 0.00200 -> 0.00216
  crit | n=1 | viol 0.608 | V 0.5973 | Vmin 0.1710 | agree +0.466 | a*_q05 -0.00727 | a*_q50 0.00027 | dV>=0 0.478 | beta 0.1000
  bell | direct viol 0.480 | direct dV>=0 0.469 | d_mean +0.00240 | d_std 0.06728 | d_q95 0.12935
[Episode 517/400] Steps: 720 | Reward:   -4.39 | Battery:  70.52% | Loss: -0.0024
Placing Sensors
[Episode 518/400] Steps: 720 | Reward:   -5.57 | Battery:  79.50% | Loss: 
Placing Sensors
Policy -0.0078 | Value 0.0107 | KL 0.01148 | CF 0.1451 | Std 0.1109 | |a| 0.0943 | EV +0.881 | AE nan | Alpha 0.0100 | MB 24/24
  cert | viol 0.058 | dV -0.262931 | V 0.3738 | inball 0.454 | a*_q05 0.00168 | a*_q50 0.02613 | dV>=0 0.034 | n=150 | a_used 0.00216 -> 0.00219
  crit | n=1 | viol 0.310 | V 0.6491 | Vmin 0.2157 | agree +0.369 | a*_q05 -0.00656 | a*_q50 0.00824 | dV>=0 0.261 | beta 0.1000
  bell | direct viol 0.469 | direct dV>=0 0.458 | d_mean -0.00125 | d_std 0.04895 | d_q95 0.09237
[Episode 519/400] Steps: 720 | Reward:   -4.80 | Battery:  60.64% | Loss: -0.0323
Placing Sensors
[Episode 520/400] Steps: 720 | Reward:   -5.08 | Battery:  74.03% | Loss: 
Placing Sensors
Policy -0.0189 | Value 0.0086 | KL 0.01353 | CF 0.1163 | Std 0.1109 | |a| 0.0642 | EV +0.917 | AE nan | Alpha 0.0100 | MB 24/24
  cert | viol 0.028 | dV -0.232032 | V 0.2973 | inball 0.462 | a*_q05 0.00326 | a*_q50 0.02672 | dV>=0 0.000 | n=150 | a_used 0.00219 -> 0.00225
  crit | n=1 | viol 0.407 | V 0.6894 | Vmin 0.1843 | agree +0.446 | a*_q05 -0.00610 | a*_q50 0.00341 | dV>=0 0.303 | beta 0.1000
  bell | direct viol 0.476 | direct dV>=0 0.458 | d_mean -0.00002 | d_std 0.04778 | d_q95 0.09754
[Episode 521/400] Steps: 720 | Reward:   -4.56 | Battery:  55.71% | Loss: 0.1128
Placing Sensors
[Episode 522/400] Steps: 720 | Reward:   -6.61 | Battery:  70.66% | Loss: 
Placing Sensors
Policy -0.0078 | Value 0.0116 | KL 0.01778 | CF 0.1404 | Std 0.1109 | |a| 0.0877 | EV +0.911 | AE nan | Alpha 0.0100 | MB 18/24
  cert | viol 0.086 | dV -0.271436 | V 0.3939 | inball 0.407 | a*_q05 0.00057 | a*_q50 0.02618 | dV>=0 0.046 | n=150 | a_used 0.00225 -> 0.00215
  crit | n=1 | viol 0.448 | V 0.7361 | Vmin 0.2936 | agree +0.432 | a*_q05 -0.00647 | a*_q50 0.00319 | dV>=0 0.356 | beta 0.1000
  bell | direct viol 0.472 | direct dV>=0 0.454 | d_mean -0.00128 | d_std 0.04697 | d_q95 0.09230
[Episode 523/400] Steps: 720 | Reward:   -5.08 | Battery:  58.84% | Loss: -0.0157
Placing Sensors
[Episode 524/400] Steps: 108 | Reward:  -17.48 | Battery:   0.00% | Loss: 
Placing Sensors
[Episode 525/400] Steps: 720 | Reward:   -6.20 | Battery:  65.60% | Loss: 
Placing Sensors
Policy -0.0227 | Value 0.0255 | KL 0.03004 | CF 0.2291 | Std 0.1109 | |a| 0.0994 | EV +0.828 | AE nan | Alpha 0.0100 | MB 21/28
  cert | viol 0.223 | dV -0.164492 | V 0.2715 | inball 0.204 | a*_q05 -0.00503 | a*_q50 0.01271 | dV>=0 0.081 | n=150 | a_used 0.00215 -> 0.00232
  crit | n=1 | viol 0.473 | V 0.8386 | Vmin 0.3727 | agree +0.480 | a*_q05 -0.00483 | a*_q50 0.00255 | dV>=0 0.341 | beta 0.1000
  bell | direct viol 0.499 | direct dV>=0 0.476 | d_mean +0.00108 | d_std 0.05491 | d_q95 0.11009
[Episode 526/400] Steps: 720 | Reward:   -5.99 | Battery:  66.42% | Loss: -0.5823
Placing Sensors
[Episode 527/400] Steps: 720 | Reward:   -4.96 | Battery:  65.42% | Loss: 
Placing Sensors
[Episode 528/400] Steps: 100 | Reward:  -17.32 | Battery:   0.00% | Loss: 
Placing Sensors
Policy 0.0462 | Value 0.0170 | KL 0.02088 | CF 0.2160 | Std 0.1109 | |a| 0.0699 | EV +0.867 | AE nan | Alpha 0.0100 | MB 28/28
  cert | viol 0.000 | dV -0.214919 | V 0.2433 | inball 0.516 | a*_q05 0.00992 | a*_q50 0.03218 | dV>=0 0.000 | n=150 | a_used 0.00232 -> 0.00250
  crit | n=1 | viol 0.653 | V 0.7429 | Vmin 0.3840 | agree +0.653 | a*_q05 -0.00588 | a*_q50 0.00005 | dV>=0 0.505 | beta 0.1000
  bell | direct viol 0.522 | direct dV>=0 0.506 | d_mean +0.00003 | d_std 0.04761 | d_q95 0.09898
[Episode 529/400] Steps: 720 | Reward:   -3.77 | Battery:  75.72% | Loss: 1.0884
Placing Sensors
[Episode 530/400] Steps: 720 | Reward:   -4.51 | Battery:  77.53% | Loss: 
Placing Sensors
Policy -0.0147 | Value 0.0087 | KL 0.01435 | CF 0.1287 | Std 0.1109 | |a| 0.0885 | EV +0.927 | AE nan | Alpha 0.0100 | MB 24/24
  cert | viol 0.050 | dV -0.284606 | V 0.3364 | inball 0.538 | a*_q05 0.00262 | a*_q50 0.02892 | dV>=0 0.021 | n=150 | a_used 0.00250 -> 0.00244
  crit | n=1 | viol 0.501 | V 0.7297 | Vmin 0.3180 | agree +0.369 | a*_q05 -0.00663 | a*_q50 0.00248 | dV>=0 0.352 | beta 0.1000
  bell | direct viol 0.493 | direct dV>=0 0.466 | d_mean -0.00002 | d_std 0.05596 | d_q95 0.10751
[Episode 531/400] Steps: 720 | Reward:   -4.61 | Battery:  69.72% | Loss: -0.0344
Placing Sensors
[Episode 532/400] Steps:  88 | Reward:  -17.51 | Battery:   0.00% | Loss: 
Placing Sensors
[Episode 533/400] Steps:  85 | Reward:  -17.64 | Battery:   0.00% | Loss: 
Placing Sensors
[Episode 534/400] Steps:  83 | Reward:  -17.63 | Battery:   0.00% | Loss: 
Placing Sensors
[Episode 535/400] Steps:  74 | Reward:  -17.70 | Battery:   0.00% | Loss: 
Placing Sensors
[Episode 536/400] Steps: 720 | Reward:   -5.16 | Battery:  77.03% | Loss: 
Placing Sensors
[Episode 537/400] Steps: 132 | Reward:  -17.29 | Battery:   0.00% | Loss: 
Placing Sensors
Policy 0.0036 | Value 0.0487 | KL 0.01914 | CF 0.1560 | Std 0.1109 | |a| 0.0956 | EV +0.877 | AE nan | Alpha 0.0100 | MB 16/32
  cert | viol 0.039 | dV -0.303930 | V 0.3862 | inball 0.361 | a*_q05 0.00329 | a*_q50 0.02538 | dV>=0 0.000 | n=150 | a_used 0.00244 -> 0.00256
  crit | n=1 | viol 0.499 | V 1.0000 | Vmin 0.2932 | agree +0.677 | a*_q05 -0.00667 | a*_q50 0.00260 | dV>=0 0.283 | beta 0.1000
  bell | direct viol 0.496 | direct dV>=0 0.478 | d_mean -0.00107 | d_std 0.08781 | d_q95 0.18235
[Episode 538/400] Steps: 720 | Reward:   -5.20 | Battery:  72.39% | Loss: -0.0083
Placing Sensors
[Episode 539/400] Steps: 102 | Reward:  -17.43 | Battery:   0.00% | Loss: 
Placing Sensors
[Episode 540/400] Steps: 720 | Reward:   -5.79 | Battery:  58.03% | Loss: 
Placing Sensors
Policy -0.0166 | Value 0.0238 | KL 0.02232 | CF 0.2083 | Std 0.1109 | |a| 0.0975 | EV +0.870 | AE nan | Alpha 0.0100 | MB 21/28
  cert | viol 0.089 | dV -0.233295 | V 0.3139 | inball 0.379 | a*_q05 0.00447 | a*_q50 0.02967 | dV>=0 0.045 | n=150 | a_used 0.00256 -> 0.00274
  crit | n=1 | viol 0.527 | V 0.8461 | Vmin 0.3136 | agree +0.455 | a*_q05 -0.00562 | a*_q50 0.00190 | dV>=0 0.400 | beta 0.1000
  bell | direct viol 0.504 | direct dV>=0 0.487 | d_mean -0.00021 | d_std 0.07597 | d_q95 0.13961
[Episode 541/400] Steps: 720 | Reward:   -4.09 | Battery:  69.91% | Loss: 0.6461
Placing Sensors
[Episode 542/400] Steps: 720 | Reward:   -4.88 | Battery:  61.82% | Loss: 
Placing Sensors
Policy -0.0053 | Value 0.0197 | KL 0.01757 | CF 0.1646 | Std 0.1109 | |a| 0.1288 | EV +0.800 | AE nan | Alpha 0.0100 | MB 24/24
  cert | viol 0.077 | dV -0.237181 | V 0.2856 | inball 0.379 | a*_q05 -0.01189 | a*_q50 0.02961 | dV>=0 0.064 | n=150 | a_used 0.00274 -> 0.00260
  crit | n=1 | viol 0.846 | V 0.8846 | Vmin 0.2798 | agree +0.477 | a*_q05 -0.00741 | a*_q50 -0.00149 | dV>=0 0.642 | beta 0.1000
  bell | direct viol 0.492 | direct dV>=0 0.459 | d_mean +0.00483 | d_std 0.05788 | d_q95 0.11489
[Episode 543/400] Steps: 720 | Reward:   -5.19 | Battery:  51.30% | Loss: 0.0490
Placing Sensors
[Episode 544/400] Steps: 720 | Reward:   -5.55 | Battery:  61.72% | Loss: 
Placing Sensors
Policy -0.0127 | Value 0.0107 | KL 0.02181 | CF 0.1283 | Std 0.1109 | |a| 0.0934 | EV +0.917 | AE nan | Alpha 0.0100 | MB 18/24
  cert | viol 0.136 | dV -0.189102 | V 0.2809 | inball 0.330 | a*_q05 -0.00119 | a*_q50 0.02134 | dV>=0 0.037 | n=150 | a_used 0.00260 -> 0.00247
  crit | n=1 | viol 0.586 | V 0.8353 | Vmin 0.3275 | agree +0.294 | a*_q05 -0.00580 | a*_q50 0.00139 | dV>=0 0.402 | beta 0.1000
  bell | direct viol 0.512 | direct dV>=0 0.486 | d_mean -0.00028 | d_std 0.05496 | d_q95 0.11548
[Episode 545/400] Steps: 720 | Reward:   -5.35 | Battery:  53.17% | Loss: -0.0086
Placing Sensors
[Episode 546/400] Steps:  74 | Reward:  -17.60 | Battery:   0.00% | Loss: 
Placing Sensors
[Episode 547/400] Steps: 103 | Reward:  -17.40 | Battery:   0.00% | Loss: 
Placing Sensors
[Episode 548/400] Steps: 720 | Reward:   -4.02 | Battery:  69.58% | Loss: 
Placing Sensors
Policy 0.0141 | Value 0.0499 | KL 0.04187 | CF 0.2718 | Std 0.1109 | |a| 0.1196 | EV +0.718 | AE nan | Alpha 0.0100 | MB 14/28
  cert | viol 0.008 | dV -0.197599 | V 0.2321 | inball 0.351 | a*_q05 0.00489 | a*_q50 0.02462 | dV>=0 0.008 | n=150 | a_used 0.00247 -> 0.00260
  crit | n=1 | viol 0.635 | V 0.8664 | Vmin 0.3372 | agree +0.543 | a*_q05 -0.00761 | a*_q50 0.00041 | dV>=0 0.473 | beta 0.1000
  bell | direct viol 0.494 | direct dV>=0 0.472 | d_mean +0.00058 | d_std 0.06563 | d_q95 0.13343
[Episode 549/400] Steps: 720 | Reward:   -4.81 | Battery:  52.60% | Loss: 0.2712
Placing Sensors
[Episode 550/400] Steps: 132 | Reward:  -17.25 | Battery:   0.00% | Loss: 
Placing Sensors
[Episode 551/400] Steps:  82 | Reward:  -17.68 | Battery:   0.00% | Loss: 
Placing Sensors
[Episode 552/400] Steps: 720 | Reward:   -6.34 | Battery:  83.10% | Loss: 
Placing Sensors
Policy 0.0215 | Value 0.0491 | KL 0.03710 | CF 0.2955 | Std 0.1109 | |a| 0.1300 | EV +0.793 | AE nan | Alpha 0.0100 | MB 7/28
  cert | viol 0.262 | dV -0.181054 | V 0.3593 | inball 0.313 | a*_q05 -0.00169 | a*_q50 0.01496 | dV>=0 0.219 | n=150 | a_used 0.00260 -> 0.00247
  crit | n=1 | viol 0.440 | V 0.8938 | Vmin 0.2921 | agree +0.546 | a*_q05 -0.00378 | a*_q50 0.00333 | dV>=0 0.251 | beta 0.1000
  bell | direct viol 0.492 | direct dV>=0 0.469 | d_mean -0.00177 | d_std 0.06137 | d_q95 0.13062
[Episode 553/400] Steps: 720 | Reward:   -6.02 | Battery:  70.86% | Loss: 0.1193
Placing Sensors
[Episode 554/400] Steps: 720 | Reward:   -7.74 | Battery:  48.80% | Loss: 
Placing Sensors
[Episode 555/400] Steps:  77 | Reward:  -17.68 | Battery:   0.00% | Loss: 
Placing Sensors
[Episode 556/400] Steps:  93 | Reward:  -17.45 | Battery:   0.00% | Loss: 
Placing Sensors
Policy 0.0076 | Value 0.0380 | KL 0.02204 | CF 0.1476 | Std 0.1109 | |a| 0.1222 | EV +0.870 | AE nan | Alpha 0.0100 | MB 14/28
  cert | viol 0.242 | dV -0.167532 | V 0.2867 | inball 0.233 | a*_q05 -0.01129 | a*_q50 0.00776 | dV>=0 0.187 | n=150 | a_used 0.00247 -> 0.00234
  crit | n=1 | viol 0.629 | V 0.9450 | Vmin 0.2313 | agree +0.612 | a*_q05 -0.00536 | a*_q50 0.00045 | dV>=0 0.465 | beta 0.1000
  bell | direct viol 0.526 | direct dV>=0 0.502 | d_mean +0.00029 | d_std 0.07178 | d_q95 0.14300
[Episode 557/400] Steps: 720 | Reward:   -3.87 | Battery:  69.69% | Loss: 0.0918
Placing Sensors
[Episode 558/400] Steps: 189 | Reward:  -17.03 | Battery:   0.00% | Loss: 
Placing Sensors
[Episode 559/400] Steps: 720 | Reward:   -5.13 | Battery:  71.68% | Loss: 
Placing Sensors
Policy 0.0169 | Value 0.0407 | KL 0.02370 | CF 0.2381 | Std 0.1109 | |a| 0.1263 | EV +0.762 | AE nan | Alpha 0.0100 | MB 21/28
  cert | viol 0.049 | dV -0.251677 | V 0.3374 | inball 0.348 | a*_q05 0.00276 | a*_q50 0.02388 | dV>=0 0.023 | n=150 | a_used 0.00234 -> 0.00243
  crit | n=1 | viol 0.534 | V 0.9645 | Vmin 0.2961 | agree +0.500 | a*_q05 -0.00664 | a*_q50 0.00195 | dV>=0 0.355 | beta 0.1000
  bell | direct viol 0.493 | direct dV>=0 0.467 | d_mean +0.00145 | d_std 0.06007 | d_q95 0.12589
[Episode 560/400] Steps: 720 | Reward:   -5.85 | Battery:  58.62% | Loss: 0.1111
Placing Sensors
[Episode 561/400] Steps: 720 | Reward:   -6.09 | Battery:  82.89% | Loss: 
Placing Sensors
Policy -0.0115 | Value 0.0170 | KL 0.01855 | CF 0.1883 | Std 0.1109 | |a| 0.0869 | EV +0.861 | AE nan | Alpha 0.0100 | MB 24/24
  cert | viol 0.142 | dV -0.237633 | V 0.3610 | inball 0.460 | a*_q05 -0.00001 | a*_q50 0.01984 | dV>=0 0.057 | n=150 | a_used 0.00243 -> 0.00215
  crit | n=1 | viol 0.636 | V 0.8557 | Vmin 0.2751 | agree +0.672 | a*_q05 -0.00589 | a*_q50 0.00115 | dV>=0 0.358 | beta 0.1000
  bell | direct viol 0.498 | direct dV>=0 0.480 | d_mean +0.00038 | d_std 0.06195 | d_q95 0.13002
[Episode 562/400] Steps: 720 | Reward:   -5.12 | Battery:  72.18% | Loss: 0.1179
Placing Sensors
[Episode 563/400] Steps: 720 | Reward:   -5.62 | Battery:  40.90% | Loss: 
Placing Sensors
Policy -0.0013 | Value 0.0079 | KL 0.01291 | CF 0.1519 | Std 0.1109 | |a| 0.1410 | EV +0.924 | AE nan | Alpha 0.0100 | MB 24/24
  cert | viol 0.000 | dV -0.230394 | V 0.2814 | inball 0.427 | a*_q05 0.00580 | a*_q50 0.02492 | dV>=0 0.000 | n=150 | a_used 0.00215 -> 0.00228
  crit | n=1 | viol 0.667 | V 0.8256 | Vmin 0.3291 | agree +0.452 | a*_q05 -0.00515 | a*_q50 0.00008 | dV>=0 0.491 | beta 0.1000
  bell | direct viol 0.483 | direct dV>=0 0.460 | d_mean +0.00219 | d_std 0.05045 | d_q95 0.10837
[Episode 564/400] Steps: 720 | Reward:   -4.33 | Battery:  73.40% | Loss: 0.0199
Placing Sensors
[Episode 565/400] Steps:  71 | Reward:  -17.80 | Battery:   0.00% | Loss: 
Placing Sensors
[Episode 566/400] Steps:  74 | Reward:  -17.76 | Battery:   0.00% | Loss: 
Placing Sensors
[Episode 567/400] Steps: 720 | Reward:   -2.56 | Battery:  82.66% | Loss: 
Placing Sensors
Policy 0.0213 | Value 0.0371 | KL 0.02775 | CF 0.2483 | Std 0.1109 | |a| 0.0706 | EV +0.809 | AE nan | Alpha 0.0100 | MB 14/28
  cert | viol 0.006 | dV -0.222369 | V 0.2514 | inball 0.563 | a*_q05 0.00682 | a*_q50 0.03490 | dV>=0 0.000 | n=150 | a_used 0.00228 -> 0.00245
  crit | n=1 | viol 0.724 | V 0.7202 | Vmin 0.2894 | agree +0.818 | a*_q05 -0.00635 | a*_q50 0.00001 | dV>=0 0.493 | beta 0.1000
  bell | direct viol 0.462 | direct dV>=0 0.440 | d_mean +0.00314 | d_std 0.05374 | d_q95 0.10691
[Episode 568/400] Steps: 720 | Reward:   -3.91 | Battery:  82.78% | Loss: 0.1246
Placing Sensors
[Episode 569/400] Steps: 130 | Reward:  -17.23 | Battery:   0.00% | Loss: 
Placing Sensors
[Episode 570/400] Steps:  96 | Reward:  -17.53 | Battery:   0.00% | Loss: 
Placing Sensors
[Episode 571/400] Steps: 720 | Reward:   -4.46 | Battery:  70.85% | Loss: 
Placing Sensors
Policy -0.0043 | Value 0.0444 | KL 0.03019 | CF 0.1960 | Std 0.1109 | |a| 0.0748 | EV +0.819 | AE nan | Alpha 0.0100 | MB 21/28
  cert | viol 0.000 | dV -0.271636 | V 0.3118 | inball 0.496 | a*_q05 0.00577 | a*_q50 0.03603 | dV>=0 0.000 | n=150 | a_used 0.00245 -> 0.00258
  crit | n=1 | viol 0.661 | V 0.8167 | Vmin 0.2637 | agree +0.732 | a*_q05 -0.00691 | a*_q50 0.00107 | dV>=0 0.358 | beta 0.1000
  bell | direct viol 0.502 | direct dV>=0 0.482 | d_mean +0.00077 | d_std 0.07447 | d_q95 0.15347
[Episode 572/400] Steps: 720 | Reward:   -4.32 | Battery:  73.36% | Loss: 0.0368
Placing Sensors
[Episode 573/400] Steps: 720 | Reward:   -4.04 | Battery:  77.72% | Loss: 
Placing Sensors
Policy -0.0109 | Value 0.0157 | KL 0.01116 | CF 0.1098 | Std 0.1109 | |a| 0.0721 | EV +0.764 | AE nan | Alpha 0.0100 | MB 24/24
  cert | viol 0.061 | dV -0.195939 | V 0.2978 | inball 0.387 | a*_q05 0.00252 | a*_q50 0.02261 | dV>=0 0.000 | n=150 | a_used 0.00258 -> 0.00257
  crit | n=1 | viol 0.492 | V 0.7329 | Vmin 0.3382 | agree +0.422 | a*_q05 -0.00772 | a*_q50 0.00282 | dV>=0 0.375 | beta 0.1000
  bell | direct viol 0.479 | direct dV>=0 0.462 | d_mean +0.00031 | d_std 0.06195 | d_q95 0.12575
[Episode 574/400] Steps: 720 | Reward:   -5.92 | Battery:  73.41% | Loss: 0.0192
Placing Sensors
[Episode 575/400] Steps: 720 | Reward:   -6.14 | Battery:  66.08% | Loss: 
Placing Sensors
Policy -0.0175 | Value 0.0062 | KL 0.01992 | CF 0.1865 | Std 0.1109 | |a| 0.0774 | EV +0.932 | AE nan | Alpha 0.0100 | MB 24/24
  cert | viol 0.044 | dV -0.255686 | V 0.3400 | inball 0.395 | a*_q05 0.00307 | a*_q50 0.02540 | dV>=0 0.025 | n=150 | a_used 0.00257 -> 0.00262
  crit | n=1 | viol 0.471 | V 0.7501 | Vmin 0.3569 | agree +0.508 | a*_q05 -0.00713 | a*_q50 0.00294 | dV>=0 0.337 | beta 0.1000
  bell | direct viol 0.495 | direct dV>=0 0.472 | d_mean -0.00021 | d_std 0.04473 | d_q95 0.09034
[Episode 576/400] Steps: 720 | Reward:   -4.72 | Battery:  82.86% | Loss: 0.0198
Placing Sensors
[Episode 577/400] Steps:  66 | Reward:  -17.46 | Battery:   0.00% | Loss: 
Placing Sensors
[Episode 578/400] Steps: 720 | Reward:   -5.65 | Battery:  72.87% | Loss: 
Placing Sensors
Policy -0.0047 | Value 0.0167 | KL 0.01893 | CF 0.1896 | Std 0.1109 | |a| 0.1047 | EV +0.886 | AE nan | Alpha 0.0100 | MB 24/24
  cert | viol 0.069 | dV -0.231927 | V 0.3127 | inball 0.406 | a*_q05 0.00227 | a*_q50 0.02162 | dV>=0 0.020 | n=150 | a_used 0.00262 -> 0.00265
  crit | n=1 | viol 0.485 | V 0.7758 | Vmin 0.3045 | agree +0.618 | a*_q05 -0.00551 | a*_q50 0.00285 | dV>=0 0.339 | beta 0.1000
  bell | direct viol 0.504 | direct dV>=0 0.473 | d_mean +0.00124 | d_std 0.04353 | d_q95 0.09109
[Episode 579/400] Steps: 720 | Reward:   -4.58 | Battery:  72.34% | Loss: -0.0893
Placing Sensors
[Episode 580/400] Steps: 720 | Reward:   -5.20 | Battery:  79.28% | Loss: 
Placing Sensors
Policy -0.0076 | Value 0.0069 | KL 0.01806 | CF 0.1932 | Std 0.1109 | |a| 0.1052 | EV +0.916 | AE nan | Alpha 0.0100 | MB 24/24
  cert | viol 0.030 | dV -0.226888 | V 0.2766 | inball 0.445 | a*_q05 0.00503 | a*_q50 0.02454 | dV>=0 0.000 | n=150 | a_used 0.00265 -> 0.00271
  crit | n=1 | viol 0.520 | V 0.6928 | Vmin 0.3264 | agree +0.425 | a*_q05 -0.00510 | a*_q50 0.00244 | dV>=0 0.315 | beta 0.1000
  bell | direct viol 0.512 | direct dV>=0 0.479 | d_mean +0.00053 | d_std 0.04595 | d_q95 0.08484
[Episode 581/400] Steps: 720 | Reward:   -4.98 | Battery:  61.33% | Loss: -0.0291
Placing Sensors
[Episode 582/400] Steps: 720 | Reward:   -6.18 | Battery:  70.53% | Loss: 
Placing Sensors
[Episode 583/400] Steps:  85 | Reward:  -17.61 | Battery:   0.00% | Loss: 
Placing Sensors
[Episode 584/400] Steps:  89 | Reward:  -17.46 | Battery:   0.00% | Loss: 
Placing Sensors
[Episode 585/400] Steps:  96 | Reward:  -17.49 | Battery:   0.00% | Loss: 
Placing Sensors
[Episode 586/400] Steps:  89 | Reward:  -17.49 | Battery:   0.00% | Loss: 
Placing Sensors
Policy -0.0298 | Value 0.0431 | KL 0.02768 | CF 0.2295 | Std 0.1109 | |a| 0.1036 | EV +0.803 | AE nan | Alpha 0.0100 | MB 16/32
  cert | viol 0.090 | dV -0.210754 | V 0.3185 | inball 0.304 | a*_q05 0.00434 | a*_q50 0.02199 | dV>=0 0.013 | n=150 | a_used 0.00271 -> 0.00290
  crit | n=1 | viol 0.480 | V 0.9624 | Vmin 0.3300 | agree +0.620 | a*_q05 -0.00534 | a*_q50 0.00308 | dV>=0 0.267 | beta 0.1000
  bell | direct viol 0.511 | direct dV>=0 0.483 | d_mean -0.00403 | d_std 0.04589 | d_q95 0.08568
[Episode 587/400] Steps: 720 | Reward:   -5.52 | Battery:  67.53% | Loss: -0.3676
Placing Sensors
[Episode 588/400] Steps: 720 | Reward:   -3.91 | Battery:  81.62% | Loss: 
Placing Sensors
[Episode 589/400] Steps:  80 | Reward:  -17.70 | Battery:   0.00% | Loss: 
Placing Sensors
Policy -0.0147 | Value 0.0185 | KL 0.02180 | CF 0.1559 | Std 0.1109 | |a| 0.1117 | EV +0.897 | AE nan | Alpha 0.0100 | MB 18/24
  cert | viol 0.146 | dV -0.194585 | V 0.2458 | inball 0.472 | a*_q05 -0.01611 | a*_q50 0.03351 | dV>=0 0.146 | n=150 | a_used 0.00290 -> 0.00275
  crit | n=1 | viol 0.840 | V 0.8383 | Vmin 0.3323 | agree +0.710 | a*_q05 -0.00714 | a*_q50 -0.00027 | dV>=0 0.526 | beta 0.1000
  bell | direct viol 0.511 | direct dV>=0 0.481 | d_mean +0.00205 | d_std 0.05007 | d_q95 0.10136
[Episode 590/400] Steps: 720 | Reward:   -5.12 | Battery:  36.15% | Loss: -0.0621
Placing Sensors
[Episode 591/400] Steps: 720 | Reward:   -5.84 | Battery:  83.68% | Loss: 
Placing Sensors
Policy -0.0168 | Value 0.0077 | KL 0.01839 | CF 0.1329 | Std 0.1109 | |a| 0.0693 | EV +0.933 | AE nan | Alpha 0.0100 | MB 18/24
  cert | viol 0.188 | dV -0.228140 | V 0.3739 | inball 0.474 | a*_q05 -0.00117 | a*_q50 0.02207 | dV>=0 0.079 | n=150 | a_used 0.00275 -> 0.00261
  crit | n=1 | viol 0.395 | V 0.6798 | Vmin 0.2722 | agree +0.626 | a*_q05 -0.00576 | a*_q50 0.00411 | dV>=0 0.210 | beta 0.1000
  bell | direct viol 0.487 | direct dV>=0 0.464 | d_mean -0.00134 | d_std 0.05546 | d_q95 0.11912
[Episode 592/400] Steps: 720 | Reward:   -4.99 | Battery:  81.27% | Loss: -0.0466
Placing Sensors
[Episode 593/400] Steps: 103 | Reward:  -17.43 | Battery:   0.00% | Loss: 
Placing Sensors
[Episode 594/400] Steps: 104 | Reward:  -17.48 | Battery:   0.00% | Loss: 
Placing Sensors
[Episode 595/400] Steps:  71 | Reward:  -17.64 | Battery:   0.00% | Loss: 
Placing Sensors
[Episode 596/400] Steps: 720 | Reward:   -3.03 | Battery:  79.24% | Loss: 
Placing Sensors
Policy -0.0053 | Value 0.0333 | KL 0.02328 | CF 0.1476 | Std 0.1110 | |a| 0.0593 | EV +0.913 | AE nan | Alpha 0.0100 | MB 21/28
  cert | viol 0.018 | dV -0.238020 | V 0.2779 | inball 0.489 | a*_q05 0.00527 | a*_q50 0.03475 | dV>=0 0.000 | n=150 | a_used 0.00261 -> 0.00273
  crit | n=1 | viol 0.682 | V 0.8244 | Vmin 0.2108 | agree +0.811 | a*_q05 -0.00579 | a*_q50 0.00045 | dV>=0 0.449 | beta 0.1000
  bell | direct viol 0.483 | direct dV>=0 0.460 | d_mean +0.00357 | d_std 0.06739 | d_q95 0.13310
[Episode 597/400] Steps: 720 | Reward:   -4.16 | Battery:  71.69% | Loss: 0.0342
Placing Sensors
[Episode 598/400] Steps:  94 | Reward:  -17.50 | Battery:   0.00% | Loss: 
Placing Sensors
[Episode 599/400] Steps:  76 | Reward:  -17.66 | Battery:   0.00% | Loss: 
Placing Sensors
[Episode 600/400] Steps: 104 | Reward:  -17.56 | Battery:   0.00% | Loss: 
Placing Sensors
[Episode 601/400] Steps: 104 | Reward:  -17.48 | Battery:   0.00% | Loss: 
Placing Sensors
[Episode 602/400] Steps: 720 | Reward:   -4.06 | Battery:  78.10% | Loss: 
Placing Sensors
[Episode 603/400] Steps:  75 | Reward:  -17.51 | Battery:   0.00% | Loss: 
Placing Sensors
Policy -0.0153 | Value 0.0262 | KL 0.01600 | CF 0.1515 | Std 0.1110 | |a| 0.0698 | EV +0.931 | AE nan | Alpha 0.0100 | MB 32/32
  cert | viol 0.000 | dV -0.268518 | V 0.3036 | inball 0.436 | a*_q05 0.00730 | a*_q50 0.03327 | dV>=0 0.000 | n=150 | a_used 0.00273 -> 0.00287
  crit | n=1 | viol 0.700 | V 0.9846 | Vmin 0.2306 | agree +0.792 | a*_q05 -0.00659 | a*_q50 0.00053 | dV>=0 0.427 | beta 0.1000
  bell | direct viol 0.513 | direct dV>=0 0.482 | d_mean +0.00067 | d_std 0.06939 | d_q95 0.14013
[Episode 604/400] Steps: 720 | Reward:   -4.25 | Battery:  76.96% | Loss: -0.0032
Placing Sensors
[Episode 605/400] Steps: 720 | Reward:   -4.17 | Battery:  72.61% | Loss: 
Placing Sensors
Policy -0.0161 | Value 0.0171 | KL 0.01583 | CF 0.1538 | Std 0.1109 | |a| 0.0495 | EV +0.881 | AE nan | Alpha 0.0100 | MB 24/24
  cert | viol 0.007 | dV -0.252276 | V 0.2776 | inball 0.547 | a*_q05 0.00729 | a*_q50 0.03918 | dV>=0 0.000 | n=150 | a_used 0.00287 -> 0.00299
  crit | n=1 | viol 0.762 | V 0.6640 | Vmin 0.1960 | agree +0.441 | a*_q05 -0.00721 | a*_q50 -0.00134 | dV>=0 0.572 | beta 0.1000
  bell | direct viol 0.483 | direct dV>=0 0.465 | d_mean +0.00313 | d_std 0.07119 | d_q95 0.14892
[Episode 606/400] Steps: 720 | Reward:   -3.35 | Battery:  67.44% | Loss: -0.0148
Placing Sensors
[Episode 607/400] Steps: 720 | Reward:   -4.82 | Battery:  79.52% | Loss: 
Placing Sensors
[Episode 608/400] Steps: 108 | Reward:  -17.44 | Battery:   0.00% | Loss: 
Placing Sensors
[Episode 609/400] Steps:  69 | Reward:  -17.68 | Battery:   0.00% | Loss: 
Placing Sensors
Policy -0.0062 | Value 0.0279 | KL 0.03603 | CF 0.2217 | Std 0.1109 | |a| 0.0586 | EV +0.912 | AE nan | Alpha 0.0100 | MB 10/28
  cert | viol 0.045 | dV -0.223995 | V 0.2977 | inball 0.456 | a*_q05 0.00337 | a*_q50 0.02465 | dV>=0 0.000 | n=150 | a_used 0.00299 -> 0.00298
  crit | n=1 | viol 0.510 | V 0.7943 | Vmin 0.2243 | agree +0.674 | a*_q05 -0.00488 | a*_q50 0.00287 | dV>=0 0.242 | beta 0.1000
  bell | direct viol 0.507 | direct dV>=0 0.487 | d_mean -0.00057 | d_std 0.06535 | d_q95 0.13522
[Episode 610/400] Steps: 720 | Reward:   -4.18 | Battery:  75.47% | Loss: 0.0629
Placing Sensors
[Episode 611/400] Steps: 720 | Reward:   -3.67 | Battery:  84.31% | Loss: 
Placing Sensors
Policy -0.0128 | Value 0.0068 | KL 0.01273 | CF 0.1340 | Std 0.1109 | |a| 0.0539 | EV +0.911 | AE nan | Alpha 0.0100 | MB 24/24
  cert | viol 0.020 | dV -0.221962 | V 0.2617 | inball 0.613 | a*_q05 0.00504 | a*_q50 0.03359 | dV>=0 0.000 | n=150 | a_used 0.00298 -> 0.00309
  crit | n=1 | viol 0.478 | V 0.5729 | Vmin 0.2547 | agree +0.520 | a*_q05 -0.00603 | a*_q50 0.00345 | dV>=0 0.305 | beta 0.1000
  bell | direct viol 0.471 | direct dV>=0 0.455 | d_mean +0.00177 | d_std 0.04509 | d_q95 0.08587
[Episode 612/400] Steps: 720 | Reward:   -3.69 | Battery:  84.44% | Loss: 0.0500
Placing Sensors
[Episode 613/400] Steps: 720 | Reward:   -4.46 | Battery:  61.26% | Loss: 
Placing Sensors
Policy 0.0033 | Value 0.0317 | KL 0.01825 | CF 0.1985 | Std 0.1109 | |a| 0.1479 | EV +0.794 | AE nan | Alpha 0.0100 | MB 24/24
  cert | viol 0.063 | dV -0.259741 | V 0.3151 | inball 0.448 | a*_q05 0.00310 | a*_q50 0.03344 | dV>=0 0.006 | n=150 | a_used 0.00309 -> 0.00307
  crit | n=1 | viol 0.577 | V 0.7886 | Vmin 0.2468 | agree +0.260 | a*_q05 -0.00665 | a*_q50 0.00171 | dV>=0 0.410 | beta 0.1000
  bell | direct viol 0.519 | direct dV>=0 0.480 | d_mean +0.00240 | d_std 0.05653 | d_q95 0.10566
[Episode 614/400] Steps: 720 | Reward:   -4.55 | Battery:  51.44% | Loss: 0.0546
Placing Sensors
[Episode 615/400] Steps:  82 | Reward:  -17.65 | Battery:   0.00% | Loss: 
Placing Sensors
[Episode 616/400] Steps: 720 | Reward:   -4.53 | Battery:  64.42% | Loss: 
Placing Sensors
Policy -0.0169 | Value 0.0218 | KL 0.02036 | CF 0.1111 | Std 0.1109 | |a| 0.0547 | EV +0.903 | AE nan | Alpha 0.0100 | MB 24/24
  cert | viol 0.000 | dV -0.221120 | V 0.2630 | inball 0.485 | a*_q05 0.00550 | a*_q50 0.03105 | dV>=0 0.000 | n=150 | a_used 0.00307 -> 0.00315
  crit | n=1 | viol 0.538 | V 0.6671 | Vmin 0.1435 | agree +0.559 | a*_q05 -0.00473 | a*_q50 0.00268 | dV>=0 0.270 | beta 0.1000
  bell | direct viol 0.501 | direct dV>=0 0.483 | d_mean +0.00112 | d_std 0.05951 | d_q95 0.12244
[Episode 617/400] Steps: 720 | Reward:   -3.98 | Battery:  67.90% | Loss: -0.0268
Placing Sensors
[Episode 618/400] Steps: 720 | Reward:   -5.81 | Battery:  69.61% | Loss: 
Placing Sensors
Policy 0.0103 | Value 0.0123 | KL 0.02025 | CF 0.2017 | Std 0.1109 | |a| 0.0751 | EV +0.922 | AE nan | Alpha 0.0100 | MB 12/24
  cert | viol 0.004 | dV -0.289583 | V 0.3459 | inball 0.493 | a*_q05 0.00491 | a*_q50 0.03203 | dV>=0 0.000 | n=150 | a_used 0.00315 -> 0.00322
  crit | n=1 | viol 0.530 | V 0.6555 | Vmin 0.1751 | agree +0.554 | a*_q05 -0.00658 | a*_q50 0.00264 | dV>=0 0.357 | beta 0.1000
  bell | direct viol 0.495 | direct dV>=0 0.470 | d_mean +0.00140 | d_std 0.05891 | d_q95 0.11425
[Episode 619/400] Steps: 720 | Reward:   -3.73 | Battery:  77.73% | Loss: -0.0060
Placing Sensors
[Episode 620/400] Steps: 720 | Reward:   -4.26 | Battery:  81.07% | Loss: 
Placing Sensors
[Episode 621/400] Steps:  95 | Reward:  -17.61 | Battery:   0.00% | Loss: 
Placing Sensors
Policy -0.0136 | Value 0.0174 | KL 0.03095 | CF 0.1490 | Std 0.1109 | |a| 0.0629 | EV +0.899 | AE nan | Alpha 0.0100 | MB 17/24
  cert | viol 0.016 | dV -0.258002 | V 0.3069 | inball 0.528 | a*_q05 0.00458 | a*_q50 0.02932 | dV>=0 0.000 | n=150 | a_used 0.00322 -> 0.00325
  crit | n=1 | viol 0.517 | V 0.6226 | Vmin 0.1935 | agree +0.719 | a*_q05 -0.00567 | a*_q50 0.00319 | dV>=0 0.212 | beta 0.1000
  bell | direct viol 0.503 | direct dV>=0 0.471 | d_mean +0.00113 | d_std 0.06395 | d_q95 0.12977
[Episode 622/400] Steps: 720 | Reward:   -3.61 | Battery:  84.00% | Loss: 0.0444
Placing Sensors
[Episode 623/400] Steps: 720 | Reward:   -5.18 | Battery:  75.78% | Loss: 
Placing Sensors
Policy -0.0026 | Value 0.0111 | KL 0.02396 | CF 0.1834 | Std 0.1109 | |a| 0.0883 | EV +0.852 | AE nan | Alpha 0.0100 | MB 24/24
  cert | viol 0.133 | dV -0.199346 | V 0.2228 | inball 0.416 | a*_q05 -0.00405 | a*_q50 0.02190 | dV>=0 0.117 | n=150 | a_used 0.00325 -> 0.00309
  crit | n=1 | viol 0.656 | V 0.6607 | Vmin 0.2302 | agree +0.613 | a*_q05 -0.00583 | a*_q50 0.00083 | dV>=0 0.432 | beta 0.1000
  bell | direct viol 0.501 | direct dV>=0 0.474 | d_mean +0.00203 | d_std 0.05084 | d_q95 0.10515
[Episode 624/400] Steps: 720 | Reward:   -4.13 | Battery:  77.30% | Loss: 0.0269
Placing Sensors
[Episode 625/400] Steps: 720 | Reward:   -2.51 | Battery:  78.57% | Loss: 
Placing Sensors
Policy -0.0035 | Value 0.0095 | KL 0.01374 | CF 0.1064 | Std 0.1109 | |a| 0.0610 | EV +0.899 | AE nan | Alpha 0.0100 | MB 24/24
  cert | viol 0.210 | dV -0.205251 | V 0.2989 | inball 0.523 | a*_q05 0.00132 | a*_q50 0.03051 | dV>=0 0.030 | n=150 | a_used 0.00309 -> 0.00303
  crit | n=1 | viol 0.506 | V 0.6527 | Vmin 0.2521 | agree +0.389 | a*_q05 -0.00712 | a*_q50 0.00298 | dV>=0 0.350 | beta 0.1000
  bell | direct viol 0.499 | direct dV>=0 0.470 | d_mean +0.00023 | d_std 0.04382 | d_q95 0.08324
[Episode 626/400] Steps: 720 | Reward:   -5.87 | Battery:  63.24% | Loss: 0.0025
Placing Sensors
[Episode 627/400] Steps: 720 | Reward:   -4.96 | Battery:  65.83% | Loss: 
Placing Sensors
Policy -0.0068 | Value 0.0067 | KL 0.01549 | CF 0.1540 | Std 0.1109 | |a| 0.1471 | EV +0.946 | AE nan | Alpha 0.0100 | MB 24/24
  cert | viol 0.169 | dV -0.240750 | V 0.3180 | inball 0.373 | a*_q05 -0.01179 | a*_q50 0.02746 | dV>=0 0.089 | n=150 | a_used 0.00303 -> 0.00288
  crit | n=1 | viol 0.601 | V 0.7905 | Vmin 0.2518 | agree +0.423 | a*_q05 -0.00617 | a*_q50 0.00028 | dV>=0 0.485 | beta 0.1000
  bell | direct viol 0.500 | direct dV>=0 0.476 | d_mean -0.00006 | d_std 0.04120 | d_q95 0.08383
[Episode 628/400] Steps: 720 | Reward:   -5.61 | Battery:  48.43% | Loss: -0.0599
Placing Sensors
[Episode 629/400] Steps: 720 | Reward:   -3.41 | Battery:  87.47% | Loss: 
Placing Sensors
Policy -0.0202 | Value 0.0058 | KL 0.01283 | CF 0.1378 | Std 0.1109 | |a| 0.0757 | EV +0.942 | AE nan | Alpha 0.0100 | MB 24/24
  cert | viol 0.032 | dV -0.270057 | V 0.3434 | inball 0.505 | a*_q05 0.00371 | a*_q50 0.02609 | dV>=0 0.000 | n=150 | a_used 0.00288 -> 0.00288
  crit | n=1 | viol 0.445 | V 0.6725 | Vmin 0.2243 | agree +0.512 | a*_q05 -0.00605 | a*_q50 0.00360 | dV>=0 0.277 | beta 0.1000
  bell | direct viol 0.499 | direct dV>=0 0.474 | d_mean +0.00026 | d_std 0.05084 | d_q95 0.09777
[Episode 630/400] Steps: 720 | Reward:   -6.11 | Battery:  71.03% | Loss: 0.0199
Placing Sensors
[Episode 631/400] Steps: 720 | Reward:   -3.25 | Battery:  89.17% | Loss: 
Placing Sensors
Policy -0.0151 | Value 0.0075 | KL 0.01739 | CF 0.1694 | Std 0.1109 | |a| 0.0828 | EV +0.948 | AE nan | Alpha 0.0100 | MB 24/24
  cert | viol 0.050 | dV -0.340288 | V 0.4195 | inball 0.488 | a*_q05 0.00342 | a*_q50 0.03225 | dV>=0 0.005 | n=150 | a_used 0.00288 -> 0.00294
  crit | n=1 | viol 0.369 | V 0.6344 | Vmin 0.1774 | agree +0.604 | a*_q05 -0.00693 | a*_q50 0.00549 | dV>=0 0.282 | beta 0.1000
  bell | direct viol 0.485 | direct dV>=0 0.471 | d_mean +0.00028 | d_std 0.05669 | d_q95 0.11949
[Episode 632/400] Steps: 720 | Reward:   -6.08 | Battery:  73.34% | Loss: 0.0351
Placing Sensors
[Episode 633/400] Steps: 720 | Reward:   -2.20 | Battery:  84.01% | Loss: 
Placing Sensors
Policy -0.0093 | Value 0.0061 | KL 0.01317 | CF 0.1615 | Std 0.1109 | |a| 0.0572 | EV +0.896 | AE nan | Alpha 0.0100 | MB 24/24
  cert | viol 0.000 | dV -0.206990 | V 0.2519 | inball 0.591 | a*_q05 0.00622 | a*_q50 0.03329 | dV>=0 0.000 | n=150 | a_used 0.00294 -> 0.00302
  crit | n=1 | viol 0.492 | V 0.4755 | Vmin 0.1706 | agree +0.567 | a*_q05 -0.00653 | a*_q50 0.00315 | dV>=0 0.355 | beta 0.1000
  bell | direct viol 0.463 | direct dV>=0 0.445 | d_mean +0.00059 | d_std 0.04899 | d_q95 0.09320
[Episode 634/400] Steps: 720 | Reward:   -4.30 | Battery:  74.17% | Loss: -0.0151
Placing Sensors
[Episode 635/400] Steps: 720 | Reward:   -3.59 | Battery:  83.52% | Loss: 
Placing Sensors
Policy -0.0077 | Value 0.0061 | KL 0.02154 | CF 0.1615 | Std 0.1109 | |a| 0.0675 | EV +0.929 | AE nan | Alpha 0.0100 | MB 24/24
  cert | viol 0.018 | dV -0.235351 | V 0.2822 | inball 0.563 | a*_q05 0.00580 | a*_q50 0.02957 | dV>=0 0.000 | n=150 | a_used 0.00302 -> 0.00312
  crit | n=1 | viol 0.410 | V 0.5801 | Vmin 0.1761 | agree +0.487 | a*_q05 -0.00541 | a*_q50 0.00403 | dV>=0 0.227 | beta 0.1000
  bell | direct viol 0.492 | direct dV>=0 0.477 | d_mean +0.00006 | d_std 0.05841 | d_q95 0.12191
[Episode 636/400] Steps: 720 | Reward:   -4.70 | Battery:  77.10% | Loss: 0.0610
Placing Sensors
[Episode 637/400] Steps: 720 | Reward:   -3.33 | Battery:  81.75% | Loss: 
Placing Sensors
Policy -0.0013 | Value 0.0079 | KL 0.01157 | CF 0.1167 | Std 0.1109 | |a| 0.0421 | EV +0.814 | AE nan | Alpha 0.0100 | MB 24/24
  cert | viol 0.000 | dV -0.226692 | V 0.2480 | inball 0.665 | a*_q05 0.00833 | a*_q50 0.03894 | dV>=0 0.000 | n=150 | a_used 0.00312 -> 0.00331
  crit | n=1 | viol 0.628 | V 0.4330 | Vmin 0.1738 | agree +0.702 | a*_q05 -0.00744 | a*_q50 0.00051 | dV>=0 0.462 | beta 0.1000
  bell | direct viol 0.490 | direct dV>=0 0.477 | d_mean +0.00199 | d_std 0.05091 | d_q95 0.10334
[Episode 638/400] Steps: 720 | Reward:   -1.79 | Battery:  86.92% | Loss: 0.1708
Placing Sensors
[Episode 639/400] Steps:  68 | Reward:  -17.73 | Battery:   0.00% | Loss: 
Placing Sensors
[Episode 640/400] Steps:  66 | Reward:  -17.75 | Battery:   0.00% | Loss: 
Placing Sensors
[Episode 641/400] Steps: 720 | Reward:   -5.53 | Battery:  68.99% | Loss: 
Placing Sensors
Policy 0.1816 | Value 0.0503 | KL 0.05426 | CF 0.0906 | Std 0.1109 | |a| 0.1023 | EV +0.825 | AE nan | Alpha 0.0100 | MB 7/28
  cert | viol 0.144 | dV -0.303405 | V 0.4057 | inball 0.417 | a*_q05 0.00138 | a*_q50 0.03247 | dV>=0 0.038 | n=150 | a_used 0.00331 -> 0.00307
  crit | n=1 | viol 0.404 | V 0.7106 | Vmin 0.2258 | agree +0.552 | a*_q05 -0.00589 | a*_q50 0.00492 | dV>=0 0.310 | beta 0.1000
  bell | direct viol 0.491 | direct dV>=0 0.463 | d_mean +0.00104 | d_std 0.04956 | d_q95 0.09959
[Episode 642/400] Steps: 720 | Reward:   -4.68 | Battery:  63.70% | Loss: 1.4023
Placing Sensors
[Episode 643/400] Steps: 720 | Reward:   -3.86 | Battery:  80.38% | Loss: 
Placing Sensors
Policy -0.0036 | Value 0.0081 | KL 0.02122 | CF 0.1785 | Std 0.1109 | |a| 0.0782 | EV +0.910 | AE nan | Alpha 0.0100 | MB 24/24
  cert | viol 0.027 | dV -0.266388 | V 0.3172 | inball 0.581 | a*_q05 0.00464 | a*_q50 0.03182 | dV>=0 0.000 | n=150 | a_used 0.00307 -> 0.00320
  crit | n=1 | viol 0.386 | V 0.5738 | Vmin 0.1871 | agree +0.575 | a*_q05 -0.00465 | a*_q50 0.00464 | dV>=0 0.226 | beta 0.1000
  bell | direct viol 0.499 | direct dV>=0 0.476 | d_mean +0.00052 | d_std 0.05413 | d_q95 0.10964
[Episode 644/400] Steps: 720 | Reward:   -3.77 | Battery:  82.55% | Loss: -0.0397
Placing Sensors
[Episode 645/400] Steps:  86 | Reward:  -17.61 | Battery:   0.00% | Loss: 
Placing Sensors
[Episode 646/400] Steps: 720 | Reward:   -3.17 | Battery:  80.07% | Loss: 
Placing Sensors
Policy -0.0137 | Value 0.0258 | KL 0.00922 | CF 0.0917 | Std 0.1109 | |a| 0.0600 | EV +0.864 | AE nan | Alpha 0.0100 | MB 24/24
  cert | viol 0.000 | dV -0.264317 | V 0.2791 | inball 0.561 | a*_q05 0.01185 | a*_q50 0.03917 | dV>=0 0.000 | n=150 | a_used 0.00320 -> 0.00338
  crit | n=1 | viol 0.669 | V 0.6222 | Vmin 0.1609 | agree +0.656 | a*_q05 -0.00724 | a*_q50 0.00128 | dV>=0 0.398 | beta 0.1000
  bell | direct viol 0.490 | direct dV>=0 0.456 | d_mean +0.00226 | d_std 0.04982 | d_q95 0.10033
[Episode 647/400] Steps: 720 | Reward:   -3.82 | Battery:  65.81% | Loss: 0.0454
Placing Sensors
[Episode 648/400] Steps: 720 | Reward:   -4.63 | Battery:  45.33% | Loss: 
Placing Sensors
Policy -0.0109 | Value 0.0110 | KL 0.01356 | CF 0.1267 | Std 0.1108 | |a| 0.0907 | EV +0.871 | AE nan | Alpha 0.0100 | MB 24/24
  cert | viol 0.021 | dV -0.217495 | V 0.2564 | inball 0.424 | a*_q05 0.00561 | a*_q50 0.02574 | dV>=0 0.000 | n=150 | a_used 0.00338 -> 0.00342
  crit | n=1 | viol 0.529 | V 0.6895 | Vmin 0.2410 | agree +0.344 | a*_q05 -0.00572 | a*_q50 0.00299 | dV>=0 0.289 | beta 0.1000
  bell | direct viol 0.514 | direct dV>=0 0.490 | d_mean +0.00063 | d_std 0.04734 | d_q95 0.10126
[Episode 649/400] Steps: 720 | Reward:   -4.65 | Battery:  74.96% | Loss: -0.0569
Placing Sensors
[Episode 650/400] Steps: 720 | Reward:   -2.64 | Battery:  83.15% | Loss: 
Placing Sensors
[Episode 651/400] Steps: 131 | Reward:  -17.31 | Battery:   0.00% | Loss: 
Placing Sensors
Policy -0.0073 | Value 0.0354 | KL 0.02958 | CF 0.1488 | Std 0.1108 | |a| 0.0473 | EV +0.767 | AE nan | Alpha 0.0100 | MB 14/28
  cert | viol 0.000 | dV -0.243958 | V 0.2568 | inball 0.612 | a*_q05 0.01193 | a*_q50 0.03988 | dV>=0 0.000 | n=150 | a_used 0.00342 -> 0.00361
  crit | n=1 | viol 0.501 | V 0.5299 | Vmin 0.1109 | agree +0.705 | a*_q05 -0.00665 | a*_q50 0.00361 | dV>=0 0.270 | beta 0.1000
  bell | direct viol 0.491 | direct dV>=0 0.469 | d_mean +0.00032 | d_std 0.05536 | d_q95 0.11063
[Episode 652/400] Steps: 720 | Reward:   -2.48 | Battery:  82.54% | Loss: -0.0606
Placing Sensors
[Episode 653/400] Steps: 720 | Reward:   -3.55 | Battery:  84.17% | Loss: 
Placing Sensors
Policy 0.0009 | Value 0.0077 | KL 0.01767 | CF 0.1865 | Std 0.1108 | |a| 0.0439 | EV +0.921 | AE nan | Alpha 0.0100 | MB 24/24
  cert | viol 0.000 | dV -0.273957 | V 0.3100 | inball 0.597 | a*_q05 0.00645 | a*_q50 0.03233 | dV>=0 0.000 | n=150 | a_used 0.00361 -> 0.00371
  crit | n=1 | viol 0.627 | V 0.5699 | Vmin 0.1656 | agree +0.697 | a*_q05 -0.00607 | a*_q50 0.00243 | dV>=0 0.227 | beta 0.1000
  bell | direct viol 0.491 | direct dV>=0 0.463 | d_mean +0.00169 | d_std 0.05586 | d_q95 0.11530
[Episode 654/400] Steps: 720 | Reward:   -4.19 | Battery:  80.03% | Loss: 0.0811
Placing Sensors
[Episode 655/400] Steps: 720 | Reward:   -4.26 | Battery:  54.69% | Loss: 
Placing Sensors
Policy -0.0105 | Value 0.0112 | KL 0.01994 | CF 0.1428 | Std 0.1108 | |a| 0.1437 | EV +0.880 | AE nan | Alpha 0.0100 | MB 24/24
  cert | viol 0.069 | dV -0.241359 | V 0.3336 | inball 0.460 | a*_q05 0.00257 | a*_q50 0.02410 | dV>=0 0.025 | n=150 | a_used 0.00371 -> 0.00351
  crit | n=1 | viol 0.664 | V 0.7191 | Vmin 0.2195 | agree +0.493 | a*_q05 -0.00510 | a*_q50 0.00108 | dV>=0 0.419 | beta 0.1000
  bell | direct viol 0.517 | direct dV>=0 0.479 | d_mean +0.00005 | d_std 0.05864 | d_q95 0.11557
[Episode 656/400] Steps: 720 | Reward:   -5.97 | Battery:  84.26% | Loss: 0.1396
Placing Sensors
[Episode 657/400] Steps: 720 | Reward:   -3.56 | Battery:  65.44% | Loss: 
Placing Sensors
Policy -0.0034 | Value 0.0079 | KL 0.01962 | CF 0.1841 | Std 0.1108 | |a| 0.0827 | EV +0.915 | AE nan | Alpha 0.0100 | MB 24/24
  cert | viol 0.000 | dV -0.220094 | V 0.2376 | inball 0.593 | a*_q05 0.01068 | a*_q50 0.03200 | dV>=0 0.000 | n=150 | a_used 0.00351 -> 0.00369
  crit | n=1 | viol 0.794 | V 0.6215 | Vmin 0.2099 | agree +0.488 | a*_q05 -0.00613 | a*_q50 -0.00036 | dV>=0 0.545 | beta 0.1000
  bell | direct viol 0.511 | direct dV>=0 0.490 | d_mean +0.00218 | d_std 0.05780 | d_q95 0.11629
[Episode 658/400] Steps: 720 | Reward:   -3.38 | Battery:  85.47% | Loss: -0.0049
Placing Sensors
[Episode 659/400] Steps: 720 | Reward:   -3.78 | Battery:  76.06% | Loss: 
Placing Sensors
Policy -0.0109 | Value 0.0112 | KL 0.01921 | CF 0.1839 | Std 0.1108 | |a| 0.0511 | EV +0.874 | AE nan | Alpha 0.0100 | MB 24/24
  cert | viol 0.000 | dV -0.272243 | V 0.3010 | inball 0.543 | a*_q05 0.00782 | a*_q50 0.03617 | dV>=0 0.000 | n=150 | a_used 0.00369 -> 0.00385
  crit | n=1 | viol 0.636 | V 0.5594 | Vmin 0.2030 | agree +0.516 | a*_q05 -0.00702 | a*_q50 0.00165 | dV>=0 0.430 | beta 0.1000
  bell | direct viol 0.493 | direct dV>=0 0.462 | d_mean +0.00180 | d_std 0.04356 | d_q95 0.09322
[Episode 660/400] Steps: 720 | Reward:   -3.97 | Battery:  69.20% | Loss: -0.0721
Placing Sensors
[Episode 661/400] Steps: 720 | Reward:   -5.19 | Battery:  78.78% | Loss: 
Placing Sensors
Policy -0.0090 | Value 0.0085 | KL 0.01720 | CF 0.1474 | Std 0.1108 | |a| 0.0697 | EV +0.906 | AE nan | Alpha 0.0100 | MB 24/24
  cert | viol 0.192 | dV -0.261668 | V 0.3753 | inball 0.559 | a*_q05 -0.00015 | a*_q50 0.02903 | dV>=0 0.066 | n=150 | a_used 0.00385 -> 0.00330
  crit | n=1 | viol 0.443 | V 0.5830 | Vmin 0.1654 | agree +0.582 | a*_q05 -0.00479 | a*_q50 0.00461 | dV>=0 0.220 | beta 0.1000
  bell | direct viol 0.507 | direct dV>=0 0.479 | d_mean -0.00151 | d_std 0.04806 | d_q95 0.09674
[Episode 662/400] Steps: 720 | Reward:   -3.75 | Battery:  86.02% | Loss: -0.0174
Placing Sensors
[Episode 663/400] Steps: 720 | Reward:   -4.46 | Battery:  66.36% | Loss: 
Placing Sensors
Policy -0.0098 | Value 0.0073 | KL 0.01599 | CF 0.1529 | Std 0.1108 | |a| 0.0559 | EV +0.947 | AE nan | Alpha 0.0100 | MB 24/24
  cert | viol 0.040 | dV -0.286259 | V 0.3550 | inball 0.458 | a*_q05 0.00404 | a*_q50 0.03100 | dV>=0 0.000 | n=150 | a_used 0.00330 -> 0.00329
  crit | n=1 | viol 0.461 | V 0.6625 | Vmin 0.1694 | agree +0.315 | a*_q05 -0.00534 | a*_q50 0.00404 | dV>=0 0.338 | beta 0.1000
  bell | direct viol 0.505 | direct dV>=0 0.479 | d_mean -0.00096 | d_std 0.05261 | d_q95 0.10238
[Episode 664/400] Steps: 720 | Reward:   -5.69 | Battery:  57.16% | Loss: 0.0322
Placing Sensors
[Episode 665/400] Steps: 720 | Reward:   -2.62 | Battery:  76.25% | Loss: 
Placing Sensors
Policy -0.0013 | Value 0.0072 | KL 0.01175 | CF 0.1324 | Std 0.1108 | |a| 0.0506 | EV +0.910 | AE nan | Alpha 0.0100 | MB 24/24
  cert | viol 0.000 | dV -0.234040 | V 0.2463 | inball 0.636 | a*_q05 0.01203 | a*_q50 0.03717 | dV>=0 0.000 | n=150 | a_used 0.00329 -> 0.00347
  crit | n=1 | viol 0.521 | V 0.4510 | Vmin 0.1234 | agree +0.514 | a*_q05 -0.00541 | a*_q50 0.00301 | dV>=0 0.318 | beta 0.1000
  bell | direct viol 0.481 | direct dV>=0 0.464 | d_mean +0.00212 | d_std 0.04434 | d_q95 0.09092
[Episode 666/400] Steps: 720 | Reward:   -3.09 | Battery:  78.26% | Loss: 0.1979
[budget] 288635 transitions collected over 666 episodes -- step budget met, stopping.
Placing Sensors
  [validation 1/10] steps 720 | battery  32.0% ->  87.8% (min  30.7%) | reward    -2.32 | |a| 0.030 | path     222 m
Placing Sensors
  [validation 2/10] steps 720 | battery  30.9% ->  84.5% (min  22.6%) | reward    -3.16 | |a| 0.027 | path     182 m
Placing Sensors
  [validation 3/10] steps 720 | battery  36.4% ->  85.5% (min  29.5%) | reward    -2.61 | |a| 0.027 | path     181 m
Placing Sensors
  [validation 4/10] steps 720 | battery  38.4% ->  88.0% (min  35.9%) | reward    -2.02 | |a| 0.026 | path     155 m
Placing Sensors
  [validation 5/10] steps 720 | battery  36.2% ->  78.8% (min  34.0%) | reward    -2.53 | |a| 0.033 | path     288 m
Placing Sensors
  [validation 6/10] steps 720 | battery  34.7% ->  82.0% (min  24.8%) | reward    -2.92 | |a| 0.030 | path     230 m
Placing Sensors
  [validation 7/10] steps 720 | battery  30.2% ->  83.9% (min  12.2%) | reward    -5.38 | |a| 0.033 | path     265 m
Placing Sensors
  [validation 8/10] steps 720 | battery  37.4% ->  74.4% (min  32.8%) | reward    -1.72 | |a| 0.032 | path     254 m
Placing Sensors
  [validation 9/10] steps 720 | battery  33.1% ->  82.2% (min  21.7%) | reward    -3.80 | |a| 0.150 | path     289 m
Placing Sensors
  [validation 10/10] steps 720 | battery  33.0% ->  83.7% (min  31.8%) | reward    -1.60 | |a| 0.025 | path     155 m

==============================================================================
VALIDATION COMPLETE -- 10 independent deterministic episodes
==============================================================================
metric                       mean        std        min        max
reward                      -2.81       1.12      -5.38      -1.60
final battery %             83.08       4.10      74.43      88.01
min battery %               27.62       7.25      12.23      35.95
steps                      720.00       0.00     720.00     720.00
solar W                     29.19       2.85      24.51      32.78
|action|                     0.04       0.04       0.02       0.15
path m                     222.18      51.67     154.93     288.79
tortuosity                   2.37       1.35       1.31       4.92
motion mAh                 163.01      36.36     113.85     205.89
idle mAh                 11584.99       7.90   11582.40   11607.46

survived full 720 steps : 10/10
ended below 20% battery         : 0/10
ended above 70% battery         : 10/10

reward 95% CI: -2.81 +- 0.70  (-3.50 to -2.11)

total step rows written: 7200

==============================================
WALL CLOCK BREAKDOWN
==============================================
Total run time        :   18496.40 s
  Rollout (training)  :   17899.01 s  ( 96.8%)
    - policy inference:     270.38 s  (  1.5%)
    - env + reward    :   17628.63 s  ( 95.3%)
  PPO update()        :      63.76 s  (  0.3%)
  Checkpoint saves    :       0.02 s  (  0.0%)
  Final evaluation    :     362.56 s  (  2.0%)
  Other / logging     :     171.05 s  (  0.9%)

==============================================
PER-CALL AVERAGES
==============================================
Policy inference      :   295835 calls |    0.937 ms/step
  final eval only     :     7200 calls |    0.933 ms/step
PPO update()          :      183 calls |  348.394 ms/update
Episode               :      400 eps   |   45.334 s/episode

update() share of wall clock: 0.3%
