Placing Sensors
[cost_lipschitz] encoder: L2 self-attention, tied qk, spectral c = 2.0. encoder Lipschitz bound = 1.080e+11
Placing Sensors
[Episode 1/900] Steps:  75 | Reward:  -17.52 | Battery:   0.00% | Loss: 
Placing Sensors
[Episode 2/900] Steps:  88 | Reward:  -17.52 | Battery:   0.00% | Loss: 
Placing Sensors
[Episode 3/900] Steps: 158 | Reward:  -17.25 | Battery:   0.00% | Loss: 
Placing Sensors
[Episode 4/900] Steps: 720 | Reward:   -6.30 | Battery:  36.08% | Loss: 
Placing Sensors
Policy -0.0028 | Value 0.0387 | KL 0.00319 | CF 0.0265 | Std 0.1054 | |a| 0.0072 | EV +0.160 | Rsd 0.338 | Res 0.312 | AE 0.893 | Alpha 0.9591 | MB 28/28
  cert | viol 0.544 | dV -0.114816 | V 0.2315 | inball 0.093 | a*_q05 -0.01592 | a*_q50 0.00893 | dV>=0 0.222 | n=150 | a_used 0.01000 -> 0.00950
  crit | n=1 | viol 0.990 | V 1.1839 | Vmin 0.8843 | agree +0.715 | a*_q05 -0.00626 | a*_q50 -0.00045 | dV>=0 0.548 | beta 0.3040
  bell | direct viol 0.961 | direct dV>=0 0.492 | d_mean +0.00050 | d_std 0.01197 | d_q95 0.01613
[Episode 5/900] Steps: 720 | Reward:   -7.12 | Battery:  57.27% | Loss: 1.5876
Placing Sensors
[Episode 6/900] Steps: 720 | Reward:   -6.53 | Battery:  50.15% | Loss: 
Placing Sensors
Policy 0.0012 | Value 0.0052 | KL 0.00132 | CF 0.0069 | Std 0.1055 | |a| 0.0101 | EV +0.769 | Rsd 0.228 | Res 0.131 | AE 0.875 | Alpha 0.9270 | MB 24/24
  cert | viol 0.356 | dV -0.193954 | V 0.3001 | inball 0.255 | a*_q05 -0.01688 | a*_q50 0.01384 | dV>=0 0.096 | n=150 | a_used 0.00950 -> 0.00903
  crit | n=1 | viol 0.996 | V 0.9984 | Vmin 0.7378 | agree +0.563 | a*_q05 -0.00698 | a*_q50 -0.00079 | dV>=0 0.557 | beta 0.3053
  bell | direct viol 0.930 | direct dV>=0 0.462 | d_mean +0.00111 | d_std 0.00939 | d_q95 0.01730
[Episode 7/900] Steps: 720 | Reward:   -6.41 | Battery:  48.25% | Loss: 1.5590
Placing Sensors
[Episode 8/900] Steps:  78 | Reward:  -17.59 | Battery:   0.00% | Loss: 
Placing Sensors
[Episode 9/900] Steps: 720 | Reward:   -6.21 | Battery:  60.70% | Loss: 
Placing Sensors
[Episode 10/900] Steps:  80 | Reward:  -17.65 | Battery:   0.00% | Loss: 
Placing Sensors
[Episode 11/900] Steps: 129 | Reward:  -17.43 | Battery:   0.00% | Loss: 
Placing Sensors
[Episode 12/900] Steps: 142 | Reward:  -17.34 | Battery:   0.00% | Loss: 
Placing Sensors
[Episode 13/900] Steps:  63 | Reward:  -17.59 | Battery:   0.00% | Loss: 
Placing Sensors
[Episode 14/900] Steps:  65 | Reward:  -17.69 | Battery:   0.00% | Loss: 
Placing Sensors
Policy -0.0018 | Value 0.0258 | KL 0.00249 | CF 0.0197 | Std 0.1056 | |a| 0.0069 | EV +0.423 | Rsd 0.458 | Res 0.367 | AE 0.774 | Alpha 0.8841 | MB 32/32
  cert | viol 0.430 | dV -0.143741 | V 0.2634 | inball 0.137 | a*_q05 -0.00077 | a*_q50 0.01000 | dV>=0 0.068 | n=150 | a_used 0.00903 -> 0.00857
  crit | n=1 | viol 0.994 | V 1.2248 | Vmin 0.6972 | agree +0.766 | a*_q05 -0.00588 | a*_q50 0.00062 | dV>=0 0.428 | beta 0.3055
  bell | direct viol 0.909 | direct dV>=0 0.510 | d_mean -0.00160 | d_std 0.02067 | d_q95 0.02767
[Episode 15/900] Steps: 720 | Reward:   -6.25 | Battery:  69.39% | Loss: 1.3909
Placing Sensors
[Episode 16/900] Steps:  79 | Reward:  -17.53 | Battery:   0.00% | Loss: 
Placing Sensors
[Episode 17/900] Steps:  99 | Reward:  -17.47 | Battery:   0.00% | Loss: 
Placing Sensors
[Episode 18/900] Steps:  64 | Reward:  -17.69 | Battery:   0.00% | Loss: 
Placing Sensors
[Episode 19/900] Steps: 105 | Reward:  -17.52 | Battery:   0.00% | Loss: 
Placing Sensors
[Episode 20/900] Steps: 720 | Reward:   -5.69 | Battery:  51.19% | Loss: 
Placing Sensors
[Episode 21/900] Steps:  61 | Reward:  -17.85 | Battery:   0.00% | Loss: 
Placing Sensors
Policy -0.0045 | Value 0.0160 | KL 0.00250 | CF 0.0261 | Std 0.1057 | |a| 0.0117 | EV +0.718 | Rsd 0.533 | Res 0.288 | AE 0.811 | Alpha 0.8463 | MB 32/32
  cert | viol 0.346 | dV -0.150644 | V 0.2441 | inball 0.135 | a*_q05 -0.01670 | a*_q50 0.01166 | dV>=0 0.153 | n=150 | a_used 0.00857 -> 0.00815
  crit | n=1 | viol 0.998 | V 1.2458 | Vmin 0.6460 | agree +0.753 | a*_q05 -0.00598 | a*_q50 -0.00030 | dV>=0 0.534 | beta 0.3067
  bell | direct viol 0.886 | direct dV>=0 0.502 | d_mean +0.00018 | d_std 0.01483 | d_q95 0.02531
[Episode 22/900] Steps: 720 | Reward:   -7.15 | Battery:  35.20% | Loss: 1.4565
Placing Sensors
[Episode 23/900] Steps: 720 | Reward:   -6.78 | Battery:  51.09% | Loss: 
Placing Sensors
[Episode 24/900] Steps:  68 | Reward:  -17.55 | Battery:   0.00% | Loss: 
Placing Sensors
[Episode 25/900] Steps:  64 | Reward:  -17.66 | Battery:   0.00% | Loss: 
Placing Sensors
Policy -0.0090 | Value 0.0099 | KL 0.00498 | CF 0.0606 | Std 0.1058 | |a| 0.0103 | EV +0.870 | Rsd 0.508 | Res 0.184 | AE 0.847 | Alpha 0.8153 | MB 28/28
  cert | viol 0.300 | dV -0.223550 | V 0.3310 | inball 0.208 | a*_q05 -0.00590 | a*_q50 0.01681 | dV>=0 0.077 | n=150 | a_used 0.00815 -> 0.00774
  crit | n=1 | viol 0.963 | V 1.1531 | Vmin 0.6052 | agree +0.529 | a*_q05 -0.00611 | a*_q50 -0.00120 | dV>=0 0.581 | beta 0.3040
  bell | direct viol 0.858 | direct dV>=0 0.416 | d_mean +0.00156 | d_std 0.01447 | d_q95 0.02222
[Episode 26/900] Steps: 720 | Reward:   -6.74 | Battery:  52.33% | Loss: 1.1436
Placing Sensors
[Episode 27/900] Steps:  78 | Reward:  -17.66 | Battery:   0.00% | Loss: 
Placing Sensors
[Episode 28/900] Steps:  69 | Reward:  -17.70 | Battery:   0.00% | Loss: 
Placing Sensors
[Episode 29/900] Steps: 720 | Reward:   -7.02 | Battery:  64.98% | Loss: 
Placing Sensors
Policy -0.0128 | Value 0.0107 | KL 0.00412 | CF 0.0443 | Std 0.1059 | |a| 0.0121 | EV +0.880 | Rsd 0.494 | Res 0.174 | AE 0.867 | Alpha 0.7853 | MB 28/28
  cert | viol 0.324 | dV -0.173617 | V 0.2692 | inball 0.206 | a*_q05 -0.00377 | a*_q50 0.01265 | dV>=0 0.080 | n=150 | a_used 0.00774 -> 0.00735
  crit | n=1 | viol 0.958 | V 1.1202 | Vmin 0.5673 | agree +0.555 | a*_q05 -0.00609 | a*_q50 -0.00073 | dV>=0 0.550 | beta 0.3026
  bell | direct viol 0.857 | direct dV>=0 0.496 | d_mean +0.00049 | d_std 0.01082 | d_q95 0.01783
[Episode 30/900] Steps: 720 | Reward:   -5.57 | Battery:  40.06% | Loss: 1.4367
Placing Sensors
[Episode 31/900] Steps:  79 | Reward:  -17.55 | Battery:   0.00% | Loss: 
Placing Sensors
[Episode 32/900] Steps: 720 | Reward:   -6.20 | Battery:  55.12% | Loss: 
Placing Sensors
[Episode 33/900] Steps: 140 | Reward:  -17.16 | Battery:   0.00% | Loss: 
Placing Sensors
Policy -0.0033 | Value 0.0164 | KL 0.00381 | CF 0.0416 | Std 0.1060 | |a| 0.0134 | EV +0.824 | Rsd 0.505 | Res 0.214 | AE 0.875 | Alpha 0.7550 | MB 28/28
  cert | viol 0.237 | dV -0.253459 | V 0.3654 | inball 0.239 | a*_q05 0.00170 | a*_q50 0.01556 | dV>=0 0.011 | n=150 | a_used 0.00735 -> 0.00660
  crit | n=1 | viol 0.925 | V 1.1147 | Vmin 0.4798 | agree +0.591 | a*_q05 -0.00558 | a*_q50 0.00066 | dV>=0 0.448 | beta 0.3009
  bell | direct viol 0.812 | direct dV>=0 0.463 | d_mean -0.00015 | d_std 0.01512 | d_q95 0.02378
[Episode 34/900] Steps: 720 | Reward:   -7.33 | Battery:  52.69% | Loss: 1.2250
Placing Sensors
[Episode 35/900] Steps:  62 | Reward:  -17.63 | Battery:   0.00% | Loss: 
Placing Sensors
[Episode 36/900] Steps:  76 | Reward:  -17.77 | Battery:   0.00% | Loss: 
Placing Sensors
[Episode 37/900] Steps:  87 | Reward:  -17.57 | Battery:   0.00% | Loss: 
Placing Sensors
[Episode 38/900] Steps:  70 | Reward:  -17.66 | Battery:   0.00% | Loss: 
Placing Sensors
[Episode 39/900] Steps: 720 | Reward:   -5.70 | Battery:  63.87% | Loss: 
Placing Sensors
[Episode 40/900] Steps:  80 | Reward:  -17.69 | Battery:   0.00% | Loss: 
Placing Sensors
[Episode 41/900] Steps: 151 | Reward:  -17.17 | Battery:   0.00% | Loss: 
Placing Sensors
Policy -0.0026 | Value 0.0237 | KL 0.00492 | CF 0.0579 | Std 0.1062 | |a| 0.0134 | EV +0.810 | Rsd 0.610 | Res 0.269 | AE 0.801 | Alpha 0.7206 | MB 32/32
  cert | viol 0.231 | dV -0.215931 | V 0.3277 | inball 0.261 | a*_q05 0.00037 | a*_q50 0.01783 | dV>=0 0.050 | n=150 | a_used 0.00660 -> 0.00547
  crit | n=1 | viol 0.939 | V 1.2801 | Vmin 0.4505 | agree +0.725 | a*_q05 -0.00452 | a*_q50 0.00028 | dV>=0 0.463 | beta 0.2978
  bell | direct viol 0.781 | direct dV>=0 0.455 | d_mean +0.00000 | d_std 0.02500 | d_q95 0.03276
[Episode 42/900] Steps: 720 | Reward:   -6.73 | Battery:  52.41% | Loss: 1.2025
Placing Sensors
[Episode 43/900] Steps:  91 | Reward:  -17.32 | Battery:   0.00% | Loss: 
Placing Sensors
[Episode 44/900] Steps: 191 | Reward:  -17.05 | Battery:   0.00% | Loss: 
Placing Sensors
[Episode 45/900] Steps: 720 | Reward:   -4.84 | Battery:  71.28% | Loss: 
Placing Sensors
Policy -0.0029 | Value 0.0321 | KL 0.00434 | CF 0.0480 | Std 0.1063 | |a| 0.0133 | EV +0.639 | Rsd 0.493 | Res 0.298 | AE 0.854 | Alpha 0.6918 | MB 28/28
  cert | viol 0.445 | dV -0.141201 | V 0.3101 | inball 0.164 | a*_q05 -0.02133 | a*_q50 0.00792 | dV>=0 0.237 | n=150 | a_used 0.00547 -> 0.00520
  crit | n=1 | viol 0.834 | V 1.1345 | Vmin 0.5416 | agree +0.531 | a*_q05 -0.00692 | a*_q50 -0.00015 | dV>=0 0.508 | beta 0.2973
  bell | direct viol 0.754 | direct dV>=0 0.462 | d_mean +0.00032 | d_std 0.01433 | d_q95 0.02344
[Episode 46/900] Steps: 720 | Reward:   -8.72 | Battery:  27.08% | Loss: 1.2386
Placing Sensors
[Episode 47/900] Steps: 720 | Reward:   -5.87 | Battery:  70.51% | Loss: 
Placing Sensors
[Episode 48/900] Steps:  85 | Reward:  -17.69 | Battery:   0.00% | Loss: 
Placing Sensors
[Episode 49/900] Steps:  75 | Reward:  -17.65 | Battery:   0.00% | Loss: 
Placing Sensors
[Episode 50/900] Steps: 139 | Reward:  -17.25 | Battery:   0.00% | Loss: 
Placing Sensors
[Episode 51/900] Steps: 182 | Reward:  -16.98 | Battery:   0.00% | Loss: 
Placing Sensors
[Episode 52/900] Steps:  76 | Reward:  -17.75 | Battery:   0.00% | Loss: 
Placing Sensors
Policy -0.0073 | Value 0.0183 | KL 0.00634 | CF 0.0806 | Std 0.1065 | |a| 0.0192 | EV +0.794 | Rsd 0.576 | Res 0.261 | AE 0.823 | Alpha 0.6599 | MB 32/32
  cert | viol 0.266 | dV -0.219315 | V 0.3893 | inball 0.210 | a*_q05 -0.00056 | a*_q50 0.01826 | dV>=0 0.075 | n=150 | a_used 0.00520 -> 0.00446
  crit | n=1 | viol 0.934 | V 1.3622 | Vmin 0.5677 | agree +0.744 | a*_q05 -0.00682 | a*_q50 -0.00006 | dV>=0 0.515 | beta 0.2961
  bell | direct viol 0.781 | direct dV>=0 0.481 | d_mean +0.00060 | d_std 0.02107 | d_q95 0.03330
[Episode 53/900] Steps: 720 | Reward:   -7.33 | Battery:  61.04% | Loss: 1.1251
Placing Sensors
[Episode 54/900] Steps: 720 | Reward:   -6.42 | Battery:  50.94% | Loss: 
Placing Sensors
Policy -0.0070 | Value 0.0127 | KL 0.00765 | CF 0.1046 | Std 0.1067 | |a| 0.0151 | EV +0.848 | Rsd 0.474 | Res 0.200 | AE 0.866 | Alpha 0.6377 | MB 24/24
  cert | viol 0.220 | dV -0.263841 | V 0.4114 | inball 0.342 | a*_q05 -0.00032 | a*_q50 0.02104 | dV>=0 0.071 | n=150 | a_used 0.00446 -> 0.00424
  crit | n=1 | viol 0.738 | V 1.0623 | Vmin 0.4827 | agree +0.414 | a*_q05 -0.00678 | a*_q50 0.00086 | dV>=0 0.446 | beta 0.2929
  bell | direct viol 0.675 | direct dV>=0 0.365 | d_mean +0.00193 | d_std 0.01453 | d_q95 0.02354
[Episode 55/900] Steps: 720 | Reward:   -7.34 | Battery:  71.70% | Loss: 1.0458
Placing Sensors
[Episode 56/900] Steps: 121 | Reward:  -17.35 | Battery:   0.00% | Loss: 
Placing Sensors
[Episode 57/900] Steps: 720 | Reward:   -6.79 | Battery:  70.25% | Loss: 
Placing Sensors
[Episode 58/900] Steps:  93 | Reward:  -17.61 | Battery:   0.00% | Loss: 
Placing Sensors
[Episode 59/900] Steps: 112 | Reward:  -17.40 | Battery:   0.00% | Loss: 
Placing Sensors
[Episode 60/900] Steps:  65 | Reward:  -17.78 | Battery:   0.00% | Loss: 
Placing Sensors
Policy -0.0040 | Value 0.0178 | KL 0.00805 | CF 0.0947 | Std 0.1069 | |a| 0.0187 | EV +0.789 | Rsd 0.504 | Res 0.231 | AE 0.833 | Alpha 0.6107 | MB 32/32
  cert | viol 0.166 | dV -0.210235 | V 0.3133 | inball 0.209 | a*_q05 -0.00463 | a*_q50 0.01936 | dV>=0 0.086 | n=150 | a_used 0.00424 -> 0.00403
  crit | n=1 | viol 0.914 | V 1.2094 | Vmin 0.5731 | agree +0.761 | a*_q05 -0.00653 | a*_q50 -0.00070 | dV>=0 0.587 | beta 0.2919
  bell | direct viol 0.746 | direct dV>=0 0.486 | d_mean +0.00051 | d_std 0.01524 | d_q95 0.02464
[Episode 61/900] Steps: 720 | Reward:   -4.98 | Battery:  67.70% | Loss: 0.8919
Placing Sensors
[Episode 62/900] Steps: 720 | Reward:   -6.18 | Battery:  66.14% | Loss: 
Placing Sensors
Policy -0.0038 | Value 0.0089 | KL 0.00899 | CF 0.1128 | Std 0.1071 | |a| 0.0179 | EV +0.801 | Rsd 0.382 | Res 0.194 | AE 0.841 | Alpha 0.5902 | MB 24/24
  cert | viol 0.075 | dV -0.252239 | V 0.3366 | inball 0.344 | a*_q05 0.00270 | a*_q50 0.02413 | dV>=0 0.015 | n=150 | a_used 0.00403 -> 0.00401
  crit | n=1 | viol 0.889 | V 1.0447 | Vmin 0.5656 | agree +0.449 | a*_q05 -0.00702 | a*_q50 -0.00074 | dV>=0 0.548 | beta 0.2904
  bell | direct viol 0.675 | direct dV>=0 0.405 | d_mean +0.00230 | d_std 0.01955 | d_q95 0.02991
[Episode 63/900] Steps: 720 | Reward:   -5.62 | Battery:  49.61% | Loss: 0.9905
Placing Sensors
[Episode 64/900] Steps: 101 | Reward:  -17.45 | Battery:   0.00% | Loss: 
Placing Sensors
[Episode 65/900] Steps: 720 | Reward:   -6.89 | Battery:  61.76% | Loss: 
Placing Sensors
[Episode 66/900] Steps: 159 | Reward:  -16.95 | Battery:   0.00% | Loss: 
Placing Sensors
Policy -0.0050 | Value 0.0189 | KL 0.01074 | CF 0.1405 | Std 0.1073 | |a| 0.0232 | EV +0.764 | Rsd 0.455 | Res 0.223 | AE 0.867 | Alpha 0.5669 | MB 28/28
  cert | viol 0.329 | dV -0.202065 | V 0.3872 | inball 0.239 | a*_q05 -0.00146 | a*_q50 0.01274 | dV>=0 0.138 | n=150 | a_used 0.00401 -> 0.00381
  crit | n=1 | viol 0.803 | V 1.1741 | Vmin 0.5425 | agree +0.603 | a*_q05 -0.00675 | a*_q50 0.00075 | dV>=0 0.418 | beta 0.2900
  bell | direct viol 0.703 | direct dV>=0 0.427 | d_mean -0.00108 | d_std 0.02360 | d_q95 0.03136
[Episode 67/900] Steps: 720 | Reward:   -7.09 | Battery:  55.16% | Loss: 0.8800
Placing Sensors
[Episode 68/900] Steps:  86 | Reward:  -17.60 | Battery:   0.00% | Loss: 
Placing Sensors
[Episode 69/900] Steps: 116 | Reward:  -17.43 | Battery:   0.00% | Loss: 
Placing Sensors
[Episode 70/900] Steps: 720 | Reward:   -5.19 | Battery:  49.64% | Loss: 
Placing Sensors
Policy -0.0051 | Value 0.0170 | KL 0.00862 | CF 0.1124 | Std 0.1075 | |a| 0.0222 | EV +0.837 | Rsd 0.497 | Res 0.216 | AE 0.826 | Alpha 0.5453 | MB 28/28
  cert | viol 0.076 | dV -0.258509 | V 0.3291 | inball 0.365 | a*_q05 0.00312 | a*_q50 0.02631 | dV>=0 0.005 | n=150 | a_used 0.00381 -> 0.00391
  crit | n=1 | viol 0.889 | V 1.1529 | Vmin 0.6018 | agree +0.690 | a*_q05 -0.00756 | a*_q50 -0.00129 | dV>=0 0.607 | beta 0.2887
  bell | direct viol 0.705 | direct dV>=0 0.444 | d_mean +0.00132 | d_std 0.02527 | d_q95 0.03612
[Episode 71/900] Steps: 720 | Reward:   -5.37 | Battery:  75.19% | Loss: 0.8137
Placing Sensors
[Episode 72/900] Steps: 720 | Reward:   -7.26 | Battery:  42.06% | Loss: 
Placing Sensors
Policy -0.0003 | Value 0.0236 | KL 0.00653 | CF 0.0829 | Std 0.1077 | |a| 0.0232 | EV +0.687 | Rsd 0.400 | Res 0.241 | AE 0.834 | Alpha 0.5270 | MB 24/24
  cert | viol 0.373 | dV -0.159848 | V 0.3261 | inball 0.181 | a*_q05 -0.01699 | a*_q50 0.00908 | dV>=0 0.236 | n=150 | a_used 0.00391 -> 0.00371
  crit | n=1 | viol 0.901 | V 1.1933 | Vmin 0.6005 | agree +0.354 | a*_q05 -0.00729 | a*_q50 -0.00122 | dV>=0 0.603 | beta 0.2872
  bell | direct viol 0.730 | direct dV>=0 0.437 | d_mean +0.00187 | d_std 0.01694 | d_q95 0.02688
[Episode 73/900] Steps: 720 | Reward:   -7.07 | Battery:  49.63% | Loss: 0.9017
Placing Sensors
[Episode 74/900] Steps: 720 | Reward:   -7.25 | Battery:  74.21% | Loss: 
Placing Sensors
Policy -0.0013 | Value 0.0089 | KL 0.00668 | CF 0.0847 | Std 0.1079 | |a| 0.0185 | EV +0.867 | Rsd 0.335 | Res 0.164 | AE 0.911 | Alpha 0.5093 | MB 24/24
  cert | viol 0.281 | dV -0.167894 | V 0.3327 | inball 0.172 | a*_q05 -0.00238 | a*_q50 0.00800 | dV>=0 0.103 | n=150 | a_used 0.00371 -> 0.00353
  crit | n=1 | viol 0.900 | V 1.1605 | Vmin 0.6368 | agree +0.520 | a*_q05 -0.00743 | a*_q50 -0.00136 | dV>=0 0.626 | beta 0.2886
  bell | direct viol 0.757 | direct dV>=0 0.518 | d_mean +0.00189 | d_std 0.01013 | d_q95 0.02070
[Episode 75/900] Steps: 720 | Reward:   -6.02 | Battery:  61.65% | Loss: 0.8083
Placing Sensors
[Episode 76/900] Steps: 720 | Reward:   -5.91 | Battery:  74.80% | Loss: 
Placing Sensors
Policy -0.0032 | Value 0.0131 | KL 0.00586 | CF 0.0686 | Std 0.1081 | |a| 0.0163 | EV +0.816 | Rsd 0.327 | Res 0.192 | AE 0.822 | Alpha 0.4922 | MB 24/24
  cert | viol 0.262 | dV -0.202388 | V 0.3071 | inball 0.248 | a*_q05 -0.01246 | a*_q50 0.01162 | dV>=0 0.170 | n=150 | a_used 0.00353 -> 0.00335
  crit | n=1 | viol 0.894 | V 1.1656 | Vmin 0.7000 | agree +0.461 | a*_q05 -0.00676 | a*_q50 -0.00145 | dV>=0 0.586 | beta 0.2900
  bell | direct viol 0.703 | direct dV>=0 0.457 | d_mean +0.00229 | d_std 0.01365 | d_q95 0.02519
[Episode 77/900] Steps: 720 | Reward:   -7.05 | Battery:  49.91% | Loss: 0.8854
Placing Sensors
[Episode 78/900] Steps:  98 | Reward:  -17.53 | Battery:   0.00% | Loss: 
Placing Sensors
[Episode 79/900] Steps: 720 | Reward:   -8.11 | Battery:  57.73% | Loss: 
Placing Sensors
[Episode 80/900] Steps:  74 | Reward:  -17.68 | Battery:   0.00% | Loss: 
Placing Sensors
Policy -0.0108 | Value 0.0184 | KL 0.00640 | CF 0.0781 | Std 0.1083 | |a| 0.0174 | EV +0.797 | Rsd 0.450 | Res 0.203 | AE 0.821 | Alpha 0.4738 | MB 28/28
  cert | viol 0.358 | dV -0.187095 | V 0.3399 | inball 0.173 | a*_q05 -0.00664 | a*_q50 0.00747 | dV>=0 0.210 | n=150 | a_used 0.00335 -> 0.00318
  crit | n=1 | viol 0.793 | V 1.1527 | Vmin 0.5922 | agree +0.619 | a*_q05 -0.00662 | a*_q50 0.00053 | dV>=0 0.441 | beta 0.2893
  bell | direct viol 0.711 | direct dV>=0 0.450 | d_mean +0.00061 | d_std 0.01576 | d_q95 0.02584
[Episode 81/900] Steps: 720 | Reward:   -6.04 | Battery:  61.70% | Loss: 0.5858
Placing Sensors
[Episode 82/900] Steps:  78 | Reward:  -17.75 | Battery:   0.00% | Loss: 
Placing Sensors
[Episode 83/900] Steps:  76 | Reward:  -17.61 | Battery:   0.00% | Loss: 
Placing Sensors
[Episode 84/900] Steps: 720 | Reward:   -5.57 | Battery:  60.29% | Loss: 
Placing Sensors
Policy 0.0102 | Value 0.0160 | KL 0.00808 | CF 0.0992 | Std 0.1086 | |a| 0.0178 | EV +0.781 | Rsd 0.475 | Res 0.230 | AE 0.874 | Alpha 0.4562 | MB 28/28
  cert | viol 0.037 | dV -0.256680 | V 0.3324 | inball 0.331 | a*_q05 0.00407 | a*_q50 0.02627 | dV>=0 0.000 | n=150 | a_used 0.00318 -> 0.00324
  crit | n=1 | viol 0.814 | V 1.0916 | Vmin 0.5300 | agree +0.612 | a*_q05 -0.00697 | a*_q50 -0.00002 | dV>=0 0.499 | beta 0.2864
  bell | direct viol 0.663 | direct dV>=0 0.420 | d_mean +0.00155 | d_std 0.01236 | d_q95 0.02142
[Episode 85/900] Steps: 720 | Reward:   -5.67 | Battery:  52.03% | Loss: 0.7120
Placing Sensors
[Episode 86/900] Steps:  86 | Reward:  -17.58 | Battery:   0.00% | Loss: 
Placing Sensors
[Episode 87/900] Steps: 720 | Reward:   -6.12 | Battery:  72.63% | Loss: 
Placing Sensors
Policy -0.0063 | Value 0.0180 | KL 0.00712 | CF 0.0925 | Std 0.1088 | |a| 0.0126 | EV +0.735 | Rsd 0.450 | Res 0.234 | AE 0.916 | Alpha 0.4400 | MB 24/24
  cert | viol 0.054 | dV -0.238703 | V 0.3142 | inball 0.397 | a*_q05 0.00337 | a*_q50 0.02532 | dV>=0 0.002 | n=150 | a_used 0.00324 -> 0.00327
  crit | n=1 | viol 0.634 | V 0.8116 | Vmin 0.4007 | agree +0.621 | a*_q05 -0.00809 | a*_q50 0.00029 | dV>=0 0.481 | beta 0.2781
  bell | direct viol 0.565 | direct dV>=0 0.383 | d_mean +0.00147 | d_std 0.02006 | d_q95 0.03166
[Episode 88/900] Steps: 720 | Reward:   -3.88 | Battery:  74.45% | Loss: 0.7345
Placing Sensors
[Episode 89/900] Steps: 720 | Reward:   -7.12 | Battery:  65.48% | Loss: 
Placing Sensors
Policy -0.0053 | Value 0.0108 | KL 0.00960 | CF 0.1211 | Std 0.1091 | |a| 0.0210 | EV +0.804 | Rsd 0.402 | Res 0.179 | AE 0.908 | Alpha 0.4253 | MB 24/24
  cert | viol 0.101 | dV -0.259038 | V 0.3567 | inball 0.343 | a*_q05 0.00113 | a*_q50 0.02004 | dV>=0 0.041 | n=150 | a_used 0.00327 -> 0.00326
  crit | n=1 | viol 0.600 | V 0.8891 | Vmin 0.4062 | agree +0.302 | a*_q05 -0.00621 | a*_q50 0.00170 | dV>=0 0.418 | beta 0.2730
  bell | direct viol 0.598 | direct dV>=0 0.411 | d_mean -0.00011 | d_std 0.01109 | d_q95 0.01936
[Episode 90/900] Steps: 720 | Reward:   -4.99 | Battery:  43.85% | Loss: 0.7710
Placing Sensors
[Episode 91/900] Steps: 127 | Reward:  -17.30 | Battery:   0.00% | Loss: 
Placing Sensors
[Episode 92/900] Steps: 104 | Reward:  -17.31 | Battery:   0.00% | Loss: 
Placing Sensors
[Episode 93/900] Steps: 720 | Reward:   -5.56 | Battery:  69.38% | Loss: 
Placing Sensors
[Episode 94/900] Steps:  80 | Reward:  -17.63 | Battery:   0.00% | Loss: 
Placing Sensors
Policy -0.0023 | Value 0.0405 | KL 0.00725 | CF 0.0863 | Std 0.1093 | |a| 0.0197 | EV +0.727 | Rsd 0.516 | Res 0.274 | AE 0.871 | Alpha 0.4080 | MB 28/28
  cert | viol 0.077 | dV -0.195381 | V 0.2811 | inball 0.268 | a*_q05 0.00186 | a*_q50 0.01673 | dV>=0 0.029 | n=150 | a_used 0.00326 -> 0.00328
  crit | n=1 | viol 0.740 | V 1.0352 | Vmin 0.4156 | agree +0.698 | a*_q05 -0.00576 | a*_q50 0.00094 | dV>=0 0.416 | beta 0.2664
  bell | direct viol 0.699 | direct dV>=0 0.502 | d_mean -0.00026 | d_std 0.02009 | d_q95 0.02972
[Episode 95/900] Steps: 720 | Reward:   -5.62 | Battery:  66.51% | Loss: 0.7238
Placing Sensors
[Episode 96/900] Steps: 720 | Reward:   -6.03 | Battery:  77.49% | Loss: 
Placing Sensors
[Episode 97/900] Steps: 129 | Reward:  -17.40 | Battery:   0.00% | Loss: 
Placing Sensors
Policy -0.0130 | Value 0.0256 | KL 0.00720 | CF 0.0893 | Std 0.1095 | |a| 0.0190 | EV +0.750 | Rsd 0.446 | Res 0.223 | AE 0.894 | Alpha 0.3931 | MB 28/28
  cert | viol 0.176 | dV -0.261324 | V 0.3883 | inball 0.351 | a*_q05 0.00085 | a*_q50 0.02383 | dV>=0 0.034 | n=150 | a_used 0.00328 -> 0.00308
  crit | n=1 | viol 0.662 | V 0.9631 | Vmin 0.4656 | agree +0.627 | a*_q05 -0.00659 | a*_q50 0.00179 | dV>=0 0.356 | beta 0.2626
  bell | direct viol 0.608 | direct dV>=0 0.406 | d_mean -0.00069 | d_std 0.02949 | d_q95 0.03588
[Episode 98/900] Steps: 720 | Reward:   -6.25 | Battery:  58.60% | Loss: 0.3862
Placing Sensors
[Episode 99/900] Steps: 720 | Reward:   -5.46 | Battery:  72.63% | Loss: 
Placing Sensors
Policy -0.0062 | Value 0.0090 | KL 0.00794 | CF 0.1100 | Std 0.1097 | |a| 0.0147 | EV +0.845 | Rsd 0.373 | Res 0.147 | AE 0.941 | Alpha 0.3799 | MB 24/24
  cert | viol 0.046 | dV -0.248799 | V 0.3439 | inball 0.446 | a*_q05 0.00368 | a*_q50 0.02107 | dV>=0 0.000 | n=150 | a_used 0.00308 -> 0.00316
  crit | n=1 | viol 0.540 | V 0.7391 | Vmin 0.3532 | agree +0.623 | a*_q05 -0.00600 | a*_q50 0.00262 | dV>=0 0.292 | beta 0.2559
  bell | direct viol 0.506 | direct dV>=0 0.329 | d_mean +0.00026 | d_std 0.01731 | d_q95 0.02842
[Episode 100/900] Steps: 720 | Reward:   -5.32 | Battery:  74.72% | Loss: 0.6949
Placing Sensors
[Episode 101/900] Steps: 720 | Reward:   -7.45 | Battery:  52.61% | Loss: 
Placing Sensors
Policy -0.0082 | Value 0.0090 | KL 0.00700 | CF 0.0895 | Std 0.1099 | |a| 0.0212 | EV +0.885 | Rsd 0.362 | Res 0.141 | AE 0.924 | Alpha 0.3672 | MB 24/24
  cert | viol 0.228 | dV -0.208750 | V 0.3486 | inball 0.283 | a*_q05 -0.00002 | a*_q50 0.01544 | dV>=0 0.055 | n=150 | a_used 0.00316 -> 0.00290
  crit | n=1 | viol 0.470 | V 0.7963 | Vmin 0.3643 | agree +0.324 | a*_q05 -0.00522 | a*_q50 0.00362 | dV>=0 0.325 | beta 0.2490
  bell | direct viol 0.601 | direct dV>=0 0.421 | d_mean -0.00210 | d_std 0.01375 | d_q95 0.01975
[Episode 102/900] Steps: 720 | Reward:   -5.77 | Battery:  67.62% | Loss: 0.5919
Placing Sensors
[Episode 103/900] Steps:  61 | Reward:  -17.72 | Battery:   0.00% | Loss: 
Placing Sensors
[Episode 104/900] Steps: 136 | Reward:  -17.14 | Battery:   0.00% | Loss: 
Placing Sensors
[Episode 105/900] Steps:  62 | Reward:  -17.63 | Battery:   0.00% | Loss: 
Placing Sensors
[Episode 106/900] Steps: 720 | Reward:   -6.75 | Battery:  65.24% | Loss: 
Placing Sensors
Policy -0.0078 | Value 0.0242 | KL 0.00585 | CF 0.0677 | Std 0.1101 | |a| 0.0209 | EV +0.801 | Rsd 0.523 | Res 0.251 | AE 0.875 | Alpha 0.3527 | MB 28/28
  cert | viol 0.163 | dV -0.222335 | V 0.3528 | inball 0.253 | a*_q05 -0.00061 | a*_q50 0.01669 | dV>=0 0.068 | n=150 | a_used 0.00290 -> 0.00247
  crit | n=1 | viol 0.533 | V 1.0268 | Vmin 0.3705 | agree +0.609 | a*_q05 -0.00569 | a*_q50 0.00256 | dV>=0 0.299 | beta 0.2459
  bell | direct viol 0.617 | direct dV>=0 0.478 | d_mean -0.00180 | d_std 0.01566 | d_q95 0.02858
[Episode 107/900] Steps: 720 | Reward:   -6.09 | Battery:  62.54% | Loss: 0.6368
Placing Sensors
[Episode 108/900] Steps:  86 | Reward:  -17.58 | Battery:   0.00% | Loss: 
Placing Sensors
[Episode 109/900] Steps: 102 | Reward:  -17.48 | Battery:   0.00% | Loss: 
Placing Sensors
[Episode 110/900] Steps: 720 | Reward:   -4.93 | Battery:  70.33% | Loss: 
Placing Sensors
Policy 0.0001 | Value 0.0252 | KL 0.00608 | CF 0.0714 | Std 0.1103 | |a| 0.0164 | EV +0.771 | Rsd 0.528 | Res 0.253 | AE 0.866 | Alpha 0.3394 | MB 28/28
  cert | viol 0.216 | dV -0.224189 | V 0.3573 | inball 0.383 | a*_q05 -0.00048 | a*_q50 0.02296 | dV>=0 0.106 | n=150 | a_used 0.00247 -> 0.00234
  crit | n=1 | viol 0.651 | V 1.0545 | Vmin 0.4107 | agree +0.588 | a*_q05 -0.00723 | a*_q50 0.00085 | dV>=0 0.418 | beta 0.2456
  bell | direct viol 0.612 | direct dV>=0 0.459 | d_mean +0.00066 | d_std 0.02340 | d_q95 0.03490
[Episode 111/900] Steps: 720 | Reward:   -6.61 | Battery:  59.67% | Loss: 0.4668
Placing Sensors
[Episode 112/900] Steps:  97 | Reward:  -17.56 | Battery:   0.00% | Loss: 
Placing Sensors
[Episode 113/900] Steps: 720 | Reward:   -5.10 | Battery:  57.60% | Loss: 
Placing Sensors
[Episode 114/900] Steps: 111 | Reward:  -17.18 | Battery:   0.00% | Loss: 
Placing Sensors
[Episode 115/900] Steps:  79 | Reward:  -17.69 | Battery:   0.00% | Loss: 
Placing Sensors
Policy -0.0040 | Value 0.0227 | KL 0.00888 | CF 0.1165 | Std 0.1106 | |a| 0.0196 | EV +0.862 | Rsd 0.604 | Res 0.226 | AE 0.856 | Alpha 0.3257 | MB 28/28
  cert | viol 0.000 | dV -0.272194 | V 0.3132 | inball 0.395 | a*_q05 0.00718 | a*_q50 0.03170 | dV>=0 0.000 | n=150 | a_used 0.00234 -> 0.00248
  crit | n=1 | viol 0.760 | V 1.0407 | Vmin 0.3285 | agree +0.701 | a*_q05 -0.00689 | a*_q50 -0.00008 | dV>=0 0.507 | beta 0.2399
  bell | direct viol 0.523 | direct dV>=0 0.396 | d_mean +0.00185 | d_std 0.02227 | d_q95 0.03619
[Episode 116/900] Steps: 720 | Reward:   -4.10 | Battery:  65.11% | Loss: 0.5679
Placing Sensors
[Episode 117/900] Steps: 720 | Reward:   -7.03 | Battery:  55.50% | Loss: 
Placing Sensors
[Episode 118/900] Steps:  78 | Reward:  -17.61 | Battery:   0.00% | Loss: 
Placing Sensors
[Episode 119/900] Steps:  65 | Reward:  -17.55 | Battery:   0.00% | Loss: 
Placing Sensors
Policy -0.0101 | Value 0.0180 | KL 0.00715 | CF 0.0834 | Std 0.1108 | |a| 0.0233 | EV +0.828 | Rsd 0.551 | Res 0.229 | AE 0.878 | Alpha 0.3138 | MB 28/28
  cert | viol 0.233 | dV -0.183428 | V 0.2844 | inball 0.236 | a*_q05 -0.01801 | a*_q50 0.01174 | dV>=0 0.139 | n=150 | a_used 0.00248 -> 0.00235
  crit | n=1 | viol 0.597 | V 0.9434 | Vmin 0.3484 | agree +0.672 | a*_q05 -0.00615 | a*_q50 0.00126 | dV>=0 0.393 | beta 0.2364
  bell | direct viol 0.557 | direct dV>=0 0.463 | d_mean +0.00003 | d_std 0.02188 | d_q95 0.03353
[Episode 120/900] Steps: 720 | Reward:   -4.74 | Battery:  79.77% | Loss: 0.5726
Placing Sensors
[Episode 121/900] Steps: 720 | Reward:   -4.57 | Battery:  73.29% | Loss: 
Placing Sensors
Policy -0.0049 | Value 0.0083 | KL 0.00904 | CF 0.1196 | Std 0.1110 | |a| 0.0166 | EV +0.863 | Rsd 0.360 | Res 0.137 | AE 0.910 | Alpha 0.3032 | MB 24/24
  cert | viol 0.049 | dV -0.225854 | V 0.2931 | inball 0.464 | a*_q05 0.00288 | a*_q50 0.02871 | dV>=0 0.000 | n=150 | a_used 0.00235 -> 0.00238
  crit | n=1 | viol 0.592 | V 0.7316 | Vmin 0.3581 | agree +0.398 | a*_q05 -0.00731 | a*_q50 0.00062 | dV>=0 0.464 | beta 0.2341
  bell | direct viol 0.482 | direct dV>=0 0.371 | d_mean +0.00167 | d_std 0.01612 | d_q95 0.03082
[Episode 122/900] Steps: 720 | Reward:   -4.88 | Battery:  57.42% | Loss: 0.4308
Placing Sensors
[Episode 123/900] Steps:  82 | Reward:  -17.70 | Battery:   0.00% | Loss: 
Placing Sensors
[Episode 124/900] Steps: 720 | Reward:   -6.18 | Battery:  50.89% | Loss: 
Placing Sensors
Policy -0.0082 | Value 0.0104 | KL 0.00889 | CF 0.1032 | Std 0.1112 | |a| 0.0217 | EV +0.868 | Rsd 0.384 | Res 0.150 | AE 0.901 | Alpha 0.2925 | MB 24/24
  cert | viol 0.263 | dV -0.176080 | V 0.2814 | inball 0.194 | a*_q05 -0.01172 | a*_q50 0.00968 | dV>=0 0.204 | n=150 | a_used 0.00238 -> 0.00226
  crit | n=1 | viol 0.563 | V 0.8851 | Vmin 0.4538 | agree +0.514 | a*_q05 -0.00563 | a*_q50 0.00142 | dV>=0 0.406 | beta 0.2330
  bell | direct viol 0.608 | direct dV>=0 0.480 | d_mean -0.00132 | d_std 0.01783 | d_q95 0.02732
[Episode 125/900] Steps: 720 | Reward:   -6.56 | Battery:  68.03% | Loss: 0.6135
Placing Sensors
[Episode 126/900] Steps: 720 | Reward:   -6.04 | Battery:  61.60% | Loss: 
Placing Sensors
Policy -0.0087 | Value 0.0093 | KL 0.00791 | CF 0.1095 | Std 0.1113 | |a| 0.0247 | EV +0.909 | Rsd 0.389 | Res 0.125 | AE 0.897 | Alpha 0.2827 | MB 24/24
  cert | viol 0.065 | dV -0.319187 | V 0.4214 | inball 0.418 | a*_q05 0.00203 | a*_q50 0.02846 | dV>=0 0.015 | n=150 | a_used 0.00226 -> 0.00234
  crit | n=1 | viol 0.485 | V 0.8165 | Vmin 0.3435 | agree +0.583 | a*_q05 -0.00687 | a*_q50 0.00232 | dV>=0 0.411 | beta 0.2284
  bell | direct viol 0.452 | direct dV>=0 0.350 | d_mean +0.00090 | d_std 0.01801 | d_q95 0.02738
[Episode 127/900] Steps: 720 | Reward:   -5.23 | Battery:  73.20% | Loss: 0.4199
Placing Sensors
[Episode 128/900] Steps: 720 | Reward:   -4.65 | Battery:  62.67% | Loss: 
Placing Sensors
Policy -0.0068 | Value 0.0089 | KL 0.01081 | CF 0.1427 | Std 0.1115 | |a| 0.0245 | EV +0.843 | Rsd 0.314 | Res 0.127 | AE 0.877 | Alpha 0.2732 | MB 24/24
  cert | viol 0.139 | dV -0.191430 | V 0.2850 | inball 0.345 | a*_q05 -0.00805 | a*_q50 0.02035 | dV>=0 0.070 | n=150 | a_used 0.00234 -> 0.00223
  crit | n=1 | viol 0.555 | V 0.7363 | Vmin 0.3301 | agree +0.499 | a*_q05 -0.00691 | a*_q50 0.00160 | dV>=0 0.398 | beta 0.2238
  bell | direct viol 0.532 | direct dV>=0 0.437 | d_mean -0.00016 | d_std 0.02517 | d_q95 0.03950
[Episode 129/900] Steps: 720 | Reward:   -6.37 | Battery:  62.73% | Loss: 0.3991
Placing Sensors
[Episode 130/900] Steps: 720 | Reward:   -6.27 | Battery:  53.29% | Loss: 
Placing Sensors
Policy -0.0039 | Value 0.0066 | KL 0.00528 | CF 0.0542 | Std 0.1117 | |a| 0.0206 | EV +0.911 | Rsd 0.375 | Res 0.116 | AE 0.861 | Alpha 0.2640 | MB 24/24
  cert | viol 0.046 | dV -0.248712 | V 0.3409 | inball 0.390 | a*_q05 0.00249 | a*_q50 0.02225 | dV>=0 0.007 | n=150 | a_used 0.00223 -> 0.00224
  crit | n=1 | viol 0.392 | V 0.7880 | Vmin 0.2913 | agree +0.388 | a*_q05 -0.00490 | a*_q50 0.00374 | dV>=0 0.296 | beta 0.2210
  bell | direct viol 0.475 | direct dV>=0 0.386 | d_mean -0.00109 | d_std 0.01746 | d_q95 0.02787
[Episode 131/900] Steps: 720 | Reward:   -5.45 | Battery:  74.62% | Loss: 0.3664
Placing Sensors
[Episode 132/900] Steps: 720 | Reward:   -4.06 | Battery:  62.33% | Loss: 
Placing Sensors
Policy -0.0022 | Value 0.0055 | KL 0.01391 | CF 0.1780 | Std 0.1118 | |a| 0.0272 | EV +0.928 | Rsd 0.413 | Res 0.112 | AE 0.877 | Alpha 0.2552 | MB 24/24
  cert | viol 0.064 | dV -0.253911 | V 0.3660 | inball 0.454 | a*_q05 0.00161 | a*_q50 0.02299 | dV>=0 0.036 | n=150 | a_used 0.00224 -> 0.00191
  crit | n=1 | viol 0.386 | V 0.7928 | Vmin 0.3275 | agree +0.363 | a*_q05 -0.00641 | a*_q50 0.00403 | dV>=0 0.280 | beta 0.2189
  bell | direct viol 0.487 | direct dV>=0 0.384 | d_mean -0.00067 | d_std 0.01442 | d_q95 0.02768
[Episode 133/900] Steps: 720 | Reward:   -6.63 | Battery:  76.41% | Loss: 0.4335
Placing Sensors
[Episode 134/900] Steps: 720 | Reward:   -5.73 | Battery:  74.78% | Loss: 
Placing Sensors
Policy -0.0045 | Value 0.0078 | KL 0.00745 | CF 0.1056 | Std 0.1120 | |a| 0.0267 | EV +0.875 | Rsd 0.378 | Res 0.134 | AE 0.864 | Alpha 0.2466 | MB 24/24
  cert | viol 0.106 | dV -0.226621 | V 0.3211 | inball 0.334 | a*_q05 -0.00785 | a*_q50 0.02253 | dV>=0 0.054 | n=150 | a_used 0.00191 -> 0.00183
  crit | n=1 | viol 0.478 | V 0.8069 | Vmin 0.3240 | agree +0.394 | a*_q05 -0.00483 | a*_q50 0.00230 | dV>=0 0.380 | beta 0.2165
  bell | direct viol 0.541 | direct dV>=0 0.455 | d_mean -0.00087 | d_std 0.01865 | d_q95 0.02909
[Episode 135/900] Steps: 720 | Reward:   -6.25 | Battery:  54.24% | Loss: 0.4336
Placing Sensors
[Episode 136/900] Steps:  74 | Reward:  -17.66 | Battery:   0.00% | Loss: 
Placing Sensors
[Episode 137/900] Steps: 119 | Reward:  -17.30 | Battery:   0.00% | Loss: 
Placing Sensors
[Episode 138/900] Steps: 720 | Reward:   -5.34 | Battery:  71.68% | Loss: 
Placing Sensors
Policy -0.0111 | Value 0.0184 | KL 0.01247 | CF 0.1268 | Std 0.1121 | |a| 0.0259 | EV +0.851 | Rsd 0.532 | Res 0.206 | AE 0.843 | Alpha 0.2373 | MB 28/28
  cert | viol 0.002 | dV -0.240358 | V 0.2926 | inball 0.405 | a*_q05 0.00501 | a*_q50 0.02566 | dV>=0 0.000 | n=150 | a_used 0.00183 -> 0.00192
  crit | n=1 | viol 0.603 | V 0.8840 | Vmin 0.3570 | agree +0.776 | a*_q05 -0.00556 | a*_q50 0.00094 | dV>=0 0.397 | beta 0.2132
  bell | direct viol 0.471 | direct dV>=0 0.377 | d_mean +0.00178 | d_std 0.02347 | d_q95 0.03823
[Episode 139/900] Steps: 720 | Reward:   -4.47 | Battery:  66.61% | Loss: 0.3965
Placing Sensors
[Episode 140/900] Steps: 720 | Reward:   -3.89 | Battery:  55.11% | Loss: 
Placing Sensors
Policy -0.0079 | Value 0.0063 | KL 0.00775 | CF 0.0920 | Std 0.1123 | |a| 0.0335 | EV +0.925 | Rsd 0.438 | Res 0.123 | AE 0.896 | Alpha 0.2293 | MB 24/24
  cert | viol 0.041 | dV -0.206018 | V 0.2783 | inball 0.390 | a*_q05 0.00329 | a*_q50 0.02180 | dV>=0 0.018 | n=150 | a_used 0.00192 -> 0.00198
  crit | n=1 | viol 0.448 | V 0.7541 | Vmin 0.3021 | agree +0.256 | a*_q05 -0.00556 | a*_q50 0.00277 | dV>=0 0.329 | beta 0.2081
  bell | direct viol 0.551 | direct dV>=0 0.452 | d_mean -0.00113 | d_std 0.01666 | d_q95 0.02808
[Episode 141/900] Steps: 720 | Reward:   -6.37 | Battery:  67.82% | Loss: 0.2608
Placing Sensors
[Episode 142/900] Steps: 720 | Reward:   -5.49 | Battery:  50.16% | Loss: 
Placing Sensors
Policy -0.0006 | Value 0.0123 | KL 0.00982 | CF 0.1219 | Std 0.1124 | |a| 0.0528 | EV +0.870 | Rsd 0.474 | Res 0.173 | AE 0.849 | Alpha 0.2216 | MB 24/24
  cert | viol 0.183 | dV -0.259339 | V 0.4232 | inball 0.301 | a*_q05 -0.00037 | a*_q50 0.01690 | dV>=0 0.065 | n=150 | a_used 0.00198 -> 0.00173
  crit | n=1 | viol 0.452 | V 0.9109 | Vmin 0.3013 | agree +0.334 | a*_q05 -0.00710 | a*_q50 0.00287 | dV>=0 0.363 | beta 0.2047
  bell | direct viol 0.499 | direct dV>=0 0.429 | d_mean -0.00027 | d_std 0.02568 | d_q95 0.04173
[Episode 143/900] Steps: 720 | Reward:   -8.26 | Battery:  62.34% | Loss: 0.4527
Placing Sensors
[Episode 144/900] Steps: 720 | Reward:   -6.68 | Battery:  56.88% | Loss: 
Placing Sensors
[Episode 145/900] Steps:  80 | Reward:  -17.68 | Battery:   0.00% | Loss: 
Placing Sensors
[Episode 146/900] Steps:  97 | Reward:  -17.60 | Battery:   0.00% | Loss: 
Placing Sensors
Policy -0.0012 | Value 0.0192 | KL 0.01205 | CF 0.1572 | Std 0.1126 | |a| 0.0449 | EV +0.855 | Rsd 0.543 | Res 0.217 | AE 0.839 | Alpha 0.2133 | MB 28/28
  cert | viol 0.136 | dV -0.248474 | V 0.4085 | inball 0.334 | a*_q05 -0.00055 | a*_q50 0.01978 | dV>=0 0.088 | n=150 | a_used 0.00173 -> 0.00171
  crit | n=1 | viol 0.447 | V 0.9678 | Vmin 0.2555 | agree +0.664 | a*_q05 -0.00610 | a*_q50 0.00241 | dV>=0 0.306 | beta 0.1986
  bell | direct viol 0.486 | direct dV>=0 0.420 | d_mean +0.00025 | d_std 0.02687 | d_q95 0.04114
[Episode 147/900] Steps: 720 | Reward:   -5.96 | Battery:  75.77% | Loss: 0.4014
Placing Sensors
[Episode 148/900] Steps: 720 | Reward:   -8.63 | Battery:  27.32% | Loss: 
Placing Sensors
[Episode 149/900] Steps: 101 | Reward:  -17.48 | Battery:   0.00% | Loss: 
Placing Sensors
[Episode 150/900] Steps:  74 | Reward:  -17.70 | Battery:   0.00% | Loss: 
Placing Sensors
Policy 0.0007 | Value 0.0215 | KL 0.01098 | CF 0.1446 | Std 0.1128 | |a| 0.0408 | EV +0.805 | Rsd 0.572 | Res 0.273 | AE 0.841 | Alpha 0.2053 | MB 28/28
  cert | viol 0.252 | dV -0.158925 | V 0.3046 | inball 0.173 | a*_q05 -0.01653 | a*_q50 0.00752 | dV>=0 0.199 | n=150 | a_used 0.00171 -> 0.00163
  crit | n=1 | viol 0.520 | V 1.0171 | Vmin 0.3440 | agree +0.648 | a*_q05 -0.00389 | a*_q50 0.00160 | dV>=0 0.335 | beta 0.1986
  bell | direct viol 0.507 | direct dV>=0 0.432 | d_mean -0.00141 | d_std 0.02921 | d_q95 0.04215
[Episode 151/900] Steps: 720 | Reward:   -5.81 | Battery:  54.30% | Loss: 0.5314
Placing Sensors
[Episode 152/900] Steps:  99 | Reward:  -17.66 | Battery:   0.00% | Loss: 
Placing Sensors
[Episode 153/900] Steps:  79 | Reward:  -17.75 | Battery:   0.00% | Loss: 
Placing Sensors
[Episode 154/900] Steps: 146 | Reward:  -17.39 | Battery:   0.00% | Loss: 
Placing Sensors
[Episode 155/900] Steps: 720 | Reward:   -5.87 | Battery:  68.86% | Loss: 
Placing Sensors
[Episode 156/900] Steps: 117 | Reward:  -17.49 | Battery:   0.00% | Loss: 
Placing Sensors
Policy -0.0071 | Value 0.0231 | KL 0.00927 | CF 0.1134 | Std 0.1129 | |a| 0.0367 | EV +0.845 | Rsd 0.677 | Res 0.277 | AE 0.888 | Alpha 0.1963 | MB 32/32
  cert | viol 0.057 | dV -0.247668 | V 0.3209 | inball 0.258 | a*_q05 -0.00145 | a*_q50 0.02017 | dV>=0 0.048 | n=150 | a_used 0.00163 -> 0.00153
  crit | n=1 | viol 0.566 | V 1.0658 | Vmin 0.2457 | agree +0.755 | a*_q05 -0.00674 | a*_q50 0.00115 | dV>=0 0.368 | beta 0.1932
  bell | direct viol 0.542 | direct dV>=0 0.468 | d_mean -0.00059 | d_std 0.03297 | d_q95 0.04992
[Episode 157/900] Steps: 720 | Reward:   -4.93 | Battery:  68.62% | Loss: 0.2737
Placing Sensors
[Episode 158/900] Steps:  76 | Reward:  -17.70 | Battery:   0.00% | Loss: 
Placing Sensors
[Episode 159/900] Steps: 206 | Reward:  -16.94 | Battery:   0.00% | Loss: 
Placing Sensors
[Episode 160/900] Steps: 720 | Reward:   -4.88 | Battery:  53.95% | Loss: 
Placing Sensors
[Episode 161/900] Steps:  79 | Reward:  -17.63 | Battery:   0.00% | Loss: 
Placing Sensors
Policy -0.0176 | Value 0.0210 | KL 0.01149 | CF 0.1445 | Std 0.1131 | |a| 0.0472 | EV +0.797 | Rsd 0.576 | Res 0.260 | AE 0.836 | Alpha 0.1881 | MB 32/32
  cert | viol 0.135 | dV -0.167338 | V 0.2614 | inball 0.305 | a*_q05 -0.00664 | a*_q50 0.02051 | dV>=0 0.113 | n=150 | a_used 0.00153 -> 0.00168
  crit | n=1 | viol 0.743 | V 1.0935 | Vmin 0.3941 | agree +0.640 | a*_q05 -0.00615 | a*_q50 -0.00107 | dV>=0 0.610 | beta 0.1943
  bell | direct viol 0.532 | direct dV>=0 0.473 | d_mean -0.00312 | d_std 0.03938 | d_q95 0.07052
[Episode 162/900] Steps: 720 | Reward:   -5.69 | Battery:  58.65% | Loss: 0.2405
Placing Sensors
[Episode 163/900] Steps: 131 | Reward:  -17.32 | Battery:   0.00% | Loss: 
Placing Sensors
[Episode 164/900] Steps: 106 | Reward:  -17.51 | Battery:   0.00% | Loss: 
Placing Sensors
[Episode 165/900] Steps: 720 | Reward:   -6.77 | Battery:  69.64% | Loss: 
Placing Sensors
Policy -0.0038 | Value 0.0243 | KL 0.01340 | CF 0.1769 | Std 0.1133 | |a| 0.0389 | EV +0.786 | Rsd 0.534 | Res 0.253 | AE 0.893 | Alpha 0.1808 | MB 28/28
  cert | viol 0.239 | dV -0.176440 | V 0.3499 | inball 0.217 | a*_q05 -0.00139 | a*_q50 0.01018 | dV>=0 0.178 | n=150 | a_used 0.00168 -> 0.00160
  crit | n=1 | viol 0.524 | V 1.0296 | Vmin 0.4191 | agree +0.615 | a*_q05 -0.00486 | a*_q50 0.00135 | dV>=0 0.390 | beta 0.1959
  bell | direct viol 0.531 | direct dV>=0 0.465 | d_mean -0.00043 | d_std 0.02589 | d_q95 0.03856
[Episode 166/900] Steps: 720 | Reward:   -6.42 | Battery:  56.43% | Loss: 0.1750
Placing Sensors
[Episode 167/900] Steps: 720 | Reward:   -6.15 | Battery:  74.12% | Loss: 
Placing Sensors
[Episode 168/900] Steps: 183 | Reward:  -16.89 | Battery:   0.00% | Loss: 
Placing Sensors
Policy 0.0024 | Value 0.0217 | KL 0.01110 | CF 0.1381 | Std 0.1134 | |a| 0.0362 | EV +0.775 | Rsd 0.525 | Res 0.250 | AE 0.901 | Alpha 0.1740 | MB 28/28
  cert | viol 0.108 | dV -0.237482 | V 0.3768 | inball 0.348 | a*_q05 0.00026 | a*_q50 0.01628 | dV>=0 0.054 | n=150 | a_used 0.00160 -> 0.00147
  crit | n=1 | viol 0.462 | V 0.9606 | Vmin 0.3804 | agree +0.661 | a*_q05 -0.00534 | a*_q50 0.00194 | dV>=0 0.326 | beta 0.1950
  bell | direct viol 0.495 | direct dV>=0 0.392 | d_mean +0.00026 | d_std 0.02227 | d_q95 0.03672
[Episode 169/900] Steps: 720 | Reward:   -5.82 | Battery:  72.11% | Loss: 0.3368
Placing Sensors
[Episode 170/900] Steps: 720 | Reward:   -7.34 | Battery:  55.69% | Loss: 
Placing Sensors
Policy -0.0005 | Value 0.0097 | KL 0.00574 | CF 0.0723 | Std 0.1136 | |a| 0.0386 | EV +0.927 | Rsd 0.503 | Res 0.141 | AE 0.915 | Alpha 0.1682 | MB 24/24
  cert | viol 0.073 | dV -0.260685 | V 0.4118 | inball 0.313 | a*_q05 0.00091 | a*_q50 0.01832 | dV>=0 0.009 | n=150 | a_used 0.00147 -> 0.00147
  crit | n=1 | viol 0.442 | V 0.9742 | Vmin 0.3416 | agree +0.538 | a*_q05 -0.00685 | a*_q50 0.00213 | dV>=0 0.362 | beta 0.1930
  bell | direct viol 0.528 | direct dV>=0 0.453 | d_mean +0.00083 | d_std 0.01756 | d_q95 0.03153
[Episode 171/900] Steps: 720 | Reward:   -5.87 | Battery:  76.09% | Loss: 0.4132
Placing Sensors
[Episode 172/900] Steps: 720 | Reward:   -5.36 | Battery:  66.67% | Loss: 
Placing Sensors
[Episode 173/900] Steps: 111 | Reward:  -17.46 | Battery:   0.00% | Loss: 
Placing Sensors
[Episode 174/900] Steps:  96 | Reward:  -17.66 | Battery:   0.00% | Loss: 
Placing Sensors
[Episode 175/900] Steps:  82 | Reward:  -17.58 | Battery:   0.00% | Loss: 
Placing Sensors
Policy -0.0036 | Value 0.0236 | KL 0.00930 | CF 0.1063 | Std 0.1137 | |a| 0.0506 | EV +0.867 | Rsd 0.580 | Res 0.212 | AE 0.931 | Alpha 0.1614 | MB 28/28
  cert | viol 0.000 | dV -0.207451 | V 0.2473 | inball 0.276 | a*_q05 0.00801 | a*_q50 0.02221 | dV>=0 0.000 | n=150 | a_used 0.00147 -> 0.00160
  crit | n=1 | viol 0.631 | V 1.1046 | Vmin 0.4096 | agree +0.646 | a*_q05 -0.00666 | a*_q50 0.00043 | dV>=0 0.448 | beta 0.1941
  bell | direct viol 0.537 | direct dV>=0 0.428 | d_mean +0.00130 | d_std 0.01748 | d_q95 0.03137
[Episode 176/900] Steps: 720 | Reward:   -5.23 | Battery:  62.87% | Loss: 0.2328
Placing Sensors
[Episode 177/900] Steps:  95 | Reward:  -17.51 | Battery:   0.00% | Loss: 
Placing Sensors
[Episode 178/900] Steps: 176 | Reward:  -17.24 | Battery:   0.00% | Loss: 
Placing Sensors
[Episode 179/900] Steps: 126 | Reward:  -17.51 | Battery:   0.00% | Loss: 
Placing Sensors
[Episode 180/900] Steps: 110 | Reward:  -17.43 | Battery:   0.00% | Loss: 
Placing Sensors
[Episode 181/900] Steps: 105 | Reward:  -17.36 | Battery:   0.00% | Loss: 
Placing Sensors
[Episode 182/900] Steps:  72 | Reward:  -17.70 | Battery:   0.00% | Loss: 
Placing Sensors
[Episode 183/900] Steps: 720 | Reward:   -8.74 | Battery:  41.56% | Loss: 
Placing Sensors
Policy -0.0014 | Value 0.0381 | KL 0.00920 | CF 0.1213 | Std 0.1138 | |a| 0.0446 | EV +0.625 | Rsd 0.590 | Res 0.399 | AE 0.875 | Alpha 0.1558 | MB 24/24
  cert | viol 0.382 | dV -0.119869 | V 0.3653 | inball 0.000 | a*_q05 -0.01728 | a*_q50 0.00516 | dV>=0 0.324 | n=150 | a_used 0.00160 -> 0.00152
  crit | n=1 | viol 0.651 | V 1.5836 | Vmin 0.5598 | agree +0.535 | a*_q05 -0.00469 | a*_q50 0.00042 | dV>=0 0.436 | beta 0.1971
  bell | direct viol 0.597 | direct dV>=0 0.491 | d_mean -0.00185 | d_std 0.02763 | d_q95 0.04529
[Episode 184/900] Steps:  85 | Reward:  -17.41 | Battery:   0.00% | Loss: 0.2077
Placing Sensors
[Episode 185/900] Steps:  63 | Reward:  -17.86 | Battery:   0.00% | Loss: 
Placing Sensors
[Episode 186/900] Steps: 720 | Reward:   -5.25 | Battery:  60.86% | Loss: 
Placing Sensors
Policy 0.0004 | Value 0.0188 | KL 0.00841 | CF 0.1072 | Std 0.1140 | |a| 0.0379 | EV +0.847 | Rsd 0.498 | Res 0.221 | AE 0.896 | Alpha 0.1504 | MB 24/24
  cert | viol 0.028 | dV -0.232388 | V 0.3168 | inball 0.300 | a*_q05 0.00214 | a*_q50 0.02400 | dV>=0 0.021 | n=150 | a_used 0.00152 -> 0.00158
  crit | n=1 | viol 0.739 | V 1.1397 | Vmin 0.5763 | agree +0.469 | a*_q05 -0.00714 | a*_q50 -0.00202 | dV>=0 0.613 | beta 0.2005
  bell | direct viol 0.544 | direct dV>=0 0.449 | d_mean +0.00231 | d_std 0.02578 | d_q95 0.04410
[Episode 187/900] Steps: 720 | Reward:   -6.74 | Battery:  42.59% | Loss: 0.2221
Placing Sensors
[Episode 188/900] Steps: 720 | Reward:   -5.70 | Battery:  37.01% | Loss: 
Placing Sensors
[Episode 189/900] Steps: 142 | Reward:  -17.12 | Battery:   0.00% | Loss: 
Placing Sensors
[Episode 190/900] Steps: 170 | Reward:  -17.32 | Battery:   0.00% | Loss: 
Placing Sensors
[Episode 191/900] Steps:  85 | Reward:  -17.50 | Battery:   0.00% | Loss: 
Placing Sensors
[Episode 192/900] Steps: 116 | Reward:  -17.27 | Battery:   0.00% | Loss: 
Placing Sensors
[Episode 193/900] Steps:  92 | Reward:  -17.41 | Battery:   0.00% | Loss: 
Placing Sensors
Policy -0.0017 | Value 0.0324 | KL 0.01167 | CF 0.1250 | Std 0.1141 | |a| 0.0543 | EV +0.825 | Rsd 0.576 | Res 0.242 | AE 0.863 | Alpha 0.1433 | MB 32/32
  cert | viol 0.166 | dV -0.191746 | V 0.2770 | inball 0.213 | a*_q05 -0.01867 | a*_q50 0.02242 | dV>=0 0.166 | n=150 | a_used 0.00158 -> 0.00150
  crit | n=1 | viol 0.754 | V 1.3319 | Vmin 0.4992 | agree +0.672 | a*_q05 -0.00662 | a*_q50 -0.00094 | dV>=0 0.589 | beta 0.2036
  bell | direct viol 0.477 | direct dV>=0 0.392 | d_mean +0.00149 | d_std 0.04519 | d_q95 0.07494
[Episode 194/900] Steps: 720 | Reward:   -6.65 | Battery:  30.31% | Loss: 0.2538
Placing Sensors
[Episode 195/900] Steps: 720 | Reward:   -3.95 | Battery:  81.47% | Loss: 
Placing Sensors
Policy -0.0073 | Value 0.0146 | KL 0.01190 | CF 0.1264 | Std 0.1142 | |a| 0.0259 | EV +0.876 | Rsd 0.469 | Res 0.205 | AE 0.904 | Alpha 0.1385 | MB 24/24
  cert | viol 0.051 | dV -0.269821 | V 0.3646 | inball 0.492 | a*_q05 0.00171 | a*_q50 0.02644 | dV>=0 0.012 | n=150 | a_used 0.00150 -> 0.00151
  crit | n=1 | viol 0.606 | V 0.9701 | Vmin 0.4638 | agree +0.512 | a*_q05 -0.00763 | a*_q50 0.00035 | dV>=0 0.474 | beta 0.2053
  bell | direct viol 0.475 | direct dV>=0 0.387 | d_mean +0.00208 | d_std 0.03450 | d_q95 0.05581
[Episode 196/900] Steps: 720 | Reward:   -5.94 | Battery:  73.12% | Loss: 0.2641
Placing Sensors
[Episode 197/900] Steps:  81 | Reward:  -17.71 | Battery:   0.00% | Loss: 
Placing Sensors
[Episode 198/900] Steps: 720 | Reward:   -6.53 | Battery:  60.85% | Loss: 
Placing Sensors
[Episode 199/900] Steps: 104 | Reward:  -17.21 | Battery:   0.00% | Loss: 
Placing Sensors
Policy 0.0002 | Value 0.0165 | KL 0.01130 | CF 0.1322 | Std 0.1143 | |a| 0.0402 | EV +0.850 | Rsd 0.542 | Res 0.210 | AE 0.889 | Alpha 0.1332 | MB 28/28
  cert | viol 0.029 | dV -0.279925 | V 0.3842 | inball 0.329 | a*_q05 0.00245 | a*_q50 0.02262 | dV>=0 0.001 | n=150 | a_used 0.00151 -> 0.00158
  crit | n=1 | viol 0.599 | V 1.1129 | Vmin 0.4882 | agree +0.610 | a*_q05 -0.00654 | a*_q50 0.00056 | dV>=0 0.433 | beta 0.2068
  bell | direct viol 0.491 | direct dV>=0 0.385 | d_mean +0.00069 | d_std 0.03016 | d_q95 0.04172
[Episode 200/900] Steps: 720 | Reward:   -5.91 | Battery:  60.13% | Loss: 0.3361
Placing Sensors
[Episode 201/900] Steps: 720 | Reward:   -3.77 | Battery:  63.93% | Loss: 
Placing Sensors
[Episode 202/900] Steps:  68 | Reward:  -17.54 | Battery:   0.00% | Loss: 
Placing Sensors
[Episode 203/900] Steps:  70 | Reward:  -17.60 | Battery:   0.00% | Loss: 
Placing Sensors
[Episode 204/900] Steps: 135 | Reward:  -17.24 | Battery:   0.00% | Loss: 
Placing Sensors
Policy -0.0040 | Value 0.0228 | KL 0.01323 | CF 0.1607 | Std 0.1144 | |a| 0.0427 | EV +0.868 | Rsd 0.582 | Res 0.216 | AE 0.885 | Alpha 0.1279 | MB 28/28
  cert | viol 0.005 | dV -0.209928 | V 0.2518 | inball 0.418 | a*_q05 0.00662 | a*_q50 0.02757 | dV>=0 0.000 | n=150 | a_used 0.00158 -> 0.00169
  crit | n=1 | viol 0.739 | V 1.0030 | Vmin 0.4010 | agree +0.713 | a*_q05 -0.00655 | a*_q50 -0.00051 | dV>=0 0.554 | beta 0.2068
  bell | direct viol 0.516 | direct dV>=0 0.446 | d_mean +0.00270 | d_std 0.03256 | d_q95 0.04597
[Episode 205/900] Steps: 720 | Reward:   -4.64 | Battery:  79.28% | Loss: 0.2947
Placing Sensors
[Episode 206/900] Steps: 720 | Reward:   -6.89 | Battery:  62.68% | Loss: 
Placing Sensors
[Episode 207/900] Steps:  91 | Reward:  -17.52 | Battery:   0.00% | Loss: 
Placing Sensors
Policy -0.0048 | Value 0.0173 | KL 0.01149 | CF 0.1369 | Std 0.1145 | |a| 0.0357 | EV +0.904 | Rsd 0.592 | Res 0.189 | AE 0.911 | Alpha 0.1234 | MB 24/24
  cert | viol 0.147 | dV -0.251565 | V 0.4019 | inball 0.364 | a*_q05 0.00033 | a*_q50 0.02089 | dV>=0 0.043 | n=150 | a_used 0.00169 -> 0.00161
  crit | n=1 | viol 0.487 | V 1.0023 | Vmin 0.3617 | agree +0.421 | a*_q05 -0.00579 | a*_q50 0.00205 | dV>=0 0.377 | beta 0.2056
  bell | direct viol 0.460 | direct dV>=0 0.366 | d_mean -0.00043 | d_std 0.03253 | d_q95 0.04612
[Episode 208/900] Steps: 720 | Reward:   -5.79 | Battery:  62.27% | Loss: 0.1328
Placing Sensors
[Episode 209/900] Steps: 720 | Reward:   -6.18 | Battery:  64.22% | Loss: 
Placing Sensors
[Episode 210/900] Steps:  97 | Reward:  -17.43 | Battery:   0.00% | Loss: 
Placing Sensors
Policy -0.0044 | Value 0.0099 | KL 0.00643 | CF 0.0739 | Std 0.1147 | |a| 0.0498 | EV +0.916 | Rsd 0.486 | Res 0.144 | AE 0.920 | Alpha 0.1190 | MB 24/28
  cert | viol 0.035 | dV -0.203312 | V 0.2744 | inball 0.308 | a*_q05 0.00215 | a*_q50 0.01275 | dV>=0 0.030 | n=150 | a_used 0.00161 -> 0.00157
  crit | n=1 | viol 0.576 | V 0.9371 | Vmin 0.3909 | agree +0.431 | a*_q05 -0.00735 | a*_q50 0.00057 | dV>=0 0.451 | beta 0.2040
  bell | direct viol 0.499 | direct dV>=0 0.425 | d_mean +0.00080 | d_std 0.01853 | d_q95 0.03126
[Episode 211/900] Steps: 720 | Reward:   -4.08 | Battery:  63.51% | Loss: 0.1775
Placing Sensors
[Episode 212/900] Steps:  81 | Reward:  -17.61 | Battery:   0.00% | Loss: 
Placing Sensors
[Episode 213/900] Steps: 720 | Reward:   -6.12 | Battery:  84.85% | Loss: 
Placing Sensors
[Episode 214/900] Steps:  88 | Reward:  -17.64 | Battery:   0.00% | Loss: 
Placing Sensors
Policy 0.0023 | Value 0.0100 | KL 0.00814 | CF 0.0946 | Std 0.1148 | |a| 0.0227 | EV +0.922 | Rsd 0.572 | Res 0.160 | AE 0.903 | Alpha 0.1145 | MB 28/28
  cert | viol 0.074 | dV -0.230184 | V 0.3427 | inball 0.340 | a*_q05 0.00089 | a*_q50 0.01653 | dV>=0 0.039 | n=150 | a_used 0.00157 -> 0.00160
  crit | n=1 | viol 0.463 | V 1.0097 | Vmin 0.3866 | agree +0.732 | a*_q05 -0.00435 | a*_q50 0.00190 | dV>=0 0.265 | beta 0.2055
  bell | direct viol 0.453 | direct dV>=0 0.370 | d_mean -0.00031 | d_std 0.01911 | d_q95 0.03131
[Episode 215/900] Steps: 720 | Reward:   -5.88 | Battery:  85.83% | Loss: 0.2362
Placing Sensors
[Episode 216/900] Steps: 720 | Reward:   -6.15 | Battery:  74.23% | Loss: 
Placing Sensors
[Episode 217/900] Steps: 149 | Reward:  -17.05 | Battery:   0.00% | Loss: 
Placing Sensors
Policy 0.0008 | Value 0.0180 | KL 0.01080 | CF 0.1161 | Std 0.1149 | |a| 0.0277 | EV +0.815 | Rsd 0.531 | Res 0.228 | AE 0.920 | Alpha 0.1103 | MB 28/28
  cert | viol 0.122 | dV -0.240645 | V 0.4106 | inball 0.298 | a*_q05 -0.00043 | a*_q50 0.01537 | dV>=0 0.078 | n=150 | a_used 0.00160 -> 0.00152
  crit | n=1 | viol 0.497 | V 1.0557 | Vmin 0.4539 | agree +0.502 | a*_q05 -0.00711 | a*_q50 0.00163 | dV>=0 0.363 | beta 0.2063
  bell | direct viol 0.502 | direct dV>=0 0.398 | d_mean -0.00060 | d_std 0.01989 | d_q95 0.03350
[Episode 218/900] Steps: 720 | Reward:   -7.17 | Battery:  67.02% | Loss: 0.1568
Placing Sensors
[Episode 219/900] Steps:  82 | Reward:  -17.69 | Battery:   0.00% | Loss: 
Placing Sensors
[Episode 220/900] Steps: 102 | Reward:  -17.57 | Battery:   0.00% | Loss: 
Placing Sensors
[Episode 221/900] Steps:  97 | Reward:  -17.54 | Battery:   0.00% | Loss: 
Placing Sensors
[Episode 222/900] Steps: 720 | Reward:   -7.06 | Battery:  68.90% | Loss: 
Placing Sensors
Policy -0.0014 | Value 0.0197 | KL 0.01037 | CF 0.1297 | Std 0.1150 | |a| 0.0282 | EV +0.900 | Rsd 0.629 | Res 0.199 | AE 0.894 | Alpha 0.1059 | MB 28/28
  cert | viol 0.170 | dV -0.198316 | V 0.3408 | inball 0.241 | a*_q05 -0.00202 | a*_q50 0.01422 | dV>=0 0.117 | n=150 | a_used 0.00152 -> 0.00145
  crit | n=1 | viol 0.688 | V 1.1678 | Vmin 0.4243 | agree +0.726 | a*_q05 -0.00684 | a*_q50 -0.00013 | dV>=0 0.516 | beta 0.2063
  bell | direct viol 0.502 | direct dV>=0 0.425 | d_mean +0.00043 | d_std 0.03252 | d_q95 0.04784
[Episode 223/900] Steps: 720 | Reward:   -5.37 | Battery:  61.83% | Loss: 0.2494
Placing Sensors
[Episode 224/900] Steps: 720 | Reward:   -6.83 | Battery:  59.99% | Loss: 
Placing Sensors
Policy -0.0010 | Value 0.0102 | KL 0.00909 | CF 0.1070 | Std 0.1151 | |a| 0.0235 | EV +0.897 | Rsd 0.509 | Res 0.167 | AE 0.914 | Alpha 0.1023 | MB 24/24
  cert | viol 0.098 | dV -0.242423 | V 0.3811 | inball 0.314 | a*_q05 -0.00055 | a*_q50 0.02006 | dV>=0 0.066 | n=150 | a_used 0.00145 -> 0.00137
  crit | n=1 | viol 0.534 | V 0.9635 | Vmin 0.3473 | agree +0.476 | a*_q05 -0.00639 | a*_q50 0.00092 | dV>=0 0.428 | beta 0.2056
  bell | direct viol 0.409 | direct dV>=0 0.351 | d_mean +0.00144 | d_std 0.02748 | d_q95 0.04936
[Episode 225/900] Steps: 720 | Reward:   -6.29 | Battery:  72.56% | Loss: 0.1550
Placing Sensors
[Episode 226/900] Steps: 720 | Reward:   -4.61 | Battery:  77.15% | Loss: 
Placing Sensors
[Episode 227/900] Steps: 118 | Reward:  -17.42 | Battery:   0.00% | Loss: 
Placing Sensors
[Episode 228/900] Steps:  77 | Reward:  -17.72 | Battery:   0.00% | Loss: 
Placing Sensors
[Episode 229/900] Steps:  63 | Reward:  -17.79 | Battery:   0.00% | Loss: 
Placing Sensors
[Episode 230/900] Steps:  84 | Reward:  -17.62 | Battery:   0.00% | Loss: 
Placing Sensors
Policy -0.0071 | Value 0.0234 | KL 0.01051 | CF 0.1260 | Std 0.1151 | |a| 0.0267 | EV +0.891 | Rsd 0.633 | Res 0.211 | AE 0.893 | Alpha 0.0981 | MB 28/28
  cert | viol 0.000 | dV -0.221628 | V 0.2749 | inball 0.322 | a*_q05 0.00639 | a*_q50 0.02070 | dV>=0 0.000 | n=150 | a_used 0.00137 -> 0.00150
  crit | n=1 | viol 0.539 | V 1.0681 | Vmin 0.3454 | agree +0.712 | a*_q05 -0.00459 | a*_q50 0.00106 | dV>=0 0.378 | beta 0.2052
  bell | direct viol 0.439 | direct dV>=0 0.390 | d_mean +0.00109 | d_std 0.03360 | d_q95 0.06075
[Episode 231/900] Steps: 720 | Reward:   -5.86 | Battery:  48.12% | Loss: 0.1640
Placing Sensors
[Episode 232/900] Steps: 720 | Reward:   -4.49 | Battery:  63.86% | Loss: 
Placing Sensors
Policy 0.0013 | Value 0.0133 | KL 0.01248 | CF 0.1337 | Std 0.1152 | |a| 0.0257 | EV +0.857 | Rsd 0.477 | Res 0.195 | AE 0.929 | Alpha 0.0948 | MB 24/24
  cert | viol 0.000 | dV -0.270799 | V 0.3127 | inball 0.520 | a*_q05 0.00650 | a*_q50 0.03253 | dV>=0 0.000 | n=150 | a_used 0.00150 -> 0.00161
  crit | n=1 | viol 0.649 | V 0.8299 | Vmin 0.3398 | agree +0.400 | a*_q05 -0.00738 | a*_q50 -0.00077 | dV>=0 0.541 | beta 0.2051
  bell | direct viol 0.429 | direct dV>=0 0.350 | d_mean +0.00330 | d_std 0.02133 | d_q95 0.04161
[Episode 233/900] Steps: 720 | Reward:   -4.40 | Battery:  71.00% | Loss: 0.1040
Placing Sensors
[Episode 234/900] Steps: 720 | Reward:   -5.95 | Battery:  67.57% | Loss: 
Placing Sensors
[Episode 235/900] Steps: 166 | Reward:  -17.12 | Battery:   0.00% | Loss: 
Placing Sensors
Policy 0.0019 | Value 0.0189 | KL 0.01169 | CF 0.1388 | Std 0.1153 | |a| 0.0241 | EV +0.810 | Rsd 0.500 | Res 0.219 | AE 0.937 | Alpha 0.0913 | MB 28/28
  cert | viol 0.036 | dV -0.249112 | V 0.3488 | inball 0.422 | a*_q05 0.00244 | a*_q50 0.02089 | dV>=0 0.000 | n=150 | a_used 0.00161 -> 0.00171
  crit | n=1 | viol 0.454 | V 0.9150 | Vmin 0.3483 | agree +0.689 | a*_q05 -0.00649 | a*_q50 0.00207 | dV>=0 0.293 | beta 0.2041
  bell | direct viol 0.461 | direct dV>=0 0.387 | d_mean +0.00067 | d_std 0.02314 | d_q95 0.04170
[Episode 236/900] Steps: 720 | Reward:   -4.59 | Battery:  85.62% | Loss: 0.1324
Placing Sensors
[Episode 237/900] Steps:  86 | Reward:  -17.60 | Battery:   0.00% | Loss: 
Placing Sensors
[Episode 238/900] Steps: 720 | Reward:   -5.04 | Battery:  74.20% | Loss: 
Placing Sensors
Policy -0.0028 | Value 0.0140 | KL 0.01097 | CF 0.1431 | Std 0.1154 | |a| 0.0224 | EV +0.901 | Rsd 0.509 | Res 0.164 | AE 0.945 | Alpha 0.0880 | MB 24/24
  cert | viol 0.105 | dV -0.268137 | V 0.3609 | inball 0.514 | a*_q05 0.00035 | a*_q50 0.03025 | dV>=0 0.043 | n=150 | a_used 0.00171 -> 0.00157
  crit | n=1 | viol 0.532 | V 0.7949 | Vmin 0.3059 | agree +0.692 | a*_q05 -0.00695 | a*_q50 0.00136 | dV>=0 0.406 | beta 0.2014
  bell | direct viol 0.394 | direct dV>=0 0.320 | d_mean +0.00113 | d_std 0.02658 | d_q95 0.04810
[Episode 239/900] Steps: 720 | Reward:   -4.35 | Battery:  84.25% | Loss: 0.1750
Placing Sensors
[Episode 240/900] Steps: 720 | Reward:   -7.71 | Battery:  71.60% | Loss: 
Placing Sensors
Policy -0.0027 | Value 0.0107 | KL 0.00781 | CF 0.1009 | Std 0.1155 | |a| 0.0289 | EV +0.886 | Rsd 0.434 | Res 0.153 | AE 0.945 | Alpha 0.0851 | MB 24/24
  cert | viol 0.134 | dV -0.218226 | V 0.3799 | inball 0.351 | a*_q05 -0.00187 | a*_q50 0.01481 | dV>=0 0.107 | n=150 | a_used 0.00157 -> 0.00149
  crit | n=1 | viol 0.392 | V 0.8259 | Vmin 0.3397 | agree +0.425 | a*_q05 -0.00405 | a*_q50 0.00378 | dV>=0 0.302 | beta 0.1986
  bell | direct viol 0.462 | direct dV>=0 0.395 | d_mean -0.00121 | d_std 0.02389 | d_q95 0.04254
[Episode 241/900] Steps: 720 | Reward:   -5.31 | Battery:  57.17% | Loss: 0.1833
Placing Sensors
[Episode 242/900] Steps: 105 | Reward:  -17.34 | Battery:   0.00% | Loss: 
Placing Sensors
[Episode 243/900] Steps: 720 | Reward:   -5.56 | Battery:  67.67% | Loss: 
Placing Sensors
Policy -0.0136 | Value 0.0233 | KL 0.01647 | CF 0.1920 | Std 0.1156 | |a| 0.0225 | EV +0.865 | Rsd 0.455 | Res 0.168 | AE 0.929 | Alpha 0.0820 | MB 28/28
  cert | viol 0.110 | dV -0.218007 | V 0.3477 | inball 0.286 | a*_q05 0.00072 | a*_q50 0.01922 | dV>=0 0.091 | n=150 | a_used 0.00149 -> 0.00164
  crit | n=1 | viol 0.462 | V 0.9687 | Vmin 0.3962 | agree +0.538 | a*_q05 -0.00588 | a*_q50 0.00202 | dV>=0 0.367 | beta 0.1991
  bell | direct viol 0.410 | direct dV>=0 0.360 | d_mean +0.00079 | d_std 0.02299 | d_q95 0.04624
[Episode 244/900] Steps: 720 | Reward:   -7.35 | Battery:  54.37% | Loss: 0.3587
Placing Sensors
[Episode 245/900] Steps: 720 | Reward:   -4.53 | Battery:  52.55% | Loss: 
Placing Sensors
[Episode 246/900] Steps:  71 | Reward:  -17.51 | Battery:   0.00% | Loss: 
Placing Sensors
Policy -0.0060 | Value 0.0207 | KL 0.00792 | CF 0.1111 | Std 0.1157 | |a| 0.0254 | EV +0.866 | Rsd 0.489 | Res 0.179 | AE 0.915 | Alpha 0.0791 | MB 24/24
  cert | viol 0.000 | dV -0.232277 | V 0.3003 | inball 0.366 | a*_q05 0.00451 | a*_q50 0.02470 | dV>=0 0.000 | n=150 | a_used 0.00164 -> 0.00171
  crit | n=1 | viol 0.528 | V 0.8392 | Vmin 0.2881 | agree +0.589 | a*_q05 -0.00657 | a*_q50 0.00138 | dV>=0 0.408 | beta 0.1970
  bell | direct viol 0.454 | direct dV>=0 0.385 | d_mean +0.00165 | d_std 0.02634 | d_q95 0.05035
[Episode 247/900] Steps: 720 | Reward:   -5.83 | Battery:  72.08% | Loss: 0.0737
Placing Sensors
[Episode 248/900] Steps: 720 | Reward:   -5.70 | Battery:  78.83% | Loss: 
Placing Sensors
Policy -0.0042 | Value 0.0070 | KL 0.00772 | CF 0.0951 | Std 0.1158 | |a| 0.0289 | EV +0.935 | Rsd 0.416 | Res 0.107 | AE 0.898 | Alpha 0.0765 | MB 24/24
  cert | viol 0.101 | dV -0.243875 | V 0.3685 | inball 0.408 | a*_q05 0.00107 | a*_q50 0.01779 | dV>=0 0.019 | n=150 | a_used 0.00171 -> 0.00168
  crit | n=1 | viol 0.314 | V 0.7750 | Vmin 0.2683 | agree +0.481 | a*_q05 -0.00466 | a*_q50 0.00466 | dV>=0 0.189 | beta 0.1937
  bell | direct viol 0.517 | direct dV>=0 0.448 | d_mean -0.00078 | d_std 0.02059 | d_q95 0.03942
[Episode 249/900] Steps: 720 | Reward:   -6.07 | Battery:  68.65% | Loss: 0.2729
Placing Sensors
[Episode 250/900] Steps: 720 | Reward:   -4.38 | Battery:  76.86% | Loss: 
Placing Sensors
Policy -0.0019 | Value 0.0078 | KL 0.00609 | CF 0.0665 | Std 0.1158 | |a| 0.0182 | EV +0.927 | Rsd 0.384 | Res 0.109 | AE 0.903 | Alpha 0.0739 | MB 24/24
  cert | viol 0.000 | dV -0.250391 | V 0.2917 | inball 0.494 | a*_q05 0.00547 | a*_q50 0.02954 | dV>=0 0.000 | n=150 | a_used 0.00168 -> 0.00176
  crit | n=1 | viol 0.539 | V 0.6867 | Vmin 0.2846 | agree +0.467 | a*_q05 -0.00737 | a*_q50 0.00067 | dV>=0 0.475 | beta 0.1904
  bell | direct viol 0.441 | direct dV>=0 0.382 | d_mean +0.00187 | d_std 0.02047 | d_q95 0.04089
[Episode 251/900] Steps: 720 | Reward:   -4.27 | Battery:  66.97% | Loss: 0.1400
Placing Sensors
[Episode 252/900] Steps: 720 | Reward:   -5.34 | Battery:  75.19% | Loss: 
Placing Sensors
Policy -0.0054 | Value 0.0074 | KL 0.00704 | CF 0.0801 | Std 0.1159 | |a| 0.0291 | EV +0.904 | Rsd 0.364 | Res 0.118 | AE 0.902 | Alpha 0.0714 | MB 24/24
  cert | viol 0.000 | dV -0.253619 | V 0.2944 | inball 0.471 | a*_q05 0.00726 | a*_q50 0.02757 | dV>=0 0.000 | n=150 | a_used 0.00176 -> 0.00189
  crit | n=1 | viol 0.567 | V 0.7331 | Vmin 0.3038 | agree +0.563 | a*_q05 -0.00613 | a*_q50 0.00109 | dV>=0 0.402 | beta 0.1874
  bell | direct viol 0.381 | direct dV>=0 0.329 | d_mean +0.00091 | d_std 0.01974 | d_q95 0.03685
[Episode 253/900] Steps: 720 | Reward:   -4.41 | Battery:  72.52% | Loss: 0.1230
Placing Sensors
[Episode 254/900] Steps: 720 | Reward:   -5.52 | Battery:  74.30% | Loss: 
Placing Sensors
Policy -0.0032 | Value 0.0058 | KL 0.00936 | CF 0.1294 | Std 0.1159 | |a| 0.0280 | EV +0.927 | Rsd 0.388 | Res 0.105 | AE 0.895 | Alpha 0.0690 | MB 24/24
  cert | viol 0.070 | dV -0.251613 | V 0.3576 | inball 0.386 | a*_q05 0.00129 | a*_q50 0.02287 | dV>=0 0.033 | n=150 | a_used 0.00189 -> 0.00180
  crit | n=1 | viol 0.389 | V 0.7795 | Vmin 0.2987 | agree +0.640 | a*_q05 -0.00556 | a*_q50 0.00328 | dV>=0 0.282 | beta 0.1858
  bell | direct viol 0.483 | direct dV>=0 0.402 | d_mean -0.00011 | d_std 0.01862 | d_q95 0.03233
[Episode 255/900] Steps: 720 | Reward:   -6.43 | Battery:  71.40% | Loss: 0.1483
Placing Sensors
[Episode 256/900] Steps: 720 | Reward:   -4.55 | Battery:  64.84% | Loss: 
Placing Sensors
Policy -0.0040 | Value 0.0072 | KL 0.00737 | CF 0.0976 | Std 0.1159 | |a| 0.0281 | EV +0.832 | Rsd 0.313 | Res 0.136 | AE 0.917 | Alpha 0.0667 | MB 24/24
  cert | viol 0.002 | dV -0.252762 | V 0.2853 | inball 0.506 | a*_q05 0.00689 | a*_q50 0.03391 | dV>=0 0.000 | n=150 | a_used 0.00180 -> 0.00189
  crit | n=1 | viol 0.715 | V 0.7165 | Vmin 0.3536 | agree +0.526 | a*_q05 -0.00729 | a*_q50 -0.00169 | dV>=0 0.617 | beta 0.1848
  bell | direct viol 0.443 | direct dV>=0 0.359 | d_mean +0.00239 | d_std 0.01734 | d_q95 0.03182
[Episode 257/900] Steps: 720 | Reward:   -4.62 | Battery:  75.40% | Loss: 0.2000
Placing Sensors
[Episode 258/900] Steps: 720 | Reward:   -5.41 | Battery:  66.62% | Loss: 
Placing Sensors
[Episode 259/900] Steps:  72 | Reward:  -17.61 | Battery:   0.00% | Loss: 
Placing Sensors
Policy 0.0000 | Value 0.0205 | KL 0.01930 | CF 0.1777 | Std 0.1160 | |a| 0.0248 | EV +0.876 | Rsd 0.446 | Res 0.159 | AE 0.889 | Alpha 0.0644 | MB 12/24
  cert | viol 0.041 | dV -0.284051 | V 0.3738 | inball 0.421 | a*_q05 0.00253 | a*_q50 0.02716 | dV>=0 0.011 | n=150 | a_used 0.00189 -> 0.00189
  crit | n=1 | viol 0.393 | V 0.7842 | Vmin 0.2955 | agree +0.545 | a*_q05 -0.00559 | a*_q50 0.00348 | dV>=0 0.311 | beta 0.1830
  bell | direct viol 0.430 | direct dV>=0 0.374 | d_mean -0.00033 | d_std 0.02309 | d_q95 0.04550
[Episode 260/900] Steps: 720 | Reward:   -5.38 | Battery:  69.96% | Loss: 0.0301
Placing Sensors
[Episode 261/900] Steps: 720 | Reward:   -4.13 | Battery:  74.45% | Loss: 
Placing Sensors
Policy -0.0102 | Value 0.0055 | KL 0.00887 | CF 0.1183 | Std 0.1160 | |a| 0.0299 | EV +0.934 | Rsd 0.330 | Res 0.085 | AE 0.914 | Alpha 0.0622 | MB 24/24
  cert | viol 0.025 | dV -0.216523 | V 0.2816 | inball 0.456 | a*_q05 0.00302 | a*_q50 0.02741 | dV>=0 0.000 | n=150 | a_used 0.00189 -> 0.00195
  crit | n=1 | viol 0.460 | V 0.7231 | Vmin 0.3352 | agree +0.301 | a*_q05 -0.00659 | a*_q50 0.00248 | dV>=0 0.372 | beta 0.1821
  bell | direct viol 0.466 | direct dV>=0 0.392 | d_mean -0.00029 | d_std 0.02309 | d_q95 0.04223
[Episode 262/900] Steps: 720 | Reward:   -5.40 | Battery:  62.69% | Loss: 0.0446
Placing Sensors
[Episode 263/900] Steps: 720 | Reward:   -3.90 | Battery:  83.83% | Loss: 
Placing Sensors
Policy -0.0042 | Value 0.0080 | KL 0.00720 | CF 0.0900 | Std 0.1160 | |a| 0.0200 | EV +0.931 | Rsd 0.352 | Res 0.122 | AE 0.922 | Alpha 0.0601 | MB 24/24
  cert | viol 0.004 | dV -0.288494 | V 0.3353 | inball 0.612 | a*_q05 0.00503 | a*_q50 0.03551 | dV>=0 0.000 | n=150 | a_used 0.00195 -> 0.00202
  crit | n=1 | viol 0.522 | V 0.6309 | Vmin 0.2504 | agree +0.669 | a*_q05 -0.00753 | a*_q50 0.00168 | dV>=0 0.366 | beta 0.1792
  bell | direct viol 0.420 | direct dV>=0 0.357 | d_mean +0.00220 | d_std 0.01993 | d_q95 0.03861
[Episode 264/900] Steps: 720 | Reward:   -3.56 | Battery:  82.17% | Loss: 0.1986
Placing Sensors
[Episode 265/900] Steps: 720 | Reward:   -6.30 | Battery:  67.78% | Loss: 
Placing Sensors
Policy -0.0080 | Value 0.0063 | KL 0.00918 | CF 0.1226 | Std 0.1161 | |a| 0.0286 | EV +0.948 | Rsd 0.428 | Res 0.110 | AE 0.913 | Alpha 0.0581 | MB 24/24
  cert | viol 0.104 | dV -0.252240 | V 0.3846 | inball 0.378 | a*_q05 0.00010 | a*_q50 0.02346 | dV>=0 0.056 | n=150 | a_used 0.00202 -> 0.00194
  crit | n=1 | viol 0.337 | V 0.7639 | Vmin 0.2851 | agree +0.474 | a*_q05 -0.00517 | a*_q50 0.00415 | dV>=0 0.221 | beta 0.1769
  bell | direct viol 0.489 | direct dV>=0 0.413 | d_mean -0.00109 | d_std 0.02335 | d_q95 0.04844
[Episode 266/900] Steps: 720 | Reward:   -6.16 | Battery:  65.96% | Loss: 0.0867
Placing Sensors
[Episode 267/900] Steps: 720 | Reward:   -4.38 | Battery:  71.76% | Loss: 
Placing Sensors
Policy -0.0055 | Value 0.0055 | KL 0.00708 | CF 0.0822 | Std 0.1161 | |a| 0.0257 | EV +0.951 | Rsd 0.398 | Res 0.093 | AE 0.901 | Alpha 0.0562 | MB 24/24
  cert | viol 0.012 | dV -0.269942 | V 0.3269 | inball 0.504 | a*_q05 0.00405 | a*_q50 0.02774 | dV>=0 0.000 | n=150 | a_used 0.00194 -> 0.00209
  crit | n=1 | viol 0.540 | V 0.7272 | Vmin 0.2762 | agree +0.622 | a*_q05 -0.00630 | a*_q50 0.00143 | dV>=0 0.395 | beta 0.1756
  bell | direct viol 0.473 | direct dV>=0 0.419 | d_mean +0.00109 | d_std 0.02659 | d_q95 0.05162
[Episode 268/900] Steps: 720 | Reward:   -5.26 | Battery:  80.17% | Loss: 0.0211
Placing Sensors
[Episode 269/900] Steps: 720 | Reward:   -5.11 | Battery:  65.99% | Loss: 
Placing Sensors
Policy -0.0001 | Value 0.0052 | KL 0.00926 | CF 0.1143 | Std 0.1162 | |a| 0.0279 | EV +0.917 | Rsd 0.349 | Res 0.101 | AE 0.901 | Alpha 0.0543 | MB 24/24
  cert | viol 0.078 | dV -0.236869 | V 0.3186 | inball 0.428 | a*_q05 0.00139 | a*_q50 0.02716 | dV>=0 0.019 | n=150 | a_used 0.00209 -> 0.00203
  crit | n=1 | viol 0.461 | V 0.7248 | Vmin 0.2572 | agree +0.307 | a*_q05 -0.00584 | a*_q50 0.00302 | dV>=0 0.375 | beta 0.1728
  bell | direct viol 0.464 | direct dV>=0 0.404 | d_mean +0.00035 | d_std 0.02392 | d_q95 0.04634
[Episode 270/900] Steps: 720 | Reward:   -5.07 | Battery:  66.11% | Loss: 0.1174
Placing Sensors
[Episode 271/900] Steps: 720 | Reward:   -3.97 | Battery:  71.25% | Loss: 
Placing Sensors
Policy -0.0043 | Value 0.0042 | KL 0.01277 | CF 0.1665 | Std 0.1162 | |a| 0.0284 | EV +0.949 | Rsd 0.371 | Res 0.085 | AE 0.929 | Alpha 0.0525 | MB 24/24
  cert | viol 0.081 | dV -0.244845 | V 0.3451 | inball 0.504 | a*_q05 0.00039 | a*_q50 0.02707 | dV>=0 0.056 | n=150 | a_used 0.00203 -> 0.00209
  crit | n=1 | viol 0.294 | V 0.6144 | Vmin 0.1881 | agree +0.603 | a*_q05 -0.00471 | a*_q50 0.00388 | dV>=0 0.217 | beta 0.1682
  bell | direct viol 0.450 | direct dV>=0 0.374 | d_mean -0.00024 | d_std 0.01802 | d_q95 0.03715
[Episode 272/900] Steps: 720 | Reward:   -5.43 | Battery:  79.03% | Loss: 0.1338
Placing Sensors
[Episode 273/900] Steps: 720 | Reward:   -4.51 | Battery:  80.55% | Loss: 
Placing Sensors
Policy -0.0058 | Value 0.0065 | KL 0.01103 | CF 0.1303 | Std 0.1162 | |a| 0.0265 | EV +0.907 | Rsd 0.329 | Res 0.104 | AE 0.917 | Alpha 0.0507 | MB 24/24
  cert | viol 0.133 | dV -0.234709 | V 0.3555 | inball 0.481 | a*_q05 -0.00012 | a*_q50 0.02470 | dV>=0 0.063 | n=150 | a_used 0.00209 -> 0.00182
  crit | n=1 | viol 0.318 | V 0.6522 | Vmin 0.2163 | agree +0.496 | a*_q05 -0.00630 | a*_q50 0.00497 | dV>=0 0.221 | beta 0.1647
  bell | direct viol 0.456 | direct dV>=0 0.417 | d_mean -0.00121 | d_std 0.03041 | d_q95 0.06263
[Episode 274/900] Steps: 720 | Reward:   -5.89 | Battery:  80.40% | Loss: 0.1085
Placing Sensors
[Episode 275/900] Steps: 720 | Reward:   -5.30 | Battery:  75.37% | Loss: 
Placing Sensors
Policy -0.0087 | Value 0.0060 | KL 0.01339 | CF 0.1592 | Std 0.1162 | |a| 0.0299 | EV +0.930 | Rsd 0.386 | Res 0.105 | AE 0.907 | Alpha 0.0490 | MB 24/24
  cert | viol 0.096 | dV -0.295766 | V 0.3860 | inball 0.499 | a*_q05 0.00037 | a*_q50 0.03158 | dV>=0 0.053 | n=150 | a_used 0.00182 -> 0.00185
  crit | n=1 | viol 0.368 | V 0.6407 | Vmin 0.1881 | agree +0.553 | a*_q05 -0.00555 | a*_q50 0.00430 | dV>=0 0.303 | beta 0.1603
  bell | direct viol 0.460 | direct dV>=0 0.414 | d_mean -0.00042 | d_std 0.03141 | d_q95 0.06277
[Episode 276/900] Steps: 720 | Reward:   -4.85 | Battery:  69.72% | Loss: 0.0775
Placing Sensors
[Episode 277/900] Steps:  74 | Reward:  -17.58 | Battery:   0.00% | Loss: 
Placing Sensors
[Episode 278/900] Steps: 720 | Reward:   -3.85 | Battery:  73.77% | Loss: 
Placing Sensors
Policy -0.0044 | Value 0.0138 | KL 0.01107 | CF 0.1378 | Std 0.1162 | |a| 0.0343 | EV +0.885 | Rsd 0.456 | Res 0.156 | AE 0.916 | Alpha 0.0473 | MB 24/24
  cert | viol 0.032 | dV -0.324042 | V 0.3893 | inball 0.475 | a*_q05 0.00393 | a*_q50 0.03269 | dV>=0 0.000 | n=150 | a_used 0.00185 -> 0.00194
  crit | n=1 | viol 0.485 | V 0.7740 | Vmin 0.2474 | agree +0.692 | a*_q05 -0.00686 | a*_q50 0.00203 | dV>=0 0.378 | beta 0.1588
  bell | direct viol 0.488 | direct dV>=0 0.432 | d_mean +0.00132 | d_std 0.02733 | d_q95 0.05857
[Episode 279/900] Steps: 720 | Reward:   -5.71 | Battery:  68.25% | Loss: 0.0676
Placing Sensors
[Episode 280/900] Steps: 720 | Reward:   -4.82 | Battery:  85.10% | Loss: 
Placing Sensors
Policy -0.0017 | Value 0.0047 | KL 0.01805 | CF 0.2006 | Std 0.1163 | |a| 0.0278 | EV +0.952 | Rsd 0.381 | Res 0.094 | AE 0.929 | Alpha 0.0457 | MB 24/24
  cert | viol 0.049 | dV -0.287887 | V 0.3523 | inball 0.588 | a*_q05 0.00296 | a*_q50 0.03337 | dV>=0 0.027 | n=150 | a_used 0.00194 -> 0.00209
  crit | n=1 | viol 0.386 | V 0.5873 | Vmin 0.2075 | agree +0.684 | a*_q05 -0.00651 | a*_q50 0.00336 | dV>=0 0.247 | beta 0.1550
  bell | direct viol 0.467 | direct dV>=0 0.426 | d_mean +0.00111 | d_std 0.03276 | d_q95 0.06678
[Episode 281/900] Steps: 720 | Reward:   -3.10 | Battery:  79.31% | Loss: 0.0727
Placing Sensors
[Episode 282/900] Steps: 720 | Reward:   -3.94 | Battery:  69.97% | Loss: 
Placing Sensors
Policy 0.0021 | Value 0.0096 | KL 0.00977 | CF 0.1205 | Std 0.1163 | |a| 0.0262 | EV +0.912 | Rsd 0.415 | Res 0.135 | AE 0.908 | Alpha 0.0442 | MB 24/24
  cert | viol 0.018 | dV -0.219798 | V 0.2528 | inball 0.610 | a*_q05 0.00531 | a*_q50 0.03658 | dV>=0 0.000 | n=150 | a_used 0.00209 -> 0.00216
  crit | n=1 | viol 0.723 | V 0.6016 | Vmin 0.1747 | agree +0.496 | a*_q05 -0.00639 | a*_q50 0.00017 | dV>=0 0.472 | beta 0.1496
  bell | direct viol 0.445 | direct dV>=0 0.413 | d_mean +0.00373 | d_std 0.04272 | d_q95 0.09142
[Episode 283/900] Steps: 720 | Reward:   -2.43 | Battery:  77.33% | Loss: 0.1361
Placing Sensors
[Episode 284/900] Steps: 720 | Reward:   -4.21 | Battery:  69.28% | Loss: 
Placing Sensors
Policy -0.0032 | Value 0.0067 | KL 0.00779 | CF 0.0979 | Std 0.1163 | |a| 0.0302 | EV +0.927 | Rsd 0.387 | Res 0.122 | AE 0.881 | Alpha 0.0427 | MB 24/24
  cert | viol 0.002 | dV -0.286794 | V 0.3288 | inball 0.518 | a*_q05 0.00570 | a*_q50 0.03511 | dV>=0 0.000 | n=150 | a_used 0.00216 -> 0.00223
  crit | n=1 | viol 0.518 | V 0.7512 | Vmin 0.2232 | agree +0.413 | a*_q05 -0.00674 | a*_q50 0.00199 | dV>=0 0.384 | beta 0.1492
  bell | direct viol 0.506 | direct dV>=0 0.443 | d_mean +0.00198 | d_std 0.03255 | d_q95 0.06879
[Episode 285/900] Steps: 720 | Reward:   -4.67 | Battery:  67.37% | Loss: 0.1828
Placing Sensors
[Episode 286/900] Steps: 720 | Reward:   -4.03 | Battery:  71.79% | Loss: 
Placing Sensors
Policy -0.0158 | Value 0.0066 | KL 0.01282 | CF 0.1556 | Std 0.1164 | |a| 0.0378 | EV +0.941 | Rsd 0.409 | Res 0.100 | AE 0.896 | Alpha 0.0412 | MB 24/24
  cert | viol 0.031 | dV -0.327406 | V 0.3860 | inball 0.527 | a*_q05 0.00420 | a*_q50 0.03437 | dV>=0 0.002 | n=150 | a_used 0.00223 -> 0.00225
  crit | n=1 | viol 0.419 | V 0.6747 | Vmin 0.2166 | agree +0.486 | a*_q05 -0.00642 | a*_q50 0.00347 | dV>=0 0.321 | beta 0.1457
  bell | direct viol 0.481 | direct dV>=0 0.436 | d_mean -0.00004 | d_std 0.03378 | d_q95 0.06885
[Episode 287/900] Steps: 720 | Reward:   -5.27 | Battery:  73.62% | Loss: -0.0219
Placing Sensors
[Episode 288/900] Steps: 720 | Reward:   -3.27 | Battery:  69.03% | Loss: 
Placing Sensors
Policy -0.0107 | Value 0.0066 | KL 0.00636 | CF 0.0754 | Std 0.1164 | |a| 0.0549 | EV +0.890 | Rsd 0.327 | Res 0.109 | AE 0.934 | Alpha 0.0399 | MB 24/24
  cert | viol 0.157 | dV -0.183014 | V 0.2982 | inball 0.481 | a*_q05 -0.00106 | a*_q50 0.02300 | dV>=0 0.130 | n=150 | a_used 0.00225 -> 0.00214
  crit | n=1 | viol 0.459 | V 0.6449 | Vmin 0.2304 | agree +0.565 | a*_q05 -0.00521 | a*_q50 0.00278 | dV>=0 0.258 | beta 0.1443
  bell | direct viol 0.455 | direct dV>=0 0.384 | d_mean -0.00038 | d_std 0.02444 | d_q95 0.05116
[Episode 289/900] Steps: 720 | Reward:   -5.82 | Battery:  78.16% | Loss: -0.0340
Placing Sensors
[Episode 290/900] Steps: 720 | Reward:   -6.15 | Battery:  58.82% | Loss: 
Placing Sensors
Policy -0.0045 | Value 0.0033 | KL 0.01092 | CF 0.1405 | Std 0.1164 | |a| 0.0347 | EV +0.962 | Rsd 0.392 | Res 0.076 | AE 0.917 | Alpha 0.0385 | MB 24/24
  cert | viol 0.000 | dV -0.266802 | V 0.3420 | inball 0.471 | a*_q05 0.00443 | a*_q50 0.02767 | dV>=0 0.000 | n=150 | a_used 0.00214 -> 0.00222
  crit | n=1 | viol 0.346 | V 0.7068 | Vmin 0.2527 | agree +0.613 | a*_q05 -0.00453 | a*_q50 0.00390 | dV>=0 0.206 | beta 0.1438
  bell | direct viol 0.449 | direct dV>=0 0.396 | d_mean +0.00010 | d_std 0.02566 | d_q95 0.05608
[Episode 291/900] Steps: 720 | Reward:   -4.10 | Battery:  82.64% | Loss: 0.0061
Placing Sensors
[Episode 292/900] Steps: 720 | Reward:   -4.47 | Battery:  72.08% | Loss: 
Placing Sensors
Policy -0.0067 | Value 0.0084 | KL 0.00980 | CF 0.1292 | Std 0.1165 | |a| 0.0302 | EV +0.900 | Rsd 0.340 | Res 0.116 | AE 0.910 | Alpha 0.0372 | MB 24/24
  cert | viol 0.022 | dV -0.277164 | V 0.3452 | inball 0.460 | a*_q05 0.00389 | a*_q50 0.02832 | dV>=0 0.000 | n=150 | a_used 0.00222 -> 0.00237
  crit | n=1 | viol 0.449 | V 0.6235 | Vmin 0.2570 | agree +0.522 | a*_q05 -0.00458 | a*_q50 0.00297 | dV>=0 0.351 | beta 0.1431
  bell | direct viol 0.485 | direct dV>=0 0.455 | d_mean -0.00049 | d_std 0.03242 | d_q95 0.06679
[Episode 293/900] Steps: 720 | Reward:   -5.94 | Battery:  66.06% | Loss: 0.0707
Placing Sensors
[Episode 294/900] Steps: 720 | Reward:   -3.64 | Battery:  64.49% | Loss: 
Placing Sensors
Policy -0.0063 | Value 0.0058 | KL 0.00952 | CF 0.1150 | Std 0.1165 | |a| 0.0352 | EV +0.892 | Rsd 0.311 | Res 0.104 | AE 0.909 | Alpha 0.0360 | MB 24/24
  cert | viol 0.004 | dV -0.230702 | V 0.2685 | inball 0.506 | a*_q05 0.00558 | a*_q50 0.03307 | dV>=0 0.000 | n=150 | a_used 0.00237 -> 0.00247
  crit | n=1 | viol 0.599 | V 0.6536 | Vmin 0.3143 | agree +0.407 | a*_q05 -0.00717 | a*_q50 0.00039 | dV>=0 0.480 | beta 0.1437
  bell | direct viol 0.523 | direct dV>=0 0.480 | d_mean +0.00039 | d_std 0.02745 | d_q95 0.05795
[Episode 295/900] Steps: 720 | Reward:   -4.64 | Battery:  70.94% | Loss: 0.0327
Placing Sensors
[Episode 296/900] Steps: 720 | Reward:   -4.49 | Battery:  70.72% | Loss: 
Placing Sensors
[Episode 297/900] Steps:  91 | Reward:  -17.26 | Battery:   0.00% | Loss: 
Placing Sensors
Policy -0.0010 | Value 0.0196 | KL 0.00949 | CF 0.1156 | Std 0.1165 | |a| 0.0303 | EV +0.858 | Rsd 0.418 | Res 0.157 | AE 0.901 | Alpha 0.0347 | MB 24/24
  cert | viol 0.004 | dV -0.249811 | V 0.2859 | inball 0.505 | a*_q05 0.00644 | a*_q50 0.03057 | dV>=0 0.000 | n=150 | a_used 0.00247 -> 0.00260
  crit | n=1 | viol 0.536 | V 0.6990 | Vmin 0.2881 | agree +0.664 | a*_q05 -0.00615 | a*_q50 0.00193 | dV>=0 0.378 | beta 0.1443
  bell | direct viol 0.494 | direct dV>=0 0.452 | d_mean +0.00041 | d_std 0.03505 | d_q95 0.07322
[Episode 298/900] Steps: 720 | Reward:   -4.06 | Battery:  76.94% | Loss: 0.2102
Placing Sensors
[Episode 299/900] Steps: 720 | Reward:   -3.33 | Battery:  78.53% | Loss: 
Placing Sensors
Policy -0.0065 | Value 0.0070 | KL 0.00974 | CF 0.1241 | Std 0.1165 | |a| 0.0274 | EV +0.872 | Rsd 0.308 | Res 0.117 | AE 0.912 | Alpha 0.0335 | MB 24/24
  cert | viol 0.028 | dV -0.224939 | V 0.2677 | inball 0.557 | a*_q05 0.00400 | a*_q50 0.03550 | dV>=0 0.000 | n=150 | a_used 0.00260 -> 0.00266
  crit | n=1 | viol 0.634 | V 0.5759 | Vmin 0.2267 | agree +0.714 | a*_q05 -0.00670 | a*_q50 0.00114 | dV>=0 0.392 | beta 0.1425
  bell | direct viol 0.490 | direct dV>=0 0.443 | d_mean +0.00162 | d_std 0.02771 | d_q95 0.06025
[Episode 300/900] Steps: 720 | Reward:   -4.36 | Battery:  75.88% | Loss: 0.0349
Placing Sensors
[Episode 301/900] Steps: 720 | Reward:   -5.71 | Battery:  42.38% | Loss: 
Placing Sensors
Policy -0.0045 | Value 0.0064 | KL 0.00986 | CF 0.1227 | Std 0.1165 | |a| 0.0482 | EV +0.908 | Rsd 0.368 | Res 0.112 | AE 0.899 | Alpha 0.0324 | MB 24/24
  cert | viol 0.062 | dV -0.216144 | V 0.2710 | inball 0.310 | a*_q05 -0.00356 | a*_q50 0.02345 | dV>=0 0.046 | n=150 | a_used 0.00266 -> 0.00263
  crit | n=1 | viol 0.662 | V 0.8266 | Vmin 0.3499 | agree +0.377 | a*_q05 -0.00460 | a*_q50 -0.00044 | dV>=0 0.528 | beta 0.1433
  bell | direct viol 0.561 | direct dV>=0 0.485 | d_mean +0.00067 | d_std 0.02299 | d_q95 0.04708
[Episode 302/900] Steps: 720 | Reward:   -5.74 | Battery:  46.04% | Loss: 0.1002
Placing Sensors
[Episode 303/900] Steps: 720 | Reward:   -4.73 | Battery:  60.20% | Loss: 
Placing Sensors
Policy -0.0082 | Value 0.0062 | KL 0.00920 | CF 0.1182 | Std 0.1165 | |a| 0.0479 | EV +0.915 | Rsd 0.312 | Res 0.095 | AE 0.929 | Alpha 0.0313 | MB 24/24
  cert | viol 0.031 | dV -0.262377 | V 0.3131 | inball 0.474 | a*_q05 0.00441 | a*_q50 0.02810 | dV>=0 0.005 | n=150 | a_used 0.00263 -> 0.00273
  crit | n=1 | viol 0.444 | V 0.6925 | Vmin 0.3305 | agree +0.456 | a*_q05 -0.00770 | a*_q50 0.00338 | dV>=0 0.334 | beta 0.1451
  bell | direct viol 0.487 | direct dV>=0 0.421 | d_mean -0.00008 | d_std 0.01998 | d_q95 0.04269
[Episode 304/900] Steps: 720 | Reward:   -4.90 | Battery:  81.46% | Loss: 0.0772
Placing Sensors
[Episode 305/900] Steps: 720 | Reward:   -3.44 | Battery:  73.35% | Loss: 
Placing Sensors
[Episode 306/900] Steps:  74 | Reward:  -17.71 | Battery:   0.00% | Loss: 
Placing Sensors
Policy -0.0035 | Value 0.0234 | KL 0.00814 | CF 0.0996 | Std 0.1165 | |a| 0.0368 | EV +0.794 | Rsd 0.430 | Res 0.195 | AE 0.905 | Alpha 0.0302 | MB 24/24
  cert | viol 0.043 | dV -0.255664 | V 0.3157 | inball 0.528 | a*_q05 0.00339 | a*_q50 0.03231 | dV>=0 0.000 | n=150 | a_used 0.00273 -> 0.00278
  crit | n=1 | viol 0.469 | V 0.7052 | Vmin 0.3249 | agree +0.566 | a*_q05 -0.00728 | a*_q50 0.00314 | dV>=0 0.330 | beta 0.1455
  bell | direct viol 0.484 | direct dV>=0 0.423 | d_mean +0.00052 | d_std 0.02890 | d_q95 0.05383
[Episode 307/900] Steps: 720 | Reward:   -4.66 | Battery:  78.93% | Loss: 0.1930
Placing Sensors
[Episode 308/900] Steps:  79 | Reward:  -17.66 | Battery:   0.00% | Loss: 
Placing Sensors
[Episode 309/900] Steps: 720 | Reward:   -3.87 | Battery:  75.25% | Loss: 
Placing Sensors
[Episode 310/900] Steps:  65 | Reward:  -17.66 | Battery:   0.00% | Loss: 
Placing Sensors
[Episode 311/900] Steps:  69 | Reward:  -17.53 | Battery:   0.00% | Loss: 
Placing Sensors
Policy -0.0109 | Value 0.0151 | KL 0.01414 | CF 0.1344 | Std 0.1165 | |a| 0.0376 | EV +0.878 | Rsd 0.571 | Res 0.206 | AE 0.913 | Alpha 0.0291 | MB 28/28
  cert | viol 0.000 | dV -0.194218 | V 0.2163 | inball 0.482 | a*_q05 0.00843 | a*_q50 0.03313 | dV>=0 0.000 | n=150 | a_used 0.00278 -> 0.00297
  crit | n=1 | viol 0.603 | V 0.7202 | Vmin 0.2678 | agree +0.811 | a*_q05 -0.00592 | a*_q50 0.00127 | dV>=0 0.406 | beta 0.1447
  bell | direct viol 0.516 | direct dV>=0 0.472 | d_mean -0.00078 | d_std 0.04281 | d_q95 0.08351
[Episode 312/900] Steps: 720 | Reward:   -3.31 | Battery:  69.40% | Loss: -0.0287
Placing Sensors
[Episode 313/900] Steps: 720 | Reward:   -4.10 | Battery:  84.35% | Loss: 
Placing Sensors
[Episode 314/900] Steps:  75 | Reward:  -17.70 | Battery:   0.00% | Loss: 
Placing Sensors
Policy -0.0035 | Value 0.0125 | KL 0.01667 | CF 0.1874 | Std 0.1166 | |a| 0.0474 | EV +0.857 | Rsd 0.548 | Res 0.210 | AE 0.914 | Alpha 0.0280 | MB 24/24
  cert | viol 0.000 | dV -0.281930 | V 0.3052 | inball 0.597 | a*_q05 0.00969 | a*_q50 0.03595 | dV>=0 0.000 | n=150 | a_used 0.00297 -> 0.00311
  crit | n=1 | viol 0.628 | V 0.6905 | Vmin 0.2364 | agree +0.664 | a*_q05 -0.00595 | a*_q50 0.00145 | dV>=0 0.380 | beta 0.1434
  bell | direct viol 0.480 | direct dV>=0 0.418 | d_mean +0.00346 | d_std 0.04062 | d_q95 0.08251
[Episode 315/900] Steps: 720 | Reward:   -3.18 | Battery:  74.83% | Loss: 0.0648
Placing Sensors
[Episode 316/900] Steps: 720 | Reward:   -4.35 | Battery:  66.97% | Loss: 
Placing Sensors
Policy -0.0071 | Value 0.0089 | KL 0.01810 | CF 0.1762 | Std 0.1166 | |a| 0.0485 | EV +0.885 | Rsd 0.403 | Res 0.141 | AE 0.899 | Alpha 0.0271 | MB 24/24
  cert | viol 0.067 | dV -0.228082 | V 0.3001 | inball 0.475 | a*_q05 0.00279 | a*_q50 0.02861 | dV>=0 0.000 | n=150 | a_used 0.00311 -> 0.00311
  crit | n=1 | viol 0.628 | V 0.7156 | Vmin 0.2468 | agree +0.547 | a*_q05 -0.00591 | a*_q50 0.00149 | dV>=0 0.383 | beta 0.1417
  bell | direct viol 0.495 | direct dV>=0 0.444 | d_mean +0.00184 | d_std 0.04118 | d_q95 0.08376
[Episode 317/900] Steps: 720 | Reward:   -4.78 | Battery:  75.68% | Loss: 0.0578
Placing Sensors
[Episode 318/900] Steps: 720 | Reward:   -7.15 | Battery:  53.10% | Loss: 
Placing Sensors
[Episode 319/900] Steps:  74 | Reward:  -17.67 | Battery:   0.00% | Loss: 
Placing Sensors
Policy 0.0020 | Value 0.0229 | KL 0.01809 | CF 0.1742 | Std 0.1167 | |a| 0.0464 | EV +0.829 | Rsd 0.493 | Res 0.204 | AE 0.903 | Alpha 0.0261 | MB 24/24
  cert | viol 0.099 | dV -0.277993 | V 0.3825 | inball 0.367 | a*_q05 0.00142 | a*_q50 0.02873 | dV>=0 0.032 | n=150 | a_used 0.00311 -> 0.00274
  crit | n=1 | viol 0.644 | V 0.8700 | Vmin 0.2760 | agree +0.502 | a*_q05 -0.00756 | a*_q50 0.00080 | dV>=0 0.463 | beta 0.1415
  bell | direct viol 0.551 | direct dV>=0 0.478 | d_mean +0.00084 | d_std 0.03409 | d_q95 0.07433
[Episode 320/900] Steps: 720 | Reward:   -4.01 | Battery:  71.71% | Loss: 0.0265
Placing Sensors
[Episode 321/900] Steps: 720 | Reward:   -4.99 | Battery:  75.05% | Loss: 
Placing Sensors
Policy -0.0098 | Value 0.0041 | KL 0.00719 | CF 0.0772 | Std 0.1167 | |a| 0.0306 | EV +0.952 | Rsd 0.399 | Res 0.090 | AE 0.919 | Alpha 0.0253 | MB 24/24
  cert | viol 0.041 | dV -0.269167 | V 0.3279 | inball 0.545 | a*_q05 0.00448 | a*_q50 0.03002 | dV>=0 0.000 | n=150 | a_used 0.00274 -> 0.00281
  crit | n=1 | viol 0.408 | V 0.6507 | Vmin 0.2611 | agree +0.476 | a*_q05 -0.00636 | a*_q50 0.00408 | dV>=0 0.251 | beta 0.1403
  bell | direct viol 0.477 | direct dV>=0 0.441 | d_mean +0.00100 | d_std 0.02604 | d_q95 0.05509
[Episode 322/900] Steps: 720 | Reward:   -3.38 | Battery:  78.31% | Loss: 0.1377
Placing Sensors
[Episode 323/900] Steps: 720 | Reward:   -4.93 | Battery:  79.32% | Loss: 
Placing Sensors
Policy -0.0097 | Value 0.0076 | KL 0.01275 | CF 0.1608 | Std 0.1167 | |a| 0.0383 | EV +0.907 | Rsd 0.369 | Res 0.125 | AE 0.909 | Alpha 0.0244 | MB 24/24
  cert | viol 0.181 | dV -0.218213 | V 0.3693 | inball 0.366 | a*_q05 -0.00214 | a*_q50 0.01840 | dV>=0 0.124 | n=150 | a_used 0.00281 -> 0.00267
  crit | n=1 | viol 0.401 | V 0.7295 | Vmin 0.2790 | agree +0.405 | a*_q05 -0.00581 | a*_q50 0.00481 | dV>=0 0.269 | beta 0.1409
  bell | direct viol 0.511 | direct dV>=0 0.447 | d_mean -0.00121 | d_std 0.03080 | d_q95 0.06138
[Episode 324/900] Steps: 720 | Reward:   -7.03 | Battery:  62.93% | Loss: 0.0949
Placing Sensors
[Episode 325/900] Steps: 720 | Reward:   -3.33 | Battery:  84.74% | Loss: 
Placing Sensors
Policy -0.0092 | Value 0.0042 | KL 0.01109 | CF 0.1436 | Std 0.1167 | |a| 0.0355 | EV +0.951 | Rsd 0.349 | Res 0.087 | AE 0.921 | Alpha 0.0236 | MB 24/24
  cert | viol 0.000 | dV -0.280956 | V 0.3039 | inball 0.584 | a*_q05 0.00993 | a*_q50 0.03418 | dV>=0 0.000 | n=150 | a_used 0.00267 -> 0.00284
  crit | n=1 | viol 0.502 | V 0.6244 | Vmin 0.2713 | agree +0.495 | a*_q05 -0.00598 | a*_q50 0.00271 | dV>=0 0.345 | beta 0.1407
  bell | direct viol 0.477 | direct dV>=0 0.438 | d_mean +0.00142 | d_std 0.02798 | d_q95 0.05643
[Episode 326/900] Steps: 720 | Reward:   -4.80 | Battery:  72.15% | Loss: 0.0722
Placing Sensors
[Episode 327/900] Steps: 720 | Reward:   -4.99 | Battery:  70.16% | Loss: 
Placing Sensors
Policy -0.0051 | Value 0.0074 | KL 0.01259 | CF 0.1617 | Std 0.1166 | |a| 0.0484 | EV +0.847 | Rsd 0.310 | Res 0.122 | AE 0.922 | Alpha 0.0228 | MB 24/24
  cert | viol 0.000 | dV -0.229325 | V 0.2653 | inball 0.514 | a*_q05 0.00559 | a*_q50 0.03150 | dV>=0 0.000 | n=150 | a_used 0.00284 -> 0.00303
  crit | n=1 | viol 0.649 | V 0.6228 | Vmin 0.2738 | agree +0.555 | a*_q05 -0.00610 | a*_q50 0.00085 | dV>=0 0.434 | beta 0.1400
  bell | direct viol 0.514 | direct dV>=0 0.464 | d_mean +0.00106 | d_std 0.02961 | d_q95 0.06361
[Episode 328/900] Steps: 720 | Reward:   -3.90 | Battery:  61.35% | Loss: -0.0325
Placing Sensors
[Episode 329/900] Steps: 720 | Reward:   -4.16 | Battery:  64.05% | Loss: 
Placing Sensors
Policy -0.0063 | Value 0.0068 | KL 0.01025 | CF 0.1122 | Std 0.1166 | |a| 0.0481 | EV +0.887 | Rsd 0.351 | Res 0.120 | AE 0.912 | Alpha 0.0220 | MB 24/24
  cert | viol 0.072 | dV -0.264824 | V 0.3285 | inball 0.513 | a*_q05 0.00248 | a*_q50 0.03175 | dV>=0 0.038 | n=150 | a_used 0.00303 -> 0.00294
  crit | n=1 | viol 0.654 | V 0.6544 | Vmin 0.2428 | agree +0.620 | a*_q05 -0.00689 | a*_q50 0.00055 | dV>=0 0.460 | beta 0.1394
  bell | direct viol 0.506 | direct dV>=0 0.453 | d_mean +0.00104 | d_std 0.03308 | d_q95 0.06852
[Episode 330/900] Steps: 720 | Reward:   -4.67 | Battery:  74.11% | Loss: -0.0196
Placing Sensors
[Episode 331/900] Steps:  74 | Reward:  -17.78 | Battery:   0.00% | Loss: 
Placing Sensors
[Episode 332/900] Steps: 720 | Reward:   -4.65 | Battery:  78.97% | Loss: 
Placing Sensors
Policy -0.0049 | Value 0.0208 | KL 0.01443 | CF 0.1615 | Std 0.1166 | |a| 0.0522 | EV +0.785 | Rsd 0.425 | Res 0.198 | AE 0.914 | Alpha 0.0213 | MB 24/24
  cert | viol 0.040 | dV -0.270425 | V 0.3348 | inball 0.437 | a*_q05 0.00396 | a*_q50 0.02810 | dV>=0 0.000 | n=150 | a_used 0.00294 -> 0.00303
  crit | n=1 | viol 0.464 | V 0.7380 | Vmin 0.3046 | agree +0.532 | a*_q05 -0.00631 | a*_q50 0.00344 | dV>=0 0.311 | beta 0.1384
  bell | direct viol 0.528 | direct dV>=0 0.473 | d_mean +0.00027 | d_std 0.03841 | d_q95 0.08164
[Episode 333/900] Steps: 720 | Reward:   -5.43 | Battery:  61.24% | Loss: 0.0376
Placing Sensors
[Episode 334/900] Steps: 720 | Reward:   -3.50 | Battery:  82.86% | Loss: 
Placing Sensors
Policy -0.0013 | Value 0.0071 | KL 0.01260 | CF 0.1539 | Std 0.1166 | |a| 0.0415 | EV +0.881 | Rsd 0.301 | Res 0.109 | AE 0.912 | Alpha 0.0206 | MB 24/24
  cert | viol 0.000 | dV -0.208404 | V 0.2374 | inball 0.611 | a*_q05 0.00688 | a*_q50 0.03249 | dV>=0 0.000 | n=150 | a_used 0.00303 -> 0.00315
  crit | n=1 | viol 0.605 | V 0.5559 | Vmin 0.2509 | agree +0.538 | a*_q05 -0.00630 | a*_q50 0.00167 | dV>=0 0.337 | beta 0.1373
  bell | direct viol 0.485 | direct dV>=0 0.452 | d_mean +0.00237 | d_std 0.03064 | d_q95 0.06618
[Episode 335/900] Steps: 720 | Reward:   -3.42 | Battery:  81.82% | Loss: 0.0624
Placing Sensors
[Episode 336/900] Steps:  68 | Reward:  -17.54 | Battery:   0.00% | Loss: 
Placing Sensors
[Episode 337/900] Steps: 720 | Reward:   -3.50 | Battery:  80.35% | Loss: 
Placing Sensors
Policy -0.0110 | Value 0.0128 | KL 0.01373 | CF 0.1306 | Std 0.1166 | |a| 0.0480 | EV +0.798 | Rsd 0.422 | Res 0.197 | AE 0.905 | Alpha 0.0198 | MB 24/24
  cert | viol 0.000 | dV -0.192108 | V 0.2198 | inball 0.498 | a*_q05 0.00682 | a*_q50 0.03042 | dV>=0 0.000 | n=150 | a_used 0.00315 -> 0.00333
  crit | n=1 | viol 0.505 | V 0.6011 | Vmin 0.2778 | agree +0.463 | a*_q05 -0.00649 | a*_q50 0.00304 | dV>=0 0.357 | beta 0.1370
  bell | direct viol 0.531 | direct dV>=0 0.486 | d_mean -0.00116 | d_std 0.03864 | d_q95 0.07387
[Episode 338/900] Steps: 720 | Reward:   -4.37 | Battery:  62.69% | Loss: 0.0304
Placing Sensors
[Episode 339/900] Steps: 720 | Reward:   -4.57 | Battery:  48.07% | Loss: 
Placing Sensors
Policy -0.0112 | Value 0.0069 | KL 0.01504 | CF 0.1842 | Std 0.1167 | |a| 0.0468 | EV +0.894 | Rsd 0.349 | Res 0.114 | AE 0.906 | Alpha 0.0192 | MB 24/24
  cert | viol 0.000 | dV -0.243699 | V 0.2705 | inball 0.526 | a*_q05 0.00861 | a*_q50 0.03309 | dV>=0 0.000 | n=150 | a_used 0.00333 -> 0.00351
  crit | n=1 | viol 0.507 | V 0.6290 | Vmin 0.2573 | agree +0.291 | a*_q05 -0.00652 | a*_q50 0.00311 | dV>=0 0.357 | beta 0.1367
  bell | direct viol 0.508 | direct dV>=0 0.457 | d_mean -0.00022 | d_std 0.03085 | d_q95 0.06705
[Episode 340/900] Steps: 720 | Reward:   -4.26 | Battery:  80.83% | Loss: 0.0264
Placing Sensors
[Episode 341/900] Steps: 720 | Reward:   -5.79 | Battery:  71.66% | Loss: 
Placing Sensors
Policy -0.0059 | Value 0.0068 | KL 0.01699 | CF 0.1762 | Std 0.1167 | |a| 0.0413 | EV +0.886 | Rsd 0.318 | Res 0.112 | AE 0.916 | Alpha 0.0185 | MB 24/24
  cert | viol 0.052 | dV -0.292982 | V 0.3503 | inball 0.506 | a*_q05 0.00450 | a*_q50 0.03317 | dV>=0 0.002 | n=150 | a_used 0.00351 -> 0.00338
  crit | n=1 | viol 0.516 | V 0.5563 | Vmin 0.2527 | agree +0.672 | a*_q05 -0.00631 | a*_q50 0.00326 | dV>=0 0.351 | beta 0.1363
  bell | direct viol 0.508 | direct dV>=0 0.448 | d_mean -0.00038 | d_std 0.03648 | d_q95 0.07507
[Episode 342/900] Steps: 720 | Reward:   -3.48 | Battery:  66.46% | Loss: 0.1002
Placing Sensors
[Episode 343/900] Steps: 720 | Reward:   -4.07 | Battery:  71.16% | Loss: 
Placing Sensors
Policy -0.0131 | Value 0.0043 | KL 0.01188 | CF 0.1493 | Std 0.1167 | |a| 0.0425 | EV +0.937 | Rsd 0.310 | Res 0.079 | AE 0.916 | Alpha 0.0179 | MB 24/24
  cert | viol 0.007 | dV -0.246248 | V 0.2797 | inball 0.551 | a*_q05 0.00658 | a*_q50 0.03055 | dV>=0 0.000 | n=150 | a_used 0.00338 -> 0.00353
  crit | n=1 | viol 0.446 | V 0.5794 | Vmin 0.2573 | agree +0.316 | a*_q05 -0.00512 | a*_q50 0.00437 | dV>=0 0.284 | beta 0.1347
  bell | direct viol 0.484 | direct dV>=0 0.435 | d_mean -0.00089 | d_std 0.02665 | d_q95 0.05306
[Episode 344/900] Steps: 720 | Reward:   -4.13 | Battery:  73.51% | Loss: -0.1246
Placing Sensors
[Episode 345/900] Steps: 720 | Reward:   -6.17 | Battery:  63.65% | Loss: 
Placing Sensors
Policy -0.0110 | Value 0.0071 | KL 0.01420 | CF 0.1781 | Std 0.1167 | |a| 0.0544 | EV +0.880 | Rsd 0.311 | Res 0.115 | AE 0.915 | Alpha 0.0173 | MB 24/24
  cert | viol 0.063 | dV -0.251484 | V 0.3207 | inball 0.452 | a*_q05 0.00344 | a*_q50 0.02508 | dV>=0 0.005 | n=150 | a_used 0.00353 -> 0.00360
  crit | n=1 | viol 0.498 | V 0.6355 | Vmin 0.2139 | agree +0.391 | a*_q05 -0.00433 | a*_q50 0.00355 | dV>=0 0.291 | beta 0.1326
  bell | direct viol 0.518 | direct dV>=0 0.443 | d_mean -0.00055 | d_std 0.02663 | d_q95 0.05753
[Episode 346/900] Steps: 720 | Reward:   -4.53 | Battery:  68.17% | Loss: -0.1056
Placing Sensors
[Episode 347/900] Steps: 720 | Reward:   -5.07 | Battery:  78.63% | Loss: 
Placing Sensors
Policy -0.0084 | Value 0.0052 | KL 0.01470 | CF 0.1679 | Std 0.1166 | |a| 0.0530 | EV +0.904 | Rsd 0.314 | Res 0.098 | AE 0.928 | Alpha 0.0167 | MB 24/24
  cert | viol 0.095 | dV -0.236445 | V 0.3119 | inball 0.548 | a*_q05 0.00103 | a*_q50 0.03190 | dV>=0 0.017 | n=150 | a_used 0.00360 -> 0.00338
  crit | n=1 | viol 0.422 | V 0.5313 | Vmin 0.1642 | agree +0.531 | a*_q05 -0.00548 | a*_q50 0.00466 | dV>=0 0.261 | beta 0.1299
  bell | direct viol 0.513 | direct dV>=0 0.467 | d_mean -0.00048 | d_std 0.03192 | d_q95 0.06832
[Episode 348/900] Steps: 720 | Reward:   -2.72 | Battery:  76.42% | Loss: 0.0676
Placing Sensors
[Episode 349/900] Steps: 720 | Reward:   -5.04 | Battery:  72.87% | Loss: 
Placing Sensors
[Episode 350/900] Steps:  79 | Reward:  -17.65 | Battery:   0.00% | Loss: 
Placing Sensors
Policy -0.0041 | Value 0.0193 | KL 0.02371 | CF 0.2413 | Std 0.1166 | |a| 0.0510 | EV +0.829 | Rsd 0.448 | Res 0.188 | AE 0.899 | Alpha 0.0161 | MB 24/24
  cert | viol 0.022 | dV -0.305714 | V 0.3483 | inball 0.556 | a*_q05 0.00584 | a*_q50 0.03630 | dV>=0 0.000 | n=150 | a_used 0.00338 -> 0.00350
  crit | n=1 | viol 0.459 | V 0.6201 | Vmin 0.1953 | agree +0.697 | a*_q05 -0.00567 | a*_q50 0.00391 | dV>=0 0.288 | beta 0.1292
  bell | direct viol 0.505 | direct dV>=0 0.461 | d_mean +0.00060 | d_std 0.04984 | d_q95 0.10362
[Episode 351/900] Steps: 720 | Reward:   -3.20 | Battery:  78.33% | Loss: -0.0460
Placing Sensors
[Episode 352/900] Steps: 720 | Reward:   -4.36 | Battery:  72.14% | Loss: 
Placing Sensors
Policy -0.0082 | Value 0.0055 | KL 0.02178 | CF 0.2227 | Std 0.1166 | |a| 0.0455 | EV +0.870 | Rsd 0.274 | Res 0.105 | AE 0.926 | Alpha 0.0156 | MB 24/24
  cert | viol 0.015 | dV -0.210139 | V 0.2339 | inball 0.622 | a*_q05 0.00709 | a*_q50 0.03750 | dV>=0 0.000 | n=150 | a_used 0.00350 -> 0.00358
  crit | n=1 | viol 0.566 | V 0.4942 | Vmin 0.2184 | agree +0.523 | a*_q05 -0.00603 | a*_q50 0.00252 | dV>=0 0.356 | beta 0.1276
  bell | direct viol 0.504 | direct dV>=0 0.460 | d_mean +0.00089 | d_std 0.03428 | d_q95 0.06869
[Episode 353/900] Steps: 720 | Reward:   -2.13 | Battery:  85.99% | Loss: -0.0955
Placing Sensors
[Episode 354/900] Steps: 720 | Reward:   -5.67 | Battery:  58.72% | Loss: 
Placing Sensors
Policy -0.0138 | Value 0.0087 | KL 0.01708 | CF 0.1788 | Std 0.1166 | |a| 0.0556 | EV +0.825 | Rsd 0.324 | Res 0.138 | AE 0.895 | Alpha 0.0151 | MB 24/24
  cert | viol 0.075 | dV -0.261657 | V 0.3287 | inball 0.358 | a*_q05 0.00278 | a*_q50 0.02732 | dV>=0 0.022 | n=150 | a_used 0.00358 -> 0.00364
  crit | n=1 | viol 0.509 | V 0.7178 | Vmin 0.2993 | agree +0.319 | a*_q05 -0.00590 | a*_q50 0.00301 | dV>=0 0.428 | beta 0.1290
  bell | direct viol 0.550 | direct dV>=0 0.488 | d_mean -0.00038 | d_std 0.03655 | d_q95 0.07655
[Episode 355/900] Steps: 720 | Reward:   -5.42 | Battery:  58.19% | Loss: -0.0499
Placing Sensors
[Episode 356/900] Steps: 720 | Reward:   -3.41 | Battery:  79.60% | Loss: 
Placing Sensors
Policy -0.0059 | Value 0.0039 | KL 0.01818 | CF 0.1995 | Std 0.1166 | |a| 0.0430 | EV +0.956 | Rsd 0.311 | Res 0.076 | AE 0.938 | Alpha 0.0146 | MB 18/24
  cert | viol 0.018 | dV -0.288693 | V 0.3253 | inball 0.611 | a*_q05 0.00561 | a*_q50 0.03662 | dV>=0 0.000 | n=150 | a_used 0.00364 -> 0.00369
  crit | n=1 | viol 0.588 | V 0.5671 | Vmin 0.2423 | agree +0.547 | a*_q05 -0.00676 | a*_q50 0.00204 | dV>=0 0.412 | beta 0.1296
  bell | direct viol 0.510 | direct dV>=0 0.427 | d_mean +0.00123 | d_std 0.02810 | d_q95 0.06093
[Episode 357/900] Steps: 720 | Reward:   -4.07 | Battery:  81.66% | Loss: 0.0307
Placing Sensors
[Episode 358/900] Steps: 720 | Reward:   -3.64 | Battery:  79.00% | Loss: 
Placing Sensors
Policy -0.0064 | Value 0.0068 | KL 0.01862 | CF 0.2029 | Std 0.1166 | |a| 0.0484 | EV +0.917 | Rsd 0.296 | Res 0.089 | AE 0.934 | Alpha 0.0141 | MB 24/24
  cert | viol 0.030 | dV -0.283617 | V 0.3264 | inball 0.583 | a*_q05 0.00540 | a*_q50 0.03588 | dV>=0 0.000 | n=150 | a_used 0.00369 -> 0.00375
  crit | n=1 | viol 0.549 | V 0.5978 | Vmin 0.2668 | agree +0.522 | a*_q05 -0.00609 | a*_q50 0.00278 | dV>=0 0.339 | beta 0.1290
  bell | direct viol 0.516 | direct dV>=0 0.448 | d_mean +0.00019 | d_std 0.03412 | d_q95 0.06443
[Episode 359/900] Steps: 720 | Reward:   -4.40 | Battery:  71.64% | Loss: 0.1268
Placing Sensors
[Episode 360/900] Steps: 720 | Reward:   -5.52 | Battery:  77.86% | Loss: 
Placing Sensors
Policy 0.0024 | Value 0.0072 | KL 0.02393 | CF 0.2454 | Std 0.1167 | |a| 0.0532 | EV +0.833 | Rsd 0.282 | Res 0.118 | AE 0.919 | Alpha 0.0136 | MB 24/24
  cert | viol 0.048 | dV -0.245269 | V 0.3091 | inball 0.537 | a*_q05 0.00433 | a*_q50 0.02657 | dV>=0 0.000 | n=150 | a_used 0.00375 -> 0.00378
  crit | n=1 | viol 0.352 | V 0.5654 | Vmin 0.2510 | agree +0.366 | a*_q05 -0.00413 | a*_q50 0.00706 | dV>=0 0.179 | beta 0.1286
  bell | direct viol 0.496 | direct dV>=0 0.453 | d_mean -0.00221 | d_std 0.03283 | d_q95 0.06982
[Episode 361/900] Steps: 720 | Reward:   -3.27 | Battery:  84.06% | Loss: 0.1160
Placing Sensors
[Episode 362/900] Steps:  81 | Reward:  -17.44 | Battery:   0.00% | Loss: 
Placing Sensors
[Episode 363/900] Steps: 720 | Reward:   -2.35 | Battery:  77.90% | Loss: 
Placing Sensors
Policy -0.0040 | Value 0.0140 | KL 0.01495 | CF 0.1387 | Std 0.1167 | |a| 0.0458 | EV +0.823 | Rsd 0.403 | Res 0.169 | AE 0.930 | Alpha 0.0131 | MB 24/24
  cert | viol 0.000 | dV -0.202270 | V 0.2122 | inball 0.613 | a*_q05 0.01197 | a*_q50 0.04064 | dV>=0 0.000 | n=150 | a_used 0.00378 -> 0.00397
  crit | n=1 | viol 0.540 | V 0.4966 | Vmin 0.2064 | agree +0.594 | a*_q05 -0.00729 | a*_q50 0.00270 | dV>=0 0.378 | beta 0.1264
  bell | direct viol 0.505 | direct dV>=0 0.444 | d_mean +0.00006 | d_std 0.03223 | d_q95 0.06023
[Episode 364/900] Steps: 720 | Reward:   -2.59 | Battery:  77.65% | Loss: 0.0121
Placing Sensors
[Episode 365/900] Steps: 720 | Reward:   -3.48 | Battery:  77.66% | Loss: 
Placing Sensors
Policy 0.0026 | Value 0.0068 | KL 0.01920 | CF 0.2171 | Std 0.1167 | |a| 0.0519 | EV +0.893 | Rsd 0.362 | Res 0.125 | AE 0.925 | Alpha 0.0127 | MB 18/24
  cert | viol 0.182 | dV -0.202408 | V 0.2776 | inball 0.343 | a*_q05 -0.01361 | a*_q50 0.01517 | dV>=0 0.087 | n=150 | a_used 0.00397 -> 0.00377
  crit | n=1 | viol 0.477 | V 0.6437 | Vmin 0.2509 | agree +0.574 | a*_q05 -0.00428 | a*_q50 0.00440 | dV>=0 0.260 | beta 0.1271
  bell | direct viol 0.550 | direct dV>=0 0.495 | d_mean -0.00106 | d_std 0.03108 | d_q95 0.06393
[Episode 366/900] Steps: 720 | Reward:   -6.89 | Battery:  60.47% | Loss: 0.0969
Placing Sensors
[Episode 367/900] Steps: 720 | Reward:   -5.01 | Battery:  83.58% | Loss: 
Placing Sensors
Policy -0.0013 | Value 0.0049 | KL 0.02610 | CF 0.2927 | Std 0.1167 | |a| 0.0444 | EV +0.908 | Rsd 0.290 | Res 0.090 | AE 0.911 | Alpha 0.0123 | MB 24/24
  cert | viol 0.062 | dV -0.229819 | V 0.2999 | inball 0.522 | a*_q05 0.00312 | a*_q50 0.02596 | dV>=0 0.019 | n=150 | a_used 0.00377 -> 0.00378
  crit | n=1 | viol 0.269 | V 0.5411 | Vmin 0.2149 | agree +0.635 | a*_q05 -0.00581 | a*_q50 0.00673 | dV>=0 0.147 | beta 0.1268
  bell | direct viol 0.502 | direct dV>=0 0.457 | d_mean -0.00112 | d_std 0.03692 | d_q95 0.07648
[Episode 368/900] Steps: 720 | Reward:   -3.82 | Battery:  79.97% | Loss: -0.0381
Placing Sensors
[Episode 369/900] Steps:  85 | Reward:  -17.60 | Battery:   0.00% | Loss: 
Placing Sensors
[Episode 370/900] Steps:  81 | Reward:  -17.62 | Battery:   0.00% | Loss: 
Placing Sensors
[Episode 371/900] Steps: 720 | Reward:   -3.99 | Battery:  72.46% | Loss: 
Placing Sensors
Policy 0.0084 | Value 0.0396 | KL 0.02890 | CF 0.2530 | Std 0.1167 | |a| 0.0497 | EV +0.787 | Rsd 0.518 | Res 0.248 | AE 0.898 | Alpha 0.0118 | MB 14/28
  cert | viol 0.000 | dV -0.245077 | V 0.2804 | inball 0.517 | a*_q05 0.00724 | a*_q50 0.03011 | dV>=0 0.000 | n=150 | a_used 0.00378 -> 0.00388
  crit | n=1 | viol 0.463 | V 0.6210 | Vmin 0.1790 | agree +0.806 | a*_q05 -0.00414 | a*_q50 0.00416 | dV>=0 0.182 | beta 0.1260
  bell | direct viol 0.502 | direct dV>=0 0.456 | d_mean +0.00012 | d_std 0.04880 | d_q95 0.10742
[Episode 372/900] Steps: 720 | Reward:   -4.01 | Battery:  86.24% | Loss: 0.1227
Placing Sensors
[Episode 373/900] Steps: 720 | Reward:   -4.89 | Battery:  78.49% | Loss: 
Placing Sensors
Policy -0.0036 | Value 0.0133 | KL 0.01989 | CF 0.2025 | Std 0.1168 | |a| 0.0377 | EV +0.762 | Rsd 0.334 | Res 0.166 | AE 0.900 | Alpha 0.0114 | MB 24/24
  cert | viol 0.028 | dV -0.276827 | V 0.3308 | inball 0.445 | a*_q05 0.00524 | a*_q50 0.02792 | dV>=0 0.000 | n=150 | a_used 0.00388 -> 0.00388
  crit | n=1 | viol 0.424 | V 0.6034 | Vmin 0.2639 | agree +0.480 | a*_q05 -0.00524 | a*_q50 0.00574 | dV>=0 0.321 | beta 0.1257
  bell | direct viol 0.513 | direct dV>=0 0.475 | d_mean +0.00047 | d_std 0.05301 | d_q95 0.10369
[Episode 374/900] Steps: 720 | Reward:   -5.30 | Battery:  66.57% | Loss: -0.1429
Placing Sensors
[Episode 375/900] Steps: 720 | Reward:   -4.91 | Battery:  55.79% | Loss: 
Placing Sensors
Policy -0.0044 | Value 0.0037 | KL 0.01687 | CF 0.1786 | Std 0.1167 | |a| 0.0521 | EV +0.955 | Rsd 0.378 | Res 0.080 | AE 0.903 | Alpha 0.0110 | MB 24/24
  cert | viol 0.064 | dV -0.245220 | V 0.3059 | inball 0.500 | a*_q05 0.00301 | a*_q50 0.02860 | dV>=0 0.021 | n=150 | a_used 0.00388 -> 0.00374
  crit | n=1 | viol 0.531 | V 0.6475 | Vmin 0.2145 | agree +0.560 | a*_q05 -0.00462 | a*_q50 0.00375 | dV>=0 0.259 | beta 0.1251
  bell | direct viol 0.535 | direct dV>=0 0.466 | d_mean +0.00024 | d_std 0.03810 | d_q95 0.08160
[Episode 376/900] Steps: 720 | Reward:   -4.44 | Battery:  85.04% | Loss: 0.1565
Placing Sensors
[Episode 377/900] Steps: 720 | Reward:   -5.08 | Battery:  80.04% | Loss: 
Placing Sensors
[Episode 378/900] Steps:  65 | Reward:  -17.72 | Battery:   0.00% | Loss: 
Placing Sensors
Policy -0.0090 | Value 0.0181 | KL 0.01533 | CF 0.1543 | Std 0.1167 | |a| 0.0376 | EV +0.870 | Rsd 0.436 | Res 0.158 | AE 0.877 | Alpha 0.0106 | MB 24/24
  cert | viol 0.045 | dV -0.264255 | V 0.3201 | inball 0.511 | a*_q05 0.00438 | a*_q50 0.03152 | dV>=0 0.000 | n=150 | a_used 0.00374 -> 0.00370
  crit | n=1 | viol 0.624 | V 0.7117 | Vmin 0.2451 | agree +0.646 | a*_q05 -0.00615 | a*_q50 0.00214 | dV>=0 0.357 | beta 0.1252
  bell | direct viol 0.500 | direct dV>=0 0.442 | d_mean +0.00101 | d_std 0.04509 | d_q95 0.09287
[Episode 379/900] Steps: 720 | Reward:   -4.10 | Battery:  63.06% | Loss: -0.0772
Placing Sensors
[Episode 380/900] Steps: 720 | Reward:   -4.23 | Battery:  77.72% | Loss: 
Placing Sensors
Policy -0.0086 | Value 0.0067 | KL 0.01156 | CF 0.1278 | Std 0.1167 | |a| 0.0395 | EV +0.882 | Rsd 0.349 | Res 0.120 | AE 0.920 | Alpha 0.0103 | MB 24/24
  cert | viol 0.025 | dV -0.294803 | V 0.3466 | inball 0.569 | a*_q05 0.00513 | a*_q50 0.03378 | dV>=0 0.000 | n=150 | a_used 0.00370 -> 0.00380
  crit | n=1 | viol 0.423 | V 0.6028 | Vmin 0.2325 | agree +0.405 | a*_q05 -0.00606 | a*_q50 0.00522 | dV>=0 0.299 | beta 0.1253
  bell | direct viol 0.516 | direct dV>=0 0.474 | d_mean -0.00052 | d_std 0.03870 | d_q95 0.07683
[Episode 381/900] Steps: 720 | Reward:   -4.64 | Battery:  75.47% | Loss: -0.0603
Placing Sensors
[Episode 382/900] Steps: 103 | Reward:  -17.52 | Battery:   0.00% | Loss: 
Placing Sensors
[Episode 383/900] Steps: 720 | Reward:   -4.13 | Battery:  72.95% | Loss: 
Placing Sensors
Policy 0.0196 | Value 0.0169 | KL 0.01321 | CF 0.1226 | Std 0.1167 | |a| 0.0426 | EV +0.806 | Rsd 0.431 | Res 0.196 | AE 0.928 | Alpha 0.0100 | MB 28/28
  cert | viol 0.025 | dV -0.230733 | V 0.2697 | inball 0.499 | a*_q05 0.00895 | a*_q50 0.03006 | dV>=0 0.000 | n=150 | a_used 0.00380 -> 0.00399
  crit | n=1 | viol 0.577 | V 0.6591 | Vmin 0.2334 | agree +0.649 | a*_q05 -0.00532 | a*_q50 0.00327 | dV>=0 0.239 | beta 0.1252
  bell | direct viol 0.547 | direct dV>=0 0.468 | d_mean -0.00157 | d_std 0.02693 | d_q95 0.05483
[Episode 384/900] Steps: 720 | Reward:   -4.19 | Battery:  81.68% | Loss: -0.0172
Placing Sensors
[Episode 385/900] Steps: 720 | Reward:   -5.84 | Battery:  67.20% | Loss: 
Placing Sensors
Policy -0.0089 | Value 0.0052 | KL 0.00715 | CF 0.0858 | Std 0.1167 | |a| 0.0411 | EV +0.937 | Rsd 0.371 | Res 0.095 | AE 0.930 | Alpha 0.0100 | MB 24/24
  cert | viol 0.033 | dV -0.288810 | V 0.3504 | inball 0.458 | a*_q05 0.00506 | a*_q50 0.02764 | dV>=0 0.000 | n=150 | a_used 0.00399 -> 0.00406
  crit | n=1 | viol 0.457 | V 0.6637 | Vmin 0.2213 | agree +0.572 | a*_q05 -0.00652 | a*_q50 0.00471 | dV>=0 0.287 | beta 0.1247
  bell | direct viol 0.513 | direct dV>=0 0.452 | d_mean -0.00035 | d_std 0.03471 | d_q95 0.06482
[Episode 386/900] Steps: 720 | Reward:   -4.72 | Battery:  74.05% | Loss: -0.0303
Placing Sensors
[Episode 387/900] Steps: 720 | Reward:   -4.86 | Battery:  68.71% | Loss: 
Placing Sensors
Policy -0.0051 | Value 0.0072 | KL 0.01302 | CF 0.1430 | Std 0.1167 | |a| 0.0421 | EV +0.891 | Rsd 0.365 | Res 0.121 | AE 0.921 | Alpha 0.0100 | MB 24/24
  cert | viol 0.097 | dV -0.292764 | V 0.3774 | inball 0.470 | a*_q05 0.00283 | a*_q50 0.03073 | dV>=0 0.000 | n=150 | a_used 0.00406 -> 0.00390
  crit | n=1 | viol 0.526 | V 0.6602 | Vmin 0.2430 | agree +0.433 | a*_q05 -0.00621 | a*_q50 0.00346 | dV>=0 0.348 | beta 0.1244
  bell | direct viol 0.492 | direct dV>=0 0.420 | d_mean +0.00023 | d_std 0.02858 | d_q95 0.06036
[Episode 388/900] Steps: 720 | Reward:   -5.74 | Battery:  72.45% | Loss: 0.0003
Placing Sensors
[Episode 389/900] Steps:  69 | Reward:  -17.73 | Battery:   0.00% | Loss: 
Placing Sensors
[Episode 390/900] Steps: 720 | Reward:   -4.71 | Battery:  69.37% | Loss: 
Placing Sensors
[Episode 391/900] Steps:  85 | Reward:  -17.62 | Battery:   0.00% | Loss: 
Placing Sensors
Policy -0.0000 | Value 0.0296 | KL 0.01939 | CF 0.1888 | Std 0.1167 | |a| 0.0478 | EV +0.758 | Rsd 0.514 | Res 0.268 | AE 0.910 | Alpha 0.0100 | MB 28/28
  cert | viol 0.102 | dV -0.294095 | V 0.3637 | inball 0.471 | a*_q05 0.00295 | a*_q50 0.03251 | dV>=0 0.011 | n=150 | a_used 0.00390 -> 0.00358
  crit | n=1 | viol 0.510 | V 0.7444 | Vmin 0.2738 | agree +0.617 | a*_q05 -0.00664 | a*_q50 0.00385 | dV>=0 0.307 | beta 0.1247
  bell | direct viol 0.512 | direct dV>=0 0.458 | d_mean -0.00040 | d_std 0.04629 | d_q95 0.09873
[Episode 392/900] Steps: 720 | Reward:   -4.98 | Battery:  83.07% | Loss: 0.1990
Placing Sensors
[Episode 393/900] Steps: 720 | Reward:   -3.94 | Battery:  81.43% | Loss: 
Placing Sensors
Policy -0.0124 | Value 0.0054 | KL 0.01129 | CF 0.1309 | Std 0.1167 | |a| 0.0433 | EV +0.911 | Rsd 0.334 | Res 0.100 | AE 0.934 | Alpha 0.0100 | MB 24/24
  cert | viol 0.081 | dV -0.237458 | V 0.3092 | inball 0.467 | a*_q05 0.00280 | a*_q50 0.02782 | dV>=0 0.000 | n=150 | a_used 0.00358 -> 0.00357
  crit | n=1 | viol 0.604 | V 0.7065 | Vmin 0.3095 | agree +0.565 | a*_q05 -0.00641 | a*_q50 0.00213 | dV>=0 0.371 | beta 0.1262
  bell | direct viol 0.515 | direct dV>=0 0.468 | d_mean +0.00012 | d_std 0.03800 | d_q95 0.07815
[Episode 394/900] Steps: 720 | Reward:   -5.70 | Battery:  63.82% | Loss: 0.0946
Placing Sensors
[Episode 395/900] Steps: 720 | Reward:   -3.94 | Battery:  54.67% | Loss: 
Placing Sensors
[Episode 396/900] Steps: 112 | Reward:  -17.28 | Battery:   0.00% | Loss: 
Placing Sensors
Policy -0.0195 | Value 0.0160 | KL 0.01344 | CF 0.1278 | Std 0.1167 | |a| 0.0413 | EV +0.832 | Rsd 0.476 | Res 0.197 | AE 0.931 | Alpha 0.0100 | MB 28/28
  cert | viol 0.000 | dV -0.230097 | V 0.2452 | inball 0.485 | a*_q05 0.01275 | a*_q50 0.03745 | dV>=0 0.000 | n=150 | a_used 0.00357 -> 0.00376
  crit | n=1 | viol 0.816 | V 0.7612 | Vmin 0.2375 | agree +0.574 | a*_q05 -0.00707 | a*_q50 -0.00071 | dV>=0 0.533 | beta 0.1267
  bell | direct viol 0.510 | direct dV>=0 0.459 | d_mean +0.00204 | d_std 0.04350 | d_q95 0.08066
[Episode 397/900] Steps: 720 | Reward:   -3.74 | Battery:  62.28% | Loss: -0.0145
Placing Sensors
[Episode 398/900] Steps: 720 | Reward:   -5.05 | Battery:  59.20% | Loss: 
Placing Sensors
Policy -0.0022 | Value 0.0061 | KL 0.01784 | CF 0.2061 | Std 0.1167 | |a| 0.0419 | EV +0.911 | Rsd 0.370 | Res 0.111 | AE 0.937 | Alpha 0.0100 | MB 24/24
  cert | viol 0.000 | dV -0.314749 | V 0.3483 | inball 0.523 | a*_q05 0.00853 | a*_q50 0.03379 | dV>=0 0.000 | n=150 | a_used 0.00376 -> 0.00391
  crit | n=1 | viol 0.572 | V 0.6901 | Vmin 0.2943 | agree +0.430 | a*_q05 -0.00675 | a*_q50 0.00194 | dV>=0 0.426 | beta 0.1275
  bell | direct viol 0.512 | direct dV>=0 0.457 | d_mean +0.00099 | d_std 0.03701 | d_q95 0.07604
[Episode 399/900] Steps: 720 | Reward:   -4.52 | Battery:  76.83% | Loss: 0.2050
Placing Sensors
[Episode 400/900] Steps: 720 | Reward:   -3.69 | Battery:  85.60% | Loss: 
Placing Sensors
Policy -0.0006 | Value 0.0045 | KL 0.02017 | CF 0.2043 | Std 0.1167 | |a| 0.0386 | EV +0.962 | Rsd 0.300 | Res 0.074 | AE 0.941 | Alpha 0.0100 | MB 12/24
  cert | viol 0.023 | dV -0.236338 | V 0.2697 | inball 0.629 | a*_q05 0.00638 | a*_q50 0.03554 | dV>=0 0.000 | n=150 | a_used 0.00391 -> 0.00404
  crit | n=1 | viol 0.603 | V 0.5458 | Vmin 0.2299 | agree +0.606 | a*_q05 -0.00678 | a*_q50 0.00302 | dV>=0 0.300 | beta 0.1281
  bell | direct viol 0.462 | direct dV>=0 0.390 | d_mean +0.00226 | d_std 0.02423 | d_q95 0.05074
[Episode 401/900] Steps: 720 | Reward:   -3.09 | Battery:  78.84% | Loss: -0.0352
Placing Sensors
[Episode 402/900] Steps: 720 | Reward:   -4.19 | Battery:  79.27% | Loss: 
Placing Sensors
Policy -0.0088 | Value 0.0040 | KL 0.01005 | CF 0.1384 | Std 0.1167 | |a| 0.0332 | EV +0.950 | Rsd 0.343 | Res 0.087 | AE 0.942 | Alpha 0.0100 | MB 24/24
  cert | viol 0.056 | dV -0.322468 | V 0.3825 | inball 0.542 | a*_q05 0.00415 | a*_q50 0.03197 | dV>=0 0.000 | n=150 | a_used 0.00404 -> 0.00411
  crit | n=1 | viol 0.479 | V 0.6794 | Vmin 0.3208 | agree +0.615 | a*_q05 -0.00638 | a*_q50 0.00437 | dV>=0 0.307 | beta 0.1292
  bell | direct viol 0.520 | direct dV>=0 0.424 | d_mean -0.00002 | d_std 0.02018 | d_q95 0.04104
[Episode 403/900] Steps: 720 | Reward:   -5.19 | Battery:  78.45% | Loss: 0.1284
Placing Sensors
[Episode 404/900] Steps: 720 | Reward:   -5.85 | Battery:  74.55% | Loss: 
Placing Sensors
Policy 0.0013 | Value 0.0052 | KL 0.01205 | CF 0.1503 | Std 0.1167 | |a| 0.0355 | EV +0.950 | Rsd 0.366 | Res 0.083 | AE 0.944 | Alpha 0.0100 | MB 24/24
  cert | viol 0.064 | dV -0.299497 | V 0.3745 | inball 0.508 | a*_q05 0.00365 | a*_q50 0.03362 | dV>=0 0.018 | n=150 | a_used 0.00411 -> 0.00405
  crit | n=1 | viol 0.493 | V 0.6588 | Vmin 0.2720 | agree +0.685 | a*_q05 -0.00677 | a*_q50 0.00404 | dV>=0 0.347 | beta 0.1301
  bell | direct viol 0.545 | direct dV>=0 0.469 | d_mean -0.00008 | d_std 0.02477 | d_q95 0.05042
[Episode 405/900] Steps: 720 | Reward:   -3.66 | Battery:  79.41% | Loss: -0.0122
Placing Sensors
[Episode 406/900] Steps: 720 | Reward:   -4.16 | Battery:  81.41% | Loss: 
Placing Sensors
Policy -0.0055 | Value 0.0044 | KL 0.00732 | CF 0.0974 | Std 0.1167 | |a| 0.0397 | EV +0.953 | Rsd 0.355 | Res 0.083 | AE 0.939 | Alpha 0.0100 | MB 24/24
  cert | viol 0.113 | dV -0.234268 | V 0.2866 | inball 0.538 | a*_q05 0.00363 | a*_q50 0.02755 | dV>=0 0.000 | n=150 | a_used 0.00405 -> 0.00402
  crit | n=1 | viol 0.679 | V 0.6399 | Vmin 0.2614 | agree +0.665 | a*_q05 -0.00446 | a*_q50 0.00195 | dV>=0 0.303 | beta 0.1306
  bell | direct viol 0.502 | direct dV>=0 0.431 | d_mean +0.00077 | d_std 0.02934 | d_q95 0.06214
[Episode 407/900] Steps: 720 | Reward:   -4.47 | Battery:  80.43% | Loss: 0.1095
Placing Sensors
[Episode 408/900] Steps: 720 | Reward:   -5.65 | Battery:  70.07% | Loss: 
Placing Sensors
Policy -0.0054 | Value 0.0052 | KL 0.01463 | CF 0.1871 | Std 0.1167 | |a| 0.0343 | EV +0.927 | Rsd 0.332 | Res 0.090 | AE 0.947 | Alpha 0.0100 | MB 24/24
  cert | viol 0.058 | dV -0.245745 | V 0.3077 | inball 0.522 | a*_q05 0.00414 | a*_q50 0.02750 | dV>=0 0.000 | n=150 | a_used 0.00402 -> 0.00401
  crit | n=1 | viol 0.445 | V 0.6046 | Vmin 0.2679 | agree +0.424 | a*_q05 -0.00535 | a*_q50 0.00476 | dV>=0 0.267 | beta 0.1302
  bell | direct viol 0.511 | direct dV>=0 0.437 | d_mean -0.00082 | d_std 0.02314 | d_q95 0.04645
[Episode 409/900] Steps: 720 | Reward:   -2.93 | Battery:  76.95% | Loss: 0.0321
Placing Sensors
[Episode 410/900] Steps: 720 | Reward:   -4.57 | Battery:  73.86% | Loss: 
Placing Sensors
Policy -0.0059 | Value 0.0050 | KL 0.00728 | CF 0.0896 | Std 0.1166 | |a| 0.0445 | EV +0.949 | Rsd 0.376 | Res 0.085 | AE 0.940 | Alpha 0.0100 | MB 24/24
  cert | viol 0.020 | dV -0.331088 | V 0.3800 | inball 0.519 | a*_q05 0.00571 | a*_q50 0.03435 | dV>=0 0.000 | n=150 | a_used 0.00401 -> 0.00419
  crit | n=1 | viol 0.444 | V 0.6532 | Vmin 0.2123 | agree +0.430 | a*_q05 -0.00700 | a*_q50 0.00502 | dV>=0 0.333 | beta 0.1281
  bell | direct viol 0.496 | direct dV>=0 0.419 | d_mean -0.00028 | d_std 0.02273 | d_q95 0.04696
[Episode 411/900] Steps: 720 | Reward:   -4.66 | Battery:  71.06% | Loss: 0.0642
Placing Sensors
[Episode 412/900] Steps: 720 | Reward:   -4.91 | Battery:  73.73% | Loss: 
Placing Sensors
Policy -0.0068 | Value 0.0055 | KL 0.00948 | CF 0.1094 | Std 0.1166 | |a| 0.0384 | EV +0.872 | Rsd 0.315 | Res 0.112 | AE 0.945 | Alpha 0.0100 | MB 24/24
  cert | viol 0.068 | dV -0.220929 | V 0.2909 | inball 0.425 | a*_q05 0.00392 | a*_q50 0.02454 | dV>=0 0.000 | n=150 | a_used 0.00419 -> 0.00419
  crit | n=1 | viol 0.690 | V 0.6548 | Vmin 0.2231 | agree +0.663 | a*_q05 -0.00566 | a*_q50 0.00215 | dV>=0 0.375 | beta 0.1284
  bell | direct viol 0.515 | direct dV>=0 0.436 | d_mean +0.00042 | d_std 0.02778 | d_q95 0.05866
[Episode 413/900] Steps: 720 | Reward:   -4.91 | Battery:  72.93% | Loss: -0.0473
Placing Sensors
[Episode 414/900] Steps: 720 | Reward:   -5.71 | Battery:  71.37% | Loss: 
Placing Sensors
Policy -0.0112 | Value 0.0044 | KL 0.01247 | CF 0.1520 | Std 0.1166 | |a| 0.0372 | EV +0.940 | Rsd 0.322 | Res 0.079 | AE 0.945 | Alpha 0.0100 | MB 24/24
  cert | viol 0.042 | dV -0.273860 | V 0.3366 | inball 0.521 | a*_q05 0.00479 | a*_q50 0.02959 | dV>=0 0.000 | n=150 | a_used 0.00419 -> 0.00426
  crit | n=1 | viol 0.454 | V 0.6108 | Vmin 0.2345 | agree +0.585 | a*_q05 -0.00592 | a*_q50 0.00497 | dV>=0 0.292 | beta 0.1282
  bell | direct viol 0.511 | direct dV>=0 0.426 | d_mean -0.00010 | d_std 0.01725 | d_q95 0.03631
[Episode 415/900] Steps: 720 | Reward:   -3.53 | Battery:  83.74% | Loss: -0.1442
Placing Sensors
[Episode 416/900] Steps: 720 | Reward:   -5.10 | Battery:  77.64% | Loss: 
Placing Sensors
Policy 0.0037 | Value 0.0038 | KL 0.01046 | CF 0.1267 | Std 0.1166 | |a| 0.0337 | EV +0.941 | Rsd 0.313 | Res 0.083 | AE 0.948 | Alpha 0.0100 | MB 24/24
  cert | viol 0.111 | dV -0.245634 | V 0.3278 | inball 0.477 | a*_q05 0.00271 | a*_q50 0.02581 | dV>=0 0.000 | n=150 | a_used 0.00426 -> 0.00415
  crit | n=1 | viol 0.356 | V 0.6032 | Vmin 0.2122 | agree +0.576 | a*_q05 -0.00606 | a*_q50 0.00610 | dV>=0 0.180 | beta 0.1279
  bell | direct viol 0.461 | direct dV>=0 0.375 | d_mean -0.00047 | d_std 0.01558 | d_q95 0.03255
[Episode 417/900] Steps: 720 | Reward:   -4.88 | Battery:  81.86% | Loss: 0.1091
Placing Sensors
[Episode 418/900] Steps: 720 | Reward:   -5.42 | Battery:  70.84% | Loss: 
Placing Sensors
Policy -0.0144 | Value 0.0073 | KL 0.00982 | CF 0.1289 | Std 0.1166 | |a| 0.0470 | EV +0.880 | Rsd 0.307 | Res 0.109 | AE 0.939 | Alpha 0.0100 | MB 24/24
  cert | viol 0.027 | dV -0.260464 | V 0.3049 | inball 0.508 | a*_q05 0.00636 | a*_q50 0.03340 | dV>=0 0.000 | n=150 | a_used 0.00415 -> 0.00430
  crit | n=1 | viol 0.659 | V 0.6909 | Vmin 0.3187 | agree +0.424 | a*_q05 -0.00676 | a*_q50 0.00039 | dV>=0 0.482 | beta 0.1287
  bell | direct viol 0.512 | direct dV>=0 0.420 | d_mean +0.00099 | d_std 0.02010 | d_q95 0.04206
[Episode 419/900] Steps: 720 | Reward:   -4.14 | Battery:  57.86% | Loss: -0.0335
Placing Sensors
[Episode 420/900] Steps: 720 | Reward:   -5.69 | Battery:  74.46% | Loss: 
Placing Sensors
Policy -0.0084 | Value 0.0024 | KL 0.01034 | CF 0.1242 | Std 0.1166 | |a| 0.0538 | EV +0.956 | Rsd 0.342 | Res 0.073 | AE 0.954 | Alpha 0.0100 | MB 24/24
  cert | viol 0.055 | dV -0.245122 | V 0.3218 | inball 0.513 | a*_q05 0.00413 | a*_q50 0.02587 | dV>=0 0.000 | n=150 | a_used 0.00430 -> 0.00424
  crit | n=1 | viol 0.306 | V 0.5939 | Vmin 0.2510 | agree +0.573 | a*_q05 -0.00454 | a*_q50 0.00632 | dV>=0 0.178 | beta 0.1286
  bell | direct viol 0.534 | direct dV>=0 0.449 | d_mean -0.00160 | d_std 0.01796 | d_q95 0.03765
[Episode 421/900] Steps: 720 | Reward:   -3.33 | Battery:  81.47% | Loss: -0.0400
Placing Sensors
[Episode 422/900] Steps: 720 | Reward:   -4.19 | Battery:  71.35% | Loss: 
Placing Sensors
Policy -0.0074 | Value 0.0032 | KL 0.00933 | CF 0.1293 | Std 0.1166 | |a| 0.0421 | EV +0.951 | Rsd 0.335 | Res 0.079 | AE 0.936 | Alpha 0.0100 | MB 24/24
  cert | viol 0.036 | dV -0.303714 | V 0.3548 | inball 0.549 | a*_q05 0.00534 | a*_q50 0.03586 | dV>=0 0.000 | n=150 | a_used 0.00424 -> 0.00427
  crit | n=1 | viol 0.600 | V 0.6093 | Vmin 0.2746 | agree +0.721 | a*_q05 -0.00687 | a*_q50 0.00293 | dV>=0 0.355 | beta 0.1290
  bell | direct viol 0.486 | direct dV>=0 0.407 | d_mean +0.00131 | d_std 0.02432 | d_q95 0.05029
[Episode 423/900] Steps: 720 | Reward:   -4.81 | Battery:  83.12% | Loss: 0.0820
Placing Sensors
[Episode 424/900] Steps: 720 | Reward:   -3.62 | Battery:  75.40% | Loss: 
Placing Sensors
Policy -0.0130 | Value 0.0041 | KL 0.01175 | CF 0.1539 | Std 0.1166 | |a| 0.0353 | EV +0.895 | Rsd 0.266 | Res 0.097 | AE 0.943 | Alpha 0.0100 | MB 24/24
  cert | viol 0.014 | dV -0.237465 | V 0.2683 | inball 0.601 | a*_q05 0.00659 | a*_q50 0.03496 | dV>=0 0.000 | n=150 | a_used 0.00427 -> 0.00434
  crit | n=1 | viol 0.705 | V 0.5488 | Vmin 0.2555 | agree +0.518 | a*_q05 -0.00650 | a*_q50 0.00212 | dV>=0 0.357 | beta 0.1277
  bell | direct viol 0.490 | direct dV>=0 0.408 | d_mean +0.00162 | d_std 0.02036 | d_q95 0.04308
[Episode 425/900] Steps: 720 | Reward:   -3.00 | Battery:  80.56% | Loss: -0.0815
Placing Sensors
[Episode 426/900] Steps: 720 | Reward:   -2.74 | Battery:  83.95% | Loss: 
Placing Sensors
Policy -0.0137 | Value 0.0035 | KL 0.00789 | CF 0.0962 | Std 0.1166 | |a| 0.0401 | EV +0.926 | Rsd 0.293 | Res 0.080 | AE 0.945 | Alpha 0.0100 | MB 24/24
  cert | viol 0.010 | dV -0.231338 | V 0.2645 | inball 0.537 | a*_q05 0.00639 | a*_q50 0.03337 | dV>=0 0.000 | n=150 | a_used 0.00434 -> 0.00435
  crit | n=1 | viol 0.541 | V 0.4886 | Vmin 0.1837 | agree +0.430 | a*_q05 -0.00664 | a*_q50 0.00378 | dV>=0 0.320 | beta 0.1256
  bell | direct viol 0.514 | direct dV>=0 0.464 | d_mean +0.00031 | d_std 0.02545 | d_q95 0.05171
[Episode 427/900] Steps: 720 | Reward:   -4.19 | Battery:  64.24% | Loss: -0.1431
Placing Sensors
[Episode 428/900] Steps: 720 | Reward:   -4.36 | Battery:  67.76% | Loss: 
Placing Sensors
Policy -0.0048 | Value 0.0019 | KL 0.00663 | CF 0.0880 | Std 0.1166 | |a| 0.0371 | EV +0.971 | Rsd 0.331 | Res 0.056 | AE 0.944 | Alpha 0.0100 | MB 24/24
  cert | viol 0.020 | dV -0.260863 | V 0.2923 | inball 0.560 | a*_q05 0.00734 | a*_q50 0.03538 | dV>=0 0.000 | n=150 | a_used 0.00435 -> 0.00448
  crit | n=1 | viol 0.384 | V 0.5159 | Vmin 0.1765 | agree +0.437 | a*_q05 -0.00514 | a*_q50 0.00604 | dV>=0 0.246 | beta 0.1235
  bell | direct viol 0.486 | direct dV>=0 0.423 | d_mean +0.00088 | d_std 0.01870 | d_q95 0.03838
[Episode 429/900] Steps: 720 | Reward:   -2.94 | Battery:  73.42% | Loss: 0.0192
Placing Sensors
[Episode 430/900] Steps: 121 | Reward:  -17.38 | Battery:   0.00% | Loss: 
Placing Sensors
[Episode 431/900] Steps: 720 | Reward:   -3.70 | Battery:  62.40% | Loss: 
Placing Sensors
Policy -0.0106 | Value 0.0227 | KL 0.01779 | CF 0.1995 | Std 0.1166 | |a| 0.0424 | EV +0.708 | Rsd 0.390 | Res 0.215 | AE 0.935 | Alpha 0.0100 | MB 28/28
  cert | viol 0.000 | dV -0.200119 | V 0.2279 | inball 0.517 | a*_q05 0.00803 | a*_q50 0.02870 | dV>=0 0.000 | n=150 | a_used 0.00448 -> 0.00466
  crit | n=1 | viol 0.593 | V 0.6049 | Vmin 0.2148 | agree +0.622 | a*_q05 -0.00386 | a*_q50 0.00335 | dV>=0 0.241 | beta 0.1221
  bell | direct viol 0.519 | direct dV>=0 0.454 | d_mean -0.00026 | d_std 0.03624 | d_q95 0.07412
[Episode 432/900] Steps: 720 | Reward:   -3.55 | Battery:  79.57% | Loss: -0.0824
Placing Sensors
[Episode 433/900] Steps: 720 | Reward:   -2.61 | Battery:  87.99% | Loss: 
Placing Sensors
Policy -0.0073 | Value 0.0038 | KL 0.00713 | CF 0.0857 | Std 0.1165 | |a| 0.0409 | EV +0.940 | Rsd 0.313 | Res 0.081 | AE 0.948 | Alpha 0.0100 | MB 24/24
  cert | viol 0.108 | dV -0.203221 | V 0.2728 | inball 0.563 | a*_q05 0.00325 | a*_q50 0.02671 | dV>=0 0.000 | n=150 | a_used 0.00466 -> 0.00465
  crit | n=1 | viol 0.640 | V 0.5021 | Vmin 0.1998 | agree +0.818 | a*_q05 -0.00384 | a*_q50 0.00364 | dV>=0 0.169 | beta 0.1205
  bell | direct viol 0.502 | direct dV>=0 0.426 | d_mean +0.00072 | d_std 0.02352 | d_q95 0.05192
[Episode 434/900] Steps: 720 | Reward:   -4.77 | Battery:  83.68% | Loss: -0.0743
Placing Sensors
[Episode 435/900] Steps: 720 | Reward:   -3.01 | Battery:  78.06% | Loss: 
Placing Sensors
[Episode 436/900] Steps:  75 | Reward:  -17.52 | Battery:   0.00% | Loss: 
Placing Sensors
Policy -0.0036 | Value 0.0209 | KL 0.01175 | CF 0.1317 | Std 0.1165 | |a| 0.0533 | EV +0.826 | Rsd 0.472 | Res 0.199 | AE 0.932 | Alpha 0.0100 | MB 24/24
  cert | viol 0.024 | dV -0.261925 | V 0.3082 | inball 0.511 | a*_q05 0.00622 | a*_q50 0.03562 | dV>=0 0.000 | n=150 | a_used 0.00465 -> 0.00467
  crit | n=1 | viol 0.499 | V 0.5939 | Vmin 0.1783 | agree +0.639 | a*_q05 -0.00635 | a*_q50 0.00475 | dV>=0 0.260 | beta 0.1178
  bell | direct viol 0.514 | direct dV>=0 0.444 | d_mean +0.00088 | d_std 0.03388 | d_q95 0.07240
[Episode 437/900] Steps: 720 | Reward:   -4.94 | Battery:  71.95% | Loss: 0.1397
Placing Sensors
[Episode 438/900] Steps: 720 | Reward:   -4.11 | Battery:  84.01% | Loss: 
Placing Sensors
Policy 0.0215 | Value 0.0117 | KL 0.03143 | CF 0.1844 | Std 0.1166 | |a| 0.0504 | EV +0.854 | Rsd 0.374 | Res 0.143 | AE 0.927 | Alpha 0.0100 | MB 12/24
  cert | viol 0.025 | dV -0.267042 | V 0.3073 | inball 0.559 | a*_q05 0.00628 | a*_q50 0.03103 | dV>=0 0.000 | n=150 | a_used 0.00467 -> 0.00476
  crit | n=1 | viol 0.496 | V 0.5344 | Vmin 0.1803 | agree +0.598 | a*_q05 -0.00565 | a*_q50 0.00465 | dV>=0 0.219 | beta 0.1163
  bell | direct viol 0.514 | direct dV>=0 0.465 | d_mean +0.00035 | d_std 0.04174 | d_q95 0.08692
[Episode 439/900] Steps: 720 | Reward:   -3.85 | Battery:  69.21% | Loss: -0.0799
Placing Sensors
[Episode 440/900] Steps: 720 | Reward:   -4.59 | Battery:  72.96% | Loss: 
Placing Sensors
Policy -0.0087 | Value 0.0034 | KL 0.00779 | CF 0.0850 | Std 0.1166 | |a| 0.0370 | EV +0.939 | Rsd 0.330 | Res 0.086 | AE 0.929 | Alpha 0.0100 | MB 24/24
  cert | viol 0.044 | dV -0.261922 | V 0.3066 | inball 0.506 | a*_q05 0.00506 | a*_q50 0.03200 | dV>=0 0.000 | n=150 | a_used 0.00476 -> 0.00471
  crit | n=1 | viol 0.416 | V 0.5432 | Vmin 0.1777 | agree +0.458 | a*_q05 -0.00439 | a*_q50 0.00644 | dV>=0 0.227 | beta 0.1152
  bell | direct viol 0.515 | direct dV>=0 0.441 | d_mean -0.00085 | d_std 0.02612 | d_q95 0.05367
[Episode 441/900] Steps: 720 | Reward:   -4.51 | Battery:  60.58% | Loss: -0.1347
Placing Sensors
[Episode 442/900] Steps: 720 | Reward:   -4.95 | Battery:  56.45% | Loss: 
Placing Sensors
Policy -0.0081 | Value 0.0030 | KL 0.01033 | CF 0.1370 | Std 0.1165 | |a| 0.0585 | EV +0.959 | Rsd 0.346 | Res 0.074 | AE 0.931 | Alpha 0.0100 | MB 24/24
  cert | viol 0.025 | dV -0.292594 | V 0.3393 | inball 0.502 | a*_q05 0.00618 | a*_q50 0.03301 | dV>=0 0.000 | n=150 | a_used 0.00471 -> 0.00477
  crit | n=1 | viol 0.425 | V 0.5851 | Vmin 0.2336 | agree +0.405 | a*_q05 -0.00573 | a*_q50 0.00608 | dV>=0 0.319 | beta 0.1153
  bell | direct viol 0.532 | direct dV>=0 0.442 | d_mean -0.00105 | d_std 0.02345 | d_q95 0.04971
[Episode 443/900] Steps: 720 | Reward:   -4.43 | Battery:  78.56% | Loss: -0.0309
Placing Sensors
[Episode 444/900] Steps: 720 | Reward:   -4.80 | Battery:  51.82% | Loss: 
Placing Sensors
Policy -0.0009 | Value 0.0038 | KL 0.01271 | CF 0.1425 | Std 0.1165 | |a| 0.0458 | EV +0.901 | Rsd 0.322 | Res 0.106 | AE 0.936 | Alpha 0.0100 | MB 24/24
  cert | viol 0.028 | dV -0.207317 | V 0.2365 | inball 0.565 | a*_q05 0.00674 | a*_q50 0.03786 | dV>=0 0.000 | n=150 | a_used 0.00477 -> 0.00488
  crit | n=1 | viol 0.769 | V 0.5805 | Vmin 0.2237 | agree +0.426 | a*_q05 -0.00693 | a*_q50 -0.00052 | dV>=0 0.553 | beta 0.1147
  bell | direct viol 0.539 | direct dV>=0 0.445 | d_mean +0.00156 | d_std 0.02438 | d_q95 0.05283
[Episode 445/900] Steps: 720 | Reward:   -2.41 | Battery:  71.24% | Loss: 0.1890
Placing Sensors
[Episode 446/900] Steps: 720 | Reward:   -5.22 | Battery:  78.69% | Loss: 
Placing Sensors
Policy -0.0090 | Value 0.0038 | KL 0.01005 | CF 0.1204 | Std 0.1165 | |a| 0.0414 | EV +0.925 | Rsd 0.303 | Res 0.084 | AE 0.928 | Alpha 0.0100 | MB 24/24
  cert | viol 0.027 | dV -0.294261 | V 0.3336 | inball 0.554 | a*_q05 0.00783 | a*_q50 0.03354 | dV>=0 0.000 | n=150 | a_used 0.00488 -> 0.00497
  crit | n=1 | viol 0.483 | V 0.4856 | Vmin 0.1685 | agree +0.684 | a*_q05 -0.00608 | a*_q50 0.00512 | dV>=0 0.314 | beta 0.1129
  bell | direct viol 0.515 | direct dV>=0 0.460 | d_mean -0.00021 | d_std 0.02794 | d_q95 0.05564
[Episode 447/900] Steps: 720 | Reward:   -3.02 | Battery:  78.91% | Loss: -0.0236
Placing Sensors
[Episode 448/900] Steps: 720 | Reward:   -2.08 | Battery:  84.80% | Loss: 
Placing Sensors
Policy -0.0134 | Value 0.0044 | KL 0.00787 | CF 0.1048 | Std 0.1165 | |a| 0.0389 | EV +0.917 | Rsd 0.279 | Res 0.086 | AE 0.931 | Alpha 0.0100 | MB 24/24
  cert | viol 0.000 | dV -0.197709 | V 0.2135 | inball 0.616 | a*_q05 0.01079 | a*_q50 0.03551 | dV>=0 0.000 | n=150 | a_used 0.00497 -> 0.00515
  crit | n=1 | viol 0.646 | V 0.4425 | Vmin 0.1386 | agree +0.462 | a*_q05 -0.00556 | a*_q50 0.00275 | dV>=0 0.323 | beta 0.1103
  bell | direct viol 0.501 | direct dV>=0 0.460 | d_mean +0.00151 | d_std 0.02320 | d_q95 0.04368
[Episode 449/900] Steps: 720 | Reward:   -3.48 | Battery:  66.54% | Loss: -0.1937
Placing Sensors
[Episode 450/900] Steps: 720 | Reward:   -3.11 | Battery:  79.98% | Loss: 
Placing Sensors
Policy -0.0067 | Value 0.0026 | KL 0.00906 | CF 0.1104 | Std 0.1164 | |a| 0.0392 | EV +0.914 | Rsd 0.214 | Res 0.063 | AE 0.938 | Alpha 0.0100 | MB 24/24
  cert | viol 0.000 | dV -0.217426 | V 0.2323 | inball 0.643 | a*_q05 0.01119 | a*_q50 0.03620 | dV>=0 0.000 | n=150 | a_used 0.00515 -> 0.00532
  crit | n=1 | viol 0.540 | V 0.3924 | Vmin 0.1499 | agree +0.600 | a*_q05 -0.00549 | a*_q50 0.00455 | dV>=0 0.271 | beta 0.1080
  bell | direct viol 0.498 | direct dV>=0 0.453 | d_mean +0.00053 | d_std 0.02345 | d_q95 0.04900
[Episode 451/900] Steps: 720 | Reward:   -2.67 | Battery:  82.18% | Loss: 0.0599
Placing Sensors
[Episode 452/900] Steps: 720 | Reward:   -4.40 | Battery:  68.04% | Loss: 
Placing Sensors
Policy -0.0116 | Value 0.0039 | KL 0.01511 | CF 0.1486 | Std 0.1164 | |a| 0.0463 | EV +0.943 | Rsd 0.310 | Res 0.079 | AE 0.931 | Alpha 0.0100 | MB 24/24
  cert | viol 0.091 | dV -0.273434 | V 0.3284 | inball 0.504 | a*_q05 0.00423 | a*_q50 0.03206 | dV>=0 0.000 | n=150 | a_used 0.00532 -> 0.00529
  crit | n=1 | viol 0.556 | V 0.5409 | Vmin 0.1492 | agree +0.564 | a*_q05 -0.00549 | a*_q50 0.00473 | dV>=0 0.267 | beta 0.1068
  bell | direct viol 0.533 | direct dV>=0 0.436 | d_mean -0.00080 | d_std 0.02183 | d_q95 0.04811
[Episode 453/900] Steps: 720 | Reward:   -4.67 | Battery:  76.53% | Loss: -0.0717
Placing Sensors
[Episode 454/900] Steps: 720 | Reward:   -5.03 | Battery:  55.52% | Loss: 
Placing Sensors
Policy -0.0076 | Value 0.0036 | KL 0.00961 | CF 0.1234 | Std 0.1164 | |a| 0.0576 | EV +0.942 | Rsd 0.328 | Res 0.087 | AE 0.932 | Alpha 0.0100 | MB 24/24
  cert | viol 0.074 | dV -0.248529 | V 0.2955 | inball 0.432 | a*_q05 0.00458 | a*_q50 0.03003 | dV>=0 0.000 | n=150 | a_used 0.00529 -> 0.00519
  crit | n=1 | viol 0.574 | V 0.5716 | Vmin 0.1906 | agree +0.352 | a*_q05 -0.00581 | a*_q50 0.00357 | dV>=0 0.363 | beta 0.1073
  bell | direct viol 0.540 | direct dV>=0 0.451 | d_mean -0.00052 | d_std 0.02125 | d_q95 0.04073
[Episode 455/900] Steps: 720 | Reward:   -4.23 | Battery:  75.40% | Loss: -0.0276
Placing Sensors
[Episode 456/900] Steps: 720 | Reward:   -3.38 | Battery:  73.41% | Loss: 
Placing Sensors
Policy -0.0070 | Value 0.0029 | KL 0.00999 | CF 0.1196 | Std 0.1164 | |a| 0.0410 | EV +0.937 | Rsd 0.280 | Res 0.076 | AE 0.944 | Alpha 0.0100 | MB 24/24
  cert | viol 0.057 | dV -0.275539 | V 0.3213 | inball 0.529 | a*_q05 0.00519 | a*_q50 0.03420 | dV>=0 0.000 | n=150 | a_used 0.00519 -> 0.00524
  crit | n=1 | viol 0.408 | V 0.4828 | Vmin 0.1585 | agree +0.421 | a*_q05 -0.00655 | a*_q50 0.00787 | dV>=0 0.297 | beta 0.1057
  bell | direct viol 0.499 | direct dV>=0 0.437 | d_mean -0.00095 | d_std 0.02179 | d_q95 0.04570
[Episode 457/900] Steps: 720 | Reward:   -4.49 | Battery:  76.18% | Loss: 0.0442
Placing Sensors
[Episode 458/900] Steps: 720 | Reward:   -4.22 | Battery:  66.29% | Loss: 
Placing Sensors
Policy -0.0087 | Value 0.0030 | KL 0.01127 | CF 0.0929 | Std 0.1164 | |a| 0.0444 | EV +0.931 | Rsd 0.288 | Res 0.077 | AE 0.932 | Alpha 0.0100 | MB 24/24
  cert | viol 0.033 | dV -0.283904 | V 0.3294 | inball 0.550 | a*_q05 0.00612 | a*_q50 0.03520 | dV>=0 0.000 | n=150 | a_used 0.00524 -> 0.00528
  crit | n=1 | viol 0.425 | V 0.5029 | Vmin 0.1619 | agree +0.577 | a*_q05 -0.00645 | a*_q50 0.00660 | dV>=0 0.268 | beta 0.1049
  bell | direct viol 0.507 | direct dV>=0 0.436 | d_mean -0.00062 | d_std 0.02740 | d_q95 0.05829
[Episode 459/900] Steps: 720 | Reward:   -3.76 | Battery:  82.75% | Loss: 0.0479
Placing Sensors
[Episode 460/900] Steps: 720 | Reward:   -3.29 | Battery:  77.95% | Loss: 
Placing Sensors
Policy -0.0108 | Value 0.0034 | KL 0.00771 | CF 0.1038 | Std 0.1164 | |a| 0.0432 | EV +0.897 | Rsd 0.236 | Res 0.083 | AE 0.944 | Alpha 0.0100 | MB 24/24
  cert | viol 0.000 | dV -0.232004 | V 0.2524 | inball 0.649 | a*_q05 0.00909 | a*_q50 0.03865 | dV>=0 0.000 | n=150 | a_used 0.00528 -> 0.00544
  crit | n=1 | viol 0.624 | V 0.4899 | Vmin 0.1875 | agree +0.438 | a*_q05 -0.00633 | a*_q50 0.00324 | dV>=0 0.300 | beta 0.1045
  bell | direct viol 0.500 | direct dV>=0 0.411 | d_mean +0.00086 | d_std 0.01894 | d_q95 0.03517
[Episode 461/900] Steps: 720 | Reward:   -3.04 | Battery:  86.78% | Loss: -0.0931
Placing Sensors
[Episode 462/900] Steps: 720 | Reward:   -4.19 | Battery:  77.12% | Loss: 
Placing Sensors
[Episode 463/900] Steps: 123 | Reward:  -17.39 | Battery:   0.00% | Loss: 
Placing Sensors
Policy -0.0106 | Value 0.0209 | KL 0.01900 | CF 0.1789 | Std 0.1164 | |a| 0.0496 | EV +0.704 | Rsd 0.437 | Res 0.242 | AE 0.943 | Alpha 0.0100 | MB 28/28
  cert | viol 0.123 | dV -0.236945 | V 0.2891 | inball 0.526 | a*_q05 0.00361 | a*_q50 0.03214 | dV>=0 0.000 | n=150 | a_used 0.00544 -> 0.00545
  crit | n=1 | viol 0.630 | V 0.6045 | Vmin 0.2013 | agree +0.725 | a*_q05 -0.00600 | a*_q50 0.00399 | dV>=0 0.270 | beta 0.1050
  bell | direct viol 0.532 | direct dV>=0 0.456 | d_mean -0.00117 | d_std 0.03474 | d_q95 0.07092
[Episode 464/900] Steps: 720 | Reward:   -3.26 | Battery:  82.13% | Loss: 0.0294
Placing Sensors
[Episode 465/900] Steps: 720 | Reward:   -4.85 | Battery:  68.36% | Loss: 
Placing Sensors
Policy -0.0054 | Value 0.0046 | KL 0.00773 | CF 0.0965 | Std 0.1164 | |a| 0.0426 | EV +0.926 | Rsd 0.339 | Res 0.092 | AE 0.940 | Alpha 0.0100 | MB 24/24
  cert | viol 0.034 | dV -0.252716 | V 0.2869 | inball 0.559 | a*_q05 0.00714 | a*_q50 0.03612 | dV>=0 0.000 | n=150 | a_used 0.00545 -> 0.00558
  crit | n=1 | viol 0.762 | V 0.5756 | Vmin 0.1991 | agree +0.522 | a*_q05 -0.00570 | a*_q50 0.00238 | dV>=0 0.358 | beta 0.1053
  bell | direct viol 0.516 | direct dV>=0 0.454 | d_mean +0.00074 | d_std 0.02968 | d_q95 0.05292
[Episode 466/900] Steps: 720 | Reward:   -2.66 | Battery:  68.88% | Loss: 0.0144
Placing Sensors
[Episode 467/900] Steps: 720 | Reward:   -3.98 | Battery:  68.80% | Loss: 
Placing Sensors
Policy -0.0082 | Value 0.0033 | KL 0.01127 | CF 0.1289 | Std 0.1164 | |a| 0.0424 | EV +0.930 | Rsd 0.276 | Res 0.073 | AE 0.938 | Alpha 0.0100 | MB 24/24
  cert | viol 0.034 | dV -0.209503 | V 0.2442 | inball 0.555 | a*_q05 0.00631 | a*_q50 0.03261 | dV>=0 0.000 | n=150 | a_used 0.00558 -> 0.00560
  crit | n=1 | viol 0.555 | V 0.5242 | Vmin 0.2145 | agree +0.360 | a*_q05 -0.00493 | a*_q50 0.00503 | dV>=0 0.204 | beta 0.1051
  bell | direct viol 0.526 | direct dV>=0 0.457 | d_mean -0.00043 | d_std 0.02491 | d_q95 0.05213
[Episode 468/900] Steps: 720 | Reward:   -3.45 | Battery:  74.61% | Loss: 0.1053
Placing Sensors
[Episode 469/900] Steps: 720 | Reward:   -3.03 | Battery:  59.55% | Loss: 
Placing Sensors
Policy -0.0119 | Value 0.0027 | KL 0.01451 | CF 0.1417 | Std 0.1164 | |a| 0.0506 | EV +0.959 | Rsd 0.357 | Res 0.075 | AE 0.947 | Alpha 0.0100 | MB 24/24
  cert | viol 0.052 | dV -0.290706 | V 0.3257 | inball 0.589 | a*_q05 0.00632 | a*_q50 0.03654 | dV>=0 0.000 | n=150 | a_used 0.00560 -> 0.00571
  crit | n=1 | viol 0.580 | V 0.5058 | Vmin 0.1519 | agree +0.569 | a*_q05 -0.00613 | a*_q50 0.00405 | dV>=0 0.299 | beta 0.1037
  bell | direct viol 0.497 | direct dV>=0 0.413 | d_mean +0.00101 | d_std 0.02765 | d_q95 0.06029
[Episode 470/900] Steps: 720 | Reward:   -3.94 | Battery:  86.81% | Loss: 0.1324
Placing Sensors
[Episode 471/900] Steps: 720 | Reward:   -2.82 | Battery:  78.47% | Loss: 
Placing Sensors
Policy -0.0152 | Value 0.0037 | KL 0.01343 | CF 0.1214 | Std 0.1164 | |a| 0.0431 | EV +0.942 | Rsd 0.316 | Res 0.079 | AE 0.950 | Alpha 0.0100 | MB 24/24
  cert | viol 0.040 | dV -0.228436 | V 0.2559 | inball 0.615 | a*_q05 0.00685 | a*_q50 0.03756 | dV>=0 0.000 | n=150 | a_used 0.00571 -> 0.00582
  crit | n=1 | viol 0.690 | V 0.5091 | Vmin 0.1593 | agree +0.385 | a*_q05 -0.00637 | a*_q50 0.00377 | dV>=0 0.292 | beta 0.1024
  bell | direct viol 0.537 | direct dV>=0 0.471 | d_mean +0.00056 | d_std 0.02971 | d_q95 0.06063
[Episode 472/900] Steps: 720 | Reward:   -3.61 | Battery:  71.90% | Loss: -0.3390
Placing Sensors
[Episode 473/900] Steps: 720 | Reward:   -3.49 | Battery:  85.34% | Loss: 
Placing Sensors
Policy -0.0000 | Value 0.0041 | KL 0.01839 | CF 0.1206 | Std 0.1163 | |a| 0.0520 | EV +0.938 | Rsd 0.308 | Res 0.081 | AE 0.940 | Alpha 0.0100 | MB 24/24
  cert | viol 0.052 | dV -0.257172 | V 0.2971 | inball 0.579 | a*_q05 0.00622 | a*_q50 0.03255 | dV>=0 0.000 | n=150 | a_used 0.00582 -> 0.00581
  crit | n=1 | viol 0.731 | V 0.5651 | Vmin 0.1913 | agree +0.642 | a*_q05 -0.00531 | a*_q50 0.00311 | dV>=0 0.291 | beta 0.1029
  bell | direct viol 0.497 | direct dV>=0 0.423 | d_mean +0.00092 | d_std 0.03112 | d_q95 0.06702
[Episode 474/900] Steps: 720 | Reward:   -4.53 | Battery:  68.16% | Loss: 0.1027
Placing Sensors
[Episode 475/900] Steps: 720 | Reward:   -3.40 | Battery:  77.85% | Loss: 
Placing Sensors
Policy -0.0082 | Value 0.0061 | KL 0.01178 | CF 0.1233 | Std 0.1163 | |a| 0.0403 | EV +0.821 | Rsd 0.236 | Res 0.100 | AE 0.947 | Alpha 0.0100 | MB 24/24
  cert | viol 0.055 | dV -0.193122 | V 0.2189 | inball 0.617 | a*_q05 0.00636 | a*_q50 0.03795 | dV>=0 0.000 | n=150 | a_used 0.00581 -> 0.00572
  crit | n=1 | viol 0.677 | V 0.4190 | Vmin 0.1977 | agree +0.397 | a*_q05 -0.00616 | a*_q50 0.00307 | dV>=0 0.347 | beta 0.1022
  bell | direct viol 0.502 | direct dV>=0 0.437 | d_mean +0.00114 | d_std 0.03117 | d_q95 0.06474
[Episode 476/900] Steps: 720 | Reward:   -2.46 | Battery:  76.27% | Loss: 0.0180
Placing Sensors
[Episode 477/900] Steps: 720 | Reward:   -4.54 | Battery:  74.65% | Loss: 
Placing Sensors
Policy -0.0108 | Value 0.0043 | KL 0.01072 | CF 0.1162 | Std 0.1163 | |a| 0.0447 | EV +0.892 | Rsd 0.292 | Res 0.096 | AE 0.948 | Alpha 0.0100 | MB 24/24
  cert | viol 0.030 | dV -0.301048 | V 0.3374 | inball 0.595 | a*_q05 0.00696 | a*_q50 0.03736 | dV>=0 0.000 | n=150 | a_used 0.00572 -> 0.00580
  crit | n=1 | viol 0.425 | V 0.4836 | Vmin 0.1761 | agree +0.535 | a*_q05 -0.00557 | a*_q50 0.00753 | dV>=0 0.231 | beta 0.1007
  bell | direct viol 0.522 | direct dV>=0 0.445 | d_mean -0.00131 | d_std 0.02688 | d_q95 0.05731
[Episode 478/900] Steps: 720 | Reward:   -2.93 | Battery:  87.14% | Loss: 0.1193
Placing Sensors
[Episode 479/900] Steps: 720 | Reward:   -2.96 | Battery:  88.08% | Loss: 
Placing Sensors
Policy -0.0060 | Value 0.0043 | KL 0.01007 | CF 0.1315 | Std 0.1163 | |a| 0.0431 | EV +0.898 | Rsd 0.273 | Res 0.088 | AE 0.936 | Alpha 0.0100 | MB 24/24
  cert | viol 0.000 | dV -0.234620 | V 0.2518 | inball 0.612 | a*_q05 0.01085 | a*_q50 0.03668 | dV>=0 0.000 | n=150 | a_used 0.00580 -> 0.00596
  crit | n=1 | viol 0.531 | V 0.4531 | Vmin 0.1713 | agree +0.508 | a*_q05 -0.00436 | a*_q50 0.00511 | dV>=0 0.229 | beta 0.0993
  bell | direct viol 0.504 | direct dV>=0 0.434 | d_mean +0.00057 | d_std 0.02804 | d_q95 0.05822
[Episode 480/900] Steps: 720 | Reward:   -3.50 | Battery:  73.78% | Loss: 0.0047
Placing Sensors
[Episode 481/900] Steps: 720 | Reward:   -3.04 | Battery:  76.52% | Loss: 
Placing Sensors
Policy -0.0023 | Value 0.0046 | KL 0.01765 | CF 0.1256 | Std 0.1162 | |a| 0.0464 | EV +0.924 | Rsd 0.276 | Res 0.079 | AE 0.940 | Alpha 0.0100 | MB 24/24
  cert | viol 0.047 | dV -0.303712 | V 0.3457 | inball 0.556 | a*_q05 0.00651 | a*_q50 0.03573 | dV>=0 0.000 | n=150 | a_used 0.00596 -> 0.00598
  crit | n=1 | viol 0.414 | V 0.4753 | Vmin 0.1583 | agree +0.453 | a*_q05 -0.00587 | a*_q50 0.00907 | dV>=0 0.282 | beta 0.0981
  bell | direct viol 0.535 | direct dV>=0 0.444 | d_mean -0.00082 | d_std 0.02714 | d_q95 0.05688
[Episode 482/900] Steps: 720 | Reward:   -4.85 | Battery:  76.38% | Loss: -0.0280
Placing Sensors
[Episode 483/900] Steps: 720 | Reward:   -3.47 | Battery:  82.86% | Loss: 
Placing Sensors
Policy -0.0070 | Value 0.0027 | KL 0.01267 | CF 0.1356 | Std 0.1162 | |a| 0.0576 | EV +0.950 | Rsd 0.274 | Res 0.063 | AE 0.948 | Alpha 0.0100 | MB 24/24
  cert | viol 0.024 | dV -0.186945 | V 0.2171 | inball 0.532 | a*_q05 0.00729 | a*_q50 0.02218 | dV>=0 0.000 | n=150 | a_used 0.00598 -> 0.00605
  crit | n=1 | viol 0.510 | V 0.4783 | Vmin 0.1440 | agree +0.565 | a*_q05 0.00007 | a*_q50 0.00589 | dV>=0 0.059 | beta 0.0977
  bell | direct viol 0.539 | direct dV>=0 0.429 | d_mean -0.00067 | d_std 0.02239 | d_q95 0.04893
[Episode 484/900] Steps: 720 | Reward:   -3.98 | Battery:  83.44% | Loss: 0.0302
Placing Sensors
[Episode 485/900] Steps: 720 | Reward:   -3.85 | Battery:  69.92% | Loss: 
Placing Sensors
Policy -0.0089 | Value 0.0023 | KL 0.00957 | CF 0.0805 | Std 0.1162 | |a| 0.0455 | EV +0.943 | Rsd 0.284 | Res 0.068 | AE 0.932 | Alpha 0.0100 | MB 24/24
  cert | viol 0.000 | dV -0.290111 | V 0.3120 | inball 0.619 | a*_q05 0.01000 | a*_q50 0.03844 | dV>=0 0.000 | n=150 | a_used 0.00605 -> 0.00621
  crit | n=1 | viol 0.525 | V 0.4695 | Vmin 0.1630 | agree +0.560 | a*_q05 -0.00539 | a*_q50 0.00545 | dV>=0 0.291 | beta 0.0973
  bell | direct viol 0.511 | direct dV>=0 0.416 | d_mean -0.00018 | d_std 0.02262 | d_q95 0.04047
[Episode 486/900] Steps: 720 | Reward:   -3.01 | Battery:  88.09% | Loss: 0.0227
Placing Sensors
[Episode 487/900] Steps: 720 | Reward:   -4.02 | Battery:  84.59% | Loss: 
Placing Sensors
Policy -0.0059 | Value 0.0029 | KL 0.01360 | CF 0.1613 | Std 0.1161 | |a| 0.0470 | EV +0.941 | Rsd 0.278 | Res 0.068 | AE 0.948 | Alpha 0.0100 | MB 24/24
  cert | viol 0.086 | dV -0.247032 | V 0.2952 | inball 0.600 | a*_q05 0.00516 | a*_q50 0.03289 | dV>=0 0.000 | n=150 | a_used 0.00621 -> 0.00619
  crit | n=1 | viol 0.523 | V 0.4387 | Vmin 0.1652 | agree +0.628 | a*_q05 -0.00558 | a*_q50 0.00606 | dV>=0 0.189 | beta 0.0960
  bell | direct viol 0.535 | direct dV>=0 0.434 | d_mean -0.00082 | d_std 0.02364 | d_q95 0.04991
[Episode 488/900] Steps: 720 | Reward:   -3.19 | Battery:  80.77% | Loss: -0.0382
Placing Sensors
[Episode 489/900] Steps: 720 | Reward:   -5.12 | Battery:  74.56% | Loss: 
Placing Sensors
Policy -0.0030 | Value 0.0035 | KL 0.01576 | CF 0.1479 | Std 0.1161 | |a| 0.0451 | EV +0.954 | Rsd 0.356 | Res 0.086 | AE 0.938 | Alpha 0.0100 | MB 24/24
  cert | viol 0.133 | dV -0.289829 | V 0.3602 | inball 0.533 | a*_q05 0.00358 | a*_q50 0.03076 | dV>=0 0.000 | n=150 | a_used 0.00619 -> 0.00607
  crit | n=1 | viol 0.371 | V 0.5286 | Vmin 0.1545 | agree +0.495 | a*_q05 -0.00402 | a*_q50 0.00943 | dV>=0 0.140 | beta 0.0953
  bell | direct viol 0.515 | direct dV>=0 0.420 | d_mean -0.00157 | d_std 0.02323 | d_q95 0.05103
[Episode 490/900] Steps: 720 | Reward:   -3.79 | Battery:  79.82% | Loss: 0.0155
Placing Sensors
[Episode 491/900] Steps: 720 | Reward:   -3.70 | Battery:  83.83% | Loss: 
Placing Sensors
[Episode 492/900] Steps: 151 | Reward:  -16.96 | Battery:   0.00% | Loss: 
Placing Sensors
Policy -0.0101 | Value 0.0122 | KL 0.01321 | CF 0.1331 | Std 0.1161 | |a| 0.0458 | EV +0.848 | Rsd 0.458 | Res 0.182 | AE 0.932 | Alpha 0.0100 | MB 28/28
  cert | viol 0.072 | dV -0.269390 | V 0.3142 | inball 0.513 | a*_q05 0.00618 | a*_q50 0.03242 | dV>=0 0.000 | n=150 | a_used 0.00607 -> 0.00622
  crit | n=1 | viol 0.663 | V 0.6404 | Vmin 0.1844 | agree +0.737 | a*_q05 -0.00425 | a*_q50 0.00415 | dV>=0 0.201 | beta 0.0947
  bell | direct viol 0.550 | direct dV>=0 0.459 | d_mean -0.00111 | d_std 0.03319 | d_q95 0.06414
[Episode 493/900] Steps: 720 | Reward:   -4.51 | Battery:  73.56% | Loss: -0.1219
Placing Sensors
[Episode 494/900] Steps: 720 | Reward:   -4.20 | Battery:  65.36% | Loss: 
Placing Sensors
Policy -0.0068 | Value 0.0027 | KL 0.01556 | CF 0.1697 | Std 0.1161 | |a| 0.0433 | EV +0.945 | Rsd 0.315 | Res 0.074 | AE 0.932 | Alpha 0.0100 | MB 24/24
  cert | viol 0.044 | dV -0.233470 | V 0.2679 | inball 0.542 | a*_q05 0.00709 | a*_q50 0.03105 | dV>=0 0.000 | n=150 | a_used 0.00622 -> 0.00629
  crit | n=1 | viol 0.497 | V 0.5295 | Vmin 0.1715 | agree +0.414 | a*_q05 -0.00455 | a*_q50 0.00650 | dV>=0 0.177 | beta 0.0938
  bell | direct viol 0.515 | direct dV>=0 0.418 | d_mean +0.00043 | d_std 0.01926 | d_q95 0.04124
[Episode 495/900] Steps: 720 | Reward:   -3.68 | Battery:  79.56% | Loss: 0.0165
Placing Sensors
[Episode 496/900] Steps: 720 | Reward:   -3.87 | Battery:  77.56% | Loss: 
Placing Sensors
Policy -0.0091 | Value 0.0034 | KL 0.00722 | CF 0.0916 | Std 0.1161 | |a| 0.0391 | EV +0.924 | Rsd 0.257 | Res 0.071 | AE 0.946 | Alpha 0.0100 | MB 24/24
  cert | viol 0.028 | dV -0.220131 | V 0.2433 | inball 0.637 | a*_q05 0.00862 | a*_q50 0.03603 | dV>=0 0.000 | n=150 | a_used 0.00629 -> 0.00643
  crit | n=1 | viol 0.527 | V 0.3823 | Vmin 0.1282 | agree +0.537 | a*_q05 -0.00522 | a*_q50 0.00601 | dV>=0 0.184 | beta 0.0924
  bell | direct viol 0.503 | direct dV>=0 0.458 | d_mean -0.00001 | d_std 0.03094 | d_q95 0.06541
[Episode 497/900] Steps: 720 | Reward:   -1.91 | Battery:  85.68% | Loss: -0.0400
Placing Sensors
[Episode 498/900] Steps: 720 | Reward:   -3.36 | Battery:  73.62% | Loss: 
Placing Sensors
Policy -0.0073 | Value 0.0030 | KL 0.01166 | CF 0.1284 | Std 0.1161 | |a| 0.0462 | EV +0.928 | Rsd 0.283 | Res 0.077 | AE 0.932 | Alpha 0.0100 | MB 24/24
  cert | viol 0.000 | dV -0.292506 | V 0.3077 | inball 0.567 | a*_q05 0.01231 | a*_q50 0.04028 | dV>=0 0.000 | n=150 | a_used 0.00643 -> 0.00658
  crit | n=1 | viol 0.546 | V 0.4657 | Vmin 0.1588 | agree +0.505 | a*_q05 -0.00599 | a*_q50 0.00518 | dV>=0 0.315 | beta 0.0916
  bell | direct viol 0.542 | direct dV>=0 0.431 | d_mean +0.00064 | d_std 0.02280 | d_q95 0.04330
[Episode 499/900] Steps: 720 | Reward:   -4.07 | Battery:  75.99% | Loss: 0.0295
Placing Sensors
[Episode 500/900] Steps: 720 | Reward:   -2.76 | Battery:  86.13% | Loss: 
Placing Sensors
Policy -0.0058 | Value 0.0027 | KL 0.01013 | CF 0.0983 | Std 0.1161 | |a| 0.0505 | EV +0.922 | Rsd 0.285 | Res 0.080 | AE 0.946 | Alpha 0.0100 | MB 24/24
  cert | viol 0.030 | dV -0.242152 | V 0.2615 | inball 0.629 | a*_q05 0.00806 | a*_q50 0.03665 | dV>=0 0.000 | n=150 | a_used 0.00658 -> 0.00665
  crit | n=1 | viol 0.686 | V 0.4150 | Vmin 0.1324 | agree +0.654 | a*_q05 -0.00567 | a*_q50 0.00441 | dV>=0 0.204 | beta 0.0908
  bell | direct viol 0.509 | direct dV>=0 0.423 | d_mean +0.00059 | d_std 0.02596 | d_q95 0.05527
[Episode 501/900] Steps: 720 | Reward:   -3.22 | Battery:  78.99% | Loss: -0.0024
Placing Sensors
[Episode 502/900] Steps: 720 | Reward:   -4.21 | Battery:  83.67% | Loss: 
Placing Sensors
Policy -0.0111 | Value 0.0021 | KL 0.01047 | CF 0.1195 | Std 0.1160 | |a| 0.0441 | EV +0.965 | Rsd 0.306 | Res 0.064 | AE 0.933 | Alpha 0.0100 | MB 24/24
  cert | viol 0.044 | dV -0.293910 | V 0.3310 | inball 0.577 | a*_q05 0.00757 | a*_q50 0.03534 | dV>=0 0.000 | n=150 | a_used 0.00665 -> 0.00661
  crit | n=1 | viol 0.493 | V 0.5060 | Vmin 0.1692 | agree +0.598 | a*_q05 -0.00472 | a*_q50 0.00676 | dV>=0 0.223 | beta 0.0908
  bell | direct viol 0.533 | direct dV>=0 0.422 | d_mean -0.00073 | d_std 0.01806 | d_q95 0.03634
[Episode 503/900] Steps: 720 | Reward:   -4.16 | Battery:  75.12% | Loss: -0.0011
Placing Sensors
[Episode 504/900] Steps: 720 | Reward:   -3.78 | Battery:  86.35% | Loss: 
Placing Sensors
Policy -0.0061 | Value 0.0023 | KL 0.01126 | CF 0.1086 | Std 0.1160 | |a| 0.0415 | EV +0.958 | Rsd 0.292 | Res 0.061 | AE 0.940 | Alpha 0.0100 | MB 24/24
  cert | viol 0.000 | dV -0.250385 | V 0.2717 | inball 0.636 | a*_q05 0.00966 | a*_q50 0.03631 | dV>=0 0.000 | n=150 | a_used 0.00661 -> 0.00673
  crit | n=1 | viol 0.629 | V 0.4590 | Vmin 0.1921 | agree +0.691 | a*_q05 -0.00404 | a*_q50 0.00512 | dV>=0 0.139 | beta 0.0908
  bell | direct viol 0.513 | direct dV>=0 0.379 | d_mean +0.00087 | d_std 0.01734 | d_q95 0.03530
[Episode 505/900] Steps: 720 | Reward:   -2.89 | Battery:  87.46% | Loss: 0.0123
Placing Sensors
[Episode 506/900] Steps: 720 | Reward:   -3.49 | Battery:  78.24% | Loss: 
Placing Sensors
Policy -0.0042 | Value 0.0023 | KL 0.01200 | CF 0.1106 | Std 0.1160 | |a| 0.0425 | EV +0.950 | Rsd 0.284 | Res 0.064 | AE 0.945 | Alpha 0.0100 | MB 24/24
  cert | viol 0.059 | dV -0.266004 | V 0.2947 | inball 0.623 | a*_q05 0.00667 | a*_q50 0.03855 | dV>=0 0.000 | n=150 | a_used 0.00673 -> 0.00671
  crit | n=1 | viol 0.461 | V 0.4209 | Vmin 0.1546 | agree +0.486 | a*_q05 -0.00551 | a*_q50 0.00801 | dV>=0 0.210 | beta 0.0896
  bell | direct viol 0.504 | direct dV>=0 0.417 | d_mean +0.00003 | d_std 0.02260 | d_q95 0.04825
[Episode 507/900] Steps: 720 | Reward:   -2.80 | Battery:  84.17% | Loss: 0.0124
Placing Sensors
[Episode 508/900] Steps: 720 | Reward:   -2.64 | Battery:  84.05% | Loss: 
Placing Sensors
Policy -0.0065 | Value 0.0021 | KL 0.00727 | CF 0.0846 | Std 0.1160 | |a| 0.0437 | EV +0.953 | Rsd 0.249 | Res 0.054 | AE 0.946 | Alpha 0.0100 | MB 24/24
  cert | viol 0.000 | dV -0.236481 | V 0.2515 | inball 0.672 | a*_q05 0.01073 | a*_q50 0.03955 | dV>=0 0.000 | n=150 | a_used 0.00671 -> 0.00685
  crit | n=1 | viol 0.716 | V 0.3942 | Vmin 0.1483 | agree +0.657 | a*_q05 -0.00611 | a*_q50 0.00378 | dV>=0 0.235 | beta 0.0892
  bell | direct viol 0.529 | direct dV>=0 0.445 | d_mean +0.00079 | d_std 0.01959 | d_q95 0.03955
[Episode 509/900] Steps: 720 | Reward:   -3.20 | Battery:  84.71% | Loss: 0.0083
Placing Sensors
[Episode 510/900] Steps: 720 | Reward:   -4.14 | Battery:  70.58% | Loss: 
Placing Sensors
Policy -0.0136 | Value 0.0027 | KL 0.01557 | CF 0.1521 | Std 0.1160 | |a| 0.0436 | EV +0.961 | Rsd 0.312 | Res 0.071 | AE 0.939 | Alpha 0.0100 | MB 24/24
  cert | viol 0.108 | dV -0.275293 | V 0.3225 | inball 0.514 | a*_q05 0.00463 | a*_q50 0.03489 | dV>=0 0.000 | n=150 | a_used 0.00685 -> 0.00698
  crit | n=1 | viol 0.573 | V 0.5072 | Vmin 0.1394 | agree +0.460 | a*_q05 -0.00554 | a*_q50 0.00543 | dV>=0 0.318 | beta 0.0890
  bell | direct viol 0.583 | direct dV>=0 0.443 | d_mean -0.00054 | d_std 0.01765 | d_q95 0.03797
[Episode 511/900] Steps: 720 | Reward:   -4.37 | Battery:  71.84% | Loss: -0.0131
Placing Sensors
[Episode 512/900] Steps: 720 | Reward:   -3.29 | Battery:  84.71% | Loss: 
Placing Sensors
Policy 0.0013 | Value 0.0020 | KL 0.01031 | CF 0.1264 | Std 0.1160 | |a| 0.0435 | EV +0.957 | Rsd 0.249 | Res 0.056 | AE 0.938 | Alpha 0.0100 | MB 24/24
  cert | viol 0.006 | dV -0.219824 | V 0.2350 | inball 0.618 | a*_q05 0.01114 | a*_q50 0.03399 | dV>=0 0.000 | n=150 | a_used 0.00698 -> 0.00710
  crit | n=1 | viol 0.787 | V 0.4893 | Vmin 0.1793 | agree +0.453 | a*_q05 -0.00519 | a*_q50 0.00346 | dV>=0 0.309 | beta 0.0892
  bell | direct viol 0.562 | direct dV>=0 0.415 | d_mean +0.00062 | d_std 0.01609 | d_q95 0.03362
[Episode 513/900] Steps: 720 | Reward:   -3.29 | Battery:  72.66% | Loss: 0.1471
Placing Sensors
[Episode 514/900] Steps: 720 | Reward:   -2.99 | Battery:  84.83% | Loss: 
Placing Sensors
Policy -0.0090 | Value 0.0058 | KL 0.01754 | CF 0.1327 | Std 0.1159 | |a| 0.0449 | EV +0.886 | Rsd 0.275 | Res 0.095 | AE 0.947 | Alpha 0.0100 | MB 12/24
  cert | viol 0.069 | dV -0.304054 | V 0.3376 | inball 0.590 | a*_q05 0.00685 | a*_q50 0.03713 | dV>=0 0.000 | n=150 | a_used 0.00710 -> 0.00718
  crit | n=1 | viol 0.481 | V 0.4612 | Vmin 0.1665 | agree +0.268 | a*_q05 -0.00719 | a*_q50 0.00795 | dV>=0 0.295 | beta 0.0877
  bell | direct viol 0.515 | direct dV>=0 0.391 | d_mean -0.00099 | d_std 0.02025 | d_q95 0.04176
[Episode 515/900] Steps: 720 | Reward:   -4.21 | Battery:  68.84% | Loss: -0.0234
Placing Sensors
[Episode 516/900] Steps: 720 | Reward:   -3.48 | Battery:  84.14% | Loss: 
Placing Sensors
Policy -0.0125 | Value 0.0032 | KL 0.01159 | CF 0.1267 | Std 0.1159 | |a| 0.0493 | EV +0.919 | Rsd 0.256 | Res 0.075 | AE 0.944 | Alpha 0.0100 | MB 24/24
  cert | viol 0.035 | dV -0.286115 | V 0.3133 | inball 0.625 | a*_q05 0.00879 | a*_q50 0.03755 | dV>=0 0.000 | n=150 | a_used 0.00718 -> 0.00718
  crit | n=1 | viol 0.574 | V 0.4885 | Vmin 0.1629 | agree +0.638 | a*_q05 -0.00576 | a*_q50 0.00637 | dV>=0 0.220 | beta 0.0876
  bell | direct viol 0.522 | direct dV>=0 0.436 | d_mean -0.00037 | d_std 0.02289 | d_q95 0.04593
[Episode 517/900] Steps: 720 | Reward:   -3.76 | Battery:  80.28% | Loss: 0.0856
Placing Sensors
[Episode 518/900] Steps: 720 | Reward:   -4.56 | Battery:  71.15% | Loss: 
Placing Sensors
Policy -0.0029 | Value 0.0066 | KL 0.01277 | CF 0.1577 | Std 0.1159 | |a| 0.0468 | EV +0.889 | Rsd 0.293 | Res 0.104 | AE 0.934 | Alpha 0.0100 | MB 24/24
  cert | viol 0.141 | dV -0.231133 | V 0.3141 | inball 0.422 | a*_q05 0.00328 | a*_q50 0.02102 | dV>=0 0.009 | n=150 | a_used 0.00718 -> 0.00693
  crit | n=1 | viol 0.567 | V 0.6623 | Vmin 0.2648 | agree +0.492 | a*_q05 -0.00170 | a*_q50 0.00607 | dV>=0 0.095 | beta 0.0896
  bell | direct viol 0.595 | direct dV>=0 0.434 | d_mean -0.00192 | d_std 0.01601 | d_q95 0.03350
[Episode 519/900] Steps: 720 | Reward:   -6.16 | Battery:  78.56% | Loss: 0.0456
Placing Sensors
[Episode 520/900] Steps: 720 | Reward:   -2.56 | Battery:  79.96% | Loss: 
Placing Sensors
Policy -0.0090 | Value 0.0042 | KL 0.00877 | CF 0.0916 | Std 0.1159 | |a| 0.0461 | EV +0.909 | Rsd 0.283 | Res 0.087 | AE 0.944 | Alpha 0.0100 | MB 24/24
  cert | viol 0.069 | dV -0.270505 | V 0.3087 | inball 0.593 | a*_q05 0.00602 | a*_q50 0.03597 | dV>=0 0.000 | n=150 | a_used 0.00693 -> 0.00676
  crit | n=1 | viol 0.694 | V 0.5226 | Vmin 0.1949 | agree +0.591 | a*_q05 -0.00682 | a*_q50 0.00428 | dV>=0 0.304 | beta 0.0904
  bell | direct viol 0.541 | direct dV>=0 0.424 | d_mean +0.00036 | d_std 0.02364 | d_q95 0.04702
[Episode 521/900] Steps: 720 | Reward:   -4.70 | Battery:  79.22% | Loss: -0.0223
Placing Sensors
[Episode 522/900] Steps: 720 | Reward:   -4.17 | Battery:  71.47% | Loss: 
Placing Sensors
Policy -0.0006 | Value 0.0027 | KL 0.01190 | CF 0.1441 | Std 0.1159 | |a| 0.0420 | EV +0.946 | Rsd 0.287 | Res 0.068 | AE 0.941 | Alpha 0.0100 | MB 24/24
  cert | viol 0.041 | dV -0.250775 | V 0.2795 | inball 0.553 | a*_q05 0.00764 | a*_q50 0.03744 | dV>=0 0.000 | n=150 | a_used 0.00676 -> 0.00686
  crit | n=1 | viol 0.711 | V 0.5236 | Vmin 0.1909 | agree +0.518 | a*_q05 -0.00653 | a*_q50 0.00366 | dV>=0 0.310 | beta 0.0911
  bell | direct viol 0.516 | direct dV>=0 0.416 | d_mean +0.00098 | d_std 0.02246 | d_q95 0.04628
[Episode 523/900] Steps: 720 | Reward:   -3.12 | Battery:  67.25% | Loss: 0.0701
Placing Sensors
[Episode 524/900] Steps: 720 | Reward:   -5.52 | Battery:  72.60% | Loss: 
Placing Sensors
Policy -0.0041 | Value 0.0057 | KL 0.01252 | CF 0.1377 | Std 0.1160 | |a| 0.0572 | EV +0.896 | Rsd 0.306 | Res 0.103 | AE 0.935 | Alpha 0.0100 | MB 24/24
  cert | viol 0.137 | dV -0.236439 | V 0.3112 | inball 0.477 | a*_q05 0.00334 | a*_q50 0.02680 | dV>=0 0.004 | n=150 | a_used 0.00686 -> 0.00664
  crit | n=1 | viol 0.666 | V 0.5911 | Vmin 0.1865 | agree +0.548 | a*_q05 -0.00469 | a*_q50 0.00449 | dV>=0 0.238 | beta 0.0913
  bell | direct viol 0.559 | direct dV>=0 0.410 | d_mean -0.00034 | d_std 0.02327 | d_q95 0.04935
[Episode 525/900] Steps: 720 | Reward:   -4.21 | Battery:  74.36% | Loss: 0.1801
Placing Sensors
[Episode 526/900] Steps: 720 | Reward:   -2.21 | Battery:  79.98% | Loss: 
Placing Sensors
Policy -0.0065 | Value 0.0019 | KL 0.00773 | CF 0.1030 | Std 0.1159 | |a| 0.0475 | EV +0.965 | Rsd 0.245 | Res 0.054 | AE 0.939 | Alpha 0.0100 | MB 24/24
  cert | viol 0.000 | dV -0.189905 | V 0.1964 | inball 0.671 | a*_q05 0.01501 | a*_q50 0.04121 | dV>=0 0.000 | n=150 | a_used 0.00664 -> 0.00678
  crit | n=1 | viol 0.849 | V 0.4073 | Vmin 0.1515 | agree +0.292 | a*_q05 -0.00602 | a*_q50 0.00227 | dV>=0 0.352 | beta 0.0906
  bell | direct viol 0.495 | direct dV>=0 0.423 | d_mean +0.00100 | d_std 0.02870 | d_q95 0.05926
[Episode 527/900] Steps: 720 | Reward:   -2.35 | Battery:  76.41% | Loss: -0.0180
Placing Sensors
[Episode 528/900] Steps: 720 | Reward:   -3.02 | Battery:  88.85% | Loss: 
Placing Sensors
Policy -0.0102 | Value 0.0032 | KL 0.00943 | CF 0.1155 | Std 0.1159 | |a| 0.0538 | EV +0.950 | Rsd 0.306 | Res 0.070 | AE 0.945 | Alpha 0.0100 | MB 24/24
  cert | viol 0.074 | dV -0.247764 | V 0.2760 | inball 0.599 | a*_q05 0.00609 | a*_q50 0.03753 | dV>=0 0.000 | n=150 | a_used 0.00678 -> 0.00678
  crit | n=1 | viol 0.666 | V 0.4437 | Vmin 0.1396 | agree +0.592 | a*_q05 -0.00508 | a*_q50 0.00436 | dV>=0 0.304 | beta 0.0894
  bell | direct viol 0.545 | direct dV>=0 0.444 | d_mean +0.00027 | d_std 0.02861 | d_q95 0.05662
[Episode 529/900] Steps: 720 | Reward:   -3.44 | Battery:  64.58% | Loss: -0.0559
Placing Sensors
[Episode 530/900] Steps: 720 | Reward:   -4.32 | Battery:  82.85% | Loss: 
Placing Sensors
Policy -0.0107 | Value 0.0035 | KL 0.01038 | CF 0.1148 | Std 0.1159 | |a| 0.0450 | EV +0.908 | Rsd 0.249 | Res 0.079 | AE 0.946 | Alpha 0.0100 | MB 24/24
  cert | viol 0.073 | dV -0.230302 | V 0.2656 | inball 0.649 | a*_q05 0.00613 | a*_q50 0.03643 | dV>=0 0.000 | n=150 | a_used 0.00678 -> 0.00673
  crit | n=1 | viol 0.405 | V 0.4236 | Vmin 0.1486 | agree +0.351 | a*_q05 -0.00510 | a*_q50 0.00842 | dV>=0 0.161 | beta 0.0886
  bell | direct viol 0.502 | direct dV>=0 0.407 | d_mean -0.00178 | d_std 0.01990 | d_q95 0.04128
[Episode 531/900] Steps: 720 | Reward:   -2.15 | Battery:  85.20% | Loss: -0.0939
Placing Sensors
[Episode 532/900] Steps:  74 | Reward:  -17.49 | Battery:   0.00% | Loss: 
Placing Sensors
[Episode 533/900] Steps: 720 | Reward:   -2.33 | Battery:  84.24% | Loss: 
Placing Sensors
Policy -0.0065 | Value 0.0236 | KL 0.01428 | CF 0.1549 | Std 0.1159 | |a| 0.0669 | EV +0.786 | Rsd 0.416 | Res 0.193 | AE 0.954 | Alpha 0.0100 | MB 24/24
  cert | viol 0.004 | dV -0.187595 | V 0.2057 | inball 0.551 | a*_q05 0.01064 | a*_q50 0.03488 | dV>=0 0.000 | n=150 | a_used 0.00673 -> 0.00686
  crit | n=1 | viol 0.745 | V 0.5192 | Vmin 0.1497 | agree +0.608 | a*_q05 -0.00504 | a*_q50 0.00235 | dV>=0 0.302 | beta 0.0883
  bell | direct viol 0.553 | direct dV>=0 0.456 | d_mean +0.00110 | d_std 0.02764 | d_q95 0.05643
[Episode 534/900] Steps: 720 | Reward:   -3.82 | Battery:  56.28% | Loss: 0.1256
Placing Sensors
[Episode 535/900] Steps: 720 | Reward:   -6.80 | Battery:  82.82% | Loss: 
Placing Sensors
Policy -0.0121 | Value 0.0094 | KL 0.01365 | CF 0.1420 | Std 0.1158 | |a| 0.0558 | EV +0.906 | Rsd 0.396 | Res 0.132 | AE 0.936 | Alpha 0.0100 | MB 24/24
  cert | viol 0.217 | dV -0.288752 | V 0.4199 | inball 0.473 | a*_q05 -0.00016 | a*_q50 0.02471 | dV>=0 0.061 | n=150 | a_used 0.00686 -> 0.00506
  crit | n=1 | viol 0.416 | V 0.6311 | Vmin 0.1944 | agree +0.627 | a*_q05 -0.00488 | a*_q50 0.00865 | dV>=0 0.134 | beta 0.0883
  bell | direct viol 0.552 | direct dV>=0 0.448 | d_mean -0.00234 | d_std 0.03673 | d_q95 0.07337
[Episode 536/900] Steps: 720 | Reward:   -4.36 | Battery:  84.73% | Loss: -0.0004
Placing Sensors
[Episode 537/900] Steps: 720 | Reward:   -4.38 | Battery:  65.58% | Loss: 
Placing Sensors
Policy -0.0191 | Value 0.0054 | KL 0.01244 | CF 0.1137 | Std 0.1158 | |a| 0.0446 | EV +0.928 | Rsd 0.353 | Res 0.095 | AE 0.932 | Alpha 0.0100 | MB 24/24
  cert | viol 0.000 | dV -0.250950 | V 0.2733 | inball 0.600 | a*_q05 0.00905 | a*_q50 0.03812 | dV>=0 0.000 | n=150 | a_used 0.00506 -> 0.00518
  crit | n=1 | viol 0.592 | V 0.5269 | Vmin 0.1825 | agree +0.492 | a*_q05 -0.00591 | a*_q50 0.00401 | dV>=0 0.270 | beta 0.0886
  bell | direct viol 0.495 | direct dV>=0 0.427 | d_mean +0.00135 | d_std 0.03732 | d_q95 0.07791
[Episode 538/900] Steps: 720 | Reward:   -2.89 | Battery:  81.17% | Loss: -0.0634
Placing Sensors
[Episode 539/900] Steps: 720 | Reward:   -4.37 | Battery:  71.27% | Loss: 
Placing Sensors
Policy -0.0098 | Value 0.0026 | KL 0.00732 | CF 0.0886 | Std 0.1158 | |a| 0.0458 | EV +0.971 | Rsd 0.353 | Res 0.061 | AE 0.933 | Alpha 0.0100 | MB 24/24
  cert | viol 0.056 | dV -0.251184 | V 0.3024 | inball 0.541 | a*_q05 0.00527 | a*_q50 0.03123 | dV>=0 0.000 | n=150 | a_used 0.00518 -> 0.00515
  crit | n=1 | viol 0.473 | V 0.5625 | Vmin 0.1707 | agree +0.458 | a*_q05 -0.00302 | a*_q50 0.00550 | dV>=0 0.194 | beta 0.0882
  bell | direct viol 0.539 | direct dV>=0 0.441 | d_mean -0.00036 | d_std 0.02481 | d_q95 0.05170
[Episode 540/900] Steps: 720 | Reward:   -3.76 | Battery:  74.29% | Loss: -0.0743
Placing Sensors
[Episode 541/900] Steps: 720 | Reward:   -3.87 | Battery:  64.75% | Loss: 
Placing Sensors
Policy -0.0093 | Value 0.0045 | KL 0.01395 | CF 0.1366 | Std 0.1157 | |a| 0.0466 | EV +0.948 | Rsd 0.381 | Res 0.088 | AE 0.926 | Alpha 0.0100 | MB 24/24
  cert | viol 0.000 | dV -0.274053 | V 0.3029 | inball 0.547 | a*_q05 0.00833 | a*_q50 0.03560 | dV>=0 0.000 | n=150 | a_used 0.00515 -> 0.00527
  crit | n=1 | viol 0.638 | V 0.5696 | Vmin 0.1688 | agree +0.530 | a*_q05 -0.00517 | a*_q50 0.00378 | dV>=0 0.284 | beta 0.0880
  bell | direct viol 0.498 | direct dV>=0 0.428 | d_mean +0.00094 | d_std 0.02969 | d_q95 0.06137
[Episode 542/900] Steps: 720 | Reward:   -3.96 | Battery:  73.25% | Loss: 0.0621
Placing Sensors

[CONVERGED] episode 543: deaths 4% over the last 100, survivor reward flat for 25 consecutive episodes. Wrote probe_converged.pt.
[CONVERGED] LTAC_CONV_STOP=1, ending training.
Placing Sensors
  [validation 1/10] steps 720 | battery  34.3% ->  75.2% (min  29.9%) | reward    -1.90 | |a| 0.033 | path     137 m
Placing Sensors
  [validation 2/10] steps 720 | battery  31.8% ->  74.7% (min  26.0%) | reward    -3.46 | |a| 0.070 | path     166 m
Placing Sensors
  [validation 3/10] steps 720 | battery  37.8% ->  83.6% (min  37.8%) | reward    -0.91 | |a| 0.025 | path     127 m
Placing Sensors
  [validation 4/10] steps 720 | battery  37.8% ->  87.0% (min  34.4%) | reward    -2.67 | |a| 0.025 | path     121 m
Placing Sensors
  [validation 5/10] steps 720 | battery  37.0% ->  81.7% (min  26.1%) | reward    -3.66 | |a| 0.028 | path     202 m
Placing Sensors
  [validation 6/10] steps 720 | battery  37.7% ->  85.8% (min  30.6%) | reward    -1.65 | |a| 0.043 | path     184 m
Placing Sensors
  [validation 7/10] steps 720 | battery  36.1% ->  89.4% (min  30.4%) | reward    -2.48 | |a| 0.025 | path     128 m
Placing Sensors
  [validation 8/10] steps 720 | battery  36.5% ->  77.5% (min  32.3%) | reward    -2.50 | |a| 0.030 | path     137 m
Placing Sensors
  [validation 9/10] steps 720 | battery  36.6% ->  76.1% (min  34.3%) | reward    -1.79 | |a| 0.026 | path     128 m
Placing Sensors
  [validation 10/10] steps 720 | battery  30.8% ->  85.2% (min  25.2%) | reward    -2.19 | |a| 0.023 | path     131 m

==============================================================================
VALIDATION COMPLETE -- 10 independent deterministic episodes
==============================================================================
metric                       mean        std        min        max
reward                      -2.32       0.83      -3.66      -0.91
final battery %             81.63       5.39      74.75      89.44
min battery %               30.70       4.13      25.17      37.81
steps                      720.00       0.00     720.00     720.00
solar W                     30.04       2.60      24.89      33.63
|action|                     0.03       0.01       0.02       0.07
path m                     146.17      27.87     121.42     202.03
tortuosity                   1.83       0.52       1.19       2.71
motion mAh                 108.15      18.61      91.07     145.36
idle mAh                 11582.40       0.00   11582.40   11582.40

survived full 720 steps : 10/10
ended below 20% battery         : 0/10
ended above 70% battery         : 10/10

reward 95% CI: -2.32 +- 0.51  (-2.83 to -1.81)

total step rows written: 7200

==============================================
WALL CLOCK BREAKDOWN
==============================================
Total run time        :   18966.03 s
  Rollout (training)  :   18352.36 s  ( 96.8%)
    - policy inference:     465.89 s  (  2.5%)
    - env + reward    :   17886.47 s  ( 94.3%)
  PPO update()        :     109.13 s  (  0.6%)
  Checkpoint saves    :       0.05 s  (  0.0%)
  Final evaluation    :     364.68 s  (  1.9%)
  Other / logging     :     139.80 s  (  0.7%)

==============================================
PER-CALL AVERAGES
==============================================
Policy inference      :   310877 calls |    1.534 ms/step
  final eval only     :     7200 calls |    1.518 ms/step
PPO update()          :      202 calls |  540.271 ms/update
Episode               :      900 eps   |   20.657 s/episode

update() share of wall clock: 0.6%
