Placing Sensors
[cost_plain] critic head: unconstrained linear, spectral_norm = False. V_cost >= 0 is NOT structural in this arm -- watch v_critic_min.
Placing Sensors
[Episode 1/400] Steps: 720 | Reward:   -6.67 | Battery:  42.32% | Loss: 
Placing Sensors
[Episode 2/400] Steps: 111 | Reward:  -17.44 | Battery:   0.00% | Loss: 
Placing Sensors
[Episode 3/400] Steps:  79 | Reward:  -17.50 | Battery:   0.00% | Loss: 
Placing Sensors
[Episode 4/400] Steps:  76 | Reward:  -17.73 | Battery:   0.00% | Loss: 
Placing Sensors
[Episode 5/400] Steps:  66 | Reward:  -17.45 | Battery:   0.00% | Loss: 
Placing Sensors
[Episode 6/400] Steps:  82 | Reward:  -17.40 | Battery:   0.00% | Loss: 
Placing Sensors
[Episode 7/400] Steps:  89 | Reward:  -17.56 | Battery:   0.00% | Loss: 
Placing Sensors
Policy -0.0038 | Value 0.0286 | KL 0.00447 | CF 0.0433 | Std 0.1054 | |a| 0.0113 | Alpha 0.9016 | MB 32/32
  cert | viol 0.408 | dV -0.182547 | V 0.2971 | inball 0.209 | a*_q05 -0.00187 | a*_q50 0.01692 | dV>=0 0.072 | n=150 | a_used 0.01000 -> 0.00895
  crit | n=1 | viol 0.995 | V 1.2519 | Vmin 0.8335 | agree +0.774 | a*_q05 -0.00749 | a*_q50 0.00016 | dV>=0 0.488 | beta 0.1000
  bell | direct viol 0.932 | direct dV>=0 0.475 | d_mean -0.00068 | d_std 0.01136 | d_q95 0.02314
[Episode 8/400] Steps: 720 | Reward:   -6.00 | Battery:  32.32% | Loss: 1.3804
Placing Sensors
[Episode 9/400] Steps:  99 | Reward:  -17.50 | Battery:   0.00% | Loss: 
Placing Sensors
[Episode 10/400] Steps: 720 | Reward:   -6.53 | Battery:  55.50% | Loss: 
Placing Sensors
[Episode 11/400] Steps:  79 | Reward:  -17.65 | Battery:   0.00% | Loss: 
Placing Sensors
[Episode 12/400] Steps: 166 | Reward:  -17.11 | Battery:   0.00% | Loss: 
Placing Sensors
Policy -0.0009 | Value 0.0270 | KL 0.00228 | CF 0.0126 | Std 0.1055 | |a| 0.0129 | Alpha 0.8198 | MB 28/28
  cert | viol 0.544 | dV -0.180546 | V 0.3508 | inball 0.130 | a*_q05 -0.02057 | a*_q50 0.00788 | dV>=0 0.194 | n=150 | a_used 0.00895 -> 0.00850
  crit | n=1 | viol 0.974 | V 1.2189 | Vmin 0.6973 | agree +0.600 | a*_q05 -0.00572 | a*_q50 0.00094 | dV>=0 0.419 | beta 0.1000
  bell | direct viol 0.874 | direct dV>=0 0.477 | d_mean -0.00048 | d_std 0.01130 | d_q95 0.02193
[Episode 13/400] Steps: 720 | Reward:   -8.36 | Battery:  33.98% | Loss: 1.4164
Placing Sensors
[Episode 14/400] Steps:  75 | Reward:  -17.67 | Battery:   0.00% | Loss: 
Placing Sensors
[Episode 15/400] Steps: 246 | Reward:  -16.71 | Battery:   0.00% | Loss: 
Placing Sensors
[Episode 16/400] Steps: 119 | Reward:  -17.48 | Battery:   0.00% | Loss: 
Placing Sensors
[Episode 17/400] Steps:  98 | Reward:  -17.62 | Battery:   0.00% | Loss: 
Placing Sensors
[Episode 18/400] Steps: 720 | Reward:   -5.22 | Battery:  50.22% | Loss: 
Placing Sensors
Policy -0.0033 | Value 0.0294 | KL 0.00362 | CF 0.0388 | Std 0.1057 | |a| 0.0082 | Alpha 0.7378 | MB 32/32
  cert | viol 0.410 | dV -0.118528 | V 0.2597 | inball 0.166 | a*_q05 -0.01835 | a*_q50 0.01287 | dV>=0 0.244 | n=150 | a_used 0.00850 -> 0.00807
  crit | n=1 | viol 0.997 | V 1.3287 | Vmin 0.6898 | agree +0.797 | a*_q05 -0.00603 | a*_q50 -0.00115 | dV>=0 0.669 | beta 0.1000
  bell | direct viol 0.840 | direct dV>=0 0.479 | d_mean +0.00119 | d_std 0.01591 | d_q95 0.03038
[Episode 19/400] Steps: 720 | Reward:   -6.73 | Battery:  34.28% | Loss: 1.2334
Placing Sensors
[Episode 20/400] Steps:  68 | Reward:  -17.48 | Battery:   0.00% | Loss: 
Placing Sensors
[Episode 21/400] Steps:  78 | Reward:  -17.49 | Battery:   0.00% | Loss: 
Placing Sensors
[Episode 22/400] Steps: 108 | Reward:  -17.35 | Battery:   0.00% | Loss: 
Placing Sensors
[Episode 23/400] Steps:  87 | Reward:  -17.63 | Battery:   0.00% | Loss: 
Placing Sensors
[Episode 24/400] Steps:  90 | Reward:  -17.61 | Battery:   0.00% | Loss: 
Placing Sensors
[Episode 25/400] Steps:  97 | Reward:  -17.43 | Battery:   0.00% | Loss: 
Placing Sensors
[Episode 26/400] Steps:  76 | Reward:  -17.69 | Battery:   0.00% | Loss: 
Placing Sensors
[Episode 27/400] Steps: 119 | Reward:  -17.54 | Battery:   0.00% | Loss: 
Placing Sensors
Policy -0.0018 | Value 0.0286 | KL 0.00450 | CF 0.0503 | Std 0.1058 | |a| 0.0135 | Alpha 0.6832 | MB 24/24
  cert | viol 0.169 | dV -0.285887 | V 0.3782 | inball 0.186 | a*_q05 0.00259 | a*_q50 0.02458 | dV>=0 0.000 | n=150 | a_used 0.00807 -> 0.00750
  crit | n=1 | viol 0.970 | V 1.4645 | Vmin 0.5166 | agree +0.831 | a*_q05 -0.00531 | a*_q50 0.00041 | dV>=0 0.440 | beta 0.1000
  bell | direct viol 0.825 | direct dV>=0 0.513 | d_mean -0.00190 | d_std 0.01595 | d_q95 0.03181
[Episode 28/400] Steps: 720 | Reward:   -6.11 | Battery:  63.67% | Loss: 1.3071
Placing Sensors
[Episode 29/400] Steps: 113 | Reward:  -17.54 | Battery:   0.00% | Loss: 
Placing Sensors
[Episode 30/400] Steps:  77 | Reward:  -17.45 | Battery:   0.00% | Loss: 
Placing Sensors
[Episode 31/400] Steps: 720 | Reward:   -7.30 | Battery:  50.45% | Loss: 
Placing Sensors
Policy -0.0037 | Value 0.0282 | KL 0.00455 | CF 0.0539 | Std 0.1060 | |a| 0.0136 | Alpha 0.6263 | MB 28/28
  cert | viol 0.578 | dV -0.155742 | V 0.3082 | inball 0.126 | a*_q05 -0.00515 | a*_q50 0.00562 | dV>=0 0.184 | n=150 | a_used 0.00750 -> 0.00712
  crit | n=1 | viol 0.973 | V 1.3456 | Vmin 0.7548 | agree +0.526 | a*_q05 -0.00712 | a*_q50 -0.00202 | dV>=0 0.668 | beta 0.1000
  bell | direct viol 0.869 | direct dV>=0 0.479 | d_mean +0.00236 | d_std 0.01158 | d_q95 0.02312
[Episode 32/400] Steps: 720 | Reward:   -6.84 | Battery:  74.73% | Loss: 1.1621
Placing Sensors
[Episode 33/400] Steps: 720 | Reward:   -8.38 | Battery:  51.71% | Loss: 
Placing Sensors
Policy -0.0037 | Value 0.0094 | KL 0.00401 | CF 0.0409 | Std 0.1062 | |a| 0.0103 | Alpha 0.5801 | MB 24/24
  cert | viol 0.448 | dV -0.176912 | V 0.3554 | inball 0.140 | a*_q05 -0.01099 | a*_q50 0.00919 | dV>=0 0.229 | n=150 | a_used 0.00712 -> 0.00677
  crit | n=1 | viol 0.946 | V 1.1753 | Vmin 0.6902 | agree +0.404 | a*_q05 -0.00609 | a*_q50 -0.00090 | dV>=0 0.569 | beta 0.1000
  bell | direct viol 0.858 | direct dV>=0 0.452 | d_mean +0.00109 | d_std 0.00995 | d_q95 0.01950
[Episode 34/400] Steps: 720 | Reward:   -7.15 | Battery:  59.21% | Loss: 0.9781
Placing Sensors
[Episode 35/400] Steps:  85 | Reward:  -17.67 | Battery:   0.00% | Loss: 
Placing Sensors
[Episode 36/400] Steps:  81 | Reward:  -17.37 | Battery:   0.00% | Loss: 
Placing Sensors
[Episode 37/400] Steps: 720 | Reward:   -5.59 | Battery:  56.15% | Loss: 
Placing Sensors
[Episode 38/400] Steps: 213 | Reward:  -17.00 | Battery:   0.00% | Loss: 
Placing Sensors
[Episode 39/400] Steps:  92 | Reward:  -17.59 | Battery:   0.00% | Loss: 
Placing Sensors
[Episode 40/400] Steps:  96 | Reward:  -17.60 | Battery:   0.00% | Loss: 
Placing Sensors
[Episode 41/400] Steps: 132 | Reward:  -17.35 | Battery:   0.00% | Loss: 
Placing Sensors
Policy -0.0057 | Value 0.0339 | KL 0.00416 | CF 0.0448 | Std 0.1064 | |a| 0.0136 | Alpha 0.5353 | MB 24/24
  cert | viol 0.373 | dV -0.173914 | V 0.3481 | inball 0.152 | a*_q05 -0.01510 | a*_q50 0.01543 | dV>=0 0.189 | n=150 | a_used 0.00677 -> 0.00643
  crit | n=1 | viol 0.988 | V 1.5105 | Vmin 0.6274 | agree +0.797 | a*_q05 -0.00697 | a*_q50 0.00021 | dV>=0 0.465 | beta 0.1000
  bell | direct viol 0.820 | direct dV>=0 0.511 | d_mean -0.00077 | d_std 0.01817 | d_q95 0.03297
[Episode 42/400] Steps:  89 | Reward:  -17.39 | Battery:   0.00% | Loss: 0.9476
Placing Sensors
[Episode 43/400] Steps: 720 | Reward:   -9.45 | Battery:  25.55% | Loss: 
Placing Sensors
Policy -0.0048 | Value 0.0301 | KL 0.00718 | CF 0.0965 | Std 0.1066 | |a| 0.0147 | Alpha 0.4957 | MB 24/24
  cert | viol 0.612 | dV -0.128109 | V 0.3323 | inball 0.218 | a*_q05 -0.00596 | a*_q50 0.00413 | dV>=0 0.205 | n=150 | a_used 0.00643 -> 0.00611
  crit | n=1 | viol 0.955 | V 1.2228 | Vmin 0.6465 | agree +0.388 | a*_q05 -0.00600 | a*_q50 -0.00156 | dV>=0 0.624 | beta 0.1000
  bell | direct viol 0.801 | direct dV>=0 0.501 | d_mean +0.00217 | d_std 0.01722 | d_q95 0.03194
[Episode 44/400] Steps: 720 | Reward:   -4.77 | Battery:  52.93% | Loss: 0.8390
Placing Sensors
[Episode 45/400] Steps: 101 | Reward:  -17.50 | Battery:   0.00% | Loss: 
Placing Sensors
[Episode 46/400] Steps: 146 | Reward:  -17.37 | Battery:   0.00% | Loss: 
Placing Sensors
[Episode 47/400] Steps: 720 | Reward:   -5.90 | Battery:  56.90% | Loss: 
Placing Sensors
Policy -0.0071 | Value 0.0192 | KL 0.00833 | CF 0.1148 | Std 0.1068 | |a| 0.0122 | Alpha 0.4531 | MB 28/28
  cert | viol 0.148 | dV -0.254915 | V 0.3254 | inball 0.287 | a*_q05 0.00020 | a*_q50 0.02469 | dV>=0 0.034 | n=150 | a_used 0.00611 -> 0.00588
  crit | n=1 | viol 0.942 | V 1.0973 | Vmin 0.4993 | agree +0.669 | a*_q05 -0.00670 | a*_q50 -0.00034 | dV>=0 0.537 | beta 0.1000
  bell | direct viol 0.762 | direct dV>=0 0.505 | d_mean +0.00069 | d_std 0.02178 | d_q95 0.04029
[Episode 48/400] Steps: 720 | Reward:   -5.68 | Battery:  66.71% | Loss: 0.5943
Placing Sensors
[Episode 49/400] Steps: 720 | Reward:   -7.91 | Battery:  48.12% | Loss: 
Placing Sensors
[Episode 50/400] Steps:  71 | Reward:  -17.58 | Battery:   0.00% | Loss: 
Placing Sensors
Policy -0.0071 | Value 0.0143 | KL 0.00661 | CF 0.0810 | Std 0.1070 | |a| 0.0155 | Alpha 0.4180 | MB 24/24
  cert | viol 0.398 | dV -0.135100 | V 0.2934 | inball 0.176 | a*_q05 -0.00865 | a*_q50 0.00792 | dV>=0 0.227 | n=150 | a_used 0.00588 -> 0.00558
  crit | n=1 | viol 0.955 | V 1.0826 | Vmin 0.4854 | agree +0.541 | a*_q05 -0.00666 | a*_q50 -0.00068 | dV>=0 0.560 | beta 0.1000
  bell | direct viol 0.735 | direct dV>=0 0.455 | d_mean +0.00135 | d_std 0.01838 | d_q95 0.03439
[Episode 51/400] Steps: 720 | Reward:   -5.31 | Battery:  53.92% | Loss: 0.6775
Placing Sensors
[Episode 52/400] Steps: 720 | Reward:   -4.54 | Battery:  70.18% | Loss: 
Placing Sensors
Policy -0.0029 | Value 0.0080 | KL 0.00674 | CF 0.0867 | Std 0.1072 | |a| 0.0162 | Alpha 0.3871 | MB 24/24
  cert | viol 0.224 | dV -0.240711 | V 0.3500 | inball 0.407 | a*_q05 0.00068 | a*_q50 0.02418 | dV>=0 0.000 | n=150 | a_used 0.00558 -> 0.00501
  crit | n=1 | viol 0.748 | V 0.8296 | Vmin 0.3600 | agree +0.448 | a*_q05 -0.00747 | a*_q50 -0.00019 | dV>=0 0.517 | beta 0.1000
  bell | direct viol 0.736 | direct dV>=0 0.425 | d_mean +0.00040 | d_std 0.01474 | d_q95 0.02783
[Episode 53/400] Steps: 720 | Reward:   -6.29 | Battery:  69.20% | Loss: 0.6713
Placing Sensors
[Episode 54/400] Steps: 720 | Reward:   -7.03 | Battery:  56.89% | Loss: 
Placing Sensors
Policy -0.0035 | Value 0.0077 | KL 0.00477 | CF 0.0577 | Std 0.1074 | |a| 0.0196 | Alpha 0.3585 | MB 24/24
  cert | viol 0.443 | dV -0.148159 | V 0.2724 | inball 0.131 | a*_q05 -0.00691 | a*_q50 0.00665 | dV>=0 0.213 | n=150 | a_used 0.00501 -> 0.00476
  crit | n=1 | viol 0.876 | V 0.9981 | Vmin 0.5257 | agree +0.432 | a*_q05 -0.00588 | a*_q50 -0.00016 | dV>=0 0.517 | beta 0.1000
  bell | direct viol 0.762 | direct dV>=0 0.468 | d_mean +0.00026 | d_std 0.01565 | d_q95 0.03102
[Episode 55/400] Steps: 720 | Reward:   -6.43 | Battery:  65.92% | Loss: 0.4602
Placing Sensors
[Episode 56/400] Steps:  86 | Reward:  -17.54 | Battery:   0.00% | Loss: 
Placing Sensors
[Episode 57/400] Steps: 720 | Reward:   -6.29 | Battery:  57.81% | Loss: 
Placing Sensors
Policy -0.0025 | Value 0.0089 | KL 0.00597 | CF 0.0765 | Std 0.1076 | |a| 0.0179 | Alpha 0.3305 | MB 24/24
  cert | viol 0.318 | dV -0.174345 | V 0.2892 | inball 0.141 | a*_q05 -0.01987 | a*_q50 0.00653 | dV>=0 0.182 | n=150 | a_used 0.00476 -> 0.00452
  crit | n=1 | viol 0.854 | V 1.0377 | Vmin 0.5054 | agree +0.654 | a*_q05 -0.00634 | a*_q50 -0.00032 | dV>=0 0.522 | beta 0.1000
  bell | direct viol 0.727 | direct dV>=0 0.451 | d_mean +0.00030 | d_std 0.01363 | d_q95 0.02617
[Episode 58/400] Steps: 720 | Reward:   -7.46 | Battery:  45.59% | Loss: 0.6327
Placing Sensors
[Episode 59/400] Steps: 720 | Reward:   -4.36 | Battery:  44.78% | Loss: 
Placing Sensors
[Episode 60/400] Steps:  81 | Reward:  -17.70 | Battery:   0.00% | Loss: 
Placing Sensors
Policy -0.0051 | Value 0.0170 | KL 0.00775 | CF 0.1016 | Std 0.1078 | |a| 0.0211 | Alpha 0.3048 | MB 24/24
  cert | viol 0.095 | dV -0.275115 | V 0.3259 | inball 0.442 | a*_q05 0.00290 | a*_q50 0.03646 | dV>=0 0.012 | n=150 | a_used 0.00452 -> 0.00435
  crit | n=1 | viol 0.873 | V 0.8566 | Vmin 0.3648 | agree +0.648 | a*_q05 -0.00802 | a*_q50 -0.00116 | dV>=0 0.582 | beta 0.1000
  bell | direct viol 0.630 | direct dV>=0 0.397 | d_mean +0.00159 | d_std 0.01969 | d_q95 0.04019
[Episode 61/400] Steps: 720 | Reward:   -4.53 | Battery:  74.45% | Loss: 0.5692
Placing Sensors
[Episode 62/400] Steps: 720 | Reward:   -6.38 | Battery:  58.58% | Loss: 
Placing Sensors
Policy -0.0067 | Value 0.0044 | KL 0.00901 | CF 0.1277 | Std 0.1080 | |a| 0.0132 | Alpha 0.2823 | MB 24/24
  cert | viol 0.023 | dV -0.263467 | V 0.3154 | inball 0.336 | a*_q05 0.00704 | a*_q50 0.02062 | dV>=0 0.003 | n=150 | a_used 0.00435 -> 0.00432
  crit | n=1 | viol 0.692 | V 0.8745 | Vmin 0.4662 | agree +0.393 | a*_q05 -0.00622 | a*_q50 0.00009 | dV>=0 0.496 | beta 0.1000
  bell | direct viol 0.650 | direct dV>=0 0.444 | d_mean +0.00025 | d_std 0.01558 | d_q95 0.03162
[Episode 63/400] Steps: 720 | Reward:   -5.63 | Battery:  60.39% | Loss: 0.5237
Placing Sensors
[Episode 64/400] Steps:  88 | Reward:  -17.24 | Battery:   0.00% | Loss: 
Placing Sensors
[Episode 65/400] Steps:  76 | Reward:  -17.56 | Battery:   0.00% | Loss: 
Placing Sensors
[Episode 66/400] Steps: 720 | Reward:   -5.26 | Battery:  64.38% | Loss: 
Placing Sensors
Policy -0.0002 | Value 0.0155 | KL 0.00950 | CF 0.1226 | Std 0.1081 | |a| 0.0169 | Alpha 0.2591 | MB 28/28
  cert | viol 0.180 | dV -0.224852 | V 0.3291 | inball 0.353 | a*_q05 0.00039 | a*_q50 0.02397 | dV>=0 0.035 | n=150 | a_used 0.00432 -> 0.00411
  crit | n=1 | viol 0.778 | V 0.9199 | Vmin 0.4335 | agree +0.725 | a*_q05 -0.00669 | a*_q50 0.00025 | dV>=0 0.486 | beta 0.1000
  bell | direct viol 0.647 | direct dV>=0 0.451 | d_mean -0.00038 | d_std 0.01993 | d_q95 0.04083
[Episode 67/400] Steps: 720 | Reward:   -5.60 | Battery:  72.46% | Loss: 0.4330
Placing Sensors
[Episode 68/400] Steps: 720 | Reward:   -6.97 | Battery:  58.58% | Loss: 
Placing Sensors
[Episode 69/400] Steps:  73 | Reward:  -17.68 | Battery:   0.00% | Loss: 
Placing Sensors
[Episode 70/400] Steps:  90 | Reward:  -17.42 | Battery:   0.00% | Loss: 
Placing Sensors
Policy 0.0029 | Value 0.0173 | KL 0.00759 | CF 0.0928 | Std 0.1083 | |a| 0.0160 | Alpha 0.2379 | MB 28/28
  cert | viol 0.215 | dV -0.193039 | V 0.3265 | inball 0.190 | a*_q05 0.00091 | a*_q50 0.01338 | dV>=0 0.032 | n=150 | a_used 0.00411 -> 0.00361
  crit | n=1 | viol 0.748 | V 1.0398 | Vmin 0.4749 | agree +0.641 | a*_q05 -0.00592 | a*_q50 0.00091 | dV>=0 0.405 | beta 0.1000
  bell | direct viol 0.618 | direct dV>=0 0.421 | d_mean +0.00110 | d_std 0.02445 | d_q95 0.04253
[Episode 71/400] Steps: 720 | Reward:   -6.85 | Battery:  66.80% | Loss: 0.6429
Placing Sensors
[Episode 72/400] Steps: 720 | Reward:   -6.62 | Battery:  59.12% | Loss: 
Placing Sensors
[Episode 73/400] Steps:  99 | Reward:  -17.51 | Battery:   0.00% | Loss: 
Placing Sensors
[Episode 74/400] Steps:  88 | Reward:  -17.39 | Battery:   0.00% | Loss: 
Placing Sensors
Policy -0.0084 | Value 0.0114 | KL 0.00716 | CF 0.0905 | Std 0.1084 | |a| 0.0131 | Alpha 0.2182 | MB 28/28
  cert | viol 0.114 | dV -0.256087 | V 0.3369 | inball 0.275 | a*_q05 -0.00568 | a*_q50 0.02301 | dV>=0 0.056 | n=150 | a_used 0.00361 -> 0.00343
  crit | n=1 | viol 0.745 | V 0.9935 | Vmin 0.4058 | agree +0.731 | a*_q05 -0.00667 | a*_q50 0.00071 | dV>=0 0.434 | beta 0.1000
  bell | direct viol 0.571 | direct dV>=0 0.461 | d_mean +0.00012 | d_std 0.03269 | d_q95 0.05648
[Episode 75/400] Steps: 720 | Reward:   -5.50 | Battery:  66.58% | Loss: 0.1248
Placing Sensors
[Episode 76/400] Steps: 720 | Reward:   -5.54 | Battery:  58.75% | Loss: 
Placing Sensors
Policy -0.0017 | Value 0.0147 | KL 0.00878 | CF 0.1224 | Std 0.1086 | |a| 0.0145 | Alpha 0.2020 | MB 24/24
  cert | viol 0.131 | dV -0.205666 | V 0.2654 | inball 0.269 | a*_q05 -0.01956 | a*_q50 0.01698 | dV>=0 0.096 | n=150 | a_used 0.00343 -> 0.00326
  crit | n=1 | viol 0.783 | V 0.8949 | Vmin 0.4058 | agree +0.433 | a*_q05 -0.00707 | a*_q50 -0.00074 | dV>=0 0.535 | beta 0.1000
  bell | direct viol 0.587 | direct dV>=0 0.477 | d_mean +0.00005 | d_std 0.03179 | d_q95 0.05487
[Episode 77/400] Steps: 720 | Reward:   -5.74 | Battery:  55.08% | Loss: 0.4057
Placing Sensors
[Episode 78/400] Steps: 720 | Reward:   -8.17 | Battery:  40.64% | Loss: 
Placing Sensors
[Episode 79/400] Steps:  89 | Reward:  -17.63 | Battery:   0.00% | Loss: 
Placing Sensors
Policy -0.0016 | Value 0.0158 | KL 0.00521 | CF 0.0620 | Std 0.1087 | |a| 0.0174 | Alpha 0.1862 | MB 24/24
  cert | viol 0.297 | dV -0.153643 | V 0.2942 | inball 0.279 | a*_q05 -0.00791 | a*_q50 0.00608 | dV>=0 0.215 | n=150 | a_used 0.00326 -> 0.00310
  crit | n=1 | viol 0.670 | V 0.9410 | Vmin 0.3535 | agree +0.717 | a*_q05 -0.00511 | a*_q50 0.00148 | dV>=0 0.354 | beta 0.1000
  bell | direct viol 0.552 | direct dV>=0 0.428 | d_mean +0.00008 | d_std 0.02552 | d_q95 0.05122
[Episode 80/400] Steps: 720 | Reward:   -3.83 | Battery:  84.94% | Loss: 0.2756
Placing Sensors
[Episode 81/400] Steps: 158 | Reward:  -17.26 | Battery:   0.00% | Loss: 
Placing Sensors
[Episode 82/400] Steps: 720 | Reward:   -6.70 | Battery:  54.65% | Loss: 
Placing Sensors
Policy 0.0060 | Value 0.0172 | KL 0.00763 | CF 0.0938 | Std 0.1088 | |a| 0.0229 | Alpha 0.1710 | MB 28/28
  cert | viol 0.169 | dV -0.214025 | V 0.3670 | inball 0.209 | a*_q05 -0.00046 | a*_q50 0.01466 | dV>=0 0.073 | n=150 | a_used 0.00310 -> 0.00294
  crit | n=1 | viol 0.561 | V 1.0653 | Vmin 0.4597 | agree +0.501 | a*_q05 -0.00634 | a*_q50 0.00250 | dV>=0 0.334 | beta 0.1000
  bell | direct viol 0.561 | direct dV>=0 0.433 | d_mean -0.00113 | d_std 0.02421 | d_q95 0.04837
[Episode 83/400] Steps: 720 | Reward:   -7.43 | Battery:  71.04% | Loss: 0.2973
Placing Sensors
[Episode 84/400] Steps: 720 | Reward:   -5.77 | Battery:  74.05% | Loss: 
Placing Sensors
Policy -0.0095 | Value 0.0097 | KL 0.00659 | CF 0.0819 | Std 0.1089 | |a| 0.0211 | Alpha 0.1584 | MB 24/24
  cert | viol 0.119 | dV -0.229322 | V 0.3313 | inball 0.356 | a*_q05 -0.00043 | a*_q50 0.02031 | dV>=0 0.055 | n=150 | a_used 0.00294 -> 0.00280
  crit | n=1 | viol 0.777 | V 1.0254 | Vmin 0.4963 | agree +0.476 | a*_q05 -0.00722 | a*_q50 -0.00031 | dV>=0 0.513 | beta 0.1000
  bell | direct viol 0.569 | direct dV>=0 0.460 | d_mean +0.00192 | d_std 0.02362 | d_q95 0.04286
[Episode 85/400] Steps: 720 | Reward:   -6.34 | Battery:  61.12% | Loss: 0.2302
Placing Sensors
[Episode 86/400] Steps:  90 | Reward:  -17.58 | Battery:   0.00% | Loss: 
Placing Sensors
[Episode 87/400] Steps: 720 | Reward:   -5.66 | Battery:  58.72% | Loss: 
Placing Sensors
[Episode 88/400] Steps: 164 | Reward:  -17.16 | Battery:   0.00% | Loss: 
Placing Sensors
Policy -0.0001 | Value 0.0213 | KL 0.01019 | CF 0.1241 | Std 0.1090 | |a| 0.0224 | Alpha 0.1447 | MB 28/28
  cert | viol 0.235 | dV -0.134945 | V 0.2068 | inball 0.068 | a*_q05 -0.01367 | a*_q50 0.00707 | dV>=0 0.156 | n=150 | a_used 0.00280 -> 0.00266
  crit | n=1 | viol 0.848 | V 1.1035 | Vmin 0.5452 | agree +0.696 | a*_q05 -0.00650 | a*_q50 -0.00072 | dV>=0 0.555 | beta 0.1000
  bell | direct viol 0.597 | direct dV>=0 0.496 | d_mean +0.00120 | d_std 0.02895 | d_q95 0.05442
[Episode 89/400] Steps: 720 | Reward:   -6.46 | Battery:  60.43% | Loss: 0.3007
Placing Sensors
[Episode 90/400] Steps: 112 | Reward:  -17.39 | Battery:   0.00% | Loss: 
Placing Sensors
[Episode 91/400] Steps: 720 | Reward:   -6.17 | Battery:  51.54% | Loss: 
Placing Sensors
Policy 0.0020 | Value 0.0112 | KL 0.01302 | CF 0.1590 | Std 0.1091 | |a| 0.0258 | Alpha 0.1332 | MB 28/28
  cert | viol 0.107 | dV -0.192072 | V 0.2895 | inball 0.235 | a*_q05 -0.00050 | a*_q50 0.01000 | dV>=0 0.053 | n=150 | a_used 0.00266 -> 0.00280
  crit | n=1 | viol 0.794 | V 1.1159 | Vmin 0.6537 | agree +0.531 | a*_q05 -0.00679 | a*_q50 -0.00045 | dV>=0 0.554 | beta 0.1000
  bell | direct viol 0.579 | direct dV>=0 0.494 | d_mean -0.00057 | d_std 0.03257 | d_q95 0.06336
[Episode 92/400] Steps: 720 | Reward:   -6.72 | Battery:  53.03% | Loss: 0.0901
Placing Sensors
[Episode 93/400] Steps: 720 | Reward:   -6.84 | Battery:  53.17% | Loss: 
Placing Sensors
Policy -0.0034 | Value 0.0086 | KL 0.00673 | CF 0.0750 | Std 0.1092 | |a| 0.0259 | Alpha 0.1234 | MB 24/24
  cert | viol 0.085 | dV -0.188252 | V 0.2799 | inball 0.284 | a*_q05 0.00060 | a*_q50 0.01489 | dV>=0 0.041 | n=150 | a_used 0.00280 -> 0.00262
  crit | n=1 | viol 0.808 | V 0.9775 | Vmin 0.5914 | agree +0.461 | a*_q05 -0.00611 | a*_q50 -0.00089 | dV>=0 0.583 | beta 0.1000
  bell | direct viol 0.545 | direct dV>=0 0.443 | d_mean +0.00102 | d_std 0.02681 | d_q95 0.04528
[Episode 94/400] Steps: 720 | Reward:   -4.84 | Battery:  62.01% | Loss: 0.1823
Placing Sensors
[Episode 95/400] Steps: 720 | Reward:   -7.31 | Battery:  72.23% | Loss: 
Placing Sensors
Policy -0.0056 | Value 0.0064 | KL 0.00642 | CF 0.0757 | Std 0.1093 | |a| 0.0280 | Alpha 0.1143 | MB 24/24
  cert | viol 0.224 | dV -0.193505 | V 0.4017 | inball 0.289 | a*_q05 -0.00236 | a*_q50 0.01226 | dV>=0 0.149 | n=150 | a_used 0.00262 -> 0.00249
  crit | n=1 | viol 0.547 | V 1.0323 | Vmin 0.5155 | agree +0.386 | a*_q05 -0.00724 | a*_q50 0.00206 | dV>=0 0.368 | beta 0.1000
  bell | direct viol 0.555 | direct dV>=0 0.447 | d_mean -0.00027 | d_std 0.02176 | d_q95 0.04023
[Episode 96/400] Steps: 720 | Reward:   -6.83 | Battery:  63.83% | Loss: 0.1251
Placing Sensors
[Episode 97/400] Steps: 720 | Reward:   -4.92 | Battery:  66.12% | Loss: 
Placing Sensors
Policy -0.0048 | Value 0.0058 | KL 0.01021 | CF 0.1319 | Std 0.1094 | |a| 0.0259 | Alpha 0.1058 | MB 24/24
  cert | viol 0.258 | dV -0.145313 | V 0.2707 | inball 0.228 | a*_q05 -0.01129 | a*_q50 0.00670 | dV>=0 0.178 | n=150 | a_used 0.00249 -> 0.00237
  crit | n=1 | viol 0.735 | V 0.9327 | Vmin 0.5050 | agree +0.598 | a*_q05 -0.00484 | a*_q50 0.00026 | dV>=0 0.473 | beta 0.1000
  bell | direct viol 0.547 | direct dV>=0 0.448 | d_mean +0.00017 | d_std 0.01905 | d_q95 0.03796
[Episode 98/400] Steps: 720 | Reward:   -7.94 | Battery:  48.23% | Loss: 0.1769
Placing Sensors
[Episode 99/400] Steps:  91 | Reward:  -17.67 | Battery:   0.00% | Loss: 
Placing Sensors
[Episode 100/400] Steps:  66 | Reward:  -17.75 | Battery:   0.00% | Loss: 
Placing Sensors
[Episode 101/400] Steps: 145 | Reward:  -17.34 | Battery:   0.00% | Loss: 
Placing Sensors
[Episode 102/400] Steps: 100 | Reward:  -17.55 | Battery:   0.00% | Loss: 
Placing Sensors
[Episode 103/400] Steps: 119 | Reward:  -17.36 | Battery:   0.00% | Loss: 
Placing Sensors
[Episode 104/400] Steps: 106 | Reward:  -17.19 | Battery:   0.00% | Loss: 
Placing Sensors
[Episode 105/400] Steps: 129 | Reward:  -17.23 | Battery:   0.00% | Loss: 
Placing Sensors
[Episode 106/400] Steps: 137 | Reward:  -17.31 | Battery:   0.00% | Loss: 
Placing Sensors
Policy -0.0057 | Value 0.0377 | KL 0.01509 | CF 0.1879 | Std 0.1095 | |a| 0.0243 | Alpha 0.0971 | MB 28/28
  cert | viol 0.140 | dV -0.204830 | V 0.3483 | inball 0.135 | a*_q05 0.00051 | a*_q50 0.01234 | dV>=0 0.056 | n=150 | a_used 0.00237 -> 0.00231
  crit | n=1 | viol 0.753 | V 1.4807 | Vmin 0.5923 | agree +0.817 | a*_q05 -0.00371 | a*_q50 0.00092 | dV>=0 0.319 | beta 0.1000
  bell | direct viol 0.603 | direct dV>=0 0.520 | d_mean -0.00255 | d_std 0.03306 | d_q95 0.06672
[Episode 107/400] Steps: 720 | Reward:   -6.57 | Battery:  64.15% | Loss: 0.0331
Placing Sensors
[Episode 108/400] Steps: 720 | Reward:   -8.16 | Battery:  54.63% | Loss: 
Placing Sensors
[Episode 109/400] Steps: 128 | Reward:  -17.22 | Battery:   0.00% | Loss: 
Placing Sensors
Policy -0.0114 | Value 0.0178 | KL 0.00547 | CF 0.0699 | Std 0.1096 | |a| 0.0240 | Alpha 0.0893 | MB 28/28
  cert | viol 0.113 | dV -0.184565 | V 0.3302 | inball 0.258 | a*_q05 -0.00028 | a*_q50 0.01036 | dV>=0 0.071 | n=150 | a_used 0.00231 -> 0.00235
  crit | n=1 | viol 0.693 | V 1.0864 | Vmin 0.4974 | agree +0.540 | a*_q05 -0.00593 | a*_q50 0.00026 | dV>=0 0.477 | beta 0.1000
  bell | direct viol 0.515 | direct dV>=0 0.450 | d_mean +0.00183 | d_std 0.02995 | d_q95 0.06088
[Episode 110/400] Steps: 720 | Reward:   -4.56 | Battery:  63.02% | Loss: 0.2135
Placing Sensors
[Episode 111/400] Steps: 720 | Reward:   -6.91 | Battery:  55.19% | Loss: 
Placing Sensors
Policy -0.0021 | Value 0.0116 | KL 0.00950 | CF 0.1326 | Std 0.1096 | |a| 0.0202 | Alpha 0.0827 | MB 24/24
  cert | viol 0.180 | dV -0.211998 | V 0.3166 | inball 0.203 | a*_q05 -0.01920 | a*_q50 0.01445 | dV>=0 0.115 | n=150 | a_used 0.00235 -> 0.00224
  crit | n=1 | viol 0.787 | V 1.0242 | Vmin 0.4700 | agree +0.588 | a*_q05 -0.00653 | a*_q50 -0.00130 | dV>=0 0.596 | beta 0.1000
  bell | direct viol 0.546 | direct dV>=0 0.474 | d_mean +0.00155 | d_std 0.02686 | d_q95 0.05382
[Episode 112/400] Steps: 720 | Reward:   -6.39 | Battery:  56.78% | Loss: 0.1176
Placing Sensors
[Episode 113/400] Steps:  67 | Reward:  -17.69 | Battery:   0.00% | Loss: 
Placing Sensors
[Episode 114/400] Steps: 720 | Reward:   -6.69 | Battery:  63.87% | Loss: 
Placing Sensors
[Episode 115/400] Steps: 113 | Reward:  -17.42 | Battery:   0.00% | Loss: 
Placing Sensors
Policy 0.0039 | Value 0.0137 | KL 0.01021 | CF 0.1279 | Std 0.1097 | |a| 0.0208 | Alpha 0.0759 | MB 28/28
  cert | viol 0.289 | dV -0.187698 | V 0.3441 | inball 0.178 | a*_q05 -0.01771 | a*_q50 0.00935 | dV>=0 0.172 | n=150 | a_used 0.00224 -> 0.00212
  crit | n=1 | viol 0.603 | V 1.1409 | Vmin 0.4310 | agree +0.581 | a*_q05 -0.00656 | a*_q50 0.00106 | dV>=0 0.406 | beta 0.1000
  bell | direct viol 0.552 | direct dV>=0 0.478 | d_mean -0.00055 | d_std 0.03064 | d_q95 0.06084
[Episode 116/400] Steps: 720 | Reward:   -7.61 | Battery:  38.16% | Loss: 0.1643
Placing Sensors
[Episode 117/400] Steps: 720 | Reward:   -5.36 | Battery:  78.37% | Loss: 
Placing Sensors
Policy -0.0062 | Value 0.0091 | KL 0.00998 | CF 0.1296 | Std 0.1098 | |a| 0.0166 | Alpha 0.0703 | MB 24/24
  cert | viol 0.099 | dV -0.212897 | V 0.3107 | inball 0.439 | a*_q05 0.00097 | a*_q50 0.02031 | dV>=0 0.011 | n=150 | a_used 0.00212 -> 0.00207
  crit | n=1 | viol 0.623 | V 0.8654 | Vmin 0.3961 | agree +0.444 | a*_q05 -0.00687 | a*_q50 0.00099 | dV>=0 0.400 | beta 0.1000
  bell | direct viol 0.503 | direct dV>=0 0.429 | d_mean +0.00142 | d_std 0.02486 | d_q95 0.05078
[Episode 118/400] Steps: 720 | Reward:   -5.10 | Battery:  64.74% | Loss: 0.1964
Placing Sensors
[Episode 119/400] Steps: 720 | Reward:   -4.37 | Battery:  76.89% | Loss: 
Placing Sensors
Policy -0.0042 | Value 0.0082 | KL 0.00558 | CF 0.0624 | Std 0.1099 | |a| 0.0169 | Alpha 0.0651 | MB 24/24
  cert | viol 0.110 | dV -0.270224 | V 0.4011 | inball 0.401 | a*_q05 0.00025 | a*_q50 0.02328 | dV>=0 0.055 | n=150 | a_used 0.00207 -> 0.00198
  crit | n=1 | viol 0.440 | V 0.8986 | Vmin 0.3066 | agree +0.579 | a*_q05 -0.00614 | a*_q50 0.00285 | dV>=0 0.306 | beta 0.1000
  bell | direct viol 0.508 | direct dV>=0 0.432 | d_mean +0.00014 | d_std 0.02204 | d_q95 0.04557
[Episode 120/400] Steps: 720 | Reward:   -7.37 | Battery:  59.90% | Loss: 0.0758
Placing Sensors
[Episode 121/400] Steps: 129 | Reward:  -17.35 | Battery:   0.00% | Loss: 
Placing Sensors
[Episode 122/400] Steps: 720 | Reward:   -6.17 | Battery:  58.82% | Loss: 
Placing Sensors
Policy -0.0138 | Value 0.0187 | KL 0.00465 | CF 0.0520 | Std 0.1099 | |a| 0.0161 | Alpha 0.0599 | MB 28/28
  cert | viol 0.074 | dV -0.237139 | V 0.3447 | inball 0.290 | a*_q05 0.00172 | a*_q50 0.01733 | dV>=0 0.029 | n=150 | a_used 0.00198 -> 0.00200
  crit | n=1 | viol 0.484 | V 0.9094 | Vmin 0.3651 | agree +0.623 | a*_q05 -0.00673 | a*_q50 0.00234 | dV>=0 0.340 | beta 0.1000
  bell | direct viol 0.491 | direct dV>=0 0.449 | d_mean -0.00010 | d_std 0.02889 | d_q95 0.05614
[Episode 123/400] Steps: 720 | Reward:   -6.04 | Battery:  75.74% | Loss: 0.0122
Placing Sensors
[Episode 124/400] Steps: 720 | Reward:   -4.88 | Battery:  77.43% | Loss: 
Placing Sensors
[Episode 125/400] Steps:  65 | Reward:  -17.61 | Battery:   0.00% | Loss: 
Placing Sensors
Policy -0.0095 | Value 0.0131 | KL 0.00725 | CF 0.0774 | Std 0.1100 | |a| 0.0118 | Alpha 0.0552 | MB 24/24
  cert | viol 0.372 | dV -0.189184 | V 0.3370 | inball 0.236 | a*_q05 -0.00884 | a*_q50 0.00900 | dV>=0 0.353 | n=150 | a_used 0.00200 -> 0.00190
  crit | n=1 | viol 0.587 | V 0.9493 | Vmin 0.4607 | agree +0.525 | a*_q05 -0.00682 | a*_q50 0.00056 | dV>=0 0.473 | beta 0.1000
  bell | direct viol 0.505 | direct dV>=0 0.447 | d_mean +0.00008 | d_std 0.02807 | d_q95 0.05300
[Episode 126/400] Steps: 720 | Reward:   -8.01 | Battery:  56.30% | Loss: 0.1461
Placing Sensors
[Episode 127/400] Steps: 112 | Reward:  -17.40 | Battery:   0.00% | Loss: 
Placing Sensors
[Episode 128/400] Steps:  99 | Reward:  -17.51 | Battery:   0.00% | Loss: 
Placing Sensors
[Episode 129/400] Steps: 109 | Reward:  -17.45 | Battery:   0.00% | Loss: 
Placing Sensors
[Episode 130/400] Steps: 720 | Reward:   -4.43 | Battery:  63.60% | Loss: 
Placing Sensors
Policy -0.0066 | Value 0.0190 | KL 0.00545 | CF 0.0628 | Std 0.1100 | |a| 0.0123 | Alpha 0.0503 | MB 28/28
  cert | viol 0.035 | dV -0.211591 | V 0.2934 | inball 0.299 | a*_q05 0.00271 | a*_q50 0.02310 | dV>=0 0.000 | n=150 | a_used 0.00190 -> 0.00192
  crit | n=1 | viol 0.661 | V 1.0293 | Vmin 0.4457 | agree +0.722 | a*_q05 -0.00721 | a*_q50 0.00036 | dV>=0 0.460 | beta 0.1000
  bell | direct viol 0.508 | direct dV>=0 0.469 | d_mean -0.00014 | d_std 0.04112 | d_q95 0.08565
[Episode 131/400] Steps: 720 | Reward:   -6.01 | Battery:  72.36% | Loss: 0.1195
Placing Sensors
[Episode 132/400] Steps: 720 | Reward:   -6.20 | Battery:  62.78% | Loss: 
Placing Sensors
Policy -0.0059 | Value 0.0177 | KL 0.00559 | CF 0.0630 | Std 0.1101 | |a| 0.0141 | Alpha 0.0466 | MB 24/24
  cert | viol 0.155 | dV -0.265055 | V 0.3900 | inball 0.367 | a*_q05 0.00008 | a*_q50 0.02567 | dV>=0 0.059 | n=150 | a_used 0.00192 -> 0.00183
  crit | n=1 | viol 0.674 | V 1.0170 | Vmin 0.3893 | agree +0.446 | a*_q05 -0.00681 | a*_q50 -0.00051 | dV>=0 0.534 | beta 0.1000
  bell | direct viol 0.492 | direct dV>=0 0.440 | d_mean +0.00248 | d_std 0.03200 | d_q95 0.06547
[Episode 133/400] Steps: 720 | Reward:   -5.92 | Battery:  57.25% | Loss: -0.0147
Placing Sensors
[Episode 134/400] Steps: 720 | Reward:   -3.95 | Battery:  73.49% | Loss: 
Placing Sensors
Policy -0.0081 | Value 0.0087 | KL 0.00617 | CF 0.0800 | Std 0.1101 | |a| 0.0115 | Alpha 0.0431 | MB 24/24
  cert | viol 0.007 | dV -0.279752 | V 0.3314 | inball 0.498 | a*_q05 0.00534 | a*_q50 0.03159 | dV>=0 0.000 | n=150 | a_used 0.00183 -> 0.00191
  crit | n=1 | viol 0.541 | V 0.7594 | Vmin 0.3149 | agree +0.485 | a*_q05 -0.00638 | a*_q50 0.00137 | dV>=0 0.413 | beta 0.1000
  bell | direct viol 0.485 | direct dV>=0 0.434 | d_mean +0.00150 | d_std 0.02842 | d_q95 0.05781
[Episode 135/400] Steps: 720 | Reward:   -5.52 | Battery:  53.18% | Loss: -0.0400
Placing Sensors
[Episode 136/400] Steps: 720 | Reward:   -6.16 | Battery:  63.03% | Loss: 
Placing Sensors
Policy -0.0070 | Value 0.0054 | KL 0.00517 | CF 0.0573 | Std 0.1101 | |a| 0.0137 | Alpha 0.0400 | MB 24/24
  cert | viol 0.028 | dV -0.236341 | V 0.3113 | inball 0.432 | a*_q05 0.00409 | a*_q50 0.02302 | dV>=0 0.000 | n=150 | a_used 0.00191 -> 0.00197
  crit | n=1 | viol 0.514 | V 0.8231 | Vmin 0.3342 | agree +0.520 | a*_q05 -0.00551 | a*_q50 0.00183 | dV>=0 0.345 | beta 0.1000
  bell | direct viol 0.491 | direct dV>=0 0.447 | d_mean +0.00099 | d_std 0.02427 | d_q95 0.04951
[Episode 137/400] Steps: 720 | Reward:   -4.35 | Battery:  77.40% | Loss: -0.0023
Placing Sensors
[Episode 138/400] Steps: 720 | Reward:   -4.57 | Battery:  81.98% | Loss: 
Placing Sensors
Policy -0.0044 | Value 0.0077 | KL 0.00662 | CF 0.0837 | Std 0.1101 | |a| 0.0163 | Alpha 0.0370 | MB 24/24
  cert | viol 0.026 | dV -0.280788 | V 0.3565 | inball 0.519 | a*_q05 0.00334 | a*_q50 0.02832 | dV>=0 0.005 | n=150 | a_used 0.00197 -> 0.00201
  crit | n=1 | viol 0.420 | V 0.7302 | Vmin 0.3415 | agree +0.472 | a*_q05 -0.00638 | a*_q50 0.00320 | dV>=0 0.325 | beta 0.1000
  bell | direct viol 0.469 | direct dV>=0 0.416 | d_mean +0.00047 | d_std 0.02296 | d_q95 0.04450
[Episode 139/400] Steps: 720 | Reward:   -5.27 | Battery:  70.22% | Loss: 0.0645
Placing Sensors
[Episode 140/400] Steps: 137 | Reward:  -17.41 | Battery:   0.00% | Loss: 
Placing Sensors
[Episode 141/400] Steps: 720 | Reward:   -4.45 | Battery:  69.34% | Loss: 
Placing Sensors
Policy 0.0069 | Value 0.0166 | KL 0.01226 | CF 0.1616 | Std 0.1102 | |a| 0.0185 | Alpha 0.0340 | MB 28/28
  cert | viol 0.103 | dV -0.249907 | V 0.3438 | inball 0.304 | a*_q05 0.00002 | a*_q50 0.02505 | dV>=0 0.063 | n=150 | a_used 0.00201 -> 0.00214
  crit | n=1 | viol 0.561 | V 0.8440 | Vmin 0.3301 | agree +0.724 | a*_q05 -0.00631 | a*_q50 0.00123 | dV>=0 0.390 | beta 0.1000
  bell | direct viol 0.482 | direct dV>=0 0.440 | d_mean +0.00042 | d_std 0.03171 | d_q95 0.06190
[Episode 142/400] Steps: 720 | Reward:   -6.86 | Battery:  62.39% | Loss: 0.0690
Placing Sensors
[Episode 143/400] Steps: 720 | Reward:   -3.29 | Battery:  67.54% | Loss: 
Placing Sensors
Policy -0.0068 | Value 0.0062 | KL 0.00542 | CF 0.0682 | Std 0.1102 | |a| 0.0164 | Alpha 0.0315 | MB 24/24
  cert | viol 0.055 | dV -0.191613 | V 0.2645 | inball 0.519 | a*_q05 0.00201 | a*_q50 0.02773 | dV>=0 0.000 | n=150 | a_used 0.00214 -> 0.00223
  crit | n=1 | viol 0.647 | V 0.6730 | Vmin 0.2830 | agree +0.596 | a*_q05 -0.00655 | a*_q50 0.00041 | dV>=0 0.460 | beta 0.1000
  bell | direct viol 0.491 | direct dV>=0 0.438 | d_mean +0.00172 | d_std 0.02498 | d_q95 0.04759
[Episode 144/400] Steps: 720 | Reward:   -4.77 | Battery:  82.33% | Loss: 0.1383
Placing Sensors
[Episode 145/400] Steps:  70 | Reward:  -17.57 | Battery:   0.00% | Loss: 
Placing Sensors
[Episode 146/400] Steps: 720 | Reward:   -6.30 | Battery:  68.93% | Loss: 
Placing Sensors
Policy -0.0110 | Value 0.0094 | KL 0.00893 | CF 0.1134 | Std 0.1102 | |a| 0.0206 | Alpha 0.0291 | MB 24/24
  cert | viol 0.110 | dV -0.275524 | V 0.3982 | inball 0.412 | a*_q05 0.00030 | a*_q50 0.02228 | dV>=0 0.049 | n=150 | a_used 0.00223 -> 0.00213
  crit | n=1 | viol 0.369 | V 0.7834 | Vmin 0.2799 | agree +0.619 | a*_q05 -0.00645 | a*_q50 0.00413 | dV>=0 0.264 | beta 0.1000
  bell | direct viol 0.519 | direct dV>=0 0.464 | d_mean -0.00137 | d_std 0.02975 | d_q95 0.05385
[Episode 147/400] Steps: 720 | Reward:   -5.33 | Battery:  78.65% | Loss: -0.0208
Placing Sensors
[Episode 148/400] Steps: 720 | Reward:   -5.56 | Battery:  65.59% | Loss: 
Placing Sensors
Policy -0.0113 | Value 0.0059 | KL 0.00511 | CF 0.0577 | Std 0.1103 | |a| 0.0202 | Alpha 0.0269 | MB 24/24
  cert | viol 0.037 | dV -0.228050 | V 0.3067 | inball 0.423 | a*_q05 0.00275 | a*_q50 0.02509 | dV>=0 0.006 | n=150 | a_used 0.00213 -> 0.00216
  crit | n=1 | viol 0.524 | V 0.7704 | Vmin 0.2982 | agree +0.424 | a*_q05 -0.00611 | a*_q50 0.00171 | dV>=0 0.390 | beta 0.1000
  bell | direct viol 0.489 | direct dV>=0 0.434 | d_mean +0.00108 | d_std 0.02548 | d_q95 0.05384
[Episode 149/400] Steps: 720 | Reward:   -4.91 | Battery:  62.09% | Loss: 0.0909
Placing Sensors
[Episode 150/400] Steps: 720 | Reward:   -4.56 | Battery:  81.46% | Loss: 
Placing Sensors
Policy -0.0071 | Value 0.0059 | KL 0.01285 | CF 0.1586 | Std 0.1103 | |a| 0.0306 | Alpha 0.0249 | MB 24/24
  cert | viol 0.108 | dV -0.205035 | V 0.2897 | inball 0.435 | a*_q05 -0.00268 | a*_q50 0.02439 | dV>=0 0.050 | n=150 | a_used 0.00216 -> 0.00213
  crit | n=1 | viol 0.652 | V 0.7882 | Vmin 0.3196 | agree +0.452 | a*_q05 -0.00690 | a*_q50 -0.00028 | dV>=0 0.519 | beta 0.1000
  bell | direct viol 0.487 | direct dV>=0 0.430 | d_mean +0.00142 | d_std 0.02302 | d_q95 0.04694
[Episode 151/400] Steps: 720 | Reward:   -5.32 | Battery:  65.73% | Loss: 0.0061
Placing Sensors
[Episode 152/400] Steps: 720 | Reward:   -2.64 | Battery:  70.24% | Loss: 
Placing Sensors
Policy -0.0003 | Value 0.0059 | KL 0.01057 | CF 0.1273 | Std 0.1103 | |a| 0.0258 | Alpha 0.0231 | MB 24/24
  cert | viol 0.046 | dV -0.231113 | V 0.2770 | inball 0.534 | a*_q05 0.00346 | a*_q50 0.03733 | dV>=0 0.004 | n=150 | a_used 0.00213 -> 0.00220
  crit | n=1 | viol 0.597 | V 0.6226 | Vmin 0.2526 | agree +0.293 | a*_q05 -0.00751 | a*_q50 0.00031 | dV>=0 0.480 | beta 0.1000
  bell | direct viol 0.484 | direct dV>=0 0.461 | d_mean +0.00086 | d_std 0.03069 | d_q95 0.06110
[Episode 153/400] Steps: 720 | Reward:   -4.97 | Battery:  60.95% | Loss: 0.1212
Placing Sensors
[Episode 154/400] Steps: 720 | Reward:   -3.88 | Battery:  68.16% | Loss: 
Placing Sensors
Policy -0.0027 | Value 0.0060 | KL 0.00983 | CF 0.1140 | Std 0.1103 | |a| 0.0198 | Alpha 0.0214 | MB 24/24
  cert | viol 0.007 | dV -0.340064 | V 0.3707 | inball 0.577 | a*_q05 0.00921 | a*_q50 0.03810 | dV>=0 0.000 | n=150 | a_used 0.00220 -> 0.00234
  crit | n=1 | viol 0.344 | V 0.6103 | Vmin 0.2639 | agree +0.553 | a*_q05 -0.00757 | a*_q50 0.00511 | dV>=0 0.293 | beta 0.1000
  bell | direct viol 0.455 | direct dV>=0 0.429 | d_mean +0.00065 | d_std 0.02807 | d_q95 0.05787
[Episode 155/400] Steps: 720 | Reward:   -4.65 | Battery:  82.97% | Loss: 0.2029
Placing Sensors
[Episode 156/400] Steps: 720 | Reward:   -5.36 | Battery:  80.42% | Loss: 
Placing Sensors
Policy -0.0060 | Value 0.0048 | KL 0.01483 | CF 0.1676 | Std 0.1103 | |a| 0.0237 | Alpha 0.0198 | MB 24/24
  cert | viol 0.073 | dV -0.237969 | V 0.3205 | inball 0.462 | a*_q05 0.00165 | a*_q50 0.02484 | dV>=0 0.031 | n=150 | a_used 0.00234 -> 0.00227
  crit | n=1 | viol 0.304 | V 0.6363 | Vmin 0.2733 | agree +0.513 | a*_q05 -0.00484 | a*_q50 0.00541 | dV>=0 0.186 | beta 0.1000
  bell | direct viol 0.489 | direct dV>=0 0.451 | d_mean -0.00114 | d_std 0.03311 | d_q95 0.06716
[Episode 157/400] Steps: 720 | Reward:   -4.90 | Battery:  75.61% | Loss: 0.0370
Placing Sensors
[Episode 158/400] Steps: 720 | Reward:   -4.89 | Battery:  78.28% | Loss: 
Placing Sensors
[Episode 159/400] Steps: 109 | Reward:  -17.48 | Battery:   0.00% | Loss: 
Placing Sensors
Policy -0.0425 | Value 0.0174 | KL 0.01281 | CF 0.1527 | Std 0.1103 | |a| 0.0264 | Alpha 0.0182 | MB 28/28
  cert | viol 0.034 | dV -0.201379 | V 0.2617 | inball 0.462 | a*_q05 0.00442 | a*_q50 0.02504 | dV>=0 0.010 | n=150 | a_used 0.00227 -> 0.00236
  crit | n=1 | viol 0.372 | V 0.6985 | Vmin 0.3114 | agree +0.487 | a*_q05 -0.00436 | a*_q50 0.00391 | dV>=0 0.228 | beta 0.1000
  bell | direct viol 0.496 | direct dV>=0 0.473 | d_mean -0.00002 | d_std 0.03988 | d_q95 0.08356
[Episode 160/400] Steps: 720 | Reward:   -4.46 | Battery:  66.27% | Loss: 0.0149
Placing Sensors
[Episode 161/400] Steps: 720 | Reward:   -3.00 | Battery:  76.80% | Loss: 
Placing Sensors
Policy -0.0032 | Value 0.0062 | KL 0.01379 | CF 0.1613 | Std 0.1103 | |a| 0.0196 | Alpha 0.0169 | MB 24/24
  cert | viol 0.006 | dV -0.226160 | V 0.2635 | inball 0.529 | a*_q05 0.00521 | a*_q50 0.03481 | dV>=0 0.000 | n=150 | a_used 0.00236 -> 0.00245
  crit | n=1 | viol 0.669 | V 0.6433 | Vmin 0.2885 | agree +0.512 | a*_q05 -0.00656 | a*_q50 0.00006 | dV>=0 0.495 | beta 0.1000
  bell | direct viol 0.475 | direct dV>=0 0.448 | d_mean +0.00259 | d_std 0.03754 | d_q95 0.07778
[Episode 162/400] Steps: 720 | Reward:   -4.33 | Battery:  61.70% | Loss: -0.0828
Placing Sensors
[Episode 163/400] Steps: 720 | Reward:   -4.76 | Battery:  67.15% | Loss: 
Placing Sensors
Policy -0.0156 | Value 0.0036 | KL 0.00914 | CF 0.1170 | Std 0.1103 | |a| 0.0223 | Alpha 0.0156 | MB 24/24
  cert | viol 0.022 | dV -0.230519 | V 0.2857 | inball 0.423 | a*_q05 0.00374 | a*_q50 0.02724 | dV>=0 0.000 | n=150 | a_used 0.00245 -> 0.00250
  crit | n=1 | viol 0.550 | V 0.6979 | Vmin 0.3012 | agree +0.458 | a*_q05 -0.00551 | a*_q50 0.00154 | dV>=0 0.422 | beta 0.1000
  bell | direct viol 0.492 | direct dV>=0 0.466 | d_mean +0.00025 | d_std 0.03232 | d_q95 0.06368
[Episode 164/400] Steps: 720 | Reward:   -5.06 | Battery:  53.74% | Loss: -0.1345
Placing Sensors
[Episode 165/400] Steps: 720 | Reward:   -3.23 | Battery:  82.59% | Loss: 
Placing Sensors
Policy -0.0032 | Value 0.0052 | KL 0.01008 | CF 0.1281 | Std 0.1103 | |a| 0.0199 | Alpha 0.0145 | MB 24/24
  cert | viol 0.010 | dV -0.218250 | V 0.2532 | inball 0.559 | a*_q05 0.00595 | a*_q50 0.03223 | dV>=0 0.000 | n=150 | a_used 0.00250 -> 0.00262
  crit | n=1 | viol 0.448 | V 0.5366 | Vmin 0.1830 | agree +0.448 | a*_q05 -0.00694 | a*_q50 0.00336 | dV>=0 0.338 | beta 0.1000
  bell | direct viol 0.499 | direct dV>=0 0.465 | d_mean -0.00015 | d_std 0.02582 | d_q95 0.05191
[Episode 166/400] Steps: 720 | Reward:   -3.84 | Battery:  63.09% | Loss: 0.1861
Placing Sensors
[Episode 167/400] Steps: 720 | Reward:   -5.13 | Battery:  77.97% | Loss: 
Placing Sensors
Policy -0.0134 | Value 0.0050 | KL 0.00868 | CF 0.1192 | Std 0.1103 | |a| 0.0226 | Alpha 0.0134 | MB 24/24
  cert | viol 0.007 | dV -0.269193 | V 0.3196 | inball 0.434 | a*_q05 0.00522 | a*_q50 0.02856 | dV>=0 0.000 | n=150 | a_used 0.00262 -> 0.00267
  crit | n=1 | viol 0.514 | V 0.6798 | Vmin 0.2567 | agree +0.413 | a*_q05 -0.00649 | a*_q50 0.00236 | dV>=0 0.370 | beta 0.1000
  bell | direct viol 0.481 | direct dV>=0 0.449 | d_mean -0.00002 | d_std 0.02933 | d_q95 0.06087
[Episode 168/400] Steps: 720 | Reward:   -4.81 | Battery:  53.19% | Loss: 0.0024
Placing Sensors
[Episode 169/400] Steps: 720 | Reward:   -5.94 | Battery:  78.56% | Loss: 
Placing Sensors
Policy -0.0134 | Value 0.0066 | KL 0.01252 | CF 0.1366 | Std 0.1103 | |a| 0.0237 | Alpha 0.0124 | MB 24/24
  cert | viol 0.070 | dV -0.293566 | V 0.3745 | inball 0.561 | a*_q05 0.00207 | a*_q50 0.03294 | dV>=0 0.034 | n=150 | a_used 0.00267 -> 0.00266
  crit | n=1 | viol 0.433 | V 0.6306 | Vmin 0.2331 | agree +0.513 | a*_q05 -0.00620 | a*_q50 0.00414 | dV>=0 0.321 | beta 0.1000
  bell | direct viol 0.507 | direct dV>=0 0.475 | d_mean -0.00059 | d_std 0.03677 | d_q95 0.07108
[Episode 170/400] Steps: 720 | Reward:   -3.32 | Battery:  72.67% | Loss: 0.0043
Placing Sensors
[Episode 171/400] Steps: 720 | Reward:   -5.37 | Battery:  78.44% | Loss: 
Placing Sensors
Policy 0.0003 | Value 0.0078 | KL 0.01389 | CF 0.1590 | Std 0.1103 | |a| 0.0262 | Alpha 0.0115 | MB 24/24
  cert | viol 0.020 | dV -0.271455 | V 0.3535 | inball 0.461 | a*_q05 0.00340 | a*_q50 0.02467 | dV>=0 0.000 | n=150 | a_used 0.00266 -> 0.00272
  crit | n=1 | viol 0.367 | V 0.6512 | Vmin 0.2287 | agree +0.489 | a*_q05 -0.00594 | a*_q50 0.00481 | dV>=0 0.250 | beta 0.1000
  bell | direct viol 0.501 | direct dV>=0 0.474 | d_mean -0.00146 | d_std 0.03646 | d_q95 0.07575
[Episode 172/400] Steps: 720 | Reward:   -5.01 | Battery:  67.91% | Loss: 0.0233
Placing Sensors
[Episode 173/400] Steps: 720 | Reward:   -5.72 | Battery:  78.40% | Loss: 
Placing Sensors
Policy 0.0008 | Value 0.0067 | KL 0.01529 | CF 0.1824 | Std 0.1103 | |a| 0.0255 | Alpha 0.0107 | MB 24/24
  cert | viol 0.219 | dV -0.191245 | V 0.3126 | inball 0.437 | a*_q05 0.00093 | a*_q50 0.01631 | dV>=0 0.000 | n=150 | a_used 0.00272 -> 0.00263
  crit | n=1 | viol 0.288 | V 0.5939 | Vmin 0.2231 | agree +0.567 | a*_q05 -0.00382 | a*_q50 0.00689 | dV>=0 0.132 | beta 0.1000
  bell | direct viol 0.492 | direct dV>=0 0.465 | d_mean -0.00196 | d_std 0.03440 | d_q95 0.07074
[Episode 174/400] Steps: 720 | Reward:   -4.98 | Battery:  85.06% | Loss: 0.0579
Placing Sensors
[Episode 175/400] Steps:  74 | Reward:  -17.71 | Battery:   0.00% | Loss: 
Placing Sensors
[Episode 176/400] Steps: 720 | Reward:   -4.55 | Battery:  58.25% | Loss: 
Placing Sensors
Policy -0.0055 | Value 0.0184 | KL 0.01113 | CF 0.1203 | Std 0.1103 | |a| 0.0207 | Alpha 0.0100 | MB 24/24
  cert | viol 0.114 | dV -0.205315 | V 0.2374 | inball 0.434 | a*_q05 -0.01826 | a*_q50 0.03272 | dV>=0 0.114 | n=150 | a_used 0.00263 -> 0.00250
  crit | n=1 | viol 0.623 | V 0.6197 | Vmin 0.1996 | agree +0.617 | a*_q05 -0.00726 | a*_q50 0.00096 | dV>=0 0.447 | beta 0.1000
  bell | direct viol 0.494 | direct dV>=0 0.473 | d_mean +0.00050 | d_std 0.04635 | d_q95 0.09296
[Episode 177/400] Steps: 720 | Reward:   -3.16 | Battery:  73.52% | Loss: 0.0333
Placing Sensors
[Episode 178/400] Steps: 720 | Reward:   -5.19 | Battery:  87.84% | Loss: 
Placing Sensors
Policy -0.0130 | Value 0.0061 | KL 0.00908 | CF 0.1156 | Std 0.1103 | |a| 0.0293 | Alpha 0.0100 | MB 24/24
  cert | viol 0.024 | dV -0.252296 | V 0.3285 | inball 0.493 | a*_q05 0.00448 | a*_q50 0.02301 | dV>=0 0.003 | n=150 | a_used 0.00250 -> 0.00252
  crit | n=1 | viol 0.277 | V 0.5789 | Vmin 0.1817 | agree +0.738 | a*_q05 -0.00191 | a*_q50 0.00535 | dV>=0 0.112 | beta 0.1000
  bell | direct viol 0.476 | direct dV>=0 0.459 | d_mean -0.00091 | d_std 0.04303 | d_q95 0.08887
[Episode 179/400] Steps: 720 | Reward:   -4.65 | Battery:  84.21% | Loss: -0.0114
Placing Sensors
[Episode 180/400] Steps: 720 | Reward:   -4.26 | Battery:  69.70% | Loss: 
Placing Sensors
[Episode 181/400] Steps:  89 | Reward:  -17.56 | Battery:   0.00% | Loss: 
Placing Sensors
Policy 0.0011 | Value 0.0092 | KL 0.01711 | CF 0.1550 | Std 0.1103 | |a| 0.0248 | Alpha 0.0100 | MB 24/24
  cert | viol 0.015 | dV -0.226605 | V 0.2864 | inball 0.390 | a*_q05 0.00407 | a*_q50 0.02601 | dV>=0 0.000 | n=150 | a_used 0.00252 -> 0.00259
  crit | n=1 | viol 0.513 | V 0.6638 | Vmin 0.2405 | agree +0.742 | a*_q05 -0.00486 | a*_q50 0.00239 | dV>=0 0.334 | beta 0.1000
  bell | direct viol 0.528 | direct dV>=0 0.498 | d_mean -0.00065 | d_std 0.04241 | d_q95 0.08382
[Episode 182/400] Steps: 720 | Reward:   -5.10 | Battery:  75.31% | Loss: 0.0244
Placing Sensors
[Episode 183/400] Steps: 720 | Reward:   -4.86 | Battery:  66.08% | Loss: 
Placing Sensors
Policy -0.0035 | Value 0.0074 | KL 0.02016 | CF 0.1719 | Std 0.1103 | |a| 0.0328 | Alpha 0.0100 | MB 12/24
  cert | viol 0.027 | dV -0.171389 | V 0.2246 | inball 0.429 | a*_q05 0.00338 | a*_q50 0.02312 | dV>=0 0.000 | n=150 | a_used 0.00259 -> 0.00260
  crit | n=1 | viol 0.617 | V 0.6711 | Vmin 0.2762 | agree +0.450 | a*_q05 -0.00627 | a*_q50 0.00130 | dV>=0 0.411 | beta 0.1000
  bell | direct viol 0.505 | direct dV>=0 0.483 | d_mean +0.00062 | d_std 0.03459 | d_q95 0.06745
[Episode 184/400] Steps: 720 | Reward:   -4.07 | Battery:  62.25% | Loss: -0.1242
Placing Sensors
[Episode 185/400] Steps: 720 | Reward:   -4.06 | Battery:  84.38% | Loss: 
Placing Sensors
[Episode 186/400] Steps: 163 | Reward:  -16.82 | Battery:   0.00% | Loss: 
Placing Sensors
[Episode 187/400] Steps:  69 | Reward:  -17.65 | Battery:   0.00% | Loss: 
Placing Sensors
Policy 0.0010 | Value 0.0234 | KL 0.01652 | CF 0.1852 | Std 0.1103 | |a| 0.0257 | Alpha 0.0100 | MB 28/28
  cert | viol 0.000 | dV -0.287691 | V 0.3246 | inball 0.520 | a*_q05 0.00715 | a*_q50 0.03583 | dV>=0 0.000 | n=150 | a_used 0.00260 -> 0.00273
  crit | n=1 | viol 0.459 | V 0.6701 | Vmin 0.2177 | agree +0.793 | a*_q05 -0.00641 | a*_q50 0.00316 | dV>=0 0.250 | beta 0.1000
  bell | direct viol 0.496 | direct dV>=0 0.471 | d_mean +0.00025 | d_std 0.04711 | d_q95 0.09556
[Episode 188/400] Steps: 720 | Reward:   -3.38 | Battery:  79.66% | Loss: 0.1366
Placing Sensors
[Episode 189/400] Steps: 720 | Reward:   -5.03 | Battery:  69.52% | Loss: 
Placing Sensors
Policy -0.0076 | Value 0.0064 | KL 0.00974 | CF 0.1037 | Std 0.1103 | |a| 0.0228 | Alpha 0.0100 | MB 24/24
  cert | viol 0.050 | dV -0.266639 | V 0.3285 | inball 0.469 | a*_q05 0.00351 | a*_q50 0.02960 | dV>=0 0.000 | n=150 | a_used 0.00273 -> 0.00283
  crit | n=1 | viol 0.527 | V 0.6695 | Vmin 0.2480 | agree +0.553 | a*_q05 -0.00609 | a*_q50 0.00230 | dV>=0 0.350 | beta 0.1000
  bell | direct viol 0.494 | direct dV>=0 0.470 | d_mean +0.00061 | d_std 0.03873 | d_q95 0.07559
[Episode 190/400] Steps: 720 | Reward:   -5.13 | Battery:  76.97% | Loss: 0.0387
Placing Sensors
[Episode 191/400] Steps: 720 | Reward:   -4.47 | Battery:  85.75% | Loss: 
Placing Sensors
Policy -0.0045 | Value 0.0059 | KL 0.00761 | CF 0.0862 | Std 0.1103 | |a| 0.0237 | Alpha 0.0100 | MB 24/24
  cert | viol 0.020 | dV -0.296145 | V 0.3461 | inball 0.611 | a*_q05 0.00558 | a*_q50 0.03337 | dV>=0 0.000 | n=150 | a_used 0.00283 -> 0.00296
  crit | n=1 | viol 0.428 | V 0.5382 | Vmin 0.1943 | agree +0.686 | a*_q05 -0.00598 | a*_q50 0.00406 | dV>=0 0.266 | beta 0.1000
  bell | direct viol 0.461 | direct dV>=0 0.434 | d_mean +0.00109 | d_std 0.03935 | d_q95 0.07640
[Episode 192/400] Steps: 720 | Reward:   -2.71 | Battery:  87.99% | Loss: -0.0944
Placing Sensors
[Episode 193/400] Steps: 720 | Reward:   -3.54 | Battery:  49.14% | Loss: 
Placing Sensors
Policy -0.0073 | Value 0.0070 | KL 0.01839 | CF 0.2078 | Std 0.1103 | |a| 0.0339 | Alpha 0.0100 | MB 24/24
  cert | viol 0.000 | dV -0.220102 | V 0.2472 | inball 0.476 | a*_q05 0.00733 | a*_q50 0.03640 | dV>=0 0.000 | n=150 | a_used 0.00296 -> 0.00308
  crit | n=1 | viol 0.717 | V 0.6920 | Vmin 0.2162 | agree +0.280 | a*_q05 -0.00663 | a*_q50 -0.00045 | dV>=0 0.536 | beta 0.1000
  bell | direct viol 0.531 | direct dV>=0 0.476 | d_mean +0.00112 | d_std 0.04600 | d_q95 0.09383
[Episode 194/400] Steps: 720 | Reward:   -5.21 | Battery:  49.32% | Loss: 0.0535
Placing Sensors
[Episode 195/400] Steps:  66 | Reward:  -17.53 | Battery:   0.00% | Loss: 
Placing Sensors
[Episode 196/400] Steps: 720 | Reward:   -6.38 | Battery:  66.06% | Loss: 
Placing Sensors
Policy -0.0070 | Value 0.0153 | KL 0.00744 | CF 0.0911 | Std 0.1103 | |a| 0.0219 | Alpha 0.0100 | MB 24/24
  cert | viol 0.057 | dV -0.259079 | V 0.3481 | inball 0.429 | a*_q05 0.00288 | a*_q50 0.02492 | dV>=0 0.013 | n=150 | a_used 0.00308 -> 0.00308
  crit | n=1 | viol 0.371 | V 0.7246 | Vmin 0.2489 | agree +0.649 | a*_q05 -0.00547 | a*_q50 0.00499 | dV>=0 0.216 | beta 0.1000
  bell | direct viol 0.491 | direct dV>=0 0.463 | d_mean -0.00039 | d_std 0.04231 | d_q95 0.08481
[Episode 197/400] Steps: 720 | Reward:   -3.91 | Battery:  77.12% | Loss: 0.0369
Placing Sensors
[Episode 198/400] Steps: 720 | Reward:   -3.12 | Battery:  73.32% | Loss: 
Placing Sensors
Policy -0.0033 | Value 0.0075 | KL 0.00756 | CF 0.0990 | Std 0.1103 | |a| 0.0241 | Alpha 0.0100 | MB 24/24
  cert | viol 0.000 | dV -0.272361 | V 0.2951 | inball 0.585 | a*_q05 0.01063 | a*_q50 0.03889 | dV>=0 0.000 | n=150 | a_used 0.00308 -> 0.00327
  crit | n=1 | viol 0.595 | V 0.5929 | Vmin 0.2038 | agree +0.541 | a*_q05 -0.00714 | a*_q50 0.00173 | dV>=0 0.395 | beta 0.1000
  bell | direct viol 0.479 | direct dV>=0 0.456 | d_mean +0.00213 | d_std 0.04258 | d_q95 0.08464
[Episode 199/400] Steps: 720 | Reward:   -4.50 | Battery:  75.25% | Loss: -0.0032
Placing Sensors
[Episode 200/400] Steps: 720 | Reward:   -4.45 | Battery:  70.65% | Loss: 
Placing Sensors
Policy -0.0162 | Value 0.0050 | KL 0.01217 | CF 0.1393 | Std 0.1103 | |a| 0.0284 | Alpha 0.0100 | MB 24/24
  cert | viol 0.000 | dV -0.224365 | V 0.2629 | inball 0.517 | a*_q05 0.00683 | a*_q50 0.03067 | dV>=0 0.000 | n=150 | a_used 0.00327 -> 0.00343
  crit | n=1 | viol 0.565 | V 0.5908 | Vmin 0.2175 | agree +0.455 | a*_q05 -0.00578 | a*_q50 0.00234 | dV>=0 0.378 | beta 0.1000
  bell | direct viol 0.500 | direct dV>=0 0.471 | d_mean +0.00062 | d_std 0.03853 | d_q95 0.08129
[Episode 201/400] Steps: 720 | Reward:   -3.57 | Battery:  70.16% | Loss: -0.0946
Placing Sensors
[Episode 202/400] Steps: 720 | Reward:   -3.82 | Battery:  63.40% | Loss: 
Placing Sensors
[Episode 203/400] Steps:  82 | Reward:  -17.65 | Battery:   0.00% | Loss: 
Placing Sensors
Policy -0.0081 | Value 0.0138 | KL 0.01324 | CF 0.1159 | Std 0.1103 | |a| 0.0268 | Alpha 0.0100 | MB 24/24
  cert | viol 0.000 | dV -0.245191 | V 0.2668 | inball 0.533 | a*_q05 0.00957 | a*_q50 0.03470 | dV>=0 0.000 | n=150 | a_used 0.00343 -> 0.00359
  crit | n=1 | viol 0.569 | V 0.6153 | Vmin 0.1873 | agree +0.549 | a*_q05 -0.00601 | a*_q50 0.00227 | dV>=0 0.374 | beta 0.1000
  bell | direct viol 0.492 | direct dV>=0 0.458 | d_mean +0.00048 | d_std 0.04406 | d_q95 0.09139
[Episode 204/400] Steps: 720 | Reward:   -3.05 | Battery:  71.18% | Loss: -0.0674
Placing Sensors
[Episode 205/400] Steps: 720 | Reward:   -3.32 | Battery:  72.98% | Loss: 
Placing Sensors
Policy -0.0060 | Value 0.0067 | KL 0.01608 | CF 0.1313 | Std 0.1103 | |a| 0.0226 | Alpha 0.0100 | MB 24/24
  cert | viol 0.075 | dV -0.243524 | V 0.3108 | inball 0.533 | a*_q05 0.00308 | a*_q50 0.03222 | dV>=0 0.000 | n=150 | a_used 0.00359 -> 0.00349
  crit | n=1 | viol 0.506 | V 0.5701 | Vmin 0.1726 | agree +0.428 | a*_q05 -0.00605 | a*_q50 0.00350 | dV>=0 0.348 | beta 0.1000
  bell | direct viol 0.525 | direct dV>=0 0.499 | d_mean -0.00034 | d_std 0.04581 | d_q95 0.09025
[Episode 206/400] Steps: 720 | Reward:   -4.96 | Battery:  67.82% | Loss: 0.0766
Placing Sensors
[Episode 207/400] Steps: 720 | Reward:   -4.74 | Battery:  77.26% | Loss: 
Placing Sensors
Policy -0.0123 | Value 0.0042 | KL 0.00845 | CF 0.0901 | Std 0.1102 | |a| 0.0255 | Alpha 0.0100 | MB 24/24
  cert | viol 0.004 | dV -0.244573 | V 0.2892 | inball 0.531 | a*_q05 0.00617 | a*_q50 0.02691 | dV>=0 0.000 | n=150 | a_used 0.00349 -> 0.00365
  crit | n=1 | viol 0.483 | V 0.5924 | Vmin 0.2033 | agree +0.646 | a*_q05 -0.00430 | a*_q50 0.00362 | dV>=0 0.249 | beta 0.1000
  bell | direct viol 0.499 | direct dV>=0 0.466 | d_mean +0.00072 | d_std 0.03553 | d_q95 0.06799
[Episode 208/400] Steps: 720 | Reward:   -4.01 | Battery:  80.60% | Loss: 0.0353
Placing Sensors
[Episode 209/400] Steps: 720 | Reward:   -4.31 | Battery:  76.99% | Loss: 
Placing Sensors
Policy -0.0044 | Value 0.0039 | KL 0.01570 | CF 0.1287 | Std 0.1102 | |a| 0.0243 | Alpha 0.0100 | MB 24/24
  cert | viol 0.025 | dV -0.237420 | V 0.2706 | inball 0.607 | a*_q05 0.00681 | a*_q50 0.03595 | dV>=0 0.000 | n=150 | a_used 0.00365 -> 0.00371
  crit | n=1 | viol 0.564 | V 0.4800 | Vmin 0.2079 | agree +0.511 | a*_q05 -0.00650 | a*_q50 0.00268 | dV>=0 0.367 | beta 0.1000
  bell | direct viol 0.491 | direct dV>=0 0.457 | d_mean +0.00073 | d_std 0.03577 | d_q95 0.06985
[Episode 210/400] Steps: 720 | Reward:   -2.44 | Battery:  75.85% | Loss: 0.0416
Placing Sensors
[Episode 211/400] Steps: 720 | Reward:   -4.35 | Battery:  77.20% | Loss: 
Placing Sensors
Policy -0.0099 | Value 0.0037 | KL 0.01439 | CF 0.1697 | Std 0.1102 | |a| 0.0270 | Alpha 0.0100 | MB 24/24
  cert | viol 0.000 | dV -0.245147 | V 0.2696 | inball 0.621 | a*_q05 0.00896 | a*_q50 0.03457 | dV>=0 0.000 | n=150 | a_used 0.00371 -> 0.00387
  crit | n=1 | viol 0.385 | V 0.4798 | Vmin 0.1711 | agree +0.543 | a*_q05 -0.00491 | a*_q50 0.00500 | dV>=0 0.180 | beta 0.1000
  bell | direct viol 0.484 | direct dV>=0 0.457 | d_mean +0.00107 | d_std 0.03354 | d_q95 0.06522
[Episode 212/400] Steps: 720 | Reward:   -2.31 | Battery:  85.93% | Loss: 0.0498
Placing Sensors
[Episode 213/400] Steps: 720 | Reward:   -3.10 | Battery:  75.92% | Loss: 
Placing Sensors
Policy -0.0020 | Value 0.0042 | KL 0.01542 | CF 0.1754 | Std 0.1102 | |a| 0.0271 | Alpha 0.0100 | MB 24/24
  cert | viol 0.022 | dV -0.297479 | V 0.3380 | inball 0.573 | a*_q05 0.00630 | a*_q50 0.03782 | dV>=0 0.000 | n=150 | a_used 0.00387 -> 0.00397
  crit | n=1 | viol 0.368 | V 0.4840 | Vmin 0.1636 | agree +0.441 | a*_q05 -0.00673 | a*_q50 0.00765 | dV>=0 0.276 | beta 0.1000
  bell | direct viol 0.490 | direct dV>=0 0.460 | d_mean -0.00041 | d_std 0.03136 | d_q95 0.06594
[Episode 214/400] Steps: 720 | Reward:   -4.75 | Battery:  76.80% | Loss: 0.1363
Placing Sensors
[Episode 215/400] Steps: 720 | Reward:   -3.44 | Battery:  86.72% | Loss: 
Placing Sensors
Policy 0.0021 | Value 0.0038 | KL 0.01858 | CF 0.2006 | Std 0.1101 | |a| 0.0328 | Alpha 0.0100 | MB 24/24
  cert | viol 0.040 | dV -0.247524 | V 0.2978 | inball 0.585 | a*_q05 0.00508 | a*_q50 0.02981 | dV>=0 0.000 | n=150 | a_used 0.00397 -> 0.00405
  crit | n=1 | viol 0.265 | V 0.4973 | Vmin 0.1902 | agree +0.506 | a*_q05 -0.00299 | a*_q50 0.00795 | dV>=0 0.127 | beta 0.1000
  bell | direct viol 0.502 | direct dV>=0 0.473 | d_mean -0.00111 | d_std 0.03240 | d_q95 0.06522
[Episode 216/400] Steps: 720 | Reward:   -3.86 | Battery:  83.06% | Loss: 0.2380
Placing Sensors
[Episode 217/400] Steps:  87 | Reward:  -17.50 | Battery:   0.00% | Loss: 
Placing Sensors
[Episode 218/400] Steps: 720 | Reward:   -4.07 | Battery:  69.02% | Loss: 
Placing Sensors
Policy -0.0059 | Value 0.0190 | KL 0.01071 | CF 0.1327 | Std 0.1101 | |a| 0.0343 | Alpha 0.0100 | MB 24/24
  cert | viol 0.000 | dV -0.227435 | V 0.2487 | inball 0.550 | a*_q05 0.00894 | a*_q50 0.03753 | dV>=0 0.000 | n=150 | a_used 0.00405 -> 0.00423
  crit | n=1 | viol 0.611 | V 0.6248 | Vmin 0.2145 | agree +0.618 | a*_q05 -0.00700 | a*_q50 0.00245 | dV>=0 0.330 | beta 0.1000
  bell | direct viol 0.520 | direct dV>=0 0.484 | d_mean +0.00119 | d_std 0.04465 | d_q95 0.08946
[Episode 219/400] Steps: 720 | Reward:   -2.87 | Battery:  69.99% | Loss: 0.1003
Placing Sensors
[Episode 220/400] Steps: 720 | Reward:   -5.22 | Battery:  48.14% | Loss: 
Placing Sensors
Policy -0.0150 | Value 0.0041 | KL 0.01253 | CF 0.1513 | Std 0.1101 | |a| 0.0361 | Alpha 0.0100 | MB 24/24
  cert | viol 0.012 | dV -0.236049 | V 0.2821 | inball 0.457 | a*_q05 0.00680 | a*_q50 0.02808 | dV>=0 0.000 | n=150 | a_used 0.00423 -> 0.00434
  crit | n=1 | viol 0.569 | V 0.6365 | Vmin 0.2059 | agree +0.537 | a*_q05 -0.00474 | a*_q50 0.00356 | dV>=0 0.287 | beta 0.1000
  bell | direct viol 0.510 | direct dV>=0 0.468 | d_mean +0.00077 | d_std 0.04152 | d_q95 0.07750
[Episode 221/400] Steps: 720 | Reward:   -3.95 | Battery:  77.45% | Loss: 0.0342
Placing Sensors
[Episode 222/400] Steps: 720 | Reward:   -2.34 | Battery:  83.81% | Loss: 
Placing Sensors
Policy -0.0136 | Value 0.0088 | KL 0.01585 | CF 0.1725 | Std 0.1101 | |a| 0.0291 | Alpha 0.0100 | MB 24/24
  cert | viol 0.050 | dV -0.252049 | V 0.3083 | inball 0.582 | a*_q05 0.00501 | a*_q50 0.02922 | dV>=0 0.000 | n=150 | a_used 0.00434 -> 0.00443
  crit | n=1 | viol 0.365 | V 0.4996 | Vmin 0.1902 | agree +0.533 | a*_q05 -0.00470 | a*_q50 0.00664 | dV>=0 0.140 | beta 0.1000
  bell | direct viol 0.499 | direct dV>=0 0.468 | d_mean -0.00173 | d_std 0.03419 | d_q95 0.06740
[Episode 223/400] Steps: 720 | Reward:   -5.07 | Battery:  84.96% | Loss: -0.1005
Placing Sensors
[Episode 224/400] Steps: 720 | Reward:   -3.95 | Battery:  81.92% | Loss: 
Placing Sensors
Policy -0.0087 | Value 0.0033 | KL 0.01359 | CF 0.1807 | Std 0.1101 | |a| 0.0317 | Alpha 0.0100 | MB 24/24
  cert | viol 0.002 | dV -0.207006 | V 0.2332 | inball 0.546 | a*_q05 0.00922 | a*_q50 0.02831 | dV>=0 0.000 | n=150 | a_used 0.00443 -> 0.00461
  crit | n=1 | viol 0.538 | V 0.5284 | Vmin 0.1902 | agree +0.638 | a*_q05 -0.00286 | a*_q50 0.00398 | dV>=0 0.185 | beta 0.1000
  bell | direct viol 0.509 | direct dV>=0 0.466 | d_mean +0.00065 | d_std 0.02859 | d_q95 0.05470
[Episode 225/400] Steps: 720 | Reward:   -3.79 | Battery:  79.19% | Loss: -0.0606
Placing Sensors
[Episode 226/400] Steps: 720 | Reward:   -2.89 | Battery:  87.64% | Loss: 
Placing Sensors
Policy -0.0089 | Value 0.0025 | KL 0.01050 | CF 0.1130 | Std 0.1101 | |a| 0.0310 | Alpha 0.0100 | MB 24/24
  cert | viol 0.000 | dV -0.240093 | V 0.2636 | inball 0.645 | a*_q05 0.00892 | a*_q50 0.03724 | dV>=0 0.000 | n=150 | a_used 0.00461 -> 0.00476
  crit | n=1 | viol 0.471 | V 0.4811 | Vmin 0.2097 | agree +0.500 | a*_q05 -0.00678 | a*_q50 0.00505 | dV>=0 0.230 | beta 0.1000
  bell | direct viol 0.495 | direct dV>=0 0.448 | d_mean +0.00078 | d_std 0.02923 | d_q95 0.05840
[Episode 227/400] Steps: 720 | Reward:   -3.17 | Battery:  81.52% | Loss: 0.0364
Placing Sensors
[Episode 228/400] Steps: 720 | Reward:   -3.97 | Battery:  79.70% | Loss: 
Placing Sensors
Policy -0.0016 | Value 0.0031 | KL 0.01550 | CF 0.1362 | Std 0.1101 | |a| 0.0362 | Alpha 0.0100 | MB 24/24
  cert | viol 0.010 | dV -0.232716 | V 0.2680 | inball 0.569 | a*_q05 0.00729 | a*_q50 0.02959 | dV>=0 0.000 | n=150 | a_used 0.00476 -> 0.00489
  crit | n=1 | viol 0.643 | V 0.4964 | Vmin 0.1894 | agree +0.834 | a*_q05 -0.00257 | a*_q50 0.00349 | dV>=0 0.199 | beta 0.1000
  bell | direct viol 0.476 | direct dV>=0 0.422 | d_mean +0.00022 | d_std 0.02538 | d_q95 0.04915
[Episode 229/400] Steps: 720 | Reward:   -3.63 | Battery:  88.33% | Loss: 0.0537
Placing Sensors
[Episode 230/400] Steps: 720 | Reward:   -3.91 | Battery:  62.52% | Loss: 
Placing Sensors
Policy -0.0110 | Value 0.0039 | KL 0.01359 | CF 0.1539 | Std 0.1100 | |a| 0.0394 | Alpha 0.0100 | MB 24/24
  cert | viol 0.000 | dV -0.263497 | V 0.2825 | inball 0.582 | a*_q05 0.01018 | a*_q50 0.03825 | dV>=0 0.000 | n=150 | a_used 0.00489 -> 0.00505
  crit | n=1 | viol 0.645 | V 0.5160 | Vmin 0.1823 | agree +0.377 | a*_q05 -0.00705 | a*_q50 0.00228 | dV>=0 0.409 | beta 0.1000
  bell | direct viol 0.519 | direct dV>=0 0.483 | d_mean +0.00017 | d_std 0.03894 | d_q95 0.07642
[Episode 231/400] Steps: 720 | Reward:   -2.91 | Battery:  80.80% | Loss: -0.0648
Placing Sensors
[Episode 232/400] Steps: 720 | Reward:   -4.39 | Battery:  79.55% | Loss: 
Placing Sensors
Policy -0.0087 | Value 0.0038 | KL 0.02033 | CF 0.1712 | Std 0.1099 | |a| 0.0352 | Alpha 0.0100 | MB 24/24
  cert | viol 0.091 | dV -0.204822 | V 0.2549 | inball 0.457 | a*_q05 0.00379 | a*_q50 0.02617 | dV>=0 0.000 | n=150 | a_used 0.00505 -> 0.00509
  crit | n=1 | viol 0.498 | V 0.5634 | Vmin 0.2511 | agree +0.484 | a*_q05 -0.00460 | a*_q50 0.00509 | dV>=0 0.232 | beta 0.1000
  bell | direct viol 0.515 | direct dV>=0 0.468 | d_mean -0.00074 | d_std 0.03501 | d_q95 0.07025
[Episode 233/400] Steps: 720 | Reward:   -4.51 | Battery:  70.89% | Loss: -0.1303
Placing Sensors
[Episode 234/400] Steps: 720 | Reward:   -2.78 | Battery:  79.41% | Loss: 
Placing Sensors
Policy -0.0125 | Value 0.0019 | KL 0.01014 | CF 0.1305 | Std 0.1099 | |a| 0.0374 | Alpha 0.0100 | MB 24/24
  cert | viol 0.008 | dV -0.202580 | V 0.2300 | inball 0.616 | a*_q05 0.00706 | a*_q50 0.03606 | dV>=0 0.000 | n=150 | a_used 0.00509 -> 0.00518
  crit | n=1 | viol 0.737 | V 0.4886 | Vmin 0.2012 | agree +0.546 | a*_q05 -0.00558 | a*_q50 0.00286 | dV>=0 0.265 | beta 0.1000
  bell | direct viol 0.534 | direct dV>=0 0.481 | d_mean +0.00101 | d_std 0.02775 | d_q95 0.05644
[Episode 235/400] Steps: 720 | Reward:   -3.17 | Battery:  80.41% | Loss: 0.0843
Placing Sensors
[Episode 236/400] Steps: 720 | Reward:   -4.95 | Battery:  83.13% | Loss: 
Placing Sensors
Policy -0.0099 | Value 0.0044 | KL 0.01533 | CF 0.1697 | Std 0.1099 | |a| 0.0363 | Alpha 0.0100 | MB 24/24
  cert | viol 0.135 | dV -0.287387 | V 0.3690 | inball 0.560 | a*_q05 0.00306 | a*_q50 0.02880 | dV>=0 0.000 | n=150 | a_used 0.00518 -> 0.00522
  crit | n=1 | viol 0.340 | V 0.5168 | Vmin 0.1778 | agree +0.672 | a*_q05 -0.00536 | a*_q50 0.00781 | dV>=0 0.168 | beta 0.1000
  bell | direct viol 0.507 | direct dV>=0 0.450 | d_mean -0.00169 | d_std 0.03805 | d_q95 0.07718
[Episode 237/400] Steps: 720 | Reward:   -3.75 | Battery:  82.17% | Loss: -0.1033
Placing Sensors
[Episode 238/400] Steps: 720 | Reward:   -3.60 | Battery:  83.98% | Loss: 
Placing Sensors
Policy -0.0063 | Value 0.0050 | KL 0.02069 | CF 0.2063 | Std 0.1099 | |a| 0.0384 | Alpha 0.0100 | MB 24/24
  cert | viol 0.095 | dV -0.323013 | V 0.3911 | inball 0.560 | a*_q05 0.00401 | a*_q50 0.03228 | dV>=0 0.000 | n=150 | a_used 0.00522 -> 0.00510
  crit | n=1 | viol 0.325 | V 0.4955 | Vmin 0.1703 | agree +0.640 | a*_q05 -0.00481 | a*_q50 0.00915 | dV>=0 0.165 | beta 0.1000
  bell | direct viol 0.508 | direct dV>=0 0.467 | d_mean -0.00222 | d_std 0.03953 | d_q95 0.08008
[Episode 239/400] Steps: 720 | Reward:   -5.09 | Battery:  81.93% | Loss: -0.0722
Placing Sensors
[Episode 240/400] Steps: 720 | Reward:   -3.03 | Battery:  77.29% | Loss: 
Placing Sensors
Policy -0.0030 | Value 0.0032 | KL 0.02111 | CF 0.2110 | Std 0.1099 | |a| 0.0407 | Alpha 0.0100 | MB 18/24
  cert | viol 0.000 | dV -0.261174 | V 0.2848 | inball 0.606 | a*_q05 0.00922 | a*_q50 0.03825 | dV>=0 0.000 | n=150 | a_used 0.00510 -> 0.00527
  crit | n=1 | viol 0.548 | V 0.4855 | Vmin 0.1747 | agree +0.477 | a*_q05 -0.00618 | a*_q50 0.00395 | dV>=0 0.343 | beta 0.1000
  bell | direct viol 0.490 | direct dV>=0 0.458 | d_mean +0.00043 | d_std 0.04630 | d_q95 0.09457
[Episode 241/400] Steps: 720 | Reward:   -3.61 | Battery:  75.84% | Loss: -0.0652
Placing Sensors
[Episode 242/400] Steps: 720 | Reward:   -3.06 | Battery:  79.85% | Loss: 
Placing Sensors
Policy 0.0007 | Value 0.0029 | KL 0.01921 | CF 0.2280 | Std 0.1099 | |a| 0.0393 | Alpha 0.0100 | MB 24/24
  cert | viol 0.000 | dV -0.226098 | V 0.2408 | inball 0.646 | a*_q05 0.01100 | a*_q50 0.03707 | dV>=0 0.000 | n=150 | a_used 0.00527 -> 0.00544
  crit | n=1 | viol 0.816 | V 0.4544 | Vmin 0.1734 | agree +0.567 | a*_q05 -0.00661 | a*_q50 0.00169 | dV>=0 0.365 | beta 0.1000
  bell | direct viol 0.490 | direct dV>=0 0.438 | d_mean +0.00172 | d_std 0.02783 | d_q95 0.05607
[Episode 243/400] Steps: 720 | Reward:   -2.64 | Battery:  79.05% | Loss: 0.1622
Placing Sensors
[Episode 244/400] Steps: 720 | Reward:   -3.14 | Battery:  84.27% | Loss: 
Placing Sensors
Policy 0.0009 | Value 0.0023 | KL 0.02042 | CF 0.2076 | Std 0.1099 | |a| 0.0432 | Alpha 0.0100 | MB 12/24
  cert | viol 0.054 | dV -0.214110 | V 0.2583 | inball 0.579 | a*_q05 0.00566 | a*_q50 0.02994 | dV>=0 0.000 | n=150 | a_used 0.00544 -> 0.00545
  crit | n=1 | viol 0.470 | V 0.4388 | Vmin 0.1621 | agree +0.729 | a*_q05 -0.00136 | a*_q50 0.00578 | dV>=0 0.069 | beta 0.1000
  bell | direct viol 0.495 | direct dV>=0 0.445 | d_mean -0.00024 | d_std 0.02630 | d_q95 0.05275
[Episode 245/400] Steps: 720 | Reward:   -3.79 | Battery:  86.21% | Loss: 0.0261
Placing Sensors
[Episode 246/400] Steps: 720 | Reward:   -3.14 | Battery:  81.90% | Loss: 
Placing Sensors
Policy 0.0017 | Value 0.0049 | KL 0.02994 | CF 0.2623 | Std 0.1100 | |a| 0.0470 | Alpha 0.0100 | MB 18/24
  cert | viol 0.006 | dV -0.261107 | V 0.2871 | inball 0.563 | a*_q05 0.00902 | a*_q50 0.03290 | dV>=0 0.000 | n=150 | a_used 0.00545 -> 0.00562
  crit | n=1 | viol 0.742 | V 0.5865 | Vmin 0.2181 | agree +0.565 | a*_q05 -0.00721 | a*_q50 0.00139 | dV>=0 0.419 | beta 0.1000
  bell | direct viol 0.537 | direct dV>=0 0.487 | d_mean +0.00126 | d_std 0.03494 | d_q95 0.07178
[Episode 247/400] Steps: 720 | Reward:   -4.80 | Battery:  65.56% | Loss: 0.0156
Placing Sensors
[Episode 248/400] Steps: 720 | Reward:   -4.74 | Battery:  76.86% | Loss: 
Placing Sensors
Policy 0.0049 | Value 0.0040 | KL 0.02966 | CF 0.2988 | Std 0.1100 | |a| 0.0400 | Alpha 0.0100 | MB 12/24
  cert | viol 0.058 | dV -0.241441 | V 0.2827 | inball 0.613 | a*_q05 0.00606 | a*_q50 0.03412 | dV>=0 0.000 | n=150 | a_used 0.00562 -> 0.00558
  crit | n=1 | viol 0.533 | V 0.4789 | Vmin 0.2183 | agree +0.563 | a*_q05 -0.00508 | a*_q50 0.00510 | dV>=0 0.213 | beta 0.1000
  bell | direct viol 0.524 | direct dV>=0 0.488 | d_mean -0.00029 | d_std 0.04075 | d_q95 0.08248
[Episode 249/400] Steps: 720 | Reward:   -2.20 | Battery:  83.76% | Loss: -0.0221
Placing Sensors
[Episode 250/400] Steps: 720 | Reward:   -4.99 | Battery:  82.11% | Loss: 
Placing Sensors
Policy -0.0044 | Value 0.0032 | KL 0.01997 | CF 0.1986 | Std 0.1100 | |a| 0.0365 | Alpha 0.0100 | MB 24/24
  cert | viol 0.051 | dV -0.275211 | V 0.3299 | inball 0.557 | a*_q05 0.00573 | a*_q50 0.03185 | dV>=0 0.000 | n=150 | a_used 0.00558 -> 0.00559
  crit | n=1 | viol 0.392 | V 0.5123 | Vmin 0.1897 | agree +0.727 | a*_q05 -0.00592 | a*_q50 0.00680 | dV>=0 0.190 | beta 0.1000
  bell | direct viol 0.497 | direct dV>=0 0.440 | d_mean -0.00038 | d_std 0.03354 | d_q95 0.06713
[Episode 251/400] Steps: 720 | Reward:   -3.40 | Battery:  81.90% | Loss: -0.0147
Placing Sensors
[Episode 252/400] Steps: 720 | Reward:   -3.65 | Battery:  73.91% | Loss: 
Placing Sensors
Policy -0.0105 | Value 0.0039 | KL 0.02077 | CF 0.2018 | Std 0.1100 | |a| 0.0390 | Alpha 0.0100 | MB 24/24
  cert | viol 0.000 | dV -0.241738 | V 0.2577 | inball 0.640 | a*_q05 0.01074 | a*_q50 0.03768 | dV>=0 0.000 | n=150 | a_used 0.00559 -> 0.00576
  crit | n=1 | viol 0.636 | V 0.5005 | Vmin 0.1978 | agree +0.331 | a*_q05 -0.00660 | a*_q50 0.00373 | dV>=0 0.333 | beta 0.1000
  bell | direct viol 0.490 | direct dV>=0 0.451 | d_mean +0.00074 | d_std 0.03394 | d_q95 0.07054
[Episode 253/400] Steps: 720 | Reward:   -2.51 | Battery:  83.16% | Loss: -0.0261
Placing Sensors
[Episode 254/400] Steps: 720 | Reward:   -3.68 | Battery:  83.19% | Loss: 
Placing Sensors
Policy -0.0024 | Value 0.0023 | KL 0.01868 | CF 0.1669 | Std 0.1100 | |a| 0.0507 | Alpha 0.0100 | MB 18/24
  cert | viol 0.115 | dV -0.176762 | V 0.2279 | inball 0.439 | a*_q05 0.00427 | a*_q50 0.02285 | dV>=0 0.000 | n=150 | a_used 0.00576 -> 0.00561
  crit | n=1 | viol 0.727 | V 0.5677 | Vmin 0.1929 | agree +0.595 | a*_q05 -0.00321 | a*_q50 0.00385 | dV>=0 0.171 | beta 0.1000
  bell | direct viol 0.557 | direct dV>=0 0.483 | d_mean -0.00046 | d_std 0.02511 | d_q95 0.04941
[Episode 255/400] Steps: 720 | Reward:   -4.91 | Battery:  65.30% | Loss: 0.0519
Placing Sensors
[Episode 256/400] Steps: 720 | Reward:   -4.10 | Battery:  77.79% | Loss: 
Placing Sensors
Policy -0.0168 | Value 0.0066 | KL 0.01152 | CF 0.1332 | Std 0.1100 | |a| 0.0377 | Alpha 0.0100 | MB 24/24
  cert | viol 0.122 | dV -0.296680 | V 0.3845 | inball 0.540 | a*_q05 0.00204 | a*_q50 0.02981 | dV>=0 0.034 | n=150 | a_used 0.00561 -> 0.00522
  crit | n=1 | viol 0.341 | V 0.5367 | Vmin 0.2092 | agree +0.507 | a*_q05 -0.00495 | a*_q50 0.00939 | dV>=0 0.171 | beta 0.1000
  bell | direct viol 0.515 | direct dV>=0 0.465 | d_mean -0.00229 | d_std 0.03747 | d_q95 0.07638
[Episode 257/400] Steps: 720 | Reward:   -5.37 | Battery:  84.31% | Loss: 0.0141
Placing Sensors
[Episode 258/400] Steps: 720 | Reward:   -3.06 | Battery:  81.49% | Loss: 
Placing Sensors
Policy -0.0086 | Value 0.0030 | KL 0.01759 | CF 0.1906 | Std 0.1100 | |a| 0.0408 | Alpha 0.0100 | MB 24/24
  cert | viol 0.004 | dV -0.280624 | V 0.2995 | inball 0.633 | a*_q05 0.01055 | a*_q50 0.04056 | dV>=0 0.000 | n=150 | a_used 0.00522 -> 0.00537
  crit | n=1 | viol 0.615 | V 0.4838 | Vmin 0.1812 | agree +0.668 | a*_q05 -0.00715 | a*_q50 0.00387 | dV>=0 0.298 | beta 0.1000
  bell | direct viol 0.506 | direct dV>=0 0.457 | d_mean +0.00155 | d_std 0.03702 | d_q95 0.07795
[Episode 259/400] Steps: 720 | Reward:   -3.52 | Battery:  78.85% | Loss: 0.0943
Placing Sensors
[Episode 260/400] Steps:  75 | Reward:  -17.45 | Battery:   0.00% | Loss: 
Placing Sensors
[Episode 261/400] Steps: 720 | Reward:   -3.07 | Battery:  75.25% | Loss: 
Placing Sensors
Policy -0.0091 | Value 0.0134 | KL 0.01574 | CF 0.1785 | Std 0.1100 | |a| 0.0406 | Alpha 0.0100 | MB 24/24
  cert | viol 0.004 | dV -0.227597 | V 0.2501 | inball 0.585 | a*_q05 0.00807 | a*_q50 0.03407 | dV>=0 0.000 | n=150 | a_used 0.00537 -> 0.00548
  crit | n=1 | viol 0.525 | V 0.5145 | Vmin 0.1759 | agree +0.647 | a*_q05 -0.00454 | a*_q50 0.00514 | dV>=0 0.179 | beta 0.1000
  bell | direct viol 0.501 | direct dV>=0 0.471 | d_mean +0.00016 | d_std 0.04069 | d_q95 0.08455
[Episode 262/400] Steps: 720 | Reward:   -2.60 | Battery:  88.74% | Loss: 0.0097
Placing Sensors
[Episode 263/400] Steps: 720 | Reward:   -3.79 | Battery:  75.74% | Loss: 
Placing Sensors
Policy -0.0108 | Value 0.0041 | KL 0.01286 | CF 0.1475 | Std 0.1100 | |a| 0.0420 | Alpha 0.0100 | MB 24/24
  cert | viol 0.000 | dV -0.224429 | V 0.2483 | inball 0.576 | a*_q05 0.00814 | a*_q50 0.03493 | dV>=0 0.000 | n=150 | a_used 0.00548 -> 0.00559
  crit | n=1 | viol 0.680 | V 0.5434 | Vmin 0.1821 | agree +0.350 | a*_q05 -0.00593 | a*_q50 0.00287 | dV>=0 0.312 | beta 0.1000
  bell | direct viol 0.505 | direct dV>=0 0.460 | d_mean +0.00058 | d_std 0.03355 | d_q95 0.06652
[Episode 264/400] Steps: 720 | Reward:   -3.47 | Battery:  66.18% | Loss: -0.0495
Placing Sensors
[Episode 265/400] Steps: 720 | Reward:   -4.35 | Battery:  80.08% | Loss: 
Placing Sensors
Policy -0.0146 | Value 0.0047 | KL 0.01558 | CF 0.1599 | Std 0.1100 | |a| 0.0401 | Alpha 0.0100 | MB 24/24
  cert | viol 0.107 | dV -0.254756 | V 0.3145 | inball 0.557 | a*_q05 0.00418 | a*_q50 0.03172 | dV>=0 0.000 | n=150 | a_used 0.00559 -> 0.00558
  crit | n=1 | viol 0.565 | V 0.5435 | Vmin 0.1581 | agree +0.672 | a*_q05 -0.00547 | a*_q50 0.00505 | dV>=0 0.187 | beta 0.1000
  bell | direct viol 0.515 | direct dV>=0 0.468 | d_mean -0.00025 | d_std 0.04123 | d_q95 0.08046
[Episode 266/400] Steps: 720 | Reward:   -3.71 | Battery:  81.66% | Loss: -0.0066
Placing Sensors
[Episode 267/400] Steps: 720 | Reward:   -5.19 | Battery:  78.99% | Loss: 
Placing Sensors
Policy -0.0157 | Value 0.0051 | KL 0.01673 | CF 0.1833 | Std 0.1100 | |a| 0.0533 | Alpha 0.0100 | MB 24/24
  cert | viol 0.259 | dV -0.227592 | V 0.3318 | inball 0.469 | a*_q05 0.00276 | a*_q50 0.02158 | dV>=0 0.000 | n=150 | a_used 0.00558 -> 0.00543
  crit | n=1 | viol 0.430 | V 0.6519 | Vmin 0.2008 | agree +0.454 | a*_q05 -0.00434 | a*_q50 0.00627 | dV>=0 0.132 | beta 0.1000
  bell | direct viol 0.529 | direct dV>=0 0.470 | d_mean -0.00153 | d_std 0.03728 | d_q95 0.07867
[Episode 268/400] Steps: 720 | Reward:   -4.65 | Battery:  77.23% | Loss: 0.0014
Placing Sensors
[Episode 269/400] Steps: 720 | Reward:   -3.39 | Battery:  84.96% | Loss: 
Placing Sensors
Policy -0.0177 | Value 0.0050 | KL 0.01685 | CF 0.1526 | Std 0.1100 | |a| 0.0482 | Alpha 0.0100 | MB 24/24
  cert | viol 0.137 | dV -0.236381 | V 0.3217 | inball 0.490 | a*_q05 0.00170 | a*_q50 0.02594 | dV>=0 0.026 | n=150 | a_used 0.00543 -> 0.00508
  crit | n=1 | viol 0.599 | V 0.6320 | Vmin 0.2317 | agree +0.587 | a*_q05 -0.00462 | a*_q50 0.00430 | dV>=0 0.237 | beta 0.1000
  bell | direct viol 0.520 | direct dV>=0 0.465 | d_mean -0.00006 | d_std 0.03783 | d_q95 0.07569
[Episode 270/400] Steps: 720 | Reward:   -5.72 | Battery:  63.87% | Loss: -0.0599
Placing Sensors
[Episode 271/400] Steps: 720 | Reward:   -2.75 | Battery:  82.15% | Loss: 
Placing Sensors
Policy -0.0161 | Value 0.0025 | KL 0.01774 | CF 0.2008 | Std 0.1100 | |a| 0.0496 | Alpha 0.0100 | MB 24/24
  cert | viol 0.000 | dV -0.152489 | V 0.1717 | inball 0.578 | a*_q05 0.00968 | a*_q50 0.02747 | dV>=0 0.000 | n=150 | a_used 0.00508 -> 0.00523
  crit | n=1 | viol 0.853 | V 0.5217 | Vmin 0.2306 | agree +0.439 | a*_q05 -0.00385 | a*_q50 0.00208 | dV>=0 0.273 | beta 0.1000
  bell | direct viol 0.497 | direct dV>=0 0.458 | d_mean +0.00086 | d_std 0.03463 | d_q95 0.07186
[Episode 272/400] Steps: 720 | Reward:   -3.50 | Battery:  80.46% | Loss: 0.0909
Placing Sensors
[Episode 273/400] Steps: 720 | Reward:   -4.41 | Battery:  75.94% | Loss: 
Placing Sensors
Policy 0.0144 | Value 0.0047 | KL 0.03010 | CF 0.2542 | Std 0.1100 | |a| 0.0493 | Alpha 0.0100 | MB 12/24
  cert | viol 0.119 | dV -0.262116 | V 0.3371 | inball 0.532 | a*_q05 0.00200 | a*_q50 0.02842 | dV>=0 0.033 | n=150 | a_used 0.00523 -> 0.00497
  crit | n=1 | viol 0.554 | V 0.5863 | Vmin 0.2187 | agree +0.665 | a*_q05 -0.00582 | a*_q50 0.00462 | dV>=0 0.258 | beta 0.1000
  bell | direct viol 0.496 | direct dV>=0 0.452 | d_mean -0.00075 | d_std 0.03774 | d_q95 0.07375
[Episode 274/400] Steps: 720 | Reward:   -4.62 | Battery:  84.64% | Loss: 0.0370
Placing Sensors
[Episode 275/400] Steps: 720 | Reward:   -3.77 | Battery:  67.26% | Loss: 
Placing Sensors
Policy 0.0027 | Value 0.0035 | KL 0.02119 | CF 0.2028 | Std 0.1100 | |a| 0.0475 | Alpha 0.0100 | MB 24/24
  cert | viol 0.000 | dV -0.220377 | V 0.2348 | inball 0.618 | a*_q05 0.01034 | a*_q50 0.03628 | dV>=0 0.000 | n=150 | a_used 0.00497 -> 0.00515
  crit | n=1 | viol 0.769 | V 0.5120 | Vmin 0.1999 | agree +0.510 | a*_q05 -0.00572 | a*_q50 0.00134 | dV>=0 0.416 | beta 0.1000
  bell | direct viol 0.508 | direct dV>=0 0.467 | d_mean +0.00183 | d_std 0.03320 | d_q95 0.06377
[Episode 276/400] Steps: 720 | Reward:   -2.73 | Battery:  82.40% | Loss: -0.0033
Placing Sensors
[Episode 277/400] Steps: 720 | Reward:   -3.94 | Battery:  67.41% | Loss: 
Placing Sensors
Policy -0.0137 | Value 0.0034 | KL 0.01798 | CF 0.1618 | Std 0.1100 | |a| 0.0499 | Alpha 0.0100 | MB 24/24
  cert | viol 0.017 | dV -0.251886 | V 0.2928 | inball 0.560 | a*_q05 0.00610 | a*_q50 0.03354 | dV>=0 0.000 | n=150 | a_used 0.00515 -> 0.00517
  crit | n=1 | viol 0.658 | V 0.5756 | Vmin 0.2372 | agree +0.551 | a*_q05 -0.00553 | a*_q50 0.00385 | dV>=0 0.260 | beta 0.1000
  bell | direct viol 0.525 | direct dV>=0 0.470 | d_mean -0.00006 | d_std 0.03117 | d_q95 0.06032
[Episode 278/400] Steps: 720 | Reward:   -3.66 | Battery:  83.75% | Loss: -0.0421
Placing Sensors
[Episode 279/400] Steps: 720 | Reward:   -4.77 | Battery:  72.20% | Loss: 
Placing Sensors
Policy -0.0048 | Value 0.0066 | KL 0.02043 | CF 0.1425 | Std 0.1100 | |a| 0.0477 | Alpha 0.0100 | MB 12/24
  cert | viol 0.074 | dV -0.357514 | V 0.4175 | inball 0.539 | a*_q05 0.00458 | a*_q50 0.03478 | dV>=0 0.000 | n=150 | a_used 0.00517 -> 0.00508
  crit | n=1 | viol 0.388 | V 0.5808 | Vmin 0.2450 | agree +0.511 | a*_q05 -0.00646 | a*_q50 0.00753 | dV>=0 0.257 | beta 0.1000
  bell | direct viol 0.510 | direct dV>=0 0.450 | d_mean -0.00196 | d_std 0.03240 | d_q95 0.06488
[Episode 280/400] Steps: 720 | Reward:   -4.99 | Battery:  84.06% | Loss: -0.1330
Placing Sensors
[Episode 281/400] Steps: 720 | Reward:   -5.46 | Battery:  70.34% | Loss: 
Placing Sensors
Policy -0.0122 | Value 0.0028 | KL 0.01671 | CF 0.1440 | Std 0.1100 | |a| 0.0445 | Alpha 0.0100 | MB 24/24
  cert | viol 0.047 | dV -0.269221 | V 0.3341 | inball 0.477 | a*_q05 0.00542 | a*_q50 0.02868 | dV>=0 0.000 | n=150 | a_used 0.00508 -> 0.00511
  crit | n=1 | viol 0.374 | V 0.6043 | Vmin 0.2219 | agree +0.601 | a*_q05 -0.00429 | a*_q50 0.00645 | dV>=0 0.137 | beta 0.1000
  bell | direct viol 0.522 | direct dV>=0 0.474 | d_mean -0.00119 | d_std 0.03915 | d_q95 0.08044
[Episode 282/400] Steps: 720 | Reward:   -4.01 | Battery:  76.75% | Loss: -0.0644
Placing Sensors
[Episode 283/400] Steps: 720 | Reward:   -4.08 | Battery:  72.03% | Loss: 
Placing Sensors
Policy -0.0130 | Value 0.0032 | KL 0.02044 | CF 0.1889 | Std 0.1100 | |a| 0.0433 | Alpha 0.0100 | MB 24/24
  cert | viol 0.000 | dV -0.230397 | V 0.2535 | inball 0.585 | a*_q05 0.00926 | a*_q50 0.03360 | dV>=0 0.000 | n=150 | a_used 0.00511 -> 0.00529
  crit | n=1 | viol 0.722 | V 0.5396 | Vmin 0.2163 | agree +0.471 | a*_q05 -0.00645 | a*_q50 0.00220 | dV>=0 0.369 | beta 0.1000
  bell | direct viol 0.495 | direct dV>=0 0.448 | d_mean +0.00152 | d_std 0.03223 | d_q95 0.06620
[Episode 284/400] Steps: 720 | Reward:   -3.42 | Battery:  77.20% | Loss: -0.1190
Placing Sensors
[Episode 285/400] Steps: 720 | Reward:   -3.15 | Battery:  79.02% | Loss: 
Placing Sensors
Policy -0.0095 | Value 0.0033 | KL 0.01652 | CF 0.1542 | Std 0.1100 | |a| 0.0441 | Alpha 0.0100 | MB 24/24
  cert | viol 0.000 | dV -0.282377 | V 0.3028 | inball 0.623 | a*_q05 0.01028 | a*_q50 0.03626 | dV>=0 0.000 | n=150 | a_used 0.00529 -> 0.00543
  crit | n=1 | viol 0.638 | V 0.4917 | Vmin 0.2092 | agree +0.684 | a*_q05 -0.00527 | a*_q50 0.00372 | dV>=0 0.292 | beta 0.1000
  bell | direct viol 0.498 | direct dV>=0 0.451 | d_mean +0.00072 | d_std 0.03192 | d_q95 0.06073
[Episode 286/400] Steps: 720 | Reward:   -3.56 | Battery:  86.39% | Loss: 0.0638
Placing Sensors
[Episode 287/400] Steps: 720 | Reward:   -6.32 | Battery:  61.39% | Loss: 
Placing Sensors
Policy -0.0113 | Value 0.0062 | KL 0.01581 | CF 0.1447 | Std 0.1100 | |a| 0.0529 | Alpha 0.0100 | MB 24/24
  cert | viol 0.132 | dV -0.284865 | V 0.3516 | inball 0.457 | a*_q05 -0.00219 | a*_q50 0.02996 | dV>=0 0.038 | n=150 | a_used 0.00543 -> 0.00513
  crit | n=1 | viol 0.542 | V 0.5580 | Vmin 0.1945 | agree +0.426 | a*_q05 -0.00506 | a*_q50 0.00393 | dV>=0 0.332 | beta 0.1000
  bell | direct viol 0.520 | direct dV>=0 0.472 | d_mean -0.00094 | d_std 0.03713 | d_q95 0.07610
[Episode 288/400] Steps: 720 | Reward:   -3.28 | Battery:  74.56% | Loss: -0.0518
Placing Sensors
[Episode 289/400] Steps: 720 | Reward:   -3.90 | Battery:  73.61% | Loss: 
Placing Sensors
Policy -0.0092 | Value 0.0028 | KL 0.01474 | CF 0.1498 | Std 0.1100 | |a| 0.0489 | Alpha 0.0100 | MB 24/24
  cert | viol 0.000 | dV -0.234708 | V 0.2512 | inball 0.568 | a*_q05 0.01061 | a*_q50 0.03890 | dV>=0 0.000 | n=150 | a_used 0.00513 -> 0.00530
  crit | n=1 | viol 0.535 | V 0.4816 | Vmin 0.1573 | agree +0.426 | a*_q05 -0.00657 | a*_q50 0.00448 | dV>=0 0.324 | beta 0.1000
  bell | direct viol 0.494 | direct dV>=0 0.460 | d_mean +0.00079 | d_std 0.03698 | d_q95 0.07392
[Episode 290/400] Steps: 720 | Reward:   -2.89 | Battery:  81.27% | Loss: 0.0228
Placing Sensors
[Episode 291/400] Steps: 720 | Reward:   -3.80 | Battery:  69.23% | Loss: 
Placing Sensors
Policy -0.0141 | Value 0.0046 | KL 0.01391 | CF 0.1465 | Std 0.1099 | |a| 0.0499 | Alpha 0.0100 | MB 24/24
  cert | viol 0.079 | dV -0.216105 | V 0.2552 | inball 0.608 | a*_q05 0.00397 | a*_q50 0.03672 | dV>=0 0.000 | n=150 | a_used 0.00530 -> 0.00536
  crit | n=1 | viol 0.497 | V 0.4716 | Vmin 0.1408 | agree +0.366 | a*_q05 -0.00666 | a*_q50 0.00525 | dV>=0 0.233 | beta 0.1000
  bell | direct viol 0.512 | direct dV>=0 0.464 | d_mean -0.00036 | d_std 0.03580 | d_q95 0.07202
[Episode 292/400] Steps: 720 | Reward:   -2.04 | Battery:  80.02% | Loss: -0.1466
Placing Sensors
[Episode 293/400] Steps: 720 | Reward:   -3.19 | Battery:  79.38% | Loss: 
Placing Sensors
Policy -0.0067 | Value 0.0033 | KL 0.02168 | CF 0.1758 | Std 0.1099 | |a| 0.0522 | Alpha 0.0100 | MB 18/24
  cert | viol 0.038 | dV -0.225097 | V 0.2556 | inball 0.608 | a*_q05 0.00625 | a*_q50 0.03519 | dV>=0 0.000 | n=150 | a_used 0.00536 -> 0.00538
  crit | n=1 | viol 0.606 | V 0.4412 | Vmin 0.1465 | agree +0.601 | a*_q05 -0.00577 | a*_q50 0.00390 | dV>=0 0.259 | beta 0.1000
  bell | direct viol 0.511 | direct dV>=0 0.478 | d_mean +0.00015 | d_std 0.03275 | d_q95 0.06477
[Episode 294/400] Steps: 720 | Reward:   -3.48 | Battery:  79.69% | Loss: -0.0380
Placing Sensors
[Episode 295/400] Steps: 720 | Reward:   -2.81 | Battery:  83.06% | Loss: 
Placing Sensors
Policy -0.0139 | Value 0.0021 | KL 0.01646 | CF 0.1896 | Std 0.1099 | |a| 0.0518 | Alpha 0.0100 | MB 24/24
  cert | viol 0.013 | dV -0.206813 | V 0.2236 | inball 0.670 | a*_q05 0.00861 | a*_q50 0.04014 | dV>=0 0.000 | n=150 | a_used 0.00538 -> 0.00545
  crit | n=1 | viol 0.597 | V 0.3770 | Vmin 0.1275 | agree +0.493 | a*_q05 -0.00639 | a*_q50 0.00445 | dV>=0 0.266 | beta 0.1000
  bell | direct viol 0.490 | direct dV>=0 0.457 | d_mean +0.00068 | d_std 0.03581 | d_q95 0.07196
[Episode 296/400] Steps: 720 | Reward:   -1.75 | Battery:  82.40% | Loss: -0.0427
Placing Sensors
[Episode 297/400] Steps: 720 | Reward:   -3.54 | Battery:  83.42% | Loss: 
Placing Sensors
Policy -0.0011 | Value 0.0037 | KL 0.02052 | CF 0.1995 | Std 0.1099 | |a| 0.0506 | Alpha 0.0100 | MB 18/24
  cert | viol 0.048 | dV -0.229225 | V 0.2651 | inball 0.575 | a*_q05 0.00586 | a*_q50 0.03362 | dV>=0 0.000 | n=150 | a_used 0.00545 -> 0.00553
  crit | n=1 | viol 0.371 | V 0.4310 | Vmin 0.1450 | agree +0.460 | a*_q05 -0.00438 | a*_q50 0.00767 | dV>=0 0.198 | beta 0.1000
  bell | direct viol 0.514 | direct dV>=0 0.473 | d_mean -0.00146 | d_std 0.03396 | d_q95 0.06799
[Episode 298/400] Steps: 720 | Reward:   -3.49 | Battery:  70.66% | Loss: -0.0351
Placing Sensors
[Episode 299/400] Steps: 720 | Reward:   -4.48 | Battery:  66.66% | Loss: 
Placing Sensors
Policy -0.0190 | Value 0.0033 | KL 0.01461 | CF 0.1365 | Std 0.1099 | |a| 0.0510 | Alpha 0.0100 | MB 24/24
  cert | viol 0.100 | dV -0.211294 | V 0.2589 | inball 0.563 | a*_q05 0.00452 | a*_q50 0.03206 | dV>=0 0.000 | n=150 | a_used 0.00553 -> 0.00543
  crit | n=1 | viol 0.425 | V 0.4630 | Vmin 0.1485 | agree +0.429 | a*_q05 -0.00392 | a*_q50 0.00663 | dV>=0 0.114 | beta 0.1000
  bell | direct viol 0.514 | direct dV>=0 0.475 | d_mean -0.00148 | d_std 0.03308 | d_q95 0.06387
[Episode 300/400] Steps: 720 | Reward:   -2.28 | Battery:  79.84% | Loss: -0.0559
Placing Sensors
[Episode 301/400] Steps: 720 | Reward:   -3.11 | Battery:  82.38% | Loss: 
Placing Sensors
Policy 0.0031 | Value 0.0029 | KL 0.02259 | CF 0.2031 | Std 0.1099 | |a| 0.0484 | Alpha 0.0100 | MB 12/24
  cert | viol 0.000 | dV -0.242584 | V 0.2652 | inball 0.649 | a*_q05 0.00815 | a*_q50 0.03858 | dV>=0 0.000 | n=150 | a_used 0.00543 -> 0.00550
  crit | n=1 | viol 0.464 | V 0.3815 | Vmin 0.1280 | agree +0.599 | a*_q05 -0.00506 | a*_q50 0.00601 | dV>=0 0.251 | beta 0.1000
  bell | direct viol 0.507 | direct dV>=0 0.481 | d_mean -0.00061 | d_std 0.03639 | d_q95 0.07500
[Episode 302/400] Steps: 720 | Reward:   -3.19 | Battery:  83.70% | Loss: -0.1067
Placing Sensors
[Episode 303/400] Steps: 720 | Reward:   -3.88 | Battery:  79.76% | Loss: 
Placing Sensors
Policy -0.0147 | Value 0.0045 | KL 0.01734 | CF 0.1658 | Std 0.1099 | |a| 0.0462 | Alpha 0.0100 | MB 24/24
  cert | viol 0.012 | dV -0.244010 | V 0.2717 | inball 0.619 | a*_q05 0.00808 | a*_q50 0.03679 | dV>=0 0.000 | n=150 | a_used 0.00550 -> 0.00556
  crit | n=1 | viol 0.365 | V 0.4066 | Vmin 0.1783 | agree +0.397 | a*_q05 -0.00552 | a*_q50 0.00908 | dV>=0 0.232 | beta 0.1000
  bell | direct viol 0.504 | direct dV>=0 0.464 | d_mean -0.00087 | d_std 0.03286 | d_q95 0.06436
[Episode 304/400] Steps: 720 | Reward:   -3.15 | Battery:  82.56% | Loss: -0.0527
Placing Sensors
[Episode 305/400] Steps: 720 | Reward:   -3.01 | Battery:  80.75% | Loss: 
Placing Sensors
Policy -0.0139 | Value 0.0020 | KL 0.01583 | CF 0.1480 | Std 0.1099 | |a| 0.0496 | Alpha 0.0100 | MB 24/24
  cert | viol 0.000 | dV -0.225323 | V 0.2356 | inball 0.645 | a*_q05 0.01367 | a*_q50 0.03733 | dV>=0 0.000 | n=150 | a_used 0.00556 -> 0.00572
  crit | n=1 | viol 0.578 | V 0.4228 | Vmin 0.1955 | agree +0.599 | a*_q05 -0.00502 | a*_q50 0.00484 | dV>=0 0.208 | beta 0.1000
  bell | direct viol 0.513 | direct dV>=0 0.449 | d_mean +0.00043 | d_std 0.02194 | d_q95 0.04337
[Episode 306/400] Steps: 720 | Reward:   -3.41 | Battery:  82.19% | Loss: 0.0607
Placing Sensors
[Episode 307/400] Steps: 720 | Reward:   -3.25 | Battery:  82.24% | Loss: 
Placing Sensors
Policy -0.0130 | Value 0.0026 | KL 0.01445 | CF 0.1603 | Std 0.1099 | |a| 0.0508 | Alpha 0.0100 | MB 24/24
  cert | viol 0.000 | dV -0.217856 | V 0.2300 | inball 0.635 | a*_q05 0.01196 | a*_q50 0.03779 | dV>=0 0.000 | n=150 | a_used 0.00572 -> 0.00589
  crit | n=1 | viol 0.712 | V 0.4309 | Vmin 0.1909 | agree +0.384 | a*_q05 -0.00586 | a*_q50 0.00300 | dV>=0 0.294 | beta 0.1000
  bell | direct viol 0.509 | direct dV>=0 0.458 | d_mean +0.00017 | d_std 0.02443 | d_q95 0.04924
[Episode 308/400] Steps: 720 | Reward:   -2.93 | Battery:  72.10% | Loss: 0.0099
Placing Sensors
[Episode 309/400] Steps: 720 | Reward:   -4.92 | Battery:  72.58% | Loss: 
Placing Sensors
Policy -0.0027 | Value 0.0055 | KL 0.01922 | CF 0.1502 | Std 0.1099 | |a| 0.0553 | Alpha 0.0100 | MB 12/24
  cert | viol 0.129 | dV -0.236511 | V 0.2982 | inball 0.504 | a*_q05 0.00359 | a*_q50 0.02924 | dV>=0 0.000 | n=150 | a_used 0.00589 -> 0.00584
  crit | n=1 | viol 0.379 | V 0.4934 | Vmin 0.2372 | agree +0.464 | a*_q05 -0.00541 | a*_q50 0.00891 | dV>=0 0.190 | beta 0.1000
  bell | direct viol 0.509 | direct dV>=0 0.458 | d_mean -0.00221 | d_std 0.03282 | d_q95 0.06395
[Episode 310/400] Steps: 720 | Reward:   -3.84 | Battery:  78.48% | Loss: 0.0936
Placing Sensors
[Episode 311/400] Steps: 720 | Reward:   -4.01 | Battery:  82.52% | Loss: 
Placing Sensors
Policy -0.0148 | Value 0.0026 | KL 0.01535 | CF 0.1665 | Std 0.1099 | |a| 0.0548 | Alpha 0.0100 | MB 24/24
  cert | viol 0.031 | dV -0.266199 | V 0.2986 | inball 0.611 | a*_q05 0.00733 | a*_q50 0.03523 | dV>=0 0.000 | n=150 | a_used 0.00584 -> 0.00592
  crit | n=1 | viol 0.445 | V 0.4444 | Vmin 0.1941 | agree +0.742 | a*_q05 -0.00524 | a*_q50 0.00644 | dV>=0 0.182 | beta 0.1000
  bell | direct viol 0.517 | direct dV>=0 0.470 | d_mean -0.00050 | d_std 0.03025 | d_q95 0.06164
[Episode 312/400] Steps: 720 | Reward:   -3.33 | Battery:  83.41% | Loss: -0.0073
Placing Sensors
[Episode 313/400] Steps: 720 | Reward:   -3.76 | Battery:  71.85% | Loss: 
Placing Sensors
Policy -0.0172 | Value 0.0028 | KL 0.01765 | CF 0.1652 | Std 0.1099 | |a| 0.0585 | Alpha 0.0100 | MB 24/24
  cert | viol 0.054 | dV -0.233845 | V 0.2651 | inball 0.578 | a*_q05 0.00605 | a*_q50 0.03493 | dV>=0 0.000 | n=150 | a_used 0.00592 -> 0.00593
  crit | n=1 | viol 0.665 | V 0.4890 | Vmin 0.2091 | agree +0.641 | a*_q05 -0.00522 | a*_q50 0.00325 | dV>=0 0.269 | beta 0.1000
  bell | direct viol 0.515 | direct dV>=0 0.458 | d_mean +0.00009 | d_std 0.03037 | d_q95 0.05959
[Episode 314/400] Steps: 720 | Reward:   -3.67 | Battery:  74.29% | Loss: 0.0855
Placing Sensors
[Episode 315/400] Steps: 720 | Reward:   -5.26 | Battery:  43.56% | Loss: 
Placing Sensors
Policy -0.0077 | Value 0.0059 | KL 0.01973 | CF 0.1669 | Std 0.1099 | |a| 0.0567 | Alpha 0.0100 | MB 18/24
  cert | viol 0.106 | dV -0.236423 | V 0.2787 | inball 0.443 | a*_q05 -0.00745 | a*_q50 0.03269 | dV>=0 0.046 | n=150 | a_used 0.00593 -> 0.00563
  crit | n=1 | viol 0.642 | V 0.5507 | Vmin 0.2241 | agree +0.377 | a*_q05 -0.00584 | a*_q50 0.00279 | dV>=0 0.399 | beta 0.1000
  bell | direct viol 0.516 | direct dV>=0 0.473 | d_mean -0.00096 | d_std 0.03366 | d_q95 0.06790
[Episode 316/400] Steps: 720 | Reward:   -3.82 | Battery:  69.89% | Loss: 0.1229
Placing Sensors
[Episode 317/400] Steps: 720 | Reward:   -4.61 | Battery:  76.32% | Loss: 
Placing Sensors
Policy -0.0094 | Value 0.0041 | KL 0.01571 | CF 0.1526 | Std 0.1099 | |a| 0.0640 | Alpha 0.0100 | MB 24/24
  cert | viol 0.066 | dV -0.284145 | V 0.3267 | inball 0.531 | a*_q05 0.00543 | a*_q50 0.03646 | dV>=0 0.000 | n=150 | a_used 0.00563 -> 0.00561
  crit | n=1 | viol 0.663 | V 0.5147 | Vmin 0.1960 | agree +0.667 | a*_q05 -0.00590 | a*_q50 0.00326 | dV>=0 0.366 | beta 0.1000
  bell | direct viol 0.527 | direct dV>=0 0.490 | d_mean -0.00090 | d_std 0.03721 | d_q95 0.07696
[Episode 318/400] Steps: 720 | Reward:   -3.29 | Battery:  76.68% | Loss: 0.0887
Placing Sensors
[Episode 319/400] Steps: 720 | Reward:   -3.52 | Battery:  74.44% | Loss: 
Placing Sensors
Policy -0.0103 | Value 0.0029 | KL 0.01639 | CF 0.1633 | Std 0.1100 | |a| 0.0638 | Alpha 0.0100 | MB 24/24
  cert | viol 0.099 | dV -0.181746 | V 0.2309 | inball 0.489 | a*_q05 0.00475 | a*_q50 0.02660 | dV>=0 0.000 | n=150 | a_used 0.00561 -> 0.00557
  crit | n=1 | viol 0.777 | V 0.5785 | Vmin 0.2103 | agree +0.607 | a*_q05 -0.00399 | a*_q50 0.00203 | dV>=0 0.251 | beta 0.1000
  bell | direct viol 0.542 | direct dV>=0 0.477 | d_mean +0.00048 | d_std 0.02928 | d_q95 0.05936
[Episode 320/400] Steps: 720 | Reward:   -4.64 | Battery:  75.99% | Loss: -0.0488
Placing Sensors
[Episode 321/400] Steps: 720 | Reward:   -5.06 | Battery:  80.46% | Loss: 
Placing Sensors
Policy 0.0038 | Value 0.0067 | KL 0.02212 | CF 0.2181 | Std 0.1099 | |a| 0.0608 | Alpha 0.0100 | MB 18/24
  cert | viol 0.131 | dV -0.224488 | V 0.2923 | inball 0.507 | a*_q05 0.00282 | a*_q50 0.02547 | dV>=0 0.000 | n=150 | a_used 0.00557 -> 0.00514
  crit | n=1 | viol 0.426 | V 0.5252 | Vmin 0.1695 | agree +0.457 | a*_q05 -0.00455 | a*_q50 0.00664 | dV>=0 0.176 | beta 0.1000
  bell | direct viol 0.541 | direct dV>=0 0.479 | d_mean -0.00170 | d_std 0.03041 | d_q95 0.06203
[Episode 322/400] Steps: 720 | Reward:   -3.54 | Battery:  75.47% | Loss: -0.0332
Placing Sensors
[Episode 323/400] Steps: 720 | Reward:   -5.44 | Battery:  84.60% | Loss: 
Placing Sensors
Policy -0.0156 | Value 0.0053 | KL 0.02246 | CF 0.1967 | Std 0.1099 | |a| 0.0553 | Alpha 0.0100 | MB 24/24
  cert | viol 0.173 | dV -0.221515 | V 0.3279 | inball 0.562 | a*_q05 -0.00041 | a*_q50 0.03119 | dV>=0 0.073 | n=150 | a_used 0.00514 -> 0.00493
  crit | n=1 | viol 0.440 | V 0.5007 | Vmin 0.1514 | agree +0.640 | a*_q05 -0.00460 | a*_q50 0.00627 | dV>=0 0.183 | beta 0.1000
  bell | direct viol 0.523 | direct dV>=0 0.486 | d_mean -0.00171 | d_std 0.04060 | d_q95 0.08125
[Episode 324/400] Steps: 720 | Reward:   -3.00 | Battery:  77.99% | Loss: -0.1126
Placing Sensors
[Episode 325/400] Steps: 720 | Reward:   -3.46 | Battery:  79.77% | Loss: 
Placing Sensors
Policy -0.0130 | Value 0.0048 | KL 0.02162 | CF 0.2125 | Std 0.1099 | |a| 0.0570 | Alpha 0.0100 | MB 24/24
  cert | viol 0.000 | dV -0.269592 | V 0.2818 | inball 0.613 | a*_q05 0.01284 | a*_q50 0.04022 | dV>=0 0.000 | n=150 | a_used 0.00493 -> 0.00511
  crit | n=1 | viol 0.614 | V 0.5488 | Vmin 0.2230 | agree +0.352 | a*_q05 -0.00656 | a*_q50 0.00324 | dV>=0 0.389 | beta 0.1000
  bell | direct viol 0.508 | direct dV>=0 0.474 | d_mean +0.00100 | d_std 0.03740 | d_q95 0.07655
[Episode 326/400] Steps: 720 | Reward:   -3.56 | Battery:  75.49% | Loss: -0.0229
Placing Sensors
[Episode 327/400] Steps: 720 | Reward:   -3.43 | Battery:  78.82% | Loss: 
Placing Sensors
Policy -0.0101 | Value 0.0023 | KL 0.02228 | CF 0.1790 | Std 0.1099 | |a| 0.0507 | Alpha 0.0100 | MB 18/24
  cert | viol 0.000 | dV -0.199861 | V 0.2157 | inball 0.623 | a*_q05 0.01005 | a*_q50 0.03458 | dV>=0 0.000 | n=150 | a_used 0.00511 -> 0.00523
  crit | n=1 | viol 0.607 | V 0.4452 | Vmin 0.2199 | agree +0.468 | a*_q05 -0.00620 | a*_q50 0.00349 | dV>=0 0.325 | beta 0.1000
  bell | direct viol 0.531 | direct dV>=0 0.488 | d_mean -0.00005 | d_std 0.03323 | d_q95 0.06663
[Episode 328/400] Steps: 720 | Reward:   -2.62 | Battery:  86.07% | Loss: 0.1127
Placing Sensors
[Episode 329/400] Steps: 720 | Reward:   -5.22 | Battery:  74.70% | Loss: 
Placing Sensors
Policy -0.0123 | Value 0.0040 | KL 0.01291 | CF 0.1401 | Std 0.1099 | |a| 0.0602 | Alpha 0.0100 | MB 24/24
  cert | viol 0.078 | dV -0.275706 | V 0.3305 | inball 0.531 | a*_q05 0.00428 | a*_q50 0.03459 | dV>=0 0.015 | n=150 | a_used 0.00523 -> 0.00535
  crit | n=1 | viol 0.610 | V 0.5339 | Vmin 0.1706 | agree +0.576 | a*_q05 -0.00653 | a*_q50 0.00258 | dV>=0 0.363 | beta 0.1000
  bell | direct viol 0.514 | direct dV>=0 0.460 | d_mean +0.00016 | d_std 0.03149 | d_q95 0.06416
[Episode 330/400] Steps: 720 | Reward:   -2.49 | Battery:  82.62% | Loss: -0.2092
Placing Sensors
[Episode 331/400] Steps: 720 | Reward:   -5.84 | Battery:  77.03% | Loss: 
Placing Sensors
Policy -0.0117 | Value 0.0061 | KL 0.01982 | CF 0.1541 | Std 0.1099 | |a| 0.0513 | Alpha 0.0100 | MB 18/24
  cert | viol 0.083 | dV -0.270210 | V 0.3417 | inball 0.534 | a*_q05 0.00422 | a*_q50 0.02876 | dV>=0 0.000 | n=150 | a_used 0.00535 -> 0.00535
  crit | n=1 | viol 0.285 | V 0.4771 | Vmin 0.1808 | agree +0.618 | a*_q05 -0.00331 | a*_q50 0.01020 | dV>=0 0.124 | beta 0.1000
  bell | direct viol 0.491 | direct dV>=0 0.458 | d_mean -0.00251 | d_std 0.03460 | d_q95 0.07115
[Episode 332/400] Steps: 720 | Reward:   -3.43 | Battery:  81.55% | Loss: 0.0717
Placing Sensors
[Episode 333/400] Steps: 720 | Reward:   -3.47 | Battery:  83.78% | Loss: 
Placing Sensors
Policy -0.0173 | Value 0.0066 | KL 0.01516 | CF 0.1521 | Std 0.1099 | |a| 0.0564 | Alpha 0.0100 | MB 24/24
  cert | viol 0.184 | dV -0.234588 | V 0.3568 | inball 0.484 | a*_q05 -0.00007 | a*_q50 0.02282 | dV>=0 0.064 | n=150 | a_used 0.00535 -> 0.00448
  crit | n=1 | viol 0.472 | V 0.5979 | Vmin 0.2294 | agree +0.597 | a*_q05 -0.00441 | a*_q50 0.00586 | dV>=0 0.158 | beta 0.1000
  bell | direct viol 0.539 | direct dV>=0 0.488 | d_mean -0.00213 | d_std 0.03684 | d_q95 0.07777
[Episode 334/400] Steps: 720 | Reward:   -6.33 | Battery:  75.31% | Loss: -0.0563
Placing Sensors
[Episode 335/400] Steps: 720 | Reward:   -4.10 | Battery:  56.62% | Loss: 
Placing Sensors
Policy -0.0127 | Value 0.0083 | KL 0.02281 | CF 0.2020 | Std 0.1099 | |a| 0.0662 | Alpha 0.0100 | MB 18/24
  cert | viol 0.084 | dV -0.229357 | V 0.2887 | inball 0.398 | a*_q05 0.00365 | a*_q50 0.02941 | dV>=0 0.000 | n=150 | a_used 0.00448 -> 0.00448
  crit | n=1 | viol 0.600 | V 0.6412 | Vmin 0.2290 | agree +0.330 | a*_q05 -0.00505 | a*_q50 0.00239 | dV>=0 0.410 | beta 0.1000
  bell | direct viol 0.543 | direct dV>=0 0.496 | d_mean -0.00040 | d_std 0.04015 | d_q95 0.08227
[Episode 336/400] Steps: 720 | Reward:   -6.25 | Battery:  45.26% | Loss: -0.0187
Placing Sensors
[Episode 337/400] Steps: 720 | Reward:   -3.24 | Battery:  84.17% | Loss: 
Placing Sensors
Policy -0.0143 | Value 0.0033 | KL 0.01835 | CF 0.1746 | Std 0.1099 | |a| 0.0531 | Alpha 0.0100 | MB 24/24
  cert | viol 0.000 | dV -0.258301 | V 0.2823 | inball 0.625 | a*_q05 0.00793 | a*_q50 0.03708 | dV>=0 0.000 | n=150 | a_used 0.00448 -> 0.00463
  crit | n=1 | viol 0.350 | V 0.4627 | Vmin 0.2090 | agree +0.548 | a*_q05 -0.00582 | a*_q50 0.00705 | dV>=0 0.190 | beta 0.1000
  bell | direct viol 0.485 | direct dV>=0 0.464 | d_mean -0.00018 | d_std 0.03627 | d_q95 0.07222
[Episode 338/400] Steps: 720 | Reward:   -3.54 | Battery:  84.47% | Loss: 0.0633
Placing Sensors
[Episode 339/400] Steps: 720 | Reward:   -4.98 | Battery:  57.85% | Loss: 
Placing Sensors
Policy -0.0034 | Value 0.0034 | KL 0.01879 | CF 0.1643 | Std 0.1099 | |a| 0.0538 | Alpha 0.0100 | MB 12/24
  cert | viol 0.073 | dV -0.230468 | V 0.2856 | inball 0.540 | a*_q05 0.00428 | a*_q50 0.03121 | dV>=0 0.000 | n=150 | a_used 0.00463 -> 0.00468
  crit | n=1 | viol 0.481 | V 0.4892 | Vmin 0.1779 | agree +0.584 | a*_q05 -0.00466 | a*_q50 0.00493 | dV>=0 0.205 | beta 0.1000
  bell | direct viol 0.537 | direct dV>=0 0.483 | d_mean -0.00079 | d_std 0.03117 | d_q95 0.06440
[Episode 340/400] Steps: 720 | Reward:   -2.64 | Battery:  88.06% | Loss: 0.0213
Placing Sensors
[Episode 341/400] Steps: 720 | Reward:   -4.05 | Battery:  62.28% | Loss: 
Placing Sensors
Policy -0.0115 | Value 0.0055 | KL 0.02449 | CF 0.2172 | Std 0.1099 | |a| 0.0544 | Alpha 0.0100 | MB 24/24
  cert | viol 0.000 | dV -0.227182 | V 0.2410 | inball 0.541 | a*_q05 0.01213 | a*_q50 0.03571 | dV>=0 0.000 | n=150 | a_used 0.00468 -> 0.00483
  crit | n=1 | viol 0.649 | V 0.5542 | Vmin 0.2045 | agree +0.336 | a*_q05 -0.00630 | a*_q50 0.00186 | dV>=0 0.424 | beta 0.1000
  bell | direct viol 0.520 | direct dV>=0 0.473 | d_mean +0.00054 | d_std 0.03560 | d_q95 0.07370
[Episode 342/400] Steps: 720 | Reward:   -3.93 | Battery:  72.42% | Loss: 0.0008
Placing Sensors
[Episode 343/400] Steps: 720 | Reward:   -4.55 | Battery:  68.95% | Loss: 
Placing Sensors
Policy -0.0194 | Value 0.0034 | KL 0.02329 | CF 0.1753 | Std 0.1099 | |a| 0.0572 | Alpha 0.0100 | MB 18/24
  cert | viol 0.000 | dV -0.292365 | V 0.3107 | inball 0.589 | a*_q05 0.01085 | a*_q50 0.03492 | dV>=0 0.000 | n=150 | a_used 0.00483 -> 0.00501
  crit | n=1 | viol 0.520 | V 0.5344 | Vmin 0.2391 | agree +0.456 | a*_q05 -0.00582 | a*_q50 0.00430 | dV>=0 0.315 | beta 0.1000
  bell | direct viol 0.510 | direct dV>=0 0.463 | d_mean -0.00027 | d_std 0.03151 | d_q95 0.06567
[Episode 344/400] Steps: 720 | Reward:   -3.58 | Battery:  80.54% | Loss: -0.0854
Placing Sensors
[Episode 345/400] Steps: 720 | Reward:   -4.44 | Battery:  78.45% | Loss: 
Placing Sensors
Policy -0.0131 | Value 0.0046 | KL 0.01900 | CF 0.2019 | Std 0.1099 | |a| 0.0550 | Alpha 0.0100 | MB 24/24
  cert | viol 0.000 | dV -0.302280 | V 0.3196 | inball 0.622 | a*_q05 0.01252 | a*_q50 0.04016 | dV>=0 0.000 | n=150 | a_used 0.00501 -> 0.00519
  crit | n=1 | viol 0.624 | V 0.4991 | Vmin 0.1844 | agree +0.694 | a*_q05 -0.00656 | a*_q50 0.00285 | dV>=0 0.328 | beta 0.1000
  bell | direct viol 0.498 | direct dV>=0 0.439 | d_mean +0.00147 | d_std 0.03547 | d_q95 0.07366
[Episode 346/400] Steps: 720 | Reward:   -2.41 | Battery:  81.88% | Loss: 0.0094
Placing Sensors
[Episode 347/400] Steps: 720 | Reward:   -3.71 | Battery:  83.23% | Loss: 
Placing Sensors
Policy -0.0171 | Value 0.0025 | KL 0.01310 | CF 0.1333 | Std 0.1099 | |a| 0.0589 | Alpha 0.0100 | MB 24/24
  cert | viol 0.000 | dV -0.238150 | V 0.2517 | inball 0.653 | a*_q05 0.01305 | a*_q50 0.03800 | dV>=0 0.000 | n=150 | a_used 0.00519 -> 0.00536
  crit | n=1 | viol 0.700 | V 0.4679 | Vmin 0.1956 | agree +0.589 | a*_q05 -0.00646 | a*_q50 0.00193 | dV>=0 0.369 | beta 0.1000
  bell | direct viol 0.502 | direct dV>=0 0.457 | d_mean +0.00119 | d_std 0.02606 | d_q95 0.04976
[Episode 348/400] Steps: 720 | Reward:   -2.60 | Battery:  78.00% | Loss: 0.0786
Placing Sensors
[Episode 349/400] Steps: 720 | Reward:   -3.31 | Battery:  84.39% | Loss: 
Placing Sensors
Policy -0.0148 | Value 0.0030 | KL 0.01943 | CF 0.1772 | Std 0.1099 | |a| 0.0624 | Alpha 0.0100 | MB 24/24
  cert | viol 0.000 | dV -0.182268 | V 0.1991 | inball 0.595 | a*_q05 0.01112 | a*_q50 0.02897 | dV>=0 0.000 | n=150 | a_used 0.00536 -> 0.00553
  crit | n=1 | viol 0.603 | V 0.4017 | Vmin 0.1794 | agree +0.555 | a*_q05 -0.00318 | a*_q50 0.00371 | dV>=0 0.174 | beta 0.1000
  bell | direct viol 0.513 | direct dV>=0 0.464 | d_mean +0.00011 | d_std 0.02744 | d_q95 0.05480
[Episode 350/400] Steps: 720 | Reward:   -2.85 | Battery:  79.50% | Loss: 0.1044
Placing Sensors
[Episode 351/400] Steps: 720 | Reward:   -4.86 | Battery:  43.88% | Loss: 
Placing Sensors
Policy -0.0141 | Value 0.0027 | KL 0.02086 | CF 0.2021 | Std 0.1099 | |a| 0.0608 | Alpha 0.0100 | MB 24/24
  cert | viol 0.026 | dV -0.207787 | V 0.2439 | inball 0.504 | a*_q05 0.00677 | a*_q50 0.03239 | dV>=0 0.000 | n=150 | a_used 0.00553 -> 0.00556
  crit | n=1 | viol 0.635 | V 0.5421 | Vmin 0.1848 | agree +0.425 | a*_q05 -0.00581 | a*_q50 0.00348 | dV>=0 0.346 | beta 0.1000
  bell | direct viol 0.548 | direct dV>=0 0.484 | d_mean +0.00002 | d_std 0.03049 | d_q95 0.06329
[Episode 352/400] Steps: 720 | Reward:   -2.67 | Battery:  77.24% | Loss: -0.0667
Placing Sensors
[Episode 353/400] Steps: 720 | Reward:   -2.55 | Battery:  84.13% | Loss: 
Placing Sensors
Policy -0.0149 | Value 0.0027 | KL 0.01893 | CF 0.1447 | Std 0.1099 | |a| 0.0633 | Alpha 0.0100 | MB 24/24
  cert | viol 0.034 | dV -0.255538 | V 0.2910 | inball 0.600 | a*_q05 0.00702 | a*_q50 0.03729 | dV>=0 0.000 | n=150 | a_used 0.00556 -> 0.00562
  crit | n=1 | viol 0.457 | V 0.4828 | Vmin 0.1951 | agree +0.483 | a*_q05 -0.00652 | a*_q50 0.00608 | dV>=0 0.261 | beta 0.1000
  bell | direct viol 0.496 | direct dV>=0 0.451 | d_mean +0.00038 | d_std 0.03296 | d_q95 0.06646
[Episode 354/400] Steps: 720 | Reward:   -4.61 | Battery:  69.03% | Loss: -0.0808
Placing Sensors
[Episode 355/400] Steps: 720 | Reward:   -4.09 | Battery:  69.27% | Loss: 
Placing Sensors
Policy -0.0112 | Value 0.0032 | KL 0.01123 | CF 0.1130 | Std 0.1099 | |a| 0.0476 | Alpha 0.0100 | MB 24/24
  cert | viol 0.050 | dV -0.296424 | V 0.3293 | inball 0.561 | a*_q05 0.00627 | a*_q50 0.03757 | dV>=0 0.000 | n=150 | a_used 0.00562 -> 0.00564
  crit | n=1 | viol 0.498 | V 0.5079 | Vmin 0.1765 | agree +0.389 | a*_q05 -0.00576 | a*_q50 0.00596 | dV>=0 0.300 | beta 0.1000
  bell | direct viol 0.536 | direct dV>=0 0.485 | d_mean -0.00057 | d_std 0.03077 | d_q95 0.06264
[Episode 356/400] Steps: 720 | Reward:   -4.11 | Battery:  72.67% | Loss: 0.0999
Placing Sensors
[Episode 357/400] Steps: 720 | Reward:   -4.06 | Battery:  78.33% | Loss: 
Placing Sensors
Policy -0.0109 | Value 0.0035 | KL 0.02316 | CF 0.1605 | Std 0.1099 | |a| 0.0590 | Alpha 0.0100 | MB 18/24
  cert | viol 0.035 | dV -0.255489 | V 0.2896 | inball 0.606 | a*_q05 0.00672 | a*_q50 0.03360 | dV>=0 0.000 | n=150 | a_used 0.00564 -> 0.00564
  crit | n=1 | viol 0.752 | V 0.5114 | Vmin 0.2151 | agree +0.809 | a*_q05 -0.00544 | a*_q50 0.00325 | dV>=0 0.299 | beta 0.1000
  bell | direct viol 0.517 | direct dV>=0 0.465 | d_mean +0.00078 | d_std 0.03258 | d_q95 0.06584
[Episode 358/400] Steps: 720 | Reward:   -3.52 | Battery:  85.70% | Loss: 0.0557
Placing Sensors
[Episode 359/400] Steps: 720 | Reward:   -2.81 | Battery:  72.56% | Loss: 
Placing Sensors
Policy 0.0075 | Value 0.0033 | KL 0.02466 | CF 0.1845 | Std 0.1099 | |a| 0.0538 | Alpha 0.0100 | MB 18/24
  cert | viol 0.000 | dV -0.232383 | V 0.2501 | inball 0.615 | a*_q05 0.01071 | a*_q50 0.03729 | dV>=0 0.000 | n=150 | a_used 0.00564 -> 0.00581
  crit | n=1 | viol 0.667 | V 0.4807 | Vmin 0.1662 | agree +0.460 | a*_q05 -0.00550 | a*_q50 0.00332 | dV>=0 0.275 | beta 0.1000
  bell | direct viol 0.508 | direct dV>=0 0.477 | d_mean +0.00118 | d_std 0.03478 | d_q95 0.06618
[Episode 360/400] Steps: 720 | Reward:   -3.29 | Battery:  80.79% | Loss: 0.0807
Placing Sensors
[Episode 361/400] Steps: 720 | Reward:   -4.75 | Battery:  62.93% | Loss: 
Placing Sensors
Policy -0.0144 | Value 0.0054 | KL 0.01887 | CF 0.1749 | Std 0.1098 | |a| 0.0521 | Alpha 0.0100 | MB 18/24
  cert | viol 0.169 | dV -0.252330 | V 0.3417 | inball 0.435 | a*_q05 0.00106 | a*_q50 0.02803 | dV>=0 0.002 | n=150 | a_used 0.00581 -> 0.00521
  crit | n=1 | viol 0.468 | V 0.6387 | Vmin 0.2307 | agree +0.382 | a*_q05 -0.00463 | a*_q50 0.00681 | dV>=0 0.242 | beta 0.1000
  bell | direct viol 0.552 | direct dV>=0 0.467 | d_mean -0.00149 | d_std 0.02984 | d_q95 0.06052
[Episode 362/400] Steps: 720 | Reward:   -5.70 | Battery:  55.70% | Loss: -0.0880
Placing Sensors
[Episode 363/400] Steps: 720 | Reward:   -2.78 | Battery:  84.79% | Loss: 
Placing Sensors
Policy -0.0136 | Value 0.0036 | KL 0.01306 | CF 0.1229 | Std 0.1098 | |a| 0.0519 | Alpha 0.0100 | MB 24/24
  cert | viol 0.028 | dV -0.266107 | V 0.2927 | inball 0.571 | a*_q05 0.00772 | a*_q50 0.03638 | dV>=0 0.000 | n=150 | a_used 0.00521 -> 0.00538
  crit | n=1 | viol 0.681 | V 0.5622 | Vmin 0.1845 | agree +0.523 | a*_q05 -0.00639 | a*_q50 0.00282 | dV>=0 0.380 | beta 0.1000
  bell | direct viol 0.528 | direct dV>=0 0.461 | d_mean +0.00100 | d_std 0.02802 | d_q95 0.05716
[Episode 364/400] Steps: 720 | Reward:   -4.75 | Battery:  64.64% | Loss: -0.0109
Placing Sensors
[Episode 365/400] Steps: 720 | Reward:   -3.18 | Battery:  83.37% | Loss: 
Placing Sensors
Policy -0.0157 | Value 0.0027 | KL 0.01648 | CF 0.1510 | Std 0.1098 | |a| 0.0535 | Alpha 0.0100 | MB 24/24
  cert | viol 0.000 | dV -0.260015 | V 0.2823 | inball 0.638 | a*_q05 0.00943 | a*_q50 0.03573 | dV>=0 0.000 | n=150 | a_used 0.00538 -> 0.00551
  crit | n=1 | viol 0.635 | V 0.4726 | Vmin 0.1732 | agree +0.644 | a*_q05 -0.00560 | a*_q50 0.00373 | dV>=0 0.300 | beta 0.1000
  bell | direct viol 0.514 | direct dV>=0 0.461 | d_mean +0.00049 | d_std 0.03062 | d_q95 0.06223
[Episode 366/400] Steps: 720 | Reward:   -2.83 | Battery:  83.09% | Loss: 0.0170
Placing Sensors
[Episode 367/400] Steps: 720 | Reward:   -4.26 | Battery:  83.51% | Loss: 
Placing Sensors
Policy -0.0124 | Value 0.0025 | KL 0.01602 | CF 0.1381 | Std 0.1098 | |a| 0.0559 | Alpha 0.0100 | MB 24/24
  cert | viol 0.059 | dV -0.254622 | V 0.3053 | inball 0.571 | a*_q05 0.00555 | a*_q50 0.03168 | dV>=0 0.000 | n=150 | a_used 0.00551 -> 0.00553
  crit | n=1 | viol 0.324 | V 0.4378 | Vmin 0.1702 | agree +0.671 | a*_q05 -0.00494 | a*_q50 0.00912 | dV>=0 0.141 | beta 0.1000
  bell | direct viol 0.492 | direct dV>=0 0.441 | d_mean -0.00122 | d_std 0.02541 | d_q95 0.05251
[Episode 368/400] Steps: 720 | Reward:   -3.72 | Battery:  81.39% | Loss: -0.0343
Placing Sensors
[Episode 369/400] Steps: 720 | Reward:   -4.53 | Battery:  65.18% | Loss: 
Placing Sensors
Policy -0.0156 | Value 0.0029 | KL 0.01335 | CF 0.1407 | Std 0.1098 | |a| 0.0625 | Alpha 0.0100 | MB 24/24
  cert | viol 0.069 | dV -0.220608 | V 0.2630 | inball 0.508 | a*_q05 0.00523 | a*_q50 0.03050 | dV>=0 0.000 | n=150 | a_used 0.00553 -> 0.00566
  crit | n=1 | viol 0.793 | V 0.6051 | Vmin 0.2338 | agree +0.442 | a*_q05 -0.00449 | a*_q50 0.00276 | dV>=0 0.284 | beta 0.1000
  bell | direct viol 0.522 | direct dV>=0 0.465 | d_mean +0.00054 | d_std 0.03110 | d_q95 0.06343
[Episode 370/400] Steps: 720 | Reward:   -4.04 | Battery:  76.61% | Loss: -0.0337
Placing Sensors
[Episode 371/400] Steps: 720 | Reward:   -4.37 | Battery:  75.36% | Loss: 
Placing Sensors
Policy -0.0188 | Value 0.0034 | KL 0.01761 | CF 0.1507 | Std 0.1097 | |a| 0.0611 | Alpha 0.0100 | MB 24/24
  cert | viol 0.004 | dV -0.237079 | V 0.2648 | inball 0.574 | a*_q05 0.00816 | a*_q50 0.03411 | dV>=0 0.000 | n=150 | a_used 0.00566 -> 0.00579
  crit | n=1 | viol 0.693 | V 0.5017 | Vmin 0.1632 | agree +0.604 | a*_q05 -0.00546 | a*_q50 0.00217 | dV>=0 0.325 | beta 0.1000
  bell | direct viol 0.508 | direct dV>=0 0.455 | d_mean +0.00075 | d_std 0.02897 | d_q95 0.05814
[Episode 372/400] Steps: 720 | Reward:   -3.10 | Battery:  77.67% | Loss: -0.0767
Placing Sensors
[Episode 373/400] Steps: 720 | Reward:   -4.61 | Battery:  74.50% | Loss: 
Placing Sensors
Policy -0.0112 | Value 0.0094 | KL 0.01721 | CF 0.1430 | Std 0.1097 | |a| 0.0540 | Alpha 0.0100 | MB 24/24
  cert | viol 0.230 | dV -0.275080 | V 0.3818 | inball 0.471 | a*_q05 0.00183 | a*_q50 0.02621 | dV>=0 0.000 | n=150 | a_used 0.00579 -> 0.00547
  crit | n=1 | viol 0.289 | V 0.5464 | Vmin 0.2441 | agree +0.367 | a*_q05 -0.00502 | a*_q50 0.01129 | dV>=0 0.190 | beta 0.1000
  bell | direct viol 0.521 | direct dV>=0 0.461 | d_mean -0.00359 | d_std 0.03208 | d_q95 0.06679
[Episode 374/400] Steps: 720 | Reward:   -5.60 | Battery:  74.36% | Loss: -0.0445
Placing Sensors
[Episode 375/400] Steps: 720 | Reward:   -3.83 | Battery:  55.83% | Loss: 
Placing Sensors
[Episode 376/400] Steps:  93 | Reward:  -17.59 | Battery:   0.00% | Loss: 
Placing Sensors
Policy -0.0041 | Value 0.0277 | KL 0.01349 | CF 0.1134 | Std 0.1097 | |a| 0.0575 | Alpha 0.0100 | MB 24/24
  cert | viol 0.000 | dV -0.215302 | V 0.2338 | inball 0.451 | a*_q05 0.01018 | a*_q50 0.03707 | dV>=0 0.000 | n=150 | a_used 0.00547 -> 0.00564
  crit | n=1 | viol 0.831 | V 0.6102 | Vmin 0.1715 | agree +0.663 | a*_q05 -0.00718 | a*_q50 0.00018 | dV>=0 0.491 | beta 0.1000
  bell | direct viol 0.536 | direct dV>=0 0.486 | d_mean +0.00145 | d_std 0.04507 | d_q95 0.09366
[Episode 377/400] Steps: 720 | Reward:   -3.49 | Battery:  77.71% | Loss: 0.0450
Placing Sensors
[Episode 378/400] Steps: 720 | Reward:   -4.51 | Battery:  79.99% | Loss: 
Placing Sensors
Policy -0.0133 | Value 0.0089 | KL 0.01686 | CF 0.1489 | Std 0.1097 | |a| 0.0529 | Alpha 0.0100 | MB 24/24
  cert | viol 0.012 | dV -0.325366 | V 0.3629 | inball 0.512 | a*_q05 0.00798 | a*_q50 0.03463 | dV>=0 0.000 | n=150 | a_used 0.00564 -> 0.00573
  crit | n=1 | viol 0.692 | V 0.6296 | Vmin 0.2322 | agree +0.559 | a*_q05 -0.00707 | a*_q50 0.00240 | dV>=0 0.382 | beta 0.1000
  bell | direct viol 0.525 | direct dV>=0 0.482 | d_mean +0.00106 | d_std 0.04668 | d_q95 0.09507
[Episode 379/400] Steps: 720 | Reward:   -4.41 | Battery:  72.90% | Loss: -0.0472
Placing Sensors
[Episode 380/400] Steps: 720 | Reward:   -2.71 | Battery:  74.60% | Loss: 
Placing Sensors
Policy 0.0070 | Value 0.0082 | KL 0.02413 | CF 0.2365 | Std 0.1097 | |a| 0.0601 | Alpha 0.0100 | MB 12/24
  cert | viol 0.046 | dV -0.239608 | V 0.2834 | inball 0.543 | a*_q05 0.00647 | a*_q50 0.03137 | dV>=0 0.000 | n=150 | a_used 0.00573 -> 0.00575
  crit | n=1 | viol 0.620 | V 0.5976 | Vmin 0.2373 | agree +0.384 | a*_q05 -0.00711 | a*_q50 0.00377 | dV>=0 0.337 | beta 0.1000
  bell | direct viol 0.511 | direct dV>=0 0.474 | d_mean +0.00044 | d_std 0.04110 | d_q95 0.08369
[Episode 381/400] Steps: 720 | Reward:   -5.26 | Battery:  75.66% | Loss: 0.0518
Placing Sensors
[Episode 382/400] Steps: 720 | Reward:   -3.16 | Battery:  74.85% | Loss: 
Placing Sensors
Policy -0.0062 | Value 0.0053 | KL 0.01397 | CF 0.1693 | Std 0.1097 | |a| 0.0514 | Alpha 0.0100 | MB 24/24
  cert | viol 0.000 | dV -0.245236 | V 0.2518 | inball 0.671 | a*_q05 0.01653 | a*_q50 0.04226 | dV>=0 0.000 | n=150 | a_used 0.00575 -> 0.00592
  crit | n=1 | viol 0.878 | V 0.4605 | Vmin 0.1949 | agree +0.639 | a*_q05 -0.00741 | a*_q50 -0.00040 | dV>=0 0.535 | beta 0.1000
  bell | direct viol 0.473 | direct dV>=0 0.428 | d_mean +0.00310 | d_std 0.03656 | d_q95 0.07205
[Episode 383/400] Steps: 720 | Reward:   -1.65 | Battery:  84.11% | Loss: 0.0862
Placing Sensors
[Episode 384/400] Steps: 720 | Reward:   -5.56 | Battery:  71.11% | Loss: 
Placing Sensors
Policy -0.0068 | Value 0.0080 | KL 0.02407 | CF 0.1476 | Std 0.1097 | |a| 0.0601 | Alpha 0.0100 | MB 12/24
  cert | viol 0.212 | dV -0.209537 | V 0.3037 | inball 0.426 | a*_q05 -0.00563 | a*_q50 0.02671 | dV>=0 0.084 | n=150 | a_used 0.00592 -> 0.00450
  crit | n=1 | viol 0.631 | V 0.5938 | Vmin 0.2033 | agree +0.595 | a*_q05 -0.00604 | a*_q50 0.00344 | dV>=0 0.375 | beta 0.1000
  bell | direct viol 0.521 | direct dV>=0 0.478 | d_mean -0.00053 | d_std 0.03734 | d_q95 0.07326
[Episode 385/400] Steps: 720 | Reward:   -3.58 | Battery:  65.67% | Loss: -0.0316
Placing Sensors
[Episode 386/400] Steps: 720 | Reward:   -3.10 | Battery:  81.39% | Loss: 
Placing Sensors
[Episode 387/400] Steps:  69 | Reward:  -17.61 | Battery:   0.00% | Loss: 
Placing Sensors
Policy -0.0062 | Value 0.0222 | KL 0.01812 | CF 0.2008 | Std 0.1097 | |a| 0.0696 | Alpha 0.0100 | MB 24/24
  cert | viol 0.039 | dV -0.204176 | V 0.2336 | inball 0.548 | a*_q05 0.00550 | a*_q50 0.03459 | dV>=0 0.000 | n=150 | a_used 0.00450 -> 0.00456
  crit | n=1 | viol 0.523 | V 0.5005 | Vmin 0.1615 | agree +0.603 | a*_q05 -0.00592 | a*_q50 0.00420 | dV>=0 0.268 | beta 0.1000
  bell | direct viol 0.519 | direct dV>=0 0.487 | d_mean +0.00040 | d_std 0.04964 | d_q95 0.10455
[Episode 388/400] Steps: 720 | Reward:   -3.36 | Battery:  65.66% | Loss: 0.0620
Placing Sensors
[Episode 389/400] Steps: 720 | Reward:   -3.90 | Battery:  82.53% | Loss: 
Placing Sensors
Policy -0.0015 | Value 0.0090 | KL 0.02070 | CF 0.1702 | Std 0.1096 | |a| 0.0528 | Alpha 0.0100 | MB 18/24
  cert | viol 0.032 | dV -0.265162 | V 0.3020 | inball 0.603 | a*_q05 0.00608 | a*_q50 0.03627 | dV>=0 0.000 | n=150 | a_used 0.00456 -> 0.00474
  crit | n=1 | viol 0.447 | V 0.4872 | Vmin 0.1713 | agree +0.636 | a*_q05 -0.00511 | a*_q50 0.00558 | dV>=0 0.225 | beta 0.1000
  bell | direct viol 0.493 | direct dV>=0 0.467 | d_mean +0.00236 | d_std 0.06820 | d_q95 0.14815
[Episode 390/400] Steps: 720 | Reward:   -3.51 | Battery:  77.66% | Loss: 0.1709
Placing Sensors
[Episode 391/400] Steps: 720 | Reward:   -2.19 | Battery:  83.62% | Loss: 
Placing Sensors
Policy -0.0155 | Value 0.0067 | KL 0.01422 | CF 0.1227 | Std 0.1096 | |a| 0.0714 | Alpha 0.0100 | MB 24/24
  cert | viol 0.092 | dV -0.238856 | V 0.3341 | inball 0.498 | a*_q05 0.00269 | a*_q50 0.02449 | dV>=0 0.014 | n=150 | a_used 0.00474 -> 0.00472
  crit | n=1 | viol 0.359 | V 0.5642 | Vmin 0.1261 | agree +0.529 | a*_q05 -0.00445 | a*_q50 0.00649 | dV>=0 0.147 | beta 0.1000
  bell | direct viol 0.507 | direct dV>=0 0.475 | d_mean -0.00151 | d_std 0.03982 | d_q95 0.08222
[Episode 392/400] Steps: 720 | Reward:   -6.74 | Battery:  69.08% | Loss: -0.0949
Placing Sensors
[Episode 393/400] Steps: 720 | Reward:   -4.03 | Battery:  79.83% | Loss: 
Placing Sensors
Policy -0.0092 | Value 0.0036 | KL 0.01656 | CF 0.1827 | Std 0.1096 | |a| 0.0529 | Alpha 0.0100 | MB 24/24
  cert | viol 0.031 | dV -0.258997 | V 0.2896 | inball 0.589 | a*_q05 0.00721 | a*_q50 0.03537 | dV>=0 0.000 | n=150 | a_used 0.00472 -> 0.00490
  crit | n=1 | viol 0.601 | V 0.4993 | Vmin 0.1112 | agree +0.581 | a*_q05 -0.00443 | a*_q50 0.00355 | dV>=0 0.267 | beta 0.1000
  bell | direct viol 0.501 | direct dV>=0 0.464 | d_mean +0.00093 | d_std 0.04440 | d_q95 0.08861
[Episode 394/400] Steps: 720 | Reward:   -3.02 | Battery:  71.00% | Loss: -0.0781
Placing Sensors
[Episode 395/400] Steps: 720 | Reward:   -6.14 | Battery:  62.25% | Loss: 
Placing Sensors
Policy -0.0110 | Value 0.0059 | KL 0.01720 | CF 0.1675 | Std 0.1097 | |a| 0.0745 | Alpha 0.0100 | MB 24/24
  cert | viol 0.274 | dV -0.254608 | V 0.3872 | inball 0.431 | a*_q05 0.00058 | a*_q50 0.02359 | dV>=0 0.008 | n=150 | a_used 0.00490 -> 0.00438
  crit | n=1 | viol 0.488 | V 0.7127 | Vmin 0.1705 | agree +0.449 | a*_q05 -0.00613 | a*_q50 0.00519 | dV>=0 0.226 | beta 0.1000
  bell | direct viol 0.533 | direct dV>=0 0.487 | d_mean -0.00059 | d_std 0.04292 | d_q95 0.08900
[Episode 396/400] Steps: 720 | Reward:   -5.03 | Battery:  78.88% | Loss: 0.0858
Placing Sensors
[Episode 397/400] Steps: 720 | Reward:   -4.14 | Battery:  74.20% | Loss: 
Placing Sensors
Policy -0.0122 | Value 0.0068 | KL 0.01632 | CF 0.1881 | Std 0.1097 | |a| 0.0523 | Alpha 0.0100 | MB 24/24
  cert | viol 0.006 | dV -0.297090 | V 0.3202 | inball 0.571 | a*_q05 0.00992 | a*_q50 0.03953 | dV>=0 0.000 | n=150 | a_used 0.00438 -> 0.00453
  crit | n=1 | viol 0.508 | V 0.5357 | Vmin 0.1535 | agree +0.572 | a*_q05 -0.00613 | a*_q50 0.00435 | dV>=0 0.315 | beta 0.1000
  bell | direct viol 0.491 | direct dV>=0 0.457 | d_mean +0.00183 | d_std 0.04329 | d_q95 0.08537
[Episode 398/400] Steps: 720 | Reward:   -3.07 | Battery:  83.10% | Loss: 0.0406
Placing Sensors
[Episode 399/400] Steps: 720 | Reward:   -2.03 | Battery:  81.06% | Loss: 
Placing Sensors
Policy -0.0098 | Value 0.0046 | KL 0.01789 | CF 0.1717 | Std 0.1097 | |a| 0.0611 | Alpha 0.0100 | MB 24/24
  cert | viol 0.000 | dV -0.238609 | V 0.2577 | inball 0.633 | a*_q05 0.00949 | a*_q50 0.03807 | dV>=0 0.000 | n=150 | a_used 0.00453 -> 0.00471
  crit | n=1 | viol 0.589 | V 0.4463 | Vmin 0.1611 | agree +0.610 | a*_q05 -0.00632 | a*_q50 0.00282 | dV>=0 0.371 | beta 0.1000
  bell | direct viol 0.491 | direct dV>=0 0.458 | d_mean +0.00152 | d_std 0.04356 | d_q95 0.08843
[Episode 400/400] Steps: 720 | Reward:   -4.03 | Battery:  80.20% | Loss: 0.0016
Placing Sensors
[Episode 401/400] Steps: 720 | Reward:   -2.70 | Battery:  78.75% | Loss: 
Placing Sensors
Policy -0.0126 | Value 0.0040 | KL 0.02245 | CF 0.1754 | Std 0.1098 | |a| 0.0641 | Alpha 0.0100 | MB 24/24
  cert | viol 0.060 | dV -0.239031 | V 0.2872 | inball 0.565 | a*_q05 0.00507 | a*_q50 0.03234 | dV>=0 0.000 | n=150 | a_used 0.00471 -> 0.00466
  crit | n=1 | viol 0.479 | V 0.4972 | Vmin 0.1488 | agree +0.567 | a*_q05 -0.00503 | a*_q50 0.00512 | dV>=0 0.245 | beta 0.1000
  bell | direct viol 0.503 | direct dV>=0 0.472 | d_mean -0.00061 | d_std 0.03575 | d_q95 0.07237
[Episode 402/400] Steps: 720 | Reward:   -4.60 | Battery:  70.99% | Loss: -0.0712
Placing Sensors
[Episode 403/400] Steps: 720 | Reward:   -3.99 | Battery:  82.24% | Loss: 
Placing Sensors
Policy -0.0092 | Value 0.0053 | KL 0.02130 | CF 0.1611 | Std 0.1098 | |a| 0.0613 | Alpha 0.0100 | MB 24/24
  cert | viol 0.014 | dV -0.309005 | V 0.3438 | inball 0.569 | a*_q05 0.00687 | a*_q50 0.03607 | dV>=0 0.000 | n=150 | a_used 0.00466 -> 0.00477
  crit | n=1 | viol 0.417 | V 0.5231 | Vmin 0.1753 | agree +0.615 | a*_q05 -0.00647 | a*_q50 0.00618 | dV>=0 0.271 | beta 0.1000
  bell | direct viol 0.509 | direct dV>=0 0.470 | d_mean -0.00049 | d_std 0.04218 | d_q95 0.08888
[Episode 404/400] Steps: 720 | Reward:   -4.46 | Battery:  79.02% | Loss: 0.0466
Placing Sensors
[Episode 405/400] Steps: 720 | Reward:   -4.75 | Battery:  84.53% | Loss: 
Placing Sensors
Policy -0.0038 | Value 0.0030 | KL 0.01704 | CF 0.1775 | Std 0.1098 | |a| 0.0651 | Alpha 0.0100 | MB 24/24
  cert | viol 0.057 | dV -0.170850 | V 0.2166 | inball 0.523 | a*_q05 0.00465 | a*_q50 0.02459 | dV>=0 0.000 | n=150 | a_used 0.00477 -> 0.00471
  crit | n=1 | viol 0.431 | V 0.4989 | Vmin 0.1609 | agree +0.558 | a*_q05 -0.00491 | a*_q50 0.00605 | dV>=0 0.161 | beta 0.1000
  bell | direct viol 0.520 | direct dV>=0 0.478 | d_mean +0.00019 | d_std 0.02901 | d_q95 0.05919
[Episode 406/400] Steps: 720 | Reward:   -2.13 | Battery:  77.78% | Loss: 0.0775
Placing Sensors
[Episode 407/400] Steps: 720 | Reward:   -3.13 | Battery:  86.44% | Loss: 
Placing Sensors
Policy 0.0011 | Value 0.0031 | KL 0.02042 | CF 0.1733 | Std 0.1098 | |a| 0.0642 | Alpha 0.0100 | MB 18/24
  cert | viol 0.000 | dV -0.255201 | V 0.2750 | inball 0.662 | a*_q05 0.00988 | a*_q50 0.03850 | dV>=0 0.000 | n=150 | a_used 0.00471 -> 0.00486
  crit | n=1 | viol 0.499 | V 0.3909 | Vmin 0.1369 | agree +0.650 | a*_q05 -0.00603 | a*_q50 0.00464 | dV>=0 0.265 | beta 0.1000
  bell | direct viol 0.485 | direct dV>=0 0.458 | d_mean +0.00055 | d_std 0.04336 | d_q95 0.08801
[Episode 408/400] Steps: 720 | Reward:   -2.42 | Battery:  82.38% | Loss: 0.0870
Placing Sensors
[Episode 409/400] Steps: 720 | Reward:   -3.64 | Battery:  80.81% | Loss: 
Placing Sensors
Policy -0.0083 | Value 0.0034 | KL 0.02305 | CF 0.1775 | Std 0.1098 | |a| 0.0604 | Alpha 0.0100 | MB 18/24
  cert | viol 0.016 | dV -0.230790 | V 0.2615 | inball 0.605 | a*_q05 0.00672 | a*_q50 0.03376 | dV>=0 0.000 | n=150 | a_used 0.00486 -> 0.00495
  crit | n=1 | viol 0.349 | V 0.4314 | Vmin 0.1572 | agree +0.548 | a*_q05 -0.00362 | a*_q50 0.00788 | dV>=0 0.128 | beta 0.1000
  bell | direct viol 0.479 | direct dV>=0 0.447 | d_mean -0.00058 | d_std 0.03807 | d_q95 0.07871
[Episode 410/400] Steps: 720 | Reward:   -3.24 | Battery:  85.09% | Loss: -0.0607
Placing Sensors
[Episode 411/400] Steps: 720 | Reward:   -2.58 | Battery:  84.20% | Loss: 
Placing Sensors
Policy -0.0033 | Value 0.0024 | KL 0.01712 | CF 0.1727 | Std 0.1098 | |a| 0.0630 | Alpha 0.0100 | MB 24/24
  cert | viol 0.000 | dV -0.268284 | V 0.2873 | inball 0.646 | a*_q05 0.01003 | a*_q50 0.03798 | dV>=0 0.000 | n=150 | a_used 0.00495 -> 0.00507
  crit | n=1 | viol 0.380 | V 0.4417 | Vmin 0.1217 | agree +0.545 | a*_q05 -0.00541 | a*_q50 0.00643 | dV>=0 0.236 | beta 0.1000
  bell | direct viol 0.477 | direct dV>=0 0.447 | d_mean +0.00016 | d_std 0.03418 | d_q95 0.06798
[Episode 412/400] Steps: 720 | Reward:   -3.28 | Battery:  82.23% | Loss: 0.1274
Placing Sensors
[Episode 413/400] Steps: 720 | Reward:   -2.18 | Battery:  87.37% | Loss: 
Placing Sensors
Policy -0.0066 | Value 0.0047 | KL 0.01551 | CF 0.1545 | Std 0.1098 | |a| 0.0556 | Alpha 0.0100 | MB 24/24
  cert | viol 0.005 | dV -0.288123 | V 0.3134 | inball 0.645 | a*_q05 0.01007 | a*_q50 0.03695 | dV>=0 0.000 | n=150 | a_used 0.00507 -> 0.00524
  crit | n=1 | viol 0.325 | V 0.3902 | Vmin 0.1191 | agree +0.484 | a*_q05 -0.00420 | a*_q50 0.01039 | dV>=0 0.169 | beta 0.1000
  bell | direct viol 0.502 | direct dV>=0 0.479 | d_mean -0.00107 | d_std 0.03516 | d_q95 0.07133
[Episode 414/400] Steps: 720 | Reward:   -4.35 | Battery:  83.83% | Loss: -0.0426
Placing Sensors
[Episode 415/400] Steps: 720 | Reward:   -4.40 | Battery:  60.86% | Loss: 
Placing Sensors
Policy -0.0159 | Value 0.0036 | KL 0.01339 | CF 0.1338 | Std 0.1098 | |a| 0.0767 | Alpha 0.0100 | MB 24/24
  cert | viol 0.000 | dV -0.217754 | V 0.2474 | inball 0.521 | a*_q05 0.00728 | a*_q50 0.03701 | dV>=0 0.000 | n=150 | a_used 0.00524 -> 0.00538
  crit | n=1 | viol 0.671 | V 0.5380 | Vmin 0.1085 | agree +0.458 | a*_q05 -0.00529 | a*_q50 0.00176 | dV>=0 0.381 | beta 0.1000
  bell | direct viol 0.518 | direct dV>=0 0.462 | d_mean +0.00123 | d_std 0.03549 | d_q95 0.07242
[Episode 416/400] Steps: 720 | Reward:   -3.08 | Battery:  72.06% | Loss: 0.0725
Placing Sensors
[Episode 417/400] Steps: 720 | Reward:   -3.27 | Battery:  82.26% | Loss: 
Placing Sensors
Policy -0.0187 | Value 0.0022 | KL 0.01223 | CF 0.1180 | Std 0.1098 | |a| 0.0642 | Alpha 0.0100 | MB 24/24
  cert | viol 0.000 | dV -0.284101 | V 0.3023 | inball 0.625 | a*_q05 0.01079 | a*_q50 0.03846 | dV>=0 0.000 | n=150 | a_used 0.00538 -> 0.00555
  crit | n=1 | viol 0.389 | V 0.4265 | Vmin 0.1302 | agree +0.494 | a*_q05 -0.00373 | a*_q50 0.00704 | dV>=0 0.183 | beta 0.1000
  bell | direct viol 0.504 | direct dV>=0 0.472 | d_mean -0.00056 | d_std 0.03144 | d_q95 0.05976
[Episode 418/400] Steps: 720 | Reward:   -3.66 | Battery:  77.12% | Loss: -0.0649
Placing Sensors
[Episode 419/400] Steps: 720 | Reward:   -4.76 | Battery:  78.92% | Loss: 
Placing Sensors
Policy -0.0149 | Value 0.0037 | KL 0.01455 | CF 0.1472 | Std 0.1098 | |a| 0.0689 | Alpha 0.0100 | MB 24/24
  cert | viol 0.078 | dV -0.264313 | V 0.3223 | inball 0.482 | a*_q05 0.00454 | a*_q50 0.03129 | dV>=0 0.000 | n=150 | a_used 0.00555 -> 0.00560
  crit | n=1 | viol 0.480 | V 0.5731 | Vmin 0.1955 | agree +0.636 | a*_q05 -0.00507 | a*_q50 0.00575 | dV>=0 0.207 | beta 0.1000
  bell | direct viol 0.514 | direct dV>=0 0.456 | d_mean -0.00072 | d_std 0.02877 | d_q95 0.05623
[Episode 420/400] Steps: 720 | Reward:   -4.14 | Battery:  66.39% | Loss: -0.0629
Placing Sensors
[Episode 421/400] Steps: 720 | Reward:   -3.30 | Battery:  86.98% | Loss: 
Placing Sensors
Policy -0.0164 | Value 0.0022 | KL 0.01747 | CF 0.1734 | Std 0.1098 | |a| 0.0609 | Alpha 0.0100 | MB 24/24
  cert | viol 0.015 | dV -0.210571 | V 0.2429 | inball 0.586 | a*_q05 0.00722 | a*_q50 0.03205 | dV>=0 0.000 | n=150 | a_used 0.00560 -> 0.00566
  crit | n=1 | viol 0.466 | V 0.4750 | Vmin 0.1791 | agree +0.617 | a*_q05 -0.00320 | a*_q50 0.00589 | dV>=0 0.114 | beta 0.1000
  bell | direct viol 0.499 | direct dV>=0 0.459 | d_mean +0.00001 | d_std 0.02670 | d_q95 0.05289
[Episode 422/400] Steps: 720 | Reward:   -4.19 | Battery:  79.96% | Loss: -0.0573
Placing Sensors
[Episode 423/400] Steps: 720 | Reward:   -3.29 | Battery:  86.15% | Loss: 
Placing Sensors
Policy -0.0155 | Value 0.0021 | KL 0.01623 | CF 0.1580 | Std 0.1098 | |a| 0.0662 | Alpha 0.0100 | MB 24/24
  cert | viol 0.005 | dV -0.245303 | V 0.2589 | inball 0.680 | a*_q05 0.01203 | a*_q50 0.04095 | dV>=0 0.000 | n=150 | a_used 0.00566 -> 0.00582
  crit | n=1 | viol 0.572 | V 0.4315 | Vmin 0.1735 | agree +0.531 | a*_q05 -0.00643 | a*_q50 0.00465 | dV>=0 0.301 | beta 0.1000
  bell | direct viol 0.510 | direct dV>=0 0.471 | d_mean +0.00007 | d_std 0.03200 | d_q95 0.06243
[Episode 424/400] Steps: 720 | Reward:   -2.48 | Battery:  81.93% | Loss: 0.0853
Placing Sensors
[Episode 425/400] Steps: 720 | Reward:   -3.57 | Battery:  85.23% | Loss: 
Placing Sensors
Policy -0.0118 | Value 0.0026 | KL 0.01311 | CF 0.1154 | Std 0.1098 | |a| 0.0658 | Alpha 0.0100 | MB 24/24
  cert | viol 0.018 | dV -0.285491 | V 0.3169 | inball 0.600 | a*_q05 0.00823 | a*_q50 0.03637 | dV>=0 0.000 | n=150 | a_used 0.00582 -> 0.00593
  crit | n=1 | viol 0.331 | V 0.4608 | Vmin 0.1421 | agree +0.550 | a*_q05 -0.00525 | a*_q50 0.00863 | dV>=0 0.200 | beta 0.1000
  bell | direct viol 0.526 | direct dV>=0 0.475 | d_mean -0.00110 | d_std 0.02946 | d_q95 0.05987
[Episode 426/400] Steps: 720 | Reward:   -3.50 | Battery:  76.85% | Loss: -0.0239
Placing Sensors
[Episode 427/400] Steps: 720 | Reward:   -3.75 | Battery:  82.83% | Loss: 
Placing Sensors
Policy -0.0113 | Value 0.0019 | KL 0.01330 | CF 0.1357 | Std 0.1098 | |a| 0.0667 | Alpha 0.0100 | MB 24/24
  cert | viol 0.072 | dV -0.226525 | V 0.2687 | inball 0.549 | a*_q05 0.00524 | a*_q50 0.03246 | dV>=0 0.000 | n=150 | a_used 0.00593 -> 0.00586
  crit | n=1 | viol 0.603 | V 0.4972 | Vmin 0.1342 | agree +0.572 | a*_q05 -0.00480 | a*_q50 0.00477 | dV>=0 0.194 | beta 0.1000
  bell | direct viol 0.542 | direct dV>=0 0.472 | d_mean -0.00025 | d_std 0.02898 | d_q95 0.05892
[Episode 428/400] Steps: 720 | Reward:   -3.86 | Battery:  72.66% | Loss: 0.1016
Placing Sensors
[Episode 429/400] Steps: 720 | Reward:   -4.21 | Battery:  81.37% | Loss: 
Placing Sensors
Policy -0.0168 | Value 0.0043 | KL 0.01992 | CF 0.1514 | Std 0.1098 | |a| 0.0687 | Alpha 0.0100 | MB 24/24
  cert | viol 0.000 | dV -0.271906 | V 0.2932 | inball 0.634 | a*_q05 0.01041 | a*_q50 0.03769 | dV>=0 0.000 | n=150 | a_used 0.00586 -> 0.00596
  crit | n=1 | viol 0.665 | V 0.4584 | Vmin 0.1202 | agree +0.708 | a*_q05 -0.00553 | a*_q50 0.00362 | dV>=0 0.270 | beta 0.1000
  bell | direct viol 0.510 | direct dV>=0 0.462 | d_mean +0.00073 | d_std 0.03342 | d_q95 0.06313
[Episode 430/400] Steps: 720 | Reward:   -2.37 | Battery:  86.48% | Loss: 0.0128
Placing Sensors
[Episode 431/400] Steps: 720 | Reward:   -1.75 | Battery:  82.80% | Loss: 
Placing Sensors
Policy -0.0171 | Value 0.0033 | KL 0.01718 | CF 0.1590 | Std 0.1098 | |a| 0.0755 | Alpha 0.0100 | MB 24/24
  cert | viol 0.009 | dV -0.192943 | V 0.2240 | inball 0.614 | a*_q05 0.00775 | a*_q50 0.03396 | dV>=0 0.000 | n=150 | a_used 0.00596 -> 0.00605
  crit | n=1 | viol 0.529 | V 0.4059 | Vmin 0.1322 | agree +0.493 | a*_q05 -0.00504 | a*_q50 0.00535 | dV>=0 0.249 | beta 0.1000
  bell | direct viol 0.519 | direct dV>=0 0.455 | d_mean -0.00016 | d_std 0.02303 | d_q95 0.04655
[Episode 432/400] Steps: 720 | Reward:   -4.26 | Battery:  77.80% | Loss: -0.0489
Placing Sensors
[Episode 433/400] Steps: 720 | Reward:   -3.19 | Battery:  70.88% | Loss: 
Placing Sensors
Policy 0.0068 | Value 0.0032 | KL 0.02670 | CF 0.2376 | Std 0.1097 | |a| 0.0750 | Alpha 0.0100 | MB 12/24
  cert | viol 0.000 | dV -0.258209 | V 0.2680 | inball 0.609 | a*_q05 0.01459 | a*_q50 0.03852 | dV>=0 0.000 | n=150 | a_used 0.00605 -> 0.00620
  crit | n=1 | viol 0.611 | V 0.4376 | Vmin 0.1333 | agree +0.530 | a*_q05 -0.00474 | a*_q50 0.00411 | dV>=0 0.271 | beta 0.1000
  bell | direct viol 0.488 | direct dV>=0 0.440 | d_mean +0.00132 | d_std 0.03289 | d_q95 0.06495
[Episode 434/400] Steps: 720 | Reward:   -3.07 | Battery:  71.85% | Loss: 0.1307
Placing Sensors
[Episode 435/400] Steps: 720 | Reward:   -2.61 | Battery:  82.81% | Loss: 
Placing Sensors
Policy -0.0103 | Value 0.0031 | KL 0.02118 | CF 0.1675 | Std 0.1097 | |a| 0.0801 | Alpha 0.0100 | MB 18/24
  cert | viol 0.054 | dV -0.213332 | V 0.2460 | inball 0.579 | a*_q05 0.00630 | a*_q50 0.03600 | dV>=0 0.000 | n=150 | a_used 0.00620 -> 0.00610
  crit | n=1 | viol 0.536 | V 0.4370 | Vmin 0.1599 | agree +0.439 | a*_q05 -0.00503 | a*_q50 0.00549 | dV>=0 0.265 | beta 0.1000
  bell | direct viol 0.535 | direct dV>=0 0.478 | d_mean -0.00070 | d_std 0.02886 | d_q95 0.05886
[Episode 436/400] Steps: 720 | Reward:   -3.98 | Battery:  69.43% | Loss: 0.1275
Placing Sensors
[Episode 437/400] Steps: 720 | Reward:   -3.01 | Battery:  76.29% | Loss: 
Placing Sensors
Policy -0.0107 | Value 0.0031 | KL 0.01640 | CF 0.1413 | Std 0.1097 | |a| 0.0804 | Alpha 0.0100 | MB 18/24
  cert | viol 0.000 | dV -0.229582 | V 0.2448 | inball 0.651 | a*_q05 0.01116 | a*_q50 0.03766 | dV>=0 0.000 | n=150 | a_used 0.00610 -> 0.00622
  crit | n=1 | viol 0.605 | V 0.4647 | Vmin 0.1615 | agree +0.521 | a*_q05 -0.00566 | a*_q50 0.00473 | dV>=0 0.279 | beta 0.1000
  bell | direct viol 0.519 | direct dV>=0 0.460 | d_mean +0.00023 | d_std 0.03026 | d_q95 0.06088
[Episode 438/400] Steps: 720 | Reward:   -3.51 | Battery:  86.75% | Loss: 0.0295
Placing Sensors
[Episode 439/400] Steps: 720 | Reward:   -3.81 | Battery:  73.03% | Loss: 
Placing Sensors
Policy -0.0089 | Value 0.0041 | KL 0.01923 | CF 0.1859 | Std 0.1097 | |a| 0.0801 | Alpha 0.0100 | MB 18/24
  cert | viol 0.032 | dV -0.299192 | V 0.3305 | inball 0.564 | a*_q05 0.00793 | a*_q50 0.03450 | dV>=0 0.000 | n=150 | a_used 0.00622 -> 0.00632
  crit | n=1 | viol 0.502 | V 0.4876 | Vmin 0.1766 | agree +0.551 | a*_q05 -0.00544 | a*_q50 0.00619 | dV>=0 0.261 | beta 0.1000
  bell | direct viol 0.547 | direct dV>=0 0.489 | d_mean -0.00082 | d_std 0.02975 | d_q95 0.05959
[Episode 440/400] Steps: 720 | Reward:   -4.12 | Battery:  81.42% | Loss: -0.0066
Placing Sensors
[Episode 441/400] Steps: 720 | Reward:   -3.03 | Battery:  75.99% | Loss: 
Placing Sensors
Policy -0.0017 | Value 0.0035 | KL 0.02504 | CF 0.1889 | Std 0.1097 | |a| 0.0910 | Alpha 0.0100 | MB 18/24
  cert | viol 0.000 | dV -0.254301 | V 0.2669 | inball 0.639 | a*_q05 0.01238 | a*_q50 0.04061 | dV>=0 0.000 | n=150 | a_used 0.00632 -> 0.00647
  crit | n=1 | viol 0.630 | V 0.4557 | Vmin 0.1979 | agree +0.468 | a*_q05 -0.00710 | a*_q50 0.00381 | dV>=0 0.370 | beta 0.1000
  bell | direct viol 0.533 | direct dV>=0 0.481 | d_mean +0.00024 | d_std 0.02997 | d_q95 0.05906
[Episode 442/400] Steps: 720 | Reward:   -3.28 | Battery:  80.45% | Loss: 0.1408
Placing Sensors
[Episode 443/400] Steps: 720 | Reward:   -4.60 | Battery:  77.89% | Loss: 
Placing Sensors
Policy -0.0167 | Value 0.0042 | KL 0.02106 | CF 0.2097 | Std 0.1098 | |a| 0.0842 | Alpha 0.0100 | MB 24/24
  cert | viol 0.140 | dV -0.236549 | V 0.2888 | inball 0.544 | a*_q05 0.00472 | a*_q50 0.03170 | dV>=0 0.000 | n=150 | a_used 0.00647 -> 0.00641
  crit | n=1 | viol 0.518 | V 0.5001 | Vmin 0.1767 | agree +0.473 | a*_q05 -0.00669 | a*_q50 0.00628 | dV>=0 0.213 | beta 0.1000
  bell | direct viol 0.536 | direct dV>=0 0.482 | d_mean -0.00096 | d_std 0.03458 | d_q95 0.07021
[Episode 444/400] Steps: 720 | Reward:   -3.44 | Battery:  78.13% | Loss: -0.0915
Placing Sensors
[Episode 445/400] Steps: 720 | Reward:   -3.10 | Battery:  86.12% | Loss: 
Placing Sensors
Policy -0.0053 | Value 0.0027 | KL 0.02067 | CF 0.2001 | Std 0.1098 | |a| 0.0849 | Alpha 0.0100 | MB 18/24
  cert | viol 0.021 | dV -0.244805 | V 0.2690 | inball 0.635 | a*_q05 0.00822 | a*_q50 0.03651 | dV>=0 0.000 | n=150 | a_used 0.00641 -> 0.00646
  crit | n=1 | viol 0.443 | V 0.4126 | Vmin 0.1692 | agree +0.462 | a*_q05 -0.00445 | a*_q50 0.00702 | dV>=0 0.180 | beta 0.1000
  bell | direct viol 0.515 | direct dV>=0 0.464 | d_mean -0.00066 | d_std 0.03597 | d_q95 0.07383
[Episode 446/400] Steps: 720 | Reward:   -3.06 | Battery:  76.81% | Loss: 0.0242
Placing Sensors
[Episode 447/400] Steps: 720 | Reward:   -3.17 | Battery:  84.03% | Loss: 
Placing Sensors
Policy -0.0004 | Value 0.0029 | KL 0.02328 | CF 0.1544 | Std 0.1097 | |a| 0.0749 | Alpha 0.0100 | MB 12/24
  cert | viol 0.000 | dV -0.245872 | V 0.2616 | inball 0.628 | a*_q05 0.01041 | a*_q50 0.03892 | dV>=0 0.000 | n=150 | a_used 0.00646 -> 0.00660
  crit | n=1 | viol 0.702 | V 0.4479 | Vmin 0.1860 | agree +0.633 | a*_q05 -0.00631 | a*_q50 0.00361 | dV>=0 0.336 | beta 0.1000
  bell | direct viol 0.526 | direct dV>=0 0.459 | d_mean +0.00089 | d_std 0.03046 | d_q95 0.05930
[Episode 448/400] Steps: 720 | Reward:   -3.72 | Battery:  78.54% | Loss: -0.0108
Placing Sensors
[Episode 449/400] Steps: 720 | Reward:   -2.78 | Battery:  82.22% | Loss: 
Placing Sensors
Policy -0.0057 | Value 0.0038 | KL 0.02918 | CF 0.2527 | Std 0.1097 | |a| 0.0815 | Alpha 0.0100 | MB 24/24
  cert | viol 0.021 | dV -0.231979 | V 0.2511 | inball 0.591 | a*_q05 0.00964 | a*_q50 0.03631 | dV>=0 0.000 | n=150 | a_used 0.00660 -> 0.00674
  crit | n=1 | viol 0.547 | V 0.4200 | Vmin 0.2054 | agree +0.323 | a*_q05 -0.00535 | a*_q50 0.00579 | dV>=0 0.242 | beta 0.1000
  bell | direct viol 0.530 | direct dV>=0 0.484 | d_mean -0.00193 | d_std 0.03259 | d_q95 0.06938
[Episode 450/400] Steps: 720 | Reward:   -3.66 | Battery:  69.11% | Loss: 0.0065
Placing Sensors
[Episode 451/400] Steps: 720 | Reward:   -2.64 | Battery:  86.57% | Loss: 
Placing Sensors
Policy -0.0018 | Value 0.0021 | KL 0.02298 | CF 0.2156 | Std 0.1097 | |a| 0.0771 | Alpha 0.0100 | MB 18/24
  cert | viol 0.000 | dV -0.247527 | V 0.2601 | inball 0.666 | a*_q05 0.01231 | a*_q50 0.03844 | dV>=0 0.000 | n=150 | a_used 0.00674 -> 0.00687
  crit | n=1 | viol 0.736 | V 0.3976 | Vmin 0.1754 | agree +0.711 | a*_q05 -0.00557 | a*_q50 0.00315 | dV>=0 0.344 | beta 0.1000
  bell | direct viol 0.535 | direct dV>=0 0.483 | d_mean +0.00053 | d_std 0.02907 | d_q95 0.05921
[Episode 452/400] Steps: 720 | Reward:   -2.97 | Battery:  82.35% | Loss: -0.0771
Placing Sensors
[Episode 453/400] Steps: 720 | Reward:   -3.01 | Battery:  77.41% | Loss: 
Placing Sensors
Policy -0.0072 | Value 0.0026 | KL 0.01838 | CF 0.1814 | Std 0.1097 | |a| 0.0665 | Alpha 0.0100 | MB 24/24
  cert | viol 0.007 | dV -0.266181 | V 0.2824 | inball 0.623 | a*_q05 0.01153 | a*_q50 0.04039 | dV>=0 0.000 | n=150 | a_used 0.00687 -> 0.00700
  crit | n=1 | viol 0.638 | V 0.4114 | Vmin 0.1449 | agree +0.632 | a*_q05 -0.00577 | a*_q50 0.00458 | dV>=0 0.313 | beta 0.1000
  bell | direct viol 0.514 | direct dV>=0 0.445 | d_mean +0.00070 | d_std 0.03024 | d_q95 0.06071
[Episode 454/400] Steps: 720 | Reward:   -3.18 | Battery:  81.71% | Loss: -0.0282
Placing Sensors
[Episode 455/400] Steps: 720 | Reward:   -3.90 | Battery:  85.29% | Loss: 
Placing Sensors
Policy -0.0073 | Value 0.0045 | KL 0.02143 | CF 0.2068 | Std 0.1097 | |a| 0.0803 | Alpha 0.0100 | MB 24/24
  cert | viol 0.168 | dV -0.270087 | V 0.3427 | inball 0.515 | a*_q05 0.00319 | a*_q50 0.02839 | dV>=0 0.000 | n=150 | a_used 0.00700 -> 0.00671
  crit | n=1 | viol 0.335 | V 0.5031 | Vmin 0.1879 | agree +0.634 | a*_q05 -0.00501 | a*_q50 0.00908 | dV>=0 0.121 | beta 0.1000
  bell | direct viol 0.550 | direct dV>=0 0.482 | d_mean -0.00214 | d_std 0.03018 | d_q95 0.06203
[Episode 456/400] Steps: 720 | Reward:   -5.53 | Battery:  77.00% | Loss: -0.0347
Placing Sensors
[Episode 457/400] Steps: 720 | Reward:   -2.74 | Battery:  88.29% | Loss: 
Placing Sensors
Policy -0.0217 | Value 0.0014 | KL 0.01623 | CF 0.1544 | Std 0.1097 | |a| 0.0738 | Alpha 0.0100 | MB 24/24
  cert | viol 0.039 | dV -0.245421 | V 0.2777 | inball 0.631 | a*_q05 0.00758 | a*_q50 0.03490 | dV>=0 0.000 | n=150 | a_used 0.00671 -> 0.00677
  crit | n=1 | viol 0.679 | V 0.4243 | Vmin 0.1792 | agree +0.793 | a*_q05 -0.00317 | a*_q50 0.00525 | dV>=0 0.145 | beta 0.1000
  bell | direct viol 0.520 | direct dV>=0 0.456 | d_mean +0.00063 | d_std 0.02809 | d_q95 0.05567
[Episode 458/400] Steps: 720 | Reward:   -3.54 | Battery:  85.88% | Loss: -0.0147
Placing Sensors
[Episode 459/400] Steps: 720 | Reward:   -3.04 | Battery:  72.22% | Loss: 
Placing Sensors
Policy -0.0144 | Value 0.0023 | KL 0.01675 | CF 0.1478 | Std 0.1097 | |a| 0.0725 | Alpha 0.0100 | MB 24/24
  cert | viol 0.000 | dV -0.190820 | V 0.2028 | inball 0.595 | a*_q05 0.01138 | a*_q50 0.03662 | dV>=0 0.000 | n=150 | a_used 0.00677 -> 0.00690
  crit | n=1 | viol 0.831 | V 0.4416 | Vmin 0.1757 | agree +0.568 | a*_q05 -0.00558 | a*_q50 0.00242 | dV>=0 0.290 | beta 0.1000
  bell | direct viol 0.509 | direct dV>=0 0.447 | d_mean +0.00143 | d_std 0.02707 | d_q95 0.05570
[Episode 460/400] Steps: 720 | Reward:   -3.24 | Battery:  73.99% | Loss: -0.0549
Placing Sensors
[Episode 461/400] Steps: 720 | Reward:   -2.94 | Battery:  84.49% | Loss: 
Placing Sensors
Policy -0.0096 | Value 0.0029 | KL 0.01887 | CF 0.1794 | Std 0.1097 | |a| 0.0732 | Alpha 0.0100 | MB 24/24
  cert | viol 0.002 | dV -0.206621 | V 0.2187 | inball 0.657 | a*_q05 0.01177 | a*_q50 0.03921 | dV>=0 0.000 | n=150 | a_used 0.00690 -> 0.00703
  crit | n=1 | viol 0.725 | V 0.3987 | Vmin 0.1633 | agree +0.341 | a*_q05 -0.00587 | a*_q50 0.00271 | dV>=0 0.323 | beta 0.1000
  bell | direct viol 0.530 | direct dV>=0 0.480 | d_mean +0.00015 | d_std 0.03186 | d_q95 0.06611
[Episode 462/400] Steps: 720 | Reward:   -2.34 | Battery:  74.59% | Loss: -0.0864
Placing Sensors
[Episode 463/400] Steps: 720 | Reward:   -3.76 | Battery:  76.54% | Loss: 
Placing Sensors
Policy -0.0033 | Value 0.0019 | KL 0.02320 | CF 0.2043 | Std 0.1097 | |a| 0.0745 | Alpha 0.0100 | MB 18/24
  cert | viol 0.000 | dV -0.274665 | V 0.2942 | inball 0.589 | a*_q05 0.01041 | a*_q50 0.03804 | dV>=0 0.000 | n=150 | a_used 0.00703 -> 0.00716
  crit | n=1 | viol 0.480 | V 0.4627 | Vmin 0.1627 | agree +0.445 | a*_q05 -0.00453 | a*_q50 0.00718 | dV>=0 0.261 | beta 0.1000
  bell | direct viol 0.521 | direct dV>=0 0.473 | d_mean -0.00039 | d_std 0.03218 | d_q95 0.06276
[Episode 464/400] Steps: 720 | Reward:   -3.58 | Battery:  75.36% | Loss: 0.1068
Placing Sensors
[Episode 465/400] Steps: 720 | Reward:   -3.52 | Battery:  70.39% | Loss: 
[budget] 288396 transitions collected over 465 episodes -- step budget met, stopping.
Placing Sensors
  [validation 1/10] steps 720 | battery  31.4% ->  80.5% (min  25.8%) | reward    -2.73 | |a| 0.076 | path     974 m
Placing Sensors
  [validation 2/10] steps 720 | battery  30.8% ->  84.4% (min  17.5%) | reward    -3.70 | |a| 0.078 | path     993 m
Placing Sensors
  [validation 3/10] steps 720 | battery  39.5% ->  78.9% (min  29.4%) | reward    -3.28 | |a| 0.090 | path     922 m
Placing Sensors
  [validation 4/10] steps 720 | battery  34.1% ->  85.7% (min  33.7%) | reward    -2.66 | |a| 0.076 | path     963 m
Placing Sensors
  [validation 5/10] steps 720 | battery  32.5% ->  82.2% (min  20.6%) | reward    -3.82 | |a| 0.091 | path     668 m
Placing Sensors
  [validation 6/10] steps 720 | battery  38.6% ->  81.2% (min  28.6%) | reward    -3.09 | |a| 0.106 | path     754 m
Placing Sensors
  [validation 7/10] steps 720 | battery  33.7% ->  76.5% (min  24.3%) | reward    -3.17 | |a| 0.077 | path     983 m
Placing Sensors
  [validation 8/10] steps 720 | battery  30.6% ->  78.8% (min  28.7%) | reward    -2.28 | |a| 0.079 | path     859 m
Placing Sensors
  [validation 9/10] steps 720 | battery  32.7% ->  81.8% (min  29.6%) | reward    -2.37 | |a| 0.076 | path     962 m
Placing Sensors
  [validation 10/10] steps 720 | battery  33.8% ->  87.1% (min  32.5%) | reward    -3.48 | |a| 0.142 | path     607 m

==============================================================================
VALIDATION COMPLETE -- 10 independent deterministic episodes
==============================================================================
metric                       mean        std        min        max
reward                      -3.06       0.53      -3.82      -2.28
final battery %             81.70       3.30      76.45      87.08
min battery %               27.08       5.10      17.49      33.72
steps                      720.00       0.00     720.00     720.00
solar W                     28.14       2.34      23.41      30.59
|action|                     0.09       0.02       0.08       0.14
path m                     868.38     142.22     606.71     992.59
tortuosity                  26.66      34.85       6.30     122.48
motion mAh                 595.63      91.06     422.65     692.85
idle mAh                 11583.10       1.75   11582.40   11587.90

survived full 720 steps : 10/10
ended below 20% battery         : 0/10
ended above 70% battery         : 10/10

reward 95% CI: -3.06 +- 0.33  (-3.39 to -2.72)

total step rows written: 7200

==============================================
WALL CLOCK BREAKDOWN
==============================================
Total run time        :   17353.05 s
  Rollout (training)  :   16771.10 s  ( 96.6%)
    - policy inference:     213.01 s  (  1.2%)
    - env + reward    :   16558.09 s  ( 95.4%)
  PPO update()        :      55.34 s  (  0.3%)
  Checkpoint saves    :       0.01 s  (  0.0%)
  Final evaluation    :     408.25 s  (  2.4%)
  Other / logging     :     118.34 s  (  0.7%)

==============================================
PER-CALL AVERAGES
==============================================
Policy inference      :   295596 calls |    0.738 ms/step
  final eval only     :     7200 calls |    0.729 ms/step
PPO update()          :      196 calls |  282.369 ms/update
Episode               :      400 eps   |   42.362 s/episode

update() share of wall clock: 0.3%
