Placing Sensors
[cost_lipschitz] encoder: L2 self-attention, tied qk, spectral c = 2.0. encoder Lipschitz bound = 1.080e+11
Placing Sensors
[Episode 1/900] Steps:  74 | Reward:  -17.72 | Battery:   0.00% | Loss: 
Placing Sensors
[Episode 2/900] Steps: 109 | Reward:  -17.45 | Battery:   0.00% | Loss: 
Placing Sensors
[Episode 3/900] Steps: 720 | Reward:   -5.53 | Battery:  68.59% | Loss: 
Placing Sensors
Policy 0.0008 | Value 0.0532 | KL 0.00101 | CF 0.0013 | Std 0.1054 | |a| 0.0043 | EV +0.118 | Rsd 0.385 | Res 0.394 | AE 0.891 | Alpha 0.9623 | MB 28/28
  cert | viol 0.603 | dV -0.139451 | V 0.3141 | inball 0.171 | a*_q05 -0.00883 | a*_q50 0.00546 | dV>=0 0.241 | n=150 | a_used 0.01000 -> 0.00950
  crit | n=1 | viol 0.921 | V 0.9067 | Vmin 0.4404 | agree +0.740 | a*_q05 -0.00506 | a*_q50 0.00285 | dV>=0 0.304 | beta 0.2958
  bell | direct viol 0.887 | direct dV>=0 0.467 | d_mean -0.00255 | d_std 0.01167 | d_q95 0.02140
[Episode 4/900] Steps: 720 | Reward:   -8.02 | Battery:  47.63% | Loss: 1.5637
Placing Sensors
[Episode 5/900] Steps: 720 | Reward:   -6.46 | Battery:  46.30% | Loss: 
Placing Sensors
Policy 0.0003 | Value 0.0168 | KL 0.00104 | CF 0.0025 | Std 0.1055 | |a| 0.0024 | EV +0.369 | Rsd 0.273 | Res 0.239 | AE 0.911 | Alpha 0.9300 | MB 24/24
  cert | viol 0.349 | dV -0.245233 | V 0.4089 | inball 0.299 | a*_q05 -0.00129 | a*_q50 0.01849 | dV>=0 0.112 | n=150 | a_used 0.00950 -> 0.00903
  crit | n=1 | viol 0.708 | V 0.7831 | Vmin 0.4726 | agree +0.405 | a*_q05 -0.00686 | a*_q50 0.00530 | dV>=0 0.306 | beta 0.2917
  bell | direct viol 0.836 | direct dV>=0 0.469 | d_mean -0.00378 | d_std 0.01062 | d_q95 0.02140
[Episode 6/900] Steps: 720 | Reward:   -7.75 | Battery:  72.29% | Loss: 1.6609
Placing Sensors
[Episode 7/900] Steps:  67 | Reward:  -17.80 | Battery:   0.00% | Loss: 
Placing Sensors
[Episode 8/900] Steps: 122 | Reward:  -17.40 | Battery:   0.00% | Loss: 
Placing Sensors
[Episode 9/900] Steps: 127 | Reward:  -17.41 | Battery:   0.00% | Loss: 
Placing Sensors
[Episode 10/900] Steps: 120 | Reward:  -17.26 | Battery:   0.00% | Loss: 
Placing Sensors
[Episode 11/900] Steps:  82 | Reward:  -17.47 | Battery:   0.00% | Loss: 
Placing Sensors
[Episode 12/900] Steps: 118 | Reward:  -17.51 | Battery:   0.00% | Loss: 
Placing Sensors
[Episode 13/900] Steps: 720 | Reward:   -7.53 | Battery:  49.83% | Loss: 
Placing Sensors
Policy 0.0220 | Value 0.0370 | KL 0.00145 | CF 0.0055 | Std 0.1056 | |a| 0.0058 | EV +0.596 | Rsd 0.515 | Res 0.406 | AE 0.831 | Alpha 0.8854 | MB 36/36
  cert | viol 0.406 | dV -0.203566 | V 0.3785 | inball 0.140 | a*_q05 -0.00134 | a*_q50 0.01322 | dV>=0 0.139 | n=150 | a_used 0.00903 -> 0.00878
  crit | n=1 | viol 0.848 | V 1.1341 | Vmin 0.4639 | agree +0.635 | a*_q05 -0.00413 | a*_q50 0.00249 | dV>=0 0.305 | beta 0.2897
  bell | direct viol 0.844 | direct dV>=0 0.503 | d_mean -0.00342 | d_std 0.01981 | d_q95 0.03404
[Episode 14/900] Steps: 720 | Reward:   -7.43 | Battery:  49.49% | Loss: 1.6687
Placing Sensors
[Episode 15/900] Steps: 720 | Reward:   -6.83 | Battery:  51.80% | Loss: 
Placing Sensors
Policy -0.0022 | Value 0.0119 | KL 0.00175 | CF 0.0103 | Std 0.1057 | |a| 0.0057 | EV +0.686 | Rsd 0.384 | Res 0.216 | AE 0.797 | Alpha 0.8557 | MB 24/24
  cert | viol 0.465 | dV -0.170284 | V 0.2974 | inball 0.191 | a*_q05 -0.01364 | a*_q50 0.01183 | dV>=0 0.114 | n=150 | a_used 0.00878 -> 0.00834
  crit | n=1 | viol 0.953 | V 1.0360 | Vmin 0.5138 | agree +0.312 | a*_q05 -0.00535 | a*_q50 -0.00005 | dV>=0 0.504 | beta 0.2871
  bell | direct viol 0.844 | direct dV>=0 0.437 | d_mean +0.00108 | d_std 0.01553 | d_q95 0.02429
[Episode 16/900] Steps: 720 | Reward:   -7.19 | Battery:  33.14% | Loss: 1.4190
Placing Sensors
[Episode 17/900] Steps: 102 | Reward:  -17.59 | Battery:   0.00% | Loss: 
Placing Sensors
[Episode 18/900] Steps: 720 | Reward:   -5.46 | Battery:  38.66% | Loss: 
Placing Sensors
Policy 0.0157 | Value 0.0222 | KL 0.00367 | CF 0.0448 | Std 0.1058 | |a| 0.0117 | EV +0.599 | Rsd 0.414 | Res 0.264 | AE 0.817 | Alpha 0.8250 | MB 28/28
  cert | viol 0.325 | dV -0.169496 | V 0.2648 | inball 0.252 | a*_q05 0.00067 | a*_q50 0.02034 | dV>=0 0.043 | n=150 | a_used 0.00834 -> 0.00842
  crit | n=1 | viol 0.987 | V 1.0799 | Vmin 0.5099 | agree +0.559 | a*_q05 -0.00576 | a*_q50 -0.00077 | dV>=0 0.573 | beta 0.2963
  bell | direct viol 0.837 | direct dV>=0 0.401 | d_mean +0.00228 | d_std 0.01505 | d_q95 0.02368
[Episode 19/900] Steps: 720 | Reward:   -6.37 | Battery:  38.86% | Loss: 1.0493
Placing Sensors
[Episode 20/900] Steps:  94 | Reward:  -17.51 | Battery:   0.00% | Loss: 
Placing Sensors
[Episode 21/900] Steps: 720 | Reward:   -5.70 | Battery:  49.34% | Loss: 
Placing Sensors
[Episode 22/900] Steps:  76 | Reward:  -17.69 | Battery:   0.00% | Loss: 
Placing Sensors
Policy -0.0041 | Value 0.0143 | KL 0.00413 | CF 0.0436 | Std 0.1059 | |a| 0.0123 | EV +0.743 | Rsd 0.466 | Res 0.241 | AE 0.797 | Alpha 0.7941 | MB 28/28
  cert | viol 0.421 | dV -0.192912 | V 0.2946 | inball 0.247 | a*_q05 -0.01331 | a*_q50 0.01542 | dV>=0 0.074 | n=150 | a_used 0.00842 -> 0.00800
  crit | n=1 | viol 0.983 | V 1.0109 | Vmin 0.4730 | agree +0.713 | a*_q05 -0.00653 | a*_q50 0.00011 | dV>=0 0.489 | beta 0.2932
  bell | direct viol 0.869 | direct dV>=0 0.425 | d_mean -0.00002 | d_std 0.01487 | d_q95 0.02616
[Episode 23/900] Steps: 720 | Reward:   -6.63 | Battery:  45.35% | Loss: 1.5024
Placing Sensors
[Episode 24/900] Steps: 118 | Reward:  -17.33 | Battery:   0.00% | Loss: 
Placing Sensors
[Episode 25/900] Steps:  87 | Reward:  -17.63 | Battery:   0.00% | Loss: 
Placing Sensors
[Episode 26/900] Steps: 720 | Reward:   -5.68 | Battery:  49.43% | Loss: 
Placing Sensors
Policy -0.0069 | Value 0.0180 | KL 0.00572 | CF 0.0645 | Std 0.1060 | |a| 0.0096 | EV +0.757 | Rsd 0.513 | Res 0.253 | AE 0.850 | Alpha 0.7638 | MB 28/28
  cert | viol 0.326 | dV -0.195926 | V 0.3339 | inball 0.310 | a*_q05 -0.00193 | a*_q50 0.01735 | dV>=0 0.102 | n=150 | a_used 0.00800 -> 0.00760
  crit | n=1 | viol 0.979 | V 1.0673 | Vmin 0.4196 | agree +0.716 | a*_q05 -0.00584 | a*_q50 0.00067 | dV>=0 0.410 | beta 0.2892
  bell | direct viol 0.807 | direct dV>=0 0.434 | d_mean +0.00085 | d_std 0.01994 | d_q95 0.03186
[Episode 27/900] Steps: 720 | Reward:   -6.58 | Battery:  67.40% | Loss: 1.3445
Placing Sensors
[Episode 28/900] Steps: 102 | Reward:  -17.60 | Battery:   0.00% | Loss: 
Placing Sensors
[Episode 29/900] Steps: 720 | Reward:   -5.29 | Battery:  75.66% | Loss: 
Placing Sensors
[Episode 30/900] Steps:  91 | Reward:  -17.59 | Battery:   0.00% | Loss: 
Placing Sensors
Policy -0.0042 | Value 0.0202 | KL 0.00623 | CF 0.0794 | Std 0.1061 | |a| 0.0107 | EV +0.789 | Rsd 0.536 | Res 0.250 | AE 0.848 | Alpha 0.7348 | MB 28/28
  cert | viol 0.298 | dV -0.239424 | V 0.3492 | inball 0.320 | a*_q05 -0.00519 | a*_q50 0.02104 | dV>=0 0.049 | n=150 | a_used 0.00760 -> 0.00722
  crit | n=1 | viol 0.946 | V 1.0731 | Vmin 0.4930 | agree +0.638 | a*_q05 -0.00695 | a*_q50 0.00006 | dV>=0 0.494 | beta 0.2864
  bell | direct viol 0.804 | direct dV>=0 0.441 | d_mean +0.00171 | d_std 0.02178 | d_q95 0.03352
[Episode 31/900] Steps: 720 | Reward:   -6.62 | Battery:  52.94% | Loss: 1.1469
Placing Sensors
[Episode 32/900] Steps: 720 | Reward:   -6.56 | Battery:  54.39% | Loss: 
Placing Sensors
[Episode 33/900] Steps: 186 | Reward:  -16.98 | Battery:   0.00% | Loss: 
Placing Sensors
[Episode 34/900] Steps:  83 | Reward:  -17.63 | Battery:   0.00% | Loss: 
Placing Sensors
Policy 0.0004 | Value 0.0249 | KL 0.00667 | CF 0.0828 | Std 0.1063 | |a| 0.0109 | EV +0.647 | Rsd 0.455 | Res 0.283 | AE 0.880 | Alpha 0.7056 | MB 28/28
  cert | viol 0.323 | dV -0.245140 | V 0.3955 | inball 0.311 | a*_q05 -0.00181 | a*_q50 0.01939 | dV>=0 0.088 | n=150 | a_used 0.00722 -> 0.00652
  crit | n=1 | viol 0.837 | V 0.9617 | Vmin 0.4620 | agree +0.685 | a*_q05 -0.00594 | a*_q50 0.00256 | dV>=0 0.323 | beta 0.2839
  bell | direct viol 0.804 | direct dV>=0 0.419 | d_mean -0.00173 | d_std 0.01729 | d_q95 0.03042
[Episode 35/900] Steps: 720 | Reward:   -5.93 | Battery:  75.33% | Loss: 1.2828
Placing Sensors
[Episode 36/900] Steps:  78 | Reward:  -17.61 | Battery:   0.00% | Loss: 
Placing Sensors
[Episode 37/900] Steps:  69 | Reward:  -17.54 | Battery:   0.00% | Loss: 
Placing Sensors
[Episode 38/900] Steps:  87 | Reward:  -17.58 | Battery:   0.00% | Loss: 
Placing Sensors
[Episode 39/900] Steps: 720 | Reward:   -4.05 | Battery:  60.38% | Loss: 
Placing Sensors
Policy -0.0092 | Value 0.0147 | KL 0.00616 | CF 0.0731 | Std 0.1064 | |a| 0.0119 | EV +0.803 | Rsd 0.537 | Res 0.238 | AE 0.822 | Alpha 0.6782 | MB 28/28
  cert | viol 0.258 | dV -0.229259 | V 0.4007 | inball 0.370 | a*_q05 -0.00289 | a*_q50 0.02606 | dV>=0 0.139 | n=150 | a_used 0.00652 -> 0.00619
  crit | n=1 | viol 0.842 | V 1.0852 | Vmin 0.4425 | agree +0.649 | a*_q05 -0.00764 | a*_q50 -0.00001 | dV>=0 0.496 | beta 0.2794
  bell | direct viol 0.763 | direct dV>=0 0.466 | d_mean +0.00036 | d_std 0.02113 | d_q95 0.03558
[Episode 40/900] Steps: 720 | Reward:   -7.60 | Battery:  73.10% | Loss: 1.1222
Placing Sensors
[Episode 41/900] Steps:  97 | Reward:  -17.24 | Battery:   0.00% | Loss: 
Placing Sensors
[Episode 42/900] Steps: 720 | Reward:   -7.40 | Battery:  38.61% | Loss: 
Placing Sensors
[Episode 43/900] Steps:  89 | Reward:  -17.57 | Battery:   0.00% | Loss: 
Placing Sensors
[Episode 44/900] Steps:  72 | Reward:  -17.74 | Battery:   0.00% | Loss: 
Placing Sensors
[Episode 45/900] Steps: 102 | Reward:  -17.39 | Battery:   0.00% | Loss: 
Placing Sensors
Policy -0.0393 | Value 0.0228 | KL 0.00524 | CF 0.0552 | Std 0.1066 | |a| 0.0131 | EV +0.697 | Rsd 0.568 | Res 0.320 | AE 0.826 | Alpha 0.6499 | MB 32/32
  cert | viol 0.251 | dV -0.240979 | V 0.3656 | inball 0.258 | a*_q05 0.00259 | a*_q50 0.02195 | dV>=0 0.028 | n=150 | a_used 0.00619 -> 0.00610
  crit | n=1 | viol 0.846 | V 1.1648 | Vmin 0.4225 | agree +0.569 | a*_q05 -0.00603 | a*_q50 0.00078 | dV>=0 0.430 | beta 0.2760
  bell | direct viol 0.749 | direct dV>=0 0.457 | d_mean +0.00059 | d_std 0.02808 | d_q95 0.03909
[Episode 46/900] Steps: 720 | Reward:   -5.82 | Battery:  47.50% | Loss: 0.0558
Placing Sensors
[Episode 47/900] Steps: 720 | Reward:   -6.38 | Battery:  61.20% | Loss: 
Placing Sensors
Policy -0.0040 | Value 0.0174 | KL 0.00805 | CF 0.1021 | Std 0.1068 | |a| 0.0168 | EV +0.758 | Rsd 0.422 | Res 0.215 | AE 0.857 | Alpha 0.6281 | MB 24/24
  cert | viol 0.135 | dV -0.248309 | V 0.3230 | inball 0.399 | a*_q05 0.00212 | a*_q50 0.02262 | dV>=0 0.022 | n=150 | a_used 0.00610 -> 0.00572
  crit | n=1 | viol 0.844 | V 0.8904 | Vmin 0.3728 | agree +0.458 | a*_q05 -0.00576 | a*_q50 0.00055 | dV>=0 0.457 | beta 0.2722
  bell | direct viol 0.709 | direct dV>=0 0.417 | d_mean +0.00156 | d_std 0.01613 | d_q95 0.02975
[Episode 48/900] Steps: 720 | Reward:   -4.50 | Battery:  72.83% | Loss: 1.0920
Placing Sensors
[Episode 49/900] Steps: 720 | Reward:   -6.27 | Battery:  53.65% | Loss: 
Placing Sensors
Policy 0.0010 | Value 0.0137 | KL 0.00773 | CF 0.0955 | Std 0.1069 | |a| 0.0195 | EV +0.778 | Rsd 0.394 | Res 0.190 | AE 0.869 | Alpha 0.6070 | MB 24/24
  cert | viol 0.203 | dV -0.219711 | V 0.3005 | inball 0.266 | a*_q05 -0.01919 | a*_q50 0.01464 | dV>=0 0.097 | n=150 | a_used 0.00572 -> 0.00543
  crit | n=1 | viol 0.798 | V 0.8766 | Vmin 0.4315 | agree +0.456 | a*_q05 -0.00625 | a*_q50 -0.00017 | dV>=0 0.509 | beta 0.2660
  bell | direct viol 0.715 | direct dV>=0 0.427 | d_mean +0.00124 | d_std 0.01819 | d_q95 0.02901
[Episode 50/900] Steps: 720 | Reward:   -5.86 | Battery:  65.06% | Loss: 1.0032
Placing Sensors
[Episode 51/900] Steps: 720 | Reward:   -6.51 | Battery:  72.40% | Loss: 
Placing Sensors
[Episode 52/900] Steps: 175 | Reward:  -17.26 | Battery:   0.00% | Loss: 
Placing Sensors
Policy -0.0009 | Value 0.0207 | KL 0.00832 | CF 0.1028 | Std 0.1071 | |a| 0.0191 | EV +0.719 | Rsd 0.408 | Res 0.225 | AE 0.871 | Alpha 0.5842 | MB 28/28
  cert | viol 0.173 | dV -0.223894 | V 0.3598 | inball 0.276 | a*_q05 0.00052 | a*_q50 0.01435 | dV>=0 0.044 | n=150 | a_used 0.00543 -> 0.00499
  crit | n=1 | viol 0.714 | V 0.9210 | Vmin 0.4002 | agree +0.645 | a*_q05 -0.00539 | a*_q50 0.00297 | dV>=0 0.299 | beta 0.2616
  bell | direct viol 0.720 | direct dV>=0 0.443 | d_mean -0.00153 | d_std 0.02144 | d_q95 0.03142
[Episode 53/900] Steps: 720 | Reward:   -6.43 | Battery:  55.76% | Loss: 1.0345
Placing Sensors
[Episode 54/900] Steps: 146 | Reward:  -17.20 | Battery:   0.00% | Loss: 
Placing Sensors
[Episode 55/900] Steps:  99 | Reward:  -17.45 | Battery:   0.00% | Loss: 
Placing Sensors
[Episode 56/900] Steps: 720 | Reward:   -6.94 | Battery:  29.48% | Loss: 
Placing Sensors
[Episode 57/900] Steps:  64 | Reward:  -17.79 | Battery:   0.00% | Loss: 
Placing Sensors
[Episode 58/900] Steps:  84 | Reward:  -17.49 | Battery:   0.00% | Loss: 
Placing Sensors
[Episode 59/900] Steps:  65 | Reward:  -17.77 | Battery:   0.00% | Loss: 
Placing Sensors
[Episode 60/900] Steps:  86 | Reward:  -17.59 | Battery:   0.00% | Loss: 
Placing Sensors
Policy -0.0049 | Value 0.0377 | KL 0.00996 | CF 0.1278 | Std 0.1074 | |a| 0.0228 | EV +0.696 | Rsd 0.565 | Res 0.343 | AE 0.851 | Alpha 0.5574 | MB 32/32
  cert | viol 0.165 | dV -0.190991 | V 0.2915 | inball 0.198 | a*_q05 -0.01432 | a*_q50 0.01225 | dV>=0 0.084 | n=150 | a_used 0.00499 -> 0.00474
  crit | n=1 | viol 0.805 | V 1.1837 | Vmin 0.4630 | agree +0.663 | a*_q05 -0.00573 | a*_q50 0.00156 | dV>=0 0.323 | beta 0.2607
  bell | direct viol 0.756 | direct dV>=0 0.471 | d_mean -0.00119 | d_std 0.03621 | d_q95 0.04836
[Episode 61/900] Steps: 720 | Reward:   -5.84 | Battery:  69.46% | Loss: 0.9044
Placing Sensors
[Episode 62/900] Steps: 107 | Reward:  -17.24 | Battery:   0.00% | Loss: 
Placing Sensors
[Episode 63/900] Steps: 105 | Reward:  -17.40 | Battery:   0.00% | Loss: 
Placing Sensors
[Episode 64/900] Steps: 720 | Reward:   -5.31 | Battery:  57.90% | Loss: 
Placing Sensors
[Episode 65/900] Steps: 147 | Reward:  -17.38 | Battery:   0.00% | Loss: 
Placing Sensors
[Episode 66/900] Steps: 105 | Reward:  -17.57 | Battery:   0.00% | Loss: 
Placing Sensors
Policy -0.0030 | Value 0.0186 | KL 0.00896 | CF 0.1190 | Std 0.1076 | |a| 0.0246 | EV +0.840 | Rsd 0.605 | Res 0.250 | AE 0.875 | Alpha 0.5328 | MB 32/32
  cert | viol 0.046 | dV -0.269015 | V 0.3340 | inball 0.290 | a*_q05 0.00511 | a*_q50 0.02411 | dV>=0 0.000 | n=150 | a_used 0.00474 -> 0.00483
  crit | n=1 | viol 0.822 | V 1.0986 | Vmin 0.3857 | agree +0.721 | a*_q05 -0.00608 | a*_q50 0.00057 | dV>=0 0.430 | beta 0.2566
  bell | direct viol 0.733 | direct dV>=0 0.489 | d_mean -0.00129 | d_std 0.02938 | d_q95 0.04600
[Episode 67/900] Steps: 720 | Reward:   -5.59 | Battery:  60.59% | Loss: 0.8055
Placing Sensors
[Episode 68/900] Steps: 720 | Reward:   -8.75 | Battery:  34.85% | Loss: 
Placing Sensors
[Episode 69/900] Steps:  85 | Reward:  -17.60 | Battery:   0.00% | Loss: 
Placing Sensors
Policy 0.0023 | Value 0.0131 | KL 0.00753 | CF 0.0926 | Std 0.1078 | |a| 0.0262 | EV +0.836 | Rsd 0.513 | Res 0.212 | AE 0.861 | Alpha 0.5139 | MB 24/24
  cert | viol 0.397 | dV -0.147620 | V 0.3334 | inball 0.126 | a*_q05 -0.01125 | a*_q50 0.00778 | dV>=0 0.214 | n=150 | a_used 0.00483 -> 0.00459
  crit | n=1 | viol 0.800 | V 1.1065 | Vmin 0.4891 | agree +0.661 | a*_q05 -0.00454 | a*_q50 0.00091 | dV>=0 0.397 | beta 0.2550
  bell | direct viol 0.730 | direct dV>=0 0.478 | d_mean -0.00012 | d_std 0.02294 | d_q95 0.03131
[Episode 70/900] Steps: 720 | Reward:   -6.89 | Battery:  71.48% | Loss: 0.8517
Placing Sensors
[Episode 71/900] Steps: 720 | Reward:   -7.32 | Battery:  39.74% | Loss: 
Placing Sensors
Policy -0.0069 | Value 0.0076 | KL 0.00485 | CF 0.0575 | Std 0.1080 | |a| 0.0319 | EV +0.868 | Rsd 0.388 | Res 0.145 | AE 0.892 | Alpha 0.4967 | MB 24/24
  cert | viol 0.373 | dV -0.143411 | V 0.3038 | inball 0.111 | a*_q05 -0.01937 | a*_q50 0.00819 | dV>=0 0.249 | n=150 | a_used 0.00459 -> 0.00436
  crit | n=1 | viol 0.858 | V 1.0792 | Vmin 0.5369 | agree +0.507 | a*_q05 -0.00516 | a*_q50 0.00025 | dV>=0 0.483 | beta 0.2547
  bell | direct viol 0.750 | direct dV>=0 0.458 | d_mean +0.00034 | d_std 0.01619 | d_q95 0.02675
[Episode 72/900] Steps: 720 | Reward:   -7.92 | Battery:  27.55% | Loss: 0.8522
Placing Sensors
[Episode 73/900] Steps:  81 | Reward:  -17.54 | Battery:   0.00% | Loss: 
Placing Sensors
[Episode 74/900] Steps: 720 | Reward:   -5.55 | Battery:  78.24% | Loss: 
Placing Sensors
[Episode 75/900] Steps: 126 | Reward:  -17.18 | Battery:   0.00% | Loss: 
Placing Sensors
Policy -0.0046 | Value 0.0192 | KL 0.00656 | CF 0.0858 | Std 0.1083 | |a| 0.0229 | EV +0.832 | Rsd 0.485 | Res 0.199 | AE 0.885 | Alpha 0.4777 | MB 28/28
  cert | viol 0.194 | dV -0.194541 | V 0.3083 | inball 0.308 | a*_q05 0.00113 | a*_q50 0.01548 | dV>=0 0.026 | n=150 | a_used 0.00436 -> 0.00407
  crit | n=1 | viol 0.851 | V 1.0800 | Vmin 0.5163 | agree +0.637 | a*_q05 -0.00460 | a*_q50 0.00075 | dV>=0 0.416 | beta 0.2548
  bell | direct viol 0.716 | direct dV>=0 0.402 | d_mean +0.00075 | d_std 0.01883 | d_q95 0.02563
[Episode 76/900] Steps: 720 | Reward:   -6.47 | Battery:  54.19% | Loss: 0.7678
Placing Sensors
[Episode 77/900] Steps:  93 | Reward:  -17.53 | Battery:   0.00% | Loss: 
Placing Sensors
[Episode 78/900] Steps: 720 | Reward:   -5.88 | Battery:  63.07% | Loss: 
Placing Sensors
[Episode 79/900] Steps: 162 | Reward:  -17.20 | Battery:   0.00% | Loss: 
Placing Sensors
Policy -0.0061 | Value 0.0162 | KL 0.00838 | CF 0.1133 | Std 0.1085 | |a| 0.0200 | EV +0.844 | Rsd 0.523 | Res 0.209 | AE 0.901 | Alpha 0.4589 | MB 28/28
  cert | viol 0.339 | dV -0.212688 | V 0.3432 | inball 0.218 | a*_q05 -0.01704 | a*_q50 0.01312 | dV>=0 0.182 | n=150 | a_used 0.00407 -> 0.00386
  crit | n=1 | viol 0.823 | V 1.1196 | Vmin 0.4950 | agree +0.668 | a*_q05 -0.00627 | a*_q50 -0.00005 | dV>=0 0.502 | beta 0.2561
  bell | direct viol 0.687 | direct dV>=0 0.469 | d_mean -0.00003 | d_std 0.02548 | d_q95 0.03882
[Episode 80/900] Steps: 720 | Reward:   -7.25 | Battery:  45.10% | Loss: 0.7289
Placing Sensors
[Episode 81/900] Steps:  81 | Reward:  -17.73 | Battery:   0.00% | Loss: 
Placing Sensors
[Episode 82/900] Steps: 720 | Reward:   -6.97 | Battery:  57.74% | Loss: 
Placing Sensors
[Episode 83/900] Steps:  93 | Reward:  -17.56 | Battery:   0.00% | Loss: 
Placing Sensors
Policy 0.0015 | Value 0.0165 | KL 0.00635 | CF 0.0809 | Std 0.1088 | |a| 0.0219 | EV +0.823 | Rsd 0.503 | Res 0.211 | AE 0.881 | Alpha 0.4417 | MB 28/28
  cert | viol 0.244 | dV -0.230055 | V 0.3832 | inball 0.216 | a*_q05 -0.00748 | a*_q50 0.01380 | dV>=0 0.151 | n=150 | a_used 0.00386 -> 0.00367
  crit | n=1 | viol 0.767 | V 1.1911 | Vmin 0.5296 | agree +0.532 | a*_q05 -0.00661 | a*_q50 0.00088 | dV>=0 0.418 | beta 0.2543
  bell | direct viol 0.696 | direct dV>=0 0.474 | d_mean +0.00028 | d_std 0.01861 | d_q95 0.02497
[Episode 84/900] Steps: 720 | Reward:   -6.78 | Battery:  59.51% | Loss: 0.7306
Placing Sensors
[Episode 85/900] Steps: 720 | Reward:   -5.44 | Battery:  71.56% | Loss: 
Placing Sensors
Policy -0.0065 | Value 0.0133 | KL 0.00856 | CF 0.1055 | Std 0.1090 | |a| 0.0190 | EV +0.838 | Rsd 0.397 | Res 0.165 | AE 0.903 | Alpha 0.4269 | MB 24/24
  cert | viol 0.080 | dV -0.240719 | V 0.3334 | inball 0.400 | a*_q05 0.00265 | a*_q50 0.02221 | dV>=0 0.003 | n=150 | a_used 0.00367 -> 0.00358
  crit | n=1 | viol 0.681 | V 0.8638 | Vmin 0.4229 | agree +0.486 | a*_q05 -0.00650 | a*_q50 0.00144 | dV>=0 0.391 | beta 0.2525
  bell | direct viol 0.575 | direct dV>=0 0.361 | d_mean +0.00089 | d_std 0.02127 | d_q95 0.03576
[Episode 86/900] Steps: 720 | Reward:   -5.85 | Battery:  60.36% | Loss: 0.5926
Placing Sensors
[Episode 87/900] Steps:  92 | Reward:  -17.59 | Battery:   0.00% | Loss: 
Placing Sensors
[Episode 88/900] Steps:  90 | Reward:  -17.59 | Battery:   0.00% | Loss: 
Placing Sensors
[Episode 89/900] Steps: 151 | Reward:  -17.41 | Battery:   0.00% | Loss: 
Placing Sensors
[Episode 90/900] Steps:  61 | Reward:  -17.73 | Battery:   0.00% | Loss: 
Placing Sensors
[Episode 91/900] Steps: 720 | Reward:   -5.92 | Battery:  45.40% | Loss: 
Placing Sensors
[Episode 92/900] Steps:  59 | Reward:  -17.60 | Battery:   0.00% | Loss: 
Placing Sensors
Policy -0.0023 | Value 0.0283 | KL 0.00879 | CF 0.1086 | Std 0.1092 | |a| 0.0162 | EV +0.793 | Rsd 0.608 | Res 0.290 | AE 0.876 | Alpha 0.4081 | MB 32/32
  cert | viol 0.154 | dV -0.245455 | V 0.3368 | inball 0.309 | a*_q05 -0.00047 | a*_q50 0.02756 | dV>=0 0.069 | n=150 | a_used 0.00358 -> 0.00340
  crit | n=1 | viol 0.709 | V 1.0870 | Vmin 0.3371 | agree +0.703 | a*_q05 -0.00598 | a*_q50 0.00097 | dV>=0 0.420 | beta 0.2478
  bell | direct viol 0.636 | direct dV>=0 0.460 | d_mean -0.00036 | d_std 0.02863 | d_q95 0.03859
[Episode 93/900] Steps: 720 | Reward:   -4.84 | Battery:  67.16% | Loss: 0.5727
Placing Sensors
[Episode 94/900] Steps: 720 | Reward:   -3.48 | Battery:  78.28% | Loss: 
Placing Sensors
[Episode 95/900] Steps: 114 | Reward:  -17.47 | Battery:   0.00% | Loss: 
Placing Sensors
Policy 0.0001 | Value 0.0141 | KL 0.00963 | CF 0.1199 | Std 0.1095 | |a| 0.0139 | EV +0.874 | Rsd 0.515 | Res 0.187 | AE 0.885 | Alpha 0.3934 | MB 28/28
  cert | viol 0.006 | dV -0.233690 | V 0.2666 | inball 0.443 | a*_q05 0.00861 | a*_q50 0.03030 | dV>=0 0.006 | n=150 | a_used 0.00340 -> 0.00356
  crit | n=1 | viol 0.811 | V 0.8154 | Vmin 0.2899 | agree +0.721 | a*_q05 -0.00655 | a*_q50 -0.00030 | dV>=0 0.517 | beta 0.2395
  bell | direct viol 0.592 | direct dV>=0 0.447 | d_mean +0.00248 | d_std 0.02772 | d_q95 0.04055
[Episode 96/900] Steps: 720 | Reward:   -5.40 | Battery:  55.24% | Loss: 0.7639
Placing Sensors
[Episode 97/900] Steps: 138 | Reward:  -17.40 | Battery:   0.00% | Loss: 
Placing Sensors
[Episode 98/900] Steps: 720 | Reward:   -6.09 | Battery:  55.86% | Loss: 
Placing Sensors
[Episode 99/900] Steps:  79 | Reward:  -17.67 | Battery:   0.00% | Loss: 
Placing Sensors
[Episode 100/900] Steps:  86 | Reward:  -17.31 | Battery:   0.00% | Loss: 
Placing Sensors
[Episode 101/900] Steps:  83 | Reward:  -17.57 | Battery:   0.00% | Loss: 
Placing Sensors
Policy 0.0028 | Value 0.0278 | KL 0.01017 | CF 0.1182 | Std 0.1097 | |a| 0.0208 | EV +0.821 | Rsd 0.577 | Res 0.251 | AE 0.836 | Alpha 0.3767 | MB 32/32
  cert | viol 0.037 | dV -0.257556 | V 0.3374 | inball 0.295 | a*_q05 0.00494 | a*_q50 0.02062 | dV>=0 0.000 | n=150 | a_used 0.00356 -> 0.00371
  crit | n=1 | viol 0.731 | V 1.1071 | Vmin 0.3840 | agree +0.735 | a*_q05 -0.00537 | a*_q50 0.00126 | dV>=0 0.350 | beta 0.2374
  bell | direct viol 0.634 | direct dV>=0 0.466 | d_mean -0.00196 | d_std 0.03564 | d_q95 0.04361
[Episode 102/900] Steps: 720 | Reward:   -6.05 | Battery:  70.58% | Loss: 0.9487
Placing Sensors
[Episode 103/900] Steps: 720 | Reward:   -7.03 | Battery:  63.73% | Loss: 
Placing Sensors
Policy 0.0053 | Value 0.0155 | KL 0.01644 | CF 0.1995 | Std 0.1099 | |a| 0.0199 | EV +0.760 | Rsd 0.444 | Res 0.218 | AE 0.886 | Alpha 0.3641 | MB 24/24
  cert | viol 0.148 | dV -0.228326 | V 0.3627 | inball 0.312 | a*_q05 0.00080 | a*_q50 0.01821 | dV>=0 0.041 | n=150 | a_used 0.00371 -> 0.00353
  crit | n=1 | viol 0.599 | V 0.9139 | Vmin 0.4100 | agree +0.406 | a*_q05 -0.00665 | a*_q50 0.00260 | dV>=0 0.329 | beta 0.2359
  bell | direct viol 0.603 | direct dV>=0 0.417 | d_mean -0.00032 | d_std 0.02159 | d_q95 0.03250
[Episode 104/900] Steps: 720 | Reward:   -6.24 | Battery:  75.65% | Loss: 0.5809
Placing Sensors
[Episode 105/900] Steps: 720 | Reward:   -5.53 | Battery:  56.69% | Loss: 
Placing Sensors
[Episode 106/900] Steps:  81 | Reward:  -17.50 | Battery:   0.00% | Loss: 
Placing Sensors
Policy -0.0046 | Value 0.0120 | KL 0.00457 | CF 0.0475 | Std 0.1101 | |a| 0.0182 | EV +0.854 | Rsd 0.440 | Res 0.168 | AE 0.912 | Alpha 0.3512 | MB 24/24
  cert | viol 0.083 | dV -0.193106 | V 0.2598 | inball 0.288 | a*_q05 -0.00364 | a*_q50 0.02218 | dV>=0 0.040 | n=150 | a_used 0.00353 -> 0.00339
  crit | n=1 | viol 0.742 | V 0.8371 | Vmin 0.4224 | agree +0.639 | a*_q05 -0.00625 | a*_q50 -0.00024 | dV>=0 0.519 | beta 0.2353
  bell | direct viol 0.627 | direct dV>=0 0.448 | d_mean +0.00064 | d_std 0.02227 | d_q95 0.03126
[Episode 107/900] Steps: 720 | Reward:   -5.50 | Battery:  63.63% | Loss: 0.5893
Placing Sensors
[Episode 108/900] Steps:  72 | Reward:  -17.66 | Battery:   0.00% | Loss: 
Placing Sensors
[Episode 109/900] Steps:  89 | Reward:  -17.59 | Battery:   0.00% | Loss: 
Placing Sensors
[Episode 110/900] Steps: 720 | Reward:   -7.28 | Battery:  69.31% | Loss: 
Placing Sensors
Policy 0.0043 | Value 0.0141 | KL 0.00850 | CF 0.1151 | Std 0.1103 | |a| 0.0242 | EV +0.825 | Rsd 0.504 | Res 0.222 | AE 0.858 | Alpha 0.3381 | MB 28/28
  cert | viol 0.256 | dV -0.215937 | V 0.3740 | inball 0.188 | a*_q05 -0.00086 | a*_q50 0.01403 | dV>=0 0.083 | n=150 | a_used 0.00339 -> 0.00322
  crit | n=1 | viol 0.576 | V 1.0372 | Vmin 0.4777 | agree +0.597 | a*_q05 -0.00559 | a*_q50 0.00210 | dV>=0 0.354 | beta 0.2364
  bell | direct viol 0.627 | direct dV>=0 0.451 | d_mean -0.00101 | d_std 0.02458 | d_q95 0.03171
[Episode 111/900] Steps: 720 | Reward:   -7.50 | Battery:  53.28% | Loss: 0.3713
Placing Sensors
[Episode 112/900] Steps: 122 | Reward:  -17.43 | Battery:   0.00% | Loss: 
Placing Sensors
[Episode 113/900] Steps:  76 | Reward:  -17.54 | Battery:   0.00% | Loss: 
Placing Sensors
[Episode 114/900] Steps:  94 | Reward:  -17.47 | Battery:   0.00% | Loss: 
Placing Sensors
[Episode 115/900] Steps:  88 | Reward:  -17.67 | Battery:   0.00% | Loss: 
Placing Sensors
[Episode 116/900] Steps: 118 | Reward:  -17.36 | Battery:   0.00% | Loss: 
Placing Sensors
[Episode 117/900] Steps:  69 | Reward:  -17.70 | Battery:   0.00% | Loss: 
Placing Sensors
[Episode 118/900] Steps:  90 | Reward:  -17.44 | Battery:   0.00% | Loss: 
Placing Sensors
[Episode 119/900] Steps:  98 | Reward:  -17.37 | Battery:   0.00% | Loss: 
Placing Sensors
[Episode 120/900] Steps:  99 | Reward:  -17.36 | Battery:   0.00% | Loss: 
Placing Sensors
[Episode 121/900] Steps: 101 | Reward:  -17.47 | Battery:   0.00% | Loss: 
Placing Sensors
Policy -0.0025 | Value 0.0285 | KL 0.01054 | CF 0.1227 | Std 0.1106 | |a| 0.0266 | EV +0.759 | Rsd 0.587 | Res 0.332 | AE 0.781 | Alpha 0.3250 | MB 28/28
  cert | viol 0.434 | dV -0.187027 | V 0.3860 | inball 0.067 | a*_q05 -0.00179 | a*_q50 0.00551 | dV>=0 0.081 | n=150 | a_used 0.00322 -> 0.00300
  crit | n=1 | viol 0.800 | V 1.6064 | Vmin 0.5041 | agree +0.786 | a*_q05 -0.00344 | a*_q50 0.00044 | dV>=0 0.416 | beta 0.2385
  bell | direct viol 0.677 | direct dV>=0 0.491 | d_mean -0.00078 | d_std 0.04029 | d_q95 0.06244
[Episode 122/900] Steps: 720 | Reward:   -8.14 | Battery:  43.40% | Loss: 0.4456
Placing Sensors
[Episode 123/900] Steps: 133 | Reward:  -17.28 | Battery:   0.00% | Loss: 
Placing Sensors
[Episode 124/900] Steps:  94 | Reward:  -17.51 | Battery:   0.00% | Loss: 
Placing Sensors
[Episode 125/900] Steps: 720 | Reward:   -6.34 | Battery:  73.22% | Loss: 
Placing Sensors
[Episode 126/900] Steps:  69 | Reward:  -17.71 | Battery:   0.00% | Loss: 
Placing Sensors
[Episode 127/900] Steps:  94 | Reward:  -17.58 | Battery:   0.00% | Loss: 
Placing Sensors
[Episode 128/900] Steps: 108 | Reward:  -17.56 | Battery:   0.00% | Loss: 
Placing Sensors
Policy -0.0068 | Value 0.0217 | KL 0.01585 | CF 0.1889 | Std 0.1108 | |a| 0.0223 | EV +0.822 | Rsd 0.663 | Res 0.288 | AE 0.808 | Alpha 0.3104 | MB 32/32
  cert | viol 0.164 | dV -0.248062 | V 0.3821 | inball 0.303 | a*_q05 0.00061 | a*_q50 0.01791 | dV>=0 0.035 | n=150 | a_used 0.00300 -> 0.00280
  crit | n=1 | viol 0.887 | V 1.4521 | Vmin 0.4920 | agree +0.693 | a*_q05 -0.00693 | a*_q50 -0.00063 | dV>=0 0.611 | beta 0.2392
  bell | direct viol 0.653 | direct dV>=0 0.465 | d_mean +0.00354 | d_std 0.03631 | d_q95 0.05857
[Episode 129/900] Steps: 720 | Reward:   -5.82 | Battery:  64.35% | Loss: 0.3995
Placing Sensors
[Episode 130/900] Steps:  81 | Reward:  -17.63 | Battery:   0.00% | Loss: 
Placing Sensors
[Episode 131/900] Steps:  77 | Reward:  -17.60 | Battery:   0.00% | Loss: 
Placing Sensors
[Episode 132/900] Steps: 113 | Reward:  -17.54 | Battery:   0.00% | Loss: 
Placing Sensors
[Episode 133/900] Steps: 720 | Reward:   -6.30 | Battery:  75.65% | Loss: 
Placing Sensors
[Episode 134/900] Steps: 109 | Reward:  -17.43 | Battery:   0.00% | Loss: 
Placing Sensors
[Episode 135/900] Steps:  84 | Reward:  -17.72 | Battery:   0.00% | Loss: 
Placing Sensors
Policy -0.0034 | Value 0.0186 | KL 0.00881 | CF 0.1049 | Std 0.1110 | |a| 0.0239 | EV +0.901 | Rsd 0.702 | Res 0.224 | AE 0.829 | Alpha 0.2967 | MB 32/32
  cert | viol 0.270 | dV -0.226906 | V 0.3979 | inball 0.197 | a*_q05 0.00034 | a*_q50 0.01333 | dV>=0 0.033 | n=150 | a_used 0.00280 -> 0.00250
  crit | n=1 | viol 0.831 | V 1.3775 | Vmin 0.3951 | agree +0.750 | a*_q05 -0.00707 | a*_q50 -0.00046 | dV>=0 0.578 | beta 0.2369
  bell | direct viol 0.668 | direct dV>=0 0.505 | d_mean +0.00186 | d_std 0.03489 | d_q95 0.05971
[Episode 136/900] Steps: 720 | Reward:   -7.44 | Battery:  55.28% | Loss: 0.3854
Placing Sensors
[Episode 137/900] Steps: 720 | Reward:   -5.33 | Battery:  60.93% | Loss: 
Placing Sensors
[Episode 138/900] Steps: 106 | Reward:  -17.48 | Battery:   0.00% | Loss: 
Placing Sensors
Policy 0.0091 | Value 0.0208 | KL 0.00665 | CF 0.0886 | Std 0.1113 | |a| 0.0220 | EV +0.884 | Rsd 0.576 | Res 0.212 | AE 0.857 | Alpha 0.2860 | MB 28/28
  cert | viol 0.145 | dV -0.238138 | V 0.3461 | inball 0.259 | a*_q05 -0.01803 | a*_q50 0.01787 | dV>=0 0.105 | n=150 | a_used 0.00250 -> 0.00257
  crit | n=1 | viol 0.774 | V 1.1857 | Vmin 0.4850 | agree +0.531 | a*_q05 -0.00661 | a*_q50 -0.00118 | dV>=0 0.605 | beta 0.2382
  bell | direct viol 0.520 | direct dV>=0 0.402 | d_mean +0.00322 | d_std 0.03340 | d_q95 0.05348
[Episode 139/900] Steps: 720 | Reward:   -7.54 | Battery:  33.27% | Loss: 0.5453
Placing Sensors
[Episode 140/900] Steps: 146 | Reward:  -17.18 | Battery:   0.00% | Loss: 
Placing Sensors
[Episode 141/900] Steps: 105 | Reward:  -17.39 | Battery:   0.00% | Loss: 
Placing Sensors
[Episode 142/900] Steps: 128 | Reward:  -17.23 | Battery:   0.00% | Loss: 
Placing Sensors
[Episode 143/900] Steps:  96 | Reward:  -17.55 | Battery:   0.00% | Loss: 
Placing Sensors
[Episode 144/900] Steps: 720 | Reward:   -7.25 | Battery:  38.70% | Loss: 
Placing Sensors
[Episode 145/900] Steps:  73 | Reward:  -17.66 | Battery:   0.00% | Loss: 
Placing Sensors
[Episode 146/900] Steps: 146 | Reward:  -17.25 | Battery:   0.00% | Loss: 
Placing Sensors
Policy -0.0068 | Value 0.0337 | KL 0.00958 | CF 0.1232 | Std 0.1114 | |a| 0.0268 | EV +0.795 | Rsd 0.562 | Res 0.256 | AE 0.782 | Alpha 0.2759 | MB 24/24
  cert | viol 0.390 | dV -0.124264 | V 0.2992 | inball 0.067 | a*_q05 -0.01933 | a*_q50 0.00887 | dV>=0 0.345 | n=150 | a_used 0.00257 -> 0.00244
  crit | n=1 | viol 0.894 | V 1.7083 | Vmin 0.6264 | agree +0.651 | a*_q05 -0.00587 | a*_q50 -0.00082 | dV>=0 0.647 | beta 0.2404
  bell | direct viol 0.709 | direct dV>=0 0.509 | d_mean +0.00151 | d_std 0.02858 | d_q95 0.04872
[Episode 147/900] Steps: 115 | Reward:  -17.42 | Battery:   0.00% | Loss: 0.4426
Placing Sensors
[Episode 148/900] Steps: 104 | Reward:  -17.47 | Battery:   0.00% | Loss: 
Placing Sensors
[Episode 149/900] Steps: 103 | Reward:  -17.55 | Battery:   0.00% | Loss: 
Placing Sensors
[Episode 150/900] Steps:  85 | Reward:  -17.66 | Battery:   0.00% | Loss: 
Placing Sensors
[Episode 151/900] Steps:  94 | Reward:  -17.58 | Battery:   0.00% | Loss: 
Placing Sensors
[Episode 152/900] Steps: 720 | Reward:   -4.61 | Battery:  54.49% | Loss: 
Placing Sensors
[Episode 153/900] Steps:  77 | Reward:  -17.62 | Battery:   0.00% | Loss: 
Placing Sensors
Policy 0.0006 | Value 0.0345 | KL 0.01842 | CF 0.1681 | Std 0.1116 | |a| 0.0274 | EV +0.797 | Rsd 0.604 | Res 0.292 | AE 0.847 | Alpha 0.2637 | MB 32/32
  cert | viol 0.016 | dV -0.219233 | V 0.2641 | inball 0.293 | a*_q05 0.00549 | a*_q50 0.02578 | dV>=0 0.000 | n=150 | a_used 0.00244 -> 0.00259
  crit | n=1 | viol 0.948 | V 1.4114 | Vmin 0.6084 | agree +0.762 | a*_q05 -0.00682 | a*_q50 -0.00253 | dV>=0 0.791 | beta 0.2425
  bell | direct viol 0.610 | direct dV>=0 0.469 | d_mean +0.00473 | d_std 0.04148 | d_q95 0.06623
[Episode 154/900] Steps: 720 | Reward:   -5.56 | Battery:  64.35% | Loss: 0.3581
Placing Sensors
[Episode 155/900] Steps: 720 | Reward:   -5.67 | Battery:  67.94% | Loss: 
Placing Sensors
Policy -0.0009 | Value 0.0146 | KL 0.00898 | CF 0.1125 | Std 0.1118 | |a| 0.0274 | EV +0.890 | Rsd 0.483 | Res 0.179 | AE 0.885 | Alpha 0.2549 | MB 24/24
  cert | viol 0.153 | dV -0.228797 | V 0.3642 | inball 0.368 | a*_q05 -0.00130 | a*_q50 0.01986 | dV>=0 0.097 | n=150 | a_used 0.00259 -> 0.00246
  crit | n=1 | viol 0.712 | V 1.0476 | Vmin 0.5220 | agree +0.488 | a*_q05 -0.00622 | a*_q50 -0.00002 | dV>=0 0.506 | beta 0.2426
  bell | direct viol 0.582 | direct dV>=0 0.445 | d_mean +0.00231 | d_std 0.02522 | d_q95 0.03663
[Episode 156/900] Steps: 720 | Reward:   -6.76 | Battery:  67.75% | Loss: 0.3022
Placing Sensors
[Episode 157/900] Steps:  67 | Reward:  -17.69 | Battery:   0.00% | Loss: 
Placing Sensors
[Episode 158/900] Steps:  82 | Reward:  -17.46 | Battery:   0.00% | Loss: 
Placing Sensors
[Episode 159/900] Steps: 720 | Reward:   -7.06 | Battery:  56.14% | Loss: 
Placing Sensors
[Episode 160/900] Steps: 199 | Reward:  -17.12 | Battery:   0.00% | Loss: 
Placing Sensors
[Episode 161/900] Steps:  82 | Reward:  -17.59 | Battery:   0.00% | Loss: 
Placing Sensors
[Episode 162/900] Steps: 105 | Reward:  -17.28 | Battery:   0.00% | Loss: 
Placing Sensors
[Episode 163/900] Steps:  95 | Reward:  -17.60 | Battery:   0.00% | Loss: 
Placing Sensors
Policy -0.0083 | Value 0.0235 | KL 0.00563 | CF 0.0663 | Std 0.1120 | |a| 0.0251 | EV +0.876 | Rsd 0.626 | Res 0.227 | AE 0.840 | Alpha 0.2427 | MB 36/36
  cert | viol 0.200 | dV -0.180823 | V 0.3843 | inball 0.163 | a*_q05 -0.00148 | a*_q50 0.01323 | dV>=0 0.139 | n=150 | a_used 0.00246 -> 0.00216
  crit | n=1 | viol 0.662 | V 1.4042 | Vmin 0.5023 | agree +0.578 | a*_q05 -0.00656 | a*_q50 0.00093 | dV>=0 0.398 | beta 0.2433
  bell | direct viol 0.643 | direct dV>=0 0.536 | d_mean +0.00002 | d_std 0.03365 | d_q95 0.05289
[Episode 164/900] Steps: 720 | Reward:   -7.47 | Battery:  68.30% | Loss: 0.0542
Placing Sensors
[Episode 165/900] Steps: 720 | Reward:   -7.11 | Battery:  36.81% | Loss: 
Placing Sensors
[Episode 166/900] Steps:  81 | Reward:  -17.52 | Battery:   0.00% | Loss: 
Placing Sensors
[Episode 167/900] Steps: 117 | Reward:  -17.48 | Battery:   0.00% | Loss: 
Placing Sensors
[Episode 168/900] Steps: 109 | Reward:  -17.39 | Battery:   0.00% | Loss: 
Placing Sensors
Policy -0.0023 | Value 0.0278 | KL 0.00550 | CF 0.0694 | Std 0.1122 | |a| 0.0304 | EV +0.776 | Rsd 0.572 | Res 0.281 | AE 0.856 | Alpha 0.2328 | MB 28/28
  cert | viol 0.280 | dV -0.168245 | V 0.3935 | inball 0.083 | a*_q05 -0.00552 | a*_q50 0.00630 | dV>=0 0.166 | n=150 | a_used 0.00216 -> 0.00206
  crit | n=1 | viol 0.616 | V 1.2665 | Vmin 0.5589 | agree +0.452 | a*_q05 -0.00474 | a*_q50 0.00043 | dV>=0 0.462 | beta 0.2441
  bell | direct viol 0.623 | direct dV>=0 0.485 | d_mean -0.00067 | d_std 0.02747 | d_q95 0.03679
[Episode 169/900] Steps: 720 | Reward:   -9.93 | Battery:  43.16% | Loss: 0.3695
Placing Sensors
[Episode 170/900] Steps: 120 | Reward:  -17.29 | Battery:   0.00% | Loss: 
Placing Sensors
[Episode 171/900] Steps: 140 | Reward:  -17.34 | Battery:   0.00% | Loss: 
Placing Sensors
[Episode 172/900] Steps: 720 | Reward:   -6.59 | Battery:  43.46% | Loss: 
Placing Sensors
[Episode 173/900] Steps: 127 | Reward:  -17.41 | Battery:   0.00% | Loss: 
Placing Sensors
[Episode 174/900] Steps: 107 | Reward:  -17.51 | Battery:   0.00% | Loss: 
Placing Sensors
Policy 0.0009 | Value 0.0239 | KL 0.00812 | CF 0.0844 | Std 0.1124 | |a| 0.0285 | EV +0.827 | Rsd 0.591 | Res 0.247 | AE 0.864 | Alpha 0.2224 | MB 32/32
  cert | viol 0.123 | dV -0.210410 | V 0.3006 | inball 0.158 | a*_q05 -0.01944 | a*_q50 0.01612 | dV>=0 0.096 | n=150 | a_used 0.00206 -> 0.00195
  crit | n=1 | viol 0.781 | V 1.3376 | Vmin 0.5397 | agree +0.662 | a*_q05 -0.00650 | a*_q50 -0.00007 | dV>=0 0.508 | beta 0.2442
  bell | direct viol 0.614 | direct dV>=0 0.466 | d_mean +0.00085 | d_std 0.02809 | d_q95 0.03615
[Episode 175/900] Steps: 720 | Reward:   -6.12 | Battery:  53.26% | Loss: 0.2142
Placing Sensors
[Episode 176/900] Steps: 720 | Reward:   -8.16 | Battery:  52.15% | Loss: 
Placing Sensors
Policy -0.0056 | Value 0.0224 | KL 0.00835 | CF 0.1140 | Std 0.1125 | |a| 0.0266 | EV +0.621 | Rsd 0.423 | Res 0.261 | AE 0.895 | Alpha 0.2149 | MB 24/24
  cert | viol 0.308 | dV -0.177248 | V 0.3275 | inball 0.113 | a*_q05 -0.01284 | a*_q50 0.00859 | dV>=0 0.242 | n=150 | a_used 0.00195 -> 0.00186
  crit | n=1 | viol 0.618 | V 1.0494 | Vmin 0.5530 | agree +0.418 | a*_q05 -0.00706 | a*_q50 0.00008 | dV>=0 0.496 | beta 0.2458
  bell | direct viol 0.567 | direct dV>=0 0.453 | d_mean +0.00019 | d_std 0.02752 | d_q95 0.03813
[Episode 177/900] Steps: 720 | Reward:   -6.53 | Battery:  78.85% | Loss: 0.3511
Placing Sensors
[Episode 178/900] Steps: 720 | Reward:   -6.63 | Battery:  59.15% | Loss: 
Placing Sensors
Policy -0.0051 | Value 0.0109 | KL 0.00713 | CF 0.0879 | Std 0.1126 | |a| 0.0348 | EV +0.818 | Rsd 0.389 | Res 0.168 | AE 0.889 | Alpha 0.2077 | MB 24/24
  cert | viol 0.224 | dV -0.202552 | V 0.4058 | inball 0.206 | a*_q05 -0.00251 | a*_q50 0.01103 | dV>=0 0.160 | n=150 | a_used 0.00186 -> 0.00176
  crit | n=1 | viol 0.603 | V 1.0975 | Vmin 0.5867 | agree +0.305 | a*_q05 -0.00605 | a*_q50 0.00028 | dV>=0 0.477 | beta 0.2463
  bell | direct viol 0.530 | direct dV>=0 0.429 | d_mean +0.00031 | d_std 0.01834 | d_q95 0.03189
[Episode 179/900] Steps: 720 | Reward:   -8.45 | Battery:  42.24% | Loss: 0.4384
Placing Sensors
[Episode 180/900] Steps: 138 | Reward:  -17.07 | Battery:   0.00% | Loss: 
Placing Sensors
[Episode 181/900] Steps:  77 | Reward:  -17.51 | Battery:   0.00% | Loss: 
Placing Sensors
[Episode 182/900] Steps:  91 | Reward:  -17.48 | Battery:   0.00% | Loss: 
Placing Sensors
[Episode 183/900] Steps:  66 | Reward:  -17.77 | Battery:   0.00% | Loss: 
Placing Sensors
[Episode 184/900] Steps: 720 | Reward:   -7.58 | Battery:  56.68% | Loss: 
Placing Sensors
[Episode 185/900] Steps: 167 | Reward:  -17.06 | Battery:   0.00% | Loss: 
Placing Sensors
Policy -0.0039 | Value 0.0331 | KL 0.01071 | CF 0.1293 | Std 0.1128 | |a| 0.0317 | EV +0.774 | Rsd 0.515 | Res 0.263 | AE 0.824 | Alpha 0.1982 | MB 32/32
  cert | viol 0.146 | dV -0.211567 | V 0.3818 | inball 0.124 | a*_q05 -0.00143 | a*_q50 0.01095 | dV>=0 0.101 | n=150 | a_used 0.00176 -> 0.00168
  crit | n=1 | viol 0.596 | V 1.2981 | Vmin 0.5826 | agree +0.617 | a*_q05 -0.00601 | a*_q50 0.00096 | dV>=0 0.395 | beta 0.2476
  bell | direct viol 0.564 | direct dV>=0 0.439 | d_mean +0.00009 | d_std 0.02465 | d_q95 0.03526
[Episode 186/900] Steps: 720 | Reward:   -7.64 | Battery:  55.46% | Loss: 0.4804
Placing Sensors
[Episode 187/900] Steps: 720 | Reward:   -6.87 | Battery:  67.62% | Loss: 
Placing Sensors
[Episode 188/900] Steps: 112 | Reward:  -17.39 | Battery:   0.00% | Loss: 
Placing Sensors
[Episode 189/900] Steps:  93 | Reward:  -17.54 | Battery:   0.00% | Loss: 
Placing Sensors
[Episode 190/900] Steps:  70 | Reward:  -17.68 | Battery:   0.00% | Loss: 
Placing Sensors
[Episode 191/900] Steps: 108 | Reward:  -17.51 | Battery:   0.00% | Loss: 
Placing Sensors
Policy 0.0091 | Value 0.0207 | KL 0.01251 | CF 0.1562 | Std 0.1130 | |a| 0.0382 | EV +0.794 | Rsd 0.549 | Res 0.250 | AE 0.860 | Alpha 0.1898 | MB 32/32
  cert | viol 0.159 | dV -0.278857 | V 0.4609 | inball 0.284 | a*_q05 0.00019 | a*_q50 0.01824 | dV>=0 0.081 | n=150 | a_used 0.00168 -> 0.00159
  crit | n=1 | viol 0.678 | V 1.3553 | Vmin 0.5633 | agree +0.626 | a*_q05 -0.00716 | a*_q50 0.00039 | dV>=0 0.448 | beta 0.2493
  bell | direct viol 0.550 | direct dV>=0 0.436 | d_mean +0.00088 | d_std 0.02328 | d_q95 0.04059
[Episode 192/900] Steps: 720 | Reward:   -7.27 | Battery:  57.16% | Loss: 0.1931
Placing Sensors
[Episode 193/900] Steps: 128 | Reward:  -17.32 | Battery:   0.00% | Loss: 
Placing Sensors
[Episode 194/900] Steps: 720 | Reward:   -6.81 | Battery:  51.40% | Loss: 
Placing Sensors
Policy -0.0098 | Value 0.0170 | KL 0.00925 | CF 0.1179 | Std 0.1131 | |a| 0.0297 | EV +0.809 | Rsd 0.463 | Res 0.211 | AE 0.854 | Alpha 0.1829 | MB 28/28
  cert | viol 0.143 | dV -0.196164 | V 0.3343 | inball 0.109 | a*_q05 -0.00221 | a*_q50 0.00992 | dV>=0 0.102 | n=150 | a_used 0.00159 -> 0.00165
  crit | n=1 | viol 0.709 | V 1.2528 | Vmin 0.6420 | agree +0.464 | a*_q05 -0.00672 | a*_q50 -0.00072 | dV>=0 0.566 | beta 0.2518
  bell | direct viol 0.572 | direct dV>=0 0.492 | d_mean +0.00144 | d_std 0.02182 | d_q95 0.04279
[Episode 195/900] Steps: 720 | Reward:   -7.75 | Battery:  64.96% | Loss: 0.1726
Placing Sensors
[Episode 196/900] Steps:  77 | Reward:  -17.69 | Battery:   0.00% | Loss: 
Placing Sensors
[Episode 197/900] Steps:  72 | Reward:  -17.54 | Battery:   0.00% | Loss: 
Placing Sensors
[Episode 198/900] Steps:  92 | Reward:  -17.63 | Battery:   0.00% | Loss: 
Placing Sensors
[Episode 199/900] Steps: 720 | Reward:   -7.04 | Battery:  67.38% | Loss: 
Placing Sensors
Policy -0.0073 | Value 0.0175 | KL 0.00493 | CF 0.0552 | Std 0.1133 | |a| 0.0231 | EV +0.874 | Rsd 0.556 | Res 0.202 | AE 0.844 | Alpha 0.1758 | MB 28/28
  cert | viol 0.170 | dV -0.209602 | V 0.3317 | inball 0.231 | a*_q05 -0.00370 | a*_q50 0.01178 | dV>=0 0.128 | n=150 | a_used 0.00165 -> 0.00157
  crit | n=1 | viol 0.695 | V 1.2106 | Vmin 0.5219 | agree +0.638 | a*_q05 -0.00703 | a*_q50 -0.00013 | dV>=0 0.510 | beta 0.2514
  bell | direct viol 0.543 | direct dV>=0 0.452 | d_mean +0.00188 | d_std 0.02988 | d_q95 0.04943
[Episode 200/900] Steps: 720 | Reward:   -5.11 | Battery:  70.95% | Loss: 0.2941
Placing Sensors
[Episode 201/900] Steps: 720 | Reward:   -6.49 | Battery:  63.04% | Loss: 
Placing Sensors
[Episode 202/900] Steps:  82 | Reward:  -17.58 | Battery:   0.00% | Loss: 
Placing Sensors
Policy -0.0060 | Value 0.0114 | KL 0.00568 | CF 0.0671 | Std 0.1134 | |a| 0.0266 | EV +0.879 | Rsd 0.463 | Res 0.162 | AE 0.872 | Alpha 0.1696 | MB 24/24
  cert | viol 0.229 | dV -0.176301 | V 0.3151 | inball 0.135 | a*_q05 -0.00177 | a*_q50 0.00708 | dV>=0 0.179 | n=150 | a_used 0.00157 -> 0.00149
  crit | n=1 | viol 0.659 | V 1.1081 | Vmin 0.5388 | agree +0.615 | a*_q05 -0.00644 | a*_q50 0.00022 | dV>=0 0.473 | beta 0.2525
  bell | direct viol 0.517 | direct dV>=0 0.442 | d_mean +0.00070 | d_std 0.02186 | d_q95 0.03514
[Episode 203/900] Steps: 720 | Reward:   -7.68 | Battery:  52.42% | Loss: 0.2331
Placing Sensors
[Episode 204/900] Steps:  72 | Reward:  -17.70 | Battery:   0.00% | Loss: 
Placing Sensors
[Episode 205/900] Steps: 720 | Reward:   -5.03 | Battery:  38.74% | Loss: 
Placing Sensors
[Episode 206/900] Steps:  70 | Reward:  -17.72 | Battery:   0.00% | Loss: 
Placing Sensors
Policy 0.0007 | Value 0.0120 | KL 0.00617 | CF 0.0760 | Std 0.1135 | |a| 0.0259 | EV +0.888 | Rsd 0.577 | Res 0.195 | AE 0.914 | Alpha 0.1633 | MB 28/28
  cert | viol 0.034 | dV -0.236853 | V 0.2944 | inball 0.352 | a*_q05 0.00304 | a*_q50 0.02710 | dV>=0 0.018 | n=150 | a_used 0.00149 -> 0.00142
  crit | n=1 | viol 0.688 | V 1.0321 | Vmin 0.4623 | agree +0.574 | a*_q05 -0.00684 | a*_q50 -0.00058 | dV>=0 0.554 | beta 0.2511
  bell | direct viol 0.525 | direct dV>=0 0.445 | d_mean +0.00046 | d_std 0.01703 | d_q95 0.02797
[Episode 207/900] Steps: 720 | Reward:   -5.78 | Battery:  48.27% | Loss: 0.3229
Placing Sensors
[Episode 208/900] Steps: 720 | Reward:   -5.88 | Battery:  62.16% | Loss: 
Placing Sensors
Policy -0.0071 | Value 0.0103 | KL 0.01015 | CF 0.1409 | Std 0.1136 | |a| 0.0235 | EV +0.833 | Rsd 0.391 | Res 0.162 | AE 0.891 | Alpha 0.1578 | MB 24/24
  cert | viol 0.066 | dV -0.190618 | V 0.2886 | inball 0.311 | a*_q05 -0.00499 | a*_q50 0.02087 | dV>=0 0.054 | n=150 | a_used 0.00142 -> 0.00146
  crit | n=1 | viol 0.556 | V 0.8902 | Vmin 0.4686 | agree +0.351 | a*_q05 -0.00660 | a*_q50 0.00029 | dV>=0 0.492 | beta 0.2497
  bell | direct viol 0.460 | direct dV>=0 0.387 | d_mean +0.00098 | d_std 0.02082 | d_q95 0.03193
[Episode 209/900] Steps: 720 | Reward:   -5.88 | Battery:  48.37% | Loss: 0.1930
Placing Sensors
[Episode 210/900] Steps: 113 | Reward:  -17.50 | Battery:   0.00% | Loss: 
Placing Sensors
[Episode 211/900] Steps:  70 | Reward:  -17.59 | Battery:   0.00% | Loss: 
Placing Sensors
[Episode 212/900] Steps: 720 | Reward:   -5.69 | Battery:  67.07% | Loss: 
Placing Sensors
[Episode 213/900] Steps:  96 | Reward:  -17.51 | Battery:   0.00% | Loss: 
Placing Sensors
[Episode 214/900] Steps: 103 | Reward:  -17.49 | Battery:   0.00% | Loss: 
Placing Sensors
[Episode 215/900] Steps:  70 | Reward:  -17.70 | Battery:   0.00% | Loss: 
Placing Sensors
Policy -0.0046 | Value 0.0191 | KL 0.00902 | CF 0.1012 | Std 0.1137 | |a| 0.0256 | EV +0.843 | Rsd 0.624 | Res 0.262 | AE 0.871 | Alpha 0.1509 | MB 32/32
  cert | viol 0.053 | dV -0.239559 | V 0.3444 | inball 0.298 | a*_q05 0.00191 | a*_q50 0.02155 | dV>=0 0.042 | n=150 | a_used 0.00146 -> 0.00139
  crit | n=1 | viol 0.531 | V 1.0852 | Vmin 0.3489 | agree +0.749 | a*_q05 -0.00533 | a*_q50 0.00129 | dV>=0 0.326 | beta 0.2472
  bell | direct viol 0.487 | direct dV>=0 0.413 | d_mean -0.00125 | d_std 0.02284 | d_q95 0.03909
[Episode 216/900] Steps: 720 | Reward:   -5.36 | Battery:  65.19% | Loss: 0.2836
Placing Sensors
[Episode 217/900] Steps:  92 | Reward:  -17.44 | Battery:   0.00% | Loss: 
Placing Sensors
[Episode 218/900] Steps: 720 | Reward:   -5.43 | Battery:  78.10% | Loss: 
Placing Sensors
[Episode 219/900] Steps: 108 | Reward:  -17.46 | Battery:   0.00% | Loss: 
Placing Sensors
[Episode 220/900] Steps: 132 | Reward:  -17.23 | Battery:   0.00% | Loss: 
Placing Sensors
[Episode 221/900] Steps:  89 | Reward:  -17.65 | Battery:   0.00% | Loss: 
Placing Sensors
Policy -0.0125 | Value 0.0271 | KL 0.01569 | CF 0.1307 | Std 0.1138 | |a| 0.0290 | EV +0.851 | Rsd 0.602 | Res 0.233 | AE 0.835 | Alpha 0.1444 | MB 32/32
  cert | viol 0.115 | dV -0.228470 | V 0.3780 | inball 0.267 | a*_q05 -0.00020 | a*_q50 0.01589 | dV>=0 0.076 | n=150 | a_used 0.00139 -> 0.00146
  crit | n=1 | viol 0.640 | V 1.2541 | Vmin 0.4310 | agree +0.710 | a*_q05 -0.00566 | a*_q50 0.00030 | dV>=0 0.461 | beta 0.2463
  bell | direct viol 0.479 | direct dV>=0 0.407 | d_mean +0.00022 | d_std 0.03542 | d_q95 0.05189
[Episode 222/900] Steps: 720 | Reward:   -7.57 | Battery:  44.42% | Loss: 0.1404
Placing Sensors
[Episode 223/900] Steps: 720 | Reward:   -6.32 | Battery:  60.63% | Loss: 
Placing Sensors
[Episode 224/900] Steps: 157 | Reward:  -17.31 | Battery:   0.00% | Loss: 
Placing Sensors
[Episode 225/900] Steps: 143 | Reward:  -17.19 | Battery:   0.00% | Loss: 
Placing Sensors
Policy -0.0048 | Value 0.0308 | KL 0.01144 | CF 0.1094 | Std 0.1140 | |a| 0.0265 | EV +0.736 | Rsd 0.552 | Res 0.284 | AE 0.858 | Alpha 0.1386 | MB 28/28
  cert | viol 0.166 | dV -0.192372 | V 0.3128 | inball 0.184 | a*_q05 -0.01630 | a*_q50 0.01429 | dV>=0 0.128 | n=150 | a_used 0.00146 -> 0.00139
  crit | n=1 | viol 0.644 | V 1.1878 | Vmin 0.4541 | agree +0.564 | a*_q05 -0.00612 | a*_q50 -0.00017 | dV>=0 0.514 | beta 0.2450
  bell | direct viol 0.511 | direct dV>=0 0.436 | d_mean +0.00190 | d_std 0.02558 | d_q95 0.03870
[Episode 226/900] Steps: 720 | Reward:   -6.84 | Battery:  46.04% | Loss: 0.1773
Placing Sensors
[Episode 227/900] Steps: 720 | Reward:   -5.02 | Battery:  47.84% | Loss: 
Placing Sensors
Policy -0.0030 | Value 0.0205 | KL 0.00960 | CF 0.0923 | Std 0.1141 | |a| 0.0247 | EV +0.792 | Rsd 0.446 | Res 0.255 | AE 0.864 | Alpha 0.1339 | MB 24/24
  cert | viol 0.079 | dV -0.195997 | V 0.2728 | inball 0.349 | a*_q05 -0.01409 | a*_q50 0.02327 | dV>=0 0.070 | n=150 | a_used 0.00139 -> 0.00132
  crit | n=1 | viol 0.823 | V 1.0022 | Vmin 0.3918 | agree +0.466 | a*_q05 -0.00751 | a*_q50 -0.00230 | dV>=0 0.737 | beta 0.2427
  bell | direct viol 0.434 | direct dV>=0 0.352 | d_mean +0.00507 | d_std 0.02238 | d_q95 0.03770
[Episode 228/900] Steps: 720 | Reward:   -5.75 | Battery:  64.48% | Loss: 0.1130
Placing Sensors
[Episode 229/900] Steps:  87 | Reward:  -17.57 | Battery:   0.00% | Loss: 
Placing Sensors
[Episode 230/900] Steps:  93 | Reward:  -17.48 | Battery:   0.00% | Loss: 
Placing Sensors
[Episode 231/900] Steps:  73 | Reward:  -17.79 | Battery:   0.00% | Loss: 
Placing Sensors
[Episode 232/900] Steps: 720 | Reward:   -6.30 | Battery:  51.55% | Loss: 
Placing Sensors
Policy -0.0007 | Value 0.0227 | KL 0.00726 | CF 0.0841 | Std 0.1142 | |a| 0.0228 | EV +0.811 | Rsd 0.528 | Res 0.230 | AE 0.876 | Alpha 0.1287 | MB 28/28
  cert | viol 0.014 | dV -0.196843 | V 0.2567 | inball 0.314 | a*_q05 0.00430 | a*_q50 0.02049 | dV>=0 0.000 | n=150 | a_used 0.00132 -> 0.00139
  crit | n=1 | viol 0.612 | V 1.0301 | Vmin 0.4486 | agree +0.652 | a*_q05 -0.00558 | a*_q50 0.00050 | dV>=0 0.440 | beta 0.2415
  bell | direct viol 0.462 | direct dV>=0 0.400 | d_mean +0.00042 | d_std 0.01873 | d_q95 0.03523
[Episode 233/900] Steps: 720 | Reward:   -4.35 | Battery:  71.43% | Loss: 0.1794
Placing Sensors
[Episode 234/900] Steps:  74 | Reward:  -17.63 | Battery:   0.00% | Loss: 
Placing Sensors
[Episode 235/900] Steps: 720 | Reward:   -6.92 | Battery:  63.15% | Loss: 
Placing Sensors
Policy -0.0025 | Value 0.0133 | KL 0.00686 | CF 0.0848 | Std 0.1143 | |a| 0.0212 | EV +0.869 | Rsd 0.438 | Res 0.159 | AE 0.884 | Alpha 0.1241 | MB 24/24
  cert | viol 0.173 | dV -0.183801 | V 0.3443 | inball 0.163 | a*_q05 -0.00780 | a*_q50 0.01109 | dV>=0 0.140 | n=150 | a_used 0.00139 -> 0.00132
  crit | n=1 | viol 0.475 | V 1.0918 | Vmin 0.5139 | agree +0.420 | a*_q05 -0.00592 | a*_q50 0.00169 | dV>=0 0.352 | beta 0.2423
  bell | direct viol 0.506 | direct dV>=0 0.419 | d_mean -0.00061 | d_std 0.01811 | d_q95 0.03073
[Episode 236/900] Steps: 720 | Reward:   -7.75 | Battery:  56.55% | Loss: 0.1648
Placing Sensors
[Episode 237/900] Steps: 720 | Reward:   -6.92 | Battery:  57.82% | Loss: 
Placing Sensors
[Episode 238/900] Steps:  89 | Reward:  -17.63 | Battery:   0.00% | Loss: 
Placing Sensors
Policy -0.0041 | Value 0.0144 | KL 0.00539 | CF 0.0587 | Std 0.1144 | |a| 0.0229 | EV +0.899 | Rsd 0.507 | Res 0.166 | AE 0.876 | Alpha 0.1197 | MB 24/24
  cert | viol 0.124 | dV -0.265178 | V 0.3591 | inball 0.294 | a*_q05 -0.00941 | a*_q50 0.02274 | dV>=0 0.102 | n=150 | a_used 0.00132 -> 0.00125
  crit | n=1 | viol 0.615 | V 1.0678 | Vmin 0.4876 | agree +0.522 | a*_q05 -0.00734 | a*_q50 -0.00018 | dV>=0 0.512 | beta 0.2421
  bell | direct viol 0.483 | direct dV>=0 0.414 | d_mean +0.00101 | d_std 0.02359 | d_q95 0.03733
[Episode 239/900] Steps: 720 | Reward:   -5.57 | Battery:  56.08% | Loss: -0.0241
Placing Sensors
[Episode 240/900] Steps:  96 | Reward:  -17.58 | Battery:   0.00% | Loss: 
Placing Sensors
[Episode 241/900] Steps: 720 | Reward:   -5.35 | Battery:  53.83% | Loss: 
Placing Sensors
[Episode 242/900] Steps:  93 | Reward:  -17.65 | Battery:   0.00% | Loss: 
Placing Sensors
[Episode 243/900] Steps: 116 | Reward:  -17.35 | Battery:   0.00% | Loss: 
Placing Sensors
[Episode 244/900] Steps:  91 | Reward:  -17.48 | Battery:   0.00% | Loss: 
Placing Sensors
Policy -0.0104 | Value 0.0268 | KL 0.01011 | CF 0.1255 | Std 0.1145 | |a| 0.0228 | EV +0.859 | Rsd 0.604 | Res 0.227 | AE 0.896 | Alpha 0.1146 | MB 32/32
  cert | viol 0.003 | dV -0.198990 | V 0.2388 | inball 0.388 | a*_q05 0.00555 | a*_q50 0.02730 | dV>=0 0.003 | n=150 | a_used 0.00125 -> 0.00136
  crit | n=1 | viol 0.717 | V 1.0464 | Vmin 0.3891 | agree +0.817 | a*_q05 -0.00732 | a*_q50 -0.00037 | dV>=0 0.549 | beta 0.2406
  bell | direct viol 0.487 | direct dV>=0 0.424 | d_mean +0.00232 | d_std 0.02533 | d_q95 0.03833
[Episode 245/900] Steps: 720 | Reward:   -3.51 | Battery:  80.02% | Loss: 0.0477
Placing Sensors
[Episode 246/900] Steps: 720 | Reward:   -7.93 | Battery:  59.16% | Loss: 
Placing Sensors
Policy -0.0009 | Value 0.0183 | KL 0.00611 | CF 0.0705 | Std 0.1146 | |a| 0.0231 | EV +0.826 | Rsd 0.420 | Res 0.182 | AE 0.887 | Alpha 0.1108 | MB 24/24
  cert | viol 0.233 | dV -0.203148 | V 0.3784 | inball 0.222 | a*_q05 -0.01280 | a*_q50 0.01057 | dV>=0 0.141 | n=150 | a_used 0.00136 -> 0.00129
  crit | n=1 | viol 0.502 | V 0.9923 | Vmin 0.4779 | agree +0.341 | a*_q05 -0.00635 | a*_q50 0.00133 | dV>=0 0.430 | beta 0.2394
  bell | direct viol 0.470 | direct dV>=0 0.404 | d_mean -0.00120 | d_std 0.03109 | d_q95 0.05197
[Episode 247/900] Steps: 720 | Reward:   -6.86 | Battery:  55.95% | Loss: 0.2031
Placing Sensors
[Episode 248/900] Steps: 720 | Reward:   -5.01 | Battery:  60.04% | Loss: 
Placing Sensors
[Episode 249/900] Steps:  69 | Reward:  -17.49 | Battery:   0.00% | Loss: 
Placing Sensors
Policy -0.0097 | Value 0.0129 | KL 0.00825 | CF 0.0973 | Std 0.1147 | |a| 0.0191 | EV +0.891 | Rsd 0.485 | Res 0.173 | AE 0.896 | Alpha 0.1069 | MB 24/24
  cert | viol 0.000 | dV -0.232969 | V 0.2864 | inball 0.352 | a*_q05 0.00508 | a*_q50 0.02634 | dV>=0 0.000 | n=150 | a_used 0.00129 -> 0.00138
  crit | n=1 | viol 0.677 | V 0.9310 | Vmin 0.3624 | agree +0.587 | a*_q05 -0.00663 | a*_q50 -0.00107 | dV>=0 0.594 | beta 0.2372
  bell | direct viol 0.436 | direct dV>=0 0.379 | d_mean +0.00293 | d_std 0.02088 | d_q95 0.03755
[Episode 250/900] Steps: 720 | Reward:   -5.53 | Battery:  56.58% | Loss: 0.0933
Placing Sensors
[Episode 251/900] Steps: 107 | Reward:  -17.48 | Battery:   0.00% | Loss: 
Placing Sensors
[Episode 252/900] Steps: 720 | Reward:   -4.72 | Battery:  79.51% | Loss: 
Placing Sensors
[Episode 253/900] Steps: 112 | Reward:  -17.39 | Battery:   0.00% | Loss: 
Placing Sensors
[Episode 254/900] Steps:  85 | Reward:  -17.65 | Battery:   0.00% | Loss: 
Placing Sensors
Policy -0.0027 | Value 0.0269 | KL 0.01037 | CF 0.1070 | Std 0.1148 | |a| 0.0197 | EV +0.869 | Rsd 0.621 | Res 0.226 | AE 0.873 | Alpha 0.1026 | MB 28/28
  cert | viol 0.000 | dV -0.235662 | V 0.2809 | inball 0.355 | a*_q05 0.00594 | a*_q50 0.02538 | dV>=0 0.000 | n=150 | a_used 0.00138 -> 0.00148
  crit | n=1 | viol 0.599 | V 1.0314 | Vmin 0.3545 | agree +0.751 | a*_q05 -0.00548 | a*_q50 0.00044 | dV>=0 0.448 | beta 0.2351
  bell | direct viol 0.448 | direct dV>=0 0.378 | d_mean +0.00173 | d_std 0.02836 | d_q95 0.04170
[Episode 255/900] Steps: 720 | Reward:   -5.62 | Battery:  60.31% | Loss: 0.2478
Placing Sensors
[Episode 256/900] Steps: 720 | Reward:   -6.85 | Battery:  68.32% | Loss: 
Placing Sensors
[Episode 257/900] Steps: 103 | Reward:  -17.52 | Battery:   0.00% | Loss: 
Placing Sensors
[Episode 258/900] Steps: 140 | Reward:  -17.31 | Battery:   0.00% | Loss: 
Placing Sensors
Policy -0.0024 | Value 0.0314 | KL 0.00655 | CF 0.0761 | Std 0.1148 | |a| 0.0180 | EV +0.787 | Rsd 0.553 | Res 0.272 | AE 0.892 | Alpha 0.0986 | MB 28/28
  cert | viol 0.216 | dV -0.203413 | V 0.3664 | inball 0.162 | a*_q05 -0.00722 | a*_q50 0.00898 | dV>=0 0.162 | n=150 | a_used 0.00148 -> 0.00140
  crit | n=1 | viol 0.486 | V 1.0515 | Vmin 0.4253 | agree +0.535 | a*_q05 -0.00598 | a*_q50 0.00165 | dV>=0 0.385 | beta 0.2324
  bell | direct viol 0.481 | direct dV>=0 0.418 | d_mean -0.00109 | d_std 0.02789 | d_q95 0.04581
[Episode 259/900] Steps: 720 | Reward:   -7.67 | Battery:  64.76% | Loss: 0.0511
Placing Sensors
[Episode 260/900] Steps: 720 | Reward:   -5.08 | Battery:  56.21% | Loss: 
Placing Sensors
[Episode 261/900] Steps:  80 | Reward:  -17.65 | Battery:   0.00% | Loss: 
Placing Sensors
Policy -0.0056 | Value 0.0270 | KL 0.00730 | CF 0.0896 | Std 0.1149 | |a| 0.0188 | EV +0.877 | Rsd 0.546 | Res 0.197 | AE 0.904 | Alpha 0.0951 | MB 24/24
  cert | viol 0.082 | dV -0.242567 | V 0.3324 | inball 0.309 | a*_q05 -0.00289 | a*_q50 0.02493 | dV>=0 0.047 | n=150 | a_used 0.00140 -> 0.00127
  crit | n=1 | viol 0.643 | V 1.0113 | Vmin 0.3958 | agree +0.582 | a*_q05 -0.00659 | a*_q50 -0.00051 | dV>=0 0.537 | beta 0.2291
  bell | direct viol 0.483 | direct dV>=0 0.418 | d_mean +0.00195 | d_std 0.02806 | d_q95 0.04430
[Episode 262/900] Steps: 720 | Reward:   -6.65 | Battery:  49.67% | Loss: 0.1859
Placing Sensors
[Episode 263/900] Steps: 720 | Reward:   -4.47 | Battery:  70.56% | Loss: 
Placing Sensors
Policy -0.0053 | Value 0.0098 | KL 0.00697 | CF 0.0908 | Std 0.1150 | |a| 0.0154 | EV +0.878 | Rsd 0.400 | Res 0.143 | AE 0.914 | Alpha 0.0919 | MB 24/24
  cert | viol 0.000 | dV -0.194092 | V 0.2507 | inball 0.411 | a*_q05 0.00521 | a*_q50 0.02343 | dV>=0 0.000 | n=150 | a_used 0.00127 -> 0.00137
  crit | n=1 | viol 0.583 | V 0.7652 | Vmin 0.3439 | agree +0.476 | a*_q05 -0.00573 | a*_q50 0.00042 | dV>=0 0.464 | beta 0.2253
  bell | direct viol 0.412 | direct dV>=0 0.358 | d_mean +0.00173 | d_std 0.02860 | d_q95 0.04632
[Episode 264/900] Steps: 720 | Reward:   -5.32 | Battery:  60.36% | Loss: 0.1262
Placing Sensors
[Episode 265/900] Steps: 103 | Reward:  -17.50 | Battery:   0.00% | Loss: 
Placing Sensors
[Episode 266/900] Steps: 720 | Reward:   -7.18 | Battery:  59.48% | Loss: 
Placing Sensors
[Episode 267/900] Steps:  95 | Reward:  -17.51 | Battery:   0.00% | Loss: 
Placing Sensors
[Episode 268/900] Steps:  76 | Reward:  -17.69 | Battery:   0.00% | Loss: 
Placing Sensors
[Episode 269/900] Steps:  83 | Reward:  -17.50 | Battery:   0.00% | Loss: 
Placing Sensors
Policy -0.0292 | Value 0.0267 | KL 0.00798 | CF 0.0879 | Std 0.1151 | |a| 0.0154 | EV +0.863 | Rsd 0.612 | Res 0.233 | AE 0.870 | Alpha 0.0881 | MB 32/32
  cert | viol 0.177 | dV -0.199428 | V 0.2864 | inball 0.234 | a*_q05 -0.00792 | a*_q50 0.01323 | dV>=0 0.155 | n=150 | a_used 0.00137 -> 0.00151
  crit | n=1 | viol 0.612 | V 1.0634 | Vmin 0.3549 | agree +0.617 | a*_q05 -0.00609 | a*_q50 0.00038 | dV>=0 0.471 | beta 0.2253
  bell | direct viol 0.469 | direct dV>=0 0.406 | d_mean -0.00146 | d_std 0.02779 | d_q95 0.04811
[Episode 270/900] Steps: 720 | Reward:   -4.39 | Battery:  74.05% | Loss: 0.1705
Placing Sensors
[Episode 271/900] Steps: 720 | Reward:   -7.35 | Battery:  68.76% | Loss: 
Placing Sensors
[Episode 272/900] Steps: 112 | Reward:  -17.37 | Battery:   0.00% | Loss: 
Placing Sensors
Policy 0.0148 | Value 0.0140 | KL 0.01652 | CF 0.1323 | Std 0.1151 | |a| 0.0180 | EV +0.879 | Rsd 0.523 | Res 0.182 | AE 0.898 | Alpha 0.0849 | MB 28/28
  cert | viol 0.193 | dV -0.190017 | V 0.3469 | inball 0.156 | a*_q05 -0.00436 | a*_q50 0.00840 | dV>=0 0.126 | n=150 | a_used 0.00151 -> 0.00143
  crit | n=1 | viol 0.562 | V 1.0249 | Vmin 0.4114 | agree +0.563 | a*_q05 -0.00721 | a*_q50 0.00066 | dV>=0 0.468 | beta 0.2223
  bell | direct viol 0.477 | direct dV>=0 0.421 | d_mean +0.00044 | d_std 0.02067 | d_q95 0.03253
[Episode 273/900] Steps: 720 | Reward:   -6.63 | Battery:  75.02% | Loss: 0.0779
Placing Sensors
[Episode 274/900] Steps: 127 | Reward:  -17.36 | Battery:   0.00% | Loss: 
Placing Sensors
[Episode 275/900] Steps: 720 | Reward:   -6.72 | Battery:  73.01% | Loss: 
Placing Sensors
[Episode 276/900] Steps:  76 | Reward:  -17.61 | Battery:   0.00% | Loss: 
Placing Sensors
[Episode 277/900] Steps:  83 | Reward:  -17.70 | Battery:   0.00% | Loss: 
Placing Sensors
[Episode 278/900] Steps: 106 | Reward:  -17.43 | Battery:   0.00% | Loss: 
Placing Sensors
[Episode 279/900] Steps: 135 | Reward:  -17.48 | Battery:   0.00% | Loss: 
Placing Sensors
[Episode 280/900] Steps: 138 | Reward:  -17.24 | Battery:   0.00% | Loss: 
Placing Sensors
Policy 0.0014 | Value 0.0401 | KL 0.01116 | CF 0.1354 | Std 0.1152 | |a| 0.0226 | EV +0.761 | Rsd 0.669 | Res 0.352 | AE 0.815 | Alpha 0.0819 | MB 24/24
  cert | viol 0.098 | dV -0.271376 | V 0.4350 | inball 0.185 | a*_q05 -0.00038 | a*_q50 0.01764 | dV>=0 0.070 | n=150 | a_used 0.00143 -> 0.00150
  crit | n=1 | viol 0.626 | V 1.4969 | Vmin 0.4363 | agree +0.691 | a*_q05 -0.00429 | a*_q50 0.00077 | dV>=0 0.344 | beta 0.2234
  bell | direct viol 0.592 | direct dV>=0 0.482 | d_mean -0.00105 | d_std 0.02403 | d_q95 0.03938
[Episode 281/900] Steps: 111 | Reward:  -17.50 | Battery:   0.00% | Loss: 0.1834
Placing Sensors
[Episode 282/900] Steps: 720 | Reward:   -8.40 | Battery:  54.25% | Loss: 
Placing Sensors
[Episode 283/900] Steps:  90 | Reward:  -17.62 | Battery:   0.00% | Loss: 
Placing Sensors
[Episode 284/900] Steps:  94 | Reward:  -17.41 | Battery:   0.00% | Loss: 
Placing Sensors
Policy -0.0061 | Value 0.0187 | KL 0.00527 | CF 0.0635 | Std 0.1153 | |a| 0.0170 | EV +0.868 | Rsd 0.596 | Res 0.217 | AE 0.884 | Alpha 0.0788 | MB 28/28
  cert | viol 0.328 | dV -0.167677 | V 0.3236 | inball 0.260 | a*_q05 -0.01611 | a*_q50 0.01238 | dV>=0 0.250 | n=150 | a_used 0.00150 -> 0.00143
  crit | n=1 | viol 0.654 | V 1.0753 | Vmin 0.4486 | agree +0.483 | a*_q05 -0.00681 | a*_q50 -0.00023 | dV>=0 0.521 | beta 0.2225
  bell | direct viol 0.502 | direct dV>=0 0.420 | d_mean +0.00045 | d_std 0.02262 | d_q95 0.04055
[Episode 285/900] Steps: 720 | Reward:   -3.64 | Battery:  68.35% | Loss: 0.0123
Placing Sensors
[Episode 286/900] Steps: 720 | Reward:   -6.14 | Battery:  53.02% | Loss: 
Placing Sensors
[Episode 287/900] Steps: 117 | Reward:  -17.29 | Battery:   0.00% | Loss: 
Placing Sensors
Policy -0.0134 | Value 0.0145 | KL 0.00968 | CF 0.1128 | Std 0.1154 | |a| 0.0218 | EV +0.899 | Rsd 0.565 | Res 0.195 | AE 0.857 | Alpha 0.0760 | MB 28/28
  cert | viol 0.013 | dV -0.242490 | V 0.3218 | inball 0.330 | a*_q05 0.00426 | a*_q50 0.02234 | dV>=0 0.004 | n=150 | a_used 0.00143 -> 0.00155
  crit | n=1 | viol 0.639 | V 1.1092 | Vmin 0.4512 | agree +0.453 | a*_q05 -0.00649 | a*_q50 0.00008 | dV>=0 0.490 | beta 0.2224
  bell | direct viol 0.459 | direct dV>=0 0.354 | d_mean +0.00257 | d_std 0.02225 | d_q95 0.03578
[Episode 288/900] Steps: 720 | Reward:   -5.92 | Battery:  61.39% | Loss: 0.0732
Placing Sensors
[Episode 289/900] Steps: 170 | Reward:  -17.28 | Battery:   0.00% | Loss: 
Placing Sensors
[Episode 290/900] Steps:  70 | Reward:  -17.81 | Battery:   0.00% | Loss: 
Placing Sensors
[Episode 291/900] Steps: 720 | Reward:   -5.01 | Battery:  70.70% | Loss: 
Placing Sensors
Policy 0.0040 | Value 0.0197 | KL 0.00747 | CF 0.0874 | Std 0.1154 | |a| 0.0216 | EV +0.873 | Rsd 0.571 | Res 0.210 | AE 0.867 | Alpha 0.0730 | MB 28/28
  cert | viol 0.033 | dV -0.262301 | V 0.3431 | inball 0.301 | a*_q05 0.00168 | a*_q50 0.02279 | dV>=0 0.030 | n=150 | a_used 0.00155 -> 0.00147
  crit | n=1 | viol 0.671 | V 1.1206 | Vmin 0.4419 | agree +0.760 | a*_q05 -0.00691 | a*_q50 0.00010 | dV>=0 0.485 | beta 0.2217
  bell | direct viol 0.478 | direct dV>=0 0.380 | d_mean +0.00196 | d_std 0.02400 | d_q95 0.03748
[Episode 292/900] Steps: 720 | Reward:   -6.43 | Battery:  68.20% | Loss: 0.2066
Placing Sensors
[Episode 293/900] Steps: 720 | Reward:   -5.19 | Battery:  76.29% | Loss: 
Placing Sensors
[Episode 294/900] Steps:  71 | Reward:  -17.79 | Battery:   0.00% | Loss: 
Placing Sensors
[Episode 295/900] Steps: 153 | Reward:  -17.21 | Battery:   0.00% | Loss: 
Placing Sensors
Policy -0.0098 | Value 0.0186 | KL 0.01322 | CF 0.1415 | Std 0.1155 | |a| 0.0239 | EV +0.876 | Rsd 0.564 | Res 0.200 | AE 0.870 | Alpha 0.0702 | MB 28/28
  cert | viol 0.062 | dV -0.194660 | V 0.2676 | inball 0.261 | a*_q05 -0.00239 | a*_q50 0.01537 | dV>=0 0.037 | n=150 | a_used 0.00147 -> 0.00145
  crit | n=1 | viol 0.669 | V 1.0660 | Vmin 0.4480 | agree +0.726 | a*_q05 -0.00545 | a*_q50 0.00010 | dV>=0 0.486 | beta 0.2219
  bell | direct viol 0.487 | direct dV>=0 0.398 | d_mean +0.00161 | d_std 0.02418 | d_q95 0.04272
[Episode 296/900] Steps: 720 | Reward:   -6.46 | Battery:  58.89% | Loss: 0.1228
Placing Sensors
[Episode 297/900] Steps:  90 | Reward:  -17.59 | Battery:   0.00% | Loss: 
Placing Sensors
[Episode 298/900] Steps: 720 | Reward:   -6.56 | Battery:  73.12% | Loss: 
Placing Sensors
[Episode 299/900] Steps: 106 | Reward:  -17.42 | Battery:   0.00% | Loss: 
Placing Sensors
Policy -0.0047 | Value 0.0204 | KL 0.00812 | CF 0.0842 | Std 0.1156 | |a| 0.0255 | EV +0.883 | Rsd 0.588 | Res 0.202 | AE 0.884 | Alpha 0.0675 | MB 28/28
  cert | viol 0.213 | dV -0.187132 | V 0.3602 | inball 0.145 | a*_q05 -0.00966 | a*_q50 0.00824 | dV>=0 0.159 | n=150 | a_used 0.00145 -> 0.00138
  crit | n=1 | viol 0.583 | V 1.2279 | Vmin 0.5079 | agree +0.503 | a*_q05 -0.00702 | a*_q50 0.00053 | dV>=0 0.454 | beta 0.2226
  bell | direct viol 0.504 | direct dV>=0 0.422 | d_mean +0.00045 | d_std 0.02648 | d_q95 0.04689
[Episode 300/900] Steps: 720 | Reward:   -8.47 | Battery:  59.02% | Loss: -0.0975
Placing Sensors
[Episode 301/900] Steps: 720 | Reward:   -6.62 | Battery:  56.38% | Loss: 
Placing Sensors
Policy -0.0066 | Value 0.0112 | KL 0.00723 | CF 0.0999 | Std 0.1156 | |a| 0.0219 | EV +0.870 | Rsd 0.424 | Res 0.155 | AE 0.871 | Alpha 0.0653 | MB 24/24
  cert | viol 0.315 | dV -0.145546 | V 0.2811 | inball 0.027 | a*_q05 -0.01647 | a*_q50 0.00661 | dV>=0 0.279 | n=150 | a_used 0.00138 -> 0.00131
  crit | n=1 | viol 0.643 | V 1.0968 | Vmin 0.4878 | agree +0.356 | a*_q05 -0.00617 | a*_q50 -0.00025 | dV>=0 0.516 | beta 0.2247
  bell | direct viol 0.502 | direct dV>=0 0.437 | d_mean +0.00067 | d_std 0.02178 | d_q95 0.03573
[Episode 302/900] Steps: 720 | Reward:   -8.16 | Battery:  52.58% | Loss: 0.0441
Placing Sensors
[Episode 303/900] Steps: 128 | Reward:  -17.46 | Battery:   0.00% | Loss: 
Placing Sensors
[Episode 304/900] Steps: 720 | Reward:   -5.92 | Battery:  69.19% | Loss: 
Placing Sensors
Policy -0.0099 | Value 0.0133 | KL 0.01471 | CF 0.1490 | Std 0.1157 | |a| 0.0214 | EV +0.917 | Rsd 0.515 | Res 0.152 | AE 0.872 | Alpha 0.0629 | MB 28/28
  cert | viol 0.058 | dV -0.289278 | V 0.3934 | inball 0.408 | a*_q05 0.00184 | a*_q50 0.02515 | dV>=0 0.017 | n=150 | a_used 0.00131 -> 0.00137
  crit | n=1 | viol 0.534 | V 1.0226 | Vmin 0.4834 | agree +0.678 | a*_q05 -0.00584 | a*_q50 0.00088 | dV>=0 0.403 | beta 0.2240
  bell | direct viol 0.453 | direct dV>=0 0.372 | d_mean +0.00119 | d_std 0.02082 | d_q95 0.04013
[Episode 305/900] Steps: 720 | Reward:   -5.93 | Battery:  71.21% | Loss: 0.0292
Placing Sensors
[Episode 306/900] Steps:  95 | Reward:  -17.61 | Battery:   0.00% | Loss: 
Placing Sensors
[Episode 307/900] Steps: 720 | Reward:   -6.40 | Battery:  70.54% | Loss: 
Placing Sensors
Policy -0.0026 | Value 0.0144 | KL 0.00781 | CF 0.0966 | Std 0.1158 | |a| 0.0218 | EV +0.876 | Rsd 0.469 | Res 0.168 | AE 0.874 | Alpha 0.0606 | MB 24/24
  cert | viol 0.084 | dV -0.211517 | V 0.3557 | inball 0.217 | a*_q05 0.00062 | a*_q50 0.01355 | dV>=0 0.040 | n=150 | a_used 0.00137 -> 0.00124
  crit | n=1 | viol 0.539 | V 1.0843 | Vmin 0.4921 | agree +0.601 | a*_q05 -0.00637 | a*_q50 0.00089 | dV>=0 0.431 | beta 0.2256
  bell | direct viol 0.482 | direct dV>=0 0.414 | d_mean +0.00121 | d_std 0.02857 | d_q95 0.05026
[Episode 308/900] Steps: 720 | Reward:   -7.37 | Battery:  55.88% | Loss: 0.1359
Placing Sensors
[Episode 309/900] Steps: 720 | Reward:   -5.85 | Battery:  68.58% | Loss: 
Placing Sensors
Policy -0.0052 | Value 0.0058 | KL 0.00769 | CF 0.0901 | Std 0.1158 | |a| 0.0198 | EV +0.940 | Rsd 0.401 | Res 0.114 | AE 0.863 | Alpha 0.0586 | MB 24/24
  cert | viol 0.105 | dV -0.255417 | V 0.3726 | inball 0.439 | a*_q05 -0.00023 | a*_q50 0.02505 | dV>=0 0.061 | n=150 | a_used 0.00124 -> 0.00118
  crit | n=1 | viol 0.549 | V 0.9269 | Vmin 0.4613 | agree +0.572 | a*_q05 -0.00654 | a*_q50 0.00072 | dV>=0 0.448 | beta 0.2250
  bell | direct viol 0.424 | direct dV>=0 0.368 | d_mean +0.00136 | d_std 0.01941 | d_q95 0.03514
[Episode 310/900] Steps: 720 | Reward:   -5.73 | Battery:  71.18% | Loss: 0.0626
Placing Sensors
[Episode 311/900] Steps:  81 | Reward:  -17.63 | Battery:   0.00% | Loss: 
Placing Sensors
[Episode 312/900] Steps:  99 | Reward:  -17.37 | Battery:   0.00% | Loss: 
Placing Sensors
[Episode 313/900] Steps: 720 | Reward:   -6.57 | Battery:  72.44% | Loss: 
Placing Sensors
Policy -0.0115 | Value 0.0116 | KL 0.01423 | CF 0.1638 | Std 0.1158 | |a| 0.0246 | EV +0.904 | Rsd 0.532 | Res 0.166 | AE 0.871 | Alpha 0.0564 | MB 28/28
  cert | viol 0.032 | dV -0.219648 | V 0.3091 | inball 0.379 | a*_q05 0.00306 | a*_q50 0.01920 | dV>=0 0.015 | n=150 | a_used 0.00118 -> 0.00128
  crit | n=1 | viol 0.492 | V 0.9707 | Vmin 0.3746 | agree +0.725 | a*_q05 -0.00563 | a*_q50 0.00127 | dV>=0 0.364 | beta 0.2224
  bell | direct viol 0.398 | direct dV>=0 0.343 | d_mean +0.00070 | d_std 0.02408 | d_q95 0.04090
[Episode 314/900] Steps: 720 | Reward:   -4.09 | Battery:  81.17% | Loss: 0.0213
Placing Sensors
[Episode 315/900] Steps: 132 | Reward:  -17.33 | Battery:   0.00% | Loss: 
Placing Sensors
[Episode 316/900] Steps: 720 | Reward:   -3.03 | Battery:  75.27% | Loss: 
Placing Sensors
Policy -0.0134 | Value 0.0249 | KL 0.01641 | CF 0.1871 | Std 0.1159 | |a| 0.0227 | EV +0.815 | Rsd 0.531 | Res 0.233 | AE 0.877 | Alpha 0.0543 | MB 28/28
  cert | viol 0.000 | dV -0.233317 | V 0.2624 | inball 0.521 | a*_q05 0.00729 | a*_q50 0.03683 | dV>=0 0.000 | n=150 | a_used 0.00128 -> 0.00142
  crit | n=1 | viol 0.690 | V 0.8232 | Vmin 0.3299 | agree +0.699 | a*_q05 -0.00718 | a*_q50 -0.00056 | dV>=0 0.561 | beta 0.2165
  bell | direct viol 0.464 | direct dV>=0 0.428 | d_mean +0.00107 | d_std 0.02868 | d_q95 0.05320
[Episode 317/900] Steps: 720 | Reward:   -4.22 | Battery:  70.84% | Loss: 0.0687
Placing Sensors
[Episode 318/900] Steps: 720 | Reward:   -4.96 | Battery:  74.52% | Loss: 
Placing Sensors
[Episode 319/900] Steps: 104 | Reward:  -17.57 | Battery:   0.00% | Loss: 
Placing Sensors
Policy 0.0183 | Value 0.0169 | KL 0.01356 | CF 0.1364 | Std 0.1160 | |a| 0.0219 | EV +0.845 | Rsd 0.522 | Res 0.206 | AE 0.849 | Alpha 0.0524 | MB 28/28
  cert | viol 0.040 | dV -0.226915 | V 0.3253 | inball 0.358 | a*_q05 0.00257 | a*_q50 0.01890 | dV>=0 0.016 | n=150 | a_used 0.00142 -> 0.00149
  crit | n=1 | viol 0.446 | V 0.9793 | Vmin 0.3239 | agree +0.441 | a*_q05 -0.00597 | a*_q50 0.00194 | dV>=0 0.324 | beta 0.2166
  bell | direct viol 0.439 | direct dV>=0 0.381 | d_mean -0.00116 | d_std 0.03707 | d_q95 0.05311
[Episode 320/900] Steps: 720 | Reward:   -6.42 | Battery:  62.48% | Loss: -0.1131
Placing Sensors
[Episode 321/900] Steps:  82 | Reward:  -17.68 | Battery:   0.00% | Loss: 
Placing Sensors
[Episode 322/900] Steps: 720 | Reward:   -5.16 | Battery:  85.74% | Loss: 
Placing Sensors
[Episode 323/900] Steps: 149 | Reward:  -17.33 | Battery:   0.00% | Loss: 
Placing Sensors
Policy -0.0019 | Value 0.0277 | KL 0.00703 | CF 0.0858 | Std 0.1161 | |a| 0.0188 | EV +0.814 | Rsd 0.573 | Res 0.248 | AE 0.886 | Alpha 0.0503 | MB 28/28
  cert | viol 0.028 | dV -0.293889 | V 0.3737 | inball 0.417 | a*_q05 0.00290 | a*_q50 0.02737 | dV>=0 0.000 | n=150 | a_used 0.00149 -> 0.00150
  crit | n=1 | viol 0.448 | V 0.8976 | Vmin 0.3158 | agree +0.686 | a*_q05 -0.00522 | a*_q50 0.00202 | dV>=0 0.290 | beta 0.2133
  bell | direct viol 0.475 | direct dV>=0 0.424 | d_mean +0.00055 | d_std 0.02834 | d_q95 0.04569
[Episode 324/900] Steps: 720 | Reward:   -5.47 | Battery:  59.49% | Loss: 0.0643
Placing Sensors
[Episode 325/900] Steps: 720 | Reward:   -5.31 | Battery:  68.31% | Loss: 
Placing Sensors
Policy -0.0061 | Value 0.0093 | KL 0.00664 | CF 0.0758 | Std 0.1162 | |a| 0.0187 | EV +0.909 | Rsd 0.420 | Res 0.132 | AE 0.849 | Alpha 0.0487 | MB 24/24
  cert | viol 0.080 | dV -0.213941 | V 0.3261 | inball 0.346 | a*_q05 0.00125 | a*_q50 0.01982 | dV>=0 0.020 | n=150 | a_used 0.00150 -> 0.00150
  crit | n=1 | viol 0.548 | V 0.8689 | Vmin 0.3344 | agree +0.493 | a*_q05 -0.00589 | a*_q50 0.00102 | dV>=0 0.402 | beta 0.2084
  bell | direct viol 0.439 | direct dV>=0 0.390 | d_mean +0.00092 | d_std 0.03151 | d_q95 0.05417
[Episode 326/900] Steps: 720 | Reward:   -6.18 | Battery:  58.54% | Loss: 0.0308
Placing Sensors
[Episode 327/900] Steps:  87 | Reward:  -17.50 | Battery:   0.00% | Loss: 
Placing Sensors
[Episode 328/900] Steps: 107 | Reward:  -17.55 | Battery:   0.00% | Loss: 
Placing Sensors
[Episode 329/900] Steps:  65 | Reward:  -17.79 | Battery:   0.00% | Loss: 
Placing Sensors
[Episode 330/900] Steps: 720 | Reward:   -7.17 | Battery:  57.33% | Loss: 
Placing Sensors
Policy 0.0011 | Value 0.0350 | KL 0.01312 | CF 0.1383 | Std 0.1162 | |a| 0.0221 | EV +0.817 | Rsd 0.570 | Res 0.269 | AE 0.863 | Alpha 0.0467 | MB 28/28
  cert | viol 0.152 | dV -0.247166 | V 0.4032 | inball 0.280 | a*_q05 -0.00192 | a*_q50 0.01809 | dV>=0 0.111 | n=150 | a_used 0.00150 -> 0.00143
  crit | n=1 | viol 0.383 | V 0.9969 | Vmin 0.2835 | agree +0.582 | a*_q05 -0.00532 | a*_q50 0.00298 | dV>=0 0.280 | beta 0.2065
  bell | direct viol 0.462 | direct dV>=0 0.402 | d_mean -0.00162 | d_std 0.03053 | d_q95 0.05098
[Episode 331/900] Steps: 720 | Reward:   -6.19 | Battery:  76.94% | Loss: 0.0832
Placing Sensors
[Episode 332/900] Steps:  80 | Reward:  -17.66 | Battery:   0.00% | Loss: 
Placing Sensors
[Episode 333/900] Steps: 121 | Reward:  -17.29 | Battery:   0.00% | Loss: 
Placing Sensors
[Episode 334/900] Steps: 117 | Reward:  -17.36 | Battery:   0.00% | Loss: 
Placing Sensors
[Episode 335/900] Steps: 720 | Reward:   -5.16 | Battery:  76.38% | Loss: 
Placing Sensors
Policy -0.0090 | Value 0.0232 | KL 0.00629 | CF 0.0781 | Std 0.1162 | |a| 0.0189 | EV +0.857 | Rsd 0.572 | Res 0.230 | AE 0.888 | Alpha 0.0448 | MB 28/28
  cert | viol 0.084 | dV -0.192675 | V 0.3326 | inball 0.240 | a*_q05 0.00053 | a*_q50 0.01376 | dV>=0 0.041 | n=150 | a_used 0.00143 -> 0.00136
  crit | n=1 | viol 0.425 | V 1.0106 | Vmin 0.3416 | agree +0.685 | a*_q05 -0.00511 | a*_q50 0.00251 | dV>=0 0.280 | beta 0.2050
  bell | direct viol 0.472 | direct dV>=0 0.417 | d_mean -0.00085 | d_std 0.03617 | d_q95 0.06654
[Episode 336/900] Steps: 720 | Reward:   -7.46 | Battery:  64.43% | Loss: 0.0151
Placing Sensors
[Episode 337/900] Steps: 101 | Reward:  -17.25 | Battery:   0.00% | Loss: 
Placing Sensors
[Episode 338/900] Steps:  98 | Reward:  -17.56 | Battery:   0.00% | Loss: 
Placing Sensors
[Episode 339/900] Steps: 720 | Reward:   -6.85 | Battery:  60.24% | Loss: 
Placing Sensors
[Episode 340/900] Steps:  95 | Reward:  -17.52 | Battery:   0.00% | Loss: 
Placing Sensors
Policy -0.0075 | Value 0.0202 | KL 0.01207 | CF 0.1350 | Std 0.1163 | |a| 0.0170 | EV +0.888 | Rsd 0.614 | Res 0.208 | AE 0.861 | Alpha 0.0430 | MB 28/28
  cert | viol 0.057 | dV -0.206183 | V 0.3153 | inball 0.251 | a*_q05 0.00113 | a*_q50 0.01716 | dV>=0 0.033 | n=150 | a_used 0.00136 -> 0.00140
  crit | n=1 | viol 0.573 | V 1.1615 | Vmin 0.4193 | agree +0.585 | a*_q05 -0.00563 | a*_q50 0.00069 | dV>=0 0.423 | beta 0.2037
  bell | direct viol 0.484 | direct dV>=0 0.423 | d_mean +0.00127 | d_std 0.02648 | d_q95 0.05457
[Episode 341/900] Steps: 720 | Reward:   -5.91 | Battery:  58.18% | Loss: 0.0797
Placing Sensors
[Episode 342/900] Steps: 720 | Reward:   -4.77 | Battery:  57.78% | Loss: 
Placing Sensors
Policy -0.0015 | Value 0.0172 | KL 0.00414 | CF 0.0487 | Std 0.1163 | |a| 0.0205 | EV +0.849 | Rsd 0.469 | Res 0.203 | AE 0.889 | Alpha 0.0416 | MB 24/24
  cert | viol 0.093 | dV -0.212710 | V 0.3230 | inball 0.361 | a*_q05 0.00018 | a*_q50 0.02012 | dV>=0 0.050 | n=150 | a_used 0.00140 -> 0.00134
  crit | n=1 | viol 0.607 | V 0.9692 | Vmin 0.3867 | agree +0.444 | a*_q05 -0.00667 | a*_q50 -0.00013 | dV>=0 0.508 | beta 0.2031
  bell | direct viol 0.451 | direct dV>=0 0.391 | d_mean +0.00248 | d_std 0.02987 | d_q95 0.05301
[Episode 343/900] Steps: 720 | Reward:   -6.50 | Battery:  69.16% | Loss: 0.0967
Placing Sensors
[Episode 344/900] Steps: 720 | Reward:   -6.13 | Battery:  72.61% | Loss: 
Placing Sensors
[Episode 345/900] Steps: 165 | Reward:  -17.31 | Battery:   0.00% | Loss: 
Placing Sensors
Policy -0.0070 | Value 0.0298 | KL 0.01246 | CF 0.1377 | Std 0.1163 | |a| 0.0217 | EV +0.714 | Rsd 0.482 | Res 0.258 | AE 0.879 | Alpha 0.0400 | MB 28/28
  cert | viol 0.042 | dV -0.232651 | V 0.3290 | inball 0.380 | a*_q05 0.00183 | a*_q50 0.02263 | dV>=0 0.011 | n=150 | a_used 0.00134 -> 0.00142
  crit | n=1 | viol 0.383 | V 0.8923 | Vmin 0.2991 | agree +0.674 | a*_q05 -0.00604 | a*_q50 0.00256 | dV>=0 0.286 | beta 0.1991
  bell | direct viol 0.420 | direct dV>=0 0.375 | d_mean +0.00035 | d_std 0.02436 | d_q95 0.05177
[Episode 346/900] Steps: 720 | Reward:   -4.74 | Battery:  78.53% | Loss: -0.1128
Placing Sensors
[Episode 347/900] Steps: 720 | Reward:   -6.39 | Battery:  56.12% | Loss: 
Placing Sensors
Policy -0.0028 | Value 0.0124 | KL 0.00686 | CF 0.0842 | Std 0.1164 | |a| 0.0174 | EV +0.800 | Rsd 0.410 | Res 0.183 | AE 0.884 | Alpha 0.0387 | MB 24/24
  cert | viol 0.103 | dV -0.180711 | V 0.2619 | inball 0.313 | a*_q05 -0.00079 | a*_q50 0.01761 | dV>=0 0.047 | n=150 | a_used 0.00142 -> 0.00135
  crit | n=1 | viol 0.509 | V 0.8221 | Vmin 0.3020 | agree +0.371 | a*_q05 -0.00571 | a*_q50 0.00126 | dV>=0 0.391 | beta 0.1958
  bell | direct viol 0.451 | direct dV>=0 0.388 | d_mean +0.00073 | d_std 0.02183 | d_q95 0.03506
[Episode 348/900] Steps: 720 | Reward:   -5.30 | Battery:  75.57% | Loss: 0.1402
Placing Sensors
[Episode 349/900] Steps: 720 | Reward:   -4.98 | Battery:  67.92% | Loss: 
Placing Sensors
[Episode 350/900] Steps: 113 | Reward:  -17.49 | Battery:   0.00% | Loss: 
Placing Sensors
Policy 0.0056 | Value 0.0148 | KL 0.00821 | CF 0.1037 | Std 0.1164 | |a| 0.0201 | EV +0.849 | Rsd 0.468 | Res 0.183 | AE 0.879 | Alpha 0.0373 | MB 28/28
  cert | viol 0.008 | dV -0.249607 | V 0.3181 | inball 0.489 | a*_q05 0.00360 | a*_q50 0.03078 | dV>=0 0.000 | n=150 | a_used 0.00135 -> 0.00142
  crit | n=1 | viol 0.475 | V 0.8141 | Vmin 0.2733 | agree +0.665 | a*_q05 -0.00636 | a*_q50 0.00164 | dV>=0 0.310 | beta 0.1931
  bell | direct viol 0.389 | direct dV>=0 0.334 | d_mean +0.00172 | d_std 0.01862 | d_q95 0.03727
[Episode 351/900] Steps: 720 | Reward:   -3.44 | Battery:  79.04% | Loss: -0.0626
Placing Sensors
[Episode 352/900] Steps: 720 | Reward:   -6.66 | Battery:  60.81% | Loss: 
Placing Sensors
[Episode 353/900] Steps: 125 | Reward:  -17.40 | Battery:   0.00% | Loss: 
Placing Sensors
Policy 0.0053 | Value 0.0190 | KL 0.00744 | CF 0.0970 | Std 0.1165 | |a| 0.0169 | EV +0.857 | Rsd 0.495 | Res 0.193 | AE 0.860 | Alpha 0.0359 | MB 28/28
  cert | viol 0.096 | dV -0.228431 | V 0.3515 | inball 0.330 | a*_q05 0.00052 | a*_q50 0.02028 | dV>=0 0.049 | n=150 | a_used 0.00142 -> 0.00149
  crit | n=1 | viol 0.454 | V 0.8832 | Vmin 0.3064 | agree +0.624 | a*_q05 -0.00488 | a*_q50 0.00204 | dV>=0 0.356 | beta 0.1901
  bell | direct viol 0.458 | direct dV>=0 0.409 | d_mean -0.00081 | d_std 0.03090 | d_q95 0.05540
[Episode 354/900] Steps: 720 | Reward:   -5.73 | Battery:  56.27% | Loss: 0.1166
Placing Sensors
[Episode 355/900] Steps: 720 | Reward:   -6.38 | Battery:  64.82% | Loss: 
Placing Sensors
Policy -0.0022 | Value 0.0143 | KL 0.00717 | CF 0.0848 | Std 0.1165 | |a| 0.0179 | EV +0.819 | Rsd 0.397 | Res 0.178 | AE 0.856 | Alpha 0.0347 | MB 24/24
  cert | viol 0.045 | dV -0.265100 | V 0.3587 | inball 0.445 | a*_q05 0.00209 | a*_q50 0.02526 | dV>=0 0.028 | n=150 | a_used 0.00149 -> 0.00141
  crit | n=1 | viol 0.500 | V 0.8786 | Vmin 0.3191 | agree +0.442 | a*_q05 -0.00617 | a*_q50 0.00140 | dV>=0 0.429 | beta 0.1887
  bell | direct viol 0.425 | direct dV>=0 0.374 | d_mean +0.00046 | d_std 0.02474 | d_q95 0.04626
[Episode 356/900] Steps: 720 | Reward:   -4.42 | Battery:  71.96% | Loss: 0.1593
Placing Sensors
[Episode 357/900] Steps: 720 | Reward:   -5.40 | Battery:  69.63% | Loss: 
Placing Sensors
[Episode 358/900] Steps:  77 | Reward:  -17.58 | Battery:   0.00% | Loss: 
Placing Sensors
[Episode 359/900] Steps: 103 | Reward:  -17.47 | Battery:   0.00% | Loss: 
Placing Sensors
Policy -0.0063 | Value 0.0164 | KL 0.00756 | CF 0.0867 | Std 0.1166 | |a| 0.0235 | EV +0.831 | Rsd 0.538 | Res 0.223 | AE 0.873 | Alpha 0.0334 | MB 28/28
  cert | viol 0.012 | dV -0.228558 | V 0.2913 | inball 0.382 | a*_q05 0.00417 | a*_q50 0.02462 | dV>=0 0.000 | n=150 | a_used 0.00141 -> 0.00150
  crit | n=1 | viol 0.516 | V 0.9013 | Vmin 0.3201 | agree +0.667 | a*_q05 -0.00555 | a*_q50 0.00117 | dV>=0 0.361 | beta 0.1874
  bell | direct viol 0.450 | direct dV>=0 0.382 | d_mean +0.00078 | d_std 0.03131 | d_q95 0.04228
[Episode 360/900] Steps: 720 | Reward:   -4.93 | Battery:  56.96% | Loss: -0.0684
Placing Sensors
[Episode 361/900] Steps: 720 | Reward:   -4.78 | Battery:  74.56% | Loss: 
Placing Sensors
Policy -0.0075 | Value 0.0085 | KL 0.00664 | CF 0.0849 | Std 0.1166 | |a| 0.0197 | EV +0.874 | Rsd 0.310 | Res 0.111 | AE 0.897 | Alpha 0.0323 | MB 24/24
  cert | viol 0.000 | dV -0.193854 | V 0.2434 | inball 0.522 | a*_q05 0.00600 | a*_q50 0.02371 | dV>=0 0.000 | n=150 | a_used 0.00150 -> 0.00159
  crit | n=1 | viol 0.365 | V 0.6469 | Vmin 0.3326 | agree +0.372 | a*_q05 -0.00450 | a*_q50 0.00336 | dV>=0 0.262 | beta 0.1859
  bell | direct viol 0.416 | direct dV>=0 0.373 | d_mean +0.00071 | d_std 0.02071 | d_q95 0.04207
[Episode 362/900] Steps: 720 | Reward:   -3.75 | Battery:  84.06% | Loss: -0.0136
Placing Sensors
[Episode 363/900] Steps: 720 | Reward:   -4.33 | Battery:  75.98% | Loss: 
Placing Sensors
Policy -0.0130 | Value 0.0075 | KL 0.00934 | CF 0.1204 | Std 0.1166 | |a| 0.0224 | EV +0.924 | Rsd 0.392 | Res 0.112 | AE 0.872 | Alpha 0.0312 | MB 24/24
  cert | viol 0.005 | dV -0.267477 | V 0.3378 | inball 0.486 | a*_q05 0.00346 | a*_q50 0.02675 | dV>=0 0.000 | n=150 | a_used 0.00159 -> 0.00167
  crit | n=1 | viol 0.444 | V 0.7114 | Vmin 0.3068 | agree +0.601 | a*_q05 -0.00635 | a*_q50 0.00221 | dV>=0 0.342 | beta 0.1845
  bell | direct viol 0.407 | direct dV>=0 0.362 | d_mean +0.00089 | d_std 0.02574 | d_q95 0.05352
[Episode 364/900] Steps: 720 | Reward:   -5.35 | Battery:  73.00% | Loss: -0.1300
Placing Sensors
[Episode 365/900] Steps: 114 | Reward:  -17.38 | Battery:   0.00% | Loss: 
Placing Sensors
[Episode 366/900] Steps: 720 | Reward:   -5.28 | Battery:  79.24% | Loss: 
Placing Sensors
Policy 0.0127 | Value 0.0127 | KL 0.00784 | CF 0.1037 | Std 0.1166 | |a| 0.0229 | EV +0.855 | Rsd 0.502 | Res 0.196 | AE 0.838 | Alpha 0.0301 | MB 28/28
  cert | viol 0.063 | dV -0.309389 | V 0.4525 | inball 0.411 | a*_q05 0.00118 | a*_q50 0.02276 | dV>=0 0.042 | n=150 | a_used 0.00167 -> 0.00176
  crit | n=1 | viol 0.364 | V 0.8616 | Vmin 0.2903 | agree +0.600 | a*_q05 -0.00600 | a*_q50 0.00376 | dV>=0 0.227 | beta 0.1822
  bell | direct viol 0.440 | direct dV>=0 0.384 | d_mean -0.00251 | d_std 0.03250 | d_q95 0.05647
[Episode 367/900] Steps: 720 | Reward:   -6.58 | Battery:  66.98% | Loss: -0.2894
Placing Sensors
[Episode 368/900] Steps:  89 | Reward:  -17.45 | Battery:   0.00% | Loss: 
Placing Sensors
[Episode 369/900] Steps: 720 | Reward:   -5.78 | Battery:  78.99% | Loss: 
Placing Sensors
Policy -0.0048 | Value 0.0222 | KL 0.00747 | CF 0.0844 | Std 0.1167 | |a| 0.0224 | EV +0.854 | Rsd 0.555 | Res 0.215 | AE 0.834 | Alpha 0.0290 | MB 24/24
  cert | viol 0.164 | dV -0.277252 | V 0.4281 | inball 0.446 | a*_q05 -0.00174 | a*_q50 0.02513 | dV>=0 0.105 | n=150 | a_used 0.00176 -> 0.00168
  crit | n=1 | viol 0.449 | V 0.8217 | Vmin 0.2492 | agree +0.633 | a*_q05 -0.00693 | a*_q50 0.00229 | dV>=0 0.277 | beta 0.1787
  bell | direct viol 0.431 | direct dV>=0 0.373 | d_mean -0.00036 | d_std 0.04201 | d_q95 0.07779
[Episode 370/900] Steps: 720 | Reward:   -5.44 | Battery:  71.51% | Loss: 0.1823
Placing Sensors
[Episode 371/900] Steps: 104 | Reward:  -17.41 | Battery:   0.00% | Loss: 
Placing Sensors
[Episode 372/900] Steps: 720 | Reward:   -5.61 | Battery:  81.53% | Loss: 
Placing Sensors
[Episode 373/900] Steps:  69 | Reward:  -17.78 | Battery:   0.00% | Loss: 
Placing Sensors
[Episode 374/900] Steps: 105 | Reward:  -17.54 | Battery:   0.00% | Loss: 
Placing Sensors
Policy -0.0006 | Value 0.0290 | KL 0.00764 | CF 0.0863 | Std 0.1167 | |a| 0.0227 | EV +0.873 | Rsd 0.653 | Res 0.237 | AE 0.849 | Alpha 0.0279 | MB 28/28
  cert | viol 0.034 | dV -0.310390 | V 0.3951 | inball 0.411 | a*_q05 0.00258 | a*_q50 0.03064 | dV>=0 0.002 | n=150 | a_used 0.00168 -> 0.00169
  crit | n=1 | viol 0.549 | V 0.9754 | Vmin 0.2488 | agree +0.717 | a*_q05 -0.00667 | a*_q50 0.00131 | dV>=0 0.338 | beta 0.1764
  bell | direct viol 0.514 | direct dV>=0 0.409 | d_mean +0.00165 | d_std 0.04156 | d_q95 0.08499
[Episode 375/900] Steps: 720 | Reward:   -4.83 | Battery:  59.56% | Loss: 0.0274
Placing Sensors
[Episode 376/900] Steps: 720 | Reward:   -6.61 | Battery:  62.65% | Loss: 
Placing Sensors
Policy -0.0081 | Value 0.0140 | KL 0.01189 | CF 0.1216 | Std 0.1167 | |a| 0.0231 | EV +0.878 | Rsd 0.505 | Res 0.178 | AE 0.891 | Alpha 0.0269 | MB 24/24
  cert | viol 0.127 | dV -0.212701 | V 0.3469 | inball 0.368 | a*_q05 -0.00039 | a*_q50 0.01932 | dV>=0 0.063 | n=150 | a_used 0.00169 -> 0.00160
  crit | n=1 | viol 0.427 | V 0.9243 | Vmin 0.3099 | agree +0.405 | a*_q05 -0.00535 | a*_q50 0.00261 | dV>=0 0.261 | beta 0.1743
  bell | direct viol 0.455 | direct dV>=0 0.400 | d_mean +0.00066 | d_std 0.03370 | d_q95 0.05134
[Episode 377/900] Steps: 720 | Reward:   -5.55 | Battery:  71.73% | Loss: 0.1146
Placing Sensors
[Episode 378/900] Steps: 720 | Reward:   -2.94 | Battery:  82.19% | Loss: 
Placing Sensors
Policy -0.0046 | Value 0.0090 | KL 0.00696 | CF 0.0876 | Std 0.1167 | |a| 0.0211 | EV +0.915 | Rsd 0.389 | Res 0.115 | AE 0.896 | Alpha 0.0260 | MB 24/24
  cert | viol 0.000 | dV -0.264795 | V 0.2887 | inball 0.587 | a*_q05 0.00905 | a*_q50 0.03504 | dV>=0 0.000 | n=150 | a_used 0.00160 -> 0.00176
  crit | n=1 | viol 0.470 | V 0.5689 | Vmin 0.2007 | agree +0.380 | a*_q05 -0.00686 | a*_q50 0.00207 | dV>=0 0.373 | beta 0.1697
  bell | direct viol 0.403 | direct dV>=0 0.363 | d_mean +0.00140 | d_std 0.02045 | d_q95 0.03911
[Episode 379/900] Steps: 720 | Reward:   -4.17 | Battery:  63.06% | Loss: 0.0210
Placing Sensors
[Episode 380/900] Steps:  86 | Reward:  -17.63 | Battery:   0.00% | Loss: 
Placing Sensors
[Episode 381/900] Steps: 720 | Reward:   -5.37 | Battery:  71.01% | Loss: 
Placing Sensors
Policy 0.0017 | Value 0.0222 | KL 0.01263 | CF 0.1239 | Std 0.1167 | |a| 0.0259 | EV +0.811 | Rsd 0.496 | Res 0.218 | AE 0.856 | Alpha 0.0251 | MB 24/24
  cert | viol 0.043 | dV -0.266452 | V 0.3518 | inball 0.452 | a*_q05 0.00221 | a*_q50 0.02692 | dV>=0 0.016 | n=150 | a_used 0.00176 -> 0.00178
  crit | n=1 | viol 0.388 | V 0.7986 | Vmin 0.2581 | agree +0.606 | a*_q05 -0.00591 | a*_q50 0.00299 | dV>=0 0.250 | beta 0.1685
  bell | direct viol 0.448 | direct dV>=0 0.390 | d_mean +0.00009 | d_std 0.03467 | d_q95 0.06586
[Episode 382/900] Steps: 720 | Reward:   -5.12 | Battery:  75.71% | Loss: -0.0167
Placing Sensors
[Episode 383/900] Steps:  85 | Reward:  -17.66 | Battery:   0.00% | Loss: 
Placing Sensors
[Episode 384/900] Steps:  65 | Reward:  -17.66 | Battery:   0.00% | Loss: 
Placing Sensors
[Episode 385/900] Steps: 106 | Reward:  -17.37 | Battery:   0.00% | Loss: 
Placing Sensors
[Episode 386/900] Steps:  60 | Reward:  -17.77 | Battery:   0.00% | Loss: 
Placing Sensors
[Episode 387/900] Steps: 720 | Reward:   -5.76 | Battery:  82.45% | Loss: 
Placing Sensors
[Episode 388/900] Steps:  72 | Reward:  -17.68 | Battery:   0.00% | Loss: 
Placing Sensors
[Episode 389/900] Steps: 115 | Reward:  -17.22 | Battery:   0.00% | Loss: 
Placing Sensors
[Episode 390/900] Steps:  71 | Reward:  -17.69 | Battery:   0.00% | Loss: 
Placing Sensors
Policy -0.0062 | Value 0.0324 | KL 0.00993 | CF 0.1051 | Std 0.1168 | |a| 0.0222 | EV +0.891 | Rsd 0.697 | Res 0.264 | AE 0.855 | Alpha 0.0239 | MB 32/32
  cert | viol 0.061 | dV -0.296819 | V 0.4092 | inball 0.333 | a*_q05 0.00128 | a*_q50 0.02628 | dV>=0 0.040 | n=150 | a_used 0.00178 -> 0.00166
  crit | n=1 | viol 0.449 | V 1.0679 | Vmin 0.2720 | agree +0.726 | a*_q05 -0.00555 | a*_q50 0.00256 | dV>=0 0.252 | beta 0.1662
  bell | direct viol 0.510 | direct dV>=0 0.437 | d_mean -0.00160 | d_std 0.04669 | d_q95 0.08761
[Episode 391/900] Steps: 720 | Reward:   -5.33 | Battery:  74.09% | Loss: -0.0811
Placing Sensors
[Episode 392/900] Steps: 720 | Reward:   -5.24 | Battery:  63.07% | Loss: 
Placing Sensors
Policy -0.0030 | Value 0.0094 | KL 0.00793 | CF 0.0930 | Std 0.1168 | |a| 0.0196 | EV +0.913 | Rsd 0.459 | Res 0.136 | AE 0.880 | Alpha 0.0231 | MB 24/24
  cert | viol 0.057 | dV -0.259634 | V 0.3499 | inball 0.463 | a*_q05 0.00154 | a*_q50 0.02702 | dV>=0 0.000 | n=150 | a_used 0.00166 -> 0.00165
  crit | n=1 | viol 0.489 | V 0.7544 | Vmin 0.2336 | agree +0.465 | a*_q05 -0.00697 | a*_q50 0.00189 | dV>=0 0.376 | beta 0.1646
  bell | direct viol 0.415 | direct dV>=0 0.371 | d_mean +0.00151 | d_std 0.02314 | d_q95 0.04730
[Episode 393/900] Steps: 720 | Reward:   -4.85 | Battery:  79.27% | Loss: 0.1356
Placing Sensors
[Episode 394/900] Steps:  64 | Reward:  -17.59 | Battery:   0.00% | Loss: 
Placing Sensors
[Episode 395/900] Steps:  69 | Reward:  -17.67 | Battery:   0.00% | Loss: 
Placing Sensors
[Episode 396/900] Steps: 720 | Reward:   -3.95 | Battery:  80.59% | Loss: 
Placing Sensors
[Episode 397/900] Steps:  88 | Reward:  -17.66 | Battery:   0.00% | Loss: 
Placing Sensors
[Episode 398/900] Steps:  88 | Reward:  -17.48 | Battery:   0.00% | Loss: 
Placing Sensors
Policy -0.0046 | Value 0.0214 | KL 0.00796 | CF 0.0786 | Std 0.1168 | |a| 0.0249 | EV +0.888 | Rsd 0.646 | Res 0.217 | AE 0.888 | Alpha 0.0222 | MB 28/28
  cert | viol 0.044 | dV -0.262824 | V 0.3381 | inball 0.387 | a*_q05 0.00214 | a*_q50 0.02816 | dV>=0 0.024 | n=150 | a_used 0.00165 -> 0.00156
  crit | n=1 | viol 0.634 | V 0.9885 | Vmin 0.3319 | agree +0.786 | a*_q05 -0.00514 | a*_q50 0.00018 | dV>=0 0.489 | beta 0.1645
  bell | direct viol 0.456 | direct dV>=0 0.398 | d_mean +0.00045 | d_std 0.03552 | d_q95 0.06417
[Episode 399/900] Steps: 720 | Reward:   -6.32 | Battery:  62.45% | Loss: 0.0508
Placing Sensors
[Episode 400/900] Steps: 720 | Reward:   -6.04 | Battery:  71.44% | Loss: 
Placing Sensors
Policy -0.0105 | Value 0.0063 | KL 0.00673 | CF 0.0822 | Std 0.1169 | |a| 0.0176 | EV +0.954 | Rsd 0.455 | Res 0.100 | AE 0.872 | Alpha 0.0214 | MB 24/24
  cert | viol 0.055 | dV -0.251042 | V 0.3414 | inball 0.496 | a*_q05 0.00173 | a*_q50 0.02342 | dV>=0 0.027 | n=150 | a_used 0.00156 -> 0.00148
  crit | n=1 | viol 0.462 | V 0.7991 | Vmin 0.3314 | agree +0.418 | a*_q05 -0.00574 | a*_q50 0.00206 | dV>=0 0.318 | beta 0.1645
  bell | direct viol 0.398 | direct dV>=0 0.347 | d_mean +0.00106 | d_std 0.02402 | d_q95 0.04894
[Episode 401/900] Steps: 720 | Reward:   -4.03 | Battery:  77.41% | Loss: -0.1260
Placing Sensors
[Episode 402/900] Steps: 720 | Reward:   -5.13 | Battery:  61.15% | Loss: 
Placing Sensors
Policy -0.0082 | Value 0.0086 | KL 0.01091 | CF 0.1429 | Std 0.1169 | |a| 0.0214 | EV +0.907 | Rsd 0.412 | Res 0.125 | AE 0.883 | Alpha 0.0207 | MB 24/24
  cert | viol 0.029 | dV -0.246840 | V 0.3308 | inball 0.427 | a*_q05 0.00302 | a*_q50 0.02696 | dV>=0 0.005 | n=150 | a_used 0.00148 -> 0.00156
  crit | n=1 | viol 0.434 | V 0.7694 | Vmin 0.3176 | agree +0.398 | a*_q05 -0.00624 | a*_q50 0.00297 | dV>=0 0.372 | beta 0.1642
  bell | direct viol 0.417 | direct dV>=0 0.381 | d_mean +0.00044 | d_std 0.03132 | d_q95 0.06447
[Episode 403/900] Steps: 720 | Reward:   -5.68 | Battery:  74.23% | Loss: 0.0927
Placing Sensors
[Episode 404/900] Steps: 720 | Reward:   -4.71 | Battery:  66.36% | Loss: 
Placing Sensors
Policy -0.0057 | Value 0.0065 | KL 0.00747 | CF 0.0885 | Std 0.1169 | |a| 0.0195 | EV +0.939 | Rsd 0.415 | Res 0.128 | AE 0.886 | Alpha 0.0200 | MB 24/24
  cert | viol 0.007 | dV -0.266973 | V 0.3301 | inball 0.524 | a*_q05 0.00300 | a*_q50 0.03096 | dV>=0 0.000 | n=150 | a_used 0.00156 -> 0.00160
  crit | n=1 | viol 0.489 | V 0.7674 | Vmin 0.3204 | agree +0.379 | a*_q05 -0.00694 | a*_q50 0.00167 | dV>=0 0.397 | beta 0.1638
  bell | direct viol 0.430 | direct dV>=0 0.384 | d_mean +0.00119 | d_std 0.02461 | d_q95 0.05130
[Episode 405/900] Steps: 720 | Reward:   -3.97 | Battery:  78.02% | Loss: 0.0230
Placing Sensors
[Episode 406/900] Steps:  95 | Reward:  -17.51 | Battery:   0.00% | Loss: 
Placing Sensors
[Episode 407/900] Steps: 720 | Reward:   -3.77 | Battery:  83.24% | Loss: 
Placing Sensors
[Episode 408/900] Steps:  94 | Reward:  -17.58 | Battery:   0.00% | Loss: 
Placing Sensors
[Episode 409/900] Steps:  93 | Reward:  -17.57 | Battery:   0.00% | Loss: 
Placing Sensors
Policy -0.0017 | Value 0.0286 | KL 0.01330 | CF 0.1314 | Std 0.1169 | |a| 0.0218 | EV +0.806 | Rsd 0.566 | Res 0.255 | AE 0.832 | Alpha 0.0192 | MB 28/28
  cert | viol 0.099 | dV -0.206681 | V 0.3406 | inball 0.359 | a*_q05 -0.00056 | a*_q50 0.02002 | dV>=0 0.076 | n=150 | a_used 0.00160 -> 0.00152
  crit | n=1 | viol 0.495 | V 0.9826 | Vmin 0.2604 | agree +0.656 | a*_q05 -0.00617 | a*_q50 0.00179 | dV>=0 0.332 | beta 0.1637
  bell | direct viol 0.430 | direct dV>=0 0.386 | d_mean -0.00021 | d_std 0.03182 | d_q95 0.06111
[Episode 410/900] Steps: 720 | Reward:   -6.80 | Battery:  73.90% | Loss: 0.1028
Placing Sensors
[Episode 411/900] Steps: 720 | Reward:   -5.87 | Battery:  57.14% | Loss: 
Placing Sensors
Policy -0.0020 | Value 0.0080 | KL 0.00803 | CF 0.1025 | Std 0.1169 | |a| 0.0265 | EV +0.921 | Rsd 0.448 | Res 0.139 | AE 0.862 | Alpha 0.0186 | MB 24/24
  cert | viol 0.010 | dV -0.279525 | V 0.3436 | inball 0.450 | a*_q05 0.00476 | a*_q50 0.02719 | dV>=0 0.000 | n=150 | a_used 0.00152 -> 0.00160
  crit | n=1 | viol 0.549 | V 0.8470 | Vmin 0.3007 | agree +0.571 | a*_q05 -0.00619 | a*_q50 0.00091 | dV>=0 0.423 | beta 0.1642
  bell | direct viol 0.408 | direct dV>=0 0.357 | d_mean +0.00243 | d_std 0.02843 | d_q95 0.05578
[Episode 412/900] Steps: 720 | Reward:   -4.85 | Battery:  78.31% | Loss: 0.0779
Placing Sensors
[Episode 413/900] Steps:  95 | Reward:  -17.45 | Battery:   0.00% | Loss: 
Placing Sensors
[Episode 414/900] Steps: 720 | Reward:   -3.53 | Battery:  88.74% | Loss: 
Placing Sensors
Policy -0.0042 | Value 0.0192 | KL 0.00979 | CF 0.1239 | Std 0.1169 | |a| 0.0216 | EV +0.858 | Rsd 0.509 | Res 0.192 | AE 0.861 | Alpha 0.0179 | MB 24/24
  cert | viol 0.035 | dV -0.266084 | V 0.3477 | inball 0.444 | a*_q05 0.00289 | a*_q50 0.02564 | dV>=0 0.016 | n=150 | a_used 0.00160 -> 0.00170
  crit | n=1 | viol 0.515 | V 0.7594 | Vmin 0.2116 | agree +0.719 | a*_q05 -0.00584 | a*_q50 0.00138 | dV>=0 0.350 | beta 0.1611
  bell | direct viol 0.382 | direct dV>=0 0.344 | d_mean +0.00131 | d_std 0.03243 | d_q95 0.06652
[Episode 415/900] Steps: 720 | Reward:   -6.16 | Battery:  71.33% | Loss: 0.0704
Placing Sensors
[Episode 416/900] Steps: 720 | Reward:   -4.66 | Battery:  66.16% | Loss: 
Placing Sensors
[Episode 417/900] Steps:  63 | Reward:  -17.63 | Battery:   0.00% | Loss: 
Placing Sensors
[Episode 418/900] Steps:  67 | Reward:  -17.81 | Battery:   0.00% | Loss: 
Placing Sensors
Policy -0.0286 | Value 0.0196 | KL 0.01610 | CF 0.1915 | Std 0.1170 | |a| 0.0246 | EV +0.855 | Rsd 0.574 | Res 0.219 | AE 0.850 | Alpha 0.0173 | MB 28/28
  cert | viol 0.011 | dV -0.242652 | V 0.3019 | inball 0.378 | a*_q05 0.00507 | a*_q50 0.02554 | dV>=0 0.000 | n=150 | a_used 0.00170 -> 0.00173
  crit | n=1 | viol 0.534 | V 0.8634 | Vmin 0.2676 | agree +0.616 | a*_q05 -0.00621 | a*_q50 0.00138 | dV>=0 0.388 | beta 0.1600
  bell | direct viol 0.439 | direct dV>=0 0.394 | d_mean +0.00130 | d_std 0.03516 | d_q95 0.06753
[Episode 419/900] Steps: 720 | Reward:   -5.81 | Battery:  62.25% | Loss: -0.1090
Placing Sensors
[Episode 420/900] Steps: 117 | Reward:  -17.35 | Battery:   0.00% | Loss: 
Placing Sensors
[Episode 421/900] Steps: 720 | Reward:   -6.56 | Battery:  69.32% | Loss: 
Placing Sensors
[Episode 422/900] Steps:  71 | Reward:  -17.69 | Battery:   0.00% | Loss: 
Placing Sensors
Policy 0.0046 | Value 0.0205 | KL 0.01009 | CF 0.1239 | Std 0.1170 | |a| 0.0263 | EV +0.888 | Rsd 0.588 | Res 0.197 | AE 0.846 | Alpha 0.0166 | MB 28/28
  cert | viol 0.001 | dV -0.256742 | V 0.3332 | inball 0.312 | a*_q05 0.00379 | a*_q50 0.02281 | dV>=0 0.000 | n=150 | a_used 0.00173 -> 0.00179
  crit | n=1 | viol 0.521 | V 0.9932 | Vmin 0.3175 | agree +0.652 | a*_q05 -0.00549 | a*_q50 0.00162 | dV>=0 0.368 | beta 0.1601
  bell | direct viol 0.467 | direct dV>=0 0.424 | d_mean +0.00043 | d_std 0.02981 | d_q95 0.05588
[Episode 423/900] Steps: 720 | Reward:   -5.49 | Battery:  67.27% | Loss: -0.0290
Placing Sensors
[Episode 424/900] Steps: 720 | Reward:   -4.71 | Battery:  72.05% | Loss: 
Placing Sensors
Policy -0.0065 | Value 0.0102 | KL 0.00751 | CF 0.0827 | Std 0.1169 | |a| 0.0197 | EV +0.865 | Rsd 0.401 | Res 0.147 | AE 0.896 | Alpha 0.0161 | MB 24/24
  cert | viol 0.098 | dV -0.231766 | V 0.3389 | inball 0.433 | a*_q05 0.00065 | a*_q50 0.01741 | dV>=0 0.037 | n=150 | a_used 0.00179 -> 0.00170
  crit | n=1 | viol 0.393 | V 0.7707 | Vmin 0.3007 | agree +0.492 | a*_q05 -0.00645 | a*_q50 0.00321 | dV>=0 0.280 | beta 0.1603
  bell | direct viol 0.450 | direct dV>=0 0.395 | d_mean +0.00019 | d_std 0.01869 | d_q95 0.03205
[Episode 425/900] Steps: 720 | Reward:   -6.40 | Battery:  76.50% | Loss: -0.0428
Placing Sensors
[Episode 426/900] Steps: 720 | Reward:   -4.56 | Battery:  85.18% | Loss: 
Placing Sensors
Policy -0.0050 | Value 0.0071 | KL 0.01100 | CF 0.0953 | Std 0.1169 | |a| 0.0259 | EV +0.951 | Rsd 0.407 | Res 0.108 | AE 0.906 | Alpha 0.0155 | MB 24/24
  cert | viol 0.018 | dV -0.330143 | V 0.3916 | inball 0.551 | a*_q05 0.00481 | a*_q50 0.03350 | dV>=0 0.002 | n=150 | a_used 0.00170 -> 0.00180
  crit | n=1 | viol 0.428 | V 0.7561 | Vmin 0.2661 | agree +0.524 | a*_q05 -0.00794 | a*_q50 0.00288 | dV>=0 0.362 | beta 0.1594
  bell | direct viol 0.421 | direct dV>=0 0.356 | d_mean +0.00113 | d_std 0.01619 | d_q95 0.03293
[Episode 427/900] Steps: 720 | Reward:   -4.61 | Battery:  74.62% | Loss: 0.0059
Placing Sensors
[Episode 428/900] Steps: 720 | Reward:   -6.40 | Battery:  77.42% | Loss: 
Placing Sensors
[Episode 429/900] Steps:  79 | Reward:  -17.42 | Battery:   0.00% | Loss: 
Placing Sensors
Policy -0.0072 | Value 0.0102 | KL 0.00660 | CF 0.0707 | Std 0.1169 | |a| 0.0244 | EV +0.927 | Rsd 0.477 | Res 0.130 | AE 0.875 | Alpha 0.0150 | MB 24/24
  cert | viol 0.082 | dV -0.197193 | V 0.2954 | inball 0.384 | a*_q05 0.00107 | a*_q50 0.02104 | dV>=0 0.027 | n=150 | a_used 0.00180 -> 0.00160
  crit | n=1 | viol 0.463 | V 0.8965 | Vmin 0.3436 | agree +0.426 | a*_q05 -0.00752 | a*_q50 0.00223 | dV>=0 0.327 | beta 0.1606
  bell | direct viol 0.507 | direct dV>=0 0.440 | d_mean +0.00043 | d_std 0.01482 | d_q95 0.03015
[Episode 430/900] Steps: 720 | Reward:   -3.76 | Battery:  68.67% | Loss: 0.0512
Placing Sensors
[Episode 431/900] Steps: 720 | Reward:   -5.33 | Battery:  52.05% | Loss: 
Placing Sensors
Policy -0.0087 | Value 0.0089 | KL 0.00708 | CF 0.0835 | Std 0.1169 | |a| 0.0250 | EV +0.907 | Rsd 0.452 | Res 0.139 | AE 0.872 | Alpha 0.0145 | MB 24/24
  cert | viol 0.139 | dV -0.275353 | V 0.4089 | inball 0.442 | a*_q05 -0.00039 | a*_q50 0.02567 | dV>=0 0.073 | n=150 | a_used 0.00160 -> 0.00152
  crit | n=1 | viol 0.432 | V 0.8499 | Vmin 0.2681 | agree +0.393 | a*_q05 -0.00640 | a*_q50 0.00281 | dV>=0 0.355 | beta 0.1605
  bell | direct viol 0.444 | direct dV>=0 0.388 | d_mean -0.00111 | d_std 0.01918 | d_q95 0.03401
[Episode 432/900] Steps: 720 | Reward:   -5.58 | Battery:  74.97% | Loss: 0.0780
Placing Sensors
[Episode 433/900] Steps: 720 | Reward:   -5.69 | Battery:  82.38% | Loss: 
Placing Sensors
Policy -0.0060 | Value 0.0071 | KL 0.01060 | CF 0.1168 | Std 0.1169 | |a| 0.0254 | EV +0.934 | Rsd 0.416 | Res 0.107 | AE 0.878 | Alpha 0.0140 | MB 24/24
  cert | viol 0.078 | dV -0.304462 | V 0.4455 | inball 0.451 | a*_q05 0.00061 | a*_q50 0.02325 | dV>=0 0.047 | n=150 | a_used 0.00152 -> 0.00144
  crit | n=1 | viol 0.312 | V 0.7836 | Vmin 0.3184 | agree +0.605 | a*_q05 -0.00670 | a*_q50 0.00430 | dV>=0 0.259 | beta 0.1612
  bell | direct viol 0.456 | direct dV>=0 0.410 | d_mean -0.00045 | d_std 0.02812 | d_q95 0.05049
[Episode 434/900] Steps: 720 | Reward:   -6.47 | Battery:  70.93% | Loss: -0.0156
Placing Sensors
[Episode 435/900] Steps: 720 | Reward:   -3.45 | Battery:  77.22% | Loss: 
Placing Sensors
Policy -0.0017 | Value 0.0076 | KL 0.01281 | CF 0.1649 | Std 0.1170 | |a| 0.0296 | EV +0.919 | Rsd 0.379 | Res 0.108 | AE 0.885 | Alpha 0.0135 | MB 24/24
  cert | viol 0.052 | dV -0.238243 | V 0.3263 | inball 0.513 | a*_q05 0.00173 | a*_q50 0.02707 | dV>=0 0.003 | n=150 | a_used 0.00144 -> 0.00145
  crit | n=1 | viol 0.341 | V 0.7102 | Vmin 0.2837 | agree +0.267 | a*_q05 -0.00549 | a*_q50 0.00486 | dV>=0 0.279 | beta 0.1599
  bell | direct viol 0.411 | direct dV>=0 0.377 | d_mean -0.00062 | d_std 0.02151 | d_q95 0.04105
[Episode 436/900] Steps: 720 | Reward:   -6.00 | Battery:  71.88% | Loss: -0.0962
Placing Sensors
[Episode 437/900] Steps: 720 | Reward:   -4.15 | Battery:  61.48% | Loss: 
Placing Sensors
Policy -0.0076 | Value 0.0083 | KL 0.01008 | CF 0.1030 | Std 0.1170 | |a| 0.0217 | EV +0.888 | Rsd 0.338 | Res 0.119 | AE 0.880 | Alpha 0.0131 | MB 24/24
  cert | viol 0.053 | dV -0.201670 | V 0.2652 | inball 0.448 | a*_q05 0.00187 | a*_q50 0.02766 | dV>=0 0.032 | n=150 | a_used 0.00145 -> 0.00139
  crit | n=1 | viol 0.582 | V 0.7148 | Vmin 0.2582 | agree +0.332 | a*_q05 -0.00698 | a*_q50 0.00007 | dV>=0 0.498 | beta 0.1579
  bell | direct viol 0.455 | direct dV>=0 0.409 | d_mean +0.00100 | d_std 0.02208 | d_q95 0.03788
[Episode 438/900] Steps: 720 | Reward:   -4.85 | Battery:  75.17% | Loss: -0.0803
Placing Sensors
[Episode 439/900] Steps: 112 | Reward:  -17.39 | Battery:   0.00% | Loss: 
Placing Sensors
[Episode 440/900] Steps: 720 | Reward:   -5.01 | Battery:  76.74% | Loss: 
Placing Sensors
Policy -0.0008 | Value 0.0235 | KL 0.01669 | CF 0.1740 | Std 0.1170 | |a| 0.0264 | EV +0.848 | Rsd 0.478 | Res 0.189 | AE 0.870 | Alpha 0.0126 | MB 28/28
  cert | viol 0.079 | dV -0.236101 | V 0.3394 | inball 0.403 | a*_q05 0.00025 | a*_q50 0.02150 | dV>=0 0.065 | n=150 | a_used 0.00139 -> 0.00136
  crit | n=1 | viol 0.393 | V 0.8397 | Vmin 0.2605 | agree +0.525 | a*_q05 -0.00502 | a*_q50 0.00276 | dV>=0 0.266 | beta 0.1574
  bell | direct viol 0.449 | direct dV>=0 0.414 | d_mean -0.00127 | d_std 0.02945 | d_q95 0.05253
[Episode 441/900] Steps: 720 | Reward:   -6.19 | Battery:  69.59% | Loss: -0.1130
Placing Sensors
[Episode 442/900] Steps: 720 | Reward:   -3.60 | Battery:  82.62% | Loss: 
Placing Sensors
Policy -0.0048 | Value 0.0105 | KL 0.00870 | CF 0.0893 | Std 0.1170 | |a| 0.0247 | EV +0.935 | Rsd 0.447 | Res 0.116 | AE 0.874 | Alpha 0.0122 | MB 24/24
  cert | viol 0.032 | dV -0.269484 | V 0.3379 | inball 0.513 | a*_q05 0.00307 | a*_q50 0.02849 | dV>=0 0.015 | n=150 | a_used 0.00136 -> 0.00145
  crit | n=1 | viol 0.339 | V 0.6828 | Vmin 0.2087 | agree +0.493 | a*_q05 -0.00653 | a*_q50 0.00352 | dV>=0 0.246 | beta 0.1552
  bell | direct viol 0.434 | direct dV>=0 0.400 | d_mean +0.00102 | d_std 0.02935 | d_q95 0.06250
[Episode 443/900] Steps: 720 | Reward:   -5.51 | Battery:  70.71% | Loss: 0.0783
Placing Sensors
[Episode 444/900] Steps: 720 | Reward:   -3.32 | Battery:  75.32% | Loss: 
Placing Sensors
Policy 0.0018 | Value 0.0064 | KL 0.00643 | CF 0.0715 | Std 0.1170 | |a| 0.0326 | EV +0.938 | Rsd 0.399 | Res 0.100 | AE 0.883 | Alpha 0.0118 | MB 24/24
  cert | viol 0.000 | dV -0.297850 | V 0.3406 | inball 0.566 | a*_q05 0.00597 | a*_q50 0.03442 | dV>=0 0.000 | n=150 | a_used 0.00145 -> 0.00151
  crit | n=1 | viol 0.389 | V 0.6147 | Vmin 0.1770 | agree +0.446 | a*_q05 -0.00621 | a*_q50 0.00308 | dV>=0 0.318 | beta 0.1520
  bell | direct viol 0.431 | direct dV>=0 0.397 | d_mean +0.00144 | d_std 0.02900 | d_q95 0.06278
[Episode 445/900] Steps: 720 | Reward:   -4.99 | Battery:  74.37% | Loss: 0.0969
Placing Sensors
[Episode 446/900] Steps: 720 | Reward:   -5.13 | Battery:  77.70% | Loss: 
Placing Sensors
Policy -0.0048 | Value 0.0101 | KL 0.01077 | CF 0.1252 | Std 0.1169 | |a| 0.0271 | EV +0.883 | Rsd 0.365 | Res 0.131 | AE 0.828 | Alpha 0.0114 | MB 24/24
  cert | viol 0.021 | dV -0.323904 | V 0.3905 | inball 0.524 | a*_q05 0.00385 | a*_q50 0.03200 | dV>=0 0.004 | n=150 | a_used 0.00151 -> 0.00162
  crit | n=1 | viol 0.506 | V 0.7074 | Vmin 0.2235 | agree +0.642 | a*_q05 -0.00675 | a*_q50 0.00135 | dV>=0 0.435 | beta 0.1501
  bell | direct viol 0.397 | direct dV>=0 0.354 | d_mean +0.00111 | d_std 0.02683 | d_q95 0.05123
[Episode 447/900] Steps: 720 | Reward:   -4.69 | Battery:  68.22% | Loss: 0.0484
Placing Sensors
[Episode 448/900] Steps: 720 | Reward:   -4.32 | Battery:  69.60% | Loss: 
Placing Sensors
Policy -0.0034 | Value 0.0065 | KL 0.00720 | CF 0.0820 | Std 0.1169 | |a| 0.0319 | EV +0.913 | Rsd 0.306 | Res 0.090 | AE 0.870 | Alpha 0.0110 | MB 24/24
  cert | viol 0.000 | dV -0.201253 | V 0.2574 | inball 0.492 | a*_q05 0.00529 | a*_q50 0.02419 | dV>=0 0.000 | n=150 | a_used 0.00162 -> 0.00172
  crit | n=1 | viol 0.440 | V 0.5983 | Vmin 0.2044 | agree +0.564 | a*_q05 -0.00547 | a*_q50 0.00209 | dV>=0 0.265 | beta 0.1490
  bell | direct viol 0.449 | direct dV>=0 0.415 | d_mean +0.00040 | d_std 0.02712 | d_q95 0.05783
[Episode 449/900] Steps: 720 | Reward:   -3.94 | Battery:  81.65% | Loss: 0.0857
Placing Sensors
[Episode 450/900] Steps: 720 | Reward:   -4.42 | Battery:  67.35% | Loss: 
Placing Sensors
Policy -0.0082 | Value 0.0094 | KL 0.01167 | CF 0.1341 | Std 0.1169 | |a| 0.0281 | EV +0.853 | Rsd 0.314 | Res 0.126 | AE 0.831 | Alpha 0.0106 | MB 24/24
  cert | viol 0.000 | dV -0.254406 | V 0.2816 | inball 0.524 | a*_q05 0.00747 | a*_q50 0.03720 | dV>=0 0.000 | n=150 | a_used 0.00172 -> 0.00183
  crit | n=1 | viol 0.619 | V 0.6325 | Vmin 0.2451 | agree +0.497 | a*_q05 -0.00740 | a*_q50 -0.00061 | dV>=0 0.535 | beta 0.1484
  bell | direct viol 0.460 | direct dV>=0 0.433 | d_mean +0.00154 | d_std 0.02824 | d_q95 0.05332
[Episode 451/900] Steps: 720 | Reward:   -3.54 | Battery:  75.41% | Loss: -0.0795
Placing Sensors
[Episode 452/900] Steps: 118 | Reward:  -17.39 | Battery:   0.00% | Loss: 
Placing Sensors
[Episode 453/900] Steps: 720 | Reward:   -4.31 | Battery:  80.72% | Loss: 
Placing Sensors
[Episode 454/900] Steps:  75 | Reward:  -17.71 | Battery:   0.00% | Loss: 
Placing Sensors
Policy -0.0092 | Value 0.0332 | KL 0.01062 | CF 0.1159 | Std 0.1169 | |a| 0.0285 | EV +0.822 | Rsd 0.537 | Res 0.235 | AE 0.850 | Alpha 0.0102 | MB 28/28
  cert | viol 0.000 | dV -0.256398 | V 0.3004 | inball 0.530 | a*_q05 0.00506 | a*_q50 0.03469 | dV>=0 0.000 | n=150 | a_used 0.00183 -> 0.00190
  crit | n=1 | viol 0.303 | V 0.6623 | Vmin 0.1862 | agree +0.709 | a*_q05 -0.00489 | a*_q50 0.00396 | dV>=0 0.200 | beta 0.1450
  bell | direct viol 0.424 | direct dV>=0 0.380 | d_mean +0.00050 | d_std 0.03485 | d_q95 0.06927
[Episode 455/900] Steps: 720 | Reward:   -2.60 | Battery:  74.90% | Loss: 0.0409
Placing Sensors
[Episode 456/900] Steps:  66 | Reward:  -17.70 | Battery:   0.00% | Loss: 
Placing Sensors
[Episode 457/900] Steps: 115 | Reward:  -17.46 | Battery:   0.00% | Loss: 
Placing Sensors
[Episode 458/900] Steps: 720 | Reward:   -3.35 | Battery:  83.60% | Loss: 
Placing Sensors
Policy 0.0114 | Value 0.0482 | KL 0.02301 | CF 0.2200 | Std 0.1169 | |a| 0.0314 | EV +0.697 | Rsd 0.544 | Res 0.303 | AE 0.848 | Alpha 0.0100 | MB 14/28
  cert | viol 0.000 | dV -0.263800 | V 0.2924 | inball 0.549 | a*_q05 0.00887 | a*_q50 0.03424 | dV>=0 0.000 | n=150 | a_used 0.00190 -> 0.00206
  crit | n=1 | viol 0.297 | V 0.6962 | Vmin 0.2372 | agree +0.578 | a*_q05 -0.00676 | a*_q50 0.00491 | dV>=0 0.205 | beta 0.1403
  bell | direct viol 0.442 | direct dV>=0 0.418 | d_mean -0.00006 | d_std 0.04849 | d_q95 0.09505
[Episode 459/900] Steps: 720 | Reward:   -3.59 | Battery:  82.87% | Loss: 0.3052
Placing Sensors
[Episode 460/900] Steps: 720 | Reward:   -4.95 | Battery:  68.56% | Loss: 
Placing Sensors
Policy -0.0020 | Value 0.0106 | KL 0.01698 | CF 0.2018 | Std 0.1169 | |a| 0.0229 | EV +0.896 | Rsd 0.413 | Res 0.133 | AE 0.875 | Alpha 0.0100 | MB 24/24
  cert | viol 0.000 | dV -0.286157 | V 0.3335 | inball 0.539 | a*_q05 0.00649 | a*_q50 0.03071 | dV>=0 0.000 | n=150 | a_used 0.00206 -> 0.00219
  crit | n=1 | viol 0.415 | V 0.6316 | Vmin 0.1829 | agree +0.523 | a*_q05 -0.00607 | a*_q50 0.00349 | dV>=0 0.320 | beta 0.1375
  bell | direct viol 0.432 | direct dV>=0 0.391 | d_mean +0.00106 | d_std 0.03689 | d_q95 0.07087
[Episode 461/900] Steps: 720 | Reward:   -4.05 | Battery:  83.46% | Loss: -0.0282
Placing Sensors
[Episode 462/900] Steps: 720 | Reward:   -5.04 | Battery:  74.38% | Loss: 
Placing Sensors
Policy -0.0018 | Value 0.0074 | KL 0.01077 | CF 0.1233 | Std 0.1170 | |a| 0.0273 | EV +0.915 | Rsd 0.393 | Res 0.116 | AE 0.871 | Alpha 0.0100 | MB 24/24
  cert | viol 0.062 | dV -0.275226 | V 0.3850 | inball 0.383 | a*_q05 0.00193 | a*_q50 0.02198 | dV>=0 0.012 | n=150 | a_used 0.00219 -> 0.00214
  crit | n=1 | viol 0.340 | V 0.7295 | Vmin 0.2165 | agree +0.423 | a*_q05 -0.00700 | a*_q50 0.00513 | dV>=0 0.292 | beta 0.1351
  bell | direct viol 0.488 | direct dV>=0 0.426 | d_mean -0.00073 | d_std 0.02792 | d_q95 0.05845
[Episode 463/900] Steps: 720 | Reward:   -6.38 | Battery:  61.35% | Loss: 0.0523
Placing Sensors
[Episode 464/900] Steps: 720 | Reward:   -6.46 | Battery:  66.29% | Loss: 
Placing Sensors
Policy -0.0065 | Value 0.0052 | KL 0.00931 | CF 0.1024 | Std 0.1170 | |a| 0.0258 | EV +0.943 | Rsd 0.431 | Res 0.103 | AE 0.864 | Alpha 0.0100 | MB 24/24
  cert | viol 0.137 | dV -0.283205 | V 0.4218 | inball 0.398 | a*_q05 0.00001 | a*_q50 0.02223 | dV>=0 0.048 | n=150 | a_used 0.00214 -> 0.00202
  crit | n=1 | viol 0.381 | V 0.8183 | Vmin 0.2213 | agree +0.508 | a*_q05 -0.00523 | a*_q50 0.00410 | dV>=0 0.269 | beta 0.1355
  bell | direct viol 0.449 | direct dV>=0 0.382 | d_mean -0.00079 | d_std 0.02468 | d_q95 0.04788
[Episode 465/900] Steps: 720 | Reward:   -5.80 | Battery:  72.20% | Loss: 0.0436
Placing Sensors
[Episode 466/900] Steps: 720 | Reward:   -5.12 | Battery:  71.86% | Loss: 
Placing Sensors
Policy -0.0020 | Value 0.0066 | KL 0.01341 | CF 0.1544 | Std 0.1169 | |a| 0.0258 | EV +0.948 | Rsd 0.403 | Res 0.092 | AE 0.871 | Alpha 0.0100 | MB 24/24
  cert | viol 0.062 | dV -0.291040 | V 0.3916 | inball 0.468 | a*_q05 0.00145 | a*_q50 0.02700 | dV>=0 0.032 | n=150 | a_used 0.00202 -> 0.00201
  crit | n=1 | viol 0.393 | V 0.7217 | Vmin 0.1981 | agree +0.555 | a*_q05 -0.00569 | a*_q50 0.00334 | dV>=0 0.301 | beta 0.1349
  bell | direct viol 0.470 | direct dV>=0 0.406 | d_mean -0.00020 | d_std 0.02188 | d_q95 0.04508
[Episode 467/900] Steps: 720 | Reward:   -5.64 | Battery:  72.27% | Loss: 0.0376
Placing Sensors
[Episode 468/900] Steps: 720 | Reward:   -4.03 | Battery:  80.93% | Loss: 
Placing Sensors
Policy -0.0069 | Value 0.0038 | KL 0.01158 | CF 0.1497 | Std 0.1169 | |a| 0.0261 | EV +0.955 | Rsd 0.355 | Res 0.085 | AE 0.886 | Alpha 0.0100 | MB 24/24
  cert | viol 0.000 | dV -0.213807 | V 0.2603 | inball 0.527 | a*_q05 0.00465 | a*_q50 0.02858 | dV>=0 0.000 | n=150 | a_used 0.00201 -> 0.00210
  crit | n=1 | viol 0.472 | V 0.6788 | Vmin 0.2643 | agree +0.299 | a*_q05 -0.00530 | a*_q50 0.00242 | dV>=0 0.301 | beta 0.1344
  bell | direct viol 0.461 | direct dV>=0 0.429 | d_mean +0.00038 | d_std 0.02956 | d_q95 0.05754
[Episode 469/900] Steps: 720 | Reward:   -3.93 | Battery:  60.29% | Loss: 0.0086
Placing Sensors
[Episode 470/900] Steps: 720 | Reward:   -5.86 | Battery:  67.97% | Loss: 
Placing Sensors
Policy -0.0010 | Value 0.0039 | KL 0.00790 | CF 0.0891 | Std 0.1169 | |a| 0.0256 | EV +0.948 | Rsd 0.347 | Res 0.081 | AE 0.867 | Alpha 0.0100 | MB 24/24
  cert | viol 0.069 | dV -0.259820 | V 0.3572 | inball 0.444 | a*_q05 0.00176 | a*_q50 0.02452 | dV>=0 0.001 | n=150 | a_used 0.00210 -> 0.00203
  crit | n=1 | viol 0.340 | V 0.7373 | Vmin 0.2966 | agree +0.495 | a*_q05 -0.00527 | a*_q50 0.00427 | dV>=0 0.255 | beta 0.1351
  bell | direct viol 0.459 | direct dV>=0 0.419 | d_mean -0.00098 | d_std 0.02297 | d_q95 0.04720
[Episode 471/900] Steps: 720 | Reward:   -5.29 | Battery:  80.48% | Loss: 0.0645
Placing Sensors
[Episode 472/900] Steps: 720 | Reward:   -3.01 | Battery:  66.38% | Loss: 
Placing Sensors
Policy -0.0062 | Value 0.0080 | KL 0.01725 | CF 0.2159 | Std 0.1168 | |a| 0.0267 | EV +0.881 | Rsd 0.284 | Res 0.125 | AE 0.903 | Alpha 0.0100 | MB 24/24
  cert | viol 0.000 | dV -0.200414 | V 0.2092 | inball 0.660 | a*_q05 0.01337 | a*_q50 0.03922 | dV>=0 0.000 | n=150 | a_used 0.00203 -> 0.00220
  crit | n=1 | viol 0.728 | V 0.5313 | Vmin 0.2451 | agree +0.439 | a*_q05 -0.00758 | a*_q50 -0.00173 | dV>=0 0.631 | beta 0.1345
  bell | direct viol 0.393 | direct dV>=0 0.348 | d_mean +0.00275 | d_std 0.01710 | d_q95 0.03639
[Episode 473/900] Steps: 720 | Reward:   -2.22 | Battery:  87.99% | Loss: 0.0124
Placing Sensors
[Episode 474/900] Steps: 720 | Reward:   -4.51 | Battery:  66.08% | Loss: 
Placing Sensors
Policy -0.0017 | Value 0.0058 | KL 0.00874 | CF 0.1173 | Std 0.1168 | |a| 0.0298 | EV +0.928 | Rsd 0.335 | Res 0.091 | AE 0.880 | Alpha 0.0100 | MB 24/24
  cert | viol 0.000 | dV -0.284092 | V 0.3187 | inball 0.593 | a*_q05 0.00631 | a*_q50 0.03726 | dV>=0 0.000 | n=150 | a_used 0.00220 -> 0.00233
  crit | n=1 | viol 0.413 | V 0.5740 | Vmin 0.2088 | agree +0.501 | a*_q05 -0.00625 | a*_q50 0.00384 | dV>=0 0.353 | beta 0.1331
  bell | direct viol 0.478 | direct dV>=0 0.439 | d_mean +0.00023 | d_std 0.02341 | d_q95 0.04720
[Episode 475/900] Steps: 720 | Reward:   -3.53 | Battery:  85.83% | Loss: 0.0746
Placing Sensors
[Episode 476/900] Steps:  63 | Reward:  -17.67 | Battery:   0.00% | Loss: 
Placing Sensors
[Episode 477/900] Steps: 720 | Reward:   -3.76 | Battery:  70.76% | Loss: 
Placing Sensors
Policy -0.0100 | Value 0.0144 | KL 0.00976 | CF 0.1199 | Std 0.1167 | |a| 0.0291 | EV +0.858 | Rsd 0.415 | Res 0.159 | AE 0.880 | Alpha 0.0100 | MB 24/24
  cert | viol 0.008 | dV -0.240991 | V 0.2816 | inball 0.563 | a*_q05 0.00550 | a*_q50 0.03267 | dV>=0 0.000 | n=150 | a_used 0.00233 -> 0.00245
  crit | n=1 | viol 0.405 | V 0.6332 | Vmin 0.2194 | agree +0.621 | a*_q05 -0.00598 | a*_q50 0.00327 | dV>=0 0.257 | beta 0.1319
  bell | direct viol 0.452 | direct dV>=0 0.410 | d_mean +0.00122 | d_std 0.02697 | d_q95 0.05634
[Episode 478/900] Steps: 720 | Reward:   -2.94 | Battery:  84.16% | Loss: -0.1035
Placing Sensors
[Episode 479/900] Steps: 720 | Reward:   -3.49 | Battery:  78.84% | Loss: 
Placing Sensors
Policy -0.0040 | Value 0.0036 | KL 0.01154 | CF 0.1394 | Std 0.1167 | |a| 0.0306 | EV +0.962 | Rsd 0.384 | Res 0.076 | AE 0.876 | Alpha 0.0100 | MB 24/24
  cert | viol 0.058 | dV -0.256724 | V 0.3414 | inball 0.516 | a*_q05 0.00235 | a*_q50 0.02985 | dV>=0 0.013 | n=150 | a_used 0.00245 -> 0.00229
  crit | n=1 | viol 0.353 | V 0.6104 | Vmin 0.2002 | agree +0.459 | a*_q05 -0.00586 | a*_q50 0.00408 | dV>=0 0.216 | beta 0.1301
  bell | direct viol 0.471 | direct dV>=0 0.421 | d_mean -0.00046 | d_std 0.02149 | d_q95 0.04373
[Episode 480/900] Steps: 720 | Reward:   -5.08 | Battery:  69.85% | Loss: 0.0035
Placing Sensors
[Episode 481/900] Steps: 720 | Reward:   -5.15 | Battery:  74.21% | Loss: 
Placing Sensors
Policy -0.0079 | Value 0.0046 | KL 0.01002 | CF 0.1220 | Std 0.1167 | |a| 0.0353 | EV +0.947 | Rsd 0.367 | Res 0.084 | AE 0.888 | Alpha 0.0100 | MB 24/24
  cert | viol 0.039 | dV -0.211188 | V 0.2660 | inball 0.557 | a*_q05 0.00375 | a*_q50 0.03085 | dV>=0 0.002 | n=150 | a_used 0.00229 -> 0.00224
  crit | n=1 | viol 0.460 | V 0.5922 | Vmin 0.1636 | agree +0.513 | a*_q05 -0.00493 | a*_q50 0.00275 | dV>=0 0.315 | beta 0.1281
  bell | direct viol 0.469 | direct dV>=0 0.433 | d_mean +0.00045 | d_std 0.02756 | d_q95 0.05319
[Episode 482/900] Steps: 720 | Reward:   -2.94 | Battery:  74.92% | Loss: 0.0372
Placing Sensors
[Episode 483/900] Steps: 720 | Reward:   -3.53 | Battery:  80.71% | Loss: 
Placing Sensors
Policy -0.0009 | Value 0.0089 | KL 0.01368 | CF 0.1453 | Std 0.1167 | |a| 0.0276 | EV +0.857 | Rsd 0.360 | Res 0.143 | AE 0.896 | Alpha 0.0100 | MB 24/24
  cert | viol 0.000 | dV -0.253938 | V 0.2680 | inball 0.650 | a*_q05 0.01211 | a*_q50 0.04098 | dV>=0 0.000 | n=150 | a_used 0.00224 -> 0.00241
  crit | n=1 | viol 0.421 | V 0.5081 | Vmin 0.1345 | agree +0.413 | a*_q05 -0.00757 | a*_q50 0.00350 | dV>=0 0.332 | beta 0.1246
  bell | direct viol 0.415 | direct dV>=0 0.377 | d_mean +0.00297 | d_std 0.02478 | d_q95 0.04537
[Episode 484/900] Steps: 720 | Reward:   -2.17 | Battery:  77.56% | Loss: 0.0407
Placing Sensors
[Episode 485/900] Steps: 720 | Reward:   -3.68 | Battery:  83.41% | Loss: 
Placing Sensors
Policy -0.0068 | Value 0.0045 | KL 0.00782 | CF 0.0973 | Std 0.1167 | |a| 0.0411 | EV +0.932 | Rsd 0.346 | Res 0.090 | AE 0.900 | Alpha 0.0100 | MB 24/24
  cert | viol 0.007 | dV -0.243337 | V 0.2960 | inball 0.465 | a*_q05 0.00563 | a*_q50 0.02761 | dV>=0 0.000 | n=150 | a_used 0.00241 -> 0.00253
  crit | n=1 | viol 0.452 | V 0.6085 | Vmin 0.2102 | agree +0.522 | a*_q05 -0.00552 | a*_q50 0.00315 | dV>=0 0.327 | beta 0.1229
  bell | direct viol 0.476 | direct dV>=0 0.423 | d_mean +0.00007 | d_std 0.02477 | d_q95 0.05050
[Episode 486/900] Steps: 720 | Reward:   -5.31 | Battery:  63.31% | Loss: 0.0053
Placing Sensors
[Episode 487/900] Steps: 720 | Reward:   -3.61 | Battery:  83.35% | Loss: 
Placing Sensors
Policy -0.0067 | Value 0.0051 | KL 0.00781 | CF 0.1003 | Std 0.1167 | |a| 0.0270 | EV +0.921 | Rsd 0.311 | Res 0.092 | AE 0.884 | Alpha 0.0100 | MB 24/24
  cert | viol 0.009 | dV -0.223729 | V 0.2616 | inball 0.536 | a*_q05 0.00589 | a*_q50 0.03151 | dV>=0 0.000 | n=150 | a_used 0.00253 -> 0.00262
  crit | n=1 | viol 0.429 | V 0.5173 | Vmin 0.1769 | agree +0.405 | a*_q05 -0.00578 | a*_q50 0.00356 | dV>=0 0.303 | beta 0.1224
  bell | direct viol 0.472 | direct dV>=0 0.432 | d_mean +0.00019 | d_std 0.02609 | d_q95 0.05386
[Episode 488/900] Steps: 720 | Reward:   -4.11 | Battery:  66.58% | Loss: -0.1471
Placing Sensors
[Episode 489/900] Steps: 720 | Reward:   -4.88 | Battery:  59.61% | Loss: 
Placing Sensors
Policy -0.0030 | Value 0.0038 | KL 0.00705 | CF 0.0919 | Std 0.1166 | |a| 0.0438 | EV +0.913 | Rsd 0.306 | Res 0.091 | AE 0.908 | Alpha 0.0100 | MB 24/24
  cert | viol 0.000 | dV -0.215733 | V 0.2450 | inball 0.527 | a*_q05 0.00709 | a*_q50 0.03242 | dV>=0 0.000 | n=150 | a_used 0.00262 -> 0.00278
  crit | n=1 | viol 0.544 | V 0.5401 | Vmin 0.1939 | agree +0.430 | a*_q05 -0.00418 | a*_q50 0.00171 | dV>=0 0.400 | beta 0.1213
  bell | direct viol 0.512 | direct dV>=0 0.447 | d_mean +0.00016 | d_std 0.02309 | d_q95 0.04647
[Episode 490/900] Steps: 720 | Reward:   -3.10 | Battery:  65.09% | Loss: -0.0136
Placing Sensors
[Episode 491/900] Steps: 720 | Reward:   -4.61 | Battery:  78.27% | Loss: 
Placing Sensors
Policy -0.0029 | Value 0.0042 | KL 0.00920 | CF 0.1160 | Std 0.1166 | |a| 0.0367 | EV +0.909 | Rsd 0.293 | Res 0.090 | AE 0.884 | Alpha 0.0100 | MB 24/24
  cert | viol 0.026 | dV -0.218918 | V 0.2740 | inball 0.477 | a*_q05 0.00381 | a*_q50 0.02810 | dV>=0 0.000 | n=150 | a_used 0.00278 -> 0.00284
  crit | n=1 | viol 0.435 | V 0.5743 | Vmin 0.1913 | agree +0.455 | a*_q05 -0.00599 | a*_q50 0.00381 | dV>=0 0.298 | beta 0.1199
  bell | direct viol 0.468 | direct dV>=0 0.426 | d_mean -0.00005 | d_std 0.02375 | d_q95 0.04847
[Episode 492/900] Steps: 720 | Reward:   -4.23 | Battery:  75.48% | Loss: 0.0280
Placing Sensors
[Episode 493/900] Steps: 720 | Reward:   -2.99 | Battery:  79.32% | Loss: 
Placing Sensors
Policy 0.0026 | Value 0.0036 | KL 0.01601 | CF 0.2013 | Std 0.1166 | |a| 0.0303 | EV +0.916 | Rsd 0.257 | Res 0.078 | AE 0.892 | Alpha 0.0100 | MB 24/24
  cert | viol 0.000 | dV -0.204537 | V 0.2410 | inball 0.562 | a*_q05 0.00648 | a*_q50 0.03128 | dV>=0 0.000 | n=150 | a_used 0.00284 -> 0.00296
  crit | n=1 | viol 0.349 | V 0.4448 | Vmin 0.1681 | agree +0.361 | a*_q05 -0.00602 | a*_q50 0.00544 | dV>=0 0.228 | beta 0.1171
  bell | direct viol 0.492 | direct dV>=0 0.444 | d_mean -0.00096 | d_std 0.02161 | d_q95 0.04378
[Episode 494/900] Steps: 720 | Reward:   -3.94 | Battery:  71.97% | Loss: 0.0684
Placing Sensors
[Episode 495/900] Steps: 720 | Reward:   -3.48 | Battery:  79.14% | Loss: 
Placing Sensors
Policy -0.0026 | Value 0.0029 | KL 0.00898 | CF 0.1193 | Std 0.1165 | |a| 0.0332 | EV +0.943 | Rsd 0.287 | Res 0.070 | AE 0.873 | Alpha 0.0100 | MB 24/24
  cert | viol 0.000 | dV -0.248462 | V 0.2709 | inball 0.643 | a*_q05 0.00875 | a*_q50 0.03734 | dV>=0 0.000 | n=150 | a_used 0.00296 -> 0.00311
  crit | n=1 | viol 0.456 | V 0.4626 | Vmin 0.1269 | agree +0.535 | a*_q05 -0.00642 | a*_q50 0.00365 | dV>=0 0.301 | beta 0.1140
  bell | direct viol 0.470 | direct dV>=0 0.441 | d_mean +0.00107 | d_std 0.03568 | d_q95 0.06803
[Episode 496/900] Steps: 720 | Reward:   -2.93 | Battery:  82.63% | Loss: -0.0118
Placing Sensors
[Episode 497/900] Steps: 720 | Reward:   -3.43 | Battery:  74.24% | Loss: 
Placing Sensors
Policy -0.0088 | Value 0.0028 | KL 0.01232 | CF 0.1465 | Std 0.1165 | |a| 0.0305 | EV +0.938 | Rsd 0.280 | Res 0.071 | AE 0.869 | Alpha 0.0100 | MB 24/24
  cert | viol 0.000 | dV -0.175762 | V 0.1959 | inball 0.551 | a*_q05 0.00801 | a*_q50 0.03227 | dV>=0 0.000 | n=150 | a_used 0.00311 -> 0.00329
  crit | n=1 | viol 0.587 | V 0.4780 | Vmin 0.1517 | agree +0.379 | a*_q05 -0.00409 | a*_q50 0.00223 | dV>=0 0.299 | beta 0.1121
  bell | direct viol 0.488 | direct dV>=0 0.438 | d_mean +0.00056 | d_std 0.02288 | d_q95 0.04729
[Episode 498/900] Steps: 720 | Reward:   -3.32 | Battery:  63.00% | Loss: 0.0815
Placing Sensors
[Episode 499/900] Steps: 720 | Reward:   -5.04 | Battery:  65.93% | Loss: 
Placing Sensors
Policy -0.0088 | Value 0.0054 | KL 0.01039 | CF 0.1269 | Std 0.1165 | |a| 0.0376 | EV +0.924 | Rsd 0.322 | Res 0.101 | AE 0.852 | Alpha 0.0100 | MB 24/24
  cert | viol 0.029 | dV -0.294692 | V 0.3715 | inball 0.459 | a*_q05 0.00440 | a*_q50 0.02760 | dV>=0 0.000 | n=150 | a_used 0.00329 -> 0.00336
  crit | n=1 | viol 0.292 | V 0.6003 | Vmin 0.1727 | agree +0.463 | a*_q05 -0.00424 | a*_q50 0.00862 | dV>=0 0.204 | beta 0.1119
  bell | direct viol 0.521 | direct dV>=0 0.457 | d_mean -0.00197 | d_std 0.02443 | d_q95 0.05243
[Episode 500/900] Steps: 720 | Reward:   -5.45 | Battery:  82.93% | Loss: -0.1132
Placing Sensors
[Episode 501/900] Steps: 720 | Reward:   -2.54 | Battery:  76.27% | Loss: 
Placing Sensors
Policy -0.0079 | Value 0.0040 | KL 0.01159 | CF 0.1423 | Std 0.1165 | |a| 0.0359 | EV +0.923 | Rsd 0.285 | Res 0.084 | AE 0.872 | Alpha 0.0100 | MB 24/24
  cert | viol 0.000 | dV -0.249740 | V 0.2674 | inball 0.581 | a*_q05 0.01131 | a*_q50 0.03452 | dV>=0 0.000 | n=150 | a_used 0.00336 -> 0.00354
  crit | n=1 | viol 0.607 | V 0.4756 | Vmin 0.1649 | agree +0.577 | a*_q05 -0.00578 | a*_q50 0.00203 | dV>=0 0.313 | beta 0.1106
  bell | direct viol 0.529 | direct dV>=0 0.472 | d_mean +0.00113 | d_std 0.02783 | d_q95 0.05664
[Episode 502/900] Steps: 720 | Reward:   -3.88 | Battery:  68.78% | Loss: -0.0747
Placing Sensors
[Episode 503/900] Steps: 720 | Reward:   -4.31 | Battery:  65.93% | Loss: 
Placing Sensors
Policy 0.0001 | Value 0.0031 | KL 0.01327 | CF 0.1681 | Std 0.1164 | |a| 0.0322 | EV +0.918 | Rsd 0.263 | Res 0.077 | AE 0.875 | Alpha 0.0100 | MB 24/24
  cert | viol 0.009 | dV -0.230898 | V 0.2645 | inball 0.560 | a*_q05 0.00774 | a*_q50 0.02984 | dV>=0 0.000 | n=150 | a_used 0.00354 -> 0.00367
  crit | n=1 | viol 0.258 | V 0.4472 | Vmin 0.1571 | agree +0.348 | a*_q05 -0.00380 | a*_q50 0.00776 | dV>=0 0.155 | beta 0.1085
  bell | direct viol 0.473 | direct dV>=0 0.421 | d_mean -0.00143 | d_std 0.02524 | d_q95 0.05279
[Episode 504/900] Steps: 720 | Reward:   -2.62 | Battery:  83.13% | Loss: 0.0276
Placing Sensors
[Episode 505/900] Steps: 720 | Reward:   -3.95 | Battery:  68.55% | Loss: 
Placing Sensors
Policy -0.0113 | Value 0.0030 | KL 0.01011 | CF 0.1304 | Std 0.1164 | |a| 0.0352 | EV +0.920 | Rsd 0.238 | Res 0.068 | AE 0.837 | Alpha 0.0100 | MB 24/24
  cert | viol 0.000 | dV -0.231612 | V 0.2588 | inball 0.554 | a*_q05 0.00753 | a*_q50 0.03349 | dV>=0 0.000 | n=150 | a_used 0.00367 -> 0.00377
  crit | n=1 | viol 0.517 | V 0.5256 | Vmin 0.2014 | agree +0.347 | a*_q05 -0.00551 | a*_q50 0.00328 | dV>=0 0.356 | beta 0.1090
  bell | direct viol 0.491 | direct dV>=0 0.434 | d_mean -0.00030 | d_std 0.02390 | d_q95 0.04860
[Episode 506/900] Steps: 720 | Reward:   -3.39 | Battery:  70.13% | Loss: -0.0419
Placing Sensors
[Episode 507/900] Steps: 720 | Reward:   -3.23 | Battery:  76.13% | Loss: 
Placing Sensors
Policy -0.0026 | Value 0.0029 | KL 0.00857 | CF 0.1004 | Std 0.1164 | |a| 0.0339 | EV +0.948 | Rsd 0.282 | Res 0.067 | AE 0.835 | Alpha 0.0100 | MB 24/24
  cert | viol 0.000 | dV -0.298578 | V 0.3220 | inball 0.635 | a*_q05 0.00913 | a*_q50 0.03855 | dV>=0 0.000 | n=150 | a_used 0.00377 -> 0.00396
  crit | n=1 | viol 0.370 | V 0.4567 | Vmin 0.1579 | agree +0.610 | a*_q05 -0.00656 | a*_q50 0.00585 | dV>=0 0.260 | beta 0.1077
  bell | direct viol 0.459 | direct dV>=0 0.410 | d_mean -0.00034 | d_std 0.02115 | d_q95 0.04230
[Episode 508/900] Steps: 720 | Reward:   -3.24 | Battery:  87.52% | Loss: -0.0286
Placing Sensors
[Episode 509/900] Steps: 720 | Reward:   -3.93 | Battery:  74.57% | Loss: 
Placing Sensors
Policy 0.0001 | Value 0.0046 | KL 0.01665 | CF 0.1204 | Std 0.1164 | |a| 0.0443 | EV +0.915 | Rsd 0.311 | Res 0.091 | AE 0.854 | Alpha 0.0100 | MB 24/24
  cert | viol 0.011 | dV -0.277735 | V 0.3045 | inball 0.583 | a*_q05 0.00801 | a*_q50 0.03717 | dV>=0 0.000 | n=150 | a_used 0.00396 -> 0.00414
  crit | n=1 | viol 0.604 | V 0.5382 | Vmin 0.1870 | agree +0.618 | a*_q05 -0.00635 | a*_q50 0.00212 | dV>=0 0.404 | beta 0.1068
  bell | direct viol 0.463 | direct dV>=0 0.391 | d_mean +0.00051 | d_std 0.02807 | d_q95 0.05588
[Episode 510/900] Steps: 720 | Reward:   -3.81 | Battery:  74.14% | Loss: -0.1556
Placing Sensors
[Episode 511/900] Steps: 720 | Reward:   -3.53 | Battery:  67.86% | Loss: 
Placing Sensors
Policy -0.0068 | Value 0.0034 | KL 0.00994 | CF 0.0952 | Std 0.1164 | |a| 0.0331 | EV +0.923 | Rsd 0.291 | Res 0.083 | AE 0.836 | Alpha 0.0100 | MB 24/24
  cert | viol 0.000 | dV -0.204899 | V 0.2311 | inball 0.562 | a*_q05 0.00757 | a*_q50 0.03311 | dV>=0 0.000 | n=150 | a_used 0.00414 -> 0.00429
  crit | n=1 | viol 0.733 | V 0.5128 | Vmin 0.1688 | agree +0.549 | a*_q05 -0.00652 | a*_q50 0.00048 | dV>=0 0.453 | beta 0.1064
  bell | direct viol 0.485 | direct dV>=0 0.424 | d_mean +0.00117 | d_std 0.02479 | d_q95 0.04881
[Episode 512/900] Steps: 720 | Reward:   -3.07 | Battery:  77.66% | Loss: -0.0417
Placing Sensors
[Episode 513/900] Steps: 720 | Reward:   -2.52 | Battery:  75.83% | Loss: 
Placing Sensors
Policy -0.0031 | Value 0.0033 | KL 0.01016 | CF 0.1014 | Std 0.1163 | |a| 0.0302 | EV +0.932 | Rsd 0.291 | Res 0.083 | AE 0.873 | Alpha 0.0100 | MB 24/24
  cert | viol 0.002 | dV -0.271958 | V 0.3054 | inball 0.611 | a*_q05 0.00807 | a*_q50 0.03566 | dV>=0 0.000 | n=150 | a_used 0.00429 -> 0.00443
  crit | n=1 | viol 0.322 | V 0.3892 | Vmin 0.1346 | agree +0.612 | a*_q05 -0.00435 | a*_q50 0.00787 | dV>=0 0.159 | beta 0.1040
  bell | direct viol 0.494 | direct dV>=0 0.437 | d_mean -0.00130 | d_std 0.02175 | d_q95 0.04412
[Episode 514/900] Steps: 720 | Reward:   -4.10 | Battery:  84.62% | Loss: 0.0260
Placing Sensors
[Episode 515/900] Steps: 720 | Reward:   -2.62 | Battery:  82.15% | Loss: 
Placing Sensors
Policy -0.0016 | Value 0.0026 | KL 0.00729 | CF 0.0934 | Std 0.1163 | |a| 0.0302 | EV +0.931 | Rsd 0.293 | Res 0.085 | AE 0.835 | Alpha 0.0100 | MB 24/24
  cert | viol 0.000 | dV -0.207773 | V 0.2200 | inball 0.614 | a*_q05 0.01178 | a*_q50 0.03823 | dV>=0 0.000 | n=150 | a_used 0.00443 -> 0.00462
  crit | n=1 | viol 0.855 | V 0.4670 | Vmin 0.1173 | agree +0.565 | a*_q05 -0.00612 | a*_q50 0.00066 | dV>=0 0.450 | beta 0.1019
  bell | direct viol 0.500 | direct dV>=0 0.420 | d_mean +0.00204 | d_std 0.01620 | d_q95 0.03386
[Episode 516/900] Steps: 720 | Reward:   -3.03 | Battery:  65.54% | Loss: -0.1020
Placing Sensors
[Episode 517/900] Steps: 720 | Reward:   -3.94 | Battery:  83.09% | Loss: 
Placing Sensors
Policy -0.0082 | Value 0.0021 | KL 0.00700 | CF 0.0674 | Std 0.1162 | |a| 0.0307 | EV +0.945 | Rsd 0.268 | Res 0.064 | AE 0.848 | Alpha 0.0100 | MB 24/24
  cert | viol 0.049 | dV -0.230839 | V 0.2714 | inball 0.586 | a*_q05 0.00487 | a*_q50 0.03401 | dV>=0 0.000 | n=150 | a_used 0.00462 -> 0.00458
  crit | n=1 | viol 0.387 | V 0.4456 | Vmin 0.1566 | agree +0.531 | a*_q05 -0.00460 | a*_q50 0.00608 | dV>=0 0.167 | beta 0.1009
  bell | direct viol 0.508 | direct dV>=0 0.431 | d_mean -0.00087 | d_std 0.02061 | d_q95 0.04107
[Episode 518/900] Steps: 720 | Reward:   -3.19 | Battery:  72.55% | Loss: -0.0910
Placing Sensors
[Episode 519/900] Steps: 720 | Reward:   -4.20 | Battery:  80.74% | Loss: 
Placing Sensors
Policy -0.0116 | Value 0.0051 | KL 0.00975 | CF 0.1056 | Std 0.1161 | |a| 0.0330 | EV +0.934 | Rsd 0.313 | Res 0.092 | AE 0.844 | Alpha 0.0100 | MB 24/24
  cert | viol 0.174 | dV -0.229814 | V 0.3255 | inball 0.459 | a*_q05 0.00082 | a*_q50 0.02559 | dV>=0 0.038 | n=150 | a_used 0.00458 -> 0.00457
  crit | n=1 | viol 0.493 | V 0.5828 | Vmin 0.1987 | agree +0.563 | a*_q05 -0.00459 | a*_q50 0.00464 | dV>=0 0.232 | beta 0.1012
  bell | direct viol 0.572 | direct dV>=0 0.438 | d_mean -0.00121 | d_std 0.01753 | d_q95 0.03506
[Episode 520/900] Steps: 720 | Reward:   -5.80 | Battery:  60.11% | Loss: -0.1275
Placing Sensors
[Episode 521/900] Steps: 720 | Reward:   -4.18 | Battery:  66.72% | Loss: 
Placing Sensors
Policy -0.0080 | Value 0.0049 | KL 0.00894 | CF 0.1155 | Std 0.1161 | |a| 0.0411 | EV +0.918 | Rsd 0.313 | Res 0.089 | AE 0.884 | Alpha 0.0100 | MB 24/24
  cert | viol 0.069 | dV -0.276533 | V 0.3199 | inball 0.568 | a*_q05 0.00440 | a*_q50 0.03669 | dV>=0 0.000 | n=150 | a_used 0.00457 -> 0.00455
  crit | n=1 | viol 0.607 | V 0.5338 | Vmin 0.1766 | agree +0.527 | a*_q05 -0.00612 | a*_q50 0.00278 | dV>=0 0.322 | beta 0.1004
  bell | direct viol 0.531 | direct dV>=0 0.425 | d_mean +0.00017 | d_std 0.02410 | d_q95 0.05068
[Episode 522/900] Steps: 720 | Reward:   -3.69 | Battery:  79.15% | Loss: -0.0091
Placing Sensors
[Episode 523/900] Steps: 720 | Reward:   -4.17 | Battery:  80.51% | Loss: 
Placing Sensors
Policy -0.0026 | Value 0.0027 | KL 0.00812 | CF 0.1049 | Std 0.1161 | |a| 0.0560 | EV +0.937 | Rsd 0.238 | Res 0.065 | AE 0.900 | Alpha 0.0100 | MB 24/24
  cert | viol 0.027 | dV -0.185872 | V 0.2291 | inball 0.495 | a*_q05 0.00523 | a*_q50 0.02458 | dV>=0 0.000 | n=150 | a_used 0.00455 -> 0.00458
  crit | n=1 | viol 0.507 | V 0.5414 | Vmin 0.2511 | agree +0.452 | a*_q05 -0.00253 | a*_q50 0.00452 | dV>=0 0.194 | beta 0.1014
  bell | direct viol 0.542 | direct dV>=0 0.441 | d_mean -0.00094 | d_std 0.01578 | d_q95 0.03190
[Episode 524/900] Steps: 720 | Reward:   -4.18 | Battery:  70.28% | Loss: 0.1014
Placing Sensors
[Episode 525/900] Steps: 720 | Reward:   -4.25 | Battery:  74.31% | Loss: 
Placing Sensors
Policy -0.0080 | Value 0.0023 | KL 0.01382 | CF 0.1603 | Std 0.1161 | |a| 0.0366 | EV +0.952 | Rsd 0.274 | Res 0.061 | AE 0.877 | Alpha 0.0100 | MB 24/24
  cert | viol 0.002 | dV -0.238153 | V 0.2666 | inball 0.594 | a*_q05 0.00742 | a*_q50 0.03525 | dV>=0 0.000 | n=150 | a_used 0.00458 -> 0.00465
  crit | n=1 | viol 0.455 | V 0.4420 | Vmin 0.1694 | agree +0.568 | a*_q05 -0.00484 | a*_q50 0.00526 | dV>=0 0.239 | beta 0.1000
  bell | direct viol 0.518 | direct dV>=0 0.424 | d_mean -0.00011 | d_std 0.01946 | d_q95 0.03964
[Episode 526/900] Steps: 720 | Reward:   -2.63 | Battery:  77.09% | Loss: 0.0598
Placing Sensors
[Episode 527/900] Steps: 720 | Reward:   -3.38 | Battery:  76.04% | Loss: 
Placing Sensors
Policy -0.0046 | Value 0.0038 | KL 0.00860 | CF 0.1043 | Std 0.1161 | |a| 0.0349 | EV +0.916 | Rsd 0.284 | Res 0.091 | AE 0.875 | Alpha 0.0100 | MB 24/24
  cert | viol 0.000 | dV -0.257924 | V 0.2778 | inball 0.640 | a*_q05 0.00989 | a*_q50 0.03918 | dV>=0 0.000 | n=150 | a_used 0.00465 -> 0.00483
  crit | n=1 | viol 0.608 | V 0.4761 | Vmin 0.1535 | agree +0.527 | a*_q05 -0.00697 | a*_q50 0.00215 | dV>=0 0.398 | beta 0.0987
  bell | direct viol 0.494 | direct dV>=0 0.429 | d_mean +0.00156 | d_std 0.02246 | d_q95 0.04646
[Episode 528/900] Steps: 720 | Reward:   -2.45 | Battery:  80.98% | Loss: 0.0673
Placing Sensors
[Episode 529/900] Steps: 720 | Reward:   -4.55 | Battery:  73.32% | Loss: 
Placing Sensors
Policy -0.0070 | Value 0.0029 | KL 0.00892 | CF 0.0888 | Std 0.1161 | |a| 0.0357 | EV +0.968 | Rsd 0.323 | Res 0.063 | AE 0.833 | Alpha 0.0100 | MB 24/24
  cert | viol 0.053 | dV -0.248506 | V 0.2978 | inball 0.544 | a*_q05 0.00508 | a*_q50 0.03028 | dV>=0 0.000 | n=150 | a_used 0.00483 -> 0.00494
  crit | n=1 | viol 0.374 | V 0.5061 | Vmin 0.1522 | agree +0.564 | a*_q05 -0.00438 | a*_q50 0.00622 | dV>=0 0.164 | beta 0.0979
  bell | direct viol 0.487 | direct dV>=0 0.412 | d_mean -0.00060 | d_std 0.02200 | d_q95 0.04802
[Episode 530/900] Steps: 720 | Reward:   -3.61 | Battery:  78.85% | Loss: 0.0279
Placing Sensors
[Episode 531/900] Steps: 720 | Reward:   -3.27 | Battery:  68.21% | Loss: 
Placing Sensors
Policy -0.0080 | Value 0.0029 | KL 0.00720 | CF 0.0872 | Std 0.1161 | |a| 0.0395 | EV +0.958 | Rsd 0.331 | Res 0.070 | AE 0.837 | Alpha 0.0100 | MB 24/24
  cert | viol 0.000 | dV -0.251622 | V 0.2669 | inball 0.602 | a*_q05 0.01151 | a*_q50 0.03926 | dV>=0 0.000 | n=150 | a_used 0.00494 -> 0.00512
  crit | n=1 | viol 0.623 | V 0.4843 | Vmin 0.1383 | agree +0.434 | a*_q05 -0.00568 | a*_q50 0.00309 | dV>=0 0.319 | beta 0.0959
  bell | direct viol 0.511 | direct dV>=0 0.422 | d_mean +0.00110 | d_std 0.02445 | d_q95 0.05184
[Episode 532/900] Steps: 720 | Reward:   -3.16 | Battery:  76.16% | Loss: -0.0578
Placing Sensors
[Episode 533/900] Steps: 720 | Reward:   -2.42 | Battery:  87.96% | Loss: 
Placing Sensors
Policy -0.0055 | Value 0.0034 | KL 0.00790 | CF 0.0996 | Std 0.1160 | |a| 0.0335 | EV +0.954 | Rsd 0.294 | Res 0.064 | AE 0.860 | Alpha 0.0100 | MB 24/24
  cert | viol 0.025 | dV -0.240046 | V 0.2659 | inball 0.595 | a*_q05 0.00663 | a*_q50 0.03795 | dV>=0 0.000 | n=150 | a_used 0.00512 -> 0.00511
  crit | n=1 | viol 0.558 | V 0.4063 | Vmin 0.1211 | agree +0.520 | a*_q05 -0.00633 | a*_q50 0.00412 | dV>=0 0.328 | beta 0.0935
  bell | direct viol 0.497 | direct dV>=0 0.412 | d_mean +0.00018 | d_std 0.02315 | d_q95 0.04993
[Episode 534/900] Steps: 720 | Reward:   -3.94 | Battery:  65.70% | Loss: 0.0724
Placing Sensors
[Episode 535/900] Steps: 720 | Reward:   -3.69 | Battery:  76.07% | Loss: 
Placing Sensors
Policy -0.0085 | Value 0.0019 | KL 0.00880 | CF 0.1074 | Std 0.1160 | |a| 0.0411 | EV +0.961 | Rsd 0.296 | Res 0.059 | AE 0.849 | Alpha 0.0100 | MB 24/24
  cert | viol 0.026 | dV -0.228411 | V 0.2674 | inball 0.572 | a*_q05 0.00610 | a*_q50 0.03260 | dV>=0 0.000 | n=150 | a_used 0.00511 -> 0.00519
  crit | n=1 | viol 0.315 | V 0.4419 | Vmin 0.1007 | agree +0.497 | a*_q05 -0.00353 | a*_q50 0.00814 | dV>=0 0.108 | beta 0.0911
  bell | direct viol 0.483 | direct dV>=0 0.414 | d_mean -0.00060 | d_std 0.02543 | d_q95 0.05551
[Episode 536/900] Steps: 720 | Reward:   -3.28 | Battery:  79.91% | Loss: -0.0884
Placing Sensors
[Episode 537/900] Steps: 720 | Reward:   -4.25 | Battery:  72.06% | Loss: 
Placing Sensors
Policy -0.0053 | Value 0.0021 | KL 0.00781 | CF 0.1029 | Std 0.1159 | |a| 0.0514 | EV +0.953 | Rsd 0.319 | Res 0.073 | AE 0.872 | Alpha 0.0100 | MB 24/24
  cert | viol 0.122 | dV -0.221378 | V 0.2815 | inball 0.546 | a*_q05 0.00297 | a*_q50 0.03275 | dV>=0 0.000 | n=150 | a_used 0.00519 -> 0.00494
  crit | n=1 | viol 0.479 | V 0.4520 | Vmin 0.1087 | agree +0.606 | a*_q05 -0.00492 | a*_q50 0.00536 | dV>=0 0.215 | beta 0.0883
  bell | direct viol 0.523 | direct dV>=0 0.403 | d_mean -0.00021 | d_std 0.01725 | d_q95 0.03506
[Episode 538/900] Steps: 720 | Reward:   -3.07 | Battery:  77.50% | Loss: -0.0622
Placing Sensors
[Episode 539/900] Steps: 720 | Reward:   -4.29 | Battery:  63.55% | Loss: 
Placing Sensors
Policy -0.0036 | Value 0.0047 | KL 0.01505 | CF 0.1418 | Std 0.1159 | |a| 0.0570 | EV +0.887 | Rsd 0.298 | Res 0.101 | AE 0.864 | Alpha 0.0100 | MB 24/24
  cert | viol 0.075 | dV -0.202942 | V 0.2522 | inball 0.497 | a*_q05 0.00441 | a*_q50 0.02455 | dV>=0 0.000 | n=150 | a_used 0.00494 -> 0.00494
  crit | n=1 | viol 0.512 | V 0.5296 | Vmin 0.1234 | agree +0.516 | a*_q05 -0.00380 | a*_q50 0.00490 | dV>=0 0.174 | beta 0.0884
  bell | direct viol 0.539 | direct dV>=0 0.432 | d_mean -0.00096 | d_std 0.01686 | d_q95 0.03481
[Episode 540/900] Steps: 720 | Reward:   -3.91 | Battery:  83.66% | Loss: -0.0424
Placing Sensors
[Episode 541/900] Steps: 720 | Reward:   -4.36 | Battery:  83.11% | Loss: 
Placing Sensors
Policy -0.0118 | Value 0.0027 | KL 0.00744 | CF 0.0947 | Std 0.1159 | |a| 0.0388 | EV +0.958 | Rsd 0.306 | Res 0.065 | AE 0.858 | Alpha 0.0100 | MB 24/24
  cert | viol 0.101 | dV -0.245217 | V 0.2987 | inball 0.568 | a*_q05 0.00329 | a*_q50 0.03260 | dV>=0 0.000 | n=150 | a_used 0.00494 -> 0.00488
  crit | n=1 | viol 0.356 | V 0.4781 | Vmin 0.1571 | agree +0.566 | a*_q05 -0.00475 | a*_q50 0.00660 | dV>=0 0.182 | beta 0.0879
  bell | direct viol 0.474 | direct dV>=0 0.403 | d_mean -0.00048 | d_std 0.02200 | d_q95 0.04698
[Episode 542/900] Steps: 720 | Reward:   -3.37 | Battery:  71.90% | Loss: 0.0067
Placing Sensors
[Episode 543/900] Steps: 720 | Reward:   -3.12 | Battery:  65.53% | Loss: 
Placing Sensors
[Episode 544/900] Steps:  91 | Reward:  -17.57 | Battery:   0.00% | Loss: 
Placing Sensors
Policy -0.0077 | Value 0.0246 | KL 0.01241 | CF 0.1204 | Std 0.1159 | |a| 0.0726 | EV +0.773 | Rsd 0.408 | Res 0.198 | AE 0.888 | Alpha 0.0100 | MB 24/24
  cert | viol 0.000 | dV -0.247328 | V 0.2651 | inball 0.567 | a*_q05 0.01058 | a*_q50 0.03799 | dV>=0 0.000 | n=150 | a_used 0.00488 -> 0.00506
  crit | n=1 | viol 0.562 | V 0.5457 | Vmin 0.1661 | agree +0.647 | a*_q05 -0.00443 | a*_q50 0.00425 | dV>=0 0.250 | beta 0.0871
  bell | direct viol 0.509 | direct dV>=0 0.396 | d_mean +0.00099 | d_std 0.02486 | d_q95 0.05591
[Episode 545/900] Steps: 720 | Reward:   -3.81 | Battery:  79.43% | Loss: -0.0335
Placing Sensors
[Episode 546/900] Steps: 720 | Reward:   -3.38 | Battery:  78.23% | Loss: 
Placing Sensors
Policy -0.0006 | Value 0.0077 | KL 0.00981 | CF 0.0995 | Std 0.1160 | |a| 0.0346 | EV +0.846 | Rsd 0.304 | Res 0.121 | AE 0.863 | Alpha 0.0100 | MB 24/24
  cert | viol 0.056 | dV -0.250994 | V 0.2935 | inball 0.576 | a*_q05 0.00537 | a*_q50 0.03334 | dV>=0 0.000 | n=150 | a_used 0.00506 -> 0.00499
  crit | n=1 | viol 0.508 | V 0.4936 | Vmin 0.1694 | agree +0.461 | a*_q05 -0.00669 | a*_q50 0.00488 | dV>=0 0.278 | beta 0.0878
  bell | direct viol 0.492 | direct dV>=0 0.447 | d_mean -0.00014 | d_std 0.04245 | d_q95 0.07945
[Episode 547/900] Steps: 720 | Reward:   -4.10 | Battery:  79.55% | Loss: 0.0832
Placing Sensors
[Episode 548/900] Steps: 720 | Reward:   -2.78 | Battery:  79.54% | Loss: 
Placing Sensors
Policy -0.0083 | Value 0.0041 | KL 0.01588 | CF 0.1127 | Std 0.1160 | |a| 0.0507 | EV +0.895 | Rsd 0.302 | Res 0.101 | AE 0.863 | Alpha 0.0100 | MB 24/24
  cert | viol 0.000 | dV -0.221054 | V 0.2359 | inball 0.598 | a*_q05 0.01184 | a*_q50 0.03430 | dV>=0 0.000 | n=150 | a_used 0.00499 -> 0.00516
  crit | n=1 | viol 0.784 | V 0.5207 | Vmin 0.1770 | agree +0.365 | a*_q05 -0.00553 | a*_q50 0.00106 | dV>=0 0.424 | beta 0.0885
  bell | direct viol 0.531 | direct dV>=0 0.470 | d_mean +0.00169 | d_std 0.03976 | d_q95 0.08546
[Episode 549/900] Steps: 720 | Reward:   -3.82 | Battery:  64.05% | Loss: 0.0291
Placing Sensors
[Episode 550/900] Steps: 720 | Reward:   -4.34 | Battery:  66.73% | Loss: 
Placing Sensors
Policy -0.0051 | Value 0.0027 | KL 0.01042 | CF 0.1146 | Std 0.1160 | |a| 0.0696 | EV +0.955 | Rsd 0.309 | Res 0.078 | AE 0.851 | Alpha 0.0100 | MB 24/24
  cert | viol 0.052 | dV -0.265865 | V 0.3201 | inball 0.487 | a*_q05 0.00511 | a*_q50 0.03086 | dV>=0 0.000 | n=150 | a_used 0.00516 -> 0.00519
  crit | n=1 | viol 0.478 | V 0.5585 | Vmin 0.1883 | agree +0.499 | a*_q05 -0.00457 | a*_q50 0.00544 | dV>=0 0.262 | beta 0.0889
  bell | direct viol 0.539 | direct dV>=0 0.455 | d_mean -0.00110 | d_std 0.02180 | d_q95 0.04626
[Episode 551/900] Steps: 720 | Reward:   -5.12 | Battery:  59.82% | Loss: 0.0611
Placing Sensors
[Episode 552/900] Steps: 720 | Reward:   -5.32 | Battery:  77.33% | Loss: 
Placing Sensors
Policy 0.0023 | Value 0.0074 | KL 0.01526 | CF 0.1499 | Std 0.1160 | |a| 0.0336 | EV +0.911 | Rsd 0.340 | Res 0.112 | AE 0.831 | Alpha 0.0100 | MB 24/24
  cert | viol 0.127 | dV -0.241291 | V 0.3228 | inball 0.563 | a*_q05 0.00031 | a*_q50 0.02998 | dV>=0 0.056 | n=150 | a_used 0.00519 -> 0.00493
  crit | n=1 | viol 0.398 | V 0.5036 | Vmin 0.1923 | agree +0.470 | a*_q05 -0.00551 | a*_q50 0.00668 | dV>=0 0.213 | beta 0.0887
  bell | direct viol 0.511 | direct dV>=0 0.445 | d_mean -0.00175 | d_std 0.02737 | d_q95 0.05443
[Episode 553/900] Steps: 720 | Reward:   -3.04 | Battery:  80.05% | Loss: 0.0891
Placing Sensors
[Episode 554/900] Steps: 720 | Reward:   -4.34 | Battery:  75.14% | Loss: 
Placing Sensors
Policy -0.0095 | Value 0.0037 | KL 0.00849 | CF 0.1076 | Std 0.1160 | |a| 0.0366 | EV +0.940 | Rsd 0.318 | Res 0.079 | AE 0.846 | Alpha 0.0100 | MB 24/24
  cert | viol 0.011 | dV -0.278786 | V 0.3065 | inball 0.566 | a*_q05 0.00931 | a*_q50 0.03530 | dV>=0 0.000 | n=150 | a_used 0.00493 -> 0.00503
  crit | n=1 | viol 0.600 | V 0.5288 | Vmin 0.1423 | agree +0.497 | a*_q05 -0.00664 | a*_q50 0.00337 | dV>=0 0.344 | beta 0.0892
  bell | direct viol 0.522 | direct dV>=0 0.471 | d_mean +0.00019 | d_std 0.03084 | d_q95 0.06219
[Episode 555/900] Steps: 720 | Reward:   -2.89 | Battery:  81.30% | Loss: 0.1244
Placing Sensors
[Episode 556/900] Steps: 720 | Reward:   -3.97 | Battery:  85.35% | Loss: 
Placing Sensors
Policy -0.0073 | Value 0.0038 | KL 0.01080 | CF 0.1416 | Std 0.1160 | |a| 0.0464 | EV +0.923 | Rsd 0.299 | Res 0.091 | AE 0.881 | Alpha 0.0100 | MB 24/24
  cert | viol 0.020 | dV -0.221935 | V 0.2548 | inball 0.539 | a*_q05 0.00719 | a*_q50 0.03160 | dV>=0 0.000 | n=150 | a_used 0.00503 -> 0.00511
  crit | n=1 | viol 0.914 | V 0.6520 | Vmin 0.2680 | agree +0.611 | a*_q05 -0.00601 | a*_q50 0.00075 | dV>=0 0.427 | beta 0.0916
  bell | direct viol 0.561 | direct dV>=0 0.435 | d_mean +0.00164 | d_std 0.01956 | d_q95 0.04160
[Episode 557/900] Steps: 720 | Reward:   -4.46 | Battery:  65.27% | Loss: 0.1032
Placing Sensors
[Episode 558/900] Steps: 720 | Reward:   -4.18 | Battery:  64.96% | Loss: 
Placing Sensors
Policy -0.0113 | Value 0.0035 | KL 0.01073 | CF 0.1246 | Std 0.1160 | |a| 0.0462 | EV +0.952 | Rsd 0.330 | Res 0.072 | AE 0.875 | Alpha 0.0100 | MB 24/24
  cert | viol 0.111 | dV -0.273787 | V 0.3285 | inball 0.563 | a*_q05 0.00286 | a*_q50 0.03543 | dV>=0 0.000 | n=150 | a_used 0.00511 -> 0.00480
  crit | n=1 | viol 0.511 | V 0.5493 | Vmin 0.1524 | agree +0.456 | a*_q05 -0.00623 | a*_q50 0.00483 | dV>=0 0.295 | beta 0.0905
  bell | direct viol 0.542 | direct dV>=0 0.468 | d_mean -0.00021 | d_std 0.02938 | d_q95 0.05954
[Episode 559/900] Steps: 720 | Reward:   -3.84 | Battery:  79.34% | Loss: 0.0881
Placing Sensors
[Episode 560/900] Steps: 720 | Reward:   -2.41 | Battery:  84.84% | Loss: 
Placing Sensors
Policy -0.0025 | Value 0.0053 | KL 0.01243 | CF 0.1352 | Std 0.1160 | |a| 0.0382 | EV +0.935 | Rsd 0.389 | Res 0.100 | AE 0.890 | Alpha 0.0100 | MB 24/24
  cert | viol 0.082 | dV -0.296542 | V 0.3613 | inball 0.600 | a*_q05 0.00286 | a*_q50 0.03531 | dV>=0 0.024 | n=150 | a_used 0.00480 -> 0.00487
  crit | n=1 | viol 0.431 | V 0.4478 | Vmin 0.1142 | agree +0.737 | a*_q05 -0.00502 | a*_q50 0.00627 | dV>=0 0.169 | beta 0.0891
  bell | direct viol 0.482 | direct dV>=0 0.406 | d_mean +0.00019 | d_std 0.02939 | d_q95 0.06076
[Episode 561/900] Steps: 720 | Reward:   -5.08 | Battery:  78.24% | Loss: 0.1268
Placing Sensors
[Episode 562/900] Steps: 720 | Reward:   -3.03 | Battery:  80.50% | Loss: 
Placing Sensors
Policy -0.0057 | Value 0.0023 | KL 0.00839 | CF 0.1118 | Std 0.1160 | |a| 0.0389 | EV +0.956 | Rsd 0.273 | Res 0.061 | AE 0.860 | Alpha 0.0100 | MB 24/24
  cert | viol 0.000 | dV -0.260909 | V 0.2774 | inball 0.657 | a*_q05 0.01137 | a*_q50 0.03877 | dV>=0 0.000 | n=150 | a_used 0.00487 -> 0.00505
  crit | n=1 | viol 0.483 | V 0.4393 | Vmin 0.1402 | agree +0.481 | a*_q05 -0.00551 | a*_q50 0.00495 | dV>=0 0.234 | beta 0.0886
  bell | direct viol 0.482 | direct dV>=0 0.425 | d_mean +0.00065 | d_std 0.02555 | d_q95 0.05304
[Episode 563/900] Steps: 720 | Reward:   -2.70 | Battery:  83.80% | Loss: -0.0077
Placing Sensors
[Episode 564/900] Steps: 720 | Reward:   -3.64 | Battery:  78.02% | Loss: 
Placing Sensors
Policy -0.0028 | Value 0.0048 | KL 0.01401 | CF 0.1812 | Std 0.1159 | |a| 0.0405 | EV +0.911 | Rsd 0.275 | Res 0.082 | AE 0.858 | Alpha 0.0100 | MB 24/24
  cert | viol 0.009 | dV -0.251441 | V 0.2766 | inball 0.586 | a*_q05 0.00807 | a*_q50 0.03639 | dV>=0 0.000 | n=150 | a_used 0.00505 -> 0.00514
  crit | n=1 | viol 0.541 | V 0.4783 | Vmin 0.1660 | agree +0.478 | a*_q05 -0.00627 | a*_q50 0.00391 | dV>=0 0.333 | beta 0.0887
  bell | direct viol 0.516 | direct dV>=0 0.449 | d_mean +0.00083 | d_std 0.02808 | d_q95 0.05789
[Episode 565/900] Steps: 720 | Reward:   -3.41 | Battery:  72.47% | Loss: 0.1177
Placing Sensors
[Episode 566/900] Steps: 720 | Reward:   -4.61 | Battery:  79.85% | Loss: 
Placing Sensors
Policy 0.0003 | Value 0.0032 | KL 0.00775 | CF 0.0851 | Std 0.1159 | |a| 0.0348 | EV +0.950 | Rsd 0.353 | Res 0.080 | AE 0.838 | Alpha 0.0100 | MB 24/24
  cert | viol 0.064 | dV -0.285737 | V 0.3423 | inball 0.563 | a*_q05 0.00497 | a*_q50 0.03003 | dV>=0 0.000 | n=150 | a_used 0.00514 -> 0.00516
  crit | n=1 | viol 0.507 | V 0.4902 | Vmin 0.1139 | agree +0.734 | a*_q05 -0.00421 | a*_q50 0.00520 | dV>=0 0.185 | beta 0.0873
  bell | direct viol 0.497 | direct dV>=0 0.433 | d_mean -0.00015 | d_std 0.02416 | d_q95 0.05016
[Episode 567/900] Steps: 720 | Reward:   -3.32 | Battery:  83.71% | Loss: -0.0388
Placing Sensors
[Episode 568/900] Steps: 720 | Reward:   -4.16 | Battery:  82.94% | Loss: 
Placing Sensors
Policy 0.0028 | Value 0.0027 | KL 0.01216 | CF 0.1563 | Std 0.1159 | |a| 0.0357 | EV +0.941 | Rsd 0.297 | Res 0.074 | AE 0.832 | Alpha 0.0100 | MB 24/24
  cert | viol 0.109 | dV -0.200445 | V 0.2436 | inball 0.587 | a*_q05 0.00381 | a*_q50 0.03330 | dV>=0 0.000 | n=150 | a_used 0.00516 -> 0.00494
  crit | n=1 | viol 0.536 | V 0.5089 | Vmin 0.1603 | agree +0.255 | a*_q05 -0.00511 | a*_q50 0.00467 | dV>=0 0.230 | beta 0.0874
  bell | direct viol 0.508 | direct dV>=0 0.448 | d_mean -0.00009 | d_std 0.02365 | d_q95 0.04594
[Episode 569/900] Steps: 720 | Reward:   -2.89 | Battery:  72.21% | Loss: 0.0754
Placing Sensors
[Episode 570/900] Steps: 720 | Reward:   -2.19 | Battery:  84.18% | Loss: 
Placing Sensors
Policy -0.0066 | Value 0.0037 | KL 0.00574 | CF 0.0744 | Std 0.1158 | |a| 0.0319 | EV +0.924 | Rsd 0.270 | Res 0.078 | AE 0.848 | Alpha 0.0100 | MB 24/24
  cert | viol 0.000 | dV -0.218750 | V 0.2295 | inball 0.646 | a*_q05 0.01204 | a*_q50 0.03960 | dV>=0 0.000 | n=150 | a_used 0.00494 -> 0.00511
  crit | n=1 | viol 0.565 | V 0.4301 | Vmin 0.1176 | agree +0.325 | a*_q05 -0.00675 | a*_q50 0.00375 | dV>=0 0.345 | beta 0.0859
  bell | direct viol 0.466 | direct dV>=0 0.382 | d_mean +0.00184 | d_std 0.01575 | d_q95 0.03203
[Episode 571/900] Steps: 720 | Reward:   -3.13 | Battery:  77.50% | Loss: 0.0416
Placing Sensors
[Episode 572/900] Steps: 720 | Reward:   -2.94 | Battery:  83.85% | Loss: 
Placing Sensors
Policy -0.0075 | Value 0.0024 | KL 0.00826 | CF 0.1095 | Std 0.1158 | |a| 0.0415 | EV +0.948 | Rsd 0.293 | Res 0.067 | AE 0.852 | Alpha 0.0100 | MB 24/24
  cert | viol 0.000 | dV -0.204924 | V 0.2335 | inball 0.571 | a*_q05 0.00809 | a*_q50 0.03332 | dV>=0 0.000 | n=150 | a_used 0.00511 -> 0.00526
  crit | n=1 | viol 0.649 | V 0.4696 | Vmin 0.1182 | agree +0.638 | a*_q05 -0.00516 | a*_q50 0.00314 | dV>=0 0.233 | beta 0.0850
  bell | direct viol 0.499 | direct dV>=0 0.417 | d_mean +0.00113 | d_std 0.01957 | d_q95 0.04076
[Episode 573/900] Steps: 720 | Reward:   -3.78 | Battery:  75.68% | Loss: 0.1552
Placing Sensors
[Episode 574/900] Steps: 720 | Reward:   -4.30 | Battery:  81.55% | Loss: 
Placing Sensors
Policy -0.0014 | Value 0.0035 | KL 0.01239 | CF 0.1489 | Std 0.1159 | |a| 0.0390 | EV +0.921 | Rsd 0.273 | Res 0.080 | AE 0.818 | Alpha 0.0100 | MB 24/24
  cert | viol 0.088 | dV -0.217570 | V 0.2769 | inball 0.503 | a*_q05 0.00390 | a*_q50 0.02530 | dV>=0 0.000 | n=150 | a_used 0.00526 -> 0.00523
  crit | n=1 | viol 0.444 | V 0.5620 | Vmin 0.1725 | agree +0.494 | a*_q05 -0.00007 | a*_q50 0.00578 | dV>=0 0.063 | beta 0.0860
  bell | direct viol 0.534 | direct dV>=0 0.461 | d_mean -0.00116 | d_std 0.02104 | d_q95 0.04074
[Episode 575/900] Steps: 720 | Reward:   -4.92 | Battery:  72.87% | Loss: 0.1087
Placing Sensors
[Episode 576/900] Steps: 720 | Reward:   -4.06 | Battery:  81.17% | Loss: 
Placing Sensors
Policy -0.0104 | Value 0.0040 | KL 0.00910 | CF 0.1252 | Std 0.1159 | |a| 0.0436 | EV +0.902 | Rsd 0.268 | Res 0.091 | AE 0.867 | Alpha 0.0100 | MB 24/24
  cert | viol 0.042 | dV -0.288628 | V 0.3302 | inball 0.596 | a*_q05 0.00599 | a*_q50 0.03269 | dV>=0 0.000 | n=150 | a_used 0.00523 -> 0.00527
  crit | n=1 | viol 0.297 | V 0.4465 | Vmin 0.1083 | agree +0.575 | a*_q05 -0.00281 | a*_q50 0.00954 | dV>=0 0.133 | beta 0.0862
  bell | direct viol 0.496 | direct dV>=0 0.405 | d_mean -0.00179 | d_std 0.01711 | d_q95 0.03443
[Episode 577/900] Steps: 720 | Reward:   -3.96 | Battery:  84.60% | Loss: -0.0468
Placing Sensors
[Episode 578/900] Steps: 720 | Reward:   -2.63 | Battery:  84.61% | Loss: 
Placing Sensors
Policy -0.0101 | Value 0.0033 | KL 0.00937 | CF 0.0891 | Std 0.1159 | |a| 0.0356 | EV +0.928 | Rsd 0.271 | Res 0.075 | AE 0.838 | Alpha 0.0100 | MB 24/24
  cert | viol 0.046 | dV -0.215296 | V 0.2469 | inball 0.620 | a*_q05 0.00637 | a*_q50 0.03360 | dV>=0 0.000 | n=150 | a_used 0.00527 -> 0.00535
  crit | n=1 | viol 0.646 | V 0.4877 | Vmin 0.1937 | agree +0.597 | a*_q05 -0.00493 | a*_q50 0.00362 | dV>=0 0.212 | beta 0.0866
  bell | direct viol 0.473 | direct dV>=0 0.403 | d_mean +0.00099 | d_std 0.02386 | d_q95 0.04865
[Episode 579/900] Steps: 720 | Reward:   -4.12 | Battery:  81.39% | Loss: 0.0289
Placing Sensors
[Episode 580/900] Steps: 720 | Reward:   -3.48 | Battery:  81.14% | Loss: 
Placing Sensors
Policy -0.0055 | Value 0.0026 | KL 0.00950 | CF 0.1162 | Std 0.1159 | |a| 0.0441 | EV +0.962 | Rsd 0.299 | Res 0.068 | AE 0.854 | Alpha 0.0100 | MB 24/24
  cert | viol 0.055 | dV -0.276038 | V 0.3229 | inball 0.552 | a*_q05 0.00544 | a*_q50 0.03411 | dV>=0 0.000 | n=150 | a_used 0.00535 -> 0.00536
  crit | n=1 | viol 0.391 | V 0.4744 | Vmin 0.1407 | agree +0.633 | a*_q05 -0.00481 | a*_q50 0.00682 | dV>=0 0.203 | beta 0.0864
  bell | direct viol 0.487 | direct dV>=0 0.401 | d_mean -0.00099 | d_std 0.01785 | d_q95 0.03597
[Episode 581/900] Steps: 720 | Reward:   -4.79 | Battery:  75.41% | Loss: 0.0694
Placing Sensors
[Episode 582/900] Steps: 720 | Reward:   -3.67 | Battery:  82.31% | Loss: 
Placing Sensors
Policy -0.0043 | Value 0.0024 | KL 0.01058 | CF 0.1326 | Std 0.1159 | |a| 0.0399 | EV +0.942 | Rsd 0.291 | Res 0.071 | AE 0.868 | Alpha 0.0100 | MB 24/24
  cert | viol 0.000 | dV -0.291144 | V 0.3045 | inball 0.628 | a*_q05 0.01347 | a*_q50 0.03935 | dV>=0 0.000 | n=150 | a_used 0.00536 -> 0.00553
  crit | n=1 | viol 0.549 | V 0.4246 | Vmin 0.1441 | agree +0.557 | a*_q05 -0.00533 | a*_q50 0.00471 | dV>=0 0.245 | beta 0.0857
  bell | direct viol 0.456 | direct dV>=0 0.392 | d_mean -0.00008 | d_std 0.01991 | d_q95 0.04148
[Episode 583/900] Steps: 720 | Reward:   -2.79 | Battery:  78.66% | Loss: 0.0099
Placing Sensors
[Episode 584/900] Steps: 720 | Reward:   -3.51 | Battery:  79.72% | Loss: 
Placing Sensors
Policy -0.0094 | Value 0.0018 | KL 0.01274 | CF 0.1532 | Std 0.1159 | |a| 0.0392 | EV +0.957 | Rsd 0.276 | Res 0.057 | AE 0.865 | Alpha 0.0100 | MB 24/24
  cert | viol 0.038 | dV -0.231107 | V 0.2739 | inball 0.573 | a*_q05 0.00587 | a*_q50 0.03291 | dV>=0 0.000 | n=150 | a_used 0.00553 -> 0.00554
  crit | n=1 | viol 0.429 | V 0.4823 | Vmin 0.1511 | agree +0.472 | a*_q05 -0.00547 | a*_q50 0.00638 | dV>=0 0.168 | beta 0.0855
  bell | direct viol 0.479 | direct dV>=0 0.371 | d_mean -0.00006 | d_std 0.01417 | d_q95 0.02896
[Episode 585/900] Steps: 720 | Reward:   -3.62 | Battery:  80.02% | Loss: 0.0595
Placing Sensors
[Episode 586/900] Steps: 720 | Reward:   -2.97 | Battery:  79.66% | Loss: 
Placing Sensors

[CONVERGED] episode 587: deaths 1% over the last 100, survivor reward flat for 25 consecutive episodes. Wrote probe_converged.pt.
[CONVERGED] LTAC_CONV_STOP=1, ending training.
Placing Sensors
  [validation 1/10] steps 720 | battery  31.4% ->  79.7% (min  22.7%) | reward    -3.50 | |a| 0.033 | path     267 m
Placing Sensors
  [validation 2/10] steps 720 | battery  32.2% ->  84.6% (min  32.1%) | reward    -1.73 | |a| 0.026 | path     157 m
Placing Sensors
  [validation 3/10] steps 720 | battery  35.4% ->  89.6% (min  34.1%) | reward    -0.83 | |a| 0.026 | path     127 m
Placing Sensors
  [validation 4/10] steps 720 | battery  31.5% ->  79.2% (min  29.4%) | reward    -3.18 | |a| 0.071 | path     167 m
Placing Sensors
  [validation 5/10] steps 720 | battery  36.5% ->  76.3% (min  32.2%) | reward    -2.15 | |a| 0.027 | path     170 m
Placing Sensors
  [validation 6/10] steps 720 | battery  32.2% ->  84.5% (min  29.4%) | reward    -1.66 | |a| 0.027 | path     181 m
Placing Sensors
  [validation 7/10] steps 720 | battery  38.7% ->  71.6% (min  29.8%) | reward    -3.39 | |a| 0.033 | path     257 m
Placing Sensors
  [validation 8/10] steps 720 | battery  35.3% ->  89.5% (min  30.1%) | reward    -1.66 | |a| 0.028 | path     182 m
Placing Sensors
  [validation 9/10] steps 720 | battery  39.9% ->  88.0% (min  38.5%) | reward    -2.18 | |a| 0.028 | path     177 m
Placing Sensors
  [validation 10/10] steps 720 | battery  37.9% ->  76.5% (min  26.8%) | reward    -3.26 | |a| 0.030 | path     220 m

==============================================================================
VALIDATION COMPLETE -- 10 independent deterministic episodes
==============================================================================
metric                       mean        std        min        max
reward                      -2.35       0.92      -3.50      -0.83
final battery %             81.95       6.20      71.61      89.55
min battery %               30.49       4.22      22.66      38.47
steps                      720.00       0.00     720.00     720.00
solar W                     29.56       3.23      25.01      34.18
|action|                     0.03       0.01       0.03       0.07
path m                     190.53      44.22     127.14     267.02
tortuosity                   2.24       1.85       1.12       7.32
motion mAh                 137.82      30.23      91.23     187.72
idle mAh                 11582.41       0.04   11582.40   11582.52

survived full 720 steps : 10/10
ended below 20% battery         : 0/10
ended above 70% battery         : 10/10

reward 95% CI: -2.35 +- 0.57  (-2.93 to -1.78)

total step rows written: 7200

==============================================
WALL CLOCK BREAKDOWN
==============================================
Total run time        :   18093.60 s
  Rollout (training)  :   17470.74 s  ( 96.6%)
    - policy inference:     435.07 s  (  2.4%)
    - env + reward    :   17035.67 s  ( 94.2%)
  PPO update()        :     103.41 s  (  0.6%)
  Checkpoint saves    :       0.05 s  (  0.0%)
  Final evaluation    :     369.37 s  (  2.0%)
  Other / logging     :     150.03 s  (  0.8%)

==============================================
PER-CALL AVERAGES
==============================================
Policy inference      :   293207 calls |    1.521 ms/step
  final eval only     :     7200 calls |    1.507 ms/step
PPO update()          :      184 calls |  562.020 ms/update
Episode               :      900 eps   |   19.648 s/episode

update() share of wall clock: 0.6%
