Placing Sensors
[dqn] 41 discrete actions, Softplus Q head (V_cost = -max_a Q >= 0), replay 0/200000
Placing Sensors
[Episode 1/400] Steps: 215 | Reward:  -18.06 | Battery:   0.00% | Loss: 
Placing Sensors
[Episode 2/400] Steps:  85 | Reward:  -18.03 | Battery:   0.00% | Loss: 
Placing Sensors
[Episode 3/400] Steps:  77 | Reward:  -17.66 | Battery:   0.00% | Loss: 
Placing Sensors
[Episode 4/400] Steps:  76 | Reward:  -18.01 | Battery:   0.00% | Loss: 
Placing Sensors
[Episode 5/400] Steps:  74 | Reward:  -17.87 | Battery:   0.00% | Loss: 
Placing Sensors
[Episode 6/400] Steps:  83 | Reward:  -17.81 | Battery:   0.00% | Loss: 
Placing Sensors
[Episode 7/400] Steps:  68 | Reward:  -17.98 | Battery:   0.00% | Loss: 
Placing Sensors
[Episode 8/400] Steps: 720 | Reward:  -10.59 | Battery:  51.30% | Loss: 
Placing Sensors
[Episode 9/400] Steps:  57 | Reward:  -17.91 | Battery:   0.00% | Loss: 
Placing Sensors
[Episode 10/400] Steps:  74 | Reward:  -18.05 | Battery:   0.00% | Loss: 
Placing Sensors
[Episode 11/400] Steps:  74 | Reward:  -17.82 | Battery:   0.00% | Loss: 
Placing Sensors
[Episode 12/400] Steps:  91 | Reward:  -18.05 | Battery:   0.00% | Loss: 
Placing Sensors
[Episode 13/400] Steps:  60 | Reward:  -18.03 | Battery:   0.00% | Loss: 
Placing Sensors
[Episode 14/400] Steps: 130 | Reward:  -17.84 | Battery:   0.00% | Loss: 
Placing Sensors
[Episode 15/400] Steps: 720 | Reward:  -10.77 | Battery:  52.94% | Loss: 
Placing Sensors
[Episode 16/400] Steps:  94 | Reward:  -17.90 | Battery:   0.00% | Loss: 
Placing Sensors
[Episode 17/400] Steps: 720 | Reward:  -10.70 | Battery:  43.52% | Loss: 
Placing Sensors
[Episode 18/400] Steps:  83 | Reward:  -17.86 | Battery:   0.00% | Loss: 
Placing Sensors
[Episode 19/400] Steps:  75 | Reward:  -17.96 | Battery:   0.00% | Loss: 
Placing Sensors
[Episode 20/400] Steps: 111 | Reward:  -18.20 | Battery:   0.00% | Loss: 
Placing Sensors
[Episode 21/400] Steps:  88 | Reward:  -18.24 | Battery:   0.00% | Loss: 
Placing Sensors
[Episode 22/400] Steps:  71 | Reward:  -17.84 | Battery:   0.00% | Loss: 
Placing Sensors
[Episode 23/400] Steps:  91 | Reward:  -18.16 | Battery:   0.00% | Loss: 
Placing Sensors
[Episode 24/400] Steps:  87 | Reward:  -18.09 | Battery:   0.00% | Loss: 
Placing Sensors
[Episode 25/400] Steps: 104 | Reward:  -18.02 | Battery:   0.00% | Loss: 
Placing Sensors
[Episode 26/400] Steps:  68 | Reward:  -18.12 | Battery:   0.00% | Loss: 
Placing Sensors
[Episode 27/400] Steps: 102 | Reward:  -18.06 | Battery:   0.00% | Loss: 
Placing Sensors
[Episode 28/400] Steps: 114 | Reward:  -18.06 | Battery:   0.00% | Loss: 
Placing Sensors
[Episode 29/400] Steps:  92 | Reward:  -18.09 | Battery:   0.00% | Loss: 
Placing Sensors
[Episode 30/400] Steps:  59 | Reward:  -18.15 | Battery:   0.00% | Loss: 
Placing Sensors
[Episode 31/400] Steps: 120 | Reward:  -17.66 | Battery:   0.00% | Loss: 
Placing Sensors
[Episode 32/400] Steps: 116 | Reward:  -17.93 | Battery:   0.00% | Loss: 
Placing Sensors
[Episode 33/400] Steps: 137 | Reward:  -17.65 | Battery:   0.00% | Loss: 
Placing Sensors
[Episode 34/400] Steps: 128 | Reward:  -17.91 | Battery:   0.00% | Loss: 
Placing Sensors
[Episode 35/400] Steps:  88 | Reward:  -17.96 | Battery:   0.00% | Loss: 
Placing Sensors
[Episode 36/400] Steps: 120 | Reward:  -17.91 | Battery:   0.00% | Loss: 
Placing Sensors
[Episode 37/400] Steps:  76 | Reward:  -17.98 | Battery:   0.00% | Loss: 
Placing Sensors
[Episode 38/400] Steps:  62 | Reward:  -18.08 | Battery:   0.00% | Loss: 
Placing Sensors
[Episode 39/400] Steps:  65 | Reward:  -17.97 | Battery:   0.00% | Loss: 
Placing Sensors
[Episode 40/400] Steps:  86 | Reward:  -18.15 | Battery:   0.00% | Loss: 
Placing Sensors
[Episode 41/400] Steps: 720 | Reward:  -12.75 | Battery:  38.81% | Loss: 
Placing Sensors
[Episode 42/400] Steps:  98 | Reward:  -18.02 | Battery:   0.00% | Loss: 
Placing Sensors
[Episode 43/400] Steps: 102 | Reward:  -18.03 | Battery:   0.00% | Loss: 
Placing Sensors
[Episode 44/400] Steps:  88 | Reward:  -17.84 | Battery:   0.00% | Loss: 
Placing Sensors
[Episode 45/400] Steps: 112 | Reward:  -17.86 | Battery:   0.00% | Loss: 
Placing Sensors
[Episode 46/400] Steps:  81 | Reward:  -18.05 | Battery:   0.00% | Loss: 
Placing Sensors
[Episode 47/400] Steps:  57 | Reward:  -18.01 | Battery:   0.00% | Loss: 
Placing Sensors
[Episode 48/400] Steps:  98 | Reward:  -18.20 | Battery:   0.00% | Loss: 
Placing Sensors
[Episode 49/400] Steps: 134 | Reward:  -17.75 | Battery:   0.00% | Loss: 
Placing Sensors
[Episode 50/400] Steps:  63 | Reward:  -17.99 | Battery:   0.00% | Loss: 
Placing Sensors
[Episode 51/400] Steps:  81 | Reward:  -17.84 | Battery:   0.00% | Loss: 
Placing Sensors
[Episode 52/400] Steps:  76 | Reward:  -18.06 | Battery:   0.00% | Loss: 
Placing Sensors
[Episode 53/400] Steps:  64 | Reward:  -18.02 | Battery:   0.00% | Loss: 
Placing Sensors
[Episode 54/400] Steps:  54 | Reward:  -18.13 | Battery:   0.00% | Loss: 
Placing Sensors
[Episode 55/400] Steps:  82 | Reward:  -18.08 | Battery:   0.00% | Loss: 
Placing Sensors
[Episode 56/400] Steps:  76 | Reward:  -18.05 | Battery:   0.00% | Loss: 
Placing Sensors
[Episode 57/400] Steps: 158 | Reward:  -17.63 | Battery:   0.00% | Loss: 
Placing Sensors
[Episode 58/400] Steps:  91 | Reward:  -17.94 | Battery:   0.00% | Loss: 
Placing Sensors
[Episode 59/400] Steps:  66 | Reward:  -18.03 | Battery:   0.00% | Loss: 
Placing Sensors
[Episode 60/400] Steps:  60 | Reward:  -17.97 | Battery:   0.00% | Loss: 
Placing Sensors
[Episode 61/400] Steps:  97 | Reward:  -18.01 | Battery:   0.00% | Loss: 
Placing Sensors
[Episode 62/400] Steps: 145 | Reward:  -18.07 | Battery:   0.00% | Loss: 
Placing Sensors
[Episode 63/400] Steps:  96 | Reward:  -17.91 | Battery:   0.00% | Loss: 
Placing Sensors
[Episode 64/400] Steps:  95 | Reward:  -17.85 | Battery:   0.00% | Loss: 
Placing Sensors
[Episode 65/400] Steps: 720 | Reward:  -11.46 | Battery:  35.54% | Loss: 
Placing Sensors
[Episode 66/400] Steps: 113 | Reward:  -17.92 | Battery:   0.00% | Loss: 
Placing Sensors
[Episode 67/400] Steps:  76 | Reward:  -17.87 | Battery:   0.00% | Loss: 
Placing Sensors
[Episode 68/400] Steps: 120 | Reward:  -17.93 | Battery:   0.00% | Loss: 
Placing Sensors
[Episode 69/400] Steps:  76 | Reward:  -17.88 | Battery:   0.00% | Loss: 
Placing Sensors
[Episode 70/400] Steps: 111 | Reward:  -17.99 | Battery:   0.00% | Loss: 
Placing Sensors
[Episode 71/400] Steps: 126 | Reward:  -17.64 | Battery:   0.00% | Loss: 
Placing Sensors
[Episode 72/400] Steps:  59 | Reward:  -18.17 | Battery:   0.00% | Loss: 
Placing Sensors
[Episode 73/400] Steps:  64 | Reward:  -17.69 | Battery:   0.00% | Loss: 
Placing Sensors
[Episode 74/400] Steps: 104 | Reward:  -18.05 | Battery:   0.00% | Loss: 
Placing Sensors
[Episode 75/400] Steps:  75 | Reward:  -18.08 | Battery:   0.00% | Loss: 
Placing Sensors
DQN loss 0.00192 | Q -2.2857 | tgt -2.2577 | eps 0.936 | replay 10087
[Episode 76/400] Steps:  88 | Reward:  -18.06 | Battery:   0.00% | Loss: 0.0019
Placing Sensors
DQN loss 0.00868 | Q -2.3299 | tgt -2.3441 | eps 0.936 | replay 10157
[Episode 77/400] Steps:  70 | Reward:  -18.22 | Battery:   0.00% | Loss: 0.0087
Placing Sensors
DQN loss 0.02194 | Q -2.2748 | tgt -2.2374 | eps 0.935 | replay 10287
[Episode 78/400] Steps: 130 | Reward:  -17.87 | Battery:   0.00% | Loss: 0.0219
Placing Sensors
DQN loss 0.02141 | Q -2.2841 | tgt -2.3804 | eps 0.934 | replay 10357
[Episode 79/400] Steps:  70 | Reward:  -18.10 | Battery:   0.00% | Loss: 0.0214
Placing Sensors
DQN loss 0.00343 | Q -2.3210 | tgt -2.3855 | eps 0.934 | replay 10459
[Episode 80/400] Steps: 102 | Reward:  -17.85 | Battery:   0.00% | Loss: 0.0034
Placing Sensors
DQN loss 0.02226 | Q -2.3379 | tgt -2.3241 | eps 0.933 | replay 10561
[Episode 81/400] Steps: 102 | Reward:  -17.98 | Battery:   0.00% | Loss: 0.0223
Placing Sensors
DQN loss 0.01977 | Q -2.3034 | tgt -2.1865 | eps 0.933 | replay 10652
[Episode 82/400] Steps:  91 | Reward:  -17.88 | Battery:   0.00% | Loss: 0.0198
Placing Sensors
DQN loss 0.00350 | Q -2.2766 | tgt -2.2079 | eps 0.932 | replay 10720
[Episode 83/400] Steps:  68 | Reward:  -18.06 | Battery:   0.00% | Loss: 0.0035
Placing Sensors
DQN loss 0.00821 | Q -2.2650 | tgt -2.2486 | eps 0.931 | replay 10827
[Episode 84/400] Steps: 107 | Reward:  -17.77 | Battery:   0.00% | Loss: 0.0082
Placing Sensors
DQN loss 0.03061 | Q -2.3608 | tgt -2.2196 | eps 0.931 | replay 10921
[Episode 85/400] Steps:  94 | Reward:  -18.05 | Battery:   0.00% | Loss: 0.0306
Placing Sensors
DQN loss 0.00288 | Q -2.3521 | tgt -2.2947 | eps 0.930 | replay 11010
[Episode 86/400] Steps:  89 | Reward:  -18.02 | Battery:   0.00% | Loss: 0.0029
Placing Sensors
DQN loss 0.02950 | Q -2.3356 | tgt -2.3234 | eps 0.930 | replay 11112
[Episode 87/400] Steps: 102 | Reward:  -17.86 | Battery:   0.00% | Loss: 0.0295
Placing Sensors
DQN loss 0.01475 | Q -2.3253 | tgt -2.2883 | eps 0.929 | replay 11209
[Episode 88/400] Steps:  97 | Reward:  -17.80 | Battery:   0.00% | Loss: 0.0148
Placing Sensors
DQN loss 0.01220 | Q -2.3018 | tgt -2.1979 | eps 0.929 | replay 11274
[Episode 89/400] Steps:  65 | Reward:  -17.95 | Battery:   0.00% | Loss: 0.0122
Placing Sensors
DQN loss 0.01538 | Q -2.2561 | tgt -2.1903 | eps 0.928 | replay 11371
[Episode 90/400] Steps:  97 | Reward:  -17.97 | Battery:   0.00% | Loss: 0.0154
Placing Sensors
DQN loss 0.02912 | Q -2.2238 | tgt -2.1685 | eps 0.927 | replay 11459
[Episode 91/400] Steps:  88 | Reward:  -17.96 | Battery:   0.00% | Loss: 0.0291
Placing Sensors
DQN loss 0.02149 | Q -2.2716 | tgt -2.2757 | eps 0.927 | replay 11541
[Episode 92/400] Steps:  82 | Reward:  -17.95 | Battery:   0.00% | Loss: 0.0215
Placing Sensors
DQN loss 0.02236 | Q -2.3100 | tgt -2.3253 | eps 0.926 | replay 11615
[Episode 93/400] Steps:  74 | Reward:  -18.05 | Battery:   0.00% | Loss: 0.0224
Placing Sensors
DQN loss 0.03633 | Q -2.3198 | tgt -2.3128 | eps 0.926 | replay 11698
[Episode 94/400] Steps:  83 | Reward:  -18.01 | Battery:   0.00% | Loss: 0.0363
Placing Sensors
DQN loss 0.01492 | Q -2.3516 | tgt -2.3480 | eps 0.925 | replay 11784
[Episode 95/400] Steps:  86 | Reward:  -17.80 | Battery:   0.00% | Loss: 0.0149
Placing Sensors
DQN loss 0.01775 | Q -2.3231 | tgt -2.4497 | eps 0.924 | replay 11965
[Episode 96/400] Steps: 181 | Reward:  -17.67 | Battery:   0.00% | Loss: 0.0178
Placing Sensors
DQN loss 0.00965 | Q -2.3540 | tgt -2.2852 | eps 0.924 | replay 12040
[Episode 97/400] Steps:  75 | Reward:  -18.14 | Battery:   0.00% | Loss: 0.0097
Placing Sensors
DQN loss 0.00828 | Q -2.3465 | tgt -2.3469 | eps 0.923 | replay 12135
[Episode 98/400] Steps:  95 | Reward:  -17.99 | Battery:   0.00% | Loss: 0.0083
Placing Sensors
DQN loss 0.01548 | Q -2.3497 | tgt -2.3650 | eps 0.923 | replay 12200
[Episode 99/400] Steps:  65 | Reward:  -17.99 | Battery:   0.00% | Loss: 0.0155
Placing Sensors
DQN loss 0.01488 | Q -2.3578 | tgt -2.3548 | eps 0.922 | replay 12257
[Episode 100/400] Steps:  57 | Reward:  -18.13 | Battery:   0.00% | Loss: 0.0149
Placing Sensors
DQN loss 0.01251 | Q -2.3531 | tgt -2.5031 | eps 0.922 | replay 12331
[Episode 101/400] Steps:  74 | Reward:  -18.01 | Battery:   0.00% | Loss: 0.0125
Placing Sensors
DQN loss 0.00816 | Q -2.3722 | tgt -2.3456 | eps 0.921 | replay 12400
[Episode 102/400] Steps:  69 | Reward:  -18.00 | Battery:   0.00% | Loss: 0.0082
Placing Sensors
DQN loss 0.01478 | Q -2.3723 | tgt -2.3507 | eps 0.921 | replay 12517
[Episode 103/400] Steps: 117 | Reward:  -18.10 | Battery:   0.00% | Loss: 0.0148
Placing Sensors
DQN loss 0.02909 | Q -2.3568 | tgt -2.3141 | eps 0.920 | replay 12613
[Episode 104/400] Steps:  96 | Reward:  -17.91 | Battery:   0.00% | Loss: 0.0291
Placing Sensors
DQN loss 0.00866 | Q -2.3629 | tgt -2.3800 | eps 0.919 | replay 12714
[Episode 105/400] Steps: 101 | Reward:  -17.80 | Battery:   0.00% | Loss: 0.0087
Placing Sensors
DQN loss 0.02892 | Q -2.3622 | tgt -2.3306 | eps 0.919 | replay 12806
[Episode 106/400] Steps:  92 | Reward:  -18.01 | Battery:   0.00% | Loss: 0.0289
Placing Sensors
DQN loss 0.00754 | Q -2.3659 | tgt -2.3565 | eps 0.918 | replay 12920
[Episode 107/400] Steps: 114 | Reward:  -17.92 | Battery:   0.00% | Loss: 0.0075
Placing Sensors
DQN loss 0.02174 | Q -2.3629 | tgt -2.3422 | eps 0.918 | replay 13005
[Episode 108/400] Steps:  85 | Reward:  -18.15 | Battery:   0.00% | Loss: 0.0217
Placing Sensors
DQN loss 0.03096 | Q -2.3421 | tgt -2.1795 | eps 0.913 | replay 13725
[Episode 109/400] Steps: 720 | Reward:  -14.20 | Battery:   0.00% | Loss: 0.0310
Placing Sensors
DQN loss 0.00671 | Q -2.3104 | tgt -2.2011 | eps 0.912 | replay 13816
[Episode 110/400] Steps:  91 | Reward:  -18.00 | Battery:   0.00% | Loss: 0.0067
Placing Sensors
DQN loss 0.03053 | Q -2.2804 | tgt -2.1686 | eps 0.912 | replay 13922
[Episode 111/400] Steps: 106 | Reward:  -17.80 | Battery:   0.00% | Loss: 0.0305
Placing Sensors
DQN loss 0.02974 | Q -2.2639 | tgt -2.1718 | eps 0.911 | replay 13997
[Episode 112/400] Steps:  75 | Reward:  -17.95 | Battery:   0.00% | Loss: 0.0297
Placing Sensors
DQN loss 0.00820 | Q -2.2360 | tgt -2.1959 | eps 0.911 | replay 14078
[Episode 113/400] Steps:  81 | Reward:  -18.03 | Battery:   0.00% | Loss: 0.0082
Placing Sensors
DQN loss 0.01721 | Q -2.2361 | tgt -2.3643 | eps 0.910 | replay 14147
[Episode 114/400] Steps:  69 | Reward:  -18.03 | Battery:   0.00% | Loss: 0.0172
Placing Sensors
DQN loss 0.02116 | Q -2.3023 | tgt -2.4488 | eps 0.910 | replay 14229
[Episode 115/400] Steps:  82 | Reward:  -17.96 | Battery:   0.00% | Loss: 0.0212
Placing Sensors
DQN loss 0.02663 | Q -2.3985 | tgt -2.4169 | eps 0.909 | replay 14298
[Episode 116/400] Steps:  69 | Reward:  -18.06 | Battery:   0.00% | Loss: 0.0266
Placing Sensors
DQN loss 0.02963 | Q -2.3623 | tgt -2.2130 | eps 0.909 | replay 14380
[Episode 117/400] Steps:  82 | Reward:  -17.99 | Battery:   0.00% | Loss: 0.0296
Placing Sensors
DQN loss 0.01527 | Q -2.3142 | tgt -2.2798 | eps 0.909 | replay 14436
[Episode 118/400] Steps:  56 | Reward:  -18.18 | Battery:   0.00% | Loss: 0.0153
Placing Sensors
DQN loss 0.00369 | Q -2.2745 | tgt -2.2031 | eps 0.908 | replay 14553
[Episode 119/400] Steps: 117 | Reward:  -17.96 | Battery:   0.00% | Loss: 0.0037
Placing Sensors
DQN loss 0.01185 | Q -2.2312 | tgt -2.3132 | eps 0.907 | replay 14655
[Episode 120/400] Steps: 102 | Reward:  -17.87 | Battery:   0.00% | Loss: 0.0118
Placing Sensors
DQN loss 0.02576 | Q -2.2794 | tgt -2.4987 | eps 0.907 | replay 14718
[Episode 121/400] Steps:  63 | Reward:  -18.00 | Battery:   0.00% | Loss: 0.0258
Placing Sensors
DQN loss 0.00775 | Q -2.2760 | tgt -2.2538 | eps 0.906 | replay 14783
[Episode 122/400] Steps:  65 | Reward:  -18.24 | Battery:   0.00% | Loss: 0.0078
Placing Sensors
DQN loss 0.01499 | Q -2.3500 | tgt -2.3380 | eps 0.902 | replay 15503
[Episode 123/400] Steps: 720 | Reward:  -12.37 | Battery:  52.69% | Loss: 0.0150
Placing Sensors
DQN loss 0.00113 | Q -2.3454 | tgt -2.3782 | eps 0.901 | replay 15577
[Episode 124/400] Steps:  74 | Reward:  -17.90 | Battery:   0.00% | Loss: 0.0011
Placing Sensors
DQN loss 0.01496 | Q -2.3526 | tgt -2.3383 | eps 0.901 | replay 15670
[Episode 125/400] Steps:  93 | Reward:  -17.85 | Battery:   0.00% | Loss: 0.0150
Placing Sensors
DQN loss 0.00798 | Q -2.3500 | tgt -2.3434 | eps 0.900 | replay 15733
[Episode 126/400] Steps:  63 | Reward:  -18.00 | Battery:   0.00% | Loss: 0.0080
Placing Sensors
DQN loss 0.02205 | Q -2.3479 | tgt -2.3266 | eps 0.900 | replay 15804
[Episode 127/400] Steps:  71 | Reward:  -17.97 | Battery:   0.00% | Loss: 0.0221
Placing Sensors
DQN loss 0.01491 | Q -2.3453 | tgt -2.3341 | eps 0.899 | replay 15938
[Episode 128/400] Steps: 134 | Reward:  -17.97 | Battery:   0.00% | Loss: 0.0149
Placing Sensors
DQN loss 0.03055 | Q -2.3412 | tgt -2.1870 | eps 0.899 | replay 16020
[Episode 129/400] Steps:  82 | Reward:  -18.09 | Battery:   0.00% | Loss: 0.0305
Placing Sensors
DQN loss 0.00276 | Q -2.2603 | tgt -2.2067 | eps 0.898 | replay 16128
[Episode 130/400] Steps: 108 | Reward:  -17.89 | Battery:   0.00% | Loss: 0.0028
Placing Sensors
DQN loss 0.02934 | Q -2.2402 | tgt -2.2692 | eps 0.897 | replay 16212
[Episode 131/400] Steps:  84 | Reward:  -18.06 | Battery:   0.00% | Loss: 0.0293
Placing Sensors
DQN loss 0.00801 | Q -2.3473 | tgt -2.3486 | eps 0.893 | replay 16932
[Episode 132/400] Steps: 720 | Reward:  -11.87 | Battery:  39.15% | Loss: 0.0080
Placing Sensors
DQN loss 0.00819 | Q -2.3373 | tgt -2.3474 | eps 0.892 | replay 16990
[Episode 133/400] Steps:  58 | Reward:  -18.03 | Battery:   0.00% | Loss: 0.0082
Placing Sensors
DQN loss 0.03617 | Q -2.3530 | tgt -2.3127 | eps 0.892 | replay 17069
[Episode 134/400] Steps:  79 | Reward:  -18.00 | Battery:   0.00% | Loss: 0.0362
Placing Sensors
DQN loss 0.01515 | Q -2.3565 | tgt -2.3392 | eps 0.891 | replay 17150
[Episode 135/400] Steps:  81 | Reward:  -18.05 | Battery:   0.00% | Loss: 0.0151
Placing Sensors
DQN loss 0.00806 | Q -2.3529 | tgt -2.3463 | eps 0.891 | replay 17225
[Episode 136/400] Steps:  75 | Reward:  -17.79 | Battery:   0.00% | Loss: 0.0081
Placing Sensors
DQN loss 0.01493 | Q -2.3493 | tgt -2.3567 | eps 0.890 | replay 17325
[Episode 137/400] Steps: 100 | Reward:  -17.92 | Battery:   0.00% | Loss: 0.0149
Placing Sensors
DQN loss 0.01709 | Q -2.3623 | tgt -2.4842 | eps 0.890 | replay 17409
[Episode 138/400] Steps:  84 | Reward:  -17.93 | Battery:   0.00% | Loss: 0.0171
Placing Sensors
DQN loss 0.01566 | Q -2.4070 | tgt -2.3739 | eps 0.889 | replay 17480
[Episode 139/400] Steps:  71 | Reward:  -17.93 | Battery:   0.00% | Loss: 0.0157
Placing Sensors
DQN loss 0.02224 | Q -2.3623 | tgt -2.3305 | eps 0.889 | replay 17580
[Episode 140/400] Steps: 100 | Reward:  -18.15 | Battery:   0.00% | Loss: 0.0222
Placing Sensors
DQN loss 0.00097 | Q -2.3525 | tgt -2.3729 | eps 0.888 | replay 17742
[Episode 141/400] Steps: 162 | Reward:  -17.60 | Battery:   0.00% | Loss: 0.0010
Placing Sensors
DQN loss 0.00784 | Q -2.3596 | tgt -2.3702 | eps 0.887 | replay 17845
[Episode 142/400] Steps: 103 | Reward:  -17.95 | Battery:   0.00% | Loss: 0.0078
Placing Sensors
DQN loss 0.03514 | Q -2.3455 | tgt -2.3102 | eps 0.882 | replay 18565
[Episode 143/400] Steps: 720 | Reward:   -9.75 | Battery:  53.95% | Loss: 0.0351
Placing Sensors
DQN loss 0.00714 | Q -2.3469 | tgt -2.3348 | eps 0.882 | replay 18652
[Episode 144/400] Steps:  87 | Reward:  -17.89 | Battery:   0.00% | Loss: 0.0071
Placing Sensors
DQN loss 0.00708 | Q -2.3435 | tgt -2.3345 | eps 0.881 | replay 18729
[Episode 145/400] Steps:  77 | Reward:  -17.98 | Battery:   0.00% | Loss: 0.0071
Placing Sensors
DQN loss 0.00030 | Q -2.3387 | tgt -2.3599 | eps 0.881 | replay 18797
[Episode 146/400] Steps:  68 | Reward:  -18.04 | Battery:   0.00% | Loss: 0.0003
Placing Sensors
DQN loss 0.00710 | Q -2.3411 | tgt -2.3348 | eps 0.880 | replay 18878
[Episode 147/400] Steps:  81 | Reward:  -18.06 | Battery:   0.00% | Loss: 0.0071
Placing Sensors
DQN loss 0.00729 | Q -2.3420 | tgt -2.3507 | eps 0.880 | replay 18965
[Episode 148/400] Steps:  87 | Reward:  -17.90 | Battery:   0.00% | Loss: 0.0073
Placing Sensors
DQN loss 0.02118 | Q -2.3412 | tgt -2.3162 | eps 0.879 | replay 19069
[Episode 149/400] Steps: 104 | Reward:  -17.83 | Battery:   0.00% | Loss: 0.0212
Placing Sensors
DQN loss 0.00704 | Q -2.3389 | tgt -2.3354 | eps 0.879 | replay 19143
[Episode 150/400] Steps:  74 | Reward:  -18.00 | Battery:   0.00% | Loss: 0.0070
Placing Sensors
DQN loss 0.00729 | Q -2.3386 | tgt -2.3505 | eps 0.878 | replay 19222
[Episode 151/400] Steps:  79 | Reward:  -17.96 | Battery:   0.00% | Loss: 0.0073
Placing Sensors
DQN loss 0.03510 | Q -2.3443 | tgt -2.2996 | eps 0.878 | replay 19293
[Episode 152/400] Steps:  71 | Reward:  -18.00 | Battery:   0.00% | Loss: 0.0351
Placing Sensors
DQN loss 0.00052 | Q -2.3424 | tgt -2.3725 | eps 0.877 | replay 19402
[Episode 153/400] Steps: 109 | Reward:  -17.81 | Battery:   0.00% | Loss: 0.0005
Placing Sensors
DQN loss 0.00709 | Q -2.3465 | tgt -2.3346 | eps 0.877 | replay 19464
[Episode 154/400] Steps:  62 | Reward:  -18.06 | Battery:   0.00% | Loss: 0.0071
Placing Sensors
DQN loss 0.00006 | Q -2.3397 | tgt -2.3434 | eps 0.876 | replay 19638
[Episode 155/400] Steps: 174 | Reward:  -17.57 | Battery:   0.00% | Loss: 0.0001
Placing Sensors
DQN loss 0.00726 | Q -2.3404 | tgt -2.3513 | eps 0.875 | replay 19737
[Episode 156/400] Steps:  99 | Reward:  -18.00 | Battery:   0.00% | Loss: 0.0073
Placing Sensors
DQN loss 0.02130 | Q -2.3442 | tgt -2.3343 | eps 0.870 | replay 20457
[Episode 157/400] Steps: 720 | Reward:  -10.90 | Battery:  53.61% | Loss: 0.0213
Placing Sensors
DQN loss 0.01419 | Q -2.3480 | tgt -2.3432 | eps 0.870 | replay 20552
[Episode 158/400] Steps:  95 | Reward:  -17.87 | Battery:   0.00% | Loss: 0.0142
Placing Sensors
DQN loss 0.00714 | Q -2.3514 | tgt -2.3499 | eps 0.869 | replay 20646
[Episode 159/400] Steps:  94 | Reward:  -18.11 | Battery:   0.00% | Loss: 0.0071
Placing Sensors
DQN loss 0.02843 | Q -2.3528 | tgt -2.3289 | eps 0.869 | replay 20727
[Episode 160/400] Steps:  81 | Reward:  -18.14 | Battery:   0.00% | Loss: 0.0284
Placing Sensors
DQN loss 0.00009 | Q -2.3530 | tgt -2.3568 | eps 0.868 | replay 20809
[Episode 161/400] Steps:  82 | Reward:  -18.06 | Battery:   0.00% | Loss: 0.0001
Placing Sensors
DQN loss 0.01420 | Q -2.3526 | tgt -2.3414 | eps 0.868 | replay 20913
[Episode 162/400] Steps: 104 | Reward:  -17.73 | Battery:   0.00% | Loss: 0.0142
Placing Sensors
DQN loss 0.00713 | Q -2.3510 | tgt -2.3503 | eps 0.867 | replay 21012
[Episode 163/400] Steps:  99 | Reward:  -17.87 | Battery:   0.00% | Loss: 0.0071
Placing Sensors
DQN loss 0.00718 | Q -2.3514 | tgt -2.3507 | eps 0.866 | replay 21114
[Episode 164/400] Steps: 102 | Reward:  -18.16 | Battery:   0.00% | Loss: 0.0072
Placing Sensors
DQN loss 0.03547 | Q -2.3516 | tgt -2.3170 | eps 0.862 | replay 21834
[Episode 165/400] Steps: 720 | Reward:  -11.30 | Battery:  42.42% | Loss: 0.0355
Placing Sensors
DQN loss 0.00725 | Q -2.3510 | tgt -2.3560 | eps 0.861 | replay 21916
[Episode 166/400] Steps:  82 | Reward:  -17.89 | Battery:   0.00% | Loss: 0.0073
Placing Sensors
DQN loss 0.00717 | Q -2.3508 | tgt -2.3529 | eps 0.861 | replay 21992
[Episode 167/400] Steps:  76 | Reward:  -18.08 | Battery:   0.00% | Loss: 0.0072
Placing Sensors
DQN loss 0.02129 | Q -2.3523 | tgt -2.3341 | eps 0.860 | replay 22088
[Episode 168/400] Steps:  96 | Reward:  -17.79 | Battery:   0.00% | Loss: 0.0213
Placing Sensors
DQN loss 0.00717 | Q -2.3541 | tgt -2.3537 | eps 0.859 | replay 22193
[Episode 169/400] Steps: 105 | Reward:  -17.93 | Battery:   0.00% | Loss: 0.0072
Placing Sensors
DQN loss 0.00718 | Q -2.3547 | tgt -2.3529 | eps 0.859 | replay 22279
[Episode 170/400] Steps:  86 | Reward:  -17.92 | Battery:   0.00% | Loss: 0.0072
Placing Sensors
DQN loss 0.01428 | Q -2.3539 | tgt -2.3445 | eps 0.858 | replay 22369
[Episode 171/400] Steps:  90 | Reward:  -18.07 | Battery:   0.00% | Loss: 0.0143
Placing Sensors
DQN loss 0.00717 | Q -2.3530 | tgt -2.3530 | eps 0.858 | replay 22454
[Episode 172/400] Steps:  85 | Reward:  -17.88 | Battery:   0.00% | Loss: 0.0072
Placing Sensors
DQN loss 0.02832 | Q -2.3523 | tgt -2.3140 | eps 0.857 | replay 22526
[Episode 173/400] Steps:  72 | Reward:  -18.10 | Battery:   0.00% | Loss: 0.0283
Placing Sensors
DQN loss 0.00717 | Q -2.3485 | tgt -2.3527 | eps 0.857 | replay 22609
[Episode 174/400] Steps:  83 | Reward:  -18.24 | Battery:   0.00% | Loss: 0.0072
Placing Sensors
DQN loss 0.00718 | Q -2.3482 | tgt -2.3518 | eps 0.856 | replay 22671
[Episode 175/400] Steps:  62 | Reward:  -18.01 | Battery:   0.00% | Loss: 0.0072
Placing Sensors
DQN loss 0.01415 | Q -2.3474 | tgt -2.3436 | eps 0.856 | replay 22750
[Episode 176/400] Steps:  79 | Reward:  -18.05 | Battery:   0.00% | Loss: 0.0142
Placing Sensors
DQN loss 0.00720 | Q -2.3502 | tgt -2.3537 | eps 0.855 | replay 22918
[Episode 177/400] Steps: 168 | Reward:  -17.92 | Battery:   0.00% | Loss: 0.0072
Placing Sensors
DQN loss 0.00011 | Q -2.3534 | tgt -2.3497 | eps 0.854 | replay 23022
[Episode 178/400] Steps: 104 | Reward:  -17.91 | Battery:   0.00% | Loss: 0.0001
Placing Sensors
DQN loss 0.01424 | Q -2.3519 | tgt -2.3398 | eps 0.854 | replay 23091
[Episode 179/400] Steps:  69 | Reward:  -18.04 | Battery:   0.00% | Loss: 0.0142
Placing Sensors
DQN loss 0.02837 | Q -2.3502 | tgt -2.3185 | eps 0.853 | replay 23185
[Episode 180/400] Steps:  94 | Reward:  -18.05 | Battery:   0.00% | Loss: 0.0284
Placing Sensors
DQN loss 0.00005 | Q -2.3480 | tgt -2.3487 | eps 0.852 | replay 23299
[Episode 181/400] Steps: 114 | Reward:  -18.28 | Battery:   0.00% | Loss: 0.0001
Placing Sensors
DQN loss 0.00710 | Q -2.3447 | tgt -2.3403 | eps 0.852 | replay 23388
[Episode 182/400] Steps:  89 | Reward:  -17.99 | Battery:   0.00% | Loss: 0.0071
Placing Sensors
DQN loss 0.00711 | Q -2.3428 | tgt -2.3343 | eps 0.851 | replay 23493
[Episode 183/400] Steps: 105 | Reward:  -17.80 | Battery:   0.00% | Loss: 0.0071
Placing Sensors
DQN loss 0.00011 | Q -2.3515 | tgt -2.3610 | eps 0.847 | replay 24213
[Episode 184/400] Steps: 720 | Reward:  -10.42 | Battery:  43.07% | Loss: 0.0001
Placing Sensors
DQN loss 0.01426 | Q -2.3548 | tgt -2.3434 | eps 0.846 | replay 24305
[Episode 185/400] Steps:  92 | Reward:  -17.98 | Battery:   0.00% | Loss: 0.0143
Placing Sensors
DQN loss 0.01426 | Q -2.3542 | tgt -2.3438 | eps 0.846 | replay 24394
[Episode 186/400] Steps:  89 | Reward:  -18.08 | Battery:   0.00% | Loss: 0.0143
Placing Sensors
DQN loss 0.01430 | Q -2.3536 | tgt -2.3433 | eps 0.845 | replay 24461
[Episode 187/400] Steps:  67 | Reward:  -17.92 | Battery:   0.00% | Loss: 0.0143
Placing Sensors
DQN loss 0.00720 | Q -2.3532 | tgt -2.3527 | eps 0.845 | replay 24534
[Episode 188/400] Steps:  73 | Reward:  -17.90 | Battery:   0.00% | Loss: 0.0072
Placing Sensors
DQN loss 0.02134 | Q -2.3550 | tgt -2.3279 | eps 0.844 | replay 24628
[Episode 189/400] Steps:  94 | Reward:  -17.83 | Battery:   0.00% | Loss: 0.0213
Placing Sensors
DQN loss 0.00721 | Q -2.3512 | tgt -2.3527 | eps 0.843 | replay 24751
[Episode 190/400] Steps: 123 | Reward:  -17.91 | Battery:   0.00% | Loss: 0.0072
Placing Sensors
DQN loss 0.01413 | Q -2.3521 | tgt -2.3391 | eps 0.843 | replay 24818
[Episode 191/400] Steps:  67 | Reward:  -17.91 | Battery:   0.00% | Loss: 0.0141
Placing Sensors
DQN loss 0.01424 | Q -2.3514 | tgt -2.3438 | eps 0.842 | replay 24890
[Episode 192/400] Steps:  72 | Reward:  -18.12 | Battery:   0.00% | Loss: 0.0142
Placing Sensors
DQN loss 0.00011 | Q -2.3534 | tgt -2.3624 | eps 0.842 | replay 25011
[Episode 193/400] Steps: 121 | Reward:  -18.01 | Battery:   0.00% | Loss: 0.0001
Placing Sensors
DQN loss 0.02837 | Q -2.3554 | tgt -2.3262 | eps 0.841 | replay 25068
[Episode 194/400] Steps:  57 | Reward:  -18.04 | Battery:   0.00% | Loss: 0.0284
Placing Sensors
DQN loss 0.01415 | Q -2.3527 | tgt -2.3435 | eps 0.841 | replay 25133
[Episode 195/400] Steps:  65 | Reward:  -18.01 | Battery:   0.00% | Loss: 0.0142
Placing Sensors
DQN loss 0.02845 | Q -2.3520 | tgt -2.3259 | eps 0.840 | replay 25223
[Episode 196/400] Steps:  90 | Reward:  -17.83 | Battery:   0.00% | Loss: 0.0284
Placing Sensors
DQN loss 0.00713 | Q -2.3530 | tgt -2.3339 | eps 0.840 | replay 25294
[Episode 197/400] Steps:  71 | Reward:  -17.87 | Battery:   0.00% | Loss: 0.0071
Placing Sensors
DQN loss 0.01418 | Q -2.3465 | tgt -2.3425 | eps 0.839 | replay 25407
[Episode 198/400] Steps: 113 | Reward:  -17.98 | Battery:   0.00% | Loss: 0.0142
Placing Sensors
DQN loss 0.01405 | Q -2.3507 | tgt -2.3439 | eps 0.839 | replay 25479
[Episode 199/400] Steps:  72 | Reward:  -17.98 | Battery:   0.00% | Loss: 0.0140
Placing Sensors
DQN loss 0.02126 | Q -2.3536 | tgt -2.3281 | eps 0.838 | replay 25547
[Episode 200/400] Steps:  68 | Reward:  -18.04 | Battery:   0.00% | Loss: 0.0213
Placing Sensors
DQN loss 0.04254 | Q -2.3519 | tgt -2.3091 | eps 0.838 | replay 25654
[Episode 201/400] Steps: 107 | Reward:  -18.20 | Battery:   0.00% | Loss: 0.0425
Placing Sensors
DQN loss 0.00009 | Q -2.3537 | tgt -2.3617 | eps 0.837 | replay 25727
[Episode 202/400] Steps:  73 | Reward:  -17.95 | Battery:   0.00% | Loss: 0.0001
Placing Sensors
DQN loss 0.00007 | Q -2.3522 | tgt -2.3500 | eps 0.837 | replay 25813
[Episode 203/400] Steps:  86 | Reward:  -17.89 | Battery:   0.00% | Loss: 0.0001
Placing Sensors
DQN loss 0.00016 | Q -2.3474 | tgt -2.3613 | eps 0.836 | replay 25892
[Episode 204/400] Steps:  79 | Reward:  -18.07 | Battery:   0.00% | Loss: 0.0002
Placing Sensors
DQN loss 0.00721 | Q -2.3509 | tgt -2.3523 | eps 0.835 | replay 25987
[Episode 205/400] Steps:  95 | Reward:  -17.94 | Battery:   0.00% | Loss: 0.0072
Placing Sensors
DQN loss 0.01424 | Q -2.3520 | tgt -2.3309 | eps 0.835 | replay 26055
[Episode 206/400] Steps:  68 | Reward:  -18.12 | Battery:   0.00% | Loss: 0.0142
Placing Sensors
DQN loss 0.02123 | Q -2.3474 | tgt -2.3223 | eps 0.835 | replay 26124
[Episode 207/400] Steps:  69 | Reward:  -17.95 | Battery:   0.00% | Loss: 0.0212
Placing Sensors
DQN loss 0.03550 | Q -2.3444 | tgt -2.2764 | eps 0.834 | replay 26202
[Episode 208/400] Steps:  78 | Reward:  -17.95 | Battery:   0.00% | Loss: 0.0355
Placing Sensors
DQN loss 0.00014 | Q -2.3340 | tgt -2.3217 | eps 0.834 | replay 26287
[Episode 209/400] Steps:  85 | Reward:  -18.04 | Battery:   0.00% | Loss: 0.0001
Placing Sensors
DQN loss 0.01397 | Q -2.3275 | tgt -2.3032 | eps 0.833 | replay 26357
[Episode 210/400] Steps:  70 | Reward:  -18.08 | Battery:   0.00% | Loss: 0.0140
Placing Sensors
DQN loss 0.00008 | Q -2.3215 | tgt -2.3216 | eps 0.832 | replay 26456
[Episode 211/400] Steps:  99 | Reward:  -17.97 | Battery:   0.00% | Loss: 0.0001
Placing Sensors
DQN loss 0.02091 | Q -2.3177 | tgt -2.2951 | eps 0.832 | replay 26567
[Episode 212/400] Steps: 111 | Reward:  -18.06 | Battery:   0.00% | Loss: 0.0209
Placing Sensors
DQN loss 0.00023 | Q -2.3176 | tgt -2.3363 | eps 0.827 | replay 27287
[Episode 213/400] Steps: 720 | Reward:  -11.18 | Battery:  39.65% | Loss: 0.0002
Placing Sensors
DQN loss 0.00700 | Q -2.3141 | tgt -2.3124 | eps 0.823 | replay 28007
[Episode 214/400] Steps: 720 | Reward:  -10.48 | Battery:  47.69% | Loss: 0.0070
Placing Sensors
DQN loss 0.02080 | Q -2.3136 | tgt -2.2947 | eps 0.822 | replay 28111
[Episode 215/400] Steps: 104 | Reward:  -17.92 | Battery:   0.00% | Loss: 0.0208
Placing Sensors
DQN loss 0.00704 | Q -2.3136 | tgt -2.3117 | eps 0.822 | replay 28167
[Episode 216/400] Steps:  56 | Reward:  -18.18 | Battery:   0.00% | Loss: 0.0070
Placing Sensors
DQN loss 0.02769 | Q -2.3134 | tgt -2.2862 | eps 0.821 | replay 28241
[Episode 217/400] Steps:  74 | Reward:  -17.86 | Battery:   0.00% | Loss: 0.0277
Placing Sensors
DQN loss 0.01385 | Q -2.3139 | tgt -2.3031 | eps 0.821 | replay 28336
[Episode 218/400] Steps:  95 | Reward:  -18.01 | Battery:   0.00% | Loss: 0.0139
Placing Sensors
DQN loss 0.00009 | Q -2.3136 | tgt -2.3223 | eps 0.820 | replay 28429
[Episode 219/400] Steps:  93 | Reward:  -18.03 | Battery:   0.00% | Loss: 0.0001
Placing Sensors
DQN loss 0.00701 | Q -2.3154 | tgt -2.3134 | eps 0.819 | replay 28516
[Episode 220/400] Steps:  87 | Reward:  -17.92 | Battery:   0.00% | Loss: 0.0070
Placing Sensors
DQN loss 0.02776 | Q -2.3154 | tgt -2.2858 | eps 0.819 | replay 28588
[Episode 221/400] Steps:  72 | Reward:  -18.19 | Battery:   0.00% | Loss: 0.0278
Placing Sensors
DQN loss 0.00698 | Q -2.3156 | tgt -2.3117 | eps 0.818 | replay 28680
[Episode 222/400] Steps:  92 | Reward:  -17.92 | Battery:   0.00% | Loss: 0.0070
Placing Sensors
DQN loss 0.02084 | Q -2.3150 | tgt -2.2946 | eps 0.818 | replay 28757
[Episode 223/400] Steps:  77 | Reward:  -18.05 | Battery:   0.00% | Loss: 0.0208
Placing Sensors
DQN loss 0.01407 | Q -2.3166 | tgt -2.3178 | eps 0.813 | replay 29477
[Episode 224/400] Steps: 720 | Reward:  -10.59 | Battery:  38.58% | Loss: 0.0141
Placing Sensors
DQN loss 0.02080 | Q -2.3186 | tgt -2.2942 | eps 0.813 | replay 29580
[Episode 225/400] Steps: 103 | Reward:  -17.86 | Battery:   0.00% | Loss: 0.0208
Placing Sensors
DQN loss 0.01395 | Q -2.3160 | tgt -2.3064 | eps 0.812 | replay 29735
[Episode 226/400] Steps: 155 | Reward:  -17.46 | Battery:   0.00% | Loss: 0.0140
Placing Sensors
DQN loss 0.02074 | Q -2.3142 | tgt -2.2935 | eps 0.811 | replay 29820
[Episode 227/400] Steps:  85 | Reward:  -17.93 | Battery:   0.00% | Loss: 0.0207
Placing Sensors
DQN loss 0.00720 | Q -2.3143 | tgt -2.3255 | eps 0.811 | replay 29883
[Episode 228/400] Steps:  63 | Reward:  -18.16 | Battery:   0.00% | Loss: 0.0072
Placing Sensors
DQN loss 0.00703 | Q -2.3215 | tgt -2.3202 | eps 0.810 | replay 30018
[Episode 229/400] Steps: 135 | Reward:  -17.84 | Battery:   0.00% | Loss: 0.0070
Placing Sensors
DQN loss 0.02100 | Q -2.3237 | tgt -2.3122 | eps 0.809 | replay 30097
[Episode 230/400] Steps:  79 | Reward:  -17.92 | Battery:   0.00% | Loss: 0.0210
Placing Sensors
DQN loss 0.00718 | Q -2.3254 | tgt -2.3294 | eps 0.809 | replay 30156
[Episode 231/400] Steps:  59 | Reward:  -18.17 | Battery:   0.00% | Loss: 0.0072
Placing Sensors
DQN loss 0.00691 | Q -2.3267 | tgt -2.3127 | eps 0.808 | replay 30239
[Episode 232/400] Steps:  83 | Reward:  -17.90 | Battery:   0.00% | Loss: 0.0069
Placing Sensors
DQN loss 0.00703 | Q -2.3219 | tgt -2.3125 | eps 0.808 | replay 30324
[Episode 233/400] Steps:  85 | Reward:  -18.01 | Battery:   0.00% | Loss: 0.0070
Placing Sensors
DQN loss 0.02787 | Q -2.3187 | tgt -2.2854 | eps 0.807 | replay 30414
[Episode 234/400] Steps:  90 | Reward:  -18.01 | Battery:   0.00% | Loss: 0.0279
Placing Sensors
DQN loss 0.00696 | Q -2.3177 | tgt -2.3138 | eps 0.803 | replay 31134
[Episode 235/400] Steps: 720 | Reward:  -10.72 | Battery:  33.85% | Loss: 0.0070
Placing Sensors
DQN loss 0.00709 | Q -2.3150 | tgt -2.3240 | eps 0.802 | replay 31230
[Episode 236/400] Steps:  96 | Reward:  -17.98 | Battery:   0.00% | Loss: 0.0071
Placing Sensors
DQN loss 0.00700 | Q -2.3155 | tgt -2.3126 | eps 0.802 | replay 31296
[Episode 237/400] Steps:  66 | Reward:  -17.98 | Battery:   0.00% | Loss: 0.0070
Placing Sensors
DQN loss 0.01393 | Q -2.3150 | tgt -2.3076 | eps 0.801 | replay 31393
[Episode 238/400] Steps:  97 | Reward:  -17.93 | Battery:   0.00% | Loss: 0.0139
Placing Sensors
DQN loss 0.01405 | Q -2.3191 | tgt -2.3167 | eps 0.801 | replay 31494
[Episode 239/400] Steps: 101 | Reward:  -17.98 | Battery:   0.00% | Loss: 0.0141
Placing Sensors
DQN loss 0.01392 | Q -2.3190 | tgt -2.3060 | eps 0.800 | replay 31586
[Episode 240/400] Steps:  92 | Reward:  -17.95 | Battery:   0.00% | Loss: 0.0139
Placing Sensors
DQN loss 0.02083 | Q -2.3171 | tgt -2.2947 | eps 0.799 | replay 31665
[Episode 241/400] Steps:  79 | Reward:  -17.95 | Battery:   0.00% | Loss: 0.0208
Placing Sensors
DQN loss 0.01407 | Q -2.3176 | tgt -2.3140 | eps 0.799 | replay 31730
[Episode 242/400] Steps:  65 | Reward:  -17.94 | Battery:   0.00% | Loss: 0.0141
Placing Sensors
DQN loss 0.01398 | Q -2.3189 | tgt -2.3118 | eps 0.799 | replay 31808
[Episode 243/400] Steps:  78 | Reward:  -17.89 | Battery:   0.00% | Loss: 0.0140
Placing Sensors
DQN loss 0.02765 | Q -2.3182 | tgt -2.2863 | eps 0.798 | replay 31895
[Episode 244/400] Steps:  87 | Reward:  -17.79 | Battery:   0.00% | Loss: 0.0276
Placing Sensors
DQN loss 0.00011 | Q -2.3212 | tgt -2.3314 | eps 0.797 | replay 32060
[Episode 245/400] Steps: 165 | Reward:  -17.65 | Battery:   0.00% | Loss: 0.0001
Placing Sensors
DQN loss 0.01409 | Q -2.3244 | tgt -2.3154 | eps 0.797 | replay 32125
[Episode 246/400] Steps:  65 | Reward:  -18.12 | Battery:   0.00% | Loss: 0.0141
Placing Sensors
DQN loss 0.01406 | Q -2.3174 | tgt -2.3096 | eps 0.796 | replay 32188
[Episode 247/400] Steps:  63 | Reward:  -18.06 | Battery:   0.00% | Loss: 0.0141
Placing Sensors
DQN loss 0.01398 | Q -2.3202 | tgt -2.3079 | eps 0.796 | replay 32284
[Episode 248/400] Steps:  96 | Reward:  -17.94 | Battery:   0.00% | Loss: 0.0140
Placing Sensors
DQN loss 0.00698 | Q -2.3192 | tgt -2.3155 | eps 0.795 | replay 32359
[Episode 249/400] Steps:  75 | Reward:  -18.02 | Battery:   0.00% | Loss: 0.0070
Placing Sensors
DQN loss 0.02094 | Q -2.3195 | tgt -2.2959 | eps 0.795 | replay 32426
[Episode 250/400] Steps:  67 | Reward:  -17.91 | Battery:   0.00% | Loss: 0.0209
Placing Sensors
DQN loss 0.01387 | Q -2.3154 | tgt -2.3040 | eps 0.794 | replay 32509
[Episode 251/400] Steps:  83 | Reward:  -17.96 | Battery:   0.00% | Loss: 0.0139
Placing Sensors
DQN loss 0.00702 | Q -2.3144 | tgt -2.3125 | eps 0.794 | replay 32581
[Episode 252/400] Steps:  72 | Reward:  -17.99 | Battery:   0.00% | Loss: 0.0070
Placing Sensors
DQN loss 0.00700 | Q -2.3158 | tgt -2.3155 | eps 0.793 | replay 32653
[Episode 253/400] Steps:  72 | Reward:  -18.04 | Battery:   0.00% | Loss: 0.0070
Placing Sensors
DQN loss 0.02102 | Q -2.3227 | tgt -2.3112 | eps 0.793 | replay 32763
[Episode 254/400] Steps: 110 | Reward:  -17.75 | Battery:   0.00% | Loss: 0.0210
Placing Sensors
DQN loss 0.04862 | Q -2.3283 | tgt -2.2744 | eps 0.792 | replay 32839
[Episode 255/400] Steps:  76 | Reward:  -18.03 | Battery:   0.00% | Loss: 0.0486
Placing Sensors
DQN loss 0.00009 | Q -2.3228 | tgt -2.3226 | eps 0.792 | replay 32920
[Episode 256/400] Steps:  81 | Reward:  -17.89 | Battery:   0.00% | Loss: 0.0001
Placing Sensors
DQN loss 0.00690 | Q -2.3171 | tgt -2.3127 | eps 0.791 | replay 33035
[Episode 257/400] Steps: 115 | Reward:  -17.86 | Battery:   0.00% | Loss: 0.0069
Placing Sensors
DQN loss 0.01394 | Q -2.3138 | tgt -2.3046 | eps 0.790 | replay 33118
[Episode 258/400] Steps:  83 | Reward:  -17.83 | Battery:   0.00% | Loss: 0.0139
Placing Sensors
DQN loss 0.00698 | Q -2.3183 | tgt -2.3133 | eps 0.790 | replay 33203
[Episode 259/400] Steps:  85 | Reward:  -17.85 | Battery:   0.00% | Loss: 0.0070
Placing Sensors
DQN loss 0.01380 | Q -2.3146 | tgt -2.3034 | eps 0.789 | replay 33303
[Episode 260/400] Steps: 100 | Reward:  -17.97 | Battery:   0.00% | Loss: 0.0138
Placing Sensors
DQN loss 0.00009 | Q -2.3151 | tgt -2.3232 | eps 0.789 | replay 33379
[Episode 261/400] Steps:  76 | Reward:  -18.04 | Battery:   0.00% | Loss: 0.0001
Placing Sensors
DQN loss 0.00708 | Q -2.3200 | tgt -2.3267 | eps 0.788 | replay 33465
[Episode 262/400] Steps:  86 | Reward:  -17.85 | Battery:   0.00% | Loss: 0.0071
Placing Sensors
DQN loss 0.01410 | Q -2.3292 | tgt -2.3212 | eps 0.788 | replay 33550
[Episode 263/400] Steps:  85 | Reward:  -18.00 | Battery:   0.00% | Loss: 0.0141
Placing Sensors
DQN loss 0.00703 | Q -2.3264 | tgt -2.3205 | eps 0.787 | replay 33622
[Episode 264/400] Steps:  72 | Reward:  -18.01 | Battery:   0.00% | Loss: 0.0070
Placing Sensors
DQN loss 0.00711 | Q -2.3195 | tgt -2.3225 | eps 0.786 | replay 33794
[Episode 265/400] Steps: 172 | Reward:  -17.76 | Battery:   0.00% | Loss: 0.0071
Placing Sensors
DQN loss 0.03496 | Q -2.3277 | tgt -2.2797 | eps 0.785 | replay 33920
[Episode 266/400] Steps: 126 | Reward:  -17.73 | Battery:   0.00% | Loss: 0.0350
Placing Sensors
DQN loss 0.01389 | Q -2.3225 | tgt -2.3055 | eps 0.784 | replay 34105
[Episode 267/400] Steps: 185 | Reward:  -17.73 | Battery:   0.00% | Loss: 0.0139
Placing Sensors
DQN loss 0.02768 | Q -2.3207 | tgt -2.2871 | eps 0.783 | replay 34194
[Episode 268/400] Steps:  89 | Reward:  -17.80 | Battery:   0.00% | Loss: 0.0277
Placing Sensors
DQN loss 0.00701 | Q -2.3194 | tgt -2.3137 | eps 0.783 | replay 34271
[Episode 269/400] Steps:  77 | Reward:  -18.05 | Battery:   0.00% | Loss: 0.0070
Placing Sensors
DQN loss 0.00691 | Q -2.3089 | tgt -2.2963 | eps 0.783 | replay 34339
[Episode 270/400] Steps:  68 | Reward:  -17.95 | Battery:   0.00% | Loss: 0.0069
Placing Sensors
DQN loss 0.02064 | Q -2.3044 | tgt -2.2755 | eps 0.782 | replay 34407
[Episode 271/400] Steps:  68 | Reward:  -17.73 | Battery:   0.00% | Loss: 0.0206
Placing Sensors
DQN loss 0.02054 | Q -2.2968 | tgt -2.2825 | eps 0.782 | replay 34498
[Episode 272/400] Steps:  91 | Reward:  -17.91 | Battery:   0.00% | Loss: 0.0205
Placing Sensors
DQN loss 0.00703 | Q -2.3042 | tgt -2.3047 | eps 0.777 | replay 35218
[Episode 273/400] Steps: 720 | Reward:  -10.63 | Battery:  41.96% | Loss: 0.0070
Placing Sensors
DQN loss 0.00699 | Q -2.3035 | tgt -2.3011 | eps 0.776 | replay 35306
[Episode 274/400] Steps:  88 | Reward:  -17.98 | Battery:   0.00% | Loss: 0.0070
Placing Sensors
DQN loss 0.04824 | Q -2.3032 | tgt -2.2485 | eps 0.776 | replay 35414
[Episode 275/400] Steps: 108 | Reward:  -17.83 | Battery:   0.00% | Loss: 0.0482
Placing Sensors
DQN loss 0.01377 | Q -2.2987 | tgt -2.2870 | eps 0.775 | replay 35524
[Episode 276/400] Steps: 110 | Reward:  -17.97 | Battery:   0.00% | Loss: 0.0138
Placing Sensors
DQN loss 0.00697 | Q -2.2994 | tgt -2.2955 | eps 0.775 | replay 35599
[Episode 277/400] Steps:  75 | Reward:  -18.08 | Battery:   0.00% | Loss: 0.0070
Placing Sensors
DQN loss 0.01385 | Q -2.2974 | tgt -2.2868 | eps 0.774 | replay 35681
[Episode 278/400] Steps:  82 | Reward:  -17.86 | Battery:   0.00% | Loss: 0.0139
Placing Sensors
DQN loss 0.00012 | Q -2.2979 | tgt -2.3029 | eps 0.774 | replay 35752
[Episode 279/400] Steps:  71 | Reward:  -18.04 | Battery:   0.00% | Loss: 0.0001
Placing Sensors
DQN loss 0.02066 | Q -2.2985 | tgt -2.2784 | eps 0.773 | replay 35832
[Episode 280/400] Steps:  80 | Reward:  -17.86 | Battery:   0.00% | Loss: 0.0207
Placing Sensors
DQN loss 0.00019 | Q -2.2994 | tgt -2.3141 | eps 0.773 | replay 35912
[Episode 281/400] Steps:  80 | Reward:  -18.04 | Battery:   0.00% | Loss: 0.0002
Placing Sensors
DQN loss 0.00014 | Q -2.3048 | tgt -2.3131 | eps 0.772 | replay 35994
[Episode 282/400] Steps:  82 | Reward:  -18.19 | Battery:   0.00% | Loss: 0.0001
Placing Sensors
DQN loss 0.00012 | Q -2.3061 | tgt -2.3101 | eps 0.772 | replay 36051
[Episode 283/400] Steps:  57 | Reward:  -18.31 | Battery:   0.00% | Loss: 0.0001
Placing Sensors
DQN loss 0.00694 | Q -2.3078 | tgt -2.3053 | eps 0.771 | replay 36109
[Episode 284/400] Steps:  58 | Reward:  -18.01 | Battery:   0.00% | Loss: 0.0069
Placing Sensors
DQN loss 0.00012 | Q -2.3067 | tgt -2.3127 | eps 0.771 | replay 36186
[Episode 285/400] Steps:  77 | Reward:  -17.98 | Battery:   0.00% | Loss: 0.0001
Placing Sensors
DQN loss 0.00011 | Q -2.3076 | tgt -2.3120 | eps 0.770 | replay 36260
[Episode 286/400] Steps:  74 | Reward:  -18.03 | Battery:   0.00% | Loss: 0.0001
Placing Sensors
DQN loss 0.02097 | Q -2.2959 | tgt -2.2826 | eps 0.770 | replay 36326
[Episode 287/400] Steps:  66 | Reward:  -18.05 | Battery:   0.00% | Loss: 0.0210
Placing Sensors
DQN loss 0.00697 | Q -2.3024 | tgt -2.3039 | eps 0.770 | replay 36386
[Episode 288/400] Steps:  60 | Reward:  -17.84 | Battery:   0.00% | Loss: 0.0070
Placing Sensors
DQN loss 0.01380 | Q -2.3042 | tgt -2.2925 | eps 0.769 | replay 36499
[Episode 289/400] Steps: 113 | Reward:  -17.93 | Battery:   0.00% | Loss: 0.0138
Placing Sensors
DQN loss 0.02062 | Q -2.3057 | tgt -2.2814 | eps 0.768 | replay 36594
[Episode 290/400] Steps:  95 | Reward:  -18.02 | Battery:   0.00% | Loss: 0.0206
Placing Sensors
DQN loss 0.02025 | Q -2.3006 | tgt -2.2790 | eps 0.768 | replay 36684
[Episode 291/400] Steps:  90 | Reward:  -17.90 | Battery:   0.00% | Loss: 0.0203
Placing Sensors
DQN loss 0.00711 | Q -2.2997 | tgt -2.3016 | eps 0.767 | replay 36827
[Episode 292/400] Steps: 143 | Reward:  -17.87 | Battery:   0.00% | Loss: 0.0071
Placing Sensors
DQN loss 0.00011 | Q -2.3042 | tgt -2.3111 | eps 0.766 | replay 36904
[Episode 293/400] Steps:  77 | Reward:  -17.99 | Battery:   0.00% | Loss: 0.0001
Placing Sensors
DQN loss 0.01350 | Q -2.3040 | tgt -2.2868 | eps 0.766 | replay 36990
[Episode 294/400] Steps:  86 | Reward:  -17.99 | Battery:   0.00% | Loss: 0.0135
Placing Sensors
DQN loss 0.02061 | Q -2.3036 | tgt -2.2869 | eps 0.765 | replay 37083
[Episode 295/400] Steps:  93 | Reward:  -18.03 | Battery:   0.00% | Loss: 0.0206
Placing Sensors
DQN loss 0.01337 | Q -2.3047 | tgt -2.3006 | eps 0.765 | replay 37153
[Episode 296/400] Steps:  70 | Reward:  -17.95 | Battery:   0.00% | Loss: 0.0134
Placing Sensors
DQN loss 0.00697 | Q -2.3120 | tgt -2.2946 | eps 0.764 | replay 37263
[Episode 297/400] Steps: 110 | Reward:  -17.98 | Battery:   0.00% | Loss: 0.0070
Placing Sensors
DQN loss 0.00698 | Q -2.3001 | tgt -2.2961 | eps 0.763 | replay 37344
[Episode 298/400] Steps:  81 | Reward:  -18.04 | Battery:   0.00% | Loss: 0.0070
Placing Sensors
DQN loss 0.02052 | Q -2.2986 | tgt -2.2819 | eps 0.763 | replay 37422
[Episode 299/400] Steps:  78 | Reward:  -18.01 | Battery:   0.00% | Loss: 0.0205
Placing Sensors
DQN loss 0.00699 | Q -2.3020 | tgt -2.2971 | eps 0.762 | replay 37509
[Episode 300/400] Steps:  87 | Reward:  -18.07 | Battery:   0.00% | Loss: 0.0070
Placing Sensors
DQN loss 0.00700 | Q -2.3019 | tgt -2.3023 | eps 0.762 | replay 37603
[Episode 301/400] Steps:  94 | Reward:  -18.03 | Battery:   0.00% | Loss: 0.0070
Placing Sensors
DQN loss 0.00693 | Q -2.3020 | tgt -2.2971 | eps 0.757 | replay 38323
[Episode 302/400] Steps: 720 | Reward:  -10.31 | Battery:  32.11% | Loss: 0.0069
Placing Sensors
DQN loss 0.01220 | Q -2.2903 | tgt -2.2929 | eps 0.757 | replay 38424
[Episode 303/400] Steps: 101 | Reward:  -17.90 | Battery:   0.00% | Loss: 0.0122
Placing Sensors
DQN loss 0.00010 | Q -2.3057 | tgt -2.3153 | eps 0.756 | replay 38528
[Episode 304/400] Steps: 104 | Reward:  -18.04 | Battery:   0.00% | Loss: 0.0001
Placing Sensors
DQN loss 0.01386 | Q -2.3057 | tgt -2.2950 | eps 0.755 | replay 38609
[Episode 305/400] Steps:  81 | Reward:  -18.01 | Battery:   0.00% | Loss: 0.0139
Placing Sensors
DQN loss 0.00700 | Q -2.3011 | tgt -2.3008 | eps 0.755 | replay 38697
[Episode 306/400] Steps:  88 | Reward:  -17.65 | Battery:   0.00% | Loss: 0.0070
Placing Sensors
DQN loss 0.02072 | Q -2.2998 | tgt -2.2783 | eps 0.754 | replay 38796
[Episode 307/400] Steps:  99 | Reward:  -17.90 | Battery:   0.00% | Loss: 0.0207
Placing Sensors
DQN loss 0.00692 | Q -2.3023 | tgt -2.2998 | eps 0.754 | replay 38870
[Episode 308/400] Steps:  74 | Reward:  -18.04 | Battery:   0.00% | Loss: 0.0069
Placing Sensors
DQN loss 0.03433 | Q -2.3018 | tgt -2.2662 | eps 0.753 | replay 38974
[Episode 309/400] Steps: 104 | Reward:  -17.84 | Battery:   0.00% | Loss: 0.0343
Placing Sensors
DQN loss 0.00015 | Q -2.3024 | tgt -2.3050 | eps 0.753 | replay 39057
[Episode 310/400] Steps:  83 | Reward:  -17.87 | Battery:   0.00% | Loss: 0.0001
Placing Sensors
DQN loss 0.01371 | Q -2.3011 | tgt -2.2866 | eps 0.752 | replay 39164
[Episode 311/400] Steps: 107 | Reward:  -17.91 | Battery:   0.00% | Loss: 0.0137
Placing Sensors
DQN loss 0.00702 | Q -2.2949 | tgt -2.2958 | eps 0.751 | replay 39248
[Episode 312/400] Steps:  84 | Reward:  -18.07 | Battery:   0.00% | Loss: 0.0070
Placing Sensors
DQN loss 0.02757 | Q -2.2990 | tgt -2.2752 | eps 0.751 | replay 39334
[Episode 313/400] Steps:  86 | Reward:  -18.16 | Battery:   0.00% | Loss: 0.0276
Placing Sensors
DQN loss 0.00692 | Q -2.3034 | tgt -2.2971 | eps 0.750 | replay 39448
[Episode 314/400] Steps: 114 | Reward:  -17.91 | Battery:   0.00% | Loss: 0.0069
Placing Sensors
DQN loss 0.02065 | Q -2.2980 | tgt -2.2864 | eps 0.750 | replay 39533
[Episode 315/400] Steps:  85 | Reward:  -17.87 | Battery:   0.00% | Loss: 0.0206
Placing Sensors
DQN loss 0.00725 | Q -2.2988 | tgt -2.2944 | eps 0.749 | replay 39611
[Episode 316/400] Steps:  78 | Reward:  -18.00 | Battery:   0.00% | Loss: 0.0072
Placing Sensors
DQN loss 0.00690 | Q -2.3026 | tgt -2.2921 | eps 0.749 | replay 39679
[Episode 317/400] Steps:  68 | Reward:  -18.03 | Battery:   0.00% | Loss: 0.0069
Placing Sensors
DQN loss 0.02765 | Q -2.2933 | tgt -2.2762 | eps 0.748 | replay 39773
[Episode 318/400] Steps:  94 | Reward:  -18.05 | Battery:   0.00% | Loss: 0.0276
Placing Sensors
DQN loss 0.00011 | Q -2.3013 | tgt -2.3079 | eps 0.748 | replay 39867
[Episode 319/400] Steps:  94 | Reward:  -17.85 | Battery:   0.00% | Loss: 0.0001
Placing Sensors
DQN loss 0.01382 | Q -2.2986 | tgt -2.2853 | eps 0.747 | replay 39956
[Episode 320/400] Steps:  89 | Reward:  -17.88 | Battery:   0.00% | Loss: 0.0138
Placing Sensors
DQN loss 0.00011 | Q -2.2984 | tgt -2.3079 | eps 0.746 | replay 40044
[Episode 321/400] Steps:  88 | Reward:  -18.02 | Battery:   0.00% | Loss: 0.0001
Placing Sensors
DQN loss 0.02075 | Q -2.3010 | tgt -2.2854 | eps 0.746 | replay 40104
[Episode 322/400] Steps:  60 | Reward:  -18.02 | Battery:   0.00% | Loss: 0.0208
Placing Sensors
DQN loss 0.01385 | Q -2.2989 | tgt -2.2913 | eps 0.741 | replay 40824
[Episode 323/400] Steps: 720 | Reward:   -8.60 | Battery:  52.49% | Loss: 0.0138
Placing Sensors
DQN loss 0.00010 | Q -2.3014 | tgt -2.3095 | eps 0.741 | replay 40908
[Episode 324/400] Steps:  84 | Reward:  -17.91 | Battery:   0.00% | Loss: 0.0001
Placing Sensors
DQN loss 0.02074 | Q -2.3010 | tgt -2.2792 | eps 0.740 | replay 40983
[Episode 325/400] Steps:  75 | Reward:  -17.94 | Battery:   0.00% | Loss: 0.0207
Placing Sensors
DQN loss 0.01362 | Q -2.2984 | tgt -2.2880 | eps 0.740 | replay 41059
[Episode 326/400] Steps:  76 | Reward:  -17.99 | Battery:   0.00% | Loss: 0.0136
Placing Sensors
DQN loss 0.00707 | Q -2.2975 | tgt -2.3012 | eps 0.739 | replay 41237
[Episode 327/400] Steps: 178 | Reward:  -17.67 | Battery:   0.00% | Loss: 0.0071
Placing Sensors
DQN loss 0.01383 | Q -2.2972 | tgt -2.2865 | eps 0.738 | replay 41359
[Episode 328/400] Steps: 122 | Reward:  -17.88 | Battery:   0.00% | Loss: 0.0138
Placing Sensors
DQN loss 0.00687 | Q -2.3026 | tgt -2.3004 | eps 0.737 | replay 41601
[Episode 329/400] Steps: 242 | Reward:  -17.63 | Battery:   0.00% | Loss: 0.0069
Placing Sensors
DQN loss 0.00010 | Q -2.3022 | tgt -2.3068 | eps 0.732 | replay 42321
[Episode 330/400] Steps: 720 | Reward:  -11.99 | Battery:  36.96% | Loss: 0.0001
Placing Sensors
DQN loss 0.00719 | Q -2.3043 | tgt -2.2724 | eps 0.732 | replay 42388
[Episode 331/400] Steps:  67 | Reward:  -17.89 | Battery:   0.00% | Loss: 0.0072
Placing Sensors
DQN loss 0.01371 | Q -2.2865 | tgt -2.2793 | eps 0.731 | replay 42506
[Episode 332/400] Steps: 118 | Reward:  -17.81 | Battery:   0.00% | Loss: 0.0137
Placing Sensors
DQN loss 0.02076 | Q -2.2916 | tgt -2.2813 | eps 0.730 | replay 42653
[Episode 333/400] Steps: 147 | Reward:  -17.63 | Battery:   0.00% | Loss: 0.0208
Placing Sensors
DQN loss 0.00012 | Q -2.2963 | tgt -2.3074 | eps 0.729 | replay 42721
[Episode 334/400] Steps:  68 | Reward:  -18.13 | Battery:   0.00% | Loss: 0.0001
Placing Sensors
DQN loss 0.00007 | Q -2.2985 | tgt -2.2953 | eps 0.729 | replay 42834
[Episode 335/400] Steps: 113 | Reward:  -17.72 | Battery:   0.00% | Loss: 0.0001
Placing Sensors
DQN loss 0.00698 | Q -2.2897 | tgt -2.2921 | eps 0.728 | replay 42962
[Episode 336/400] Steps: 128 | Reward:  -17.61 | Battery:   0.00% | Loss: 0.0070
Placing Sensors
DQN loss 0.02047 | Q -2.2938 | tgt -2.2743 | eps 0.727 | replay 43031
[Episode 337/400] Steps:  69 | Reward:  -17.99 | Battery:   0.00% | Loss: 0.0205
Placing Sensors
DQN loss 0.02058 | Q -2.2917 | tgt -2.2708 | eps 0.723 | replay 43751
[Episode 338/400] Steps: 720 | Reward:   -9.12 | Battery:  49.14% | Loss: 0.0206
Placing Sensors
DQN loss 0.00705 | Q -2.2887 | tgt -2.2912 | eps 0.723 | replay 43813
[Episode 339/400] Steps:  62 | Reward:  -18.02 | Battery:   0.00% | Loss: 0.0071
Placing Sensors
DQN loss 0.03439 | Q -2.2996 | tgt -2.2572 | eps 0.722 | replay 43904
[Episode 340/400] Steps:  91 | Reward:  -18.05 | Battery:   0.00% | Loss: 0.0344
Placing Sensors
DQN loss 0.00693 | Q -2.2852 | tgt -2.2880 | eps 0.721 | replay 43997
[Episode 341/400] Steps:  93 | Reward:  -17.82 | Battery:   0.00% | Loss: 0.0069
Placing Sensors
DQN loss 0.01372 | Q -2.2887 | tgt -2.2844 | eps 0.721 | replay 44078
[Episode 342/400] Steps:  81 | Reward:  -17.72 | Battery:   0.00% | Loss: 0.0137
Placing Sensors
DQN loss 0.01383 | Q -2.2903 | tgt -2.2840 | eps 0.720 | replay 44171
[Episode 343/400] Steps:  93 | Reward:  -17.93 | Battery:   0.00% | Loss: 0.0138
Placing Sensors
DQN loss 0.00695 | Q -2.2957 | tgt -2.2863 | eps 0.720 | replay 44242
[Episode 344/400] Steps:  71 | Reward:  -17.89 | Battery:   0.00% | Loss: 0.0070
Placing Sensors
DQN loss 0.02712 | Q -2.2881 | tgt -2.2563 | eps 0.719 | replay 44319
[Episode 345/400] Steps:  77 | Reward:  -18.10 | Battery:   0.00% | Loss: 0.0271
Placing Sensors
DQN loss 0.02063 | Q -2.2959 | tgt -2.2640 | eps 0.715 | replay 45039
[Episode 346/400] Steps: 720 | Reward:  -10.42 | Battery:  53.46% | Loss: 0.0206
Placing Sensors
DQN loss 0.00011 | Q -2.2864 | tgt -2.2923 | eps 0.714 | replay 45120
[Episode 347/400] Steps:  81 | Reward:  -17.96 | Battery:   0.00% | Loss: 0.0001
Placing Sensors
DQN loss 0.01371 | Q -2.2861 | tgt -2.2766 | eps 0.714 | replay 45223
[Episode 348/400] Steps: 103 | Reward:  -18.00 | Battery:   0.00% | Loss: 0.0137
Placing Sensors
DQN loss 0.03415 | Q -2.2865 | tgt -2.2474 | eps 0.713 | replay 45294
[Episode 349/400] Steps:  71 | Reward:  -17.94 | Battery:   0.00% | Loss: 0.0342
Placing Sensors
DQN loss 0.01383 | Q -2.2903 | tgt -2.2883 | eps 0.713 | replay 45379
[Episode 350/400] Steps:  85 | Reward:  -17.93 | Battery:   0.00% | Loss: 0.0138
Placing Sensors
DQN loss 0.00701 | Q -2.2959 | tgt -2.2975 | eps 0.712 | replay 45445
[Episode 351/400] Steps:  66 | Reward:  -17.88 | Battery:   0.00% | Loss: 0.0070
Placing Sensors
DQN loss 0.00695 | Q -2.2949 | tgt -2.2933 | eps 0.711 | replay 45559
[Episode 352/400] Steps: 114 | Reward:  -17.91 | Battery:   0.00% | Loss: 0.0070
Placing Sensors
DQN loss 0.01394 | Q -2.2940 | tgt -2.2828 | eps 0.711 | replay 45627
[Episode 353/400] Steps:  68 | Reward:  -17.93 | Battery:   0.00% | Loss: 0.0139
Placing Sensors
DQN loss 0.00009 | Q -2.2945 | tgt -2.2985 | eps 0.711 | replay 45685
[Episode 354/400] Steps:  58 | Reward:  -18.07 | Battery:   0.00% | Loss: 0.0001
Placing Sensors
DQN loss 0.02065 | Q -2.2938 | tgt -2.2756 | eps 0.710 | replay 45758
[Episode 355/400] Steps:  73 | Reward:  -17.87 | Battery:   0.00% | Loss: 0.0206
Placing Sensors
DQN loss 0.00008 | Q -2.2952 | tgt -2.3011 | eps 0.710 | replay 45843
[Episode 356/400] Steps:  85 | Reward:  -18.02 | Battery:   0.00% | Loss: 0.0001
Placing Sensors
DQN loss 0.04774 | Q -2.2937 | tgt -2.2414 | eps 0.709 | replay 45929
[Episode 357/400] Steps:  86 | Reward:  -17.87 | Battery:   0.00% | Loss: 0.0477
Placing Sensors
DQN loss 0.01243 | Q -2.2929 | tgt -2.2839 | eps 0.709 | replay 46023
[Episode 358/400] Steps:  94 | Reward:  -18.01 | Battery:   0.00% | Loss: 0.0124
Placing Sensors
DQN loss 0.01383 | Q -2.2939 | tgt -2.2843 | eps 0.708 | replay 46112
[Episode 359/400] Steps:  89 | Reward:  -17.91 | Battery:   0.00% | Loss: 0.0138
Placing Sensors
DQN loss 0.00680 | Q -2.2935 | tgt -2.2936 | eps 0.708 | replay 46171
[Episode 360/400] Steps:  59 | Reward:  -17.92 | Battery:   0.00% | Loss: 0.0068
Placing Sensors
DQN loss 0.01382 | Q -2.2954 | tgt -2.2889 | eps 0.707 | replay 46234
[Episode 361/400] Steps:  63 | Reward:  -18.02 | Battery:   0.00% | Loss: 0.0138
Placing Sensors
DQN loss 0.02059 | Q -2.2884 | tgt -2.2679 | eps 0.703 | replay 46954
[Episode 362/400] Steps: 720 | Reward:   -9.98 | Battery:  46.36% | Loss: 0.0206
Placing Sensors
DQN loss 0.00020 | Q -2.2876 | tgt -2.3040 | eps 0.702 | replay 47059
[Episode 363/400] Steps: 105 | Reward:  -17.92 | Battery:   0.00% | Loss: 0.0002
Placing Sensors
DQN loss 0.00691 | Q -2.2957 | tgt -2.2900 | eps 0.701 | replay 47178
[Episode 364/400] Steps: 119 | Reward:  -17.70 | Battery:   0.00% | Loss: 0.0069
Placing Sensors
DQN loss 0.00691 | Q -2.2943 | tgt -2.2904 | eps 0.701 | replay 47258
[Episode 365/400] Steps:  80 | Reward:  -17.95 | Battery:   0.00% | Loss: 0.0069
Placing Sensors
DQN loss 0.01379 | Q -2.2914 | tgt -2.2815 | eps 0.700 | replay 47318
[Episode 366/400] Steps:  60 | Reward:  -17.99 | Battery:   0.00% | Loss: 0.0138
Placing Sensors
DQN loss 0.01376 | Q -2.2902 | tgt -2.2816 | eps 0.700 | replay 47401
[Episode 367/400] Steps:  83 | Reward:  -17.93 | Battery:   0.00% | Loss: 0.0138
Placing Sensors
DQN loss 0.00699 | Q -2.2916 | tgt -2.2754 | eps 0.699 | replay 47459
[Episode 368/400] Steps:  58 | Reward:  -17.94 | Battery:   0.00% | Loss: 0.0070
Placing Sensors
DQN loss 0.00013 | Q -2.2835 | tgt -2.2872 | eps 0.699 | replay 47547
[Episode 369/400] Steps:  88 | Reward:  -17.88 | Battery:   0.00% | Loss: 0.0001
Placing Sensors
DQN loss 0.02067 | Q -2.2835 | tgt -2.2660 | eps 0.698 | replay 47640
[Episode 370/400] Steps:  93 | Reward:  -17.85 | Battery:   0.00% | Loss: 0.0207
Placing Sensors
DQN loss 0.02737 | Q -2.2844 | tgt -2.2494 | eps 0.698 | replay 47702
[Episode 371/400] Steps:  62 | Reward:  -17.92 | Battery:   0.00% | Loss: 0.0274
Placing Sensors
DQN loss 0.02057 | Q -2.2847 | tgt -2.2703 | eps 0.697 | replay 47783
[Episode 372/400] Steps:  81 | Reward:  -18.02 | Battery:   0.00% | Loss: 0.0206
Placing Sensors
DQN loss 0.02739 | Q -2.2878 | tgt -2.2612 | eps 0.697 | replay 47845
[Episode 373/400] Steps:  62 | Reward:  -18.04 | Battery:   0.00% | Loss: 0.0274
Placing Sensors
DQN loss 0.02057 | Q -2.2881 | tgt -2.2667 | eps 0.696 | replay 47923
[Episode 374/400] Steps:  78 | Reward:  -17.78 | Battery:   0.00% | Loss: 0.0206
Placing Sensors
DQN loss 0.00699 | Q -2.2877 | tgt -2.2933 | eps 0.696 | replay 48023
[Episode 375/400] Steps: 100 | Reward:  -17.69 | Battery:   0.00% | Loss: 0.0070
Placing Sensors
DQN loss 0.00017 | Q -2.2917 | tgt -2.3069 | eps 0.695 | replay 48096
[Episode 376/400] Steps:  73 | Reward:  -18.02 | Battery:   0.00% | Loss: 0.0002
Placing Sensors
DQN loss 0.00698 | Q -2.2909 | tgt -2.2928 | eps 0.691 | replay 48816
[Episode 377/400] Steps: 720 | Reward:  -10.75 | Battery:  48.27% | Loss: 0.0070
Placing Sensors
DQN loss 0.02064 | Q -2.2942 | tgt -2.2724 | eps 0.690 | replay 48884
[Episode 378/400] Steps:  68 | Reward:  -17.94 | Battery:   0.00% | Loss: 0.0206
Placing Sensors
DQN loss 0.01375 | Q -2.2922 | tgt -2.2793 | eps 0.690 | replay 48983
[Episode 379/400] Steps:  99 | Reward:  -17.86 | Battery:   0.00% | Loss: 0.0137
Placing Sensors
DQN loss 0.02737 | Q -2.2915 | tgt -2.2635 | eps 0.689 | replay 49143
[Episode 380/400] Steps: 160 | Reward:  -17.72 | Battery:   0.00% | Loss: 0.0274
Placing Sensors
DQN loss 0.00694 | Q -2.2923 | tgt -2.2918 | eps 0.688 | replay 49233
[Episode 381/400] Steps:  90 | Reward:  -17.66 | Battery:   0.00% | Loss: 0.0069
Placing Sensors
DQN loss 0.01374 | Q -2.2938 | tgt -2.2801 | eps 0.688 | replay 49309
[Episode 382/400] Steps:  76 | Reward:  -17.95 | Battery:   0.00% | Loss: 0.0137
Placing Sensors
DQN loss 0.02744 | Q -2.2934 | tgt -2.2652 | eps 0.687 | replay 49416
[Episode 383/400] Steps: 107 | Reward:  -17.96 | Battery:   0.00% | Loss: 0.0274
Placing Sensors
DQN loss 0.01368 | Q -2.2930 | tgt -2.2803 | eps 0.686 | replay 49540
[Episode 384/400] Steps: 124 | Reward:  -17.86 | Battery:   0.00% | Loss: 0.0137
Placing Sensors
DQN loss 0.00725 | Q -2.2857 | tgt -2.2912 | eps 0.686 | replay 49632
[Episode 385/400] Steps:  92 | Reward:  -17.75 | Battery:   0.00% | Loss: 0.0073
Placing Sensors
DQN loss 0.01375 | Q -2.2910 | tgt -2.2792 | eps 0.685 | replay 49702
[Episode 386/400] Steps:  70 | Reward:  -17.91 | Battery:   0.00% | Loss: 0.0138
Placing Sensors
DQN loss 0.00678 | Q -2.2896 | tgt -2.2869 | eps 0.685 | replay 49764
[Episode 387/400] Steps:  62 | Reward:  -17.81 | Battery:   0.00% | Loss: 0.0068
Placing Sensors
DQN loss 0.00693 | Q -2.2898 | tgt -2.2900 | eps 0.684 | replay 49851
[Episode 388/400] Steps:  87 | Reward:  -17.90 | Battery:   0.00% | Loss: 0.0069
Placing Sensors
DQN loss 0.00684 | Q -2.2711 | tgt -2.2676 | eps 0.680 | replay 50571
[Episode 389/400] Steps: 720 | Reward:  -12.17 | Battery:  46.98% | Loss: 0.0068
Placing Sensors
DQN loss 0.02035 | Q -2.2693 | tgt -2.2519 | eps 0.679 | replay 50629
[Episode 390/400] Steps:  58 | Reward:  -18.04 | Battery:   0.00% | Loss: 0.0203
Placing Sensors
DQN loss 0.02715 | Q -2.2738 | tgt -2.2509 | eps 0.679 | replay 50705
[Episode 391/400] Steps:  76 | Reward:  -18.12 | Battery:   0.00% | Loss: 0.0272
Placing Sensors
DQN loss 0.02712 | Q -2.2739 | tgt -2.2407 | eps 0.678 | replay 50800
[Episode 392/400] Steps:  95 | Reward:  -18.16 | Battery:   0.00% | Loss: 0.0271
Placing Sensors
DQN loss 0.00006 | Q -2.2839 | tgt -2.2796 | eps 0.674 | replay 51520
[Episode 393/400] Steps: 720 | Reward:   -9.17 | Battery:  67.10% | Loss: 0.0001
Placing Sensors
DQN loss 0.00687 | Q -2.2787 | tgt -2.2761 | eps 0.673 | replay 51604
[Episode 394/400] Steps:  84 | Reward:  -17.95 | Battery:   0.00% | Loss: 0.0069
Placing Sensors
DQN loss 0.00687 | Q -2.2770 | tgt -2.2752 | eps 0.673 | replay 51676
[Episode 395/400] Steps:  72 | Reward:  -17.62 | Battery:   0.00% | Loss: 0.0069
Placing Sensors
DQN loss 0.00007 | Q -2.2779 | tgt -2.2840 | eps 0.672 | replay 51735
[Episode 396/400] Steps:  59 | Reward:  -17.87 | Battery:   0.00% | Loss: 0.0001
Placing Sensors
DQN loss 0.01366 | Q -2.2789 | tgt -2.2668 | eps 0.672 | replay 51840
[Episode 397/400] Steps: 105 | Reward:  -17.76 | Battery:   0.00% | Loss: 0.0137
Placing Sensors
DQN loss 0.00685 | Q -2.2795 | tgt -2.2764 | eps 0.671 | replay 51911
[Episode 398/400] Steps:  71 | Reward:  -17.83 | Battery:   0.00% | Loss: 0.0068
Placing Sensors
DQN loss 0.01361 | Q -2.2782 | tgt -2.2665 | eps 0.671 | replay 51998
[Episode 399/400] Steps:  87 | Reward:  -17.85 | Battery:   0.00% | Loss: 0.0136
Placing Sensors
DQN loss 0.00011 | Q -2.2784 | tgt -2.2878 | eps 0.670 | replay 52092
[Episode 400/400] Steps:  94 | Reward:  -17.63 | Battery:   0.00% | Loss: 0.0001
Placing Sensors
DQN loss 0.01363 | Q -2.2810 | tgt -2.2707 | eps 0.670 | replay 52162
[Episode 401/400] Steps:  70 | Reward:  -18.01 | Battery:   0.00% | Loss: 0.0136
Placing Sensors
DQN loss 0.00009 | Q -2.2794 | tgt -2.2868 | eps 0.669 | replay 52244
[Episode 402/400] Steps:  82 | Reward:  -17.92 | Battery:   0.00% | Loss: 0.0001
Placing Sensors
DQN loss 0.02039 | Q -2.2748 | tgt -2.2577 | eps 0.668 | replay 52385
[Episode 403/400] Steps: 141 | Reward:  -17.62 | Battery:   0.00% | Loss: 0.0204
Placing Sensors
DQN loss 0.02049 | Q -2.2776 | tgt -2.2590 | eps 0.668 | replay 52458
[Episode 404/400] Steps:  73 | Reward:  -18.03 | Battery:   0.00% | Loss: 0.0205
Placing Sensors
DQN loss 0.02022 | Q -2.2694 | tgt -2.2492 | eps 0.667 | replay 52597
[Episode 405/400] Steps: 139 | Reward:  -17.60 | Battery:   0.00% | Loss: 0.0202
Placing Sensors
DQN loss 0.02726 | Q -2.2677 | tgt -2.2482 | eps 0.666 | replay 52674
[Episode 406/400] Steps:  77 | Reward:  -17.83 | Battery:   0.00% | Loss: 0.0273
Placing Sensors
DQN loss 0.01362 | Q -2.2740 | tgt -2.2697 | eps 0.666 | replay 52755
[Episode 407/400] Steps:  81 | Reward:  -17.90 | Battery:   0.00% | Loss: 0.0136
Placing Sensors
DQN loss 0.01354 | Q -2.2720 | tgt -2.2593 | eps 0.661 | replay 53475
[Episode 408/400] Steps: 720 | Reward:  -10.15 | Battery:  40.32% | Loss: 0.0135
Placing Sensors
DQN loss 0.02717 | Q -2.2801 | tgt -2.2477 | eps 0.661 | replay 53585
[Episode 409/400] Steps: 110 | Reward:  -17.84 | Battery:   0.00% | Loss: 0.0272
Placing Sensors
DQN loss 0.02037 | Q -2.2702 | tgt -2.2574 | eps 0.660 | replay 53745
[Episode 410/400] Steps: 160 | Reward:  -17.79 | Battery:   0.00% | Loss: 0.0204
Placing Sensors
DQN loss 0.02043 | Q -2.2724 | tgt -2.2571 | eps 0.659 | replay 53853
[Episode 411/400] Steps: 108 | Reward:  -17.79 | Battery:   0.00% | Loss: 0.0204
Placing Sensors
DQN loss 0.01358 | Q -2.2731 | tgt -2.2622 | eps 0.658 | replay 54076
[Episode 412/400] Steps: 223 | Reward:  -17.74 | Battery:   0.00% | Loss: 0.0136
Placing Sensors
DQN loss 0.00686 | Q -2.2808 | tgt -2.2798 | eps 0.657 | replay 54163
[Episode 413/400] Steps:  87 | Reward:  -18.01 | Battery:   0.00% | Loss: 0.0069
Placing Sensors
DQN loss 0.02029 | Q -2.2720 | tgt -2.2544 | eps 0.656 | replay 54239
[Episode 414/400] Steps:  76 | Reward:  -17.99 | Battery:   0.00% | Loss: 0.0203
Placing Sensors
DQN loss 0.00684 | Q -2.2752 | tgt -2.2772 | eps 0.655 | replay 54404
[Episode 415/400] Steps: 165 | Reward:  -17.49 | Battery:   0.00% | Loss: 0.0068
Placing Sensors
DQN loss 0.02716 | Q -2.2822 | tgt -2.2559 | eps 0.655 | replay 54487
[Episode 416/400] Steps:  83 | Reward:  -17.87 | Battery:   0.00% | Loss: 0.0272
Placing Sensors
DQN loss 0.00007 | Q -2.2860 | tgt -2.2911 | eps 0.655 | replay 54551
[Episode 417/400] Steps:  64 | Reward:  -18.07 | Battery:   0.00% | Loss: 0.0001
Placing Sensors
DQN loss 0.02718 | Q -2.2834 | tgt -2.2571 | eps 0.654 | replay 54617
[Episode 418/400] Steps:  66 | Reward:  -17.88 | Battery:   0.00% | Loss: 0.0272
Placing Sensors
DQN loss 0.00007 | Q -2.2853 | tgt -2.2912 | eps 0.653 | replay 54715
[Episode 419/400] Steps:  98 | Reward:  -18.02 | Battery:   0.00% | Loss: 0.0001
Placing Sensors
DQN loss 0.00691 | Q -2.2814 | tgt -2.2814 | eps 0.653 | replay 54801
[Episode 420/400] Steps:  86 | Reward:  -17.91 | Battery:   0.00% | Loss: 0.0069
Placing Sensors
DQN loss 0.02045 | Q -2.2799 | tgt -2.2600 | eps 0.652 | replay 54910
[Episode 421/400] Steps: 109 | Reward:  -17.95 | Battery:   0.00% | Loss: 0.0204
Placing Sensors
DQN loss 0.00012 | Q -2.2803 | tgt -2.2917 | eps 0.652 | replay 55000
[Episode 422/400] Steps:  90 | Reward:  -17.85 | Battery:   0.00% | Loss: 0.0001
Placing Sensors
DQN loss 0.02728 | Q -2.2793 | tgt -2.2503 | eps 0.651 | replay 55143
[Episode 423/400] Steps: 143 | Reward:  -17.77 | Battery:   0.00% | Loss: 0.0273
Placing Sensors
DQN loss 0.00009 | Q -2.2744 | tgt -2.2801 | eps 0.650 | replay 55216
[Episode 424/400] Steps:  73 | Reward:  -18.14 | Battery:   0.00% | Loss: 0.0001
Placing Sensors
DQN loss 0.00007 | Q -2.2734 | tgt -2.2776 | eps 0.650 | replay 55270
[Episode 425/400] Steps:  54 | Reward:  -18.13 | Battery:   0.00% | Loss: 0.0001
Placing Sensors
DQN loss 0.04055 | Q -2.2707 | tgt -2.2262 | eps 0.649 | replay 55356
[Episode 426/400] Steps:  86 | Reward:  -17.83 | Battery:   0.00% | Loss: 0.0405
Placing Sensors
DQN loss 0.02036 | Q -2.2771 | tgt -2.2573 | eps 0.645 | replay 56076
[Episode 427/400] Steps: 720 | Reward:  -10.45 | Battery:  53.55% | Loss: 0.0204
Placing Sensors
DQN loss 0.00686 | Q -2.2714 | tgt -2.2725 | eps 0.644 | replay 56153
[Episode 428/400] Steps:  77 | Reward:  -18.07 | Battery:   0.00% | Loss: 0.0069
Placing Sensors
DQN loss 0.02712 | Q -2.2765 | tgt -2.2482 | eps 0.644 | replay 56209
[Episode 429/400] Steps:  56 | Reward:  -18.01 | Battery:   0.00% | Loss: 0.0271
Placing Sensors
DQN loss 0.01360 | Q -2.2756 | tgt -2.2646 | eps 0.644 | replay 56280
[Episode 430/400] Steps:  71 | Reward:  -17.86 | Battery:   0.00% | Loss: 0.0136
Placing Sensors
DQN loss 0.00011 | Q -2.2729 | tgt -2.2824 | eps 0.643 | replay 56367
[Episode 431/400] Steps:  87 | Reward:  -17.85 | Battery:   0.00% | Loss: 0.0001
Placing Sensors
DQN loss 0.02055 | Q -2.2813 | tgt -2.2643 | eps 0.643 | replay 56425
[Episode 432/400] Steps:  58 | Reward:  -17.95 | Battery:   0.00% | Loss: 0.0205
Placing Sensors
DQN loss 0.02057 | Q -2.2916 | tgt -2.2632 | eps 0.642 | replay 56488
[Episode 433/400] Steps:  63 | Reward:  -18.04 | Battery:   0.00% | Loss: 0.0206
Placing Sensors
DQN loss 0.00694 | Q -2.2737 | tgt -2.2794 | eps 0.642 | replay 56572
[Episode 434/400] Steps:  84 | Reward:  -18.17 | Battery:   0.00% | Loss: 0.0069
Placing Sensors
DQN loss 0.00686 | Q -2.2919 | tgt -2.2873 | eps 0.641 | replay 56684
[Episode 435/400] Steps: 112 | Reward:  -17.86 | Battery:   0.00% | Loss: 0.0069
Placing Sensors
DQN loss 0.01360 | Q -2.2717 | tgt -2.2692 | eps 0.640 | replay 56772
[Episode 436/400] Steps:  88 | Reward:  -18.03 | Battery:   0.00% | Loss: 0.0136
Placing Sensors
DQN loss 0.03398 | Q -2.2797 | tgt -2.2424 | eps 0.636 | replay 57492
[Episode 437/400] Steps: 720 | Reward:  -12.72 | Battery:  47.42% | Loss: 0.0340
Placing Sensors
DQN loss 0.02024 | Q -2.2720 | tgt -2.2538 | eps 0.635 | replay 57588
[Episode 438/400] Steps:  96 | Reward:  -17.73 | Battery:   0.00% | Loss: 0.0202
Placing Sensors
DQN loss 0.00682 | Q -2.2709 | tgt -2.2677 | eps 0.635 | replay 57676
[Episode 439/400] Steps:  88 | Reward:  -17.84 | Battery:   0.00% | Loss: 0.0068
Placing Sensors
DQN loss 0.01366 | Q -2.2655 | tgt -2.2583 | eps 0.634 | replay 57742
[Episode 440/400] Steps:  66 | Reward:  -18.03 | Battery:   0.00% | Loss: 0.0137
Placing Sensors
DQN loss 0.00011 | Q -2.2685 | tgt -2.2766 | eps 0.634 | replay 57808
[Episode 441/400] Steps:  66 | Reward:  -17.90 | Battery:   0.00% | Loss: 0.0001
Placing Sensors
DQN loss 0.02709 | Q -2.2749 | tgt -2.2423 | eps 0.633 | replay 57899
[Episode 442/400] Steps:  91 | Reward:  -18.03 | Battery:   0.00% | Loss: 0.0271
Placing Sensors
DQN loss 0.00022 | Q -2.2628 | tgt -2.2769 | eps 0.633 | replay 57962
[Episode 443/400] Steps:  63 | Reward:  -17.94 | Battery:   0.00% | Loss: 0.0002
Placing Sensors
DQN loss 0.02052 | Q -2.2822 | tgt -2.2556 | eps 0.632 | replay 58080
[Episode 444/400] Steps: 118 | Reward:  -17.97 | Battery:   0.00% | Loss: 0.0205
Placing Sensors
DQN loss 0.02041 | Q -2.2754 | tgt -2.2595 | eps 0.632 | replay 58166
[Episode 445/400] Steps:  86 | Reward:  -17.79 | Battery:   0.00% | Loss: 0.0204
Placing Sensors
DQN loss 0.02035 | Q -2.2780 | tgt -2.2539 | eps 0.631 | replay 58245
[Episode 446/400] Steps:  79 | Reward:  -18.04 | Battery:   0.00% | Loss: 0.0204
Placing Sensors
DQN loss 0.00690 | Q -2.2720 | tgt -2.2770 | eps 0.631 | replay 58341
[Episode 447/400] Steps:  96 | Reward:  -17.76 | Battery:   0.00% | Loss: 0.0069
Placing Sensors
DQN loss 0.01363 | Q -2.2753 | tgt -2.2673 | eps 0.630 | replay 58440
[Episode 448/400] Steps:  99 | Reward:  -17.79 | Battery:   0.00% | Loss: 0.0136
Placing Sensors
DQN loss 0.00677 | Q -2.2707 | tgt -2.2668 | eps 0.625 | replay 59160
[Episode 449/400] Steps: 720 | Reward:  -11.47 | Battery:  28.29% | Loss: 0.0068
Placing Sensors
DQN loss 0.01355 | Q -2.2662 | tgt -2.2557 | eps 0.625 | replay 59239
[Episode 450/400] Steps:  79 | Reward:  -17.93 | Battery:   0.00% | Loss: 0.0136
Placing Sensors
DQN loss 0.00008 | Q -2.2681 | tgt -2.2744 | eps 0.624 | replay 59308
[Episode 451/400] Steps:  69 | Reward:  -17.86 | Battery:   0.00% | Loss: 0.0001
Placing Sensors
DQN loss 0.00679 | Q -2.2682 | tgt -2.2655 | eps 0.624 | replay 59379
[Episode 452/400] Steps:  71 | Reward:  -17.96 | Battery:   0.00% | Loss: 0.0068
Placing Sensors
DQN loss 0.00680 | Q -2.2696 | tgt -2.2658 | eps 0.623 | replay 59511
[Episode 453/400] Steps: 132 | Reward:  -18.02 | Battery:   0.00% | Loss: 0.0068
Placing Sensors
DQN loss 0.00018 | Q -2.2628 | tgt -2.2753 | eps 0.622 | replay 59643
[Episode 454/400] Steps: 132 | Reward:  -17.69 | Battery:   0.00% | Loss: 0.0002
Placing Sensors
DQN loss 0.00011 | Q -2.2669 | tgt -2.2724 | eps 0.622 | replay 59698
[Episode 455/400] Steps:  55 | Reward:  -17.99 | Battery:   0.00% | Loss: 0.0001
Placing Sensors
DQN loss 0.02026 | Q -2.2662 | tgt -2.2458 | eps 0.621 | replay 59771
[Episode 456/400] Steps:  73 | Reward:  -18.04 | Battery:   0.00% | Loss: 0.0203
Placing Sensors
DQN loss 0.00678 | Q -2.2662 | tgt -2.2639 | eps 0.621 | replay 59832
[Episode 457/400] Steps:  61 | Reward:  -17.91 | Battery:   0.00% | Loss: 0.0068
Placing Sensors
DQN loss 0.00010 | Q -2.2680 | tgt -2.2766 | eps 0.617 | replay 60552
[Episode 458/400] Steps: 720 | Reward:   -9.98 | Battery:  30.37% | Loss: 0.0001
Placing Sensors
DQN loss 0.00689 | Q -2.2641 | tgt -2.2674 | eps 0.616 | replay 60627
[Episode 459/400] Steps:  75 | Reward:  -17.68 | Battery:   0.00% | Loss: 0.0069
Placing Sensors
DQN loss 0.02698 | Q -2.2683 | tgt -2.2383 | eps 0.615 | replay 60743
[Episode 460/400] Steps: 116 | Reward:  -17.73 | Battery:   0.00% | Loss: 0.0270
Placing Sensors
DQN loss 0.02040 | Q -2.2624 | tgt -2.2505 | eps 0.611 | replay 61463
[Episode 461/400] Steps: 720 | Reward:  -11.37 | Battery:  71.81% | Loss: 0.0204
Placing Sensors
DQN loss 0.01357 | Q -2.2685 | tgt -2.2577 | eps 0.610 | replay 61533
[Episode 462/400] Steps:  70 | Reward:  -17.87 | Battery:   0.00% | Loss: 0.0136
Placing Sensors
DQN loss 0.00010 | Q -2.2674 | tgt -2.2705 | eps 0.610 | replay 61636
[Episode 463/400] Steps: 103 | Reward:  -17.83 | Battery:   0.00% | Loss: 0.0001
Placing Sensors
DQN loss 0.00013 | Q -2.2663 | tgt -2.2775 | eps 0.609 | replay 61730
[Episode 464/400] Steps:  94 | Reward:  -17.64 | Battery:   0.00% | Loss: 0.0001
Placing Sensors
DQN loss 0.01360 | Q -2.2692 | tgt -2.2583 | eps 0.609 | replay 61814
[Episode 465/400] Steps:  84 | Reward:  -17.83 | Battery:   0.00% | Loss: 0.0136
Placing Sensors
DQN loss 0.00691 | Q -2.2662 | tgt -2.2688 | eps 0.608 | replay 61882
[Episode 466/400] Steps:  68 | Reward:  -18.03 | Battery:   0.00% | Loss: 0.0069
Placing Sensors
DQN loss 0.01354 | Q -2.2732 | tgt -2.2566 | eps 0.608 | replay 61938
[Episode 467/400] Steps:  56 | Reward:  -18.02 | Battery:   0.00% | Loss: 0.0135
Placing Sensors
DQN loss 0.04040 | Q -2.2614 | tgt -2.2209 | eps 0.607 | replay 62060
[Episode 468/400] Steps: 122 | Reward:  -17.82 | Battery:   0.00% | Loss: 0.0404
Placing Sensors
DQN loss 0.01356 | Q -2.2631 | tgt -2.2487 | eps 0.607 | replay 62124
[Episode 469/400] Steps:  64 | Reward:  -17.96 | Battery:   0.00% | Loss: 0.0136
Placing Sensors
DQN loss 0.02044 | Q -2.2579 | tgt -2.2504 | eps 0.606 | replay 62200
[Episode 470/400] Steps:  76 | Reward:  -17.92 | Battery:   0.00% | Loss: 0.0204
Placing Sensors
DQN loss 0.01355 | Q -2.2641 | tgt -2.2508 | eps 0.605 | replay 62302
[Episode 471/400] Steps: 102 | Reward:  -17.70 | Battery:   0.00% | Loss: 0.0136
Placing Sensors
DQN loss 0.00013 | Q -2.2583 | tgt -2.2680 | eps 0.605 | replay 62381
[Episode 472/400] Steps:  79 | Reward:  -18.12 | Battery:   0.00% | Loss: 0.0001
Placing Sensors
DQN loss 0.00016 | Q -2.2570 | tgt -2.2660 | eps 0.604 | replay 62460
[Episode 473/400] Steps:  79 | Reward:  -17.95 | Battery:   0.00% | Loss: 0.0002
Placing Sensors
DQN loss 0.01341 | Q -2.2555 | tgt -2.2497 | eps 0.604 | replay 62537
[Episode 474/400] Steps:  77 | Reward:  -17.90 | Battery:   0.00% | Loss: 0.0134
Placing Sensors
DQN loss 0.00678 | Q -2.2645 | tgt -2.2615 | eps 0.603 | replay 62619
[Episode 475/400] Steps:  82 | Reward:  -17.92 | Battery:   0.00% | Loss: 0.0068
Placing Sensors
DQN loss 0.03376 | Q -2.2716 | tgt -2.2334 | eps 0.603 | replay 62695
[Episode 476/400] Steps:  76 | Reward:  -17.81 | Battery:   0.00% | Loss: 0.0338
Placing Sensors
DQN loss 0.00015 | Q -2.2649 | tgt -2.2760 | eps 0.602 | replay 62767
[Episode 477/400] Steps:  72 | Reward:  -17.89 | Battery:   0.00% | Loss: 0.0001
Placing Sensors
DQN loss 0.02702 | Q -2.2729 | tgt -2.2436 | eps 0.602 | replay 62857
[Episode 478/400] Steps:  90 | Reward:  -17.94 | Battery:   0.00% | Loss: 0.0270
Placing Sensors
DQN loss 0.01332 | Q -2.2720 | tgt -2.2608 | eps 0.601 | replay 62922
[Episode 479/400] Steps:  65 | Reward:  -17.97 | Battery:   0.00% | Loss: 0.0133
Placing Sensors
DQN loss 0.00688 | Q -2.2629 | tgt -2.2584 | eps 0.601 | replay 63023
[Episode 480/400] Steps: 101 | Reward:  -17.78 | Battery:   0.00% | Loss: 0.0069
Placing Sensors
DQN loss 0.01356 | Q -2.2619 | tgt -2.2558 | eps 0.600 | replay 63102
[Episode 481/400] Steps:  79 | Reward:  -17.59 | Battery:   0.00% | Loss: 0.0136
Placing Sensors
DQN loss 0.02027 | Q -2.2754 | tgt -2.2525 | eps 0.596 | replay 63822
[Episode 482/400] Steps: 720 | Reward:  -10.01 | Battery:  45.66% | Loss: 0.0203
Placing Sensors
DQN loss 0.02036 | Q -2.2704 | tgt -2.2523 | eps 0.595 | replay 63897
[Episode 483/400] Steps:  75 | Reward:  -17.93 | Battery:   0.00% | Loss: 0.0204
Placing Sensors
DQN loss 0.00683 | Q -2.2744 | tgt -2.2708 | eps 0.595 | replay 63974
[Episode 484/400] Steps:  77 | Reward:  -17.96 | Battery:   0.00% | Loss: 0.0068
Placing Sensors
DQN loss 0.01357 | Q -2.2706 | tgt -2.2550 | eps 0.594 | replay 64066
[Episode 485/400] Steps:  92 | Reward:  -17.86 | Battery:   0.00% | Loss: 0.0136
Placing Sensors
DQN loss 0.00025 | Q -2.2573 | tgt -2.2666 | eps 0.594 | replay 64166
[Episode 486/400] Steps: 100 | Reward:  -17.76 | Battery:   0.00% | Loss: 0.0002
Placing Sensors
DQN loss 0.00675 | Q -2.2577 | tgt -2.2573 | eps 0.593 | replay 64254
[Episode 487/400] Steps:  88 | Reward:  -17.79 | Battery:   0.00% | Loss: 0.0068
Placing Sensors
DQN loss 0.01350 | Q -2.2629 | tgt -2.2497 | eps 0.593 | replay 64339
[Episode 488/400] Steps:  85 | Reward:  -17.85 | Battery:   0.00% | Loss: 0.0135
Placing Sensors
DQN loss 0.01351 | Q -2.2622 | tgt -2.2526 | eps 0.592 | replay 64420
[Episode 489/400] Steps:  81 | Reward:  -17.69 | Battery:   0.00% | Loss: 0.0135
Placing Sensors
DQN loss 0.00676 | Q -2.2717 | tgt -2.2636 | eps 0.591 | replay 64552
[Episode 490/400] Steps: 132 | Reward:  -17.63 | Battery:   0.00% | Loss: 0.0068
Placing Sensors
DQN loss 0.02025 | Q -2.2679 | tgt -2.2487 | eps 0.590 | replay 64680
[Episode 491/400] Steps: 128 | Reward:  -17.90 | Battery:   0.00% | Loss: 0.0202
Placing Sensors
DQN loss 0.01362 | Q -2.2735 | tgt -2.2583 | eps 0.590 | replay 64761
[Episode 492/400] Steps:  81 | Reward:  -18.06 | Battery:   0.00% | Loss: 0.0136
Placing Sensors
DQN loss 0.01355 | Q -2.2692 | tgt -2.2587 | eps 0.589 | replay 64864
[Episode 493/400] Steps: 103 | Reward:  -18.06 | Battery:   0.00% | Loss: 0.0136
Placing Sensors
DQN loss 0.01354 | Q -2.2692 | tgt -2.2579 | eps 0.589 | replay 64956
[Episode 494/400] Steps:  92 | Reward:  -17.86 | Battery:   0.00% | Loss: 0.0135
Placing Sensors
DQN loss 0.00684 | Q -2.2661 | tgt -2.2623 | eps 0.588 | replay 65027
[Episode 495/400] Steps:  71 | Reward:  -18.00 | Battery:   0.00% | Loss: 0.0068
Placing Sensors
DQN loss 0.02723 | Q -2.2667 | tgt -2.2382 | eps 0.588 | replay 65089
[Episode 496/400] Steps:  62 | Reward:  -17.99 | Battery:   0.00% | Loss: 0.0272
Placing Sensors
DQN loss 0.00014 | Q -2.2620 | tgt -2.2730 | eps 0.587 | replay 65154
[Episode 497/400] Steps:  65 | Reward:  -18.02 | Battery:   0.00% | Loss: 0.0001
Placing Sensors
DQN loss 0.02711 | Q -2.2720 | tgt -2.2423 | eps 0.587 | replay 65267
[Episode 498/400] Steps: 113 | Reward:  -17.77 | Battery:   0.00% | Loss: 0.0271
Placing Sensors
DQN loss 0.02031 | Q -2.2647 | tgt -2.2393 | eps 0.586 | replay 65356
[Episode 499/400] Steps:  89 | Reward:  -17.73 | Battery:   0.00% | Loss: 0.0203
Placing Sensors
DQN loss 0.02026 | Q -2.2543 | tgt -2.2411 | eps 0.586 | replay 65427
[Episode 500/400] Steps:  71 | Reward:  -17.87 | Battery:   0.00% | Loss: 0.0203
Placing Sensors
DQN loss 0.00006 | Q -2.2706 | tgt -2.2750 | eps 0.585 | replay 65520
[Episode 501/400] Steps:  93 | Reward:  -17.84 | Battery:   0.00% | Loss: 0.0001
Placing Sensors
DQN loss 0.00764 | Q -2.2555 | tgt -2.2660 | eps 0.585 | replay 65599
[Episode 502/400] Steps:  79 | Reward:  -17.91 | Battery:   0.00% | Loss: 0.0076
Placing Sensors
DQN loss 0.02022 | Q -2.2704 | tgt -2.2489 | eps 0.584 | replay 65678
[Episode 503/400] Steps:  79 | Reward:  -17.83 | Battery:   0.00% | Loss: 0.0202
Placing Sensors
DQN loss 0.00681 | Q -2.2685 | tgt -2.2660 | eps 0.584 | replay 65760
[Episode 504/400] Steps:  82 | Reward:  -17.80 | Battery:   0.00% | Loss: 0.0068
Placing Sensors
DQN loss 0.00681 | Q -2.2700 | tgt -2.2623 | eps 0.583 | replay 65862
[Episode 505/400] Steps: 102 | Reward:  -17.83 | Battery:   0.00% | Loss: 0.0068
Placing Sensors
DQN loss 0.02020 | Q -2.2632 | tgt -2.2407 | eps 0.582 | replay 65955
[Episode 506/400] Steps:  93 | Reward:  -17.82 | Battery:   0.00% | Loss: 0.0202
Placing Sensors
DQN loss 0.02708 | Q -2.2721 | tgt -2.2376 | eps 0.582 | replay 66057
[Episode 507/400] Steps: 102 | Reward:  -17.72 | Battery:   0.00% | Loss: 0.0271
Placing Sensors
DQN loss 0.02685 | Q -2.2676 | tgt -2.2384 | eps 0.581 | replay 66216
[Episode 508/400] Steps: 159 | Reward:  -17.62 | Battery:   0.00% | Loss: 0.0269
Placing Sensors
DQN loss 0.04057 | Q -2.2677 | tgt -2.2244 | eps 0.580 | replay 66284
[Episode 509/400] Steps:  68 | Reward:  -17.99 | Battery:   0.00% | Loss: 0.0406
Placing Sensors
DQN loss 0.00686 | Q -2.2687 | tgt -2.2679 | eps 0.580 | replay 66375
[Episode 510/400] Steps:  91 | Reward:  -17.90 | Battery:   0.00% | Loss: 0.0069
Placing Sensors
DQN loss 0.02004 | Q -2.2395 | tgt -2.2187 | eps 0.575 | replay 67095
[Episode 511/400] Steps: 720 | Reward:   -6.82 | Battery:  56.91% | Loss: 0.0200
Placing Sensors
DQN loss 0.01987 | Q -2.2369 | tgt -2.2152 | eps 0.575 | replay 67168
[Episode 512/400] Steps:  73 | Reward:  -17.84 | Battery:   0.00% | Loss: 0.0199
Placing Sensors
DQN loss 0.01341 | Q -2.2315 | tgt -2.2310 | eps 0.574 | replay 67251
[Episode 513/400] Steps:  83 | Reward:  -17.62 | Battery:   0.00% | Loss: 0.0134
Placing Sensors
DQN loss 0.00676 | Q -2.2500 | tgt -2.2491 | eps 0.574 | replay 67332
[Episode 514/400] Steps:  81 | Reward:  -17.90 | Battery:   0.00% | Loss: 0.0068
Placing Sensors
DQN loss 0.01322 | Q -2.2298 | tgt -2.2211 | eps 0.573 | replay 67434
[Episode 515/400] Steps: 102 | Reward:  -17.91 | Battery:   0.00% | Loss: 0.0132
Placing Sensors
DQN loss 0.00675 | Q -2.2443 | tgt -2.2415 | eps 0.568 | replay 68154
[Episode 516/400] Steps: 720 | Reward:   -9.24 | Battery:  60.44% | Loss: 0.0067
Placing Sensors
DQN loss 0.01996 | Q -2.2454 | tgt -2.2285 | eps 0.568 | replay 68221
[Episode 517/400] Steps:  67 | Reward:  -18.04 | Battery:   0.00% | Loss: 0.0200
Placing Sensors
DQN loss 0.00663 | Q -2.2389 | tgt -2.2314 | eps 0.567 | replay 68310
[Episode 518/400] Steps:  89 | Reward:  -17.75 | Battery:   0.00% | Loss: 0.0066
Placing Sensors
DQN loss 0.00668 | Q -2.2343 | tgt -2.2313 | eps 0.567 | replay 68397
[Episode 519/400] Steps:  87 | Reward:  -17.88 | Battery:   0.00% | Loss: 0.0067
Placing Sensors
DQN loss 0.00674 | Q -2.2327 | tgt -2.2388 | eps 0.566 | replay 68480
[Episode 520/400] Steps:  83 | Reward:  -17.93 | Battery:   0.00% | Loss: 0.0067
Placing Sensors
DQN loss 0.02670 | Q -2.2432 | tgt -2.2125 | eps 0.566 | replay 68590
[Episode 521/400] Steps: 110 | Reward:  -17.64 | Battery:   0.00% | Loss: 0.0267
Placing Sensors
DQN loss 0.01987 | Q -2.2329 | tgt -2.2134 | eps 0.565 | replay 68689
[Episode 522/400] Steps:  99 | Reward:  -17.79 | Battery:   0.00% | Loss: 0.0199
Placing Sensors
DQN loss 0.00669 | Q -2.2324 | tgt -2.2325 | eps 0.565 | replay 68754
[Episode 523/400] Steps:  65 | Reward:  -18.01 | Battery:   0.00% | Loss: 0.0067
Placing Sensors
DQN loss 0.01991 | Q -2.2363 | tgt -2.2155 | eps 0.564 | replay 68835
[Episode 524/400] Steps:  81 | Reward:  -17.70 | Battery:   0.00% | Loss: 0.0199
Placing Sensors
DQN loss 0.01333 | Q -2.2362 | tgt -2.2250 | eps 0.564 | replay 68903
[Episode 525/400] Steps:  68 | Reward:  -17.68 | Battery:   0.00% | Loss: 0.0133
Placing Sensors
DQN loss 0.00668 | Q -2.2391 | tgt -2.2397 | eps 0.563 | replay 69018
[Episode 526/400] Steps: 115 | Reward:  -17.78 | Battery:   0.00% | Loss: 0.0067
Placing Sensors
DQN loss 0.00671 | Q -2.2460 | tgt -2.2414 | eps 0.562 | replay 69120
[Episode 527/400] Steps: 102 | Reward:  -17.87 | Battery:   0.00% | Loss: 0.0067
Placing Sensors
DQN loss 0.00678 | Q -2.2390 | tgt -2.2438 | eps 0.562 | replay 69216
[Episode 528/400] Steps:  96 | Reward:  -17.75 | Battery:   0.00% | Loss: 0.0068
Placing Sensors
DQN loss 0.00669 | Q -2.2437 | tgt -2.2372 | eps 0.561 | replay 69311
[Episode 529/400] Steps:  95 | Reward:  -17.80 | Battery:   0.00% | Loss: 0.0067
Placing Sensors
DQN loss 0.01338 | Q -2.2300 | tgt -2.2245 | eps 0.560 | replay 69397
[Episode 530/400] Steps:  86 | Reward:  -18.05 | Battery:   0.00% | Loss: 0.0134
Placing Sensors
DQN loss 0.01995 | Q -2.2348 | tgt -2.2197 | eps 0.560 | replay 69494
[Episode 531/400] Steps:  97 | Reward:  -17.83 | Battery:   0.00% | Loss: 0.0200
Placing Sensors
DQN loss 0.03987 | Q -2.2407 | tgt -2.1911 | eps 0.560 | replay 69551
[Episode 532/400] Steps:  57 | Reward:  -18.01 | Battery:   0.00% | Loss: 0.0399
Placing Sensors
DQN loss 0.00673 | Q -2.2406 | tgt -2.2383 | eps 0.555 | replay 70271
[Episode 533/400] Steps: 720 | Reward:   -9.01 | Battery:  64.03% | Loss: 0.0067
Placing Sensors
DQN loss 0.01996 | Q -2.2405 | tgt -2.2190 | eps 0.554 | replay 70343
[Episode 534/400] Steps:  72 | Reward:  -17.94 | Battery:   0.00% | Loss: 0.0200
Placing Sensors
DQN loss 0.01335 | Q -2.2401 | tgt -2.2273 | eps 0.553 | replay 70514
[Episode 535/400] Steps: 171 | Reward:  -17.46 | Battery:   0.00% | Loss: 0.0133
Placing Sensors
DQN loss 0.02653 | Q -2.2334 | tgt -2.2047 | eps 0.553 | replay 70584
[Episode 536/400] Steps:  70 | Reward:  -18.07 | Battery:   0.00% | Loss: 0.0265
Placing Sensors
DQN loss 0.01335 | Q -2.2342 | tgt -2.2299 | eps 0.553 | replay 70652
[Episode 537/400] Steps:  68 | Reward:  -18.18 | Battery:   0.00% | Loss: 0.0133
Placing Sensors
DQN loss 0.02680 | Q -2.2476 | tgt -2.2233 | eps 0.552 | replay 70709
[Episode 538/400] Steps:  57 | Reward:  -18.07 | Battery:   0.00% | Loss: 0.0268
Placing Sensors
DQN loss 0.00677 | Q -2.2608 | tgt -2.2568 | eps 0.548 | replay 71429
[Episode 539/400] Steps: 720 | Reward:  -11.36 | Battery:  39.13% | Loss: 0.0068
Placing Sensors
DQN loss 0.00022 | Q -2.2565 | tgt -2.2379 | eps 0.547 | replay 71517
[Episode 540/400] Steps:  88 | Reward:  -17.91 | Battery:   0.00% | Loss: 0.0002
Placing Sensors
DQN loss 0.00020 | Q -2.2269 | tgt -2.2434 | eps 0.546 | replay 71626
[Episode 541/400] Steps: 109 | Reward:  -17.86 | Battery:   0.00% | Loss: 0.0002
Placing Sensors
DQN loss 0.01337 | Q -2.2357 | tgt -2.2292 | eps 0.546 | replay 71701
[Episode 542/400] Steps:  75 | Reward:  -17.94 | Battery:   0.00% | Loss: 0.0134
Placing Sensors
DQN loss 0.00009 | Q -2.2348 | tgt -2.2426 | eps 0.541 | replay 72421
[Episode 543/400] Steps: 720 | Reward:  -10.62 | Battery:  49.25% | Loss: 0.0001
Placing Sensors
DQN loss 0.00014 | Q -2.2397 | tgt -2.2535 | eps 0.541 | replay 72501
[Episode 544/400] Steps:  80 | Reward:  -17.92 | Battery:   0.00% | Loss: 0.0001
Placing Sensors
DQN loss 0.02002 | Q -2.2467 | tgt -2.2193 | eps 0.540 | replay 72584
[Episode 545/400] Steps:  83 | Reward:  -17.86 | Battery:   0.00% | Loss: 0.0200
Placing Sensors
DQN loss 0.03326 | Q -2.2404 | tgt -2.1971 | eps 0.540 | replay 72642
[Episode 546/400] Steps:  58 | Reward:  -18.00 | Battery:   0.00% | Loss: 0.0333
Placing Sensors
DQN loss 0.00673 | Q -2.2312 | tgt -2.2303 | eps 0.540 | replay 72700
[Episode 547/400] Steps:  58 | Reward:  -18.04 | Battery:   0.00% | Loss: 0.0067
Placing Sensors
DQN loss 0.01994 | Q -2.2329 | tgt -2.2162 | eps 0.539 | replay 72762
[Episode 548/400] Steps:  62 | Reward:  -17.62 | Battery:   0.00% | Loss: 0.0199
Placing Sensors
DQN loss 0.00698 | Q -2.2356 | tgt -2.2501 | eps 0.539 | replay 72863
[Episode 549/400] Steps: 101 | Reward:  -17.57 | Battery:   0.00% | Loss: 0.0070
Placing Sensors
DQN loss 0.02685 | Q -2.2524 | tgt -2.2253 | eps 0.538 | replay 72948
[Episode 550/400] Steps:  85 | Reward:  -17.88 | Battery:   0.00% | Loss: 0.0269
Placing Sensors
DQN loss 0.01348 | Q -2.2566 | tgt -2.2426 | eps 0.538 | replay 73015
[Episode 551/400] Steps:  67 | Reward:  -17.93 | Battery:   0.00% | Loss: 0.0135
Placing Sensors
DQN loss 0.00004 | Q -2.2520 | tgt -2.2536 | eps 0.537 | replay 73090
[Episode 552/400] Steps:  75 | Reward:  -17.88 | Battery:   0.00% | Loss: 0.0000
Placing Sensors
DQN loss 0.01338 | Q -2.2370 | tgt -2.2293 | eps 0.533 | replay 73810
[Episode 553/400] Steps: 720 | Reward:  -10.65 | Battery:  38.73% | Loss: 0.0134
Placing Sensors
DQN loss 0.00673 | Q -2.2443 | tgt -2.2387 | eps 0.532 | replay 73918
[Episode 554/400] Steps: 108 | Reward:  -17.79 | Battery:   0.00% | Loss: 0.0067
Placing Sensors
DQN loss 0.00005 | Q -2.2433 | tgt -2.2483 | eps 0.531 | replay 73996
[Episode 555/400] Steps:  78 | Reward:  -17.72 | Battery:   0.00% | Loss: 0.0001
Placing Sensors
DQN loss 0.00007 | Q -2.2388 | tgt -2.2452 | eps 0.531 | replay 74075
[Episode 556/400] Steps:  79 | Reward:  -17.95 | Battery:   0.00% | Loss: 0.0001
Placing Sensors
DQN loss 0.02652 | Q -2.2366 | tgt -2.2093 | eps 0.530 | replay 74149
[Episode 557/400] Steps:  74 | Reward:  -17.93 | Battery:   0.00% | Loss: 0.0265
Placing Sensors
DQN loss 0.01992 | Q -2.2388 | tgt -2.2221 | eps 0.530 | replay 74201
[Episode 558/400] Steps:  52 | Reward:  -17.90 | Battery:   0.00% | Loss: 0.0199
Placing Sensors
DQN loss 0.00673 | Q -2.2390 | tgt -2.2365 | eps 0.530 | replay 74266
[Episode 559/400] Steps:  65 | Reward:  -18.05 | Battery:   0.00% | Loss: 0.0067
Placing Sensors
DQN loss 0.01324 | Q -2.2377 | tgt -2.2210 | eps 0.529 | replay 74338
[Episode 560/400] Steps:  72 | Reward:  -17.87 | Battery:   0.00% | Loss: 0.0132
Placing Sensors
DQN loss 0.00671 | Q -2.2295 | tgt -2.2348 | eps 0.529 | replay 74424
[Episode 561/400] Steps:  86 | Reward:  -17.96 | Battery:   0.00% | Loss: 0.0067
Placing Sensors
DQN loss 0.00677 | Q -2.2557 | tgt -2.2558 | eps 0.527 | replay 74618
[Episode 562/400] Steps: 194 | Reward:  -17.55 | Battery:   0.00% | Loss: 0.0068
Placing Sensors
DQN loss 0.02011 | Q -2.2456 | tgt -2.2050 | eps 0.527 | replay 74704
[Episode 563/400] Steps:  86 | Reward:  -17.79 | Battery:   0.00% | Loss: 0.0201
Placing Sensors
DQN loss 0.00667 | Q -2.2239 | tgt -2.2218 | eps 0.526 | replay 74797
[Episode 564/400] Steps:  93 | Reward:  -17.81 | Battery:   0.00% | Loss: 0.0067
Placing Sensors
DQN loss 0.01323 | Q -2.2234 | tgt -2.2205 | eps 0.526 | replay 74859
[Episode 565/400] Steps:  62 | Reward:  -18.13 | Battery:   0.00% | Loss: 0.0132
Placing Sensors
DQN loss 0.00672 | Q -2.2228 | tgt -2.2256 | eps 0.526 | replay 74921
[Episode 566/400] Steps:  62 | Reward:  -17.92 | Battery:   0.00% | Loss: 0.0067
Placing Sensors
DQN loss 0.01988 | Q -2.2288 | tgt -2.2099 | eps 0.525 | replay 74984
[Episode 567/400] Steps:  63 | Reward:  -17.89 | Battery:   0.00% | Loss: 0.0199
Placing Sensors
DQN loss 0.00662 | Q -2.2323 | tgt -2.2295 | eps 0.524 | replay 75084
[Episode 568/400] Steps: 100 | Reward:  -17.66 | Battery:   0.00% | Loss: 0.0066
Placing Sensors
DQN loss 0.00665 | Q -2.2330 | tgt -2.2308 | eps 0.524 | replay 75145
[Episode 569/400] Steps:  61 | Reward:  -17.74 | Battery:   0.00% | Loss: 0.0067
Placing Sensors
DQN loss 0.00010 | Q -2.2292 | tgt -2.2388 | eps 0.524 | replay 75223
[Episode 570/400] Steps:  78 | Reward:  -17.79 | Battery:   0.00% | Loss: 0.0001
Placing Sensors
DQN loss 0.00007 | Q -2.2337 | tgt -2.2394 | eps 0.523 | replay 75391
[Episode 571/400] Steps: 168 | Reward:  -17.66 | Battery:   0.00% | Loss: 0.0001
Placing Sensors
DQN loss 0.02641 | Q -2.2297 | tgt -2.1992 | eps 0.522 | replay 75464
[Episode 572/400] Steps:  73 | Reward:  -17.88 | Battery:   0.00% | Loss: 0.0264
Placing Sensors
DQN loss 0.01326 | Q -2.2321 | tgt -2.2199 | eps 0.521 | replay 75569
[Episode 573/400] Steps: 105 | Reward:  -17.93 | Battery:   0.00% | Loss: 0.0133
Placing Sensors
DQN loss 0.01994 | Q -2.2306 | tgt -2.2119 | eps 0.521 | replay 75637
[Episode 574/400] Steps:  68 | Reward:  -17.91 | Battery:   0.00% | Loss: 0.0199
Placing Sensors
DQN loss 0.03286 | Q -2.2256 | tgt -2.1903 | eps 0.520 | replay 75743
[Episode 575/400] Steps: 106 | Reward:  -17.65 | Battery:   0.00% | Loss: 0.0329
Placing Sensors
DQN loss 0.01340 | Q -2.2245 | tgt -2.2257 | eps 0.520 | replay 75806
[Episode 576/400] Steps:  63 | Reward:  -17.91 | Battery:   0.00% | Loss: 0.0134
Placing Sensors
DQN loss 0.00665 | Q -2.2349 | tgt -2.2252 | eps 0.519 | replay 75877
[Episode 577/400] Steps:  71 | Reward:  -18.09 | Battery:   0.00% | Loss: 0.0067
Placing Sensors
DQN loss 0.01326 | Q -2.2270 | tgt -2.2218 | eps 0.519 | replay 75950
[Episode 578/400] Steps:  73 | Reward:  -17.88 | Battery:   0.00% | Loss: 0.0133
Placing Sensors
DQN loss 0.00660 | Q -2.2307 | tgt -2.2256 | eps 0.518 | replay 76033
[Episode 579/400] Steps:  83 | Reward:  -17.80 | Battery:   0.00% | Loss: 0.0066
Placing Sensors
DQN loss 0.01324 | Q -2.2256 | tgt -2.2161 | eps 0.518 | replay 76133
[Episode 580/400] Steps: 100 | Reward:  -17.82 | Battery:   0.00% | Loss: 0.0132
Placing Sensors
DQN loss 0.00659 | Q -2.2313 | tgt -2.2265 | eps 0.517 | replay 76223
[Episode 581/400] Steps:  90 | Reward:  -17.75 | Battery:   0.00% | Loss: 0.0066
Placing Sensors
DQN loss 0.00011 | Q -2.2292 | tgt -2.2385 | eps 0.517 | replay 76327
[Episode 582/400] Steps: 104 | Reward:  -17.66 | Battery:   0.00% | Loss: 0.0001
Placing Sensors
DQN loss 0.01329 | Q -2.2303 | tgt -2.2246 | eps 0.516 | replay 76396
[Episode 583/400] Steps:  69 | Reward:  -17.84 | Battery:   0.00% | Loss: 0.0133
Placing Sensors
DQN loss 0.00009 | Q -2.2360 | tgt -2.2420 | eps 0.516 | replay 76469
[Episode 584/400] Steps:  73 | Reward:  -17.93 | Battery:   0.00% | Loss: 0.0001
Placing Sensors
DQN loss 0.00014 | Q -2.2276 | tgt -2.2378 | eps 0.515 | replay 76611
[Episode 585/400] Steps: 142 | Reward:  -17.65 | Battery:   0.00% | Loss: 0.0001
Placing Sensors
DQN loss 0.01326 | Q -2.2304 | tgt -2.2164 | eps 0.514 | replay 76702
[Episode 586/400] Steps:  91 | Reward:  -17.71 | Battery:   0.00% | Loss: 0.0133
Placing Sensors
DQN loss 0.01324 | Q -2.2233 | tgt -2.2211 | eps 0.514 | replay 76802
[Episode 587/400] Steps: 100 | Reward:  -17.76 | Battery:   0.00% | Loss: 0.0132
Placing Sensors
DQN loss 0.01318 | Q -2.2359 | tgt -2.2209 | eps 0.513 | replay 76872
[Episode 588/400] Steps:  70 | Reward:  -17.91 | Battery:   0.00% | Loss: 0.0132
Placing Sensors
DQN loss 0.01974 | Q -2.2332 | tgt -2.2134 | eps 0.512 | replay 77034
[Episode 589/400] Steps: 162 | Reward:  -17.88 | Battery:   0.00% | Loss: 0.0197
Placing Sensors
DQN loss 0.01334 | Q -2.2359 | tgt -2.2183 | eps 0.508 | replay 77754
[Episode 590/400] Steps: 720 | Reward:   -8.87 | Battery:  45.70% | Loss: 0.0133
Placing Sensors
DQN loss 0.00025 | Q -2.2207 | tgt -2.2385 | eps 0.507 | replay 77836
[Episode 591/400] Steps:  82 | Reward:  -17.93 | Battery:   0.00% | Loss: 0.0003
Placing Sensors
DQN loss 0.01999 | Q -2.2345 | tgt -2.2170 | eps 0.506 | replay 77939
[Episode 592/400] Steps: 103 | Reward:  -17.83 | Battery:   0.00% | Loss: 0.0200
Placing Sensors
DQN loss 0.00669 | Q -2.2378 | tgt -2.2343 | eps 0.506 | replay 78037
[Episode 593/400] Steps:  98 | Reward:  -17.86 | Battery:   0.00% | Loss: 0.0067
Placing Sensors
DQN loss 0.00006 | Q -2.2372 | tgt -2.2412 | eps 0.505 | replay 78115
[Episode 594/400] Steps:  78 | Reward:  -17.92 | Battery:   0.00% | Loss: 0.0001
Placing Sensors
DQN loss 0.01322 | Q -2.2270 | tgt -2.2166 | eps 0.504 | replay 78294
[Episode 595/400] Steps: 179 | Reward:  -17.64 | Battery:   0.00% | Loss: 0.0132
Placing Sensors
DQN loss 0.01988 | Q -2.2370 | tgt -2.2161 | eps 0.504 | replay 78388
[Episode 596/400] Steps:  94 | Reward:  -17.87 | Battery:   0.00% | Loss: 0.0199
Placing Sensors
DQN loss 0.00668 | Q -2.2345 | tgt -2.2281 | eps 0.503 | replay 78514
[Episode 597/400] Steps: 126 | Reward:  -17.71 | Battery:   0.00% | Loss: 0.0067
Placing Sensors
DQN loss 0.00010 | Q -2.2236 | tgt -2.2331 | eps 0.502 | replay 78617
[Episode 598/400] Steps: 103 | Reward:  -17.81 | Battery:   0.00% | Loss: 0.0001
Placing Sensors
DQN loss 0.00010 | Q -2.2273 | tgt -2.2347 | eps 0.502 | replay 78682
[Episode 599/400] Steps:  65 | Reward:  -17.87 | Battery:   0.00% | Loss: 0.0001
Placing Sensors
DQN loss 0.01989 | Q -2.2315 | tgt -2.2090 | eps 0.501 | replay 78761
[Episode 600/400] Steps:  79 | Reward:  -17.94 | Battery:   0.00% | Loss: 0.0199
Placing Sensors
DQN loss 0.01325 | Q -2.2237 | tgt -2.2160 | eps 0.501 | replay 78843
[Episode 601/400] Steps:  82 | Reward:  -17.94 | Battery:   0.00% | Loss: 0.0133
Placing Sensors
DQN loss 0.02625 | Q -2.2267 | tgt -2.1984 | eps 0.496 | replay 79563
[Episode 602/400] Steps: 720 | Reward:  -12.56 | Battery:  14.96% | Loss: 0.0262
Placing Sensors
DQN loss 0.00667 | Q -2.2252 | tgt -2.2302 | eps 0.496 | replay 79638
[Episode 603/400] Steps:  75 | Reward:  -18.05 | Battery:   0.00% | Loss: 0.0067
Placing Sensors
DQN loss 0.01312 | Q -2.2354 | tgt -2.2229 | eps 0.495 | replay 79708
[Episode 604/400] Steps:  70 | Reward:  -18.01 | Battery:   0.00% | Loss: 0.0131
Placing Sensors
DQN loss 0.01989 | Q -2.2279 | tgt -2.2081 | eps 0.494 | replay 79839
[Episode 605/400] Steps: 131 | Reward:  -17.70 | Battery:   0.00% | Loss: 0.0199
Placing Sensors
DQN loss 0.02619 | Q -2.2219 | tgt -2.1995 | eps 0.494 | replay 79918
[Episode 606/400] Steps:  79 | Reward:  -17.83 | Battery:   0.00% | Loss: 0.0262
Placing Sensors
DQN loss 0.00666 | Q -2.2298 | tgt -2.2286 | eps 0.493 | replay 79989
[Episode 607/400] Steps:  71 | Reward:  -17.94 | Battery:   0.00% | Loss: 0.0067
Placing Sensors
DQN loss 0.01325 | Q -2.2348 | tgt -2.2208 | eps 0.493 | replay 80053
[Episode 608/400] Steps:  64 | Reward:  -17.92 | Battery:   0.00% | Loss: 0.0132
Placing Sensors
DQN loss 0.01981 | Q -2.2240 | tgt -2.2085 | eps 0.492 | replay 80140
[Episode 609/400] Steps:  87 | Reward:  -17.95 | Battery:   0.00% | Loss: 0.0198
Placing Sensors
DQN loss 0.01981 | Q -2.2308 | tgt -2.2117 | eps 0.492 | replay 80237
[Episode 610/400] Steps:  97 | Reward:  -17.84 | Battery:   0.00% | Loss: 0.0198
Placing Sensors
DQN loss 0.01321 | Q -2.2199 | tgt -2.2162 | eps 0.491 | replay 80322
[Episode 611/400] Steps:  85 | Reward:  -17.75 | Battery:   0.00% | Loss: 0.0132
Placing Sensors
DQN loss 0.01950 | Q -2.2292 | tgt -2.2071 | eps 0.491 | replay 80407
[Episode 612/400] Steps:  85 | Reward:  -17.90 | Battery:   0.00% | Loss: 0.0195
Placing Sensors
DQN loss 0.03304 | Q -2.2212 | tgt -2.1929 | eps 0.490 | replay 80500
[Episode 613/400] Steps:  93 | Reward:  -17.72 | Battery:   0.00% | Loss: 0.0330
Placing Sensors
DQN loss 0.01985 | Q -2.2319 | tgt -2.2091 | eps 0.490 | replay 80585
[Episode 614/400] Steps:  85 | Reward:  -18.15 | Battery:   0.00% | Loss: 0.0199
Placing Sensors
DQN loss 0.00671 | Q -2.2288 | tgt -2.2261 | eps 0.489 | replay 80651
[Episode 615/400] Steps:  66 | Reward:  -17.95 | Battery:   0.00% | Loss: 0.0067
Placing Sensors
DQN loss 0.00663 | Q -2.2301 | tgt -2.2302 | eps 0.489 | replay 80717
[Episode 616/400] Steps:  66 | Reward:  -18.01 | Battery:   0.00% | Loss: 0.0066
Placing Sensors
DQN loss 0.02638 | Q -2.2289 | tgt -2.2005 | eps 0.488 | replay 80801
[Episode 617/400] Steps:  84 | Reward:  -17.65 | Battery:   0.00% | Loss: 0.0264
Placing Sensors
DQN loss 0.01333 | Q -2.2316 | tgt -2.2216 | eps 0.488 | replay 80863
[Episode 618/400] Steps:  62 | Reward:  -17.88 | Battery:   0.00% | Loss: 0.0133
Placing Sensors
DQN loss 0.03960 | Q -2.2359 | tgt -2.1894 | eps 0.487 | replay 80963
[Episode 619/400] Steps: 100 | Reward:  -17.68 | Battery:   0.00% | Loss: 0.0396
Placing Sensors
DQN loss 0.00674 | Q -2.2306 | tgt -2.2298 | eps 0.487 | replay 81066
[Episode 620/400] Steps: 103 | Reward:  -17.92 | Battery:   0.00% | Loss: 0.0067
Placing Sensors
DQN loss 0.00010 | Q -2.2289 | tgt -2.2375 | eps 0.486 | replay 81194
[Episode 621/400] Steps: 128 | Reward:  -17.85 | Battery:   0.00% | Loss: 0.0001
Placing Sensors
DQN loss 0.03309 | Q -2.2295 | tgt -2.1952 | eps 0.485 | replay 81255
[Episode 622/400] Steps:  61 | Reward:  -17.90 | Battery:   0.00% | Loss: 0.0331
Placing Sensors
DQN loss 0.01964 | Q -2.2337 | tgt -2.2136 | eps 0.485 | replay 81350
[Episode 623/400] Steps:  95 | Reward:  -17.88 | Battery:   0.00% | Loss: 0.0196
Placing Sensors
DQN loss 0.01333 | Q -2.2282 | tgt -2.2183 | eps 0.484 | replay 81433
[Episode 624/400] Steps:  83 | Reward:  -17.77 | Battery:   0.00% | Loss: 0.0133
Placing Sensors
DQN loss 0.03294 | Q -2.2305 | tgt -2.1940 | eps 0.484 | replay 81525
[Episode 625/400] Steps:  92 | Reward:  -17.91 | Battery:   0.00% | Loss: 0.0329
Placing Sensors
DQN loss 0.01985 | Q -2.2375 | tgt -2.2138 | eps 0.483 | replay 81632
[Episode 626/400] Steps: 107 | Reward:  -17.83 | Battery:   0.00% | Loss: 0.0198
Placing Sensors
DQN loss 0.01323 | Q -2.2284 | tgt -2.2176 | eps 0.482 | replay 81723
[Episode 627/400] Steps:  91 | Reward:  -17.91 | Battery:   0.00% | Loss: 0.0132
Placing Sensors
DQN loss 0.00662 | Q -2.2297 | tgt -2.2302 | eps 0.482 | replay 81860
[Episode 628/400] Steps: 137 | Reward:  -17.68 | Battery:   0.00% | Loss: 0.0066
Placing Sensors
DQN loss 0.01946 | Q -2.2317 | tgt -2.2119 | eps 0.481 | replay 81948
[Episode 629/400] Steps:  88 | Reward:  -17.72 | Battery:   0.00% | Loss: 0.0195
Placing Sensors
DQN loss 0.01287 | Q -2.2286 | tgt -2.2239 | eps 0.476 | replay 82668
[Episode 630/400] Steps: 720 | Reward:   -9.22 | Battery:  42.29% | Loss: 0.0129
Placing Sensors
DQN loss 0.00669 | Q -2.2371 | tgt -2.2335 | eps 0.476 | replay 82740
[Episode 631/400] Steps:  72 | Reward:  -18.11 | Battery:   0.00% | Loss: 0.0067
Placing Sensors
DQN loss 0.00032 | Q -2.2118 | tgt -2.2255 | eps 0.475 | replay 82869
[Episode 632/400] Steps: 129 | Reward:  -17.87 | Battery:   0.00% | Loss: 0.0003
Placing Sensors
DQN loss 0.01326 | Q -2.2241 | tgt -2.2112 | eps 0.475 | replay 82953
[Episode 633/400] Steps:  84 | Reward:  -17.82 | Battery:   0.00% | Loss: 0.0133
Placing Sensors
DQN loss 0.01313 | Q -2.2220 | tgt -2.2075 | eps 0.470 | replay 83673
[Episode 634/400] Steps: 720 | Reward:  -10.57 | Battery:  39.24% | Loss: 0.0131
Placing Sensors
DQN loss 0.01956 | Q -2.2184 | tgt -2.1999 | eps 0.470 | replay 83753
[Episode 635/400] Steps:  80 | Reward:  -17.96 | Battery:   0.00% | Loss: 0.0196
Placing Sensors
DQN loss 0.00016 | Q -2.2180 | tgt -2.2280 | eps 0.469 | replay 83886
[Episode 636/400] Steps: 133 | Reward:  -17.67 | Battery:   0.00% | Loss: 0.0002
Placing Sensors
DQN loss 0.00668 | Q -2.2245 | tgt -2.2202 | eps 0.468 | replay 83965
[Episode 637/400] Steps:  79 | Reward:  -17.76 | Battery:   0.00% | Loss: 0.0067
Placing Sensors
DQN loss 0.01965 | Q -2.2196 | tgt -2.1992 | eps 0.468 | replay 84043
[Episode 638/400] Steps:  78 | Reward:  -17.91 | Battery:   0.00% | Loss: 0.0196
Placing Sensors
DQN loss 0.01314 | Q -2.2185 | tgt -2.2046 | eps 0.467 | replay 84113
[Episode 639/400] Steps:  70 | Reward:  -17.98 | Battery:   0.00% | Loss: 0.0131
Placing Sensors
DQN loss 0.01977 | Q -2.2162 | tgt -2.1977 | eps 0.467 | replay 84176
[Episode 640/400] Steps:  63 | Reward:  -17.86 | Battery:   0.00% | Loss: 0.0198
Placing Sensors
DQN loss 0.00017 | Q -2.2202 | tgt -2.2254 | eps 0.466 | replay 84270
[Episode 641/400] Steps:  94 | Reward:  -17.82 | Battery:   0.00% | Loss: 0.0002
Placing Sensors
DQN loss 0.00014 | Q -2.2195 | tgt -2.2225 | eps 0.466 | replay 84325
[Episode 642/400] Steps:  55 | Reward:  -17.96 | Battery:   0.00% | Loss: 0.0001
Placing Sensors
DQN loss 0.01987 | Q -2.2163 | tgt -2.1981 | eps 0.465 | replay 84395
[Episode 643/400] Steps:  70 | Reward:  -18.04 | Battery:   0.00% | Loss: 0.0199
Placing Sensors
DQN loss 0.01287 | Q -2.2189 | tgt -2.2082 | eps 0.465 | replay 84468
[Episode 644/400] Steps:  73 | Reward:  -18.04 | Battery:   0.00% | Loss: 0.0129
Placing Sensors
DQN loss 0.01982 | Q -2.2152 | tgt -2.2005 | eps 0.464 | replay 84573
[Episode 645/400] Steps: 105 | Reward:  -17.84 | Battery:   0.00% | Loss: 0.0198
Placing Sensors
DQN loss 0.00669 | Q -2.2166 | tgt -2.2122 | eps 0.464 | replay 84671
[Episode 646/400] Steps:  98 | Reward:  -17.53 | Battery:   0.00% | Loss: 0.0067
Placing Sensors
DQN loss 0.01320 | Q -2.2281 | tgt -2.2089 | eps 0.463 | replay 84771
[Episode 647/400] Steps: 100 | Reward:  -17.76 | Battery:   0.00% | Loss: 0.0132
Placing Sensors
DQN loss 0.00649 | Q -2.2104 | tgt -2.2118 | eps 0.462 | replay 84898
[Episode 648/400] Steps: 127 | Reward:  -17.44 | Battery:   0.00% | Loss: 0.0065
Placing Sensors
DQN loss 0.01973 | Q -2.2139 | tgt -2.1974 | eps 0.462 | replay 84975
[Episode 649/400] Steps:  77 | Reward:  -17.89 | Battery:   0.00% | Loss: 0.0197
Placing Sensors
DQN loss 0.00011 | Q -2.2243 | tgt -2.2306 | eps 0.461 | replay 85060
[Episode 650/400] Steps:  85 | Reward:  -17.63 | Battery:   0.00% | Loss: 0.0001
Placing Sensors
DQN loss 0.01966 | Q -2.2187 | tgt -2.2016 | eps 0.461 | replay 85140
[Episode 651/400] Steps:  80 | Reward:  -17.83 | Battery:   0.00% | Loss: 0.0197
Placing Sensors
DQN loss 0.00661 | Q -2.2224 | tgt -2.2150 | eps 0.460 | replay 85237
[Episode 652/400] Steps:  97 | Reward:  -17.77 | Battery:   0.00% | Loss: 0.0066
Placing Sensors
DQN loss 0.01320 | Q -2.2135 | tgt -2.2064 | eps 0.460 | replay 85309
[Episode 653/400] Steps:  72 | Reward:  -17.84 | Battery:   0.00% | Loss: 0.0132
Placing Sensors
DQN loss 0.01338 | Q -2.2133 | tgt -2.2119 | eps 0.459 | replay 85394
[Episode 654/400] Steps:  85 | Reward:  -17.98 | Battery:   0.00% | Loss: 0.0134
Placing Sensors
DQN loss 0.02637 | Q -2.2251 | tgt -2.1914 | eps 0.459 | replay 85481
[Episode 655/400] Steps:  87 | Reward:  -17.76 | Battery:   0.00% | Loss: 0.0264
Placing Sensors
DQN loss 0.01352 | Q -2.2162 | tgt -2.2081 | eps 0.458 | replay 85560
[Episode 656/400] Steps:  79 | Reward:  -17.97 | Battery:   0.00% | Loss: 0.0135
Placing Sensors
DQN loss 0.00668 | Q -2.2206 | tgt -2.2220 | eps 0.458 | replay 85637
[Episode 657/400] Steps:  77 | Reward:  -17.69 | Battery:   0.00% | Loss: 0.0067
Placing Sensors
DQN loss 0.00686 | Q -2.2281 | tgt -2.2200 | eps 0.457 | replay 85732
[Episode 658/400] Steps:  95 | Reward:  -17.77 | Battery:   0.00% | Loss: 0.0069
Placing Sensors
DQN loss 0.00658 | Q -2.2181 | tgt -2.2182 | eps 0.456 | replay 85826
[Episode 659/400] Steps:  94 | Reward:  -17.82 | Battery:   0.00% | Loss: 0.0066
Placing Sensors
DQN loss 0.02611 | Q -2.2206 | tgt -2.1915 | eps 0.456 | replay 85914
[Episode 660/400] Steps:  88 | Reward:  -18.07 | Battery:   0.00% | Loss: 0.0261
Placing Sensors
DQN loss 0.03255 | Q -2.2145 | tgt -2.1837 | eps 0.456 | replay 85970
[Episode 661/400] Steps:  56 | Reward:  -17.95 | Battery:   0.00% | Loss: 0.0326
Placing Sensors
DQN loss 0.01993 | Q -2.2233 | tgt -2.2035 | eps 0.455 | replay 86069
[Episode 662/400] Steps:  99 | Reward:  -17.78 | Battery:   0.00% | Loss: 0.0199
Placing Sensors
DQN loss 0.03225 | Q -2.2184 | tgt -2.1857 | eps 0.454 | replay 86168
[Episode 663/400] Steps:  99 | Reward:  -17.62 | Battery:   0.00% | Loss: 0.0322
Placing Sensors
DQN loss 0.00637 | Q -2.2231 | tgt -2.2193 | eps 0.454 | replay 86225
[Episode 664/400] Steps:  57 | Reward:  -18.01 | Battery:   0.00% | Loss: 0.0064
Placing Sensors
DQN loss 0.01310 | Q -2.2236 | tgt -2.2146 | eps 0.453 | replay 86378
[Episode 665/400] Steps: 153 | Reward:  -17.51 | Battery:   0.00% | Loss: 0.0131
Placing Sensors
DQN loss 0.00020 | Q -2.2229 | tgt -2.2274 | eps 0.452 | replay 86499
[Episode 666/400] Steps: 121 | Reward:  -17.63 | Battery:   0.00% | Loss: 0.0002
Placing Sensors
DQN loss 0.00005 | Q -2.2263 | tgt -2.2281 | eps 0.452 | replay 86582
[Episode 667/400] Steps:  83 | Reward:  -17.94 | Battery:   0.00% | Loss: 0.0001
Placing Sensors
DQN loss 0.00662 | Q -2.2213 | tgt -2.2229 | eps 0.451 | replay 86640
[Episode 668/400] Steps:  58 | Reward:  -18.01 | Battery:   0.00% | Loss: 0.0066
Placing Sensors
DQN loss 0.02628 | Q -2.2270 | tgt -2.1990 | eps 0.451 | replay 86738
[Episode 669/400] Steps:  98 | Reward:  -17.75 | Battery:   0.00% | Loss: 0.0263
Placing Sensors
DQN loss 0.00662 | Q -2.2199 | tgt -2.2182 | eps 0.450 | replay 86827
[Episode 670/400] Steps:  89 | Reward:  -17.75 | Battery:   0.00% | Loss: 0.0066
Placing Sensors
DQN loss 0.03941 | Q -2.2263 | tgt -2.1750 | eps 0.449 | replay 86937
[Episode 671/400] Steps: 110 | Reward:  -17.58 | Battery:   0.00% | Loss: 0.0394
Placing Sensors
DQN loss 0.01310 | Q -2.2194 | tgt -2.2094 | eps 0.445 | replay 87657
[Episode 672/400] Steps: 720 | Reward:   -9.03 | Battery:  35.13% | Loss: 0.0131
Placing Sensors
DQN loss 0.01311 | Q -2.2138 | tgt -2.2036 | eps 0.444 | replay 87723
[Episode 673/400] Steps:  66 | Reward:  -17.97 | Battery:   0.00% | Loss: 0.0131
Placing Sensors
DQN loss 0.01940 | Q -2.2197 | tgt -2.2003 | eps 0.444 | replay 87811
[Episode 674/400] Steps:  88 | Reward:  -17.80 | Battery:   0.00% | Loss: 0.0194
Placing Sensors
DQN loss 0.01280 | Q -2.2172 | tgt -2.2089 | eps 0.443 | replay 87879
[Episode 675/400] Steps:  68 | Reward:  -17.86 | Battery:   0.00% | Loss: 0.0128
Placing Sensors
DQN loss 0.01320 | Q -2.2228 | tgt -2.2081 | eps 0.443 | replay 87954
[Episode 676/400] Steps:  75 | Reward:  -17.95 | Battery:   0.00% | Loss: 0.0132
Placing Sensors
DQN loss 0.01321 | Q -2.2156 | tgt -2.2112 | eps 0.443 | replay 88022
[Episode 677/400] Steps:  68 | Reward:  -17.92 | Battery:   0.00% | Loss: 0.0132
Placing Sensors
DQN loss 0.00668 | Q -2.2251 | tgt -2.2215 | eps 0.442 | replay 88081
[Episode 678/400] Steps:  59 | Reward:  -17.84 | Battery:   0.00% | Loss: 0.0067
Placing Sensors
DQN loss 0.00021 | Q -2.2158 | tgt -2.2263 | eps 0.438 | replay 88801
[Episode 679/400] Steps: 720 | Reward:   -8.99 | Battery:  51.04% | Loss: 0.0002
Placing Sensors
DQN loss 0.00013 | Q -2.2221 | tgt -2.2257 | eps 0.437 | replay 88866
[Episode 680/400] Steps:  65 | Reward:  -17.99 | Battery:   0.00% | Loss: 0.0001
Placing Sensors
DQN loss 0.00654 | Q -2.2211 | tgt -2.2187 | eps 0.436 | replay 89047
[Episode 681/400] Steps: 181 | Reward:  -17.43 | Battery:   0.00% | Loss: 0.0065
Placing Sensors
DQN loss 0.01322 | Q -2.2179 | tgt -2.2065 | eps 0.436 | replay 89113
[Episode 682/400] Steps:  66 | Reward:  -17.99 | Battery:   0.00% | Loss: 0.0132
Placing Sensors
DQN loss 0.00657 | Q -2.2082 | tgt -2.2149 | eps 0.435 | replay 89223
[Episode 683/400] Steps: 110 | Reward:  -17.90 | Battery:   0.00% | Loss: 0.0066
Placing Sensors
DQN loss 0.02607 | Q -2.2200 | tgt -2.1921 | eps 0.434 | replay 89316
[Episode 684/400] Steps:  93 | Reward:  -17.93 | Battery:   0.00% | Loss: 0.0261
Placing Sensors
DQN loss 0.01322 | Q -2.2280 | tgt -2.2147 | eps 0.434 | replay 89406
[Episode 685/400] Steps:  90 | Reward:  -17.58 | Battery:   0.00% | Loss: 0.0132
Placing Sensors
DQN loss 0.01316 | Q -2.2255 | tgt -2.2141 | eps 0.433 | replay 89461
[Episode 686/400] Steps:  55 | Reward:  -17.93 | Battery:   0.00% | Loss: 0.0132
Placing Sensors
DQN loss 0.00676 | Q -2.2164 | tgt -2.2169 | eps 0.433 | replay 89543
[Episode 687/400] Steps:  82 | Reward:  -17.79 | Battery:   0.00% | Loss: 0.0068
Placing Sensors
DQN loss 0.02573 | Q -2.2101 | tgt -2.1913 | eps 0.432 | replay 89658
[Episode 688/400] Steps: 115 | Reward:  -17.96 | Battery:   0.00% | Loss: 0.0257
Placing Sensors
DQN loss 0.01975 | Q -2.2268 | tgt -2.2017 | eps 0.432 | replay 89728
[Episode 689/400] Steps:  70 | Reward:  -18.06 | Battery:   0.00% | Loss: 0.0198
Placing Sensors
DQN loss 0.03291 | Q -2.2083 | tgt -2.1834 | eps 0.431 | replay 89799
[Episode 690/400] Steps:  71 | Reward:  -17.75 | Battery:   0.00% | Loss: 0.0329
Placing Sensors
DQN loss 0.00666 | Q -2.2264 | tgt -2.2192 | eps 0.431 | replay 89880
[Episode 691/400] Steps:  81 | Reward:  -17.88 | Battery:   0.00% | Loss: 0.0067
Placing Sensors
DQN loss 0.01337 | Q -2.2182 | tgt -2.2103 | eps 0.430 | replay 89942
[Episode 692/400] Steps:  62 | Reward:  -17.95 | Battery:   0.00% | Loss: 0.0134
Placing Sensors
DQN loss 0.01969 | Q -2.2208 | tgt -2.2027 | eps 0.430 | replay 90030
[Episode 693/400] Steps:  88 | Reward:  -17.63 | Battery:   0.00% | Loss: 0.0197
Placing Sensors
DQN loss 0.00011 | Q -2.2194 | tgt -2.2262 | eps 0.429 | replay 90115
[Episode 694/400] Steps:  85 | Reward:  -17.91 | Battery:   0.00% | Loss: 0.0001
Placing Sensors
DQN loss 0.01321 | Q -2.2219 | tgt -2.2130 | eps 0.429 | replay 90193
[Episode 695/400] Steps:  78 | Reward:  -18.00 | Battery:   0.00% | Loss: 0.0132
Placing Sensors
DQN loss 0.00646 | Q -2.2154 | tgt -2.2119 | eps 0.428 | replay 90258
[Episode 696/400] Steps:  65 | Reward:  -17.83 | Battery:   0.00% | Loss: 0.0065
Placing Sensors
DQN loss 0.01916 | Q -2.2179 | tgt -2.1986 | eps 0.428 | replay 90346
[Episode 697/400] Steps:  88 | Reward:  -17.84 | Battery:   0.00% | Loss: 0.0192
Placing Sensors
DQN loss 0.01311 | Q -2.2147 | tgt -2.2103 | eps 0.427 | replay 90416
[Episode 698/400] Steps:  70 | Reward:  -18.06 | Battery:   0.00% | Loss: 0.0131
Placing Sensors
DQN loss 0.01328 | Q -2.2280 | tgt -2.2098 | eps 0.427 | replay 90489
[Episode 699/400] Steps:  73 | Reward:  -17.99 | Battery:   0.00% | Loss: 0.0133
Placing Sensors
DQN loss 0.00660 | Q -2.2183 | tgt -2.2201 | eps 0.426 | replay 90576
[Episode 700/400] Steps:  87 | Reward:  -17.89 | Battery:   0.00% | Loss: 0.0066
Placing Sensors
DQN loss 0.00684 | Q -2.2141 | tgt -2.2189 | eps 0.426 | replay 90662
[Episode 701/400] Steps:  86 | Reward:  -17.87 | Battery:   0.00% | Loss: 0.0068
Placing Sensors
DQN loss 0.01980 | Q -2.2197 | tgt -2.2011 | eps 0.425 | replay 90754
[Episode 702/400] Steps:  92 | Reward:  -18.02 | Battery:   0.00% | Loss: 0.0198
Placing Sensors
DQN loss 0.00012 | Q -2.2238 | tgt -2.2263 | eps 0.425 | replay 90818
[Episode 703/400] Steps:  64 | Reward:  -18.05 | Battery:   0.00% | Loss: 0.0001
Placing Sensors
DQN loss 0.00038 | Q -2.2128 | tgt -2.2273 | eps 0.424 | replay 90895
[Episode 704/400] Steps:  77 | Reward:  -17.62 | Battery:   0.00% | Loss: 0.0004
Placing Sensors
DQN loss 0.00373 | Q -2.1916 | tgt -2.1967 | eps 0.424 | replay 90973
[Episode 705/400] Steps:  78 | Reward:  -18.00 | Battery:   0.00% | Loss: 0.0037
Placing Sensors
DQN loss 0.04434 | Q -2.1988 | tgt -2.1398 | eps 0.423 | replay 91063
[Episode 706/400] Steps:  90 | Reward:  -17.88 | Battery:   0.00% | Loss: 0.0443
Placing Sensors
DQN loss 0.01366 | Q -2.1965 | tgt -2.1855 | eps 0.423 | replay 91139
[Episode 707/400] Steps:  76 | Reward:  -17.89 | Battery:   0.00% | Loss: 0.0137
Placing Sensors
DQN loss 0.01957 | Q -2.2098 | tgt -2.1889 | eps 0.418 | replay 91859
[Episode 708/400] Steps: 720 | Reward:  -10.11 | Battery:  56.80% | Loss: 0.0196
Placing Sensors
DQN loss 0.00665 | Q -2.2051 | tgt -2.2066 | eps 0.418 | replay 91926
[Episode 709/400] Steps:  67 | Reward:  -17.99 | Battery:   0.00% | Loss: 0.0066
Placing Sensors
DQN loss 0.00691 | Q -2.2068 | tgt -2.2057 | eps 0.417 | replay 91995
[Episode 710/400] Steps:  69 | Reward:  -17.85 | Battery:   0.00% | Loss: 0.0069
Placing Sensors
DQN loss 0.00218 | Q -2.2034 | tgt -2.2040 | eps 0.417 | replay 92096
[Episode 711/400] Steps: 101 | Reward:  -17.80 | Battery:   0.00% | Loss: 0.0022
Placing Sensors
DQN loss 0.00692 | Q -2.2086 | tgt -2.2040 | eps 0.416 | replay 92206
[Episode 712/400] Steps: 110 | Reward:  -17.65 | Battery:   0.00% | Loss: 0.0069
Placing Sensors
DQN loss 0.02132 | Q -2.2029 | tgt -2.1846 | eps 0.415 | replay 92329
[Episode 713/400] Steps: 123 | Reward:  -17.60 | Battery:   0.00% | Loss: 0.0213
Placing Sensors
DQN loss 0.01382 | Q -2.1985 | tgt -2.1909 | eps 0.415 | replay 92388
[Episode 714/400] Steps:  59 | Reward:  -17.98 | Battery:   0.00% | Loss: 0.0138
Placing Sensors
DQN loss 0.00578 | Q -2.2122 | tgt -2.2058 | eps 0.414 | replay 92473
[Episode 715/400] Steps:  85 | Reward:  -17.97 | Battery:   0.00% | Loss: 0.0058
Placing Sensors
DQN loss 0.01338 | Q -2.1952 | tgt -2.1843 | eps 0.414 | replay 92571
[Episode 716/400] Steps:  98 | Reward:  -17.63 | Battery:   0.00% | Loss: 0.0134
Placing Sensors
DQN loss 0.01345 | Q -2.1939 | tgt -2.1883 | eps 0.409 | replay 93291
[Episode 717/400] Steps: 720 | Reward:   -9.48 | Battery:  45.82% | Loss: 0.0135
Placing Sensors
DQN loss 0.01961 | Q -2.2075 | tgt -2.1866 | eps 0.409 | replay 93389
[Episode 718/400] Steps:  98 | Reward:  -17.77 | Battery:   0.00% | Loss: 0.0196
Placing Sensors
DQN loss 0.00683 | Q -2.2052 | tgt -2.1995 | eps 0.408 | replay 93457
[Episode 719/400] Steps:  68 | Reward:  -17.85 | Battery:   0.00% | Loss: 0.0068
Placing Sensors
DQN loss 0.01334 | Q -2.1960 | tgt -2.1890 | eps 0.408 | replay 93547
[Episode 720/400] Steps:  90 | Reward:  -17.65 | Battery:   0.00% | Loss: 0.0133
Placing Sensors
DQN loss 0.00658 | Q -2.2095 | tgt -2.2087 | eps 0.407 | replay 93628
[Episode 721/400] Steps:  81 | Reward:  -17.82 | Battery:   0.00% | Loss: 0.0066
Placing Sensors
DQN loss 0.00067 | Q -2.2073 | tgt -2.2122 | eps 0.407 | replay 93699
[Episode 722/400] Steps:  71 | Reward:  -17.89 | Battery:   0.00% | Loss: 0.0007
Placing Sensors
DQN loss 0.01318 | Q -2.2057 | tgt -2.1989 | eps 0.406 | replay 93773
[Episode 723/400] Steps:  74 | Reward:  -17.65 | Battery:   0.00% | Loss: 0.0132
Placing Sensors
DQN loss 0.00048 | Q -2.2005 | tgt -2.2144 | eps 0.406 | replay 93855
[Episode 724/400] Steps:  82 | Reward:  -17.76 | Battery:   0.00% | Loss: 0.0005
Placing Sensors
DQN loss 0.01349 | Q -2.1876 | tgt -2.1892 | eps 0.405 | replay 93937
[Episode 725/400] Steps:  82 | Reward:  -17.93 | Battery:   0.00% | Loss: 0.0135
Placing Sensors
DQN loss 0.01682 | Q -2.1935 | tgt -2.1751 | eps 0.404 | replay 94042
[Episode 726/400] Steps: 105 | Reward:  -17.81 | Battery:   0.00% | Loss: 0.0168
Placing Sensors
DQN loss 0.00078 | Q -2.1986 | tgt -2.2181 | eps 0.404 | replay 94126
[Episode 727/400] Steps:  84 | Reward:  -17.96 | Battery:   0.00% | Loss: 0.0008
Placing Sensors
DQN loss 0.00069 | Q -2.2043 | tgt -2.2146 | eps 0.403 | replay 94222
[Episode 728/400] Steps:  96 | Reward:  -18.01 | Battery:   0.00% | Loss: 0.0007
Placing Sensors
DQN loss 0.01952 | Q -2.1978 | tgt -2.1834 | eps 0.403 | replay 94332
[Episode 729/400] Steps: 110 | Reward:  -17.48 | Battery:   0.00% | Loss: 0.0195
Placing Sensors
DQN loss 0.00663 | Q -2.2087 | tgt -2.2007 | eps 0.402 | replay 94429
[Episode 730/400] Steps:  97 | Reward:  -17.80 | Battery:   0.00% | Loss: 0.0066
Placing Sensors
DQN loss 0.01962 | Q -2.1975 | tgt -2.1811 | eps 0.401 | replay 94573
[Episode 731/400] Steps: 144 | Reward:  -17.52 | Battery:   0.00% | Loss: 0.0196
Placing Sensors
DQN loss 0.01924 | Q -2.1988 | tgt -2.1820 | eps 0.401 | replay 94636
[Episode 732/400] Steps:  63 | Reward:  -17.92 | Battery:   0.00% | Loss: 0.0192
Placing Sensors
DQN loss 0.01339 | Q -2.1999 | tgt -2.1942 | eps 0.400 | replay 94727
[Episode 733/400] Steps:  91 | Reward:  -17.62 | Battery:   0.00% | Loss: 0.0134
Placing Sensors
DQN loss 0.01212 | Q -2.2060 | tgt -2.1920 | eps 0.399 | replay 94861
[Episode 734/400] Steps: 134 | Reward:  -17.54 | Battery:   0.00% | Loss: 0.0121
Placing Sensors
DQN loss 0.01951 | Q -2.2091 | tgt -2.1875 | eps 0.399 | replay 94930
[Episode 735/400] Steps:  69 | Reward:  -18.05 | Battery:   0.00% | Loss: 0.0195
Placing Sensors
DQN loss 0.01391 | Q -2.1992 | tgt -2.1935 | eps 0.398 | replay 95022
[Episode 736/400] Steps:  92 | Reward:  -17.85 | Battery:   0.00% | Loss: 0.0139
Placing Sensors
DQN loss 0.00587 | Q -2.2123 | tgt -2.2054 | eps 0.398 | replay 95117
[Episode 737/400] Steps:  95 | Reward:  -17.64 | Battery:   0.00% | Loss: 0.0059
Placing Sensors
DQN loss 0.01310 | Q -2.2040 | tgt -2.1940 | eps 0.397 | replay 95189
[Episode 738/400] Steps:  72 | Reward:  -17.94 | Battery:   0.00% | Loss: 0.0131
Placing Sensors
DQN loss 0.00672 | Q -2.2054 | tgt -2.2063 | eps 0.397 | replay 95262
[Episode 739/400] Steps:  73 | Reward:  -17.82 | Battery:   0.00% | Loss: 0.0067
Placing Sensors
DQN loss 0.00698 | Q -2.2016 | tgt -2.2078 | eps 0.396 | replay 95341
[Episode 740/400] Steps:  79 | Reward:  -17.82 | Battery:   0.00% | Loss: 0.0070
Placing Sensors
DQN loss 0.01315 | Q -2.2074 | tgt -2.2001 | eps 0.396 | replay 95409
[Episode 741/400] Steps:  68 | Reward:  -17.80 | Battery:   0.00% | Loss: 0.0131
Placing Sensors
DQN loss 0.03153 | Q -2.1937 | tgt -2.1629 | eps 0.395 | replay 95478
[Episode 742/400] Steps:  69 | Reward:  -17.83 | Battery:   0.00% | Loss: 0.0315
Placing Sensors
DQN loss 0.00049 | Q -2.2060 | tgt -2.2097 | eps 0.395 | replay 95599
[Episode 743/400] Steps: 121 | Reward:  -17.70 | Battery:   0.00% | Loss: 0.0005
Placing Sensors
DQN loss 0.00045 | Q -2.2247 | tgt -2.2154 | eps 0.394 | replay 95724
[Episode 744/400] Steps: 125 | Reward:  -17.80 | Battery:   0.00% | Loss: 0.0004
Placing Sensors
DQN loss 0.00698 | Q -2.1959 | tgt -2.2048 | eps 0.393 | replay 95835
[Episode 745/400] Steps: 111 | Reward:  -17.67 | Battery:   0.00% | Loss: 0.0070
Placing Sensors
DQN loss 0.01961 | Q -2.2137 | tgt -2.1898 | eps 0.392 | replay 95924
[Episode 746/400] Steps:  89 | Reward:  -17.79 | Battery:   0.00% | Loss: 0.0196
Placing Sensors
DQN loss 0.01323 | Q -2.1981 | tgt -2.1969 | eps 0.392 | replay 96005
[Episode 747/400] Steps:  81 | Reward:  -17.91 | Battery:   0.00% | Loss: 0.0132
Placing Sensors
DQN loss 0.02632 | Q -2.1925 | tgt -2.1744 | eps 0.387 | replay 96725
[Episode 748/400] Steps: 720 | Reward:   -9.25 | Battery:  49.88% | Loss: 0.0263
Placing Sensors
DQN loss 0.01372 | Q -2.1942 | tgt -2.1907 | eps 0.387 | replay 96825
[Episode 749/400] Steps: 100 | Reward:  -17.81 | Battery:   0.00% | Loss: 0.0137
Placing Sensors
DQN loss 0.02500 | Q -2.2059 | tgt -2.1765 | eps 0.386 | replay 96890
[Episode 750/400] Steps:  65 | Reward:  -17.84 | Battery:   0.00% | Loss: 0.0250
Placing Sensors
DQN loss 0.01688 | Q -2.1930 | tgt -2.1799 | eps 0.386 | replay 97023
[Episode 751/400] Steps: 133 | Reward:  -17.62 | Battery:   0.00% | Loss: 0.0169
Placing Sensors
DQN loss 0.01326 | Q -2.2247 | tgt -2.2003 | eps 0.385 | replay 97121
[Episode 752/400] Steps:  98 | Reward:  -17.71 | Battery:   0.00% | Loss: 0.0133
Placing Sensors
DQN loss 0.01326 | Q -2.1953 | tgt -2.1888 | eps 0.384 | replay 97197
[Episode 753/400] Steps:  76 | Reward:  -17.79 | Battery:   0.00% | Loss: 0.0133
Placing Sensors
DQN loss 0.00071 | Q -2.1931 | tgt -2.2056 | eps 0.384 | replay 97279
[Episode 754/400] Steps:  82 | Reward:  -17.83 | Battery:   0.00% | Loss: 0.0007
Placing Sensors
DQN loss 0.01951 | Q -2.2059 | tgt -2.1842 | eps 0.383 | replay 97430
[Episode 755/400] Steps: 151 | Reward:  -17.67 | Battery:   0.00% | Loss: 0.0195
Placing Sensors
DQN loss 0.02626 | Q -2.1998 | tgt -2.1732 | eps 0.383 | replay 97493
[Episode 756/400] Steps:  63 | Reward:  -18.01 | Battery:   0.00% | Loss: 0.0263
Placing Sensors
DQN loss 0.01300 | Q -2.2063 | tgt -2.1954 | eps 0.382 | replay 97583
[Episode 757/400] Steps:  90 | Reward:  -18.04 | Battery:   0.00% | Loss: 0.0130
Placing Sensors
DQN loss 0.00667 | Q -2.2035 | tgt -2.2014 | eps 0.381 | replay 97734
[Episode 758/400] Steps: 151 | Reward:  -17.45 | Battery:   0.00% | Loss: 0.0067
Placing Sensors
DQN loss 0.02011 | Q -2.1928 | tgt -2.1737 | eps 0.380 | replay 97842
[Episode 759/400] Steps: 108 | Reward:  -17.79 | Battery:   0.00% | Loss: 0.0201
Placing Sensors
DQN loss 0.00363 | Q -2.2014 | tgt -2.1992 | eps 0.380 | replay 97939
[Episode 760/400] Steps:  97 | Reward:  -17.98 | Battery:   0.00% | Loss: 0.0036
Placing Sensors
DQN loss 0.00303 | Q -2.1926 | tgt -2.2019 | eps 0.379 | replay 97999
[Episode 761/400] Steps:  60 | Reward:  -17.87 | Battery:   0.00% | Loss: 0.0030
Placing Sensors
DQN loss 0.00695 | Q -2.2220 | tgt -2.2042 | eps 0.379 | replay 98073
[Episode 762/400] Steps:  74 | Reward:  -17.64 | Battery:   0.00% | Loss: 0.0070
Placing Sensors
DQN loss 0.01033 | Q -2.1990 | tgt -2.1939 | eps 0.378 | replay 98172
[Episode 763/400] Steps:  99 | Reward:  -17.68 | Battery:   0.00% | Loss: 0.0103
Placing Sensors
DQN loss 0.02006 | Q -2.2000 | tgt -2.1848 | eps 0.378 | replay 98278
[Episode 764/400] Steps: 106 | Reward:  -17.66 | Battery:   0.00% | Loss: 0.0201
Placing Sensors
DQN loss 0.01274 | Q -2.2098 | tgt -2.1936 | eps 0.377 | replay 98361
[Episode 765/400] Steps:  83 | Reward:  -17.80 | Battery:   0.00% | Loss: 0.0127
Placing Sensors
DQN loss 0.01374 | Q -2.2046 | tgt -2.1927 | eps 0.376 | replay 98482
[Episode 766/400] Steps: 121 | Reward:  -17.56 | Battery:   0.00% | Loss: 0.0137
Placing Sensors
DQN loss 0.01505 | Q -2.1913 | tgt -2.1905 | eps 0.376 | replay 98551
[Episode 767/400] Steps:  69 | Reward:  -17.88 | Battery:   0.00% | Loss: 0.0151
Placing Sensors
DQN loss 0.00681 | Q -2.2121 | tgt -2.2063 | eps 0.375 | replay 98618
[Episode 768/400] Steps:  67 | Reward:  -17.73 | Battery:   0.00% | Loss: 0.0068
Placing Sensors
DQN loss 0.00021 | Q -2.1866 | tgt -2.1890 | eps 0.371 | replay 99338
[Episode 769/400] Steps: 720 | Reward:   -9.90 | Battery:  43.19% | Loss: 0.0002
Placing Sensors
DQN loss 0.00646 | Q -2.1818 | tgt -2.1802 | eps 0.370 | replay 99412
[Episode 770/400] Steps:  74 | Reward:  -17.78 | Battery:   0.00% | Loss: 0.0065
Placing Sensors
DQN loss 0.02577 | Q -2.1775 | tgt -2.1525 | eps 0.370 | replay 99493
[Episode 771/400] Steps:  81 | Reward:  -17.77 | Battery:   0.00% | Loss: 0.0258
Placing Sensors
DQN loss 0.00634 | Q -2.1795 | tgt -2.1789 | eps 0.369 | replay 99567
[Episode 772/400] Steps:  74 | Reward:  -17.81 | Battery:   0.00% | Loss: 0.0063
Placing Sensors
DQN loss 0.00634 | Q -2.1758 | tgt -2.1778 | eps 0.368 | replay 99720
[Episode 773/400] Steps: 153 | Reward:  -17.56 | Battery:   0.00% | Loss: 0.0063
Placing Sensors
DQN loss 0.01331 | Q -2.1708 | tgt -2.1694 | eps 0.364 | replay 100440
[Episode 774/400] Steps: 720 | Reward:   -9.39 | Battery:  43.17% | Loss: 0.0133
Placing Sensors
DQN loss 0.00584 | Q -2.1897 | tgt -2.1772 | eps 0.363 | replay 100514
[Episode 775/400] Steps:  74 | Reward:  -17.95 | Battery:   0.00% | Loss: 0.0058
Placing Sensors
DQN loss 0.00688 | Q -2.1890 | tgt -2.1896 | eps 0.363 | replay 100605
[Episode 776/400] Steps:  91 | Reward:  -17.74 | Battery:   0.00% | Loss: 0.0069
Placing Sensors
DQN loss 0.00676 | Q -2.1918 | tgt -2.1891 | eps 0.362 | replay 100696
[Episode 777/400] Steps:  91 | Reward:  -17.79 | Battery:   0.00% | Loss: 0.0068
Placing Sensors
DQN loss 0.00024 | Q -2.1750 | tgt -2.1887 | eps 0.362 | replay 100788
[Episode 778/400] Steps:  92 | Reward:  -17.76 | Battery:   0.00% | Loss: 0.0002
Placing Sensors
DQN loss 0.00017 | Q -2.1845 | tgt -2.1901 | eps 0.361 | replay 100918
[Episode 779/400] Steps: 130 | Reward:  -17.49 | Battery:   0.00% | Loss: 0.0002
Placing Sensors
DQN loss 0.00648 | Q -2.1868 | tgt -2.1836 | eps 0.360 | replay 101001
[Episode 780/400] Steps:  83 | Reward:  -18.01 | Battery:   0.00% | Loss: 0.0065
Placing Sensors
DQN loss 0.00089 | Q -2.1752 | tgt -2.1911 | eps 0.360 | replay 101105
[Episode 781/400] Steps: 104 | Reward:  -17.74 | Battery:   0.00% | Loss: 0.0009
Placing Sensors
DQN loss 0.01612 | Q -2.1721 | tgt -2.1688 | eps 0.359 | replay 101202
[Episode 782/400] Steps:  97 | Reward:  -17.76 | Battery:   0.00% | Loss: 0.0161
Placing Sensors
DQN loss 0.01289 | Q -2.1812 | tgt -2.1709 | eps 0.358 | replay 101291
[Episode 783/400] Steps:  89 | Reward:  -17.76 | Battery:   0.00% | Loss: 0.0129
Placing Sensors
DQN loss 0.00013 | Q -2.1890 | tgt -2.1895 | eps 0.358 | replay 101371
[Episode 784/400] Steps:  80 | Reward:  -17.70 | Battery:   0.00% | Loss: 0.0001
Placing Sensors
DQN loss 0.01898 | Q -2.1828 | tgt -2.1641 | eps 0.357 | replay 101455
[Episode 785/400] Steps:  84 | Reward:  -17.76 | Battery:   0.00% | Loss: 0.0190
Placing Sensors
DQN loss 0.01316 | Q -2.1841 | tgt -2.1735 | eps 0.357 | replay 101553
[Episode 786/400] Steps:  98 | Reward:  -17.99 | Battery:   0.00% | Loss: 0.0132
Placing Sensors
DQN loss 0.00123 | Q -2.1781 | tgt -2.1726 | eps 0.356 | replay 101648
[Episode 787/400] Steps:  95 | Reward:  -17.67 | Battery:   0.00% | Loss: 0.0012
Placing Sensors
DQN loss 0.01352 | Q -2.1713 | tgt -2.1691 | eps 0.356 | replay 101740
[Episode 788/400] Steps:  92 | Reward:  -17.79 | Battery:   0.00% | Loss: 0.0135
Placing Sensors
DQN loss 0.01926 | Q -2.1894 | tgt -2.1693 | eps 0.355 | replay 101812
[Episode 789/400] Steps:  72 | Reward:  -17.76 | Battery:   0.00% | Loss: 0.0193
Placing Sensors
DQN loss 0.02532 | Q -2.1878 | tgt -2.1636 | eps 0.355 | replay 101897
[Episode 790/400] Steps:  85 | Reward:  -17.75 | Battery:   0.00% | Loss: 0.0253
Placing Sensors
DQN loss 0.00036 | Q -2.1838 | tgt -2.1877 | eps 0.354 | replay 101966
[Episode 791/400] Steps:  69 | Reward:  -17.76 | Battery:   0.00% | Loss: 0.0004
Placing Sensors
DQN loss 0.02481 | Q -2.1786 | tgt -2.1542 | eps 0.354 | replay 102031
[Episode 792/400] Steps:  65 | Reward:  -18.00 | Battery:   0.00% | Loss: 0.0248
Placing Sensors
DQN loss 0.00657 | Q -2.1792 | tgt -2.1836 | eps 0.353 | replay 102124
[Episode 793/400] Steps:  93 | Reward:  -17.67 | Battery:   0.00% | Loss: 0.0066
Placing Sensors
DQN loss 0.00054 | Q -2.1888 | tgt -2.1915 | eps 0.353 | replay 102221
[Episode 794/400] Steps:  97 | Reward:  -17.73 | Battery:   0.00% | Loss: 0.0005
Placing Sensors
DQN loss 0.02054 | Q -2.1734 | tgt -2.1617 | eps 0.352 | replay 102310
[Episode 795/400] Steps:  89 | Reward:  -17.69 | Battery:   0.00% | Loss: 0.0205
Placing Sensors
DQN loss 0.00049 | Q -2.1701 | tgt -2.1840 | eps 0.352 | replay 102389
[Episode 796/400] Steps:  79 | Reward:  -17.87 | Battery:   0.00% | Loss: 0.0005
Placing Sensors
DQN loss 0.01922 | Q -2.1906 | tgt -2.1667 | eps 0.351 | replay 102471
[Episode 797/400] Steps:  82 | Reward:  -17.75 | Battery:   0.00% | Loss: 0.0192
Placing Sensors
DQN loss 0.01944 | Q -2.1838 | tgt -2.1702 | eps 0.346 | replay 103191
[Episode 798/400] Steps: 720 | Reward:   -9.41 | Battery:  50.10% | Loss: 0.0194
Placing Sensors
DQN loss 0.00675 | Q -2.1822 | tgt -2.1806 | eps 0.342 | replay 103911
[Episode 799/400] Steps: 720 | Reward:  -10.86 | Battery:  31.51% | Loss: 0.0067
Placing Sensors
DQN loss 0.00023 | Q -2.1859 | tgt -2.1885 | eps 0.341 | replay 103982
[Episode 800/400] Steps:  71 | Reward:  -17.82 | Battery:   0.00% | Loss: 0.0002
Placing Sensors
DQN loss 0.01206 | Q -2.1774 | tgt -2.1676 | eps 0.341 | replay 104055
[Episode 801/400] Steps:  73 | Reward:  -17.88 | Battery:   0.00% | Loss: 0.0121
Placing Sensors
DQN loss 0.01380 | Q -2.1801 | tgt -2.1695 | eps 0.341 | replay 104129
[Episode 802/400] Steps:  74 | Reward:  -17.80 | Battery:   0.00% | Loss: 0.0138
Placing Sensors
DQN loss 0.00687 | Q -2.1852 | tgt -2.1794 | eps 0.340 | replay 104245
[Episode 803/400] Steps: 116 | Reward:  -17.68 | Battery:   0.00% | Loss: 0.0069
Placing Sensors
DQN loss 0.02461 | Q -2.1615 | tgt -2.1569 | eps 0.339 | replay 104328
[Episode 804/400] Steps:  83 | Reward:  -17.72 | Battery:   0.00% | Loss: 0.0246
Placing Sensors
DQN loss 0.01316 | Q -2.1957 | tgt -2.1774 | eps 0.339 | replay 104413
[Episode 805/400] Steps:  85 | Reward:  -17.81 | Battery:   0.00% | Loss: 0.0132
Placing Sensors
DQN loss 0.00664 | Q -2.1920 | tgt -2.1839 | eps 0.338 | replay 104483
[Episode 806/400] Steps:  70 | Reward:  -17.89 | Battery:   0.00% | Loss: 0.0066
Placing Sensors
DQN loss 0.01299 | Q -2.1903 | tgt -2.1811 | eps 0.338 | replay 104590
[Episode 807/400] Steps: 107 | Reward:  -17.81 | Battery:   0.00% | Loss: 0.0130
Placing Sensors
DQN loss 0.00649 | Q -2.1851 | tgt -2.1819 | eps 0.337 | replay 104658
[Episode 808/400] Steps:  68 | Reward:  -17.92 | Battery:   0.00% | Loss: 0.0065
Placing Sensors
DQN loss 0.00664 | Q -2.1846 | tgt -2.1863 | eps 0.336 | replay 104765
[Episode 809/400] Steps: 107 | Reward:  -17.70 | Battery:   0.00% | Loss: 0.0066
Placing Sensors
DQN loss 0.01325 | Q -2.1818 | tgt -2.1749 | eps 0.336 | replay 104874
[Episode 810/400] Steps: 109 | Reward:  -17.89 | Battery:   0.00% | Loss: 0.0132
Placing Sensors
DQN loss 0.00662 | Q -2.1847 | tgt -2.1855 | eps 0.335 | replay 104949
[Episode 811/400] Steps:  75 | Reward:  -18.01 | Battery:   0.00% | Loss: 0.0066
Placing Sensors
DQN loss 0.00668 | Q -2.1874 | tgt -2.1840 | eps 0.335 | replay 105024
[Episode 812/400] Steps:  75 | Reward:  -17.92 | Battery:   0.00% | Loss: 0.0067
Placing Sensors
DQN loss 0.02511 | Q -2.1866 | tgt -2.1528 | eps 0.334 | replay 105100
[Episode 813/400] Steps:  76 | Reward:  -17.87 | Battery:   0.00% | Loss: 0.0251
Placing Sensors
DQN loss 0.01325 | Q -2.1859 | tgt -2.1728 | eps 0.334 | replay 105221
[Episode 814/400] Steps: 121 | Reward:  -17.52 | Battery:   0.00% | Loss: 0.0133
Placing Sensors
DQN loss 0.01915 | Q -2.1809 | tgt -2.1600 | eps 0.333 | replay 105286
[Episode 815/400] Steps:  65 | Reward:  -17.97 | Battery:   0.00% | Loss: 0.0192
Placing Sensors
DQN loss 0.01292 | Q -2.1986 | tgt -2.1836 | eps 0.333 | replay 105393
[Episode 816/400] Steps: 107 | Reward:  -17.77 | Battery:   0.00% | Loss: 0.0129
Placing Sensors
DQN loss 0.01277 | Q -2.1811 | tgt -2.1792 | eps 0.332 | replay 105477
[Episode 817/400] Steps:  84 | Reward:  -17.76 | Battery:   0.00% | Loss: 0.0128
Placing Sensors
DQN loss 0.02522 | Q -2.1834 | tgt -2.1521 | eps 0.332 | replay 105544
[Episode 818/400] Steps:  67 | Reward:  -17.85 | Battery:   0.00% | Loss: 0.0252
Placing Sensors
DQN loss 0.02576 | Q -2.1914 | tgt -2.1578 | eps 0.327 | replay 106264
[Episode 819/400] Steps: 720 | Reward:   -8.84 | Battery:  68.84% | Loss: 0.0258
Placing Sensors
DQN loss 0.01915 | Q -2.1872 | tgt -2.1671 | eps 0.322 | replay 106984
[Episode 820/400] Steps: 720 | Reward:   -8.01 | Battery:  59.37% | Loss: 0.0192
Placing Sensors
DQN loss 0.02708 | Q -2.1672 | tgt -2.1109 | eps 0.322 | replay 107084
[Episode 821/400] Steps: 100 | Reward:  -17.71 | Battery:   0.00% | Loss: 0.0271
Placing Sensors
DQN loss 0.01321 | Q -2.1348 | tgt -2.1317 | eps 0.321 | replay 107145
[Episode 822/400] Steps:  61 | Reward:  -17.89 | Battery:   0.00% | Loss: 0.0132
Placing Sensors
DQN loss 0.00040 | Q -2.1624 | tgt -2.1672 | eps 0.317 | replay 107865
[Episode 823/400] Steps: 720 | Reward:   -8.20 | Battery:  62.30% | Loss: 0.0004
Placing Sensors
DQN loss 0.00433 | Q -2.1552 | tgt -2.1543 | eps 0.316 | replay 107943
[Episode 824/400] Steps:  78 | Reward:  -17.92 | Battery:   0.00% | Loss: 0.0043
Placing Sensors
DQN loss 0.00644 | Q -2.1366 | tgt -2.1479 | eps 0.316 | replay 108004
[Episode 825/400] Steps:  61 | Reward:  -17.75 | Battery:   0.00% | Loss: 0.0064
Placing Sensors
DQN loss 0.01906 | Q -2.1606 | tgt -2.1409 | eps 0.315 | replay 108091
[Episode 826/400] Steps:  87 | Reward:  -17.85 | Battery:   0.00% | Loss: 0.0191
Placing Sensors
DQN loss 0.01920 | Q -2.1565 | tgt -2.1401 | eps 0.315 | replay 108187
[Episode 827/400] Steps:  96 | Reward:  -17.53 | Battery:   0.00% | Loss: 0.0192
Placing Sensors
DQN loss 0.02503 | Q -2.1551 | tgt -2.1303 | eps 0.314 | replay 108259
[Episode 828/400] Steps:  72 | Reward:  -17.91 | Battery:   0.00% | Loss: 0.0250
Placing Sensors
DQN loss 0.01893 | Q -2.1462 | tgt -2.1358 | eps 0.314 | replay 108340
[Episode 829/400] Steps:  81 | Reward:  -17.84 | Battery:   0.00% | Loss: 0.0189
Placing Sensors
DQN loss 0.01454 | Q -2.1550 | tgt -2.1364 | eps 0.313 | replay 108435
[Episode 830/400] Steps:  95 | Reward:  -17.76 | Battery:   0.00% | Loss: 0.0145
Placing Sensors
DQN loss 0.00615 | Q -2.1497 | tgt -2.1543 | eps 0.313 | replay 108511
[Episode 831/400] Steps:  76 | Reward:  -18.00 | Battery:   0.00% | Loss: 0.0062
Placing Sensors
DQN loss 0.01318 | Q -2.1630 | tgt -2.1505 | eps 0.312 | replay 108598
[Episode 832/400] Steps:  87 | Reward:  -17.78 | Battery:   0.00% | Loss: 0.0132
Placing Sensors
DQN loss 0.00021 | Q -2.1628 | tgt -2.1633 | eps 0.312 | replay 108693
[Episode 833/400] Steps:  95 | Reward:  -17.83 | Battery:   0.00% | Loss: 0.0002
Placing Sensors
DQN loss 0.00659 | Q -2.1415 | tgt -2.1460 | eps 0.311 | replay 108765
[Episode 834/400] Steps:  72 | Reward:  -17.67 | Battery:   0.00% | Loss: 0.0066
Placing Sensors
DQN loss 0.02636 | Q -2.1608 | tgt -2.1371 | eps 0.311 | replay 108849
[Episode 835/400] Steps:  84 | Reward:  -17.89 | Battery:   0.00% | Loss: 0.0264
Placing Sensors
DQN loss 0.01272 | Q -2.1620 | tgt -2.1441 | eps 0.310 | replay 108923
[Episode 836/400] Steps:  74 | Reward:  -17.70 | Battery:   0.00% | Loss: 0.0127
Placing Sensors
DQN loss 0.01898 | Q -2.1572 | tgt -2.1408 | eps 0.310 | replay 109010
[Episode 837/400] Steps:  87 | Reward:  -17.82 | Battery:   0.00% | Loss: 0.0190
Placing Sensors
DQN loss 0.02520 | Q -2.1627 | tgt -2.1333 | eps 0.309 | replay 109080
[Episode 838/400] Steps:  70 | Reward:  -17.77 | Battery:   0.00% | Loss: 0.0252
Placing Sensors
DQN loss 0.00632 | Q -2.1715 | tgt -2.1616 | eps 0.308 | replay 109188
[Episode 839/400] Steps: 108 | Reward:  -17.65 | Battery:   0.00% | Loss: 0.0063
Placing Sensors
DQN loss 0.01888 | Q -2.1565 | tgt -2.1421 | eps 0.308 | replay 109274
[Episode 840/400] Steps:  86 | Reward:  -17.72 | Battery:   0.00% | Loss: 0.0189
Placing Sensors
DQN loss 0.02537 | Q -2.1642 | tgt -2.1307 | eps 0.307 | replay 109351
[Episode 841/400] Steps:  77 | Reward:  -17.80 | Battery:   0.00% | Loss: 0.0254
Placing Sensors
DQN loss 0.00649 | Q -2.1385 | tgt -2.1532 | eps 0.307 | replay 109414
[Episode 842/400] Steps:  63 | Reward:  -17.86 | Battery:   0.00% | Loss: 0.0065
Placing Sensors
DQN loss 0.00682 | Q -2.1510 | tgt -2.1432 | eps 0.307 | replay 109493
[Episode 843/400] Steps:  79 | Reward:  -17.87 | Battery:   0.00% | Loss: 0.0068
Placing Sensors
DQN loss 0.00649 | Q -2.1489 | tgt -2.1546 | eps 0.306 | replay 109612
[Episode 844/400] Steps: 119 | Reward:  -17.64 | Battery:   0.00% | Loss: 0.0065
Placing Sensors
DQN loss 0.01772 | Q -2.1382 | tgt -2.1469 | eps 0.305 | replay 109735
[Episode 845/400] Steps: 123 | Reward:  -17.65 | Battery:   0.00% | Loss: 0.0177
Placing Sensors
DQN loss 0.03155 | Q -2.1609 | tgt -2.1289 | eps 0.304 | replay 109827
[Episode 846/400] Steps:  92 | Reward:  -17.80 | Battery:   0.00% | Loss: 0.0315
Placing Sensors
DQN loss 0.01260 | Q -2.1523 | tgt -2.1419 | eps 0.304 | replay 109927
[Episode 847/400] Steps: 100 | Reward:  -17.64 | Battery:   0.00% | Loss: 0.0126
Placing Sensors
DQN loss 0.00058 | Q -2.1456 | tgt -2.1576 | eps 0.303 | replay 110012
[Episode 848/400] Steps:  85 | Reward:  -17.77 | Battery:   0.00% | Loss: 0.0006
Placing Sensors
DQN loss 0.01860 | Q -2.1535 | tgt -2.1381 | eps 0.303 | replay 110096
[Episode 849/400] Steps:  84 | Reward:  -17.71 | Battery:   0.00% | Loss: 0.0186
Placing Sensors
DQN loss 0.03708 | Q -2.1572 | tgt -2.1059 | eps 0.302 | replay 110174
[Episode 850/400] Steps:  78 | Reward:  -17.93 | Battery:   0.00% | Loss: 0.0371
Placing Sensors
DQN loss 0.01891 | Q -2.1575 | tgt -2.1325 | eps 0.302 | replay 110278
[Episode 851/400] Steps: 104 | Reward:  -17.80 | Battery:   0.00% | Loss: 0.0189
Placing Sensors
DQN loss 0.01288 | Q -2.1527 | tgt -2.1486 | eps 0.301 | replay 110405
[Episode 852/400] Steps: 127 | Reward:  -17.76 | Battery:   0.00% | Loss: 0.0129
Placing Sensors
DQN loss 0.01939 | Q -2.1601 | tgt -2.1360 | eps 0.300 | replay 110475
[Episode 853/400] Steps:  70 | Reward:  -17.86 | Battery:   0.00% | Loss: 0.0194
Placing Sensors
DQN loss 0.00637 | Q -2.1472 | tgt -2.1490 | eps 0.300 | replay 110535
[Episode 854/400] Steps:  60 | Reward:  -17.85 | Battery:   0.00% | Loss: 0.0064
Placing Sensors
DQN loss 0.00662 | Q -2.1508 | tgt -2.1523 | eps 0.299 | replay 110618
[Episode 855/400] Steps:  83 | Reward:  -17.84 | Battery:   0.00% | Loss: 0.0066
Placing Sensors
DQN loss 0.00702 | Q -2.1629 | tgt -2.1553 | eps 0.299 | replay 110760
[Episode 856/400] Steps: 142 | Reward:  -17.62 | Battery:   0.00% | Loss: 0.0070
Placing Sensors
DQN loss 0.01865 | Q -2.1462 | tgt -2.1384 | eps 0.298 | replay 110833
[Episode 857/400] Steps:  73 | Reward:  -18.10 | Battery:   0.00% | Loss: 0.0186
Placing Sensors
DQN loss 0.00637 | Q -2.1562 | tgt -2.1552 | eps 0.297 | replay 110930
[Episode 858/400] Steps:  97 | Reward:  -17.83 | Battery:   0.00% | Loss: 0.0064
Placing Sensors
DQN loss 0.00023 | Q -2.1642 | tgt -2.1633 | eps 0.297 | replay 111006
[Episode 859/400] Steps:  76 | Reward:  -17.97 | Battery:   0.00% | Loss: 0.0002
Placing Sensors
DQN loss 0.00041 | Q -2.1471 | tgt -2.1586 | eps 0.296 | replay 111133
[Episode 860/400] Steps: 127 | Reward:  -17.52 | Battery:   0.00% | Loss: 0.0004
Placing Sensors
DQN loss 0.02072 | Q -2.1510 | tgt -2.1384 | eps 0.296 | replay 111216
[Episode 861/400] Steps:  83 | Reward:  -17.68 | Battery:   0.00% | Loss: 0.0207
Placing Sensors
DQN loss 0.00184 | Q -2.1576 | tgt -2.1571 | eps 0.295 | replay 111300
[Episode 862/400] Steps:  84 | Reward:  -17.74 | Battery:   0.00% | Loss: 0.0018
Placing Sensors
DQN loss 0.00014 | Q -2.1707 | tgt -2.1652 | eps 0.291 | replay 112020
[Episode 863/400] Steps: 720 | Reward:   -8.82 | Battery:  68.34% | Loss: 0.0001
Placing Sensors
DQN loss 0.00667 | Q -2.1464 | tgt -2.1527 | eps 0.290 | replay 112093
[Episode 864/400] Steps:  73 | Reward:  -18.12 | Battery:   0.00% | Loss: 0.0067
Placing Sensors
DQN loss 0.01877 | Q -2.1495 | tgt -2.1294 | eps 0.290 | replay 112177
[Episode 865/400] Steps:  84 | Reward:  -17.72 | Battery:   0.00% | Loss: 0.0188
Placing Sensors
DQN loss 0.01237 | Q -2.1558 | tgt -2.1454 | eps 0.289 | replay 112273
[Episode 866/400] Steps:  96 | Reward:  -17.86 | Battery:   0.00% | Loss: 0.0124
Placing Sensors
DQN loss 0.03079 | Q -2.1470 | tgt -2.1157 | eps 0.288 | replay 112380
[Episode 867/400] Steps: 107 | Reward:  -17.77 | Battery:   0.00% | Loss: 0.0308
Placing Sensors
DQN loss 0.01279 | Q -2.1449 | tgt -2.1419 | eps 0.288 | replay 112464
[Episode 868/400] Steps:  84 | Reward:  -17.79 | Battery:   0.00% | Loss: 0.0128
Placing Sensors
DQN loss 0.00649 | Q -2.1675 | tgt -2.1525 | eps 0.287 | replay 112540
[Episode 869/400] Steps:  76 | Reward:  -17.85 | Battery:   0.00% | Loss: 0.0065
Placing Sensors
DQN loss 0.02492 | Q -2.1430 | tgt -2.1248 | eps 0.286 | replay 112672
[Episode 870/400] Steps: 132 | Reward:  -17.40 | Battery:   0.00% | Loss: 0.0249
Placing Sensors
DQN loss 0.00025 | Q -2.1590 | tgt -2.1578 | eps 0.286 | replay 112757
[Episode 871/400] Steps:  85 | Reward:  -17.85 | Battery:   0.00% | Loss: 0.0002
Placing Sensors
DQN loss 0.00687 | Q -2.1453 | tgt -2.1454 | eps 0.285 | replay 112831
[Episode 872/400] Steps:  74 | Reward:  -17.84 | Battery:   0.00% | Loss: 0.0069
Placing Sensors
DQN loss 0.00635 | Q -2.1558 | tgt -2.1562 | eps 0.285 | replay 112893
[Episode 873/400] Steps:  62 | Reward:  -17.83 | Battery:   0.00% | Loss: 0.0064
Placing Sensors
DQN loss 0.00683 | Q -2.1411 | tgt -2.1547 | eps 0.284 | replay 112991
[Episode 874/400] Steps:  98 | Reward:  -17.76 | Battery:   0.00% | Loss: 0.0068
Placing Sensors
DQN loss 0.01254 | Q -2.1437 | tgt -2.1383 | eps 0.284 | replay 113082
[Episode 875/400] Steps:  91 | Reward:  -17.83 | Battery:   0.00% | Loss: 0.0125
Placing Sensors
DQN loss 0.01282 | Q -2.1297 | tgt -2.1304 | eps 0.279 | replay 113802
[Episode 876/400] Steps: 720 | Reward:   -7.26 | Battery:  64.01% | Loss: 0.0128
Placing Sensors
DQN loss 0.02493 | Q -2.1386 | tgt -2.1157 | eps 0.279 | replay 113895
[Episode 877/400] Steps:  93 | Reward:  -17.77 | Battery:   0.00% | Loss: 0.0249
Placing Sensors
DQN loss 0.01861 | Q -2.1548 | tgt -2.1372 | eps 0.278 | replay 114000
[Episode 878/400] Steps: 105 | Reward:  -17.73 | Battery:   0.00% | Loss: 0.0186
Placing Sensors
DQN loss 0.01864 | Q -2.1534 | tgt -2.1332 | eps 0.277 | replay 114101
[Episode 879/400] Steps: 101 | Reward:  -17.72 | Battery:   0.00% | Loss: 0.0186
Placing Sensors
DQN loss 0.01886 | Q -2.1500 | tgt -2.1318 | eps 0.277 | replay 114226
[Episode 880/400] Steps: 125 | Reward:  -17.57 | Battery:   0.00% | Loss: 0.0189
Placing Sensors
DQN loss 0.00608 | Q -2.1558 | tgt -2.1529 | eps 0.276 | replay 114300
[Episode 881/400] Steps:  74 | Reward:  -17.92 | Battery:   0.00% | Loss: 0.0061
Placing Sensors
DQN loss 0.00019 | Q -2.1471 | tgt -2.1496 | eps 0.276 | replay 114382
[Episode 882/400] Steps:  82 | Reward:  -17.78 | Battery:   0.00% | Loss: 0.0002
Placing Sensors
DQN loss 0.01867 | Q -2.1554 | tgt -2.1386 | eps 0.275 | replay 114466
[Episode 883/400] Steps:  84 | Reward:  -17.70 | Battery:   0.00% | Loss: 0.0187
Placing Sensors
DQN loss 0.03663 | Q -2.1553 | tgt -2.1146 | eps 0.274 | replay 114558
[Episode 884/400] Steps:  92 | Reward:  -17.79 | Battery:   0.00% | Loss: 0.0366
Placing Sensors
DQN loss 0.00016 | Q -2.1638 | tgt -2.1624 | eps 0.274 | replay 114674
[Episode 885/400] Steps: 116 | Reward:  -17.58 | Battery:   0.00% | Loss: 0.0002
Placing Sensors
DQN loss 0.00735 | Q -2.1404 | tgt -2.1328 | eps 0.269 | replay 115394
[Episode 886/400] Steps: 720 | Reward:   -9.32 | Battery:  52.97% | Loss: 0.0073
Placing Sensors
DQN loss 0.00665 | Q -2.1316 | tgt -2.1363 | eps 0.265 | replay 116114
[Episode 887/400] Steps: 720 | Reward:   -9.39 | Battery:  53.20% | Loss: 0.0067
Placing Sensors
DQN loss 0.00672 | Q -2.1323 | tgt -2.1302 | eps 0.260 | replay 116834
[Episode 888/400] Steps: 720 | Reward:   -7.80 | Battery:  51.46% | Loss: 0.0067
Placing Sensors
DQN loss 0.00657 | Q -2.1322 | tgt -2.1326 | eps 0.260 | replay 116900
[Episode 889/400] Steps:  66 | Reward:  -17.83 | Battery:   0.00% | Loss: 0.0066
Placing Sensors
DQN loss 0.01888 | Q -2.1259 | tgt -2.1079 | eps 0.259 | replay 116962
[Episode 890/400] Steps:  62 | Reward:  -17.89 | Battery:   0.00% | Loss: 0.0189
Placing Sensors
DQN loss 0.00162 | Q -2.1267 | tgt -2.1329 | eps 0.259 | replay 117059
[Episode 891/400] Steps:  97 | Reward:  -17.76 | Battery:   0.00% | Loss: 0.0016
Placing Sensors
DQN loss 0.00586 | Q -2.1246 | tgt -2.1365 | eps 0.258 | replay 117124
[Episode 892/400] Steps:  65 | Reward:  -17.86 | Battery:   0.00% | Loss: 0.0059
Placing Sensors
DQN loss 0.02163 | Q -2.1082 | tgt -2.1141 | eps 0.258 | replay 117193
[Episode 893/400] Steps:  69 | Reward:  -17.77 | Battery:   0.00% | Loss: 0.0216
Placing Sensors
DQN loss 0.00647 | Q -2.1449 | tgt -2.1331 | eps 0.257 | replay 117256
[Episode 894/400] Steps:  63 | Reward:  -17.78 | Battery:   0.00% | Loss: 0.0065
Placing Sensors
DQN loss 0.01234 | Q -2.1359 | tgt -2.1244 | eps 0.257 | replay 117347
[Episode 895/400] Steps:  91 | Reward:  -17.69 | Battery:   0.00% | Loss: 0.0123
Placing Sensors
DQN loss 0.00042 | Q -2.1269 | tgt -2.1434 | eps 0.256 | replay 117432
[Episode 896/400] Steps:  85 | Reward:  -17.89 | Battery:   0.00% | Loss: 0.0004
Placing Sensors
DQN loss 0.01937 | Q -2.1458 | tgt -2.1236 | eps 0.255 | replay 117556
[Episode 897/400] Steps: 124 | Reward:  -17.51 | Battery:   0.00% | Loss: 0.0194
Placing Sensors
DQN loss 0.03066 | Q -2.1300 | tgt -2.1061 | eps 0.255 | replay 117657
[Episode 898/400] Steps: 101 | Reward:  -17.81 | Battery:   0.00% | Loss: 0.0307
Placing Sensors
DQN loss 0.00642 | Q -2.1512 | tgt -2.1321 | eps 0.250 | replay 118377
[Episode 899/400] Steps: 720 | Reward:   -7.51 | Battery:  59.68% | Loss: 0.0064
Placing Sensors
DQN loss 0.01796 | Q -2.1334 | tgt -2.1164 | eps 0.250 | replay 118478
[Episode 900/400] Steps: 101 | Reward:  -17.76 | Battery:   0.00% | Loss: 0.0180
Placing Sensors
DQN loss 0.01802 | Q -2.1303 | tgt -2.1209 | eps 0.249 | replay 118562
[Episode 901/400] Steps:  84 | Reward:  -17.67 | Battery:   0.00% | Loss: 0.0180
Placing Sensors
DQN loss 0.00026 | Q -2.1475 | tgt -2.1437 | eps 0.249 | replay 118634
[Episode 902/400] Steps:  72 | Reward:  -17.88 | Battery:   0.00% | Loss: 0.0003
Placing Sensors
DQN loss 0.02476 | Q -2.1255 | tgt -2.1066 | eps 0.248 | replay 118748
[Episode 903/400] Steps: 114 | Reward:  -17.60 | Battery:   0.00% | Loss: 0.0248
Placing Sensors
DQN loss 0.00031 | Q -2.1349 | tgt -2.1448 | eps 0.247 | replay 118890
[Episode 904/400] Steps: 142 | Reward:  -17.53 | Battery:   0.00% | Loss: 0.0003
Placing Sensors
DQN loss 0.01876 | Q -2.1354 | tgt -2.1174 | eps 0.247 | replay 118964
[Episode 905/400] Steps:  74 | Reward:  -17.89 | Battery:   0.00% | Loss: 0.0188
Placing Sensors
DQN loss 0.01238 | Q -2.1339 | tgt -2.1295 | eps 0.246 | replay 119125
[Episode 906/400] Steps: 161 | Reward:  -17.57 | Battery:   0.00% | Loss: 0.0124
Placing Sensors
DQN loss 0.00037 | Q -2.1369 | tgt -2.1423 | eps 0.245 | replay 119224
[Episode 907/400] Steps:  99 | Reward:  -17.76 | Battery:   0.00% | Loss: 0.0004
Placing Sensors
DQN loss 0.01885 | Q -2.1240 | tgt -2.1036 | eps 0.244 | replay 119306
[Episode 908/400] Steps:  82 | Reward:  -17.86 | Battery:   0.00% | Loss: 0.0189
Placing Sensors
DQN loss 0.01791 | Q -2.1334 | tgt -2.1133 | eps 0.244 | replay 119407
[Episode 909/400] Steps: 101 | Reward:  -17.79 | Battery:   0.00% | Loss: 0.0179
Placing Sensors
DQN loss 0.01256 | Q -2.1448 | tgt -2.1251 | eps 0.243 | replay 119473
[Episode 910/400] Steps:  66 | Reward:  -17.82 | Battery:   0.00% | Loss: 0.0126
Placing Sensors
DQN loss 0.01266 | Q -2.1254 | tgt -2.1212 | eps 0.243 | replay 119562
[Episode 911/400] Steps:  89 | Reward:  -17.68 | Battery:   0.00% | Loss: 0.0127
Placing Sensors
DQN loss 0.02379 | Q -2.1282 | tgt -2.1108 | eps 0.242 | replay 119671
[Episode 912/400] Steps: 109 | Reward:  -17.70 | Battery:   0.00% | Loss: 0.0238
Placing Sensors
DQN loss 0.02425 | Q -2.1409 | tgt -2.1012 | eps 0.242 | replay 119733
[Episode 913/400] Steps:  62 | Reward:  -17.58 | Battery:   0.00% | Loss: 0.0243
Placing Sensors
DQN loss 0.01301 | Q -2.1383 | tgt -2.1206 | eps 0.241 | replay 119839
[Episode 914/400] Steps: 106 | Reward:  -17.74 | Battery:   0.00% | Loss: 0.0130
Placing Sensors
DQN loss 0.00669 | Q -2.1218 | tgt -2.1274 | eps 0.241 | replay 119916
[Episode 915/400] Steps:  77 | Reward:  -17.74 | Battery:   0.00% | Loss: 0.0067
Placing Sensors
DQN loss 0.00100 | Q -2.1315 | tgt -2.1395 | eps 0.240 | replay 120064
[Episode 916/400] Steps: 148 | Reward:  -17.70 | Battery:   0.00% | Loss: 0.0010
Placing Sensors
DQN loss 0.01638 | Q -2.1260 | tgt -2.1078 | eps 0.235 | replay 120784
[Episode 917/400] Steps: 720 | Reward:   -9.76 | Battery:  46.38% | Loss: 0.0164
Placing Sensors
DQN loss 0.00636 | Q -2.1380 | tgt -2.1331 | eps 0.234 | replay 120869
[Episode 918/400] Steps:  85 | Reward:  -17.72 | Battery:   0.00% | Loss: 0.0064
Placing Sensors
DQN loss 0.02510 | Q -2.1394 | tgt -2.1015 | eps 0.230 | replay 121589
[Episode 919/400] Steps: 720 | Reward:   -8.29 | Battery:  50.14% | Loss: 0.0251
Placing Sensors
DQN loss 0.01939 | Q -2.1296 | tgt -2.1075 | eps 0.229 | replay 121659
[Episode 920/400] Steps:  70 | Reward:  -17.77 | Battery:   0.00% | Loss: 0.0194
Placing Sensors
DQN loss 0.01309 | Q -2.1365 | tgt -2.1284 | eps 0.229 | replay 121782
[Episode 921/400] Steps: 123 | Reward:  -17.96 | Battery:   0.00% | Loss: 0.0131
Placing Sensors
DQN loss 0.01268 | Q -2.1271 | tgt -2.1166 | eps 0.228 | replay 121885
[Episode 922/400] Steps: 103 | Reward:  -17.80 | Battery:   0.00% | Loss: 0.0127
Placing Sensors
DQN loss 0.03085 | Q -2.1224 | tgt -2.0870 | eps 0.228 | replay 121950
[Episode 923/400] Steps:  65 | Reward:  -17.86 | Battery:   0.00% | Loss: 0.0308
Placing Sensors
DQN loss 0.02656 | Q -2.1255 | tgt -2.0983 | eps 0.223 | replay 122670
[Episode 924/400] Steps: 720 | Reward:   -9.19 | Battery:  46.63% | Loss: 0.0266
Placing Sensors
DQN loss 0.00951 | Q -2.1272 | tgt -2.1259 | eps 0.223 | replay 122763
[Episode 925/400] Steps:  93 | Reward:  -17.60 | Battery:   0.00% | Loss: 0.0095
Placing Sensors
DQN loss 0.00914 | Q -2.1445 | tgt -2.1395 | eps 0.222 | replay 122850
[Episode 926/400] Steps:  87 | Reward:  -17.78 | Battery:   0.00% | Loss: 0.0091
Placing Sensors
DQN loss 0.00650 | Q -2.1354 | tgt -2.1328 | eps 0.222 | replay 122910
[Episode 927/400] Steps:  60 | Reward:  -18.00 | Battery:   0.00% | Loss: 0.0065
Placing Sensors
DQN loss 0.00638 | Q -2.1436 | tgt -2.1404 | eps 0.221 | replay 123011
[Episode 928/400] Steps: 101 | Reward:  -17.63 | Battery:   0.00% | Loss: 0.0064
Placing Sensors
DQN loss 0.00041 | Q -2.1208 | tgt -2.1253 | eps 0.220 | replay 123094
[Episode 929/400] Steps:  83 | Reward:  -17.80 | Battery:   0.00% | Loss: 0.0004
Placing Sensors
DQN loss 0.01724 | Q -2.1038 | tgt -2.1003 | eps 0.219 | replay 123303
[Episode 930/400] Steps: 209 | Reward:  -17.32 | Battery:   0.00% | Loss: 0.0172
Placing Sensors
DQN loss 0.02275 | Q -2.1310 | tgt -2.0911 | eps 0.219 | replay 123379
[Episode 931/400] Steps:  76 | Reward:  -17.85 | Battery:   0.00% | Loss: 0.0227
Placing Sensors
DQN loss 0.00829 | Q -2.1267 | tgt -2.1173 | eps 0.214 | replay 124099
[Episode 932/400] Steps: 720 | Reward:   -8.33 | Battery:  38.48% | Loss: 0.0083
Placing Sensors
DQN loss 0.01252 | Q -2.1264 | tgt -2.1130 | eps 0.214 | replay 124174
[Episode 933/400] Steps:  75 | Reward:  -17.88 | Battery:   0.00% | Loss: 0.0125
Placing Sensors
DQN loss 0.00666 | Q -2.1116 | tgt -2.1236 | eps 0.213 | replay 124245
[Episode 934/400] Steps:  71 | Reward:  -17.90 | Battery:   0.00% | Loss: 0.0067
Placing Sensors
DQN loss 0.00033 | Q -2.1389 | tgt -2.1409 | eps 0.212 | replay 124361
[Episode 935/400] Steps: 116 | Reward:  -17.73 | Battery:   0.00% | Loss: 0.0003
Placing Sensors
DQN loss 0.01367 | Q -2.1312 | tgt -2.1247 | eps 0.212 | replay 124447
[Episode 936/400] Steps:  86 | Reward:  -17.66 | Battery:   0.00% | Loss: 0.0137
Placing Sensors
DQN loss 0.01241 | Q -2.1343 | tgt -2.1195 | eps 0.211 | replay 124587
[Episode 937/400] Steps: 140 | Reward:  -17.28 | Battery:   0.00% | Loss: 0.0124
Placing Sensors
DQN loss 0.00936 | Q -2.1158 | tgt -2.1109 | eps 0.206 | replay 125307
[Episode 938/400] Steps: 720 | Reward:  -10.66 | Battery:  30.72% | Loss: 0.0094
Placing Sensors
DQN loss 0.00023 | Q -2.1227 | tgt -2.1248 | eps 0.206 | replay 125427
[Episode 939/400] Steps: 120 | Reward:  -17.62 | Battery:   0.00% | Loss: 0.0002
Placing Sensors
DQN loss 0.00516 | Q -2.1178 | tgt -2.1025 | eps 0.205 | replay 125543
[Episode 940/400] Steps: 116 | Reward:  -17.70 | Battery:   0.00% | Loss: 0.0052
Placing Sensors
DQN loss 0.01922 | Q -2.1151 | tgt -2.1048 | eps 0.205 | replay 125598
[Episode 941/400] Steps:  55 | Reward:  -18.00 | Battery:   0.00% | Loss: 0.0192
Placing Sensors
DQN loss 0.00647 | Q -2.1324 | tgt -2.1275 | eps 0.204 | replay 125681
[Episode 942/400] Steps:  83 | Reward:  -17.86 | Battery:   0.00% | Loss: 0.0065
Placing Sensors
DQN loss 0.00664 | Q -2.1155 | tgt -2.1232 | eps 0.203 | replay 125779
[Episode 943/400] Steps:  98 | Reward:  -17.79 | Battery:   0.00% | Loss: 0.0066
Placing Sensors
DQN loss 0.00030 | Q -2.1329 | tgt -2.1330 | eps 0.203 | replay 125852
[Episode 944/400] Steps:  73 | Reward:  -17.87 | Battery:   0.00% | Loss: 0.0003
Placing Sensors
DQN loss 0.00027 | Q -2.1254 | tgt -2.1374 | eps 0.202 | replay 125944
[Episode 945/400] Steps:  92 | Reward:  -17.88 | Battery:   0.00% | Loss: 0.0003
Placing Sensors
DQN loss 0.00649 | Q -2.1411 | tgt -2.1273 | eps 0.202 | replay 126025
[Episode 946/400] Steps:  81 | Reward:  -17.66 | Battery:   0.00% | Loss: 0.0065
Placing Sensors
DQN loss 0.00043 | Q -2.1150 | tgt -2.1311 | eps 0.201 | replay 126204
[Episode 947/400] Steps: 179 | Reward:  -17.50 | Battery:   0.00% | Loss: 0.0004
Placing Sensors
DQN loss 0.00695 | Q -2.1240 | tgt -2.1253 | eps 0.200 | replay 126279
[Episode 948/400] Steps:  75 | Reward:  -17.89 | Battery:   0.00% | Loss: 0.0070
Placing Sensors
DQN loss 0.01862 | Q -2.1416 | tgt -2.1130 | eps 0.200 | replay 126394
[Episode 949/400] Steps: 115 | Reward:  -17.95 | Battery:   0.00% | Loss: 0.0186
Placing Sensors
DQN loss 0.00981 | Q -2.1241 | tgt -2.1195 | eps 0.199 | replay 126473
[Episode 950/400] Steps:  79 | Reward:  -17.71 | Battery:   0.00% | Loss: 0.0098
Placing Sensors
DQN loss 0.02116 | Q -2.1041 | tgt -2.0928 | eps 0.199 | replay 126537
[Episode 951/400] Steps:  64 | Reward:  -17.94 | Battery:   0.00% | Loss: 0.0212
Placing Sensors
DQN loss 0.00137 | Q -2.1281 | tgt -2.1324 | eps 0.194 | replay 127257
[Episode 952/400] Steps: 720 | Reward:  -10.70 | Battery:  27.96% | Loss: 0.0014
Placing Sensors
DQN loss 0.00121 | Q -2.1255 | tgt -2.1296 | eps 0.193 | replay 127345
[Episode 953/400] Steps:  88 | Reward:  -17.79 | Battery:   0.00% | Loss: 0.0012
Placing Sensors
DQN loss 0.01859 | Q -2.1110 | tgt -2.1052 | eps 0.193 | replay 127421
[Episode 954/400] Steps:  76 | Reward:  -17.66 | Battery:   0.00% | Loss: 0.0186
Placing Sensors
DQN loss 0.00672 | Q -2.1245 | tgt -2.1240 | eps 0.193 | replay 127487
[Episode 955/400] Steps:  66 | Reward:  -17.86 | Battery:   0.00% | Loss: 0.0067
Placing Sensors
DQN loss 0.00575 | Q -2.1161 | tgt -2.1208 | eps 0.192 | replay 127565
[Episode 956/400] Steps:  78 | Reward:  -17.90 | Battery:   0.00% | Loss: 0.0057
Placing Sensors
DQN loss 0.00628 | Q -2.1142 | tgt -2.1176 | eps 0.192 | replay 127636
[Episode 957/400] Steps:  71 | Reward:  -17.90 | Battery:   0.00% | Loss: 0.0063
Placing Sensors
DQN loss 0.00642 | Q -2.1410 | tgt -2.1262 | eps 0.191 | replay 127730
[Episode 958/400] Steps:  94 | Reward:  -17.74 | Battery:   0.00% | Loss: 0.0064
Placing Sensors
DQN loss 0.00631 | Q -2.1401 | tgt -2.1321 | eps 0.190 | replay 127834
[Episode 959/400] Steps: 104 | Reward:  -17.65 | Battery:   0.00% | Loss: 0.0063
Placing Sensors
DQN loss 0.02455 | Q -2.1287 | tgt -2.1114 | eps 0.190 | replay 127903
[Episode 960/400] Steps:  69 | Reward:  -17.72 | Battery:   0.00% | Loss: 0.0245
Placing Sensors
DQN loss 0.01276 | Q -2.1125 | tgt -2.1129 | eps 0.189 | replay 127998
[Episode 961/400] Steps:  95 | Reward:  -17.69 | Battery:   0.00% | Loss: 0.0128
Placing Sensors
DQN loss 0.02407 | Q -2.1267 | tgt -2.1030 | eps 0.185 | replay 128718
[Episode 962/400] Steps: 720 | Reward:   -8.03 | Battery:  43.73% | Loss: 0.0241
Placing Sensors
DQN loss 0.00019 | Q -2.1344 | tgt -2.1384 | eps 0.184 | replay 128777
[Episode 963/400] Steps:  59 | Reward:  -18.01 | Battery:   0.00% | Loss: 0.0002
Placing Sensors
DQN loss 0.03069 | Q -2.1346 | tgt -2.0982 | eps 0.184 | replay 128864
[Episode 964/400] Steps:  87 | Reward:  -17.77 | Battery:   0.00% | Loss: 0.0307
Placing Sensors
DQN loss 0.01268 | Q -2.1265 | tgt -2.1166 | eps 0.183 | replay 128960
[Episode 965/400] Steps:  96 | Reward:  -17.72 | Battery:   0.00% | Loss: 0.0127
Placing Sensors
DQN loss 0.01856 | Q -2.1245 | tgt -2.1083 | eps 0.183 | replay 129033
[Episode 966/400] Steps:  73 | Reward:  -18.16 | Battery:   0.00% | Loss: 0.0186
Placing Sensors
DQN loss 0.00646 | Q -2.1237 | tgt -2.1283 | eps 0.182 | replay 129115
[Episode 967/400] Steps:  82 | Reward:  -17.79 | Battery:   0.00% | Loss: 0.0065
Placing Sensors
DQN loss 0.01830 | Q -2.1130 | tgt -2.0989 | eps 0.182 | replay 129202
[Episode 968/400] Steps:  87 | Reward:  -17.66 | Battery:   0.00% | Loss: 0.0183
Placing Sensors
DQN loss 0.03137 | Q -2.1298 | tgt -2.0929 | eps 0.181 | replay 129287
[Episode 969/400] Steps:  85 | Reward:  -17.62 | Battery:   0.00% | Loss: 0.0314
Placing Sensors
DQN loss 0.01318 | Q -2.1109 | tgt -2.1104 | eps 0.180 | replay 129397
[Episode 970/400] Steps: 110 | Reward:  -17.43 | Battery:   0.00% | Loss: 0.0132
Placing Sensors
DQN loss 0.01143 | Q -2.1104 | tgt -2.1146 | eps 0.180 | replay 129517
[Episode 971/400] Steps: 120 | Reward:  -17.39 | Battery:   0.00% | Loss: 0.0114
Placing Sensors
DQN loss 0.00335 | Q -2.1274 | tgt -2.1267 | eps 0.179 | replay 129599
[Episode 972/400] Steps:  82 | Reward:  -17.82 | Battery:   0.00% | Loss: 0.0033
Placing Sensors
DQN loss 0.01265 | Q -2.1243 | tgt -2.1097 | eps 0.179 | replay 129679
[Episode 973/400] Steps:  80 | Reward:  -17.88 | Battery:   0.00% | Loss: 0.0126
Placing Sensors
DQN loss 0.01101 | Q -2.1226 | tgt -2.1107 | eps 0.178 | replay 129789
[Episode 974/400] Steps: 110 | Reward:  -17.56 | Battery:   0.00% | Loss: 0.0110
Placing Sensors
DQN loss 0.01517 | Q -2.1093 | tgt -2.1011 | eps 0.178 | replay 129867
[Episode 975/400] Steps:  78 | Reward:  -17.83 | Battery:   0.00% | Loss: 0.0152
Placing Sensors
DQN loss 0.01209 | Q -2.1245 | tgt -2.1228 | eps 0.177 | replay 129936
[Episode 976/400] Steps:  69 | Reward:  -17.84 | Battery:   0.00% | Loss: 0.0121
Placing Sensors
DQN loss 0.01852 | Q -2.1211 | tgt -2.1041 | eps 0.176 | replay 130036
[Episode 977/400] Steps: 100 | Reward:  -17.90 | Battery:   0.00% | Loss: 0.0185
Placing Sensors
DQN loss 0.01194 | Q -2.1317 | tgt -2.1190 | eps 0.176 | replay 130123
[Episode 978/400] Steps:  87 | Reward:  -18.00 | Battery:   0.00% | Loss: 0.0119
Placing Sensors
DQN loss 0.00025 | Q -2.1295 | tgt -2.1282 | eps 0.175 | replay 130250
[Episode 979/400] Steps: 127 | Reward:  -17.62 | Battery:   0.00% | Loss: 0.0003
Placing Sensors
DQN loss 0.01889 | Q -2.1283 | tgt -2.1096 | eps 0.174 | replay 130380
[Episode 980/400] Steps: 130 | Reward:  -17.87 | Battery:   0.00% | Loss: 0.0189
Placing Sensors
DQN loss 0.00646 | Q -2.1193 | tgt -2.1271 | eps 0.174 | replay 130478
[Episode 981/400] Steps:  98 | Reward:  -17.72 | Battery:   0.00% | Loss: 0.0065
Placing Sensors
DQN loss 0.00039 | Q -2.1409 | tgt -2.1338 | eps 0.173 | replay 130546
[Episode 982/400] Steps:  68 | Reward:  -18.00 | Battery:   0.00% | Loss: 0.0004
Placing Sensors
DQN loss 0.02426 | Q -2.1217 | tgt -2.1003 | eps 0.173 | replay 130629
[Episode 983/400] Steps:  83 | Reward:  -17.87 | Battery:   0.00% | Loss: 0.0243
Placing Sensors
DQN loss 0.00994 | Q -2.1423 | tgt -2.1217 | eps 0.172 | replay 130741
[Episode 984/400] Steps: 112 | Reward:  -17.61 | Battery:   0.00% | Loss: 0.0099
Placing Sensors
DQN loss 0.01780 | Q -2.1097 | tgt -2.1074 | eps 0.171 | replay 130819
[Episode 985/400] Steps:  78 | Reward:  -17.78 | Battery:   0.00% | Loss: 0.0178
Placing Sensors
DQN loss 0.00103 | Q -2.1322 | tgt -2.1381 | eps 0.171 | replay 130894
[Episode 986/400] Steps:  75 | Reward:  -17.82 | Battery:   0.00% | Loss: 0.0010
Placing Sensors
DQN loss 0.00637 | Q -2.1239 | tgt -2.1278 | eps 0.170 | replay 131003
[Episode 987/400] Steps: 109 | Reward:  -17.58 | Battery:   0.00% | Loss: 0.0064
Placing Sensors
DQN loss 0.00035 | Q -2.1247 | tgt -2.1339 | eps 0.170 | replay 131080
[Episode 988/400] Steps:  77 | Reward:  -17.82 | Battery:   0.00% | Loss: 0.0004
Placing Sensors
DQN loss 0.00037 | Q -2.1234 | tgt -2.1328 | eps 0.169 | replay 131187
[Episode 989/400] Steps: 107 | Reward:  -17.58 | Battery:   0.00% | Loss: 0.0004
Placing Sensors
DQN loss 0.00026 | Q -2.1277 | tgt -2.1359 | eps 0.169 | replay 131273
[Episode 990/400] Steps:  86 | Reward:  -17.74 | Battery:   0.00% | Loss: 0.0003
Placing Sensors
DQN loss 0.01265 | Q -2.0904 | tgt -2.0935 | eps 0.168 | replay 131364
[Episode 991/400] Steps:  91 | Reward:  -17.76 | Battery:   0.00% | Loss: 0.0127
Placing Sensors
DQN loss 0.01316 | Q -2.1047 | tgt -2.0946 | eps 0.167 | replay 131472
[Episode 992/400] Steps: 108 | Reward:  -17.78 | Battery:   0.00% | Loss: 0.0132
Placing Sensors
DQN loss 0.00640 | Q -2.1006 | tgt -2.1058 | eps 0.167 | replay 131552
[Episode 993/400] Steps:  80 | Reward:  -17.50 | Battery:   0.00% | Loss: 0.0064
Placing Sensors
DQN loss 0.01882 | Q -2.1093 | tgt -2.0880 | eps 0.166 | replay 131621
[Episode 994/400] Steps:  69 | Reward:  -17.83 | Battery:   0.00% | Loss: 0.0188
Placing Sensors
DQN loss 0.01289 | Q -2.1050 | tgt -2.0944 | eps 0.166 | replay 131727
[Episode 995/400] Steps: 106 | Reward:  -17.56 | Battery:   0.00% | Loss: 0.0129
Placing Sensors
DQN loss 0.00022 | Q -2.1146 | tgt -2.1167 | eps 0.165 | replay 131832
[Episode 996/400] Steps: 105 | Reward:  -17.49 | Battery:   0.00% | Loss: 0.0002
Placing Sensors
DQN loss 0.01755 | Q -2.1108 | tgt -2.0873 | eps 0.165 | replay 131900
[Episode 997/400] Steps:  68 | Reward:  -17.85 | Battery:   0.00% | Loss: 0.0175
Placing Sensors
DQN loss 0.01882 | Q -2.1159 | tgt -2.0921 | eps 0.164 | replay 131993
[Episode 998/400] Steps:  93 | Reward:  -17.81 | Battery:   0.00% | Loss: 0.0188
Placing Sensors
DQN loss 0.01793 | Q -2.1015 | tgt -2.0963 | eps 0.163 | replay 132097
[Episode 999/400] Steps: 104 | Reward:  -17.55 | Battery:   0.00% | Loss: 0.0179
Placing Sensors
DQN loss 0.01292 | Q -2.1011 | tgt -2.1113 | eps 0.163 | replay 132222
[Episode 1000/400] Steps: 125 | Reward:  -17.73 | Battery:   0.00% | Loss: 0.0129
Placing Sensors
DQN loss 0.00023 | Q -2.1238 | tgt -2.1212 | eps 0.162 | replay 132292
[Episode 1001/400] Steps:  70 | Reward:  -17.93 | Battery:   0.00% | Loss: 0.0002
Placing Sensors
DQN loss 0.01833 | Q -2.1146 | tgt -2.1004 | eps 0.161 | replay 132407
[Episode 1002/400] Steps: 115 | Reward:  -17.82 | Battery:   0.00% | Loss: 0.0183
Placing Sensors
DQN loss 0.00616 | Q -2.1116 | tgt -2.1108 | eps 0.161 | replay 132474
[Episode 1003/400] Steps:  67 | Reward:  -17.75 | Battery:   0.00% | Loss: 0.0062
Placing Sensors
DQN loss 0.01855 | Q -2.1072 | tgt -2.0938 | eps 0.160 | replay 132553
[Episode 1004/400] Steps:  79 | Reward:  -17.85 | Battery:   0.00% | Loss: 0.0185
Placing Sensors
DQN loss 0.00640 | Q -2.1110 | tgt -2.1113 | eps 0.160 | replay 132614
[Episode 1005/400] Steps:  61 | Reward:  -17.85 | Battery:   0.00% | Loss: 0.0064
Placing Sensors
DQN loss 0.01217 | Q -2.0985 | tgt -2.0944 | eps 0.156 | replay 133334
[Episode 1006/400] Steps: 720 | Reward:   -8.83 | Battery:  51.33% | Loss: 0.0122
Placing Sensors
DQN loss 0.01322 | Q -2.0900 | tgt -2.0945 | eps 0.155 | replay 133405
[Episode 1007/400] Steps:  71 | Reward:  -17.81 | Battery:   0.00% | Loss: 0.0132
Placing Sensors
DQN loss 0.01255 | Q -2.1068 | tgt -2.1001 | eps 0.154 | replay 133590
[Episode 1008/400] Steps: 185 | Reward:  -17.49 | Battery:   0.00% | Loss: 0.0126
Placing Sensors
DQN loss 0.02933 | Q -2.1181 | tgt -2.0802 | eps 0.154 | replay 133655
[Episode 1009/400] Steps:  65 | Reward:  -17.75 | Battery:   0.00% | Loss: 0.0293
Placing Sensors
DQN loss 0.00036 | Q -2.1087 | tgt -2.1197 | eps 0.153 | replay 133732
[Episode 1010/400] Steps:  77 | Reward:  -17.60 | Battery:   0.00% | Loss: 0.0004
Placing Sensors
DQN loss 0.01234 | Q -2.1160 | tgt -2.1054 | eps 0.148 | replay 134452
[Episode 1011/400] Steps: 720 | Reward:   -9.66 | Battery:  16.13% | Loss: 0.0123
Placing Sensors
DQN loss 0.01025 | Q -2.1118 | tgt -2.1020 | eps 0.148 | replay 134578
[Episode 1012/400] Steps: 126 | Reward:  -17.63 | Battery:   0.00% | Loss: 0.0102
Placing Sensors
DQN loss 0.01865 | Q -2.1188 | tgt -2.0925 | eps 0.147 | replay 134655
[Episode 1013/400] Steps:  77 | Reward:  -17.80 | Battery:   0.00% | Loss: 0.0187
Placing Sensors
DQN loss 0.00638 | Q -2.1121 | tgt -2.1099 | eps 0.147 | replay 134735
[Episode 1014/400] Steps:  80 | Reward:  -17.62 | Battery:   0.00% | Loss: 0.0064
Placing Sensors
DQN loss 0.01179 | Q -2.1020 | tgt -2.1012 | eps 0.142 | replay 135455
[Episode 1015/400] Steps: 720 | Reward:   -7.29 | Battery:  38.57% | Loss: 0.0118
Placing Sensors
DQN loss 0.01808 | Q -2.1004 | tgt -2.0963 | eps 0.141 | replay 135576
[Episode 1016/400] Steps: 121 | Reward:  -18.00 | Battery:   0.00% | Loss: 0.0181
Placing Sensors
DQN loss 0.00644 | Q -2.1038 | tgt -2.1112 | eps 0.137 | replay 136296
[Episode 1017/400] Steps: 720 | Reward:  -10.36 | Battery:  29.93% | Loss: 0.0064
Placing Sensors
DQN loss 0.00040 | Q -2.1001 | tgt -2.1189 | eps 0.136 | replay 136389
[Episode 1018/400] Steps:  93 | Reward:  -17.83 | Battery:   0.00% | Loss: 0.0004
Placing Sensors
DQN loss 0.00660 | Q -2.1157 | tgt -2.1046 | eps 0.136 | replay 136485
[Episode 1019/400] Steps:  96 | Reward:  -17.83 | Battery:   0.00% | Loss: 0.0066
Placing Sensors
DQN loss 0.00035 | Q -2.1072 | tgt -2.1212 | eps 0.131 | replay 137205
[Episode 1020/400] Steps: 720 | Reward:   -9.00 | Battery:  35.74% | Loss: 0.0004
Placing Sensors
DQN loss 0.01334 | Q -2.1266 | tgt -2.1079 | eps 0.131 | replay 137277
[Episode 1021/400] Steps:  72 | Reward:  -17.72 | Battery:   0.00% | Loss: 0.0133
Placing Sensors
DQN loss 0.00620 | Q -2.1193 | tgt -2.1121 | eps 0.130 | replay 137412
[Episode 1022/400] Steps: 135 | Reward:  -17.44 | Battery:   0.00% | Loss: 0.0062
Placing Sensors
DQN loss 0.00138 | Q -2.1099 | tgt -2.1095 | eps 0.125 | replay 138132
[Episode 1023/400] Steps: 720 | Reward:   -9.61 | Battery:  58.34% | Loss: 0.0014
Placing Sensors
DQN loss 0.01219 | Q -2.1194 | tgt -2.1032 | eps 0.124 | replay 138268
[Episode 1024/400] Steps: 136 | Reward:  -17.43 | Battery:   0.00% | Loss: 0.0122
Placing Sensors
DQN loss 0.00614 | Q -2.0991 | tgt -2.1053 | eps 0.124 | replay 138351
[Episode 1025/400] Steps:  83 | Reward:  -17.63 | Battery:   0.00% | Loss: 0.0061
Placing Sensors
DQN loss 0.00641 | Q -2.1184 | tgt -2.1100 | eps 0.123 | replay 138454
[Episode 1026/400] Steps: 103 | Reward:  -17.63 | Battery:   0.00% | Loss: 0.0064
Placing Sensors
DQN loss 0.01788 | Q -2.1104 | tgt -2.0874 | eps 0.123 | replay 138543
[Episode 1027/400] Steps:  89 | Reward:  -17.68 | Battery:   0.00% | Loss: 0.0179
Placing Sensors
DQN loss 0.00648 | Q -2.0982 | tgt -2.1046 | eps 0.122 | replay 138607
[Episode 1028/400] Steps:  64 | Reward:  -17.89 | Battery:   0.00% | Loss: 0.0065
Placing Sensors
DQN loss 0.01252 | Q -2.1097 | tgt -2.1003 | eps 0.122 | replay 138690
[Episode 1029/400] Steps:  83 | Reward:  -17.94 | Battery:   0.00% | Loss: 0.0125
Placing Sensors
DQN loss 0.00470 | Q -2.1072 | tgt -2.1075 | eps 0.121 | replay 138790
[Episode 1030/400] Steps: 100 | Reward:  -17.31 | Battery:   0.00% | Loss: 0.0047
Placing Sensors
DQN loss 0.01225 | Q -2.1198 | tgt -2.1044 | eps 0.121 | replay 138868
[Episode 1031/400] Steps:  78 | Reward:  -17.95 | Battery:   0.00% | Loss: 0.0122
Placing Sensors
DQN loss 0.02407 | Q -2.1042 | tgt -2.0803 | eps 0.120 | replay 138957
[Episode 1032/400] Steps:  89 | Reward:  -17.62 | Battery:   0.00% | Loss: 0.0241
Placing Sensors
DQN loss 0.00720 | Q -2.1308 | tgt -2.1147 | eps 0.119 | replay 139040
[Episode 1033/400] Steps:  83 | Reward:  -17.77 | Battery:   0.00% | Loss: 0.0072
Placing Sensors
DQN loss 0.01231 | Q -2.0951 | tgt -2.0851 | eps 0.115 | replay 139760
[Episode 1034/400] Steps: 720 | Reward:   -8.23 | Battery:  42.93% | Loss: 0.0123
Placing Sensors
DQN loss 0.00604 | Q -2.0963 | tgt -2.0871 | eps 0.110 | replay 140480
[Episode 1035/400] Steps: 720 | Reward:  -12.15 | Battery:  18.70% | Loss: 0.0060
Placing Sensors
DQN loss 0.02070 | Q -2.0879 | tgt -2.0775 | eps 0.109 | replay 140623
[Episode 1036/400] Steps: 143 | Reward:  -17.57 | Battery:   0.00% | Loss: 0.0207
Placing Sensors
DQN loss 0.01231 | Q -2.1045 | tgt -2.0886 | eps 0.105 | replay 141327
[Episode 1037/400] Steps: 704 | Reward:  -11.15 | Battery:   0.00% | Loss: 0.0123
Placing Sensors
DQN loss 0.00611 | Q -2.1035 | tgt -2.1008 | eps 0.104 | replay 141413
[Episode 1038/400] Steps:  86 | Reward:  -17.64 | Battery:   0.00% | Loss: 0.0061
Placing Sensors
DQN loss 0.00629 | Q -2.0874 | tgt -2.0946 | eps 0.104 | replay 141474
[Episode 1039/400] Steps:  61 | Reward:  -18.21 | Battery:   0.00% | Loss: 0.0063
Placing Sensors
DQN loss 0.01248 | Q -2.1005 | tgt -2.0796 | eps 0.104 | replay 141538
[Episode 1040/400] Steps:  64 | Reward:  -17.91 | Battery:   0.00% | Loss: 0.0125
Placing Sensors
DQN loss 0.01750 | Q -2.0945 | tgt -2.0786 | eps 0.103 | replay 141618
[Episode 1041/400] Steps:  80 | Reward:  -17.74 | Battery:   0.00% | Loss: 0.0175
Placing Sensors
DQN loss 0.01829 | Q -2.1018 | tgt -2.0846 | eps 0.102 | replay 141733
[Episode 1042/400] Steps: 115 | Reward:  -17.88 | Battery:   0.00% | Loss: 0.0183
Placing Sensors
DQN loss 0.01813 | Q -2.0800 | tgt -2.0713 | eps 0.102 | replay 141801
[Episode 1043/400] Steps:  68 | Reward:  -17.89 | Battery:   0.00% | Loss: 0.0181
Placing Sensors
DQN loss 0.00644 | Q -2.0830 | tgt -2.0950 | eps 0.101 | replay 141961
[Episode 1044/400] Steps: 160 | Reward:  -17.34 | Battery:   0.00% | Loss: 0.0064
Placing Sensors
DQN loss 0.00592 | Q -2.1014 | tgt -2.0921 | eps 0.100 | replay 142040
[Episode 1045/400] Steps:  79 | Reward:  -17.74 | Battery:   0.00% | Loss: 0.0059
Placing Sensors
DQN loss 0.00634 | Q -2.0863 | tgt -2.0907 | eps 0.100 | replay 142120
[Episode 1046/400] Steps:  80 | Reward:  -18.14 | Battery:   0.00% | Loss: 0.0063
Placing Sensors
DQN loss 0.01236 | Q -2.0901 | tgt -2.0835 | eps 0.100 | replay 142183
[Episode 1047/400] Steps:  63 | Reward:  -17.77 | Battery:   0.00% | Loss: 0.0124
Placing Sensors
DQN loss 0.01834 | Q -2.1063 | tgt -2.0747 | eps 0.099 | replay 142284
[Episode 1048/400] Steps: 101 | Reward:  -17.45 | Battery:   0.00% | Loss: 0.0183
Placing Sensors
DQN loss 0.02447 | Q -2.0803 | tgt -2.0589 | eps 0.098 | replay 142376
[Episode 1049/400] Steps:  92 | Reward:  -17.49 | Battery:   0.00% | Loss: 0.0245
Placing Sensors
DQN loss 0.00622 | Q -2.1027 | tgt -2.0886 | eps 0.098 | replay 142492
[Episode 1050/400] Steps: 116 | Reward:  -17.52 | Battery:   0.00% | Loss: 0.0062
Placing Sensors
DQN loss 0.01844 | Q -2.0885 | tgt -2.0684 | eps 0.097 | replay 142571
[Episode 1051/400] Steps:  79 | Reward:  -17.79 | Battery:   0.00% | Loss: 0.0184
Placing Sensors
DQN loss 0.01781 | Q -2.0902 | tgt -2.0719 | eps 0.096 | replay 142701
[Episode 1052/400] Steps: 130 | Reward:  -17.47 | Battery:   0.00% | Loss: 0.0178
Placing Sensors
DQN loss 0.00069 | Q -2.0760 | tgt -2.0911 | eps 0.096 | replay 142763
[Episode 1053/400] Steps:  62 | Reward:  -17.85 | Battery:   0.00% | Loss: 0.0007
Placing Sensors
DQN loss 0.00625 | Q -2.0992 | tgt -2.0936 | eps 0.095 | replay 142833
[Episode 1054/400] Steps:  70 | Reward:  -17.75 | Battery:   0.00% | Loss: 0.0063
Placing Sensors
DQN loss 0.00566 | Q -2.0853 | tgt -2.0936 | eps 0.095 | replay 142965
[Episode 1055/400] Steps: 132 | Reward:  -17.43 | Battery:   0.00% | Loss: 0.0057
Placing Sensors
DQN loss 0.02958 | Q -2.0919 | tgt -2.0589 | eps 0.094 | replay 143069
[Episode 1056/400] Steps: 104 | Reward:  -17.65 | Battery:   0.00% | Loss: 0.0296
Placing Sensors
DQN loss 0.01189 | Q -2.0937 | tgt -2.0807 | eps 0.089 | replay 143789
[Episode 1057/400] Steps: 720 | Reward:   -8.76 | Battery:  38.69% | Loss: 0.0119
Placing Sensors
DQN loss 0.00635 | Q -2.0885 | tgt -2.0910 | eps 0.085 | replay 144509
[Episode 1058/400] Steps: 720 | Reward:  -10.06 | Battery:  43.96% | Loss: 0.0064
Placing Sensors
DQN loss 0.01868 | Q -2.0925 | tgt -2.0749 | eps 0.084 | replay 144623
[Episode 1059/400] Steps: 114 | Reward:  -17.52 | Battery:   0.00% | Loss: 0.0187
Placing Sensors
DQN loss 0.01842 | Q -2.0822 | tgt -2.0774 | eps 0.084 | replay 144701
[Episode 1060/400] Steps:  78 | Reward:  -17.67 | Battery:   0.00% | Loss: 0.0184
Placing Sensors
DQN loss 0.01784 | Q -2.0995 | tgt -2.0735 | eps 0.083 | replay 144771
[Episode 1061/400] Steps:  70 | Reward:  -17.74 | Battery:   0.00% | Loss: 0.0178
Placing Sensors
DQN loss 0.01366 | Q -2.0701 | tgt -2.0742 | eps 0.083 | replay 144854
[Episode 1062/400] Steps:  83 | Reward:  -17.30 | Battery:   0.00% | Loss: 0.0137
Placing Sensors
DQN loss 0.02289 | Q -2.0773 | tgt -2.0679 | eps 0.082 | replay 144941
[Episode 1063/400] Steps:  87 | Reward:  -17.72 | Battery:   0.00% | Loss: 0.0229
Placing Sensors
DQN loss 0.01810 | Q -2.0892 | tgt -2.0768 | eps 0.081 | replay 145029
[Episode 1064/400] Steps:  88 | Reward:  -17.96 | Battery:   0.00% | Loss: 0.0181
Placing Sensors
DQN loss 0.00635 | Q -2.0804 | tgt -2.0844 | eps 0.081 | replay 145104
[Episode 1065/400] Steps:  75 | Reward:  -17.77 | Battery:   0.00% | Loss: 0.0063
Placing Sensors
DQN loss 0.01219 | Q -2.0913 | tgt -2.0868 | eps 0.080 | replay 145203
[Episode 1066/400] Steps:  99 | Reward:  -17.85 | Battery:   0.00% | Loss: 0.0122
Placing Sensors
DQN loss 0.00594 | Q -2.0902 | tgt -2.0877 | eps 0.080 | replay 145280
[Episode 1067/400] Steps:  77 | Reward:  -17.73 | Battery:   0.00% | Loss: 0.0059
Placing Sensors
DQN loss 0.01764 | Q -2.0802 | tgt -2.0734 | eps 0.079 | replay 145378
[Episode 1068/400] Steps:  98 | Reward:  -17.59 | Battery:   0.00% | Loss: 0.0176
Placing Sensors
DQN loss 0.01235 | Q -2.1021 | tgt -2.0827 | eps 0.079 | replay 145455
[Episode 1069/400] Steps:  77 | Reward:  -17.54 | Battery:   0.00% | Loss: 0.0124
Placing Sensors
DQN loss 0.01158 | Q -2.0984 | tgt -2.0833 | eps 0.078 | replay 145551
[Episode 1070/400] Steps:  96 | Reward:  -17.79 | Battery:   0.00% | Loss: 0.0116
Placing Sensors
DQN loss 0.01853 | Q -2.1002 | tgt -2.0748 | eps 0.077 | replay 145673
[Episode 1071/400] Steps: 122 | Reward:  -17.42 | Battery:   0.00% | Loss: 0.0185
Placing Sensors
DQN loss 0.00959 | Q -2.0812 | tgt -2.0912 | eps 0.077 | replay 145770
[Episode 1072/400] Steps:  97 | Reward:  -17.66 | Battery:   0.00% | Loss: 0.0096
Placing Sensors
DQN loss 0.02851 | Q -2.0886 | tgt -2.0599 | eps 0.072 | replay 146490
[Episode 1073/400] Steps: 720 | Reward:  -11.62 | Battery:   8.59% | Loss: 0.0285
Placing Sensors
DQN loss 0.01803 | Q -2.0921 | tgt -2.0790 | eps 0.072 | replay 146594
[Episode 1074/400] Steps: 104 | Reward:  -17.66 | Battery:   0.00% | Loss: 0.0180
Placing Sensors
DQN loss 0.00640 | Q -2.0960 | tgt -2.0876 | eps 0.071 | replay 146684
[Episode 1075/400] Steps:  90 | Reward:  -17.48 | Battery:   0.00% | Loss: 0.0064
Placing Sensors
DQN loss 0.02417 | Q -2.0913 | tgt -2.0663 | eps 0.070 | replay 146776
[Episode 1076/400] Steps:  92 | Reward:  -17.66 | Battery:   0.00% | Loss: 0.0242
Placing Sensors
DQN loss 0.01816 | Q -2.0987 | tgt -2.0776 | eps 0.070 | replay 146868
[Episode 1077/400] Steps:  92 | Reward:  -17.61 | Battery:   0.00% | Loss: 0.0182
Placing Sensors
DQN loss 0.01833 | Q -2.0981 | tgt -2.0721 | eps 0.069 | replay 146972
[Episode 1078/400] Steps: 104 | Reward:  -17.63 | Battery:   0.00% | Loss: 0.0183
Placing Sensors
DQN loss 0.01190 | Q -2.0796 | tgt -2.0769 | eps 0.069 | replay 147058
[Episode 1079/400] Steps:  86 | Reward:  -17.81 | Battery:   0.00% | Loss: 0.0119
Placing Sensors
DQN loss 0.01198 | Q -2.0886 | tgt -2.0784 | eps 0.068 | replay 147138
[Episode 1080/400] Steps:  80 | Reward:  -17.78 | Battery:   0.00% | Loss: 0.0120
Placing Sensors
DQN loss 0.03144 | Q -2.0764 | tgt -2.0559 | eps 0.067 | replay 147272
[Episode 1081/400] Steps: 134 | Reward:  -17.29 | Battery:   0.00% | Loss: 0.0314
Placing Sensors
DQN loss 0.01232 | Q -2.0885 | tgt -2.0822 | eps 0.067 | replay 147344
[Episode 1082/400] Steps:  72 | Reward:  -17.45 | Battery:   0.00% | Loss: 0.0123
Placing Sensors
DQN loss 0.00660 | Q -2.0519 | tgt -2.0631 | eps 0.066 | replay 147460
[Episode 1083/400] Steps: 116 | Reward:  -17.63 | Battery:   0.00% | Loss: 0.0066
Placing Sensors
DQN loss 0.00696 | Q -2.0846 | tgt -2.0692 | eps 0.066 | replay 147537
[Episode 1084/400] Steps:  77 | Reward:  -17.76 | Battery:   0.00% | Loss: 0.0070
Placing Sensors
DQN loss 0.00612 | Q -2.0742 | tgt -2.0673 | eps 0.065 | replay 147613
[Episode 1085/400] Steps:  76 | Reward:  -17.88 | Battery:   0.00% | Loss: 0.0061
Placing Sensors
DQN loss 0.01061 | Q -2.0756 | tgt -2.0716 | eps 0.065 | replay 147710
[Episode 1086/400] Steps:  97 | Reward:  -17.74 | Battery:   0.00% | Loss: 0.0106
Placing Sensors
DQN loss 0.00037 | Q -2.0858 | tgt -2.0888 | eps 0.064 | replay 147772
[Episode 1087/400] Steps:  62 | Reward:  -17.80 | Battery:   0.00% | Loss: 0.0004
Placing Sensors
DQN loss 0.02130 | Q -2.0614 | tgt -2.0504 | eps 0.064 | replay 147849
[Episode 1088/400] Steps:  77 | Reward:  -17.79 | Battery:   0.00% | Loss: 0.0213
Placing Sensors
DQN loss 0.01387 | Q -2.0767 | tgt -2.0553 | eps 0.063 | replay 148014
[Episode 1089/400] Steps: 165 | Reward:  -17.66 | Battery:   0.00% | Loss: 0.0139
Placing Sensors
DQN loss 0.00623 | Q -2.0892 | tgt -2.0785 | eps 0.062 | replay 148081
[Episode 1090/400] Steps:  67 | Reward:  -17.83 | Battery:   0.00% | Loss: 0.0062
Placing Sensors
DQN loss 0.01213 | Q -2.0851 | tgt -2.0710 | eps 0.058 | replay 148801
[Episode 1091/400] Steps: 720 | Reward:   -6.52 | Battery:  52.02% | Loss: 0.0121
Placing Sensors
DQN loss 0.00047 | Q -2.0835 | tgt -2.0864 | eps 0.057 | replay 148885
[Episode 1092/400] Steps:  84 | Reward:  -17.68 | Battery:   0.00% | Loss: 0.0005
Placing Sensors
DQN loss 0.01247 | Q -2.0773 | tgt -2.0647 | eps 0.056 | replay 148989
[Episode 1093/400] Steps: 104 | Reward:  -17.64 | Battery:   0.00% | Loss: 0.0125
Placing Sensors
DQN loss 0.01112 | Q -2.0749 | tgt -2.0714 | eps 0.056 | replay 149079
[Episode 1094/400] Steps:  90 | Reward:  -17.94 | Battery:   0.00% | Loss: 0.0111
Placing Sensors
DQN loss 0.01158 | Q -2.0739 | tgt -2.0661 | eps 0.051 | replay 149799
[Episode 1095/400] Steps: 720 | Reward:   -6.76 | Battery:  63.63% | Loss: 0.0116
Placing Sensors
DQN loss 0.00633 | Q -2.0812 | tgt -2.0700 | eps 0.051 | replay 149863
[Episode 1096/400] Steps:  64 | Reward:  -18.30 | Battery:   0.00% | Loss: 0.0063
Placing Sensors
DQN loss 0.00060 | Q -2.0603 | tgt -2.0735 | eps 0.050 | replay 149944
[Episode 1097/400] Steps:  81 | Reward:  -17.77 | Battery:   0.00% | Loss: 0.0006
Placing Sensors
DQN loss 0.01200 | Q -2.0567 | tgt -2.0605 | eps 0.050 | replay 150049
[Episode 1098/400] Steps: 105 | Reward:  -17.49 | Battery:   0.00% | Loss: 0.0120
Placing Sensors
DQN loss 0.01555 | Q -2.0886 | tgt -2.0565 | eps 0.050 | replay 150115
[Episode 1099/400] Steps:  66 | Reward:  -17.73 | Battery:   0.00% | Loss: 0.0156
Placing Sensors
DQN loss 0.00602 | Q -2.0835 | tgt -2.0787 | eps 0.050 | replay 150206
[Episode 1100/400] Steps:  91 | Reward:  -17.74 | Battery:   0.00% | Loss: 0.0060
Placing Sensors
DQN loss 0.00026 | Q -2.0856 | tgt -2.0910 | eps 0.050 | replay 150300
[Episode 1101/400] Steps:  94 | Reward:  -17.41 | Battery:   0.00% | Loss: 0.0003
Placing Sensors
DQN loss 0.01177 | Q -2.0881 | tgt -2.0724 | eps 0.050 | replay 150378
[Episode 1102/400] Steps:  78 | Reward:  -17.76 | Battery:   0.00% | Loss: 0.0118
Placing Sensors
DQN loss 0.02832 | Q -2.0774 | tgt -2.0416 | eps 0.050 | replay 150499
[Episode 1103/400] Steps: 121 | Reward:  -17.66 | Battery:   0.00% | Loss: 0.0283
Placing Sensors
DQN loss 0.00620 | Q -2.0888 | tgt -2.0798 | eps 0.050 | replay 150585
[Episode 1104/400] Steps:  86 | Reward:  -17.71 | Battery:   0.00% | Loss: 0.0062
Placing Sensors
DQN loss 0.00103 | Q -2.0724 | tgt -2.0859 | eps 0.050 | replay 150660
[Episode 1105/400] Steps:  75 | Reward:  -17.69 | Battery:   0.00% | Loss: 0.0010
Placing Sensors
DQN loss 0.01105 | Q -2.0682 | tgt -2.0656 | eps 0.050 | replay 150756
[Episode 1106/400] Steps:  96 | Reward:  -17.66 | Battery:   0.00% | Loss: 0.0110
Placing Sensors
DQN loss 0.01105 | Q -2.0629 | tgt -2.0639 | eps 0.050 | replay 150865
[Episode 1107/400] Steps: 109 | Reward:  -17.44 | Battery:   0.00% | Loss: 0.0111
Placing Sensors
DQN loss 0.00602 | Q -2.0657 | tgt -2.0794 | eps 0.050 | replay 150935
[Episode 1108/400] Steps:  70 | Reward:  -18.10 | Battery:   0.00% | Loss: 0.0060
Placing Sensors
DQN loss 0.01219 | Q -2.0725 | tgt -2.0692 | eps 0.050 | replay 151655
[Episode 1109/400] Steps: 720 | Reward:   -7.64 | Battery:  43.48% | Loss: 0.0122
Placing Sensors
DQN loss 0.00597 | Q -2.0866 | tgt -2.0795 | eps 0.050 | replay 151739
[Episode 1110/400] Steps:  84 | Reward:  -17.86 | Battery:   0.00% | Loss: 0.0060
Placing Sensors
DQN loss 0.00557 | Q -2.0887 | tgt -2.0732 | eps 0.050 | replay 151803
[Episode 1111/400] Steps:  64 | Reward:  -18.35 | Battery:   0.00% | Loss: 0.0056
Placing Sensors
DQN loss 0.01839 | Q -2.0730 | tgt -2.0623 | eps 0.050 | replay 151893
[Episode 1112/400] Steps:  90 | Reward:  -17.45 | Battery:   0.00% | Loss: 0.0184
Placing Sensors
DQN loss 0.00617 | Q -2.0815 | tgt -2.0838 | eps 0.050 | replay 152030
[Episode 1113/400] Steps: 137 | Reward:  -17.37 | Battery:   0.00% | Loss: 0.0062
Placing Sensors
DQN loss 0.01192 | Q -2.0783 | tgt -2.0702 | eps 0.050 | replay 152095
[Episode 1114/400] Steps:  65 | Reward:  -17.86 | Battery:   0.00% | Loss: 0.0119
Placing Sensors
DQN loss 0.00628 | Q -2.0751 | tgt -2.0773 | eps 0.050 | replay 152175
[Episode 1115/400] Steps:  80 | Reward:  -17.52 | Battery:   0.00% | Loss: 0.0063
Placing Sensors
DQN loss 0.01546 | Q -2.0623 | tgt -2.0579 | eps 0.050 | replay 152253
[Episode 1116/400] Steps:  78 | Reward:  -17.94 | Battery:   0.00% | Loss: 0.0155
Placing Sensors
DQN loss 0.01882 | Q -2.0879 | tgt -2.0603 | eps 0.050 | replay 152318
[Episode 1117/400] Steps:  65 | Reward:  -17.84 | Battery:   0.00% | Loss: 0.0188
Placing Sensors
DQN loss 0.01250 | Q -2.0646 | tgt -2.0639 | eps 0.050 | replay 152384
[Episode 1118/400] Steps:  66 | Reward:  -17.94 | Battery:   0.00% | Loss: 0.0125
Placing Sensors
DQN loss 0.01819 | Q -2.0904 | tgt -2.0703 | eps 0.050 | replay 152457
[Episode 1119/400] Steps:  73 | Reward:  -17.76 | Battery:   0.00% | Loss: 0.0182
Placing Sensors
DQN loss 0.01784 | Q -2.0647 | tgt -2.0530 | eps 0.050 | replay 152518
[Episode 1120/400] Steps:  61 | Reward:  -17.64 | Battery:   0.00% | Loss: 0.0178
Placing Sensors
DQN loss 0.01818 | Q -2.0738 | tgt -2.0544 | eps 0.050 | replay 152611
[Episode 1121/400] Steps:  93 | Reward:  -17.72 | Battery:   0.00% | Loss: 0.0182
Placing Sensors
DQN loss 0.01735 | Q -2.0711 | tgt -2.0562 | eps 0.050 | replay 152692
[Episode 1122/400] Steps:  81 | Reward:  -17.52 | Battery:   0.00% | Loss: 0.0174
Placing Sensors
DQN loss 0.00634 | Q -2.0637 | tgt -2.0691 | eps 0.050 | replay 152752
[Episode 1123/400] Steps:  60 | Reward:  -17.79 | Battery:   0.00% | Loss: 0.0063
Placing Sensors
DQN loss 0.01242 | Q -2.0654 | tgt -2.0700 | eps 0.050 | replay 152856
[Episode 1124/400] Steps: 104 | Reward:  -17.34 | Battery:   0.00% | Loss: 0.0124
Placing Sensors
DQN loss 0.01218 | Q -2.0722 | tgt -2.0696 | eps 0.050 | replay 152928
[Episode 1125/400] Steps:  72 | Reward:  -17.67 | Battery:   0.00% | Loss: 0.0122
Placing Sensors
DQN loss 0.00044 | Q -2.0767 | tgt -2.0836 | eps 0.050 | replay 153648
[Episode 1126/400] Steps: 720 | Reward:   -7.92 | Battery:  63.00% | Loss: 0.0004
Placing Sensors
DQN loss 0.01731 | Q -2.0691 | tgt -2.0598 | eps 0.050 | replay 153714
[Episode 1127/400] Steps:  66 | Reward:  -17.66 | Battery:   0.00% | Loss: 0.0173
Placing Sensors
DQN loss 0.00035 | Q -2.0835 | tgt -2.0927 | eps 0.050 | replay 153788
[Episode 1128/400] Steps:  74 | Reward:  -17.57 | Battery:   0.00% | Loss: 0.0003
Placing Sensors
DQN loss 0.00107 | Q -2.0634 | tgt -2.0788 | eps 0.050 | replay 153862
[Episode 1129/400] Steps:  74 | Reward:  -17.87 | Battery:   0.00% | Loss: 0.0011
Placing Sensors
DQN loss 0.02784 | Q -2.0813 | tgt -2.0422 | eps 0.050 | replay 153943
[Episode 1130/400] Steps:  81 | Reward:  -17.88 | Battery:   0.00% | Loss: 0.0278
Placing Sensors
DQN loss 0.01820 | Q -2.0839 | tgt -2.0584 | eps 0.050 | replay 154044
[Episode 1131/400] Steps: 101 | Reward:  -17.73 | Battery:   0.00% | Loss: 0.0182
Placing Sensors
DQN loss 0.01236 | Q -2.0587 | tgt -2.0595 | eps 0.050 | replay 154171
[Episode 1132/400] Steps: 127 | Reward:  -17.95 | Battery:   0.00% | Loss: 0.0124
Placing Sensors
DQN loss 0.01222 | Q -2.1003 | tgt -2.0727 | eps 0.050 | replay 154236
[Episode 1133/400] Steps:  65 | Reward:  -17.81 | Battery:   0.00% | Loss: 0.0122
Placing Sensors
DQN loss 0.01753 | Q -2.0695 | tgt -2.0581 | eps 0.050 | replay 154327
[Episode 1134/400] Steps:  91 | Reward:  -17.69 | Battery:   0.00% | Loss: 0.0175
Placing Sensors
DQN loss 0.02417 | Q -2.0910 | tgt -2.0521 | eps 0.050 | replay 154399
[Episode 1135/400] Steps:  72 | Reward:  -17.78 | Battery:   0.00% | Loss: 0.0242
Placing Sensors
DQN loss 0.02877 | Q -2.0661 | tgt -2.0405 | eps 0.050 | replay 154483
[Episode 1136/400] Steps:  84 | Reward:  -17.44 | Battery:   0.00% | Loss: 0.0288
Placing Sensors
DQN loss 0.01588 | Q -2.0759 | tgt -2.0592 | eps 0.050 | replay 154563
[Episode 1137/400] Steps:  80 | Reward:  -17.89 | Battery:   0.00% | Loss: 0.0159
Placing Sensors
DQN loss 0.00715 | Q -2.0762 | tgt -2.0718 | eps 0.050 | replay 154628
[Episode 1138/400] Steps:  65 | Reward:  -17.99 | Battery:   0.00% | Loss: 0.0071
Placing Sensors
DQN loss 0.01227 | Q -2.0912 | tgt -2.0711 | eps 0.050 | replay 154721
[Episode 1139/400] Steps:  93 | Reward:  -17.70 | Battery:   0.00% | Loss: 0.0123
Placing Sensors
DQN loss 0.01183 | Q -2.0691 | tgt -2.0590 | eps 0.050 | replay 154803
[Episode 1140/400] Steps:  82 | Reward:  -17.84 | Battery:   0.00% | Loss: 0.0118
Placing Sensors
DQN loss 0.01123 | Q -2.0661 | tgt -2.0656 | eps 0.050 | replay 154891
[Episode 1141/400] Steps:  88 | Reward:  -17.63 | Battery:   0.00% | Loss: 0.0112
Placing Sensors
DQN loss 0.01173 | Q -2.0706 | tgt -2.0680 | eps 0.050 | replay 154976
[Episode 1142/400] Steps:  85 | Reward:  -17.65 | Battery:   0.00% | Loss: 0.0117
Placing Sensors
DQN loss 0.00536 | Q -2.0767 | tgt -2.0711 | eps 0.050 | replay 155041
[Episode 1143/400] Steps:  65 | Reward:  -18.06 | Battery:   0.00% | Loss: 0.0054
Placing Sensors
DQN loss 0.01158 | Q -2.0729 | tgt -2.0643 | eps 0.050 | replay 155105
[Episode 1144/400] Steps:  64 | Reward:  -17.61 | Battery:   0.00% | Loss: 0.0116
Placing Sensors
DQN loss 0.00562 | Q -2.0783 | tgt -2.0780 | eps 0.050 | replay 155183
[Episode 1145/400] Steps:  78 | Reward:  -17.66 | Battery:   0.00% | Loss: 0.0056
Placing Sensors
DQN loss 0.02043 | Q -2.0778 | tgt -2.0475 | eps 0.050 | replay 155903
[Episode 1146/400] Steps: 720 | Reward:   -5.29 | Battery:  68.00% | Loss: 0.0204
Placing Sensors
DQN loss 0.00619 | Q -2.0669 | tgt -2.0702 | eps 0.050 | replay 155981
[Episode 1147/400] Steps:  78 | Reward:  -17.75 | Battery:   0.00% | Loss: 0.0062
Placing Sensors
DQN loss 0.01756 | Q -2.0575 | tgt -2.0471 | eps 0.050 | replay 156054
[Episode 1148/400] Steps:  73 | Reward:  -17.73 | Battery:   0.00% | Loss: 0.0176
Placing Sensors
DQN loss 0.00225 | Q -2.0474 | tgt -2.0720 | eps 0.050 | replay 156119
[Episode 1149/400] Steps:  65 | Reward:  -18.07 | Battery:   0.00% | Loss: 0.0023
Placing Sensors
DQN loss 0.01718 | Q -2.0660 | tgt -2.0466 | eps 0.050 | replay 156230
[Episode 1150/400] Steps: 111 | Reward:  -17.58 | Battery:   0.00% | Loss: 0.0172
Placing Sensors
DQN loss 0.00196 | Q -2.0543 | tgt -2.0713 | eps 0.050 | replay 156319
[Episode 1151/400] Steps:  89 | Reward:  -17.89 | Battery:   0.00% | Loss: 0.0020
Placing Sensors
DQN loss 0.00586 | Q -2.0623 | tgt -2.0607 | eps 0.050 | replay 156453
[Episode 1152/400] Steps: 134 | Reward:  -17.42 | Battery:   0.00% | Loss: 0.0059
Placing Sensors
DQN loss 0.00068 | Q -2.0558 | tgt -2.0723 | eps 0.050 | replay 156557
[Episode 1153/400] Steps: 104 | Reward:  -17.34 | Battery:   0.00% | Loss: 0.0007
Placing Sensors
DQN loss 0.02142 | Q -2.0580 | tgt -2.0392 | eps 0.050 | replay 156619
[Episode 1154/400] Steps:  62 | Reward:  -17.86 | Battery:   0.00% | Loss: 0.0214
Placing Sensors
DQN loss 0.00119 | Q -2.0472 | tgt -2.0665 | eps 0.050 | replay 156713
[Episode 1155/400] Steps:  94 | Reward:  -17.59 | Battery:   0.00% | Loss: 0.0012
Placing Sensors
DQN loss 0.00036 | Q -2.0765 | tgt -2.0805 | eps 0.050 | replay 156799
[Episode 1156/400] Steps:  86 | Reward:  -17.82 | Battery:   0.00% | Loss: 0.0004
Placing Sensors
DQN loss 0.00677 | Q -2.0854 | tgt -2.0691 | eps 0.050 | replay 156868
[Episode 1157/400] Steps:  69 | Reward:  -17.42 | Battery:   0.00% | Loss: 0.0068
Placing Sensors
DQN loss 0.01194 | Q -2.0530 | tgt -2.0604 | eps 0.050 | replay 156938
[Episode 1158/400] Steps:  70 | Reward:  -17.91 | Battery:   0.00% | Loss: 0.0119
Placing Sensors
DQN loss 0.01213 | Q -2.0467 | tgt -2.0360 | eps 0.050 | replay 157017
[Episode 1159/400] Steps:  79 | Reward:  -17.79 | Battery:   0.00% | Loss: 0.0121
Placing Sensors
DQN loss 0.01156 | Q -2.0668 | tgt -2.0615 | eps 0.050 | replay 157116
[Episode 1160/400] Steps:  99 | Reward:  -17.47 | Battery:   0.00% | Loss: 0.0116
Placing Sensors
DQN loss 0.01161 | Q -2.0762 | tgt -2.0677 | eps 0.050 | replay 157190
[Episode 1161/400] Steps:  74 | Reward:  -18.08 | Battery:   0.00% | Loss: 0.0116
Placing Sensors
DQN loss 0.01207 | Q -2.0637 | tgt -2.0552 | eps 0.050 | replay 157257
[Episode 1162/400] Steps:  67 | Reward:  -17.88 | Battery:   0.00% | Loss: 0.0121
Placing Sensors
DQN loss 0.00042 | Q -2.0857 | tgt -2.0768 | eps 0.050 | replay 157354
[Episode 1163/400] Steps:  97 | Reward:  -17.73 | Battery:   0.00% | Loss: 0.0004
Placing Sensors
DQN loss 0.02283 | Q -2.0714 | tgt -2.0443 | eps 0.050 | replay 157432
[Episode 1164/400] Steps:  78 | Reward:  -17.73 | Battery:   0.00% | Loss: 0.0228
Placing Sensors
DQN loss 0.00635 | Q -2.0629 | tgt -2.0690 | eps 0.050 | replay 157534
[Episode 1165/400] Steps: 102 | Reward:  -17.63 | Battery:   0.00% | Loss: 0.0063
Placing Sensors
DQN loss 0.02231 | Q -2.0738 | tgt -2.0434 | eps 0.050 | replay 157593
[Episode 1166/400] Steps:  59 | Reward:  -18.03 | Battery:   0.00% | Loss: 0.0223
Placing Sensors
DQN loss 0.01821 | Q -2.0583 | tgt -2.0421 | eps 0.050 | replay 157670
[Episode 1167/400] Steps:  77 | Reward:  -17.81 | Battery:   0.00% | Loss: 0.0182
Placing Sensors
DQN loss 0.00140 | Q -2.0577 | tgt -2.0742 | eps 0.050 | replay 157729
[Episode 1168/400] Steps:  59 | Reward:  -17.83 | Battery:   0.00% | Loss: 0.0014
Placing Sensors
DQN loss 0.01753 | Q -2.0612 | tgt -2.0481 | eps 0.050 | replay 157848
[Episode 1169/400] Steps: 119 | Reward:  -17.52 | Battery:   0.00% | Loss: 0.0175
Placing Sensors
DQN loss 0.01200 | Q -2.0802 | tgt -2.0655 | eps 0.050 | replay 158568
[Episode 1170/400] Steps: 720 | Reward:   -6.02 | Battery:  66.60% | Loss: 0.0120
Placing Sensors
DQN loss 0.01779 | Q -2.0787 | tgt -2.0578 | eps 0.050 | replay 158657
[Episode 1171/400] Steps:  89 | Reward:  -17.48 | Battery:   0.00% | Loss: 0.0178
Placing Sensors
DQN loss 0.00110 | Q -2.0557 | tgt -2.0764 | eps 0.050 | replay 158722
[Episode 1172/400] Steps:  65 | Reward:  -18.02 | Battery:   0.00% | Loss: 0.0011
Placing Sensors
DQN loss 0.00079 | Q -2.0605 | tgt -2.0763 | eps 0.050 | replay 158816
[Episode 1173/400] Steps:  94 | Reward:  -17.88 | Battery:   0.00% | Loss: 0.0008
Placing Sensors
DQN loss 0.00569 | Q -2.0713 | tgt -2.0738 | eps 0.050 | replay 158894
[Episode 1174/400] Steps:  78 | Reward:  -17.78 | Battery:   0.00% | Loss: 0.0057
Placing Sensors
DQN loss 0.00637 | Q -2.0788 | tgt -2.0714 | eps 0.050 | replay 158975
[Episode 1175/400] Steps:  81 | Reward:  -18.02 | Battery:   0.00% | Loss: 0.0064
Placing Sensors
DQN loss 0.00551 | Q -2.0502 | tgt -2.0625 | eps 0.050 | replay 159043
[Episode 1176/400] Steps:  68 | Reward:  -17.75 | Battery:   0.00% | Loss: 0.0055
Placing Sensors
DQN loss 0.00097 | Q -2.0643 | tgt -2.0771 | eps 0.050 | replay 159107
[Episode 1177/400] Steps:  64 | Reward:  -17.99 | Battery:   0.00% | Loss: 0.0010
Placing Sensors
DQN loss 0.02413 | Q -2.0770 | tgt -2.0414 | eps 0.050 | replay 159185
[Episode 1178/400] Steps:  78 | Reward:  -17.81 | Battery:   0.00% | Loss: 0.0241
Placing Sensors
DQN loss 0.01310 | Q -2.0617 | tgt -2.0556 | eps 0.050 | replay 159255
[Episode 1179/400] Steps:  70 | Reward:  -17.75 | Battery:   0.00% | Loss: 0.0131
Placing Sensors
DQN loss 0.01217 | Q -2.0597 | tgt -2.0592 | eps 0.050 | replay 159333
[Episode 1180/400] Steps:  78 | Reward:  -17.79 | Battery:   0.00% | Loss: 0.0122
Placing Sensors
DQN loss 0.01205 | Q -2.0722 | tgt -2.0614 | eps 0.050 | replay 159409
[Episode 1181/400] Steps:  76 | Reward:  -17.84 | Battery:   0.00% | Loss: 0.0120
Placing Sensors
DQN loss 0.01756 | Q -2.0555 | tgt -2.0477 | eps 0.050 | replay 159509
[Episode 1182/400] Steps: 100 | Reward:  -17.83 | Battery:   0.00% | Loss: 0.0176
Placing Sensors
DQN loss 0.00627 | Q -2.0676 | tgt -2.0671 | eps 0.050 | replay 159626
[Episode 1183/400] Steps: 117 | Reward:  -17.44 | Battery:   0.00% | Loss: 0.0063
Placing Sensors
DQN loss 0.02414 | Q -2.0792 | tgt -2.0463 | eps 0.050 | replay 159706
[Episode 1184/400] Steps:  80 | Reward:  -17.63 | Battery:   0.00% | Loss: 0.0241
Placing Sensors
DQN loss 0.01903 | Q -2.0704 | tgt -2.0527 | eps 0.050 | replay 159923
[Episode 1185/400] Steps: 217 | Reward:  -16.94 | Battery:   0.00% | Loss: 0.0190
Placing Sensors
DQN loss 0.01239 | Q -2.0794 | tgt -2.0679 | eps 0.050 | replay 160020
[Episode 1186/400] Steps:  97 | Reward:  -17.52 | Battery:   0.00% | Loss: 0.0124
Placing Sensors
DQN loss 0.01493 | Q -2.0847 | tgt -2.0618 | eps 0.050 | replay 160104
[Episode 1187/400] Steps:  84 | Reward:  -17.68 | Battery:   0.00% | Loss: 0.0149
Placing Sensors
DQN loss 0.01271 | Q -2.0612 | tgt -2.0552 | eps 0.050 | replay 160244
[Episode 1188/400] Steps: 140 | Reward:  -17.35 | Battery:   0.00% | Loss: 0.0127
Placing Sensors
DQN loss 0.01605 | Q -2.0793 | tgt -2.0601 | eps 0.050 | replay 160311
[Episode 1189/400] Steps:  67 | Reward:  -17.73 | Battery:   0.00% | Loss: 0.0161
Placing Sensors
DQN loss 0.00049 | Q -2.0798 | tgt -2.0762 | eps 0.050 | replay 160407
[Episode 1190/400] Steps:  96 | Reward:  -17.60 | Battery:   0.00% | Loss: 0.0005
Placing Sensors
DQN loss 0.00828 | Q -2.0562 | tgt -2.0552 | eps 0.050 | replay 160503
[Episode 1191/400] Steps:  96 | Reward:  -17.50 | Battery:   0.00% | Loss: 0.0083
Placing Sensors
DQN loss 0.01845 | Q -2.0456 | tgt -2.0242 | eps 0.050 | replay 160572
[Episode 1192/400] Steps:  69 | Reward:  -17.84 | Battery:   0.00% | Loss: 0.0185
Placing Sensors
DQN loss 0.01716 | Q -2.0780 | tgt -2.0637 | eps 0.050 | replay 160669
[Episode 1193/400] Steps:  97 | Reward:  -17.70 | Battery:   0.00% | Loss: 0.0172
Placing Sensors
DQN loss 0.01739 | Q -2.0497 | tgt -2.0521 | eps 0.050 | replay 160751
[Episode 1194/400] Steps:  82 | Reward:  -17.52 | Battery:   0.00% | Loss: 0.0174
Placing Sensors
DQN loss 0.03105 | Q -2.0748 | tgt -2.0337 | eps 0.050 | replay 160818
[Episode 1195/400] Steps:  67 | Reward:  -17.86 | Battery:   0.00% | Loss: 0.0311
Placing Sensors
DQN loss 0.01221 | Q -2.0864 | tgt -2.0693 | eps 0.050 | replay 160876
[Episode 1196/400] Steps:  58 | Reward:  -18.14 | Battery:   0.00% | Loss: 0.0122
Placing Sensors
DQN loss 0.00561 | Q -2.0670 | tgt -2.0674 | eps 0.050 | replay 161596
[Episode 1197/400] Steps: 720 | Reward:   -5.92 | Battery:  78.72% | Loss: 0.0056
Placing Sensors
DQN loss 0.00043 | Q -2.0693 | tgt -2.0840 | eps 0.050 | replay 161678
[Episode 1198/400] Steps:  82 | Reward:  -17.70 | Battery:   0.00% | Loss: 0.0004
Placing Sensors
DQN loss 0.01933 | Q -2.0870 | tgt -2.0529 | eps 0.050 | replay 161761
[Episode 1199/400] Steps:  83 | Reward:  -17.76 | Battery:   0.00% | Loss: 0.0193
Placing Sensors
DQN loss 0.01511 | Q -2.0604 | tgt -2.0558 | eps 0.050 | replay 161841
[Episode 1200/400] Steps:  80 | Reward:  -17.57 | Battery:   0.00% | Loss: 0.0151
Placing Sensors
  [validation 1/10] steps  99 | battery  39.5% ->   0.0% (min   0.0%) | reward   -17.49 | |a| 0.188 | path     329 m
Placing Sensors
  [validation 2/10] steps  88 | battery  34.0% ->   0.0% (min   0.0%) | reward   -17.51 | |a| 0.177 | path     294 m
Placing Sensors
  [validation 3/10] steps  85 | battery  32.0% ->   0.0% (min   0.0%) | reward   -17.59 | |a| 0.203 | path     328 m
Placing Sensors
  [validation 4/10] steps  96 | battery  37.1% ->   0.0% (min   0.0%) | reward   -17.51 | |a| 0.283 | path     521 m
Placing Sensors
  [validation 5/10] steps  73 | battery  35.6% ->   0.0% (min   0.0%) | reward   -17.64 | |a| 0.225 | path     314 m
Placing Sensors
  [validation 6/10] steps  86 | battery  37.8% ->   0.0% (min   0.0%) | reward   -17.65 | |a| 0.271 | path     450 m
Placing Sensors
  [validation 7/10] steps  73 | battery  33.0% ->   0.0% (min   0.0%) | reward   -17.75 | |a| 0.214 | path     289 m
Placing Sensors
  [validation 8/10] steps  91 | battery  34.0% ->   0.0% (min   0.0%) | reward   -17.62 | |a| 0.196 | path     304 m
Placing Sensors
  [validation 9/10] steps 107 | battery  33.9% ->   0.0% (min   0.0%) | reward   -17.49 | |a| 0.214 | path     438 m
Placing Sensors
  [validation 10/10] steps  64 | battery  31.2% ->   0.0% (min   0.0%) | reward   -17.78 | |a| 0.256 | path     315 m

==============================================================================
VALIDATION COMPLETE -- 10 independent deterministic episodes
==============================================================================
metric                       mean        std        min        max
reward                     -17.60       0.10     -17.78     -17.49
final battery %              0.00       0.00       0.00       0.00
min battery %                0.00       0.00       0.00       0.00
steps                       86.20      13.17      64.00     107.00
solar W                      3.34       1.51       1.02       6.22
|action|                     0.22       0.04       0.18       0.28
path m                     358.13      80.64     289.45     520.95
tortuosity                   8.90      12.76       1.60      40.37
motion mAh                 271.77      60.63     221.31     394.17
idle mAh                  1395.59     212.66    1037.38    1732.29

survived full 720 steps : 0/10
ended below 20% battery         : 10/10
ended above 70% battery         : 0/10

reward 95% CI: -17.60 +- 0.06  (-17.67 to -17.54)

total step rows written: 862

==============================================
WALL CLOCK BREAKDOWN
==============================================
Total run time        :   15361.70 s
  Rollout (training)  :   14077.71 s  ( 91.6%)
    - policy inference:     137.89 s  (  0.9%)
    - env + reward    :   13939.81 s  ( 90.7%)
  PPO update()        :       0.00 s  (  0.0%)
  Checkpoint saves    :       0.06 s  (  0.0%)
  Final evaluation    :      98.74 s  (  0.6%)
  Other / logging     :    1185.19 s  (  7.7%)

==============================================
PER-CALL AVERAGES
==============================================
Policy inference      :   162703 calls |    0.852 ms/step
  final eval only     :      862 calls |    0.828 ms/step
Episode               :      400 eps   |   38.157 s/episode

update() share of wall clock: 0.0%
