Placing Sensors
[dqn] 41 discrete actions, Softplus Q head (V_cost = -max_a Q >= 0), replay 0/200000
Placing Sensors
[Episode 1/400] Steps:  65 | Reward:  -17.94 | Battery:   0.00% | Loss: 
Placing Sensors
[Episode 2/400] Steps: 720 | Reward:  -11.51 | Battery:  49.18% | Loss: 
Placing Sensors
[Episode 3/400] Steps:  63 | Reward:  -18.00 | Battery:   0.00% | Loss: 
Placing Sensors
[Episode 4/400] Steps:  96 | Reward:  -17.84 | Battery:   0.00% | Loss: 
Placing Sensors
[Episode 5/400] Steps: 720 | Reward:  -10.91 | Battery:  53.69% | Loss: 
Placing Sensors
[Episode 6/400] Steps: 720 | Reward:  -12.34 | Battery:  37.15% | Loss: 
Placing Sensors
[Episode 7/400] Steps:  55 | Reward:  -18.06 | Battery:   0.00% | Loss: 
Placing Sensors
[Episode 8/400] Steps:  67 | Reward:  -18.16 | Battery:   0.00% | Loss: 
Placing Sensors
[Episode 9/400] Steps:  76 | Reward:  -17.86 | Battery:   0.00% | Loss: 
Placing Sensors
[Episode 10/400] Steps:  72 | Reward:  -18.10 | Battery:   0.00% | Loss: 
Placing Sensors
[Episode 11/400] Steps:  58 | Reward:  -18.15 | Battery:   0.00% | Loss: 
Placing Sensors
[Episode 12/400] Steps: 720 | Reward:  -11.31 | Battery:  57.49% | Loss: 
Placing Sensors
[Episode 13/400] Steps:  66 | Reward:  -18.16 | Battery:   0.00% | Loss: 
Placing Sensors
[Episode 14/400] Steps: 111 | Reward:  -18.13 | Battery:   0.00% | Loss: 
Placing Sensors
[Episode 15/400] Steps:  85 | Reward:  -18.11 | Battery:   0.00% | Loss: 
Placing Sensors
[Episode 16/400] Steps:  75 | Reward:  -17.93 | Battery:   0.00% | Loss: 
Placing Sensors
[Episode 17/400] Steps:  69 | Reward:  -18.14 | Battery:   0.00% | Loss: 
Placing Sensors
[Episode 18/400] Steps:  91 | Reward:  -17.96 | Battery:   0.00% | Loss: 
Placing Sensors
[Episode 19/400] Steps:  60 | Reward:  -17.92 | Battery:   0.00% | Loss: 
Placing Sensors
[Episode 20/400] Steps:  77 | Reward:  -18.13 | Battery:   0.00% | Loss: 
Placing Sensors
[Episode 21/400] Steps:  74 | Reward:  -17.88 | Battery:   0.00% | Loss: 
Placing Sensors
[Episode 22/400] Steps: 109 | Reward:  -17.89 | Battery:   0.00% | Loss: 
Placing Sensors
[Episode 23/400] Steps:  76 | Reward:  -17.93 | Battery:   0.00% | Loss: 
Placing Sensors
[Episode 24/400] Steps:  71 | Reward:  -18.04 | Battery:   0.00% | Loss: 
Placing Sensors
[Episode 25/400] Steps:  91 | Reward:  -17.75 | Battery:   0.00% | Loss: 
Placing Sensors
[Episode 26/400] Steps:  87 | Reward:  -17.92 | Battery:   0.00% | Loss: 
Placing Sensors
[Episode 27/400] Steps:  64 | Reward:  -18.01 | Battery:   0.00% | Loss: 
Placing Sensors
[Episode 28/400] Steps:  69 | Reward:  -17.97 | Battery:   0.00% | Loss: 
Placing Sensors
[Episode 29/400] Steps:  71 | Reward:  -17.81 | Battery:   0.00% | Loss: 
Placing Sensors
[Episode 30/400] Steps:  56 | Reward:  -18.05 | Battery:   0.00% | Loss: 
Placing Sensors
[Episode 31/400] Steps:  92 | Reward:  -17.99 | Battery:   0.00% | Loss: 
Placing Sensors
[Episode 32/400] Steps:  60 | Reward:  -18.05 | Battery:   0.00% | Loss: 
Placing Sensors
[Episode 33/400] Steps:  66 | Reward:  -17.98 | Battery:   0.00% | Loss: 
Placing Sensors
[Episode 34/400] Steps:  95 | Reward:  -17.90 | Battery:   0.00% | Loss: 
Placing Sensors
[Episode 35/400] Steps:  70 | Reward:  -17.91 | Battery:   0.00% | Loss: 
Placing Sensors
[Episode 36/400] Steps:  81 | Reward:  -18.01 | Battery:   0.00% | Loss: 
Placing Sensors
[Episode 37/400] Steps:  86 | Reward:  -17.90 | Battery:   0.00% | Loss: 
Placing Sensors
[Episode 38/400] Steps:  62 | Reward:  -18.18 | Battery:   0.00% | Loss: 
Placing Sensors
[Episode 39/400] Steps:  87 | Reward:  -17.98 | Battery:   0.00% | Loss: 
Placing Sensors
[Episode 40/400] Steps: 720 | Reward:  -13.11 | Battery:  29.28% | Loss: 
Placing Sensors
[Episode 41/400] Steps: 130 | Reward:  -17.73 | Battery:   0.00% | Loss: 
Placing Sensors
[Episode 42/400] Steps:  64 | Reward:  -18.20 | Battery:   0.00% | Loss: 
Placing Sensors
[Episode 43/400] Steps:  69 | Reward:  -18.01 | Battery:   0.00% | Loss: 
Placing Sensors
[Episode 44/400] Steps: 137 | Reward:  -17.75 | Battery:   0.00% | Loss: 
Placing Sensors
[Episode 45/400] Steps:  67 | Reward:  -18.06 | Battery:   0.00% | Loss: 
Placing Sensors
[Episode 46/400] Steps:  66 | Reward:  -18.02 | Battery:   0.00% | Loss: 
Placing Sensors
[Episode 47/400] Steps:  84 | Reward:  -18.12 | Battery:   0.00% | Loss: 
Placing Sensors
[Episode 48/400] Steps:  91 | Reward:  -17.97 | Battery:   0.00% | Loss: 
Placing Sensors
[Episode 49/400] Steps:  89 | Reward:  -18.07 | Battery:   0.00% | Loss: 
Placing Sensors
[Episode 50/400] Steps: 101 | Reward:  -18.10 | Battery:   0.00% | Loss: 
Placing Sensors
[Episode 51/400] Steps:  73 | Reward:  -17.87 | Battery:   0.00% | Loss: 
Placing Sensors
[Episode 52/400] Steps:  56 | Reward:  -18.09 | Battery:   0.00% | Loss: 
Placing Sensors
[Episode 53/400] Steps:  66 | Reward:  -17.91 | Battery:   0.00% | Loss: 
Placing Sensors
[Episode 54/400] Steps:  74 | Reward:  -17.98 | Battery:   0.00% | Loss: 
Placing Sensors
[Episode 55/400] Steps:  83 | Reward:  -17.93 | Battery:   0.00% | Loss: 
Placing Sensors
[Episode 56/400] Steps: 127 | Reward:  -17.74 | Battery:   0.00% | Loss: 
Placing Sensors
[Episode 57/400] Steps:  73 | Reward:  -18.18 | Battery:   0.00% | Loss: 
Placing Sensors
[Episode 58/400] Steps: 139 | Reward:  -18.11 | Battery:   0.00% | Loss: 
Placing Sensors
[Episode 59/400] Steps:  75 | Reward:  -18.21 | Battery:   0.00% | Loss: 
Placing Sensors
[Episode 60/400] Steps: 101 | Reward:  -17.87 | Battery:   0.00% | Loss: 
Placing Sensors
[Episode 61/400] Steps:  71 | Reward:  -18.06 | Battery:   0.00% | Loss: 
Placing Sensors
[Episode 62/400] Steps:  68 | Reward:  -18.01 | Battery:   0.00% | Loss: 
Placing Sensors
[Episode 63/400] Steps:  62 | Reward:  -18.03 | Battery:   0.00% | Loss: 
Placing Sensors
[Episode 64/400] Steps:  76 | Reward:  -18.20 | Battery:   0.00% | Loss: 
Placing Sensors
[Episode 65/400] Steps:  81 | Reward:  -18.02 | Battery:   0.00% | Loss: 
Placing Sensors
[Episode 66/400] Steps:  73 | Reward:  -18.04 | Battery:   0.00% | Loss: 
Placing Sensors
[Episode 67/400] Steps: 108 | Reward:  -17.95 | Battery:   0.00% | Loss: 
Placing Sensors
[Episode 68/400] Steps: 140 | Reward:  -17.85 | Battery:   0.00% | Loss: 
Placing Sensors
[Episode 69/400] Steps:  68 | Reward:  -18.17 | Battery:   0.00% | Loss: 
Placing Sensors
[Episode 70/400] Steps:  68 | Reward:  -17.91 | Battery:   0.00% | Loss: 
Placing Sensors
[Episode 71/400] Steps:  74 | Reward:  -17.92 | Battery:   0.00% | Loss: 
Placing Sensors
[Episode 72/400] Steps:  71 | Reward:  -17.93 | Battery:   0.00% | Loss: 
Placing Sensors
[Episode 73/400] Steps:  65 | Reward:  -17.97 | Battery:   0.00% | Loss: 
Placing Sensors
[Episode 74/400] Steps:  68 | Reward:  -18.11 | Battery:   0.00% | Loss: 
Placing Sensors
[Episode 75/400] Steps:  86 | Reward:  -18.02 | Battery:   0.00% | Loss: 
Placing Sensors
[Episode 76/400] Steps:  92 | Reward:  -17.97 | Battery:   0.00% | Loss: 
Placing Sensors
[Episode 77/400] Steps:  79 | Reward:  -18.12 | Battery:   0.00% | Loss: 
Placing Sensors
[Episode 78/400] Steps: 114 | Reward:  -17.81 | Battery:   0.00% | Loss: 
Placing Sensors
[Episode 79/400] Steps:  94 | Reward:  -17.99 | Battery:   0.00% | Loss: 
Placing Sensors
[Episode 80/400] Steps: 106 | Reward:  -17.82 | Battery:   0.00% | Loss: 
Placing Sensors
[Episode 81/400] Steps:  61 | Reward:  -18.20 | Battery:   0.00% | Loss: 
Placing Sensors
[Episode 82/400] Steps: 108 | Reward:  -17.88 | Battery:   0.00% | Loss: 
Placing Sensors
[Episode 83/400] Steps:  75 | Reward:  -17.74 | Battery:   0.00% | Loss: 
Placing Sensors
DQN loss 0.01441 | Q -2.2750 | tgt -2.2467 | eps 0.936 | replay 10034
[Episode 84/400] Steps: 108 | Reward:  -18.17 | Battery:   0.00% | Loss: 0.0144
Placing Sensors
DQN loss 0.00606 | Q -2.2182 | tgt -2.1391 | eps 0.936 | replay 10143
[Episode 85/400] Steps: 109 | Reward:  -18.05 | Battery:   0.00% | Loss: 0.0061
Placing Sensors
DQN loss 0.02056 | Q -2.2776 | tgt -2.3634 | eps 0.935 | replay 10227
[Episode 86/400] Steps:  84 | Reward:  -18.24 | Battery:   0.00% | Loss: 0.0206
Placing Sensors
DQN loss 0.02823 | Q -2.3147 | tgt -2.4018 | eps 0.935 | replay 10322
[Episode 87/400] Steps:  95 | Reward:  -17.88 | Battery:   0.00% | Loss: 0.0282
Placing Sensors
DQN loss 0.01531 | Q -2.3363 | tgt -2.3096 | eps 0.934 | replay 10400
[Episode 88/400] Steps:  78 | Reward:  -17.88 | Battery:   0.00% | Loss: 0.0153
Placing Sensors
DQN loss 0.03782 | Q -2.3261 | tgt -2.3466 | eps 0.934 | replay 10481
[Episode 89/400] Steps:  81 | Reward:  -18.07 | Battery:   0.00% | Loss: 0.0378
Placing Sensors
DQN loss 0.00794 | Q -2.3373 | tgt -2.3285 | eps 0.933 | replay 10573
[Episode 90/400] Steps:  92 | Reward:  -17.79 | Battery:   0.00% | Loss: 0.0079
Placing Sensors
DQN loss 0.02157 | Q -2.3295 | tgt -2.3047 | eps 0.933 | replay 10638
[Episode 91/400] Steps:  65 | Reward:  -17.99 | Battery:   0.00% | Loss: 0.0216
Placing Sensors
DQN loss 0.00753 | Q -2.3283 | tgt -2.3241 | eps 0.932 | replay 10703
[Episode 92/400] Steps:  65 | Reward:  -18.06 | Battery:   0.00% | Loss: 0.0075
Placing Sensors
DQN loss 0.01706 | Q -2.3242 | tgt -2.1458 | eps 0.932 | replay 10761
[Episode 93/400] Steps:  58 | Reward:  -17.90 | Battery:   0.00% | Loss: 0.0171
Placing Sensors
DQN loss 0.02386 | Q -2.2708 | tgt -2.1202 | eps 0.931 | replay 10825
[Episode 94/400] Steps:  64 | Reward:  -18.02 | Battery:   0.00% | Loss: 0.0239
Placing Sensors
DQN loss 0.01401 | Q -2.2747 | tgt -2.2494 | eps 0.931 | replay 10891
[Episode 95/400] Steps:  66 | Reward:  -18.08 | Battery:   0.00% | Loss: 0.0140
Placing Sensors
DQN loss 0.01469 | Q -2.2503 | tgt -2.2617 | eps 0.930 | replay 11023
[Episode 96/400] Steps: 132 | Reward:  -17.82 | Battery:   0.00% | Loss: 0.0147
Placing Sensors
DQN loss 0.00092 | Q -2.2633 | tgt -2.2556 | eps 0.930 | replay 11100
[Episode 97/400] Steps:  77 | Reward:  -18.12 | Battery:   0.00% | Loss: 0.0009
Placing Sensors
DQN loss 0.01556 | Q -2.1765 | tgt -2.1272 | eps 0.929 | replay 11187
[Episode 98/400] Steps:  87 | Reward:  -17.94 | Battery:   0.00% | Loss: 0.0156
Placing Sensors
DQN loss 0.01657 | Q -2.2384 | tgt -2.1786 | eps 0.929 | replay 11266
[Episode 99/400] Steps:  79 | Reward:  -17.93 | Battery:   0.00% | Loss: 0.0166
Placing Sensors
DQN loss 0.02090 | Q -2.2364 | tgt -2.2371 | eps 0.928 | replay 11339
[Episode 100/400] Steps:  73 | Reward:  -18.06 | Battery:   0.00% | Loss: 0.0209
Placing Sensors
DQN loss 0.00077 | Q -2.2316 | tgt -2.2044 | eps 0.928 | replay 11396
[Episode 101/400] Steps:  57 | Reward:  -18.05 | Battery:   0.00% | Loss: 0.0008
Placing Sensors
DQN loss 0.03628 | Q -2.2289 | tgt -2.3278 | eps 0.927 | replay 11503
[Episode 102/400] Steps: 107 | Reward:  -18.00 | Battery:   0.00% | Loss: 0.0363
Placing Sensors
DQN loss 0.02038 | Q -2.2341 | tgt -2.1822 | eps 0.927 | replay 11601
[Episode 103/400] Steps:  98 | Reward:  -18.02 | Battery:   0.00% | Loss: 0.0204
Placing Sensors
DQN loss 0.01822 | Q -2.2221 | tgt -2.2962 | eps 0.926 | replay 11658
[Episode 104/400] Steps:  57 | Reward:  -18.20 | Battery:   0.00% | Loss: 0.0182
Placing Sensors
DQN loss 0.00774 | Q -2.2325 | tgt -2.1924 | eps 0.925 | replay 11765
[Episode 105/400] Steps: 107 | Reward:  -17.99 | Battery:   0.00% | Loss: 0.0077
Placing Sensors
DQN loss 0.01070 | Q -2.2253 | tgt -2.1327 | eps 0.925 | replay 11835
[Episode 106/400] Steps:  70 | Reward:  -18.11 | Battery:   0.00% | Loss: 0.0107
Placing Sensors
DQN loss 0.01595 | Q -2.2387 | tgt -2.1857 | eps 0.924 | replay 11928
[Episode 107/400] Steps:  93 | Reward:  -17.88 | Battery:   0.00% | Loss: 0.0160
Placing Sensors
DQN loss 0.00786 | Q -2.2350 | tgt -2.1918 | eps 0.924 | replay 12006
[Episode 108/400] Steps:  78 | Reward:  -17.98 | Battery:   0.00% | Loss: 0.0079
Placing Sensors
DQN loss 0.01359 | Q -2.2205 | tgt -2.1898 | eps 0.923 | replay 12123
[Episode 109/400] Steps: 117 | Reward:  -17.89 | Battery:   0.00% | Loss: 0.0136
Placing Sensors
DQN loss 0.02113 | Q -2.2398 | tgt -2.3289 | eps 0.923 | replay 12177
[Episode 110/400] Steps:  54 | Reward:  -18.04 | Battery:   0.00% | Loss: 0.0211
Placing Sensors
DQN loss 0.02960 | Q -2.2474 | tgt -2.1697 | eps 0.922 | replay 12253
[Episode 111/400] Steps:  76 | Reward:  -18.03 | Battery:   0.00% | Loss: 0.0296
Placing Sensors
DQN loss 0.00087 | Q -2.2198 | tgt -2.2024 | eps 0.922 | replay 12363
[Episode 112/400] Steps: 110 | Reward:  -18.15 | Battery:   0.00% | Loss: 0.0009
Placing Sensors
DQN loss 0.00227 | Q -2.2290 | tgt -2.1951 | eps 0.921 | replay 12452
[Episode 113/400] Steps:  89 | Reward:  -17.99 | Battery:   0.00% | Loss: 0.0023
Placing Sensors
DQN loss 0.00112 | Q -2.2405 | tgt -2.2054 | eps 0.921 | replay 12520
[Episode 114/400] Steps:  68 | Reward:  -18.17 | Battery:   0.00% | Loss: 0.0011
Placing Sensors
DQN loss 0.00401 | Q -2.2315 | tgt -2.3157 | eps 0.920 | replay 12609
[Episode 115/400] Steps:  89 | Reward:  -17.82 | Battery:   0.00% | Loss: 0.0040
Placing Sensors
DQN loss 0.01403 | Q -2.2376 | tgt -2.1933 | eps 0.920 | replay 12672
[Episode 116/400] Steps:  63 | Reward:  -18.13 | Battery:   0.00% | Loss: 0.0140
Placing Sensors
DQN loss 0.00143 | Q -2.3039 | tgt -2.2627 | eps 0.915 | replay 13392
[Episode 117/400] Steps: 720 | Reward:  -12.69 | Battery:  28.89% | Loss: 0.0014
Placing Sensors
DQN loss 0.00863 | Q -2.3049 | tgt -2.2606 | eps 0.915 | replay 13468
[Episode 118/400] Steps:  76 | Reward:  -18.09 | Battery:   0.00% | Loss: 0.0086
Placing Sensors
DQN loss 0.03926 | Q -2.2826 | tgt -2.1578 | eps 0.914 | replay 13581
[Episode 119/400] Steps: 113 | Reward:  -17.73 | Battery:   0.00% | Loss: 0.0393
Placing Sensors
DQN loss 0.01011 | Q -2.2739 | tgt -2.1944 | eps 0.914 | replay 13636
[Episode 120/400] Steps:  55 | Reward:  -18.20 | Battery:   0.00% | Loss: 0.0101
Placing Sensors
DQN loss 0.01591 | Q -2.2572 | tgt -2.3007 | eps 0.913 | replay 13707
[Episode 121/400] Steps:  71 | Reward:  -17.85 | Battery:   0.00% | Loss: 0.0159
Placing Sensors
DQN loss 0.01533 | Q -2.2553 | tgt -2.2399 | eps 0.913 | replay 13798
[Episode 122/400] Steps:  91 | Reward:  -17.81 | Battery:   0.00% | Loss: 0.0153
Placing Sensors
DQN loss 0.01172 | Q -2.2961 | tgt -2.3793 | eps 0.908 | replay 14518
[Episode 123/400] Steps: 720 | Reward:  -12.19 | Battery:  41.81% | Loss: 0.0117
Placing Sensors
DQN loss 0.01686 | Q -2.3065 | tgt -2.3493 | eps 0.908 | replay 14582
[Episode 124/400] Steps:  64 | Reward:  -18.09 | Battery:   0.00% | Loss: 0.0169
Placing Sensors
DQN loss 0.02427 | Q -2.3216 | tgt -2.3676 | eps 0.907 | replay 14650
[Episode 125/400] Steps:  68 | Reward:  -18.08 | Battery:   0.00% | Loss: 0.0243
Placing Sensors
DQN loss 0.02063 | Q -2.3166 | tgt -2.4061 | eps 0.907 | replay 14735
[Episode 126/400] Steps:  85 | Reward:  -18.02 | Battery:   0.00% | Loss: 0.0206
Placing Sensors
DQN loss 0.01594 | Q -2.3287 | tgt -2.2600 | eps 0.906 | replay 14816
[Episode 127/400] Steps:  81 | Reward:  -17.94 | Battery:   0.00% | Loss: 0.0159
Placing Sensors
DQN loss 0.02977 | Q -2.3465 | tgt -2.3563 | eps 0.906 | replay 14920
[Episode 128/400] Steps: 104 | Reward:  -17.91 | Battery:   0.00% | Loss: 0.0298
Placing Sensors
DQN loss 0.02296 | Q -2.3181 | tgt -2.2364 | eps 0.905 | replay 15033
[Episode 129/400] Steps: 113 | Reward:  -17.76 | Battery:   0.00% | Loss: 0.0230
Placing Sensors
DQN loss 0.02702 | Q -2.2903 | tgt -2.1702 | eps 0.904 | replay 15136
[Episode 130/400] Steps: 103 | Reward:  -17.99 | Battery:   0.00% | Loss: 0.0270
Placing Sensors
DQN loss 0.00250 | Q -2.2647 | tgt -2.3165 | eps 0.904 | replay 15211
[Episode 131/400] Steps:  75 | Reward:  -18.17 | Battery:   0.00% | Loss: 0.0025
Placing Sensors
DQN loss 0.02315 | Q -2.2768 | tgt -2.2045 | eps 0.903 | replay 15303
[Episode 132/400] Steps:  92 | Reward:  -18.01 | Battery:   0.00% | Loss: 0.0232
Placing Sensors
DQN loss 0.01548 | Q -2.2657 | tgt -2.2640 | eps 0.903 | replay 15391
[Episode 133/400] Steps:  88 | Reward:  -18.18 | Battery:   0.00% | Loss: 0.0155
Placing Sensors
DQN loss 0.00893 | Q -2.3495 | tgt -2.3843 | eps 0.898 | replay 16111
[Episode 134/400] Steps: 720 | Reward:  -11.55 | Battery:  44.35% | Loss: 0.0089
Placing Sensors
DQN loss 0.02579 | Q -2.4083 | tgt -2.4532 | eps 0.893 | replay 16831
[Episode 135/400] Steps: 720 | Reward:  -11.94 | Battery:  21.76% | Loss: 0.0258
Placing Sensors
DQN loss 0.02235 | Q -2.3983 | tgt -2.3643 | eps 0.893 | replay 16949
[Episode 136/400] Steps: 118 | Reward:  -17.80 | Battery:   0.00% | Loss: 0.0223
Placing Sensors
DQN loss 0.00986 | Q -2.1874 | tgt -2.1262 | eps 0.888 | replay 17669
[Episode 137/400] Steps: 720 | Reward:  -12.64 | Battery:  29.51% | Loss: 0.0099
Placing Sensors
DQN loss 0.02113 | Q -2.1725 | tgt -2.1138 | eps 0.888 | replay 17745
[Episode 138/400] Steps:  76 | Reward:  -17.97 | Battery:   0.00% | Loss: 0.0211
Placing Sensors
DQN loss 0.01821 | Q -2.3042 | tgt -2.4301 | eps 0.887 | replay 17815
[Episode 139/400] Steps:  70 | Reward:  -18.01 | Battery:   0.00% | Loss: 0.0182
Placing Sensors
DQN loss 0.01037 | Q -2.3488 | tgt -2.2670 | eps 0.887 | replay 17892
[Episode 140/400] Steps:  77 | Reward:  -18.14 | Battery:   0.00% | Loss: 0.0104
Placing Sensors
DQN loss 0.03047 | Q -2.2756 | tgt -2.1681 | eps 0.886 | replay 17968
[Episode 141/400] Steps:  76 | Reward:  -18.05 | Battery:   0.00% | Loss: 0.0305
Placing Sensors
DQN loss 0.02670 | Q -2.1736 | tgt -2.1512 | eps 0.886 | replay 18073
[Episode 142/400] Steps: 105 | Reward:  -18.04 | Battery:   0.00% | Loss: 0.0267
Placing Sensors
DQN loss 0.02187 | Q -2.3133 | tgt -2.2430 | eps 0.885 | replay 18139
[Episode 143/400] Steps:  66 | Reward:  -18.07 | Battery:   0.00% | Loss: 0.0219
Placing Sensors
DQN loss 0.01574 | Q -2.2418 | tgt -2.1691 | eps 0.885 | replay 18234
[Episode 144/400] Steps:  95 | Reward:  -18.18 | Battery:   0.00% | Loss: 0.0157
Placing Sensors
DQN loss 0.01316 | Q -2.1447 | tgt -2.1387 | eps 0.884 | replay 18317
[Episode 145/400] Steps:  83 | Reward:  -18.02 | Battery:   0.00% | Loss: 0.0132
Placing Sensors
DQN loss 0.02572 | Q -2.1730 | tgt -2.1506 | eps 0.884 | replay 18385
[Episode 146/400] Steps:  68 | Reward:  -18.11 | Battery:   0.00% | Loss: 0.0257
Placing Sensors
DQN loss 0.01298 | Q -2.1848 | tgt -2.1677 | eps 0.883 | replay 18459
[Episode 147/400] Steps:  74 | Reward:  -18.12 | Battery:   0.00% | Loss: 0.0130
Placing Sensors
DQN loss 0.00731 | Q -2.2782 | tgt -2.2592 | eps 0.883 | replay 18528
[Episode 148/400] Steps:  69 | Reward:  -18.09 | Battery:   0.00% | Loss: 0.0073
Placing Sensors
DQN loss 0.00125 | Q -2.3121 | tgt -2.2674 | eps 0.882 | replay 18636
[Episode 149/400] Steps: 108 | Reward:  -18.37 | Battery:   0.00% | Loss: 0.0012
Placing Sensors
DQN loss 0.02238 | Q -2.3095 | tgt -2.3379 | eps 0.882 | replay 18694
[Episode 150/400] Steps:  58 | Reward:  -18.30 | Battery:   0.00% | Loss: 0.0224
Placing Sensors
DQN loss 0.02035 | Q -2.2860 | tgt -2.1543 | eps 0.880 | replay 18887
[Episode 151/400] Steps: 193 | Reward:  -17.77 | Battery:   0.00% | Loss: 0.0203
Placing Sensors
DQN loss 0.02098 | Q -2.1639 | tgt -2.1989 | eps 0.880 | replay 18969
[Episode 152/400] Steps:  82 | Reward:  -17.96 | Battery:   0.00% | Loss: 0.0210
Placing Sensors
DQN loss 0.00024 | Q -2.2703 | tgt -2.2667 | eps 0.879 | replay 19041
[Episode 153/400] Steps:  72 | Reward:  -17.87 | Battery:   0.00% | Loss: 0.0002
Placing Sensors
DQN loss 0.01356 | Q -2.2716 | tgt -2.2505 | eps 0.879 | replay 19119
[Episode 154/400] Steps:  78 | Reward:  -18.02 | Battery:   0.00% | Loss: 0.0136
Placing Sensors
DQN loss 0.00703 | Q -2.2580 | tgt -2.2261 | eps 0.879 | replay 19182
[Episode 155/400] Steps:  63 | Reward:  -18.02 | Battery:   0.00% | Loss: 0.0070
Placing Sensors
DQN loss 0.01307 | Q -2.1303 | tgt -2.1388 | eps 0.878 | replay 19299
[Episode 156/400] Steps: 117 | Reward:  -17.92 | Battery:   0.00% | Loss: 0.0131
Placing Sensors
DQN loss 0.01383 | Q -2.2776 | tgt -2.2477 | eps 0.877 | replay 19390
[Episode 157/400] Steps:  91 | Reward:  -18.02 | Battery:   0.00% | Loss: 0.0138
Placing Sensors
DQN loss 0.00019 | Q -2.2523 | tgt -2.2651 | eps 0.877 | replay 19449
[Episode 158/400] Steps:  59 | Reward:  -18.12 | Battery:   0.00% | Loss: 0.0002
Placing Sensors
DQN loss 0.00688 | Q -2.2224 | tgt -2.2308 | eps 0.876 | replay 19548
[Episode 159/400] Steps:  99 | Reward:  -18.00 | Battery:   0.00% | Loss: 0.0069
Placing Sensors
DQN loss 0.00705 | Q -2.1867 | tgt -2.1472 | eps 0.876 | replay 19627
[Episode 160/400] Steps:  79 | Reward:  -17.84 | Battery:   0.00% | Loss: 0.0070
Placing Sensors
DQN loss 0.00644 | Q -2.1568 | tgt -2.1462 | eps 0.875 | replay 19708
[Episode 161/400] Steps:  81 | Reward:  -17.79 | Battery:   0.00% | Loss: 0.0064
Placing Sensors
DQN loss 0.01298 | Q -2.1761 | tgt -2.1671 | eps 0.875 | replay 19804
[Episode 162/400] Steps:  96 | Reward:  -18.01 | Battery:   0.00% | Loss: 0.0130
Placing Sensors
DQN loss 0.00018 | Q -2.1648 | tgt -2.1548 | eps 0.874 | replay 19879
[Episode 163/400] Steps:  75 | Reward:  -18.03 | Battery:   0.00% | Loss: 0.0002
Placing Sensors
DQN loss 0.02610 | Q -2.1956 | tgt -2.1508 | eps 0.873 | replay 19979
[Episode 164/400] Steps: 100 | Reward:  -18.05 | Battery:   0.00% | Loss: 0.0261
Placing Sensors
DQN loss 0.01260 | Q -2.1599 | tgt -2.1378 | eps 0.873 | replay 20052
[Episode 165/400] Steps:  73 | Reward:  -18.11 | Battery:   0.00% | Loss: 0.0126
Placing Sensors
DQN loss 0.01293 | Q -2.1624 | tgt -2.1662 | eps 0.873 | replay 20129
[Episode 166/400] Steps:  77 | Reward:  -18.13 | Battery:   0.00% | Loss: 0.0129
Placing Sensors
DQN loss 0.00767 | Q -2.1902 | tgt -2.2297 | eps 0.872 | replay 20200
[Episode 167/400] Steps:  71 | Reward:  -17.97 | Battery:   0.00% | Loss: 0.0077
Placing Sensors
DQN loss 0.01334 | Q -2.2331 | tgt -2.2205 | eps 0.871 | replay 20304
[Episode 168/400] Steps: 104 | Reward:  -17.83 | Battery:   0.00% | Loss: 0.0133
Placing Sensors
DQN loss 0.01488 | Q -2.2169 | tgt -2.1398 | eps 0.871 | replay 20407
[Episode 169/400] Steps: 103 | Reward:  -18.04 | Battery:   0.00% | Loss: 0.0149
Placing Sensors
DQN loss 0.01916 | Q -2.1409 | tgt -2.1310 | eps 0.870 | replay 20473
[Episode 170/400] Steps:  66 | Reward:  -18.06 | Battery:   0.00% | Loss: 0.0192
Placing Sensors
DQN loss 0.03497 | Q -2.2219 | tgt -2.2369 | eps 0.870 | replay 20554
[Episode 171/400] Steps:  81 | Reward:  -17.90 | Battery:   0.00% | Loss: 0.0350
Placing Sensors
DQN loss 0.02043 | Q -2.2656 | tgt -2.2425 | eps 0.869 | replay 20661
[Episode 172/400] Steps: 107 | Reward:  -18.16 | Battery:   0.00% | Loss: 0.0204
Placing Sensors
DQN loss 0.05046 | Q -2.2545 | tgt -2.1114 | eps 0.869 | replay 20723
[Episode 173/400] Steps:  62 | Reward:  -18.29 | Battery:   0.00% | Loss: 0.0505
Placing Sensors
DQN loss 0.00041 | Q -2.1932 | tgt -2.1707 | eps 0.868 | replay 20818
[Episode 174/400] Steps:  95 | Reward:  -17.87 | Battery:   0.00% | Loss: 0.0004
Placing Sensors
DQN loss 0.01335 | Q -2.1601 | tgt -2.2682 | eps 0.867 | replay 20931
[Episode 175/400] Steps: 113 | Reward:  -17.92 | Battery:   0.00% | Loss: 0.0134
Placing Sensors
DQN loss 0.02741 | Q -2.2062 | tgt -2.1204 | eps 0.867 | replay 21013
[Episode 176/400] Steps:  82 | Reward:  -17.87 | Battery:   0.00% | Loss: 0.0274
Placing Sensors
DQN loss 0.01071 | Q -2.1849 | tgt -2.2686 | eps 0.866 | replay 21099
[Episode 177/400] Steps:  86 | Reward:  -17.81 | Battery:   0.00% | Loss: 0.0107
Placing Sensors
DQN loss 0.01333 | Q -2.2279 | tgt -2.2217 | eps 0.866 | replay 21179
[Episode 178/400] Steps:  80 | Reward:  -17.92 | Battery:   0.00% | Loss: 0.0133
Placing Sensors
DQN loss 0.00272 | Q -2.2304 | tgt -2.2955 | eps 0.865 | replay 21244
[Episode 179/400] Steps:  65 | Reward:  -17.86 | Battery:   0.00% | Loss: 0.0027
Placing Sensors
DQN loss 0.02869 | Q -2.2237 | tgt -2.1211 | eps 0.865 | replay 21325
[Episode 180/400] Steps:  81 | Reward:  -17.87 | Battery:   0.00% | Loss: 0.0287
Placing Sensors
DQN loss 0.00656 | Q -2.1702 | tgt -2.1454 | eps 0.864 | replay 21412
[Episode 181/400] Steps:  87 | Reward:  -17.90 | Battery:   0.00% | Loss: 0.0066
Placing Sensors
DQN loss 0.01436 | Q -2.1676 | tgt -2.2084 | eps 0.864 | replay 21472
[Episode 182/400] Steps:  60 | Reward:  -17.97 | Battery:   0.00% | Loss: 0.0144
Placing Sensors
DQN loss 0.00236 | Q -2.2219 | tgt -2.1548 | eps 0.863 | replay 21573
[Episode 183/400] Steps: 101 | Reward:  -17.75 | Battery:   0.00% | Loss: 0.0024
Placing Sensors
DQN loss 0.00047 | Q -2.2023 | tgt -2.1752 | eps 0.863 | replay 21648
[Episode 184/400] Steps:  75 | Reward:  -17.96 | Battery:   0.00% | Loss: 0.0005
Placing Sensors
DQN loss 0.01298 | Q -2.1725 | tgt -2.1388 | eps 0.862 | replay 21729
[Episode 185/400] Steps:  81 | Reward:  -17.88 | Battery:   0.00% | Loss: 0.0130
Placing Sensors
DQN loss 0.02508 | Q -2.1439 | tgt -2.1217 | eps 0.862 | replay 21842
[Episode 186/400] Steps: 113 | Reward:  -17.90 | Battery:   0.00% | Loss: 0.0251
Placing Sensors
DQN loss 0.01262 | Q -2.1481 | tgt -2.1376 | eps 0.861 | replay 21917
[Episode 187/400] Steps:  75 | Reward:  -17.96 | Battery:   0.00% | Loss: 0.0126
Placing Sensors
DQN loss 0.02514 | Q -2.1483 | tgt -2.1219 | eps 0.861 | replay 21982
[Episode 188/400] Steps:  65 | Reward:  -17.76 | Battery:   0.00% | Loss: 0.0251
Placing Sensors
DQN loss 0.00633 | Q -2.1455 | tgt -2.1458 | eps 0.860 | replay 22057
[Episode 189/400] Steps:  75 | Reward:  -18.15 | Battery:   0.00% | Loss: 0.0063
Placing Sensors
DQN loss 0.01105 | Q -2.1706 | tgt -2.2591 | eps 0.860 | replay 22162
[Episode 190/400] Steps: 105 | Reward:  -17.82 | Battery:   0.00% | Loss: 0.0110
Placing Sensors
DQN loss 0.01410 | Q -2.2295 | tgt -2.2509 | eps 0.859 | replay 22239
[Episode 191/400] Steps:  77 | Reward:  -18.19 | Battery:   0.00% | Loss: 0.0141
Placing Sensors
DQN loss 0.00703 | Q -2.2476 | tgt -2.2600 | eps 0.859 | replay 22310
[Episode 192/400] Steps:  71 | Reward:  -18.08 | Battery:   0.00% | Loss: 0.0070
Placing Sensors
DQN loss 0.00029 | Q -2.2511 | tgt -2.2683 | eps 0.858 | replay 22374
[Episode 193/400] Steps:  64 | Reward:  -18.11 | Battery:   0.00% | Loss: 0.0003
Placing Sensors
DQN loss 0.01027 | Q -2.2382 | tgt -2.1458 | eps 0.858 | replay 22453
[Episode 194/400] Steps:  79 | Reward:  -18.23 | Battery:   0.00% | Loss: 0.0103
Placing Sensors
DQN loss 0.02645 | Q -2.1885 | tgt -2.1205 | eps 0.857 | replay 22537
[Episode 195/400] Steps:  84 | Reward:  -18.06 | Battery:   0.00% | Loss: 0.0264
Placing Sensors
DQN loss 0.01890 | Q -2.1483 | tgt -2.1296 | eps 0.857 | replay 22612
[Episode 196/400] Steps:  75 | Reward:  -17.97 | Battery:   0.00% | Loss: 0.0189
Placing Sensors
DQN loss 0.00119 | Q -2.1914 | tgt -2.2384 | eps 0.856 | replay 22693
[Episode 197/400] Steps:  81 | Reward:  -18.05 | Battery:   0.00% | Loss: 0.0012
Placing Sensors
DQN loss 0.01997 | Q -2.2213 | tgt -2.2140 | eps 0.856 | replay 22776
[Episode 198/400] Steps:  83 | Reward:  -17.91 | Battery:   0.00% | Loss: 0.0200
Placing Sensors
DQN loss 0.02238 | Q -2.2265 | tgt -2.1299 | eps 0.855 | replay 22852
[Episode 199/400] Steps:  76 | Reward:  -18.03 | Battery:   0.00% | Loss: 0.0224
Placing Sensors
DQN loss 0.00781 | Q -2.2031 | tgt -2.1457 | eps 0.855 | replay 22930
[Episode 200/400] Steps:  78 | Reward:  -17.87 | Battery:   0.00% | Loss: 0.0078
Placing Sensors
DQN loss 0.01941 | Q -2.1678 | tgt -2.1596 | eps 0.854 | replay 22990
[Episode 201/400] Steps:  60 | Reward:  -18.04 | Battery:   0.00% | Loss: 0.0194
Placing Sensors
DQN loss 0.01272 | Q -2.1602 | tgt -2.1390 | eps 0.854 | replay 23069
[Episode 202/400] Steps:  79 | Reward:  -18.03 | Battery:   0.00% | Loss: 0.0127
Placing Sensors
DQN loss 0.03822 | Q -2.1716 | tgt -2.1337 | eps 0.853 | replay 23206
[Episode 203/400] Steps: 137 | Reward:  -18.02 | Battery:   0.00% | Loss: 0.0382
Placing Sensors
DQN loss 0.03948 | Q -2.1957 | tgt -2.1870 | eps 0.853 | replay 23280
[Episode 204/400] Steps:  74 | Reward:  -17.96 | Battery:   0.00% | Loss: 0.0395
Placing Sensors
DQN loss 0.00788 | Q -2.2060 | tgt -2.1458 | eps 0.848 | replay 24000
[Episode 205/400] Steps: 720 | Reward:   -9.14 | Battery:  50.82% | Loss: 0.0079
Placing Sensors
DQN loss 0.01287 | Q -2.1614 | tgt -2.1370 | eps 0.847 | replay 24087
[Episode 206/400] Steps:  87 | Reward:  -17.95 | Battery:   0.00% | Loss: 0.0129
Placing Sensors
DQN loss 0.01269 | Q -2.1409 | tgt -2.1377 | eps 0.847 | replay 24179
[Episode 207/400] Steps:  92 | Reward:  -17.82 | Battery:   0.00% | Loss: 0.0127
Placing Sensors
DQN loss 0.01265 | Q -2.1478 | tgt -2.1363 | eps 0.846 | replay 24354
[Episode 208/400] Steps: 175 | Reward:  -17.83 | Battery:   0.00% | Loss: 0.0127
Placing Sensors
DQN loss 0.02538 | Q -2.1571 | tgt -2.1204 | eps 0.845 | replay 24417
[Episode 209/400] Steps:  63 | Reward:  -17.79 | Battery:   0.00% | Loss: 0.0254
Placing Sensors
DQN loss 0.01259 | Q -2.1502 | tgt -2.1386 | eps 0.845 | replay 24493
[Episode 210/400] Steps:  76 | Reward:  -18.02 | Battery:   0.00% | Loss: 0.0126
Placing Sensors
DQN loss 0.02514 | Q -2.1455 | tgt -2.1223 | eps 0.844 | replay 24563
[Episode 211/400] Steps:  70 | Reward:  -18.05 | Battery:   0.00% | Loss: 0.0251
Placing Sensors
DQN loss 0.00007 | Q -2.1876 | tgt -2.1843 | eps 0.840 | replay 25283
[Episode 212/400] Steps: 720 | Reward:  -11.53 | Battery:  35.17% | Loss: 0.0001
Placing Sensors
DQN loss 0.00014 | Q -2.1636 | tgt -2.1751 | eps 0.839 | replay 25447
[Episode 213/400] Steps: 164 | Reward:  -18.56 | Battery:   0.00% | Loss: 0.0001
Placing Sensors
DQN loss 0.00644 | Q -2.1682 | tgt -2.1676 | eps 0.838 | replay 25526
[Episode 214/400] Steps:  79 | Reward:  -17.96 | Battery:   0.00% | Loss: 0.0064
Placing Sensors
DQN loss 0.01280 | Q -2.1696 | tgt -2.1668 | eps 0.838 | replay 25611
[Episode 215/400] Steps:  85 | Reward:  -18.01 | Battery:   0.00% | Loss: 0.0128
Placing Sensors
DQN loss 0.01495 | Q -2.1703 | tgt -2.2202 | eps 0.837 | replay 25679
[Episode 216/400] Steps:  68 | Reward:  -18.01 | Battery:   0.00% | Loss: 0.0150
Placing Sensors
DQN loss 0.00074 | Q -2.1910 | tgt -2.1545 | eps 0.837 | replay 25743
[Episode 217/400] Steps:  64 | Reward:  -17.97 | Battery:   0.00% | Loss: 0.0007
Placing Sensors
DQN loss 0.01880 | Q -2.1372 | tgt -2.1235 | eps 0.832 | replay 26463
[Episode 218/400] Steps: 720 | Reward:  -10.66 | Battery:  56.03% | Loss: 0.0188
Placing Sensors
DQN loss 0.00631 | Q -2.1381 | tgt -2.1407 | eps 0.832 | replay 26532
[Episode 219/400] Steps:  69 | Reward:  -17.97 | Battery:   0.00% | Loss: 0.0063
Placing Sensors
DQN loss 0.00646 | Q -2.1417 | tgt -2.1468 | eps 0.831 | replay 26609
[Episode 220/400] Steps:  77 | Reward:  -17.90 | Battery:   0.00% | Loss: 0.0065
Placing Sensors
DQN loss 0.01271 | Q -2.1462 | tgt -2.1389 | eps 0.831 | replay 26670
[Episode 221/400] Steps:  61 | Reward:  -18.09 | Battery:   0.00% | Loss: 0.0127
Placing Sensors
DQN loss 0.01258 | Q -2.1452 | tgt -2.1315 | eps 0.831 | replay 26746
[Episode 222/400] Steps:  76 | Reward:  -18.02 | Battery:   0.00% | Loss: 0.0126
Placing Sensors
DQN loss 0.00629 | Q -2.1422 | tgt -2.1410 | eps 0.830 | replay 26818
[Episode 223/400] Steps:  72 | Reward:  -18.05 | Battery:   0.00% | Loss: 0.0063
Placing Sensors
DQN loss 0.01889 | Q -2.1420 | tgt -2.1251 | eps 0.830 | replay 26908
[Episode 224/400] Steps:  90 | Reward:  -18.17 | Battery:   0.00% | Loss: 0.0189
Placing Sensors
DQN loss 0.00011 | Q -2.1419 | tgt -2.1496 | eps 0.829 | replay 26982
[Episode 225/400] Steps:  74 | Reward:  -18.02 | Battery:   0.00% | Loss: 0.0001
Placing Sensors
DQN loss 0.01265 | Q -2.1391 | tgt -2.1354 | eps 0.828 | replay 27099
[Episode 226/400] Steps: 117 | Reward:  -17.90 | Battery:   0.00% | Loss: 0.0127
Placing Sensors
DQN loss 0.02525 | Q -2.1454 | tgt -2.1269 | eps 0.828 | replay 27218
[Episode 227/400] Steps: 119 | Reward:  -18.28 | Battery:   0.00% | Loss: 0.0253
Placing Sensors
DQN loss 0.00015 | Q -2.1358 | tgt -2.1490 | eps 0.827 | replay 27335
[Episode 228/400] Steps: 117 | Reward:  -18.07 | Battery:   0.00% | Loss: 0.0001
Placing Sensors
DQN loss 0.01911 | Q -2.1469 | tgt -2.1388 | eps 0.826 | replay 27426
[Episode 229/400] Steps:  91 | Reward:  -17.90 | Battery:   0.00% | Loss: 0.0191
Placing Sensors
DQN loss 0.00640 | Q -2.1400 | tgt -2.1444 | eps 0.826 | replay 27537
[Episode 230/400] Steps: 111 | Reward:  -17.83 | Battery:   0.00% | Loss: 0.0064
Placing Sensors
DQN loss 0.01255 | Q -2.1425 | tgt -2.1320 | eps 0.825 | replay 27628
[Episode 231/400] Steps:  91 | Reward:  -18.39 | Battery:   0.00% | Loss: 0.0125
Placing Sensors
DQN loss 0.00009 | Q -2.1485 | tgt -2.1572 | eps 0.824 | replay 27802
[Episode 232/400] Steps: 174 | Reward:  -17.78 | Battery:   0.00% | Loss: 0.0001
Placing Sensors
DQN loss 0.01903 | Q -2.1533 | tgt -2.1244 | eps 0.823 | replay 27886
[Episode 233/400] Steps:  84 | Reward:  -17.90 | Battery:   0.00% | Loss: 0.0190
Placing Sensors
DQN loss 0.01898 | Q -2.1491 | tgt -2.1335 | eps 0.823 | replay 27985
[Episode 234/400] Steps:  99 | Reward:  -17.84 | Battery:   0.00% | Loss: 0.0190
Placing Sensors
DQN loss 0.01895 | Q -2.1487 | tgt -2.1303 | eps 0.822 | replay 28062
[Episode 235/400] Steps:  77 | Reward:  -17.99 | Battery:   0.00% | Loss: 0.0189
Placing Sensors
DQN loss 0.00637 | Q -2.1502 | tgt -2.1498 | eps 0.821 | replay 28185
[Episode 236/400] Steps: 123 | Reward:  -17.98 | Battery:   0.00% | Loss: 0.0064
Placing Sensors
DQN loss 0.01901 | Q -2.1483 | tgt -2.1383 | eps 0.821 | replay 28254
[Episode 237/400] Steps:  69 | Reward:  -17.88 | Battery:   0.00% | Loss: 0.0190
Placing Sensors
DQN loss 0.00633 | Q -2.1544 | tgt -2.1472 | eps 0.820 | replay 28357
[Episode 238/400] Steps: 103 | Reward:  -17.84 | Battery:   0.00% | Loss: 0.0063
Placing Sensors
DQN loss 0.01899 | Q -2.1432 | tgt -2.1379 | eps 0.820 | replay 28449
[Episode 239/400] Steps:  92 | Reward:  -17.92 | Battery:   0.00% | Loss: 0.0190
Placing Sensors
DQN loss 0.00010 | Q -2.1488 | tgt -2.1554 | eps 0.819 | replay 28543
[Episode 240/400] Steps:  94 | Reward:  -18.01 | Battery:   0.00% | Loss: 0.0001
Placing Sensors
DQN loss 0.01895 | Q -2.1513 | tgt -2.1334 | eps 0.819 | replay 28629
[Episode 241/400] Steps:  86 | Reward:  -17.94 | Battery:   0.00% | Loss: 0.0190
Placing Sensors
DQN loss 0.02522 | Q -2.1510 | tgt -2.1250 | eps 0.818 | replay 28687
[Episode 242/400] Steps:  58 | Reward:  -18.06 | Battery:   0.00% | Loss: 0.0252
Placing Sensors
DQN loss 0.01881 | Q -2.1447 | tgt -2.1213 | eps 0.818 | replay 28779
[Episode 243/400] Steps:  92 | Reward:  -17.97 | Battery:   0.00% | Loss: 0.0188
Placing Sensors
DQN loss 0.01269 | Q -2.1455 | tgt -2.1328 | eps 0.813 | replay 29499
[Episode 244/400] Steps: 720 | Reward:   -9.77 | Battery:  45.04% | Loss: 0.0127
Placing Sensors
DQN loss 0.01261 | Q -2.1458 | tgt -2.1322 | eps 0.809 | replay 30219
[Episode 245/400] Steps: 720 | Reward:   -9.96 | Battery:  44.20% | Loss: 0.0126
Placing Sensors
DQN loss 0.01272 | Q -2.1441 | tgt -2.1438 | eps 0.808 | replay 30297
[Episode 246/400] Steps:  78 | Reward:  -18.02 | Battery:   0.00% | Loss: 0.0127
Placing Sensors
DQN loss 0.02526 | Q -2.1428 | tgt -2.1286 | eps 0.807 | replay 30407
[Episode 247/400] Steps: 110 | Reward:  -17.74 | Battery:   0.00% | Loss: 0.0253
Placing Sensors
DQN loss 0.00008 | Q -2.1469 | tgt -2.1513 | eps 0.807 | replay 30497
[Episode 248/400] Steps:  90 | Reward:  -17.75 | Battery:   0.00% | Loss: 0.0001
Placing Sensors
DQN loss 0.01881 | Q -2.1371 | tgt -2.1294 | eps 0.806 | replay 30661
[Episode 249/400] Steps: 164 | Reward:  -18.01 | Battery:   0.00% | Loss: 0.0188
Placing Sensors
DQN loss 0.02521 | Q -2.1489 | tgt -2.1220 | eps 0.805 | replay 30740
[Episode 250/400] Steps:  79 | Reward:  -18.07 | Battery:   0.00% | Loss: 0.0252
Placing Sensors
DQN loss 0.01265 | Q -2.1497 | tgt -2.1377 | eps 0.805 | replay 30811
[Episode 251/400] Steps:  71 | Reward:  -17.88 | Battery:   0.00% | Loss: 0.0127
Placing Sensors
DQN loss 0.00630 | Q -2.1462 | tgt -2.1471 | eps 0.804 | replay 30878
[Episode 252/400] Steps:  67 | Reward:  -17.98 | Battery:   0.00% | Loss: 0.0063
Placing Sensors
DQN loss 0.00639 | Q -2.1454 | tgt -2.1465 | eps 0.804 | replay 30998
[Episode 253/400] Steps: 120 | Reward:  -17.97 | Battery:   0.00% | Loss: 0.0064
Placing Sensors
DQN loss 0.01260 | Q -2.1406 | tgt -2.1322 | eps 0.803 | replay 31103
[Episode 254/400] Steps: 105 | Reward:  -17.90 | Battery:   0.00% | Loss: 0.0126
Placing Sensors
DQN loss 0.01906 | Q -2.1405 | tgt -2.1360 | eps 0.803 | replay 31163
[Episode 255/400] Steps:  60 | Reward:  -18.05 | Battery:   0.00% | Loss: 0.0191
Placing Sensors
DQN loss 0.01270 | Q -2.1525 | tgt -2.1431 | eps 0.798 | replay 31883
[Episode 256/400] Steps: 720 | Reward:  -10.85 | Battery:  30.64% | Loss: 0.0127
Placing Sensors
DQN loss 0.01264 | Q -2.1545 | tgt -2.1436 | eps 0.797 | replay 31986
[Episode 257/400] Steps: 103 | Reward:  -17.93 | Battery:   0.00% | Loss: 0.0126
Placing Sensors
DQN loss 0.01269 | Q -2.1451 | tgt -2.1404 | eps 0.797 | replay 32075
[Episode 258/400] Steps:  89 | Reward:  -17.95 | Battery:   0.00% | Loss: 0.0127
Placing Sensors
DQN loss 0.00005 | Q -2.1479 | tgt -2.1488 | eps 0.796 | replay 32147
[Episode 259/400] Steps:  72 | Reward:  -18.34 | Battery:   0.00% | Loss: 0.0001
Placing Sensors
DQN loss 0.01885 | Q -2.1448 | tgt -2.1230 | eps 0.796 | replay 32214
[Episode 260/400] Steps:  67 | Reward:  -18.07 | Battery:   0.00% | Loss: 0.0189
Placing Sensors
DQN loss 0.00638 | Q -2.1485 | tgt -2.1469 | eps 0.795 | replay 32314
[Episode 261/400] Steps: 100 | Reward:  -17.98 | Battery:   0.00% | Loss: 0.0064
Placing Sensors
DQN loss 0.00012 | Q -2.1456 | tgt -2.1538 | eps 0.795 | replay 32421
[Episode 262/400] Steps: 107 | Reward:  -17.99 | Battery:   0.00% | Loss: 0.0001
Placing Sensors
DQN loss 0.01260 | Q -2.1445 | tgt -2.1319 | eps 0.794 | replay 32516
[Episode 263/400] Steps:  95 | Reward:  -17.90 | Battery:   0.00% | Loss: 0.0126
Placing Sensors
DQN loss 0.01258 | Q -2.1497 | tgt -2.1310 | eps 0.794 | replay 32599
[Episode 264/400] Steps:  83 | Reward:  -17.95 | Battery:   0.00% | Loss: 0.0126
Placing Sensors
DQN loss 0.00011 | Q -2.1394 | tgt -2.1477 | eps 0.793 | replay 32683
[Episode 265/400] Steps:  84 | Reward:  -17.81 | Battery:   0.00% | Loss: 0.0001
Placing Sensors
DQN loss 0.00016 | Q -2.1391 | tgt -2.1528 | eps 0.793 | replay 32748
[Episode 266/400] Steps:  65 | Reward:  -17.95 | Battery:   0.00% | Loss: 0.0002
Placing Sensors
DQN loss 0.00008 | Q -2.1425 | tgt -2.1482 | eps 0.792 | replay 32832
[Episode 267/400] Steps:  84 | Reward:  -17.95 | Battery:   0.00% | Loss: 0.0001
Placing Sensors
DQN loss 0.01263 | Q -2.1411 | tgt -2.1326 | eps 0.791 | replay 32929
[Episode 268/400] Steps:  97 | Reward:  -17.96 | Battery:   0.00% | Loss: 0.0126
Placing Sensors
DQN loss 0.02503 | Q -2.1410 | tgt -2.1157 | eps 0.791 | replay 33030
[Episode 269/400] Steps: 101 | Reward:  -17.88 | Battery:   0.00% | Loss: 0.0250
Placing Sensors
DQN loss 0.02508 | Q -2.1431 | tgt -2.1148 | eps 0.790 | replay 33098
[Episode 270/400] Steps:  68 | Reward:  -18.01 | Battery:   0.00% | Loss: 0.0251
Placing Sensors
DQN loss 0.02508 | Q -2.1459 | tgt -2.1162 | eps 0.790 | replay 33182
[Episode 271/400] Steps:  84 | Reward:  -17.93 | Battery:   0.00% | Loss: 0.0251
Placing Sensors
DQN loss 0.01259 | Q -2.1402 | tgt -2.1325 | eps 0.789 | replay 33310
[Episode 272/400] Steps: 128 | Reward:  -17.81 | Battery:   0.00% | Loss: 0.0126
Placing Sensors
DQN loss 0.00628 | Q -2.1432 | tgt -2.1410 | eps 0.789 | replay 33377
[Episode 273/400] Steps:  67 | Reward:  -17.86 | Battery:   0.00% | Loss: 0.0063
Placing Sensors
DQN loss 0.00007 | Q -2.1424 | tgt -2.1486 | eps 0.788 | replay 33453
[Episode 274/400] Steps:  76 | Reward:  -18.14 | Battery:   0.00% | Loss: 0.0001
Placing Sensors
DQN loss 0.00640 | Q -2.1508 | tgt -2.1515 | eps 0.788 | replay 33542
[Episode 275/400] Steps:  89 | Reward:  -18.08 | Battery:   0.00% | Loss: 0.0064
Placing Sensors
DQN loss 0.01898 | Q -2.1423 | tgt -2.1355 | eps 0.787 | replay 33624
[Episode 276/400] Steps:  82 | Reward:  -17.97 | Battery:   0.00% | Loss: 0.0190
Placing Sensors
DQN loss 0.01882 | Q -2.1368 | tgt -2.1247 | eps 0.787 | replay 33690
[Episode 277/400] Steps:  66 | Reward:  -17.97 | Battery:   0.00% | Loss: 0.0188
Placing Sensors
DQN loss 0.01262 | Q -2.1499 | tgt -2.1376 | eps 0.786 | replay 33800
[Episode 278/400] Steps: 110 | Reward:  -17.69 | Battery:   0.00% | Loss: 0.0126
Placing Sensors
DQN loss 0.01265 | Q -2.1465 | tgt -2.1379 | eps 0.785 | replay 33892
[Episode 279/400] Steps:  92 | Reward:  -18.10 | Battery:   0.00% | Loss: 0.0126
Placing Sensors
DQN loss 0.02510 | Q -2.1417 | tgt -2.1176 | eps 0.785 | replay 33997
[Episode 280/400] Steps: 105 | Reward:  -17.96 | Battery:   0.00% | Loss: 0.0251
Placing Sensors
DQN loss 0.01883 | Q -2.1473 | tgt -2.1357 | eps 0.784 | replay 34088
[Episode 281/400] Steps:  91 | Reward:  -17.98 | Battery:   0.00% | Loss: 0.0188
Placing Sensors
DQN loss 0.01898 | Q -2.1512 | tgt -2.1327 | eps 0.784 | replay 34162
[Episode 282/400] Steps:  74 | Reward:  -17.93 | Battery:   0.00% | Loss: 0.0190
Placing Sensors
DQN loss 0.01255 | Q -2.1266 | tgt -2.1195 | eps 0.783 | replay 34269
[Episode 283/400] Steps: 107 | Reward:  -17.83 | Battery:   0.00% | Loss: 0.0125
Placing Sensors
DQN loss 0.01240 | Q -2.1297 | tgt -2.1246 | eps 0.782 | replay 34348
[Episode 284/400] Steps:  79 | Reward:  -17.90 | Battery:   0.00% | Loss: 0.0124
Placing Sensors
DQN loss 0.01258 | Q -2.1311 | tgt -2.1309 | eps 0.782 | replay 34464
[Episode 285/400] Steps: 116 | Reward:  -17.95 | Battery:   0.00% | Loss: 0.0126
Placing Sensors
DQN loss 0.01259 | Q -2.1419 | tgt -2.1317 | eps 0.781 | replay 34544
[Episode 286/400] Steps:  80 | Reward:  -17.70 | Battery:   0.00% | Loss: 0.0126
Placing Sensors
DQN loss 0.00629 | Q -2.1332 | tgt -2.1301 | eps 0.781 | replay 34648
[Episode 287/400] Steps: 104 | Reward:  -17.85 | Battery:   0.00% | Loss: 0.0063
Placing Sensors
DQN loss 0.01890 | Q -2.1226 | tgt -2.1188 | eps 0.780 | replay 34755
[Episode 288/400] Steps: 107 | Reward:  -17.91 | Battery:   0.00% | Loss: 0.0189
Placing Sensors
DQN loss 0.01878 | Q -2.1339 | tgt -2.1096 | eps 0.779 | replay 34858
[Episode 289/400] Steps: 103 | Reward:  -17.96 | Battery:   0.00% | Loss: 0.0188
Placing Sensors
DQN loss 0.02506 | Q -2.1433 | tgt -2.1122 | eps 0.778 | replay 35024
[Episode 290/400] Steps: 166 | Reward:  -17.73 | Battery:   0.00% | Loss: 0.0251
Placing Sensors
DQN loss 0.01870 | Q -2.1282 | tgt -2.1066 | eps 0.778 | replay 35099
[Episode 291/400] Steps:  75 | Reward:  -17.97 | Battery:   0.00% | Loss: 0.0187
Placing Sensors
DQN loss 0.01262 | Q -2.1353 | tgt -2.1299 | eps 0.777 | replay 35215
[Episode 292/400] Steps: 116 | Reward:  -17.92 | Battery:   0.00% | Loss: 0.0126
Placing Sensors
DQN loss 0.01262 | Q -2.1378 | tgt -2.1273 | eps 0.777 | replay 35286
[Episode 293/400] Steps:  71 | Reward:  -18.04 | Battery:   0.00% | Loss: 0.0126
Placing Sensors
DQN loss 0.00626 | Q -2.1292 | tgt -2.1279 | eps 0.776 | replay 35360
[Episode 294/400] Steps:  74 | Reward:  -18.08 | Battery:   0.00% | Loss: 0.0063
Placing Sensors
DQN loss 0.01248 | Q -2.1352 | tgt -2.1279 | eps 0.771 | replay 36080
[Episode 295/400] Steps: 720 | Reward:  -10.52 | Battery:  54.30% | Loss: 0.0125
Placing Sensors
DQN loss 0.00016 | Q -2.1275 | tgt -2.1417 | eps 0.771 | replay 36185
[Episode 296/400] Steps: 105 | Reward:  -17.68 | Battery:   0.00% | Loss: 0.0002
Placing Sensors
DQN loss 0.01262 | Q -2.1448 | tgt -2.1324 | eps 0.766 | replay 36905
[Episode 297/400] Steps: 720 | Reward:  -12.38 | Battery:  54.30% | Loss: 0.0126
Placing Sensors
DQN loss 0.00633 | Q -2.1190 | tgt -2.1255 | eps 0.766 | replay 37015
[Episode 298/400] Steps: 110 | Reward:  -17.95 | Battery:   0.00% | Loss: 0.0063
Placing Sensors
DQN loss 0.01896 | Q -2.1402 | tgt -2.1186 | eps 0.765 | replay 37112
[Episode 299/400] Steps:  97 | Reward:  -17.88 | Battery:   0.00% | Loss: 0.0190
Placing Sensors
DQN loss 0.01871 | Q -2.1254 | tgt -2.1119 | eps 0.764 | replay 37185
[Episode 300/400] Steps:  73 | Reward:  -17.86 | Battery:   0.00% | Loss: 0.0187
Placing Sensors
DQN loss 0.00628 | Q -2.1318 | tgt -2.1290 | eps 0.764 | replay 37257
[Episode 301/400] Steps:  72 | Reward:  -17.99 | Battery:   0.00% | Loss: 0.0063
Placing Sensors
DQN loss 0.00637 | Q -2.1371 | tgt -2.1412 | eps 0.763 | replay 37377
[Episode 302/400] Steps: 120 | Reward:  -17.95 | Battery:   0.00% | Loss: 0.0064
Placing Sensors
DQN loss 0.01861 | Q -2.1240 | tgt -2.1072 | eps 0.763 | replay 37458
[Episode 303/400] Steps:  81 | Reward:  -17.92 | Battery:   0.00% | Loss: 0.0186
Placing Sensors
DQN loss 0.01257 | Q -2.1319 | tgt -2.1170 | eps 0.762 | replay 37592
[Episode 304/400] Steps: 134 | Reward:  -17.82 | Battery:   0.00% | Loss: 0.0126
Placing Sensors
DQN loss 0.01256 | Q -2.1214 | tgt -2.1204 | eps 0.761 | replay 37662
[Episode 305/400] Steps:  70 | Reward:  -17.93 | Battery:   0.00% | Loss: 0.0126
Placing Sensors
DQN loss 0.00632 | Q -2.1403 | tgt -2.1365 | eps 0.761 | replay 37744
[Episode 306/400] Steps:  82 | Reward:  -17.88 | Battery:   0.00% | Loss: 0.0063
Placing Sensors
DQN loss 0.00619 | Q -2.1314 | tgt -2.1247 | eps 0.760 | replay 37827
[Episode 307/400] Steps:  83 | Reward:  -17.67 | Battery:   0.00% | Loss: 0.0062
Placing Sensors
DQN loss 0.00625 | Q -2.1222 | tgt -2.1240 | eps 0.760 | replay 37902
[Episode 308/400] Steps:  75 | Reward:  -17.94 | Battery:   0.00% | Loss: 0.0062
Placing Sensors
DQN loss 0.01251 | Q -2.1402 | tgt -2.1281 | eps 0.759 | replay 38025
[Episode 309/400] Steps: 123 | Reward:  -17.96 | Battery:   0.00% | Loss: 0.0125
Placing Sensors
DQN loss 0.00646 | Q -2.1233 | tgt -2.1340 | eps 0.759 | replay 38110
[Episode 310/400] Steps:  85 | Reward:  -17.96 | Battery:   0.00% | Loss: 0.0065
Placing Sensors
DQN loss 0.00634 | Q -2.1483 | tgt -2.1407 | eps 0.758 | replay 38182
[Episode 311/400] Steps:  72 | Reward:  -17.89 | Battery:   0.00% | Loss: 0.0063
Placing Sensors
DQN loss 0.00626 | Q -2.1320 | tgt -2.1258 | eps 0.758 | replay 38247
[Episode 312/400] Steps:  65 | Reward:  -17.80 | Battery:   0.00% | Loss: 0.0063
Placing Sensors
DQN loss 0.00627 | Q -2.1232 | tgt -2.1270 | eps 0.757 | replay 38305
[Episode 313/400] Steps:  58 | Reward:  -18.00 | Battery:   0.00% | Loss: 0.0063
Placing Sensors
DQN loss 0.00642 | Q -2.1417 | tgt -2.1467 | eps 0.757 | replay 38368
[Episode 314/400] Steps:  63 | Reward:  -18.12 | Battery:   0.00% | Loss: 0.0064
Placing Sensors
DQN loss 0.01877 | Q -2.1355 | tgt -2.1086 | eps 0.756 | replay 38449
[Episode 315/400] Steps:  81 | Reward:  -17.93 | Battery:   0.00% | Loss: 0.0188
Placing Sensors
DQN loss 0.01859 | Q -2.1252 | tgt -2.1110 | eps 0.756 | replay 38541
[Episode 316/400] Steps:  92 | Reward:  -17.74 | Battery:   0.00% | Loss: 0.0186
Placing Sensors
DQN loss 0.00631 | Q -2.1257 | tgt -2.1274 | eps 0.755 | replay 38631
[Episode 317/400] Steps:  90 | Reward:  -17.88 | Battery:   0.00% | Loss: 0.0063
Placing Sensors
DQN loss 0.01890 | Q -2.1427 | tgt -2.1255 | eps 0.755 | replay 38727
[Episode 318/400] Steps:  96 | Reward:  -18.04 | Battery:   0.00% | Loss: 0.0189
Placing Sensors
DQN loss 0.01260 | Q -2.1426 | tgt -2.1287 | eps 0.754 | replay 38831
[Episode 319/400] Steps: 104 | Reward:  -17.97 | Battery:   0.00% | Loss: 0.0126
Placing Sensors
DQN loss 0.02517 | Q -2.1446 | tgt -2.1158 | eps 0.753 | replay 38927
[Episode 320/400] Steps:  96 | Reward:  -17.91 | Battery:   0.00% | Loss: 0.0252
Placing Sensors
DQN loss 0.01254 | Q -2.1370 | tgt -2.1259 | eps 0.752 | replay 39116
[Episode 321/400] Steps: 189 | Reward:  -17.71 | Battery:   0.00% | Loss: 0.0125
Placing Sensors
DQN loss 0.01876 | Q -2.1345 | tgt -2.1099 | eps 0.752 | replay 39184
[Episode 322/400] Steps:  68 | Reward:  -17.93 | Battery:   0.00% | Loss: 0.0188
Placing Sensors
DQN loss 0.01874 | Q -2.1355 | tgt -2.1182 | eps 0.751 | replay 39282
[Episode 323/400] Steps:  98 | Reward:  -17.95 | Battery:   0.00% | Loss: 0.0187
Placing Sensors
DQN loss 0.00019 | Q -2.1289 | tgt -2.1424 | eps 0.751 | replay 39355
[Episode 324/400] Steps:  73 | Reward:  -17.93 | Battery:   0.00% | Loss: 0.0002
Placing Sensors
DQN loss 0.02494 | Q -2.1330 | tgt -2.1112 | eps 0.746 | replay 40075
[Episode 325/400] Steps: 720 | Reward:  -12.31 | Battery:  21.45% | Loss: 0.0249
Placing Sensors
DQN loss 0.00009 | Q -2.1385 | tgt -2.1446 | eps 0.746 | replay 40171
[Episode 326/400] Steps:  96 | Reward:  -17.94 | Battery:   0.00% | Loss: 0.0001
Placing Sensors
DQN loss 0.00009 | Q -2.1353 | tgt -2.1420 | eps 0.745 | replay 40273
[Episode 327/400] Steps: 102 | Reward:  -17.82 | Battery:   0.00% | Loss: 0.0001
Placing Sensors
DQN loss 0.01242 | Q -2.1283 | tgt -2.1186 | eps 0.744 | replay 40359
[Episode 328/400] Steps:  86 | Reward:  -17.79 | Battery:   0.00% | Loss: 0.0124
Placing Sensors
DQN loss 0.00632 | Q -2.1404 | tgt -2.1375 | eps 0.744 | replay 40434
[Episode 329/400] Steps:  75 | Reward:  -18.13 | Battery:   0.00% | Loss: 0.0063
Placing Sensors
DQN loss 0.01864 | Q -2.1291 | tgt -2.1200 | eps 0.743 | replay 40521
[Episode 330/400] Steps:  87 | Reward:  -17.90 | Battery:   0.00% | Loss: 0.0186
Placing Sensors
DQN loss 0.01882 | Q -2.1411 | tgt -2.1203 | eps 0.743 | replay 40584
[Episode 331/400] Steps:  63 | Reward:  -17.92 | Battery:   0.00% | Loss: 0.0188
Placing Sensors
DQN loss 0.00026 | Q -2.1292 | tgt -2.1403 | eps 0.742 | replay 40719
[Episode 332/400] Steps: 135 | Reward:  -17.80 | Battery:   0.00% | Loss: 0.0003
Placing Sensors
DQN loss 0.00636 | Q -2.1404 | tgt -2.1379 | eps 0.742 | replay 40781
[Episode 333/400] Steps:  62 | Reward:  -18.04 | Battery:   0.00% | Loss: 0.0064
Placing Sensors
DQN loss 0.00013 | Q -2.1239 | tgt -2.1336 | eps 0.741 | replay 40853
[Episode 334/400] Steps:  72 | Reward:  -17.93 | Battery:   0.00% | Loss: 0.0001
Placing Sensors
DQN loss 0.01887 | Q -2.1254 | tgt -2.1291 | eps 0.737 | replay 41573
[Episode 335/400] Steps: 720 | Reward:   -8.73 | Battery:  70.20% | Loss: 0.0189
Placing Sensors
DQN loss 0.01856 | Q -2.1478 | tgt -2.1073 | eps 0.736 | replay 41638
[Episode 336/400] Steps:  65 | Reward:  -18.08 | Battery:   0.00% | Loss: 0.0186
Placing Sensors
DQN loss 0.01248 | Q -2.1256 | tgt -2.1157 | eps 0.736 | replay 41735
[Episode 337/400] Steps:  97 | Reward:  -17.85 | Battery:   0.00% | Loss: 0.0125
Placing Sensors
DQN loss 0.01258 | Q -2.1362 | tgt -2.1266 | eps 0.735 | replay 41863
[Episode 338/400] Steps: 128 | Reward:  -17.86 | Battery:   0.00% | Loss: 0.0126
Placing Sensors
DQN loss 0.01870 | Q -2.1204 | tgt -2.1129 | eps 0.734 | replay 41957
[Episode 339/400] Steps:  94 | Reward:  -18.01 | Battery:   0.00% | Loss: 0.0187
Placing Sensors
DQN loss 0.00620 | Q -2.1408 | tgt -2.1357 | eps 0.734 | replay 42046
[Episode 340/400] Steps:  89 | Reward:  -18.00 | Battery:   0.00% | Loss: 0.0062
Placing Sensors
DQN loss 0.00636 | Q -2.1392 | tgt -2.1379 | eps 0.733 | replay 42130
[Episode 341/400] Steps:  84 | Reward:  -17.78 | Battery:   0.00% | Loss: 0.0064
Placing Sensors
DQN loss 0.00010 | Q -2.1403 | tgt -2.1476 | eps 0.733 | replay 42196
[Episode 342/400] Steps:  66 | Reward:  -17.98 | Battery:   0.00% | Loss: 0.0001
Placing Sensors
DQN loss 0.01873 | Q -2.1342 | tgt -2.1233 | eps 0.732 | replay 42274
[Episode 343/400] Steps:  78 | Reward:  -17.61 | Battery:   0.00% | Loss: 0.0187
Placing Sensors
DQN loss 0.00016 | Q -2.1174 | tgt -2.1198 | eps 0.732 | replay 42335
[Episode 344/400] Steps:  61 | Reward:  -17.92 | Battery:   0.00% | Loss: 0.0002
Placing Sensors
DQN loss 0.03102 | Q -2.1251 | tgt -2.1064 | eps 0.731 | replay 42430
[Episode 345/400] Steps:  95 | Reward:  -17.89 | Battery:   0.00% | Loss: 0.0310
Placing Sensors
DQN loss 0.01257 | Q -2.1310 | tgt -2.1200 | eps 0.731 | replay 42508
[Episode 346/400] Steps:  78 | Reward:  -17.89 | Battery:   0.00% | Loss: 0.0126
Placing Sensors
DQN loss 0.01252 | Q -2.1261 | tgt -2.1187 | eps 0.730 | replay 42579
[Episode 347/400] Steps:  71 | Reward:  -18.09 | Battery:   0.00% | Loss: 0.0125
Placing Sensors
DQN loss 0.01855 | Q -2.1229 | tgt -2.1185 | eps 0.730 | replay 42657
[Episode 348/400] Steps:  78 | Reward:  -18.06 | Battery:   0.00% | Loss: 0.0185
Placing Sensors
DQN loss 0.01209 | Q -2.1205 | tgt -2.1053 | eps 0.729 | replay 42762
[Episode 349/400] Steps: 105 | Reward:  -18.24 | Battery:   0.00% | Loss: 0.0121
Placing Sensors
DQN loss 0.01215 | Q -2.1121 | tgt -2.1146 | eps 0.725 | replay 43482
[Episode 350/400] Steps: 720 | Reward:  -10.76 | Battery:  46.22% | Loss: 0.0121
Placing Sensors
DQN loss 0.01178 | Q -2.1140 | tgt -2.1112 | eps 0.724 | replay 43574
[Episode 351/400] Steps:  92 | Reward:  -17.63 | Battery:   0.00% | Loss: 0.0118
Placing Sensors
DQN loss 0.01218 | Q -2.1349 | tgt -2.1169 | eps 0.719 | replay 44294
[Episode 352/400] Steps: 720 | Reward:   -9.70 | Battery:  54.13% | Loss: 0.0122
Placing Sensors
DQN loss 0.01220 | Q -2.1183 | tgt -2.1104 | eps 0.719 | replay 44435
[Episode 353/400] Steps: 141 | Reward:  -17.91 | Battery:   0.00% | Loss: 0.0122
Placing Sensors
DQN loss 0.03626 | Q -2.1162 | tgt -2.0778 | eps 0.718 | replay 44514
[Episode 354/400] Steps:  79 | Reward:  -18.06 | Battery:   0.00% | Loss: 0.0363
Placing Sensors
DQN loss 0.01215 | Q -2.1139 | tgt -2.1041 | eps 0.714 | replay 45234
[Episode 355/400] Steps: 720 | Reward:  -10.21 | Battery:  47.75% | Loss: 0.0121
Placing Sensors
DQN loss 0.00624 | Q -2.1126 | tgt -2.1087 | eps 0.713 | replay 45315
[Episode 356/400] Steps:  81 | Reward:  -17.91 | Battery:   0.00% | Loss: 0.0062
Placing Sensors
DQN loss 0.01252 | Q -2.1268 | tgt -2.1169 | eps 0.712 | replay 45445
[Episode 357/400] Steps: 130 | Reward:  -17.89 | Battery:   0.00% | Loss: 0.0125
Placing Sensors
DQN loss 0.01861 | Q -2.1305 | tgt -2.1090 | eps 0.712 | replay 45511
[Episode 358/400] Steps:  66 | Reward:  -17.98 | Battery:   0.00% | Loss: 0.0186
Placing Sensors
DQN loss 0.02388 | Q -2.1054 | tgt -2.0874 | eps 0.711 | replay 45609
[Episode 359/400] Steps:  98 | Reward:  -17.84 | Battery:   0.00% | Loss: 0.0239
Placing Sensors
DQN loss 0.01771 | Q -2.1304 | tgt -2.1126 | eps 0.711 | replay 45672
[Episode 360/400] Steps:  63 | Reward:  -17.96 | Battery:   0.00% | Loss: 0.0177
Placing Sensors
DQN loss 0.00637 | Q -2.1247 | tgt -2.1269 | eps 0.710 | replay 45777
[Episode 361/400] Steps: 105 | Reward:  -17.70 | Battery:   0.00% | Loss: 0.0064
Placing Sensors
DQN loss 0.00643 | Q -2.1196 | tgt -2.1245 | eps 0.710 | replay 45840
[Episode 362/400] Steps:  63 | Reward:  -18.07 | Battery:   0.00% | Loss: 0.0064
Placing Sensors
DQN loss 0.00016 | Q -2.1072 | tgt -2.1196 | eps 0.709 | replay 45938
[Episode 363/400] Steps:  98 | Reward:  -17.83 | Battery:   0.00% | Loss: 0.0002
Placing Sensors
DQN loss 0.01234 | Q -2.1227 | tgt -2.1146 | eps 0.704 | replay 46658
[Episode 364/400] Steps: 720 | Reward:  -10.05 | Battery:  56.84% | Loss: 0.0123
Placing Sensors
DQN loss 0.01838 | Q -2.1259 | tgt -2.1061 | eps 0.704 | replay 46749
[Episode 365/400] Steps:  91 | Reward:  -17.78 | Battery:   0.00% | Loss: 0.0184
Placing Sensors
DQN loss 0.00022 | Q -2.1251 | tgt -2.1290 | eps 0.703 | replay 46825
[Episode 366/400] Steps:  76 | Reward:  -17.70 | Battery:   0.00% | Loss: 0.0002
Placing Sensors
DQN loss 0.00009 | Q -2.1336 | tgt -2.1355 | eps 0.703 | replay 46961
[Episode 367/400] Steps: 136 | Reward:  -17.79 | Battery:   0.00% | Loss: 0.0001
Placing Sensors
DQN loss 0.00579 | Q -2.1151 | tgt -2.1114 | eps 0.701 | replay 47140
[Episode 368/400] Steps: 179 | Reward:  -17.83 | Battery:   0.00% | Loss: 0.0058
Placing Sensors
DQN loss 0.02456 | Q -2.1143 | tgt -2.0860 | eps 0.701 | replay 47221
[Episode 369/400] Steps:  81 | Reward:  -17.98 | Battery:   0.00% | Loss: 0.0246
Placing Sensors
DQN loss 0.00633 | Q -2.1255 | tgt -2.1297 | eps 0.700 | replay 47317
[Episode 370/400] Steps:  96 | Reward:  -17.76 | Battery:   0.00% | Loss: 0.0063
Placing Sensors
DQN loss 0.01801 | Q -2.1328 | tgt -2.1119 | eps 0.700 | replay 47408
[Episode 371/400] Steps:  91 | Reward:  -17.91 | Battery:   0.00% | Loss: 0.0180
Placing Sensors
DQN loss 0.01248 | Q -2.1295 | tgt -2.1167 | eps 0.699 | replay 47471
[Episode 372/400] Steps:  63 | Reward:  -17.99 | Battery:   0.00% | Loss: 0.0125
Placing Sensors
DQN loss 0.00632 | Q -2.1350 | tgt -2.1188 | eps 0.699 | replay 47568
[Episode 373/400] Steps:  97 | Reward:  -17.99 | Battery:   0.00% | Loss: 0.0063
Placing Sensors
DQN loss 0.01221 | Q -2.1167 | tgt -2.1155 | eps 0.698 | replay 47633
[Episode 374/400] Steps:  65 | Reward:  -18.02 | Battery:   0.00% | Loss: 0.0122
Placing Sensors
DQN loss 0.02317 | Q -2.1155 | tgt -2.0940 | eps 0.698 | replay 47707
[Episode 375/400] Steps:  74 | Reward:  -17.85 | Battery:   0.00% | Loss: 0.0232
Placing Sensors
DQN loss 0.01267 | Q -2.1330 | tgt -2.1191 | eps 0.697 | replay 47814
[Episode 376/400] Steps: 107 | Reward:  -17.89 | Battery:   0.00% | Loss: 0.0127
Placing Sensors
DQN loss 0.01266 | Q -2.1263 | tgt -2.1173 | eps 0.697 | replay 47873
[Episode 377/400] Steps:  59 | Reward:  -18.04 | Battery:   0.00% | Loss: 0.0127
Placing Sensors
DQN loss 0.01811 | Q -2.1217 | tgt -2.1088 | eps 0.696 | replay 47955
[Episode 378/400] Steps:  82 | Reward:  -17.88 | Battery:   0.00% | Loss: 0.0181
Placing Sensors
DQN loss 0.00641 | Q -2.1275 | tgt -2.1374 | eps 0.696 | replay 48023
[Episode 379/400] Steps:  68 | Reward:  -17.96 | Battery:   0.00% | Loss: 0.0064
Placing Sensors
DQN loss 0.00652 | Q -2.1405 | tgt -2.1307 | eps 0.695 | replay 48083
[Episode 380/400] Steps:  60 | Reward:  -18.36 | Battery:   0.00% | Loss: 0.0065
Placing Sensors
DQN loss 0.00641 | Q -2.1041 | tgt -2.1158 | eps 0.695 | replay 48184
[Episode 381/400] Steps: 101 | Reward:  -18.01 | Battery:   0.00% | Loss: 0.0064
Placing Sensors
DQN loss 0.00638 | Q -2.1233 | tgt -2.1189 | eps 0.690 | replay 48904
[Episode 382/400] Steps: 720 | Reward:  -11.03 | Battery:  49.94% | Loss: 0.0064
Placing Sensors
DQN loss 0.02465 | Q -2.1249 | tgt -2.0947 | eps 0.690 | replay 48984
[Episode 383/400] Steps:  80 | Reward:  -17.88 | Battery:   0.00% | Loss: 0.0246
Placing Sensors
DQN loss 0.02434 | Q -2.1093 | tgt -2.0871 | eps 0.689 | replay 49050
[Episode 384/400] Steps:  66 | Reward:  -17.93 | Battery:   0.00% | Loss: 0.0243
Placing Sensors
DQN loss 0.01145 | Q -2.1121 | tgt -2.1030 | eps 0.689 | replay 49139
[Episode 385/400] Steps:  89 | Reward:  -17.89 | Battery:   0.00% | Loss: 0.0114
Placing Sensors
DQN loss 0.00643 | Q -2.1395 | tgt -2.1266 | eps 0.688 | replay 49226
[Episode 386/400] Steps:  87 | Reward:  -17.90 | Battery:   0.00% | Loss: 0.0064
Placing Sensors
DQN loss 0.00642 | Q -2.1219 | tgt -2.1272 | eps 0.688 | replay 49286
[Episode 387/400] Steps:  60 | Reward:  -17.85 | Battery:   0.00% | Loss: 0.0064
Placing Sensors
DQN loss 0.00619 | Q -2.1141 | tgt -2.1131 | eps 0.687 | replay 49352
[Episode 388/400] Steps:  66 | Reward:  -17.97 | Battery:   0.00% | Loss: 0.0062
Placing Sensors
DQN loss 0.00634 | Q -2.1075 | tgt -2.1103 | eps 0.683 | replay 50072
[Episode 389/400] Steps: 720 | Reward:   -9.98 | Battery:  52.89% | Loss: 0.0063
Placing Sensors
DQN loss 0.00631 | Q -2.1187 | tgt -2.1257 | eps 0.682 | replay 50164
[Episode 390/400] Steps:  92 | Reward:  -17.95 | Battery:   0.00% | Loss: 0.0063
Placing Sensors
DQN loss 0.00013 | Q -2.1472 | tgt -2.1438 | eps 0.682 | replay 50238
[Episode 391/400] Steps:  74 | Reward:  -17.76 | Battery:   0.00% | Loss: 0.0001
Placing Sensors
DQN loss 0.02463 | Q -2.1340 | tgt -2.1055 | eps 0.681 | replay 50311
[Episode 392/400] Steps:  73 | Reward:  -17.82 | Battery:   0.00% | Loss: 0.0246
Placing Sensors
DQN loss 0.00619 | Q -2.1145 | tgt -2.1008 | eps 0.677 | replay 51031
[Episode 393/400] Steps: 720 | Reward:   -9.66 | Battery:  50.09% | Loss: 0.0062
Placing Sensors
DQN loss 0.01145 | Q -2.0989 | tgt -2.0970 | eps 0.676 | replay 51130
[Episode 394/400] Steps:  99 | Reward:  -17.77 | Battery:   0.00% | Loss: 0.0114
Placing Sensors
DQN loss 0.00624 | Q -2.0999 | tgt -2.1032 | eps 0.675 | replay 51239
[Episode 395/400] Steps: 109 | Reward:  -17.77 | Battery:   0.00% | Loss: 0.0062
Placing Sensors
DQN loss 0.00013 | Q -2.1023 | tgt -2.1072 | eps 0.675 | replay 51307
[Episode 396/400] Steps:  68 | Reward:  -18.08 | Battery:   0.00% | Loss: 0.0001
Placing Sensors
DQN loss 0.01764 | Q -2.1020 | tgt -2.0917 | eps 0.675 | replay 51365
[Episode 397/400] Steps:  58 | Reward:  -18.02 | Battery:   0.00% | Loss: 0.0176
Placing Sensors
DQN loss 0.03622 | Q -2.1180 | tgt -2.0647 | eps 0.674 | replay 51436
[Episode 398/400] Steps:  71 | Reward:  -17.96 | Battery:   0.00% | Loss: 0.0362
Placing Sensors
DQN loss 0.00041 | Q -2.1033 | tgt -2.1165 | eps 0.674 | replay 51518
[Episode 399/400] Steps:  82 | Reward:  -17.85 | Battery:   0.00% | Loss: 0.0004
Placing Sensors
DQN loss 0.00024 | Q -2.1240 | tgt -2.1067 | eps 0.673 | replay 51594
[Episode 400/400] Steps:  76 | Reward:  -17.94 | Battery:   0.00% | Loss: 0.0002
Placing Sensors
DQN loss 0.00008 | Q -2.0986 | tgt -2.1058 | eps 0.673 | replay 51675
[Episode 401/400] Steps:  81 | Reward:  -17.78 | Battery:   0.00% | Loss: 0.0001
Placing Sensors
DQN loss 0.01207 | Q -2.1057 | tgt -2.0958 | eps 0.672 | replay 51811
[Episode 402/400] Steps: 136 | Reward:  -17.81 | Battery:   0.00% | Loss: 0.0121
Placing Sensors
DQN loss 0.01227 | Q -2.1062 | tgt -2.0983 | eps 0.671 | replay 51925
[Episode 403/400] Steps: 114 | Reward:  -17.85 | Battery:   0.00% | Loss: 0.0123
Placing Sensors
DQN loss 0.00615 | Q -2.1077 | tgt -2.1028 | eps 0.671 | replay 51998
[Episode 404/400] Steps:  73 | Reward:  -17.89 | Battery:   0.00% | Loss: 0.0061
Placing Sensors
DQN loss 0.00008 | Q -2.1126 | tgt -2.1148 | eps 0.670 | replay 52106
[Episode 405/400] Steps: 108 | Reward:  -17.75 | Battery:   0.00% | Loss: 0.0001
Placing Sensors
DQN loss 0.00617 | Q -2.1066 | tgt -2.1047 | eps 0.669 | replay 52189
[Episode 406/400] Steps:  83 | Reward:  -17.61 | Battery:   0.00% | Loss: 0.0062
Placing Sensors
DQN loss 0.00014 | Q -2.1049 | tgt -2.1122 | eps 0.669 | replay 52278
[Episode 407/400] Steps:  89 | Reward:  -17.83 | Battery:   0.00% | Loss: 0.0001
Placing Sensors
DQN loss 0.00014 | Q -2.1109 | tgt -2.1150 | eps 0.668 | replay 52348
[Episode 408/400] Steps:  70 | Reward:  -17.80 | Battery:   0.00% | Loss: 0.0001
Placing Sensors
DQN loss 0.00609 | Q -2.1091 | tgt -2.1079 | eps 0.668 | replay 52437
[Episode 409/400] Steps:  89 | Reward:  -17.56 | Battery:   0.00% | Loss: 0.0061
Placing Sensors
DQN loss 0.00606 | Q -2.1194 | tgt -2.1146 | eps 0.667 | replay 52567
[Episode 410/400] Steps: 130 | Reward:  -17.85 | Battery:   0.00% | Loss: 0.0061
Placing Sensors
DQN loss 0.01236 | Q -2.1063 | tgt -2.1002 | eps 0.667 | replay 52649
[Episode 411/400] Steps:  82 | Reward:  -17.99 | Battery:   0.00% | Loss: 0.0124
Placing Sensors
DQN loss 0.00604 | Q -2.1085 | tgt -2.1055 | eps 0.666 | replay 52711
[Episode 412/400] Steps:  62 | Reward:  -17.89 | Battery:   0.00% | Loss: 0.0060
Placing Sensors
DQN loss 0.01226 | Q -2.1062 | tgt -2.0967 | eps 0.665 | replay 52840
[Episode 413/400] Steps: 129 | Reward:  -17.80 | Battery:   0.00% | Loss: 0.0123
Placing Sensors
DQN loss 0.01871 | Q -2.1028 | tgt -2.0884 | eps 0.665 | replay 52972
[Episode 414/400] Steps: 132 | Reward:  -17.93 | Battery:   0.00% | Loss: 0.0187
Placing Sensors
DQN loss 0.02979 | Q -2.1100 | tgt -2.0731 | eps 0.664 | replay 53036
[Episode 415/400] Steps:  64 | Reward:  -17.94 | Battery:   0.00% | Loss: 0.0298
Placing Sensors
DQN loss 0.01858 | Q -2.1073 | tgt -2.0879 | eps 0.664 | replay 53112
[Episode 416/400] Steps:  76 | Reward:  -17.98 | Battery:   0.00% | Loss: 0.0186
Placing Sensors
DQN loss 0.00603 | Q -2.1109 | tgt -2.1073 | eps 0.663 | replay 53211
[Episode 417/400] Steps:  99 | Reward:  -17.84 | Battery:   0.00% | Loss: 0.0060
Placing Sensors
DQN loss 0.01191 | Q -2.0975 | tgt -2.0945 | eps 0.663 | replay 53286
[Episode 418/400] Steps:  75 | Reward:  -17.89 | Battery:   0.00% | Loss: 0.0119
Placing Sensors
DQN loss 0.00674 | Q -2.1024 | tgt -2.1064 | eps 0.662 | replay 53390
[Episode 419/400] Steps: 104 | Reward:  -17.92 | Battery:   0.00% | Loss: 0.0067
Placing Sensors
DQN loss 0.00620 | Q -2.1046 | tgt -2.1010 | eps 0.661 | replay 53474
[Episode 420/400] Steps:  84 | Reward:  -17.90 | Battery:   0.00% | Loss: 0.0062
Placing Sensors
DQN loss 0.00013 | Q -2.1058 | tgt -2.1135 | eps 0.661 | replay 53559
[Episode 421/400] Steps:  85 | Reward:  -17.70 | Battery:   0.00% | Loss: 0.0001
Placing Sensors
DQN loss 0.01817 | Q -2.1044 | tgt -2.0900 | eps 0.660 | replay 53704
[Episode 422/400] Steps: 145 | Reward:  -17.70 | Battery:   0.00% | Loss: 0.0182
Placing Sensors
DQN loss 0.00549 | Q -2.1160 | tgt -2.1123 | eps 0.659 | replay 53800
[Episode 423/400] Steps:  96 | Reward:  -17.90 | Battery:   0.00% | Loss: 0.0055
Placing Sensors
DQN loss 0.01238 | Q -2.1143 | tgt -2.1019 | eps 0.659 | replay 53881
[Episode 424/400] Steps:  81 | Reward:  -17.80 | Battery:   0.00% | Loss: 0.0124
Placing Sensors
DQN loss 0.01235 | Q -2.1123 | tgt -2.0986 | eps 0.658 | replay 53942
[Episode 425/400] Steps:  61 | Reward:  -17.83 | Battery:   0.00% | Loss: 0.0124
Placing Sensors
DQN loss 0.02423 | Q -2.1028 | tgt -2.0756 | eps 0.658 | replay 54028
[Episode 426/400] Steps:  86 | Reward:  -17.93 | Battery:   0.00% | Loss: 0.0242
Placing Sensors
DQN loss 0.01238 | Q -2.1152 | tgt -2.1035 | eps 0.657 | replay 54116
[Episode 427/400] Steps:  88 | Reward:  -17.75 | Battery:   0.00% | Loss: 0.0124
Placing Sensors
DQN loss 0.01236 | Q -2.0964 | tgt -2.0991 | eps 0.657 | replay 54214
[Episode 428/400] Steps:  98 | Reward:  -17.89 | Battery:   0.00% | Loss: 0.0124
Placing Sensors
DQN loss 0.01215 | Q -2.1104 | tgt -2.0978 | eps 0.656 | replay 54297
[Episode 429/400] Steps:  83 | Reward:  -17.90 | Battery:   0.00% | Loss: 0.0121
Placing Sensors
DQN loss 0.01141 | Q -2.1004 | tgt -2.0981 | eps 0.656 | replay 54381
[Episode 430/400] Steps:  84 | Reward:  -17.55 | Battery:   0.00% | Loss: 0.0114
Placing Sensors
DQN loss 0.01835 | Q -2.1016 | tgt -2.0895 | eps 0.655 | replay 54523
[Episode 431/400] Steps: 142 | Reward:  -17.48 | Battery:   0.00% | Loss: 0.0184
Placing Sensors
DQN loss 0.00631 | Q -2.1084 | tgt -2.1157 | eps 0.654 | replay 54629
[Episode 432/400] Steps: 106 | Reward:  -17.74 | Battery:   0.00% | Loss: 0.0063
Placing Sensors
DQN loss 0.01836 | Q -2.1271 | tgt -2.0973 | eps 0.654 | replay 54696
[Episode 433/400] Steps:  67 | Reward:  -17.97 | Battery:   0.00% | Loss: 0.0184
Placing Sensors
DQN loss 0.00012 | Q -2.1118 | tgt -2.1154 | eps 0.653 | replay 54798
[Episode 434/400] Steps: 102 | Reward:  -17.88 | Battery:   0.00% | Loss: 0.0001
Placing Sensors
DQN loss 0.01244 | Q -2.1290 | tgt -2.1094 | eps 0.652 | replay 54872
[Episode 435/400] Steps:  74 | Reward:  -17.89 | Battery:   0.00% | Loss: 0.0124
Placing Sensors
DQN loss 0.03401 | Q -2.0905 | tgt -2.0641 | eps 0.652 | replay 54959
[Episode 436/400] Steps:  87 | Reward:  -17.74 | Battery:   0.00% | Loss: 0.0340
Placing Sensors
DQN loss 0.00025 | Q -2.0955 | tgt -2.1124 | eps 0.651 | replay 55099
[Episode 437/400] Steps: 140 | Reward:  -17.77 | Battery:   0.00% | Loss: 0.0002
Placing Sensors
DQN loss 0.01114 | Q -2.1043 | tgt -2.0995 | eps 0.651 | replay 55177
[Episode 438/400] Steps:  78 | Reward:  -17.66 | Battery:   0.00% | Loss: 0.0111
Placing Sensors
DQN loss 0.01225 | Q -2.1046 | tgt -2.0942 | eps 0.650 | replay 55290
[Episode 439/400] Steps: 113 | Reward:  -18.04 | Battery:   0.00% | Loss: 0.0122
Placing Sensors
DQN loss 0.01850 | Q -2.1214 | tgt -2.0943 | eps 0.649 | replay 55362
[Episode 440/400] Steps:  72 | Reward:  -18.01 | Battery:   0.00% | Loss: 0.0185
Placing Sensors
DQN loss 0.00636 | Q -2.1039 | tgt -2.1091 | eps 0.649 | replay 55450
[Episode 441/400] Steps:  88 | Reward:  -18.07 | Battery:   0.00% | Loss: 0.0064
Placing Sensors
DQN loss 0.01236 | Q -2.1160 | tgt -2.1061 | eps 0.648 | replay 55527
[Episode 442/400] Steps:  77 | Reward:  -17.86 | Battery:   0.00% | Loss: 0.0124
Placing Sensors
DQN loss 0.01862 | Q -2.1093 | tgt -2.0967 | eps 0.647 | replay 55681
[Episode 443/400] Steps: 154 | Reward:  -17.71 | Battery:   0.00% | Loss: 0.0186
Placing Sensors
DQN loss 0.01234 | Q -2.1129 | tgt -2.0984 | eps 0.643 | replay 56401
[Episode 444/400] Steps: 720 | Reward:   -9.35 | Battery:  59.98% | Loss: 0.0123
Placing Sensors
DQN loss 0.00065 | Q -2.1008 | tgt -2.1100 | eps 0.642 | replay 56475
[Episode 445/400] Steps:  74 | Reward:  -17.85 | Battery:   0.00% | Loss: 0.0007
Placing Sensors
DQN loss 0.01218 | Q -2.1037 | tgt -2.0981 | eps 0.642 | replay 56545
[Episode 446/400] Steps:  70 | Reward:  -18.02 | Battery:   0.00% | Loss: 0.0122
Placing Sensors
DQN loss 0.00369 | Q -2.1163 | tgt -2.1086 | eps 0.641 | replay 56609
[Episode 447/400] Steps:  64 | Reward:  -18.01 | Battery:   0.00% | Loss: 0.0037
Placing Sensors
DQN loss 0.00625 | Q -2.1059 | tgt -2.1064 | eps 0.641 | replay 56687
[Episode 448/400] Steps:  78 | Reward:  -17.88 | Battery:   0.00% | Loss: 0.0063
Placing Sensors
DQN loss 0.03047 | Q -2.1038 | tgt -2.0716 | eps 0.641 | replay 56762
[Episode 449/400] Steps:  75 | Reward:  -17.90 | Battery:   0.00% | Loss: 0.0305
Placing Sensors
DQN loss 0.00622 | Q -2.0987 | tgt -2.1013 | eps 0.640 | replay 56854
[Episode 450/400] Steps:  92 | Reward:  -17.87 | Battery:   0.00% | Loss: 0.0062
Placing Sensors
DQN loss 0.00008 | Q -2.1071 | tgt -2.1129 | eps 0.639 | replay 56943
[Episode 451/400] Steps:  89 | Reward:  -17.91 | Battery:   0.00% | Loss: 0.0001
Placing Sensors
DQN loss 0.00634 | Q -2.0851 | tgt -2.0979 | eps 0.635 | replay 57663
[Episode 452/400] Steps: 720 | Reward:  -10.11 | Battery:  61.75% | Loss: 0.0063
Placing Sensors
DQN loss 0.01855 | Q -2.1150 | tgt -2.0890 | eps 0.634 | replay 57729
[Episode 453/400] Steps:  66 | Reward:  -18.15 | Battery:   0.00% | Loss: 0.0186
Placing Sensors
DQN loss 0.02438 | Q -2.1055 | tgt -2.0820 | eps 0.634 | replay 57814
[Episode 454/400] Steps:  85 | Reward:  -17.93 | Battery:   0.00% | Loss: 0.0244
Placing Sensors
DQN loss 0.00015 | Q -2.1026 | tgt -2.1138 | eps 0.633 | replay 57952
[Episode 455/400] Steps: 138 | Reward:  -17.73 | Battery:   0.00% | Loss: 0.0002
Placing Sensors
DQN loss 0.01844 | Q -2.1155 | tgt -2.1020 | eps 0.632 | replay 58040
[Episode 456/400] Steps:  88 | Reward:  -17.91 | Battery:   0.00% | Loss: 0.0184
Placing Sensors
DQN loss 0.01228 | Q -2.1128 | tgt -2.0981 | eps 0.632 | replay 58109
[Episode 457/400] Steps:  69 | Reward:  -17.98 | Battery:   0.00% | Loss: 0.0123
Placing Sensors
DQN loss 0.01236 | Q -2.1104 | tgt -2.1031 | eps 0.631 | replay 58189
[Episode 458/400] Steps:  80 | Reward:  -17.81 | Battery:   0.00% | Loss: 0.0124
Placing Sensors
DQN loss 0.02446 | Q -2.1115 | tgt -2.0884 | eps 0.631 | replay 58261
[Episode 459/400] Steps:  72 | Reward:  -18.07 | Battery:   0.00% | Loss: 0.0245
Placing Sensors
DQN loss 0.00621 | Q -2.1066 | tgt -2.1087 | eps 0.631 | replay 58331
[Episode 460/400] Steps:  70 | Reward:  -17.99 | Battery:   0.00% | Loss: 0.0062
Placing Sensors
DQN loss 0.00012 | Q -2.1003 | tgt -2.1070 | eps 0.630 | replay 58395
[Episode 461/400] Steps:  64 | Reward:  -17.92 | Battery:   0.00% | Loss: 0.0001
Placing Sensors
DQN loss 0.01204 | Q -2.0771 | tgt -2.0693 | eps 0.629 | replay 58537
[Episode 462/400] Steps: 142 | Reward:  -18.06 | Battery:   0.00% | Loss: 0.0120
Placing Sensors
DQN loss 0.01197 | Q -2.0806 | tgt -2.0728 | eps 0.629 | replay 58649
[Episode 463/400] Steps: 112 | Reward:  -17.65 | Battery:   0.00% | Loss: 0.0120
Placing Sensors
DQN loss 0.01758 | Q -2.0703 | tgt -2.0609 | eps 0.628 | replay 58729
[Episode 464/400] Steps:  80 | Reward:  -17.97 | Battery:   0.00% | Loss: 0.0176
Placing Sensors
DQN loss 0.00015 | Q -2.0819 | tgt -2.0884 | eps 0.627 | replay 58892
[Episode 465/400] Steps: 163 | Reward:  -17.76 | Battery:   0.00% | Loss: 0.0002
Placing Sensors
DQN loss 0.00613 | Q -2.0848 | tgt -2.0802 | eps 0.627 | replay 58961
[Episode 466/400] Steps:  69 | Reward:  -17.82 | Battery:   0.00% | Loss: 0.0061
Placing Sensors
DQN loss 0.00610 | Q -2.0925 | tgt -2.0861 | eps 0.626 | replay 59082
[Episode 467/400] Steps: 121 | Reward:  -17.85 | Battery:   0.00% | Loss: 0.0061
Placing Sensors
DQN loss 0.00610 | Q -2.0766 | tgt -2.0801 | eps 0.625 | replay 59161
[Episode 468/400] Steps:  79 | Reward:  -17.84 | Battery:   0.00% | Loss: 0.0061
Placing Sensors
DQN loss 0.01218 | Q -2.0822 | tgt -2.0730 | eps 0.625 | replay 59230
[Episode 469/400] Steps:  69 | Reward:  -18.02 | Battery:   0.00% | Loss: 0.0122
Placing Sensors
DQN loss 0.01817 | Q -2.0816 | tgt -2.0635 | eps 0.624 | replay 59295
[Episode 470/400] Steps:  65 | Reward:  -17.95 | Battery:   0.00% | Loss: 0.0182
Placing Sensors
DQN loss 0.01795 | Q -2.0866 | tgt -2.0669 | eps 0.624 | replay 59372
[Episode 471/400] Steps:  77 | Reward:  -17.85 | Battery:   0.00% | Loss: 0.0180
Placing Sensors
DQN loss 0.00619 | Q -2.0885 | tgt -2.0843 | eps 0.623 | replay 59449
[Episode 472/400] Steps:  77 | Reward:  -17.77 | Battery:   0.00% | Loss: 0.0062
Placing Sensors
DQN loss 0.00016 | Q -2.0895 | tgt -2.0949 | eps 0.623 | replay 59520
[Episode 473/400] Steps:  71 | Reward:  -17.99 | Battery:   0.00% | Loss: 0.0002
Placing Sensors
DQN loss 0.00029 | Q -2.0740 | tgt -2.0895 | eps 0.622 | replay 59683
[Episode 474/400] Steps: 163 | Reward:  -17.83 | Battery:   0.00% | Loss: 0.0003
Placing Sensors
DQN loss 0.00015 | Q -2.0808 | tgt -2.0893 | eps 0.621 | replay 59781
[Episode 475/400] Steps:  98 | Reward:  -17.53 | Battery:   0.00% | Loss: 0.0001
Placing Sensors
DQN loss 0.02417 | Q -2.0854 | tgt -2.0589 | eps 0.621 | replay 59865
[Episode 476/400] Steps:  84 | Reward:  -17.96 | Battery:   0.00% | Loss: 0.0242
Placing Sensors
DQN loss 0.00613 | Q -2.0793 | tgt -2.0809 | eps 0.620 | replay 59958
[Episode 477/400] Steps:  93 | Reward:  -18.01 | Battery:   0.00% | Loss: 0.0061
Placing Sensors
DQN loss 0.00613 | Q -2.0846 | tgt -2.0853 | eps 0.620 | replay 60035
[Episode 478/400] Steps:  77 | Reward:  -17.90 | Battery:   0.00% | Loss: 0.0061
Placing Sensors
DQN loss 0.01227 | Q -2.0893 | tgt -2.0822 | eps 0.619 | replay 60098
[Episode 479/400] Steps:  63 | Reward:  -17.94 | Battery:   0.00% | Loss: 0.0123
Placing Sensors
DQN loss 0.01205 | Q -2.0923 | tgt -2.0821 | eps 0.618 | replay 60263
[Episode 480/400] Steps: 165 | Reward:  -17.49 | Battery:   0.00% | Loss: 0.0120
Placing Sensors
DQN loss 0.00020 | Q -2.0867 | tgt -2.0931 | eps 0.618 | replay 60335
[Episode 481/400] Steps:  72 | Reward:  -17.93 | Battery:   0.00% | Loss: 0.0002
Placing Sensors
DQN loss 0.00620 | Q -2.0789 | tgt -2.0847 | eps 0.613 | replay 61055
[Episode 482/400] Steps: 720 | Reward:  -11.83 | Battery:  21.65% | Loss: 0.0062
Placing Sensors
DQN loss 0.00012 | Q -2.0837 | tgt -2.0891 | eps 0.613 | replay 61137
[Episode 483/400] Steps:  82 | Reward:  -18.02 | Battery:   0.00% | Loss: 0.0001
Placing Sensors
DQN loss 0.00028 | Q -2.0787 | tgt -2.0887 | eps 0.612 | replay 61213
[Episode 484/400] Steps:  76 | Reward:  -17.99 | Battery:   0.00% | Loss: 0.0003
Placing Sensors
DQN loss 0.01218 | Q -2.0885 | tgt -2.0769 | eps 0.612 | replay 61326
[Episode 485/400] Steps: 113 | Reward:  -17.90 | Battery:   0.00% | Loss: 0.0122
Placing Sensors
DQN loss 0.01131 | Q -2.0817 | tgt -2.0771 | eps 0.611 | replay 61429
[Episode 486/400] Steps: 103 | Reward:  -17.88 | Battery:   0.00% | Loss: 0.0113
Placing Sensors
DQN loss 0.00633 | Q -2.0770 | tgt -2.0810 | eps 0.611 | replay 61494
[Episode 487/400] Steps:  65 | Reward:  -18.09 | Battery:   0.00% | Loss: 0.0063
Placing Sensors
DQN loss 0.02424 | Q -2.0880 | tgt -2.0600 | eps 0.610 | replay 61626
[Episode 488/400] Steps: 132 | Reward:  -17.73 | Battery:   0.00% | Loss: 0.0242
Placing Sensors
DQN loss 0.01218 | Q -2.0972 | tgt -2.0822 | eps 0.609 | replay 61730
[Episode 489/400] Steps: 104 | Reward:  -17.93 | Battery:   0.00% | Loss: 0.0122
Placing Sensors
DQN loss 0.01145 | Q -2.0797 | tgt -2.0766 | eps 0.608 | replay 61869
[Episode 490/400] Steps: 139 | Reward:  -17.75 | Battery:   0.00% | Loss: 0.0114
Placing Sensors
DQN loss 0.01087 | Q -2.0920 | tgt -2.0771 | eps 0.608 | replay 61945
[Episode 491/400] Steps:  76 | Reward:  -18.04 | Battery:   0.00% | Loss: 0.0109
Placing Sensors
DQN loss 0.00008 | Q -2.0978 | tgt -2.0987 | eps 0.607 | replay 62019
[Episode 492/400] Steps:  74 | Reward:  -17.94 | Battery:   0.00% | Loss: 0.0001
Placing Sensors
DQN loss 0.00599 | Q -2.0904 | tgt -2.0846 | eps 0.607 | replay 62091
[Episode 493/400] Steps:  72 | Reward:  -17.95 | Battery:   0.00% | Loss: 0.0060
Placing Sensors
DQN loss 0.01190 | Q -2.0895 | tgt -2.0834 | eps 0.606 | replay 62205
[Episode 494/400] Steps: 114 | Reward:  -17.78 | Battery:   0.00% | Loss: 0.0119
Placing Sensors
DQN loss 0.01234 | Q -2.1173 | tgt -2.1006 | eps 0.606 | replay 62283
[Episode 495/400] Steps:  78 | Reward:  -17.65 | Battery:   0.00% | Loss: 0.0123
Placing Sensors
DQN loss 0.04826 | Q -2.0861 | tgt -2.0322 | eps 0.605 | replay 62355
[Episode 496/400] Steps:  72 | Reward:  -18.40 | Battery:   0.00% | Loss: 0.0483
Placing Sensors
DQN loss 0.00014 | Q -2.0971 | tgt -2.0932 | eps 0.605 | replay 62410
[Episode 497/400] Steps:  55 | Reward:  -18.30 | Battery:   0.00% | Loss: 0.0001
Placing Sensors
DQN loss 0.01216 | Q -2.0789 | tgt -2.0775 | eps 0.604 | replay 62492
[Episode 498/400] Steps:  82 | Reward:  -17.93 | Battery:   0.00% | Loss: 0.0122
Placing Sensors
DQN loss 0.00079 | Q -2.0800 | tgt -2.0949 | eps 0.604 | replay 62563
[Episode 499/400] Steps:  71 | Reward:  -17.94 | Battery:   0.00% | Loss: 0.0008
Placing Sensors
DQN loss 0.00609 | Q -2.0909 | tgt -2.0854 | eps 0.603 | replay 62624
[Episode 500/400] Steps:  61 | Reward:  -17.93 | Battery:   0.00% | Loss: 0.0061
Placing Sensors
DQN loss 0.00672 | Q -2.0722 | tgt -2.0841 | eps 0.603 | replay 62720
[Episode 501/400] Steps:  96 | Reward:  -17.87 | Battery:   0.00% | Loss: 0.0067
Placing Sensors
DQN loss 0.00011 | Q -2.0872 | tgt -2.0917 | eps 0.598 | replay 63440
[Episode 502/400] Steps: 720 | Reward:  -10.74 | Battery:  56.43% | Loss: 0.0001
Placing Sensors
DQN loss 0.00633 | Q -2.0831 | tgt -2.0872 | eps 0.598 | replay 63501
[Episode 503/400] Steps:  61 | Reward:  -17.90 | Battery:   0.00% | Loss: 0.0063
Placing Sensors
DQN loss 0.01798 | Q -2.0893 | tgt -2.0685 | eps 0.597 | replay 63569
[Episode 504/400] Steps:  68 | Reward:  -17.82 | Battery:   0.00% | Loss: 0.0180
Placing Sensors
DQN loss 0.00809 | Q -2.0713 | tgt -2.0883 | eps 0.597 | replay 63641
[Episode 505/400] Steps:  72 | Reward:  -17.99 | Battery:   0.00% | Loss: 0.0081
Placing Sensors
DQN loss 0.01220 | Q -2.0906 | tgt -2.0753 | eps 0.596 | replay 63725
[Episode 506/400] Steps:  84 | Reward:  -17.80 | Battery:   0.00% | Loss: 0.0122
Placing Sensors
DQN loss 0.00615 | Q -2.0925 | tgt -2.0798 | eps 0.596 | replay 63835
[Episode 507/400] Steps: 110 | Reward:  -18.02 | Battery:   0.00% | Loss: 0.0061
Placing Sensors
DQN loss 0.01830 | Q -2.1029 | tgt -2.0705 | eps 0.591 | replay 64555
[Episode 508/400] Steps: 720 | Reward:  -13.38 | Battery:   0.00% | Loss: 0.0183
Placing Sensors
DQN loss 0.00604 | Q -2.0866 | tgt -2.0782 | eps 0.591 | replay 64655
[Episode 509/400] Steps: 100 | Reward:  -17.88 | Battery:   0.00% | Loss: 0.0060
Placing Sensors
DQN loss 0.03370 | Q -2.0728 | tgt -2.0410 | eps 0.590 | replay 64722
[Episode 510/400] Steps:  67 | Reward:  -18.15 | Battery:   0.00% | Loss: 0.0337
Placing Sensors
DQN loss 0.01228 | Q -2.0863 | tgt -2.0859 | eps 0.589 | replay 64845
[Episode 511/400] Steps: 123 | Reward:  -17.80 | Battery:   0.00% | Loss: 0.0123
Placing Sensors
DQN loss 0.00011 | Q -2.1020 | tgt -2.0960 | eps 0.589 | replay 64909
[Episode 512/400] Steps:  64 | Reward:  -18.25 | Battery:   0.00% | Loss: 0.0001
Placing Sensors
DQN loss 0.00609 | Q -2.1010 | tgt -2.0926 | eps 0.588 | replay 65002
[Episode 513/400] Steps:  93 | Reward:  -17.82 | Battery:   0.00% | Loss: 0.0061
Placing Sensors
DQN loss 0.00014 | Q -2.0912 | tgt -2.0956 | eps 0.588 | replay 65100
[Episode 514/400] Steps:  98 | Reward:  -18.30 | Battery:   0.00% | Loss: 0.0001
Placing Sensors
DQN loss 0.01834 | Q -2.0931 | tgt -2.0735 | eps 0.587 | replay 65169
[Episode 515/400] Steps:  69 | Reward:  -18.01 | Battery:   0.00% | Loss: 0.0183
Placing Sensors
DQN loss 0.00609 | Q -2.0822 | tgt -2.0867 | eps 0.587 | replay 65242
[Episode 516/400] Steps:  73 | Reward:  -17.89 | Battery:   0.00% | Loss: 0.0061
Placing Sensors
DQN loss 0.01232 | Q -2.0941 | tgt -2.0734 | eps 0.586 | replay 65314
[Episode 517/400] Steps:  72 | Reward:  -17.74 | Battery:   0.00% | Loss: 0.0123
Placing Sensors
DQN loss 0.00625 | Q -2.1042 | tgt -2.0877 | eps 0.586 | replay 65416
[Episode 518/400] Steps: 102 | Reward:  -17.78 | Battery:   0.00% | Loss: 0.0063
Placing Sensors
DQN loss 0.00613 | Q -2.0888 | tgt -2.0848 | eps 0.585 | replay 65480
[Episode 519/400] Steps:  64 | Reward:  -17.88 | Battery:   0.00% | Loss: 0.0061
Placing Sensors
DQN loss 0.00615 | Q -2.0815 | tgt -2.0831 | eps 0.585 | replay 65550
[Episode 520/400] Steps:  70 | Reward:  -17.99 | Battery:   0.00% | Loss: 0.0061
Placing Sensors
DQN loss 0.00100 | Q -2.0821 | tgt -2.0992 | eps 0.584 | replay 65618
[Episode 521/400] Steps:  68 | Reward:  -17.80 | Battery:   0.00% | Loss: 0.0010
Placing Sensors
DQN loss 0.01813 | Q -2.0768 | tgt -2.0685 | eps 0.584 | replay 65705
[Episode 522/400] Steps:  87 | Reward:  -17.82 | Battery:   0.00% | Loss: 0.0181
Placing Sensors
DQN loss 0.01213 | Q -2.0890 | tgt -2.0751 | eps 0.583 | replay 65796
[Episode 523/400] Steps:  91 | Reward:  -17.68 | Battery:   0.00% | Loss: 0.0121
Placing Sensors
DQN loss 0.01225 | Q -2.0819 | tgt -2.0748 | eps 0.583 | replay 65886
[Episode 524/400] Steps:  90 | Reward:  -17.86 | Battery:   0.00% | Loss: 0.0123
Placing Sensors
DQN loss 0.01812 | Q -2.0859 | tgt -2.0678 | eps 0.582 | replay 65970
[Episode 525/400] Steps:  84 | Reward:  -18.02 | Battery:   0.00% | Loss: 0.0181
Placing Sensors
DQN loss 0.00640 | Q -2.0837 | tgt -2.0932 | eps 0.582 | replay 66048
[Episode 526/400] Steps:  78 | Reward:  -18.11 | Battery:   0.00% | Loss: 0.0064
Placing Sensors
DQN loss 0.01777 | Q -2.0869 | tgt -2.0674 | eps 0.581 | replay 66121
[Episode 527/400] Steps:  73 | Reward:  -18.25 | Battery:   0.00% | Loss: 0.0178
Placing Sensors
DQN loss 0.00074 | Q -2.0802 | tgt -2.0969 | eps 0.581 | replay 66217
[Episode 528/400] Steps:  96 | Reward:  -17.80 | Battery:   0.00% | Loss: 0.0007
Placing Sensors
DQN loss 0.00626 | Q -2.0740 | tgt -2.0859 | eps 0.580 | replay 66336
[Episode 529/400] Steps: 119 | Reward:  -17.78 | Battery:   0.00% | Loss: 0.0063
Placing Sensors
DQN loss 0.01192 | Q -2.0756 | tgt -2.0803 | eps 0.579 | replay 66442
[Episode 530/400] Steps: 106 | Reward:  -17.77 | Battery:   0.00% | Loss: 0.0119
Placing Sensors
DQN loss 0.01238 | Q -2.1012 | tgt -2.0869 | eps 0.579 | replay 66501
[Episode 531/400] Steps:  59 | Reward:  -18.03 | Battery:   0.00% | Loss: 0.0124
Placing Sensors
DQN loss 0.01208 | Q -2.0870 | tgt -2.0748 | eps 0.574 | replay 67221
[Episode 532/400] Steps: 720 | Reward:  -11.98 | Battery:  69.10% | Loss: 0.0121
Placing Sensors
DQN loss 0.01219 | Q -2.0854 | tgt -2.0793 | eps 0.570 | replay 67941
[Episode 533/400] Steps: 720 | Reward:   -8.29 | Battery:  59.41% | Loss: 0.0122
Placing Sensors
DQN loss 0.00605 | Q -2.0874 | tgt -2.0798 | eps 0.569 | replay 68002
[Episode 534/400] Steps:  61 | Reward:  -17.84 | Battery:   0.00% | Loss: 0.0061
Placing Sensors
DQN loss 0.02412 | Q -2.0895 | tgt -2.0665 | eps 0.569 | replay 68079
[Episode 535/400] Steps:  77 | Reward:  -17.98 | Battery:   0.00% | Loss: 0.0241
Placing Sensors
DQN loss 0.00619 | Q -2.0854 | tgt -2.0868 | eps 0.568 | replay 68149
[Episode 536/400] Steps:  70 | Reward:  -17.82 | Battery:   0.00% | Loss: 0.0062
Placing Sensors
DQN loss 0.02375 | Q -2.0830 | tgt -2.0651 | eps 0.568 | replay 68235
[Episode 537/400] Steps:  86 | Reward:  -17.86 | Battery:   0.00% | Loss: 0.0238
Placing Sensors
DQN loss 0.01177 | Q -2.0785 | tgt -2.0732 | eps 0.567 | replay 68316
[Episode 538/400] Steps:  81 | Reward:  -18.08 | Battery:   0.00% | Loss: 0.0118
Placing Sensors
DQN loss 0.01186 | Q -2.0814 | tgt -2.0758 | eps 0.567 | replay 68390
[Episode 539/400] Steps:  74 | Reward:  -17.85 | Battery:   0.00% | Loss: 0.0119
Placing Sensors
DQN loss 0.01205 | Q -2.0791 | tgt -2.0769 | eps 0.566 | replay 68465
[Episode 540/400] Steps:  75 | Reward:  -18.00 | Battery:   0.00% | Loss: 0.0120
Placing Sensors
DQN loss 0.03005 | Q -2.0846 | tgt -2.0506 | eps 0.566 | replay 68536
[Episode 541/400] Steps:  71 | Reward:  -17.90 | Battery:   0.00% | Loss: 0.0301
Placing Sensors
DQN loss 0.00030 | Q -2.0868 | tgt -2.0914 | eps 0.565 | replay 68683
[Episode 542/400] Steps: 147 | Reward:  -17.93 | Battery:   0.00% | Loss: 0.0003
Placing Sensors
DQN loss 0.00012 | Q -2.0879 | tgt -2.0947 | eps 0.565 | replay 68755
[Episode 543/400] Steps:  72 | Reward:  -18.02 | Battery:   0.00% | Loss: 0.0001
Placing Sensors
DQN loss 0.02398 | Q -2.0749 | tgt -2.0583 | eps 0.564 | replay 68837
[Episode 544/400] Steps:  82 | Reward:  -17.89 | Battery:   0.00% | Loss: 0.0240
Placing Sensors
DQN loss 0.01820 | Q -2.0777 | tgt -2.0658 | eps 0.563 | replay 68935
[Episode 545/400] Steps:  98 | Reward:  -17.89 | Battery:   0.00% | Loss: 0.0182
Placing Sensors
DQN loss 0.00618 | Q -2.0813 | tgt -2.0811 | eps 0.563 | replay 69010
[Episode 546/400] Steps:  75 | Reward:  -17.92 | Battery:   0.00% | Loss: 0.0062
Placing Sensors
DQN loss 0.00012 | Q -2.0835 | tgt -2.0862 | eps 0.563 | replay 69074
[Episode 547/400] Steps:  64 | Reward:  -17.96 | Battery:   0.00% | Loss: 0.0001
Placing Sensors
DQN loss 0.00593 | Q -2.0835 | tgt -2.0862 | eps 0.562 | replay 69145
[Episode 548/400] Steps:  71 | Reward:  -17.78 | Battery:   0.00% | Loss: 0.0059
Placing Sensors
DQN loss 0.00010 | Q -2.0892 | tgt -2.0907 | eps 0.561 | replay 69262
[Episode 549/400] Steps: 117 | Reward:  -17.82 | Battery:   0.00% | Loss: 0.0001
Placing Sensors
DQN loss 0.03034 | Q -2.0800 | tgt -2.0452 | eps 0.561 | replay 69347
[Episode 550/400] Steps:  85 | Reward:  -17.87 | Battery:   0.00% | Loss: 0.0303
Placing Sensors
DQN loss 0.01816 | Q -2.0845 | tgt -2.0640 | eps 0.560 | replay 69437
[Episode 551/400] Steps:  90 | Reward:  -17.68 | Battery:   0.00% | Loss: 0.0182
Placing Sensors
DQN loss 0.00618 | Q -2.0822 | tgt -2.0825 | eps 0.560 | replay 69539
[Episode 552/400] Steps: 102 | Reward:  -17.84 | Battery:   0.00% | Loss: 0.0062
Placing Sensors
DQN loss 0.00021 | Q -2.0935 | tgt -2.0960 | eps 0.555 | replay 70259
[Episode 553/400] Steps: 720 | Reward:  -11.08 | Battery:  38.43% | Loss: 0.0002
Placing Sensors
DQN loss 0.01814 | Q -2.0934 | tgt -2.0704 | eps 0.554 | replay 70411
[Episode 554/400] Steps: 152 | Reward:  -17.75 | Battery:   0.00% | Loss: 0.0181
Placing Sensors
DQN loss 0.01220 | Q -2.0867 | tgt -2.0845 | eps 0.550 | replay 71131
[Episode 555/400] Steps: 720 | Reward:  -11.10 | Battery:  48.62% | Loss: 0.0122
Placing Sensors
DQN loss 0.01192 | Q -2.0822 | tgt -2.0790 | eps 0.549 | replay 71242
[Episode 556/400] Steps: 111 | Reward:  -17.63 | Battery:   0.00% | Loss: 0.0119
Placing Sensors
DQN loss 0.00640 | Q -2.0949 | tgt -2.0809 | eps 0.548 | replay 71366
[Episode 557/400] Steps: 124 | Reward:  -17.70 | Battery:   0.00% | Loss: 0.0064
Placing Sensors
DQN loss 0.00605 | Q -2.0906 | tgt -2.0879 | eps 0.547 | replay 71456
[Episode 558/400] Steps:  90 | Reward:  -17.88 | Battery:   0.00% | Loss: 0.0060
Placing Sensors
DQN loss 0.00014 | Q -2.0883 | tgt -2.0989 | eps 0.547 | replay 71517
[Episode 559/400] Steps:  61 | Reward:  -17.98 | Battery:   0.00% | Loss: 0.0001
Placing Sensors
DQN loss 0.00272 | Q -2.0773 | tgt -2.0896 | eps 0.546 | replay 71618
[Episode 560/400] Steps: 101 | Reward:  -17.75 | Battery:   0.00% | Loss: 0.0027
Placing Sensors
DQN loss 0.01212 | Q -2.0787 | tgt -2.0800 | eps 0.546 | replay 71712
[Episode 561/400] Steps:  94 | Reward:  -17.71 | Battery:   0.00% | Loss: 0.0121
Placing Sensors
DQN loss 0.00021 | Q -2.0844 | tgt -2.0986 | eps 0.545 | replay 71785
[Episode 562/400] Steps:  73 | Reward:  -17.77 | Battery:   0.00% | Loss: 0.0002
Placing Sensors
DQN loss 0.00013 | Q -2.0890 | tgt -2.0927 | eps 0.545 | replay 71863
[Episode 563/400] Steps:  78 | Reward:  -17.87 | Battery:   0.00% | Loss: 0.0001
Placing Sensors
DQN loss 0.03065 | Q -2.0859 | tgt -2.0560 | eps 0.544 | replay 72019
[Episode 564/400] Steps: 156 | Reward:  -17.74 | Battery:   0.00% | Loss: 0.0306
Placing Sensors
DQN loss 0.00626 | Q -2.0742 | tgt -2.0807 | eps 0.543 | replay 72156
[Episode 565/400] Steps: 137 | Reward:  -17.96 | Battery:   0.00% | Loss: 0.0063
Placing Sensors
DQN loss 0.00627 | Q -2.0862 | tgt -2.0801 | eps 0.543 | replay 72234
[Episode 566/400] Steps:  78 | Reward:  -17.82 | Battery:   0.00% | Loss: 0.0063
Placing Sensors
DQN loss 0.00614 | Q -2.0930 | tgt -2.0859 | eps 0.542 | replay 72335
[Episode 567/400] Steps: 101 | Reward:  -17.81 | Battery:   0.00% | Loss: 0.0061
Placing Sensors
DQN loss 0.00624 | Q -2.0853 | tgt -2.0833 | eps 0.542 | replay 72394
[Episode 568/400] Steps:  59 | Reward:  -17.90 | Battery:   0.00% | Loss: 0.0062
Placing Sensors
DQN loss 0.00621 | Q -2.0826 | tgt -2.0857 | eps 0.541 | replay 72466
[Episode 569/400] Steps:  72 | Reward:  -17.72 | Battery:   0.00% | Loss: 0.0062
Placing Sensors
DQN loss 0.00625 | Q -2.0691 | tgt -2.0769 | eps 0.540 | replay 72574
[Episode 570/400] Steps: 108 | Reward:  -18.03 | Battery:   0.00% | Loss: 0.0062
Placing Sensors
DQN loss 0.01820 | Q -2.0767 | tgt -2.0661 | eps 0.540 | replay 72670
[Episode 571/400] Steps:  96 | Reward:  -17.79 | Battery:   0.00% | Loss: 0.0182
Placing Sensors
DQN loss 0.00015 | Q -2.0891 | tgt -2.0898 | eps 0.539 | replay 72746
[Episode 572/400] Steps:  76 | Reward:  -17.88 | Battery:   0.00% | Loss: 0.0002
Placing Sensors
DQN loss 0.00020 | Q -2.1028 | tgt -2.0887 | eps 0.539 | replay 72868
[Episode 573/400] Steps: 122 | Reward:  -17.74 | Battery:   0.00% | Loss: 0.0002
Placing Sensors
DQN loss 0.02413 | Q -2.0774 | tgt -2.0541 | eps 0.538 | replay 72954
[Episode 574/400] Steps:  86 | Reward:  -17.99 | Battery:   0.00% | Loss: 0.0241
Placing Sensors
DQN loss 0.01825 | Q -2.0900 | tgt -2.0687 | eps 0.538 | replay 73017
[Episode 575/400] Steps:  63 | Reward:  -18.20 | Battery:   0.00% | Loss: 0.0182
Placing Sensors
DQN loss 0.01217 | Q -2.0829 | tgt -2.0743 | eps 0.537 | replay 73139
[Episode 576/400] Steps: 122 | Reward:  -17.66 | Battery:   0.00% | Loss: 0.0122
Placing Sensors
DQN loss 0.00015 | Q -2.0855 | tgt -2.0927 | eps 0.536 | replay 73235
[Episode 577/400] Steps:  96 | Reward:  -17.64 | Battery:   0.00% | Loss: 0.0002
Placing Sensors
DQN loss 0.01824 | Q -2.0823 | tgt -2.0688 | eps 0.536 | replay 73315
[Episode 578/400] Steps:  80 | Reward:  -17.96 | Battery:   0.00% | Loss: 0.0182
Placing Sensors
DQN loss 0.00635 | Q -2.0808 | tgt -2.0801 | eps 0.535 | replay 73388
[Episode 579/400] Steps:  73 | Reward:  -17.82 | Battery:   0.00% | Loss: 0.0063
Placing Sensors
DQN loss 0.00026 | Q -2.0730 | tgt -2.0864 | eps 0.535 | replay 73459
[Episode 580/400] Steps:  71 | Reward:  -18.05 | Battery:   0.00% | Loss: 0.0003
Placing Sensors
DQN loss 0.00590 | Q -2.0834 | tgt -2.0801 | eps 0.534 | replay 73561
[Episode 581/400] Steps: 102 | Reward:  -17.63 | Battery:   0.00% | Loss: 0.0059
Placing Sensors
DQN loss 0.00623 | Q -2.0824 | tgt -2.0871 | eps 0.534 | replay 73653
[Episode 582/400] Steps:  92 | Reward:  -17.78 | Battery:   0.00% | Loss: 0.0062
Placing Sensors
DQN loss 0.01202 | Q -2.0853 | tgt -2.0750 | eps 0.533 | replay 73757
[Episode 583/400] Steps: 104 | Reward:  -17.77 | Battery:   0.00% | Loss: 0.0120
Placing Sensors
DQN loss 0.01820 | Q -2.0879 | tgt -2.0661 | eps 0.532 | replay 73849
[Episode 584/400] Steps:  92 | Reward:  -17.66 | Battery:   0.00% | Loss: 0.0182
Placing Sensors
DQN loss 0.01326 | Q -2.0879 | tgt -2.0741 | eps 0.531 | replay 73974
[Episode 585/400] Steps: 125 | Reward:  -17.88 | Battery:   0.00% | Loss: 0.0133
Placing Sensors
DQN loss 0.00920 | Q -2.0813 | tgt -2.0842 | eps 0.531 | replay 74051
[Episode 586/400] Steps:  77 | Reward:  -17.86 | Battery:   0.00% | Loss: 0.0092
Placing Sensors
DQN loss 0.01809 | Q -2.0824 | tgt -2.0697 | eps 0.530 | replay 74144
[Episode 587/400] Steps:  93 | Reward:  -17.89 | Battery:   0.00% | Loss: 0.0181
Placing Sensors
DQN loss 0.01229 | Q -2.0838 | tgt -2.0742 | eps 0.530 | replay 74235
[Episode 588/400] Steps:  91 | Reward:  -17.94 | Battery:   0.00% | Loss: 0.0123
Placing Sensors
DQN loss 0.01230 | Q -2.0786 | tgt -2.0754 | eps 0.529 | replay 74327
[Episode 589/400] Steps:  92 | Reward:  -17.90 | Battery:   0.00% | Loss: 0.0123
Placing Sensors
DQN loss 0.04136 | Q -2.0819 | tgt -2.0344 | eps 0.529 | replay 74409
[Episode 590/400] Steps:  82 | Reward:  -17.88 | Battery:   0.00% | Loss: 0.0414
Placing Sensors
DQN loss 0.00018 | Q -2.0893 | tgt -2.0990 | eps 0.528 | replay 74476
[Episode 591/400] Steps:  67 | Reward:  -17.91 | Battery:   0.00% | Loss: 0.0002
Placing Sensors
DQN loss 0.00625 | Q -2.0864 | tgt -2.0820 | eps 0.528 | replay 74536
[Episode 592/400] Steps:  60 | Reward:  -17.85 | Battery:   0.00% | Loss: 0.0062
Placing Sensors
DQN loss 0.01785 | Q -2.0828 | tgt -2.0673 | eps 0.527 | replay 74614
[Episode 593/400] Steps:  78 | Reward:  -17.82 | Battery:   0.00% | Loss: 0.0179
Placing Sensors
DQN loss 0.02332 | Q -2.0504 | tgt -2.0360 | eps 0.527 | replay 74681
[Episode 594/400] Steps:  67 | Reward:  -17.79 | Battery:   0.00% | Loss: 0.0233
Placing Sensors
DQN loss 0.01195 | Q -2.0760 | tgt -2.0628 | eps 0.527 | replay 74759
[Episode 595/400] Steps:  78 | Reward:  -17.95 | Battery:   0.00% | Loss: 0.0119
Placing Sensors
DQN loss 0.00609 | Q -2.0627 | tgt -2.0642 | eps 0.526 | replay 74827
[Episode 596/400] Steps:  68 | Reward:  -17.91 | Battery:   0.00% | Loss: 0.0061
Placing Sensors
DQN loss 0.00520 | Q -2.0815 | tgt -2.0608 | eps 0.526 | replay 74901
[Episode 597/400] Steps:  74 | Reward:  -17.85 | Battery:   0.00% | Loss: 0.0052
Placing Sensors
DQN loss 0.01329 | Q -2.0781 | tgt -2.0644 | eps 0.525 | replay 74993
[Episode 598/400] Steps:  92 | Reward:  -17.87 | Battery:   0.00% | Loss: 0.0133
Placing Sensors
DQN loss 0.02239 | Q -2.0643 | tgt -2.0468 | eps 0.525 | replay 75050
[Episode 599/400] Steps:  57 | Reward:  -18.09 | Battery:   0.00% | Loss: 0.0224
Placing Sensors
DQN loss 0.00729 | Q -2.0722 | tgt -2.0690 | eps 0.524 | replay 75177
[Episode 600/400] Steps: 127 | Reward:  -17.65 | Battery:   0.00% | Loss: 0.0073
Placing Sensors
DQN loss 0.00473 | Q -2.0737 | tgt -2.0761 | eps 0.523 | replay 75302
[Episode 601/400] Steps: 125 | Reward:  -17.59 | Battery:   0.00% | Loss: 0.0047
Placing Sensors
DQN loss 0.00662 | Q -2.0596 | tgt -2.0683 | eps 0.523 | replay 75378
[Episode 602/400] Steps:  76 | Reward:  -17.85 | Battery:   0.00% | Loss: 0.0066
Placing Sensors
DQN loss 0.01746 | Q -2.0616 | tgt -2.0481 | eps 0.522 | replay 75462
[Episode 603/400] Steps:  84 | Reward:  -17.80 | Battery:   0.00% | Loss: 0.0175
Placing Sensors
DQN loss 0.00625 | Q -2.0673 | tgt -2.0735 | eps 0.518 | replay 76182
[Episode 604/400] Steps: 720 | Reward:  -11.07 | Battery:  44.70% | Loss: 0.0063
Placing Sensors
DQN loss 0.01236 | Q -2.0720 | tgt -2.0577 | eps 0.513 | replay 76902
[Episode 605/400] Steps: 720 | Reward:   -8.65 | Battery:  56.88% | Loss: 0.0124
Placing Sensors
DQN loss 0.03502 | Q -2.0542 | tgt -2.0205 | eps 0.512 | replay 76997
[Episode 606/400] Steps:  95 | Reward:  -17.86 | Battery:   0.00% | Loss: 0.0350
Placing Sensors
DQN loss 0.00028 | Q -2.0738 | tgt -2.0619 | eps 0.512 | replay 77078
[Episode 607/400] Steps:  81 | Reward:  -17.54 | Battery:   0.00% | Loss: 0.0003
Placing Sensors
DQN loss 0.00675 | Q -2.0660 | tgt -2.0623 | eps 0.511 | replay 77160
[Episode 608/400] Steps:  82 | Reward:  -17.77 | Battery:   0.00% | Loss: 0.0068
Placing Sensors
DQN loss 0.00608 | Q -2.0625 | tgt -2.0654 | eps 0.511 | replay 77224
[Episode 609/400] Steps:  64 | Reward:  -17.86 | Battery:   0.00% | Loss: 0.0061
Placing Sensors
DQN loss 0.00032 | Q -2.0728 | tgt -2.0746 | eps 0.510 | replay 77297
[Episode 610/400] Steps:  73 | Reward:  -17.87 | Battery:   0.00% | Loss: 0.0003
Placing Sensors
DQN loss 0.00714 | Q -2.0670 | tgt -2.0552 | eps 0.510 | replay 77391
[Episode 611/400] Steps:  94 | Reward:  -17.81 | Battery:   0.00% | Loss: 0.0071
Placing Sensors
DQN loss 0.00025 | Q -2.0788 | tgt -2.0775 | eps 0.509 | replay 77475
[Episode 612/400] Steps:  84 | Reward:  -17.96 | Battery:   0.00% | Loss: 0.0003
Placing Sensors
DQN loss 0.01224 | Q -2.0747 | tgt -2.0611 | eps 0.509 | replay 77601
[Episode 613/400] Steps: 126 | Reward:  -17.78 | Battery:   0.00% | Loss: 0.0122
Placing Sensors
DQN loss 0.00818 | Q -2.0632 | tgt -2.0617 | eps 0.508 | replay 77713
[Episode 614/400] Steps: 112 | Reward:  -17.78 | Battery:   0.00% | Loss: 0.0082
Placing Sensors
DQN loss 0.00038 | Q -2.0712 | tgt -2.0751 | eps 0.507 | replay 77807
[Episode 615/400] Steps:  94 | Reward:  -17.63 | Battery:   0.00% | Loss: 0.0004
Placing Sensors
DQN loss 0.03017 | Q -2.0748 | tgt -2.0386 | eps 0.507 | replay 77888
[Episode 616/400] Steps:  81 | Reward:  -17.94 | Battery:   0.00% | Loss: 0.0302
Placing Sensors
DQN loss 0.01179 | Q -2.0719 | tgt -2.0650 | eps 0.506 | replay 77955
[Episode 617/400] Steps:  67 | Reward:  -17.67 | Battery:   0.00% | Loss: 0.0118
Placing Sensors
DQN loss 0.00682 | Q -2.0741 | tgt -2.0655 | eps 0.506 | replay 78029
[Episode 618/400] Steps:  74 | Reward:  -17.77 | Battery:   0.00% | Loss: 0.0068
Placing Sensors
DQN loss 0.01590 | Q -2.0718 | tgt -2.0517 | eps 0.505 | replay 78100
[Episode 619/400] Steps:  71 | Reward:  -17.90 | Battery:   0.00% | Loss: 0.0159
Placing Sensors
DQN loss 0.01774 | Q -2.0807 | tgt -2.0578 | eps 0.505 | replay 78225
[Episode 620/400] Steps: 125 | Reward:  -17.59 | Battery:   0.00% | Loss: 0.0177
Placing Sensors
DQN loss 0.00023 | Q -2.0837 | tgt -2.0767 | eps 0.504 | replay 78289
[Episode 621/400] Steps:  64 | Reward:  -17.81 | Battery:   0.00% | Loss: 0.0002
Placing Sensors
DQN loss 0.01225 | Q -2.0713 | tgt -2.0464 | eps 0.500 | replay 79009
[Episode 622/400] Steps: 720 | Reward:   -9.31 | Battery:  61.77% | Loss: 0.0123
Placing Sensors
DQN loss 0.00625 | Q -2.0765 | tgt -2.0661 | eps 0.499 | replay 79096
[Episode 623/400] Steps:  87 | Reward:  -17.88 | Battery:   0.00% | Loss: 0.0063
Placing Sensors
DQN loss 0.01797 | Q -2.0586 | tgt -2.0483 | eps 0.499 | replay 79173
[Episode 624/400] Steps:  77 | Reward:  -18.06 | Battery:   0.00% | Loss: 0.0180
Placing Sensors
DQN loss 0.00028 | Q -2.0740 | tgt -2.0778 | eps 0.494 | replay 79893
[Episode 625/400] Steps: 720 | Reward:   -9.74 | Battery:  33.47% | Loss: 0.0003
Placing Sensors
DQN loss 0.00614 | Q -2.0686 | tgt -2.0705 | eps 0.494 | replay 79958
[Episode 626/400] Steps:  65 | Reward:  -17.96 | Battery:   0.00% | Loss: 0.0061
Placing Sensors
DQN loss 0.00636 | Q -2.0778 | tgt -2.0735 | eps 0.489 | replay 80678
[Episode 627/400] Steps: 720 | Reward:   -9.92 | Battery:  29.80% | Loss: 0.0064
Placing Sensors
DQN loss 0.01138 | Q -2.0679 | tgt -2.0618 | eps 0.489 | replay 80742
[Episode 628/400] Steps:  64 | Reward:  -17.96 | Battery:   0.00% | Loss: 0.0114
Placing Sensors
DQN loss 0.00026 | Q -2.0683 | tgt -2.0754 | eps 0.488 | replay 80803
[Episode 629/400] Steps:  61 | Reward:  -17.94 | Battery:   0.00% | Loss: 0.0003
Placing Sensors
DQN loss 0.01158 | Q -2.0564 | tgt -2.0525 | eps 0.488 | replay 80868
[Episode 630/400] Steps:  65 | Reward:  -17.91 | Battery:   0.00% | Loss: 0.0116
Placing Sensors
DQN loss 0.01216 | Q -2.0676 | tgt -2.0597 | eps 0.487 | replay 81012
[Episode 631/400] Steps: 144 | Reward:  -17.50 | Battery:   0.00% | Loss: 0.0122
Placing Sensors
DQN loss 0.02853 | Q -2.0655 | tgt -2.0344 | eps 0.486 | replay 81108
[Episode 632/400] Steps:  96 | Reward:  -17.86 | Battery:   0.00% | Loss: 0.0285
Placing Sensors
DQN loss 0.00635 | Q -2.0784 | tgt -2.0758 | eps 0.486 | replay 81189
[Episode 633/400] Steps:  81 | Reward:  -17.89 | Battery:   0.00% | Loss: 0.0064
Placing Sensors
DQN loss 0.00618 | Q -2.0571 | tgt -2.0604 | eps 0.485 | replay 81277
[Episode 634/400] Steps:  88 | Reward:  -17.80 | Battery:   0.00% | Loss: 0.0062
Placing Sensors
DQN loss 0.01250 | Q -2.0655 | tgt -2.0577 | eps 0.485 | replay 81379
[Episode 635/400] Steps: 102 | Reward:  -17.97 | Battery:   0.00% | Loss: 0.0125
Placing Sensors
DQN loss 0.00618 | Q -2.0818 | tgt -2.0778 | eps 0.484 | replay 81474
[Episode 636/400] Steps:  95 | Reward:  -17.86 | Battery:   0.00% | Loss: 0.0062
Placing Sensors
DQN loss 0.00634 | Q -2.0637 | tgt -2.0645 | eps 0.483 | replay 81555
[Episode 637/400] Steps:  81 | Reward:  -17.77 | Battery:   0.00% | Loss: 0.0063
Placing Sensors
DQN loss 0.02311 | Q -2.0600 | tgt -2.0420 | eps 0.483 | replay 81635
[Episode 638/400] Steps:  80 | Reward:  -17.77 | Battery:   0.00% | Loss: 0.0231
Placing Sensors
DQN loss 0.00619 | Q -2.0765 | tgt -2.0642 | eps 0.482 | replay 81722
[Episode 639/400] Steps:  87 | Reward:  -17.76 | Battery:   0.00% | Loss: 0.0062
Placing Sensors
DQN loss 0.01798 | Q -2.0715 | tgt -2.0503 | eps 0.482 | replay 81805
[Episode 640/400] Steps:  83 | Reward:  -17.80 | Battery:   0.00% | Loss: 0.0180
Placing Sensors
DQN loss 0.01200 | Q -2.0750 | tgt -2.0628 | eps 0.481 | replay 81896
[Episode 641/400] Steps:  91 | Reward:  -17.79 | Battery:   0.00% | Loss: 0.0120
Placing Sensors
DQN loss 0.00594 | Q -2.0806 | tgt -2.0723 | eps 0.477 | replay 82616
[Episode 642/400] Steps: 720 | Reward:   -8.86 | Battery:  42.80% | Loss: 0.0059
Placing Sensors
DQN loss 0.00030 | Q -2.0311 | tgt -2.0449 | eps 0.472 | replay 83336
[Episode 643/400] Steps: 720 | Reward:  -10.73 | Battery:  38.49% | Loss: 0.0003
Placing Sensors
DQN loss 0.00214 | Q -2.0420 | tgt -2.0537 | eps 0.472 | replay 83412
[Episode 644/400] Steps:  76 | Reward:  -17.89 | Battery:   0.00% | Loss: 0.0021
Placing Sensors
DQN loss 0.01201 | Q -2.0482 | tgt -2.0382 | eps 0.471 | replay 83504
[Episode 645/400] Steps:  92 | Reward:  -17.72 | Battery:   0.00% | Loss: 0.0120
Placing Sensors
DQN loss 0.03332 | Q -2.0253 | tgt -1.9971 | eps 0.471 | replay 83571
[Episode 646/400] Steps:  67 | Reward:  -17.83 | Battery:   0.00% | Loss: 0.0333
Placing Sensors
DQN loss 0.00022 | Q -2.0344 | tgt -2.0335 | eps 0.470 | replay 83645
[Episode 647/400] Steps:  74 | Reward:  -17.98 | Battery:   0.00% | Loss: 0.0002
Placing Sensors
DQN loss 0.00597 | Q -2.0514 | tgt -2.0511 | eps 0.466 | replay 84365
[Episode 648/400] Steps: 720 | Reward:   -8.99 | Battery:  41.96% | Loss: 0.0060
Placing Sensors
DQN loss 0.01157 | Q -2.0317 | tgt -2.0139 | eps 0.465 | replay 84426
[Episode 649/400] Steps:  61 | Reward:  -17.84 | Battery:   0.00% | Loss: 0.0116
Placing Sensors
DQN loss 0.00624 | Q -2.0301 | tgt -2.0386 | eps 0.465 | replay 84541
[Episode 650/400] Steps: 115 | Reward:  -17.55 | Battery:   0.00% | Loss: 0.0062
Placing Sensors
DQN loss 0.01740 | Q -2.0424 | tgt -2.0239 | eps 0.464 | replay 84630
[Episode 651/400] Steps:  89 | Reward:  -17.92 | Battery:   0.00% | Loss: 0.0174
Placing Sensors
DQN loss 0.00029 | Q -2.0505 | tgt -2.0496 | eps 0.463 | replay 84718
[Episode 652/400] Steps:  88 | Reward:  -17.86 | Battery:   0.00% | Loss: 0.0003
Placing Sensors
DQN loss 0.02324 | Q -2.0416 | tgt -2.0214 | eps 0.463 | replay 84793
[Episode 653/400] Steps:  75 | Reward:  -17.84 | Battery:   0.00% | Loss: 0.0232
Placing Sensors
DQN loss 0.02117 | Q -2.0549 | tgt -2.0290 | eps 0.463 | replay 84853
[Episode 654/400] Steps:  60 | Reward:  -17.93 | Battery:   0.00% | Loss: 0.0212
Placing Sensors
DQN loss 0.01203 | Q -2.0553 | tgt -2.0388 | eps 0.458 | replay 85573
[Episode 655/400] Steps: 720 | Reward:  -10.34 | Battery:  51.86% | Loss: 0.0120
Placing Sensors
DQN loss 0.00600 | Q -2.0379 | tgt -2.0327 | eps 0.457 | replay 85704
[Episode 656/400] Steps: 131 | Reward:  -17.56 | Battery:   0.00% | Loss: 0.0060
Placing Sensors
DQN loss 0.01269 | Q -2.0440 | tgt -2.0295 | eps 0.457 | replay 85780
[Episode 657/400] Steps:  76 | Reward:  -17.95 | Battery:   0.00% | Loss: 0.0127
Placing Sensors
DQN loss 0.00613 | Q -2.0531 | tgt -2.0513 | eps 0.456 | replay 85952
[Episode 658/400] Steps: 172 | Reward:  -17.59 | Battery:   0.00% | Loss: 0.0061
Placing Sensors
DQN loss 0.00028 | Q -2.0381 | tgt -2.0456 | eps 0.455 | replay 86099
[Episode 659/400] Steps: 147 | Reward:  -17.82 | Battery:   0.00% | Loss: 0.0003
Placing Sensors
DQN loss 0.00577 | Q -2.0457 | tgt -2.0415 | eps 0.454 | replay 86181
[Episode 660/400] Steps:  82 | Reward:  -17.88 | Battery:   0.00% | Loss: 0.0058
Placing Sensors
DQN loss 0.01221 | Q -2.0561 | tgt -2.0340 | eps 0.454 | replay 86250
[Episode 661/400] Steps:  69 | Reward:  -17.90 | Battery:   0.00% | Loss: 0.0122
Placing Sensors
DQN loss 0.00019 | Q -2.0572 | tgt -2.0608 | eps 0.453 | replay 86349
[Episode 662/400] Steps:  99 | Reward:  -17.72 | Battery:   0.00% | Loss: 0.0002
Placing Sensors
DQN loss 0.00604 | Q -2.0341 | tgt -2.0342 | eps 0.453 | replay 86409
[Episode 663/400] Steps:  60 | Reward:  -17.86 | Battery:   0.00% | Loss: 0.0060
Placing Sensors
DQN loss 0.01174 | Q -2.0445 | tgt -2.0323 | eps 0.452 | replay 86500
[Episode 664/400] Steps:  91 | Reward:  -18.01 | Battery:   0.00% | Loss: 0.0117
Placing Sensors
DQN loss 0.02375 | Q -2.0482 | tgt -2.0251 | eps 0.451 | replay 86643
[Episode 665/400] Steps: 143 | Reward:  -17.82 | Battery:   0.00% | Loss: 0.0238
Placing Sensors
DQN loss 0.01188 | Q -2.0475 | tgt -2.0340 | eps 0.447 | replay 87363
[Episode 666/400] Steps: 720 | Reward:   -7.85 | Battery:  54.48% | Loss: 0.0119
Placing Sensors
DQN loss 0.01156 | Q -2.0589 | tgt -2.0471 | eps 0.446 | replay 87435
[Episode 667/400] Steps:  72 | Reward:  -17.92 | Battery:   0.00% | Loss: 0.0116
Placing Sensors
DQN loss 0.00627 | Q -2.0345 | tgt -2.0436 | eps 0.445 | replay 87579
[Episode 668/400] Steps: 144 | Reward:  -17.58 | Battery:   0.00% | Loss: 0.0063
Placing Sensors
DQN loss 0.00142 | Q -2.0384 | tgt -2.0419 | eps 0.445 | replay 87666
[Episode 669/400] Steps:  87 | Reward:  -17.83 | Battery:   0.00% | Loss: 0.0014
Placing Sensors
DQN loss 0.01753 | Q -2.0404 | tgt -2.0245 | eps 0.444 | replay 87751
[Episode 670/400] Steps:  85 | Reward:  -17.79 | Battery:   0.00% | Loss: 0.0175
Placing Sensors
DQN loss 0.01209 | Q -2.0413 | tgt -2.0286 | eps 0.444 | replay 87842
[Episode 671/400] Steps:  91 | Reward:  -17.89 | Battery:   0.00% | Loss: 0.0121
Placing Sensors
DQN loss 0.01221 | Q -2.0355 | tgt -2.0357 | eps 0.443 | replay 87961
[Episode 672/400] Steps: 119 | Reward:  -17.96 | Battery:   0.00% | Loss: 0.0122
Placing Sensors
DQN loss 0.01165 | Q -2.0483 | tgt -2.0466 | eps 0.442 | replay 88045
[Episode 673/400] Steps:  84 | Reward:  -17.86 | Battery:   0.00% | Loss: 0.0116
Placing Sensors
DQN loss 0.01713 | Q -2.0301 | tgt -2.0181 | eps 0.442 | replay 88141
[Episode 674/400] Steps:  96 | Reward:  -17.70 | Battery:   0.00% | Loss: 0.0171
Placing Sensors
DQN loss 0.01219 | Q -2.0601 | tgt -2.0360 | eps 0.441 | replay 88221
[Episode 675/400] Steps:  80 | Reward:  -17.87 | Battery:   0.00% | Loss: 0.0122
Placing Sensors
DQN loss 0.01162 | Q -2.0485 | tgt -2.0382 | eps 0.441 | replay 88322
[Episode 676/400] Steps: 101 | Reward:  -17.85 | Battery:   0.00% | Loss: 0.0116
Placing Sensors
DQN loss 0.01138 | Q -2.0363 | tgt -2.0324 | eps 0.440 | replay 88404
[Episode 677/400] Steps:  82 | Reward:  -17.73 | Battery:   0.00% | Loss: 0.0114
Placing Sensors
DQN loss 0.00612 | Q -2.0337 | tgt -2.0364 | eps 0.440 | replay 88478
[Episode 678/400] Steps:  74 | Reward:  -17.85 | Battery:   0.00% | Loss: 0.0061
Placing Sensors
DQN loss 0.00024 | Q -2.0456 | tgt -2.0474 | eps 0.439 | replay 88575
[Episode 679/400] Steps:  97 | Reward:  -17.66 | Battery:   0.00% | Loss: 0.0002
Placing Sensors
DQN loss 0.01173 | Q -2.0437 | tgt -2.0406 | eps 0.439 | replay 88648
[Episode 680/400] Steps:  73 | Reward:  -17.91 | Battery:   0.00% | Loss: 0.0117
Placing Sensors
DQN loss 0.00610 | Q -2.0546 | tgt -2.0432 | eps 0.438 | replay 88723
[Episode 681/400] Steps:  75 | Reward:  -17.85 | Battery:   0.00% | Loss: 0.0061
Placing Sensors
DQN loss 0.01207 | Q -2.0430 | tgt -2.0301 | eps 0.437 | replay 88829
[Episode 682/400] Steps: 106 | Reward:  -17.85 | Battery:   0.00% | Loss: 0.0121
Placing Sensors
DQN loss 0.00019 | Q -2.0514 | tgt -2.0606 | eps 0.437 | replay 88940
[Episode 683/400] Steps: 111 | Reward:  -17.81 | Battery:   0.00% | Loss: 0.0002
Placing Sensors
DQN loss 0.01182 | Q -2.0379 | tgt -2.0289 | eps 0.436 | replay 88999
[Episode 684/400] Steps:  59 | Reward:  -17.93 | Battery:   0.00% | Loss: 0.0118
Placing Sensors
DQN loss 0.01219 | Q -2.0561 | tgt -2.0325 | eps 0.436 | replay 89093
[Episode 685/400] Steps:  94 | Reward:  -17.84 | Battery:   0.00% | Loss: 0.0122
Placing Sensors
DQN loss 0.01185 | Q -2.0242 | tgt -2.0187 | eps 0.435 | replay 89174
[Episode 686/400] Steps:  81 | Reward:  -18.06 | Battery:   0.00% | Loss: 0.0118
Placing Sensors
DQN loss 0.00646 | Q -2.0134 | tgt -2.0332 | eps 0.434 | replay 89328
[Episode 687/400] Steps: 154 | Reward:  -17.58 | Battery:   0.00% | Loss: 0.0065
Placing Sensors
DQN loss 0.00602 | Q -2.0461 | tgt -2.0366 | eps 0.434 | replay 89403
[Episode 688/400] Steps:  75 | Reward:  -17.89 | Battery:   0.00% | Loss: 0.0060
Placing Sensors
DQN loss 0.02366 | Q -2.0582 | tgt -2.0302 | eps 0.433 | replay 89466
[Episode 689/400] Steps:  63 | Reward:  -17.66 | Battery:   0.00% | Loss: 0.0237
Placing Sensors
DQN loss 0.01196 | Q -2.0209 | tgt -2.0211 | eps 0.433 | replay 89594
[Episode 690/400] Steps: 128 | Reward:  -17.59 | Battery:   0.00% | Loss: 0.0120
Placing Sensors
DQN loss 0.02889 | Q -2.0463 | tgt -2.0083 | eps 0.432 | replay 89737
[Episode 691/400] Steps: 143 | Reward:  -17.45 | Battery:   0.00% | Loss: 0.0289
Placing Sensors
DQN loss 0.00792 | Q -2.0315 | tgt -2.0422 | eps 0.431 | replay 89819
[Episode 692/400] Steps:  82 | Reward:  -17.95 | Battery:   0.00% | Loss: 0.0079
Placing Sensors
DQN loss 0.00026 | Q -2.0412 | tgt -2.0535 | eps 0.431 | replay 89911
[Episode 693/400] Steps:  92 | Reward:  -17.82 | Battery:   0.00% | Loss: 0.0003
Placing Sensors
DQN loss 0.00014 | Q -2.0485 | tgt -2.0530 | eps 0.430 | replay 90003
[Episode 694/400] Steps:  92 | Reward:  -17.69 | Battery:   0.00% | Loss: 0.0001
Placing Sensors
DQN loss 0.02410 | Q -2.0549 | tgt -2.0271 | eps 0.429 | replay 90170
[Episode 695/400] Steps: 167 | Reward:  -17.77 | Battery:   0.00% | Loss: 0.0241
Placing Sensors
DQN loss 0.00038 | Q -2.0437 | tgt -2.0593 | eps 0.428 | replay 90287
[Episode 696/400] Steps: 117 | Reward:  -17.66 | Battery:   0.00% | Loss: 0.0004
Placing Sensors
DQN loss 0.01743 | Q -2.0472 | tgt -2.0202 | eps 0.428 | replay 90353
[Episode 697/400] Steps:  66 | Reward:  -17.95 | Battery:   0.00% | Loss: 0.0174
Placing Sensors
DQN loss 0.01185 | Q -2.0501 | tgt -2.0367 | eps 0.427 | replay 90511
[Episode 698/400] Steps: 158 | Reward:  -17.59 | Battery:   0.00% | Loss: 0.0119
Placing Sensors
DQN loss 0.00492 | Q -2.0525 | tgt -2.0462 | eps 0.426 | replay 90611
[Episode 699/400] Steps: 100 | Reward:  -17.70 | Battery:   0.00% | Loss: 0.0049
Placing Sensors
DQN loss 0.00606 | Q -2.0370 | tgt -2.0341 | eps 0.426 | replay 90687
[Episode 700/400] Steps:  76 | Reward:  -17.85 | Battery:   0.00% | Loss: 0.0061
Placing Sensors
DQN loss 0.00612 | Q -2.0498 | tgt -2.0278 | eps 0.425 | replay 90761
[Episode 701/400] Steps:  74 | Reward:  -17.81 | Battery:   0.00% | Loss: 0.0061
Placing Sensors
DQN loss 0.00025 | Q -2.0266 | tgt -2.0390 | eps 0.425 | replay 90841
[Episode 702/400] Steps:  80 | Reward:  -17.78 | Battery:   0.00% | Loss: 0.0003
Placing Sensors
DQN loss 0.01772 | Q -2.0221 | tgt -2.0092 | eps 0.424 | replay 90930
[Episode 703/400] Steps:  89 | Reward:  -17.66 | Battery:   0.00% | Loss: 0.0177
Placing Sensors
DQN loss 0.00026 | Q -2.0365 | tgt -2.0381 | eps 0.420 | replay 91650
[Episode 704/400] Steps: 720 | Reward:   -8.47 | Battery:  55.36% | Loss: 0.0003
Placing Sensors
DQN loss 0.01130 | Q -2.0332 | tgt -2.0274 | eps 0.419 | replay 91732
[Episode 705/400] Steps:  82 | Reward:  -17.93 | Battery:   0.00% | Loss: 0.0113
Placing Sensors
DQN loss 0.00026 | Q -2.0366 | tgt -2.0401 | eps 0.419 | replay 91800
[Episode 706/400] Steps:  68 | Reward:  -17.78 | Battery:   0.00% | Loss: 0.0003
Placing Sensors
DQN loss 0.00042 | Q -2.0259 | tgt -2.0414 | eps 0.418 | replay 91874
[Episode 707/400] Steps:  74 | Reward:  -17.92 | Battery:   0.00% | Loss: 0.0004
Placing Sensors
DQN loss 0.02342 | Q -2.0414 | tgt -2.0133 | eps 0.418 | replay 91957
[Episode 708/400] Steps:  83 | Reward:  -17.83 | Battery:   0.00% | Loss: 0.0234
Placing Sensors
DQN loss 0.00600 | Q -2.0345 | tgt -2.0417 | eps 0.413 | replay 92677
[Episode 709/400] Steps: 720 | Reward:   -9.36 | Battery:  67.29% | Loss: 0.0060
Placing Sensors
DQN loss 0.00604 | Q -2.0464 | tgt -2.0307 | eps 0.413 | replay 92737
[Episode 710/400] Steps:  60 | Reward:  -18.17 | Battery:   0.00% | Loss: 0.0060
Placing Sensors
DQN loss 0.00076 | Q -2.0304 | tgt -2.0385 | eps 0.412 | replay 92829
[Episode 711/400] Steps:  92 | Reward:  -17.93 | Battery:   0.00% | Loss: 0.0008
Placing Sensors
DQN loss 0.01177 | Q -2.0218 | tgt -2.0161 | eps 0.412 | replay 92897
[Episode 712/400] Steps:  68 | Reward:  -17.88 | Battery:   0.00% | Loss: 0.0118
Placing Sensors
DQN loss 0.01756 | Q -2.0432 | tgt -2.0199 | eps 0.411 | replay 92987
[Episode 713/400] Steps:  90 | Reward:  -17.85 | Battery:   0.00% | Loss: 0.0176
Placing Sensors
DQN loss 0.00578 | Q -2.0376 | tgt -2.0352 | eps 0.411 | replay 93065
[Episode 714/400] Steps:  78 | Reward:  -17.99 | Battery:   0.00% | Loss: 0.0058
Placing Sensors
DQN loss 0.01695 | Q -2.0400 | tgt -2.0168 | eps 0.410 | replay 93159
[Episode 715/400] Steps:  94 | Reward:  -17.63 | Battery:   0.00% | Loss: 0.0169
Placing Sensors
DQN loss 0.01743 | Q -2.0335 | tgt -2.0213 | eps 0.409 | replay 93258
[Episode 716/400] Steps:  99 | Reward:  -17.77 | Battery:   0.00% | Loss: 0.0174
Placing Sensors
DQN loss 0.01162 | Q -2.0350 | tgt -2.0237 | eps 0.409 | replay 93338
[Episode 717/400] Steps:  80 | Reward:  -17.68 | Battery:   0.00% | Loss: 0.0116
Placing Sensors
DQN loss 0.00020 | Q -2.0435 | tgt -2.0490 | eps 0.408 | replay 93413
[Episode 718/400] Steps:  75 | Reward:  -17.87 | Battery:   0.00% | Loss: 0.0002
Placing Sensors
DQN loss 0.01235 | Q -2.0492 | tgt -2.0377 | eps 0.408 | replay 93487
[Episode 719/400] Steps:  74 | Reward:  -17.75 | Battery:   0.00% | Loss: 0.0124
Placing Sensors
DQN loss 0.00618 | Q -2.0434 | tgt -2.0342 | eps 0.408 | replay 93546
[Episode 720/400] Steps:  59 | Reward:  -18.22 | Battery:   0.00% | Loss: 0.0062
Placing Sensors
DQN loss 0.00019 | Q -2.0313 | tgt -2.0402 | eps 0.407 | replay 93607
[Episode 721/400] Steps:  61 | Reward:  -18.08 | Battery:   0.00% | Loss: 0.0002
Placing Sensors
DQN loss 0.01726 | Q -2.0225 | tgt -2.0173 | eps 0.407 | replay 93679
[Episode 722/400] Steps:  72 | Reward:  -17.90 | Battery:   0.00% | Loss: 0.0173
Placing Sensors
DQN loss 0.01813 | Q -2.0445 | tgt -2.0187 | eps 0.406 | replay 93747
[Episode 723/400] Steps:  68 | Reward:  -18.05 | Battery:   0.00% | Loss: 0.0181
Placing Sensors
DQN loss 0.02764 | Q -2.0394 | tgt -2.0032 | eps 0.406 | replay 93840
[Episode 724/400] Steps:  93 | Reward:  -17.82 | Battery:   0.00% | Loss: 0.0276
Placing Sensors
DQN loss 0.02334 | Q -2.0392 | tgt -2.0105 | eps 0.405 | replay 93934
[Episode 725/400] Steps:  94 | Reward:  -18.03 | Battery:   0.00% | Loss: 0.0233
Placing Sensors
DQN loss 0.01145 | Q -2.0359 | tgt -2.0263 | eps 0.405 | replay 94025
[Episode 726/400] Steps:  91 | Reward:  -17.74 | Battery:   0.00% | Loss: 0.0115
Placing Sensors
DQN loss 0.00550 | Q -2.0374 | tgt -2.0226 | eps 0.404 | replay 94096
[Episode 727/400] Steps:  71 | Reward:  -17.88 | Battery:   0.00% | Loss: 0.0055
Placing Sensors
DQN loss 0.01731 | Q -2.0387 | tgt -2.0189 | eps 0.404 | replay 94179
[Episode 728/400] Steps:  83 | Reward:  -17.65 | Battery:   0.00% | Loss: 0.0173
Placing Sensors
DQN loss 0.01702 | Q -2.0243 | tgt -2.0123 | eps 0.403 | replay 94245
[Episode 729/400] Steps:  66 | Reward:  -17.70 | Battery:   0.00% | Loss: 0.0170
Placing Sensors
DQN loss 0.02336 | Q -2.0245 | tgt -2.0093 | eps 0.403 | replay 94321
[Episode 730/400] Steps:  76 | Reward:  -17.80 | Battery:   0.00% | Loss: 0.0234
Placing Sensors
DQN loss 0.00016 | Q -2.0442 | tgt -2.0510 | eps 0.398 | replay 95041
[Episode 731/400] Steps: 720 | Reward:   -9.78 | Battery:  38.15% | Loss: 0.0002
Placing Sensors
DQN loss 0.00598 | Q -2.0278 | tgt -2.0376 | eps 0.394 | replay 95761
[Episode 732/400] Steps: 720 | Reward:   -9.15 | Battery:  51.90% | Loss: 0.0060
Placing Sensors
DQN loss 0.01185 | Q -2.0515 | tgt -2.0376 | eps 0.393 | replay 95859
[Episode 733/400] Steps:  98 | Reward:  -17.87 | Battery:   0.00% | Loss: 0.0119
Placing Sensors
DQN loss 0.01200 | Q -2.0502 | tgt -2.0269 | eps 0.391 | replay 96089
[Episode 734/400] Steps: 230 | Reward:  -17.30 | Battery:   0.00% | Loss: 0.0120
Placing Sensors
DQN loss 0.00613 | Q -2.0384 | tgt -2.0317 | eps 0.391 | replay 96201
[Episode 735/400] Steps: 112 | Reward:  -17.68 | Battery:   0.00% | Loss: 0.0061
Placing Sensors
DQN loss 0.00665 | Q -2.0242 | tgt -2.0355 | eps 0.390 | replay 96326
[Episode 736/400] Steps: 125 | Reward:  -17.65 | Battery:   0.00% | Loss: 0.0067
Placing Sensors
DQN loss 0.02761 | Q -2.0253 | tgt -1.9959 | eps 0.389 | replay 96409
[Episode 737/400] Steps:  83 | Reward:  -17.68 | Battery:   0.00% | Loss: 0.0276
Placing Sensors
DQN loss 0.00607 | Q -2.0346 | tgt -2.0396 | eps 0.385 | replay 97129
[Episode 738/400] Steps: 720 | Reward:   -9.66 | Battery:  37.10% | Loss: 0.0061
Placing Sensors
DQN loss 0.01685 | Q -2.0438 | tgt -2.0283 | eps 0.384 | replay 97222
[Episode 739/400] Steps:  93 | Reward:  -17.81 | Battery:   0.00% | Loss: 0.0168
Placing Sensors
DQN loss 0.00021 | Q -2.0408 | tgt -2.0462 | eps 0.384 | replay 97277
[Episode 740/400] Steps:  55 | Reward:  -17.94 | Battery:   0.00% | Loss: 0.0002
Placing Sensors
DQN loss 0.00036 | Q -2.0312 | tgt -2.0476 | eps 0.384 | replay 97341
[Episode 741/400] Steps:  64 | Reward:  -17.87 | Battery:   0.00% | Loss: 0.0004
Placing Sensors
DQN loss 0.02292 | Q -2.0267 | tgt -2.0075 | eps 0.379 | replay 98061
[Episode 742/400] Steps: 720 | Reward:   -8.77 | Battery:  26.76% | Loss: 0.0229
Placing Sensors
DQN loss 0.00602 | Q -2.0409 | tgt -2.0302 | eps 0.379 | replay 98125
[Episode 743/400] Steps:  64 | Reward:  -18.00 | Battery:   0.00% | Loss: 0.0060
Placing Sensors
DQN loss 0.01586 | Q -2.0226 | tgt -2.0200 | eps 0.378 | replay 98205
[Episode 744/400] Steps:  80 | Reward:  -17.76 | Battery:   0.00% | Loss: 0.0159
Placing Sensors
DQN loss 0.00714 | Q -2.0210 | tgt -2.0287 | eps 0.378 | replay 98280
[Episode 745/400] Steps:  75 | Reward:  -17.92 | Battery:   0.00% | Loss: 0.0071
Placing Sensors
DQN loss 0.00016 | Q -2.0487 | tgt -2.0442 | eps 0.377 | replay 98347
[Episode 746/400] Steps:  67 | Reward:  -17.91 | Battery:   0.00% | Loss: 0.0002
Placing Sensors
DQN loss 0.01779 | Q -2.0292 | tgt -2.0220 | eps 0.377 | replay 98419
[Episode 747/400] Steps:  72 | Reward:  -17.88 | Battery:   0.00% | Loss: 0.0178
Placing Sensors
DQN loss 0.01703 | Q -2.0462 | tgt -2.0227 | eps 0.376 | replay 98483
[Episode 748/400] Steps:  64 | Reward:  -18.11 | Battery:   0.00% | Loss: 0.0170
Placing Sensors
DQN loss 0.00862 | Q -2.0141 | tgt -2.0136 | eps 0.376 | replay 98543
[Episode 749/400] Steps:  60 | Reward:  -18.03 | Battery:   0.00% | Loss: 0.0086
Placing Sensors
DQN loss 0.00029 | Q -2.0282 | tgt -2.0435 | eps 0.375 | replay 98685
[Episode 750/400] Steps: 142 | Reward:  -17.91 | Battery:   0.00% | Loss: 0.0003
Placing Sensors
DQN loss 0.01160 | Q -2.0330 | tgt -2.0256 | eps 0.374 | replay 98779
[Episode 751/400] Steps:  94 | Reward:  -17.55 | Battery:   0.00% | Loss: 0.0116
Placing Sensors
DQN loss 0.02204 | Q -2.0100 | tgt -1.9755 | eps 0.374 | replay 98847
[Episode 752/400] Steps:  68 | Reward:  -18.00 | Battery:   0.00% | Loss: 0.0220
Placing Sensors
DQN loss 0.02871 | Q -2.0313 | tgt -1.9881 | eps 0.373 | replay 98938
[Episode 753/400] Steps:  91 | Reward:  -17.59 | Battery:   0.00% | Loss: 0.0287
Placing Sensors
DQN loss 0.01776 | Q -2.0144 | tgt -1.9896 | eps 0.373 | replay 99065
[Episode 754/400] Steps: 127 | Reward:  -17.43 | Battery:   0.00% | Loss: 0.0178
Placing Sensors
DQN loss 0.00595 | Q -2.0116 | tgt -2.0085 | eps 0.372 | replay 99148
[Episode 755/400] Steps:  83 | Reward:  -17.61 | Battery:   0.00% | Loss: 0.0059
Placing Sensors
DQN loss 0.01670 | Q -1.9807 | tgt -1.9852 | eps 0.372 | replay 99221
[Episode 756/400] Steps:  73 | Reward:  -17.99 | Battery:   0.00% | Loss: 0.0167
Placing Sensors
DQN loss 0.01201 | Q -2.0088 | tgt -2.0078 | eps 0.371 | replay 99301
[Episode 757/400] Steps:  80 | Reward:  -17.85 | Battery:   0.00% | Loss: 0.0120
Placing Sensors
DQN loss 0.02398 | Q -2.0089 | tgt -1.9856 | eps 0.371 | replay 99391
[Episode 758/400] Steps:  90 | Reward:  -17.68 | Battery:   0.00% | Loss: 0.0240
Placing Sensors
DQN loss 0.01207 | Q -2.0235 | tgt -2.0062 | eps 0.370 | replay 99470
[Episode 759/400] Steps:  79 | Reward:  -17.87 | Battery:   0.00% | Loss: 0.0121
Placing Sensors
DQN loss 0.01421 | Q -2.0208 | tgt -2.0103 | eps 0.365 | replay 100190
[Episode 760/400] Steps: 720 | Reward:  -10.07 | Battery:  25.68% | Loss: 0.0142
Placing Sensors
DQN loss 0.00609 | Q -2.0136 | tgt -2.0102 | eps 0.361 | replay 100910
[Episode 761/400] Steps: 720 | Reward:   -6.83 | Battery:  75.42% | Loss: 0.0061
Placing Sensors
DQN loss 0.01675 | Q -2.0000 | tgt -1.9879 | eps 0.361 | replay 100965
[Episode 762/400] Steps:  55 | Reward:  -17.94 | Battery:   0.00% | Loss: 0.0168
Placing Sensors
DQN loss 0.00650 | Q -1.9968 | tgt -2.0102 | eps 0.360 | replay 101056
[Episode 763/400] Steps:  91 | Reward:  -17.72 | Battery:   0.00% | Loss: 0.0065
Placing Sensors
DQN loss 0.00643 | Q -2.0106 | tgt -2.0155 | eps 0.359 | replay 101158
[Episode 764/400] Steps: 102 | Reward:  -17.68 | Battery:   0.00% | Loss: 0.0064
Placing Sensors
DQN loss 0.00480 | Q -1.9818 | tgt -1.9919 | eps 0.359 | replay 101219
[Episode 765/400] Steps:  61 | Reward:  -18.01 | Battery:   0.00% | Loss: 0.0048
Placing Sensors
DQN loss 0.01034 | Q -1.9997 | tgt -1.9877 | eps 0.359 | replay 101287
[Episode 766/400] Steps:  68 | Reward:  -17.92 | Battery:   0.00% | Loss: 0.0103
Placing Sensors
DQN loss 0.01714 | Q -2.0187 | tgt -2.0027 | eps 0.358 | replay 101371
[Episode 767/400] Steps:  84 | Reward:  -17.58 | Battery:   0.00% | Loss: 0.0171
Placing Sensors
DQN loss 0.01829 | Q -2.0099 | tgt -1.9974 | eps 0.358 | replay 101443
[Episode 768/400] Steps:  72 | Reward:  -17.76 | Battery:   0.00% | Loss: 0.0183
Placing Sensors
DQN loss 0.02818 | Q -2.0102 | tgt -1.9896 | eps 0.357 | replay 101517
[Episode 769/400] Steps:  74 | Reward:  -17.86 | Battery:   0.00% | Loss: 0.0282
Placing Sensors
DQN loss 0.00845 | Q -2.0310 | tgt -2.0114 | eps 0.357 | replay 101598
[Episode 770/400] Steps:  81 | Reward:  -18.07 | Battery:   0.00% | Loss: 0.0085
Placing Sensors
DQN loss 0.01179 | Q -2.0041 | tgt -2.0042 | eps 0.356 | replay 101678
[Episode 771/400] Steps:  80 | Reward:  -18.02 | Battery:   0.00% | Loss: 0.0118
Placing Sensors
DQN loss 0.02248 | Q -2.0145 | tgt -1.9907 | eps 0.355 | replay 101808
[Episode 772/400] Steps: 130 | Reward:  -17.67 | Battery:   0.00% | Loss: 0.0225
Placing Sensors
DQN loss 0.00834 | Q -2.0073 | tgt -2.0079 | eps 0.355 | replay 101885
[Episode 773/400] Steps:  77 | Reward:  -17.87 | Battery:   0.00% | Loss: 0.0083
Placing Sensors
DQN loss 0.00337 | Q -2.0146 | tgt -2.0199 | eps 0.354 | replay 101966
[Episode 774/400] Steps:  81 | Reward:  -17.58 | Battery:   0.00% | Loss: 0.0034
Placing Sensors
DQN loss 0.00601 | Q -2.0298 | tgt -2.0273 | eps 0.354 | replay 102070
[Episode 775/400] Steps: 104 | Reward:  -17.52 | Battery:   0.00% | Loss: 0.0060
Placing Sensors
DQN loss 0.00059 | Q -2.0229 | tgt -2.0285 | eps 0.353 | replay 102157
[Episode 776/400] Steps:  87 | Reward:  -17.74 | Battery:   0.00% | Loss: 0.0006
Placing Sensors
DQN loss 0.00232 | Q -1.9735 | tgt -2.0050 | eps 0.348 | replay 102877
[Episode 777/400] Steps: 720 | Reward:   -9.59 | Battery:  54.05% | Loss: 0.0023
Placing Sensors
DQN loss 0.01167 | Q -2.0047 | tgt -2.0005 | eps 0.348 | replay 102970
[Episode 778/400] Steps:  93 | Reward:  -17.81 | Battery:   0.00% | Loss: 0.0117
Placing Sensors
DQN loss 0.01831 | Q -2.0169 | tgt -2.0008 | eps 0.347 | replay 103053
[Episode 779/400] Steps:  83 | Reward:  -17.91 | Battery:   0.00% | Loss: 0.0183
Placing Sensors
DQN loss 0.00550 | Q -2.0163 | tgt -2.0165 | eps 0.347 | replay 103120
[Episode 780/400] Steps:  67 | Reward:  -17.94 | Battery:   0.00% | Loss: 0.0055
Placing Sensors
DQN loss 0.00597 | Q -2.0026 | tgt -2.0127 | eps 0.347 | replay 103182
[Episode 781/400] Steps:  62 | Reward:  -17.64 | Battery:   0.00% | Loss: 0.0060
Placing Sensors
DQN loss 0.00609 | Q -1.9973 | tgt -1.9949 | eps 0.346 | replay 103293
[Episode 782/400] Steps: 111 | Reward:  -17.62 | Battery:   0.00% | Loss: 0.0061
Placing Sensors
DQN loss 0.01751 | Q -2.0201 | tgt -2.0011 | eps 0.345 | replay 103370
[Episode 783/400] Steps:  77 | Reward:  -17.73 | Battery:   0.00% | Loss: 0.0175
Placing Sensors
DQN loss 0.00653 | Q -1.9860 | tgt -1.9958 | eps 0.345 | replay 103479
[Episode 784/400] Steps: 109 | Reward:  -17.68 | Battery:   0.00% | Loss: 0.0065
Placing Sensors
DQN loss 0.01612 | Q -2.0205 | tgt -2.0031 | eps 0.344 | replay 103577
[Episode 785/400] Steps:  98 | Reward:  -17.75 | Battery:   0.00% | Loss: 0.0161
Placing Sensors
DQN loss 0.01263 | Q -2.0213 | tgt -1.9927 | eps 0.344 | replay 103649
[Episode 786/400] Steps:  72 | Reward:  -17.92 | Battery:   0.00% | Loss: 0.0126
Placing Sensors
DQN loss 0.02370 | Q -2.0077 | tgt -1.9840 | eps 0.343 | replay 103708
[Episode 787/400] Steps:  59 | Reward:  -17.95 | Battery:   0.00% | Loss: 0.0237
Placing Sensors
DQN loss 0.00042 | Q -2.0156 | tgt -2.0332 | eps 0.343 | replay 103808
[Episode 788/400] Steps: 100 | Reward:  -17.67 | Battery:   0.00% | Loss: 0.0004
Placing Sensors
DQN loss 0.01121 | Q -2.0101 | tgt -2.0133 | eps 0.342 | replay 103952
[Episode 789/400] Steps: 144 | Reward:  -17.18 | Battery:   0.00% | Loss: 0.0112
Placing Sensors
DQN loss 0.00595 | Q -2.0032 | tgt -1.9987 | eps 0.341 | replay 104066
[Episode 790/400] Steps: 114 | Reward:  -17.61 | Battery:   0.00% | Loss: 0.0059
Placing Sensors
DQN loss 0.02335 | Q -2.0229 | tgt -1.9925 | eps 0.340 | replay 104174
[Episode 791/400] Steps: 108 | Reward:  -17.86 | Battery:   0.00% | Loss: 0.0234
Placing Sensors
DQN loss 0.01721 | Q -1.9984 | tgt -1.9905 | eps 0.340 | replay 104284
[Episode 792/400] Steps: 110 | Reward:  -17.72 | Battery:   0.00% | Loss: 0.0172
Placing Sensors
DQN loss 0.00588 | Q -1.9817 | tgt -1.9977 | eps 0.338 | replay 104462
[Episode 793/400] Steps: 178 | Reward:  -17.58 | Battery:   0.00% | Loss: 0.0059
Placing Sensors
DQN loss 0.00599 | Q -1.9965 | tgt -2.0032 | eps 0.338 | replay 104549
[Episode 794/400] Steps:  87 | Reward:  -17.76 | Battery:   0.00% | Loss: 0.0060
Placing Sensors
DQN loss 0.01168 | Q -2.0178 | tgt -2.0110 | eps 0.337 | replay 104615
[Episode 795/400] Steps:  66 | Reward:  -17.98 | Battery:   0.00% | Loss: 0.0117
Placing Sensors
DQN loss 0.01128 | Q -2.0221 | tgt -2.0086 | eps 0.337 | replay 104709
[Episode 796/400] Steps:  94 | Reward:  -18.04 | Battery:   0.00% | Loss: 0.0113
Placing Sensors
DQN loss 0.00028 | Q -2.0289 | tgt -2.0314 | eps 0.336 | replay 104791
[Episode 797/400] Steps:  82 | Reward:  -17.96 | Battery:   0.00% | Loss: 0.0003
Placing Sensors
DQN loss 0.01744 | Q -2.0119 | tgt -2.0024 | eps 0.336 | replay 104881
[Episode 798/400] Steps:  90 | Reward:  -17.81 | Battery:   0.00% | Loss: 0.0174
Placing Sensors
DQN loss 0.00644 | Q -2.0038 | tgt -2.0110 | eps 0.335 | replay 105005
[Episode 799/400] Steps: 124 | Reward:  -17.97 | Battery:   0.00% | Loss: 0.0064
Placing Sensors
DQN loss 0.01022 | Q -2.0200 | tgt -2.0088 | eps 0.334 | replay 105084
[Episode 800/400] Steps:  79 | Reward:  -17.80 | Battery:   0.00% | Loss: 0.0102
Placing Sensors
DQN loss 0.02253 | Q -2.0016 | tgt -1.9877 | eps 0.334 | replay 105159
[Episode 801/400] Steps:  75 | Reward:  -17.83 | Battery:   0.00% | Loss: 0.0225
Placing Sensors
DQN loss 0.00454 | Q -2.0232 | tgt -2.0233 | eps 0.334 | replay 105236
[Episode 802/400] Steps:  77 | Reward:  -17.87 | Battery:   0.00% | Loss: 0.0045
Placing Sensors
DQN loss 0.01738 | Q -2.0006 | tgt -1.9818 | eps 0.333 | replay 105373
[Episode 803/400] Steps: 137 | Reward:  -17.64 | Battery:   0.00% | Loss: 0.0174
Placing Sensors
DQN loss 0.01114 | Q -2.0188 | tgt -1.9967 | eps 0.332 | replay 105548
[Episode 804/400] Steps: 175 | Reward:  -17.58 | Battery:   0.00% | Loss: 0.0111
Placing Sensors
DQN loss 0.00610 | Q -2.0046 | tgt -2.0094 | eps 0.327 | replay 106268
[Episode 805/400] Steps: 720 | Reward:   -6.85 | Battery:  56.90% | Loss: 0.0061
Placing Sensors
DQN loss 0.00624 | Q -2.0260 | tgt -2.0179 | eps 0.326 | replay 106356
[Episode 806/400] Steps:  88 | Reward:  -17.81 | Battery:   0.00% | Loss: 0.0062
Placing Sensors
DQN loss 0.01978 | Q -2.0040 | tgt -2.0026 | eps 0.322 | replay 107076
[Episode 807/400] Steps: 720 | Reward:   -9.10 | Battery:  60.32% | Loss: 0.0198
Placing Sensors
DQN loss 0.02821 | Q -2.0130 | tgt -1.9852 | eps 0.321 | replay 107156
[Episode 808/400] Steps:  80 | Reward:  -17.81 | Battery:   0.00% | Loss: 0.0282
Placing Sensors
DQN loss 0.01212 | Q -2.0278 | tgt -2.0091 | eps 0.320 | replay 107318
[Episode 809/400] Steps: 162 | Reward:  -17.57 | Battery:   0.00% | Loss: 0.0121
Placing Sensors
DQN loss 0.03734 | Q -2.0345 | tgt -1.9781 | eps 0.320 | replay 107422
[Episode 810/400] Steps: 104 | Reward:  -17.62 | Battery:   0.00% | Loss: 0.0373
Placing Sensors
DQN loss 0.01932 | Q -2.0164 | tgt -1.9958 | eps 0.319 | replay 107509
[Episode 811/400] Steps:  87 | Reward:  -17.74 | Battery:   0.00% | Loss: 0.0193
Placing Sensors
DQN loss 0.00830 | Q -2.0078 | tgt -1.9987 | eps 0.319 | replay 107579
[Episode 812/400] Steps:  70 | Reward:  -17.80 | Battery:   0.00% | Loss: 0.0083
Placing Sensors
DQN loss 0.01206 | Q -2.0150 | tgt -2.0095 | eps 0.318 | replay 107644
[Episode 813/400] Steps:  65 | Reward:  -17.88 | Battery:   0.00% | Loss: 0.0121
Placing Sensors
DQN loss 0.00619 | Q -2.0204 | tgt -2.0185 | eps 0.318 | replay 107716
[Episode 814/400] Steps:  72 | Reward:  -17.77 | Battery:   0.00% | Loss: 0.0062
Placing Sensors
DQN loss 0.00611 | Q -2.0226 | tgt -2.0228 | eps 0.317 | replay 107788
[Episode 815/400] Steps:  72 | Reward:  -17.86 | Battery:   0.00% | Loss: 0.0061
Placing Sensors
DQN loss 0.01313 | Q -2.0134 | tgt -2.0036 | eps 0.317 | replay 107875
[Episode 816/400] Steps:  87 | Reward:  -17.72 | Battery:   0.00% | Loss: 0.0131
Placing Sensors
DQN loss 0.00621 | Q -2.0214 | tgt -2.0230 | eps 0.316 | replay 107940
[Episode 817/400] Steps:  65 | Reward:  -17.94 | Battery:   0.00% | Loss: 0.0062
Placing Sensors
DQN loss 0.00065 | Q -2.0148 | tgt -2.0197 | eps 0.316 | replay 108043
[Episode 818/400] Steps: 103 | Reward:  -17.67 | Battery:   0.00% | Loss: 0.0006
Placing Sensors
DQN loss 0.01432 | Q -2.0124 | tgt -1.9946 | eps 0.311 | replay 108763
[Episode 819/400] Steps: 720 | Reward:   -7.62 | Battery:  61.46% | Loss: 0.0143
Placing Sensors
DQN loss 0.01765 | Q -2.0241 | tgt -1.9956 | eps 0.311 | replay 108839
[Episode 820/400] Steps:  76 | Reward:  -17.85 | Battery:   0.00% | Loss: 0.0177
Placing Sensors
DQN loss 0.02882 | Q -2.0076 | tgt -1.9895 | eps 0.310 | replay 108908
[Episode 821/400] Steps:  69 | Reward:  -17.88 | Battery:   0.00% | Loss: 0.0288
Placing Sensors
DQN loss 0.01253 | Q -2.0296 | tgt -2.0099 | eps 0.310 | replay 108995
[Episode 822/400] Steps:  87 | Reward:  -17.75 | Battery:   0.00% | Loss: 0.0125
Placing Sensors
DQN loss 0.00606 | Q -2.0199 | tgt -2.0204 | eps 0.309 | replay 109143
[Episode 823/400] Steps: 148 | Reward:  -17.51 | Battery:   0.00% | Loss: 0.0061
Placing Sensors
DQN loss 0.00628 | Q -2.0115 | tgt -2.0183 | eps 0.308 | replay 109249
[Episode 824/400] Steps: 106 | Reward:  -17.80 | Battery:   0.00% | Loss: 0.0063
Placing Sensors
DQN loss 0.00078 | Q -2.0126 | tgt -2.0228 | eps 0.304 | replay 109895
[Episode 825/400] Steps: 646 | Reward:  -13.72 | Battery:   0.00% | Loss: 0.0008
Placing Sensors
DQN loss 0.01160 | Q -2.0165 | tgt -2.0096 | eps 0.303 | replay 110000
[Episode 826/400] Steps: 105 | Reward:  -17.75 | Battery:   0.00% | Loss: 0.0116
Placing Sensors
DQN loss 0.01140 | Q -2.0025 | tgt -2.0011 | eps 0.303 | replay 110066
[Episode 827/400] Steps:  66 | Reward:  -17.76 | Battery:   0.00% | Loss: 0.0114
Placing Sensors
DQN loss 0.00621 | Q -2.0143 | tgt -2.0188 | eps 0.302 | replay 110145
[Episode 828/400] Steps:  79 | Reward:  -17.86 | Battery:   0.00% | Loss: 0.0062
Placing Sensors
DQN loss 0.00674 | Q -2.0011 | tgt -2.0143 | eps 0.302 | replay 110218
[Episode 829/400] Steps:  73 | Reward:  -17.75 | Battery:   0.00% | Loss: 0.0067
Placing Sensors
DQN loss 0.01142 | Q -2.0338 | tgt -2.0118 | eps 0.301 | replay 110307
[Episode 830/400] Steps:  89 | Reward:  -17.85 | Battery:   0.00% | Loss: 0.0114
Placing Sensors
DQN loss 0.01823 | Q -2.0391 | tgt -2.0040 | eps 0.301 | replay 110431
[Episode 831/400] Steps: 124 | Reward:  -17.73 | Battery:   0.00% | Loss: 0.0182
Placing Sensors
DQN loss 0.00633 | Q -2.0010 | tgt -2.0161 | eps 0.300 | replay 110513
[Episode 832/400] Steps:  82 | Reward:  -17.87 | Battery:   0.00% | Loss: 0.0063
Placing Sensors
DQN loss 0.00498 | Q -2.0286 | tgt -2.0228 | eps 0.300 | replay 110601
[Episode 833/400] Steps:  88 | Reward:  -17.87 | Battery:   0.00% | Loss: 0.0050
Placing Sensors
DQN loss 0.00635 | Q -2.0122 | tgt -2.0182 | eps 0.299 | replay 110686
[Episode 834/400] Steps:  85 | Reward:  -17.83 | Battery:   0.00% | Loss: 0.0063
Placing Sensors
DQN loss 0.00031 | Q -2.0157 | tgt -2.0203 | eps 0.299 | replay 110759
[Episode 835/400] Steps:  73 | Reward:  -17.71 | Battery:   0.00% | Loss: 0.0003
Placing Sensors
DQN loss 0.00169 | Q -2.0203 | tgt -2.0242 | eps 0.298 | replay 110857
[Episode 836/400] Steps:  98 | Reward:  -17.83 | Battery:   0.00% | Loss: 0.0017
Placing Sensors
DQN loss 0.01099 | Q -2.0217 | tgt -2.0067 | eps 0.297 | replay 110926
[Episode 837/400] Steps:  69 | Reward:  -17.74 | Battery:   0.00% | Loss: 0.0110
Placing Sensors
DQN loss 0.00613 | Q -2.0242 | tgt -2.0160 | eps 0.297 | replay 111024
[Episode 838/400] Steps:  98 | Reward:  -17.88 | Battery:   0.00% | Loss: 0.0061
Placing Sensors
DQN loss 0.00632 | Q -2.0189 | tgt -2.0237 | eps 0.296 | replay 111099
[Episode 839/400] Steps:  75 | Reward:  -17.82 | Battery:   0.00% | Loss: 0.0063
Placing Sensors
DQN loss 0.01342 | Q -2.0195 | tgt -2.0065 | eps 0.296 | replay 111176
[Episode 840/400] Steps:  77 | Reward:  -17.82 | Battery:   0.00% | Loss: 0.0134
Placing Sensors
DQN loss 0.00619 | Q -2.0097 | tgt -2.0090 | eps 0.291 | replay 111896
[Episode 841/400] Steps: 720 | Reward:   -8.23 | Battery:  72.20% | Loss: 0.0062
Placing Sensors
DQN loss 0.00641 | Q -2.0286 | tgt -2.0140 | eps 0.291 | replay 111991
[Episode 842/400] Steps:  95 | Reward:  -17.91 | Battery:   0.00% | Loss: 0.0064
Placing Sensors
DQN loss 0.00587 | Q -1.9944 | tgt -2.0005 | eps 0.290 | replay 112058
[Episode 843/400] Steps:  67 | Reward:  -17.87 | Battery:   0.00% | Loss: 0.0059
Placing Sensors
DQN loss 0.01187 | Q -2.0117 | tgt -2.0010 | eps 0.290 | replay 112144
[Episode 844/400] Steps:  86 | Reward:  -17.64 | Battery:   0.00% | Loss: 0.0119
Placing Sensors
DQN loss 0.00569 | Q -2.0157 | tgt -2.0151 | eps 0.289 | replay 112237
[Episode 845/400] Steps:  93 | Reward:  -17.70 | Battery:   0.00% | Loss: 0.0057
Placing Sensors
DQN loss 0.01800 | Q -2.0323 | tgt -2.0034 | eps 0.288 | replay 112359
[Episode 846/400] Steps: 122 | Reward:  -17.61 | Battery:   0.00% | Loss: 0.0180
Placing Sensors
DQN loss 0.00139 | Q -2.0070 | tgt -2.0152 | eps 0.288 | replay 112461
[Episode 847/400] Steps: 102 | Reward:  -17.66 | Battery:   0.00% | Loss: 0.0014
Placing Sensors
DQN loss 0.00626 | Q -2.0213 | tgt -2.0182 | eps 0.287 | replay 112599
[Episode 848/400] Steps: 138 | Reward:  -17.40 | Battery:   0.00% | Loss: 0.0063
Placing Sensors
DQN loss 0.00739 | Q -2.0041 | tgt -2.0139 | eps 0.286 | replay 112680
[Episode 849/400] Steps:  81 | Reward:  -17.76 | Battery:   0.00% | Loss: 0.0074
Placing Sensors
DQN loss 0.00048 | Q -2.0180 | tgt -2.0292 | eps 0.286 | replay 112744
[Episode 850/400] Steps:  64 | Reward:  -17.89 | Battery:   0.00% | Loss: 0.0005
Placing Sensors
DQN loss 0.01047 | Q -2.0109 | tgt -2.0127 | eps 0.285 | replay 112831
[Episode 851/400] Steps:  87 | Reward:  -17.81 | Battery:   0.00% | Loss: 0.0105
Placing Sensors
DQN loss 0.00409 | Q -2.0280 | tgt -2.0180 | eps 0.285 | replay 112920
[Episode 852/400] Steps:  89 | Reward:  -17.77 | Battery:   0.00% | Loss: 0.0041
Placing Sensors
DQN loss 0.01662 | Q -2.0052 | tgt -1.9933 | eps 0.284 | replay 112996
[Episode 853/400] Steps:  76 | Reward:  -17.83 | Battery:   0.00% | Loss: 0.0166
Placing Sensors
DQN loss 0.01182 | Q -2.0208 | tgt -1.9998 | eps 0.284 | replay 113073
[Episode 854/400] Steps:  77 | Reward:  -17.74 | Battery:   0.00% | Loss: 0.0118
Placing Sensors
DQN loss 0.01190 | Q -2.0012 | tgt -1.9936 | eps 0.283 | replay 113201
[Episode 855/400] Steps: 128 | Reward:  -17.40 | Battery:   0.00% | Loss: 0.0119
Placing Sensors
DQN loss 0.00044 | Q -2.0328 | tgt -2.0312 | eps 0.282 | replay 113299
[Episode 856/400] Steps:  98 | Reward:  -17.90 | Battery:   0.00% | Loss: 0.0004
Placing Sensors
DQN loss 0.00055 | Q -2.0119 | tgt -2.0224 | eps 0.278 | replay 114019
[Episode 857/400] Steps: 720 | Reward:   -7.89 | Battery:  47.99% | Loss: 0.0006
Placing Sensors
DQN loss 0.01159 | Q -2.0199 | tgt -2.0110 | eps 0.278 | replay 114077
[Episode 858/400] Steps:  58 | Reward:  -17.96 | Battery:   0.00% | Loss: 0.0116
Placing Sensors
DQN loss 0.00603 | Q -2.0183 | tgt -2.0142 | eps 0.277 | replay 114147
[Episode 859/400] Steps:  70 | Reward:  -18.03 | Battery:   0.00% | Loss: 0.0060
Placing Sensors
DQN loss 0.00632 | Q -2.0136 | tgt -2.0192 | eps 0.277 | replay 114208
[Episode 860/400] Steps:  61 | Reward:  -18.22 | Battery:   0.00% | Loss: 0.0063
Placing Sensors
DQN loss 0.00041 | Q -2.0276 | tgt -2.0296 | eps 0.276 | replay 114296
[Episode 861/400] Steps:  88 | Reward:  -17.95 | Battery:   0.00% | Loss: 0.0004
Placing Sensors
DQN loss 0.01775 | Q -2.0125 | tgt -1.9957 | eps 0.276 | replay 114368
[Episode 862/400] Steps:  72 | Reward:  -17.86 | Battery:   0.00% | Loss: 0.0177
Placing Sensors
DQN loss 0.01210 | Q -2.0157 | tgt -2.0177 | eps 0.275 | replay 114427
[Episode 863/400] Steps:  59 | Reward:  -17.85 | Battery:   0.00% | Loss: 0.0121
Placing Sensors
DQN loss 0.00594 | Q -2.0212 | tgt -2.0148 | eps 0.274 | replay 114580
[Episode 864/400] Steps: 153 | Reward:  -17.47 | Battery:   0.00% | Loss: 0.0059
Placing Sensors
DQN loss 0.00610 | Q -2.0205 | tgt -2.0222 | eps 0.274 | replay 114687
[Episode 865/400] Steps: 107 | Reward:  -17.78 | Battery:   0.00% | Loss: 0.0061
Placing Sensors
DQN loss 0.00043 | Q -2.0206 | tgt -2.0309 | eps 0.273 | replay 114755
[Episode 866/400] Steps:  68 | Reward:  -17.85 | Battery:   0.00% | Loss: 0.0004
Placing Sensors
DQN loss 0.01187 | Q -2.0135 | tgt -2.0091 | eps 0.273 | replay 114841
[Episode 867/400] Steps:  86 | Reward:  -17.70 | Battery:   0.00% | Loss: 0.0119
Placing Sensors
DQN loss 0.01246 | Q -2.0137 | tgt -2.0089 | eps 0.272 | replay 114928
[Episode 868/400] Steps:  87 | Reward:  -17.67 | Battery:   0.00% | Loss: 0.0125
Placing Sensors
DQN loss 0.00834 | Q -2.0193 | tgt -1.9908 | eps 0.272 | replay 114991
[Episode 869/400] Steps:  63 | Reward:  -17.67 | Battery:   0.00% | Loss: 0.0083
Placing Sensors
DQN loss 0.01145 | Q -1.9927 | tgt -1.9905 | eps 0.271 | replay 115067
[Episode 870/400] Steps:  76 | Reward:  -17.87 | Battery:   0.00% | Loss: 0.0115
Placing Sensors
DQN loss 0.00963 | Q -1.9850 | tgt -2.0048 | eps 0.271 | replay 115153
[Episode 871/400] Steps:  86 | Reward:  -17.75 | Battery:   0.00% | Loss: 0.0096
Placing Sensors
DQN loss 0.01724 | Q -2.0135 | tgt -1.9869 | eps 0.270 | replay 115241
[Episode 872/400] Steps:  88 | Reward:  -17.83 | Battery:   0.00% | Loss: 0.0172
Placing Sensors
DQN loss 0.01439 | Q -1.9947 | tgt -1.9749 | eps 0.266 | replay 115961
[Episode 873/400] Steps: 720 | Reward:   -8.43 | Battery:  63.01% | Loss: 0.0144
Placing Sensors
DQN loss 0.01763 | Q -1.9767 | tgt -1.9695 | eps 0.265 | replay 116029
[Episode 874/400] Steps:  68 | Reward:  -17.81 | Battery:   0.00% | Loss: 0.0176
Placing Sensors
DQN loss 0.01709 | Q -1.9955 | tgt -1.9793 | eps 0.265 | replay 116091
[Episode 875/400] Steps:  62 | Reward:  -17.69 | Battery:   0.00% | Loss: 0.0171
Placing Sensors
DQN loss 0.01156 | Q -2.0069 | tgt -1.9946 | eps 0.264 | replay 116181
[Episode 876/400] Steps:  90 | Reward:  -17.76 | Battery:   0.00% | Loss: 0.0116
Placing Sensors
DQN loss 0.02344 | Q -1.9806 | tgt -1.9639 | eps 0.264 | replay 116244
[Episode 877/400] Steps:  63 | Reward:  -18.18 | Battery:   0.00% | Loss: 0.0234
Placing Sensors
DQN loss 0.01630 | Q -2.0093 | tgt -2.0002 | eps 0.263 | replay 116337
[Episode 878/400] Steps:  93 | Reward:  -17.67 | Battery:   0.00% | Loss: 0.0163
Placing Sensors
DQN loss 0.00668 | Q -2.0110 | tgt -2.0105 | eps 0.263 | replay 116422
[Episode 879/400] Steps:  85 | Reward:  -17.83 | Battery:   0.00% | Loss: 0.0067
Placing Sensors
DQN loss 0.02264 | Q -1.9821 | tgt -1.9749 | eps 0.262 | replay 116505
[Episode 880/400] Steps:  83 | Reward:  -17.98 | Battery:   0.00% | Loss: 0.0226
Placing Sensors
DQN loss 0.00578 | Q -2.0084 | tgt -2.0102 | eps 0.262 | replay 116594
[Episode 881/400] Steps:  89 | Reward:  -17.70 | Battery:   0.00% | Loss: 0.0058
Placing Sensors
DQN loss 0.00061 | Q -1.9996 | tgt -2.0059 | eps 0.261 | replay 116680
[Episode 882/400] Steps:  86 | Reward:  -17.64 | Battery:   0.00% | Loss: 0.0006
Placing Sensors
DQN loss 0.01136 | Q -2.0078 | tgt -2.0007 | eps 0.261 | replay 116737
[Episode 883/400] Steps:  57 | Reward:  -18.06 | Battery:   0.00% | Loss: 0.0114
Placing Sensors
DQN loss 0.01902 | Q -2.0134 | tgt -1.9841 | eps 0.260 | replay 116821
[Episode 884/400] Steps:  84 | Reward:  -17.74 | Battery:   0.00% | Loss: 0.0190
Placing Sensors
DQN loss 0.00174 | Q -2.0193 | tgt -2.0168 | eps 0.260 | replay 116911
[Episode 885/400] Steps:  90 | Reward:  -17.96 | Battery:   0.00% | Loss: 0.0017
Placing Sensors
DQN loss 0.01613 | Q -1.9902 | tgt -1.9845 | eps 0.259 | replay 116994
[Episode 886/400] Steps:  83 | Reward:  -17.96 | Battery:   0.00% | Loss: 0.0161
Placing Sensors
DQN loss 0.00614 | Q -2.0102 | tgt -2.0033 | eps 0.259 | replay 117072
[Episode 887/400] Steps:  78 | Reward:  -17.84 | Battery:   0.00% | Loss: 0.0061
Placing Sensors
DQN loss 0.01205 | Q -2.0064 | tgt -1.9923 | eps 0.254 | replay 117792
[Episode 888/400] Steps: 720 | Reward:   -7.49 | Battery:  44.92% | Loss: 0.0120
Placing Sensors
DQN loss 0.02845 | Q -1.9991 | tgt -1.9648 | eps 0.253 | replay 117869
[Episode 889/400] Steps:  77 | Reward:  -17.84 | Battery:   0.00% | Loss: 0.0285
Placing Sensors
DQN loss 0.00606 | Q -2.0113 | tgt -2.0051 | eps 0.253 | replay 117944
[Episode 890/400] Steps:  75 | Reward:  -17.91 | Battery:   0.00% | Loss: 0.0061
Placing Sensors
DQN loss 0.02897 | Q -2.0084 | tgt -1.9680 | eps 0.252 | replay 118031
[Episode 891/400] Steps:  87 | Reward:  -17.78 | Battery:   0.00% | Loss: 0.0290
Placing Sensors
DQN loss 0.01751 | Q -1.9880 | tgt -1.9794 | eps 0.252 | replay 118103
[Episode 892/400] Steps:  72 | Reward:  -17.88 | Battery:   0.00% | Loss: 0.0175
Placing Sensors
DQN loss 0.01883 | Q -2.0033 | tgt -1.9859 | eps 0.252 | replay 118171
[Episode 893/400] Steps:  68 | Reward:  -17.89 | Battery:   0.00% | Loss: 0.0188
Placing Sensors
DQN loss 0.00679 | Q -2.0020 | tgt -2.0045 | eps 0.247 | replay 118891
[Episode 894/400] Steps: 720 | Reward:   -9.28 | Battery:  37.45% | Loss: 0.0068
Placing Sensors
DQN loss 0.02258 | Q -2.0087 | tgt -1.9856 | eps 0.246 | replay 118983
[Episode 895/400] Steps:  92 | Reward:  -17.84 | Battery:   0.00% | Loss: 0.0226
Placing Sensors
DQN loss 0.01253 | Q -1.9969 | tgt -1.9833 | eps 0.246 | replay 119089
[Episode 896/400] Steps: 106 | Reward:  -17.71 | Battery:   0.00% | Loss: 0.0125
Placing Sensors
DQN loss 0.01331 | Q -2.0027 | tgt -1.9952 | eps 0.245 | replay 119156
[Episode 897/400] Steps:  67 | Reward:  -17.74 | Battery:   0.00% | Loss: 0.0133
Placing Sensors
DQN loss 0.01099 | Q -2.0134 | tgt -1.9992 | eps 0.245 | replay 119247
[Episode 898/400] Steps:  91 | Reward:  -17.69 | Battery:   0.00% | Loss: 0.0110
Placing Sensors
DQN loss 0.00023 | Q -2.0140 | tgt -2.0129 | eps 0.244 | replay 119344
[Episode 899/400] Steps:  97 | Reward:  -17.76 | Battery:   0.00% | Loss: 0.0002
Placing Sensors
DQN loss 0.01171 | Q -1.9996 | tgt -1.9951 | eps 0.243 | replay 119456
[Episode 900/400] Steps: 112 | Reward:  -17.67 | Battery:   0.00% | Loss: 0.0117
Placing Sensors
DQN loss 0.01713 | Q -2.0082 | tgt -1.9916 | eps 0.243 | replay 119551
[Episode 901/400] Steps:  95 | Reward:  -17.64 | Battery:   0.00% | Loss: 0.0171
Placing Sensors
DQN loss 0.01174 | Q -2.0149 | tgt -2.0037 | eps 0.242 | replay 119751
[Episode 902/400] Steps: 200 | Reward:  -17.39 | Battery:   0.00% | Loss: 0.0117
Placing Sensors
DQN loss 0.00996 | Q -1.9956 | tgt -1.9932 | eps 0.241 | replay 119819
[Episode 903/400] Steps:  68 | Reward:  -17.75 | Battery:   0.00% | Loss: 0.0100
Placing Sensors
DQN loss 0.00062 | Q -2.0065 | tgt -2.0129 | eps 0.241 | replay 119914
[Episode 904/400] Steps:  95 | Reward:  -17.70 | Battery:   0.00% | Loss: 0.0006
Placing Sensors
DQN loss 0.00786 | Q -2.0095 | tgt -2.0018 | eps 0.240 | replay 120014
[Episode 905/400] Steps: 100 | Reward:  -17.83 | Battery:   0.00% | Loss: 0.0079
Placing Sensors
DQN loss 0.00062 | Q -1.9917 | tgt -2.0021 | eps 0.239 | replay 120115
[Episode 906/400] Steps: 101 | Reward:  -17.63 | Battery:   0.00% | Loss: 0.0006
Placing Sensors
DQN loss 0.00475 | Q -1.9958 | tgt -1.9916 | eps 0.239 | replay 120185
[Episode 907/400] Steps:  70 | Reward:  -17.79 | Battery:   0.00% | Loss: 0.0047
Placing Sensors
DQN loss 0.00634 | Q -2.0022 | tgt -2.0004 | eps 0.238 | replay 120259
[Episode 908/400] Steps:  74 | Reward:  -17.84 | Battery:   0.00% | Loss: 0.0063
Placing Sensors
DQN loss 0.01108 | Q -2.0004 | tgt -2.0082 | eps 0.238 | replay 120378
[Episode 909/400] Steps: 119 | Reward:  -17.87 | Battery:   0.00% | Loss: 0.0111
Placing Sensors
DQN loss 0.01700 | Q -2.0108 | tgt -1.9980 | eps 0.233 | replay 121098
[Episode 910/400] Steps: 720 | Reward:   -9.46 | Battery:  44.81% | Loss: 0.0170
Placing Sensors
DQN loss 0.01716 | Q -2.0007 | tgt -1.9909 | eps 0.232 | replay 121209
[Episode 911/400] Steps: 111 | Reward:  -17.57 | Battery:   0.00% | Loss: 0.0172
Placing Sensors
DQN loss 0.01121 | Q -2.0130 | tgt -2.0030 | eps 0.232 | replay 121293
[Episode 912/400] Steps:  84 | Reward:  -17.89 | Battery:   0.00% | Loss: 0.0112
Placing Sensors
DQN loss 0.02276 | Q -2.0052 | tgt -1.9779 | eps 0.231 | replay 121385
[Episode 913/400] Steps:  92 | Reward:  -17.86 | Battery:   0.00% | Loss: 0.0228
Placing Sensors
DQN loss 0.00605 | Q -2.0035 | tgt -2.0033 | eps 0.231 | replay 121453
[Episode 914/400] Steps:  68 | Reward:  -17.89 | Battery:   0.00% | Loss: 0.0061
Placing Sensors
DQN loss 0.00609 | Q -2.0040 | tgt -2.0079 | eps 0.230 | replay 121538
[Episode 915/400] Steps:  85 | Reward:  -17.72 | Battery:   0.00% | Loss: 0.0061
Placing Sensors
DQN loss 0.01709 | Q -2.0121 | tgt -1.9935 | eps 0.230 | replay 121646
[Episode 916/400] Steps: 108 | Reward:  -17.57 | Battery:   0.00% | Loss: 0.0171
Placing Sensors
DQN loss 0.00635 | Q -2.0152 | tgt -1.9998 | eps 0.229 | replay 121752
[Episode 917/400] Steps: 106 | Reward:  -17.76 | Battery:   0.00% | Loss: 0.0064
Placing Sensors
DQN loss 0.01184 | Q -1.9961 | tgt -1.9966 | eps 0.229 | replay 121815
[Episode 918/400] Steps:  63 | Reward:  -17.84 | Battery:   0.00% | Loss: 0.0118
Placing Sensors
DQN loss 0.01726 | Q -2.0095 | tgt -1.9853 | eps 0.228 | replay 121899
[Episode 919/400] Steps:  84 | Reward:  -17.95 | Battery:   0.00% | Loss: 0.0173
Placing Sensors
DQN loss 0.01681 | Q -2.0111 | tgt -1.9963 | eps 0.228 | replay 121967
[Episode 920/400] Steps:  68 | Reward:  -17.92 | Battery:   0.00% | Loss: 0.0168
Placing Sensors
DQN loss 0.01889 | Q -1.9914 | tgt -1.9825 | eps 0.227 | replay 122067
[Episode 921/400] Steps: 100 | Reward:  -17.73 | Battery:   0.00% | Loss: 0.0189
Placing Sensors
DQN loss 0.02312 | Q -2.0130 | tgt -1.9871 | eps 0.226 | replay 122196
[Episode 922/400] Steps: 129 | Reward:  -17.58 | Battery:   0.00% | Loss: 0.0231
Placing Sensors
DQN loss 0.02074 | Q -2.0033 | tgt -1.9878 | eps 0.226 | replay 122270
[Episode 923/400] Steps:  74 | Reward:  -18.09 | Battery:   0.00% | Loss: 0.0207
Placing Sensors
DQN loss 0.00425 | Q -1.9887 | tgt -2.0104 | eps 0.225 | replay 122336
[Episode 924/400] Steps:  66 | Reward:  -18.13 | Battery:   0.00% | Loss: 0.0043
Placing Sensors
DQN loss 0.01176 | Q -2.0028 | tgt -2.0016 | eps 0.225 | replay 122419
[Episode 925/400] Steps:  83 | Reward:  -17.76 | Battery:   0.00% | Loss: 0.0118
Placing Sensors
DQN loss 0.01184 | Q -2.0101 | tgt -1.9968 | eps 0.224 | replay 122503
[Episode 926/400] Steps:  84 | Reward:  -17.72 | Battery:   0.00% | Loss: 0.0118
Placing Sensors
DQN loss 0.00599 | Q -2.0068 | tgt -2.0050 | eps 0.224 | replay 122566
[Episode 927/400] Steps:  63 | Reward:  -17.84 | Battery:   0.00% | Loss: 0.0060
Placing Sensors
DQN loss 0.00551 | Q -1.9945 | tgt -1.9990 | eps 0.219 | replay 123286
[Episode 928/400] Steps: 720 | Reward:   -7.77 | Battery:  52.57% | Loss: 0.0055
Placing Sensors
DQN loss 0.01165 | Q -1.9889 | tgt -1.9737 | eps 0.219 | replay 123376
[Episode 929/400] Steps:  90 | Reward:  -17.73 | Battery:   0.00% | Loss: 0.0116
Placing Sensors
DQN loss 0.01212 | Q -1.9714 | tgt -1.9680 | eps 0.218 | replay 123444
[Episode 930/400] Steps:  68 | Reward:  -17.70 | Battery:   0.00% | Loss: 0.0121
Placing Sensors
DQN loss 0.00577 | Q -1.9915 | tgt -1.9914 | eps 0.217 | replay 123599
[Episode 931/400] Steps: 155 | Reward:  -17.39 | Battery:   0.00% | Loss: 0.0058
Placing Sensors
DQN loss 0.00605 | Q -1.9987 | tgt -1.9907 | eps 0.217 | replay 123694
[Episode 932/400] Steps:  95 | Reward:  -17.70 | Battery:   0.00% | Loss: 0.0061
Placing Sensors
DQN loss 0.00988 | Q -1.9985 | tgt -1.9898 | eps 0.216 | replay 123771
[Episode 933/400] Steps:  77 | Reward:  -17.84 | Battery:   0.00% | Loss: 0.0099
Placing Sensors
DQN loss 0.00610 | Q -2.0039 | tgt -2.0025 | eps 0.216 | replay 123865
[Episode 934/400] Steps:  94 | Reward:  -17.70 | Battery:   0.00% | Loss: 0.0061
Placing Sensors
DQN loss 0.01317 | Q -1.9764 | tgt -1.9815 | eps 0.215 | replay 123959
[Episode 935/400] Steps:  94 | Reward:  -17.77 | Battery:   0.00% | Loss: 0.0132
Placing Sensors
DQN loss 0.02241 | Q -2.0009 | tgt -1.9737 | eps 0.214 | replay 124033
[Episode 936/400] Steps:  74 | Reward:  -17.91 | Battery:   0.00% | Loss: 0.0224
Placing Sensors
DQN loss 0.02259 | Q -1.9786 | tgt -1.9611 | eps 0.210 | replay 124753
[Episode 937/400] Steps: 720 | Reward:   -8.88 | Battery:  48.11% | Loss: 0.0226
Placing Sensors
DQN loss 0.00586 | Q -2.0012 | tgt -1.9989 | eps 0.209 | replay 124844
[Episode 938/400] Steps:  91 | Reward:  -17.60 | Battery:   0.00% | Loss: 0.0059
Placing Sensors
DQN loss 0.00651 | Q -2.0015 | tgt -1.9972 | eps 0.209 | replay 124916
[Episode 939/400] Steps:  72 | Reward:  -17.69 | Battery:   0.00% | Loss: 0.0065
Placing Sensors
DQN loss 0.01703 | Q -2.0041 | tgt -1.9882 | eps 0.204 | replay 125636
[Episode 940/400] Steps: 720 | Reward:  -10.86 | Battery:  20.60% | Loss: 0.0170
Placing Sensors
DQN loss 0.00057 | Q -2.0000 | tgt -2.0089 | eps 0.204 | replay 125710
[Episode 941/400] Steps:  74 | Reward:  -17.79 | Battery:   0.00% | Loss: 0.0006
Placing Sensors
DQN loss 0.01170 | Q -2.0007 | tgt -1.9930 | eps 0.203 | replay 125785
[Episode 942/400] Steps:  75 | Reward:  -17.86 | Battery:   0.00% | Loss: 0.0117
Placing Sensors
DQN loss 0.00738 | Q -1.9949 | tgt -1.9982 | eps 0.203 | replay 125857
[Episode 943/400] Steps:  72 | Reward:  -17.76 | Battery:   0.00% | Loss: 0.0074
Placing Sensors
DQN loss 0.01055 | Q -2.0045 | tgt -1.9865 | eps 0.202 | replay 126012
[Episode 944/400] Steps: 155 | Reward:  -17.40 | Battery:   0.00% | Loss: 0.0105
Placing Sensors
DQN loss 0.01822 | Q -1.9853 | tgt -1.9789 | eps 0.197 | replay 126732
[Episode 945/400] Steps: 720 | Reward:   -8.39 | Battery:  64.66% | Loss: 0.0182
Placing Sensors
DQN loss 0.01132 | Q -2.0010 | tgt -1.9854 | eps 0.197 | replay 126814
[Episode 946/400] Steps:  82 | Reward:  -17.80 | Battery:   0.00% | Loss: 0.0113
Placing Sensors
DQN loss 0.02232 | Q -1.9825 | tgt -1.9642 | eps 0.196 | replay 126902
[Episode 947/400] Steps:  88 | Reward:  -17.65 | Battery:   0.00% | Loss: 0.0223
Placing Sensors
DQN loss 0.02284 | Q -2.0001 | tgt -1.9732 | eps 0.196 | replay 126978
[Episode 948/400] Steps:  76 | Reward:  -17.76 | Battery:   0.00% | Loss: 0.0228
Placing Sensors
DQN loss 0.01860 | Q -1.9752 | tgt -1.9689 | eps 0.195 | replay 127181
[Episode 949/400] Steps: 203 | Reward:  -17.29 | Battery:   0.00% | Loss: 0.0186
Placing Sensors
DQN loss 0.00620 | Q -1.9997 | tgt -1.9912 | eps 0.194 | replay 127276
[Episode 950/400] Steps:  95 | Reward:  -17.70 | Battery:   0.00% | Loss: 0.0062
Placing Sensors
DQN loss 0.00520 | Q -1.9977 | tgt -2.0003 | eps 0.193 | replay 127372
[Episode 951/400] Steps:  96 | Reward:  -17.59 | Battery:   0.00% | Loss: 0.0052
Placing Sensors
DQN loss 0.00571 | Q -1.9904 | tgt -1.9957 | eps 0.193 | replay 127492
[Episode 952/400] Steps: 120 | Reward:  -17.30 | Battery:   0.00% | Loss: 0.0057
Placing Sensors
DQN loss 0.01149 | Q -1.9984 | tgt -1.9844 | eps 0.192 | replay 127567
[Episode 953/400] Steps:  75 | Reward:  -17.71 | Battery:   0.00% | Loss: 0.0115
Placing Sensors
DQN loss 0.00020 | Q -2.0070 | tgt -2.0057 | eps 0.192 | replay 127652
[Episode 954/400] Steps:  85 | Reward:  -17.86 | Battery:   0.00% | Loss: 0.0002
Placing Sensors
DQN loss 0.00023 | Q -1.9987 | tgt -2.0041 | eps 0.191 | replay 127747
[Episode 955/400] Steps:  95 | Reward:  -17.76 | Battery:   0.00% | Loss: 0.0002
Placing Sensors
DQN loss 0.00570 | Q -1.9976 | tgt -1.9956 | eps 0.190 | replay 127818
[Episode 956/400] Steps:  71 | Reward:  -17.71 | Battery:   0.00% | Loss: 0.0057
Placing Sensors
DQN loss 0.01849 | Q -1.9984 | tgt -1.9707 | eps 0.190 | replay 127923
[Episode 957/400] Steps: 105 | Reward:  -17.56 | Battery:   0.00% | Loss: 0.0185
Placing Sensors
DQN loss 0.00583 | Q -1.9834 | tgt -1.9870 | eps 0.189 | replay 128018
[Episode 958/400] Steps:  95 | Reward:  -17.50 | Battery:   0.00% | Loss: 0.0058
Placing Sensors
DQN loss 0.01649 | Q -1.9892 | tgt -1.9728 | eps 0.189 | replay 128087
[Episode 959/400] Steps:  69 | Reward:  -17.76 | Battery:   0.00% | Loss: 0.0165
Placing Sensors
DQN loss 0.00744 | Q -1.9891 | tgt -1.9919 | eps 0.188 | replay 128151
[Episode 960/400] Steps:  64 | Reward:  -17.84 | Battery:   0.00% | Loss: 0.0074
Placing Sensors
DQN loss 0.00106 | Q -1.9859 | tgt -1.9934 | eps 0.188 | replay 128248
[Episode 961/400] Steps:  97 | Reward:  -17.75 | Battery:   0.00% | Loss: 0.0011
Placing Sensors
DQN loss 0.00581 | Q -2.0018 | tgt -1.9974 | eps 0.187 | replay 128364
[Episode 962/400] Steps: 116 | Reward:  -17.59 | Battery:   0.00% | Loss: 0.0058
Placing Sensors
DQN loss 0.01133 | Q -1.9819 | tgt -1.9843 | eps 0.187 | replay 128443
[Episode 963/400] Steps:  79 | Reward:  -17.64 | Battery:   0.00% | Loss: 0.0113
Placing Sensors
DQN loss 0.00588 | Q -1.9945 | tgt -1.9952 | eps 0.182 | replay 129163
[Episode 964/400] Steps: 720 | Reward:  -11.46 | Battery:  21.11% | Loss: 0.0059
Placing Sensors
DQN loss 0.02712 | Q -1.9877 | tgt -1.9600 | eps 0.181 | replay 129271
[Episode 965/400] Steps: 108 | Reward:  -17.72 | Battery:   0.00% | Loss: 0.0271
Placing Sensors
DQN loss 0.00756 | Q -1.9962 | tgt -1.9923 | eps 0.181 | replay 129357
[Episode 966/400] Steps:  86 | Reward:  -17.64 | Battery:   0.00% | Loss: 0.0076
Placing Sensors
DQN loss 0.00032 | Q -1.9819 | tgt -1.9988 | eps 0.180 | replay 129419
[Episode 967/400] Steps:  62 | Reward:  -17.89 | Battery:   0.00% | Loss: 0.0003
Placing Sensors
DQN loss 0.00092 | Q -1.9944 | tgt -2.0056 | eps 0.180 | replay 129519
[Episode 968/400] Steps: 100 | Reward:  -17.67 | Battery:   0.00% | Loss: 0.0009
Placing Sensors
DQN loss 0.00136 | Q -1.9803 | tgt -1.9981 | eps 0.179 | replay 129605
[Episode 969/400] Steps:  86 | Reward:  -17.74 | Battery:   0.00% | Loss: 0.0014
Placing Sensors
DQN loss 0.01175 | Q -2.0048 | tgt -1.9910 | eps 0.178 | replay 129766
[Episode 970/400] Steps: 161 | Reward:  -17.60 | Battery:   0.00% | Loss: 0.0117
Placing Sensors
DQN loss 0.00606 | Q -1.9861 | tgt -1.9960 | eps 0.178 | replay 129868
[Episode 971/400] Steps: 102 | Reward:  -17.63 | Battery:   0.00% | Loss: 0.0061
Placing Sensors
DQN loss 0.01992 | Q -1.9794 | tgt -1.9725 | eps 0.177 | replay 129944
[Episode 972/400] Steps:  76 | Reward:  -17.60 | Battery:   0.00% | Loss: 0.0199
Placing Sensors
DQN loss 0.00615 | Q -2.0081 | tgt -2.0014 | eps 0.176 | replay 130033
[Episode 973/400] Steps:  89 | Reward:  -17.81 | Battery:   0.00% | Loss: 0.0061
Placing Sensors
DQN loss 0.00027 | Q -1.9791 | tgt -1.9864 | eps 0.176 | replay 130102
[Episode 974/400] Steps:  69 | Reward:  -17.86 | Battery:   0.00% | Loss: 0.0003
Placing Sensors
DQN loss 0.00579 | Q -1.9965 | tgt -1.9952 | eps 0.176 | replay 130166
[Episode 975/400] Steps:  64 | Reward:  -17.73 | Battery:   0.00% | Loss: 0.0058
Placing Sensors
DQN loss 0.00569 | Q -2.0055 | tgt -1.9991 | eps 0.171 | replay 130886
[Episode 976/400] Steps: 720 | Reward:   -8.94 | Battery:  26.35% | Loss: 0.0057
Placing Sensors
DQN loss 0.01701 | Q -1.9861 | tgt -1.9827 | eps 0.170 | replay 130989
[Episode 977/400] Steps: 103 | Reward:  -17.67 | Battery:   0.00% | Loss: 0.0170
Placing Sensors
DQN loss 0.00055 | Q -1.9883 | tgt -1.9935 | eps 0.170 | replay 131095
[Episode 978/400] Steps: 106 | Reward:  -17.57 | Battery:   0.00% | Loss: 0.0005
Placing Sensors
DQN loss 0.01416 | Q -1.9521 | tgt -1.9489 | eps 0.169 | replay 131185
[Episode 979/400] Steps:  90 | Reward:  -17.56 | Battery:   0.00% | Loss: 0.0142
Placing Sensors
DQN loss 0.00581 | Q -1.9632 | tgt -1.9609 | eps 0.168 | replay 131291
[Episode 980/400] Steps: 106 | Reward:  -17.68 | Battery:   0.00% | Loss: 0.0058
Placing Sensors
DQN loss 0.01172 | Q -1.9682 | tgt -1.9571 | eps 0.168 | replay 131384
[Episode 981/400] Steps:  93 | Reward:  -17.82 | Battery:   0.00% | Loss: 0.0117
Placing Sensors
DQN loss 0.00614 | Q -1.9686 | tgt -1.9701 | eps 0.167 | replay 131486
[Episode 982/400] Steps: 102 | Reward:  -17.67 | Battery:   0.00% | Loss: 0.0061
Placing Sensors
DQN loss 0.00274 | Q -1.9784 | tgt -1.9777 | eps 0.167 | replay 131573
[Episode 983/400] Steps:  87 | Reward:  -17.96 | Battery:   0.00% | Loss: 0.0027
Placing Sensors
DQN loss 0.00044 | Q -1.9714 | tgt -1.9763 | eps 0.162 | replay 132293
[Episode 984/400] Steps: 720 | Reward:   -8.35 | Battery:  31.30% | Loss: 0.0004
Placing Sensors
DQN loss 0.01105 | Q -1.9731 | tgt -1.9548 | eps 0.162 | replay 132392
[Episode 985/400] Steps:  99 | Reward:  -17.74 | Battery:   0.00% | Loss: 0.0110
Placing Sensors
DQN loss 0.00046 | Q -1.9500 | tgt -1.9674 | eps 0.161 | replay 132471
[Episode 986/400] Steps:  79 | Reward:  -17.70 | Battery:   0.00% | Loss: 0.0005
Placing Sensors
DQN loss 0.02231 | Q -1.9851 | tgt -1.9463 | eps 0.161 | replay 132538
[Episode 987/400] Steps:  67 | Reward:  -17.85 | Battery:   0.00% | Loss: 0.0223
Placing Sensors
DQN loss 0.00589 | Q -1.9429 | tgt -1.9499 | eps 0.160 | replay 132625
[Episode 988/400] Steps:  87 | Reward:  -17.47 | Battery:   0.00% | Loss: 0.0059
Placing Sensors
DQN loss 0.01115 | Q -1.9627 | tgt -1.9545 | eps 0.160 | replay 132708
[Episode 989/400] Steps:  83 | Reward:  -17.76 | Battery:   0.00% | Loss: 0.0111
Placing Sensors
DQN loss 0.00640 | Q -1.9681 | tgt -1.9634 | eps 0.159 | replay 132776
[Episode 990/400] Steps:  68 | Reward:  -17.76 | Battery:   0.00% | Loss: 0.0064
Placing Sensors
DQN loss 0.00561 | Q -1.9447 | tgt -1.9571 | eps 0.155 | replay 133496
[Episode 991/400] Steps: 720 | Reward:   -7.89 | Battery:  61.62% | Loss: 0.0056
Placing Sensors
DQN loss 0.01110 | Q -1.9711 | tgt -1.9617 | eps 0.154 | replay 133583
[Episode 992/400] Steps:  87 | Reward:  -17.69 | Battery:   0.00% | Loss: 0.0111
Placing Sensors
DQN loss 0.01709 | Q -1.9802 | tgt -1.9609 | eps 0.153 | replay 133693
[Episode 993/400] Steps: 110 | Reward:  -17.61 | Battery:   0.00% | Loss: 0.0171
Placing Sensors
DQN loss 0.00021 | Q -1.9686 | tgt -1.9756 | eps 0.153 | replay 133794
[Episode 994/400] Steps: 101 | Reward:  -17.74 | Battery:   0.00% | Loss: 0.0002
Placing Sensors
DQN loss 0.00567 | Q -1.9740 | tgt -1.9727 | eps 0.152 | replay 133879
[Episode 995/400] Steps:  85 | Reward:  -17.74 | Battery:   0.00% | Loss: 0.0057
Placing Sensors
DQN loss 0.01148 | Q -1.9691 | tgt -1.9644 | eps 0.151 | replay 133995
[Episode 996/400] Steps: 116 | Reward:  -17.43 | Battery:   0.00% | Loss: 0.0115
Placing Sensors
DQN loss 0.01017 | Q -1.9553 | tgt -1.9542 | eps 0.151 | replay 134078
[Episode 997/400] Steps:  83 | Reward:  -17.78 | Battery:   0.00% | Loss: 0.0102
Placing Sensors
DQN loss 0.01154 | Q -1.9578 | tgt -1.9635 | eps 0.150 | replay 134176
[Episode 998/400] Steps:  98 | Reward:  -17.75 | Battery:   0.00% | Loss: 0.0115
Placing Sensors
DQN loss 0.03032 | Q -1.9739 | tgt -1.9418 | eps 0.150 | replay 134276
[Episode 999/400] Steps: 100 | Reward:  -17.85 | Battery:   0.00% | Loss: 0.0303
Placing Sensors
DQN loss 0.00055 | Q -1.9720 | tgt -1.9681 | eps 0.149 | replay 134364
[Episode 1000/400] Steps:  88 | Reward:  -17.49 | Battery:   0.00% | Loss: 0.0005
Placing Sensors
DQN loss 0.01760 | Q -1.9597 | tgt -1.9529 | eps 0.148 | replay 134461
[Episode 1001/400] Steps:  97 | Reward:  -17.63 | Battery:   0.00% | Loss: 0.0176
Placing Sensors
DQN loss 0.01359 | Q -1.9612 | tgt -1.9494 | eps 0.148 | replay 134533
[Episode 1002/400] Steps:  72 | Reward:  -17.88 | Battery:   0.00% | Loss: 0.0136
Placing Sensors
DQN loss 0.01689 | Q -1.9763 | tgt -1.9567 | eps 0.147 | replay 134620
[Episode 1003/400] Steps:  87 | Reward:  -17.98 | Battery:   0.00% | Loss: 0.0169
Placing Sensors
DQN loss 0.01170 | Q -1.9688 | tgt -1.9559 | eps 0.143 | replay 135340
[Episode 1004/400] Steps: 720 | Reward:  -10.29 | Battery:  20.68% | Loss: 0.0117
Placing Sensors
DQN loss 0.00443 | Q -1.9675 | tgt -1.9716 | eps 0.142 | replay 135444
[Episode 1005/400] Steps: 104 | Reward:  -17.64 | Battery:   0.00% | Loss: 0.0044
Placing Sensors
DQN loss 0.00629 | Q -1.9547 | tgt -1.9729 | eps 0.142 | replay 135530
[Episode 1006/400] Steps:  86 | Reward:  -17.74 | Battery:   0.00% | Loss: 0.0063
Placing Sensors
DQN loss 0.01134 | Q -1.9653 | tgt -1.9505 | eps 0.141 | replay 135625
[Episode 1007/400] Steps:  95 | Reward:  -17.84 | Battery:   0.00% | Loss: 0.0113
Placing Sensors
DQN loss 0.01670 | Q -1.9706 | tgt -1.9600 | eps 0.141 | replay 135700
[Episode 1008/400] Steps:  75 | Reward:  -17.76 | Battery:   0.00% | Loss: 0.0167
Placing Sensors
DQN loss 0.00563 | Q -1.9616 | tgt -1.9722 | eps 0.140 | replay 135803
[Episode 1009/400] Steps: 103 | Reward:  -17.64 | Battery:   0.00% | Loss: 0.0056
Placing Sensors
DQN loss 0.01124 | Q -1.9736 | tgt -1.9596 | eps 0.139 | replay 135885
[Episode 1010/400] Steps:  82 | Reward:  -17.77 | Battery:   0.00% | Loss: 0.0112
Placing Sensors
DQN loss 0.00106 | Q -1.9595 | tgt -1.9704 | eps 0.139 | replay 135939
[Episode 1011/400] Steps:  54 | Reward:  -17.91 | Battery:   0.00% | Loss: 0.0011
Placing Sensors
DQN loss 0.01084 | Q -1.9724 | tgt -1.9583 | eps 0.138 | replay 136038
[Episode 1012/400] Steps:  99 | Reward:  -17.71 | Battery:   0.00% | Loss: 0.0108
Placing Sensors
DQN loss 0.00590 | Q -1.9779 | tgt -1.9764 | eps 0.138 | replay 136127
[Episode 1013/400] Steps:  89 | Reward:  -17.87 | Battery:   0.00% | Loss: 0.0059
Placing Sensors
DQN loss 0.01054 | Q -1.9728 | tgt -1.9587 | eps 0.137 | replay 136262
[Episode 1014/400] Steps: 135 | Reward:  -17.35 | Battery:   0.00% | Loss: 0.0105
Placing Sensors
DQN loss 0.00661 | Q -1.9451 | tgt -1.9464 | eps 0.137 | replay 136330
[Episode 1015/400] Steps:  68 | Reward:  -17.86 | Battery:   0.00% | Loss: 0.0066
Placing Sensors
DQN loss 0.00586 | Q -1.9564 | tgt -1.9602 | eps 0.136 | replay 136387
[Episode 1016/400] Steps:  57 | Reward:  -17.87 | Battery:   0.00% | Loss: 0.0059
Placing Sensors
DQN loss 0.01181 | Q -1.9691 | tgt -1.9642 | eps 0.132 | replay 137107
[Episode 1017/400] Steps: 720 | Reward:   -7.03 | Battery:  46.45% | Loss: 0.0118
Placing Sensors
DQN loss 0.00575 | Q -1.9709 | tgt -1.9766 | eps 0.131 | replay 137192
[Episode 1018/400] Steps:  85 | Reward:  -17.59 | Battery:   0.00% | Loss: 0.0057
Placing Sensors
DQN loss 0.02434 | Q -1.9625 | tgt -1.9375 | eps 0.131 | replay 137289
[Episode 1019/400] Steps:  97 | Reward:  -17.62 | Battery:   0.00% | Loss: 0.0243
Placing Sensors
DQN loss 0.00024 | Q -1.9585 | tgt -1.9686 | eps 0.130 | replay 137392
[Episode 1020/400] Steps: 103 | Reward:  -17.72 | Battery:   0.00% | Loss: 0.0002
Placing Sensors
DQN loss 0.00558 | Q -1.9626 | tgt -1.9610 | eps 0.129 | replay 137476
[Episode 1021/400] Steps:  84 | Reward:  -17.69 | Battery:   0.00% | Loss: 0.0056
Placing Sensors
DQN loss 0.00567 | Q -1.9697 | tgt -1.9691 | eps 0.129 | replay 137551
[Episode 1022/400] Steps:  75 | Reward:  -17.61 | Battery:   0.00% | Loss: 0.0057
Placing Sensors
DQN loss 0.00029 | Q -1.9717 | tgt -1.9690 | eps 0.128 | replay 137661
[Episode 1023/400] Steps: 110 | Reward:  -17.63 | Battery:   0.00% | Loss: 0.0003
Placing Sensors
DQN loss 0.00541 | Q -1.9822 | tgt -1.9713 | eps 0.128 | replay 137743
[Episode 1024/400] Steps:  82 | Reward:  -17.76 | Battery:   0.00% | Loss: 0.0054
Placing Sensors
DQN loss 0.01151 | Q -1.9729 | tgt -1.9713 | eps 0.127 | replay 137824
[Episode 1025/400] Steps:  81 | Reward:  -17.86 | Battery:   0.00% | Loss: 0.0115
Placing Sensors
DQN loss 0.00594 | Q -1.9732 | tgt -1.9760 | eps 0.123 | replay 138544
[Episode 1026/400] Steps: 720 | Reward:   -9.20 | Battery:  41.03% | Loss: 0.0059
Placing Sensors
DQN loss 0.01664 | Q -1.9806 | tgt -1.9566 | eps 0.122 | replay 138613
[Episode 1027/400] Steps:  69 | Reward:  -17.96 | Battery:   0.00% | Loss: 0.0166
Placing Sensors
DQN loss 0.01076 | Q -1.9680 | tgt -1.9574 | eps 0.122 | replay 138690
[Episode 1028/400] Steps:  77 | Reward:  -17.79 | Battery:   0.00% | Loss: 0.0108
Placing Sensors
DQN loss 0.01095 | Q -1.9732 | tgt -1.9709 | eps 0.121 | replay 138802
[Episode 1029/400] Steps: 112 | Reward:  -17.59 | Battery:   0.00% | Loss: 0.0109
Placing Sensors
DQN loss 0.00066 | Q -1.9845 | tgt -1.9834 | eps 0.120 | replay 138902
[Episode 1030/400] Steps: 100 | Reward:  -17.83 | Battery:   0.00% | Loss: 0.0007
Placing Sensors
DQN loss 0.01613 | Q -1.9468 | tgt -1.9374 | eps 0.116 | replay 139622
[Episode 1031/400] Steps: 720 | Reward:   -7.95 | Battery:  39.51% | Loss: 0.0161
Placing Sensors
DQN loss 0.00083 | Q -1.9498 | tgt -1.9605 | eps 0.115 | replay 139695
[Episode 1032/400] Steps:  73 | Reward:  -17.63 | Battery:   0.00% | Loss: 0.0008
Placing Sensors
DQN loss 0.00549 | Q -1.9535 | tgt -1.9502 | eps 0.115 | replay 139781
[Episode 1033/400] Steps:  86 | Reward:  -17.79 | Battery:   0.00% | Loss: 0.0055
Placing Sensors
DQN loss 0.01759 | Q -1.9460 | tgt -1.9274 | eps 0.110 | replay 140501
[Episode 1034/400] Steps: 720 | Reward:   -5.69 | Battery:  87.93% | Loss: 0.0176
Placing Sensors
DQN loss 0.01103 | Q -1.9461 | tgt -1.9385 | eps 0.110 | replay 140569
[Episode 1035/400] Steps:  68 | Reward:  -17.68 | Battery:   0.00% | Loss: 0.0110
Placing Sensors
DQN loss 0.01672 | Q -1.9520 | tgt -1.9352 | eps 0.109 | replay 140676
[Episode 1036/400] Steps: 107 | Reward:  -17.59 | Battery:   0.00% | Loss: 0.0167
Placing Sensors
DQN loss 0.01094 | Q -1.9536 | tgt -1.9396 | eps 0.108 | replay 140764
[Episode 1037/400] Steps:  88 | Reward:  -17.63 | Battery:   0.00% | Loss: 0.0109
Placing Sensors
DQN loss 0.01669 | Q -1.9511 | tgt -1.9302 | eps 0.108 | replay 140868
[Episode 1038/400] Steps: 104 | Reward:  -17.65 | Battery:   0.00% | Loss: 0.0167
Placing Sensors
DQN loss 0.00037 | Q -1.9445 | tgt -1.9578 | eps 0.107 | replay 140944
[Episode 1039/400] Steps:  76 | Reward:  -17.71 | Battery:   0.00% | Loss: 0.0004
Placing Sensors
DQN loss 0.01107 | Q -1.9521 | tgt -1.9438 | eps 0.106 | replay 141089
[Episode 1040/400] Steps: 145 | Reward:  -17.62 | Battery:   0.00% | Loss: 0.0111
Placing Sensors
DQN loss 0.01116 | Q -1.9544 | tgt -1.9444 | eps 0.105 | replay 141244
[Episode 1041/400] Steps: 155 | Reward:  -17.37 | Battery:   0.00% | Loss: 0.0112
Placing Sensors
DQN loss 0.01089 | Q -1.9596 | tgt -1.9498 | eps 0.105 | replay 141324
[Episode 1042/400] Steps:  80 | Reward:  -17.70 | Battery:   0.00% | Loss: 0.0109
Placing Sensors
DQN loss 0.01650 | Q -1.9666 | tgt -1.9449 | eps 0.104 | replay 141449
[Episode 1043/400] Steps: 125 | Reward:  -17.67 | Battery:   0.00% | Loss: 0.0165
Placing Sensors
DQN loss 0.00555 | Q -1.9511 | tgt -1.9541 | eps 0.103 | replay 141556
[Episode 1044/400] Steps: 107 | Reward:  -17.52 | Battery:   0.00% | Loss: 0.0055
Placing Sensors
DQN loss 0.00025 | Q -1.9480 | tgt -1.9588 | eps 0.102 | replay 141788
[Episode 1045/400] Steps: 232 | Reward:  -16.54 | Battery:   0.00% | Loss: 0.0003
Placing Sensors
DQN loss 0.01072 | Q -1.9442 | tgt -1.9443 | eps 0.102 | replay 141866
[Episode 1046/400] Steps:  78 | Reward:  -17.75 | Battery:   0.00% | Loss: 0.0107
Placing Sensors
DQN loss 0.00575 | Q -1.9604 | tgt -1.9590 | eps 0.101 | replay 141933
[Episode 1047/400] Steps:  67 | Reward:  -17.86 | Battery:   0.00% | Loss: 0.0057
Placing Sensors
DQN loss 0.01092 | Q -1.9586 | tgt -1.9444 | eps 0.101 | replay 142025
[Episode 1048/400] Steps:  92 | Reward:  -17.52 | Battery:   0.00% | Loss: 0.0109
Placing Sensors
DQN loss 0.01118 | Q -1.9500 | tgt -1.9437 | eps 0.100 | replay 142114
[Episode 1049/400] Steps:  89 | Reward:  -17.55 | Battery:   0.00% | Loss: 0.0112
Placing Sensors
DQN loss 0.00012 | Q -1.9547 | tgt -1.9578 | eps 0.099 | replay 142216
[Episode 1050/400] Steps: 102 | Reward:  -17.67 | Battery:   0.00% | Loss: 0.0001
Placing Sensors
DQN loss 0.00566 | Q -1.9495 | tgt -1.9493 | eps 0.099 | replay 142306
[Episode 1051/400] Steps:  90 | Reward:  -17.58 | Battery:   0.00% | Loss: 0.0057
Placing Sensors
DQN loss 0.00555 | Q -1.9468 | tgt -1.9442 | eps 0.098 | replay 142370
[Episode 1052/400] Steps:  64 | Reward:  -17.95 | Battery:   0.00% | Loss: 0.0055
Placing Sensors
DQN loss 0.00411 | Q -1.9457 | tgt -1.9488 | eps 0.098 | replay 142427
[Episode 1053/400] Steps:  57 | Reward:  -17.90 | Battery:   0.00% | Loss: 0.0041
Placing Sensors
DQN loss 0.01060 | Q -1.9477 | tgt -1.9452 | eps 0.097 | replay 142503
[Episode 1054/400] Steps:  76 | Reward:  -17.68 | Battery:   0.00% | Loss: 0.0106
Placing Sensors
DQN loss 0.02513 | Q -1.9625 | tgt -1.9304 | eps 0.097 | replay 142614
[Episode 1055/400] Steps: 111 | Reward:  -17.58 | Battery:   0.00% | Loss: 0.0251
Placing Sensors
DQN loss 0.01510 | Q -1.9385 | tgt -1.9283 | eps 0.096 | replay 142711
[Episode 1056/400] Steps:  97 | Reward:  -17.47 | Battery:   0.00% | Loss: 0.0151
Placing Sensors
DQN loss 0.01765 | Q -1.9450 | tgt -1.9218 | eps 0.096 | replay 142800
[Episode 1057/400] Steps:  89 | Reward:  -17.69 | Battery:   0.00% | Loss: 0.0177
Placing Sensors
DQN loss 0.01652 | Q -1.9522 | tgt -1.9356 | eps 0.095 | replay 142902
[Episode 1058/400] Steps: 102 | Reward:  -17.46 | Battery:   0.00% | Loss: 0.0165
Placing Sensors
DQN loss 0.00910 | Q -1.9410 | tgt -1.9390 | eps 0.094 | replay 142978
[Episode 1059/400] Steps:  76 | Reward:  -17.80 | Battery:   0.00% | Loss: 0.0091
Placing Sensors
DQN loss 0.01152 | Q -1.9530 | tgt -1.9423 | eps 0.094 | replay 143068
[Episode 1060/400] Steps:  90 | Reward:  -17.66 | Battery:   0.00% | Loss: 0.0115
Placing Sensors
DQN loss 0.01102 | Q -1.9567 | tgt -1.9426 | eps 0.089 | replay 143788
[Episode 1061/400] Steps: 720 | Reward:   -9.18 | Battery:  71.55% | Loss: 0.0110
Placing Sensors
DQN loss 0.00732 | Q -1.9357 | tgt -1.9433 | eps 0.089 | replay 143888
[Episode 1062/400] Steps: 100 | Reward:  -17.73 | Battery:   0.00% | Loss: 0.0073
Placing Sensors
DQN loss 0.00569 | Q -1.9659 | tgt -1.9608 | eps 0.088 | replay 143979
[Episode 1063/400] Steps:  91 | Reward:  -17.68 | Battery:   0.00% | Loss: 0.0057
Placing Sensors
DQN loss 0.01084 | Q -1.9536 | tgt -1.9445 | eps 0.088 | replay 144048
[Episode 1064/400] Steps:  69 | Reward:  -17.78 | Battery:   0.00% | Loss: 0.0108
Placing Sensors
DQN loss 0.00019 | Q -1.9596 | tgt -1.9649 | eps 0.083 | replay 144768
[Episode 1065/400] Steps: 720 | Reward:   -8.86 | Battery:  51.07% | Loss: 0.0002
Placing Sensors
DQN loss 0.00661 | Q -1.9475 | tgt -1.9459 | eps 0.082 | replay 144881
[Episode 1066/400] Steps: 113 | Reward:  -17.37 | Battery:   0.00% | Loss: 0.0066
Placing Sensors
DQN loss 0.02197 | Q -1.9443 | tgt -1.9264 | eps 0.081 | replay 145030
[Episode 1067/400] Steps: 149 | Reward:  -17.70 | Battery:   0.00% | Loss: 0.0220
Placing Sensors
DQN loss 0.00023 | Q -1.9412 | tgt -1.9468 | eps 0.081 | replay 145110
[Episode 1068/400] Steps:  80 | Reward:  -17.64 | Battery:   0.00% | Loss: 0.0002
Placing Sensors
DQN loss 0.02173 | Q -1.9468 | tgt -1.9294 | eps 0.080 | replay 145269
[Episode 1069/400] Steps: 159 | Reward:  -17.33 | Battery:   0.00% | Loss: 0.0217
Placing Sensors
DQN loss 0.00015 | Q -1.9545 | tgt -1.9576 | eps 0.075 | replay 145989
[Episode 1070/400] Steps: 720 | Reward:   -7.64 | Battery:  39.42% | Loss: 0.0002
Placing Sensors
DQN loss 0.00548 | Q -1.9583 | tgt -1.9552 | eps 0.075 | replay 146100
[Episode 1071/400] Steps: 111 | Reward:  -17.45 | Battery:   0.00% | Loss: 0.0055
Placing Sensors
DQN loss 0.00080 | Q -1.9664 | tgt -1.9700 | eps 0.074 | replay 146220
[Episode 1072/400] Steps: 120 | Reward:  -17.55 | Battery:   0.00% | Loss: 0.0008
Placing Sensors
DQN loss 0.00574 | Q -1.9476 | tgt -1.9525 | eps 0.074 | replay 146282
[Episode 1073/400] Steps:  62 | Reward:  -17.86 | Battery:   0.00% | Loss: 0.0057
Placing Sensors
DQN loss 0.00067 | Q -1.9516 | tgt -1.9557 | eps 0.073 | replay 146415
[Episode 1074/400] Steps: 133 | Reward:  -17.18 | Battery:   0.00% | Loss: 0.0007
Placing Sensors
DQN loss 0.00959 | Q -1.9514 | tgt -1.9434 | eps 0.071 | replay 146663
[Episode 1075/400] Steps: 248 | Reward:  -16.82 | Battery:   0.00% | Loss: 0.0096
Placing Sensors
DQN loss 0.02218 | Q -1.9467 | tgt -1.9262 | eps 0.070 | replay 146790
[Episode 1076/400] Steps: 127 | Reward:  -17.58 | Battery:   0.00% | Loss: 0.0222
Placing Sensors
DQN loss 0.01071 | Q -1.9389 | tgt -1.9387 | eps 0.066 | replay 147510
[Episode 1077/400] Steps: 720 | Reward:   -8.30 | Battery:  47.98% | Loss: 0.0107
Placing Sensors
DQN loss 0.01729 | Q -1.9478 | tgt -1.9241 | eps 0.065 | replay 147592
[Episode 1078/400] Steps:  82 | Reward:  -17.79 | Battery:   0.00% | Loss: 0.0173
Placing Sensors
DQN loss 0.00567 | Q -1.9326 | tgt -1.9367 | eps 0.065 | replay 147692
[Episode 1079/400] Steps: 100 | Reward:  -17.54 | Battery:   0.00% | Loss: 0.0057
Placing Sensors
DQN loss 0.01348 | Q -1.9353 | tgt -1.9197 | eps 0.064 | replay 147780
[Episode 1080/400] Steps:  88 | Reward:  -17.63 | Battery:   0.00% | Loss: 0.0135
Placing Sensors
DQN loss 0.00590 | Q -1.9527 | tgt -1.9470 | eps 0.059 | replay 148500
[Episode 1081/400] Steps: 720 | Reward:   -5.32 | Battery:  59.40% | Loss: 0.0059
Placing Sensors
DQN loss 0.01099 | Q -1.9502 | tgt -1.9322 | eps 0.059 | replay 148618
[Episode 1082/400] Steps: 118 | Reward:  -17.64 | Battery:   0.00% | Loss: 0.0110
Placing Sensors
DQN loss 0.00586 | Q -1.9491 | tgt -1.9451 | eps 0.058 | replay 148752
[Episode 1083/400] Steps: 134 | Reward:  -17.36 | Battery:   0.00% | Loss: 0.0059
Placing Sensors
DQN loss 0.00017 | Q -1.9403 | tgt -1.9497 | eps 0.053 | replay 149472
[Episode 1084/400] Steps: 720 | Reward:   -6.94 | Battery:  79.47% | Loss: 0.0002
Placing Sensors
DQN loss 0.01648 | Q -1.9457 | tgt -1.9393 | eps 0.052 | replay 149612
[Episode 1085/400] Steps: 140 | Reward:  -17.30 | Battery:   0.00% | Loss: 0.0165
Placing Sensors
DQN loss 0.00036 | Q -1.9392 | tgt -1.9567 | eps 0.052 | replay 149698
[Episode 1086/400] Steps:  86 | Reward:  -17.81 | Battery:   0.00% | Loss: 0.0004
Placing Sensors
DQN loss 0.02696 | Q -1.9438 | tgt -1.9153 | eps 0.051 | replay 149794
[Episode 1087/400] Steps:  96 | Reward:  -17.64 | Battery:   0.00% | Loss: 0.0270
Placing Sensors
DQN loss 0.00027 | Q -1.9568 | tgt -1.9593 | eps 0.051 | replay 149886
[Episode 1088/400] Steps:  92 | Reward:  -17.56 | Battery:   0.00% | Loss: 0.0003
Placing Sensors
DQN loss 0.01636 | Q -1.9399 | tgt -1.9248 | eps 0.050 | replay 149955
[Episode 1089/400] Steps:  69 | Reward:  -17.73 | Battery:   0.00% | Loss: 0.0164
Placing Sensors
DQN loss 0.00450 | Q -1.9423 | tgt -1.9424 | eps 0.050 | replay 150020
[Episode 1090/400] Steps:  65 | Reward:  -17.81 | Battery:   0.00% | Loss: 0.0045
Placing Sensors
DQN loss 0.00597 | Q -1.9493 | tgt -1.9427 | eps 0.050 | replay 150148
[Episode 1091/400] Steps: 128 | Reward:  -17.60 | Battery:   0.00% | Loss: 0.0060
Placing Sensors
DQN loss 0.01637 | Q -1.9343 | tgt -1.9172 | eps 0.050 | replay 150242
[Episode 1092/400] Steps:  94 | Reward:  -17.64 | Battery:   0.00% | Loss: 0.0164
Placing Sensors
DQN loss 0.00648 | Q -1.9323 | tgt -1.9308 | eps 0.050 | replay 150333
[Episode 1093/400] Steps:  91 | Reward:  -17.70 | Battery:   0.00% | Loss: 0.0065
Placing Sensors
DQN loss 0.01186 | Q -1.9415 | tgt -1.9385 | eps 0.050 | replay 150416
[Episode 1094/400] Steps:  83 | Reward:  -17.72 | Battery:   0.00% | Loss: 0.0119
Placing Sensors
DQN loss 0.00578 | Q -1.9508 | tgt -1.9416 | eps 0.050 | replay 151059
[Episode 1095/400] Steps: 643 | Reward:  -13.25 | Battery:   0.00% | Loss: 0.0058
Placing Sensors
DQN loss 0.00708 | Q -1.9366 | tgt -1.9320 | eps 0.050 | replay 151138
[Episode 1096/400] Steps:  79 | Reward:  -18.23 | Battery:   0.00% | Loss: 0.0071
Placing Sensors
DQN loss 0.01139 | Q -1.9449 | tgt -1.9438 | eps 0.050 | replay 151203
[Episode 1097/400] Steps:  65 | Reward:  -17.99 | Battery:   0.00% | Loss: 0.0114
Placing Sensors
DQN loss 0.01680 | Q -1.9416 | tgt -1.9252 | eps 0.050 | replay 151267
[Episode 1098/400] Steps:  64 | Reward:  -18.09 | Battery:   0.00% | Loss: 0.0168
Placing Sensors
DQN loss 0.00569 | Q -1.9373 | tgt -1.9433 | eps 0.050 | replay 151336
[Episode 1099/400] Steps:  69 | Reward:  -17.77 | Battery:   0.00% | Loss: 0.0057
Placing Sensors
DQN loss 0.00564 | Q -1.9551 | tgt -1.9463 | eps 0.050 | replay 151422
[Episode 1100/400] Steps:  86 | Reward:  -17.66 | Battery:   0.00% | Loss: 0.0056
Placing Sensors
DQN loss 0.00583 | Q -1.9447 | tgt -1.9421 | eps 0.050 | replay 152142
[Episode 1101/400] Steps: 720 | Reward:   -7.49 | Battery:  59.77% | Loss: 0.0058
Placing Sensors
DQN loss 0.00581 | Q -1.9333 | tgt -1.9395 | eps 0.050 | replay 152217
[Episode 1102/400] Steps:  75 | Reward:  -17.83 | Battery:   0.00% | Loss: 0.0058
Placing Sensors
DQN loss 0.02255 | Q -1.9385 | tgt -1.9126 | eps 0.050 | replay 152937
[Episode 1103/400] Steps: 720 | Reward:   -7.17 | Battery:  39.05% | Loss: 0.0226
Placing Sensors
DQN loss 0.01662 | Q -1.9479 | tgt -1.9253 | eps 0.050 | replay 153026
[Episode 1104/400] Steps:  89 | Reward:  -17.72 | Battery:   0.00% | Loss: 0.0166
Placing Sensors
DQN loss 0.00122 | Q -1.9404 | tgt -1.9474 | eps 0.050 | replay 153135
[Episode 1105/400] Steps: 109 | Reward:  -17.44 | Battery:   0.00% | Loss: 0.0012
Placing Sensors
DQN loss 0.01098 | Q -1.9514 | tgt -1.9389 | eps 0.050 | replay 153257
[Episode 1106/400] Steps: 122 | Reward:  -17.31 | Battery:   0.00% | Loss: 0.0110
Placing Sensors
DQN loss 0.00726 | Q -1.9347 | tgt -1.9343 | eps 0.050 | replay 153324
[Episode 1107/400] Steps:  67 | Reward:  -17.92 | Battery:   0.00% | Loss: 0.0073
Placing Sensors
DQN loss 0.01104 | Q -1.9468 | tgt -1.9401 | eps 0.050 | replay 153435
[Episode 1108/400] Steps: 111 | Reward:  -17.57 | Battery:   0.00% | Loss: 0.0110
Placing Sensors
DQN loss 0.00134 | Q -1.9273 | tgt -1.9435 | eps 0.050 | replay 153537
[Episode 1109/400] Steps: 102 | Reward:  -17.63 | Battery:   0.00% | Loss: 0.0013
Placing Sensors
DQN loss 0.01614 | Q -1.9418 | tgt -1.9302 | eps 0.050 | replay 153626
[Episode 1110/400] Steps:  89 | Reward:  -17.65 | Battery:   0.00% | Loss: 0.0161
Placing Sensors
DQN loss 0.00540 | Q -1.9470 | tgt -1.9456 | eps 0.050 | replay 153733
[Episode 1111/400] Steps: 107 | Reward:  -17.59 | Battery:   0.00% | Loss: 0.0054
Placing Sensors
DQN loss 0.02697 | Q -1.9446 | tgt -1.9094 | eps 0.050 | replay 153815
[Episode 1112/400] Steps:  82 | Reward:  -17.74 | Battery:   0.00% | Loss: 0.0270
Placing Sensors
DQN loss 0.01679 | Q -1.9404 | tgt -1.9243 | eps 0.050 | replay 153882
[Episode 1113/400] Steps:  67 | Reward:  -17.87 | Battery:   0.00% | Loss: 0.0168
Placing Sensors
DQN loss 0.01115 | Q -1.9652 | tgt -1.9447 | eps 0.050 | replay 153939
[Episode 1114/400] Steps:  57 | Reward:  -17.98 | Battery:   0.00% | Loss: 0.0112
Placing Sensors
DQN loss 0.01676 | Q -1.9494 | tgt -1.9320 | eps 0.050 | replay 154036
[Episode 1115/400] Steps:  97 | Reward:  -17.62 | Battery:   0.00% | Loss: 0.0168
Placing Sensors
DQN loss 0.00274 | Q -1.9594 | tgt -1.9547 | eps 0.050 | replay 154110
[Episode 1116/400] Steps:  74 | Reward:  -17.82 | Battery:   0.00% | Loss: 0.0027
Placing Sensors
DQN loss 0.01091 | Q -1.9467 | tgt -1.9310 | eps 0.050 | replay 154221
[Episode 1117/400] Steps: 111 | Reward:  -17.58 | Battery:   0.00% | Loss: 0.0109
Placing Sensors
DQN loss 0.01102 | Q -1.9399 | tgt -1.9433 | eps 0.050 | replay 154322
[Episode 1118/400] Steps: 101 | Reward:  -17.63 | Battery:   0.00% | Loss: 0.0110
Placing Sensors
DQN loss 0.00567 | Q -1.9520 | tgt -1.9408 | eps 0.050 | replay 154419
[Episode 1119/400] Steps:  97 | Reward:  -17.75 | Battery:   0.00% | Loss: 0.0057
Placing Sensors
DQN loss 0.02136 | Q -1.9483 | tgt -1.9239 | eps 0.050 | replay 154520
[Episode 1120/400] Steps: 101 | Reward:  -17.49 | Battery:   0.00% | Loss: 0.0214
Placing Sensors
DQN loss 0.00146 | Q -1.9291 | tgt -1.9381 | eps 0.050 | replay 154624
[Episode 1121/400] Steps: 104 | Reward:  -17.33 | Battery:   0.00% | Loss: 0.0015
Placing Sensors
DQN loss 0.00018 | Q -1.9471 | tgt -1.9529 | eps 0.050 | replay 154690
[Episode 1122/400] Steps:  66 | Reward:  -17.88 | Battery:   0.00% | Loss: 0.0002
Placing Sensors
DQN loss 0.00572 | Q -1.9479 | tgt -1.9501 | eps 0.050 | replay 154803
[Episode 1123/400] Steps: 113 | Reward:  -17.61 | Battery:   0.00% | Loss: 0.0057
Placing Sensors
DQN loss 0.00583 | Q -1.9447 | tgt -1.9462 | eps 0.050 | replay 154871
[Episode 1124/400] Steps:  68 | Reward:  -17.87 | Battery:   0.00% | Loss: 0.0058
Placing Sensors
DQN loss 0.01656 | Q -1.9496 | tgt -1.9302 | eps 0.050 | replay 154937
[Episode 1125/400] Steps:  66 | Reward:  -18.38 | Battery:   0.00% | Loss: 0.0166
Placing Sensors
DQN loss 0.00570 | Q -1.9494 | tgt -1.9411 | eps 0.050 | replay 155024
[Episode 1126/400] Steps:  87 | Reward:  -17.78 | Battery:   0.00% | Loss: 0.0057
Placing Sensors
DQN loss 0.01104 | Q -1.9514 | tgt -1.9378 | eps 0.050 | replay 155122
[Episode 1127/400] Steps:  98 | Reward:  -17.62 | Battery:   0.00% | Loss: 0.0110
Placing Sensors
DQN loss 0.01127 | Q -1.9408 | tgt -1.9379 | eps 0.050 | replay 155266
[Episode 1128/400] Steps: 144 | Reward:  -17.84 | Battery:   0.00% | Loss: 0.0113
Placing Sensors
DQN loss 0.01097 | Q -1.9531 | tgt -1.9260 | eps 0.050 | replay 155344
[Episode 1129/400] Steps:  78 | Reward:  -17.73 | Battery:   0.00% | Loss: 0.0110
Placing Sensors
DQN loss 0.01733 | Q -1.9323 | tgt -1.9150 | eps 0.050 | replay 155420
[Episode 1130/400] Steps:  76 | Reward:  -17.69 | Battery:   0.00% | Loss: 0.0173
Placing Sensors
DQN loss 0.00047 | Q -1.9505 | tgt -1.9538 | eps 0.050 | replay 155548
[Episode 1131/400] Steps: 128 | Reward:  -17.33 | Battery:   0.00% | Loss: 0.0005
Placing Sensors
DQN loss 0.02821 | Q -1.9329 | tgt -1.9078 | eps 0.050 | replay 155614
[Episode 1132/400] Steps:  66 | Reward:  -17.57 | Battery:   0.00% | Loss: 0.0282
Placing Sensors
DQN loss 0.02196 | Q -1.9360 | tgt -1.9094 | eps 0.050 | replay 155700
[Episode 1133/400] Steps:  86 | Reward:  -17.81 | Battery:   0.00% | Loss: 0.0220
Placing Sensors
DQN loss 0.01310 | Q -1.9310 | tgt -1.9184 | eps 0.050 | replay 155785
[Episode 1134/400] Steps:  85 | Reward:  -17.74 | Battery:   0.00% | Loss: 0.0131
Placing Sensors
DQN loss 0.00558 | Q -1.9413 | tgt -1.9459 | eps 0.050 | replay 155894
[Episode 1135/400] Steps: 109 | Reward:  -17.67 | Battery:   0.00% | Loss: 0.0056
Placing Sensors
DQN loss 0.00093 | Q -1.9258 | tgt -1.9407 | eps 0.050 | replay 155972
[Episode 1136/400] Steps:  78 | Reward:  -17.65 | Battery:   0.00% | Loss: 0.0009
Placing Sensors
DQN loss 0.02189 | Q -1.9444 | tgt -1.9197 | eps 0.050 | replay 156692
[Episode 1137/400] Steps: 720 | Reward:   -8.42 | Battery:  58.40% | Loss: 0.0219
Placing Sensors
DQN loss 0.01086 | Q -1.9372 | tgt -1.9298 | eps 0.050 | replay 156834
[Episode 1138/400] Steps: 142 | Reward:  -17.36 | Battery:   0.00% | Loss: 0.0109
Placing Sensors
DQN loss 0.00059 | Q -1.9272 | tgt -1.9327 | eps 0.050 | replay 156918
[Episode 1139/400] Steps:  84 | Reward:  -17.95 | Battery:   0.00% | Loss: 0.0006
Placing Sensors
DQN loss 0.00607 | Q -1.9386 | tgt -1.9436 | eps 0.050 | replay 157012
[Episode 1140/400] Steps:  94 | Reward:  -17.85 | Battery:   0.00% | Loss: 0.0061
Placing Sensors
DQN loss 0.01121 | Q -1.9277 | tgt -1.9278 | eps 0.050 | replay 157109
[Episode 1141/400] Steps:  97 | Reward:  -17.44 | Battery:   0.00% | Loss: 0.0112
Placing Sensors
DQN loss 0.01647 | Q -1.9371 | tgt -1.9189 | eps 0.050 | replay 157180
[Episode 1142/400] Steps:  71 | Reward:  -17.71 | Battery:   0.00% | Loss: 0.0165
Placing Sensors
DQN loss 0.01646 | Q -1.9402 | tgt -1.9273 | eps 0.050 | replay 157260
[Episode 1143/400] Steps:  80 | Reward:  -17.76 | Battery:   0.00% | Loss: 0.0165
Placing Sensors
DQN loss 0.00564 | Q -1.9428 | tgt -1.9419 | eps 0.050 | replay 157361
[Episode 1144/400] Steps: 101 | Reward:  -17.57 | Battery:   0.00% | Loss: 0.0056
Placing Sensors
DQN loss 0.01118 | Q -1.9403 | tgt -1.9389 | eps 0.050 | replay 157460
[Episode 1145/400] Steps:  99 | Reward:  -17.49 | Battery:   0.00% | Loss: 0.0112
Placing Sensors
DQN loss 0.01385 | Q -1.9345 | tgt -1.9184 | eps 0.050 | replay 157561
[Episode 1146/400] Steps: 101 | Reward:  -17.48 | Battery:   0.00% | Loss: 0.0139
Placing Sensors
DQN loss 0.00025 | Q -1.9590 | tgt -1.9556 | eps 0.050 | replay 157626
[Episode 1147/400] Steps:  65 | Reward:  -17.75 | Battery:   0.00% | Loss: 0.0002
Placing Sensors
DQN loss 0.01669 | Q -1.9444 | tgt -1.9250 | eps 0.050 | replay 157732
[Episode 1148/400] Steps: 106 | Reward:  -17.56 | Battery:   0.00% | Loss: 0.0167
Placing Sensors
DQN loss 0.00599 | Q -1.9366 | tgt -1.9414 | eps 0.050 | replay 157838
[Episode 1149/400] Steps: 106 | Reward:  -17.60 | Battery:   0.00% | Loss: 0.0060
Placing Sensors
DQN loss 0.00622 | Q -1.9306 | tgt -1.9299 | eps 0.050 | replay 157918
[Episode 1150/400] Steps:  80 | Reward:  -17.39 | Battery:   0.00% | Loss: 0.0062
Placing Sensors
DQN loss 0.01101 | Q -1.9369 | tgt -1.9244 | eps 0.050 | replay 158012
[Episode 1151/400] Steps:  94 | Reward:  -17.48 | Battery:   0.00% | Loss: 0.0110
Placing Sensors
DQN loss 0.00522 | Q -1.9463 | tgt -1.9473 | eps 0.050 | replay 158115
[Episode 1152/400] Steps: 103 | Reward:  -17.69 | Battery:   0.00% | Loss: 0.0052
Placing Sensors
DQN loss 0.02286 | Q -1.9489 | tgt -1.9208 | eps 0.050 | replay 158218
[Episode 1153/400] Steps: 103 | Reward:  -17.56 | Battery:   0.00% | Loss: 0.0229
Placing Sensors
DQN loss 0.01064 | Q -1.9456 | tgt -1.9440 | eps 0.050 | replay 158344
[Episode 1154/400] Steps: 126 | Reward:  -17.39 | Battery:   0.00% | Loss: 0.0106
Placing Sensors
DQN loss 0.01699 | Q -1.9402 | tgt -1.9255 | eps 0.050 | replay 159064
[Episode 1155/400] Steps: 720 | Reward:   -7.81 | Battery:  31.32% | Loss: 0.0170
Placing Sensors
DQN loss 0.02695 | Q -1.9479 | tgt -1.9126 | eps 0.050 | replay 159165
[Episode 1156/400] Steps: 101 | Reward:  -17.62 | Battery:   0.00% | Loss: 0.0270
Placing Sensors
DQN loss 0.00553 | Q -1.9351 | tgt -1.9383 | eps 0.050 | replay 159273
[Episode 1157/400] Steps: 108 | Reward:  -17.59 | Battery:   0.00% | Loss: 0.0055
Placing Sensors
DQN loss 0.01195 | Q -1.9451 | tgt -1.9310 | eps 0.050 | replay 159350
[Episode 1158/400] Steps:  77 | Reward:  -17.61 | Battery:   0.00% | Loss: 0.0120
Placing Sensors
DQN loss 0.01124 | Q -1.9363 | tgt -1.9375 | eps 0.050 | replay 159456
[Episode 1159/400] Steps: 106 | Reward:  -17.69 | Battery:   0.00% | Loss: 0.0112
Placing Sensors
DQN loss 0.01092 | Q -1.9408 | tgt -1.9351 | eps 0.050 | replay 159551
[Episode 1160/400] Steps:  95 | Reward:  -17.90 | Battery:   0.00% | Loss: 0.0109
Placing Sensors
DQN loss 0.01646 | Q -1.9284 | tgt -1.9207 | eps 0.050 | replay 159689
[Episode 1161/400] Steps: 138 | Reward:  -17.24 | Battery:   0.00% | Loss: 0.0165
Placing Sensors
DQN loss 0.01162 | Q -1.9497 | tgt -1.9321 | eps 0.050 | replay 159768
[Episode 1162/400] Steps:  79 | Reward:  -17.80 | Battery:   0.00% | Loss: 0.0116
Placing Sensors
DQN loss 0.00651 | Q -1.9244 | tgt -1.9298 | eps 0.050 | replay 159875
[Episode 1163/400] Steps: 107 | Reward:  -17.46 | Battery:   0.00% | Loss: 0.0065
Placing Sensors
DQN loss 0.01401 | Q -1.9206 | tgt -1.9120 | eps 0.050 | replay 159973
[Episode 1164/400] Steps:  98 | Reward:  -17.57 | Battery:   0.00% | Loss: 0.0140
Placing Sensors
DQN loss 0.00021 | Q -1.9481 | tgt -1.9472 | eps 0.050 | replay 160693
[Episode 1165/400] Steps: 720 | Reward:   -7.56 | Battery:  44.92% | Loss: 0.0002
Placing Sensors
DQN loss 0.00137 | Q -1.9351 | tgt -1.9475 | eps 0.050 | replay 160783
[Episode 1166/400] Steps:  90 | Reward:  -17.78 | Battery:   0.00% | Loss: 0.0014
Placing Sensors
DQN loss 0.02181 | Q -1.9503 | tgt -1.9218 | eps 0.050 | replay 160849
[Episode 1167/400] Steps:  66 | Reward:  -17.72 | Battery:   0.00% | Loss: 0.0218
Placing Sensors
DQN loss 0.00332 | Q -1.9266 | tgt -1.9441 | eps 0.050 | replay 160960
[Episode 1168/400] Steps: 111 | Reward:  -17.52 | Battery:   0.00% | Loss: 0.0033
Placing Sensors
DQN loss 0.01099 | Q -1.9449 | tgt -1.9344 | eps 0.050 | replay 161087
[Episode 1169/400] Steps: 127 | Reward:  -17.57 | Battery:   0.00% | Loss: 0.0110
Placing Sensors
DQN loss 0.00043 | Q -1.9414 | tgt -1.9526 | eps 0.050 | replay 161807
[Episode 1170/400] Steps: 720 | Reward:   -7.80 | Battery:  37.33% | Loss: 0.0004
Placing Sensors
DQN loss 0.00607 | Q -1.9356 | tgt -1.9276 | eps 0.050 | replay 161933
[Episode 1171/400] Steps: 126 | Reward:  -17.53 | Battery:   0.00% | Loss: 0.0061
Placing Sensors
DQN loss 0.00562 | Q -1.9335 | tgt -1.9418 | eps 0.050 | replay 162005
[Episode 1172/400] Steps:  72 | Reward:  -17.80 | Battery:   0.00% | Loss: 0.0056
Placing Sensors
DQN loss 0.01671 | Q -1.9406 | tgt -1.9297 | eps 0.050 | replay 162663
[Episode 1173/400] Steps: 658 | Reward:  -14.48 | Battery:   0.00% | Loss: 0.0167
Placing Sensors
DQN loss 0.01959 | Q -1.9334 | tgt -1.9207 | eps 0.050 | replay 162774
[Episode 1174/400] Steps: 111 | Reward:  -17.37 | Battery:   0.00% | Loss: 0.0196
Placing Sensors
DQN loss 0.02284 | Q -1.9456 | tgt -1.9183 | eps 0.050 | replay 162864
[Episode 1175/400] Steps:  90 | Reward:  -17.61 | Battery:   0.00% | Loss: 0.0228
Placing Sensors
DQN loss 0.00543 | Q -1.9565 | tgt -1.9511 | eps 0.050 | replay 162978
[Episode 1176/400] Steps: 114 | Reward:  -17.41 | Battery:   0.00% | Loss: 0.0054
Placing Sensors
DQN loss 0.01643 | Q -1.9373 | tgt -1.9277 | eps 0.050 | replay 163107
[Episode 1177/400] Steps: 129 | Reward:  -17.38 | Battery:   0.00% | Loss: 0.0164
Placing Sensors
DQN loss 0.00652 | Q -1.9234 | tgt -1.9124 | eps 0.050 | replay 163827
[Episode 1178/400] Steps: 720 | Reward:   -8.93 | Battery:  32.07% | Loss: 0.0065
Placing Sensors
DQN loss 0.01702 | Q -1.9032 | tgt -1.9074 | eps 0.050 | replay 163900
[Episode 1179/400] Steps:  73 | Reward:  -17.61 | Battery:   0.00% | Loss: 0.0170
Placing Sensors
DQN loss 0.00590 | Q -1.9244 | tgt -1.9216 | eps 0.050 | replay 163987
[Episode 1180/400] Steps:  87 | Reward:  -17.78 | Battery:   0.00% | Loss: 0.0059
Placing Sensors
DQN loss 0.00583 | Q -1.9258 | tgt -1.9220 | eps 0.050 | replay 164078
[Episode 1181/400] Steps:  91 | Reward:  -17.57 | Battery:   0.00% | Loss: 0.0058
Placing Sensors
DQN loss 0.00823 | Q -1.9314 | tgt -1.9298 | eps 0.050 | replay 164177
[Episode 1182/400] Steps:  99 | Reward:  -17.41 | Battery:   0.00% | Loss: 0.0082
Placing Sensors
DQN loss 0.01091 | Q -1.9220 | tgt -1.9201 | eps 0.050 | replay 164271
[Episode 1183/400] Steps:  94 | Reward:  -17.53 | Battery:   0.00% | Loss: 0.0109
Placing Sensors
DQN loss 0.01623 | Q -1.9090 | tgt -1.9106 | eps 0.050 | replay 164383
[Episode 1184/400] Steps: 112 | Reward:  -17.72 | Battery:   0.00% | Loss: 0.0162
Placing Sensors
DQN loss 0.01150 | Q -1.9265 | tgt -1.9160 | eps 0.050 | replay 164481
[Episode 1185/400] Steps:  98 | Reward:  -17.73 | Battery:   0.00% | Loss: 0.0115
Placing Sensors
DQN loss 0.00643 | Q -1.9394 | tgt -1.9300 | eps 0.050 | replay 164568
[Episode 1186/400] Steps:  87 | Reward:  -18.27 | Battery:   0.00% | Loss: 0.0064
Placing Sensors
DQN loss 0.00570 | Q -1.9315 | tgt -1.9316 | eps 0.050 | replay 164637
[Episode 1187/400] Steps:  69 | Reward:  -17.59 | Battery:   0.00% | Loss: 0.0057
Placing Sensors
DQN loss 0.00588 | Q -1.9142 | tgt -1.9149 | eps 0.050 | replay 164713
[Episode 1188/400] Steps:  76 | Reward:  -17.95 | Battery:   0.00% | Loss: 0.0059
Placing Sensors
DQN loss 0.01173 | Q -1.9153 | tgt -1.9166 | eps 0.050 | replay 164794
[Episode 1189/400] Steps:  81 | Reward:  -18.05 | Battery:   0.00% | Loss: 0.0117
Placing Sensors
DQN loss 0.00143 | Q -1.9079 | tgt -1.9270 | eps 0.050 | replay 164870
[Episode 1190/400] Steps:  76 | Reward:  -17.89 | Battery:   0.00% | Loss: 0.0014
Placing Sensors
DQN loss 0.01081 | Q -1.9381 | tgt -1.9180 | eps 0.050 | replay 164943
[Episode 1191/400] Steps:  73 | Reward:  -17.81 | Battery:   0.00% | Loss: 0.0108
Placing Sensors
DQN loss 0.00026 | Q -1.9175 | tgt -1.9266 | eps 0.050 | replay 165010
[Episode 1192/400] Steps:  67 | Reward:  -17.69 | Battery:   0.00% | Loss: 0.0003
Placing Sensors
DQN loss 0.00769 | Q -1.9203 | tgt -1.9122 | eps 0.050 | replay 165097
[Episode 1193/400] Steps:  87 | Reward:  -17.50 | Battery:   0.00% | Loss: 0.0077
Placing Sensors
DQN loss 0.00023 | Q -1.9334 | tgt -1.9377 | eps 0.050 | replay 165191
[Episode 1194/400] Steps:  94 | Reward:  -17.61 | Battery:   0.00% | Loss: 0.0002
Placing Sensors
DQN loss 0.01262 | Q -1.9387 | tgt -1.9180 | eps 0.050 | replay 165276
[Episode 1195/400] Steps:  85 | Reward:  -17.63 | Battery:   0.00% | Loss: 0.0126
Placing Sensors
DQN loss 0.00451 | Q -1.9141 | tgt -1.9218 | eps 0.050 | replay 165354
[Episode 1196/400] Steps:  78 | Reward:  -17.70 | Battery:   0.00% | Loss: 0.0045
Placing Sensors
DQN loss 0.00029 | Q -1.9348 | tgt -1.9384 | eps 0.050 | replay 166074
[Episode 1197/400] Steps: 720 | Reward:   -9.34 | Battery:  31.53% | Loss: 0.0003
Placing Sensors
DQN loss 0.00973 | Q -1.9184 | tgt -1.9120 | eps 0.050 | replay 166139
[Episode 1198/400] Steps:  65 | Reward:  -17.79 | Battery:   0.00% | Loss: 0.0097
Placing Sensors
DQN loss 0.00614 | Q -1.9233 | tgt -1.9295 | eps 0.050 | replay 166262
[Episode 1199/400] Steps: 123 | Reward:  -17.39 | Battery:   0.00% | Loss: 0.0061
Placing Sensors
DQN loss 0.00497 | Q -1.9105 | tgt -1.9181 | eps 0.050 | replay 166406
[Episode 1200/400] Steps: 144 | Reward:  -17.24 | Battery:   0.00% | Loss: 0.0050
Placing Sensors
  [validation 1/10] steps  95 | battery  39.3% ->   0.0% (min   0.0%) | reward   -17.47 | |a| 0.213 | path     387 m
Placing Sensors
  [validation 2/10] steps 720 | battery  39.7% ->  69.9% (min  20.6%) | reward    -4.96 | |a| 0.329 | path     537 m
Placing Sensors
  [validation 3/10] steps  93 | battery  38.3% ->   0.0% (min   0.0%) | reward   -17.47 | |a| 0.338 | path     288 m
Placing Sensors
  [validation 4/10] steps  95 | battery  35.7% ->   0.0% (min   0.0%) | reward   -17.74 | |a| 0.199 | path     238 m
Placing Sensors
  [validation 5/10] steps  74 | battery  33.6% ->   0.0% (min   0.0%) | reward   -17.71 | |a| 0.245 | path     349 m
Placing Sensors
  [validation 6/10] steps  71 | battery  30.6% ->   0.0% (min   0.0%) | reward   -17.79 | |a| 0.267 | path     365 m
Placing Sensors
  [validation 7/10] steps  57 | battery  32.3% ->   0.0% (min   0.0%) | reward   -17.74 | |a| 0.342 | path     378 m
Placing Sensors
  [validation 8/10] steps 101 | battery  39.2% ->   0.0% (min   0.0%) | reward   -17.48 | |a| 0.260 | path     505 m
Placing Sensors
  [validation 9/10] steps  74 | battery  30.8% ->   0.0% (min   0.0%) | reward   -17.72 | |a| 0.292 | path     417 m
Placing Sensors
  [validation 10/10] steps 720 | battery  38.3% ->  43.8% (min  21.6%) | reward    -6.47 | |a| 0.276 | path     848 m

==============================================================================
VALIDATION COMPLETE -- 10 independent deterministic episodes
==============================================================================
metric                       mean        std        min        max
reward                     -15.26       5.04     -17.79      -4.96
final battery %             11.37      24.74       0.00      69.87
min battery %                4.22       8.90       0.00      21.62
steps                      210.00     269.14      57.00     720.00
solar W                      6.55       7.92       0.66      25.00
|action|                     0.28       0.05       0.20       0.34
path m                     431.15     171.27     237.85     847.61
tortuosity                   3.29       2.56       1.24       9.97
motion mAh                 319.54     116.90     178.85     596.93
idle mAh                  3386.93    4325.48     923.59   11583.45

survived full 720 steps : 2/10
ended below 20% battery         : 8/10
ended above 70% battery         : 0/10

reward 95% CI: -15.26 +- 3.12  (-18.38 to -12.13)

total step rows written: 2100

==============================================
WALL CLOCK BREAKDOWN
==============================================
Total run time        :   16159.93 s
  Rollout (training)  :   14787.14 s  ( 91.5%)
    - policy inference:     145.38 s  (  0.9%)
    - env + reward    :   14641.76 s  ( 90.6%)
  PPO update()        :       0.00 s  (  0.0%)
  Checkpoint saves    :       0.05 s  (  0.0%)
  Final evaluation    :     152.40 s  (  0.9%)
  Other / logging     :    1220.35 s  (  7.6%)

==============================================
PER-CALL AVERAGES
==============================================
Policy inference      :   168506 calls |    0.873 ms/step
  final eval only     :     2100 calls |    0.806 ms/step
Episode               :      400 eps   |   40.018 s/episode

update() share of wall clock: 0.0%
