Placing Sensors
Placing Sensors
[Episode 1/400] Steps: 106 | Reward:  -50.03 | Battery:   0.00% | Loss: 
Placing Sensors
[Episode 2/400] Steps:  84 | Reward:  -67.39 | Battery:   0.00% | Loss: 
Placing Sensors
[Episode 3/400] Steps:  69 | Reward:  -61.57 | Battery:   0.00% | Loss: 
Placing Sensors
[Episode 4/400] Steps: 720 | Reward:  158.51 | Battery:  44.10% | Loss: 
Placing Sensors
Policy -0.0033 | Value 270.6993 | Lyap 0.0055 | Dynamics 1.4329 | Barrier 0.3709 | KL 0.00668 | CF 0.0897 | Std 0.1054 | RawLogStd 0.0002 | |a| 0.0110 | EV -0.002 | Alpha 0.9134 | MB 28/28
  cert | viol 0.525 | dV -0.178242 | V 0.3254 | inball 0.120 | a*_q05 -0.01641 | a*_q50 0.00944 | dV>=0 0.186 | n=150 | a_used 0.01000 -> 0.00950
[Episode 5/400] Steps: 720 | Reward:  146.25 | Battery:  46.94% | Loss: 1.9368
Placing Sensors
[Episode 6/400] Steps: 720 | Reward:  160.22 | Battery:  52.24% | Loss: 
Placing Sensors
[Episode 7/400] Steps:  67 | Reward:  -57.83 | Battery:   0.00% | Loss: 
Placing Sensors
Policy -0.0066 | Value 208.1016 | Lyap 0.0047 | Dynamics 1.5695 | Barrier 0.8308 | KL 0.00457 | CF 0.0551 | Std 0.1055 | RawLogStd 0.0006 | |a| 0.0119 | EV +0.088 | Alpha 0.8429 | MB 24/24
  cert | viol 0.564 | dV -0.134034 | V 0.2434 | inball 0.108 | a*_q05 -0.01522 | a*_q50 0.00768 | dV>=0 0.188 | n=150 | a_used 0.00950 -> 0.00903
[Episode 8/400] Steps: 720 | Reward:  151.60 | Battery:  43.61% | Loss: 1.7475
Placing Sensors
[Episode 9/400] Steps: 113 | Reward:  -51.97 | Battery:   0.00% | Loss: 
Placing Sensors
[Episode 10/400] Steps:  67 | Reward:  -64.08 | Battery:   0.00% | Loss: 
Placing Sensors
[Episode 11/400] Steps: 720 | Reward:  133.55 | Battery:  33.94% | Loss: 
Placing Sensors
[Episode 12/400] Steps:  99 | Reward:  -74.73 | Battery:   0.00% | Loss: 
Placing Sensors
[Episode 13/400] Steps:  74 | Reward:  -58.20 | Battery:   0.00% | Loss: 
Placing Sensors
[Episode 14/400] Steps: 116 | Reward:  -70.02 | Battery:   0.00% | Loss: 
Placing Sensors
[Episode 15/400] Steps: 184 | Reward:  -49.83 | Battery:   0.00% | Loss: 
Placing Sensors
Policy 0.0059 | Value 208.7683 | Lyap 0.0043 | Dynamics 1.4878 | Barrier 1.1155 | KL 0.00547 | CF 0.0640 | Std 0.1056 | RawLogStd 0.0013 | |a| 0.0095 | EV +0.195 | Alpha 0.7539 | MB 36/36
  cert | viol 0.448 | dV -0.147271 | V 0.2524 | inball 0.178 | a*_q05 0.00092 | a*_q50 0.01188 | dV>=0 0.028 | n=150 | a_used 0.00903 -> 0.00857
[Episode 16/400] Steps: 720 | Reward:  179.65 | Battery:  47.11% | Loss: 1.7265
Placing Sensors
[Episode 17/400] Steps: 161 | Reward:  -42.11 | Battery:   0.00% | Loss: 
Placing Sensors
[Episode 18/400] Steps:  86 | Reward:  -69.62 | Battery:   0.00% | Loss: 
Placing Sensors
[Episode 19/400] Steps:  83 | Reward:  -56.59 | Battery:   0.00% | Loss: 
Placing Sensors
[Episode 20/400] Steps:  75 | Reward:  -60.37 | Battery:   0.00% | Loss: 
Placing Sensors
[Episode 21/400] Steps:  80 | Reward:  -70.88 | Battery:   0.00% | Loss: 
Placing Sensors
[Episode 22/400] Steps:  91 | Reward:  -74.32 | Battery:   0.00% | Loss: 
Placing Sensors
[Episode 23/400] Steps:  82 | Reward:  -55.66 | Battery:   0.00% | Loss: 
Placing Sensors
[Episode 24/400] Steps: 105 | Reward:  -58.41 | Battery:   0.00% | Loss: 
Placing Sensors
[Episode 25/400] Steps:  97 | Reward:  -65.23 | Battery:   0.00% | Loss: 
Placing Sensors
Policy 0.0032 | Value 172.5804 | Lyap 0.0036 | Dynamics 1.5277 | Barrier 1.1105 | KL 0.00518 | CF 0.0649 | Std 0.1058 | RawLogStd 0.0022 | |a| 0.0077 | EV +0.424 | Alpha 0.6930 | MB 28/28
  cert | viol 0.480 | dV -0.178274 | V 0.2739 | inball 0.095 | a*_q05 -0.01125 | a*_q50 0.01012 | dV>=0 0.219 | n=150 | a_used 0.00857 -> 0.00815
[Episode 26/400] Steps: 720 | Reward:  204.19 | Battery:  69.49% | Loss: 1.3289
Placing Sensors
[Episode 27/400] Steps: 720 | Reward:  176.71 | Battery:  55.18% | Loss: 
Placing Sensors
Policy 0.0001 | Value 199.9526 | Lyap 0.0026 | Dynamics 1.7226 | Barrier 1.5833 | KL 0.00576 | CF 0.0622 | Std 0.1060 | RawLogStd 0.0030 | |a| 0.0145 | EV +0.186 | Alpha 0.6418 | MB 24/24
  cert | viol 0.665 | dV -0.153747 | V 0.2942 | inball 0.060 | a*_q05 -0.01002 | a*_q50 0.00492 | dV>=0 0.296 | n=150 | a_used 0.00815 -> 0.00774
[Episode 28/400] Steps: 720 | Reward:  185.58 | Battery:  60.76% | Loss: 1.3118
Placing Sensors
[Episode 29/400] Steps:  79 | Reward:  -70.01 | Battery:   0.00% | Loss: 
Placing Sensors
[Episode 30/400] Steps: 167 | Reward:  -40.74 | Battery:   0.00% | Loss: 
Placing Sensors
[Episode 31/400] Steps: 720 | Reward:  231.40 | Battery:  70.35% | Loss: 
Placing Sensors
Policy -0.0053 | Value 142.0671 | Lyap 0.0034 | Dynamics 1.7254 | Barrier 1.3997 | KL 0.00681 | CF 0.0867 | Std 0.1061 | RawLogStd 0.0039 | |a| 0.0160 | EV +0.381 | Alpha 0.5867 | MB 28/28
  cert | viol 0.466 | dV -0.162462 | V 0.2863 | inball 0.293 | a*_q05 0.00119 | a*_q50 0.01021 | dV>=0 0.016 | n=150 | a_used 0.00774 -> 0.00706
[Episode 32/400] Steps: 720 | Reward:  235.20 | Battery:  75.76% | Loss: 1.1825
Placing Sensors
[Episode 33/400] Steps: 140 | Reward:  -48.06 | Battery:   0.00% | Loss: 
Placing Sensors
[Episode 34/400] Steps: 105 | Reward:  -53.95 | Battery:   0.00% | Loss: 
Placing Sensors
[Episode 35/400] Steps: 720 | Reward:  186.37 | Battery:  59.58% | Loss: 
Placing Sensors
[Episode 36/400] Steps:  87 | Reward:  -68.52 | Battery:   0.00% | Loss: 
Placing Sensors
[Episode 37/400] Steps:  67 | Reward:  -62.52 | Battery:   0.00% | Loss: 
Placing Sensors
[Episode 38/400] Steps: 112 | Reward:  -55.32 | Battery:   0.00% | Loss: 
Placing Sensors
[Episode 39/400] Steps: 151 | Reward:  -64.41 | Battery:   0.00% | Loss: 
Placing Sensors
Policy -0.0051 | Value 119.0636 | Lyap 0.0021 | Dynamics 1.0515 | Barrier 0.2129 | KL 0.00624 | CF 0.0776 | Std 0.1064 | RawLogStd 0.0052 | |a| 0.0160 | EV +0.550 | Alpha 0.5245 | MB 36/36
  cert | viol 0.240 | dV -0.207570 | V 0.3236 | inball 0.195 | a*_q05 0.00088 | a*_q50 0.01673 | dV>=0 0.050 | n=150 | a_used 0.00706 -> 0.00671
[Episode 40/400] Steps: 720 | Reward:  196.60 | Battery:  64.89% | Loss: 0.7489
Placing Sensors
[Episode 41/400] Steps: 104 | Reward:  -75.26 | Battery:   0.00% | Loss: 
Placing Sensors
[Episode 42/400] Steps:  69 | Reward:  -57.65 | Battery:   0.00% | Loss: 
Placing Sensors
[Episode 43/400] Steps:  93 | Reward:  -59.39 | Battery:   0.00% | Loss: 
Placing Sensors
[Episode 44/400] Steps: 147 | Reward:  -63.90 | Battery:   0.00% | Loss: 
Placing Sensors
[Episode 45/400] Steps:  66 | Reward:  -60.04 | Battery:   0.00% | Loss: 
Placing Sensors
[Episode 46/400] Steps:  64 | Reward:  -63.54 | Battery:   0.00% | Loss: 
Placing Sensors
[Episode 47/400] Steps:  93 | Reward:  -59.68 | Battery:   0.00% | Loss: 
Placing Sensors
[Episode 48/400] Steps:  76 | Reward:  -65.97 | Battery:   0.00% | Loss: 
Placing Sensors
[Episode 49/400] Steps: 125 | Reward:  -58.91 | Battery:   0.00% | Loss: 
Placing Sensors
Policy 0.0141 | Value 111.9845 | Lyap 0.0022 | Dynamics 0.3828 | Barrier 0.0607 | KL 0.00477 | CF 0.0564 | Std 0.1066 | RawLogStd 0.0066 | |a| 0.0194 | EV +0.668 | Alpha 0.4827 | MB 28/28
  cert | viol 0.297 | dV -0.255432 | V 0.3997 | inball 0.111 | a*_q05 -0.01239 | a*_q50 0.02017 | dV>=0 0.176 | n=150 | a_used 0.00671 -> 0.00637
[Episode 50/400] Steps: 720 | Reward:  206.92 | Battery:  66.10% | Loss: 1.0653
Placing Sensors
[Episode 51/400] Steps: 720 | Reward:  257.87 | Battery:  81.96% | Loss: 
Placing Sensors
[Episode 52/400] Steps:  99 | Reward:  -52.57 | Battery:   0.00% | Loss: 
Placing Sensors
[Episode 53/400] Steps:  92 | Reward:  -62.55 | Battery:   0.00% | Loss: 
Placing Sensors
Policy 0.0097 | Value 430.7020 | Lyap 0.0013 | Dynamics 0.2567 | Barrier 0.0826 | KL 0.03323 | CF 0.2819 | Std 0.1068 | RawLogStd 0.0075 | |a| 0.0226 | EV +0.636 | Alpha 0.4425 | MB 14/28
  cert | viol 0.193 | dV -0.204773 | V 0.3108 | inball 0.302 | a*_q05 -0.00087 | a*_q50 0.01747 | dV>=0 0.083 | n=150 | a_used 0.00637 -> 0.00605
[Episode 54/400] Steps: 720 | Reward:  201.72 | Battery:  65.57% | Loss: 1.2483
Placing Sensors
[Episode 55/400] Steps: 132 | Reward:  -62.54 | Battery:   0.00% | Loss: 
Placing Sensors
[Episode 56/400] Steps: 720 | Reward:  136.04 | Battery:  44.74% | Loss: 
Placing Sensors
[Episode 57/400] Steps:  91 | Reward:  -55.93 | Battery:   0.00% | Loss: 
Placing Sensors
[Episode 58/400] Steps:  88 | Reward:  -74.47 | Battery:   0.00% | Loss: 
Placing Sensors
[Episode 59/400] Steps:  72 | Reward:  -62.66 | Battery:   0.00% | Loss: 
Placing Sensors
[Episode 60/400] Steps: 101 | Reward:  -74.04 | Battery:   0.00% | Loss: 
Placing Sensors
[Episode 61/400] Steps: 108 | Reward:  -61.67 | Battery:   0.00% | Loss: 
Placing Sensors
Policy 0.0045 | Value 165.9720 | Lyap 0.0018 | Dynamics 0.1772 | Barrier 0.0757 | KL 0.00936 | CF 0.1194 | Std 0.1070 | RawLogStd 0.0084 | |a| 0.0216 | EV +0.342 | Alpha 0.3971 | MB 32/32
  cert | viol 0.407 | dV -0.177206 | V 0.3107 | inball 0.091 | a*_q05 -0.02001 | a*_q50 0.01005 | dV>=0 0.211 | n=150 | a_used 0.00605 -> 0.00575
[Episode 62/400] Steps: 720 | Reward:  147.18 | Battery:  45.25% | Loss: 0.7308
Placing Sensors
[Episode 63/400] Steps:  80 | Reward:  -55.37 | Battery:   0.00% | Loss: 
Placing Sensors
[Episode 64/400] Steps:  87 | Reward:  -63.61 | Battery:   0.00% | Loss: 
Placing Sensors
[Episode 65/400] Steps: 720 | Reward:  128.33 | Battery:  43.46% | Loss: 
Placing Sensors
[Episode 66/400] Steps:  68 | Reward:  -58.21 | Battery:   0.00% | Loss: 
Placing Sensors
[Episode 67/400] Steps: 144 | Reward:  -68.01 | Battery:   0.00% | Loss: 
Placing Sensors
Policy -0.0142 | Value 156.0507 | Lyap 0.0017 | Dynamics 0.1078 | Barrier 0.0685 | KL 0.00513 | CF 0.0639 | Std 0.1072 | RawLogStd 0.0096 | |a| 0.0150 | EV +0.559 | Alpha 0.3604 | MB 32/32
  cert | viol 0.418 | dV -0.192003 | V 0.3774 | inball 0.162 | a*_q05 -0.01300 | a*_q50 0.01068 | dV>=0 0.175 | n=150 | a_used 0.00575 -> 0.00546
[Episode 68/400] Steps: 720 | Reward:  177.53 | Battery:  58.25% | Loss: 0.4660
Placing Sensors
[Episode 69/400] Steps:  88 | Reward:  -57.25 | Battery:   0.00% | Loss: 
Placing Sensors
[Episode 70/400] Steps:  76 | Reward:  -61.16 | Battery:   0.00% | Loss: 
Placing Sensors
[Episode 71/400] Steps: 129 | Reward:  -48.56 | Battery:   0.00% | Loss: 
Placing Sensors
[Episode 72/400] Steps:  82 | Reward:  -68.27 | Battery:   0.00% | Loss: 
Placing Sensors
[Episode 73/400] Steps: 100 | Reward:  -60.47 | Battery:   0.00% | Loss: 
Placing Sensors
[Episode 74/400] Steps:  87 | Reward:  -62.47 | Battery:   0.00% | Loss: 
Placing Sensors
[Episode 75/400] Steps:  86 | Reward:  -63.31 | Battery:   0.00% | Loss: 
Placing Sensors
[Episode 76/400] Steps:  78 | Reward:  -70.05 | Battery:   0.00% | Loss: 
Placing Sensors
[Episode 77/400] Steps: 120 | Reward:  -63.12 | Battery:   0.00% | Loss: 
Placing Sensors
[Episode 78/400] Steps:  69 | Reward:  -64.71 | Battery:   0.00% | Loss: 
Placing Sensors
Policy 0.0024 | Value 85.0771 | Lyap 0.0017 | Dynamics 0.0688 | Barrier 0.0580 | KL 0.00310 | CF 0.0306 | Std 0.1074 | RawLogStd 0.0107 | |a| 0.0125 | EV +0.814 | Alpha 0.3303 | MB 28/28
  cert | viol 0.583 | dV -0.152554 | V 0.4285 | inball 0.000 | a*_q05 -0.02162 | a*_q50 0.00292 | dV>=0 0.328 | n=150 | a_used 0.00546 -> 0.00519
[Episode 79/400] Steps: 720 | Reward:  134.99 | Battery:  45.52% | Loss: 0.4896
Placing Sensors
[Episode 80/400] Steps: 720 | Reward:  167.44 | Battery:  52.32% | Loss: 
Placing Sensors
[Episode 81/400] Steps:  71 | Reward:  -58.17 | Battery:   0.00% | Loss: 
Placing Sensors
[Episode 82/400] Steps: 130 | Reward:  -70.18 | Battery:   0.00% | Loss: 
Placing Sensors
[Episode 83/400] Steps:  65 | Reward:  -60.12 | Battery:   0.00% | Loss: 
Placing Sensors
[Episode 84/400] Steps:  84 | Reward:  -73.02 | Battery:   0.00% | Loss: 
Placing Sensors
Policy -0.0030 | Value 101.9014 | Lyap 0.0015 | Dynamics 0.0625 | Barrier 0.0732 | KL 0.00546 | CF 0.0619 | Std 0.1076 | RawLogStd 0.0117 | |a| 0.0132 | EV +0.756 | Alpha 0.3003 | MB 28/28
  cert | viol 0.359 | dV -0.194601 | V 0.3801 | inball 0.159 | a*_q05 -0.00184 | a*_q50 0.01022 | dV>=0 0.112 | n=150 | a_used 0.00519 -> 0.00493
[Episode 85/400] Steps: 720 | Reward:  181.07 | Battery:  59.52% | Loss: 0.5026
Placing Sensors
[Episode 86/400] Steps:  93 | Reward:  -63.16 | Battery:   0.00% | Loss: 
Placing Sensors
[Episode 87/400] Steps:  85 | Reward:  -78.51 | Battery:   0.00% | Loss: 
Placing Sensors
[Episode 88/400] Steps:  88 | Reward:  -73.31 | Battery:   0.00% | Loss: 
Placing Sensors
[Episode 89/400] Steps:  85 | Reward:  -61.25 | Battery:   0.00% | Loss: 
Placing Sensors
[Episode 90/400] Steps: 720 | Reward:  213.57 | Battery:  63.76% | Loss: 
Placing Sensors
Policy 0.0012 | Value 135.3978 | Lyap 0.0017 | Dynamics 0.0971 | Barrier 0.0763 | KL 0.01020 | CF 0.1128 | Std 0.1078 | RawLogStd 0.0127 | |a| 0.0156 | EV +0.670 | Alpha 0.2729 | MB 28/28
  cert | viol 0.070 | dV -0.196712 | V 0.2710 | inball 0.252 | a*_q05 0.00363 | a*_q50 0.01645 | dV>=0 0.019 | n=150 | a_used 0.00493 -> 0.00491
[Episode 91/400] Steps: 720 | Reward:  206.34 | Battery:  65.38% | Loss: 0.5108
Placing Sensors
[Episode 92/400] Steps:  96 | Reward:  -63.21 | Battery:   0.00% | Loss: 
Placing Sensors
[Episode 93/400] Steps:  68 | Reward:  -59.28 | Battery:   0.00% | Loss: 
Placing Sensors
[Episode 94/400] Steps: 720 | Reward:  182.91 | Battery:  52.01% | Loss: 
Placing Sensors
Policy -0.0125 | Value 123.3753 | Lyap 0.0017 | Dynamics 0.0646 | Barrier 0.0691 | KL 0.01019 | CF 0.1334 | Std 0.1080 | RawLogStd 0.0137 | |a| 0.0158 | EV +0.695 | Alpha 0.2506 | MB 28/28
  cert | viol 0.097 | dV -0.249060 | V 0.3536 | inball 0.293 | a*_q05 0.00275 | a*_q50 0.01536 | dV>=0 0.023 | n=150 | a_used 0.00491 -> 0.00488
[Episode 95/400] Steps: 720 | Reward:  236.60 | Battery:  72.98% | Loss: 0.5234
Placing Sensors
[Episode 96/400] Steps: 720 | Reward:  169.77 | Battery:  59.11% | Loss: 
Placing Sensors
[Episode 97/400] Steps: 109 | Reward:  -67.83 | Battery:   0.00% | Loss: 
Placing Sensors
[Episode 98/400] Steps:  71 | Reward:  -62.64 | Battery:   0.00% | Loss: 
Placing Sensors
[Episode 99/400] Steps:  79 | Reward:  -68.87 | Battery:   0.00% | Loss: 
Placing Sensors
Policy -0.0044 | Value 59.2885 | Lyap 0.0015 | Dynamics 0.0541 | Barrier 0.0411 | KL 0.00670 | CF 0.0938 | Std 0.1081 | RawLogStd 0.0147 | |a| 0.0145 | EV +0.848 | Alpha 0.2289 | MB 28/28
  cert | viol 0.574 | dV -0.126688 | V 0.3195 | inball 0.008 | a*_q05 -0.01076 | a*_q50 0.00355 | dV>=0 0.193 | n=150 | a_used 0.00488 -> 0.00464
[Episode 100/400] Steps: 720 | Reward:  144.47 | Battery:  48.21% | Loss: 0.3463
Placing Sensors
[Episode 101/400] Steps:  86 | Reward:  -58.31 | Battery:   0.00% | Loss: 
Placing Sensors
[Episode 102/400] Steps: 720 | Reward:  238.49 | Battery:  71.13% | Loss: 
Placing Sensors
Policy -0.0000 | Value 119.6461 | Lyap 0.0020 | Dynamics 0.0436 | Barrier 0.0581 | KL 0.00502 | CF 0.0680 | Std 0.1083 | RawLogStd 0.0154 | |a| 0.0105 | EV +0.721 | Alpha 0.2110 | MB 24/24
  cert | viol 0.063 | dV -0.249839 | V 0.2965 | inball 0.493 | a*_q05 0.00448 | a*_q50 0.02911 | dV>=0 0.000 | n=150 | a_used 0.00464 -> 0.00457
[Episode 103/400] Steps: 720 | Reward:  244.53 | Battery:  76.66% | Loss: 0.3371
Placing Sensors
[Episode 104/400] Steps: 720 | Reward:  257.07 | Battery:  75.60% | Loss: 
Placing Sensors
Policy 0.0018 | Value 169.0074 | Lyap 0.0018 | Dynamics 0.0484 | Barrier 0.0509 | KL 0.00535 | CF 0.0701 | Std 0.1084 | RawLogStd 0.0161 | |a| 0.0127 | EV +0.562 | Alpha 0.1954 | MB 24/24
  cert | viol 0.193 | dV -0.250831 | V 0.3785 | inball 0.458 | a*_q05 -0.00004 | a*_q50 0.02401 | dV>=0 0.064 | n=150 | a_used 0.00457 -> 0.00434
[Episode 105/400] Steps: 720 | Reward:  235.48 | Battery:  77.62% | Loss: 0.4108
Placing Sensors
[Episode 106/400] Steps: 720 | Reward:  206.99 | Battery:  61.33% | Loss: 
Placing Sensors
[Episode 107/400] Steps: 110 | Reward:  -65.99 | Battery:   0.00% | Loss: 
Placing Sensors
Policy 0.0159 | Value 132.6309 | Lyap 0.0019 | Dynamics 0.0620 | Barrier 0.0561 | KL 0.00582 | CF 0.0744 | Std 0.1085 | RawLogStd 0.0168 | |a| 0.0150 | EV +0.762 | Alpha 0.1799 | MB 28/28
  cert | viol 0.092 | dV -0.224192 | V 0.3131 | inball 0.343 | a*_q05 0.00212 | a*_q50 0.01988 | dV>=0 0.037 | n=150 | a_used 0.00434 -> 0.00416
[Episode 108/400] Steps: 720 | Reward:  222.20 | Battery:  68.31% | Loss: 0.5381
Placing Sensors
[Episode 109/400] Steps:  88 | Reward:  -71.42 | Battery:   0.00% | Loss: 
Placing Sensors
[Episode 110/400] Steps:  93 | Reward:  -52.72 | Battery:   0.00% | Loss: 
Placing Sensors
[Episode 111/400] Steps: 119 | Reward:  -60.66 | Battery:   0.00% | Loss: 
Placing Sensors
[Episode 112/400] Steps: 720 | Reward:  232.57 | Battery:  69.10% | Loss: 
Placing Sensors
[Episode 113/400] Steps: 124 | Reward:  -57.63 | Battery:   0.00% | Loss: 
Placing Sensors
[Episode 114/400] Steps:  94 | Reward:  -57.70 | Battery:   0.00% | Loss: 
Placing Sensors
[Episode 115/400] Steps:  85 | Reward:  -76.91 | Battery:   0.00% | Loss: 
Placing Sensors
[Episode 116/400] Steps:  67 | Reward:  -64.57 | Battery:   0.00% | Loss: 
Placing Sensors
Policy -0.0291 | Value 128.5454 | Lyap 0.0021 | Dynamics 0.0433 | Barrier 0.0617 | KL 0.00899 | CF 0.1113 | Std 0.1087 | RawLogStd 0.0174 | |a| 0.0114 | EV +0.584 | Alpha 0.1656 | MB 28/28
  cert | viol 0.000 | dV -0.246974 | V 0.2588 | inball 0.259 | a*_q05 0.01421 | a*_q50 0.03985 | dV>=0 0.000 | n=150 | a_used 0.00416 -> 0.00435
[Episode 117/400] Steps: 169 | Reward:  -57.09 | Battery:   0.00% | Loss: 0.0399
Placing Sensors
[Episode 118/400] Steps: 123 | Reward:  -67.05 | Battery:   0.00% | Loss: 
Placing Sensors
[Episode 119/400] Steps: 720 | Reward:  198.80 | Battery:  65.67% | Loss: 
Placing Sensors
Policy -0.0195 | Value 160.8996 | Lyap 0.0021 | Dynamics 0.0333 | Barrier 0.0588 | KL 0.00616 | CF 0.0837 | Std 0.1088 | RawLogStd 0.0180 | |a| 0.0134 | EV +0.595 | Alpha 0.1523 | MB 28/28
  cert | viol 0.263 | dV -0.248375 | V 0.3851 | inball 0.320 | a*_q05 -0.00385 | a*_q50 0.02382 | dV>=0 0.156 | n=150 | a_used 0.00435 -> 0.00413
[Episode 120/400] Steps: 720 | Reward:  248.31 | Battery:  72.25% | Loss: 0.2698
Placing Sensors
[Episode 121/400] Steps:  95 | Reward:  -67.41 | Battery:   0.00% | Loss: 
Placing Sensors
[Episode 122/400] Steps:  82 | Reward:  -63.33 | Battery:   0.00% | Loss: 
Placing Sensors
[Episode 123/400] Steps: 101 | Reward:  -73.45 | Battery:   0.00% | Loss: 
Placing Sensors
[Episode 124/400] Steps:  67 | Reward:  -62.54 | Battery:   0.00% | Loss: 
Placing Sensors
[Episode 125/400] Steps: 720 | Reward:  148.14 | Battery:  35.65% | Loss: 
Placing Sensors
[Episode 126/400] Steps:  78 | Reward:  -55.66 | Battery:   0.00% | Loss: 
Placing Sensors
Policy -0.0082 | Value 155.3556 | Lyap 0.0019 | Dynamics 0.0320 | Barrier 0.0631 | KL 0.00546 | CF 0.0642 | Std 0.1089 | RawLogStd 0.0186 | |a| 0.0137 | EV +0.677 | Alpha 0.1379 | MB 32/32
  cert | viol 0.259 | dV -0.207590 | V 0.3483 | inball 0.234 | a*_q05 -0.00627 | a*_q50 0.01977 | dV>=0 0.126 | n=150 | a_used 0.00413 -> 0.00393
[Episode 127/400] Steps: 720 | Reward:  181.43 | Battery:  52.51% | Loss: -0.1112
Placing Sensors
[Episode 128/400] Steps: 130 | Reward:  -68.60 | Battery:   0.00% | Loss: 
Placing Sensors
[Episode 129/400] Steps: 104 | Reward:  -59.24 | Battery:   0.00% | Loss: 
Placing Sensors
[Episode 130/400] Steps:  58 | Reward:  -60.37 | Battery:   0.00% | Loss: 
Placing Sensors
[Episode 131/400] Steps:  68 | Reward:  -61.17 | Battery:   0.00% | Loss: 
Placing Sensors
[Episode 132/400] Steps: 720 | Reward:  228.96 | Battery:  66.64% | Loss: 
Placing Sensors
[Episode 133/400] Steps: 153 | Reward:  -60.80 | Battery:   0.00% | Loss: 
Placing Sensors
Policy 0.0007 | Value 112.0226 | Lyap 0.0022 | Dynamics 0.0294 | Barrier 0.0713 | KL 0.00567 | CF 0.0704 | Std 0.1090 | RawLogStd 0.0192 | |a| 0.0156 | EV +0.726 | Alpha 0.1243 | MB 32/32
  cert | viol 0.159 | dV -0.250008 | V 0.3432 | inball 0.240 | a*_q05 -0.01333 | a*_q50 0.02320 | dV>=0 0.081 | n=150 | a_used 0.00393 -> 0.00373
[Episode 134/400] Steps: 720 | Reward:  154.16 | Battery:  49.32% | Loss: 0.3240
Placing Sensors
[Episode 135/400] Steps: 720 | Reward:  217.02 | Battery:  59.85% | Loss: 
Placing Sensors
Policy -0.0017 | Value 177.8905 | Lyap 0.0030 | Dynamics 0.0263 | Barrier 0.0454 | KL 0.00501 | CF 0.0551 | Std 0.1091 | RawLogStd 0.0197 | |a| 0.0147 | EV +0.550 | Alpha 0.1151 | MB 24/24
  cert | viol 0.198 | dV -0.213674 | V 0.3009 | inball 0.392 | a*_q05 0.00037 | a*_q50 0.02619 | dV>=0 0.018 | n=150 | a_used 0.00373 -> 0.00356
[Episode 136/400] Steps: 720 | Reward:  175.05 | Battery:  54.60% | Loss: 0.2419
Placing Sensors
[Episode 137/400] Steps:  88 | Reward:  -56.96 | Battery:   0.00% | Loss: 
Placing Sensors
[Episode 138/400] Steps:  78 | Reward:  -65.69 | Battery:   0.00% | Loss: 
Placing Sensors
[Episode 139/400] Steps: 142 | Reward:  -52.57 | Battery:   0.00% | Loss: 
Placing Sensors
[Episode 140/400] Steps: 720 | Reward:  163.29 | Battery:  53.90% | Loss: 
Placing Sensors
[Episode 141/400] Steps:  73 | Reward:  -66.28 | Battery:   0.00% | Loss: 
Placing Sensors
Policy 0.0151 | Value 157.9132 | Lyap 0.0034 | Dynamics 0.0333 | Barrier 0.0688 | KL 0.00958 | CF 0.1251 | Std 0.1092 | RawLogStd 0.0202 | |a| 0.0156 | EV +0.697 | Alpha 0.1045 | MB 32/32
  cert | viol 0.325 | dV -0.225986 | V 0.4054 | inball 0.172 | a*_q05 -0.01228 | a*_q50 0.01059 | dV>=0 0.175 | n=150 | a_used 0.00356 -> 0.00338
[Episode 142/400] Steps: 720 | Reward:  223.70 | Battery:  62.37% | Loss: 0.4113
Placing Sensors
[Episode 143/400] Steps: 720 | Reward:  230.76 | Battery:  68.24% | Loss: 
Placing Sensors
Policy 0.0029 | Value 92.7375 | Lyap 0.0018 | Dynamics 0.0428 | Barrier 0.0739 | KL 0.00689 | CF 0.0834 | Std 0.1093 | RawLogStd 0.0205 | |a| 0.0256 | EV +0.795 | Alpha 0.0967 | MB 24/24
  cert | viol 0.241 | dV -0.182832 | V 0.3099 | inball 0.354 | a*_q05 -0.00006 | a*_q50 0.01935 | dV>=0 0.058 | n=150 | a_used 0.00338 -> 0.00321
[Episode 144/400] Steps: 720 | Reward:  202.36 | Battery:  68.07% | Loss: 0.2661
Placing Sensors
[Episode 145/400] Steps:  89 | Reward:  -74.12 | Battery:   0.00% | Loss: 
Placing Sensors
[Episode 146/400] Steps: 157 | Reward:  -43.32 | Battery:   0.00% | Loss: 
Placing Sensors
[Episode 147/400] Steps: 720 | Reward:  165.46 | Battery:  45.48% | Loss: 
Placing Sensors
[Episode 148/400] Steps:  81 | Reward:  -70.73 | Battery:   0.00% | Loss: 
Placing Sensors
Policy -0.0040 | Value 110.3154 | Lyap 0.0016 | Dynamics 0.0688 | Barrier 0.0825 | KL 0.00877 | CF 0.1162 | Std 0.1093 | RawLogStd 0.0209 | |a| 0.0272 | EV +0.818 | Alpha 0.0881 | MB 28/28
  cert | viol 0.184 | dV -0.194903 | V 0.2965 | inball 0.172 | a*_q05 -0.01008 | a*_q50 0.01117 | dV>=0 0.121 | n=150 | a_used 0.00321 -> 0.00305
[Episode 149/400] Steps: 720 | Reward:  149.37 | Battery:  52.39% | Loss: 0.1900
Placing Sensors
[Episode 150/400] Steps: 131 | Reward:  -50.40 | Battery:   0.00% | Loss: 
Placing Sensors
[Episode 151/400] Steps: 720 | Reward:  200.29 | Battery:  64.56% | Loss: 
Placing Sensors
[Episode 152/400] Steps:  73 | Reward:  -68.16 | Battery:   0.00% | Loss: 
Placing Sensors
[Episode 153/400] Steps: 142 | Reward:  -58.29 | Battery:   0.00% | Loss: 
Placing Sensors
Policy -0.0014 | Value 111.3793 | Lyap 0.0018 | Dynamics 0.0485 | Barrier 0.0680 | KL 0.00923 | CF 0.1006 | Std 0.1094 | RawLogStd 0.0214 | |a| 0.0295 | EV +0.746 | Alpha 0.0801 | MB 28/28
  cert | viol 0.278 | dV -0.171197 | V 0.2560 | inball 0.185 | a*_q05 -0.01563 | a*_q50 0.00964 | dV>=0 0.157 | n=150 | a_used 0.00305 -> 0.00290
[Episode 154/400] Steps: 720 | Reward:  204.74 | Battery:  66.87% | Loss: 0.1906
Placing Sensors
[Episode 155/400] Steps: 720 | Reward:  204.76 | Battery:  62.43% | Loss: 
Placing Sensors
[Episode 156/400] Steps: 141 | Reward:  -62.71 | Battery:   0.00% | Loss: 
Placing Sensors
Policy -0.0073 | Value 111.5009 | Lyap 0.0015 | Dynamics 0.0417 | Barrier 0.0747 | KL 0.00639 | CF 0.0837 | Std 0.1095 | RawLogStd 0.0218 | |a| 0.0299 | EV +0.794 | Alpha 0.0736 | MB 28/28
  cert | viol 0.175 | dV -0.211839 | V 0.3724 | inball 0.254 | a*_q05 0.00025 | a*_q50 0.01704 | dV>=0 0.052 | n=150 | a_used 0.00290 -> 0.00275
[Episode 157/400] Steps: 720 | Reward:  208.80 | Battery:  69.06% | Loss: 0.1776
Placing Sensors
[Episode 158/400] Steps: 720 | Reward:  194.94 | Battery:  61.24% | Loss: 
Placing Sensors
Policy 0.0025 | Value 91.4884 | Lyap 0.0015 | Dynamics 0.0525 | Barrier 0.0500 | KL 0.00958 | CF 0.1197 | Std 0.1095 | RawLogStd 0.0219 | |a| 0.0356 | EV +0.770 | Alpha 0.0682 | MB 24/24
  cert | viol 0.187 | dV -0.211724 | V 0.3449 | inball 0.210 | a*_q05 -0.00312 | a*_q50 0.01222 | dV>=0 0.094 | n=150 | a_used 0.00275 -> 0.00261
[Episode 159/400] Steps: 720 | Reward:  193.42 | Battery:  58.59% | Loss: 0.0953
Placing Sensors
[Episode 160/400] Steps: 141 | Reward:  -57.48 | Battery:   0.00% | Loss: 
Placing Sensors
[Episode 161/400] Steps: 720 | Reward:  191.14 | Battery:  62.09% | Loss: 
Placing Sensors
[Episode 162/400] Steps:  94 | Reward:  -73.71 | Battery:   0.00% | Loss: 
Placing Sensors
[Episode 163/400] Steps:  67 | Reward:  -60.49 | Battery:   0.00% | Loss: 
Placing Sensors
Policy -0.0035 | Value 105.7247 | Lyap 0.0014 | Dynamics 0.0385 | Barrier 0.0827 | KL 0.00586 | CF 0.0697 | Std 0.1095 | RawLogStd 0.0220 | |a| 0.0271 | EV +0.766 | Alpha 0.0621 | MB 28/28
  cert | viol 0.118 | dV -0.173037 | V 0.2748 | inball 0.268 | a*_q05 0.00061 | a*_q50 0.01741 | dV>=0 0.038 | n=150 | a_used 0.00261 -> 0.00244
[Episode 164/400] Steps: 720 | Reward:  210.24 | Battery:  69.97% | Loss: 0.1660
Placing Sensors
[Episode 165/400] Steps: 720 | Reward:  162.26 | Battery:  53.32% | Loss: 
Placing Sensors
[Episode 166/400] Steps:  77 | Reward:  -61.97 | Battery:   0.00% | Loss: 
Placing Sensors
[Episode 167/400] Steps: 110 | Reward:  -54.10 | Battery:   0.00% | Loss: 
Placing Sensors
Policy 0.0006 | Value 102.6505 | Lyap 0.0016 | Dynamics 0.0397 | Barrier 0.0491 | KL 0.01591 | CF 0.1807 | Std 0.1096 | RawLogStd 0.0222 | |a| 0.0342 | EV +0.763 | Alpha 0.0569 | MB 28/28
  cert | viol 0.186 | dV -0.148398 | V 0.2775 | inball 0.151 | a*_q05 -0.02336 | a*_q50 0.01189 | dV>=0 0.126 | n=150 | a_used 0.00244 -> 0.00232
[Episode 168/400] Steps: 720 | Reward:   96.00 | Battery:  24.21% | Loss: 0.2525
Placing Sensors
[Episode 169/400] Steps: 720 | Reward:  213.10 | Battery:  67.75% | Loss: 
Placing Sensors
[Episode 170/400] Steps:  87 | Reward:  -58.08 | Battery:   0.00% | Loss: 
Placing Sensors
Policy -0.0009 | Value 88.3726 | Lyap 0.0015 | Dynamics 0.0342 | Barrier 0.0472 | KL 0.00978 | CF 0.1311 | Std 0.1096 | RawLogStd 0.0225 | |a| 0.0270 | EV +0.848 | Alpha 0.0525 | MB 24/24
  cert | viol 0.086 | dV -0.238726 | V 0.3395 | inball 0.331 | a*_q05 0.00100 | a*_q50 0.02242 | dV>=0 0.039 | n=150 | a_used 0.00232 -> 0.00223
[Episode 171/400] Steps: 720 | Reward:  182.45 | Battery:  56.83% | Loss: 0.2035
Placing Sensors
[Episode 172/400] Steps: 720 | Reward:  187.79 | Battery:  64.10% | Loss: 
Placing Sensors
Policy -0.0017 | Value 96.0596 | Lyap 0.0040 | Dynamics 0.0401 | Barrier 0.0562 | KL 0.00863 | CF 0.1122 | Std 0.1097 | RawLogStd 0.0226 | |a| 0.0302 | EV +0.775 | Alpha 0.0486 | MB 24/24
  cert | viol 0.217 | dV -0.197653 | V 0.3378 | inball 0.171 | a*_q05 -0.01441 | a*_q50 0.00853 | dV>=0 0.141 | n=150 | a_used 0.00223 -> 0.00211
[Episode 173/400] Steps: 720 | Reward:  152.13 | Battery:  48.15% | Loss: 0.1579
Placing Sensors
[Episode 174/400] Steps: 720 | Reward:  159.65 | Battery:  54.67% | Loss: 
Placing Sensors
[Episode 175/400] Steps:  65 | Reward:  -62.64 | Battery:   0.00% | Loss: 
Placing Sensors
Policy -0.0121 | Value 110.3278 | Lyap 0.0048 | Dynamics 0.0423 | Barrier 0.0715 | KL 0.01119 | CF 0.1507 | Std 0.1097 | RawLogStd 0.0227 | |a| 0.0262 | EV +0.825 | Alpha 0.0449 | MB 24/24
  cert | viol 0.160 | dV -0.228448 | V 0.4045 | inball 0.283 | a*_q05 -0.00170 | a*_q50 0.01339 | dV>=0 0.107 | n=150 | a_used 0.00211 -> 0.00201
[Episode 176/400] Steps: 720 | Reward:  220.51 | Battery:  67.59% | Loss: 0.1471
Placing Sensors
[Episode 177/400] Steps: 720 | Reward:  263.18 | Battery:  72.37% | Loss: 
Placing Sensors
[Episode 178/400] Steps: 112 | Reward:  -51.05 | Battery:   0.00% | Loss: 
Placing Sensors
Policy 0.0276 | Value 126.1051 | Lyap 0.0044 | Dynamics 0.0340 | Barrier 0.0548 | KL 0.00969 | CF 0.1258 | Std 0.1097 | RawLogStd 0.0230 | |a| 0.0243 | EV +0.675 | Alpha 0.0413 | MB 28/28
  cert | viol 0.008 | dV -0.227223 | V 0.2917 | inball 0.456 | a*_q05 0.00433 | a*_q50 0.02932 | dV>=0 0.000 | n=150 | a_used 0.00201 -> 0.00215
[Episode 179/400] Steps: 720 | Reward:  242.59 | Battery:  72.12% | Loss: 0.0996
Placing Sensors
[Episode 180/400] Steps: 720 | Reward:  192.00 | Battery:  62.20% | Loss: 
Placing Sensors
Policy -0.0035 | Value 106.4997 | Lyap 0.0047 | Dynamics 0.0232 | Barrier 0.0813 | KL 0.00831 | CF 0.1041 | Std 0.1097 | RawLogStd 0.0231 | |a| 0.0293 | EV +0.842 | Alpha 0.0383 | MB 24/24
  cert | viol 0.129 | dV -0.227700 | V 0.3480 | inball 0.327 | a*_q05 -0.00122 | a*_q50 0.01583 | dV>=0 0.094 | n=150 | a_used 0.00215 -> 0.00205
[Episode 181/400] Steps: 720 | Reward:  233.37 | Battery:  78.27% | Loss: 0.0572
Placing Sensors
[Episode 182/400] Steps: 720 | Reward:  157.97 | Battery:  45.94% | Loss: 
Placing Sensors
[Episode 183/400] Steps:  91 | Reward:  -53.61 | Battery:   0.00% | Loss: 
Placing Sensors
Policy -0.0030 | Value 117.9984 | Lyap 0.0058 | Dynamics 0.0270 | Barrier 0.0630 | KL 0.00892 | CF 0.1144 | Std 0.1097 | RawLogStd 0.0231 | |a| 0.0205 | EV +0.799 | Alpha 0.0353 | MB 24/24
  cert | viol 0.142 | dV -0.213521 | V 0.3563 | inball 0.233 | a*_q05 -0.00939 | a*_q50 0.01406 | dV>=0 0.090 | n=150 | a_used 0.00205 -> 0.00194
[Episode 184/400] Steps: 720 | Reward:  222.61 | Battery:  69.54% | Loss: 0.0813
Placing Sensors
[Episode 185/400] Steps: 118 | Reward:  -59.51 | Battery:   0.00% | Loss: 
Placing Sensors
[Episode 186/400] Steps: 720 | Reward:  228.33 | Battery:  73.42% | Loss: 
Placing Sensors
[Episode 187/400] Steps:  71 | Reward:  -58.80 | Battery:   0.00% | Loss: 
Placing Sensors
Policy 0.0028 | Value 110.8360 | Lyap 0.0036 | Dynamics 0.0232 | Barrier 0.0630 | KL 0.00737 | CF 0.0919 | Std 0.1097 | RawLogStd 0.0231 | |a| 0.0235 | EV +0.810 | Alpha 0.0323 | MB 28/28
  cert | viol 0.002 | dV -0.238251 | V 0.2999 | inball 0.435 | a*_q05 0.00493 | a*_q50 0.02612 | dV>=0 0.000 | n=150 | a_used 0.00194 -> 0.00207
[Episode 188/400] Steps: 720 | Reward:  237.99 | Battery:  59.13% | Loss: 0.2919
Placing Sensors
[Episode 189/400] Steps: 720 | Reward:  255.90 | Battery:  72.71% | Loss: 
Placing Sensors
Policy -0.0043 | Value 89.4256 | Lyap 0.0027 | Dynamics 0.0226 | Barrier 0.0420 | KL 0.00738 | CF 0.1017 | Std 0.1098 | RawLogStd 0.0231 | |a| 0.0212 | EV +0.850 | Alpha 0.0299 | MB 24/24
  cert | viol 0.347 | dV -0.154097 | V 0.2991 | inball 0.240 | a*_q05 -0.00458 | a*_q50 0.00583 | dV>=0 0.258 | n=150 | a_used 0.00207 -> 0.00196
[Episode 190/400] Steps: 720 | Reward:  105.42 | Battery:  35.43% | Loss: 0.2228
Placing Sensors
[Episode 191/400] Steps: 720 | Reward:  273.20 | Battery:  74.55% | Loss: 
Placing Sensors
[Episode 192/400] Steps:  80 | Reward:  -61.93 | Battery:   0.00% | Loss: 
Placing Sensors
[Episode 193/400] Steps:  66 | Reward:  -62.06 | Battery:   0.00% | Loss: 
Placing Sensors
[Episode 194/400] Steps: 101 | Reward:  -53.63 | Battery:   0.00% | Loss: 
Placing Sensors
[Episode 195/400] Steps: 109 | Reward:  -70.11 | Battery:   0.00% | Loss: 
Placing Sensors
Policy -0.0471 | Value 166.5958 | Lyap 0.0043 | Dynamics 0.0244 | Barrier 0.0645 | KL 0.00947 | CF 0.1074 | Std 0.1098 | RawLogStd 0.0234 | |a| 0.0230 | EV +0.640 | Alpha 0.0272 | MB 32/32
  cert | viol 0.020 | dV -0.263222 | V 0.3068 | inball 0.373 | a*_q05 0.00761 | a*_q50 0.03156 | dV>=0 0.000 | n=150 | a_used 0.00196 -> 0.00213
[Episode 196/400] Steps: 720 | Reward:  220.02 | Battery:  69.44% | Loss: 0.4395
Placing Sensors
[Episode 197/400] Steps: 720 | Reward:  222.36 | Battery:  71.46% | Loss: 
Placing Sensors
[Episode 198/400] Steps:  67 | Reward:  -58.10 | Battery:   0.00% | Loss: 
Placing Sensors
Policy -0.0024 | Value 128.2561 | Lyap 0.0055 | Dynamics 0.0228 | Barrier 0.0492 | KL 0.00946 | CF 0.1094 | Std 0.1098 | RawLogStd 0.0235 | |a| 0.0230 | EV +0.745 | Alpha 0.0251 | MB 24/24
  cert | viol 0.191 | dV -0.216636 | V 0.3702 | inball 0.375 | a*_q05 -0.00147 | a*_q50 0.01983 | dV>=0 0.138 | n=150 | a_used 0.00213 -> 0.00202
[Episode 199/400] Steps: 720 | Reward:  266.43 | Battery:  79.28% | Loss: 0.2072
Placing Sensors
[Episode 200/400] Steps: 720 | Reward:  211.80 | Battery:  68.86% | Loss: 
Placing Sensors
Policy -0.0050 | Value 134.8112 | Lyap 0.0066 | Dynamics 0.0176 | Barrier 0.0423 | KL 0.00902 | CF 0.1193 | Std 0.1098 | RawLogStd 0.0236 | |a| 0.0217 | EV +0.778 | Alpha 0.0233 | MB 24/24
  cert | viol 0.000 | dV -0.228017 | V 0.2861 | inball 0.435 | a*_q05 0.00512 | a*_q50 0.02229 | dV>=0 0.000 | n=150 | a_used 0.00202 -> 0.00212
[Episode 201/400] Steps: 720 | Reward:  217.15 | Battery:  58.34% | Loss: 0.2051
Placing Sensors
[Episode 202/400] Steps: 720 | Reward:  222.83 | Battery:  65.91% | Loss: 
Placing Sensors
[Episode 203/400] Steps:  68 | Reward:  -59.16 | Battery:   0.00% | Loss: 
Placing Sensors
Policy -0.0072 | Value 101.6858 | Lyap 0.0047 | Dynamics 0.0246 | Barrier 0.0528 | KL 0.00700 | CF 0.0892 | Std 0.1099 | RawLogStd 0.0236 | |a| 0.0343 | EV +0.796 | Alpha 0.0215 | MB 24/24
  cert | viol 0.036 | dV -0.269354 | V 0.3588 | inball 0.349 | a*_q05 0.00280 | a*_q50 0.02260 | dV>=0 0.003 | n=150 | a_used 0.00212 -> 0.00218
[Episode 204/400] Steps: 720 | Reward:  197.13 | Battery:  57.43% | Loss: 0.1461
Placing Sensors
[Episode 205/400] Steps: 720 | Reward:  185.03 | Battery:  62.40% | Loss: 
Placing Sensors
[Episode 206/400] Steps:  86 | Reward:  -71.71 | Battery:   0.00% | Loss: 
Placing Sensors
Policy -0.0068 | Value 130.8937 | Lyap 0.0057 | Dynamics 0.0196 | Barrier 0.0482 | KL 0.00872 | CF 0.1097 | Std 0.1098 | RawLogStd 0.0236 | |a| 0.0335 | EV +0.777 | Alpha 0.0198 | MB 24/24
  cert | viol 0.024 | dV -0.228357 | V 0.3016 | inball 0.347 | a*_q05 0.00466 | a*_q50 0.01942 | dV>=0 0.000 | n=150 | a_used 0.00218 -> 0.00226
[Episode 207/400] Steps: 720 | Reward:  253.14 | Battery:  76.70% | Loss: 0.1209
Placing Sensors
[Episode 208/400] Steps: 720 | Reward:  216.96 | Battery:  66.18% | Loss: 
Placing Sensors
Policy 0.0052 | Value 139.0284 | Lyap 0.0080 | Dynamics 0.0218 | Barrier 0.0687 | KL 0.01255 | CF 0.1542 | Std 0.1098 | RawLogStd 0.0236 | |a| 0.0258 | EV +0.808 | Alpha 0.0183 | MB 24/24
  cert | viol 0.062 | dV -0.256460 | V 0.3266 | inball 0.427 | a*_q05 0.00262 | a*_q50 0.02800 | dV>=0 0.000 | n=150 | a_used 0.00226 -> 0.00231
[Episode 209/400] Steps: 720 | Reward:  231.11 | Battery:  66.18% | Loss: 0.1896
Placing Sensors
[Episode 210/400] Steps: 720 | Reward:  219.18 | Battery:  64.11% | Loss: 
Placing Sensors
Policy -0.0031 | Value 127.6879 | Lyap 0.0105 | Dynamics 0.0217 | Barrier 0.0500 | KL 0.00843 | CF 0.0933 | Std 0.1099 | RawLogStd 0.0237 | |a| 0.0253 | EV +0.719 | Alpha 0.0170 | MB 24/24
  cert | viol 0.126 | dV -0.259896 | V 0.3779 | inball 0.405 | a*_q05 0.00043 | a*_q50 0.02205 | dV>=0 0.022 | n=150 | a_used 0.00231 -> 0.00216
[Episode 211/400] Steps: 720 | Reward:  234.94 | Battery:  70.64% | Loss: 0.0567
Placing Sensors
[Episode 212/400] Steps: 720 | Reward:  220.28 | Battery:  63.27% | Loss: 
Placing Sensors
[Episode 213/400] Steps: 158 | Reward:  -54.58 | Battery:   0.00% | Loss: 
Placing Sensors
Policy -0.0013 | Value 108.4980 | Lyap 0.0073 | Dynamics 0.0177 | Barrier 0.0519 | KL 0.01042 | CF 0.1254 | Std 0.1099 | RawLogStd 0.0238 | |a| 0.0200 | EV +0.764 | Alpha 0.0156 | MB 28/28
  cert | viol 0.025 | dV -0.214223 | V 0.2577 | inball 0.426 | a*_q05 0.00390 | a*_q50 0.03024 | dV>=0 0.022 | n=150 | a_used 0.00216 -> 0.00229
[Episode 214/400] Steps: 720 | Reward:  265.60 | Battery:  72.14% | Loss: 0.1566
Placing Sensors
[Episode 215/400] Steps: 720 | Reward:  248.39 | Battery:  84.41% | Loss: 
Placing Sensors
Policy -0.0044 | Value 45.2916 | Lyap 0.0035 | Dynamics 0.0137 | Barrier 0.0596 | KL 0.00954 | CF 0.1177 | Std 0.1099 | RawLogStd 0.0238 | |a| 0.0309 | EV +0.779 | Alpha 0.0144 | MB 24/24
  cert | viol 0.356 | dV -0.116734 | V 0.3479 | inball 0.146 | a*_q05 -0.00198 | a*_q50 0.00484 | dV>=0 0.274 | n=150 | a_used 0.00229 -> 0.00217
[Episode 216/400] Steps: 720 | Reward:  139.48 | Battery:  43.02% | Loss: 0.1597
Placing Sensors
[Episode 217/400] Steps:  99 | Reward:  -51.61 | Battery:   0.00% | Loss: 
Placing Sensors
[Episode 218/400] Steps: 720 | Reward:  269.69 | Battery:  79.17% | Loss: 
Placing Sensors
Policy -0.0198 | Value 141.7704 | Lyap 0.0035 | Dynamics 0.0129 | Barrier 0.0775 | KL 0.00875 | CF 0.1081 | Std 0.1099 | RawLogStd 0.0239 | |a| 0.0320 | EV +0.696 | Alpha 0.0133 | MB 28/28
  cert | viol 0.030 | dV -0.296136 | V 0.3543 | inball 0.434 | a*_q05 0.00548 | a*_q50 0.02910 | dV>=0 0.003 | n=150 | a_used 0.00217 -> 0.00217
[Episode 219/400] Steps: 720 | Reward:  210.19 | Battery:  60.17% | Loss: 0.1427
Placing Sensors
[Episode 220/400] Steps:  82 | Reward:  -63.10 | Battery:   0.00% | Loss: 
Placing Sensors
[Episode 221/400] Steps:  68 | Reward:  -57.54 | Battery:   0.00% | Loss: 
Placing Sensors
[Episode 222/400] Steps: 720 | Reward:  202.89 | Battery:  57.61% | Loss: 
Placing Sensors
Policy -0.0144 | Value 98.2125 | Lyap 0.0087 | Dynamics 0.0172 | Barrier 0.0602 | KL 0.00866 | CF 0.1146 | Std 0.1099 | RawLogStd 0.0239 | |a| 0.0271 | EV +0.776 | Alpha 0.0122 | MB 28/28
  cert | viol 0.168 | dV -0.197932 | V 0.3033 | inball 0.285 | a*_q05 -0.01274 | a*_q50 0.01929 | dV>=0 0.104 | n=150 | a_used 0.00217 -> 0.00200
[Episode 223/400] Steps: 720 | Reward:  210.78 | Battery:  66.94% | Loss: 0.0479
Placing Sensors
[Episode 224/400] Steps: 720 | Reward:  188.84 | Battery:  58.61% | Loss: 
Placing Sensors
[Episode 225/400] Steps: 152 | Reward:  -49.00 | Battery:   0.00% | Loss: 
Placing Sensors
Policy 0.0033 | Value 58.8626 | Lyap 0.0094 | Dynamics 0.0168 | Barrier 0.0663 | KL 0.00522 | CF 0.0637 | Std 0.1099 | RawLogStd 0.0240 | |a| 0.0235 | EV +0.809 | Alpha 0.0112 | MB 28/28
  cert | viol 0.136 | dV -0.203434 | V 0.3240 | inball 0.283 | a*_q05 0.00055 | a*_q50 0.01861 | dV>=0 0.018 | n=150 | a_used 0.00200 -> 0.00193
[Episode 226/400] Steps: 720 | Reward:  257.83 | Battery:  80.39% | Loss: 0.1860
Placing Sensors
[Episode 227/400] Steps: 145 | Reward:  -60.39 | Battery:   0.00% | Loss: 
Placing Sensors
[Episode 228/400] Steps:  99 | Reward:  -64.46 | Battery:   0.00% | Loss: 
Placing Sensors
[Episode 229/400] Steps: 720 | Reward:  244.07 | Battery:  75.92% | Loss: 
Placing Sensors
[Episode 230/400] Steps: 104 | Reward:  -63.04 | Battery:   0.00% | Loss: 
Placing Sensors
Policy -0.0033 | Value 105.0679 | Lyap 0.0053 | Dynamics 0.0210 | Barrier 0.0650 | KL 0.00696 | CF 0.0964 | Std 0.1099 | RawLogStd 0.0240 | |a| 0.0300 | EV +0.797 | Alpha 0.0102 | MB 28/28
  cert | viol 0.068 | dV -0.217328 | V 0.3349 | inball 0.228 | a*_q05 0.00114 | a*_q50 0.01495 | dV>=0 0.037 | n=150 | a_used 0.00193 -> 0.00190
[Episode 231/400] Steps: 720 | Reward:  179.49 | Battery:  61.03% | Loss: 0.0237
Placing Sensors
[Episode 232/400] Steps:  83 | Reward:  -71.66 | Battery:   0.00% | Loss: 
Placing Sensors
[Episode 233/400] Steps: 720 | Reward:  216.26 | Battery:  61.56% | Loss: 
Placing Sensors
[Episode 234/400] Steps: 113 | Reward:  -72.42 | Battery:   0.00% | Loss: 
Placing Sensors
Policy -0.0018 | Value 92.4780 | Lyap 0.0049 | Dynamics 0.0160 | Barrier 0.0481 | KL 0.00677 | CF 0.0802 | Std 0.1099 | RawLogStd 0.0239 | |a| 0.0204 | EV +0.837 | Alpha 0.0100 | MB 28/28
  cert | viol 0.051 | dV -0.206013 | V 0.2951 | inball 0.295 | a*_q05 0.00205 | a*_q50 0.01715 | dV>=0 0.000 | n=150 | a_used 0.00190 -> 0.00192
[Episode 235/400] Steps: 720 | Reward:  184.35 | Battery:  56.96% | Loss: 0.2326
Placing Sensors
[Episode 236/400] Steps:  89 | Reward:  -75.46 | Battery:   0.00% | Loss: 
Placing Sensors
[Episode 237/400] Steps: 720 | Reward:  188.43 | Battery:  61.24% | Loss: 
Placing Sensors
Policy -0.0055 | Value 75.3260 | Lyap 0.0059 | Dynamics 0.0158 | Barrier 0.0773 | KL 0.00741 | CF 0.0958 | Std 0.1099 | RawLogStd 0.0239 | |a| 0.0260 | EV +0.859 | Alpha 0.0100 | MB 24/24
  cert | viol 0.062 | dV -0.233086 | V 0.3293 | inball 0.268 | a*_q05 0.00171 | a*_q50 0.01994 | dV>=0 0.020 | n=150 | a_used 0.00192 -> 0.00191
[Episode 238/400] Steps: 720 | Reward:  161.69 | Battery:  48.08% | Loss: 0.1664
Placing Sensors
[Episode 239/400] Steps: 720 | Reward:  211.58 | Battery:  66.95% | Loss: 
Placing Sensors
Policy -0.0029 | Value 100.9653 | Lyap 0.0090 | Dynamics 0.0174 | Barrier 0.0396 | KL 0.00970 | CF 0.1307 | Std 0.1099 | RawLogStd 0.0237 | |a| 0.0213 | EV +0.813 | Alpha 0.0100 | MB 24/24
  cert | viol 0.068 | dV -0.235772 | V 0.3403 | inball 0.435 | a*_q05 0.00102 | a*_q50 0.02627 | dV>=0 0.053 | n=150 | a_used 0.00191 -> 0.00181
[Episode 240/400] Steps: 720 | Reward:  228.85 | Battery:  67.28% | Loss: 0.1051
Placing Sensors
[Episode 241/400] Steps: 720 | Reward:  248.18 | Battery:  77.55% | Loss: 
Placing Sensors
[Episode 242/400] Steps:  83 | Reward:  -54.98 | Battery:   0.00% | Loss: 
Placing Sensors
Policy -0.0043 | Value 158.5249 | Lyap 0.0065 | Dynamics 0.0179 | Barrier 0.0451 | KL 0.00716 | CF 0.0905 | Std 0.1098 | RawLogStd 0.0236 | |a| 0.0212 | EV +0.823 | Alpha 0.0100 | MB 24/24
  cert | viol 0.072 | dV -0.273198 | V 0.3892 | inball 0.421 | a*_q05 0.00065 | a*_q50 0.02580 | dV>=0 0.047 | n=150 | a_used 0.00181 -> 0.00186
[Episode 243/400] Steps: 720 | Reward:  196.84 | Battery:  56.17% | Loss: 0.0319
Placing Sensors
[Episode 244/400] Steps:  86 | Reward:  -64.71 | Battery:   0.00% | Loss: 
Placing Sensors
[Episode 245/400] Steps: 720 | Reward:  230.12 | Battery:  67.46% | Loss: 
Placing Sensors
Policy -0.0058 | Value 173.6793 | Lyap 0.0052 | Dynamics 0.0174 | Barrier 0.0620 | KL 0.01031 | CF 0.1283 | Std 0.1098 | RawLogStd 0.0236 | |a| 0.0208 | EV +0.715 | Alpha 0.0100 | MB 24/24
  cert | viol 0.122 | dV -0.203908 | V 0.2136 | inball 0.501 | a*_q05 -0.00792 | a*_q50 0.03475 | dV>=0 0.122 | n=150 | a_used 0.00186 -> 0.00177
[Episode 246/400] Steps: 720 | Reward:  313.29 | Battery:  84.43% | Loss: 0.1158
Placing Sensors
[Episode 247/400] Steps: 174 | Reward:  -64.35 | Battery:   0.00% | Loss: 
Placing Sensors
[Episode 248/400] Steps: 720 | Reward:  254.25 | Battery:  70.34% | Loss: 
Placing Sensors
Policy -0.0078 | Value 90.7724 | Lyap 0.0092 | Dynamics 0.0193 | Barrier 0.0388 | KL 0.01024 | CF 0.1377 | Std 0.1099 | RawLogStd 0.0237 | |a| 0.0221 | EV +0.800 | Alpha 0.0100 | MB 28/28
  cert | viol 0.009 | dV -0.248044 | V 0.3007 | inball 0.418 | a*_q05 0.00413 | a*_q50 0.03224 | dV>=0 0.000 | n=150 | a_used 0.00177 -> 0.00180
[Episode 249/400] Steps: 720 | Reward:  232.28 | Battery:  71.04% | Loss: 0.1632
Placing Sensors
[Episode 250/400] Steps: 720 | Reward:  220.34 | Battery:  63.55% | Loss: 
Placing Sensors
Policy -0.0110 | Value 104.3138 | Lyap 0.0097 | Dynamics 0.0155 | Barrier 0.0386 | KL 0.00809 | CF 0.1055 | Std 0.1099 | RawLogStd 0.0239 | |a| 0.0186 | EV +0.796 | Alpha 0.0100 | MB 24/24
  cert | viol 0.000 | dV -0.243899 | V 0.2947 | inball 0.489 | a*_q05 0.00508 | a*_q50 0.02984 | dV>=0 0.000 | n=150 | a_used 0.00180 -> 0.00189
[Episode 251/400] Steps: 720 | Reward:  266.60 | Battery:  76.73% | Loss: -0.0651
Placing Sensors
[Episode 252/400] Steps: 720 | Reward:  265.53 | Battery:  75.67% | Loss: 
Placing Sensors
Policy -0.0056 | Value 72.2191 | Lyap 0.0098 | Dynamics 0.0163 | Barrier 0.0591 | KL 0.00726 | CF 0.0929 | Std 0.1099 | RawLogStd 0.0239 | |a| 0.0228 | EV +0.841 | Alpha 0.0100 | MB 24/24
  cert | viol 0.034 | dV -0.264040 | V 0.3648 | inball 0.489 | a*_q05 0.00214 | a*_q50 0.02443 | dV>=0 0.008 | n=150 | a_used 0.00189 -> 0.00196
[Episode 253/400] Steps: 720 | Reward:  265.30 | Battery:  81.62% | Loss: 0.0624
Placing Sensors
[Episode 254/400] Steps:  65 | Reward:  -64.48 | Battery:   0.00% | Loss: 
Placing Sensors
[Episode 255/400] Steps: 720 | Reward:  277.71 | Battery:  77.45% | Loss: 
Placing Sensors
Policy -0.0071 | Value 59.4625 | Lyap 0.0090 | Dynamics 0.0200 | Barrier 0.0374 | KL 0.00784 | CF 0.0949 | Std 0.1099 | RawLogStd 0.0237 | |a| 0.0203 | EV +0.847 | Alpha 0.0100 | MB 24/24
  cert | viol 0.000 | dV -0.254327 | V 0.2934 | inball 0.529 | a*_q05 0.00747 | a*_q50 0.03343 | dV>=0 0.000 | n=150 | a_used 0.00196 -> 0.00210
[Episode 256/400] Steps: 720 | Reward:  280.33 | Battery:  79.23% | Loss: -0.0117
Placing Sensors
[Episode 257/400] Steps: 720 | Reward:  230.64 | Battery:  64.24% | Loss: 
Placing Sensors
[Episode 258/400] Steps:  86 | Reward:  -68.21 | Battery:   0.00% | Loss: 
Placing Sensors
Policy -0.0077 | Value 76.3976 | Lyap 0.0086 | Dynamics 0.0204 | Barrier 0.0489 | KL 0.00769 | CF 0.0951 | Std 0.1098 | RawLogStd 0.0236 | |a| 0.0212 | EV +0.854 | Alpha 0.0100 | MB 24/24
  cert | viol 0.000 | dV -0.221176 | V 0.2417 | inball 0.500 | a*_q05 0.00923 | a*_q50 0.03117 | dV>=0 0.000 | n=150 | a_used 0.00210 -> 0.00225
[Episode 259/400] Steps: 720 | Reward:  212.46 | Battery:  59.55% | Loss: 0.0271
Placing Sensors
[Episode 260/400] Steps: 720 | Reward:  205.58 | Battery:  61.39% | Loss: 
Placing Sensors
[Episode 261/400] Steps:  76 | Reward:  -63.19 | Battery:   0.00% | Loss: 
Placing Sensors
Policy -0.0033 | Value 66.7361 | Lyap 0.0093 | Dynamics 0.0194 | Barrier 0.0452 | KL 0.00946 | CF 0.1154 | Std 0.1098 | RawLogStd 0.0236 | |a| 0.0291 | EV +0.911 | Alpha 0.0100 | MB 24/24
  cert | viol 0.102 | dV -0.268428 | V 0.3805 | inball 0.326 | a*_q05 0.00080 | a*_q50 0.02336 | dV>=0 0.034 | n=150 | a_used 0.00225 -> 0.00204
[Episode 262/400] Steps: 720 | Reward:  221.64 | Battery:  59.85% | Loss: 0.1119
Placing Sensors
[Episode 263/400] Steps:  92 | Reward:  -59.89 | Battery:   0.00% | Loss: 
Placing Sensors
[Episode 264/400] Steps: 720 | Reward:  311.54 | Battery:  82.76% | Loss: 
Placing Sensors
Policy -0.0079 | Value 177.4188 | Lyap 0.0112 | Dynamics 0.0289 | Barrier 0.0401 | KL 0.01362 | CF 0.1627 | Std 0.1098 | RawLogStd 0.0236 | |a| 0.0336 | EV +0.850 | Alpha 0.0100 | MB 24/24
  cert | viol 0.022 | dV -0.315564 | V 0.3841 | inball 0.498 | a*_q05 0.00356 | a*_q50 0.03370 | dV>=0 0.000 | n=150 | a_used 0.00204 -> 0.00207
[Episode 265/400] Steps: 720 | Reward:  229.36 | Battery:  64.87% | Loss: 0.2871
Placing Sensors
[Episode 266/400] Steps: 720 | Reward:  187.57 | Battery:  48.77% | Loss: 
Placing Sensors
Policy -0.0010 | Value 193.6948 | Lyap 0.0101 | Dynamics 0.0319 | Barrier 0.0485 | KL 0.01822 | CF 0.2002 | Std 0.1098 | RawLogStd 0.0236 | |a| 0.0363 | EV +0.857 | Alpha 0.0100 | MB 24/24
  cert | viol 0.012 | dV -0.315001 | V 0.3842 | inball 0.442 | a*_q05 0.00436 | a*_q50 0.03006 | dV>=0 0.000 | n=150 | a_used 0.00207 -> 0.00215
[Episode 267/400] Steps: 720 | Reward:  241.63 | Battery:  76.33% | Loss: -0.0800
Placing Sensors
[Episode 268/400] Steps: 720 | Reward:  306.18 | Battery:  86.11% | Loss: 
Placing Sensors
Policy -0.0038 | Value 73.1568 | Lyap 0.0115 | Dynamics 0.0336 | Barrier 0.0495 | KL 0.02128 | CF 0.1968 | Std 0.1099 | RawLogStd 0.0237 | |a| 0.0259 | EV +0.783 | Alpha 0.0100 | MB 24/24
  cert | viol 0.028 | dV -0.300007 | V 0.3761 | inball 0.504 | a*_q05 0.00359 | a*_q50 0.02465 | dV>=0 0.006 | n=150 | a_used 0.00215 -> 0.00219
[Episode 269/400] Steps: 720 | Reward:  267.13 | Battery:  80.00% | Loss: 0.0167
Placing Sensors
[Episode 270/400] Steps: 720 | Reward:  280.85 | Battery:  75.56% | Loss: 
Placing Sensors
Policy -0.0065 | Value 88.1810 | Lyap 0.0132 | Dynamics 0.0265 | Barrier 0.0359 | KL 0.01159 | CF 0.1465 | Std 0.1098 | RawLogStd 0.0236 | |a| 0.0269 | EV +0.856 | Alpha 0.0100 | MB 24/24
  cert | viol 0.000 | dV -0.273245 | V 0.3122 | inball 0.545 | a*_q05 0.00615 | a*_q50 0.03451 | dV>=0 0.000 | n=150 | a_used 0.00219 -> 0.00232
[Episode 271/400] Steps: 720 | Reward:  227.94 | Battery:  69.12% | Loss: 0.0622
Placing Sensors
[Episode 272/400] Steps: 106 | Reward:  -69.97 | Battery:   0.00% | Loss: 
Placing Sensors
[Episode 273/400] Steps: 720 | Reward:  253.86 | Battery:  74.16% | Loss: 
Placing Sensors
Policy 0.0117 | Value 71.4946 | Lyap 0.0108 | Dynamics 0.0278 | Barrier 0.0668 | KL 0.01548 | CF 0.1686 | Std 0.1098 | RawLogStd 0.0235 | |a| 0.0289 | EV +0.870 | Alpha 0.0100 | MB 28/28
  cert | viol 0.025 | dV -0.222907 | V 0.2720 | inball 0.461 | a*_q05 0.00599 | a*_q50 0.02789 | dV>=0 0.000 | n=150 | a_used 0.00232 -> 0.00249
[Episode 274/400] Steps: 720 | Reward:  245.22 | Battery:  63.81% | Loss: -0.3731
Placing Sensors
[Episode 275/400] Steps: 720 | Reward:  246.69 | Battery:  73.77% | Loss: 
Placing Sensors
Policy -0.0101 | Value 77.0929 | Lyap 0.0129 | Dynamics 0.0278 | Barrier 0.0250 | KL 0.00980 | CF 0.1049 | Std 0.1098 | RawLogStd 0.0235 | |a| 0.0285 | EV +0.863 | Alpha 0.0100 | MB 24/24
  cert | viol 0.051 | dV -0.264075 | V 0.3727 | inball 0.453 | a*_q05 0.00250 | a*_q50 0.02268 | dV>=0 0.011 | n=150 | a_used 0.00249 -> 0.00251
[Episode 276/400] Steps: 720 | Reward:  254.12 | Battery:  71.41% | Loss: 0.2262
Placing Sensors
[Episode 277/400] Steps: 720 | Reward:  281.49 | Battery:  74.90% | Loss: 
Placing Sensors
Policy -0.0085 | Value 73.8997 | Lyap 0.0090 | Dynamics 0.0284 | Barrier 0.0791 | KL 0.02080 | CF 0.2010 | Std 0.1098 | RawLogStd 0.0235 | |a| 0.0309 | EV +0.857 | Alpha 0.0100 | MB 24/24
  cert | viol 0.023 | dV -0.192571 | V 0.2269 | inball 0.555 | a*_q05 0.00533 | a*_q50 0.03637 | dV>=0 0.000 | n=150 | a_used 0.00251 -> 0.00261
[Episode 278/400] Steps: 720 | Reward:  254.08 | Battery:  65.58% | Loss: 0.0785
Placing Sensors
[Episode 279/400] Steps: 111 | Reward:  -56.55 | Battery:   0.00% | Loss: 
Placing Sensors
[Episode 280/400] Steps: 720 | Reward:  224.69 | Battery:  69.71% | Loss: 
Placing Sensors
Policy -0.0379 | Value 94.2242 | Lyap 0.0088 | Dynamics 0.0264 | Barrier 0.0281 | KL 0.01616 | CF 0.1483 | Std 0.1098 | RawLogStd 0.0234 | |a| 0.0277 | EV +0.812 | Alpha 0.0100 | MB 28/28
  cert | viol 0.112 | dV -0.245303 | V 0.3426 | inball 0.407 | a*_q05 0.00307 | a*_q50 0.02669 | dV>=0 0.005 | n=150 | a_used 0.00261 -> 0.00260
[Episode 281/400] Steps: 720 | Reward:  289.07 | Battery:  82.36% | Loss: -0.2879
Placing Sensors
[Episode 282/400] Steps: 720 | Reward:  266.01 | Battery:  71.78% | Loss: 
Placing Sensors
Policy -0.0039 | Value 98.2679 | Lyap 0.0113 | Dynamics 0.0260 | Barrier 0.0341 | KL 0.01166 | CF 0.1270 | Std 0.1098 | RawLogStd 0.0234 | |a| 0.0294 | EV +0.816 | Alpha 0.0100 | MB 24/24
  cert | viol 0.133 | dV -0.220741 | V 0.3060 | inball 0.386 | a*_q05 -0.01021 | a*_q50 0.02501 | dV>=0 0.062 | n=150 | a_used 0.00260 -> 0.00247
[Episode 283/400] Steps: 720 | Reward:  188.17 | Battery:  58.14% | Loss: -0.0148
Placing Sensors
[Episode 284/400] Steps: 720 | Reward:  284.21 | Battery:  78.02% | Loss: 
Placing Sensors
Policy -0.0058 | Value 75.1763 | Lyap 0.0104 | Dynamics 0.0251 | Barrier 0.0222 | KL 0.01679 | CF 0.1607 | Std 0.1098 | RawLogStd 0.0234 | |a| 0.0291 | EV +0.891 | Alpha 0.0100 | MB 24/24
  cert | viol 0.004 | dV -0.271063 | V 0.3191 | inball 0.550 | a*_q05 0.00529 | a*_q50 0.03097 | dV>=0 0.000 | n=150 | a_used 0.00247 -> 0.00251
[Episode 285/400] Steps: 720 | Reward:  266.28 | Battery:  77.30% | Loss: -0.1081
Placing Sensors
[Episode 286/400] Steps: 720 | Reward:  242.04 | Battery:  77.29% | Loss: 
Placing Sensors
Policy -0.0024 | Value 64.2310 | Lyap 0.0116 | Dynamics 0.0262 | Barrier 0.0821 | KL 0.01479 | CF 0.1707 | Std 0.1098 | RawLogStd 0.0235 | |a| 0.0306 | EV +0.891 | Alpha 0.0100 | MB 24/24
  cert | viol 0.071 | dV -0.265823 | V 0.3764 | inball 0.448 | a*_q05 0.00187 | a*_q50 0.02078 | dV>=0 0.032 | n=150 | a_used 0.00251 -> 0.00251
[Episode 287/400] Steps: 720 | Reward:  266.95 | Battery:  82.16% | Loss: 0.0910
Placing Sensors
[Episode 288/400] Steps: 720 | Reward:  277.18 | Battery:  84.66% | Loss: 
Placing Sensors
Policy -0.0031 | Value 65.9493 | Lyap 0.0128 | Dynamics 0.0256 | Barrier 0.0573 | KL 0.01025 | CF 0.1263 | Std 0.1098 | RawLogStd 0.0235 | |a| 0.0413 | EV +0.859 | Alpha 0.0100 | MB 24/24
  cert | viol 0.134 | dV -0.166163 | V 0.2720 | inball 0.406 | a*_q05 0.00065 | a*_q50 0.01626 | dV>=0 0.045 | n=150 | a_used 0.00251 -> 0.00237
[Episode 289/400] Steps: 720 | Reward:  213.53 | Battery:  66.63% | Loss: 0.0072
Placing Sensors
[Episode 290/400] Steps: 720 | Reward:  268.59 | Battery:  76.02% | Loss: 
Placing Sensors
Policy -0.0016 | Value 64.0611 | Lyap 0.0105 | Dynamics 0.0323 | Barrier 0.0466 | KL 0.01550 | CF 0.1657 | Std 0.1098 | RawLogStd 0.0236 | |a| 0.0334 | EV +0.824 | Alpha 0.0100 | MB 24/24
  cert | viol 0.042 | dV -0.254856 | V 0.3198 | inball 0.475 | a*_q05 0.00348 | a*_q50 0.02994 | dV>=0 0.000 | n=150 | a_used 0.00237 -> 0.00247
[Episode 291/400] Steps: 720 | Reward:  248.20 | Battery:  72.29% | Loss: 0.0159
Placing Sensors
[Episode 292/400] Steps: 720 | Reward:  251.71 | Battery:  77.15% | Loss: 
Placing Sensors
Policy -0.0045 | Value 68.9614 | Lyap 0.0108 | Dynamics 0.0302 | Barrier 0.0425 | KL 0.00837 | CF 0.1007 | Std 0.1098 | RawLogStd 0.0236 | |a| 0.0290 | EV +0.898 | Alpha 0.0100 | MB 24/24
  cert | viol 0.023 | dV -0.236639 | V 0.2990 | inball 0.505 | a*_q05 0.00440 | a*_q50 0.02907 | dV>=0 0.000 | n=150 | a_used 0.00247 -> 0.00256
[Episode 293/400] Steps: 720 | Reward:  267.39 | Battery:  75.73% | Loss: 0.1082
Placing Sensors
[Episode 294/400] Steps: 720 | Reward:  300.65 | Battery:  78.24% | Loss: 
Placing Sensors
Policy -0.0045 | Value 62.3006 | Lyap 0.0095 | Dynamics 0.0265 | Barrier 0.0544 | KL 0.01178 | CF 0.1408 | Std 0.1098 | RawLogStd 0.0234 | |a| 0.0426 | EV +0.872 | Alpha 0.0100 | MB 24/24
  cert | viol 0.115 | dV -0.247352 | V 0.3309 | inball 0.565 | a*_q05 -0.00182 | a*_q50 0.03593 | dV>=0 0.083 | n=150 | a_used 0.00256 -> 0.00243
[Episode 295/400] Steps: 720 | Reward:  256.24 | Battery:  71.92% | Loss: -0.0295
Placing Sensors
[Episode 296/400] Steps: 720 | Reward:  157.06 | Battery:  50.59% | Loss: 
Placing Sensors
Policy -0.0041 | Value 56.7604 | Lyap 0.0110 | Dynamics 0.0254 | Barrier 0.0244 | KL 0.01023 | CF 0.1129 | Std 0.1098 | RawLogStd 0.0235 | |a| 0.0362 | EV +0.845 | Alpha 0.0100 | MB 24/24
  cert | viol 0.267 | dV -0.147062 | V 0.2305 | inball 0.313 | a*_q05 -0.01872 | a*_q50 0.01001 | dV>=0 0.198 | n=150 | a_used 0.00243 -> 0.00231
[Episode 297/400] Steps: 720 | Reward:  281.14 | Battery:  82.76% | Loss: 0.1492
Placing Sensors
[Episode 298/400] Steps: 720 | Reward:  212.43 | Battery:  69.59% | Loss: 
Placing Sensors
Policy -0.0104 | Value 69.2404 | Lyap 0.0119 | Dynamics 0.0282 | Barrier 0.0532 | KL 0.01074 | CF 0.1237 | Std 0.1098 | RawLogStd 0.0235 | |a| 0.0415 | EV +0.882 | Alpha 0.0100 | MB 24/24
  cert | viol 0.069 | dV -0.219508 | V 0.3286 | inball 0.386 | a*_q05 0.00184 | a*_q50 0.01990 | dV>=0 0.019 | n=150 | a_used 0.00231 -> 0.00231
[Episode 299/400] Steps: 720 | Reward:  243.36 | Battery:  73.83% | Loss: -0.0317
Placing Sensors
[Episode 300/400] Steps: 720 | Reward:  279.34 | Battery:  81.93% | Loss: 
Placing Sensors
Policy -0.0043 | Value 79.3564 | Lyap 0.0075 | Dynamics 0.0255 | Barrier 0.0383 | KL 0.01273 | CF 0.1534 | Std 0.1098 | RawLogStd 0.0234 | |a| 0.0309 | EV +0.866 | Alpha 0.0100 | MB 24/24
  cert | viol 0.016 | dV -0.214504 | V 0.2779 | inball 0.523 | a*_q05 0.00358 | a*_q50 0.02637 | dV>=0 0.000 | n=150 | a_used 0.00231 -> 0.00236
[Convergence check] ep 301 | avg_reward(last 50) 214.55 (best 214.55, above_threshold=True) | avg_lyap(last 20) 0.0106 (V=0.264+-0.183, viol=47.4%, dV=-0.000980, inball=46%, collapsed=False) | avg_barrier(last 20) 0.0461 | avg_std(last 20) 0.1098 | avg|a|(last 20) 0.0316 (cleared=True) | stable=False | trend +197.63/window t=+6.29 (plateau_streak=0/10) | checks_since_best=0
[Episode 301/400] Steps: 720 | Reward:  278.94 | Battery:  76.11% | Loss: 0.0425
Placing Sensors
[Episode 302/400] Steps: 720 | Reward:  242.74 | Battery:  65.67% | Loss: 
Placing Sensors
Policy -0.0081 | Value 42.0327 | Lyap 0.0094 | Dynamics 0.0300 | Barrier 0.0267 | KL 0.01513 | CF 0.1869 | Std 0.1098 | RawLogStd 0.0233 | |a| 0.0319 | EV +0.949 | Alpha 0.0100 | MB 24/24
  cert | viol 0.000 | dV -0.227217 | V 0.2709 | inball 0.521 | a*_q05 0.00635 | a*_q50 0.02936 | dV>=0 0.000 | n=150 | a_used 0.00236 -> 0.00248
[Convergence check] ep 303 | avg_reward(last 50) 214.36 (best 214.55, above_threshold=True) | avg_lyap(last 20) 0.0107 (V=0.263+-0.185, viol=46.9%, dV=-0.001029, inball=46%, collapsed=False) | avg_barrier(last 20) 0.0450 | avg_std(last 20) 0.1098 | avg|a|(last 20) 0.0322 (cleared=True) | stable=False | trend +212.53/window t=+6.86 (plateau_streak=0/10) | checks_since_best=1
[Episode 303/400] Steps: 720 | Reward:  278.35 | Battery:  75.27% | Loss: 0.1398
Placing Sensors
[Episode 304/400] Steps: 720 | Reward:  208.53 | Battery:  64.24% | Loss: 
Placing Sensors
Policy -0.0079 | Value 41.2161 | Lyap 0.0101 | Dynamics 0.0306 | Barrier 0.0191 | KL 0.01480 | CF 0.1476 | Std 0.1098 | RawLogStd 0.0232 | |a| 0.0359 | EV +0.954 | Alpha 0.0100 | MB 24/24
  cert | viol 0.067 | dV -0.199025 | V 0.2846 | inball 0.334 | a*_q05 0.00225 | a*_q50 0.01932 | dV>=0 0.011 | n=150 | a_used 0.00248 -> 0.00244
[Convergence check] ep 305 | avg_reward(last 50) 218.23 (best 218.23, above_threshold=True) | avg_lyap(last 20) 0.0107 (V=0.261+-0.188, viol=46.6%, dV=-0.001047, inball=46%, collapsed=False) | avg_barrier(last 20) 0.0437 | avg_std(last 20) 0.1098 | avg|a|(last 20) 0.0325 (cleared=True) | stable=False | trend +224.30/window t=+7.36 (plateau_streak=0/10) | checks_since_best=0
[Episode 305/400] Steps: 720 | Reward:  198.11 | Battery:  58.93% | Loss: 0.0354
Placing Sensors
[Episode 306/400] Steps: 720 | Reward:  267.95 | Battery:  80.49% | Loss: 
Placing Sensors
Policy -0.0051 | Value 46.5962 | Lyap 0.0105 | Dynamics 0.0298 | Barrier 0.0253 | KL 0.01893 | CF 0.1326 | Std 0.1098 | RawLogStd 0.0232 | |a| 0.0281 | EV +0.926 | Alpha 0.0100 | MB 24/24
  cert | viol 0.000 | dV -0.226600 | V 0.2709 | inball 0.515 | a*_q05 0.00624 | a*_q50 0.02951 | dV>=0 0.000 | n=150 | a_used 0.00244 -> 0.00253
[Convergence check] ep 307 | avg_reward(last 50) 218.27 (best 218.27, above_threshold=True) | avg_lyap(last 20) 0.0107 (V=0.258+-0.190, viol=46.1%, dV=-0.001074, inball=46%, collapsed=False) | avg_barrier(last 20) 0.0429 | avg_std(last 20) 0.1098 | avg|a|(last 20) 0.0322 (cleared=True) | stable=False | trend +228.71/window t=+7.56 (plateau_streak=0/10) | checks_since_best=0
[Episode 307/400] Steps: 720 | Reward:  245.11 | Battery:  66.33% | Loss: -0.0223
Placing Sensors
[Episode 308/400] Steps: 720 | Reward:  304.18 | Battery:  86.44% | Loss: 
Placing Sensors
Policy -0.0034 | Value 54.6232 | Lyap 0.0090 | Dynamics 0.0284 | Barrier 0.0229 | KL 0.01682 | CF 0.1759 | Std 0.1097 | RawLogStd 0.0231 | |a| 0.0389 | EV +0.894 | Alpha 0.0100 | MB 24/24
  cert | viol 0.038 | dV -0.219344 | V 0.2785 | inball 0.592 | a*_q05 0.00335 | a*_q50 0.03010 | dV>=0 0.000 | n=150 | a_used 0.00253 -> 0.00259
[Convergence check] ep 309 | avg_reward(last 50) 227.08 (best 227.08, above_threshold=True) | avg_lyap(last 20) 0.0106 (V=0.253+-0.190, viol=45.3%, dV=-0.001125, inball=47%, collapsed=False) | avg_barrier(last 20) 0.0417 | avg_std(last 20) 0.1098 | avg|a|(last 20) 0.0324 (cleared=True) | stable=False | trend +235.31/window t=+7.84 (plateau_streak=0/10) | checks_since_best=0
[Episode 309/400] Steps: 720 | Reward:  280.70 | Battery:  81.41% | Loss: -0.0035
Placing Sensors
[Episode 310/400] Steps: 720 | Reward:  306.34 | Battery:  83.91% | Loss: 
Placing Sensors
Policy -0.0065 | Value 52.3047 | Lyap 0.0075 | Dynamics 0.0418 | Barrier 0.0178 | KL 0.01093 | CF 0.1054 | Std 0.1097 | RawLogStd 0.0229 | |a| 0.0324 | EV +0.924 | Alpha 0.0100 | MB 24/24
  cert | viol 0.000 | dV -0.270087 | V 0.3063 | inball 0.564 | a*_q05 0.00695 | a*_q50 0.03671 | dV>=0 0.000 | n=150 | a_used 0.00259 -> 0.00273
[Convergence check] ep 311 | avg_reward(last 50) 235.25 (best 235.25, above_threshold=True) | avg_lyap(last 20) 0.0104 (V=0.248+-0.192, viol=45.3%, dV=-0.001127, inball=48%, collapsed=False) | avg_barrier(last 20) 0.0401 | avg_std(last 20) 0.1098 | avg|a|(last 20) 0.0327 (cleared=True) | stable=False | trend +232.64/window t=+7.76 (plateau_streak=0/10) | checks_since_best=0
[Episode 311/400] Steps: 720 | Reward:  244.48 | Battery:  67.43% | Loss: 0.0757
Placing Sensors
[Episode 312/400] Steps: 720 | Reward:  140.22 | Battery:  45.62% | Loss: 
Placing Sensors
Policy -0.0018 | Value 50.4299 | Lyap 0.0096 | Dynamics 0.0373 | Barrier 0.0669 | KL 0.01124 | CF 0.1386 | Std 0.1097 | RawLogStd 0.0227 | |a| 0.0559 | EV +0.874 | Alpha 0.0100 | MB 24/24
  cert | viol 0.324 | dV -0.162994 | V 0.3069 | inball 0.247 | a*_q05 -0.01409 | a*_q50 0.00833 | dV>=0 0.202 | n=150 | a_used 0.00273 -> 0.00259
[Convergence check] ep 313 | avg_reward(last 50) 240.31 (best 240.31, above_threshold=True) | avg_lyap(last 20) 0.0102 (V=0.254+-0.194, viol=45.6%, dV=-0.001094, inball=46%, collapsed=False) | avg_barrier(last 20) 0.0416 | avg_std(last 20) 0.1098 | avg|a|(last 20) 0.0341 (cleared=True) | stable=False | trend +234.31/window t=+7.86 (plateau_streak=0/10) | checks_since_best=0
[Episode 313/400] Steps: 720 | Reward:  274.47 | Battery:  79.59% | Loss: -0.1016
Placing Sensors
[Episode 314/400] Steps: 720 | Reward:  136.16 | Battery:  34.63% | Loss: 
Placing Sensors
Policy -0.0023 | Value 72.0207 | Lyap 0.0085 | Dynamics 0.0337 | Barrier 0.0312 | KL 0.01491 | CF 0.1766 | Std 0.1097 | RawLogStd 0.0226 | |a| 0.0382 | EV +0.904 | Alpha 0.0100 | MB 24/24
  cert | viol 0.095 | dV -0.185980 | V 0.2434 | inball 0.411 | a*_q05 -0.01969 | a*_q50 0.02538 | dV>=0 0.095 | n=150 | a_used 0.00259 -> 0.00246
[Convergence check] ep 315 | avg_reward(last 50) 237.18 (best 240.31, above_threshold=True) | avg_lyap(last 20) 0.0101 (V=0.255+-0.193, viol=45.2%, dV=-0.001100, inball=46%, collapsed=False) | avg_barrier(last 20) 0.0399 | avg_std(last 20) 0.1098 | avg|a|(last 20) 0.0346 (cleared=True) | stable=False | trend +225.57/window t=+7.57 (plateau_streak=0/10) | checks_since_best=1
[Episode 315/400] Steps: 720 | Reward:  248.46 | Battery:  68.64% | Loss: 0.1297
Placing Sensors
[Episode 316/400] Steps: 720 | Reward:  239.16 | Battery:  71.86% | Loss: 
Placing Sensors
Policy -0.0082 | Value 48.6583 | Lyap 0.0103 | Dynamics 0.0338 | Barrier 0.0268 | KL 0.01482 | CF 0.1717 | Std 0.1097 | RawLogStd 0.0226 | |a| 0.0293 | EV +0.923 | Alpha 0.0100 | MB 24/24
  cert | viol 0.127 | dV -0.252613 | V 0.3654 | inball 0.424 | a*_q05 0.00008 | a*_q50 0.02373 | dV>=0 0.055 | n=150 | a_used 0.00246 -> 0.00209
[Convergence check] ep 317 | avg_reward(last 50) 238.23 (best 240.31, above_threshold=True) | avg_lyap(last 20) 0.0100 (V=0.254+-0.196, viol=45.4%, dV=-0.001090, inball=46%, collapsed=False) | avg_barrier(last 20) 0.0399 | avg_std(last 20) 0.1098 | avg|a|(last 20) 0.0347 (cleared=True) | stable=False | trend +219.76/window t=+7.40 (plateau_streak=0/10) | checks_since_best=2
[Episode 317/400] Steps: 720 | Reward:  242.34 | Battery:  69.81% | Loss: -0.0499
Placing Sensors
[Episode 318/400] Steps: 720 | Reward:  297.94 | Battery:  86.92% | Loss: 
Placing Sensors
Policy -0.0050 | Value 66.5568 | Lyap 0.0117 | Dynamics 0.0346 | Barrier 0.0374 | KL 0.01333 | CF 0.1550 | Std 0.1097 | RawLogStd 0.0228 | |a| 0.0274 | EV +0.933 | Alpha 0.0100 | MB 24/24
  cert | viol 0.050 | dV -0.301671 | V 0.3797 | inball 0.564 | a*_q05 0.00275 | a*_q50 0.03234 | dV>=0 0.007 | n=150 | a_used 0.00209 -> 0.00217
[Convergence check] ep 319 | avg_reward(last 50) 238.25 (best 240.31, above_threshold=True) | avg_lyap(last 20) 0.0101 (V=0.259+-0.201, viol=45.4%, dV=-0.001108, inball=46%, collapsed=False) | avg_barrier(last 20) 0.0379 | avg_std(last 20) 0.1098 | avg|a|(last 20) 0.0345 (cleared=True) | stable=False | trend +223.93/window t=+7.58 (plateau_streak=0/10) | checks_since_best=3
[Episode 319/400] Steps: 720 | Reward:  276.47 | Battery:  69.84% | Loss: 0.0283
Placing Sensors
[Episode 320/400] Steps: 720 | Reward:  198.42 | Battery:  62.38% | Loss: 
Placing Sensors
Policy -0.0082 | Value 53.7376 | Lyap 0.0104 | Dynamics 0.0354 | Barrier 0.0290 | KL 0.01702 | CF 0.1766 | Std 0.1097 | RawLogStd 0.0230 | |a| 0.0355 | EV +0.934 | Alpha 0.0100 | MB 24/24
  cert | viol 0.098 | dV -0.261726 | V 0.3523 | inball 0.439 | a*_q05 -0.00486 | a*_q50 0.02932 | dV>=0 0.068 | n=150 | a_used 0.00217 -> 0.00206
[Convergence check] ep 321 | avg_reward(last 50) 236.34 (best 240.31, above_threshold=True) | avg_lyap(last 20) 0.0102 (V=0.258+-0.204, viol=45.4%, dV=-0.001099, inball=46%, collapsed=False) | avg_barrier(last 20) 0.0379 | avg_std(last 20) 0.1098 | avg|a|(last 20) 0.0349 (cleared=True) | stable=False | trend +224.64/window t=+7.68 (plateau_streak=0/10) | checks_since_best=4
[Episode 321/400] Steps: 720 | Reward:  214.54 | Battery:  60.20% | Loss: 0.0935
Placing Sensors
[Episode 322/400] Steps: 720 | Reward:  247.18 | Battery:  66.48% | Loss: 
Placing Sensors
Policy -0.0043 | Value 58.8021 | Lyap 0.0108 | Dynamics 0.0378 | Barrier 0.0377 | KL 0.01578 | CF 0.1796 | Std 0.1097 | RawLogStd 0.0230 | |a| 0.0338 | EV +0.937 | Alpha 0.0100 | MB 24/24
  cert | viol 0.000 | dV -0.258863 | V 0.3103 | inball 0.475 | a*_q05 0.00550 | a*_q50 0.03011 | dV>=0 0.000 | n=150 | a_used 0.00206 -> 0.00214
[Convergence check] ep 323 | avg_reward(last 50) 242.37 (best 242.37, above_threshold=True) | avg_lyap(last 20) 0.0102 (V=0.256+-0.207, viol=44.8%, dV=-0.001113, inball=46%, collapsed=False) | avg_barrier(last 20) 0.0381 | avg_std(last 20) 0.1098 | avg|a|(last 20) 0.0351 (cleared=True) | stable=False | trend +217.73/window t=+7.47 (plateau_streak=0/10) | checks_since_best=0
[Episode 323/400] Steps: 720 | Reward:  238.54 | Battery:  68.38% | Loss: -0.0039
Placing Sensors
[Episode 324/400] Steps: 720 | Reward:  332.66 | Battery:  88.24% | Loss: 
Placing Sensors
Policy -0.0076 | Value 41.5302 | Lyap 0.0083 | Dynamics 0.0334 | Barrier 0.0530 | KL 0.01154 | CF 0.1306 | Std 0.1097 | RawLogStd 0.0229 | |a| 0.0292 | EV +0.924 | Alpha 0.0100 | MB 24/24
  cert | viol 0.000 | dV -0.220634 | V 0.2798 | inball 0.558 | a*_q05 0.00417 | a*_q50 0.02922 | dV>=0 0.000 | n=150 | a_used 0.00214 -> 0.00219
[Convergence check] ep 325 | avg_reward(last 50) 244.60 (best 244.60, above_threshold=True) | avg_lyap(last 20) 0.0101 (V=0.257+-0.210, viol=44.5%, dV=-0.001116, inball=46%, collapsed=False) | avg_barrier(last 20) 0.0396 | avg_std(last 20) 0.1098 | avg|a|(last 20) 0.0351 (cleared=True) | stable=False | trend +220.59/window t=+7.59 (plateau_streak=0/10) | checks_since_best=0
[Episode 325/400] Steps: 720 | Reward:  270.77 | Battery:  72.78% | Loss: 0.1400
Placing Sensors
[Episode 326/400] Steps: 720 | Reward:  278.03 | Battery:  79.13% | Loss: 
Placing Sensors
Policy -0.0075 | Value 64.0009 | Lyap 0.0107 | Dynamics 0.0284 | Barrier 0.0654 | KL 0.01651 | CF 0.1365 | Std 0.1097 | RawLogStd 0.0229 | |a| 0.0324 | EV +0.913 | Alpha 0.0100 | MB 24/24
  cert | viol 0.006 | dV -0.243374 | V 0.3215 | inball 0.438 | a*_q05 0.00383 | a*_q50 0.02313 | dV>=0 0.000 | n=150 | a_used 0.00219 -> 0.00223
[Convergence check] ep 327 | avg_reward(last 50) 243.75 (best 244.60, above_threshold=True) | avg_lyap(last 20) 0.0100 (V=0.254+-0.213, viol=44.3%, dV=-0.001110, inball=46%, collapsed=False) | avg_barrier(last 20) 0.0388 | avg_std(last 20) 0.1098 | avg|a|(last 20) 0.0352 (cleared=True) | stable=False | trend +221.09/window t=+7.64 (plateau_streak=0/10) | checks_since_best=1
[Episode 327/400] Steps: 720 | Reward:  214.90 | Battery:  68.60% | Loss: 0.0529
Placing Sensors
[Episode 328/400] Steps: 720 | Reward:  219.19 | Battery:  70.46% | Loss: 
Placing Sensors
Policy -0.0066 | Value 101.4488 | Lyap 0.0105 | Dynamics 0.0424 | Barrier 0.0259 | KL 0.01251 | CF 0.1491 | Std 0.1097 | RawLogStd 0.0230 | |a| 0.0318 | EV +0.926 | Alpha 0.0100 | MB 24/24
  cert | viol 0.097 | dV -0.258118 | V 0.3425 | inball 0.490 | a*_q05 0.00052 | a*_q50 0.03085 | dV>=0 0.044 | n=150 | a_used 0.00223 -> 0.00212
[Convergence check] ep 329 | avg_reward(last 50) 249.98 (best 249.98, above_threshold=True) | avg_lyap(last 20) 0.0099 (V=0.252+-0.214, viol=44.3%, dV=-0.001118, inball=47%, collapsed=False) | avg_barrier(last 20) 0.0372 | avg_std(last 20) 0.1097 | avg|a|(last 20) 0.0347 (cleared=True) | stable=False | trend +214.25/window t=+7.43 (plateau_streak=0/10) | checks_since_best=0
[Episode 329/400] Steps: 720 | Reward:  290.02 | Battery:  78.92% | Loss: 0.0935
Placing Sensors
[Episode 330/400] Steps: 720 | Reward:  320.18 | Battery:  83.40% | Loss: 
Placing Sensors
Policy -0.0060 | Value 55.6281 | Lyap 0.0125 | Dynamics 0.0338 | Barrier 0.0219 | KL 0.00998 | CF 0.1011 | Std 0.1097 | RawLogStd 0.0230 | |a| 0.0374 | EV +0.871 | Alpha 0.0100 | MB 24/24
  cert | viol 0.000 | dV -0.264417 | V 0.3078 | inball 0.555 | a*_q05 0.00610 | a*_q50 0.03493 | dV>=0 0.000 | n=150 | a_used 0.00212 -> 0.00225
[Convergence check] ep 331 | avg_reward(last 50) 251.06 (best 251.06, above_threshold=True) | avg_lyap(last 20) 0.0100 (V=0.252+-0.215, viol=44.2%, dV=-0.001130, inball=47%, collapsed=False) | avg_barrier(last 20) 0.0360 | avg_std(last 20) 0.1097 | avg|a|(last 20) 0.0349 (cleared=True) | stable=False | trend +208.94/window t=+7.27 (plateau_streak=0/10) | checks_since_best=0
[Episode 331/400] Steps: 720 | Reward:  247.56 | Battery:  65.42% | Loss: 0.2007
Placing Sensors
[Episode 332/400] Steps: 720 | Reward:  211.90 | Battery:  58.32% | Loss: 
Placing Sensors
Policy -0.0083 | Value 41.9134 | Lyap 0.0093 | Dynamics 0.0367 | Barrier 0.0231 | KL 0.01052 | CF 0.1338 | Std 0.1097 | RawLogStd 0.0229 | |a| 0.0314 | EV +0.935 | Alpha 0.0100 | MB 24/24
  cert | viol 0.000 | dV -0.227218 | V 0.2565 | inball 0.489 | a*_q05 0.00869 | a*_q50 0.03289 | dV>=0 0.000 | n=150 | a_used 0.00225 -> 0.00241
[Convergence check] ep 333 | avg_reward(last 50) 252.15 (best 252.15, above_threshold=True) | avg_lyap(last 20) 0.0099 (V=0.250+-0.216, viol=44.1%, dV=-0.001121, inball=47%, collapsed=False) | avg_barrier(last 20) 0.0350 | avg_std(last 20) 0.1097 | avg|a|(last 20) 0.0350 (cleared=True) | stable=False | trend +210.27/window t=+7.38 (plateau_streak=0/10) | checks_since_best=0
[Episode 333/400] Steps: 720 | Reward:  296.78 | Battery:  75.84% | Loss: 0.1640
Placing Sensors
[Episode 334/400] Steps:  91 | Reward:  -58.80 | Battery:   0.00% | Loss: 
Placing Sensors
[Episode 335/400] Steps: 720 | Reward:  266.05 | Battery:  74.42% | Loss: 
Placing Sensors
Policy -0.0071 | Value 68.2579 | Lyap 0.0116 | Dynamics 0.0434 | Barrier 0.0331 | KL 0.00977 | CF 0.1212 | Std 0.1097 | RawLogStd 0.0228 | |a| 0.0345 | EV +0.906 | Alpha 0.0100 | MB 24/24
  cert | viol 0.042 | dV -0.270907 | V 0.3591 | inball 0.452 | a*_q05 0.00289 | a*_q50 0.02961 | dV>=0 0.000 | n=150 | a_used 0.00241 -> 0.00244
[Convergence check] ep 336 | avg_reward(last 50) 245.35 (best 252.15, above_threshold=True) | avg_lyap(last 20) 0.0100 (V=0.255+-0.219, viol=44.3%, dV=-0.001075, inball=46%, collapsed=False) | avg_barrier(last 20) 0.0340 | avg_std(last 20) 0.1097 | avg|a|(last 20) 0.0346 (cleared=True) | stable=False | trend +211.65/window t=+7.35 (plateau_streak=0/10) | checks_since_best=1
[Episode 336/400] Steps: 720 | Reward:  245.16 | Battery:  66.74% | Loss: 0.1342
Placing Sensors
[Episode 337/400] Steps: 720 | Reward:  249.45 | Battery:  70.76% | Loss: 
Placing Sensors
Policy -0.0035 | Value 42.5542 | Lyap 0.0120 | Dynamics 0.0460 | Barrier 0.0818 | KL 0.01055 | CF 0.1316 | Std 0.1097 | RawLogStd 0.0228 | |a| 0.0326 | EV +0.956 | Alpha 0.0100 | MB 24/24
  cert | viol 0.021 | dV -0.252737 | V 0.3017 | inball 0.566 | a*_q05 0.00441 | a*_q50 0.03311 | dV>=0 0.000 | n=150 | a_used 0.00244 -> 0.00249
[Convergence check] ep 338 | avg_reward(last 50) 245.66 (best 252.15, above_threshold=True) | avg_lyap(last 20) 0.0101 (V=0.252+-0.221, viol=43.6%, dV=-0.001111, inball=48%, collapsed=False) | avg_barrier(last 20) 0.0368 | avg_std(last 20) 0.1097 | avg|a|(last 20) 0.0344 (cleared=True) | stable=False | trend +205.53/window t=+7.17 (plateau_streak=0/10) | checks_since_best=2
[Episode 338/400] Steps: 720 | Reward:  310.26 | Battery:  86.25% | Loss: 0.0129
Placing Sensors
[Episode 339/400] Steps: 720 | Reward:  249.49 | Battery:  72.58% | Loss: 
Placing Sensors
Policy -0.0043 | Value 34.4282 | Lyap 0.0103 | Dynamics 0.0332 | Barrier 0.0588 | KL 0.01426 | CF 0.1547 | Std 0.1097 | RawLogStd 0.0226 | |a| 0.0295 | EV +0.967 | Alpha 0.0100 | MB 24/24
  cert | viol 0.002 | dV -0.261592 | V 0.3093 | inball 0.543 | a*_q05 0.00563 | a*_q50 0.03241 | dV>=0 0.000 | n=150 | a_used 0.00249 -> 0.00258
[Convergence check] ep 340 | avg_reward(last 50) 247.05 (best 252.15, above_threshold=True) | avg_lyap(last 20) 0.0100 (V=0.248+-0.224, viol=43.4%, dV=-0.001134, inball=48%, collapsed=False) | avg_barrier(last 20) 0.0371 | avg_std(last 20) 0.1097 | avg|a|(last 20) 0.0338 (cleared=True) | stable=False | trend +205.75/window t=+7.21 (plateau_streak=0/10) | checks_since_best=3
[Episode 340/400] Steps: 720 | Reward:  301.86 | Battery:  80.96% | Loss: -0.0146
Placing Sensors
[Episode 341/400] Steps: 720 | Reward:  309.90 | Battery:  84.66% | Loss: 
Placing Sensors
Policy -0.0033 | Value 55.5185 | Lyap 0.0080 | Dynamics 0.0412 | Barrier 0.0323 | KL 0.00932 | CF 0.1118 | Std 0.1096 | RawLogStd 0.0225 | |a| 0.0541 | EV +0.905 | Alpha 0.0100 | MB 24/24
  cert | viol 0.019 | dV -0.328499 | V 0.3749 | inball 0.596 | a*_q05 0.00551 | a*_q50 0.03459 | dV>=0 0.000 | n=150 | a_used 0.00258 -> 0.00270
[Convergence check] ep 342 | avg_reward(last 50) 249.12 (best 252.15, above_threshold=True) | avg_lyap(last 20) 0.0100 (V=0.247+-0.227, viol=43.6%, dV=-0.001151, inball=49%, collapsed=False) | avg_barrier(last 20) 0.0368 | avg_std(last 20) 0.1097 | avg|a|(last 20) 0.0350 (cleared=True) | stable=False | trend +208.64/window t=+7.37 (plateau_streak=0/10) | checks_since_best=4
[Episode 342/400] Steps: 720 | Reward:  293.58 | Battery:  77.80% | Loss: 0.1052
Placing Sensors
[Episode 343/400] Steps: 720 | Reward:  268.87 | Battery:  81.38% | Loss: 
Placing Sensors
Policy -0.0124 | Value 51.0460 | Lyap 0.0112 | Dynamics 0.0513 | Barrier 0.0350 | KL 0.01992 | CF 0.1904 | Std 0.1096 | RawLogStd 0.0225 | |a| 0.0354 | EV +0.952 | Alpha 0.0100 | MB 24/24
  cert | viol 0.044 | dV -0.277435 | V 0.3757 | inball 0.487 | a*_q05 0.00314 | a*_q50 0.02433 | dV>=0 0.008 | n=150 | a_used 0.00270 -> 0.00277
[Convergence check] ep 344 | avg_reward(last 50) 248.54 (best 252.15, above_threshold=True) | avg_lyap(last 20) 0.0101 (V=0.250+-0.232, viol=43.5%, dV=-0.001161, inball=49%, collapsed=False) | avg_barrier(last 20) 0.0372 | avg_std(last 20) 0.1097 | avg|a|(last 20) 0.0352 (cleared=True) | stable=False | trend +217.72/window t=+7.76 (plateau_streak=0/10) | checks_since_best=5
[Episode 344/400] Steps: 720 | Reward:  270.19 | Battery:  79.06% | Loss: 0.0158
Placing Sensors
[Episode 345/400] Steps: 720 | Reward:  293.07 | Battery:  81.14% | Loss: 
Placing Sensors
Policy -0.0022 | Value 67.2547 | Lyap 0.0108 | Dynamics 0.0664 | Barrier 0.0525 | KL 0.01394 | CF 0.1229 | Std 0.1097 | RawLogStd 0.0227 | |a| 0.0401 | EV +0.920 | Alpha 0.0100 | MB 24/24
  cert | viol 0.000 | dV -0.253153 | V 0.2761 | inball 0.606 | a*_q05 0.00905 | a*_q50 0.03784 | dV>=0 0.000 | n=150 | a_used 0.00277 -> 0.00293
[Convergence check] ep 346 | avg_reward(last 50) 251.57 (best 252.15, above_threshold=True) | avg_lyap(last 20) 0.0102 (V=0.246+-0.232, viol=42.8%, dV=-0.001207, inball=50%, collapsed=False) | avg_barrier(last 20) 0.0389 | avg_std(last 20) 0.1097 | avg|a|(last 20) 0.0354 (cleared=True) | stable=False | trend +210.89/window t=+7.56 (plateau_streak=0/10) | checks_since_best=6
[Episode 346/400] Steps: 720 | Reward:  271.86 | Battery:  71.20% | Loss: 0.1217
Placing Sensors
[Episode 347/400] Steps: 720 | Reward:  311.78 | Battery:  82.96% | Loss: 
Placing Sensors
Policy 0.0149 | Value 47.0545 | Lyap 0.0096 | Dynamics 0.0563 | Barrier 0.0604 | KL 0.02741 | CF 0.2721 | Std 0.1097 | RawLogStd 0.0228 | |a| 0.0413 | EV +0.941 | Alpha 0.0100 | MB 12/24
  cert | viol 0.002 | dV -0.241284 | V 0.2800 | inball 0.564 | a*_q05 0.00532 | a*_q50 0.03554 | dV>=0 0.000 | n=150 | a_used 0.00293 -> 0.00306
[Convergence check] ep 348 | avg_reward(last 50) 252.33 (best 252.33, above_threshold=True) | avg_lyap(last 20) 0.0101 (V=0.244+-0.232, viol=42.9%, dV=-0.001210, inball=50%, collapsed=False) | avg_barrier(last 20) 0.0406 | avg_std(last 20) 0.1097 | avg|a|(last 20) 0.0360 (cleared=True) | stable=False | trend +209.09/window t=+7.53 (plateau_streak=0/10) | checks_since_best=0
[Episode 348/400] Steps: 720 | Reward:  219.80 | Battery:  61.52% | Loss: 0.0860
Placing Sensors
[Episode 349/400] Steps: 720 | Reward:  290.76 | Battery:  80.14% | Loss: 
Placing Sensors
Policy 0.0038 | Value 43.4128 | Lyap 0.0078 | Dynamics 0.0472 | Barrier 0.0260 | KL 0.01997 | CF 0.1461 | Std 0.1097 | RawLogStd 0.0228 | |a| 0.0341 | EV +0.937 | Alpha 0.0100 | MB 24/24
  cert | viol 0.018 | dV -0.269973 | V 0.3021 | inball 0.620 | a*_q05 0.00658 | a*_q50 0.03752 | dV>=0 0.000 | n=150 | a_used 0.00306 -> 0.00315
[Convergence check] ep 350 | avg_reward(last 50) 253.56 (best 253.56, above_threshold=True) | avg_lyap(last 20) 0.0101 (V=0.243+-0.233, viol=43.2%, dV=-0.001209, inball=50%, collapsed=False) | avg_barrier(last 20) 0.0408 | avg_std(last 20) 0.1097 | avg|a|(last 20) 0.0358 (cleared=True) | stable=False | trend +208.72/window t=+7.54 (plateau_streak=0/10) | checks_since_best=0
[Episode 350/400] Steps: 720 | Reward:  293.34 | Battery:  82.33% | Loss: -0.0037
Placing Sensors
[Episode 351/400] Steps: 720 | Reward:  284.04 | Battery:  82.40% | Loss: 
Placing Sensors
Policy -0.0070 | Value 32.9272 | Lyap 0.0071 | Dynamics 0.0560 | Barrier 0.0410 | KL 0.01342 | CF 0.1612 | Std 0.1097 | RawLogStd 0.0227 | |a| 0.0401 | EV +0.961 | Alpha 0.0100 | MB 24/24
  cert | viol 0.000 | dV -0.295878 | V 0.3299 | inball 0.594 | a*_q05 0.00770 | a*_q50 0.03673 | dV>=0 0.000 | n=150 | a_used 0.00315 -> 0.00325
[Convergence check] ep 352 | avg_reward(last 50) 254.26 (best 254.26, above_threshold=True) | avg_lyap(last 20) 0.0100 (V=0.243+-0.235, viol=43.1%, dV=-0.001221, inball=51%, collapsed=False) | avg_barrier(last 20) 0.0420 | avg_std(last 20) 0.1097 | avg|a|(last 20) 0.0362 (cleared=True) | stable=False | trend +208.27/window t=+7.58 (plateau_streak=0/10) | checks_since_best=0
[Episode 352/400] Steps: 720 | Reward:  272.87 | Battery:  78.35% | Loss: -0.0138
Placing Sensors
[Episode 353/400] Steps: 720 | Reward:  270.82 | Battery:  79.39% | Loss: 
Placing Sensors
Policy -0.0084 | Value 53.7247 | Lyap 0.0108 | Dynamics 0.0430 | Barrier 0.0254 | KL 0.01207 | CF 0.1463 | Std 0.1096 | RawLogStd 0.0224 | |a| 0.0433 | EV +0.888 | Alpha 0.0100 | MB 24/24
  cert | viol 0.048 | dV -0.235906 | V 0.3004 | inball 0.495 | a*_q05 0.00355 | a*_q50 0.02535 | dV>=0 0.007 | n=150 | a_used 0.00325 -> 0.00328
[Convergence check] ep 354 | avg_reward(last 50) 254.59 (best 254.59, above_threshold=True) | avg_lyap(last 20) 0.0101 (V=0.237+-0.236, viol=42.6%, dV=-0.001249, inball=52%, collapsed=False) | avg_barrier(last 20) 0.0399 | avg_std(last 20) 0.1097 | avg|a|(last 20) 0.0356 (cleared=True) | stable=False | trend +206.32/window t=+7.56 (plateau_streak=0/10) | checks_since_best=0
[Episode 354/400] Steps: 720 | Reward:  232.41 | Battery:  70.85% | Loss: 0.0108
Placing Sensors
[Episode 355/400] Steps: 720 | Reward:  245.59 | Battery:  69.95% | Loss: 
Placing Sensors
Policy -0.0105 | Value 38.4682 | Lyap 0.0080 | Dynamics 0.0414 | Barrier 0.0401 | KL 0.00797 | CF 0.0931 | Std 0.1096 | RawLogStd 0.0224 | |a| 0.0366 | EV +0.929 | Alpha 0.0100 | MB 24/24
  cert | viol 0.000 | dV -0.230821 | V 0.2416 | inball 0.598 | a*_q05 0.01291 | a*_q50 0.04050 | dV>=0 0.000 | n=150 | a_used 0.00328 -> 0.00346
[Convergence check] ep 356 | avg_reward(last 50) 256.24 (best 256.24, above_threshold=True) | avg_lyap(last 20) 0.0101 (V=0.232+-0.237, viol=42.0%, dV=-0.001299, inball=53%, collapsed=False) | avg_barrier(last 20) 0.0403 | avg_std(last 20) 0.1097 | avg|a|(last 20) 0.0355 (cleared=True) | stable=False | trend +205.47/window t=+7.58 (plateau_streak=0/10) | checks_since_best=0
[Episode 356/400] Steps: 720 | Reward:  303.16 | Battery:  76.89% | Loss: 0.0522
Placing Sensors
[Episode 357/400] Steps: 720 | Reward:  350.62 | Battery:  86.76% | Loss: 
Placing Sensors
Policy -0.0024 | Value 26.3366 | Lyap 0.0048 | Dynamics 0.0293 | Barrier 0.0755 | KL 0.01115 | CF 0.1497 | Std 0.1096 | RawLogStd 0.0223 | |a| 0.0331 | EV +0.963 | Alpha 0.0100 | MB 24/24
  cert | viol 0.000 | dV -0.265336 | V 0.2740 | inball 0.686 | a*_q05 0.01606 | a*_q50 0.04188 | dV>=0 0.000 | n=150 | a_used 0.00346 -> 0.00365
[Convergence check] ep 358 | avg_reward(last 50) 258.51 (best 258.51, above_threshold=True) | avg_lyap(last 20) 0.0098 (V=0.225+-0.234, viol=40.7%, dV=-0.001383, inball=54%, collapsed=False) | avg_barrier(last 20) 0.0428 | avg_std(last 20) 0.1097 | avg|a|(last 20) 0.0357 (cleared=True) | stable=False | trend +215.58/window t=+8.00 (plateau_streak=0/10) | checks_since_best=0
[Episode 358/400] Steps: 720 | Reward:  312.05 | Battery:  83.50% | Loss: 0.0972
Placing Sensors
[Episode 359/400] Steps: 720 | Reward:  326.06 | Battery:  80.77% | Loss: 
Placing Sensors
[Episode 360/400] Steps: 118 | Reward:  -51.36 | Battery:   0.00% | Loss: 
Placing Sensors
Policy -0.0105 | Value 70.3653 | Lyap 0.0111 | Dynamics 0.0477 | Barrier 0.0286 | KL 0.01568 | CF 0.1580 | Std 0.1096 | RawLogStd 0.0222 | |a| 0.0383 | EV +0.841 | Alpha 0.0100 | MB 28/28
  cert | viol 0.050 | dV -0.290015 | V 0.3377 | inball 0.533 | a*_q05 0.00469 | a*_q50 0.03473 | dV>=0 0.000 | n=150 | a_used 0.00365 -> 0.00364
[Convergence check] ep 361 | avg_reward(last 50) 252.26 (best 258.51, above_threshold=True) | avg_lyap(last 20) 0.0098 (V=0.225+-0.236, viol=41.2%, dV=-0.001343, inball=54%, collapsed=False) | avg_barrier(last 20) 0.0423 | avg_std(last 20) 0.1097 | avg|a|(last 20) 0.0362 (cleared=True) | stable=False | trend +208.02/window t=+7.60 (plateau_streak=0/10) | checks_since_best=1
[Episode 361/400] Steps: 720 | Reward:  244.22 | Battery:  71.11% | Loss: 0.1017
Placing Sensors
[Episode 362/400] Steps:  91 | Reward:  -57.70 | Battery:   0.00% | Loss: 
Placing Sensors
[Episode 363/400] Steps:  99 | Reward:  -62.06 | Battery:   0.00% | Loss: 
Placing Sensors
[Episode 364/400] Steps: 720 | Reward:  277.02 | Battery:  76.95% | Loss: 
Placing Sensors
Policy -0.0065 | Value 110.3799 | Lyap 0.0116 | Dynamics 0.0440 | Barrier 0.0775 | KL 0.01158 | CF 0.1175 | Std 0.1096 | RawLogStd 0.0222 | |a| 0.0425 | EV +0.838 | Alpha 0.0100 | MB 28/28
  cert | viol 0.000 | dV -0.237386 | V 0.2491 | inball 0.583 | a*_q05 0.01264 | a*_q50 0.04005 | dV>=0 0.000 | n=150 | a_used 0.00364 -> 0.00382
[Convergence check] ep 365 | avg_reward(last 50) 246.18 (best 258.51, above_threshold=True) | avg_lyap(last 20) 0.0098 (V=0.223+-0.236, viol=41.2%, dV=-0.001329, inball=55%, collapsed=False) | avg_barrier(last 20) 0.0447 | avg_std(last 20) 0.1097 | avg|a|(last 20) 0.0366 (cleared=True) | stable=False | trend +186.03/window t=+6.58 (plateau_streak=0/10) | checks_since_best=2
[Episode 365/400] Steps: 720 | Reward:  338.17 | Battery:  86.87% | Loss: 0.0108
Placing Sensors
[Episode 366/400] Steps: 720 | Reward:  247.71 | Battery:  70.89% | Loss: 
Placing Sensors
Policy -0.0131 | Value 52.4275 | Lyap 0.0097 | Dynamics 0.0348 | Barrier 0.0281 | KL 0.01640 | CF 0.1875 | Std 0.1096 | RawLogStd 0.0223 | |a| 0.0346 | EV +0.942 | Alpha 0.0100 | MB 24/24
  cert | viol 0.061 | dV -0.241741 | V 0.3010 | inball 0.444 | a*_q05 0.00373 | a*_q50 0.02839 | dV>=0 0.000 | n=150 | a_used 0.00382 -> 0.00381
[Convergence check] ep 367 | avg_reward(last 50) 245.96 (best 258.51, above_threshold=True) | avg_lyap(last 20) 0.0098 (V=0.222+-0.236, viol=41.7%, dV=-0.001321, inball=54%, collapsed=False) | avg_barrier(last 20) 0.0443 | avg_std(last 20) 0.1097 | avg|a|(last 20) 0.0366 (cleared=True) | stable=False | trend +174.35/window t=+6.21 (plateau_streak=0/10) | checks_since_best=3
[Episode 367/400] Steps: 720 | Reward:  222.62 | Battery:  68.34% | Loss: -0.0186
Placing Sensors
[Episode 368/400] Steps: 720 | Reward:  279.40 | Battery:  79.64% | Loss: 
Placing Sensors
Policy -0.0113 | Value 37.9449 | Lyap 0.0076 | Dynamics 0.0339 | Barrier 0.0293 | KL 0.00860 | CF 0.0871 | Std 0.1096 | RawLogStd 0.0222 | |a| 0.0296 | EV +0.964 | Alpha 0.0100 | MB 24/24
  cert | viol 0.046 | dV -0.205566 | V 0.2614 | inball 0.514 | a*_q05 0.00438 | a*_q50 0.02751 | dV>=0 0.000 | n=150 | a_used 0.00381 -> 0.00379
[Convergence check] ep 369 | avg_reward(last 50) 244.45 (best 258.51, above_threshold=True) | avg_lyap(last 20) 0.0097 (V=0.222+-0.236, viol=42.0%, dV=-0.001299, inball=54%, collapsed=False) | avg_barrier(last 20) 0.0431 | avg_std(last 20) 0.1097 | avg|a|(last 20) 0.0366 (cleared=True) | stable=False | trend +175.97/window t=+6.28 (plateau_streak=0/10) | checks_since_best=4
[Episode 369/400] Steps: 720 | Reward:  219.51 | Battery:  63.98% | Loss: 0.0298
Placing Sensors
[Episode 370/400] Steps: 720 | Reward:  259.27 | Battery:  68.73% | Loss: 
Placing Sensors
Policy 0.0042 | Value 38.5079 | Lyap 0.0070 | Dynamics 0.0533 | Barrier 0.0208 | KL 0.01951 | CF 0.1444 | Std 0.1096 | RawLogStd 0.0222 | |a| 0.0380 | EV +0.966 | Alpha 0.0100 | MB 18/24
  cert | viol 0.044 | dV -0.230441 | V 0.2728 | inball 0.485 | a*_q05 0.00497 | a*_q50 0.03150 | dV>=0 0.000 | n=150 | a_used 0.00379 -> 0.00395
[Convergence check] ep 371 | avg_reward(last 50) 245.82 (best 258.51, above_threshold=True) | avg_lyap(last 20) 0.0096 (V=0.218+-0.235, viol=42.1%, dV=-0.001294, inball=55%, collapsed=False) | avg_barrier(last 20) 0.0408 | avg_std(last 20) 0.1096 | avg|a|(last 20) 0.0369 (cleared=True) | stable=False | trend +171.38/window t=+6.15 (plateau_streak=0/10) | checks_since_best=5
[Episode 371/400] Steps: 720 | Reward:  222.14 | Battery:  71.76% | Loss: 0.0770
Placing Sensors
[Episode 372/400] Steps: 720 | Reward:  332.24 | Battery:  84.08% | Loss: 
Placing Sensors
Policy -0.0050 | Value 35.2868 | Lyap 0.0078 | Dynamics 0.0398 | Barrier 0.0240 | KL 0.01292 | CF 0.1488 | Std 0.1096 | RawLogStd 0.0221 | |a| 0.0364 | EV +0.936 | Alpha 0.0100 | MB 24/24
  cert | viol 0.000 | dV -0.197897 | V 0.2251 | inball 0.575 | a*_q05 0.00744 | a*_q50 0.03256 | dV>=0 0.000 | n=150 | a_used 0.00395 -> 0.00412
[Convergence check] ep 373 | avg_reward(last 50) 247.67 (best 258.51, above_threshold=True) | avg_lyap(last 20) 0.0094 (V=0.215+-0.234, viol=41.6%, dV=-0.001314, inball=55%, collapsed=False) | avg_barrier(last 20) 0.0408 | avg_std(last 20) 0.1096 | avg|a|(last 20) 0.0371 (cleared=True) | stable=False | trend +175.97/window t=+6.32 (plateau_streak=0/10) | checks_since_best=6
[Episode 373/400] Steps: 720 | Reward:  246.04 | Battery:  70.62% | Loss: -0.0360
Placing Sensors
[Episode 374/400] Steps: 720 | Reward:  293.09 | Battery:  76.59% | Loss: 
Placing Sensors
Policy -0.0099 | Value 29.6178 | Lyap 0.0056 | Dynamics 0.0456 | Barrier 0.0099 | KL 0.01628 | CF 0.1473 | Std 0.1095 | RawLogStd 0.0220 | |a| 0.0371 | EV +0.963 | Alpha 0.0100 | MB 24/24
  cert | viol 0.000 | dV -0.271035 | V 0.3077 | inball 0.568 | a*_q05 0.00671 | a*_q50 0.03562 | dV>=0 0.000 | n=150 | a_used 0.00412 -> 0.00418
[Convergence check] ep 375 | avg_reward(last 50) 247.47 (best 258.51, above_threshold=True) | avg_lyap(last 20) 0.0091 (V=0.213+-0.235, viol=41.5%, dV=-0.001328, inball=55%, collapsed=False) | avg_barrier(last 20) 0.0402 | avg_std(last 20) 0.1096 | avg|a|(last 20) 0.0371 (cleared=True) | stable=False | trend +173.58/window t=+6.28 (plateau_streak=0/10) | checks_since_best=7
[Episode 375/400] Steps: 720 | Reward:  300.32 | Battery:  79.11% | Loss: -0.0417
Placing Sensors
[Episode 376/400] Steps: 720 | Reward:  230.80 | Battery:  64.54% | Loss: 
Placing Sensors
Policy -0.0054 | Value 47.6641 | Lyap 0.0111 | Dynamics 0.0426 | Barrier 0.0650 | KL 0.01277 | CF 0.1300 | Std 0.1095 | RawLogStd 0.0221 | |a| 0.0388 | EV +0.934 | Alpha 0.0100 | MB 24/24
  cert | viol 0.023 | dV -0.259655 | V 0.3049 | inball 0.555 | a*_q05 0.00551 | a*_q50 0.03269 | dV>=0 0.000 | n=150 | a_used 0.00418 -> 0.00424
[Convergence check] ep 377 | avg_reward(last 50) 249.39 (best 258.51, above_threshold=True) | avg_lyap(last 20) 0.0092 (V=0.214+-0.237, viol=41.1%, dV=-0.001346, inball=55%, collapsed=False) | avg_barrier(last 20) 0.0423 | avg_std(last 20) 0.1096 | avg|a|(last 20) 0.0375 (cleared=True) | stable=False | trend +182.40/window t=+6.63 (plateau_streak=0/10) | checks_since_best=8
[Episode 377/400] Steps: 720 | Reward:  358.21 | Battery:  88.91% | Loss: 0.1584
Placing Sensors
[Episode 378/400] Steps: 720 | Reward:  304.40 | Battery:  83.37% | Loss: 
Placing Sensors
Policy -0.0017 | Value 81.8509 | Lyap 0.0092 | Dynamics 0.0483 | Barrier 0.0497 | KL 0.02436 | CF 0.1765 | Std 0.1095 | RawLogStd 0.0220 | |a| 0.0552 | EV +0.888 | Alpha 0.0100 | MB 24/24
  cert | viol 0.072 | dV -0.327569 | V 0.3974 | inball 0.581 | a*_q05 0.00425 | a*_q50 0.03370 | dV>=0 0.000 | n=150 | a_used 0.00424 -> 0.00436
[Convergence check] ep 379 | avg_reward(last 50) 252.03 (best 258.51, above_threshold=True) | avg_lyap(last 20) 0.0091 (V=0.211+-0.237, viol=40.6%, dV=-0.001418, inball=56%, collapsed=False) | avg_barrier(last 20) 0.0431 | avg_std(last 20) 0.1096 | avg|a|(last 20) 0.0385 (cleared=True) | stable=False | trend +183.84/window t=+6.74 (plateau_streak=0/10) | checks_since_best=9
[Episode 379/400] Steps: 720 | Reward:  336.97 | Battery:  84.91% | Loss: 0.0758
Placing Sensors
[Episode 380/400] Steps: 720 | Reward:  309.67 | Battery:  75.55% | Loss: 
Placing Sensors
Policy 0.0100 | Value 72.8633 | Lyap 0.0134 | Dynamics 0.0575 | Barrier 0.0188 | KL 0.03158 | CF 0.1036 | Std 0.1095 | RawLogStd 0.0219 | |a| 0.0516 | EV +0.926 | Alpha 0.0100 | MB 6/24
  cert | viol 0.000 | dV -0.271242 | V 0.2899 | inball 0.640 | a*_q05 0.00973 | a*_q50 0.03979 | dV>=0 0.000 | n=150 | a_used 0.00436 -> 0.00452
[Convergence check] ep 381 | avg_reward(last 50) 253.15 (best 258.51, above_threshold=True) | avg_lyap(last 20) 0.0091 (V=0.212+-0.240, viol=40.6%, dV=-0.001446, inball=56%, collapsed=False) | avg_barrier(last 20) 0.0399 | avg_std(last 20) 0.1096 | avg|a|(last 20) 0.0395 (cleared=True) | stable=False | trend +191.58/window t=+7.06 (plateau_streak=0/10) | checks_since_best=10
[Episode 381/400] Steps: 720 | Reward:  314.01 | Battery:  84.41% | Loss: 0.1280
Placing Sensors
[Episode 382/400] Steps: 720 | Reward:  272.68 | Battery:  73.12% | Loss: 
Placing Sensors
Policy -0.0144 | Value 41.5809 | Lyap 0.0108 | Dynamics 0.0379 | Barrier 0.0535 | KL 0.01031 | CF 0.1068 | Std 0.1095 | RawLogStd 0.0219 | |a| 0.0378 | EV +0.959 | Alpha 0.0100 | MB 24/24
  cert | viol 0.012 | dV -0.213318 | V 0.2365 | inball 0.586 | a*_q05 0.00763 | a*_q50 0.03631 | dV>=0 0.000 | n=150 | a_used 0.00452 -> 0.00470
[Convergence check] ep 383 | avg_reward(last 50) 253.90 (best 258.51, above_threshold=True) | avg_lyap(last 20) 0.0091 (V=0.208+-0.238, viol=40.6%, dV=-0.001448, inball=57%, collapsed=False) | avg_barrier(last 20) 0.0397 | avg_std(last 20) 0.1096 | avg|a|(last 20) 0.0399 (cleared=True) | stable=False | trend +187.27/window t=+6.94 (plateau_streak=0/10) | checks_since_best=11
[Episode 383/400] Steps: 720 | Reward:  273.53 | Battery:  74.82% | Loss: -0.0527
Placing Sensors
[Episode 384/400] Steps: 720 | Reward:  280.41 | Battery:  76.47% | Loss: 
Placing Sensors
Policy 0.0119 | Value 36.7113 | Lyap 0.0081 | Dynamics 0.0538 | Barrier 0.0359 | KL 0.03513 | CF 0.1168 | Std 0.1095 | RawLogStd 0.0218 | |a| 0.0401 | EV +0.968 | Alpha 0.0100 | MB 12/24
  cert | viol 0.035 | dV -0.205026 | V 0.2427 | inball 0.566 | a*_q05 0.00603 | a*_q50 0.02995 | dV>=0 0.000 | n=150 | a_used 0.00470 -> 0.00482
[Convergence check] ep 385 | avg_reward(last 50) 260.73 (best 260.73, above_threshold=True) | avg_lyap(last 20) 0.0092 (V=0.205+-0.235, viol=40.3%, dV=-0.001436, inball=56%, collapsed=False) | avg_barrier(last 20) 0.0398 | avg_std(last 20) 0.1096 | avg|a|(last 20) 0.0392 (cleared=True) | stable=False | trend +184.54/window t=+6.90 (plateau_streak=0/10) | checks_since_best=0
[Episode 385/400] Steps: 720 | Reward:  268.25 | Battery:  78.53% | Loss: 0.0776
Placing Sensors
[Episode 386/400] Steps: 720 | Reward:  280.56 | Battery:  77.78% | Loss: 
Placing Sensors
[Episode 387/400] Steps:  93 | Reward:  -57.32 | Battery:   0.00% | Loss: 
Placing Sensors
Policy -0.0113 | Value 94.5013 | Lyap 0.0092 | Dynamics 0.0433 | Barrier 0.0384 | KL 0.01835 | CF 0.1943 | Std 0.1095 | RawLogStd 0.0217 | |a| 0.0456 | EV +0.861 | Alpha 0.0100 | MB 24/24
  cert | viol 0.172 | dV -0.262400 | V 0.3747 | inball 0.440 | a*_q05 0.00080 | a*_q50 0.02294 | dV>=0 0.034 | n=150 | a_used 0.00482 -> 0.00445
[Convergence check] ep 388 | avg_reward(last 50) 253.90 (best 260.73, above_threshold=True) | avg_lyap(last 20) 0.0091 (V=0.206+-0.234, viol=40.9%, dV=-0.001401, inball=56%, collapsed=False) | avg_barrier(last 20) 0.0400 | avg_std(last 20) 0.1096 | avg|a|(last 20) 0.0397 (cleared=True) | stable=False | trend +174.30/window t=+6.42 (plateau_streak=0/10) | checks_since_best=1
[Episode 388/400] Steps: 720 | Reward:  239.87 | Battery:  75.66% | Loss: 0.0282
Placing Sensors
[Episode 389/400] Steps: 720 | Reward:  298.82 | Battery:  84.93% | Loss: 
Placing Sensors
Policy -0.0051 | Value 37.5242 | Lyap 0.0095 | Dynamics 0.0439 | Barrier 0.0145 | KL 0.01632 | CF 0.1988 | Std 0.1095 | RawLogStd 0.0217 | |a| 0.0426 | EV +0.949 | Alpha 0.0100 | MB 24/24
  cert | viol 0.030 | dV -0.304051 | V 0.3419 | inball 0.565 | a*_q05 0.00656 | a*_q50 0.03458 | dV>=0 0.000 | n=150 | a_used 0.00445 -> 0.00460
[Convergence check] ep 390 | avg_reward(last 50) 252.99 (best 260.73, above_threshold=True) | avg_lyap(last 20) 0.0090 (V=0.209+-0.235, viol=41.6%, dV=-0.001385, inball=56%, collapsed=False) | avg_barrier(last 20) 0.0381 | avg_std(last 20) 0.1096 | avg|a|(last 20) 0.0398 (cleared=True) | stable=False | trend +176.00/window t=+6.50 (plateau_streak=0/10) | checks_since_best=2
[Episode 390/400] Steps: 720 | Reward:  207.01 | Battery:  57.83% | Loss: 0.0953
Placing Sensors
[Episode 391/400] Steps: 720 | Reward:  278.64 | Battery:  73.23% | Loss: 
Placing Sensors
[Episode 392/400] Steps:  71 | Reward:  -66.58 | Battery:   0.00% | Loss: 
Placing Sensors
Policy -0.0110 | Value 56.1943 | Lyap 0.0076 | Dynamics 0.0431 | Barrier 0.0490 | KL 0.02604 | CF 0.1336 | Std 0.1095 | RawLogStd 0.0218 | |a| 0.0574 | EV +0.925 | Alpha 0.0100 | MB 24/24
  cert | viol 0.021 | dV -0.227259 | V 0.2718 | inball 0.436 | a*_q05 0.00578 | a*_q50 0.02438 | dV>=0 0.000 | n=150 | a_used 0.00460 -> 0.00463
[Convergence check] ep 393 | avg_reward(last 50) 244.03 (best 260.73, above_threshold=True) | avg_lyap(last 20) 0.0089 (V=0.211+-0.238, viol=41.7%, dV=-0.001348, inball=55%, collapsed=False) | avg_barrier(last 20) 0.0376 | avg_std(last 20) 0.1096 | avg|a|(last 20) 0.0406 (cleared=True) | stable=False | trend +156.71/window t=+5.74 (plateau_streak=0/10) | checks_since_best=3
[Episode 393/400] Steps: 720 | Reward:  212.55 | Battery:  71.58% | Loss: 0.1155
Placing Sensors
[Episode 394/400] Steps:  77 | Reward:  -73.56 | Battery:   0.00% | Loss: 
Placing Sensors
[Episode 395/400] Steps: 720 | Reward:  276.41 | Battery:  76.41% | Loss: 
Placing Sensors
Policy -0.0057 | Value 43.1068 | Lyap 0.0081 | Dynamics 0.0459 | Barrier 0.0323 | KL 0.01396 | CF 0.1144 | Std 0.1095 | RawLogStd 0.0218 | |a| 0.0493 | EV +0.935 | Alpha 0.0100 | MB 24/24
  cert | viol 0.097 | dV -0.275369 | V 0.3588 | inball 0.531 | a*_q05 0.00294 | a*_q50 0.02857 | dV>=0 0.000 | n=150 | a_used 0.00463 -> 0.00440
[Convergence check] ep 396 | avg_reward(last 50) 237.47 (best 260.73, above_threshold=True) | avg_lyap(last 20) 0.0089 (V=0.214+-0.241, viol=42.0%, dV=-0.001306, inball=55%, collapsed=False) | avg_barrier(last 20) 0.0379 | avg_std(last 20) 0.1096 | avg|a|(last 20) 0.0414 (cleared=True) | stable=False | trend +137.96/window t=+5.01 (plateau_streak=0/10) | checks_since_best=4
[Episode 396/400] Steps: 720 | Reward:  304.44 | Battery:  86.19% | Loss: 0.0524
Placing Sensors
[Episode 397/400] Steps: 720 | Reward:  275.98 | Battery:  76.36% | Loss: 
Placing Sensors
Policy 0.0021 | Value 58.9491 | Lyap 0.0072 | Dynamics 0.0491 | Barrier 0.0256 | KL 0.02380 | CF 0.1033 | Std 0.1095 | RawLogStd 0.0217 | |a| 0.0519 | EV +0.945 | Alpha 0.0100 | MB 12/24
  cert | viol 0.043 | dV -0.211065 | V 0.2583 | inball 0.523 | a*_q05 0.00519 | a*_q50 0.02830 | dV>=0 0.000 | n=150 | a_used 0.00440 -> 0.00451
[Convergence check] ep 398 | avg_reward(last 50) 237.90 (best 260.73, above_threshold=True) | avg_lyap(last 20) 0.0089 (V=0.215+-0.241, viol=41.9%, dV=-0.001293, inball=55%, collapsed=False) | avg_barrier(last 20) 0.0371 | avg_std(last 20) 0.1095 | avg|a|(last 20) 0.0420 (cleared=True) | stable=False | trend +134.64/window t=+4.94 (plateau_streak=0/10) | checks_since_best=5
[Episode 398/400] Steps: 720 | Reward:  276.97 | Battery:  81.82% | Loss: -0.0329
Placing Sensors
[Episode 399/400] Steps: 720 | Reward:  291.59 | Battery:  74.85% | Loss: 
Placing Sensors
Policy -0.0034 | Value 70.5150 | Lyap 0.0129 | Dynamics 0.0530 | Barrier 0.0606 | KL 0.01508 | CF 0.1432 | Std 0.1095 | RawLogStd 0.0217 | |a| 0.0445 | EV +0.889 | Alpha 0.0100 | MB 24/24
  cert | viol 0.000 | dV -0.269331 | V 0.2885 | inball 0.583 | a*_q05 0.01008 | a*_q50 0.04043 | dV>=0 0.000 | n=150 | a_used 0.00451 -> 0.00469
[Convergence check] ep 400 | avg_reward(last 50) 237.01 (best 260.73, above_threshold=True) | avg_lyap(last 20) 0.0090 (V=0.212+-0.239, viol=41.8%, dV=-0.001299, inball=55%, collapsed=False) | avg_barrier(last 20) 0.0389 | avg_std(last 20) 0.1095 | avg|a|(last 20) 0.0421 (cleared=True) | stable=False | trend +140.11/window t=+5.16 (plateau_streak=0/10) | checks_since_best=6
[Episode 400/400] Steps: 720 | Reward:  247.74 | Battery:  65.68% | Loss: 0.2149
Placing Sensors
[Episode 401/400] Steps: 720 | Reward:  297.01 | Battery:  89.26% | Loss: 
Placing Sensors
[Episode 402/400] Steps: 122 | Reward:  -62.71 | Battery:   0.00% | Loss: 
Placing Sensors
Policy 0.0041 | Value 95.3432 | Lyap 0.0083 | Dynamics 0.0461 | Barrier 0.0847 | KL 0.02002 | CF 0.1513 | Std 0.1095 | RawLogStd 0.0217 | |a| 0.0564 | EV +0.790 | Alpha 0.0100 | MB 28/28
  cert | viol 0.166 | dV -0.235980 | V 0.3485 | inball 0.498 | a*_q05 0.00038 | a*_q50 0.02499 | dV>=0 0.064 | n=150 | a_used 0.00469 -> 0.00444
[Convergence check] ep 403 | avg_reward(last 50) 231.29 (best 260.73, above_threshold=True) | avg_lyap(last 20) 0.0090 (V=0.219+-0.243, viol=42.4%, dV=-0.001269, inball=54%, collapsed=False) | avg_barrier(last 20) 0.0411 | avg_std(last 20) 0.1095 | avg|a|(last 20) 0.0430 (cleared=True) | stable=False | trend +130.28/window t=+4.74 (plateau_streak=0/10) | checks_since_best=7
[Episode 403/400] Steps: 720 | Reward:  307.46 | Battery:  83.47% | Loss: -0.3670
Placing Sensors
[Episode 404/400] Steps: 720 | Reward:  310.26 | Battery:  79.53% | Loss: 
Placing Sensors
[Episode 405/400] Steps: 160 | Reward:  -45.16 | Battery:   0.00% | Loss: 
Placing Sensors
Policy -0.0020 | Value 75.6381 | Lyap 0.0084 | Dynamics 0.0631 | Barrier 0.0591 | KL 0.02400 | CF 0.2221 | Std 0.1095 | RawLogStd 0.0217 | |a| 0.0524 | EV +0.899 | Alpha 0.0100 | MB 28/28
  cert | viol 0.085 | dV -0.334359 | V 0.4063 | inball 0.496 | a*_q05 0.00300 | a*_q50 0.03718 | dV>=0 0.016 | n=150 | a_used 0.00444 -> 0.00453
[Convergence check] ep 406 | avg_reward(last 50) 225.67 (best 260.73, above_threshold=True) | avg_lyap(last 20) 0.0092 (V=0.227+-0.248, viol=43.8%, dV=-0.001173, inball=54%, collapsed=False) | avg_barrier(last 20) 0.0403 | avg_std(last 20) 0.1095 | avg|a|(last 20) 0.0440 (cleared=True) | stable=False | trend +116.93/window t=+4.21 (plateau_streak=0/10) | checks_since_best=8
[Episode 406/400] Steps: 720 | Reward:  235.43 | Battery:  71.45% | Loss: -0.0611
Placing Sensors
[Episode 407/400] Steps: 720 | Reward:  286.44 | Battery:  75.73% | Loss: 
Placing Sensors
Policy -0.0110 | Value 57.2089 | Lyap 0.0093 | Dynamics 0.0401 | Barrier 0.0257 | KL 0.02097 | CF 0.1483 | Std 0.1095 | RawLogStd 0.0217 | |a| 0.0464 | EV +0.899 | Alpha 0.0100 | MB 24/24
  cert | viol 0.057 | dV -0.239132 | V 0.2828 | inball 0.589 | a*_q05 0.00464 | a*_q50 0.03623 | dV>=0 0.000 | n=150 | a_used 0.00453 -> 0.00454
[Convergence check] ep 408 | avg_reward(last 50) 223.96 (best 260.73, above_threshold=True) | avg_lyap(last 20) 0.0091 (V=0.225+-0.248, viol=43.1%, dV=-0.001218, inball=54%, collapsed=False) | avg_barrier(last 20) 0.0401 | avg_std(last 20) 0.1095 | avg|a|(last 20) 0.0444 (cleared=True) | stable=False | trend +123.03/window t=+4.44 (plateau_streak=0/10) | checks_since_best=9
[Episode 408/400] Steps: 720 | Reward:  290.60 | Battery:  80.42% | Loss: -0.0772
Placing Sensors
[Episode 409/400] Steps: 720 | Reward:  308.69 | Battery:  86.64% | Loss: 
Placing Sensors
Policy -0.0045 | Value 43.4760 | Lyap 0.0097 | Dynamics 0.0564 | Barrier 0.0704 | KL 0.02538 | CF 0.2347 | Std 0.1095 | RawLogStd 0.0216 | |a| 0.0431 | EV +0.920 | Alpha 0.0100 | MB 24/24
  cert | viol 0.000 | dV -0.251822 | V 0.2653 | inball 0.630 | a*_q05 0.01186 | a*_q50 0.03575 | dV>=0 0.000 | n=150 | a_used 0.00454 -> 0.00472
[Convergence check] ep 410 | avg_reward(last 50) 230.34 (best 260.73, above_threshold=True) | avg_lyap(last 20) 0.0090 (V=0.221+-0.246, viol=42.3%, dV=-0.001296, inball=54%, collapsed=False) | avg_barrier(last 20) 0.0398 | avg_std(last 20) 0.1095 | avg|a|(last 20) 0.0444 (cleared=True) | stable=False | trend +128.96/window t=+4.66 (plateau_streak=0/10) | checks_since_best=10
[Episode 410/400] Steps: 720 | Reward:  285.09 | Battery:  79.52% | Loss: -0.1045
Placing Sensors
[Episode 411/400] Steps: 720 | Reward:  313.52 | Battery:  81.94% | Loss: 
Placing Sensors
Policy -0.0044 | Value 59.1476 | Lyap 0.0080 | Dynamics 0.0529 | Barrier 0.0602 | KL 0.03470 | CF 0.1643 | Std 0.1095 | RawLogStd 0.0217 | |a| 0.0669 | EV +0.926 | Alpha 0.0100 | MB 12/24
  cert | viol 0.070 | dV -0.298512 | V 0.3525 | inball 0.560 | a*_q05 0.00424 | a*_q50 0.03215 | dV>=0 0.000 | n=150 | a_used 0.00472 -> 0.00466
[Convergence check] ep 412 | avg_reward(last 50) 238.69 (best 260.73, above_threshold=True) | avg_lyap(last 20) 0.0089 (V=0.220+-0.246, viol=42.1%, dV=-0.001335, inball=55%, collapsed=False) | avg_barrier(last 20) 0.0414 | avg_std(last 20) 0.1095 | avg|a|(last 20) 0.0461 (cleared=True) | stable=False | trend +135.24/window t=+4.90 (plateau_streak=0/10) | checks_since_best=11
[Episode 412/400] Steps: 720 | Reward:  290.38 | Battery:  78.03% | Loss: 0.0149
Placing Sensors
[Episode 413/400] Steps: 720 | Reward:  271.97 | Battery:  81.28% | Loss: 
Placing Sensors
Policy -0.0028 | Value 35.6880 | Lyap 0.0100 | Dynamics 0.0492 | Barrier 0.0379 | KL 0.02095 | CF 0.1841 | Std 0.1095 | RawLogStd 0.0217 | |a| 0.0448 | EV +0.930 | Alpha 0.0100 | MB 24/24
  cert | viol 0.100 | dV -0.253709 | V 0.3345 | inball 0.522 | a*_q05 0.00268 | a*_q50 0.02736 | dV>=0 0.007 | n=150 | a_used 0.00466 -> 0.00466
[Convergence check] ep 414 | avg_reward(last 50) 245.36 (best 260.73, above_threshold=True) | avg_lyap(last 20) 0.0091 (V=0.221+-0.249, viol=41.8%, dV=-0.001350, inball=55%, collapsed=False) | avg_barrier(last 20) 0.0418 | avg_std(last 20) 0.1095 | avg|a|(last 20) 0.0468 (cleared=True) | stable=False | trend +132.40/window t=+4.85 (plateau_streak=0/10) | checks_since_best=12
[Episode 414/400] Steps: 720 | Reward:  276.52 | Battery:  82.76% | Loss: -0.0974
Placing Sensors
[Episode 415/400] Steps:  78 | Reward:  -56.42 | Battery:   0.00% | Loss: 
Placing Sensors
[Episode 416/400] Steps: 720 | Reward:  274.99 | Battery:  74.33% | Loss: 
Placing Sensors
Policy -0.0081 | Value 94.8442 | Lyap 0.0094 | Dynamics 0.0398 | Barrier 0.0188 | KL 0.02068 | CF 0.1424 | Std 0.1095 | RawLogStd 0.0219 | |a| 0.0456 | EV +0.885 | Alpha 0.0100 | MB 24/24
  cert | viol 0.019 | dV -0.238848 | V 0.2643 | inball 0.538 | a*_q05 0.00770 | a*_q50 0.03554 | dV>=0 0.000 | n=150 | a_used 0.00466 -> 0.00470
[Convergence check] ep 417 | avg_reward(last 50) 238.60 (best 260.73, above_threshold=True) | avg_lyap(last 20) 0.0092 (V=0.223+-0.250, viol=42.1%, dV=-0.001333, inball=55%, collapsed=False) | avg_barrier(last 20) 0.0417 | avg_std(last 20) 0.1095 | avg|a|(last 20) 0.0472 (cleared=True) | stable=False | trend +118.24/window t=+4.28 (plateau_streak=0/10) | checks_since_best=13
[Episode 417/400] Steps: 720 | Reward:  251.86 | Battery:  69.48% | Loss: 0.1611
Placing Sensors
[Episode 418/400] Steps: 720 | Reward:  288.97 | Battery:  80.25% | Loss: 
Placing Sensors
Policy -0.0060 | Value 65.4777 | Lyap 0.0107 | Dynamics 0.0612 | Barrier 0.0164 | KL 0.02234 | CF 0.1806 | Std 0.1095 | RawLogStd 0.0220 | |a| 0.0550 | EV +0.915 | Alpha 0.0100 | MB 18/24
  cert | viol 0.039 | dV -0.301441 | V 0.3502 | inball 0.571 | a*_q05 0.00519 | a*_q50 0.03557 | dV>=0 0.000 | n=150 | a_used 0.00470 -> 0.00472
[Convergence check] ep 419 | avg_reward(last 50) 239.95 (best 260.73, above_threshold=True) | avg_lyap(last 20) 0.0093 (V=0.224+-0.252, viol=42.7%, dV=-0.001335, inball=55%, collapsed=False) | avg_barrier(last 20) 0.0413 | avg_std(last 20) 0.1095 | avg|a|(last 20) 0.0481 (cleared=True) | stable=False | trend +123.80/window t=+4.50 (plateau_streak=0/10) | checks_since_best=14
[Episode 419/400] Steps: 720 | Reward:  277.47 | Battery:  74.15% | Loss: 0.1434
Placing Sensors
[Episode 420/400] Steps: 720 | Reward:  258.86 | Battery:  65.89% | Loss: 
Placing Sensors
Policy -0.0088 | Value 34.0857 | Lyap 0.0105 | Dynamics 0.0528 | Barrier 0.0652 | KL 0.02147 | CF 0.2018 | Std 0.1095 | RawLogStd 0.0220 | |a| 0.0423 | EV +0.973 | Alpha 0.0100 | MB 24/24
  cert | viol 0.025 | dV -0.248175 | V 0.2794 | inball 0.557 | a*_q05 0.00702 | a*_q50 0.03461 | dV>=0 0.000 | n=150 | a_used 0.00472 -> 0.00484
[Convergence check] ep 421 | avg_reward(last 50) 240.07 (best 260.73, above_threshold=True) | avg_lyap(last 20) 0.0096 (V=0.224+-0.253, viol=42.7%, dV=-0.001307, inball=55%, collapsed=False) | avg_barrier(last 20) 0.0441 | avg_std(last 20) 0.1095 | avg|a|(last 20) 0.0484 (cleared=True) | stable=False | trend +108.86/window t=+4.03 (plateau_streak=0/10) | checks_since_best=15
[Episode 421/400] Steps: 720 | Reward:  228.45 | Battery:  66.65% | Loss: -0.1043
Placing Sensors
[Episode 422/400] Steps: 720 | Reward:  296.01 | Battery:  77.76% | Loss: 
Placing Sensors
Policy -0.0008 | Value 42.7078 | Lyap 0.0097 | Dynamics 0.0507 | Barrier 0.1011 | KL 0.03229 | CF 0.1900 | Std 0.1095 | RawLogStd 0.0220 | |a| 0.0425 | EV +0.964 | Alpha 0.0100 | MB 12/24
  cert | viol 0.002 | dV -0.249275 | V 0.2658 | inball 0.651 | a*_q05 0.00966 | a*_q50 0.04070 | dV>=0 0.000 | n=150 | a_used 0.00484 -> 0.00494
[Convergence check] ep 423 | avg_reward(last 50) 240.91 (best 260.73, above_threshold=True) | avg_lyap(last 20) 0.0095 (V=0.222+-0.252, viol=42.3%, dV=-0.001337, inball=55%, collapsed=False) | avg_barrier(last 20) 0.0459 | avg_std(last 20) 0.1095 | avg|a|(last 20) 0.0486 (cleared=True) | stable=False | trend +113.59/window t=+4.21 (plateau_streak=0/10) | checks_since_best=16
[Episode 423/400] Steps: 720 | Reward:  324.22 | Battery:  78.64% | Loss: -0.0164
Placing Sensors
[Episode 424/400] Steps: 720 | Reward:  248.75 | Battery:  76.52% | Loss: 
Placing Sensors
Policy -0.0001 | Value 49.9998 | Lyap 0.0080 | Dynamics 0.0533 | Barrier 0.0593 | KL 0.02326 | CF 0.1950 | Std 0.1095 | RawLogStd 0.0220 | |a| 0.0511 | EV +0.950 | Alpha 0.0100 | MB 24/24
  cert | viol 0.035 | dV -0.300435 | V 0.3515 | inball 0.530 | a*_q05 0.00702 | a*_q50 0.03106 | dV>=0 0.000 | n=150 | a_used 0.00494 -> 0.00505
[Convergence check] ep 425 | avg_reward(last 50) 239.80 (best 260.73, above_threshold=True) | avg_lyap(last 20) 0.0094 (V=0.220+-0.251, viol=42.3%, dV=-0.001306, inball=55%, collapsed=False) | avg_barrier(last 20) 0.0464 | avg_std(last 20) 0.1095 | avg|a|(last 20) 0.0484 (cleared=True) | stable=False | trend +107.56/window t=+4.02 (plateau_streak=0/10) | checks_since_best=17
[Episode 425/400] Steps: 720 | Reward:  289.40 | Battery:  73.00% | Loss: 0.0339
Placing Sensors
[Episode 426/400] Steps: 720 | Reward:  306.91 | Battery:  80.72% | Loss: 
Placing Sensors
Policy -0.0069 | Value 39.6767 | Lyap 0.0086 | Dynamics 0.0475 | Barrier 0.0161 | KL 0.01523 | CF 0.1205 | Std 0.1095 | RawLogStd 0.0219 | |a| 0.0439 | EV +0.969 | Alpha 0.0100 | MB 24/24
  cert | viol 0.000 | dV -0.260064 | V 0.2797 | inball 0.614 | a*_q05 0.00974 | a*_q50 0.03833 | dV>=0 0.000 | n=150 | a_used 0.00505 -> 0.00523
[Convergence check] ep 427 | avg_reward(last 50) 239.65 (best 260.73, above_threshold=True) | avg_lyap(last 20) 0.0092 (V=0.218+-0.250, viol=42.3%, dV=-0.001290, inball=55%, collapsed=False) | avg_barrier(last 20) 0.0462 | avg_std(last 20) 0.1095 | avg|a|(last 20) 0.0480 (cleared=True) | stable=False | trend +104.31/window t=+3.95 (plateau_streak=0/10) | checks_since_best=18
[Episode 427/400] Steps: 720 | Reward:  274.52 | Battery:  74.66% | Loss: 0.1642
Placing Sensors
[Episode 428/400] Steps:  97 | Reward:  -53.92 | Battery:   0.00% | Loss: 
Placing Sensors
[Episode 429/400] Steps: 720 | Reward:  214.56 | Battery:  65.39% | Loss: 
Placing Sensors
Policy -0.0008 | Value 183.3346 | Lyap 0.0105 | Dynamics 0.0563 | Barrier 0.0434 | KL 0.03676 | CF 0.2451 | Std 0.1095 | RawLogStd 0.0218 | |a| 0.0744 | EV +0.778 | Alpha 0.0100 | MB 12/28
  cert | viol 0.073 | dV -0.226485 | V 0.2731 | inball 0.485 | a*_q05 0.00418 | a*_q50 0.03213 | dV>=0 0.000 | n=150 | a_used 0.00523 -> 0.00498
[Convergence check] ep 430 | avg_reward(last 50) 229.02 (best 260.73, above_threshold=True) | avg_lyap(last 20) 0.0092 (V=0.221+-0.252, viol=42.8%, dV=-0.001239, inball=54%, collapsed=False) | avg_barrier(last 20) 0.0457 | avg_std(last 20) 0.1095 | avg|a|(last 20) 0.0498 (cleared=True) | stable=False | trend +80.28/window t=+3.05 (plateau_streak=0/10) | checks_since_best=19
[Episode 430/400] Steps: 720 | Reward:  258.78 | Battery:  69.75% | Loss: -0.0420
Placing Sensors
[Episode 431/400] Steps: 720 | Reward:  273.65 | Battery:  80.50% | Loss: 
Placing Sensors
Policy -0.0017 | Value 78.2490 | Lyap 0.0117 | Dynamics 0.0558 | Barrier 0.0435 | KL 0.04343 | CF 0.0650 | Std 0.1095 | RawLogStd 0.0218 | |a| 0.0480 | EV +0.931 | Alpha 0.0100 | MB 6/24
  cert | viol 0.054 | dV -0.272671 | V 0.3209 | inball 0.512 | a*_q05 0.00471 | a*_q50 0.03112 | dV>=0 0.002 | n=150 | a_used 0.00498 -> 0.00492
[Convergence check] ep 432 | avg_reward(last 50) 227.84 (best 260.73, above_threshold=True) | avg_lyap(last 20) 0.0094 (V=0.223+-0.255, viol=43.4%, dV=-0.001223, inball=54%, collapsed=False) | avg_barrier(last 20) 0.0461 | avg_std(last 20) 0.1095 | avg|a|(last 20) 0.0502 (cleared=True) | stable=False | trend +72.33/window t=+2.79 (plateau_streak=0/10) | checks_since_best=20
[Episode 432/400] Steps: 720 | Reward:  254.25 | Battery:  77.92% | Loss: -0.0161
Placing Sensors
[Episode 433/400] Steps: 720 | Reward:  276.33 | Battery:  75.72% | Loss: 
Placing Sensors
Policy 0.0038 | Value 63.3369 | Lyap 0.0083 | Dynamics 0.0383 | Barrier 0.0317 | KL 0.01443 | CF 0.1671 | Std 0.1095 | RawLogStd 0.0218 | |a| 0.0911 | EV +0.893 | Alpha 0.0100 | MB 24/24
  cert | viol 0.117 | dV -0.302859 | V 0.3776 | inball 0.550 | a*_q05 0.00250 | a*_q50 0.03377 | dV>=0 0.015 | n=150 | a_used 0.00492 -> 0.00479
[Convergence check] ep 434 | avg_reward(last 50) 228.12 (best 260.73, above_threshold=True) | avg_lyap(last 20) 0.0093 (V=0.220+-0.253, viol=43.3%, dV=-0.001257, inball=55%, collapsed=False) | avg_barrier(last 20) 0.0458 | avg_std(last 20) 0.1095 | avg|a|(last 20) 0.0525 (cleared=True) | stable=False | trend +66.40/window t=+2.60 (plateau_streak=0/10) | checks_since_best=21
[Episode 434/400] Steps: 720 | Reward:  291.35 | Battery:  75.54% | Loss: 0.0850
Placing Sensors
[Episode 435/400] Steps: 720 | Reward:  313.09 | Battery:  84.58% | Loss: 
Placing Sensors
Policy -0.0108 | Value 68.4885 | Lyap 0.0073 | Dynamics 0.0626 | Barrier 0.0099 | KL 0.02445 | CF 0.1489 | Std 0.1095 | RawLogStd 0.0218 | |a| 0.0621 | EV +0.919 | Alpha 0.0100 | MB 24/24
  cert | viol 0.151 | dV -0.308667 | V 0.4171 | inball 0.521 | a*_q05 -0.00091 | a*_q50 0.03144 | dV>=0 0.076 | n=150 | a_used 0.00479 -> 0.00455
[Convergence check] ep 436 | avg_reward(last 50) 227.60 (best 260.73, above_threshold=True) | avg_lyap(last 20) 0.0092 (V=0.221+-0.256, viol=43.5%, dV=-0.001261, inball=54%, collapsed=False) | avg_barrier(last 20) 0.0455 | avg_std(last 20) 0.1095 | avg|a|(last 20) 0.0535 (cleared=True) | stable=False | trend +57.81/window t=+2.30 (plateau_streak=0/10) | checks_since_best=22
[Episode 436/400] Steps: 720 | Reward:  209.67 | Battery:  66.84% | Loss: -0.0288
Placing Sensors
[Episode 437/400] Steps: 127 | Reward:  -46.72 | Battery:   0.00% | Loss: 
Placing Sensors
[Episode 438/400] Steps: 720 | Reward:  313.42 | Battery:  86.09% | Loss: 
Placing Sensors
Policy -0.0066 | Value 114.9557 | Lyap 0.0118 | Dynamics 0.0597 | Barrier 0.0375 | KL 0.01910 | CF 0.1217 | Std 0.1095 | RawLogStd 0.0218 | |a| 0.0523 | EV +0.886 | Alpha 0.0100 | MB 14/28
  cert | viol 0.067 | dV -0.281651 | V 0.3338 | inball 0.496 | a*_q05 0.00440 | a*_q50 0.03095 | dV>=0 0.017 | n=150 | a_used 0.00455 -> 0.00473
[Convergence check] ep 439 | avg_reward(last 50) 227.22 (best 260.73, above_threshold=True) | avg_lyap(last 20) 0.0094 (V=0.223+-0.258, viol=43.7%, dV=-0.001255, inball=55%, collapsed=False) | avg_barrier(last 20) 0.0450 | avg_std(last 20) 0.1095 | avg|a|(last 20) 0.0532 (cleared=True) | stable=False | trend +47.11/window t=+1.83 (plateau_streak=0/10) | checks_since_best=23
[Episode 439/400] Steps: 720 | Reward:  195.75 | Battery:  56.75% | Loss: -0.1949
Placing Sensors
[Episode 440/400] Steps: 720 | Reward:  240.88 | Battery:  67.49% | Loss: 
Placing Sensors
Policy -0.0084 | Value 53.0735 | Lyap 0.0105 | Dynamics 0.0472 | Barrier 0.0357 | KL 0.02640 | CF 0.1577 | Std 0.1095 | RawLogStd 0.0219 | |a| 0.0452 | EV +0.959 | Alpha 0.0100 | MB 18/24
  cert | viol 0.161 | dV -0.255704 | V 0.3488 | inball 0.474 | a*_q05 0.00148 | a*_q50 0.02558 | dV>=0 0.013 | n=150 | a_used 0.00473 -> 0.00448
[Convergence check] ep 441 | avg_reward(last 50) 227.96 (best 260.73, above_threshold=True) | avg_lyap(last 20) 0.0095 (V=0.223+-0.258, viol=43.9%, dV=-0.001268, inball=54%, collapsed=False) | avg_barrier(last 20) 0.0451 | avg_std(last 20) 0.1095 | avg|a|(last 20) 0.0530 (cleared=True) | stable=False | trend +49.41/window t=+1.92 (plateau_streak=0/10) | checks_since_best=24
[Episode 441/400] Steps: 720 | Reward:  281.70 | Battery:  80.04% | Loss: -0.0209
Placing Sensors
[Episode 442/400] Steps:  87 | Reward:  -64.12 | Battery:   0.00% | Loss: 
Placing Sensors
[Episode 443/400] Steps: 720 | Reward:  267.05 | Battery:  75.59% | Loss: 
Placing Sensors
Policy 0.0125 | Value 98.3470 | Lyap 0.0086 | Dynamics 0.0484 | Barrier 0.0535 | KL 0.03503 | CF 0.2448 | Std 0.1095 | RawLogStd 0.0219 | |a| 0.0458 | EV +0.932 | Alpha 0.0100 | MB 11/24
  cert | viol 0.107 | dV -0.273275 | V 0.3376 | inball 0.508 | a*_q05 0.00251 | a*_q50 0.03324 | dV>=0 0.014 | n=150 | a_used 0.00448 -> 0.00442
[Convergence check] ep 444 | avg_reward(last 50) 235.45 (best 260.73, above_threshold=True) | avg_lyap(last 20) 0.0096 (V=0.224+-0.259, viol=44.9%, dV=-0.001220, inball=54%, collapsed=False) | avg_barrier(last 20) 0.0465 | avg_std(last 20) 0.1095 | avg|a|(last 20) 0.0527 (cleared=True) | stable=False | trend +23.65/window t=+0.93 (plateau_streak=1/10) | checks_since_best=25
[Episode 444/400] Steps: 720 | Reward:  244.14 | Battery:  71.58% | Loss: 0.0195
Placing Sensors
[Episode 445/400] Steps: 720 | Reward:  273.38 | Battery:  74.50% | Loss: 
Placing Sensors
[Episode 446/400] Steps:  94 | Reward:  -61.09 | Battery:   0.00% | Loss: 
Placing Sensors
Policy -0.0074 | Value 83.9138 | Lyap 0.0088 | Dynamics 0.0661 | Barrier 0.0374 | KL 0.01629 | CF 0.1467 | Std 0.1095 | RawLogStd 0.0219 | |a| 0.0604 | EV +0.907 | Alpha 0.0100 | MB 24/24
  cert | viol 0.098 | dV -0.288278 | V 0.3528 | inball 0.518 | a*_q05 0.00383 | a*_q50 0.03289 | dV>=0 0.000 | n=150 | a_used 0.00442 -> 0.00439
[Convergence check] ep 447 | avg_reward(last 50) 228.39 (best 260.73, above_threshold=True) | avg_lyap(last 20) 0.0094 (V=0.228+-0.262, viol=45.5%, dV=-0.001198, inball=54%, collapsed=False) | avg_barrier(last 20) 0.0454 | avg_std(last 20) 0.1095 | avg|a|(last 20) 0.0535 (cleared=True) | stable=False | trend +11.41/window t=+0.45 (plateau_streak=2/10) | checks_since_best=26
[Episode 447/400] Steps: 720 | Reward:  291.68 | Battery:  79.83% | Loss: 0.0653
Placing Sensors
[Episode 448/400] Steps: 720 | Reward:  284.83 | Battery:  79.16% | Loss: 
Placing Sensors
Policy -0.0065 | Value 46.6768 | Lyap 0.0091 | Dynamics 0.0723 | Barrier 0.0167 | KL 0.02138 | CF 0.1896 | Std 0.1095 | RawLogStd 0.0218 | |a| 0.0617 | EV +0.956 | Alpha 0.0100 | MB 18/24
  cert | viol 0.033 | dV -0.285177 | V 0.3295 | inball 0.523 | a*_q05 0.00572 | a*_q50 0.03395 | dV>=0 0.000 | n=150 | a_used 0.00439 -> 0.00442
[Convergence check] ep 449 | avg_reward(last 50) 227.16 (best 260.73, above_threshold=True) | avg_lyap(last 20) 0.0094 (V=0.225+-0.261, viol=45.2%, dV=-0.001210, inball=54%, collapsed=False) | avg_barrier(last 20) 0.0420 | avg_std(last 20) 0.1095 | avg|a|(last 20) 0.0538 (cleared=True) | stable=False | trend +13.26/window t=+0.52 (plateau_streak=3/10) | checks_since_best=27
[Episode 449/400] Steps: 720 | Reward:  222.28 | Battery:  59.03% | Loss: -0.0005
Placing Sensors
[Episode 450/400] Steps: 720 | Reward:  282.43 | Battery:  70.96% | Loss: 
Placing Sensors
Policy -0.0025 | Value 50.4516 | Lyap 0.0061 | Dynamics 0.0647 | Barrier 0.0283 | KL 0.03064 | CF 0.1502 | Std 0.1095 | RawLogStd 0.0218 | |a| 0.0723 | EV +0.945 | Alpha 0.0100 | MB 24/24
  cert | viol 0.010 | dV -0.305902 | V 0.3450 | inball 0.505 | a*_q05 0.00781 | a*_q50 0.03599 | dV>=0 0.000 | n=150 | a_used 0.00442 -> 0.00457
[Convergence check] ep 451 | avg_reward(last 50) 226.54 (best 260.73, above_threshold=True) | avg_lyap(last 20) 0.0093 (V=0.220+-0.259, viol=44.7%, dV=-0.001233, inball=54%, collapsed=False) | avg_barrier(last 20) 0.0404 | avg_std(last 20) 0.1095 | avg|a|(last 20) 0.0547 (cleared=True) | stable=False | trend +15.30/window t=+0.60 (plateau_streak=4/10) | checks_since_best=28
[Episode 451/400] Steps: 720 | Reward:  231.06 | Battery:  71.29% | Loss: -0.0016
Placing Sensors
[Episode 452/400] Steps: 720 | Reward:  265.75 | Battery:  74.59% | Loss: 
Placing Sensors
Policy -0.0102 | Value 48.9381 | Lyap 0.0095 | Dynamics 0.0571 | Barrier 0.0945 | KL 0.01827 | CF 0.1550 | Std 0.1095 | RawLogStd 0.0217 | |a| 0.0561 | EV +0.948 | Alpha 0.0100 | MB 24/24
  cert | viol 0.068 | dV -0.278561 | V 0.3337 | inball 0.542 | a*_q05 0.00411 | a*_q50 0.03385 | dV>=0 0.000 | n=150 | a_used 0.00457 -> 0.00452
[Convergence check] ep 453 | avg_reward(last 50) 232.12 (best 260.73, above_threshold=True) | avg_lyap(last 20) 0.0093 (V=0.221+-0.260, viol=45.1%, dV=-0.001218, inball=54%, collapsed=False) | avg_barrier(last 20) 0.0439 | avg_std(last 20) 0.1095 | avg|a|(last 20) 0.0552 (cleared=True) | stable=False | trend +18.95/window t=+0.75 (plateau_streak=5/10) | checks_since_best=29
[Episode 453/400] Steps: 720 | Reward:  257.94 | Battery:  70.37% | Loss: 0.0178
Placing Sensors
[Episode 454/400] Steps: 720 | Reward:  291.32 | Battery:  78.85% | Loss: 
Placing Sensors
Policy -0.0204 | Value 28.6761 | Lyap 0.0087 | Dynamics 0.0696 | Barrier 0.0143 | KL 0.01413 | CF 0.1382 | Std 0.1095 | RawLogStd 0.0217 | |a| 0.0538 | EV +0.948 | Alpha 0.0100 | MB 24/24
  cert | viol 0.048 | dV -0.267800 | V 0.3230 | inball 0.554 | a*_q05 0.00458 | a*_q50 0.03156 | dV>=0 0.000 | n=150 | a_used 0.00452 -> 0.00455
[Convergence check] ep 455 | avg_reward(last 50) 238.10 (best 260.73, above_threshold=True) | avg_lyap(last 20) 0.0093 (V=0.223+-0.262, viol=45.4%, dV=-0.001196, inball=54%, collapsed=False) | avg_barrier(last 20) 0.0411 | avg_std(last 20) 0.1095 | avg|a|(last 20) 0.0558 (cleared=True) | stable=False | trend +14.19/window t=+0.57 (plateau_streak=6/10) | checks_since_best=30
[Episode 455/400] Steps: 720 | Reward:  273.13 | Battery:  74.38% | Loss: -0.1017
Placing Sensors
[Episode 456/400] Steps: 720 | Reward:  175.40 | Battery:  50.83% | Loss: 
Placing Sensors
Policy -0.0097 | Value 64.9124 | Lyap 0.0091 | Dynamics 0.0524 | Barrier 0.0639 | KL 0.01160 | CF 0.1377 | Std 0.1095 | RawLogStd 0.0216 | |a| 0.0966 | EV +0.944 | Alpha 0.0100 | MB 24/24
  cert | viol 0.119 | dV -0.278878 | V 0.3681 | inball 0.488 | a*_q05 0.00076 | a*_q50 0.03059 | dV>=0 0.053 | n=150 | a_used 0.00455 -> 0.00432
[Convergence check] ep 457 | avg_reward(last 50) 237.46 (best 260.73, above_threshold=True) | avg_lyap(last 20) 0.0093 (V=0.225+-0.263, viol=45.7%, dV=-0.001160, inball=53%, collapsed=False) | avg_barrier(last 20) 0.0412 | avg_std(last 20) 0.1095 | avg|a|(last 20) 0.0573 (cleared=True) | stable=False | trend +16.07/window t=+0.64 (plateau_streak=7/10) | checks_since_best=31
[Episode 457/400] Steps: 720 | Reward:  314.37 | Battery:  83.71% | Loss: 0.1136
Placing Sensors
[Episode 458/400] Steps: 720 | Reward:  303.05 | Battery:  84.51% | Loss: 
Placing Sensors
Policy -0.0037 | Value 38.3192 | Lyap 0.0061 | Dynamics 0.0579 | Barrier 0.0397 | KL 0.01576 | CF 0.1161 | Std 0.1095 | RawLogStd 0.0216 | |a| 0.0471 | EV +0.970 | Alpha 0.0100 | MB 24/24
  cert | viol 0.041 | dV -0.286005 | V 0.3447 | inball 0.526 | a*_q05 0.00501 | a*_q50 0.03150 | dV>=0 0.000 | n=150 | a_used 0.00432 -> 0.00439
[Convergence check] ep 459 | avg_reward(last 50) 236.19 (best 260.73, above_threshold=True) | avg_lyap(last 20) 0.0091 (V=0.224+-0.263, viol=45.9%, dV=-0.001150, inball=53%, collapsed=False) | avg_barrier(last 20) 0.0413 | avg_std(last 20) 0.1095 | avg|a|(last 20) 0.0574 (cleared=True) | stable=False | trend +8.18/window t=+0.33 (plateau_streak=8/10) | checks_since_best=32
[Episode 459/400] Steps: 720 | Reward:  232.42 | Battery:  59.90% | Loss: -0.0233
Placing Sensors
[Episode 460/400] Steps: 720 | Reward:  196.04 | Battery:  58.32% | Loss: 
Placing Sensors
Policy 0.0044 | Value 73.9447 | Lyap 0.0132 | Dynamics 0.0734 | Barrier 0.0491 | KL 0.05144 | CF 0.0997 | Std 0.1095 | RawLogStd 0.0217 | |a| 0.0541 | EV +0.932 | Alpha 0.0100 | MB 8/24
  cert | viol 0.148 | dV -0.255269 | V 0.3600 | inball 0.457 | a*_q05 0.00133 | a*_q50 0.02422 | dV>=0 0.030 | n=150 | a_used 0.00439 -> 0.00423
[Convergence check] ep 461 | avg_reward(last 50) 234.66 (best 260.73, above_threshold=True) | avg_lyap(last 20) 0.0093 (V=0.226+-0.264, viol=45.6%, dV=-0.001175, inball=53%, collapsed=False) | avg_barrier(last 20) 0.0429 | avg_std(last 20) 0.1095 | avg|a|(last 20) 0.0578 (cleared=True) | stable=False | trend -0.28/window t=-0.01 (plateau_streak=9/10) | checks_since_best=33
[Episode 461/400] Steps: 720 | Reward:  326.40 | Battery:  88.30% | Loss: 0.0479
Placing Sensors
[Episode 462/400] Steps: 720 | Reward:  248.94 | Battery:  71.09% | Loss: 
Placing Sensors
Policy -0.0076 | Value 45.1533 | Lyap 0.0067 | Dynamics 0.0612 | Barrier 0.0121 | KL 0.02000 | CF 0.1630 | Std 0.1095 | RawLogStd 0.0217 | |a| 0.0451 | EV +0.953 | Alpha 0.0100 | MB 24/24
  cert | viol 0.099 | dV -0.278996 | V 0.3462 | inball 0.538 | a*_q05 0.00275 | a*_q50 0.03142 | dV>=0 0.000 | n=150 | a_used 0.00423 -> 0.00416
[Convergence check] ep 463 | avg_reward(last 50) 234.03 (best 260.73, above_threshold=True) | avg_lyap(last 20) 0.0091 (V=0.227+-0.266, viol=45.7%, dV=-0.001158, inball=53%, collapsed=False) | avg_barrier(last 20) 0.0426 | avg_std(last 20) 0.1095 | avg|a|(last 20) 0.0573 (cleared=True) | stable=False | trend -8.14/window t=-0.35 (plateau_streak=10/10) | checks_since_best=34
[Episode 463/400] Steps: 720 | Reward:  281.98 | Battery:  76.82% | Loss: -0.0104
Placing Sensors
[Episode 464/400] Steps: 720 | Reward:  251.73 | Battery:  72.73% | Loss: 
Placing Sensors
Policy -0.0053 | Value 25.5801 | Lyap 0.0092 | Dynamics 0.0529 | Barrier 0.0428 | KL 0.00860 | CF 0.0693 | Std 0.1095 | RawLogStd 0.0217 | |a| 0.0486 | EV +0.973 | Alpha 0.0100 | MB 24/24
  cert | viol 0.185 | dV -0.234217 | V 0.3440 | inball 0.492 | a*_q05 -0.00001 | a*_q50 0.02499 | dV>=0 0.060 | n=150 | a_used 0.00416 -> 0.00397
[Convergence check] ep 465 | avg_reward(last 50) 239.54 (best 260.73, above_threshold=True) | avg_lyap(last 20) 0.0091 (V=0.231+-0.267, viol=45.9%, dV=-0.001163, inball=52%, collapsed=False) | avg_barrier(last 20) 0.0415 | avg_std(last 20) 0.1095 | avg|a|(last 20) 0.0576 (cleared=True) | stable=False | trend -5.88/window t=-0.25 (plateau_streak=11/10) | checks_since_best=35
[Episode 465/400] Steps: 720 | Reward:  243.46 | Battery:  77.19% | Loss: 0.1294
Placing Sensors
[Episode 466/400] Steps: 720 | Reward:  242.72 | Battery:  62.59% | Loss: 
Placing Sensors
Policy -0.0043 | Value 49.7890 | Lyap 0.0071 | Dynamics 0.0777 | Barrier 0.0368 | KL 0.01806 | CF 0.1648 | Std 0.1095 | RawLogStd 0.0216 | |a| 0.0610 | EV +0.950 | Alpha 0.0100 | MB 24/24
  cert | viol 0.094 | dV -0.317684 | V 0.3840 | inball 0.538 | a*_q05 0.00235 | a*_q50 0.03332 | dV>=0 0.019 | n=150 | a_used 0.00397 -> 0.00380
[Convergence check] ep 467 | avg_reward(last 50) 239.88 (best 260.73, above_threshold=True) | avg_lyap(last 20) 0.0089 (V=0.234+-0.270, viol=46.9%, dV=-0.001128, inball=52%, collapsed=False) | avg_barrier(last 20) 0.0383 | avg_std(last 20) 0.1095 | avg|a|(last 20) 0.0585 (cleared=True) | stable=False | trend -5.53/window t=-0.24 (plateau_streak=12/10) | checks_since_best=36
[Episode 467/400] Steps: 720 | Reward:  301.21 | Battery:  85.15% | Loss: 0.0651
Placing Sensors
[Episode 468/400] Steps: 720 | Reward:  250.05 | Battery:  69.44% | Loss: 
Placing Sensors
Policy -0.0004 | Value 33.3546 | Lyap 0.0083 | Dynamics 0.0546 | Barrier 0.0303 | KL 0.01634 | CF 0.1543 | Std 0.1095 | RawLogStd 0.0216 | |a| 0.0575 | EV +0.969 | Alpha 0.0100 | MB 18/24
  cert | viol 0.013 | dV -0.258348 | V 0.2965 | inball 0.566 | a*_q05 0.00578 | a*_q50 0.03345 | dV>=0 0.000 | n=150 | a_used 0.00380 -> 0.00395
[Convergence check] ep 469 | avg_reward(last 50) 239.87 (best 260.73, above_threshold=True) | avg_lyap(last 20) 0.0090 (V=0.234+-0.270, viol=47.0%, dV=-0.001131, inball=52%, collapsed=False) | avg_barrier(last 20) 0.0369 | avg_std(last 20) 0.1095 | avg|a|(last 20) 0.0589 (cleared=True) | stable=False | trend -0.24/window t=-0.01 (plateau_streak=13/10) | checks_since_best=37
[Episode 469/400] Steps: 720 | Reward:  315.94 | Battery:  81.37% | Loss: 0.0773
Placing Sensors
[Episode 470/400] Steps: 720 | Reward:  325.36 | Battery:  86.12% | Loss: 
Placing Sensors
Policy -0.0109 | Value 39.8338 | Lyap 0.0098 | Dynamics 0.0460 | Barrier 0.0158 | KL 0.01407 | CF 0.1480 | Std 0.1095 | RawLogStd 0.0217 | |a| 0.0463 | EV +0.963 | Alpha 0.0100 | MB 24/24
  cert | viol 0.061 | dV -0.367246 | V 0.4307 | inball 0.606 | a*_q05 0.00371 | a*_q50 0.03487 | dV>=0 0.014 | n=150 | a_used 0.00395 -> 0.00394
[Convergence check] ep 471 | avg_reward(last 50) 242.59 (best 260.73, above_threshold=True) | avg_lyap(last 20) 0.0090 (V=0.236+-0.272, viol=47.0%, dV=-0.001149, inball=52%, collapsed=False) | avg_barrier(last 20) 0.0368 | avg_std(last 20) 0.1095 | avg|a|(last 20) 0.0590 (cleared=True) | stable=False | trend +4.79/window t=+0.20 (plateau_streak=14/10) | checks_since_best=38
[Episode 471/400] Steps: 720 | Reward:  298.09 | Battery:  79.55% | Loss: -0.0731
Placing Sensors
[Episode 472/400] Steps:  74 | Reward:  -61.41 | Battery:   0.00% | Loss: 
Placing Sensors
[Episode 473/400] Steps: 720 | Reward:  331.92 | Battery:  85.67% | Loss: 
Placing Sensors
Policy -0.0072 | Value 93.0339 | Lyap 0.0130 | Dynamics 0.0831 | Barrier 0.0758 | KL 0.02852 | CF 0.1704 | Std 0.1095 | RawLogStd 0.0216 | |a| 0.0566 | EV +0.883 | Alpha 0.0100 | MB 18/24
  cert | viol 0.054 | dV -0.299383 | V 0.3494 | inball 0.581 | a*_q05 0.00468 | a*_q50 0.03694 | dV>=0 0.000 | n=150 | a_used 0.00394 -> 0.00401
[Convergence check] ep 474 | avg_reward(last 50) 235.93 (best 260.73, above_threshold=True) | avg_lyap(last 20) 0.0091 (V=0.237+-0.274, viol=46.5%, dV=-0.001186, inball=52%, collapsed=False) | avg_barrier(last 20) 0.0385 | avg_std(last 20) 0.1095 | avg|a|(last 20) 0.0581 (cleared=True) | stable=False | trend -9.65/window t=-0.41 (plateau_streak=15/10) | checks_since_best=39
[Episode 474/400] Steps: 720 | Reward:  265.19 | Battery:  75.22% | Loss: -0.0003
Placing Sensors
[Episode 475/400] Steps:  79 | Reward:  -55.90 | Battery:   0.00% | Loss: 
Placing Sensors
[Episode 476/400] Steps: 720 | Reward:  260.93 | Battery:  70.05% | Loss: 
Placing Sensors
Policy -0.0053 | Value 98.5953 | Lyap 0.0087 | Dynamics 0.0514 | Barrier 0.0264 | KL 0.02411 | CF 0.1495 | Std 0.1095 | RawLogStd 0.0216 | |a| 0.0464 | EV +0.926 | Alpha 0.0100 | MB 24/24
  cert | viol 0.012 | dV -0.367795 | V 0.4134 | inball 0.481 | a*_q05 0.00625 | a*_q50 0.03614 | dV>=0 0.000 | n=150 | a_used 0.00401 -> 0.00419
[Convergence check] ep 477 | avg_reward(last 50) 227.41 (best 260.73, above_threshold=True) | avg_lyap(last 20) 0.0090 (V=0.241+-0.277, viol=46.8%, dV=-0.001151, inball=52%, collapsed=False) | avg_barrier(last 20) 0.0376 | avg_std(last 20) 0.1095 | avg|a|(last 20) 0.0580 (cleared=True) | stable=False | trend -16.07/window t=-0.67 (plateau_streak=16/10) | checks_since_best=40
[Episode 477/400] Steps: 720 | Reward:  240.28 | Battery:  63.31% | Loss: 0.0089
Placing Sensors
[Episode 478/400] Steps: 720 | Reward:  306.94 | Battery:  81.03% | Loss: 
Placing Sensors
Policy 0.0086 | Value 46.2154 | Lyap 0.0095 | Dynamics 0.0625 | Barrier 0.0159 | KL 0.03233 | CF 0.1254 | Std 0.1095 | RawLogStd 0.0215 | |a| 0.0504 | EV +0.955 | Alpha 0.0100 | MB 12/24
  cert | viol 0.057 | dV -0.301041 | V 0.3523 | inball 0.593 | a*_q05 0.00457 | a*_q50 0.03503 | dV>=0 0.000 | n=150 | a_used 0.00419 -> 0.00420
[Convergence check] ep 479 | avg_reward(last 50) 235.92 (best 260.73, above_threshold=True) | avg_lyap(last 20) 0.0091 (V=0.240+-0.278, viol=46.2%, dV=-0.001167, inball=53%, collapsed=False) | avg_barrier(last 20) 0.0368 | avg_std(last 20) 0.1095 | avg|a|(last 20) 0.0560 (cleared=True) | stable=False | trend -21.42/window t=-0.91 (plateau_streak=17/10) | checks_since_best=41
[Episode 479/400] Steps: 720 | Reward:  278.94 | Battery:  72.97% | Loss: 0.0058
Placing Sensors
[Episode 480/400] Steps: 720 | Reward:  262.51 | Battery:  65.14% | Loss: 
Placing Sensors
Policy -0.0097 | Value 62.5010 | Lyap 0.0096 | Dynamics 0.0522 | Barrier 0.0722 | KL 0.01770 | CF 0.1500 | Std 0.1094 | RawLogStd 0.0215 | |a| 0.0529 | EV +0.956 | Alpha 0.0100 | MB 24/24
  cert | viol 0.000 | dV -0.271505 | V 0.2825 | inball 0.608 | a*_q05 0.01373 | a*_q50 0.04108 | dV>=0 0.000 | n=150 | a_used 0.00420 -> 0.00439
[Convergence check] ep 481 | avg_reward(last 50) 236.41 (best 260.73, above_threshold=True) | avg_lyap(last 20) 0.0092 (V=0.236+-0.275, viol=45.7%, dV=-0.001171, inball=53%, collapsed=False) | avg_barrier(last 20) 0.0399 | avg_std(last 20) 0.1095 | avg|a|(last 20) 0.0555 (cleared=True) | stable=False | trend -18.37/window t=-0.78 (plateau_streak=18/10) | checks_since_best=42
[Episode 481/400] Steps: 720 | Reward:  294.60 | Battery:  68.60% | Loss: 0.0327
Placing Sensors
[Episode 482/400] Steps:  93 | Reward:  -67.69 | Battery:   0.00% | Loss: 
Placing Sensors
[Episode 483/400] Steps: 720 | Reward:  221.12 | Battery:  65.41% | Loss: 
Placing Sensors
Policy -0.0062 | Value 151.7827 | Lyap 0.0112 | Dynamics 0.0624 | Barrier 0.0967 | KL 0.02405 | CF 0.1350 | Std 0.1094 | RawLogStd 0.0213 | |a| 0.0615 | EV +0.892 | Alpha 0.0100 | MB 12/24
  cert | viol 0.079 | dV -0.264472 | V 0.3375 | inball 0.372 | a*_q05 0.00400 | a*_q50 0.02654 | dV>=0 0.000 | n=150 | a_used 0.00439 -> 0.00438
[Convergence check] ep 484 | avg_reward(last 50) 226.60 (best 260.73, above_threshold=True) | avg_lyap(last 20) 0.0091 (V=0.236+-0.274, viol=45.7%, dV=-0.001159, inball=52%, collapsed=False) | avg_barrier(last 20) 0.0429 | avg_std(last 20) 0.1095 | avg|a|(last 20) 0.0560 (cleared=True) | stable=False | trend -29.58/window t=-1.23 (plateau_streak=19/10) | checks_since_best=43
[Episode 484/400] Steps: 720 | Reward:  177.62 | Battery:  56.77% | Loss: 0.0138
Placing Sensors
[Episode 485/400] Steps: 720 | Reward:  282.90 | Battery:  71.67% | Loss: 
Placing Sensors
Policy -0.0057 | Value 43.8072 | Lyap 0.0106 | Dynamics 0.0469 | Barrier 0.0406 | KL 0.00761 | CF 0.0769 | Std 0.1094 | RawLogStd 0.0212 | |a| 0.0398 | EV +0.966 | Alpha 0.0100 | MB 24/24
  cert | viol 0.000 | dV -0.244620 | V 0.2659 | inball 0.630 | a*_q05 0.00913 | a*_q50 0.03635 | dV>=0 0.000 | n=150 | a_used 0.00438 -> 0.00454
[Convergence check] ep 486 | avg_reward(last 50) 228.41 (best 260.73, above_threshold=True) | avg_lyap(last 20) 0.0091 (V=0.232+-0.272, viol=45.0%, dV=-0.001189, inball=53%, collapsed=False) | avg_barrier(last 20) 0.0431 | avg_std(last 20) 0.1095 | avg|a|(last 20) 0.0557 (cleared=True) | stable=False | trend -24.78/window t=-1.03 (plateau_streak=20/10) | checks_since_best=44
[Episode 486/400] Steps: 720 | Reward:  330.73 | Battery:  87.17% | Loss: 0.0203
Placing Sensors
[Episode 487/400] Steps: 720 | Reward:  275.51 | Battery:  72.09% | Loss: 
Placing Sensors
Policy -0.0109 | Value 52.2157 | Lyap 0.0069 | Dynamics 0.0499 | Barrier 0.0230 | KL 0.01310 | CF 0.1581 | Std 0.1094 | RawLogStd 0.0210 | |a| 0.0583 | EV +0.963 | Alpha 0.0100 | MB 24/24
  cert | viol 0.060 | dV -0.353127 | V 0.4230 | inball 0.512 | a*_q05 0.00436 | a*_q50 0.03284 | dV>=0 0.000 | n=150 | a_used 0.00454 -> 0.00452
[Convergence check] ep 488 | avg_reward(last 50) 233.45 (best 260.73, above_threshold=True) | avg_lyap(last 20) 0.0091 (V=0.232+-0.271, viol=44.5%, dV=-0.001224, inball=53%, collapsed=False) | avg_barrier(last 20) 0.0416 | avg_std(last 20) 0.1095 | avg|a|(last 20) 0.0563 (cleared=True) | stable=False | trend -21.80/window t=-0.91 (plateau_streak=21/10) | checks_since_best=45
[Episode 488/400] Steps: 720 | Reward:  242.90 | Battery:  71.24% | Loss: -0.0604
Placing Sensors
[Episode 489/400] Steps: 720 | Reward:  266.41 | Battery:  81.98% | Loss: 
Placing Sensors
Policy -0.0069 | Value 62.9998 | Lyap 0.0093 | Dynamics 0.0478 | Barrier 0.0128 | KL 0.01291 | CF 0.1233 | Std 0.1093 | RawLogStd 0.0209 | |a| 0.0535 | EV +0.918 | Alpha 0.0100 | MB 24/24
  cert | viol 0.080 | dV -0.239506 | V 0.2969 | inball 0.537 | a*_q05 0.00374 | a*_q50 0.02849 | dV>=0 0.000 | n=150 | a_used 0.00452 -> 0.00454
[Convergence check] ep 490 | avg_reward(last 50) 235.43 (best 260.73, above_threshold=True) | avg_lyap(last 20) 0.0091 (V=0.230+-0.270, viol=44.0%, dV=-0.001249, inball=53%, collapsed=False) | avg_barrier(last 20) 0.0404 | avg_std(last 20) 0.1094 | avg|a|(last 20) 0.0560 (cleared=True) | stable=False | trend -20.18/window t=-0.84 (plateau_streak=22/10) | checks_since_best=46
[Episode 490/400] Steps: 720 | Reward:  269.11 | Battery:  74.60% | Loss: 0.0114
Placing Sensors
[Episode 491/400] Steps: 720 | Reward:  283.23 | Battery:  74.40% | Loss: 
Placing Sensors
Policy -0.0117 | Value 39.9814 | Lyap 0.0065 | Dynamics 0.0356 | Barrier 0.0396 | KL 0.01873 | CF 0.1490 | Std 0.1093 | RawLogStd 0.0209 | |a| 0.0379 | EV +0.968 | Alpha 0.0100 | MB 24/24
  cert | viol 0.011 | dV -0.310125 | V 0.3361 | inball 0.587 | a*_q05 0.00856 | a*_q50 0.03841 | dV>=0 0.000 | n=150 | a_used 0.00454 -> 0.00469
[Convergence check] ep 492 | avg_reward(last 50) 242.50 (best 260.73, above_threshold=True) | avg_lyap(last 20) 0.0090 (V=0.229+-0.270, viol=43.9%, dV=-0.001269, inball=54%, collapsed=False) | avg_barrier(last 20) 0.0415 | avg_std(last 20) 0.1094 | avg|a|(last 20) 0.0548 (cleared=True) | stable=False | trend -16.98/window t=-0.70 (plateau_streak=23/10) | checks_since_best=47
[Episode 492/400] Steps: 720 | Reward:  287.85 | Battery:  73.11% | Loss: -0.0631
Placing Sensors
[Episode 493/400] Steps:  67 | Reward:  -64.50 | Battery:   0.00% | Loss: 
Placing Sensors
[Episode 494/400] Steps: 720 | Reward:  235.68 | Battery:  60.92% | Loss: 
Placing Sensors
Policy -0.0174 | Value 65.0410 | Lyap 0.0070 | Dynamics 0.0507 | Barrier 0.0240 | KL 0.02137 | CF 0.1424 | Std 0.1093 | RawLogStd 0.0209 | |a| 0.0608 | EV +0.915 | Alpha 0.0100 | MB 24/24
  cert | viol 0.031 | dV -0.313954 | V 0.3437 | inball 0.511 | a*_q05 0.00719 | a*_q50 0.03929 | dV>=0 0.000 | n=150 | a_used 0.00469 -> 0.00484
[Convergence check] ep 495 | avg_reward(last 50) 235.55 (best 260.73, above_threshold=True) | avg_lyap(last 20) 0.0090 (V=0.230+-0.270, viol=44.6%, dV=-0.001232, inball=54%, collapsed=False) | avg_barrier(last 20) 0.0413 | avg_std(last 20) 0.1094 | avg|a|(last 20) 0.0542 (cleared=True) | stable=False | trend -22.24/window t=-0.90 (plateau_streak=24/10) | checks_since_best=48
[Episode 495/400] Steps: 720 | Reward:  266.35 | Battery:  72.86% | Loss: 0.0619
Placing Sensors
[Episode 496/400] Steps: 720 | Reward:  251.15 | Battery:  78.54% | Loss: 
Placing Sensors
Policy -0.0073 | Value 67.7792 | Lyap 0.0064 | Dynamics 0.0359 | Barrier 0.0133 | KL 0.01077 | CF 0.1121 | Std 0.1093 | RawLogStd 0.0209 | |a| 0.0422 | EV +0.937 | Alpha 0.0100 | MB 24/24
  cert | viol 0.005 | dV -0.259255 | V 0.2894 | inball 0.569 | a*_q05 0.00922 | a*_q50 0.03391 | dV>=0 0.002 | n=150 | a_used 0.00484 -> 0.00498
[Convergence check] ep 497 | avg_reward(last 50) 242.19 (best 260.73, above_threshold=True) | avg_lyap(last 20) 0.0088 (V=0.229+-0.270, viol=44.2%, dV=-0.001239, inball=54%, collapsed=False) | avg_barrier(last 20) 0.0373 | avg_std(last 20) 0.1094 | avg|a|(last 20) 0.0535 (cleared=True) | stable=False | trend -20.99/window t=-0.85 (plateau_streak=25/10) | checks_since_best=49
[Episode 497/400] Steps: 720 | Reward:  311.33 | Battery:  76.21% | Loss: 0.0275
Placing Sensors
[Episode 498/400] Steps: 720 | Reward:  260.31 | Battery:  72.44% | Loss: 
Placing Sensors
[Episode 499/400] Steps: 124 | Reward:  -58.85 | Battery:   0.00% | Loss: 
Placing Sensors
Policy -0.0042 | Value 72.5572 | Lyap 0.0104 | Dynamics 0.0448 | Barrier 0.0084 | KL 0.01070 | CF 0.1017 | Std 0.1093 | RawLogStd 0.0208 | |a| 0.0539 | EV +0.897 | Alpha 0.0100 | MB 28/28
  cert | viol 0.024 | dV -0.217277 | V 0.2429 | inball 0.551 | a*_q05 0.00859 | a*_q50 0.03587 | dV>=0 0.000 | n=150 | a_used 0.00498 -> 0.00513
[Convergence check] ep 500 | avg_reward(last 50) 236.81 (best 260.73, above_threshold=True) | avg_lyap(last 20) 0.0089 (V=0.229+-0.270, viol=44.2%, dV=-0.001202, inball=54%, collapsed=False) | avg_barrier(last 20) 0.0370 | avg_std(last 20) 0.1094 | avg|a|(last 20) 0.0535 (cleared=True) | stable=False | trend -26.38/window t=-1.05 (plateau_streak=26/10) | checks_since_best=50
[Episode 500/400] Steps: 720 | Reward:  318.78 | Battery:  76.42% | Loss: 0.2004
Placing Sensors
[Episode 501/400] Steps:  97 | Reward:  -69.31 | Battery:   0.00% | Loss: 
Placing Sensors
[Episode 502/400] Steps: 720 | Reward:  229.39 | Battery:  66.94% | Loss: 
Placing Sensors
Policy -0.0074 | Value 89.8516 | Lyap 0.0114 | Dynamics 0.0576 | Barrier 0.0330 | KL 0.02205 | CF 0.1930 | Std 0.1093 | RawLogStd 0.0208 | |a| 0.0682 | EV +0.900 | Alpha 0.0100 | MB 24/28
  cert | viol 0.144 | dV -0.283274 | V 0.3889 | inball 0.408 | a*_q05 0.00165 | a*_q50 0.02475 | dV>=0 0.030 | n=150 | a_used 0.00513 -> 0.00475
[Convergence check] ep 503 | avg_reward(last 50) 229.70 (best 260.73, above_threshold=True) | avg_lyap(last 20) 0.0090 (V=0.232+-0.271, viol=44.3%, dV=-0.001171, inball=53%, collapsed=False) | avg_barrier(last 20) 0.0354 | avg_std(last 20) 0.1094 | avg|a|(last 20) 0.0521 (cleared=True) | stable=False | trend -33.08/window t=-1.29 (plateau_streak=27/10) | checks_since_best=51
[Episode 503/400] Steps: 720 | Reward:  239.39 | Battery:  68.67% | Loss: -0.0729
Placing Sensors
[Episode 504/400] Steps:  82 | Reward:  -63.84 | Battery:   0.00% | Loss: 
Placing Sensors
[Episode 505/400] Steps: 720 | Reward:  243.42 | Battery:  64.18% | Loss: 
Placing Sensors
Policy -0.0069 | Value 97.1354 | Lyap 0.0083 | Dynamics 0.0384 | Barrier 0.0346 | KL 0.01134 | CF 0.1187 | Std 0.1093 | RawLogStd 0.0208 | |a| 0.0902 | EV +0.864 | Alpha 0.0100 | MB 24/24
  cert | viol 0.017 | dV -0.309163 | V 0.3457 | inball 0.542 | a*_q05 0.00743 | a*_q50 0.03764 | dV>=0 0.000 | n=150 | a_used 0.00475 -> 0.00479
[Convergence check] ep 506 | avg_reward(last 50) 225.05 (best 260.73, above_threshold=True) | avg_lyap(last 20) 0.0092 (V=0.233+-0.271, viol=44.5%, dV=-0.001150, inball=53%, collapsed=False) | avg_barrier(last 20) 0.0352 | avg_std(last 20) 0.1094 | avg|a|(last 20) 0.0543 (cleared=True) | stable=False | trend -40.03/window t=-1.53 (plateau_streak=28/10) | checks_since_best=52
[Episode 506/400] Steps: 720 | Reward:  327.85 | Battery:  86.89% | Loss: 0.0890
Placing Sensors
[Episode 507/400] Steps: 720 | Reward:  290.13 | Battery:  75.40% | Loss: 
Placing Sensors
Policy -0.0040 | Value 40.1803 | Lyap 0.0073 | Dynamics 0.0609 | Barrier 0.0466 | KL 0.01619 | CF 0.1300 | Std 0.1093 | RawLogStd 0.0207 | |a| 0.0537 | EV +0.971 | Alpha 0.0100 | MB 24/24
  cert | viol 0.000 | dV -0.279385 | V 0.2948 | inball 0.588 | a*_q05 0.01178 | a*_q50 0.04027 | dV>=0 0.000 | n=150 | a_used 0.00479 -> 0.00497
[Convergence check] ep 508 | avg_reward(last 50) 223.57 (best 260.73, above_threshold=True) | avg_lyap(last 20) 0.0089 (V=0.230+-0.269, viol=44.4%, dV=-0.001162, inball=54%, collapsed=False) | avg_barrier(last 20) 0.0350 | avg_std(last 20) 0.1094 | avg|a|(last 20) 0.0542 (cleared=True) | stable=False | trend -35.61/window t=-1.36 (plateau_streak=29/10) | checks_since_best=53
[Episode 508/400] Steps: 720 | Reward:  253.01 | Battery:  64.46% | Loss: 0.0173
Placing Sensors
[Episode 509/400] Steps: 720 | Reward:  276.10 | Battery:  80.87% | Loss: 
Placing Sensors
Policy -0.0083 | Value 47.4209 | Lyap 0.0088 | Dynamics 0.0592 | Barrier 0.0717 | KL 0.01332 | CF 0.1094 | Std 0.1093 | RawLogStd 0.0206 | |a| 0.0474 | EV +0.949 | Alpha 0.0100 | MB 24/24
  cert | viol 0.059 | dV -0.244007 | V 0.3049 | inball 0.542 | a*_q05 0.00474 | a*_q50 0.02977 | dV>=0 0.002 | n=150 | a_used 0.00497 -> 0.00492
[Convergence check] ep 510 | avg_reward(last 50) 226.19 (best 260.73, above_threshold=True) | avg_lyap(last 20) 0.0090 (V=0.228+-0.268, viol=43.9%, dV=-0.001172, inball=54%, collapsed=False) | avg_barrier(last 20) 0.0380 | avg_std(last 20) 0.1094 | avg|a|(last 20) 0.0544 (cleared=True) | stable=False | trend -29.55/window t=-1.13 (plateau_streak=30/10) | checks_since_best=54
[Episode 510/400] Steps: 720 | Reward:  283.47 | Battery:  77.42% | Loss: -0.0605
Placing Sensors
[Episode 511/400] Steps: 720 | Reward:  242.36 | Battery:  64.83% | Loss: 
Placing Sensors
Policy 0.0025 | Value 58.2834 | Lyap 0.0069 | Dynamics 0.0640 | Barrier 0.0359 | KL 0.01147 | CF 0.1155 | Std 0.1092 | RawLogStd 0.0204 | |a| 0.0530 | EV +0.963 | Alpha 0.0100 | MB 24/24
  cert | viol 0.000 | dV -0.226661 | V 0.2475 | inball 0.610 | a*_q05 0.00902 | a*_q50 0.03513 | dV>=0 0.000 | n=150 | a_used 0.00492 -> 0.00508
[Convergence check] ep 512 | avg_reward(last 50) 226.23 (best 260.73, above_threshold=True) | avg_lyap(last 20) 0.0089 (V=0.224+-0.266, viol=43.4%, dV=-0.001187, inball=55%, collapsed=False) | avg_barrier(last 20) 0.0377 | avg_std(last 20) 0.1094 | avg|a|(last 20) 0.0546 (cleared=True) | stable=False | trend -29.01/window t=-1.11 (plateau_streak=31/10) | checks_since_best=55
[Episode 512/400] Steps: 720 | Reward:  335.05 | Battery:  89.05% | Loss: 0.2366
Placing Sensors
[Episode 513/400] Steps: 720 | Reward:  258.98 | Battery:  72.05% | Loss: 
Placing Sensors
Policy -0.0040 | Value 28.9070 | Lyap 0.0045 | Dynamics 0.0516 | Barrier 0.0104 | KL 0.01039 | CF 0.1061 | Std 0.1092 | RawLogStd 0.0202 | |a| 0.0466 | EV +0.970 | Alpha 0.0100 | MB 24/24
  cert | viol 0.000 | dV -0.294305 | V 0.3058 | inball 0.625 | a*_q05 0.01354 | a*_q50 0.04143 | dV>=0 0.000 | n=150 | a_used 0.00508 -> 0.00526
[Convergence check] ep 514 | avg_reward(last 50) 227.11 (best 260.73, above_threshold=True) | avg_lyap(last 20) 0.0087 (V=0.220+-0.264, viol=42.9%, dV=-0.001205, inball=55%, collapsed=False) | avg_barrier(last 20) 0.0364 | avg_std(last 20) 0.1094 | avg|a|(last 20) 0.0539 (cleared=True) | stable=False | trend -27.81/window t=-1.06 (plateau_streak=32/10) | checks_since_best=56
[Episode 514/400] Steps: 720 | Reward:  318.49 | Battery:  85.58% | Loss: 0.0164
Placing Sensors
[Episode 515/400] Steps: 720 | Reward:  295.90 | Battery:  78.32% | Loss: 
Placing Sensors
Policy -0.0165 | Value 26.7779 | Lyap 0.0094 | Dynamics 0.0605 | Barrier 0.0187 | KL 0.01454 | CF 0.1418 | Std 0.1092 | RawLogStd 0.0200 | |a| 0.0509 | EV +0.969 | Alpha 0.0100 | MB 24/24
  cert | viol 0.004 | dV -0.271935 | V 0.3009 | inball 0.626 | a*_q05 0.00767 | a*_q50 0.03665 | dV>=0 0.000 | n=150 | a_used 0.00526 -> 0.00535
[Convergence check] ep 516 | avg_reward(last 50) 229.73 (best 260.73, above_threshold=True) | avg_lyap(last 20) 0.0088 (V=0.220+-0.263, viol=42.5%, dV=-0.001234, inball=55%, collapsed=False) | avg_barrier(last 20) 0.0358 | avg_std(last 20) 0.1093 | avg|a|(last 20) 0.0535 (cleared=True) | stable=False | trend -23.23/window t=-0.88 (plateau_streak=33/10) | checks_since_best=57
[Episode 516/400] Steps: 720 | Reward:  321.29 | Battery:  88.38% | Loss: -0.0375
Placing Sensors
[Episode 517/400] Steps: 720 | Reward:  249.81 | Battery:  72.05% | Loss: 
Placing Sensors
Policy -0.0119 | Value 41.3934 | Lyap 0.0052 | Dynamics 0.0592 | Barrier 0.0588 | KL 0.01966 | CF 0.1075 | Std 0.1091 | RawLogStd 0.0199 | |a| 0.0537 | EV +0.972 | Alpha 0.0100 | MB 24/24
  cert | viol 0.056 | dV -0.268826 | V 0.3161 | inball 0.517 | a*_q05 0.00561 | a*_q50 0.03243 | dV>=0 0.000 | n=150 | a_used 0.00535 -> 0.00519
[Convergence check] ep 518 | avg_reward(last 50) 228.75 (best 260.73, above_threshold=True) | avg_lyap(last 20) 0.0085 (V=0.219+-0.262, viol=42.7%, dV=-0.001188, inball=55%, collapsed=False) | avg_barrier(last 20) 0.0379 | avg_std(last 20) 0.1093 | avg|a|(last 20) 0.0539 (cleared=True) | stable=False | trend -20.55/window t=-0.78 (plateau_streak=34/10) | checks_since_best=58
[Episode 518/400] Steps: 720 | Reward:  252.61 | Battery:  64.17% | Loss: -0.1282
Placing Sensors
[Episode 519/400] Steps:  73 | Reward:  -56.19 | Battery:   0.00% | Loss: 
Placing Sensors
[Episode 520/400] Steps: 720 | Reward:  271.13 | Battery:  78.37% | Loss: 
Placing Sensors
Policy -0.0124 | Value 82.7986 | Lyap 0.0051 | Dynamics 0.0539 | Barrier 0.0355 | KL 0.01070 | CF 0.0988 | Std 0.1091 | RawLogStd 0.0199 | |a| 0.0553 | EV +0.922 | Alpha 0.0100 | MB 24/24
  cert | viol 0.116 | dV -0.286864 | V 0.3579 | inball 0.529 | a*_q05 0.00315 | a*_q50 0.02911 | dV>=0 0.000 | n=150 | a_used 0.00519 -> 0.00491
[Convergence check] ep 521 | avg_reward(last 50) 219.97 (best 260.73, above_threshold=True) | avg_lyap(last 20) 0.0082 (V=0.219+-0.262, viol=42.8%, dV=-0.001185, inball=55%, collapsed=False) | avg_barrier(last 20) 0.0359 | avg_std(last 20) 0.1093 | avg|a|(last 20) 0.0538 (cleared=True) | stable=False | trend -27.47/window t=-1.03 (plateau_streak=35/10) | checks_since_best=59
[Episode 521/400] Steps: 720 | Reward:  285.25 | Battery:  85.66% | Loss: 0.0297
Placing Sensors
[Episode 522/400] Steps: 720 | Reward:  268.33 | Battery:  74.21% | Loss: 
Placing Sensors
Policy -0.0097 | Value 37.0690 | Lyap 0.0078 | Dynamics 0.0644 | Barrier 0.0410 | KL 0.00987 | CF 0.1117 | Std 0.1091 | RawLogStd 0.0198 | |a| 0.0485 | EV +0.965 | Alpha 0.0100 | MB 24/24
  cert | viol 0.070 | dV -0.286874 | V 0.3393 | inball 0.511 | a*_q05 0.00444 | a*_q50 0.03408 | dV>=0 0.000 | n=150 | a_used 0.00491 -> 0.00487
[Convergence check] ep 523 | avg_reward(last 50) 224.83 (best 260.73, above_threshold=True) | avg_lyap(last 20) 0.0081 (V=0.218+-0.261, viol=42.5%, dV=-0.001212, inball=55%, collapsed=False) | avg_barrier(last 20) 0.0366 | avg_std(last 20) 0.1093 | avg|a|(last 20) 0.0539 (cleared=True) | stable=False | trend -25.96/window t=-0.97 (plateau_streak=36/10) | checks_since_best=60
[Episode 523/400] Steps: 720 | Reward:  245.27 | Battery:  70.04% | Loss: -0.0225
Placing Sensors
[Episode 524/400] Steps: 720 | Reward:  279.84 | Battery:  78.75% | Loss: 
Placing Sensors
Policy -0.0093 | Value 42.0337 | Lyap 0.0084 | Dynamics 0.0654 | Barrier 0.0080 | KL 0.00911 | CF 0.0948 | Std 0.1091 | RawLogStd 0.0197 | |a| 0.0496 | EV +0.961 | Alpha 0.0100 | MB 24/24
  cert | viol 0.013 | dV -0.245784 | V 0.2705 | inball 0.573 | a*_q05 0.00806 | a*_q50 0.03717 | dV>=0 0.000 | n=150 | a_used 0.00487 -> 0.00498
[Convergence check] ep 525 | avg_reward(last 50) 231.27 (best 260.73, above_threshold=True) | avg_lyap(last 20) 0.0081 (V=0.216+-0.258, viol=42.8%, dV=-0.001193, inball=55%, collapsed=False) | avg_barrier(last 20) 0.0362 | avg_std(last 20) 0.1093 | avg|a|(last 20) 0.0539 (cleared=True) | stable=False | trend -20.38/window t=-0.76 (plateau_streak=37/10) | checks_since_best=61
[Episode 525/400] Steps: 720 | Reward:  251.83 | Battery:  67.29% | Loss: 0.0588
Placing Sensors
[Episode 526/400] Steps: 720 | Reward:  267.25 | Battery:  77.67% | Loss: 
Placing Sensors
Policy -0.0055 | Value 48.3203 | Lyap 0.0051 | Dynamics 0.0702 | Barrier 0.0429 | KL 0.01306 | CF 0.1291 | Std 0.1091 | RawLogStd 0.0196 | |a| 0.0553 | EV +0.966 | Alpha 0.0100 | MB 24/24
  cert | viol 0.121 | dV -0.309814 | V 0.3988 | inball 0.548 | a*_q05 0.00197 | a*_q50 0.03504 | dV>=0 0.012 | n=150 | a_used 0.00498 -> 0.00482
[Convergence check] ep 527 | avg_reward(last 50) 232.14 (best 260.73, above_threshold=True) | avg_lyap(last 20) 0.0078 (V=0.219+-0.259, viol=43.1%, dV=-0.001192, inball=54%, collapsed=False) | avg_barrier(last 20) 0.0348 | avg_std(last 20) 0.1093 | avg|a|(last 20) 0.0540 (cleared=True) | stable=False | trend -17.71/window t=-0.66 (plateau_streak=38/10) | checks_since_best=62
[Episode 527/400] Steps: 720 | Reward:  277.08 | Battery:  68.56% | Loss: 0.0823
Placing Sensors
[Episode 528/400] Steps: 720 | Reward:  202.33 | Battery:  61.02% | Loss: 
Placing Sensors
Policy -0.0005 | Value 45.6999 | Lyap 0.0100 | Dynamics 0.0678 | Barrier 0.0662 | KL 0.01730 | CF 0.1431 | Std 0.1091 | RawLogStd 0.0198 | |a| 0.0984 | EV +0.963 | Alpha 0.0100 | MB 24/24
  cert | viol 0.211 | dV -0.217976 | V 0.3230 | inball 0.406 | a*_q05 0.00117 | a*_q50 0.02316 | dV>=0 0.009 | n=150 | a_used 0.00482 -> 0.00466
[Convergence check] ep 529 | avg_reward(last 50) 228.50 (best 260.73, above_threshold=True) | avg_lyap(last 20) 0.0078 (V=0.219+-0.259, viol=42.8%, dV=-0.001214, inball=55%, collapsed=False) | avg_barrier(last 20) 0.0333 | avg_std(last 20) 0.1092 | avg|a|(last 20) 0.0559 (cleared=True) | stable=False | trend -18.74/window t=-0.70 (plateau_streak=39/10) | checks_since_best=63
[Episode 529/400] Steps: 720 | Reward:  201.58 | Battery:  57.28% | Loss: 0.0666
Placing Sensors
[Episode 530/400] Steps: 720 | Reward:  216.73 | Battery:  64.27% | Loss: 
Placing Sensors
Policy -0.0079 | Value 35.4610 | Lyap 0.0067 | Dynamics 0.0927 | Barrier 0.0255 | KL 0.01921 | CF 0.1569 | Std 0.1091 | RawLogStd 0.0199 | |a| 0.0646 | EV +0.971 | Alpha 0.0100 | MB 24/24
  cert | viol 0.050 | dV -0.275632 | V 0.3166 | inball 0.567 | a*_q05 0.00518 | a*_q50 0.03504 | dV>=0 0.000 | n=150 | a_used 0.00466 -> 0.00479
[Convergence check] ep 531 | avg_reward(last 50) 227.25 (best 260.73, above_threshold=True) | avg_lyap(last 20) 0.0076 (V=0.221+-0.259, viol=43.3%, dV=-0.001184, inball=54%, collapsed=False) | avg_barrier(last 20) 0.0325 | avg_std(last 20) 0.1092 | avg|a|(last 20) 0.0571 (cleared=True) | stable=False | trend -15.24/window t=-0.57 (plateau_streak=40/10) | checks_since_best=64
[Episode 531/400] Steps: 720 | Reward:  278.17 | Battery:  73.55% | Loss: -0.0371
Placing Sensors
[Episode 532/400] Steps: 720 | Reward:  250.72 | Battery:  64.95% | Loss: 
Placing Sensors
Policy -0.0100 | Value 29.6690 | Lyap 0.0067 | Dynamics 0.0748 | Barrier 0.0714 | KL 0.01278 | CF 0.1256 | Std 0.1091 | RawLogStd 0.0198 | |a| 0.0597 | EV +0.981 | Alpha 0.0100 | MB 24/24
  cert | viol 0.056 | dV -0.221615 | V 0.2662 | inball 0.512 | a*_q05 0.00493 | a*_q50 0.03130 | dV>=0 0.000 | n=150 | a_used 0.00479 -> 0.00465
[Convergence check] ep 533 | avg_reward(last 50) 233.19 (best 260.73, above_threshold=True) | avg_lyap(last 20) 0.0076 (V=0.219+-0.258, viol=43.3%, dV=-0.001163, inball=54%, collapsed=False) | avg_barrier(last 20) 0.0349 | avg_std(last 20) 0.1092 | avg|a|(last 20) 0.0572 (cleared=True) | stable=False | trend -14.82/window t=-0.56 (plateau_streak=41/10) | checks_since_best=65
[Episode 533/400] Steps: 720 | Reward:  199.63 | Battery:  61.59% | Loss: -0.0296
Placing Sensors
[Episode 534/400] Steps: 720 | Reward:  259.77 | Battery:  70.73% | Loss: 
Placing Sensors
Policy -0.0086 | Value 33.1149 | Lyap 0.0057 | Dynamics 0.1019 | Barrier 0.0400 | KL 0.01272 | CF 0.1454 | Std 0.1091 | RawLogStd 0.0197 | |a| 0.0650 | EV +0.975 | Alpha 0.0100 | MB 24/24
  cert | viol 0.028 | dV -0.309030 | V 0.3420 | inball 0.586 | a*_q05 0.00716 | a*_q50 0.03755 | dV>=0 0.000 | n=150 | a_used 0.00465 -> 0.00477
[Convergence check] ep 535 | avg_reward(last 50) 235.11 (best 260.73, above_threshold=True) | avg_lyap(last 20) 0.0074 (V=0.218+-0.257, viol=43.1%, dV=-0.001174, inball=55%, collapsed=False) | avg_barrier(last 20) 0.0363 | avg_std(last 20) 0.1092 | avg|a|(last 20) 0.0577 (cleared=True) | stable=False | trend -20.34/window t=-0.78 (plateau_streak=42/10) | checks_since_best=66
[Episode 535/400] Steps: 720 | Reward:  296.74 | Battery:  79.26% | Loss: 0.0128
Placing Sensors
[Episode 536/400] Steps: 720 | Reward:  231.93 | Battery:  69.18% | Loss: 
Placing Sensors
Policy -0.0057 | Value 37.3917 | Lyap 0.0071 | Dynamics 0.0594 | Barrier 0.0632 | KL 0.01985 | CF 0.1572 | Std 0.1091 | RawLogStd 0.0198 | |a| 0.0507 | EV +0.970 | Alpha 0.0100 | MB 24/24
  cert | viol 0.111 | dV -0.246430 | V 0.3297 | inball 0.408 | a*_q05 0.00308 | a*_q50 0.02358 | dV>=0 0.000 | n=150 | a_used 0.00477 -> 0.00461
[Convergence check] ep 537 | avg_reward(last 50) 231.77 (best 260.73, above_threshold=True) | avg_lyap(last 20) 0.0074 (V=0.221+-0.259, viol=43.3%, dV=-0.001140, inball=54%, collapsed=False) | avg_barrier(last 20) 0.0375 | avg_std(last 20) 0.1092 | avg|a|(last 20) 0.0584 (cleared=True) | stable=False | trend -20.84/window t=-0.80 (plateau_streak=43/10) | checks_since_best=67
[Episode 537/400] Steps: 720 | Reward:  207.39 | Battery:  66.73% | Loss: 0.0513
Placing Sensors
[Episode 538/400] Steps:  59 | Reward:  -59.26 | Battery:   0.00% | Loss: 
Placing Sensors
[Episode 539/400] Steps: 720 | Reward:  325.49 | Battery:  88.07% | Loss: 
Placing Sensors
Policy -0.0007 | Value 63.3546 | Lyap 0.0062 | Dynamics 0.0778 | Barrier 0.0442 | KL 0.02591 | CF 0.1973 | Std 0.1091 | RawLogStd 0.0199 | |a| 0.0566 | EV +0.933 | Alpha 0.0100 | MB 18/24
  cert | viol 0.080 | dV -0.278249 | V 0.3527 | inball 0.479 | a*_q05 0.00366 | a*_q50 0.02764 | dV>=0 0.000 | n=150 | a_used 0.00461 -> 0.00454
[Convergence check] ep 540 | avg_reward(last 50) 225.88 (best 260.73, above_threshold=True) | avg_lyap(last 20) 0.0074 (V=0.222+-0.259, viol=42.9%, dV=-0.001159, inball=53%, collapsed=False) | avg_barrier(last 20) 0.0385 | avg_std(last 20) 0.1092 | avg|a|(last 20) 0.0582 (cleared=True) | stable=False | trend -22.94/window t=-0.86 (plateau_streak=44/10) | checks_since_best=68
[Episode 540/400] Steps: 720 | Reward:  217.81 | Battery:  67.02% | Loss: -0.0075
Placing Sensors
[Episode 541/400] Steps: 720 | Reward:  307.71 | Battery:  81.12% | Loss: 
Placing Sensors
Policy -0.0052 | Value 34.0492 | Lyap 0.0111 | Dynamics 0.0676 | Barrier 0.0371 | KL 0.01597 | CF 0.1375 | Std 0.1091 | RawLogStd 0.0199 | |a| 0.0549 | EV +0.970 | Alpha 0.0100 | MB 18/24
  cert | viol 0.000 | dV -0.295228 | V 0.3178 | inball 0.570 | a*_q05 0.01028 | a*_q50 0.03900 | dV>=0 0.000 | n=150 | a_used 0.00454 -> 0.00473
[Convergence check] ep 542 | avg_reward(last 50) 226.56 (best 260.73, above_threshold=True) | avg_lyap(last 20) 0.0076 (V=0.223+-0.259, viol=43.1%, dV=-0.001168, inball=53%, collapsed=False) | avg_barrier(last 20) 0.0397 | avg_std(last 20) 0.1092 | avg|a|(last 20) 0.0588 (cleared=True) | stable=False | trend -15.00/window t=-0.56 (plateau_streak=45/10) | checks_since_best=69
[Episode 542/400] Steps: 720 | Reward:  297.05 | Battery:  75.73% | Loss: 0.0628
[budget] 288068 transitions collected over 542 episodes -- step budget met, stopping.
Placing Sensors
  [validation 1/10] steps 720 | battery  32.6% ->  77.8% (min  22.8%) | reward   389.08 | |a| 0.044 | path     428 m
Placing Sensors
  [validation 2/10] steps 720 | battery  30.4% ->  86.7% (min  19.9%) | reward   387.53 | |a| 0.055 | path     376 m
Placing Sensors
  [validation 3/10] steps 100 | battery  37.6% ->   0.0% (min   0.0%) | reward   -71.78 | |a| 0.244 | path     156 m
Placing Sensors
  [validation 4/10] steps 720 | battery  30.3% ->  76.9% (min  27.8%) | reward   388.62 | |a| 0.041 | path     396 m
Placing Sensors
  [validation 5/10] steps 720 | battery  32.3% ->  75.2% (min  23.6%) | reward   350.54 | |a| 0.045 | path     425 m
Placing Sensors
  [validation 6/10] steps 720 | battery  33.7% ->  85.3% (min  23.4%) | reward   437.38 | |a| 0.042 | path     371 m
Placing Sensors
  [validation 7/10] steps 720 | battery  35.8% ->  89.1% (min  32.6%) | reward   373.81 | |a| 0.031 | path     224 m
Placing Sensors
  [validation 8/10] steps 720 | battery  33.8% ->  65.1% (min  24.5%) | reward   314.10 | |a| 0.043 | path     399 m
Placing Sensors
  [validation 9/10] steps 720 | battery  39.1% ->  71.0% (min  29.2%) | reward   341.59 | |a| 0.057 | path     618 m
Placing Sensors
  [validation 10/10] steps 720 | battery  31.1% ->  83.4% (min  26.8%) | reward   413.36 | |a| 0.050 | path     201 m

==============================================================================
VALIDATION COMPLETE -- 10 independent deterministic episodes
==============================================================================
metric                       mean        std        min        max
reward                     332.42     146.37     -71.78     437.38
final battery %             71.06      26.05       0.00      89.11
min battery %               23.05       8.88       0.00      32.63
steps                      658.00     196.06     100.00     720.00
solar W                     26.22       8.68       2.53      33.01
|action|                     0.06       0.06       0.03       0.24
path m                     359.42     134.92     155.73     617.81
tortuosity                   5.12       6.44       1.55      23.01
motion mAh                 263.73      98.57     117.87     445.68
idle mAh                 10586.99    3148.34    1626.65   11583.71

survived full 720 steps : 9/10
ended below 20% battery         : 1/10
ended above 70% battery         : 8/10

reward 95% CI: 332.42 +- 90.72  (241.70 to 423.14)

total step rows written: 6580

==============================================
WALL CLOCK BREAKDOWN
==============================================
Total run time        :   17772.08 s
  Rollout (training)  :   17224.93 s  ( 96.9%)
    - policy inference:     261.58 s  (  1.5%)
    - env + reward    :   16963.36 s  ( 95.4%)
  PPO update()        :      65.17 s  (  0.4%)
  Checkpoint saves    :       0.39 s  (  0.0%)
  Final evaluation    :     341.55 s  (  1.9%)
  Other / logging     :     140.04 s  (  0.8%)

==============================================
PER-CALL AVERAGES
==============================================
Policy inference      :   294648 calls |    0.900 ms/step
  final eval only     :     6580 calls |    0.563 ms/step
PPO update()          :      191 calls |  341.198 ms/update
Episode               :      400 eps   |   43.576 s/episode

update() share of wall clock: 0.4%
