Placing Sensors
[chaotic-init] chebyshev: re-initialised 14 weight tensors (470592 parameters), match=variance, placement=sequential, seed 3
[chaotic-init] sigma_max after: mean 1.708, max 1.988
Placing Sensors
[Episode 1/400] Steps:  76 | Reward:  -60.81 | Battery:   0.00% | Loss: 
Placing Sensors
[Episode 2/400] Steps: 114 | Reward:  -57.42 | Battery:   0.00% | Loss: 
Placing Sensors
[Episode 3/400] Steps: 720 | Reward:  225.29 | Battery:  70.94% | Loss: 
Placing Sensors
[Episode 4/400] Steps:  95 | Reward:  -58.33 | Battery:   0.00% | Loss: 
Placing Sensors
[Episode 5/400] Steps:  66 | Reward:  -61.30 | Battery:   0.00% | Loss: 
Placing Sensors
[Episode 6/400] Steps: 117 | Reward:  -58.03 | Battery:   0.00% | Loss: 
Placing Sensors
[Episode 7/400] Steps:  79 | Reward:  -60.29 | Battery:   0.00% | Loss: 
Placing Sensors
[Episode 8/400] Steps:  95 | Reward:  -69.30 | Battery:   0.00% | Loss: 
Placing Sensors
Policy -0.0011 | Value 268.6901 | KL 0.00439 | CF 0.0507 | Std 0.1054 | |a| 0.0087 | EV +0.007 | Rsd 16.811 | Res 17.085 | AE nan | Alpha 0.9256 | MB 24/24
  cert | viol 0.322 | dV -0.201934 | V 0.3551 | inball 0.166 | a*_q05 -0.00243 | a*_q50 0.01802 | dV>=0 0.118 | n=150 | a_used 0.01000 -> 0.00950
[Episode 9/400] Steps:  88 | Reward:  -75.86 | Battery:   0.00% | Loss: 1.8765
Placing Sensors
[Episode 10/400] Steps: 720 | Reward:  129.72 | Battery:  40.15% | Loss: 
Placing Sensors
Policy -0.0035 | Value 167.0945 | KL 0.00474 | CF 0.0516 | Std 0.1055 | |a| 0.0083 | EV +0.175 | Rsd 13.163 | Res 13.904 | AE nan | Alpha 0.8572 | MB 24/24
  cert | viol 0.645 | dV -0.126554 | V 0.2632 | inball 0.025 | a*_q05 -0.01376 | a*_q50 0.00538 | dV>=0 0.206 | n=150 | a_used 0.00950 -> 0.00903
[Episode 11/400] Steps: 720 | Reward:  183.72 | Battery:  58.33% | Loss: 1.6913
Placing Sensors
[Episode 12/400] Steps: 111 | Reward:  -55.22 | Battery:   0.00% | Loss: 
Placing Sensors
[Episode 13/400] Steps: 720 | Reward:  147.82 | Battery:  46.90% | Loss: 
Placing Sensors
Policy -0.0069 | Value 219.0175 | KL 0.00692 | CF 0.0859 | Std 0.1056 | |a| 0.0085 | EV +0.164 | Rsd 16.102 | Res 15.639 | AE nan | Alpha 0.7892 | MB 28/28
  cert | viol 0.631 | dV -0.163248 | V 0.3204 | inball 0.049 | a*_q05 -0.01495 | a*_q50 0.00513 | dV>=0 0.280 | n=150 | a_used 0.00903 -> 0.00857
[Episode 14/400] Steps: 720 | Reward:  164.31 | Battery:  53.73% | Loss: 1.7358
Placing Sensors
[Episode 15/400] Steps:  81 | Reward:  -60.66 | Battery:   0.00% | Loss: 
Placing Sensors
[Episode 16/400] Steps: 720 | Reward:  165.08 | Battery:  57.79% | Loss: 
Placing Sensors
[Episode 17/400] Steps: 110 | Reward:  -62.38 | Battery:   0.00% | Loss: 
Placing Sensors
Policy 0.0008 | Value 216.0880 | KL 0.00609 | CF 0.0807 | Std 0.1057 | |a| 0.0085 | EV +0.238 | Rsd 19.059 | Res 16.828 | AE nan | Alpha 0.7235 | MB 28/28
  cert | viol 0.527 | dV -0.131169 | V 0.3146 | inball 0.072 | a*_q05 -0.01695 | a*_q50 0.00803 | dV>=0 0.260 | n=150 | a_used 0.00857 -> 0.00815
[Episode 18/400] Steps: 720 | Reward:   52.87 | Battery:  13.51% | Loss: 1.5197
Placing Sensors
[Episode 19/400] Steps: 720 | Reward:  177.68 | Battery:  58.22% | Loss: 
Placing Sensors
[Episode 20/400] Steps:  82 | Reward:  -74.68 | Battery:   0.00% | Loss: 
Placing Sensors
[Episode 21/400] Steps:  76 | Reward:  -63.35 | Battery:   0.00% | Loss: 
Placing Sensors
[Episode 22/400] Steps: 160 | Reward:  -47.44 | Battery:   0.00% | Loss: 
Placing Sensors
[Episode 23/400] Steps:  65 | Reward:  -59.05 | Battery:   0.00% | Loss: 
Placing Sensors
[Episode 24/400] Steps:  95 | Reward:  -69.15 | Battery:   0.00% | Loss: 
Placing Sensors
[Episode 25/400] Steps:  85 | Reward:  -70.69 | Battery:   0.00% | Loss: 
Placing Sensors
Policy -0.0085 | Value 203.5583 | KL 0.00728 | CF 0.1002 | Std 0.1059 | |a| 0.0074 | EV +0.373 | Rsd 20.954 | Res 16.760 | AE nan | Alpha 0.6502 | MB 32/32
  cert | viol 0.320 | dV -0.228869 | V 0.3636 | inball 0.167 | a*_q05 -0.00763 | a*_q50 0.01410 | dV>=0 0.104 | n=150 | a_used 0.00815 -> 0.00774
[Episode 26/400] Steps: 720 | Reward:  178.73 | Battery:  61.45% | Loss: 1.2598
Placing Sensors
[Episode 27/400] Steps: 102 | Reward:  -75.30 | Battery:   0.00% | Loss: 
Placing Sensors
[Episode 28/400] Steps:  98 | Reward:  -76.61 | Battery:   0.00% | Loss: 
Placing Sensors
[Episode 29/400] Steps:  92 | Reward:  -65.41 | Battery:   0.00% | Loss: 
Placing Sensors
[Episode 30/400] Steps: 720 | Reward:   96.97 | Battery:  25.18% | Loss: 
Placing Sensors
[Episode 31/400] Steps:  82 | Reward:  -67.17 | Battery:   0.00% | Loss: 
Placing Sensors
[Episode 32/400] Steps:  69 | Reward:  -67.93 | Battery:   0.00% | Loss: 
Placing Sensors
[Episode 33/400] Steps:  83 | Reward:  -67.00 | Battery:   0.00% | Loss: 
Placing Sensors
[Episode 34/400] Steps:  74 | Reward:  -66.36 | Battery:   0.00% | Loss: 
Placing Sensors
Policy 0.0009 | Value 142.6770 | KL 0.00745 | CF 0.0889 | Std 0.1061 | |a| 0.0099 | EV +0.514 | Rsd 21.900 | Res 15.308 | AE nan | Alpha 0.5833 | MB 32/32
  cert | viol 0.405 | dV -0.142881 | V 0.2710 | inball 0.033 | a*_q05 -0.02009 | a*_q50 0.00874 | dV>=0 0.192 | n=150 | a_used 0.00774 -> 0.00735
[Episode 35/400] Steps: 720 | Reward:  184.17 | Battery:  58.81% | Loss: 1.1041
Placing Sensors
[Episode 36/400] Steps:  83 | Reward:  -67.91 | Battery:   0.00% | Loss: 
Placing Sensors
[Episode 37/400] Steps: 720 | Reward:  181.92 | Battery:  55.60% | Loss: 
Placing Sensors
Policy 0.0006 | Value 166.1183 | KL 0.00399 | CF 0.0435 | Std 0.1063 | |a| 0.0129 | EV +0.570 | Rsd 22.645 | Res 15.496 | AE nan | Alpha 0.5378 | MB 24/24
  cert | viol 0.350 | dV -0.218163 | V 0.3415 | inball 0.216 | a*_q05 -0.01059 | a*_q50 0.01327 | dV>=0 0.103 | n=150 | a_used 0.00735 -> 0.00698
[Episode 38/400] Steps: 720 | Reward:  176.54 | Battery:  59.39% | Loss: 1.0800
Placing Sensors
[Episode 39/400] Steps:  90 | Reward:  -64.46 | Battery:   0.00% | Loss: 
Placing Sensors
[Episode 40/400] Steps: 720 | Reward:  166.46 | Battery:  51.95% | Loss: 
Placing Sensors
Policy 0.0026 | Value 160.3779 | KL 0.01205 | CF 0.1530 | Std 0.1065 | |a| 0.0133 | EV +0.609 | Rsd 22.859 | Res 14.656 | AE nan | Alpha 0.4957 | MB 24/24
  cert | viol 0.241 | dV -0.187351 | V 0.2785 | inball 0.339 | a*_q05 -0.00052 | a*_q50 0.02062 | dV>=0 0.078 | n=150 | a_used 0.00698 -> 0.00641
[Episode 41/400] Steps: 720 | Reward:  218.77 | Battery:  71.71% | Loss: 0.9325
Placing Sensors
[Episode 42/400] Steps: 720 | Reward:  161.67 | Battery:  46.51% | Loss: 
Placing Sensors
Policy 0.0064 | Value 132.1003 | KL 0.01006 | CF 0.1350 | Std 0.1067 | |a| 0.0148 | EV +0.531 | Rsd 22.948 | Res 15.893 | AE nan | Alpha 0.4590 | MB 24/24
  cert | viol 0.371 | dV -0.189176 | V 0.3090 | inball 0.220 | a*_q05 -0.01422 | a*_q50 0.01258 | dV>=0 0.165 | n=150 | a_used 0.00641 -> 0.00609
[Episode 43/400] Steps: 720 | Reward:  188.43 | Battery:  61.10% | Loss: 0.9259
Placing Sensors
[Episode 44/400] Steps: 720 | Reward:  212.48 | Battery:  65.51% | Loss: 
Placing Sensors
[Episode 45/400] Steps:  80 | Reward:  -64.45 | Battery:   0.00% | Loss: 
Placing Sensors
Policy 0.0002 | Value 116.1225 | KL 0.00853 | CF 0.1050 | Std 0.1069 | |a| 0.0123 | EV +0.589 | Rsd 25.213 | Res 16.576 | AE nan | Alpha 0.4233 | MB 24/24
  cert | viol 0.199 | dV -0.253156 | V 0.3802 | inball 0.319 | a*_q05 0.00009 | a*_q50 0.02150 | dV>=0 0.056 | n=150 | a_used 0.00609 -> 0.00540
[Episode 46/400] Steps: 720 | Reward:  223.98 | Battery:  68.28% | Loss: 0.8394
Placing Sensors
[Episode 47/400] Steps: 720 | Reward:  202.91 | Battery:  65.79% | Loss: 
Placing Sensors
[Episode 48/400] Steps: 135 | Reward:  -64.58 | Battery:   0.00% | Loss: 
Placing Sensors
[Episode 49/400] Steps:  77 | Reward:  -71.16 | Battery:   0.00% | Loss: 
Placing Sensors
Policy -0.0046 | Value 107.0948 | KL 0.00524 | CF 0.0623 | Std 0.1071 | |a| 0.0152 | EV +0.729 | Rsd 28.286 | Res 14.726 | AE nan | Alpha 0.3876 | MB 28/28
  cert | viol 0.304 | dV -0.191008 | V 0.3245 | inball 0.232 | a*_q05 -0.01080 | a*_q50 0.01453 | dV>=0 0.137 | n=150 | a_used 0.00540 -> 0.00513
[Episode 50/400] Steps: 720 | Reward:  197.29 | Battery:  59.02% | Loss: 0.7276
Placing Sensors
[Episode 51/400] Steps:  79 | Reward:  -66.62 | Battery:   0.00% | Loss: 
Placing Sensors
[Episode 52/400] Steps:  76 | Reward:  -66.86 | Battery:   0.00% | Loss: 
Placing Sensors
[Episode 53/400] Steps:  93 | Reward:  -63.38 | Battery:   0.00% | Loss: 
Placing Sensors
[Episode 54/400] Steps:  78 | Reward:  -70.77 | Battery:   0.00% | Loss: 
Placing Sensors
[Episode 55/400] Steps:  97 | Reward:  -75.80 | Battery:   0.00% | Loss: 
Placing Sensors
[Episode 56/400] Steps: 720 | Reward:  188.21 | Battery:  62.84% | Loss: 
Placing Sensors
[Episode 57/400] Steps:  63 | Reward:  -58.96 | Battery:   0.00% | Loss: 
Placing Sensors
Policy -0.0041 | Value 69.3272 | KL 0.00971 | CF 0.1272 | Std 0.1073 | |a| 0.0147 | EV +0.795 | Rsd 28.245 | Res 12.797 | AE nan | Alpha 0.3498 | MB 32/32
  cert | viol 0.466 | dV -0.142429 | V 0.3044 | inball 0.042 | a*_q05 -0.00410 | a*_q50 0.00645 | dV>=0 0.125 | n=150 | a_used 0.00513 -> 0.00487
[Episode 58/400] Steps: 720 | Reward:  215.19 | Battery:  75.69% | Loss: 0.5291
Placing Sensors
[Episode 59/400] Steps: 720 | Reward:  177.48 | Battery:  49.31% | Loss: 
Placing Sensors
Policy -0.0047 | Value 79.9502 | KL 0.01098 | CF 0.1313 | Std 0.1075 | |a| 0.0174 | EV +0.465 | Rsd 20.932 | Res 15.427 | AE nan | Alpha 0.3240 | MB 24/24
  cert | viol 0.327 | dV -0.169013 | V 0.3034 | inball 0.175 | a*_q05 -0.00947 | a*_q50 0.00857 | dV>=0 0.097 | n=150 | a_used 0.00487 -> 0.00463
[Episode 60/400] Steps: 720 | Reward:  197.11 | Battery:  66.17% | Loss: 0.4869
Placing Sensors
[Episode 61/400] Steps: 720 | Reward:  183.35 | Battery:  53.75% | Loss: 
Placing Sensors
Policy 0.0104 | Value 149.7175 | KL 0.00901 | CF 0.1040 | Std 0.1076 | |a| 0.0169 | EV +0.526 | Rsd 26.358 | Res 18.215 | AE nan | Alpha 0.3000 | MB 24/24
  cert | viol 0.132 | dV -0.250224 | V 0.3443 | inball 0.339 | a*_q05 0.00059 | a*_q50 0.02222 | dV>=0 0.049 | n=150 | a_used 0.00463 -> 0.00431
[Episode 62/400] Steps: 720 | Reward:  227.19 | Battery:  73.04% | Loss: 0.5297
Placing Sensors
[Episode 63/400] Steps: 125 | Reward:  -65.76 | Battery:   0.00% | Loss: 
Placing Sensors
[Episode 64/400] Steps:  75 | Reward:  -57.68 | Battery:   0.00% | Loss: 
Placing Sensors
[Episode 65/400] Steps: 720 | Reward:  200.30 | Battery:  60.60% | Loss: 
Placing Sensors
[Episode 66/400] Steps: 137 | Reward:  -49.08 | Battery:   0.00% | Loss: 
Placing Sensors
[Episode 67/400] Steps: 174 | Reward:  -59.85 | Battery:   0.00% | Loss: 
Placing Sensors
Policy 0.0040 | Value 134.3077 | KL 0.00924 | CF 0.1139 | Std 0.1078 | |a| 0.0176 | EV +0.478 | Rsd 27.001 | Res 19.933 | AE nan | Alpha 0.2704 | MB 32/32
  cert | viol 0.239 | dV -0.187128 | V 0.2764 | inball 0.148 | a*_q05 -0.01527 | a*_q50 0.01145 | dV>=0 0.172 | n=150 | a_used 0.00431 -> 0.00410
[Episode 68/400] Steps: 720 | Reward:  177.78 | Battery:  55.60% | Loss: 0.4653
Placing Sensors
[Episode 69/400] Steps: 177 | Reward:  -48.06 | Battery:   0.00% | Loss: 
Placing Sensors
[Episode 70/400] Steps:  69 | Reward:  -64.96 | Battery:   0.00% | Loss: 
Placing Sensors
[Episode 71/400] Steps: 720 | Reward:  222.76 | Battery:  64.23% | Loss: 
Placing Sensors
[Episode 72/400] Steps:  71 | Reward:  -59.28 | Battery:   0.00% | Loss: 
Placing Sensors
Policy 0.0007 | Value 133.0595 | KL 0.00646 | CF 0.0758 | Std 0.1080 | |a| 0.0171 | EV +0.685 | Rsd 29.692 | Res 17.028 | AE nan | Alpha 0.2462 | MB 28/28
  cert | viol 0.185 | dV -0.229065 | V 0.3647 | inball 0.265 | a*_q05 -0.00095 | a*_q50 0.01617 | dV>=0 0.092 | n=150 | a_used 0.00410 -> 0.00389
[Episode 73/400] Steps: 720 | Reward:  170.00 | Battery:  54.47% | Loss: 0.5456
Placing Sensors
[Episode 74/400] Steps: 720 | Reward:  205.76 | Battery:  57.51% | Loss: 
Placing Sensors
Policy -0.0078 | Value 116.2715 | KL 0.00823 | CF 0.1081 | Std 0.1081 | |a| 0.0206 | EV +0.565 | Rsd 26.105 | Res 17.370 | AE nan | Alpha 0.2280 | MB 24/24
  cert | viol 0.121 | dV -0.186055 | V 0.2358 | inball 0.413 | a*_q05 -0.00951 | a*_q50 0.01948 | dV>=0 0.097 | n=150 | a_used 0.00389 -> 0.00370
[Episode 75/400] Steps: 720 | Reward:  227.30 | Battery:  67.97% | Loss: 0.3210
Placing Sensors
[Episode 76/400] Steps: 165 | Reward:  -58.87 | Battery:   0.00% | Loss: 
Placing Sensors
[Episode 77/400] Steps: 149 | Reward:  -61.26 | Battery:   0.00% | Loss: 
Placing Sensors
[Episode 78/400] Steps: 720 | Reward:  235.65 | Battery:  67.25% | Loss: 
Placing Sensors
Policy -0.0020 | Value 107.8774 | KL 0.00928 | CF 0.1196 | Std 0.1082 | |a| 0.0181 | EV +0.596 | Rsd 27.589 | Res 17.546 | AE nan | Alpha 0.2077 | MB 28/28
  cert | viol 0.025 | dV -0.269567 | V 0.3235 | inball 0.421 | a*_q05 0.00600 | a*_q50 0.03001 | dV>=0 0.000 | n=150 | a_used 0.00370 -> 0.00379
[Episode 79/400] Steps: 720 | Reward:  281.51 | Battery:  76.53% | Loss: 0.3991
Placing Sensors
[Episode 80/400] Steps: 720 | Reward:  198.38 | Battery:  63.43% | Loss: 
Placing Sensors
Policy 0.0037 | Value 170.1128 | KL 0.01414 | CF 0.1867 | Std 0.1083 | |a| 0.0154 | EV +0.685 | Rsd 29.091 | Res 16.374 | AE nan | Alpha 0.1923 | MB 24/24
  cert | viol 0.207 | dV -0.219641 | V 0.3189 | inball 0.283 | a*_q05 -0.00962 | a*_q50 0.01905 | dV>=0 0.104 | n=150 | a_used 0.00379 -> 0.00360
[Episode 81/400] Steps: 720 | Reward:  186.06 | Battery:  54.61% | Loss: 0.4771
Placing Sensors
[Episode 82/400] Steps: 177 | Reward:  -54.90 | Battery:   0.00% | Loss: 
Placing Sensors
[Episode 83/400] Steps: 720 | Reward:  219.36 | Battery:  68.86% | Loss: 
Placing Sensors
[Episode 84/400] Steps: 114 | Reward:  -58.80 | Battery:   0.00% | Loss: 
Placing Sensors
Policy -0.0041 | Value 117.8388 | KL 0.00749 | CF 0.0962 | Std 0.1085 | |a| 0.0196 | EV +0.702 | Rsd 31.171 | Res 17.119 | AE nan | Alpha 0.1754 | MB 28/28
  cert | viol 0.150 | dV -0.238726 | V 0.3669 | inball 0.349 | a*_q05 -0.00047 | a*_q50 0.02507 | dV>=0 0.063 | n=150 | a_used 0.00360 -> 0.00342
[Episode 85/400] Steps: 720 | Reward:  233.58 | Battery:  63.17% | Loss: 0.2254
Placing Sensors
[Episode 86/400] Steps: 720 | Reward:  254.20 | Battery:  78.28% | Loss: 
Placing Sensors
Policy -0.0024 | Value 98.6328 | KL 0.00686 | CF 0.0876 | Std 0.1086 | |a| 0.0148 | EV +0.337 | Rsd 18.254 | Res 15.133 | AE nan | Alpha 0.1624 | MB 24/24
  cert | viol 0.098 | dV -0.203103 | V 0.2800 | inball 0.478 | a*_q05 0.00172 | a*_q50 0.02132 | dV>=0 0.020 | n=150 | a_used 0.00342 -> 0.00330
[Episode 87/400] Steps: 720 | Reward:  272.28 | Battery:  86.30% | Loss: 0.2165
Placing Sensors
[Episode 88/400] Steps:  68 | Reward:  -59.46 | Battery:   0.00% | Loss: 
Placing Sensors
[Episode 89/400] Steps: 720 | Reward:  198.53 | Battery:  62.18% | Loss: 
Placing Sensors
Policy -0.0012 | Value 95.6002 | KL 0.00988 | CF 0.1239 | Std 0.1087 | |a| 0.0212 | EV +0.669 | Rsd 27.342 | Res 15.845 | AE nan | Alpha 0.1499 | MB 24/24
  cert | viol 0.113 | dV -0.219199 | V 0.3401 | inball 0.260 | a*_q05 0.00247 | a*_q50 0.01279 | dV>=0 0.000 | n=150 | a_used 0.00330 -> 0.00326
[Episode 90/400] Steps: 720 | Reward:  169.77 | Battery:  48.43% | Loss: 0.2913
Placing Sensors
[Episode 91/400] Steps: 720 | Reward:  237.55 | Battery:  72.51% | Loss: 
Placing Sensors
Policy -0.0028 | Value 104.8468 | KL 0.00673 | CF 0.0806 | Std 0.1088 | |a| 0.0182 | EV +0.713 | Rsd 25.952 | Res 13.923 | AE nan | Alpha 0.1388 | MB 24/24
  cert | viol 0.040 | dV -0.277603 | V 0.3398 | inball 0.502 | a*_q05 0.00425 | a*_q50 0.02632 | dV>=0 0.008 | n=150 | a_used 0.00326 -> 0.00334
[Episode 92/400] Steps: 720 | Reward:  313.23 | Battery:  82.74% | Loss: 0.1762
Placing Sensors
[Episode 93/400] Steps: 167 | Reward:  -58.55 | Battery:   0.00% | Loss: 
Placing Sensors
[Episode 94/400] Steps: 720 | Reward:  227.69 | Battery:  67.03% | Loss: 
Placing Sensors
Policy 0.0046 | Value 130.3915 | KL 0.01250 | CF 0.1373 | Std 0.1089 | |a| 0.0224 | EV +0.550 | Rsd 25.570 | Res 17.244 | AE nan | Alpha 0.1274 | MB 28/28
  cert | viol 0.067 | dV -0.242680 | V 0.3101 | inball 0.364 | a*_q05 0.00326 | a*_q50 0.02502 | dV>=0 0.001 | n=150 | a_used 0.00334 -> 0.00344
[Episode 95/400] Steps: 720 | Reward:  261.38 | Battery:  80.71% | Loss: 0.3046
Placing Sensors
[Episode 96/400] Steps: 720 | Reward:  205.73 | Battery:  66.21% | Loss: 
Placing Sensors
[Episode 97/400] Steps: 105 | Reward:  -54.18 | Battery:   0.00% | Loss: 
Placing Sensors
[Episode 98/400] Steps: 112 | Reward:  -57.54 | Battery:   0.00% | Loss: 
Placing Sensors
Policy 0.0008 | Value 115.3154 | KL 0.01030 | CF 0.1196 | Std 0.1090 | |a| 0.0179 | EV +0.580 | Rsd 24.781 | Res 16.081 | AE nan | Alpha 0.1166 | MB 28/28
  cert | viol 0.167 | dV -0.189360 | V 0.3149 | inball 0.189 | a*_q05 -0.00432 | a*_q50 0.00933 | dV>=0 0.101 | n=150 | a_used 0.00344 -> 0.00292
[Episode 99/400] Steps: 720 | Reward:  218.36 | Battery:  72.80% | Loss: 0.1688
Placing Sensors
[Episode 100/400] Steps: 720 | Reward:  254.34 | Battery:  75.18% | Loss: 
Placing Sensors
Policy -0.0058 | Value 92.3538 | KL 0.00847 | CF 0.0976 | Std 0.1091 | |a| 0.0189 | EV +0.523 | Rsd 20.286 | Res 14.199 | AE nan | Alpha 0.1080 | MB 24/24
  cert | viol 0.000 | dV -0.210215 | V 0.2735 | inball 0.525 | a*_q05 0.00365 | a*_q50 0.02812 | dV>=0 0.000 | n=150 | a_used 0.00292 -> 0.00296
[Episode 101/400] Steps: 720 | Reward:  266.70 | Battery:  75.22% | Loss: 0.1411
Placing Sensors
[Episode 102/400] Steps: 720 | Reward:  216.97 | Battery:  61.79% | Loss: 
Placing Sensors
[Episode 103/400] Steps:  75 | Reward:  -55.76 | Battery:   0.00% | Loss: 
Placing Sensors
Policy -0.0057 | Value 103.9221 | KL 0.00721 | CF 0.0864 | Std 0.1091 | |a| 0.0194 | EV +0.525 | Rsd 23.606 | Res 16.328 | AE nan | Alpha 0.0996 | MB 24/24
  cert | viol 0.102 | dV -0.229525 | V 0.3064 | inball 0.460 | a*_q05 0.00037 | a*_q50 0.02812 | dV>=0 0.050 | n=150 | a_used 0.00296 -> 0.00281
[Episode 104/400] Steps: 720 | Reward:  248.57 | Battery:  72.69% | Loss: 0.1290
Placing Sensors
[Episode 105/400] Steps: 720 | Reward:  262.20 | Battery:  71.02% | Loss: 
Placing Sensors
Policy 0.0020 | Value 83.0787 | KL 0.01315 | CF 0.1427 | Std 0.1092 | |a| 0.0199 | EV +0.510 | Rsd 20.850 | Res 14.876 | AE nan | Alpha 0.0923 | MB 24/24
  cert | viol 0.039 | dV -0.234423 | V 0.2841 | inball 0.491 | a*_q05 0.00397 | a*_q50 0.02945 | dV>=0 0.000 | n=150 | a_used 0.00281 -> 0.00287
[Episode 106/400] Steps: 720 | Reward:  235.18 | Battery:  72.99% | Loss: 0.1792
Placing Sensors
[Episode 107/400] Steps:  99 | Reward:  -63.42 | Battery:   0.00% | Loss: 
Placing Sensors
[Episode 108/400] Steps:  78 | Reward:  -59.66 | Battery:   0.00% | Loss: 
Placing Sensors
[Episode 109/400] Steps: 720 | Reward:  155.90 | Battery:  51.13% | Loss: 
Placing Sensors
[Episode 110/400] Steps: 102 | Reward:  -68.10 | Battery:   0.00% | Loss: 
Placing Sensors
[Episode 111/400] Steps:  97 | Reward:  -61.18 | Battery:   0.00% | Loss: 
Placing Sensors
Policy 0.0038 | Value 109.5430 | KL 0.01445 | CF 0.1803 | Std 0.1093 | |a| 0.0206 | EV +0.693 | Rsd 26.416 | Res 14.644 | AE nan | Alpha 0.0838 | MB 32/32
  cert | viol 0.154 | dV -0.206724 | V 0.3339 | inball 0.192 | a*_q05 -0.00469 | a*_q50 0.01169 | dV>=0 0.105 | n=150 | a_used 0.00287 -> 0.00273
[Episode 112/400] Steps: 720 | Reward:  244.44 | Battery:  74.78% | Loss: 0.0607
Placing Sensors
[Episode 113/400] Steps:  66 | Reward:  -61.47 | Battery:   0.00% | Loss: 
Placing Sensors
[Episode 114/400] Steps: 720 | Reward:  186.30 | Battery:  61.42% | Loss: 
Placing Sensors
Policy 0.0210 | Value 126.9842 | KL 0.03480 | CF 0.2840 | Std 0.1093 | |a| 0.0210 | EV +0.787 | Rsd 26.005 | Res 13.055 | AE nan | Alpha 0.0773 | MB 12/24
  cert | viol 0.063 | dV -0.255536 | V 0.3307 | inball 0.429 | a*_q05 0.00241 | a*_q50 0.02535 | dV>=0 0.008 | n=150 | a_used 0.00273 -> 0.00267
[Episode 115/400] Steps: 720 | Reward:  292.59 | Battery:  81.01% | Loss: 0.2043
Placing Sensors
[Episode 116/400] Steps: 720 | Reward:  278.94 | Battery:  79.22% | Loss: 
Placing Sensors
[Episode 117/400] Steps:  87 | Reward:  -53.66 | Battery:   0.00% | Loss: 
Placing Sensors
Policy -0.0024 | Value 83.5194 | KL 0.00857 | CF 0.1093 | Std 0.1094 | |a| 0.0196 | EV +0.792 | Rsd 29.755 | Res 13.566 | AE nan | Alpha 0.0713 | MB 24/24
  cert | viol 0.039 | dV -0.230099 | V 0.2894 | inball 0.382 | a*_q05 0.00324 | a*_q50 0.02203 | dV>=0 0.009 | n=150 | a_used 0.00267 -> 0.00270
[Episode 118/400] Steps: 720 | Reward:  175.20 | Battery:  54.72% | Loss: 0.0747
Placing Sensors
[Episode 119/400] Steps: 720 | Reward:  214.61 | Battery:  63.64% | Loss: 
Placing Sensors
[Episode 120/400] Steps: 119 | Reward:  -66.37 | Battery:   0.00% | Loss: 
Placing Sensors
Policy 0.0158 | Value 191.9632 | KL 0.01310 | CF 0.1670 | Std 0.1094 | |a| 0.0191 | EV +0.767 | Rsd 31.018 | Res 15.475 | AE nan | Alpha 0.0656 | MB 28/28
  cert | viol 0.039 | dV -0.216091 | V 0.2777 | inball 0.452 | a*_q05 0.00420 | a*_q50 0.02692 | dV>=0 0.004 | n=150 | a_used 0.00270 -> 0.00288
[Episode 121/400] Steps: 720 | Reward:  276.65 | Battery:  74.38% | Loss: 0.0382
Placing Sensors
[Episode 122/400] Steps: 110 | Reward:  -55.66 | Battery:   0.00% | Loss: 
Placing Sensors
[Episode 123/400] Steps: 720 | Reward:  247.60 | Battery:  71.55% | Loss: 
Placing Sensors
[Episode 124/400] Steps:  74 | Reward:  -65.23 | Battery:   0.00% | Loss: 
Placing Sensors
Policy 0.0058 | Value 146.1316 | KL 0.01558 | CF 0.1900 | Std 0.1094 | |a| 0.0218 | EV +0.739 | Rsd 33.844 | Res 17.679 | AE nan | Alpha 0.0601 | MB 28/28
  cert | viol 0.062 | dV -0.302830 | V 0.3718 | inball 0.443 | a*_q05 0.00247 | a*_q50 0.03200 | dV>=0 0.034 | n=150 | a_used 0.00288 -> 0.00292
[Episode 125/400] Steps: 720 | Reward:  197.52 | Battery:  62.02% | Loss: 0.0863
Placing Sensors
[Episode 126/400] Steps: 128 | Reward:  -45.14 | Battery:   0.00% | Loss: 
Placing Sensors
[Episode 127/400] Steps: 720 | Reward:  207.24 | Battery:  62.28% | Loss: 
Placing Sensors
[Episode 128/400] Steps:  74 | Reward:  -61.15 | Battery:   0.00% | Loss: 
Placing Sensors
Policy 0.0020 | Value 115.8830 | KL 0.01201 | CF 0.1407 | Std 0.1095 | |a| 0.0185 | EV +0.496 | Rsd 26.183 | Res 19.121 | AE nan | Alpha 0.0551 | MB 28/28
  cert | viol 0.110 | dV -0.193859 | V 0.2970 | inball 0.263 | a*_q05 0.00098 | a*_q50 0.00988 | dV>=0 0.040 | n=150 | a_used 0.00292 -> 0.00287
[Episode 129/400] Steps: 720 | Reward:  249.63 | Battery:  80.32% | Loss: 0.2479
Placing Sensors
[Episode 130/400] Steps: 720 | Reward:  242.36 | Battery:  66.78% | Loss: 
Placing Sensors
Policy -0.0023 | Value 101.0001 | KL 0.00649 | CF 0.0848 | Std 0.1095 | |a| 0.0189 | EV +0.774 | Rsd 31.938 | Res 15.313 | AE nan | Alpha 0.0510 | MB 24/24
  cert | viol 0.113 | dV -0.241762 | V 0.3492 | inball 0.429 | a*_q05 -0.00005 | a*_q50 0.02231 | dV>=0 0.059 | n=150 | a_used 0.00287 -> 0.00273
[Episode 131/400] Steps: 720 | Reward:  202.79 | Battery:  59.27% | Loss: 0.2003
Placing Sensors
[Episode 132/400] Steps: 720 | Reward:  240.89 | Battery:  65.89% | Loss: 
Placing Sensors
[Episode 133/400] Steps:  79 | Reward:  -61.25 | Battery:   0.00% | Loss: 
Placing Sensors
Policy 0.0004 | Value 166.3002 | KL 0.00779 | CF 0.1018 | Std 0.1095 | |a| 0.0159 | EV +0.797 | Rsd 32.171 | Res 14.494 | AE nan | Alpha 0.0471 | MB 24/24
  cert | viol 0.033 | dV -0.266427 | V 0.3394 | inball 0.435 | a*_q05 0.00350 | a*_q50 0.02751 | dV>=0 0.000 | n=150 | a_used 0.00273 -> 0.00278
[Episode 134/400] Steps: 720 | Reward:  229.13 | Battery:  61.01% | Loss: 0.1538
Placing Sensors
[Episode 135/400] Steps: 720 | Reward:  221.28 | Battery:  71.93% | Loss: 
Placing Sensors
Policy -0.0022 | Value 123.8262 | KL 0.00680 | CF 0.0768 | Std 0.1095 | |a| 0.0183 | EV +0.733 | Rsd 29.966 | Res 15.818 | AE nan | Alpha 0.0436 | MB 24/24
  cert | viol 0.167 | dV -0.258084 | V 0.4174 | inball 0.393 | a*_q05 -0.00136 | a*_q50 0.01991 | dV>=0 0.091 | n=150 | a_used 0.00278 -> 0.00264
[Episode 136/400] Steps: 720 | Reward:  262.71 | Battery:  77.22% | Loss: 0.1205
Placing Sensors
[Episode 137/400] Steps: 720 | Reward:  275.65 | Battery:  77.28% | Loss: 
Placing Sensors
[Episode 138/400] Steps: 115 | Reward:  -73.79 | Battery:   0.00% | Loss: 
Placing Sensors
Policy -0.0108 | Value 96.9400 | KL 0.00810 | CF 0.0916 | Std 0.1095 | |a| 0.0259 | EV +0.802 | Rsd 33.818 | Res 15.101 | AE nan | Alpha 0.0401 | MB 28/28
  cert | viol 0.036 | dV -0.284623 | V 0.3635 | inball 0.382 | a*_q05 0.00431 | a*_q50 0.02639 | dV>=0 0.000 | n=150 | a_used 0.00264 -> 0.00281
[Episode 139/400] Steps: 720 | Reward:  211.52 | Battery:  56.49% | Loss: -0.1173
Placing Sensors
[Episode 140/400] Steps: 720 | Reward:  161.89 | Battery:  42.66% | Loss: 
Placing Sensors
Policy -0.0026 | Value 194.9767 | KL 0.00951 | CF 0.1174 | Std 0.1095 | |a| 0.0183 | EV +0.777 | Rsd 33.379 | Res 16.012 | AE nan | Alpha 0.0372 | MB 24/24
  cert | viol 0.269 | dV -0.217490 | V 0.4020 | inball 0.233 | a*_q05 -0.00167 | a*_q50 0.01241 | dV>=0 0.119 | n=150 | a_used 0.00281 -> 0.00267
[Episode 141/400] Steps: 720 | Reward:  199.50 | Battery:  62.09% | Loss: 0.0439
Placing Sensors
[Episode 142/400] Steps: 720 | Reward:  240.13 | Battery:  67.79% | Loss: 
Placing Sensors
Policy -0.0018 | Value 105.5792 | KL 0.00641 | CF 0.0891 | Std 0.1096 | |a| 0.0192 | EV +0.822 | Rsd 31.199 | Res 13.590 | AE nan | Alpha 0.0344 | MB 24/24
  cert | viol 0.019 | dV -0.264592 | V 0.3055 | inball 0.561 | a*_q05 0.00538 | a*_q50 0.03494 | dV>=0 0.000 | n=150 | a_used 0.00267 -> 0.00267
[Episode 143/400] Steps: 720 | Reward:  281.13 | Battery:  74.10% | Loss: 0.1018
Placing Sensors
[Episode 144/400] Steps: 720 | Reward:  254.60 | Battery:  79.18% | Loss: 
Placing Sensors
Policy 0.0012 | Value 109.3176 | KL 0.00844 | CF 0.1134 | Std 0.1096 | |a| 0.0224 | EV +0.794 | Rsd 34.397 | Res 15.699 | AE nan | Alpha 0.0319 | MB 24/24
  cert | viol 0.139 | dV -0.256756 | V 0.3752 | inball 0.471 | a*_q05 0.00120 | a*_q50 0.02535 | dV>=0 0.028 | n=150 | a_used 0.00267 -> 0.00251
[Episode 145/400] Steps: 720 | Reward:  238.40 | Battery:  62.97% | Loss: 0.1937
Placing Sensors
[Episode 146/400] Steps: 720 | Reward:  229.15 | Battery:  71.93% | Loss: 
Placing Sensors
[Episode 147/400] Steps: 103 | Reward:  -75.72 | Battery:   0.00% | Loss: 
Placing Sensors
[Episode 148/400] Steps:  79 | Reward:  -59.07 | Battery:   0.00% | Loss: 
Placing Sensors
[Episode 149/400] Steps:  78 | Reward:  -58.46 | Battery:   0.00% | Loss: 
Placing Sensors
[Episode 150/400] Steps: 104 | Reward:  -52.51 | Battery:   0.00% | Loss: 
Placing Sensors
Policy 0.0062 | Value 123.4222 | KL 0.01112 | CF 0.1536 | Std 0.1096 | |a| 0.0261 | EV +0.763 | Rsd 34.331 | Res 17.261 | AE nan | Alpha 0.0289 | MB 32/32
  cert | viol 0.037 | dV -0.239624 | V 0.2888 | inball 0.423 | a*_q05 0.00542 | a*_q50 0.02944 | dV>=0 0.000 | n=150 | a_used 0.00251 -> 0.00247
[Episode 151/400] Steps: 720 | Reward:  293.67 | Battery:  76.97% | Loss: 0.1734
Placing Sensors
[Episode 152/400] Steps: 121 | Reward:  -64.51 | Battery:   0.00% | Loss: 
Placing Sensors
[Episode 153/400] Steps: 720 | Reward:  159.96 | Battery:  36.74% | Loss: 
Placing Sensors
[Episode 154/400] Steps: 117 | Reward:  -64.75 | Battery:   0.00% | Loss: 
Placing Sensors
[Episode 155/400] Steps: 128 | Reward:  -68.30 | Battery:   0.00% | Loss: 
Placing Sensors
[Episode 156/400] Steps: 108 | Reward:  -71.81 | Battery:   0.00% | Loss: 
Placing Sensors
[Episode 157/400] Steps: 106 | Reward:  -53.01 | Battery:   0.00% | Loss: 
Placing Sensors
Policy -0.0033 | Value 92.2191 | KL 0.00827 | CF 0.0934 | Std 0.1096 | |a| 0.0243 | EV +0.821 | Rsd 34.987 | Res 15.550 | AE nan | Alpha 0.0260 | MB 32/32
  cert | viol 0.009 | dV -0.165023 | V 0.2126 | inball 0.271 | a*_q05 0.00466 | a*_q50 0.02186 | dV>=0 0.007 | n=150 | a_used 0.00247 -> 0.00258
[Episode 158/400] Steps: 720 | Reward:  248.00 | Battery:  72.48% | Loss: 0.0115
Placing Sensors
[Episode 159/400] Steps: 119 | Reward:  -57.26 | Battery:   0.00% | Loss: 
Placing Sensors
[Episode 160/400] Steps:  67 | Reward:  -59.94 | Battery:   0.00% | Loss: 
Placing Sensors
[Episode 161/400] Steps:  77 | Reward:  -61.58 | Battery:   0.00% | Loss: 
Placing Sensors
[Episode 162/400] Steps: 720 | Reward:  251.38 | Battery:  74.52% | Loss: 
Placing Sensors
Policy -0.0024 | Value 125.2678 | KL 0.00614 | CF 0.0729 | Std 0.1096 | |a| 0.0238 | EV +0.763 | Rsd 32.534 | Res 15.861 | AE nan | Alpha 0.0237 | MB 28/28
  cert | viol 0.034 | dV -0.205437 | V 0.2540 | inball 0.377 | a*_q05 0.00315 | a*_q50 0.02874 | dV>=0 0.000 | n=150 | a_used 0.00258 -> 0.00256
[Episode 163/400] Steps: 720 | Reward:  185.28 | Battery:  48.14% | Loss: 0.0281
Placing Sensors
[Episode 164/400] Steps:  78 | Reward:  -71.20 | Battery:   0.00% | Loss: 
Placing Sensors
[Episode 165/400] Steps: 720 | Reward:  209.67 | Battery:  62.53% | Loss: 
Placing Sensors
[Episode 166/400] Steps:  91 | Reward:  -53.24 | Battery:   0.00% | Loss: 
Placing Sensors
Policy 0.0008 | Value 101.9636 | KL 0.00815 | CF 0.1051 | Std 0.1096 | |a| 0.0184 | EV +0.819 | Rsd 33.848 | Res 14.439 | AE nan | Alpha 0.0218 | MB 28/28
  cert | viol 0.000 | dV -0.237431 | V 0.2691 | inball 0.459 | a*_q05 0.00673 | a*_q50 0.03525 | dV>=0 0.000 | n=150 | a_used 0.00256 -> 0.00263
[Episode 167/400] Steps: 720 | Reward:  258.46 | Battery:  69.35% | Loss: 0.0513
Placing Sensors
[Episode 168/400] Steps: 720 | Reward:  231.83 | Battery:  70.34% | Loss: 
Placing Sensors
Policy -0.0008 | Value 84.4932 | KL 0.00827 | CF 0.1095 | Std 0.1096 | |a| 0.0226 | EV +0.771 | Rsd 28.405 | Res 14.365 | AE nan | Alpha 0.0202 | MB 24/24
  cert | viol 0.087 | dV -0.292444 | V 0.3891 | inball 0.459 | a*_q05 0.00141 | a*_q50 0.02608 | dV>=0 0.018 | n=150 | a_used 0.00263 -> 0.00254
[Episode 169/400] Steps: 720 | Reward:  278.17 | Battery:  82.72% | Loss: 0.0101
Placing Sensors
[Episode 170/400] Steps: 720 | Reward:  240.68 | Battery:  65.51% | Loss: 
Placing Sensors
Policy -0.0052 | Value 92.4898 | KL 0.00805 | CF 0.0988 | Std 0.1096 | |a| 0.0220 | EV +0.800 | Rsd 31.465 | Res 14.187 | AE nan | Alpha 0.0187 | MB 24/24
  cert | viol 0.189 | dV -0.234900 | V 0.3306 | inball 0.351 | a*_q05 -0.01268 | a*_q50 0.01562 | dV>=0 0.148 | n=150 | a_used 0.00254 -> 0.00241
[Episode 171/400] Steps: 720 | Reward:  162.76 | Battery:  53.15% | Loss: 0.0493
Placing Sensors
[Episode 172/400] Steps: 720 | Reward:  201.80 | Battery:  59.03% | Loss: 
Placing Sensors
Policy -0.0002 | Value 67.9314 | KL 0.00781 | CF 0.1078 | Std 0.1096 | |a| 0.0263 | EV +0.826 | Rsd 27.834 | Res 11.822 | AE nan | Alpha 0.0173 | MB 24/24
  cert | viol 0.054 | dV -0.220022 | V 0.3097 | inball 0.408 | a*_q05 0.00274 | a*_q50 0.02080 | dV>=0 0.000 | n=150 | a_used 0.00241 -> 0.00237
[Episode 173/400] Steps: 720 | Reward:  247.32 | Battery:  74.14% | Loss: 0.0042
Placing Sensors
[Episode 174/400] Steps: 720 | Reward:  245.95 | Battery:  73.05% | Loss: 
Placing Sensors
Policy -0.0040 | Value 84.8306 | KL 0.00874 | CF 0.0995 | Std 0.1097 | |a| 0.0231 | EV +0.800 | Rsd 28.600 | Res 13.074 | AE nan | Alpha 0.0160 | MB 24/24
  cert | viol 0.072 | dV -0.262862 | V 0.3640 | inball 0.361 | a*_q05 0.00183 | a*_q50 0.02013 | dV>=0 0.022 | n=150 | a_used 0.00237 -> 0.00218
[Episode 175/400] Steps: 720 | Reward:  249.60 | Battery:  80.10% | Loss: 0.0681
Placing Sensors
[Episode 176/400] Steps: 720 | Reward:  189.07 | Battery:  50.73% | Loss: 
Placing Sensors
Policy -0.0036 | Value 110.9571 | KL 0.00892 | CF 0.1096 | Std 0.1096 | |a| 0.0284 | EV +0.827 | Rsd 34.979 | Res 14.740 | AE nan | Alpha 0.0148 | MB 24/24
  cert | viol 0.035 | dV -0.270486 | V 0.3472 | inball 0.326 | a*_q05 0.00309 | a*_q50 0.02583 | dV>=0 0.018 | n=150 | a_used 0.00218 -> 0.00217
[Episode 177/400] Steps: 720 | Reward:  222.29 | Battery:  69.68% | Loss: 0.1077
Placing Sensors
[Episode 178/400] Steps:  96 | Reward:  -67.46 | Battery:   0.00% | Loss: 
Placing Sensors
[Episode 179/400] Steps: 101 | Reward:  -73.96 | Battery:   0.00% | Loss: 
Placing Sensors
[Episode 180/400] Steps: 720 | Reward:  212.26 | Battery:  72.41% | Loss: 
Placing Sensors
[Episode 181/400] Steps:  94 | Reward:  -63.41 | Battery:   0.00% | Loss: 
Placing Sensors
Policy 0.0024 | Value 84.1051 | KL 0.01328 | CF 0.1678 | Std 0.1096 | |a| 0.0261 | EV +0.817 | Rsd 32.944 | Res 14.416 | AE nan | Alpha 0.0135 | MB 28/28
  cert | viol 0.104 | dV -0.202831 | V 0.3009 | inball 0.337 | a*_q05 0.00061 | a*_q50 0.02019 | dV>=0 0.034 | n=150 | a_used 0.00217 -> 0.00221
[Episode 182/400] Steps: 720 | Reward:  227.78 | Battery:  59.54% | Loss: 0.0842
Placing Sensors
[Episode 183/400] Steps:  89 | Reward:  -53.23 | Battery:   0.00% | Loss: 
Placing Sensors
[Episode 184/400] Steps:  82 | Reward:  -62.11 | Battery:   0.00% | Loss: 
Placing Sensors
[Episode 185/400] Steps: 720 | Reward:  176.80 | Battery:  54.95% | Loss: 
Placing Sensors
[Episode 186/400] Steps: 120 | Reward:  -68.68 | Battery:   0.00% | Loss: 
Placing Sensors
[Episode 187/400] Steps:  91 | Reward:  -61.49 | Battery:   0.00% | Loss: 
Placing Sensors
[Episode 188/400] Steps: 116 | Reward:  -51.58 | Battery:   0.00% | Loss: 
Placing Sensors
[Episode 189/400] Steps:  69 | Reward:  -63.50 | Battery:   0.00% | Loss: 
Placing Sensors
Policy -0.0018 | Value 201.9573 | KL 0.01098 | CF 0.1380 | Std 0.1097 | |a| 0.0360 | EV +0.592 | Rsd 31.418 | Res 21.216 | AE nan | Alpha 0.0125 | MB 24/24
  cert | viol 0.142 | dV -0.187345 | V 0.3382 | inball 0.142 | a*_q05 -0.00187 | a*_q50 0.01223 | dV>=0 0.101 | n=150 | a_used 0.00221 -> 0.00209
[Episode 190/400] Steps: 194 | Reward:  -37.47 | Battery:   0.00% | Loss: -0.0192
Placing Sensors
[Episode 191/400] Steps: 157 | Reward:  -61.22 | Battery:   0.00% | Loss: 
Placing Sensors
[Episode 192/400] Steps: 720 | Reward:  200.67 | Battery:  58.42% | Loss: 
Placing Sensors
[Episode 193/400] Steps: 129 | Reward:  -68.78 | Battery:   0.00% | Loss: 
Placing Sensors
Policy 0.0006 | Value 95.8667 | KL 0.00730 | CF 0.0900 | Std 0.1097 | |a| 0.0244 | EV +0.736 | Rsd 31.495 | Res 16.182 | AE nan | Alpha 0.0114 | MB 28/28
  cert | viol 0.044 | dV -0.243410 | V 0.2952 | inball 0.400 | a*_q05 0.00312 | a*_q50 0.02742 | dV>=0 0.019 | n=150 | a_used 0.00209 -> 0.00222
[Episode 194/400] Steps: 720 | Reward:  257.24 | Battery:  65.74% | Loss: 0.0501
Placing Sensors
[Episode 195/400] Steps: 101 | Reward:  -57.88 | Battery:   0.00% | Loss: 
Placing Sensors
[Episode 196/400] Steps: 720 | Reward:  176.27 | Battery:  52.86% | Loss: 
Placing Sensors
Policy 0.0120 | Value 166.3055 | KL 0.00889 | CF 0.1187 | Std 0.1097 | |a| 0.0247 | EV +0.840 | Rsd 32.181 | Res 13.049 | AE nan | Alpha 0.0105 | MB 28/28
  cert | viol 0.157 | dV -0.250870 | V 0.3916 | inball 0.325 | a*_q05 0.00067 | a*_q50 0.02093 | dV>=0 0.096 | n=150 | a_used 0.00222 -> 0.00222
[Episode 197/400] Steps: 720 | Reward:  211.50 | Battery:  64.79% | Loss: 0.6815
Placing Sensors
[Episode 198/400] Steps: 720 | Reward:  212.92 | Battery:  64.11% | Loss: 
Placing Sensors
Policy -0.0010 | Value 87.6326 | KL 0.00653 | CF 0.0817 | Std 0.1097 | |a| 0.0319 | EV +0.860 | Rsd 33.359 | Res 13.688 | AE nan | Alpha 0.0100 | MB 24/24
  cert | viol 0.086 | dV -0.253291 | V 0.3552 | inball 0.425 | a*_q05 -0.00110 | a*_q50 0.02667 | dV>=0 0.067 | n=150 | a_used 0.00222 -> 0.00211
[Episode 199/400] Steps: 720 | Reward:  192.95 | Battery:  60.68% | Loss: 0.1167
Placing Sensors
[Episode 200/400] Steps: 720 | Reward:  217.47 | Battery:  65.15% | Loss: 
Placing Sensors
[Episode 201/400] Steps:  81 | Reward:  -60.04 | Battery:   0.00% | Loss: 
Placing Sensors
Policy -0.0068 | Value 118.3020 | KL 0.00806 | CF 0.0927 | Std 0.1096 | |a| 0.0217 | EV +0.780 | Rsd 31.581 | Res 15.829 | AE nan | Alpha 0.0100 | MB 24/24
  cert | viol 0.167 | dV -0.245123 | V 0.4092 | inball 0.327 | a*_q05 -0.00023 | a*_q50 0.01888 | dV>=0 0.062 | n=150 | a_used 0.00211 -> 0.00200
[Episode 202/400] Steps: 720 | Reward:  228.17 | Battery:  71.00% | Loss: 0.0643
Placing Sensors
[Episode 203/400] Steps: 720 | Reward:  294.37 | Battery:  85.46% | Loss: 
Placing Sensors
Policy -0.0050 | Value 76.2905 | KL 0.00832 | CF 0.1107 | Std 0.1096 | |a| 0.0224 | EV +0.837 | Rsd 28.687 | Res 11.764 | AE nan | Alpha 0.0100 | MB 24/24
  cert | viol 0.000 | dV -0.238162 | V 0.2719 | inball 0.575 | a*_q05 0.00704 | a*_q50 0.03454 | dV>=0 0.000 | n=150 | a_used 0.00200 -> 0.00216
[Episode 204/400] Steps: 720 | Reward:  261.52 | Battery:  65.71% | Loss: 0.0926
Placing Sensors
[Episode 205/400] Steps: 720 | Reward:  216.25 | Battery:  60.91% | Loss: 
Placing Sensors
Policy -0.0066 | Value 76.8648 | KL 0.00758 | CF 0.0793 | Std 0.1096 | |a| 0.0311 | EV +0.881 | Rsd 35.876 | Res 12.639 | AE nan | Alpha 0.0100 | MB 24/24
  cert | viol 0.061 | dV -0.254515 | V 0.3679 | inball 0.345 | a*_q05 0.00183 | a*_q50 0.01989 | dV>=0 0.000 | n=150 | a_used 0.00216 -> 0.00217
[Episode 206/400] Steps: 720 | Reward:  212.82 | Battery:  62.95% | Loss: -0.0482
Placing Sensors
[Episode 207/400] Steps: 720 | Reward:  273.70 | Battery:  76.59% | Loss: 
Placing Sensors
Policy 0.0048 | Value 99.5702 | KL 0.00989 | CF 0.1157 | Std 0.1096 | |a| 0.0306 | EV +0.792 | Rsd 28.370 | Res 13.975 | AE nan | Alpha 0.0100 | MB 24/24
  cert | viol 0.017 | dV -0.265616 | V 0.3317 | inball 0.504 | a*_q05 0.00369 | a*_q50 0.02931 | dV>=0 0.000 | n=150 | a_used 0.00217 -> 0.00224
[Episode 208/400] Steps: 720 | Reward:  246.35 | Battery:  76.86% | Loss: 0.0281
Placing Sensors
[Episode 209/400] Steps: 720 | Reward:  256.50 | Battery:  66.17% | Loss: 
Placing Sensors
Policy -0.0056 | Value 72.3779 | KL 0.01046 | CF 0.1217 | Std 0.1096 | |a| 0.0242 | EV +0.862 | Rsd 31.157 | Res 11.802 | AE nan | Alpha 0.0100 | MB 24/24
  cert | viol 0.000 | dV -0.255142 | V 0.2933 | inball 0.538 | a*_q05 0.00686 | a*_q50 0.03436 | dV>=0 0.000 | n=150 | a_used 0.00224 -> 0.00239
[Episode 210/400] Steps: 720 | Reward:  255.05 | Battery:  71.19% | Loss: 0.0094
Placing Sensors
[Episode 211/400] Steps: 720 | Reward:  255.73 | Battery:  70.50% | Loss: 
Placing Sensors
Policy -0.0030 | Value 114.5729 | KL 0.00857 | CF 0.1027 | Std 0.1096 | |a| 0.0237 | EV +0.859 | Rsd 32.414 | Res 12.600 | AE nan | Alpha 0.0100 | MB 24/24
  cert | viol 0.025 | dV -0.278201 | V 0.3328 | inball 0.506 | a*_q05 0.00498 | a*_q50 0.03062 | dV>=0 0.007 | n=150 | a_used 0.00239 -> 0.00251
[Episode 212/400] Steps: 720 | Reward:  223.24 | Battery:  64.59% | Loss: 0.0702
Placing Sensors
[Episode 213/400] Steps: 720 | Reward:  210.95 | Battery:  59.41% | Loss: 
Placing Sensors
Policy -0.0039 | Value 83.1349 | KL 0.01065 | CF 0.1251 | Std 0.1096 | |a| 0.0292 | EV +0.845 | Rsd 30.214 | Res 12.214 | AE nan | Alpha 0.0100 | MB 24/24
  cert | viol 0.002 | dV -0.266960 | V 0.3150 | inball 0.396 | a*_q05 0.00590 | a*_q50 0.02725 | dV>=0 0.000 | n=150 | a_used 0.00251 -> 0.00262
[Episode 214/400] Steps: 720 | Reward:  201.27 | Battery:  56.51% | Loss: 0.1083
Placing Sensors
[Episode 215/400] Steps:  87 | Reward:  -53.27 | Battery:   0.00% | Loss: 
Placing Sensors
[Episode 216/400] Steps: 720 | Reward:  221.93 | Battery:  65.60% | Loss: 
Placing Sensors
Policy -0.0098 | Value 97.2406 | KL 0.01159 | CF 0.1442 | Std 0.1096 | |a| 0.0349 | EV +0.763 | Rsd 29.940 | Res 14.598 | AE nan | Alpha 0.0100 | MB 24/24
  cert | viol 0.088 | dV -0.215657 | V 0.3170 | inball 0.303 | a*_q05 0.00156 | a*_q50 0.02115 | dV>=0 0.027 | n=150 | a_used 0.00262 -> 0.00256
[Episode 217/400] Steps: 720 | Reward:  155.20 | Battery:  51.91% | Loss: 0.0695
Placing Sensors
[Episode 218/400] Steps: 720 | Reward:  246.22 | Battery:  67.71% | Loss: 
Placing Sensors
Policy -0.0010 | Value 80.1171 | KL 0.01646 | CF 0.2007 | Std 0.1096 | |a| 0.0312 | EV +0.823 | Rsd 29.186 | Res 12.525 | AE nan | Alpha 0.0100 | MB 24/24
  cert | viol 0.075 | dV -0.243958 | V 0.3169 | inball 0.531 | a*_q05 0.00109 | a*_q50 0.03148 | dV>=0 0.051 | n=150 | a_used 0.00256 -> 0.00243
[Episode 219/400] Steps: 720 | Reward:  293.29 | Battery:  77.13% | Loss: -0.0510
Placing Sensors
[Episode 220/400] Steps: 720 | Reward:  207.42 | Battery:  64.52% | Loss: 
Placing Sensors
Policy -0.0066 | Value 63.8174 | KL 0.01445 | CF 0.1849 | Std 0.1095 | |a| 0.0262 | EV +0.915 | Rsd 33.989 | Res 10.086 | AE nan | Alpha 0.0100 | MB 24/24
  cert | viol 0.038 | dV -0.206654 | V 0.2706 | inball 0.445 | a*_q05 0.00368 | a*_q50 0.02516 | dV>=0 0.000 | n=150 | a_used 0.00243 -> 0.00250
[Episode 221/400] Steps: 720 | Reward:  231.93 | Battery:  60.08% | Loss: -0.0933
Placing Sensors
[Episode 222/400] Steps: 720 | Reward:  257.89 | Battery:  73.99% | Loss: 
Placing Sensors
Policy -0.0015 | Value 85.2193 | KL 0.00781 | CF 0.1023 | Std 0.1095 | |a| 0.0319 | EV +0.897 | Rsd 34.296 | Res 11.353 | AE nan | Alpha 0.0100 | MB 24/24
  cert | viol 0.017 | dV -0.310248 | V 0.3957 | inball 0.421 | a*_q05 0.00426 | a*_q50 0.02436 | dV>=0 0.000 | n=150 | a_used 0.00250 -> 0.00258
[Episode 223/400] Steps: 720 | Reward:  230.77 | Battery:  69.02% | Loss: -0.0022
Placing Sensors
[Episode 224/400] Steps: 720 | Reward:  270.86 | Battery:  74.12% | Loss: 
Placing Sensors
Policy -0.0036 | Value 90.9067 | KL 0.01178 | CF 0.1438 | Std 0.1095 | |a| 0.0273 | EV +0.851 | Rsd 30.417 | Res 12.036 | AE nan | Alpha 0.0100 | MB 24/24
  cert | viol 0.008 | dV -0.288352 | V 0.3319 | inball 0.547 | a*_q05 0.00590 | a*_q50 0.03217 | dV>=0 0.000 | n=150 | a_used 0.00258 -> 0.00261
[Episode 225/400] Steps: 720 | Reward:  259.08 | Battery:  69.34% | Loss: 0.0699
Placing Sensors
[Episode 226/400] Steps: 720 | Reward:  208.03 | Battery:  61.13% | Loss: 
Placing Sensors
Policy -0.0074 | Value 58.0409 | KL 0.01433 | CF 0.1812 | Std 0.1095 | |a| 0.0356 | EV +0.905 | Rsd 35.752 | Res 11.143 | AE nan | Alpha 0.0100 | MB 24/24
  cert | viol 0.030 | dV -0.206563 | V 0.2710 | inball 0.385 | a*_q05 0.00381 | a*_q50 0.02395 | dV>=0 0.000 | n=150 | a_used 0.00261 -> 0.00259
[Episode 227/400] Steps: 720 | Reward:  206.08 | Battery:  57.51% | Loss: 0.0818
Placing Sensors
[Episode 228/400] Steps: 720 | Reward:  218.18 | Battery:  70.09% | Loss: 
Placing Sensors
Policy -0.0005 | Value 65.5198 | KL 0.01519 | CF 0.1638 | Std 0.1095 | |a| 0.0491 | EV +0.874 | Rsd 31.873 | Res 11.327 | AE nan | Alpha 0.0100 | MB 24/24
  cert | viol 0.232 | dV -0.189653 | V 0.4055 | inball 0.268 | a*_q05 -0.00285 | a*_q50 0.01276 | dV>=0 0.174 | n=150 | a_used 0.00259 -> 0.00246
[Episode 229/400] Steps: 720 | Reward:  213.15 | Battery:  69.35% | Loss: -0.0314
Placing Sensors
[Episode 230/400] Steps: 720 | Reward:  237.88 | Battery:  60.84% | Loss: 
Placing Sensors
Policy -0.0037 | Value 97.5412 | KL 0.00958 | CF 0.1230 | Std 0.1095 | |a| 0.0392 | EV +0.876 | Rsd 35.278 | Res 12.563 | AE nan | Alpha 0.0100 | MB 24/24
  cert | viol 0.024 | dV -0.295231 | V 0.3463 | inball 0.523 | a*_q05 0.00538 | a*_q50 0.03382 | dV>=0 0.000 | n=150 | a_used 0.00246 -> 0.00263
[Episode 231/400] Steps: 720 | Reward:  275.50 | Battery:  81.61% | Loss: 0.0804
Placing Sensors
[Episode 232/400] Steps: 720 | Reward:  225.71 | Battery:  60.74% | Loss: 
Placing Sensors
Policy -0.0086 | Value 155.8568 | KL 0.01269 | CF 0.1488 | Std 0.1095 | |a| 0.0375 | EV +0.857 | Rsd 38.732 | Res 14.825 | AE nan | Alpha 0.0100 | MB 24/24
  cert | viol 0.026 | dV -0.297256 | V 0.3406 | inball 0.488 | a*_q05 0.00565 | a*_q50 0.03368 | dV>=0 0.000 | n=150 | a_used 0.00263 -> 0.00272
[Episode 233/400] Steps: 720 | Reward:  216.82 | Battery:  61.62% | Loss: -0.0493
Placing Sensors
[Episode 234/400] Steps:  92 | Reward:  -57.90 | Battery:   0.00% | Loss: 
Placing Sensors
[Episode 235/400] Steps: 720 | Reward:  241.72 | Battery:  68.64% | Loss: 
Placing Sensors
[Episode 236/400] Steps:  98 | Reward:  -62.06 | Battery:   0.00% | Loss: 
Placing Sensors
Policy 0.0015 | Value 145.4513 | KL 0.01890 | CF 0.1889 | Std 0.1095 | |a| 0.0469 | EV +0.771 | Rsd 37.001 | Res 18.838 | AE nan | Alpha 0.0100 | MB 28/28
  cert | viol 0.142 | dV -0.278251 | V 0.3876 | inball 0.442 | a*_q05 -0.00004 | a*_q50 0.02839 | dV>=0 0.061 | n=150 | a_used 0.00272 -> 0.00278
[Episode 237/400] Steps: 720 | Reward:  274.59 | Battery:  75.97% | Loss: -0.1222
Placing Sensors
[Episode 238/400] Steps: 720 | Reward:  260.72 | Battery:  70.78% | Loss: 
Placing Sensors
Policy 0.0088 | Value 282.0504 | KL 0.03505 | CF 0.2914 | Std 0.1095 | |a| 0.0319 | EV +0.856 | Rsd 33.562 | Res 12.810 | AE nan | Alpha 0.0100 | MB 12/24
  cert | viol 0.025 | dV -0.259175 | V 0.2946 | inball 0.591 | a*_q05 0.00608 | a*_q50 0.03655 | dV>=0 0.000 | n=150 | a_used 0.00278 -> 0.00284
[Episode 239/400] Steps: 720 | Reward:  297.47 | Battery:  79.88% | Loss: 0.1049
Placing Sensors
[Episode 240/400] Steps:  70 | Reward:  -58.84 | Battery:   0.00% | Loss: 
Placing Sensors
[Episode 241/400] Steps: 720 | Reward:  210.86 | Battery:  68.77% | Loss: 
Placing Sensors
[Episode 242/400] Steps:  76 | Reward:  -61.96 | Battery:   0.00% | Loss: 
Placing Sensors
Policy -0.0001 | Value 172.3896 | KL 0.02858 | CF 0.2473 | Std 0.1095 | |a| 0.0392 | EV +0.758 | Rsd 31.710 | Res 15.650 | AE nan | Alpha 0.0100 | MB 14/28
  cert | viol 0.086 | dV -0.221037 | V 0.3292 | inball 0.336 | a*_q05 0.00203 | a*_q50 0.01651 | dV>=0 0.000 | n=150 | a_used 0.00284 -> 0.00285
[Episode 243/400] Steps: 720 | Reward:  211.76 | Battery:  68.52% | Loss: 0.0124
Placing Sensors
[Episode 244/400] Steps: 720 | Reward:  247.01 | Battery:  67.35% | Loss: 
Placing Sensors
Policy -0.0076 | Value 80.0081 | KL 0.01336 | CF 0.1470 | Std 0.1095 | |a| 0.0292 | EV +0.857 | Rsd 28.781 | Res 10.907 | AE nan | Alpha 0.0100 | MB 24/24
  cert | viol 0.000 | dV -0.211657 | V 0.2329 | inball 0.555 | a*_q05 0.00918 | a*_q50 0.03152 | dV>=0 0.000 | n=150 | a_used 0.00285 -> 0.00303
[Episode 245/400] Steps: 720 | Reward:  277.93 | Battery:  82.55% | Loss: -0.1614
Placing Sensors
[Episode 246/400] Steps:  80 | Reward:  -54.73 | Battery:   0.00% | Loss: 
Placing Sensors
[Episode 247/400] Steps: 720 | Reward:  208.82 | Battery:  61.87% | Loss: 
Placing Sensors
Policy -0.0064 | Value 110.8603 | KL 0.01057 | CF 0.1184 | Std 0.1095 | |a| 0.0441 | EV +0.816 | Rsd 31.751 | Res 13.718 | AE nan | Alpha 0.0100 | MB 24/24
  cert | viol 0.083 | dV -0.208545 | V 0.3007 | inball 0.391 | a*_q05 0.00096 | a*_q50 0.02279 | dV>=0 0.042 | n=150 | a_used 0.00303 -> 0.00288
[Episode 248/400] Steps: 720 | Reward:  270.67 | Battery:  72.66% | Loss: 0.0879
Placing Sensors
[Episode 249/400] Steps: 720 | Reward:  227.32 | Battery:  60.19% | Loss: 
Placing Sensors
[Episode 250/400] Steps:  74 | Reward:  -65.76 | Battery:   0.00% | Loss: 
Placing Sensors
Policy -0.0080 | Value 83.7794 | KL 0.00956 | CF 0.1133 | Std 0.1095 | |a| 0.0308 | EV +0.879 | Rsd 33.984 | Res 12.066 | AE nan | Alpha 0.0100 | MB 24/24
  cert | viol 0.000 | dV -0.206936 | V 0.2477 | inball 0.477 | a*_q05 0.00488 | a*_q50 0.03079 | dV>=0 0.000 | n=150 | a_used 0.00288 -> 0.00292
[Episode 251/400] Steps: 720 | Reward:  267.81 | Battery:  76.84% | Loss: -0.0872
Placing Sensors
[Episode 252/400] Steps: 720 | Reward:  259.92 | Battery:  72.18% | Loss: 
Placing Sensors
Policy 0.0006 | Value 66.2494 | KL 0.02162 | CF 0.2026 | Std 0.1095 | |a| 0.0402 | EV +0.865 | Rsd 31.253 | Res 11.557 | AE nan | Alpha 0.0100 | MB 24/24
  cert | viol 0.002 | dV -0.240182 | V 0.2767 | inball 0.536 | a*_q05 0.00646 | a*_q50 0.02834 | dV>=0 0.000 | n=150 | a_used 0.00292 -> 0.00311
[Episode 253/400] Steps: 720 | Reward:  290.86 | Battery:  79.76% | Loss: 0.1804
Placing Sensors
[Episode 254/400] Steps: 130 | Reward:  -45.53 | Battery:   0.00% | Loss: 
Placing Sensors
[Episode 255/400] Steps: 720 | Reward:  170.47 | Battery:  55.27% | Loss: 
Placing Sensors
Policy 0.0056 | Value 97.9960 | KL 0.02164 | CF 0.1866 | Std 0.1095 | |a| 0.0357 | EV +0.834 | Rsd 34.557 | Res 14.173 | AE nan | Alpha 0.0100 | MB 21/28
  cert | viol 0.236 | dV -0.225819 | V 0.4015 | inball 0.321 | a*_q05 -0.00275 | a*_q50 0.02233 | dV>=0 0.142 | n=150 | a_used 0.00311 -> 0.00295
[Episode 256/400] Steps: 720 | Reward:  218.01 | Battery:  67.71% | Loss: 0.2875
Placing Sensors
[Episode 257/400] Steps: 720 | Reward:  233.38 | Battery:  66.64% | Loss: 
Placing Sensors
Policy -0.0071 | Value 55.8661 | KL 0.01163 | CF 0.1442 | Std 0.1094 | |a| 0.0285 | EV +0.889 | Rsd 33.145 | Res 11.081 | AE nan | Alpha 0.0100 | MB 24/24
  cert | viol 0.049 | dV -0.281919 | V 0.3285 | inball 0.575 | a*_q05 0.00400 | a*_q50 0.03551 | dV>=0 0.012 | n=150 | a_used 0.00295 -> 0.00301
[Episode 258/400] Steps: 720 | Reward:  310.37 | Battery:  85.49% | Loss: -0.0739
Placing Sensors
[Episode 259/400] Steps: 120 | Reward:  -57.11 | Battery:   0.00% | Loss: 
Placing Sensors
[Episode 260/400] Steps: 720 | Reward:  203.58 | Battery:  59.51% | Loss: 
Placing Sensors
Policy -0.0014 | Value 275.1021 | KL 0.02059 | CF 0.2081 | Std 0.1094 | |a| 0.0599 | EV +0.838 | Rsd 35.692 | Res 14.864 | AE nan | Alpha 0.0100 | MB 21/28
  cert | viol 0.193 | dV -0.265552 | V 0.3317 | inball 0.313 | a*_q05 -0.01440 | a*_q50 0.02654 | dV>=0 0.165 | n=150 | a_used 0.00301 -> 0.00286
[Episode 261/400] Steps: 720 | Reward:  200.26 | Battery:  55.23% | Loss: 0.0920
Placing Sensors
[Episode 262/400] Steps: 720 | Reward:  202.03 | Battery:  58.66% | Loss: 
Placing Sensors
Policy -0.0001 | Value 153.8014 | KL 0.02401 | CF 0.1804 | Std 0.1094 | |a| 0.0483 | EV +0.718 | Rsd 24.887 | Res 13.535 | AE nan | Alpha 0.0100 | MB 18/24
  cert | viol 0.127 | dV -0.217755 | V 0.2886 | inball 0.340 | a*_q05 -0.00255 | a*_q50 0.02238 | dV>=0 0.058 | n=150 | a_used 0.00286 -> 0.00278
[Episode 263/400] Steps: 720 | Reward:  188.63 | Battery:  62.44% | Loss: 0.0507
Placing Sensors
[Episode 264/400] Steps: 720 | Reward:  226.95 | Battery:  68.63% | Loss: 
Placing Sensors
Policy -0.0049 | Value 73.7952 | KL 0.01400 | CF 0.1517 | Std 0.1094 | |a| 0.0552 | EV +0.869 | Rsd 31.429 | Res 11.715 | AE nan | Alpha 0.0100 | MB 24/24
  cert | viol 0.163 | dV -0.268942 | V 0.3778 | inball 0.358 | a*_q05 -0.00378 | a*_q50 0.02100 | dV>=0 0.107 | n=150 | a_used 0.00278 -> 0.00264
[Episode 265/400] Steps: 720 | Reward:  215.23 | Battery:  68.31% | Loss: 0.0159
Placing Sensors
[Episode 266/400] Steps: 720 | Reward:  209.16 | Battery:  64.18% | Loss: 
Placing Sensors
Policy -0.0001 | Value 98.1869 | KL 0.01253 | CF 0.1489 | Std 0.1094 | |a| 0.0532 | EV +0.866 | Rsd 32.312 | Res 12.627 | AE nan | Alpha 0.0100 | MB 24/24
  cert | viol 0.119 | dV -0.264830 | V 0.2953 | inball 0.398 | a*_q05 -0.00575 | a*_q50 0.02954 | dV>=0 0.119 | n=150 | a_used 0.00264 -> 0.00251
[Episode 267/400] Steps: 720 | Reward:  233.93 | Battery:  67.30% | Loss: 0.1720
Placing Sensors
[Episode 268/400] Steps:  80 | Reward:  -56.98 | Battery:   0.00% | Loss: 
Placing Sensors
[Episode 269/400] Steps: 720 | Reward:  298.73 | Battery:  87.68% | Loss: 
Placing Sensors
Policy -0.0045 | Value 99.9950 | KL 0.01767 | CF 0.1874 | Std 0.1094 | |a| 0.0564 | EV +0.801 | Rsd 31.416 | Res 14.045 | AE nan | Alpha 0.0100 | MB 24/24
  cert | viol 0.118 | dV -0.214170 | V 0.3100 | inball 0.448 | a*_q05 -0.00002 | a*_q50 0.02785 | dV>=0 0.064 | n=150 | a_used 0.00251 -> 0.00238
[Episode 270/400] Steps: 720 | Reward:  170.63 | Battery:  39.23% | Loss: 0.1236
Placing Sensors
[Episode 271/400] Steps: 720 | Reward:  259.01 | Battery:  76.04% | Loss: 
Placing Sensors
Policy -0.0124 | Value 60.6427 | KL 0.01654 | CF 0.1945 | Std 0.1093 | |a| 0.0362 | EV +0.910 | Rsd 32.943 | Res 10.128 | AE nan | Alpha 0.0100 | MB 24/24
  cert | viol 0.039 | dV -0.257902 | V 0.3410 | inball 0.430 | a*_q05 0.00309 | a*_q50 0.02519 | dV>=0 0.008 | n=150 | a_used 0.00238 -> 0.00238
[Episode 272/400] Steps: 720 | Reward:  190.11 | Battery:  57.41% | Loss: 0.0106
Placing Sensors
[Episode 273/400] Steps: 720 | Reward:  257.08 | Battery:  75.27% | Loss: 
Placing Sensors
Policy -0.0042 | Value 62.0751 | KL 0.02002 | CF 0.2026 | Std 0.1093 | |a| 0.0317 | EV +0.859 | Rsd 27.662 | Res 10.472 | AE nan | Alpha 0.0100 | MB 24/24
  cert | viol 0.016 | dV -0.275045 | V 0.3296 | inball 0.539 | a*_q05 0.00529 | a*_q50 0.02833 | dV>=0 0.000 | n=150 | a_used 0.00238 -> 0.00249
[Episode 274/400] Steps: 720 | Reward:  301.75 | Battery:  87.13% | Loss: 0.0771
Placing Sensors
[Episode 275/400] Steps: 720 | Reward:  237.63 | Battery:  61.15% | Loss: 
Placing Sensors
Policy -0.0063 | Value 96.4587 | KL 0.00990 | CF 0.1230 | Std 0.1093 | |a| 0.0450 | EV +0.896 | Rsd 33.402 | Res 10.806 | AE nan | Alpha 0.0100 | MB 24/24
  cert | viol 0.073 | dV -0.244751 | V 0.3421 | inball 0.442 | a*_q05 0.00175 | a*_q50 0.02640 | dV>=0 0.023 | n=150 | a_used 0.00249 -> 0.00251
[Episode 276/400] Steps: 720 | Reward:  242.51 | Battery:  68.55% | Loss: 0.0435
Placing Sensors
[Episode 277/400] Steps: 720 | Reward:  217.15 | Battery:  52.12% | Loss: 
Placing Sensors
Policy 0.0012 | Value 81.2423 | KL 0.01707 | CF 0.1772 | Std 0.1094 | |a| 0.0605 | EV +0.923 | Rsd 36.526 | Res 10.239 | AE nan | Alpha 0.0100 | MB 24/24
  cert | viol 0.048 | dV -0.345035 | V 0.4196 | inball 0.489 | a*_q05 0.00295 | a*_q50 0.03232 | dV>=0 0.008 | n=150 | a_used 0.00251 -> 0.00256
[Episode 278/400] Steps: 720 | Reward:  270.28 | Battery:  79.52% | Loss: -0.0389
Placing Sensors
[Episode 279/400] Steps: 720 | Reward:  249.71 | Battery:  78.43% | Loss: 
Placing Sensors
Policy -0.0077 | Value 52.4862 | KL 0.01212 | CF 0.1373 | Std 0.1094 | |a| 0.0474 | EV +0.903 | Rsd 29.569 | Res 9.605 | AE nan | Alpha 0.0100 | MB 24/24
  cert | viol 0.051 | dV -0.216162 | V 0.2972 | inball 0.424 | a*_q05 0.00294 | a*_q50 0.01960 | dV>=0 0.000 | n=150 | a_used 0.00256 -> 0.00260
[Episode 280/400] Steps: 720 | Reward:  243.54 | Battery:  73.46% | Loss: 0.1553
Placing Sensors
[Episode 281/400] Steps:  78 | Reward:  -58.09 | Battery:   0.00% | Loss: 
Placing Sensors
[Episode 282/400] Steps: 720 | Reward:  281.23 | Battery:  78.83% | Loss: 
Placing Sensors
Policy 0.0268 | Value 121.4666 | KL 0.02603 | CF 0.1730 | Std 0.1094 | |a| 0.0331 | EV +0.871 | Rsd 33.998 | Res 12.285 | AE nan | Alpha 0.0100 | MB 12/24
  cert | viol 0.080 | dV -0.306897 | V 0.4065 | inball 0.491 | a*_q05 0.00168 | a*_q50 0.02676 | dV>=0 0.016 | n=150 | a_used 0.00260 -> 0.00248
[Episode 283/400] Steps: 720 | Reward:  276.73 | Battery:  79.80% | Loss: 0.0585
Placing Sensors
[Episode 284/400] Steps: 720 | Reward:  267.08 | Battery:  79.12% | Loss: 
Placing Sensors
[Episode 285/400] Steps:  97 | Reward:  -61.90 | Battery:   0.00% | Loss: 
Placing Sensors
Policy 0.0015 | Value 113.5332 | KL 0.01849 | CF 0.1530 | Std 0.1093 | |a| 0.0313 | EV +0.836 | Rsd 32.092 | Res 13.087 | AE nan | Alpha 0.0100 | MB 18/28
  cert | viol 0.054 | dV -0.246902 | V 0.3045 | inball 0.527 | a*_q05 0.00250 | a*_q50 0.03433 | dV>=0 0.021 | n=150 | a_used 0.00248 -> 0.00252
[Episode 286/400] Steps: 720 | Reward:  266.57 | Battery:  74.10% | Loss: 0.1133
Placing Sensors
[Episode 287/400] Steps: 720 | Reward:  190.71 | Battery:  55.96% | Loss: 
Placing Sensors
[Episode 288/400] Steps: 101 | Reward:  -59.54 | Battery:   0.00% | Loss: 
Placing Sensors
[Episode 289/400] Steps:  85 | Reward:  -66.88 | Battery:   0.00% | Loss: 
Placing Sensors
[Episode 290/400] Steps:  87 | Reward:  -58.52 | Battery:   0.00% | Loss: 
Placing Sensors
Policy -0.0090 | Value 123.3251 | KL 0.01514 | CF 0.1579 | Std 0.1093 | |a| 0.0476 | EV +0.848 | Rsd 35.426 | Res 13.973 | AE nan | Alpha 0.0100 | MB 28/28
  cert | viol 0.071 | dV -0.243157 | V 0.3559 | inball 0.310 | a*_q05 0.00220 | a*_q50 0.01896 | dV>=0 0.001 | n=150 | a_used 0.00252 -> 0.00248
[Episode 291/400] Steps: 720 | Reward:  217.35 | Battery:  68.21% | Loss: -0.0212
Placing Sensors
[Episode 292/400] Steps: 720 | Reward:  223.26 | Battery:  69.70% | Loss: 
Placing Sensors
Policy 0.0018 | Value 77.6184 | KL 0.01929 | CF 0.1556 | Std 0.1094 | |a| 0.0357 | EV +0.853 | Rsd 32.601 | Res 13.157 | AE nan | Alpha 0.0100 | MB 24/24
  cert | viol 0.045 | dV -0.233227 | V 0.3131 | inball 0.459 | a*_q05 0.00331 | a*_q50 0.02379 | dV>=0 0.008 | n=150 | a_used 0.00248 -> 0.00253
[Episode 293/400] Steps: 720 | Reward:  264.47 | Battery:  72.56% | Loss: 0.1391
Placing Sensors
[Episode 294/400] Steps: 720 | Reward:  188.61 | Battery:  57.54% | Loss: 
Placing Sensors
Policy -0.0110 | Value 73.2866 | KL 0.01362 | CF 0.1613 | Std 0.1093 | |a| 0.0393 | EV +0.907 | Rsd 37.361 | Res 11.516 | AE nan | Alpha 0.0100 | MB 24/24
  cert | viol 0.023 | dV -0.245808 | V 0.3336 | inball 0.297 | a*_q05 0.00375 | a*_q50 0.01945 | dV>=0 0.005 | n=150 | a_used 0.00253 -> 0.00262
[Episode 295/400] Steps: 720 | Reward:  211.99 | Battery:  67.81% | Loss: 0.0601
Placing Sensors
[Episode 296/400] Steps: 720 | Reward:  282.92 | Battery:  85.34% | Loss: 
Placing Sensors
Policy -0.0083 | Value 64.9525 | KL 0.01079 | CF 0.1252 | Std 0.1093 | |a| 0.0266 | EV +0.887 | Rsd 30.746 | Res 10.352 | AE nan | Alpha 0.0100 | MB 24/24
  cert | viol 0.101 | dV -0.294170 | V 0.3907 | inball 0.543 | a*_q05 0.00174 | a*_q50 0.02880 | dV>=0 0.000 | n=150 | a_used 0.00262 -> 0.00258
[Episode 297/400] Steps: 720 | Reward:  297.85 | Battery:  81.06% | Loss: 0.0938
Placing Sensors
[Episode 298/400] Steps: 720 | Reward:  286.01 | Battery:  80.32% | Loss: 
Placing Sensors
[Episode 299/400] Steps:  86 | Reward:  -64.70 | Battery:   0.00% | Loss: 
Placing Sensors
Policy -0.0062 | Value 63.1012 | KL 0.00925 | CF 0.1040 | Std 0.1093 | |a| 0.0292 | EV +0.870 | Rsd 31.515 | Res 11.568 | AE nan | Alpha 0.0100 | MB 24/24
  cert | viol 0.000 | dV -0.217429 | V 0.2352 | inball 0.587 | a*_q05 0.00973 | a*_q50 0.03838 | dV>=0 0.000 | n=150 | a_used 0.00258 -> 0.00276
[Episode 300/400] Steps: 720 | Reward:  296.95 | Battery:  76.23% | Loss: 0.0415
Placing Sensors
[Episode 301/400] Steps: 720 | Reward:  264.01 | Battery:  77.04% | Loss: 
Placing Sensors
Policy -0.0112 | Value 50.9332 | KL 0.01003 | CF 0.1096 | Std 0.1093 | |a| 0.0239 | EV +0.933 | Rsd 34.052 | Res 8.909 | AE nan | Alpha 0.0100 | MB 24/24
  cert | viol 0.060 | dV -0.261094 | V 0.3345 | inball 0.535 | a*_q05 0.00250 | a*_q50 0.03042 | dV>=0 0.019 | n=150 | a_used 0.00276 -> 0.00286
[Episode 302/400] Steps: 720 | Reward:  256.03 | Battery:  73.01% | Loss: 0.0313
Placing Sensors
[Episode 303/400] Steps: 720 | Reward:  270.60 | Battery:  74.28% | Loss: 
Placing Sensors
Policy -0.0065 | Value 64.1244 | KL 0.01545 | CF 0.1470 | Std 0.1093 | |a| 0.0270 | EV +0.932 | Rsd 37.750 | Res 9.824 | AE nan | Alpha 0.0100 | MB 24/24
  cert | viol 0.015 | dV -0.260989 | V 0.3147 | inball 0.448 | a*_q05 0.00521 | a*_q50 0.02928 | dV>=0 0.000 | n=150 | a_used 0.00286 -> 0.00302
[Episode 304/400] Steps: 720 | Reward:  168.30 | Battery:  46.71% | Loss: -0.1174
Placing Sensors
[Episode 305/400] Steps: 720 | Reward:  261.76 | Battery:  70.17% | Loss: 
Placing Sensors
Policy -0.0044 | Value 66.6602 | KL 0.01035 | CF 0.1184 | Std 0.1093 | |a| 0.0271 | EV +0.950 | Rsd 37.594 | Res 8.630 | AE nan | Alpha 0.0100 | MB 24/24
  cert | viol 0.000 | dV -0.287083 | V 0.3290 | inball 0.526 | a*_q05 0.00571 | a*_q50 0.03442 | dV>=0 0.000 | n=150 | a_used 0.00302 -> 0.00309
[Episode 306/400] Steps: 720 | Reward:  242.15 | Battery:  72.58% | Loss: 0.0258
Placing Sensors
[Episode 307/400] Steps: 720 | Reward:  234.52 | Battery:  65.00% | Loss: 
Placing Sensors
Policy -0.0099 | Value 58.2761 | KL 0.00730 | CF 0.0868 | Std 0.1093 | |a| 0.0395 | EV +0.941 | Rsd 38.129 | Res 9.791 | AE nan | Alpha 0.0100 | MB 24/24
  cert | viol 0.072 | dV -0.314438 | V 0.4036 | inball 0.489 | a*_q05 0.00170 | a*_q50 0.03075 | dV>=0 0.037 | n=150 | a_used 0.00309 -> 0.00287
[Episode 308/400] Steps: 720 | Reward:  253.83 | Battery:  72.77% | Loss: -0.0652
Placing Sensors
[Episode 309/400] Steps: 720 | Reward:  312.22 | Battery:  78.04% | Loss: 
Placing Sensors
Policy -0.0056 | Value 53.2401 | KL 0.00965 | CF 0.1102 | Std 0.1093 | |a| 0.0447 | EV +0.914 | Rsd 37.669 | Res 11.260 | AE nan | Alpha 0.0100 | MB 24/24
  cert | viol 0.030 | dV -0.291448 | V 0.3540 | inball 0.529 | a*_q05 0.00473 | a*_q50 0.03553 | dV>=0 0.000 | n=150 | a_used 0.00287 -> 0.00288
[Episode 310/400] Steps: 720 | Reward:  215.24 | Battery:  64.56% | Loss: -0.0142
Placing Sensors
[Episode 311/400] Steps: 720 | Reward:  269.31 | Battery:  75.30% | Loss: 
Placing Sensors
Policy -0.0091 | Value 39.5259 | KL 0.00850 | CF 0.1080 | Std 0.1093 | |a| 0.0297 | EV +0.960 | Rsd 34.009 | Res 6.774 | AE nan | Alpha 0.0100 | MB 24/24
  cert | viol 0.015 | dV -0.235718 | V 0.2739 | inball 0.576 | a*_q05 0.00504 | a*_q50 0.03236 | dV>=0 0.000 | n=150 | a_used 0.00288 -> 0.00299
[Episode 312/400] Steps: 720 | Reward:  259.12 | Battery:  76.20% | Loss: 0.0058
Placing Sensors
[Episode 313/400] Steps: 720 | Reward:  271.59 | Battery:  77.87% | Loss: 
Placing Sensors
Policy -0.0070 | Value 23.3116 | KL 0.00818 | CF 0.0941 | Std 0.1093 | |a| 0.0330 | EV +0.970 | Rsd 34.556 | Res 6.054 | AE nan | Alpha 0.0100 | MB 24/24
  cert | viol 0.008 | dV -0.247570 | V 0.2973 | inball 0.530 | a*_q05 0.00552 | a*_q50 0.02905 | dV>=0 0.000 | n=150 | a_used 0.00299 -> 0.00311
[Episode 314/400] Steps: 720 | Reward:  255.42 | Battery:  74.46% | Loss: 0.0863
Placing Sensors
[Episode 315/400] Steps: 720 | Reward:  236.68 | Battery:  63.60% | Loss: 
Placing Sensors
Policy -0.0095 | Value 52.0206 | KL 0.01148 | CF 0.1214 | Std 0.1093 | |a| 0.0293 | EV +0.944 | Rsd 30.952 | Res 7.484 | AE nan | Alpha 0.0100 | MB 24/24
  cert | viol 0.024 | dV -0.244670 | V 0.2802 | inball 0.577 | a*_q05 0.00592 | a*_q50 0.03612 | dV>=0 0.000 | n=150 | a_used 0.00311 -> 0.00324
[Episode 316/400] Steps: 720 | Reward:  322.35 | Battery:  88.96% | Loss: -0.0768
Placing Sensors
[Episode 317/400] Steps: 720 | Reward:  282.08 | Battery:  76.05% | Loss: 
Placing Sensors
Policy -0.0074 | Value 37.8849 | KL 0.01474 | CF 0.1502 | Std 0.1093 | |a| 0.0381 | EV +0.940 | Rsd 35.260 | Res 8.631 | AE nan | Alpha 0.0100 | MB 24/24
  cert | viol 0.050 | dV -0.270143 | V 0.3265 | inball 0.551 | a*_q05 0.00349 | a*_q50 0.03190 | dV>=0 0.000 | n=150 | a_used 0.00324 -> 0.00329
[Episode 318/400] Steps: 720 | Reward:  258.50 | Battery:  69.95% | Loss: 0.0071
Placing Sensors
[Episode 319/400] Steps: 720 | Reward:  237.62 | Battery:  68.89% | Loss: 
Placing Sensors
Policy -0.0085 | Value 41.4328 | KL 0.01286 | CF 0.1341 | Std 0.1092 | |a| 0.0363 | EV +0.956 | Rsd 36.179 | Res 7.571 | AE nan | Alpha 0.0100 | MB 24/24
  cert | viol 0.053 | dV -0.210770 | V 0.2695 | inball 0.491 | a*_q05 0.00377 | a*_q50 0.02661 | dV>=0 0.000 | n=150 | a_used 0.00329 -> 0.00334
[Episode 320/400] Steps: 720 | Reward:  260.42 | Battery:  67.21% | Loss: -0.0079
Placing Sensors
[Episode 321/400] Steps: 720 | Reward:  258.09 | Battery:  71.12% | Loss: 
Placing Sensors
Policy -0.0088 | Value 27.6724 | KL 0.01074 | CF 0.1163 | Std 0.1092 | |a| 0.0305 | EV +0.961 | Rsd 33.395 | Res 6.616 | AE nan | Alpha 0.0100 | MB 24/24
  cert | viol 0.000 | dV -0.252862 | V 0.2783 | inball 0.583 | a*_q05 0.00864 | a*_q50 0.03469 | dV>=0 0.000 | n=150 | a_used 0.00334 -> 0.00352
[Episode 322/400] Steps: 720 | Reward:  313.11 | Battery:  80.03% | Loss: -0.0682
Placing Sensors
[Episode 323/400] Steps: 720 | Reward:  294.52 | Battery:  77.26% | Loss: 
Placing Sensors
Policy -0.0080 | Value 46.8568 | KL 0.00997 | CF 0.0918 | Std 0.1091 | |a| 0.0341 | EV +0.926 | Rsd 33.345 | Res 9.314 | AE nan | Alpha 0.0100 | MB 24/24
  cert | viol 0.000 | dV -0.263440 | V 0.2904 | inball 0.610 | a*_q05 0.00858 | a*_q50 0.03685 | dV>=0 0.000 | n=150 | a_used 0.00352 -> 0.00364
[Episode 324/400] Steps: 720 | Reward:  283.57 | Battery:  82.52% | Loss: 0.0593
Placing Sensors
[Episode 325/400] Steps: 720 | Reward:  279.86 | Battery:  81.40% | Loss: 
Placing Sensors
Policy -0.0116 | Value 44.8544 | KL 0.01343 | CF 0.1439 | Std 0.1091 | |a| 0.0400 | EV +0.946 | Rsd 30.971 | Res 8.353 | AE nan | Alpha 0.0100 | MB 24/24
  cert | viol 0.048 | dV -0.275289 | V 0.3265 | inball 0.551 | a*_q05 0.00453 | a*_q50 0.03035 | dV>=0 0.000 | n=150 | a_used 0.00364 -> 0.00375
[Episode 326/400] Steps: 720 | Reward:  283.59 | Battery:  82.91% | Loss: 0.0387
Placing Sensors
[Episode 327/400] Steps: 720 | Reward:  297.08 | Battery:  81.72% | Loss: 
Placing Sensors
[Episode 328/400] Steps:  74 | Reward:  -68.29 | Battery:   0.00% | Loss: 
Placing Sensors
Policy -0.0100 | Value 55.9524 | KL 0.01569 | CF 0.1649 | Std 0.1091 | |a| 0.0322 | EV +0.915 | Rsd 32.022 | Res 9.333 | AE nan | Alpha 0.0100 | MB 24/24
  cert | viol 0.000 | dV -0.231200 | V 0.2478 | inball 0.597 | a*_q05 0.01101 | a*_q50 0.03246 | dV>=0 0.000 | n=150 | a_used 0.00375 -> 0.00394
[Episode 329/400] Steps: 720 | Reward:  323.44 | Battery:  83.16% | Loss: -0.0607
Placing Sensors
[Episode 330/400] Steps: 720 | Reward:  190.10 | Battery:  60.30% | Loss: 
Placing Sensors
Policy -0.0053 | Value 43.2677 | KL 0.00914 | CF 0.1113 | Std 0.1091 | |a| 0.0411 | EV +0.943 | Rsd 35.190 | Res 8.462 | AE nan | Alpha 0.0100 | MB 24/24
  cert | viol 0.095 | dV -0.245574 | V 0.3161 | inball 0.439 | a*_q05 0.00256 | a*_q50 0.02191 | dV>=0 0.000 | n=150 | a_used 0.00394 -> 0.00377
[Episode 331/400] Steps: 720 | Reward:  283.88 | Battery:  77.89% | Loss: 0.0131
Placing Sensors
[Episode 332/400] Steps: 720 | Reward:  264.99 | Battery:  75.15% | Loss: 
Placing Sensors
Policy -0.0060 | Value 34.7842 | KL 0.01185 | CF 0.1147 | Std 0.1091 | |a| 0.0304 | EV +0.957 | Rsd 36.587 | Res 7.861 | AE nan | Alpha 0.0100 | MB 24/24
  cert | viol 0.165 | dV -0.288408 | V 0.4191 | inball 0.482 | a*_q05 -0.00043 | a*_q50 0.02496 | dV>=0 0.074 | n=150 | a_used 0.00377 -> 0.00358
[Episode 333/400] Steps: 720 | Reward:  258.76 | Battery:  74.37% | Loss: 0.1286
Placing Sensors
[Episode 334/400] Steps: 720 | Reward:  298.78 | Battery:  84.83% | Loss: 
Placing Sensors
Policy -0.0089 | Value 44.6316 | KL 0.01113 | CF 0.1051 | Std 0.1091 | |a| 0.0382 | EV +0.946 | Rsd 35.223 | Res 8.375 | AE nan | Alpha 0.0100 | MB 24/24
  cert | viol 0.000 | dV -0.232252 | V 0.2522 | inball 0.569 | a*_q05 0.01051 | a*_q50 0.03136 | dV>=0 0.000 | n=150 | a_used 0.00358 -> 0.00377
[Episode 335/400] Steps: 720 | Reward:  251.29 | Battery:  70.05% | Loss: -0.1093
Placing Sensors
[Episode 336/400] Steps: 720 | Reward:  227.15 | Battery:  64.89% | Loss: 
Placing Sensors
Policy 0.0008 | Value 44.7582 | KL 0.01537 | CF 0.1111 | Std 0.1091 | |a| 0.0317 | EV +0.954 | Rsd 37.353 | Res 8.092 | AE nan | Alpha 0.0100 | MB 24/24
  cert | viol 0.106 | dV -0.275093 | V 0.3578 | inball 0.543 | a*_q05 0.00114 | a*_q50 0.03225 | dV>=0 0.030 | n=150 | a_used 0.00377 -> 0.00322
[Episode 337/400] Steps: 720 | Reward:  281.53 | Battery:  78.30% | Loss: 0.0986
Placing Sensors
[Episode 338/400] Steps: 720 | Reward:  237.65 | Battery:  68.59% | Loss: 
Placing Sensors
Policy -0.0044 | Value 35.4747 | KL 0.01379 | CF 0.1392 | Std 0.1091 | |a| 0.0367 | EV +0.962 | Rsd 36.989 | Res 7.261 | AE nan | Alpha 0.0100 | MB 24/24
  cert | viol 0.000 | dV -0.235412 | V 0.2573 | inball 0.548 | a*_q05 0.00888 | a*_q50 0.03690 | dV>=0 0.000 | n=150 | a_used 0.00322 -> 0.00340
[Episode 339/400] Steps: 720 | Reward:  284.22 | Battery:  69.97% | Loss: -0.0076
Placing Sensors
[Episode 340/400] Steps: 720 | Reward:  250.46 | Battery:  67.06% | Loss: 
Placing Sensors
Policy -0.0090 | Value 45.4050 | KL 0.01382 | CF 0.1288 | Std 0.1091 | |a| 0.0344 | EV +0.954 | Rsd 39.496 | Res 8.521 | AE nan | Alpha 0.0100 | MB 24/24
  cert | viol 0.088 | dV -0.283091 | V 0.3727 | inball 0.465 | a*_q05 0.00164 | a*_q50 0.02903 | dV>=0 0.040 | n=150 | a_used 0.00340 -> 0.00339
[Episode 341/400] Steps: 720 | Reward:  243.98 | Battery:  70.58% | Loss: -0.0438
Placing Sensors
[Episode 342/400] Steps: 720 | Reward:  288.44 | Battery:  82.16% | Loss: 
Placing Sensors
Policy -0.0051 | Value 58.0128 | KL 0.01249 | CF 0.1029 | Std 0.1090 | |a| 0.0369 | EV +0.946 | Rsd 34.456 | Res 8.099 | AE nan | Alpha 0.0100 | MB 24/24
  cert | viol 0.021 | dV -0.251941 | V 0.3107 | inball 0.507 | a*_q05 0.00446 | a*_q50 0.02918 | dV>=0 0.000 | n=150 | a_used 0.00339 -> 0.00340
[Episode 343/400] Steps: 720 | Reward:  246.41 | Battery:  67.14% | Loss: 0.1012
Placing Sensors
[Episode 344/400] Steps: 720 | Reward:  321.69 | Battery:  81.98% | Loss: 
Placing Sensors
Policy -0.0095 | Value 47.2165 | KL 0.01242 | CF 0.1349 | Std 0.1090 | |a| 0.0365 | EV +0.961 | Rsd 35.506 | Res 7.477 | AE nan | Alpha 0.0100 | MB 24/24
  cert | viol 0.035 | dV -0.317795 | V 0.3708 | inball 0.573 | a*_q05 0.00471 | a*_q50 0.03676 | dV>=0 0.000 | n=150 | a_used 0.00340 -> 0.00346
[Episode 345/400] Steps: 720 | Reward:  255.84 | Battery:  67.27% | Loss: -0.1137
Placing Sensors
[Episode 346/400] Steps: 720 | Reward:  222.38 | Battery:  67.49% | Loss: 
Placing Sensors
Policy -0.0081 | Value 33.2628 | KL 0.01528 | CF 0.1634 | Std 0.1090 | |a| 0.0357 | EV +0.965 | Rsd 37.029 | Res 7.118 | AE nan | Alpha 0.0100 | MB 24/24
  cert | viol 0.104 | dV -0.238211 | V 0.3296 | inball 0.470 | a*_q05 0.00191 | a*_q50 0.02611 | dV>=0 0.000 | n=150 | a_used 0.00346 -> 0.00328
[Episode 347/400] Steps: 720 | Reward:  274.29 | Battery:  76.27% | Loss: 0.1201
Placing Sensors
[Episode 348/400] Steps: 720 | Reward:  321.61 | Battery:  84.04% | Loss: 
Placing Sensors
Policy -0.0065 | Value 40.7826 | KL 0.01050 | CF 0.1237 | Std 0.1090 | |a| 0.0344 | EV +0.958 | Rsd 34.925 | Res 7.207 | AE nan | Alpha 0.0100 | MB 24/24
  cert | viol 0.000 | dV -0.256469 | V 0.2896 | inball 0.592 | a*_q05 0.00756 | a*_q50 0.03558 | dV>=0 0.000 | n=150 | a_used 0.00328 -> 0.00345
[Episode 349/400] Steps: 720 | Reward:  238.61 | Battery:  70.04% | Loss: 0.0576
Placing Sensors
[Episode 350/400] Steps: 720 | Reward:  235.11 | Battery:  58.90% | Loss: 
Placing Sensors
Policy -0.0161 | Value 45.8271 | KL 0.01500 | CF 0.1468 | Std 0.1090 | |a| 0.0437 | EV +0.959 | Rsd 39.630 | Res 7.996 | AE nan | Alpha 0.0100 | MB 24/24
  cert | viol 0.000 | dV -0.279324 | V 0.3088 | inball 0.544 | a*_q05 0.00786 | a*_q50 0.03841 | dV>=0 0.000 | n=150 | a_used 0.00345 -> 0.00360
[Episode 351/400] Steps: 720 | Reward:  275.05 | Battery:  72.68% | Loss: -0.0676
Placing Sensors
[Episode 352/400] Steps: 720 | Reward:  279.32 | Battery:  79.13% | Loss: 
Placing Sensors
Policy 0.0079 | Value 73.9305 | KL 0.02168 | CF 0.2125 | Std 0.1090 | |a| 0.0458 | EV +0.934 | Rsd 39.383 | Res 10.186 | AE nan | Alpha 0.0100 | MB 12/24
  cert | viol 0.040 | dV -0.281523 | V 0.3288 | inball 0.532 | a*_q05 0.00449 | a*_q50 0.03177 | dV>=0 0.000 | n=150 | a_used 0.00360 -> 0.00359
[Episode 353/400] Steps: 720 | Reward:  237.02 | Battery:  71.01% | Loss: 0.1297
Placing Sensors
[Episode 354/400] Steps: 720 | Reward:  298.60 | Battery:  85.04% | Loss: 
Placing Sensors
Policy -0.0090 | Value 36.7419 | KL 0.01355 | CF 0.1422 | Std 0.1090 | |a| 0.0431 | EV +0.952 | Rsd 33.269 | Res 7.669 | AE nan | Alpha 0.0100 | MB 24/24
  cert | viol 0.018 | dV -0.225673 | V 0.2690 | inball 0.568 | a*_q05 0.00489 | a*_q50 0.03399 | dV>=0 0.000 | n=150 | a_used 0.00359 -> 0.00359
[Episode 355/400] Steps: 720 | Reward:  234.44 | Battery:  64.59% | Loss: 0.0183
Placing Sensors
[Episode 356/400] Steps:  93 | Reward:  -61.67 | Battery:   0.00% | Loss: 
Placing Sensors
[Episode 357/400] Steps: 720 | Reward:  318.24 | Battery:  87.58% | Loss: 
Placing Sensors
Policy -0.0040 | Value 52.2959 | KL 0.01311 | CF 0.1584 | Std 0.1090 | |a| 0.0538 | EV +0.912 | Rsd 35.728 | Res 10.627 | AE nan | Alpha 0.0100 | MB 24/24
  cert | viol 0.000 | dV -0.256347 | V 0.2911 | inball 0.545 | a*_q05 0.00802 | a*_q50 0.03463 | dV>=0 0.000 | n=150 | a_used 0.00359 -> 0.00374
[Episode 358/400] Steps: 720 | Reward:  268.76 | Battery:  68.38% | Loss: -0.1343
Placing Sensors
[Episode 359/400] Steps: 103 | Reward:  -63.42 | Battery:   0.00% | Loss: 
Placing Sensors
[Episode 360/400] Steps: 720 | Reward:  241.64 | Battery:  78.74% | Loss: 
Placing Sensors
Policy 0.0028 | Value 120.6992 | KL 0.01907 | CF 0.1828 | Std 0.1090 | |a| 0.0480 | EV +0.845 | Rsd 34.441 | Res 13.630 | AE nan | Alpha 0.0100 | MB 28/28
  cert | viol 0.139 | dV -0.298426 | V 0.4184 | inball 0.457 | a*_q05 0.00237 | a*_q50 0.02706 | dV>=0 0.024 | n=150 | a_used 0.00374 -> 0.00375
[Episode 361/400] Steps: 720 | Reward:  314.26 | Battery:  82.68% | Loss: -0.0893
Placing Sensors
[Episode 362/400] Steps: 720 | Reward:  260.67 | Battery:  71.39% | Loss: 
Placing Sensors
Policy 0.0007 | Value 35.4336 | KL 0.01963 | CF 0.1465 | Std 0.1090 | |a| 0.0577 | EV +0.969 | Rsd 38.066 | Res 7.406 | AE nan | Alpha 0.0100 | MB 24/24
  cert | viol 0.023 | dV -0.248829 | V 0.2963 | inball 0.470 | a*_q05 0.00503 | a*_q50 0.03009 | dV>=0 0.000 | n=150 | a_used 0.00375 -> 0.00384
[Episode 363/400] Steps: 720 | Reward:  198.47 | Battery:  59.00% | Loss: -0.0363
Placing Sensors
[Episode 364/400] Steps: 720 | Reward:  241.46 | Battery:  59.06% | Loss: 
Placing Sensors
Policy -0.0100 | Value 25.1831 | KL 0.01219 | CF 0.1277 | Std 0.1090 | |a| 0.0366 | EV +0.962 | Rsd 32.310 | Res 6.493 | AE nan | Alpha 0.0100 | MB 24/24
  cert | viol 0.000 | dV -0.223818 | V 0.2370 | inball 0.589 | a*_q05 0.01129 | a*_q50 0.04081 | dV>=0 0.000 | n=150 | a_used 0.00384 -> 0.00402
[Episode 365/400] Steps: 720 | Reward:  304.46 | Battery:  77.71% | Loss: 0.0692
Placing Sensors
[Episode 366/400] Steps: 720 | Reward:  294.28 | Battery:  76.14% | Loss: 
Placing Sensors
Policy 0.0019 | Value 33.1028 | KL 0.01555 | CF 0.1658 | Std 0.1090 | |a| 0.0402 | EV +0.964 | Rsd 32.356 | Res 6.946 | AE nan | Alpha 0.0100 | MB 24/24
  cert | viol 0.000 | dV -0.227710 | V 0.2537 | inball 0.565 | a*_q05 0.00938 | a*_q50 0.03147 | dV>=0 0.000 | n=150 | a_used 0.00402 -> 0.00416
[Episode 367/400] Steps: 720 | Reward:  274.43 | Battery:  75.97% | Loss: -0.0293
Placing Sensors
[Episode 368/400] Steps: 720 | Reward:  293.05 | Battery:  83.95% | Loss: 
Placing Sensors
Policy -0.0074 | Value 39.6664 | KL 0.01137 | CF 0.1196 | Std 0.1090 | |a| 0.0364 | EV +0.957 | Rsd 35.299 | Res 7.651 | AE nan | Alpha 0.0100 | MB 24/24
  cert | viol 0.104 | dV -0.286801 | V 0.3761 | inball 0.517 | a*_q05 0.00239 | a*_q50 0.02883 | dV>=0 0.014 | n=150 | a_used 0.00416 -> 0.00408
[Episode 369/400] Steps: 720 | Reward:  236.94 | Battery:  68.01% | Loss: 0.1219
Placing Sensors
[Episode 370/400] Steps: 720 | Reward:  287.29 | Battery:  74.16% | Loss: 
Placing Sensors
Policy -0.0063 | Value 26.3219 | KL 0.01495 | CF 0.1486 | Std 0.1090 | |a| 0.0423 | EV +0.968 | Rsd 36.849 | Res 6.600 | AE nan | Alpha 0.0100 | MB 24/24
  cert | viol 0.000 | dV -0.243419 | V 0.2613 | inball 0.586 | a*_q05 0.00949 | a*_q50 0.03803 | dV>=0 0.000 | n=150 | a_used 0.00408 -> 0.00426
[Episode 371/400] Steps: 720 | Reward:  229.88 | Battery:  62.50% | Loss: 0.0471
Placing Sensors
[Episode 372/400] Steps: 720 | Reward:  313.54 | Battery:  80.71% | Loss: 
Placing Sensors
Policy -0.0099 | Value 33.6693 | KL 0.00914 | CF 0.0984 | Std 0.1090 | |a| 0.0395 | EV +0.962 | Rsd 34.766 | Res 6.837 | AE nan | Alpha 0.0100 | MB 24/24
  cert | viol 0.000 | dV -0.284700 | V 0.3000 | inball 0.633 | a*_q05 0.01149 | a*_q50 0.04104 | dV>=0 0.000 | n=150 | a_used 0.00426 -> 0.00445
[Episode 373/400] Steps: 720 | Reward:  313.35 | Battery:  80.26% | Loss: -0.1622
Placing Sensors
[Episode 374/400] Steps: 720 | Reward:  273.69 | Battery:  66.55% | Loss: 
Placing Sensors
Policy -0.0134 | Value 31.4895 | KL 0.01745 | CF 0.1126 | Std 0.1089 | |a| 0.0380 | EV +0.977 | Rsd 38.925 | Res 5.938 | AE nan | Alpha 0.0100 | MB 24/24
  cert | viol 0.018 | dV -0.299403 | V 0.3343 | inball 0.574 | a*_q05 0.00646 | a*_q50 0.03736 | dV>=0 0.000 | n=150 | a_used 0.00445 -> 0.00451
[Episode 375/400] Steps: 720 | Reward:  282.54 | Battery:  76.29% | Loss: 0.0989
Placing Sensors
[Episode 376/400] Steps: 720 | Reward:  251.60 | Battery:  71.12% | Loss: 
Placing Sensors
Policy -0.0149 | Value 39.4386 | KL 0.01246 | CF 0.1240 | Std 0.1089 | |a| 0.0368 | EV +0.967 | Rsd 36.129 | Res 6.544 | AE nan | Alpha 0.0100 | MB 24/24
  cert | viol 0.023 | dV -0.224890 | V 0.2445 | inball 0.643 | a*_q05 0.00779 | a*_q50 0.04054 | dV>=0 0.000 | n=150 | a_used 0.00451 -> 0.00470
[Episode 377/400] Steps: 720 | Reward:  334.22 | Battery:  85.10% | Loss: -0.0064
Placing Sensors
[Episode 378/400] Steps: 720 | Reward:  193.77 | Battery:  63.93% | Loss: 
Placing Sensors
[Episode 379/400] Steps:  77 | Reward:  -63.34 | Battery:   0.00% | Loss: 
Placing Sensors
Policy -0.0073 | Value 84.5757 | KL 0.01125 | CF 0.1080 | Std 0.1089 | |a| 0.0519 | EV +0.881 | Rsd 37.602 | Res 13.622 | AE nan | Alpha 0.0100 | MB 24/24
  cert | viol 0.246 | dV -0.213946 | V 0.3723 | inball 0.385 | a*_q05 -0.00235 | a*_q50 0.02251 | dV>=0 0.159 | n=150 | a_used 0.00470 -> 0.00446
[Episode 380/400] Steps: 720 | Reward:  304.15 | Battery:  77.15% | Loss: 0.0079
Placing Sensors
[Episode 381/400] Steps: 720 | Reward:  305.46 | Battery:  83.70% | Loss: 
Placing Sensors
Policy -0.0009 | Value 97.7068 | KL 0.01069 | CF 0.1089 | Std 0.1089 | |a| 0.0363 | EV +0.913 | Rsd 34.603 | Res 10.687 | AE nan | Alpha 0.0100 | MB 24/24
  cert | viol 0.024 | dV -0.282037 | V 0.3188 | inball 0.614 | a*_q05 0.00566 | a*_q50 0.03766 | dV>=0 0.000 | n=150 | a_used 0.00446 -> 0.00451
[Episode 382/400] Steps: 720 | Reward:  292.04 | Battery:  78.82% | Loss: 0.0239
Placing Sensors
[Episode 383/400] Steps:  77 | Reward:  -58.23 | Battery:   0.00% | Loss: 
Placing Sensors
[Episode 384/400] Steps: 720 | Reward:  303.60 | Battery:  78.12% | Loss: 
Placing Sensors
Policy -0.0102 | Value 64.6309 | KL 0.00954 | CF 0.1172 | Std 0.1089 | |a| 0.0429 | EV +0.924 | Rsd 40.123 | Res 12.377 | AE nan | Alpha 0.0100 | MB 24/24
  cert | viol 0.000 | dV -0.252699 | V 0.2706 | inball 0.562 | a*_q05 0.01048 | a*_q50 0.03912 | dV>=0 0.000 | n=150 | a_used 0.00451 -> 0.00469
[Episode 385/400] Steps: 720 | Reward:  263.92 | Battery:  61.72% | Loss: -0.0373
Placing Sensors
[Episode 386/400] Steps: 720 | Reward:  299.55 | Battery:  78.03% | Loss: 
Placing Sensors
Policy -0.0035 | Value 41.2289 | KL 0.01767 | CF 0.1536 | Std 0.1089 | |a| 0.0407 | EV +0.966 | Rsd 35.973 | Res 6.712 | AE nan | Alpha 0.0100 | MB 24/24
  cert | viol 0.017 | dV -0.245536 | V 0.2730 | inball 0.583 | a*_q05 0.00701 | a*_q50 0.03630 | dV>=0 0.000 | n=150 | a_used 0.00469 -> 0.00472
[Episode 387/400] Steps: 720 | Reward:  268.66 | Battery:  76.20% | Loss: 0.0586
Placing Sensors
[Episode 388/400] Steps: 720 | Reward:  264.93 | Battery:  70.74% | Loss: 
Placing Sensors
Policy -0.0083 | Value 52.8113 | KL 0.01033 | CF 0.1280 | Std 0.1088 | |a| 0.0362 | EV +0.966 | Rsd 37.613 | Res 6.948 | AE nan | Alpha 0.0100 | MB 24/24
  cert | viol 0.000 | dV -0.258508 | V 0.2808 | inball 0.571 | a*_q05 0.00963 | a*_q50 0.03732 | dV>=0 0.000 | n=150 | a_used 0.00472 -> 0.00490
[Episode 389/400] Steps: 720 | Reward:  289.65 | Battery:  80.95% | Loss: 0.0143
Placing Sensors
[Episode 390/400] Steps:  79 | Reward:  -56.10 | Battery:   0.00% | Loss: 
Placing Sensors
[Episode 391/400] Steps: 163 | Reward:  -42.40 | Battery:   0.00% | Loss: 
Placing Sensors
[Episode 392/400] Steps: 720 | Reward:  252.24 | Battery:  71.35% | Loss: 
Placing Sensors
Policy -0.0036 | Value 95.2093 | KL 0.01571 | CF 0.1534 | Std 0.1088 | |a| 0.0405 | EV +0.838 | Rsd 36.035 | Res 16.188 | AE nan | Alpha 0.0100 | MB 28/28
  cert | viol 0.000 | dV -0.220705 | V 0.2439 | inball 0.509 | a*_q05 0.00840 | a*_q50 0.03603 | dV>=0 0.000 | n=150 | a_used 0.00490 -> 0.00506
[Episode 393/400] Steps: 720 | Reward:  276.20 | Battery:  74.67% | Loss: 0.0102
Placing Sensors
[Episode 394/400] Steps: 720 | Reward:  347.17 | Battery:  82.69% | Loss: 
Placing Sensors
Policy -0.0013 | Value 47.8042 | KL 0.01792 | CF 0.1525 | Std 0.1088 | |a| 0.0441 | EV +0.912 | Rsd 34.962 | Res 10.631 | AE nan | Alpha 0.0100 | MB 24/24
  cert | viol 0.000 | dV -0.259302 | V 0.2723 | inball 0.661 | a*_q05 0.01250 | a*_q50 0.04103 | dV>=0 0.000 | n=150 | a_used 0.00506 -> 0.00524
[Episode 395/400] Steps: 720 | Reward:  314.67 | Battery:  76.95% | Loss: 0.0327
Placing Sensors
[Episode 396/400] Steps: 720 | Reward:  280.50 | Battery:  74.29% | Loss: 
Placing Sensors
Policy -0.0048 | Value 43.9817 | KL 0.01554 | CF 0.1587 | Std 0.1088 | |a| 0.0415 | EV +0.949 | Rsd 34.827 | Res 7.888 | AE nan | Alpha 0.0100 | MB 24/24
  cert | viol 0.016 | dV -0.210351 | V 0.2426 | inball 0.582 | a*_q05 0.00762 | a*_q50 0.03292 | dV>=0 0.000 | n=150 | a_used 0.00524 -> 0.00535
[Episode 397/400] Steps: 720 | Reward:  272.70 | Battery:  80.13% | Loss: 0.0176
Placing Sensors
[Episode 398/400] Steps: 720 | Reward:  281.61 | Battery:  74.78% | Loss: 
Placing Sensors
Policy -0.0062 | Value 50.7856 | KL 0.01473 | CF 0.1448 | Std 0.1088 | |a| 0.0477 | EV +0.948 | Rsd 37.380 | Res 8.511 | AE nan | Alpha 0.0100 | MB 24/24
  cert | viol 0.034 | dV -0.207161 | V 0.2259 | inball 0.631 | a*_q05 0.00770 | a*_q50 0.03915 | dV>=0 0.000 | n=150 | a_used 0.00535 -> 0.00536
[Episode 399/400] Steps: 720 | Reward:  272.27 | Battery:  73.13% | Loss: 0.0107
Placing Sensors
[Episode 400/400] Steps:  83 | Reward:  -53.78 | Battery:   0.00% | Loss: 
Placing Sensors
[Episode 401/400] Steps: 720 | Reward:  307.32 | Battery:  81.11% | Loss: 
Placing Sensors
Policy -0.0073 | Value 81.6249 | KL 0.01088 | CF 0.1045 | Std 0.1088 | |a| 0.0472 | EV +0.894 | Rsd 34.986 | Res 11.434 | AE nan | Alpha 0.0100 | MB 24/24
  cert | viol 0.033 | dV -0.280830 | V 0.3161 | inball 0.577 | a*_q05 0.00654 | a*_q50 0.03637 | dV>=0 0.000 | n=150 | a_used 0.00536 -> 0.00543
[Episode 402/400] Steps: 720 | Reward:  285.72 | Battery:  79.14% | Loss: -0.0522
Placing Sensors
[Episode 403/400] Steps: 720 | Reward:  274.13 | Battery:  83.88% | Loss: 
Placing Sensors
Policy -0.0106 | Value 45.8148 | KL 0.01831 | CF 0.1499 | Std 0.1088 | |a| 0.0428 | EV +0.893 | Rsd 27.364 | Res 9.705 | AE nan | Alpha 0.0100 | MB 24/24
  cert | viol 0.136 | dV -0.253352 | V 0.3317 | inball 0.565 | a*_q05 0.00280 | a*_q50 0.03019 | dV>=0 0.000 | n=150 | a_used 0.00543 -> 0.00528
[Episode 404/400] Steps: 720 | Reward:  307.38 | Battery:  82.05% | Loss: -0.0345
Placing Sensors
[Episode 405/400] Steps: 720 | Reward:  324.35 | Battery:  84.93% | Loss: 
Placing Sensors
Policy -0.0112 | Value 36.4150 | KL 0.01677 | CF 0.1253 | Std 0.1089 | |a| 0.0428 | EV +0.965 | Rsd 32.777 | Res 6.137 | AE nan | Alpha 0.0100 | MB 24/24
  cert | viol 0.000 | dV -0.213510 | V 0.2230 | inball 0.666 | a*_q05 0.01275 | a*_q50 0.04054 | dV>=0 0.000 | n=150 | a_used 0.00528 -> 0.00546
[Episode 406/400] Steps: 720 | Reward:  292.33 | Battery:  77.38% | Loss: -0.0547
Placing Sensors
[Episode 407/400] Steps: 720 | Reward:  278.63 | Battery:  77.80% | Loss: 
Placing Sensors
Policy -0.0022 | Value 25.5162 | KL 0.01649 | CF 0.1608 | Std 0.1089 | |a| 0.0478 | EV +0.973 | Rsd 34.001 | Res 5.794 | AE nan | Alpha 0.0100 | MB 24/24
  cert | viol 0.025 | dV -0.248630 | V 0.2760 | inball 0.609 | a*_q05 0.00784 | a*_q50 0.03569 | dV>=0 0.000 | n=150 | a_used 0.00546 -> 0.00562
[Episode 408/400] Steps: 720 | Reward:  292.68 | Battery:  78.17% | Loss: 0.1460
Placing Sensors
[Episode 409/400] Steps: 720 | Reward:  273.11 | Battery:  70.41% | Loss: 
Placing Sensors
[Episode 410/400] Steps:  79 | Reward:  -56.65 | Battery:   0.00% | Loss: 
Placing Sensors
Policy 0.0039 | Value 102.0632 | KL 0.02586 | CF 0.2200 | Std 0.1089 | |a| 0.0572 | EV +0.871 | Rsd 35.998 | Res 13.338 | AE nan | Alpha 0.0100 | MB 24/24
  cert | viol 0.034 | dV -0.297941 | V 0.3401 | inball 0.516 | a*_q05 0.00632 | a*_q50 0.03614 | dV>=0 0.000 | n=150 | a_used 0.00562 -> 0.00561
[Episode 411/400] Steps: 720 | Reward:  261.16 | Battery:  64.67% | Loss: -0.0601
Placing Sensors
[Episode 412/400] Steps: 720 | Reward:  275.67 | Battery:  74.60% | Loss: 
Placing Sensors
Policy -0.0051 | Value 54.3271 | KL 0.02135 | CF 0.1491 | Std 0.1088 | |a| 0.0519 | EV +0.950 | Rsd 35.785 | Res 8.166 | AE nan | Alpha 0.0100 | MB 24/24
  cert | viol 0.002 | dV -0.263671 | V 0.2932 | inball 0.547 | a*_q05 0.00870 | a*_q50 0.03383 | dV>=0 0.000 | n=150 | a_used 0.00561 -> 0.00573
[Episode 413/400] Steps: 720 | Reward:  231.08 | Battery:  64.54% | Loss: -0.0800
Placing Sensors
[Episode 414/400] Steps: 720 | Reward:  261.87 | Battery:  69.61% | Loss: 
Placing Sensors
Policy -0.0096 | Value 68.3289 | KL 0.01587 | CF 0.1629 | Std 0.1088 | |a| 0.0672 | EV +0.928 | Rsd 35.790 | Res 9.620 | AE nan | Alpha 0.0100 | MB 24/24
  cert | viol 0.049 | dV -0.215003 | V 0.2612 | inball 0.438 | a*_q05 0.00582 | a*_q50 0.02803 | dV>=0 0.000 | n=150 | a_used 0.00573 -> 0.00557
[Episode 415/400] Steps: 720 | Reward:  184.94 | Battery:  54.47% | Loss: 0.0828
Placing Sensors
[Episode 416/400] Steps: 720 | Reward:  290.77 | Battery:  81.16% | Loss: 
Placing Sensors
Policy -0.0090 | Value 26.5001 | KL 0.01255 | CF 0.1157 | Std 0.1088 | |a| 0.0411 | EV +0.977 | Rsd 37.762 | Res 5.887 | AE nan | Alpha 0.0100 | MB 24/24
  cert | viol 0.078 | dV -0.299528 | V 0.3459 | inball 0.581 | a*_q05 0.00485 | a*_q50 0.03599 | dV>=0 0.000 | n=150 | a_used 0.00557 -> 0.00557
[Episode 417/400] Steps: 720 | Reward:  281.15 | Battery:  69.60% | Loss: -0.0967
Placing Sensors
[Episode 418/400] Steps: 720 | Reward:  270.32 | Battery:  70.01% | Loss: 
Placing Sensors
Policy -0.0052 | Value 29.3158 | KL 0.00731 | CF 0.0798 | Std 0.1088 | |a| 0.0404 | EV +0.973 | Rsd 38.040 | Res 6.334 | AE nan | Alpha 0.0100 | MB 24/24
  cert | viol 0.014 | dV -0.234725 | V 0.2643 | inball 0.531 | a*_q05 0.00762 | a*_q50 0.03542 | dV>=0 0.000 | n=150 | a_used 0.00557 -> 0.00563
[Episode 419/400] Steps: 720 | Reward:  249.06 | Battery:  65.76% | Loss: 0.0801
Placing Sensors
[Episode 420/400] Steps: 720 | Reward:  258.36 | Battery:  74.59% | Loss: 
Placing Sensors
Policy -0.0049 | Value 48.0445 | KL 0.01193 | CF 0.1359 | Std 0.1088 | |a| 0.0623 | EV +0.945 | Rsd 36.740 | Res 8.699 | AE nan | Alpha 0.0100 | MB 24/24
  cert | viol 0.135 | dV -0.292008 | V 0.3708 | inball 0.396 | a*_q05 0.00244 | a*_q50 0.02582 | dV>=0 0.023 | n=150 | a_used 0.00563 -> 0.00518
[Episode 421/400] Steps: 720 | Reward:  179.86 | Battery:  53.25% | Loss: 0.1064
Placing Sensors
[Episode 422/400] Steps: 720 | Reward:  338.35 | Battery:  86.90% | Loss: 
Placing Sensors
Policy -0.0039 | Value 33.0716 | KL 0.00991 | CF 0.1154 | Std 0.1088 | |a| 0.0358 | EV +0.966 | Rsd 32.813 | Res 6.229 | AE nan | Alpha 0.0100 | MB 24/24
  cert | viol 0.023 | dV -0.218369 | V 0.2476 | inball 0.636 | a*_q05 0.00711 | a*_q50 0.03509 | dV>=0 0.000 | n=150 | a_used 0.00518 -> 0.00521
[Episode 423/400] Steps: 720 | Reward:  306.30 | Battery:  77.95% | Loss: -0.1899
Placing Sensors
[Episode 424/400] Steps: 720 | Reward:  314.52 | Battery:  80.37% | Loss: 
Placing Sensors
Policy -0.0019 | Value 36.8965 | KL 0.01975 | CF 0.1614 | Std 0.1088 | |a| 0.0393 | EV +0.964 | Rsd 39.129 | Res 7.564 | AE nan | Alpha 0.0100 | MB 24/24
  cert | viol 0.017 | dV -0.251259 | V 0.2761 | inball 0.615 | a*_q05 0.00848 | a*_q50 0.03949 | dV>=0 0.000 | n=150 | a_used 0.00521 -> 0.00538
[Episode 425/400] Steps: 720 | Reward:  264.68 | Battery:  70.90% | Loss: 0.0775
Placing Sensors
[Episode 426/400] Steps: 720 | Reward:  297.20 | Battery:  85.50% | Loss: 
Placing Sensors
[Episode 427/400] Steps:  72 | Reward:  -60.25 | Battery:   0.00% | Loss: 
Placing Sensors
Policy -0.0024 | Value 72.0408 | KL 0.01640 | CF 0.1755 | Std 0.1088 | |a| 0.0420 | EV +0.911 | Rsd 37.641 | Res 11.332 | AE nan | Alpha 0.0100 | MB 24/24
  cert | viol 0.154 | dV -0.293032 | V 0.3849 | inball 0.513 | a*_q05 0.00135 | a*_q50 0.03128 | dV>=0 0.041 | n=150 | a_used 0.00538 -> 0.00520
[Episode 428/400] Steps: 720 | Reward:  260.92 | Battery:  69.45% | Loss: 0.0424
Placing Sensors
[Episode 429/400] Steps: 720 | Reward:  306.68 | Battery:  74.14% | Loss: 
Placing Sensors
Policy -0.0085 | Value 39.9532 | KL 0.00792 | CF 0.0837 | Std 0.1088 | |a| 0.0455 | EV +0.969 | Rsd 40.543 | Res 7.177 | AE nan | Alpha 0.0100 | MB 24/24
  cert | viol 0.037 | dV -0.256122 | V 0.2807 | inball 0.608 | a*_q05 0.00735 | a*_q50 0.04028 | dV>=0 0.000 | n=150 | a_used 0.00520 -> 0.00537
[Episode 430/400] Steps: 720 | Reward:  268.71 | Battery:  74.28% | Loss: 0.1239
Placing Sensors
[Episode 431/400] Steps: 720 | Reward:  351.98 | Battery:  86.50% | Loss: 
Placing Sensors
Policy -0.0053 | Value 37.6442 | KL 0.01717 | CF 0.1187 | Std 0.1088 | |a| 0.0376 | EV +0.940 | Rsd 32.405 | Res 7.956 | AE nan | Alpha 0.0100 | MB 24/24
  cert | viol 0.000 | dV -0.198524 | V 0.2219 | inball 0.588 | a*_q05 0.00836 | a*_q50 0.03271 | dV>=0 0.000 | n=150 | a_used 0.00537 -> 0.00550
[Episode 432/400] Steps: 720 | Reward:  239.69 | Battery:  67.66% | Loss: -0.1489
Placing Sensors
[Episode 433/400] Steps: 720 | Reward:  311.17 | Battery:  80.83% | Loss: 
Placing Sensors
Policy -0.0121 | Value 46.2064 | KL 0.00976 | CF 0.1174 | Std 0.1088 | |a| 0.0393 | EV +0.968 | Rsd 38.309 | Res 6.954 | AE nan | Alpha 0.0100 | MB 24/24
  cert | viol 0.039 | dV -0.255559 | V 0.2887 | inball 0.596 | a*_q05 0.00665 | a*_q50 0.03522 | dV>=0 0.000 | n=150 | a_used 0.00550 -> 0.00563
[Episode 434/400] Steps: 720 | Reward:  279.17 | Battery:  72.88% | Loss: 0.0084
Placing Sensors
[Episode 435/400] Steps: 720 | Reward:  306.33 | Battery:  80.20% | Loss: 
Placing Sensors
Policy -0.0069 | Value 27.2064 | KL 0.01189 | CF 0.1066 | Std 0.1088 | |a| 0.0537 | EV +0.974 | Rsd 39.598 | Res 6.739 | AE nan | Alpha 0.0100 | MB 24/24
  cert | viol 0.017 | dV -0.274713 | V 0.2994 | inball 0.596 | a*_q05 0.00893 | a*_q50 0.03609 | dV>=0 0.000 | n=150 | a_used 0.00563 -> 0.00575
[Episode 436/400] Steps: 720 | Reward:  255.64 | Battery:  71.27% | Loss: -0.1196
Placing Sensors
[Episode 437/400] Steps: 720 | Reward:  259.29 | Battery:  72.76% | Loss: 
Placing Sensors
Policy -0.0115 | Value 24.4533 | KL 0.01804 | CF 0.1280 | Std 0.1087 | |a| 0.0399 | EV +0.970 | Rsd 35.434 | Res 6.388 | AE nan | Alpha 0.0100 | MB 24/24
  cert | viol 0.093 | dV -0.256154 | V 0.2999 | inball 0.557 | a*_q05 0.00470 | a*_q50 0.03314 | dV>=0 0.000 | n=150 | a_used 0.00575 -> 0.00564
[Episode 438/400] Steps: 720 | Reward:  267.75 | Battery:  80.54% | Loss: -0.0767
Placing Sensors
[Episode 439/400] Steps: 720 | Reward:  254.56 | Battery:  65.07% | Loss: 
Placing Sensors
Policy -0.0042 | Value 33.4939 | KL 0.01250 | CF 0.1079 | Std 0.1087 | |a| 0.0512 | EV +0.972 | Rsd 39.633 | Res 6.639 | AE nan | Alpha 0.0100 | MB 24/24
  cert | viol 0.000 | dV -0.243958 | V 0.2609 | inball 0.530 | a*_q05 0.01025 | a*_q50 0.03890 | dV>=0 0.000 | n=150 | a_used 0.00564 -> 0.00581
[Episode 440/400] Steps: 720 | Reward:  272.37 | Battery:  67.74% | Loss: 0.0586
Placing Sensors
[Episode 441/400] Steps: 720 | Reward:  299.41 | Battery:  78.87% | Loss: 
Placing Sensors
Policy -0.0059 | Value 27.0223 | KL 0.00915 | CF 0.0869 | Std 0.1087 | |a| 0.0443 | EV +0.979 | Rsd 38.259 | Res 5.839 | AE nan | Alpha 0.0100 | MB 24/24
  cert | viol 0.000 | dV -0.231134 | V 0.2413 | inball 0.618 | a*_q05 0.01296 | a*_q50 0.04045 | dV>=0 0.000 | n=150 | a_used 0.00581 -> 0.00597
[Episode 442/400] Steps: 720 | Reward:  232.70 | Battery:  62.20% | Loss: -0.0002
Placing Sensors
[Episode 443/400] Steps: 720 | Reward:  257.73 | Battery:  72.04% | Loss: 
Placing Sensors
Policy -0.0063 | Value 33.4149 | KL 0.01777 | CF 0.1869 | Std 0.1087 | |a| 0.0555 | EV +0.962 | Rsd 34.436 | Res 6.842 | AE nan | Alpha 0.0100 | MB 24/24
  cert | viol 0.096 | dV -0.275328 | V 0.3376 | inball 0.543 | a*_q05 0.00347 | a*_q50 0.03235 | dV>=0 0.017 | n=150 | a_used 0.00597 -> 0.00562
[Episode 444/400] Steps: 720 | Reward:  288.33 | Battery:  83.21% | Loss: 0.0421
Placing Sensors
[Episode 445/400] Steps: 720 | Reward:  251.29 | Battery:  71.39% | Loss: 
Placing Sensors
Policy -0.0070 | Value 25.2159 | KL 0.01438 | CF 0.1423 | Std 0.1087 | |a| 0.0596 | EV +0.970 | Rsd 38.074 | Res 7.075 | AE nan | Alpha 0.0100 | MB 24/24
  cert | viol 0.060 | dV -0.335337 | V 0.3970 | inball 0.480 | a*_q05 0.00559 | a*_q50 0.02850 | dV>=0 0.000 | n=150 | a_used 0.00562 -> 0.00565
[Episode 446/400] Steps: 720 | Reward:  276.88 | Battery:  78.71% | Loss: -0.0223
Placing Sensors
[Episode 447/400] Steps: 720 | Reward:  240.46 | Battery:  71.73% | Loss: 
Placing Sensors
Policy -0.0070 | Value 26.5449 | KL 0.00921 | CF 0.0959 | Std 0.1087 | |a| 0.0420 | EV +0.979 | Rsd 37.456 | Res 5.543 | AE nan | Alpha 0.0100 | MB 24/24
  cert | viol 0.104 | dV -0.302167 | V 0.3685 | inball 0.518 | a*_q05 0.00426 | a*_q50 0.03248 | dV>=0 0.000 | n=150 | a_used 0.00565 -> 0.00554
[Episode 448/400] Steps: 720 | Reward:  305.52 | Battery:  81.54% | Loss: 0.0975
Placing Sensors
[Episode 449/400] Steps: 720 | Reward:  288.81 | Battery:  77.13% | Loss: 
Placing Sensors
Policy -0.0079 | Value 28.8666 | KL 0.01160 | CF 0.1186 | Std 0.1087 | |a| 0.0428 | EV +0.967 | Rsd 34.634 | Res 6.329 | AE nan | Alpha 0.0100 | MB 24/24
  cert | viol 0.003 | dV -0.231628 | V 0.2463 | inball 0.637 | a*_q05 0.01070 | a*_q50 0.03966 | dV>=0 0.000 | n=150 | a_used 0.00554 -> 0.00570
[Episode 450/400] Steps: 720 | Reward:  283.59 | Battery:  72.94% | Loss: -0.0109
Placing Sensors
[Episode 451/400] Steps: 720 | Reward:  216.76 | Battery:  58.86% | Loss: 
Placing Sensors
Policy -0.0114 | Value 22.0463 | KL 0.00930 | CF 0.0777 | Std 0.1086 | |a| 0.0424 | EV +0.985 | Rsd 43.323 | Res 5.290 | AE nan | Alpha 0.0100 | MB 24/24
  cert | viol 0.015 | dV -0.246902 | V 0.2788 | inball 0.518 | a*_q05 0.00742 | a*_q50 0.03683 | dV>=0 0.000 | n=150 | a_used 0.00570 -> 0.00572
[Episode 452/400] Steps: 720 | Reward:  232.48 | Battery:  57.52% | Loss: -0.0893
Placing Sensors
[Episode 453/400] Steps: 720 | Reward:  265.17 | Battery:  73.43% | Loss: 
Placing Sensors
[Episode 454/400] Steps:  74 | Reward:  -58.72 | Battery:   0.00% | Loss: 
Placing Sensors
Policy -0.0125 | Value 71.8555 | KL 0.01389 | CF 0.1144 | Std 0.1086 | |a| 0.0570 | EV +0.918 | Rsd 37.062 | Res 10.878 | AE nan | Alpha 0.0100 | MB 24/24
  cert | viol 0.057 | dV -0.205502 | V 0.2416 | inball 0.474 | a*_q05 0.00594 | a*_q50 0.02907 | dV>=0 0.000 | n=150 | a_used 0.00572 -> 0.00568
[Episode 455/400] Steps: 720 | Reward:  214.62 | Battery:  62.46% | Loss: 0.0199
Placing Sensors
[Episode 456/400] Steps: 720 | Reward:  301.78 | Battery:  83.54% | Loss: 
Placing Sensors
Policy -0.0052 | Value 46.5268 | KL 0.00894 | CF 0.1067 | Std 0.1086 | |a| 0.0464 | EV +0.949 | Rsd 37.700 | Res 8.648 | AE nan | Alpha 0.0100 | MB 24/24
  cert | viol 0.041 | dV -0.308967 | V 0.3468 | inball 0.586 | a*_q05 0.00685 | a*_q50 0.03632 | dV>=0 0.000 | n=150 | a_used 0.00568 -> 0.00582
[Episode 457/400] Steps: 720 | Reward:  261.83 | Battery:  71.14% | Loss: 0.0723
Placing Sensors
[Episode 458/400] Steps: 720 | Reward:  304.42 | Battery:  79.60% | Loss: 
Placing Sensors
Policy -0.0080 | Value 44.5936 | KL 0.01158 | CF 0.1089 | Std 0.1086 | |a| 0.0466 | EV +0.960 | Rsd 34.600 | Res 7.117 | AE nan | Alpha 0.0100 | MB 24/24
  cert | viol 0.029 | dV -0.261576 | V 0.2988 | inball 0.604 | a*_q05 0.00704 | a*_q50 0.03447 | dV>=0 0.000 | n=150 | a_used 0.00582 -> 0.00585
[Episode 459/400] Steps: 720 | Reward:  296.04 | Battery:  85.01% | Loss: 0.0728
Placing Sensors
[Episode 460/400] Steps: 720 | Reward:  337.45 | Battery:  87.60% | Loss: 
Placing Sensors
Policy -0.0105 | Value 32.7269 | KL 0.00972 | CF 0.1127 | Std 0.1086 | |a| 0.0497 | EV +0.957 | Rsd 30.064 | Res 6.878 | AE nan | Alpha 0.0100 | MB 24/24
  cert | viol 0.000 | dV -0.274643 | V 0.2869 | inball 0.630 | a*_q05 0.01301 | a*_q50 0.04097 | dV>=0 0.000 | n=150 | a_used 0.00585 -> 0.00601
[Episode 461/400] Steps: 720 | Reward:  286.26 | Battery:  77.42% | Loss: -0.1278
Placing Sensors
[Episode 462/400] Steps: 720 | Reward:  276.83 | Battery:  69.84% | Loss: 
Placing Sensors
Policy -0.0106 | Value 65.3037 | KL 0.01381 | CF 0.1273 | Std 0.1086 | |a| 0.0588 | EV +0.940 | Rsd 37.603 | Res 9.304 | AE nan | Alpha 0.0100 | MB 24/24
  cert | viol 0.096 | dV -0.277145 | V 0.3359 | inball 0.515 | a*_q05 0.00323 | a*_q50 0.03418 | dV>=0 0.016 | n=150 | a_used 0.00601 -> 0.00613
[Episode 463/400] Steps: 720 | Reward:  224.44 | Battery:  61.07% | Loss: 0.0092
Placing Sensors
[Episode 464/400] Steps: 720 | Reward:  260.02 | Battery:  76.44% | Loss: 
Placing Sensors
Policy 0.0031 | Value 44.9074 | KL 0.02505 | CF 0.1307 | Std 0.1086 | |a| 0.0550 | EV +0.961 | Rsd 37.045 | Res 7.416 | AE nan | Alpha 0.0100 | MB 18/24
  cert | viol 0.023 | dV -0.225663 | V 0.2521 | inball 0.590 | a*_q05 0.00777 | a*_q50 0.03362 | dV>=0 0.000 | n=150 | a_used 0.00613 -> 0.00627
[Episode 465/400] Steps: 720 | Reward:  280.71 | Battery:  78.45% | Loss: 0.0364
Placing Sensors
[Episode 466/400] Steps: 720 | Reward:  260.60 | Battery:  68.83% | Loss: 
Placing Sensors
Policy -0.0113 | Value 34.7011 | KL 0.00894 | CF 0.0979 | Std 0.1086 | |a| 0.0798 | EV +0.955 | Rsd 33.981 | Res 7.301 | AE nan | Alpha 0.0100 | MB 24/24
  cert | viol 0.166 | dV -0.250546 | V 0.3257 | inball 0.518 | a*_q05 0.00304 | a*_q50 0.03056 | dV>=0 0.000 | n=150 | a_used 0.00627 -> 0.00605
[Episode 467/400] Steps: 720 | Reward:  241.87 | Battery:  74.85% | Loss: -0.0517
Placing Sensors
[Episode 468/400] Steps: 720 | Reward:  246.92 | Battery:  64.30% | Loss: 
Placing Sensors
Policy -0.0078 | Value 19.5405 | KL 0.01658 | CF 0.1190 | Std 0.1086 | |a| 0.0456 | EV +0.978 | Rsd 36.771 | Res 5.680 | AE nan | Alpha 0.0100 | MB 24/24
  cert | viol 0.000 | dV -0.234955 | V 0.2485 | inball 0.627 | a*_q05 0.01154 | a*_q50 0.03899 | dV>=0 0.000 | n=150 | a_used 0.00605 -> 0.00620
[Episode 469/400] Steps: 720 | Reward:  318.68 | Battery:  83.22% | Loss: -0.0387
Placing Sensors
[Episode 470/400] Steps: 720 | Reward:  269.96 | Battery:  71.74% | Loss: 
Placing Sensors
Policy -0.0111 | Value 49.7095 | KL 0.01919 | CF 0.1616 | Std 0.1086 | |a| 0.0460 | EV +0.960 | Rsd 35.100 | Res 7.012 | AE nan | Alpha 0.0100 | MB 24/24
  cert | viol 0.082 | dV -0.291100 | V 0.3411 | inball 0.586 | a*_q05 0.00385 | a*_q50 0.03661 | dV>=0 0.020 | n=150 | a_used 0.00620 -> 0.00625
[Episode 471/400] Steps: 720 | Reward:  307.08 | Battery:  87.21% | Loss: 0.0105
Placing Sensors
[Episode 472/400] Steps: 720 | Reward:  267.72 | Battery:  73.79% | Loss: 
Placing Sensors
Policy -0.0128 | Value 44.9100 | KL 0.01058 | CF 0.1174 | Std 0.1086 | |a| 0.0492 | EV +0.973 | Rsd 41.760 | Res 7.251 | AE nan | Alpha 0.0100 | MB 24/24
  cert | viol 0.006 | dV -0.313826 | V 0.3360 | inball 0.548 | a*_q05 0.00985 | a*_q50 0.03960 | dV>=0 0.000 | n=150 | a_used 0.00625 -> 0.00636
[Episode 473/400] Steps: 720 | Reward:  227.90 | Battery:  60.65% | Loss: 0.0098
Placing Sensors
[Episode 474/400] Steps: 720 | Reward:  265.16 | Battery:  67.20% | Loss: 
Placing Sensors
Policy -0.0039 | Value 26.4002 | KL 0.01912 | CF 0.2132 | Std 0.1086 | |a| 0.0453 | EV +0.974 | Rsd 38.016 | Res 6.109 | AE nan | Alpha 0.0100 | MB 24/24
  cert | viol 0.000 | dV -0.191162 | V 0.2074 | inball 0.579 | a*_q05 0.01066 | a*_q50 0.03609 | dV>=0 0.000 | n=150 | a_used 0.00636 -> 0.00650
[Episode 475/400] Steps: 720 | Reward:  240.43 | Battery:  64.42% | Loss: 0.0612
Placing Sensors
[Episode 476/400] Steps: 720 | Reward:  229.13 | Battery:  63.13% | Loss: 
Placing Sensors
Policy -0.0035 | Value 30.9295 | KL 0.02737 | CF 0.0840 | Std 0.1086 | |a| 0.0453 | EV +0.977 | Rsd 40.070 | Res 6.023 | AE nan | Alpha 0.0100 | MB 12/24
  cert | viol 0.082 | dV -0.224296 | V 0.2689 | inball 0.530 | a*_q05 0.00558 | a*_q50 0.02926 | dV>=0 0.000 | n=150 | a_used 0.00650 -> 0.00636
[Episode 477/400] Steps: 720 | Reward:  287.37 | Battery:  79.81% | Loss: -0.0348
Placing Sensors
[Episode 478/400] Steps: 720 | Reward:  240.93 | Battery:  61.32% | Loss: 
Placing Sensors
Policy -0.0017 | Value 37.5434 | KL 0.02113 | CF 0.1660 | Std 0.1086 | |a| 0.0560 | EV +0.973 | Rsd 40.863 | Res 6.960 | AE nan | Alpha 0.0100 | MB 24/24
  cert | viol 0.031 | dV -0.278788 | V 0.3105 | inball 0.546 | a*_q05 0.00822 | a*_q50 0.03711 | dV>=0 0.000 | n=150 | a_used 0.00636 -> 0.00637
[Episode 479/400] Steps: 720 | Reward:  253.16 | Battery:  69.78% | Loss: 0.1042
Placing Sensors
[Episode 480/400] Steps: 720 | Reward:  183.61 | Battery:  57.45% | Loss: 
Placing Sensors
Policy -0.0122 | Value 38.1739 | KL 0.01559 | CF 0.1385 | Std 0.1086 | |a| 0.0679 | EV +0.969 | Rsd 40.188 | Res 7.098 | AE nan | Alpha 0.0100 | MB 24/24
  cert | viol 0.119 | dV -0.289037 | V 0.3581 | inball 0.349 | a*_q05 0.00397 | a*_q50 0.02280 | dV>=0 0.005 | n=150 | a_used 0.00637 -> 0.00570
[Episode 481/400] Steps: 720 | Reward:  223.28 | Battery:  70.29% | Loss: -0.0913
Placing Sensors
[Episode 482/400] Steps: 720 | Reward:  248.24 | Battery:  71.58% | Loss: 
Placing Sensors
Policy -0.0018 | Value 50.2073 | KL 0.02489 | CF 0.1298 | Std 0.1086 | |a| 0.0578 | EV +0.949 | Rsd 38.465 | Res 8.747 | AE nan | Alpha 0.0100 | MB 24/24
  cert | viol 0.080 | dV -0.259841 | V 0.3094 | inball 0.501 | a*_q05 0.00475 | a*_q50 0.03090 | dV>=0 0.000 | n=150 | a_used 0.00570 -> 0.00563
[Episode 483/400] Steps: 720 | Reward:  224.02 | Battery:  64.89% | Loss: 0.0421
Placing Sensors
[Episode 484/400] Steps: 720 | Reward:  248.88 | Battery:  66.63% | Loss: 
Placing Sensors
Policy -0.0089 | Value 35.6314 | KL 0.01570 | CF 0.1879 | Std 0.1086 | |a| 0.0603 | EV +0.967 | Rsd 37.772 | Res 6.882 | AE nan | Alpha 0.0100 | MB 24/24
  cert | viol 0.016 | dV -0.228980 | V 0.2479 | inball 0.620 | a*_q05 0.00963 | a*_q50 0.03479 | dV>=0 0.000 | n=150 | a_used 0.00563 -> 0.00574
[Episode 485/400] Steps: 720 | Reward:  304.82 | Battery:  82.69% | Loss: -0.1194
Placing Sensors
[Episode 486/400] Steps: 720 | Reward:  287.23 | Battery:  83.69% | Loss: 
Placing Sensors
Policy -0.0015 | Value 72.1054 | KL 0.01925 | CF 0.1776 | Std 0.1086 | |a| 0.0656 | EV +0.954 | Rsd 38.266 | Res 8.258 | AE nan | Alpha 0.0100 | MB 18/24
  cert | viol 0.113 | dV -0.324707 | V 0.3853 | inball 0.569 | a*_q05 0.00326 | a*_q50 0.03563 | dV>=0 0.000 | n=150 | a_used 0.00574 -> 0.00561
[Episode 487/400] Steps: 720 | Reward:  280.80 | Battery:  74.54% | Loss: 0.0696
Placing Sensors
[Episode 488/400] Steps: 110 | Reward:  -62.35 | Battery:   0.00% | Loss: 
Placing Sensors
[Episode 489/400] Steps: 720 | Reward:  296.92 | Battery:  82.42% | Loss: 
Placing Sensors
Policy -0.0134 | Value 162.2303 | KL 0.03038 | CF 0.2655 | Std 0.1086 | |a| 0.0522 | EV +0.770 | Rsd 29.838 | Res 14.885 | AE nan | Alpha 0.0100 | MB 14/28
  cert | viol 0.127 | dV -0.200617 | V 0.2678 | inball 0.472 | a*_q05 0.00391 | a*_q50 0.02079 | dV>=0 0.000 | n=150 | a_used 0.00561 -> 0.00565
[Episode 490/400] Steps: 720 | Reward:  268.43 | Battery:  83.14% | Loss: -0.1978
Placing Sensors
[Episode 491/400] Steps: 720 | Reward:  332.54 | Battery:  89.02% | Loss: 
Placing Sensors
Policy -0.0031 | Value 62.9762 | KL 0.01517 | CF 0.1954 | Std 0.1086 | |a| 0.0725 | EV +0.929 | Rsd 34.090 | Res 9.110 | AE nan | Alpha 0.0100 | MB 24/24
  cert | viol 0.000 | dV -0.198440 | V 0.2169 | inball 0.600 | a*_q05 0.00891 | a*_q50 0.03416 | dV>=0 0.000 | n=150 | a_used 0.00565 -> 0.00579
[Episode 492/400] Steps: 720 | Reward:  206.74 | Battery:  62.25% | Loss: -0.0379
Placing Sensors
[Episode 493/400] Steps: 720 | Reward:  269.49 | Battery:  75.90% | Loss: 
Placing Sensors
Policy -0.0058 | Value 35.9436 | KL 0.01078 | CF 0.1090 | Std 0.1086 | |a| 0.0604 | EV +0.942 | Rsd 34.195 | Res 8.270 | AE nan | Alpha 0.0100 | MB 24/24
  cert | viol 0.000 | dV -0.212949 | V 0.2204 | inball 0.623 | a*_q05 0.01592 | a*_q50 0.03756 | dV>=0 0.000 | n=150 | a_used 0.00579 -> 0.00595
[Episode 494/400] Steps: 720 | Reward:  272.24 | Battery:  69.50% | Loss: -0.0840
Placing Sensors
[Episode 495/400] Steps: 720 | Reward:  212.95 | Battery:  63.31% | Loss: 
Placing Sensors
Policy -0.0019 | Value 57.9572 | KL 0.02781 | CF 0.1535 | Std 0.1085 | |a| 0.1041 | EV +0.931 | Rsd 35.354 | Res 9.290 | AE nan | Alpha 0.0100 | MB 12/24
  cert | viol 0.226 | dV -0.226322 | V 0.3396 | inball 0.453 | a*_q05 -0.00070 | a*_q50 0.02504 | dV>=0 0.067 | n=150 | a_used 0.00595 -> 0.00565
[Episode 496/400] Steps: 720 | Reward:  263.13 | Battery:  79.64% | Loss: 0.0612
Placing Sensors
[Episode 497/400] Steps: 720 | Reward:  289.93 | Battery:  84.01% | Loss: 
Placing Sensors
Policy -0.0094 | Value 33.4058 | KL 0.01772 | CF 0.1333 | Std 0.1085 | |a| 0.0653 | EV +0.966 | Rsd 36.408 | Res 6.822 | AE nan | Alpha 0.0100 | MB 24/24
  cert | viol 0.047 | dV -0.316204 | V 0.3568 | inball 0.542 | a*_q05 0.00628 | a*_q50 0.03534 | dV>=0 0.000 | n=150 | a_used 0.00565 -> 0.00567
[Episode 498/400] Steps: 720 | Reward:  205.19 | Battery:  64.10% | Loss: -0.0367
Placing Sensors
[Episode 499/400] Steps: 720 | Reward:  279.35 | Battery:  77.35% | Loss: 
Placing Sensors
Policy -0.0138 | Value 21.8305 | KL 0.01930 | CF 0.1531 | Std 0.1085 | |a| 0.0570 | EV +0.982 | Rsd 37.413 | Res 5.226 | AE nan | Alpha 0.0100 | MB 24/24
  cert | viol 0.053 | dV -0.301001 | V 0.3415 | inball 0.598 | a*_q05 0.00604 | a*_q50 0.03760 | dV>=0 0.000 | n=150 | a_used 0.00567 -> 0.00564
[Episode 500/400] Steps: 720 | Reward:  276.61 | Battery:  79.00% | Loss: -0.0315
Placing Sensors
[Episode 501/400] Steps: 720 | Reward:  217.97 | Battery:  55.07% | Loss: 
Placing Sensors
Policy -0.0092 | Value 35.1188 | KL 0.01407 | CF 0.1311 | Std 0.1085 | |a| 0.0591 | EV +0.972 | Rsd 42.510 | Res 7.163 | AE nan | Alpha 0.0100 | MB 24/24
  cert | viol 0.000 | dV -0.282847 | V 0.3078 | inball 0.534 | a*_q05 0.00924 | a*_q50 0.03819 | dV>=0 0.000 | n=150 | a_used 0.00564 -> 0.00575
[Episode 502/400] Steps: 720 | Reward:  242.17 | Battery:  63.87% | Loss: 0.0845
Placing Sensors
[Episode 503/400] Steps: 720 | Reward:  317.96 | Battery:  86.22% | Loss: 
Placing Sensors
[Episode 504/400] Steps:  79 | Reward:  -57.12 | Battery:   0.00% | Loss: 
Placing Sensors
Policy 0.0458 | Value 100.9456 | KL 0.03307 | CF 0.1718 | Std 0.1085 | |a| 0.0597 | EV +0.897 | Rsd 31.772 | Res 10.222 | AE nan | Alpha 0.0100 | MB 18/24
  cert | viol 0.008 | dV -0.250046 | V 0.2709 | inball 0.595 | a*_q05 0.01038 | a*_q50 0.03431 | dV>=0 0.000 | n=150 | a_used 0.00575 -> 0.00591
[Episode 505/400] Steps: 720 | Reward:  292.06 | Battery:  77.80% | Loss: 0.0402
[budget] 288314 transitions collected over 505 episodes -- step budget met, stopping.
Placing Sensors
  [validation 1/10] steps 720 | battery  30.9% ->  81.1% (min  26.0%) | reward   399.69 | |a| 0.034 | path     207 m
Placing Sensors
  [validation 2/10] steps 720 | battery  35.4% ->  85.2% (min  28.9%) | reward   448.88 | |a| 0.030 | path     199 m
Placing Sensors
  [validation 3/10] steps 720 | battery  33.5% ->  75.2% (min  19.5%) | reward   351.67 | |a| 0.041 | path     390 m
Placing Sensors
  [validation 4/10] steps 720 | battery  32.4% ->  67.4% (min  26.4%) | reward   342.45 | |a| 0.039 | path     366 m
Placing Sensors
  [validation 5/10] steps 720 | battery  39.9% ->  72.4% (min  34.2%) | reward   352.20 | |a| 0.047 | path     493 m
Placing Sensors
  [validation 6/10] steps 720 | battery  32.7% ->  66.6% (min  18.0%) | reward   352.91 | |a| 0.074 | path     337 m
Placing Sensors
  [validation 7/10] steps 720 | battery  35.1% ->  85.2% (min  32.8%) | reward   447.43 | |a| 0.030 | path     229 m
Placing Sensors
  [validation 8/10] steps 720 | battery  32.4% ->  88.6% (min  11.8%) | reward   420.03 | |a| 0.085 | path     408 m
Placing Sensors
  [validation 9/10] steps 720 | battery  32.3% ->  83.7% (min  19.0%) | reward   364.89 | |a| 0.176 | path     238 m
Placing Sensors
  [validation 10/10] steps 720 | battery  37.6% ->  83.1% (min  35.3%) | reward   397.19 | |a| 0.031 | path     246 m

==============================================================================
VALIDATION COMPLETE -- 10 independent deterministic episodes
==============================================================================
metric                       mean        std        min        max
reward                     387.73      40.73     342.45     448.88
final battery %             78.86       7.87      66.61      88.62
min battery %               25.21       7.88      11.84      35.33
steps                      720.00       0.00     720.00     720.00
solar W                     30.12       2.03      27.22      33.37
|action|                     0.06       0.05       0.03       0.18
path m                     311.41     101.25     199.37     493.46
tortuosity                   1.88       0.49       1.28       2.66
motion mAh                 228.00      74.84     146.79     356.92
idle mAh                 11584.91       5.91   11582.40   11601.51

survived full 720 steps : 10/10
ended below 20% battery         : 0/10
ended above 70% battery         : 8/10

reward 95% CI: 387.73 +- 25.24  (362.49 to 412.97)

total step rows written: 7200

==============================================
WALL CLOCK BREAKDOWN
==============================================
Total run time        :   17754.85 s
  Rollout (training)  :   17228.06 s  ( 97.0%)
    - policy inference:     215.87 s  (  1.2%)
    - env + reward    :   17012.19 s  ( 95.8%)
  PPO update()        :      49.41 s  (  0.3%)
  Checkpoint saves    :       0.01 s  (  0.0%)
  Final evaluation    :     343.87 s  (  1.9%)
  Other / logging     :     133.50 s  (  0.8%)

==============================================
PER-CALL AVERAGES
==============================================
Policy inference      :   295514 calls |    0.748 ms/step
  final eval only     :     7200 calls |    0.729 ms/step
PPO update()          :      193 calls |  256.014 ms/update
Episode               :      400 eps   |   43.527 s/episode

update() share of wall clock: 0.3%
