Placing Sensors
Placing Sensors
[Episode 1/400] Steps:  70 | Reward:  -57.61 | Battery:   0.00% | Loss: 
Placing Sensors
[Episode 2/400] Steps:  77 | Reward:  -69.13 | Battery:   0.00% | Loss: 
Placing Sensors
[Episode 3/400] Steps:  73 | Reward:  -60.12 | Battery:   0.00% | Loss: 
Placing Sensors
[Episode 4/400] Steps: 154 | Reward:  -52.14 | Battery:   0.00% | Loss: 
Placing Sensors
[Episode 5/400] Steps: 104 | Reward:  -59.97 | Battery:   0.00% | Loss: 
Placing Sensors
[Episode 6/400] Steps: 720 | Reward:   99.81 | Battery:  35.53% | Loss: 
Placing Sensors
[Episode 7/400] Steps:  61 | Reward:  -58.96 | Battery:   0.00% | Loss: 
Placing Sensors
[Episode 8/400] Steps:  70 | Reward:  -59.58 | Battery:   0.00% | Loss: 
Placing Sensors
[Episode 9/400] Steps:  72 | Reward:  -61.07 | Battery:   0.00% | Loss: 
Placing Sensors
Policy -0.0059 | Value 259.5000 | KL 0.00520 | CF 0.0635 | Std 0.1054 | |a| 0.0102 | EV +0.011 | Rsd 15.938 | Res 16.935 | AE nan | Alpha 0.9241 | MB 24/24
  cert | viol 0.655 | dV -0.143922 | V 0.3193 | inball 0.026 | a*_q05 -0.01930 | a*_q50 0.00563 | dV>=0 0.312 | n=150 | a_used 0.01000 -> 0.00950
[Episode 10/400] Steps:  79 | Reward:  -60.99 | Battery:   0.00% | Loss: 2.0374
Placing Sensors
[Episode 11/400] Steps: 720 | Reward:  202.06 | Battery:  61.59% | Loss: 
Placing Sensors
[Episode 12/400] Steps: 132 | Reward:  -69.40 | Battery:   0.00% | Loss: 
Placing Sensors
[Episode 13/400] Steps:  61 | Reward:  -61.73 | Battery:   0.00% | Loss: 
Placing Sensors
Policy -0.0016 | Value 220.0695 | KL 0.00704 | CF 0.0908 | Std 0.1055 | |a| 0.0112 | EV +0.127 | Rsd 16.510 | Res 16.759 | AE nan | Alpha 0.8471 | MB 28/28
  cert | viol 0.552 | dV -0.191647 | V 0.3575 | inball 0.077 | a*_q05 -0.01038 | a*_q50 0.00723 | dV>=0 0.269 | n=150 | a_used 0.00950 -> 0.00903
[Episode 14/400] Steps: 720 | Reward:  143.04 | Battery:  50.96% | Loss: 1.8020
Placing Sensors
[Episode 15/400] Steps: 120 | Reward:  -61.54 | Battery:   0.00% | Loss: 
Placing Sensors
[Episode 16/400] Steps: 720 | Reward:  188.98 | Battery:  51.19% | Loss: 
Placing Sensors
[Episode 17/400] Steps:  69 | Reward:  -59.68 | Battery:   0.00% | Loss: 
Placing Sensors
[Episode 18/400] Steps: 110 | Reward:  -63.81 | Battery:   0.00% | Loss: 
Placing Sensors
[Episode 19/400] Steps: 120 | Reward:  -48.33 | Battery:   0.00% | Loss: 
Placing Sensors
[Episode 20/400] Steps: 103 | Reward:  -52.94 | Battery:   0.00% | Loss: 
Placing Sensors
[Episode 21/400] Steps:  79 | Reward:  -71.33 | Battery:   0.00% | Loss: 
Placing Sensors
Policy -0.0016 | Value 192.4348 | KL 0.00520 | CF 0.0636 | Std 0.1056 | |a| 0.0148 | EV +0.209 | Rsd 17.744 | Res 15.782 | AE nan | Alpha 0.7598 | MB 32/32
  cert | viol 0.423 | dV -0.151646 | V 0.2921 | inball 0.142 | a*_q05 -0.02024 | a*_q50 0.01195 | dV>=0 0.239 | n=150 | a_used 0.00903 -> 0.00857
[Episode 22/400] Steps: 720 | Reward:  122.77 | Battery:  41.58% | Loss: 1.5947
Placing Sensors
[Episode 23/400] Steps: 720 | Reward:  249.69 | Battery:  69.92% | Loss: 
Placing Sensors
[Episode 24/400] Steps: 118 | Reward:  -56.83 | Battery:   0.00% | Loss: 
Placing Sensors
[Episode 25/400] Steps: 107 | Reward:  -62.54 | Battery:   0.00% | Loss: 
Placing Sensors
[Episode 26/400] Steps: 105 | Reward:  -71.68 | Battery:   0.00% | Loss: 
Placing Sensors
[Episode 27/400] Steps:  86 | Reward:  -54.36 | Battery:   0.00% | Loss: 
Placing Sensors
[Episode 28/400] Steps:  95 | Reward:  -64.08 | Battery:   0.00% | Loss: 
Placing Sensors
Policy 0.0006 | Value 176.4566 | KL 0.00545 | CF 0.0695 | Std 0.1058 | |a| 0.0106 | EV +0.352 | Rsd 18.970 | Res 15.839 | AE nan | Alpha 0.6848 | MB 32/32
  cert | viol 0.249 | dV -0.259266 | V 0.3471 | inball 0.297 | a*_q05 0.00369 | a*_q50 0.02344 | dV>=0 0.006 | n=150 | a_used 0.00857 -> 0.00816
[Episode 29/400] Steps: 720 | Reward:  227.20 | Battery:  70.20% | Loss: 1.3631
Placing Sensors
[Episode 30/400] Steps: 720 | Reward:  219.68 | Battery:  60.36% | Loss: 
Placing Sensors
[Episode 31/400] Steps: 112 | Reward:  -70.06 | Battery:   0.00% | Loss: 
Placing Sensors
Policy 0.0163 | Value 242.4185 | KL 0.00619 | CF 0.0769 | Std 0.1060 | |a| 0.0073 | EV +0.401 | Rsd 21.201 | Res 18.011 | AE nan | Alpha 0.6304 | MB 28/28
  cert | viol 0.261 | dV -0.295113 | V 0.4227 | inball 0.354 | a*_q05 0.00165 | a*_q50 0.02212 | dV>=0 0.024 | n=150 | a_used 0.00816 -> 0.00766
[Episode 32/400] Steps: 720 | Reward:  240.37 | Battery:  70.20% | Loss: 1.4869
Placing Sensors
[Episode 33/400] Steps: 720 | Reward:  238.60 | Battery:  71.45% | Loss: 
Placing Sensors
[Episode 34/400] Steps: 117 | Reward:  -51.05 | Battery:   0.00% | Loss: 
Placing Sensors
[Episode 35/400] Steps:  91 | Reward:  -66.29 | Battery:   0.00% | Loss: 
Placing Sensors
Policy -0.0007 | Value 151.3894 | KL 0.00724 | CF 0.0910 | Std 0.1062 | |a| 0.0153 | EV +0.537 | Rsd 22.527 | Res 16.205 | AE nan | Alpha 0.5774 | MB 28/28
  cert | viol 0.221 | dV -0.267873 | V 0.3756 | inball 0.340 | a*_q05 0.00105 | a*_q50 0.02392 | dV>=0 0.037 | n=150 | a_used 0.00766 -> 0.00739
[Episode 36/400] Steps: 720 | Reward:  194.77 | Battery:  62.23% | Loss: 1.1459
Placing Sensors
[Episode 37/400] Steps: 115 | Reward:  -52.76 | Battery:   0.00% | Loss: 
Placing Sensors
[Episode 38/400] Steps: 100 | Reward:  -56.27 | Battery:   0.00% | Loss: 
Placing Sensors
[Episode 39/400] Steps:  86 | Reward:  -75.81 | Battery:   0.00% | Loss: 
Placing Sensors
[Episode 40/400] Steps: 720 | Reward:  162.99 | Battery:  47.28% | Loss: 
Placing Sensors
[Episode 41/400] Steps: 104 | Reward:  -75.53 | Battery:   0.00% | Loss: 
Placing Sensors
[Episode 42/400] Steps:  75 | Reward:  -56.44 | Battery:   0.00% | Loss: 
Placing Sensors
Policy 0.0079 | Value 150.9532 | KL 0.01258 | CF 0.1536 | Std 0.1064 | |a| 0.0180 | EV +0.577 | Rsd 25.910 | Res 16.911 | AE nan | Alpha 0.5212 | MB 32/32
  cert | viol 0.254 | dV -0.191091 | V 0.3182 | inball 0.256 | a*_q05 -0.00394 | a*_q50 0.02250 | dV>=0 0.112 | n=150 | a_used 0.00739 -> 0.00703
[Episode 43/400] Steps: 720 | Reward:  254.04 | Battery:  77.23% | Loss: 0.9907
Placing Sensors
[Episode 44/400] Steps: 720 | Reward:  153.48 | Battery:  50.28% | Loss: 
Placing Sensors
Policy 0.0031 | Value 206.3149 | KL 0.00831 | CF 0.1076 | Std 0.1066 | |a| 0.0127 | EV +0.547 | Rsd 24.640 | Res 17.524 | AE nan | Alpha 0.4827 | MB 24/24
  cert | viol 0.320 | dV -0.202923 | V 0.3126 | inball 0.418 | a*_q05 -0.00792 | a*_q50 0.02168 | dV>=0 0.083 | n=150 | a_used 0.00703 -> 0.00667
[Episode 45/400] Steps: 720 | Reward:  304.08 | Battery:  80.56% | Loss: 0.8650
Placing Sensors
[Episode 46/400] Steps: 223 | Reward:  -32.03 | Battery:   0.00% | Loss: 
Placing Sensors
[Episode 47/400] Steps:  73 | Reward:  -64.64 | Battery:   0.00% | Loss: 
Placing Sensors
[Episode 48/400] Steps: 720 | Reward:  162.49 | Battery:  53.00% | Loss: 
Placing Sensors
[Episode 49/400] Steps: 102 | Reward:  -62.74 | Battery:   0.00% | Loss: 
Placing Sensors
Policy -0.0014 | Value 117.8804 | KL 0.00448 | CF 0.0501 | Std 0.1069 | |a| 0.0185 | EV +0.693 | Rsd 26.341 | Res 14.778 | AE nan | Alpha 0.4377 | MB 32/32
  cert | viol 0.569 | dV -0.140012 | V 0.3870 | inball 0.031 | a*_q05 -0.01661 | a*_q50 0.00463 | dV>=0 0.344 | n=150 | a_used 0.00667 -> 0.00634
[Episode 50/400] Steps: 720 | Reward:  132.91 | Battery:  45.13% | Loss: 0.8738
Placing Sensors
[Episode 51/400] Steps:  87 | Reward:  -60.50 | Battery:   0.00% | Loss: 
Placing Sensors
[Episode 52/400] Steps:  78 | Reward:  -57.08 | Battery:   0.00% | Loss: 
Placing Sensors
[Episode 53/400] Steps:  73 | Reward:  -66.83 | Battery:   0.00% | Loss: 
Placing Sensors
[Episode 54/400] Steps: 123 | Reward:  -64.45 | Battery:   0.00% | Loss: 
Placing Sensors
[Episode 55/400] Steps: 720 | Reward:  160.69 | Battery:  50.93% | Loss: 
Placing Sensors
Policy -0.0049 | Value 88.3280 | KL 0.00344 | CF 0.0377 | Std 0.1071 | |a| 0.0176 | EV +0.722 | Rsd 28.754 | Res 15.160 | AE nan | Alpha 0.3976 | MB 32/32
  cert | viol 0.402 | dV -0.162472 | V 0.3058 | inball 0.165 | a*_q05 -0.00155 | a*_q50 0.01204 | dV>=0 0.062 | n=150 | a_used 0.00634 -> 0.00636
[Episode 56/400] Steps: 720 | Reward:  127.60 | Battery:  42.38% | Loss: 0.5521
Placing Sensors
[Episode 57/400] Steps: 103 | Reward:  -53.55 | Battery:   0.00% | Loss: 
Placing Sensors
[Episode 58/400] Steps: 720 | Reward:  153.89 | Battery:  52.78% | Loss: 
Placing Sensors
[Episode 59/400] Steps:  67 | Reward:  -64.64 | Battery:   0.00% | Loss: 
Placing Sensors
[Episode 60/400] Steps: 113 | Reward:  -71.92 | Battery:   0.00% | Loss: 
Placing Sensors
Policy -0.0036 | Value 104.9630 | KL 0.00528 | CF 0.0617 | Std 0.1073 | |a| 0.0166 | EV +0.753 | Rsd 31.540 | Res 15.707 | AE nan | Alpha 0.3627 | MB 28/28
  cert | viol 0.266 | dV -0.210917 | V 0.3406 | inball 0.209 | a*_q05 -0.00453 | a*_q50 0.01420 | dV>=0 0.102 | n=150 | a_used 0.00636 -> 0.00604
[Episode 61/400] Steps: 720 | Reward:  264.70 | Battery:  83.54% | Loss: 0.6373
Placing Sensors
[Episode 62/400] Steps:  86 | Reward:  -61.86 | Battery:   0.00% | Loss: 
Placing Sensors
[Episode 63/400] Steps:  62 | Reward:  -59.71 | Battery:   0.00% | Loss: 
Placing Sensors
[Episode 64/400] Steps: 101 | Reward:  -60.38 | Battery:   0.00% | Loss: 
Placing Sensors
[Episode 65/400] Steps: 720 | Reward:  126.01 | Battery:  43.51% | Loss: 
Placing Sensors
[Episode 66/400] Steps:  61 | Reward:  -60.12 | Battery:   0.00% | Loss: 
Placing Sensors
Policy -0.0029 | Value 110.4344 | KL 0.00405 | CF 0.0409 | Std 0.1075 | |a| 0.0096 | EV +0.671 | Rsd 32.123 | Res 18.548 | AE nan | Alpha 0.3304 | MB 28/28
  cert | viol 0.441 | dV -0.176613 | V 0.2623 | inball 0.140 | a*_q05 -0.00937 | a*_q50 0.00853 | dV>=0 0.248 | n=150 | a_used 0.00604 -> 0.00574
[Episode 67/400] Steps: 720 | Reward:  167.75 | Battery:  48.68% | Loss: 0.5941
Placing Sensors
[Episode 68/400] Steps:  86 | Reward:  -76.67 | Battery:   0.00% | Loss: 
Placing Sensors
[Episode 69/400] Steps: 160 | Reward:  -44.63 | Battery:   0.00% | Loss: 
Placing Sensors
[Episode 70/400] Steps:  76 | Reward:  -61.93 | Battery:   0.00% | Loss: 
Placing Sensors
[Episode 71/400] Steps: 720 | Reward:  118.97 | Battery:  32.76% | Loss: 
Placing Sensors
[Episode 72/400] Steps: 109 | Reward:  -60.58 | Battery:   0.00% | Loss: 
Placing Sensors
[Episode 73/400] Steps: 128 | Reward:  -53.04 | Battery:   0.00% | Loss: 
Placing Sensors
[Episode 74/400] Steps: 131 | Reward:  -51.26 | Battery:   0.00% | Loss: 
Placing Sensors
Policy 0.0212 | Value 110.4831 | KL 0.00717 | CF 0.0980 | Std 0.1077 | |a| 0.0090 | EV +0.718 | Rsd 28.106 | Res 16.029 | AE nan | Alpha 0.3042 | MB 28/28
  cert | viol 0.601 | dV -0.078525 | V 0.2673 | inball 0.000 | a*_q05 -0.01675 | a*_q50 0.00153 | dV>=0 0.251 | n=150 | a_used 0.00574 -> 0.00537
[Episode 75/400] Steps: 138 | Reward:  -54.25 | Battery:   0.00% | Loss: 0.5659
Placing Sensors
[Episode 76/400] Steps:  82 | Reward:  -69.82 | Battery:   0.00% | Loss: 
Placing Sensors
[Episode 77/400] Steps: 185 | Reward:  -51.36 | Battery:   0.00% | Loss: 
Placing Sensors
[Episode 78/400] Steps:  73 | Reward:  -63.20 | Battery:   0.00% | Loss: 
Placing Sensors
[Episode 79/400] Steps: 720 | Reward:  227.03 | Battery:  69.59% | Loss: 
Placing Sensors
[Episode 80/400] Steps:  77 | Reward:  -73.22 | Battery:   0.00% | Loss: 
Placing Sensors
[Episode 81/400] Steps:  64 | Reward:  -59.32 | Battery:   0.00% | Loss: 
Placing Sensors
Policy -0.0027 | Value 105.5689 | KL 0.00269 | CF 0.0232 | Std 0.1079 | |a| 0.0103 | EV +0.717 | Rsd 32.551 | Res 17.320 | AE nan | Alpha 0.2746 | MB 32/32
  cert | viol 0.174 | dV -0.236030 | V 0.3507 | inball 0.295 | a*_q05 -0.00145 | a*_q50 0.02295 | dV>=0 0.076 | n=150 | a_used 0.00537 -> 0.00510
[Episode 82/400] Steps: 720 | Reward:  156.79 | Battery:  45.42% | Loss: 0.5195
Placing Sensors
[Episode 83/400] Steps: 720 | Reward:  253.30 | Battery:  74.82% | Loss: 
Placing Sensors
[Episode 84/400] Steps: 140 | Reward:  -62.22 | Battery:   0.00% | Loss: 
Placing Sensors
Policy 0.0105 | Value 86.6590 | KL 0.00446 | CF 0.0509 | Std 0.1081 | |a| 0.0133 | EV +0.624 | Rsd 26.143 | Res 16.469 | AE nan | Alpha 0.2525 | MB 28/28
  cert | viol 0.161 | dV -0.170290 | V 0.2529 | inball 0.197 | a*_q05 -0.00374 | a*_q50 0.01122 | dV>=0 0.058 | n=150 | a_used 0.00510 -> 0.00494
[Episode 85/400] Steps: 720 | Reward:  161.65 | Battery:  51.05% | Loss: 0.4040
Placing Sensors
[Episode 86/400] Steps:  80 | Reward:  -66.80 | Battery:   0.00% | Loss: 
Placing Sensors
[Episode 87/400] Steps: 133 | Reward:  -69.00 | Battery:   0.00% | Loss: 
Placing Sensors
[Episode 88/400] Steps: 100 | Reward:  -70.91 | Battery:   0.00% | Loss: 
Placing Sensors
[Episode 89/400] Steps: 720 | Reward:  183.39 | Battery:  53.51% | Loss: 
Placing Sensors
Policy -0.0013 | Value 133.0651 | KL 0.00514 | CF 0.0659 | Std 0.1082 | |a| 0.0093 | EV +0.621 | Rsd 30.731 | Res 19.278 | AE nan | Alpha 0.2299 | MB 28/28
  cert | viol 0.161 | dV -0.222310 | V 0.2981 | inball 0.220 | a*_q05 -0.01322 | a*_q50 0.02139 | dV>=0 0.085 | n=150 | a_used 0.00494 -> 0.00469
[Episode 90/400] Steps: 720 | Reward:  147.15 | Battery:  50.71% | Loss: 0.3767
Placing Sensors
[Episode 91/400] Steps: 720 | Reward:  203.64 | Battery:  63.56% | Loss: 
Placing Sensors
[Episode 92/400] Steps: 108 | Reward:  -61.26 | Battery:   0.00% | Loss: 
Placing Sensors
[Episode 93/400] Steps:  64 | Reward:  -60.10 | Battery:   0.00% | Loss: 
Placing Sensors
[Episode 94/400] Steps:  73 | Reward:  -56.90 | Battery:   0.00% | Loss: 
Placing Sensors
[Episode 95/400] Steps:  74 | Reward:  -58.15 | Battery:   0.00% | Loss: 
Placing Sensors
Policy -0.0022 | Value 137.3405 | KL 0.00301 | CF 0.0268 | Std 0.1084 | |a| 0.0071 | EV +0.686 | Rsd 33.999 | Res 19.394 | AE nan | Alpha 0.2094 | MB 28/28
  cert | viol 0.220 | dV -0.201310 | V 0.3121 | inball 0.279 | a*_q05 -0.02215 | a*_q50 0.01974 | dV>=0 0.110 | n=150 | a_used 0.00469 -> 0.00446
[Episode 96/400] Steps: 720 | Reward:  118.96 | Battery:  32.39% | Loss: 0.3070
Placing Sensors
[Episode 97/400] Steps: 720 | Reward:  181.37 | Battery:  59.97% | Loss: 
Placing Sensors
[Episode 98/400] Steps: 110 | Reward:  -54.11 | Battery:   0.00% | Loss: 
Placing Sensors
[Episode 99/400] Steps:  77 | Reward:  -68.65 | Battery:   0.00% | Loss: 
Placing Sensors
Policy 0.0029 | Value 153.3174 | KL 0.00673 | CF 0.0911 | Std 0.1086 | |a| 0.0110 | EV +0.684 | Rsd 34.434 | Res 19.386 | AE nan | Alpha 0.1920 | MB 28/28
  cert | viol 0.321 | dV -0.237711 | V 0.4299 | inball 0.265 | a*_q05 0.00051 | a*_q50 0.01583 | dV>=0 0.026 | n=150 | a_used 0.00446 -> 0.00406
[Episode 100/400] Steps: 720 | Reward:  182.98 | Battery:  57.06% | Loss: 0.5453
Placing Sensors
[Episode 101/400] Steps: 720 | Reward:  215.28 | Battery:  61.24% | Loss: 
Placing Sensors
[Episode 102/400] Steps: 103 | Reward:  -66.00 | Battery:   0.00% | Loss: 
Placing Sensors
[Episode 103/400] Steps: 105 | Reward:  -70.28 | Battery:   0.00% | Loss: 
Placing Sensors
Policy -0.0036 | Value 121.7336 | KL 0.00615 | CF 0.0803 | Std 0.1087 | |a| 0.0129 | EV +0.593 | Rsd 28.333 | Res 18.210 | AE nan | Alpha 0.1758 | MB 28/28
  cert | viol 0.020 | dV -0.243191 | V 0.3118 | inball 0.356 | a*_q05 0.00536 | a*_q50 0.02227 | dV>=0 0.000 | n=150 | a_used 0.00406 -> 0.00412
[Episode 104/400] Steps: 720 | Reward:  220.47 | Battery:  64.00% | Loss: 0.3338
Placing Sensors
[Episode 105/400] Steps: 720 | Reward:  181.52 | Battery:  58.39% | Loss: 
Placing Sensors
[Episode 106/400] Steps:  57 | Reward:  -60.40 | Battery:   0.00% | Loss: 
Placing Sensors
Policy 0.0017 | Value 199.2705 | KL 0.00615 | CF 0.0836 | Std 0.1088 | |a| 0.0090 | EV +0.489 | Rsd 29.510 | Res 21.312 | AE nan | Alpha 0.1623 | MB 24/24
  cert | viol 0.351 | dV -0.194513 | V 0.3649 | inball 0.212 | a*_q05 -0.01945 | a*_q50 0.01284 | dV>=0 0.241 | n=150 | a_used 0.00412 -> 0.00391
[Episode 107/400] Steps: 720 | Reward:  135.12 | Battery:  42.92% | Loss: 0.3889
Placing Sensors
[Episode 108/400] Steps: 720 | Reward:  220.83 | Battery:  71.73% | Loss: 
Placing Sensors
[Episode 109/400] Steps:  89 | Reward:  -71.80 | Battery:   0.00% | Loss: 
Placing Sensors
[Episode 110/400] Steps: 184 | Reward:  -34.97 | Battery:   0.00% | Loss: 
Placing Sensors
Policy -0.0036 | Value 98.8580 | KL 0.00621 | CF 0.0758 | Std 0.1090 | |a| 0.0156 | EV +0.592 | Rsd 24.764 | Res 15.920 | AE nan | Alpha 0.1482 | MB 28/28
  cert | viol 0.147 | dV -0.224504 | V 0.3262 | inball 0.307 | a*_q05 0.00089 | a*_q50 0.01669 | dV>=0 0.031 | n=150 | a_used 0.00391 -> 0.00372
[Episode 111/400] Steps: 720 | Reward:  228.01 | Battery:  73.51% | Loss: 0.1903
Placing Sensors
[Episode 112/400] Steps: 720 | Reward:  170.50 | Battery:  56.42% | Loss: 
Placing Sensors
[Episode 113/400] Steps: 110 | Reward:  -59.15 | Battery:   0.00% | Loss: 
Placing Sensors
Policy -0.0033 | Value 108.7119 | KL 0.00466 | CF 0.0510 | Std 0.1091 | |a| 0.0165 | EV +0.727 | Rsd 29.679 | Res 16.053 | AE nan | Alpha 0.1364 | MB 28/28
  cert | viol 0.122 | dV -0.222744 | V 0.3292 | inball 0.315 | a*_q05 0.00228 | a*_q50 0.01867 | dV>=0 0.004 | n=150 | a_used 0.00372 -> 0.00379
[Episode 114/400] Steps: 720 | Reward:  197.57 | Battery:  55.84% | Loss: 0.3380
Placing Sensors
[Episode 115/400] Steps: 122 | Reward:  -69.09 | Battery:   0.00% | Loss: 
Placing Sensors
[Episode 116/400] Steps:  73 | Reward:  -63.37 | Battery:   0.00% | Loss: 
Placing Sensors
[Episode 117/400] Steps: 111 | Reward:  -65.79 | Battery:   0.00% | Loss: 
Placing Sensors
[Episode 118/400] Steps: 720 | Reward:  181.23 | Battery:  62.13% | Loss: 
Placing Sensors
[Episode 119/400] Steps:  93 | Reward:  -73.52 | Battery:   0.00% | Loss: 
Placing Sensors
[Episode 120/400] Steps:  99 | Reward:  -52.84 | Battery:   0.00% | Loss: 
Placing Sensors
Policy -0.0017 | Value 106.3551 | KL 0.00381 | CF 0.0368 | Std 0.1092 | |a| 0.0167 | EV +0.768 | Rsd 30.273 | Res 14.689 | AE nan | Alpha 0.1230 | MB 32/32
  cert | viol 0.056 | dV -0.205035 | V 0.2949 | inball 0.194 | a*_q05 0.00380 | a*_q50 0.01554 | dV>=0 0.009 | n=150 | a_used 0.00379 -> 0.00377
[Episode 121/400] Steps: 720 | Reward:  179.13 | Battery:  54.53% | Loss: 0.2906
Placing Sensors
[Episode 122/400] Steps:  84 | Reward:  -63.91 | Battery:   0.00% | Loss: 
Placing Sensors
[Episode 123/400] Steps: 102 | Reward:  -74.18 | Battery:   0.00% | Loss: 
Placing Sensors
[Episode 124/400] Steps:  82 | Reward:  -59.13 | Battery:   0.00% | Loss: 
Placing Sensors
[Episode 125/400] Steps:  77 | Reward:  -67.33 | Battery:   0.00% | Loss: 
Placing Sensors
[Episode 126/400] Steps:  77 | Reward:  -55.81 | Battery:   0.00% | Loss: 
Placing Sensors
[Episode 127/400] Steps:  88 | Reward:  -54.98 | Battery:   0.00% | Loss: 
Placing Sensors
[Episode 128/400] Steps: 132 | Reward:  -69.11 | Battery:   0.00% | Loss: 
Placing Sensors
[Episode 129/400] Steps:  73 | Reward:  -65.30 | Battery:   0.00% | Loss: 
Placing Sensors
[Episode 130/400] Steps: 720 | Reward:  125.32 | Battery:  35.54% | Loss: 
Placing Sensors
Policy -0.0026 | Value 77.1892 | KL 0.00622 | CF 0.0787 | Std 0.1092 | |a| 0.0117 | EV +0.753 | Rsd 25.755 | Res 13.491 | AE nan | Alpha 0.1134 | MB 24/24
  cert | viol 0.649 | dV -0.125731 | V 0.4400 | inball 0.000 | a*_q05 -0.00246 | a*_q50 0.00275 | dV>=0 0.127 | n=150 | a_used 0.00377 -> 0.00359
[Episode 131/400] Steps:  99 | Reward:  -53.34 | Battery:   0.00% | Loss: 0.3350
Placing Sensors
[Episode 132/400] Steps:  95 | Reward:  -62.70 | Battery:   0.00% | Loss: 
Placing Sensors
[Episode 133/400] Steps: 720 | Reward:  197.58 | Battery:  64.81% | Loss: 
Placing Sensors
Policy 0.0009 | Value 132.3377 | KL 0.00435 | CF 0.0493 | Std 0.1093 | |a| 0.0121 | EV +0.654 | Rsd 27.518 | Res 16.766 | AE nan | Alpha 0.1045 | MB 24/24
  cert | viol 0.090 | dV -0.274977 | V 0.3718 | inball 0.301 | a*_q05 0.00260 | a*_q50 0.02415 | dV>=0 0.003 | n=150 | a_used 0.00359 -> 0.00357
[Episode 134/400] Steps: 720 | Reward:  195.12 | Battery:  60.11% | Loss: 0.2012
Placing Sensors
[Episode 135/400] Steps: 720 | Reward:  196.45 | Battery:  57.56% | Loss: 
Placing Sensors
[Episode 136/400] Steps: 166 | Reward:  -65.17 | Battery:   0.00% | Loss: 
Placing Sensors
[Episode 137/400] Steps:  65 | Reward:  -63.53 | Battery:   0.00% | Loss: 
Placing Sensors
[Episode 138/400] Steps: 165 | Reward:  -51.30 | Battery:   0.00% | Loss: 
Placing Sensors
[Episode 139/400] Steps:  75 | Reward:  -66.22 | Battery:   0.00% | Loss: 
Placing Sensors
[Episode 140/400] Steps:  79 | Reward:  -70.37 | Battery:   0.00% | Loss: 
Placing Sensors
[Episode 141/400] Steps:  71 | Reward:  -67.35 | Battery:   0.00% | Loss: 
Placing Sensors
Policy -0.0024 | Value 100.3818 | KL 0.00765 | CF 0.0976 | Std 0.1094 | |a| 0.0126 | EV +0.734 | Rsd 29.327 | Res 15.282 | AE nan | Alpha 0.0936 | MB 36/36
  cert | viol 0.240 | dV -0.220154 | V 0.3238 | inball 0.202 | a*_q05 -0.01336 | a*_q50 0.01827 | dV>=0 0.141 | n=150 | a_used 0.00357 -> 0.00339
[Episode 142/400] Steps: 720 | Reward:  236.08 | Battery:  70.87% | Loss: 0.1155
Placing Sensors
[Episode 143/400] Steps: 137 | Reward:  -47.48 | Battery:   0.00% | Loss: 
Placing Sensors
[Episode 144/400] Steps: 119 | Reward:  -69.63 | Battery:   0.00% | Loss: 
Placing Sensors
[Episode 145/400] Steps: 720 | Reward:  247.64 | Battery:  73.07% | Loss: 
Placing Sensors
Policy 0.0005 | Value 80.8304 | KL 0.00803 | CF 0.1057 | Std 0.1094 | |a| 0.0170 | EV +0.713 | Rsd 24.473 | Res 13.524 | AE nan | Alpha 0.0855 | MB 28/28
  cert | viol 0.181 | dV -0.205994 | V 0.3391 | inball 0.349 | a*_q05 0.00085 | a*_q50 0.01776 | dV>=0 0.032 | n=150 | a_used 0.00339 -> 0.00324
[Episode 146/400] Steps: 720 | Reward:  240.15 | Battery:  72.49% | Loss: 0.1874
Placing Sensors
[Episode 147/400] Steps: 132 | Reward:  -62.37 | Battery:   0.00% | Loss: 
Placing Sensors
[Episode 148/400] Steps:  97 | Reward:  -66.11 | Battery:   0.00% | Loss: 
Placing Sensors
[Episode 149/400] Steps: 720 | Reward:  165.26 | Battery:  55.85% | Loss: 
Placing Sensors
[Episode 150/400] Steps:  73 | Reward:  -62.44 | Battery:   0.00% | Loss: 
Placing Sensors
Policy -0.0036 | Value 83.7772 | KL 0.00570 | CF 0.0742 | Std 0.1095 | |a| 0.0217 | EV +0.686 | Rsd 27.109 | Res 15.456 | AE nan | Alpha 0.0779 | MB 28/28
  cert | viol 0.141 | dV -0.191548 | V 0.2848 | inball 0.271 | a*_q05 -0.00234 | a*_q50 0.01931 | dV>=0 0.054 | n=150 | a_used 0.00324 -> 0.00308
[Episode 151/400] Steps: 720 | Reward:  227.28 | Battery:  70.25% | Loss: 0.2318
Placing Sensors
[Episode 152/400] Steps: 720 | Reward:  173.37 | Battery:  54.83% | Loss: 
Placing Sensors
Policy -0.0019 | Value 116.7444 | KL 0.00599 | CF 0.0709 | Std 0.1095 | |a| 0.0179 | EV +0.678 | Rsd 26.589 | Res 15.493 | AE nan | Alpha 0.0722 | MB 24/24
  cert | viol 0.228 | dV -0.166388 | V 0.2137 | inball 0.237 | a*_q05 -0.01555 | a*_q50 0.01215 | dV>=0 0.189 | n=150 | a_used 0.00308 -> 0.00293
[Episode 153/400] Steps: 720 | Reward:  215.79 | Battery:  65.09% | Loss: 0.0500
Placing Sensors
[Episode 154/400] Steps: 720 | Reward:  168.54 | Battery:  55.37% | Loss: 
Placing Sensors
Policy -0.0040 | Value 101.0193 | KL 0.00626 | CF 0.0826 | Std 0.1096 | |a| 0.0230 | EV +0.804 | Rsd 33.756 | Res 14.945 | AE nan | Alpha 0.0668 | MB 24/24
  cert | viol 0.139 | dV -0.274680 | V 0.4148 | inball 0.299 | a*_q05 0.00034 | a*_q50 0.02141 | dV>=0 0.049 | n=150 | a_used 0.00293 -> 0.00282
[Episode 155/400] Steps: 720 | Reward:  144.70 | Battery:  37.37% | Loss: 0.1938
Placing Sensors
[Episode 156/400] Steps: 720 | Reward:  218.94 | Battery:  66.81% | Loss: 
Placing Sensors
Policy -0.0059 | Value 84.0549 | KL 0.00461 | CF 0.0525 | Std 0.1097 | |a| 0.0233 | EV +0.784 | Rsd 27.378 | Res 12.738 | AE nan | Alpha 0.0619 | MB 24/24
  cert | viol 0.195 | dV -0.191776 | V 0.3943 | inball 0.161 | a*_q05 -0.00068 | a*_q50 0.00457 | dV>=0 0.082 | n=150 | a_used 0.00282 -> 0.00268
[Episode 157/400] Steps: 720 | Reward:  156.69 | Battery:  54.47% | Loss: 0.0153
Placing Sensors
[Episode 158/400] Steps: 720 | Reward:  254.55 | Battery:  80.76% | Loss: 
Placing Sensors
Policy -0.0013 | Value 108.3670 | KL 0.00572 | CF 0.0691 | Std 0.1097 | |a| 0.0233 | EV +0.680 | Rsd 28.023 | Res 15.870 | AE nan | Alpha 0.0573 | MB 24/24
  cert | viol 0.136 | dV -0.216033 | V 0.3248 | inball 0.362 | a*_q05 0.00081 | a*_q50 0.01747 | dV>=0 0.008 | n=150 | a_used 0.00268 -> 0.00257
[Episode 159/400] Steps: 720 | Reward:  182.17 | Battery:  54.26% | Loss: 0.2031
Placing Sensors
[Episode 160/400] Steps: 720 | Reward:  180.88 | Battery:  56.87% | Loss: 
Placing Sensors
Policy -0.0061 | Value 186.3046 | KL 0.01081 | CF 0.1388 | Std 0.1097 | |a| 0.0242 | EV +0.735 | Rsd 32.420 | Res 16.682 | AE nan | Alpha 0.0531 | MB 24/24
  cert | viol 0.128 | dV -0.259423 | V 0.3946 | inball 0.330 | a*_q05 -0.00089 | a*_q50 0.02147 | dV>=0 0.075 | n=150 | a_used 0.00257 -> 0.00244
[Episode 161/400] Steps: 720 | Reward:  184.60 | Battery:  60.18% | Loss: 0.1753
Placing Sensors
[Episode 162/400] Steps: 176 | Reward:  -59.22 | Battery:   0.00% | Loss: 
Placing Sensors
[Episode 163/400] Steps: 720 | Reward:  275.40 | Battery:  78.89% | Loss: 
Placing Sensors
Policy 0.0045 | Value 160.5291 | KL 0.01186 | CF 0.1569 | Std 0.1097 | |a| 0.0235 | EV +0.598 | Rsd 28.786 | Res 18.388 | AE nan | Alpha 0.0487 | MB 28/28
  cert | viol 0.028 | dV -0.216766 | V 0.3055 | inball 0.372 | a*_q05 0.00322 | a*_q50 0.02261 | dV>=0 0.012 | n=150 | a_used 0.00244 -> 0.00249
[Episode 164/400] Steps: 720 | Reward:  182.78 | Battery:  57.40% | Loss: 0.1350
Placing Sensors
[Episode 165/400] Steps: 720 | Reward:  281.58 | Battery:  81.22% | Loss: 
Placing Sensors
Policy -0.0011 | Value 133.8849 | KL 0.00799 | CF 0.0915 | Std 0.1098 | |a| 0.0270 | EV +0.676 | Rsd 29.075 | Res 16.559 | AE nan | Alpha 0.0451 | MB 24/24
  cert | viol 0.218 | dV -0.261372 | V 0.4158 | inball 0.362 | a*_q05 -0.01307 | a*_q50 0.01563 | dV>=0 0.158 | n=150 | a_used 0.00249 -> 0.00236
[Episode 166/400] Steps: 720 | Reward:  188.35 | Battery:  56.52% | Loss: 0.0996
Placing Sensors
[Episode 167/400] Steps: 720 | Reward:  202.38 | Battery:  61.57% | Loss: 
Placing Sensors
Policy -0.0064 | Value 108.9416 | KL 0.00755 | CF 0.0954 | Std 0.1098 | |a| 0.0245 | EV +0.748 | Rsd 28.297 | Res 14.266 | AE nan | Alpha 0.0418 | MB 24/24
  cert | viol 0.147 | dV -0.231440 | V 0.3976 | inball 0.410 | a*_q05 -0.00058 | a*_q50 0.01570 | dV>=0 0.066 | n=150 | a_used 0.00236 -> 0.00225
[Episode 168/400] Steps: 720 | Reward:  272.47 | Battery:  82.97% | Loss: 0.1151
Placing Sensors
[Episode 169/400] Steps: 720 | Reward:  201.94 | Battery:  64.35% | Loss: 
Placing Sensors
[Episode 170/400] Steps:  74 | Reward:  -61.05 | Battery:   0.00% | Loss: 
Placing Sensors
Policy 0.0133 | Value 258.4785 | KL 0.02386 | CF 0.2080 | Std 0.1098 | |a| 0.0266 | EV +0.818 | Rsd 34.900 | Res 14.899 | AE nan | Alpha 0.0385 | MB 18/24
  cert | viol 0.096 | dV -0.258131 | V 0.3762 | inball 0.383 | a*_q05 0.00054 | a*_q50 0.02454 | dV>=0 0.048 | n=150 | a_used 0.00225 -> 0.00223
[Episode 171/400] Steps: 720 | Reward:  255.63 | Battery:  67.88% | Loss: 0.1506
Placing Sensors
[Episode 172/400] Steps: 103 | Reward:  -72.79 | Battery:   0.00% | Loss: 
Placing Sensors
[Episode 173/400] Steps: 720 | Reward:  218.82 | Battery:  63.06% | Loss: 
Placing Sensors
Policy 0.0229 | Value 240.8614 | KL 0.00784 | CF 0.0917 | Std 0.1099 | |a| 0.0242 | EV +0.697 | Rsd 32.148 | Res 17.708 | AE nan | Alpha 0.0355 | MB 28/28
  cert | viol 0.133 | dV -0.258907 | V 0.3763 | inball 0.300 | a*_q05 0.00091 | a*_q50 0.01935 | dV>=0 0.083 | n=150 | a_used 0.00223 -> 0.00226
[Episode 174/400] Steps: 720 | Reward:  223.80 | Battery:  73.91% | Loss: 0.0253
Placing Sensors
[Episode 175/400] Steps:  68 | Reward:  -62.34 | Battery:   0.00% | Loss: 
Placing Sensors
[Episode 176/400] Steps:  95 | Reward:  -67.38 | Battery:   0.00% | Loss: 
Placing Sensors
[Episode 177/400] Steps: 130 | Reward:  -67.25 | Battery:   0.00% | Loss: 
Placing Sensors
[Episode 178/400] Steps: 720 | Reward:  250.32 | Battery:  72.35% | Loss: 
Placing Sensors
[Episode 179/400] Steps:  68 | Reward:  -63.45 | Battery:   0.00% | Loss: 
Placing Sensors
Policy -0.0157 | Value 108.2287 | KL 0.00757 | CF 0.0917 | Std 0.1099 | |a| 0.0199 | EV +0.807 | Rsd 31.212 | Res 14.284 | AE nan | Alpha 0.0322 | MB 32/32
  cert | viol 0.149 | dV -0.248915 | V 0.4092 | inball 0.278 | a*_q05 -0.00019 | a*_q50 0.02023 | dV>=0 0.088 | n=150 | a_used 0.00226 -> 0.00243
[Episode 180/400] Steps: 720 | Reward:  189.43 | Battery:  58.32% | Loss: -0.0500
Placing Sensors
[Episode 181/400] Steps: 720 | Reward:  159.54 | Battery:  55.90% | Loss: 
Placing Sensors
Policy -0.0018 | Value 130.8369 | KL 0.00966 | CF 0.1195 | Std 0.1099 | |a| 0.0231 | EV +0.764 | Rsd 30.131 | Res 15.527 | AE nan | Alpha 0.0299 | MB 24/24
  cert | viol 0.110 | dV -0.204248 | V 0.3083 | inball 0.168 | a*_q05 -0.00185 | a*_q50 0.01188 | dV>=0 0.073 | n=150 | a_used 0.00243 -> 0.00222
[Episode 182/400] Steps: 720 | Reward:  247.85 | Battery:  75.76% | Loss: -0.0669
Placing Sensors
[Episode 183/400] Steps: 720 | Reward:  237.27 | Battery:  66.04% | Loss: 
Placing Sensors
[Episode 184/400] Steps: 116 | Reward:  -56.39 | Battery:   0.00% | Loss: 
Placing Sensors
Policy 0.0086 | Value 141.5588 | KL 0.01124 | CF 0.1449 | Std 0.1099 | |a| 0.0388 | EV +0.750 | Rsd 31.179 | Res 15.724 | AE nan | Alpha 0.0275 | MB 28/28
  cert | viol 0.063 | dV -0.209181 | V 0.2869 | inball 0.301 | a*_q05 0.00241 | a*_q50 0.02039 | dV>=0 0.030 | n=150 | a_used 0.00222 -> 0.00237
[Episode 185/400] Steps: 720 | Reward:  157.20 | Battery:  48.80% | Loss: 0.0059
Placing Sensors
[Episode 186/400] Steps: 720 | Reward:  226.03 | Battery:  73.16% | Loss: 
Placing Sensors
[Episode 187/400] Steps: 145 | Reward:  -45.52 | Battery:   0.00% | Loss: 
Placing Sensors
Policy 0.0059 | Value 119.4427 | KL 0.01344 | CF 0.1494 | Std 0.1100 | |a| 0.0337 | EV +0.807 | Rsd 31.998 | Res 14.091 | AE nan | Alpha 0.0253 | MB 28/28
  cert | viol 0.024 | dV -0.253529 | V 0.3265 | inball 0.282 | a*_q05 0.00459 | a*_q50 0.02397 | dV>=0 0.000 | n=150 | a_used 0.00237 -> 0.00244
[Episode 188/400] Steps: 720 | Reward:  166.40 | Battery:  49.33% | Loss: 0.1627
Placing Sensors
[Episode 189/400] Steps: 720 | Reward:  216.60 | Battery:  67.21% | Loss: 
Placing Sensors
Policy -0.0014 | Value 85.7849 | KL 0.00696 | CF 0.0852 | Std 0.1100 | |a| 0.0333 | EV +0.827 | Rsd 28.850 | Res 12.084 | AE nan | Alpha 0.0234 | MB 24/24
  cert | viol 0.038 | dV -0.245880 | V 0.3151 | inball 0.451 | a*_q05 0.00353 | a*_q50 0.02519 | dV>=0 0.000 | n=150 | a_used 0.00244 -> 0.00250
[Episode 190/400] Steps: 720 | Reward:  262.33 | Battery:  77.37% | Loss: 0.0716
Placing Sensors
[Episode 191/400] Steps: 116 | Reward:  -55.49 | Battery:   0.00% | Loss: 
Placing Sensors
[Episode 192/400] Steps:  71 | Reward:  -64.15 | Battery:   0.00% | Loss: 
Placing Sensors
[Episode 193/400] Steps:  99 | Reward:  -54.03 | Battery:   0.00% | Loss: 
Placing Sensors
[Episode 194/400] Steps:  76 | Reward:  -59.17 | Battery:   0.00% | Loss: 
Placing Sensors
[Episode 195/400] Steps: 720 | Reward:  220.48 | Battery:  67.76% | Loss: 
Placing Sensors
Policy -0.0043 | Value 104.0151 | KL 0.00776 | CF 0.0947 | Std 0.1100 | |a| 0.0277 | EV +0.834 | Rsd 34.967 | Res 15.194 | AE nan | Alpha 0.0213 | MB 32/32
  cert | viol 0.098 | dV -0.211051 | V 0.2951 | inball 0.318 | a*_q05 0.00270 | a*_q50 0.02350 | dV>=0 0.016 | n=150 | a_used 0.00250 -> 0.00268
[Episode 196/400] Steps: 720 | Reward:  207.34 | Battery:  62.83% | Loss: 0.1688
Placing Sensors
[Episode 197/400] Steps:  86 | Reward:  -59.92 | Battery:   0.00% | Loss: 
Placing Sensors
[Episode 198/400] Steps: 720 | Reward:  234.79 | Battery:  64.88% | Loss: 
Placing Sensors
Policy -0.0016 | Value 136.1378 | KL 0.01309 | CF 0.1649 | Std 0.1100 | |a| 0.0253 | EV +0.829 | Rsd 36.100 | Res 15.373 | AE nan | Alpha 0.0196 | MB 24/24
  cert | viol 0.071 | dV -0.216340 | V 0.3057 | inball 0.328 | a*_q05 0.00194 | a*_q50 0.02292 | dV>=0 0.028 | n=150 | a_used 0.00268 -> 0.00257
[Episode 199/400] Steps: 720 | Reward:  170.95 | Battery:  49.75% | Loss: 0.0427
Placing Sensors
[Episode 200/400] Steps: 720 | Reward:  186.93 | Battery:  56.58% | Loss: 
Placing Sensors
Policy -0.0067 | Value 165.3601 | KL 0.01046 | CF 0.1294 | Std 0.1100 | |a| 0.0171 | EV +0.821 | Rsd 33.506 | Res 14.443 | AE nan | Alpha 0.0181 | MB 24/24
  cert | viol 0.137 | dV -0.234478 | V 0.3376 | inball 0.461 | a*_q05 -0.00132 | a*_q50 0.02541 | dV>=0 0.099 | n=150 | a_used 0.00257 -> 0.00244
[Episode 201/400] Steps: 720 | Reward:  300.42 | Battery:  82.89% | Loss: -0.0475
Placing Sensors
[Episode 202/400] Steps: 720 | Reward:  239.79 | Battery:  69.86% | Loss: 
Placing Sensors
Policy -0.0045 | Value 141.0119 | KL 0.01006 | CF 0.1135 | Std 0.1100 | |a| 0.0265 | EV +0.660 | Rsd 25.563 | Res 15.323 | AE nan | Alpha 0.0168 | MB 24/24
  cert | viol 0.132 | dV -0.167136 | V 0.2632 | inball 0.186 | a*_q05 0.00052 | a*_q50 0.01154 | dV>=0 0.035 | n=150 | a_used 0.00244 -> 0.00236
[Episode 203/400] Steps: 720 | Reward:  244.34 | Battery:  77.52% | Loss: 0.0873
Placing Sensors
[Episode 204/400] Steps: 720 | Reward:  234.31 | Battery:  70.50% | Loss: 
Placing Sensors
Policy -0.0032 | Value 104.2370 | KL 0.01107 | CF 0.1178 | Std 0.1100 | |a| 0.0252 | EV +0.693 | Rsd 26.979 | Res 15.046 | AE nan | Alpha 0.0156 | MB 24/24
  cert | viol 0.102 | dV -0.257410 | V 0.3664 | inball 0.431 | a*_q05 0.00081 | a*_q50 0.02471 | dV>=0 0.013 | n=150 | a_used 0.00236 -> 0.00236
[Episode 205/400] Steps: 720 | Reward:  237.04 | Battery:  77.97% | Loss: 0.0601
Placing Sensors
[Episode 206/400] Steps: 720 | Reward:  231.65 | Battery:  61.14% | Loss: 
Placing Sensors
Policy -0.0023 | Value 96.8058 | KL 0.00887 | CF 0.1091 | Std 0.1100 | |a| 0.0228 | EV +0.801 | Rsd 30.273 | Res 13.852 | AE nan | Alpha 0.0144 | MB 24/24
  cert | viol 0.079 | dV -0.254491 | V 0.3457 | inball 0.482 | a*_q05 0.00107 | a*_q50 0.02851 | dV>=0 0.032 | n=150 | a_used 0.00236 -> 0.00230
[Episode 207/400] Steps: 720 | Reward:  232.29 | Battery:  70.96% | Loss: 0.0611
Placing Sensors
[Episode 208/400] Steps: 720 | Reward:  233.61 | Battery:  69.02% | Loss: 
Placing Sensors
[Episode 209/400] Steps:  71 | Reward:  -65.93 | Battery:   0.00% | Loss: 
Placing Sensors
[Episode 210/400] Steps: 101 | Reward:  -58.98 | Battery:   0.00% | Loss: 
Placing Sensors
Policy 0.0007 | Value 104.1532 | KL 0.01029 | CF 0.1347 | Std 0.1100 | |a| 0.0189 | EV +0.880 | Rsd 36.979 | Res 13.758 | AE nan | Alpha 0.0132 | MB 28/28
  cert | viol 0.104 | dV -0.258204 | V 0.3663 | inball 0.404 | a*_q05 0.00089 | a*_q50 0.02560 | dV>=0 0.045 | n=150 | a_used 0.00230 -> 0.00225
[Episode 211/400] Steps: 720 | Reward:  225.80 | Battery:  63.14% | Loss: -0.0190
Placing Sensors
[Episode 212/400] Steps: 720 | Reward:  246.77 | Battery:  70.94% | Loss: 
Placing Sensors
[Episode 213/400] Steps: 106 | Reward:  -63.78 | Battery:   0.00% | Loss: 
Placing Sensors
Policy -0.0164 | Value 116.5422 | KL 0.00933 | CF 0.1201 | Std 0.1100 | |a| 0.0176 | EV +0.828 | Rsd 34.639 | Res 14.365 | AE nan | Alpha 0.0122 | MB 28/28
  cert | viol 0.066 | dV -0.282643 | V 0.3718 | inball 0.390 | a*_q05 0.00240 | a*_q50 0.02681 | dV>=0 0.023 | n=150 | a_used 0.00225 -> 0.00222
[Episode 214/400] Steps: 720 | Reward:  170.54 | Battery:  50.19% | Loss: -0.1255
Placing Sensors
[Episode 215/400] Steps: 720 | Reward:  158.13 | Battery:  47.37% | Loss: 
Placing Sensors
[Episode 216/400] Steps:  73 | Reward:  -63.25 | Battery:   0.00% | Loss: 
Placing Sensors
Policy -0.0024 | Value 220.1999 | KL 0.00926 | CF 0.1143 | Std 0.1101 | |a| 0.0177 | EV +0.817 | Rsd 34.007 | Res 14.608 | AE nan | Alpha 0.0112 | MB 24/24
  cert | viol 0.261 | dV -0.228983 | V 0.4069 | inball 0.325 | a*_q05 -0.01197 | a*_q50 0.01840 | dV>=0 0.189 | n=150 | a_used 0.00222 -> 0.00210
[Episode 217/400] Steps: 720 | Reward:  271.88 | Battery:  82.08% | Loss: 0.1428
Placing Sensors
[Episode 218/400] Steps: 720 | Reward:  223.07 | Battery:  73.48% | Loss: 
Placing Sensors
Policy 0.0002 | Value 89.9826 | KL 0.00672 | CF 0.0785 | Std 0.1101 | |a| 0.0189 | EV +0.870 | Rsd 34.341 | Res 13.045 | AE nan | Alpha 0.0104 | MB 24/24
  cert | viol 0.113 | dV -0.289258 | V 0.4158 | inball 0.424 | a*_q05 -0.00037 | a*_q50 0.02445 | dV>=0 0.061 | n=150 | a_used 0.00210 -> 0.00200
[Episode 219/400] Steps: 720 | Reward:  261.80 | Battery:  75.53% | Loss: -0.0270
Placing Sensors
[Episode 220/400] Steps:  86 | Reward:  -62.10 | Battery:   0.00% | Loss: 
Placing Sensors
[Episode 221/400] Steps: 720 | Reward:  235.26 | Battery:  57.63% | Loss: 
Placing Sensors
Policy -0.0025 | Value 111.2154 | KL 0.00474 | CF 0.0532 | Std 0.1101 | |a| 0.0176 | EV +0.859 | Rsd 38.563 | Res 14.511 | AE nan | Alpha 0.0100 | MB 24/24
  cert | viol 0.030 | dV -0.319371 | V 0.3819 | inball 0.391 | a*_q05 0.00365 | a*_q50 0.03072 | dV>=0 0.000 | n=150 | a_used 0.00200 -> 0.00204
[Episode 222/400] Steps: 720 | Reward:  217.53 | Battery:  60.87% | Loss: -0.0513
Placing Sensors
[Episode 223/400] Steps: 720 | Reward:  219.29 | Battery:  70.38% | Loss: 
Placing Sensors
[Episode 224/400] Steps:  78 | Reward:  -63.00 | Battery:   0.00% | Loss: 
Placing Sensors
Policy -0.0029 | Value 125.4945 | KL 0.01116 | CF 0.1392 | Std 0.1100 | |a| 0.0170 | EV +0.705 | Rsd 33.503 | Res 18.264 | AE nan | Alpha 0.0100 | MB 24/24
  cert | viol 0.023 | dV -0.262212 | V 0.3290 | inball 0.431 | a*_q05 0.00388 | a*_q50 0.03102 | dV>=0 0.003 | n=150 | a_used 0.00204 -> 0.00210
[Episode 225/400] Steps: 720 | Reward:  239.12 | Battery:  64.12% | Loss: 0.0032
Placing Sensors
[Episode 226/400] Steps: 720 | Reward:  224.34 | Battery:  65.31% | Loss: 
Placing Sensors
[Episode 227/400] Steps:  96 | Reward:  -69.41 | Battery:   0.00% | Loss: 
Placing Sensors
Policy -0.0094 | Value 78.3108 | KL 0.00861 | CF 0.1066 | Std 0.1100 | |a| 0.0178 | EV +0.878 | Rsd 36.284 | Res 12.706 | AE nan | Alpha 0.0100 | MB 24/24
  cert | viol 0.192 | dV -0.209955 | V 0.2932 | inball 0.277 | a*_q05 -0.01497 | a*_q50 0.01350 | dV>=0 0.172 | n=150 | a_used 0.00210 -> 0.00200
[Episode 228/400] Steps: 720 | Reward:  177.98 | Battery:  59.71% | Loss: 0.0267
Placing Sensors
[Episode 229/400] Steps: 720 | Reward:  151.08 | Battery:  46.61% | Loss: 
Placing Sensors
Policy -0.0076 | Value 101.9907 | KL 0.00649 | CF 0.0814 | Std 0.1100 | |a| 0.0177 | EV +0.895 | Rsd 35.010 | Res 11.766 | AE nan | Alpha 0.0100 | MB 24/24
  cert | viol 0.029 | dV -0.271672 | V 0.3701 | inball 0.338 | a*_q05 0.00265 | a*_q50 0.02348 | dV>=0 0.006 | n=150 | a_used 0.00200 -> 0.00206
[Episode 230/400] Steps: 720 | Reward:  214.66 | Battery:  65.49% | Loss: 0.0989
Placing Sensors
[Episode 231/400] Steps: 720 | Reward:  197.79 | Battery:  54.43% | Loss: 
Placing Sensors
[Episode 232/400] Steps: 143 | Reward:  -60.27 | Battery:   0.00% | Loss: 
Placing Sensors
Policy -0.0079 | Value 111.5229 | KL 0.00963 | CF 0.1217 | Std 0.1100 | |a| 0.0195 | EV +0.878 | Rsd 35.939 | Res 12.613 | AE nan | Alpha 0.0100 | MB 28/28
  cert | viol 0.049 | dV -0.262654 | V 0.3565 | inball 0.360 | a*_q05 0.00244 | a*_q50 0.02691 | dV>=0 0.030 | n=150 | a_used 0.00206 -> 0.00208
[Episode 233/400] Steps: 720 | Reward:  213.83 | Battery:  66.32% | Loss: 0.2230
Placing Sensors
[Episode 234/400] Steps: 108 | Reward:  -72.76 | Battery:   0.00% | Loss: 
Placing Sensors
[Episode 235/400] Steps: 720 | Reward:  199.03 | Battery:  66.83% | Loss: 
Placing Sensors
Policy -0.0048 | Value 123.4382 | KL 0.01105 | CF 0.1070 | Std 0.1100 | |a| 0.0217 | EV +0.807 | Rsd 31.524 | Res 13.836 | AE nan | Alpha 0.0100 | MB 28/28
  cert | viol 0.117 | dV -0.185843 | V 0.2935 | inball 0.191 | a*_q05 -0.00069 | a*_q50 0.01412 | dV>=0 0.045 | n=150 | a_used 0.00208 -> 0.00224
[Episode 236/400] Steps: 720 | Reward:  174.30 | Battery:  53.42% | Loss: 0.1008
Placing Sensors
[Episode 237/400] Steps: 720 | Reward:  269.21 | Battery:  79.37% | Loss: 
Placing Sensors
Policy -0.0022 | Value 86.6858 | KL 0.00532 | CF 0.0663 | Std 0.1100 | |a| 0.0157 | EV +0.868 | Rsd 31.898 | Res 11.911 | AE nan | Alpha 0.0100 | MB 24/24
  cert | viol 0.093 | dV -0.194879 | V 0.2423 | inball 0.421 | a*_q05 -0.01001 | a*_q50 0.02454 | dV>=0 0.093 | n=150 | a_used 0.00224 -> 0.00213
[Episode 238/400] Steps: 720 | Reward:  177.44 | Battery:  53.50% | Loss: 0.1083
Placing Sensors
[Episode 239/400] Steps: 720 | Reward:  203.58 | Battery:  65.00% | Loss: 
Placing Sensors
Policy -0.0081 | Value 81.2709 | KL 0.00651 | CF 0.0840 | Std 0.1100 | |a| 0.0184 | EV +0.772 | Rsd 25.364 | Res 12.231 | AE nan | Alpha 0.0100 | MB 24/24
  cert | viol 0.069 | dV -0.196959 | V 0.2875 | inball 0.343 | a*_q05 0.00088 | a*_q50 0.02036 | dV>=0 0.047 | n=150 | a_used 0.00213 -> 0.00202
[Episode 240/400] Steps: 720 | Reward:  236.88 | Battery:  75.07% | Loss: 0.0984
Placing Sensors
[Episode 241/400] Steps: 720 | Reward:  219.63 | Battery:  69.86% | Loss: 
Placing Sensors
[Episode 242/400] Steps:  62 | Reward:  -60.54 | Battery:   0.00% | Loss: 
Placing Sensors
[Episode 243/400] Steps:  82 | Reward:  -59.75 | Battery:   0.00% | Loss: 
Placing Sensors
Policy -0.0045 | Value 82.4732 | KL 0.00786 | CF 0.0998 | Std 0.1100 | |a| 0.0172 | EV +0.884 | Rsd 34.967 | Res 11.932 | AE nan | Alpha 0.0100 | MB 28/28
  cert | viol 0.004 | dV -0.259263 | V 0.3147 | inball 0.401 | a*_q05 0.00526 | a*_q50 0.02793 | dV>=0 0.000 | n=150 | a_used 0.00202 -> 0.00211
[Episode 244/400] Steps: 720 | Reward:  170.82 | Battery:  46.96% | Loss: -0.1179
Placing Sensors
[Episode 245/400] Steps: 720 | Reward:  237.85 | Battery:  66.53% | Loss: 
Placing Sensors
[Episode 246/400] Steps:  99 | Reward:  -63.74 | Battery:   0.00% | Loss: 
Placing Sensors
Policy 0.0338 | Value 96.4533 | KL 0.01292 | CF 0.1429 | Std 0.1100 | |a| 0.0240 | EV +0.903 | Rsd 35.515 | Res 11.296 | AE nan | Alpha 0.0100 | MB 28/28
  cert | viol 0.014 | dV -0.233666 | V 0.2852 | inball 0.460 | a*_q05 0.00687 | a*_q50 0.02962 | dV>=0 0.000 | n=150 | a_used 0.00211 -> 0.00228
[Episode 247/400] Steps: 720 | Reward:  233.95 | Battery:  70.75% | Loss: 1.6207
Placing Sensors
[Episode 248/400] Steps: 720 | Reward:  325.07 | Battery:  87.51% | Loss: 
Placing Sensors
Policy -0.0042 | Value 68.2664 | KL 0.01156 | CF 0.1527 | Std 0.1100 | |a| 0.0237 | EV +0.864 | Rsd 31.934 | Res 13.463 | AE nan | Alpha 0.0100 | MB 24/24
  cert | viol 0.000 | dV -0.178720 | V 0.1944 | inball 0.585 | a*_q05 0.01105 | a*_q50 0.03292 | dV>=0 0.000 | n=150 | a_used 0.00228 -> 0.00245
[Episode 249/400] Steps: 720 | Reward:  224.13 | Battery:  62.73% | Loss: 0.0849
Placing Sensors
[Episode 250/400] Steps: 720 | Reward:  176.51 | Battery:  57.03% | Loss: 
Placing Sensors
[Episode 251/400] Steps:  97 | Reward:  -61.25 | Battery:   0.00% | Loss: 
Placing Sensors
[Episode 252/400] Steps:  67 | Reward:  -65.61 | Battery:   0.00% | Loss: 
Placing Sensors
Policy 0.0001 | Value 98.6832 | KL 0.00762 | CF 0.0916 | Std 0.1100 | |a| 0.0418 | EV +0.855 | Rsd 34.320 | Res 13.760 | AE nan | Alpha 0.0100 | MB 28/28
  cert | viol 0.055 | dV -0.221721 | V 0.3016 | inball 0.336 | a*_q05 0.00300 | a*_q50 0.01759 | dV>=0 0.031 | n=150 | a_used 0.00245 -> 0.00253
[Episode 253/400] Steps: 720 | Reward:  244.44 | Battery:  73.58% | Loss: 0.3365
Placing Sensors
[Episode 254/400] Steps: 720 | Reward:  260.28 | Battery:  73.12% | Loss: 
Placing Sensors
[Episode 255/400] Steps: 116 | Reward:  -50.91 | Battery:   0.00% | Loss: 
Placing Sensors
Policy -0.0224 | Value 67.8845 | KL 0.01574 | CF 0.1614 | Std 0.1100 | |a| 0.0209 | EV +0.898 | Rsd 34.902 | Res 11.774 | AE nan | Alpha 0.0100 | MB 28/28
  cert | viol 0.000 | dV -0.228845 | V 0.2813 | inball 0.443 | a*_q05 0.00618 | a*_q50 0.02574 | dV>=0 0.000 | n=150 | a_used 0.00253 -> 0.00264
[Episode 256/400] Steps: 720 | Reward:  222.71 | Battery:  63.96% | Loss: -0.2256
Placing Sensors
[Episode 257/400] Steps: 720 | Reward:  279.59 | Battery:  80.40% | Loss: 
Placing Sensors
Policy -0.0073 | Value 89.9667 | KL 0.00645 | CF 0.0802 | Std 0.1099 | |a| 0.0188 | EV +0.866 | Rsd 30.564 | Res 11.495 | AE nan | Alpha 0.0100 | MB 24/24
  cert | viol 0.047 | dV -0.272764 | V 0.3290 | inball 0.588 | a*_q05 0.00316 | a*_q50 0.03363 | dV>=0 0.004 | n=150 | a_used 0.00264 -> 0.00255
[Episode 258/400] Steps: 720 | Reward:  297.56 | Battery:  85.60% | Loss: -0.0033
Placing Sensors
[Episode 259/400] Steps: 720 | Reward:  174.92 | Battery:  58.11% | Loss: 
Placing Sensors
[Episode 260/400] Steps:  84 | Reward:  -63.31 | Battery:   0.00% | Loss: 
Placing Sensors
[Episode 261/400] Steps: 100 | Reward:  -58.10 | Battery:   0.00% | Loss: 
Placing Sensors
Policy 0.0016 | Value 96.4461 | KL 0.00970 | CF 0.1381 | Std 0.1099 | |a| 0.0263 | EV +0.836 | Rsd 32.553 | Res 13.227 | AE nan | Alpha 0.0100 | MB 28/28
  cert | viol 0.078 | dV -0.271417 | V 0.3749 | inball 0.304 | a*_q05 0.00147 | a*_q50 0.02026 | dV>=0 0.038 | n=150 | a_used 0.00255 -> 0.00233
[Episode 262/400] Steps: 720 | Reward:  227.72 | Battery:  60.01% | Loss: -0.0497
Placing Sensors
[Episode 263/400] Steps:  95 | Reward:  -56.92 | Battery:   0.00% | Loss: 
Placing Sensors
[Episode 264/400] Steps: 720 | Reward:  233.34 | Battery:  62.85% | Loss: 
Placing Sensors
Policy -0.0040 | Value 94.9441 | KL 0.01046 | CF 0.1314 | Std 0.1098 | |a| 0.0203 | EV +0.824 | Rsd 32.186 | Res 13.762 | AE nan | Alpha 0.0100 | MB 24/24
  cert | viol 0.028 | dV -0.246145 | V 0.2972 | inball 0.436 | a*_q05 0.00468 | a*_q50 0.02770 | dV>=0 0.000 | n=150 | a_used 0.00233 -> 0.00242
[Episode 265/400] Steps: 720 | Reward:  252.67 | Battery:  74.15% | Loss: 0.1187
Placing Sensors
[Episode 266/400] Steps: 720 | Reward:  307.83 | Battery:  82.79% | Loss: 
Placing Sensors
Policy -0.0005 | Value 54.5965 | KL 0.01003 | CF 0.1273 | Std 0.1098 | |a| 0.0218 | EV +0.918 | Rsd 31.626 | Res 9.385 | AE nan | Alpha 0.0100 | MB 24/24
  cert | viol 0.034 | dV -0.235240 | V 0.2915 | inball 0.527 | a*_q05 0.00384 | a*_q50 0.02765 | dV>=0 0.007 | n=150 | a_used 0.00242 -> 0.00246
[Episode 267/400] Steps: 720 | Reward:  233.13 | Battery:  74.50% | Loss: 0.0349
Placing Sensors
[Episode 268/400] Steps: 720 | Reward:  246.91 | Battery:  70.10% | Loss: 
Placing Sensors
[Episode 269/400] Steps: 105 | Reward:  -69.53 | Battery:   0.00% | Loss: 
Placing Sensors
Policy 0.0036 | Value 78.3959 | KL 0.01074 | CF 0.1056 | Std 0.1098 | |a| 0.0221 | EV +0.913 | Rsd 36.605 | Res 10.920 | AE nan | Alpha 0.0100 | MB 28/28
  cert | viol 0.039 | dV -0.264029 | V 0.3346 | inball 0.430 | a*_q05 0.00427 | a*_q50 0.02802 | dV>=0 0.000 | n=150 | a_used 0.00246 -> 0.00254
[Episode 270/400] Steps: 720 | Reward:  236.46 | Battery:  65.21% | Loss: 0.0268
Placing Sensors
[Episode 271/400] Steps: 720 | Reward:  293.65 | Battery:  82.81% | Loss: 
Placing Sensors
Policy -0.0101 | Value 49.9263 | KL 0.01642 | CF 0.1670 | Std 0.1097 | |a| 0.0259 | EV +0.917 | Rsd 30.399 | Res 8.739 | AE nan | Alpha 0.0100 | MB 24/24
  cert | viol 0.018 | dV -0.204638 | V 0.2507 | inball 0.547 | a*_q05 0.00436 | a*_q50 0.03093 | dV>=0 0.000 | n=150 | a_used 0.00254 -> 0.00261
[Episode 272/400] Steps: 720 | Reward:  268.05 | Battery:  75.35% | Loss: 0.0534
Placing Sensors
[Episode 273/400] Steps: 720 | Reward:  266.58 | Battery:  64.95% | Loss: 
Placing Sensors
Policy -0.0013 | Value 58.8984 | KL 0.01169 | CF 0.1309 | Std 0.1097 | |a| 0.0214 | EV +0.909 | Rsd 32.404 | Res 9.832 | AE nan | Alpha 0.0100 | MB 24/24
  cert | viol 0.070 | dV -0.266934 | V 0.3557 | inball 0.503 | a*_q05 0.00199 | a*_q50 0.03207 | dV>=0 0.019 | n=150 | a_used 0.00261 -> 0.00262
[Episode 274/400] Steps: 720 | Reward:  252.97 | Battery:  75.94% | Loss: 0.1125
Placing Sensors
[Episode 275/400] Steps: 720 | Reward:  236.87 | Battery:  72.38% | Loss: 
Placing Sensors
Policy -0.0061 | Value 48.9823 | KL 0.00879 | CF 0.1083 | Std 0.1097 | |a| 0.0206 | EV +0.931 | Rsd 33.909 | Res 8.978 | AE nan | Alpha 0.0100 | MB 24/24
  cert | viol 0.129 | dV -0.277245 | V 0.3734 | inball 0.322 | a*_q05 -0.00509 | a*_q50 0.02188 | dV>=0 0.076 | n=150 | a_used 0.00262 -> 0.00249
[Episode 276/400] Steps: 720 | Reward:  226.87 | Battery:  69.37% | Loss: -0.0217
Placing Sensors
[Episode 277/400] Steps: 720 | Reward:  217.51 | Battery:  66.18% | Loss: 
Placing Sensors
Policy -0.0023 | Value 76.5383 | KL 0.01250 | CF 0.1691 | Std 0.1096 | |a| 0.0267 | EV +0.904 | Rsd 35.317 | Res 11.133 | AE nan | Alpha 0.0100 | MB 24/24
  cert | viol 0.142 | dV -0.244595 | V 0.3567 | inball 0.428 | a*_q05 0.00056 | a*_q50 0.02556 | dV>=0 0.035 | n=150 | a_used 0.00249 -> 0.00226
[Episode 278/400] Steps: 720 | Reward:  216.50 | Battery:  64.12% | Loss: 0.1648
Placing Sensors
[Episode 279/400] Steps: 720 | Reward:  287.51 | Battery:  79.00% | Loss: 
Placing Sensors
Policy -0.0083 | Value 57.7165 | KL 0.01179 | CF 0.1516 | Std 0.1096 | |a| 0.0282 | EV +0.911 | Rsd 31.487 | Res 9.874 | AE nan | Alpha 0.0100 | MB 24/24
  cert | viol 0.002 | dV -0.248717 | V 0.3003 | inball 0.553 | a*_q05 0.00512 | a*_q50 0.03185 | dV>=0 0.000 | n=150 | a_used 0.00226 -> 0.00239
[Episode 280/400] Steps: 720 | Reward:  271.01 | Battery:  79.57% | Loss: 0.0547
Placing Sensors
[Episode 281/400] Steps: 720 | Reward:  289.56 | Battery:  80.13% | Loss: 
Placing Sensors
Policy -0.0042 | Value 115.3778 | KL 0.00828 | CF 0.1058 | Std 0.1097 | |a| 0.0274 | EV +0.922 | Rsd 30.052 | Res 8.609 | AE nan | Alpha 0.0100 | MB 24/24
  cert | viol 0.000 | dV -0.280040 | V 0.3034 | inball 0.617 | a*_q05 0.00931 | a*_q50 0.03820 | dV>=0 0.000 | n=150 | a_used 0.00239 -> 0.00257
[Episode 282/400] Steps: 720 | Reward:  264.60 | Battery:  73.91% | Loss: 0.0259
Placing Sensors
[Episode 283/400] Steps: 720 | Reward:  130.84 | Battery:  38.37% | Loss: 
Placing Sensors
Policy -0.0023 | Value 85.3602 | KL 0.01059 | CF 0.1239 | Std 0.1097 | |a| 0.0343 | EV +0.833 | Rsd 32.950 | Res 13.455 | AE nan | Alpha 0.0100 | MB 24/24
  cert | viol 0.110 | dV -0.220848 | V 0.3198 | inball 0.332 | a*_q05 -0.01583 | a*_q50 0.02059 | dV>=0 0.081 | n=150 | a_used 0.00257 -> 0.00244
[Episode 284/400] Steps: 720 | Reward:  201.62 | Battery:  48.76% | Loss: -0.0457
Placing Sensors
[Episode 285/400] Steps: 720 | Reward:  199.57 | Battery:  59.29% | Loss: 
Placing Sensors
Policy -0.0067 | Value 70.2312 | KL 0.00793 | CF 0.0942 | Std 0.1097 | |a| 0.0314 | EV +0.893 | Rsd 34.532 | Res 11.417 | AE nan | Alpha 0.0100 | MB 24/24
  cert | viol 0.006 | dV -0.250635 | V 0.2936 | inball 0.498 | a*_q05 0.00499 | a*_q50 0.03302 | dV>=0 0.000 | n=150 | a_used 0.00244 -> 0.00257
[Episode 286/400] Steps: 720 | Reward:  209.56 | Battery:  62.07% | Loss: 0.0358
Placing Sensors
[Episode 287/400] Steps: 125 | Reward:  -58.07 | Battery:   0.00% | Loss: 
Placing Sensors
[Episode 288/400] Steps: 720 | Reward:  234.97 | Battery:  64.74% | Loss: 
Placing Sensors
Policy -0.0096 | Value 99.8921 | KL 0.01132 | CF 0.1236 | Std 0.1097 | |a| 0.0334 | EV +0.884 | Rsd 34.962 | Res 11.933 | AE nan | Alpha 0.0100 | MB 28/28
  cert | viol 0.043 | dV -0.222583 | V 0.2838 | inball 0.428 | a*_q05 0.00391 | a*_q50 0.02748 | dV>=0 0.014 | n=150 | a_used 0.00257 -> 0.00263
[Episode 289/400] Steps: 720 | Reward:  245.78 | Battery:  74.20% | Loss: 0.1046
Placing Sensors
[Episode 290/400] Steps: 130 | Reward:  -58.82 | Battery:   0.00% | Loss: 
Placing Sensors
[Episode 291/400] Steps: 720 | Reward:  281.92 | Battery:  77.44% | Loss: 
Placing Sensors
Policy -0.0026 | Value 91.6468 | KL 0.02017 | CF 0.2167 | Std 0.1097 | |a| 0.0295 | EV +0.763 | Rsd 26.187 | Res 12.808 | AE nan | Alpha 0.0100 | MB 28/28
  cert | viol 0.015 | dV -0.233334 | V 0.2870 | inball 0.509 | a*_q05 0.00493 | a*_q50 0.03022 | dV>=0 0.000 | n=150 | a_used 0.00263 -> 0.00267
[Episode 292/400] Steps: 720 | Reward:  282.22 | Battery:  83.43% | Loss: -0.0773
Placing Sensors
[Episode 293/400] Steps: 720 | Reward:  291.65 | Battery:  76.22% | Loss: 
Placing Sensors
Policy -0.0076 | Value 90.6696 | KL 0.00928 | CF 0.1334 | Std 0.1097 | |a| 0.0323 | EV +0.830 | Rsd 30.786 | Res 12.869 | AE nan | Alpha 0.0100 | MB 24/24
  cert | viol 0.000 | dV -0.277138 | V 0.3065 | inball 0.558 | a*_q05 0.00796 | a*_q50 0.03615 | dV>=0 0.000 | n=150 | a_used 0.00267 -> 0.00284
[Episode 294/400] Steps: 720 | Reward:  250.20 | Battery:  58.99% | Loss: -0.1012
Placing Sensors
[Episode 295/400] Steps: 720 | Reward:  280.54 | Battery:  83.11% | Loss: 
Placing Sensors
Policy -0.0035 | Value 47.7015 | KL 0.01146 | CF 0.1432 | Std 0.1097 | |a| 0.0272 | EV +0.916 | Rsd 29.315 | Res 8.750 | AE nan | Alpha 0.0100 | MB 24/24
  cert | viol 0.000 | dV -0.273057 | V 0.3142 | inball 0.550 | a*_q05 0.00692 | a*_q50 0.03300 | dV>=0 0.000 | n=150 | a_used 0.00284 -> 0.00298
[Episode 296/400] Steps: 720 | Reward:  257.41 | Battery:  74.80% | Loss: -0.0158
Placing Sensors
[Episode 297/400] Steps: 720 | Reward:  269.71 | Battery:  78.67% | Loss: 
Placing Sensors
Policy -0.0090 | Value 46.5981 | KL 0.00488 | CF 0.0603 | Std 0.1097 | |a| 0.0270 | EV +0.925 | Rsd 31.864 | Res 9.244 | AE nan | Alpha 0.0100 | MB 24/24
  cert | viol 0.030 | dV -0.280613 | V 0.3400 | inball 0.538 | a*_q05 0.00410 | a*_q50 0.03078 | dV>=0 0.000 | n=150 | a_used 0.00298 -> 0.00306
[Episode 298/400] Steps: 720 | Reward:  269.88 | Battery:  78.38% | Loss: 0.1098
Placing Sensors
[Episode 299/400] Steps: 720 | Reward:  254.81 | Battery:  67.16% | Loss: 
Placing Sensors
Policy -0.0102 | Value 49.4347 | KL 0.01064 | CF 0.1271 | Std 0.1097 | |a| 0.0362 | EV +0.899 | Rsd 30.142 | Res 9.730 | AE nan | Alpha 0.0100 | MB 24/24
  cert | viol 0.046 | dV -0.229069 | V 0.2762 | inball 0.499 | a*_q05 0.00376 | a*_q50 0.03272 | dV>=0 0.000 | n=150 | a_used 0.00306 -> 0.00318
[Episode 300/400] Steps: 720 | Reward:  270.16 | Battery:  74.32% | Loss: 0.0583
Placing Sensors
[Episode 301/400] Steps: 720 | Reward:  230.65 | Battery:  57.24% | Loss: 
Placing Sensors
Policy 0.0003 | Value 52.3787 | KL 0.01289 | CF 0.1518 | Std 0.1097 | |a| 0.0374 | EV +0.887 | Rsd 30.504 | Res 10.292 | AE nan | Alpha 0.0100 | MB 24/24
  cert | viol 0.000 | dV -0.271595 | V 0.3269 | inball 0.497 | a*_q05 0.00543 | a*_q50 0.03228 | dV>=0 0.000 | n=150 | a_used 0.00318 -> 0.00325
[Episode 302/400] Steps: 720 | Reward:  309.85 | Battery:  79.08% | Loss: 0.0703
Placing Sensors
[Episode 303/400] Steps: 720 | Reward:  250.56 | Battery:  76.77% | Loss: 
Placing Sensors
Policy -0.0002 | Value 49.6999 | KL 0.01528 | CF 0.1662 | Std 0.1097 | |a| 0.0289 | EV +0.891 | Rsd 27.255 | Res 9.525 | AE nan | Alpha 0.0100 | MB 24/24
  cert | viol 0.000 | dV -0.240620 | V 0.2796 | inball 0.529 | a*_q05 0.00700 | a*_q50 0.02897 | dV>=0 0.000 | n=150 | a_used 0.00325 -> 0.00340
[Episode 304/400] Steps: 720 | Reward:  268.95 | Battery:  77.41% | Loss: -0.0091
Placing Sensors
[Episode 305/400] Steps: 720 | Reward:  241.38 | Battery:  69.08% | Loss: 
Placing Sensors
Policy -0.0072 | Value 51.0821 | KL 0.01240 | CF 0.1509 | Std 0.1097 | |a| 0.0447 | EV +0.918 | Rsd 33.064 | Res 9.555 | AE nan | Alpha 0.0100 | MB 24/24
  cert | viol 0.013 | dV -0.273060 | V 0.3204 | inball 0.502 | a*_q05 0.00549 | a*_q50 0.03336 | dV>=0 0.000 | n=150 | a_used 0.00340 -> 0.00347
[Episode 306/400] Steps: 720 | Reward:  254.39 | Battery:  59.81% | Loss: 0.0783
Placing Sensors
[Episode 307/400] Steps: 720 | Reward:  337.37 | Battery:  87.26% | Loss: 
Placing Sensors
Policy -0.0085 | Value 31.6831 | KL 0.00595 | CF 0.0736 | Std 0.1096 | |a| 0.0319 | EV +0.943 | Rsd 28.724 | Res 7.156 | AE nan | Alpha 0.0100 | MB 24/24
  cert | viol 0.000 | dV -0.229664 | V 0.2677 | inball 0.603 | a*_q05 0.00680 | a*_q50 0.03262 | dV>=0 0.000 | n=150 | a_used 0.00347 -> 0.00363
[Episode 308/400] Steps: 720 | Reward:  288.18 | Battery:  80.25% | Loss: -0.0107
Placing Sensors
[Episode 309/400] Steps: 720 | Reward:  238.31 | Battery:  69.07% | Loss: 
Placing Sensors
Policy -0.0113 | Value 57.8998 | KL 0.01240 | CF 0.1276 | Std 0.1096 | |a| 0.0317 | EV +0.935 | Rsd 34.093 | Res 8.690 | AE nan | Alpha 0.0100 | MB 24/24
  cert | viol 0.074 | dV -0.273701 | V 0.3550 | inball 0.500 | a*_q05 0.00303 | a*_q50 0.02946 | dV>=0 0.000 | n=150 | a_used 0.00363 -> 0.00357
[Episode 310/400] Steps: 720 | Reward:  278.12 | Battery:  78.41% | Loss: -0.0294
Placing Sensors
[Episode 311/400] Steps: 720 | Reward:  281.72 | Battery:  67.96% | Loss: 
Placing Sensors
Policy -0.0028 | Value 99.2376 | KL 0.01090 | CF 0.1223 | Std 0.1096 | |a| 0.0330 | EV +0.923 | Rsd 33.913 | Res 9.425 | AE nan | Alpha 0.0100 | MB 24/24
  cert | viol 0.065 | dV -0.311014 | V 0.3862 | inball 0.538 | a*_q05 0.00296 | a*_q50 0.03370 | dV>=0 0.024 | n=150 | a_used 0.00357 -> 0.00358
[Episode 312/400] Steps: 720 | Reward:  257.16 | Battery:  73.05% | Loss: 0.0091
Placing Sensors
[Episode 313/400] Steps: 720 | Reward:  341.75 | Battery:  87.56% | Loss: 
Placing Sensors
Policy -0.0049 | Value 39.2224 | KL 0.01527 | CF 0.1852 | Std 0.1096 | |a| 0.0315 | EV +0.921 | Rsd 29.861 | Res 8.660 | AE nan | Alpha 0.0100 | MB 24/24
  cert | viol 0.000 | dV -0.273071 | V 0.3012 | inball 0.626 | a*_q05 0.00794 | a*_q50 0.03603 | dV>=0 0.000 | n=150 | a_used 0.00358 -> 0.00375
[Episode 314/400] Steps: 720 | Reward:  273.08 | Battery:  76.28% | Loss: 0.0202
Placing Sensors
[Episode 315/400] Steps: 720 | Reward:  222.91 | Battery:  68.93% | Loss: 
Placing Sensors
Policy -0.0011 | Value 38.4779 | KL 0.01554 | CF 0.1859 | Std 0.1095 | |a| 0.0372 | EV +0.953 | Rsd 33.985 | Res 7.763 | AE nan | Alpha 0.0100 | MB 24/24
  cert | viol 0.053 | dV -0.218427 | V 0.2755 | inball 0.520 | a*_q05 0.00450 | a*_q50 0.02776 | dV>=0 0.000 | n=150 | a_used 0.00375 -> 0.00386
[Episode 316/400] Steps: 720 | Reward:  294.04 | Battery:  71.44% | Loss: -0.0328
Placing Sensors
[Episode 317/400] Steps: 720 | Reward:  259.13 | Battery:  75.08% | Loss: 
Placing Sensors
Policy -0.0099 | Value 41.0164 | KL 0.01321 | CF 0.1411 | Std 0.1095 | |a| 0.0315 | EV +0.921 | Rsd 30.783 | Res 8.649 | AE nan | Alpha 0.0100 | MB 24/24
  cert | viol 0.101 | dV -0.306312 | V 0.3998 | inball 0.528 | a*_q05 0.00225 | a*_q50 0.03023 | dV>=0 0.005 | n=150 | a_used 0.00386 -> 0.00383
[Episode 318/400] Steps: 720 | Reward:  300.13 | Battery:  84.56% | Loss: -0.0148
Placing Sensors
[Episode 319/400] Steps: 720 | Reward:  300.18 | Battery:  82.30% | Loss: 
Placing Sensors
Policy -0.0064 | Value 49.9239 | KL 0.00949 | CF 0.1156 | Std 0.1094 | |a| 0.0299 | EV +0.938 | Rsd 34.283 | Res 8.930 | AE nan | Alpha 0.0100 | MB 24/24
  cert | viol 0.000 | dV -0.267869 | V 0.2859 | inball 0.630 | a*_q05 0.01051 | a*_q50 0.03871 | dV>=0 0.000 | n=150 | a_used 0.00383 -> 0.00398
[Episode 320/400] Steps: 720 | Reward:  288.56 | Battery:  73.52% | Loss: 0.1095
Placing Sensors
[Episode 321/400] Steps: 720 | Reward:  236.10 | Battery:  73.78% | Loss: 
Placing Sensors
Policy -0.0066 | Value 46.5647 | KL 0.01079 | CF 0.1204 | Std 0.1094 | |a| 0.0429 | EV +0.917 | Rsd 31.637 | Res 9.108 | AE nan | Alpha 0.0100 | MB 24/24
  cert | viol 0.075 | dV -0.251483 | V 0.3174 | inball 0.491 | a*_q05 0.00302 | a*_q50 0.02848 | dV>=0 0.002 | n=150 | a_used 0.00398 -> 0.00392
[Episode 322/400] Steps: 720 | Reward:  252.73 | Battery:  73.90% | Loss: 0.0395
Placing Sensors
[Episode 323/400] Steps: 720 | Reward:  234.35 | Battery:  63.81% | Loss: 
Placing Sensors
Policy -0.0061 | Value 55.1786 | KL 0.01451 | CF 0.1374 | Std 0.1094 | |a| 0.0406 | EV +0.943 | Rsd 37.790 | Res 9.331 | AE nan | Alpha 0.0100 | MB 24/24
  cert | viol 0.038 | dV -0.237522 | V 0.2993 | inball 0.454 | a*_q05 0.00490 | a*_q50 0.02653 | dV>=0 0.000 | n=150 | a_used 0.00392 -> 0.00395
[Episode 324/400] Steps: 720 | Reward:  244.82 | Battery:  63.02% | Loss: 0.0838
Placing Sensors
[Episode 325/400] Steps: 720 | Reward:  276.66 | Battery:  77.17% | Loss: 
Placing Sensors
Policy 0.0082 | Value 41.8510 | KL 0.02594 | CF 0.2433 | Std 0.1094 | |a| 0.0353 | EV +0.964 | Rsd 35.756 | Res 6.807 | AE nan | Alpha 0.0100 | MB 12/24
  cert | viol 0.045 | dV -0.283198 | V 0.3556 | inball 0.526 | a*_q05 0.00442 | a*_q50 0.03032 | dV>=0 0.000 | n=150 | a_used 0.00395 -> 0.00398
[Episode 326/400] Steps: 720 | Reward:  290.40 | Battery:  80.87% | Loss: -0.0790
Placing Sensors
[Episode 327/400] Steps: 720 | Reward:  271.86 | Battery:  80.04% | Loss: 
Placing Sensors
Policy -0.0120 | Value 32.1827 | KL 0.01324 | CF 0.1522 | Std 0.1094 | |a| 0.0292 | EV +0.953 | Rsd 35.049 | Res 7.674 | AE nan | Alpha 0.0100 | MB 24/24
  cert | viol 0.000 | dV -0.223891 | V 0.2505 | inball 0.572 | a*_q05 0.00826 | a*_q50 0.03405 | dV>=0 0.000 | n=150 | a_used 0.00398 -> 0.00417
[Episode 328/400] Steps: 720 | Reward:  249.22 | Battery:  70.85% | Loss: -0.1499
Placing Sensors
[Episode 329/400] Steps: 720 | Reward:  222.75 | Battery:  63.93% | Loss: 
Placing Sensors
Policy -0.0134 | Value 41.6966 | KL 0.01089 | CF 0.1361 | Std 0.1093 | |a| 0.0286 | EV +0.949 | Rsd 31.686 | Res 8.101 | AE nan | Alpha 0.0100 | MB 24/24
  cert | viol 0.051 | dV -0.239728 | V 0.2981 | inball 0.520 | a*_q05 0.00466 | a*_q50 0.03059 | dV>=0 0.000 | n=150 | a_used 0.00417 -> 0.00413
[Episode 330/400] Steps: 720 | Reward:  298.72 | Battery:  84.10% | Loss: -0.0338
Placing Sensors
[Episode 331/400] Steps: 720 | Reward:  265.58 | Battery:  74.24% | Loss: 
Placing Sensors
Policy -0.0062 | Value 32.2923 | KL 0.00804 | CF 0.0924 | Std 0.1093 | |a| 0.0311 | EV +0.952 | Rsd 34.578 | Res 7.915 | AE nan | Alpha 0.0100 | MB 24/24
  cert | viol 0.056 | dV -0.224088 | V 0.3032 | inball 0.440 | a*_q05 0.00410 | a*_q50 0.02472 | dV>=0 0.000 | n=150 | a_used 0.00413 -> 0.00410
[Episode 332/400] Steps: 720 | Reward:  214.30 | Battery:  57.81% | Loss: 0.0182
Placing Sensors
[Episode 333/400] Steps: 720 | Reward:  301.49 | Battery:  80.93% | Loss: 
Placing Sensors
Policy -0.0097 | Value 52.3128 | KL 0.01215 | CF 0.1474 | Std 0.1093 | |a| 0.0324 | EV +0.927 | Rsd 33.656 | Res 9.110 | AE nan | Alpha 0.0100 | MB 24/24
  cert | viol 0.040 | dV -0.249950 | V 0.3045 | inball 0.538 | a*_q05 0.00530 | a*_q50 0.02948 | dV>=0 0.000 | n=150 | a_used 0.00410 -> 0.00419
[Episode 334/400] Steps: 720 | Reward:  241.22 | Battery:  70.88% | Loss: 0.0102
Placing Sensors
[Episode 335/400] Steps: 720 | Reward:  326.38 | Battery:  82.96% | Loss: 
Placing Sensors
Policy -0.0022 | Value 81.1286 | KL 0.01259 | CF 0.1496 | Std 0.1093 | |a| 0.0309 | EV +0.945 | Rsd 36.332 | Res 9.273 | AE nan | Alpha 0.0100 | MB 24/24
  cert | viol 0.020 | dV -0.275140 | V 0.3128 | inball 0.602 | a*_q05 0.00666 | a*_q50 0.03798 | dV>=0 0.000 | n=150 | a_used 0.00419 -> 0.00437
[Episode 336/400] Steps: 720 | Reward:  267.89 | Battery:  71.86% | Loss: 0.1092
Placing Sensors
[Episode 337/400] Steps: 720 | Reward:  281.23 | Battery:  84.89% | Loss: 
Placing Sensors
Policy -0.0158 | Value 32.8764 | KL 0.01186 | CF 0.1203 | Std 0.1093 | |a| 0.0320 | EV +0.933 | Rsd 27.550 | Res 7.297 | AE nan | Alpha 0.0100 | MB 24/24
  cert | viol 0.020 | dV -0.216878 | V 0.2575 | inball 0.547 | a*_q05 0.00671 | a*_q50 0.02733 | dV>=0 0.000 | n=150 | a_used 0.00437 -> 0.00447
[Episode 338/400] Steps: 720 | Reward:  265.41 | Battery:  78.61% | Loss: -0.1022
Placing Sensors
[Episode 339/400] Steps: 720 | Reward:  247.45 | Battery:  73.82% | Loss: 
Placing Sensors
Policy -0.0119 | Value 36.3873 | KL 0.01084 | CF 0.1280 | Std 0.1093 | |a| 0.0324 | EV +0.945 | Rsd 31.232 | Res 7.383 | AE nan | Alpha 0.0100 | MB 24/24
  cert | viol 0.046 | dV -0.232842 | V 0.2669 | inball 0.535 | a*_q05 0.00571 | a*_q50 0.03322 | dV>=0 0.000 | n=150 | a_used 0.00447 -> 0.00441
[Episode 340/400] Steps: 720 | Reward:  281.33 | Battery:  79.12% | Loss: 0.0221
Placing Sensors
[Episode 341/400] Steps: 720 | Reward:  289.54 | Battery:  79.21% | Loss: 
Placing Sensors
Policy -0.0062 | Value 29.1173 | KL 0.00772 | CF 0.0930 | Std 0.1093 | |a| 0.0350 | EV +0.957 | Rsd 31.714 | Res 6.904 | AE nan | Alpha 0.0100 | MB 24/24
  cert | viol 0.000 | dV -0.232752 | V 0.2476 | inball 0.650 | a*_q05 0.00997 | a*_q50 0.03972 | dV>=0 0.000 | n=150 | a_used 0.00441 -> 0.00459
[Episode 342/400] Steps: 720 | Reward:  325.94 | Battery:  83.01% | Loss: -0.0187
Placing Sensors
[Episode 343/400] Steps: 720 | Reward:  248.32 | Battery:  71.51% | Loss: 
Placing Sensors
Policy -0.0101 | Value 51.6045 | KL 0.01094 | CF 0.1159 | Std 0.1093 | |a| 0.0346 | EV +0.937 | Rsd 33.846 | Res 8.497 | AE nan | Alpha 0.0100 | MB 24/24
  cert | viol 0.081 | dV -0.285329 | V 0.3548 | inball 0.511 | a*_q05 0.00345 | a*_q50 0.03076 | dV>=0 0.000 | n=150 | a_used 0.00459 -> 0.00439
[Episode 344/400] Steps: 720 | Reward:  273.23 | Battery:  74.39% | Loss: -0.0012
Placing Sensors
[Episode 345/400] Steps: 720 | Reward:  317.39 | Battery:  81.31% | Loss: 
Placing Sensors
Policy -0.0130 | Value 61.6167 | KL 0.01008 | CF 0.1261 | Std 0.1093 | |a| 0.0394 | EV +0.935 | Rsd 29.498 | Res 7.771 | AE nan | Alpha 0.0100 | MB 24/24
  cert | viol 0.034 | dV -0.232162 | V 0.2785 | inball 0.596 | a*_q05 0.00543 | a*_q50 0.03264 | dV>=0 0.000 | n=150 | a_used 0.00439 -> 0.00444
[Episode 346/400] Steps: 720 | Reward:  289.38 | Battery:  84.75% | Loss: -0.0983
Placing Sensors
[Episode 347/400] Steps: 720 | Reward:  190.89 | Battery:  61.20% | Loss: 
Placing Sensors
Policy -0.0052 | Value 48.3888 | KL 0.01395 | CF 0.1388 | Std 0.1093 | |a| 0.0563 | EV +0.934 | Rsd 33.543 | Res 9.428 | AE nan | Alpha 0.0100 | MB 24/24
  cert | viol 0.291 | dV -0.176790 | V 0.2661 | inball 0.420 | a*_q05 -0.01051 | a*_q50 0.01737 | dV>=0 0.164 | n=150 | a_used 0.00444 -> 0.00422
[Episode 348/400] Steps: 720 | Reward:  289.01 | Battery:  83.65% | Loss: -0.0190
Placing Sensors
[Episode 349/400] Steps: 720 | Reward:  211.90 | Battery:  65.89% | Loss: 
Placing Sensors
Policy -0.0111 | Value 46.7258 | KL 0.01099 | CF 0.1400 | Std 0.1093 | |a| 0.0643 | EV +0.933 | Rsd 34.132 | Res 9.069 | AE nan | Alpha 0.0100 | MB 24/24
  cert | viol 0.259 | dV -0.194864 | V 0.3613 | inball 0.277 | a*_q05 -0.00576 | a*_q50 0.01242 | dV>=0 0.129 | n=150 | a_used 0.00422 -> 0.00401
[Episode 350/400] Steps: 720 | Reward:  171.78 | Battery:  56.39% | Loss: -0.0188
Placing Sensors
[Episode 351/400] Steps: 720 | Reward:  289.86 | Battery:  79.76% | Loss: 
Placing Sensors
Policy -0.0089 | Value 46.7516 | KL 0.00978 | CF 0.1299 | Std 0.1093 | |a| 0.0316 | EV +0.919 | Rsd 28.873 | Res 8.242 | AE nan | Alpha 0.0100 | MB 24/24
  cert | viol 0.000 | dV -0.260456 | V 0.2747 | inball 0.663 | a*_q05 0.01230 | a*_q50 0.04067 | dV>=0 0.000 | n=150 | a_used 0.00401 -> 0.00419
[Episode 352/400] Steps: 720 | Reward:  341.48 | Battery:  87.17% | Loss: 0.0077
Placing Sensors
[Episode 353/400] Steps: 720 | Reward:  292.03 | Battery:  83.49% | Loss: 
Placing Sensors
Policy -0.0010 | Value 30.7105 | KL 0.01631 | CF 0.1944 | Std 0.1093 | |a| 0.0393 | EV +0.968 | Rsd 33.650 | Res 6.197 | AE nan | Alpha 0.0100 | MB 24/24
  cert | viol 0.056 | dV -0.225305 | V 0.2728 | inball 0.586 | a*_q05 0.00428 | a*_q50 0.03277 | dV>=0 0.000 | n=150 | a_used 0.00419 -> 0.00412
[Episode 354/400] Steps: 720 | Reward:  278.06 | Battery:  74.86% | Loss: 0.0949
Placing Sensors
[Episode 355/400] Steps: 720 | Reward:  281.14 | Battery:  77.68% | Loss: 
Placing Sensors
Policy -0.0099 | Value 29.6182 | KL 0.00834 | CF 0.1041 | Std 0.1093 | |a| 0.0420 | EV +0.967 | Rsd 34.843 | Res 6.427 | AE nan | Alpha 0.0100 | MB 24/24
  cert | viol 0.000 | dV -0.228300 | V 0.2398 | inball 0.635 | a*_q05 0.01276 | a*_q50 0.03957 | dV>=0 0.000 | n=150 | a_used 0.00412 -> 0.00431
[Episode 356/400] Steps: 720 | Reward:  308.08 | Battery:  74.66% | Loss: 0.0091
Placing Sensors
[Episode 357/400] Steps: 720 | Reward:  261.41 | Battery:  71.49% | Loss: 
Placing Sensors
Policy -0.0121 | Value 39.2678 | KL 0.01906 | CF 0.1745 | Std 0.1093 | |a| 0.0547 | EV +0.968 | Rsd 38.401 | Res 6.973 | AE nan | Alpha 0.0100 | MB 24/24
  cert | viol 0.098 | dV -0.278019 | V 0.3435 | inball 0.467 | a*_q05 0.00284 | a*_q50 0.03294 | dV>=0 0.010 | n=150 | a_used 0.00431 -> 0.00426
[Episode 358/400] Steps: 720 | Reward:  229.26 | Battery:  64.53% | Loss: -0.0954
Placing Sensors
[Episode 359/400] Steps: 720 | Reward:  259.33 | Battery:  69.74% | Loss: 
Placing Sensors
Policy -0.0027 | Value 51.5852 | KL 0.02140 | CF 0.2340 | Std 0.1093 | |a| 0.0572 | EV +0.951 | Rsd 35.960 | Res 8.135 | AE nan | Alpha 0.0100 | MB 24/24
  cert | viol 0.182 | dV -0.296926 | V 0.4169 | inball 0.499 | a*_q05 0.00060 | a*_q50 0.02952 | dV>=0 0.025 | n=150 | a_used 0.00426 -> 0.00384
[Episode 360/400] Steps: 720 | Reward:  261.76 | Battery:  69.37% | Loss: 0.0675
Placing Sensors
[Episode 361/400] Steps: 720 | Reward:  252.82 | Battery:  70.14% | Loss: 
Placing Sensors
Policy 0.0007 | Value 30.9237 | KL 0.02127 | CF 0.1624 | Std 0.1093 | |a| 0.0389 | EV +0.967 | Rsd 38.182 | Res 6.909 | AE nan | Alpha 0.0100 | MB 24/24
  cert | viol 0.028 | dV -0.245480 | V 0.2922 | inball 0.539 | a*_q05 0.00526 | a*_q50 0.03256 | dV>=0 0.000 | n=150 | a_used 0.00384 -> 0.00393
[Episode 362/400] Steps: 720 | Reward:  280.76 | Battery:  74.70% | Loss: 0.1374
Placing Sensors
[Episode 363/400] Steps: 720 | Reward:  304.48 | Battery:  81.45% | Loss: 
Placing Sensors
Policy -0.0152 | Value 52.9402 | KL 0.01543 | CF 0.1544 | Std 0.1093 | |a| 0.0368 | EV +0.944 | Rsd 34.639 | Res 8.449 | AE nan | Alpha 0.0100 | MB 24/24
  cert | viol 0.004 | dV -0.247186 | V 0.2700 | inball 0.617 | a*_q05 0.00841 | a*_q50 0.03785 | dV>=0 0.000 | n=150 | a_used 0.00393 -> 0.00405
[Episode 364/400] Steps: 720 | Reward:  257.31 | Battery:  73.63% | Loss: 0.0359
Placing Sensors
[Episode 365/400] Steps: 720 | Reward:  284.91 | Battery:  81.80% | Loss: 
Placing Sensors
Policy -0.0124 | Value 34.9377 | KL 0.01545 | CF 0.1696 | Std 0.1093 | |a| 0.0437 | EV +0.959 | Rsd 32.934 | Res 6.763 | AE nan | Alpha 0.0100 | MB 24/24
  cert | viol 0.068 | dV -0.263633 | V 0.3210 | inball 0.575 | a*_q05 0.00348 | a*_q50 0.03215 | dV>=0 0.000 | n=150 | a_used 0.00405 -> 0.00401
[Episode 366/400] Steps: 720 | Reward:  288.15 | Battery:  77.02% | Loss: 0.0856
Placing Sensors
[Episode 367/400] Steps: 720 | Reward:  216.12 | Battery:  62.80% | Loss: 
Placing Sensors
Policy -0.0134 | Value 48.1371 | KL 0.01513 | CF 0.1255 | Std 0.1093 | |a| 0.0365 | EV +0.943 | Rsd 34.311 | Res 8.179 | AE nan | Alpha 0.0100 | MB 24/24
  cert | viol 0.038 | dV -0.217979 | V 0.2525 | inball 0.524 | a*_q05 0.00543 | a*_q50 0.03299 | dV>=0 0.000 | n=150 | a_used 0.00401 -> 0.00418
[Episode 368/400] Steps: 720 | Reward:  255.35 | Battery:  70.96% | Loss: -0.0605
Placing Sensors
[Episode 369/400] Steps: 720 | Reward:  211.50 | Battery:  54.57% | Loss: 
Placing Sensors
Policy -0.0134 | Value 41.7551 | KL 0.01644 | CF 0.1617 | Std 0.1093 | |a| 0.0417 | EV +0.926 | Rsd 32.413 | Res 8.794 | AE nan | Alpha 0.0100 | MB 24/24
  cert | viol 0.061 | dV -0.207768 | V 0.2480 | inball 0.477 | a*_q05 -0.00777 | a*_q50 0.03200 | dV>=0 0.061 | n=150 | a_used 0.00418 -> 0.00431
[Episode 370/400] Steps: 720 | Reward:  261.42 | Battery:  71.62% | Loss: -0.1146
Placing Sensors
[Episode 371/400] Steps: 720 | Reward:  289.39 | Battery:  77.84% | Loss: 
Placing Sensors
Policy -0.0143 | Value 42.9270 | KL 0.01148 | CF 0.1340 | Std 0.1092 | |a| 0.0374 | EV +0.953 | Rsd 35.217 | Res 7.658 | AE nan | Alpha 0.0100 | MB 24/24
  cert | viol 0.004 | dV -0.283509 | V 0.3069 | inball 0.630 | a*_q05 0.00941 | a*_q50 0.03792 | dV>=0 0.000 | n=150 | a_used 0.00431 -> 0.00444
[Episode 372/400] Steps: 720 | Reward:  323.75 | Battery:  84.24% | Loss: -0.0034
Placing Sensors
[Episode 373/400] Steps: 720 | Reward:  289.43 | Battery:  81.28% | Loss: 
Placing Sensors
Policy -0.0022 | Value 54.3166 | KL 0.01824 | CF 0.1510 | Std 0.1092 | |a| 0.0423 | EV +0.926 | Rsd 32.450 | Res 9.302 | AE nan | Alpha 0.0100 | MB 24/24
  cert | viol 0.026 | dV -0.293567 | V 0.3404 | inball 0.583 | a*_q05 0.00571 | a*_q50 0.03655 | dV>=0 0.000 | n=150 | a_used 0.00444 -> 0.00448
[Episode 374/400] Steps: 720 | Reward:  285.36 | Battery:  77.97% | Loss: 0.0022
Placing Sensors
[Episode 375/400] Steps: 720 | Reward:  284.39 | Battery:  69.90% | Loss: 
Placing Sensors
Policy 0.0006 | Value 36.2697 | KL 0.01746 | CF 0.1881 | Std 0.1092 | |a| 0.0389 | EV +0.965 | Rsd 34.437 | Res 6.466 | AE nan | Alpha 0.0100 | MB 18/24
  cert | viol 0.000 | dV -0.246554 | V 0.2621 | inball 0.593 | a*_q05 0.01105 | a*_q50 0.03926 | dV>=0 0.000 | n=150 | a_used 0.00448 -> 0.00466
[Episode 376/400] Steps: 720 | Reward:  246.77 | Battery:  65.01% | Loss: 0.1080
Placing Sensors
[Episode 377/400] Steps: 720 | Reward:  227.45 | Battery:  58.00% | Loss: 
Placing Sensors
Policy -0.0025 | Value 36.8318 | KL 0.01774 | CF 0.1554 | Std 0.1092 | |a| 0.0492 | EV +0.955 | Rsd 36.516 | Res 8.174 | AE nan | Alpha 0.0100 | MB 24/24
  cert | viol 0.004 | dV -0.286924 | V 0.3230 | inball 0.514 | a*_q05 0.00723 | a*_q50 0.03590 | dV>=0 0.000 | n=150 | a_used 0.00466 -> 0.00480
[Episode 378/400] Steps: 720 | Reward:  247.02 | Battery:  63.76% | Loss: 0.0565
Placing Sensors
[Episode 379/400] Steps: 720 | Reward:  300.13 | Battery:  78.30% | Loss: 
Placing Sensors
[Episode 380/400] Steps: 116 | Reward:  -50.53 | Battery:   0.00% | Loss: 
Placing Sensors
Policy 0.0128 | Value 64.5857 | KL 0.02252 | CF 0.1723 | Std 0.1092 | |a| 0.0377 | EV +0.878 | Rsd 30.150 | Res 10.629 | AE nan | Alpha 0.0100 | MB 28/28
  cert | viol 0.029 | dV -0.281033 | V 0.3156 | inball 0.577 | a*_q05 0.00795 | a*_q50 0.03695 | dV>=0 0.000 | n=150 | a_used 0.00480 -> 0.00498
[Episode 381/400] Steps: 720 | Reward:  313.40 | Battery:  80.42% | Loss: 0.2108
Placing Sensors
[Episode 382/400] Steps: 720 | Reward:  256.34 | Battery:  67.60% | Loss: 
Placing Sensors
Policy -0.0099 | Value 38.9251 | KL 0.01286 | CF 0.1571 | Std 0.1092 | |a| 0.0452 | EV +0.944 | Rsd 32.250 | Res 8.837 | AE nan | Alpha 0.0100 | MB 24/24
  cert | viol 0.030 | dV -0.233303 | V 0.2582 | inball 0.581 | a*_q05 0.00754 | a*_q50 0.03599 | dV>=0 0.000 | n=150 | a_used 0.00498 -> 0.00511
[Episode 383/400] Steps: 720 | Reward:  283.22 | Battery:  73.56% | Loss: -0.0768
Placing Sensors
[Episode 384/400] Steps: 720 | Reward:  293.29 | Battery:  76.55% | Loss: 
Placing Sensors
Policy -0.0092 | Value 62.8551 | KL 0.01830 | CF 0.1355 | Std 0.1092 | |a| 0.0436 | EV +0.952 | Rsd 35.358 | Res 8.108 | AE nan | Alpha 0.0100 | MB 24/24
  cert | viol 0.068 | dV -0.259801 | V 0.3133 | inball 0.535 | a*_q05 0.00445 | a*_q50 0.03335 | dV>=0 0.000 | n=150 | a_used 0.00511 -> 0.00508
[Episode 385/400] Steps: 720 | Reward:  272.66 | Battery:  73.22% | Loss: 0.0028
Placing Sensors
[Episode 386/400] Steps: 720 | Reward:  281.72 | Battery:  74.05% | Loss: 
Placing Sensors
Policy -0.0025 | Value 28.7907 | KL 0.01406 | CF 0.1307 | Std 0.1092 | |a| 0.0406 | EV +0.958 | Rsd 32.051 | Res 6.983 | AE nan | Alpha 0.0100 | MB 24/24
  cert | viol 0.029 | dV -0.258900 | V 0.2917 | inball 0.565 | a*_q05 0.00755 | a*_q50 0.03546 | dV>=0 0.000 | n=150 | a_used 0.00508 -> 0.00520
[Episode 387/400] Steps: 720 | Reward:  290.11 | Battery:  76.82% | Loss: 0.0847
Placing Sensors
[Episode 388/400] Steps: 720 | Reward:  305.66 | Battery:  82.97% | Loss: 
Placing Sensors
Policy -0.0113 | Value 72.3912 | KL 0.01680 | CF 0.1650 | Std 0.1092 | |a| 0.0478 | EV +0.916 | Rsd 27.915 | Res 9.598 | AE nan | Alpha 0.0100 | MB 24/24
  cert | viol 0.073 | dV -0.255740 | V 0.3137 | inball 0.532 | a*_q05 0.00430 | a*_q50 0.03011 | dV>=0 0.000 | n=150 | a_used 0.00520 -> 0.00516
[Episode 389/400] Steps: 720 | Reward:  248.97 | Battery:  67.48% | Loss: -0.0105
Placing Sensors
[Episode 390/400] Steps: 720 | Reward:  244.02 | Battery:  63.00% | Loss: 
Placing Sensors
Policy -0.0050 | Value 31.9855 | KL 0.01346 | CF 0.1233 | Std 0.1092 | |a| 0.0523 | EV +0.933 | Rsd 33.020 | Res 8.718 | AE nan | Alpha 0.0100 | MB 24/24
  cert | viol 0.004 | dV -0.229307 | V 0.2533 | inball 0.551 | a*_q05 0.00881 | a*_q50 0.03432 | dV>=0 0.000 | n=150 | a_used 0.00516 -> 0.00534
[Episode 391/400] Steps: 720 | Reward:  275.51 | Battery:  69.54% | Loss: 0.0034
Placing Sensors
[Episode 392/400] Steps: 720 | Reward:  264.22 | Battery:  72.76% | Loss: 
Placing Sensors
Policy -0.0095 | Value 36.4299 | KL 0.02094 | CF 0.1851 | Std 0.1092 | |a| 0.0582 | EV +0.941 | Rsd 34.496 | Res 8.500 | AE nan | Alpha 0.0100 | MB 24/24
  cert | viol 0.060 | dV -0.263142 | V 0.3175 | inball 0.474 | a*_q05 0.00520 | a*_q50 0.03254 | dV>=0 0.000 | n=150 | a_used 0.00534 -> 0.00532
[Episode 393/400] Steps: 720 | Reward:  179.51 | Battery:  53.56% | Loss: 0.0645
Placing Sensors
[Episode 394/400] Steps: 720 | Reward:  308.58 | Battery:  83.68% | Loss: 
Placing Sensors
Policy -0.0067 | Value 33.9889 | KL 0.01675 | CF 0.1490 | Std 0.1092 | |a| 0.0431 | EV +0.949 | Rsd 33.302 | Res 7.518 | AE nan | Alpha 0.0100 | MB 24/24
  cert | viol 0.028 | dV -0.275581 | V 0.3075 | inball 0.619 | a*_q05 0.00666 | a*_q50 0.03775 | dV>=0 0.000 | n=150 | a_used 0.00532 -> 0.00532
[Episode 395/400] Steps: 720 | Reward:  292.43 | Battery:  77.11% | Loss: 0.2177
Placing Sensors
[Episode 396/400] Steps: 720 | Reward:  310.66 | Battery:  77.15% | Loss: 
Placing Sensors
Policy -0.0113 | Value 29.8004 | KL 0.01525 | CF 0.1329 | Std 0.1092 | |a| 0.0427 | EV +0.963 | Rsd 33.418 | Res 6.515 | AE nan | Alpha 0.0100 | MB 24/24
  cert | viol 0.004 | dV -0.284593 | V 0.3091 | inball 0.611 | a*_q05 0.00943 | a*_q50 0.03798 | dV>=0 0.000 | n=150 | a_used 0.00532 -> 0.00542
[Episode 397/400] Steps: 720 | Reward:  299.15 | Battery:  77.81% | Loss: -0.0091
Placing Sensors
[Episode 398/400] Steps: 720 | Reward:  309.83 | Battery:  84.66% | Loss: 
Placing Sensors
Policy -0.0021 | Value 34.1039 | KL 0.01644 | CF 0.1755 | Std 0.1092 | |a| 0.0388 | EV +0.960 | Rsd 34.600 | Res 6.916 | AE nan | Alpha 0.0100 | MB 24/24
  cert | viol 0.062 | dV -0.318388 | V 0.3628 | inball 0.594 | a*_q05 0.00544 | a*_q50 0.03665 | dV>=0 0.000 | n=150 | a_used 0.00542 -> 0.00538
[Episode 399/400] Steps: 720 | Reward:  280.77 | Battery:  78.33% | Loss: -0.0193
Placing Sensors
[Episode 400/400] Steps: 720 | Reward:  285.95 | Battery:  84.51% | Loss: 
Placing Sensors
Policy -0.0156 | Value 29.5768 | KL 0.01850 | CF 0.1129 | Std 0.1092 | |a| 0.0390 | EV +0.974 | Rsd 38.539 | Res 6.513 | AE nan | Alpha 0.0100 | MB 24/24
  cert | viol 0.087 | dV -0.300537 | V 0.3632 | inball 0.582 | a*_q05 0.00324 | a*_q50 0.03658 | dV>=0 0.014 | n=150 | a_used 0.00538 -> 0.00531
[Episode 401/400] Steps: 720 | Reward:  274.12 | Battery:  69.41% | Loss: -0.1191
Placing Sensors
[Episode 402/400] Steps: 720 | Reward:  299.01 | Battery:  78.10% | Loss: 
Placing Sensors
Policy -0.0022 | Value 40.1322 | KL 0.01313 | CF 0.1331 | Std 0.1092 | |a| 0.0386 | EV +0.978 | Rsd 39.186 | Res 6.351 | AE nan | Alpha 0.0100 | MB 24/24
  cert | viol 0.000 | dV -0.241649 | V 0.2555 | inball 0.625 | a*_q05 0.01151 | a*_q50 0.03946 | dV>=0 0.000 | n=150 | a_used 0.00531 -> 0.00543
[Episode 403/400] Steps: 720 | Reward:  290.28 | Battery:  74.13% | Loss: 0.0785
Placing Sensors
[Episode 404/400] Steps: 720 | Reward:  271.18 | Battery:  73.66% | Loss: 
Placing Sensors
Policy -0.0106 | Value 35.2102 | KL 0.01674 | CF 0.1554 | Std 0.1091 | |a| 0.0442 | EV +0.962 | Rsd 37.961 | Res 7.442 | AE nan | Alpha 0.0100 | MB 24/24
  cert | viol 0.055 | dV -0.304862 | V 0.3624 | inball 0.544 | a*_q05 0.00536 | a*_q50 0.03096 | dV>=0 0.000 | n=150 | a_used 0.00543 -> 0.00549
[Episode 405/400] Steps: 720 | Reward:  279.95 | Battery:  78.41% | Loss: -0.0181
Placing Sensors
[Episode 406/400] Steps: 720 | Reward:  313.74 | Battery:  84.90% | Loss: 
Placing Sensors
Policy -0.0090 | Value 37.3401 | KL 0.01349 | CF 0.1512 | Std 0.1091 | |a| 0.0404 | EV +0.972 | Rsd 38.600 | Res 6.651 | AE nan | Alpha 0.0100 | MB 24/24
  cert | viol 0.034 | dV -0.240360 | V 0.2710 | inball 0.593 | a*_q05 0.00655 | a*_q50 0.03493 | dV>=0 0.000 | n=150 | a_used 0.00549 -> 0.00560
[Episode 407/400] Steps: 720 | Reward:  249.76 | Battery:  66.90% | Loss: 0.0775
Placing Sensors
[Episode 408/400] Steps: 720 | Reward:  297.20 | Battery:  76.28% | Loss: 
Placing Sensors
Policy -0.0097 | Value 24.2371 | KL 0.01033 | CF 0.1342 | Std 0.1091 | |a| 0.0395 | EV +0.978 | Rsd 38.013 | Res 5.704 | AE nan | Alpha 0.0100 | MB 24/24
  cert | viol 0.000 | dV -0.227415 | V 0.2402 | inball 0.589 | a*_q05 0.01210 | a*_q50 0.03644 | dV>=0 0.000 | n=150 | a_used 0.00560 -> 0.00577
[Episode 409/400] Steps: 720 | Reward:  235.11 | Battery:  66.52% | Loss: 0.0959
Placing Sensors
[Episode 410/400] Steps: 720 | Reward:  278.19 | Battery:  75.98% | Loss: 
Placing Sensors
Policy -0.0150 | Value 31.3358 | KL 0.01523 | CF 0.1595 | Std 0.1091 | |a| 0.0357 | EV +0.962 | Rsd 35.626 | Res 7.122 | AE nan | Alpha 0.0100 | MB 24/24
  cert | viol 0.019 | dV -0.256346 | V 0.2769 | inball 0.648 | a*_q05 0.00912 | a*_q50 0.03984 | dV>=0 0.000 | n=150 | a_used 0.00577 -> 0.00591
[Episode 411/400] Steps: 720 | Reward:  334.88 | Battery:  86.38% | Loss: 0.0784
Placing Sensors
[Episode 412/400] Steps: 720 | Reward:  295.26 | Battery:  78.47% | Loss: 
Placing Sensors
[Episode 413/400] Steps: 117 | Reward:  -59.70 | Battery:   0.00% | Loss: 
Placing Sensors
Policy 0.0100 | Value 100.0420 | KL 0.01985 | CF 0.1567 | Std 0.1091 | |a| 0.0410 | EV +0.835 | Rsd 30.449 | Res 12.504 | AE nan | Alpha 0.0100 | MB 21/28
  cert | viol 0.049 | dV -0.245984 | V 0.2888 | inball 0.526 | a*_q05 0.00640 | a*_q50 0.03043 | dV>=0 0.000 | n=150 | a_used 0.00591 -> 0.00600
[Episode 414/400] Steps: 720 | Reward:  298.70 | Battery:  85.26% | Loss: 0.4485
Placing Sensors
[Episode 415/400] Steps: 720 | Reward:  269.29 | Battery:  72.43% | Loss: 
Placing Sensors
Policy -0.0114 | Value 38.8444 | KL 0.01090 | CF 0.1198 | Std 0.1091 | |a| 0.0425 | EV +0.954 | Rsd 35.344 | Res 7.693 | AE nan | Alpha 0.0100 | MB 24/24
  cert | viol 0.122 | dV -0.291885 | V 0.3616 | inball 0.534 | a*_q05 0.00410 | a*_q50 0.03084 | dV>=0 0.000 | n=150 | a_used 0.00600 -> 0.00596
[Episode 416/400] Steps: 720 | Reward:  281.01 | Battery:  79.00% | Loss: 0.0609
Placing Sensors
[Episode 417/400] Steps: 720 | Reward:  271.01 | Battery:  77.48% | Loss: 
Placing Sensors
Policy -0.0024 | Value 45.1578 | KL 0.01988 | CF 0.1362 | Std 0.1091 | |a| 0.0479 | EV +0.920 | Rsd 29.215 | Res 8.340 | AE nan | Alpha 0.0100 | MB 18/24
  cert | viol 0.007 | dV -0.229880 | V 0.2459 | inball 0.623 | a*_q05 0.01152 | a*_q50 0.03412 | dV>=0 0.000 | n=150 | a_used 0.00596 -> 0.00612
[Episode 418/400] Steps: 720 | Reward:  324.45 | Battery:  80.81% | Loss: -0.0148
Placing Sensors
[Episode 419/400] Steps: 720 | Reward:  238.82 | Battery:  72.07% | Loss: 
Placing Sensors
Policy -0.0065 | Value 43.8184 | KL 0.01265 | CF 0.1003 | Std 0.1091 | |a| 0.0393 | EV +0.955 | Rsd 38.804 | Res 8.609 | AE nan | Alpha 0.0100 | MB 24/24
  cert | viol 0.139 | dV -0.274232 | V 0.3558 | inball 0.438 | a*_q05 0.00320 | a*_q50 0.02822 | dV>=0 0.004 | n=150 | a_used 0.00612 -> 0.00568
[Episode 420/400] Steps: 720 | Reward:  255.69 | Battery:  62.52% | Loss: 0.1143
Placing Sensors
[Episode 421/400] Steps: 720 | Reward:  267.24 | Battery:  74.62% | Loss: 
Placing Sensors
Policy -0.0163 | Value 28.1770 | KL 0.01730 | CF 0.1416 | Std 0.1091 | |a| 0.0379 | EV +0.961 | Rsd 35.125 | Res 7.193 | AE nan | Alpha 0.0100 | MB 24/24
  cert | viol 0.072 | dV -0.236333 | V 0.2716 | inball 0.595 | a*_q05 0.00478 | a*_q50 0.03744 | dV>=0 0.000 | n=150 | a_used 0.00568 -> 0.00554
[Episode 422/400] Steps: 720 | Reward:  283.73 | Battery:  78.29% | Loss: -0.0660
Placing Sensors
[Episode 423/400] Steps: 720 | Reward:  328.66 | Battery:  85.14% | Loss: 
Placing Sensors
Policy -0.0083 | Value 23.9310 | KL 0.00726 | CF 0.0779 | Std 0.1091 | |a| 0.0359 | EV +0.975 | Rsd 36.409 | Res 5.807 | AE nan | Alpha 0.0100 | MB 24/24
  cert | viol 0.000 | dV -0.259174 | V 0.2830 | inball 0.626 | a*_q05 0.01071 | a*_q50 0.03615 | dV>=0 0.000 | n=150 | a_used 0.00554 -> 0.00570
[Episode 424/400] Steps: 720 | Reward:  300.36 | Battery:  80.23% | Loss: 0.0650
Placing Sensors
[Episode 425/400] Steps: 720 | Reward:  338.34 | Battery:  84.94% | Loss: 
Placing Sensors
Policy -0.0095 | Value 48.8534 | KL 0.00912 | CF 0.1000 | Std 0.1090 | |a| 0.0320 | EV +0.933 | Rsd 34.247 | Res 9.203 | AE nan | Alpha 0.0100 | MB 24/24
  cert | viol 0.084 | dV -0.265675 | V 0.3099 | inball 0.593 | a*_q05 0.00428 | a*_q50 0.03662 | dV>=0 0.000 | n=150 | a_used 0.00570 -> 0.00579
[Episode 426/400] Steps: 720 | Reward:  263.42 | Battery:  74.47% | Loss: 0.0182
Placing Sensors
[Episode 427/400] Steps: 720 | Reward:  275.60 | Battery:  67.72% | Loss: 
Placing Sensors
Policy -0.0099 | Value 27.0038 | KL 0.01012 | CF 0.0878 | Std 0.1090 | |a| 0.0338 | EV +0.977 | Rsd 36.744 | Res 6.285 | AE nan | Alpha 0.0100 | MB 24/24
  cert | viol 0.000 | dV -0.200713 | V 0.2062 | inball 0.649 | a*_q05 0.01657 | a*_q50 0.04206 | dV>=0 0.000 | n=150 | a_used 0.00579 -> 0.00595
[Episode 428/400] Steps: 720 | Reward:  310.53 | Battery:  72.11% | Loss: -0.0849
Placing Sensors
[Episode 429/400] Steps: 720 | Reward:  270.22 | Battery:  69.97% | Loss: 
Placing Sensors
Policy -0.0075 | Value 38.6361 | KL 0.01051 | CF 0.1182 | Std 0.1090 | |a| 0.0446 | EV +0.964 | Rsd 35.149 | Res 6.696 | AE nan | Alpha 0.0100 | MB 24/24
  cert | viol 0.000 | dV -0.191954 | V 0.2031 | inball 0.589 | a*_q05 0.01180 | a*_q50 0.03854 | dV>=0 0.000 | n=150 | a_used 0.00595 -> 0.00610
[Episode 430/400] Steps: 720 | Reward:  243.05 | Battery:  65.07% | Loss: 0.1062
Placing Sensors
[Episode 431/400] Steps: 720 | Reward:  281.98 | Battery:  81.49% | Loss: 
Placing Sensors
Policy -0.0150 | Value 41.0467 | KL 0.01114 | CF 0.1141 | Std 0.1090 | |a| 0.0355 | EV +0.948 | Rsd 35.695 | Res 8.451 | AE nan | Alpha 0.0100 | MB 24/24
  cert | viol 0.002 | dV -0.260295 | V 0.2758 | inball 0.634 | a*_q05 0.01103 | a*_q50 0.04038 | dV>=0 0.000 | n=150 | a_used 0.00610 -> 0.00626
[Episode 432/400] Steps: 720 | Reward:  281.02 | Battery:  77.08% | Loss: -0.0312
Placing Sensors
[Episode 433/400] Steps: 720 | Reward:  265.84 | Battery:  72.34% | Loss: 
Placing Sensors
Policy -0.0151 | Value 40.9434 | KL 0.01144 | CF 0.1244 | Std 0.1089 | |a| 0.0410 | EV +0.961 | Rsd 36.975 | Res 7.272 | AE nan | Alpha 0.0100 | MB 24/24
  cert | viol 0.096 | dV -0.218245 | V 0.2642 | inball 0.514 | a*_q05 0.00417 | a*_q50 0.03237 | dV>=0 0.000 | n=150 | a_used 0.00626 -> 0.00614
[Episode 434/400] Steps: 720 | Reward:  206.78 | Battery:  52.54% | Loss: 0.0155
Placing Sensors
[Episode 435/400] Steps: 720 | Reward:  254.37 | Battery:  63.10% | Loss: 
Placing Sensors
Policy -0.0093 | Value 35.9693 | KL 0.00977 | CF 0.1170 | Std 0.1089 | |a| 0.0358 | EV +0.963 | Rsd 36.354 | Res 7.072 | AE nan | Alpha 0.0100 | MB 24/24
  cert | viol 0.075 | dV -0.231397 | V 0.2676 | inball 0.568 | a*_q05 0.00596 | a*_q50 0.03520 | dV>=0 0.000 | n=150 | a_used 0.00614 -> 0.00612
[Episode 436/400] Steps: 720 | Reward:  277.07 | Battery:  77.47% | Loss: 0.0169
Placing Sensors
[Episode 437/400] Steps: 720 | Reward:  304.69 | Battery:  79.15% | Loss: 
Placing Sensors
Policy 0.0013 | Value 42.6494 | KL 0.01510 | CF 0.1621 | Std 0.1089 | |a| 0.0398 | EV +0.963 | Rsd 37.919 | Res 7.291 | AE nan | Alpha 0.0100 | MB 24/24
  cert | viol 0.037 | dV -0.281259 | V 0.3082 | inball 0.624 | a*_q05 0.00820 | a*_q50 0.04014 | dV>=0 0.000 | n=150 | a_used 0.00612 -> 0.00625
[Episode 438/400] Steps: 720 | Reward:  272.14 | Battery:  70.33% | Loss: 0.0724
Placing Sensors
[Episode 439/400] Steps: 720 | Reward:  296.07 | Battery:  79.48% | Loss: 
Placing Sensors
Policy -0.0123 | Value 36.4151 | KL 0.01148 | CF 0.1431 | Std 0.1089 | |a| 0.0362 | EV +0.966 | Rsd 38.802 | Res 7.142 | AE nan | Alpha 0.0100 | MB 24/24
  cert | viol 0.066 | dV -0.311853 | V 0.3536 | inball 0.567 | a*_q05 0.00591 | a*_q50 0.03786 | dV>=0 0.000 | n=150 | a_used 0.00625 -> 0.00620
[Episode 440/400] Steps: 720 | Reward:  244.90 | Battery:  68.68% | Loss: 0.0594
Placing Sensors
[Episode 441/400] Steps: 720 | Reward:  303.68 | Battery:  85.32% | Loss: 
Placing Sensors
Policy -0.0112 | Value 36.6414 | KL 0.01023 | CF 0.1168 | Std 0.1088 | |a| 0.0391 | EV +0.962 | Rsd 36.393 | Res 7.173 | AE nan | Alpha 0.0100 | MB 24/24
  cert | viol 0.075 | dV -0.252121 | V 0.2913 | inball 0.602 | a*_q05 0.00571 | a*_q50 0.03368 | dV>=0 0.000 | n=150 | a_used 0.00620 -> 0.00615
[Episode 442/400] Steps: 720 | Reward:  279.42 | Battery:  78.02% | Loss: -0.0332
Placing Sensors
[Episode 443/400] Steps: 720 | Reward:  303.67 | Battery:  78.83% | Loss: 
Placing Sensors
Policy 0.0127 | Value 41.6547 | KL 0.01995 | CF 0.0818 | Std 0.1088 | |a| 0.0372 | EV +0.970 | Rsd 35.381 | Res 6.579 | AE nan | Alpha 0.0100 | MB 12/24
  cert | viol 0.053 | dV -0.230838 | V 0.2619 | inball 0.607 | a*_q05 0.00658 | a*_q50 0.03552 | dV>=0 0.000 | n=150 | a_used 0.00615 -> 0.00623
[Episode 444/400] Steps: 720 | Reward:  274.23 | Battery:  79.28% | Loss: 0.1178
Placing Sensors
[Episode 445/400] Steps: 720 | Reward:  252.81 | Battery:  72.97% | Loss: 
Placing Sensors
Policy -0.0065 | Value 48.2768 | KL 0.00605 | CF 0.0642 | Std 0.1088 | |a| 0.0407 | EV +0.938 | Rsd 37.242 | Res 9.474 | AE nan | Alpha 0.0100 | MB 24/24
  cert | viol 0.155 | dV -0.311674 | V 0.3966 | inball 0.458 | a*_q05 0.00171 | a*_q50 0.02989 | dV>=0 0.009 | n=150 | a_used 0.00623 -> 0.00593
[Episode 446/400] Steps: 720 | Reward:  180.05 | Battery:  41.51% | Loss: -0.0413
Placing Sensors
[Episode 447/400] Steps: 720 | Reward:  287.67 | Battery:  79.06% | Loss: 
Placing Sensors
Policy -0.0125 | Value 39.0719 | KL 0.01085 | CF 0.1112 | Std 0.1088 | |a| 0.0369 | EV +0.957 | Rsd 35.125 | Res 7.298 | AE nan | Alpha 0.0100 | MB 24/24
  cert | viol 0.074 | dV -0.297786 | V 0.3398 | inball 0.583 | a*_q05 0.00538 | a*_q50 0.03518 | dV>=0 0.000 | n=150 | a_used 0.00593 -> 0.00588
[Episode 448/400] Steps: 720 | Reward:  277.70 | Battery:  75.51% | Loss: -0.0039
Placing Sensors
[Episode 449/400] Steps: 720 | Reward:  240.10 | Battery:  74.28% | Loss: 
Placing Sensors
Policy -0.0105 | Value 39.3298 | KL 0.01825 | CF 0.1094 | Std 0.1088 | |a| 0.0439 | EV +0.968 | Rsd 37.162 | Res 6.917 | AE nan | Alpha 0.0100 | MB 24/24
  cert | viol 0.134 | dV -0.260764 | V 0.3497 | inball 0.466 | a*_q05 0.00205 | a*_q50 0.02666 | dV>=0 0.017 | n=150 | a_used 0.00588 -> 0.00544
[Episode 450/400] Steps: 720 | Reward:  287.39 | Battery:  75.83% | Loss: -0.0299
Placing Sensors
[Episode 451/400] Steps: 720 | Reward:  267.77 | Battery:  79.98% | Loss: 
Placing Sensors
Policy -0.0147 | Value 35.0147 | KL 0.00837 | CF 0.0769 | Std 0.1088 | |a| 0.0419 | EV +0.957 | Rsd 32.637 | Res 6.779 | AE nan | Alpha 0.0100 | MB 24/24
  cert | viol 0.126 | dV -0.274859 | V 0.3488 | inball 0.537 | a*_q05 0.00303 | a*_q50 0.02963 | dV>=0 0.002 | n=150 | a_used 0.00544 -> 0.00535
[Episode 452/400] Steps: 720 | Reward:  299.13 | Battery:  81.06% | Loss: 0.0306
Placing Sensors
[Episode 453/400] Steps: 720 | Reward:  323.14 | Battery:  85.16% | Loss: 
Placing Sensors
Policy -0.0076 | Value 34.4694 | KL 0.01956 | CF 0.1552 | Std 0.1088 | |a| 0.0412 | EV +0.965 | Rsd 36.146 | Res 6.900 | AE nan | Alpha 0.0100 | MB 24/24
  cert | viol 0.066 | dV -0.266816 | V 0.3251 | inball 0.553 | a*_q05 0.00441 | a*_q50 0.02909 | dV>=0 0.000 | n=150 | a_used 0.00535 -> 0.00518
[Episode 454/400] Steps: 720 | Reward:  258.07 | Battery:  73.10% | Loss: 0.0028
Placing Sensors
[Episode 455/400] Steps: 720 | Reward:  310.96 | Battery:  88.45% | Loss: 
Placing Sensors
Policy -0.0049 | Value 45.0921 | KL 0.02311 | CF 0.1976 | Std 0.1088 | |a| 0.0435 | EV +0.930 | Rsd 31.503 | Res 8.422 | AE nan | Alpha 0.0100 | MB 24/24
  cert | viol 0.036 | dV -0.211621 | V 0.2574 | inball 0.524 | a*_q05 0.00603 | a*_q50 0.02446 | dV>=0 0.000 | n=150 | a_used 0.00518 -> 0.00523
[Episode 456/400] Steps: 720 | Reward:  229.17 | Battery:  73.49% | Loss: 0.1450
Placing Sensors
[Episode 457/400] Steps: 720 | Reward:  299.50 | Battery:  83.82% | Loss: 
Placing Sensors
Policy -0.0058 | Value 34.9924 | KL 0.01812 | CF 0.1624 | Std 0.1088 | |a| 0.0378 | EV +0.939 | Rsd 31.572 | Res 8.214 | AE nan | Alpha 0.0100 | MB 24/24
  cert | viol 0.092 | dV -0.289486 | V 0.3597 | inball 0.545 | a*_q05 0.00363 | a*_q50 0.03301 | dV>=0 0.008 | n=150 | a_used 0.00523 -> 0.00521
[Episode 458/400] Steps: 720 | Reward:  264.15 | Battery:  71.23% | Loss: -0.1033
Placing Sensors
[Episode 459/400] Steps: 720 | Reward:  280.97 | Battery:  78.28% | Loss: 
Placing Sensors
Policy -0.0161 | Value 20.9457 | KL 0.01183 | CF 0.1094 | Std 0.1088 | |a| 0.0434 | EV +0.979 | Rsd 36.870 | Res 5.389 | AE nan | Alpha 0.0100 | MB 24/24
  cert | viol 0.087 | dV -0.246820 | V 0.3150 | inball 0.484 | a*_q05 0.00473 | a*_q50 0.02740 | dV>=0 0.000 | n=150 | a_used 0.00521 -> 0.00523
[Episode 460/400] Steps: 720 | Reward:  252.51 | Battery:  68.37% | Loss: -0.0758
Placing Sensors
[Episode 461/400] Steps: 720 | Reward:  283.46 | Battery:  70.95% | Loss: 
Placing Sensors
Policy -0.0179 | Value 36.7090 | KL 0.01320 | CF 0.1050 | Std 0.1088 | |a| 0.0373 | EV +0.968 | Rsd 35.263 | Res 6.273 | AE nan | Alpha 0.0100 | MB 24/24
  cert | viol 0.025 | dV -0.235085 | V 0.2661 | inball 0.580 | a*_q05 0.00707 | a*_q50 0.03541 | dV>=0 0.000 | n=150 | a_used 0.00523 -> 0.00534
[Episode 462/400] Steps: 720 | Reward:  287.08 | Battery:  77.53% | Loss: -0.0005
Placing Sensors
[Episode 463/400] Steps: 720 | Reward:  254.43 | Battery:  75.38% | Loss: 
Placing Sensors
Policy -0.0057 | Value 24.1895 | KL 0.01806 | CF 0.1892 | Std 0.1089 | |a| 0.0433 | EV +0.970 | Rsd 32.993 | Res 5.772 | AE nan | Alpha 0.0100 | MB 24/24
  cert | viol 0.104 | dV -0.237376 | V 0.3032 | inball 0.525 | a*_q05 0.00359 | a*_q50 0.02677 | dV>=0 0.000 | n=150 | a_used 0.00534 -> 0.00530
[Episode 464/400] Steps: 720 | Reward:  311.96 | Battery:  84.61% | Loss: 0.0483
Placing Sensors
[Episode 465/400] Steps: 720 | Reward:  276.04 | Battery:  78.69% | Loss: 
Placing Sensors
Policy -0.0022 | Value 27.1904 | KL 0.02423 | CF 0.1626 | Std 0.1089 | |a| 0.0373 | EV +0.966 | Rsd 34.226 | Res 6.388 | AE nan | Alpha 0.0100 | MB 24/24
  cert | viol 0.088 | dV -0.285577 | V 0.3390 | inball 0.586 | a*_q05 0.00380 | a*_q50 0.03428 | dV>=0 0.000 | n=150 | a_used 0.00530 -> 0.00524
[Episode 466/400] Steps: 720 | Reward:  319.81 | Battery:  83.99% | Loss: 0.1114
Placing Sensors
[Episode 467/400] Steps: 720 | Reward:  212.70 | Battery:  62.29% | Loss: 
Placing Sensors
[Episode 468/400] Steps:  94 | Reward:  -65.26 | Battery:   0.00% | Loss: 
Placing Sensors
Policy -0.0131 | Value 111.4596 | KL 0.01833 | CF 0.1485 | Std 0.1089 | |a| 0.0486 | EV +0.875 | Rsd 35.961 | Res 12.747 | AE nan | Alpha 0.0100 | MB 24/24
  cert | viol 0.142 | dV -0.271409 | V 0.3596 | inball 0.457 | a*_q05 0.00155 | a*_q50 0.02856 | dV>=0 0.033 | n=150 | a_used 0.00524 -> 0.00498
[Episode 469/400] Steps: 720 | Reward:  268.80 | Battery:  74.34% | Loss: -0.0168
Placing Sensors
[Episode 470/400] Steps: 720 | Reward:  272.48 | Battery:  68.73% | Loss: 
Placing Sensors
Policy -0.0146 | Value 44.7406 | KL 0.01334 | CF 0.1540 | Std 0.1089 | |a| 0.0448 | EV +0.948 | Rsd 35.397 | Res 8.638 | AE nan | Alpha 0.0100 | MB 24/24
  cert | viol 0.030 | dV -0.270905 | V 0.3012 | inball 0.589 | a*_q05 0.00771 | a*_q50 0.03749 | dV>=0 0.000 | n=150 | a_used 0.00498 -> 0.00511
[Episode 471/400] Steps: 720 | Reward:  258.53 | Battery:  68.51% | Loss: 0.0184
Placing Sensors
[Episode 472/400] Steps: 720 | Reward:  240.69 | Battery:  63.69% | Loss: 
Placing Sensors
Policy -0.0045 | Value 24.6276 | KL 0.00843 | CF 0.0791 | Std 0.1089 | |a| 0.0367 | EV +0.973 | Rsd 35.920 | Res 5.879 | AE nan | Alpha 0.0100 | MB 24/24
  cert | viol 0.002 | dV -0.264151 | V 0.2841 | inball 0.612 | a*_q05 0.00962 | a*_q50 0.03837 | dV>=0 0.000 | n=150 | a_used 0.00511 -> 0.00520
[Episode 473/400] Steps: 720 | Reward:  337.48 | Battery:  85.65% | Loss: 0.1469
Placing Sensors
[Episode 474/400] Steps: 720 | Reward:  285.44 | Battery:  78.77% | Loss: 
Placing Sensors
[Episode 475/400] Steps:  73 | Reward:  -56.99 | Battery:   0.00% | Loss: 
Placing Sensors
Policy -0.0010 | Value 60.9861 | KL 0.01586 | CF 0.1141 | Std 0.1088 | |a| 0.0415 | EV +0.928 | Rsd 35.416 | Res 9.624 | AE nan | Alpha 0.0100 | MB 24/24
  cert | viol 0.045 | dV -0.266620 | V 0.3096 | inball 0.549 | a*_q05 0.00598 | a*_q50 0.03429 | dV>=0 0.000 | n=150 | a_used 0.00520 -> 0.00521
[Episode 476/400] Steps: 720 | Reward:  282.02 | Battery:  77.02% | Loss: 0.1902
Placing Sensors
[Episode 477/400] Steps: 720 | Reward:  263.41 | Battery:  74.41% | Loss: 
Placing Sensors
Policy -0.0164 | Value 44.5153 | KL 0.01208 | CF 0.1174 | Std 0.1088 | |a| 0.0396 | EV +0.927 | Rsd 31.594 | Res 8.805 | AE nan | Alpha 0.0100 | MB 24/24
  cert | viol 0.130 | dV -0.260883 | V 0.3521 | inball 0.484 | a*_q05 0.00182 | a*_q50 0.02646 | dV>=0 0.009 | n=150 | a_used 0.00521 -> 0.00487
[Episode 478/400] Steps: 720 | Reward:  281.33 | Battery:  79.32% | Loss: -0.0239
Placing Sensors
[Episode 479/400] Steps: 720 | Reward:  312.40 | Battery:  83.52% | Loss: 
Placing Sensors
Policy -0.0142 | Value 31.4576 | KL 0.01362 | CF 0.1518 | Std 0.1088 | |a| 0.0395 | EV +0.980 | Rsd 34.230 | Res 4.971 | AE nan | Alpha 0.0100 | MB 24/24
  cert | viol 0.041 | dV -0.284203 | V 0.3258 | inball 0.628 | a*_q05 0.00596 | a*_q50 0.03536 | dV>=0 0.000 | n=150 | a_used 0.00487 -> 0.00490
[Episode 480/400] Steps: 720 | Reward:  310.34 | Battery:  84.61% | Loss: 0.0458
Placing Sensors
[Episode 481/400] Steps:  72 | Reward:  -59.19 | Battery:   0.00% | Loss: 
Placing Sensors
[Episode 482/400] Steps: 720 | Reward:  199.38 | Battery:  54.45% | Loss: 
Placing Sensors
Policy -0.0125 | Value 76.2235 | KL 0.01104 | CF 0.1145 | Std 0.1088 | |a| 0.0663 | EV +0.905 | Rsd 34.738 | Res 10.785 | AE nan | Alpha 0.0100 | MB 24/24
  cert | viol 0.145 | dV -0.203881 | V 0.2774 | inball 0.390 | a*_q05 0.00059 | a*_q50 0.02957 | dV>=0 0.018 | n=150 | a_used 0.00490 -> 0.00449
[Episode 483/400] Steps: 720 | Reward:  201.10 | Battery:  53.02% | Loss: 0.0294
Placing Sensors
[Episode 484/400] Steps: 720 | Reward:  274.74 | Battery:  74.80% | Loss: 
Placing Sensors
Policy -0.0104 | Value 73.5765 | KL 0.01077 | CF 0.0931 | Std 0.1088 | |a| 0.0422 | EV +0.948 | Rsd 39.347 | Res 8.941 | AE nan | Alpha 0.0100 | MB 24/24
  cert | viol 0.081 | dV -0.293873 | V 0.3486 | inball 0.524 | a*_q05 0.00310 | a*_q50 0.03505 | dV>=0 0.007 | n=150 | a_used 0.00449 -> 0.00442
[Episode 485/400] Steps: 720 | Reward:  249.48 | Battery:  68.06% | Loss: -0.0260
Placing Sensors
[Episode 486/400] Steps: 720 | Reward:  288.85 | Battery:  78.44% | Loss: 
Placing Sensors
Policy -0.0122 | Value 33.6092 | KL 0.00999 | CF 0.0944 | Std 0.1088 | |a| 0.0433 | EV +0.974 | Rsd 40.348 | Res 6.716 | AE nan | Alpha 0.0100 | MB 24/24
  cert | viol 0.000 | dV -0.238995 | V 0.2629 | inball 0.576 | a*_q05 0.00869 | a*_q50 0.03839 | dV>=0 0.000 | n=150 | a_used 0.00442 -> 0.00456
[Episode 487/400] Steps: 720 | Reward:  234.47 | Battery:  55.73% | Loss: -0.0513
Placing Sensors
[Episode 488/400] Steps: 720 | Reward:  291.20 | Battery:  76.10% | Loss: 
Placing Sensors
Policy -0.0054 | Value 37.8286 | KL 0.01102 | CF 0.1195 | Std 0.1088 | |a| 0.0447 | EV +0.952 | Rsd 35.629 | Res 7.814 | AE nan | Alpha 0.0100 | MB 24/24
  cert | viol 0.000 | dV -0.217131 | V 0.2306 | inball 0.613 | a*_q05 0.01149 | a*_q50 0.03697 | dV>=0 0.000 | n=150 | a_used 0.00456 -> 0.00474
[Episode 489/400] Steps: 720 | Reward:  247.03 | Battery:  69.10% | Loss: 0.0778
Placing Sensors
[Episode 490/400] Steps: 720 | Reward:  292.72 | Battery:  74.12% | Loss: 
Placing Sensors
Policy -0.0018 | Value 38.8786 | KL 0.00725 | CF 0.0842 | Std 0.1088 | |a| 0.0355 | EV +0.966 | Rsd 38.695 | Res 7.335 | AE nan | Alpha 0.0100 | MB 24/24
  cert | viol 0.000 | dV -0.231253 | V 0.2442 | inball 0.635 | a*_q05 0.01119 | a*_q50 0.04113 | dV>=0 0.000 | n=150 | a_used 0.00474 -> 0.00492
[Episode 491/400] Steps: 720 | Reward:  300.83 | Battery:  75.20% | Loss: 0.1146
Placing Sensors
[Episode 492/400] Steps: 720 | Reward:  272.35 | Battery:  74.97% | Loss: 
Placing Sensors
Policy -0.0095 | Value 28.0976 | KL 0.01469 | CF 0.1425 | Std 0.1088 | |a| 0.0404 | EV +0.974 | Rsd 36.249 | Res 5.954 | AE nan | Alpha 0.0100 | MB 24/24
  cert | viol 0.002 | dV -0.260822 | V 0.2991 | inball 0.564 | a*_q05 0.00704 | a*_q50 0.03469 | dV>=0 0.000 | n=150 | a_used 0.00492 -> 0.00499
[Episode 493/400] Steps: 720 | Reward:  319.42 | Battery:  80.24% | Loss: -0.0785
Placing Sensors
[Episode 494/400] Steps: 720 | Reward:  288.10 | Battery:  78.02% | Loss: 
Placing Sensors
Policy -0.0069 | Value 40.8949 | KL 0.01329 | CF 0.1308 | Std 0.1088 | |a| 0.0380 | EV +0.963 | Rsd 34.055 | Res 6.604 | AE nan | Alpha 0.0100 | MB 24/24
  cert | viol 0.038 | dV -0.225463 | V 0.2540 | inball 0.609 | a*_q05 0.00637 | a*_q50 0.03636 | dV>=0 0.000 | n=150 | a_used 0.00499 -> 0.00508
[Episode 495/400] Steps: 720 | Reward:  304.98 | Battery:  81.81% | Loss: -0.0330
Placing Sensors
[Episode 496/400] Steps: 720 | Reward:  317.04 | Battery:  83.74% | Loss: 
Placing Sensors
Policy -0.0081 | Value 14.6898 | KL 0.00971 | CF 0.1098 | Std 0.1088 | |a| 0.0341 | EV +0.987 | Rsd 35.289 | Res 4.189 | AE nan | Alpha 0.0100 | MB 24/24
  cert | viol 0.000 | dV -0.215624 | V 0.2289 | inball 0.667 | a*_q05 0.01120 | a*_q50 0.03943 | dV>=0 0.000 | n=150 | a_used 0.00508 -> 0.00526
[Episode 497/400] Steps: 720 | Reward:  311.66 | Battery:  78.23% | Loss: 0.0153
Placing Sensors
[Episode 498/400] Steps: 720 | Reward:  304.36 | Battery:  79.98% | Loss: 
Placing Sensors
[Episode 499/400] Steps: 190 | Reward:  -45.52 | Battery:   0.00% | Loss: 
Placing Sensors
[Episode 500/400] Steps:  89 | Reward:  -58.08 | Battery:   0.00% | Loss: 
Placing Sensors
Policy -0.0116 | Value 132.8275 | KL 0.00862 | CF 0.0793 | Std 0.1088 | |a| 0.0436 | EV +0.778 | Rsd 33.113 | Res 15.972 | AE nan | Alpha 0.0100 | MB 28/28
  cert | viol 0.065 | dV -0.226153 | V 0.2856 | inball 0.555 | a*_q05 0.00223 | a*_q50 0.03859 | dV>=0 0.054 | n=150 | a_used 0.00526 -> 0.00543
[Episode 501/400] Steps: 720 | Reward:  313.81 | Battery:  84.67% | Loss: 0.0789
Placing Sensors
[Episode 502/400] Steps: 720 | Reward:  210.16 | Battery:  64.29% | Loss: 
Placing Sensors
Policy -0.0050 | Value 56.1825 | KL 0.00753 | CF 0.0886 | Std 0.1088 | |a| 0.0476 | EV +0.947 | Rsd 36.371 | Res 8.403 | AE nan | Alpha 0.0100 | MB 24/24
  cert | viol 0.091 | dV -0.221578 | V 0.2636 | inball 0.507 | a*_q05 0.00417 | a*_q50 0.03051 | dV>=0 0.000 | n=150 | a_used 0.00543 -> 0.00526
[Episode 503/400] Steps: 720 | Reward:  290.92 | Battery:  70.82% | Loss: 0.1518
Placing Sensors
[Episode 504/400] Steps: 720 | Reward:  293.93 | Battery:  80.05% | Loss: 
Placing Sensors
Policy -0.0131 | Value 31.6636 | KL 0.00855 | CF 0.0890 | Std 0.1087 | |a| 0.0374 | EV +0.958 | Rsd 35.489 | Res 7.302 | AE nan | Alpha 0.0100 | MB 24/24
  cert | viol 0.073 | dV -0.303490 | V 0.3506 | inball 0.581 | a*_q05 0.00468 | a*_q50 0.03638 | dV>=0 0.000 | n=150 | a_used 0.00526 -> 0.00523
[Episode 505/400] Steps: 720 | Reward:  282.51 | Battery:  71.15% | Loss: 0.0763
Placing Sensors
[Episode 506/400] Steps: 720 | Reward:  242.07 | Battery:  68.95% | Loss: 
Placing Sensors
Policy -0.0162 | Value 24.5981 | KL 0.01094 | CF 0.0951 | Std 0.1087 | |a| 0.0438 | EV +0.983 | Rsd 40.101 | Res 5.666 | AE nan | Alpha 0.0100 | MB 24/24
  cert | viol 0.022 | dV -0.286528 | V 0.3285 | inball 0.528 | a*_q05 0.00693 | a*_q50 0.03488 | dV>=0 0.000 | n=150 | a_used 0.00523 -> 0.00526
[Episode 507/400] Steps: 720 | Reward:  280.78 | Battery:  69.65% | Loss: 0.0270
Placing Sensors
[Episode 508/400] Steps: 720 | Reward:  302.00 | Battery:  78.88% | Loss: 
Placing Sensors
Policy -0.0123 | Value 52.4071 | KL 0.01508 | CF 0.1373 | Std 0.1087 | |a| 0.0405 | EV +0.950 | Rsd 36.936 | Res 8.284 | AE nan | Alpha 0.0100 | MB 24/24
  cert | viol 0.052 | dV -0.244239 | V 0.2833 | inball 0.551 | a*_q05 0.00574 | a*_q50 0.02749 | dV>=0 0.000 | n=150 | a_used 0.00526 -> 0.00521
[Episode 509/400] Steps: 720 | Reward:  272.83 | Battery:  85.44% | Loss: -0.0500
Placing Sensors
[Episode 510/400] Steps: 720 | Reward:  259.16 | Battery:  75.16% | Loss: 
Placing Sensors
Policy -0.0082 | Value 55.4843 | KL 0.02086 | CF 0.1447 | Std 0.1087 | |a| 0.0417 | EV +0.888 | Rsd 32.763 | Res 11.021 | AE nan | Alpha 0.0100 | MB 24/24
  cert | viol 0.240 | dV -0.261676 | V 0.4133 | inball 0.457 | a*_q05 -0.00125 | a*_q50 0.02287 | dV>=0 0.097 | n=150 | a_used 0.00521 -> 0.00495
[Episode 511/400] Steps: 720 | Reward:  258.08 | Battery:  84.62% | Loss: 0.1272
Placing Sensors
[Episode 512/400] Steps:  94 | Reward:  -68.15 | Battery:   0.00% | Loss: 
Placing Sensors
[Episode 513/400] Steps: 720 | Reward:  251.44 | Battery:  73.95% | Loss: 
Placing Sensors
Policy -0.0097 | Value 95.2612 | KL 0.01269 | CF 0.1317 | Std 0.1087 | |a| 0.0445 | EV +0.920 | Rsd 40.674 | Res 11.932 | AE nan | Alpha 0.0100 | MB 24/24
  cert | viol 0.102 | dV -0.277876 | V 0.3395 | inball 0.486 | a*_q05 0.00329 | a*_q50 0.03205 | dV>=0 0.000 | n=150 | a_used 0.00495 -> 0.00472
[Episode 514/400] Steps: 720 | Reward:  228.06 | Battery:  65.13% | Loss: 0.0352
Placing Sensors
[Episode 515/400] Steps: 720 | Reward:  264.00 | Battery:  76.80% | Loss: 
Placing Sensors
Policy -0.0090 | Value 48.2972 | KL 0.01467 | CF 0.1557 | Std 0.1088 | |a| 0.0418 | EV +0.931 | Rsd 34.982 | Res 9.211 | AE nan | Alpha 0.0100 | MB 24/24
  cert | viol 0.179 | dV -0.240037 | V 0.3724 | inball 0.307 | a*_q05 0.00084 | a*_q50 0.01475 | dV>=0 0.024 | n=150 | a_used 0.00472 -> 0.00430
[Episode 516/400] Steps: 720 | Reward:  245.01 | Battery:  82.47% | Loss: 0.0146
Placing Sensors
[Episode 517/400] Steps: 720 | Reward:  253.05 | Battery:  65.91% | Loss: 
Placing Sensors
[Episode 518/400] Steps: 133 | Reward:  -61.98 | Battery:   0.00% | Loss: 
Placing Sensors
Policy -0.0078 | Value 99.0847 | KL 0.02471 | CF 0.0984 | Std 0.1088 | |a| 0.0442 | EV +0.888 | Rsd 35.271 | Res 12.072 | AE nan | Alpha 0.0100 | MB 21/28
  cert | viol 0.000 | dV -0.260681 | V 0.2932 | inball 0.517 | a*_q05 0.00828 | a*_q50 0.03428 | dV>=0 0.000 | n=150 | a_used 0.00430 -> 0.00449
[Episode 519/400] Steps: 720 | Reward:  298.10 | Battery:  75.42% | Loss: -0.2212
Placing Sensors
[Episode 520/400] Steps: 720 | Reward:  262.30 | Battery:  79.32% | Loss: 
Placing Sensors
Policy -0.0139 | Value 61.0633 | KL 0.01079 | CF 0.0754 | Std 0.1088 | |a| 0.0368 | EV +0.915 | Rsd 31.250 | Res 10.509 | AE nan | Alpha 0.0100 | MB 24/24
  cert | viol 0.060 | dV -0.261679 | V 0.3264 | inball 0.524 | a*_q05 0.00433 | a*_q50 0.02868 | dV>=0 0.002 | n=150 | a_used 0.00449 -> 0.00451
[Episode 521/400] Steps: 720 | Reward:  259.27 | Battery:  73.92% | Loss: -0.0939
Placing Sensors
[Episode 522/400] Steps: 720 | Reward:  232.78 | Battery:  69.28% | Loss: 
Placing Sensors
Policy -0.0073 | Value 37.1386 | KL 0.00691 | CF 0.0771 | Std 0.1088 | |a| 0.0359 | EV +0.953 | Rsd 38.450 | Res 8.405 | AE nan | Alpha 0.0100 | MB 24/24
  cert | viol 0.100 | dV -0.250915 | V 0.3130 | inball 0.518 | a*_q05 0.00322 | a*_q50 0.03104 | dV>=0 0.000 | n=150 | a_used 0.00451 -> 0.00441
[Episode 523/400] Steps: 720 | Reward:  276.29 | Battery:  79.62% | Loss: 0.0730
[budget] 288464 transitions collected over 523 episodes -- step budget met, stopping.
Placing Sensors
  [validation 1/10] steps 720 | battery  38.9% ->  72.3% (min  33.2%) | reward   330.53 | |a| 0.046 | path     243 m
Placing Sensors
  [validation 2/10] steps 720 | battery  35.5% ->  80.7% (min  34.6%) | reward   410.35 | |a| 0.027 | path     143 m
Placing Sensors
  [validation 3/10] steps 720 | battery  31.5% ->  72.9% (min  27.6%) | reward   360.27 | |a| 0.028 | path     177 m
Placing Sensors
  [validation 4/10] steps 720 | battery  32.6% ->  78.2% (min  29.5%) | reward   388.70 | |a| 0.035 | path     257 m
Placing Sensors
  [validation 5/10] steps 720 | battery  33.9% ->  83.9% (min  27.7%) | reward   416.56 | |a| 0.031 | path     189 m
Placing Sensors
  [validation 6/10] steps 720 | battery  38.5% ->  89.3% (min  30.0%) | reward   401.19 | |a| 0.028 | path     202 m
Placing Sensors
  [validation 7/10] steps 720 | battery  39.4% ->  80.8% (min  32.8%) | reward   384.94 | |a| 0.029 | path     210 m
Placing Sensors
  [validation 8/10] steps 720 | battery  31.5% ->  75.0% (min  24.3%) | reward   362.71 | |a| 0.031 | path     193 m
Placing Sensors
  [validation 9/10] steps 720 | battery  39.3% ->  79.0% (min  25.9%) | reward   349.35 | |a| 0.068 | path     186 m
Placing Sensors
  [validation 10/10] steps 720 | battery  36.7% ->  80.2% (min  32.4%) | reward   352.98 | |a| 0.040 | path     150 m

==============================================================================
VALIDATION COMPLETE -- 10 independent deterministic episodes
==============================================================================
metric                       mean        std        min        max
reward                     375.76      28.74     330.53     416.56
final battery %             79.23       5.12      72.28      89.30
min battery %               29.80       3.42      24.30      34.55
steps                      720.00       0.00     720.00     720.00
solar W                     28.62       1.54      26.98      31.56
|action|                     0.04       0.01       0.03       0.07
path m                     194.99      36.00     142.55     257.20
tortuosity                   2.68       1.67       1.45       6.24
motion mAh                 143.55      24.76     105.69     188.09
idle mAh                 11582.40       0.00   11582.40   11582.41

survived full 720 steps : 10/10
ended below 20% battery         : 0/10
ended above 70% battery         : 10/10

reward 95% CI: 375.76 +- 17.81  (357.95 to 393.57)

total step rows written: 7200

==============================================
WALL CLOCK BREAKDOWN
==============================================
Total run time        :   17694.04 s
  Rollout (training)  :   17144.22 s  ( 96.9%)
    - policy inference:     213.69 s  (  1.2%)
    - env + reward    :   16930.53 s  ( 95.7%)
  PPO update()        :      50.39 s  (  0.3%)
  Checkpoint saves    :       0.01 s  (  0.0%)
  Final evaluation    :     365.62 s  (  2.1%)
  Other / logging     :     133.79 s  (  0.8%)

==============================================
PER-CALL AVERAGES
==============================================
Policy inference      :   295664 calls |    0.740 ms/step
  final eval only     :     7200 calls |    0.727 ms/step
PPO update()          :      192 calls |  262.457 ms/update
Episode               :      400 eps   |   43.321 s/episode

update() share of wall clock: 0.3%
