Placing Sensors
[chaotic-init] chebyshev: re-initialised 14 weight tensors (470592 parameters), match=variance, placement=sequential, seed 1
[chaotic-init] sigma_max after: mean 1.715, max 1.995
Placing Sensors
[Episode 1/400] Steps: 720 | Reward:  218.58 | Battery:  69.37% | Loss: 
Placing Sensors
[Episode 2/400] Steps: 117 | Reward:  -70.04 | Battery:   0.00% | Loss: 
Placing Sensors
[Episode 3/400] Steps:  86 | Reward:  -72.43 | Battery:   0.00% | Loss: 
Placing Sensors
[Episode 4/400] Steps:  74 | Reward:  -63.27 | Battery:   0.00% | Loss: 
Placing Sensors
[Episode 5/400] Steps:  65 | Reward:  -63.31 | Battery:   0.00% | Loss: 
Placing Sensors
[Episode 6/400] Steps:  82 | Reward:  -73.35 | Battery:   0.00% | Loss: 
Placing Sensors
[Episode 7/400] Steps: 139 | Reward:  -52.93 | Battery:   0.00% | Loss: 
Placing Sensors
Policy -0.0062 | Value 238.2623 | KL 0.00493 | CF 0.0578 | Std 0.1054 | |a| 0.0120 | EV -0.004 | Rsd 16.375 | Res 16.567 | AE nan | Alpha 0.9260 | MB 24/24
  cert | viol 0.214 | dV -0.223751 | V 0.2829 | inball 0.208 | a*_q05 0.00406 | a*_q50 0.02615 | dV>=0 0.013 | n=150 | a_used 0.01000 -> 0.00981
[Episode 8/400] Steps: 160 | Reward:  -63.39 | Battery:   0.00% | Loss: 2.0309
Placing Sensors
[Episode 9/400] Steps: 155 | Reward:  -42.98 | Battery:   0.00% | Loss: 
Placing Sensors
[Episode 10/400] Steps:  65 | Reward:  -61.86 | Battery:   0.00% | Loss: 
Placing Sensors
[Episode 11/400] Steps:  69 | Reward:  -65.94 | Battery:   0.00% | Loss: 
Placing Sensors
[Episode 12/400] Steps:  99 | Reward:  -75.63 | Battery:   0.00% | Loss: 
Placing Sensors
[Episode 13/400] Steps: 720 | Reward:  217.81 | Battery:  58.30% | Loss: 
Placing Sensors
[Episode 14/400] Steps:  77 | Reward:  -56.83 | Battery:   0.00% | Loss: 
Placing Sensors
[Episode 15/400] Steps:  83 | Reward:  -70.25 | Battery:   0.00% | Loss: 
Placing Sensors
Policy -0.0077 | Value 271.2792 | KL 0.00656 | CF 0.0788 | Std 0.1055 | |a| 0.0107 | EV +0.127 | Rsd 18.703 | Res 17.970 | AE nan | Alpha 0.8329 | MB 32/32
  cert | viol 0.118 | dV -0.241211 | V 0.2768 | inball 0.342 | a*_q05 0.00639 | a*_q50 0.02707 | dV>=0 0.017 | n=150 | a_used 0.00981 -> 0.00950
[Episode 16/400] Steps: 720 | Reward:  289.87 | Battery:  75.65% | Loss: 1.6922
Placing Sensors
[Episode 17/400] Steps:  70 | Reward:  -67.93 | Battery:   0.00% | Loss: 
Placing Sensors
[Episode 18/400] Steps: 720 | Reward:  171.63 | Battery:  58.81% | Loss: 
Placing Sensors
Policy -0.0040 | Value 204.4635 | KL 0.00385 | CF 0.0412 | Std 0.1056 | |a| 0.0090 | EV +0.195 | Rsd 14.513 | Res 14.967 | AE nan | Alpha 0.7685 | MB 24/24
  cert | viol 0.628 | dV -0.157621 | V 0.3339 | inball 0.033 | a*_q05 -0.01412 | a*_q50 0.00519 | dV>=0 0.256 | n=150 | a_used 0.00950 -> 0.00902
[Episode 19/400] Steps: 720 | Reward:  212.17 | Battery:  69.36% | Loss: 1.6410
Placing Sensors
[Episode 20/400] Steps:  77 | Reward:  -57.98 | Battery:   0.00% | Loss: 
Placing Sensors
[Episode 21/400] Steps: 720 | Reward:  225.67 | Battery:  66.34% | Loss: 
Placing Sensors
Policy -0.0031 | Value 247.4059 | KL 0.00425 | CF 0.0508 | Std 0.1058 | |a| 0.0081 | EV +0.077 | Rsd 15.693 | Res 17.196 | AE nan | Alpha 0.7088 | MB 24/24
  cert | viol 0.242 | dV -0.250554 | V 0.3311 | inball 0.425 | a*_q05 0.00376 | a*_q50 0.02497 | dV>=0 0.000 | n=150 | a_used 0.00902 -> 0.00869
[Episode 22/400] Steps: 720 | Reward:  245.67 | Battery:  70.11% | Loss: 1.5336
Placing Sensors
[Episode 23/400] Steps: 720 | Reward:  150.06 | Battery:  48.83% | Loss: 
Placing Sensors
Policy -0.0037 | Value 178.2027 | KL 0.00620 | CF 0.0740 | Std 0.1059 | |a| 0.0111 | EV +0.300 | Rsd 17.104 | Res 15.234 | AE nan | Alpha 0.6564 | MB 24/24
  cert | viol 0.489 | dV -0.169978 | V 0.3435 | inball 0.095 | a*_q05 -0.00900 | a*_q50 0.00922 | dV>=0 0.129 | n=150 | a_used 0.00869 -> 0.00825
[Episode 24/400] Steps: 720 | Reward:  131.79 | Battery:  35.90% | Loss: 1.3679
Placing Sensors
[Episode 25/400] Steps:  82 | Reward:  -72.68 | Battery:   0.00% | Loss: 
Placing Sensors
[Episode 26/400] Steps: 712 | Reward:   39.66 | Battery:   0.00% | Loss: 
Placing Sensors
Policy 0.0015 | Value 138.9991 | KL 0.00487 | CF 0.0540 | Std 0.1061 | |a| 0.0110 | EV +0.370 | Rsd 17.606 | Res 14.070 | AE nan | Alpha 0.6055 | MB 24/24
  cert | viol 0.707 | dV -0.116164 | V 0.3509 | inball 0.142 | a*_q05 -0.00575 | a*_q50 0.00392 | dV>=0 0.227 | n=150 | a_used 0.00825 -> 0.00784
[Episode 27/400] Steps: 720 | Reward:  197.22 | Battery:  57.26% | Loss: 1.1403
Placing Sensors
[Episode 28/400] Steps: 720 | Reward:  134.36 | Battery:  42.90% | Loss: 
Placing Sensors
[Episode 29/400] Steps: 170 | Reward:  -57.37 | Battery:   0.00% | Loss: 
Placing Sensors
[Episode 30/400] Steps:  69 | Reward:  -62.08 | Battery:   0.00% | Loss: 
Placing Sensors
Policy -0.0014 | Value 179.9155 | KL 0.00773 | CF 0.0922 | Std 0.1062 | |a| 0.0127 | EV +0.440 | Rsd 21.172 | Res 15.970 | AE nan | Alpha 0.5537 | MB 28/28
  cert | viol 0.493 | dV -0.193230 | V 0.3111 | inball 0.150 | a*_q05 -0.02010 | a*_q50 0.00856 | dV>=0 0.157 | n=150 | a_used 0.00784 -> 0.00745
[Episode 31/400] Steps: 720 | Reward:  188.74 | Battery:  57.82% | Loss: 1.2292
Placing Sensors
[Episode 32/400] Steps:  96 | Reward:  -68.72 | Battery:   0.00% | Loss: 
Placing Sensors
[Episode 33/400] Steps: 720 | Reward:  138.46 | Battery:  45.67% | Loss: 
Placing Sensors
[Episode 34/400] Steps:  86 | Reward:  -75.06 | Battery:   0.00% | Loss: 
Placing Sensors
[Episode 35/400] Steps: 103 | Reward:  -69.36 | Battery:   0.00% | Loss: 
Placing Sensors
Policy -0.0058 | Value 157.6785 | KL 0.00614 | CF 0.0782 | Std 0.1065 | |a| 0.0119 | EV +0.581 | Rsd 22.659 | Res 14.711 | AE nan | Alpha 0.5050 | MB 28/28
  cert | viol 0.397 | dV -0.170157 | V 0.2667 | inball 0.146 | a*_q05 -0.01643 | a*_q50 0.00928 | dV>=0 0.158 | n=150 | a_used 0.00745 -> 0.00707
[Episode 36/400] Steps: 720 | Reward:  214.46 | Battery:  64.76% | Loss: 0.9555
Placing Sensors
[Episode 37/400] Steps:  65 | Reward:  -63.44 | Battery:   0.00% | Loss: 
Placing Sensors
[Episode 38/400] Steps: 138 | Reward:  -45.43 | Battery:   0.00% | Loss: 
Placing Sensors
[Episode 39/400] Steps:  91 | Reward:  -62.85 | Battery:   0.00% | Loss: 
Placing Sensors
[Episode 40/400] Steps: 720 | Reward:  174.51 | Battery:  56.92% | Loss: 
Placing Sensors
[Episode 41/400] Steps: 114 | Reward:  -69.11 | Battery:   0.00% | Loss: 
Placing Sensors
Policy -0.0041 | Value 168.1146 | KL 0.00796 | CF 0.0991 | Std 0.1067 | |a| 0.0135 | EV +0.561 | Rsd 24.082 | Res 16.060 | AE nan | Alpha 0.4577 | MB 32/32
  cert | viol 0.432 | dV -0.167733 | V 0.2639 | inball 0.163 | a*_q05 -0.01643 | a*_q50 0.00999 | dV>=0 0.238 | n=150 | a_used 0.00707 -> 0.00672
[Episode 42/400] Steps: 720 | Reward:  174.32 | Battery:  44.85% | Loss: 0.8415
Placing Sensors
[Episode 43/400] Steps:  68 | Reward:  -65.99 | Battery:   0.00% | Loss: 
Placing Sensors
[Episode 44/400] Steps: 720 | Reward:  210.66 | Battery:  68.22% | Loss: 
Placing Sensors
Policy -0.0040 | Value 145.6517 | KL 0.00623 | CF 0.0789 | Std 0.1070 | |a| 0.0087 | EV +0.535 | Rsd 24.364 | Res 17.335 | AE nan | Alpha 0.4223 | MB 24/24
  cert | viol 0.129 | dV -0.264773 | V 0.3366 | inball 0.348 | a*_q05 0.00212 | a*_q50 0.02395 | dV>=0 0.031 | n=150 | a_used 0.00672 -> 0.00620
[Episode 45/400] Steps: 720 | Reward:  182.74 | Battery:  57.69% | Loss: 0.8135
Placing Sensors
[Episode 46/400] Steps: 720 | Reward:  194.60 | Battery:  58.98% | Loss: 
Placing Sensors
[Episode 47/400] Steps:  67 | Reward:  -59.69 | Battery:   0.00% | Loss: 
Placing Sensors
Policy -0.0014 | Value 166.0906 | KL 0.01095 | CF 0.1265 | Std 0.1071 | |a| 0.0150 | EV +0.522 | Rsd 24.605 | Res 17.321 | AE nan | Alpha 0.3897 | MB 24/24
  cert | viol 0.193 | dV -0.205045 | V 0.2929 | inball 0.285 | a*_q05 0.00179 | a*_q50 0.02351 | dV>=0 0.000 | n=150 | a_used 0.00620 -> 0.00582
[Episode 48/400] Steps: 720 | Reward:  172.71 | Battery:  50.56% | Loss: 0.7142
Placing Sensors
[Episode 49/400] Steps: 140 | Reward:  -63.39 | Battery:   0.00% | Loss: 
Placing Sensors
[Episode 50/400] Steps: 720 | Reward:  178.49 | Battery:  46.34% | Loss: 
Placing Sensors
Policy 0.0096 | Value 125.9265 | KL 0.01216 | CF 0.1397 | Std 0.1073 | |a| 0.0183 | EV +0.413 | Rsd 22.033 | Res 16.914 | AE nan | Alpha 0.3583 | MB 28/28
  cert | viol 0.160 | dV -0.202295 | V 0.2787 | inball 0.242 | a*_q05 0.00147 | a*_q50 0.02214 | dV>=0 0.026 | n=150 | a_used 0.00582 -> 0.00578
[Episode 51/400] Steps: 720 | Reward:  181.45 | Battery:  58.15% | Loss: 0.8340
Placing Sensors
[Episode 52/400] Steps:  80 | Reward:  -73.05 | Battery:   0.00% | Loss: 
Placing Sensors
[Episode 53/400] Steps:  72 | Reward:  -58.00 | Battery:   0.00% | Loss: 
Placing Sensors
[Episode 54/400] Steps:  67 | Reward:  -61.92 | Battery:   0.00% | Loss: 
Placing Sensors
[Episode 55/400] Steps: 128 | Reward:  -66.70 | Battery:   0.00% | Loss: 
Placing Sensors
[Episode 56/400] Steps: 720 | Reward:  219.93 | Battery:  67.43% | Loss: 
Placing Sensors
Policy -0.0020 | Value 79.3946 | KL 0.01062 | CF 0.1306 | Std 0.1075 | |a| 0.0191 | EV +0.689 | Rsd 25.307 | Res 15.137 | AE nan | Alpha 0.3257 | MB 28/28
  cert | viol 0.403 | dV -0.135633 | V 0.2523 | inball 0.105 | a*_q05 -0.01206 | a*_q50 0.00924 | dV>=0 0.245 | n=150 | a_used 0.00578 -> 0.00549
[Episode 57/400] Steps: 720 | Reward:  130.89 | Battery:  45.12% | Loss: 0.5174
Placing Sensors
[Episode 58/400] Steps:  97 | Reward:  -74.24 | Battery:   0.00% | Loss: 
Placing Sensors
[Episode 59/400] Steps: 720 | Reward:  209.60 | Battery:  68.31% | Loss: 
Placing Sensors
[Episode 60/400] Steps:  65 | Reward:  -61.30 | Battery:   0.00% | Loss: 
Placing Sensors
Policy 0.0062 | Value 116.2195 | KL 0.01290 | CF 0.1677 | Std 0.1077 | |a| 0.0170 | EV +0.664 | Rsd 27.309 | Res 15.898 | AE nan | Alpha 0.2990 | MB 28/28
  cert | viol 0.452 | dV -0.199668 | V 0.2946 | inball 0.122 | a*_q05 -0.01314 | a*_q50 0.00831 | dV>=0 0.246 | n=150 | a_used 0.00549 -> 0.00522
[Episode 61/400] Steps: 720 | Reward:  190.08 | Battery:  57.44% | Loss: 0.6483
Placing Sensors
[Episode 62/400] Steps: 101 | Reward:  -69.87 | Battery:   0.00% | Loss: 
Placing Sensors
[Episode 63/400] Steps: 720 | Reward:  166.44 | Battery:  51.48% | Loss: 
Placing Sensors
Policy 0.0096 | Value 130.2740 | KL 0.00924 | CF 0.1202 | Std 0.1079 | |a| 0.0120 | EV +0.507 | Rsd 25.865 | Res 18.195 | AE nan | Alpha 0.2755 | MB 28/28
  cert | viol 0.139 | dV -0.196221 | V 0.2693 | inball 0.332 | a*_q05 -0.00515 | a*_q50 0.01697 | dV>=0 0.058 | n=150 | a_used 0.00522 -> 0.00539
[Episode 64/400] Steps: 720 | Reward:  236.73 | Battery:  74.29% | Loss: 0.9764
Placing Sensors
[Episode 65/400] Steps:  60 | Reward:  -61.22 | Battery:   0.00% | Loss: 
Placing Sensors
[Episode 66/400] Steps: 105 | Reward:  -68.51 | Battery:   0.00% | Loss: 
Placing Sensors
[Episode 67/400] Steps: 720 | Reward:  181.04 | Battery:  55.22% | Loss: 
Placing Sensors
Policy -0.0042 | Value 221.0217 | KL 0.01456 | CF 0.1874 | Std 0.1080 | |a| 0.0165 | EV +0.729 | Rsd 32.390 | Res 16.863 | AE nan | Alpha 0.2529 | MB 28/28
  cert | viol 0.138 | dV -0.284068 | V 0.3715 | inball 0.397 | a*_q05 0.00066 | a*_q50 0.03022 | dV>=0 0.056 | n=150 | a_used 0.00539 -> 0.00556
[Episode 68/400] Steps: 720 | Reward:  278.99 | Battery:  75.94% | Loss: 0.6460
Placing Sensors
[Episode 69/400] Steps:  93 | Reward:  -57.47 | Battery:   0.00% | Loss: 
Placing Sensors
[Episode 70/400] Steps: 143 | Reward:  -54.41 | Battery:   0.00% | Loss: 
Placing Sensors
[Episode 71/400] Steps: 720 | Reward:  208.88 | Battery:  69.07% | Loss: 
Placing Sensors
Policy 0.0003 | Value 111.0535 | KL 0.00809 | CF 0.1075 | Std 0.1082 | |a| 0.0138 | EV +0.718 | Rsd 28.911 | Res 15.340 | AE nan | Alpha 0.2313 | MB 28/28
  cert | viol 0.220 | dV -0.232356 | V 0.3503 | inball 0.286 | a*_q05 0.00044 | a*_q50 0.02221 | dV>=0 0.052 | n=150 | a_used 0.00556 -> 0.00528
[Episode 72/400] Steps: 720 | Reward:  222.20 | Battery:  64.61% | Loss: 0.4193
Placing Sensors
[Episode 73/400] Steps:  87 | Reward:  -60.77 | Battery:   0.00% | Loss: 
Placing Sensors
[Episode 74/400] Steps: 720 | Reward:  251.63 | Battery:  77.50% | Loss: 
Placing Sensors
[Episode 75/400] Steps:  92 | Reward:  -63.12 | Battery:   0.00% | Loss: 
Placing Sensors
Policy -0.0065 | Value 148.0632 | KL 0.00577 | CF 0.0752 | Std 0.1083 | |a| 0.0124 | EV +0.605 | Rsd 28.993 | Res 18.228 | AE nan | Alpha 0.2122 | MB 28/28
  cert | viol 0.183 | dV -0.201541 | V 0.3019 | inball 0.360 | a*_q05 0.00161 | a*_q50 0.01733 | dV>=0 0.022 | n=150 | a_used 0.00528 -> 0.00505
[Episode 76/400] Steps: 720 | Reward:  187.05 | Battery:  58.03% | Loss: 0.2690
Placing Sensors
[Episode 77/400] Steps: 720 | Reward:  222.33 | Battery:  69.51% | Loss: 
Placing Sensors
Policy 0.0013 | Value 135.6600 | KL 0.00529 | CF 0.0621 | Std 0.1084 | |a| 0.0110 | EV +0.572 | Rsd 27.982 | Res 18.391 | AE nan | Alpha 0.1965 | MB 24/24
  cert | viol 0.145 | dV -0.256031 | V 0.3448 | inball 0.404 | a*_q05 0.00209 | a*_q50 0.02518 | dV>=0 0.023 | n=150 | a_used 0.00505 -> 0.00483
[Episode 78/400] Steps: 720 | Reward:  197.43 | Battery:  53.76% | Loss: 0.3913
Placing Sensors
[Episode 79/400] Steps:  86 | Reward:  -55.67 | Battery:   0.00% | Loss: 
Placing Sensors
[Episode 80/400] Steps: 140 | Reward:  -63.04 | Battery:   0.00% | Loss: 
Placing Sensors
[Episode 81/400] Steps: 720 | Reward:  202.48 | Battery:  60.22% | Loss: 
Placing Sensors
Policy -0.0011 | Value 120.0266 | KL 0.00891 | CF 0.1041 | Std 0.1086 | |a| 0.0137 | EV +0.752 | Rsd 31.490 | Res 15.679 | AE nan | Alpha 0.1798 | MB 28/28
  cert | viol 0.240 | dV -0.264514 | V 0.4398 | inball 0.257 | a*_q05 -0.00026 | a*_q50 0.01776 | dV>=0 0.063 | n=150 | a_used 0.00483 -> 0.00443
[Episode 82/400] Steps: 720 | Reward:  229.81 | Battery:  74.32% | Loss: 0.3795
Placing Sensors
[Episode 83/400] Steps: 720 | Reward:  241.42 | Battery:  79.32% | Loss: 
Placing Sensors
Policy -0.0047 | Value 93.6760 | KL 0.00608 | CF 0.0761 | Std 0.1087 | |a| 0.0148 | EV +0.702 | Rsd 28.019 | Res 15.335 | AE nan | Alpha 0.1665 | MB 24/24
  cert | viol 0.272 | dV -0.199754 | V 0.3508 | inball 0.246 | a*_q05 -0.00108 | a*_q50 0.01427 | dV>=0 0.126 | n=150 | a_used 0.00443 -> 0.00421
[Episode 84/400] Steps: 720 | Reward:  184.17 | Battery:  52.18% | Loss: 0.3081
Placing Sensors
[Episode 85/400] Steps: 121 | Reward:  -71.78 | Battery:   0.00% | Loss: 
Placing Sensors
[Episode 86/400] Steps: 720 | Reward:  261.68 | Battery:  68.64% | Loss: 
Placing Sensors
Policy -0.0112 | Value 131.2981 | KL 0.00843 | CF 0.1128 | Std 0.1088 | |a| 0.0153 | EV +0.705 | Rsd 29.893 | Res 16.257 | AE nan | Alpha 0.1532 | MB 28/28
  cert | viol 0.083 | dV -0.247967 | V 0.3080 | inball 0.401 | a*_q05 -0.00178 | a*_q50 0.02857 | dV>=0 0.046 | n=150 | a_used 0.00421 -> 0.00433
[Episode 87/400] Steps: 720 | Reward:  167.76 | Battery:  51.98% | Loss: 0.3303
Placing Sensors
[Episode 88/400] Steps:  73 | Reward:  -70.48 | Battery:   0.00% | Loss: 
Placing Sensors
[Episode 89/400] Steps:  73 | Reward:  -60.03 | Battery:   0.00% | Loss: 
Placing Sensors
[Episode 90/400] Steps: 720 | Reward:  228.80 | Battery:  69.96% | Loss: 
Placing Sensors
Policy -0.0102 | Value 156.3420 | KL 0.01250 | CF 0.1425 | Std 0.1089 | |a| 0.0204 | EV +0.683 | Rsd 30.738 | Res 17.438 | AE nan | Alpha 0.1408 | MB 28/28
  cert | viol 0.068 | dV -0.255132 | V 0.3438 | inball 0.340 | a*_q05 0.00365 | a*_q50 0.02296 | dV>=0 0.003 | n=150 | a_used 0.00433 -> 0.00446
[Episode 91/400] Steps: 720 | Reward:  192.53 | Battery:  60.33% | Loss: -0.0051
Placing Sensors
[Episode 92/400] Steps: 720 | Reward:  121.83 | Battery:  39.59% | Loss: 
Placing Sensors
Policy 0.0011 | Value 110.9876 | KL 0.01277 | CF 0.1573 | Std 0.1090 | |a| 0.0193 | EV +0.716 | Rsd 29.011 | Res 15.761 | AE nan | Alpha 0.1304 | MB 24/24
  cert | viol 0.297 | dV -0.152621 | V 0.2643 | inball 0.243 | a*_q05 -0.02309 | a*_q50 0.01416 | dV>=0 0.191 | n=150 | a_used 0.00446 -> 0.00424
[Episode 93/400] Steps: 720 | Reward:  220.96 | Battery:  61.59% | Loss: 0.1938
Placing Sensors
[Episode 94/400] Steps: 720 | Reward:  266.45 | Battery:  75.70% | Loss: 
Placing Sensors
[Episode 95/400] Steps: 120 | Reward:  -66.07 | Battery:   0.00% | Loss: 
Placing Sensors
Policy -0.0206 | Value 92.3709 | KL 0.00755 | CF 0.0953 | Std 0.1091 | |a| 0.0158 | EV +0.684 | Rsd 27.956 | Res 15.744 | AE nan | Alpha 0.1200 | MB 28/28
  cert | viol 0.046 | dV -0.221954 | V 0.2712 | inball 0.462 | a*_q05 0.00494 | a*_q50 0.02977 | dV>=0 0.000 | n=150 | a_used 0.00424 -> 0.00430
[Episode 96/400] Steps: 720 | Reward:  241.53 | Battery:  66.74% | Loss: 0.1995
Placing Sensors
[Episode 97/400] Steps: 720 | Reward:  266.59 | Battery:  78.77% | Loss: 
Placing Sensors
Policy 0.0052 | Value 79.8499 | KL 0.01178 | CF 0.1252 | Std 0.1091 | |a| 0.0159 | EV +0.758 | Rsd 26.360 | Res 13.303 | AE nan | Alpha 0.1111 | MB 24/24
  cert | viol 0.173 | dV -0.222985 | V 0.3441 | inball 0.414 | a*_q05 0.00045 | a*_q50 0.01862 | dV>=0 0.036 | n=150 | a_used 0.00430 -> 0.00409
[Episode 98/400] Steps: 720 | Reward:  222.25 | Battery:  71.55% | Loss: 0.1991
Placing Sensors
[Episode 99/400] Steps: 720 | Reward:  242.90 | Battery:  70.77% | Loss: 
Placing Sensors
[Episode 100/400] Steps:  78 | Reward:  -55.60 | Battery:   0.00% | Loss: 
Placing Sensors
Policy -0.0015 | Value 113.8898 | KL 0.01091 | CF 0.1385 | Std 0.1092 | |a| 0.0192 | EV +0.763 | Rsd 30.775 | Res 14.981 | AE nan | Alpha 0.1025 | MB 24/24
  cert | viol 0.198 | dV -0.226339 | V 0.3654 | inball 0.348 | a*_q05 -0.00028 | a*_q50 0.02111 | dV>=0 0.073 | n=150 | a_used 0.00409 -> 0.00388
[Episode 101/400] Steps: 720 | Reward:  205.28 | Battery:  61.83% | Loss: 0.2252
Placing Sensors
[Episode 102/400] Steps: 720 | Reward:  239.72 | Battery:  78.44% | Loss: 
Placing Sensors
[Episode 103/400] Steps: 141 | Reward:  -61.52 | Battery:   0.00% | Loss: 
Placing Sensors
Policy -0.0159 | Value 87.3634 | KL 0.00935 | CF 0.1106 | Std 0.1093 | |a| 0.0188 | EV +0.732 | Rsd 28.059 | Res 14.516 | AE nan | Alpha 0.0942 | MB 28/28
  cert | viol 0.100 | dV -0.182173 | V 0.2778 | inball 0.283 | a*_q05 0.00184 | a*_q50 0.01312 | dV>=0 0.000 | n=150 | a_used 0.00388 -> 0.00389
[Episode 104/400] Steps: 720 | Reward:  223.63 | Battery:  74.09% | Loss: 0.0032
Placing Sensors
[Episode 105/400] Steps: 720 | Reward:  157.20 | Battery:  49.82% | Loss: 
Placing Sensors
Policy -0.0057 | Value 104.7455 | KL 0.01130 | CF 0.1514 | Std 0.1094 | |a| 0.0217 | EV +0.752 | Rsd 27.818 | Res 13.848 | AE nan | Alpha 0.0872 | MB 24/24
  cert | viol 0.095 | dV -0.216635 | V 0.2976 | inball 0.280 | a*_q05 0.00152 | a*_q50 0.01653 | dV>=0 0.024 | n=150 | a_used 0.00389 -> 0.00386
[Episode 106/400] Steps: 720 | Reward:  236.83 | Battery:  66.78% | Loss: 0.0865
Placing Sensors
[Episode 107/400] Steps: 194 | Reward:  -50.05 | Battery:   0.00% | Loss: 
Placing Sensors
[Episode 108/400] Steps: 720 | Reward:  232.78 | Battery:  71.36% | Loss: 
Placing Sensors
Policy 0.0078 | Value 84.7387 | KL 0.01573 | CF 0.1674 | Std 0.1094 | |a| 0.0216 | EV +0.798 | Rsd 28.441 | Res 12.825 | AE nan | Alpha 0.0800 | MB 28/28
  cert | viol 0.219 | dV -0.202817 | V 0.3825 | inball 0.322 | a*_q05 -0.00223 | a*_q50 0.01371 | dV>=0 0.097 | n=150 | a_used 0.00386 -> 0.00367
[Episode 109/400] Steps: 720 | Reward:  256.60 | Battery:  81.62% | Loss: 0.2519
Placing Sensors
[Episode 110/400] Steps: 141 | Reward:  -64.07 | Battery:   0.00% | Loss: 
Placing Sensors
[Episode 111/400] Steps: 720 | Reward:  199.67 | Battery:  61.87% | Loss: 
Placing Sensors
Policy 0.0004 | Value 103.4704 | KL 0.01440 | CF 0.1743 | Std 0.1095 | |a| 0.0223 | EV +0.752 | Rsd 31.770 | Res 15.838 | AE nan | Alpha 0.0735 | MB 28/28
  cert | viol 0.132 | dV -0.241158 | V 0.3582 | inball 0.284 | a*_q05 0.00045 | a*_q50 0.01740 | dV>=0 0.053 | n=150 | a_used 0.00367 -> 0.00354
[Episode 112/400] Steps: 720 | Reward:  176.71 | Battery:  53.59% | Loss: 0.2532
Placing Sensors
[Episode 113/400] Steps: 720 | Reward:  236.94 | Battery:  67.98% | Loss: 
Placing Sensors
[Episode 114/400] Steps:  75 | Reward:  -60.84 | Battery:   0.00% | Loss: 
Placing Sensors
[Episode 115/400] Steps:  92 | Reward:  -68.46 | Battery:   0.00% | Loss: 
Placing Sensors
Policy 0.0135 | Value 171.2849 | KL 0.01835 | CF 0.1937 | Std 0.1096 | |a| 0.0252 | EV +0.752 | Rsd 32.493 | Res 16.250 | AE nan | Alpha 0.0675 | MB 14/28
  cert | viol 0.077 | dV -0.291478 | V 0.3787 | inball 0.371 | a*_q05 0.00279 | a*_q50 0.02543 | dV>=0 0.000 | n=150 | a_used 0.00354 -> 0.00351
[Episode 116/400] Steps: 720 | Reward:  202.63 | Battery:  59.55% | Loss: 0.2767
Placing Sensors
[Episode 117/400] Steps: 720 | Reward:  218.61 | Battery:  62.96% | Loss: 
Placing Sensors
Policy -0.0010 | Value 99.4169 | KL 0.01277 | CF 0.1636 | Std 0.1096 | |a| 0.0191 | EV +0.774 | Rsd 31.803 | Res 15.116 | AE nan | Alpha 0.0625 | MB 24/24
  cert | viol 0.002 | dV -0.284636 | V 0.3268 | inball 0.503 | a*_q05 0.00689 | a*_q50 0.03225 | dV>=0 0.000 | n=150 | a_used 0.00351 -> 0.00362
[Episode 118/400] Steps: 720 | Reward:  243.70 | Battery:  70.02% | Loss: 0.1687
Placing Sensors
[Episode 119/400] Steps: 720 | Reward:  266.74 | Battery:  81.97% | Loss: 
Placing Sensors
[Episode 120/400] Steps: 106 | Reward:  -74.28 | Battery:   0.00% | Loss: 
Placing Sensors
Policy -0.0061 | Value 150.8920 | KL 0.00946 | CF 0.1197 | Std 0.1097 | |a| 0.0187 | EV +0.682 | Rsd 25.713 | Res 14.560 | AE nan | Alpha 0.0575 | MB 28/28
  cert | viol 0.159 | dV -0.199997 | V 0.3131 | inball 0.391 | a*_q05 0.00055 | a*_q50 0.01961 | dV>=0 0.072 | n=150 | a_used 0.00362 -> 0.00344
[Episode 121/400] Steps: 720 | Reward:  262.34 | Battery:  80.53% | Loss: 0.1641
Placing Sensors
[Episode 122/400] Steps:  70 | Reward:  -57.95 | Battery:   0.00% | Loss: 
Placing Sensors
[Episode 123/400] Steps: 121 | Reward:  -66.83 | Battery:   0.00% | Loss: 
Placing Sensors
[Episode 124/400] Steps: 185 | Reward:  -49.80 | Battery:   0.00% | Loss: 
Placing Sensors
[Episode 125/400] Steps:  70 | Reward:  -58.01 | Battery:   0.00% | Loss: 
Placing Sensors
[Episode 126/400] Steps: 720 | Reward:  206.47 | Battery:  59.07% | Loss: 
Placing Sensors
Policy -0.0104 | Value 104.7314 | KL 0.00777 | CF 0.1041 | Std 0.1097 | |a| 0.0208 | EV +0.819 | Rsd 33.341 | Res 14.338 | AE nan | Alpha 0.0520 | MB 32/32
  cert | viol 0.138 | dV -0.284575 | V 0.3884 | inball 0.265 | a*_q05 -0.00032 | a*_q50 0.02424 | dV>=0 0.039 | n=150 | a_used 0.00344 -> 0.00327
[Episode 127/400] Steps: 720 | Reward:  237.22 | Battery:  74.78% | Loss: -0.0133
Placing Sensors
[Episode 128/400] Steps:  87 | Reward:  -61.86 | Battery:   0.00% | Loss: 
Placing Sensors
[Episode 129/400] Steps: 106 | Reward:  -72.44 | Battery:   0.00% | Loss: 
Placing Sensors
[Episode 130/400] Steps: 720 | Reward:  168.11 | Battery:  52.69% | Loss: 
Placing Sensors
[Episode 131/400] Steps: 131 | Reward:  -64.41 | Battery:   0.00% | Loss: 
Placing Sensors
Policy -0.0075 | Value 122.9387 | KL 0.01109 | CF 0.1364 | Std 0.1098 | |a| 0.0203 | EV +0.674 | Rsd 29.414 | Res 16.973 | AE nan | Alpha 0.0474 | MB 28/28
  cert | viol 0.222 | dV -0.188882 | V 0.3050 | inball 0.132 | a*_q05 -0.01061 | a*_q50 0.01154 | dV>=0 0.135 | n=150 | a_used 0.00327 -> 0.00311
[Episode 132/400] Steps: 720 | Reward:  169.37 | Battery:  52.94% | Loss: 0.0164
Placing Sensors
[Episode 133/400] Steps: 125 | Reward:  -50.00 | Battery:   0.00% | Loss: 
Placing Sensors
[Episode 134/400] Steps: 720 | Reward:  251.84 | Battery:  77.81% | Loss: 
Placing Sensors
Policy -0.0097 | Value 103.7318 | KL 0.00813 | CF 0.1013 | Std 0.1098 | |a| 0.0164 | EV +0.750 | Rsd 26.490 | Res 13.309 | AE nan | Alpha 0.0436 | MB 28/28
  cert | viol 0.096 | dV -0.212995 | V 0.3088 | inball 0.407 | a*_q05 0.00243 | a*_q50 0.02279 | dV>=0 0.000 | n=150 | a_used 0.00311 -> 0.00295
[Episode 135/400] Steps: 720 | Reward:  232.69 | Battery:  71.06% | Loss: -0.0891
Placing Sensors
[Episode 136/400] Steps:  96 | Reward:  -57.86 | Battery:   0.00% | Loss: 
Placing Sensors
[Episode 137/400] Steps: 720 | Reward:  206.47 | Battery:  56.44% | Loss: 
Placing Sensors
Policy -0.0018 | Value 116.4904 | KL 0.00752 | CF 0.0884 | Std 0.1099 | |a| 0.0247 | EV +0.612 | Rsd 26.754 | Res 17.453 | AE nan | Alpha 0.0402 | MB 24/24
  cert | viol 0.039 | dV -0.304103 | V 0.3701 | inball 0.458 | a*_q05 0.00481 | a*_q50 0.03061 | dV>=0 0.000 | n=150 | a_used 0.00295 -> 0.00304
[Episode 138/400] Steps: 720 | Reward:  286.34 | Battery:  82.49% | Loss: 0.1229
Placing Sensors
[Episode 139/400] Steps: 720 | Reward:  236.06 | Battery:  71.09% | Loss: 
Placing Sensors
[Episode 140/400] Steps:  76 | Reward:  -69.39 | Battery:   0.00% | Loss: 
Placing Sensors
Policy -0.0090 | Value 86.5571 | KL 0.00862 | CF 0.0962 | Std 0.1099 | |a| 0.0210 | EV +0.863 | Rsd 31.096 | Res 11.684 | AE nan | Alpha 0.0370 | MB 24/24
  cert | viol 0.086 | dV -0.240097 | V 0.3281 | inball 0.406 | a*_q05 0.00212 | a*_q50 0.02568 | dV>=0 0.005 | n=150 | a_used 0.00304 -> 0.00301
[Episode 141/400] Steps: 720 | Reward:  216.79 | Battery:  64.79% | Loss: 0.1926
Placing Sensors
[Episode 142/400] Steps: 720 | Reward:  223.21 | Battery:  60.20% | Loss: 
Placing Sensors
Policy -0.0077 | Value 111.2623 | KL 0.01034 | CF 0.1214 | Std 0.1098 | |a| 0.0167 | EV +0.715 | Rsd 29.212 | Res 15.929 | AE nan | Alpha 0.0343 | MB 24/24
  cert | viol 0.064 | dV -0.275427 | V 0.3434 | inball 0.468 | a*_q05 0.00291 | a*_q50 0.02826 | dV>=0 0.000 | n=150 | a_used 0.00301 -> 0.00291
[Episode 143/400] Steps: 720 | Reward:  240.53 | Battery:  74.79% | Loss: 0.0747
Placing Sensors
[Episode 144/400] Steps: 720 | Reward:  213.44 | Battery:  64.34% | Loss: 
Placing Sensors
Policy 0.0058 | Value 83.4944 | KL 0.00760 | CF 0.0883 | Std 0.1099 | |a| 0.0190 | EV +0.837 | Rsd 30.540 | Res 12.865 | AE nan | Alpha 0.0318 | MB 24/24
  cert | viol 0.068 | dV -0.269150 | V 0.3330 | inball 0.482 | a*_q05 0.00268 | a*_q50 0.02842 | dV>=0 0.002 | n=150 | a_used 0.00291 -> 0.00288
[Episode 145/400] Steps: 720 | Reward:  266.67 | Battery:  72.94% | Loss: 0.1968
Placing Sensors
[Episode 146/400] Steps: 720 | Reward:  189.39 | Battery:  60.51% | Loss: 
Placing Sensors
Policy -0.0045 | Value 116.2857 | KL 0.00849 | CF 0.1034 | Std 0.1099 | |a| 0.0222 | EV +0.768 | Rsd 29.271 | Res 14.808 | AE nan | Alpha 0.0294 | MB 24/24
  cert | viol 0.108 | dV -0.244804 | V 0.3593 | inball 0.444 | a*_q05 0.00008 | a*_q50 0.02356 | dV>=0 0.061 | n=150 | a_used 0.00288 -> 0.00274
[Episode 147/400] Steps: 720 | Reward:  283.99 | Battery:  74.93% | Loss: 0.0759
Placing Sensors
[Episode 148/400] Steps: 720 | Reward:  236.65 | Battery:  70.24% | Loss: 
Placing Sensors
Policy -0.0002 | Value 82.4968 | KL 0.00860 | CF 0.1119 | Std 0.1099 | |a| 0.0234 | EV +0.800 | Rsd 29.215 | Res 14.014 | AE nan | Alpha 0.0272 | MB 24/24
  cert | viol 0.114 | dV -0.270937 | V 0.3704 | inball 0.467 | a*_q05 0.00117 | a*_q50 0.02787 | dV>=0 0.028 | n=150 | a_used 0.00274 -> 0.00260
[Episode 149/400] Steps: 720 | Reward:  211.57 | Battery:  68.12% | Loss: 0.0505
Placing Sensors
[Episode 150/400] Steps: 720 | Reward:  198.77 | Battery:  61.72% | Loss: 
Placing Sensors
Policy -0.0063 | Value 108.5867 | KL 0.01483 | CF 0.1738 | Std 0.1099 | |a| 0.0186 | EV +0.753 | Rsd 30.751 | Res 15.338 | AE nan | Alpha 0.0252 | MB 24/24
  cert | viol 0.067 | dV -0.273113 | V 0.3747 | inball 0.337 | a*_q05 0.00209 | a*_q50 0.02520 | dV>=0 0.021 | n=150 | a_used 0.00260 -> 0.00260
[Episode 151/400] Steps: 720 | Reward:  186.58 | Battery:  56.11% | Loss: -0.0607
Placing Sensors
[Episode 152/400] Steps:  85 | Reward:  -70.55 | Battery:   0.00% | Loss: 
Placing Sensors
[Episode 153/400] Steps: 720 | Reward:  173.74 | Battery:  58.60% | Loss: 
Placing Sensors
Policy -0.0071 | Value 114.8389 | KL 0.00817 | CF 0.1019 | Std 0.1099 | |a| 0.0161 | EV +0.830 | Rsd 32.152 | Res 13.257 | AE nan | Alpha 0.0233 | MB 24/24
  cert | viol 0.122 | dV -0.238775 | V 0.3276 | inball 0.321 | a*_q05 -0.00202 | a*_q50 0.01905 | dV>=0 0.065 | n=150 | a_used 0.00260 -> 0.00247
[Episode 154/400] Steps: 720 | Reward:  273.18 | Battery:  71.27% | Loss: 0.0761
Placing Sensors
[Episode 155/400] Steps: 720 | Reward:  212.23 | Battery:  69.03% | Loss: 
Placing Sensors
Policy 0.0027 | Value 96.2518 | KL 0.01162 | CF 0.1294 | Std 0.1099 | |a| 0.0187 | EV +0.747 | Rsd 28.651 | Res 14.490 | AE nan | Alpha 0.0215 | MB 24/24
  cert | viol 0.064 | dV -0.201423 | V 0.2660 | inball 0.355 | a*_q05 0.00171 | a*_q50 0.02220 | dV>=0 0.036 | n=150 | a_used 0.00247 -> 0.00244
[Episode 156/400] Steps: 720 | Reward:  150.10 | Battery:  41.57% | Loss: 0.1426
Placing Sensors
[Episode 157/400] Steps: 720 | Reward:  221.52 | Battery:  67.64% | Loss: 
Placing Sensors
[Episode 158/400] Steps: 110 | Reward:  -69.31 | Battery:   0.00% | Loss: 
Placing Sensors
Policy -0.0084 | Value 147.3967 | KL 0.01689 | CF 0.1619 | Std 0.1099 | |a| 0.0201 | EV +0.732 | Rsd 29.130 | Res 15.513 | AE nan | Alpha 0.0198 | MB 28/28
  cert | viol 0.138 | dV -0.218235 | V 0.3109 | inball 0.218 | a*_q05 0.00013 | a*_q50 0.01507 | dV>=0 0.063 | n=150 | a_used 0.00244 -> 0.00218
[Episode 159/400] Steps: 720 | Reward:  213.94 | Battery:  71.38% | Loss: 0.3499
Placing Sensors
[Episode 160/400] Steps: 100 | Reward:  -70.77 | Battery:   0.00% | Loss: 
Placing Sensors
[Episode 161/400] Steps: 120 | Reward:  -61.46 | Battery:   0.00% | Loss: 
Placing Sensors
[Episode 162/400] Steps: 720 | Reward:  234.30 | Battery:  71.34% | Loss: 
Placing Sensors
Policy -0.0079 | Value 105.3531 | KL 0.01371 | CF 0.1574 | Std 0.1099 | |a| 0.0212 | EV +0.662 | Rsd 28.367 | Res 16.699 | AE nan | Alpha 0.0182 | MB 28/28
  cert | viol 0.113 | dV -0.231225 | V 0.3714 | inball 0.337 | a*_q05 -0.00196 | a*_q50 0.02228 | dV>=0 0.087 | n=150 | a_used 0.00218 -> 0.00207
[Episode 163/400] Steps: 720 | Reward:  198.59 | Battery:  57.93% | Loss: -0.0386
Placing Sensors
[Episode 164/400] Steps:  92 | Reward:  -73.27 | Battery:   0.00% | Loss: 
Placing Sensors
[Episode 165/400] Steps: 720 | Reward:  216.35 | Battery:  71.01% | Loss: 
Placing Sensors
Policy -0.0070 | Value 66.2655 | KL 0.00800 | CF 0.0868 | Std 0.1099 | |a| 0.0179 | EV +0.881 | Rsd 29.676 | Res 10.524 | AE nan | Alpha 0.0167 | MB 24/24
  cert | viol 0.092 | dV -0.205297 | V 0.3100 | inball 0.314 | a*_q05 0.00080 | a*_q50 0.01848 | dV>=0 0.033 | n=150 | a_used 0.00207 -> 0.00202
[Episode 166/400] Steps: 720 | Reward:  207.18 | Battery:  67.20% | Loss: 0.0341
Placing Sensors
[Episode 167/400] Steps: 720 | Reward:  243.76 | Battery:  72.21% | Loss: 
Placing Sensors
Policy -0.0064 | Value 80.4263 | KL 0.01088 | CF 0.1514 | Std 0.1098 | |a| 0.0207 | EV +0.842 | Rsd 30.251 | Res 12.073 | AE nan | Alpha 0.0155 | MB 24/24
  cert | viol 0.092 | dV -0.226663 | V 0.3124 | inball 0.434 | a*_q05 0.00078 | a*_q50 0.02559 | dV>=0 0.025 | n=150 | a_used 0.00202 -> 0.00201
[Episode 168/400] Steps: 720 | Reward:  204.16 | Battery:  65.89% | Loss: 0.0748
Placing Sensors
[Episode 169/400] Steps: 720 | Reward:  234.56 | Battery:  64.29% | Loss: 
Placing Sensors
Policy -0.0074 | Value 93.1243 | KL 0.00890 | CF 0.0961 | Std 0.1098 | |a| 0.0200 | EV +0.811 | Rsd 31.334 | Res 13.683 | AE nan | Alpha 0.0144 | MB 24/24
  cert | viol 0.028 | dV -0.240011 | V 0.3310 | inball 0.398 | a*_q05 0.00305 | a*_q50 0.02030 | dV>=0 0.000 | n=150 | a_used 0.00201 -> 0.00208
[Episode 170/400] Steps: 720 | Reward:  212.14 | Battery:  62.27% | Loss: 0.0022
Placing Sensors
[Episode 171/400] Steps:  89 | Reward:  -71.64 | Battery:   0.00% | Loss: 
Placing Sensors
[Episode 172/400] Steps: 720 | Reward:  257.49 | Battery:  78.25% | Loss: 
Placing Sensors
Policy -0.0046 | Value 113.7200 | KL 0.00845 | CF 0.0907 | Std 0.1098 | |a| 0.0199 | EV +0.868 | Rsd 31.958 | Res 11.725 | AE nan | Alpha 0.0132 | MB 24/24
  cert | viol 0.007 | dV -0.201624 | V 0.2429 | inball 0.448 | a*_q05 0.00608 | a*_q50 0.02623 | dV>=0 0.007 | n=150 | a_used 0.00208 -> 0.00219
[Episode 173/400] Steps: 720 | Reward:  225.46 | Battery:  58.78% | Loss: -0.1215
Placing Sensors
[Episode 174/400] Steps: 720 | Reward:  222.11 | Battery:  70.41% | Loss: 
Placing Sensors
Policy -0.0071 | Value 104.0404 | KL 0.00883 | CF 0.1116 | Std 0.1099 | |a| 0.0223 | EV +0.832 | Rsd 30.289 | Res 12.449 | AE nan | Alpha 0.0123 | MB 24/24
  cert | viol 0.078 | dV -0.236880 | V 0.3252 | inball 0.469 | a*_q05 0.00149 | a*_q50 0.02458 | dV>=0 0.000 | n=150 | a_used 0.00219 -> 0.00223
[Episode 175/400] Steps: 720 | Reward:  286.15 | Battery:  79.83% | Loss: 0.0835
Placing Sensors
[Episode 176/400] Steps: 720 | Reward:  260.74 | Battery:  72.55% | Loss: 
Placing Sensors
Policy -0.0075 | Value 101.5821 | KL 0.00878 | CF 0.1067 | Std 0.1098 | |a| 0.0191 | EV +0.731 | Rsd 27.750 | Res 14.441 | AE nan | Alpha 0.0113 | MB 24/24
  cert | viol 0.061 | dV -0.260570 | V 0.3413 | inball 0.472 | a*_q05 0.00209 | a*_q50 0.02634 | dV>=0 0.002 | n=150 | a_used 0.00223 -> 0.00219
[Episode 177/400] Steps: 720 | Reward:  248.21 | Battery:  74.79% | Loss: -0.1045
Placing Sensors
[Episode 178/400] Steps: 720 | Reward:  327.02 | Battery:  84.19% | Loss: 
Placing Sensors
Policy -0.0068 | Value 88.4247 | KL 0.01041 | CF 0.1225 | Std 0.1098 | |a| 0.0222 | EV +0.781 | Rsd 29.149 | Res 13.716 | AE nan | Alpha 0.0105 | MB 24/24
  cert | viol 0.000 | dV -0.255305 | V 0.2957 | inball 0.570 | a*_q05 0.00665 | a*_q50 0.03314 | dV>=0 0.000 | n=150 | a_used 0.00219 -> 0.00231
[Episode 179/400] Steps: 720 | Reward:  248.49 | Battery:  70.50% | Loss: 0.0046
Placing Sensors
[Episode 180/400] Steps: 720 | Reward:  283.21 | Battery:  85.56% | Loss: 
Placing Sensors
Policy -0.0142 | Value 102.7485 | KL 0.01220 | CF 0.1524 | Std 0.1098 | |a| 0.0235 | EV +0.818 | Rsd 27.909 | Res 11.917 | AE nan | Alpha 0.0100 | MB 24/24
  cert | viol 0.129 | dV -0.222889 | V 0.3236 | inball 0.499 | a*_q05 0.00115 | a*_q50 0.02640 | dV>=0 0.034 | n=150 | a_used 0.00231 -> 0.00224
[Episode 181/400] Steps: 720 | Reward:  238.41 | Battery:  63.79% | Loss: 0.0700
Placing Sensors
[Episode 182/400] Steps: 720 | Reward:  232.27 | Battery:  69.11% | Loss: 
Placing Sensors
Policy -0.0006 | Value 100.2221 | KL 0.01254 | CF 0.1298 | Std 0.1098 | |a| 0.0276 | EV +0.846 | Rsd 35.028 | Res 13.886 | AE nan | Alpha 0.0100 | MB 24/24
  cert | viol 0.028 | dV -0.242585 | V 0.2886 | inball 0.465 | a*_q05 0.00532 | a*_q50 0.02691 | dV>=0 0.007 | n=150 | a_used 0.00224 -> 0.00215
[Episode 183/400] Steps: 720 | Reward:  216.28 | Battery:  62.68% | Loss: 0.0948
Placing Sensors
[Episode 184/400] Steps: 720 | Reward:  227.60 | Battery:  59.76% | Loss: 
Placing Sensors
Policy -0.0057 | Value 85.7858 | KL 0.01356 | CF 0.1509 | Std 0.1099 | |a| 0.0240 | EV +0.889 | Rsd 34.998 | Res 11.708 | AE nan | Alpha 0.0100 | MB 24/24
  cert | viol 0.000 | dV -0.277457 | V 0.3302 | inball 0.508 | a*_q05 0.00569 | a*_q50 0.03253 | dV>=0 0.000 | n=150 | a_used 0.00215 -> 0.00225
[Episode 185/400] Steps: 720 | Reward:  262.00 | Battery:  71.90% | Loss: 0.1046
Placing Sensors
[Episode 186/400] Steps: 720 | Reward:  124.05 | Battery:  35.17% | Loss: 
Placing Sensors
Policy -0.0089 | Value 123.1885 | KL 0.01159 | CF 0.1384 | Std 0.1099 | |a| 0.0428 | EV +0.838 | Rsd 33.396 | Res 13.967 | AE nan | Alpha 0.0100 | MB 24/24
  cert | viol 0.161 | dV -0.234272 | V 0.3644 | inball 0.332 | a*_q05 -0.01582 | a*_q50 0.01889 | dV>=0 0.078 | n=150 | a_used 0.00225 -> 0.00214
[Episode 187/400] Steps: 720 | Reward:  242.61 | Battery:  69.59% | Loss: 0.0315
Placing Sensors
[Episode 188/400] Steps: 720 | Reward:  271.83 | Battery:  80.66% | Loss: 
Placing Sensors
Policy -0.0058 | Value 115.1547 | KL 0.00959 | CF 0.1146 | Std 0.1099 | |a| 0.0308 | EV +0.868 | Rsd 28.541 | Res 10.389 | AE nan | Alpha 0.0100 | MB 24/24
  cert | viol 0.226 | dV -0.188574 | V 0.2924 | inball 0.234 | a*_q05 -0.00255 | a*_q50 0.00861 | dV>=0 0.141 | n=150 | a_used 0.00214 -> 0.00203
[Episode 189/400] Steps: 720 | Reward:  160.45 | Battery:  54.02% | Loss: -0.0190
Placing Sensors
[Episode 190/400] Steps: 720 | Reward:  258.51 | Battery:  69.65% | Loss: 
Placing Sensors
Policy -0.0025 | Value 64.4234 | KL 0.01032 | CF 0.1148 | Std 0.1099 | |a| 0.0235 | EV +0.901 | Rsd 30.805 | Res 9.735 | AE nan | Alpha 0.0100 | MB 24/24
  cert | viol 0.041 | dV -0.210379 | V 0.2765 | inball 0.498 | a*_q05 0.00265 | a*_q50 0.02811 | dV>=0 0.012 | n=150 | a_used 0.00203 -> 0.00193
[Episode 191/400] Steps: 720 | Reward:  270.16 | Battery:  75.16% | Loss: 0.1077
Placing Sensors
[Episode 192/400] Steps: 720 | Reward:  327.59 | Battery:  84.54% | Loss: 
Placing Sensors
Policy -0.0047 | Value 113.4785 | KL 0.00867 | CF 0.0895 | Std 0.1099 | |a| 0.0227 | EV +0.862 | Rsd 26.495 | Res 10.232 | AE nan | Alpha 0.0100 | MB 24/24
  cert | viol 0.018 | dV -0.261863 | V 0.2982 | inball 0.611 | a*_q05 0.00562 | a*_q50 0.03502 | dV>=0 0.000 | n=150 | a_used 0.00193 -> 0.00206
[Episode 193/400] Steps: 720 | Reward:  279.53 | Battery:  81.22% | Loss: -0.1045
Placing Sensors
[Episode 194/400] Steps: 720 | Reward:  345.14 | Battery:  86.87% | Loss: 
Placing Sensors
Policy -0.0001 | Value 134.5356 | KL 0.02037 | CF 0.1822 | Std 0.1099 | |a| 0.0251 | EV +0.805 | Rsd 25.122 | Res 13.052 | AE nan | Alpha 0.0100 | MB 24/24
  cert | viol 0.000 | dV -0.258825 | V 0.3035 | inball 0.563 | a*_q05 0.00606 | a*_q50 0.03302 | dV>=0 0.000 | n=150 | a_used 0.00206 -> 0.00215
[Episode 195/400] Steps: 720 | Reward:  277.62 | Battery:  82.69% | Loss: -0.0027
Placing Sensors
[Episode 196/400] Steps: 720 | Reward:  313.58 | Battery:  84.09% | Loss: 
Placing Sensors
Policy -0.0047 | Value 44.8979 | KL 0.00819 | CF 0.0825 | Std 0.1099 | |a| 0.0227 | EV +0.813 | Rsd 19.599 | Res 10.517 | AE nan | Alpha 0.0100 | MB 24/24
  cert | viol 0.000 | dV -0.212390 | V 0.2355 | inball 0.666 | a*_q05 0.00833 | a*_q50 0.03746 | dV>=0 0.000 | n=150 | a_used 0.00215 -> 0.00228
[Episode 197/400] Steps: 720 | Reward:  297.12 | Battery:  87.05% | Loss: -0.0463
Placing Sensors
[Episode 198/400] Steps: 720 | Reward:  227.98 | Battery:  66.50% | Loss: 
Placing Sensors
Policy 0.0016 | Value 61.4087 | KL 0.01339 | CF 0.1657 | Std 0.1099 | |a| 0.0228 | EV +0.872 | Rsd 29.988 | Res 11.013 | AE nan | Alpha 0.0100 | MB 24/24
  cert | viol 0.026 | dV -0.290154 | V 0.3670 | inball 0.489 | a*_q05 0.00360 | a*_q50 0.02879 | dV>=0 0.000 | n=150 | a_used 0.00228 -> 0.00233
[Episode 199/400] Steps: 720 | Reward:  269.47 | Battery:  74.85% | Loss: 0.0928
Placing Sensors
[Episode 200/400] Steps: 720 | Reward:  270.26 | Battery:  67.82% | Loss: 
Placing Sensors
Policy -0.0144 | Value 52.4743 | KL 0.00947 | CF 0.1055 | Std 0.1099 | |a| 0.0232 | EV +0.895 | Rsd 30.217 | Res 10.156 | AE nan | Alpha 0.0100 | MB 24/24
  cert | viol 0.028 | dV -0.263812 | V 0.3084 | inball 0.543 | a*_q05 0.00479 | a*_q50 0.03278 | dV>=0 0.000 | n=150 | a_used 0.00233 -> 0.00239
[Episode 201/400] Steps: 720 | Reward:  248.11 | Battery:  71.16% | Loss: -0.1006
Placing Sensors
[Episode 202/400] Steps: 720 | Reward:  247.92 | Battery:  65.48% | Loss: 
Placing Sensors
Policy -0.0051 | Value 47.4731 | KL 0.01167 | CF 0.1354 | Std 0.1099 | |a| 0.0231 | EV +0.929 | Rsd 32.248 | Res 8.710 | AE nan | Alpha 0.0100 | MB 24/24
  cert | viol 0.000 | dV -0.237038 | V 0.2555 | inball 0.580 | a*_q05 0.00977 | a*_q50 0.03695 | dV>=0 0.000 | n=150 | a_used 0.00239 -> 0.00255
[Episode 203/400] Steps: 720 | Reward:  289.90 | Battery:  74.80% | Loss: 0.0708
Placing Sensors
[Episode 204/400] Steps: 720 | Reward:  284.29 | Battery:  74.56% | Loss: 
Placing Sensors
Policy -0.0013 | Value 52.6768 | KL 0.00678 | CF 0.0799 | Std 0.1099 | |a| 0.0203 | EV +0.889 | Rsd 31.219 | Res 10.783 | AE nan | Alpha 0.0100 | MB 24/24
  cert | viol 0.049 | dV -0.290032 | V 0.3761 | inball 0.527 | a*_q05 0.00296 | a*_q50 0.02818 | dV>=0 0.015 | n=150 | a_used 0.00255 -> 0.00261
[Episode 205/400] Steps: 720 | Reward:  271.17 | Battery:  79.06% | Loss: 0.0232
Placing Sensors
[Episode 206/400] Steps: 720 | Reward:  266.18 | Battery:  73.00% | Loss: 
Placing Sensors
Policy -0.0056 | Value 71.6210 | KL 0.01010 | CF 0.0956 | Std 0.1098 | |a| 0.0238 | EV +0.908 | Rsd 33.666 | Res 10.217 | AE nan | Alpha 0.0100 | MB 24/24
  cert | viol 0.045 | dV -0.239204 | V 0.3149 | inball 0.470 | a*_q05 0.00284 | a*_q50 0.02809 | dV>=0 0.007 | n=150 | a_used 0.00261 -> 0.00265
[Episode 207/400] Steps: 720 | Reward:  231.64 | Battery:  67.99% | Loss: 0.1258
Placing Sensors
[Episode 208/400] Steps:  84 | Reward:  -64.01 | Battery:   0.00% | Loss: 
Placing Sensors
[Episode 209/400] Steps: 720 | Reward:  253.74 | Battery:  69.81% | Loss: 
Placing Sensors
Policy 0.0118 | Value 67.7141 | KL 0.05209 | CF 0.1258 | Std 0.1098 | |a| 0.0262 | EV +0.929 | Rsd 33.179 | Res 8.984 | AE nan | Alpha 0.0100 | MB 7/24
  cert | viol 0.000 | dV -0.260799 | V 0.2832 | inball 0.610 | a*_q05 0.00847 | a*_q50 0.03876 | dV>=0 0.000 | n=150 | a_used 0.00265 -> 0.00281
[Episode 210/400] Steps: 720 | Reward:  333.18 | Battery:  85.97% | Loss: 0.0618
Placing Sensors
[Episode 211/400] Steps: 720 | Reward:  253.64 | Battery:  77.70% | Loss: 
Placing Sensors
[Episode 212/400] Steps: 102 | Reward:  -69.71 | Battery:   0.00% | Loss: 
Placing Sensors
Policy 0.0196 | Value 77.2459 | KL 0.01304 | CF 0.1320 | Std 0.1099 | |a| 0.0238 | EV +0.875 | Rsd 29.944 | Res 10.609 | AE nan | Alpha 0.0100 | MB 28/28
  cert | viol 0.131 | dV -0.222695 | V 0.3183 | inball 0.526 | a*_q05 0.00101 | a*_q50 0.02978 | dV>=0 0.047 | n=150 | a_used 0.00281 -> 0.00281
[Episode 213/400] Steps: 720 | Reward:  307.96 | Battery:  82.61% | Loss: 0.5849
Placing Sensors
[Episode 214/400] Steps: 720 | Reward:  297.55 | Battery:  83.65% | Loss: 
Placing Sensors
Policy 0.0022 | Value 55.4717 | KL 0.01145 | CF 0.1460 | Std 0.1099 | |a| 0.0265 | EV +0.870 | Rsd 26.637 | Res 9.899 | AE nan | Alpha 0.0100 | MB 24/24
  cert | viol 0.099 | dV -0.290040 | V 0.4073 | inball 0.494 | a*_q05 0.00068 | a*_q50 0.02436 | dV>=0 0.045 | n=150 | a_used 0.00281 -> 0.00267
[Episode 215/400] Steps: 720 | Reward:  264.90 | Battery:  77.56% | Loss: -0.0140
Placing Sensors
[Episode 216/400] Steps: 720 | Reward:  320.42 | Battery:  81.61% | Loss: 
Placing Sensors
Policy -0.0053 | Value 59.4472 | KL 0.01099 | CF 0.1251 | Std 0.1098 | |a| 0.0249 | EV +0.833 | Rsd 26.383 | Res 10.910 | AE nan | Alpha 0.0100 | MB 24/24
  cert | viol 0.000 | dV -0.310719 | V 0.3417 | inball 0.626 | a*_q05 0.00853 | a*_q50 0.03617 | dV>=0 0.000 | n=150 | a_used 0.00267 -> 0.00285
[Episode 217/400] Steps: 720 | Reward:  315.16 | Battery:  85.06% | Loss: -0.0009
Placing Sensors
[Episode 218/400] Steps: 720 | Reward:  298.17 | Battery:  84.40% | Loss: 
Placing Sensors
Policy 0.0007 | Value 57.5051 | KL 0.01299 | CF 0.1232 | Std 0.1098 | |a| 0.0250 | EV +0.926 | Rsd 27.994 | Res 8.024 | AE nan | Alpha 0.0100 | MB 24/24
  cert | viol 0.000 | dV -0.221068 | V 0.2390 | inball 0.616 | a*_q05 0.00955 | a*_q50 0.03600 | dV>=0 0.000 | n=150 | a_used 0.00285 -> 0.00304
[Episode 219/400] Steps: 720 | Reward:  263.18 | Battery:  72.45% | Loss: 0.0535
Placing Sensors
[Episode 220/400] Steps: 720 | Reward:  287.71 | Battery:  70.78% | Loss: 
Placing Sensors
Policy -0.0083 | Value 47.1181 | KL 0.01272 | CF 0.1143 | Std 0.1098 | |a| 0.0233 | EV +0.935 | Rsd 32.116 | Res 8.532 | AE nan | Alpha 0.0100 | MB 24/24
  cert | viol 0.002 | dV -0.240857 | V 0.2860 | inball 0.526 | a*_q05 0.00531 | a*_q50 0.03003 | dV>=0 0.000 | n=150 | a_used 0.00304 -> 0.00316
[Episode 221/400] Steps: 720 | Reward:  258.25 | Battery:  71.93% | Loss: 0.0882
Placing Sensors
[Episode 222/400] Steps: 720 | Reward:  224.18 | Battery:  71.63% | Loss: 
Placing Sensors
Policy -0.0076 | Value 51.9473 | KL 0.00822 | CF 0.0996 | Std 0.1098 | |a| 0.0232 | EV +0.922 | Rsd 34.688 | Res 9.733 | AE nan | Alpha 0.0100 | MB 24/24
  cert | viol 0.043 | dV -0.278047 | V 0.3608 | inball 0.468 | a*_q05 0.00342 | a*_q50 0.02802 | dV>=0 0.000 | n=150 | a_used 0.00316 -> 0.00304
[Episode 223/400] Steps: 720 | Reward:  274.63 | Battery:  70.42% | Loss: 0.0452
Placing Sensors
[Episode 224/400] Steps: 720 | Reward:  217.04 | Battery:  61.18% | Loss: 
Placing Sensors
Policy -0.0052 | Value 39.2941 | KL 0.00992 | CF 0.0822 | Std 0.1098 | |a| 0.0299 | EV +0.942 | Rsd 34.453 | Res 8.320 | AE nan | Alpha 0.0100 | MB 24/24
  cert | viol 0.054 | dV -0.235194 | V 0.2871 | inball 0.533 | a*_q05 0.00363 | a*_q50 0.03290 | dV>=0 0.000 | n=150 | a_used 0.00304 -> 0.00305
[Episode 225/400] Steps: 720 | Reward:  276.03 | Battery:  72.96% | Loss: 0.0129
Placing Sensors
[Episode 226/400] Steps: 720 | Reward:  275.56 | Battery:  82.54% | Loss: 
Placing Sensors
Policy -0.0045 | Value 52.2071 | KL 0.01138 | CF 0.1006 | Std 0.1099 | |a| 0.0270 | EV +0.904 | Rsd 32.794 | Res 10.184 | AE nan | Alpha 0.0100 | MB 24/24
  cert | viol 0.011 | dV -0.288119 | V 0.3306 | inball 0.568 | a*_q05 0.00697 | a*_q50 0.03317 | dV>=0 0.000 | n=150 | a_used 0.00305 -> 0.00319
[Episode 227/400] Steps: 720 | Reward:  275.80 | Battery:  77.83% | Loss: 0.0969
Placing Sensors
[Episode 228/400] Steps: 720 | Reward:  273.42 | Battery:  80.26% | Loss: 
Placing Sensors
Policy -0.0042 | Value 31.7500 | KL 0.00743 | CF 0.0965 | Std 0.1099 | |a| 0.0289 | EV +0.950 | Rsd 31.305 | Res 7.353 | AE nan | Alpha 0.0100 | MB 24/24
  cert | viol 0.020 | dV -0.295659 | V 0.3429 | inball 0.600 | a*_q05 0.00650 | a*_q50 0.03543 | dV>=0 0.000 | n=150 | a_used 0.00319 -> 0.00334
[Episode 229/400] Steps: 720 | Reward:  318.21 | Battery:  82.99% | Loss: 0.0292
Placing Sensors
[Episode 230/400] Steps: 720 | Reward:  220.24 | Battery:  57.43% | Loss: 
Placing Sensors
Policy -0.0075 | Value 47.1535 | KL 0.00832 | CF 0.0726 | Std 0.1099 | |a| 0.0279 | EV +0.943 | Rsd 35.214 | Res 9.057 | AE nan | Alpha 0.0100 | MB 24/24
  cert | viol 0.028 | dV -0.253679 | V 0.3245 | inball 0.457 | a*_q05 0.00435 | a*_q50 0.02647 | dV>=0 0.000 | n=150 | a_used 0.00334 -> 0.00338
[Episode 231/400] Steps: 720 | Reward:  281.00 | Battery:  74.84% | Loss: 0.0064
Placing Sensors
[Episode 232/400] Steps: 720 | Reward:  266.85 | Battery:  79.96% | Loss: 
Placing Sensors
Policy 0.0101 | Value 87.9201 | KL 0.01696 | CF 0.1433 | Std 0.1099 | |a| 0.0281 | EV +0.912 | Rsd 31.483 | Res 9.475 | AE nan | Alpha 0.0100 | MB 24/24
  cert | viol 0.000 | dV -0.242123 | V 0.2659 | inball 0.608 | a*_q05 0.00875 | a*_q50 0.03561 | dV>=0 0.000 | n=150 | a_used 0.00338 -> 0.00357
[Episode 233/400] Steps: 720 | Reward:  287.68 | Battery:  80.79% | Loss: 0.0360
Placing Sensors
[Episode 234/400] Steps: 720 | Reward:  273.39 | Battery:  75.11% | Loss: 
Placing Sensors
Policy -0.0116 | Value 64.5529 | KL 0.00945 | CF 0.1273 | Std 0.1099 | |a| 0.0235 | EV +0.884 | Rsd 31.094 | Res 10.826 | AE nan | Alpha 0.0100 | MB 24/24
  cert | viol 0.039 | dV -0.262063 | V 0.3057 | inball 0.580 | a*_q05 0.00489 | a*_q50 0.03642 | dV>=0 0.000 | n=150 | a_used 0.00357 -> 0.00362
[Episode 235/400] Steps: 720 | Reward:  273.39 | Battery:  75.56% | Loss: -0.0191
Placing Sensors
[Episode 236/400] Steps: 720 | Reward:  224.99 | Battery:  62.91% | Loss: 
Placing Sensors
Policy -0.0026 | Value 55.0872 | KL 0.00951 | CF 0.1142 | Std 0.1099 | |a| 0.0260 | EV +0.917 | Rsd 34.284 | Res 9.957 | AE nan | Alpha 0.0100 | MB 24/24
  cert | viol 0.041 | dV -0.285919 | V 0.3592 | inball 0.457 | a*_q05 0.00430 | a*_q50 0.02810 | dV>=0 0.000 | n=150 | a_used 0.00362 -> 0.00372
[Episode 237/400] Steps: 720 | Reward:  298.41 | Battery:  76.02% | Loss: 0.0626
Placing Sensors
[Episode 238/400] Steps: 720 | Reward:  262.40 | Battery:  64.85% | Loss: 
Placing Sensors
Policy -0.0026 | Value 64.9997 | KL 0.00659 | CF 0.0710 | Std 0.1099 | |a| 0.0250 | EV +0.930 | Rsd 33.121 | Res 10.048 | AE nan | Alpha 0.0100 | MB 24/24
  cert | viol 0.068 | dV -0.233514 | V 0.2949 | inball 0.517 | a*_q05 0.00285 | a*_q50 0.02777 | dV>=0 0.020 | n=150 | a_used 0.00372 -> 0.00353
[Episode 239/400] Steps: 720 | Reward:  271.91 | Battery:  80.52% | Loss: 0.2025
Placing Sensors
[Episode 240/400] Steps: 720 | Reward:  252.49 | Battery:  72.61% | Loss: 
Placing Sensors
Policy -0.0062 | Value 85.1172 | KL 0.00965 | CF 0.1002 | Std 0.1099 | |a| 0.0249 | EV +0.908 | Rsd 34.666 | Res 10.895 | AE nan | Alpha 0.0100 | MB 24/24
  cert | viol 0.049 | dV -0.294342 | V 0.3688 | inball 0.457 | a*_q05 0.00386 | a*_q50 0.02582 | dV>=0 0.000 | n=150 | a_used 0.00353 -> 0.00361
[Episode 241/400] Steps: 720 | Reward:  258.41 | Battery:  75.99% | Loss: -0.0556
Placing Sensors
[Episode 242/400] Steps: 107 | Reward:  -57.00 | Battery:   0.00% | Loss: 
Placing Sensors
[Episode 243/400] Steps: 720 | Reward:  279.46 | Battery:  81.56% | Loss: 
Placing Sensors
Policy 0.0179 | Value 128.9096 | KL 0.01042 | CF 0.1134 | Std 0.1099 | |a| 0.0277 | EV +0.854 | Rsd 34.254 | Res 13.084 | AE nan | Alpha 0.0100 | MB 28/28
  cert | viol 0.057 | dV -0.281161 | V 0.3486 | inball 0.522 | a*_q05 0.00698 | a*_q50 0.03382 | dV>=0 0.002 | n=150 | a_used 0.00361 -> 0.00372
[Episode 244/400] Steps: 720 | Reward:  292.71 | Battery:  76.56% | Loss: -0.1533
Placing Sensors
[Episode 245/400] Steps: 720 | Reward:  226.39 | Battery:  60.57% | Loss: 
Placing Sensors
Policy -0.0032 | Value 51.5681 | KL 0.02149 | CF 0.1841 | Std 0.1099 | |a| 0.0341 | EV +0.909 | Rsd 34.352 | Res 10.517 | AE nan | Alpha 0.0100 | MB 24/24
  cert | viol 0.000 | dV -0.247884 | V 0.2744 | inball 0.494 | a*_q05 0.00759 | a*_q50 0.03745 | dV>=0 0.000 | n=150 | a_used 0.00372 -> 0.00384
[Episode 246/400] Steps: 720 | Reward:  237.23 | Battery:  61.96% | Loss: 0.1444
Placing Sensors
[Episode 247/400] Steps: 720 | Reward:  269.87 | Battery:  69.95% | Loss: 
Placing Sensors
Policy -0.0028 | Value 38.0640 | KL 0.01005 | CF 0.0949 | Std 0.1098 | |a| 0.0271 | EV +0.935 | Rsd 33.758 | Res 8.871 | AE nan | Alpha 0.0100 | MB 24/24
  cert | viol 0.000 | dV -0.270930 | V 0.3085 | inball 0.547 | a*_q05 0.00758 | a*_q50 0.03290 | dV>=0 0.000 | n=150 | a_used 0.00384 -> 0.00395
[Episode 248/400] Steps: 720 | Reward:  316.31 | Battery:  86.93% | Loss: -0.1041
Placing Sensors
[Episode 249/400] Steps: 720 | Reward:  255.60 | Battery:  66.26% | Loss: 
Placing Sensors
Policy -0.0035 | Value 53.2714 | KL 0.01691 | CF 0.1653 | Std 0.1098 | |a| 0.0287 | EV +0.933 | Rsd 33.543 | Res 8.758 | AE nan | Alpha 0.0100 | MB 24/24
  cert | viol 0.004 | dV -0.266724 | V 0.2907 | inball 0.569 | a*_q05 0.00911 | a*_q50 0.03666 | dV>=0 0.000 | n=150 | a_used 0.00395 -> 0.00414
[Episode 250/400] Steps: 720 | Reward:  283.18 | Battery:  70.24% | Loss: 0.2636
Placing Sensors
[Episode 251/400] Steps: 720 | Reward:  228.36 | Battery:  58.45% | Loss: 
Placing Sensors
Policy -0.0053 | Value 56.1717 | KL 0.01243 | CF 0.1088 | Std 0.1098 | |a| 0.0267 | EV +0.924 | Rsd 35.572 | Res 9.831 | AE nan | Alpha 0.0100 | MB 24/24
  cert | viol 0.064 | dV -0.291423 | V 0.3523 | inball 0.471 | a*_q05 0.00380 | a*_q50 0.02909 | dV>=0 0.009 | n=150 | a_used 0.00414 -> 0.00414
[Episode 252/400] Steps: 720 | Reward:  247.55 | Battery:  69.95% | Loss: -0.0126
Placing Sensors
[Episode 253/400] Steps: 720 | Reward:  220.70 | Battery:  66.29% | Loss: 
Placing Sensors
Policy -0.0052 | Value 61.3212 | KL 0.01612 | CF 0.1168 | Std 0.1097 | |a| 0.0322 | EV +0.870 | Rsd 29.836 | Res 11.153 | AE nan | Alpha 0.0100 | MB 24/24
  cert | viol 0.055 | dV -0.265472 | V 0.3401 | inball 0.435 | a*_q05 0.00429 | a*_q50 0.02497 | dV>=0 0.005 | n=150 | a_used 0.00414 -> 0.00407
[Episode 254/400] Steps: 720 | Reward:  292.03 | Battery:  84.24% | Loss: 0.0795
Placing Sensors
[Episode 255/400] Steps: 720 | Reward:  271.30 | Battery:  72.80% | Loss: 
Placing Sensors
Policy 0.0000 | Value 37.5673 | KL 0.01531 | CF 0.1158 | Std 0.1097 | |a| 0.0285 | EV +0.950 | Rsd 33.698 | Res 7.889 | AE nan | Alpha 0.0100 | MB 24/24
  cert | viol 0.000 | dV -0.253261 | V 0.2708 | inball 0.569 | a*_q05 0.01113 | a*_q50 0.03985 | dV>=0 0.000 | n=150 | a_used 0.00407 -> 0.00426
[Episode 256/400] Steps: 720 | Reward:  226.80 | Battery:  62.03% | Loss: 0.0675
Placing Sensors
[Episode 257/400] Steps:  84 | Reward:  -72.28 | Battery:   0.00% | Loss: 
Placing Sensors
[Episode 258/400] Steps: 720 | Reward:  239.66 | Battery:  63.57% | Loss: 
Placing Sensors
Policy 0.0042 | Value 73.3613 | KL 0.02752 | CF 0.2081 | Std 0.1097 | |a| 0.0295 | EV +0.903 | Rsd 34.826 | Res 10.851 | AE nan | Alpha 0.0100 | MB 12/24
  cert | viol 0.005 | dV -0.237948 | V 0.2535 | inball 0.574 | a*_q05 0.01003 | a*_q50 0.04021 | dV>=0 0.000 | n=150 | a_used 0.00426 -> 0.00444
[Episode 259/400] Steps: 720 | Reward:  242.94 | Battery:  71.57% | Loss: -0.0189
Placing Sensors
[Episode 260/400] Steps: 720 | Reward:  271.64 | Battery:  75.07% | Loss: 
Placing Sensors
Policy 0.0011 | Value 68.7374 | KL 0.01796 | CF 0.1151 | Std 0.1097 | |a| 0.0284 | EV +0.938 | Rsd 35.798 | Res 9.813 | AE nan | Alpha 0.0100 | MB 24/24
  cert | viol 0.014 | dV -0.360187 | V 0.3992 | inball 0.583 | a*_q05 0.00716 | a*_q50 0.03806 | dV>=0 0.000 | n=150 | a_used 0.00444 -> 0.00452
[Episode 261/400] Steps: 720 | Reward:  294.19 | Battery:  79.74% | Loss: 0.0301
Placing Sensors
[Episode 262/400] Steps: 720 | Reward:  281.43 | Battery:  81.13% | Loss: 
Placing Sensors
Policy -0.0056 | Value 29.8209 | KL 0.01172 | CF 0.0981 | Std 0.1097 | |a| 0.0237 | EV +0.941 | Rsd 30.073 | Res 7.510 | AE nan | Alpha 0.0100 | MB 24/24
  cert | viol 0.033 | dV -0.210279 | V 0.2414 | inball 0.610 | a*_q05 0.00625 | a*_q50 0.03752 | dV>=0 0.000 | n=150 | a_used 0.00452 -> 0.00465
[Episode 263/400] Steps: 720 | Reward:  289.39 | Battery:  69.45% | Loss: -0.0127
Placing Sensors
[Episode 264/400] Steps: 720 | Reward:  206.21 | Battery:  54.85% | Loss: 
Placing Sensors
Policy -0.0043 | Value 48.5301 | KL 0.01065 | CF 0.1301 | Std 0.1097 | |a| 0.0489 | EV +0.852 | Rsd 29.423 | Res 11.542 | AE nan | Alpha 0.0100 | MB 24/24
  cert | viol 0.187 | dV -0.208276 | V 0.2832 | inball 0.344 | a*_q05 -0.01236 | a*_q50 0.02599 | dV>=0 0.117 | n=150 | a_used 0.00465 -> 0.00419
[Episode 265/400] Steps: 720 | Reward:  172.38 | Battery:  48.85% | Loss: 0.0005
Placing Sensors
[Episode 266/400] Steps: 720 | Reward:  310.40 | Battery:  76.57% | Loss: 
Placing Sensors
[Episode 267/400] Steps: 123 | Reward:  -56.75 | Battery:   0.00% | Loss: 
Placing Sensors
Policy -0.0072 | Value 102.8666 | KL 0.00801 | CF 0.1094 | Std 0.1097 | |a| 0.0559 | EV +0.866 | Rsd 30.594 | Res 11.473 | AE nan | Alpha 0.0100 | MB 28/28
  cert | viol 0.136 | dV -0.215559 | V 0.2679 | inball 0.481 | a*_q05 -0.01019 | a*_q50 0.03227 | dV>=0 0.061 | n=150 | a_used 0.00419 -> 0.00404
[Episode 268/400] Steps: 720 | Reward:  196.89 | Battery:  59.87% | Loss: -0.0780
Placing Sensors
[Episode 269/400] Steps: 123 | Reward:  -63.83 | Battery:   0.00% | Loss: 
Placing Sensors
[Episode 270/400] Steps: 720 | Reward:  259.43 | Battery:  63.60% | Loss: 
Placing Sensors
Policy 0.0069 | Value 130.3090 | KL 0.01037 | CF 0.1214 | Std 0.1096 | |a| 0.0345 | EV +0.851 | Rsd 34.625 | Res 13.590 | AE nan | Alpha 0.0100 | MB 28/28
  cert | viol 0.000 | dV -0.249498 | V 0.2629 | inball 0.533 | a*_q05 0.01363 | a*_q50 0.03464 | dV>=0 0.000 | n=150 | a_used 0.00404 -> 0.00423
[Episode 271/400] Steps: 720 | Reward:  311.58 | Battery:  82.05% | Loss: 0.1897
Placing Sensors
[Episode 272/400] Steps: 720 | Reward:  282.02 | Battery:  71.67% | Loss: 
Placing Sensors
Policy -0.0064 | Value 66.2341 | KL 0.00896 | CF 0.0799 | Std 0.1096 | |a| 0.0256 | EV +0.925 | Rsd 34.972 | Res 9.657 | AE nan | Alpha 0.0100 | MB 24/24
  cert | viol 0.074 | dV -0.209712 | V 0.2697 | inball 0.529 | a*_q05 0.00359 | a*_q50 0.03434 | dV>=0 0.000 | n=150 | a_used 0.00423 -> 0.00416
[Episode 273/400] Steps: 720 | Reward:  202.79 | Battery:  59.63% | Loss: -0.0038
Placing Sensors
[Episode 274/400] Steps:  73 | Reward:  -62.56 | Battery:   0.00% | Loss: 
Placing Sensors
[Episode 275/400] Steps: 720 | Reward:  216.65 | Battery:  60.45% | Loss: 
Placing Sensors
Policy 0.0008 | Value 127.3767 | KL 0.01040 | CF 0.1064 | Std 0.1096 | |a| 0.0348 | EV +0.762 | Rsd 34.354 | Res 16.919 | AE nan | Alpha 0.0100 | MB 24/24
  cert | viol 0.071 | dV -0.302110 | V 0.3561 | inball 0.488 | a*_q05 0.00369 | a*_q50 0.03591 | dV>=0 0.000 | n=150 | a_used 0.00416 -> 0.00432
[Episode 276/400] Steps: 720 | Reward:  287.77 | Battery:  78.50% | Loss: 0.0623
Placing Sensors
[Episode 277/400] Steps: 720 | Reward:  320.90 | Battery:  87.29% | Loss: 
Placing Sensors
Policy -0.0060 | Value 53.8675 | KL 0.00852 | CF 0.0934 | Std 0.1096 | |a| 0.0311 | EV +0.922 | Rsd 33.467 | Res 9.618 | AE nan | Alpha 0.0100 | MB 24/24
  cert | viol 0.102 | dV -0.278803 | V 0.3630 | inball 0.530 | a*_q05 0.00112 | a*_q50 0.03083 | dV>=0 0.047 | n=150 | a_used 0.00432 -> 0.00431
[Episode 278/400] Steps: 720 | Reward:  214.60 | Battery:  63.46% | Loss: 0.0187
Placing Sensors
[Episode 279/400] Steps: 720 | Reward:  299.64 | Battery:  79.92% | Loss: 
Placing Sensors
Policy -0.0007 | Value 44.5524 | KL 0.00988 | CF 0.1130 | Std 0.1096 | |a| 0.0327 | EV +0.907 | Rsd 29.410 | Res 10.490 | AE nan | Alpha 0.0100 | MB 24/24
  cert | viol 0.033 | dV -0.295382 | V 0.3374 | inball 0.594 | a*_q05 0.00629 | a*_q50 0.03279 | dV>=0 0.000 | n=150 | a_used 0.00431 -> 0.00442
[Episode 280/400] Steps: 720 | Reward:  300.15 | Battery:  82.25% | Loss: 0.0438
Placing Sensors
[Episode 281/400] Steps: 720 | Reward:  284.64 | Battery:  75.77% | Loss: 
Placing Sensors
Policy -0.0079 | Value 39.0853 | KL 0.01110 | CF 0.1003 | Std 0.1096 | |a| 0.0332 | EV +0.960 | Rsd 36.848 | Res 7.362 | AE nan | Alpha 0.0100 | MB 24/24
  cert | viol 0.035 | dV -0.302221 | V 0.3459 | inball 0.538 | a*_q05 0.00544 | a*_q50 0.03545 | dV>=0 0.000 | n=150 | a_used 0.00442 -> 0.00454
[Episode 282/400] Steps: 720 | Reward:  229.36 | Battery:  58.95% | Loss: -0.0161
Placing Sensors
[Episode 283/400] Steps: 720 | Reward:  280.08 | Battery:  75.55% | Loss: 
Placing Sensors
Policy -0.0087 | Value 54.0992 | KL 0.01344 | CF 0.1216 | Std 0.1096 | |a| 0.0403 | EV +0.935 | Rsd 33.807 | Res 8.652 | AE nan | Alpha 0.0100 | MB 24/24
  cert | viol 0.018 | dV -0.277348 | V 0.3319 | inball 0.508 | a*_q05 0.00659 | a*_q50 0.02913 | dV>=0 0.000 | n=150 | a_used 0.00454 -> 0.00463
[Episode 284/400] Steps: 720 | Reward:  277.77 | Battery:  76.80% | Loss: 0.1135
Placing Sensors
[Episode 285/400] Steps: 720 | Reward:  317.55 | Battery:  87.71% | Loss: 
Placing Sensors
Policy -0.0063 | Value 56.3136 | KL 0.00698 | CF 0.0789 | Std 0.1096 | |a| 0.0389 | EV +0.903 | Rsd 33.298 | Res 10.370 | AE nan | Alpha 0.0100 | MB 24/24
  cert | viol 0.005 | dV -0.288129 | V 0.3037 | inball 0.560 | a*_q05 0.01261 | a*_q50 0.03872 | dV>=0 0.005 | n=150 | a_used 0.00463 -> 0.00477
[Episode 286/400] Steps: 720 | Reward:  226.29 | Battery:  52.55% | Loss: 0.0131
Placing Sensors
[Episode 287/400] Steps: 720 | Reward:  288.83 | Battery:  73.16% | Loss: 
Placing Sensors
[Episode 288/400] Steps:  94 | Reward:  -54.66 | Battery:   0.00% | Loss: 
Placing Sensors
Policy -0.0056 | Value 76.3857 | KL 0.01966 | CF 0.1487 | Std 0.1096 | |a| 0.0448 | EV +0.885 | Rsd 34.735 | Res 11.893 | AE nan | Alpha 0.0100 | MB 24/24
  cert | viol 0.000 | dV -0.230211 | V 0.2432 | inball 0.574 | a*_q05 0.01178 | a*_q50 0.03782 | dV>=0 0.000 | n=150 | a_used 0.00477 -> 0.00495
[Episode 289/400] Steps: 720 | Reward:  283.07 | Battery:  71.51% | Loss: -0.0061
Placing Sensors
[Episode 290/400] Steps: 720 | Reward:  289.90 | Battery:  83.37% | Loss: 
Placing Sensors
Policy 0.0013 | Value 29.9991 | KL 0.01181 | CF 0.1328 | Std 0.1096 | |a| 0.0356 | EV +0.951 | Rsd 31.130 | Res 7.062 | AE nan | Alpha 0.0100 | MB 24/24
  cert | viol 0.095 | dV -0.210268 | V 0.2660 | inball 0.559 | a*_q05 0.00249 | a*_q50 0.02914 | dV>=0 0.013 | n=150 | a_used 0.00495 -> 0.00410
[Episode 291/400] Steps: 720 | Reward:  278.55 | Battery:  73.31% | Loss: 0.0714
Placing Sensors
[Episode 292/400] Steps: 720 | Reward:  231.51 | Battery:  67.86% | Loss: 
Placing Sensors
Policy -0.0038 | Value 52.6006 | KL 0.01229 | CF 0.1094 | Std 0.1096 | |a| 0.0394 | EV +0.938 | Rsd 35.479 | Res 9.123 | AE nan | Alpha 0.0100 | MB 24/24
  cert | viol 0.040 | dV -0.282985 | V 0.3254 | inball 0.547 | a*_q05 0.00551 | a*_q50 0.03603 | dV>=0 0.000 | n=150 | a_used 0.00410 -> 0.00416
[Episode 293/400] Steps: 720 | Reward:  289.78 | Battery:  78.12% | Loss: -0.0097
Placing Sensors
[Episode 294/400] Steps: 720 | Reward:  277.19 | Battery:  76.80% | Loss: 
Placing Sensors
[Episode 295/400] Steps:  83 | Reward:  -73.47 | Battery:   0.00% | Loss: 
Placing Sensors
Policy -0.0023 | Value 66.5915 | KL 0.00738 | CF 0.0950 | Std 0.1096 | |a| 0.0427 | EV +0.868 | Rsd 31.245 | Res 11.365 | AE nan | Alpha 0.0100 | MB 24/24
  cert | viol 0.000 | dV -0.242017 | V 0.2817 | inball 0.520 | a*_q05 0.00717 | a*_q50 0.03178 | dV>=0 0.000 | n=150 | a_used 0.00416 -> 0.00429
[Episode 296/400] Steps: 720 | Reward:  242.29 | Battery:  75.04% | Loss: 0.0280
Placing Sensors
[Episode 297/400] Steps: 720 | Reward:  356.14 | Battery:  89.20% | Loss: 
Placing Sensors
Policy -0.0038 | Value 63.0371 | KL 0.01365 | CF 0.1684 | Std 0.1096 | |a| 0.0413 | EV +0.878 | Rsd 28.511 | Res 9.972 | AE nan | Alpha 0.0100 | MB 24/24
  cert | viol 0.116 | dV -0.201360 | V 0.2718 | inball 0.499 | a*_q05 0.00187 | a*_q50 0.02869 | dV>=0 0.013 | n=150 | a_used 0.00429 -> 0.00419
[Episode 298/400] Steps: 720 | Reward:  175.78 | Battery:  56.08% | Loss: 0.0747
Placing Sensors
[Episode 299/400] Steps: 720 | Reward:  264.16 | Battery:  65.22% | Loss: 
Placing Sensors
Policy -0.0073 | Value 45.1325 | KL 0.01922 | CF 0.1222 | Std 0.1096 | |a| 0.0596 | EV +0.945 | Rsd 34.570 | Res 8.139 | AE nan | Alpha 0.0100 | MB 24/24
  cert | viol 0.000 | dV -0.239580 | V 0.2546 | inball 0.530 | a*_q05 0.01225 | a*_q50 0.03540 | dV>=0 0.000 | n=150 | a_used 0.00419 -> 0.00437
[Episode 300/400] Steps: 720 | Reward:  193.92 | Battery:  54.93% | Loss: 0.0205
Placing Sensors
[Episode 301/400] Steps: 720 | Reward:  220.16 | Battery:  61.67% | Loss: 
Placing Sensors
Policy -0.0049 | Value 50.1803 | KL 0.01440 | CF 0.1446 | Std 0.1095 | |a| 0.0500 | EV +0.943 | Rsd 36.719 | Res 9.806 | AE nan | Alpha 0.0100 | MB 24/24
  cert | viol 0.108 | dV -0.228067 | V 0.2891 | inball 0.448 | a*_q05 0.00141 | a*_q50 0.03086 | dV>=0 0.036 | n=150 | a_used 0.00437 -> 0.00393
[Episode 302/400] Steps: 720 | Reward:  170.30 | Battery:  41.98% | Loss: 0.0404
Placing Sensors
[Episode 303/400] Steps: 720 | Reward:  239.67 | Battery:  61.70% | Loss: 
Placing Sensors
Policy 0.0012 | Value 44.6514 | KL 0.01093 | CF 0.0892 | Std 0.1095 | |a| 0.0512 | EV +0.930 | Rsd 35.344 | Res 9.494 | AE nan | Alpha 0.0100 | MB 24/24
  cert | viol 0.000 | dV -0.248887 | V 0.2678 | inball 0.555 | a*_q05 0.00954 | a*_q50 0.03667 | dV>=0 0.000 | n=150 | a_used 0.00393 -> 0.00412
[Episode 304/400] Steps: 720 | Reward:  249.40 | Battery:  70.44% | Loss: 0.1135
Placing Sensors
[Episode 305/400] Steps: 720 | Reward:  273.35 | Battery:  67.04% | Loss: 
Placing Sensors
Policy -0.0069 | Value 34.4043 | KL 0.01337 | CF 0.1536 | Std 0.1095 | |a| 0.0398 | EV +0.959 | Rsd 38.046 | Res 8.146 | AE nan | Alpha 0.0100 | MB 24/24
  cert | viol 0.000 | dV -0.278694 | V 0.2953 | inball 0.600 | a*_q05 0.01081 | a*_q50 0.04024 | dV>=0 0.000 | n=150 | a_used 0.00412 -> 0.00428
[Episode 306/400] Steps: 720 | Reward:  274.15 | Battery:  74.74% | Loss: -0.0894
Placing Sensors
[Episode 307/400] Steps: 720 | Reward:  277.88 | Battery:  72.58% | Loss: 
Placing Sensors
Policy -0.0071 | Value 44.0523 | KL 0.01103 | CF 0.1293 | Std 0.1095 | |a| 0.0330 | EV +0.957 | Rsd 37.896 | Res 7.893 | AE nan | Alpha 0.0100 | MB 24/24
  cert | viol 0.002 | dV -0.242456 | V 0.2696 | inball 0.525 | a*_q05 0.00822 | a*_q50 0.03608 | dV>=0 0.000 | n=150 | a_used 0.00428 -> 0.00439
[Episode 308/400] Steps: 720 | Reward:  250.85 | Battery:  67.87% | Loss: 0.0151
Placing Sensors
[Episode 309/400] Steps: 720 | Reward:  315.91 | Battery:  84.86% | Loss: 
Placing Sensors
Policy -0.0021 | Value 52.4195 | KL 0.01268 | CF 0.1277 | Std 0.1095 | |a| 0.0331 | EV +0.922 | Rsd 31.310 | Res 8.725 | AE nan | Alpha 0.0100 | MB 24/24
  cert | viol 0.000 | dV -0.233785 | V 0.2519 | inball 0.643 | a*_q05 0.00977 | a*_q50 0.03778 | dV>=0 0.000 | n=150 | a_used 0.00439 -> 0.00456
[Episode 310/400] Steps: 720 | Reward:  283.61 | Battery:  74.73% | Loss: 0.0845
Placing Sensors
[Episode 311/400] Steps: 100 | Reward:  -70.35 | Battery:   0.00% | Loss: 
Placing Sensors
[Episode 312/400] Steps: 720 | Reward:  338.87 | Battery:  86.47% | Loss: 
Placing Sensors
Policy -0.0091 | Value 77.2502 | KL 0.02082 | CF 0.1507 | Std 0.1095 | |a| 0.0404 | EV +0.789 | Rsd 31.616 | Res 14.619 | AE nan | Alpha 0.0100 | MB 28/28
  cert | viol 0.000 | dV -0.263816 | V 0.2885 | inball 0.555 | a*_q05 0.01112 | a*_q50 0.03257 | dV>=0 0.000 | n=150 | a_used 0.00456 -> 0.00474
[Episode 313/400] Steps: 720 | Reward:  267.38 | Battery:  76.58% | Loss: -0.3349
Placing Sensors
[Episode 314/400] Steps: 720 | Reward:  275.19 | Battery:  74.80% | Loss: 
Placing Sensors
[Episode 315/400] Steps:  95 | Reward:  -60.77 | Battery:   0.00% | Loss: 
Placing Sensors
Policy -0.0114 | Value 62.0949 | KL 0.01239 | CF 0.1215 | Std 0.1095 | |a| 0.0405 | EV +0.888 | Rsd 30.406 | Res 10.249 | AE nan | Alpha 0.0100 | MB 24/24
  cert | viol 0.002 | dV -0.254824 | V 0.2679 | inball 0.608 | a*_q05 0.01251 | a*_q50 0.04100 | dV>=0 0.000 | n=150 | a_used 0.00474 -> 0.00492
[Episode 316/400] Steps: 720 | Reward:  343.64 | Battery:  86.36% | Loss: 0.0101
Placing Sensors
[Episode 317/400] Steps: 720 | Reward:  307.78 | Battery:  81.54% | Loss: 
Placing Sensors
Policy -0.0078 | Value 49.4551 | KL 0.01513 | CF 0.1855 | Std 0.1094 | |a| 0.0349 | EV +0.911 | Rsd 26.858 | Res 8.344 | AE nan | Alpha 0.0100 | MB 24/24
  cert | viol 0.000 | dV -0.249648 | V 0.2629 | inball 0.661 | a*_q05 0.01195 | a*_q50 0.03743 | dV>=0 0.000 | n=150 | a_used 0.00492 -> 0.00510
[Episode 318/400] Steps: 720 | Reward:  343.68 | Battery:  88.83% | Loss: 0.1477
Placing Sensors
[Episode 319/400] Steps: 720 | Reward:  243.27 | Battery:  75.75% | Loss: 
Placing Sensors
Policy 0.0219 | Value 63.1586 | KL 0.03202 | CF 0.2000 | Std 0.1094 | |a| 0.0406 | EV +0.932 | Rsd 31.604 | Res 8.277 | AE nan | Alpha 0.0100 | MB 6/24
  cert | viol 0.102 | dV -0.268484 | V 0.3371 | inball 0.520 | a*_q05 0.00225 | a*_q50 0.03035 | dV>=0 0.000 | n=150 | a_used 0.00510 -> 0.00496
[Episode 320/400] Steps: 720 | Reward:  255.53 | Battery:  66.26% | Loss: 0.0528
Placing Sensors
[Episode 321/400] Steps: 720 | Reward:  214.81 | Battery:  58.12% | Loss: 
Placing Sensors
Policy -0.0030 | Value 48.4014 | KL 0.02202 | CF 0.1844 | Std 0.1094 | |a| 0.0525 | EV +0.959 | Rsd 37.059 | Res 7.556 | AE nan | Alpha 0.0100 | MB 18/24
  cert | viol 0.031 | dV -0.312060 | V 0.3387 | inball 0.548 | a*_q05 0.00800 | a*_q50 0.03952 | dV>=0 0.000 | n=150 | a_used 0.00496 -> 0.00513
[Episode 322/400] Steps: 720 | Reward:  268.21 | Battery:  67.15% | Loss: 0.0067
Placing Sensors
[Episode 323/400] Steps: 720 | Reward:  280.19 | Battery:  77.39% | Loss: 
Placing Sensors
Policy 0.0032 | Value 79.5288 | KL 0.02183 | CF 0.0980 | Std 0.1094 | |a| 0.0340 | EV +0.918 | Rsd 32.213 | Res 9.316 | AE nan | Alpha 0.0100 | MB 12/24
  cert | viol 0.048 | dV -0.293149 | V 0.3261 | inball 0.642 | a*_q05 0.00590 | a*_q50 0.03777 | dV>=0 0.000 | n=150 | a_used 0.00513 -> 0.00517
[Episode 324/400] Steps: 720 | Reward:  303.62 | Battery:  85.90% | Loss: 0.0760
Placing Sensors
[Episode 325/400] Steps: 720 | Reward:  238.77 | Battery:  65.73% | Loss: 
Placing Sensors
Policy -0.0022 | Value 42.7472 | KL 0.02152 | CF 0.1505 | Std 0.1094 | |a| 0.0526 | EV +0.943 | Rsd 33.148 | Res 7.925 | AE nan | Alpha 0.0100 | MB 24/24
  cert | viol 0.058 | dV -0.294754 | V 0.3450 | inball 0.515 | a*_q05 0.00523 | a*_q50 0.03152 | dV>=0 0.000 | n=150 | a_used 0.00517 -> 0.00513
[Episode 326/400] Steps: 720 | Reward:  275.82 | Battery:  74.90% | Loss: 0.0419
Placing Sensors
[Episode 327/400] Steps: 720 | Reward:  203.45 | Battery:  64.40% | Loss: 
Placing Sensors
Policy -0.0001 | Value 28.7019 | KL 0.01299 | CF 0.1515 | Std 0.1094 | |a| 0.0491 | EV +0.970 | Rsd 34.933 | Res 6.222 | AE nan | Alpha 0.0100 | MB 24/24
  cert | viol 0.073 | dV -0.278582 | V 0.3317 | inball 0.532 | a*_q05 0.00399 | a*_q50 0.03475 | dV>=0 0.008 | n=150 | a_used 0.00513 -> 0.00496
[Episode 328/400] Steps: 720 | Reward:  276.12 | Battery:  73.06% | Loss: 0.0097
Placing Sensors
[Episode 329/400] Steps: 720 | Reward:  269.01 | Battery:  79.56% | Loss: 
Placing Sensors
Policy -0.0064 | Value 71.0115 | KL 0.01445 | CF 0.1277 | Std 0.1094 | |a| 0.0359 | EV +0.863 | Rsd 30.131 | Res 11.378 | AE nan | Alpha 0.0100 | MB 24/24
  cert | viol 0.186 | dV -0.267287 | V 0.4022 | inball 0.445 | a*_q05 0.00080 | a*_q50 0.02128 | dV>=0 0.040 | n=150 | a_used 0.00496 -> 0.00464
[Episode 330/400] Steps: 720 | Reward:  241.73 | Battery:  71.06% | Loss: 0.0426
Placing Sensors
[Episode 331/400] Steps:  69 | Reward:  -58.69 | Battery:   0.00% | Loss: 
Placing Sensors
[Episode 332/400] Steps: 720 | Reward:  293.75 | Battery:  77.97% | Loss: 
Placing Sensors
Policy -0.0033 | Value 89.5549 | KL 0.01672 | CF 0.1121 | Std 0.1094 | |a| 0.0358 | EV +0.893 | Rsd 33.131 | Res 10.821 | AE nan | Alpha 0.0100 | MB 24/24
  cert | viol 0.024 | dV -0.268469 | V 0.2963 | inball 0.564 | a*_q05 0.00786 | a*_q50 0.03618 | dV>=0 0.000 | n=150 | a_used 0.00464 -> 0.00477
[Episode 333/400] Steps: 720 | Reward:  260.17 | Battery:  72.02% | Loss: -0.0074
Placing Sensors
[Episode 334/400] Steps: 720 | Reward:  254.55 | Battery:  68.86% | Loss: 
Placing Sensors
Policy -0.0091 | Value 53.9541 | KL 0.01215 | CF 0.1295 | Std 0.1093 | |a| 0.0368 | EV +0.891 | Rsd 28.926 | Res 9.905 | AE nan | Alpha 0.0100 | MB 24/24
  cert | viol 0.000 | dV -0.237793 | V 0.2689 | inball 0.557 | a*_q05 0.00787 | a*_q50 0.03370 | dV>=0 0.000 | n=150 | a_used 0.00477 -> 0.00493
[Episode 335/400] Steps: 720 | Reward:  283.60 | Battery:  80.71% | Loss: -0.0926
Placing Sensors
[Episode 336/400] Steps: 180 | Reward:  -59.17 | Battery:   0.00% | Loss: 
Placing Sensors
[Episode 337/400] Steps: 720 | Reward:  279.90 | Battery:  80.83% | Loss: 
Placing Sensors
Policy -0.0046 | Value 61.5750 | KL 0.01430 | CF 0.1638 | Std 0.1093 | |a| 0.0518 | EV +0.850 | Rsd 26.628 | Res 10.520 | AE nan | Alpha 0.0100 | MB 28/28
  cert | viol 0.018 | dV -0.225358 | V 0.2731 | inball 0.485 | a*_q05 0.00653 | a*_q50 0.02693 | dV>=0 0.008 | n=150 | a_used 0.00493 -> 0.00493
[Episode 338/400] Steps: 720 | Reward:  281.49 | Battery:  81.76% | Loss: 0.0227
Placing Sensors
[Episode 339/400] Steps: 720 | Reward:  242.58 | Battery:  64.47% | Loss: 
Placing Sensors
Policy -0.0013 | Value 42.0758 | KL 0.02406 | CF 0.1266 | Std 0.1093 | |a| 0.0376 | EV +0.930 | Rsd 29.645 | Res 7.968 | AE nan | Alpha 0.0100 | MB 18/24
  cert | viol 0.045 | dV -0.244297 | V 0.2986 | inball 0.517 | a*_q05 0.00512 | a*_q50 0.02897 | dV>=0 0.000 | n=150 | a_used 0.00493 -> 0.00488
[Episode 340/400] Steps: 720 | Reward:  280.59 | Battery:  73.47% | Loss: 0.1480
Placing Sensors
[Episode 341/400] Steps: 720 | Reward:  278.36 | Battery:  69.17% | Loss: 
Placing Sensors
Policy -0.0065 | Value 47.4008 | KL 0.01615 | CF 0.1303 | Std 0.1093 | |a| 0.0342 | EV +0.940 | Rsd 30.909 | Res 7.689 | AE nan | Alpha 0.0100 | MB 24/24
  cert | viol 0.019 | dV -0.207459 | V 0.2252 | inball 0.612 | a*_q05 0.00886 | a*_q50 0.04000 | dV>=0 0.000 | n=150 | a_used 0.00488 -> 0.00505
[Episode 342/400] Steps: 720 | Reward:  288.23 | Battery:  80.38% | Loss: 0.1031
Placing Sensors
[Episode 343/400] Steps: 720 | Reward:  258.44 | Battery:  65.69% | Loss: 
Placing Sensors
[Episode 344/400] Steps: 137 | Reward:  -56.61 | Battery:   0.00% | Loss: 
Placing Sensors
Policy -0.0130 | Value 93.8041 | KL 0.01096 | CF 0.1202 | Std 0.1093 | |a| 0.0571 | EV +0.801 | Rsd 28.909 | Res 12.906 | AE nan | Alpha 0.0100 | MB 28/28
  cert | viol 0.062 | dV -0.217484 | V 0.2535 | inball 0.461 | a*_q05 0.00577 | a*_q50 0.03606 | dV>=0 0.000 | n=150 | a_used 0.00505 -> 0.00520
[Episode 345/400] Steps: 720 | Reward:  292.08 | Battery:  82.45% | Loss: -0.1769
Placing Sensors
[Episode 346/400] Steps: 720 | Reward:  212.36 | Battery:  68.79% | Loss: 
Placing Sensors
Policy -0.0053 | Value 53.3146 | KL 0.01930 | CF 0.0980 | Std 0.1093 | |a| 0.0384 | EV +0.931 | Rsd 30.998 | Res 9.148 | AE nan | Alpha 0.0100 | MB 18/24
  cert | viol 0.109 | dV -0.244614 | V 0.3164 | inball 0.504 | a*_q05 0.00274 | a*_q50 0.02555 | dV>=0 0.006 | n=150 | a_used 0.00520 -> 0.00508
[Episode 347/400] Steps: 720 | Reward:  301.16 | Battery:  78.83% | Loss: 0.0270
Placing Sensors
[Episode 348/400] Steps: 720 | Reward:  277.59 | Battery:  73.68% | Loss: 
Placing Sensors
Policy -0.0050 | Value 52.6113 | KL 0.01434 | CF 0.1150 | Std 0.1093 | |a| 0.0409 | EV +0.937 | Rsd 33.392 | Res 8.400 | AE nan | Alpha 0.0100 | MB 24/24
  cert | viol 0.093 | dV -0.281427 | V 0.3450 | inball 0.533 | a*_q05 0.00247 | a*_q50 0.03648 | dV>=0 0.013 | n=150 | a_used 0.00508 -> 0.00445
[Episode 349/400] Steps: 720 | Reward:  272.58 | Battery:  69.96% | Loss: 0.0775
Placing Sensors
[Episode 350/400] Steps: 720 | Reward:  309.63 | Battery:  77.45% | Loss: 
Placing Sensors
Policy 0.0071 | Value 47.9610 | KL 0.01954 | CF 0.1215 | Std 0.1093 | |a| 0.0350 | EV +0.960 | Rsd 35.217 | Res 7.075 | AE nan | Alpha 0.0100 | MB 12/24
  cert | viol 0.000 | dV -0.246536 | V 0.2607 | inball 0.609 | a*_q05 0.01136 | a*_q50 0.03955 | dV>=0 0.000 | n=150 | a_used 0.00445 -> 0.00464
[Episode 351/400] Steps: 720 | Reward:  274.73 | Battery:  71.68% | Loss: 0.1551
Placing Sensors
[Episode 352/400] Steps: 720 | Reward:  218.95 | Battery:  61.55% | Loss: 
Placing Sensors
Policy -0.0112 | Value 31.2596 | KL 0.01602 | CF 0.1504 | Std 0.1092 | |a| 0.0460 | EV +0.966 | Rsd 35.323 | Res 6.744 | AE nan | Alpha 0.0100 | MB 24/24
  cert | viol 0.000 | dV -0.284669 | V 0.3054 | inball 0.582 | a*_q05 0.00969 | a*_q50 0.03908 | dV>=0 0.000 | n=150 | a_used 0.00464 -> 0.00482
[Episode 353/400] Steps: 720 | Reward:  289.26 | Battery:  72.96% | Loss: -0.0246
Placing Sensors
[Episode 354/400] Steps:  73 | Reward:  -60.13 | Battery:   0.00% | Loss: 
Placing Sensors
[Episode 355/400] Steps: 720 | Reward:  251.85 | Battery:  66.43% | Loss: 
Placing Sensors
Policy -0.0012 | Value 79.8322 | KL 0.01611 | CF 0.1400 | Std 0.1092 | |a| 0.0579 | EV +0.834 | Rsd 31.478 | Res 12.853 | AE nan | Alpha 0.0100 | MB 24/24
  cert | viol 0.030 | dV -0.243492 | V 0.2921 | inball 0.407 | a*_q05 0.00626 | a*_q50 0.02188 | dV>=0 0.000 | n=150 | a_used 0.00482 -> 0.00486
[Episode 356/400] Steps: 720 | Reward:  249.08 | Battery:  73.72% | Loss: -0.0759
Placing Sensors
[Episode 357/400] Steps: 720 | Reward:  251.74 | Battery:  74.08% | Loss: 
Placing Sensors
Policy -0.0170 | Value 57.8266 | KL 0.01720 | CF 0.1554 | Std 0.1092 | |a| 0.0465 | EV +0.933 | Rsd 32.650 | Res 9.064 | AE nan | Alpha 0.0100 | MB 24/24
  cert | viol 0.072 | dV -0.282591 | V 0.3569 | inball 0.385 | a*_q05 0.00436 | a*_q50 0.02618 | dV>=0 0.000 | n=150 | a_used 0.00486 -> 0.00482
[Episode 358/400] Steps: 720 | Reward:  235.44 | Battery:  70.55% | Loss: -0.0812
Placing Sensors
[Episode 359/400] Steps: 720 | Reward:  295.05 | Battery:  83.28% | Loss: 
Placing Sensors
Policy -0.0070 | Value 56.3425 | KL 0.01861 | CF 0.1132 | Std 0.1092 | |a| 0.0358 | EV +0.927 | Rsd 29.373 | Res 8.396 | AE nan | Alpha 0.0100 | MB 24/24
  cert | viol 0.044 | dV -0.329427 | V 0.3720 | inball 0.616 | a*_q05 0.00582 | a*_q50 0.03597 | dV>=0 0.000 | n=150 | a_used 0.00482 -> 0.00483
[Episode 360/400] Steps: 720 | Reward:  333.47 | Battery:  86.22% | Loss: 0.0876
Placing Sensors
[Episode 361/400] Steps: 720 | Reward:  301.20 | Battery:  78.06% | Loss: 
Placing Sensors
Policy -0.0042 | Value 47.6358 | KL 0.00985 | CF 0.0820 | Std 0.1091 | |a| 0.0484 | EV +0.929 | Rsd 30.476 | Res 9.276 | AE nan | Alpha 0.0100 | MB 24/24
  cert | viol 0.157 | dV -0.240322 | V 0.2794 | inball 0.439 | a*_q05 -0.00523 | a*_q50 0.02900 | dV>=0 0.127 | n=150 | a_used 0.00483 -> 0.00459
[Episode 362/400] Steps: 720 | Reward:  219.93 | Battery:  69.60% | Loss: 0.0399
Placing Sensors
[Episode 363/400] Steps: 720 | Reward:  314.37 | Battery:  83.24% | Loss: 
Placing Sensors
Policy -0.0031 | Value 26.7453 | KL 0.01047 | CF 0.1373 | Std 0.1091 | |a| 0.0345 | EV +0.954 | Rsd 28.254 | Res 6.311 | AE nan | Alpha 0.0100 | MB 24/24
  cert | viol 0.000 | dV -0.193521 | V 0.2031 | inball 0.671 | a*_q05 0.01238 | a*_q50 0.04034 | dV>=0 0.000 | n=150 | a_used 0.00459 -> 0.00477
[Episode 364/400] Steps: 720 | Reward:  284.83 | Battery:  73.89% | Loss: 0.1369
Placing Sensors
[Episode 365/400] Steps: 133 | Reward:  -59.28 | Battery:   0.00% | Loss: 
Placing Sensors
[Episode 366/400] Steps: 720 | Reward:  299.32 | Battery:  77.07% | Loss: 
Placing Sensors
Policy -0.0031 | Value 71.8385 | KL 0.01973 | CF 0.2264 | Std 0.1091 | |a| 0.0405 | EV +0.803 | Rsd 29.701 | Res 13.180 | AE nan | Alpha 0.0100 | MB 28/28
  cert | viol 0.000 | dV -0.286948 | V 0.3093 | inball 0.580 | a*_q05 0.00995 | a*_q50 0.03842 | dV>=0 0.000 | n=150 | a_used 0.00477 -> 0.00495
[Episode 367/400] Steps: 720 | Reward:  309.83 | Battery:  81.48% | Loss: 0.0976
Placing Sensors
[Episode 368/400] Steps: 720 | Reward:  240.93 | Battery:  66.78% | Loss: 
Placing Sensors
Policy -0.0015 | Value 41.3708 | KL 0.00654 | CF 0.0672 | Std 0.1091 | |a| 0.0346 | EV +0.942 | Rsd 31.265 | Res 7.817 | AE nan | Alpha 0.0100 | MB 24/24
  cert | viol 0.000 | dV -0.222360 | V 0.2533 | inball 0.517 | a*_q05 0.00743 | a*_q50 0.02865 | dV>=0 0.000 | n=150 | a_used 0.00495 -> 0.00502
[Episode 369/400] Steps: 720 | Reward:  271.10 | Battery:  76.28% | Loss: 0.0311
Placing Sensors
[Episode 370/400] Steps: 720 | Reward:  261.53 | Battery:  70.30% | Loss: 
Placing Sensors
[Episode 371/400] Steps:  92 | Reward:  -56.81 | Battery:   0.00% | Loss: 
Placing Sensors
Policy -0.0136 | Value 84.7584 | KL 0.01136 | CF 0.0862 | Std 0.1091 | |a| 0.0413 | EV +0.863 | Rsd 32.350 | Res 12.117 | AE nan | Alpha 0.0100 | MB 24/24
  cert | viol 0.002 | dV -0.208104 | V 0.2267 | inball 0.552 | a*_q05 0.00812 | a*_q50 0.03864 | dV>=0 0.000 | n=150 | a_used 0.00502 -> 0.00510
[Episode 372/400] Steps: 720 | Reward:  271.10 | Battery:  74.26% | Loss: 0.0737
Placing Sensors
[Episode 373/400] Steps:  89 | Reward:  -53.85 | Battery:   0.00% | Loss: 
Placing Sensors
[Episode 374/400] Steps: 110 | Reward:  -66.34 | Battery:   0.00% | Loss: 
Placing Sensors
[Episode 375/400] Steps: 720 | Reward:  270.76 | Battery:  74.52% | Loss: 
Placing Sensors
Policy 0.0004 | Value 104.3949 | KL 0.01684 | CF 0.0992 | Std 0.1091 | |a| 0.0374 | EV +0.787 | Rsd 31.654 | Res 14.706 | AE nan | Alpha 0.0100 | MB 28/28
  cert | viol 0.022 | dV -0.279713 | V 0.3141 | inball 0.490 | a*_q05 0.00732 | a*_q50 0.03503 | dV>=0 0.000 | n=150 | a_used 0.00510 -> 0.00521
[Episode 376/400] Steps: 720 | Reward:  327.02 | Battery:  87.56% | Loss: -0.0892
Placing Sensors
[Episode 377/400] Steps: 720 | Reward:  264.53 | Battery:  72.56% | Loss: 
Placing Sensors
Policy -0.0073 | Value 57.2142 | KL 0.00834 | CF 0.1019 | Std 0.1091 | |a| 0.0376 | EV +0.911 | Rsd 33.485 | Res 10.441 | AE nan | Alpha 0.0100 | MB 24/24
  cert | viol 0.063 | dV -0.271193 | V 0.3165 | inball 0.563 | a*_q05 0.00478 | a*_q50 0.03408 | dV>=0 0.000 | n=150 | a_used 0.00521 -> 0.00504
[Episode 378/400] Steps: 720 | Reward:  250.98 | Battery:  67.64% | Loss: -0.1059
Placing Sensors
[Episode 379/400] Steps: 720 | Reward:  238.07 | Battery:  68.13% | Loss: 
Placing Sensors
Policy -0.0116 | Value 46.0883 | KL 0.01438 | CF 0.1497 | Std 0.1091 | |a| 0.0373 | EV +0.946 | Rsd 34.406 | Res 8.023 | AE nan | Alpha 0.0100 | MB 24/24
  cert | viol 0.101 | dV -0.231364 | V 0.2880 | inball 0.553 | a*_q05 0.00379 | a*_q50 0.03088 | dV>=0 0.000 | n=150 | a_used 0.00504 -> 0.00501
[Episode 380/400] Steps: 720 | Reward:  281.12 | Battery:  80.78% | Loss: 0.0192
Placing Sensors
[Episode 381/400] Steps: 720 | Reward:  307.85 | Battery:  85.52% | Loss: 
Placing Sensors
Policy -0.0073 | Value 54.7434 | KL 0.00897 | CF 0.1046 | Std 0.1090 | |a| 0.0365 | EV +0.911 | Rsd 31.737 | Res 9.653 | AE nan | Alpha 0.0100 | MB 24/24
  cert | viol 0.090 | dV -0.353958 | V 0.4245 | inball 0.600 | a*_q05 0.00310 | a*_q50 0.03493 | dV>=0 0.024 | n=150 | a_used 0.00501 -> 0.00468
[Episode 382/400] Steps: 720 | Reward:  334.36 | Battery:  88.29% | Loss: -0.1185
Placing Sensors
[Episode 383/400] Steps: 720 | Reward:  288.46 | Battery:  84.15% | Loss: 
Placing Sensors
Policy -0.0094 | Value 32.6341 | KL 0.00637 | CF 0.0743 | Std 0.1090 | |a| 0.0363 | EV +0.947 | Rsd 31.078 | Res 7.137 | AE nan | Alpha 0.0100 | MB 24/24
  cert | viol 0.025 | dV -0.271338 | V 0.3078 | inball 0.604 | a*_q05 0.00665 | a*_q50 0.03495 | dV>=0 0.000 | n=150 | a_used 0.00468 -> 0.00467
[Episode 384/400] Steps: 720 | Reward:  297.49 | Battery:  82.34% | Loss: -0.0793
Placing Sensors
[Episode 385/400] Steps: 720 | Reward:  272.91 | Battery:  74.98% | Loss: 
Placing Sensors
[Episode 386/400] Steps: 112 | Reward:  -60.08 | Battery:   0.00% | Loss: 
Placing Sensors
[Episode 387/400] Steps: 122 | Reward:  -48.38 | Battery:   0.00% | Loss: 
Placing Sensors
Policy -0.0049 | Value 193.5862 | KL 0.01417 | CF 0.1141 | Std 0.1090 | |a| 0.0512 | EV +0.686 | Rsd 29.407 | Res 17.201 | AE nan | Alpha 0.0100 | MB 28/28
  cert | viol 0.067 | dV -0.210186 | V 0.2680 | inball 0.409 | a*_q05 0.00432 | a*_q50 0.02584 | dV>=0 0.005 | n=150 | a_used 0.00467 -> 0.00457
[Episode 388/400] Steps: 720 | Reward:  243.29 | Battery:  78.17% | Loss: 0.1209
Placing Sensors
[Episode 389/400] Steps: 720 | Reward:  296.16 | Battery:  80.02% | Loss: 
Placing Sensors
Policy -0.0055 | Value 44.6178 | KL 0.01472 | CF 0.1251 | Std 0.1090 | |a| 0.0379 | EV +0.946 | Rsd 32.427 | Res 7.785 | AE nan | Alpha 0.0100 | MB 24/24
  cert | viol 0.072 | dV -0.313820 | V 0.3715 | inball 0.565 | a*_q05 0.00391 | a*_q50 0.03425 | dV>=0 0.000 | n=150 | a_used 0.00457 -> 0.00460
[Episode 390/400] Steps: 720 | Reward:  278.05 | Battery:  69.18% | Loss: 0.0789
Placing Sensors
[Episode 391/400] Steps: 720 | Reward:  291.00 | Battery:  77.29% | Loss: 
Placing Sensors
Policy 0.0063 | Value 31.2728 | KL 0.01436 | CF 0.0952 | Std 0.1090 | |a| 0.0344 | EV +0.960 | Rsd 29.664 | Res 5.937 | AE nan | Alpha 0.0100 | MB 24/24
  cert | viol 0.000 | dV -0.231951 | V 0.2644 | inball 0.570 | a*_q05 0.00772 | a*_q50 0.03140 | dV>=0 0.000 | n=150 | a_used 0.00460 -> 0.00471
[Episode 392/400] Steps: 720 | Reward:  294.70 | Battery:  83.57% | Loss: -0.0494
Placing Sensors
[Episode 393/400] Steps: 720 | Reward:  239.61 | Battery:  75.08% | Loss: 
Placing Sensors
Policy -0.0077 | Value 36.1905 | KL 0.01200 | CF 0.1358 | Std 0.1090 | |a| 0.0598 | EV +0.931 | Rsd 28.122 | Res 7.522 | AE nan | Alpha 0.0100 | MB 24/24
  cert | viol 0.060 | dV -0.276430 | V 0.3475 | inball 0.387 | a*_q05 0.00460 | a*_q50 0.02246 | dV>=0 0.000 | n=150 | a_used 0.00471 -> 0.00459
[Episode 394/400] Steps: 720 | Reward:  276.01 | Battery:  80.02% | Loss: 0.0329
Placing Sensors
[Episode 395/400] Steps: 720 | Reward:  225.63 | Battery:  69.31% | Loss: 
Placing Sensors
Policy 0.0065 | Value 51.6748 | KL 0.01538 | CF 0.1230 | Std 0.1090 | |a| 0.0418 | EV +0.941 | Rsd 33.671 | Res 8.267 | AE nan | Alpha 0.0100 | MB 24/24
  cert | viol 0.059 | dV -0.265868 | V 0.3081 | inball 0.471 | a*_q05 0.00435 | a*_q50 0.02837 | dV>=0 0.019 | n=150 | a_used 0.00459 -> 0.00477
[Episode 396/400] Steps: 720 | Reward:  306.59 | Battery:  78.07% | Loss: 0.1209
Placing Sensors
[Episode 397/400] Steps: 720 | Reward:  250.70 | Battery:  71.94% | Loss: 
Placing Sensors
Policy -0.0082 | Value 29.4681 | KL 0.01347 | CF 0.1522 | Std 0.1090 | |a| 0.0528 | EV +0.964 | Rsd 35.884 | Res 6.786 | AE nan | Alpha 0.0100 | MB 24/24
  cert | viol 0.047 | dV -0.264718 | V 0.2992 | inball 0.560 | a*_q05 0.00626 | a*_q50 0.03754 | dV>=0 0.000 | n=150 | a_used 0.00477 -> 0.00481
[Episode 398/400] Steps: 720 | Reward:  279.40 | Battery:  69.22% | Loss: 0.0056
Placing Sensors
[Episode 399/400] Steps: 720 | Reward:  205.71 | Battery:  63.16% | Loss: 
Placing Sensors
Policy -0.0088 | Value 28.9299 | KL 0.00956 | CF 0.0987 | Std 0.1089 | |a| 0.0401 | EV +0.969 | Rsd 34.694 | Res 6.101 | AE nan | Alpha 0.0100 | MB 24/24
  cert | viol 0.085 | dV -0.276939 | V 0.3454 | inball 0.466 | a*_q05 0.00350 | a*_q50 0.03010 | dV>=0 0.014 | n=150 | a_used 0.00481 -> 0.00482
[Episode 400/400] Steps: 720 | Reward:  260.50 | Battery:  75.92% | Loss: 0.1031
Placing Sensors
[Episode 401/400] Steps: 720 | Reward:  251.96 | Battery:  78.58% | Loss: 
Placing Sensors
Policy -0.0091 | Value 37.9649 | KL 0.02127 | CF 0.1432 | Std 0.1089 | |a| 0.0329 | EV +0.962 | Rsd 34.307 | Res 6.843 | AE nan | Alpha 0.0100 | MB 18/24
  cert | viol 0.025 | dV -0.235510 | V 0.2653 | inball 0.611 | a*_q05 0.00674 | a*_q50 0.03432 | dV>=0 0.000 | n=150 | a_used 0.00482 -> 0.00484
[Episode 402/400] Steps: 720 | Reward:  313.83 | Battery:  82.16% | Loss: 0.0395
Placing Sensors
[Episode 403/400] Steps: 720 | Reward:  234.03 | Battery:  68.52% | Loss: 
Placing Sensors
[Episode 404/400] Steps:  78 | Reward:  -62.09 | Battery:   0.00% | Loss: 
Placing Sensors
Policy 0.0034 | Value 63.6891 | KL 0.01057 | CF 0.1120 | Std 0.1089 | |a| 0.0472 | EV +0.929 | Rsd 34.346 | Res 9.264 | AE nan | Alpha 0.0100 | MB 24/24
  cert | viol 0.067 | dV -0.280527 | V 0.3414 | inball 0.492 | a*_q05 0.00460 | a*_q50 0.03224 | dV>=0 0.000 | n=150 | a_used 0.00484 -> 0.00481
[Episode 405/400] Steps: 720 | Reward:  254.97 | Battery:  80.81% | Loss: 0.1435
Placing Sensors
[Episode 406/400] Steps: 720 | Reward:  288.66 | Battery:  83.82% | Loss: 
Placing Sensors
Policy -0.0117 | Value 64.5868 | KL 0.00907 | CF 0.1062 | Std 0.1089 | |a| 0.0352 | EV +0.923 | Rsd 33.587 | Res 9.541 | AE nan | Alpha 0.0100 | MB 24/24
  cert | viol 0.027 | dV -0.249236 | V 0.2865 | inball 0.578 | a*_q05 0.00635 | a*_q50 0.03254 | dV>=0 0.000 | n=150 | a_used 0.00481 -> 0.00492
[Episode 407/400] Steps: 720 | Reward:  272.16 | Battery:  69.41% | Loss: -0.0395
Placing Sensors
[Episode 408/400] Steps: 720 | Reward:  355.05 | Battery:  88.07% | Loss: 
Placing Sensors
Policy 0.0003 | Value 37.3704 | KL 0.00995 | CF 0.0839 | Std 0.1089 | |a| 0.0327 | EV +0.939 | Rsd 29.839 | Res 7.494 | AE nan | Alpha 0.0100 | MB 24/24
  cert | viol 0.037 | dV -0.251793 | V 0.2783 | inball 0.694 | a*_q05 0.00690 | a*_q50 0.04005 | dV>=0 0.000 | n=150 | a_used 0.00492 -> 0.00502
[Episode 409/400] Steps: 720 | Reward:  331.10 | Battery:  88.52% | Loss: 0.0687
Placing Sensors
[Episode 410/400] Steps: 720 | Reward:  277.92 | Battery:  73.37% | Loss: 
Placing Sensors
Policy -0.0034 | Value 35.0655 | KL 0.00799 | CF 0.0967 | Std 0.1089 | |a| 0.0375 | EV +0.972 | Rsd 37.143 | Res 6.543 | AE nan | Alpha 0.0100 | MB 24/24
  cert | viol 0.000 | dV -0.221344 | V 0.2340 | inball 0.649 | a*_q05 0.01122 | a*_q50 0.04017 | dV>=0 0.000 | n=150 | a_used 0.00502 -> 0.00520
[Episode 411/400] Steps: 720 | Reward:  326.44 | Battery:  79.83% | Loss: 0.1605
Placing Sensors
[Episode 412/400] Steps: 720 | Reward:  274.21 | Battery:  74.26% | Loss: 
Placing Sensors
Policy -0.0073 | Value 34.0515 | KL 0.00951 | CF 0.1132 | Std 0.1088 | |a| 0.0336 | EV +0.972 | Rsd 36.512 | Res 6.371 | AE nan | Alpha 0.0100 | MB 24/24
  cert | viol 0.000 | dV -0.219224 | V 0.2365 | inball 0.597 | a*_q05 0.01027 | a*_q50 0.03234 | dV>=0 0.000 | n=150 | a_used 0.00520 -> 0.00537
[Episode 413/400] Steps: 720 | Reward:  302.23 | Battery:  73.23% | Loss: -0.0800
Placing Sensors
[Episode 414/400] Steps: 720 | Reward:  277.49 | Battery:  71.60% | Loss: 
Placing Sensors
Policy -0.0067 | Value 28.9221 | KL 0.01155 | CF 0.1555 | Std 0.1088 | |a| 0.0525 | EV +0.967 | Rsd 37.466 | Res 6.890 | AE nan | Alpha 0.0100 | MB 24/24
  cert | viol 0.089 | dV -0.281209 | V 0.3417 | inball 0.536 | a*_q05 0.00324 | a*_q50 0.03510 | dV>=0 0.016 | n=150 | a_used 0.00537 -> 0.00497
[Episode 415/400] Steps: 720 | Reward:  229.03 | Battery:  67.41% | Loss: 0.0900
Placing Sensors
[Episode 416/400] Steps: 720 | Reward:  272.13 | Battery:  81.45% | Loss: 
Placing Sensors
Policy -0.0087 | Value 32.8542 | KL 0.00950 | CF 0.0899 | Std 0.1088 | |a| 0.0510 | EV +0.950 | Rsd 31.461 | Res 7.270 | AE nan | Alpha 0.0100 | MB 24/24
  cert | viol 0.071 | dV -0.206405 | V 0.2683 | inball 0.470 | a*_q05 0.00465 | a*_q50 0.02350 | dV>=0 0.000 | n=150 | a_used 0.00497 -> 0.00495
[Episode 417/400] Steps: 720 | Reward:  258.42 | Battery:  72.90% | Loss: -0.0817
Placing Sensors
[Episode 418/400] Steps: 720 | Reward:  308.64 | Battery:  85.01% | Loss: 
Placing Sensors
Policy -0.0054 | Value 31.6850 | KL 0.00966 | CF 0.0937 | Std 0.1088 | |a| 0.0420 | EV +0.954 | Rsd 31.803 | Res 6.817 | AE nan | Alpha 0.0100 | MB 24/24
  cert | viol 0.109 | dV -0.254771 | V 0.3230 | inball 0.538 | a*_q05 0.00356 | a*_q50 0.02806 | dV>=0 0.000 | n=150 | a_used 0.00495 -> 0.00492
[Episode 419/400] Steps: 720 | Reward:  280.07 | Battery:  81.75% | Loss: 0.1280
Placing Sensors
[Episode 420/400] Steps: 720 | Reward:  251.61 | Battery:  69.55% | Loss: 
Placing Sensors
Policy -0.0092 | Value 63.2528 | KL 0.00906 | CF 0.1112 | Std 0.1088 | |a| 0.0589 | EV +0.929 | Rsd 32.701 | Res 8.876 | AE nan | Alpha 0.0100 | MB 24/24
  cert | viol 0.113 | dV -0.241769 | V 0.3019 | inball 0.567 | a*_q05 0.00222 | a*_q50 0.03403 | dV>=0 0.000 | n=150 | a_used 0.00492 -> 0.00498
[Episode 421/400] Steps: 720 | Reward:  320.95 | Battery:  88.49% | Loss: 0.0194
Placing Sensors
[Episode 422/400] Steps: 720 | Reward:  311.95 | Battery:  83.95% | Loss: 
Placing Sensors
Policy -0.0067 | Value 31.6692 | KL 0.00702 | CF 0.0703 | Std 0.1089 | |a| 0.0590 | EV +0.956 | Rsd 30.649 | Res 6.414 | AE nan | Alpha 0.0100 | MB 24/24
  cert | viol 0.015 | dV -0.219868 | V 0.2388 | inball 0.642 | a*_q05 0.00826 | a*_q50 0.03730 | dV>=0 0.000 | n=150 | a_used 0.00498 -> 0.00503
[Episode 423/400] Steps: 720 | Reward:  275.86 | Battery:  75.25% | Loss: 0.0606
Placing Sensors
[Episode 424/400] Steps: 720 | Reward:  273.48 | Battery:  76.98% | Loss: 
Placing Sensors
Policy -0.0034 | Value 22.7991 | KL 0.01028 | CF 0.1102 | Std 0.1088 | |a| 0.0465 | EV +0.965 | Rsd 34.094 | Res 6.431 | AE nan | Alpha 0.0100 | MB 24/24
  cert | viol 0.000 | dV -0.258125 | V 0.2784 | inball 0.617 | a*_q05 0.01095 | a*_q50 0.03649 | dV>=0 0.000 | n=150 | a_used 0.00503 -> 0.00521
[Episode 425/400] Steps: 720 | Reward:  310.45 | Battery:  78.50% | Loss: -0.0706
Placing Sensors
[Episode 426/400] Steps: 720 | Reward:  305.42 | Battery:  78.14% | Loss: 
Placing Sensors
[Episode 427/400] Steps: 104 | Reward:  -61.23 | Battery:   0.00% | Loss: 
Placing Sensors
Policy -0.0030 | Value 90.6050 | KL 0.01714 | CF 0.1525 | Std 0.1088 | |a| 0.0575 | EV +0.824 | Rsd 30.460 | Res 12.931 | AE nan | Alpha 0.0100 | MB 28/28
  cert | viol 0.004 | dV -0.216448 | V 0.2369 | inball 0.578 | a*_q05 0.01172 | a*_q50 0.03644 | dV>=0 0.000 | n=150 | a_used 0.00521 -> 0.00538
[Episode 428/400] Steps: 720 | Reward:  267.64 | Battery:  79.93% | Loss: -0.1579
Placing Sensors
[Episode 429/400] Steps: 720 | Reward:  291.70 | Battery:  72.41% | Loss: 
Placing Sensors
Policy -0.0017 | Value 28.4713 | KL 0.00969 | CF 0.1222 | Std 0.1088 | |a| 0.0583 | EV +0.964 | Rsd 34.623 | Res 6.614 | AE nan | Alpha 0.0100 | MB 24/24
  cert | viol 0.004 | dV -0.308606 | V 0.3364 | inball 0.593 | a*_q05 0.00895 | a*_q50 0.03873 | dV>=0 0.000 | n=150 | a_used 0.00538 -> 0.00549
[Episode 430/400] Steps: 720 | Reward:  276.82 | Battery:  77.99% | Loss: 0.0275
Placing Sensors
[Episode 431/400] Steps: 720 | Reward:  299.74 | Battery:  84.50% | Loss: 
Placing Sensors
Policy -0.0037 | Value 35.0658 | KL 0.00816 | CF 0.1104 | Std 0.1088 | |a| 0.0563 | EV +0.966 | Rsd 34.873 | Res 6.614 | AE nan | Alpha 0.0100 | MB 24/24
  cert | viol 0.049 | dV -0.272400 | V 0.3083 | inball 0.567 | a*_q05 0.00610 | a*_q50 0.03221 | dV>=0 0.000 | n=150 | a_used 0.00549 -> 0.00550
[Episode 432/400] Steps: 720 | Reward:  233.82 | Battery:  63.83% | Loss: 0.1888
Placing Sensors
[Episode 433/400] Steps: 720 | Reward:  254.99 | Battery:  71.77% | Loss: 
Placing Sensors
Policy -0.0014 | Value 23.4853 | KL 0.01436 | CF 0.1453 | Std 0.1088 | |a| 0.0673 | EV +0.972 | Rsd 33.092 | Res 5.600 | AE nan | Alpha 0.0100 | MB 24/24
  cert | viol 0.028 | dV -0.280641 | V 0.3138 | inball 0.575 | a*_q05 0.00759 | a*_q50 0.03699 | dV>=0 0.000 | n=150 | a_used 0.00550 -> 0.00556
[Episode 434/400] Steps: 720 | Reward:  273.67 | Battery:  71.32% | Loss: -0.0182
Placing Sensors
[Episode 435/400] Steps: 720 | Reward:  250.80 | Battery:  74.67% | Loss: 
Placing Sensors
Policy -0.0052 | Value 24.7990 | KL 0.01365 | CF 0.1523 | Std 0.1088 | |a| 0.0407 | EV +0.970 | Rsd 31.086 | Res 5.589 | AE nan | Alpha 0.0100 | MB 24/24
  cert | viol 0.028 | dV -0.260757 | V 0.2896 | inball 0.593 | a*_q05 0.00710 | a*_q50 0.03802 | dV>=0 0.000 | n=150 | a_used 0.00556 -> 0.00553
[Episode 436/400] Steps: 720 | Reward:  324.72 | Battery:  87.48% | Loss: 0.0930
Placing Sensors
[Episode 437/400] Steps: 720 | Reward:  316.83 | Battery:  86.66% | Loss: 
Placing Sensors
Policy -0.0064 | Value 28.4401 | KL 0.01301 | CF 0.1332 | Std 0.1088 | |a| 0.0483 | EV +0.943 | Rsd 26.969 | Res 6.617 | AE nan | Alpha 0.0100 | MB 24/24
  cert | viol 0.057 | dV -0.219072 | V 0.2636 | inball 0.571 | a*_q05 0.00561 | a*_q50 0.03240 | dV>=0 0.000 | n=150 | a_used 0.00553 -> 0.00547
[Episode 438/400] Steps: 720 | Reward:  267.62 | Battery:  78.51% | Loss: 0.0402
Placing Sensors
[Episode 439/400] Steps: 720 | Reward:  304.99 | Battery:  81.93% | Loss: 
Placing Sensors
Policy -0.0120 | Value 24.9591 | KL 0.01705 | CF 0.1106 | Std 0.1088 | |a| 0.0456 | EV +0.967 | Rsd 30.517 | Res 5.656 | AE nan | Alpha 0.0100 | MB 24/24
  cert | viol 0.034 | dV -0.244073 | V 0.2743 | inball 0.613 | a*_q05 0.00725 | a*_q50 0.03462 | dV>=0 0.000 | n=150 | a_used 0.00547 -> 0.00564
[Episode 440/400] Steps: 720 | Reward:  284.99 | Battery:  77.71% | Loss: -0.0718
Placing Sensors
[Episode 441/400] Steps:  94 | Reward:  -57.89 | Battery:   0.00% | Loss: 
Placing Sensors
[Episode 442/400] Steps: 720 | Reward:  325.20 | Battery:  83.71% | Loss: 
Placing Sensors
Policy -0.0070 | Value 57.6582 | KL 0.01258 | CF 0.1022 | Std 0.1088 | |a| 0.0589 | EV +0.887 | Rsd 33.053 | Res 11.130 | AE nan | Alpha 0.0100 | MB 24/24
  cert | viol 0.018 | dV -0.296571 | V 0.3219 | inball 0.611 | a*_q05 0.00919 | a*_q50 0.03939 | dV>=0 0.000 | n=150 | a_used 0.00564 -> 0.00568
[Episode 443/400] Steps: 720 | Reward:  316.46 | Battery:  81.39% | Loss: -0.0086
Placing Sensors
[Episode 444/400] Steps: 720 | Reward:  306.29 | Battery:  83.56% | Loss: 
Placing Sensors
Policy -0.0063 | Value 52.4337 | KL 0.01210 | CF 0.1169 | Std 0.1088 | |a| 0.0431 | EV +0.919 | Rsd 27.630 | Res 7.975 | AE nan | Alpha 0.0100 | MB 24/24
  cert | viol 0.002 | dV -0.211325 | V 0.2313 | inball 0.639 | a*_q05 0.00829 | a*_q50 0.03873 | dV>=0 0.000 | n=150 | a_used 0.00568 -> 0.00578
[Episode 445/400] Steps: 720 | Reward:  286.36 | Battery:  76.88% | Loss: -0.0324
Placing Sensors
[Episode 446/400] Steps: 720 | Reward:  273.57 | Battery:  78.75% | Loss: 
Placing Sensors
Policy -0.0108 | Value 37.9742 | KL 0.00765 | CF 0.0772 | Std 0.1088 | |a| 0.0444 | EV +0.919 | Rsd 27.402 | Res 7.868 | AE nan | Alpha 0.0100 | MB 24/24
  cert | viol 0.099 | dV -0.250760 | V 0.3082 | inball 0.523 | a*_q05 0.00420 | a*_q50 0.03180 | dV>=0 0.000 | n=150 | a_used 0.00578 -> 0.00572
[Episode 447/400] Steps: 720 | Reward:  284.39 | Battery:  81.52% | Loss: 0.0415
Placing Sensors
[Episode 448/400] Steps: 720 | Reward:  281.64 | Battery:  78.97% | Loss: 
Placing Sensors
Policy -0.0011 | Value 54.8626 | KL 0.01243 | CF 0.0826 | Std 0.1088 | |a| 0.0505 | EV +0.889 | Rsd 28.819 | Res 9.808 | AE nan | Alpha 0.0100 | MB 24/24
  cert | viol 0.060 | dV -0.231715 | V 0.2659 | inball 0.593 | a*_q05 0.00566 | a*_q50 0.03583 | dV>=0 0.000 | n=150 | a_used 0.00572 -> 0.00568
[Episode 449/400] Steps: 720 | Reward:  274.48 | Battery:  81.35% | Loss: 0.0845
Placing Sensors
[Episode 450/400] Steps: 720 | Reward:  320.76 | Battery:  77.73% | Loss: 
Placing Sensors
Policy -0.0107 | Value 18.6296 | KL 0.00741 | CF 0.1005 | Std 0.1088 | |a| 0.0381 | EV +0.976 | Rsd 31.736 | Res 4.946 | AE nan | Alpha 0.0100 | MB 24/24
  cert | viol 0.006 | dV -0.270652 | V 0.2890 | inball 0.649 | a*_q05 0.01033 | a*_q50 0.03988 | dV>=0 0.000 | n=150 | a_used 0.00568 -> 0.00584
[Episode 451/400] Steps: 720 | Reward:  311.02 | Battery:  83.06% | Loss: -0.0516
Placing Sensors
[Episode 452/400] Steps: 720 | Reward:  314.55 | Battery:  85.73% | Loss: 
Placing Sensors
Policy -0.0039 | Value 34.9797 | KL 0.00680 | CF 0.0678 | Std 0.1088 | |a| 0.0394 | EV +0.947 | Rsd 26.540 | Res 6.113 | AE nan | Alpha 0.0100 | MB 24/24
  cert | viol 0.036 | dV -0.247157 | V 0.2812 | inball 0.628 | a*_q05 0.00707 | a*_q50 0.03674 | dV>=0 0.000 | n=150 | a_used 0.00584 -> 0.00593
[Episode 453/400] Steps: 720 | Reward:  317.24 | Battery:  82.36% | Loss: -0.0097
Placing Sensors
[Episode 454/400] Steps: 720 | Reward:  265.50 | Battery:  63.45% | Loss: 
Placing Sensors
Policy -0.0068 | Value 51.3299 | KL 0.02274 | CF 0.1909 | Std 0.1088 | |a| 0.0597 | EV +0.941 | Rsd 35.284 | Res 8.878 | AE nan | Alpha 0.0100 | MB 24/24
  cert | viol 0.108 | dV -0.262865 | V 0.3107 | inball 0.586 | a*_q05 0.00378 | a*_q50 0.03633 | dV>=0 0.000 | n=150 | a_used 0.00593 -> 0.00609
[Episode 455/400] Steps: 720 | Reward:  300.03 | Battery:  75.62% | Loss: -0.0883
Placing Sensors
[Episode 456/400] Steps: 720 | Reward:  263.76 | Battery:  71.32% | Loss: 
Placing Sensors
Policy 0.0023 | Value 30.7894 | KL 0.01227 | CF 0.0976 | Std 0.1088 | |a| 0.0437 | EV +0.972 | Rsd 37.229 | Res 6.178 | AE nan | Alpha 0.0100 | MB 24/24
  cert | viol 0.004 | dV -0.297507 | V 0.3191 | inball 0.619 | a*_q05 0.01007 | a*_q50 0.03932 | dV>=0 0.000 | n=150 | a_used 0.00609 -> 0.00624
[Episode 457/400] Steps: 720 | Reward:  317.27 | Battery:  81.99% | Loss: 0.0586
Placing Sensors
[Episode 458/400] Steps: 720 | Reward:  288.78 | Battery:  78.68% | Loss: 
Placing Sensors
Policy -0.0030 | Value 32.8499 | KL 0.00626 | CF 0.0739 | Std 0.1088 | |a| 0.0406 | EV +0.968 | Rsd 36.024 | Res 7.575 | AE nan | Alpha 0.0100 | MB 24/24
  cert | viol 0.024 | dV -0.257512 | V 0.2819 | inball 0.635 | a*_q05 0.00928 | a*_q50 0.03995 | dV>=0 0.000 | n=150 | a_used 0.00624 -> 0.00637
[Episode 459/400] Steps: 720 | Reward:  326.74 | Battery:  80.64% | Loss: 0.0384
Placing Sensors
[Episode 460/400] Steps: 720 | Reward:  235.40 | Battery:  65.26% | Loss: 
Placing Sensors
Policy 0.0123 | Value 27.8153 | KL 0.04350 | CF 0.1117 | Std 0.1087 | |a| 0.0502 | EV +0.979 | Rsd 36.352 | Res 5.907 | AE nan | Alpha 0.0100 | MB 9/24
  cert | viol 0.130 | dV -0.234439 | V 0.2844 | inball 0.552 | a*_q05 0.00351 | a*_q50 0.03199 | dV>=0 0.000 | n=150 | a_used 0.00637 -> 0.00615
[Episode 461/400] Steps: 720 | Reward:  271.78 | Battery:  77.63% | Loss: -0.0018
Placing Sensors
[Episode 462/400] Steps: 720 | Reward:  315.67 | Battery:  83.47% | Loss: 
Placing Sensors
Policy -0.0104 | Value 26.5740 | KL 0.00629 | CF 0.0659 | Std 0.1087 | |a| 0.0378 | EV +0.971 | Rsd 33.193 | Res 5.757 | AE nan | Alpha 0.0100 | MB 24/24
  cert | viol 0.033 | dV -0.238539 | V 0.2651 | inball 0.656 | a*_q05 0.00815 | a*_q50 0.03679 | dV>=0 0.000 | n=150 | a_used 0.00615 -> 0.00630
[Episode 463/400] Steps: 720 | Reward:  321.73 | Battery:  87.57% | Loss: 0.0418
Placing Sensors
[Episode 464/400] Steps: 720 | Reward:  340.56 | Battery:  85.11% | Loss: 
Placing Sensors
Policy -0.0066 | Value 33.1520 | KL 0.00932 | CF 0.0933 | Std 0.1087 | |a| 0.0601 | EV +0.957 | Rsd 34.199 | Res 7.134 | AE nan | Alpha 0.0100 | MB 24/24
  cert | viol 0.000 | dV -0.236950 | V 0.2494 | inball 0.649 | a*_q05 0.01235 | a*_q50 0.03764 | dV>=0 0.000 | n=150 | a_used 0.00630 -> 0.00645
[Episode 465/400] Steps: 720 | Reward:  274.02 | Battery:  74.61% | Loss: 0.0818
Placing Sensors
[Episode 466/400] Steps: 720 | Reward:  303.25 | Battery:  73.35% | Loss: 
Placing Sensors
Policy -0.0022 | Value 14.0387 | KL 0.01119 | CF 0.1015 | Std 0.1087 | |a| 0.0430 | EV +0.989 | Rsd 35.292 | Res 3.694 | AE nan | Alpha 0.0100 | MB 24/24
  cert | viol 0.027 | dV -0.252913 | V 0.2782 | inball 0.617 | a*_q05 0.00850 | a*_q50 0.03857 | dV>=0 0.000 | n=150 | a_used 0.00645 -> 0.00659
[Episode 467/400] Steps: 720 | Reward:  307.29 | Battery:  78.90% | Loss: -0.0255
Placing Sensors
[Episode 468/400] Steps: 720 | Reward:  355.29 | Battery:  88.99% | Loss: 
Placing Sensors
Policy 0.0061 | Value 23.2746 | KL 0.01363 | CF 0.1155 | Std 0.1087 | |a| 0.0451 | EV +0.970 | Rsd 28.075 | Res 5.304 | AE nan | Alpha 0.0100 | MB 24/24
  cert | viol 0.025 | dV -0.240993 | V 0.2666 | inball 0.655 | a*_q05 0.00964 | a*_q50 0.03863 | dV>=0 0.000 | n=150 | a_used 0.00659 -> 0.00660
[Episode 469/400] Steps: 720 | Reward:  300.75 | Battery:  83.27% | Loss: -0.1073
Placing Sensors
[Episode 470/400] Steps: 720 | Reward:  340.41 | Battery:  84.38% | Loss: 
Placing Sensors
Policy -0.0087 | Value 39.4183 | KL 0.01364 | CF 0.1416 | Std 0.1086 | |a| 0.0411 | EV +0.941 | Rsd 29.932 | Res 7.392 | AE nan | Alpha 0.0100 | MB 24/24
  cert | viol 0.132 | dV -0.259698 | V 0.3247 | inball 0.614 | a*_q05 0.00279 | a*_q50 0.03410 | dV>=0 0.008 | n=150 | a_used 0.00660 -> 0.00620
[Episode 471/400] Steps: 720 | Reward:  290.40 | Battery:  85.56% | Loss: 0.0541
Placing Sensors
[Episode 472/400] Steps: 720 | Reward:  283.22 | Battery:  73.29% | Loss: 
Placing Sensors
Policy -0.0023 | Value 29.8938 | KL 0.01670 | CF 0.1217 | Std 0.1086 | |a| 0.0477 | EV +0.960 | Rsd 33.727 | Res 6.834 | AE nan | Alpha 0.0100 | MB 24/24
  cert | viol 0.000 | dV -0.253497 | V 0.2707 | inball 0.617 | a*_q05 0.01061 | a*_q50 0.03915 | dV>=0 0.000 | n=150 | a_used 0.00620 -> 0.00635
[Episode 473/400] Steps: 720 | Reward:  273.01 | Battery:  73.81% | Loss: 0.0252
Placing Sensors
[Episode 474/400] Steps: 720 | Reward:  292.77 | Battery:  81.13% | Loss: 
Placing Sensors
Policy 0.0014 | Value 30.3403 | KL 0.01541 | CF 0.1095 | Std 0.1086 | |a| 0.0437 | EV +0.968 | Rsd 33.416 | Res 6.409 | AE nan | Alpha 0.0100 | MB 24/24
  cert | viol 0.098 | dV -0.255889 | V 0.3126 | inball 0.565 | a*_q05 0.00422 | a*_q50 0.03225 | dV>=0 0.000 | n=150 | a_used 0.00635 -> 0.00616
[Episode 475/400] Steps: 720 | Reward:  275.83 | Battery:  75.82% | Loss: -0.0481
Placing Sensors
[Episode 476/400] Steps: 720 | Reward:  349.07 | Battery:  88.17% | Loss: 
Placing Sensors
Policy 0.0006 | Value 18.7178 | KL 0.01110 | CF 0.0958 | Std 0.1086 | |a| 0.0385 | EV +0.982 | Rsd 32.248 | Res 4.418 | AE nan | Alpha 0.0100 | MB 24/24
  cert | viol 0.064 | dV -0.252347 | V 0.2894 | inball 0.611 | a*_q05 0.00600 | a*_q50 0.03732 | dV>=0 0.000 | n=150 | a_used 0.00616 -> 0.00614
[Episode 477/400] Steps: 720 | Reward:  253.84 | Battery:  71.08% | Loss: 0.1275
Placing Sensors
[Episode 478/400] Steps: 720 | Reward:  315.60 | Battery:  85.08% | Loss: 
Placing Sensors
Policy -0.0130 | Value 29.9151 | KL 0.01139 | CF 0.0840 | Std 0.1086 | |a| 0.0430 | EV +0.966 | Rsd 31.756 | Res 5.836 | AE nan | Alpha 0.0100 | MB 24/24
  cert | viol 0.027 | dV -0.297172 | V 0.3282 | inball 0.611 | a*_q05 0.00755 | a*_q50 0.03664 | dV>=0 0.000 | n=150 | a_used 0.00614 -> 0.00620
[Episode 479/400] Steps: 720 | Reward:  306.21 | Battery:  77.66% | Loss: 0.0059
Placing Sensors
[Episode 480/400] Steps: 720 | Reward:  313.31 | Battery:  86.22% | Loss: 
Placing Sensors
Policy -0.0042 | Value 27.1130 | KL 0.02356 | CF 0.1226 | Std 0.1085 | |a| 0.0415 | EV +0.965 | Rsd 30.927 | Res 5.870 | AE nan | Alpha 0.0100 | MB 24/24
  cert | viol 0.106 | dV -0.277122 | V 0.3231 | inball 0.626 | a*_q05 0.00415 | a*_q50 0.03583 | dV>=0 0.000 | n=150 | a_used 0.00620 -> 0.00603
[Episode 481/400] Steps: 720 | Reward:  290.41 | Battery:  80.42% | Loss: -0.0408
[budget] 288093 transitions collected over 481 episodes -- step budget met, stopping.
Placing Sensors
  [validation 1/10] steps 720 | battery  33.9% ->  80.5% (min  24.6%) | reward   379.15 | |a| 0.031 | path     205 m
Placing Sensors
  [validation 2/10] steps 720 | battery  32.8% ->  74.6% (min  28.2%) | reward   343.84 | |a| 0.033 | path     244 m
Placing Sensors
  [validation 3/10] steps 720 | battery  35.1% ->  79.1% (min  34.1%) | reward   427.94 | |a| 0.028 | path     164 m
Placing Sensors
  [validation 4/10] steps 720 | battery  39.2% ->  77.7% (min  36.6%) | reward   371.29 | |a| 0.030 | path     193 m
Placing Sensors
  [validation 5/10] steps 720 | battery  38.2% ->  90.6% (min  24.7%) | reward   452.82 | |a| 0.034 | path     238 m
Placing Sensors
  [validation 6/10] steps 720 | battery  36.6% ->  88.7% (min  34.8%) | reward   451.13 | |a| 0.029 | path     190 m
Placing Sensors
  [validation 7/10] steps 720 | battery  32.6% ->  81.1% (min  28.4%) | reward   418.11 | |a| 0.036 | path     238 m
Placing Sensors
  [validation 8/10] steps 720 | battery  36.7% ->  88.1% (min  28.3%) | reward   443.38 | |a| 0.030 | path     195 m
Placing Sensors
  [validation 9/10] steps 720 | battery  35.5% ->  90.2% (min  11.7%) | reward   427.80 | |a| 0.055 | path     242 m
Placing Sensors
  [validation 10/10] steps 720 | battery  33.0% ->  90.5% (min  26.2%) | reward   471.87 | |a| 0.030 | path     173 m

==============================================================================
VALIDATION COMPLETE -- 10 independent deterministic episodes
==============================================================================
metric                       mean        std        min        max
reward                     418.73      41.14     343.84     471.87
final battery %             84.11       6.11      74.60      90.58
min battery %               27.77       7.06      11.71      36.59
steps                      720.00       0.00     720.00     720.00
solar W                     31.43       2.36      26.63      33.70
|action|                     0.03       0.01       0.03       0.06
path m                     208.25      30.14     164.49     244.49
tortuosity                   2.73       0.89       1.45       4.15
motion mAh                 155.34      23.31     117.07     186.09
idle mAh                 11584.84       7.73   11582.40   11606.83

survived full 720 steps : 10/10
ended below 20% battery         : 0/10
ended above 70% battery         : 10/10

reward 95% CI: 418.73 +- 25.50  (393.23 to 444.23)

total step rows written: 7200

==============================================
WALL CLOCK BREAKDOWN
==============================================
Total run time        :   17305.85 s
  Rollout (training)  :   16776.94 s  ( 96.9%)
    - policy inference:     212.34 s  (  1.2%)
    - env + reward    :   16564.60 s  ( 95.7%)
  PPO update()        :      48.93 s  (  0.3%)
  Checkpoint saves    :       0.01 s  (  0.0%)
  Final evaluation    :     356.28 s  (  2.1%)
  Other / logging     :     123.68 s  (  0.7%)

==============================================
PER-CALL AVERAGES
==============================================
Policy inference      :   295293 calls |    0.737 ms/step
  final eval only     :     7200 calls |    0.728 ms/step
PPO update()          :      194 calls |  252.216 ms/update
Episode               :      400 eps   |   42.374 s/episode

update() share of wall clock: 0.3%
