Placing Sensors
File header (hex): 49492a00
Successfully loaded topography: (801, 801)
Placing Sensors
[Episode 1/1000] Steps: 720 | Reward:   23.83 | Battery:  75.54% | Loss: N/A (PSO)
Placing Sensors
[Episode 2/1000] Steps: 720 | Reward:  -45.46 | Battery:  48.03% | Loss: N/A (PSO)
Placing Sensors
[Episode 3/1000] Steps: 720 | Reward:  -50.75 | Battery:  35.55% | Loss: N/A (PSO)
Placing Sensors
[Episode 4/1000] Steps: 720 | Reward:   33.17 | Battery:  77.80% | Loss: N/A (PSO)
Placing Sensors
[Episode 5/1000] Steps: 720 | Reward:   67.61 | Battery:  78.28% | Loss: N/A (PSO)
Placing Sensors
[Episode 6/1000] Steps: 720 | Reward:   64.23 | Battery:  78.01% | Loss: N/A (PSO)
Placing Sensors
[Episode 7/1000] Steps: 720 | Reward:  -52.09 | Battery:  35.29% | Loss: N/A (PSO)
Placing Sensors
[Episode 8/1000] Steps: 720 | Reward:   59.81 | Battery:  78.04% | Loss: N/A (PSO)
Placing Sensors
[Episode 9/1000] Steps: 720 | Reward:  -24.74 | Battery:  57.86% | Loss: N/A (PSO)
Placing Sensors
[Episode 10/1000] Steps: 720 | Reward:  -63.33 | Battery:  37.01% | Loss: N/A (PSO)
Placing Sensors
[Episode 11/1000] Steps: 720 | Reward:    2.83 | Battery:  73.32% | Loss: N/A (PSO)
Placing Sensors
[Episode 12/1000] Steps: 720 | Reward:   45.17 | Battery:  78.04% | Loss: N/A (PSO)
Placing Sensors
[Episode 13/1000] Steps: 720 | Reward:   30.63 | Battery:  78.84% | Loss: N/A (PSO)
Placing Sensors
[Episode 14/1000] Steps: 720 | Reward:   24.66 | Battery:  76.61% | Loss: N/A (PSO)
Placing Sensors
[Episode 15/1000] Steps: 720 | Reward:  -13.56 | Battery:  77.19% | Loss: N/A (PSO)
Placing Sensors
[Episode 16/1000] Steps: 720 | Reward:   45.77 | Battery:  78.34% | Loss: N/A (PSO)
Placing Sensors
[Episode 17/1000] Steps: 720 | Reward:   -9.91 | Battery:  62.95% | Loss: N/A (PSO)
Placing Sensors
[Episode 18/1000] Steps: 720 | Reward:   52.68 | Battery:  76.40% | Loss: N/A (PSO)
Placing Sensors
[Episode 19/1000] Steps: 720 | Reward:   54.20 | Battery:  78.28% | Loss: N/A (PSO)
Placing Sensors
[Episode 20/1000] Steps: 720 | Reward:   20.06 | Battery:  77.98% | Loss: N/A (PSO)
Placing Sensors
[Episode 21/1000] Steps: 720 | Reward:   57.98 | Battery:  78.91% | Loss: N/A (PSO)
Placing Sensors
[Episode 22/1000] Steps: 720 | Reward:   55.99 | Battery:  78.91% | Loss: N/A (PSO)
Placing Sensors
[Episode 23/1000] Steps: 720 | Reward:   71.81 | Battery:  78.29% | Loss: N/A (PSO)
Placing Sensors
[Episode 24/1000] Steps: 720 | Reward:   70.08 | Battery:  78.01% | Loss: N/A (PSO)
Placing Sensors
[Episode 25/1000] Steps: 720 | Reward:   10.70 | Battery:  74.58% | Loss: N/A (PSO)
Placing Sensors
[Episode 26/1000] Steps: 720 | Reward:   41.55 | Battery:  78.09% | Loss: N/A (PSO)
Placing Sensors
[Episode 27/1000] Steps: 720 | Reward:   65.25 | Battery:  77.58% | Loss: N/A (PSO)
Placing Sensors
[Episode 28/1000] Steps: 720 | Reward:   51.68 | Battery:  78.33% | Loss: N/A (PSO)
Placing Sensors
[Episode 29/1000] Steps: 720 | Reward:   61.85 | Battery:  77.45% | Loss: N/A (PSO)
Placing Sensors
[Episode 30/1000] Steps: 720 | Reward:   52.52 | Battery:  78.33% | Loss: N/A (PSO)
Placing Sensors
[Episode 31/1000] Steps: 720 | Reward:   62.42 | Battery:  78.22% | Loss: N/A (PSO)
Placing Sensors
[Episode 32/1000] Steps: 720 | Reward:   74.21 | Battery:  78.29% | Loss: N/A (PSO)
Placing Sensors
[Episode 33/1000] Steps: 720 | Reward:   35.40 | Battery:  77.78% | Loss: N/A (PSO)
Placing Sensors
[Episode 34/1000] Steps: 720 | Reward:   70.75 | Battery:  78.34% | Loss: N/A (PSO)
Placing Sensors
[Episode 35/1000] Steps: 720 | Reward:   48.52 | Battery:  78.55% | Loss: N/A (PSO)
Placing Sensors
[Episode 36/1000] Steps: 720 | Reward:   39.25 | Battery:  78.01% | Loss: N/A (PSO)
Placing Sensors
[Episode 37/1000] Steps: 720 | Reward:   43.82 | Battery:  76.72% | Loss: N/A (PSO)
Placing Sensors
[Episode 38/1000] Steps: 720 | Reward:   70.02 | Battery:  78.29% | Loss: N/A (PSO)
Placing Sensors
[Episode 39/1000] Steps: 720 | Reward:   64.26 | Battery:  78.29% | Loss: N/A (PSO)
Placing Sensors
[Episode 40/1000] Steps: 720 | Reward:  -93.57 | Battery:  30.84% | Loss: N/A (PSO)
Placing Sensors
[Episode 41/1000] Steps: 720 | Reward:   64.87 | Battery:  77.94% | Loss: N/A (PSO)
Placing Sensors
[Episode 42/1000] Steps: 720 | Reward:   65.03 | Battery:  78.34% | Loss: N/A (PSO)
Placing Sensors
[Episode 43/1000] Steps: 720 | Reward:  -47.23 | Battery:  35.42% | Loss: N/A (PSO)
Placing Sensors
[Episode 44/1000] Steps: 720 | Reward:   49.95 | Battery:  78.83% | Loss: N/A (PSO)
Placing Sensors
[Episode 45/1000] Steps: 720 | Reward:   -9.75 | Battery:  68.24% | Loss: N/A (PSO)
Placing Sensors
[Episode 46/1000] Steps: 720 | Reward:   44.84 | Battery:  78.64% | Loss: N/A (PSO)
Placing Sensors
[Episode 47/1000] Steps: 720 | Reward:  -63.67 | Battery:  37.20% | Loss: N/A (PSO)
Placing Sensors
[Episode 48/1000] Steps: 720 | Reward: -110.98 | Battery:  19.63% | Loss: N/A (PSO)
Placing Sensors
[Episode 49/1000] Steps: 720 | Reward:   61.42 | Battery:  77.98% | Loss: N/A (PSO)
Placing Sensors
[Episode 50/1000] Steps: 720 | Reward:   12.77 | Battery:  75.27% | Loss: N/A (PSO)
Placing Sensors
[Episode 51/1000] Steps: 720 | Reward:   50.60 | Battery:  78.49% | Loss: N/A (PSO)
Placing Sensors
[Episode 52/1000] Steps: 720 | Reward: -126.77 | Battery:  20.81% | Loss: N/A (PSO)
Placing Sensors
[Episode 53/1000] Steps: 720 | Reward:   64.12 | Battery:  78.28% | Loss: N/A (PSO)
Placing Sensors
[Episode 54/1000] Steps: 720 | Reward:   69.53 | Battery:  78.33% | Loss: N/A (PSO)
Placing Sensors
[Episode 55/1000] Steps: 720 | Reward:  -94.18 | Battery:  38.45% | Loss: N/A (PSO)
Placing Sensors
[Episode 56/1000] Steps: 720 | Reward:   69.66 | Battery:  77.98% | Loss: N/A (PSO)
Placing Sensors
[Episode 57/1000] Steps: 720 | Reward: -100.49 | Battery:  18.63% | Loss: N/A (PSO)
Placing Sensors
[Episode 58/1000] Steps: 720 | Reward:  -73.05 | Battery:  36.21% | Loss: N/A (PSO)
Placing Sensors
[Episode 59/1000] Steps: 720 | Reward:   19.09 | Battery:  77.99% | Loss: N/A (PSO)
Placing Sensors
[Episode 60/1000] Steps: 720 | Reward:  -50.45 | Battery:  35.37% | Loss: N/A (PSO)
Placing Sensors
[Episode 61/1000] Steps: 720 | Reward: -127.21 | Battery:  28.87% | Loss: N/A (PSO)
Placing Sensors
[Episode 62/1000] Steps: 720 | Reward:  -64.10 | Battery:  36.17% | Loss: N/A (PSO)
Placing Sensors
[Episode 63/1000] Steps: 720 | Reward:   29.04 | Battery:  78.98% | Loss: N/A (PSO)
Placing Sensors
[Episode 64/1000] Steps: 720 | Reward:   66.02 | Battery:  78.28% | Loss: N/A (PSO)
Placing Sensors
[Episode 65/1000] Steps: 720 | Reward:   68.36 | Battery:  77.94% | Loss: N/A (PSO)
Placing Sensors
[Episode 66/1000] Steps: 720 | Reward: -119.80 | Battery:  20.09% | Loss: N/A (PSO)
Placing Sensors
[Episode 67/1000] Steps: 720 | Reward:  -51.56 | Battery:  35.42% | Loss: N/A (PSO)
Placing Sensors
[Episode 68/1000] Steps: 720 | Reward:   31.82 | Battery:  79.30% | Loss: N/A (PSO)
Placing Sensors
[Episode 69/1000] Steps: 720 | Reward:   65.73 | Battery:  78.34% | Loss: N/A (PSO)
Placing Sensors
[Episode 70/1000] Steps: 720 | Reward:  -96.51 | Battery:  33.08% | Loss: N/A (PSO)
Placing Sensors
[Episode 71/1000] Steps: 720 | Reward:   47.76 | Battery:  78.52% | Loss: N/A (PSO)
Placing Sensors
[Episode 72/1000] Steps: 720 | Reward:   64.80 | Battery:  77.92% | Loss: N/A (PSO)
Placing Sensors
[Episode 73/1000] Steps: 720 | Reward: -131.72 | Battery:  25.70% | Loss: N/A (PSO)
Placing Sensors
[Episode 74/1000] Steps: 720 | Reward:   65.26 | Battery:  78.29% | Loss: N/A (PSO)
Placing Sensors
[Episode 75/1000] Steps: 720 | Reward:   20.45 | Battery:  77.73% | Loss: N/A (PSO)
Placing Sensors
[Episode 76/1000] Steps: 720 | Reward:  -80.62 | Battery:  29.14% | Loss: N/A (PSO)
Placing Sensors
[Episode 77/1000] Steps: 720 | Reward:  -62.71 | Battery:  35.81% | Loss: N/A (PSO)
Placing Sensors
[Episode 78/1000] Steps: 720 | Reward: -124.45 | Battery:  20.50% | Loss: N/A (PSO)
Placing Sensors
[Episode 79/1000] Steps: 720 | Reward:  -58.92 | Battery:  36.15% | Loss: N/A (PSO)
Placing Sensors
[Episode 80/1000] Steps: 720 | Reward:  -48.96 | Battery:  35.43% | Loss: N/A (PSO)
Placing Sensors
[Episode 81/1000] Steps: 720 | Reward:   67.70 | Battery:  78.29% | Loss: N/A (PSO)
Placing Sensors
[Episode 82/1000] Steps: 720 | Reward:   70.54 | Battery:  77.98% | Loss: N/A (PSO)
Placing Sensors
[Episode 83/1000] Steps: 720 | Reward:   68.02 | Battery:  78.34% | Loss: N/A (PSO)
Placing Sensors
[Episode 84/1000] Steps: 720 | Reward:   34.83 | Battery:  77.97% | Loss: N/A (PSO)
Placing Sensors
[Episode 85/1000] Steps: 720 | Reward:   50.23 | Battery:  78.97% | Loss: N/A (PSO)
Placing Sensors
[Episode 86/1000] Steps: 720 | Reward:   61.28 | Battery:  77.98% | Loss: N/A (PSO)
Placing Sensors
[Episode 87/1000] Steps: 720 | Reward: -110.77 | Battery:  19.71% | Loss: N/A (PSO)
Placing Sensors
[Episode 88/1000] Steps: 720 | Reward:   64.65 | Battery:  77.55% | Loss: N/A (PSO)
Placing Sensors
[Episode 89/1000] Steps: 720 | Reward:  -67.79 | Battery:  36.69% | Loss: N/A (PSO)
Placing Sensors
[Episode 90/1000] Steps: 720 | Reward:  -55.04 | Battery:  35.90% | Loss: N/A (PSO)
Placing Sensors
[Episode 91/1000] Steps: 720 | Reward:   65.56 | Battery:  77.94% | Loss: N/A (PSO)
Placing Sensors
[Episode 92/1000] Steps: 720 | Reward:  -83.48 | Battery:  24.77% | Loss: N/A (PSO)
Placing Sensors
[Episode 93/1000] Steps: 720 | Reward:   68.20 | Battery:  78.29% | Loss: N/A (PSO)
Placing Sensors
[Episode 94/1000] Steps: 720 | Reward:   53.80 | Battery:  78.33% | Loss: N/A (PSO)
Placing Sensors
[Episode 95/1000] Steps: 720 | Reward:   67.62 | Battery:  78.28% | Loss: N/A (PSO)
Placing Sensors
[Episode 96/1000] Steps: 720 | Reward:  -17.58 | Battery:  78.71% | Loss: N/A (PSO)
Placing Sensors
[Episode 97/1000] Steps: 720 | Reward:   52.18 | Battery:  78.83% | Loss: N/A (PSO)
Placing Sensors
[Episode 98/1000] Steps: 720 | Reward: -104.45 | Battery:  18.79% | Loss: N/A (PSO)
Placing Sensors
[Episode 99/1000] Steps: 720 | Reward: -145.55 | Battery:  26.08% | Loss: N/A (PSO)
Placing Sensors
[Episode 100/1000] Steps: 720 | Reward:  -80.12 | Battery:  37.66% | Loss: N/A (PSO)
Placing Sensors
[Episode 101/1000] Steps: 720 | Reward:   64.38 | Battery:  77.92% | Loss: N/A (PSO)
Placing Sensors
[Episode 102/1000] Steps: 720 | Reward:   69.72 | Battery:  78.34% | Loss: N/A (PSO)
Placing Sensors
[Episode 103/1000] Steps: 720 | Reward: -111.99 | Battery:  19.23% | Loss: N/A (PSO)
Placing Sensors
[Episode 104/1000] Steps: 720 | Reward:   52.31 | Battery:  78.29% | Loss: N/A (PSO)
Placing Sensors
[Episode 105/1000] Steps: 720 | Reward:   38.36 | Battery:  78.65% | Loss: N/A (PSO)
Placing Sensors
[Episode 106/1000] Steps: 720 | Reward:  -64.45 | Battery:  36.04% | Loss: N/A (PSO)
Placing Sensors
[Episode 107/1000] Steps: 720 | Reward:   69.43 | Battery:  78.34% | Loss: N/A (PSO)
Placing Sensors
[Episode 108/1000] Steps: 720 | Reward: -105.66 | Battery:  32.74% | Loss: N/A (PSO)
Placing Sensors
[Episode 109/1000] Steps: 720 | Reward:   47.73 | Battery:  77.69% | Loss: N/A (PSO)
Placing Sensors
[Episode 110/1000] Steps: 720 | Reward: -124.60 | Battery:  20.25% | Loss: N/A (PSO)
Placing Sensors
[Episode 111/1000] Steps: 720 | Reward: -141.72 | Battery:  21.67% | Loss: N/A (PSO)
Placing Sensors
[Episode 112/1000] Steps: 720 | Reward:   68.04 | Battery:  78.51% | Loss: N/A (PSO)
Placing Sensors
[Episode 113/1000] Steps: 720 | Reward:   68.98 | Battery:  78.34% | Loss: N/A (PSO)
Placing Sensors
[Episode 114/1000] Steps: 720 | Reward:  -47.67 | Battery:  35.54% | Loss: N/A (PSO)
Placing Sensors
[Episode 115/1000] Steps: 720 | Reward: -147.49 | Battery:  22.00% | Loss: N/A (PSO)
Placing Sensors
[Episode 116/1000] Steps: 720 | Reward:   67.80 | Battery:  78.29% | Loss: N/A (PSO)
Placing Sensors
[Episode 117/1000] Steps: 720 | Reward: -118.14 | Battery:  19.46% | Loss: N/A (PSO)
Placing Sensors
[Episode 118/1000] Steps: 720 | Reward:   66.00 | Battery:  77.93% | Loss: N/A (PSO)
Placing Sensors
[Episode 119/1000] Steps: 720 | Reward:   31.69 | Battery:  78.27% | Loss: N/A (PSO)
Placing Sensors
[Episode 120/1000] Steps: 720 | Reward:   45.62 | Battery:  78.29% | Loss: N/A (PSO)
Placing Sensors
[Episode 121/1000] Steps: 720 | Reward:   63.34 | Battery:  78.40% | Loss: N/A (PSO)
Placing Sensors
[Episode 122/1000] Steps: 720 | Reward:  -89.04 | Battery:  18.72% | Loss: N/A (PSO)
Placing Sensors
[Episode 123/1000] Steps: 720 | Reward:  -95.01 | Battery:  38.64% | Loss: N/A (PSO)
Placing Sensors
[Episode 124/1000] Steps: 720 | Reward:  -56.83 | Battery:  35.81% | Loss: N/A (PSO)
Placing Sensors
[Episode 125/1000] Steps: 720 | Reward: -115.36 | Battery:  19.55% | Loss: N/A (PSO)
Placing Sensors
[Episode 126/1000] Steps: 720 | Reward:   62.22 | Battery:  78.53% | Loss: N/A (PSO)
Placing Sensors
[Episode 127/1000] Steps: 720 | Reward:   64.85 | Battery:  78.29% | Loss: N/A (PSO)
Placing Sensors
[Episode 128/1000] Steps: 720 | Reward: -112.90 | Battery:  20.02% | Loss: N/A (PSO)
Placing Sensors
[Episode 129/1000] Steps: 720 | Reward:  -58.14 | Battery:  36.19% | Loss: N/A (PSO)
Placing Sensors
[Episode 130/1000] Steps: 720 | Reward:   69.72 | Battery:  77.93% | Loss: N/A (PSO)
Placing Sensors
[Episode 131/1000] Steps: 720 | Reward:   54.82 | Battery:  78.13% | Loss: N/A (PSO)
Placing Sensors
[Episode 132/1000] Steps: 720 | Reward:  -15.85 | Battery:  65.70% | Loss: N/A (PSO)
Placing Sensors
[Episode 133/1000] Steps: 720 | Reward:   17.85 | Battery:  78.31% | Loss: N/A (PSO)
Placing Sensors
[Episode 134/1000] Steps: 720 | Reward:   69.19 | Battery:  78.28% | Loss: N/A (PSO)
Placing Sensors
[Episode 135/1000] Steps: 720 | Reward:   44.82 | Battery:  78.81% | Loss: N/A (PSO)
Placing Sensors
[Episode 136/1000] Steps: 720 | Reward:  -48.83 | Battery:  35.29% | Loss: N/A (PSO)
Placing Sensors
[Episode 137/1000] Steps: 720 | Reward:   35.36 | Battery:  78.74% | Loss: N/A (PSO)
Placing Sensors
[Episode 138/1000] Steps: 720 | Reward:  -70.58 | Battery:  36.85% | Loss: N/A (PSO)
Placing Sensors
[Episode 139/1000] Steps: 720 | Reward: -132.86 | Battery:  20.72% | Loss: N/A (PSO)
Placing Sensors
[Episode 140/1000] Steps: 720 | Reward:  -96.11 | Battery:  34.21% | Loss: N/A (PSO)
Placing Sensors
[Episode 141/1000] Steps: 720 | Reward:   66.86 | Battery:  77.94% | Loss: N/A (PSO)
Placing Sensors
[Episode 142/1000] Steps: 720 | Reward:   68.18 | Battery:  78.28% | Loss: N/A (PSO)
Placing Sensors
[Episode 143/1000] Steps: 720 | Reward:   63.55 | Battery:  78.48% | Loss: N/A (PSO)
Placing Sensors
[Episode 144/1000] Steps: 720 | Reward:  -98.70 | Battery:  18.35% | Loss: N/A (PSO)
Placing Sensors
[Episode 145/1000] Steps: 720 | Reward:   67.30 | Battery:  78.28% | Loss: N/A (PSO)
Placing Sensors
[Episode 146/1000] Steps: 720 | Reward:   68.35 | Battery:  78.34% | Loss: N/A (PSO)
Placing Sensors
[Episode 147/1000] Steps: 720 | Reward: -148.34 | Battery:  21.93% | Loss: N/A (PSO)
Placing Sensors
[Episode 148/1000] Steps: 720 | Reward: -102.29 | Battery:  18.26% | Loss: N/A (PSO)
Placing Sensors
[Episode 149/1000] Steps: 720 | Reward:   39.44 | Battery:  77.98% | Loss: N/A (PSO)
Placing Sensors
[Episode 150/1000] Steps: 720 | Reward:    9.67 | Battery:  71.59% | Loss: N/A (PSO)
Placing Sensors
[Episode 151/1000] Steps: 720 | Reward:   66.93 | Battery:  78.29% | Loss: N/A (PSO)
Placing Sensors
[Episode 152/1000] Steps: 720 | Reward:   62.47 | Battery:  78.16% | Loss: N/A (PSO)
Placing Sensors
[Episode 153/1000] Steps: 720 | Reward:   60.42 | Battery:  78.43% | Loss: N/A (PSO)
Placing Sensors
[Episode 154/1000] Steps: 720 | Reward:   64.77 | Battery:  78.41% | Loss: N/A (PSO)
Placing Sensors
[Episode 155/1000] Steps: 720 | Reward:   60.68 | Battery:  77.70% | Loss: N/A (PSO)
Placing Sensors
[Episode 156/1000] Steps: 720 | Reward:   37.12 | Battery:  77.56% | Loss: N/A (PSO)
Placing Sensors
[Episode 157/1000] Steps: 720 | Reward:   68.04 | Battery:  78.29% | Loss: N/A (PSO)
Placing Sensors
[Episode 158/1000] Steps: 720 | Reward:   51.27 | Battery:  78.90% | Loss: N/A (PSO)
Placing Sensors
[Episode 159/1000] Steps: 720 | Reward:   23.27 | Battery:  67.82% | Loss: N/A (PSO)
Placing Sensors
[Episode 160/1000] Steps: 720 | Reward:   14.97 | Battery:  78.87% | Loss: N/A (PSO)
Placing Sensors
[Episode 161/1000] Steps: 720 | Reward:   47.84 | Battery:  78.52% | Loss: N/A (PSO)
Placing Sensors
[Episode 162/1000] Steps: 720 | Reward:  -52.77 | Battery:  35.80% | Loss: N/A (PSO)
Placing Sensors
[Episode 163/1000] Steps: 720 | Reward:   53.25 | Battery:  78.01% | Loss: N/A (PSO)
Placing Sensors
[Episode 164/1000] Steps: 720 | Reward:   70.11 | Battery:  78.29% | Loss: N/A (PSO)
Placing Sensors
[Episode 165/1000] Steps: 720 | Reward:  -49.17 | Battery:  35.42% | Loss: N/A (PSO)
Placing Sensors
[Episode 166/1000] Steps: 720 | Reward:   10.66 | Battery:  78.19% | Loss: N/A (PSO)
Placing Sensors
[Episode 167/1000] Steps: 720 | Reward:   52.55 | Battery:  78.34% | Loss: N/A (PSO)
Placing Sensors
[Episode 168/1000] Steps: 720 | Reward:  -83.30 | Battery:  34.74% | Loss: N/A (PSO)
Placing Sensors
[Episode 169/1000] Steps: 720 | Reward:   64.26 | Battery:  78.63% | Loss: N/A (PSO)
Placing Sensors
[Episode 170/1000] Steps: 720 | Reward:   -8.79 | Battery:  75.78% | Loss: N/A (PSO)
Placing Sensors
[Episode 171/1000] Steps: 720 | Reward:   60.98 | Battery:  78.08% | Loss: N/A (PSO)
Placing Sensors
[Episode 172/1000] Steps: 720 | Reward:   52.31 | Battery:  78.01% | Loss: N/A (PSO)
Placing Sensors
[Episode 173/1000] Steps: 720 | Reward:   36.05 | Battery:  78.65% | Loss: N/A (PSO)
Placing Sensors
[Episode 174/1000] Steps: 720 | Reward:  -52.73 | Battery:  35.54% | Loss: N/A (PSO)
Placing Sensors
[Episode 175/1000] Steps: 720 | Reward:   52.00 | Battery:  78.38% | Loss: N/A (PSO)
Placing Sensors
[Episode 176/1000] Steps: 720 | Reward: -128.83 | Battery:  20.57% | Loss: N/A (PSO)
Placing Sensors
[Episode 177/1000] Steps: 720 | Reward: -125.30 | Battery:  20.37% | Loss: N/A (PSO)
Placing Sensors
[Episode 178/1000] Steps: 720 | Reward: -105.62 | Battery:  19.48% | Loss: N/A (PSO)
Placing Sensors
[Episode 179/1000] Steps: 720 | Reward:   34.28 | Battery:  79.21% | Loss: N/A (PSO)
Placing Sensors
[Episode 180/1000] Steps: 720 | Reward:   66.48 | Battery:  77.39% | Loss: N/A (PSO)
Placing Sensors
[Episode 181/1000] Steps: 720 | Reward:   69.12 | Battery:  78.28% | Loss: N/A (PSO)
Placing Sensors
[Episode 182/1000] Steps: 720 | Reward:   43.71 | Battery:  78.55% | Loss: N/A (PSO)
Placing Sensors
[Episode 183/1000] Steps: 720 | Reward: -124.43 | Battery:  20.39% | Loss: N/A (PSO)
Placing Sensors
[Episode 184/1000] Steps: 720 | Reward:   67.10 | Battery:  78.28% | Loss: N/A (PSO)
Placing Sensors
[Episode 185/1000] Steps: 720 | Reward:  -53.45 | Battery:  35.43% | Loss: N/A (PSO)
Placing Sensors
[Episode 186/1000] Steps: 720 | Reward:  -59.92 | Battery:  35.79% | Loss: N/A (PSO)
Placing Sensors
[Episode 187/1000] Steps: 720 | Reward:   65.99 | Battery:  78.05% | Loss: N/A (PSO)
Placing Sensors
[Episode 188/1000] Steps: 720 | Reward: -157.07 | Battery:  22.66% | Loss: N/A (PSO)
Placing Sensors
[Episode 189/1000] Steps: 720 | Reward:   63.54 | Battery:  77.92% | Loss: N/A (PSO)
Placing Sensors
[Episode 190/1000] Steps: 720 | Reward:  -58.77 | Battery:  35.92% | Loss: N/A (PSO)
Placing Sensors
[Episode 191/1000] Steps: 720 | Reward:   66.10 | Battery:  78.28% | Loss: N/A (PSO)
Placing Sensors
[Episode 192/1000] Steps: 720 | Reward:   65.22 | Battery:  77.98% | Loss: N/A (PSO)
Placing Sensors
[Episode 193/1000] Steps: 720 | Reward:   66.60 | Battery:  78.29% | Loss: N/A (PSO)
Placing Sensors
[Episode 194/1000] Steps: 720 | Reward:   63.69 | Battery:  78.34% | Loss: N/A (PSO)
Placing Sensors
[Episode 195/1000] Steps: 720 | Reward:  -48.31 | Battery:  35.29% | Loss: N/A (PSO)
Placing Sensors
[Episode 196/1000] Steps: 720 | Reward:   21.17 | Battery:  78.71% | Loss: N/A (PSO)
Placing Sensors
[Episode 197/1000] Steps: 720 | Reward:   -0.99 | Battery:  77.41% | Loss: N/A (PSO)
Placing Sensors
[Episode 198/1000] Steps: 720 | Reward:  -57.55 | Battery:  36.08% | Loss: N/A (PSO)
Placing Sensors
[Episode 199/1000] Steps: 720 | Reward:   60.43 | Battery:  78.64% | Loss: N/A (PSO)
Placing Sensors
[Episode 200/1000] Steps: 720 | Reward:   23.35 | Battery:  78.88% | Loss: N/A (PSO)
Placing Sensors
[Episode 201/1000] Steps: 720 | Reward:   69.69 | Battery:  78.34% | Loss: N/A (PSO)
Placing Sensors
[Episode 202/1000] Steps: 720 | Reward:  -96.92 | Battery:  48.24% | Loss: N/A (PSO)
Placing Sensors
[Episode 203/1000] Steps: 720 | Reward:   69.58 | Battery:  77.92% | Loss: N/A (PSO)
Placing Sensors
[Episode 204/1000] Steps: 720 | Reward:    6.25 | Battery:  78.47% | Loss: N/A (PSO)
Placing Sensors
[Episode 205/1000] Steps: 720 | Reward:   68.22 | Battery:  78.28% | Loss: N/A (PSO)
Placing Sensors
[Episode 206/1000] Steps: 720 | Reward:   68.58 | Battery:  78.34% | Loss: N/A (PSO)
Placing Sensors
[Episode 207/1000] Steps: 720 | Reward:   66.68 | Battery:  78.50% | Loss: N/A (PSO)
Placing Sensors
[Episode 208/1000] Steps: 720 | Reward:   68.05 | Battery:  77.43% | Loss: N/A (PSO)
Placing Sensors
[Episode 209/1000] Steps: 720 | Reward:   29.22 | Battery:  78.66% | Loss: N/A (PSO)
Placing Sensors
[Episode 210/1000] Steps: 720 | Reward:   34.75 | Battery:  77.97% | Loss: N/A (PSO)
Placing Sensors
[Episode 211/1000] Steps: 720 | Reward:   61.41 | Battery:  78.88% | Loss: N/A (PSO)
Placing Sensors
[Episode 212/1000] Steps: 720 | Reward:  -60.18 | Battery:  35.97% | Loss: N/A (PSO)
Placing Sensors
[Episode 213/1000] Steps: 720 | Reward:   50.96 | Battery:  78.17% | Loss: N/A (PSO)
Placing Sensors
[Episode 214/1000] Steps: 720 | Reward:   51.91 | Battery:  77.91% | Loss: N/A (PSO)
Placing Sensors
[Episode 215/1000] Steps: 720 | Reward:  -63.16 | Battery:  36.11% | Loss: N/A (PSO)
Placing Sensors
[Episode 216/1000] Steps: 720 | Reward:   45.51 | Battery:  78.42% | Loss: N/A (PSO)
Placing Sensors
[Episode 217/1000] Steps: 720 | Reward:   64.75 | Battery:  78.01% | Loss: N/A (PSO)
Placing Sensors
[Episode 218/1000] Steps: 720 | Reward:  -85.42 | Battery:  37.15% | Loss: N/A (PSO)
Placing Sensors
[Episode 219/1000] Steps: 720 | Reward:   45.42 | Battery:  78.80% | Loss: N/A (PSO)
Placing Sensors
[Episode 220/1000] Steps: 720 | Reward:  -82.34 | Battery:  17.93% | Loss: N/A (PSO)
Placing Sensors
[Episode 221/1000] Steps: 720 | Reward: -157.24 | Battery:  40.89% | Loss: N/A (PSO)
Placing Sensors
[Episode 222/1000] Steps: 720 | Reward:   58.11 | Battery:  78.28% | Loss: N/A (PSO)
Placing Sensors
[Episode 223/1000] Steps: 720 | Reward:   72.57 | Battery:  78.28% | Loss: N/A (PSO)
Placing Sensors
[Episode 224/1000] Steps: 720 | Reward:   69.55 | Battery:  78.28% | Loss: N/A (PSO)
Placing Sensors
[Episode 225/1000] Steps: 720 | Reward:   34.38 | Battery:  78.51% | Loss: N/A (PSO)
Placing Sensors
[Episode 226/1000] Steps: 720 | Reward: -121.41 | Battery:  19.39% | Loss: N/A (PSO)
Placing Sensors
[Episode 227/1000] Steps: 720 | Reward:  -65.14 | Battery:  35.81% | Loss: N/A (PSO)
Placing Sensors
[Episode 228/1000] Steps: 720 | Reward: -135.30 | Battery:  21.35% | Loss: N/A (PSO)
Placing Sensors
[Episode 229/1000] Steps: 720 | Reward:   68.45 | Battery:  77.94% | Loss: N/A (PSO)
Placing Sensors
[Episode 230/1000] Steps: 720 | Reward:   20.05 | Battery:  77.55% | Loss: N/A (PSO)
Placing Sensors
[Episode 231/1000] Steps: 720 | Reward: -109.17 | Battery:  18.76% | Loss: N/A (PSO)
Placing Sensors
[Episode 232/1000] Steps: 720 | Reward:   36.50 | Battery:  78.89% | Loss: N/A (PSO)
Placing Sensors
[Episode 233/1000] Steps: 720 | Reward:  -61.82 | Battery:  35.80% | Loss: N/A (PSO)
Placing Sensors
[Episode 234/1000] Steps: 720 | Reward:   19.26 | Battery:  78.09% | Loss: N/A (PSO)
Placing Sensors
[Episode 235/1000] Steps: 720 | Reward:   51.20 | Battery:  78.56% | Loss: N/A (PSO)
Placing Sensors
[Episode 236/1000] Steps: 720 | Reward:  -63.47 | Battery:  36.24% | Loss: N/A (PSO)
Placing Sensors
[Episode 237/1000] Steps: 720 | Reward:   36.86 | Battery:  78.87% | Loss: N/A (PSO)
Placing Sensors
[Episode 238/1000] Steps: 720 | Reward:   43.73 | Battery:  77.36% | Loss: N/A (PSO)
Placing Sensors
[Episode 239/1000] Steps: 720 | Reward: -123.99 | Battery:  20.62% | Loss: N/A (PSO)
Placing Sensors
[Episode 240/1000] Steps: 720 | Reward:   65.82 | Battery:  78.28% | Loss: N/A (PSO)
Placing Sensors
[Episode 241/1000] Steps: 720 | Reward:  -73.93 | Battery:  31.06% | Loss: N/A (PSO)
Placing Sensors
[Episode 242/1000] Steps: 720 | Reward:  -59.52 | Battery:  35.07% | Loss: N/A (PSO)
Placing Sensors
[Episode 243/1000] Steps: 720 | Reward:  -67.19 | Battery:  36.74% | Loss: N/A (PSO)
Placing Sensors
[Episode 244/1000] Steps: 720 | Reward:   51.41 | Battery:  78.33% | Loss: N/A (PSO)
Placing Sensors
[Episode 245/1000] Steps: 720 | Reward:   27.48 | Battery:  78.84% | Loss: N/A (PSO)
Placing Sensors
[Episode 246/1000] Steps: 720 | Reward:  -54.71 | Battery:  76.17% | Loss: N/A (PSO)
Placing Sensors
[Episode 247/1000] Steps: 720 | Reward:   62.24 | Battery:  78.96% | Loss: N/A (PSO)
Placing Sensors
[Episode 248/1000] Steps: 720 | Reward:   52.88 | Battery:  78.33% | Loss: N/A (PSO)
Placing Sensors
[Episode 249/1000] Steps: 720 | Reward: -226.08 | Battery:  26.92% | Loss: N/A (PSO)
Placing Sensors
[Episode 250/1000] Steps: 720 | Reward:   59.63 | Battery:  78.81% | Loss: N/A (PSO)
Placing Sensors
[Episode 251/1000] Steps: 720 | Reward:   64.14 | Battery:  77.94% | Loss: N/A (PSO)
Placing Sensors
[Episode 252/1000] Steps: 720 | Reward:  -47.67 | Battery:  35.54% | Loss: N/A (PSO)
Placing Sensors
[Episode 253/1000] Steps: 720 | Reward:   15.38 | Battery:  78.90% | Loss: N/A (PSO)
Placing Sensors
[Episode 254/1000] Steps: 720 | Reward:   64.08 | Battery:  77.98% | Loss: N/A (PSO)
Placing Sensors
[Episode 255/1000] Steps: 720 | Reward:   68.60 | Battery:  78.29% | Loss: N/A (PSO)
Placing Sensors
[Episode 256/1000] Steps: 720 | Reward:   41.67 | Battery:  78.92% | Loss: N/A (PSO)
Placing Sensors
[Episode 257/1000] Steps: 720 | Reward:   63.36 | Battery:  78.38% | Loss: N/A (PSO)
Placing Sensors
[Episode 258/1000] Steps: 720 | Reward:   63.94 | Battery:  78.29% | Loss: N/A (PSO)
Placing Sensors
[Episode 259/1000] Steps: 720 | Reward:   63.03 | Battery:  78.51% | Loss: N/A (PSO)
Placing Sensors
[Episode 260/1000] Steps: 720 | Reward:   67.02 | Battery:  77.94% | Loss: N/A (PSO)
Placing Sensors
[Episode 261/1000] Steps: 720 | Reward:   68.09 | Battery:  78.29% | Loss: N/A (PSO)
Placing Sensors
[Episode 262/1000] Steps: 720 | Reward:   67.82 | Battery:  78.28% | Loss: N/A (PSO)
Placing Sensors
[Episode 263/1000] Steps: 720 | Reward:    2.60 | Battery:  70.56% | Loss: N/A (PSO)
Placing Sensors
[Episode 264/1000] Steps: 720 | Reward:   65.04 | Battery:  78.36% | Loss: N/A (PSO)
Placing Sensors
[Episode 265/1000] Steps: 720 | Reward:   69.37 | Battery:  78.28% | Loss: N/A (PSO)
Placing Sensors
[Episode 266/1000] Steps: 720 | Reward:   36.42 | Battery:  78.85% | Loss: N/A (PSO)
Placing Sensors
[Episode 267/1000] Steps: 720 | Reward:   66.20 | Battery:  78.34% | Loss: N/A (PSO)
Placing Sensors
[Episode 268/1000] Steps: 720 | Reward:   58.51 | Battery:  78.76% | Loss: N/A (PSO)
Placing Sensors
[Episode 269/1000] Steps: 720 | Reward:   50.79 | Battery:  78.33% | Loss: N/A (PSO)
Placing Sensors
[Episode 270/1000] Steps: 720 | Reward:   67.90 | Battery:  77.43% | Loss: N/A (PSO)
Placing Sensors
[Episode 271/1000] Steps: 720 | Reward:   60.73 | Battery:  78.94% | Loss: N/A (PSO)
Placing Sensors
[Episode 272/1000] Steps: 720 | Reward:   65.52 | Battery:  78.28% | Loss: N/A (PSO)
Placing Sensors
[Episode 273/1000] Steps: 720 | Reward:   55.51 | Battery:  78.89% | Loss: N/A (PSO)
Placing Sensors
[Episode 274/1000] Steps: 720 | Reward:   70.98 | Battery:  77.92% | Loss: N/A (PSO)
Placing Sensors
[Episode 275/1000] Steps: 720 | Reward:   54.29 | Battery:  78.59% | Loss: N/A (PSO)
Placing Sensors
[Episode 276/1000] Steps: 720 | Reward: -144.96 | Battery:  21.64% | Loss: N/A (PSO)
Placing Sensors
[Episode 277/1000] Steps: 720 | Reward:   68.99 | Battery:  78.28% | Loss: N/A (PSO)
Placing Sensors
[Episode 278/1000] Steps: 720 | Reward:   66.01 | Battery:  78.34% | Loss: N/A (PSO)
Placing Sensors
[Episode 279/1000] Steps: 720 | Reward:   64.82 | Battery:  78.34% | Loss: N/A (PSO)
Placing Sensors
[Episode 280/1000] Steps: 720 | Reward:   69.44 | Battery:  78.29% | Loss: N/A (PSO)
Placing Sensors
[Episode 281/1000] Steps: 720 | Reward:   45.59 | Battery:  78.55% | Loss: N/A (PSO)
Placing Sensors
[Episode 282/1000] Steps: 720 | Reward:  -52.27 | Battery:  35.29% | Loss: N/A (PSO)
Placing Sensors
[Episode 283/1000] Steps: 720 | Reward:  -57.94 | Battery:  35.56% | Loss: N/A (PSO)
Placing Sensors
[Episode 284/1000] Steps: 720 | Reward:   36.56 | Battery:  78.85% | Loss: N/A (PSO)
Placing Sensors
[Episode 285/1000] Steps: 720 | Reward:   34.61 | Battery:  78.70% | Loss: N/A (PSO)
Placing Sensors
[Episode 286/1000] Steps: 720 | Reward:   70.82 | Battery:  78.28% | Loss: N/A (PSO)
Placing Sensors
[Episode 287/1000] Steps: 720 | Reward:   65.46 | Battery:  77.94% | Loss: N/A (PSO)
Placing Sensors
[Episode 288/1000] Steps: 720 | Reward: -156.85 | Battery:  22.43% | Loss: N/A (PSO)
Placing Sensors
[Episode 289/1000] Steps: 720 | Reward:   46.24 | Battery:  76.44% | Loss: N/A (PSO)
Placing Sensors
[Episode 290/1000] Steps: 720 | Reward:   69.28 | Battery:  78.29% | Loss: N/A (PSO)
Placing Sensors
[Episode 291/1000] Steps: 720 | Reward:   62.53 | Battery:  78.29% | Loss: N/A (PSO)
Placing Sensors
[Episode 292/1000] Steps: 720 | Reward:   65.50 | Battery:  78.29% | Loss: N/A (PSO)
Placing Sensors
[Episode 293/1000] Steps: 720 | Reward:   51.01 | Battery:  77.45% | Loss: N/A (PSO)
Placing Sensors
[Episode 294/1000] Steps: 720 | Reward:  -70.03 | Battery:  37.16% | Loss: N/A (PSO)
Placing Sensors
[Episode 295/1000] Steps: 720 | Reward: -109.16 | Battery:  19.26% | Loss: N/A (PSO)
Placing Sensors
[Episode 296/1000] Steps: 720 | Reward:   41.26 | Battery:  78.23% | Loss: N/A (PSO)
Placing Sensors
[Episode 297/1000] Steps: 720 | Reward: -117.88 | Battery:  39.38% | Loss: N/A (PSO)
Placing Sensors
[Episode 298/1000] Steps: 720 | Reward:   59.67 | Battery:  78.72% | Loss: N/A (PSO)
Placing Sensors
[Episode 299/1000] Steps: 720 | Reward:   51.96 | Battery:  78.27% | Loss: N/A (PSO)
Placing Sensors
[Episode 300/1000] Steps: 720 | Reward:   70.31 | Battery:  78.01% | Loss: N/A (PSO)
Placing Sensors
[Episode 301/1000] Steps: 720 | Reward:   66.41 | Battery:  78.29% | Loss: N/A (PSO)
Placing Sensors
[Episode 302/1000] Steps: 720 | Reward:  -59.87 | Battery:  36.23% | Loss: N/A (PSO)
Placing Sensors
[Episode 303/1000] Steps: 720 | Reward:  -47.06 | Battery:  35.42% | Loss: N/A (PSO)
Placing Sensors
[Episode 304/1000] Steps: 720 | Reward:   69.35 | Battery:  78.29% | Loss: N/A (PSO)
Placing Sensors
[Episode 305/1000] Steps: 720 | Reward:   63.92 | Battery:  78.49% | Loss: N/A (PSO)
Placing Sensors
[Episode 306/1000] Steps: 720 | Reward:   49.34 | Battery:  78.52% | Loss: N/A (PSO)
Placing Sensors
[Episode 307/1000] Steps: 720 | Reward:   56.87 | Battery:  78.55% | Loss: N/A (PSO)
Placing Sensors
[Episode 308/1000] Steps: 720 | Reward:   65.72 | Battery:  78.28% | Loss: N/A (PSO)
Placing Sensors
[Episode 309/1000] Steps: 720 | Reward:   68.30 | Battery:  78.34% | Loss: N/A (PSO)
Placing Sensors
[Episode 310/1000] Steps: 720 | Reward: -172.02 | Battery:  40.51% | Loss: N/A (PSO)
Placing Sensors
[Episode 311/1000] Steps: 720 | Reward:   49.01 | Battery:  77.45% | Loss: N/A (PSO)
Placing Sensors
[Episode 312/1000] Steps: 720 | Reward:   65.42 | Battery:  78.34% | Loss: N/A (PSO)
Placing Sensors
[Episode 313/1000] Steps: 720 | Reward:   69.46 | Battery:  78.34% | Loss: N/A (PSO)
Placing Sensors
[Episode 314/1000] Steps: 720 | Reward:   69.24 | Battery:  78.28% | Loss: N/A (PSO)
Placing Sensors
[Episode 315/1000] Steps: 720 | Reward:   67.45 | Battery:  78.28% | Loss: N/A (PSO)
Placing Sensors
[Episode 316/1000] Steps: 720 | Reward:   49.89 | Battery:  77.98% | Loss: N/A (PSO)
Placing Sensors
[Episode 317/1000] Steps: 720 | Reward: -117.81 | Battery:  19.96% | Loss: N/A (PSO)
Placing Sensors
[Episode 318/1000] Steps: 720 | Reward:  -48.12 | Battery:  35.54% | Loss: N/A (PSO)
Placing Sensors
[Episode 319/1000] Steps: 720 | Reward:   68.25 | Battery:  78.35% | Loss: N/A (PSO)
Placing Sensors
[Episode 320/1000] Steps: 720 | Reward:   71.94 | Battery:  78.34% | Loss: N/A (PSO)
Placing Sensors
[Episode 321/1000] Steps: 720 | Reward:   65.08 | Battery:  78.64% | Loss: N/A (PSO)
Placing Sensors
[Episode 322/1000] Steps: 720 | Reward:    4.84 | Battery:  76.59% | Loss: N/A (PSO)
Placing Sensors
[Episode 323/1000] Steps: 720 | Reward:   68.45 | Battery:  78.28% | Loss: N/A (PSO)
Placing Sensors
[Episode 324/1000] Steps: 720 | Reward: -116.70 | Battery:  38.91% | Loss: N/A (PSO)
Placing Sensors
[Episode 325/1000] Steps: 720 | Reward:   65.36 | Battery:  78.29% | Loss: N/A (PSO)
Placing Sensors
[Episode 326/1000] Steps: 720 | Reward:   72.73 | Battery:  78.51% | Loss: N/A (PSO)
Placing Sensors
[Episode 327/1000] Steps: 720 | Reward:   33.40 | Battery:  78.03% | Loss: N/A (PSO)
Placing Sensors
[Episode 328/1000] Steps: 720 | Reward:   64.06 | Battery:  77.39% | Loss: N/A (PSO)
Placing Sensors
[Episode 329/1000] Steps: 720 | Reward:   60.79 | Battery:  76.46% | Loss: N/A (PSO)
Placing Sensors
[Episode 330/1000] Steps: 720 | Reward: -134.35 | Battery:  20.51% | Loss: N/A (PSO)
Placing Sensors
[Episode 331/1000] Steps: 720 | Reward:   43.84 | Battery:  78.07% | Loss: N/A (PSO)
Placing Sensors
[Episode 332/1000] Steps: 720 | Reward:  -52.51 | Battery:  35.42% | Loss: N/A (PSO)
Placing Sensors
[Episode 333/1000] Steps: 720 | Reward:   28.84 | Battery:  78.24% | Loss: N/A (PSO)
Placing Sensors
[Episode 334/1000] Steps: 720 | Reward:   67.28 | Battery:  78.29% | Loss: N/A (PSO)
Placing Sensors
[Episode 335/1000] Steps: 720 | Reward: -115.09 | Battery:  19.75% | Loss: N/A (PSO)
Placing Sensors
[Episode 336/1000] Steps: 720 | Reward:  -71.46 | Battery:  78.31% | Loss: N/A (PSO)
Placing Sensors
[Episode 337/1000] Steps: 720 | Reward:   63.25 | Battery:  78.90% | Loss: N/A (PSO)
Placing Sensors
[Episode 338/1000] Steps: 720 | Reward:   38.28 | Battery:  78.51% | Loss: N/A (PSO)
Placing Sensors
[Episode 339/1000] Steps: 720 | Reward:   60.84 | Battery:  78.65% | Loss: N/A (PSO)
Placing Sensors
[Episode 340/1000] Steps: 720 | Reward: -161.42 | Battery:  22.81% | Loss: N/A (PSO)
Placing Sensors
[Episode 341/1000] Steps: 720 | Reward:   51.41 | Battery:  78.88% | Loss: N/A (PSO)
Placing Sensors
[Episode 342/1000] Steps: 720 | Reward:   71.12 | Battery:  77.98% | Loss: N/A (PSO)
Placing Sensors
[Episode 343/1000] Steps: 720 | Reward:   57.16 | Battery:  78.96% | Loss: N/A (PSO)
Placing Sensors
[Episode 344/1000] Steps: 720 | Reward:   58.32 | Battery:  78.14% | Loss: N/A (PSO)
Placing Sensors
[Episode 345/1000] Steps: 720 | Reward:   58.94 | Battery:  78.66% | Loss: N/A (PSO)
Placing Sensors
[Episode 346/1000] Steps: 720 | Reward:   71.01 | Battery:  78.28% | Loss: N/A (PSO)
Placing Sensors
[Episode 347/1000] Steps: 720 | Reward:  -49.20 | Battery:  35.42% | Loss: N/A (PSO)
Placing Sensors
[Episode 348/1000] Steps: 720 | Reward: -149.52 | Battery:  22.01% | Loss: N/A (PSO)
Placing Sensors
[Episode 349/1000] Steps: 720 | Reward:   59.12 | Battery:  78.28% | Loss: N/A (PSO)
Placing Sensors
[Episode 350/1000] Steps: 720 | Reward:   61.72 | Battery:  77.94% | Loss: N/A (PSO)
Placing Sensors
[Episode 351/1000] Steps: 720 | Reward:   71.00 | Battery:  78.29% | Loss: N/A (PSO)
Placing Sensors
[Episode 352/1000] Steps: 720 | Reward:   63.53 | Battery:  78.29% | Loss: N/A (PSO)
Placing Sensors
[Episode 353/1000] Steps: 720 | Reward:   68.76 | Battery:  78.34% | Loss: N/A (PSO)
Placing Sensors
[Episode 354/1000] Steps: 720 | Reward:    9.57 | Battery:  71.43% | Loss: N/A (PSO)
Placing Sensors
[Episode 355/1000] Steps: 720 | Reward:   60.32 | Battery:  78.11% | Loss: N/A (PSO)
Placing Sensors
[Episode 356/1000] Steps: 720 | Reward:   46.25 | Battery:  78.86% | Loss: N/A (PSO)
Placing Sensors
[Episode 357/1000] Steps: 720 | Reward:  -64.84 | Battery:  36.22% | Loss: N/A (PSO)
Placing Sensors
[Episode 358/1000] Steps: 720 | Reward:   57.58 | Battery:  78.78% | Loss: N/A (PSO)
Placing Sensors
[Episode 359/1000] Steps: 720 | Reward:  -66.98 | Battery:  37.39% | Loss: N/A (PSO)
Placing Sensors
[Episode 360/1000] Steps: 720 | Reward:   62.77 | Battery:  78.88% | Loss: N/A (PSO)
Placing Sensors
[Episode 361/1000] Steps: 720 | Reward:   65.59 | Battery:  78.34% | Loss: N/A (PSO)
Placing Sensors
[Episode 362/1000] Steps: 720 | Reward:   66.62 | Battery:  78.34% | Loss: N/A (PSO)
Placing Sensors
[Episode 363/1000] Steps: 720 | Reward:   55.68 | Battery:  78.26% | Loss: N/A (PSO)
Placing Sensors
[Episode 364/1000] Steps: 720 | Reward:  -54.89 | Battery:  35.83% | Loss: N/A (PSO)
Placing Sensors
[Episode 365/1000] Steps: 720 | Reward:   66.86 | Battery:  78.29% | Loss: N/A (PSO)
Placing Sensors
[Episode 366/1000] Steps: 720 | Reward: -102.20 | Battery:  38.07% | Loss: N/A (PSO)
Placing Sensors
[Episode 367/1000] Steps: 720 | Reward:   68.50 | Battery:  78.01% | Loss: N/A (PSO)
Placing Sensors
[Episode 368/1000] Steps: 720 | Reward: -121.46 | Battery:  20.13% | Loss: N/A (PSO)
Placing Sensors
[Episode 369/1000] Steps: 720 | Reward:   67.50 | Battery:  78.01% | Loss: N/A (PSO)
Placing Sensors
[Episode 370/1000] Steps: 720 | Reward:  -61.49 | Battery:  36.62% | Loss: N/A (PSO)
Placing Sensors
[Episode 371/1000] Steps: 720 | Reward:  -52.65 | Battery:  35.42% | Loss: N/A (PSO)
Placing Sensors
[Episode 372/1000] Steps: 720 | Reward:   65.08 | Battery:  78.29% | Loss: N/A (PSO)
Placing Sensors
[Episode 373/1000] Steps: 720 | Reward:   23.33 | Battery:  78.86% | Loss: N/A (PSO)
Placing Sensors
[Episode 374/1000] Steps: 720 | Reward:   54.57 | Battery:  78.84% | Loss: N/A (PSO)
Placing Sensors
[Episode 375/1000] Steps: 720 | Reward: -209.31 | Battery:  38.66% | Loss: N/A (PSO)
Placing Sensors
[Episode 376/1000] Steps: 720 | Reward:   69.17 | Battery:  78.29% | Loss: N/A (PSO)
Placing Sensors
[Episode 377/1000] Steps: 720 | Reward:   69.87 | Battery:  78.34% | Loss: N/A (PSO)
Placing Sensors
[Episode 378/1000] Steps: 720 | Reward:   24.50 | Battery:  78.27% | Loss: N/A (PSO)
Placing Sensors
[Episode 379/1000] Steps: 720 | Reward:   62.18 | Battery:  78.91% | Loss: N/A (PSO)
Placing Sensors
[Episode 380/1000] Steps: 720 | Reward:   37.66 | Battery:  78.70% | Loss: N/A (PSO)
Placing Sensors
[Episode 381/1000] Steps: 720 | Reward:   67.76 | Battery:  78.01% | Loss: N/A (PSO)
Placing Sensors
[Episode 382/1000] Steps: 720 | Reward:   54.04 | Battery:  78.89% | Loss: N/A (PSO)
Placing Sensors
[Episode 383/1000] Steps: 720 | Reward:   68.79 | Battery:  78.34% | Loss: N/A (PSO)
Placing Sensors
[Episode 384/1000] Steps: 720 | Reward: -167.33 | Battery:  23.23% | Loss: N/A (PSO)
Placing Sensors
[Episode 385/1000] Steps: 720 | Reward:   68.69 | Battery:  77.94% | Loss: N/A (PSO)
Placing Sensors
[Episode 386/1000] Steps: 720 | Reward:  -48.76 | Battery:  35.17% | Loss: N/A (PSO)
Placing Sensors
[Episode 387/1000] Steps: 720 | Reward:   67.94 | Battery:  78.34% | Loss: N/A (PSO)
Placing Sensors
[Episode 388/1000] Steps: 720 | Reward:   68.68 | Battery:  78.53% | Loss: N/A (PSO)
Placing Sensors
[Episode 389/1000] Steps: 720 | Reward:  -65.51 | Battery:  36.71% | Loss: N/A (PSO)
Placing Sensors
[Episode 390/1000] Steps: 720 | Reward:   42.81 | Battery:  77.39% | Loss: N/A (PSO)
Placing Sensors
[Episode 391/1000] Steps: 720 | Reward:   67.37 | Battery:  78.34% | Loss: N/A (PSO)
Placing Sensors
[Episode 392/1000] Steps: 720 | Reward:   66.57 | Battery:  78.29% | Loss: N/A (PSO)
Placing Sensors
[Episode 393/1000] Steps: 720 | Reward: -142.97 | Battery:  21.66% | Loss: N/A (PSO)
Placing Sensors
[Episode 394/1000] Steps: 720 | Reward:  -48.43 | Battery:  35.42% | Loss: N/A (PSO)
Placing Sensors
[Episode 395/1000] Steps: 720 | Reward:   56.18 | Battery:  78.86% | Loss: N/A (PSO)
Placing Sensors
[Episode 396/1000] Steps: 720 | Reward:   65.50 | Battery:  78.28% | Loss: N/A (PSO)
Placing Sensors
[Episode 397/1000] Steps: 720 | Reward:   66.64 | Battery:  77.98% | Loss: N/A (PSO)
Placing Sensors
[Episode 398/1000] Steps: 720 | Reward:    7.45 | Battery:  77.56% | Loss: N/A (PSO)
Placing Sensors
[Episode 399/1000] Steps: 720 | Reward:   67.79 | Battery:  78.29% | Loss: N/A (PSO)
Placing Sensors
[Episode 400/1000] Steps: 720 | Reward:  -37.08 | Battery:  78.28% | Loss: N/A (PSO)
Placing Sensors
[Episode 401/1000] Steps: 720 | Reward:   66.51 | Battery:  77.98% | Loss: N/A (PSO)
Placing Sensors
[Episode 402/1000] Steps: 720 | Reward:   64.40 | Battery:  78.89% | Loss: N/A (PSO)
Placing Sensors
[Episode 403/1000] Steps: 720 | Reward:   65.37 | Battery:  78.29% | Loss: N/A (PSO)
Placing Sensors
[Episode 404/1000] Steps: 720 | Reward:   69.92 | Battery:  78.28% | Loss: N/A (PSO)
Placing Sensors
[Episode 405/1000] Steps: 720 | Reward:   66.86 | Battery:  78.34% | Loss: N/A (PSO)
Placing Sensors
[Episode 406/1000] Steps: 720 | Reward:  -49.41 | Battery:  35.17% | Loss: N/A (PSO)
Placing Sensors
[Episode 407/1000] Steps: 720 | Reward:   72.23 | Battery:  78.45% | Loss: N/A (PSO)
Placing Sensors
[Episode 408/1000] Steps: 720 | Reward: -127.84 | Battery:  36.95% | Loss: N/A (PSO)
Placing Sensors
[Episode 409/1000] Steps: 720 | Reward:   63.45 | Battery:  78.50% | Loss: N/A (PSO)
Placing Sensors
[Episode 410/1000] Steps: 720 | Reward:   66.55 | Battery:  78.29% | Loss: N/A (PSO)
Placing Sensors
[Episode 411/1000] Steps: 720 | Reward:   70.16 | Battery:  78.34% | Loss: N/A (PSO)
Placing Sensors
[Episode 412/1000] Steps: 720 | Reward:   59.21 | Battery:  78.67% | Loss: N/A (PSO)
Placing Sensors
[Episode 413/1000] Steps: 720 | Reward: -114.17 | Battery:  19.85% | Loss: N/A (PSO)
Placing Sensors
[Episode 414/1000] Steps: 720 | Reward:   30.59 | Battery:  77.84% | Loss: N/A (PSO)
Placing Sensors
[Episode 415/1000] Steps: 720 | Reward:   65.92 | Battery:  78.29% | Loss: N/A (PSO)
Placing Sensors
[Episode 416/1000] Steps: 720 | Reward:   38.84 | Battery:  78.06% | Loss: N/A (PSO)
Placing Sensors
[Episode 417/1000] Steps: 720 | Reward:   71.58 | Battery:  78.29% | Loss: N/A (PSO)
Placing Sensors
[Episode 418/1000] Steps: 720 | Reward:  -86.27 | Battery:  37.33% | Loss: N/A (PSO)
Placing Sensors
[Episode 419/1000] Steps: 720 | Reward:   40.28 | Battery:  78.05% | Loss: N/A (PSO)
Placing Sensors
[Episode 420/1000] Steps: 720 | Reward:   45.81 | Battery:  78.04% | Loss: N/A (PSO)
Placing Sensors
[Episode 421/1000] Steps: 720 | Reward:   49.54 | Battery:  77.43% | Loss: N/A (PSO)
Placing Sensors
[Episode 422/1000] Steps: 720 | Reward:   65.06 | Battery:  78.65% | Loss: N/A (PSO)
Placing Sensors
[Episode 423/1000] Steps: 720 | Reward:   68.62 | Battery:  78.28% | Loss: N/A (PSO)
Placing Sensors
[Episode 424/1000] Steps: 720 | Reward:   59.12 | Battery:  78.59% | Loss: N/A (PSO)
Placing Sensors
[Episode 425/1000] Steps: 720 | Reward:   71.54 | Battery:  78.34% | Loss: N/A (PSO)
Placing Sensors
[Episode 426/1000] Steps: 720 | Reward:   35.78 | Battery:  77.85% | Loss: N/A (PSO)
Placing Sensors
[Episode 427/1000] Steps: 720 | Reward:   68.14 | Battery:  78.28% | Loss: N/A (PSO)
Placing Sensors
[Episode 428/1000] Steps: 720 | Reward:   67.33 | Battery:  78.28% | Loss: N/A (PSO)
Placing Sensors
[Episode 429/1000] Steps: 720 | Reward:   62.03 | Battery:  78.90% | Loss: N/A (PSO)
Placing Sensors
[Episode 430/1000] Steps: 720 | Reward:  -66.68 | Battery:  36.93% | Loss: N/A (PSO)
Placing Sensors
[Episode 431/1000] Steps: 720 | Reward:  -56.33 | Battery:  36.06% | Loss: N/A (PSO)
Placing Sensors
[Episode 432/1000] Steps: 720 | Reward: -120.25 | Battery:  20.21% | Loss: N/A (PSO)
Placing Sensors
[Episode 433/1000] Steps: 720 | Reward:   69.23 | Battery:  78.29% | Loss: N/A (PSO)
Placing Sensors
[Episode 434/1000] Steps: 720 | Reward:   70.66 | Battery:  78.28% | Loss: N/A (PSO)
Placing Sensors
[Episode 435/1000] Steps: 720 | Reward:   63.40 | Battery:  78.81% | Loss: N/A (PSO)
Placing Sensors
[Episode 436/1000] Steps: 720 | Reward:   60.10 | Battery:  78.24% | Loss: N/A (PSO)
Placing Sensors
[Episode 437/1000] Steps: 720 | Reward:   63.20 | Battery:  77.98% | Loss: N/A (PSO)
Placing Sensors
[Episode 438/1000] Steps: 720 | Reward:  -45.91 | Battery:  74.65% | Loss: N/A (PSO)
Placing Sensors
[Episode 439/1000] Steps: 720 | Reward:  -53.41 | Battery:  35.54% | Loss: N/A (PSO)
Placing Sensors
[Episode 440/1000] Steps: 720 | Reward:   65.41 | Battery:  78.34% | Loss: N/A (PSO)
Placing Sensors
[Episode 441/1000] Steps: 720 | Reward:   65.25 | Battery:  78.29% | Loss: N/A (PSO)
Placing Sensors
[Episode 442/1000] Steps: 720 | Reward: -103.98 | Battery:  18.11% | Loss: N/A (PSO)
Placing Sensors
[Episode 443/1000] Steps: 720 | Reward:   63.48 | Battery:  78.57% | Loss: N/A (PSO)
Placing Sensors
[Episode 444/1000] Steps: 720 | Reward:   37.61 | Battery:  78.37% | Loss: N/A (PSO)
Placing Sensors
[Episode 445/1000] Steps: 720 | Reward:   67.25 | Battery:  77.98% | Loss: N/A (PSO)
Placing Sensors
[Episode 446/1000] Steps: 720 | Reward:   66.57 | Battery:  78.01% | Loss: N/A (PSO)
Placing Sensors
[Episode 447/1000] Steps: 720 | Reward:   66.14 | Battery:  78.61% | Loss: N/A (PSO)
Placing Sensors
[Episode 448/1000] Steps: 720 | Reward:   71.98 | Battery:  78.28% | Loss: N/A (PSO)
Placing Sensors
[Episode 449/1000] Steps: 720 | Reward:   -4.00 | Battery:  76.38% | Loss: N/A (PSO)
Placing Sensors
[Episode 450/1000] Steps: 720 | Reward:   40.12 | Battery:  78.00% | Loss: N/A (PSO)
Placing Sensors
[Episode 451/1000] Steps: 720 | Reward:   72.44 | Battery:  78.34% | Loss: N/A (PSO)
Placing Sensors
[Episode 452/1000] Steps: 720 | Reward:   63.96 | Battery:  78.86% | Loss: N/A (PSO)
Placing Sensors
[Episode 453/1000] Steps: 720 | Reward:  -74.18 | Battery:  34.61% | Loss: N/A (PSO)
Placing Sensors
[Episode 454/1000] Steps: 720 | Reward:   55.12 | Battery:  78.59% | Loss: N/A (PSO)
Placing Sensors
[Episode 455/1000] Steps: 720 | Reward:   69.10 | Battery:  78.28% | Loss: N/A (PSO)
Placing Sensors
[Episode 456/1000] Steps: 720 | Reward: -139.70 | Battery:  21.11% | Loss: N/A (PSO)
Placing Sensors
[Episode 457/1000] Steps: 720 | Reward:   56.89 | Battery:  78.82% | Loss: N/A (PSO)
Placing Sensors
[Episode 458/1000] Steps: 720 | Reward:   28.38 | Battery:  78.81% | Loss: N/A (PSO)
Placing Sensors
[Episode 459/1000] Steps: 720 | Reward:   52.80 | Battery:  78.90% | Loss: N/A (PSO)
Placing Sensors
[Episode 460/1000] Steps: 720 | Reward:  -49.11 | Battery:  35.29% | Loss: N/A (PSO)
Placing Sensors
[Episode 461/1000] Steps: 720 | Reward: -119.45 | Battery:  19.98% | Loss: N/A (PSO)
Placing Sensors
[Episode 462/1000] Steps: 720 | Reward:   63.60 | Battery:  78.29% | Loss: N/A (PSO)
Placing Sensors
[Episode 463/1000] Steps: 720 | Reward:   62.21 | Battery:  78.21% | Loss: N/A (PSO)
Placing Sensors
[Episode 464/1000] Steps: 720 | Reward:   65.04 | Battery:  77.98% | Loss: N/A (PSO)
Placing Sensors
[Episode 465/1000] Steps: 720 | Reward:   68.68 | Battery:  78.28% | Loss: N/A (PSO)
Placing Sensors
[Episode 466/1000] Steps: 720 | Reward:   69.01 | Battery:  78.29% | Loss: N/A (PSO)
Placing Sensors
[Episode 467/1000] Steps: 720 | Reward:   70.31 | Battery:  78.01% | Loss: N/A (PSO)
Placing Sensors
[Episode 468/1000] Steps: 720 | Reward: -127.54 | Battery:  20.42% | Loss: N/A (PSO)
Placing Sensors
[Episode 469/1000] Steps: 720 | Reward:   15.96 | Battery:  74.58% | Loss: N/A (PSO)
Placing Sensors
[Episode 470/1000] Steps: 720 | Reward:   68.00 | Battery:  78.34% | Loss: N/A (PSO)
Placing Sensors
[Episode 471/1000] Steps: 720 | Reward:   61.97 | Battery:  78.34% | Loss: N/A (PSO)
Placing Sensors
[Episode 472/1000] Steps: 720 | Reward:   66.83 | Battery:  78.28% | Loss: N/A (PSO)
Placing Sensors
[Episode 473/1000] Steps: 720 | Reward:   47.62 | Battery:  77.39% | Loss: N/A (PSO)
Placing Sensors
[Episode 474/1000] Steps: 720 | Reward: -189.22 | Battery:  24.44% | Loss: N/A (PSO)
Placing Sensors
[Episode 475/1000] Steps: 720 | Reward:   60.30 | Battery:  78.35% | Loss: N/A (PSO)
Placing Sensors
[Episode 476/1000] Steps: 720 | Reward:   68.23 | Battery:  78.29% | Loss: N/A (PSO)
Placing Sensors
[Episode 477/1000] Steps: 720 | Reward:   62.37 | Battery:  77.92% | Loss: N/A (PSO)
Placing Sensors
[Episode 478/1000] Steps: 720 | Reward:   66.35 | Battery:  78.34% | Loss: N/A (PSO)
Placing Sensors
[Episode 479/1000] Steps: 720 | Reward:   37.63 | Battery:  78.28% | Loss: N/A (PSO)
Placing Sensors
[Episode 480/1000] Steps: 720 | Reward:   66.23 | Battery:  78.28% | Loss: N/A (PSO)
Placing Sensors
[Episode 481/1000] Steps: 720 | Reward: -108.39 | Battery:  18.98% | Loss: N/A (PSO)
Placing Sensors
[Episode 482/1000] Steps: 720 | Reward:   67.17 | Battery:  78.34% | Loss: N/A (PSO)
Placing Sensors
[Episode 483/1000] Steps: 720 | Reward:  -52.29 | Battery:  35.42% | Loss: N/A (PSO)
Placing Sensors
[Episode 484/1000] Steps: 720 | Reward:  -52.57 | Battery:  35.54% | Loss: N/A (PSO)
Placing Sensors
[Episode 485/1000] Steps: 720 | Reward:   63.13 | Battery:  78.90% | Loss: N/A (PSO)
Placing Sensors
[Episode 486/1000] Steps: 720 | Reward:   63.22 | Battery:  78.45% | Loss: N/A (PSO)
Placing Sensors
[Episode 487/1000] Steps: 720 | Reward:   70.15 | Battery:  78.29% | Loss: N/A (PSO)
Placing Sensors
[Episode 488/1000] Steps: 720 | Reward:  -73.89 | Battery:  36.83% | Loss: N/A (PSO)
Placing Sensors
[Episode 489/1000] Steps: 720 | Reward:   65.27 | Battery:  78.28% | Loss: N/A (PSO)
Placing Sensors
[Episode 490/1000] Steps: 720 | Reward:   24.82 | Battery:  78.69% | Loss: N/A (PSO)
Placing Sensors
[Episode 491/1000] Steps: 720 | Reward:   47.45 | Battery:  78.92% | Loss: N/A (PSO)
Placing Sensors
[Episode 492/1000] Steps: 720 | Reward:   65.40 | Battery:  78.29% | Loss: N/A (PSO)
Placing Sensors
[Episode 493/1000] Steps: 720 | Reward:   70.40 | Battery:  78.01% | Loss: N/A (PSO)
Placing Sensors
[Episode 494/1000] Steps: 720 | Reward:   67.69 | Battery:  78.29% | Loss: N/A (PSO)
Placing Sensors
[Episode 495/1000] Steps: 720 | Reward:   65.93 | Battery:  78.34% | Loss: N/A (PSO)
Placing Sensors
[Episode 496/1000] Steps: 720 | Reward:   63.74 | Battery:  78.34% | Loss: N/A (PSO)
Placing Sensors
[Episode 497/1000] Steps: 720 | Reward:   70.45 | Battery:  78.29% | Loss: N/A (PSO)
Placing Sensors
[Episode 498/1000] Steps: 720 | Reward:   71.19 | Battery:  78.28% | Loss: N/A (PSO)
Placing Sensors
[Episode 499/1000] Steps: 720 | Reward:   69.59 | Battery:  78.29% | Loss: N/A (PSO)
Placing Sensors
[Episode 500/1000] Steps: 720 | Reward:   56.14 | Battery:  78.96% | Loss: N/A (PSO)
Placing Sensors
[Episode 501/1000] Steps: 720 | Reward:   64.31 | Battery:  78.83% | Loss: N/A (PSO)
Placing Sensors
[Episode 502/1000] Steps: 720 | Reward:   68.20 | Battery:  78.29% | Loss: N/A (PSO)
Placing Sensors
[Episode 503/1000] Steps: 720 | Reward:  -97.93 | Battery:  18.04% | Loss: N/A (PSO)
Placing Sensors
[Episode 504/1000] Steps: 720 | Reward:   29.19 | Battery:  78.31% | Loss: N/A (PSO)
Placing Sensors
[Episode 505/1000] Steps: 720 | Reward:   67.84 | Battery:  78.49% | Loss: N/A (PSO)
Placing Sensors
[Episode 506/1000] Steps: 720 | Reward:  -48.77 | Battery:  35.42% | Loss: N/A (PSO)
Placing Sensors
[Episode 507/1000] Steps: 720 | Reward:   56.83 | Battery:  78.88% | Loss: N/A (PSO)
Placing Sensors
[Episode 508/1000] Steps: 720 | Reward:   68.69 | Battery:  78.01% | Loss: N/A (PSO)
Placing Sensors
[Episode 509/1000] Steps: 720 | Reward:   65.40 | Battery:  77.93% | Loss: N/A (PSO)
Placing Sensors
[Episode 510/1000] Steps: 720 | Reward:  -60.95 | Battery:  35.85% | Loss: N/A (PSO)
Placing Sensors
[Episode 511/1000] Steps: 720 | Reward:   68.07 | Battery:  78.29% | Loss: N/A (PSO)
Placing Sensors
[Episode 512/1000] Steps: 720 | Reward:   63.04 | Battery:  78.58% | Loss: N/A (PSO)
Placing Sensors
[Episode 513/1000] Steps: 720 | Reward:   48.43 | Battery:  78.48% | Loss: N/A (PSO)
Placing Sensors
[Episode 514/1000] Steps: 720 | Reward:   59.84 | Battery:  78.73% | Loss: N/A (PSO)
Placing Sensors
[Episode 515/1000] Steps: 720 | Reward:   68.21 | Battery:  77.94% | Loss: N/A (PSO)
Placing Sensors
[Episode 516/1000] Steps: 720 | Reward:  -71.51 | Battery:  72.08% | Loss: N/A (PSO)
Placing Sensors
[Episode 517/1000] Steps: 720 | Reward:   68.22 | Battery:  77.92% | Loss: N/A (PSO)
Placing Sensors
[Episode 518/1000] Steps: 720 | Reward:   33.18 | Battery:  76.14% | Loss: N/A (PSO)
Placing Sensors
[Episode 519/1000] Steps: 720 | Reward:   66.55 | Battery:  77.98% | Loss: N/A (PSO)
Placing Sensors
[Episode 520/1000] Steps: 720 | Reward:   53.98 | Battery:  78.05% | Loss: N/A (PSO)
Placing Sensors
[Episode 521/1000] Steps: 720 | Reward:   71.35 | Battery:  78.29% | Loss: N/A (PSO)
Placing Sensors
[Episode 522/1000] Steps: 720 | Reward:   30.94 | Battery:  78.40% | Loss: N/A (PSO)
Placing Sensors
[Episode 523/1000] Steps: 720 | Reward:   66.76 | Battery:  77.94% | Loss: N/A (PSO)
Placing Sensors
[Episode 524/1000] Steps: 720 | Reward:   62.88 | Battery:  78.69% | Loss: N/A (PSO)
Placing Sensors
[Episode 525/1000] Steps: 720 | Reward:   66.85 | Battery:  78.28% | Loss: N/A (PSO)
Placing Sensors
[Episode 526/1000] Steps: 720 | Reward:   68.34 | Battery:  77.99% | Loss: N/A (PSO)
Placing Sensors
[Episode 527/1000] Steps: 720 | Reward:   65.01 | Battery:  78.33% | Loss: N/A (PSO)
Placing Sensors
[Episode 528/1000] Steps: 720 | Reward:   62.62 | Battery:  78.50% | Loss: N/A (PSO)
Placing Sensors
[Episode 529/1000] Steps: 720 | Reward:   55.69 | Battery:  78.92% | Loss: N/A (PSO)
Placing Sensors
[Episode 530/1000] Steps: 720 | Reward:   54.88 | Battery:  77.93% | Loss: N/A (PSO)
Placing Sensors
[Episode 531/1000] Steps: 720 | Reward: -138.96 | Battery:  21.20% | Loss: N/A (PSO)
Placing Sensors
[Episode 532/1000] Steps: 720 | Reward:   50.39 | Battery:  78.47% | Loss: N/A (PSO)
Placing Sensors
[Episode 533/1000] Steps: 720 | Reward:   65.50 | Battery:  78.28% | Loss: N/A (PSO)
Placing Sensors
[Episode 534/1000] Steps: 720 | Reward:   50.09 | Battery:  77.55% | Loss: N/A (PSO)
Placing Sensors
[Episode 535/1000] Steps: 720 | Reward:   69.96 | Battery:  78.28% | Loss: N/A (PSO)
Placing Sensors
[Episode 536/1000] Steps: 720 | Reward:   42.79 | Battery:  78.68% | Loss: N/A (PSO)
Placing Sensors
[Episode 537/1000] Steps: 720 | Reward:   63.94 | Battery:  78.29% | Loss: N/A (PSO)
Placing Sensors
[Episode 538/1000] Steps: 720 | Reward:  -55.95 | Battery:  36.15% | Loss: N/A (PSO)
Placing Sensors
[Episode 539/1000] Steps: 720 | Reward: -121.12 | Battery:  20.29% | Loss: N/A (PSO)
Placing Sensors
[Episode 540/1000] Steps: 720 | Reward:   47.91 | Battery:  78.42% | Loss: N/A (PSO)
Placing Sensors
[Episode 541/1000] Steps: 720 | Reward:   64.95 | Battery:  78.34% | Loss: N/A (PSO)
Placing Sensors
[Episode 542/1000] Steps: 720 | Reward:   70.18 | Battery:  78.34% | Loss: N/A (PSO)
Placing Sensors
[Episode 543/1000] Steps: 720 | Reward:   64.73 | Battery:  78.28% | Loss: N/A (PSO)
Placing Sensors
[Episode 544/1000] Steps: 720 | Reward:   66.08 | Battery:  78.28% | Loss: N/A (PSO)
Placing Sensors
[Episode 545/1000] Steps: 720 | Reward:   66.84 | Battery:  77.98% | Loss: N/A (PSO)
Placing Sensors
[Episode 546/1000] Steps: 720 | Reward:   35.87 | Battery:  78.31% | Loss: N/A (PSO)
Placing Sensors
[Episode 547/1000] Steps: 720 | Reward:   52.68 | Battery:  78.90% | Loss: N/A (PSO)
Placing Sensors
[Episode 548/1000] Steps: 720 | Reward:   71.08 | Battery:  78.34% | Loss: N/A (PSO)
Placing Sensors
[Episode 549/1000] Steps: 720 | Reward: -134.10 | Battery:  21.25% | Loss: N/A (PSO)
Placing Sensors
[Episode 550/1000] Steps: 720 | Reward:  -51.33 | Battery:  35.17% | Loss: N/A (PSO)
Placing Sensors
[Episode 551/1000] Steps: 720 | Reward:   60.63 | Battery:  78.34% | Loss: N/A (PSO)
Placing Sensors
[Episode 552/1000] Steps: 720 | Reward:  -50.62 | Battery:  76.14% | Loss: N/A (PSO)
Placing Sensors
[Episode 553/1000] Steps: 720 | Reward:   66.19 | Battery:  78.29% | Loss: N/A (PSO)
Placing Sensors
[Episode 554/1000] Steps: 720 | Reward:   69.22 | Battery:  78.28% | Loss: N/A (PSO)
Placing Sensors
[Episode 555/1000] Steps: 720 | Reward:   67.91 | Battery:  78.29% | Loss: N/A (PSO)
Placing Sensors
[Episode 556/1000] Steps: 720 | Reward:   58.36 | Battery:  78.00% | Loss: N/A (PSO)
Placing Sensors
[Episode 557/1000] Steps: 720 | Reward:   48.81 | Battery:  78.26% | Loss: N/A (PSO)
Placing Sensors
[Episode 558/1000] Steps: 720 | Reward:   65.88 | Battery:  77.92% | Loss: N/A (PSO)
Placing Sensors
[Episode 559/1000] Steps: 720 | Reward:   68.32 | Battery:  77.98% | Loss: N/A (PSO)
Placing Sensors
[Episode 560/1000] Steps: 720 | Reward:   64.70 | Battery:  77.94% | Loss: N/A (PSO)
Placing Sensors
[Episode 561/1000] Steps: 720 | Reward:   67.82 | Battery:  78.34% | Loss: N/A (PSO)
Placing Sensors
[Episode 562/1000] Steps: 720 | Reward:   69.56 | Battery:  78.28% | Loss: N/A (PSO)
Placing Sensors
[Episode 563/1000] Steps: 720 | Reward:   64.79 | Battery:  78.34% | Loss: N/A (PSO)
Placing Sensors
[Episode 564/1000] Steps: 720 | Reward:   47.01 | Battery:  77.93% | Loss: N/A (PSO)
Placing Sensors
[Episode 565/1000] Steps: 720 | Reward:   70.19 | Battery:  78.28% | Loss: N/A (PSO)
Placing Sensors
[Episode 566/1000] Steps: 720 | Reward:   67.83 | Battery:  78.28% | Loss: N/A (PSO)
Placing Sensors
[Episode 567/1000] Steps: 720 | Reward:   46.26 | Battery:  78.59% | Loss: N/A (PSO)
Placing Sensors
[Episode 568/1000] Steps: 720 | Reward:   67.31 | Battery:  78.29% | Loss: N/A (PSO)
Placing Sensors
[Episode 569/1000] Steps: 720 | Reward:  -73.15 | Battery:  36.70% | Loss: N/A (PSO)
Placing Sensors
[Episode 570/1000] Steps: 720 | Reward:   39.56 | Battery:  78.07% | Loss: N/A (PSO)
Placing Sensors
[Episode 571/1000] Steps: 720 | Reward: -147.95 | Battery:  22.32% | Loss: N/A (PSO)
Placing Sensors
[Episode 572/1000] Steps: 720 | Reward:   65.48 | Battery:  78.50% | Loss: N/A (PSO)
Placing Sensors
[Episode 573/1000] Steps: 720 | Reward: -118.37 | Battery:  19.85% | Loss: N/A (PSO)
Placing Sensors
[Episode 574/1000] Steps: 720 | Reward:   33.74 | Battery:  77.59% | Loss: N/A (PSO)
Placing Sensors
[Episode 575/1000] Steps: 720 | Reward:  -61.54 | Battery:  36.03% | Loss: N/A (PSO)
Placing Sensors
[Episode 576/1000] Steps: 720 | Reward:   48.89 | Battery:  78.11% | Loss: N/A (PSO)
Placing Sensors
[Episode 577/1000] Steps: 720 | Reward:   55.76 | Battery:  78.88% | Loss: N/A (PSO)
Placing Sensors
[Episode 578/1000] Steps: 720 | Reward:   66.05 | Battery:  78.34% | Loss: N/A (PSO)
Placing Sensors
[Episode 579/1000] Steps: 720 | Reward:   50.24 | Battery:  77.55% | Loss: N/A (PSO)
Placing Sensors
[Episode 580/1000] Steps: 720 | Reward:  -53.61 | Battery:  35.94% | Loss: N/A (PSO)
Placing Sensors
[Episode 581/1000] Steps: 720 | Reward:   67.56 | Battery:  78.29% | Loss: N/A (PSO)
Placing Sensors
[Episode 582/1000] Steps: 720 | Reward:   53.77 | Battery:  78.51% | Loss: N/A (PSO)
Placing Sensors
[Episode 583/1000] Steps: 720 | Reward:   63.73 | Battery:  78.01% | Loss: N/A (PSO)
Placing Sensors
[Episode 584/1000] Steps: 720 | Reward:   68.34 | Battery:  77.98% | Loss: N/A (PSO)
Placing Sensors
[Episode 585/1000] Steps: 720 | Reward:   56.26 | Battery:  78.82% | Loss: N/A (PSO)
Placing Sensors
[Episode 586/1000] Steps: 720 | Reward:   64.65 | Battery:  77.94% | Loss: N/A (PSO)
Placing Sensors
[Episode 587/1000] Steps: 720 | Reward:   64.92 | Battery:  78.28% | Loss: N/A (PSO)
Placing Sensors
[Episode 588/1000] Steps: 720 | Reward:    8.56 | Battery:  75.77% | Loss: N/A (PSO)
Placing Sensors
[Episode 589/1000] Steps: 720 | Reward:   47.88 | Battery:  77.98% | Loss: N/A (PSO)
Placing Sensors
[Episode 590/1000] Steps: 720 | Reward:   72.85 | Battery:  78.29% | Loss: N/A (PSO)
Placing Sensors
[Episode 591/1000] Steps: 720 | Reward:   70.57 | Battery:  78.28% | Loss: N/A (PSO)
Placing Sensors
[Episode 592/1000] Steps: 720 | Reward:   71.78 | Battery:  78.29% | Loss: N/A (PSO)
Placing Sensors
[Episode 593/1000] Steps: 720 | Reward:  -59.75 | Battery:  36.15% | Loss: N/A (PSO)
Placing Sensors
[Episode 594/1000] Steps: 720 | Reward: -105.88 | Battery:  37.63% | Loss: N/A (PSO)
Placing Sensors
[Episode 595/1000] Steps: 720 | Reward:   70.75 | Battery:  77.92% | Loss: N/A (PSO)
Placing Sensors
[Episode 596/1000] Steps: 720 | Reward:   66.05 | Battery:  78.28% | Loss: N/A (PSO)
Placing Sensors
[Episode 597/1000] Steps: 720 | Reward:   67.21 | Battery:  78.28% | Loss: N/A (PSO)
Placing Sensors
[Episode 598/1000] Steps: 720 | Reward:   66.88 | Battery:  78.28% | Loss: N/A (PSO)
Placing Sensors
[Episode 599/1000] Steps: 720 | Reward: -129.87 | Battery:  20.55% | Loss: N/A (PSO)
Placing Sensors
[Episode 600/1000] Steps: 720 | Reward:  -97.89 | Battery:  38.65% | Loss: N/A (PSO)
Placing Sensors
[Episode 601/1000] Steps: 720 | Reward:  -86.25 | Battery:  18.42% | Loss: N/A (PSO)
Placing Sensors
[Episode 602/1000] Steps: 720 | Reward: -107.27 | Battery:  19.01% | Loss: N/A (PSO)
Placing Sensors
[Episode 603/1000] Steps: 720 | Reward:  -69.41 | Battery:  36.19% | Loss: N/A (PSO)
Placing Sensors
[Episode 604/1000] Steps: 720 | Reward:  -49.17 | Battery:  35.42% | Loss: N/A (PSO)
Placing Sensors
[Episode 605/1000] Steps: 720 | Reward: -121.35 | Battery:  20.02% | Loss: N/A (PSO)
Placing Sensors
[Episode 606/1000] Steps: 720 | Reward:  -52.41 | Battery:  35.54% | Loss: N/A (PSO)
Placing Sensors
[Episode 607/1000] Steps: 720 | Reward:   58.65 | Battery:  78.61% | Loss: N/A (PSO)
Placing Sensors
[Episode 608/1000] Steps: 720 | Reward:   38.12 | Battery:  78.98% | Loss: N/A (PSO)
Placing Sensors
[Episode 609/1000] Steps: 720 | Reward:   51.03 | Battery:  77.98% | Loss: N/A (PSO)
Placing Sensors
[Episode 610/1000] Steps: 720 | Reward:  -60.02 | Battery:  34.77% | Loss: N/A (PSO)
Placing Sensors
[Episode 611/1000] Steps: 720 | Reward:   67.68 | Battery:  78.22% | Loss: N/A (PSO)
Placing Sensors
[Episode 612/1000] Steps: 720 | Reward:   58.80 | Battery:  78.88% | Loss: N/A (PSO)
Placing Sensors
[Episode 613/1000] Steps: 720 | Reward:    5.91 | Battery:  75.17% | Loss: N/A (PSO)
Placing Sensors
[Episode 614/1000] Steps: 720 | Reward:   70.49 | Battery:  77.94% | Loss: N/A (PSO)
Placing Sensors
[Episode 615/1000] Steps: 720 | Reward:   67.27 | Battery:  78.29% | Loss: N/A (PSO)
Placing Sensors
[Episode 616/1000] Steps: 720 | Reward:   68.82 | Battery:  77.94% | Loss: N/A (PSO)
Placing Sensors
[Episode 617/1000] Steps: 720 | Reward:   67.42 | Battery:  77.92% | Loss: N/A (PSO)
Placing Sensors
[Episode 618/1000] Steps: 720 | Reward:   71.24 | Battery:  77.98% | Loss: N/A (PSO)
Placing Sensors
[Episode 619/1000] Steps: 720 | Reward:   62.10 | Battery:  78.30% | Loss: N/A (PSO)
Placing Sensors
[Episode 620/1000] Steps: 720 | Reward: -111.12 | Battery:  32.68% | Loss: N/A (PSO)
Placing Sensors
[Episode 621/1000] Steps: 720 | Reward:   69.75 | Battery:  78.28% | Loss: N/A (PSO)
Placing Sensors
[Episode 622/1000] Steps: 720 | Reward:   70.94 | Battery:  78.29% | Loss: N/A (PSO)
Placing Sensors
[Episode 623/1000] Steps: 720 | Reward:  -56.50 | Battery:  35.69% | Loss: N/A (PSO)
Placing Sensors
[Episode 624/1000] Steps: 720 | Reward:  -53.03 | Battery:  35.69% | Loss: N/A (PSO)
Placing Sensors
[Episode 625/1000] Steps: 720 | Reward:   66.20 | Battery:  77.98% | Loss: N/A (PSO)
Placing Sensors
[Episode 626/1000] Steps: 720 | Reward:   54.71 | Battery:  78.95% | Loss: N/A (PSO)
Placing Sensors
[Episode 627/1000] Steps: 720 | Reward:   66.32 | Battery:  78.28% | Loss: N/A (PSO)
Placing Sensors
[Episode 628/1000] Steps: 720 | Reward:   55.84 | Battery:  78.47% | Loss: N/A (PSO)
Placing Sensors
[Episode 629/1000] Steps: 720 | Reward:   21.60 | Battery:  78.87% | Loss: N/A (PSO)
Placing Sensors
[Episode 630/1000] Steps: 720 | Reward:   63.87 | Battery:  78.72% | Loss: N/A (PSO)
Placing Sensors
[Episode 631/1000] Steps: 720 | Reward:   52.71 | Battery:  78.29% | Loss: N/A (PSO)
Placing Sensors
[Episode 632/1000] Steps: 720 | Reward:  -50.60 | Battery:  35.40% | Loss: N/A (PSO)
Placing Sensors
[Episode 633/1000] Steps: 720 | Reward: -140.27 | Battery:  21.40% | Loss: N/A (PSO)
Placing Sensors
[Episode 634/1000] Steps: 720 | Reward:  -67.93 | Battery:  35.86% | Loss: N/A (PSO)
Placing Sensors
[Episode 635/1000] Steps: 720 | Reward:   69.13 | Battery:  78.28% | Loss: N/A (PSO)
Placing Sensors
[Episode 636/1000] Steps: 720 | Reward:  -62.95 | Battery:  42.76% | Loss: N/A (PSO)
Placing Sensors
[Episode 637/1000] Steps: 720 | Reward:  -51.05 | Battery:  36.04% | Loss: N/A (PSO)
Placing Sensors
[Episode 638/1000] Steps: 720 | Reward: -101.85 | Battery:  33.31% | Loss: N/A (PSO)
Placing Sensors
[Episode 639/1000] Steps: 720 | Reward:   72.24 | Battery:  78.28% | Loss: N/A (PSO)
Placing Sensors
[Episode 640/1000] Steps: 720 | Reward:   16.72 | Battery:  78.08% | Loss: N/A (PSO)
Placing Sensors
[Episode 641/1000] Steps: 720 | Reward: -111.47 | Battery:  26.02% | Loss: N/A (PSO)
Placing Sensors
[Episode 642/1000] Steps: 720 | Reward:   66.55 | Battery:  78.30% | Loss: N/A (PSO)
Placing Sensors
[Episode 643/1000] Steps: 720 | Reward:   49.12 | Battery:  78.47% | Loss: N/A (PSO)
Placing Sensors
[Episode 644/1000] Steps: 720 | Reward:   50.75 | Battery:  78.85% | Loss: N/A (PSO)
Placing Sensors
[Episode 645/1000] Steps: 720 | Reward:   63.92 | Battery:  78.29% | Loss: N/A (PSO)
Placing Sensors
[Episode 646/1000] Steps: 720 | Reward:   70.79 | Battery:  78.29% | Loss: N/A (PSO)
Placing Sensors
[Episode 647/1000] Steps: 720 | Reward:  -84.14 | Battery:  36.21% | Loss: N/A (PSO)
Placing Sensors
[Episode 648/1000] Steps: 720 | Reward:  -59.73 | Battery:  36.93% | Loss: N/A (PSO)
Placing Sensors
[Episode 649/1000] Steps: 720 | Reward:   59.95 | Battery:  78.28% | Loss: N/A (PSO)
Placing Sensors
[Episode 650/1000] Steps: 720 | Reward:  -48.32 | Battery:  35.29% | Loss: N/A (PSO)
Placing Sensors
[Episode 651/1000] Steps: 720 | Reward:   66.64 | Battery:  78.34% | Loss: N/A (PSO)
Placing Sensors
[Episode 652/1000] Steps: 720 | Reward:   60.50 | Battery:  78.52% | Loss: N/A (PSO)
Placing Sensors
[Episode 653/1000] Steps: 720 | Reward:   57.73 | Battery:  78.93% | Loss: N/A (PSO)
Placing Sensors
[Episode 654/1000] Steps: 720 | Reward:   40.43 | Battery:  76.40% | Loss: N/A (PSO)
Placing Sensors
[Episode 655/1000] Steps: 720 | Reward:   67.25 | Battery:  78.34% | Loss: N/A (PSO)
Placing Sensors
[Episode 656/1000] Steps: 720 | Reward:   57.34 | Battery:  78.05% | Loss: N/A (PSO)
Placing Sensors
[Episode 657/1000] Steps: 720 | Reward:   67.93 | Battery:  78.34% | Loss: N/A (PSO)
Placing Sensors
[Episode 658/1000] Steps: 720 | Reward:  -50.69 | Battery:  35.52% | Loss: N/A (PSO)
Placing Sensors
[Episode 659/1000] Steps: 720 | Reward:   58.44 | Battery:  78.28% | Loss: N/A (PSO)
Placing Sensors
[Episode 660/1000] Steps: 720 | Reward:  -57.00 | Battery:  66.20% | Loss: N/A (PSO)
Placing Sensors
[Episode 661/1000] Steps: 720 | Reward:   67.89 | Battery:  77.99% | Loss: N/A (PSO)
Placing Sensors
[Episode 662/1000] Steps: 720 | Reward:   65.18 | Battery:  78.21% | Loss: N/A (PSO)
Placing Sensors
[Episode 663/1000] Steps: 720 | Reward:   55.23 | Battery:  78.78% | Loss: N/A (PSO)
Placing Sensors
[Episode 664/1000] Steps: 720 | Reward:   68.40 | Battery:  78.29% | Loss: N/A (PSO)
Placing Sensors
[Episode 665/1000] Steps: 720 | Reward:   67.57 | Battery:  78.28% | Loss: N/A (PSO)
Placing Sensors
[Episode 666/1000] Steps: 720 | Reward:   21.58 | Battery:  78.33% | Loss: N/A (PSO)
Placing Sensors
[Episode 667/1000] Steps: 720 | Reward:   53.91 | Battery:  78.44% | Loss: N/A (PSO)
Placing Sensors
[Episode 668/1000] Steps: 720 | Reward:   65.10 | Battery:  78.01% | Loss: N/A (PSO)
Placing Sensors
[Episode 669/1000] Steps: 720 | Reward:   66.94 | Battery:  78.29% | Loss: N/A (PSO)
Placing Sensors
[Episode 670/1000] Steps: 720 | Reward:  -70.08 | Battery:  35.80% | Loss: N/A (PSO)
Placing Sensors
[Episode 671/1000] Steps: 720 | Reward:  -92.51 | Battery:  33.26% | Loss: N/A (PSO)
Placing Sensors
[Episode 672/1000] Steps: 720 | Reward:   65.39 | Battery:  78.88% | Loss: N/A (PSO)
Placing Sensors
[Episode 673/1000] Steps: 720 | Reward:   59.15 | Battery:  77.92% | Loss: N/A (PSO)
Placing Sensors
[Episode 674/1000] Steps: 720 | Reward:  -79.03 | Battery:  36.87% | Loss: N/A (PSO)
Placing Sensors
[Episode 675/1000] Steps: 720 | Reward:   63.05 | Battery:  78.29% | Loss: N/A (PSO)
Placing Sensors
[Episode 676/1000] Steps: 720 | Reward:   61.11 | Battery:  78.32% | Loss: N/A (PSO)
Placing Sensors
[Episode 677/1000] Steps: 720 | Reward:   49.43 | Battery:  78.51% | Loss: N/A (PSO)
Placing Sensors
[Episode 678/1000] Steps: 720 | Reward:   67.83 | Battery:  78.28% | Loss: N/A (PSO)
Placing Sensors
[Episode 679/1000] Steps: 720 | Reward:   69.80 | Battery:  77.94% | Loss: N/A (PSO)
Placing Sensors
[Episode 680/1000] Steps: 720 | Reward:   67.20 | Battery:  78.29% | Loss: N/A (PSO)
Placing Sensors
[Episode 681/1000] Steps: 720 | Reward:   61.43 | Battery:  78.23% | Loss: N/A (PSO)
Placing Sensors
[Episode 682/1000] Steps: 720 | Reward:   63.58 | Battery:  78.40% | Loss: N/A (PSO)
Placing Sensors
[Episode 683/1000] Steps: 720 | Reward:   67.40 | Battery:  78.01% | Loss: N/A (PSO)
Placing Sensors
[Episode 684/1000] Steps: 720 | Reward:   47.04 | Battery:  78.80% | Loss: N/A (PSO)
Placing Sensors
[Episode 685/1000] Steps: 720 | Reward:   73.11 | Battery:  78.28% | Loss: N/A (PSO)
Placing Sensors
[Episode 686/1000] Steps: 720 | Reward: -106.42 | Battery:  18.67% | Loss: N/A (PSO)
Placing Sensors
[Episode 687/1000] Steps: 720 | Reward:    9.04 | Battery:  78.16% | Loss: N/A (PSO)
Placing Sensors
[Episode 688/1000] Steps: 720 | Reward:   67.71 | Battery:  78.34% | Loss: N/A (PSO)
Placing Sensors
[Episode 689/1000] Steps: 720 | Reward:   68.83 | Battery:  78.29% | Loss: N/A (PSO)
Placing Sensors
[Episode 690/1000] Steps: 720 | Reward:   67.58 | Battery:  77.55% | Loss: N/A (PSO)
Placing Sensors
[Episode 691/1000] Steps: 720 | Reward: -109.76 | Battery:  19.85% | Loss: N/A (PSO)
Placing Sensors
[Episode 692/1000] Steps: 720 | Reward:   66.89 | Battery:  78.01% | Loss: N/A (PSO)
Placing Sensors
[Episode 693/1000] Steps: 720 | Reward:   54.60 | Battery:  78.85% | Loss: N/A (PSO)
Placing Sensors
[Episode 694/1000] Steps: 720 | Reward:   64.40 | Battery:  77.92% | Loss: N/A (PSO)
Placing Sensors
[Episode 695/1000] Steps: 720 | Reward:   66.96 | Battery:  78.47% | Loss: N/A (PSO)
Placing Sensors
[Episode 696/1000] Steps: 720 | Reward:   35.93 | Battery:  78.21% | Loss: N/A (PSO)
Placing Sensors
[Episode 697/1000] Steps: 720 | Reward: -138.91 | Battery:  21.22% | Loss: N/A (PSO)
Placing Sensors
[Episode 698/1000] Steps: 720 | Reward:   62.90 | Battery:  78.28% | Loss: N/A (PSO)
Placing Sensors
[Episode 699/1000] Steps: 720 | Reward:   66.39 | Battery:  78.29% | Loss: N/A (PSO)
Placing Sensors
[Episode 700/1000] Steps: 720 | Reward:   66.01 | Battery:  78.28% | Loss: N/A (PSO)
Placing Sensors
[Episode 701/1000] Steps: 720 | Reward:   68.87 | Battery:  77.98% | Loss: N/A (PSO)
Placing Sensors
[Episode 702/1000] Steps: 720 | Reward:   52.93 | Battery:  78.91% | Loss: N/A (PSO)
Placing Sensors
[Episode 703/1000] Steps: 720 | Reward:   69.59 | Battery:  78.28% | Loss: N/A (PSO)
Placing Sensors
[Episode 704/1000] Steps: 720 | Reward:   69.36 | Battery:  78.28% | Loss: N/A (PSO)
Placing Sensors
[Episode 705/1000] Steps: 720 | Reward: -108.72 | Battery:  21.64% | Loss: N/A (PSO)
Placing Sensors
[Episode 706/1000] Steps: 720 | Reward:   28.61 | Battery:  78.01% | Loss: N/A (PSO)
Placing Sensors
[Episode 707/1000] Steps: 720 | Reward:   68.50 | Battery:  77.94% | Loss: N/A (PSO)
Placing Sensors
[Episode 708/1000] Steps: 720 | Reward:   24.45 | Battery:  77.72% | Loss: N/A (PSO)
Placing Sensors
[Episode 709/1000] Steps: 720 | Reward:   66.58 | Battery:  78.87% | Loss: N/A (PSO)
Placing Sensors
[Episode 710/1000] Steps: 720 | Reward:   62.61 | Battery:  78.12% | Loss: N/A (PSO)
Placing Sensors
[Episode 711/1000] Steps: 720 | Reward:   64.84 | Battery:  78.31% | Loss: N/A (PSO)
Placing Sensors
[Episode 712/1000] Steps: 720 | Reward:   69.45 | Battery:  77.98% | Loss: N/A (PSO)
Placing Sensors
[Episode 713/1000] Steps: 720 | Reward:   44.67 | Battery:  78.92% | Loss: N/A (PSO)
Placing Sensors
[Episode 714/1000] Steps: 720 | Reward:   37.17 | Battery:  78.50% | Loss: N/A (PSO)
Placing Sensors
[Episode 715/1000] Steps: 720 | Reward: -108.84 | Battery:  19.21% | Loss: N/A (PSO)
Placing Sensors
[Episode 716/1000] Steps: 720 | Reward:   66.90 | Battery:  78.29% | Loss: N/A (PSO)
Placing Sensors
[Episode 717/1000] Steps: 720 | Reward:   54.14 | Battery:  78.42% | Loss: N/A (PSO)
Placing Sensors
[Episode 718/1000] Steps: 720 | Reward:   70.11 | Battery:  78.34% | Loss: N/A (PSO)
Placing Sensors
[Episode 719/1000] Steps: 720 | Reward:  -39.72 | Battery:  72.10% | Loss: N/A (PSO)
Placing Sensors
[Episode 720/1000] Steps: 720 | Reward:   58.86 | Battery:  78.60% | Loss: N/A (PSO)
Placing Sensors
[Episode 721/1000] Steps: 720 | Reward:   57.41 | Battery:  78.47% | Loss: N/A (PSO)
Placing Sensors
[Episode 722/1000] Steps: 720 | Reward:   57.23 | Battery:  78.63% | Loss: N/A (PSO)
Placing Sensors
[Episode 723/1000] Steps: 720 | Reward:  -51.65 | Battery:  35.54% | Loss: N/A (PSO)
Placing Sensors
[Episode 724/1000] Steps: 720 | Reward:  -87.42 | Battery:  34.13% | Loss: N/A (PSO)
Placing Sensors
[Episode 725/1000] Steps: 720 | Reward:   25.12 | Battery:  77.99% | Loss: N/A (PSO)
Placing Sensors
[Episode 726/1000] Steps: 720 | Reward:  -63.79 | Battery:  75.50% | Loss: N/A (PSO)
Placing Sensors
[Episode 727/1000] Steps: 720 | Reward: -109.59 | Battery:  72.43% | Loss: N/A (PSO)
Placing Sensors
[Episode 728/1000] Steps: 720 | Reward:   51.58 | Battery:  77.98% | Loss: N/A (PSO)
Placing Sensors
[Episode 729/1000] Steps: 720 | Reward:   69.73 | Battery:  78.29% | Loss: N/A (PSO)
Placing Sensors
[Episode 730/1000] Steps: 720 | Reward:  -60.15 | Battery:  36.07% | Loss: N/A (PSO)
Placing Sensors
[Episode 731/1000] Steps: 720 | Reward:   68.10 | Battery:  78.34% | Loss: N/A (PSO)
Placing Sensors
[Episode 732/1000] Steps: 720 | Reward:   55.30 | Battery:  78.66% | Loss: N/A (PSO)
Placing Sensors
[Episode 733/1000] Steps: 720 | Reward:  -25.49 | Battery:  78.56% | Loss: N/A (PSO)
Placing Sensors
[Episode 734/1000] Steps: 720 | Reward:   70.20 | Battery:  78.29% | Loss: N/A (PSO)
Placing Sensors
[Episode 735/1000] Steps: 720 | Reward:  -81.31 | Battery:  37.25% | Loss: N/A (PSO)
Placing Sensors
[Episode 736/1000] Steps: 720 | Reward:   69.03 | Battery:  77.98% | Loss: N/A (PSO)
Placing Sensors
[Episode 737/1000] Steps: 720 | Reward:   60.45 | Battery:  78.34% | Loss: N/A (PSO)
Placing Sensors
[Episode 738/1000] Steps: 720 | Reward:  -58.96 | Battery:  35.85% | Loss: N/A (PSO)
Placing Sensors
[Episode 739/1000] Steps: 720 | Reward:   69.16 | Battery:  78.29% | Loss: N/A (PSO)
Placing Sensors
[Episode 740/1000] Steps: 720 | Reward:   65.07 | Battery:  78.34% | Loss: N/A (PSO)
Placing Sensors
[Episode 741/1000] Steps: 720 | Reward:   56.50 | Battery:  77.43% | Loss: N/A (PSO)
Placing Sensors
[Episode 742/1000] Steps: 720 | Reward:   64.91 | Battery:  78.04% | Loss: N/A (PSO)
Placing Sensors
[Episode 743/1000] Steps: 720 | Reward: -110.98 | Battery:  19.21% | Loss: N/A (PSO)
Placing Sensors
[Episode 744/1000] Steps: 720 | Reward: -119.50 | Battery:  20.05% | Loss: N/A (PSO)
Placing Sensors
[Episode 745/1000] Steps: 720 | Reward:   57.20 | Battery:  78.93% | Loss: N/A (PSO)
Placing Sensors
[Episode 746/1000] Steps: 720 | Reward:   51.39 | Battery:  78.88% | Loss: N/A (PSO)
Placing Sensors
[Episode 747/1000] Steps: 720 | Reward:   68.43 | Battery:  78.28% | Loss: N/A (PSO)
Placing Sensors
[Episode 748/1000] Steps: 720 | Reward:   68.93 | Battery:  77.94% | Loss: N/A (PSO)
Placing Sensors
[Episode 749/1000] Steps: 720 | Reward:   65.32 | Battery:  77.92% | Loss: N/A (PSO)
Placing Sensors
[Episode 750/1000] Steps: 720 | Reward:  -73.54 | Battery:  37.52% | Loss: N/A (PSO)
Placing Sensors
[Episode 751/1000] Steps: 720 | Reward:   61.41 | Battery:  78.75% | Loss: N/A (PSO)
Placing Sensors
[Episode 752/1000] Steps: 720 | Reward:  -64.42 | Battery:  36.10% | Loss: N/A (PSO)
Placing Sensors
[Episode 753/1000] Steps: 720 | Reward:   68.51 | Battery:  77.94% | Loss: N/A (PSO)
Placing Sensors
[Episode 754/1000] Steps: 720 | Reward:   64.64 | Battery:  78.29% | Loss: N/A (PSO)
Placing Sensors
[Episode 755/1000] Steps: 720 | Reward: -132.16 | Battery:  20.47% | Loss: N/A (PSO)
Placing Sensors
[Episode 756/1000] Steps: 720 | Reward: -171.12 | Battery:  23.69% | Loss: N/A (PSO)
Placing Sensors
[Episode 757/1000] Steps: 720 | Reward:  -63.86 | Battery:  36.08% | Loss: N/A (PSO)
Placing Sensors
[Episode 758/1000] Steps: 720 | Reward:   24.18 | Battery:  77.47% | Loss: N/A (PSO)
Placing Sensors
[Episode 759/1000] Steps: 720 | Reward:   66.95 | Battery:  78.28% | Loss: N/A (PSO)
Placing Sensors
[Episode 760/1000] Steps: 720 | Reward:   54.23 | Battery:  78.21% | Loss: N/A (PSO)
Placing Sensors
[Episode 761/1000] Steps: 720 | Reward: -132.35 | Battery:  21.18% | Loss: N/A (PSO)
Placing Sensors
[Episode 762/1000] Steps: 720 | Reward:   65.09 | Battery:  77.98% | Loss: N/A (PSO)
Placing Sensors
[Episode 763/1000] Steps: 720 | Reward:   69.97 | Battery:  77.98% | Loss: N/A (PSO)
Placing Sensors
[Episode 764/1000] Steps: 720 | Reward:   59.77 | Battery:  78.94% | Loss: N/A (PSO)
Placing Sensors
[Episode 765/1000] Steps: 720 | Reward:   64.56 | Battery:  78.28% | Loss: N/A (PSO)
Placing Sensors
[Episode 766/1000] Steps: 720 | Reward:   67.86 | Battery:  78.29% | Loss: N/A (PSO)
Placing Sensors
[Episode 767/1000] Steps: 720 | Reward:   62.90 | Battery:  77.98% | Loss: N/A (PSO)
Placing Sensors
[Episode 768/1000] Steps: 720 | Reward:   44.23 | Battery:  78.01% | Loss: N/A (PSO)
Placing Sensors
[Episode 769/1000] Steps: 720 | Reward:   68.31 | Battery:  78.28% | Loss: N/A (PSO)
Placing Sensors
[Episode 770/1000] Steps: 720 | Reward:   69.32 | Battery:  78.28% | Loss: N/A (PSO)
Placing Sensors
[Episode 771/1000] Steps: 720 | Reward:   67.02 | Battery:  78.28% | Loss: N/A (PSO)
Placing Sensors
[Episode 772/1000] Steps: 720 | Reward:   62.09 | Battery:  78.29% | Loss: N/A (PSO)
Placing Sensors
[Episode 773/1000] Steps: 720 | Reward: -120.17 | Battery:  19.91% | Loss: N/A (PSO)
Placing Sensors
[Episode 774/1000] Steps: 720 | Reward: -124.74 | Battery:  20.19% | Loss: N/A (PSO)
Placing Sensors
[Episode 775/1000] Steps: 720 | Reward:   64.79 | Battery:  78.29% | Loss: N/A (PSO)
Placing Sensors
[Episode 776/1000] Steps: 720 | Reward:   64.44 | Battery:  78.29% | Loss: N/A (PSO)
Placing Sensors
[Episode 777/1000] Steps: 720 | Reward:    5.23 | Battery:  68.22% | Loss: N/A (PSO)
Placing Sensors
[Episode 778/1000] Steps: 720 | Reward:   67.55 | Battery:  78.51% | Loss: N/A (PSO)
Placing Sensors
[Episode 779/1000] Steps: 720 | Reward:   37.67 | Battery:  78.53% | Loss: N/A (PSO)
Placing Sensors
[Episode 780/1000] Steps: 720 | Reward:   67.74 | Battery:  77.45% | Loss: N/A (PSO)
Placing Sensors
[Episode 781/1000] Steps: 720 | Reward:   60.76 | Battery:  78.28% | Loss: N/A (PSO)
Placing Sensors
[Episode 782/1000] Steps: 720 | Reward:   69.72 | Battery:  78.34% | Loss: N/A (PSO)
Placing Sensors
[Episode 783/1000] Steps: 720 | Reward:   55.82 | Battery:  78.90% | Loss: N/A (PSO)
Placing Sensors
[Episode 784/1000] Steps: 720 | Reward:  -54.17 | Battery:  35.17% | Loss: N/A (PSO)
Placing Sensors
[Episode 785/1000] Steps: 720 | Reward:   72.68 | Battery:  78.28% | Loss: N/A (PSO)
Placing Sensors
[Episode 786/1000] Steps: 720 | Reward:   -7.56 | Battery:  78.90% | Loss: N/A (PSO)
Placing Sensors
[Episode 787/1000] Steps: 720 | Reward:   63.66 | Battery:  78.34% | Loss: N/A (PSO)
Placing Sensors
[Episode 788/1000] Steps: 720 | Reward:   63.30 | Battery:  78.34% | Loss: N/A (PSO)
Placing Sensors
[Episode 789/1000] Steps: 720 | Reward:  -65.30 | Battery:  36.22% | Loss: N/A (PSO)
Placing Sensors
[Episode 790/1000] Steps: 720 | Reward:   64.73 | Battery:  77.55% | Loss: N/A (PSO)
Placing Sensors
[Episode 791/1000] Steps: 720 | Reward:   70.27 | Battery:  78.29% | Loss: N/A (PSO)
Placing Sensors
[Episode 792/1000] Steps: 720 | Reward:   63.02 | Battery:  78.22% | Loss: N/A (PSO)
Placing Sensors
[Episode 793/1000] Steps: 720 | Reward:   41.13 | Battery:  78.68% | Loss: N/A (PSO)
Placing Sensors
[Episode 794/1000] Steps: 720 | Reward:   64.55 | Battery:  78.29% | Loss: N/A (PSO)
Placing Sensors
[Episode 795/1000] Steps: 720 | Reward:   59.97 | Battery:  78.52% | Loss: N/A (PSO)
Placing Sensors
[Episode 796/1000] Steps: 720 | Reward:   69.36 | Battery:  78.34% | Loss: N/A (PSO)
Placing Sensors
[Episode 797/1000] Steps: 720 | Reward:   30.63 | Battery:  78.19% | Loss: N/A (PSO)
Placing Sensors
[Episode 798/1000] Steps: 720 | Reward:  -68.48 | Battery:  36.19% | Loss: N/A (PSO)
Placing Sensors
[Episode 799/1000] Steps: 720 | Reward:   55.39 | Battery:  78.81% | Loss: N/A (PSO)
Placing Sensors
[Episode 800/1000] Steps: 720 | Reward:   67.30 | Battery:  78.28% | Loss: N/A (PSO)
Placing Sensors
[Episode 801/1000] Steps: 720 | Reward:   66.03 | Battery:  78.29% | Loss: N/A (PSO)
Placing Sensors
[Episode 802/1000] Steps: 720 | Reward: -148.33 | Battery:  21.89% | Loss: N/A (PSO)
Placing Sensors
[Episode 803/1000] Steps: 720 | Reward:   62.04 | Battery:  78.28% | Loss: N/A (PSO)
Placing Sensors
[Episode 804/1000] Steps: 720 | Reward:   62.59 | Battery:  78.59% | Loss: N/A (PSO)
Placing Sensors
[Episode 805/1000] Steps: 720 | Reward:   65.34 | Battery:  78.34% | Loss: N/A (PSO)
Placing Sensors
[Episode 806/1000] Steps: 720 | Reward:   54.71 | Battery:  78.93% | Loss: N/A (PSO)
Placing Sensors
[Episode 807/1000] Steps: 720 | Reward:   43.53 | Battery:  78.23% | Loss: N/A (PSO)
Placing Sensors
[Episode 808/1000] Steps: 720 | Reward: -105.93 | Battery:  18.83% | Loss: N/A (PSO)
Placing Sensors
[Episode 809/1000] Steps: 720 | Reward:  -64.12 | Battery:  36.19% | Loss: N/A (PSO)
Placing Sensors
[Episode 810/1000] Steps: 720 | Reward:  -54.77 | Battery:  35.70% | Loss: N/A (PSO)
Placing Sensors
[Episode 811/1000] Steps: 720 | Reward:   27.14 | Battery:  74.70% | Loss: N/A (PSO)
Placing Sensors
[Episode 812/1000] Steps: 720 | Reward:   64.67 | Battery:  78.29% | Loss: N/A (PSO)
Placing Sensors
[Episode 813/1000] Steps: 720 | Reward:   70.05 | Battery:  78.28% | Loss: N/A (PSO)
Placing Sensors
[Episode 814/1000] Steps: 720 | Reward: -109.92 | Battery:  39.44% | Loss: N/A (PSO)
Placing Sensors
[Episode 815/1000] Steps: 720 | Reward:   64.42 | Battery:  78.28% | Loss: N/A (PSO)
Placing Sensors
[Episode 816/1000] Steps: 720 | Reward:   64.56 | Battery:  78.29% | Loss: N/A (PSO)
Placing Sensors
[Episode 817/1000] Steps: 720 | Reward:   62.49 | Battery:  78.50% | Loss: N/A (PSO)
Placing Sensors
[Episode 818/1000] Steps: 720 | Reward:   66.48 | Battery:  78.28% | Loss: N/A (PSO)
Placing Sensors
[Episode 819/1000] Steps: 720 | Reward:   66.96 | Battery:  78.28% | Loss: N/A (PSO)
Placing Sensors
[Episode 820/1000] Steps: 720 | Reward:   70.75 | Battery:  78.29% | Loss: N/A (PSO)
Placing Sensors
[Episode 821/1000] Steps: 720 | Reward:   67.97 | Battery:  77.94% | Loss: N/A (PSO)
Placing Sensors
[Episode 822/1000] Steps: 720 | Reward:   55.40 | Battery:  78.29% | Loss: N/A (PSO)
Placing Sensors
[Episode 823/1000] Steps: 720 | Reward:   67.23 | Battery:  78.34% | Loss: N/A (PSO)
Placing Sensors
[Episode 824/1000] Steps: 720 | Reward:   70.01 | Battery:  78.28% | Loss: N/A (PSO)
Placing Sensors
[Episode 825/1000] Steps: 720 | Reward:   37.63 | Battery:  77.43% | Loss: N/A (PSO)
Placing Sensors
[Episode 826/1000] Steps: 720 | Reward:  -28.70 | Battery:  70.85% | Loss: N/A (PSO)
Placing Sensors
[Episode 827/1000] Steps: 720 | Reward:   12.20 | Battery:  75.17% | Loss: N/A (PSO)
Placing Sensors
[Episode 828/1000] Steps: 720 | Reward:   55.51 | Battery:  78.11% | Loss: N/A (PSO)
Placing Sensors
[Episode 829/1000] Steps: 720 | Reward:   69.33 | Battery:  78.34% | Loss: N/A (PSO)
Placing Sensors
[Episode 830/1000] Steps: 720 | Reward:   57.85 | Battery:  78.53% | Loss: N/A (PSO)
Placing Sensors
[Episode 831/1000] Steps: 720 | Reward:  -74.95 | Battery:  37.56% | Loss: N/A (PSO)
Placing Sensors
[Episode 832/1000] Steps: 720 | Reward:   64.28 | Battery:  78.34% | Loss: N/A (PSO)
Placing Sensors
[Episode 833/1000] Steps: 720 | Reward:   66.73 | Battery:  78.28% | Loss: N/A (PSO)
Placing Sensors
[Episode 834/1000] Steps: 720 | Reward:   68.31 | Battery:  78.28% | Loss: N/A (PSO)
Placing Sensors
[Episode 835/1000] Steps: 720 | Reward:   66.46 | Battery:  78.29% | Loss: N/A (PSO)
Placing Sensors
[Episode 836/1000] Steps: 720 | Reward:   71.44 | Battery:  78.29% | Loss: N/A (PSO)
Placing Sensors
[Episode 837/1000] Steps: 720 | Reward:   49.41 | Battery:  78.33% | Loss: N/A (PSO)
Placing Sensors
[Episode 838/1000] Steps: 720 | Reward:   71.47 | Battery:  78.34% | Loss: N/A (PSO)
Placing Sensors
[Episode 839/1000] Steps: 720 | Reward:   58.88 | Battery:  78.28% | Loss: N/A (PSO)
Placing Sensors
[Episode 840/1000] Steps: 720 | Reward:  -93.74 | Battery:  38.46% | Loss: N/A (PSO)
Placing Sensors
[Episode 841/1000] Steps: 720 | Reward:  -51.90 | Battery:  35.17% | Loss: N/A (PSO)
Placing Sensors
[Episode 842/1000] Steps: 720 | Reward:   70.85 | Battery:  78.34% | Loss: N/A (PSO)
Placing Sensors
[Episode 843/1000] Steps: 720 | Reward:   68.91 | Battery:  77.92% | Loss: N/A (PSO)
Placing Sensors
[Episode 844/1000] Steps: 720 | Reward:   64.01 | Battery:  78.29% | Loss: N/A (PSO)
Placing Sensors
[Episode 845/1000] Steps: 720 | Reward:   66.07 | Battery:  77.92% | Loss: N/A (PSO)
Placing Sensors
[Episode 846/1000] Steps: 720 | Reward:   29.79 | Battery:  78.79% | Loss: N/A (PSO)
Placing Sensors
[Episode 847/1000] Steps: 720 | Reward: -264.07 | Battery:  34.02% | Loss: N/A (PSO)
Placing Sensors
[Episode 848/1000] Steps: 720 | Reward:   64.71 | Battery:  78.28% | Loss: N/A (PSO)
Placing Sensors
[Episode 849/1000] Steps: 720 | Reward:   65.16 | Battery:  77.98% | Loss: N/A (PSO)
Placing Sensors
[Episode 850/1000] Steps: 720 | Reward:   49.35 | Battery:  77.98% | Loss: N/A (PSO)
Placing Sensors
[Episode 851/1000] Steps: 720 | Reward:   65.77 | Battery:  78.28% | Loss: N/A (PSO)
Placing Sensors
[Episode 852/1000] Steps: 720 | Reward:  -50.13 | Battery:  35.42% | Loss: N/A (PSO)
Placing Sensors
[Episode 853/1000] Steps: 720 | Reward:   70.53 | Battery:  78.29% | Loss: N/A (PSO)
Placing Sensors
[Episode 854/1000] Steps: 720 | Reward:   67.63 | Battery:  78.29% | Loss: N/A (PSO)
Placing Sensors
[Episode 855/1000] Steps: 720 | Reward:   65.75 | Battery:  78.29% | Loss: N/A (PSO)
Placing Sensors
[Episode 856/1000] Steps: 720 | Reward:   49.41 | Battery:  78.29% | Loss: N/A (PSO)
Placing Sensors
[Episode 857/1000] Steps: 720 | Reward:   61.97 | Battery:  78.26% | Loss: N/A (PSO)
Placing Sensors
[Episode 858/1000] Steps: 720 | Reward:  -46.25 | Battery:  35.17% | Loss: N/A (PSO)
Placing Sensors
[Episode 859/1000] Steps: 720 | Reward:   67.96 | Battery:  78.30% | Loss: N/A (PSO)
Placing Sensors
[Episode 860/1000] Steps: 720 | Reward:   71.39 | Battery:  78.28% | Loss: N/A (PSO)
Placing Sensors
[Episode 861/1000] Steps: 720 | Reward: -128.58 | Battery:  39.84% | Loss: N/A (PSO)
Placing Sensors
[Episode 862/1000] Steps: 720 | Reward:   52.53 | Battery:  78.63% | Loss: N/A (PSO)
Placing Sensors
[Episode 863/1000] Steps: 720 | Reward:   49.63 | Battery:  78.80% | Loss: N/A (PSO)
Placing Sensors
[Episode 864/1000] Steps: 720 | Reward:   67.72 | Battery:  77.94% | Loss: N/A (PSO)
Placing Sensors
[Episode 865/1000] Steps: 720 | Reward:  -46.05 | Battery:  35.29% | Loss: N/A (PSO)
Placing Sensors
[Episode 866/1000] Steps: 720 | Reward:    2.48 | Battery:  78.81% | Loss: N/A (PSO)
Placing Sensors
[Episode 867/1000] Steps: 720 | Reward:   67.44 | Battery:  77.94% | Loss: N/A (PSO)
Placing Sensors
[Episode 868/1000] Steps: 720 | Reward:   66.10 | Battery:  78.34% | Loss: N/A (PSO)
Placing Sensors
[Episode 869/1000] Steps: 720 | Reward:   70.84 | Battery:  78.28% | Loss: N/A (PSO)
Placing Sensors
[Episode 870/1000] Steps: 720 | Reward:   54.94 | Battery:  78.75% | Loss: N/A (PSO)
Placing Sensors
[Episode 871/1000] Steps: 720 | Reward:   68.88 | Battery:  78.28% | Loss: N/A (PSO)
Placing Sensors
[Episode 872/1000] Steps: 720 | Reward:  -51.64 | Battery:  35.71% | Loss: N/A (PSO)
Placing Sensors
[Episode 873/1000] Steps: 720 | Reward:   57.18 | Battery:  78.16% | Loss: N/A (PSO)
Placing Sensors
[Episode 874/1000] Steps: 720 | Reward:   65.07 | Battery:  78.28% | Loss: N/A (PSO)
Placing Sensors
[Episode 875/1000] Steps: 720 | Reward:   64.49 | Battery:  78.34% | Loss: N/A (PSO)
Placing Sensors
[Episode 876/1000] Steps: 720 | Reward: -153.08 | Battery:  22.16% | Loss: N/A (PSO)
Placing Sensors
[Episode 877/1000] Steps: 720 | Reward:  -10.91 | Battery:  78.34% | Loss: N/A (PSO)
Placing Sensors
[Episode 878/1000] Steps: 720 | Reward:   35.31 | Battery:  78.15% | Loss: N/A (PSO)
Placing Sensors
[Episode 879/1000] Steps: 720 | Reward:   64.37 | Battery:  78.71% | Loss: N/A (PSO)
Placing Sensors
[Episode 880/1000] Steps: 720 | Reward:  -53.93 | Battery:  57.04% | Loss: N/A (PSO)
Placing Sensors
[Episode 881/1000] Steps: 720 | Reward:   69.26 | Battery:  78.28% | Loss: N/A (PSO)
Placing Sensors
[Episode 882/1000] Steps: 720 | Reward:   51.96 | Battery:  78.91% | Loss: N/A (PSO)
Placing Sensors
[Episode 883/1000] Steps: 720 | Reward:   69.46 | Battery:  78.28% | Loss: N/A (PSO)
Placing Sensors
[Episode 884/1000] Steps: 720 | Reward:   70.73 | Battery:  77.94% | Loss: N/A (PSO)
Placing Sensors
[Episode 885/1000] Steps: 720 | Reward:   68.49 | Battery:  78.29% | Loss: N/A (PSO)
Placing Sensors
[Episode 886/1000] Steps: 720 | Reward:   55.22 | Battery:  78.58% | Loss: N/A (PSO)
Placing Sensors
[Episode 887/1000] Steps: 720 | Reward:   67.31 | Battery:  78.31% | Loss: N/A (PSO)
Placing Sensors
[Episode 888/1000] Steps: 720 | Reward:  -54.79 | Battery:  35.62% | Loss: N/A (PSO)
Placing Sensors
[Episode 889/1000] Steps: 720 | Reward:   66.73 | Battery:  78.61% | Loss: N/A (PSO)
Placing Sensors
[Episode 890/1000] Steps: 720 | Reward:   44.35 | Battery:  78.54% | Loss: N/A (PSO)
Placing Sensors
[Episode 891/1000] Steps: 720 | Reward:   60.10 | Battery:  78.89% | Loss: N/A (PSO)
Placing Sensors
[Episode 892/1000] Steps: 720 | Reward:   57.40 | Battery:  78.23% | Loss: N/A (PSO)
Placing Sensors
[Episode 893/1000] Steps: 720 | Reward: -131.26 | Battery:  20.90% | Loss: N/A (PSO)
Placing Sensors
[Episode 894/1000] Steps: 720 | Reward:   21.47 | Battery:  73.67% | Loss: N/A (PSO)
Placing Sensors
[Episode 895/1000] Steps: 720 | Reward:   61.99 | Battery:  78.68% | Loss: N/A (PSO)
Placing Sensors
[Episode 896/1000] Steps: 720 | Reward:   32.42 | Battery:  78.56% | Loss: N/A (PSO)
Placing Sensors
[Episode 897/1000] Steps: 720 | Reward:  -67.19 | Battery:  36.13% | Loss: N/A (PSO)
Placing Sensors
[Episode 898/1000] Steps: 720 | Reward:   66.15 | Battery:  78.28% | Loss: N/A (PSO)
Placing Sensors
[Episode 899/1000] Steps: 720 | Reward:   63.28 | Battery:  78.29% | Loss: N/A (PSO)
Placing Sensors
[Episode 900/1000] Steps: 720 | Reward:   69.93 | Battery:  78.01% | Loss: N/A (PSO)
Placing Sensors
[Episode 901/1000] Steps: 720 | Reward:   51.07 | Battery:  78.84% | Loss: N/A (PSO)
Placing Sensors
[Episode 902/1000] Steps: 720 | Reward: -107.82 | Battery:  19.10% | Loss: N/A (PSO)
Placing Sensors
[Episode 903/1000] Steps: 720 | Reward: -133.09 | Battery:  21.28% | Loss: N/A (PSO)
Placing Sensors
[Episode 904/1000] Steps: 720 | Reward:  -72.59 | Battery:  35.93% | Loss: N/A (PSO)
Placing Sensors
[Episode 905/1000] Steps: 720 | Reward:  -83.56 | Battery:  36.10% | Loss: N/A (PSO)
Placing Sensors
[Episode 906/1000] Steps: 720 | Reward:   -3.25 | Battery:  77.53% | Loss: N/A (PSO)
Placing Sensors
[Episode 907/1000] Steps: 720 | Reward:   68.26 | Battery:  78.34% | Loss: N/A (PSO)
Placing Sensors
[Episode 908/1000] Steps: 720 | Reward:   67.14 | Battery:  78.29% | Loss: N/A (PSO)
Placing Sensors
[Episode 909/1000] Steps: 720 | Reward:  -60.78 | Battery:  36.44% | Loss: N/A (PSO)
Placing Sensors
[Episode 910/1000] Steps: 720 | Reward:  -78.40 | Battery:  36.26% | Loss: N/A (PSO)
Placing Sensors
[Episode 911/1000] Steps: 720 | Reward:   68.74 | Battery:  78.28% | Loss: N/A (PSO)
Placing Sensors
[Episode 912/1000] Steps: 720 | Reward:   71.18 | Battery:  78.28% | Loss: N/A (PSO)
Placing Sensors
[Episode 913/1000] Steps: 720 | Reward:   46.36 | Battery:  77.45% | Loss: N/A (PSO)
Placing Sensors
[Episode 914/1000] Steps: 720 | Reward:   62.06 | Battery:  78.34% | Loss: N/A (PSO)
Placing Sensors
[Episode 915/1000] Steps: 720 | Reward:  -64.48 | Battery:  36.24% | Loss: N/A (PSO)
Placing Sensors
[Episode 916/1000] Steps: 720 | Reward:   62.62 | Battery:  78.28% | Loss: N/A (PSO)
Placing Sensors
[Episode 917/1000] Steps: 720 | Reward:   71.01 | Battery:  78.30% | Loss: N/A (PSO)
Placing Sensors
[Episode 918/1000] Steps: 720 | Reward:   65.45 | Battery:  77.91% | Loss: N/A (PSO)
Placing Sensors
[Episode 919/1000] Steps: 720 | Reward:   66.84 | Battery:  78.73% | Loss: N/A (PSO)
Placing Sensors
[Episode 920/1000] Steps: 720 | Reward:   65.81 | Battery:  77.92% | Loss: N/A (PSO)
Placing Sensors
[Episode 921/1000] Steps: 720 | Reward:   68.14 | Battery:  78.28% | Loss: N/A (PSO)
Placing Sensors
[Episode 922/1000] Steps: 720 | Reward:   70.56 | Battery:  78.34% | Loss: N/A (PSO)
Placing Sensors
[Episode 923/1000] Steps: 720 | Reward:   70.95 | Battery:  78.28% | Loss: N/A (PSO)
Placing Sensors
[Episode 924/1000] Steps: 720 | Reward:   16.57 | Battery:  79.22% | Loss: N/A (PSO)
Placing Sensors
[Episode 925/1000] Steps: 720 | Reward:   70.50 | Battery:  78.29% | Loss: N/A (PSO)
Placing Sensors
[Episode 926/1000] Steps: 720 | Reward:   55.32 | Battery:  78.57% | Loss: N/A (PSO)
Placing Sensors
[Episode 927/1000] Steps: 720 | Reward:   65.11 | Battery:  78.29% | Loss: N/A (PSO)
Placing Sensors
[Episode 928/1000] Steps: 720 | Reward:   70.20 | Battery:  78.57% | Loss: N/A (PSO)
Placing Sensors
[Episode 929/1000] Steps: 720 | Reward:   42.69 | Battery:  78.85% | Loss: N/A (PSO)
Placing Sensors
[Episode 930/1000] Steps: 720 | Reward:   63.56 | Battery:  78.28% | Loss: N/A (PSO)
Placing Sensors
[Episode 931/1000] Steps: 720 | Reward: -117.79 | Battery:  19.45% | Loss: N/A (PSO)
Placing Sensors
[Episode 932/1000] Steps: 720 | Reward:   53.41 | Battery:  78.87% | Loss: N/A (PSO)
Placing Sensors
[Episode 933/1000] Steps: 720 | Reward:   57.63 | Battery:  78.93% | Loss: N/A (PSO)
Placing Sensors
[Episode 934/1000] Steps: 720 | Reward:  -59.45 | Battery:  36.16% | Loss: N/A (PSO)
Placing Sensors
[Episode 935/1000] Steps: 720 | Reward:   64.00 | Battery:  77.94% | Loss: N/A (PSO)
Placing Sensors
[Episode 936/1000] Steps: 720 | Reward:   67.60 | Battery:  78.29% | Loss: N/A (PSO)
Placing Sensors
[Episode 937/1000] Steps: 720 | Reward:   67.37 | Battery:  78.29% | Loss: N/A (PSO)
Placing Sensors
[Episode 938/1000] Steps: 720 | Reward:   64.87 | Battery:  78.28% | Loss: N/A (PSO)
Placing Sensors
[Episode 939/1000] Steps: 720 | Reward:   69.22 | Battery:  78.28% | Loss: N/A (PSO)
Placing Sensors
[Episode 940/1000] Steps: 720 | Reward:   43.34 | Battery:  78.62% | Loss: N/A (PSO)
Placing Sensors
[Episode 941/1000] Steps: 720 | Reward:   66.07 | Battery:  78.29% | Loss: N/A (PSO)
Placing Sensors
[Episode 942/1000] Steps: 720 | Reward:   64.69 | Battery:  77.92% | Loss: N/A (PSO)
Placing Sensors
[Episode 943/1000] Steps: 720 | Reward:   62.43 | Battery:  78.28% | Loss: N/A (PSO)
Placing Sensors
[Episode 944/1000] Steps: 720 | Reward:   66.14 | Battery:  78.29% | Loss: N/A (PSO)
Placing Sensors
[Episode 945/1000] Steps: 720 | Reward:  -22.58 | Battery:  57.65% | Loss: N/A (PSO)
Placing Sensors
[Episode 946/1000] Steps: 720 | Reward:   67.14 | Battery:  78.34% | Loss: N/A (PSO)
Placing Sensors
[Episode 947/1000] Steps: 720 | Reward:   69.34 | Battery:  78.34% | Loss: N/A (PSO)
Placing Sensors
[Episode 948/1000] Steps: 720 | Reward:   46.29 | Battery:  77.92% | Loss: N/A (PSO)
Placing Sensors
[Episode 949/1000] Steps: 720 | Reward:   70.58 | Battery:  78.34% | Loss: N/A (PSO)
Placing Sensors
[Episode 950/1000] Steps: 720 | Reward:   61.99 | Battery:  77.99% | Loss: N/A (PSO)
Placing Sensors
[Episode 951/1000] Steps: 720 | Reward:   67.59 | Battery:  78.29% | Loss: N/A (PSO)
Placing Sensors
[Episode 952/1000] Steps: 720 | Reward:   71.57 | Battery:  78.28% | Loss: N/A (PSO)
Placing Sensors
[Episode 953/1000] Steps: 720 | Reward:   64.24 | Battery:  78.29% | Loss: N/A (PSO)
Placing Sensors
[Episode 954/1000] Steps: 720 | Reward:    2.37 | Battery:  78.47% | Loss: N/A (PSO)
Placing Sensors
[Episode 955/1000] Steps: 720 | Reward:   69.32 | Battery:  78.48% | Loss: N/A (PSO)
Placing Sensors
[Episode 956/1000] Steps: 720 | Reward:   66.06 | Battery:  78.29% | Loss: N/A (PSO)
Placing Sensors
[Episode 957/1000] Steps: 720 | Reward:   69.57 | Battery:  78.29% | Loss: N/A (PSO)
Placing Sensors
[Episode 958/1000] Steps: 720 | Reward: -101.67 | Battery:  18.95% | Loss: N/A (PSO)
Placing Sensors
[Episode 959/1000] Steps: 720 | Reward:  -56.89 | Battery:  35.82% | Loss: N/A (PSO)
Placing Sensors
[Episode 960/1000] Steps: 720 | Reward:   69.73 | Battery:  78.28% | Loss: N/A (PSO)
Placing Sensors
[Episode 961/1000] Steps: 720 | Reward:   64.34 | Battery:  78.41% | Loss: N/A (PSO)
Placing Sensors
[Episode 962/1000] Steps: 720 | Reward:   67.99 | Battery:  78.34% | Loss: N/A (PSO)
Placing Sensors
[Episode 963/1000] Steps: 720 | Reward:   67.96 | Battery:  77.98% | Loss: N/A (PSO)
Placing Sensors
[Episode 964/1000] Steps: 720 | Reward:   65.34 | Battery:  77.94% | Loss: N/A (PSO)
Placing Sensors
[Episode 965/1000] Steps: 720 | Reward:   69.77 | Battery:  78.34% | Loss: N/A (PSO)
Placing Sensors
[Episode 966/1000] Steps: 720 | Reward:   -6.92 | Battery:  77.93% | Loss: N/A (PSO)
Placing Sensors
[Episode 967/1000] Steps: 720 | Reward:   61.68 | Battery:  78.72% | Loss: N/A (PSO)
Placing Sensors
[Episode 968/1000] Steps: 720 | Reward:  -47.51 | Battery:  35.42% | Loss: N/A (PSO)
Placing Sensors
[Episode 969/1000] Steps: 720 | Reward:   66.20 | Battery:  77.98% | Loss: N/A (PSO)
Placing Sensors
[Episode 970/1000] Steps: 720 | Reward:   52.66 | Battery:  77.98% | Loss: N/A (PSO)
Placing Sensors
[Episode 971/1000] Steps: 720 | Reward: -122.65 | Battery:  20.08% | Loss: N/A (PSO)
Placing Sensors
[Episode 972/1000] Steps: 720 | Reward: -135.50 | Battery:  20.95% | Loss: N/A (PSO)
Placing Sensors
[Episode 973/1000] Steps: 720 | Reward:   49.35 | Battery:  78.89% | Loss: N/A (PSO)
Placing Sensors
[Episode 974/1000] Steps: 720 | Reward:   67.49 | Battery:  78.34% | Loss: N/A (PSO)
Placing Sensors
[Episode 975/1000] Steps: 720 | Reward:   57.59 | Battery:  78.31% | Loss: N/A (PSO)
Placing Sensors
[Episode 976/1000] Steps: 720 | Reward:   69.89 | Battery:  78.28% | Loss: N/A (PSO)
Placing Sensors
[Episode 977/1000] Steps: 720 | Reward:   43.79 | Battery:  78.89% | Loss: N/A (PSO)
Placing Sensors
[Episode 978/1000] Steps: 720 | Reward:   59.06 | Battery:  78.57% | Loss: N/A (PSO)
Placing Sensors
[Episode 979/1000] Steps: 720 | Reward:   67.70 | Battery:  78.28% | Loss: N/A (PSO)
Placing Sensors
[Episode 980/1000] Steps: 720 | Reward:   53.96 | Battery:  78.62% | Loss: N/A (PSO)
Placing Sensors
[Episode 981/1000] Steps: 720 | Reward:  -59.76 | Battery:  39.05% | Loss: N/A (PSO)
Placing Sensors
[Episode 982/1000] Steps: 720 | Reward:   68.31 | Battery:  78.29% | Loss: N/A (PSO)
Placing Sensors
[Episode 983/1000] Steps: 720 | Reward:   48.16 | Battery:  78.81% | Loss: N/A (PSO)
Placing Sensors
[Episode 984/1000] Steps: 720 | Reward:    8.96 | Battery:  74.76% | Loss: N/A (PSO)
Placing Sensors
[Episode 985/1000] Steps: 720 | Reward:   50.76 | Battery:  78.56% | Loss: N/A (PSO)
Placing Sensors
[Episode 986/1000] Steps: 720 | Reward:   67.78 | Battery:  78.29% | Loss: N/A (PSO)
Placing Sensors
[Episode 987/1000] Steps: 720 | Reward:   57.81 | Battery:  78.93% | Loss: N/A (PSO)
Placing Sensors
[Episode 988/1000] Steps: 720 | Reward:   68.86 | Battery:  78.34% | Loss: N/A (PSO)
Placing Sensors
[Episode 989/1000] Steps: 720 | Reward:   67.38 | Battery:  77.98% | Loss: N/A (PSO)
Placing Sensors
[Episode 990/1000] Steps: 720 | Reward:   60.21 | Battery:  78.29% | Loss: N/A (PSO)
Placing Sensors
[Episode 991/1000] Steps: 720 | Reward:   68.85 | Battery:  78.29% | Loss: N/A (PSO)
Placing Sensors
[Episode 992/1000] Steps: 720 | Reward:   69.44 | Battery:  78.29% | Loss: N/A (PSO)
Placing Sensors
[Episode 993/1000] Steps: 720 | Reward:   67.69 | Battery:  77.92% | Loss: N/A (PSO)
Placing Sensors
[Episode 994/1000] Steps: 720 | Reward:   50.43 | Battery:  78.84% | Loss: N/A (PSO)
Placing Sensors
[Episode 995/1000] Steps: 720 | Reward:   17.81 | Battery:  78.85% | Loss: N/A (PSO)
Placing Sensors
[Episode 996/1000] Steps: 720 | Reward:   69.87 | Battery:  78.29% | Loss: N/A (PSO)
Placing Sensors
[Episode 997/1000] Steps: 720 | Reward:  -50.80 | Battery:  35.29% | Loss: N/A (PSO)
Placing Sensors
[Episode 998/1000] Steps: 720 | Reward:  -58.04 | Battery:  36.32% | Loss: N/A (PSO)
Placing Sensors
[Episode 999/1000] Steps: 720 | Reward:   66.71 | Battery:  78.34% | Loss: N/A (PSO)
Placing Sensors
[Episode 1000/1000] Steps: 720 | Reward:   52.90 | Battery:  78.33% | Loss: N/A (PSO)
Placing Sensors

==============================
FINAL EVALUATION COMPLETE
==============================

==============================
FINAL EVALUATION COMPLETE
==============================
Total Steps Performed: 720
Final Battery Level: 78.33%
