episode,steps,final_battery,total_reward,total_directional_reward,total_battery_reward,total_movement_penalty,loss,episode_time,rollout_time,inference_time,env_time,update_time,peak_solar_w,mean_solar_w,start_battery,min_battery,idle_mAh,motion_mAh,path_m,turn_integral,net_displacement_m,V_start,V_end,alpha_T,E_max,E_argmax
1,60,0.0,-17.75276398452366,-0.4286570228267352,-0.7614388420901704,0.0374033568630114,,7.855745476670563,7.605093359015882,0.2179753314703703,7.387118027545512,0.0,2.781533840254383,0.4130091424584925,30.19099483101786,0.0,973.1668147314093,124.09734838662249,154.44434808953523,115.25329960474733,42.333449360177724,2.0005033016204834,2.9399631023406982,nan,0.9394598007202148,59
2,85,0.0,-17.680130104496506,-0.7646479177067497,-0.9685894314018576,0.04659985181139726,,9.56559130270034,9.307327471673489,0.13287557754665613,9.174451894126832,0.0,8.767051740336449,0.8984824326970537,37.73636394458143,0.0,1375.4674344026223,153.14782346112514,192.63836412544075,152.57766266674477,4.070005529349885,1.9627004861831665,3.0249183177948,nan,1.0622178316116333,84
3,720,34.52278547344065,-8.452612932156832,-3.80440349742223,-4.214766753540028,0.4301525235335526,,40.488046299666166,40.24983382970095,1.1062057195231318,39.143628110177815,0.0,42.25381135493329,16.083463700187846,32.636070296546784,15.014824421372866,11592.889931940757,1304.7142867383254,1778.8757513941557,1412.896750292995,126.39531684806204,2.190286159515381,2.0484917163848877,0.06473786199784337,0.4027366638183594,111
4,79,0.0,-17.716217277616767,-0.677888013406378,-0.9416007749782841,0.04638256188127471,,9.516552365384996,9.245053822174668,0.1228868393227458,9.122166982851923,0.0,10.723542064328498,1.2918749193449974,35.78672938035808,0.0,1279.9892664248919,152.8888919608686,191.68478908187683,151.70886767200722,18.34659538359719,2.013047456741333,3.0669538974761963,nan,1.0539064407348633,78
5,66,0.0,-17.819638620570537,-0.5949484579110472,-0.8098053251532903,0.03954591262213321,,8.716652902774513,8.454879665747285,0.10243454296141863,8.352445122785866,0.0,5.99596584558355,0.5703718587261403,32.16376694537122,0.0,1069.474131847724,130.19369603962016,163.13370626656507,123.25580485670757,5.730542052120312,2.1258087158203125,3.1063246726989746,nan,0.9805159568786621,65
6,79,0.0,-17.635221456033644,-0.5083130821336598,-1.0299481187136936,0.04659283833486808,,10.897484419867396,10.6268365457654,0.12467256560921669,10.502163980156183,0.0,16.844835843909834,3.6089113765180505,31.194700627614175,0.0,1284.20359286123,155.72342027551338,192.96968002785022,149.4786308700839,20.587118635084455,2.204031467437744,3.0133883953094482,nan,0.8093569278717041,78
7,720,46.41514355708449,-5.65189931762699,-3.325896627403701,-1.8846039627799158,0.4380881168153209,1.3368867635726929,44.670704799704254,43.67413734458387,1.0993786230683327,42.574758721515536,0.7463274514302611,42.25290454080255,18.436554756630237,38.43400107632098,26.225589399386077,11582.399999999901,1246.2205367805338,1811.5338385946504,1396.8683672988507,148.03869215630905,1.744638204574585,1.5131467580795288,0.13268736514428403,0.39565539360046387,76
8,75,0.0,-17.717874419429595,-0.5909103087109379,-0.9281407340683084,0.04849843701728697,,9.001562662422657,8.770146842114627,0.11033313535153866,8.659813706763089,0.0,7.889274468165792,1.919786878894505,32.5747581801968,0.0,1215.8797206365261,157.18176404035108,198.5143487016033,120.20527612174818,47.20693625507134,2.0548768043518066,2.854170799255371,nan,0.7995281219482422,73
9,720,22.36605683999113,-7.666276292283478,-3.908755534272759,-3.352684998320064,0.40158823576267594,,39.97450934629887,39.7389601347968,1.04097814951092,38.69798198528588,0.0,41.57645171716011,15.601269735023662,35.44740101829007,20.7808578917674,11584.04986198118,1194.5967318929308,1659.5882468995387,1384.0713457961897,68.67681266457707,2.110806465148926,2.609992742538452,-0.23649078474577578,0.49918627738952637,719
10,192,0.0,-17.139941081795868,-1.2739052883666462,-2.519798118960864,0.12031077206325463,,13.515368257649243,13.293728951364756,0.27953668124973774,13.014192270115018,0.0,27.508866677443155,8.90287485808299,38.26827788886417,0.0,3124.446873167365,399.9185974495129,496.99806468751376,346.2945596695844,25.360435114542547,1.966007113456726,2.4301931858062744,nan,0.7843307256698608,65
11,96,0.0,-17.530976058380435,-0.7487866725828458,-1.097269795911311,0.05946623008963198,,9.490645637735724,9.251692733727396,0.1407918743789196,9.110900859348476,0.0,16.797130074269806,2.2801292982691224,39.1807324040227,0.0,1554.4680482595713,194.97674505120412,245.7583882204148,196.87955219900326,39.272860886019245,1.8933426141738892,2.993771553039551,nan,1.1004289388656616,95
12,74,0.0,-17.75844631354144,-0.6627468837783272,-0.8731207420909489,0.047257429192561484,,11.192075854167342,10.9121731268242,0.10905811376869678,10.803115013055503,0.0,6.521729311727185,0.4739733993512621,35.240494333582085,0.0,1198.1143779123122,153.6679989253477,194.65534828792158,128.9172601670273,40.26322166750792,1.9178557395935059,3.111203670501709,nan,1.1933479309082031,73
13,720,49.396542034424286,-7.772891787418415,-3.8274324244683067,-3.510557066497864,0.4317338616878603,1.5330897569656372,41.7327909655869,40.820354328490794,1.0437182784080505,39.77663605008274,0.6796562513336539,42.26351466060936,16.682114933438328,35.1291916277647,19.693338971030173,11584.758532098265,1291.534168550811,1784.7981291751462,1351.9366381202528,233.18007906147758,1.8124347925186157,1.446615219116211,0.2018387502339053,0.39095866680145264,75
14,720,49.87160059310147,-6.408032287929116,-3.6451998620903954,-2.3410926317578364,0.4183298950662441,,36.568121230229735,36.34694704692811,1.0455036759376526,35.301443370990455,0.0,42.04363977377746,17.098471644010466,39.253607913385366,22.080271270034398,11582.612435091798,1213.51392954552,1728.1528162198265,1392.2892524085237,208.8805460360985,2.0292904376983643,1.5798882246017456,0.221457808477299,0.16333985328674316,35
15,150,0.0,-17.35557833284534,-1.0520259222253245,-1.9352117330609353,0.09267469739006523,,14.659632574766874,14.379752423614264,0.2194868279621005,14.160265595652163,0.0,27.380602059357013,8.28748485892058,34.33253233304323,0.0,2439.608843969673,306.21993078892564,382.06847553601654,263.03651090255863,53.91248180242468,1.8787741661071777,2.1039252281188965,nan,0.9660072326660156,91
16,140,0.0,-17.41636059178521,-1.0639866940806777,-1.7394831645634712,0.08721087560984755,,12.942552860826254,12.705661700107157,0.20476835314184427,12.500893346965313,0.0,28.54720167411866,6.4288927758522085,38.26993585457147,0.0,2272.5500807109715,287.53879514641676,360.1512017892262,265.4925235026911,63.06358839931205,2.0434982776641846,2.8566880226135254,nan,1.1254022121429443,96
17,720,21.991111610611725,-8.790528835797375,-3.9637288062331266,-4.406053900592303,0.41780367981560584,1.548828125,42.28049737866968,41.439580883830786,1.0473923198878765,40.39218856394291,0.5949566448107362,41.57651852847973,14.445601407749935,39.33037733366563,16.81139555463882,11589.327299509507,1276.292805063538,1723.8167734968608,1317.822784007453,182.17492614052884,1.7785767316818237,2.6387414932250977,-0.48362533154805276,0.8601647615432739,719
18,84,0.0,-17.569442366518885,-0.5564226439709048,-1.0370900209816285,0.05052275776412518,,8.635390381328762,8.395811395719647,0.12344636768102646,8.272365028038621,0.0,11.861952267339793,4.289191780971475,30.849510864970824,0.0,1361.4016911400238,166.9590101283119,208.24334265120416,153.76931280415957,12.073947623034725,2.3276994228363037,1.9629971981048584,nan,0.04036998748779297,6
19,82,0.0,-17.621581012028454,-0.5523513601949677,-1.0442224355170238,0.04968458050922594,,8.617933720350266,8.376229100860655,0.12049931567162275,8.255729785189033,0.0,10.875176526167389,3.5777908156773073,31.463908233500977,0.0,1330.47994028467,164.1800927386397,204.96637436728722,149.29777854707038,46.69481895481946,2.3686180114746094,2.132740020751953,nan,0.33426332473754883,59
20,79,0.0,-17.63150388214816,-0.5757262438482176,-0.9566641770453201,0.048736683178878075,,9.064467933960259,8.827991737052798,0.11685832682996988,8.711133410222828,0.0,8.096374963610801,1.6574264341060643,34.66698778249804,0.0,1280.4250335046122,161.66029824128262,201.97000101844907,159.53119418415997,23.7972519491057,2.253943681716919,2.842247247695923,nan,0.7501828670501709,71
21,104,0.0,-17.514041413917308,-0.7996064654138848,-1.219112987510297,0.06983559268395415,,8.969907097518444,8.735215147957206,0.15208247397094965,8.583132673986256,0.0,24.773240705098804,4.5537368267605025,35.738789280426005,0.0,1681.387733733032,225.17685876724855,286.58943621950766,164.38851044088003,41.628002552243004,2.142141580581665,2.534148693084717,nan,0.449967622756958,54
22,157,0.0,-17.162455046791806,-1.1132394831495127,-1.8529078467557327,0.09566304559089492,,10.956094088032842,10.741742564365268,0.22945924755185843,10.51228331681341,0.0,32.532991817211084,7.150114384445807,39.04089799535637,0.0,2543.1495181739847,314.642857066901,395.0690980677862,299.25789776088067,59.66075150556577,2.051635980606079,2.514090061187744,nan,0.47745633125305176,64
23,97,0.0,-17.387066053277525,-0.6116020973034662,-1.1214959485593679,0.0536251065549218,,10.397052578628063,10.15693137422204,0.1421658443287015,10.014765529893339,0.0,8.694952888356275,2.3016808350997913,38.41675167501592,0.0,1570.519514073331,177.53765620413287,222.4920760605745,184.76670986825687,44.3157245123382,2.082038402557373,2.206357955932617,nan,0.6357307434082031,46
24,68,0.0,-17.770173850039672,-0.5621202795794629,-0.8402670503247184,0.042517865313455666,,7.757732832804322,7.534407990053296,0.10019783582538366,7.434210154227912,0.0,6.0656017133540665,1.0117917224692197,32.2093477923029,0.0,1102.2752232865053,139.3416446017228,175.40319469221453,108.53406517384286,69.37601415510059,2.1276607513427734,2.7586374282836914,nan,0.8725171089172363,50
25,106,0.0,-17.48527337341621,-0.8629038627376264,-1.182307779550353,0.0645833271032216,,9.301750297658145,9.08687905780971,0.15564149897545576,8.931237558834255,0.0,16.34788523300423,3.1976265123954484,39.63740558566735,0.0,1714.646610868591,210.9272027207558,266.61622303617014,197.98327739334954,19.76466448270851,1.88047456741333,2.200138568878174,nan,1.1550259590148926,87
26,64,0.0,-17.857431677420138,-0.5980159761264975,-0.7911425198978347,0.04289073065056853,,8.781484044156969,8.530697956681252,0.09461881965398788,8.436079137027264,0.0,1.3610404135238945,0.27981073471298146,32.08023978546992,0.0,1037.2573930189574,140.3707049992848,176.79840214409685,125.14320330469195,25.038242110217745,2.329659938812256,3.2639882564544678,nan,0.9343283176422119,63
27,90,0.0,-17.272924460330877,-0.4293465569826891,-1.0164776044941066,0.051781556960783556,,11.361102075316012,11.108559412881732,0.13278383668512106,10.975775576196611,0.0,8.251077775402132,0.6553915890820187,39.845853923446775,0.0,1457.1278217032302,168.65266641812568,213.16320857513847,152.73457321766733,45.03091791722663,1.993994951248169,3.262709856033325,nan,1.2687149047851562,89
28,106,0.0,-17.56761661526218,-0.7026113872495006,-1.431327632829055,0.05831171373491404,,11.255731030367315,11.020725570619106,0.15588583331555128,10.864839737303555,0.0,24.808760758553216,6.630662823512695,30.790675662744416,0.0,1726.519163971266,195.7727295652047,240.91165355671123,183.41309472839512,31.088479009145914,2.184932231903076,1.7460517883300781,nan,0.916018009185791,52
29,98,0.0,-17.4706581707971,-0.61434359373396,-1.221098690756481,0.05977178773880072,,14.312386523000896,14.03202669043094,0.14415531884878874,13.88787137158215,0.0,12.670385602204936,3.8004141018557727,35.57670350314255,0.0,1591.0446807524404,197.43382090749603,246.6091678573231,176.22018063592043,77.88535003681241,2.1389236450195312,2.3833937644958496,nan,0.3259565830230713,86
30,720,50.86523712397758,-4.407121850256559,-2.671909833484723,-1.3143447722490174,0.4176359928930148,1.207310676574707,40.474131509661674,39.55906728375703,1.0464773504063487,38.51258993335068,0.6682639122009277,42.26365040741627,22.392730265024525,38.66757045426526,31.509768620929822,11582.399999999901,1154.0939823792503,1723.8974982708196,1368.3712196253348,168.74703130419635,1.9553072452545166,1.2215712070465088,0.37525357714945695,0.0037043094635009766,3
31,84,0.0,-17.644498501171114,-0.5790576972945444,-1.0914631634924579,0.048658797200790686,,8.3163597965613,8.082333834841847,0.1240662932395935,7.958267541602254,0.0,24.540684143088406,3.767100724892262,32.34518565996189,0.0,1366.1468492640076,160.94792617260973,200.37189435686153,157.48088387115948,59.302017787816666,1.9283164739608765,2.3875911235809326,nan,0.4651564359664917,78
32,63,0.0,-17.807308965043216,-0.5139496616519351,-0.8038225500923852,0.039287866120895035,,7.212603183463216,6.959377283230424,0.09308669622987509,6.866290587000549,0.0,9.263341534246328,1.4244942261096682,30.0843925027526,0.0,1021.9190069093521,129.67389038638427,162.12336674327773,114.27217270682382,32.54239041736109,2.1782994270324707,2.7490954399108887,nan,0.570796012878418,62
33,720,71.86989193225915,-6.177444484044307,-2.9215971873685773,-2.8092888860938996,0.4432181005751149,,38.86908982601017,38.63879384379834,1.0463494351133704,37.59244440868497,0.0,42.14588975230494,22.031926791269786,39.98425317163283,16.32433193099035,11587.66452309059,1265.035500239818,1828.944447073031,1318.4222857748784,140.22574691622677,1.7628588676452637,0.5670992136001587,0.6783070817474681,0.4575507640838623,100
34,185,0.0,-17.070289102361787,-1.1991940300498447,-2.352563060043085,0.11775918672486328,,15.358454857952893,15.123155825771391,0.2695327177643776,14.853623108007014,0.0,27.53767589574226,8.619363911848685,39.59456523161751,0.0,3008.7678548622625,384.4406102645607,483.9359395892539,305.9130960816231,57.803184684812685,1.724966049194336,2.1196794509887695,nan,0.5144014358520508,142
35,720,43.00254520765524,-8.875534255980943,-3.7317730526725876,-4.699405454311579,0.44140897119463907,1.3025782108306885,42.06443152204156,41.22636984102428,1.0431246208027005,40.18324522022158,0.6042297715321183,40.84881021228277,15.989977377352556,35.08758254071685,12.117531627113106,11599.159938243432,1348.2259890314313,1819.6022163085104,1253.0999267965667,172.1352555707767,1.8941832780838013,1.7833008766174316,0.05853836993986172,0.3743938207626343,86
36,78,0.0,-17.58379976869547,-0.5451926839924914,-0.9132532995742665,0.04993056356205221,,8.815417853184044,8.58569954521954,0.11737050395458937,8.468329041264951,0.0,5.141457722298559,0.8362339007922995,35.93193772686285,0.0,1262.8009036146666,163.59385073427143,206.44926367422912,160.55186169133597,24.648704235836853,2.1103930473327637,2.9387247562408447,nan,0.828331708908081,77
37,720,76.56420308865374,-5.358844617369871,-2.426340528920688,-2.4984838471090614,0.4309063736166204,,39.4871335150674,39.24717116635293,1.048831207677722,38.198339958675206,0.0,42.26324354237966,23.331135815253745,38.30190202717637,20.082104502551932,11583.784536942887,1222.9025102345088,1779.0960000923103,1306.5156286560214,206.37266172480128,1.870883584022522,0.4428847134113312,0.7632751085136468,0.4566448926925659,42
38,73,0.0,-17.634039376626923,-0.49142133745493405,-0.901845017159476,0.04051116971252977,,10.187731912359595,9.91226024646312,0.1088343383744359,9.803425908088684,0.0,12.909535523358288,1.825319657297137,31.9907418799906,0.0,1182.8995714635967,133.99005246015736,167.49653687391879,119.2501550254414,17.84659654272363,2.1620049476623535,2.711108684539795,nan,0.5537614822387695,71
39,94,0.0,-17.46923928144478,-0.6645589657875611,-1.0709883939671614,0.058208100997370914,,10.513996098190546,10.275225253775716,0.13844570331275463,10.136779550462961,0.0,11.40825849107952,2.3912946012991396,37.7126501245626,0.0,1520.8550224424919,189.52273762056103,240.0084791985342,185.95954929222435,24.169321122765762,1.9255634546279907,2.0863678455352783,nan,0.36684882640838623,52
40,74,0.0,-17.68622834946325,-0.5826795565013945,-0.8870718806953427,0.041175498465114216,,8.430997839197516,8.205670863389969,0.10890715476125479,8.096763708628714,0.0,8.004026792116447,1.4021298940430142,33.09123166465559,0.0,1198.566583345096,136.58293474537467,170.82056127973206,148.42816935092583,17.772754317897803,2.100735902786255,2.6340792179107666,nan,0.5333433151245117,73
41,720,57.932891952595526,-5.7588138292144695,-3.287521354372291,-2.072346793060837,0.3957899386194311,1.2231065034866333,39.91091080661863,39.069492689333856,1.044901923276484,38.02459076605737,0.6047879243269563,42.20003019635909,19.316320038126065,34.96942119088161,20.996757235464404,11582.796358170492,1122.3694365493354,1635.4505561798187,1356.9477919690905,126.76305803347788,1.816805124282837,0.9798620939254761,0.46066747565330346,0.4771535396575928,58
42,71,0.0,-17.701810627708717,-0.5120558139228693,-0.8991697605805353,0.040375762455079185,,8.180157674476504,7.937122473493218,0.1068319147452712,7.830290558747947,0.0,7.15423147980083,2.5706207290546446,30.05137494091,0.0,1151.5892840067152,133.5418261974631,166.46606905271736,122.35831200767304,55.32644773109972,2.0277230739593506,2.6709938049316406,nan,0.64327073097229,70
43,720,55.41485799952921,-5.9377922901318145,-3.2606706961284546,-2.2703641019666385,0.40363587033062,,36.69067227933556,36.46001573186368,1.0470567755401134,35.412958956323564,0.0,42.23070153364287,19.94406898352704,38.4876609116693,24.975849381659263,11582.40000112746,1151.9652677886093,1665.3162944823184,1316.4102652425156,240.97348846312593,1.6673752069473267,0.9647214412689209,0.42141310651058694,0.06105172634124756,22
44,79,0.0,-17.663114647566427,-0.6050447800399488,-0.9552365721958586,0.05241559624586109,,7.39272073097527,7.181335795670748,0.11619373317807913,7.065142062492669,0.0,6.640086071390386,2.2108772030437853,34.14522063278843,0.0,1279.7736881568173,171.43788334604344,216.1764789482164,152.69424858991476,25.131791830629435,1.756623387336731,2.3302066326141357,nan,0.5899850130081177,76
45,720,42.51741025273482,-7.221893005876267,-3.6444698846941095,-3.13337842565095,0.4408462206813672,1.117800235748291,38.16702979058027,37.366869921796024,1.0452153962105513,36.32165452558547,0.5882965344935656,42.236274827592396,17.6710953942443,34.5315371208147,25.625056525007178,11582.399999999914,1296.5117665664302,1819.1414168839706,1329.6387031898228,393.7635355967152,1.2981585264205933,1.502123236656189,-0.15711849214439688,0.2039647102355957,719
46,154,0.0,-17.349840651308853,-0.9741785248107788,-2.102818475245849,0.09720861622529221,,11.954212839715183,11.705117889679968,0.226143310777843,11.478974578902125,0.0,29.665602917533636,9.3974676260745,31.366361098271007,0.0,2510.327775075499,323.0320061678941,400.6494753630924,265.5178490289807,90.35628557392847,2.1096315383911133,1.7411047220230103,nan,0.1029198169708252,20
47,720,65.36116242064678,-6.409943765479951,-3.1048285450779693,-2.8683937274748637,0.4334053155208006,,37.595735936425626,37.38531193230301,1.0469050286337733,36.33840690366924,0.0,42.26359599393208,20.04418741789512,36.48800670347562,16.066751333797807,11589.133294983958,1257.0173799259574,1788.6463419553522,1350.4107291856205,307.1133690526721,1.956947684288025,0.8448665142059326,0.5682733263698303,0.580367922782898,48
48,72,0.0,-17.675990771628907,-0.5442988345991885,-0.866367798906706,0.04006873641386531,,9.148289027623832,8.899812226183712,0.10617237258702517,8.793639853596687,0.0,2.1560573534303047,0.8312972667006039,33.71742877134488,0.0,1166.166562619021,133.9572961644598,166.072485842327,139.51286691821608,31.99236855389975,2.1108713150024414,2.8857765197753906,nan,0.7749052047729492,71
49,86,0.0,-17.643264565873377,-0.7101485406544283,-0.9988740841694733,0.0587452310135531,,8.283958216197789,8.059728663414717,0.12586737610399723,7.9338612873107195,0.0,18.247005213430434,1.696783272784299,37.21530435009193,0.0,1392.2414012664437,191.77293340524568,242.25142672634377,169.67724200703083,42.628819720056896,1.9895060062408447,2.1456964015960693,nan,0.7529208660125732,57
50,720,60.056314901910454,-7.197685651681223,-3.448960181143971,-3.3268588381629933,0.4187285115799189,1.262852668762207,39.18124119285494,38.349931962788105,1.0448289075866342,37.30510305520147,0.5968049308285117,41.343113815270726,17.94227273724495,35.173137075216445,14.564661434885029,11591.736351727457,1242.4104083942286,1729.3483989172016,1338.1677694377502,328.604596943709,1.9549446105957031,0.9070558547973633,0.536019665272783,0.7088737487792969,57
51,69,0.0,-17.71535331986723,-0.5310834920926973,-0.8430677919245274,0.040909428480828354,,8.941465409472585,8.687632629647851,0.1028624027967453,8.584770226851106,0.0,2.7252355622394657,0.153662913695829,33.41795866901845,0.0,1118.360486209176,135.72430074650651,169.49751622176154,128.07572726221093,39.8453069561424,2.256459951400757,2.8499953746795654,nan,0.5935354232788086,68
52,720,64.56010338197181,-6.36468310232931,-3.4232299364065844,-2.565845885167629,0.3727697396413953,,35.78431904409081,35.56415777653456,1.0703920414671302,34.49376573506743,0.0,42.06480484184426,18.518556108858512,34.74259261191302,21.93682525910613,11582.675385607332,1084.646418409236,1539.078117808814,1302.6870282919883,201.2251328677165,1.8889671564102173,0.7117398977279663,0.6232121372186519,0.0500485897064209,7
53,83,0.0,-17.460725641826116,-0.463512967034681,-0.9962697295364099,0.05059732409831865,,12.722963515669107,12.410131320357323,0.13164835795760155,12.278482962399721,0.0,6.452643464999004,1.3972763669001196,36.10557058996395,0.0,1345.5867117209073,164.6293062735859,208.4126988620916,144.90881929395857,14.144839588859767,2.1177704334259033,2.573310375213623,nan,0.677386999130249,66
54,183,0.0,-17.01514796735162,-1.1198772672015849,-2.3256977539569905,0.11877036258186574,,17.109799951314926,16.904252724722028,0.28674144204705954,16.61751128267497,0.0,29.788904055709782,9.792126129469176,31.80371234826696,0.0,2967.1677752021355,390.92592063368255,488.91127748242286,315.3900617013976,64.6723646909131,2.035842180252075,2.7318806648254395,nan,0.7625827789306641,166
55,219,0.0,-16.497147555657598,-1.4220782089550656,-2.397801151085149,0.1264389059225834,,17.335167608223855,17.04716937802732,0.34322673920542,16.7039426388219,0.0,30.261120931831584,9.57324298157588,36.84697381360842,0.0,3538.268760686814,411.96734921829733,521.4815835167352,384.25512326701823,69.05972373268371,1.7032678127288818,1.6170217990875244,nan,0.405214786529541,36
56,90,0.0,-17.461052364340162,-0.48943152869808404,-1.1419629312037682,0.05427954069148287,,12.241094158031046,11.960936777293682,0.1423704270273447,11.818566350266337,0.0,16.600568740994937,4.378472933583662,31.95969804335843,0.0,1460.6225435189094,177.93872789978005,223.31486839096954,165.70379110388512,18.730052931876113,2.1673171520233154,2.075129747390747,nan,0.18501687049865723,16
57,72,0.0,-17.73565724252667,-0.5800887049820588,-0.8876685229682475,0.042662117000451666,,11.698958526365459,11.416441719979048,0.11514629609882832,11.30129542388022,0.0,14.770429283144022,2.1888178395979225,31.72881235324429,0.0,1166.1236816571402,141.31229430078488,176.00773117696673,119.39379057836891,18.282053755413237,2.1520681381225586,2.9558749198913574,nan,0.8038067817687988,71
58,720,43.836234171644456,-7.8511007216304,-3.8426997340513362,-3.621188690075601,0.38399740682956973,1.2346107959747314,42.646603860892355,41.64685314614326,1.1262655351310968,40.52058761101216,0.7598178191110492,41.773846932515525,16.332885570922805,34.20995370187191,15.259917958876295,11587.589427308469,1158.4486710958233,1585.511733101139,1351.4539712239962,85.38776452390832,2.0257749557495117,1.6411478519439697,0.18986664965617306,0.2965717315673828,67
59,123,0.0,-17.403989625891324,-0.6967771244642432,-1.6869855455493004,0.06973236693412681,,13.561728208325803,13.284773047082126,0.19277366157621145,13.091999385505915,0.0,23.366766073994455,7.974174712938106,30.67794338875193,0.0,2005.576916528445,233.38613122005782,288.1036087258959,237.3212004442529,61.98238543323876,1.9373544454574585,1.8548856973648071,nan,0.7988394498825073,45
60,720,64.95602214374806,-8.578599268933594,-3.4737115260872584,-4.686122715575754,0.41559623888429065,,42.62311420403421,42.371237185783684,1.1213412350043654,41.24989595077932,0.0,42.14989486144599,18.77508084474219,37.61889767737358,8.617142479298682,11643.788292648875,1254.748705180068,1712.5563595096685,1269.880363417506,342.1078460261494,1.7896430492401123,0.750103235244751,0.5808643318212272,0.5251758098602295,97
61,73,0.0,-17.63914901839454,-0.48587523923819353,-0.910331244268252,0.04260657588938537,,9.908366234973073,9.64006426744163,0.11644056346267462,9.523623703978956,0.0,12.473232356484624,1.7347332868483416,32.59534686054542,0.0,1183.7970976007389,142.3037619616042,176.99951265618827,160.3023417134347,34.86368387136288,2.1020398139953613,2.536729335784912,nan,0.4428718090057373,70
62,720,46.48159061372621,-7.959480615206299,-3.9691460792126123,-3.5866216232180106,0.40042564043990675,1.096286654472351,42.06044335383922,41.205752971582115,1.1248580645769835,40.08089490700513,0.5919997645542026,42.203215393262134,16.09192355734066,39.547831094628165,16.67463256250536,11587.916849486293,1200.3441303812474,1651.0613954416322,1294.6462012322813,312.8127771885288,1.8052620887756348,1.3237940073013306,0.266702593749612,0.34842848777770996,59
63,136,0.0,-17.22117656645732,-0.8495625769223054,-1.6622164535402515,0.08378560715335283,,11.824906894937158,11.586514514870942,0.2130960477516055,11.373418467119336,0.0,19.4754602376751,7.437038792691891,34.213066820672175,0.0,2203.735409270919,273.37764822860663,344.8220926004433,226.44588020184312,101.41736104331014,1.9190529584884644,2.146667003631592,nan,0.27889788150787354,38
64,75,0.0,-17.67941017755592,-0.5131976870382166,-0.9771747744461677,0.03874208083141636,,10.150806088000536,9.892469049431384,0.11828764900565147,9.774181400425732,0.0,9.507790607915659,3.148138587046658,30.105687696431378,0.0,1218.4509248947884,128.02436859263796,159.69189759224838,147.82650390882145,24.94039538232738,2.114100217819214,2.1242353916168213,nan,0.2502131462097168,29
65,720,33.45774560958494,-8.902270463487058,-4.080064622511988,-4.36842428668408,0.45053697190931824,,42.473898908123374,42.22535594459623,1.1254266109317541,41.09992933366448,0.0,42.26380003770826,15.709038410000016,35.97337575657845,9.363266096421587,11619.979243648431,1364.7577868969663,1858.1034266589963,1289.8651947876756,376.1773459036557,1.609188199043274,1.8206279277801514,-0.13139527673803886,0.26504063606262207,80
66,92,0.0,-17.58252780201145,-0.7107256118492806,-1.0893374925658712,0.05702652406674796,,13.47847910784185,13.195219650864601,0.14725641161203384,13.047963239252567,0.0,9.494767952180274,3.0234835219866323,36.10716649568334,0.0,1489.8017085065424,187.449571708712,235.6048323988045,177.0221613318639,52.000993676284935,2.0376169681549072,2.723421812057495,nan,0.6858048439025879,91
67,179,0.0,-16.98436878963692,-1.1689058829296097,-2.159220984169563,0.10541938082790157,,18.833797140978277,18.557672086171806,0.28172608092427254,18.275946005247533,0.0,32.22873617451024,8.195965383536965,36.77700760017406,0.0,2898.3704274124793,345.9447346340926,434.9022317680894,337.7582429059749,86.2473470201264,1.9816943407058716,1.827518105506897,nan,0.25205862522125244,36
68,69,0.0,-17.799445610189597,-0.6167044772198166,-0.8447275657146651,0.03776452976623176,,11.856537403538823,11.548371664248407,0.10984058026224375,11.438531083986163,0.0,14.342299389720145,1.4600494681515068,31.254468906091166,0.0,1117.8322486445402,126.06739001830196,156.44288593988418,134.39050388299026,31.525458999654674,2.069606304168701,2.472684383392334,nan,0.4030780792236328,68
69,93,0.0,-17.627460027125633,-0.7985436668484838,-1.070600473972895,0.057935012772665405,,11.059495461173356,10.807167262770236,0.14788604713976383,10.659281215630472,0.0,11.67692068648072,2.0036812933605597,39.10288465156757,0.0,1506.5964381271363,187.4714293072751,238.37554021259328,161.34309833115998,24.119171278022097,1.6035312414169312,1.9050933122634888,nan,0.8117669820785522,76
70,107,0.0,-17.40217013008395,-0.7413490584314868,-1.239101157482144,0.07128764063089878,0.9373551607131958,13.697484010830522,12.923788185231388,0.1701040780171752,12.753684107214212,0.5119637027382851,20.722335232530174,4.393053083499324,37.11200311052334,0.0,1731.3237927385142,230.30076780889183,292.9270205329945,172.9331586793735,110.40774124226203,1.54839026927948,2.130328893661499,nan,0.673582911491394,93
71,73,0.0,-17.584239715894803,-0.42577409157146096,-0.9145858068237391,0.043597130386486445,,9.203421050682664,8.934967041015625,0.11488771811127663,8.820079322904348,0.0,14.969961644381357,1.6294416331069916,32.73936528227492,0.0,1184.4524186306805,144.81422653762212,180.44613122432918,135.31844791315908,27.93594782392267,2.002568483352661,2.6404848098754883,nan,0.6404719352722168,46
72,117,0.0,-17.25599183993529,-0.5439391298683661,-1.5423940710074673,0.06914529138240472,,14.88541078940034,14.60027270205319,0.18346978072077036,14.416802921332419,0.0,26.503817859700213,5.846185043561831,35.36155867496762,0.0,1906.5816589754952,230.94237663325296,286.0725444507513,214.86165075670593,2.866952419794771,2.077859878540039,2.579026460647583,nan,0.5270819664001465,54
73,720,49.630106990288034,-7.533948809548444,-3.7836384259273057,-3.30606782995276,0.44095006338625675,,39.881918461062014,39.65592550020665,1.1206807168200612,38.53524478338659,0.0,42.26239488832164,17.198027937112457,37.45492646370625,21.719164047064297,11582.722924020913,1299.6941610575025,1819.1740190473154,1336.3241928034543,492.42987378825416,1.0849494934082031,1.3123488426208496,-0.20959441024144465,0.9359712600708008,43
74,103,0.0,-17.44384506099468,-0.7306719573144165,-1.1937895882625225,0.06885105586194339,,11.569771192967892,11.319700189866126,0.16357209533452988,11.156128094531596,0.0,16.945886456270564,4.998207106896686,34.65056193741754,0.0,1665.301347247654,224.84602317776324,283.82075855465985,196.78812069754136,95.41963777705702,1.8914498090744019,2.3174262046813965,nan,0.42597639560699463,102
75,127,0.0,-17.409804230661088,-0.8953697234560173,-1.5966943264506517,0.06724993003853737,,12.146858902648091,11.891412128694355,0.20253049209713936,11.688881636597216,0.0,27.730117109413737,6.7602860376287826,33.37139618941434,0.0,2059.3616096748556,224.23485816946535,278.6552951861886,238.9034902835929,13.696245833769835,1.8105461597442627,2.390179395675659,nan,0.5796332359313965,126
76,75,0.0,-17.671978693615916,-0.5590043883253664,-0.9218149002638949,0.04094612348707263,,7.369626356288791,7.150886084884405,0.12027077935636044,7.030615305528045,0.0,12.131038322556053,2.010639238710412,32.526929540317,0.0,1215.598712727423,133.66193416306228,168.12150114053188,107.00026968823767,76.89267095073785,1.7527306079864502,2.745054244995117,nan,0.992323637008667,74
77,720,67.6260578709599,-6.12119104003296,-2.7503314340326157,-3.0243368060056133,0.343588292910408,0.9696045517921448,41.89474256616086,40.96157345827669,1.1278639947995543,39.833709463477135,0.6795350685715675,42.07006490020573,21.349426089566958,30.44698801508239,10.412849662528592,11609.009756434554,999.0222627473127,1419.4570845934159,1347.8124310481394,155.260985915953,2.197784423828125,0.8142776489257812,0.6295006734521016,0.1835951805114746,42
78,130,0.0,-17.366501238174944,-0.9449364935912723,-1.564664342425385,0.08135607937723095,,10.663293909281492,10.42893346119672,0.2025435846298933,10.226389876566827,0.0,25.836592126542048,6.487291354653183,36.57886773653233,0.0,2105.4338611725198,266.59910267112014,335.0796283810396,229.19837122366698,61.913049787000745,1.8658989667892456,1.3513189554214478,nan,0.3664909601211548,101
79,137,0.0,-17.415985388403136,-0.9084237318044828,-1.8233640886402624,0.08370835765466306,,15.275218542665243,15.00183761678636,0.21382548939436674,14.788012127391994,0.0,30.374141396757004,8.782570192728883,30.17896336743433,0.0,2230.222476018903,277.9574123183825,345.33017731144844,241.3096991699405,42.03440667299173,1.7268812656402588,2.0713672637939453,nan,0.8656675815582275,67
80,204,0.0,-17.084513784853584,-1.2842679355270545,-2.750095358890019,0.1242429231313186,,17.834974427707493,17.573395396582782,0.31949339900165796,17.253901997581124,0.0,35.420880929147685,10.070424275750751,34.11999632737183,0.0,3322.495467733976,412.4465520981869,511.65131330699637,376.83456619425755,136.67869653371577,2.048748016357422,1.560288429260254,nan,0.2530684471130371,79
81,75,0.0,-17.590764744306394,-0.46716903061243,-0.9280173327038431,0.04526376736478848,,9.88271894864738,9.618734493851662,0.11737704090774059,9.501357452943921,0.0,8.41639200163238,2.649374003736485,31.688943790667363,0.0,1215.3598090443672,148.18258125752052,186.53186563490792,130.4756985724743,23.53897514675279,2.109034776687622,2.0473058223724365,nan,0.21933603286743164,28
82,156,0.0,-17.172464680992558,-1.117454773587473,-1.8303519107616766,0.09893857577524709,,14.727750211022794,14.46915803104639,0.2443590722978115,14.224798958748579,0.0,27.25762682490266,6.884427994648568,39.73366148522405,0.0,2530.1312504465677,322.77853747949433,407.89106091989436,295.9321488636918,116.46291151148753,1.5494581460952759,1.994760274887085,nan,1.0469874143600464,103
83,720,67.56577346106171,-6.933911493396955,-3.509484754531495,-3.0017496963821455,0.41948071286833977,,40.60671816114336,40.340669623576105,1.1229455871507525,39.21772403642535,0.0,42.24766836942524,18.362034183378128,38.42406278197629,21.892094284359427,11582.644723636682,1233.856787359564,1728.3583998578015,1297.7279479951187,321.96903807521164,1.6479079723358154,0.6732701063156128,0.591439499281449,0.07862472534179688,9
84,169,0.0,-17.046114031526482,-1.1496757216844335,-2.014593064618573,0.0811674368977745,0.832108736038208,15.85407910309732,14.998678406700492,0.26756730768829584,14.731111099012196,0.5916492277756333,28.71905965042544,7.885317847553502,36.48614435635973,0.0,2733.948720404587,270.26570084420564,336.33667652750984,320.7264690185994,38.35222385991732,1.5288262367248535,1.5518074035644531,nan,0.6479372978210449,40
85,122,0.0,-17.283049527202724,-0.8246152686250794,-1.4080020392985828,0.0749300212130233,,12.240147007629275,11.984944270923734,0.1917820582166314,11.793162212707102,0.0,20.074359749346193,5.378509837608156,37.42035137184617,0.0,1974.2731583797329,242.1862731980583,307.796467789241,193.19221690165452,107.46896354109786,1.755816102027893,1.6147152185440063,nan,0.5920647382736206,100
86,720,82.76865885480542,-5.831739149787,-2.1334184545101778,-3.3025301021729803,0.3927268930423826,,35.161124176345766,34.92839680053294,1.1271076928824186,33.80128910765052,0.0,41.99307492253448,25.350748221222975,31.787401109856884,10.03739785734736,11615.94250307371,1138.25198366528,1620.8723846343328,1317.3818906304168,196.9144255928486,2.014888048171997,0.18013614416122437,0.9105974427092103,0.49738502502441406,159
87,88,0.0,-17.606164249684184,-0.6715430574189978,-1.050865602633793,0.05832544482231521,,11.396479900926352,11.133159616030753,0.14177355915308,10.991386056877673,0.0,21.03140683099443,3.276526236545425,34.53585921949791,0.0,1424.852991498766,189.7586845660185,240.15261859368587,155.69899899981007,76.00369129661274,1.8706480264663696,2.3931636810302734,nan,0.6055330038070679,81
88,129,0.0,-17.271504360492564,-0.9120643003828904,-1.47330706974203,0.0855056635274555,,12.044577158987522,11.764103343710303,0.2049244763329625,11.55917886737734,0.0,20.186100832817733,5.827160772141509,38.9090054634775,0.0,2088.118771757512,278.1099409122273,352.53254680797045,244.9175537522269,117.52893096894826,1.6055907011032104,2.1962757110595703,nan,0.5906850099563599,128
89,720,34.21085840052624,-6.419861384909016,-3.466402281547181,-2.527585570611084,0.42258839565768164,0.910467803478241,49.2299377983436,48.379064430482686,1.1265146378427744,47.25254979263991,0.5988062554970384,42.24596238108589,17.906572529221453,32.57591143245539,19.67693815693532,11584.335728009655,1223.2512784715873,1745.0938429957077,1383.3581437609048,378.15733406924994,1.8051097393035889,1.7353979349136353,0.03861915033312513,0.2542734146118164,39
90,69,0.0,-17.756530765569508,-0.5424748836006925,-0.865658662297729,0.04803418804446098,,9.36603508144617,9.093151601962745,0.10989897698163986,8.983252624981105,0.0,17.932607077220023,1.9159148057266207,30.84181434192701,0.0,1118.3797550562613,157.02708184315495,197.5511080909001,126.42198436542672,36.32958310106283,2.1881158351898193,2.6524980068206787,nan,0.4643821716308594,68
91,92,0.0,-17.639673495998892,-0.7848266964894712,-1.067261794431996,0.06223994603418392,,9.449157339520752,9.210723475553095,0.1448642136529088,9.065859261900187,0.0,10.653223133975535,1.9854083095717086,37.702076475678794,0.0,1489.9658244747181,199.89558290914414,254.63883031244353,136.21588010853645,85.59962895369908,1.657289981842041,2.5861260890960693,nan,0.981971263885498,88
92,720,70.71855410604584,-6.898416062503561,-3.2987106090125344,-3.2170035329372904,0.3795505636499419,,42.67622793838382,42.375003362074494,1.119801134802401,41.25520222727209,0.0,40.88718270913063,19.291064608372423,38.71469401653439,9.515993279513971,11613.85438548496,1113.4775218535576,1569.2019568216685,1408.3649132562284,153.7098159113711,1.830721378326416,0.6511236429214478,0.644334932322316,0.4020993709564209,32
93,158,0.0,-17.26103471228795,-1.0608112507205214,-2.037665511039212,0.08674171801624739,,13.55650400556624,13.313240505754948,0.24668649770319462,13.066554008051753,0.0,21.820875571332838,8.55617551363191,33.83788290041126,0.0,2570.02725937782,289.7434390865725,359.6748202175361,328.35678973384506,91.76514374703635,1.1610771417617798,1.9967551231384277,nan,0.835677981376648,157
94,71,0.0,-17.553830860413917,-0.36952926599907426,-0.8897606242567646,0.04423340608672886,,9.906361596658826,9.637761208228767,0.1120325606316328,9.525728647597134,0.0,5.05267277516792,1.218066760292524,32.66244035881443,0.0,1152.0336968343445,146.7867213378349,182.97454283103593,132.19445251258986,33.93197419964039,2.2142693996429443,2.8314311504364014,nan,0.6657333374023438,49
95,152,0.0,-17.177244527934043,-0.9994447366605806,-1.849669161640552,0.1024638957078783,,14.372586386278272,14.10373596381396,0.2385214315727353,13.865214532241225,0.0,33.12180934831283,7.246598643037134,38.6433375442957,0.0,2465.699354705439,332.24880390466717,420.3847026208764,245.24920750033237,107.53379451638695,1.810843825340271,1.734850525856018,nan,0.3501490354537964,53
96,81,0.0,-17.700962888801318,-0.6934778848526885,-0.9489982407614846,0.058056673237947255,,10.24420313630253,9.971733674407005,0.12788689602166414,9.843846778385341,0.0,13.368909165254413,1.8346169734759357,35.7535040606607,0.0,1311.401953727539,187.07992673772134,239.01934187253133,142.86581207615714,61.71824141269325,1.820629358291626,2.0850985050201416,nan,0.6573667526245117,61
97,720,56.872248217120294,-7.627859868308235,-3.619639553566278,-3.589408930731501,0.4155581724965231,0.5785343050956726,45.74035633914173,44.690974545665085,1.1234654039144516,43.567509141750634,0.7530090305954218,41.881268773934686,17.138094364675574,38.46043875501632,18.849880471489964,11586.046273116226,1243.3074765053454,1713.5889290150515,1323.3763425258746,225.28775632489766,1.4581083059310913,1.0734736919403076,0.26379015360259606,0.6885837316513062,116
98,82,0.0,-17.39579893296721,-0.3608007293018784,-1.0112270990183845,0.04846420278518982,,9.527312425896525,9.261551740579307,0.12924566958099604,9.132306070998311,0.0,9.045166652917894,2.1383654379021757,34.37517827611235,0.0,1329.9806188355183,159.36809140796151,199.75620859475663,141.89281815851652,22.535825404518356,2.0263166427612305,2.0877346992492676,nan,0.44811415672302246,41
99,720,29.50881042294753,-8.621106442964427,-4.021920541344998,-4.1985322907776,0.3974734301891951,,44.79706834163517,44.5073477094993,1.1230017775669694,43.38434593193233,0.0,42.263425152663984,15.113340672856518,36.662323958452646,21.811577424350872,11582.657111737524,1208.7754864875944,1638.9392708273906,1319.6953769417999,38.28868471578766,1.950879454612732,2.1437301635742188,-0.09885321643298028,0.3408864736557007,39
100,124,0.0,-17.30702870820592,-0.8011791639504121,-1.501124307285266,0.07919432229272375,,12.801119395531714,12.521182276308537,0.19570212066173553,12.325480155646801,0.0,27.241268402685012,5.96195239524796,36.592834400033304,0.0,2010.8990682925164,259.3058592319401,326.3774287406204,210.1898147066234,10.76211542098581,1.8886181116104126,1.5719774961471558,nan,0.5626674890518188,99
101,92,0.0,-17.59224750577404,-0.6478410913840268,-1.158572565701805,0.060360316396460036,,9.197606975212693,8.962293007411063,0.14732513390481472,8.814967873506248,0.0,17.27159418539575,5.516009136416774,30.508094948201357,0.0,1491.956127426892,198.41913512313653,248.99973496892736,177.01685760839408,51.23417061088781,1.6080610752105713,2.1680331230163574,nan,0.5599720478057861,91
102,102,0.0,-17.486597175381537,-0.696799065692468,-1.2553489518266083,0.05902215561062403,,13.049262765794992,12.765876111574471,0.16196665447205305,12.603909457102418,0.0,24.63544872184253,4.2086863392702485,35.65442191751511,0.0,1654.886765971271,192.93081909237608,243.42473051704135,173.7294471621879,22.791447801470756,2.046884775161743,1.9167033433914185,nan,0.2995784282684326,30
103,151,0.0,-17.269348432291473,-0.9434104557582239,-1.9868592445665891,0.08847980238612446,,13.329374831169844,13.089670987799764,0.2379456777125597,12.851725310087204,0.0,32.63222826895838,9.358818494188194,30.21807019848797,0.0,2455.1596897494005,292.7589957030141,364.3884929120919,267.2367701830293,80.38518865735998,1.8209481239318848,2.0994789600372314,nan,0.4887964725494385,81
104,79,0.0,-17.70491074800104,-0.6372880428793143,-0.9711255626579709,0.04609376768996915,,8.821436959318817,8.578812112100422,0.12482666410505772,8.453985447995365,0.0,18.502982292564628,2.2113577239097735,32.918567644960895,0.0,1279.9867600771843,152.0382023826912,190.7698719592534,149.9652818732203,25.11351603628048,2.115668773651123,2.664524555206299,nan,0.5488557815551758,78
105,66,0.0,-17.79202398617315,-0.5451957457172317,-0.826511535645419,0.044997059504221365,,9.056467859074473,8.791507489047945,0.10463787615299225,8.686869612894952,0.0,10.709514491231435,1.4826717699670078,30.488491231685977,0.0,1070.0192537982634,146.79880716428428,184.9875755505654,112.00807724896396,27.908197266751973,2.0506277084350586,2.5623459815979004,nan,0.5117182731628418,65
106,105,0.0,-17.46313354913558,-0.5863892897612054,-1.4041717907442246,0.07198624315227403,0.8044224977493286,12.475070518441498,11.714834607206285,0.16572306770831347,11.549111539497972,0.5175015302374959,21.58087813662295,6.571775928398731,31.116072902561775,0.0,1709.0302429547505,238.90718274359065,297.1891708356909,202.8671450993002,48.57952474942636,1.9635298252105713,1.9234627485275269,nan,0.4334406852722168,30
107,720,62.45669009258923,-7.288831621275144,-3.1330071187867374,-3.6979460565271483,0.4543419495168572,,43.03967724181712,42.77127470634878,1.1228243997320533,41.64845030661672,0.0,42.26352558475967,19.361030472022087,32.661618619808124,12.03975534093522,11618.870886502338,1329.1719131852992,1872.742790220149,1319.5882846071313,225.46048435152403,1.9297116994857788,0.7157621383666992,0.6290833814411592,0.44616520404815674,51
108,720,67.40766720956643,-5.173854865313874,-2.3241318604769985,-2.412937024829962,0.4333639541498489,0.6645592451095581,42.757890813052654,41.96190724987537,1.1246732622385025,40.837233987636864,0.5113436998799443,42.26356502817153,25.00144861402848,31.63984849949578,19.155318868375417,11584.97522798997,1212.8694269045143,1784.7010258003788,1294.2128964729352,121.32893454087129,1.9984177350997925,0.7373795509338379,0.6310183111455342,0.06552517414093018,9
109,170,0.0,-17.157797171316453,-1.0492692250269515,-2.2187556031949343,0.11394325338738288,,13.134750498458743,12.878905890509486,0.2673626057803631,12.611543284729123,0.0,30.93596846385755,9.399375242970878,32.528660537573934,0.0,2761.9080961640334,375.32043757637575,469.1044526745144,297.2322559360405,117.05574978126685,1.7434163093566895,1.9582304954528809,nan,0.7818577289581299,99
110,720,43.30542082686328,-4.848241114969442,-2.951738101298264,-1.4615621543123618,0.4315220788621145,,42.382978957146406,42.14511190354824,1.1227534152567387,41.0223584882915,0.0,42.232029917065766,20.033280962199687,39.71337591816007,33.45001499568183,11582.399999999885,1200.165975409103,1780.3467336555937,1368.554932605113,185.71280108945962,1.2729474306106567,1.6261945962905884,-0.2775033416034096,0.35324716567993164,719
111,720,75.91481371261712,-5.164022073892038,-2.321128737616069,-2.4303930911789724,0.409388854657203,0.8584030866622925,42.53879565745592,41.71178971603513,1.123625091277063,40.588164624758065,0.590345093049109,42.26339032856386,23.613484206654196,36.62686967298805,20.163757130919596,11583.667597665466,1163.5382109991995,1689.1633635531612,1319.1396870285473,154.03720224949467,1.6967016458511353,0.502873957157135,0.7036167446487784,0.5898462533950806,47
112,720,44.96286446432266,-5.377841330523875,-2.772373776102304,-2.153544375915549,0.44869407363623487,,43.050048539415,42.805342513136566,1.1221633097156882,41.68317920342088,0.0,42.246012366919516,21.55264488287583,34.70800989004296,19.74755936710698,11583.620474289848,1265.9101508784647,1850.308288719548,1307.867047584213,108.94018703676379,1.9317309856414795,1.4348294734954834,0.25723121689275363,0.04945230484008789,6
113,64,0.0,-17.78164920271397,-0.5217691580259152,-0.7975378552778346,0.037118129664475454,,7.166650338098407,6.930947746150196,0.10116524621844292,6.829782499931753,0.0,2.5285281733985703,0.6253946974340572,31.21831565829705,0.0,1037.3856624475181,121.71598317763598,152.7471462747924,109.29311614724733,19.453956314630084,2.048393964767456,3.177647829055786,nan,1.12925386428833,63
114,720,65.39445489351597,-4.901929563338218,-2.6410545169647284,-1.8147468834689477,0.44290925711780277,0.8077417016029358,40.89701990503818,40.15259714610875,1.1234841058030725,39.029113040305674,0.5188130103051662,42.263751844250855,22.761356328875557,37.42813953480903,22.387879513094955,11582.684733064068,1226.6171009912573,1826.53724441761,1298.9737814263256,142.79672548151012,1.5826102495193481,0.7467642426490784,0.5281439363381624,0.3417320251464844,30
115,89,0.0,-17.4817223201162,-0.5317919503888711,-1.0924698091008285,0.05704969124511997,,11.048428733833134,10.788594868965447,0.14146885182708502,10.647126017138362,0.0,12.49552133584568,4.864565499899533,31.05013869581763,0.0,1441.2260993880645,187.41343749600148,235.44646997776488,166.02253796376516,71.46356226028769,1.243484616279602,1.9463789463043213,nan,1.4874237775802612,65
116,720,60.574213836577925,-5.892574508387187,-3.1703067560843645,-2.275138578884149,0.44381733619830455,,38.055327197536826,37.81910974346101,1.126400901004672,36.69270884245634,0.0,42.225730822621195,19.83727011394147,32.67720138305289,20.938463510559206,11582.929441953602,1257.9430544507109,1831.725813739768,1310.6735041858917,60.33382114814625,2.1603901386260986,0.9668641090393066,0.5524585621122191,0.06551408767700195,8
117,720,62.96709845013062,-5.930960233304124,-3.0262022615952917,-2.455386886498821,0.4459915352981741,0.8061473965644836,42.14858036395162,41.39037498179823,1.1276594894006848,40.26271549239755,0.5165609885007143,42.263602423283,21.363184030509434,31.58667651772742,15.737218624323898,11588.338710541744,1259.7230517449354,1839.788842072406,1347.7475170534578,40.89723480172728,1.6685526371002197,0.9997081160545349,0.40085311435428894,1.1000056266784668,65
118,150,0.0,-17.332873872205706,-0.9030830292697244,-2.054887603368652,0.0991611360037312,,14.726210470311344,14.442315227352083,0.23603671230375767,14.206278515048325,0.0,29.45331254738496,9.097927767259076,32.16711072929813,0.0,2447.243704500598,327.66827185205517,408.09365494786863,268.5303055597503,129.2211523089835,1.926615595817566,1.35439133644104,nan,0.27660930156707764,110
119,106,0.0,-17.4359406640437,-0.7385063112286947,-1.2541306959791045,0.06783814991591643,,11.89606955088675,11.625594006851315,0.16700863745063543,11.45858536940068,0.0,18.29685026668421,3.7107038788394537,38.51702377193761,0.0,1717.8390062302872,220.18587937202773,278.7033104580342,189.45650402718675,90.38465203564854,1.8165591955184937,2.616321563720703,nan,0.7997623682022095,105
120,720,72.00948712942011,-6.932825391590892,-3.1393516549667573,-3.3507324347643297,0.4394178003555061,,38.72037665359676,38.48348223324865,1.123269652016461,37.36021258123219,0.0,42.26036131680505,20.375670332970426,39.866939766273475,18.856246066293455,11587.306226388528,1277.7911900012746,1812.5690909878592,1319.7009785004527,131.99551326461918,1.3195608854293823,0.6471067070960999,0.5096045099233654,0.39564406871795654,227
121,64,0.0,-17.641051758070663,-0.3502391172656032,-0.8236874746634532,0.04179408628584532,,9.375634889118373,9.0814636554569,0.10122793633490801,8.980235719121993,0.0,7.735430534948124,1.65880307871834,30.161976161096142,0.0,1038.9046803700126,136.92769992508204,171.96698616113878,125.30374778050567,31.93403982522829,2.3135757446289062,2.5793890953063965,nan,0.5295112133026123,39
122,125,0.0,-17.313441664419848,-0.8373564427520505,-1.4952040698137994,0.08025071098175302,,13.478808329440653,13.231318942271173,0.19659241288900375,13.03472652938217,0.0,28.548407835816672,5.604974046329345,37.705736586631794,0.0,2025.716606120417,262.06127037191135,331.0893346842956,236.81751429325277,66.9363844836654,1.685263752937317,1.3937468528747559,nan,0.825588583946228,83
123,107,0.0,-17.421509155202727,-0.7574541100678879,-1.2545330646394333,0.059127472219288546,,11.544337169267237,11.284333888441324,0.1685006832703948,11.11583320517093,0.0,19.84443308196892,4.067417556256133,36.96608598843529,0.0,1733.663598665822,196.54317022733548,245.04505478747288,203.5643746600213,16.352418584050387,1.5797410011291504,1.3218821287155151,nan,0.7920024394989014,72
124,720,71.7138599838621,-5.501174368200031,-2.57077681976016,-2.482700928768007,0.4443388123897855,0.6952739357948303,40.25077060610056,39.333023473620415,1.120560104958713,38.2124633686617,0.6785052577033639,42.227954174135014,23.305649069285696,32.8202240471063,18.32617198382254,11584.338111933503,1258.1349269263858,1832.6955136781178,1346.9349346443944,65.03945408329227,1.8013681173324585,0.6483780145645142,0.6400635670599857,0.1515042781829834,27
125,127,0.0,-17.48260721902252,-0.9672530059104307,-1.5801543819713384,0.08449192342076113,,13.918121416121721,13.648805987089872,0.20075273793190718,13.448053249157965,0.0,27.17064870489551,5.5632618616211005,38.659235190376954,0.0,2065.5046894984184,276.29941270458147,348.07289167141215,228.69709670755486,34.64979450116961,1.7473711967468262,1.529052734375,nan,0.5745055675506592,87
126,84,0.0,-17.476054685851906,-0.495198853456926,-0.9990772356801235,0.05634127333117918,,11.623336375690997,11.350498952902853,0.1322775548323989,11.218221398070455,0.0,16.222580201012526,1.859496574245849,36.20350156754085,0.0,1360.8857528972571,184.63196794806848,232.84861648544336,166.4207667169537,79.13512770654671,2.0156383514404297,2.6245765686035156,nan,0.6089382171630859,83
127,100,0.0,-17.48945367753948,-0.7788056094512706,-1.1245634331535443,0.060682210434777444,,10.487551154568791,10.250394471921027,0.15740863513201475,10.092985836789012,0.0,14.279465841378478,4.0746927495647896,35.13031070996558,0.0,1617.6835479568745,198.92739142319436,251.0078581419581,188.0547513313917,45.55701426576593,1.8245792388916016,2.4246323108673096,nan,0.600053071975708,99
128,103,0.0,-17.585310431136808,-0.777890867461828,-1.293704306117105,0.06329888895842962,,11.078933169133961,10.805853663943708,0.16225380916148424,10.643599854782224,0.0,26.42934047072378,4.79561341259557,35.813444439388334,0.0,1674.1730840488794,207.4332310409038,260.8263194612107,186.7303646718081,54.252504646258934,1.7003788948059082,1.9635080099105835,nan,0.8670492172241211,71
129,87,0.0,-17.488808089396905,-0.49742289971642817,-1.0886561225568987,0.0523571043504708,,13.719404977746308,13.423729711212218,0.1384736392647028,13.285256071947515,0.0,23.770067285179522,3.3105902724685303,33.86699708728641,0.0,1411.7027294758636,173.19158183519315,216.17182608116065,168.81086706405372,7.702137912031446,2.005227565765381,2.4639971256256104,nan,0.4799008369445801,83
130,720,66.75016345405844,-4.067082996268246,-2.2436860888686803,-1.3694640050956293,0.45060204197868176,,37.50186143722385,37.28704888839275,1.1237396271899343,36.16330926120281,0.0,42.263488088628655,24.73395211742507,38.65573916141313,28.243720419016967,11582.3999999999,1231.0073228157837,1858.9198730615126,1331.145340710419,79.63385752348296,1.1723164319992065,0.7771873474121094,0.3370498559960171,0.3588651418685913,94
131,720,54.26213593546849,-5.463763868197113,-2.959270297432179,-2.0571372390498364,0.4439542789370853,0.6173145174980164,43.73145352024585,42.810624308884144,1.1241121720522642,41.68651213683188,0.677401295863092,42.26292274186569,20.86176402383859,37.53375054989271,23.030881874741553,11582.508305290941,1245.6693129845944,1830.6846234831069,1335.4721112533741,106.09441426064622,1.703131914138794,1.249809980392456,0.26616959613229063,0.47533702850341797,51
132,79,0.0,-17.67065648395682,-0.5913411135678099,-0.976082607163997,0.05283250874168671,,8.6079469518736,8.363662103191018,0.12406965158879757,8.23959245160222,0.0,8.204628341847183,3.4489151880769704,31.433286148397976,0.0,1280.2394148037422,172.84940035527254,217.55828371035665,142.90368233282692,21.53825224315397,2.0051631927490234,2.47055983543396,nan,0.4653966426849365,78
133,720,57.834312816616,-4.5194163295011665,-2.444918537874015,-1.6075380617826562,0.46350627367301445,,43.09881527535617,42.84964935481548,1.120573440566659,41.729075914248824,0.0,42.26355390422095,23.782927864209938,39.031888448121286,26.368169761547644,11582.399999999934,1273.659879521871,1910.9437660539793,1323.6238715493025,71.31942379526178,1.8180851936340332,1.1972583532333374,0.3414729092863751,0.09017050266265869,18
134,720,54.22172376448914,-8.646943007464401,-3.69095095802787,-4.50580525345322,0.4468868900605147,0.5746331214904785,42.667069089598954,41.939248588867486,1.1225861106067896,40.816662478260696,0.5177013408392668,42.261500295449046,17.052891635938728,37.05005594096842,13.052127436991249,11606.48598733673,1349.1040648538226,1841.7207049313097,1300.6814154830167,58.9097035290384,1.0483602285385132,1.1769465208053589,-0.12265468373032795,0.9073457717895508,74
135,720,68.41924630384763,-4.513040095020589,-2.324035997628587,-1.7516521769906948,0.4343380662971733,,39.40103075560182,39.17946618515998,1.1235452145338058,38.055920970626175,0.0,42.263490821773836,24.934071548750893,38.01945446312423,29.349284241922145,11582.399999999949,1202.6343639247173,1792.6757003837715,1289.9257388591082,78.29546108882369,1.5063873529434204,0.8265272378921509,0.4513182573677681,0.1581718921661377,96
136,720,73.70909373438941,-6.4051023517324,-2.981619246631626,-2.98974340217337,0.4306475828363,0.641262412071228,46.98381644487381,46.18660578690469,1.1232770718634129,45.06332871504128,0.5118612134829164,42.25803299624775,21.13338398961511,39.671185793086856,14.216054320780596,11592.192984036466,1231.437275942025,1776.5100903819532,1336.0204798438415,58.00468749354044,1.679186224937439,0.4846794307231903,0.7113605248034667,0.41500842571258545,30
137,720,65.3566873825379,-5.988036534340878,-3.1772377785889967,-2.357362898114577,0.45005154464577934,,37.454158909618855,37.233102017082274,1.126000102609396,36.10710191447288,0.0,42.263671198622525,20.498581741623223,38.664821032673416,21.150866507389214,11583.13960418619,1274.2429302481682,1857.445031978635,1337.2453068743037,95.08733393606721,1.0877857208251953,0.7739399075508118,0.2885180484225329,0.8228861093521118,72
138,720,71.20818882258705,-4.064236219948741,-2.501240720296318,-1.1192533052481157,0.44058202502639854,0.588456392288208,37.55093952361494,36.805238452740014,1.1239135600626469,35.68132489267737,0.5111175505444407,41.91646406001043,23.34037145730255,38.295402323199816,35.19550594934517,11582.399999999932,1202.677604551283,1815.6020094394803,1308.5724527219659,146.49436527550736,1.1501613855361938,0.48126745223999023,0.5815652844095196,0.02102220058441162,11
139,720,75.26758287674386,-6.287500010946208,-2.952631124389651,-2.8874001068821293,0.44407344380011166,,42.95025006122887,42.68542086146772,1.128222999162972,41.55719786230475,0.0,42.26376808412227,20.828442436133944,39.772379880967314,16.713653474255366,11589.923971163254,1271.8429943782407,1831.094203922803,1328.3649857997398,101.99759116384881,1.8087774515151978,0.3260602355003357,0.8197344647196936,0.6943398714065552,92
140,720,77.4511301323898,-4.566144463480094,-2.1882730438978313,-1.9457431454793748,0.4286587354689659,0.6670466065406799,37.340086285956204,36.56424348987639,1.1271358970552683,35.43710759282112,0.5117729930207133,42.26353092789413,25.280253938115088,37.29773123813972,22.74201919395502,11582.66156872936,1192.2683006959055,1768.8196209122066,1351.666190946376,52.01003610750453,1.3925246000289917,0.41036492586135864,0.7053086704157219,0.2165008783340454,34
141,104,0.0,-17.59613573724458,-0.7585718112651542,-1.3454487091595788,0.06665632019109462,,10.565807557664812,10.312243008986115,0.16447790153324604,10.14776510745287,0.0,19.212988803407985,5.70292171961573,33.38889478516099,0.0,1690.6857410557875,220.5160436650337,275.21121915789877,184.21160588815624,51.21880271452544,2.170503616333008,1.8550344705581665,nan,0.07298040390014648,10
142,105,0.0,-17.503602212378006,-0.7432518316154275,-1.2953866950193658,0.06456321867067788,,9.23511722497642,8.991365402936935,0.16551810503005981,8.825847297906876,0.0,20.449130681724476,5.468605668716987,33.62112057604427,0.0,1702.7389047483482,213.1273982481621,267.0862757479921,191.3792472121112,31.010418592297732,1.5052493810653687,1.786879062652588,nan,0.6180864572525024,71
143,83,0.0,-17.606087755857768,-0.6087069865106562,-0.9969787875013965,0.050051411924061616,,9.409549064934254,9.163838409818709,0.13155896496027708,9.032279444858432,0.0,12.334393906505902,2.4647624357254503,33.612776770904524,0.0,1344.4122671714629,164.91571949167783,206.85233757659458,153.02630420782938,15.281158872720306,2.1206207275390625,2.469809055328369,nan,0.5914676189422607,45
144,720,74.39720518194322,-7.296797951730747,-3.1270572647580157,-3.734266788294803,0.43204307893089705,,37.79626052826643,37.5535324793309,1.1272134389728308,36.42631904035807,0.0,42.208625572216654,19.49129193687318,30.345260502221112,16.035693597741304,11590.962165550594,1284.3486686341992,1780.7537877439229,1310.5084106681823,137.7667971861472,1.9047012329101562,0.5742374062538147,0.6985157586229687,0.8545382022857666,57
145,71,0.0,-17.54734126530151,-0.37831989510581276,-0.8715362797321358,0.047192770525615324,,9.508030467666686,9.255221251398325,0.11330082733184099,9.141920424066484,0.0,7.2170412397837875,1.230802136777093,32.92652138758307,0.0,1150.7066959326387,154.46120891381062,194.46540003426995,118.42696551753528,33.99211261829826,1.7108780145645142,2.142310857772827,nan,0.8079849481582642,40
146,720,74.89848408387483,-5.458414361712314,-2.5759538271520603,-2.433685236987183,0.44561190028733316,0.6806225776672363,38.79327492322773,37.85648435167968,1.1223061215132475,36.734178230166435,0.6729612881317735,42.24113895900591,23.18887514228829,31.755631243282018,19.099407192148615,11585.818525989145,1254.2711570000133,1838.8443275022312,1309.1002959705634,118.06511003006482,1.490553617477417,0.38289162516593933,0.7431211996157928,0.18317091464996338,50
147,720,55.48140712730362,-5.502715501713395,-2.8688472468646746,-2.1956470886545136,0.43482039135854217,,41.46420390624553,41.22845102380961,1.1272844281047583,40.10116659570485,0.0,42.2638026950503,20.9937862032234,39.985435448090435,24.94247756670473,11582.400006396469,1235.354713779579,1792.4350670922527,1338.5091163988961,116.14676614085111,0.9724602699279785,1.0460463762283325,-0.07567003874184386,0.44935083389282227,96
148,93,0.0,-17.418995395249166,-0.6163628094062034,-1.0443483528442639,0.057858524679240526,,9.738841083832085,9.506321764551103,0.14712783880531788,9.359193925745785,0.0,8.413521104704708,1.8547922514730455,38.59303875062176,0.0,1504.3424678660679,188.6680680837249,238.75234503754498,174.0476587694597,18.083376241825896,1.8665217161178589,2.5171074867248535,nan,0.6505857706069946,92
149,720,69.47972946447251,-5.102668290056643,-2.6540011677993367,-1.9812615137085121,0.4638149157263286,0.5329095125198364,36.85911774542183,36.06972958147526,1.128763291053474,34.940966290421784,0.518767130561173,42.26345464753085,22.945687876825474,33.6731858721938,21.04266172448505,11583.506913655514,1287.9165503408706,1913.5801614042603,1341.9793576255374,97.15890601451669,0.893871009349823,0.567893922328949,0.36468023194753874,0.30857568979263306,40
150,61,0.0,-17.566126075390294,-0.25830037942150835,-0.7702763433712271,0.037329798408532726,,9.197773846797645,8.923358639702201,0.0970566887408495,8.826301950961351,0.0,1.7550978962675592,0.35740292367510773,30.69585288530254,0.0,989.2210029596678,122.49662220903639,153.44403542411825,98.85388971619886,22.21327296816612,2.0628793239593506,2.718806505203247,nan,0.6559271812438965,60
151,124,0.0,-17.34008946560722,-0.7282318527162414,-1.6057511232246915,0.08048096734872548,,14.569907137192786,14.317188253626227,0.19644041452556849,14.120747839100659,0.0,23.268912124237858,8.075112888781897,30.282445917549516,0.0,2013.7035677637255,265.0669680140731,331.6669407628618,212.67437675398702,37.34268959877128,2.298748254776001,2.6542410850524902,nan,0.5177321434020996,115
152,89,0.0,-17.601410702651915,-0.7055039357957759,-1.0379735363650524,0.05749262217944192,,10.809685838408768,10.57211883738637,0.14018199406564236,10.431936843320727,0.0,6.680954698952636,1.7399235235173989,37.69190805838271,0.0,1441.4065675582654,188.31936181802243,237.57497795901213,168.14117980884316,71.78836765710754,1.829380750656128,2.96876859664917,nan,1.139387845993042,88
153,720,57.07453964509899,-6.86344593215236,-3.2111395795309305,-3.193636003017604,0.45514184312709405,,44.444934165105224,44.19275416992605,1.1273026382550597,43.06545153167099,0.0,42.12961582319881,20.081284627694917,39.838651977256426,12.2385108839607,11596.495847556405,1308.5181667150941,1875.370549928981,1306.9430110048932,119.9363048248725,1.421576976776123,1.160921573638916,0.18335651701980005,0.8432865142822266,62
154,84,0.0,-17.427608221177252,-0.46110198880476394,-0.991191739564113,0.04993496059980036,,11.567031513899565,11.293354713357985,0.13446605019271374,11.158888663165271,0.0,8.554472407920775,1.7436849194498885,36.35774761929696,0.0,1360.481915608623,164.42782525979518,206.26374485652687,163.8243573587719,56.69385142838458,1.8360368013381958,3.010059356689453,nan,1.1740225553512573,83
155,114,0.0,-17.32445119789245,-0.7344561005882246,-1.347403669179558,0.06712760630884052,,11.58551646117121,11.35030916519463,0.18063832819461823,11.169670837000012,0.0,25.060391128001733,5.969660755153467,33.649905378589175,0.0,1845.2067222779965,220.9848105012191,277.1481768744573,225.98515503382544,36.855203461457805,1.849400520324707,2.687875270843506,nan,0.8889856338500977,88
156,720,62.81299582644917,-5.941171118773974,-2.6811320179302225,-2.7994642145594133,0.45717350029070064,0.5790004134178162,45.53647507727146,44.571835353039205,1.1290466599166393,43.442788693122566,0.6784796351566911,42.263535640590334,23.260536722352523,34.87587043115306,9.9889827120911,11604.617070993996,1290.2901813795588,1882.2595876461417,1289.1990848254825,21.21488033671396,1.848383903503418,0.9888372421264648,0.4650260477532684,0.6470904350280762,54
157,720,52.701347996988716,-6.45532091154944,-3.555246566172038,-2.425483388480488,0.47074731211093307,,38.79680801462382,38.56412154622376,1.1243629697710276,37.43975857645273,0.0,42.223292616231454,18.117238411058665,39.6388733052081,23.53249390783664,11582.424531285127,1356.4350142453798,1939.958083643423,1353.8303022541402,96.89192845210087,1.5787737369537354,1.212763786315918,0.23183179582404145,0.660330057144165,59
158,118,0.0,-17.37374041874012,-0.8255685448836863,-1.3912049720594464,0.08136534457823495,,11.794302999973297,11.519385979510844,0.18597782962024212,11.333408149890602,0.0,21.33820815594879,6.323545246173807,34.22334012566157,0.0,1908.0638543411487,261.89970506859225,333.9075543580917,202.6137778382026,57.13275933760979,2.0410237312316895,2.4569196701049805,nan,0.5115020275115967,108
159,120,0.0,-17.513298510364233,-0.904316812100683,-1.5089417708782662,0.07451430667084398,,14.640791544690728,14.378027807921171,0.18940769601613283,14.188620111905038,0.0,21.30568048559072,6.042087247927029,35.250711563488025,0.0,1949.618280639559,245.77686784865156,307.37370037102556,234.5980956542581,40.516636367081624,1.9739022254943848,1.3997974395751953,nan,0.6113004684448242,92
160,720,58.61207658020575,-7.540717980169273,-3.604041380584181,-3.4736007563954066,0.4595634493408218,0.5316859483718872,40.79087490681559,39.94743580929935,1.1250561000779271,38.82237970922142,0.5960573805496097,42.04955818844597,17.776860839882207,34.56319135295814,17.67859390156227,11587.37847985244,1354.1423588874716,1894.5643881231886,1349.3062499681398,87.29741597952025,1.8411176204681396,1.04145085811615,0.43433768351457036,0.3196277618408203,57
161,720,75.80524753869844,-5.41926165028508,-2.294936461015353,-2.667791070010791,0.45313452232627116,,44.337751192972064,44.06467105355114,1.1245634770020843,42.94010757654905,0.0,42.26364686742698,24.123471040467816,32.27182448820318,15.057028171226552,11594.199403228813,1278.2188157310395,1870.8115164603955,1344.889900306836,71.55021311790391,1.8411728143692017,0.52513188123703,0.7147840348615273,0.28338778018951416,30
162,720,69.32567885687972,-4.402257269841467,-2.0918023482441384,-1.8625969759947025,0.4442993632250904,0.5586238503456116,43.79762177076191,43.03366503491998,1.1294726682826877,41.90419236663729,0.5124058267101645,42.26385332603212,26.138732978557623,38.27492090625972,26.8468718332066,11582.39999999993,1230.6394434352746,1829.1715366721799,1296.8814487061863,45.4889544063739,1.021477460861206,0.7650265097618103,0.2510588445908365,0.6638644933700562,53
163,720,66.0207015235124,-6.4588556452076915,-3.235298984668627,-2.7821637358727056,0.43799604994301694,,43.60099624842405,43.32723722513765,1.1372179072350264,42.190019317902625,0.0,42.25180336386718,19.517711412694673,37.538354000058014,11.92058515598556,11596.856176362986,1253.766276730879,1805.9425121658132,1309.7843128673192,35.84090507477283,1.9260879755020142,0.42711400985717773,0.7782479225821162,0.4707690477371216,29
164,720,61.062586870746074,-6.2472299525135275,-3.06107238782272,-2.7491530966236364,0.4338966101737938,0.36519595980644226,44.424713301472366,43.64616028778255,1.1325977053493261,42.513562582433224,0.5119185373187065,42.263368048772264,20.797903265585816,30.933101439080744,13.253930720998966,11590.724596089422,1248.274295942023,1792.021690563276,1344.569140519922,36.221074464504724,1.5770738124847412,0.970210075378418,0.38480363588701394,0.2011861801147461,17
165,720,65.35582354052937,-5.38987746859704,-2.7436804729695594,-2.16450752935491,0.4777809429645637,,37.240205930545926,37.0062131555751,1.1226374246180058,35.88357573095709,0.0,42.26372353267392,22.302877708958462,37.2190231661475,26.875732771205875,11582.399999999934,1342.0196808591547,1969.4211988151105,1356.9114769607334,29.44455402795994,1.6848264932632446,0.6505708694458008,0.6138647676499038,0.09007048606872559,18
166,91,0.0,-17.497421589736174,-0.5780916923060232,-1.101359741681215,0.06747786230748368,,11.10836177226156,10.866723101586103,0.14349435362964869,10.723228747956455,0.0,15.325910063907207,3.54711429353661,35.08626873251466,0.0,1474.9542356005145,219.995693943074,277.9394291623402,166.49241899179702,12.966378095342401,1.870704174041748,1.2928814888000488,nan,0.05489218235015869,6
167,720,49.31377291476666,-6.047537376403595,-3.0751603644791796,-2.544506215401335,0.4242092085885323,0.5052798390388489,42.47634556423873,41.6959972307086,1.1267364583909512,40.56926077231765,0.5385348489508033,42.26386382276026,20.876399880880577,37.205229860953274,19.618516434494783,11584.127499513608,1208.9260528072618,1749.562694573342,1320.5078903037436,63.876317863600484,1.2723478078842163,1.2577784061431885,0.011450801149455514,0.08450400829315186,24
168,720,67.00065196325663,-6.891052571367895,-3.2907439077338148,-3.1477606646262783,0.44917046972525915,,41.10549918282777,40.835304473526776,1.123231379315257,39.71207309421152,0.0,42.194500060128824,19.638919925957854,32.81264259963937,17.388970862819896,11587.045640292872,1298.8543433749342,1851.8160397274532,1338.8637170181667,61.03012238700038,1.4708003997802734,0.8365064859390259,0.43125764307380277,0.7369687557220459,113
169,720,62.88123934170711,-5.3001508726872215,-2.472025320716873,-2.38383139314936,0.44063238044846653,0.4752778112888336,40.764603558927774,39.975167035125196,1.1231112964451313,38.852055738680065,0.5272203283384442,42.24757835025044,23.224119168692454,32.34950409933634,16.283465134008352,11589.881090167059,1236.1493107898857,1815.4136771353292,1340.8934493682264,64.87809648072351,1.547354817390442,0.7972263693809509,0.4847811501143322,0.3187601566314697,43
170,140,0.0,-17.301321602836126,-0.8664248073554061,-1.8274046763831988,0.08182204155252801,,15.82987778633833,15.573423254303634,0.21971467789262533,15.353708576411009,0.0,27.93076631225991,7.757348058838357,33.99362644585757,0.0,2276.4327314801685,274.2573747070044,339.2759048421514,291.7092911063031,3.173689142071625,1.4299463033676147,1.6365886926651,nan,0.46446049213409424,84
171,79,0.0,-17.5792248822768,-0.5307768950493689,-0.9480173691642422,0.05007069017854468,,8.797789534553885,8.554345701821148,0.12433731369674206,8.430008388124406,0.0,19.96343890646288,1.547291594151916,35.13837967671902,0.0,1279.9754591368362,164.09774419411335,206.6276964141706,143.44709979979348,57.091557442683595,1.5974938869476318,1.94788658618927,nan,0.9526915550231934,49
172,74,0.0,-17.591492975289626,-0.48108746463455476,-0.8904816784987001,0.04460919773677281,,10.037658385001123,9.765468086116016,0.11679178848862648,9.64867629762739,0.0,7.05706872846246,1.0207156975818683,34.29369334553569,0.0,1199.0100517017818,145.48815303257254,183.57572274657224,126.65606222597204,61.569661287318034,1.484015941619873,3.2511560916900635,nan,1.7671401500701904,73
173,720,53.57847514847588,-5.606644825128923,-2.742846680457605,-2.384018183728949,0.4761692218949697,,42.41118193883449,42.183332967571914,1.132956137880683,41.05037682969123,0.0,42.241119277577965,22.11327688613077,31.52406439686477,18.748066828549945,11585.695870877391,1334.2431272084289,1960.3702505446959,1302.2008753924836,112.90225427279991,2.275747060775757,1.052682876586914,0.5374341486667348,0.08718419075012207,127
174,720,68.65942508804918,-4.794110912134915,-2.358777885251367,-1.9720813564422432,0.4595529078700203,0.3583305776119232,41.438189580105245,40.54910544771701,1.1314045498147607,39.41770089790225,0.6249912418425083,42.2635490220137,24.416383096666646,31.92329873512451,17.65109376478609,11586.724734931984,1270.7264427564974,1894.8407840023388,1334.1967152794825,42.99323662543467,1.902124047279358,0.8080916404724121,0.5751635432882308,0.9658628702163696,45
175,720,73.1845982381387,-6.084614877894908,-3.029899991152163,-2.5921318985835073,0.45893924994186197,,40.75535448640585,40.514128202572465,1.1291808942332864,39.38494730833918,0.0,42.223290488458055,20.09032180745155,33.9707109525918,23.250893200841517,11582.531648696464,1307.1519935636195,1892.3944104960672,1334.7103602834663,54.952204607147074,1.6498746871948242,0.44963228702545166,0.7274748861139675,0.4082796573638916,44
176,75,0.0,-17.69487718266616,-0.5152447795913605,-0.9800531765808382,0.049231097735066724,,10.41748433560133,10.132682676427066,0.11973966751247644,10.01294300891459,0.0,15.82297167235677,3.5884039068651963,30.17909529666543,0.0,1219.0925232814996,161.57396691244452,202.66905857172358,139.48181318660113,49.0797659812782,1.9692466259002686,1.9595304727554321,nan,0.38789939880371094,65
177,720,64.1260993385997,-7.710772089098169,-3.509810537907235,-3.752443054433717,0.44490043234127685,0.3519662320613861,38.732999914325774,37.94699219241738,1.1322239562869072,36.814768236130476,0.5401387428864837,42.197638917044294,17.371801950120116,39.94758342370427,17.436737708604845,11587.785269201957,1332.9637424527998,1834.7871881198305,1346.0627076072828,177.18035744195782,1.2425841093063354,0.4124372899532318,0.6680809879473895,0.7854975461959839,144
178,179,0.0,-17.08569728521988,-1.165790891293753,-2.2553591627400214,0.11369694279514717,,17.921620472334325,17.65966811403632,0.28317574597895145,17.37649236805737,0.0,33.50033948597116,9.309356616945008,33.75201195776167,0.0,2900.3896587154522,376.5041801392942,469.5077174731051,326.4155111885304,22.235884630648137,2.044600486755371,1.2523080110549927,nan,0.23410749435424805,26
179,720,58.77786946520075,-7.16790559809934,-3.4341178515486916,-3.267102142791166,0.46324983550339066,,41.00472440011799,40.75969915185124,1.1310524232685566,39.62864672858268,0.0,42.2615184256796,18.21133142906179,32.134611956268614,10.262234055330525,11608.428202716868,1355.0573008897723,1908.4562122223824,1332.6291313589577,192.69719910789698,2.1519601345062256,0.8548071384429932,0.6027774284772559,0.0870962142944336,11
180,720,60.50504632584596,-4.215946080733726,-2.236353776864106,-1.5029887867507854,0.4730162821733024,0.2835039794445038,47.244313263334334,46.38008358050138,1.1337484708055854,45.24633510969579,0.6141668688505888,42.26361800843146,24.05540566268959,33.87998485500799,28.500425822872867,11582.399999999934,1289.2941801828695,1945.593379393258,1294.5620493564018,196.98411709498885,1.80793297290802,1.0320091247558594,0.4291773311175936,0.16231918334960938,14
181,99,0.0,-17.55176590188991,-0.6772571653137704,-1.260061238645127,0.06398145262708885,,11.969075987115502,11.694982102140784,0.15787088684737682,11.537111215293407,0.0,27.226076641924706,6.243013266776566,30.321375175890463,0.0,1605.2313390012464,210.75582263567628,263.6895336591891,176.3943148661897,37.19051420036906,1.7589925527572632,1.6041277647018433,nan,0.14427852630615234,13
182,71,0.0,-17.651325378080163,-0.4880172397483745,-0.8679108280595813,0.04503044805024699,,9.904255190864205,9.626891267485917,0.11273690778762102,9.514154359698296,0.0,4.835257223412966,0.9398784705079164,33.498738120924465,0.0,1150.7332388004195,147.11108884352603,185.76398784905592,140.7131995307514,22.167304037402587,1.8901094198226929,2.2033255100250244,nan,0.41650092601776123,38
183,720,60.475467869470634,-5.800444457176721,-3.202217451409213,-2.1321431154488,0.4626654151820726,,43.260083886794746,42.99534102343023,1.1313541075214744,41.863986915908754,0.0,42.26367892760384,19.84227323691538,34.04243615079043,22.11302114836958,11582.676969672568,1306.3686446921256,1905.296108159425,1300.6328870131226,176.2823662942807,1.0295333862304688,0.8521608710289001,0.17228437423578846,0.789206862449646,48
184,720,79.04448849359355,-7.213314521478988,-3.143857774435656,-3.576226966710989,0.48934848656960794,0.3348180651664734,43.35467626154423,42.48967660404742,1.1203256389126182,41.3693509651348,0.6169959791004658,42.26385175341453,19.8848108615959,39.861419739076325,11.080732280904558,11612.206632468613,1422.9871363818404,2014.711745523005,1315.7216711432202,238.43719985712255,1.5768486261367798,0.2709691524505615,0.8281577901904091,0.22706544399261475,105
185,720,64.53786083503266,-5.91321123193963,-3.024819537977136,-2.406958711304752,0.47778207373017667,,39.40181284956634,39.146164651960135,1.11994737572968,38.026217276230454,0.0,42.255977992609786,19.956957887266423,33.407110079974586,22.130386286907832,11582.808447341336,1357.831447303455,1965.9083999210868,1298.468953249489,191.5592159097323,1.6601780652999878,0.49005189538002014,0.7048196783087424,0.08346211910247803,8
186,87,0.0,-17.650935545854654,-0.6651978480431522,-1.0905900613693387,0.04473195938947371,,9.771571774035692,9.500734677538276,0.13705124333500862,9.363683434203267,0.0,12.866731084763776,3.146533324825324,33.67431523580693,0.0,1411.8792126021897,145.71022751594847,183.5623931385698,158.43070598418583,65.87212167230197,1.578307032585144,1.6889677047729492,nan,0.4241558313369751,49
187,720,79.0625969159072,-4.894817744918852,-1.950308720516486,-2.469728558208795,0.47119204132652376,0.4057064950466156,39.48104348126799,38.70841656345874,1.1222001984715462,37.586216364987195,0.5374456169083714,42.263917666572226,25.75869092047399,39.35562574433199,18.429116378819632,11586.522529557531,1317.6922698311596,1940.4946191899037,1294.9563496295484,179.0646687648983,1.521880865097046,0.2831561267375946,0.8139433031641813,0.2733825445175171,20
188,720,74.23192369386425,-6.031795747916748,-2.8975776935329276,-2.639457482426111,0.4910812579127391,,41.029860499314964,40.722451510839164,1.1290580816566944,39.59339342918247,0.0,42.261433534013506,21.674721267290163,32.54896136819649,12.546610995749269,11595.927363753666,1391.6643036233309,2021.2854845039005,1307.319432041671,274.2380297317127,1.9308873414993286,0.4968756139278412,0.7426698061306785,0.14506113529205322,49
189,74,0.0,-17.73871120533043,-0.5740541113347247,-0.9382215528987619,0.05106071823913201,,8.942321555688977,8.684533997438848,0.117584397085011,8.566949600353837,0.0,17.634084412771397,3.159133251606461,30.654105367100836,0.0,1200.1459234802926,167.27454800365726,209.73342446626953,125.52915705938445,83.32529570110844,2.0643577575683594,1.9471091032028198,nan,0.3737945556640625,33
190,114,0.0,-17.37468035681722,-0.7221966584412178,-1.396725119579569,0.08016243664131488,,11.082170406356454,10.839333008043468,0.18041294813156128,10.658920059911907,0.0,21.847194007688667,7.410568919425925,30.823042331829768,0.0,1847.5467492178232,261.5037144842073,330.09665409903516,216.60281570853076,42.450607399332384,1.7664213180541992,1.8928744792938232,nan,0.2020803689956665,105
191,720,74.72219214946148,-4.308849770273096,-1.8515997634274015,-1.9697515590439476,0.48363899917793546,0.331592321395874,39.96326995361596,39.112006628885865,1.1283603850752115,37.983646243810654,0.6160121345892549,42.263445405427994,26.836463889394505,30.075813216707047,17.488760019873293,11585.727307505282,1327.3371550999545,1991.2768539668577,1325.3548073172287,159.22263157938198,0.9295072555541992,0.35579827427864075,0.6172184002302343,0.4294165372848511,48
192,720,68.5320559583519,-6.0477964096000365,-2.7067157995118842,-2.865773346765263,0.47195057937392804,,42.89459347259253,42.62466035224497,1.1207570126280189,41.503903339616954,0.0,42.26310395273663,22.946901789373708,37.07277035743412,9.728561170223129,11606.01453159829,1328.648058992398,1942.694831755902,1261.837323429446,176.7146860358732,1.614315152168274,0.66755610704422,0.5864772091449496,0.2315349578857422,37
193,106,0.0,-17.421133810485713,-0.649474982122131,-1.3209262302587321,0.07523351455092243,,11.618106263689697,11.366028733551502,0.16679754946380854,11.199231184087694,0.0,23.94565419935917,5.39582675856678,34.87018075556295,0.0,1720.6927115262747,244.2827636585501,309.0880444950694,179.80431432168498,71.8407193811209,1.7861459255218506,1.76375412940979,nan,0.5387167930603027,72
194,88,0.0,-17.642625373939236,-0.7112259602116322,-1.0413366556540007,0.06456891423082124,,9.90817428380251,9.654656246304512,0.13860176969319582,9.516054476611316,0.0,12.26382344237373,2.350363042088669,36.88447427372617,0.0,1425.5325707670363,208.2717991772862,265.22966041125346,152.97068394799678,44.59667399281823,1.7482662200927734,2.1428091526031494,nan,0.4779963493347168,70
195,720,50.90236882358795,-6.683487530868014,-3.399051804770979,-2.860733307429479,0.41992819794013125,0.1643121987581253,48.58169791009277,47.680640120990574,1.1195815214887261,46.56105859950185,0.6179827246814966,42.2633972628226,17.735083619713603,33.80224775498816,18.49593082916553,11587.425749311406,1230.9629207698551,1730.9656941359888,1362.906986919682,126.83362704346314,1.8323615789413452,1.3174121379852295,0.28103047284675653,0.3819979429244995,34
196,115,0.0,-17.423934596467248,-0.8091523315831329,-1.4009458516668953,0.0634763723762495,,10.931902161799371,10.690408649854362,0.18073655664920807,10.509672093205154,0.0,16.43303327953275,4.586728229385719,38.07584544005962,0.0,1866.711962083329,209.26374007845774,261.2829112597306,201.58618113838781,62.41179742636948,1.6618086099624634,2.2290570735931396,nan,0.5672484636306763,114
197,720,68.66774156414124,-4.803565924203175,-2.7841676148951904,-1.5401753437337062,0.4756438747414692,,38.21260072477162,37.974541374482214,1.1194917317479849,36.85504964273423,0.0,42.15826246351676,21.86342778116488,37.970685369228285,27.949036707977122,11582.39999999994,1299.8304253124124,1955.468552363244,1276.1528389941489,190.96076203219738,1.4024238586425781,0.650156557559967,0.5364050935433593,0.3392571210861206,49
198,720,76.3925114916292,-4.876014168654448,-2.309779049605381,-2.14720901658817,0.4154872406883046,0.41661176085472107,43.12181150726974,42.23899567872286,1.1208581160753965,41.11813756264746,0.6150563480332494,42.18535429297254,24.561680599830975,37.40472791367668,20.95180803646898,11583.049747090869,1165.6334818508435,1713.8415469350077,1334.1022402618792,65.22184252115066,1.717331051826477,0.39529862999916077,0.7698180385320939,0.2804901599884033,55
199,720,53.34433523760639,-6.0583320709901525,-2.9294897693694018,-2.65676820430887,0.46876025715792863,,47.69586941227317,47.41784289572388,1.1210658475756645,46.296777048148215,0.0,42.263536773851435,20.49203033186415,30.517298523074736,15.647916518006399,11593.728623059054,1326.840127678574,1927.163171843807,1250.2593429221,145.43192673246145,1.9063019752502441,1.2390257120132446,0.3500370203148978,0.3378465175628662,24
200,720,68.18778060608327,-4.328774212633122,-2.362994041195433,-1.5026429919675195,0.4597937082073651,0.4177303910255432,38.96544807963073,38.19484664965421,1.1192636461928487,37.07558300346136,0.526211685501039,42.26369751768725,24.02868641457253,38.50403725006761,29.783092886131236,11582.399999999903,1262.4384797982357,1892.8711278863543,1287.9589875957147,122.85591797105815,1.7531746625900269,0.46767356991767883,0.7332418840534872,0.10482120513916016,17
201,72,0.0,-17.735824991566016,-0.606101901251308,-0.8562172777635018,0.048144106568846864,,8.118975344114006,7.892040520906448,0.11294696852564812,7.7790935523808,0.0,6.297678012733823,1.0639581231459316,33.88535995845507,0.0,1165.5766140635285,156.20143111319595,198.0056468356958,134.99485445763014,36.06115602291816,1.6574574708938599,2.1336188316345215,nan,0.4898284673690796,66
202,720,64.24329379427884,-6.147028010548962,-3.0547114781099025,-2.6318967032741387,0.4567622421682522,,36.83852928876877,36.59979309234768,1.1152219846844673,35.484571107663214,0.0,42.24136945302154,20.91615241868388,33.61110584539556,14.772154601018633,11596.236634125898,1300.4386132474976,1880.1546425529032,1287.2959308779482,57.81862626735135,1.8245861530303955,0.6232367753982544,0.6584229391617706,0.022067785263061523,3
203,720,48.268537281695174,-7.685013305610209,-3.6395175698688793,-3.603933345288989,0.437980661881549,0.4003717005252838,42.44124218542129,41.65539563074708,1.1198976915329695,40.53549793921411,0.5324765015393496,41.3432686404752,17.38499740497396,30.456826346954692,14.384282004375326,11598.865306207748,1302.5032165877926,1805.912375476963,1331.002131030033,319.3531791437398,1.5449968576431274,0.6500418186187744,0.5792601030849961,0.37466633319854736,52
204,124,0.0,-17.39045653070484,-0.8279326122188064,-1.551854069159047,0.08508352697661548,,11.22458828985691,10.956484439782798,0.1948696132749319,10.761614826507866,0.0,22.572667859645573,7.529349194272011,32.0835072132315,0.0,2008.4512014325094,277.58043270272805,350.1015856179086,209.80140444201373,21.852852614773447,1.5100431442260742,1.4734892845153809,nan,0.5621821880340576,38
205,93,0.0,-17.64532446950948,-0.6561379886041373,-1.2264890307775858,0.062256271237623347,,8.746361341327429,8.51427255757153,0.1454601725563407,8.36881238501519,0.0,22.356185258564683,5.8570552919715695,30.348318323297356,0.0,1512.462815601596,204.26991221686777,255.63521559511526,163.04432140126596,30.010637013636366,1.5858527421951294,2.0410523414611816,nan,0.5298594236373901,63
206,720,78.92442118148398,-5.695597646529887,-2.7238960776654704,-2.4836579896945166,0.484351632919587,,38.02277662511915,37.760484447702765,1.1201434638351202,36.640340983867645,0.0,42.26334440165006,21.841607658398484,37.69453626268828,17.18092837740583,11585.57031081003,1368.373398306615,1992.439465461029,1286.8146288211149,294.48708520257503,1.553345799446106,0.25998321175575256,0.8326301768424921,0.4001791477203369,33
207,96,0.0,-17.39699796190616,-0.49751958741031743,-1.2138600365999892,0.06025689200396735,,11.219738055951893,10.953837113454938,0.15060315188020468,10.803233961574733,0.0,20.198431329269983,4.296959955307833,35.26244033288699,0.0,1560.2359570710282,197.40433083101107,248.31387079959657,154.03290146028672,61.20044246158811,1.5802501440048218,2.181523323059082,nan,0.6097394227981567,92
208,720,65.8101379805089,-5.371831455896768,-2.4258885267383614,-2.4545215350531513,0.48768310398563897,0.16283561289310455,43.09919985104352,42.208503564819694,1.1214350992813706,41.08706846553832,0.6218866091221571,42.263534367731616,24.362318741854946,35.50065919713836,14.461016034866404,11591.961904100688,1355.2699649271776,2004.8545233949044,1289.322030104497,133.41930901979921,1.6056188344955444,0.6735407710075378,0.5805101705728608,0.3689082860946655,97
209,97,0.0,-17.447131538572417,-0.687341607252314,-1.0918907510286942,0.06737470567962384,,11.028181697241962,10.762833300977945,0.15220800414681435,10.610625296831131,0.0,13.464750465507779,2.265374539402215,39.251131588933816,0.0,1569.7439973560065,218.32786763508156,277.4175102546496,171.01245738490064,53.628238832403405,1.4984359741210938,2.1798899173736572,nan,0.6814539432525635,96
210,720,85.75410061513273,-5.329936542705056,-2.0024717133754217,-2.8365771255272523,0.4869044554424762,,42.40110366418958,42.140681898221374,1.118758162483573,41.0219237357378,0.0,42.2636221257803,25.57560082028092,37.330302854028865,15.700539061466804,11592.454717284167,1359.9986639234055,2003.4709739704683,1326.353584912349,17.516943794379024,1.383119821548462,0.09478645026683807,0.9314690970441588,0.4449502229690552,41
211,720,64.1855193759349,-4.2023727600036676,-2.1411559929409574,-1.6608195477418195,0.39687464266863354,0.18103688955307007,36.70945445820689,35.96293860767037,1.1162605127319694,34.8466780949384,0.5375392092391849,42.263921360965675,26.472822751272034,36.12982403589157,26.137564637895206,11582.399999999936,1095.7615735408988,1637.5739094452597,1330.2459985124895,71.77497268738996,0.826016366481781,0.6715865135192871,0.1869573766682746,0.3870237469673157,32
212,76,0.0,-17.64997427261474,-0.5251642399533047,-0.936173780278015,0.06316248302118886,,10.180558207444847,9.919682070612907,0.11989100929349661,9.79979106131941,0.0,11.648434888018953,2.2488067708947725,33.830865815638425,0.0,1232.4238036567724,202.07736025953216,258.7235009123137,120.0189808123947,117.56603300210455,1.9117612838745117,2.194563388824463,nan,0.5439245700836182,62
213,720,54.846089289580256,-6.683324374771437,-3.482114669115274,-2.7271005661712384,0.47057031536829286,,46.18244623858482,45.92788362503052,1.1215646276250482,44.80631899740547,0.0,42.24725598247927,18.216164498416934,33.507371756726926,16.347128163318835,11588.828290835125,1354.2567362772288,1939.6943194446503,1328.2319054442157,60.45590926569563,1.9341926574707031,1.1512138843536377,0.4048090918414238,0.25574588775634766,22
214,720,61.32892452440316,-6.454252679596775,-2.8237189423331,-3.128481137851654,0.4983022919297118,0.23394875228405,43.16338612604886,42.370281307026744,1.122261755168438,41.248019551858306,0.5377601319923997,42.2637146171931,21.88125929616846,30.976255531735863,12.798294176893988,11599.46880775705,1412.1263491878278,2048.805578929634,1253.8763042117014,257.13666253168896,1.9692991971969604,0.9383637309074402,0.5235037254658519,0.297247052192688,41
215,720,67.1363996652985,-4.810877797074929,-2.532641844673644,-1.8042247418411905,0.47046038703479354,,44.78209761623293,44.536823944188654,1.1230018818750978,43.41382206231356,0.0,42.171691257876674,23.583338158950504,34.04405957659416,24.08235191994834,11582.408442186388,1296.887291695923,1937.3970976000605,1300.8647330789788,41.76914471669133,1.6586332321166992,0.7778066992759705,0.5310556401409151,0.05304121971130371,7
216,720,66.70636615252005,-6.185377710434763,-3.129197716387834,-2.6294604311222893,0.42318761678868827,0.2610059380531311,40.543274784460664,39.76593491528183,1.1241440819576383,38.641790833324194,0.5249568689614534,42.26385918770566,20.526152300777603,39.47672720861562,22.254776389002046,11582.701652870377,1199.2291471057176,1742.8404508551512,1304.1962509611394,72.35191872721481,1.8116741180419922,0.7882568836212158,0.5649013938151624,0.38598155975341797,54
217,720,69.61579122786652,-5.955604852872744,-2.518812231643719,-2.9433168034066073,0.4894961600648981,,37.39625772368163,37.16670672595501,1.1168719986453652,36.049834727309644,0.0,42.26178240309558,23.819223609165768,32.4079119834758,11.319677320614318,11602.840197914074,1381.362392875295,2017.7463581702025,1326.1235324648271,123.07550263229199,0.9877071976661682,0.4349870979785919,0.5595991413179802,0.7534294724464417,81
218,720,75.73725088900899,-5.2644736994338,-2.5089582247731532,-2.26163248489242,0.4902656208165878,0.1641431599855423,42.05118101928383,41.281685455702245,1.1203896878287196,40.161295767873526,0.5261233076453209,42.24587922009082,23.63940120343099,35.39770392265192,16.53169867490328,11586.320890915813,1361.0543015829644,2015.7287254192167,1229.405989665162,68.05284424607724,1.1845248937606812,0.4286386966705322,0.638134496853273,0.5880255699157715,92
219,720,63.67969030616265,-5.947183558121239,-2.5001656998862765,-2.9716267037724315,0.47177938081949733,,42.917922891676426,42.650055008009076,1.1202765116468072,41.52977849636227,0.0,42.263609603463465,23.367251469352855,31.099216553571,11.679578175798625,11611.35372297146,1335.5287370401895,1944.6050433146927,1310.6637077826963,134.02084418163025,1.6315454244613647,0.8147916197776794,0.5006013270843053,0.18535935878753662,32
220,720,77.79414909271594,-5.875280719353749,-2.606424601752588,-2.785428545397008,0.47970460051802605,0.20222066342830658,41.34776736050844,40.518745825625956,1.1200713627040386,39.39867446292192,0.5252958685159683,42.25994493515867,22.669812767517573,32.53434213973871,19.04320501550755,11586.538052615584,1352.113478609208,1975.285637336767,1327.3089544961008,96.5766331045879,1.8601762056350708,0.28039002418518066,0.8492669547455831,0.2161041498184204,33
221,720,61.950950998443396,-5.8899043044375805,-2.9769894438391145,-2.4465706371170173,0.4626158785977577,,40.59604042302817,40.331767715513706,1.1169642843306065,39.2148034311831,0.0,42.25797017438155,20.640859042623124,34.90355332047099,15.512837981248001,11588.167841124205,1305.6879787128164,1905.18899173771,1345.8523993553479,120.00875957785989,1.5649505853652954,0.44592157006263733,0.7150570923882884,0.251639723777771,43
222,720,57.73601615079574,-3.677408700920127,-1.9584444639728806,-1.2765303804023613,0.43891286353648673,0.38919901847839355,35.78971174918115,35.02988930977881,1.1201464850455523,33.90974282473326,0.5259524239227176,42.26351416037114,26.098149644382993,36.328589860762214,29.973051701640262,11582.399999999941,1197.6210198095466,1807.797262426446,1314.9296588219165,77.76871762450271,1.2481505870819092,0.8888168931007385,0.28789290146573443,0.028492212295532227,9
223,720,73.41830760027614,-6.005254224747335,-2.6007918959752887,-2.9260053305685574,0.4747716738773367,,43.50631739757955,43.24784229230136,1.118323060683906,42.12951923161745,0.0,42.24423569185116,22.48331947386061,34.79287747577654,14.360238499551158,11599.657436742302,1338.9123185512244,1954.7953551662376,1300.677174747561,50.5739562453258,1.5061074495315552,0.3174249827861786,0.789241476174288,0.37935972213745117,56
224,720,66.00424663822359,-6.468851659239042,-2.9312058957154146,-3.0628270741167443,0.47114752610412425,0.33622539043426514,38.95869075227529,38.20034572388977,1.1169944806024432,37.083351243287325,0.5249639237299562,42.26359881035021,20.763082768384855,36.82361577324529,16.738072005216868,11589.091324590234,1354.1095318536566,1940.8438224623324,1306.338537460725,108.76970464042844,1.6612749099731445,0.6026798486709595,0.6372184729614063,0.22289061546325684,35
225,720,80.06783507534817,-5.060473867269097,-2.3618135193682988,-2.228521530983834,0.46657739221285693,,43.23533544037491,42.943305750377476,1.1187379248440266,41.82456782553345,0.0,42.2637265690291,23.48099223176426,31.46950028334956,24.00284066615177,11582.448292537345,1307.1897667608255,1924.769632546726,1335.2893187326354,79.42420886716475,1.598023533821106,0.2212563157081604,0.8615437688961285,0.03749656677246094,3
226,108,0.0,-17.41076177237621,-0.7816626872672601,-1.240487263072505,0.06313967383710901,,10.657689725980163,10.400432098656893,0.1694490872323513,10.230983011424541,0.0,19.73653100032726,4.5449309604857175,36.27277552113733,0.0,1746.5522213943018,206.6123582178312,260.733329888909,195.4348552036294,13.666416965251162,1.2181456089019775,1.3829025030136108,nan,0.2749365568161011,87
227,720,75.21872840498264,-3.475985302943211,-2.0165380352241167,-1.0437067930380641,0.4122221022220304,-0.17725645005702972,41.5914760697633,40.76512972731143,1.1207500705495477,39.644379656761885,0.6044213334098458,42.263425152663984,25.644264491690123,34.50805432049936,30.301848652179615,11582.39999999992,1122.50790059759,1702.7712181057423,1369.8633182377932,87.09794261421575,1.1503989696502686,0.4398638606071472,0.617642337822269,0.28615128993988037,17
228,720,61.7523881331189,-7.317591284663842,-3.4043761695462207,-3.4319683966399297,0.4775027318494909,,44.42779472656548,44.15170756354928,1.1216007517650723,43.03010681178421,0.0,41.29665115659847,18.253607718188952,31.869211559186393,14.451447192525773,11599.914909615689,1403.2034671087067,1969.1911530722725,1338.6570860882916,126.29510802879078,1.7961534261703491,0.8156623244285583,0.5458838245418351,0.3324209451675415,63
229,720,70.12384718328329,-5.512278507241742,-2.764171532158171,-2.238888659909969,0.5052506920398485,0.19889609515666962,40.528932644054294,39.74111947789788,1.1211498826742172,38.619969595223665,0.5266993911936879,42.263880943830806,22.110909040108886,39.53803156272278,24.08870635553643,11582.414342708831,1403.851892242249,2076.273032740992,1276.1402124565172,148.44873482776546,1.063848853111267,0.549926221370697,0.48307861613760594,0.974868655204773,33
230,720,69.32298251498152,-4.6610019144360155,-2.343980241410114,-1.8199324970321933,0.49315597534858574,,43.13043927401304,42.89820580277592,1.116966987028718,41.7812388157472,0.0,42.218910084967156,24.59511145732066,30.324486639800153,23.42857423350175,11582.446809912197,1345.6197637829516,2029.2653817436242,1269.5951405748117,103.7719406826077,1.0704759359359741,0.5028795003890991,0.5302281130220785,0.15017294883728027,33
231,720,68.53148156659478,-6.64882189677818,-3.1236373216581153,-3.0945616941985103,0.4272964499360201,0.14929622411727905,43.453754868358374,42.68252690136433,1.1217284686863422,41.560798432677984,0.524935089983046,42.26362735916322,20.314567558988724,37.93243803207263,23.504928476020858,11582.47836454858,1223.767477537572,1762.0524624452114,1302.4075527375833,107.6645588494844,1.4504752159118652,0.6655649542808533,0.541140071212844,0.17527246475219727,33
232,720,72.34757772966725,-5.7639020784398305,-2.514013466431817,-2.7618912505686084,0.48417199947231954,,38.77528135944158,38.51268083974719,1.1192341689020395,37.39344667084515,0.0,42.26369194512212,23.27472478761717,35.06133504254411,11.533720382665924,11600.6588894482,1362.5082271584029,1990.860278374873,1309.5510280801304,100.25353936433159,1.5464942455291748,0.4809896945953369,0.6889806114792536,0.3274567127227783,118
233,93,0.0,-17.615336794536603,-0.6351318888277734,-1.217811195099527,0.06201374158527163,,11.034690985456109,10.76255688071251,0.1467597158625722,10.615797164849937,0.0,28.29025457413406,5.457701488459247,31.226571285804557,0.0,1512.2300868016753,200.89491512536162,253.56595362008179,143.8794888950696,53.54195791097793,1.7277932167053223,1.872795820236206,nan,0.3406105041503906,57
234,720,73.40036092201345,-5.372176166528048,-2.3768174018260253,-2.517610575705569,0.4742419977536584,0.12616056203842163,42.64604915678501,41.83822267502546,1.12508481182158,40.71313786320388,0.5317126167938113,42.25413685441687,23.189454662047183,34.33582260305715,14.918297919694895,11591.497934294517,1330.072426452509,1952.1693257902755,1312.0559269226267,58.53331071948784,1.7135391235351562,0.3989359736442566,0.7671859555670824,0.40660953521728516,38
235,720,76.41842670753579,-5.535274318912046,-2.5353126651456086,-2.5259302623476136,0.47035843646097963,,40.6011980837211,40.341831563040614,1.1262102732434869,39.21562128979713,0.0,42.23957083906275,24.13204820624493,33.359673870866075,17.612066438431285,11588.307422674316,1317.9119698987636,1937.6944409588118,1333.1132831395512,113.54836324302497,1.176591157913208,0.3282195031642914,0.7210420111039941,0.45961058139801025,34
236,92,0.0,-17.597654465414173,-0.7860510458645592,-1.0385429401212343,0.04760666838613115,,10.905144510790706,10.642116450704634,0.14503874257206917,10.497077708132565,0.0,8.762830760587574,1.7099028513064352,38.24105537761993,0.0,1488.252309115556,158.12195474326714,197.13742919792182,179.09732077226332,24.54863457923948,1.7893357276916504,2.4147119522094727,nan,0.6253762245178223,91
237,720,81.39229964388008,-2.930843780187983,-1.155161914571217,-1.2953971742853392,0.47665533489047646,0.15651512145996094,40.47495889943093,39.68089713156223,1.11930294893682,38.56159418262541,0.5329727130010724,42.26355170286976,29.83053478398805,32.43482084677326,25.142869507733757,11582.39999999996,1282.1234171276155,1962.4522463646956,1302.6853223019436,95.98314845031607,1.0691189765930176,0.23316286504268646,0.7819112089977944,0.1421048641204834,59
238,720,63.926640524882785,-5.261337755908858,-2.4606162055579395,-2.320175774703309,0.47673141780924244,,41.599185699597,41.34811604581773,1.1238913275301456,40.22422471828759,0.0,42.263629255667354,23.941650560462847,30.820388382112927,20.648525707390558,11584.117367164059,1334.0734354556284,1963.0294099219002,1359.3848042022537,92.62451117359016,1.8004324436187744,0.7533211708068848,0.5815887602576474,0.10680961608886719,22
239,720,79.4132068787672,-4.579291126486291,-2.0401202928475914,-2.072532145003637,0.4632777241655711,0.27520549297332764,40.13200604915619,39.34610032197088,1.1229788521304727,38.22312146984041,0.5264229960739613,42.263708887336996,24.95917974008712,30.155351442557443,16.780860459029473,11588.974829712439,1278.9364761396466,1908.6106446167132,1289.8798241074928,45.57661266645923,1.924559473991394,0.2607647180557251,0.8645068019046882,0.3606668710708618,42
240,720,75.30499987315588,-4.84771920648846,-1.9612525679897161,-2.4050350043258497,0.47772946599185884,,41.407505792565644,41.12829746864736,1.1263448791578412,40.00195258948952,0.0,42.261422777056715,26.450754727190905,38.157570955628934,16.610626289380477,11589.71633532512,1324.8659585102137,1967.4959123368387,1319.0805263949765,104.71094115176531,1.5281288623809814,0.34738364815711975,0.7726738518531346,0.08239996433258057,35
241,720,82.7908314022024,-4.189457198029522,-1.9037250758609077,-1.8220857419531287,0.4601592858353435,0.14492341876029968,32.52315885387361,31.781341484747827,1.1199694825336337,30.661372002214193,0.5251143025234342,42.263538996764254,25.584563551534924,35.061575497717115,26.491200490470135,11582.399999999949,1264.6839397264805,1895.2176649814937,1290.048592185623,54.362056300204415,0.8886505961418152,0.13751700520515442,0.8452518843714265,0.3934871554374695,35
242,64,0.0,-17.492299187916398,-0.22337684550607154,-0.7938037948274468,0.04971181913923308,,10.758150348439813,10.470053926110268,0.10475094337016344,10.365302982740104,0.0,6.885256792915059,0.9454252904738899,31.56460492231628,0.0,1037.2915141502324,160.3510313049602,203.6796312575531,117.41520964629721,64.86810361403526,1.599114179611206,1.879114031791687,nan,0.2983279228210449,58
243,720,68.98904639042254,-6.447069476110582,-3.038432933420607,-2.922991982153618,0.48189225004203606,,47.41657659597695,47.138835427351296,1.1266905553638935,46.0121448719874,0.0,42.25684062519254,20.83066398582242,36.677540297289625,15.933300518288323,11592.1049701176,1372.5842311178815,1983.3943507574697,1291.470915923037,99.75572359239035,1.3134269714355469,0.5393880009651184,0.5893277565515659,0.7555239200592041,71
244,720,74.13242631287214,-3.949289004183319,-1.9804038558288275,-1.489352989413922,0.4759466467361042,0.1373031735420227,40.22682050615549,39.43259058147669,1.1249237954616547,38.307666786015034,0.5370835466310382,42.2634833686814,26.089341824805615,35.54038306781292,25.7907293090422,11582.399999999941,1289.321187713843,1961.1524509337576,1326.1357886740982,60.20089708166709,1.4211337566375732,0.3563666045665741,0.7492378160028064,0.043344855308532715,8
245,720,60.989475070030416,-5.757970015713337,-2.9569206666521306,-2.351786893289194,0.4455679211916594,,35.99116934556514,35.769143944606185,1.1248289858922362,34.64431495871395,0.0,41.790252431819056,20.648465376832917,36.58825599734945,20.83402575927576,11583.376255455847,1259.1385572697402,1830.3577422370226,1248.3647301566698,40.46636083847966,1.5806751251220703,0.888086199760437,0.43816019772446724,0.001729726791381836,1
246,720,50.11695707204306,-4.966019524060722,-2.936838217726256,-1.545549291326239,0.48000762804246777,0.22714366018772125,44.56531236693263,43.8097615018487,1.1243212036788464,42.68544029816985,0.5248708240687847,42.263617012665584,21.126773856291404,39.520963040164034,31.045625745672258,11582.399999999896,1329.121990216199,1975.7348124665345,1303.6448461648147,118.41027573371423,1.4630910158157349,1.0730946063995361,0.26655649252193603,0.03423810005187988,6
247,720,49.900687762679176,-6.976221973041186,-3.4169993105631566,-3.0606432600599254,0.4949032971837205,,42.015880580060184,41.761557487770915,1.127066407352686,40.63449108041823,0.0,42.21618345707545,18.41947678435878,31.04264898084883,15.052538758131584,11591.45085298018,1423.9263834798924,2035.7989142004342,1265.6944335319226,134.7230679842211,1.4545562267303467,1.1080528497695923,0.23821930743760178,0.7739949226379395,72
248,720,75.73561636257777,-6.457438701046136,-2.9080415103907002,-3.043869293451403,0.5014809687997619,0.2399071604013443,43.159639433957636,42.38317182101309,1.1340750372037292,41.249096783809364,0.5257250163704157,42.25170265634818,20.172687524116952,33.52082756262999,14.599747457813898,11590.02074219966,1437.617289527443,2061.736319799446,1274.130467239828,84.02692367633276,1.8465014696121216,0.4130936563014984,0.7762830611836592,0.12590348720550537,13
249,720,63.70093425414273,-4.363118872792628,-2.273518692183255,-1.6485763785407692,0.43740379020936626,,41.25273255445063,41.005167740397155,1.1235380731523037,39.88162966724485,0.0,42.263062426865005,24.664589048098176,36.63009471045846,28.886047108917058,11582.399999999929,1208.5180978703588,1801.2720502525672,1323.154111983215,128.56412200116267,1.5375994443893433,0.7205702066421509,0.5313667618237694,0.017774224281311035,2
250,101,0.0,-17.444259022682083,-0.6032147457647933,-1.2693962607103213,0.0711414229714318,,11.962057404220104,11.703859615139663,0.15952440164983273,11.54433521348983,0.0,29.17702870167828,6.241425453250322,31.664274136306574,0.0,1637.9307865911749,232.17616835249373,292.6113916119144,182.1991778462972,13.538027401272682,1.8456310033798218,1.6646521091461182,nan,0.17744076251983643,85
251,720,65.67292508117906,-4.941153687333729,-2.1521403309903557,-2.295389548398374,0.48985650060364677,0.5987535119056702,41.869360451586545,41.01977444533259,1.1233365759253502,39.89643786940724,0.6058703390881419,42.26365284167518,24.57406879384988,31.251589910101295,17.59093486794498,11588.420706622914,1358.3651894982986,2014.9212593268312,1293.1898272443962,52.55747276425166,1.8464341163635254,0.4825327694416046,0.7386677568588622,0.4237849712371826,26
252,720,55.4978082284278,-5.412703514859857,-2.950790344028132,-1.9797245713624194,0.4782544422791149,,37.832628114148974,37.58657299447805,1.1234842082485557,36.46308878622949,0.0,42.26295794914364,20.53453598924246,35.62057461447807,30.98344039090419,11582.399999999876,1342.0699590338133,1970.552187958036,1375.2243939195553,62.839607403155384,1.5137856006622314,0.5315768122673035,0.6488427343774732,0.0,0
253,720,57.48639039129434,-6.101304957674048,-3.0770070413579482,-2.5476149705547937,0.47303249775207046,0.19015641510486603,46.045315772295,45.250491527840495,1.1250316221266985,44.1254599057138,0.5344626791775227,42.14236299639692,19.372172067174144,31.848203593984138,16.652467795348848,11588.751813501814,1344.3274759387007,1949.3764858164031,1334.6934202162006,51.771495042274644,1.6046605110168457,0.921492874622345,0.425739669982649,0.10538101196289062,32
254,140,0.0,-17.22509019749024,-0.8674300658343509,-1.7374053118915724,0.09452099165242309,,15.12925532925874,14.887485931627452,0.22230470646172762,14.665181225165725,0.0,25.618332937733225,8.278022204978985,32.430393956964224,0.0,2267.565061256978,310.11397705127115,389.72151195325193,257.6459131729341,78.27432793787645,1.644752025604248,1.297626256942749,nan,0.042484402656555176,4
255,720,68.00808295649699,-6.91069712062105,-3.052465779185843,-3.3597270902121865,0.49465887430287436,,40.672909698449075,40.361170060001314,1.124316418543458,39.236853641457856,0.0,42.251330282296365,19.913999823596022,33.824485431947394,13.965787864446453,11595.55520814614,1427.7398639937305,2033.920175313756,1287.3169298402936,101.24301821587989,1.4672199487686157,0.6489343047142029,0.5577116401267378,0.4871060848236084,35
256,720,69.61985765001005,-5.123681104488008,-2.463082221823934,-2.1793745171068353,0.47758958698506726,0.10974972695112228,46.27990292571485,45.42362416535616,1.1243561981245875,44.29926796723157,0.6082211555913091,42.26355780560218,23.743322821744666,33.43153208076684,23.844257761336817,11582.441377375126,1335.0122844719092,1966.0272960148895,1293.779583328748,130.23223023292027,1.0185673236846924,0.5457092523574829,0.4642384065656394,0.47268104553222656,18
257,720,75.65283285863474,-5.802551176830327,-2.6917373899266357,-2.6304478533357654,0.47653367854242956,,40.776370589621365,40.528409770689905,1.1230486314743757,39.40536113921553,0.0,42.26387522122456,22.100897581666626,36.826630958567144,15.869635229077597,11590.729075979389,1342.1850896703736,1961.6908273004544,1340.784085179768,38.42265900173287,1.3653123378753662,0.3390362560749054,0.7516786110623614,0.44314897060394287,41
258,720,67.79643444498588,-4.98408450057354,-2.2442769360854964,-2.2462127778350185,0.4898175227676582,0.07186569273471832,46.540486332029104,45.73411288484931,1.1255413359031081,44.6085715489462,0.5268907882273197,42.26351749424985,24.60735553750046,39.44150309104921,17.91475272682348,11585.995731431765,1357.5684521595074,2014.917534635119,1302.5441738911525,78.94494238655425,1.572831153869629,0.6598302721977234,0.5804824500237383,0.1733461618423462,66
259,720,76.35118369768405,-5.645233641845178,-2.8179259462542983,-2.3489114610028015,0.4745761285014977,,42.341203482821584,42.07031114958227,1.1231037536635995,40.94720739591867,0.0,42.26364815289352,21.419978705877018,34.466523373425346,24.25540306252147,11582.404160137654,1328.4605317482328,1952.2011389645365,1299.3153966874431,26.45844849614632,1.3877665996551514,0.3915637135505676,0.7178461323050519,0.007784366607666016,1
260,720,80.26996891905989,-5.073263148621622,-2.1267372981901405,-2.4603198362617738,0.4823417054306172,0.0984814241528511,38.484557122923434,37.70710543170571,1.1262504318729043,36.58085499983281,0.5267014103010297,42.26330423290859,25.42998819803141,39.940321799612775,17.11003750739911,11586.15216335472,1336.141980470139,1986.4746538500067,1321.4064167296508,24.225363079828224,1.5263868570327759,0.17512312531471252,0.8852695013011684,0.06358969211578369,12
261,98,0.0,-17.5136262820703,-0.6077204296768306,-1.2547401588382368,0.07555925141475875,,10.426080443896353,10.18245994951576,0.15550302434712648,10.026956925168633,0.0,18.394120917644056,6.594296223385931,30.381854846236795,0.0,1589.8090685161153,244.50834910790167,309.5861151486148,174.9180164856916,40.26628510461699,1.8014812469482422,1.4652928113937378,nan,0.1762712001800537,15
262,130,0.0,-17.29283197392191,-0.7734238802152403,-1.6561472314107681,0.0876283708597543,,14.181476388126612,13.909620434045792,0.20610552467405796,13.703514909371734,0.0,33.40583700186047,8.619491846373863,30.228172535578658,0.0,2108.421636241033,287.5802841547944,360.3889288099884,234.20843694239835,15.932040902155714,1.3930280208587646,1.3983957767486572,nan,0.15258026123046875,14
263,720,53.50914971855314,-4.708592906112977,-2.5465214219342927,-1.6785675880401814,0.4797439497093974,,39.917232321575284,39.693081769160926,1.1238963436335325,38.569185425527394,0.0,42.26384462382738,22.35607464173616,34.06088289544994,22.52456365118524,11582.49239759974,1321.6848450492337,1974.9401592230788,1295.5482321644674,111.90582170430345,1.3860609531402588,1.1157997846603394,0.19498505305096137,0.01405644416809082,3
264,720,66.28901210314098,-5.696970518425578,-2.823945099032369,-2.4122232147618563,0.457073685481367,0.09685774892568588,39.87513507716358,39.02573906444013,1.1259347358718514,37.89980432856828,0.6220702361315489,42.26373872634128,21.702034298004776,30.63553602881918,17.31538988495416,11585.537628736613,1297.7078560920047,1885.635529661533,1313.1110020648948,126.07390847826696,1.4148683547973633,0.5812714099884033,0.589169262272706,0.26290011405944824,38
265,720,81.76051876931253,-4.514949073477732,-2.0790274518168896,-1.9476691945356637,0.48443205768025893,,40.13386495411396,39.880506347864866,1.1260896446183324,38.754416703246534,0.0,41.998614283127296,25.343457643171313,34.6104148309801,19.143912003196153,11583.959615596514,1325.9855408260169,1992.975523853609,1301.7842048042814,103.45024376908637,1.5778429508209229,0.21131306886672974,0.8660747137370121,0.3608359098434448,61
266,720,74.81651354151715,-4.826707301112322,-2.3159657989137465,-2.0219131958427496,0.48479287583755404,0.2357506901025772,39.68001803662628,38.93689499888569,1.1245094509795308,37.81238554790616,0.5252320924773812,42.263855988907444,24.459504108803937,37.1631567292615,22.683891784341412,11582.529171590191,1346.1550151950487,1996.362270240245,1321.5290553405164,107.14558618665093,1.407456874847412,0.30711549520492554,0.7817940281557677,0.011284470558166504,2
267,720,82.59420663272277,-4.186830034577837,-1.7256829271160352,-1.9902255835847882,0.46737572268984334,,42.80013154540211,42.542377824895084,1.1259582694619894,41.416419555433095,0.0,42.2634284895101,27.170329533972122,30.91634883081654,18.55974106761054,11585.175734323855,1283.6446265413535,1925.0986441877683,1321.7132251122966,88.06541329556792,1.1231966018676758,0.17156285047531128,0.8472548348258597,0.4056462049484253,49
268,720,70.4093290747126,-3.42206382685289,-1.4720972449675869,-1.4634712818325948,0.4827651580406771,0.04659935459494591,39.81103480607271,39.04240489564836,1.1234793160110712,37.91892557963729,0.5262072924524546,42.263606744210286,29.39080525326468,33.20523842713174,24.89225798265643,11582.400046193032,1298.7190161878152,1987.0827598029323,1285.79241590733,64.13501765299056,1.423776388168335,0.45136943459510803,0.6829773001252062,0.0,0
269,720,76.87935633815597,-4.126607093132377,-2.330030323485506,-1.342890522276256,0.44981454870169557,,38.85086710564792,38.585532813332975,1.1214685356244445,37.46406427770853,0.0,42.263562935654576,23.966588933961706,34.92960720895179,30.418914502877154,11582.399999999923,1217.1247675393045,1851.939448652044,1312.258531834138,37.2185703632698,1.3804093599319458,0.35961177945137024,0.739489031377548,0.00612330436706543,1
270,720,67.2419097006586,-5.21021247925078,-2.7589662095828467,-1.9621496725907432,0.4853532037561575,0.1133008599281311,42.954897716641426,42.18863656837493,1.1203222880139947,41.06831428036094,0.5296569559723139,42.263569555886626,22.158298345769996,38.33416720922897,24.575871969594417,11582.401799708574,1341.4240367726748,1996.4694820761665,1299.0914760183002,38.84271112999287,1.3840436935424805,0.5935750603675842,0.5711298254982687,0.14596045017242432,11
271,720,78.10773294001825,-4.032826690395926,-1.8996413763840698,-1.6599901249688243,0.4697370237959121,,41.18386397603899,40.955583301372826,1.1256681103259325,39.829915191046894,0.0,42.26357266687168,26.66101255245176,30.789893734989526,22.735186065137928,11582.682310422753,1279.007011255389,1932.8976551383566,1266.4167809160383,66.43547920502184,1.6672192811965942,0.32286202907562256,0.8063469918342724,0.06370961666107178,12
272,720,68.85723970320839,-5.5706048938633606,-2.4832701443399157,-2.6605057243450574,0.42317570258419457,0.28595125675201416,40.77553738374263,39.99759632255882,1.1249817833304405,38.87261453922838,0.5252098152413964,42.26341241994983,24.32109284198484,33.79513517622984,11.379721577382295,11601.73593064266,1196.1697955579718,1738.580851927726,1250.0602716452017,71.34237235528833,1.4134082794189453,0.5500706434249878,0.6108197104582387,0.529076099395752,50
273,720,60.91283765639333,-7.309799668186575,-3.5332307260106646,-3.342956018699939,0.42990697800345834,,43.47600723430514,43.19892480876297,1.1268041208386421,42.072120687924325,0.0,40.932184520423135,17.78609336702099,38.05624186315961,19.798960718609493,11586.224534726853,1254.8597439877656,1768.6200907963905,1282.7117057944963,41.19676109790048,1.5444040298461914,0.8469870686531067,0.45157675563857547,0.3195003271102905,31
274,83,0.0,-17.551376697201093,-0.578570425713915,-0.9612905442712303,0.06110772706965278,,10.830132162198424,10.563836740329862,0.1322971386834979,10.431539601646364,0.0,7.175473854678107,1.411929475514263,37.41949951183117,0.0,1343.757849155913,194.90990896499625,249.8748577303078,126.48605577387671,88.60735968098723,1.6471985578536987,2.237809181213379,nan,0.597962498664856,81
275,720,67.67151713920015,-3.9440740180886227,-2.1698045997634043,-1.3448518357098875,0.42589278611480347,0.18032939732074738,40.64316757302731,39.86749198846519,1.1316345278173685,38.73585746064782,0.5365523118525743,42.25769890039958,24.94507018607243,35.90015340335725,28.70666758112955,11582.39999999996,1162.666242413927,1751.3755677268732,1282.8558245818012,103.89151393469398,1.3632954359054565,0.580936074256897,0.573873674805448,0.12254798412322998,19
276,720,50.6912621168793,-5.914562316901054,-3.202723727582285,-2.233141077660545,0.4752060033683719,,46.05644760560244,45.78381673898548,1.1269988333806396,44.65681790560484,0.0,41.86633806058498,19.66076688721077,37.09985186536067,18.65801831630417,11583.951915945836,1332.250584512152,1956.9312012942842,1289.6057092344276,292.0174224215255,1.480225682258606,1.2977925539016724,0.12324683360348643,0.41568541526794434,28
277,720,65.18837459533495,-6.440051634458028,-3.005411884440943,-2.9361567323212707,0.49463402729779354,0.03562406077980995,45.63724877964705,44.864393811672926,1.1239422783255577,43.74045153334737,0.5260938256978989,42.257064128812694,21.20393719112744,38.43986375672201,14.987480003525864,11594.096721559907,1404.5072066369112,2035.499048556678,1283.0616376018847,164.76866127846193,1.5960779190063477,0.7606291770935059,0.5234385689847509,0.2597036361694336,19
278,720,79.32831841506966,-4.03015976865813,-1.5440024044912626,-1.9977806609585351,0.4847254105588173,,40.45148464292288,40.189762353897095,1.125809890218079,39.063952463679016,0.0,42.263679756105525,27.878484872777683,32.35106281429728,20.010615845706774,11583.40237480953,1325.7329712080332,1993.6126816478834,1267.9418926100675,64.74782447718418,1.8728159666061401,0.2959652543067932,0.8419677856318513,0.1584833860397339,23
279,720,69.34205568434584,-5.594166059196076,-2.6477450054753615,-2.457595083612101,0.48518181974927643,0.17633984982967377,42.51582252699882,41.72876310348511,1.12418114207685,40.60458196140826,0.525087377987802,42.26367430145163,22.98299871816952,30.61065826350489,18.26351205598784,11584.89883545804,1358.219999413379,1996.1713764360481,1252.386381023726,85.33552920498477,1.5839983224868774,0.6424677968025208,0.5944012138890108,0.24641144275665283,42
280,720,71.84039983183568,-4.131202937682687,-2.0772697551066486,-1.5571610851126287,0.49310298739435277,,38.34230721462518,38.08792994637042,1.1274432875216007,36.96048665884882,0.0,42.26362014035416,25.583208701500382,32.989478538024805,20.210929551652452,11583.05986388065,1325.4914243770702,2026.7576264630118,1229.9360291754472,126.73780717394834,1.353882074356079,0.5349743962287903,0.6048589412905627,0.8675134181976318,36
281,720,56.22114683070425,-5.64787562506761,-2.7261508406567576,-2.4543741228975096,0.4634100653557898,0.3043949007987976,37.884258246049285,37.120168128050864,1.1245581144466996,35.995610013604164,0.5271640382707119,42.261687448099515,23.164376118796945,30.312637183276863,14.083910885697474,11590.376989671695,1306.1782800462058,1907.4156301868557,1316.3896645147097,119.5624927735931,1.2266321182250977,1.1012520790100098,0.10221486732021112,0.7562599182128906,62
282,720,60.614500461880084,-5.37402458596575,-2.508558067499687,-2.371904618666506,0.4897503314984724,,43.534583784639835,43.27631428744644,1.128764683380723,42.147549604065716,0.0,42.22090249268334,22.720069925111492,37.2477143538901,15.867341368603919,11588.836070147716,1364.9272970870538,2014.7339774793386,1300.8762970123348,45.085827560228395,1.7746304273605347,0.8211353421211243,0.5372921992876988,0.47622621059417725,48
283,720,76.97651750418568,-4.735927061003772,-2.4217510040510817,-1.8177212184887954,0.4925041889805788,0.2475205957889557,39.699991098605096,38.928702959790826,1.125536810606718,37.80316614918411,0.5253227697685361,42.26304485709358,23.942396842820482,39.005704830209645,26.42065005519396,11582.399999999938,1354.195977403402,2029.5637735742164,1345.668016432585,81.51690847431979,1.3452421426773071,0.29288068413734436,0.7822840402885001,0.403788685798645,61
284,720,68.13908724700178,-5.1391978497762105,-2.142823522605866,-2.5214347314390033,0.47094996425457025,,44.55795560311526,44.29218648467213,1.1256000995635986,43.16658638510853,0.0,42.26360184515438,25.816947152675418,31.714051308193326,10.548472074517347,11606.448076310453,1295.4149980486536,1936.937530869798,1297.8238129784847,33.85942643483989,1.8650493621826172,0.6503612399101257,0.6512900660446728,0.11077547073364258,33
285,720,59.57214348093256,-7.308286695817819,-3.197401552320717,-3.6397928013801604,0.4672356366764053,0.1931852549314499,45.19952742662281,44.39156286790967,1.1240041321143508,43.26755873579532,0.5251968614757061,41.78987056520177,18.10338987528125,35.33841010980178,8.883652805629051,11616.178901956277,1380.516810150004,1925.8856701072457,1349.1209428388916,79.52134306647125,1.800573468208313,0.9005166888237,0.49987228806621686,0.7395886182785034,70
286,720,66.76480314811549,-3.5353069815837554,-1.7484086278243973,-1.2677937382141922,0.5149679766004455,,39.93658849131316,39.70114736724645,1.1229882389307022,38.57815912831575,0.0,42.247334648838056,27.080272080845454,37.42764457019043,29.999976687177014,11582.399999999932,1379.9777357272487,2114.4489017615047,1280.623305120232,79.94908679039719,1.3037869930267334,0.6697958707809448,0.48626894242439256,0.28893399238586426,20
287,720,79.05939918600563,-5.300306129477591,-2.2286953527851683,-2.5716503651936584,0.4960463354845334,0.18186864256858826,42.073701279237866,41.29022887535393,1.1247541150078177,40.165474760346115,0.5267005730420351,42.263700620839906,24.68711379243693,32.68092189874336,19.57576610206095,11584.762698992612,1381.8395437896909,2039.6063826845066,1318.8099545326913,106.44902051553774,1.3547673225402832,0.2626152038574219,0.8061547547773739,0.07431507110595703,100
288,720,69.28413532128629,-5.529043403237669,-2.3981585806708248,-2.621537073082181,0.5055650301885467,,38.50269626546651,38.26137630362064,1.1205707881599665,37.14080551546067,0.0,42.26384042056958,24.229180640332565,34.31762872047897,14.702752138388995,11591.9606723391,1406.8545029392378,2076.7928410840873,1259.7641120759606,68.15171283180787,1.482123613357544,0.4870935380458832,0.6713543096837646,0.21293151378631592,109
289,720,68.43933181831862,-4.391302596144037,-1.693375224802567,-2.1936872882329337,0.49999565389040057,0.044020406901836395,41.825531639158726,41.049349141307175,1.123150197789073,39.9261989435181,0.5256487373262644,42.26357422669558,27.42504427346086,38.523920549982094,13.808789922357892,11592.21865864338,1371.573552549736,2056.1231844311133,1329.2021803208816,88.29178967530494,1.5831458568572998,0.5542897582054138,0.6498808016933237,0.23684310913085938,29
290,720,72.4355195725297,-3.488417471424804,-1.583871565652585,-1.4229507495776157,0.4777098457859848,,36.745593634434044,36.488342413678765,1.1216242294758558,35.36671818420291,0.0,42.2639120046503,28.22111955770765,31.438970166484353,26.004305689384367,11582.399999999952,1285.496670015892,1965.7161498779108,1293.1761416265256,89.10422582767004,1.34256911277771,0.49270617961883545,0.6330124274947377,0.07425391674041748,13
291,720,74.9052967182781,-4.429871622727098,-2.0256672910189137,-1.9239959823192898,0.47630744840300815,0.0769990012049675,42.31668521370739,41.54725886601955,1.1225709514692426,40.424687914550304,0.5238939682021737,42.26052394531346,26.075524296850915,38.46668096111671,22.434615147476585,11582.61532879686,1305.4111993715455,1958.4281788404498,1274.266657191195,94.80506691039513,1.3192574977874756,0.37894198298454285,0.7127611678386776,0.30827176570892334,48
292,67,0.0,-17.488754735442285,-0.2545462521552896,-0.8373262452417146,0.046469611270603665,,8.430303593166173,8.170822872780263,0.10779890045523643,8.063023972325027,0.0,12.201602167478399,1.5574636787640839,31.96093387990392,0.0,1086.447005136611,151.0539879798739,191.15307696874262,132.1609540778133,63.74041411890203,1.667791724205017,1.95087468624115,nan,0.5769990682601929,54
293,720,66.21261072719244,-4.909496593251311,-2.3899210107651383,-2.011704738922747,0.5040334141277988,,41.76011616177857,41.51198457926512,1.1237688437104225,40.388215735554695,0.0,42.2635448864174,24.30153290110643,33.40268709693922,22.54248617400357,11582.503322149954,1383.3460978706162,2070.1495350048563,1246.738561024411,141.27686577320392,1.492333173751831,0.6946026086807251,0.534552591272601,0.07858216762542725,8
294,720,82.89399273841698,-4.159360532570618,-1.9248510900000189,-1.785535830709673,0.44550758455773076,0.10970591008663177,41.76694125402719,40.953160075470805,1.1236504521220922,39.82950962334871,0.537732794880867,42.26108563513712,25.905201633644534,35.9540911982939,23.842062417846428,11582.418696802182,1224.427338254397,1834.563094860597,1303.9799919715472,46.0674917635156,1.2955378293991089,0.14556267857551575,0.8876430504209746,0.5829288959503174,30
295,125,0.0,-17.372934042923173,-0.8196484451064064,-1.561603996632841,0.09109413661012508,,13.930158160626888,13.665002912282944,0.20036259852349758,13.464640313759446,0.0,30.6041654148098,6.901440173400488,34.59615308466242,0.0,2028.8939952166295,295.3155254978887,373.6246348112761,206.51865377446416,70.4486799498682,1.4485390186309814,1.5246837139129639,nan,0.4931070804595947,100
296,720,65.33861759878735,-4.9986908541364095,-2.3918097538911276,-2.101825408382134,0.5011327763865924,,41.72248032037169,41.45615683030337,1.1236722134053707,40.332484616898,0.0,42.25686500135591,24.407163042526975,34.90075825194214,19.296135819344208,11583.939816951917,1379.45620050196,2059.912686189537,1250.1195161822627,92.35963019425685,1.0214451551437378,0.6084177494049072,0.40435593008487014,0.46626734733581543,42
297,82,0.0,-17.692972247017924,-0.6213061722395525,-1.0429045341670893,0.05339729261607007,,9.090535641647875,8.839104876853526,0.1310546239838004,8.708050252869725,0.0,21.91019807922124,4.2703499222965995,30.83632035896401,0.0,1330.1296500643002,174.57687462999212,219.4387442380991,143.22522633265353,84.34953304741755,1.8099173307418823,1.8852602243423462,nan,0.11141347885131836,30
298,720,69.02480666788415,-4.770939159526546,-2.315803401230382,-1.9404769662545487,0.5105124978536181,0.015474822372198105,48.336818502284586,47.4195946669206,1.1329364478588104,46.28665821906179,0.6194050256162882,42.26383679919472,24.528512794688975,33.72425610146639,22.753907436437864,11582.66519679702,1397.8261101608632,2098.3222213849403,1306.7164598286333,51.89178287084295,1.3254374265670776,0.5535382628440857,0.5823731458392825,0.1229403018951416,52
299,720,71.06764397146978,-4.736149382779554,-2.345717136555852,-1.9098933934658868,0.47652121526418545,,38.27985220216215,38.03809549845755,1.1234752545133233,36.91462024394423,0.0,42.25246142446171,24.398560430486175,39.346364089793994,28.675700151195528,11582.39999999993,1319.7967303787577,1961.759606583074,1319.9492857375535,96.82316237464822,0.8868348002433777,0.41705435514450073,0.5297271205076224,0.35632532835006714,35
300,720,76.4262593704103,-5.758366288367687,-2.2200992882014816,-3.026061421730039,0.508000166238302,0.04030071571469307,44.285395342856646,43.49430896528065,1.1237052595242858,42.370603705756366,0.5265302248299122,42.263129901845915,24.154786808377388,37.45487025633069,15.988721850413715,11594.482721908813,1433.2887121588842,2089.029336427428,1324.158496236445,244.9477798916229,1.7191548347473145,0.4056905210018158,0.7640174620679555,0.28496623039245605,40
301,720,76.43225676549426,-4.476711683825441,-2.0263805109871345,-1.9475130942816845,0.4986485872594658,,40.444948026910424,40.213701443746686,1.1233758740127087,39.09032556973398,0.0,42.263775401393055,26.09495785127821,38.78585125607664,21.226280270317485,11583.092317234345,1374.7566698706748,2050.2439774358813,1348.8347928796097,136.76071310247497,1.480881929397583,0.41077303886413574,0.7226159420884847,0.3259042501449585,34
302,720,79.01013815709894,-4.473430425747365,-1.6291794000727449,-2.359044012304993,0.48136639299138545,0.10438130050897598,38.54998915269971,37.777749572880566,1.1249470124021173,36.65280256047845,0.5254747131839395,42.26366096792172,28.083416275654095,30.001205608206572,12.105382047879484,11600.709460722654,1329.4142134280871,1983.7914756931257,1323.1161349987667,40.621993514586634,1.8159079551696777,0.2929789125919342,0.838659822069804,0.10361158847808838,22
303,720,75.49955498610993,-4.525324871701875,-1.7076019890543117,-2.3323396689483986,0.48165826650162574,,40.772599555552006,40.51241172757,1.120936525054276,39.39147520251572,0.0,42.26375760769515,27.320696600164315,32.73880689288745,13.938190371271512,11593.93918595457,1330.784151971046,1983.5006522015244,1328.1569690046492,78.91729740357385,1.717327356338501,0.3839658796787262,0.7764166055693793,0.27042853832244873,21
304,720,67.91292238612773,-5.125580205776523,-2.2945287088862347,-2.3709437123527097,0.45625957598857586,0.05430278554558754,41.28030052501708,40.51955735497177,1.1221200414001942,39.39743731357157,0.5257260007783771,42.263673836417354,24.89512668720636,32.31836657345817,14.593093967750569,11590.193388134028,1270.3630130193005,1878.386236188927,1310.308263078153,48.61081030967104,1.264695644378662,0.6376115083694458,0.4958379818863844,0.2579423189163208,113
305,163,0.0,-17.14035267556788,-1.0102662188585896,-2.073220934515349,0.10602549840327803,,13.99430178757757,13.740662117488682,0.25741876382380724,13.483243353664875,0.0,33.12171284594817,9.0286385671086,33.8173433871989,0.0,2649.069727492813,349.1101811651349,437.105401666429,310.6256453017431,47.49846277888369,1.5343917608261108,1.2712031602859497,nan,0.14603209495544434,10
306,78,0.0,-17.6898528567314,-0.5262018128900535,-1.0300572839295903,0.05809782698337336,,11.32363417558372,11.038738881237805,0.12431302294135094,10.914425858296454,0.0,22.191295037053195,4.142978351715639,30.357915916534843,0.0,1268.4479402355194,188.49145132074403,238.10926718944384,131.23969611625284,38.62178692816075,1.800668478012085,2.0142641067504883,nan,0.23320531845092773,44
307,720,67.41318648960508,-4.5371990503726085,-2.191044431898214,-1.8470592603749865,0.4951554483031316,,35.037264556623995,34.81136833783239,1.1219737967476249,33.689394541084766,0.0,42.26371004386317,25.037601112091302,35.11840147027896,26.626839662682194,11582.39999999993,1368.2262647035927,2037.580523468553,1335.7743637171343,56.96842060040462,1.2279460430145264,0.5403765439987183,0.5599346184038106,0.05772411823272705,5
308,720,71.00416760269535,-4.2727641017746585,-1.9550580691784296,-1.8017140047314462,0.5119220718032853,0.016572972759604454,39.73435568064451,38.87438161019236,1.1244130386039615,37.7499685715884,0.6130676232278347,42.26090812388584,26.272281821529866,35.45085365576848,22.31288958009913,11582.621319787531,1383.0062348405759,2101.4674527269194,1274.8971560441666,118.31326105622415,1.3984086513519287,0.4519726634025574,0.6767950034021835,0.005777239799499512,1
309,720,64.27126789301376,-5.891695397720802,-2.853678139961999,-2.551988565255613,0.48230025848526265,,41.26744540594518,41.03233380429447,1.1249190289527178,39.90741477534175,0.0,42.26297900642904,21.34244831455098,32.019352310906655,19.412435853488788,11584.12196156009,1362.279885764516,1984.5493504693723,1303.6513808785444,218.8276377447412,1.7413620948791504,0.7802490592002869,0.5519317541740589,0.18542850017547607,110
310,129,0.0,-17.49607669206389,-0.8724459344650074,-1.7521219492813356,0.07061146869702692,,12.689911551773548,12.428704468533397,0.20347300451248884,12.225231464020908,0.0,19.38727889869608,8.077352377440112,31.595803979868226,0.0,2103.521305131876,232.84824745024528,290.54798783713636,253.8075212724035,25.17385485997877,1.7349364757537842,2.1827235221862793,nan,0.4477870464324951,128
311,720,82.26950469062191,-5.234289718577308,-2.312199635279461,-2.415791593160504,0.5023195909184779,-0.08962057530879974,43.00671361666173,42.14348424132913,1.1207632375881076,41.022721003741026,0.6056907149031758,42.26376062530089,23.91207160003313,38.51468787060512,19.404459011792994,11583.553563756483,1397.6844477320199,2065.290374312936,1286.459162281031,212.04334431717513,1.4805315732955933,0.23246611654758453,0.8429846949969962,0.41227781772613525,76
312,84,0.0,-17.535799476720506,-0.5703435678623038,-0.9820106313769756,0.05794709530102777,,10.505027296952903,10.242511010728776,0.13860373385250568,10.10390727687627,0.0,22.377290631876896,1.6311842952105369,36.95141060120231,0.0,1360.3783688581304,188.0134915724541,238.95543680971062,159.09336389216347,60.58792560723472,1.701132893562317,2.05912184715271,nan,0.35798895359039307,83
313,720,46.27312323443971,-6.6132999450402075,-3.3454603250993737,-2.7855990011653295,0.47843304890887334,,45.20349235087633,44.95058873202652,1.1228361083194613,43.827752623707056,0.0,42.089851967729956,19.903872098460017,33.82460560463756,10.121091999915556,11602.376729018639,1359.6430817209018,1972.003858362357,1357.0468216370052,94.72444433263296,1.7894155979156494,1.3151506185531616,0.26503903280765073,0.5880846977233887,82
314,720,55.974957019764304,-6.9290155910395805,-3.0011069929507146,-3.4491383871985666,0.47500546154707357,0.11992354691028595,43.6461620926857,42.84176671411842,1.1245227549225092,41.71724395919591,0.5378676457330585,42.263632857238484,20.9164738545135,31.357506075126995,10.041902662367374,11619.582674020838,1366.7338961811204,1957.0598193230546,1323.9539951021861,62.865260936987156,1.7370232343673706,1.0778605937957764,0.37947830951821626,0.7760328054428101,54
315,720,74.69160761668194,-5.542492591487883,-2.7244003880748275,-2.3409481865682924,0.4732145382720388,,39.67590374592692,39.428058383986354,1.1206751381978393,38.307383245788515,0.0,42.2487535125777,21.823980681468928,34.98740916089495,21.30869987032073,11582.86617972361,1331.443741061773,1952.4423060815145,1350.047188516192,20.0781199696676,1.6597986221313477,0.25432127714157104,0.8467758234339313,0.24499964714050293,31
316,720,69.45527726617193,-6.136664919325097,-2.833417310304541,-2.8053725315378295,0.49407587579137474,-0.05139541998505592,41.03649013116956,40.24331911280751,1.1213762070983648,39.12194290570915,0.5259489044547081,42.218740225352654,21.642262137311658,37.40993404938478,19.08808797659312,11586.767209661613,1392.9904662095557,2031.6179552502012,1306.4805404990132,221.586709296001,1.7820523977279663,0.5338889360427856,0.7004078349640734,0.26519501209259033,43
317,720,81.68881256706318,-4.790245686876792,-2.086047166034017,-2.1890944576533613,0.5110636922173736,,42.13883682433516,41.85995928384364,1.1245491579174995,40.73541012592614,0.0,42.21866719041723,25.063708268930107,36.639618011124455,21.622926435153225,11582.89458807659,1411.298451145003,2101.736011813003,1283.3274324143129,102.88516455885373,1.565384864807129,0.18690034747123718,0.8806042196567008,0.20930814743041992,43
318,720,59.024450052775265,-4.761044452718313,-2.555288061402175,-1.7022906604726562,0.4995100837977484,0.2027110904455185,44.77786770928651,43.9712824318558,1.121067169122398,42.8502152627334,0.5247975308448076,42.26349045081623,23.160531741827,32.644998868270434,27.76939535639253,11582.399999999907,1371.5351282197767,2054.9879944409613,1317.5460654533497,148.9391300963648,1.534347653388977,0.8869351148605347,0.42194644551283766,0.13593268394470215,29
319,93,0.0,-17.533809950978693,-0.6961147251519947,-1.0828981153652073,0.054350084749955514,,10.87194830738008,10.607484455220401,0.14889759570360184,10.4585868595168,0.0,20.688111929159078,2.429520816927153,37.27224457785201,0.0,1505.4792114240906,175.03999616627596,223.09732387255093,149.15820575402756,54.94503758301438,1.610929250717163,2.180976390838623,nan,0.6062257289886475,84
320,91,0.0,-17.572463967723426,-0.6245476650595299,-1.1497368263975254,0.04767124959334147,,10.485553386621177,10.232513372786343,0.14378813933581114,10.088725233450532,0.0,18.330673731386558,4.165152785096048,32.15101760962004,0.0,1477.0830284030853,155.5880777659359,195.48173615025902,153.74883986807342,9.863712004686054,1.611821174621582,1.5525658130645752,nan,0.14710986614227295,54
321,720,75.23697011342851,-4.643423667944191,-1.9334206754963623,-2.2078709600754505,0.4980337924066887,,39.448063424788415,39.200955987907946,1.1222911952063441,38.0786647927016,0.0,42.251303010193766,26.78424479154455,32.61834505867901,18.921522501257567,11586.388257336766,1363.311567245608,2048.0192341219913,1294.3772905699425,140.8971437367657,1.3739572763442993,0.3600161075592041,0.7379713956484133,0.439658522605896,43
322,720,68.51866467290387,-7.507212187218073,-3.4300323914990254,-3.616800314049448,0.45628810779842227,0.14160795509815216,42.97246168367565,42.087192938663065,1.128477037884295,40.95871590077877,0.6145718460902572,41.85933321460186,18.46397212672441,33.83177645199263,23.12879343848635,11582.634295300018,1337.3609367885838,1877.8782413355038,1326.7118134008385,63.92992645096493,1.729467749595642,0.5473008155822754,0.6835437863988867,0.21418356895446777,26
323,720,81.97797931611865,-4.968279146674071,-1.7243565139705013,-2.7598023580577937,0.4804662924609914,,43.28459685202688,42.97915715910494,1.1325110159814358,41.84664614312351,0.0,42.26296516570553,27.21758988517029,31.1576737890991,17.609013052075788,11590.738682253035,1344.608479493703,1978.1310616583398,1306.6058159411145,172.1536205133942,1.79120671749115,0.1851794719696045,0.896617475715491,0.01981675624847412,9
324,720,77.81200852190825,-4.3012380567769934,-1.871836620201697,-1.9517948114200436,0.4734500287235928,0.0768953189253807,48.62545846123248,47.81626106053591,1.122887134552002,46.693373925983906,0.525844638235867,42.26366433212154,27.30578373038781,31.3125700082105,15.289322702509608,11587.27064622473,1297.57002908061,1947.9582001311044,1351.3064659226125,75.54674511823825,1.8444870710372925,0.36060917377471924,0.804493520482135,0.22991836071014404,20
325,104,0.0,-17.494900129631723,-0.6437515506886794,-1.3554225508654136,0.07016220515055416,,11.719493950717151,11.466445874422789,0.1653703534975648,11.301075520925224,0.0,18.76855295234017,6.4696679308081135,31.48282135198327,0.0,1690.0375386191272,230.66699857569836,288.89593324389335,191.11522448260266,66.23208823766234,1.8195927143096924,1.5399577617645264,nan,0.05981862545013428,5
326,720,61.74360967094036,-3.9486130770946057,-2.001739387167427,-1.5069412736376777,0.4360425032745029,,46.6504684491083,46.371735013090074,1.1234834948554635,45.24825151823461,0.0,42.25586700688509,25.647606657572243,36.93913393533542,27.947549901693332,11582.399999999921,1195.2119775224062,1794.6984846215282,1360.9793405896944,66.01571293936196,1.47463059425354,0.7825912833213806,0.4692967266710417,0.09039473533630371,15
327,720,64.95826136905445,-5.177991747421038,-2.8510026288542956,-1.8907539582499193,0.4324519301980013,0.6966134309768677,42.63692663889378,41.781800149939954,1.1218837620690465,40.65991638787091,0.6030274564400315,42.26212579877566,22.182579280560045,33.24269359358269,22.936170709564472,11582.474203622633,1204.9615232983674,1780.6480311342414,1299.7852324171695,77.68834535200156,1.4839599132537842,0.7305163145065308,0.5077250349001852,0.1544586420059204,9
328,720,70.53078792925814,-5.480801524175455,-2.2009549700728,-2.7759755859461412,0.4999380261711623,,44.398419508710504,44.1426361175254,1.1268135756254196,43.01582254189998,0.0,42.263826381090674,25.217539012144204,37.84824564599662,18.020099201794704,11586.790705940903,1405.6894582979226,2057.9360395498657,1290.5569501786613,177.95629161407783,1.530510425567627,0.5994690656661987,0.6083208218304876,0.6369554996490479,47
329,720,44.32467810313027,-7.512430600232436,-3.416831689051973,-3.646014057630634,0.44577874162883196,0.053172193467617035,43.17716976813972,42.375234364531934,1.120391920208931,41.254842444323,0.5257804905995727,41.943056229404824,16.43091923372401,39.45089472825444,9.694880050601478,11616.07807824178,1317.7582322218573,1837.819909665581,1335.9741475292376,80.75028030690366,1.4779936075210571,1.3628511428833008,0.07790457553526053,0.7003799676895142,59
330,720,67.87699491136704,-4.358387084453128,-2.1484751388550714,-1.7120989497303876,0.4939971229526479,,41.47694956604391,41.23433478642255,1.122380475513637,40.111954310908914,0.0,42.26350999233568,25.26567453204419,36.190766552393214,23.046296274968377,11582.480151053358,1340.0322100700257,2030.3024669538129,1288.1396257563758,134.77720208449466,1.2841174602508545,0.6809470653533936,0.46971590494504345,0.30773746967315674,41
331,720,63.19852304575245,-4.086130360993579,-1.8124007759456278,-1.8024073392236446,0.4676171224293684,0.03679538890719414,43.06089636217803,42.29090569168329,1.1243100566789508,41.16659563500434,0.5275560412555933,42.26355459578091,26.982749331761777,30.00972664028403,21.650299027047325,11583.289896567378,1286.4856193672044,1923.0988349962636,1259.7595883922686,91.97262803698843,1.9196313619613647,0.8406384587287903,0.5620833898702946,0.08494412899017334,8
332,720,65.60004173879726,-7.327988043532471,-3.1511843025888906,-3.732701317812153,0.44034345621357535,,36.916028696112335,36.67736357357353,1.12454354763031,35.55282002594322,0.0,42.26360551599021,19.430098325108705,35.6940748478378,12.17032264722324,11596.041596929854,1277.5480657165763,1813.415796600282,1303.8621091350403,77.96891325780342,1.3789432048797607,0.6183849573135376,0.5515515395230084,0.5276156663894653,130
333,720,66.90372180445826,-4.034000282529205,-1.9588226916787248,-1.5663759021692705,0.5046216218418744,-0.04237399250268936,44.132040744647384,43.35424085799605,1.1252321545034647,42.22900870349258,0.5261987978592515,42.26342120459812,25.54043429452433,32.223722338423926,25.25285530336782,11582.399999999929,1368.5280677301998,2076.4096321238812,1308.1109337049777,135.13787454119597,1.81378972530365,0.733017086982727,0.595864351442386,0.15197837352752686,14
334,86,0.0,-17.395171106489347,-0.42505447058477075,-1.0400070764579001,0.054664576855633015,,9.553601558320224,9.30379828531295,0.1377277635037899,9.16607052180916,0.0,14.526303623284866,2.153692177798411,36.014524708963734,0.0,1394.9007641501912,176.5170244026011,224.15347836789215,147.76372787607804,24.777153941399266,1.7550272941589355,2.0179405212402344,nan,0.3351306915283203,46
335,720,81.33368206816591,-4.079505879377612,-1.7274991776217568,-1.851514886308213,0.4965293981967032,,46.94754116050899,46.652849335223436,1.122176387347281,45.530672947876155,0.0,42.26209699943221,27.075724967838394,37.70681726724111,21.264191723565805,11583.246050694908,1353.2519858822652,2043.826663941494,1296.98240479266,198.17962330009973,1.6717982292175293,0.24633640050888062,0.8526518354884391,0.24200475215911865,34
336,720,64.20920172591228,-3.965545641022174,-1.8498375360266721,-1.6165098120651098,0.4954401065550805,0.07315365225076675,40.10191312339157,39.33625708613545,1.1245007710531354,38.21175631508231,0.5386006319895387,42.26347111800962,25.561601722145205,31.407478017633313,23.221189758053708,11582.465386805983,1348.0827445655198,2037.732548266264,1258.3650128167642,153.97667232836824,1.1505768299102783,0.8098554611206055,0.2961309144529203,0.6163430213928223,7
337,720,82.83913374591,-4.800043411698518,-1.7686583562445621,-2.506505837456135,0.5205723576015489,,39.611464518122375,39.355841517448425,1.1275742324069142,38.22826728504151,0.0,42.26384859952395,26.63911443978127,33.05690434122888,13.22653058345069,11598.937307998398,1438.969184562363,2138.346305633202,1294.146864690848,98.1723581015795,1.8372082710266113,0.13271069526672363,0.9277650240532793,0.17512750625610352,21
338,720,79.55329507506336,-3.217644205363408,-1.2981471605848185,-1.4265158811915957,0.48917585916402223,0.1547960340976715,36.10847832169384,35.45593958441168,1.1253984160721302,34.33054116833955,0.41724829003214836,42.26354487435652,29.79929653138061,35.94885909352024,24.438872528981985,11582.407103456315,1318.0203737728687,2012.7561190750719,1309.9257567232942,140.54371561366634,1.5066053867340088,0.2114938199520111,0.8596222860914605,0.29491424560546875,16
339,720,76.11170662199382,-4.937572001209495,-2.303258355888237,-2.124061412635604,0.5062582009727911,,43.547037007287145,43.30300555936992,1.1237131040543318,42.17929245531559,0.0,42.2577940102577,24.78424276180869,37.8235615796048,21.70663650450903,11582.644584215881,1391.7848928178032,2081.9287600507105,1307.275683276899,98.55489902456534,1.5921378135681152,0.36861464381217957,0.7684781802989259,0.10490453243255615,5
340,720,74.55708470641646,-4.4378326010528575,-2.1376495173252237,-1.7978109041299202,0.49858996742815836,0.06721591204404831,43.389046708121896,42.598331711255014,1.122911335900426,41.47542037535459,0.5255264425650239,42.263676018914765,25.03590560719853,33.8739265144545,24.890305616582403,11582.400023542321,1361.8436464137394,2048.5735970526903,1239.6221338711443,152.78365856048103,1.2671778202056885,0.2699401378631592,0.7869753293035523,0.07561075687408447,7
341,720,77.71921479974249,-3.512365692864589,-1.3694636758278944,-1.6405639770741973,0.49828261607029684,,39.58185230474919,39.32057213969529,1.124114173464477,38.19645796623081,0.0,42.26241569389025,28.83519613760506,31.955075193157434,22.620673700239113,11582.623120096694,1347.0933545616003,2048.5531672634247,1322.5382688955483,105.07857437959102,1.6009286642074585,0.28284019231796265,0.8233274232378224,0.02583158016204834,2
342,720,76.21077965396252,-6.16909272379397,-2.4627246605833832,-3.206944913711071,0.4954261971699133,0.05394314229488373,41.931932125240564,41.17962442524731,1.124108536168933,40.05551588907838,0.5247335191816092,42.254769464788545,22.595252232463665,32.60476242489801,19.52005090151073,11585.760116828425,1415.948622396035,2037.4537542433109,1312.8478427352766,110.32042626117048,1.4053974151611328,0.3374618887901306,0.7598815216609462,0.18075180053710938,42
343,720,82.35246516257993,-2.35133620216287,-0.760925509135081,-1.0752922225542574,0.5107430000862622,,42.67949289828539,42.42009914852679,1.1224737297743559,41.29762541875243,0.0,42.263415600430214,32.27122850096472,35.32233063541574,28.650027348617908,11582.399999999974,1350.7056864650647,2101.9291610749897,1350.0421564295266,158.13962459646757,1.0895112752914429,0.14200277626514435,0.8696637845926296,0.23980283737182617,23
344,720,61.34735072532011,-5.413190201361984,-2.4979920696684252,-2.4323323449001593,0.4786729368254354,0.13662678003311157,43.736167477443814,42.95540495682508,1.1242614509537816,41.831143505871296,0.5287737799808383,42.25812795530097,23.323535073344935,31.89774608312057,16.73306988519638,11588.581612790027,1336.804636570728,1968.0588674232265,1317.5163783701655,143.63198199676927,1.382928729057312,0.7233567237854004,0.476938537332662,0.20136427879333496,73
345,720,81.1598282879041,-5.628792650631267,-2.279923612650442,-2.880570118631753,0.4641722032055945,,41.12713191099465,40.876876551657915,1.1253855116665363,39.75149103999138,0.0,42.26346058893708,24.482057742518656,38.662528160815796,16.17129613712505,11588.797054969189,1295.4092578179177,1910.5940358091589,1346.8334505593696,26.133366630715145,0.8734325766563416,0.22856909036636353,0.7383094053563155,0.44868260622024536,105
346,720,70.29285098639048,-4.538980177404328,-2.374966691242806,-1.6732247247187404,0.4870790452662825,-0.054843250662088394,40.64551416411996,39.864732765592635,1.1234969357028604,38.741235829889774,0.5273266322910786,42.22979541192936,24.781471577841753,37.016038711049795,26.566589329263472,11582.39999999995,1326.0185149323934,2002.3267212335838,1307.1801334452234,57.00316455470451,1.5345438718795776,0.47681504487991333,0.6892789749335162,0.027263641357421875,2
347,720,63.52117210467498,-5.164276306157023,-2.56979012266312,-2.071829975511784,0.5181505507528993,,40.35939398314804,40.12337720859796,1.1256785886362195,38.99769861996174,0.0,42.26368753315071,23.44388124592981,34.651122857693835,23.54397861254684,11582.471875304926,1428.4767340134667,2129.449924738418,1317.1107847632484,121.34083706945431,1.167274832725525,0.7388102412223816,0.36706401910739495,0.3033987283706665,81
348,720,79.03002943086898,-4.365809530962942,-1.7988455339215792,-2.048305551721917,0.5145809421033062,0.08081939816474915,44.73223209194839,43.917081772349775,1.1253353217616677,42.79174645058811,0.5293754888698459,42.263478463445665,27.031884708196035,35.307144104153295,22.38761116898859,11582.76832270637,1401.081210409402,2113.4163392383025,1265.657600658444,34.77260597188423,1.4080041646957397,0.29044869542121887,0.7937160253471389,0.22431588172912598,36
349,720,83.04748210571368,-3.036424239904751,-1.1842008741955976,-1.3404803332930615,0.5076834408340202,,41.851620961911976,41.59376275725663,1.1228221617639065,40.47094059549272,0.0,42.26377537191562,30.036213051405422,33.15846402086618,24.256517056770043,11582.40753830758,1353.8490144570874,2086.787217924424,1304.3302098137724,95.98067475470361,1.4589121341705322,0.1950012892484665,0.8663378796562448,0.23748290538787842,30
350,720,77.73709990108662,-4.361287104356467,-2.175914371279158,-1.714695162142563,0.4666609115357834,0.08807056397199631,37.19686911441386,36.45498590543866,1.1230175895616412,35.33196831587702,0.5245219161733985,42.20831832177437,25.1776824498486,37.97049795920969,29.149558999123048,11582.399999999958,1269.892718625359,1923.2572185690046,1335.346776777004,37.644299369358045,0.9330899119377136,0.36417120695114136,0.6097147742226895,0.053749144077301025,8
351,720,77.43837974180701,-3.8001037669489186,-1.630119557883752,-1.6710603070963477,0.49496932156657075,,43.56218138895929,43.31156492512673,1.1261987835168839,42.18536614160985,0.0,42.2636744039634,27.77119751027945,35.45980073089622,21.472209733492935,11582.88806354234,1343.725564674387,2036.0306304935248,1310.8940070570761,153.92004065262128,1.4251456260681152,0.35179901123046875,0.753148727543683,0.22252249717712402,13
352,720,87.48830630304286,-3.5010259221988744,-1.2487470114848558,-1.7591699049287153,0.489151055239913,0.0756431370973587,42.58847579360008,41.811489838175476,1.1234876234084368,40.68800221476704,0.5272999564185739,42.26360311668999,29.25250776598742,31.106881961906634,20.400675820969237,11584.001207719573,1325.180117598327,2011.6601535926736,1302.9874704046329,80.64469892206189,1.3598662614822388,0.05019255727529526,0.9630900782694719,0.08791255950927734,14
353,720,84.5771995375381,-4.103056141533082,-1.9038581824657816,-1.701004291061472,0.4942934434013426,,38.342178099788725,38.08810292277485,1.125920339487493,36.96218258328736,0.0,42.26355416108884,26.312383216194238,33.68612546265254,21.80533710972062,11582.79318625308,1345.6391940788071,2031.6368591912083,1273.3102035815598,75.59623199571115,1.173298954963684,0.11051620543003082,0.905807292367825,0.03545939922332764,7
354,720,80.61761021063684,-4.508828146106291,-1.9603710199730884,-2.0369809833154346,0.5072872871805401,0.04248632490634918,37.926515663042665,37.154455044306815,1.122307245619595,36.03214779868722,0.5252303164452314,42.263606186451526,26.492553007867063,35.76689087832325,20.302788500437284,11584.323671324988,1389.7659300468586,2084.9740428081245,1282.7095595843396,113.56736439174884,1.4727978706359863,0.18124669790267944,0.8769371537559236,0.11812818050384521,36
355,720,68.7368108784451,-3.890313435197892,-1.8186078329555218,-1.6024029871650238,0.46523723982635856,,42.86216592974961,42.624686856754124,1.1269597383216023,41.49772711843252,0.0,42.26353889001862,26.528950404120124,33.39280880844805,28.7780198151791,11582.399999999938,1273.0755734831246,1914.6132735085428,1334.0430459051652,80.63092469145079,0.8574667572975159,0.5656042098999023,0.3403776821826642,0.1582624316215515,20
356,720,84.81709267281518,-2.195832075294781,-0.585984965539959,-1.080368064719614,0.5251387204690885,0.09337984025478363,39.10018455423415,38.32477634679526,1.123590192757547,37.201186154037714,0.5234097577631474,42.26352959713041,32.39135089391473,32.85942621196127,27.83399951992366,11582.399999999963,1384.0824703977737,2155.8562775036085,1293.3348734995727,176.9663506237501,1.6389236450195312,0.10539457201957703,0.9356928113522207,0.0,0
357,720,73.83801815017465,-3.7979457121144584,-1.900981928436991,-1.403971025108589,0.4889179770220563,,40.99907745514065,40.73131613153964,1.1237887386232615,39.60752739291638,0.0,42.26345636065417,26.383162431464765,38.711594694590076,24.533434918807817,11582.401526748296,1316.3101082980297,2010.053993424752,1312.7013836769434,116.66814432460153,0.9685627222061157,0.2920167148113251,0.6985051064672483,0.17357945442199707,23
358,720,75.03300257405866,-4.206201311869168,-1.8156930839466066,-1.8706064821753794,0.5157817116289587,0.04513300955295563,42.388409682549536,41.60268250014633,1.122494738548994,40.480187761597335,0.5258523309603333,42.26245200758777,27.512243020591377,33.75955178527681,19.212576984273685,11584.892028687089,1391.709932368827,2118.1349591089042,1278.8432823722987,127.00334441054906,1.289170742034912,0.28653886914253235,0.7777339650989593,0.15393292903900146,27
359,720,72.90345300103115,-5.131798453884382,-2.5372756430715926,-2.0754370694184794,0.5149207370448226,,45.98979082982987,45.71937255002558,1.1267104325816035,44.59266211744398,0.0,42.26167499258876,23.831987237514664,37.26123052658373,21.80278599548668,11583.221881923006,1418.2968279032157,2116.263817855724,1285.0950308670406,109.86801198354382,1.1181832551956177,0.357870489358902,0.6799536322011053,0.22202181816101074,16
360,720,82.3252456424853,-2.9959633009181594,-1.1160078560023563,-1.3563353989134823,0.5196314121333011,-0.06171168386936188,40.05163794569671,39.28373239003122,1.122487910091877,38.16124447993934,0.5248590316623449,42.26374678778827,29.80872879101527,34.54856463227485,20.461223034925133,11583.21345518548,1385.6919464695561,2132.2167674519865,1214.829433580181,194.54441868729566,1.3414534330368042,0.12037723511457443,0.9102635752013676,0.08925855159759521,6
361,62,0.0,-17.686720239613418,-0.3712448300012873,-0.7892590661670061,0.05089394263615755,,8.758570224046707,8.49381292797625,0.10063110757619143,8.39318182040006,0.0,17.55969477153659,1.6201165516008853,30.513910902648462,0.0,1005.9736480469668,163.10819439383638,207.98080103844018,89.86855496177907,110.42271502599706,1.4646762609481812,1.4765679836273193,nan,0.30449461936950684,42
362,72,0.0,-17.82566716438776,-0.5976186411144414,-0.950192173219858,0.05249665901586504,,7.837426622398198,7.575774825178087,0.11524436436593533,7.460530460812151,0.0,12.683622273011306,2.5629501743025696,30.04478987251994,0.0,1170.2292723916703,165.41519191725828,213.00085059160077,95.18555834145626,147.67068684400223,1.204916000366211,1.4354568719863892,nan,0.25746583938598633,67
363,720,81.26868850009139,-4.918433252392499,-1.8143822255559316,-2.5920809777489158,0.5079234127804877,,44.44874257221818,44.182934587821364,1.1263843420892954,43.05655024573207,0.0,42.26349533094446,27.26117239097678,32.64290913403399,9.622716668921758,11606.594259123462,1405.0737079349262,2088.389828780517,1329.4622992493184,80.54884577655764,1.3477190732955933,0.13904240727424622,0.8968313129721878,0.3568687438964844,51
364,720,45.70928588201257,-4.8522738106141725,-2.524527896130362,-1.9086335658082372,0.41510117783901385,0.15129263699054718,40.733332419767976,39.88072419818491,1.1223970698192716,38.758327128365636,0.6058782571926713,42.26368390828108,23.207305887432145,31.038795039637435,23.1201034345203,11582.468220908635,1153.8050107019942,1707.9837487079153,1278.6949145600724,81.07318233988345,1.2994247674942017,0.9566938877105713,0.26375584670788543,0.17991280555725098,18
365,720,78.93778341493342,-2.9316076381406355,-1.2871282732619151,-1.1281347388155085,0.5121947028947411,,41.21061698254198,40.97170102968812,1.1233891937881708,39.84831183589995,0.0,42.26383663122072,29.506050646829184,37.50120410180757,28.155219629762286,11582.399999999956,1365.7569487391238,2107.9623675457447,1321.5648719578755,135.3422317169128,1.517482876777649,0.2823662757873535,0.8139245719945428,0.13265621662139893,13
366,720,87.69071461294284,-3.022476567792695,-0.8232945193192733,-1.692491958495319,0.502591324666599,0.1635657101869583,43.60670555382967,42.794874453917146,1.1198924435302615,41.674982010386884,0.5269906558096409,42.26350130078602,30.741874450364815,35.21128250074971,15.887256176406511,11586.92013832153,1357.825120026386,2067.1960065149096,1312.8147195588226,239.64213600042558,1.6156977415084839,0.03458792343735695,0.9785925779625932,0.34014618396759033,48
367,720,77.13890035235241,-5.574386920588888,-2.7254220304348347,-2.4009734644120315,0.44408208286752726,,40.05159053951502,39.78923676814884,1.1226384956389666,38.66659827250987,0.0,42.161093854335356,21.18832119602829,39.998665194665264,20.85967401101841,11583.510699031747,1233.9321410930922,1824.830923729684,1267.1231699669047,99.49090412589747,1.2121315002441406,0.22877657413482666,0.8112609282996541,0.21467053890228271,45
368,89,0.0,-17.667300712783113,-0.6074706102523079,-1.1898058825317572,0.06947068548973298,,9.73709222394973,9.488955609500408,0.1406316300854087,9.348323979415,0.0,23.35556006531155,5.1402795133807135,30.96042898340033,0.0,1449.0052423056306,225.04267884430078,284.45889492770664,150.54648720437964,82.07837565334452,1.3093699216842651,1.5952723026275635,nan,0.2940516471862793,45
369,720,79.26470924000195,-3.6021433162387337,-1.8130040694182477,-1.2615813355849301,0.5228594654858074,0.060462068766355515,42.47592731472105,41.69519464112818,1.119471707381308,40.575722933746874,0.5389362005516887,42.25151682926937,27.166806779720723,34.21245036607339,27.836716286044116,11582.399999999934,1397.4672078329017,2148.0078546411664,1318.3094110396166,38.795002289343984,1.0031030178070068,0.17191195487976074,0.8286198408059859,0.24844825267791748,9
370,720,70.95796077585386,-3.385633759328509,-1.7517533782731736,-1.1106041498167947,0.5190714315807027,,41.65869148541242,41.429394364356995,1.126225596293807,40.30316876806319,0.0,42.2621788415027,26.80872236428639,30.6248022434064,28.655937143546357,11582.399999999949,1376.8448481111225,2133.7582493156615,1292.1476604929915,156.4180904027557,1.34839928150177,0.49422740936279297,0.6334710229062487,0.08840131759643555,4
371,720,79.54703434490436,-3.9691317028169197,-1.6031178551803018,-1.8307355231657834,0.530900693203814,0.05054549500346184,44.275147853419185,43.514433725737035,1.1262955535203218,42.38813817221671,0.5106129357591271,42.26370873086849,27.871569912514435,32.904627989871685,18.087199848952753,11584.43154311308,1445.0358293386382,2182.698929205404,1305.3053095516145,141.43687133026498,1.4155508279800415,0.2179872691631317,0.8460053395085823,0.48383378982543945,28
372,720,81.8314337613405,-3.7032288761913494,-1.7517370228101241,-1.414117214941309,0.5327439948537419,,40.91455174423754,40.63966898154467,1.1269145412370563,39.51275444030762,0.0,42.26348007230898,27.48745770401014,35.96755319203477,28.20396827974916,11582.399999999985,1428.2201358063985,2188.78291523713,1324.2736347897041,101.9898705888041,1.0624241828918457,0.13305717706680298,0.8747607789718882,0.22581815719604492,20
373,720,81.76180112543227,-2.9272712017525513,-1.4778877897068141,-0.9614711613760969,0.4837541404610122,0.00034856353886425495,43.186907229945064,42.41654703300446,1.1270173583179712,41.28952967468649,0.5128634544089437,42.26354187827794,28.42590958429223,34.86811933102154,30.9421990373548,11582.39999999995,1286.4524849268025,1990.7452727553114,1323.9874506385877,94.85080140207079,0.882128119468689,0.13608546555042267,0.8457304981589434,0.10946977138519287,12
374,720,81.040539567647,-3.545589557274564,-1.9038344017451225,-1.1571743699457198,0.4807147568300089,,41.11116626299918,40.844828536733985,1.1283303340896964,39.71649820264429,0.0,42.262192633068686,26.362322726886763,36.8566545137969,27.77662339483972,11582.39999999996,1289.8753004187897,1979.0577964325944,1330.9101263678842,74.35801105113879,0.8157286643981934,0.13140720129013062,0.8389081970202963,0.2806966304779053,29
375,720,72.99678659032458,-4.480151932667601,-2.3038337875563486,-1.6788534785627602,0.4933389379525497,-0.012023336254060268,39.68036778923124,38.88513246458024,1.1243206476792693,37.76081181690097,0.510834644548595,42.26368225681922,23.600982029533572,39.1724195821618,26.68300039487012,11582.39999999992,1353.7754219266399,2027.2944964797819,1298.1569962462747,191.41258466933516,1.1577236652374268,0.2900126576423645,0.7494975127912855,0.0,0
376,720,82.47985789861337,-3.378193654676757,-1.491979026863905,-1.4475348119770162,0.4344080431350534,,35.586529498919845,35.33993455860764,1.123175723478198,34.21675883512944,0.0,42.263240236295125,28.606918102241515,39.55996632084588,29.020621933030743,11582.399999999938,1169.7478851990647,1789.3347126464225,1370.7003567506654,65.99730410445223,1.1285288333892822,0.11499319970607758,0.8981034455622003,0.03662097454071045,22
377,720,84.11861963636841,-4.192524765693106,-1.8456868719297626,-1.8182425203156414,0.5242133612307603,0.06872353702783585,43.70370320696384,42.8974935952574,1.1220777239650488,41.77541587129235,0.5097307730466127,42.26380817136824,26.78808369489605,37.627177565219085,24.07771330055048,11582.42241756236,1421.4637584577913,2152.182428202318,1309.766041373094,191.7893936493262,1.2300564050674438,0.12081877142190933,0.901777860816647,0.05210733413696289,19
378,720,86.1310278767628,-3.1623076221074613,-1.2257839906050734,-1.4112960551502973,0.5208418407693284,,44.36095454916358,44.098853410221636,1.1275667324662209,42.971286677755415,0.0,42.26358550649899,29.539621499027962,37.13462994435378,27.644839693046748,11582.399999999961,1404.0374370822765,2143.5848634456765,1365.9970590187243,155.90268986557288,1.2636175155639648,0.0748344212770462,0.9407776321906658,0.14149749279022217,19
379,720,83.48909868155273,-3.2464876371131206,-1.4979257037841005,-1.2235484155307619,0.5205423796770774,-0.07085330784320831,38.61917926836759,37.85755290836096,1.1224852176383138,36.735067690722644,0.510460733436048,42.26367448458514,28.319154848186074,37.159341559768265,32.91242521312742,11582.399999999943,1392.6861919064393,2140.0599512729473,1330.5289499921314,154.6927704911882,0.9573644399642944,0.09865560382604599,0.8969508374159736,0.006015300750732422,3
380,720,70.7853019868817,-5.321544853046863,-2.482421611736665,-2.321250567336633,0.5139606311336902,,44.57364518661052,44.320417110808194,1.1224581208080053,43.19795899000019,0.0,42.26189557534863,23.302134998458992,38.67592440466719,22.011846908420434,11582.928671751675,1424.6731417484166,2111.058407433974,1284.9391937659143,189.17416865564155,1.256265640258789,0.46898898482322693,0.6266800827835937,0.14685988426208496,31
381,71,0.0,-17.53158079666566,-0.3919141150777557,-0.8393623031246754,0.049944749416752955,,9.09195559937507,8.85054995212704,0.11247238609939814,8.738077566027641,0.0,1.1100377179002536,0.2197375045124276,34.98804373662164,0.0,1149.5122718248253,158.48736343525587,203.5413103244759,99.98370759148816,119.61111112761857,1.413835048675537,2.042344570159912,nan,0.628509521484375,70
382,720,84.11695711608152,-3.4012629567910295,-1.315082921590916,-1.5582495868015143,0.5237332853441853,0.010968517512083054,42.201616109348834,41.711637349799275,1.121821398846805,40.58981595095247,0.25392717588692904,42.263635050465744,29.354754854954567,31.82999810678068,23.509230074902366,11582.480506404327,1395.4508153278653,2149.920757654145,1288.5192340719475,210.66159529820163,1.2822976112365723,0.11438335478305817,0.9107981222293992,0.010095000267028809,4
383,114,0.0,-17.273436047766488,-0.6929455940354522,-1.308725830696249,0.09605563868971263,,15.253364254720509,14.949673020280898,0.18289686925709248,14.766776151023805,0.0,21.317990576728285,4.566633792561424,39.794455301205396,0.0,1844.9249306981467,303.68959422462564,392.27127233735644,162.86991173781072,176.621403973359,1.4164214134216309,1.2959343194961548,nan,0.3385796546936035,33
384,720,74.80495778575053,-4.348373478134197,-1.731586650242681,-2.0928695772309074,0.5199404354784158,,47.47641583159566,47.18928405083716,1.1264932248741388,46.06279082596302,0.0,42.247450616754435,28.021470530350516,35.98539569596915,19.045701292150834,11585.126729227473,1416.8577680246922,2133.0304377931398,1242.8852145614817,187.20001436912054,1.4916211366653442,0.3645380139350891,0.7556095143904656,0.26937437057495117,53
385,720,79.08953741940542,-4.616527485352776,-1.844562944693325,-2.2534332134485093,0.5144064321083989,0.13456210494041443,38.04544416349381,37.45654311962426,1.1236964287236333,36.332846690900624,0.3443351201713085,42.22762496310672,26.304085265376276,30.407454547038554,15.31704644283754,11591.753643604588,1416.5615850853533,2111.9973855603025,1269.6284048328905,142.77776596375634,1.668031096458435,0.16175538301467896,0.9030261585901377,0.13937807083129883,28
386,123,0.0,-17.255344193950563,-0.8852931298232672,-1.3488639950504617,0.07046627223971084,,9.718348476104438,9.493504704907537,0.19493220932781696,9.29857249557972,0.0,18.116625718215055,4.8581132000088285,38.99518112096481,0.0,1989.049023580321,226.605195654728,289.7321197755066,231.7400836156905,55.3754419825926,1.0748203992843628,1.648942470550537,nan,0.5741220712661743,122
387,720,77.69758331507155,-3.219149684493199,-1.21367043383825,-1.4702933951808899,0.5307108549176809,,39.946523647755384,39.67653088551015,1.123525595292449,38.5530052902177,0.0,42.263778435707025,30.366509602653746,32.85178016892246,22.267837696978418,11582.635079294663,1416.0426402857272,2180.52211703432,1283.1206588141677,125.30158637036936,1.1749767065048218,0.3259333372116089,0.7226044266178213,0.22293472290039062,56
388,720,77.56203450817593,-4.2228703250808755,-1.5579752771134232,-2.115794912522917,0.5445316575081848,-0.022155636921525,44.21127732377499,43.36812041141093,1.1245553810149431,42.243565030395985,0.5891802106052637,42.26370081320244,28.81098561774707,36.75310862825996,20.084966388656692,11584.219593954233,1475.8200923650513,2231.146764742256,1254.8354769638577,150.7197781667774,1.4987090826034546,0.3003332018852234,0.7996054034959839,0.05685126781463623,4
389,720,75.96791237320157,-4.631378326634278,-2.206387358295261,-1.8921005906595636,0.5282924763211999,,39.05965982284397,38.80737881362438,1.1253694044426084,37.682009409181774,0.0,42.2614390613163,25.23244272264681,38.29142698098483,25.097495030674686,11582.399999999945,1443.4305590106435,2167.035018659232,1310.0601223166768,175.03673438970958,1.3473392724990845,0.34855279326438904,0.7413028771751876,0.398113489151001,101
390,720,84.38055161530555,-3.1519030130690724,-1.5108881785630535,-1.1085462046731953,0.5281608711199149,-0.05144781991839409,42.87789705302566,42.107697401195765,1.1246708985418081,40.983026502653956,0.5109102427959442,42.26362379344175,28.476392898645422,35.87397298553313,32.60311755602072,11582.399999999958,1392.611825979229,2164.526415305837,1208.3931164567716,150.3659553162436,1.3887507915496826,0.12943018972873688,0.9068009966105525,0.03959786891937256,7
391,720,82.5995964443051,-3.6528566179922914,-1.0567121947260327,-2.0760404205887606,0.5156871835969153,,43.82876592967659,43.56062731239945,1.1271969936788082,42.43343031872064,0.0,42.263599359193776,30.090564325231774,35.512171878357755,15.861707072226979,11591.597488258278,1399.9340077489726,2120.3011489811815,1329.466374050984,185.4449457279821,1.4766217470169067,0.1885070949792862,0.8723389416686358,0.4169139862060547,57
392,720,65.61704028127093,-6.189673510087237,-2.7102786249399933,-3.0032589716304865,0.4719804429296727,0.031244084239006042,42.76098941452801,41.99092305265367,1.1242223316803575,40.86670072097331,0.5102567439898849,42.26356381773854,22.18231942572214,36.84817198420342,12.354634759205155,11600.611787997927,1335.3289009487808,1939.9866823987313,1296.1727002094792,99.3213892573539,1.2743489742279053,0.6336901187896729,0.5027342340243894,0.330562949180603,40
393,720,61.79283151232101,-3.5089371555272897,-1.8545214697767276,-1.1848763526659478,0.46538986493329315,,41.48072000686079,41.222168606705964,1.1256887316703796,40.096479875035584,0.0,42.26393506816434,26.862962290708733,37.4742223577519,32.045213380824926,11582.399999999918,1251.2350258809934,1915.5106713948796,1327.9780735535408,107.87375967982456,1.5508674383163452,0.7699129581451416,0.503559789106814,0.02296459674835205,6
394,720,76.8617852547012,-2.6524540020163494,-1.1212137219786156,-1.0225120203252678,0.504579730696185,0.10660963505506516,43.6038878634572,42.83854026068002,1.128267664462328,41.71027259621769,0.5107231009751558,42.26381921721244,30.378234972052823,33.868010915894004,29.58229436848974,11582.399999999956,1335.8733086994207,2075.74782000991,1334.7257587950642,76.50669169455179,1.4897198677062988,0.3664690852165222,0.7540013440374065,0.017926812171936035,1
395,720,86.18269499795822,-2.681379228370879,-1.0503965369771742,-1.1242918737328413,0.5024625565082995,,43.177167400717735,42.929373068735,1.1277255844324827,41.80164748430252,0.0,42.26381621157478,29.798850989892024,31.191496947451718,26.82346079265577,11582.39999999997,1337.5526785308814,2068.848236814583,1339.4223332665972,130.0030104862732,1.2282718420028687,0.060209181159734726,0.9509805735987928,0.03120434284210205,2
396,720,88.21365446610733,-4.4629522798325825,-1.5828721882660184,-2.3873594086632,0.4887934164208743,-0.01352281030267477,38.650644526816905,37.88897188939154,1.128432328812778,36.76053956057876,0.5107052661478519,42.25135943865881,27.40184948853727,30.18778880643952,14.487933277558165,11596.66681754996,1351.898296168168,2013.0839656101477,1319.70020965574,78.16993892523243,1.601342797279358,0.02509526163339615,0.9843286136634627,0.0252072811126709,13
397,720,71.44133091949648,-4.824079947335619,-2.1634231515474536,-2.140091799918445,0.5163823783906915,,42.85680836532265,42.59893604181707,1.1247978154569864,41.47413822636008,0.0,42.12149072384052,24.795272851842928,30.309997404565415,18.290867001651208,11587.036041548034,1414.8206029435717,2122.5749473561737,1293.9508485039637,121.68247144688416,1.349010944366455,0.473067969083786,0.6493223638701049,0.21682524681091309,33
398,720,78.16415424207605,-2.7257158799962475,-1.367867306178204,-0.8219426643927732,0.5311983600184931,-0.043188538402318954,43.796386941336095,43.023992301896214,1.1246970677748322,41.89929523412138,0.5116466972976923,42.26064604033845,29.30201564604175,39.50963881951707,34.71044150328439,11582.399999999945,1387.381982626648,2179.2670283847715,1290.4584349581414,98.40158121845978,1.0750608444213867,0.28011712431907654,0.739440678383334,0.09037494659423828,10
399,720,79.76811408181864,-4.5696464084030834,-1.8920861617408704,-2.1602280188110385,0.5130959315090422,,41.903073290362954,41.63862631190568,1.1244551576673985,40.514171154238284,0.0,42.263863123032245,26.805426000105005,34.22216422038375,18.701748421850777,11585.345079700372,1409.280490064917,2110.3959179415688,1327.2557142376193,84.16494581195045,1.227488398551941,0.1503341943025589,0.8775269937541511,0.31661880016326904,36
400,106,0.0,-17.57088444844312,-0.6957472979901785,-1.4256445224745264,0.07387367479227208,,10.557474345900118,10.307621690444648,0.16737626027315855,10.14024543017149,0.0,24.872493962894726,7.184205732018322,30.447095680090253,0.0,1726.3756218002814,241.8846339093351,303.5613046496605,190.43025862340104,83.19221337661479,1.4625039100646973,1.4980403184890747,nan,0.12496423721313477,104
401,720,57.89897272353355,-5.84650458993034,-2.9214603659577927,-2.5221358476424918,0.3988919979485604,0.6713079810142517,42.232567485421896,41.6509843012318,1.1243837354704738,40.52660056576133,0.34220503736287355,42.25775002557892,20.669806303112576,35.68785835829857,25.990379882009844,11582.399999999907,1128.7703246273609,1641.5544127207388,1370.9289752212894,99.90153826799059,1.2151622772216797,0.8229097127914429,0.3227985033629207,0.15838801860809326,5
402,720,81.5157910081638,-3.874295064278739,-1.624914329638607,-1.7283443658816369,0.5166132037681572,,40.686176501214504,40.45420112926513,1.1229798402637243,39.331221289001405,0.0,42.26373561563431,27.530277731095204,30.785241776632294,25.562512956059546,11582.399999999927,1401.730261826076,2123.292857453607,1321.4441793336,173.27988399516164,1.5044283866882324,0.17572197318077087,0.8831968508866044,0.013890862464904785,2
403,720,76.46538478838808,-4.311596922472295,-2.0026828874775857,-1.7618571655945063,0.5424062717655458,0.09047964960336685,42.600862350314856,41.856579820625484,1.1223218785598874,40.7342579420656,0.5104573974385858,42.25692943521633,26.11624219658443,31.635603899992848,24.45020077055845,11582.406893820116,1471.1408365792224,2225.5622489182447,1292.8873801137568,162.00683609290851,1.5442423820495605,0.20060448348522186,0.8700952092643811,0.08250594139099121,25
404,720,70.78922663586754,-3.7589421158084577,-1.7651558817290354,-1.5450826736178027,0.44459968228389246,,41.164174045436084,40.92029931023717,1.1252709906548262,39.79502831958234,0.0,42.26374970983762,26.610284296729933,30.256562530169845,23.456198162096015,11582.476399835155,1214.9539421017355,1829.5388068998598,1366.4289778163438,90.97276355264691,1.3848481178283691,0.5285159349441528,0.6183581952850267,0.002682924270629883,1
405,720,67.09164207068822,-4.249055924252234,-1.96628761011897,-1.8382982517669257,0.44026899249063467,-0.12130789458751678,44.441330200992525,43.6801824439317,1.1236907541751862,42.55649168975651,0.5104818530380726,42.2635777431186,26.36998142985951,38.182369065561986,25.34453252751258,11582.399999999927,1220.6057939221091,1810.5430233464488,1346.2461836780078,76.25135547340588,0.9919856190681458,0.5567384362220764,0.4387636014874218,0.218722403049469,26
406,720,82.05383048841469,-4.665771970048368,-1.7301451919026398,-2.4112807933495035,0.5200226979333049,,45.20326872356236,44.92878782469779,1.128960620611906,43.79982720408589,0.0,42.241142506875676,25.993393444383425,35.76450682028627,15.179097156345339,11590.752884671443,1431.6229521082241,2134.63678118514,1267.6102518108576,184.87578052614126,1.3231539726257324,0.13399527966976166,0.8987303953720104,0.545707106590271,50
407,720,86.6669625831242,-2.98942425412521,-1.176585580117053,-1.2959502040767572,0.5126590107250044,0.01568683795630932,40.05784297268838,39.30079891718924,1.1247408278286457,38.176058089360595,0.5101779894903302,42.26344673699786,29.695944815144134,34.74192011257675,25.363077350893025,11582.399999999981,1367.504558215115,2105.765743003852,1302.2262675717614,218.416033381235,1.1932181119918823,0.07418019324541092,0.9378318242910517,0.22358524799346924,28
408,720,82.12412015539455,-4.177494544998159,-2.0253845542334306,-1.6525674281775624,0.49527060586212396,,39.02332665678114,38.78449344262481,1.1247847564518452,37.65970868617296,0.0,42.263645590407506,25.79020164868921,37.29333857746964,25.747867909726107,11582.399999999961,1340.524420483081,2036.92271828556,1346.9866989446987,201.02768658524062,1.2021021842956543,0.19141638278961182,0.8407652982497755,0.2746502161026001,15
409,720,72.49268974219096,-2.5418408148027294,-1.0163989653222385,-1.008122704599428,0.512844611583863,0.022105036303400993,44.695846303366125,43.92712725978345,1.1204404570162296,42.80668680276722,0.5094164637848735,42.26368131933512,30.393471134290152,32.385409713681454,29.632116812772104,11582.399999999938,1355.5626058270875,2109.3532495357795,1336.0621766677295,135.56039582118896,1.0142654180526733,0.4059293568134308,0.5997799495197322,0.02164626121520996,1
410,720,80.25878661449283,-4.814610105530756,-2.3648175835233958,-1.9935398271589426,0.4523107501504715,,40.47035842388868,40.20883454848081,1.1294541135430336,39.079380434937775,0.0,42.24575511893639,24.255253185187122,35.10894544267169,24.932268971203875,11582.400019524237,1239.8841545410282,1862.3310577679406,1363.4356316655808,115.1210852735048,1.4552881717681885,0.14913813769817352,0.897519858546662,0.019250869750976562,5
411,720,79.4921662555214,-3.278576327664771,-1.4008313712099243,-1.3679088236306867,0.5056703694910973,-0.021374111995100975,42.883760837838054,42.105859839357436,1.124895989894867,40.98096384946257,0.5117504009976983,42.26350134408285,29.224528816980865,37.382292104041696,28.592284090912045,11582.399999999978,1361.104480272105,2078.1638324115124,1293.8743026305665,153.0683720341359,1.1328270435333252,0.27323025465011597,0.7588067338171044,0.08439135551452637,7
412,62,0.0,-17.762432631545252,-0.45584957322116604,-0.785533049985982,0.045688225778510005,,11.605624431744218,11.317502748221159,0.1057450594380498,11.21175768878311,0.0,10.484041275548538,0.9453755350209082,30.76935954647953,0.0,1005.7675051580682,147.18181390701307,187.2213894892402,108.17917070079281,92.25616538058156,1.6506578922271729,2.028784990310669,nan,0.4589998722076416,58
413,720,83.25782774816538,-3.30698057960248,-1.5818992392067601,-1.2157630595989823,0.5050721619965045,,39.85543114785105,39.58165095001459,1.130051284097135,38.451599665917456,0.0,42.26346281922888,27.801367637236368,39.98634692433306,28.832701637333503,11582.399999999934,1350.1224794861698,2077.028388993046,1319.4801525063733,142.3289929020133,1.1976869106292725,0.1286100596189499,0.8926179634447392,0.10979342460632324,19
414,720,78.0485994692554,-4.331497399927721,-1.9751039825870775,-1.8375821489698834,0.5145581549787338,0.04853590950369835,39.33501665946096,38.56921020336449,1.1295211389660835,37.43968906439841,0.5160590307787061,42.26342614511763,25.59779837365764,38.14230129533394,24.670583013095605,11582.400266856692,1407.8638944947108,2114.205124539213,1288.3483729470418,194.93639248128517,1.1225529909133911,0.2930360436439514,0.73895571432622,0.188767671585083,15
415,720,71.05369767809525,-3.7533712388561615,-1.9385999251853736,-1.3108449957549522,0.49955988825701975,,38.64263213891536,38.38076608162373,1.125518043525517,37.255248038098216,0.0,42.26154169054347,25.764679448104662,33.31452130232297,24.747001654184498,11582.40056764633,1336.0875349525409,2051.8168583145284,1301.578681701087,264.31191139784966,1.693911075592041,0.5848219990730286,0.6547504721470537,0.07237446308135986,16
416,720,64.84440748931667,-3.84359161321137,-1.985369030865266,-1.339192449078473,0.5146458950799939,0.033575303852558136,43.91888885945082,43.15481312852353,1.1239763051271439,42.030836823396385,0.5103498278185725,42.24734548339563,25.3039668853879,32.84953476363384,30.166182380437,11582.399999999923,1390.447433697587,2115.332914101157,1282.1529675471959,146.3656698167227,1.5498441457748413,0.7745725512504578,0.5002255205066366,0.014230489730834961,1
417,720,72.93222750009953,-6.045933033081113,-2.9312567973567005,-2.7402325494272577,0.37057658958079065,,39.6347460411489,39.39715941995382,1.1275124615058303,38.26964695844799,0.0,42.21369098423361,20.59421236481373,36.73398095716859,22.140786088811442,11582.792092866322,1054.9399435663172,1522.655828109278,1305.4151906516302,61.27290929110164,1.3927977085113525,0.48855799436569214,0.6492254464663991,0.024037718772888184,7
418,720,77.55263861228809,-3.705776715708109,-1.8277308608303517,-1.4144740992043128,0.4595862426804487,0.07227785885334015,42.49330583307892,41.694673573598266,1.1248328890651464,40.56984068453312,0.5117430314421654,42.262279959631684,26.935907898995683,37.94278705908693,22.61723415002886,11582.61452255813,1242.0590371281917,1890.205345311454,1274.6578696881647,117.19850548724324,1.7201309204101562,0.3539964258670807,0.794203788986787,0.07001376152038574,14
419,720,64.17126859069342,-4.869608379191672,-2.446445570291646,-1.9464639199059597,0.4725514827706062,,40.86257943883538,40.61986306961626,1.125680387020111,39.49418268259615,0.0,42.260813274088214,23.993924561410818,36.88367987806031,28.012745072427364,11582.399999999912,1315.7527392369434,1940.0133348255595,1261.1412300743052,184.34560803140985,1.2072949409484863,0.6234555244445801,0.4835930282663363,0.15578794479370117,25
420,720,70.01738919293629,-5.073665786267981,-2.459210671780854,-2.225082999195562,0.38531706786606523,0.2241596281528473,40.92483598832041,40.15377497021109,1.1259150439873338,39.027859926223755,0.5144108077511191,42.26312515528994,23.427034461166713,31.159739928594092,22.349492031636277,11582.772620001384,1072.1828409433772,1584.3622013861834,1299.179434954227,197.87273850827245,1.0004554986953735,0.5953132510185242,0.40495778993185405,0.01626133918762207,106
421,720,60.66522403813202,-3.3046490818070797,-1.70085115664484,-1.1567498583000333,0.4424636760083041,,41.052336836233735,40.81544599402696,1.1277056243270636,39.687740369699895,0.0,42.26375316748692,27.28029394032555,36.93198110221918,31.737753823101862,11582.399999999925,1207.9448111303793,1819.325500407967,1372.4792376649218,79.70441231796275,1.473266839981079,0.641293466091156,0.5647132965407733,0.0,0
422,720,82.21558734794547,-4.202094541374926,-1.8226378850735991,-1.9307677896340518,0.44447413019335974,-0.010034634731709957,44.60328995808959,43.83578379638493,1.1264230431988835,42.70936075318605,0.5110469721257687,42.26334437801964,26.620959460060487,33.43353416603681,24.163685564420142,11582.41351159278,1225.2510494791127,1825.9980144431736,1265.5201759153874,222.53527539140322,1.473882794380188,0.22592397034168243,0.8467151043467536,0.0660090446472168,19
423,720,72.88104057731766,-3.295358814185189,-1.6058891030157412,-1.1555585059233393,0.5291095419157222,,43.22153594251722,42.98089948948473,1.126277948729694,41.85462154075503,0.0,42.22971465537502,27.845260920575488,35.18431929688418,28.050252932854175,11582.399999999936,1415.5451260709358,2175.5351223919547,1355.979913147023,101.08293544568626,1.1448675394058228,0.4538131654262543,0.603610767354117,0.08050680160522461,13
424,720,75.86453133860718,-4.468952394664239,-2.27975727924607,-1.7251709034679594,0.45963050266079564,0.11091325432062149,42.74679705221206,41.97418478690088,1.1264052400365472,40.84777954686433,0.5112651428207755,42.1038031581552,23.535797939112005,33.47243874490191,19.321631229355805,11583.862617077071,1264.6022995422343,1891.1175423763916,1327.3725213561067,98.55695245884857,1.6453479528427124,0.2904677391052246,0.8234612085526496,0.16081500053405762,29
425,720,73.68115650337053,-4.324461956419635,-1.7476283305527138,-2.1897958965092568,0.3831103619329681,,41.434361619874835,41.17077973484993,1.1276443246752024,40.04313541017473,0.0,42.26340894283098,27.23291682844082,33.12985093859584,22.09331757670628,11582.91296440582,1056.7462301843511,1574.6316066243787,1321.766897824567,200.68332093855628,1.6522163152694702,0.39348095655441284,0.761846585753974,0.14513981342315674,16
426,720,67.9472352077586,-5.944362992670623,-2.831783487047634,-2.67652208908063,0.43176014194376855,0.013120470568537712,41.95742264389992,41.1831858754158,1.1250736070796847,40.05811226833612,0.5094387084245682,42.263573123973636,20.477729611379406,38.22121829827152,21.405649501714645,11583.845481188511,1245.1036320077837,1773.1229537048273,1325.9427110370862,222.06775528065444,1.3090981245040894,0.6618218421936035,0.4944444348323286,0.424718976020813,24
427,720,83.39340067270304,-3.101389120414783,-1.4923419648009963,-1.0944644010358524,0.5103792464695233,,38.749394928105175,38.49952160194516,1.128079891204834,37.37144171074033,0.0,42.26374807220042,28.13398950328225,39.76667074594784,33.09666893229216,11582.399999999941,1358.724632003717,2096.9519967254387,1298.121653710469,351.6871047426232,1.033776879310608,0.1275310069322586,0.8766358491038174,0.04383254051208496,21
428,720,78.06835524446298,-2.396548194461777,-1.0198745725490925,-0.8496430584465573,0.5223772001006411,0.002681073034182191,42.00432577636093,41.22563647478819,1.122383264824748,40.10325320996344,0.5091372719034553,42.26359769785548,30.486869607149774,37.327917117806884,31.881237797302912,11582.399999999954,1370.7007778682812,2147.3279592376216,1356.482836675332,239.8830610657982,1.101822853088379,0.2852036654949188,0.74115288615089,0.2310030460357666,17
429,720,85.56033631644318,-3.122980993468359,-1.449697097001603,-1.1462872941054292,0.5224184981547645,,40.86552558001131,40.62729694414884,1.127156618051231,39.50014032609761,0.0,42.17169659842987,28.570693054828432,38.15343075124873,28.968421442673588,11582.39999999998,1386.7428876240454,2148.14812604042,1341.045020869423,95.54855476741108,1.0543560981750488,0.0758247897028923,0.9280842688403519,0.033982276916503906,8
430,720,83.85779090591969,-2.6365879613511014,-0.9081531104436771,-1.199780922972912,0.524199953257542,-0.006732456386089325,32.957206070423126,32.185381275601685,1.1211088625714183,31.064272413030267,0.5115127936005592,42.263544123199914,31.171199846930172,35.82626038779094,28.15825017637851,11582.39999999995,1392.8874618714729,2154.449268199926,1311.1538854418902,138.9922825456434,1.4413001537322998,0.10748323798179626,0.9254261940488493,0.0,0
431,720,75.8024640288136,-2.601836905765013,-1.2694953429666143,-0.7743387630805023,0.5529506362690672,,42.49270317796618,42.27995913848281,1.1245765462517738,41.155382592231035,0.0,42.26351912585939,29.319734289229267,39.164770331499035,35.307027107189064,11582.399999999943,1441.2735619418277,2269.1984456425334,1341.728090664291,250.15612436793742,0.9346030354499817,0.3138647675514221,0.6641731776525782,0.031201839447021484,4
432,720,50.65843889220929,-4.710052253657405,-2.6706562403733964,-1.663292156394028,0.37192385108236126,0.04850992187857628,42.288997118361294,41.51911829225719,1.1235213438048959,40.395596948452294,0.5103475609794259,42.24727469495059,22.59451433557287,34.60340101254362,19.038736357055278,11583.528616996753,1005.9032087623874,1525.7910850841213,1326.6643291505482,189.48517040551417,1.1797879934310913,0.858039915561676,0.2727168607079131,0.08899545669555664,56
433,720,86.42807617289785,-3.7674603074791277,-1.9099733919799102,-1.4069357507710059,0.4458936029192735,,43.00470478180796,42.731640432961285,1.1272026868537068,41.60443774610758,0.0,42.080049899662875,25.257238409425877,37.679335805803014,30.037073590903567,11582.399999999943,1214.2409561788686,1832.7321004713924,1354.2925884562683,34.80038591604269,0.9486614465713501,0.052272893488407135,0.9448982630449128,0.0,0
434,720,79.21213732782549,-2.5123149476587416,-1.0056124998883162,-0.9828904376803101,0.5190613642737371,0.06801898777484894,42.935083829797804,42.20524464454502,1.1233395542949438,41.081905090250075,0.5093748150393367,42.26286689289128,30.57085241039565,37.81665995373964,33.9338628963785,11582.399999999941,1370.6207542600534,2135.1235667864376,1401.839914818635,183.9297000256237,1.2740448713302612,0.2436283975839615,0.8087756537730236,0.004915475845336914,11
435,720,83.24783043497294,-3.261173226462144,-1.1863310630264081,-1.5397131071346093,0.5303182763110249,,39.04916579090059,38.795132416300476,1.1253645336255431,37.66976788267493,0.0,42.263805622342694,30.042516712291228,35.889210327766754,24.71637284773204,11582.40029561477,1424.7640615939517,2180.63742568095,1369.2706340714487,124.93357614716248,0.8578705191612244,0.1036856397986412,0.8791360263784108,0.1862000823020935,56
436,720,78.5286433583311,-2.7657630042178294,-1.1259558920493409,-1.1312588292305559,0.5040509082536223,-0.08444612473249435,44.121816284023225,43.33810891676694,1.1240059696137905,42.21410294715315,0.5097196605056524,42.23943794500463,30.30629825135221,31.641428314684894,26.690184823800568,11582.399999999943,1342.7637529463038,2071.6172075090835,1333.9291926950189,159.75616381593332,1.2140288352966309,0.3155317008495331,0.7400953818593301,0.21469056606292725,7
437,720,80.75290336617135,-4.177810367766336,-2.0845161071947835,-1.600604948205324,0.48830868375248027,,40.784386141225696,40.534551612101495,1.1270185504108667,39.40753306169063,0.0,42.263886775854026,25.423815946833084,38.992663449874186,30.692903244623515,11582.399999999943,1337.491442904726,2008.640689559903,1324.0540354473394,181.04195250020038,1.083113670349121,0.15689143538475037,0.8551477654841348,0.0,0
438,720,81.03279324927796,-3.472878240448949,-1.3480731804769617,-1.5986981676135845,0.5213818144010197,0.004744240548461676,41.94046336598694,41.16696028690785,1.1219136081635952,40.04504667874426,0.509686048142612,42.26367512060775,29.161358963459673,33.298534368292735,21.993813685240877,11582.835958621383,1405.2875595222604,2143.9937243907493,1382.1224091676872,130.3093877391105,1.1922715902328491,0.14222553372383118,0.8807104565025703,0.019722938537597656,4
439,720,71.63670838894303,-3.7940790472974615,-1.73567976755596,-1.5280002634513368,0.5255849712288314,,42.70163305290043,42.453322301618755,1.1262821070849895,41.327040194533765,0.0,42.26344266120886,27.207850951577733,37.460060251401615,20.775725479230246,11583.42521750049,1414.022787555786,2160.7244913466006,1370.3994490178752,255.87394402319958,1.5058839321136475,0.5116652250289917,0.6602226678182148,0.32572031021118164,35
440,720,82.67402163523435,-4.446323772882283,-1.6983231415842732,-2.3106855069812067,0.43304185940714457,0.15142734348773956,41.257204190827906,40.47040830552578,1.1243591411039233,39.346049164421856,0.5121214604005218,42.26342118719602,28.08064629260499,38.49139904853115,15.633859303022174,11586.267774672206,1198.2665244208586,1782.748255999429,1342.3315641614518,101.08482441747145,1.444870948791504,0.1404697746038437,0.902780400753899,0.10552513599395752,32
441,720,79.17628928931612,-4.443284370683918,-2.1219524778088297,-1.8482787247277561,0.46887899499626257,,40.16372796706855,39.89017672184855,1.1251509869471192,38.76502573490143,0.0,42.263589233623115,24.88203430316713,36.095743333180025,23.2175801218877,11582.528880562459,1286.125663168023,1931.2077224618276,1355.268579588969,173.2188453792224,1.3470090627670288,0.23743987083435059,0.8237280821655342,0.07264590263366699,5
442,720,79.5334063619,-3.631911237388186,-1.7440635759548793,-1.3549240047110707,0.5282605841387413,0.011338384822010994,42.88353482168168,42.11038907058537,1.1231216890737414,40.98726738151163,0.5116270165890455,42.26352394808339,27.389736695367887,37.703684501002336,29.81954956500072,11582.399999999949,1412.1897694602378,2170.013538918638,1349.274745678705,286.12799089732533,0.9881903529167175,0.24714632332324982,0.7499000849443844,0.14442890882492065,23
443,720,75.3748110415116,-3.951641984317819,-1.9732995045881123,-1.458220771504347,0.5155994757353775,,42.1003854367882,41.84443131648004,1.125310561619699,40.71912075486034,0.0,42.26284055538101,26.055629801765363,31.637471557297825,25.26751203462052,11582.39999999992,1391.6438478507766,2120.1895315704896,1336.151326150174,120.49753733446548,1.1114780902862549,0.2868744134902954,0.7418982740213866,0.09906566143035889,14
444,720,63.37101629796712,-4.543734272742783,-2.507892581193422,-1.6037421414957542,0.428170335421928,0.08181578665971756,43.71345373056829,42.9760961914435,1.1238642539829016,41.8522319374606,0.512384987436235,42.262962179678354,23.315025654213176,34.79517552257487,25.710646834205786,11582.399999999916,1180.8913313293554,1760.8125937086145,1307.6940746812743,83.96792490947567,1.1049127578735352,0.7288797497749329,0.34032823444115023,0.13590097427368164,9
445,720,77.88504445390518,-3.2281876258986735,-1.5234851854671576,-1.1666342575968014,0.5332229399412644,,43.2972749741748,43.01545104384422,1.1270005526021123,41.88845049124211,0.0,42.244461726368776,27.948256088166136,36.74392090774365,29.15577107573443,11582.399999999927,1419.0946529757928,2191.783481677714,1344.9824377857265,161.30143877068983,0.969528079032898,0.31466418504714966,0.6754460320932361,0.0044051408767700195,2
446,720,70.41615998885895,-4.613851711657286,-1.8979785677107601,-2.177911282026537,0.5332649098600148,0.00373823381960392,50.46995657403022,49.68919554539025,1.1253261901438236,48.563869355246425,0.5106841195374727,42.26350912944909,26.261719977564724,34.29993765366063,17.455395467782715,11586.70692169222,1465.828569418343,2191.6737995783965,1334.0769104045144,151.78639202303387,1.396018385887146,0.5219779014587402,0.6260952529453743,0.36238229274749756,24
447,720,81.75749028208266,-3.801535991464226,-1.4795174077190558,-1.799904209806921,0.5175653481756582,,41.73373397812247,41.486865852959454,1.1266540000215173,40.36021185293794,0.0,42.26374681199136,28.030124472541157,34.37131398177185,18.858481865031482,11584.538468593943,1400.8028471145406,2129.8323981875483,1345.2582987013163,198.53064302268857,1.2835198640823364,0.2586221992969513,0.7985054952913756,0.612991213798523,31
448,720,65.96403027487666,-3.7344582293737356,-1.7267676160346792,-1.5097342322823641,0.49331601790747825,-0.010501409880816936,43.10809543542564,42.31558261718601,1.1258795466274023,41.18970307055861,0.5118992934003472,42.263679312735746,27.372836260473303,30.035699795243932,21.08416774587277,11583.111498585371,1331.9706613893338,2029.3744765670817,1364.4964257419567,103.44689301910047,1.6544134616851807,0.5848305821418762,0.6465027662757473,0.23274540901184082,25
449,720,73.92208073625368,-4.548668727325514,-1.9613682036986624,-2.0576072447876106,0.5251960397197675,,45.01571339182556,44.74080042447895,1.1249597137793899,43.61584071069956,0.0,42.26354455540801,26.4162072256786,33.361910330804726,23.621122010845973,11582.424677493414,1438.9686102337955,2158.1599783759034,1300.2246399916226,188.70840960001934,1.1641803979873657,0.5280135273933411,0.5464504227126908,0.2637298107147217,39
