episode,steps,final_battery,total_reward,total_directional_reward,total_battery_reward,total_movement_penalty,loss,episode_time,rollout_time,inference_time,env_time,update_time,peak_solar_w,mean_solar_w,start_battery,min_battery,idle_mAh,motion_mAh,path_m,turn_integral,net_displacement_m
1,720,33.50887669628336,-7.603472189874665,-3.803543004937599,-3.3722892427183444,0.4245497165977541,,144.52878260612488,143.75520930439234,3.8138347817584872,139.94137452263385,0.0,42.16805538300362,15.7281987394337,39.14720094663166,24.611331822471293,11582.401039746037,1262.3674456003234,1753.872111142341,1348.4838868480742,256.3806681203747
2,89,0.0,-17.52145743145368,-0.6595464752068213,-1.0136949579360035,0.04793348591378782,,41.423260590061545,40.499722571112216,0.43762345844879746,40.06209911266342,0.0,7.6226124241993185,1.3481622483891462,38.6361344715499,0.0,1440.7935828388847,159.1726670853215,198.81080170711897,157.60665515152596,24.24168502265157
3,82,0.0,-17.455599176267242,-0.4818731182437185,-0.9477782456605658,0.05061324087841362,,20.072370732668787,19.24028587481007,0.23096331441774964,19.00932256039232,0.0,6.2514981675139465,0.8414034092978083,37.31749155113408,0.0,1327.6400257429405,165.41658916240434,208.7427218435359,146.31033220752116,71.19569409443895
4,76,0.0,-17.682293306877483,-0.5781643580546841,-0.9383223490078906,0.040532231424094116,,9.896871174219996,9.629915012046695,0.12152925180271268,9.508385760243982,0.0,16.165457547331656,1.9606652008905636,32.60506633660313,0.0,1231.8266688982849,136.39877702221747,168.7528793964113,154.24927443262197,16.406872893292736
5,79,0.0,-17.477988472172857,-0.3823241740572884,-0.9991503480344232,0.046148431328719555,,11.485923228319734,11.211937801912427,0.1276093884371221,11.084328413475305,0.0,10.705016448563633,2.8263560121765017,31.934467211676136,0.0,1281.8061470519133,154.21699027069448,191.1685118010402,155.70775955749784,13.985956521067134
6,81,0.0,-17.36672287001925,-0.37796899451681154,-0.9378078210149562,0.05060665136001417,,11.670964742079377,11.387296255212277,0.12808979395776987,11.259206461254507,0.0,10.306724499125039,0.9850804883706845,37.10250840008173,0.0,1311.378530310512,166.30751114111837,209.2699711471818,152.23221441066835,17.11049865865695
7,74,0.0,-17.6155687531998,-0.49625203817800745,-0.901542641616138,0.04241111971626706,,11.91687429510057,11.632297596894205,0.11653064470738173,11.515766952186823,0.0,5.677687895698196,1.1224508898988457,33.878278012165936,0.0,1199.2958151934033,141.32752110740404,175.98282928009704,146.98225747939918,14.037907197900928
8,720,56.55482464765611,-6.692332971680674,-3.620761789293041,-2.6684196134045925,0.4002189718875439,1.7834928035736084,49.04616591101512,47.97436928888783,1.1234027300961316,46.8509665587917,0.7876998819410801,42.263415660643176,17.547040130908243,39.74196736977151,17.43223847261611,11584.420145543072,1173.2955029409122,1653.272360823865,1345.3796553288257,262.22517422257346
9,116,0.0,-17.50309719378051,-0.7631265205518786,-1.5518307364743964,0.06274694300055145,,10.723289120942354,10.478516213130206,0.1828684122301638,10.295647800900042,0.0,18.34863033480135,7.160270073771454,31.030269168599645,0.0,1887.6277921566143,210.74159578746688,259.70946967184574,215.2753433335094,84.31649033394754
10,79,0.0,-17.767180189169785,-0.6228983677457584,-1.0448009337379642,0.04910743194840723,,9.273430853616446,9.027744585648179,0.12450659880414605,8.903237986844033,0.0,26.950939079464067,4.011124329827157,31.330324154429672,0.0,1285.8204685824674,161.90873331101687,201.95082451150753,137.8574953041966,48.5618421589923
11,67,0.0,-17.47595026870154,-0.27216754520013436,-0.8126258587033639,0.04087886702091422,,12.412419602740556,12.115021639037877,0.10609962698072195,12.008922012057155,0.0,2.66876015428902,0.2271994788207172,33.28931871920549,0.0,1085.3823433608788,134.4187531018085,168.94629099218687,127.98989922702228,68.88481016150949
12,720,52.710512407987395,-5.962467013940799,-2.9871890367858085,-2.5902071029832645,0.3819567303939973,,40.76772434730083,40.52139435475692,1.1192519813776016,39.40214237337932,0.0,42.25987058287623,21.532707928315514,39.26355380405157,15.793454607371126,11589.425886318826,1094.141298488592,1577.4056100976757,1353.5513769613387,95.09214318173127
13,72,0.0,-17.567466889687456,-0.3805058737501458,-0.9205539233786895,0.04110307626649632,,11.362588820047677,11.0679484102875,0.11328636389225721,10.954662046395242,0.0,13.749963351835635,1.5289146473729052,32.08269165778888,0.0,1169.388218686414,136.77586986386459,170.15798620223023,135.73755135514836,37.40497000105793
14,720,46.49451830311091,-7.166968090450645,-3.3599096553778147,-3.4077929325621845,0.3959812850931064,1.5886918306350708,41.81438908679411,40.892424955032766,1.1192952659912407,39.773129689041525,0.642103711143136,42.244162576908565,18.658978018941056,30.61709432254695,10.178740248027863,11616.663485771523,1168.170586146104,1634.9695901304945,1332.6111512287307,162.5807103012989
15,131,0.0,-17.30426286289685,-0.8843429433746467,-1.5940233810072062,0.07539586156652309,,11.176227708347142,10.941293864045292,0.2058885982260108,10.735405265819281,0.0,18.777072823645405,6.368632310925949,36.077340457241185,0.0,2121.509428063257,250.32424418264716,311.84611708893584,243.11201989707706,67.52466915305745
16,105,0.0,-17.627605751619697,-0.7626822992343268,-1.3979225921221103,0.06650149997726806,,12.775067739654332,12.517450743820518,0.16664027096703649,12.350810472853482,0.0,24.11847609110844,6.156345693025078,32.185571302450306,0.0,1709.054448047723,220.27787185729335,274.3761610241055,192.99876503150287,62.614982386118875
17,720,35.10256484498103,-9.520558248990111,-3.907994352085291,-5.1954422513575675,0.41414757705567884,,41.51411494612694,41.26037867506966,1.1249216762371361,40.135456998832524,0.0,42.262058281081195,15.2347351628925,34.04829952687969,13.910394663957625,11595.278812542725,1296.5940626667293,1711.4949401543258,1337.5948659686967,277.59230421606276
18,97,0.0,-17.440428272277835,-0.6549120987907269,-1.1283929605545793,0.056669709180286826,,12.745850026141852,12.477706492878497,0.15251462580636144,12.325191867072135,0.0,16.249276975733398,2.896542081911271,37.158473236771854,0.0,1570.0987752456679,186.93887337704703,234.71995981969317,198.86177168020825,37.986385993139734
19,720,32.0157505850028,-7.635950858191398,-3.7755131899766217,-3.4433488895866695,0.4139048767644076,1.5825297832489014,40.02270638104528,39.166179154999554,1.1210460681468248,38.04513308685273,0.6140620266087353,42.15344682308713,16.05007591126452,32.48483985643504,19.863417993486742,11585.14862596109,1230.307973162891,1709.7287460231223,1365.2065029861621,297.8909802378621
20,720,73.41235802537733,-9.054078282611519,-3.34568283182616,-5.317779899495047,0.3876974689050903,,40.488084382377565,40.2372910506092,1.1255854330956936,39.11170561751351,0.0,41.421719895313736,18.71422342152508,30.79214438261132,9.811079396660109,11617.369123700815,1192.9758678141088,1600.5900516481688,1324.0704709485303,170.9466076892536
21,90,0.0,-17.61764745717494,-0.7071791962349344,-1.0827205827691548,0.05244416919195816,,9.569799595046788,9.316544285975397,0.1420867219567299,9.174457564018667,0.0,17.11004321361949,3.142940071482934,34.87120370395095,0.0,1458.2686985626108,170.89839059243806,215.47537402525572,145.43046183521852,40.116986334590216
22,105,0.0,-17.596207429345338,-0.869781119707864,-1.2616002948451976,0.06423872456326629,,9.023632594849914,8.776518868748099,0.16528476541861892,8.61123410332948,0.0,22.449561386581426,4.589264666456451,35.230681965545344,0.0,1700.0524178870025,210.2582345017668,265.2374127614615,200.54599665748177,35.62188051024323
23,70,0.0,-17.70782002354168,-0.5371950076460575,-0.8515079021932762,0.04380152748626114,,8.29053772520274,8.039373388048261,0.11072488781064749,7.928648500237614,0.0,3.63479539342493,0.22698520911574993,33.78827009507979,0.0,1134.433493285861,144.12446349374858,181.13345538558463,136.927377582236,18.195737975020666
24,720,28.463249929064844,-10.310557513652402,-4.1136817721871015,-5.787636282885576,0.4060758733546802,1.4455580711364746,36.434075518045574,35.56395569071174,1.12255903147161,34.44139665924013,0.6361766681075096,41.37739031595847,15.229611992329364,31.614488293545655,9.322314886833166,11644.996533180001,1277.5863344098316,1675.676523184805,1319.7245056739828,197.71374218338644
25,86,0.0,-17.647568628405008,-0.7183970876701804,-1.0010952060665903,0.05267072503747713,,11.969681854825467,11.682353984098881,0.13617455027997494,11.546179433818907,0.0,9.601871803399552,1.51331253126196,37.01561209959996,0.0,1392.2833540964862,173.67234838969185,217.8961527627041,170.92064121638117,49.36770358631008
26,73,0.0,-17.459938899311375,-0.30218159233322456,-0.9144289907596401,0.043036892612228574,,9.321300093084574,9.066973517183214,0.1158666075207293,8.951106909662485,0.0,6.137712582839913,2.4736689456392296,31.050564611894416,0.0,1183.293475754691,142.10916201645261,177.48420260775944,137.6209044520609,37.437287059304936
27,720,36.88159442495091,-7.975633105556544,-3.8264992549434895,-3.7451712991842236,0.40090689233781895,,44.9563885149546,44.68686121935025,1.1230423403903842,43.563818878959864,0.0,42.16892968483004,16.34159714437231,32.38423915216037,14.826213043493372,11593.738342633951,1205.6461903381532,1657.0555157980632,1334.7829577163031,354.298989554492
28,86,0.0,-17.464116636438177,-0.49943078224249715,-1.0393740688732946,0.050007975187667024,,11.046185518149287,10.769909298047423,0.13628392992541194,10.633625368122011,0.0,17.657593968245436,2.5914682614772415,35.106600231573424,0.0,1393.1546118694457,163.98141737475058,206.04872909903787,145.10879735359717,64.10912922099148
29,720,57.056492660489155,-6.02137589338038,-3.1007258038149343,-2.547646979978999,0.36986798257102477,1.3685886859893799,42.53777115792036,41.663857876788825,1.1223184517584741,40.54153942503035,0.6408154000528157,41.59601888927863,20.14885523069943,37.48588658343736,15.319347671578956,11590.073249747673,1063.5945114862782,1533.075553899431,1407.832415171121,94.5863984938269
30,720,53.26777909382658,-4.3957732434829175,-2.3847572352060125,-1.6348955759331207,0.373145194083674,,40.21350741200149,39.998491066973656,1.1225068788044155,38.87598418816924,0.0,42.26349917640256,24.385929239299024,31.8385354765012,23.07363660364368,11582.599649409322,1047.7597237018463,1546.6747368685772,1406.0025496985393,76.44902293193147
31,91,0.0,-17.56749872540789,-0.7383995226552537,-1.0255424694730286,0.05313855919640731,,10.364549302961677,10.114078915677965,0.1431668079458177,9.970912107732147,0.0,4.782093005775151,1.251281385284592,39.42926311990025,0.0,1472.671500659679,174.17951959596607,219.80406116887409,185.92085406245494,13.642472473547642
32,80,0.0,-17.49612103214427,-0.48903166700221246,-0.9292119481570219,0.0525746003285633,,10.752838546410203,10.481684373226017,0.12575244158506393,10.355931931640953,0.0,9.665051875045537,0.8258870359982231,36.883548350590154,0.0,1295.141690841933,169.14333427220475,215.0536178274916,126.67438171198552,82.54547432927926
33,720,44.64619233329159,-6.133250130155561,-3.3624728622588576,-2.358301866025121,0.4092605139453696,1.2289901971817017,43.039144159760326,42.22602596599609,1.1248663701117039,41.10115959588438,0.6363387810997665,42.263465651369614,18.58765141543221,36.04438066252045,24.624793983250427,11582.400757710628,1181.1426472915568,1690.8030060733072,1313.9631717926234,132.28599866107137
34,97,0.0,-17.606211054313043,-0.8408096113448221,-1.1019996228832074,0.06294965605598059,,10.575517752207816,10.335008373018354,0.1532353311777115,10.181773041840643,0.0,19.308440391741396,2.8002292910810036,38.262932491149265,0.0,1569.5806858236986,205.0828610673292,259.64263195562734,177.78031291703255,23.099924054831433
35,720,34.422478165715745,-7.60671709057545,-4.018713896964558,-3.1533051163946153,0.4315878827682676,,42.905584189109504,42.66850594105199,1.1225739978253841,41.545931943226606,0.0,42.15743507281592,16.26668230828775,37.285687888590516,16.97546608491748,11586.131424174795,1277.4979824129791,1784.1420126936935,1382.7395745871386,340.6953365314344
36,720,45.55173395219024,-8.847335933966264,-3.8927209270567547,-4.504880806093324,0.44653684187667514,1.193535327911377,41.1583446431905,40.38777821697295,1.125888679176569,39.26188953779638,0.5307899960316718,42.12146851183607,16.10158184553625,37.89902905148855,10.618773543593676,11604.518641058316,1360.9518790889401,1841.4974790073927,1293.932407940798,439.3359747358511
37,73,0.0,-17.74629061056549,-0.5826847562635004,-0.9221006054605697,0.04125793118287438,,9.971702540758997,9.699927015695721,0.11576087633147836,9.584166139364243,0.0,20.95219980959593,2.126577401160669,31.79703470908008,0.0,1184.6124082149968,137.68134777475095,171.05254899993196,134.59395849133378,43.41993442507158
38,64,0.0,-17.78898496410919,-0.5046782115482203,-0.818894074251629,0.04010139123066632,,7.479926303960383,7.228259511757642,0.10098881740123034,7.127270694356412,0.0,10.431345431838213,0.9524773017066831,30.480247750408523,0.0,1038.8086960385847,133.13745062202673,165.77423064734913,127.64704097008294,28.147139686128092
39,720,29.786012530853114,-8.802555802254398,-4.102637859161635,-4.333537708067147,0.3632473029289945,,39.32166799902916,39.085021334700286,1.1226916736923158,37.96232966100797,0.0,41.83679873438357,15.185274574430895,34.24941091533704,8.670929227252214,11605.018657734712,1116.3467326345278,1503.3773175884376,1383.9959259523405,75.36125613688321
40,720,48.40562288145534,-7.2035108164410575,-3.466837402729247,-3.3621237688297834,0.37161187429055414,1.207382321357727,48.80472840834409,47.87907759519294,1.123753328807652,46.75532426638529,0.6335088880732656,42.263608906317934,17.764632331506743,36.31914441270065,9.951329017686012,11605.092841207686,1102.2740412441262,1534.933601308473,1322.5389730073675,25.51441696483295
41,106,0.0,-17.523280439619136,-0.8166713401642718,-1.2656853029113697,0.06543263997222329,,12.420084261801094,12.206530516035855,0.166604348924011,12.039926167111844,0.0,19.464577640617584,3.8092950724556656,38.26160715003977,0.0,1719.133742907029,214.75919786909031,270.0267077974299,195.43146194877292,99.2095394615793
42,720,59.40053541353766,-7.294326958602112,-3.4191601466156216,-3.4462286969446403,0.4259390356015082,,39.6754758739844,39.42800057725981,1.121518291067332,38.30648228619248,0.0,42.263612216322315,18.804047860761,34.04311606685021,11.758121565240321,11604.471363272414,1254.712421320154,1757.142189020619,1298.824631755244,362.3069840845863
43,78,0.0,-17.55119428418102,-0.4731530603798283,-0.9564344512709508,0.04631040147303803,,9.650840370450169,9.392527040094137,0.12342898966744542,9.269098050426692,0.0,7.786351890081058,2.1088608909222097,33.229654697673716,0.0,1264.4143300750573,152.6427227458023,191.38241505779578,142.59982419761224,23.636911016805346
44,720,52.949553151331145,-7.004814709222365,-3.22307941387343,-3.3846977960127242,0.3939496858891424,1.2772507667541504,44.58562250668183,43.67744462797418,1.123607526998967,42.553837100975215,0.634618123061955,42.263641225612844,19.485456334456924,39.79468168188538,10.59621415646566,11601.157647645121,1157.970485923264,1625.6918567547855,1313.734185201663,186.01988802660645
45,720,56.58145200952862,-5.889048416760463,-3.3181726651040657,-2.154828274605886,0.41292393372734826,,44.385847338009626,44.1263711838983,1.1239401008933783,43.00243108300492,0.0,41.98100672775588,18.154855653626026,39.68527817643154,23.745428358047537,11582.422113857154,1174.0786747298712,1701.5175359755297,1289.7015411798993,258.144578430141
46,121,0.0,-17.377893943791307,-0.776030998508309,-1.520356200878703,0.08094778222425984,,12.565167953260243,12.315439322963357,0.1899148183874786,12.125524504575878,0.0,28.10468347485515,7.274418389968495,32.73588344897897,0.0,1963.2082119098854,264.3876318105619,332.8921617495225,203.9280254645804,101.12508438041188
47,153,0.0,-17.392204059562776,-0.9675540468829953,-2.136785645415092,0.08718106375877714,,15.563799462281168,15.298591145779938,0.2407301920466125,15.057860953733325,0.0,25.248385650648977,9.508046761875306,30.74319146432036,0.0,2497.3967155150876,292.0983943687002,359.69451844540765,290.6717453377633,13.199420396730158
48,720,63.585281924608495,-7.0903670680671995,-3.3138158321712488,-3.390894038412949,0.38226335797082855,1.1915456056594849,42.53645790088922,41.639309781603515,1.124033113475889,40.515276668127626,0.6386172170750797,42.26364701973542,18.99180919160126,38.94403490541568,8.629598198025167,11618.270615812893,1133.8918573146461,1580.6434238462614,1418.6143403637861,61.51116884975648
49,720,51.97402040106558,-5.938045976216618,-2.5212312741331697,-3.002392418743593,0.41093662892829685,,44.84713811380789,44.572275618091226,1.1268578739836812,43.445417744107544,0.0,42.263783143640524,22.5835129803636,37.7487330231352,13.738696843851846,11597.886616914713,1188.9644566102447,1696.1762053521231,1375.6594516696482,188.66449989682206
50,99,0.0,-17.435966510867857,-0.6130541293766391,-1.210482799836865,0.0619290665110182,,11.789149475749582,11.526271286886185,0.15567631367594004,11.370594973210245,0.0,15.510051641739333,5.739729363172492,31.441724242543888,0.0,1602.969320728963,205.46918678134114,256.5391522321108,194.16224558677527,39.80114094042235
51,720,27.408735688067576,-8.008642000784414,-3.950373994154529,-3.6809153683785922,0.3744181328722686,1.154025673866272,45.108554122038186,44.27142164716497,1.124848028179258,43.14657361898571,0.6343064359389246,42.25023172738551,14.96822650303261,38.34600889163951,21.318490254838643,11582.827245342047,1144.1627778789903,1548.5580353462515,1344.1682781846632,133.65086382475417
52,720,72.94083424283957,-5.176371460807096,-2.933792150259796,-1.8235083060407513,0.4159864044828995,,39.60146847786382,39.330945470836014,1.120202790480107,38.21074268035591,0.0,42.254820258538345,20.267184864715368,37.040551610625556,20.90326768529809,11583.232593425493,1169.81654207639,1715.4233007167654,1298.4097997719214,206.79210637044005
53,85,0.0,-17.61930596921862,-0.5882273160538843,-1.080629841484828,0.05005927974860955,,9.66567325592041,9.401289629284292,0.13414394296705723,9.267145686317235,0.0,23.614361245333424,4.4908361022917225,30.727836906438505,0.0,1379.2907066241855,166.1148765589833,206.6007507014536,158.44027421246653,26.859370009264897
54,97,0.0,-17.439759466963878,-0.5352412107231886,-1.2402442097451933,0.06388011805591631,,10.214711338747293,9.953371631912887,0.15238370839506388,9.800987923517823,0.0,22.027328153276763,5.540646922972207,31.52489170170021,0.0,1573.8092575934295,210.53378803340837,263.3855601715337,160.6659321305849,92.12274431808224
55,130,0.0,-17.38831117054439,-0.9312826709600085,-1.6000817992871728,0.08141077897710215,,11.535956951789558,11.298052254132926,0.2029808280058205,11.095071426127106,0.0,21.07320000539481,5.835418864178302,38.70029983775102,0.0,2112.240777997882,266.22163642399323,335.13703465840473,228.30048124532004,67.06698588562824
56,720,67.51736123358957,-5.52633262850752,-2.5091260490268974,-2.5983595224083493,0.41564042165953397,1.0846184492111206,39.20343985315412,38.30068521108478,1.1189272152259946,37.18175799585879,0.6405921629630029,42.261531726303765,23.151789478362833,33.706951240988936,24.140460618119825,11582.406696882761,1191.6502871827813,1716.2478999051077,1315.436522285386,298.21175921728104
57,720,56.14994438009041,-5.36785160018515,-3.4378986115087633,-1.5672835927288271,0.35940992562114604,,39.800080314744264,39.53210132941604,1.1222813013009727,38.409820028115064,0.0,41.69771947634144,18.891351842567556,39.141981916977464,29.06841610725386,11582.399999999929,1009.291973294851,1485.342979358159,1350.3833951925508,197.5399505225518
58,98,0.0,-17.63005594483075,-0.8574260393047064,-1.1333424302809125,0.06382700279290128,,11.592862913850695,11.340292456094176,0.1549218101426959,11.18537064595148,0.0,20.47990153161339,2.5350384772418715,39.14989419618158,0.0,1587.4995504307803,206.2683895846607,262.2988698592047,174.35352910549827,73.59977608338032
59,720,54.38376175729561,-5.351089053603811,-2.627937037660424,-2.3153533577740766,0.4045645001777693,1.3550386428833008,39.569646751042455,38.697035073302686,1.1285725375637412,37.568462535738945,0.6304223770275712,42.26351071175919,23.876745654305463,30.996251132770357,12.660806963030346,11592.837122392953,1143.5932374164718,1669.3580668117252,1333.3642614175174,118.32138375790578
60,66,0.0,-17.86622955944534,-0.6370422901195024,-0.8257084779516716,0.028228106057395973,,7.094376266002655,6.862527028657496,0.10526638617739081,6.757260642480105,0.0,2.8867882965697502,0.5879988740914236,31.192819613567664,0.0,1070.0918590655474,92.29906656960205,115.88336399181908,119.28671785142174,28.876616129575552
61,720,73.00293318646196,-4.77489910130503,-2.4668317388958223,-1.8811072471044252,0.4239765115859978,,42.547583491075784,42.30271126702428,1.1377590238116682,41.16495224321261,0.0,42.26374303489442,23.917630725857506,33.37204950515413,26.006427173834624,11582.399999999916,1185.8694073745228,1751.9582947284398,1323.3249629488084,225.0515990679061
62,105,0.0,-17.565580798179848,-0.8278658283560543,-1.2638208362320515,0.07331193518873466,,11.267038778867573,11.026982072275132,0.16692224610596895,10.860059826169163,0.0,12.899594704013955,4.1987653502347015,37.50780246732952,0.0,1702.3836093470577,236.51986575301456,301.0625182214825,189.8347792590819,104.69097313564114
63,720,69.25511572136453,-5.932297894667844,-3.091834075524988,-2.4054239970672873,0.4319384318717914,1.1711158752441406,49.842072603758425,48.94691352080554,1.1349277216941118,47.811985799111426,0.6339031280949712,42.24132399024646,21.037418581039272,39.47195149268061,17.20119964359065,11586.412158901132,1229.7585267740578,1782.8168639400371,1309.7731926668212,261.0877244704709
64,720,44.08106805289945,-6.612546001265486,-3.419211082375378,-2.7339700527225306,0.4561330698704128,,44.777377743739635,44.52671087626368,1.1360579472966492,43.39065292896703,0.0,42.26214389443316,18.499147395947702,39.02721954157221,19.02704460377834,11585.074344569775,1319.2556609546266,1881.1247469558425,1319.0428731373381,402.72653677439223
65,62,0.0,-17.734901207957126,-0.44769840428716773,-0.7801492153337338,0.031853300646130144,,10.16587510611862,9.877278086729348,0.09865290625020862,9.778625180479139,0.0,2.9637065500961737,0.46450348790389595,30.571165588658257,0.0,1005.1773589509811,107.87823176852966,132.40112669871627,122.26553151193504,28.869052617351553
66,720,57.68785189171308,-6.296818294290401,-3.122959124914651,-2.760237885663864,0.41050954580722987,0.8228221535682678,39.76976599637419,38.96528616594151,1.1346592199988663,37.83062694594264,0.5614373269490898,42.26368262500509,20.263533933496568,37.520101400148484,16.954257355286487,11586.426092804619,1184.5648140049182,1694.2091566296872,1305.3304977224107,303.73302374795065
67,105,0.0,-17.544274531599882,-0.8501845842230883,-1.2261362283568107,0.06745320448086194,,11.712898060213774,11.45413739187643,0.16864914121106267,11.285488250665367,0.0,12.285215780821213,3.6822981594362307,37.93242469456235,0.0,1700.023920621745,219.91059878287575,278.7075120470651,202.07121900465012,79.28575324118383
68,152,0.0,-17.13944781001124,-0.8821072536833986,-1.9396446015688626,0.09210983554613994,,17.188564776908606,16.8926486489363,0.2419362016953528,16.65071244724095,0.0,19.141304796969898,7.898051543918541,35.97891167887497,0.0,2469.117069935428,304.4459082242567,379.9564815472151,273.3029971420667,36.61580357576613
69,84,0.0,-17.661730202242936,-0.6394297372950565,-1.0415907828576731,0.055314741274672834,,10.204994359984994,9.936900736298412,0.13404158782213926,9.802859148476273,0.0,15.78476189413366,3.9962087469186636,32.0061429319266,0.0,1361.7050610517365,181.21411830057178,227.6629258063707,160.16344801294917,91.95308052668888
70,83,0.0,-17.480852091575134,-0.4593723012480588,-1.0206595558721254,0.05048683587325085,,13.793552963994443,13.485534148756415,0.1329654911532998,13.352568657603115,0.0,16.330970873035735,2.380027811758631,34.49390781986865,0.0,1346.0476150181605,166.52598310476557,208.16969571157938,144.803700326233,63.16679202771112
71,720,42.27882279896711,-5.278063625364575,-3.090219494738866,-1.7866794039153213,0.3977685651473439,,42.16058058384806,41.88069810299203,1.1366752763278782,40.74402282666415,0.0,42.260082033807755,21.35218435101135,39.59084268514281,25.06069265355831,11582.399999999885,1120.6928694849266,1642.1860316424484,1375.3038650621852,119.81136035855133
72,720,73.6305690317136,-6.196400881253296,-2.857068985458982,-2.9028133920568604,0.433277551748025,0.9523472189903259,43.22623775806278,42.23656331701204,1.1340993060730398,41.102464010939,0.7217971398495138,42.26364632452933,21.400463579302087,31.598607540813685,10.668861929276149,11601.396178922842,1240.631505753397,1788.2240031001666,1322.2636928673278,267.8554287274586
73,82,0.0,-17.47258453487703,-0.40301770713217117,-1.0358318318540305,0.05827040841594224,,9.47684412682429,9.222410731948912,0.13143558986485004,9.090975142084062,0.0,21.692522568336067,3.542138182180923,33.17733507918625,0.0,1331.7252784501359,188.28972142952688,238.97810475629396,137.542325116435,55.41701608955589
74,194,0.0,-16.92747280297064,-1.1387817873791666,-2.490519496862546,0.12221634625960277,,15.858156913891435,15.610613693017513,0.3129205917939544,15.297693101223558,0.0,32.68296183961496,8.957754576001244,38.1301040626748,0.0,3152.1859353902423,403.0861894249499,503.9680180013274,359.8385614603922,51.58502528778787
75,95,0.0,-17.60345501808601,-0.7318209352539854,-1.1625922870026728,0.05856582030480414,,11.070390271954238,10.801111849956214,0.15321608539670706,10.647895764559507,0.0,25.107269417013182,4.07890598757535,34.26861025121758,0.0,1540.2105372682743,193.13373620435408,242.3448710608567,183.99869096135194,22.671178921809645
76,720,43.648670564111136,-6.4834426197191375,-3.484558023646641,-2.5531785925364803,0.44253209732444776,,44.203215196728706,43.97492109192535,1.1350796669721603,42.83984142495319,0.0,42.260663377935906,17.950785674800013,36.42194968803896,20.555980348765598,11583.798305085047,1276.7920837577935,1826.0410354852738,1308.1129815681973,131.2018486838641
77,720,53.172968127221964,-7.535193469138818,-3.3313182079581516,-3.755921951797268,0.4447110588410671,0.8431472778320312,45.57133139995858,44.607282515615225,1.1247012387029827,43.48258127691224,0.7179413661360741,42.26140571142878,17.575656684190463,34.53128461261541,15.960070938392294,11593.345506237602,1320.1450869105227,1835.389396098967,1339.4571371913457,138.2637554067679
78,720,53.88681210301179,-6.646446712820706,-3.3911724935522973,-2.8618541031709355,0.39018013627190173,,45.852981036063284,45.598680078051984,1.1250790357589722,44.47360104229301,0.0,42.259540150858484,19.011028937771574,38.398436434714036,17.023007355004463,11587.197602968932,1133.9583882640409,1610.4024210109299,1287.253805606613,44.48936732714202
79,720,69.75027432561969,-4.960908443428359,-2.24224749456598,-2.2769226959060958,0.43859708043860585,0.9128044843673706,41.19977311370894,40.42619966901839,1.125263933558017,39.30093573546037,0.5480606192722917,42.26347890587377,24.733393938783617,30.70659750612271,23.786286022822058,11582.42231253691,1228.0653148758026,1810.2517287974285,1340.4497562611407,118.26305832656632
80,720,60.031967175821954,-6.658517607493077,-3.0154251577024906,-3.1949131376155826,0.44481834051756536,,33.78030889527872,33.552857571747154,1.125251591205597,32.42760598054156,0.0,42.261460108767295,20.671740779087177,37.46442948661594,10.164332258988388,11605.478578909342,1284.1804848107038,1835.3924055456791,1352.3723855795192,245.60514661233643
81,105,0.0,-17.484873926048895,-0.7436799528252119,-1.2744382706394863,0.06622091023282423,,10.097690353170037,9.859100327827036,0.16520996391773224,9.693890363909304,0.0,19.388997475647397,6.421912695424453,31.06348853756244,0.0,1699.2811986981471,216.8696624369956,273.20507782190947,198.43671184359377,67.81668767618697
82,720,43.25961366096179,-8.612618117112135,-3.950244912090412,-4.228019219993888,0.43109414244445676,0.6620723009109497,39.518620347604156,38.64088770002127,1.1210746932774782,37.51981300674379,0.630550145637244,40.57748633125324,16.060814660386214,35.5828996796669,12.81417666755905,11597.567597456247,1310.1395368082851,1780.150522505436,1324.6480174044996,216.4887674242806
83,98,0.0,-17.328462337037,-0.42876717452126334,-1.264580078593673,0.05974965781398138,,12.163723320234567,11.889253186061978,0.15587698388844728,11.733376202173531,0.0,26.539514712750943,4.9763183553136825,33.71150130069456,0.0,1593.6623431058576,196.44569262427174,245.49426608526946,162.3391436347427,98.69241091980604
84,720,39.167003298866014,-7.605860122077993,-3.899834921744644,-3.262965687141763,0.43950180930777827,,41.31969948485494,41.06719726184383,1.1206773524172604,39.94651990942657,0.0,42.10854757778451,16.109243982901823,37.70710318320392,19.490686532691477,11584.493848931084,1299.6066956785824,1811.8327933542184,1362.1666176651581,144.03193064115243
85,172,0.0,-16.885148639963376,-1.1135075807148889,-1.933162574796687,0.11273342693953743,,15.169104586355388,14.928426322061568,0.27017320366576314,14.658253118395805,0.0,24.51872849692633,7.565095635211808,39.90432458995306,0.0,2780.372230575695,364.7140315514441,463.58917828116745,291.6101348258261,85.62169393949999
86,720,61.6955861810252,-6.826464779019191,-3.449952913141956,-2.931125084064265,0.442159807564576,0.6963900923728943,38.89552201516926,38.0136609589681,1.1257315538823605,36.88792940508574,0.6382299666292965,42.26374786179228,18.665549608701706,34.79061936133722,21.011225641732736,11583.540194219055,1282.6778745578051,1822.807558545357,1331.5309753541717,300.8777928574997
87,720,51.022119492813054,-7.164755153474717,-3.4454678883415344,-3.3028239876499215,0.4131673222863172,,42.469723721034825,42.20231063105166,1.1251705246977508,41.07714010635391,0.0,42.26352455551098,18.171290408373718,39.46999316849117,15.789887447208725,11588.737071397942,1225.5171460420152,1704.563924749981,1313.5352975590276,270.12684871512965
88,173,0.0,-17.163693849821108,-1.071956839025131,-2.2897524670299196,0.1012012400959502,,18.754254296887666,18.47307147271931,0.2759873019531369,18.197084170766175,0.0,28.799290517576488,8.978900691623394,35.22881028805318,0.0,2816.044032097661,336.09790302823063,418.117054464504,348.9617471610918,40.85306884026905
89,720,50.97249529424362,-7.474852678964714,-3.522112600549166,-3.506721282846764,0.4429235269520574,0.6651445627212524,46.47907787375152,45.590641933027655,1.1310845357365906,44.459557397291064,0.6321430960670114,42.20308637388438,17.81670119006393,31.36103219042119,9.813099811741537,11608.115370778567,1298.308527579679,1823.1783840540377,1282.5518132803927,262.07740590214235
90,107,0.0,-17.372194034919726,-0.7744838977213261,-1.1852162478627046,0.062097231111331724,,12.17987058358267,11.894113814923912,0.16998971486464143,11.72412410005927,0.0,22.397169383961945,3.185157361818973,39.978836672064176,0.0,1730.4228131082175,202.20026708633597,256.1936695293677,191.24758660726246,94.36223434438939
91,720,65.38107221657853,-4.9560702683286255,-2.3178764459233547,-2.1840956341092865,0.4506252652400424,,38.4934446378611,38.25459630601108,1.123760518617928,37.13083578739315,0.0,42.26359918696153,25.142905862636912,36.235075430312115,20.8874613477626,11583.243695749858,1262.7610604648607,1859.9211014078876,1359.7538620291068,204.26980409562717
92,108,0.0,-17.12334843831277,-0.39148558645667797,-1.3425065055405647,0.06384717848492734,,11.692821440752596,11.444946391042322,0.1704098773188889,11.274536513723433,0.0,15.913655594816625,4.492934475477451,36.691725776839085,0.0,1753.4610956809531,209.5348935343708,262.87899644964875,196.69999072222797,24.20849874144618
93,103,0.0,-17.497497123841118,-0.6815653328778286,-1.303814122954849,0.06172975048667484,,10.483519837260246,10.247982295695692,0.16278483206406236,10.08519746363163,0.0,19.321881158835666,5.084002705417865,33.49562184134843,0.0,1671.9268016850942,203.99968090321738,254.69658972761727,194.9312286107937,65.02587978247394
94,117,0.0,-17.217838888468442,-0.6978862057230062,-1.345264749779465,0.07419979116497008,,14.0613440037705,13.788927786052227,0.18542153667658567,13.603506249375641,0.0,21.32397997471457,5.03854018857365,37.86687185395689,0.0,1893.4245050222157,241.15512954343947,305.5425411168646,185.9834660784139,84.4627501972675
95,720,55.56970256297632,-7.067500002745136,-3.1808309580392216,-3.434986169447359,0.44824859371152775,0.7789767980575562,42.37771851103753,41.34692375129089,1.1235640640370548,40.22335968725383,0.7228305195458233,42.06512953063626,19.044289845946302,37.63303243717774,14.658024443358068,11597.77641469141,1305.7306941757665,1847.1076705555543,1353.592452164041,198.49962358795926
96,720,48.99087927092269,-5.929636507781922,-3.3518229127730774,-2.1285142432869213,0.4457342033248737,,42.520173962228,42.26909179473296,1.1239870893768966,41.14510470535606,0.0,40.73920468138394,17.097454032684556,38.9415388039746,31.101494121616597,11582.3999999999,1285.2039291809206,1842.996648072216,1381.3240553334547,131.21513969147816
97,95,0.0,-17.576192379871586,-0.712752666164984,-1.1518298190577738,0.0611015275001915,,10.500585224013776,10.218794848769903,0.1491349204443395,10.069659928325564,0.0,20.16015887576319,3.0839598750196715,36.001172796311934,0.0,1540.0057782214103,200.9583359511235,252.64089912436575,196.917388768177,23.951600486877684
98,720,64.40923926741128,-7.046004965058923,-3.3460638209121316,-3.2372308682198314,0.4592399179027408,0.6852649450302124,40.42663973290473,39.61811832897365,1.1233562878333032,38.49476204114035,0.5538076660595834,42.26134195429499,19.29665163357569,37.235709602434895,16.579757492962493,11590.593105173546,1340.5216089846047,1893.7153941216757,1345.7392230334572,161.28650321646944
99,720,70.8098914865588,-6.354975796410057,-2.7016424855511785,-3.2085238704942496,0.44162286328625383,,39.407050591893494,39.14591852435842,1.124301862437278,38.02161666192114,0.0,42.26374662007424,22.107294859350368,32.70952512741661,11.099875547405667,11604.319475191152,1264.9415678524208,1819.4632169601177,1296.0172349688887,130.58006572857576
100,61,0.0,-17.87207968376359,-0.5626438956410251,-0.7717888105396439,0.037396291561852785,,7.176531206816435,6.923253680113703,0.09680234175175428,6.826451338361949,0.0,7.240978166881042,0.7690109621200338,30.155222275559794,0.0,989.1202750920091,122.67980756731801,153.81909754990116,100.52098452200032,9.59606545554132
101,720,79.28472551431886,-5.108282333810884,-2.246132173095138,-2.4050667703820743,0.4534430688702232,0.5456973910331726,42.501323108095676,41.68702693795785,1.120946726296097,40.566080211661756,0.5550129623152316,42.2634430797894,24.54252814633663,30.183171411966242,17.82967763606069,11589.566996830185,1269.300132940142,1870.9300527295584,1385.1814075116208,78.5410787630973
102,720,71.4873776827964,-5.552247038505571,-2.807308314433024,-2.291884814250426,0.4495945917899333,,38.11505487887189,37.85821476299316,1.1236800970509648,36.73453466594219,0.0,41.77399989745331,21.414304087060955,37.12204484058945,24.805752455442402,11582.400247722762,1273.3577261467158,1854.8170874667678,1344.5652287811968,109.04738436928723
103,720,67.40480429776228,-5.396640868775982,-2.6875966387224777,-2.3043211564942236,0.40123678365499915,0.5361217856407166,38.64469249499962,37.849258159752935,1.1229584026150405,36.726299757137895,0.547368987929076,42.26257465637428,22.96572754559126,36.892046011821535,22.17829748866067,11582.704877764561,1132.620768146249,1656.1765276761946,1377.812674013221,91.8694750696104
104,720,81.56182355506786,-3.367841394618025,-1.6655255501171415,-1.2400082629066842,0.4589492214416375,,42.01770868804306,41.75655422685668,1.1249524066224694,40.63160182023421,0.0,42.26284621542151,27.204868354549824,39.463723909712066,29.71248855047108,11582.399999999958,1237.6011697379636,1890.5386474991044,1288.332517745186,123.4885323098068
105,720,74.6677343256096,-5.266365580721368,-2.8374385356964034,-1.9603910834248146,0.4650838807970252,0.5895687937736511,42.61070517404005,41.79324162658304,1.1235106843523681,40.66973094223067,0.5473106703720987,42.259940691071904,21.18254650871723,38.19520500197288,22.559329746407524,11582.528948603787,1301.0923523843392,1918.127889093533,1307.029066621621,273.8939981646206
106,69,0.0,-17.647414992898998,-0.4069109653260644,-0.8894364284462475,0.05066516766800593,,9.362110079266131,9.07797368708998,0.10989200789481401,8.968081679195166,0.0,12.667004168162164,2.4964861379629264,30.48204003252292,0.0,1120.3740689180202,165.10357295822197,207.93516406222616,120.56469096664492,66.98483364750723
107,720,59.88764273384602,-5.376879269340508,-2.841815783238074,-2.0957637810498264,0.43578836042647096,,40.18462737696245,39.91855480475351,1.1268722633831203,38.79168254137039,0.0,42.26351088730688,22.09257767156084,36.38666636011772,20.722000603346817,11583.22307817693,1235.4935757312783,1798.4703510869615,1360.3253974629395,82.26548237487765
108,720,73.00986527861158,-5.494775641583033,-2.57226362595564,-2.5182045317724717,0.4009832443564097,0.6354351043701172,42.708249136805534,41.85314374882728,1.1298650112003088,40.72327873762697,0.5542568708769977,42.263731255699724,23.482093939796478,34.06416921502519,15.39551687576502,11590.02067052374,1141.0873475510075,1654.520786541941,1321.4068449654346,33.09113511655162
109,125,0.0,-17.289747621117396,-0.8601183507897944,-1.4502747322255685,0.07879110315040347,,12.58600803418085,12.333788841031492,0.19743375200778246,12.13635508902371,0.0,21.454618143216,4.918632539982246,38.70831065059431,0.0,2024.6740830977706,256.49925583109746,324.68878550503496,223.54127228318126,49.29085825131531
110,720,61.87039866552576,-5.907450236763954,-3.073618378811185,-2.398972875128117,0.4315854409544231,,40.328585837967694,40.07463125931099,1.1250952742993832,38.94953598501161,0.0,42.12160189742642,19.66197454097663,38.06198177951906,17.90365482135005,11585.045080778495,1233.1534875540924,1779.7509300016618,1310.5699872862976,195.0129179861434
111,720,54.77551400230274,-4.439899803704282,-2.305490158299637,-1.7075084333246004,0.42360801718619123,0.7779920697212219,40.02850077487528,39.16674504522234,1.122956589795649,38.04378845542669,0.6305631110444665,42.26380044556063,25.062709168891498,37.52919719096216,26.599274442159327,11582.399999999927,1176.4628190421379,1747.107357455399,1311.5317840848697,40.74090756551819
112,70,0.0,-17.721293498366595,-0.5512765509749126,-0.8472293615628994,0.047404327026481126,,8.738618733827025,8.493169706780463,0.11147823370993137,8.381691473070532,0.0,14.008458055202603,1.79855871670241,31.907952473403306,0.0,1133.7156371332555,155.220936777771,195.50783237684627,139.11246086748935,30.93638361363841
113,720,40.305523764626564,-7.958256933902554,-3.813876449130237,-3.6921615646312365,0.4490814971440447,,40.87089648703113,40.62887634290382,1.1240763757377863,39.504799967166036,0.0,42.25478077628384,16.270061767453473,31.921581989348613,15.125111680801243,11592.743994429187,1335.4186878640687,1847.8582585305508,1247.3030837633114,53.31252516600267
114,74,0.0,-17.611833067270247,-0.4672384005303063,-0.922625371198406,0.04661570818768069,,9.550865001045167,9.287010029889643,0.11696525197476149,9.170044777914882,0.0,15.864140298934053,2.5694605498081025,31.980413454207984,0.0,1199.9366249656443,152.78926607920675,191.72028464405065,137.31655576381814,11.09411985435348
115,720,82.67977465925314,-4.080705558534659,-2.1342262050636447,-1.4820591235855394,0.4609760753412527,0.7295866012573242,42.32131464406848,41.45139470696449,1.1214280314743519,40.32996667549014,0.640350769739598,42.24446118404741,24.56911016370041,36.252527336354305,29.934918304819995,11582.399999999967,1260.5154184287014,1898.475497186754,1304.3732002361317,76.4061655472018
116,720,72.08496688380802,-7.282407721075801,-3.2193039971615236,-3.6141582602193223,0.4456602454174212,,38.68521540844813,38.45418682973832,1.129476915113628,37.32470991462469,0.0,42.262866322188195,19.6943856196361,34.340939873029086,11.515057468412405,11614.22099419772,1312.4089331794235,1841.0745777261789,1349.0115294266423,83.09757258130088
117,720,66.49266181121101,-6.952536158958259,-3.2704398943808286,-3.2221242487877153,0.45685365350854296,0.509115993976593,39.585316895041615,38.7619693139568,1.1311040092259645,37.63086530473083,0.5504558850079775,42.26372410531339,18.87074060872178,36.53380050146077,18.40350247422806,11587.24706945084,1327.520543336149,1880.9717293429312,1233.9594013996973,223.6276893086051
118,720,71.47247987060177,-5.6475404066967645,-3.164280567204314,-2.0633711055013837,0.41654186798467935,,39.9556788969785,39.702431509271264,1.1365625676698983,38.565868941601366,0.0,40.88255624131983,19.25908301290728,32.44975641751294,25.006012110796327,11582.399999999905,1179.2399555969394,1716.4361915111142,1312.3469016969937,83.87453219383971
119,720,51.433398487912655,-5.899242713772462,-3.2957842784562357,-2.200125965700754,0.4002051457653491,0.5928148031234741,42.99499613093212,42.197681731078774,1.1230531726032495,41.074628558475524,0.5470539140515029,42.054728949827876,18.921098019269174,37.71154088096903,26.52747934812488,11582.399999999901,1157.5387360144143,1654.458847618868,1327.0416344167993,124.24797232133206
120,95,0.0,-17.544179453025905,-0.777747414690337,-1.05897849553345,0.056993925480043846,,12.329077696893364,12.077975077088922,0.1517755724489689,11.926199504639953,0.0,9.623575015204844,1.7663676698925461,39.52370048053031,0.0,1537.0613443364798,185.1561016246089,235.09583553238176,184.3673291350107,30.9948220645966
121,720,75.7094067082803,-3.9769191413065554,-1.8876051583964188,-1.6283514830256716,0.4574522142479605,,35.72431039204821,35.52012986224145,1.1226937966421247,34.39743606559932,0.0,42.2608361029336,26.783860319424537,30.026119602784163,25.5337388192462,11582.399999999954,1249.0597369795146,1885.608446729782,1333.0931488167341,151.3127945573261
122,94,0.0,-17.647838914069165,-0.7001420819291642,-1.214142886295749,0.05792839012327768,,9.874726381152868,9.60996384639293,0.14829318411648273,9.461670662276447,0.0,15.776977969395704,5.474131711582363,30.297077830465106,0.0,1525.8040572148532,191.44075163005544,239.24327793094227,193.17689479432437,27.942589600961657
123,94,0.0,-17.243541242284106,-0.4155209164376775,-1.0903141448032123,0.062283536588202515,,11.880606417078525,11.70244794106111,0.14887198712676764,11.553575953934342,0.0,12.628863625850853,2.541748054122783,38.18878223658978,0.0,1522.5809327753732,202.2131347556734,256.5260359289563,174.62828214884325,65.6492483096073
124,78,0.0,-17.522634955978237,-0.4637063368772798,-0.9396371621616746,0.0439041684942831,,11.36159277940169,11.091838866937906,0.12403756566345692,10.967801301274449,0.0,8.198406332038495,1.2293117297559648,35.13692054220917,0.0,1264.120902471701,145.04109300628008,181.78879648078046,157.2735136676584,29.687990685030176
125,720,77.09749521209773,-5.018441765087609,-2.3433677695710973,-2.2325686746284656,0.4392486609081823,0.6829254031181335,39.80846316879615,38.84121997701004,1.123904104810208,37.71731587219983,0.7180477268993855,42.26323033435093,23.977846165827906,30.45348592174564,20.0955717904105,11583.125196776757,1228.639965916679,1812.7886959209957,1324.8855068344426,59.205294017060545
126,122,0.0,-17.38475539630103,-0.8386886359247766,-1.4927338176101648,0.07773139486219963,,10.968867258168757,10.719457430765033,0.19100328255444765,10.528454148210585,0.0,31.38384142061116,7.277806648501789,32.36155885765978,0.0,1976.0239512426285,253.3587572560098,320.3319224119506,217.79354676787764,21.796339799322894
127,720,70.58513080380749,-5.017601455720662,-2.586618335186656,-1.9642121557319039,0.4629345497319172,,39.195635786280036,38.95786653086543,1.125037932768464,37.83282859809697,0.0,42.25486143440524,23.105918077000652,32.82648409694109,19.826586100663274,11583.924898882498,1288.5295567906978,1909.6397359080488,1375.5210396427972,84.19962173645145
128,720,67.70733511196025,-6.313803862470744,-3.003138531706147,-2.8900655668535697,0.4173834781329477,0.39308202266693115,41.089384264778346,40.1973866019398,1.1241091112606227,39.073277490679175,0.6325075468048453,42.25956701022303,21.192682288159528,33.34065774319989,13.859612836929697,11594.886778728824,1200.8241222086988,1726.2400515916008,1389.9940243384556,31.38875549019466
129,720,79.75650723889409,-3.8710173793739813,-1.6883163488839912,-1.7243128756608483,0.45485566114233356,,43.34412615792826,43.07676589908078,1.128556877374649,41.948209021706134,0.0,42.12597701051005,27.62844722791577,38.814208877194886,19.45123213722308,11583.2933158819,1241.545115575682,1877.0996959936133,1386.0419785708245,108.05533773560029
130,99,0.0,-17.491107421331908,-0.5994093869991007,-1.2694709836493296,0.07165366184676895,,11.651209685020149,11.377072206698358,0.15633608913049102,11.220736117567867,0.0,27.76490062957564,5.180676066462069,33.687768569668215,0.0,1608.399031915956,233.27996657435506,294.46300723501366,181.45583207920322,77.26770076045358
131,720,76.87729601639346,-5.95584465089662,-2.382663517492497,-3.1041425224660526,0.46540123177140985,1.0574110746383667,45.668712242972106,44.75582160288468,1.1282615684904158,43.627560034394264,0.628075250890106,42.263770634671914,24.09425207861596,37.5432231858852,10.572413586651276,11611.520975161366,1326.4831158940483,1920.7193368356072,1354.9676614508628,83.4509533753029
132,720,48.06700288244864,-6.819193553139236,-3.2341677948202547,-3.108374340388988,0.47302411065491656,,43.57607075711712,43.28895450104028,1.1252915528602898,42.16366294817999,0.0,42.178551788372445,18.854890230313025,34.78602351623344,14.330311987502684,11596.484461432698,1363.957675860061,1947.2244526267675,1320.2548035811549,77.10168630990286
133,720,62.47630483609955,-6.190052607498561,-3.3634428757949335,-2.351448713405895,0.47137153442681295,0.42968887090682983,43.12633304530755,42.325868512969464,1.1273308536037803,41.198537659365684,0.5478874640539289,42.263906248909905,18.96858069776843,31.418757402436924,22.120239723039475,11582.765456106008,1354.4018545939164,1944.3463336884502,1364.0783083851309,63.82370966009514
134,103,0.0,-17.38017769825772,-0.6625699102778401,-1.2013232377165357,0.06586740986805945,,13.55029213288799,13.292404402047396,0.1645338460803032,13.127870555967093,0.0,20.489695296168428,3.484872021628755,38.46269569292425,0.0,1669.130699008844,213.77811477030522,271.1694602550676,167.8593945571311,68.45620985688298
135,104,0.0,-17.51727625258225,-0.7748645693367193,-1.2464595369277984,0.0704727571479996,,11.133289291989058,10.86976319598034,0.16345242271199822,10.706310773268342,0.0,21.406648485233497,5.172688991840794,34.5243854819894,0.0,1684.2511933185176,229.99250861245372,290.8309418423662,195.17425940501337,50.61742284765697
136,103,0.0,-17.461150000458225,-0.5991660933070931,-1.3424462649428333,0.06892062346323087,,12.370958155952394,12.086635117884725,0.16276094457134604,11.92387417331338,0.0,24.119606560073084,5.665148417709535,32.62472807743894,0.0,1673.8957818301196,225.0276990022477,283.50770513517733,213.9655550101239,69.83781172258433
137,88,0.0,-17.616061006209534,-0.6654218676820605,-1.064784105584907,0.06039530363326427,,10.503453130833805,10.240822894033045,0.13917833287268877,10.101644561160356,0.0,20.371072448833687,3.2753583529501484,34.352908240599696,0.0,1425.2228576180742,195.6860724994147,248.01404608140612,152.85600882199455,67.63955158119636
138,720,53.95907828834624,-5.657403862462477,-2.745477029912821,-2.4532087216474685,0.45528221546570713,,43.02798563288525,42.81065757712349,1.1256751967594028,41.68498238036409,0.0,42.26145159423418,20.168306981078896,32.88274058337709,26.120906193702815,11582.399999999916,1298.2126910079185,1877.4440798340515,1318.776918875229,39.952490630887624
139,154,0.0,-17.29978636401861,-1.0150699035387105,-2.021951845806809,0.08714023277899667,,14.329749173950404,14.089223163202405,0.24164853151887655,13.847574631683528,0.0,29.18013904615911,8.568632780244172,32.352755430603594,0.0,2502.6678454545786,289.7253014605916,359.8573406067428,287.89695606327587,39.57640057539244
140,720,63.01606712494093,-6.396214299423039,-2.9258886590870223,-2.996987654472367,0.4695990471835564,0.36131617426872253,43.579869071021676,42.58230680041015,1.123075621202588,41.45923117920756,0.729643695987761,42.26061026374606,21.43312902711386,35.23625184554578,15.993736242328058,11591.73950617289,1344.6486657105356,1933.764899446891,1300.0289804272668,47.96105461758231
141,97,0.0,-17.41531818177148,-0.6498389494022876,-1.0997752447984808,0.06516881031227029,,12.885484740138054,12.625003942288458,0.15490259556099772,12.47010134672746,0.0,17.973278761725034,2.6521119489590324,38.4550214034038,0.0,1568.5958402010751,211.77848345493805,268.7560114272195,175.7112906583454,32.070089730080895
142,90,0.0,-17.56793442853203,-0.6876534143811762,-1.0417678080489305,0.0629851021582644,,11.978050647769123,11.701060879044235,0.14154775580391288,11.559513123240322,0.0,16.924361761089262,2.360973253242781,36.706741770876256,0.0,1456.4124627507542,204.41983861668146,259.2082340147377,172.61033131357752,36.8921679980548
143,720,79.65282570113406,-5.681802681667584,-2.380837767842943,-2.827589194642741,0.46987141452017167,,39.98076482815668,39.74194864183664,1.1236256081610918,38.61832303367555,0.0,42.26350232253319,23.22932675917454,39.550566881234495,14.87454061343281,11593.452499794612,1331.3829315763394,1934.8264714401432,1336.5061345950487,81.13450456014624
144,720,53.60533345172189,-5.6755427589499865,-2.819852905997623,-2.375329678309897,0.47665474791329954,0.40913763642311096,39.42298552207649,38.54851983906701,1.1235709143802524,37.42494892468676,0.6341398851945996,42.26391559563511,21.653456436667835,35.74868930162036,15.252190698522213,11588.969205247837,1341.9102652990434,1962.646881968528,1302.5639386330224,75.83103389856232
145,720,74.04099368562245,-4.626062797720459,-2.296197157442001,-1.8616285558567909,0.4645600184076225,,36.320068907924,36.05799948889762,1.1237479173578322,34.93425157153979,0.0,42.26138004769832,24.11057830338705,33.588940537532544,20.770751694677827,11583.082023162238,1285.4573170838562,1915.5869360869253,1355.8243751325263,145.15487746865182
146,93,0.0,-17.582326593569473,-0.6741743162213893,-1.1503343414586369,0.05739592319041887,,9.278719250112772,9.0256286887452,0.1463470607995987,8.879281627945602,0.0,20.001399047068336,3.965570577618691,34.52496111512417,0.0,1509.3590064981975,188.61342952087992,236.53837232335255,170.59382086938103,2.1227179679492685
147,73,0.0,-17.600843172792707,-0.4458179439515192,-0.9107264796730794,0.04394185436585337,,9.024140771944076,8.76184756308794,0.11504460358992219,8.646802959498018,0.0,17.099003395475933,2.339227631625273,31.728863795037032,0.0,1183.6832991262804,142.93873614069216,180.38560922669657,123.9724056078876,17.043382356513696
148,720,78.88812826896104,-5.344412581828823,-2.518032354482436,-2.3704146033009192,0.45251475576358835,0.34344369173049927,44.53409234061837,43.64300265768543,1.1252347459085286,42.5177679117769,0.6360279340296984,42.25674870057428,23.455282536480833,37.11664645423078,17.00482288577428,11586.506777718869,1265.7870982313304,1866.3353561321328,1342.6518366308817,59.11125777391257
149,720,58.22293196216466,-8.02510070874883,-3.483261911067578,-4.120788924862189,0.41756651546127566,,42.557977641932666,42.29391607036814,1.1252257507294416,41.1686903196387,0.0,42.26103619848137,18.298238431428352,38.96731959427854,17.311656925955337,11587.540399595582,1246.0026983480504,1726.33171713074,1371.7498619249698,102.70000740072935
150,720,60.73308008232576,-7.734467162052006,-3.2919774090252627,-3.967726619041208,0.47116158726106416,0.2655887305736542,43.43130803713575,42.62317548785359,1.123389680404216,41.49978580744937,0.5485964906401932,42.26343308922025,20.165923353758455,35.10765684328976,10.404284308729588,11623.338532938324,1381.5954589259836,1942.017002806786,1337.6811422404169,161.17267296987336
151,720,55.361807825395545,-6.30425571363801,-3.255931736860753,-2.611004270999533,0.43379487029864716,,41.27142607886344,41.020865720231086,1.126014864537865,39.89485085569322,0.0,42.24452173575301,19.7873086639335,37.346340429270505,17.53207266370677,11586.371851832766,1239.2967846172828,1788.684568624884,1340.0293481303943,61.38452751575882
152,720,60.91407602486761,-7.4662190220507325,-3.4113326008757014,-3.5966352715896055,0.45469384554583864,0.44793879985809326,45.4800786441192,44.65917943697423,1.1258792602457106,43.53330017672852,0.5472400658763945,41.82966912498031,18.408442312429464,36.53252654795974,9.80441762235658,11620.231683437793,1333.7316899935113,1873.9097143351655,1335.1495499874236,165.0283611345915
153,720,52.61880723401412,-5.871080706664522,-3.1036763610036453,-2.2874796210183375,0.47591931259101794,,43.352870017290115,43.11663742689416,1.126741855405271,41.98989557148889,0.0,42.26343671439895,20.33812427162454,36.622869593923056,23.283433831803723,11582.432456526974,1339.8288223462444,1961.3116446808986,1381.5807206383702,52.9260023550484
154,720,57.60960041618538,-5.765649102300154,-3.129647978716139,-2.1667907032265066,0.4655636145447219,0.23276054859161377,48.182786726392806,47.36529300920665,1.125673707574606,46.23961930163205,0.5472331340424716,42.26376147843443,19.933567470546727,31.671330125653746,18.756645962454375,11585.50297208473,1316.6973138951819,1919.2418966797902,1340.253805598219,89.45420469545742
155,720,61.53349787493715,-4.689935838225437,-2.5693389052154987,-1.6635963586367775,0.45365149948268824,,41.81355420593172,41.57481136312708,1.1251871366985142,40.44962422642857,0.0,42.263415347719956,23.621328750272717,37.78535843532911,26.429306199442564,11582.39999999992,1255.2122960372549,1870.368309007742,1324.4736073105175,63.095556167391976
156,720,37.02350827678146,-6.653440156324993,-3.206930362788323,-2.990217902942168,0.4526303565578815,0.3412363827228546,42.8119135312736,42.000406506937,1.1337626334279776,40.86664387350902,0.5496492660604417,42.25988202800109,18.799536672041192,37.97838847739108,17.381592340352388,11586.124416666033,1309.5830413417375,1866.4294817721184,1362.1280071088747,147.7773772470232
157,720,67.17636356475413,-4.487842980200624,-2.44126352754224,-1.5631207253718744,0.4798977079215254,,39.42155666369945,39.1454394957982,1.131035900209099,38.0144035955891,0.0,42.2637322314188,23.813489094760087,37.534542817933854,26.124063604364387,11582.399999999912,1314.192509584725,1974.6861465206575,1273.8665963872058,32.500072322822525
158,720,70.81769844057504,-6.304266091414325,-2.7823761540515455,-3.0578818709922024,0.4605301850360978,0.3768647611141205,39.51814321707934,38.74069105414674,1.1229783026501536,37.61771275149658,0.5477123516611755,42.250095556830736,22.446546907091097,38.15272927571048,9.92561418972758,11618.149370778225,1307.831632782926,1899.2740871322744,1305.645075991996,23.107348379942067
159,104,0.0,-17.458025874628753,-0.6974234931656995,-1.264931680321976,0.07010906943900462,,14.608951017726213,14.30516669806093,0.16377094946801662,14.141395748592913,0.0,26.688093061511182,4.8666830783108725,34.90079110623741,0.0,1684.828615071191,231.5687160752086,290.0939506152921,202.9879157692055,48.35152096637162
160,157,0.0,-17.139502285193362,-1.0763588601832181,-1.8598091085252646,0.10247665009616971,,14.38185408897698,14.125723524950445,0.24577172566205263,13.879951799288392,0.0,30.02260720700128,7.54073881685677,37.50336226162086,0.0,2541.0415563139923,333.37346183854714,422.22857117060533,290.1028032861992,6.771027795295044
161,720,53.58506881173285,-6.5657076101210405,-3.1970637151245085,-2.9291601525723165,0.4364725739342593,,44.76792507106438,44.481922508683056,1.1248193327337503,43.357103175949305,0.0,42.26355719518577,19.84486497737706,35.25695180549137,9.88732548006508,11604.920965610163,1241.939468958998,1796.300738133909,1286.6684865366778,86.31511517156567
162,81,0.0,-17.745287480538092,-0.7344615357448233,-0.9528279587694295,0.05754232557898639,,8.33382686600089,8.037449690978974,0.12757935794070363,7.9098703330382705,0.0,5.637692466734275,1.6684338879043557,36.048439062385256,0.0,1311.538109564934,186.4553306283124,236.95299274171387,154.0139580239355,33.46762375184965
163,720,59.49788562180659,-5.049990441356554,-2.399671965160594,-2.1806249304106777,0.466104865146632,0.29804813861846924,41.561658459249884,40.64782462595031,1.1215354138985276,39.52628921205178,0.646560532040894,42.26364412518144,24.479083663485483,37.946299306314316,18.582284879135884,11585.727063800681,1292.9167933398583,1920.5335845095703,1317.0808754987527,96.37028679852389
164,91,0.0,-17.378432806065216,-0.5456730457969088,-1.03219958789226,0.050238981942813676,,9.91343010822311,9.659974350128323,0.14432209404185414,9.515652256086469,0.0,5.2521732805566055,1.7309322358868298,38.15016733244671,0.0,1472.385389286258,164.94989119957657,207.69464752281965,164.4253747141642,24.09482206682115
165,130,0.0,-17.261551876159235,-0.9260297132247394,-1.4737233750310517,0.0861434359279239,,12.15729548316449,11.934955483302474,0.20464812172576785,11.730307361576706,0.0,20.462064331669403,6.227713981247137,36.867555610092204,0.0,2103.2780847069125,279.71175015681064,354.7942473034509,245.25511548528738,50.45770599129224
166,84,0.0,-17.501325952095904,-0.5365726906003508,-0.9843211696659294,0.055038571857199355,,11.89840521896258,11.606639254838228,0.1327444277703762,11.473894827067852,0.0,5.682809167206745,1.3795817575271878,37.02988847649868,0.0,1360.5081934790264,179.40448166521472,226.8084219632806,153.77776758118418,12.056390370849318
167,720,80.25678905169883,-4.760094166599262,-2.5139814412423727,-1.7761883739080109,0.4664039756115972,,39.00279859593138,38.77279418613762,1.1258172406814992,37.64697694545612,0.0,42.21849825452351,23.1655139098987,38.050669055093366,28.540818246432544,11582.399999999958,1289.519783969903,1922.2209509994686,1293.8572657238078,133.20470660052277
168,720,64.17640539488121,-4.8759564709616185,-2.6744191399895145,-1.7307586507982908,0.467025829831814,0.4350266456604004,37.75050171324983,36.8693966800347,1.1255253311246634,35.743871348910034,0.6410785731859505,42.263048796882764,22.619880051792716,38.94866390215471,26.23725939654217,11582.39999999992,1297.3498258236702,1924.5902261162848,1355.2641156815635,27.140309201584508
169,720,59.21759736146082,-5.4289093148570124,-2.5247433909004524,-2.4415119896712656,0.45902035146035153,,44.11056624073535,43.819485469255596,1.1263995049521327,42.693085964303464,0.0,42.26386482145761,24.255972420110332,30.704246808702116,10.125464758967222,11604.103096875175,1274.90778322691,1890.551792198723,1364.4809858455667,46.17904414940441
170,720,52.01915901001384,-4.749186496597932,-2.879255178828921,-1.4552616008512416,0.4110806494640328,0.35836705565452576,47.39389868127182,46.56795836612582,1.130943332798779,45.43701503332704,0.5482923397794366,42.25919324343066,21.323496919703707,35.710015302516105,29.493378861990188,11582.399999999909,1135.5688526209628,1696.8655086822362,1367.13511199464,21.35129846346395
171,105,0.0,-17.382146917187967,-0.6595534994922043,-1.2613365133380792,0.06081407668507284,,11.118442287202924,10.883936438709497,0.166037084069103,10.717899354640394,0.0,16.31544669232277,3.826674900382577,37.03339432601657,0.0,1701.2408280365828,200.10735381374113,251.1195444320397,187.91795813795298,19.770764833453274
172,105,0.0,-17.513487190258356,-0.7554807842889992,-1.2847964356627544,0.07266432624447058,,10.138223061338067,9.889405972789973,0.1656021736562252,9.723803799133748,0.0,24.450384445781037,4.74578377833379,35.6762234805977,0.0,1702.494324411098,236.29175654297538,298.7232540072338,186.2467668669525,53.5015806728498
173,720,61.826662655837794,-6.077621678911659,-2.966161314445199,-2.6693032747953587,0.43871160631025435,,41.201090588234365,40.92258111713454,1.126675358042121,39.79590575909242,0.0,42.261174740921504,20.4003447071105,30.34354019043747,17.740782485548717,11588.063628039037,1256.4783437863882,1806.970754258342,1262.5699461543168,122.8480141139569
174,720,69.80675214691998,-6.945365987178592,-2.9582955840336718,-3.5054979995448834,0.477821252380626,0.19805581867694855,43.602951453998685,42.68788132071495,1.1250447714701295,41.56283654924482,0.6372676170431077,42.26272389110913,20.719594985369966,38.60074250767337,9.787718533977392,11617.092923618628,1380.7856246527201,1967.6436880114004,1322.8556849880326,88.44164424324056
175,134,0.0,-17.36680560538802,-0.8607564946546286,-1.7419364651339637,0.08844920071386449,,12.154767125844955,11.907542973291129,0.21073036640882492,11.696812606882304,0.0,33.121026713445985,8.229956229516723,31.950636675401988,0.0,2177.4580145269656,290.98793114788106,363.86394260065316,244.05540724904435,78.3401817990075
176,92,0.0,-17.633752200888697,-0.6409213475628176,-1.2138033206823926,0.05367793329271839,,9.881690341047943,9.646224264986813,0.1448216368444264,9.501402628142387,0.0,23.127414593436356,5.548805601048275,30.012409509413153,0.0,1496.08402316392,176.8594011656884,220.31618660722756,139.17982254002231,27.715059945004384
177,720,59.24964330035537,-5.114559280008792,-2.715625085778216,-1.919905108028663,0.4755450540498495,,40.08144797338173,39.84432512475178,1.1236048880964518,38.720720236655325,0.0,42.26351025235394,22.05808290872747,39.85122182208456,25.425318264651466,11582.39999999992,1324.9002476979397,1957.6930308292256,1268.9088056789474,180.9580801343598
178,720,64.42624060820023,-7.837440638268949,-3.314799341505326,-4.047118616882847,0.4720132025616105,0.27423423528671265,44.48266613483429,43.55243523279205,1.1252724193036556,42.427162813488394,0.6457950328476727,42.25131333937525,18.841733008835835,33.96449695418586,9.873068297792328,11624.754507129337,1382.9687797714073,1943.1422012235967,1298.3730062167892,331.423287156227
179,720,58.52968765039772,-5.511618528377792,-2.8014759761603067,-2.2315793023357537,0.4746914033388298,,40.446274222806096,40.199290786869824,1.123585513792932,39.07570527307689,0.0,42.2638163262695,21.67473170165841,35.25256957158264,17.867015185597037,11586.237653842061,1324.8481924410023,1955.352260563511,1367.2541348122443,181.70312187423295
180,105,0.0,-17.511728397030627,-0.7807073634065217,-1.2738352763607765,0.05675526947852613,,11.24244980700314,10.992988404352218,0.16466788854449987,10.828320515807718,0.0,16.48159571474603,4.293632625905818,35.73308207625388,0.0,1702.9337446488294,186.19801627225544,233.46144270077636,180.88531418491658,51.17216657668032
181,87,0.0,-17.459081665359914,-0.553239317337929,-1.0003738367312787,0.05503217588635951,,12.109988083131611,11.824722621124238,0.13658214220777154,11.688140478916466,0.0,16.43216103834745,1.5161361273692269,37.91763218025614,0.0,1408.2481347260007,178.87862185555318,226.5712332110635,160.9671979602838,69.54440375365576
182,104,0.0,-17.5486125933175,-0.8380197965939904,-1.2139352621776642,0.07103607685269929,,11.39103164197877,11.130909721367061,0.163279561791569,10.967630159575492,0.0,17.995656008145147,3.6357051455184095,38.478319224719485,0.0,1684.2933294412096,230.45076729943017,292.3023940085286,206.12821751198436,41.17900994300968
183,720,65.65586453836849,-5.948173571358304,-2.7360448060851965,-2.743450022140659,0.46525849803811925,0.19751909375190735,41.10743601201102,40.19811374368146,1.1220485735684633,39.076065170113,0.6386273391544819,42.263397068905306,22.568262067185852,36.79513939438568,11.95258593201935,11594.491280843355,1310.2758747660498,1915.0262765387308,1301.1341382380444,159.81582417996339
184,82,0.0,-17.52580568905625,-0.45456064735276197,-1.0451485268630796,0.05079405404921024,,8.382094455882907,8.143020924646407,0.13003919133916497,8.012981733307242,0.0,21.585980879479894,3.7971799381677935,32.16776692053153,0.0,1331.7373405140568,166.02820452465986,208.456428532617,132.5054651835423,65.33301589263505
185,69,0.0,-17.849960983104427,-0.6460717839024342,-0.8556383374797313,0.04783287638343736,,7.196434086188674,6.9644600143656135,0.10877670207992196,6.8556833122856915,0.0,5.996598444404914,0.9367630356192571,32.79351439784702,0.0,1118.88822098552,156.1721592385925,196.86193736530115,135.03803994053396,45.915779443684286
186,720,72.96805847409277,-5.521773480633884,-2.5325477861788044,-2.5334788392449337,0.45240330629477205,,38.66239643096924,38.41267443820834,1.12336968164891,37.28930475655943,0.0,42.25779807615136,23.604075886815135,34.9498845632609,18.483105790530484,11587.09961486529,1266.7067067790265,1862.785241061147,1308.7236788498342,149.76184387122828
187,62,0.0,-17.79845049257924,-0.49646611770314464,-0.7842004233593665,0.042456127782366446,,8.859623916912824,8.580377157311887,0.09816666832193732,8.48221048898995,0.0,8.321788783339416,1.4851938819778023,30.120988484504394,0.0,1005.3151599576888,138.46779308023144,174.4999761514642,109.89079297106306,14.418415392984144
188,72,0.0,-17.592027254480385,-0.4267279856927533,-0.8893344497055261,0.05058993134511597,,10.12336543481797,9.856213119346648,0.11407596478238702,9.742137154564261,0.0,9.768533977431623,1.97333064450494,32.422971283364404,0.0,1166.9939228473822,163.70230883059767,207.67395393264158,126.81740995002778,56.97915431764999
189,119,0.0,-17.42138694297088,-0.8717359988748226,-1.4155862741798972,0.08341214303558159,,11.618904043920338,11.364370883908123,0.18771943682804704,11.176651447080076,0.0,20.863399572233597,6.070247948306168,35.14160718035663,0.0,1928.036640196124,268.69229248862075,342.40159702281983,207.1863956617757,86.79213801287734
190,720,65.70052366020673,-5.085441669102086,-2.4618594190924576,-2.141051339671055,0.4788457681239277,0.1343756914138794,43.45492760324851,42.470288049895316,1.1268082102760673,41.34347983961925,0.7204625392332673,42.2629376435392,24.21033961519308,38.79363430961369,20.855898277146693,11583.684283787134,1331.9868981979307,1971.67463282373,1334.6516103003937,168.36594970846582
191,720,76.31962840842199,-5.336170064425202,-2.208934018046631,-2.653457257178824,0.47022198195029585,,41.219656195957214,40.96548291482031,1.135712802875787,39.829770111944526,0.0,42.26202122850091,25.310772960975267,30.725618642891522,9.916448595976641,11605.73641990966,1319.3723502933944,1939.019473924566,1326.1584566833644,176.81126205139003
192,83,0.0,-17.627913374108914,-0.5978919280865944,-1.0221620827436022,0.057498187005384865,,8.826282111927867,8.579823171719909,0.1320318696089089,8.447791302111,0.0,19.402424907784823,3.33892899892875,32.999286525637764,0.0,1344.6628918636743,186.9024509723657,236.19665456464816,133.90873925739712,70.95773321914356
193,720,75.51260553566686,-4.1762557092906745,-2.0597603918005154,-1.6420545589505857,0.47073113466108346,0.3843270540237427,38.89498831797391,38.10411085188389,1.1350599131546915,36.9690509387292,0.553013133816421,42.2568305710476,26.252044576646867,39.727635980940015,22.06431999242643,11582.635438613646,1281.9804842472822,1939.2565831349332,1361.223777336767,140.67851779664582
194,720,63.75359394026112,-5.282626273787724,-2.7025848009636166,-2.101626965793235,0.4749557581494359,,41.27297452604398,41.02998718107119,1.1262798653915524,39.90370731567964,0.0,42.262793669302,22.612335221412497,30.41766698346189,20.554327888891848,11583.359959917281,1323.5413595127961,1956.1910279869285,1285.0600257360961,205.79819296380342
195,720,72.33086473158046,-4.972781001525978,-2.331621146277611,-2.1733636621885357,0.4644364396571265,0.29956352710723877,41.74230545619503,40.927792760077864,1.124931326135993,39.80286143394187,0.5486131948418915,42.23587476140158,24.6332847982182,30.422538429908542,19.486800833260546,11584.132917426998,1287.365316672069,1913.8616366056792,1308.1116478843692,143.74159565719995
196,720,69.66621332527724,-6.468549628401064,-3.2015931647296405,-2.7985314108840473,0.4645443461900625,,41.71599022997543,41.457434511277825,1.1231902316212654,40.33424427965656,0.0,42.263856584543795,19.751494300327824,36.02857537156345,17.239402238441322,11586.408293614108,1339.4869005382914,1915.8589157117676,1368.4706513745564,196.23433140809223
197,720,68.09239795430896,-6.3867856834806265,-2.7836427052137784,-3.173152709070736,0.4263474743432342,0.22249779105186462,44.65595715632662,43.83194530569017,1.1197675997391343,42.712177705951035,0.5503820567391813,42.26394878620683,22.25751892000254,33.99864639186749,11.681662859203893,11604.91817209471,1226.7409620950145,1757.5544260793586,1308.7395332194435,242.77657458752367
198,720,78.83762129326726,-5.231326946317991,-2.6599086252978035,-2.12640895170077,0.44139902830367667,,41.23184261098504,40.9968276116997,1.1239852961152792,39.87284231558442,0.0,42.04966333936438,21.784501249059684,38.27156157539571,20.868894182349816,11583.39486340162,1245.8688914511304,1819.720751206082,1336.2692945519102,258.54810436743384
199,720,70.31084308431467,-4.696299635111841,-2.2154481485338238,-2.002566386537219,0.4747862458566187,0.1749235838651657,41.587879659142345,40.771666270215064,1.1241740207187831,39.64749224949628,0.5476436568424106,42.26351011674314,25.125651211966215,33.42682319221195,20.14580725176107,11583.484612823177,1310.2504675588912,1954.4837882094362,1265.539683027021,158.41939540763343
200,84,0.0,-17.48364329806428,-0.5035709519436457,-1.0026319273783426,0.05206197875599069,,12.256117820739746,11.967909216880798,0.13323603523895144,11.834673181641847,0.0,18.182260689918614,4.481238859825828,30.615016664295002,0.0,1359.4177728053792,172.15841704164305,215.54297053287624,170.4073106968613,52.35564429080804
201,720,63.674627035079844,-4.5739210608113385,-2.454782558852097,-1.6304464890617592,0.4850472219359442,,39.661413211841136,39.41925642825663,1.1226823786273599,38.29657404962927,0.0,42.26205582971141,24.445112547618464,36.06709014017417,25.063475176153716,11582.399999999927,1326.5083145362407,1995.3086964611823,1288.0301460264984,146.83084679899105
202,76,0.0,-17.585403597980328,-0.512737340072864,-0.9016586928528362,0.04566314489421297,,9.29562318790704,9.039948240853846,0.11992994183674455,8.920018299017102,0.0,6.1849068065799395,1.3073733004315702,34.10833231376394,0.0,1230.6281673860742,148.6009231099449,187.9755257333944,132.27940432485602,73.65129914535765
203,168,0.0,-17.250952027133376,-1.0624181015910983,-2.2448264466713352,0.117946602640224,,14.555067241657525,14.291093760170043,0.26370732905343175,14.02738643111661,0.0,30.374391517969112,9.098425992016187,35.0675379495746,0.0,2736.717934624272,384.74279958569525,483.2794213579612,258.74606020544724,184.94715261088533
204,720,67.83960929118128,-5.334907099631855,-2.4865159757437905,-2.3667594278078337,0.477992222825956,0.24327300488948822,39.78915166016668,38.893415588885546,1.1258626780472696,37.767552910838276,0.6487037227489054,42.26381013405637,23.06232866296552,32.3306955248165,18.06996560786627,11585.310352067427,1348.711098004065,1971.2841407348585,1346.6103928885968,175.54211060277933
205,92,0.0,-17.501314071737973,-0.6352144767557282,-1.0789372306560794,0.061763247605093385,,10.900816435925663,10.659982597921044,0.14533997420221567,10.514642623718828,0.0,9.092897725431472,2.8612619896908846,36.67784416100615,0.0,1489.4035800923361,198.6388408095648,253.06001280921117,135.65389719855415,105.91873323354262
206,720,80.59739342340751,-3.7803881906125474,-1.8026299913804957,-1.5141847472985475,0.4598815244637201,,38.92017331905663,38.6602559662424,1.1259160405024886,37.534339925739914,0.0,42.2633994451654,26.739535160002152,33.35568330296588,26.520697632682165,11582.399999999927,1252.371396631971,1897.0093858657776,1390.7746998446191,122.34477782998603
207,720,68.62581982466118,-5.749630067068135,-2.6780891868740655,-2.614150311978788,0.4537904610144526,0.10419151932001114,41.13129272731021,40.30544368317351,1.1240607644431293,39.18138291873038,0.5629308572970331,42.227582207085476,22.354451829773215,32.03600130305744,18.73376270386572,11585.260573447715,1276.4862167725232,1870.1953946581864,1354.197142218163,78.57616817321475
208,720,66.58740402730692,-6.725638377904085,-2.8238552689426846,-3.398847127520459,0.4991813122671768,,41.48165343562141,41.21730751590803,1.1231419700197875,40.094165545888245,0.0,42.263212051299014,21.27157836557457,33.89085680178223,10.554032324772608,11616.39513392914,1426.6904494231574,2050.7512609446185,1249.2576368482523,162.20644377170913
209,720,53.11667809619306,-6.375444122052301,-3.292403918904762,-2.5931259111163634,0.4861125587754055,0.11730166524648666,44.288241412024945,43.500505591742694,1.1246959920972586,42.375809599645436,0.5496922079473734,42.26363986930066,18.971695872112207,35.30816698625942,13.91732457852114,11589.760665491147,1382.146654249642,2001.46843607021,1343.0241502359818,130.39496120973075
210,71,0.0,-17.75380789014894,-0.5586616706358887,-0.9000447665576737,0.04478183680392533,,7.209857792593539,6.975568689871579,0.11217749258503318,6.863391197286546,0.0,4.680117755481519,1.3287480456830496,31.97342950889434,0.0,1152.3481952390925,148.01419061576922,185.15108947161482,131.47966382726634,46.80853518390097
211,720,75.04562304293665,-4.808936907845316,-2.2502350434460743,-2.075306278930676,0.4800402385366116,,40.82865900686011,40.56279483623803,1.1251454846933484,39.43764935154468,0.0,42.262201578631064,24.85942910907566,37.38551774832312,22.78672631923256,11582.51442761194,1320.3079356941646,1973.5210927938645,1244.009442263888,153.12602306020892
212,100,0.0,-17.470779426593065,-0.663721312076649,-1.2089481841056444,0.07252845697266491,,10.277222333941609,10.038056741002947,0.15742461755871773,9.88063212344423,0.0,24.375954500295975,3.7979399904096267,37.50886448022838,0.0,1622.4445083844628,236.81551020381073,299.4161455797955,191.7384960461266,103.47939702669534
213,150,0.0,-17.014325459474552,-0.7857858303522338,-1.8544194064065564,0.09842546462953583,,14.854560602921993,14.603441718965769,0.2356267124414444,14.367815006524324,0.0,29.57192361902984,6.786126576099996,39.57334172891902,0.0,2434.3990471140373,320.61207277165875,404.6998753940347,257.6028244236534,120.40979887953561
214,720,73.96639016167822,-4.467004775497918,-2.0820715669443257,-1.92417872116398,0.4573855754497583,0.225198894739151,40.205104402732104,39.30012995377183,1.126758751925081,38.17337120184675,0.6408896539360285,42.263767987520325,25.735011068635316,31.86531611832037,21.101701569688835,11583.474015542299,1258.0804485642286,1883.5430091230614,1299.5580960947652,64.51352766202456
215,75,0.0,-17.580426048568732,-0.4781103639307269,-0.9020647276413053,0.04985548224063632,,9.431990548968315,9.169593774247915,0.1187580144032836,9.050835759844631,0.0,3.9659914862399726,1.3072105876936908,34.35212642546432,0.0,1215.0255119981066,161.37990384084563,204.36975703181824,127.22339494611374,66.11002494298498
216,720,72.54778078491911,-5.646108352688129,-2.468352634329837,-2.7137485698582786,0.4605713812897014,,43.56045811995864,43.30890087923035,1.1232294351793826,42.18567144405097,0.0,42.25880148655769,23.911906022416588,31.55651729522848,18.491732001346122,11586.021033444744,1301.437913989685,1898.3802328601437,1319.898406423313,145.82711276141876
217,103,0.0,-17.45504924267046,-0.6783925497700685,-1.2557184921804816,0.07038107019898224,,11.732244612649083,11.46083411294967,0.16193151054903865,11.29890260240063,0.0,23.397670020984233,5.820666747094961,32.25633423231483,0.0,1668.593939018387,228.78273902771494,289.4225672379411,184.10756527367562,35.247448392804785
218,119,0.0,-17.52411390532994,-0.8907069898504052,-1.5021080918876955,0.0807079177149235,,13.9753951379098,13.708134633954614,0.18644214188680053,13.521692492067814,0.0,27.79225416104396,5.738298518860735,36.86209913079153,0.0,1934.005894776111,265.14016071354376,332.64758215630025,213.0512965614697,27.667101788921915
219,720,73.2484004138492,-4.260491523628108,-2.2105273965625862,-1.5736985224928688,0.47259096350611624,0.2694113552570343,39.51740062329918,38.637602095957845,1.1229067258536816,37.514695370104164,0.6401854706928134,42.263819692958464,24.995276582935745,39.5720971833124,26.67500386642153,11582.399999999949,1283.103953835817,1945.67907140712,1308.4896337889597,163.47197729933822
220,720,72.44158807884749,-5.467226244313619,-2.3306984919051477,-2.646386815162332,0.4863035994647596,,40.556274213362485,40.31179967476055,1.124869548715651,39.1869301260449,0.0,42.26370656708901,23.881519098609694,32.5547574359769,19.2489496113707,11585.510154088552,1364.6761083181154,2001.419648520776,1341.1501914666462,68.76313656901961
221,720,62.97802234958897,-5.286627155780074,-2.9132797866866174,-1.8916892391875888,0.47799157243707974,0.19769062101840973,43.10008839331567,42.2865973059088,1.125628646928817,41.16096865897998,0.5484244697727263,42.26383368722662,21.358422140385144,32.51625576278973,24.65648547811654,11582.401599691295,1329.110420427264,1968.5103367559745,1318.634613659951,117.07249114436736
222,720,69.19256551938744,-4.876164470091456,-2.6141215560564364,-1.8656552281428098,0.3928770274919472,,43.16417216695845,42.88788624107838,1.124630516860634,41.76325572421774,0.0,42.26348067318587,23.298116142030413,37.975950911391145,18.425441215863277,11585.099632712783,1094.1088265767214,1619.9380116982913,1330.308346389589,43.486057410554714
223,720,67.01137607334205,-6.556641692470123,-3.079228380465177,-3.0584451567951176,0.4151716287076486,0.07778509706258774,46.17915813717991,45.33912446303293,1.1353013045154512,44.20382315851748,0.5500210099853575,42.26351302257995,19.69393189843301,31.933527022755072,9.114208385226451,11607.701318624882,1193.8844787289015,1712.1950967659293,1389.1883664213228,177.74885785844492
224,720,77.50962404931711,-5.910873729267261,-2.953501499474357,-2.4857333147319323,0.46813323049350175,,39.088619912043214,38.85416269488633,1.1331310835666955,37.72103161131963,0.0,42.25782394084634,21.234547140948415,38.877275151083325,19.474879316108073,11584.706863115,1320.6491404782653,1927.8887168809936,1295.950425645253,269.7732968279234
225,720,65.5400786966029,-4.5834210935250335,-2.649513258784695,-1.4748777656378114,0.45535248937027395,0.17400623857975006,43.839408644940704,43.03283388633281,1.131977217271924,41.900856669060886,0.5490144290961325,42.261984629820795,22.407523308959846,37.23501536066187,31.885191849476378,11582.399999999923,1256.3864784557175,1875.0327213709047,1328.9857690048045,251.70457343623784
226,720,71.64920289354363,-4.7753941265827855,-2.1611117610635104,-2.189522189956285,0.4210337816179226,,40.40362068684772,40.134136599022895,1.1261099106632173,39.00802668835968,0.0,42.26370933667361,25.683894463079973,36.09175993883123,18.435511744086813,11587.060972377936,1179.346800445292,1739.3324116130577,1381.3132592310958,58.60144706917822
227,720,77.05060515301327,-5.740372167593535,-2.905666709637762,-2.36451272405543,0.4664537124117391,0.10965240746736526,41.30362703604624,40.4883373118937,1.1267974264919758,39.361539885401726,0.5472627207636833,42.08457703037127,20.587481065634904,36.52584296997601,26.439000458867778,11582.399999999943,1327.9844454617917,1922.4271795364157,1327.323080728823,168.81383965949107
228,70,0.0,-17.75912571219582,-0.5568517384783809,-0.881194730662728,0.0457359693862521,,8.533783809747547,8.279446714092046,0.11050827987492085,8.168938434217125,0.0,5.674618738891618,1.5553147262215148,31.84254590389502,0.0,1135.6548300917996,149.56453726682386,188.35198726846687,125.27892787183087,45.276392809848055
229,720,58.358336903720534,-4.781920754327451,-2.6653882071623,-1.616089349522951,0.4964939925779774,,41.125694575253874,40.85955017898232,1.1227412186563015,39.736808960326016,0.0,42.263730381425574,23.209802469252207,38.21037038105917,26.985601729086866,11582.39999999993,1363.0363002911226,2042.0854516508211,1323.3965301430717,101.09858649514675
230,94,0.0,-17.584189284190682,-0.6605750575481526,-1.1881912467974365,0.059972458529934894,,10.79065617499873,10.545527417212725,0.1478825812228024,10.397644835989922,0.0,19.815930707245116,5.5227637474878435,30.652282915477475,0.0,1523.8769901374005,197.70416483499292,247.4178534567433,159.4953198293341,16.51171722535953
231,720,70.67250297235348,-4.714164172464837,-2.1508193064085117,-2.108111407924701,0.4513591324177461,0.23194828629493713,40.12304898025468,39.23768317978829,1.1247701817192137,38.11291299806908,0.6345668779686093,42.262047496710906,25.310934827416467,31.263806844685178,22.323884044660534,11582.55848446396,1249.6972350498074,1858.9862559653939,1344.0159903097076,122.90751043424501
232,91,0.0,-17.380561520907438,-0.49695494010060104,-1.0659836704565575,0.06707273345566847,,10.932360407430679,10.67874842742458,0.14333503181114793,10.535413395613432,0.0,15.285543267824519,2.408897661095377,37.476899673867194,0.0,1474.1869458912124,215.5934389795244,275.7308544281594,164.726575422799,49.97781928260212
233,720,79.44306904467678,-3.7700818394060036,-1.9955008493446613,-1.33063319628407,0.44016123011992747,,39.445702670607716,39.228138191159815,1.1248869253322482,38.103251265827566,0.0,42.262461204339374,25.95605557136168,39.48942317779638,27.821359708442646,11582.399999999936,1196.1749813336905,1813.8380240119834,1327.4106107365708,35.02712064999694
234,129,0.0,-17.292621932424844,-0.8558006106910213,-1.5427672175792049,0.093258667927623,,12.630117869004607,12.376840487122536,0.20241611124947667,12.174424375873059,0.0,25.778375698277582,6.435776027160006,36.955719433588435,0.0,2091.7789171872064,302.7393777314766,383.6203030072486,243.38966647255523,33.821622702487275
235,85,0.0,-17.345638138609875,-0.41559928202267093,-0.9690509729834719,0.06047064059252757,,13.040291604120284,12.754325337242335,0.1341478368267417,12.620177500415593,0.0,9.264294770210343,1.228115993751097,38.10414736235225,0.0,1375.5480085960285,195.3858807501525,249.3174199228905,161.5362980902843,38.2467541159425
236,73,0.0,-17.773614120593237,-0.595378772575575,-0.9314928662574021,0.04636962799258353,,8.910799463279545,8.64423379022628,0.11528984224423766,8.528943947982043,0.0,16.798477309635942,2.6908380066467683,30.85931789493534,0.0,1184.4599663189576,152.67256507054427,191.09071228510754,134.6056307293367,19.949232518560123
237,720,76.49297040252247,-4.396648691159463,-2.082737409864124,-1.84013954951958,0.47002710412207843,0.06378570944070816,38.461285057943314,37.52455372409895,1.1248072255402803,36.39974649855867,0.7186980489641428,42.2159897993039,25.858388250908558,33.19412986236877,19.425626915419425,11583.459483663913,1302.1224138387004,1939.0719063775919,1399.201774121147,26.57682029440966
238,69,0.0,-17.720903959150778,-0.49858998215186173,-0.8783812042905946,0.04359458065955154,,6.827983054798096,6.591545524075627,0.10924839368090034,6.482297130394727,0.0,10.16135962754446,2.2526767238527157,30.568495171870573,0.0,1119.5044287938533,144.2161388873438,180.43388126705233,132.3241813204806,24.096791389312802
239,720,57.27047798715478,-6.918358862919095,-3.58803548523267,-2.842224787454919,0.4842713704132505,,43.08906790567562,42.826180662959814,1.1277194651775062,41.69846119778231,0.0,42.26346707019466,18.194361698987645,38.1685134413064,15.4249877985699,11588.185815156929,1397.6610736768619,1994.7830918647323,1320.7877475497885,76.27435129266948
240,720,79.89739871604678,-4.698684743997775,-2.2576414447730087,-1.9930235182733964,0.44416871683080367,0.10530585050582886,40.66069867229089,39.8574882671237,1.128405932802707,38.72908233432099,0.5594693007878959,42.25989194810699,24.318598070797165,34.25883816190793,22.456967091907266,11582.631577330385,1229.0966476042736,1830.9546201473481,1376.7345151280454,85.95935588442953
241,720,67.45954841488306,-6.297613382301922,-2.885131327322176,-2.915208297573475,0.49337868634778564,,39.836929546203464,39.59406556515023,1.1317410306073725,38.46232453454286,0.0,42.262276293816804,21.38227544327317,33.64367879553878,18.506011200065135,11586.081998171647,1394.7825868238847,2027.2211461362003,1285.2356461473123,95.91004177482013
242,75,0.0,-17.631617475103912,-0.5073756755267029,-0.9191597216085151,0.054639577290975974,,10.861313567962497,10.579667150974274,0.11865669302642345,10.46101045794785,0.0,9.308595797457095,2.3626799688993882,32.7739688323132,0.0,1215.3954361619762,176.27301793017645,224.07347055971493,137.0665178740218,34.32350830586046
243,720,59.43482592145296,-6.356485962177943,-3.010741736486554,-2.863952764585427,0.47809715440485895,0.11407207697629929,39.98320020921528,39.16831326065585,1.1318332720547915,38.03647998860106,0.5547044659033418,42.2411625369422,21.209459401231413,34.21158957097374,14.464452204348188,11591.802478829519,1369.5220598020496,1972.1446441899354,1320.0780165220117,166.55816201456233
244,720,74.18620836545537,-5.217959398386766,-2.3142670617881946,-2.416391106135543,0.4835876815398083,,40.65632420638576,40.3932941169478,1.1298648891970515,39.26342922775075,0.0,42.26359953912958,24.085116354774854,36.59971414116798,24.837438313927397,11582.400120474655,1360.091691065728,1993.392776200529,1333.6940454459575,34.16272557472664
245,720,64.84306982943149,-4.756307193505835,-2.641280200610492,-1.6418891413142762,0.46956937649040315,0.15375155210494995,39.990802836138755,39.18987118918449,1.1307360925711691,38.05913509661332,0.548999594990164,42.26318991964489,22.73613294555923,38.66005863097936,29.21882105861248,11582.399999999914,1291.3805303162405,1932.7205840186966,1314.898524033631,85.86400970789408
246,148,0.0,-17.194739922719897,-0.9503241586807936,-1.8167945377344914,0.1018412527103119,,14.148026851005852,13.898562955204397,0.23376462329179049,13.664798331912607,0.0,27.83735022144674,8.650264183216956,31.97842855277836,0.0,2396.417189827209,333.7789102663735,419.82700816164447,264.97178078987844,20.814675076352877
247,720,76.36109109493758,-6.828428824149056,-2.8376449100991303,-3.478454361974016,0.5080361357086783,,42.291668684221804,42.01736744213849,1.1291465731337667,40.888220869004726,0.0,42.263496303316636,22.000248975121234,30.5105913630771,13.15674499156178,11599.787217230874,1453.31617696149,2089.503865140402,1324.7529831415625,91.88363127654806
248,720,77.38163164085154,-4.526460247286793,-2.088308059912481,-1.9741167352866538,0.4607061101641324,0.05146346613764763,43.943836899939924,43.05145955597982,1.1297084530815482,41.92175110289827,0.6353651690296829,42.263544731412274,26.053871363553775,32.982598623833475,22.2922804616612,11582.622836980263,1266.5019521399884,1895.235936137521,1261.8139112153474,63.6711949899781
249,122,0.0,-17.405605504994806,-0.7243079734862805,-1.6258812595384127,0.07982176325286527,,10.746854797005653,10.511638645082712,0.19255989836528897,10.319078746717423,0.0,24.608211958983315,7.158826111017069,33.42413782844141,0.0,1987.4858499843863,263.7981890495358,328.65239536861134,220.3469047680627,34.799227204887146
250,720,68.5591633973947,-6.277106482948678,-3.0180758074237946,-2.7726908926082587,0.4826469688772819,,41.475593267939985,41.204730729106814,1.1280567944049835,40.07667393470183,0.0,42.12984111335172,20.372422232860227,33.50869074535971,18.750130299132127,11585.272609853497,1372.4154192720266,1985.7630120627814,1282.8762722635074,130.88385175048504
251,720,58.70567377430419,-5.602479570512191,-2.815666070485402,-2.2936819015665852,0.4893320664652954,0.10563082993030548,44.36899665091187,43.50829654419795,1.1288539245724678,42.37944261962548,0.6317066978663206,42.24279551297203,21.08087769979034,32.641376961699194,23.723582508281538,11582.439690521896,1374.0256718739192,2013.153588888131,1305.860179936234,155.8598968898362
252,720,62.01346626274008,-6.026328081094418,-3.0833563253688236,-2.467591485093339,0.47186131097577305,,47.923972074873745,47.66746726585552,1.1281710783950984,46.53929618746042,0.0,42.23396170299031,20.14646714676591,32.278347369310076,19.993719887033016,11583.568786953629,1339.5821484144049,1943.2871196387052,1302.2214822520189,141.42108115776605
253,83,0.0,-17.71484070442114,-0.6928984984198249,-1.015241054434097,0.05626652359131151,,11.292077164165676,11.022114838007838,0.1324505335651338,10.889664304442704,0.0,18.86917327541056,2.946030876376308,33.62681543484425,0.0,1344.2478686195607,182.77304210454238,231.27088883271787,142.0254384479145,65.66792225973056
254,720,85.29649700223189,-4.047775829364884,-1.712779473480011,-1.8596492663516502,0.4714240312143667,0.06829341500997543,35.99219362903386,35.18970268778503,1.1297897114418447,34.059912976343185,0.553567549213767,42.26344672853721,26.448635931722542,39.83113281417056,21.137549948273573,11583.022020146025,1293.9252013487812,1942.605606290863,1362.0033740057074,62.62308423954039
255,720,57.32290932071032,-4.921142593344502,-2.7228362162533872,-1.743749618940769,0.45044877630763147,,41.41665141656995,41.17103020334616,1.1293374453671277,40.041692757979035,0.0,42.26358492925211,22.6574853892974,34.222407809733554,21.330038594185254,11583.22122436403,1253.428275232471,1856.9008617816933,1335.494257060219,42.988974377544096
256,720,62.14385646028955,-4.9054637521149616,-2.7968263072049178,-1.6298859017868592,0.47499725350038124,0.04487539455294609,47.84652041597292,47.025824142154306,1.1290031904354692,45.89682095171884,0.5484676309861243,42.24628078219243,21.736851035157652,37.021287185428655,21.75040873332659,11582.670612989179,1302.137855849969,1954.7462621175812,1329.7088725465885,83.02611615489958
257,720,70.97092364919469,-6.217669979413045,-3.0730839651991344,-2.6587989144028037,0.48205338190074976,,41.27340090600774,40.99226181022823,1.1274173306301236,39.864844479598105,0.0,42.22959326794609,20.22237785506344,37.05967770453418,19.193418052762535,11585.798566920843,1368.1462588496472,1983.7374816825786,1278.0128175568395,58.815949767814175
258,720,59.14435068814815,-6.409095448815895,-2.5770916598621416,-3.3465626587896957,0.48163774047891866,0.051088690757751465,45.185557920951396,44.349640608765185,1.126019783783704,43.22362082498148,0.5492126662284136,42.263572664471106,22.522937696606437,36.456974719049626,10.92574456002828,11615.886513429905,1372.0970889087803,1982.2543533695255,1311.267017243583,100.86980164046109
259,720,63.311996437871024,-5.0456419649987545,-2.83067846991319,-1.737157309817411,0.4742684468208498,,40.89564246404916,40.64843278378248,1.1288651344366372,39.519567649345845,0.0,42.26195534825928,22.082317410042652,38.979215547871846,24.36475946175131,11582.401586741964,1310.2205323614123,1952.6512542142002,1281.9253278254482,94.63485270585927
260,720,75.95099602009093,-5.519760070512837,-2.7139787109175892,-2.3198837187699457,0.4819271066190197,0.22835153341293335,38.00002442905679,37.19569831714034,1.127501799724996,36.068196517415345,0.547920691780746,42.26314966718437,22.18976057815563,33.42557350993032,16.753644527455876,11588.221937896546,1348.8577683229237,1986.4552787582343,1342.2784785975916,38.1712827750018
261,83,0.0,-17.470138661631328,-0.4383078001647253,-1.0229657052923145,0.05838664870549434,,9.995391109958291,9.733350417111069,0.13166872831061482,9.601681688800454,0.0,19.512635754449953,2.7661761557604403,34.57693014659265,0.0,1346.0870703091223,191.08714583716198,240.73401627701983,161.047351944858,36.295632358765914
262,108,0.0,-17.429521433253353,-0.8452754704330443,-1.1850672279487577,0.07365953477947629,,12.479196549858898,12.204085981938988,0.17043304862454534,12.033652933314443,0.0,16.721922322213274,3.3828781860717534,39.74879524810342,0.0,1746.9444613978792,235.4570484983614,301.97924407907135,188.68649945813905,109.34644659343034
263,720,77.85809718100654,-6.111736088479384,-2.7870924218868804,-2.8627075256148347,0.4584826578672036,,39.91605731565505,39.631052476819605,1.1282655661925673,38.50278691062704,0.0,42.25689320647825,22.261786526884563,38.329983651439505,15.156088650301012,11593.25048457971,1307.486578328837,1889.3279561635063,1322.74698770906,142.71545816606456
264,720,63.057125255428815,-4.503158706359586,-2.2138951522714994,-1.8502333006652392,0.43504632821546085,0.13078086078166962,42.72524382499978,41.81830188818276,1.1275683143176138,40.690733573865145,0.6435995041392744,42.263841926357074,25.147670871034112,35.29122682211283,22.546887503150458,11582.645193412325,1199.7909869696625,1791.7515629805814,1333.8691638188923,12.558454347560971
265,720,57.43732649593035,-4.970781683536455,-2.7880132775929907,-1.748871238499688,0.4302117425793153,,44.69200644688681,44.44773405184969,1.1272823242470622,43.32045172760263,0.0,42.2477007165664,22.52948697683014,37.52477059436,27.483970061314096,11582.399999999943,1204.9999736523791,1774.2995152874703,1320.0163444771497,95.35607295214395
266,134,0.0,-17.245354941997086,-0.8661099261354087,-1.6128718174053929,0.09062809739543727,,13.907525841146708,13.64490264095366,0.21094554476439953,13.43395709618926,0.0,28.88436876669995,6.598222145989499,36.88974607422897,0.0,2170.316396964917,293.2754336889529,372.4771978474446,234.67666820836098,93.21745694601034
267,720,66.18026979985719,-4.412148568921693,-2.3478956503540283,-1.5921476629159788,0.4684281197685087,0.3349749743938446,41.850617703050375,40.97429940011352,1.1271448493935168,39.847154550720006,0.6321538682095706,42.26359451481912,24.28036914700781,33.71452222782921,22.68999204900562,11582.524882210037,1281.1738188606462,1932.683114418639,1337.1335975994314,221.03266024441578
268,720,55.51573831152326,-4.419698740983287,-2.5850606381373025,-1.3678608016685037,0.46319599994876554,,45.12528130598366,44.84037844184786,1.1262450809590518,43.71413336088881,0.0,42.25168144648269,22.627474994279332,36.46712542744492,26.708902789446455,11582.39999999989,1264.658344953754,1908.8265900794997,1288.7212594007053,136.10774393797436
269,720,79.37123641670244,-4.667330532934694,-1.9426167967292778,-2.2484312730575,0.47247719446072867,0.13813333213329315,41.17938395310193,40.38054513884708,1.1276203962042928,39.25292474264279,0.5491324542090297,42.260578222338296,26.641178044398767,36.69323706087113,16.943767026763734,11587.123032427571,1298.6576456455346,1945.107122228119,1316.8202143295368,117.9196842657327
270,720,67.1335165841182,-5.152299781712574,-2.725764350883538,-1.9532720840065112,0.46954359932834017,,40.891145133879036,40.64540790300816,1.1282685748301446,39.51713932817802,0.0,42.26345251317781,22.305028215523127,34.57586323520261,20.28380938584782,11583.287261123012,1305.7814488220167,1934.4076629332994,1311.6672870733364,62.24847367066748
271,720,48.60154394117315,-6.635665261833025,-3.2736001384425,-2.935422840019922,0.4232163039671132,0.01810290850698948,48.156760334037244,47.31466164300218,1.1266914899460971,46.187970153056085,0.5509087867103517,42.2626697195602,19.755727504943355,35.084476436194024,15.765212502006277,11591.064896440892,1219.8844140134781,1745.4393534586918,1336.2916126295984,57.731556594537466
272,720,74.02381137603393,-5.9221731881307615,-2.685965981602315,-2.7415224990832945,0.4908413897618517,,39.211456635035574,38.943063226062804,1.128007309511304,37.8150559165515,0.0,42.263788313526256,22.008089437207353,39.61459690226464,20.958152651787277,11583.008836329534,1388.3270793925685,2020.139685955822,1314.5151634579952,208.06525393390208
273,190,0.0,-16.64542146379436,-1.1596273479228993,-2.086330094265683,0.12341752236038737,,15.837606645654887,15.593308724928647,0.2990163122303784,15.294292412698269,0.0,21.807052255125527,8.893092404355215,36.86752160081277,0.0,3068.4503254790916,398.5533969409325,508.2706950504387,348.2512873955836,20.759831610528256
274,73,0.0,-17.401531344602116,-0.28326841901327166,-0.8766924055708939,0.04126908541659332,,9.76417486788705,9.508173768874258,0.11628756066784263,9.391886208206415,0.0,3.5677331835618142,1.427030601825631,33.029664647181036,0.0,1181.9173823933454,135.82428150866372,170.1015267756993,139.73814920628902,30.495143560656892
275,720,43.88831260641503,-6.811831920100979,-3.2991080273501727,-3.0367170151906078,0.47209617361512174,0.1426742523908615,43.783140318933874,42.90228517586365,1.1319200657308102,41.77036511013284,0.6384816211648285,42.26363822257087,18.998589705772797,37.61144615039126,22.10609223855767,11582.593042699493,1362.7048655198541,1943.9176875899313,1318.2793996428009,119.16132904872866
276,720,65.7689853205602,-4.283780182612631,-2.3928556306745024,-1.4104844410264512,0.4764867997917426,,40.049372502136976,39.811458052136004,1.129746817983687,38.68171123415232,0.0,42.26362955019272,23.947585828491892,38.676629457085255,27.599845893184323,11582.39999999993,1300.571845235807,1963.479004912113,1350.4575634763726,123.03620809532332
277,720,78.7931149304693,-5.7956659666064825,-2.2039280603444964,-3.1082667028211954,0.4796939980611481,0.03824174404144287,40.68375374702737,39.8781840573065,1.1318603716790676,38.74632368562743,0.5492351287975907,42.246737639441555,25.549550549700022,33.19069073686363,11.137341163518078,11610.201721863761,1351.8977495329889,1974.7958747039986,1328.0324456975884,83.95560553176746
278,105,0.0,-17.467544020247683,-0.6538496737016569,-1.3382228590877374,0.07482942381520888,,11.790589320007712,11.548013583756983,0.16621447633951902,11.381799107417464,0.0,23.60544838758643,5.5890080770529815,34.36331514275185,0.0,1706.0797903474574,245.06646456129417,308.4220727939283,199.9366699748896,62.86988247244106
279,81,0.0,-17.628149377904887,-0.5201803989844529,-1.055328079603553,0.05222191300688793,,9.20586626091972,8.951601046137512,0.12839144375175238,8.82320960238576,0.0,17.30722813363916,3.3846841871399427,30.85519993067639,0.0,1315.9320463626545,169.93035305319742,213.9149410721996,139.72229348697357,42.80543389915828
280,720,71.122639370526,-5.879101362622788,-2.8364984902038506,-2.5966765160958336,0.442123004517039,,39.96870960807428,39.71814046194777,1.1281493050046265,38.58999115694314,0.0,42.26391735520114,21.60882241722712,37.43292469699598,15.118647662623133,11588.056013203433,1240.8266945826708,1819.7206019135795,1318.190975890788,115.62182433104547
281,720,85.76223188818595,-4.99060153987251,-1.7031517623110928,-2.8134769467522105,0.47028395435490217,0.014208532869815826,36.394293561112136,35.491546026431024,1.1298912577331066,34.36165476869792,0.6359941158443689,42.263740044709806,26.81068704319436,34.437013671115466,12.544848582397371,11599.801691911507,1311.592247246998,1938.3122421392188,1316.4680309980786,50.22483602032596
282,77,0.0,-17.48613172163987,-0.42908339492405406,-0.9003358494298215,0.05627979410654505,,10.187665848992765,9.928581554442644,0.12229988723993301,9.806281667202711,0.0,11.376944087798943,1.3608700228351553,35.428412473175655,0.0,1245.981012910666,180.8221669312448,231.18173655792913,133.16935372508965,9.460652981370531
283,86,0.0,-17.650900987447056,-0.6883300592350046,-1.033899527149742,0.05326072834525497,,8.849344177171588,8.606903952080756,0.13584946608170867,8.471054485999048,0.0,16.844307887639214,3.3370569325059414,33.65588410929248,0.0,1393.3138571337852,173.84476222341843,219.47553483257553,162.5595375363307,42.12281457741778
284,720,72.97278251776385,-5.253221935904437,-2.466035776908332,-2.3093283235741264,0.47446518786886493,,40.38442250993103,40.153105948120356,1.1274420549161732,39.02566389320418,0.0,42.263206567649576,23.861827411310117,30.032489431173016,18.729788668167398,11584.042894493115,1326.7658754049776,1954.128588142159,1268.4422761235323,54.60407637391064
285,720,78.3465170053997,-5.001394460696489,-2.3958446118745313,-2.131243069448173,0.47072678450008426,-0.21447208523750305,35.738517846912146,34.870848037768155,1.1273075598292053,33.74354047793895,0.6332633728161454,42.26332330117294,23.56543427316493,36.50798338625844,24.915381574708025,11582.400013841718,1305.7686207163304,1936.9757006766047,1304.2695088270186,114.17578546155254
286,73,0.0,-17.7216692010086,-0.5511340237901061,-0.9215461050926458,0.048652977225775045,,10.55722121708095,10.278679289389402,0.11680745892226696,10.161871830467135,0.0,10.254380029145695,2.5898197802194045,31.06953797346747,0.0,1183.821244664921,158.57586775670546,200.0357372127477,125.83096445318465,47.50436577767246
287,720,77.37044343744155,-5.315772222703428,-2.6255459135598027,-2.196524371172844,0.48982802972693024,,38.02649039728567,37.786631513852626,1.1275065843947232,36.6591249294579,0.0,42.23578211091213,22.185958834699495,31.407481797874937,17.30240691962232,11586.668949877398,1358.3452904106039,2014.7878542454807,1324.4355861471195,22.988162380061897
288,67,0.0,-17.660777726927464,-0.4139207821153524,-0.8480520978002406,0.048474137622909294,,10.495267344173044,10.224637862294912,0.10632794536650181,10.11830991692841,0.0,6.545932049504789,1.435457201365705,31.251136110434548,0.0,1087.2446065820766,156.94073421584952,198.62426068960926,112.12647511336796,73.08792351892578
289,720,77.03746754176454,-4.696436993381553,-2.1936247115371277,-2.0357617943915436,0.46354626397208676,0.1821780949831009,37.04245585016906,36.170461289118975,1.1264926795847714,35.043968609534204,0.6321966387331486,42.26379773914092,25.209662908914076,39.53774266639562,25.47835101566808,11582.39999999994,1291.8748204286796,1909.2721917695173,1299.813612390063,44.32993268327708
290,134,0.0,-17.308278325356852,-0.8957451696117636,-1.643658832520782,0.09312244967073129,,13.707814832217991,13.435370786115527,0.21222994243726134,13.223140843678266,0.0,20.99290182807282,6.188364268870382,38.316179770286496,0.0,2174.669446797542,301.5734500607789,382.93666399812025,235.64390972874165,87.74440469740273
291,720,72.97065809173378,-5.523432934744338,-2.3795265517260384,-2.6604371673166867,0.4797603322426824,,39.36324575403705,39.10023436881602,1.1287864954210818,37.971447873394936,0.0,42.26376682396698,23.894926831848938,36.66063705968113,14.688740983237539,11592.481107975966,1344.9399353266447,1975.6761223292335,1299.43950742399,58.97888602339827
292,720,67.74788714852399,-4.902964989505686,-2.630493958347407,-1.780081031536223,0.4886016935288517,0.05756016820669174,44.45444398978725,43.55330448085442,1.1309565803967416,42.42234790045768,0.6311376863159239,42.2635088967506,22.846609661245925,39.54248355113133,25.5381412937548,11582.399999999914,1347.244389811689,2009.7686256393783,1275.7815484077116,47.03814598941337
293,720,73.845802464939,-6.712171186598353,-3.0743926539392374,-3.160406606164874,0.4736452603695917,,41.83999838726595,41.57926822593436,1.1288521992973983,40.45041602663696,0.0,42.164723169555515,19.915820187724975,36.36180835090303,19.288403961777014,11585.29065038236,1374.4022676889974,1951.4690638786856,1308.016220680243,148.71364736679436
294,720,72.41580640090875,-3.5789442052513385,-1.765134446545005,-1.3254802215790553,0.4843076685607654,-0.003907408099621534,35.86754370294511,35.101148198824376,1.1273855287581682,33.97376267006621,0.547852489631623,42.26383791444589,27.25752535413864,39.65122929048764,31.581616310872953,11582.399999999923,1316.583346575301,1994.8599393984182,1356.1518284501863,100.77956168679816
295,720,52.35953587096505,-4.936845533105309,-2.7958758409585656,-1.7065117988296532,0.4304404491690475,,39.76695715729147,39.52484764531255,1.1283372258767486,38.3965104194358,0.0,42.248656986237044,23.168127932382035,37.190985432052706,26.095837205393156,11582.399999999929,1193.5829220587907,1773.7526099265087,1364.3380541683423,181.57017388252513
296,87,0.0,-17.485730629215897,-0.5286705521389826,-1.044785677473091,0.06176856809606314,,11.073948281817138,10.801339376717806,0.1374969040043652,10.66384247271344,0.0,24.463254661534204,2.930565925516668,35.99583107248825,0.0,1410.881762514658,199.85531471215145,253.795445081618,163.1951114337997,61.94918417932707
297,720,59.53040572957692,-5.611597402481442,-2.922787094517553,-2.2586715514567905,0.4263510933448217,0.1331075131893158,45.683296408038586,44.851585450116545,1.1329086879268289,43.718676762189716,0.5637509878724813,42.26383039279152,20.83415286812279,36.11145956727052,21.164247792825535,11583.013423585622,1198.8249238223361,1757.8763351603313,1328.5847318381338,39.51747178899155
298,102,0.0,-17.5402858077248,-0.7684898221797146,-1.2237092422506128,0.0725072797309462,,10.88449189811945,10.635423894040287,0.16247248044237494,10.472951413597912,0.0,24.44260530483972,4.214189798904897,36.66539844653045,0.0,1653.997053266945,235.6628024581292,298.62418697089,187.98460584515055,49.3460819240758
299,720,55.15504380633466,-6.5336551186883485,-3.0072941323997715,-3.044109242718807,0.47847074319504046,,44.34002012619749,44.079519127029926,1.1317532137036324,42.94776591332629,0.0,42.24586740356048,21.05118874851913,31.168683656617386,12.43883716049599,11601.993816659575,1367.7593042595038,1969.462087680452,1279.701000985709,93.73447198517005
300,720,66.27598499522644,-3.6883063791420145,-1.9638706333549143,-1.2465432602531779,0.4742263914801609,-0.09634958952665329,40.75909364782274,39.87793343607336,1.1292849401943386,38.748648495879024,0.6311114300042391,42.26345744458437,26.077424004878488,34.923317017736835,31.71225290070788,11582.399999999934,1284.2500392367128,1952.3942649847172,1308.6550107228773,7.801299399232137
301,138,0.0,-17.315754436492902,-0.8993139809199494,-1.746037556055906,0.09465100097626825,,10.975771313998848,10.739451743196696,0.21784061146900058,10.521611131727695,0.0,31.490686567232544,6.819418199686848,37.355107091201155,0.0,2243.354439891374,310.7450139933918,390.92737108516116,264.31396325297067,64.99121447503545
302,720,55.935307198099906,-5.581825834893615,-2.7753566731048784,-2.3242264513065405,0.478446175863956,,43.26456658728421,43.019322575069964,1.1285676029510796,41.890754972118884,0.0,42.25953066243251,21.243410043922708,35.51389876839741,19.295675155515575,11584.343045812417,1342.2380755103445,1969.5711225659172,1338.4963437076135,134.81938387282307
303,720,47.0232341308886,-6.829514409300574,-3.463311479452122,-2.889142901406456,0.47332315135028724,0.05457764118909836,44.486494658049196,43.59304501861334,1.1304378039203584,42.46260721469298,0.6317245690152049,42.261895265054676,18.435186754858503,38.195017644425484,13.375134696743718,11593.511483529985,1361.0407052612559,1949.3788676995007,1339.3264926291554,109.43941483355877
304,720,75.94090682772003,-4.973579556556693,-2.4576452799977653,-2.0300366532335077,0.48217168185720577,,41.9863025941886,41.73402769071981,1.1296950718387961,40.60433261888102,0.0,41.89522166641262,23.27929705432518,32.99260423147178,23.718218602431033,11582.451495042786,1339.277494033996,1985.3632781463118,1280.9702213823973,100.50974376690418
305,720,78.98400505400815,-5.419443207027076,-2.3670480615798035,-2.5660328001342725,0.48264359771730947,0.15391796827316284,42.4755825153552,41.69136948697269,1.1320201307535172,40.55934935621917,0.5491140000522137,42.263620271990554,24.066187588138654,31.725565359464113,20.886597696780633,11583.381690161352,1353.2448400466367,1985.5396417543454,1270.9605520612624,93.65383319319098
306,720,78.25870711390283,-6.411774638893423,-3.1212275643531413,-2.802305900163055,0.48452032186300725,,39.685180151835084,39.42944787628949,1.1262018671259284,38.30324600916356,0.0,41.05858974911288,19.357895842058713,39.69903103950354,21.59285561926119,11583.125514226433,1395.81155123391,1994.6232789023145,1297.2641118281538,34.21771064882701
307,720,82.56123772117746,-5.269617130778895,-2.2125167373407217,-2.5697216165765826,0.48359699619269547,0.15376447141170502,41.32705285772681,40.5458859289065,1.1248918110504746,39.420994117856026,0.5518432343378663,42.26362816206998,25.621654601216303,36.204013484861655,9.867433098535255,11604.828436602922,1343.8219820373176,1991.4821815907048,1314.71530410225,49.36913717191493
308,720,72.79716487354524,-6.393364566422122,-2.7844738051791604,-3.114065589656783,0.49097132730138926,,42.64957718970254,42.37723338091746,1.128639032598585,41.248594348318875,0.0,42.25375425060805,22.130998822398087,30.06346002388231,14.515805246903682,11593.552873868264,1393.5967710351326,2018.3744287008383,1285.9203279700916,84.17822050378453
309,720,66.53517417420325,-6.777558110979618,-2.9794056586049344,-3.302650650824985,0.4915777486859935,0.20492984354496002,46.83648271020502,45.99288821872324,1.1250076931901276,44.86788052553311,0.5474605080671608,41.8743334316811,20.230237933721586,37.036998221804915,10.277842612266843,11609.811215805188,1411.025698163748,2022.2680594653152,1294.1322562531461,66.46315826996324
310,720,64.69611433275033,-5.751537954118523,-2.9827006340200937,-2.2932389856262185,0.4719565657522559,,43.557915597222745,43.29244441492483,1.1289423243142664,42.163502090610564,0.0,42.26288308257088,21.404110827960043,37.706730139796676,17.98626270749114,11586.089906007743,1321.2123443508615,1943.6647025766838,1316.7635608860755,98.80172872705793
311,720,58.38193136604166,-4.905305316684362,-2.5307821284213623,-1.8884125145677264,0.4823142019567111,-0.06784871220588684,43.92141134664416,43.109830780886114,1.1253716978244483,41.984459083061665,0.5486075533553958,42.263161243389185,23.013757162394736,37.50550176923307,22.506720925984634,11582.697975471863,1335.6264280990683,1987.789290657168,1334.5681314993335,188.22509415858894
312,151,0.0,-17.289578747040157,-0.8707477650328452,-2.076617137780375,0.0914868771645923,,14.797524222638458,14.533577139955014,0.2375303264707327,14.296046813484281,0.0,29.72235193468898,9.303898213866425,30.650641313065556,0.0,2461.2255042318843,305.1983501362426,377.5563974377681,283.94647948943015,52.47559404488186
313,720,83.7021200493869,-4.412714537160005,-1.7552929792276708,-2.175796676693989,0.4778104894667025,,42.56720020342618,42.32037597196177,1.1255998248234391,41.19477614713833,0.0,42.26349070136625,27.313846184077445,36.14225767804412,23.389346503987618,11582.474929399257,1327.5256151742833,1970.9237322674905,1363.9203146518869,135.86602604587097
314,720,61.08761879417561,-3.9719644675915675,-2.2195944124762486,-1.3366717581970988,0.4120088256255564,0.0528547428548336,42.28723907703534,41.383955345954746,1.1248561330139637,40.25909921294078,0.6353224138729274,42.2446195875623,24.91410915444107,37.30394172183523,30.46169686588768,11582.399999999938,1130.737545617056,1698.2373871641898,1297.7794367676138,87.6406555381412
315,720,65.65831422857954,-3.6292021506715475,-1.8745831413301082,-1.2632957426812157,0.4875078350123397,,38.078921999782324,37.83993466896936,1.1235286081209779,36.716406060848385,0.0,42.2635411785227,26.341883770557097,33.293382499000565,28.37035163071319,11582.399999999927,1318.8978215888842,2007.323578013828,1348.2262128910295,130.79754866622127
316,81,0.0,-17.29347501884626,-0.23642086385501546,-1.004311412832351,0.05233543130520537,,12.464542990084738,12.170625980943441,0.12808919791132212,12.04253678303212,0.0,11.94916548880514,2.145176891146846,34.04348393536229,0.0,1314.1988213472364,173.24960866689318,216.41040246559638,165.43707722519173,47.55309149538969
317,720,83.14056763578459,-4.436998979695789,-2.212143187020142,-1.7425996057248034,0.4784247619279165,-0.01406730804592371,37.20585011318326,36.40068773785606,1.1241221982054412,35.27656553965062,0.5591158210299909,42.23781517559254,24.283730676221708,35.10642048576398,27.523376178325538,11582.399999999945,1318.251078492277,1969.0915967012122,1324.2951886047708,87.37532685052764
318,720,39.510432650805555,-4.502127156231661,-2.4962328075283846,-1.5470056548024282,0.4548236430285129,,43.142170670907944,42.88180882669985,1.1294224876910448,41.75238633900881,0.0,42.26380043853099,23.574011148366047,39.1183669062174,35.228077301528096,11582.399999999889,1257.9121075473997,1872.992365384748,1327.9055360565603,31.673563365202348
319,720,71.7502609157821,-4.473519314512692,-2.266097728023475,-1.723094121111806,0.4806220318137388,0.02703314833343029,41.82479508826509,41.0078560821712,1.1293724477291107,39.87848363444209,0.548806045204401,42.26359501227153,24.942571072023757,36.295484469363096,23.202508133756826,11582.447652167215,1314.876063246835,1980.2575510474865,1302.4135806373758,144.23521400908191
320,720,77.43642081820845,-4.719538361133073,-1.8571617148997277,-2.3866513815154544,0.4719700995240881,,39.41609698906541,39.15572398202494,1.1260337829589844,38.02969019906595,0.0,42.263439538616744,26.775807404751564,35.1637544712527,11.796756165560696,11598.454498019084,1300.9105460599208,1942.1603153192575,1341.75052089194,153.38828890600584
321,720,72.13744558054037,-6.586658728112665,-2.7655940829107135,-3.333582036038382,0.4837741058897787,0.049582332372665405,43.490591989830136,42.64959373790771,1.1262757130898535,41.523318024817854,0.5490637002512813,42.26360864259773,21.09500047096814,36.276992458056526,11.658758867947212,11598.914864543282,1391.8934124372574,1990.9002862968423,1287.058985610789,200.15986288044007
322,720,74.57820231130883,-5.663133902191412,-2.5245981170574434,-2.627281722753992,0.5070622311521747,,43.84003501012921,43.567114249803126,1.1286771781742573,42.43843707162887,0.0,42.26366922562559,22.824016844492082,30.92024728141557,16.921342201823933,11587.858467744918,1420.5274963993531,2086.220020384342,1309.666545278999,133.83903299073447
323,720,79.02507116091184,-5.688054782803125,-2.490293276580398,-2.6941067784771966,0.49972047848905404,0.1935034543275833,42.40770823787898,41.61047505075112,1.127618701197207,40.48285634955391,0.5486256699077785,42.22331520981382,22.654404744838867,39.02309447613094,16.916084239937586,11589.692147404405,1404.5436684970828,2054.3032020864007,1284.8785884078347,229.5997383625748
324,720,78.81598485106738,-4.834294477254321,-2.1840533592449463,-2.175519575267386,0.47053656252056764,,41.67454753769562,41.43302061222494,1.1257055341266096,40.30731507809833,0.0,42.16834284041552,25.19803964860487,37.15316854736072,13.41176019393901,11591.564673232342,1300.8497791611674,1934.5030067583225,1326.6655107554316,75.10781505379056
325,90,0.0,-17.6678492418615,-0.7129888352136781,-1.1061830203177103,0.07302548557992007,,12.047851521987468,11.763953041750938,0.14195704786106944,11.621995993889868,0.0,17.560201577260496,4.046766522570493,34.03665944926687,0.0,1459.2711513740371,234.6925373799237,299.47950592849304,154.96043100388673,98.55775801488812
326,95,0.0,-17.619548732778473,-0.7733165793399689,-1.143069065199263,0.05258966356182617,,9.302544753998518,9.065846994984895,0.14959252253174782,8.916254472453147,0.0,22.737594319855763,3.3996824272778756,35.46822312153782,0.0,1539.2461243349555,174.11862739692438,218.15494525554794,198.2599529801222,20.56524670102117
327,720,80.00104622548346,-4.470176422586997,-1.8888734155089728,-2.094191272934266,0.48316541072667357,0.20719772577285767,44.70926109701395,43.79220591997728,1.1250863457098603,42.66711957426742,0.6451129522174597,42.258028031963384,26.90383021470056,39.65813264380879,13.787244540631297,11590.613267779632,1324.669665080746,1989.6818155432122,1396.1156627673877,111.08798466221926
328,720,69.62031991435555,-4.802531250671154,-2.0148212175839135,-2.301425669614837,0.48246172862079895,,46.76583474315703,46.49724905611947,1.1307254671119153,45.366523589007556,0.0,42.2635449993843,24.524692477970373,38.32066885352843,15.807044423217473,11589.254192346205,1340.2591373404055,1989.1954298383343,1343.5223834204942,247.64609119739615
329,720,64.70599821360769,-4.656865826543706,-2.476274849495203,-1.6887571192908926,0.4880611493068632,0.03622828423976898,45.98024152684957,45.18141967896372,1.1281532226130366,44.053266456350684,0.5492158350534737,42.25158144394113,24.10809995064771,36.57809101559487,21.54946906992126,11582.999152099128,1336.2462790321392,2008.6890843018402,1294.4804523337484,173.0888381466452
330,720,69.12804098021842,-5.656101580166666,-2.728605548817789,-2.4298521004980116,0.49381347284853166,,42.33915592683479,42.08169247210026,1.1290125027298927,40.952679969370365,0.0,42.263877417256914,23.032236502589978,35.07041911504756,16.7943578353754,11590.153470954214,1369.1979012562363,2030.8294420886098,1258.5644362092364,75.77955290824664
331,720,78.60135930577748,-4.1142608633718645,-1.7238525346706008,-1.9004569035640233,0.4859748438581341,0.09592046588659286,39.97827262990177,39.18525642482564,1.1284347181208432,38.056821706704795,0.5479961563833058,42.263732005726595,27.38990733269855,30.79193422867217,20.957703424925704,11582.890956645137,1330.4312673008,2000.6840148358547,1331.6079938727494,20.72504201916129
332,93,0.0,-17.46184468270248,-0.6636226728801696,-1.030704259648871,0.06704470714836612,,14.622643793001771,14.325977220200002,0.14749813498929143,14.17847908521071,0.0,11.966824117037794,2.2276405072552348,38.81877185589159,0.0,1503.8234542756181,214.36956558383096,274.72251521062145,145.5641155218025,97.9425082835126
333,720,73.10172479712989,-5.722232146115233,-2.4979723347171046,-2.7452768062260375,0.4752114676831116,,43.34831261821091,43.065610451158136,1.1259497967548668,41.93966065440327,0.0,42.263564563412004,23.9755508819031,34.47505253198491,15.224442362609722,11594.47884275481,1335.9829987014614,1958.6401536922936,1327.9126806318882,154.85614539855595
334,93,0.0,-17.50135741978429,-0.605819696044832,-1.1403959486033077,0.05471594188846029,,12.568313053809106,12.278291282709688,0.1472689751535654,12.131022307556123,0.0,11.511795213755981,3.597658440133783,34.11540657656261,0.0,1507.3820058281049,177.15517660141177,224.83637475563015,165.14963028007367,57.91811851699019
335,720,72.12371533789187,-5.320884103144539,-2.445783258331227,-2.3887321064773066,0.4826157330941063,0.05345857888460159,44.606713543180376,43.70811932627112,1.1269449959509075,42.58117433032021,0.6341587998904288,42.26347439092436,24.09355013566248,38.75743027235826,16.426630486905303,11586.744393829227,1337.1650926984655,1985.5366869779205,1284.7409991821307,108.57213777078948
336,720,81.80374468508133,-6.695034180505071,-2.1929386793240724,-4.03410702317751,0.464006450808562,,44.07591524301097,43.81731822527945,1.1276555857621133,42.68966263951734,0.0,42.263571824275466,24.594888155706403,39.546861208062964,9.6432629716434,11634.472969486476,1338.050228095848,1910.4854572739882,1342.6770452868582,125.1509698324669
337,139,0.0,-17.31551169712757,-0.9157812497524918,-1.7591920726354582,0.08973983549450719,,12.632087752688676,12.392848490271717,0.21826838003471494,12.174580110237002,0.0,19.805810832645154,7.440005134113981,34.89341235767368,0.0,2256.617111211892,295.4133980006299,370.1925692247771,277.97309149903833,55.44630575729523
338,720,73.98668597599287,-5.728476148092436,-2.4373769504433023,-2.8433576775184672,0.44341654847667894,0.2272094339132309,45.1007707552053,44.21173256309703,1.1273159477859735,43.084416615311056,0.6313714771531522,42.26345290730091,24.912047416842732,38.97174659377904,13.033615183548244,11593.59852560951,1239.4712887887495,1826.2127256048464,1411.1711226222033,32.710318180118556
339,103,0.0,-17.448489345599732,-0.6321235631236825,-1.2992534134710452,0.06660795774975353,,11.76627229200676,11.527153612114489,0.1630713609047234,11.364082251209766,0.0,18.89450411947232,6.325186262092888,31.08056905568991,0.0,1670.506398640853,217.84857231360255,273.90523700379185,190.66977663806557,74.28137237066598
340,720,81.70945865927386,-4.949956508635971,-2.0698747479605966,-2.377680256349384,0.49823004755029526,,42.864672733005136,42.63369349902496,1.1285645007155836,41.505128998309374,0.0,42.258528271902314,26.093216015981483,32.8432828388841,12.453821331392536,11594.917338619343,1376.4935660306137,2049.3821434291185,1341.5733970362721,145.535706923761
341,720,50.239793253593646,-4.37751086621816,-2.197580113543418,-1.7511111066653229,0.42484664922362,0.4893488883972168,40.0658290036954,39.459941456094384,1.1291256886906922,38.33081576740369,0.36390688084065914,42.26382117904825,25.798933076036665,36.5447039010434,24.529185561491577,11582.404446248134,1172.2293783557302,1751.090540452459,1348.5497999028266,95.86744247500998
342,720,83.97669700717968,-3.1954467451755972,-1.5065251573872318,-1.1915507253430684,0.49315453217390265,,40.977015199139714,40.72082371497527,1.1276311264373362,39.59319258853793,0.0,42.26345017078452,27.92160431508884,39.10907648473257,25.589448808366082,11582.399999999956,1322.595491290053,2030.7746515566553,1396.4530599985715,129.2316701725049
343,720,67.85319841337197,-3.9713668707360266,-1.8154999520740422,-1.6658326147641946,0.48622580405199345,0.06179321929812431,45.569634076207876,44.76191813219339,1.1263691149652004,43.635549017228186,0.5487268259748816,42.263839302488655,27.020659610113903,36.15429093231997,22.24210954242484,11582.829681754583,1321.2932607864268,2002.5312671815166,1302.4834357924517,140.99454655417983
344,720,69.4539623993619,-5.120950143197997,-2.1845343711777256,-2.431254839056848,0.5012360854413138,,42.38626206992194,42.12482118001208,1.1291364459320903,40.99568473407999,0.0,42.2525325868263,25.35700447043945,34.94627600372189,15.05194284256414,11590.69036151463,1384.2159401041927,2060.959926306279,1302.0011580235598,108.69969088369888
345,720,80.3173240922194,-3.808991495543704,-1.919204649784666,-1.3917507973217642,0.49411746884256375,0.040741074830293655,41.740629096049815,40.939829697832465,1.1282394919544458,39.81159020587802,0.5477862539701164,42.26355713148234,26.43022935839575,36.98068618137823,26.786384887361226,11582.399999999914,1330.1947703588226,2031.8881586756415,1290.0877065625018,164.87885755182964
346,720,65.88089301980993,-5.2857454232736965,-2.4803145149089634,-2.3282007226095716,0.473473291433413,,41.82140143215656,41.58533620880917,1.1311515104025602,40.45418469840661,0.0,42.254758702587836,23.458047699277582,35.335061762881324,18.19669006752345,11585.849922929716,1315.2851517703064,1948.9779285470338,1339.7055192868945,94.71394697293155
347,720,55.60946546106717,-6.229797141137596,-2.871202361796213,-2.9148437704422636,0.4398398662051082,0.061563640832901,40.17429362004623,39.37461237190291,1.1292364299297333,38.24537594197318,0.5494390740059316,42.26350350293044,21.982157802207418,32.96753153755638,17.503497781933916,11590.043499577612,1256.3310890088503,1809.304171070847,1335.8923517713533,110.51069414640124
348,720,88.38290285107963,-2.7298714378734803,-1.1641907128968039,-1.0518864879111245,0.5095910698757435,,36.55756968818605,36.31038253009319,1.1273185764439404,35.18306395364925,0.0,42.26024881619207,28.956061536028095,37.31314917863907,27.022214885097682,11582.399999999981,1348.6064944882921,2094.737830561249,1328.2063076372801,67.55269689712604
349,720,70.97876574587026,-3.802486067444594,-1.6546477017031396,-1.6616473805825234,0.4823259959972601,0.11301752924919128,40.117018771823496,39.3258768087253,1.1243769233115017,38.201499885413796,0.5479400418698788,42.261859813705975,28.496052213277572,31.692739894931304,22.03421906357309,11582.52557437993,1307.7076900883712,1986.6936080193454,1340.0545827495505,55.011705437298566
350,720,76.34395015167524,-3.91184934216459,-1.7816290651089357,-1.638733454096741,0.48762371301853097,,42.9760747528635,42.71777471899986,1.1268372312188148,41.59093748778105,0.0,42.26373517385158,27.382223904535092,34.73043714594083,24.127686251729894,11582.404836622127,1318.5999549546475,2006.8056674889488,1282.722791378169,175.03218112180318
351,720,68.07702442255346,-4.745634199577901,-2.1039654247018174,-2.1420684973796873,0.49571185962594044,-0.03320886194705963,45.86492225294933,45.0778957773,1.1271820492111146,43.950713728088886,0.5504117212258279,42.26295146265101,25.177766405012658,32.11384851556293,18.18309049508806,11587.235350304401,1364.937171855105,2039.0370801863785,1280.1318763171862,103.21539675684424
352,720,81.91564935293458,-4.064684170955659,-1.6910935446665571,-1.8823573481233182,0.48745999954415403,,41.37928454531357,41.1111866813153,1.1260302914306521,39.98515638988465,0.0,42.263666944383154,27.613369884639397,39.377567583227105,25.989685090144082,11582.399999999934,1327.1693097697153,2004.3647668413803,1277.0567416117108,112.40145405278051
353,64,0.0,-17.860886210785033,-0.5910335924745996,-0.8001805211504277,0.0442860078282399,,10.193653984926641,9.90202354406938,0.10116742830723524,9.800856115762144,0.0,4.677308304324849,0.4985167004599843,31.68192894207817,0.0,1037.7556011177212,145.01836911735145,182.35622588048335,120.62120378230159,28.752196072736606
354,720,75.92808577532007,-4.442440260945311,-1.8467123623232133,-2.0946279542358592,0.49699254663717585,0.03841012343764305,42.8143631471321,42.012584851589054,1.125662392936647,40.88692245865241,0.5541648329235613,42.26366397614416,26.43883920600333,31.511142111835326,19.182983134448236,11585.206050839493,1364.8519355565518,2044.3853050373373,1305.8514721904587,186.5395854876946
355,720,62.75256511405001,-5.135750701277513,-2.560586113696499,-2.077097341385914,0.49420195586074606,,42.29890972422436,42.05309039494023,1.1236000969074667,40.92949029803276,0.0,42.26362436858193,23.256050419180685,31.018910771209068,19.90203037609918,11584.112345098876,1363.433276600731,2030.5330793792552,1292.025854293957,127.59725056209253
356,720,66.60201740641986,-4.60980240752953,-2.2016369730535614,-1.9645867261239067,0.43959417497999326,0.09924020618200302,46.24756113672629,45.40066921338439,1.124192435760051,44.27647677762434,0.5477395658381283,42.25171163010125,25.343882212558416,30.58769573504306,14.271018957824033,11589.290660255014,1198.2672233145502,1809.6091134850578,1305.3947785892549,104.11264595547857
357,720,78.99673758379345,-4.712188572220062,-1.8864897563020135,-2.3285965459751043,0.4930619169561027,,37.671257324982435,37.42854622192681,1.1259423354640603,36.30260388646275,0.0,42.26346966938741,26.406236580699325,32.81310428985234,16.31734130685021,11591.14385125516,1363.4061016846601,2030.9683275059715,1349.954994666278,157.53530811497225
358,720,84.34095287900941,-3.6448459588535127,-1.514087568678555,-1.6365428324508937,0.49031621198391234,0.07279305905103683,35.98175661498681,35.16604841360822,1.123678873758763,34.04236953984946,0.5487275132909417,42.26383338056746,28.323324758108832,36.69732615345852,24.43759384998981,11582.401120158605,1323.9120485629528,2012.5567163822363,1223.934264722951,250.36811839626426
359,720,72.61327310839303,-4.241698166981134,-2.0985954639585946,-1.6393894724574098,0.49958703655618225,,43.209685747977346,42.93536793626845,1.123375321738422,41.81199261453003,0.0,42.263834647863,25.18039098125216,36.935338806579374,23.092774770252387,11582.48445478229,1367.337925338322,2056.3180846028117,1318.3154208533679,182.70309333598544
360,61,0.0,-17.600082864892993,-0.2939381060794254,-0.7626772795519126,0.043171717726720515,,7.139308357145637,6.894016359932721,0.09644596418365836,6.797570395749062,0.0,7.251705861713108,0.7602503065991605,30.878443596016673,0.0,988.6952587328776,139.47695172784836,176.88841001274625,101.41905509613208,63.73775043102029
361,720,72.57265230322206,-4.136101611202222,-1.8067149018106314,-1.8656714746954974,0.45996997023337843,0.12275553494691849,42.26657471479848,41.472138240002096,1.123242144472897,40.3488960955292,0.5600230982527137,42.26379000953421,27.715747916454674,31.11925437985363,19.74680288332213,11583.821758313015,1256.146769426664,1893.6175536796443,1297.0967522665462,92.52794500520865
362,720,78.74960057361265,-3.463030665080768,-1.5546159730960554,-1.4389261905446336,0.46529941517264234,,42.55749743105844,42.30775638483465,1.1283536283299327,41.179402756504714,0.0,42.263803905458644,28.859687756696843,36.443247044227256,21.718517138678017,11582.771870097959,1259.0475640097086,1918.4758468492794,1375.6704266095755,88.43950624495903
363,720,68.27064930123589,-4.554649438013376,-1.8715489369169231,-2.19093773525694,0.4882604863125576,-0.005664240103214979,48.63698586076498,47.77968286816031,1.126282555051148,46.65340031310916,0.5500979721546173,42.26372307615436,27.78330429472791,38.59020289380034,17.802109155222926,11586.580677547518,1348.399516768045,2009.648855074829,1338.9798022549942,17.99687768960343
364,720,82.63972158850979,-3.3888470116200575,-1.3911157746152292,-1.4788254118448663,0.5143354935448903,,39.6215128977783,39.36786481179297,1.1249685166403651,38.242896295152605,0.0,42.26263040835048,28.86906135398425,39.27274713635686,27.94417696928038,11582.399999999961,1378.4917868978828,2114.1368271633255,1321.9243212132724,137.15151338361167
365,152,0.0,-17.091280024107547,-0.9997841557100623,-1.7773716128465185,0.08816009217444053,,18.31911564618349,18.027183066122234,0.2385058687068522,17.78867719741538,0.0,33.31306241194666,7.58686471038639,35.83493648900634,0.0,2458.9177821520307,285.99390588510505,362.99584230811644,299.75273679170647,41.084770349017795
366,720,72.52416734908392,-4.248525534080137,-1.6009832247427465,-2.1387211296696256,0.5046302133071037,0.05926525220274925,45.46835944894701,44.56463926797733,1.1264317757450044,43.43820749223232,0.6329833758063614,42.26373295295242,28.365182986393467,30.292091554865674,18.537543251199295,11587.01337209494,1379.4905557938437,2075.037095267078,1325.2735995723044,58.4986896470007
367,720,78.38739102827907,-2.5169555222891633,-0.8764371806508744,-1.1507610507039332,0.4857980500334945,,39.045114846900105,38.79312432324514,1.121343297418207,37.67178102582693,0.0,42.26357026459572,31.999361903272423,35.69439479689392,26.45908671725324,11582.399999999949,1291.4589775615518,1999.8886649772428,1342.6995399959158,45.248646776993574
368,720,70.58138095868536,-2.646548695856381,-1.1816390607773748,-0.9654458841779275,0.49531387659215875,0.17715653777122498,40.97526010591537,40.18827864062041,1.1254858039319515,39.06279283668846,0.5474498420953751,42.26383713991269,30.460647269027568,31.157954399125416,29.00572205512329,11582.399999999945,1307.584082597755,2037.324277037752,1294.6862442213348,67.270829900367
369,720,69.2302790059414,-5.369473408002952,-2.6182923754193763,-2.226816012480187,0.5200513622267566,,41.75963818607852,41.52266936004162,1.1253434903919697,40.39732586964965,0.0,42.260903799465964,22.810399065611662,34.43079836605337,21.659171026136104,11582.824987114584,1444.50765030616,2137.397300636006,1292.5037085331082,125.0993808319632
370,720,56.27922358686581,-6.934109349667298,-3.422186338698428,-3.079034227025464,0.4288731305098525,0.038019679486751556,44.653665497899055,43.828502758871764,1.1268197889439762,42.70168296992779,0.548120828345418,40.86971047422125,17.623015274527027,39.3866191832746,15.976773775550576,11590.418612457766,1245.8582640628645,1767.0629994909507,1334.654738302311,174.39613427339205
371,720,78.7636875049909,-3.095545084896466,-1.1518496875046897,-1.4806129795813585,0.4588950944992628,,36.328064730390906,36.09258069982752,1.1253305114805698,34.96725018834695,0.0,42.263468277609576,30.943779473288547,31.98292414171696,25.23430047742404,11582.399999999987,1235.5604111202629,1888.2692527756494,1353.655173566161,67.42361772631398
372,720,70.49695277437459,-4.193676358484914,-2.1435985155417234,-1.5683692730708516,0.47797377498256566,0.016745751723647118,43.33544891187921,42.52477955399081,1.127489797770977,41.397289756219834,0.5506141511723399,42.2635114017652,25.443897476195602,38.41578001281245,24.5362132374744,11582.402359582005,1300.836035593993,1970.5003531103234,1341.8743792181012,78.94502272626303
373,720,69.47957963123179,-5.073333840699243,-2.2165940439179033,-2.36141383149719,0.49136732916427694,,40.56048503611237,40.31423283414915,1.1275008586235344,39.18673197552562,0.0,42.24125653311443,25.246967990478847,30.454737901227986,19.072241917009887,11586.514429355126,1364.1656434764227,2021.9247973341273,1320.2972316205514,218.64175108979856
374,720,74.89169275746652,-5.5086167790991984,-2.578858189175512,-2.4022512677781287,0.5231343284484398,0.00906671304255724,42.21175862895325,41.37565168412402,1.127122559119016,40.24852912500501,0.5485754599794745,42.262709414626926,22.889976539811666,36.689081782627575,16.01503417847969,11590.725347562655,1444.4538348967606,2147.7499100959544,1273.2358209877307,138.80946483461338
375,720,75.37613727885034,-3.962912897421982,-1.8993040242877441,-1.5436338760961414,0.5157311454647365,,41.98614860791713,41.747713786084205,1.1271170168183744,40.62059676926583,0.0,42.18186230582563,26.803962756551385,39.743202804808604,27.699636174706864,11582.39999999995,1385.793603244595,2118.674789681927,1261.821295904805,92.49648366732372
376,110,0.0,-17.27662123784381,-0.6037275811338977,-1.340120912534946,0.05727128569239109,,11.854178993031383,11.592019053641707,0.17278696922585368,11.419232084415853,0.0,13.755192142733607,6.136160707701346,31.66634649529862,0.0,1780.13263445697,187.13297538207277,235.8976478534144,200.44091882213795,21.02105025143629
377,720,72.0629328101698,-3.9592050330857558,-1.5447671129673655,-1.8989088598814245,0.511006524123482,0.13791431486606598,43.28201429871842,42.392581216059625,1.1249149907380342,41.26766622532159,0.6315570590086281,42.263070567861696,28.319630761878166,35.43919876114181,19.289997483653103,11584.26840628368,1390.9600207980188,2103.048806463862,1343.087708531851,146.83262172083292
378,720,69.18519684377252,-3.9030986829858088,-1.9067197541719463,-1.4805951526672083,0.511618272082543,,42.11950092809275,41.859166861046106,1.1296538542956114,40.729513006750494,0.0,42.26373097789003,26.430636832126098,31.858643882779493,26.48536350216305,11582.399999999949,1383.7801189865845,2106.8439197843886,1325.4143648725933,169.91156211110646
379,720,80.67892304365091,-3.2014270697770173,-1.2485677527549632,-1.4350557192351165,0.5134282843764836,-0.10751879215240479,40.363749981857836,39.58303505182266,1.1254847827367485,38.457550269085914,0.5488229668699205,42.26337807774487,30.17385426603458,34.57155099631218,20.830750307350776,11583.18432319756,1372.063463420761,2110.8069293402355,1352.0515104615656,55.466593524976865
380,720,74.34116072151652,-3.021842627872408,-1.4921021784544275,-1.036832636674629,0.4889115283670618,,42.55482059996575,42.29935359489173,1.125243078917265,41.17411051597446,0.0,42.26382757395129,28.614017032720216,39.93929900207766,30.101895127981177,11582.399999999934,1297.7370142105922,2011.594991569845,1302.6968054350398,96.64622439615273
381,720,71.76622301757972,-5.310446330387919,-2.47099667183007,-2.331279492754856,0.5038837784335841,0.008674114011228085,42.84584871586412,42.05322340782732,1.1232367772608995,40.92998663056642,0.5476527740247548,42.2638056005017,24.35095018035737,33.426812989216145,20.704115660991672,11584.25951205922,1405.003882030014,2072.4423011026142,1338.9223250686462,106.62005229146729
382,79,0.0,-17.600128159003415,-0.5127803970754305,-0.9857798120793388,0.05120283686375247,,10.55891199177131,10.307423739228398,0.12563480203971267,10.181788937188685,0.0,20.030218098744232,2.9168043773945262,32.69010734643932,0.0,1281.6393045820291,168.39402222833095,211.11196076080375,149.07411253402995,20.816789771290424
383,720,77.87427639909723,-3.8167420410015214,-1.7235623616733315,-1.575637576051434,0.5131708351849467,,40.853703916072845,40.6031072800979,1.1297409986145794,39.47336628148332,0.0,42.25926788740473,26.51167525526532,39.34312798263539,23.400593048110256,11582.449082773981,1384.353555792534,2108.85698489441,1315.1433913533658,124.75802037280252
384,85,0.0,-17.521921596987585,-0.6004089301308129,-0.9738708449065593,0.047307437384893986,,8.891288752201945,8.666567360050976,0.13470999989658594,8.53185736015439,0.0,7.53167353014839,1.150655739830258,37.15124202097336,0.0,1375.7986771106282,154.57041788832342,195.27470094489985,160.88190382305672,30.24732831518517
385,720,82.3866990976443,-3.6416139182059046,-1.7688004209665358,-1.3617323589187404,0.5067008751332389,0.08309590071439743,46.308836868964136,45.36269771400839,1.1309186769649386,44.23177903704345,0.6403749915771186,42.26387012562389,26.81350755643585,39.71400947349171,30.202095503628062,11582.399999999967,1361.8977286424754,2084.266149872572,1370.7033711460529,191.18500570044262
386,720,74.10088725336476,-4.1669848533500495,-1.7840296819857981,-1.8894184622907926,0.4893826548250952,,41.71779511682689,41.46645920583978,1.1290347166359425,40.33742448920384,0.0,42.26351613175013,26.624683281423607,34.620418138866576,19.071214791367844,11584.809097600712,1337.745767736242,2015.1372914024812,1362.9663016575025,71.67226308676986
387,720,86.96879056210115,-3.6707567732978266,-1.0247793713430164,-2.1679321666315,0.47407256877480175,-0.024383220821619034,44.926598456688225,44.1166835622862,1.1287628379650414,42.98792072432116,0.548154731746763,42.260103719516046,30.761704849317578,30.831145438679474,11.969060088839731,11600.450275003546,1295.1408176274854,1951.2318341294183,1338.589155345233,107.96657911231249
388,720,50.71769557895989,-4.37443161024121,-2.3859284333460966,-1.506723693874018,0.47767919106608625,,38.584290413185954,38.35749950213358,1.1255418919026852,37.23195761023089,0.0,42.26202256952072,22.74836413374394,39.78687343853073,33.838367785378956,11582.399999999914,1319.9498680172808,1964.6659018207758,1326.7257428644964,194.70185556402902
389,720,82.53759953697934,-4.007192836621131,-1.7816205363416708,-1.7108971336816288,0.5105350603593666,0.03292437270283699,41.58352115517482,40.78807455487549,1.126380861736834,39.66169369313866,0.5479857539758086,42.26354232051421,26.936328895070194,36.518906766326545,24.69592174244641,11582.400583977906,1379.4783725922964,2098.3561502871057,1302.3595240862267,231.24652024918515
390,720,81.16940106932725,-3.867493827718055,-1.4073478440452518,-1.9980208654408818,0.45808646371050593,,43.60904016671702,43.32385067502037,1.1363015989772975,42.18754907604307,0.0,42.26390750796867,29.04085537696083,30.032613764407706,22.17356545600697,11582.78840686005,1265.9880844389063,1887.2890358351137,1342.2095359589543,94.18358763271216
391,720,77.96396569629837,-3.7836272333428793,-1.8848013424795516,-1.4529347343249126,0.442005656602513,-0.11778749525547028,42.320978094358,41.52389246085659,1.1367868981324136,40.38710556272417,0.552520208992064,42.22559538242816,26.595185765426223,32.095394629197536,20.5653974733348,11583.214480208637,1204.2649863523077,1822.3637384672159,1355.6393316891122,72.52382627103604
392,137,0.0,-17.130603943318423,-0.6842784802364215,-1.7676353554408148,0.07796528559773777,,13.663448384962976,13.398082571104169,0.21813139831647277,13.179951172787696,0.0,17.25651984410104,7.132493323038015,34.13068296437697,0.0,2224.5243226344724,253.25670633229126,319.21517212028164,227.11547306076312,92.29125642472843
393,720,72.78970475831561,-4.257802296195301,-2.135305162135444,-1.6843209296044859,0.43424834952764696,,41.97479978296906,41.720725974068046,1.1367231737822294,40.584002800285816,0.0,42.26176424275502,25.155593318657402,36.963829942458915,24.416692264712097,11582.402332356027,1197.6839963994073,1785.957396582816,1276.5248072619545,191.36123077412944
394,720,81.09725837968506,-2.8668504806099846,-1.2734648843569845,-1.1206405865334712,0.469092021953795,0.023910365998744965,42.349062888883054,41.47357615781948,1.1378564396873116,40.33571971813217,0.6323851873166859,42.2638856051913,29.141348108624157,33.160739870585616,30.229188336122053,11582.399999999954,1259.3220458633575,1931.5240112786084,1303.9959032660609,158.53133366097586
395,720,83.4350359130315,-4.272224135843615,-2.0758828027346055,-1.7105568043582595,0.481498299456368,,40.71240150509402,40.40284167183563,1.1364544345997274,39.266387237235904,0.0,42.26373354057126,25.12994508449478,34.79381806265683,25.355470653749375,11582.399999999947,1319.5257833768017,1981.3807578082015,1339.8298180748934,120.95290364355496
396,61,0.0,-17.67553334702347,-0.371801605913977,-0.774429745741976,0.028909509740180257,,7.8291208036243916,7.577215589117259,0.09747602557763457,7.479739563539624,0.0,0.7060895599843654,0.21268187378979975,30.161453717314714,0.0,989.345274506917,95.99071132533435,119.55821481375017,123.4565061627543,13.59178265085774
397,720,68.89044119880276,-3.8769190943911576,-2.1453037595442614,-1.2413216017397624,0.4859344889462433,0.04979962110519409,42.726719522383064,41.906801882665604,1.1394867007620633,40.76731518190354,0.5616936176083982,42.26378639146987,25.354121874012673,39.42106141804365,31.61798660272449,11582.399999999938,1307.121703694594,1996.3888351441485,1310.2174981366516,229.34005864753948
398,720,65.32592776091613,-5.474641224407296,-2.7296601195067467,-2.25925604314693,0.48164030589104384,,41.71343527780846,41.464035890996456,1.1396621125750244,40.32437377842143,0.0,42.239627898821,22.812361683821443,34.260285629997526,20.071624590285026,11584.307003123435,1349.8003577245831,1977.946030025338,1253.312768817265,196.44424503564105
399,720,69.13109200233632,-4.292479033005237,-1.9468691853586226,-1.8589297382384762,0.4822922189718824,-0.0590234138071537,44.13906893506646,43.34899588301778,1.138838845770806,42.21015703724697,0.5512907458469272,42.263499098759674,26.577888300838705,38.454274873093446,21.94181761889734,11583.210442207219,1320.5421103873075,1982.984379811218,1339.9724409547528,246.05154526141445
400,720,78.34640418892269,-3.0301368785273928,-1.5631686800386735,-0.9655968713949123,0.4972188793031806,,40.160891176667064,39.889093494042754,1.1371786366216838,38.75191485742107,0.0,42.26333473993402,27.6281129262515,37.81693709307813,35.813151032369355,11582.399999999952,1319.4423645009726,2046.2430933783403,1296.8531771987994,222.39966062858034
401,105,0.0,-17.266966852770153,-0.5093652254350577,-1.2800765176348272,0.07689707956539568,,12.32138680992648,12.035180650651455,0.16672661900520325,11.868454031646252,0.0,18.315544483835357,4.657089510726562,36.663290808670325,0.0,1702.482655184317,247.40568723236834,315.26556364805015,182.90372480466974,97.06715070519667
402,720,57.71873132983071,-4.446205050485755,-2.4155308296186577,-1.61541964373036,0.41116174457296756,-0.3432668447494507,41.999030319973826,41.07946629496291,1.1220225845463574,39.957443710416555,0.6307881525717676,42.263640085409506,24.81934642954702,35.44713686313343,25.597134297585107,11582.399999999921,1126.6277165524627,1688.1768755847168,1349.2169916488378,91.88729500789059
403,720,61.7335470653529,-4.93078523091127,-2.794409486325483,-1.682053277596409,0.4503677298124092,,41.74119597533718,41.49597857194021,1.1290835281834006,40.36689504375681,0.0,42.26388998924282,21.085950903487998,39.70025835241982,23.750619456723566,11582.444860565554,1249.5703120049193,1852.4251985139124,1274.7285984486743,241.7611567267273
404,720,85.7893243002914,-4.591017245718427,-1.3128709133805239,-2.790023032058796,0.48335672437514304,0.08727911114692688,43.03129308111966,42.16345021594316,1.129234690219164,41.034215525723994,0.5493056350387633,42.26343608950895,29.123727174442074,32.670140542933105,10.515413284891933,11616.53849713442,1348.5636750693438,1990.113498224888,1379.7433025919656,139.1985368394689
405,720,52.79738420130575,-4.738817912596069,-2.875177980114629,-1.4226842006938865,0.43660164463074963,,42.72458065068349,42.468253578059375,1.1262233331799507,41.342030244879425,0.0,42.223476471683846,20.426620214163826,39.34547542903335,33.27405123058288,11582.399999999905,1211.8328902365974,1796.1126448244936,1333.834556153085,234.04323990709048
406,720,79.35740143369645,-3.7902157083043155,-1.8076649047693865,-1.5162705055754633,0.461857923969328,0.001193088130094111,40.85661740414798,40.055808953009546,1.1287447353824973,38.92706421762705,0.5491685378365219,42.25795752425836,27.164038737006724,35.09801564113276,22.54815289894725,11582.516528918772,1257.3541387640505,1896.944529084129,1298.7498130477125,324.9114409382715
407,720,78.55443431272872,-4.563480795350904,-2.269675336614355,-1.8380615160386815,0.4515645164818215,,40.30796895874664,40.060908041894436,1.1287700589746237,38.93213798291981,0.0,42.188140442369225,24.43855391908983,33.264559731184626,28.129717353821942,11582.39999999999,1230.0468896899313,1856.3503754011588,1282.4406602486888,163.56637307866956
408,720,79.87421196580412,-3.6576668248742212,-1.8879983250943793,-1.2532332016642445,0.5120844176301188,-0.08366867154836655,40.054916102439165,39.26146678905934,1.1272022891789675,38.13426449988037,0.5483408849686384,42.262875527323345,26.344462996209465,38.1829720328936,32.55623261123395,11582.399999999947,1376.940028888739,2105.2650880043584,1324.5506251825059,214.42733878433194
409,720,78.60555177481936,-3.775925096313824,-1.9045681611799634,-1.34009740100728,0.5266028424821465,,41.86882115388289,41.59468623902649,1.1276643760502338,40.46702186297625,0.0,42.263807622279515,26.336572390090645,36.522457293943255,30.367568508255964,11582.399999999945,1411.1957841815577,2164.265565640473,1327.7497907110285,154.90093501821667
410,720,70.6936644999135,-3.0441582818339046,-1.7595564492718305,-0.8770060119496065,0.403484034395097,0.05561823397874832,45.86507500289008,45.0611283602193,1.126211769413203,43.9349165908061,0.5499230567365885,42.263678179597385,27.0552875716626,37.33347781830917,32.456750964265765,11582.399999999945,1076.2583983398881,1659.5045020662305,1306.0847555466014,104.11434693983732
411,720,81.64829159405357,-3.758098475846882,-1.723775309879762,-1.5099226547354683,0.520004253936203,,37.26451138686389,37.039653134997934,1.1260041184723377,35.913649016525596,0.0,42.26351953440974,27.56569492783967,32.75212995046694,26.82103198704192,11582.399999999967,1403.7908977928012,2139.158633388609,1316.475286205248,274.4509339710499
412,720,77.05926136593048,-3.9688370517599423,-1.5495681382363946,-1.9977533627936304,0.41748677193207434,-0.04694991558790207,43.98649412719533,43.16110852686688,1.1240973360836506,42.03701119078323,0.549489616882056,42.2634829816907,29.032624682155205,34.67262036233299,19.388799033327395,11583.82291050843,1145.5382176503192,1720.8790721398727,1370.4623004987031,153.2597118297412
413,720,70.41890257061081,-4.54861089286473,-2.304696580062341,-1.7645869918697465,0.474808538131046,,45.993042811751366,45.71423834608868,1.1311961482279003,44.58304219786078,0.0,42.23764912134152,24.6092297554714,30.0500830352331,24.218246569073862,11582.407202332264,1301.7121526218507,1952.8723911711086,1351.0253990609622,73.88942623540595
414,720,83.2240460710018,-2.405605482802259,-0.6478759627751117,-1.2489040146603434,0.5045329097458557,0.00227589113637805,36.39381704200059,35.598929093685,1.1291653201915324,34.46976377349347,0.5505214231088758,42.26362079621945,32.58011864840001,34.324236452905836,23.502600293197883,11582.46090071072,1341.7968660487206,2074.961494353228,1315.6010430614642,201.9976790378994
415,720,81.72173694367993,-2.6921820698105283,-1.076843551675833,-1.1464294810549938,0.46450782405176216,,42.19168752199039,41.936797266826034,1.1403272915631533,40.79646997526288,0.0,42.263705848592345,31.0286042384485,39.378435845755874,29.24799324584713,11582.399999999945,1242.396766370224,1910.429332461625,1327.7544417825463,66.49214457123844
416,720,84.06792230621323,-3.9019250838910593,-1.7797129535300447,-1.618962663463927,0.4988986981047216,-0.07718397676944733,39.80310118524358,38.99053254676983,1.1401611953042448,37.85037135146558,0.552447360008955,42.26131934338302,27.18565178433802,38.32283471628607,28.856559662719768,11582.39999999996,1351.9489530075025,2052.707546262612,1343.8370552925935,196.69104661481717
417,720,80.94319124796327,-3.582897116537428,-1.5282954359695413,-1.5597602233566326,0.4905390510040175,,41.81122798612341,41.560720753856,1.1404175902716815,40.42030316358432,0.0,42.26385570667171,28.235638549701317,30.683864866158817,26.50952431295263,11582.399999999969,1329.7038010121576,2018.2307571657739,1360.1797394982625,90.7304741000092
418,720,74.85423734336956,-5.025490705818104,-2.29213278482906,-2.3255190461059962,0.4035615278391214,0.09714203327894211,43.010604972951114,42.20574370212853,1.1386415902525187,41.06710211187601,0.5485296659171581,42.263551172955594,26.249812735525452,32.364539789026594,16.424393219170472,11585.247766624298,1111.9231420883834,1661.03571630034,1361.5928518303217,97.95469269511398
419,152,0.0,-17.1501604910419,-0.8038240306914819,-2.0046416383252668,0.11573242025835792,,16.849199663847685,16.56087562488392,0.24032195936888456,16.320553665515035,0.0,27.6863538385156,8.228463990401242,36.85939158129759,0.0,2476.6357200797265,375.43029731520005,474.0545805805593,265.00087900199287,102.39137127207114
420,720,87.60565796818597,-2.3839993491150535,-0.8335361615631738,-1.0165199897215456,0.5291838946335424,,39.0697283227928,38.78718030685559,1.140454831533134,37.646725475322455,0.0,42.26363310428803,31.46687623837646,37.01658862183644,33.301470422527025,11582.399999999943,1395.2414177222465,2173.676977246019,1304.0047499565758,55.82249990350025
421,720,79.76606701843343,-2.9757846553580354,-1.2227190954712304,-1.2413817613858549,0.5074733320124978,-0.04439493268728256,45.05281662102789,44.555547517724335,1.1436328724958003,43.411914645228535,0.23262046882882714,42.26380474736636,29.837652622400746,38.639242403764875,25.48941302526974,11582.39999999994,1346.545464606007,2085.8942773705894,1308.7562332839432,94.23253405340218
422,720,80.69933926754382,-3.91106776729951,-1.6213908379361819,-1.7761633011609166,0.508814584676074,,41.11128194304183,40.85598721401766,1.1375933601520956,39.718393853865564,0.0,42.26378075330646,28.03272324433315,37.585354558529374,24.235967345227476,11582.410455195562,1379.4917635772383,2093.2546060860436,1346.993733187827,136.32264118355926
423,720,66.84929736275397,-4.232112916100542,-2.433441906437762,-1.4147403613890617,0.37986448282782986,-0.04742050543427467,42.16146669583395,41.35028153704479,1.1344966045580804,40.21578493248671,0.5501265581697226,42.26379167627484,23.919259530632402,38.67481160572601,26.88955004709632,11582.399999999869,1049.6084068334155,1563.5688151939771,1346.4569898554914,46.06347365245402
424,720,75.62108190296316,-3.619056601818388,-1.5212733948190238,-1.6045827671168442,0.48876527985507867,,44.14522643992677,43.88715583411977,1.139825080987066,42.7473307531327,0.0,42.26341006621231,28.09585821224037,35.30359309218548,17.74365192370135,11584.551479928736,1326.088858811678,2011.195190932667,1346.6812450015846,153.09735207498179
425,720,68.6080770965928,-4.786253837665968,-2.2307025297562952,-2.0488076458769,0.5026785220231454,0.2800447642803192,45.75170209398493,44.91868359269574,1.138817921280861,43.77986567141488,0.5515842847526073,42.26366294070002,23.756640990900657,30.10662548696609,17.757298806958342,11588.082628497217,1383.4929232895865,2068.557800732579,1326.2362779948753,110.15082855761422
426,720,76.04475987700361,-3.8456003657131466,-1.8318271452365351,-1.5147439253159403,0.4950186426078783,,39.421347009949386,39.16606759885326,1.140306785237044,38.025760813616216,0.0,42.26362077907656,27.034374041165595,33.56855879636796,24.42628741304213,11582.401222315344,1336.395166933162,2034.2986089326885,1262.8817648152844,171.34664167848854
427,720,88.10808407892098,-1.9397450740702669,-0.521490189509603,-0.9028638010919247,0.5110441387495885,-0.11484349519014359,35.6503157238476,34.863688482902944,1.1259100739844143,33.73777840891853,0.5489862472750247,42.26384371385728,32.93056151814418,35.01296111053108,30.40934186752621,11582.399999999961,1337.3370013271688,2100.4331311505553,1322.1609662874173,96.3644577021352
428,720,73.57074509379859,-2.9481035857979965,-1.4210553819253235,-1.0114414847044086,0.5114198969575844,,42.61912725213915,42.3704488822259,1.1266646166332066,41.243784265592694,0.0,42.263324759139785,29.15034615449667,36.35297028539469,31.84581473423758,11582.39999999993,1357.7133151226064,2103.5524649843564,1317.9129895922927,90.37136961541964
429,720,88.50911078784415,-2.3038533293362393,-0.5762829544993952,-1.2463968829642067,0.47664617651116525,0.001975957304239273,32.92027187207714,32.11950652115047,1.12569865770638,30.99380786344409,0.5501522570848465,42.26354766579896,32.673586160709306,30.07858926167342,22.462518984034734,11582.633256070734,1268.6442928301624,1961.1584107285416,1375.742502217328,121.8177734053041
430,720,78.40964001301728,-4.010043218017342,-1.3774740348797545,-2.1262205994674033,0.5019447667036713,,44.33976614009589,44.07550505315885,1.1286867945455015,42.94681825861335,0.0,42.26373229031411,29.84671830269039,31.73290039145777,12.99331888191578,11596.573391898817,1366.209789243126,2065.4365007212336,1356.8892114660318,99.20240714358357
431,720,84.3784613296362,-2.4818118160256555,-0.8241982472425496,-1.1538375647986776,0.49956994837080115,-0.00629170797765255,43.430136393755674,42.614780641160905,1.126939604524523,41.48784103663638,0.5487438649870455,42.26359146685376,31.94644819443371,39.35248240992158,28.474740971393103,11582.399999999956,1320.2609739002955,2054.039255238068,1340.1397978250125,140.35705788649574
432,720,71.21699701431827,-4.889004247572512,-2.281042157629954,-2.1044678898529408,0.49920490665485046,,44.750343282707036,44.495098987128586,1.1283955592662096,43.366703427862376,0.0,42.26369697791573,24.993112021302174,30.419039611933673,18.519183579144737,11584.777439405842,1388.7702236405264,2053.4329631559904,1314.3796813665758,261.5050019724077
433,720,74.47770722261589,-2.632133936043504,-1.1281577229972373,-0.9936651423630516,0.5062477796837099,0.14546038210391998,40.37561975698918,39.601102916989475,1.1279555456712842,38.47314737131819,0.5476682363077998,42.26377362543666,30.643864278986033,34.1539238243708,29.853729062865224,11582.399999999947,1336.124806954177,2080.921878758134,1273.0764733407009,195.86415031947448
434,720,70.61345424049306,-3.187120986600803,-1.5547282767513828,-1.134742987666011,0.4934226414852627,,42.509187817107886,42.240079052280635,1.1302743945270777,41.10980465775356,0.0,42.263615113231715,28.511490510375157,34.421103753855334,29.785864193839224,11582.399999999932,1318.1716141724344,2030.4655881841404,1344.3164944757755,172.53721883615208
435,720,80.80756048843475,-4.488839200209221,-2.129305663821511,-1.8584056405229892,0.4970058641135392,-0.03255395591259003,43.33292407402769,42.52129915589467,1.1295247324742377,41.39177442342043,0.5473997471854091,42.263778222475075,25.213280805414726,36.47406756218471,24.17448809182708,11582.41237755412,1356.3079376345738,2042.1515156995147,1306.8662325828277,369.0205247213864
436,720,60.309499781430056,-4.502747896637473,-2.0319138956699727,-2.0180703459476947,0.4485756593971082,,42.74886220134795,42.50239531509578,1.1302764564752579,41.372118858620524,0.0,42.2637670050327,26.13564341962682,33.13350091111729,16.82246582581164,11588.340339632618,1234.9378941682417,1845.0972398064373,1275.5552517363872,80.83592547798091
437,720,84.77072216683675,-3.2666675847317688,-1.4113594350846754,-1.3985438481631538,0.4527105679489629,0.06679550558328629,38.44222997082397,37.62907657120377,1.12726656999439,36.50181000120938,0.548624720890075,42.23610401889257,28.478442039867364,37.40251415763717,25.652196634634016,11582.39999999997,1228.3080488562698,1864.6709153131203,1344.8854589417804,94.34330957648348
438,720,84.10013252444168,-2.41073712061476,-0.8151009190468502,-1.0789853469264687,0.5120280242790423,,41.15981923369691,40.92079752497375,1.127399483229965,39.793398041743785,0.0,42.26356500945111,31.896587494201796,35.512258224892754,28.90079428920832,11582.399999999972,1352.4729223183901,2102.875691077189,1300.346963864853,154.7355736019487
439,720,75.9924279874169,-3.6451067121634084,-1.903415704352772,-1.213807633288063,0.523111763843749,-0.04985714331269264,43.06275166384876,42.252215664833784,1.1257650591433048,41.12645060569048,0.5507088019512594,42.263786381980964,26.01296553925,36.35255426184493,30.404238854807897,11582.399999999934,1412.3274281398471,2150.9901552062174,1342.818488976754,271.32528913217675
440,117,0.0,-17.166541089996038,-0.6460845125405906,-1.3532240725715763,0.06649417306884263,,11.935436562635005,11.654300321359187,0.1850526314228773,11.46924768993631,0.0,14.960104831423275,6.699564513115392,32.180890483588556,0.0,1891.9724838974091,211.28296669308574,271.46156430413447,182.10870789159952,48.51287817880658
441,720,62.424784414816635,-4.396535332101549,-2.522947935464514,-1.415344043677121,0.45391478542129854,,42.280430185142905,42.02910103695467,1.1273195408284664,40.901781496126205,0.0,42.13006398589839,22.600050049126487,31.972208250721284,29.271205564417535,11582.399999999912,1251.0340464914893,1866.6546389850178,1341.9616447684018,176.70575501606868
442,720,67.58672136676894,-3.390258211454375,-1.6585581935140745,-1.2317830599217725,0.4958948539905406,0.10771070420742035,44.01004962623119,43.14346826635301,1.1264430941082537,42.01702517224476,0.6315760631114244,42.26368431904281,27.085847477251793,30.64942638887949,28.400172758657156,11582.39999999992,1332.105368377084,2039.3277568627946,1297.6441855437436,203.4796807299086
443,720,79.90489348187066,-4.118122606306254,-1.7418484100205893,-1.863601537745852,0.5080971261985938,,39.58252336317673,39.32473785895854,1.1256498023867607,38.19908805657178,0.0,42.26379765258274,27.1679796165554,33.45379081278319,17.397810139240928,11586.145335566775,1386.3686769430892,2091.056165791764,1369.4003069096325,136.68408136173224
444,720,75.2240198010974,-3.738678317779771,-1.6058621526642378,-1.6556151636418357,0.4730940275528086,-0.005082438234239817,42.571993657853454,41.75728622311726,1.1262456681579351,40.63104055495933,0.548475578892976,42.263448247667704,28.18145672143888,37.63741960826453,21.060663778486955,11583.252161353108,1282.9197020499194,1948.6015399041282,1338.3232568503936,128.90974124885977
445,720,79.81741073599675,-3.0825800696933796,-1.390595177909091,-1.1756826362299215,0.5118564042398726,,42.32135164504871,42.06300808722153,1.1295423042029142,40.93346578301862,0.0,42.26346442159003,29.194393581166725,39.11124495642678,34.6236171748782,11582.399999999952,1362.5807551715188,2105.6101012745917,1329.5800942376347,98.34550290087225
446,720,76.6782398373261,-3.2688062482248244,-1.5349812717018096,-1.214915619820188,0.5143971864428403,0.0641186386346817,44.2490517529659,43.43051188904792,1.1283469633199275,42.30216492572799,0.5506209740415215,42.26342687654169,28.364880855271537,31.261796243053176,28.920166875803517,11582.399999999945,1377.2914697202339,2117.6095999751597,1377.1309475475755,194.65143691858702
447,720,80.34474515028528,-3.3550960807670585,-1.5456900549800934,-1.2960416683992246,0.5088946768506275,,39.252538909204304,38.98692854307592,1.1259814696386456,37.86094707343727,0.0,42.261879987630934,28.599599989277685,39.3959218615361,28.30304223777036,11582.399999999949,1368.2072184068227,2093.9253302962456,1342.6882594211734,129.65961025999331
448,720,68.24722982654094,-4.558288078832354,-2.0884348116156297,-2.0025005135436214,0.4629863077134319,0.03645405173301697,44.854889154899865,44.05012069037184,1.122308297548443,42.9278123928234,0.5476341056637466,42.26391789177548,26.39164631814964,37.92990863229292,22.84369410476493,11582.601851586907,1278.3693958951253,1906.1557846122578,1368.2508777793994,78.00697000108288
449,720,78.29413202836696,-2.035984097025253,-0.8142845184327107,-0.6999320973505077,0.5171403995542515,,44.6443743519485,44.400585456285626,1.1272457167506218,43.273339739535004,0.0,42.26352965583826,31.023708640654306,39.53950971441449,37.126756746325576,11582.399999999963,1359.4642169328167,2128.0834082858723,1350.1361756321653,126.4040764407408
450,720,82.5629369295697,-3.0962231084189256,-1.1604719414061948,-1.425809523485702,0.5057476481481662,0.11834261566400528,36.59347749501467,35.81696854298934,1.1250629010610282,34.691905641928315,0.5503043481148779,42.26198199486644,29.995086636564718,30.07545736206864,22.954497956398047,11582.553581786657,1354.541906908855,2079.265075394847,1320.77507826695,177.0465854790248
451,720,86.04338905663975,-3.782893528122986,-1.3701309535816966,-1.8941899126050643,0.5139808296881594,,40.396309504751116,40.13542309962213,1.127660364843905,39.007762734778225,0.0,42.26186889018291,28.48819191413251,36.425959671824245,20.46255763169631,11583.396942989211,1401.10112714714,2114.5595560138618,1347.61592534334,93.17962149359573
452,720,79.10643247355232,-3.618660291679004,-1.2549011025449184,-1.8397963373801831,0.519468489144524,0.019982988014817238,46.179525430779904,45.360474123153836,1.1275602485984564,44.23291387455538,0.5485407332889736,42.263721464908684,29.953455052602315,32.16088239945579,16.648263172021803,11587.034342404808,1397.7300629297997,2133.943965091458,1310.8905286003749,214.34244889638492
453,720,76.64420459280838,-4.523305318998441,-1.5918225423074974,-2.3992968373357666,0.527384428150336,,44.02176981931552,43.76103551406413,1.1291646156460047,42.63187089841813,0.0,42.263672119416555,28.47606336840966,36.33043684624052,15.53565554772115,11592.058710525966,1440.2432896527553,2166.9713039802905,1321.0490248147228,110.94452437467358
454,720,71.50652696271335,-3.2734673520228394,-1.412804758591027,-1.3634792060739436,0.4928937943036642,0.043341588228940964,47.89056008076295,47.08125430671498,1.1287427758798003,45.95251153083518,0.5491481521166861,42.26353019930301,29.848033398902363,32.1646973792267,20.80111632344908,11582.83852598333,1320.238988661618,2027.6686990061776,1354.9731881478651,91.95369487835421
455,720,76.65028040485747,-3.9927820398460616,-1.7031801066365617,-1.7500807775121823,0.5348951296905389,,40.861112867016345,40.62535528698936,1.1254628663882613,39.4998924206011,0.0,42.26379403539023,27.670460978462547,30.01116330069063,21.42592723616012,11583.109780968764,1441.4978528375073,2198.5630260076887,1321.648055000444,51.19003966804305
456,720,55.889195470603504,-4.632451233184529,-2.415724588436447,-1.6849448059276546,0.5270396653985072,0.11059141159057617,41.82130867196247,41.023786201141775,1.1245855703018606,39.899200630839914,0.5488859079778194,42.263599893191575,23.882490369292043,32.07694454108039,22.95376184639949,11582.503567551663,1441.281608396171,2166.1676781082115,1354.815168833039,118.1971265119214
457,720,87.49617137161523,-3.0285285417119145,-0.6307225715626563,-1.9094403205818817,0.4840692274441047,,38.09141569538042,37.81867046421394,1.127764637582004,36.69090582663193,0.0,42.2637635076139,32.202952523220965,31.293149510574935,14.943887135292929,11592.165386728697,1312.822061439147,1992.9664873487602,1398.1993708950451,100.85960307180741
458,720,73.38786806525451,-3.200780908133796,-1.3550081062243455,-1.3518448205973639,0.48973085711084224,0.09329372644424438,42.27164712827653,41.49229441070929,1.1286013843491673,40.363693026360124,0.5482814041897655,42.26370517878263,29.54862807529374,31.575244094902676,23.574082192137972,11582.426772365801,1317.919298347217,2017.0748635731043,1347.2711207289362,113.45604349361939
459,720,82.49960171022359,-3.2133939154633886,-1.494504916144073,-1.215267071327779,0.4992216874568404,,37.91383369220421,37.66214116709307,1.128563737962395,36.53357742913067,0.0,42.2633798485481,28.4417552663033,37.47643367193068,30.543396482639036,11582.39999999997,1334.4882883282282,2052.468955989154,1335.9631993801079,108.62126887107789
460,720,72.15225106951279,-5.071010723127987,-2.288568118282157,-2.298429048087694,0.47988172008180513,-0.012211854569613934,42.35602105502039,41.5630386187695,1.1295884409919381,40.43345017777756,0.5480321571230888,42.24722962215176,24.54087324280638,39.82688132757619,23.963265402071823,11582.43181038405,1345.1634144379707,1977.1571699294252,1374.3881116394346,54.9156998049372
461,720,81.98854166781253,-2.452341317868702,-0.9684695994711515,-0.9692790165474513,0.5103758794187203,,39.93424845300615,39.67979659093544,1.1299567050300539,38.549839885905385,0.0,42.26362140963349,31.49683141144052,39.51289292371337,31.63736716253009,11582.399999999983,1347.5512919872172,2099.3911680555843,1293.9513006009747,164.15352690927196
462,720,73.04266416507038,-5.695620135673467,-1.9876547378139646,-3.1876620894291636,0.5158581049556072,0.07355532050132751,41.985017026308924,41.17447254108265,1.1291196127422154,40.045352928340435,0.5497542321681976,42.26349744924673,26.073267810187367,31.45085441031584,9.442461577177772,11620.419349448397,1453.1020326097505,2120.2378469299997,1312.0749335361777,68.30604157461863
463,720,67.36671823874646,-5.0388913532287605,-2.3767554440311267,-2.14976545386196,0.5080660608041301,,43.630814517848194,43.35987457213923,1.1316121146082878,42.228262457530946,0.0,42.26346969618023,23.614671001958104,32.89202790258289,16.75741148034962,11587.800663555561,1404.2011741588747,2089.503860572538,1326.4195131266563,134.28839956053653
464,720,83.25727461786688,-2.1257851130982504,-0.6307195739762725,-0.9863087854935241,0.5045203790569452,0.029665682464838028,37.51643725018948,36.68548294296488,1.132829938083887,35.552653004880995,0.549676704686135,42.26350224249875,32.66589328736195,33.60798963408856,28.829864810650562,11582.399999999961,1329.0750928717036,2074.1351080232153,1306.870394701293,88.94276056952458
465,720,84.61520029270027,-5.098663266187918,-1.6767969122543298,-2.916567884044864,0.5008276537508194,,45.33155221026391,45.063579057808965,1.130792777519673,43.93278628028929,0.0,42.26372509296166,27.656259339241938,35.08410584084503,10.233275976721675,11619.185601148003,1393.3717580390971,2061.551180101004,1395.0542821870372,101.94166594012002
466,720,71.05364678227181,-5.398509368074163,-2.5408091691853487,-2.379410812770181,0.47419768466317125,-0.11315768957138062,43.271910603158176,42.50593360001221,1.1276320866309106,41.3783015133813,0.5473957257345319,42.24614012049057,22.632705287099665,31.383459625628845,23.753400818523644,11582.47879909918,1331.3215004966896,1954.1927599268954,1360.8112010730863,198.43693037966565
467,720,79.20612388951844,-2.91490457974799,-1.1514877731905473,-1.3511449723033289,0.4082804201778761,,39.94862208329141,39.69066331908107,1.1244914839044213,38.56617183517665,0.0,42.26341010187254,31.189098966841645,30.81394987881182,23.243805363654737,11582.519318481569,1110.0474928695915,1682.5094224695492,1350.333064184857,20.747075926776386
468,720,82.20459823204692,-3.710987213862853,-1.6108187586141112,-1.579382266351688,0.5163118847708926,0.08481431752443314,42.51043937727809,41.703159532975405,1.1233915062621236,40.57976802671328,0.5486383927054703,42.26377930489359,28.435715938440307,39.50749046375487,28.758443770289787,11582.399999999943,1395.6021671956128,2123.2892406720784,1340.2398314344423,93.66074796498688
469,720,77.69205569601337,-3.3559652412188217,-1.4386001397835968,-1.3838329424964226,0.5289180360975942,,42.428813646081835,42.19502651505172,1.1297938767820597,41.06523263826966,0.0,42.263868067323536,29.20203646804654,34.07106500103621,28.15054529472139,11582.399999999958,1412.9453206303444,2173.0357200836233,1309.6685492937488,95.11372668709512
470,720,87.0415372934043,-2.4877829959071813,-0.7638172492150298,-1.2072220080824754,0.5123841756689137,0.0007446184754371643,40.79691367316991,39.979832810815424,1.1268856413662434,38.85294716944918,0.5476217749528587,42.263407607041664,32.20386914956467,32.48054271286941,28.590990719709986,11582.399999999965,1359.7971491312392,2106.296617394122,1314.910934666498,76.0842544616422
471,720,78.70262080922282,-3.734328540168893,-1.806780477845468,-1.4105897673024805,0.5126467728390923,,43.67865794664249,43.40530226007104,1.125978599768132,42.27932366030291,0.0,42.26339243232872,27.033499336972476,38.59308272463707,29.041848814225247,11582.399999999934,1378.6956482886012,2108.138121061105,1347.7285119115732,118.91878796521267
472,720,76.02602807938287,-3.298739492144739,-1.4313402530307988,-1.402802581824437,0.46061100505193153,-0.046742379665374756,39.13416927913204,38.303270407021046,1.1264737835153937,37.17679662350565,0.5475062201730907,42.263616994933756,28.349650065710975,33.65077565849251,21.105023496474843,11583.140336264505,1246.8242274658535,1893.8053449721883,1291.9183496447054,128.68917655135968
473,720,80.79979511580324,-3.1848542711819476,-1.251493495702316,-1.4336429014483272,0.4954784773428192,,42.830707668792456,42.579316911287606,1.1295413789339364,41.44977553235367,0.0,42.263549287362686,29.974641782991235,30.644586215556945,26.557321827143966,11582.399999999956,1326.2798714804478,2037.6946389372326,1341.578577667875,94.17213390991014
474,720,77.56894888958783,-3.542918923296624,-1.6011412816394965,-1.418020215392087,0.5192434173265679,0.06479573994874954,43.182556950021535,42.38522074697539,1.1279753441922367,41.257245402783155,0.5503240250982344,42.263782399432046,28.37010098398865,32.743728084652176,25.569748903711748,11582.39999999993,1391.0518585067146,2134.8160404996966,1331.4259204776756,182.68434462390906
475,720,76.2836955944313,-4.061500157850164,-1.788465474396061,-1.743833357621106,0.5244349529696667,,45.87057930510491,45.57798147993162,1.1295419544912875,44.448439525440335,0.0,42.2636960861031,27.814305349107165,33.826837447204895,23.35939086371,11582.474758737044,1418.4133142380545,2154.902272341407,1355.4965260047416,77.66066427845593
476,720,74.76486666094728,-2.347427394255411,-0.9516220911642335,-0.8993561083112369,0.49234279779323764,0.025837676599621773,46.689684277866036,45.872177768033,1.127176367212087,44.74500140082091,0.5491400929167867,42.26351525338524,31.136619254114393,32.82470913516358,30.51309663775829,11582.399999999947,1297.0286503450595,2027.4631900562265,1356.0759176817107,68.12259857621837
477,720,84.39718942603453,-4.206168044099819,-1.514824543616335,-2.1893879035691963,0.4975674168640679,,41.43347202707082,41.19442849094048,1.1277167075313628,40.06671178340912,0.0,42.263840037059865,26.54029743850538,33.88302259182289,16.968733478612926,11588.057026217228,1371.046219487317,2046.8611199061636,1340.2352652957961,87.57448393632397
478,88,0.0,-17.52763661003107,-0.5380130321082425,-1.0980457228137501,0.0659902892052553,,11.932454533874989,11.666271726135164,0.13957623578608036,11.526695490349084,0.0,16.041952006684767,4.362108712798257,32.78111670823425,0.0,1427.079200991645,215.2431933245848,271.7065663596089,172.64748859149304,9.157221575713063
479,720,87.41704711927798,-2.8182739595385082,-0.8063969514795533,-1.478878047267567,0.5283176185853837,-0.03355966508388519,44.076494314707816,43.224055343307555,1.1282617603428662,42.09579358296469,0.5622037909924984,42.2635629391105,31.77987192297391,30.90064474866076,24.807728318443186,11582.400075686443,1410.4126958147936,2171.326812962629,1317.2131011378258,84.92710321589547
480,720,86.37754930475124,-2.4892026843712673,-1.0761431804592205,-0.9078153175969227,0.5008103715353376,,38.66066591208801,38.39670448284596,1.1256996421143413,37.27100484073162,0.0,42.252630804436684,29.9461493992322,36.67577914531924,32.40542703502627,11582.399999999969,1323.00602419506,2061.194525314934,1366.0602499144122,73.45472652856539
481,720,79.63683489462296,-2.596589248497542,-0.9051286226925553,-1.1662156801119385,0.5204714291217128,0.04336363822221756,46.49645979469642,45.6881675333716,1.1276228986680508,44.56054463470355,0.5479681668803096,42.263692349126785,31.470548291059934,37.80720755364723,27.611477172338088,11582.399999999974,1376.16528056543,2138.86702879069,1369.3840554539825,78.912255536371
482,720,77.6207711997587,-3.018264430333004,-1.0712994332689751,-1.4174802325293783,0.5248791458220095,,40.77265190938488,40.51999881723896,1.126172658521682,39.393826158717275,0.0,42.26375361252255,30.98715394870181,33.91667605022508,20.769381683042138,11582.979463162823,1399.9261618775884,2156.4481559010205,1308.8155068197918,84.83796326102525
483,720,75.49042859850027,-4.3409188419776825,-2.01582707759149,-1.8145596819403462,0.5058839120413785,-0.02192850410938263,42.71696987980977,41.91169878607616,1.12574481125921,40.78595397481695,0.5475897919386625,42.26340502261882,26.54526042069272,32.79713744950683,21.74847833423596,11583.024442299324,1370.5209805903953,2081.626588377704,1332.6119225641498,146.32206955645495
484,720,69.76852167150766,-3.151552063742364,-1.3919557488927925,-1.2285397768816146,0.526424624990255,,42.48184663429856,42.23823308805004,1.129281924571842,41.108951163478196,0.0,42.26350764219984,29.46559895037595,35.109627868383406,27.750236561281106,11582.399999999956,1406.5778697945482,2164.6569827281,1333.8976126029913,58.131083412086134
485,720,81.38990073819248,-3.2910415205673305,-1.4309444728482497,-1.318643603084721,0.536537460095218,0.07694006711244583,45.1439218739979,44.334359812084585,1.1285099191591144,43.20584989292547,0.5476900706999004,42.26361865354887,28.91071599529461,39.164354553777954,27.854602408611782,11582.399999999958,1434.1324935514128,2204.488910074495,1336.8204142904522,234.21745613130707
486,720,79.48236627679907,-3.475813305420507,-1.3788459543592881,-1.5595179810348192,0.5327647558080754,,40.66927266586572,40.361664433032274,1.1282803667709231,39.23338406626135,0.0,42.263694064762745,29.296369408448033,38.2092539468537,22.700313637665147,11582.46975842923,1432.720462108626,2187.8113352570076,1299.301940425709,74.02549454710744
487,720,64.51843448684501,-5.442065474167325,-2.5848234441264686,-2.408575870796137,0.4443479866580766,0.05729217827320099,43.29406759282574,42.494696056004614,1.1290583410300314,41.36563771497458,0.5479163029231131,41.88814167896907,22.687051571707933,36.578854549153824,21.06135321979114,11583.459853758444,1264.1446738542688,1830.3883430100877,1367.0268571328163,87.25113615269564
488,720,65.7197352262274,-4.776737930467379,-2.3587873875149024,-1.929091605491481,0.48437024440141224,,40.706865394022316,40.469135044142604,1.127216120250523,39.34191892389208,0.0,42.205803499565974,23.934351388394003,32.6213566024492,21.064080409321523,11583.155992752276,1323.3876674413955,1991.607033403927,1330.972963743359,45.30235402057235
489,720,71.59110067931469,-3.5679672858969917,-1.686405660692125,-1.3620275910413053,0.5149712127950485,0.08742468059062958,44.03764487383887,43.23524513235316,1.1303632082417607,42.104881924111396,0.547520182095468,42.263455840163864,27.479142840720534,36.69266918947237,31.466097473844094,11582.399999999961,1380.1521017246796,2115.671781196382,1345.7264136128338,39.56105847553269
490,720,86.71261878258883,-2.6287204452458575,-1.2099871515425304,-0.890744958645011,0.5233679593833478,,41.74565836507827,41.47692525573075,1.1283284607343376,40.34859679499641,0.0,42.249086839766605,29.618417554357283,35.48031513563538,31.840626378397385,11582.399999999972,1378.6411509732177,2149.838822505803,1320.7776072168624,58.81299210307559
491,720,80.71149520997295,-4.150574604741022,-1.518082109396439,-2.1087210394960474,0.5189424340270973,-0.09678706526756287,42.53516865102574,41.74180391803384,1.125753725413233,40.616050192620605,0.548684436827898,42.26364220159809,28.57289379331291,32.989703031921096,19.79772504668967,11585.281116953052,1418.280706757138,2132.673128451457,1374.728835594236,90.99271128935696
492,720,77.51100817991447,-3.80244054838046,-1.669752446668735,-1.6167128141720772,0.5115871358134285,,37.63392973970622,37.38480713125318,1.1278210654854774,36.256986065767705,0.0,42.26369646526384,27.47137237852314,35.0748078468277,28.5096848962335,11582.399999999941,1390.4484030594401,2104.1810092036644,1325.38018890963,116.38650194579448
493,720,84.00131789195609,-2.6889585457877727,-0.8961520855851416,-1.2812046696029067,0.5072412240892041,-0.17221000790596008,37.089506848249584,36.274208697956055,1.128236344549805,35.14597235340625,0.5504656252451241,42.26379663194057,31.4651694127395,34.187565573229875,27.069439512249165,11582.399999999972,1354.5779769785438,2087.0645732473713,1341.1783809426338,86.19562169273321
494,720,76.60844542069344,-3.4175809172589426,-1.5169705029157396,-1.3580087576511537,0.5377645302802947,,42.1359843602404,41.888393408153206,1.1273988881148398,40.760994520038366,0.0,42.26366654921217,28.771110672131083,35.80304266881325,28.11227457155946,11582.399999999936,1428.9494064187204,2208.7293422414236,1306.8404167693732,42.53148119288243
495,720,80.02226251531427,-3.634400508266656,-1.7707398395552054,-1.3596986497344454,0.49939112384300305,0.12634329497814178,47.18940600613132,46.402180911041796,1.1252463152632117,45.276934595778584,0.547496928833425,42.26367104104996,26.932991386759177,34.915569509112885,29.599541777352457,11582.399999999943,1348.7098567886574,2056.4112874282996,1380.8289554266876,117.04125321382328
496,720,68.77484608270214,-3.9977663081562667,-1.75070071156762,-1.7134383625993357,0.5290381407627391,,39.46570486528799,39.23894034419209,1.1312709785997868,38.1076693655923,0.0,42.26379278133191,26.790706749808805,31.198430891019747,22.625388847752575,11582.51950917761,1434.9569714407373,2173.7514210844706,1320.7337107974183,90.55683413982962
497,720,69.50939891928945,-3.571132957975237,-1.5646098435987188,-1.4946046029660536,0.5075505793793975,0.1087765097618103,43.28081176895648,42.48175483616069,1.1284226709976792,41.35333216516301,0.5500830141827464,42.26346685231783,27.493546471056366,30.99697620951983,21.537542946553597,11583.011397235838,1369.6399643949126,2088.5802719174276,1341.376112378605,48.60062622469511
498,720,86.05006724898642,-3.2531683831566114,-1.032768845178408,-1.6979481209310046,0.5177710300047167,,42.75090432213619,42.49473211495206,1.127616683486849,41.36711543146521,0.0,42.263169290812534,30.621456485142957,34.53373817273701,21.188021102632145,11583.221660136263,1392.2984234141402,2128.3905405929117,1345.3799408683858,25.020157920743802
499,720,82.45313640010531,-2.909818964496519,-0.945788813572775,-1.4414868078962775,0.5179742612713849,-0.0019687365274876356,43.77437718492001,42.9638376920484,1.1262884959578514,41.83754919609055,0.5487143620848656,42.26352300191351,31.059391456704613,37.88627604756383,25.323048050347058,11582.399999999976,1393.190402778651,2131.2724066233986,1352.2373582088933,58.547102600974476
500,720,86.46586313523169,-3.428852701944274,-1.12572387751291,-1.7891856555808219,0.5093718008979691,,40.71938303671777,40.45508910296485,1.1230235574766994,39.33206554548815,0.0,42.26384712261275,29.89155568404835,31.63844349817513,22.99733292511949,11582.556195749597,1389.2827221685104,2096.431166949633,1362.3966440327797,33.377956747280614
501,85,0.0,-17.356063824807503,-0.35655400125120895,-1.0393272324048515,0.05961365850219838,,8.773629873991013,8.5380237409845,0.13387093832716346,8.404152802657336,0.0,14.966850508557908,3.55622974581616,33.76975189096168,0.0,1377.763311704019,194.85220822999537,245.65208234781997,171.02820699503891,6.572105828675626
