episode,steps,final_battery,total_reward,total_directional_reward,total_battery_reward,total_movement_penalty,loss,episode_time,rollout_time,inference_time,env_time,update_time,peak_solar_w,mean_solar_w,start_battery,min_battery,idle_mAh,motion_mAh,path_m,turn_integral,net_displacement_m,V_start,V_end,alpha_T,E_max,E_argmax
1,720,42.26898969281011,133.13411666516743,131.27848717069966,6.243577492356906,4.078780108594486,,42.94749248679727,42.70120234414935,0.909306132234633,41.79189621191472,0.0,42.23751913281994,17.959189279241194,39.14720094663166,15.444907448859265,11592.055532642156,1227.9813235080749,1754.533592900441,1343.3130653196242,88.12378274350691,nan,nan,nan,nan,nan
2,104,0.0,-72.59970612914691,5.039491541854088,-77.2722689430998,0.32951728136514313,,13.632460691966116,13.339974001049995,0.11584981717169285,13.224124183878303,0.0,20.23116934688171,3.4679746532745233,38.6361344715499,0.0,1687.8802648416738,193.30026022925946,240.50935776273838,191.99126116083477,27.00036871643033,nan,nan,nan,nan,nan
3,81,0.0,-74.0487106763534,0.8231633262109116,-74.63498310226817,0.20738707201688605,,8.970285963267088,8.70976822450757,0.09045074693858624,8.619317477568984,0.0,3.3810942664519166,0.5999577345587919,37.31749155113408,0.0,1311.3081154505307,156.98862785778618,197.8653060129948,146.52171858489842,54.51892742733156,nan,nan,nan,nan,nan
4,71,0.0,-63.83114472348174,1.5760586010489668,-65.21013267320626,0.17238994487674053,,9.481516741216183,9.217377556487918,0.07906515337526798,9.13831240311265,0.0,3.5775206806055584,1.1323942845852317,32.60506633660313,0.0,1150.3459548027208,125.61400125359931,154.71829325974664,148.81175452134553,19.61740226858622,nan,nan,nan,nan,nan
5,64,0.0,-63.49290776784336,0.5787275661398873,-63.868934423352265,0.17012822759326005,,9.94990350306034,9.676611138507724,0.07127281557768583,9.605338322930038,0.0,2.6393767031581223,0.42502294913131444,31.934467211676136,0.0,1036.9148147230278,130.55674499292647,163.0821726099942,123.92265803509011,12.313585508238573,nan,nan,nan,nan,nan
6,83,0.0,-72.93329391220387,1.5364347579449542,-74.20501680016345,0.23058862367181282,,11.835246798582375,11.551611251197755,0.0918460264801979,11.459765224717557,0.0,8.430604398229606,1.1149404810661638,37.10250840008173,0.0,1344.028980447609,165.66457523505645,207.75230461895154,160.4622025566149,21.53480379083486,nan,nan,nan,nan,nan
7,79,0.0,-65.1185553758287,2.9199221946992506,-67.75655602433187,0.24376558738837398,,12.079714331775904,11.794807570055127,0.08781862631440163,11.706988943740726,0.0,20.781075177729548,2.3624092521125752,33.878278012165936,0.0,1281.771266931367,152.05607625205346,189.1161369506856,157.45457591372295,20.74161647751014,nan,nan,nan,nan,nan
8,720,39.8329140951764,139.30463225133437,143.62160882403037,0.18189345080978114,4.2055888854423555,33.360801696777344,47.481959883123636,46.72904053609818,0.7843674179166555,45.94467311818153,0.470663134008646,42.26345467372061,19.16715773668563,39.74196736977151,30.98714445125393,11582.399999999912,1184.6763778539864,1713.3622894521172,1334.4486758549667,238.87965758951768,nan,nan,nan,nan,nan
9,65,0.0,-60.71326753716891,1.532316305212861,-62.060538337199276,0.16164834413922335,,7.260347729548812,7.017057150602341,0.07300090789794922,6.9440562427043915,0.0,3.7864447170874453,1.049294861714062,31.030269168599645,0.0,1053.603111381773,115.93306189725635,143.50142888050496,123.47302717719941,23.90120426208758,nan,nan,nan,nan,nan
10,120,0.0,-51.068799602341386,12.178705588994413,-62.660648308859344,0.5370506726009073,,12.551473972387612,12.311207108199596,0.13314991910010576,12.17805718909949,0.0,27.49685205925022,7.293210041684222,31.330324154429672,0.0,1947.5985236712236,230.8274668926952,286.7243331462804,219.73579406541398,64.1415626563808,nan,nan,nan,nan,nan
11,67,0.0,-66.54193560002352,0.22834546787470295,-66.578637438411,0.1644808823742142,,12.662536095827818,12.366081833839417,0.07536678854376078,12.290715045295656,0.0,1.7651742682472316,0.1709265871013763,33.28931871920549,0.0,1085.1958977211266,132.54221396607142,165.7859320158475,128.11823428643132,61.38408695936071,nan,nan,nan,nan,nan
12,191,0.0,-56.57302740873115,22.836629638526695,-78.52710760810312,0.808748386271218,,16.06045209057629,15.817468397319317,0.21011597849428654,15.60735241882503,0.0,36.13890319692772,8.596642038688534,39.26355380405157,0.0,3099.3667402803603,356.5112250382403,447.5008436971201,381.18833103843497,18.832825480082,nan,nan,nan,nan,nan
13,720,58.440286398449196,183.15917802487877,135.03514740494893,52.71518948132061,4.265248781380378,,41.96201323159039,41.66819383576512,0.7894735867157578,40.878720249049366,0.0,42.25261733602825,18.15426317721779,32.08269165778888,12.080945288704193,11606.726996780111,1308.5102888332876,1793.3625655341232,1341.9058147177693,217.03231674712248,nan,nan,nan,nan,nan
14,70,0.0,-58.45027542464105,3.1015394641975,-61.234188645093894,0.27604704049754886,,9.01642096042633,8.751873143017292,0.07769320718944073,8.674179935827851,0.0,11.684708438632537,2.660889627645698,30.61709432254695,0.0,1135.7194826339635,160.12802275240628,201.91151311970182,126.41314096660228,45.363509729498894,nan,nan,nan,nan,nan
15,191,0.0,-50.41844518561905,22.75565672001658,-72.15468091448237,0.9320818840414893,,14.744950369000435,14.512404806911945,0.2100365050137043,14.302368301898241,0.0,25.29962702989519,9.260771823884694,36.077340457241185,0.0,3097.766783001517,393.98296232241506,492.952066463098,344.32369644945373,80.0954953365676,nan,nan,nan,nan,nan
16,103,0.0,-55.36801412716432,9.50128069544374,-64.37114260490064,0.4475237882634056,126.2218246459961,12.521430993452668,11.959545587189496,0.11398370191454887,11.845561885274947,0.3001294182613492,23.86514720552173,5.6530495142719355,32.185571302450306,0.0,1669.3452912276964,211.26106707842348,264.6179363497216,191.22944934912113,55.358622561399145,nan,nan,nan,nan,nan
17,76,0.0,-66.79589567671364,1.516936365243218,-68.09659905375938,0.19089435018472872,,9.354890789836645,9.102733062580228,0.08494749665260315,9.017785565927625,0.0,12.086021223653812,1.2598959482974372,34.04829952687969,0.0,1232.3633516829682,137.02911242234518,170.15849050429603,144.40331390991187,11.613290186007989,nan,nan,nan,nan,nan
18,80,0.0,-74.33057492977515,0.2065788485329956,-74.31694647354371,0.18480989204527018,,13.38595223147422,13.094904440455139,0.08966117352247238,13.005243266932666,0.0,0.908459472869712,0.1460614597895051,37.158473236771854,0.0,1295.7763449092101,149.41534038606852,187.7837488517759,163.01504395159773,20.151612394668952,nan,nan,nan,nan,nan
19,79,0.0,-61.06575203483972,4.1957047113562265,-64.96967971287006,0.2629509660237215,,11.844222853891551,11.569691963493824,0.08855833299458027,11.481133630499244,0.0,9.442138650164072,2.8900982508955186,32.48483985643504,0.0,1278.7013571202197,151.7668355661488,190.99454377563026,127.70254567336117,42.84948753499231,nan,nan,nan,nan,nan
20,720,37.024267748745864,133.17712733921365,124.90596062532997,12.464246732269103,3.880339171772909,,43.36873027961701,43.065276166424155,0.7893104990944266,42.27596566732973,0.0,42.26346095407092,17.330104386137936,30.79214438261132,11.999701361214306,11608.789674446607,1220.1826056569673,1680.9963186338805,1428.0896777247224,192.02174777756346,nan,nan,nan,nan,nan
21,88,0.0,-66.33088083031626,3.717245264177904,-69.7424074079019,0.2757977286423272,,9.732349840924144,9.474191769957542,0.09820824954658747,9.375983520410955,0.0,12.424565604870514,2.739273568860011,34.87120370395095,0.0,1428.3612294633035,169.7944242831106,212.94230513477646,136.26014087328363,20.387556815549353,nan,nan,nan,nan,nan
22,87,0.0,-66.84949760176833,3.8914742412311307,-70.46136393109069,0.24560797253342134,,9.959575910121202,9.678995081223547,0.09679652005434036,9.582198561169207,0.0,14.552197625697946,2.523905799856311,35.230681965545344,0.0,1409.6880161559445,155.6293558634023,193.51413886443058,178.37072990124344,5.412532239504487,nan,nan,nan,nan,nan
23,98,0.0,-60.47740558767702,7.501717028736172,-67.57654019015959,0.3669923517497703,,10.787388847209513,10.523607870563865,0.10856532864272594,10.415042541921139,0.0,18.164713531987942,4.554280855331164,33.78827009507979,0.0,1589.1552264050958,187.85595187602416,234.19389067190457,175.82086557194347,38.07844251699459,nan,nan,nan,nan,nan
24,720,59.777091487124345,186.58398141684168,134.7256777873608,56.32520638715738,4.140418097719358,83.23439025878906,37.961866171099246,37.33853181172162,0.789455040358007,36.549076771363616,0.39180688187479973,42.17494695682609,17.80002522410587,31.614488293545655,14.818116906097819,11592.897532139516,1244.8549275485461,1740.5636790425901,1396.2041894699498,213.31249875782825,nan,nan,nan,nan,nan
25,96,0.0,-69.10356886665883,5.215148938765714,-74.03122419919991,0.255453382225565,,10.66501503996551,10.393286438658834,0.10778722539544106,10.285499213263392,0.0,13.620652470947245,2.835240298371805,37.01561209959996,0.0,1555.3431501207951,147.48200042175645,185.42049029125516,158.04029046225918,37.00581237176646,nan,nan,nan,nan,nan
26,84,0.0,-56.853073158614706,5.576391107725894,-62.101129223788824,0.29663594246491676,,8.390269924886525,8.138900280930102,0.0935877738520503,8.045312507078052,0.0,15.451695179031834,4.107284506511247,31.050564611894416,0.0,1365.320225284865,161.93341738655812,200.4181444625352,147.03967879599844,49.52392615895917,nan,nan,nan,nan,nan
27,66,0.0,-64.48481520190686,0.4904296063031644,-64.76847830432075,0.17643687226641694,,7.9275822611525655,7.6778988456353545,0.07341246027499437,7.60448638536036,0.0,1.4883565468883773,0.34295414255540546,32.38423915216037,0.0,1069.6467030494393,136.8306019658755,171.44589694788843,120.96150366477083,37.60972572407545,nan,nan,nan,nan,nan
28,720,66.49689585655679,209.735124851101,151.64939267034265,62.78059124996673,4.3946477655223815,,40.99378979485482,40.773643805645406,0.7889137538149953,39.98473005183041,0.0,42.26296126585997,19.765097382385914,35.106600231573424,17.917095766082802,11586.381375934714,1192.707895730352,1716.1755169105018,1302.5529010584899,298.72213841104485,nan,nan,nan,nan,nan
29,720,53.23798572882053,172.00977431892264,144.90798737396312,31.50419829076634,4.0782109834253735,24.786487579345703,40.74090150650591,40.143824024125934,0.7901381235569715,39.35368590056896,0.34744741301983595,42.12102934958064,19.285021732692726,37.48588658343736,17.68461918937148,11586.043059923088,1169.547162934083,1668.272014037385,1378.135537849566,158.6652871032689,nan,nan,nan,nan,nan
30,66,0.0,-62.83740838783395,1.0534057824336058,-63.6770709530024,0.18592304498497278,,9.630179452709854,9.363658730871975,0.07407252490520477,9.28958620596677,0.0,3.3255350027660224,0.8679100467841484,31.8385354765012,0.0,1069.6612591796732,134.36936181411912,168.51900591116498,117.166379234748,23.90671118878058,nan,nan,nan,nan,nan
31,120,0.0,-71.43973286781016,7.874807191581217,-78.8585262398005,0.40327102317315305,,14.252691718749702,13.98777326848358,0.13396610971540213,13.853807158768177,0.0,18.94339720018648,4.428089734359402,39.42926311990025,0.0,1940.4711219572375,232.48786254749544,291.97094869105575,230.5955703834348,55.48649685574914,nan,nan,nan,nan,nan
32,85,0.0,-71.98306697400837,2.0467730077538944,-73.76709670118032,0.2248807804782928,,12.160714434459805,11.881388661451638,0.09487727377563715,11.786511387676,0.0,22.180122199118266,1.5613384499674154,36.883548350590154,0.0,1376.8418120806173,153.8000072985722,192.66606002246758,161.2996652031764,15.80940690023943,nan,nan,nan,nan,nan
33,110,0.0,-65.29343593255454,7.206307041739813,-72.0887613250409,0.3733458235411073,,12.61820500716567,12.36405439954251,0.12186678778380156,12.242187611758709,0.0,25.323149418660527,4.432278189278724,36.04438066252045,0.0,1784.9144543038944,204.30380661336173,253.26845222891174,201.27918564083893,62.77816791871904,nan,nan,nan,nan,nan
34,87,0.0,-75.10321199176647,1.6342753817114777,-76.52586498229854,0.1752990982668309,,9.895192936994135,9.636721995659173,0.09634116757661104,9.540380828082561,0.0,2.9413405320648573,0.811155361861004,38.262932491149265,0.0,1407.8464061000655,126.77147206037654,158.73296656168634,165.20777937128904,22.964816450444985,nan,nan,nan,nan,nan
35,720,47.53750291242136,153.2619408264802,136.91178957226617,20.503630047661687,3.849538433096297,,44.314447140321136,44.07953763194382,0.7892296407371759,43.290307991206646,0.0,42.2630826976058,18.092296083725326,37.285687888590516,21.734896061193176,11582.915253892377,1142.4093635302786,1618.3120496362708,1359.857128959045,78.54113165211194,nan,nan,nan,nan,nan
36,720,27.972314855141466,89.0078257087495,112.9039354332098,-19.85342839269415,3.734804760380091,55.08436584472656,42.53736419510096,41.9067570772022,0.7888162760064006,41.1179408011958,0.38648657873272896,42.25930703987977,15.883310854309952,37.89902905148855,12.103343341298254,11604.314874184602,1270.0804066315623,1743.0896417527608,1357.522811227276,253.0191842955083,nan,nan,nan,nan,nan
37,88,0.0,-56.83464685076652,7.1472682367944955,-63.59406941816017,0.34554644476316804,,9.120460254140198,8.877421911805868,0.09779693279415369,8.779624979011714,0.0,11.993545476454829,4.399542119152133,31.79703470908008,0.0,1426.1629815394572,176.85900675809526,222.65558928203959,172.0500800124092,33.788342824457466,nan,nan,nan,nan,nan
38,92,0.0,-53.23723728138175,8.093955677320059,-60.96049550081706,0.3381226809729369,,9.598088162019849,9.326233698055148,0.10192937403917313,9.224304324015975,0.0,28.160140382085967,5.334297060202746,30.480247750408523,0.0,1493.3355335507797,167.46806253575946,207.4027385658557,168.57733582196425,16.311733617023716,nan,nan,nan,nan,nan
39,114,0.0,-57.63905758264832,11.342830986022612,-68.4988218306741,0.43906161328180016,,13.028722279705107,12.772868759930134,0.12568323872983456,12.6471855212003,0.0,18.521268498109727,5.6352830003263135,34.24941091533704,0.0,1842.8726898499103,208.17875181537346,262.4228800342618,208.906943503918,28.110299452281108,nan,nan,nan,nan,nan
40,89,0.0,-69.1947500558372,3.7746046204609076,-72.63828882540129,0.28845633544857047,,9.841043466702104,9.591573124751449,0.09844143968075514,9.493131685070693,0.0,15.404935602518753,2.3502098031921173,36.31914441270065,0.0,1440.5879303525987,179.16585409607305,224.71602364760273,190.69935143273008,20.366413616545408,nan,nan,nan,nan,nan
41,100,0.0,-72.14350957262036,4.765983415839178,-76.52321430007957,0.3419424977225049,,11.17951600626111,10.91938755940646,0.11047978606075048,10.808907773345709,0.0,15.774441571739596,3.1112262937934365,38.26160715003977,0.0,1619.6636810727236,198.4383058346266,250.57090403296644,179.42741869505457,36.778171526400214,nan,nan,nan,nan,nan
42,720,42.08453112398668,144.97122728385617,133.33742026820394,16.082830114272937,4.1353037035350075,,41.76354858092964,41.494112415239215,0.7866040049120784,40.70750841032714,0.0,42.259916887879044,17.691758360082446,34.04311606685021,18.798115997760178,11585.847074066227,1210.7208054375346,1710.4899314950346,1345.8478582829277,125.09852121219845,nan,nan,nan,nan,nan
43,720,42.948287683633836,142.62563038183228,127.32799569430189,19.43726597192024,3.8258664575093015,34.594879150390625,36.81229284219444,36.22960971761495,0.7880409061908722,35.44156881142408,0.3737666802480817,40.89343227989856,16.31777356054259,33.229654697673716,18.90046823544952,11583.619361906,1177.2481217597829,1638.0912749675606,1349.8028352100184,100.96070224516464,nan,nan,nan,nan,nan
44,720,55.088964034170104,160.66365702462238,134.70224555603593,30.588564704569478,4.314540814664177,,48.93020897824317,48.62994140852243,0.7909044558182359,47.83903695270419,0.0,42.254956644148294,18.84677976206478,39.79468168188538,12.578110280833243,11596.436900873467,1268.9849774515317,1810.3813156192844,1355.238187027264,233.52941245401425,nan,nan,nan,nan,nan
45,104,0.0,-74.58172813760119,5.175706310260221,-79.37055635286306,0.34062946110375797,,10.02479067351669,9.788536318577826,0.11534111015498638,9.67319520842284,0.0,13.270467339963712,2.8539812796564568,39.68527817643154,0.0,1683.256294408625,202.42035681019544,256.6621808111467,180.86123402597048,25.530878155878753,nan,nan,nan,nan,nan
46,108,0.0,-56.40753052497484,9.52378741393786,-65.47176689795795,0.41611719104076456,,11.748962781392038,11.4938326170668,0.11996148806065321,11.373871129006147,0.0,18.467610421004228,5.503067869841298,32.73588344897897,0.0,1751.2024303985252,203.69719996324363,253.1379098429399,210.2448238066628,60.89988604810247,nan,nan,nan,nan,nan
47,62,0.0,-60.67662422127235,1.026511015265927,-61.48638292864072,0.18342404016170197,,7.867840534076095,7.6370439901947975,0.06919679325073957,7.567847196944058,0.0,2.3425821817392487,0.8131608646606727,30.74319146432036,0.0,1004.763994357999,133.38076656751835,167.77886383517577,107.98498549076344,34.323763686902346,nan,nan,nan,nan,nan
48,128,0.0,-68.7389805510359,9.619913962185798,-77.88806981083133,0.4220033783719828,,11.14247028902173,10.907396944239736,0.14163368567824364,10.765763258561492,0.0,17.166483203652575,5.337446870608201,38.94403490541568,0.0,2075.453534798199,223.9695315971249,279.9845697613561,237.49799217435995,47.925532430658805,nan,nan,nan,nan,nan
49,720,25.911297598506955,83.09403175584384,110.8852665982134,-23.674870849256493,3.7982840555751314,33.42234802246094,39.34988048300147,38.741609942168,0.7897561453282833,37.951853796839714,0.3726205434650183,42.24293668051962,14.66400357717625,37.7487330231352,19.509077743805435,11584.183412556413,1325.5951769977987,1776.750934914869,1360.0230826552918,256.361436538226,nan,nan,nan,nan,nan
50,64,0.0,-62.59273565401536,0.45867407624658924,-62.88344848508778,0.14347354436228946,,10.435476693324745,10.15117375832051,0.07312884088605642,10.078044917434454,0.0,3.282737926602616,0.43789304713826427,31.441724242543888,0.0,1037.4102766422955,113.66603638286446,141.69040836583065,118.83668580955683,19.45175872660816,nan,nan,nan,nan,nan
51,143,0.0,-63.53884254563704,13.836306842876601,-76.69201778327901,0.6166328296130352,,12.970933314412832,12.719696848653257,0.1579978559166193,12.561698992736638,0.0,23.221399416733508,6.541660065182567,38.34600889163951,0.0,2312.231256169166,283.32177800518247,357.2087486573173,271.171154304897,26.415814531162553,nan,nan,nan,nan,nan
52,720,53.686851611678854,169.4388185555585,140.7400081693284,33.292600002106596,4.302624702784676,,37.59740937594324,37.350536892190576,0.7895835470408201,36.560953345149755,0.0,42.25866467969637,18.672612768002956,37.040551610625556,16.523214248393366,11587.549952664867,1224.887650234403,1747.2810281136599,1286.617455671338,234.505271292856,nan,nan,nan,nan,nan
53,65,0.0,-59.890677232432246,1.786122472837765,-61.45567381287702,0.19189806462364647,,8.073720712214708,7.821562837809324,0.07241768296808004,7.749145154841244,0.0,15.646552856770178,1.3686499559049776,30.727836906438505,0.0,1054.0104059516786,129.61239587368232,161.1012472712674,126.35014220931221,29.482710436579932,nan,nan,nan,nan,nan
54,94,0.0,-55.25708047178804,8.18847162263488,-63.049783403400426,0.3666480530367427,,9.921918263658881,9.683962786570191,0.10429477877914906,9.579668007791042,0.0,24.62747935407294,5.192939731213865,31.52489170170021,0.0,1525.4416789414477,179.77880059219228,223.58716106276006,157.36639782856258,51.63400467168978,nan,nan,nan,nan,nan
55,720,54.268150397466854,157.91844337497156,131.11306683805498,31.135701119431673,4.028177159665278,40.51810073852539,39.197283116169274,38.58484229631722,0.79046181589365,37.79438048042357,0.3616005387157202,42.129861637163025,17.91987609022652,38.70029983775102,8.705683690376052,11626.157109282694,1221.4515579082786,1713.7976787143607,1338.295896964344,54.46305998043185,nan,nan,nan,nan,nan
56,720,28.915009114317446,101.14114080162123,114.9381482825979,-9.583884253342937,3.9053711268323283,,48.537301978096366,48.26115608308464,0.7896539838984609,47.47150209918618,0.0,42.23743059893967,15.744166576975125,33.706951240988936,11.20776066714009,11612.281659461358,1274.7395665613792,1749.5586267493923,1316.1947755330818,291.49841444276285,nan,nan,nan,nan,nan
57,119,0.0,-70.5656725175804,8.214510080004656,-78.28396383395491,0.43960381478560645,,11.939697072841227,11.680367534048855,0.13094804529100657,11.549419488757849,0.0,18.449278696397567,4.231038462942661,39.141981916977464,0.0,1925.978989013949,233.51951963890477,294.6595452379821,225.0279667008433,50.932075275719946,nan,nan,nan,nan,nan
58,99,0.0,-74.64303685268379,4.04099826791948,-78.29978839236314,0.33759630015971914,,10.039109792560339,9.80751537065953,0.10899026319384575,9.698525107465684,0.0,20.728891137276197,2.544812593509239,39.14989419618158,0.0,1601.9513198283507,200.57616057085497,253.34547139761742,177.5517659084557,45.20202835671526,nan,nan,nan,nan,nan
59,63,0.0,-61.3403232815872,0.8433508081709271,-61.99250226554073,0.16622183408483915,,8.610743757337332,8.352180858142674,0.06988583691418171,8.282295021228492,0.0,3.323159547956384,0.7601562439730308,30.996251132770357,0.0,1021.4043757754894,125.23107514252374,154.9719263059016,123.83503149745862,25.648533772969888,nan,nan,nan,nan,nan
60,80,0.0,-56.710582524680085,6.002991087126095,-62.38563922713532,0.2957974393584576,,8.430292178876698,8.191192851401865,0.08830159436911345,8.102891257032752,0.0,21.599447639554725,3.505429005047106,31.192819613567664,0.0,1298.0241310467366,159.68002806863296,198.91609646816457,147.5560876091733,51.634891995579316,nan,nan,nan,nan,nan
61,74,0.0,-65.18968072456396,1.8323811749421257,-66.74409901030829,0.23856535216352304,,9.808580376207829,9.556594134308398,0.08211291301995516,9.474481221288443,0.0,6.928833472168996,1.2379674446533158,33.37204950515413,0.0,1199.7553331710947,159.83652105788406,202.3985710604163,128.3566425119064,27.180646076853648,nan,nan,nan,nan,nan
62,84,0.0,-74.07996410081847,1.1745472330327653,-75.01560493465905,0.20800461389139083,,12.02296229545027,11.751020684838295,0.09304164722561836,11.657979037612677,0.0,2.5214104384719733,0.7624065057612512,37.50780246732952,0.0,1359.894731463268,152.7616803975025,192.54369119351486,151.77726796056155,18.411713892435795,nan,nan,nan,nan,nan
63,87,0.0,-78.34546212782648,0.8310568363554776,-78.9439029853612,0.19735195924214247,,10.587105214595795,10.33052609115839,0.0960721829906106,10.23445390816778,0.0,4.016620992047431,0.5328311130462375,39.47195149268061,0.0,1407.3188744909846,149.1972596737492,187.89505504092304,157.71427092648008,7.95330525084819,nan,nan,nan,nan,nan
64,156,0.0,-64.34133774530223,14.447875674411115,-78.0544390831444,0.6694619163673713,83.4178466796875,16.141070258803666,15.552233858965337,0.1718230228871107,15.380410836078227,0.3041650736704469,33.867558938021745,7.287236939463203,39.02721954157221,0.0,2538.809238670987,314.59201375218225,393.83373026217237,270.9964820346946,56.74705610188791,nan,nan,nan,nan,nan
65,720,54.20702598920444,199.20932829768861,157.0115732803499,47.27172080109236,4.724626301573414,,38.980221341364086,38.73691810388118,0.7890957435593009,37.94782236032188,0.0,41.98073964105686,20.470062226412818,30.571165588658257,18.81994684564435,11584.512397034603,1209.3331921271372,1766.3102295759597,1416.9941599250196,195.25652533970228,nan,nan,nan,nan,nan
66,88,0.0,-73.05841338563229,2.2488937962691353,-75.04020280029698,0.23508642480849776,,8.963744721375406,8.724521610885859,0.097690774127841,8.626830836758018,0.0,5.068171248055757,1.348313995314391,37.520101400148484,0.0,1425.2283666406236,161.49001495799737,203.65950173070527,158.47244482086802,43.18700253273358,nan,nan,nan,nan,nan
67,720,35.81330329965547,111.0021628553813,119.31779483919219,-4.238242789813754,3.730483810559197,5.9412689208984375,40.1632434213534,39.569863295182586,0.7887172130867839,38.7811460820958,0.30589662678539753,42.26004562736876,15.389688488954485,37.93242469456235,22.38865497221542,11582.803906425464,1247.729010772476,1690.2949631887539,1394.0224893629286,143.27225947459928,nan,nan,nan,nan,nan
68,720,52.35869443196708,169.81379074569773,141.35892347251553,32.75956550618422,3.9976791109016747,,37.898946018889546,37.678283165208995,0.7903001056984067,36.88798305951059,0.0,42.26115443582086,18.376502226351107,35.97891167887497,23.878526469715503,11582.440514173408,1138.6801689979077,1632.8049291995776,1371.7951284391465,158.30213244069245,nan,nan,nan,nan,nan
69,66,0.0,-63.45991939274835,0.7217826722981936,-64.0122858638532,0.14754813003392947,,10.385741108097136,10.103600868955255,0.07362446468323469,10.02997640427202,0.0,1.336769202361781,0.4968708085649541,32.0061429319266,0.0,1069.3298592145725,113.03776735962599,141.15159126786253,118.62529870135641,33.17561119344166,nan,nan,nan,nan,nan
70,88,0.0,-64.66978773622472,4.638974133654559,-68.98781563973729,0.28848263198972246,,9.66612185165286,9.412153473123908,0.09757484681904316,9.314578626304865,0.0,27.497465195127795,3.0791811249003134,34.49390781986865,0.0,1426.0295706964707,166.57994294991158,208.30547785543405,146.26381299951763,45.336501269601705,nan,nan,nan,nan,nan
71,720,30.472195785511204,91.0833298323947,113.56644922298321,-18.237293799263213,3.935027608685342,8.5855712890625,41.74664101656526,41.14500382170081,0.789450972341001,40.35555284935981,0.3469271259382367,42.26224236705292,15.400026727798258,39.59084268514281,20.13859521542484,11583.837101790306,1304.5626096659573,1792.2048430374089,1298.4455411069887,312.2571972162301,nan,nan,nan,nan,nan
72,87,0.0,-56.438316662082926,7.1829193449738975,-63.19721508162738,0.38481658071957814,,10.69760561361909,10.43784099072218,0.09711454343050718,10.340726447291672,0.0,17.656788811711884,4.522527926591353,31.598607540813685,0.0,1409.7610481712727,189.11030601538152,238.6761012208073,154.99322401669866,78.24423376544749,nan,nan,nan,nan,nan
73,77,0.0,-64.14724391475673,2.483189342741438,-66.35467015837249,0.24251864712645016,,10.24850260745734,9.97011314984411,0.08647255972027779,9.883640590123832,0.0,7.887495601490287,1.8377556183985237,33.17733507918625,0.0,1248.818708012756,158.56071140643314,198.5008901230969,138.19255597166133,48.1616001119427,nan,nan,nan,nan,nan
74,82,0.0,-75.50221609464981,1.0144815880480516,-76.26020812534958,0.22319389999290853,,11.159505253657699,10.864195108413696,0.09118249546736479,10.773012612946332,0.0,2.1562352745386173,0.5994917665640871,38.1301040626748,0.0,1326.471177881887,164.45430614448495,208.564260970342,147.9778251330482,30.02205574698245,nan,nan,nan,nan,nan
75,132,0.0,-54.53153289645623,14.669378079149407,-68.53722050243516,0.6077282657390419,,11.169861426576972,10.935912723653018,0.14579159300774336,10.790121130645275,0.0,25.646391581316422,7.329398228414632,34.26861025121758,0.0,2145.0009742673756,266.34234867836113,333.1933585429603,237.18028776513046,45.27091740615173,nan,nan,nan,nan,nan
76,87,0.0,-69.46541307791813,3.6856402730671642,-72.84389937607793,0.27491042128820337,,9.3105274355039,9.074637674726546,0.09671714529395103,8.977920529432595,0.0,9.640211727064775,2.164753853464373,36.42194968803896,0.0,1407.8760706156077,169.00646546144378,213.04285228233175,150.05464850208946,26.982314515023273,nan,nan,nan,nan,nan
77,80,0.0,-66.49737055204704,2.856198323130675,-69.06256922523082,0.25762087964672964,,8.22227868810296,7.985227375291288,0.088945590890944,7.896281784400344,0.0,9.926963736694875,1.9625588228547173,34.53128461261541,0.0,1295.7094130358337,165.29131439389047,208.62357476456842,147.545491824781,61.732344218083966,nan,nan,nan,nan,nan
78,720,44.648865642074185,145.97160709802833,138.0386089652088,12.500858414720298,4.239284382452531,,36.760484201833606,36.53240082971752,0.7897286443039775,35.74267218541354,0.0,41.72362524903948,18.383069731296988,38.398436434714036,25.37744915165287,11582.399999999903,1207.4421030112392,1723.3026121964467,1344.9404944263015,231.43995070120295,nan,nan,nan,nan,nan
79,78,0.0,-57.14705488027456,4.567399425078741,-61.413195012245396,0.26804119323644127,,10.170916267670691,9.906901306472719,0.08662159461528063,9.820279711857438,0.0,15.493915293469989,3.512164724932068,30.70659750612271,0.0,1267.0833247153728,154.7338015990728,194.1980506036125,131.43650798477222,69.2740857834663,nan,nan,nan,nan,nan
80,84,0.0,-73.24701513228996,1.9741194488776945,-74.92885897323188,0.25024495097988153,,12.641562876291573,12.34232482407242,0.09322080481797457,12.249104019254446,0.0,12.936058080378602,1.2849163068130434,37.46442948661594,0.0,1360.1850267407303,170.55618663321619,215.78738845163917,160.71457284764517,28.265955710559442,nan,nan,nan,nan,nan
81,63,0.0,-61.29197764967169,1.0670958873126106,-62.1269770751249,0.20098697257077136,42.82915496826172,9.949743119999766,9.380307249724865,0.07045060954988003,9.309856640174985,0.2980397753417492,9.246405124232838,1.01741241790113,31.06348853756244,0.0,1021.9307100204092,140.72928536570612,177.5040367388467,111.46329168143441,41.43473562681383,nan,nan,nan,nan,nan
82,174,0.0,-52.005163760730866,20.07382132196911,-71.16579935933377,0.8316765647373743,,16.09414152894169,15.839768858626485,0.19344900734722614,15.646319851279259,0.0,27.87986115835247,8.538286738331612,35.5828996796669,0.0,2821.5667959090783,357.9607013162416,448.715758604844,330.40645749571075,94.35336232344662,nan,nan,nan,nan,nan
83,720,58.272826007055315,203.80349384291455,159.56281645163156,49.1226494127215,4.562487626249341,,43.12592971138656,42.8786639906466,0.7903466010466218,42.08831738959998,0.0,42.26366086732288,21.6700459088477,33.71150130069456,13.500958637759632,11593.304135356007,1199.1403481533398,1742.6146233655957,1313.506869023337,280.87451379233016,nan,nan,nan,nan,nan
84,92,0.0,-72.21838469265379,3.545837787465394,-75.41420636640785,0.30837580599220926,,11.221244207583368,10.967724937945604,0.10182080883532763,10.865904129110277,0.0,15.099355707590087,2.2331572379821654,37.70710318320392,0.0,1490.3282282080795,192.76679928763355,243.74729100036518,164.2432869936158,55.73616187203959,nan,nan,nan,nan,nan
85,154,0.0,-66.73155716840321,13.814347701667032,-79.80864917990615,0.6666235861630206,,14.104415546171367,13.84290169365704,0.1699756095185876,13.672926084138453,0.0,34.22366453606716,6.868676402024491,39.90432458995306,0.0,2497.68321865785,319.5417064644697,401.26278797360914,296.9555283230229,93.12622352898836,nan,nan,nan,nan,nan
86,98,0.0,-63.27781590007988,6.723802288672934,-69.58123872267444,0.37684566035291334,,9.075051724910736,8.841310385614634,0.10857300460338593,8.732737381011248,0.0,19.84080026939858,4.048092353956878,34.79061936133722,0.0,1588.4254077226597,198.95600887700388,250.3896772374208,168.2800016318819,91.16940766393914,nan,nan,nan,nan,nan
87,720,55.55123662865634,154.29860461253298,126.04048608768494,32.16248692033035,3.595514788622129,63.37572479248047,45.16694502811879,44.50163251068443,0.7905821278691292,43.7110503828153,0.3846041774377227,42.03856573057577,16.29281923293099,39.46999316849117,10.942177020334128,11621.945540653607,1211.0244765409266,1608.5676148657005,1335.7758545818579,223.49702458209913,nan,nan,nan,nan,nan
88,99,0.0,-64.93122841451131,5.916990995563429,-70.45762057610635,0.3489316249306865,,10.480975804850459,10.239900823682547,0.11052670981734991,10.129374113865197,0.0,26.319628685486624,4.507296926298893,35.22881028805318,0.0,1609.9276944809428,195.96320954109558,243.12610145994572,189.06307189680618,47.76226328458576,nan,nan,nan,nan,nan
89,66,0.0,-61.63987402821889,1.3175720156629689,-62.722064380842376,0.2016595870448725,,9.004239201545715,8.735095644369721,0.07421610318124294,8.660879541188478,0.0,11.08387360453496,1.1720114763977911,31.36103219042119,0.0,1069.9801575223266,141.72093489449895,178.6526633808246,120.62715219828013,11.371021163338868,nan,nan,nan,nan,nan
90,720,57.489146249785385,173.362102194,142.92748886400355,35.02061915544242,4.271191858528315,,36.41108746547252,36.19540971890092,0.7900275848805904,35.40538213402033,0.0,42.26348020092725,18.97709710584273,39.978836672064176,20.109058055264224,11583.804325069388,1231.9914218523866,1752.6059067810347,1325.1649318364246,209.5856221776544,nan,nan,nan,nan,nan
91,115,0.0,-63.042966325192694,9.941376799556359,-72.47015086062422,0.46967848922712735,,11.91824057791382,11.664484644308686,0.1276768520474434,11.536807792261243,0.0,21.38419934510818,5.209381713748508,36.235075430312115,0.0,1859.290759229415,233.20983614981512,294.76849206568716,190.29510917100288,57.35623155680947,nan,nan,nan,nan,nan
92,720,29.657153796906872,94.12918447743772,112.14648645814405,-14.069143959864412,3.638476234387843,57.8132209777832,40.40256575867534,39.81811033654958,0.7893767086789012,39.02873362787068,0.3298985594883561,42.20546215504582,15.070467665011595,36.691725776839085,10.196239864547865,11624.966379172058,1281.4228818991073,1702.48912280413,1371.9682717356616,189.02122903455228,nan,nan,nan,nan,nan
93,720,33.66912131818216,131.83980323110035,135.82819382319556,0.3469989536674518,4.024092514806844,,41.00259607285261,40.74489721097052,0.7919256733730435,39.95297153759748,0.0,42.26382345663052,18.082238772068568,33.49562184134843,22.604167891525154,11582.611855514802,1194.4004060885907,1681.13274752212,1388.7355999035601,190.69580095091814,nan,nan,nan,nan,nan
94,720,67.6686517779928,191.33122657416553,136.40721727239512,59.60355984807185,4.356999298898105,16.642175674438477,44.013729037716985,43.434403776191175,0.7885470725595951,42.64585670363158,0.2885299092158675,41.606039541528204,17.89447245310555,37.86687185395689,12.259143820558384,11600.594858020659,1301.5570308103477,1806.5284058734696,1341.9082499276756,303.68975887592796,nan,nan,nan,nan,nan
95,145,0.0,-61.53220306298894,14.49404822200011,-75.26606487435548,0.6900681457135414,,12.329905292019248,12.089274267666042,0.16102042607963085,11.928253841586411,0.0,23.378352935523793,6.909598816263836,37.63303243717774,0.0,2345.2233228421533,310.4738782833664,392.37625395316246,265.1231292265775,84.66493711822416,nan,nan,nan,nan,nan
96,104,0.0,-73.29863669410135,4.972179576341438,-77.88307760794916,0.34056868631361936,,12.199592447839677,11.931260460056365,0.11727231275290251,11.813988147303462,0.0,20.870747682047796,3.1922966908303985,38.9415388039746,0.0,1686.5952164024468,211.8293291870686,267.26696105842535,195.86608831570064,99.02859520558502,nan,nan,nan,nan,nan
97,77,0.0,-71.1161121988354,1.1522207926621777,-72.00234559262387,0.2316566835630676,,9.294229721650481,9.050331111997366,0.08548568468540907,8.964845427311957,0.0,11.390239784480533,0.9293799342837671,36.001172796311934,0.0,1246.7879210134506,165.92695011755433,209.88463601078342,133.74260591333058,71.74201342365639,nan,nan,nan,nan,nan
98,97,0.0,-69.92642211361918,4.924508995990214,-74.47141920486979,0.3364680512853364,,10.608392116613686,10.361585459671915,0.10699340514838696,10.254592054523528,0.0,18.79622362255226,3.3000520374485864,37.235709602434895,0.0,1571.3757566564634,196.12316361175138,247.46767217266833,171.60087856837055,59.995890263894275,nan,nan,nan,nan,nan
99,720,48.13133618859203,180.07687406337968,154.20230403436022,30.843622122350837,4.625831599107575,,38.53582616895437,38.307541280053556,0.7893873220309615,37.518153958022594,0.0,42.25692449875505,20.0473633886853,32.70952512741661,23.119786041418177,11582.43745450002,1217.9608242314112,1781.2821314715165,1321.1675897331234,137.4926282069158,nan,nan,nan,nan,nan
100,109,0.0,-48.67651852163817,12.191630298450045,-60.31044455111963,0.5058142209303153,,11.206167524680495,10.94355287682265,0.12047821376472712,10.823074663057923,0.0,22.57130897458732,7.450755678120476,30.155222275559794,0.0,1774.3051762560788,222.6790295625155,276.6421125831026,204.11163528727175,33.731700313742486,nan,nan,nan,nan,nan
101,720,61.97617851074302,215.69682634323053,157.18903185685022,63.58601419755358,4.760239474645184,37.424156188964844,45.8401439525187,45.22263066004962,0.7896323082968593,44.43299835175276,0.3741385079920292,42.26384630095829,21.84356159558845,30.183171411966242,12.371680907825036,11609.639706962456,1279.824615242705,1815.914635001492,1331.1993350138353,134.92782767345454,nan,nan,nan,nan,nan
102,101,0.0,-69.18886793091038,5.465460480074295,-74.24408968117889,0.36826173394672884,,10.214220187626779,9.964847133494914,0.11250943411141634,9.852337699383497,0.0,26.39086260532558,3.6526822142622084,37.12204484058945,0.0,1635.4038836903565,205.47976322566907,260.5435288273647,165.6906546487202,38.3196261317902,nan,nan,nan,nan,nan
103,94,0.0,-67.85478455073276,6.357446335036545,-73.78409202364307,0.38221272873534917,,8.950846087187529,8.71993548143655,0.10502746794372797,8.614908013492823,0.0,22.242873409776735,2.9017110624245563,36.892046011821535,0.0,1520.8039006520828,192.58136703453113,243.68238397724323,182.2355175815214,53.93851820693057,nan,nan,nan,nan,nan
104,88,0.0,-78.47616845322221,0.7196892933781596,-78.92744781942415,0.22679745435161694,,10.983510390855372,10.725223657675087,0.09920082613825798,10.62602283153683,0.0,3.6615764323835682,0.4403780316967312,39.463723909712066,0.0,1424.6086774682428,174.4650253178103,220.62661996038673,176.12669748130722,29.356062804879034,nan,nan,nan,nan,nan
105,720,73.14189441725789,211.4011043048064,146.41369446300234,69.89337883057001,4.584694605688537,,44.09810485877097,43.8335930518806,0.7915470330044627,43.042046018876135,0.0,42.255124617917005,19.80077144022399,38.19520500197288,16.640612089581786,11584.928200455986,1276.6689745374056,1823.8194665129827,1342.4406187718223,156.88594843148798,nan,nan,nan,nan,nan
106,121,0.0,-46.93969711558323,14.68826709651516,-60.96408006504585,0.6023507086784919,,9.720673212781549,9.48551195114851,0.13423369266092777,9.351278258487582,0.0,21.210685178907156,7.879982429615107,30.48204003252292,0.0,1965.112289255173,251.01900164272936,313.15995395965814,221.54407511233006,34.25093067382288,nan,nan,nan,nan,nan
107,720,53.46394787080308,158.98244506929217,129.30355486193042,34.154563021370706,4.166295114552638,28.971555709838867,43.200222353450954,42.59123139735311,0.792277529835701,41.79895386751741,0.3596442146226764,41.95561626879413,17.770568276034837,36.38666636011772,12.134515255524166,11612.033575807547,1277.740703771537,1772.779717392655,1305.6408494405273,192.11437796132037,nan,nan,nan,nan,nan
108,720,38.23794599183838,127.17488484964562,123.25575609118205,8.347553553626355,4.1172609992493525,,41.18971319589764,40.945875636301935,0.7913148691877723,40.15456076711416,0.0,42.20280905483852,17.165030289471886,34.06416921502519,14.24019812034587,11597.672957851611,1278.1871003272113,1789.4349455441604,1332.3880245507924,148.26553134835694,nan,nan,nan,nan,nan
109,104,0.0,-73.23715974156609,4.54305075430895,-77.41662130118866,0.3189855605437495,,13.830528592690825,13.544878166168928,0.11545174103230238,13.429426425136626,0.0,15.067936755874856,3.0666591534826178,38.70831065059431,0.0,1683.5699669851006,196.1139638315852,247.27820580994396,192.31700470322846,71.83792049035372,nan,nan,nan,nan,nan
110,87,0.0,-74.58885002732974,1.8669626971008337,-76.1239635590381,0.2752426957386678,,8.798406654968858,8.557284289039671,0.0964299626648426,8.460854326374829,0.0,12.278683177626615,1.4081463127559208,38.06198177951906,0.0,1409.9275449376512,190.57338742355677,241.38222858202738,166.7427552514036,22.197524365390368,nan,nan,nan,nan,nan
111,92,0.0,-72.25319784265864,3.137663788256354,-75.0583943819243,0.2923158320781104,,11.280607637017965,11.005262672901154,0.10188977234065533,10.903372900560498,0.0,9.037971726014655,2.0808615818669427,37.52919719096216,0.0,1490.0035502270082,186.81898164867215,235.41842805975605,156.35333760124954,64.93782903406955,nan,nan,nan,nan,nan
112,66,0.0,-63.34642770120814,0.6615713926993937,-63.81590494680659,0.16548433831140888,,12.150046400725842,11.848385986872017,0.07347182184457779,11.77491416502744,0.0,4.6519225522057575,0.7246793830550455,31.907952473403306,0.0,1070.3254157939052,125.88967706395775,156.8667948672544,124.24533807196896,35.69779916127975,nan,nan,nan,nan,nan
113,105,0.0,-53.19053073273414,11.186928206585524,-63.843163978697234,0.4837133873171891,,12.587439575232565,12.345307345502079,0.1162330824881792,12.2290742630139,0.0,25.080692311367567,5.77566765491306,31.921581989348613,0.0,1698.3116760817402,211.7048659938909,266.52347149275295,212.11664114854793,53.92539086928049,nan,nan,nan,nan,nan
114,720,49.95071038538427,179.95729025284473,149.02880932602508,35.94059386235257,4.684646985954317,16.03763771057129,42.568899813108146,41.94644215237349,0.7904954291880131,41.15594672318548,0.3671754952520132,42.26068350378961,20.013805614508374,31.980413454207984,20.4552518931886,11583.397360141578,1264.2732272598996,1843.8854468597856,1343.7807209220991,218.02159965274492,nan,nan,nan,nan,nan
115,175,0.0,-52.432995827831746,20.939974053003546,-72.50505467270861,0.8015288858722721,,14.112881089560688,13.857659686356783,0.1942835608497262,13.663376125507057,0.0,35.23002649518739,8.531868772618132,36.252527336354305,0.0,2835.3869642002883,341.64428653017126,429.6021718975716,288.8871338453742,45.93194567157112,nan,nan,nan,nan,nan
116,80,0.0,-65.28727401872388,3.70188955749911,-68.68187974605817,0.2656804630192373,,9.497436165809631,9.251195754855871,0.0895067322999239,9.161689022555947,0.0,11.103872143153314,2.0873737855804366,34.340939873029086,0.0,1295.2212932790324,159.5627607709263,202.15574891269338,154.95796899926324,27.30860757053659,nan,nan,nan,nan,nan
117,720,62.1428663216862,176.2234008786088,129.70361184966518,51.21813164045085,4.353847743479138,,42.28657634276897,42.056409190408885,0.7900322778150439,41.26637691259384,0.0,41.74954786120119,17.54204986836282,36.53380050146077,12.008119698331475,11600.22213853491,1330.3344942568635,1860.1761771740512,1333.5384269478059,125.15400819715843,nan,nan,nan,nan,nan
118,720,25.575676569441065,96.95987933643637,115.01022351344729,-13.748159696143759,3.982142085887597,37.24185562133789,41.91725228726864,41.32537045888603,0.788454725407064,40.53691573347896,0.3259501913562417,42.263791274379834,15.383046635796136,32.44975641751294,9.26660653785445,11641.616028505307,1351.4807154409893,1818.1545760551542,1334.2453989076,144.78472436721077,nan,nan,nan,nan,nan
119,80,0.0,-75.14508571811157,0.5163295060529901,-75.42308176193808,0.20194026777292703,,8.494299681857228,8.264196661300957,0.08908861689269543,8.175108044408262,0.0,1.3834340563464314,0.24928549793014393,37.71154088096903,0.0,1294.4673063392283,156.3461869628307,196.9095951818999,153.92965886323748,26.82470077800439,nan,nan,nan,nan,nan
120,720,37.57355495379949,116.546167906579,124.79358137803005,-3.9002910534616433,4.024412215580337,,42.75562508776784,42.49993859510869,0.7924301363527775,41.70750845875591,0.0,42.24462309021574,17.436058568754905,39.52370048053031,17.866410387484162,11587.937802991682,1256.0973734036177,1761.4170680255418,1337.3419170700568,174.07313993232876,nan,nan,nan,nan,nan
121,94,0.0,-51.93433645858033,8.555819980993721,-60.05223920556832,0.3920459339992477,,13.225293453782797,12.964451098814607,0.10470781195908785,12.859743286855519,0.0,17.995424621339815,5.262778478183125,30.026119602784163,0.0,1522.3810112469428,182.16409248601823,227.71225528753067,190.325584471973,11.134688742090152,nan,nan,nan,nan,nan
122,65,0.0,-58.91411787535982,1.892790632539965,-60.594155660930234,0.1855636843896169,,9.8177441470325,9.555252460762858,0.07307808566838503,9.482174375094473,0.0,4.159352620066908,1.6493778946055815,30.297077830465106,0.0,1054.3681583362368,125.72135931653581,156.77391853550728,127.92610895427227,2.2453731842924443,nan,nan,nan,nan,nan
123,720,48.377953881745825,139.38045898003418,123.29584012174169,20.378343290312046,3.993080170940101,27.762451171875,43.11752380244434,42.51716139726341,0.7914116960018873,41.72574970126152,0.33417491614818573,42.19756832155412,16.127853143972064,38.18878223658978,10.458530649479854,11605.127763862889,1308.4546207037747,1768.662058310889,1296.7426425526503,209.99517350599461,nan,nan,nan,nan,nan
124,136,0.0,-56.993659764159794,13.930685590151665,-70.27384108441834,0.5919320209001117,,13.604069010354578,13.35216914024204,0.1510408828034997,13.20112825743854,0.0,20.462606865153678,7.212970606207503,35.13692054220917,0.0,2201.5450696462044,270.7908605616337,339.64232126428095,246.30615056236473,89.78635940354978,nan,nan,nan,nan,nan
125,60,0.0,-61.062527743527,0.014574653993188887,-60.90697184349128,0.14672016961778886,,8.299937188625336,8.023299543187022,0.06897603254765272,7.9543235106393695,0.0,0.0,0.0,30.45348592174564,0.0,973.3555340309496,120.91936152752614,151.2493931461035,100.23461027533732,45.345962252846334,nan,nan,nan,nan,nan
126,70,0.0,-63.040310565982146,1.9319365567467008,-64.72311771531957,0.21573267892577558,,8.03336623031646,7.794794668443501,0.07847758010029793,7.716317088343203,0.0,9.215466338342248,1.2834540720000394,32.36155885765978,0.0,1133.8376071725368,142.52230324821963,178.0125881026218,143.40068162857943,33.5633917833328,nan,nan,nan,nan,nan
127,213,0.0,-39.683472743863675,27.201699845023388,-65.65296819388219,1.125314172539394,,18.33672663755715,18.080017401836812,0.23475062381476164,17.84526677802205,0.0,31.812117213355744,10.456544864629175,32.82648409694109,0.0,3449.376587149191,453.10163204113087,570.0180560723057,392.183017106201,84.91388289456543,nan,nan,nan,nan,nan
128,70,0.0,-65.69008965600364,1.2298233213411989,-66.68131548639978,0.20270310815459927,,7.8781223222613335,7.6350767239928246,0.07804239634424448,7.55703432764858,0.0,5.418150636359637,0.977319513880663,33.34065774319989,0.0,1133.2044021708057,148.07965699058317,185.93672486730657,139.1114785578614,22.059888617430172,nan,nan,nan,nan,nan
129,720,50.58387761988177,143.18017635631097,124.10052173071543,23.539337485373736,4.144075071113266,,44.28102054167539,44.00865495670587,0.7894943645223975,43.21916059218347,0.0,42.02779281566297,17.23060560712143,38.814208877194886,9.198090265460749,11622.689638995796,1316.8020502387226,1828.3492308765146,1306.2694508412328,404.81119820330184,nan,nan,nan,nan,nan
130,720,22.460008123851345,85.08275088176573,111.70899540210858,-22.45552089163374,3.845463782942793,22.573429107666016,40.36005442403257,39.735262270085514,0.7887997180223465,38.94646255206317,0.39078099094331264,41.01791829425363,15.099064595939094,33.687768569668215,20.127962619624174,11583.958412998856,1291.0612385893028,1778.0174030100989,1367.889429915399,181.63618772377217,nan,nan,nan,nan,nan
131,98,0.0,-70.31297593032396,5.148377690696772,-75.08644637177039,0.3323389246558536,,11.37480080127716,11.12712790351361,0.10926398076117039,11.01786392275244,0.0,12.110961197329656,3.033683948484675,37.5432231858852,0.0,1586.563387572371,193.7420106552546,243.6872714718783,185.57636712533497,68.51130299500898,nan,nan,nan,nan,nan
132,79,0.0,-67.51311476997091,2.3417329902382424,-69.57204703246687,0.24471136190418585,,9.891833906061947,9.654107376001775,0.09063791017979383,9.563469465821981,0.0,6.769261428994466,1.7856394227188799,34.78602351623344,0.0,1279.4880654315778,161.16002940893628,202.37449696831249,154.7906740389867,75.8907161353146,nan,nan,nan,nan,nan
133,82,0.0,-57.21089588129142,5.998574454529421,-62.83751480487383,0.33401884931573783,,10.5994862485677,10.329271039925516,0.09091350995004177,10.238357529975474,0.0,14.879549893453841,3.671663107486436,31.418757402436924,0.0,1327.5171099446156,170.74677923851672,215.16380489735175,149.3857227922744,39.123979286493366,nan,nan,nan,nan,nan
134,107,0.0,-71.04730501234059,6.3242809142494805,-76.92539138584849,0.38942182571272865,,11.51406969036907,11.252399961464107,0.11911400500684977,11.133285956457257,0.0,23.329380697590537,4.050547560616905,38.46269569292425,0.0,1734.22832259411,216.32011966182122,272.26528067430485,208.6876965232851,37.575831734137786,nan,nan,nan,nan,nan
135,74,0.0,-67.90152809708366,1.4100990919814382,-69.04877096397878,0.21975816535911108,,10.306200459599495,10.025302646681666,0.08249864261597395,9.942804004065692,0.0,5.271043864702869,0.8710545671901146,34.5243854819894,0.0,1198.1885458324182,155.4611382820188,195.90821166823372,151.62915035927563,31.698709551783672,nan,nan,nan,nan,nan
136,84,0.0,-60.95519065793313,4.642402459814932,-65.24945615487786,0.30652879287108126,,8.59958822466433,8.359538757242262,0.0930421631783247,8.266496594063938,0.0,12.58740647216711,3.5852236601040324,32.62472807743894,0.0,1363.071509299243,174.91511846963627,219.20185915624367,148.19893761498363,61.85547044924325,nan,nan,nan,nan,nan
137,79,0.0,-66.18382338983203,2.8535130401368733,-68.7058164811994,0.2879625713258737,,8.166271698661149,7.920572821982205,0.08755808789283037,7.8330147340893745,0.0,7.422220933743838,2.1104233140003696,34.352908240599696,0.0,1278.8113089031979,182.14464821090453,229.10387375673216,150.25286764518754,40.917588724269905,nan,nan,nan,nan,nan
138,720,50.73069567524786,161.53329727102067,130.64942224742535,35.69591018374149,4.462834303659013,,46.27812043298036,46.00903556961566,0.7898010406643152,45.21923452895135,0.0,42.26121718134091,18.249699905504897,32.88274058337709,10.697447947900859,11625.090420595625,1347.8112005624614,1886.0166526748237,1343.9173036025454,193.53975513016246,nan,nan,nan,nan,nan
139,72,0.0,-62.88305713725752,2.046569206547125,-64.70551086120719,0.19556856721019264,,8.93279192969203,8.692505461163819,0.08030434977263212,8.612201111391187,0.0,10.771865584818688,1.738089013221455,32.352755430603594,0.0,1167.7058716020294,134.51147857039854,167.91372822380131,136.54815383675927,44.838266883778864,nan,nan,nan,nan,nan
140,89,0.0,-66.88730447143908,3.8775616626128646,-70.47250369109156,0.2530034924629932,15.447991371154785,9.374504965730011,8.853971897624433,0.09890510141849518,8.755066796205938,0.289842308498919,5.777422770628829,2.667855594627793,35.23625184554578,0.0,1442.1814976517928,154.5131145488543,194.61760194824112,167.68603922016243,31.80618042681013,nan,nan,nan,nan,nan
141,720,63.4909280371168,206.62234814175986,161.60601609061948,50.071813267425966,4.745600615128106,,40.953632520511746,40.645506624132395,0.7948836162686348,39.85062300786376,0.0,42.25623106629221,21.817303988639004,38.4550214034038,8.52286100500772,11615.010450935102,1246.98704698692,1787.1624805212582,1263.6635018576185,151.17677720921975,nan,nan,nan,nan,nan
142,720,63.62775068938552,190.5304665685381,141.6439382165924,53.84201783701852,4.593683747400825,12.567089080810547,43.64335852302611,43.09630469605327,0.7901794482022524,42.306125247851014,0.29208419658243656,42.258681357151154,19.321264391702762,36.706741770876256,13.928371547237314,11596.445115208244,1298.8041885640346,1852.521462849418,1402.4577945517378,157.35597572106158,nan,nan,nan,nan,nan
143,720,24.597725198948154,80.57219349040686,114.80787628414133,-29.90568336457268,3.9963375619704538,,41.148883572779596,40.89158371090889,0.792688344605267,40.09889536630362,0.0,41.99862346591777,14.016688332342465,39.550566881234495,17.39360247464173,11585.486730322147,1416.3806202073235,1828.2250987946702,1354.5542217472757,172.03041519428035,nan,nan,nan,nan,nan
144,162,0.0,-56.23740836863418,16.012062196499855,-71.49737860324075,0.680323037112563,,18.12295415252447,17.847172369249165,0.17889011558145285,17.668282253667712,0.0,26.58072260720698,8.134067253844893,35.74868930162036,0.0,2635.1695006155005,319.36476618343517,397.35951872154305,302.58179800745626,42.17016669095723,nan,nan,nan,nan,nan
145,93,0.0,-61.25809766494939,6.328133186498404,-67.1778810750651,0.3675004094286407,,10.554599853232503,10.305829802528024,0.1029227627441287,10.202907039783895,0.0,13.404392951080894,4.186920901907502,33.588940537532544,0.0,1507.593823427438,191.6475044230255,240.02953689578726,159.08986861496186,58.91838806636047,nan,nan,nan,nan,nan
146,720,59.56411353664029,204.88125280252638,160.16974465532212,50.07830484303224,5.017562735796301,8.20307445526123,42.45052118599415,41.88046077825129,0.7918864190578461,41.088574359193444,0.3418048080056906,42.26371019653444,21.514813637915733,34.52496111512417,20.91931727330515,11582.873289272358,1252.3589406431865,1870.4092944555093,1357.9309060281441,135.13066721586833,nan,nan,nan,nan,nan
147,65,0.0,-63.30512570656786,0.3493414550906163,-63.45772759007408,0.1648213356028201,,10.694708618335426,10.41383130569011,0.0727662444114685,10.341065061278641,0.0,1.8875730330051388,0.2512662843592355,31.728863795037032,0.0,1054.0807297328417,129.5618200247623,161.83092464415037,129.81709054043304,26.10236918567107,nan,nan,nan,nan,nan
148,90,0.0,-71.56657947331102,2.988346943057291,-74.23329290846156,0.2829498198104262,,10.417285272851586,10.1708561219275,0.1043416066095233,10.066514515317976,0.0,13.424098973222632,2.16303719534173,37.11664645423078,0.0,1459.495694887595,181.90983203798578,228.44928704032546,163.08172536366243,16.772233697087607,nan,nan,nan,nan,nan
149,720,43.019071653678004,120.71180438282983,116.92037995996164,8.103504118798938,3.9871088528252976,,42.91456614714116,42.6748672677204,0.791504755616188,41.88336251210421,0.0,42.2595639068766,16.165958598870425,38.96731959427854,9.520264241526144,11641.5537182142,1346.971912421781,1813.9655463259376,1323.6418308018426,131.57436945934407,nan,nan,nan,nan,nan
150,111,0.0,-60.516066550843654,10.323623763796196,-70.21531368657953,0.5597700671466679,,10.419929094612598,10.172358966432512,0.12266791239380836,10.049691054038703,0.0,20.4202756556488,5.594949203549777,35.10765684328976,0.0,1794.1450193794306,256.3484602358827,325.8814644442134,212.75787008890646,70.51621940667013,nan,nan,nan,nan,nan
151,720,58.68055597203157,180.51908655364528,142.71174290266333,42.66843108552213,4.52456425661057,9.643808364868164,40.803784826770425,40.20716320164502,0.7903776066377759,39.41678559500724,0.3359311083331704,42.26368045519892,18.602186192605945,37.346340429270505,17.54575437315962,11586.868254217747,1274.741874817464,1802.7730951600724,1329.6779060758731,77.54114467825717,nan,nan,nan,nan,nan
152,720,32.82288661549041,99.87356312334411,111.49410123863275,-7.419279864938673,3.8757951832706152,,42.07237289007753,41.839854422956705,0.7935427306219935,41.04631169233471,0.0,41.432490358776874,15.536886136026515,36.53252654795974,14.790577278847481,11590.736888637593,1327.1045435850078,1822.4723810270186,1338.2015800904253,95.04502627891705,nan,nan,nan,nan,nan
153,720,47.572973489294974,149.36148925387897,132.1445273314397,21.90020779074382,4.353929162813689,9.918622970581055,50.639941909350455,50.05285284668207,0.7924600504338741,49.2603927962482,0.28977625630795956,42.25686494294378,18.551794641951314,36.622869593923056,12.690186318479046,11600.595556335524,1325.1405222796297,1842.3467076567792,1340.6571086163415,241.8724346301982,nan,nan,nan,nan,nan
154,109,0.0,-52.91974928714748,10.906093932589453,-63.34266025130748,0.43801564556979655,,12.056393783539534,11.790399762801826,0.1220610523596406,11.668338710442185,0.0,23.76224092582995,6.59695441963416,31.671330125653746,0.0,1774.1545132549697,205.78097223646182,255.03020137050888,199.7109572686279,38.27165777913372,nan,nan,nan,nan,nan
155,83,0.0,-74.73337547389124,1.0795881086001027,-75.5707168706582,0.21053364064463587,,11.536596303805709,11.26513528265059,0.09227675665169954,11.17285852599889,0.0,5.022091792934419,0.6858931097443883,37.78535843532911,0.0,1343.2625815855763,156.0718952065856,197.78320921820213,147.43141607826314,16.251933248475154,nan,nan,nan,nan,nan
156,720,29.1995194105305,92.66800206744492,114.29229017444271,-17.55773813372116,3.751197063959245,,42.3763526706025,42.13668257370591,0.7901002317667007,41.34658234193921,0.0,42.059670061947,15.666545235815319,37.97838847739108,16.499629540152476,11589.36705227285,1230.0698419898283,1713.587482693927,1377.2019809729195,108.86870793699121,nan,nan,nan,nan,nan
157,720,55.08329962664475,166.65992324633254,136.36531308045747,35.0975136174218,4.477114088000443,9.241080284118652,40.91083609126508,40.36019743978977,0.7892274251207709,39.570970014669,0.3349836580455303,42.211009508600036,17.920462818369327,37.534542817933854,19.439634558848756,11583.220880986002,1275.715137941949,1840.6926871251198,1275.891719663155,158.58213896507652,nan,nan,nan,nan,nan
158,720,51.410120207370625,160.70359717482685,138.60033712335047,26.51478186332031,4.083713405571833,,39.01312778983265,38.75511163007468,0.7901298776268959,37.964981752447784,0.0,42.261063720205684,18.852321287245818,38.15272927571048,15.920058169899745,11588.595534040436,1184.793384313564,1683.3960297798283,1346.877347260792,158.5536858865585,nan,nan,nan,nan,nan
159,720,49.268805929909846,165.0986547691777,140.9831493060173,28.736029647344864,4.3052524470888525,4.429678916931152,39.66386547591537,39.13040329515934,0.7875795541331172,38.34282374102622,0.2899652272462845,42.22565868065681,18.916302251068704,34.90079110623741,16.626562699269726,11587.93034293133,1226.1406919463595,1737.3294794268604,1336.449290046566,181.95243705703382,nan,nan,nan,nan,nan
160,86,0.0,-73.33654431135854,1.9606088003570163,-75.0067245232417,0.2536313637755869,,12.334444887936115,12.07617640402168,0.09753524605184793,11.978641157969832,0.0,5.3305130663658975,1.5450883008297949,37.50336226162086,0.0,1392.364769080996,175.38383813588612,222.3291989547514,139.11086388151838,49.573003503778246,nan,nan,nan,nan,nan
161,129,0.0,-57.07482403486679,14.141854012647384,-70.51390361098274,0.6332930903399729,,10.671444911509752,10.446094965562224,0.1430421620607376,10.303052803501487,0.0,29.66568305577065,6.535402932603549,35.25695180549137,0.0,2086.032184425755,273.9858881191265,346.5625962155029,251.27413271941163,42.831623931933436,nan,nan,nan,nan,nan
162,89,0.0,-68.68441501652511,3.7054266569740073,-72.09687812477051,0.25756440310261336,,9.53490203153342,9.294067243114114,0.09873040486127138,9.195336838252842,0.0,11.436682038893458,2.413569228303673,36.048439062385256,0.0,1441.6958478731883,162.61864257733595,202.8417737314524,174.7788811053457,12.096573054342878,nan,nan,nan,nan,nan
163,720,69.88996289603475,239.61977501085585,180.932616152882,63.88732717944086,4.900995884255302,,40.30607296060771,40.027685318142176,0.7858834527432919,39.241801865398884,0.0,42.247326904010905,24.32914188018945,37.946299306314316,19.532294200071544,11584.00049702237,1139.2524303271132,1706.242055949479,1274.624968127437,55.64312637507629,nan,nan,nan,nan,nan
164,111,0.0,-69.1063433084551,7.649088276177227,-76.30033466489343,0.4035910560151806,,10.089467156678438,9.853927971795201,0.12155568692833185,9.73237228486687,0.0,19.645045208712652,4.241176470524585,38.15016733244671,0.0,1798.0554433715379,218.8509038228707,275.8501494335454,208.31488214497756,20.031972534031908,nan,nan,nan,nan,nan
165,105,0.0,-68.48154768528032,5.638110755055721,-73.73511122018441,0.34181750132165223,,14.209623268805444,13.920479827560484,0.11605734098702669,13.804422486573458,0.0,21.848622569830322,4.0277090533543,36.867555610092204,0.0,1699.9141432263411,197.09104783071635,248.11353907456945,200.09604320545947,41.04786473124567,nan,nan,nan,nan,nan
166,122,0.0,-64.57742505342452,10.028531788656073,-74.05977695299732,0.48914540433753395,,15.391432632692158,15.125921035185456,0.13451362121850252,14.991407413966954,0.0,24.08242436958798,5.594659852447577,37.02988847649868,0.0,1976.402729962061,242.55508654479874,303.0613793944939,244.1488990239035,32.39318208551466,nan,nan,nan,nan,nan
167,97,0.0,-72.7215544866484,3.7340442481285137,-76.10133811018673,0.3093495479331891,14.536456108093262,10.462458380497992,9.913337839767337,0.10666691046208143,9.806670929305255,0.30087627191096544,24.153665636091056,2.6900280305330013,38.050669055093366,0.0,1570.6274025432774,204.86918750574895,258.8155598608272,181.03388041950782,40.478934601891844,nan,nan,nan,nan,nan
168,103,0.0,-73.08429732782533,5.228438916074402,-77.89732780430943,0.3716183463499875,,9.689400962553918,9.43771447520703,0.11406557075679302,9.323648904450238,0.0,17.012394940514987,3.072443868685523,38.94866390215471,0.0,1666.0747277707783,207.70588271484516,263.19030790294187,185.13452936157037,9.276494662869917,nan,nan,nan,nan,nan
169,70,0.0,-58.786162487321626,2.847166970489072,-61.40849361740423,0.19974052932683145,,7.327947023324668,7.097681127488613,0.0794971277937293,7.018183999694884,0.0,7.185367687605523,2.1381731916074598,30.704246808702116,0.0,1135.790375329434,127.68459616042527,159.14533879886508,121.60277524686488,21.768886750058726,nan,nan,nan,nan,nan
170,112,0.0,-62.65370675878026,9.339687759915485,-71.42003060503222,0.5137243180527402,,11.845178130082786,11.599491246975958,0.12430065590888262,11.475190591067076,0.0,15.60151213013884,5.4121317338498605,35.710015302516105,0.0,1813.6427152038543,248.23577641165528,314.2778296609962,198.770341892467,7.528575652381295,nan,nan,nan,nan,nan
171,101,0.0,-67.4752437774788,7.013319465940697,-74.06678865203313,0.3739289740369599,,10.458937134593725,10.215080141089857,0.1118382615968585,10.103241879492998,0.0,12.989453658107996,3.574502904181556,37.03339432601657,0.0,1632.8054904828962,201.20652095720516,253.29098700949612,205.32861835286005,12.078587366245545,nan,nan,nan,nan,nan
172,101,0.0,-64.92406182657643,6.864957029655942,-71.3524469611954,0.3902981520241254,,12.576014772988856,12.325664491392672,0.11093559116125107,12.214728900231421,0.0,21.759892429106653,4.296876416160956,35.6762234805977,0.0,1637.4337122882257,202.3829298094492,253.1168458350782,194.85597316727566,60.24321853684169,nan,nan,nan,nan,nan
173,105,0.0,-50.48493811201494,10.70107096281169,-60.68708038087496,0.45340793660225454,,10.305898549966514,10.065540364012122,0.11550417635589838,9.950036187656224,0.0,22.733756454586246,6.510391188946706,30.34354019043747,0.0,1704.6712411545366,211.20424800544666,261.79708113788803,203.3585020750174,27.754819812303694,nan,nan,nan,nan,nan
174,117,0.0,-68.4452191790968,9.207457251209878,-77.20148501534678,0.40925180912573667,,10.612470649182796,10.390192500315607,0.12886540312319994,10.261327097192407,0.0,18.899057939319835,4.392174238955082,38.60074250767337,0.0,1892.3909669864208,210.0154093686478,263.71005676657427,223.0612374897344,57.510946930746314,nan,nan,nan,nan,nan
175,108,0.0,-54.066242252350854,10.328430114247286,-63.901273350803976,0.4510279066521883,,11.708367988467216,11.462863139808178,0.11886816471815109,11.343994975090027,0.0,22.496701322914134,6.225908828811608,31.950636675401988,0.0,1750.4000165816283,213.77799014478254,267.36269212749534,190.69914904830338,31.042638491109514,nan,nan,nan,nan,nan
176,720,42.977937420667715,158.8898749053516,137.53149640516256,25.931055822509123,4.240565740029601,15.160440444946289,41.4320282349363,40.88226055447012,0.7847641911357641,40.09749636333436,0.31398390233516693,41.79819934855945,18.27118000709852,30.012409509413153,23.302810477277053,11582.51488276243,1227.6064391883422,1760.1625585893355,1369.0931069783164,46.961737456370756,nan,nan,nan,nan,nan
177,93,0.0,-77.56299171493423,2.4535822606740676,-79.70244364416911,0.2791953483166681,,10.03720287233591,9.784188080579042,0.10307247564196587,9.681115604937077,0.0,8.688288508380666,1.4621479359606788,39.85122182208456,0.0,1504.9599556110854,182.90671477109305,233.6711694960123,144.99139045166504,34.58902884730581,nan,nan,nan,nan,nan
178,74,0.0,-66.48597749486656,1.7136735703647223,-67.92899390837172,0.22835042360875837,,9.106473817490041,8.855368224903941,0.08507573697715998,8.770292487926781,0.0,5.677007218762132,1.1996737089482767,33.96449695418586,0.0,1198.823892180262,159.7700531810717,201.43252006624098,146.49462156873167,8.176082120493577,nan,nan,nan,nan,nan
179,85,0.0,-67.5948167570434,3.2111702865633083,-70.50513914316528,0.2639823039164074,,11.051417876966298,10.779505387879908,0.09431009273976088,10.685195295140147,0.0,12.86265255391526,2.3383156809325456,35.25256957158264,0.0,1377.4303115678126,164.83560481031634,206.58072706263022,176.68535986704293,18.96352313279367,nan,nan,nan,nan,nan
180,720,51.5918083755806,156.14653864331535,129.02265561563843,31.717452598653438,4.2502014159731,,41.89412646275014,41.694058652967215,0.785392832942307,40.90866582002491,0.0,42.07474031448252,17.33981699783736,35.73308207625388,17.119414167573126,11590.989570608679,1301.756309238312,1818.0802163281714,1385.6876336044452,134.69754027796407,nan,nan,nan,nan,nan
181,720,19.063172070128758,64.4605619035852,106.5027510609919,-37.70892022025479,3.9885517818526295,7.323007583618164,43.07025800738484,42.48519666586071,0.7846037540584803,41.70059291180223,0.3413840299472213,42.09916966350181,14.026610739445733,37.91763218025614,12.219229579916162,11594.05654052926,1424.0370079864153,1862.443269863533,1350.0537027088078,200.99481488245058,nan,nan,nan,nan,nan
182,162,0.0,-59.76270298749574,18.087280195851186,-76.95663844943897,0.8111572689666874,,16.038451354950666,15.796670930460095,0.17904812190681696,15.617622808553278,0.0,29.309825419206003,7.678540149404558,38.478319224719485,0.0,2622.90112909143,339.91750182722194,434.1731810287457,310.6201604246709,89.88543438110817,nan,nan,nan,nan,nan
183,90,0.0,-70.47623059491463,3.4576937450668215,-73.59027878877137,0.30054944603311806,,10.735817871056497,10.473905907943845,0.10020136926323175,10.373704538680613,0.0,18.493565752717725,2.5049351315030886,36.79513939438568,0.0,1458.1377010425626,190.30761855493805,241.8811710060343,164.81983363008445,83.29444119031837,nan,nan,nan,nan,nan
184,74,0.0,-61.54391507286705,3.0283668586052053,-64.33553384106304,0.20988675525509323,,8.990917468443513,8.736026871949434,0.08270294312387705,8.653323928825557,0.0,7.129321486895577,2.031051694985822,32.16776692053153,0.0,1199.4123441939507,131.97484147304576,163.84955660619795,137.51065549602492,29.801371591440827,nan,nan,nan,nan,nan
185,74,0.0,-63.036638619391454,2.8478274428918087,-65.58702879569404,0.2523538809950448,,8.89929754845798,8.641984642483294,0.0818953299894929,8.560089312493801,0.0,7.4206829562372585,1.956420030043288,32.79351439784702,0.0,1198.8974708101007,156.7186987762641,198.9032188632618,141.36393798886473,61.96679303701434,nan,nan,nan,nan,nan
186,720,51.527808075749206,154.230519560992,125.37591428395605,33.15584702497662,3.9793305512189265,,42.78362395334989,42.513890822418034,0.7879133494570851,41.72597747296095,0.0,42.17488697236454,16.829496325749002,34.9498845632609,11.35775295787197,11612.296959683668,1269.155071754537,1731.0965545415934,1348.1537744484854,92.79488638914121,nan,nan,nan,nan,nan
187,65,0.0,-58.67512631406403,1.7727375980155653,-60.24197696900879,0.17934534373520167,,8.131112545728683,7.878729960881174,0.07257540430873632,7.806154556572437,0.0,3.568835276790753,1.4078101757469148,30.120988484504394,0.0,1054.3555282715697,123.912599188705,155.0169896564684,117.55898697091935,21.109647439941867,nan,nan,nan,nan,nan
188,79,0.0,-61.17647743069143,3.9788598456201356,-64.84594256672882,0.2707309069934692,,8.48515060171485,8.244279408827424,0.08774199988692999,8.156537408940494,0.0,13.132748378678935,2.8292833235002206,32.422971283364404,0.0,1281.1859347439392,159.5946284469287,200.0591577825124,155.15087886143453,39.720153672907244,nan,nan,nan,nan,nan
189,119,0.0,-59.28954759993872,11.58337562179558,-70.28321436071327,0.5275270026824384,,10.356211140751839,10.116860345937312,0.13136747013777494,9.985492875799537,0.0,20.405814075082322,6.270284833288795,35.14160718035663,0.0,1929.6849407576678,248.14773339250635,311.21410557391283,235.79499548078957,55.85647788076031,nan,nan,nan,nan,nan
190,720,53.459512816646814,155.69392518644668,131.1647213069485,29.33175701406627,4.455804361465126,5.7983012199401855,42.93936480488628,42.27725157421082,0.7869953010231256,41.4902562731877,0.4094875603914261,42.260746549721475,18.035361917306258,38.79363430961369,15.740939029946096,11590.734160979926,1311.339664035652,1873.3131551567365,1384.7184582804173,87.10428626479046,nan,nan,nan,nan,nan
191,720,0.0,39.500832393596696,105.09790481415268,-61.45123728578304,3.794365664024206,,46.27810970321298,46.00247720722109,0.7901063095778227,45.21237089764327,0.0,42.26349245706603,14.318052235249219,30.725618642891522,0.0,11610.893321221163,1377.7662532682846,1847.4352984372204,1357.5319444425356,21.90358822335669,nan,nan,nan,nan,nan
192,113,0.0,-55.77897007159662,10.774530129179702,-65.99857305127553,0.5007333518630895,,12.72582662384957,12.467567818239331,0.12496124766767025,12.342606570571661,0.0,23.44230738514792,6.27600925555414,32.999286525637764,0.0,1829.9452836269052,233.3546057223093,291.91055481085994,222.31666728186332,16.66454092683996,nan,nan,nan,nan,nan
193,177,0.0,-61.25335909057064,19.081550844637086,-79.45527196188007,0.7941663755519359,,16.106278370134532,15.854319984093308,0.19417400937527418,15.660145974718034,0.0,35.06878982952919,7.686428106146776,39.727635980940015,0.0,2865.795299544986,355.34952561533106,447.29108393018845,343.9425582212745,59.975537450690396,nan,nan,nan,nan,nan
194,79,0.0,-56.21275597865267,4.960071420220498,-60.83533396692377,0.2968203171243516,,8.951078433543444,8.71029160823673,0.08713262900710106,8.623158979229629,0.0,15.646966137011152,4.231242442547743,30.41766698346189,0.0,1286.3005523212819,162.49537595286907,201.71071882181207,152.99547967465435,46.005526423400035,nan,nan,nan,nan,nan
195,88,0.0,-54.35731295602855,6.929876844897225,-60.84507685981709,0.39831032149731177,,9.307977125048637,9.066683149896562,0.09712416213005781,8.969558987766504,0.0,28.02922836156844,5.170058060068864,30.422538429908542,0.0,1428.2532398552487,198.24727225716865,249.03231021684422,153.01748901317853,32.58775363593274,nan,nan,nan,nan,nan
196,720,53.08620572257728,174.50158344734353,145.70500647716588,34.11526070202767,4.945920955808411,10.11739730834961,43.917117468081415,43.26071649417281,0.7879440616816282,42.47277243249118,0.36802297085523605,42.26361754200481,19.96318168279197,36.02857537156345,14.47816622460983,11587.674623508854,1326.1027488301088,1930.7536558993625,1366.631898282535,90.3935566915906,nan,nan,nan,nan,nan
197,93,0.0,-62.36469598733332,6.00156169505318,-67.99729278373496,0.32899711815136284,,10.163897138088942,9.923090542666614,0.10327387601137161,9.819816666655242,0.0,12.662097829904255,3.8825050072285876,33.99864639186749,0.0,1509.3805804909966,181.00222411587902,225.81948147000134,183.15791114995375,22.468015163121695,nan,nan,nan,nan,nan
198,97,0.0,-72.87528794123149,4.054785151102687,-76.54312315079142,0.34188755240940927,,12.613404665142298,12.350378203205764,0.10928003955632448,12.24109816364944,0.0,8.902108409094238,2.631534431102904,38.27156157539571,0.0,1570.5338671918616,203.5548517051802,258.8088135121572,174.61688957817904,53.9488669910664,nan,nan,nan,nan,nan
199,98,0.0,-60.806451823500765,6.50313108285881,-66.85364638442388,0.4141574280323682,,9.41726468782872,9.18459369521588,0.10902956686913967,9.075564128346741,0.0,22.832735350434643,5.002495566465681,33.42682319221195,0.0,1593.9156266167797,212.8555032152873,265.2209870168847,161.1374788079615,37.308087956903776,nan,nan,nan,nan,nan
200,70,0.0,-58.666580836186526,2.8251665889758626,-61.23003332859,0.23437493498333484,,9.521406666375697,9.25101434905082,0.07816442381590605,9.172849925234914,0.0,14.596313180403108,2.403448630071359,30.615016664295002,0.0,1134.2597139721206,143.41893870491268,179.02587454849387,134.707746499785,56.03007836191517,nan,nan,nan,nan,nan
201,78,0.0,-71.05206648150732,1.3803927779566854,-72.13418028034836,0.24852556340538562,,12.59453842882067,12.296361662447453,0.08629270829260349,12.210068954154849,0.0,9.270086212375295,0.9583052985823038,36.06709014017417,0.0,1262.7939421748733,170.07807928166864,215.24417147156296,164.22520250165198,4.224204007166413,nan,nan,nan,nan,nan
202,88,0.0,-63.38217695458015,5.1936423856344724,-68.21666462752789,0.3176479836465607,,9.430955367162824,9.199214657768607,0.09708695858716965,9.102127699181437,0.0,9.638069832981852,3.2896651506390397,34.10833231376394,0.0,1424.272966364771,176.45581959042286,222.8777661671686,160.76668083383012,13.891259682637056,nan,nan,nan,nan,nan
203,720,47.704739467819316,143.93801688175387,123.20300681218421,25.27440303648943,4.21184824314166,,45.88611799757928,45.64485786110163,0.7850271742790937,44.859830686822534,0.0,40.634386096079844,16.57076811375182,35.0675379495746,15.865422115974514,11586.96799989302,1330.5444358386974,1834.0120421141237,1321.678906819593,276.6068677119906,nan,nan,nan,nan,nan
204,66,0.0,-64.18667274176461,0.6942380331865367,-64.66139104963302,0.18735876419076963,,7.916692831553519,7.669481958262622,0.07289146166294813,7.596590496599674,0.0,2.669426770425122,0.5355731558754666,32.3306955248165,0.0,1069.7262145832706,139.87736454665202,176.28900632729955,122.28950614539306,62.31759981282136,nan,nan,nan,nan,nan
205,720,62.308924393620245,183.08766837047756,136.3861380173887,51.262160465228206,4.204731442209319,11.546974182128906,40.85086007975042,40.222735243849456,0.7854540180414915,39.437281225807965,0.3789375592023134,40.790838283799104,18.01507558109403,36.67784416100615,15.266755866433392,11595.626601684935,1248.5739593946598,1745.1333648088635,1322.534107223588,91.87545751647588,nan,nan,nan,nan,nan
206,71,0.0,-65.73296080645271,1.206792609963459,-66.71136660593176,0.19603278800456037,,7.411343232728541,7.1742220632731915,0.07927185855805874,7.094950204715133,0.0,3.449971068833841,0.7935877834080729,33.35568330296588,0.0,1150.9859364704594,141.88396458033367,179.76022650812288,121.3867336090509,41.41696488134847,nan,nan,nan,nan,nan
207,91,0.0,-57.36033047506932,7.138047967362402,-64.07200260611486,0.3863978570991799,,8.346949690952897,8.111974895000458,0.10122446622699499,8.010750428773463,0.0,19.383041532424745,4.622070033078191,32.03600130305744,0.0,1475.420897164829,186.11164880777733,234.19184495167107,172.45566317778045,48.76824605140348,nan,nan,nan,nan,nan
208,76,0.0,-65.77004807618846,2.311010608306459,-67.78171360356447,0.2563980455396312,,10.540024196729064,10.26452537253499,0.0847675520926714,10.179757820442319,0.0,8.615365987404445,1.6799738665534563,33.89085680178223,0.0,1230.9683355165641,165.36071466407398,207.6865776868139,155.96968004659584,34.74870956659719,nan,nan,nan,nan,nan
209,720,33.30031402592422,121.00655221927717,129.5823353908338,-4.015705920670399,4.210426263129222,,40.54190210998058,40.29889371152967,0.7896999102085829,39.50919380132109,0.0,42.263451771912216,18.185318976494866,35.30816698625942,18.52889326863752,11586.281205393736,1285.480356693149,1812.473238753621,1353.1065291437083,75.65481497063728,nan,nan,nan,nan,nan
210,68,0.0,-62.8955472096501,1.2633358022689272,-63.946859017788675,0.18567049266921215,,9.077744643203914,8.812950779683888,0.07558716181665659,8.737363617867231,0.0,4.1125243121188015,1.1085950565540925,31.97342950889434,0.0,1102.280840799566,134.5470418872683,167.6320354650192,119.2206997993163,31.448878128326506,nan,nan,nan,nan,nan
211,83,0.0,-73.93589089588397,1.109215784176489,-74.77103549664622,0.2367611516802748,,10.746755721978843,10.477924590930343,0.0918050967156887,10.386119494214654,0.0,6.428861991844652,0.7523034000636862,37.38551774832312,0.0,1344.2078992909662,172.29859638742326,217.3264187169246,152.01782492449277,58.04587298445608,nan,nan,nan,nan,nan
212,80,0.0,-74.80792196027349,0.4623215580506537,-75.01772896045676,0.21436685009261836,,10.788679980672896,10.532320621423423,0.08860920835286379,10.44371141307056,0.0,2.5461115550820668,0.3390904835019584,37.50886448022838,0.0,1294.8140210517786,166.00442743900464,211.05242475815345,139.88720603912,21.94967323129563,nan,nan,nan,nan,nan
213,108,0.0,-74.20736213126506,5.422326210124446,-79.14668345783804,0.4256446393548651,,11.737237755209208,11.47874010913074,0.11934997327625751,11.359390135854483,0.0,20.21100124412222,3.6118137742828216,39.57334172891902,0.0,1750.130764359727,244.74019269212434,311.86631722599714,184.72714249954285,78.1313244655259,nan,nan,nan,nan,nan
214,207,0.0,-35.88719607896219,29.065563501582,-63.73063223664075,1.124656100786582,15.710522651672363,16.536020504310727,16.02038860321045,0.22720995172858238,15.793178651481867,0.30343426391482353,30.374125563020343,10.479670833382134,31.86531611832037,0.0,3357.792322080917,435.40200760406486,543.7520905140897,373.6329056540554,72.41202583689139,nan,nan,nan,nan,nan
215,71,0.0,-68.86089849357694,0.0759481288308472,-68.70425285092864,0.19605949759102956,,9.71490172483027,9.446928480640054,0.07883328851312399,9.36809519212693,0.0,0.6774833850507411,0.028269518237013538,34.35212642546432,0.0,1150.7801732982848,157.48658860880525,199.11385973041376,131.91865301316068,22.30530171693973,nan,nan,nan,nan,nan
216,70,0.0,-61.17965788985939,2.229345993977191,-63.11303459045698,0.2548614839434066,,8.32827074918896,8.091702851466835,0.07893392723053694,8.012768924236298,0.0,15.759348682856746,1.9866231964295398,31.55651729522848,0.0,1134.3593201329934,161.7322652526329,203.80387989722192,136.219592156637,21.300698933863668,nan,nan,nan,nan,nan
217,67,0.0,-63.638914350138876,1.094619856323826,-64.51266846462967,0.19094021044315942,,7.112853329628706,6.861848894506693,0.07518257852643728,6.786666315980256,0.0,7.790920430938595,0.929528657141603,32.25633423231483,0.0,1086.1814177679516,137.8450054802722,172.28682217974566,134.68864575988007,7.447057988067559,nan,nan,nan,nan,nan
218,166,0.0,-54.39005193327421,20.226194389802952,-73.72419826158304,0.8062080630761465,,13.059705743566155,12.81769825797528,0.18241493683308363,12.635283321142197,0.0,23.344993465060647,8.422634145163661,36.86209913079153,0.0,2698.7269924095663,343.48313244316205,430.0283874979774,322.3497227061858,71.17991853749353,nan,nan,nan,nan,nan
219,720,26.007501649648052,79.42622518640911,110.93384124308858,-27.129191067328705,4.031470897576883,,43.04531859047711,42.80171632952988,0.7864621346816421,42.01525419484824,0.0,41.24905053671831,14.694607558114996,39.5720971833124,13.520182602029776,11588.070761786814,1395.966556104599,1877.4954681951572,1340.112297438495,131.17841851882503,nan,nan,nan,nan,nan
220,71,0.0,-63.45315805654253,1.9098921932415598,-65.10951487195382,0.2183755124901929,,7.8863166412338614,7.650720247998834,0.07826929725706577,7.572450950741768,0.0,7.318285801761689,1.3729670162420067,32.5547574359769,0.0,1150.8577821252645,148.67748973397764,186.90459170302813,128.0941848283741,27.30156654893318,nan,nan,nan,nan,nan
221,720,43.309831200693715,151.6677758595208,134.33528895484176,21.587150875807964,3.920801727472444,5.442723751068115,39.11920114047825,38.514038431458175,0.7859006822109222,37.72813774924725,0.3841582993045449,42.26343184164961,16.976248932093597,32.51625576278973,26.77263320287775,11582.3999999999,1185.970988563598,1686.9524163858343,1356.5805658619718,107.3801000779866,nan,nan,nan,nan,nan
222,107,0.0,-69.81221279058512,6.581294084017317,-75.95190182278229,0.3906603679968509,,11.32878546975553,11.095975873060524,0.11847205087542534,10.9775038221851,0.0,16.914543693413762,3.4389438083767816,37.975950911391145,0.0,1732.8070010319548,211.698496407709,268.1216648830112,214.14581044129724,29.188028156073376,nan,nan,nan,nan,nan
223,72,0.0,-61.31028746867197,2.801955648477958,-63.867054045510145,0.21342926041601948,,9.068736377172172,8.802821788936853,0.08078315388411283,8.72203863505274,0.0,8.652186273461867,2.063466581031161,31.933527022755072,0.0,1167.6369349905242,135.07076318698319,169.0436864442235,141.3889193429266,47.65190686977545,nan,nan,nan,nan,nan
224,720,39.497656465148644,118.02155024550319,121.08334276172194,1.2407626281306392,3.965263712673819,,42.23012806288898,41.97570459917188,0.7869110498577356,41.18879354931414,0.0,42.26000969670167,16.132323180019544,38.877275151083325,19.649847757855703,11583.879629868772,1252.660501908475,1739.1150561426714,1389.793168874776,154.3739816082639,nan,nan,nan,nan,nan
225,720,73.89163569066856,217.07546324052598,148.49669571268106,73.31324066001342,4.389351355754934,2.093759059906006,45.70299659948796,45.09687242284417,0.7867573658004403,44.31011505704373,0.33322018943727016,41.948901195757095,19.72206249417066,37.23501536066187,13.63901191355662,11592.598738440323,1234.0121770420885,1742.8049698330017,1345.62731071982,95.49182979695705,nan,nan,nan,nan,nan
226,96,0.0,-65.96288541400313,6.671727493529716,-72.18351987766246,0.4017166844515192,,10.232578496448696,9.978718845173717,0.10663762129843235,9.872081223875284,0.0,17.325205350314643,3.5746334205901658,36.09175993883123,0.0,1554.2445079122742,205.21334209816422,261.2004422993232,172.55071236717922,77.79254975430564,nan,nan,nan,nan,nan
227,78,0.0,-72.58276191405054,0.6826455789362008,-73.05168593995202,0.18033216776080452,,9.061826835386455,8.81005522608757,0.08810450788587332,8.721950718201697,0.0,2.6650497504016117,0.5009357341589712,36.52584296997601,0.0,1262.2833626500496,136.37308646961625,171.1668576349798,148.05252405840747,9.576863831524859,nan,nan,nan,nan,nan
228,179,0.0,-40.24179345972075,24.492307380746837,-63.68509180779005,0.959442393372163,,14.391533706337214,14.142960540018976,0.19703170843422413,13.945928831584752,0.0,29.90669001873841,9.690548119468298,31.84254590389502,0.0,2898.260842862289,371.99515307697595,466.73354027378525,353.16937110044887,100.34154630770344,nan,nan,nan,nan,nan
229,720,51.4117829902132,148.44952183993496,126.659935213475,26.402825218308053,4.276545401682225,,42.82263059262186,42.5545445214957,0.7857840321958065,41.76876048929989,0.0,42.164027503183505,17.61726012703982,38.21037038105917,19.626970683598348,11585.09025094329,1320.9923580594193,1850.3788743211226,1314.3707991498375,298.1310076766174,nan,nan,nan,nan,nan
230,93,0.0,-52.571673046833936,9.129710115756525,-61.30456583095494,0.3569294345051001,,9.90813848003745,9.663806789554656,0.10229721758514643,9.56150957196951,0.0,17.794770336338434,5.385456375582949,30.652282915477475,0.0,1508.8886808240386,168.9229833627817,210.1570368942632,170.96584661134546,50.66920677648462,nan,nan,nan,nan,nan
231,76,0.0,-59.05910049008591,3.7805670839264445,-62.52761368937035,0.2728581430803072,,10.556837434880435,10.277606981806457,0.08432146906852722,10.19328551273793,0.0,21.458098601082902,3.1732687957942063,31.263806844685178,0.0,1233.7610326658905,164.44008962229432,206.37593121876975,135.03625814269694,72.08570552281111,nan,nan,nan,nan,nan
232,87,0.0,-72.83377989455626,2.416611001901186,-74.95379934773442,0.25468541590742344,,9.435748342424631,9.192836792208254,0.09594895597547293,9.096887836232781,0.0,12.752983829854077,1.7339212174369067,37.476899673867194,0.0,1410.1816908031356,173.94359984496822,218.79253484311857,186.24050522433066,32.22509893950877,nan,nan,nan,nan,nan
233,720,14.782024609748776,50.06294614269858,103.63079093935197,-49.41479713609524,3.759425826842625,14.306201934814453,46.096322091296315,45.42537879105657,0.7874974375590682,44.637881353497505,0.3931774813681841,40.731896091752446,13.860534333846088,39.48942317779638,13.420937868812091,11606.880280358544,1360.0934162187457,1798.4952663463218,1364.824571397058,110.79132260195303,nan,nan,nan,nan,nan
234,81,0.0,-72.80018398365928,1.3632330774734487,-73.91143886717687,0.21883936059193823,,9.768143338151276,9.511194946244359,0.08901066239923239,9.422184283845127,0.0,10.120694463291072,0.8386207371037404,36.955719433588435,0.0,1310.7956826223628,155.14604355541542,194.3169771149304,147.00795384074513,36.65398081963254,nan,nan,nan,nan,nan
235,720,63.38196843840005,175.92712911992822,130.09771766500137,50.5556421520956,4.370271427688394,,41.06700174789876,40.82768859528005,0.7862382028251886,40.04145039245486,0.0,42.23180717943403,17.33687626619286,38.10414736235225,15.569199218674997,11594.892047395011,1355.9825504261275,1845.960924048164,1359.319976882436,327.22287793892866,nan,nan,nan,nan,nan
236,64,0.0,-60.543755773976955,1.4000576538439709,-61.71863578987068,0.1946275776099228,,7.777941631153226,7.522702102549374,0.07069640886038542,7.452005693688989,0.0,10.15612886767518,1.1279616274692885,30.85931789493534,0.0,1038.0398683140625,135.17147154334936,169.54327289276577,125.67154232772114,42.18506186806792,nan,nan,nan,nan,nan
237,74,0.0,-64.69164682468984,1.9403060102037646,-66.38825972473755,0.21918966865259726,,10.106434487737715,9.85121732018888,0.08169790357351303,9.769519416615367,0.0,6.202084185619455,1.6046799233019253,33.19412986236877,0.0,1199.5260181618653,151.05088371272237,190.13296106230266,119.88495663603891,57.018185163219506,nan,nan,nan,nan,nan
238,90,0.0,-54.29306965968033,7.248929033199051,-61.13699034374113,0.36764021721371576,,10.69311897829175,10.44676942564547,0.0990029750391841,10.347766450606287,0.0,24.18812629433484,5.298657921260711,30.568495171870573,0.0,1464.791986725437,185.68851103082946,229.72246660321878,163.93786878904803,70.96663713286877,nan,nan,nan,nan,nan
239,720,72.83066123024,228.64172547188497,164.04988343823948,69.32429557786719,4.401813484704956,6.8936662673950195,40.719590234570205,40.140679497271776,0.7861000634729862,39.35457943379879,0.3365750899538398,42.26224233738247,21.437018077343254,38.1685134413064,12.680893388173631,11599.817244603802,1138.6998284463766,1639.2555221755197,1399.804218998547,139.45897035442997,nan,nan,nan,nan,nan
240,73,0.0,-67.2442319614456,1.5327354921241838,-68.51767632381586,0.22545057784790196,,10.883667740039527,10.60969495587051,0.08195324148982763,10.527741714380682,0.0,6.687220492953656,1.0188643571254625,34.25883816190793,0.0,1181.916192023851,157.06966862545212,198.399669222113,132.60282656307024,66.45171933903423,nan,nan,nan,nan,nan
241,75,0.0,-65.05298686968881,2.5430097408431327,-67.28735759107755,0.2664486508175619,,7.321340590715408,7.08400599937886,0.08402845729142427,6.999977542087436,0.0,10.559381769683638,1.8869707412714187,33.64367879553878,0.0,1215.6243599127588,169.826979787389,214.37260154907872,136.45448620964908,57.20251385872398,nan,nan,nan,nan,nan
242,179,0.0,-42.37351940786614,24.113580364626877,-65.54793766462637,0.8464812126008299,,14.807832296937704,14.553332482464612,0.1975593976676464,14.355773084796965,0.0,24.903478535948754,9.211648601160169,32.7739688323132,0.0,2897.0286777750994,334.88584176083486,419.5644543450304,354.26271814293216,44.02558555115195,nan,nan,nan,nan,nan
243,103,0.0,-60.89222231584763,8.03602172223066,-68.42317914194749,0.4549803445176981,,10.840893192216754,10.596621989272535,0.11328806355595589,10.483333925716579,0.0,24.012565906551238,5.043437017160473,34.21158957097374,0.0,1668.5261270584758,229.44009791473528,289.6290530028782,176.78874735950743,94.87753174708723,nan,nan,nan,nan,nan
244,101,0.0,-66.96767961188884,6.694082301693993,-73.19942828233599,0.4119104026648174,,11.329067861661315,11.084676887840033,0.11102015618234873,10.973656731657684,0.0,16.617193680733056,3.8459114483386063,36.59971414116798,0.0,1633.189283940917,216.87629745194008,275.30960985407285,191.92351676447052,85.17044767528884,nan,nan,nan,nan,nan
245,96,0.0,-73.45676500622858,4.2734737591753955,-77.32011726195869,0.36144494640496244,,11.282195715233684,11.0212378539145,0.10592180769890547,10.915316046215594,0.0,13.214969679971556,2.531172766593848,38.66005863097936,0.0,1554.887629718949,213.10256869541004,271.8517731001821,175.4436530949958,101.23530420186134,nan,nan,nan,nan,nan
246,64,0.0,-63.72036295139357,0.4610414752883243,-63.95685710555672,0.18873202700274613,,8.619393557310104,8.358783763833344,0.07183411438018084,8.286949649453163,0.0,1.6847118451196894,0.40228061704157153,31.97842855277836,0.0,1037.3613693395948,145.38226711922468,182.64015638786506,116.3644882776152,41.63738188388269,nan,nan,nan,nan,nan
247,77,0.0,-56.11864764840604,5.261862813774838,-61.021182726154194,0.3254885620729214,,10.502469664439559,10.217179858125746,0.08539867401123047,10.131781184114516,0.0,21.74305983182813,3.5248754576306363,30.5105913630771,0.0,1246.5894358415185,160.08005738593343,201.74992048172763,125.53899644864329,82.87807722208552,nan,nan,nan,nan,nan
248,83,0.0,-62.04886122663123,4.224794969243983,-65.96519724766696,0.2777412702172249,,8.72778238914907,8.488168708980083,0.09151088073849678,8.396657828241587,0.0,16.30596389274034,2.824391864734706,32.982598623833475,0.0,1345.9742908836547,163.22671811683148,205.07041686797953,134.2866402957223,57.827587803079965,nan,nan,nan,nan,nan
249,84,0.0,-62.46110928061779,4.759499979485455,-66.84827565688282,0.3321294440817603,,10.86775484494865,10.581652518361807,0.09329727943986654,10.48835523892194,0.0,16.803986088924443,3.1560036983570448,33.42413782844141,0.0,1361.0441645733563,187.0021189347237,236.03191764764316,143.51903439592664,74.28018987491403,nan,nan,nan,nan,nan
250,118,0.0,-56.60944816061074,10.951056518607446,-67.01738149071942,0.4971516058265822,,11.140790657140315,10.89464560430497,0.12991386279463768,10.764731741510332,0.0,28.419593688910727,6.364344885990837,33.50869074535971,0.0,1918.2184034031186,238.57592752327673,297.8673421242214,215.89852064039334,80.59788911769083,nan,nan,nan,nan,nan
251,71,0.0,-64.3190775373842,1.2035005317121452,-65.2827539233984,0.20438303806966804,,12.553585901856422,12.269041020423174,0.07886451482772827,12.190176505595446,0.0,7.8211262361128515,1.1555539740376912,32.641376961699194,0.0,1152.3439142061925,147.43737300137894,183.87502853463707,132.38862887560245,43.39176631948813,nan,nan,nan,nan,nan
252,71,0.0,-63.06254746614675,1.7190736241912836,-64.55669473862015,0.19874553956601826,,8.546391380019486,8.302502109669149,0.07846314180642366,8.224038967862725,0.0,5.725155656162989,1.227593758766792,32.278347369310076,0.0,1151.1840776394438,136.46541422540253,171.0887153527367,122.48018971439964,26.964414618305728,nan,nan,nan,nan,nan
253,107,0.0,-58.15514590281987,9.575136790723935,-67.25363086968846,0.4290170146100984,,11.121069400571287,10.862749663181603,0.11781552713364363,10.74493413604796,0.0,18.533519845165007,5.690530992138607,33.62681543484425,0.0,1736.8428969145773,206.36323426357833,258.0455260073046,197.196492530639,62.43099367569351,nan,nan,nan,nan,nan
254,720,24.171586139169285,68.6193408227363,104.03090723156686,-31.319093350002532,3.7322193438803883,19.062137603759766,42.47282752394676,41.84622975252569,0.7872372660785913,41.058992486447096,0.36884136497974396,42.26354765171886,14.461026356473901,39.83113281417056,10.7197846407611,11599.516780250315,1345.0765088144083,1787.5617944289545,1374.2920690596015,253.21301448597055,nan,nan,nan,nan,nan
255,193,0.0,-44.9744147704786,24.375975203464215,-68.4448156194671,0.8400196765559252,,15.239627106115222,15.005192510783672,0.21344819385558367,14.791744316928089,0.0,28.4195536634405,9.326751859433895,34.222407809733554,0.0,3117.005683817063,342.80374339526486,430.37544386957774,359.52600133185024,72.44311077588931,nan,nan,nan,nan,nan
256,128,0.0,-63.24381161814124,11.412359672225652,-74.04257437085731,0.5576187012309641,,16.239569143392146,15.936815390363336,0.14359780121594667,15.793217589147389,0.0,24.355095665813998,5.858008085280303,37.021287185428655,0.0,2070.489760158431,260.497990373667,329.98183631691677,224.56201187137194,75.39695002471322,nan,nan,nan,nan,nan
257,105,0.0,-67.62235144517682,6.855779173825998,-74.11935540906836,0.3202953925473243,,10.042934006080031,9.806046232581139,0.11584608443081379,9.690200148150325,0.0,13.643078520454145,3.539036910828866,37.05967770453418,0.0,1698.8646002830942,161.93653020153468,204.94394232922266,178.96437954282877,68.05309880903644,nan,nan,nan,nan,nan
258,90,0.0,-69.75110983531265,3.492057778185323,-72.91394943809925,0.2875821526828972,,14.98544377181679,14.692195686511695,0.0994430584833026,14.592752628028393,0.0,17.679679850608935,2.610581553426351,36.456974719049626,0.0,1456.7207298814628,178.88034543719874,226.47280421281795,174.96910771901,59.825910430855735,nan,nan,nan,nan,nan
259,125,0.0,-68.89898528734551,9.552005167048089,-77.9584310957437,0.4456454249878973,,13.100175397470593,12.823603290133178,0.13743254449218512,12.686170745640993,0.0,23.592192082109058,5.106838285279738,38.979215547871846,0.0,2025.6438430303874,232.2672225596361,295.39975138252026,207.03486613745372,91.85307305252707,nan,nan,nan,nan,nan
260,106,0.0,-59.845230106848035,7.5696024118307506,-66.85114701986063,0.5046822310989266,,11.691214085556567,11.437677678652108,0.11696101445704699,11.32071666419506,0.0,23.008604774330323,5.415694173691686,33.42557350993032,0.0,1725.3271182926371,255.0256915797986,321.92156830613516,173.37304991040315,129.3255878861299,nan,nan,nan,nan,nan
261,79,0.0,-67.11750098986981,2.2995152754460593,-69.15386029318529,0.2286204828602318,,9.122182147577405,8.879061826504767,0.08728120103478432,8.791780625469983,0.0,9.027923156126118,1.6454868098481301,34.57693014659265,0.0,1279.129884224472,155.34567426624255,194.6740149336127,145.44085069850797,40.837838428623755,nan,nan,nan,nan,nan
262,85,0.0,-79.57012380093099,0.18248523579613304,-79.49759049620687,0.20621959737462237,,11.53362780623138,11.255647614598274,0.09401227254420519,11.161635342054069,0.0,1.9117406124172738,0.14148008602400677,39.74879524810342,0.0,1375.0677114502532,164.99630323642327,209.07631167362663,167.8857616109994,42.324822199922664,nan,nan,nan,nan,nan
263,145,0.0,-62.76037812997904,14.617299012424125,-76.65996730287901,0.6505462772794693,,12.271183148026466,12.032316313125193,0.1595772271975875,11.872739085927606,0.0,29.785792923130046,6.627006779637722,38.329983651439505,0.0,2344.2323801117286,290.86496874743597,368.439597904978,254.17638108105567,71.94677793953622,nan,nan,nan,nan,nan
264,86,0.0,-67.24200049353686,3.6654377850291384,-70.58245364422567,0.28742842337369323,,10.778477063402534,10.50983335915953,0.09491134993731976,10.41492200922221,0.0,21.751238735859427,2.639205873943029,35.29122682211283,0.0,1393.808455082779,175.7957031910502,221.80007793933243,154.3382624461365,72.1419073624667,nan,nan,nan,nan,nan
265,651,0.0,8.122245259317305,86.57065454133073,-75.04954118872001,3.098722730569755,19.790822982788086,33.79293923545629,33.212730505503714,0.7121807588264346,32.50054974667728,0.3438926199451089,42.2207296399942,13.045013291566365,37.52477059436,0.0,10508.750210652634,1213.373606523725,1554.4617613977518,1163.230785334879,258.35118133712564,nan,nan,nan,nan,nan
266,98,0.0,-69.62169875479941,4.480167415752538,-73.7794921484579,0.27886582581585095,,10.900649782270193,10.646746904589236,0.10920075420290232,10.537546150386333,0.0,10.036984452274854,2.939997603355834,36.88974607422897,0.0,1587.7708779967313,167.73132021901495,209.57331879076622,181.40386825592898,21.84980202252975,nan,nan,nan,nan,nan
267,111,0.0,-57.170112781426646,10.806997802401952,-67.42904445565841,0.4975561667761216,,12.508406194858253,12.246974421665072,0.12462623231112957,12.122348189353943,0.0,17.8478890313546,5.914416800683649,33.71452222782921,0.0,1796.039887169492,233.50696479330688,293.91197572387165,193.62337192283874,88.26900278007027,nan,nan,nan,nan,nan
268,145,0.0,-58.541846512737386,15.07861714408227,-72.93425085488984,0.6212016082585615,,14.765361765399575,14.508309398777783,0.1594432881101966,14.348866110667586,0.0,31.812513776924177,7.163049562668313,36.46712542744492,0.0,2356.9973221654354,287.94186623136443,359.77250364103145,276.79162435774384,54.720763869566134,nan,nan,nan,nan,nan
269,108,0.0,-66.64648928394311,7.191320552676652,-73.38647412174222,0.41073253724005987,,10.699307278729975,10.462502989917994,0.11854981631040573,10.343953173607588,0.0,21.3986904916407,4.620037239731964,36.69323706087113,0.0,1752.7559710683554,220.44136997587398,276.39925294801776,183.95337936563394,62.39966499935248,nan,nan,nan,nan,nan
270,80,0.0,-66.46210773894103,2.990333393205042,-69.15172647040522,0.2597922937734094,,9.081102381460369,8.83223475702107,0.08800048846751451,8.744234268553555,0.0,11.046743311118922,1.9997463215818034,34.57586323520261,0.0,1295.816648789783,165.7412923752194,209.45940525612554,141.70587312130905,34.40793162795397,nan,nan,nan,nan,nan
271,78,0.0,-68.76619515875313,1.6917376770710697,-70.16895287238803,0.24583632975073233,,9.519604671746492,9.265813634730875,0.08594588655978441,9.179867748171091,0.0,14.383197443314558,1.4930076240480115,35.084476436194024,0.0,1264.2328698875588,172.97084355020874,217.77390386907754,150.0500426379014,47.37480844252885,nan,nan,nan,nan,nan
272,89,0.0,-78.18210396019929,1.3303316422883327,-79.22919380452929,0.2417644003182351,,10.230596925131977,9.983006722293794,0.09816969279199839,9.884837029501796,0.0,3.911694955739651,0.7470232184635422,39.61459690226464,0.0,1440.0482769152882,176.91566216824037,224.11856810989386,152.73546770914746,47.276786072599414,nan,nan,nan,nan,nan
273,109,0.0,-65.93100675936688,8.267096569321499,-73.73504320162553,0.40175785972014283,,12.233058795332909,11.966603732667863,0.12005544919520617,11.846548283472657,0.0,24.442739433067192,4.750464078136272,36.86752160081277,0.0,1767.8726494996945,205.58692607954316,260.8648105742442,217.51797498693338,49.963089506018235,nan,nan,nan,nan,nan
274,68,0.0,-65.37904467283622,0.9152054052842591,-66.05932929436207,0.20251754326293409,,9.446985395625234,9.184392243623734,0.07494957558810711,9.109442668035626,0.0,5.917700507860293,0.7791084299078214,33.029664647181036,0.0,1102.126401408804,148.1914831852709,187.4637413063913,114.32620681610513,70.22652206209446,nan,nan,nan,nan,nan
275,101,0.0,-69.7533541193849,5.9133632939602965,-75.22289230078252,0.3952584123216077,,10.256736543029547,10.01330341026187,0.11089635919779539,9.902407051064074,0.0,16.638267153495256,3.7791527556992777,37.61144615039126,0.0,1636.7824895083145,217.56927674034222,275.08115367845517,172.81996687897268,93.27236195224599,nan,nan,nan,nan,nan
276,188,0.0,-57.27455008679461,21.111573610166815,-77.35325891417051,0.932726090455062,,13.755264407023787,13.526397918350995,0.20561614353209734,13.320781774818897,0.0,34.12004272877994,8.692892140041073,38.676629457085255,0.0,3051.9360313848442,406.29727581626577,510.35668030233484,353.1253354061575,64.0810409280773,nan,nan,nan,nan,nan
277,720,38.46065561491047,152.62996300146352,146.21470245659174,10.539929756093684,3.771202233548631,8.924477577209473,39.99736587330699,39.349509082734585,0.7830784674733877,38.5664306152612,0.38066062331199646,40.580703885066896,18.902874189251747,33.19069073686363,26.37685355821693,11582.399999999885,1048.1416255070578,1536.1838083744706,1387.6767953146236,85.3001110025412,nan,nan,nan,nan,nan
278,70,0.0,-68.53452707621301,0.4168612570536616,-68.7266302855037,0.19168508835597484,,9.941115151159465,9.669663116335869,0.07741273660212755,9.592250379733741,0.0,1.669767638536879,0.36115419993778586,34.36331514275185,0.0,1133.4252689991738,150.2050288950174,188.9438264909088,127.30961314261695,53.95061593347521,nan,nan,nan,nan,nan
279,720,74.6274805619149,253.60453104503972,170.76895585536818,87.544561262477,4.3739189243259275,,37.764014925807714,37.51088014990091,0.7851938782259822,36.72568627167493,0.0,42.038437210247416,21.91302051045551,30.85519993067639,18.211378797979503,11585.992553182117,1123.8414861194083,1615.167356704345,1367.321495382233,101.54185043819716,nan,nan,nan,nan,nan
280,91,0.0,-71.58141735217424,3.6419604546838613,-74.86584939399194,0.3136177062920259,,10.634368970990181,10.38055226020515,0.09999698679894209,10.280555273406208,0.0,11.358129972432058,2.203186312646765,37.43292469699598,0.0,1472.6664896606515,186.31463167358038,238.40105813622205,165.3714589716438,65.03672311250527,nan,nan,nan,nan,nan
281,117,0.0,-58.00613582490821,11.453715071967276,-68.87402734223096,0.525808384483044,,13.009208143688738,12.738189302384853,0.12819535750895739,12.609993944875896,0.0,22.736147774098804,6.125841421354061,34.437013671115466,0.0,1893.1897702850733,238.35795487897838,301.61726334655225,221.58368591412255,52.291888002733934,nan,nan,nan,nan,nan
282,80,0.0,-69.42729206764128,1.6719933186475213,-70.85682494635131,0.21088784401805336,,12.275134291499853,11.986852648667991,0.0880187563598156,11.898833892308176,0.0,19.167531385749204,0.8710485053107748,35.428412473175655,0.0,1297.4466964554472,149.71302872994946,188.39388946463978,144.99709870903237,72.38497819884016,nan,nan,nan,nan,nan
283,103,0.0,-59.84612320608919,7.9927440669745815,-67.31176821858494,0.4760454298012408,,11.95676494576037,11.694103186950088,0.1134791849181056,11.580624002031982,0.0,24.99609246877262,5.06840912984987,33.65588410929248,0.0,1668.9692041243568,228.54217757218998,287.97269271045786,183.30141914886144,88.34930694362525,nan,nan,nan,nan,nan
284,214,0.0,-30.50020520033717,30.662253459241786,-60.06497886234603,0.999176854725913,,15.46427292469889,15.227626242674887,0.23447453510016203,14.993151707574725,0.0,34.56829755547893,10.656277405050005,30.032489431173016,0.0,3469.8054332291226,398.1310759515453,493.78119544646955,400.34292889938155,80.53192858245893,nan,nan,nan,nan,nan
285,720,75.38947526913937,227.27791360761,154.7722155568521,77.76298376576186,4.914773706876983,5.500967502593994,39.13815349712968,38.463649419136345,0.7856929786503315,37.677956440486014,0.4054553722962737,41.75732042394973,20.074586496247466,36.50798338625844,20.579795798472855,11583.098288058258,1284.879591939157,1853.330985393851,1266.051432940061,358.0707846829626,nan,nan,nan,nan,nan
286,720,65.41422802770369,215.83924215028463,152.5225361985866,68.68938010847245,5.025710377194919,,40.40736307669431,40.15335618238896,0.7902080062776804,39.36314817611128,0.0,42.21965783176495,20.92522311116438,31.06953797346747,11.180628215272531,11615.44851995781,1317.8656869607448,1888.6068449627292,1357.0131966249883,287.6204037292986,nan,nan,nan,nan,nan
287,71,0.0,-60.156030154673815,2.963982209293972,-62.81496359574987,0.27147601603786475,,9.593640891835093,9.336194365285337,0.07855918351560831,9.257635181769729,0.0,17.395816891971375,2.501291643622885,31.407481797874937,0.0,1151.374405528117,161.5722010643546,203.824794662813,114.58232657902829,20.228806538197592,nan,nan,nan,nan,nan
288,720,54.13043661131331,176.7149710761433,135.84716673129623,45.758601001757526,4.563412056259407,17.546112060546875,42.45946478564292,41.89788673538715,0.7864806456491351,41.11140608973801,0.2848869236186147,42.261370003477424,18.06775810902131,31.251136110434548,22.798638506779632,11582.529326045904,1302.388845187586,1860.6311427254932,1276.0038254129993,287.384346992072,nan,nan,nan,nan,nan
289,127,0.0,-70.51769349452738,9.060781296947463,-79.07548533279123,0.4570347615770781,,11.623535184189677,11.386906431056559,0.14014590065926313,11.246760530397296,0.0,25.81813931094964,5.1677253706130015,39.53774266639562,0.0,2066.146436651045,242.7685127125232,304.13132569097644,221.8385497915336,54.584346111445015,nan,nan,nan,nan,nan
290,83,0.0,-76.21667027488456,0.6823184297522056,-76.63235954057299,0.22767457599459143,,10.362997607327998,10.109874840825796,0.09382618218660355,10.016048658639193,0.0,3.8438353973676955,0.5405139364390252,38.316179770286496,0.0,1343.6317211250998,173.64427819849632,221.1657694281152,140.2862496121014,50.52746202903834,nan,nan,nan,nan,nan
291,124,0.0,-64.23779578121525,9.616792636949913,-73.32127411936227,0.47686742573254143,,12.862441655248404,12.611381458118558,0.13667636830359697,12.474705089814961,0.0,25.385910183822382,5.7057661448760975,36.66063705968113,0.0,2004.293203828317,244.03275004013045,307.54879986045466,234.86432247957484,44.31992275684339,nan,nan,nan,nan,nan
292,720,58.352057267094395,174.79185276654786,142.32869781116136,37.61914743192611,4.775148385279767,,40.24585611280054,40.003572908230126,0.7844026451930404,39.219170263037086,0.0,41.82924819580635,19.864505790953807,39.54248355113133,15.18043714184275,11595.191522408468,1352.8871456471786,1931.133745666095,1375.084752933629,333.16845603496233,nan,nan,nan,nan,nan
293,720,63.75370916475045,197.93717960925923,147.89286566752443,54.78380162769483,4.381778184917708,6.6652960777282715,40.66788080520928,40.07830381114036,0.7842278080061078,39.29407600313425,0.34740755893290043,42.26377389684207,19.667606631105677,36.36180835090303,26.875200327920012,11582.39999999989,1206.9509267360345,1742.7473544451807,1389.1401056098655,228.21095129932806,nan,nan,nan,nan,nan
294,720,64.51951534599317,177.67598472170255,132.61204766117552,49.73657211101107,4.355880307915844,,39.74015030544251,39.505551455542445,0.7873953701928258,38.71815608534962,0.0,42.241110241680595,17.272958063437258,39.65122929048764,10.003971689519082,11617.414497058562,1353.7851108367154,1842.9852181768183,1303.1683540182514,185.10410586469231,nan,nan,nan,nan,nan
295,82,0.0,-72.91482996879367,1.7781752744516193,-74.3819708641054,0.2624253149255162,,7.614736425690353,7.383631177246571,0.09067055583000183,7.292960621416569,0.0,14.764966085123405,1.3519436955831217,37.190985432052706,0.0,1327.9112337859274,176.87668395704236,224.33645246840598,161.48009373510183,13.156767978409578,nan,nan,nan,nan,nan
296,127,0.0,-60.06671832553338,12.512388469919935,-71.99166214497649,0.531873699446258,,10.317054986022413,10.074087461456656,0.13969790935516357,9.934389552101493,0.0,21.208723312024635,6.100208277726377,35.99583107248825,0.0,2051.735319295004,249.18479179003396,314.530713016058,241.22177205254832,28.406410333009454,nan,nan,nan,nan,nan
297,720,40.80160059080544,148.87595553290228,144.41379693836922,9.38028204706984,4.590237094721861,7.020608425140381,47.07353274803609,46.483839369378984,0.7866680193692446,45.69717135000974,0.35128453001379967,42.2638009233739,20.225865764093044,36.11145956727052,16.526885008369383,11588.88924397697,1266.6933838663547,1837.7907272719672,1352.003047914241,274.88798711759375,nan,nan,nan,nan,nan
298,113,0.0,-66.19216523930552,7.691231408601904,-73.33079689306092,0.4899044138075842,,13.04863805603236,12.767291554249823,0.12528600078076124,12.642005553469062,0.0,22.85913680052362,5.091112541150712,36.66539844653045,0.0,1832.0811878300917,257.0580398626542,325.0140163897799,201.8193560480618,62.10881774483823,nan,nan,nan,nan,nan
299,688,0.0,32.18070677742956,98.55111239165652,-62.33736731323475,3.6965400839887574,,40.377333532087505,40.15096074715257,0.7539116581901908,39.397049088962376,0.0,42.21372280705722,13.919558361740597,31.168683656617386,0.0,11080.019345961997,1323.144917797953,1752.3951919563724,1295.251687984094,128.8293456958092,nan,nan,nan,nan,nan
300,89,0.0,-66.84975159409674,3.325016614666525,-69.8466340354737,0.28849853416061294,,9.572356489486992,9.308481088839471,0.09797115717083216,9.21050993166864,0.0,12.097675343720526,2.2145025757775727,34.923317017736835,0.0,1443.4906693474625,178.564389852142,223.96444593911204,176.30948044943548,30.127949370624588,nan,nan,nan,nan,nan
301,210,0.0,-51.91264214791977,23.9129101036446,-74.71021418240231,1.0039983757957447,,17.866724933497608,17.602324758656323,0.22999528609216213,17.37232947256416,0.0,28.78770736411277,9.491834265551148,37.355107091201155,0.0,3409.414163836684,439.16188570430273,548.5781748342764,400.0514425597039,61.69657368292453,nan,nan,nan,nan,nan
302,113,0.0,-61.461604629126064,10.117463874880814,-71.02779753679482,0.4980098140664595,,10.236245083622634,10.004823084920645,0.12405713461339474,9.88076595030725,0.0,22.59895130335628,5.2112480378174695,35.51389876839741,0.0,1828.295338615498,236.6304465376454,298.83284427626995,214.07730038467724,53.047763379400884,nan,nan,nan,nan,nan
303,720,55.199847053412874,177.71567887262415,148.4690470040922,34.009658817974795,4.432786589460664,10.629237174987793,38.77124307304621,38.14493532013148,0.7846330115571618,37.36030230857432,0.3848609821870923,42.26103663532637,20.492988223699534,38.195017644425484,14.141069290630215,11593.24883564603,1203.0746851037761,1744.2441860140784,1338.9306111640035,66.70299786941716,nan,nan,nan,nan,nan
304,75,0.0,-64.14097581343471,2.095885251867758,-65.98520846294358,0.22010535073831508,,10.836622081696987,10.57279343996197,0.08444185554981232,10.488351584412158,0.0,6.353307849388664,1.8267477772165372,32.99260423147178,0.0,1215.4680909322526,145.56629727773034,181.58480606055954,138.27097176716617,33.5043652263471,nan,nan,nan,nan,nan
305,93,0.0,-56.15414335553176,7.721456386428928,-63.451130718928226,0.38675201517866703,,11.387676369398832,11.100198369473219,0.10322805866599083,10.996970310807228,0.0,19.54753676364776,4.966551634851176,31.725565359464113,0.0,1506.1116253069729,188.70856021453608,237.7159921098673,170.93676072062607,63.661673846169236,nan,nan,nan,nan,nan
306,720,73.06280712581481,221.09906757607055,159.71172066869354,66.72755217262255,4.989849172301919,,39.472728566266596,39.257858995348215,0.784628689289093,38.47323030605912,0.0,42.26370917723385,21.562633619765418,39.69903103950354,17.38669389560118,11585.421535320178,1320.5481301275865,1889.1359128826632,1336.9860662786007,83.73350309369101,nan,nan,nan,nan,nan
307,159,0.0,-56.96915914907831,16.232175673126047,-72.40802696972331,0.7129103549202878,,14.045433919876814,13.79825848620385,0.17398773692548275,13.624270749278367,0.0,26.71020032965044,7.781221043735413,36.204013484861655,0.0,2571.5468624334744,324.9686373670627,409.3978293089721,308.0971833685813,71.25165645837386,nan,nan,nan,nan,nan
308,60,0.0,-59.68220574104806,0.6450969500055366,-60.12692004776464,0.16928539103834,,10.539226663298905,10.231686824932694,0.06697188131511211,10.164714943617582,0.0,3.7559083681372174,0.6264341073708588,30.06346002388231,0.0,973.2680845507821,126.36335302198998,158.30980333326073,121.3137150676182,14.864198660384591,nan,nan,nan,nan,nan
309,99,0.0,-69.00464087408137,5.461154044093208,-74.07399644360983,0.3502000706074349,,12.331436479464173,12.065894870087504,0.11018782388418913,11.955707046203315,0.0,20.28969736230405,3.1034706332077344,37.036998221804915,0.0,1604.8009191572035,197.43927924107933,249.69578465313333,175.72266865756174,52.14071428305836,nan,nan,nan,nan,nan
310,114,0.0,-67.8330555239837,8.06628400442796,-75.41346027959335,0.4363163258379059,,11.326802905648947,11.069821734912694,0.12559003289788961,10.944231702014804,0.0,21.174352565391537,4.7920877637492145,37.706730139796676,0.0,1845.0646218756226,225.96516438325324,283.7294722274007,221.1630945270864,54.40674791129886,nan,nan,nan,nan,nan
311,97,0.0,-70.77744039665575,4.602959822578637,-75.01100353846614,0.32878939967425513,,11.885564848780632,11.637153713963926,0.10721786227077246,11.529935851693153,0.0,10.57107586226243,2.7087537596975655,37.50550176923307,0.0,1570.3678174622469,192.643056904811,244.7183068951657,169.01843139923355,62.69845712640846,nan,nan,nan,nan,nan
312,66,0.0,-59.56997635654372,1.991647339043082,-61.30128262613109,0.22215587633378966,10.354907989501953,9.59962335601449,9.04658766835928,0.07307462580502033,8.97351304255426,0.2928218860179186,6.9198590161180515,1.6056541138651366,30.650641313065556,0.0,1070.6698714900065,148.98121972374807,187.2992056968134,128.25060700163277,12.390564620310744,nan,nan,nan,nan,nan
313,96,0.0,-67.49378396969875,5.1526930576446315,-72.28451535608822,0.3235051313348491,,12.122753660194576,11.871827908791602,0.10720200929790735,11.764625899493694,0.0,27.36212003228724,3.1413790339822327,36.14225767804412,0.0,1555.0789323095594,187.41258587389768,234.98068824984884,188.16431267027932,6.760662065889049,nan,nan,nan,nan,nan
314,127,0.0,-64.87614742499916,10.32541471333345,-74.60788344367042,0.5358044237025744,,13.560106397606432,13.298616172745824,0.1403447389602661,13.158271433785558,0.0,22.000523172867183,6.065962419007394,37.30394172183523,0.0,2062.7940253301354,269.06198355321146,337.82664533710783,230.54799914890435,60.809867590363176,nan,nan,nan,nan,nan
315,100,0.0,-59.91637450852298,7.095903539115589,-66.58676499800113,0.38676494094095604,,11.73571659065783,11.479732654057443,0.11013143043965101,11.369601223617792,0.0,24.62641437867547,5.153588278659203,33.293382499000565,0.0,1624.746599055318,210.50543237019312,263.4820774711965,173.98200472700958,77.8996844125265,nan,nan,nan,nan,nan
316,720,50.250202001422764,163.72380327341025,135.90877946450232,32.413436132120964,4.234534462425597,,40.05871212948114,39.82652969751507,0.7860637232661247,39.040465974248946,0.0,42.263892600539286,18.554287659338037,34.04348393536229,14.373513965630355,11588.588654889421,1274.1069642643233,1770.5473742392048,1386.2921722913075,232.04790450496785,nan,nan,nan,nan,nan
317,76,0.0,-68.9793851900495,1.5329257433066408,-70.21284097152797,0.2540069866719248,,8.763027274981141,8.49687160551548,0.0838093925267458,8.413062212988734,0.0,23.65896924845944,1.082226110541472,35.10642048576398,0.0,1232.0184287587006,170.54580670370493,215.92389425906646,152.09116694709334,28.05777071447819,nan,nan,nan,nan,nan
318,111,0.0,-72.97522341791375,5.7260343840422365,-78.2367338124348,0.41128300682561764,,12.64793593622744,12.396057262085378,0.12175516039133072,12.274302101694047,0.0,22.004254336628577,4.112488495868546,39.1183669062174,0.0,1800.937878463879,233.87771298118412,294.74973767670707,198.63277091363474,68.3012451834628,nan,nan,nan,nan,nan
319,78,0.0,-71.84571864131185,0.9844078957967711,-72.5909689387262,0.20695981066498373,,9.717434014193714,9.464167651720345,0.0859746877104044,9.37819296400994,0.0,3.5282000923489973,0.7336149790696832,36.295484469363096,0.0,1262.9842563615675,155.2837383786339,196.82108703936757,132.1326463037719,12.39474853055376,nan,nan,nan,nan,nan
320,92,0.0,-65.81259696492263,4.897174842482297,-70.32750894250542,0.34117830149566486,,9.50571726448834,9.266871074214578,0.10113607719540596,9.165734997019172,0.0,19.85051835503534,3.5555022541014503,35.1637544712527,0.0,1494.2409903414743,193.36685064509547,242.6015102153832,160.26056366815556,61.54963756414262,nan,nan,nan,nan,nan
321,720,66.27281678811306,198.25791539944282,142.9148653405529,59.99164866011307,4.289881949717731,4.492751121520996,42.52896365150809,41.81036435253918,0.7858229111880064,41.024541441351175,0.4164395444095135,42.263621616317025,19.149168635008255,36.276992458056526,18.631674959724247,11586.882660715695,1232.786341044442,1729.043244753726,1362.1253392525966,128.3291117178337,nan,nan,nan,nan,nan
322,720,48.25480179704294,170.95617830006103,140.93037925022273,34.669109031254735,4.306478233555546,,41.59291006438434,41.33780926652253,0.7885874910280108,40.549221775494516,0.0,42.260125888979005,18.30477210589673,30.92024728141557,23.359391407779118,11582.465463857798,1234.3638169580277,1760.906440536019,1338.4564207000174,146.80956846876649,nan,nan,nan,nan,nan
323,681,0.0,9.86472945261751,91.27879592343459,-78.04618895226183,3.0490868565381803,,41.09971896093339,40.811535249464214,0.7408355167135596,40.070699732750654,0.0,39.34821525072939,13.120753356274502,39.02309447613094,0.0,11005.148615244103,1213.4492433419653,1559.5060760223234,1269.142865161784,108.53798584353534,nan,nan,nan,nan,nan
324,85,0.0,-72.53176592570276,2.1044010479567623,-74.30633709472141,0.2819710950047476,11.604934692382812,11.206914009526372,10.672176734544337,0.09381406009197235,10.578362674452364,0.29009079840034246,6.43628582415608,1.2181414573725549,37.15316854736072,0.0,1376.4289968189612,190.53132130658608,242.14979682060692,161.35547476358641,41.29527134604908,nan,nan,nan,nan,nan
325,83,0.0,-64.18230238840042,4.242690430273257,-68.07331889853376,0.31044844408798544,,8.36925317812711,8.131512166000903,0.09204771276563406,8.039464453235269,0.0,13.340230283586711,2.8023824235550463,34.03665944926687,0.0,1344.784931589526,176.86488033152443,223.27630844386152,153.05625458762123,6.4637546176462,nan,nan,nan,nan,nan
326,91,0.0,-65.87936927859309,5.424115996835411,-70.93644624307564,0.3243835620563872,,11.790261473506689,11.530004131607711,0.1016772473230958,11.428326884284616,0.0,12.252410053215062,3.1467207722216735,35.46822312153782,0.0,1475.1142380927715,187.08185576100212,235.70712318416943,158.43049476821523,26.971499471036893,nan,nan,nan,nan,nan
327,101,0.0,-75.62914914522838,4.07239761086862,-79.31626528761757,0.3447204951823438,,14.308775290846825,14.020082276314497,0.11336062010377645,13.90672165621072,0.0,6.628654818909539,2.6775600808947244,39.65813264380879,0.0,1633.4890292097798,211.94857326884693,269.686495019592,158.16052937165853,30.580300534552023,nan,nan,nan,nan,nan
328,83,0.0,-75.99080643718156,0.9264473547919432,-76.64133770705686,0.230044497097798,,11.382344702258706,11.114182252436876,0.0918362233787775,11.022346029058099,0.0,3.4014688537462,0.5927058051961395,38.32066885352843,0.0,1343.3531433704684,171.86891402076859,216.94024187353864,174.9583313056609,10.257502335291653,nan,nan,nan,nan,nan
329,720,81.55787656696496,279.5230335300329,194.9342355720305,89.95957110274018,5.0262527813320785,,40.557666797190905,40.291769756004214,0.7886290019378066,39.50314075406641,0.0,42.26379813973945,25.88020208503934,36.57809101559487,15.760195230875048,11587.66317077034,1160.090643809475,1678.2012333928378,1351.041691409698,107.2034894166354,nan,nan,nan,nan,nan
330,79,0.0,-67.78751264674959,2.6380401952069055,-70.14083823009511,0.2527421766381034,,8.441109840758145,8.194603639654815,0.08757651969790459,8.10702711995691,0.0,9.780743804744644,1.5809676281858633,35.07041911504756,0.0,1279.2006181250313,162.05673549248453,203.7517758094836,140.86425073996048,19.783563899435414,nan,nan,nan,nan,nan
331,172,0.0,-39.57113654883717,22.95177318992919,-61.583868457344344,0.8630338350377016,,13.468837313354015,13.241955345496535,0.1885679205879569,13.053387424908578,0.0,29.423370484878674,9.705789637022331,30.79193422867217,0.0,2789.5012114890387,343.85577775346644,428.71779499193053,324.13094353211596,85.20273198539469,nan,nan,nan,nan,nan
332,720,46.97218841281527,135.60521605418103,123.39958986936396,16.30683311384732,3.7617583887663515,17.220626831054688,44.84447035193443,44.2075967816636,0.7878113267943263,43.41978545486927,0.377484199590981,42.146195804083554,16.328518273072646,38.81877185589159,14.514024706862127,11609.722742822474,1233.334167020921,1683.2937517599569,1379.4081795367001,201.4437304969895,nan,nan,nan,nan,nan
333,74,0.0,-68.36450799555936,0.83377156297676,-68.95010506396981,0.2096534253688736,,10.70224680006504,10.416532373055816,0.08354585524648428,10.332986517809331,0.0,3.03627400211203,0.6666668441176423,34.47505253198491,0.0,1199.279268326905,158.18024167989287,199.04729264283418,139.5819825256646,23.622771456800344,nan,nan,nan,nan,nan
334,73,0.0,-67.43378060736396,1.0554360159022982,-68.23081315312523,0.2241706068839833,,7.960188700817525,7.709996139630675,0.0830667382106185,7.626929401420057,0.0,5.163531804104024,0.8049662293771676,34.11540657656261,0.0,1182.7094231741205,164.5576429307191,207.2684845887306,125.37871106985288,47.28609263571618,nan,nan,nan,nan,nan
335,720,78.94446574755307,247.55124793810398,171.9783415705756,80.37407095038961,4.454060629441294,,45.886042605154216,45.5933179249987,0.7864992097020149,44.806818715296686,0.0,42.01042723857997,22.252191836798314,38.75743027235826,29.622545940202137,11582.39999999996,1125.2911165168848,1636.8940841621145,1345.689397970173,48.56411419706503,nan,nan,nan,nan,nan
336,720,37.6801621786315,113.22296419600976,121.96261398129775,-3.7333980588629316,4.641638164467881,4.9781174659729,40.34682037867606,39.7931103175506,0.7846225723624229,39.00848774518818,0.31919833179563284,41.789960410211556,17.084067613294877,39.546861208062964,20.29043487321643,11584.645749898864,1389.874290547732,1982.875223947155,1290.8164801635521,341.81090286073766,nan,nan,nan,nan,nan
337,80,0.0,-67.7515394405124,2.3199486130243145,-69.78682471534738,0.24894702329418364,,11.32378732599318,11.035629767924547,0.08893091324716806,10.94669885467738,0.0,21.013624087330083,1.6633029835920752,34.89341235767368,0.0,1296.0818949311051,164.79530037614387,207.0022898668241,153.6973878164935,63.402543373960675,nan,nan,nan,nan,nan
338,87,0.0,-76.98391914596152,1.2611449732044633,-77.94349318755806,0.25674589625916117,,10.988304568454623,10.721831500530243,0.09840496256947517,10.623426537960768,0.0,4.577608273597176,0.8616762825121462,38.97174659377904,0.0,1407.5577512582006,186.4929009008279,238.23526377821335,169.4569175843004,72.0522149645415,nan,nan,nan,nan,nan
339,62,0.0,-61.84457334735983,0.5266728519349504,-62.16113811137983,0.17709586073524464,,7.934825828298926,7.67899676784873,0.06945441849529743,7.609542349353433,0.0,2.864714933035062,0.40742350029325564,31.08056905568991,0.0,1005.2526680067166,136.06530831680394,170.87905547414843,114.88635720526975,34.98484601354525,nan,nan,nan,nan,nan
340,116,0.0,-54.257671536155414,12.015833309340275,-65.6865656777682,0.5261162642263799,,11.872957050800323,11.619238973595202,0.1274333642795682,11.491805609315634,0.0,21.576420744561535,6.532970850811481,32.8432828388841,0.0,1878.5339278989795,246.1915751175022,309.26588804277304,216.84458087180076,55.216065987953,nan,nan,nan,nan,nan
341,89,0.0,-69.28512554917843,4.186664766627695,-73.08940780208681,0.33545067644949367,,13.013955686241388,12.728645321913064,0.09812521282583475,12.630520109087229,0.0,28.16062031650248,2.593245419380872,36.5447039010434,0.0,1442.0733802743416,194.44195106309044,246.80756258616105,160.07657834993032,48.8715995910974,nan,nan,nan,nan,nan
342,720,61.523732987681036,174.56689052041602,133.9639692328356,44.829313005896935,3.88700859497565,,43.74948656838387,43.46015943214297,0.7862520096823573,42.673907422460616,0.0,41.95571139856567,18.513316697561724,39.10907648473257,13.148970121334921,11605.18251635742,1185.651315135566,1680.9311721531697,1381.4707422705533,38.546951816388386,nan,nan,nan,nan,nan
343,80,0.0,-71.17279262597934,1.4081322898382624,-72.30858186463993,0.23791255044524584,,11.850854286924005,11.569739738479257,0.08846918493509293,11.481270553544164,0.0,6.014280324445553,1.2385156439537748,36.15429093231997,0.0,1295.0257001382602,171.56826572061743,216.3872332132591,146.38456533698908,13.739872881592706,nan,nan,nan,nan,nan
344,91,0.0,-65.77170924440452,4.513730352659089,-69.89255200744378,0.3478775550239195,,9.967630211263895,9.722053330391645,0.10071076918393373,9.621342561207712,0.0,27.0874806090975,3.453460483440472,34.94627600372189,0.0,1476.2429320000426,192.22066713065806,242.13221082578085,167.03386459972535,29.088662959396878,nan,nan,nan,nan,nan
345,83,0.0,-72.34351237308515,1.9054342113285614,-73.96137236275646,0.25424683932572717,,10.679306149482727,10.41513093188405,0.09204370249062777,10.323087229393423,0.0,4.986712752191442,1.258125262232488,36.98068618137823,0.0,1343.2381577013794,172.50994487208203,218.49807941482206,132.12424992279756,38.60824128416081,nan,nan,nan,nan,nan
346,92,0.0,-65.88990354330585,5.134256917550538,-70.67012352576263,0.31760920164214074,20.25341796875,11.809193847700953,11.209514800459146,0.10199561528861523,11.107519185170531,0.30061766039580107,16.488460433809653,3.473501092481912,35.335061762881324,0.0,1492.7064445816172,184.40038385408144,232.1549901606834,163.2641763748152,54.090557096427126,nan,nan,nan,nan,nan
347,720,38.87251979605427,130.8900119030033,123.25001347260577,11.809976516995746,3.824073383191283,,42.39991786144674,42.149876387789845,0.7904145522043109,41.359461835585535,0.0,41.929544238693495,16.472587652425165,32.96753153755638,11.985079978267441,11604.015441882742,1214.0101149206498,1680.4757564012825,1351.627605294748,62.998251330920205,nan,nan,nan,nan,nan
348,720,50.56099437712525,157.36313123039284,134.81275803297092,26.495690396972336,3.6356049575560885,4.801972389221191,42.011533490382135,41.424755110405385,0.7884059939533472,40.63634911645204,0.29926800075918436,42.263584647274975,18.528838878109365,37.31314917863907,15.101438220406141,11599.508370532965,1118.7618399320402,1559.6276220966963,1336.7962470183143,122.05025877029746,nan,nan,nan,nan,nan
349,65,0.0,-63.14547093278939,0.44318958396681774,-63.385479789862615,0.1702992266371166,,8.881604907102883,8.61438934598118,0.07213103212416172,8.542258313857019,0.0,1.1731574891011858,0.33228293150586796,31.692739894931304,0.0,1054.2304071296924,132.91431899958428,166.93218072238102,120.50946322035753,55.719227705518264,nan,nan,nan,nan,nan
350,102,0.0,-62.55545781615426,7.279019035186466,-69.46087429188165,0.33144276088128233,,12.881907070055604,12.602945092134178,0.11461743898689747,12.48832765314728,0.0,20.329826651157276,4.453397907249049,34.73043714594083,0.0,1653.143834930431,180.95298366079314,226.25264765073896,185.85885539195016,61.076003119638614,nan,nan,nan,nan,nan
351,65,0.0,-63.81951541126893,0.6168429700562541,-64.22769703112584,0.17485387564876337,,11.186831329017878,10.89012143947184,0.0734717370942235,10.816649702377617,0.0,3.377401131939736,0.30460957186522125,32.11384851556293,0.0,1053.3825633747178,135.27127442919664,169.4116364181808,133.34837903779848,24.746561973632016,nan,nan,nan,nan,nan
352,92,0.0,-76.0580103276863,3.045053299304355,-78.75513516645424,0.3023803212945822,,10.366434996016324,10.120574474334717,0.1021748399361968,10.01839963439852,0.0,17.38998434640333,1.7149758726992432,39.377567583227105,0.0,1489.3758411846231,195.31900399715747,248.47653682267827,164.16756566566946,49.24320812368288,nan,nan,nan,nan,nan
353,72,0.0,-61.40589156347231,2.232061591749431,-63.36385788415633,0.23903344209478655,,8.006371531635523,7.7679637698456645,0.07955292798578739,7.688410841859877,0.0,13.533802827908154,1.7846054428570268,31.68192894207817,0.0,1168.6242133053345,157.13890176386383,197.59716736208426,130.08174280421224,29.114587831320417,nan,nan,nan,nan,nan
354,720,48.038854674052416,151.6584308745005,123.15998443688356,33.05542512443415,4.206177880736972,,40.14320140425116,39.904394377954304,0.785054718144238,39.119339659810066,0.0,42.253637854737306,16.442581608771956,31.511142111835326,8.864053195704765,11626.937412372115,1377.5466157906449,1827.7568835559828,1304.638345920661,275.00496912536687,nan,nan,nan,nan,nan
355,60,0.0,-62.20525665406005,0.037588427575498705,-62.03782154241813,0.16883502777642234,,7.985088129527867,7.712798505090177,0.0663682334125042,7.646430271677673,0.0,0.23734142049102253,0.010465744551121453,31.018910771209068,0.0,972.9528687200739,137.32328976942867,173.40407406314992,121.52093019317782,13.920069295495852,nan,nan,nan,nan,nan
356,66,0.0,-59.60665186939269,1.7993585061738349,-61.175391470086105,0.20271660952482762,,8.483156487345695,8.226741977967322,0.07309617381542921,8.153645804151893,0.0,9.155410258164292,1.5620274748440541,30.58769573504306,0.0,1070.7134193094598,136.7304274107637,171.98643558475803,109.09836562877808,33.57544588731583,nan,nan,nan,nan,nan
357,83,0.0,-61.21114262889612,4.719038653961316,-65.6262085797047,0.2660586743040221,,7.504578472115099,7.274391356855631,0.09132987633347511,7.183061480522156,0.0,11.65472304659093,3.3187288477512618,32.81310428985234,0.0,1346.7893516880406,154.13220067920986,192.6398263429205,162.68960817750087,42.41381223996085,nan,nan,nan,nan,nan
358,127,0.0,-63.08004307127661,10.91031001901884,-73.39465230691704,0.5337493086086732,16.801084518432617,14.951361653394997,14.399859708733857,0.1392765948548913,14.260583113878965,0.2968011312186718,27.066586844417287,6.1980465385081125,36.69732615345852,0.0,2059.8271728852765,258.89657026053703,324.5926834580808,241.80827819367934,52.94197948985286,nan,nan,nan,nan,nan
359,94,0.0,-69.28410621767034,4.998659317531428,-73.87067761315878,0.365272969596317,,10.755203992128372,10.487865779548883,0.10408445540815592,10.383781324140728,0.0,17.06683808714304,3.085472235106623,36.935338806579374,0.0,1522.072977686209,205.16916061750473,260.507418911011,167.90321729950116,49.26309855534909,nan,nan,nan,nan,nan
360,71,0.0,-58.524078780164444,3.5225193851963126,-61.75688719203333,0.2531895856753838,,7.909608423709869,7.669078124687076,0.07963601499795914,7.5894421096891165,0.0,11.35940522708459,2.5752986230826203,30.878443596016673,0.0,1153.0755419241118,150.66610252311452,189.97084315261046,123.34978154490386,47.8437870246572,nan,nan,nan,nan,nan
361,60,0.0,-62.32011393480282,0.12924637842897474,-62.23850875970726,0.17083575194435788,,8.691893112845719,8.433775362558663,0.0674856947734952,8.366289667785168,0.0,0.8331300488435415,0.11830255483963538,31.11925437985363,0.0,972.7126342624658,137.5630549599842,173.28815187762214,124.01043135870506,37.69845874008849,nan,nan,nan,nan,nan
362,95,0.0,-68.0153492891802,5.2826198861301465,-72.88649408845451,0.36187801197801617,,9.257742100395262,9.022000258788466,0.10488766152411699,8.91711259726435,0.0,13.308965286697426,3.199861697501376,36.443247044227256,0.0,1537.5745245396618,198.14099305362214,251.09268239515603,191.75088591116392,55.02400903053403,nan,nan,nan,nan,nan
363,151,0.0,-61.97793690253448,15.98958479021526,-77.18040578760068,0.7156426233992969,,12.982374190352857,12.737855033017695,0.16558106243610382,12.572273970581591,0.0,26.39162593172286,7.030480620644319,38.59020289380034,0.0,2441.3026701740955,323.02976721491103,411.26016011408444,266.8853634297517,75.26100468075063,nan,nan,nan,nan,nan
364,181,0.0,-59.733595447693254,19.729007626890166,-78.54549427271374,0.828102317863747,,16.74491103272885,16.468250079080462,0.19905040226876736,16.269199676811695,0.0,32.4733300295528,8.042283756765942,39.27274713635686,0.0,2933.0458786063205,358.742494259962,450.39735479149846,341.857665841875,40.116686177313795,nan,nan,nan,nan,nan
365,99,0.0,-64.80962559410168,7.369656460051925,-71.66987297801268,0.4598843439996306,,13.156349779106677,12.892720667645335,0.10955460835248232,12.783166059292853,0.0,15.31567523308425,4.1001670504585475,35.83493648900634,0.0,1600.9490604494465,227.87015885602668,290.61245778024477,159.80118505158416,94.80304888308676,nan,nan,nan,nan,nan
366,81,0.0,-54.142228402806865,6.849660844820314,-60.584183109731356,0.37186733461474963,,9.623432571999729,9.385835628025234,0.08973847050219774,9.296097157523036,0.0,18.03393198771191,4.326341596095012,30.292091554865674,0.0,1310.7050206414237,174.9596630474535,220.613251083351,145.1388159644107,76.19898824111559,nan,nan,nan,nan,nan
367,101,0.0,-64.89172635552394,6.902352894007729,-71.38878959378783,0.36527617451663424,,12.607188718393445,12.318072301335633,0.11132748238742352,12.20674481894821,0.0,13.084314558012402,3.8567657715397323,35.69439479689392,0.0,1635.2986353977567,192.66803943934636,241.0215827633564,200.0124748132884,18.8598271954981,nan,nan,nan,nan,nan
368,66,0.0,-61.40544010696275,1.151805044247408,-62.315908798250845,0.20707202925548435,,9.138833824545145,8.871588758192956,0.07306017260998487,8.798528585582972,0.0,4.955909252067451,0.918057130385914,31.157954399125416,0.0,1070.7378584652977,144.01438262184635,180.7847406754814,124.99761735153852,61.97950595765445,nan,nan,nan,nan,nan
369,97,0.0,-63.34594318730398,5.917222212195401,-68.86159673210672,0.341345656209387,,12.591137148439884,12.346868326887488,0.1071323249489069,12.239736001938581,0.0,13.039311462411373,4.320619715525394,34.43079836605337,0.0,1575.2696247703939,198.82699572963355,251.71579527495473,207.94456476971277,48.000323890933345,nan,nan,nan,nan,nan
370,720,61.55919092164935,207.0948242516117,168.2353152873477,44.34514347674951,5.14778008853344,14.030562400817871,44.3040284384042,43.680764126591384,0.7865808168426156,42.89418330974877,0.3703774157911539,42.261887997833696,22.642497070317784,39.3866191832746,25.679311908831792,11582.399999999934,1255.206834408143,1859.5096230176337,1313.8553928962488,362.7968233014342,nan,nan,nan,nan,nan
371,78,0.0,-60.01480363113951,4.25561123913834,-63.965848283433935,0.27260463323391076,,10.381140670739114,10.11241689324379,0.08629537001252174,10.026121523231268,0.0,10.796836915116701,2.9018806787826943,31.98292414171696,0.0,1263.5857109291994,157.7820875521376,198.7150349727587,133.20973102758356,46.51384137110141,nan,nan,nan,nan,nan
372,720,48.27948267238427,136.188428210967,121.20785475071702,19.727405319143642,4.379829023686478,,46.375077673234046,46.073313023895025,0.7894031926989555,45.28390983119607,0.0,42.239491234881186,16.680116414538798,38.41578001281245,17.671936189788624,11587.550881733565,1412.5780956184856,1946.5082206589339,1296.2839264131853,365.96170523341107,nan,nan,nan,nan,nan
373,65,0.0,-59.78888060183406,1.3220306909001365,-60.90947580245596,0.1752743892706271,,10.218239002861083,9.930248394608498,0.07194371521472931,9.858304679393768,0.0,5.58089836763221,1.3658614808850211,30.454737901227986,0.0,1054.928905776481,126.70833683718432,157.6014384897703,116.70854766415458,23.31295126475332,nan,nan,nan,nan,nan
374,80,0.0,-72.50979573076911,1.1103522381904785,-73.37816356525514,0.20508319695409974,,8.91099149826914,8.655242298729718,0.08856872469186783,8.56667357403785,0.0,3.1446959171244937,0.49470788013235306,36.689081782627575,0.0,1295.3905424278107,150.9733683619349,190.80765105340166,166.65378935628647,31.06626660925383,nan,nan,nan,nan,nan
375,208,0.0,-57.60832896477463,22.95872713327087,-79.4864056096172,0.9808903643969982,,16.091152358800173,15.838009539060295,0.22814624849706888,15.609863290563226,0.0,37.2365076343942,8.964683371340811,39.743202804808604,0.0,3377.186071124482,424.50905963067527,532.7475254111124,372.7808614480684,94.1970235972158,nan,nan,nan,nan,nan
376,167,0.0,-43.068968970094794,21.17433443069742,-63.33269299059725,0.8249278681270067,,12.947707160376012,12.721738412044942,0.1831016205251217,12.53863679151982,0.0,29.285434322322544,9.723548675915863,31.66634649529862,0.0,2724.772284619054,346.604735912092,429.39408538849517,316.205753453869,81.40760742141455,nan,nan,nan,nan,nan
377,109,0.0,-62.36462047002753,9.017466517980155,-70.87839752228363,0.4596309545879664,,12.327825388871133,12.074992509558797,0.12090829573571682,11.95408421382308,0.0,17.810061313274147,5.178605364600339,35.43919876114181,0.0,1765.5135852695576,228.90941318106957,287.4587504037695,191.53075608780503,61.338474802655455,nan,nan,nan,nan,nan
378,76,0.0,-60.61937405779626,3.4113590341486653,-63.71728776555901,0.2791569655363384,21.84739875793457,9.559878453612328,8.995736165903509,0.0839601643383503,8.911776001565158,0.3070358484983444,22.024041476628547,2.424657089942432,31.858643882779493,0.0,1232.9292285001616,167.74948873672102,211.64426359975542,122.77405930578021,51.66817015153592,nan,nan,nan,nan,nan
379,110,0.0,-61.05717873078214,8.578983987900743,-69.14310199262435,0.4436726240775091,,11.324736854992807,11.080860005691648,0.12216624896973372,10.958693756721914,0.0,24.01732936470633,5.9618767014445755,34.57155099631218,0.0,1790.5926277990445,225.44047643250673,280.60429234247727,210.24124520306793,64.79859650612963,nan,nan,nan,nan,nan
380,720,66.59857545621878,208.34124667332017,160.0913800564222,53.31855290828224,4.720699183387448,,42.9024573257193,42.650429371744394,0.7890641940757632,41.86136517766863,0.0,42.247308363365576,21.630585338734306,39.93929900207766,25.51607960704816,11582.399999999952,1224.3262193516282,1758.8300016699768,1331.6525210362643,288.04638663842996,nan,nan,nan,nan,nan
381,70,0.0,-66.48178008427261,0.605181353018322,-66.85362597843229,0.19162094698868418,,9.87864238396287,9.619580699130893,0.07740254700183868,9.542178152129054,0.0,3.5264211306902182,0.4030767741701043,33.426812989216145,0.0,1134.5042131446078,146.38118912225175,184.5249125903021,148.2704737381063,62.6684623742788,nan,nan,nan,nan,nan
382,69,0.0,-64.68471692115939,0.9160081132138322,-65.38021469287867,0.18520055271254016,,8.919660211540759,8.662131607532501,0.07630361150950193,8.585827996023,0.0,1.9045157989682377,0.8100489064531852,32.69010734643932,0.0,1118.3252503357771,138.46718415102688,174.04767982715714,145.09105393757903,37.85349779279248,nan,nan,nan,nan,nan
383,720,38.88905100365643,107.37307991009777,112.7834202817139,-0.9081539579579214,4.142388618869072,6.082522392272949,43.90510892216116,43.31396165583283,0.788643722422421,42.525317933410406,0.3477417891845107,42.263708935199304,15.770942115455872,39.34312798263539,17.665721586057558,11590.234124622406,1383.0492302302573,1903.6309953389339,1356.4268575989358,374.39183689808203,nan,nan,nan,nan,nan
384,108,0.0,-67.25815731777942,7.534797717552072,-74.3024840419467,0.4408120174576275,,11.485416756011546,11.223309502005577,0.1202675923705101,11.103041909635067,0.0,18.671252771005914,4.582486808489708,37.15124202097336,0.0,1750.8500078395884,233.48304055699288,296.381508373301,183.59128369606404,86.37129512045647,nan,nan,nan,nan,nan
385,158,0.0,-65.35917293452555,14.827365379963396,-79.4280189469834,0.6859513730582261,,14.112101978622377,13.862120459787548,0.17512610461562872,13.686994355171919,0.0,32.02183550348759,6.8647869620792425,39.71400947349171,0.0,2554.9889111783123,311.2616672441197,394.6269334972354,270.11009828926245,86.64319254902784,nan,nan,nan,nan,nan
386,720,37.009246184825614,123.56136274663784,123.51862805839728,4.777656091918075,4.3702949591080325,,42.78163273166865,42.52107578609139,0.7864515017718077,41.73462428431958,0.0,42.25506608810504,16.17860919848484,34.620418138866576,20.390054615931525,11583.424577399725,1392.4188610513747,1929.2965599489128,1349.4417719809355,323.1335536693343,nan,nan,nan,nan,nan
387,72,0.0,-58.04023064102026,3.9824333547894093,-61.662290877358956,0.3172080320296489,,9.452282149344683,9.205544931814075,0.07939606346189976,9.126148868352175,0.0,14.599498483381016,2.887461010000801,30.831145438679474,0.0,1166.677740325948,175.40720593405896,223.3776472254423,117.38919911832589,34.83188929648941,nan,nan,nan,nan,nan
388,720,51.861600540085895,173.11610609864863,153.91566818754734,24.149454203110324,4.589161111941305,14.911643981933594,40.996470152400434,40.39906529523432,0.7867503771558404,39.61231491807848,0.343837708234787,42.26353845548289,21.248355735494975,39.78687343853073,21.094108659202533,11583.126288911528,1201.1207977722372,1758.0383268257515,1343.1264729255233,205.21578639644238,nan,nan,nan,nan,nan
389,84,0.0,-71.22616457270367,2.0901487310628886,-73.0378135326531,0.24111637520739151,,10.616232806816697,10.33833622559905,0.09288216568529606,10.245454059913754,0.0,7.567648086270951,1.4542889244997945,36.518906766326545,0.0,1360.306242354149,170.58840705117868,216.15545482032587,162.38399477894973,59.14099118512947,nan,nan,nan,nan,nan
390,66,0.0,-57.89851540044564,2.4515833616813523,-60.06522752881542,0.24877892775621396,,7.087892423383892,6.839173637330532,0.07405818626284599,6.765115451067686,0.0,8.008204711562913,2.1467182356011,30.032613764407706,0.0,1071.5781390773016,153.77427371596394,194.52640449367308,116.71509026118876,73.62523657362674,nan,nan,nan,nan,nan
391,154,0.0,-45.32948681435836,19.69710922966552,-64.19078925839506,0.7618208215049485,,17.082842842675745,16.797010793350637,0.1700293319299817,16.626981461420655,0.0,26.815243019411373,8.777813513651735,32.095394629197536,0.0,2494.083105369408,317.88530500376424,399.04004451297953,273.3943225348419,90.84112014366505,nan,nan,nan,nan,nan
392,89,0.0,-63.44050853091319,5.215824619636429,-68.26136592875397,0.348623516911052,,10.211453566327691,9.961465410888195,0.09839568566530943,9.863069725222886,0.0,22.57687518796625,3.487153302233184,34.13068296437697,0.0,1441.0402079856115,192.65648374529445,245.0369359101711,142.16482146120472,46.413353945990615,nan,nan,nan,nan,nan
393,85,0.0,-71.74110280814676,2.525155277051589,-73.9276598849178,0.2912946623585309,,10.436910165473819,10.165816836059093,0.09338593389838934,10.072430902160704,0.0,9.682203185727827,1.696269576959126,36.963829942458915,0.0,1376.4778215807023,190.0948043720056,241.93258449882936,153.07739254093624,45.28681909697692,nan,nan,nan,nan,nan
394,74,0.0,-64.29803611574286,2.3448071157025265,-66.32147974117122,0.2794862744342498,,10.075994685292244,9.803972436115146,0.08164376392960548,9.72232867218554,0.0,10.897730181403109,2.185091574450193,33.160739870585616,0.0,1200.7493342579394,180.12515229295863,228.4392768561607,133.484044891102,71.56199827217807,nan,nan,nan,nan,nan
395,86,0.0,-65.31163071528547,4.664081531670747,-69.58763612531367,0.34264563762483546,,15.524278610013425,15.20192697364837,0.09500431921333075,15.106922654435039,0.0,16.63536905735323,2.7433626738946946,34.79381806265683,0.0,1392.5032568249326,189.0007920725624,239.55702260239264,164.8391270888125,63.266686760880255,nan,nan,nan,nan,nan
396,132,0.0,-45.275102699234935,15.74937013940727,-60.322907434629414,0.6442169117339488,,12.176284164190292,11.92091376055032,0.14485604129731655,11.776057719253004,0.0,26.29912340805819,8.285338644254669,30.161453717314714,0.0,2143.521157399094,272.69871827749427,339.2118024420139,234.43207091213074,54.45613094716767,nan,nan,nan,nan,nan
397,86,0.0,-78.30407994009917,0.8286785926289375,-78.8421228360873,0.24825206625019558,,11.851955271326005,11.580988118425012,0.09485233668237925,11.486135781742632,0.0,6.252168419389145,0.7293321810047778,39.42106141804365,0.0,1391.7647265789535,182.83293976366778,232.75209797414072,154.0503552432292,66.79382458425253,nan,nan,nan,nan,nan
398,83,0.0,-64.62333628468728,4.275874876876488,-68.52057125999505,0.3323042267344409,,9.11911098472774,8.86706714052707,0.0916332770138979,8.775433863513172,0.0,14.681546126255222,2.559113576850976,34.260285629997526,0.0,1344.0784472507921,188.2758037991871,238.78801890861416,152.65717573549892,60.363757955112625,nan,nan,nan,nan,nan
399,127,0.0,-66.86224122341753,10.574521498161232,-76.90854974618689,0.46567691935685457,,13.313609447330236,13.05062759295106,0.13940362632274628,12.911223966628313,0.0,23.061252852766664,5.5326345499216805,38.454274873093446,0.0,2063.1149837553726,237.83252466389584,298.9020108983139,231.92274614147854,57.60707412620222,nan,nan,nan,nan,nan
400,89,0.0,-73.27770759273477,2.6867115273378572,-75.63387418615628,0.28873080625530023,,13.088466727174819,12.795756878331304,0.09823871962726116,12.697518158704042,0.0,12.571247642686933,2.002116763331631,37.81693709307813,0.0,1441.3306106709495,190.47506589872765,241.28878461895397,147.42450895699673,87.94499424769195,nan,nan,nan,nan,nan
401,82,0.0,-72.0021377266425,1.630318687100871,-73.32658161734065,0.26563169161157146,,10.286332341842353,10.039384707808495,0.0902169244363904,9.949167783372104,0.0,17.811907285377618,1.3489757733087586,36.663290808670325,0.0,1329.1373781694256,185.01792032140958,235.48616668669385,139.94087446578092,81.14946933861002,nan,nan,nan,nan,nan
402,79,0.0,-69.0868624118545,2.1453662750436022,-70.89427372626687,0.290638506534073,,9.191934047266841,8.945028937421739,0.0868929186835885,8.85813601873815,0.0,18.57407052350478,1.8706045934534348,35.44713686313343,0.0,1281.1993229514042,188.92006980262173,238.92313922931095,149.38842047789436,55.77277833644008,nan,nan,nan,nan,nan
403,88,0.0,-78.14992805230943,1.5918467101883564,-79.40051670483967,0.2922328747059679,,12.583481322973967,12.305103384889662,0.09700232930481434,12.208101055584848,0.0,10.828030487202277,0.9800956895618307,39.70025835241982,0.0,1423.2123768970293,203.10022050205492,259.53992232325504,162.59339103372903,74.92262985333159,nan,nan,nan,nan,nan
404,174,0.0,-45.75167692018766,20.54323565865799,-65.3402810858662,0.8581412593801058,32.29125213623047,15.625464945100248,15.058533616364002,0.190673915669322,14.86785970069468,0.30857736617326736,30.126825401359383,9.901532966211006,32.670140542933105,0.0,2842.7498373897556,378.1212204646743,468.19245527113395,329.5587911705979,89.17005267047152,nan,nan,nan,nan,nan
405,720,54.344575550268544,157.1906461376924,131.52210976085317,29.99820024247039,3.973752431435857,,47.82760728430003,47.58817763160914,0.7892534118145704,46.79892421979457,0.0,42.263606611958785,17.300760932013688,39.34547542903335,20.133955362060462,11584.771615420996,1206.8735016116373,1690.961802115224,1380.634094900963,144.49326782440698,nan,nan,nan,nan,nan
406,76,0.0,-69.44322273157738,1.0147215698754533,-70.19603128226552,0.22195240389464038,,9.423083891160786,9.172370055690408,0.08410279266536236,9.088267263025045,0.0,3.850682003473676,0.8141705626823759,35.09801564113276,0.0,1231.431163908384,163.65820210511438,206.4643836342055,144.17339463505778,59.68330110246692,nan,nan,nan,nan,nan
407,93,0.0,-60.48658509342049,6.484293931169797,-66.52911946236927,0.3917927025746558,,10.509435567073524,10.270745717920363,0.10274189803749323,10.16800381988287,0.0,12.490373353113766,4.536297757256728,33.264559731184626,0.0,1508.5642189410685,209.04880370897155,263.06887769939596,169.64492696965752,56.59193663011232,nan,nan,nan,nan,nan
408,720,61.45347922979864,193.05744138276413,151.32505691820273,46.54101439381007,4.454576783141934,2.82323956489563,38.619569594971836,38.06731239706278,0.7881285101175308,37.27918388694525,0.3204471906647086,42.153580930398576,19.90033085614992,38.1829720328936,30.55119792787301,11582.399999999927,1197.5695287398241,1723.9383759845932,1321.6327221638262,199.3725491468944,nan,nan,nan,nan,nan
409,107,0.0,-64.95455280782795,8.642540204138417,-73.04491458788652,0.4908103051036258,,10.449327383190393,10.216911341063678,0.11991779040545225,10.096993550658226,0.0,15.986601448088953,4.606982385860302,36.522457293943255,0.0,1730.8861985930657,238.59458637405666,303.51992300245655,194.07805323917324,96.21096471747148,nan,nan,nan,nan,nan
410,720,66.83822272471048,196.54791520068454,141.9426288073255,59.00948981280261,4.043338925174401,,35.613275432027876,35.37405719701201,0.7875388348475099,34.5865183621645,0.0,42.262879069032834,17.728219850951653,37.33347781830917,22.156231247094993,11582.874239465908,1173.7139672004366,1640.6027783175387,1316.6042324593236,184.5406621325874,nan,nan,nan,nan,nan
411,123,0.0,-53.24925413830209,12.934614325835492,-65.5042599009339,0.6152373196267231,,12.050861353054643,11.792465155012906,0.1350738238543272,11.657391331158578,0.0,25.070289430010053,7.655316108539166,32.75212995046694,0.0,2001.308755521501,268.44644411450065,336.4186085403043,228.98000261580538,87.64101215657983,nan,nan,nan,nan,nan
412,95,0.0,-63.860068956505785,5.902944464912779,-69.34524072466601,0.3707073042388322,,9.214203549548984,8.978212895803154,0.10443998966366053,8.873772906139493,0.0,22.74710904725631,4.031637367858985,34.67262036233299,0.0,1538.8884377919176,208.54293656267424,264.64433410074844,168.51344323577013,97.02511265585335,nan,nan,nan,nan,nan
413,74,0.0,-56.60317556346411,3.8076809991125082,-60.100166070466194,0.2725387702272627,,8.298035504296422,8.093983877450228,0.08161584101617336,8.012368036434054,0.0,14.65101087717093,3.522394773712786,30.0500830352331,0.0,1203.6733130899643,157.41451113166644,196.85695331975995,122.91757938063759,53.41101632215227,nan,nan,nan,nan,nan
414,87,0.0,-64.55509684701777,4.510624689488256,-68.64847290581169,0.3664007084206468,,9.49271426256746,9.250137971714139,0.09613243117928505,9.154005540534854,0.0,25.254282201392687,3.423941850464867,34.324236452905836,0.0,1410.619696368379,205.17165720049755,259.63815404666093,154.81709673342178,64.45851082544287,nan,nan,nan,nan,nan
415,107,0.0,-72.87533627485814,6.39988461276325,-78.75687169151175,0.4644235166897048,,10.943668966181576,10.684135837480426,0.11780418921262026,10.566331648267806,0.0,23.407044335545685,3.761054137215681,39.378435845755874,0.0,1731.1734139783346,244.26428743585498,311.97119311237105,189.2214232970117,124.9101843590683,nan,nan,nan,nan,nan
416,141,0.0,-64.40467777805978,13.013490377239705,-76.64566943257213,0.6936413871853784,9.337987899780273,14.489218682050705,13.955417780205607,0.1549636498093605,13.800454130396247,0.28721081744879484,28.927844203005684,6.6394406944068605,38.32283471628607,0.0,2278.485260636052,329.68218256320233,421.66730264152477,248.39701209264868,123.09091060863281,nan,nan,nan,nan,nan
417,71,0.0,-58.71069394427996,2.9466749371403154,-61.36772973231762,0.2532265052204011,,8.413303169421852,8.16206425987184,0.0788779454305768,8.083186314441264,0.0,14.622473730129622,2.6446968617184843,30.683864866158817,0.0,1153.9149446355173,155.6168814944644,195.1159209046323,140.1945236066305,77.65772750339423,nan,nan,nan,nan,nan
418,73,0.0,-62.535581727022176,2.4702537058618805,-64.72907957805317,0.24558560305626992,,8.579425690695643,8.380266116932034,0.08230066671967506,8.29796545021236,0.0,8.138323215221153,1.8106666853560682,32.364539789026594,0.0,1182.5431397475318,159.79266360160656,201.34192545420828,124.84289318593159,50.67306544340815,nan,nan,nan,nan,nan
419,720,40.30848172740711,122.28903985192638,119.57873774005404,6.8981802922190525,3.840940141485668,,44.55407801643014,44.27921590395272,0.7900334075093269,43.48918249644339,0.0,42.248665390126014,16.416999400893236,36.85939158129759,19.534660790454396,11584.833133552042,1238.5029038599596,1709.299769908626,1339.4421747003548,390.5376656756232,nan,nan,nan,nan,nan
420,720,19.133413535048835,67.9440355957326,107.84391286606552,-35.76635017357521,3.777457875347717,3.456350564956665,41.13142753113061,40.5617681145668,0.7873132266104221,39.77445488795638,0.323003688827157,41.89544378492285,14.617294945599546,37.01658862183644,19.133413535048835,11582.908937311835,1288.803638864707,1757.9727366646357,1342.5933116113717,333.52180975240964,nan,nan,nan,nan,nan
421,103,0.0,-71.83545197512007,5.847443807224589,-77.27848480752976,0.3521732721020106,,10.408575875684619,10.163770402781665,0.11397132556885481,10.04979907721281,0.0,15.963109660178798,3.0599131708985428,38.639242403764875,0.0,1665.8598885434758,186.86819542584522,238.91259037045504,191.2359317683276,56.85013781838679,nan,nan,nan,nan,nan
422,120,0.0,-65.60631693294133,10.152688466469042,-75.17070911705875,0.5315654434865693,,12.577191905118525,12.340804046019912,0.135241006501019,12.205563039518893,0.0,21.799235321048123,5.2255006608163965,37.585354558529374,0.0,1939.7210282336932,250.96987622870523,319.01400478660395,217.59114210107464,71.49489948194908,nan,nan,nan,nan,nan
423,109,0.0,-71.16920764334158,6.684415046015435,-77.34962321145206,0.45171907689811397,,14.023107711225748,13.757622364908457,0.1203879676759243,13.637234397232533,0.0,18.58394274301809,3.779738537056157,38.67481160572601,0.0,1762.2375985697984,237.2348477136751,300.1941218288925,192.16362254990852,97.76451113860466,nan,nan,nan,nan,nan
424,102,0.0,-63.89518570402913,7.187362167584832,-70.60718618437099,0.4314808995886369,,10.36167377140373,10.112241518683732,0.11245097871869802,9.999790539965034,0.0,23.009902447020227,4.764148601616592,35.30359309218548,0.0,1654.7078168364585,231.79431684568866,294.04826234800515,159.1876243829752,104.4844032142819,nan,nan,nan,nan,nan
425,63,0.0,-59.43574447078739,0.9806010455130001,-60.213250973932176,0.17897091044491353,,8.28762796614319,8.049948834814131,0.06948748603463173,7.9804613487794995,0.0,3.1796176494890878,0.8525152628066521,30.10662548696609,0.0,1022.8593498225486,130.65245214952895,164.02654193083782,103.41493577792004,81.85708559312708,nan,nan,nan,nan,nan
426,133,0.0,-53.434922473971824,14.398930383152809,-67.13711759273593,0.6341997270144825,,13.139550603926182,12.886755463667214,0.14596045576035976,12.740795007906854,0.0,24.794826852327585,7.638969490477822,33.56855879636796,0.0,2161.510215662096,288.7306793448565,360.18867443614016,240.72671172876454,115.73439882069093,nan,nan,nan,nan,nan
427,78,0.0,-68.31067913851552,2.054981080768019,-70.02592222106217,0.2874069050735884,,9.900210929103196,9.63841447327286,0.08613991737365723,9.552274555899203,0.0,6.851744016917859,1.6773137401149012,35.01296111053108,0.0,1263.053350456072,192.50405389300664,246.38591244541686,135.2088929518826,69.33990749290598,nan,nan,nan,nan,nan
428,106,0.0,-65.0912070239708,8.161660958002674,-72.70594057078938,0.4811519710308389,,10.021032258868217,9.782644727267325,0.11651899386197329,9.666125733405352,0.0,27.570814319093465,4.545637409515209,36.35297028539469,0.0,1717.2554776093498,233.00477966567098,297.37318763164933,199.51873092364804,88.7197415341963,nan,nan,nan,nan,nan
429,62,0.0,-58.51267049332769,1.8869282170038746,-60.15717852334683,0.2121517400416342,,9.89981599804014,9.614184038713574,0.06863644160330296,9.545547597110271,0.0,7.332508332939967,1.364512881989252,30.07858926167342,0.0,1004.7461111822536,139.38364696539878,176.20648995037618,103.61046864376067,72.49332648912322,nan,nan,nan,nan,nan
430,105,0.0,-53.6317366644509,10.411844120673184,-63.46580078291554,0.5197862454136276,,12.819760652258992,12.536228019744158,0.11578171327710152,12.420446306467056,0.0,25.080095249239175,6.230141414082441,31.73290039145777,0.0,1701.644251713721,241.96451744724143,305.422601723439,176.03515740354854,110.80365858621286,nan,nan,nan,nan,nan
431,720,41.82653819455926,120.86358371137474,119.96036334186286,4.948111569275369,3.685248214578947,15.682047843933105,39.65458529163152,39.103752391412854,0.78471096791327,38.319041423499584,0.32884266786277294,40.68437333719934,15.422228630845135,39.35248240992158,16.5561741310455,11585.485191276406,1246.156541164541,1671.5929070380998,1323.9106697813747,225.7548682180619,nan,nan,nan,nan,nan
432,61,0.0,-60.1839736897356,0.8642334504912992,-60.83807922386737,0.18830815622548172,,8.432476174086332,8.15239109005779,0.06814190745353699,8.084249182604253,0.0,10.674955381239208,0.8676110851562502,30.419039611933673,0.0,989.537066635943,133.460372432021,169.46388748310775,86.98705865042977,86.11541235616806,nan,nan,nan,nan,nan
433,96,0.0,-61.27225422068713,7.4498321163113586,-68.30784764874161,0.3766252131867801,,9.494195502251387,9.259871061891317,0.10717906523495913,9.152691996656358,0.0,21.448105622311274,4.283549112530794,34.1539238243708,0.0,1554.2416549452319,193.66654532931443,243.95632867982013,163.05231583846304,88.98190842557983,nan,nan,nan,nan,nan
434,146,0.0,-52.84744625112188,16.7781613303285,-68.84220750771068,0.7144569165715916,,13.403513786382973,13.159106879495084,0.16165086161345243,12.997456017881632,0.0,26.673382136193318,7.642894359547881,34.421103753855334,0.0,2359.193805036432,310.2066031982058,393.9384191148772,261.70459536244266,134.07724113841402,nan,nan,nan,nan,nan
435,107,0.0,-65.68113600427424,7.789472055279287,-72.94813512436941,0.47587164499952755,,10.741136729717255,10.5073549952358,0.11797740962356329,10.389377585612237,0.0,20.258277772517694,4.669961228162115,36.47406756218471,0.0,1733.998072125783,240.12506725708846,305.70232627766296,168.07061600304974,115.13254839858593,nan,nan,nan,nan,nan
436,75,0.0,-63.74943516944271,2.828027782622174,-66.26700182223459,0.27253713335152185,,10.666445983573794,10.391910273581743,0.0827752286568284,10.309135044924915,0.0,17.580453978320328,2.1140150084070615,33.13350091111729,0.0,1214.3518123845954,165.6198350056344,209.83047333795457,138.24481072733266,90.92723837874787,nan,nan,nan,nan,nan
437,91,0.0,-72.51095156904944,2.596744018153259,-74.80502831527436,0.2509563868959806,,12.611935378052294,12.317261558026075,0.10016069002449512,12.21710086800158,0.0,18.609111102930008,1.9901157659276614,37.40251415763717,0.0,1474.0933842194818,163.41920258414407,207.30059184010273,179.12852369225,25.859590028011002,nan,nan,nan,nan,nan
438,86,0.0,-67.45035751029906,3.976507830285681,-71.0245164497855,0.3479690516185994,,10.700653530657291,10.428375306539237,0.0949619859457016,10.333413320593536,0.0,9.662226068326499,2.694143040731697,35.512258224892754,0.0,1392.4278384405707,204.7547505618055,260.8549421713372,141.33589242430963,79.12185882080757,nan,nan,nan,nan,nan
439,83,0.0,-70.60365492996686,2.3802677884721755,-72.70510852368987,0.24667600437936588,,10.482232743874192,10.228953037410975,0.0914364643394947,10.13751657307148,0.0,9.56293154605703,1.3824218666870736,36.35255426184493,0.0,1343.572038236161,165.42595778162064,208.7859554025375,135.93881720934752,79.05381211777707,nan,nan,nan,nan,nan
440,70,0.0,-63.20460873880551,1.3882334683338633,-64.36178096717711,0.20329932565674871,,9.117199552245438,8.85241368226707,0.07749599311500788,8.774917689152062,0.0,6.196092434746854,1.2222936708534358,32.180890483588556,0.0,1135.8264707274798,147.28266823562777,185.34390932458197,116.50505713707534,84.0665952738866,nan,nan,nan,nan,nan
441,109,0.0,-54.342763114412634,10.063748703577524,-63.94441650144255,0.41093958161527466,,15.848146273754537,15.53829688578844,0.12001963891088963,15.418277246877551,0.0,15.66628157513655,6.1504152194631265,31.972208250721284,0.0,1773.1070009404116,198.0196512515062,245.5869174828818,198.5167367218384,11.711417169013924,nan,nan,nan,nan,nan
442,63,0.0,-60.515188129065436,1.0061207047065936,-61.29885277775898,0.1932881118528576,,6.502111103385687,6.271548287943006,0.06970001850277185,6.201848269440234,0.0,7.109166107668208,0.984752877193979,30.64942638887949,0.0,1022.3117989684584,139.06690591477062,175.36531603080513,98.55307034996625,55.53699827339075,nan,nan,nan,nan,nan
443,91,0.0,-59.96163721620375,7.428099149373359,-66.90758162556637,0.4342215813702123,,10.7886717421934,10.531545084901154,0.10069387499243021,10.430851209908724,0.0,28.030917872348947,4.374776800547172,33.45379081278319,0.0,1473.4076080959926,209.07878721217398,264.98592547305566,160.18742199863223,79.33324168648915,nan,nan,nan,nan,nan
444,119,0.0,-66.70165447676763,9.140142665888376,-75.27483921652906,0.5109609685240297,,12.43742558080703,12.202441175468266,0.13086659274995327,12.071574582718313,0.0,27.663154522189828,5.527683232944035,37.63741960826453,0.0,1934.0746845827948,261.8853055637893,330.2443932124926,212.25785380353716,95.54151372012923,nan,nan,nan,nan,nan
445,97,0.0,-75.60506856719026,2.9082123246103007,-78.22248991285358,0.24704203250334564,,9.484329313971102,9.24984891526401,0.10692422930151224,9.142924685962498,0.0,7.004421615029523,1.5887924688888342,39.11124495642678,0.0,1570.0823216301396,160.63227425951564,203.28635099007843,178.27621946866782,28.668268088811,nan,nan,nan,nan,nan
446,65,0.0,-61.776846188556476,0.9823384248863326,-62.52359248610635,0.20490388332520412,,8.086154385469854,7.822945884428918,0.07204701285809278,7.750898871570826,0.0,6.657736093535315,0.7418250656297606,31.261796243053176,0.0,1054.3873489466391,144.16928979890943,182.88527831095757,104.07806151859825,67.33722136440586,nan,nan,nan,nan,nan
447,109,0.0,-73.51320923821902,5.780131734835596,-78.79184372307222,0.4440607427048243,18.81411361694336,13.065700560808182,12.501011859625578,0.12040004599839449,12.380611813627183,0.294534326530993,24.714045982932003,3.6629002268693642,39.3959218615361,0.0,1763.2635513454966,241.73673337692986,308.5406801791823,198.05543206506755,65.13425117768654,nan,nan,nan,nan,nan
448,86,0.0,-74.30300341229622,1.8776193905500136,-75.85981726458586,0.2785254141930876,,11.908188791945577,11.610467753373086,0.09546026401221752,11.515007489360869,0.0,20.660509908734657,1.1886177649111542,37.92990863229292,0.0,1393.8515176527,190.6779828582343,244.096782145532,149.74550503926997,136.16568554610117,nan,nan,nan,nan,nan
449,106,0.0,-74.42410640034043,5.079376272126434,-79.079019428829,0.3661396812213649,,11.144430045969784,10.88530489988625,0.11801724415272474,10.767287655733526,0.0,13.22717802703452,3.2988118978899266,39.53950971441449,0.0,1716.3767390601022,214.62941387630121,270.53153384838913,190.4149783655469,31.422636864492578,nan,nan,nan,nan,nan
450,67,0.0,-58.204232110337344,2.1816399885182554,-60.150914724137266,0.20460590548066734,,9.572965456172824,9.304372967220843,0.07661702018231153,9.227755947038531,0.0,8.229620959027136,1.8369822885974643,30.07545736206864,0.0,1087.722256942104,132.98579220098347,166.86508585272242,126.46534363455586,51.22597926964781,nan,nan,nan,nan,nan
451,85,0.0,-70.64751405554325,2.527261897013679,-72.85191934364848,0.2815211291883139,,11.234817219898105,10.967061565257609,0.09426399599760771,10.872797569260001,0.0,10.826643633798476,1.611449346169263,36.425959671824245,0.0,1377.8185006633862,184.25029821453867,233.28966582236376,151.9535039214067,68.80553043670564,nan,nan,nan,nan,nan
452,71,0.0,-62.63088443837874,1.9274853743627438,-64.3217647989116,0.20551421321442553,,10.427997702732682,10.148023396730423,0.07835147250443697,10.069671924225986,0.0,6.2640279534699195,1.6864809654331776,32.16088239945579,0.0,1151.384304829185,140.798682733155,176.6308694331722,137.1294087300088,58.22691272486987,nan,nan,nan,nan,nan
453,720,50.41452563328107,151.30615517965626,127.51471229832129,28.168177574081113,4.037644935199972,,39.615730138495564,39.36384211294353,0.7856522975489497,38.57818981539458,0.0,41.308785753684205,16.831598241314317,36.33043684624052,14.261498116674865,11603.776597233173,1259.1848756020345,1737.378863870601,1330.9358619500495,237.48880825764755,nan,nan,nan,nan,nan
454,67,0.0,-63.42509873374769,1.111333228157976,-64.3293947584534,0.17972893320290875,,8.993548930622637,8.732565220445395,0.0742882713675499,8.658276949077845,0.0,3.762309056604228,0.7440187480123095,32.1646973792267,0.0,1085.6790193458755,129.7687139543386,162.3280977436745,128.82604190797517,58.347378179319065,nan,nan,nan,nan,nan
455,720,30.706718982011257,117.62368639209845,120.6625501262836,1.391111362641304,4.0504412675520145,27.888628005981445,41.78334111906588,41.15258209872991,0.7859868742525578,40.36659522447735,0.3736911993473768,42.263461027254834,16.821847974534425,30.01116330069063,10.09680246968158,11631.093191006625,1293.7978021429935,1767.5867526169777,1376.0336825638992,258.73138655925425,nan,nan,nan,nan,nan
456,83,0.0,-59.09854728435332,5.437821716424312,-64.15388908216075,0.3471387534688819,,10.136161629110575,9.875765884295106,0.09233612008392811,9.783429764211178,0.0,28.16035033138528,4.398802086343098,32.07694454108039,0.0,1348.6833831102656,180.30282099128317,226.6789306697476,142.09913239605396,89.91762919341531,nan,nan,nan,nan,nan
457,60,0.0,-62.65720146755656,0.14429338198111014,-62.58629902114987,0.1804416324108009,,8.857299040071666,8.600747749209404,0.0688145449385047,8.5319332042709,0.0,1.5044833713003274,0.1079679744349141,31.293149510574935,0.0,972.4996277182132,143.50504549271022,181.47027269583361,109.53766796128872,59.819681933375605,nan,nan,nan,nan,nan
458,80,0.0,-58.93791066533636,4.631970770904641,-63.15048818980535,0.36968919623453056,,9.75872761104256,9.50900942273438,0.09072861913591623,9.418280803598464,0.0,18.565186737505623,3.68304670823889,31.575244094902676,0.0,1297.5628497600057,202.99956989378828,257.4248178809501,136.48449807855133,88.38117024953534,nan,nan,nan,nan,nan
459,80,0.0,-74.51259895347556,0.6922155885053,-74.95286734386136,0.2145835410262639,,12.073055114597082,11.783918707631528,0.08877779264003038,11.695140914991498,0.0,3.446059350918106,0.45996724242094145,37.47643367193068,0.0,1294.2994813771957,164.70188465446319,207.36880461579577,144.83461534298152,86.22059053104917,nan,nan,nan,nan,nan
460,121,0.0,-70.56152386394538,9.750332928482777,-79.65376265515238,0.5943985783352583,,11.039896388538182,10.816050132736564,0.13317428808659315,10.68287584464997,0.0,23.359718182961473,4.782954981705589,39.82688132757619,0.0,1955.3527326624844,286.21175672850296,368.6225712949598,194.67304167580446,149.6764169540309,nan,nan,nan,nan,nan
461,720,76.11975741044367,227.54290321837047,159.32489185669644,73.21372897346059,4.6291797916609605,,40.99525116942823,40.68713767733425,0.785370048135519,39.90176762919873,0.0,42.20863249722087,20.834249327728177,39.51289292371337,13.214788736753905,11598.337810525405,1219.1573962952073,1742.7880735553904,1316.7495184407403,228.35429087623237,nan,nan,nan,nan,nan
462,72,0.0,-60.00729879343619,3.175554399405266,-62.901708820631704,0.24761952268276255,,8.395504877902567,8.153658465482295,0.0793317062780261,8.074326759204268,0.0,16.852482495212964,2.2233250140694576,31.45085441031584,0.0,1166.0713920026024,148.4317080441397,186.46045193150624,141.1397147683804,81.45285641775828,nan,nan,nan,nan,nan
463,205,0.0,-40.73326098844499,26.29323579803089,-65.78405580516576,1.1365775060539045,,15.47812344506383,15.251127456314862,0.22393479011952877,15.027192666195333,0.0,36.84470895985201,10.41944308916576,32.89202790258289,0.0,3335.773537850861,466.2621943190769,585.7483944405967,347.6966127925806,214.53107734763222,nan,nan,nan,nan,nan
464,720,31.574267504023734,106.88968281469579,115.61813547690429,-4.0674442601296406,4.305683057250731,6.491904258728027,40.1303999889642,39.47321060206741,0.7845793720334768,38.688631230033934,0.40569760370999575,42.1851797122855,15.783886502557193,33.60798963408856,12.109783644557288,11595.493318484,1378.8614633707396,1882.906631361108,1297.4283384909268,405.55041056435533,nan,nan,nan,nan,nan
465,97,0.0,-63.67012412480753,7.0015526096137,-70.16821168169005,0.45444267154668977,,14.188593443483114,13.912447952665389,0.10759076196700335,13.804857190698385,0.0,16.979171869465922,4.174964043270868,35.08410584084503,0.0,1570.62093508084,222.736454184309,286.6596750504362,147.392991129356,118.4816745587942,nan,nan,nan,nan,nan
466,214,0.0,-36.286456840629356,27.823072474880117,-62.766919251257676,1.2353933680172466,,17.18430624343455,16.93287619855255,0.24175786785781384,16.691118330694735,0.0,35.65006146117727,11.134384230193119,31.383459625628845,0.0,3488.6473296725408,496.52846579835284,620.620824781015,361.17788397287956,226.5448000868367,nan,nan,nan,nan,nan
467,69,0.0,-59.378514477689905,2.510106294589433,-61.627899757623645,0.2294816972271382,,8.417653415352106,8.173965536989272,0.07670396100729704,8.097261575981975,0.0,10.46515734522392,1.9684439602613415,30.81394987881182,0.0,1118.9811481790364,144.07955421412433,182.24359190066775,114.31194600682677,64.65491528897437,nan,nan,nan,nan,nan
468,720,47.28439526477635,129.9069109962173,118.38469310218386,15.553809602042946,3.6720606065051653,,40.91504210419953,40.64922496955842,0.785241425037384,39.863983544521034,0.0,41.27318655968047,16.3370529962475,39.50749046375487,11.29508762699783,11615.246477538047,1238.2089987777063,1680.6935560801073,1318.5806078580579,166.19034752841708,nan,nan,nan,nan,nan
469,720,49.775468688100375,170.85041262694773,144.30541857817514,31.40880737412833,4.526002390937464,2.152496099472046,43.26059386599809,42.64035238791257,0.7865369329228997,41.85381545498967,0.36331651266664267,42.263839571131626,20.02705346465446,34.07106500103621,19.048846496509316,11585.386264499717,1251.295824603476,1779.8652434273185,1320.229956789127,293.0972898585366,nan,nan,nan,nan,nan
470,83,0.0,-60.73678339706286,4.4877185670068425,-64.96108542573883,0.22398916596324736,,8.33425175677985,8.105344664305449,0.09215999022126198,8.013184674084187,0.0,7.688498649810807,2.531752504225091,32.48054271286941,0.0,1344.9032886907298,127.33332280109977,158.388622907296,177.73489358809357,33.77120377114428,nan,nan,nan,nan,nan
471,87,0.0,-75.82520696915297,1.6813866349955264,-77.18616544927416,0.2676910945733485,,10.308080678805709,10.09958749357611,0.09654914122074842,10.003038352355361,0.0,10.677755829581812,1.2879667678794147,38.59308272463707,0.0,1408.83605424825,189.2170372573996,239.44321008281386,174.07209756569523,58.137097241411915,nan,nan,nan,nan,nan
472,79,0.0,-64.35048122843271,3.280893386964784,-67.30155131698504,0.29029984000759085,,9.744091367349029,9.492236487567425,0.08711292780935764,9.405123559758067,0.0,14.740975399860064,2.253461069295408,33.65077565849251,0.0,1279.1113919876125,173.34115096259768,220.30991193743617,141.84806925164708,85.5914142481407,nan,nan,nan,nan,nan
473,74,0.0,-57.035124384824414,4.574251663194688,-61.2891724311139,0.2782072355793438,,7.580397258512676,7.346874783746898,0.08173345122486353,7.265141332522035,0.0,12.676503875015916,3.043967894187035,30.644586215556945,0.0,1200.2801569538544,154.01537474091734,195.32143843455088,122.63733966011056,54.61460782605648,nan,nan,nan,nan,nan
474,78,0.0,-62.811864422285275,3.016549552456071,-65.48745616930435,0.2951114973601326,,11.168740171939135,10.88310535531491,0.08605848904699087,10.79704686626792,0.0,26.105555580135835,2.7508526359472345,32.743728084652176,0.0,1267.5382015231644,184.00912200389706,232.14897446807018,140.71116002234214,109.78375750504536,nan,nan,nan,nan,nan
475,87,0.0,-62.64990716398346,5.402674877610646,-67.65367489440976,0.3527607289599327,,9.488815356045961,9.248770530335605,0.0956213977187872,9.153149132616818,0.0,21.988171699442738,3.875972204404697,33.826837447204895,0.0,1411.3554325324285,188.00779352517495,236.2250841346941,161.97345842465253,66.19259078919664,nan,nan,nan,nan,nan
476,78,0.0,-62.540629567292854,3.4673168187794,-65.64941827032717,0.3192865233552262,,12.062932279892266,11.77291127666831,0.08615276962518692,11.686758507043123,0.0,22.690120741662884,2.921347081170118,32.82470913516358,0.0,1266.0600955729049,183.7665537922496,233.49326170207894,127.85116384191312,106.13423095218458,nan,nan,nan,nan,nan
477,105,0.0,-58.93164189152456,9.381375781528744,-67.76604518364579,0.5015670342177759,,11.55584008526057,11.301533536054194,0.11574278771877289,11.185790748335421,0.0,22.735815616945352,4.921367798221291,33.88302259182289,0.0,1698.5087826350116,229.98384277035083,292.72491141456953,186.4088558002791,108.59891186125938,nan,nan,nan,nan,nan
478,82,0.0,-61.4369563118934,4.488266111496888,-65.5622334164685,0.32441000029770667,,10.71102022845298,10.434274553321302,0.09051823522895575,10.343756318092346,0.0,16.24174897545022,3.553131999682626,32.78111670823425,0.0,1330.3625152125296,184.5489710676749,232.43691542952223,150.14960573270062,78.67219642765346,nan,nan,nan,nan,nan
479,71,0.0,-59.49527610422773,2.577792363781183,-61.801289497321534,0.23475395943162278,,9.671668336726725,9.418239110149443,0.07833594735711813,9.339903162792325,0.0,7.838999057638282,2.150335957553595,30.90064474866076,0.0,1152.7310170545518,147.45323866650872,184.4738881759638,137.46997700345432,42.13511474204781,nan,nan,nan,nan,nan
480,81,0.0,-71.87466906838984,1.7677731930923948,-73.35155829063848,0.25195823688107905,,9.065187310799956,8.837243963032961,0.08932192716747522,8.747922035865486,0.0,3.1465286694753725,1.0265417752209578,36.67577914531924,0.0,1311.00186410651,171.76331686479506,217.7254560558154,154.3606206584378,55.309684196668336,nan,nan,nan,nan,nan
481,720,35.91221099477468,113.33858811654693,120.98669019778755,-3.7899931177451265,3.512305780023905,18.372684478759766,38.05954006128013,37.53280844446272,0.7853402765467763,36.74746816791594,0.3334601689130068,42.23564214190373,16.133231764829084,37.80720755364723,13.95670314060474,11601.650167312038,1189.966241434476,1625.2184336087828,1285.758378745144,265.5457628222907,nan,nan,nan,nan,nan
482,96,0.0,-61.59618199877313,6.67385091343544,-67.83335210045016,0.38778171315439425,,10.391819565556943,10.142371754162014,0.1066723307594657,10.035699423402548,0.0,23.565689407519628,4.344613315311668,33.91667605022508,0.0,1555.602614890482,208.8317882276828,262.9206172463262,170.75197027876894,66.98860158504644,nan,nan,nan,nan,nan
483,111,0.0,-56.63935147869596,9.47845076178681,-65.59427489901363,0.4687265530302279,,10.449573843739927,10.217357454821467,0.12630291003733873,10.091054544784129,0.0,25.244441819619215,6.400555658645878,32.79713744950683,0.0,1801.7810376992938,242.0741730226004,302.9562705696825,218.12540872493813,88.36453315661204,nan,nan,nan,nan,nan
484,86,0.0,-66.81009665002311,3.7399352203847354,-70.21925573676678,0.28868368360925284,,10.93440637551248,10.70397668890655,0.09551459830254316,10.608462090604007,0.0,14.601754254715308,2.5808462830165313,35.109627868383406,0.0,1393.505947406489,175.79929457270225,221.91186407458622,160.275145518097,50.86603643534267,nan,nan,nan,nan,nan
485,720,67.52076381002865,194.8629453024947,142.80423118079537,56.71281851250137,4.2871372852306795,,40.62533408869058,40.40288633946329,0.7886817269027233,39.61420461256057,0.0,41.82935102050742,19.546450089977085,39.164354553777954,10.009831661425697,11617.247475258466,1236.6715000396578,1735.8528620170605,1324.8704570450204,302.69318182385945,nan,nan,nan,nan,nan
486,109,0.0,-70.7089449375411,6.195859586343375,-76.41850789370739,0.43626196042918863,,11.21106443926692,10.95585345569998,0.12022941652685404,10.835624039173126,0.0,21.70988217644266,3.9816200111276197,38.2092539468537,0.0,1767.3346601314581,240.9976056670511,305.5014816795027,161.82905377057244,122.35299175601584,nan,nan,nan,nan,nan
487,142,0.0,-58.89467910040649,15.056566268856946,-73.15770909830763,0.723762225110846,,12.006516399793327,11.775938864797354,0.15622252225875854,11.619716342538595,0.0,33.500770955787765,7.239370408560839,36.578854549153824,0.0,2301.689798178876,314.63001899168785,398.8648986622495,240.62128350172455,150.22023482840024,nan,nan,nan,nan,nan
488,133,0.0,-51.70070439177583,14.270459292653786,-65.2427132048984,0.6593956683173651,,15.198435983620584,14.91532234288752,0.1474183090031147,14.767904033884406,0.0,31.917429989269312,7.866272707333267,32.6213566024492,0.0,2159.4024150868613,290.1551031655526,362.85277275587833,238.17947639634124,122.8600647382333,nan,nan,nan,nan,nan
489,85,0.0,-70.94786843299475,2.768623927947614,-73.38533837894474,0.29383443271391,18.61528968811035,9.685656807385385,9.133363731205463,0.09435218572616577,9.039011545479298,0.29799517057836056,9.669972773164798,1.6143146506749357,36.69266918947237,0.0,1376.379318407349,181.9453429040373,231.79368932052432,147.54437461821098,90.75703192233938,nan,nan,nan,nan,nan
490,104,0.0,-64.40461585030037,6.998964986786801,-70.96063027127076,0.39218434680980846,,14.15561147686094,13.863435539416969,0.1157543109729886,13.74768122844398,0.0,19.60665553132934,4.486267221540206,35.48031513563538,0.0,1683.2125705455003,208.36861846922912,262.3494354183553,203.02530377768431,81.2664659319764,nan,nan,nan,nan,nan
491,101,0.0,-58.08297769952911,8.355932057228594,-65.97940606384216,0.41480583331393994,,10.360275046899915,10.105018170550466,0.1121730050072074,9.992845165543258,0.0,27.603102890107774,5.41948240237173,32.989703031921096,0.0,1643.1664651857059,210.4677459769403,263.1146935153037,178.7114013054976,70.80743306381204,nan,nan,nan,nan,nan
492,720,59.514947775265945,193.6141272919969,149.0737063425047,48.88027985687647,3.9830004775430323,,39.93765700235963,39.699277786538005,0.7883064607158303,38.910971325822175,0.0,42.202966501036435,19.92918328235746,35.0748078468277,9.461523058987828,11614.633254565697,1134.3578436476057,1597.1183869786937,1378.7652687472435,73.11319260418338,nan,nan,nan,nan,nan
493,87,0.0,-63.793534081420916,4.976805682289197,-68.37513114645978,0.34859198554481735,,9.147378092631698,8.905825136229396,0.0957340719178319,8.810091064311564,0.0,15.006228710377066,3.386580706098142,34.187565573229875,0.0,1408.389130894448,193.60372860781496,245.00962740058492,161.71646557074038,59.69539719188399,nan,nan,nan,nan,nan
494,80,0.0,-70.54083858903931,1.335456876160849,-71.6060853376265,0.23615916417227556,,10.098762266337872,9.834216938354075,0.08813404943794012,9.746082888916135,0.0,4.0922286745052325,0.7797652472462439,35.80304266881325,0.0,1297.3939747114332,171.6570681952261,217.92135356762657,138.0453962878505,87.66956624633741,nan,nan,nan,nan,nan
495,87,0.0,-66.20784382177067,3.9310349938210836,-69.83113901822577,0.2737616421761578,,11.055815977044404,10.792572193779051,0.09606956969946623,10.696502624079585,0.0,10.37861182293302,2.9379742804926945,34.915569509112885,0.0,1410.9014278697032,169.53804604673357,213.6921126720559,142.30423059536298,72.67954890235998,nan,nan,nan,nan,nan
496,105,0.0,-50.69027808214484,12.246534548347906,-62.39686178203949,0.49551328703044245,,12.131710089743137,11.893178929574788,0.1155947232618928,11.777584206312895,0.0,19.743487569652522,6.3771566287118056,31.198430891019747,0.0,1700.6661067263242,211.20432500972268,265.39630863871463,184.88122178809334,78.57823035950999,nan,nan,nan,nan,nan
497,94,0.0,-53.658210772387434,8.813374383267941,-61.99395241903965,0.4288757104394067,,9.215673194266856,8.988895080052316,0.10331921093165874,8.885575869120657,0.0,18.785499116048168,5.254550792397433,30.99697620951983,0.0,1522.1877997899005,196.60152373628506,248.1365238057086,170.58223304464863,51.579045789794066,nan,nan,nan,nan,nan
498,720,61.378353432121145,184.41194630430024,135.02119820280748,53.6892305187683,3.939479866646195,15.017352104187012,42.645947315730155,41.96909294836223,0.7857379391789436,41.18335500918329,0.4315275251865387,42.263491084944704,17.731801793959225,34.53373817273701,13.104939069725491,11606.559462549285,1199.6975108379388,1647.9503745341644,1323.3475714803258,309.21566270776,nan,nan,nan,nan,nan
499,89,0.0,-72.82526421335204,3.2775312844007347,-75.77255209512768,0.2921362021087289,,8.583964185789227,8.36513697821647,0.0999125624075532,8.265224415808916,0.0,10.224656326813903,1.8354692093133633,37.88627604756383,0.0,1440.4351213755842,184.27859100582884,234.4335495720214,149.3097997493109,71.95743226443287,nan,nan,nan,nan,nan
500,720,24.35161971154686,93.7595342657447,112.16258055499658,-14.573647573256551,3.4795464711852357,,46.68543168064207,46.41745942365378,0.7878056271001697,45.62965379655361,0.0,42.161561812452454,14.853877673385806,31.63844349817513,10.608420242084557,11607.281261752649,1212.4558520329745,1613.7418023392224,1363.8513582400442,127.81252190485412,nan,nan,nan,nan,nan
501,86,0.0,-61.98646794619269,5.909409334417664,-67.53950378192336,0.32191260935779936,,8.306360341608524,8.080645597539842,0.09463195595890284,7.986013641580939,0.0,11.21553145586482,3.134222209655753,33.76975189096168,0.0,1391.4497756131655,170.24285896904289,212.94438297246282,156.44127062610687,48.94381877888673,nan,nan,nan,nan,nan
502,720,49.52379601655586,149.1390906364346,131.926732230692,21.69302051191461,4.134386391615473,9.043441772460938,44.93436117656529,44.36555487662554,0.7885416457429528,43.577013230882585,0.324776666238904,42.259262877094834,18.18651558153812,38.67728576059856,16.584061758634842,11594.420770507859,1262.5714636029281,1776.6249763889462,1311.2021872231533,279.49236823839374,nan,nan,nan,nan,nan
503,86,0.0,-61.950232798368226,4.895641226876726,-66.44310513802485,0.3580371401008854,,9.799434560351074,9.548167786560953,0.09609654638916254,9.45207124017179,0.0,17.042977994266753,3.7577197730680445,33.221552569012424,0.0,1395.6178964407181,196.87729542672534,248.34562720507842,158.98421117746307,94.76695988771208,nan,nan,nan,nan,nan
504,106,0.0,-75.37589161167898,4.6684645037582175,-79.62553161210204,0.36989739434029095,,13.09909650683403,12.827558153308928,0.11745059862732887,12.7101075546816,0.0,19.23898448580722,2.9152251421641644,39.812765806051026,0.0,1718.543071971564,221.54186389165707,280.1229137058087,189.36802733839846,42.02296369270235,nan,nan,nan,nan,nan
505,720,27.883653513554012,92.36027376344046,113.28419013397308,-16.25581798455479,4.292840952509758,,42.744024716317654,42.498103046789765,0.7872011223807931,41.71090192440897,0.0,42.1536492248419,15.76734378937352,36.01156250583141,14.977217624542766,11600.29410914244,1392.1286295102698,1912.2099795584359,1323.4412400236,455.5831759788389,nan,nan,nan,nan,nan
506,130,0.0,-62.763433922045195,12.851782660750503,-74.92874426871211,0.6204849935022551,,12.202788623981178,11.962577887810767,0.14273755345493555,11.819840334355831,0.0,21.62826648989971,6.325310600290122,37.464372134356054,0.0,2106.124915102933,276.3302355454609,350.00004883658744,246.74137604170886,85.90914872790538,nan,nan,nan,nan,nan
507,74,0.0,-69.35980373015312,0.9215014173265429,-70.01687899518149,0.22713163320913735,,11.308772669173777,11.021821783855557,0.08205788023769855,10.939763903617859,0.0,3.3332608338990672,0.5830316231626439,35.008439497590736,0.0,1198.9261124749846,169.2518156942386,213.92423432026342,125.66995333713025,77.94351486766604,nan,nan,nan,nan,nan
508,70,0.0,-58.776966141652544,3.2776441355131944,-61.73359871261095,0.2825903739059855,,9.630301256664097,9.363405461423099,0.07750190235674381,9.285903559066355,0.0,17.774378517775467,2.6431562420768073,30.866799356305474,0.0,1135.830264585856,164.94432506789258,207.99309433789722,121.01011757841006,63.470212831284,nan,nan,nan,nan,nan
509,66,0.0,-63.96744901660725,1.0113985284965377,-64.74587351780445,0.19809959242829198,,7.9976108288392425,7.761220462620258,0.0728588318452239,7.688361630775034,0.0,7.226949518308258,0.6716989314190327,32.372936758902235,0.0,1068.9820169457216,142.63608624474898,180.89465472205393,120.61725712264452,40.434542899998526,nan,nan,nan,nan,nan
510,131,0.0,-61.020568322936086,11.338883304430937,-71.71005015336928,0.5904157266007962,,14.657631250098348,14.402166228741407,0.14402670599520206,14.258139522746205,0.0,25.79094982877389,6.505636073606113,35.85502507668463,0.0,2121.492760253949,283.8233478734121,357.82758158541395,219.24782266381783,94.4423223489537,nan,nan,nan,nan,nan
511,133,0.0,-56.184592422013765,14.71485268255604,-70.1505271251032,0.6779971243378353,16.927858352661133,11.865782143548131,11.33154474105686,0.14625398814678192,11.185290752910078,0.30020459182560444,32.928393275816305,7.049166042361863,35.0752635625516,0.0,2157.201793684174,287.7206758634522,363.2224896231056,248.88645278905256,119.96426389894046,nan,nan,nan,nan,nan
512,720,23.21705205816701,81.9110098694191,110.9755274201807,-25.08975129824274,3.609142699509464,,46.74159964360297,46.43970007169992,0.7880982318893075,45.65160183981061,0.0,40.876614322249225,14.635270334447856,35.76192770728838,13.595233704033499,11594.326509882578,1258.1180597287082,1684.4057109071755,1353.1435239058758,191.9333731386934,nan,nan,nan,nan,nan
513,76,0.0,-69.39794498752426,1.6743063865988284,-70.79684955449143,0.23634953666512298,,9.240575760602951,8.978786055929959,0.08400652185082436,8.894779534079134,0.0,3.2919138481580843,0.9635892262967528,35.398424777245715,0.0,1230.2119130776744,164.01794326771122,208.37068455818275,148.8421259665238,62.39576775811387,nan,nan,nan,nan,nan
514,720,36.70359431343292,128.71786036453662,133.3577206073989,-0.12456970576504034,4.1471390560035335,4.7183661460876465,40.670169388875365,40.142938423901796,0.7872618585824966,39.3556765653193,0.29939516726881266,42.25493439970136,18.021852480077236,36.76587916631544,23.64716186770649,11582.4123596436,1209.934220332297,1729.870135161518,1325.8194068560997,253.69896351191332,nan,nan,nan,nan,nan
515,124,0.0,-62.778524601844055,10.551617536409744,-72.72300175786395,0.5462977827774719,,12.922737199813128,12.656352080404758,0.13725761603564024,12.519094464369118,0.0,23.49770402201082,5.880498930798733,36.36150087893198,0.0,2005.3848005200048,262.0008056578771,331.3791215869886,224.65866099124784,105.7157797833399,nan,nan,nan,nan,nan
516,97,0.0,-67.54470383178074,5.4851007172165955,-72.58000300508274,0.40714200915966897,,12.756207529455423,12.500724822282791,0.10907619073987007,12.391648631542921,0.0,15.017716289965335,3.9965842266220415,36.29000150254138,0.0,1572.849908006378,222.71551417649553,280.1806623373122,177.42984984338318,93.36252343322403,nan,nan,nan,nan,nan
517,70,0.0,-58.22073596535309,2.945659627420258,-60.8396776372477,0.2873372923358042,,7.693159435875714,7.446101826615632,0.07706883829087019,7.369032988324761,0.0,15.626914260634416,2.658724999116542,30.419838818623862,0.0,1136.383514353477,163.90930259220016,206.45107859178788,124.60258369735787,101.50267963720049,nan,nan,nan,nan,nan
518,93,0.0,-72.28954213826245,3.6097859868969904,-75.57589952282987,0.2850154003507343,,10.783227395266294,10.530465668067336,0.10331472009420395,10.427150947973132,0.0,13.126059943998506,2.1629847651267524,37.78794976141493,0.0,1505.1238829624801,179.13961186105269,227.3229107810952,154.8181793633629,86.29520147936901,nan,nan,nan,nan,nan
519,87,0.0,-57.31418741076705,6.903300323664533,-63.796169700722956,0.3831167156267261,,9.624812737107277,9.369217804633081,0.09563334099948406,9.273584463633597,0.0,18.92405573352195,4.382263989494078,31.898084850361474,0.0,1411.3297087376532,191.47615199963803,241.59109976714618,144.93095197672687,93.03356058585376,nan,nan,nan,nan,nan
520,67,0.0,-63.570877409455,0.93751327305809,-64.25019114898566,0.22361129574190494,,9.695449728518724,9.433964047580957,0.0743770319968462,9.359587015584111,0.0,6.550481018566132,0.7544255253155252,32.125095574492846,0.0,1086.4204132789905,160.16388553968747,203.83420724300512,116.99411276077346,100.70757100362886,nan,nan,nan,nan,nan
521,86,0.0,-78.26354733013358,0.9273097441345701,-78.8695375018769,0.276187617109088,,14.981443347409368,14.677855501882732,0.09567748010158539,14.582178021781147,0.0,4.810341781867139,0.5424311660283461,39.43476875093846,0.0,1391.926091553635,202.5673226413598,259.87178471649366,142.60038620452613,97.61083300503482,nan,nan,nan,nan,nan
522,93,0.0,-70.77420465950186,4.07507684279291,-74.43629579951329,0.3634121863257447,,12.650560537353158,12.372543304227293,0.1030803369358182,12.269462967291474,0.0,14.897166522146929,2.8209382566369117,37.21814789975665,0.0,1507.198497976664,217.5230296243831,277.50845664195174,161.11077177836574,86.41895561102568,nan,nan,nan,nan,nan
523,77,0.0,-63.5844646306637,2.7979916951905364,-66.06074036134926,0.27569382574117623,,9.602816756814718,9.343637044541538,0.0851910449564457,9.258445999585092,0.0,12.194869661855577,2.4527382555507877,33.03037018067464,0.0,1248.5400522762345,177.31675405949005,225.2022730293298,141.63737222042406,109.02107164804471,nan,nan,nan,nan,nan
524,720,69.42135276655934,250.75264280268638,184.41602612349274,70.74440995896462,4.056337883153019,9.404167175292969,37.78330771718174,37.23190170433372,0.7862568264827132,36.44564487785101,0.30561578925698996,42.24736538227038,24.170298041746488,34.049147787077025,17.59275881337722,11585.879628048813,998.905290236736,1464.0163243784812,1306.1886521516235,141.16022751063755,nan,nan,nan,nan,nan
525,672,0.0,21.793031529188504,93.01937416159605,-67.82099674441046,3.0999456878653193,,36.71254987549037,36.43642420228571,0.7351855346933007,35.701238667592406,0.0,42.027402449426226,13.236163823061215,33.91049837220525,0.0,10854.117816248692,1174.6746988916623,1498.981360024303,1195.8603695258096,360.8864729494095,nan,nan,nan,nan,nan
526,720,78.46398381104859,260.66861370156755,180.22759771187918,85.29979598401805,4.535227682244417,,38.75650620833039,38.510178732685745,0.7865837914869189,37.723594941198826,0.0,42.24864287695525,23.957391305203913,35.81408581903957,16.0931016280958,11586.883337863364,1148.799707821485,1635.9962735053396,1329.6457809974108,297.0586108096006,nan,nan,nan,nan,nan
527,141,0.0,-50.536999644612095,15.699582211986389,-65.42637496694287,0.739858251939498,10.350878715515137,15.568970914930105,14.987053729593754,0.15453470591455698,14.832519023679197,0.2975428234785795,25.58185629609275,8.038818107942785,32.713187483471444,0.0,2282.0906465632283,320.6844680440843,406.142239888455,239.63820072928888,138.03423861555376,nan,nan,nan,nan,nan
528,720,32.76768079506983,120.78026176490248,136.67621962066687,-11.734141602473002,3.802852021891921,,40.31253077927977,40.06708079949021,0.7880077250301838,39.27907307446003,0.0,42.11693132584022,19.289720342474414,38.63475159630632,9.577382029177917,11611.95519456161,1154.1087396551136,1631.0047090807047,1326.022910038394,137.63022948554283,nan,nan,nan,nan,nan
529,720,55.553693459635035,175.58534698936245,141.9435069170992,38.40392572110636,4.417771240831681,5.667812824249268,36.78319541551173,36.23314705770463,0.7846132088452578,35.44853384885937,0.2965823393315077,41.92270004894221,18.52337836567329,36.351730599081854,26.21577948584631,11582.399999999889,1189.9087165798776,1740.865675613935,1295.8844745460362,380.8428475893516,nan,nan,nan,nan,nan
530,720,56.62764106855652,169.11051426884663,136.62679469314736,37.34849710636655,4.5053992445550595,,40.28157068602741,40.020824098959565,0.7874221634119749,39.23340193554759,0.0,42.263645680274685,18.81739083451368,37.953392515373245,19.66188603184528,11584.144455908396,1271.747737175561,1822.7865789305806,1301.2680874250864,315.6970418631494,nan,nan,nan,nan,nan
531,74,0.0,-71.68353674501188,0.1905344139330587,-71.6294800891924,0.20690325613619487,,9.732813293114305,9.475258810445666,0.08134092763066292,9.393917882815003,0.0,0.976772833112509,0.1200462628161353,35.8147400445962,0.0,1198.3338527710189,164.73573907248715,208.56630857015867,123.57081847470789,58.63319794542695,nan,nan,nan,nan,nan
532,61,0.0,-61.02439668121437,0.8373906100761292,-61.64038820968974,0.19225183997995068,,7.907203529030085,7.649990447796881,0.0672442177310586,7.582746230065823,0.0,4.292718334454485,0.6962511962259283,30.820194104844877,0.0,988.7448955041328,139.57764552125306,176.54196346924851,97.2841668421628,65.33719066146607,nan,nan,nan,nan,nan
533,150,0.0,-57.10795621310014,16.15459006714962,-72.51084732583419,0.6898636284854157,,14.581128424964845,14.351797959767282,0.1646355213597417,14.18716243840754,0.0,33.025031366292986,7.596111056743859,36.255423662917096,0.0,2431.0966927887553,309.8199561057188,390.22031754123276,241.51153576203183,127.86160068059182,nan,nan,nan,nan,nan
534,114,0.0,-54.50971039033705,11.409175735206887,-65.31583559392685,0.5488702219418186,,11.62206963263452,11.378067150712013,0.12536220159381628,11.252704949118197,0.0,27.590432501845356,6.672173602139632,32.657917796963424,0.0,1850.7015650828848,251.51898465358252,317.0406826017467,193.19852669378176,102.70672220874863,nan,nan,nan,nan,nan
535,720,50.172995194165296,155.55643870391043,130.7102232997486,29.487641692426223,4.276604225628437,5.944399356842041,42.91463569365442,42.28514589834958,0.7873082812875509,41.49783761706203,0.3789335312321782,42.26371855802434,18.11709606797534,35.42917434795219,13.272075384225165,11594.346261608456,1264.075419285466,1784.2326633101077,1312.602075448994,328.6912033776773,nan,nan,nan,nan,nan
536,70,0.0,-64.09285925199381,1.8356948939977609,-65.67210315545296,0.22612901846562045,,8.132561586797237,7.886971477419138,0.07729700207710266,7.809674475342035,0.0,9.78639405767952,1.2816472280976656,32.83605157772648,0.0,1133.8914694391237,150.9938943883749,189.75381074551436,120.68363865702413,58.290458239056065,nan,nan,nan,nan,nan
537,720,30.898241662208896,111.29833811859977,121.44432609625734,-5.763093679697832,4.01750831831849,,41.67707809433341,41.41554012708366,0.7839656407013535,40.631574486382306,0.0,42.1882990978787,15.94834471736864,33.77978850205781,20.44202407657316,11582.979418443418,1275.4888597959093,1783.341456912686,1342.9648786536914,248.61995168461647,nan,nan,nan,nan,nan
538,108,0.0,-49.257206487114956,11.351129216027129,-60.05317925072505,0.5013293820414838,,11.415076466277242,11.154999398626387,0.11802166514098644,11.0369777334854,0.0,23.41457702986191,7.017626968163689,30.026589625362522,0.0,1753.523093494795,216.45292760156897,269.52785281052184,192.32766880443802,75.55877615105317,nan,nan,nan,nan,nan
539,103,0.0,-70.69815493826468,4.923746997533771,-75.13978402890666,0.41444012184827017,,12.095508384518325,11.831845085136592,0.11249108612537384,11.719353999011219,0.0,19.632517438809327,4.268325065409,37.56989201445334,0.0,1675.242590952311,235.23696444126585,296.84401325666613,208.27618656857805,70.72772118196455,nan,nan,nan,nan,nan
540,80,0.0,-66.15335902410906,3.4210566134190743,-69.26296154976632,0.2722966242233278,,11.083091749809682,10.812362231314182,0.08766398672014475,10.724698244594038,0.0,11.425150908239134,1.924721390162113,34.63148077488316,0.0,1295.0607114225918,169.25809108560748,214.0647961247401,150.9458583298468,60.98546562739673,nan,nan,nan,nan,nan
541,119,0.0,-72.02541229241828,8.168736328324234,-79.70048599164463,0.4358263248718457,,10.793758628889918,10.55096191726625,0.1302014421671629,10.420760475099087,0.0,9.268545998899565,4.399993244438211,39.85024299582231,0.0,1926.6950720189648,234.5803072730794,296.7858038622786,231.09972677447468,33.19788493094051,nan,nan,nan,nan,nan
542,720,36.92537409499763,109.23438211390379,114.5320722340982,-0.7125826767230166,4.218721796408353,19.25911521911621,41.533935545012355,40.917720642872155,0.781773597933352,40.1359470449388,0.370240768417716,42.06479016471118,16.411115682828665,37.28166543335914,11.824284668971142,11603.603963096264,1324.6830581262648,1846.5022537795908,1338.5173491498856,437.72903300309963,nan,nan,nan,nan,nan
543,105,0.0,-75.13842740791043,4.9888189210137055,-79.77009751901883,0.2966336529437174,,10.225277747958899,9.98693067766726,0.11571183148771524,9.871218846179545,0.0,10.28183495638546,2.7206832452634266,39.8850487595094,0.0,1698.686035482601,177.17714482240183,223.694388934773,191.17496828900113,8.61490219293753,nan,nan,nan,nan,nan
544,90,0.0,-69.73880133572963,3.736395516830958,-73.10888671639407,0.31787264628942863,,8.820045991800725,8.588284278288484,0.09946377761662006,8.488820500671864,0.0,14.76790010124629,2.5621254252959584,36.55444335819702,0.0,1460.022046100085,198.69350497835896,251.2113351330668,171.64039313979302,88.26731049420623,nan,nan,nan,nan,nan
545,101,0.0,-64.31863182175753,6.437345618809082,-70.2838779174749,0.4227120668143961,,11.653532983735204,11.382361313328147,0.11129710730165243,11.271064206026495,0.0,16.612172215225257,4.748658238392219,35.14193895873745,0.0,1639.3502059973725,226.5784034843416,286.1207617909308,167.84839704205896,116.98269911251458,nan,nan,nan,nan,nan
546,123,0.0,-46.43773424736225,15.236232735797099,-60.973619987609624,0.6333441737443593,,11.577943267300725,11.344511331059039,0.1346954945474863,11.209815836511552,0.0,27.2262679918828,7.793350497827545,30.48680999380481,0.0,1993.4195520542908,263.76322152348905,330.5731624730781,235.43716700715484,3.0036906048452203,nan,nan,nan,nan,nan
547,71,0.0,-58.407312296978006,3.1311823372409675,-61.269536063034835,0.23669913147644067,,7.274611953645945,7.078879543580115,0.0777681702747941,7.001111373305321,0.0,12.004829167017425,2.4378248515115093,30.634768031517407,0.0,1153.1126783151487,145.00403151225223,181.80170175691492,119.93109836042315,24.175480969829515,nan,nan,nan,nan,nan
548,171,0.0,-39.145281859477734,23.96958193182554,-62.17247817644595,0.8641288085584079,,15.842119704931974,15.595982670783997,0.18730811681598425,15.408674553968012,0.0,27.15191381837774,9.488925858236609,31.08623908822298,0.0,2765.8921076392185,338.7386004240316,425.4617736184611,309.06649089194696,62.71216929570432,nan,nan,nan,nan,nan
549,720,66.22166306348163,197.18784367696736,144.22153207993884,58.22602920293028,4.888003457331735,,41.48368633631617,41.217556533403695,0.7866290183737874,40.43092751502991,0.0,42.14989275451107,19.946416855673434,37.10864846201648,12.814413259896693,11608.15135612273,1373.3382967362338,1962.2864576095499,1258.537750385921,314.77764412412614,nan,nan,nan,nan,nan
550,720,37.28050773489088,118.7263879480651,126.1445088766101,-3.248728315702138,3.824253498791477,6.5777692794799805,41.26261187065393,40.55022224970162,0.7864360688254237,39.763786180876195,0.41320346388965845,42.258632762977975,17.166277753808185,38.90487189274195,18.153799950732235,11586.06975974494,1209.924388096555,1710.6957036424717,1315.9240485165446,113.19444725964757,nan,nan,nan,nan,nan
551,70,0.0,-59.85665308562116,3.8654635319374533,-63.438031487227434,0.24885304919497747,,7.422799498774111,7.18205580022186,0.07802018616348505,7.104035614058375,0.0,18.01437692881351,1.9154557079661134,31.71901574361372,0.0,1133.8812114881603,139.50678615352527,174.9839494745481,138.4160297697517,12.719671944789994,nan,nan,nan,nan,nan
552,104,0.0,-60.01690461975413,8.859691313469325,-68.40276191783471,0.43097254584360345,,10.303835174068809,10.056926254183054,0.1156545514240861,9.941271702758968,0.0,19.131041070720546,5.008103109254579,34.20138095891735,0.0,1681.9785380052833,210.97207788304263,265.62174318754535,187.68094649548803,69.86701128124527,nan,nan,nan,nan,nan
553,86,0.0,-67.0176974228761,4.318655102896714,-70.91983865545106,0.36608265805345747,,8.672952136024833,8.42888014856726,0.09633920527994633,8.332540943287313,0.0,12.641419908576163,2.613728232331596,35.45991932772552,0.0,1393.192314915187,205.05969810345835,261.0982824564036,144.5504200113661,70.29951847329025,nan,nan,nan,nan,nan
554,72,0.0,-61.22462194042788,2.858770503494529,-63.840777129973475,0.21499365694823325,,9.333994734100997,9.071865808218718,0.0802620081230998,8.991603800095618,0.0,15.696267204184085,2.0077236111299457,31.920388564986734,0.0,1167.7740454641355,142.143020141523,177.21807804802833,139.7698857112265,37.545651573765554,nan,nan,nan,nan,nan
555,73,0.0,-64.53255116094974,1.9564875536741382,-66.17340519070389,0.2623886364203899,,8.556570324115455,8.307223977521062,0.08086307160556316,8.226360905915499,0.0,9.381144710449208,1.7280323231926962,33.08670259535194,0.0,1183.039139662286,175.67335683712042,221.85710569426232,159.26073470502664,32.15643289106679,nan,nan,nan,nan,nan
556,720,48.63328871490468,151.35353480263547,127.03594277967431,29.160424759940497,4.491389746269187,,38.90147492196411,38.672338128089905,0.7878990834578872,37.88443904463202,0.0,41.47526147112079,16.645140720671275,34.05307633493443,22.10043325510521,11582.733779171078,1381.4888379525405,1908.5206565840333,1327.5716367560087,402.46514080373316,nan,nan,nan,nan,nan
557,720,56.03433426434924,192.27130388002777,150.32604016920033,46.51137666528372,4.210086096657735,6.1545305252075195,34.74050116632134,34.17341740708798,0.788688181899488,33.384729225188494,0.37230638042092323,42.26361005816558,19.54316271491804,32.778645931707366,13.045468316236452,11603.736493513221,1194.6103968211337,1681.5138616958727,1359.0134590706791,69.09130532813883,nan,nan,nan,nan,nan
558,61,0.0,-58.94056684357856,1.3420436450852378,-60.04773877497071,0.20344332237896529,,10.901125573553145,10.596274772658944,0.06850093323737383,10.52777383942157,0.0,11.390788436473201,1.011039766158549,30.02386938748536,0.0,988.7399976079168,137.1330232523807,173.26543409966123,105.1508790162659,65.9466456780025,nan,nan,nan,nan,nan
559,93,0.0,-55.376347566726835,7.602847568725688,-62.56711272387638,0.3722006976887142,,12.362955604679883,12.103514715097845,0.10480518266558647,11.998709532432258,0.0,19.72872781189537,5.092463884084312,31.28355636193818,0.0,1509.6333956865503,188.54798665604153,234.90914360081598,170.20667459307322,68.10533515035345,nan,nan,nan,nan,nan
560,720,65.73948955409435,220.7049031655795,164.54277834204152,60.889351654632904,4.373916655372082,,39.85737652797252,39.590600044466555,0.7883533267304301,38.802246717736125,0.0,42.2625825587662,22.108754506066358,35.29481372677789,11.499129044191475,11610.31486699686,1156.6276176325396,1667.4128001183628,1345.5061076893246,61.839734755691744,nan,nan,nan,nan,nan
561,94,0.0,-73.56412938288904,3.8169023372117006,-77.01568589734745,0.3226029304025956,,10.800483606755733,10.533825844526291,0.10353229381144047,10.43029355071485,0.0,9.445140965481121,2.212366353299311,38.50784294867374,0.0,1521.6066613605522,197.20416262868486,251.7096822075511,149.27338391682088,40.84411788801747,nan,nan,nan,nan,nan
562,76,0.0,-58.95106368626573,4.06224451101993,-62.69864629559436,0.27022456240345283,,8.64969215542078,8.402356118895113,0.08404307439923286,8.31831304449588,0.0,12.413895268852563,3.0460038522117707,31.349323147797183,0.0,1231.692845421589,156.80330409755817,196.15485986450344,153.72511032222258,44.80193269351913,nan,nan,nan,nan,nan
563,92,0.0,-69.78768476335382,4.575679703164294,-73.95309383854058,0.3646763601386893,,9.955080708488822,9.711230440996587,0.10155470762401819,9.609675733372569,0.0,22.388220407024374,2.7290029317370057,36.97654691927029,0.0,1488.6054503871378,206.4381879729757,262.9347558547288,164.25936886618842,97.24710900819292,nan,nan,nan,nan,nan
564,88,0.0,-77.4833815780461,1.1879321156683385,-78.38672303776767,0.24791494336065834,,11.07429647538811,10.802476720884442,0.09712325129657984,10.705353469587862,0.0,6.547327937775766,0.7917616491084225,39.193361518883826,0.0,1424.8025127470507,181.48885667096621,230.44933581181405,148.60669062505755,52.28798992108785,nan,nan,nan,nan,nan
565,65,0.0,-58.79523454971822,2.255299719795307,-60.784270316481965,0.22925044773479694,,9.130239598453045,8.856339038349688,0.07206575479358435,8.784273283556104,0.0,15.521701863111518,1.831350138073843,30.392135158240976,0.0,1054.8802333718295,148.42378701254006,187.41282663030458,114.57401008987593,26.320976012539184,nan,nan,nan,nan,nan
566,720,45.264159163328095,150.11486476996498,126.62812398529374,28.240707743006922,4.4062169042779455,4.463005542755127,43.69587173871696,43.075604567304254,0.7885478585958481,42.287056708708405,0.3804933736100793,42.26356480212586,17.2987013500378,31.143805291824634,16.489418602057242,11586.248667093529,1319.6612355941131,1885.8879319465198,1285.3117275730822,303.0726430676227,nan,nan,nan,nan,nan
567,111,0.0,-56.81687825962848,10.114373000238954,-66.4450465383345,0.4338858224559819,,13.541070953011513,13.26330691576004,0.12412333581596613,13.139183579944074,0.0,18.823619560367593,6.150908076350653,33.22252326916726,0.0,1802.1341824167494,202.04056887284497,253.74566473203384,197.41562665962445,67.66840744000694,nan,nan,nan,nan,nan
568,107,0.0,-72.8453348773482,5.689244816561459,-78.08862369465132,0.39661201369938287,,12.208658562973142,11.923015457578003,0.11960302945226431,11.803412428125739,0.0,22.05093133859574,3.5160430509089524,39.04431184732566,0.0,1734.702510361175,226.51192810597288,285.05173271887327,197.41655575626692,60.463608040881056,nan,nan,nan,nan,nan
569,720,35.987650897686216,128.53830241684852,124.8147226365253,7.9472880718808625,3.861541264365829,,42.04213460814208,41.790751572698355,0.7867295211181045,41.00402205158025,0.0,42.26351303666201,17.182157519896087,32.014006861745784,10.554934473722206,11626.828004695224,1266.9251028527708,1706.434950149162,1382.0707258254995,219.0170776781626,nan,nan,nan,nan,nan
570,193,0.0,-45.16192635229759,24.55480965620844,-68.77277215023054,0.8644794415809918,,14.93389043584466,14.67087610438466,0.21131670475006104,14.4595593996346,0.0,30.69290073240109,9.631546076912056,34.38638607511527,0.0,3142.1195163803086,363.30992087136326,453.1823604818409,323.7886782075409,127.42000989824861,nan,nan,nan,nan,nan
571,74,0.0,-68.03691817654594,1.3549824180992651,-69.12396127596882,0.2297128079965817,,9.808319875970483,9.53386147134006,0.08157297689467669,9.452288494445384,0.0,3.984706609182929,0.9994357290382715,34.56198063798441,0.0,1198.574597924011,162.53094161502938,205.58326656843775,127.26403829474044,40.0772967722842,nan,nan,nan,nan,nan
572,75,0.0,-64.2177394554603,2.579842866076416,-66.52684288577832,0.23955353994079281,,9.555729173123837,9.298639075830579,0.08280686195939779,9.215832213871181,0.0,8.838637490633031,1.785225672775059,33.263421442889154,0.0,1214.552180007926,152.08945977753356,192.15770184084624,120.01161600553839,75.76463660993896,nan,nan,nan,nan,nan
573,95,0.0,-77.10643909551325,2.7128905457069212,-79.44368540830095,0.3292313565084802,,13.282371655106544,12.988179525360465,0.10449529625475407,12.883684229105711,0.0,8.692586205111592,2.0120812840115345,39.721842704150475,0.0,1537.3890108180476,216.65017301881298,275.6524967915435,161.40947318818615,63.37207571486597,nan,nan,nan,nan,nan
574,57,0.0,-60.403513112399914,0.014748066166231064,-60.23709410044844,0.15101906487657343,,8.83159601688385,8.558682214468718,0.06313982512801886,8.495542389340699,0.0,0.0,0.0,30.11854705022422,0.0,924.0544227643545,123.59924202355336,155.35192968831652,117.5296679255024,61.98249572811308,nan,nan,nan,nan,nan
575,85,0.0,-65.47069389037776,3.748575109085551,-68.83569544382314,0.3349454521543326,39.21363830566406,10.637710365466774,10.07292724493891,0.09363989997655153,9.979287344962358,0.3023911314085126,24.010717705701936,2.934657447276489,34.41784772191158,0.0,1377.5123051208468,198.6879487366643,251.60289663240306,144.31411304507768,69.59184160207577,nan,nan,nan,nan,nan
576,86,0.0,-61.136069222684156,5.539877816002666,-66.25984262599744,0.36764843105304257,,12.193580059334636,11.915532586164773,0.09641391783952713,11.819118668325245,0.0,17.33092073191713,4.005961866238934,33.12992131299871,0.0,1397.6104119652384,199.0832813473806,252.2108749727949,146.9563839342295,80.87193966654809,nan,nan,nan,nan,nan
577,73,0.0,-58.096051703792284,3.8670834334123234,-61.61126487782897,0.3125318257600018,,9.604155060835183,9.36401169653982,0.08204982802271843,9.2819618685171,0.0,18.213247657613923,3.1291860663226583,30.805632438914493,0.0,1184.9808739866533,173.06276881652983,219.76358135065274,124.57480629898232,69.61533523837028,nan,nan,nan,nan,nan
578,210,0.0,-49.89722216998077,23.558805225175902,-72.44445857093842,0.9215641244537424,,17.08123546652496,16.82143343705684,0.23092527873814106,16.5905081583187,0.0,35.92572217800512,9.34838552451249,36.222229285469204,0.0,3407.930521683317,403.53999064992513,504.2608983971839,355.37816480672717,174.20421873369563,nan,nan,nan,nan,nan
579,118,0.0,-67.98600704255402,8.24037822869847,-75.62119169549305,0.5417880845383857,,12.17570764850825,11.91869894694537,0.1297915317118168,11.788907415233552,0.0,28.92850473287064,5.123961002376441,37.81059584774653,0.0,1911.88530829777,271.62330507153274,344.4498060603815,209.58262076563528,111.49579993831705,nan,nan,nan,nan,nan
580,720,38.796816103872345,122.46587707113241,121.96033477904652,4.4840736388357385,3.6025231453886093,,42.296416900120676,42.034359173849225,0.786867855116725,41.2474913187325,0.0,42.16871558066432,16.61097197812723,36.55477928445446,12.215585862936086,11604.394101403881,1164.7114187658403,1618.052671756536,1376.3945702663734,63.378467856717336,nan,nan,nan,nan,nan
581,94,0.0,-61.98217384392998,5.876732197047786,-67.47248098619343,0.3432250001157824,,10.678629896603525,10.417814620770514,0.10381788201630116,10.313996738754213,0.0,19.24299533245875,4.270920887442214,33.73624049309672,0.0,1529.8879171113679,193.05662879159925,240.68051295151503,174.45142313667122,115.63173651188474,nan,nan,nan,nan,nan
582,720,11.368983178613869,42.49281236496748,102.18811349575978,-56.14930691959053,3.1919553282843425,15.643682479858398,42.688497606664896,42.07329982984811,0.7946699904277921,41.27862983942032,0.39435420371592045,39.65605545052417,13.564160558591748,39.443636638409146,11.368983178613869,11597.258836473024,1181.7119687517145,1572.7448523605328,1344.8444175187547,85.82350096806704,nan,nan,nan,nan,nan
583,71,0.0,-62.886543708531946,1.9969194707657258,-64.60201966772557,0.24411230175719964,,9.422230294905603,9.164926839061081,0.07976458594202995,9.085162253119051,0.0,12.036878510819811,1.6391817081666578,32.301009833862786,0.0,1151.1692268683714,160.03888940634846,201.96714618363117,125.55397705554866,56.85818330103106,nan,nan,nan,nan,nan
584,105,0.0,-67.18168906290092,6.995348302100991,-73.7782362290654,0.34176160881298806,,10.5634177736938,10.315264804288745,0.11837858892977238,10.196886215358973,0.0,10.825992144835821,3.7687689459605016,36.88911811453269,0.0,1698.4137883186565,186.37029098076565,235.93135556178987,199.18080513278622,33.330653027832334,nan,nan,nan,nan,nan
585,101,0.0,-69.69210080637174,5.9583798087757,-75.2201996788111,0.39028625727212224,,9.457327294163406,9.21962158381939,0.1135616535320878,9.106059930287302,0.0,18.950439195147982,3.4422607261470026,37.61009983940554,0.0,1634.4307241137983,207.4499754786669,262.5569913435205,179.45489971152207,119.2706867919014,nan,nan,nan,nan,nan
586,108,0.0,-65.47406970369791,7.353922999258741,-72.3701888971906,0.4135712226909782,,10.294127020984888,10.046653022058308,0.12059195339679718,9.926061068661511,0.0,22.749714258783417,4.465205040651421,36.185094448595294,0.0,1749.953586522171,218.77613932892456,274.79401772622384,195.81625297156586,111.16932439294442,nan,nan,nan,nan,nan
587,113,0.0,-72.00168615534565,6.839073943958604,-78.3205517805355,0.4629746504133964,,12.14049022551626,11.885037518106401,0.1256185658276081,11.759418952278793,0.0,22.4714902659586,4.066636775713322,39.160275890267755,0.0,1828.2273222201607,245.36898176212935,311.4255834468467,205.76678463566037,88.93939051455047,nan,nan,nan,nan,nan
588,95,0.0,-60.561217325903556,6.931070733370302,-66.97868916307519,0.45595338793763135,,11.048964257352054,10.812223989516497,0.10592677630484104,10.706297213211656,0.0,17.835839640179298,4.887824288941016,33.489344581537594,0.0,1541.4882329331601,228.2873067922602,288.3506563397004,174.8931503818738,92.47708386095326,nan,nan,nan,nan,nan
589,91,0.0,-65.19402962003818,4.835238951820261,-69.65234099729611,0.33462895955793137,,11.23319134209305,10.967550718225539,0.10162952821701765,10.865921190008521,0.0,14.872033612179276,3.3962267319705592,34.826170498648054,0.0,1472.2595802106657,194.1535270679722,245.35789123879405,169.76688158060244,91.28924608871016,nan,nan,nan,nan,nan
590,90,0.0,-69.88460947291128,3.713325118982665,-73.25725799447109,0.3004623703567134,,11.089418409392238,10.82446082867682,0.1002627843990922,10.724198044277728,0.0,20.586515265132476,2.421467999174747,36.62862899723553,0.0,1457.4158853904898,181.1594652036861,228.09769813028507,163.37368155735973,70.17335252192856,nan,nan,nan,nan,nan
591,79,0.0,-67.071209448402,2.268386108379984,-69.02467144760989,0.27440905371297686,,10.117516245692968,9.861705675721169,0.08834208641201258,9.773363589309156,0.0,12.373712374272735,1.5301950554450678,34.512335723804945,0.0,1279.923450453279,178.58565444262436,227.13504562328876,143.35316796278724,122.9782113061703,nan,nan,nan,nan,nan
592,720,61.81005444727634,190.10330821826435,147.09844534270616,47.169242896931834,3.8192940577424164,8.686634063720703,43.03029336407781,42.43299496266991,0.7945235120132565,41.63847145065665,0.3395840097218752,42.26347721042395,19.94367497831489,38.225432998810426,20.077637620884573,11583.884849542452,1071.4239722901975,1532.7030036827446,1299.784008359286,140.79459803228556,nan,nan,nan,nan,nan
593,720,60.68655756772491,170.19381938818762,129.206151018442,45.74700538500802,4.41951053927851,,41.438608046621084,41.18280396424234,0.7973513398319483,40.38545262441039,0.0,42.20836563327482,17.08188745422213,37.8130548752209,18.236409240430707,11586.874160731986,1364.005017387334,1862.8063666578612,1274.7111671558312,453.0324531976055,nan,nan,nan,nan,nan
594,74,0.0,-64.55154979145983,2.0858608395360814,-66.39594233115474,0.21143956236450764,,11.361970496363938,11.09525074902922,0.08249668031930923,11.01275406870991,0.0,14.434791304396631,1.520820217437862,33.197971165577364,0.0,1200.5054379988114,146.13576691844298,183.22104565698817,130.76872150269554,58.10615496573265,nan,nan,nan,nan,nan
595,176,0.0,-47.2124779451937,19.931557034103907,-66.34204436541127,0.7116574274650513,,14.28285540919751,14.046049695461988,0.194897779263556,13.851151916198432,0.0,24.813861410489896,9.463618843954325,33.17102218270565,0.0,2864.6534685131915,331.980503702968,411.0224851615381,339.08686056642983,44.85893215390967,nan,nan,nan,nan,nan
596,720,70.98306797960142,225.30739053476515,166.10232962433685,64.01045243467918,4.471112358431588,4.126158237457275,41.73748546279967,41.16063473280519,0.7955201221629977,40.365114610642195,0.3338930467143655,42.26359506540459,22.244445880578148,38.977841762261825,20.169923879753952,11583.671054708302,1188.3647565736187,1704.9122471959704,1337.6205175426514,273.00787330720306,nan,nan,nan,nan,nan
597,720,43.35340251160269,136.93338045508696,130.33389424892619,11.037644469482032,4.05243625494627,,43.39022279065102,43.124369646422565,0.7951588267460465,42.32921081967652,0.0,42.26343325866258,18.123343227669043,37.83458027686167,19.08325515608081,11585.816203084838,1233.8773747932328,1729.0163765984325,1277.4934624919697,382.0289634859988,nan,nan,nan,nan,nan
598,113,0.0,-65.59097734120776,7.441824936643463,-72.50410822907307,0.4770026651413216,,13.586887613870203,13.317913135513663,0.12543591763824224,13.192477217875421,0.0,25.99046617729341,5.498192945851968,36.25205411453654,0.0,1838.1721320901156,250.58217947944675,314.582423397151,192.93767349481655,129.8651443605142,nan,nan,nan,nan,nan
599,64,0.0,-60.350961887558014,1.1257808579567157,-61.254696478607755,0.1908564398995078,,7.693203492090106,7.454282847233117,0.07166854664683342,7.382614300586283,0.0,4.929904991309546,0.929619638187998,30.627348239303874,0.0,1037.9675137716683,136.39732521105554,171.00531539060165,112.92069581229309,83.91442962621254,nan,nan,nan,nan,nan
600,82,0.0,-66.46149920992855,3.149423499377105,-69.30125116242904,0.2729018148463935,,9.5780996568501,9.314152204431593,0.09204281121492386,9.22210939321667,0.0,16.85073564883946,2.345509233149641,34.65062558121451,0.0,1328.2788270287895,170.65399699038358,214.98459222583773,150.49978993907558,48.25520801826382,nan,nan,nan,nan,nan
601,145,0.0,-64.34209789632555,13.96811326518894,-77.52969362676978,0.7135402189711445,,13.144012714736164,12.917729682289064,0.16066426131874323,12.75706542097032,0.0,27.624310654868363,6.773198971235912,38.7648468133849,0.0,2348.1615962424053,321.41032893502677,407.9717170276171,252.95390074780386,139.82357141053106,nan,nan,nan,nan,nan
602,71,0.0,-66.69171578366908,1.4077771389318763,-67.87043534669243,0.19526058147674827,,8.774789920076728,8.52313597407192,0.07915862742811441,8.443977346643806,0.0,6.21144740318046,0.6678992715062664,33.935217673346216,0.0,1149.401328499781,139.51655844066715,176.53515459572756,113.27548712610293,76.84414066146509,nan,nan,nan,nan,nan
603,139,0.0,-52.47858773449134,15.999034687066706,-67.78625096335159,0.6394425216269995,,13.250562404282391,13.055519811809063,0.15417676512151957,12.901343046687543,0.0,21.76067849755799,7.926601105006062,33.893125481675774,0.0,2261.5098031122734,283.3710546800809,356.94096951537256,217.8725637684923,153.24450261341312,nan,nan,nan,nan,nan
604,117,0.0,-55.82003485021711,11.712214213800141,-66.91961792405355,0.5606122389669592,11.465641975402832,12.44328104518354,11.88853023853153,0.13000707142055035,11.75852316711098,0.2993495352566242,27.226193693501745,6.731939939445155,33.45980896202677,0.0,1901.5652173131066,263.1391982183797,329.78297765598086,186.16951022255415,170.59509449311804,nan,nan,nan,nan,nan
605,720,41.89423791966279,132.2990094679238,127.27402912018843,9.736524001174459,4.348009048369315,,43.88513549696654,43.62375404406339,0.7945720357820392,42.82918200828135,0.0,42.103639711557186,17.158994051299302,37.02597591907556,30.052767211699493,11582.39999999991,1289.9011191490945,1817.9761753397454,1320.9875322745434,455.1497111785391,nan,nan,nan,nan,nan
606,149,0.0,-63.56128942273287,15.285185810216051,-78.05664005228753,0.7200773180912469,,13.283435254357755,13.04423729982227,0.16522950679063797,12.879007793031633,0.0,30.941983114550165,6.819282369540329,39.02832002614377,0.0,2410.0274006729633,316.04699433231724,401.96976847884173,259.12571245319174,125.86986575767708,nan,nan,nan,nan,nan
607,720,69.89152408529247,220.31585727008613,152.15644441824568,72.50621987959296,4.001786307293767,3.6112630367279053,41.325354042463005,40.751134931109846,0.7950998917222023,39.95603503938764,0.3435351587831974,42.181702759634845,20.392704868855123,33.63841414549599,17.454092650009763,11588.447034119168,1117.9922469291173,1580.0959095681426,1329.1913245243381,151.76459056177885,nan,nan,nan,nan,nan
608,63,0.0,-63.14408900330743,0.5353862886242019,-63.46290040260486,0.18250403295522474,,6.918493835255504,6.679331689141691,0.07051040045917034,6.60882128868252,0.0,2.776357819952784,0.45255923721411945,31.73145020130243,0.0,1020.9139039649384,139.27403152399188,176.13374064196137,111.48478265643885,43.053895800062314,nan,nan,nan,nan,nan
609,61,0.0,-59.500675528179045,1.0772795125081922,-60.36375023708858,0.18329839976558376,,7.705681034363806,7.453144603408873,0.06932130549103022,7.383823297917843,0.0,8.699571916637275,0.8802768251053434,30.181875118544287,0.0,988.7598331740697,132.90642977770884,166.3467210974122,114.21690903562678,44.375519837426566,nan,nan,nan,nan,nan
610,86,0.0,-68.90519309515645,3.3387257257802796,-71.87720361962177,0.3202908804503427,,11.258768734522164,11.000378782860935,0.09798373840749264,10.902395044453442,0.0,16.647784791143362,2.5939224597468526,35.9386018098109,0.0,1394.3388490196025,194.96695835407883,246.5156679180168,158.47613094517428,32.53290439404607,nan,nan,nan,nan,nan
611,720,36.16131170935386,100.66930728463589,111.03541011502915,-6.531279077969742,3.455752566440157,,42.03501150663942,41.76433301810175,0.7930480362847447,40.97128498181701,0.0,41.798045290757074,15.462733056788757,39.42695124833873,15.556208317811372,11590.869680668386,1173.6904463753062,1606.7762930712024,1324.526957748209,39.49996314324614,nan,nan,nan,nan,nan
612,134,0.0,-67.32760247274919,11.609466850080896,-78.24868339620774,0.6226358193292383,,13.670483157038689,13.408209217712283,0.1488989507779479,13.259310266934335,0.0,23.53292677607174,5.912105714911428,39.12434169810387,0.0,2167.7447017775025,292.4397500740872,372.45854053726043,227.25262237526383,84.2621658396585,nan,nan,nan,nan,nan
613,212,0.0,-54.391998515509684,25.526049225439404,-79.01064161504546,0.8033817304010368,,13.780665259808302,13.542081483639777,0.2336980877444148,13.308383395895362,0.0,20.915476998051687,8.859397270305665,39.50532080752272,0.0,3435.5575985410896,353.1475747545441,444.81283841506007,413.2272652338826,56.01848191846479,nan,nan,nan,nan,nan
614,117,0.0,-62.28538355573688,10.881694423257276,-72.58411424246262,0.53008224699225,,14.612607764080167,14.34484323579818,0.1308347713202238,14.214008464477956,0.0,27.3620128917959,5.604915399165114,36.292057121231316,0.0,1892.778172544864,259.8828284124801,331.42664718912243,198.81473804280608,70.94154265313334,nan,nan,nan,nan,nan
615,65,0.0,-62.382828389964544,1.047571377361821,-63.18302398617966,0.20728714523430594,12.379515647888184,10.469618713483214,9.87773805577308,0.07258819229900837,9.805149863474071,0.3036419954150915,3.0092427120665963,0.6949170908068872,31.59151199308983,0.0,1053.907722471338,147.86476506479994,187.16219795728253,122.93165819393907,27.780719423904593,nan,nan,nan,nan,nan
616,104,0.0,-58.100726535804476,8.98953211153783,-66.47233075134768,0.5488099376421738,,9.980796719901264,9.731836292892694,0.11591874621808529,9.61591754667461,0.0,19.197185344815104,6.173177450408501,33.23616537567385,0.0,1689.857720521973,261.1945502408368,331.0441251904823,184.01945508659662,25.651664985701732,nan,nan,nan,nan,nan
617,151,0.0,-64.28635953076551,13.927435644378665,-77.43176130971005,0.700112033355214,,17.956134845502675,17.631902143359184,0.17048280406743288,17.46141933929175,0.0,31.92541929605521,7.309901306423808,38.71588065485503,0.0,2457.9872048179823,339.4232061401294,427.55830925852223,279.113475756203,155.40373144438405,nan,nan,nan,nan,nan
618,720,37.728469862763816,129.3890874500248,119.52742865278903,14.355498231521452,4.117705116242968,,40.66754466854036,40.44109042175114,0.7920198300853372,39.649070591665804,0.0,42.2598573934448,16.311626488629148,30.55072074700309,13.014500162835468,11599.173645976465,1321.4131196044243,1802.3038677841473,1325.8711442756166,391.4845245405472,nan,nan,nan,nan,nan
619,72,0.0,-68.93662241752067,0.7344004319479756,-69.41971324797856,0.21745569153352926,,9.437613906338811,9.177675319835544,0.07998813688755035,9.097687182947993,0.0,2.9946157122071364,0.4375958569320126,34.709856623989275,0.0,1166.3663535901348,161.3149757988536,204.46392082592953,118.14781649452503,55.83223214965302,nan,nan,nan,nan,nan
620,90,0.0,-72.05938038561423,2.9068603189676083,-74.67597645998835,0.25264439010229706,,10.10457387752831,9.853923472575843,0.0992039255797863,9.754719546996057,0.0,9.85900333708999,2.10565494000965,37.337988229994174,0.0,1458.835505935092,168.7544244511992,212.26892851057576,165.7100333677339,66.96643709934021,nan,nan,nan,nan,nan
621,111,0.0,-63.691603814797446,8.857376772303486,-72.00476084098545,0.4886762673357176,,11.374114242382348,11.123810594901443,0.12259914446622133,11.001211450435221,0.0,21.236882998321388,5.088833410100834,36.00238042049271,0.0,1796.823413360557,241.11649506718715,305.99746949409985,193.04519567690397,125.86347307587455,nan,nan,nan,nan,nan
622,73,0.0,-56.69325647812591,3.783933165872261,-60.16444700368139,0.2770357680159575,,8.514896004460752,8.254824508912861,0.08092150837182999,8.173903000541031,0.0,14.565555900567169,3.584880439155595,30.082223501840687,0.0,1187.2175490319632,157.73152248101187,196.7766435386147,129.91757233902396,82.51631056719872,nan,nan,nan,nan,nan
623,104,0.0,-64.67353038998866,7.114988277990707,-71.29862155825887,0.43507006527789344,,10.183479169383645,9.940512859262526,0.1147936349734664,9.82571922428906,0.0,18.121512375843707,4.830212779496508,35.64931077912943,0.0,1685.7515949190963,234.02872145365163,296.8130094978837,184.24199324800637,78.30714875185043,nan,nan,nan,nan,nan
624,720,51.92151375995688,168.78038563122738,136.34778955148286,36.53996388331619,3.7552010246546668,4.967047691345215,39.768331221304834,39.1076741181314,0.7865812918171287,38.32109282631427,0.4140783119946718,41.410471177010244,18.02688022960734,33.651531818298785,16.54697990098847,11588.506116581253,1115.8143753215056,1572.5923079880913,1370.6180828088254,301.911978070106,nan,nan,nan,nan,nan
625,128,0.0,-60.5295239234747,11.311668945723758,-71.30884198104224,0.4668147649493884,,11.221006847918034,10.958429520018399,0.14362339209765196,10.814806127920747,0.0,28.371001512362625,6.472543872828494,35.6544209905211,0.0,2083.671458212339,232.84310267496133,289.6113561697774,253.24986332273528,69.63374062750357,nan,nan,nan,nan,nan
626,720,58.19252819881403,175.17664970884374,143.14780539053965,36.853856964115224,4.474792063386645,,39.772600047290325,39.533311230130494,0.7903667828068137,38.74294444732368,0.0,42.263637570418936,19.401688153211804,39.76559971675642,18.294768420561166,11585.587234339797,1295.17618661172,1811.9475890313142,1298.2115400042896,403.73464078823235,nan,nan,nan,nan,nan
627,99,0.0,-76.18236248778643,3.9085165540447337,-79.71058744775637,0.3338291922738104,,11.096728936769068,10.845218957401812,0.11011981032788754,10.735099147073925,0.0,13.510359685496109,2.2019435708338775,39.85529372387819,0.0,1601.2258427223323,200.77902142770972,255.2081870082525,181.86098851112695,47.73392838460623,nan,nan,nan,nan,nan
628,720,53.73405936095502,156.63742607608256,133.1168367091492,27.95580274503915,4.075316497487971,3.574873685836792,42.598922739736736,42.01887679938227,0.7896971814334393,41.22917961794883,0.3254282744601369,42.26366202381146,18.435172254833915,39.75615798843545,19.137082028688095,11584.004344114559,1195.221285196962,1686.8508504329418,1294.1320363755501,238.80769317500508,nan,nan,nan,nan,nan
629,79,0.0,-67.57169164547781,2.489492577646932,-69.79164131312321,0.2349116466061233,,10.23808072693646,9.974458066746593,0.0885652294382453,9.885892837308347,0.0,8.987888101310402,1.6607097213777748,34.8958206565616,0.0,1279.29186295919,154.53038138620138,195.19339787006916,136.86742157876137,42.303793389930746,nan,nan,nan,nan,nan
630,73,0.0,-56.70923121286062,4.286620489468139,-60.68151426319283,0.277967763767146,,8.842305539175868,8.577063582837582,0.08135683555155993,8.495706747286022,0.0,13.407826235879726,3.1933796521826348,30.340757131596423,0.0,1185.2888604399966,154.43621767096334,192.95888473673168,136.3654157066673,14.220715740566792,nan,nan,nan,nan,nan
631,79,0.0,-70.29489976616183,1.5571905994225863,-71.52780434365101,0.27654276511140324,,9.406682007014751,9.1541333720088,0.08776063937693834,9.066372732631862,0.0,9.85406391473898,1.2362513225623937,35.76390217182552,0.0,1280.4307489691591,190.4259716716163,242.15889381171058,153.86146687757196,66.49519514109065,nan,nan,nan,nan,nan
632,720,66.9402909766631,205.1144816711065,149.6570793193961,59.7450786640802,3.9336630107684156,,44.640062464401126,44.329544126056135,0.7863710569217801,43.543173069134355,0.0,42.26351304838796,19.641654008915012,37.06775164462301,16.75214367023905,11588.626034207677,1065.8709848919354,1539.3689037700506,1312.4383909176083,70.84208825493641,nan,nan,nan,nan,nan
633,720,57.899163961938186,171.3112498785165,137.36732918302195,38.30432790234276,4.028139391981605,3.308821201324463,40.3905727667734,39.83346681948751,0.7854881025850773,39.047978716902435,0.32840103656053543,42.24448513578735,18.22817754785306,38.74700001076681,14.401817472419717,11593.733846447374,1187.2024435238718,1669.2380004106524,1302.0106290569565,374.5593437602554,nan,nan,nan,nan,nan
634,93,0.0,-53.433790742571844,8.664284368535197,-61.658470398993984,0.39997495642814895,,7.338356672786176,7.114817002788186,0.10282305162400007,7.011993951164186,0.0,13.590501729526235,5.474742505952996,30.829235199496996,0.0,1506.55853207396,189.9328489403345,238.10951599751638,168.38732273810388,75.76240886775959,nan,nan,nan,nan,nan
635,71,0.0,-60.01127853569165,2.6059005330431395,-62.37674130089425,0.20740429486023426,,6.699067011475563,6.469578847289085,0.07824467588216066,6.391334171406925,0.0,10.39465332168318,1.9943140469538605,31.188370650447123,0.0,1152.44754061549,131.559167853928,165.05630773862387,124.13671369572323,42.804806752608414,nan,nan,nan,nan,nan
636,720,73.58225768104553,240.24705691450868,177.82018763014437,67.91986180166447,5.115857691653813,,41.4719777777791,41.230952294543386,0.7860796367749572,40.44487265776843,0.0,42.19720860071055,24.043824100117536,39.6223267802133,23.525638173194082,11582.438270910545,1210.2608177565203,1785.0389545555017,1348.3615041288517,278.393742735191,nan,nan,nan,nan,nan
637,720,35.97920318839006,111.13061673588541,114.9048524392066,0.41591206097461964,3.844845542367142,5.978853702545166,41.24626223742962,40.66706220433116,0.7857370804995298,39.88132512383163,0.32007231283932924,41.71502251253109,15.519722399971178,35.77124715790275,16.7281318855414,11595.314759908852,1277.951094116846,1725.337187353853,1305.5146788801203,394.50947158584097,nan,nan,nan,nan,nan
638,174,0.0,-50.57229546172057,20.352483100794768,-69.90071208098246,0.935334774874238,,14.826660453341901,14.571820167824626,0.19202285446226597,14.37979731336236,0.0,31.254966653258474,9.171996968801949,34.95035604049124,0.0,2827.5257733316075,394.90666834896524,497.6869026826408,310.83844295021373,201.43241076234247,nan,nan,nan,nan,nan
639,70,0.0,-58.176978262556126,3.305086760446633,-61.14156056487184,0.2999136213398448,,9.151584956794977,8.912995246239007,0.07727783266454935,8.835717413574457,0.0,12.920541926177181,2.5096137631046127,30.570780282435912,0.0,1134.591980607607,170.18202102230734,216.6177191876908,112.97236662499326,79.9808122793791,nan,nan,nan,nan,nan
640,148,0.0,-39.68364441441698,21.65873527460266,-60.30482559836213,0.9419085099385474,,13.006315595470369,12.758160709403455,0.16229321621358395,12.595867493189871,0.0,28.800226980319398,9.432332983709014,30.152412799181054,0.0,2401.3147189533065,358.905077470403,453.79207670838326,273.00924457489145,178.2051530688787,nan,nan,nan,nan,nan
641,94,0.0,-66.65037450067918,5.11894756876063,-71.3291011243775,0.3863977645485968,,11.364600266329944,11.108002969063818,0.10343641508370638,11.004566553980112,0.0,24.001389006923603,3.4801792503367843,35.664550562188744,0.0,1523.3366335281528,215.38425759269074,272.6443666477678,175.46422585788312,44.370256385067115,nan,nan,nan,nan,nan
642,86,0.0,-55.012859121176064,6.708772995038129,-61.26495367765233,0.4032029459331192,,10.618000162765384,10.366175366565585,0.09462821763008833,10.271547148935497,0.0,20.30167053427304,4.786562019776782,30.632476838826168,0.0,1395.1548183892198,204.64585654964077,257.9947422465974,170.29608307122712,94.05684191415565,nan,nan,nan,nan,nan
643,77,0.0,-68.7377945080418,1.678642594500306,-70.14988349868496,0.23331085345534147,,9.379067148081958,9.12251004204154,0.08469949197024107,9.037810550071299,0.0,7.187067904110761,1.225056604177467,35.074941749342464,0.0,1247.0670190768299,161.65321142225358,204.46848349935328,138.14950248358807,78.5000895640737,nan,nan,nan,nan,nan
644,720,52.927484516731404,172.0570470967806,140.10800002073753,36.43989243267204,4.096317596737853,,44.559500547125936,44.3316101199016,0.7862288793548942,43.5453812405467,0.0,42.26363659955024,19.349324950887173,34.70753830039538,13.814270530998844,11597.664691159127,1200.0514976603672,1676.2270668811725,1339.215522610251,300.9964249634526,nan,nan,nan,nan,nan
645,97,0.0,-55.190201500457675,9.126474853161529,-63.80609828285007,0.4625732613292489,11.368178367614746,11.808482179418206,11.27000386454165,0.10711987689137459,11.162883987650275,0.28801922500133514,29.30018183459591,5.365746781554815,31.90304914142504,0.0,1571.7346041083304,215.97199776770873,272.735908219546,162.61099705557447,98.72790425627508,nan,nan,nan,nan,nan
646,720,11.936586713068326,51.185952353122644,105.50392882214258,-50.40859181688687,3.5420548222324824,,41.489168968982995,41.23766044061631,0.7882837783545256,40.449376662261784,0.0,38.46890331437059,13.729872744518522,37.140882621511764,11.936586713068326,11586.444533367283,1266.346195467535,1676.8407864140502,1395.6510174326243,275.69016632043446,nan,nan,nan,nan,nan
647,106,0.0,-59.83742707659705,8.764048875787648,-68.05530760004076,0.4795154462597746,,10.82345317862928,10.578293923288584,0.11633867211639881,10.461955251172185,0.0,22.150713721456192,5.5498460091932955,34.027653800020374,0.0,1720.5370851328537,230.8437290350942,290.89588422518517,200.0745995125624,88.17844368968149,nan,nan,nan,nan,nan
648,101,0.0,-75.60239070608007,4.689926519115099,-79.83879995073671,0.40007618628108543,,10.186762380413711,9.949273569509387,0.11093968152999878,9.838333887979388,0.0,22.407878380676824,2.642941948590531,39.91939997536835,0.0,1633.4366005049449,231.15561333471558,294.47731006915694,184.1811057824418,128.56690906180827,nan,nan,nan,nan,nan
649,89,0.0,-66.6696579622747,4.542082025957216,-70.82750573261343,0.33775362450030255,,8.802832113578916,8.552855240181088,0.09771609213203192,8.455139148049057,0.0,14.375004654336271,2.9500690977829755,35.413752866306716,0.0,1441.402586745094,192.28139201387856,242.71645217271825,165.3862017503693,95.75221717980614,nan,nan,nan,nan,nan
650,99,0.0,-72.27672100859158,4.6005665372172695,-76.51306426771725,0.32124120363071273,,10.70943764038384,10.437944492325187,0.10931121651083231,10.328633275814354,0.0,14.929438047739808,3.0224439388776223,38.25653213385862,0.0,1604.6907691258143,192.51349401640852,246.19521691268451,170.6784338578511,90.37303846824308,nan,nan,nan,nan,nan
651,79,0.0,-65.35608743015351,3.1708198092385653,-68.16320034684085,0.3141529339847965,,10.03192418627441,9.73721663840115,0.08738052658736706,9.649836111813784,0.0,11.147561163007145,2.1702953154581075,34.081600173420426,0.0,1279.5749814371786,193.7652453514041,245.9398374968784,156.80645746151652,122.77636087430321,nan,nan,nan,nan,nan
652,720,60.9810872991269,184.45902246695886,137.55894698735855,51.66627178813356,4.407983135790559,8.26585865020752,42.787182812578976,42.12535867653787,0.786386264488101,41.33897241204977,0.3727880474179983,42.26376585093317,18.942374344599518,35.14795140506012,17.059505002450855,11591.411722188608,1284.11323680148,1803.3526151116214,1302.0661508194937,420.7668572035518,nan,nan,nan,nan,nan
653,76,0.0,-64.99983894336505,2.782991751966024,-67.4871231115091,0.25810344903807214,,8.610287932679057,8.36168605927378,0.08492951653897762,8.276756542734802,0.0,5.604560003187216,1.6765126186730352,33.74356155575455,0.0,1230.4951260612652,160.40206221961384,201.70165446267825,134.35878289782738,52.55615793321158,nan,nan,nan,nan,nan
654,720,53.85417383633796,153.88236141807153,127.33446442684235,31.147332388794872,4.229256376183371,,37.591485822573304,37.34875504858792,0.7871193354949355,36.56163571309298,0.0,42.103455643182485,16.62037488378701,38.28050764194052,13.658965220161868,11592.590103810817,1328.3002910655832,1816.548519086676,1339.8115085632128,268.66934130887466,nan,nan,nan,nan,nan
655,98,0.0,-66.38535661713424,5.666361487643114,-71.61762958639358,0.38826708678109156,,12.316692540422082,12.052535186521709,0.10804415587335825,11.94449103064835,0.0,23.841804092898105,4.039764586126669,35.80881479319679,0.0,1588.486875546373,218.23257424403732,274.43654003353953,163.44503597458905,42.30644237910818,nan,nan,nan,nan,nan
656,67,0.0,-58.45632067599586,2.3314445811015725,-60.49091167543684,0.2591493780483332,,8.892237300053239,8.607387135736644,0.07416612654924393,8.5332210091874,0.0,6.0150136817319035,1.9642637839276873,30.24545583771842,0.0,1087.274341917139,161.56591634079317,203.8891026508419,116.89500333264395,76.16204288851087,nan,nan,nan,nan,nan
657,67,0.0,-64.6847440363054,0.5376779878804653,-65.01719915193438,0.17692845768905302,,10.39176676608622,10.108551112934947,0.07398979924619198,10.034561313688755,0.0,4.9426648184794395,0.5775406914737993,32.508599575967196,0.0,1086.507029907254,137.27841665503072,172.82891085904222,117.16903033497722,58.34050491506366,nan,nan,nan,nan,nan
658,133,0.0,-65.634544239382,11.667387023560785,-76.60209188284485,0.6314469847621943,,10.410424452275038,10.187856435775757,0.1458236863836646,10.042032749392092,0.0,26.110196980722364,6.205787951989394,38.301045941422416,0.0,2151.2706506626278,290.7567936709398,369.8493588699078,228.8517866862474,123.04280564158272,nan,nan,nan,nan,nan
659,109,0.0,-62.30137961534058,8.425349301732352,-70.17723995046741,0.49247321544062256,,10.983045202679932,10.72541873715818,0.11992157157510519,10.605497165583074,0.0,18.243518529276628,5.422320891895011,35.088619975233705,0.0,1768.3284134218943,244.72934601597782,308.9042300390513,192.20225446287566,93.66136908456104,nan,nan,nan,nan,nan
660,70,0.0,-61.68972928860262,1.992373713602414,-63.39043383415215,0.24826307484151386,,9.235291674733162,8.955226303078234,0.07754682842642069,8.877679474651814,0.0,9.191083515638477,1.665562264711984,31.69521691707607,0.0,1135.9619215455941,168.6343146392606,212.69207551208694,129.70537924768104,74.42993586497695,nan,nan,nan,nan,nan
661,76,0.0,-57.61239533833883,4.37903414877748,-61.69232000147518,0.25917073241480887,,10.02411115821451,9.763583283871412,0.08390605729073286,9.67967722658068,0.0,13.145757363779916,3.0884643780408934,30.846160000737594,0.0,1231.239128760204,142.4534225301751,177.84128821759433,141.83374416759307,59.9684570688617,nan,nan,nan,nan,nan
662,88,0.0,-74.72203136009779,2.1607211044414556,-76.56210980334335,0.2777169358150969,12.94677448272705,10.387439044192433,9.839026759378612,0.09709929674863815,9.741927462629974,0.2921240236610174,5.336804325219439,1.3274475468879505,38.28105490167169,0.0,1424.2971585553037,189.25059148026162,240.05918104452675,156.3122554670336,56.49743009880383,nan,nan,nan,nan,nan
663,128,0.0,-57.166223064480675,12.25413777400348,-68.87707288921204,0.49275125105567613,,12.703355274163187,12.438831862993538,0.14369925390928984,12.295132609084249,0.0,28.375647443111177,6.743521127967393,34.438536444606,0.0,2078.4944766695107,235.8713767920075,294.33993701356655,224.5527846207701,98.05990706758944,nan,nan,nan,nan,nan
664,104,0.0,-49.846615417957224,10.736202136013377,-60.00706574221711,0.5305931565049742,,12.429748286493123,12.166524723172188,0.11513245292007923,12.051392270252109,0.0,23.44334548349688,6.88620691849707,30.003532871108547,0.0,1686.9314736754418,234.8045409911534,295.0143225150491,163.60226317815105,129.7434608208887,nan,nan,nan,nan,nan
665,85,0.0,-71.81096241308103,2.2147860293572688,-73.7296457330675,0.2588106462556637,,9.64154402539134,9.396825563162565,0.09385618288069963,9.302969380281866,0.0,7.903896655963119,1.633765890658847,36.86482286653374,0.0,1376.9881544106804,173.6318886014793,219.718149475295,161.99264588619835,44.869262620403276,nan,nan,nan,nan,nan
666,109,0.0,-65.67476900303173,8.091195835145747,-73.26092972107614,0.4563072611593714,,11.747202502563596,11.494953867048025,0.12024528719484806,11.374708579853177,0.0,21.424849748494825,4.754723133291169,36.63046486053806,0.0,1765.0552297173895,232.91539378099523,295.29986141101864,187.71387793588767,88.09689233975428,nan,nan,nan,nan,nan
667,78,0.0,-60.85761360634427,3.5546611053378254,-64.08932663567127,0.2872807070630687,,11.490889633074403,11.220579529181123,0.08610405214130878,11.134475477039814,0.0,20.263790355226643,2.876145455545146,32.044663317835635,0.0,1265.6408057752722,176.79236632840315,222.5689346193446,136.7030370729165,95.73883030688977,nan,nan,nan,nan,nan
668,77,0.0,-57.23354057701263,4.797083800333124,-61.737860378044495,0.2523575136729002,,7.888306236825883,7.652854393236339,0.08510507177561522,7.567749321460724,0.0,7.951670412854636,3.086166044468008,30.868930189022258,0.0,1247.3185019042778,143.1543959184417,179.96077985470626,144.5719386262025,50.78917783489001,nan,nan,nan,nan,nan
669,720,68.52502460806869,207.457555601027,147.4860243379867,64.33032439090235,3.9932593878150953,,44.13936713524163,43.8848089305684,0.7863871194422245,43.09842181112617,0.0,42.2634165221898,19.66011725807767,36.35986241261752,16.041125784862793,11591.14897000324,1169.2382271150352,1640.0348232278707,1354.3978132192644,147.4418561743157,nan,nan,nan,nan,nan
670,720,20.836387192332936,66.63470664288604,106.01356036247927,-35.14661720279737,3.847004154558829,8.579380989074707,44.30746552441269,43.662478340789676,0.7878450443968177,42.87463329639286,0.38692921958863735,41.96827631324279,14.22988900613743,38.40969579373162,20.836387192332936,11583.113773282907,1389.8204223986947,1846.550911183358,1298.7167821074709,256.8263915505516,nan,nan,nan,nan,nan
671,134,0.0,-61.612590931057284,11.54961020389501,-72.46162671844888,0.6315916206137978,,13.852739930152893,13.592830507084727,0.1488262340426445,13.444004273042083,0.0,25.27261881712816,6.56312121967258,36.230813359224435,0.0,2166.637956135153,306.09392859956984,387.5325584689237,234.46768472379696,120.67803014782943,nan,nan,nan,nan,nan
672,118,0.0,-58.02578763587398,12.009954866820692,-69.4304614043291,0.5416725778564064,,12.021677847020328,11.77773970272392,0.1304509211331606,11.64728878159076,0.0,22.07792523363968,6.292574896874833,34.715230702164554,0.0,1909.7748001855161,254.9034265621958,323.3849601570188,228.41800993709555,71.53861446973778,nan,nan,nan,nan,nan
673,65,0.0,-58.978922495680365,1.613517374348684,-60.385883493084066,0.18022026096331542,,9.733951861970127,9.460179870948195,0.07251178473234177,9.387668086215854,0.0,5.228996360736167,1.2736870753071567,30.19294174654203,0.0,1054.7047638070924,125.56663709342004,156.8313184593584,127.41158577427319,53.165953010293464,nan,nan,nan,nan,nan
674,83,0.0,-73.74922531741062,1.354224189677526,-74.83230583461338,0.22488524374120605,,10.632920419797301,10.367927293293178,0.09152320120483637,10.276404092088342,0.0,8.32599749885093,0.7592390419649355,37.41615291730669,0.0,1343.9352091893768,162.73588213958595,206.25210520404582,159.87836868844573,50.781803591500044,nan,nan,nan,nan,nan
675,85,0.0,-60.89054775314929,5.573144472803382,-66.13249291752273,0.30182136578734914,,9.907138426788151,9.667163522914052,0.09344045538455248,9.5737230675295,0.0,21.40490394550204,3.087023482831415,33.06624645876137,0.0,1377.138163554071,163.91794236898272,205.81551491374458,154.71339075853072,88.92485927517006,nan,nan,nan,nan,nan
676,160,0.0,-46.740047420887116,20.277636009238766,-66.06773359015648,0.8578024785404276,,13.183035123161972,12.94721404556185,0.1752807144075632,12.771933331154287,0.0,27.897793274438136,8.938270560467599,33.03386679507826,0.0,2589.9894316098803,353.24620922079896,447.03560321614805,322.71189581644535,67.61620497255291,nan,nan,nan,nan,nan
677,96,0.0,-65.50349350899094,5.893426638470001,-70.99600182686775,0.35882788583403086,,9.04750354308635,8.80380190256983,0.10561716090887785,8.698184741660953,0.0,13.791579965723427,3.916433636370126,35.49800091343388,0.0,1556.2990895137968,199.5456966917017,252.0193032108575,158.463175733461,66.9280969525284,nan,nan,nan,nan,nan
678,72,0.0,-58.3934965478082,3.106659507508299,-61.232656874836515,0.2415409655854168,,8.192052958533168,7.945384841412306,0.07953074015676975,7.865854101255536,0.0,18.553139098290085,2.467425950326736,30.61632843741826,0.0,1168.0801992532556,143.0984227278241,180.00718646349355,128.6099710040134,91.47530976700659,nan,nan,nan,nan,nan
679,100,0.0,-75.36015897783267,4.234815300272028,-79.18474799109492,0.35736199956538917,,10.420124151743948,10.170879513025284,0.11011521983891726,10.060764293186367,0.0,14.484493266872539,2.2376046925703856,39.59237399554746,0.0,1619.2135278045741,214.3452539328484,273.69346573667326,185.34007798589838,51.94853247181689,nan,nan,nan,nan,nan
680,92,0.0,-64.44561383190181,4.997551547103581,-69.12408716482375,0.2731200329671099,,12.612914799712598,12.33436973579228,0.10162375960499048,12.232745976187289,0.0,12.541573484704864,3.211342995535383,34.562043582411874,0.0,1491.6567015604605,164.55622921981336,205.98950825161603,185.86843769701645,40.447818109847944,nan,nan,nan,nan,nan
681,85,0.0,-78.87284277806096,0.5288762326087492,-79.1389529924461,0.22635420471357284,,11.608417297713459,11.352235677652061,0.09370414074510336,11.258531536906958,0.0,1.892225822614147,0.3192548465279367,39.56947649622305,0.0,1375.1618799184678,174.13404706668982,221.39692464314246,142.54590600811238,67.61630263499764,nan,nan,nan,nan,nan
682,70,0.0,-68.73330882526824,0.3103058650677099,-68.80952457586392,0.19779727971962258,,10.884871628135443,10.594875717535615,0.07740128133445978,10.517474436201155,0.0,2.71675411828638,0.2969257476118783,34.404762287931966,0.0,1133.5514494406598,153.6083582414535,194.34425978842813,121.17333621027858,50.99151610880071,nan,nan,nan,nan,nan
683,92,0.0,-72.55696941307187,3.51090929779236,-75.71429245529235,0.3111302932063989,,11.679725244641304,11.405581486411393,0.10114291403442621,11.304438572376966,0.0,14.047935829097835,2.2023110807003525,37.85714622764617,0.0,1489.2241569083674,193.50035053333715,245.5477895271791,155.15287851372975,86.23391362895308,nan,nan,nan,nan,nan
684,720,50.337150100693584,156.01520622627356,136.8874792108778,23.77793540902475,4.296857180379375,8.163273811340332,42.376346204429865,41.74537932872772,0.7846981827169657,40.96068114601076,0.36470004450529814,42.26342459735386,19.03367533211094,38.44818239618121,14.782302977243225,11588.820297706803,1252.6010707520177,1774.5350130910308,1297.675740279087,252.677782160067,nan,nan,nan,nan,nan
685,720,61.58151145346131,183.3372541937494,142.6268611531445,44.825192650115284,3.781524384034532,,38.46506434585899,38.2126053487882,0.7879354804754257,37.424669868312776,0.0,42.25234471794163,19.527802410573177,39.16891512840366,10.360628355895072,11612.155656147295,1089.1338664286448,1542.1619091137252,1307.5187605734238,146.26841407816914,nan,nan,nan,nan,nan
686,85,0.0,-56.28068351712997,6.511799844109323,-62.374376798592436,0.3774655948454481,,8.444384291768074,8.20620774384588,0.09335123188793659,8.112856511957943,0.0,15.949490699227614,4.463337688567204,31.187188399296208,0.0,1378.055415388913,191.480883401397,241.27830236066654,143.93300932635145,94.4428465529687,nan,nan,nan,nan,nan
687,82,0.0,-69.08312774749315,2.292007486903117,-71.1196496705314,0.22192380892398958,,8.590296338312328,8.349009401164949,0.09045242704451084,8.258556974120438,0.0,6.068987111511362,1.3861145482281505,35.5598248352657,0.0,1328.489813398796,147.51015445400313,185.93286055255308,147.00457210126154,60.78151636932765,nan,nan,nan,nan,nan
688,132,0.0,-65.79300592024501,11.072759714356105,-76.18325677529012,0.6132996729824813,,16.133195559494197,15.851330808363855,0.14549819193780422,15.70583261642605,0.0,31.054141668806825,6.337743571270719,38.09162838764506,0.0,2146.7257558911147,298.8083145872907,377.09032138599713,237.6293354214064,108.4977494753751,nan,nan,nan,nan,nan
689,126,0.0,-47.0340493542992,14.775252806089563,-61.104860646790186,0.6469603292401205,,11.729859398677945,11.484316847287118,0.13877489604055882,11.34554195124656,0.0,28.290671120808717,7.952439363248906,30.55243032339509,0.0,2038.76908991541,265.2212452385807,333.0884283682901,216.9256783713813,98.36778971099616,nan,nan,nan,nan,nan
690,63,0.0,-60.022967579707135,1.5097767405862959,-61.25862928826736,0.23151923034896993,,8.157094620168209,7.899825568310916,0.07041129283607006,7.829414275474846,0.0,6.38347574890064,1.1167649720500261,30.629314644133682,0.0,1022.1395049886519,154.76587196827649,195.89163163071382,112.13172418820686,21.117120159672833,nan,nan,nan,nan,nan
691,90,0.0,-64.2300193010513,5.433913409855161,-69.24828668315048,0.36929213149405826,,13.434663479216397,13.150305102579296,0.10040492378175259,13.049900178797543,0.0,17.37187548897722,3.481107578518525,34.62414334157524,0.0,1458.7449993730988,193.0493843733685,243.87385116978484,154.81551303540832,44.80959269787682,nan,nan,nan,nan,nan
692,80,0.0,-57.625288086568666,5.2334192448354315,-62.461854829212555,0.3592096810268369,,8.380847691558301,8.146824733354151,0.08874339517205954,8.058081338182092,0.0,16.72068333461245,3.8564657898336114,31.23092741460628,0.0,1295.2482249238628,182.225904264396,231.46008584081622,131.44214071789324,105.94402258044569,nan,nan,nan,nan,nan
693,114,0.0,-73.74474457105038,5.602558896441773,-78.9324132558921,0.35055881676967365,19.61237144470215,13.48512119334191,12.918293387629092,0.12631950993090868,12.791973877698183,0.28864885307848454,18.358479375885004,3.992544449938461,39.46620662794605,0.0,1850.5925382449977,210.08939612971062,265.22581774209556,238.76320562472898,43.22676744212843,nan,nan,nan,nan,nan
694,76,0.0,-67.78395353394323,2.0702252237350347,-69.51584492847914,0.2969652917860651,,8.02257961127907,7.780437618494034,0.08545764070004225,7.694979977793992,0.0,6.123668845786227,1.462827403220232,34.75792246423957,0.0,1230.6542807814278,193.48661009691781,248.38763208938335,127.43809923470185,84.71963330687004,nan,nan,nan,nan,nan
695,109,0.0,-53.47862928248301,11.079544488225501,-63.9370176005481,0.5622019426512824,,10.415555406361818,10.15221399255097,0.12235303223133087,10.029860960319638,0.0,24.122216237618634,6.554258404857491,31.968508800274044,0.0,1767.44399859336,251.80668434570092,316.7136109344385,180.7182065451923,69.97357592251976,nan,nan,nan,nan,nan
696,65,0.0,-59.22178219101846,1.7333637803758948,-60.706669650199686,0.2176553580017154,,7.622834864072502,7.36270266957581,0.07324601709842682,7.289456652477384,0.0,7.696885981420776,1.41352578762143,30.353334825099843,0.0,1055.0609710682254,146.4961605862995,185.09671877071003,99.89718635171857,86.98709286940215,nan,nan,nan,nan,nan
697,114,0.0,-61.72927489976128,9.727080199630855,-70.91421118724168,0.485923731436856,,11.249505773186684,11.005075440742075,0.126200370490551,10.878875070251524,0.0,22.834772972604895,5.720224766204435,35.45710559362085,0.0,1850.4647848790098,235.41341199567614,294.3241708050412,217.22267012911277,77.7191824308536,nan,nan,nan,nan,nan
698,66,0.0,-62.66983576225815,1.0936883619293005,-63.54995166918175,0.1829774404063161,,9.630711714737117,9.360404156148434,0.07339113857597113,9.287013017572463,0.0,5.017235578814586,0.8901366566279533,31.77497583459088,0.0,1069.8989125881192,133.39054901841217,167.74346388943343,120.27163840658343,45.060178190013524,nan,nan,nan,nan,nan
699,119,0.0,-48.09545057634661,13.902936096126819,-61.31926783451611,0.6202852904969365,,11.066364767961204,10.830625656060874,0.13202740345150232,10.698598252609372,0.0,22.961084328455502,7.8321197852141875,30.659633917258056,0.0,1934.5477946934054,259.29389709567215,323.90600170156694,208.52619855433682,79.52409153700754,nan,nan,nan,nan,nan
700,98,0.0,-57.733841058918074,8.385549814123468,-65.63372998925963,0.43662447409350413,,10.99959228374064,10.712482487782836,0.10803738981485367,10.604445097967982,0.0,17.923258549598323,5.145570714382745,32.81686499462981,0.0,1589.5947189841595,210.40675407570225,263.5413194449027,182.22173252381822,73.12857487509379,nan,nan,nan,nan,nan
701,224,0.0,-38.70797898215284,28.453960017767013,-65.91786486894381,1.13715124805843,,17.248915545642376,16.988523804582655,0.24556518718600273,16.742958617396653,0.0,34.57019963307258,10.655641358178418,32.95893243447193,0.0,3646.0531176067575,465.4114673087984,581.2388184878815,367.38170360121194,173.40812568272983,nan,nan,nan,nan,nan
702,111,0.0,-73.86259976865632,5.704553930495666,-79.09364950102248,0.4275956777816414,,10.565753167495131,10.334908905439079,0.12214477267116308,10.212764132767916,0.0,26.9949272894075,3.8191137537940225,39.54682475051125,0.0,1798.8878471955309,236.371339976952,298.7973076208022,183.63150026502908,66.4596698062797,nan,nan,nan,nan,nan
703,97,0.0,-51.354497745116504,9.809745322690855,-60.64262958914747,0.48111580906511753,,11.25588461663574,10.990489811636508,0.10686697158962488,10.883622840046883,0.0,24.2018987914635,6.328109031832097,30.321314794573734,0.0,1579.2871354393026,213.17035403176988,266.88791970780755,155.20077921842665,123.94145466916893,nan,nan,nan,nan,nan
704,71,0.0,-67.77754092772155,0.9101911610534593,-68.42582260518392,0.2274385665256836,,9.749315326102078,9.486858784221113,0.07850643526762724,9.408352348953485,0.0,12.592406004347783,0.7620553592963057,34.21291130259195,0.0,1150.1486779184745,163.8581985991708,208.83911029084112,116.95630009592367,70.71869365757495,nan,nan,nan,nan,nan
705,720,38.174786061040486,123.14251099581635,117.50286650984205,10.051900706916072,4.036941601067915,29.6105899810791,41.32568521145731,40.709891497157514,0.784235455095768,39.925656042061746,0.3795276517048478,42.26364817156623,15.996860562358686,33.14883570758246,11.84800902483255,11619.505721195774,1346.0702620807751,1804.4984728593652,1346.380646497329,476.27242842342343,nan,nan,nan,nan,nan
706,95,0.0,-70.68657132020235,5.075396946547167,-75.35837380097557,0.35838384623772707,,11.189821334555745,10.93421902321279,0.1066516088321805,10.82756741438061,0.0,19.025723864431384,2.8519271488738114,37.679186900487785,0.0,1536.6387612707038,205.27683308120808,259.1864123155315,174.89582877515392,72.51656554075004,nan,nan,nan,nan,nan
707,138,0.0,-54.30868931699294,14.074583736218187,-67.61853364683083,0.6918858773801232,,13.69725803565234,13.425326251424849,0.15417682193219662,13.271149429492652,0.0,27.8051444843772,7.991307187692218,33.8092668234154,0.0,2244.6398907134894,309.8312132708719,387.6314163065295,246.25428885971567,149.6031283809978,nan,nan,nan,nan,nan
708,720,66.64909702511689,199.69309304133776,150.32748793145097,54.13348365659847,4.404895714859345,,39.74706026446074,39.50019251089543,0.7871354892849922,38.71305702161044,0.0,42.263398513750595,20.565385653688086,39.58235519681765,16.555613162455824,11589.876122468406,1227.9131030995402,1738.258750056208,1288.5931530461903,383.42100709118927,nan,nan,nan,nan,nan
709,117,0.0,-54.98586850223832,11.267539711006396,-65.64236260788067,0.5588291436908835,,11.525423223152757,11.286266304552555,0.12861885875463486,11.15764744579792,0.0,27.158307142600783,6.892921464393388,32.821181303940335,0.0,1902.9571441681971,254.38931598899194,320.57302712667723,186.34677986734465,114.00728669422698,nan,nan,nan,nan,nan
710,720,52.92237330570543,167.4974253291031,127.08493199774783,44.817363158412675,4.022221132662558,17.37403106689453,42.65597539301962,42.063621090725064,0.7879538107663393,41.275667279958725,0.3488779813051224,41.74906775361551,17.095035218845002,30.513691726499093,12.679276418508117,11605.849779597254,1274.895328419027,1718.9776701970309,1276.1715621896253,224.15593507932232,nan,nan,nan,nan,nan
711,158,0.0,-46.58725769774474,20.128579850422543,-65.83608564682402,0.8024538974712631,,13.589777704328299,13.344076074659824,0.176838799379766,13.167237275280058,0.0,30.831264493904364,8.655592720693253,32.91804282341201,0.0,2551.0191146942216,320.24442223085725,404.75490173651,289.85734744270934,89.08396364075271,nan,nan,nan,nan,nan
712,143,0.0,-60.927479739744,15.68945087972986,-75.92800029749256,0.6362601517108554,,14.48478352278471,14.22939655650407,0.15696415025740862,14.072432406246662,0.0,22.22455658547941,6.634103230482993,37.96400014874629,0.0,2309.021935078951,286.1318368896375,363.99310318762326,229.24994051829603,104.70476382263574,nan,nan,nan,nan,nan
713,720,35.71914325990567,101.5282374364867,112.12126784612325,-6.387742985878916,3.8514929576535413,,42.74585481360555,42.498753991909325,0.787842471152544,41.71091152075678,0.0,42.25760917244314,15.441976171978288,38.91301475284513,12.992842683638528,11595.536179828116,1288.474459802405,1751.7563509489355,1300.1876705868933,458.43470090559083,nan,nan,nan,nan,nan
714,104,0.0,-49.97437533758609,10.956357606449464,-60.34779606824065,0.5331011245265898,,10.155921880155802,9.920720184221864,0.11538656800985336,9.80533361621201,0.0,20.11993247469893,6.904843939472615,30.173898034120327,0.0,1688.8250733553743,234.2204347145064,294.0159068601,171.98244249892994,90.51235314185452,nan,nan,nan,nan,nan
715,154,0.0,-56.841313582827475,16.763680809501178,-72.77122614383553,0.7676213529627034,,13.403856182470918,13.144123096950352,0.16869411244988441,12.975428984500468,0.0,25.96190651457046,7.738330196427977,36.38561307191778,0.0,2485.547796071637,328.43458574405116,420.11403637690927,241.27067786736416,151.5608466639666,nan,nan,nan,nan,nan
716,720,36.127609832762204,103.45353157339115,114.7171336279319,-7.688373456951155,3.2091629044904018,9.347777366638184,40.48413792066276,39.82671268284321,0.7838731780648232,39.042839504778385,0.3883896069601178,42.25854690103622,15.550619080977976,39.971796561237774,11.198842127663458,11606.788277254087,1117.43228135201,1525.5519698304906,1314.894984827392,292.5477756406144,nan,nan,nan,nan,nan
717,88,0.0,-77.26751887944562,1.4776127410921314,-78.42274977180536,0.27699254657601285,,11.256428531371057,10.977855676785111,0.09900538343936205,10.87885029334575,0.0,7.840670811225153,1.1987709338251507,39.21137488590268,0.0,1424.7526336407439,196.39077932160896,251.65240562149674,144.79086412199865,82.60676455555439,nan,nan,nan,nan,nan
718,720,47.31183341394751,130.64746729925412,118.45464180524878,16.109342136570092,3.569350322156137,,40.51691027730703,40.26034125313163,0.7854780303314328,39.474863222800195,0.0,42.07500672619566,15.878976639085927,39.257162345662465,16.06643164438121,11589.96047478633,1192.750306050365,1614.6062106857996,1273.6706793309565,325.3022897765917,nan,nan,nan,nan,nan
719,62,0.0,-59.43823143679431,1.4787133540446846,-60.623409835585235,0.2515424204798825,,8.67986492626369,8.413381175138056,0.06853350531309843,8.344847669824958,0.0,12.959554490863717,1.7390506407556496,30.31170491779262,0.0,1006.36200866935,165.11197358507172,210.3565569533639,106.67209503713737,107.0079916202079,nan,nan,nan,nan,nan
720,83,0.0,-69.94690268721902,2.2992520362701407,-71.95060809607773,0.24953887695102142,,9.62859003804624,9.383666432462633,0.09141846932470798,9.292247963137925,0.0,9.629013704378798,1.5466024522097934,35.975304048038865,0.0,1345.2886896454763,163.67591877288336,206.86722445666942,151.12536402317008,47.409050079109015,nan,nan,nan,nan,nan
721,166,0.0,-49.528625292963255,19.386223941080612,-68.13505964858606,0.6983695638904314,,16.38130585756153,16.124596028588712,0.18263884913176298,15.94195717945695,0.0,25.311749398156564,8.906528388532985,34.06752982429303,0.0,2701.8154671269604,309.1128479720107,385.4712508558107,298.45739051739594,68.45334283864494,nan,nan,nan,nan,nan
722,87,0.0,-58.046211040235576,6.575700430612648,-64.1362003281524,0.4403295060678336,,8.583521322347224,8.341403612866998,0.09609507396817207,8.245308538898826,0.0,26.093118226621993,4.421020870888283,32.0681001640762,0.0,1411.8950428760438,202.28124661429146,254.7422138009321,145.24638178019632,121.39821953269283,nan,nan,nan,nan,nan
723,720,56.50268465561484,170.4915166173739,132.72726520817406,42.38181007775739,4.233276204838866,9.731439590454102,38.268578696995974,37.68371227197349,0.7850064355880022,36.89870583638549,0.3656147215515375,41.72336156153696,17.345207663025263,35.311779616736125,11.511303209582705,11608.856255607752,1299.7966932884765,1777.796134422068,1341.2580222847478,325.2879534123929,nan,nan,nan,nan,nan
724,720,36.934095801239394,125.90051340340045,124.37016697601605,6.027375848128486,4.165174588578564,,42.667476458474994,42.40251662954688,0.7899436354637146,41.612572994083166,0.0,42.26339949574429,16.76890873582665,33.92040787717515,24.60413315553437,11582.400702348772,1247.7984396556037,1758.6834661278342,1293.0806013962797,331.66068124631613,nan,nan,nan,nan,nan
725,720,71.70897475898472,226.37668732044924,158.99420056933343,72.45525247921884,4.720798436738516,5.762966632843018,39.57580647431314,39.07008441630751,0.7848036047071218,38.28528081160039,0.2898650262504816,42.171595283192985,20.905255757904392,35.4813485193753,16.696987758109163,11589.017468391568,1251.8461832440612,1784.9427875585252,1271.3366874998455,418.74512063211466,nan,nan,nan,nan,nan
726,76,0.0,-71.23222415045923,0.9770717366784024,-71.9258566378082,0.24372146251674365,,9.833883203566074,9.573525981977582,0.0850657606497407,9.488460221327841,0.0,7.536929519223837,0.6813232763169735,35.962928318904105,0.0,1230.7803012640718,177.10325208150138,226.49498038517183,119.501733738681,67.10097642369331,nan,nan,nan,nan,nan
727,75,0.0,-66.79912902525808,1.8220232210429643,-68.36015627224343,0.22557537789053392,,11.717182260006666,11.433598248288035,0.08471948932856321,11.348878758959472,0.0,17.65863112540512,1.5999832428100615,34.180078136121715,0.0,1216.0844263687982,152.79321766258406,192.5851810943661,143.62797494686342,41.14686473954935,nan,nan,nan,nan,nan
728,720,66.2868446661248,226.35813654244694,177.08288841396595,54.17752742050078,4.531491483425837,,43.12209053337574,42.87724417075515,0.7853056993335485,42.0919384714216,0.0,42.24262796524607,23.86024347238343,39.1980809558744,24.04892135510376,11582.406615403781,1091.7239276778305,1617.9452079376408,1323.5972351526639,119.82029300097379,nan,nan,nan,nan,nan
729,97,0.0,-72.37618262299303,4.044322287499241,-76.06419346238313,0.30688720939659986,,10.192035997286439,9.933892353437841,0.10647300165146589,9.827419351786375,0.0,13.283874198557795,2.5294659413823943,38.03209673119157,0.0,1572.081289528735,189.61825175319598,240.25102671988415,188.7098491446407,41.463392975032285,nan,nan,nan,nan,nan
730,83,0.0,-63.79029384009804,3.5246405835861205,-66.97302634422708,0.2983747063603378,,10.07978386990726,9.8264842601493,0.09155588317662477,9.734928376972675,0.0,20.386333909469236,3.0436633383292215,33.48651317211355,0.0,1347.405469278409,184.7231545031239,232.91051290320422,140.18430774513067,66.43950990983136,nan,nan,nan,nan,nan
731,97,0.0,-69.01504221560923,4.507053079865146,-73.15254092534472,0.3247533042635811,,13.16398364584893,12.872484067454934,0.10681834816932678,12.765665719285607,0.0,22.647138979031972,3.404065476890387,36.57627046267236,0.0,1569.9838222827905,196.2353571761091,247.65473118167182,182.57113277185704,35.53987882524648,nan,nan,nan,nan,nan
732,66,0.0,-62.706799512191225,1.2630930736040606,-63.72916795898051,0.20224639323497282,,8.583872716873884,8.329397642984986,0.07291810773313046,8.256479535251856,0.0,13.267684817626678,0.8786112843825917,31.864583979490256,0.0,1069.6858058292432,144.9089928973609,182.2122965742046,120.29133556066442,45.61714237774968,nan,nan,nan,nan,nan
733,107,0.0,-61.158967835175346,9.867817293896424,-70.49731104656934,0.47804920298077197,,12.096153541468084,11.828095431439579,0.11755745112895966,11.710537980310619,0.0,18.212584924020117,5.130264164937804,35.24865552328466,0.0,1729.3404430428914,224.54499710162938,286.10617245275506,189.37427479162767,109.2938256057196,nan,nan,nan,nan,nan
734,99,0.0,-73.08069395580883,4.602475721514967,-77.27508868689793,0.35470423837596576,,11.633326637558639,11.382320896722376,0.10932010225951672,11.27300079446286,0.0,13.43572318541241,2.8218623476042652,38.63754434344897,0.0,1601.392894020821,213.27714730836428,269.8470021330423,186.38148247739667,42.590288701939215,nan,nan,nan,nan,nan
735,76,0.0,-63.294123208741,2.6967882074337304,-65.66073879275505,0.2828681735838909,5.615387916564941,9.39557256642729,8.84049762133509,0.08389172423630953,8.75660589709878,0.29866716265678406,18.436802886782925,2.6590361879208366,32.83036939637753,0.0,1234.0220435727006,175.5046169238276,220.08668789261742,144.7226400108997,39.54438868647047,nan,nan,nan,nan,nan
736,91,0.0,-71.9988905695221,3.535186017559077,-75.14675083907566,0.33989938778858386,,10.778974518179893,10.528052340261638,0.10179400537163019,10.426258334890008,0.0,7.415691394962362,2.1994627722673483,37.57337541953783,0.0,1472.586359662912,207.80718193418278,266.4960066763777,153.85267377293758,91.2005534796406,nan,nan,nan,nan,nan
737,80,0.0,-77.09466668446937,0.2404283731279728,-77.06223699953092,0.22996150520843028,,11.332018065266311,11.04552602674812,0.08957969676703215,10.955946329981089,0.0,1.196112671548197,0.13006898664869615,38.53111849976547,0.0,1294.1888927782716,181.3531487573481,231.51669056847567,142.99193650500067,38.1196050875777,nan,nan,nan,nan,nan
738,78,0.0,-63.5194384751728,3.0698483540373416,-66.28504080670396,0.27326201618376617,,9.400455254130065,9.147380629554391,0.08607695996761322,9.061303669586778,0.0,10.841078031783164,2.2266086165142505,33.14252040335198,0.0,1264.5456518234998,169.74879061927095,215.2946783524124,122.1560531509518,77.84033025442434,nan,nan,nan,nan,nan
739,91,0.0,-65.02569318463065,4.9861265494117175,-69.62315369055074,0.3427221873652264,,11.4548106957227,11.190579858608544,0.10003503412008286,11.090544824488461,0.0,20.373714410678566,3.466283177209082,34.81157684527537,0.0,1474.3845147662391,195.23313117841104,247.50008838057434,160.65255756958118,69.47150998027716,nan,nan,nan,nan,nan
740,135,0.0,-58.10314197556247,13.905964353631386,-71.40006685239783,0.5506855110688111,,11.280976668931544,11.045944687910378,0.1478070355951786,10.8981376523152,0.0,26.125635755575008,6.7823683928681175,35.700033426198914,0.0,2189.449032517453,260.6395357827005,326.6245786940463,262.45255869376393,84.00575817616598,nan,nan,nan,nan,nan
741,126,0.0,-50.69826942380864,16.191114951191075,-66.12916171385163,0.6879883629945914,,11.112511843442917,10.856760886497796,0.13812345638871193,10.718637430109084,0.0,18.947172413124882,7.296229890990474,33.064580856925815,0.0,2036.301935274468,277.6454075449708,355.61335908821735,235.60656482191382,112.9273205466312,nan,nan,nan,nan,nan
742,720,34.15430392645632,127.77267506237247,125.19825842397185,6.855760755005704,3.934737188172858,,45.34956958331168,45.09446605388075,0.7841226179152727,44.31034343596548,0.0,42.26343209255507,16.869922988176405,30.72642354895347,17.814665284495852,11586.039830728037,1216.8651727235863,1686.2385859708247,1250.6192386271484,247.33333701146256,nan,nan,nan,nan,nan
743,70,0.0,-66.04075892232245,1.1883793872453805,-66.97147672146075,0.22270694228245286,,9.165951513685286,8.892538925632834,0.07709115277975798,8.815447772853076,0.0,5.533140561910811,0.9602860481764997,33.48573836073037,0.0,1133.9380094956873,158.64334360773609,200.3230343510392,132.4814183269591,64.41613782982213,nan,nan,nan,nan,nan
744,76,0.0,-69.18230697955593,1.0384308311615802,-69.990807280166,0.20254851078167663,7.169045448303223,10.211724572815001,9.675560201518238,0.08427716232836246,9.591283039189875,0.2873231079429388,2.5783805383108054,0.8065300320831106,34.99540364008299,0.0,1231.1982293566523,148.4894652425656,186.92006201855853,121.53885911612927,59.30035008162141,nan,nan,nan,nan,nan
745,720,57.840758183284855,171.32637939910782,139.023493156498,36.516892195843,3.8806276122601373,,40.26257805712521,40.03450754471123,0.786128893494606,39.248378651216626,0.0,41.42166409823146,19.133194892663255,39.58231208536335,11.578911574337358,11608.321757972608,1172.033092065214,1624.931196893931,1341.0874049304384,293.992024920573,nan,nan,nan,nan,nan
746,76,0.0,-70.46974044841761,1.1815973862311195,-71.37505886278966,0.24374964577255737,,10.602122015319765,10.312399096786976,0.08369830343872309,10.228700793348253,0.0,9.73765881324836,0.8440392870262089,35.68752943139483,0.0,1230.252270092003,173.6479331884417,221.35692051505382,116.45826280753089,101.11913123918187,nan,nan,nan,nan,nan
747,100,0.0,-69.05423859388534,5.7728931962242855,-74.36380189909141,0.412030164583676,,12.036481235176325,11.778279344551265,0.11025636736303568,11.66802297718823,0.0,12.889156749129505,3.6138738198954026,37.181900949545714,0.0,1618.9763967882523,228.96462399763686,291.76713300667296,179.2826861002539,80.49672545517417,nan,nan,nan,nan,nan
748,103,0.0,-69.25931380073442,6.360635683549852,-75.24810630564235,0.3227635520901128,,10.675180124118924,10.426470249891281,0.11353247053921223,10.312937779352069,0.0,11.030096696697223,3.454045595125499,37.62405315282117,0.0,1666.7622053592438,180.18032372777915,226.67423788418776,206.01471264597984,33.0475077323529,nan,nan,nan,nan,nan
749,96,0.0,-66.5816308523313,5.1491277740275505,-71.29375644059907,0.38401346000934844,,12.459227508865297,12.185207672417164,0.10561267659068108,12.079594995826483,0.0,16.109938304940606,3.830201543528549,35.64687822029953,0.0,1556.3374830312948,217.81882959693024,275.80987827011774,173.48448011797743,54.40298848803023,nan,nan,nan,nan,nan
750,720,56.832242400595455,188.52756434720757,140.51485738708803,53.384988204720074,4.988018954454248,6.224331855773926,36.91681331861764,36.327430898323655,0.7862512245774269,35.54117967374623,0.3634069701656699,42.261235245651505,19.29864565888156,30.139748298235418,12.945917086679371,11603.200790602721,1374.815298992137,1929.1834968355433,1270.715836980414,440.97022573344697,nan,nan,nan,nan,nan
751,82,0.0,-74.90481456347422,0.9771559553913223,-75.59540925799307,0.24324465736036066,,9.46768499724567,9.214405965991318,0.09183374606072903,9.12257221993059,0.0,4.213312807538705,0.7096946853214898,37.797704628996534,0.0,1327.8292368734997,178.93973715877303,228.99349504344565,137.85975734851564,80.05618422552398,nan,nan,nan,nan,nan
752,109,0.0,-66.11506163066956,7.403718739789095,-72.96937794668834,0.48923520239027296,,11.778370892629027,11.524757007136941,0.1204492524266243,11.404307754710317,0.0,26.17184358279882,4.8844033424663085,36.48468897334416,0.0,1768.3202307963124,255.9928708894962,325.0252287467942,183.9775807281507,129.50257373537545,nan,nan,nan,nan,nan
753,73,0.0,-63.06238271807725,2.8400347875252163,-65.61276277825816,0.25904465230939944,,8.336298670619726,8.08788431249559,0.08044861629605293,8.007435696199536,0.0,11.146409515280068,1.7618544230601882,32.80638138912908,0.0,1182.2243301808867,163.17189032611873,207.456684075516,108.30539505748825,65.34857394222082,nan,nan,nan,nan,nan
754,107,0.0,-52.95454694516627,10.547024603008795,-62.935145893551294,0.514638626313179,,11.127985608763993,10.88155747577548,0.11707353685051203,10.764483938924968,0.0,24.164974698059897,6.572345503537441,31.46757294677564,0.0,1740.5995569701017,240.4181932874779,301.14521824476174,178.97392192579275,86.21661204156636,nan,nan,nan,nan,nan
755,92,0.0,-61.52041712352488,6.330406088074139,-67.46562354558485,0.3415078644468355,,11.793145417235792,11.529819352552295,0.10095139127224684,11.428867961280048,0.0,14.973291967510018,4.069599764112355,33.732811772792424,0.0,1493.9133984319233,184.54365541461038,232.30744960863186,159.10049570277553,52.275548873211775,nan,nan,nan,nan,nan
756,71,0.0,-60.803772893802616,2.595239008324308,-63.11390390528118,0.25357662356239735,,8.683320965617895,8.431557768955827,0.07810600474476814,8.353451764211059,0.0,13.760850597841706,2.0712209080857473,31.55695195264059,0.0,1150.46556753773,154.42724108652942,195.82933179303117,111.6780136017532,74.73627409078647,nan,nan,nan,nan,nan
757,70,0.0,-59.65457349101108,2.706822236483123,-62.12186754252218,0.20500884045965817,,9.746492608450353,9.477492401376367,0.07732127979397774,9.400171121582389,0.0,8.336983584824111,2.0285617050024687,31.060933771261084,0.0,1135.8155190601813,126.76362438576588,160.6603956517134,103.06145077812239,57.98410773290264,nan,nan,nan,nan,nan
758,73,0.0,-65.01157597635694,1.8235761339596976,-66.630916196867,0.17932412668246064,,7.810190190561116,7.566909398883581,0.08023556973785162,7.4866738291457295,0.0,6.639346347097528,1.1592782008088183,33.3154580984335,0.0,1182.2354862680431,126.2663376674971,158.51359121479715,128.24741565329802,36.669762025252716,nan,nan,nan,nan,nan
759,66,0.0,-63.500609478144234,0.9657419787886208,-64.20833547834461,0.21684045868798285,,9.781352683901787,9.498778151348233,0.07286627311259508,9.425911878235638,0.0,10.789865254418858,0.9737515030151195,32.104167739172304,0.0,1070.1134368924156,155.96239783197018,198.53227010769396,114.77174618920175,58.2699426042524,nan,nan,nan,nan,nan
760,720,58.072148215168916,187.7626112698409,144.71289622919144,47.43402847557208,3.995085920980211,16.997173309326172,37.79054010845721,37.26668418478221,0.7828310867771506,36.483853098005056,0.28354446962475777,42.21345429341937,19.303624250230406,34.355133977382884,9.779066023708715,11624.669693593882,1179.609691454911,1625.5786406942657,1406.6622979128017,146.98597328439385,nan,nan,nan,nan,nan
761,64,0.0,-64.11715067473162,0.3259761265626548,-64.24267339021202,0.17566065899209793,,8.094455694779754,7.843176539056003,0.07152879238128662,7.7716477466747165,0.0,4.4239395348018125,0.16820178006434275,32.12133669510601,0.0,1037.3228827127884,137.9792133274052,173.96366746177492,110.26275537227244,70.11915352743132,nan,nan,nan,nan,nan
762,131,0.0,-60.4290949299748,11.845676845285865,-71.52790999204879,0.6688670157416106,,13.770366808399558,13.521280756220222,0.14419285114854574,13.377087905071676,0.0,26.33055980817624,6.734545465460085,35.7639549960244,0.0,2128.8518905435217,309.70198465184745,389.4974398880646,237.09860756731857,64.67216679235874,nan,nan,nan,nan,nan
763,141,0.0,-60.83831051292647,14.05943456076414,-74.22222129303768,0.611837330124326,,13.103353912010789,12.850159556604922,0.15458029322326183,12.69557926338166,0.0,26.06231775531191,6.61300416806942,37.11111064651884,0.0,2278.838228498194,283.63949468734586,357.2303426221525,276.16680256913554,83.95918877282764,nan,nan,nan,nan,nan
764,97,0.0,-58.41257476995682,7.551426860021692,-65.41840661571277,0.49651506848177696,,11.439705450087786,11.178200793452561,0.10626175906509161,11.07193903438747,0.0,28.92755613310417,5.494360794275614,32.7092033078564,0.0,1575.941181147567,239.98607984620645,304.45075531100184,137.33644925046306,167.6327730835899,nan,nan,nan,nan,nan
765,720,55.34149292765848,171.3388035291924,138.79511059956812,37.324842549529876,4.410697250652924,,41.97943316306919,41.718933903612196,0.7837673723697662,40.93516653124243,0.0,42.11689754361561,19.005554887694284,36.67907165289355,15.50106369433343,11586.260571623425,1264.6190455431893,1801.3661183069687,1267.4715890356572,400.421131417188,nan,nan,nan,nan,nan
766,720,58.45498228375507,171.49989076462836,135.56118841495757,40.24064186412164,3.942913220635486,11.458516120910645,41.03964643739164,40.4260932309553,0.7831206722185016,39.6429725587368,0.37389669567346573,42.2624490377711,18.005983244523502,38.33466135169423,11.183619633742374,11597.216086677307,1195.990691787665,1672.6212271608333,1284.8261870179092,287.82324657197717,nan,nan,nan,nan,nan
767,84,0.0,-58.91679123083506,5.377253980607126,-63.92673085703335,0.32900560841788495,,10.716376848518848,10.454844967462122,0.0937179746106267,10.361126992851496,0.0,22.915598720456266,4.103150768977247,31.963365428516667,0.0,1365.4730916492883,172.7707006480485,216.38421956411116,150.48286589655353,68.13806812117274,nan,nan,nan,nan,nan
768,108,0.0,-56.42161684895948,10.307184269670055,-66.14890092659084,0.5360228019685889,,13.14915114454925,12.88184564281255,0.11931533832103014,12.76253030449152,0.0,30.023191530909685,5.827200073516609,33.07445046329542,0.0,1751.1819384605249,235.9340201706667,298.7801423327557,169.1101325233765,132.37496867521642,nan,nan,nan,nan,nan
769,151,0.0,-65.55885829531789,14.53025051621878,-79.12993281795822,0.8616645349742887,,14.72909804340452,14.494957675226033,0.16537158843129873,14.329586086794734,0.0,21.85235062602317,6.984682888667326,39.56496640897911,0.0,2440.653960880238,377.73980472949756,484.6663775060428,257.663764855411,158.13726774543835,nan,nan,nan,nan,nan
770,92,0.0,-70.90450477852012,3.54904248032011,-74.16001671571432,0.2471401479706916,,9.071195723488927,8.817221031524241,0.101157465018332,8.716063566505909,0.0,5.545779837195664,2.1830008087220802,37.08000835785717,0.0,1488.9670464036226,156.3324211293887,197.49193299593236,180.37899123610475,35.857477956586294,nan,nan,nan,nan,nan
771,103,0.0,-65.74889373070215,7.271827526259621,-72.59245018040654,0.38925373241944494,,10.740011100657284,10.489210623316467,0.11318417079746723,10.376026452519,0.0,23.3655887714168,4.1197714007199995,36.29622509020327,0.0,1669.3460609985657,203.76533072845456,257.8786620796074,170.53054558549647,121.15041343279917,nan,nan,nan,nan,nan
772,78,0.0,-63.54312460855756,3.425043570163227,-66.6566407834108,0.28082182799396294,,7.558815471827984,7.324480850249529,0.08580969460308552,7.238671155646443,0.0,13.344979574163476,2.3661735767767005,33.32832039170539,0.0,1263.638452564732,166.60895156602788,210.31231185906935,128.04145032572663,94.2278201914188,nan,nan,nan,nan,nan
773,95,0.0,-62.6329090901194,5.793648433334682,-67.9543992755012,0.41647920546733014,,13.223671009764075,12.938395936973393,0.10462016798555851,12.833775768987834,0.0,21.477476598455883,4.553048743518583,33.97719963775059,0.0,1544.3010360338092,221.63945248868487,278.44055547291407,167.57767608846515,85.01676648590677,nan,nan,nan,nan,nan
774,114,0.0,-67.10634320259486,8.695932202298147,-75.29360307254947,0.4520074774078643,,11.707467162050307,11.449994137510657,0.1255386034026742,11.324455534107983,0.0,20.684741306933013,4.774143779134787,37.64680153627474,0.0,1846.9466168436488,231.14862571393775,293.8753758865386,188.57128450079605,47.33808083288796,nan,nan,nan,nan,nan
775,720,39.20658637571307,123.30838006329496,119.04837399038563,8.37668559799954,3.739951293187525,3.219750165939331,41.629160199314356,41.0588315827772,0.7837733589112759,40.275058223865926,0.31843082420527935,42.26328325194448,16.478599115983783,35.018243576713296,15.172341465112883,11590.445084071454,1175.834779537277,1638.0317511924766,1375.94115233138,269.7364399238482,nan,nan,nan,nan,nan
776,720,32.64690634051928,98.57648657962655,113.48178278769525,-10.886447835629667,3.6817341812565165,,44.921277455985546,44.64494214300066,0.7891767816618085,43.855765361338854,0.0,41.17500965801422,15.426400579222127,38.090130258334106,9.649690332734782,11613.73869328469,1250.7207108138755,1699.2992806815146,1250.9030586569404,281.54807575643935,nan,nan,nan,nan,nan
777,79,0.0,-57.039728707438485,5.318180201876537,-61.944167888628144,0.3682659207557904,,9.096021739766002,8.828492135740817,0.08672478701919317,8.741767348721623,0.0,19.812859249235036,4.032622686731067,30.97208394431408,0.0,1281.9567646526052,187.23750742847213,237.3198205756808,139.97865732130055,111.18324008179968,nan,nan,nan,nan,nan
778,720,35.57341041405786,120.24391852149557,117.00335947389395,7.195127183063413,3.5914925573798198,9.479086875915527,40.852393238805234,40.35882780048996,0.7842651661485434,39.57456263434142,0.2899904027581215,37.13876173181098,15.12642364384254,31.975846822526155,16.998538731302833,11594.183715986253,1248.7606938396862,1632.5248993087487,1341.1478463541257,321.52499878731487,nan,nan,nan,nan,nan
779,720,8.393520076730859,34.1349154905451,99.16231024062516,-60.91604082574402,3.783590430510941,,37.607546030543745,37.3930592071265,0.7863203380256891,36.60673886910081,0.0,42.23368997927368,13.727146823064308,38.85154048960287,8.393520076730859,11606.443916379003,1296.4493145794017,1740.4096817242491,1226.7716730373868,489.6553338031578,nan,nan,nan,nan,nan
780,115,0.0,-57.60831341107552,10.606900424734976,-67.60498006626442,0.5528076464473858,,11.660445592366159,11.406926965340972,0.12600725144147873,11.280919713899493,0.0,22.591518649407313,6.308849052116856,33.8024900331322,0.0,1867.2564941263372,257.8332602731798,323.2851520898704,199.26291255721836,127.3725589199957,nan,nan,nan,nan,nan
781,138,0.0,-64.95068445109125,11.827785418037788,-76.0851889955391,0.6306327759500211,,13.618722192011774,13.358597097918391,0.15126416645944118,13.20733293145895,0.0,27.474725864436223,6.493621148568727,38.04259449776956,0.0,2236.270952483614,304.8372782909554,386.38376814878166,232.53384461164907,100.81642842305817,nan,nan,nan,nan,nan
782,108,0.0,-59.43138637775556,8.58527470494628,-67.4817021788906,0.4862778564334812,,10.806687225587666,10.563188978470862,0.11922809295356274,10.4439608855173,0.0,25.817388170861626,5.30388181735601,33.74085108944531,0.0,1749.3876752439774,228.85343765423926,288.56273142008587,199.39302428928636,115.07941908320481,nan,nan,nan,nan,nan
783,104,0.0,-74.63069162583844,4.8577743570552965,-79.02526370942861,0.40687445487667856,,11.591376005671918,11.339406417682767,0.1153778126463294,11.224028605036438,0.0,8.953448335048238,3.164019295614411,39.5126318547143,0.0,1683.5520827908354,236.89640816514458,305.0971419249497,165.93364980592125,88.58869696685817,nan,nan,nan,nan,nan
784,69,0.0,-60.84801197713168,2.306360586629976,-62.886678821362395,0.22470409422031956,,7.928373019210994,7.687837511301041,0.07690111175179482,7.610936399549246,0.0,8.568575333517673,1.51080886051149,31.443339410681205,0.0,1118.257667269152,140.81875513331187,178.46121818674197,124.99111588411628,71.64107757241145,nan,nan,nan,nan,nan
785,134,0.0,-68.25861408113681,12.298128060935083,-79.94167077677474,0.5547686001068087,,11.444142730906606,11.201039385050535,0.1475409558042884,11.053498429246247,0.0,13.910969328382807,5.634354629831406,39.97083538838737,0.0,2169.7476556001016,265.34437783421936,338.90117646892,229.7285664666424,140.80388237895056,nan,nan,nan,nan,nan
786,98,0.0,-68.4007091823169,5.702313863384994,-73.70280174777892,0.3563613931628008,22.74810791015625,12.648445733822882,12.107898266986012,0.10935868695378304,11.99853958003223,0.2885374892503023,11.605726126522427,3.3883946941013074,36.85140087388947,0.0,1586.8850906767036,197.3586028914143,253.10782966835416,157.92015949209073,112.93393056372271,nan,nan,nan,nan,nan
787,91,0.0,-67.54953362430588,4.702061974181685,-71.861162489317,0.3461267831300542,,10.41266505047679,10.161216953769326,0.10386363416910172,10.057353319600224,0.0,15.119399722191924,2.96903538998171,35.93058124465849,0.0,1473.4582562503722,201.4924374846523,254.6825135676874,156.56756180292857,83.45305746752207,nan,nan,nan,nan,nan
788,720,39.306029085564695,109.16678612245103,113.16995199091511,0.5603215048156187,4.222522734072913,,40.4983003186062,40.256842288188636,0.7863058345392346,39.4705364536494,0.0,42.263136844593916,15.611266989410087,39.0258683331569,9.708124598718147,11620.670099004457,1406.5552965952468,1882.5015425631589,1266.2167923138945,488.2768910901073,nan,nan,nan,nan,nan
789,80,0.0,-56.87621737656556,5.2144256358116765,-61.69724529561839,0.34785473794426747,,8.76076782681048,8.517806608229876,0.08799733500927687,8.429809273220599,0.0,16.733992665706577,4.379491139059643,30.848622647809194,0.0,1300.68180709601,186.52643053383994,234.9279984295321,151.55388811574323,28.647666405577166,nan,nan,nan,nan,nan
790,720,14.349942234856961,58.33671584521508,106.61799191523053,-44.461087853230666,3.4656191814577317,6.6459760665893555,41.401841019280255,40.83120041247457,0.7851206390187144,40.04607977345586,0.31810426712036133,40.88579904950084,14.248599917975794,36.580486161472294,9.872002667524635,11606.759572031044,1236.1466090268818,1664.2725361766322,1305.077422639476,218.52730922312614,nan,nan,nan,nan,nan
791,69,0.0,-67.02514849446005,0.5901629729279618,-67.36208675974449,0.21635841997182023,,8.265199811197817,8.011943742632866,0.07744329795241356,7.934500444680452,0.0,1.5417986125014713,0.4681696988267591,33.681043379872236,0.0,1117.9546620099304,163.17377134198543,207.15903033748327,122.4621698580004,82.70404525581009,nan,nan,nan,nan,nan
792,62,0.0,-61.22443073915819,0.6113302329128085,-61.6439369979026,0.16182476925477385,,7.802419610321522,7.536866352893412,0.0692523941397667,7.467613958753645,0.0,1.497207397986447,0.46918928077784267,30.821968498951303,0.0,1005.3422325191094,124.28465673080616,154.82845287848573,130.8916254531339,32.697202345852006,nan,nan,nan,nan,nan
793,110,0.0,-69.29556247116099,7.5127444906930725,-76.36753839911408,0.3906991436901557,,10.336902151815593,10.0902409683913,0.1216944046318531,9.968546563759446,0.0,22.73769198596539,4.100846231517331,38.18376919955704,0.0,1781.8250445964886,203.11906747537532,258.82953206149796,177.01337090812524,105.38670582550677,nan,nan,nan,nan,nan
794,126,0.0,-61.94339314221968,11.737080186487846,-73.04417093390549,0.5747147690245847,,11.985864391550422,11.760119412094355,0.1381096625700593,11.622009749524295,0.0,25.69190647431774,5.984117230907057,36.52208546695274,0.0,2042.2862807687347,263.8959961644604,333.8502366062466,245.56195241282992,111.51309938147513,nan,nan,nan,nan,nan
795,92,0.0,-63.98248480440559,6.001940237556103,-69.59207733622478,0.35290031986879394,,10.041900948621333,9.79712725803256,0.10105184838175774,9.696075409650803,0.0,20.757721570794047,3.683653107542312,34.796038668112395,0.0,1490.250384144323,189.48048818931204,239.08066920705863,158.9008677738833,78.53172117191288,nan,nan,nan,nan,nan
796,69,0.0,-64.24022506075806,1.1861209973679232,-65.196113801192,0.19584513404304432,,8.097512033767998,7.845491036772728,0.07589331548660994,7.769597721286118,0.0,3.1534715611828465,0.6817880123265138,32.598056900596006,0.0,1118.7068807655312,141.54471115230166,179.71258900705186,124.40952266088318,78.69620984990559,nan,nan,nan,nan,nan
797,118,0.0,-61.09974014777595,10.55070789990897,-71.09283017812946,0.5056828296648788,,13.300135790370405,13.028930650092661,0.12956377677619457,12.899366873316467,0.0,30.024527186132065,6.140368138815871,35.54641508906473,0.0,1920.7789668813118,246.71112498988205,309.302250484431,213.91779773041696,101.14476823979078,nan,nan,nan,nan,nan
798,170,0.0,-53.318980587738395,20.57870872875954,-72.92924463111513,0.8842327008947403,,13.117360771633685,12.888487147167325,0.18652131408452988,12.701965833082795,0.0,29.54455516670128,8.361291037153883,36.46462231555756,0.0,2746.433002669917,369.54062498309224,469.07187478559274,302.4098957017031,210.22780411718932,nan,nan,nan,nan,nan
799,149,0.0,-64.77609674030262,13.562446622967606,-77.76755333831876,0.5034203344627207,,11.465064981020987,11.23847701959312,0.16313815116882324,11.075338868424296,0.0,20.937188966678356,6.386628475334432,38.88377666915938,0.0,2411.720661894985,251.8976335186215,316.6204316441655,264.9242538279843,55.5389824989439,nan,nan,nan,nan,nan
800,75,0.0,-60.52620337829845,3.320913233924674,-63.55633332157133,0.2638250752007743,,9.775373802520335,9.512829554267228,0.082818154245615,9.430011400021613,0.0,11.113381407618542,2.657870451177332,31.77816666078566,0.0,1216.377552892904,160.58531931075228,201.36281529510728,123.32993463795115,62.85821285552646,nan,nan,nan,nan,nan
801,85,0.0,-54.93415890202569,6.128811903258459,-60.6758315190878,0.35085729011167727,,8.902809802442789,8.661242210306227,0.09360109362751245,8.567641116678715,0.0,15.968954253318092,4.403646927145712,30.337915759543904,0.0,1379.3751660411087,183.00277734933425,229.99075885278057,139.55767787589684,98.90472362376619,nan,nan,nan,nan,nan
802,84,0.0,-58.84523314828958,5.334677831409368,-63.80413362004938,0.3418633462157884,,12.26990252174437,11.992460991255939,0.09254705347120762,11.899913937784731,0.0,19.50738429735617,3.917961254274268,31.90206681002469,0.0,1363.6605287429857,188.01226239996123,237.63263896369,118.38299896272599,113.76084814502963,nan,nan,nan,nan,nan
803,89,0.0,-72.34544837285297,3.0139954241014673,-74.96916191498742,0.3396922813023198,,11.711916179396212,11.440354951657355,0.09808972757309675,11.342265224084258,0.0,17.91994553605612,2.1636837626742538,37.48458095749372,0.0,1439.6330693271616,206.5407420613796,264.8297618767282,161.18530570952478,115.26516395292178,nan,nan,nan,nan,nan
804,82,0.0,-65.15425603917971,3.3701122307856455,-68.1736893016358,0.3106204707388962,,9.703124547377229,9.443823832087219,0.0906063923612237,9.353217439725995,0.0,16.74516966353933,2.6719018682354334,34.0868446508179,0.0,1330.8004748676844,183.95097740889491,232.0428392916054,147.56219893739726,87.54665482774557,nan,nan,nan,nan,nan
805,103,0.0,-70.51368901080028,5.83933638641738,-75.91312760207877,0.38718961828658227,18.90240478515625,12.221614656038582,11.6601557508111,0.11382647044956684,11.546329280361533,0.28402986750006676,14.213785992903741,3.4492288378906513,37.95656380103938,0.0,1668.260539870086,212.01959747165873,270.555456130328,192.09550475113903,114.68727401646017,nan,nan,nan,nan,nan
806,720,58.95374936412369,201.8830325853402,153.6360762889287,52.656005465218286,4.079627483401885,,43.19805314857513,42.97051292844117,0.7857291251420975,42.18478380329907,0.0,42.263382214865764,21.4559315791322,32.625746631514545,11.242217240905159,11604.097243483066,1144.6597992372454,1617.9793844366957,1334.2245547384375,221.49180457463757,nan,nan,nan,nan,nan
807,720,51.63903815326321,161.95268981274634,142.11997945007903,24.853129482405436,4.662959742333266,12.19681453704834,39.08036096114665,38.55137542076409,0.7837518332526088,37.76762358751148,0.2936010453850031,42.26252979809108,19.480344109369366,39.21247341206049,20.664332225897798,11582.816682821642,1273.9659249726474,1843.1703812619128,1282.3508728727213,488.61273047472395,nan,nan,nan,nan,nan
808,109,0.0,-50.6023993297959,10.923695814115696,-60.87611739230731,0.5793062654621612,,12.548435133881867,12.295265695080161,0.12119830399751663,12.174067391082644,0.0,26.287959167964285,7.38736518727761,30.438058696153664,0.0,1773.336465683929,273.8075092366786,343.6129327738852,190.11244260988047,124.99809249630624,nan,nan,nan,nan,nan
809,92,0.0,-77.29705268474413,2.5701359540102477,-79.54048163454326,0.28938277637142273,,10.720283271744847,10.476603265851736,0.10243067983537912,10.374172586016357,0.0,6.964719258478768,1.5649779945100644,39.770240817271635,0.0,1489.0032380780915,193.59018513892985,247.0965946409512,159.9763105822477,94.96019376321632,nan,nan,nan,nan,nan
810,78,0.0,-72.38757146788703,0.8340233899303706,-72.94060263109508,0.23621367599410453,,12.501568156294525,12.203115431591868,0.08682875987142324,12.116286671720445,0.0,3.095057980249679,0.638500732326828,36.47030131554754,0.0,1262.696910657735,175.69326768643265,224.06768286841344,145.77778386030582,74.66180872054099,nan,nan,nan,nan,nan
811,720,23.20843278102151,85.41682424304923,109.7639893373893,-20.332695762796,3.618902445368219,,43.56859437096864,43.344764043577015,0.7853207550942898,42.559443288482726,0.0,40.53573775597212,14.605467712234814,33.37478066241951,12.808744679562158,11613.394906755531,1306.8621443967108,1726.7586317126738,1336.8090376933076,152.29878561641408,nan,nan,nan,nan,nan
812,86,0.0,-60.102794634496156,6.011994495233619,-65.68934932896711,0.3822355760709477,,7.221605895087123,7.002267492003739,0.09477913472801447,6.907488357275724,0.0,12.298019992973222,3.9627816806662475,32.844674664483556,0.0,1391.7906542737744,199.48058261157632,253.16615620863635,149.64752030561877,73.65003161452015,nan,nan,nan,nan,nan
813,118,0.0,-66.66301841908412,9.70777092274569,-75.85272502879809,0.4724160955615945,,13.220046142116189,12.947921792045236,0.1293815989047289,12.818540193140507,0.0,20.33398475863132,4.8535975416732935,37.92636251439904,0.0,1906.0679494503054,233.23043584474317,296.2046306997343,186.13102307974435,97.76484453066232,nan,nan,nan,nan,nan
814,117,0.0,-64.06533013799014,8.622122765790103,-72.07981536484084,0.5436476021939602,,12.784547572024167,12.528961792588234,0.12842130288481712,12.400540489703417,0.0,31.38389240804794,6.115854250576014,36.03990768242041,0.0,1904.1397804664373,283.95927925483187,358.9847867823565,206.08980567702105,133.03355915234928,nan,nan,nan,nan,nan
815,80,0.0,-58.11144424434741,4.9205433773794125,-62.68217134866954,0.313287407035725,,7.3452739007771015,7.126142775639892,0.08818961307406425,7.037953162565827,0.0,11.993812530967698,3.579976364181013,31.341085674334767,0.0,1297.1579548938998,169.81398495516825,213.57533718558267,150.62930057051233,75.96740909186792,nan,nan,nan,nan,nan
816,114,0.0,-67.03232062456448,7.301493380545382,-73.94880278214767,0.3356943630502607,25.256467819213867,12.426973530091345,11.866824545897543,0.12511087115854025,11.741713674739003,0.3083231449127197,21.585310520402764,4.17819365911356,36.97440139107383,0.0,1847.4993316247833,195.52709774824345,248.08396764126903,177.68142047053138,73.7301035138889,nan,nan,nan,nan,nan
817,720,16.75962537236033,77.2460377500404,108.24575660808507,-27.12617349103197,3.4966215025400498,,44.10016671102494,43.84353268891573,0.7872682837769389,43.05626440513879,0.0,42.178339262651576,14.46868651393479,30.32271211787631,9.41866561111059,11629.275770730668,1277.9384908531185,1674.1035994118747,1376.4207857821852,228.58161770604096,nan,nan,nan,nan,nan
818,66,0.0,-62.61685818133989,1.0113138981077312,-63.366995849241164,0.2202586434663561,,8.512569145299494,8.260633347555995,0.07315013371407986,8.187483213841915,0.0,2.222672390878911,0.9406705370263675,31.683497924620585,0.0,1070.4784951011732,159.3630767479552,201.22527002978146,132.32576857532504,70.81002216710124,nan,nan,nan,nan,nan
819,86,0.0,-67.96781891039518,2.6772737335144146,-70.36370253515787,0.2513912442147103,,10.442393680103123,10.180289580486715,0.0946168452501297,10.085672735236585,0.0,13.36445990145966,2.0369651143061978,35.181851267578935,0.0,1396.1127134118178,164.75788835960077,205.96471695038937,150.58673027634,83.93403658150406,nan,nan,nan,nan,nan
820,720,51.12490592914701,146.74137287798618,126.82539411995975,23.971228304236746,3.6857790632034773,7.511411666870117,36.07408159878105,35.50566700659692,0.7866965224966407,34.71897048410028,0.3410344831645489,42.263450615284576,16.47240478961454,39.13929177702864,18.98953942510878,11583.674733383186,1147.2821647911294,1595.808303763643,1329.4019349273074,44.24284327784559,nan,nan,nan,nan,nan
821,85,0.0,-68.35492796177299,3.18690812201083,-71.1899810152706,0.3109732364167259,,8.460703944787383,8.220153314992785,0.09421434998512268,8.125938965007663,0.0,22.569707374073086,2.677500252023925,35.594990507635295,0.0,1376.3975398180612,191.44401554994386,243.78728419838228,137.26672205095323,80.76835262237883,nan,nan,nan,nan,nan
822,88,0.0,-54.8504430024913,6.443042623909003,-60.848742436169175,0.39485478197202245,,10.690603654831648,10.443558856844902,0.09757679048925638,10.345982066355646,0.0,19.970455196010118,5.003456772605174,30.424371218084577,0.0,1429.1115261618315,205.61639374410504,258.65854354225496,152.41449240342777,95.0107290769936,nan,nan,nan,nan,nan
823,97,0.0,-75.21001324645437,3.7040861416179416,-78.50124224994121,0.3664121440477768,,10.5229522138834,10.289375118911266,0.10681683383882046,10.182558285072446,0.0,17.34847775407211,2.4109403754394974,39.25062112497062,0.0,1571.0486429615514,227.32390510953155,288.8288626813732,160.30608530809025,148.51174108844836,nan,nan,nan,nan,nan
824,105,0.0,-52.87314182943246,10.213657228307978,-62.488092809599024,0.5439516142087703,,12.799619353376329,12.528934984467924,0.11522586643695831,12.413709118030965,0.0,25.088293113976448,6.709513896422722,31.24404640479953,0.0,1706.605253665343,245.76174540311104,310.70215784334584,175.58392722186048,114.1013734646872,nan,nan,nan,nan,nan
825,91,0.0,-53.13407743708751,8.271510128948618,-60.91755237520645,0.4423209921539853,,9.14353642705828,8.898031773045659,0.09969502221792936,8.79833675082773,0.0,18.835877343117097,5.505994097010474,30.45877618760322,0.0,1473.9514854457095,203.40143652747713,256.75344517911947,160.34549584358766,84.84472602560506,nan,nan,nan,nan,nan
826,95,0.0,-71.57185297385753,4.207077339938517,-75.40280591167664,0.33513940671116405,,10.061512118205428,9.810497870668769,0.104349953122437,9.706147917546332,0.0,8.615046551693824,2.738278957837467,37.70140295583833,0.0,1538.80938595435,201.88902119155912,255.74971706257483,165.5682464342047,71.97763311234513,nan,nan,nan,nan,nan
827,87,0.0,-73.61351984885026,2.2591900617151377,-75.54607522405283,0.29172058797341843,,11.175405667163432,10.913998851552606,0.09568936005234718,10.818309491500258,0.0,11.163488341585634,1.5594824616220604,37.773037612026414,0.0,1409.024531240611,193.2405239604152,246.07316387215633,136.08257986123851,130.0354909209539,nan,nan,nan,nan,nan
828,78,0.0,-63.49214385427166,3.1925188194001044,-66.3711986337496,0.27956569461858055,,9.87052686791867,9.616740726865828,0.08600648120045662,9.530734245665371,0.0,13.947687079352153,2.3085122436701044,33.18559931687479,0.0,1263.3000347116188,168.87245125034477,213.23752755103652,128.04615020997943,97.59921158992773,nan,nan,nan,nan,nan
829,105,0.0,-50.79410152570354,10.994826484881356,-61.22903708044039,0.5140198153903954,,11.43408882804215,11.187065206468105,0.11528643313795328,11.071778773330152,0.0,24.77345403401403,6.465940579250387,30.6145185402202,0.0,1702.3309800696645,225.4253688425905,283.5947439036351,182.28495694470405,92.2072764376916,nan,nan,nan,nan,nan
830,170,0.0,-56.00585847354681,18.5925377696229,-73.65934275067266,0.8603285899992877,,17.068507426418364,16.779678371734917,0.1862794365733862,16.59339893516153,0.0,25.212005340101456,8.34165949404594,36.82967137533632,0.0,2755.695491759441,371.59186000359875,467.800326715605,306.04400972899623,206.21681901570696,nan,nan,nan,nan,nan
831,114,0.0,-64.52029739754394,8.730211509400707,-72.69982671968998,0.4878792050494852,,11.957127158530056,11.693033547140658,0.12518800143152475,11.567845545709133,0.0,21.707966489749268,5.474455417444867,36.349913359845,0.0,1853.6384301161354,252.87651926624415,319.6528384289632,191.90274627701746,130.12120996073335,nan,nan,nan,nan,nan
832,108,0.0,-62.010053818108204,9.094289387740577,-70.59099136209315,0.4680523577350847,,9.695346841588616,9.462469457648695,0.11850305553525686,9.343966402113438,0.0,18.444091486660902,5.095859228317302,35.29549568104658,0.0,1746.0569784028132,230.5279351691029,293.11453692386857,185.14914424236454,118.21306378721081,nan,nan,nan,nan,nan
833,81,0.0,-74.37705138405701,1.0668278879308097,-75.17546987042448,0.23014177668396937,,10.127793921157718,9.92319044843316,0.08950461726635695,9.833685831166804,0.0,6.040150160963644,0.6296950130505735,37.58773493521224,0.0,1310.7948458083868,169.94396202643838,217.7065049290541,138.6473566306614,116.98139832075857,nan,nan,nan,nan,nan
834,84,0.0,-57.535640255000615,5.3948997065064,-62.61318546969827,0.2774116782806949,,10.18475432973355,9.928632224909961,0.09269758500158787,9.835934639908373,0.0,16.989489125698963,3.763227193019003,31.306592734849136,0.0,1362.527650548583,165.46703140882224,208.11825799551482,153.07363599948042,77.03347579753175,nan,nan,nan,nan,nan
835,76,0.0,-62.87350709567382,3.3208218750368306,-65.83125319955639,0.3145606769801763,18.923320770263672,7.841938087716699,7.329458124935627,0.08388838078826666,7.24556974414736,0.28311072289943695,7.5500120239708615,2.3678688882971746,32.9156265997782,0.0,1231.454085047437,184.77949866666125,233.9096534083596,137.01462645198768,58.16242875511309,nan,nan,nan,nan,nan
836,68,0.0,-65.74717487930923,0.6052403030753648,-66.12607907802791,0.18893561512790716,,9.58780912309885,9.332946774549782,0.07603468652814627,9.256912088021636,0.0,1.806476247060379,0.4139043922680782,33.063039539013964,0.0,1102.012560492355,143.62460791065678,181.4445390968941,118.8572230174545,59.855131746845544,nan,nan,nan,nan,nan
837,61,0.0,-61.012117884189166,0.4944594504775766,-61.28897190553556,0.18327376082548796,,7.00126441847533,6.759073751978576,0.06846451293677092,6.690609239041805,0.0,3.887268310387572,0.4359776267653772,30.64448595276779,0.0,989.4839474951555,140.4207124024405,176.32007977951207,114.18464427999051,47.008096910782726,nan,nan,nan,nan,nan
838,84,0.0,-63.448159553171195,4.908264859517937,-67.98878974946868,0.32167323655721414,,7.820929231122136,7.594622706994414,0.0933034410700202,7.501319265924394,0.0,10.801572261442166,2.9042424399566977,33.994394874734326,0.0,1359.1503082050774,180.94472703168967,228.29208310197387,159.01536680096515,70.22471408436296,nan,nan,nan,nan,nan
839,87,0.0,-77.15092702028117,1.7579268328220174,-78.57894975644022,0.2750392653371414,,12.420604695565999,12.135984430089593,0.0959006566554308,12.040083773434162,0.0,7.067730440221054,0.9392345242697531,39.28947487822011,0.0,1408.3330255245928,196.9008667550555,252.5902156528739,153.94214349595552,95.89272943721,nan,nan,nan,nan,nan
840,157,0.0,-51.803120217346134,19.889339429719445,-70.85259357173643,0.7603007285177029,,15.589952593669295,15.321949640288949,0.17241330724209547,15.149536333046854,0.0,27.362411648045345,7.962392250650627,35.42629678586822,0.0,2536.0411622615247,308.60885759633675,393.09613832549144,288.2791929943192,104.23853963304767,nan,nan,nan,nan,nan
841,75,0.0,-70.34762227007377,0.7808853143151507,-70.85284082953822,0.23733496037210902,,9.569264645688236,9.302400317043066,0.0830756425857544,9.219324674457312,0.0,6.461916451048103,0.6305978434181089,35.42642041476912,0.0,1214.9827272271043,175.18720854654848,223.07036492508496,118.77259680870202,76.99598867736633,nan,nan,nan,nan,nan
842,93,0.0,-52.841737901917654,8.78700746519462,-61.092427953836626,0.48224909359311674,,8.666739444248378,8.414201524108648,0.10266337543725967,8.311538148671389,0.0,22.88016118889881,5.979666799568866,30.546213976918306,0.0,1512.8917940466297,223.39211000686666,280.7787454353934,163.71309826690154,100.82382999089404,nan,nan,nan,nan,nan
843,720,16.817041277192697,72.95498437519467,111.12666253401584,-33.580442656350094,4.1865535343188744,,40.78000219166279,40.53365405462682,0.7872753916308284,39.746378662995994,0.0,42.263586899435275,15.018745362105477,33.60726260536774,14.430069534784515,11591.8034149802,1360.7519019502417,1857.4987179034795,1356.8535106342395,433.4335124021649,nan,nan,nan,nan,nan
844,131,0.0,-64.57963396741337,10.86120016390019,-74.7256306239062,0.6529019751487847,13.622564315795898,13.401978919282556,12.845904149115086,0.14475934859365225,12.701144800521433,0.29915037751197815,27.100649287386048,6.323329702121631,37.362815311953106,0.0,2124.8315434716997,306.21017205672723,387.05862746143663,205.04924128615684,123.1736398735506,nan,nan,nan,nan,nan
845,68,0.0,-67.01961664666321,0.08594460062575936,-66.85241266316567,0.2067688485568579,,8.706930504180491,8.451430873945355,0.07719967421144247,8.374231199733913,0.0,0.7215699540354985,0.036371721111819195,33.42620633158282,0.0,1102.8266379892877,165.05021808463516,210.20927070077235,116.60701120857246,48.19431953864915,nan,nan,nan,nan,nan
846,85,0.0,-65.47128852636597,3.8855862992656163,-68.95626292107889,0.34889497505316813,,11.253939125686884,10.967523775063455,0.09566423110663891,10.871859543956816,0.0,13.399868433976033,3.1489711307381265,34.478131460539444,0.0,1378.1353231211256,209.05552202649395,264.8572010236478,152.77151842866095,91.0441083665553,nan,nan,nan,nan,nan
847,96,0.0,-71.47139471907914,4.3308616251313286,-75.44439230381164,0.31512364773133994,,10.829682493582368,10.56630542408675,0.1063571060076356,10.459948318079114,0.0,24.343591073968785,2.3585058816185187,37.72219615190582,0.0,1554.093847188232,188.90649773034664,240.16685750777535,165.88884332788052,63.57345761680235,nan,nan,nan,nan,nan
848,71,0.0,-66.23188823760576,1.1881173777743272,-67.15525336960592,0.22155277341837892,,10.359251913614571,10.097389321774244,0.07862840034067631,10.018760921433568,0.0,2.767532723392756,0.8789046799028494,33.577626684802965,0.0,1150.545230007274,158.08245733280546,200.57007464795666,142.82144527236687,50.636509576966546,nan,nan,nan,nan,nan
849,83,0.0,-67.7029880544717,3.2005057332314664,-70.5651155863747,0.3023531632569374,,9.901047182269394,9.65664027724415,0.09157640859484673,9.565063868649304,0.0,19.772400664778484,2.0987764738413044,35.282557793187344,0.0,1345.6165612384698,192.71741910453966,245.65473097604325,124.52897190290473,118.39382816627754,nan,nan,nan,nan,nan
850,78,0.0,-67.42277847428669,2.004026368753838,-69.13401368805307,0.2536349934186223,,10.679533012211323,10.400832625105977,0.08622738439589739,10.31460524071008,0.0,16.993758601064687,1.6971070456514532,34.56700684402654,0.0,1263.8718585088527,169.93826573015363,215.03554091538626,129.01965089519263,78.22737810073555,nan,nan,nan,nan,nan
851,104,0.0,-72.94459913855692,5.591503883325795,-78.1099704758091,0.37969004635681874,,14.09521416388452,13.81334490980953,0.11489582993090153,13.698449079878628,0.0,13.50262372035131,3.2843160428258775,39.05498523790455,0.0,1682.9984212132867,214.74314914136863,273.25050633768535,180.23176147032754,130.77669491497795,nan,nan,nan,nan,nan
852,107,0.0,-67.54162003525651,6.9353111883637695,-73.97063048707581,0.4455676341709871,,12.029030573554337,11.760738528333604,0.11815533507615328,11.642583193257451,0.0,19.946132035343435,4.572280910253869,36.98531524353791,0.0,1735.2763783681933,239.486691210508,303.4817322991122,185.98412664568355,129.1628633659277,nan,nan,nan,nan,nan
853,92,0.0,-58.31880458931764,7.262162816889086,-65.19204418296194,0.3450438544899664,,8.683735806494951,8.439667076803744,0.10147656686604023,8.338190509937704,0.0,14.37292754390982,4.362154368297914,32.596022091480954,0.0,1489.2506789766942,168.8068824958618,214.79680941070103,153.43454349593253,66.66970218514551,nan,nan,nan,nan,nan
854,111,0.0,-48.46794835470463,12.848889057034528,-60.72320676461116,0.5452304966411436,,11.082305534742773,10.834375670179725,0.12220914661884308,10.712166523560882,0.0,25.796109128351407,7.091987185961314,30.361603382305585,0.0,1800.1797493350214,237.84296632115505,300.2638373451441,166.33659387281483,121.09278240350793,nan,nan,nan,nan,nan
855,122,0.0,-69.38028014049395,10.111096871207767,-78.89053970370281,0.5362319616468655,,12.915776504203677,12.665662227198482,0.13423218671232462,12.531430040486157,0.0,16.98547683978898,4.822643710502666,39.445269851851414,0.0,1975.8263446725064,258.15045355415015,327.3215145396688,235.9107646225743,77.45707002907561,nan,nan,nan,nan,nan
856,95,0.0,-66.72856143689224,5.052324256302518,-71.36589097172777,0.3780940839721041,,10.843900525942445,10.600081288255751,0.10467776749283075,10.49540352076292,0.0,21.713456810753453,3.4572754748857175,35.6829454858639,0.0,1541.6118933065047,204.6205534165694,258.6719989184078,147.6707772883468,130.79802652173845,nan,nan,nan,nan,nan
857,720,72.10094718196588,212.47656996899187,140.65447224986443,76.75793993880032,4.57215361610377,8.288488388061523,41.96514030639082,41.321925558149815,0.7868451308459044,40.53508042730391,0.38146335911005735,42.213534671009505,18.703641258716342,33.721977212565726,14.892747307021992,11591.295097245844,1337.6571602391653,1847.9878690859186,1294.7191248529127,391.61247703536867,nan,nan,nan,nan,nan
858,114,0.0,-54.53872291813421,12.313110795627665,-66.26947859494591,0.5337978396559917,,13.251707474701107,13.003029676154256,0.12931083887815475,12.873718837276101,0.0,21.555515550682983,6.2141934784509925,33.13473929747294,0.0,1842.6345701922287,241.62301580418827,305.73192573049107,194.47413774045842,123.71795550381154,nan,nan,nan,nan,nan
859,78,0.0,-65.72325361238609,2.9162740555857565,-68.33240069739625,0.2647772602627529,,10.691798895597458,10.417136332020164,0.08673143852502108,10.330404893495142,0.0,12.450242861437697,2.06578716749601,34.16620034869812,0.0,1263.8568810834981,168.7972680178872,211.9658585101738,149.7163599884401,48.56176007197394,nan,nan,nan,nan,nan
860,84,0.0,-67.38033215806507,3.5102033463728795,-70.5239895063863,0.3171880857429076,,8.150122317485511,7.916847483254969,0.09223267808556557,7.8246148051694036,0.0,11.789627157050393,2.345289474264155,35.26199475319314,0.0,1361.4988764242648,190.85398903766878,242.77234797616325,141.41803786921375,52.722087748635474,nan,nan,nan,nan,nan
861,82,0.0,-70.96271528112096,2.281110948266619,-72.92137690934968,0.2746729172184621,,10.428261632099748,10.178850876167417,0.09033279120922089,10.088518084958196,0.0,7.309646982917331,1.3965774577840302,36.46068845467484,0.0,1327.0737228553853,184.67351030524497,235.15145622939838,148.610752294681,100.57143141203522,nan,nan,nan,nan,nan
862,720,44.34976109610456,149.173127123407,132.04311528272865,21.553558356871434,4.052022179758729,,44.54049535095692,44.283004018478096,0.7860656641423702,43.496938354335725,0.0,42.26350380275679,17.963195552781112,33.57298191766884,18.189651395463116,11584.765060392121,1181.6392477392199,1692.3019440439336,1296.6008227796679,231.62116622917594,nan,nan,nan,nan,nan
863,720,53.933283410366464,186.6823807002409,161.7288440317513,29.56595604361928,4.263685839796114,2.340963840484619,45.17845324520022,44.546652865596116,0.7861739555373788,43.76047891005874,0.36368891783058643,42.263480677889845,21.80951182379321,39.15030538855683,13.073515017620721,11594.24331194476,1122.9220390710277,1616.4850144210093,1279.5535106091652,214.15318284533063,nan,nan,nan,nan,nan
864,105,0.0,-69.57249938370978,6.396456808153124,-75.50029396083349,0.41804746029101386,,11.603933533653617,11.335045346990228,0.11601423658430576,11.219031110405922,0.0,23.343267405609573,3.7930063679390735,37.75014698041673,0.0,1701.7066436448838,232.30821536469992,294.8525634891359,175.3619806744205,118.45428013388977,nan,nan,nan,nan,nan
865,87,0.0,-72.62016019230238,2.679595415827329,-74.94505171239074,0.3063574456726602,,10.393253106623888,10.153533713892102,0.09603572357445955,10.057497990317643,0.0,5.6110914731027615,1.4926879702227913,37.47252585619537,0.0,1409.2858397541374,196.19863184947727,250.63452447496695,159.43336876162948,69.36194232371506,nan,nan,nan,nan,nan
866,92,0.0,-66.11577589023584,4.380111321695668,-70.14758828125346,0.30648536140219473,,11.713024608790874,11.445110600441694,0.10074238292872906,11.344368217512965,0.0,22.373869133008302,3.411332771649098,35.07379414062674,0.0,1489.8076291974937,184.645250263178,232.58382852461105,179.2652277297612,84.2057718999062,nan,nan,nan,nan,nan
867,720,30.97426555206495,95.59521095705963,112.93310554399105,-13.77970385771755,3.2040058870102786,,41.947584505192935,41.68967687804252,0.7834673672914505,40.90620951075107,0.0,42.26347837173401,14.865381275111284,37.86411748092371,11.937688073667957,11616.353825001486,1142.2614909905465,1520.5379861036245,1327.3517082732776,149.24573375689428,nan,nan,nan,nan,nan
868,155,0.0,-41.87305227849795,19.48266804674401,-60.44422898014747,0.8379713862282601,,13.808480731211603,13.580690537579358,0.16990690119564533,13.410783636383712,0.0,30.023271921668353,9.311750966723611,30.222114490073732,0.0,2518.697748446006,339.4733651088155,422.71653031408937,293.44632307898615,167.16049258827096,nan,nan,nan,nan,nan
869,74,0.0,-60.52808784618266,3.5765824379206426,-63.819549750271335,0.2534205761112633,,9.120996898971498,8.858374967239797,0.08170286938548088,8.776672097854316,0.0,20.978399800693815,2.636131944685013,31.90977487513567,0.0,1201.5440770821322,154.06420043684713,193.5812248424952,115.06518326698705,78.94659326319184,nan,nan,nan,nan,nan
870,124,0.0,-68.04062995918653,9.759093651529897,-77.1343100460377,0.5986711449989323,,13.250530177727342,13.001990102231503,0.13666905462741852,12.865321047604084,0.0,26.812880401575047,5.351855640863895,38.56715502301885,0.0,2003.1263818146947,278.18318003189654,355.5642687324708,221.741950203347,157.45180565223498,nan,nan,nan,nan,nan
871,67,0.0,-57.58508031017085,2.9535650394383937,-60.25344536584224,0.2500490385390714,,11.23167886491865,10.93746100179851,0.07500491943210363,10.862456082366407,0.0,12.100760787739366,2.253487780549722,30.126722682921113,0.0,1085.2935160951617,152.31056215814473,192.66003374164183,117.87326364396706,77.70143098718218,nan,nan,nan,nan,nan
872,73,0.0,-63.72915551743604,2.4986825948239804,-65.98013793635116,0.220215136448984,36.109859466552734,8.714129730127752,8.168896260671318,0.08157800324261189,8.087318257428706,0.2921614423394203,15.83880245411396,1.5888865463780093,32.990068968175585,0.0,1183.8235187386874,147.19986379166613,185.86946045258318,116.5501025407148,75.53787493446076,nan,nan,nan,nan,nan
873,66,0.0,-60.68117182327848,1.3373855316892422,-61.79060820763856,0.19657279252943996,,9.458499774336815,9.208587151952088,0.07423149049282074,9.134355661459267,0.0,5.117574723528129,1.230568393733659,30.89530410381928,0.0,1071.1101309491899,140.73194489031073,176.40198361338818,123.02108944037413,50.76829703879401,nan,nan,nan,nan,nan
874,87,0.0,-73.98988114483959,2.2510943698421193,-75.94246592442829,0.2602060285500535,,10.652807720936835,10.408034005202353,0.09641975909471512,10.311614246107638,0.0,8.83301320811075,1.3639242899605741,37.971232962214145,0.0,1407.3211271282228,174.57561202479002,222.3192432543448,150.61210566445465,40.13623666767761,nan,nan,nan,nan,nan
875,86,0.0,-74.90202717587974,1.7731383381552355,-76.38837001384903,0.24637215653751401,,9.962764440104365,9.708709308877587,0.09511804860085249,9.613591260276735,0.0,6.287915566646928,1.1576374204638364,38.194185006924506,0.0,1392.479416024412,172.99174171974084,219.58934868946292,160.88423063386315,73.71410245661163,nan,nan,nan,nan,nan
876,89,0.0,-59.67614291215809,6.320498052300168,-65.616114895593,0.34338434770334364,,10.696000100113451,10.428782942704856,0.09803123585879803,10.330751706846058,0.0,19.17404028863885,4.114742125920018,32.80805744779651,0.0,1443.6933319300406,183.54174900627672,229.87246474203897,163.58928200692205,106.96036930185255,nan,nan,nan,nan,nan
877,106,0.0,-64.59400309504865,8.595240283453688,-72.58926965791579,0.5307791482460978,,10.580378134734929,10.338665964081883,0.11689160671085119,10.221774357371032,0.0,18.850965607627785,4.756786374414094,36.294634828957896,0.0,1713.3548225403035,251.8399437130203,322.6745291548184,199.39168209808972,81.73334931195069,nan,nan,nan,nan,nan
878,720,61.313243412241015,172.35795442963655,133.758831611201,43.24083463122439,4.277406618309433,,41.00099147018045,40.7509680185467,0.7894244762137532,39.96154354233295,0.0,41.85924155562223,18.184846000565834,39.69282609662882,16.172997527504364,11589.211322327825,1263.1308603034895,1760.6837938371007,1253.7719966304755,402.9217158590153,nan,nan,nan,nan,nan
879,720,60.22932289911659,177.5179576985505,135.54542834429137,46.25099874937865,3.9147106848986515,9.646860122680664,44.824405702762306,44.206613942980766,0.7893661241978407,43.417247818782926,0.3834210457280278,42.263158402606145,18.59139984488388,37.103823524427256,11.048932973749121,11599.425137529284,1214.4676703181617,1676.652952258477,1281.730488651073,355.17519428865734,nan,nan,nan,nan,nan
880,122,0.0,-52.532904696587835,13.325967871839548,-65.15004141485407,0.6452783777473289,,11.590474873781204,11.348873759619892,0.13527066819369793,11.213603091426194,0.0,25.67191312139465,7.209293101030201,32.57502070742704,0.0,1971.3014573197324,278.34932028340177,356.0364628520375,191.27823982743334,115.98820783420095,nan,nan,nan,nan,nan
881,71,0.0,-58.44587382523761,2.9616161172508613,-61.13845993330336,0.23019575663670575,,10.01069163158536,9.714186317287385,0.07864263094961643,9.635543686337769,0.0,10.839838539888557,2.5678089484659665,30.569229966651683,0.0,1152.2594726503196,137.93458493773824,173.80248337030935,125.93991555446955,62.142572421147364,nan,nan,nan,nan,nan
882,123,0.0,-51.4697145686968,12.574653097575995,-63.4155532456239,0.5770950554972956,,13.586107928305864,13.344941553659737,0.1346747623756528,13.210266791284084,0.0,29.40099073717533,7.483695498163639,31.707776622811924,0.0,1995.5320290676,264.46452664137917,331.27138337435474,207.50441264471525,133.17757052918606,nan,nan,nan,nan,nan
883,720,47.33024587391467,165.87509490684636,143.21690261252542,26.832056090532475,3.8011458442284143,,43.87720650341362,43.61715970560908,0.7857903121039271,42.831369393505156,0.0,42.26355810759057,19.440751409775906,33.91421782864845,13.167684884802114,11609.926449503693,1118.289906532202,1560.6063918742402,1367.3443689143658,274.1153368792655,nan,nan,nan,nan,nan
884,73,0.0,-63.206017861847,1.9975945158161652,-64.90839268020176,0.2548748212649276,,10.684028558433056,10.406937967054546,0.08097662311047316,10.325961343944073,0.0,20.485368955802894,1.839760145225674,32.45419634010088,0.0,1183.9683885139586,170.71653034381413,215.56911063518453,122.66665230002295,77.2333431520213,nan,nan,nan,nan,nan
885,67,0.0,-63.451594856436664,1.3512180478231437,-64.57045617348277,0.2007743437082514,,6.973812073469162,6.731415445916355,0.07443664688616991,6.656978799030185,0.0,2.9324577903901554,0.9562986901519301,32.285228086741384,0.0,1085.5172742540597,142.00562560423114,178.8576881667093,112.20527732199103,59.96736244399961,nan,nan,nan,nan,nan
886,77,0.0,-66.83023494265984,2.1810667362704392,-68.71963229799832,0.258278239308256,,10.266141298227012,9.9936649100855,0.0858869943767786,9.90777791570872,0.0,6.172395950201683,1.6369729433201383,34.35981614899916,0.0,1247.4828490930422,169.73771209344252,215.49595539228199,127.14181327940487,82.54690378395335,nan,nan,nan,nan,nan
887,93,0.0,-77.61482413707579,2.115439022159116,-79.39246942363903,0.29436619052962104,,13.429042058065534,13.15930743701756,0.10347872320562601,13.055828713811934,0.0,6.454195028543142,1.300869229259833,39.69623471181952,0.0,1505.1562418853314,198.27951789247268,253.3592394051149,158.72474279185548,73.60960385313116,nan,nan,nan,nan,nan
888,720,59.3684427357413,174.366563795942,133.76366076585688,45.386975895830844,4.42180615490462,5.635286331176758,42.33137999288738,41.66607601381838,0.7899166801944375,40.876159333623946,0.4068910572677851,42.233714122942665,18.443893523357257,36.674954787825875,17.241088912527573,11587.591400594529,1277.399471334346,1804.5072488665012,1301.3623635267277,451.14473046046595,nan,nan,nan,nan,nan
889,66,0.0,-66.29209674342212,0.1188679996134969,-66.20683745390605,0.17361941552606103,,9.108486639335752,8.845382048748434,0.0743459677323699,8.771036081016064,0.0,0.48550137330675425,0.0532374020729191,33.10341872695303,0.0,1069.1757063733712,138.86006315274616,175.66242314986528,116.17735676653132,44.207794501332266,nan,nan,nan,nan,nan
890,113,0.0,-53.83761446484078,11.47148166144595,-64.69108912790169,0.5567794722805403,,11.675675368867815,11.439810493960977,0.12624913733452559,11.313561356626451,0.0,28.802515313054798,6.932626185943574,32.345544563950845,0.0,1836.5447458501337,253.82825131442848,320.7639662278142,188.7823552301169,93.34962031483542,nan,nan,nan,nan,nan
891,105,0.0,-66.86378358138575,7.288142497120616,-73.65576424820144,0.4446176895064273,,12.298653848469257,12.035713435150683,0.11603657435625792,11.919676860794425,0.0,23.154024186003863,4.659078821752818,36.82788212410073,0.0,1701.7888247586068,225.93513045947668,285.1192838223722,192.0540046791282,85.8823857724064,nan,nan,nan,nan,nan
892,61,0.0,-60.0919793261556,0.976262169815241,-60.84047914581005,0.19920093749201181,,9.55491572059691,9.293493990786374,0.06793061085045338,9.22556337993592,0.0,3.2756467405930105,0.8046360040262388,30.420239572905032,0.0,988.9109252536799,142.5913315445988,180.42787391879108,93.26742782868702,57.735230334266284,nan,nan,nan,nan,nan
893,75,0.0,-59.82368494293006,3.533687301598793,-63.01751004092931,0.29596255222371914,,10.562971078790724,10.258505839854479,0.08302468806505203,10.175481151789427,0.0,9.557307624389436,3.0034387964397897,31.50875502046465,0.0,1217.0894484936007,176.11374072244027,222.45979411853182,123.46751006084739,69.62679398123166,nan,nan,nan,nan,nan
894,129,0.0,-46.366648019704755,17.156663526199562,-62.74990613707824,0.7070654600486107,,13.286678927019238,13.016785645857453,0.1418480295687914,12.874937616288662,0.0,26.404260515028184,8.189871549855058,31.374953068539124,0.0,2088.869959957509,291.4896042637878,369.22019505100417,228.3025076263401,123.88692239586068,nan,nan,nan,nan,nan
895,121,0.0,-66.35324746645159,9.557698181550611,-75.29060988993334,0.5582370746712121,,12.532203609123826,12.281095199286938,0.13295150734484196,12.148143691942096,0.0,28.05431208568181,5.563391029274735,37.645304944966675,0.0,1963.6054530208341,269.0426412095674,341.0594775837072,210.95824374013037,102.4114382607697,nan,nan,nan,nan,nan
896,720,82.85178386899621,248.91003598063048,166.95190095793473,87.18856604338052,4.865001836518528,,37.44986796285957,37.21498699299991,0.7878025081008673,36.427184484899044,0.0,42.194124452189136,21.91822229493945,39.25750084730595,20.692663158614664,11583.15364426438,1246.754357019159,1801.4628449156141,1275.5585625249705,389.3395234818268,nan,nan,nan,nan,nan
897,76,0.0,-64.51580622950016,2.8584269149940518,-67.01294435699283,0.3223128281420009,8.725930213928223,10.124538176693022,9.562315493822098,0.0840211221948266,9.478294371627271,0.2890287870541215,20.24254833201783,2.342469136450999,33.506472178496416,0.0,1231.4598381947255,191.09300869447424,243.60681834660136,115.79765243428957,99.49888040077305,nan,nan,nan,nan,nan
898,720,73.99917715197768,256.7481607576283,184.35174229696264,77.40210948086286,4.633845946844499,,40.34129221178591,40.104207078926265,0.7907502613961697,39.313456817530096,0.0,42.26113653464368,24.62147590483693,35.29812241154625,12.99303854910751,11596.997089158418,1093.811132288766,1608.1714782520673,1302.531084713368,220.76893719520913,nan,nan,nan,nan,nan
899,88,0.0,-79.56327932590904,0.18794778376638543,-79.47447063219376,0.22749371488547807,,13.673337039537728,13.381001287139952,0.09711512085050344,13.283886166289449,0.0,3.0970995965558927,0.1657205756319361,39.73723531609688,0.0,1425.3515256961637,178.80072945790147,229.97576701509212,152.72922392367596,69.77615755679491,nan,nan,nan,nan,nan
900,171,0.0,-62.238028023253435,18.337018609224344,-79.80781578830488,0.6799399931472839,,15.535883290693164,15.286618021316826,0.18819675594568253,15.098421265371144,0.0,32.076574150285275,7.472778794285177,39.90390789415244,0.0,2776.3251463494507,312.3339368381308,395.43518570479847,298.37531259084506,106.07868885141471,nan,nan,nan,nan,nan
901,68,0.0,-62.2486421255239,1.369092445639073,-63.42746844764707,0.1622415760037131,,9.46159304305911,9.200161625631154,0.07549089379608631,9.124670731835067,0.0,6.5172562202987585,1.1457762421980482,31.713734223823536,0.0,1103.248937406353,119.0879101741875,148.3262127343601,140.33484928839252,40.873190865086116,nan,nan,nan,nan,nan
902,81,0.0,-61.51404084690462,4.001833111755984,-65.16638133021824,0.30827970732539006,,9.239082834683359,8.985153086483479,0.08957758732140064,8.895575499162078,0.0,20.750458392409577,3.4902113666852057,32.58319066510912,0.0,1316.6389897680408,173.81858424335255,218.72468783712026,146.0127849601363,89.07241428583585,nan,nan,nan,nan,nan
903,121,0.0,-68.20408636435354,9.233710523862259,-76.84638600949323,0.5269890754084398,,12.3350467691198,12.086776520125568,0.1335487850010395,11.953227735124528,0.0,24.475500366935425,5.303902057592199,38.4231930047466,0.0,1963.2993426595926,272.3341837469314,343.636473559051,209.39516892487697,153.32535741641695,nan,nan,nan,nan,nan
904,61,0.0,-62.28558388879518,0.4454149774614319,-62.512065654607866,0.18827788219660255,,7.463694208301604,7.22128436807543,0.06781160179525614,7.153472766280174,0.0,3.3117476190474995,0.4083010928087004,31.256032827303937,0.0,988.7336338210683,143.02659438212862,181.2570535754413,98.4861603499005,70.08315384421635,nan,nan,nan,nan,nan
905,84,0.0,-61.502430082994294,5.212089600689788,-66.33572332281301,0.34543277619932744,,12.095815466716886,11.85412150900811,0.09302716236561537,11.761094346642494,0.0,15.94515786623573,3.5547610974748074,33.1678616614065,0.0,1361.0601823875372,180.23908993968462,228.62377975695625,151.26468942540774,121.18871149991607,nan,nan,nan,nan,nan
906,68,0.0,-63.815610302025405,1.3610836700474487,-64.88035209453592,0.25219617698719926,13.65777587890625,10.85117640439421,10.246794624254107,0.0755409374833107,10.171253686770797,0.3016488254070282,9.77757413238256,1.4680349005248854,32.44017604726797,0.0,1102.5309680798737,173.83087026239895,220.68240943052854,111.31796244091271,80.01795459882915,nan,nan,nan,nan,nan
907,87,0.0,-60.36072713649786,5.689152899399222,-65.6138138276963,0.3914203266614612,,10.820731139741838,10.552905984222889,0.09810090158134699,10.454805082641542,0.0,24.779494653715926,3.866825566422922,32.80690691384815,0.0,1409.244424517907,199.082315107715,251.83868170291697,168.16281473126125,117.73757408413037,nan,nan,nan,nan,nan
908,89,0.0,-64.0355632280017,5.511026484987223,-69.20331982072014,0.31327262441416465,,12.172219105064869,11.921994627453387,0.098568269982934,11.823426357470453,0.0,14.794856861890747,2.9978695366029733,34.60165991036007,0.0,1440.8324346271909,179.28550603577997,225.02493320943108,152.39427605542105,95.44761031143864,nan,nan,nan,nan,nan
909,81,0.0,-70.42457871714545,1.4087740313603885,-71.5569978427931,0.236789406743074,,10.01203643437475,9.745791366323829,0.08922655321657658,9.656564813107252,0.0,8.635486356032766,1.0766275581098501,35.77849892139656,0.0,1312.5831315778692,167.14705874936013,212.26082630555075,143.42616486780742,87.9609912956971,nan,nan,nan,nan,nan
910,69,0.0,-64.76803289199606,1.0686885500781418,-65.61773854043875,0.18954308737753978,,10.164591130800545,9.894879018887877,0.07633519917726517,9.818543819710612,0.0,8.989662706217773,1.03577146843369,32.80886927021936,0.0,1118.581928025858,138.48210214273453,173.97741253678393,126.42490367129056,53.150360125071344,nan,nan,nan,nan,nan
911,128,0.0,-67.06306092079735,10.99366783743198,-77.36977948147364,0.6256963632168011,,12.147218111902475,11.910294978879392,0.14039254374802113,11.769902435131371,0.0,26.149803180400646,6.253426773014887,38.68488974073682,0.0,2080.9447542933353,295.38539755549573,374.01489480981286,215.96174554875188,163.16416050696608,nan,nan,nan,nan,nan
912,83,0.0,-76.4900738475846,0.8352437230440841,-77.05092659359748,0.23133779584582675,,13.608419544063509,13.327649195678532,0.09168631583452225,13.23596287984401,0.0,14.41622352712088,0.4789220845731429,38.52546329679874,0.0,1343.0116872833423,175.85329065117594,222.94865040044246,163.65449760878099,64.42284473975234,nan,nan,nan,nan,nan
913,720,71.36376447327122,246.83109137349444,170.17900444319443,81.7878047783399,4.785351564523204,,41.797430575825274,41.53648232296109,0.7858093455433846,40.75067297741771,0.0,42.23570653776745,23.150369563798968,30.469862084101262,10.588374809106403,11610.380771767912,1250.0283280598683,1746.2213088847363,1280.6454611469348,475.1963527643061,nan,nan,nan,nan,nan
914,61,0.0,-61.33959191714782,0.40439269591961996,-61.57458834234982,0.14560036543233928,,9.822170685976744,9.541009232401848,0.06776652578264475,9.473242706619203,0.0,1.5859875446760114,0.30416007141763524,30.787294171174906,0.0,988.872061611113,113.61571034864068,141.91448111316913,113.47557395530451,38.21702740832886,nan,nan,nan,nan,nan
915,94,0.0,-71.51664058010716,3.5576860762527476,-74.65313537296385,0.37351711567292356,,11.034699493087828,10.779026394709945,0.10368580743670464,10.67534058727324,0.0,14.448438695871095,3.008823475295965,37.32656768648192,0.0,1523.606561181267,228.54715769152176,290.30701012853115,158.02356419622618,117.07898638853457,nan,nan,nan,nan,nan
916,78,0.0,-64.28194738068827,3.057957697373264,-67.0049537009404,0.29574394653212205,14.82476806640625,9.525472960434854,8.966878158971667,0.08659419510513544,8.880283963866532,0.30740618985146284,17.84572230554616,2.2522215818715616,33.5024768504702,0.0,1263.9068585705693,178.42904602734197,226.013855880905,134.9007478139409,92.944699451294,nan,nan,nan,nan,nan
917,92,0.0,-77.94667835172373,1.73265890589534,-79.35586255463116,0.27810660998366177,,10.701269795186818,10.441777782514691,0.10300580319017172,10.33877197932452,0.0,9.429476116404553,1.281546306773027,39.677931277315594,0.0,1490.0936597241312,197.07189982664786,252.84510835624891,148.67631048241927,103.54683913340045,nan,nan,nan,nan,nan
918,720,66.56711377487889,204.71417941958825,154.6189500362225,54.55600123811939,4.111104432878134,,40.27990729082376,40.03288417775184,0.7866383818909526,39.24624579586089,0.0,41.98063473086576,20.299890923347807,39.289113155819194,34.103977340276124,11582.399999999929,1109.5676190553959,1619.7106777514382,1323.0287302040147,242.97529806112112,nan,nan,nan,nan,nan
919,96,0.0,-75.30101368009645,3.5658405319022792,-78.54568144950665,0.2813857786050672,,9.870687100104988,9.627062720246613,0.10578205063939095,9.521280669607222,0.0,11.614272601790232,1.8361013609599164,39.27284072475332,0.0,1553.1317721582984,168.67706522087687,217.09894498307818,152.3739416935443,73.96363562166975,nan,nan,nan,nan,nan
920,91,0.0,-60.999489215876864,5.987961382315085,-66.57624426945577,0.37589123105400396,,9.506315276026726,9.262744494713843,0.1003873236477375,9.162357171066105,0.0,24.571320626568383,4.3979902939879265,33.288122134727885,0.0,1475.5625200575323,198.06035572621738,249.31195916962778,149.67808647764684,113.04327158658334,nan,nan,nan,nan,nan
921,85,0.0,-70.04205419549174,2.928332094414798,-72.65932815272355,0.2781509354485266,,10.088747099973261,9.835156028158963,0.09347055107355118,9.741685477085412,0.0,11.778702839741557,1.8837582011450433,36.329664076361766,0.0,1375.9719598608176,174.46613904901352,219.75313147876594,147.91622278577694,66.34359237634266,nan,nan,nan,nan,nan
922,86,0.0,-71.99378321798696,2.5050837767249794,-74.19394914924733,0.27067736955150534,,9.491050549782813,9.245002938434482,0.09432278573513031,9.150680152699351,0.0,15.40144534627091,1.779934279517242,37.096974574623665,0.0,1392.4121117560253,177.08424860527046,223.7488451791887,155.43976557793695,69.96338621583891,nan,nan,nan,nan,nan
923,71,0.0,-61.02376136101361,3.0695629810088496,-63.74441076213925,0.30287816359078534,,7.741362296976149,7.500793607905507,0.07821555994451046,7.422578047960997,0.0,18.766308752092286,2.184456660496561,31.87220538106962,0.0,1149.8357836995037,179.03132964853387,227.9674370789165,134.70045021411877,91.68329913232522,nan,nan,nan,nan,nan
924,76,0.0,-67.58849971371949,1.7281735195284544,-69.00787205110763,0.26897579143901634,,12.05109950620681,11.77619150839746,0.0837714783847332,11.692420030012727,0.0,10.071161052348197,1.4651195828143724,34.50393602555381,0.0,1230.8809261062552,180.34950049529436,230.36711677125896,121.97408216041309,84.15071963729426,nan,nan,nan,nan,nan
925,87,0.0,-77.6910345442472,1.4689384729423223,-78.84403370440805,0.27431309526372927,,9.832074481993914,9.568277092650533,0.09573653992265463,9.472540552727878,0.0,3.8394837037234497,0.8674016431152579,39.42201685220403,0.0,1407.411092751568,193.721353540705,247.7736192384875,139.26095754657786,107.46596009151155,nan,nan,nan,nan,nan
926,101,0.0,-73.59978493241618,4.462383148194834,-77.59719410144729,0.4028446912810202,9.940771102905273,13.12719181459397,12.539661542512476,0.11105032823979855,12.428611214272678,0.31045683939009905,19.68152895272333,3.2689617451260036,38.79859705072364,0.0,1635.3645881159657,232.91610198372598,296.12303495307765,184.1044153964271,88.06311343955453,nan,nan,nan,nan,nan
927,90,0.0,-54.29213404887932,8.32395681865948,-62.185403875213325,0.39041682662632277,,9.491611213423312,9.251221681013703,0.10111995972692966,9.150101721286774,0.0,22.89814649222785,4.829521836656454,31.09270193760666,0.0,1458.9004322835046,181.80948642652447,229.38644670189052,154.78047897547813,62.149067853805484,nan,nan,nan,nan,nan
928,115,0.0,-69.88086321512105,7.956025637043425,-77.3262477668141,0.4581647395456314,,11.8298777397722,11.588325506076217,0.12717384658753872,11.461151659488678,0.0,30.375108618126003,4.52251211676183,38.663123883407046,0.0,1862.769654214129,243.1951479953897,309.930577805772,191.30971993034032,129.01522125465556,nan,nan,nan,nan,nan
929,122,0.0,-54.38000764889483,12.193919966532752,-65.89652799821843,0.6156928704632296,,10.96685568522662,10.74039327353239,0.13390326220542192,10.606490011326969,0.0,24.167265599199702,7.2578883568045995,32.94826399910921,0.0,1982.8438729140555,267.590749326517,338.69125255678506,209.16816236275636,105.65497197357635,nan,nan,nan,nan,nan
930,187,0.0,-51.433740180549364,21.836890774271726,-72.2442409105018,0.9483815461190555,,16.116222420707345,15.874492479488254,0.20520846545696259,15.669284014031291,0.0,34.48437599506137,9.324334794937103,36.12212045525089,0.0,3047.9563619058977,400.8467917824436,501.58703877780596,303.57136868835704,233.4304274936271,nan,nan,nan,nan,nan
931,72,0.0,-60.85313350039162,2.8972009194023842,-63.41054789151152,0.2973049699561046,,8.336355086416006,8.087122725322843,0.07923872862011194,8.00788399670273,0.0,9.907824910751026,2.1250819276539663,31.705273945755753,0.0,1166.5931068853104,177.09336511227568,227.98419155349177,112.10212809321912,108.59702633557563,nan,nan,nan,nan,nan
932,137,0.0,-53.221646367465894,14.459524902618318,-66.93378141425002,0.6885582405519927,,14.841361373662949,14.5716403555125,0.1506503513082862,14.420990004204214,0.0,26.616926334982917,7.763927537922645,33.46689070712501,0.0,2224.4946757886178,300.8756216624379,378.5073704741122,212.13675810965603,170.02006183033848,nan,nan,nan,nan,nan
933,134,0.0,-53.92502086163108,15.842025437946015,-68.98355100188516,0.7219043518798871,,12.082676116377115,11.847169804386795,0.14737748634070158,11.699792318046093,0.0,30.94227247754184,7.302204625403128,34.49177550094258,0.0,2170.128859014542,299.61736021311947,380.11909029585553,220.42293066623586,149.08497448208823,nan,nan,nan,nan,nan
934,146,0.0,-51.02230489379682,16.36876895531393,-66.50721460044785,0.8057894659169091,,13.732858542352915,13.484103788621724,0.1602624161168933,13.32384137250483,0.0,32.92792988278072,8.547774934505028,33.25360730022391,0.0,2374.3232646110555,346.9882555636301,437.9746550281608,241.54860950637087,205.4249852375909,nan,nan,nan,nan,nan
935,720,53.51122370552528,162.68462629902385,134.4051367291865,32.41279102917862,3.751148563695535,16.098918914794922,39.47562311030924,38.88725273590535,0.7857189252972603,38.10153381060809,0.3380477549508214,42.262110114533385,17.742927931007475,37.30482819093597,17.23615984931986,11590.384536298447,1126.195298974377,1583.6378506397868,1350.1198209920617,158.31954274554502,nan,nan,nan,nan,nan
936,137,0.0,-60.06312365465715,13.226466028691267,-72.48757569318953,0.7446593974712944,,13.420878934673965,13.186063088476658,0.15223552659153938,13.033827561885118,0.0,29.544487548953324,7.028857222701014,36.243787846594756,0.0,2219.8335354869514,323.7103219034997,414.7674197826743,191.15760706455862,235.4142363272316,nan,nan,nan,nan,nan
937,720,50.96492341353752,163.3405165194938,144.4146257529097,22.75537597487765,3.477909392586326,,42.755249557085335,42.50597240868956,0.7865071604028344,41.719465248286724,0.0,42.13387036256801,19.813489103069912,39.58723542609869,12.375068948439191,11606.383436212043,1041.0316225851093,1464.5544422263627,1370.0703676251744,165.2895450669161,nan,nan,nan,nan,nan
938,90,0.0,-76.81997330633007,2.2746351872777284,-78.74620133144904,0.30271051931288323,,12.769075185060501,12.484431334771216,0.09986841212958097,12.384562922641635,0.0,8.652824811442363,1.375642907245575,39.373100665724515,0.0,1455.5715215730993,197.59934401039095,254.22292836211324,151.9920106972212,133.99238502855815,nan,nan,nan,nan,nan
939,720,31.510700241849925,90.93630623923673,110.05631856304362,-15.249983665983223,3.5067808527460365,7.7604756355285645,40.898238399997354,40.32585845794529,0.7856949949637055,39.54016346298158,0.3334819655865431,42.220807968516084,15.238835893821092,39.13569207484154,14.092884337747646,11599.553956876529,1211.885789977577,1641.3343132159184,1271.4410576441364,338.56098338889615,nan,nan,nan,nan,nan
940,94,0.0,-71.78719309330613,3.8619763796999904,-75.28570069596515,0.3219184834424033,,10.642695928923786,10.38876473158598,0.1057356409728527,10.283029090613127,0.0,14.248531920838925,2.5007505837829855,37.64285034798258,0.0,1522.4615249479962,197.507441138484,250.07642170335015,152.3199160294612,107.18005742674248,nan,nan,nan,nan,nan
941,61,0.0,-61.33616551349563,0.35488535923691517,-61.50295996427363,0.16158729228417232,,10.324698355048895,10.02687712572515,0.06814712192863226,9.958730003796518,0.0,1.4063874632975917,0.31405392361952356,30.751479982136814,0.0,989.253570189267,127.18759262281851,159.75991155618078,116.69162383553628,55.755288050524555,nan,nan,nan,nan,nan
942,720,50.00268220732656,148.93304176546445,131.24483926203993,21.95804957708117,3.9490069822473735,,39.90426586382091,39.64895313885063,0.7862534001469612,38.86269973870367,0.0,41.01809326959602,18.077352536002987,39.02365741878597,16.19123205529919,11586.184690093687,1188.8638509284428,1686.7772933021581,1224.462831585548,431.6608175084737,nan,nan,nan,nan,nan
943,139,0.0,-67.79862205111986,12.28818071296179,-79.31741280677645,0.7050017016833053,,13.254756853915751,13.011476249434054,0.15283592883497477,12.85864032059908,0.0,26.959118542418224,6.06660501134411,39.65870640338823,0.0,2244.4097434729388,323.587433576262,414.9055599714597,209.50152834891702,185.6424894513471,nan,nan,nan,nan,nan
944,123,0.0,-56.72804057296821,12.5514397770278,-68.55727184452186,0.660155629507073,,11.038125932216644,10.80033652856946,0.13532807119190693,10.665008457377553,0.0,26.531572875041732,6.912710891269331,34.27863592226094,0.0,1990.5018695039269,285.98751558363307,361.63725153073756,209.3631114901096,127.01795106453072,nan,nan,nan,nan,nan
945,86,0.0,-75.00001439192992,1.8022327362784267,-76.52833687511624,0.2390865352615783,,10.565557422116399,10.33294509910047,0.09488154482096434,10.238063554279506,0.0,3.825533196098954,1.0457116653208343,38.26416843755812,0.0,1391.9011518680506,164.7370079640755,209.8301188819926,147.89395868196058,81.0269373757109,nan,nan,nan,nan,nan
946,110,0.0,-52.37150223349791,11.432749399889694,-63.168605621204065,0.5765637644213855,,10.742110860534012,10.511135041713715,0.12071865703910589,10.390416384674609,0.0,25.52474960003969,6.724826612003086,31.58430281060204,0.0,1782.901289743639,249.68608975078914,314.0958852072366,202.12031134104168,89.90570364847999,nan,nan,nan,nan,nan
947,84,0.0,-70.47077622445839,2.4815424271187547,-72.60266168938234,0.2975103742347596,,12.011418691836298,11.74603897985071,0.09280004166066647,11.653238938190043,0.0,17.49225084687475,2.1510165765146603,36.30133084469118,0.0,1361.1848680711255,193.04758246072709,244.29291212929712,153.2939062287943,81.65233035380226,nan,nan,nan,nan,nan
948,74,0.0,-59.761758079408295,3.02070005889407,-62.47844058157903,0.2696410959137644,10.849821090698242,9.469016228802502,8.903608039952815,0.08167811017483473,8.82192992977798,0.30385326221585274,17.467535788024083,2.5409504961751703,31.23922029078951,0.0,1202.5884247998022,166.0319187923776,208.8302884607005,120.97979313872268,101.74284476245144,nan,nan,nan,nan,nan
949,720,71.98323427850711,208.62783342109756,147.65851126330438,65.07924502658815,3.7748492817625086,,35.858065004460514,35.62853469699621,0.786799967288971,34.84173472970724,0.0,42.263406619987634,19.148486358024513,39.443611765213035,13.079067178069861,11593.372318918638,1118.1028435775838,1543.9157542072385,1331.9417519319848,224.57222901074755,nan,nan,nan,nan,nan
950,67,0.0,-61.002213135955756,0.9659145440770249,-61.76689827639079,0.1695560115100846,,9.177542014047503,8.906676102429628,0.07481816969811916,8.83185793273151,0.0,10.226329163393,0.8881444899067638,30.883449138195395,0.0,1088.3760588380683,123.86110652591623,154.79940577754937,127.81533015253088,42.59509189601409,nan,nan,nan,nan,nan
951,79,0.0,-61.85937327314699,4.111337458214427,-65.63041134929458,0.3031832999273125,,10.64191706571728,10.38422901276499,0.08727064356207848,10.296958369202912,0.0,15.23615285283549,2.778017161026042,32.81520567464728,0.0,1279.0354877664884,172.37936534437898,218.4648590262937,134.21249579074464,58.57618685253682,nan,nan,nan,nan,nan
952,154,0.0,-57.51010364988625,17.639510590545928,-74.25477470964739,0.8132970722965424,,15.77212514076382,15.503708932548761,0.16868877690285444,15.335020155645907,0.0,27.28980828570162,7.682171397256454,37.127387354823696,0.0,2490.113902234786,340.68762139658475,435.07884555529074,280.00745620091703,147.73210130004736,nan,nan,nan,nan,nan
953,108,0.0,-59.35441072811291,9.897532833813637,-68.8365051557522,0.36019382337602057,,14.998012514784932,14.708987577818334,0.11851987615227699,14.590467701666057,0.0,15.72449693427328,5.019491241097795,34.41825257787611,0.0,1745.4341004691612,181.17653683263543,227.53277627631357,215.34094682857676,26.30060628606251,nan,nan,nan,nan,nan
954,720,50.29689958143461,166.3453136468134,136.82131746446254,34.32291550267506,4.445689525934713,3.2088184356689453,46.50603571161628,45.845423644408584,0.7861151304095984,45.059308513998985,0.3766234777867794,42.248832686132175,18.41509728271281,33.13544183009708,22.038116807549535,11582.695992814379,1232.9466453525863,1788.0216868819773,1263.117250599199,428.93647103561995,nan,nan,nan,nan,nan
955,94,0.0,-51.89913589819129,9.268786301887124,-60.735842553625204,0.38529387997669196,,9.818319987505674,9.569190502166748,0.10389149747788906,9.465299004688859,0.0,15.389291185341058,5.317939217734362,30.36792127681259,0.0,1523.4153821566756,180.59233804897997,227.20365641203182,157.82633112165132,27.557202458414285,nan,nan,nan,nan,nan
956,93,0.0,-70.46837468439077,3.9678816638010703,-74.03136146249406,0.35433957039831576,,11.842138135805726,11.573924725875258,0.10291324555873871,11.47101148031652,0.0,24.299153256597975,3.0456885338491437,37.01568073124704,0.0,1507.1423237223441,215.8908067002596,272.8254649875879,162.22487983385219,80.79459891148393,nan,nan,nan,nan,nan
957,93,0.0,-65.32190577116744,5.496641079192618,-70.42169407407407,0.3489968979754457,,12.280961494892836,12.005306144244969,0.10236497968435287,11.902941164560616,0.0,18.335369566887174,3.6066687457482214,35.21084703703703,0.0,1505.666560385283,192.37532456542715,242.48694452813967,188.71300991885562,78.48746994889616,nan,nan,nan,nan,nan
958,157,0.0,-55.70421341902532,17.4753533153446,-72.3102402150372,0.7990599793276343,,14.71416658256203,14.472872411832213,0.17152524646371603,14.301347165368497,0.0,33.77631544564931,8.353248114552855,36.1551201075186,0.0,2553.867776634365,343.71804065994525,428.7053087493116,268.1754468069078,132.97034516744435,nan,nan,nan,nan,nan
959,720,49.117520516484994,150.51413088304216,136.48589430270434,18.723256537501356,4.332907534213632,,37.91266785748303,37.68154583219439,0.7823518021032214,36.89919403009117,0.0,42.16406016327804,18.881132242378428,39.755892247734316,21.14810053555657,11582.998401121638,1265.3377530202483,1803.3617776157305,1312.6677968083798,293.2852462355327,nan,nan,nan,nan,nan
960,112,0.0,-50.971410748292094,12.573490993267919,-62.860274275541116,0.6223814965546368,,14.101201690733433,13.809899363666773,0.12347648106515408,13.686422882601619,0.0,21.752467987592393,6.890982957091408,31.430137137770558,0.0,1813.5098764386153,258.40807204129345,327.36649563529255,200.08373807654598,68.48312470998036,nan,nan,nan,nan,nan
961,107,0.0,-67.49294315595216,6.593931286926824,-73.62913502738725,0.4172964234502439,,12.595968121662736,12.317029232159257,0.11799877788871527,12.199030454270542,0.0,28.291143109859576,4.476511194872484,36.814567513693625,0.0,1735.0789645538227,220.44632220729687,279.507211760525,160.5366386368098,98.51749770150873,nan,nan,nan,nan,nan
962,720,48.22313481132625,143.9965055091896,125.03569270878786,23.241369847845647,3.886814036981323,7.222144603729248,42.5862211631611,41.940853050909936,0.785779026336968,41.15507402457297,0.3987731793895364,42.21854015353214,16.69251634396392,36.60244988740343,9.24350350092553,11621.379670567127,1227.3745623028922,1680.746636579667,1355.8482728525726,214.84175538888002,nan,nan,nan,nan,nan
963,83,0.0,-56.31272665795896,5.536873439123597,-61.42670548481706,0.37627740942232146,,10.406221103854477,10.152021870017052,0.09253952093422413,10.059482349082828,0.0,18.38692503964632,4.453656241830284,30.713352742408517,0.0,1348.6546225877237,194.91914514734063,246.08245820590625,146.6322511717006,102.39132336105983,nan,nan,nan,nan,nan
964,85,0.0,-68.04350636450629,3.241190874864609,-70.90946713757884,0.32956123959775463,,9.939391422085464,9.693409541621804,0.0942825572565198,9.599126984365284,0.0,12.698949563006689,2.199175604163094,35.45473356878943,0.0,1377.806688981232,200.4295083973084,254.19190005117358,153.1844907567566,72.01834153199816,nan,nan,nan,nan,nan
965,720,70.89217456317462,213.32649158187778,155.8106358626808,62.09054076934261,4.196958888294082,,44.42512885015458,44.18508653063327,0.7860878212377429,43.39899870939553,0.0,42.26220519413823,20.702997413127434,39.846904178503316,24.38500793482044,11582.40667793589,1161.2991062895946,1649.9865259012015,1348.3095598913296,232.04306299992083,nan,nan,nan,nan,nan
966,84,0.0,-69.5469276005143,2.8197313875162835,-72.05669722187494,0.27231041174823084,,9.45408031065017,9.206252310425043,0.09323982335627079,9.113012487068772,0.0,14.380395143728087,1.7991206131602682,36.02834861093746,0.0,1360.2569298119572,174.8306783585532,220.74956829234782,157.07478828992302,86.72444177535264,nan,nan,nan,nan,nan
967,83,0.0,-61.2991844158506,4.641418940735702,-65.58220894135559,0.3249990433732636,,10.2092210855335,9.948828036896884,0.0920965364202857,9.856731500476599,0.0,16.576442953110597,3.5174995390634334,32.79110447067779,0.0,1346.0071474088015,183.67007847017626,232.80677546037896,131.29083052642198,86.39072350576451,nan,nan,nan,nan,nan
968,720,54.62893275735421,172.42875953665242,130.87512517133732,45.7501706294406,3.8508734701990948,6.380397796630859,38.40647353976965,37.84187734872103,0.7881233533844352,37.05375399533659,0.3277189889922738,41.98078485310243,17.422051135757595,31.753847442633905,16.89652775184466,11590.845607365824,1195.7792588117643,1644.7006380598757,1294.0508494958601,399.86735406117435,nan,nan,nan,nan,nan
969,720,55.66541321836489,173.8445535808765,140.00309270119413,37.92795403755167,3.7310113398327287,,41.31113610230386,41.09026375412941,0.7889253022149205,40.30133845191449,0.0,40.08353264726291,18.74736144156118,36.70143619958905,10.663473792731564,11598.614115404653,1120.1249700912542,1571.3492181267477,1360.7512833129986,178.79349974462167,nan,nan,nan,nan,nan
970,83,0.0,-59.878069006417576,4.871546387769501,-64.4058608780957,0.310540804165891,,10.686581797897816,10.430644605308771,0.09202305786311626,10.338621547445655,0.0,19.12003304872252,3.5676605325357915,32.20293043904785,0.0,1347.2030137390723,173.26521359871924,217.57647945106098,145.99370817836984,62.80319960607419,nan,nan,nan,nan,nan
971,110,0.0,-70.9006117375043,6.273537770824378,-76.6722563818526,0.44768746492267075,,14.470449541695416,14.18366118427366,0.12171959783881903,14.061941586434841,0.0,30.60476440241525,4.603219151319682,38.336128190926296,0.0,1789.09775036161,239.59701411100608,302.12367611397315,198.5494587977675,121.66093005280354,nan,nan,nan,nan,nan
972,136,0.0,-58.65530099870445,14.282463712387626,-72.20680402450185,0.6731001334059646,,15.753373838961124,15.478935657069087,0.15029003750532866,15.328645619563758,0.0,23.85484266619283,6.960096208189118,36.10340201225092,0.0,2204.3614428531396,279.80911790204215,354.0285880460938,244.0195135182934,128.85447814754394,nan,nan,nan,nan,nan
973,720,52.889976158713544,163.70843957520103,127.08234286124572,40.938191906133554,3.9606992358105444,8.841469764709473,45.99490235932171,45.40324183925986,0.787658903747797,44.615582935512066,0.34728447161614895,41.149600219214705,17.297845617122803,32.42088020564678,8.632127415104723,11638.062770874705,1295.2254264011228,1742.3312644053062,1316.2211640601345,388.7591605364044,nan,nan,nan,nan,nan
974,115,0.0,-62.15550218650966,10.090325133656517,-71.67534166693807,0.5087902406578505,,10.294484597630799,10.057924643158913,0.12749915197491646,9.930425491183996,0.0,28.927875713188584,5.644951941038313,35.837670833469026,0.0,1867.4977974472065,249.0691310712439,313.7500787815226,224.04848312569746,65.34274104812796,nan,nan,nan,nan,nan
975,720,65.87261831276172,199.906717480626,141.4361492561285,62.97922697296133,4.149706074611797,,38.489516521804035,38.26317519787699,0.7872039414942265,37.47597125638276,0.0,42.263528069801716,17.958591789044217,34.38300482628105,12.56082251001733,11594.26117548304,1218.0732631454152,1698.1695261429588,1360.3917393683184,190.972265883288,nan,nan,nan,nan,nan
976,66,0.0,-61.63684671126293,1.1745550522718111,-62.589886512633214,0.18904381814466284,,9.08409411367029,8.806797587312758,0.0735869100317359,8.733210677281022,0.0,7.3229567701958524,1.2052060399331175,31.29494325631661,0.0,1071.2456749569371,138.05083385356448,173.9990141010951,121.4537747683552,18.851994869503464,nan,nan,nan,nan,nan
977,96,0.0,-76.62395254464566,2.9943549951477375,-79.22626713830007,0.34614484929337513,,11.570961881428957,11.29567741882056,0.1062176339328289,11.189459784887731,0.0,21.51037801419758,2.457204421110481,39.613133569150044,0.0,1555.013430563597,218.0914587976722,277.61223610920877,166.762923138362,108.66932232829372,nan,nan,nan,nan,nan
978,182,0.0,-50.77160327943059,22.792505618186166,-72.44214451320016,1.0260613698864491,,14.716491260565817,14.472192133776844,0.2004671236500144,14.27172501012683,0.0,25.52476686793484,8.789072277779946,36.22107225660006,0.0,2943.2514624533414,400.76969698891213,511.1644358577272,331.66842191835013,146.53461570278017,nan,nan,nan,nan,nan
979,720,29.326482143238447,100.42476350519854,114.51216456184903,-9.816570348767392,3.9097783822549537,12.071211814880371,44.09948706254363,43.460802072659135,0.7860729107633233,42.67472916189581,0.37890592962503433,41.77383339708131,15.170152934307865,34.23476731762215,9.132521913859723,11635.130449238612,1344.7574670114786,1778.9420824275817,1300.8253470129541,334.5621143321781,nan,nan,nan,nan,nan
980,146,0.0,-57.39556176791851,15.469688264612873,-72.05642062440764,0.7372412370603951,,13.298491678200662,13.036237483844161,0.16208417247980833,12.874153311364353,0.0,26.716120253844306,7.5725277331307455,36.028210312203825,0.0,2367.4483473477235,320.8648686372264,407.3253941295872,244.7223910083316,182.12741786316346,nan,nan,nan,nan,nan
981,110,0.0,-62.69528003297977,9.207742432077033,-71.40875707657017,0.4475140332287402,,11.07445462141186,10.80990729201585,0.12100908439606428,10.688898207619786,0.0,21.27677962624168,5.082172135898716,35.704378538285084,0.0,1783.7768828285639,219.3403985725009,274.5458098065516,206.9248457652262,67.73736307154144,nan,nan,nan,nan,nan
982,720,35.06740282569973,134.2058249129973,128.87300727910477,9.73527551818836,4.019607167584737,,39.497588912025094,39.255972949787974,0.7865375466644764,38.4694354031235,0.0,42.26171072062563,18.010147213629168,30.19976506660555,10.110605225610717,11614.026061713483,1245.6255222772447,1723.3048281088554,1344.9628476849593,287.73422852011765,nan,nan,nan,nan,nan
983,720,32.765954104956464,106.2754714799359,117.61652890463178,-7.493602901292064,3.4922427830892913,10.134029388427734,37.14330074377358,36.58126960415393,0.7837234735488892,35.79754613060504,0.3237486146390438,42.263655091867534,15.62136660503805,36.512755555602496,17.953025464250324,11587.073649431637,1158.6704052927987,1592.8357608892923,1327.0484248249559,292.11891861336363,nan,nan,nan,nan,nan
984,155,0.0,-64.01087643964071,15.247327204512658,-78.38155502588984,0.786463114292537,,14.62609379645437,14.387723678722978,0.17106841038912535,14.216655268333852,0.0,28.58506442521295,7.30051659518288,39.190777512944926,0.0,2509.0538079861,353.5858104764684,449.96574471003714,289.22841770542806,128.7320920031496,nan,nan,nan,nan,nan
985,75,0.0,-63.8972831287974,2.389017799759861,-66.04465534595522,0.21320543244359624,,8.313095116056502,8.081748814322054,0.0826724274083972,7.999076386913657,0.0,12.341323763387322,1.6188740026321902,33.02232767297761,0.0,1215.464958520264,134.81957897209142,169.88076603202953,133.57540830949947,70.60810249088159,nan,nan,nan,nan,nan
986,720,50.1573486898093,170.46442539838617,141.61046502413956,33.8326790223383,4.601605309685216,,41.44007519073784,41.19916307646781,0.784071534872055,40.41509154159576,0.0,42.08457517441728,18.689769229358376,33.24100917864015,21.89222219640992,11582.869913921935,1271.2789202230144,1806.6178106276304,1336.7505859976677,363.7975132931488,nan,nan,nan,nan,nan
987,720,46.630466579563986,135.45438355910332,123.21969529695792,16.203817462497312,3.60555069135624,13.47708797454834,43.166489883325994,42.60859745182097,0.786204562522471,41.8223928892985,0.33685281313955784,42.23564390448913,16.851766521178718,38.528557848315366,9.624186489944515,11619.921547678987,1184.833562596401,1632.2528361427012,1318.9392371073393,289.4434767363938,nan,nan,nan,nan,nan
988,93,0.0,-59.23451132136167,7.151424050172811,-65.92595725194238,0.4108518803267816,,10.625311861746013,10.3750588754192,0.10367085039615631,10.271388025023043,0.0,20.909451262685916,4.697925533126776,32.96297862597119,0.0,1509.1786333893833,208.19418187025863,263.61255712903045,171.05255356603342,104.72701855034587,nan,nan,nan,nan,nan
989,720,38.76429397676876,124.2145756914769,122.62850674507577,5.492368074091047,3.5218067097573797,,41.09706096816808,40.85129501577467,0.7848987551406026,40.066396260634065,0.0,40.50410166113276,16.3075645855627,36.01810993972324,19.425584990923642,11585.135750615796,1120.9863860402263,1573.5517569147967,1328.5647023666347,119.41234328472525,nan,nan,nan,nan,nan
990,119,0.0,-58.251487007735214,11.811357043683499,-69.49405593847008,0.5072955980467223,,9.871324476785958,9.633455676957965,0.13045809417963028,9.502997582778335,0.0,21.885753123652155,6.177154283001661,34.74702796923504,0.0,1929.530467501682,230.19132233901215,291.3891994357316,200.76664253792578,84.65828264519439,nan,nan,nan,nan,nan
991,720,52.01066756310645,178.22829174164315,139.3096396696703,43.58873140891242,4.302435036823305,4.97648811340332,42.542776461690664,41.96145954262465,0.7919145273044705,41.16954501532018,0.33565651532262564,42.26377853897621,18.56683229428289,30.21630185865025,9.712557922603676,11622.995580935052,1307.8132136697488,1782.58876902091,1284.490130447097,449.50943063478803,nan,nan,nan,nan,nan
992,163,0.0,-41.37454380375886,21.942619469535757,-62.53790350171155,0.6977241820912745,,12.600896082818508,12.356900775805116,0.18046590592712164,12.176434869877994,0.0,18.76861575032722,9.081048337227651,31.268951750855777,0.0,2638.417926969373,290.074692406555,362.6930523846646,298.44746628398497,51.792880078439545,nan,nan,nan,nan,nan
993,80,0.0,-72.16127995728976,1.2837664335915095,-73.14931848305389,0.25355984574778795,,11.677793363109231,11.406271263957024,0.08869969006627798,11.317571573890746,0.0,6.330883955137198,1.0327608945516071,36.57465924152695,0.0,1295.0660969941728,178.5403561991772,227.54522288894634,145.13937795808522,57.18131767372518,nan,nan,nan,nan,nan
994,104,0.0,-58.929745867702266,8.671668138221685,-67.04080101750745,0.5031019580880189,,11.372884632088244,11.114578935317695,0.11481117736548185,10.999767757952213,0.0,23.12637902559389,5.349250899604714,33.52040050875373,0.0,1683.2098153339236,242.83663254001885,307.64856656608697,188.19073526322785,76.44829331877816,nan,nan,nan,nan,nan
995,125,0.0,-69.39736270531394,10.724354311386747,-79.49993542334886,0.561333765846401,,12.961247811093926,12.706161017529666,0.1375686852261424,12.568592332303524,0.0,19.488700625362437,4.951927982850451,39.74996771167443,0.0,2021.2248089173324,261.51415620537836,337.7859616987111,195.18593481123386,105.58060146118765,nan,nan,nan,nan,nan
996,97,0.0,-57.18145273773693,7.970695795283263,-64.59421335440062,0.4956189546620857,,11.458160536363721,11.20008793938905,0.10732891596853733,11.092759023420513,0.0,25.233315171299225,5.434264426099095,32.29710667720032,0.0,1572.3992507856412,234.0773634008929,295.88438015729076,177.1113712660384,87.84859395925868,nan,nan,nan,nan,nan
997,112,0.0,-53.36428659745682,11.155721806751282,-63.93585858890336,0.5295164905233112,,12.47593508195132,12.212784027680755,0.12384615745395422,12.0889378702268,0.0,23.591686951141124,6.778782217876008,31.967929294451658,0.0,1818.1456869850333,237.64647898337947,298.5499157313559,194.55669643101115,124.90142524934939,nan,nan,nan,nan,nan
998,77,0.0,-67.78705146529305,1.8823945505292807,-69.39214314048243,0.23711762270405495,,10.955090418457985,10.693434372544289,0.08599435724318027,10.607440015301108,0.0,8.1125185597375,1.3908947292958709,34.69607157024121,0.0,1247.5841818122233,161.5268266585462,203.64900492912346,144.84354953781155,42.368599419358745,nan,nan,nan,nan,nan
999,154,0.0,-64.81430484485472,14.814571335110887,-78.8313242738207,0.7227857664436476,,13.474066282622516,13.239094376564026,0.16986622475087643,13.06922815181315,0.0,33.50060888560856,7.2980376699063,39.415662136910356,0.0,2505.7590866107557,335.0807511844407,422.644774296191,261.0186406078173,131.0300884030536,nan,nan,nan,nan,nan
1000,98,0.0,-68.1324229361806,5.237589215696284,-72.93152481620392,0.3879912133763666,,12.232535518705845,11.949736698530614,0.10936931148171425,11.8403673870489,0.0,21.58540926355831,3.5910038560881126,36.465762408101966,0.0,1587.1534465921898,224.1341324201679,284.43102678443995,174.4987286400869,110.30675864303825,nan,nan,nan,nan,nan
1001,71,0.0,-66.09259742964993,0.9809024898801377,-66.87310684048762,0.1634349844089999,,7.664490323513746,7.41441688220948,0.07975497003644705,7.334661912173033,0.0,2.667825248006312,0.7707509352837378,33.436553420243804,0.0,1150.2175608932948,122.59500431982654,153.1860107630417,142.12041759915567,26.669188302735748,nan,nan,nan,nan,nan
1002,720,54.44333848189249,164.79112409594657,129.1063803553654,39.71928358337999,3.681200315938134,13.502612113952637,41.696911193430424,41.08612068463117,0.7957918383181095,40.29032884631306,0.3634584341198206,42.2525639617315,17.978471928261417,34.5836966902025,12.607963988696067,11606.955646496834,1169.3844575920998,1617.6295523574927,1280.0304229218855,316.12429719708535,nan,nan,nan,nan,nan
1003,88,0.0,-54.96583631503241,7.435143358247948,-61.89695955988006,0.44994933905367845,,9.08238067664206,8.852095263078809,0.09901806060224771,8.753077202476561,0.0,21.592205605501896,5.125761316307592,30.94847977994003,0.0,1430.2903315732156,210.0216615113498,263.5605869480033,164.7960898272046,90.40326845939298,nan,nan,nan,nan,nan
1004,97,0.0,-61.34419158338743,7.772242876385108,-68.6716823725833,0.39676688341900035,,10.647569045424461,10.38737493287772,0.10828067734837532,10.279094255529344,0.0,15.523058066169867,4.254157723317577,34.33584118629165,0.0,1569.2574185047697,203.84049957904853,257.33590045110844,183.5763874040486,100.62118489867476,nan,nan,nan,nan,nan
1005,72,0.0,-57.353294276351605,3.385027933573582,-60.4303652206757,0.27267581000369556,,8.293921724893153,8.048583900555968,0.07994773797690868,7.96863616257906,0.0,14.139660286211141,2.8980435631532653,30.215182610337838,0.0,1169.7383918785808,156.7525168243395,197.4445799465923,117.0047062523068,75.07640494350575,nan,nan,nan,nan,nan
1006,93,0.0,-71.43866481769449,4.119798145702561,-75.17142694576215,0.33886736716283244,,13.197488995268941,12.926089835353196,0.10315456707030535,12.82293526828289,0.0,20.397675014843053,2.8435148136818444,37.585713472881075,0.0,1508.6462935826548,195.18343549055552,246.4380866904363,170.49420137922516,7.919784632134691,nan,nan,nan,nan,nan
1007,71,0.0,-65.73130538908686,1.3861594440257181,-66.85820546401587,0.2210773202944483,,9.014438729733229,8.763853241689503,0.0791793242096901,8.684673917479813,0.0,4.459374681020229,1.0146688800978059,33.429102732007934,0.0,1150.1557610679652,154.4703728308912,195.41071658784196,130.86348218873385,72.32761826168675,nan,nan,nan,nan,nan
1008,720,54.68503924054444,162.32460356857803,130.01841257830597,36.94784623556322,4.2712535980631,,43.96725263725966,43.73302532732487,0.7895595319569111,42.943465795367956,0.0,42.094206107183695,17.873355000657877,36.211116122762824,11.314929362195564,11598.193549317806,1275.6836028825896,1794.975614475815,1293.7243169783435,466.2472622454813,nan,nan,nan,nan,nan
1009,74,0.0,-60.16460035246267,3.204845357754815,-63.04196241585546,0.29023477245500356,,7.85493113938719,7.627138792537153,0.08222063165158033,7.544918160885572,0.0,18.935564588755934,2.628165644394626,31.52098120792773,0.0,1199.6121870473619,167.45858432740212,212.13545627645718,125.31537678110543,76.63861789349917,nan,nan,nan,nan,nan
1010,105,0.0,-55.738125371273625,9.376368252947044,-64.67013089518765,0.39596738858802755,,12.73525114916265,12.46737390756607,0.11666633747518063,12.35070757009089,0.0,21.2921421494173,5.688778268613493,32.335065447593834,0.0,1701.0845306263454,199.2649298684404,248.3494389365709,200.63879905251807,45.141090106278426,nan,nan,nan,nan,nan
1011,83,0.0,-69.62122261605856,2.438171821118862,-71.73249865226329,0.2846340048485509,,9.720851036719978,9.468096362426877,0.09249431174248457,9.375602050684392,0.0,9.36262218533003,1.6958882728315523,35.866249326131644,0.0,1344.733483208162,185.45700483543203,235.14835508345203,150.53520259950636,97.30745707177849,nan,nan,nan,nan,nan
1012,720,73.36491090834579,215.47892888061864,148.50597120962954,71.33505318474246,4.004231241350046,8.488338470458984,40.48590926267207,39.813995867967606,0.7901317244395614,39.023864143528044,0.4006877476349473,37.79816435929942,18.852284329372758,37.69738431597456,21.10504469427954,11583.490912742696,1148.395320803551,1618.4959137810265,1363.8437107326204,125.07703925306106,nan,nan,nan,nan,nan
1013,75,0.0,-66.86146097537595,1.5624508168600968,-68.15517453467399,0.23364185214235209,,8.795227150432765,8.536699425429106,0.08470419328659773,8.451995232142508,0.0,6.096496735317206,1.206260362928003,34.07758726733699,0.0,1215.646928121531,164.3543835002128,207.43965803279008,124.54326660364988,86.92303630175434,nan,nan,nan,nan,nan
1014,85,0.0,-61.03968438887878,4.998906150869098,-65.73375183666165,0.27026978961665593,,11.699336751364172,11.423406965099275,0.0955863855779171,11.327820579521358,0.0,22.304903471497454,4.0188571439339125,32.86687591833082,0.0,1383.0674998372556,162.99766001881238,203.1268220860172,150.42751666190102,46.46443452755297,nan,nan,nan,nan,nan
1015,720,39.21161829467948,121.35258392534571,116.85361838425305,9.073832005122,4.224840213951165,,43.62473461497575,43.37741023674607,0.7875217013061047,42.58988853543997,0.0,42.26363517142005,16.140444868905295,34.67470229211848,10.257062581057408,11614.581088547286,1346.0202169126903,1846.6761382264087,1263.3700370923116,456.2525090802055,nan,nan,nan,nan,nan
1016,79,0.0,-67.19998938952028,2.1087765171142077,-69.02222735186812,0.2551942663234343,,8.985599763691425,8.740253999829292,0.08746648952364922,8.652787510305643,0.0,15.184318940167499,1.6252385806780274,34.51111367593407,0.0,1279.8544101038556,170.77559768053487,216.845885218,121.10392336766532,92.28113985283744,nan,nan,nan,nan,nan
1017,111,0.0,-62.46655636700744,9.01250589875125,-70.88190317866624,0.5311211500878659,,12.70230839960277,12.440067183226347,0.12272727116942406,12.317339912056923,0.0,22.241696813774862,5.376532674830744,35.44095158933311,0.0,1796.9483353757232,261.1343510501103,331.60901280428624,198.06832212224498,123.30995210409284,nan,nan,nan,nan,nan
1018,720,25.797760874039316,79.92169659690487,106.28127143759976,-21.948914414116608,4.05744333436777,6.822558879852295,42.02493916079402,41.43466359935701,0.7876670556142926,40.646996543742716,0.3296755738556385,42.004685099953875,15.157589254201698,36.77221808109762,10.044972785590605,11613.486157013158,1385.803272701605,1893.0590094744587,1264.31910386341,443.92317971100124,nan,nan,nan,nan,nan
1019,98,0.0,-64.7996794924883,6.115556490182679,-70.45590387830892,0.4075063059901904,,9.710150638595223,9.470997642725706,0.10923872049897909,9.361758922226727,0.0,16.80188054553008,4.068255962126423,35.22795193915446,0.0,1585.8369245792192,210.37589657542512,265.76441257847074,188.2175088878902,58.94429993209595,nan,nan,nan,nan,nan
1020,720,58.84805736220498,194.95247474138282,158.2300947320537,41.63790869207379,4.560046811287865,,46.27014838159084,45.968767629005015,0.7886489247903228,45.18011870421469,0.0,42.263562724431544,22.02906078385377,38.02910301616809,22.29020512688229,11582.63645763195,1196.1392704700495,1730.6669229985534,1317.8882540268244,165.41589088147182,nan,nan,nan,nan,nan
1021,138,0.0,-54.051687011866974,15.379095738299698,-68.57945239004799,0.7685412702273888,,14.569087523035705,14.318157344125211,0.15200894232839346,14.166148401796818,0.0,27.74795667779214,7.99406732531838,34.289726195023995,0.0,2241.6105352174586,332.32871740879324,420.15090859022536,232.8838890682172,117.49383176622192,nan,nan,nan,nan,nan
1022,720,17.02870832661659,68.36105542085012,108.22726664583942,-35.8018033564612,3.7142052643367958,3.988206148147583,39.82855071686208,39.25177124608308,0.7869918365031481,38.46477940957993,0.3401804715394974,41.421857512873174,14.214333732488765,34.92961000484719,16.575448957924788,11586.957696242338,1308.3846762415085,1745.5263699897246,1270.1525712347975,331.33047815905286,nan,nan,nan,nan,nan
1023,84,0.0,-66.56663175771351,3.572013775417153,-69.7986941719123,0.29637886886277265,,9.423804387450218,9.18182067386806,0.09460089076310396,9.087219783104956,0.0,12.81053333623539,2.480872325120996,34.899347085956144,0.0,1361.0859126208709,181.62898090312214,230.23320519892962,151.5370030850234,70.65009770162473,nan,nan,nan,nan,nan
1024,170,0.0,-61.86934599398154,16.337057522882795,-77.27135561931482,0.8413090200573825,,16.070274475961924,15.791619441471994,0.1884992215782404,15.603120219893754,0.0,28.068868260334057,8.114500269768815,38.63567780965741,0.0,2761.1691826133583,384.2767414613702,484.6127570392201,315.26058142419856,166.7189917502437,nan,nan,nan,nan,nan
1025,79,0.0,-68.897320512818,1.6016626456832996,-70.24887289203559,0.21709281281138457,,11.366994455456734,11.088723687455058,0.08798010554164648,11.000743581913412,0.0,7.435595170343057,1.1431408947518233,35.1244364460178,0.0,1279.345738263796,148.5405774369536,189.4996163070449,134.1883221017829,56.5282953072898,nan,nan,nan,nan,nan
1026,720,34.306367050812355,108.98178256262295,114.2646405710118,-1.0241698923905176,3.933625328900593,,44.0032006893307,43.75907866936177,0.7893988080322742,42.969679861329496,0.0,42.218569599559196,16.046115689730694,34.8184519970076,12.850611281225188,11600.637565698427,1252.7559436487516,1715.8014840330543,1360.1909579655526,469.0128917880353,nan,nan,nan,nan,nan
1027,119,0.0,-65.61541656635258,9.013470266675759,-74.17255579802443,0.4007739897271044,,13.030311757698655,12.760966750793159,0.13281342014670372,12.628153330646455,0.0,15.13267216411128,5.010344453487064,37.08627789901222,0.0,1923.1592017353291,198.6065356710734,252.13199989483923,211.65948162710828,70.47112382963626,nan,nan,nan,nan,nan
1028,112,0.0,-50.820294600870945,11.788951209622093,-61.96743390574633,0.5787890141412108,,10.716716206632555,10.481901120394468,0.12517708539962769,10.35672403499484,0.0,30.140498222714378,7.291943544719286,30.98371695287316,0.0,1819.93671449478,257.43270119273194,323.93836295152335,201.21224944818206,85.60566776211581,nan,nan,nan,nan,nan
1029,720,65.67144324049102,221.97994185904759,166.68079473780978,59.88600392839169,4.242120310234229,6.618905544281006,42.954899586737156,42.310711468569934,0.7954650446772575,41.51524642389268,0.38177355099469423,42.17171721071196,22.530032186681524,35.72844127629517,17.343614393166256,11587.233128400421,1074.8757366127109,1572.0908329781075,1327.5904549652407,153.81064896415393,nan,nan,nan,nan,nan
1030,113,0.0,-62.167869165164674,10.00629298637755,-71.63755960530868,0.4856471828504054,,15.236461441032588,14.960850175470114,0.12751798331737518,14.833332192152739,0.0,26.672556595949683,5.256223325714709,35.81877980265433,0.0,1828.0086748610663,241.91088735111796,306.06325002960955,200.97993782943442,103.26629701087161,nan,nan,nan,nan,nan
1031,720,15.173278087989669,76.88644986063275,112.08242152956478,-30.705588722366407,4.102349181076927,,38.542220866307616,38.288384021259844,0.7938154134899378,37.49456860776991,0.0,42.24746311610655,15.223428539964743,30.52607244917287,12.578527920208316,11597.142403601387,1333.957718165103,1830.6588815537868,1353.1987763363247,308.53793026853253,nan,nan,nan,nan,nan
1032,69,0.0,-63.02321528205457,1.9717387805237294,-64.67755188634302,0.2759568745409417,,8.193282682448626,7.968366120941937,0.07681062445044518,7.891555496491492,0.0,15.57282177904254,1.432618583132474,32.33877594317152,0.0,1118.1028703483514,170.74459399860677,218.84085622573875,105.00636794340224,74.97822311169612,nan,nan,nan,nan,nan
1033,119,0.0,-63.25156073341792,9.363270407673657,-71.96101246621186,0.5958505299274208,,13.806794944219291,13.531044161878526,0.1315294001251459,13.39951476175338,0.0,26.95887083746114,5.8099894380051404,35.980506233105935,0.0,1932.9230687965953,288.7060927834776,365.91262061466495,184.60633836765479,144.1109871400438,nan,nan,nan,nan,nan
1034,720,57.312484186678056,166.85144865051828,134.65847271208094,36.78022379546023,4.222430083082501,3.2100470066070557,47.80486252345145,47.2643826501444,0.78978999145329,46.47459265869111,0.3290931899100542,42.05452196109616,18.070931896680175,38.92237228894794,17.852503584519596,11585.018212433159,1240.1459589313638,1738.6493759631594,1322.1522249317804,267.5293886538885,nan,nan,nan,nan,nan
1035,83,0.0,-61.30069763934769,5.8368662446063135,-66.75939896490034,0.3429306927736366,,8.946973372250795,8.724772652611136,0.09358544182032347,8.631187210790813,0.0,13.894753095547426,3.2865701684324815,33.37969948245017,0.0,1343.4066975725334,178.1491188162749,225.07325516539777,139.88251841844692,101.45055706624309,nan,nan,nan,nan,nan
1036,92,0.0,-64.78100686526298,5.336570805108049,-69.69074504183524,0.3817079417749788,,11.885753666982055,11.62016593106091,0.10278610605746508,11.517379825003445,0.0,21.4312480756826,3.7639023499751967,34.845372520917614,0.0,1490.4080453876236,210.34210165388492,266.1627690298361,166.22694595629864,85.49309299575422,nan,nan,nan,nan,nan
1037,105,0.0,-71.5167048604217,4.68980713950074,-75.91984147101348,0.25095945563074523,,11.739586099050939,11.475851161405444,0.11656320001929998,11.359287961386144,0.0,10.373901647015213,2.757196675939786,37.95992073550673,0.0,1702.188800910164,155.27061989549063,194.4814622687981,196.71307553873947,32.02232284746952,nan,nan,nan,nan,nan
1038,720,41.62098045947089,139.97160420475268,133.32391238700728,10.848548210873346,3.8367806097655905,,44.133855757303536,43.86501511000097,0.7897168388590217,43.075298271141946,0.0,42.26351579830634,18.230792380365962,36.19670635403421,10.919462459852047,11616.99956636778,1181.2030699553618,1635.7080070898826,1332.182520683914,182.33861774546705,nan,nan,nan,nan,nan
1039,720,80.76150372365247,266.37058268196523,172.1082185216185,98.88269527961074,4.2725799605176205,7.863895893096924,36.93774111010134,36.34533050097525,0.7880631340667605,35.55726736690849,0.3270705286413431,42.26268331635203,22.247960233099448,31.3201560838471,15.596037691105217,11594.937876762608,1079.3239549602179,1550.4415175733411,1293.5949353365409,112.60458968146764,nan,nan,nan,nan,nan
1040,720,74.75366295073864,244.4201265043783,161.942247480254,86.92641044463475,4.100106744284902,,39.941793689504266,39.70720938406885,0.7901865607127547,38.91702282335609,0.0,42.26367471948625,21.373091062045752,31.290457728421263,13.165530183985469,11592.57731346739,1087.2716013756103,1558.7104281783554,1369.6091928916978,202.99487061481645,nan,nan,nan,nan,nan
1041,65,0.0,-59.605332800023206,2.0480562162934506,-61.40848685315007,0.21923993275007955,,7.425073659047484,7.197590726427734,0.07245023548603058,7.125140490941703,0.0,7.9441811495769326,1.5101745098560335,30.70424342657504,0.0,1054.1892436709754,144.22380291853048,182.94649177232787,94.59561003886054,58.22746534692958,nan,nan,nan,nan,nan
1042,720,81.62220059579991,237.86481965059392,154.25586953585534,88.40356687342982,4.405120476063177,5.903751850128174,38.10854750499129,37.586531629785895,0.7882013218477368,36.79833030793816,0.28846054803580046,41.94915218814898,20.090236695456667,37.420417159085,15.34659792153098,11590.239884329207,1202.1111892489555,1703.7639255251383,1314.2500379044689,250.58840895991668,nan,nan,nan,nan,nan
1043,720,56.29533962455405,169.18468938563637,130.89033068554485,42.288445124843705,3.6426370877281964,,41.17673899792135,40.91271706670523,0.7917192615568638,40.12099780514836,0.0,41.03053630756155,17.865360201855943,35.15111706213219,11.993657430393275,11595.412228065707,1116.3819347276728,1553.6172477266327,1345.724981775494,201.3859816164449,nan,nan,nan,nan,nan
1044,275,0.0,-42.346499708785316,34.82965867880518,-75.89751022836458,1.1536766833362544,,18.913435377180576,18.656617655418813,0.303168841637671,18.353448813781142,0.0,34.98799727553164,10.322986644405137,37.94875511418231,0.0,4461.05276557752,474.2060992539714,592.9476623565304,490.3579344348282,114.7031213139269,nan,nan,nan,nan,nan
1045,89,0.0,-68.11028792245972,3.8618274840302655,-71.57146977658971,0.34794795842664955,,10.340525052510202,10.086361339315772,0.09906785190105438,9.987293487414718,0.0,9.084634153777928,2.920894452429778,35.785734888294854,0.0,1441.2875239002838,207.1902805747984,263.9604836047843,170.22161842258853,96.18405314504028,nan,nan,nan,nan,nan
1046,720,53.83707849499522,182.05116212416561,155.55307261832388,30.921473768353152,4.065562116741297,4.242290496826172,43.934525426477194,43.352467306889594,0.7922848761081696,42.560182430781424,0.36309912893921137,42.26368395032452,21.40308199239978,38.37634161081864,11.289194182374622,11603.053541489027,1141.2016208223758,1605.0834428676521,1322.6032779160284,211.94537496973945,nan,nan,nan,nan,nan
1047,79,0.0,-62.569178256390174,3.7387522514009826,-65.96876066785447,0.2953150360661908,,9.244049342349172,9.001188137568533,0.08834073785692453,8.912847399711609,0.0,11.023595458298656,2.741799317640703,32.98438033392724,0.0,1281.275519805081,175.5879169329275,220.89938131182487,157.15537141229171,53.86512998666625,nan,nan,nan,nan,nan
1048,84,0.0,-78.99255678428273,0.29425715350203757,-79.02072640297979,0.2247884292843849,,11.469090934842825,11.198347837664187,0.09393548779189587,11.104412349872291,0.0,2.689802608053258,0.16109557903238678,39.510363201489895,0.0,1358.9595793493002,175.88641954712784,223.31347501394956,164.09729267533098,53.65133539047494,nan,nan,nan,nan,nan
1049,106,0.0,-64.48712686882531,8.067783312900366,-72.02669247053485,0.4724249967895078,,11.521642675623298,11.270236267708242,0.11699631251394749,11.153239955194294,0.0,26.797714848558176,4.780276499563724,36.01334623526742,0.0,1716.217370185212,242.41704415782698,305.74881232692206,197.33094810088318,117.17297090553146,nan,nan,nan,nan,nan
1050,125,0.0,-66.28073620794882,9.074362358422558,-74.79777029216763,0.4965906523962586,,13.149179327301681,12.867469683289528,0.13747623190283775,12.72999345138669,0.0,21.000620896615537,5.240673612443366,37.39888514608382,0.0,2025.9793006875184,260.3642712987016,329.3287946876673,222.10851345032674,99.94586268337756,nan,nan,nan,nan,nan
1051,720,55.5962952594188,168.35824355697702,133.2231991736993,39.61096663617029,4.087947433686269,,41.89037589356303,41.637882152572274,0.7867720648646355,40.85111008770764,0.0,42.25005401815832,18.301828416841982,35.790811941333665,11.86534738905943,11600.217965286536,1213.1039405184779,1708.1293419349804,1350.7751624713123,311.5992921798467,nan,nan,nan,nan,nan
1052,103,0.0,-72.01704700105375,4.9636306919408675,-76.5614024956241,0.36856777832383175,,12.762093753553927,12.482838184572756,0.11390061397105455,12.368937570601702,0.0,19.539870950644012,3.4351628589077032,38.280701247812054,0.0,1670.9206312186998,210.0509883741504,266.79512470051293,156.68572891690346,60.37074928908587,nan,nan,nan,nan,nan
1053,63,0.0,-60.53472089710183,1.2448368339405067,-61.55087852943147,0.19773237871099342,,11.110910154879093,10.810234802775085,0.0706761721521616,10.739558630622923,0.0,7.707467511615289,0.9670415975578587,30.775439264715736,0.0,1021.9431112078307,135.67575883999697,170.93471404741132,109.41304888054468,66.87094482356302,nan,nan,nan,nan,nan
1054,720,27.97697205727092,97.36847569004117,111.47727116428143,-10.18238853214433,3.5599216177042314,11.538461685180664,47.15889052674174,46.54455292690545,0.7887860797345638,45.75576684717089,0.36497989390045404,41.78999644320515,15.161662023729257,33.068166323343064,9.166681936195143,11615.569690566888,1243.3805974838642,1661.9544529841262,1323.0721632948441,292.8397871714056,nan,nan,nan,nan,nan
1055,92,0.0,-75.41290985698704,2.732580186200535,-77.76513982888254,0.3273753364755037,,11.743838276714087,11.478004396893084,0.1034053498879075,11.374599047005177,0.0,10.34084454821167,2.0024053083339446,38.88256991444127,0.0,1489.845651481925,211.74019851034288,269.64397471520493,164.8489079104327,90.3124904873843,nan,nan,nan,nan,nan
1056,720,56.09175073320656,162.21113930871135,133.12018290981422,33.97387919794687,4.505332393344615,,39.31776521541178,39.06793086603284,0.7899112422019243,38.278019623830914,0.0,42.26339620789067,18.463012914287965,39.10481113423312,15.696238354643924,11591.938520495742,1333.1326482687352,1862.0619088813116,1306.8468181019593,414.7947528182174,nan,nan,nan,nan,nan
1057,84,0.0,-67.62646559935214,2.883784332489051,-70.21102309017417,0.2609870798864985,,12.890632576309144,12.597964277490973,0.09354148246347904,12.504422795027494,0.0,23.046115116572693,2.2503111475401605,35.1055115450871,0.0,1364.0448519658355,174.3200691026747,220.32504020861722,143.67496409515553,102.22812268258868,nan,nan,nan,nan,nan
1058,154,0.0,-56.309178359446115,16.834570857174494,-72.28315900619187,0.7823772858104079,,12.924091904424131,12.696237359195948,0.1698690764605999,12.526368282735348,0.0,31.60395874692199,7.845512259227132,36.14157950309592,0.0,2494.6726832084237,336.5202723545627,426.6074054150283,263.0764998024407,114.17657416113462,nan,nan,nan,nan,nan
1059,720,53.53285181819456,172.16992700328748,149.3474094089825,27.27199321667699,4.094037563819727,5.389572620391846,41.7840539989993,41.20151006989181,0.7908452590927482,40.41066481079906,0.33485604729503393,42.26324575097048,20.85040943534043,39.896855209856064,17.02715468101642,11587.90047649392,1143.166435207573,1621.8885515247919,1364.5518187495557,161.9120235840424,nan,nan,nan,nan,nan
1060,720,46.584670670948306,142.00495780883273,124.07776826733287,22.24504943469414,3.9333369363491184,,42.23029813077301,41.96871883794665,0.7908325828611851,41.17788625508547,0.0,41.29705514441891,16.38840643250454,35.46214595360123,8.820538917084608,11607.063661874477,1258.8661353012362,1714.8002677682532,1362.343779681614,212.3359186250158,nan,nan,nan,nan,nan
1061,71,0.0,-57.2258349174315,4.50414027618815,-61.40431522724279,0.29032687638948174,,7.887882582843304,7.640240830369294,0.07906004693359137,7.561180783435702,0.0,20.66468049982985,2.956600926651588,30.702157613621388,0.0,1150.2507719103344,158.12318750780946,200.05387718199074,131.5023327186059,84.1355255286276,nan,nan,nan,nan,nan
1062,143,0.0,-61.637135096087626,13.39597764332716,-74.21473238881605,0.7396641248046681,,12.106344661675394,11.853141949512064,0.1585078937932849,11.69463405571878,0.0,33.50021446123622,7.554556313948166,37.10736619440802,0.0,2332.9114759707986,341.1083363790016,426.46965434289905,269.01753050077053,103.42555749007622,nan,nan,nan,nan,nan
1063,90,0.0,-77.01491581318942,1.8906688246547088,-78.56383845831309,0.2903597703689985,,13.037823115475476,12.748435404151678,0.10091268084943295,12.647522723302245,0.0,7.036093887056332,1.3305297457089527,39.281919229156536,0.0,1456.5352948245593,200.75222390716254,254.29873284826422,174.70739496121774,57.35205109342446,nan,nan,nan,nan,nan
1064,113,0.0,-63.94365678949599,8.746372813906287,-72.02952019106252,0.5936268337989399,,11.494976413436234,11.232781030237675,0.12574863992631435,11.10703239031136,0.0,21.406990462003552,5.709338193494554,36.01476009553126,0.0,1832.4190989615474,283.02361721280454,359.5185159459251,196.68839166647962,96.38691277838329,nan,nan,nan,nan,nan
1065,720,53.06171417688829,158.93674434167227,128.90831124352772,34.20008990934974,3.802276557423101,5.126880168914795,40.59740853495896,39.98958564084023,0.7888690792024136,39.20071656163782,0.3718363046646118,36.457030559388635,17.166133664236515,35.961669222213416,18.22325228877317,11585.692323040297,1176.6282061964946,1640.7373633566322,1322.0549654288084,176.31944370512497,nan,nan,nan,nan,nan
1066,116,0.0,-69.04895762699638,8.550662527763699,-77.05243894317007,0.49358802638591853,,13.255720941349864,13.015600997954607,0.1299967961385846,12.885604201816022,0.0,28.2910634446517,4.473921584716904,38.526219471585044,0.0,1877.1229222778172,237.76487108246286,303.6121507023745,189.60242639253767,83.39902605558184,nan,nan,nan,nan,nan
1067,720,61.25459310896994,187.7264922485871,137.59113590195986,54.52932331819511,4.023412714848438,,39.44426608271897,39.2213117396459,0.7872798824682832,38.434031857177615,0.0,42.25695316179428,18.210085044354212,33.98993144987239,21.014834675693546,11583.607245337129,1217.932886909017,1691.5936178799814,1366.7495934891422,266.4427697445715,nan,nan,nan,nan,nan
1068,720,41.22163780377929,121.08610434269237,120.06682002935284,5.124789443942774,3.7544445252906393,6.4516215324401855,40.7161710690707,40.13551770430058,0.7872505085542798,39.3482671957463,0.3202629657462239,40.231116251191054,15.58848731458825,38.6592430818079,15.612193616898695,11591.041840606293,1255.6385610821237,1696.6046918603597,1337.7050868689557,213.01769895197197,nan,nan,nan,nan,nan
1069,73,0.0,-66.1338256141459,1.2944356174351102,-67.18249347508443,0.21357159531509495,,10.359233326278627,10.088875422254205,0.08296061307191849,10.005914809182286,0.0,4.0129886927175065,0.8442930755855117,33.591246737542214,0.0,1183.29928292516,148.62506874888177,187.84532124847394,132.99524418105332,56.44795309979057,nan,nan,nan,nan,nan
1070,720,75.01058476274784,216.14354605546913,144.11897215387057,76.7449196752274,4.360713861937573,,47.275120470672846,47.01566965226084,0.7901758830994368,46.2254937691614,0.0,42.24456602478566,18.848759479509916,36.638124925134136,13.876756064545,11596.146354722323,1257.2694416959669,1745.0189551262577,1288.4956772744958,293.35952924150246,nan,nan,nan,nan,nan
1071,117,0.0,-68.06740725818096,8.5251964422,-75.99447064175702,0.5277340758658727,,11.165787817910314,10.928469439968467,0.12926363106817007,10.799205808900297,0.0,16.62466038621423,5.022721911351163,37.99723532087852,0.0,1894.6797753662706,264.01754910053967,336.2610901381394,216.68601720617386,96.76992881497657,nan,nan,nan,nan,nan
1072,720,42.41238187506802,127.1559198117579,120.58165460774366,10.66974778693232,3.731032340538001,8.850893020629883,39.116333599202335,38.53232083469629,0.7901441417634487,37.742176692932844,0.3269303319975734,39.296881898292156,15.265308429605446,37.077507981601855,10.408259691455193,11613.000136984358,1307.7533420988154,1694.9637975250212,1359.2074002888432,236.81012603556098,nan,nan,nan,nan,nan
1073,73,0.0,-59.76190346522525,3.2474060120102117,-62.71154629473027,0.2651394751767329,,9.395122437737882,9.1425735745579,0.0821082266047597,9.06046534795314,0.0,9.112608436792044,2.7916598715999776,31.355773147365145,0.0,1184.0915561211784,159.3449009213704,199.47152773783174,130.4295399309021,32.219466930214445,nan,nan,nan,nan,nan
1074,88,0.0,-74.46158201861907,2.7237865569418886,-76.83002506228674,0.305114530710501,,10.470380873419344,10.21259243786335,0.09774883650243282,10.114843601360917,0.0,8.785940630520608,1.4331530313891898,38.41501253114337,0.0,1423.3577233866097,198.64756149798086,253.29436569907242,161.44718066481195,78.54578039218573,nan,nan,nan,nan,nan
1075,720,53.260311540402036,168.9729964136925,144.81867465734544,28.633236120746957,4.093753631657113,,41.43378633167595,41.150935946032405,0.7887316513806581,40.36220429465175,0.0,42.26132087378975,19.02841370552559,38.94369348002856,20.22754547666391,11583.098147702658,1155.4397585670417,1652.2049193431826,1381.1611168190645,143.05464617799106,nan,nan,nan,nan,nan
1076,720,64.81981476178326,220.093946911589,174.3547963798085,50.049191691979885,3.9534882270887257,3.5716872215270996,41.415474022738636,40.815693157725036,0.7901409836485982,40.02555217407644,0.3219339242205024,42.26366317796681,23.348114304017937,39.79521891579332,21.05893324048134,11583.353409228164,1018.4367997719721,1469.3934814291165,1412.0640394534564,40.59245307377022,nan,nan,nan,nan,nan
1077,98,0.0,-62.90927652881537,7.756682039905999,-70.16529739625742,0.4466514811431434,,12.182743802666664,11.90876207780093,0.1099792392924428,11.798782838508487,0.0,27.63184759282235,4.323073384538796,35.08264869812871,0.0,1588.6916836165246,231.17049892782669,292.6689855722832,170.03737702955215,78.34368930483546,nan,nan,nan,nan,nan
1078,82,0.0,-63.308826021737104,3.8458272571748724,-66.83065389859559,0.2882088163563385,,9.821764739230275,9.557611136697233,0.09125158749520779,9.466359549202025,0.0,11.814043125275965,2.8947809295537863,33.41532694929779,0.0,1330.770690686447,171.98709685848127,216.12756972458635,145.00617583738207,53.423067003207144,nan,nan,nan,nan,nan
1079,89,0.0,-77.52988079254119,1.954116834930643,-79.14198704434342,0.2941842523030474,,10.166269263252616,9.921135288663208,0.09851587098091841,9.82261941768229,0.0,8.230472578773464,1.1781799735066663,39.57099352217172,0.0,1439.9152758261216,201.22866432117436,256.72051310635163,163.6748210302813,58.66128357790373,nan,nan,nan,nan,nan
1080,128,0.0,-62.51589184670519,12.7132569912655,-74.56338775443035,0.6000303301844871,,10.168572532013059,9.944911842234433,0.14141611568629742,9.803495726548135,0.0,24.99152665984355,6.250083785382299,37.28169387721517,0.0,2073.789490600475,281.3123226479013,356.5860750061478,238.7891437089492,60.60130265565057,nan,nan,nan,nan,nan
1081,720,36.84412418900757,121.574152809544,131.08618631251042,-5.2551003582467075,3.891379166966461,,43.82872053515166,43.5884770648554,0.7900483626872301,42.79842870216817,0.0,42.22088289124539,18.14012702229809,39.471674368130934,10.27811939031377,11604.260300084468,1202.5596744152704,1683.7704827975767,1342.2970217532782,260.80840428167176,nan,nan,nan,nan,nan
1082,68,0.0,-64.00113452455248,1.1516762971877044,-64.89785093765587,0.21470331351606686,,9.058494117110968,8.815766133368015,0.07577041536569595,8.73999571800232,0.0,4.200947610339351,1.0773805843317488,32.44892546882794,0.0,1102.3238272097092,152.7186282134015,192.4255144891003,130.16758142135768,10.47056256860449,nan,nan,nan,nan,nan
1083,78,0.0,-70.2142110097775,1.56317452769932,-71.47797376486884,0.2560127476518218,,8.330102018080652,8.085584633052349,0.0866463053971529,7.998938327655196,0.0,7.991641568430327,1.1479212882181717,35.73898688243442,0.0,1263.5787038698854,180.07840274799656,229.4134264592268,142.30139944239608,27.620641734334647,nan,nan,nan,nan,nan
1084,88,0.0,-63.144168160039406,4.939304397009106,-67.68266180587933,0.35526754743461664,,10.296126363798976,10.052518491633236,0.0977649474516511,9.954753544181585,0.0,18.919308675642753,3.201574777406131,33.841330902939674,0.0,1425.239314173749,188.69629089512182,239.2163287133488,150.24147329857243,86.07086642176817,nan,nan,nan,nan,nan
1085,151,0.0,-49.54816093473897,17.94706344773966,-66.6429846488851,0.7733072168051339,13.514869689941406,12.310996339656413,11.780356647446752,0.1665882868692279,11.613768360577524,0.2910176105797291,30.00996662777156,8.328364591716815,33.32149232444256,0.0,2444.838833163859,320.9736000510732,404.22534028801454,267.38309367733524,108.48030217560797,nan,nan,nan,nan,nan
1086,66,0.0,-65.27602143031046,0.3483217746459141,-65.41646341064899,0.17668368481784502,,11.067802174016833,10.77676255069673,0.07465540897101164,10.702107141725719,0.0,1.107677588150621,0.2438812012890543,32.7082317053245,0.0,1069.5062727304264,137.29166900235018,174.22816865191808,118.39141919651415,43.96079840893947,nan,nan,nan,nan,nan
1087,96,0.0,-57.31140433683949,7.6452795974799574,-64.46938637037043,0.43526288669046226,,10.922451575286686,10.675782926380634,0.10674095619469881,10.569041970185935,0.0,17.40334880194035,5.319484189978978,32.23469318518521,0.0,1556.9689330969834,213.47347128412952,269.9284457819415,163.46233229316513,54.52952936087075,nan,nan,nan,nan,nan
1088,118,0.0,-56.1672290930959,13.267585788308203,-68.80884153289789,0.5673770966926353,,9.129882290028036,8.930763118900359,0.13090785685926676,8.799855262041092,0.0,18.07372815663289,6.319026329125925,34.404420766448936,0.0,1914.8866277309503,245.0864270187654,310.57997057207075,211.27989412927843,68.05320162992518,nan,nan,nan,nan,nan
1089,84,0.0,-74.92974670016649,1.2085937520651573,-75.83849055863136,0.25689294252833805,,10.334358025342226,10.097947002388537,0.09282539878040552,10.005121603608131,0.0,10.669958452072096,0.8027868086622373,37.919245279315675,0.0,1360.4172252301582,186.24576298870582,234.73320578747735,163.78192050222253,52.66859096078974,nan,nan,nan,nan,nan
1090,82,0.0,-66.33817454391975,3.0805283032487534,-69.05457844406955,0.32012302143860716,,10.248850303702056,9.982212292030454,0.09069350734353065,9.891518784686923,0.0,22.125563466267227,2.602764877336688,34.527289222034774,0.0,1329.9862141338685,189.5623263797803,238.97007620873293,142.17755669995813,86.07099921251532,nan,nan,nan,nan,nan
1091,95,0.0,-61.256769399921794,7.107253534494598,-67.9823841628056,0.3456162014391748,,10.042090080678463,9.802284992299974,0.1048777885735035,9.69740720372647,0.0,15.917314669732823,4.306880562863778,33.9911920814028,0.0,1541.641611247122,187.7486488501224,234.96568192289942,170.97593849259988,68.80874816665214,nan,nan,nan,nan,nan
1092,87,0.0,-62.79297401844215,4.737093601773814,-67.17173210118625,0.3181417768874111,,12.833468432538211,12.545431355014443,0.09613433107733727,12.449297023937106,0.0,19.39394744973934,3.6914667587642556,33.58586605059312,0.0,1410.351587019918,182.68857496664418,229.477301083713,153.95400885294953,69.62132688022236,nan,nan,nan,nan,nan
1093,178,0.0,-60.87805173538517,19.200887886171483,-79.0728913719177,0.910357579687211,,16.017813169397414,15.760921966284513,0.1964212255552411,15.564500740729272,0.0,36.57208236472201,8.012589936129345,39.53644568595885,0.0,2875.2630168251317,391.8294612349175,498.5203355851002,328.6899708054702,82.78547295723621,nan,nan,nan,nan,nan
1094,93,0.0,-77.56824655983738,2.2129679888768377,-79.45066535962223,0.28336102132438057,,13.826948611065745,13.540140643715858,0.10410431865602732,13.436036325059831,0.0,9.17426359181476,1.517212486449865,39.72533267981112,0.0,1506.7778530561545,197.91745435042645,251.50268808629937,179.04637079913482,64.89107780150057,nan,nan,nan,nan,nan
1095,64,0.0,-61.00708053604091,1.4045671977250052,-62.15962260035171,0.21634573768453327,,9.579288727603853,9.292060588486493,0.07209736295044422,9.219963225536048,0.0,5.529189351632918,1.1337377786307117,31.079811300175848,0.0,1037.364844607443,151.8921963243343,190.87741803368414,123.84594499497928,63.869333191374814,nan,nan,nan,nan,nan
1096,94,0.0,-59.307198928881164,7.433105910814982,-66.31845806550925,0.3817390684168376,,11.371955247595906,11.11219414230436,0.10455202404409647,11.007642118260264,0.0,20.893443449069114,4.540267560248019,33.15922903275463,0.0,1519.9989475951847,200.67581030703695,254.3319598182813,149.3365782400793,85.84791207715877,nan,nan,nan,nan,nan
1097,86,0.0,-70.38262106257669,3.0582383580402532,-73.09938312080165,0.2950502677531348,,9.677751274779439,9.42692133039236,0.09569442924112082,9.33122690115124,0.0,10.577333747295622,2.087858610186663,36.54969156040083,0.0,1392.4418393987971,187.96160727833222,239.5241815742236,155.3800234716153,10.135422944285859,nan,nan,nan,nan,nan
1098,165,0.0,-62.0882308670503,16.112372210898776,-77.29973711489856,0.8241606201187943,,17.299433859996498,17.043675612658262,0.18250312935560942,16.861172483302653,0.0,35.99930090387259,8.042049717065169,38.649868557449295,0.0,2682.7507260126076,366.2928850127045,460.29140301805984,278.9458916044231,87.96451745119856,nan,nan,nan,nan,nan
1099,91,0.0,-54.36947738137388,8.454648392109542,-62.349699836870755,0.4284201274266335,,9.658581329509616,9.402586154639721,0.10082126222550869,9.301764892414212,0.0,20.403979156265397,5.192408256789837,31.17484991843538,0.0,1474.3204662873104,201.87653028965101,254.98033693071247,155.9471265993794,55.4055865300428,nan,nan,nan,nan,nan
1100,720,37.192251717675276,112.5724610440049,117.55065161544034,-0.9843859285728627,3.6355000922047105,15.673791885375977,39.839675817638636,39.17177168279886,0.7895139753818512,38.38225770741701,0.4164510639384389,41.852093211428674,15.407771741215026,37.684444681961715,11.628922604303034,11610.812367889252,1226.7703165199462,1650.6010506590376,1307.1457505944518,222.18447724747813,nan,nan,nan,nan,nan
1101,134,0.0,-61.05022162049671,12.357311452286933,-72.76542318659743,0.5757731850260407,,13.695233258418739,13.435052222572267,0.15025752875953913,13.284794693812728,0.0,28.029217730515164,6.797746081107786,36.38271159329871,0.0,2175.7644780913456,275.8981234025223,346.39873871571365,242.73368461065945,97.28116955358266,nan,nan,nan,nan,nan
1102,720,61.204994572248864,188.42660512940688,140.81835498712837,52.083412758809274,4.108276676454423,,43.139759060926735,42.88227620627731,0.7914353832602501,42.09084082301706,0.0,42.26369318345572,17.97561872538789,35.16328819284423,15.39261930585029,11589.728024541531,1208.792950435475,1678.0768062988327,1333.1541070812116,94.02278769410206,nan,nan,nan,nan,nan
1103,61,0.0,-59.72988488891825,0.5898400526205043,-60.131794441790674,0.1559264307525041,,8.904907563701272,8.641316276974976,0.06839259900152683,8.57292367797345,0.0,3.036311504440284,0.45190827751201745,30.065897220895334,0.0,990.1841935200717,120.71275105590588,151.42949779932266,110.58594848281565,25.29600849850558,nan,nan,nan,nan,nan
1104,131,0.0,-53.84198583019568,14.458349803154283,-67.58772166736348,0.6473678196832308,,13.151920560747385,12.890528056770563,0.14499064534902573,12.745537411421537,0.0,27.897458817425505,7.69601736382074,33.79386083368174,0.0,2131.3429742460658,281.5813564702185,352.46860675503933,229.43593474787815,100.65784236712454,nan,nan,nan,nan,nan
1105,720,56.79004731069684,175.03189331768223,136.1476634718476,43.2377482401685,3.9869219162638223,10.343320846557617,48.848035297356546,48.23532151989639,0.7901201816275716,47.44520133826882,0.3299585338681936,42.07497075277475,18.589911840142438,35.17117319061258,14.296018476306067,11594.498388416141,1211.8928416835909,1692.9416788931737,1323.446126440591,225.35304597279452,nan,nan,nan,nan,nan
1106,87,0.0,-77.79176804232954,1.3849734059039585,-78.89177779036083,0.24533546658270342,,11.733884223736823,11.464324335567653,0.09808780904859304,11.36623652651906,0.0,2.992300155787908,0.6650942496700522,39.44588889518042,0.0,1407.421478292612,177.70204896360656,224.7393883730162,174.377930790885,37.16830460050029,nan,nan,nan,nan,nan
1107,216,0.0,-46.300640562447,29.34416804481476,-74.55904882226093,0.9829513409170277,,17.345375357195735,17.084406678564847,0.23786866944283247,16.846538009122014,0.0,35.69968730801193,9.233060527311535,37.279524411130474,0.0,3489.186197513495,386.2069700078328,486.2289974268443,407.534259866653,53.390710089239384,nan,nan,nan,nan,nan
1108,720,65.8168570919387,218.06384327742575,160.35383701879948,62.36054892715012,4.294738749501237,,41.64793100673705,41.39589363709092,0.7934685442596674,40.602425092831254,0.0,42.26383156565377,22.36037652231704,34.63658262836363,11.70471034479316,11605.494548881004,1157.6610627505609,1642.9693661713636,1345.2495834377848,122.73178109714661,nan,nan,nan,nan,nan
1109,108,0.0,-67.18536967705882,7.828321300854071,-74.57126776383228,0.38645764580752845,,13.649620087817311,13.36003459058702,0.11938503012061119,13.240649560466409,0.0,9.83920099617241,4.133049724550481,37.285633881916134,0.0,1747.5192434588444,204.73813098838167,258.0484565325795,211.50492398171048,24.49386987005038,nan,nan,nan,nan,nan
1110,69,0.0,-58.43769350021822,2.407985075560653,-60.560126530760996,0.2480137134850272,,8.342351695522666,8.084154326468706,0.0766619024798274,8.007492423988879,0.0,19.993053563779757,2.0586065920875174,30.280063265380498,0.0,1120.2277892809475,153.86506488013757,195.26448915615583,121.88277183791297,71.03950395440502,nan,nan,nan,nan,nan
1111,71,0.0,-68.37586147445393,0.3041211576626172,-68.46876659582432,0.18040746308476413,,8.248002523556352,8.005653215572238,0.07851829379796982,7.927134921774268,0.0,1.2719214702788948,0.21748505040001576,34.23438329791217,0.0,1150.1269387247958,142.11122190013407,179.02795158927216,134.815919507746,17.500231443324306,nan,nan,nan,nan,nan
1112,95,0.0,-55.06923051743442,7.770842375760443,-62.31561274086636,0.4782547784796893,,10.475747173652053,10.212185008451343,0.10508070793002844,10.107104300521314,0.0,25.1389472924746,5.7491842848367085,31.157806370433182,0.0,1545.0939707500745,235.99094227705532,297.89396694657404,156.16813297084403,80.42645310368447,nan,nan,nan,nan,nan
1113,102,0.0,-74.29484583526383,4.418191925421516,-78.30721790872897,0.3621245777269652,15.34273910522461,10.890421480871737,10.350683545693755,0.11246757674962282,10.238215968944132,0.29118085745722055,21.07337688932091,3.000606122360548,39.1536089543645,0.0,1653.8774147183262,215.54185084775025,272.950007257453,171.82903064833792,100.85496541638256,nan,nan,nan,nan,nan
1114,87,0.0,-61.43049999622133,5.092843832030526,-66.13320683294339,0.34516505697851085,,9.422212756238878,9.18713276553899,0.09626055415719748,9.090872211381793,0.0,19.204908213537003,3.8494896476741927,33.066603416471686,0.0,1411.489238437254,191.90800787687692,240.06148660013648,156.10418592458143,67.30315904499625,nan,nan,nan,nan,nan
1115,720,69.97679492430292,201.67661766937246,137.97060925878208,68.452450188813,4.3758470867003405,,41.907368023879826,41.65144022554159,0.7870545564219356,40.864385669119656,0.0,42.21608463164475,18.60184973236284,35.75056982989642,15.456839213772122,11600.874263635478,1303.6384479980413,1802.5606361094713,1328.2899611920361,346.02299573551323,nan,nan,nan,nan,nan
1116,150,0.0,-48.50830260801982,18.038643602393083,-65.79488043569633,0.6876427498514666,,11.453189249150455,11.238189729861915,0.16478231828659773,11.073407411575317,0.0,32.02214971080731,8.789926310803525,32.89744021784817,0.0,2443.70677061727,302.2558703580095,374.7937541689288,272.09445805314687,60.3146968935174,nan,nan,nan,nan,nan
1117,70,0.0,-57.11838860006976,3.6013178870864175,-60.41729607447917,0.2662171418458976,,9.006100533530116,8.75295789539814,0.07751846127212048,8.67543943412602,0.0,12.501448657224492,2.848283275220628,30.208648037239577,0.0,1133.8711089887101,154.89983055772262,195.4164445376196,121.88102691637167,50.633134784239964,nan,nan,nan,nan,nan
1118,73,0.0,-62.82573378859936,2.6489631941841028,-65.21522647500973,0.22241280970666147,,8.00568535272032,7.757366240024567,0.08056608773767948,7.676800152286887,0.0,8.785397505247674,1.8226523897920495,32.607613237504864,0.0,1184.3681616505564,147.69925747040566,185.58967001341955,153.39103422241698,43.7784074119099,nan,nan,nan,nan,nan
1119,65,0.0,-61.964966608666145,1.0250018474763074,-62.76065948512901,0.19235425676559556,,7.2917854422703385,7.048155073076487,0.071885135024786,6.976269938051701,0.0,5.5389596416607185,0.8399438386992195,31.380329742564513,0.0,1053.6519079379227,140.4972427693025,176.78607371776465,130.5771468712788,31.488659703403926,nan,nan,nan,nan,nan
1120,185,0.0,-35.45730327130937,25.72757495895348,-60.02718648256089,1.0654480751528959,,13.891000961884856,13.661717583425343,0.203080709092319,13.458636874333024,0.0,36.77684368655109,10.448810375931126,30.013593241280446,0.0,2996.863832445129,405.3987278956816,509.5421543843013,318.0769540839207,136.51620861801268,nan,nan,nan,nan,nan
1121,95,0.0,-69.39004078141792,4.478491053799269,-73.44291457862877,0.3758543409553814,27.166772842407227,10.502203368581831,9.958893759176135,0.10469081811606884,9.854202941060066,0.2993462421000004,15.596888155900185,3.2678292985422055,36.721457289314394,0.0,1538.3104800003414,216.8576432925827,275.2129788039462,158.8247927763128,95.02200119768372,nan,nan,nan,nan,nan
1122,111,0.0,-62.4877134673971,8.789098188072002,-70.74124756867978,0.4798194398264513,,10.372365156188607,10.141876033507288,0.12400515377521515,10.017870879732072,0.0,26.005225226586337,5.521230711411447,35.37062378433989,0.0,1804.011128064284,245.56582461016,308.9702001619153,197.4859658975673,64.4981283854338,nan,nan,nan,nan,nan
1123,81,0.0,-54.65385501040981,5.9584511732856855,-60.27757873710561,0.29764751380153814,,10.290430704131722,10.000497763045132,0.0905965706333518,9.90990119241178,0.0,20.48072837724698,4.241811634027233,30.13878936855281,0.0,1313.783482802204,160.47055597269977,199.343943030911,146.05740573114272,54.65653360227786,nan,nan,nan,nan,nan
1124,125,0.0,-66.75036714154389,10.715720892709612,-76.85760462742441,0.5463085936527915,,13.143722265027463,12.880335811525583,0.13832826539874077,12.742007546126842,0.0,21.191097325626995,5.369506403220058,38.4288023137122,0.0,2022.4347364408156,262.5046630751443,332.9235078846775,226.40738350144514,79.48585024782577,nan,nan,nan,nan,nan
1125,61,0.0,-61.8610253668465,0.10260500951466994,-61.80131602163338,0.1412883850110884,,7.78897054400295,7.535688864998519,0.06803996488451958,7.467648900114,0.0,0.6347265152235669,0.06326621538429818,30.900658010816684,0.0,989.1160494460811,115.01443560956584,144.04758613723448,109.83262533311898,27.188825841069033,nan,nan,nan,nan,nan
1126,96,0.0,-74.92434050242592,3.4752721936293463,-78.05475784921421,0.301788918713454,,10.11040626000613,9.876463913358748,0.1067494610324502,9.769714452326298,0.0,10.105857208559023,2.186167616182932,39.027378924607106,0.0,1553.935134610993,191.04357620836385,241.2518516345936,179.34154170783304,30.26525679466658,nan,nan,nan,nan,nan
1127,74,0.0,-60.04506987847325,3.455984785123829,-63.18006085786099,0.27749918350865116,,8.705725855194032,8.453722932375968,0.08248339872807264,8.371239533647895,0.0,12.250074657465966,2.4474074504867094,31.590030428930486,0.0,1199.4147543303625,165.5779634770672,208.87021187278788,144.79069907987747,40.7069929893837,nan,nan,nan,nan,nan
1128,80,0.0,-60.23642305134896,4.181170065021177,-64.0833018134376,0.29671153002997186,,10.201856762170792,9.935758026316762,0.0891597718000412,9.84659825451672,0.0,10.367178340433146,3.2672526891663716,32.04165090671881,0.0,1298.167772221349,172.86297216714127,217.4795533766378,140.8632278325203,33.4474565597837,nan,nan,nan,nan,nan
1129,65,0.0,-63.08009149587987,0.44394542574029805,-63.32800741685826,0.16651947065222744,,11.052550232969224,10.771960818208754,0.07275694981217384,10.69920386839658,0.0,1.462073946009114,0.41114482590740553,31.66400370842915,0.0,1054.2830494374516,130.67577160610153,163.65733275864008,121.30097363132955,30.515751901202506,nan,nan,nan,nan,nan
1130,720,59.549237826705294,164.90837417100897,127.02119070035165,42.53245737366316,4.276923727651901,,42.732470858842134,42.46694575063884,0.7921581845730543,41.67478756606579,0.0,42.263398628428995,17.677971453418767,38.28300913987371,15.641461955341434,11592.093020412447,1327.266150046621,1840.419967688976,1300.1465747327875,443.2713470394473,nan,nan,nan,nan,nan
1131,209,0.0,-55.22391132055873,24.35611798631363,-78.44689008981828,1.0280170542637643,13.78551959991455,15.578697160817683,15.001101707108319,0.23062333930283785,14.770478367805481,0.33863376546651125,30.489043808700856,9.137600899331566,39.22344504490914,0.0,3382.3835294223873,444.42797576169255,563.471522773321,374.04372698678753,140.2351694633824,nan,nan,nan,nan,nan
1132,720,55.45565187194107,169.0265696502831,139.21773226972067,34.54124436626179,4.3648997235052205,,39.417506378144026,39.15844151098281,0.7893624948337674,38.369079016149044,0.0,42.11710865879406,18.639280017560846,38.185029688810175,17.018788302190806,11587.893068004247,1269.906000118977,1798.2098790160842,1327.208969187999,370.04743552671135,nan,nan,nan,nan,nan
1133,103,0.0,-49.89493712228561,11.587397574394114,-60.908239868192844,0.52070328796808,,10.335818006657064,10.105186473578215,0.11364331189543009,9.991543161682785,0.0,22.981523414553134,6.433970527485663,30.454119934096425,0.0,1667.4198898057664,224.55522491657564,283.1464617729145,176.47700020104034,56.55067996137777,nan,nan,nan,nan,nan
1134,199,0.0,-47.06023502191424,25.839637527828298,-71.80085336619075,1.006561767140031,,16.07584000006318,15.812065378762782,0.21931728068739176,15.59274809807539,0.0,30.397969522886882,9.374956349504307,35.90042668309536,0.0,3213.7635266721254,397.40192660040054,503.74123196205176,369.3738030842772,82.4790073361999,nan,nan,nan,nan,nan
1135,119,0.0,-54.63888123089593,12.024449817982179,-66.06917418279959,0.5409609379098036,,12.69819009769708,12.46907067578286,0.13149533793330193,12.337575337849557,0.0,26.328070935374605,6.946946237437317,33.03458709139979,0.0,1932.806004981979,252.19484793103032,314.7780646543184,223.65608766395366,89.14855325544883,nan,nan,nan,nan,nan
1136,88,0.0,-73.1564408453454,2.3095041317864067,-75.11113572758451,0.30923725328905366,,11.009178195148706,10.735292563214898,0.09770471137017012,10.637587851844728,0.0,19.759974556267284,1.990299106687783,37.55556786379227,0.0,1428.0507598645165,204.68751809152803,260.6176218979531,150.544489021094,18.212476149468852,nan,nan,nan,nan,nan
1137,720,46.310525745593836,164.7179300908012,145.70950432260088,23.176653854093445,3.83191621860617,4.523523807525635,41.17626370489597,40.53089963179082,0.7877978226169944,39.74310180917382,0.37229404132813215,42.250203941545266,19.974312819179396,34.72219881854711,18.67268248667759,11587.348697863361,1100.9374100790844,1566.1518680997726,1363.301582360142,72.6448926802095,nan,nan,nan,nan,nan
1138,720,48.67590132461439,157.0700801317469,131.97915358315197,29.379859009120167,3.938117496593059,,43.58020750340074,43.319041098468006,0.7896558307111263,42.52938526775688,0.0,41.97469566722321,18.05943257288031,33.985971820054324,11.512696592158408,11603.83276733129,1210.9248482689047,1691.6446022656723,1365.1829429318245,178.70532920183268,nan,nan,nan,nan,nan
1139,90,0.0,-75.88753352752533,1.956988030598026,-77.50904980626598,0.293068941723756,,11.366392691619694,11.10529095493257,0.09991971217095852,11.005371242761612,0.0,27.360985487149318,1.585169677595131,38.75452490313299,0.0,1457.9972864768038,199.1166601352279,252.36117524915724,162.9261091315376,47.29730128759465,nan,nan,nan,nan,nan
1140,86,0.0,-63.39990082436401,4.582136650312488,-67.57407371412998,0.36425208864048525,,13.0459192590788,12.763296784833074,0.09522433299571276,12.66807245183736,0.0,27.495974999859474,3.5520798735059165,33.787036857064976,0.0,1395.8862166921233,197.32723938609632,249.00319320675732,147.27323123540555,30.88315757737295,nan,nan,nan,nan,nan
1141,720,58.92449162094011,185.98048016574057,147.50228212318137,43.258715143659956,4.417606645483616,6.765830039978027,44.384690378792584,43.80325085390359,0.7886436386033893,43.0146072153002,0.3189457729458809,42.263469431833606,19.74334665039089,37.29513404911013,15.817905315527195,11588.891091834776,1235.0868072124813,1750.4748500359135,1354.4929495360514,198.91957894470215,nan,nan,nan,nan,nan
1142,103,0.0,-69.81522843539155,5.30385271812285,-74.7049562133348,0.3602949252572969,,10.065347182564437,9.829143291339278,0.11424543242901564,9.714897858910263,0.0,12.767611976306904,3.60256821334463,37.3524781066674,0.0,1671.5758973274715,212.1246397109188,267.29271885940017,190.06930019074275,12.34618404819638,nan,nan,nan,nan,nan
1143,127,0.0,-58.01817898059632,12.646396028452182,-70.11001901123595,0.5029952183675533,,17.9810697613284,17.700866298750043,0.14092694409191608,17.559939354658127,0.0,18.0452479469002,6.50753149597783,35.055009505617974,0.0,2060.407032402306,245.97874628317928,307.80476304384007,243.91539888701763,83.74645292016227,nan,nan,nan,nan,nan
1144,720,43.548997359051185,145.40220158215132,123.89513548512065,26.424865719464165,4.547875368922866,,40.70271323155612,40.42782464902848,0.7886865697801113,39.63913807924837,0.0,42.21091378666251,16.777637804149744,30.336564499319103,8.817278751853843,11619.885368577248,1418.6794236317694,1955.2052225414632,1346.3169848843725,308.87318895622485,nan,nan,nan,nan,nan
1145,127,0.0,-59.7093169024089,12.697354815671986,-71.77384184993525,0.5617843444686457,,12.360989529639482,12.119052777066827,0.1401169402524829,11.978935836814344,0.0,16.502316698571533,6.249353547885552,35.88692092496761,0.0,2054.0931284123994,260.03398232220053,331.71162978104803,237.077751236427,7.222522497867736,nan,nan,nan,nan,nan
1146,102,0.0,-72.01953561275043,5.0049729191594,-76.58228382934851,0.38538577608573005,,12.246320843696594,11.97753201983869,0.11296974495053291,11.864562274888158,0.0,18.347505658624257,3.4935074859395763,38.291141914674256,0.0,1654.7185027708285,227.22778119962396,287.14443887451756,192.85966178853946,90.24877393353346,nan,nan,nan,nan,nan
1147,99,0.0,-59.50616117597016,8.455999599619702,-67.44366769030003,0.4616287991531768,,9.296283042989671,9.04306528903544,0.10951886046677828,8.933546428568661,0.0,24.473092311799007,4.93388089918278,33.72183384515001,0.0,1602.0091169275718,223.60888806665815,283.28574296683877,175.12674012012,29.934489865167482,nan,nan,nan,nan,nan
1148,68,0.0,-61.01956400481364,2.091245752290702,-62.88139451618748,0.20192459028025395,,8.504048047587276,8.251943084411323,0.07544417306780815,8.176498911343515,0.0,10.101298279638177,1.6792782805194968,31.440697258093742,0.0,1102.5513586564236,136.55919074458095,170.38531375648338,129.40540917541432,42.76060057663852,nan,nan,nan,nan,nan
1149,720,58.47476958567979,204.15381064372056,156.9893635610172,52.46359975792009,4.949245104431408,9.575833320617676,37.81100321840495,37.152427279390395,0.7873008036985993,36.365126475691795,0.4087345879524946,42.263832665618054,21.25632904660063,32.24296970671974,22.71158592989405,11582.536505040413,1282.8491882213382,1855.8909587788992,1307.8228130482419,213.7049903176546,nan,nan,nan,nan,nan
1150,720,52.58694579597052,149.7407172647832,126.27631759531707,28.139960628469623,4.3052713751933105,,45.34081412944943,45.04533272609115,0.7900627618655562,44.25526996422559,0.0,42.247240358868595,17.557048904256785,38.51696548173571,12.020297555834793,11603.507490564156,1302.0440035048023,1831.7117492561467,1317.3656505731774,333.9322228250461,nan,nan,nan,nan,nan
1151,89,0.0,-74.7887574085798,2.1552635691586692,-76.6199326103893,0.2755826588100177,,11.856375980190933,11.58605712838471,0.09844570979475975,11.48761141858995,0.0,7.623499446813674,1.621552654548386,38.30996630519465,0.0,1441.2860374207064,189.5128378443165,239.20402434572088,176.19091515082835,71.43948147046056,nan,nan,nan,nan,nan
1152,106,0.0,-71.26985416048302,6.397758957411937,-77.18516692673978,0.42575081759975253,,11.930650198832154,11.675186740234494,0.11676066182553768,11.558426078408957,0.0,14.168737838227276,3.777147033662698,38.5925834633699,0.0,1714.8598695702092,234.11824642243909,298.6839929726767,190.2775048325367,82.39250557267994,nan,nan,nan,nan,nan
1153,115,0.0,-68.26607823940662,8.04872536481906,-75.7856589234689,0.4708935041155728,,11.61957526113838,11.366626439616084,0.12680417858064175,11.239822261035442,0.0,15.073095851906283,4.716653178215688,37.89282946173446,0.0,1860.435553870619,240.470697212652,304.4813609100129,208.00091132334086,51.04962184050577,nan,nan,nan,nan,nan
1154,720,53.8222702083179,180.7655691132773,139.5595415090884,46.213376491637504,4.669880982776537,3.925367593765259,42.94608857668936,42.337173676118255,0.7878024820238352,41.54937119409442,0.3406268563121557,41.61504380824778,18.47535394661028,30.71558196249915,22.57685016952661,11582.87267363651,1314.5845345685977,1894.8621000289988,1304.7629439854782,362.41296048675076,nan,nan,nan,nan,nan
1155,109,0.0,-59.75601968268228,9.764877282967227,-68.95093178085222,0.515154451359899,,10.492394871078432,10.242330886423588,0.12173821032047272,10.120592676103115,0.0,21.310219451266583,5.654745196009852,34.47546589042611,0.0,1766.9867560092623,245.82383886776807,310.58232854061976,198.41934307629816,41.3796396873472,nan,nan,nan,nan,nan
1156,129,0.0,-66.80839910567522,10.94484991971217,-77.1089880659925,0.5709871766229032,,12.06945392396301,11.830588300712407,0.1421230398118496,11.688465260900557,0.0,27.617316061226866,5.8620841911424755,38.55449403299625,0.0,2090.6890223183245,274.7091648700509,347.49961783874244,242.89863868556878,34.95831244647811,nan,nan,nan,nan,nan
1157,77,0.0,-61.91584977931924,3.326239061994522,-64.91369509431402,0.2887831290414721,,9.750525733456016,9.486854122020304,0.0850534038618207,9.401800718158484,0.0,13.509872993707328,2.779585772362853,32.45684754715702,0.0,1247.5950747348804,173.0403705731373,217.45884909198944,132.99021546511685,48.65004353093251,nan,nan,nan,nan,nan
1158,76,0.0,-68.15074227603522,1.5145210136191667,-69.39416222939825,0.24019095081103697,,12.688368880189955,12.407801074907184,0.08449360355734825,12.323307471349835,0.0,8.58984753919362,1.291969702826122,34.697081114699124,0.0,1230.912769469324,165.17264300303302,208.11262888538997,130.21555810575444,30.316350075045175,nan,nan,nan,nan,nan
1159,86,0.0,-67.24189030522511,3.4364809468673827,-70.33459408364322,0.3018040204673892,,10.989135232754052,10.72105555050075,0.09520427696406841,10.625851273536682,0.0,8.229455167780745,2.3401697679690447,35.167297041821605,0.0,1394.6147494510415,188.02860529806722,237.3129797253437,153.20195624280475,43.196852406867286,nan,nan,nan,nan,nan
1160,720,63.62937978111629,182.91927727278875,137.4918306071886,50.25862450179142,4.474220040321382,,39.95976490434259,39.72611429262906,0.7862529875710607,38.939861305058,0.0,42.224437199463175,18.043832947497812,38.50006753022058,21.065505366853667,11582.906106679682,1303.851832475464,1843.5875913769378,1330.3053248239924,284.5185103082171,nan,nan,nan,nan,nan
1161,106,0.0,-67.05940665134821,6.377481991459429,-72.98019591945334,0.40202403972750506,,10.803267585113645,10.549611004069448,0.1166143398731947,10.432996664196253,0.0,25.10908193006996,4.2538309426836705,36.49009795972666,0.0,1720.8205481071973,222.87241259851558,281.137270259094,194.8217472105617,41.153011764789895,nan,nan,nan,nan,nan
1162,720,52.58198593704337,177.63241287803805,139.73101847257917,42.95282179169932,4.683988736477457,5.218079090118408,38.299689350649714,37.68180410284549,0.7859103828668594,36.89589371997863,0.3698584772646427,42.26355309636107,18.778867228819298,31.105575041193706,17.879590248833658,11590.401954247704,1322.8451012359872,1856.4375956862953,1356.3593075510114,235.22697202571806,nan,nan,nan,nan,nan
1163,87,0.0,-76.59796154204238,1.348448871806452,-77.68884124634165,0.22257785749188683,,12.596378425136209,12.318292331881821,0.0970805287361145,12.221211803145707,0.0,4.761130959365937,0.5948571692527302,38.84442062317082,0.0,1408.6851326834926,165.98640694797297,209.51111841181688,160.0622609585928,39.777618158597534,nan,nan,nan,nan,nan
1164,86,0.0,-72.47452826517417,2.269507171269387,-74.4415442177154,0.27071319207101807,,11.427726397290826,11.156507965177298,0.09544745087623596,11.061060514301062,0.0,19.100602969304077,1.6197310727879404,37.220772108857716,0.0,1392.5059841536429,180.90850486425816,229.24178623969098,138.3315276660992,50.16911599541578,nan,nan,nan,nan,nan
1165,720,29.59163288237275,87.32532803886859,108.90479648145049,-16.77973801642142,4.406034096618269,,43.80935847386718,43.542943608015776,0.7898579705506563,42.75308563746512,0.0,41.829471362164135,15.100715534433157,37.98150189058346,16.7345893250915,11591.365944267183,1506.287449371542,2033.9132587637264,1288.7298547441715,271.9868785423619,nan,nan,nan,nan,nan
1166,720,77.63868885171794,244.98301067371222,157.35394948924085,92.61400178991957,4.637478269220534,6.0608811378479,40.222236489877105,39.634508579038084,0.7939888937398791,38.840519685298204,0.3346431441605091,42.18495879981057,20.675043529891305,31.331687956758163,12.427724832779855,11604.847522610953,1268.2198790103398,1800.5323958881904,1325.6886274323501,234.6179084892198,nan,nan,nan,nan,nan
1167,720,52.30701958768379,162.62697252573804,128.6404627911319,38.701751644683,4.34317120538207,,40.942240674979985,40.70627313759178,0.7917332304641604,39.91453990712762,0.0,42.26270185844778,17.027761012840863,32.9561437653423,15.279419577437844,11589.927819347335,1342.409057383742,1861.1040984947444,1368.418539567146,178.52353854958776,nan,nan,nan,nan,nan
1168,720,67.70678080959875,214.42499665056442,145.09811487603693,74.68191998216638,4.977353997716544,4.8130412101745605,41.54515997506678,40.99315656349063,0.7941053388640285,40.1990512246266,0.2956814533099532,42.26260166622852,19.8805023205858,30.365820818515566,14.575893857190284,11593.649499395377,1386.660428859999,1959.2337798575043,1333.7508727360664,271.38821469232255,nan,nan,nan,nan,nan
1169,720,58.54489781252037,169.82912934832154,136.55589069254168,38.497418591557846,4.8424173907796515,,41.980106960982084,41.737668802030385,0.7941416734829545,40.94352712854743,0.0,42.261894181679175,18.558703718585353,39.296188516741445,20.74432010241579,11583.339979219636,1383.483809861754,1994.592961518039,1317.4441533076856,256.9576724420509,nan,nan,nan,nan,nan
1170,720,23.31595943118894,84.0012771319485,113.33422305683168,-24.34569214663106,4.584305972407321,1.9844824075698853,44.253304907120764,43.69632717501372,0.79452152736485,42.90180564764887,0.3015599260106683,42.11242978345391,15.523730866215715,35.48880550450447,19.632719662986513,11583.62271780035,1457.2468786993309,2036.4855192008329,1322.6424271286053,187.92222247658677,nan,nan,nan,nan,nan
1171,720,82.9199395362326,240.08539294934192,158.66261381876373,86.81256239617872,5.011263057178151,,39.90243144612759,39.66032908111811,0.7914406415075064,38.8688884396106,0.0,42.25163714769654,20.458196858016933,39.513658338143244,10.536052157005754,11598.36677680304,1314.9704289824026,1890.8302356661507,1314.7837892496125,215.64234659793496,nan,nan,nan,nan,nan
1172,720,38.6086385685043,139.6115554660935,138.30251472702415,6.361708371904456,4.687823372695313,1.4996026754379272,45.84915953874588,45.251843563281,0.7918133577331901,44.46003020554781,0.30479978304356337,42.26154446726493,19.381269248895915,35.42778438255207,21.10864291697285,11583.47463193394,1293.5773701532887,1890.1427958153208,1348.7036880145045,198.32346726414036,nan,nan,nan,nan,nan
1173,114,0.0,-58.9462133769459,9.927329321334115,-68.30281429591027,0.5154960052211324,,11.634480402804911,11.430777464061975,0.12790187075734138,11.302875593304634,0.0,22.26386599469439,6.3873716094003905,34.151407147955126,0.0,1856.0795716650564,247.2279186413192,310.5432698719192,203.1498086627036,38.190283394211086,nan,nan,nan,nan,nan
1174,720,41.22003564356348,127.84022937086146,122.07493801336018,10.523511262532281,4.390479934695182,,42.71198204346001,42.45609287265688,0.7948580356314778,41.661234837025404,0.0,42.26340335998426,16.44814333624363,35.95828001229734,15.056091307777479,11593.434371152827,1378.670831998048,1919.1362435994874,1334.4879013954599,150.91939067879744,nan,nan,nan,nan,nan
1175,720,54.596994922297206,183.97438036123867,143.92606493730165,45.43943662974529,5.018844738658676,1.7124972343444824,43.19548850040883,42.616968349553645,0.7940660435706377,41.82290230598301,0.34412568993866444,42.26319665509012,19.207311513283717,31.877276607424566,22.59427328706863,11582.544802052991,1356.3931532438896,1971.2485140643319,1286.5275931144013,272.7853839052527,nan,nan,nan,nan,nan
1176,77,0.0,-55.81344900974341,5.026597012883065,-60.47595126006749,0.32811548099810284,,8.68890193104744,8.445955380797386,0.0864002788439393,8.359555101953447,0.0,20.194871626109606,3.9601506085277274,30.23797563003375,0.0,1250.7332653708781,165.9079612324768,207.02309969246446,154.93017552310604,58.936113099444704,nan,nan,nan,nan,nan
1177,136,0.0,-49.881107688465306,16.162003633098738,-65.28117990235557,0.6877614611143817,,13.720128229819238,13.470668097957969,0.15086653176695108,13.319801566191018,0.0,30.966629505684857,8.048554891443017,32.64058995117777,0.0,2206.6766828026743,289.6617813102527,362.5701737283986,260.7413267453744,48.30090881992801,nan,nan,nan,nan,nan
1178,720,54.016338930823906,173.91149678711727,136.2162373347671,42.71516516571907,4.668682695833428,,41.865550231188536,41.58305947761983,0.7930181492120028,40.790041328407824,0.0,42.25796212187434,18.415977915617493,32.65875634796437,14.700318031824064,11599.058350646752,1353.36147281408,1912.813232151588,1330.4496134311125,79.361546466474,nan,nan,nan,nan,nan
1179,67,0.0,-59.3950911554536,2.260388957853243,-61.39548735968525,0.23001494896691133,,8.281882025301456,8.025894951075315,0.07508664671331644,7.950808304361999,0.0,6.377543775000159,1.6129924349160198,30.697743679842617,0.0,1086.5385820172644,147.89416729010978,186.85590807281366,98.93294974072471,31.13899104229308,nan,nan,nan,nan,nan
1180,98,0.0,-67.0862479739589,5.673610914271932,-72.29469662602648,0.4133090544773863,,11.162130129523575,10.898386576212943,0.10910875909030437,10.789277817122638,0.0,21.378385396580683,4.047046830344429,36.14734831301323,0.0,1587.1140398276102,222.76160170000733,282.355111408034,171.69574884668862,28.824839199368917,nan,nan,nan,nan,nan
1181,720,56.8407679065521,182.69616658034363,141.81397275123732,45.98851657643789,4.747191550790956,4.9411749839782715,42.811647137627006,42.192101961933076,0.7938462514430285,41.39825571049005,0.36255573760718107,42.20308815087486,18.26886484756956,33.84650961833316,24.94880704309532,11582.400007804223,1325.0834336879568,1899.2641373111687,1349.5310277062313,149.44559051358559,nan,nan,nan,nan,nan
1182,76,0.0,-69.231926019833,1.3776248557632866,-70.35916130510967,0.21682413124932268,,8.607086729258299,8.362106785178185,0.08531634230166674,8.276790442876518,0.0,5.9404622302831465,0.9437088274892824,35.179580652554826,0.0,1231.083338482512,158.7979991920675,200.01769952707463,132.4230833148712,42.7535792326646,nan,nan,nan,nan,nan
1183,720,49.335155776690385,145.54010417596234,127.7168411359639,22.62806536355538,4.443439080145337,,42.957813097164035,42.679662849754095,0.7950390949845314,41.884623754769564,0.0,41.999001211561804,17.104758670256288,38.021123094912696,20.139797624667036,11583.2246747481,1329.1565552889638,1880.35442760639,1299.6652841246514,171.36854508137375,nan,nan,nan,nan,nan
1184,88,0.0,-66.1874889519347,4.293603844362795,-70.13230851835382,0.3073845832549361,,9.699526522308588,9.447495494037867,0.09813261404633522,9.349362879991531,0.0,12.647487689370827,2.858233506652646,35.0661542591769,0.0,1425.2917404254783,185.43710334492334,232.67346075935197,165.57964326782334,33.80338399929072,nan,nan,nan,nan,nan
1185,720,52.572388252671274,210.78930275803114,173.67727650443925,42.87636156683877,5.3925759375340245,2.6403777599334717,44.01944848615676,43.45695788599551,0.7957009533420205,42.66125693265349,0.3254813505336642,42.244225512080206,24.446917057389985,31.13420746925188,19.87265079997658,11584.465867443414,1267.403123354216,1877.1071297703875,1327.344921075573,42.79804898631613,nan,nan,nan,nan,nan
1186,81,0.0,-73.13237406383664,1.3177424905697335,-74.1892194056822,0.22232672318496705,,7.418879576027393,7.193194889463484,0.09094958286732435,7.10224530659616,0.0,9.02514956430975,0.7717840382518673,37.09460970284109,0.0,1310.4976435846595,159.86314806153905,201.17724684220894,165.09594379777667,13.116761611796536,nan,nan,nan,nan,nan
1187,720,34.02003932305144,122.25581566580209,130.6122246245881,-3.264580825242817,4.717647871855927,,39.086152971722186,38.856764018535614,0.7935198973864317,38.06324412114918,0.0,42.26366613609931,18.215233394361054,35.65232973567285,19.440444597847076,11583.882787609276,1376.1016444941397,1959.7247756613613,1335.8333221388307,76.35349676666577,nan,nan,nan,nan,nan
1188,188,0.0,-54.838658386009435,21.59912107617862,-75.36972615526415,0.9644491289591419,,14.543933529406786,14.319153938442469,0.20697277318686247,14.112181165255606,0.0,25.515102475195217,8.647651481844598,37.684863077632066,0.0,3037.313247031129,408.91421613862894,518.7359195102943,351.35710434882736,70.44962170696489,nan,nan,nan,nan,nan
1189,78,0.0,-57.48391271620794,5.06061536406166,-62.21862698183606,0.2895355398714309,,8.666372324340045,8.423019764013588,0.08627033792436123,8.336749426089227,0.0,11.797779297914154,3.343619737452088,31.109313490918034,0.0,1262.624110910019,159.6238913198913,200.55250209796634,144.11436081315233,13.835960325164711,nan,nan,nan,nan,nan
1190,720,65.75101747775396,221.62796223639944,167.40257868000356,59.86987515965629,5.2655724302978735,9.67200756072998,42.614745828323066,42.02326491381973,0.7890185248106718,41.23424638900906,0.3490263558924198,42.251268237225624,23.180722142521784,35.81607989792582,13.004491199207033,11593.306758043564,1262.661930268737,1882.506544880387,1338.8717116792923,32.39371838272299,nan,nan,nan,nan,nan
1191,100,0.0,-68.79048958542015,5.833235903651253,-74.24757488678674,0.329576710183397,,9.234701600857079,8.991136903874576,0.1115039186552167,8.87963298521936,0.0,11.05604085405026,3.588841147190296,37.123787443393354,0.0,1620.1334453420827,186.97292997950674,234.48927653463645,188.54869547095666,1.3613856212370905,nan,nan,nan,nan,nan
1192,83,0.0,-61.77562622217009,4.572685048050103,-66.00107463438722,0.30948813553973603,,8.69656735099852,8.451018763706088,0.09202170837670565,8.358997055329382,0.0,7.870921942844998,3.20596185392856,33.00053731719361,0.0,1345.7685829651723,178.19451763498128,224.02000371258714,153.77428367151975,21.026995352703285,nan,nan,nan,nan,nan
1193,93,0.0,-73.01870949049653,3.365757265861089,-76.03043526491973,0.3110857174097279,,12.075006438419223,11.80187098775059,0.10298002231866121,11.698890965431929,0.0,9.570915044752626,2.3620814514510236,38.015217632459866,0.0,1506.0388942424024,194.90820825993686,246.38642922762037,160.84637620527988,56.900118547139186,nan,nan,nan,nan,nan
1194,102,0.0,-63.55140625732675,7.881531479229347,-70.93191941188489,0.4352929041824527,,11.810768313705921,11.557430105283856,0.11320687644183636,11.44422322884202,0.0,11.993812212233676,4.588509341322338,35.46595970594244,0.0,1650.2764687295046,221.01298848534856,280.3416648458969,214.4398011212621,9.665896944632406,nan,nan,nan,nan,nan
1195,61,0.0,-59.63288763715142,0.9605466074944325,-60.36515531063369,0.19420665645456503,,8.747169390320778,8.475417317822576,0.06799222528934479,8.40742509253323,0.0,5.466793295169606,0.9983333836078006,30.182577655316855,0.0,989.4154357518047,138.6316469801568,172.9733312149933,109.99790325919967,37.70940739794781,nan,nan,nan,nan,nan
1196,720,26.011030378198242,107.00502407651689,120.38927841969814,-8.545971844959539,4.455143016027687,,40.13973950687796,39.950464844703674,0.7916995780542493,39.158765266649425,0.0,42.205565225100564,16.350621431939153,30.28401630067801,17.92897977929438,11586.09105350232,1377.037806499327,1949.647215405802,1378.400945537003,34.060085265254294,nan,nan,nan,nan,nan
1197,720,61.415932227288735,178.08066744015736,138.3844249728181,45.04220066200983,4.951795008829723,1.511496663093567,43.02421225141734,42.42681155260652,0.7881749011576176,41.638636651448905,0.369651572778821,40.99087559110423,18.59625308200685,38.89483189628382,22.31888320821867,11582.587856785885,1375.9685011067822,1998.676474586576,1362.864094535786,48.06234944638211,nan,nan,nan,nan,nan
1198,720,78.64089198055281,224.75760965920492,150.10032779610128,79.92202033801576,4.911966387453493,,38.5730294957757,38.321569244377315,0.7897547278553247,37.53181451652199,0.0,42.26217436042349,19.698454845160242,38.679881811544924,12.774689476243692,11606.853678071415,1361.8799443968426,1889.8732858081032,1309.4008780242548,125.93248627225292,nan,nan,nan,nan,nan
1199,105,0.0,-71.7237581123392,6.342727364639695,-77.54829004312786,0.45536872393548256,,11.864681314677,11.611877418123186,0.1164865093305707,11.495390908792615,0.0,15.336040750553433,3.600936241950669,38.774145021563925,0.0,1697.1296253569858,241.85147674366902,309.472922627998,183.59933451324702,29.347690567230924,nan,nan,nan,nan,nan
1200,720,43.84123671335322,129.4750050990425,119.30443576305566,14.883479950910797,4.339775578198231,40.667266845703125,45.58980392944068,45.02677235286683,0.7903825389221311,44.2363898139447,0.31810736283659935,42.20074078632644,16.587616789361665,36.39949673789783,14.299960807100422,11600.209071280111,1423.571357181721,1950.3605800231105,1323.4953618605905,45.897930774146985,nan,nan,nan,nan,nan
1201,720,75.13781101956053,217.74295525448804,151.45224774570272,71.22461985765801,4.586024791164544,,43.06907261908054,42.79889701213688,0.790263052098453,42.00863396003842,0.0,42.26329400259708,19.62087401759416,39.525501090731524,24.019957153136577,11582.404817206565,1230.259775946531,1743.6256115216595,1362.0961304693512,22.203740504853986,nan,nan,nan,nan,nan
1202,85,0.0,-64.88410693645139,3.5441872057343327,-68.09763980647813,0.29077794854314937,,10.525207513011992,10.271234546788037,0.09388036746531725,10.17735417932272,0.0,17.15851121256399,3.144518125257347,34.04881990323908,0.0,1379.8627403468026,179.94899782364396,225.95330547240053,145.52192676634505,18.776446339307807,nan,nan,nan,nan,nan
1203,720,32.50764656241344,113.63502244920001,117.48852467365283,0.9194162128590051,4.406818175836373,6.621368408203125,43.57136762794107,43.01134731899947,0.7887069499120116,42.22264036908746,0.2908816197887063,42.26316964319294,16.271591270606645,32.047938455983946,11.212341454392282,11600.31186932396,1403.2980062944343,1940.3761091250408,1332.9520183821126,222.07278352429503,nan,nan,nan,nan,nan
1204,107,0.0,-66.71562052908364,8.014880738625473,-74.1735269529115,0.49679034363019503,,11.693359565921128,11.42004790622741,0.11904865596443415,11.300999250262976,0.0,27.87329569516317,4.505696993945418,37.08676347645575,0.0,1732.509870725538,243.68324725279749,309.6141131765877,189.69222243365328,19.733786978166595,nan,nan,nan,nan,nan
1205,96,0.0,-64.61538090198677,7.063269757123663,-71.2185033850952,0.4033760806023705,,9.344834353774786,9.112026333808899,0.10610498767346144,9.005921346135437,0.0,11.036026783292288,3.889723639954751,35.60925169254761,0.0,1553.708117025115,212.730911385461,270.45117962960285,169.50320487578955,31.454249145029195,nan,nan,nan,nan,nan
1206,96,0.0,-71.14842402517527,4.785301582339489,-75.53484527830584,0.35253779571741783,,13.5731699783355,13.30587730742991,0.10568090807646513,13.200196399353445,0.0,20.631741300788303,2.781609465570886,37.767422639152926,0.0,1552.9650769460927,203.42801216925304,258.57149261769626,164.24311514403578,44.42007293872061,nan,nan,nan,nan,nan
1207,99,0.0,-58.220286297902035,8.204795119719158,-65.95117545720743,0.4251187603709281,,11.418988147750497,11.144855015911162,0.10932662524282932,11.035528390668333,0.0,14.400600476864422,5.324678472883315,32.9755877286037,0.0,1604.962495393151,213.73729753425832,268.05169536888843,180.68009354689278,29.063437281702917,nan,nan,nan,nan,nan
1208,82,0.0,-64.65263455916963,3.7334107576126168,-68.03998348538954,0.30121191544121545,,7.964263886213303,7.73511057253927,0.09055756777524948,7.64455300476402,0.0,22.33837751878047,2.7808195218779552,34.01999174269478,0.0,1329.7248428676664,177.8417419287959,224.09373489848704,164.09757139539192,16.17490059052779,nan,nan,nan,nan,nan
1209,78,0.0,-65.33869038496131,2.7203182777643167,-67.78376386559611,0.24072769321046936,,9.070457018911839,8.831757568754256,0.08607739396393299,8.745680174790323,0.0,11.240331726632098,1.8836889182415792,33.89188193279805,0.0,1264.974930984098,154.1820130992754,193.51886899147758,143.13755169278892,6.443658937599385,nan,nan,nan,nan,nan
1210,62,0.0,-62.395265037318296,0.16612120434609623,-62.36634710719583,0.16427837656989872,,8.174335673451424,7.932909288443625,0.06853126734495163,7.864378021098673,0.0,1.8384627314791713,0.157118712332291,31.183173553597914,0.0,1005.53072249175,130.87744798596077,164.93485394490185,105.8804270529641,4.348225077891066,nan,nan,nan,nan,nan
1211,720,50.26192320996824,155.51152020983847,134.23407058202713,26.22287955680686,4.602587648506829,,43.855853125452995,43.587297019548714,0.7874880498275161,42.7998089697212,0.0,42.24739491116485,17.45621060646422,37.15048343156481,31.15689539011312,11582.39999999991,1333.0593753749124,1907.7888537869628,1299.677476604673,98.74990134891658,nan,nan,nan,nan,nan
1212,720,66.13820334242452,188.4385517212576,139.8861927443672,53.720605470960564,4.8001564526598655,7.357535362243652,41.061753693036735,40.39312190376222,0.7856859266757965,39.607435977086425,0.40779521502554417,42.24898892860024,19.05278492722249,39.27790060694425,12.761878757508386,11604.27121919892,1376.7453895971628,1945.2770797331573,1321.6178697922128,260.95166309396285,nan,nan,nan,nan,nan
1213,74,0.0,-65.9229513201768,2.0194683141375718,-67.69028568759965,0.21917844501263556,,8.747522530145943,8.490630539134145,0.0830323463305831,8.407598192803562,0.0,13.238063264149424,1.2096732302935227,33.84514284379982,0.0,1199.8019461981205,144.9456057162348,180.88140232719363,145.56725318611402,4.412956566264993,nan,nan,nan,nan,nan
1214,663,0.0,15.858964843618859,92.16593051907203,-72.39724119574402,3.573565457167313,,37.36975816171616,37.10584671236575,0.7280473820865154,36.37779933027923,0.0,42.2581283949838,13.435919552348187,36.19862059787201,0.0,10674.912503114021,1340.996658784727,1758.8962760736845,1241.3370188986764,36.438505727216295,nan,nan,nan,nan,nan
1215,98,0.0,-64.65636555580757,6.286091076049105,-70.46931070928517,0.4226632078621358,,9.459834143519402,9.223888714797795,0.10799192357808352,9.115896791219711,0.0,14.617642385762593,4.137799979187155,35.23465535464259,0.0,1585.8969372202075,223.20761031092104,282.71753469817526,169.2692008936926,18.073458435033192,nan,nan,nan,nan,nan
1216,69,0.0,-65.56335799828943,0.8463579447023037,-66.20936629220131,0.1719534367741543,,9.897407738491893,9.62274116743356,0.07640195917338133,9.546339208260179,0.0,4.862767237536648,0.6980746186309441,33.10468314610067,0.0,1117.24124674073,131.20403353598684,163.97784446910052,135.24824041555422,18.797177230652824,nan,nan,nan,nan,nan
1217,98,0.0,-74.34447835168083,4.655020279030599,-78.62334216545666,0.33206603894897835,,11.644289230927825,11.387051076628268,0.1084473105147481,11.27860376611352,0.0,10.576096461744111,2.371959078201546,39.31167108272834,0.0,1584.7798631952535,198.1675563893748,251.9296794846986,182.3536783467823,33.77196175519973,nan,nan,nan,nan,nan
1218,114,0.0,-66.67536026677776,8.229284140074373,-74.36360120416077,0.47995794157089217,,10.592636770568788,10.354205369018018,0.1257884195074439,10.228416949510574,0.0,30.023666264120227,4.8671289492049,37.18180060208039,0.0,1846.7346403584622,246.84479040815344,311.1053607063917,227.3410491904836,37.881535163605456,nan,nan,nan,nan,nan
1219,67,0.0,-66.69744371926026,0.4064672546307558,-66.8697315763605,0.19435369927913215,,9.732033935375512,9.455528077669442,0.07473375368863344,9.380794323980808,0.0,1.773730160307863,0.25937078630496374,33.43486578818025,0.0,1085.4299850527298,150.8573022179364,190.75436940442984,136.6547610700952,59.878832880525586,nan,nan,nan,nan,nan
1220,720,23.616081874840575,75.01638244245864,108.19022895009948,-28.641978605059265,4.163498250249336,4.171482563018799,40.557726277038455,39.976457288488746,0.7864660946652293,39.189991193823516,0.363790612667799,42.257759050545395,14.5985732968015,37.93707117737021,18.424921731225812,11585.929154441339,1466.6992168461654,1958.8745817171728,1308.8792669065203,86.27398982605459,nan,nan,nan,nan,nan
1221,107,0.0,-64.04512928107665,8.46431609975402,-72.00212807730445,0.45827398542360304,,12.01793401222676,11.756336741149426,0.1195064578205347,11.63683028332889,0.0,21.349498876225315,5.036797901113217,36.001064038652224,0.0,1730.6811488649937,232.92537568060084,295.2184950725256,183.26645573310347,83.88159604390206,nan,nan,nan,nan,nan
1222,80,0.0,-61.06898619005807,4.699793542540985,-65.40961692480893,0.3192138570336981,,9.836367829702795,9.586659553460777,0.08853556774556637,9.49812398571521,0.0,16.91295932039109,3.017892504055697,32.704808462404465,0.0,1294.4899571323917,175.99384649610676,222.40189427474326,150.1701254517519,27.354098335377042,nan,nan,nan,nan,nan
1223,83,0.0,-57.9537994248786,5.550961947481678,-63.11953707384061,0.3470263878255305,,8.702626798301935,8.46072852332145,0.0914858365431428,8.369242686778307,0.0,13.669261593831646,3.580678347590761,31.559768536920313,0.0,1346.0921463043703,184.5645030870837,232.31059468313157,148.3301924139167,37.09498315960111,nan,nan,nan,nan,nan
1224,171,0.0,-63.576264077657484,16.526362234249543,-79.3120912898205,0.7112913918126955,,14.302943063899875,14.063939542509615,0.18796751368790865,13.875972028821707,0.0,23.93739978080777,7.718068582921371,39.65604564491025,0.0,2775.67668159112,337.2974962196246,423.6801503358424,309.896593396869,43.11993543872368,nan,nan,nan,nan,nan
1225,720,58.18585154591277,181.13591358943296,141.9545112021414,44.300443791852075,4.752850229713074,,43.36655830871314,43.12551490217447,0.7869079634547234,42.33860693871975,0.0,42.2377009072918,18.51027001513016,36.03562964998673,26.94147822428828,11582.399999999907,1325.387930626256,1923.0229337803573,1334.3900512181006,168.88443026368068,nan,nan,nan,nan,nan
1226,205,0.0,-47.52151226705101,25.45282263894528,-71.7070753351586,1.1475081429469747,,14.743740729056299,14.516798770986497,0.22489775530993938,14.291901015676558,0.0,32.42783143706778,9.657274142478878,35.853537667579296,0.0,3314.0150035428583,464.7701919669296,589.0153250916036,394.45287059679,33.77380653647649,nan,nan,nan,nan,nan
1227,720,53.790028148536265,192.2794365576541,159.84183703812283,38.051449251484456,5.249777153361462,2.611146926879883,43.407234258018434,42.75027801375836,0.7879817988723516,41.96229621488601,0.40645257476717234,42.26354526562957,22.306809413394955,34.76430352279404,23.52990203814285,11582.427501435353,1319.8782144276397,1937.1350834547216,1332.731798437502,63.05437046080651,nan,nan,nan,nan,nan
1228,122,0.0,-61.74769918496273,10.738889588110062,-71.86603833792641,0.5573247789561964,,11.596926547586918,11.350281401537359,0.13508523534983397,11.215196166187525,0.0,28.864921267707036,5.8270791153767805,35.933019168963206,0.0,1973.585508142537,263.3479977491689,332.9266411178635,229.90899441711417,29.978333750485692,nan,nan,nan,nan,nan
1229,720,27.13074079556776,82.88190355437673,107.47581320404605,-19.9832125367426,4.2308714055184895,,43.219408206641674,42.96458725165576,0.7867347793653607,42.1778524722904,0.0,42.250053712663956,15.165423136109874,37.122347063939046,10.91532237615079,11622.752448572572,1473.1449071422192,1984.9352146720682,1295.9099476993529,103.00129189923616,nan,nan,nan,nan,nan
1230,69,0.0,-57.98656846186881,2.819531241112853,-60.52796143508132,0.2442897699404875,,9.28905630018562,9.018589533865452,0.07622482441365719,8.942364709451795,0.0,8.126931360731213,2.309356890449404,30.26398071754066,0.0,1119.14168743511,149.38166182174785,186.5846984822971,128.29819512813623,17.108771059553206,nan,nan,nan,nan,nan
1231,83,0.0,-69.89639669072042,2.499816436386838,-72.08305179344127,0.27057099183123173,,10.032737590372562,9.779676779173315,0.09169204905629158,9.687984730117023,0.0,6.5854908403431525,1.7621985429820801,36.041525896720636,0.0,1344.5130995972406,175.09006559370448,224.18489210967118,137.95780652122687,3.3841646889726436,nan,nan,nan,nan,nan
1232,76,0.0,-69.5092900141692,0.9900717806601407,-70.26376340281222,0.19297649885846874,,11.624017875641584,11.355225564911962,0.08503925055265427,11.270186314359307,0.0,4.362236845552047,0.9240958818878289,35.1318817014061,0.0,1231.235131181968,144.98066830273598,182.151525010417,166.20017064880798,13.369255096791747,nan,nan,nan,nan,nan
1233,61,0.0,-59.47521604130205,1.1769746056749801,-60.446219064278566,0.17823626819946325,,8.949168721213937,8.705809824168682,0.06756325997412205,8.63824656419456,0.0,4.0567329571496975,0.8847943576944292,30.223109532139286,0.0,989.1320750516879,126.53094630088688,158.4349053194036,111.86323737650211,22.60417823035341,nan,nan,nan,nan,nan
1234,133,0.0,-49.53580612942901,15.700763305940038,-64.56338227434237,0.6062055292621045,,10.93355496879667,10.709329644218087,0.14632925763726234,10.563000386580825,0.0,20.645118244550996,7.706586990437274,32.28169113717118,0.0,2153.7576278014485,262.2382109090584,328.28645716000386,257.0180448846431,31.558548827507913,nan,nan,nan,nan,nan
1235,720,58.45618133569682,213.54759997836422,167.60412937516216,51.79212065364834,5.480233571518026,12.451651573181152,41.036274834536016,40.413640297949314,0.7857738379389048,39.62786646001041,0.3763922415673733,42.26131797735028,23.505386984612244,32.56012100887264,13.505564911232904,11591.186688092435,1335.2352178165659,1969.3844044122613,1306.6743749503514,50.979744741214304,nan,nan,nan,nan,nan
1236,75,0.0,-66.84710067225356,1.8493887027961555,-68.43069531489849,0.22724180639153166,,9.19748393818736,8.93189098406583,0.0835099620744586,8.848381021991372,0.0,8.682792733661133,1.1640327614553696,34.21534765744924,0.0,1215.3534962740011,154.33256035208922,193.65023006671348,159.86346475019837,12.854831982922105,nan,nan,nan,nan,nan
1237,123,0.0,-51.68268506955064,12.832815708118245,-63.744390261121396,0.6963591114275747,,12.700042243115604,12.456200679764152,0.13539186865091324,12.320808811113238,0.0,31.62472072585326,7.471719042168988,31.872195130560698,0.0,1990.0093203218553,295.25173201697976,374.1851022413206,226.2703331345042,42.68759855527839,nan,nan,nan,nan,nan
1238,720,46.840528285781815,135.17803834293912,124.22332400573,15.776218970410682,4.482732633169082,,40.24156920239329,39.98796518519521,0.7856322042644024,39.202332980930805,0.0,41.94279600022719,16.861456971085268,38.952418800576474,17.02199111329577,11590.31058972397,1372.7557023444842,1913.7861217789218,1282.0696559362939,39.69517200042471,nan,nan,nan,nan,nan
1239,81,0.0,-67.27322462252113,2.8505339026130625,-69.79983144026639,0.287746001397778,,8.148674039170146,7.90754462685436,0.08939185086637735,7.818152775987983,0.0,9.319788989104296,1.9825637696046463,34.899915720133194,0.0,1312.0883080892386,176.86633851922915,226.67631259099642,128.00563300124008,39.633703447982825,nan,nan,nan,nan,nan
1240,63,0.0,-61.03095410683585,0.9969818074935388,-61.81993225507673,0.18275332642917114,,9.678805563598871,9.4292930085212,0.06974654830992222,9.359546460211277,0.0,17.98868181865606,1.0069469099264683,30.909966127538365,0.0,1021.7577439593393,126.8359934875778,159.3690479514135,110.71541448706645,26.601613810989544,nan,nan,nan,nan,nan
1241,83,0.0,-55.85459519452118,6.732692545910861,-62.17069267244416,0.37095894478327696,,10.236371685750782,9.98690752312541,0.09176166728138924,9.89514585584402,0.0,13.839045810152689,4.195533289446283,31.08534633622208,0.0,1343.8024023257265,181.9751399643279,228.87570169349044,165.00099361088948,26.743039125114176,nan,nan,nan,nan,nan
1242,65,0.0,-59.884993756512365,1.5127850373753506,-61.200752992450305,0.16706228735351186,,9.185713442973793,8.916287688538432,0.07202079985290766,8.844266888685524,0.0,12.41586529129862,1.2790108441644616,30.600376496225145,0.0,1055.0549090656,118.64362339163885,148.02882452657323,123.97445247754004,9.7049967905815,nan,nan,nan,nan,nan
1243,73,0.0,-69.96187630813341,0.5069624262995629,-70.24759652444266,0.1894982292842478,,10.229884308762848,9.962525770068169,0.08087203465402126,9.881653735414147,0.0,1.7912105574229995,0.37740492657485974,35.12379826222133,0.0,1182.0195036873688,146.27263659878952,184.5325399522343,129.44691302030915,20.077748020964233,nan,nan,nan,nan,nan
1244,155,0.0,-52.624003249249796,17.33348953889994,-69.08091985326725,0.7961175629298869,,12.392944063059986,12.157616905868053,0.17063064686954021,11.986986258998513,0.0,24.8620079316603,8.416609955077364,34.54045992663363,0.0,2512.4821864158166,348.5584708043672,441.2867556097505,273.3476964033397,58.95580835360693,nan,nan,nan,nan,nan
1245,124,0.0,-49.66599161038404,14.787529808564706,-63.82597043393638,0.569135747674309,11.706622123718262,12.936241109855473,12.377959382720292,0.13656186778098345,12.241397514939308,0.31705276295542717,26.148079588135076,7.126688851184682,31.912985216968192,0.0,2005.7661337616125,240.0676666836048,300.61307380630154,248.70045514462396,25.78420460046949,nan,nan,nan,nan,nan
1246,720,53.901348805679795,174.65454914536406,132.2243636033413,47.29023278870214,4.48124263774624,,40.31176090426743,40.03557235375047,0.785741944797337,39.24983040895313,0.0,42.26392550677669,18.08136968990695,30.256232411328725,13.391924934803697,11593.569224465511,1348.166843312759,1890.98827815896,1322.0088253447063,21.138286116641137,nan,nan,nan,nan,nan
1247,96,0.0,-65.89885832403404,5.764131583018704,-71.24784498661644,0.3639054318655412,,11.979929140768945,11.714794619940221,0.10589784849435091,11.60889677144587,0.0,14.233104176406572,3.3968426926158473,35.62392249330823,0.0,1556.4058883831472,208.03540761039596,262.40953850663806,184.213338896774,10.40836017966039,nan,nan,nan,nan,nan
1248,77,0.0,-67.24270867123822,2.011228672051363,-68.97103964638104,0.24352899452520665,,9.536367948167026,9.292775493115187,0.08509007282555103,9.207685420289636,0.0,10.00880817884301,1.3643166676673932,34.485519823190515,0.0,1247.0380134858995,163.63433598277916,207.2264740685852,139.28987006764984,30.723305669071056,nan,nan,nan,nan,nan
1249,113,0.0,-72.59335227678042,7.669262938626578,-79.75200246408865,0.4494354380819572,,12.789970078505576,12.544277692213655,0.12444054801017046,12.419837144203484,0.0,15.919250161820967,4.076866175307093,39.876001232044324,0.0,1828.1981740675308,235.68624893639253,300.43899431223434,205.17368117597397,11.760549107723948,nan,nan,nan,nan,nan
1250,81,0.0,-64.50616816545262,3.4101261052101677,-67.63745309551777,0.24777810272205789,,9.539522784762084,9.274217295460403,0.08935920894145966,9.184858086518943,0.0,14.494074897045271,2.238082882899826,33.81872654775888,0.0,1312.8919944211164,150.48407909925874,188.03367585343472,152.62038637397336,68.06533595221181,nan,nan,nan,nan,nan
1251,720,48.21811404496708,154.147026019979,139.31564346340878,20.03273041439303,4.831212937023966,19.20804214477539,40.46060020942241,39.885450976900756,0.7867744117975235,39.09867656510323,0.36109563894569874,42.25406304006939,19.310028219147593,38.201748837770566,25.39698213718107,11582.399999999918,1342.8069653100142,1953.052576070395,1329.1245550330489,202.71549982067063,nan,nan,nan,nan,nan
1252,156,0.0,-62.03691912677961,15.511642400113631,-76.75656188227524,0.7141413917742662,,14.813444804400206,14.557733356952667,0.17288385052233934,14.384849506430328,0.0,24.249063680012725,7.177818053280037,38.37828094113762,0.0,2520.7816659197783,318.7109701354365,403.45619121477705,290.70473835631407,47.45900586596989,nan,nan,nan,nan,nan
1253,673,0.0,15.04942463691037,94.87028672238151,-75.94608094928387,3.538985939033466,,36.58157704304904,36.30611609015614,0.7360436050221324,35.570072485134006,0.0,40.19418277080712,13.412437888441675,37.97304047464193,0.0,10837.933719792938,1319.1095310423227,1738.7525300046018,1239.9917917390042,64.2067653806827,nan,nan,nan,nan,nan
1254,92,0.0,-60.68954299785814,5.898817272883166,-66.19812337224843,0.35841952850008146,,9.821814860217273,9.59104819688946,0.10152562335133553,9.489522573538125,0.0,18.184725020980153,3.952369033143401,33.09906168612423,0.0,1492.964916104809,187.8165607700368,234.52821769946758,154.97020939853365,52.337400227490065,nan,nan,nan,nan,nan
1255,99,0.0,-67.91603235480491,5.535567884031411,-73.02070757745751,0.3791732074450171,,11.134255467914045,10.872485350817442,0.10908805578947067,10.763397295027971,0.0,12.95786622238808,3.7693274957660616,36.510353788728764,0.0,1602.6418826368586,219.24398962137928,277.50162751591836,176.2298644419663,8.602059279163893,nan,nan,nan,nan,nan
1256,81,0.0,-58.42288172753729,5.134395825012924,-63.1794071942336,0.34118859201323437,,10.307464824989438,10.055813936516643,0.08946988265961409,9.966344053857028,0.0,18.542892235217113,3.447014325845694,31.589703597116802,0.0,1312.4445648551518,185.2404212899829,233.19965055867536,136.9518011763881,39.985947370083665,nan,nan,nan,nan,nan
1257,720,60.435806053998654,171.12054898570923,134.71211412876903,41.20493612855553,4.457377559957666,8.509803771972656,44.86878905724734,44.271593606099486,0.7879972727969289,43.48359633330256,0.35970123391598463,42.027806067078664,17.697902796402154,39.83333798972089,14.123481152612513,11598.718427594225,1351.1653895387965,1868.6140212890543,1358.1467443510612,171.81907088289353,nan,nan,nan,nan,nan
1258,69,0.0,-58.13300469946728,2.7094122054983587,-60.58295138558817,0.22729324797247644,,8.71415964141488,8.508774863556027,0.07827607356011868,8.430498789995909,0.0,13.666928066122232,2.282977706664849,30.29147569279408,0.0,1120.0511496149356,141.9952324234245,177.20581803471896,129.9779962178344,33.715842778398226,nan,nan,nan,nan,nan
1259,68,0.0,-57.21519653575955,3.045518131151742,-60.03591228306641,0.19394020606633489,,8.80294766370207,8.543160803616047,0.07654293812811375,8.466617865487933,0.0,6.974211348435851,1.9322490338479994,30.017956141533208,0.0,1101.858740710358,126.05473963781957,156.74443772471818,136.55072000258406,28.53870505392727,nan,nan,nan,nan,nan
1260,123,0.0,-51.03564222409693,13.340190420205515,-63.74920388973737,0.5740490821023925,,11.87401469796896,11.616886990144849,0.13639478757977486,11.480492202565074,0.0,28.843067987279284,7.300789238183497,31.87460194486869,0.0,1993.9166306338448,250.85363993196154,313.7728203967093,222.6564101230471,102.52314519668055,nan,nan,nan,nan,nan
1261,76,0.0,-63.355811997525024,2.7297049306877845,-65.79393136408393,0.25484471720653884,,10.236297877505422,9.978476480580866,0.08421335089951754,9.894263129681349,0.0,13.672941723895708,2.3573170308546367,32.896965682041966,0.0,1233.4929184446667,164.5874393995994,207.85243181413313,127.14067698842499,61.08304285329263,nan,nan,nan,nan,nan
1262,113,0.0,-67.08829108811219,8.65931222061486,-75.33978515405884,0.3566124260623627,,8.80738119315356,8.58598043769598,0.12425073888152838,8.461729698814452,0.0,24.74896458411691,4.446754404961623,37.669892577029415,0.0,1830.7595666708373,192.6687361070708,240.17252818727405,221.80092802894782,18.06814863815429,nan,nan,nan,nan,nan
1263,80,0.0,-66.22714916683262,2.7673447362958337,-68.70770122645564,0.24969479331445094,,9.803010448813438,9.543382486328483,0.08858716301620007,9.454795323312283,0.0,14.829526683780502,2.0476307882461446,34.35385061322781,0.0,1295.9811046121588,166.55812506251812,208.0643229351386,155.23271941215975,58.60911034641674,nan,nan,nan,nan,nan
1264,81,0.0,-57.90386168373226,4.855747486229815,-62.41218596056498,0.30925434899151555,,8.665556704625487,8.424304461106658,0.08966822549700737,8.33463623560965,0.0,19.5192161077451,3.8826941816397023,31.206092980282495,0.0,1314.1130607287057,171.6129641041981,215.7078760630536,143.33579341269592,52.936228590478635,nan,nan,nan,nan,nan
1265,78,0.0,-68.78575263312489,1.7936279587174486,-70.28299537216532,0.2558010002500365,,10.349209083244205,10.106670135632157,0.08627862762659788,10.02039150800556,0.0,8.832023116382812,1.3308377744321258,35.141497686082666,0.0,1263.6720354984693,174.58190339001587,221.5663931608941,129.46782651594518,21.851243061982434,nan,nan,nan,nan,nan
1266,106,0.0,-69.68709976246032,6.51819178471286,-75.75931702921417,0.39597970999736193,,10.841354488395154,10.593835664913058,0.11692442838102579,10.476911236532032,0.0,16.511064724460432,3.9213758285626437,37.87965851460708,0.0,1716.7385818682371,216.55414543338213,275.58500651658716,175.97343189810684,11.022234474336207,nan,nan,nan,nan,nan
1267,113,0.0,-65.43924889732541,8.907715250180726,-73.88631577751818,0.4205545538808168,,11.05426548793912,10.832146768458188,0.1245873924344778,10.70755937602371,0.0,12.530017370567204,4.867732921025812,36.943157888759096,0.0,1829.8750473447828,211.53666710511067,265.0832535051793,202.3424722116445,29.278301643190883,nan,nan,nan,nan,nan
1268,74,0.0,-65.25010648796005,2.3985650010254402,-67.37513818891664,0.2370310201973722,,9.726827690377831,9.470327550545335,0.08210557699203491,9.3882219735533,0.0,16.82619338857537,1.559386822797561,33.687569094458304,0.0,1198.4336237659063,153.51407579740066,192.84587611394264,134.85734131600802,6.3354753732873,nan,nan,nan,nan,nan
1269,720,36.3008189938769,111.75995979973152,117.56804119149632,-0.9705317486227614,4.458424607036828,15.619490623474121,44.03472623229027,43.46942216064781,0.7873684698715806,42.68205369077623,0.33091145660728216,42.263311480741436,16.408466080823505,36.7860848681883,10.761060538565797,11606.213901873987,1428.565974806228,1989.3752623181426,1282.9882833620193,277.6004136191332,nan,nan,nan,nan,nan
1270,69,0.0,-64.62794742793008,0.9586412045882826,-65.33770678002291,0.212373538490104,,10.145949060097337,9.864941580221057,0.07709640730172396,9.787845172919333,0.0,10.489736347474858,0.8279280655301889,32.66885339001146,0.0,1118.350831883544,154.39559373643382,194.9035846545636,130.6937607358482,42.092508636820696,nan,nan,nan,nan,nan
1271,68,0.0,-62.810622917962036,1.6830603399479103,-64.23057612834128,0.22970785101053906,,7.714509041979909,7.453181845135987,0.07578847091645002,7.377393374219537,0.0,9.466190776384508,1.4449555617695282,32.115288064170635,0.0,1102.376142062854,157.10125660528985,198.53341924305403,105.02419552665158,24.099050202777516,nan,nan,nan,nan,nan
1272,85,0.0,-61.50781757030662,4.969693373758549,-66.12438568724806,0.314498848251188,,8.745057445019484,8.501413349993527,0.09375371597707272,8.407659634016454,0.0,21.576021266383545,3.562987616782247,33.062192843624025,0.0,1377.6413407364869,179.91389126530422,224.9716336433812,157.17664248437745,42.448771670570636,nan,nan,nan,nan,nan
1273,92,0.0,-65.77112084325779,5.027011902135216,-70.36954038566752,0.37633517953127166,,11.56971892900765,11.286997765302658,0.10129634011536837,11.18570142518729,0.0,24.511356386703,3.642117635444892,35.18477019283375,0.0,1493.1674323586342,208.65680017695524,265.4508885679565,159.05434724315205,49.10214248070579,nan,nan,nan,nan,nan
1274,720,69.69733642241141,223.4042180128707,161.1119732623287,67.56943339103063,4.904056222771749,,42.37193317338824,42.133213981986046,0.7859414294362068,41.34727255254984,0.0,42.25047071319787,21.818762254713388,35.9126197268961,22.235555152085535,11582.863598954595,1252.0927632175185,1828.4451171367643,1319.2688442464673,76.9941758125472,nan,nan,nan,nan,nan
1275,80,0.0,-61.07487539314117,4.188662253523604,-64.95667105133612,0.2720330945218564,,10.011425979435444,9.743924317881465,0.08816019911319017,9.655764118768275,0.0,16.57148579770238,3.171371615470826,32.47833552566806,0.0,1297.9874585709829,155.04636986655927,193.89913241264443,143.78367905533023,17.19104125100748,nan,nan,nan,nan,nan
1276,72,0.0,-58.61119219365126,3.776874961808237,-62.0540183846299,0.288875526243654,,8.231850473210216,7.994138617999852,0.07946272473782301,7.914675893262029,0.0,13.797528860373056,2.6688006491824523,31.027009192314956,0.0,1166.2989029019113,169.0714885230067,214.93765377047623,130.6862866998493,43.05643705631146,nan,nan,nan,nan,nan
1277,94,0.0,-58.67943741751559,6.861951001118555,-65.05886001159871,0.4277278542606929,,10.82280941028148,10.563015737570822,0.10342823341488838,10.459587504155934,0.0,23.992529995502245,5.161434615914201,32.52943000579938,0.0,1526.9962966693786,214.41391963409382,269.22824033143206,176.4745738085848,38.09365882993326,nan,nan,nan,nan,nan
1278,720,36.540922540456414,112.50936299959793,116.82693149468851,0.3660375297692582,4.318272274287115,7.2122063636779785,42.172998977825046,41.55695660598576,0.7858713120222092,40.77108529396355,0.36544331535696983,42.21891983981832,15.989413643151686,36.357903775571785,13.851186169925207,11602.920669914369,1397.4792235790499,1914.413571528166,1311.7502932135278,221.6273032335797,nan,nan,nan,nan,nan
1279,720,58.37533227225359,189.2499903613366,147.52412873299323,46.47751095626734,4.383130209565186,,42.432560787536204,42.19486299529672,0.7896278230473399,41.40523517224938,0.0,42.033222599638236,20.05568598815215,35.13657679411992,20.668985936903443,11583.459944984139,1209.436146527325,1744.28186259373,1326.8383686264292,76.29757172267354,nan,nan,nan,nan,nan
1280,76,0.0,-61.7044352942155,3.272804050492822,-64.65651568944364,0.2765169099929136,,8.935345217585564,8.682461299933493,0.08400710113346577,8.598454198800027,0.0,18.249310614565548,2.4497633078655716,32.32825784472181,0.0,1231.6385321616822,174.2682771167574,220.8548289489514,136.61077952148457,39.62058852009862,nan,nan,nan,nan,nan
1281,76,0.0,-64.0342782225576,3.1602692452986516,-66.8566665397185,0.28738053494568244,,9.14947613235563,8.890452384017408,0.0839491942897439,8.806503189727664,0.0,15.091071876650137,2.307939923700634,33.42833326985926,0.0,1231.0589207042133,175.69950621975283,222.18891285743857,155.52178523621868,40.45820930665744,nan,nan,nan,nan,nan
1282,720,50.29010793978747,161.14469239299783,140.6215746161267,25.821958861951956,4.910969163011639,3.813563346862793,41.377555787563324,40.8331802226603,0.7895473511889577,40.043632871471345,0.32475669495761395,42.129846663589085,19.252820626218586,37.37912850881149,27.757132532841638,11582.399999999923,1340.1109027992336,1942.045822401995,1325.6670074979463,399.7163614039591,nan,nan,nan,nan,nan
1283,72,0.0,-60.72179577430113,3.0947925419504467,-63.50245355480777,0.27383673726764257,,10.47592163272202,10.218425979837775,0.08015389367938042,10.138272086158395,0.0,14.0342052276794,2.509015042903983,31.751226777403886,0.0,1168.1488246835102,161.78662112751113,203.33571116815077,135.3662456491122,20.003521427876912,nan,nan,nan,nan,nan
1284,104,0.0,-75.67276369366141,4.698542434385466,-79.89155051022087,0.4170779803109995,,11.077080707997084,10.82261817716062,0.11525409482419491,10.707364082336426,0.0,14.110753003489467,3.0616161232621204,39.94577525511044,0.0,1682.5128402738983,236.93254596339116,303.97561321125147,185.4899305134092,41.09712854755992,nan,nan,nan,nan,nan
1285,91,0.0,-64.70832502929055,5.778553876137285,-70.0566103169911,0.3811309952578411,,9.829954625107348,9.556092532351613,0.10041952040046453,9.455673011951149,0.0,11.99973441646774,3.4826094906873153,35.02830515849555,0.0,1474.4980619276205,205.16753945610955,261.0710989952518,167.569268202992,41.80964880789194,nan,nan,nan,nan,nan
1286,146,0.0,-57.27595985890865,14.076446396960376,-70.66398929628662,0.6193535989236789,,13.090878241695464,12.853222119621933,0.16057739965617657,12.692644719965756,0.0,25.858820505768232,7.511416781183679,35.3319946481433,0.0,2372.597718885766,291.9593750533778,362.92296058529837,283.0281463904279,87.19075776315069,nan,nan,nan,nan,nan
1287,74,0.0,-57.105514309808235,4.17227370924402,-60.923586737777484,0.3121506594253118,,9.922006807290018,9.675171051174402,0.08179509546607733,9.593375955708325,0.0,21.350957645660962,3.6634628013773014,30.461793368888735,0.0,1203.319715909127,172.25987897200946,216.3936119098584,132.12479858970576,59.007575257580065,nan,nan,nan,nan,nan
1288,85,0.0,-61.38802492842822,4.850312745691259,-65.8566281021273,0.33049509479989914,,8.86576820909977,8.626620713621378,0.09370202384889126,8.532918689772487,0.0,19.28922634474625,3.8838373160732185,32.92831405106366,0.0,1379.1385494233398,189.99256709625135,239.63385708136695,159.36861100264093,19.01816335947749,nan,nan,nan,nan,nan
1289,105,0.0,-67.844589750526,7.3669111926893605,-74.74016752081377,0.4232083921015954,,11.805884792469442,11.562271763570607,0.11551241111010313,11.446759352460504,0.0,19.094849648463445,4.252569113032835,37.370083760406885,0.0,1702.3187647931775,224.55678982105835,283.9442602183814,176.32670678080567,63.63591794689972,nan,nan,nan,nan,nan
1290,80,0.0,-63.52729352742661,3.513011876391244,-66.75136016372564,0.2552435861658225,,10.495312727987766,10.232993674464524,0.08822905085980892,10.144764623604715,0.0,8.399377908194502,2.199285162621558,33.37568008186281,0.0,1295.1378332029628,157.56572497143574,197.97839648046312,148.54067117556542,19.09215314133546,nan,nan,nan,nan,nan
1291,78,0.0,-67.83183259834878,2.216532587157026,-69.73307470385362,0.27174595280869346,,9.113095354288816,8.868790037930012,0.08621467184275389,8.782575366087258,0.0,11.985585020224478,1.5768370328530419,34.866537351926816,0.0,1262.378785794901,175.65126565367274,221.9290406976756,152.32056457534475,56.257250539649206,nan,nan,nan,nan,nan
1292,84,0.0,-71.05377633623205,2.152681573056973,-72.90425160381432,0.2631956592306035,,13.139807305298746,12.845975114963949,0.09321046154946089,12.752764653414488,0.0,14.640370160732095,1.8644785916853202,36.452125801907165,0.0,1361.8173649366374,177.38208238787553,225.0287342045323,154.7783556364509,22.686761140406382,nan,nan,nan,nan,nan
1293,720,24.315870373057297,92.13156343674639,114.54151656135996,-18.140771054566976,3.8937596155764593,12.781041145324707,42.00032860599458,41.39195307716727,0.7870468590408564,40.604906218126416,0.33523837849497795,42.191528118569074,14.780825142649913,33.386255900340785,14.819814612061744,11589.263642836117,1348.3530536322858,1796.0441215387293,1361.53592885573,163.7873293388172,nan,nan,nan,nan,nan
1294,76,0.0,-60.806081730540605,3.3142841121668125,-63.79569253428579,0.28959063595435147,,10.527377883903682,10.279455903917551,0.0853428365662694,10.194113067351282,0.0,10.493456170195905,2.549438236226737,31.897846267142903,0.0,1231.8109158610348,172.02700649959363,218.286265879348,125.66762762107734,68.62061418709848,nan,nan,nan,nan,nan
1295,103,0.0,-58.547032017298605,8.657338354972454,-66.70215063029298,0.45489746454175567,,12.252277444116771,11.991587619297206,0.11430197488516569,11.87728564441204,0.0,24.68966116951721,5.506227201001862,33.35107531514648,0.0,1670.541934050612,226.37295461055717,283.78304209156653,181.70322848124317,81.5439225367288,nan,nan,nan,nan,nan
1296,76,0.0,-63.39709655489393,2.946060220500084,-66.01427174162308,0.2846835982950951,,10.489607392810285,10.220946956425905,0.08396029099822044,10.136986665427685,0.0,5.956597612604512,2.1499043533374627,33.00713587081154,0.0,1231.8436794673787,176.50862505469016,223.5920694977373,144.10820262358925,50.352588770166584,nan,nan,nan,nan,nan
1297,98,0.0,-66.48719846388917,6.529762974726842,-72.6077847024917,0.37356129153447354,,12.344903604127467,12.05436594504863,0.10837390925735235,11.945992035791278,0.0,12.509559266884823,3.7169926847847683,36.30389235124586,0.0,1586.7797430993114,197.8647917340633,251.23212452698348,152.2098216002716,93.16410528760402,nan,nan,nan,nan,nan
1298,720,9.171262302376183,35.754914081349995,100.33787013213136,-60.7768559621473,3.4472110929066413,,41.13225294928998,40.884424147196114,0.7882815450429916,40.09614260215312,0.0,40.61720128307556,13.34975966673016,39.55969028344983,9.171262302376183,11590.39751000452,1288.306261917493,1691.4201653388473,1395.709909627256,294.8970235879016,nan,nan,nan,nan,nan
1299,145,0.0,-62.58282757985641,14.3062867096725,-76.1140082934104,0.6907407076947959,,13.848930255509913,13.597425920888782,0.16072616446763277,13.436699756421149,0.0,18.71420735924869,6.92952190976191,38.0570041467052,0.0,2345.180178393329,319.9765047175268,404.00726817226814,284.98908888423335,70.51565988839828,nan,nan,nan,nan,nan
1300,583,0.0,-3.3482141775754943,77.23492072416936,-77.18533306574965,3.0942528986548297,31.3098201751709,27.75190513767302,27.133536557666957,0.6421255953609943,26.491410962305963,0.37278056144714355,40.33693200744489,12.670357455749677,38.59266653287481,0.0,9415.877709305421,1218.626510690189,1543.8797530247757,1022.5532888989536,318.7201098422858,nan,nan,nan,nan,nan
1301,84,0.0,-76.56796056351668,1.0314668366851576,-77.31314208502405,0.24436231433788336,,11.462059718556702,11.181040167808533,0.09368975181132555,11.087350415997207,0.0,4.421472465001716,0.8293796019848424,38.656571042512034,0.0,1359.388799865566,180.6435442294363,230.01610708096769,147.15097331332595,44.23429402952183,nan,nan,nan,nan,nan
1302,114,0.0,-65.60362375597981,8.441367363053448,-73.4761470333945,0.5076689560776163,,14.141189160756767,13.863746635615826,0.1265793675556779,13.737167268060148,0.0,21.404823623529733,5.050939272351532,36.73807351669724,0.0,1845.603313040988,255.5277798940333,324.4652484560734,205.53207264515146,20.16534033777596,nan,nan,nan,nan,nan
1303,89,0.0,-53.25171139959957,8.035051041904492,-60.85088361042605,0.39970910341290283,,9.985954197123647,9.749212603084743,0.0979953445494175,9.651217258535326,0.0,17.245523507595546,5.190339520745976,30.425441805213026,0.0,1444.1449709613255,188.42347099613676,236.48364844485477,156.5495778130837,53.97537332787915,nan,nan,nan,nan,nan
1304,140,0.0,-51.53671473066089,15.825745368016525,-66.57976237414672,0.7093912755745818,,14.821632374078035,14.547837308607996,0.15396831091493368,14.393868997693062,0.0,23.715627641578585,7.928301196317469,33.28988118707335,0.0,2268.127376088173,295.9206287233835,374.3650047272846,262.90366462288597,72.44269053443544,nan,nan,nan,nan,nan
1305,99,0.0,-69.27514393233922,5.0863580802694255,-73.93702884348777,0.3710375271063318,,9.693183448165655,9.457395891658962,0.10869222693145275,9.348703664727509,0.0,13.376055368112713,3.3967055275460796,36.96851442174389,0.0,1603.3797731791885,214.29640136082256,270.42715962698156,198.37371302595585,34.99644165878074,nan,nan,nan,nan,nan
1306,135,0.0,-62.65557000709178,11.45109339420961,-73.48442602657677,0.5581500958002013,,15.703972825780511,15.408587398938835,0.14786558970808983,15.260721809230745,0.0,21.260781644193614,6.281612202781731,36.742213013288385,0.0,2184.7196239365885,267.2028388850212,337.30437767789607,250.77925175487798,26.472654620617025,nan,nan,nan,nan,nan
1307,94,0.0,-57.66025055085293,8.244256389160372,-65.3570487814953,0.49062197422090825,,10.40036400500685,10.169027251191437,0.10343766398727894,10.065589587204158,0.0,25.671610374062666,5.307486733770592,32.67852439074764,0.0,1522.9808571933431,223.01232368339262,282.38957070831003,167.7103482025647,24.686057425481234,nan,nan,nan,nan,nan
1308,69,0.0,-58.01117689957911,2.970171332542752,-60.72523612746138,0.22633106159854038,,6.638170260004699,6.404967522248626,0.07612750120460987,6.328840021044016,0.0,9.409108006050795,2.2373573441021426,30.36261806373069,0.0,1119.7916649818012,140.77105618551897,176.37096822569453,132.65588663145724,33.569775663965174,nan,nan,nan,nan,nan
1309,73,0.0,-60.21827634837391,3.0298185280817727,-62.91161632176036,0.2877860807701546,,9.11200731061399,8.856990196742117,0.08045749738812447,8.776532699353993,0.0,22.897627743030327,2.8738085329389635,31.45580816088018,0.0,1183.3434697395214,177.52111607169385,224.18137034651778,144.44696693643593,11.967098822166934,nan,nan,nan,nan,nan
1310,103,0.0,-56.270926107857605,10.299061152628875,-66.05932613386,0.4584152258167029,,11.565970030613244,11.318432373926044,0.11330829653888941,11.205124077387154,0.0,12.808628736547698,5.345707543265413,33.02966306692999,0.0,1664.8088597791557,220.1051027476651,278.40571433020557,201.09162181073904,32.926810274686616,nan,nan,nan,nan,nan
1311,99,0.0,-62.99850304460661,6.586551285552165,-69.11424389569362,0.4162772618055658,,12.892755838111043,12.622347392141819,0.10931664239615202,12.513030749745667,0.0,25.158717078886,4.847768713128629,34.557121947846824,0.0,1609.1799051076239,220.52718874464423,277.751854184187,184.68443325433464,62.582405137192126,nan,nan,nan,nan,nan
1312,107,0.0,-67.91084855396261,7.943691733111942,-75.33657120769948,0.46574008093800356,,10.464958922937512,10.214381475001574,0.11770515330135822,10.096676321700215,0.0,22.887521840937108,4.160789183545728,37.66828560384974,0.0,1730.2568354586413,235.5126419159377,299.90014591666977,186.07931447920888,50.90286480630673,nan,nan,nan,nan,nan
1313,84,0.0,-66.91138997374344,3.5814749322989545,-70.14153020628228,0.3057876079921549,,10.863744735717773,10.592379379086196,0.09292560536414385,10.499453773722053,0.0,17.68076333474492,2.5347214772227638,35.07076510314114,0.0,1360.6221712000029,183.3645234638592,231.6378936947733,157.63220532999654,19.886624227444088,nan,nan,nan,nan,nan
1314,118,0.0,-59.37775888662123,10.462473627589485,-69.2619761052448,0.520767107256923,,12.3804990677163,12.108549004420638,0.12980022933334112,11.978748775087297,0.0,22.64142388232038,5.964746428242371,34.6309880526224,0.0,1907.7770189623457,242.56114368138492,307.5673468734948,200.7764637756054,27.700730298533735,nan,nan,nan,nan,nan
1315,73,0.0,-58.045403887228886,3.681968065043621,-61.41526052307775,0.2758952935993046,18.976972579956055,8.955901428125799,8.427460884675384,0.08056234009563923,8.346898544579744,0.28092838544398546,21.57542041614383,3.1630728449201966,30.707630261538878,0.0,1186.9738486365613,159.84939516384566,199.33152048460596,139.3474513771631,24.204592410106226,nan,nan,nan,nan,nan
1316,69,0.0,-57.93481216256572,3.0345223877977827,-60.660117728183266,0.2690213111490298,,8.334478217177093,8.076825506985188,0.07724981009960175,7.999575696885586,0.0,16.139340314421634,2.657486542331706,30.33005886409163,0.0,1119.0042852053812,158.72273026710687,199.3118768895852,134.65159606558436,31.64664500536194,nan,nan,nan,nan,nan
1317,110,0.0,-55.33310136754177,10.423391850945242,-65.18516672348127,0.5130704635670795,,11.576244779862463,11.335692070424557,0.12179491203278303,11.213897158391774,0.0,20.22755106103776,6.022219721535285,32.592583361740644,0.0,1779.4795857469137,246.19664044315556,312.7525596335072,184.74805359358075,67.12099188138005,nan,nan,nan,nan,nan
1318,106,0.0,-71.22394714351228,6.592316972390942,-77.35558688723276,0.40580544259638923,,11.533657365478575,11.283932223916054,0.1165577070787549,11.167374516837299,0.0,19.795932184465883,3.567998544268857,38.67779344361638,0.0,1715.5656734257032,226.94795898969727,287.3301802513521,196.16490183470594,66.72332818458484,nan,nan,nan,nan,nan
1319,107,0.0,-73.12656445552987,6.25265291309308,-78.94284815389194,0.3907959001753533,,11.081444799900055,10.824881542474031,0.11772164888679981,10.707159893587232,0.0,15.037096747990253,3.085155651040596,39.47142407694597,0.0,1729.9496620086002,214.34250695310303,272.5958196080518,206.08549736743453,67.11054559174686,nan,nan,nan,nan,nan
1320,720,71.15866828399655,232.54373701899576,161.5253654406371,76.08335816150334,4.712539509049754,,43.00225021131337,42.73790730535984,0.7868373794481158,41.951069925911725,0.0,42.2586695770218,21.02422877826698,33.11698920324488,24.88923516905636,11582.400070746073,1184.4249165893239,1733.2671352981013,1352.601238509513,170.04307127798106,nan,nan,nan,nan,nan
1321,108,0.0,-70.70388715468513,8.130046334655214,-78.29997870418839,0.4624027612244515,,12.922074856236577,12.671931747347116,0.1187837366014719,12.553148010745645,0.0,13.671045982370522,3.659763098131961,39.149989352094195,0.0,1745.2314186946928,237.17654976163084,304.65262387315676,224.50046160749514,11.655316070380213,nan,nan,nan,nan,nan
1322,720,26.022351029371045,80.66906910969256,109.1162397027964,-23.8895818631821,4.19656604866806,11.118013381958008,48.283776603639126,47.65912516694516,0.7864492181688547,46.872675948776305,0.3726200517266989,42.09433035946683,15.309076168298402,37.967141960962074,11.334355509803528,11606.009376418237,1422.4787073243851,1955.2752745938076,1325.5751421448595,344.3469737951293,nan,nan,nan,nan,nan
1323,720,38.2604854505493,119.89708725532316,119.76726096458532,4.970053984361925,4.48114284386464,,40.337158016860485,40.08366562612355,0.7864719545468688,39.29719367157668,0.0,42.25993508428747,16.131421001144133,35.775458458368334,16.565612104233157,11591.700133688062,1421.3378419366336,1963.2069677032707,1305.2280519008311,137.52984225401602,nan,nan,nan,nan,nan
1324,89,0.0,-62.026564302203624,5.4277262139803755,-67.13091573512965,0.28233042122903623,,9.209525199607015,8.967000767588615,0.09749179240316153,8.869508975185454,0.0,11.49285898586393,3.4620133789193432,33.565457867564824,0.0,1441.1095104603946,165.20158101874657,206.45235161764293,166.6865777397773,15.141805605599256,nan,nan,nan,nan,nan
1325,143,0.0,-42.87867523071343,18.712566730929684,-60.73082300751339,0.7887877474266973,,13.39843504037708,13.14894895721227,0.15677707642316818,12.992171880789101,0.0,29.090395077774296,8.97070740613922,30.3654115037567,0.0,2317.4350381317518,310.89277990686406,389.360894625251,251.49503403513924,56.1957468346322,nan,nan,nan,nan,nan
1326,80,0.0,-55.288466106704945,6.1454914101378995,-61.08068157975565,0.31687665856053876,,9.508152682334185,9.227329425513744,0.08831331320106983,9.139016112312675,0.0,10.888567959596886,3.916054851007485,30.540340789877824,0.0,1295.8909500235654,164.82822378011403,207.1093091055601,141.94150092448533,7.327421341826191,nan,nan,nan,nan,nan
1327,96,0.0,-61.253559693050605,7.028027072986294,-67.79780772556148,0.42625507296315085,,11.520107035525143,11.25140294060111,0.10583154764026403,11.145571392960846,0.0,19.518624852147177,4.683581471161918,33.89890386278074,0.0,1559.479711305777,221.17905914328992,278.2548660710299,185.19977918107006,35.91362466035202,nan,nan,nan,nan,nan
1328,720,56.72999981909792,162.55520616757295,133.53565833866318,33.85837601055354,4.487138591511942,5.443154811859131,43.46706143114716,42.83488767314702,0.7864218195900321,42.04846585355699,0.35967109724879265,42.26346287254825,17.587728096550638,39.80081181382115,23.071091012286228,11582.53244773061,1325.9334719445906,1871.7306097227317,1363.260782509611,192.5015085150337,nan,nan,nan,nan,nan
1329,82,0.0,-63.198104635719886,4.431312790389668,-67.27488702992561,0.3184162967059609,,9.267763179726899,9.03125930018723,0.09229298774152994,8.9389663124457,0.0,26.391170198434054,2.927798473642462,33.6374435149628,0.0,1331.1626594817055,176.67107027359987,223.31813369607738,137.07787526397803,24.8352440434292,nan,nan,nan,nan,nan
1330,720,61.85641661077926,199.04460852299542,149.84580866086057,54.75209190556687,5.176355035404785,,41.331900040619075,41.07928654551506,0.7894672499969602,40.2898192955181,0.0,42.14429363558258,20.46899487585929,34.48037065799582,14.426927014304718,11595.825291028428,1374.4763809133458,1995.0532003690646,1296.2142786632255,108.65249393141795,nan,nan,nan,nan,nan
1331,102,0.0,-58.86445542482873,8.501995301715517,-66.89509880106456,0.42298868028929487,,9.624143562279642,9.376798512414098,0.11305705364793539,9.263741458766162,0.0,16.399481851728996,5.014249368970388,33.44754940053228,0.0,1650.1387194539886,206.08057385205396,260.01510419927826,195.7222274647615,23.37889785637839,nan,nan,nan,nan,nan
1332,103,0.0,-75.72894062062217,4.22603665657934,-79.54321451954335,0.3495462488829917,,11.851421907544136,11.592124566435814,0.11411900725215673,11.478005559183657,0.0,13.38434486118993,2.566995314328483,39.77160725977168,0.0,1665.6808969809274,214.7103522747797,272.19195620147576,203.17525687782532,24.535472235215014,nan,nan,nan,nan,nan
1333,112,0.0,-66.06848907089764,9.097346407347002,-74.64720698450957,0.46431195545324644,,11.326773313805461,11.085491500794888,0.12440672609955072,10.961084774695337,0.0,20.739475226846547,5.076054190496371,37.323603492254776,0.0,1814.712442615048,235.77701486055514,299.89719863534674,200.29062808244822,34.19635057023588,nan,nan,nan,nan,nan
1334,77,0.0,-61.64416183165888,3.193320745797016,-64.57570518707293,0.2308327454054032,,10.381928739137948,10.07875241804868,0.08564950712025166,9.993102910928428,0.0,17.65832462708445,2.4625227508573873,32.287852593536456,0.0,1248.6822855787823,145.00030519288643,180.13525287896863,153.71309534950933,37.959369526419636,nan,nan,nan,nan,nan
1335,80,0.0,-67.68251565722518,2.581510384965499,-70.00402626524665,0.2319348846281465,,8.426239135675132,8.188617282547057,0.08899865113198757,8.099618631415069,0.0,6.023966860371257,1.7239337438252544,35.00201313262332,0.0,1295.603573240967,153.3540951642624,193.44879378560745,128.57052564934597,26.471912557464492,nan,nan,nan,nan,nan
1336,720,52.89607354254412,179.89865679411085,155.2597553705457,30.19412218708257,5.166641391647943,7.777965068817139,40.66286482475698,40.06347425561398,0.7916447427123785,39.271829512901604,0.37219796143472195,42.25803947297284,21.588596831774883,37.79901244900284,24.213970226386884,11582.402972131373,1356.5708304320574,1979.5838670286134,1325.253625133911,69.12777389026145,nan,nan,nan,nan,nan
1337,720,62.26192441470212,230.90613648312427,181.6905874362308,55.14196790264458,5.547652634107184,,34.772737859748304,34.498121284879744,0.791274837218225,33.70684644766152,0.0,42.26387533254031,24.770124930751045,34.69094046337983,31.53498871597684,11582.399999999934,1285.6222813642314,1907.92225701382,1331.9099940195647,59.90834945889042,nan,nan,nan,nan,nan
1338,720,78.41343223177677,263.8043669022775,181.30961180137217,88.52133676959197,5.6598791344775,1.1866941452026367,36.50499340612441,35.988151751458645,0.7896168055012822,35.19853494595736,0.283533426001668,42.26136159383212,24.219592127652472,34.15276384698078,23.060091173710184,11582.497255151176,1292.8277767318075,1922.7690302234323,1352.6748826417113,160.13381834380226,nan,nan,nan,nan,nan
1339,105,0.0,-49.2849542168083,11.450474254216477,-60.191508194166644,0.4948634900113806,,11.513322873972356,11.241323051042855,0.11655651871114969,11.124766532331705,0.0,22.10967906682818,7.00888273534772,30.095754097083315,0.0,1706.4681272422943,219.79268554261873,273.84572069991503,192.80167467147038,30.47919056154842,nan,nan,nan,nan,nan
1340,87,0.0,-73.73929175952875,2.548981642586735,-75.96029890362125,0.2821826657163411,,9.495915936306119,9.243877585045993,0.0968156112357974,9.147061973810196,0.0,8.699033498376991,1.5341413913005402,37.98014945181063,0.0,1407.783608867013,182.89471485856046,232.26439720638433,163.32108381308396,55.784763388082865,nan,nan,nan,nan,nan
1341,137,0.0,-58.47983333062977,14.05941187439724,-71.78177973622037,0.689557690862859,,13.444466033019125,13.175095981918275,0.1508113518357277,13.024284630082548,0.0,30.374722864637544,7.1593591358076605,35.890889868110186,0.0,2223.076114933361,306.7660482752823,386.50794161999113,237.34394297499543,56.61190770566115,nan,nan,nan,nan,nan
1342,68,0.0,-63.90244887680173,1.3833463679607745,-65.05954374855233,0.19424021735551186,,8.33874620962888,8.081707729026675,0.07528888341039419,8.006418845616281,0.0,4.76162082933553,0.7831263357151449,32.52977187427617,0.0,1102.277297296931,137.8388677084655,173.12878452953248,124.74125006867924,20.349742033266253,nan,nan,nan,nan,nan
1343,84,0.0,-72.30731044103904,2.010481403419221,-74.00427724749107,0.27281706312006326,,11.380990194156766,11.113801492378116,0.09273515362292528,11.02106633875519,0.0,11.85722925922788,1.59103094693879,37.00213862374554,0.0,1360.8441222843906,181.08373846231876,229.89668136717773,148.44648034585347,56.68841286267376,nan,nan,nan,nan,nan
1344,68,0.0,-65.90309506460915,0.8941640126700678,-66.5604318795146,0.2047365370671846,,11.311081279069185,11.009898736141622,0.07532998453825712,10.934568751603365,0.0,4.334746108231689,0.626933795803698,33.2802159397573,0.0,1101.0114303393143,147.62117545942655,187.25223277959515,112.22656924546247,47.88886238203186,nan,nan,nan,nan,nan
1345,71,0.0,-62.178705374009844,2.1283192336615397,-64.04799521418715,0.22817222456563852,,11.002424636855721,10.715716361999512,0.07869996037334204,10.63701640162617,0.0,11.47834894681393,1.6014125294593327,32.02399760709358,0.0,1150.396764493242,147.72567559109314,186.59293278369142,118.75132499041773,51.23140141407128,nan,nan,nan,nan,nan
1346,84,0.0,-56.309029920117425,6.449195722661294,-62.361798374119786,0.3561959787604259,,10.624797825701535,10.365224778652191,0.09319512359797955,10.272029655054212,0.0,17.38290617424342,4.26007421067792,31.18089918705989,0.0,1360.0319860367035,180.58977773262887,226.59147574336342,154.84480096704416,16.020165853805043,nan,nan,nan,nan,nan
1347,688,0.0,16.56569165416471,93.56860378461214,-73.0114381759295,3.659223402574965,,41.326668582856655,41.060254448093474,0.7531954925507307,40.30705895554274,0.0,41.12381435517961,13.460586699008473,36.50571908796473,0.0,11120.267360147185,1410.6486167045541,1812.4098603834038,1262.8394974593998,118.03402467727983,nan,nan,nan,nan,nan
1348,90,0.0,-67.6761446131687,4.555687299606803,-71.8626156153465,0.3270161978907208,28.93830108642578,11.106574744917452,10.539321638643742,0.09972222801297903,10.439599410630763,0.300161549821496,10.455857009252899,2.776635793404431,35.93130780767324,0.0,1458.0579935699484,192.87337182375606,243.49066385110024,163.41358925012787,51.05477082636313,nan,nan,nan,nan,nan
1349,83,0.0,-75.32233611115255,1.179598721972596,-76.19231786750994,0.259017787694558,,13.90884008910507,13.605989689938724,0.09329128731042147,13.512698402628303,0.0,5.165093595156656,0.8367752232671992,38.09615893375497,0.0,1343.6732620760283,185.82410618601813,238.2073683117439,155.6424706409749,32.00340895937667,nan,nan,nan,nan,nan
1350,121,0.0,-57.249746687982274,12.196063220003316,-68.7576315481911,0.6140446362623293,,10.380538307130337,10.149141072295606,0.13396706152707338,10.015174010768533,0.0,20.74350132697616,6.699568634605572,34.37881577409556,0.0,1962.9203825056395,280.202141799348,354.2851347032868,230.94895614107884,40.49287923765463,nan,nan,nan,nan,nan
1351,84,0.0,-73.90072197948211,1.3965273516310377,-75.02760864034826,0.23231741542839543,,12.518367708660662,12.223248180933297,0.09311765059828758,12.130130530335009,0.0,4.596689510846595,0.8295125359347434,37.513804320174124,0.0,1360.1438585991762,168.78077324381806,212.15691482980463,156.55560848563266,18.58822833754736,nan,nan,nan,nan,nan
1352,74,0.0,-67.076152179701,1.2462040484152659,-68.06075081065848,0.22306834570467024,,12.74664463289082,12.4553236765787,0.08234992157667875,12.372973755002022,0.0,9.141929707759868,0.9393369536164974,34.030375405329245,0.0,1200.0793460076636,160.40665253735688,202.72013480462758,135.22455502984292,31.94604232156202,nan,nan,nan,nan,nan
1353,91,0.0,-65.01069522344456,5.0897962165734905,-69.76785705356501,0.2999492857269713,,9.96267967671156,9.712919271551073,0.10084476694464684,9.612074504606426,0.0,17.483041794764805,3.3108652399354255,34.883928526782505,0.0,1475.1574954470846,174.06610707312439,218.22805898738625,155.52722723940977,16.258662512099352,nan,nan,nan,nan,nan
1354,720,59.43141977613793,166.71472541211904,127.91191145514577,43.68811850766579,4.539899008014454,,40.24651791807264,39.99810025282204,0.7912368196994066,39.206863433122635,0.0,42.262779420699474,17.576296319132876,37.58736052230503,18.997488837643665,11585.99832395264,1366.0035664682912,1893.7576998869215,1299.4742805774026,35.04256942866764,nan,nan,nan,nan,nan
1355,73,0.0,-66.35708637815567,1.9921044451741496,-68.07735099138843,0.23309765948294575,,8.60963583458215,8.351565340533853,0.0814446471631527,8.2701206933707,0.0,4.01814535381639,1.270387906982927,34.038675495694214,0.0,1181.9596847122439,159.09792218476187,200.89489042088016,137.0761962468617,35.06484256078242,nan,nan,nan,nan,nan
1356,146,0.0,-65.75949483186032,13.051334919606255,-78.05235096862418,0.6724269810646093,,12.929211651906371,12.679823715239763,0.16156076360493898,12.518262951634824,0.0,22.124973848009045,6.6551502154818545,39.02617548431209,0.0,2362.9364265788367,323.19254516494965,408.12019793144833,271.7880448044977,35.04807704475586,nan,nan,nan,nan,nan
1357,95,0.0,-75.03077536540029,3.4498347013089403,-78.10206430130971,0.33401458779352966,8.076936721801758,11.168691586703062,10.61037325952202,0.10546420887112617,10.504909050650895,0.3072949945926666,21.44345768426509,2.2598470477539143,39.05103215065486,0.0,1536.7254570045386,208.0988782107611,264.6372691511904,165.26093724034217,69.72221919958405,nan,nan,nan,nan,nan
1358,69,0.0,-61.909620571141005,1.9389814697565824,-63.57043789472687,0.2354960103933612,,6.955321928486228,6.726682519540191,0.07735088653862476,6.649331633001566,0.0,10.44021674941239,1.7346887066129653,31.785218947363436,0.0,1118.5421067302964,154.41526905622027,195.39079588946575,120.45013275339325,17.757008149505033,nan,nan,nan,nan,nan
1359,720,64.61143503219996,187.25945955816258,141.02174313228574,51.42634229221956,4.815487125593584,,37.512113652192056,37.25622079242021,0.7898517744615674,36.46636901795864,0.0,42.010493763746744,19.478220293015408,38.8982638860902,9.399830839514948,11618.901609465327,1372.6042928129862,1940.3623484300333,1361.5136208405168,124.31903532201704,nan,nan,nan,nan,nan
1360,98,0.0,-76.2217388162718,3.015462492998772,-78.89246096563316,0.3012809269117547,,11.781875554472208,11.516584592871368,0.10871944110840559,11.407865151762962,0.0,20.335714475736346,2.043930603895404,39.44623048281658,0.0,1588.8382434395419,199.2484061406223,252.8456290142679,170.50805993780446,56.31757842439766,nan,nan,nan,nan,nan
1361,84,0.0,-71.88092128361424,1.9527155425889737,-73.5261213863847,0.26240940255534706,,9.719845448620617,9.475122900679708,0.093147455714643,9.381975444965065,0.0,21.411031131345528,1.5803291453103538,36.76306069319235,0.0,1361.2355540051758,175.39599751399734,221.297992100504,168.3064695324821,21.36665410042802,nan,nan,nan,nan,nan
1362,59,0.0,-61.69444988723738,0.19544546880559138,-61.70079481367005,0.16353333986775023,,8.219921996816993,7.976312681101263,0.06569709163159132,7.910615589469671,0.0,1.7728196595901053,0.1293073559703814,30.85039740683502,0.0,956.3908038827882,129.94622322287273,164.39554969051386,97.28400360633835,4.77978144330881,nan,nan,nan,nan,nan
1363,101,0.0,-55.56400093579468,9.072772479338186,-64.17294062197593,0.41923875057333526,,10.678186660632491,10.409564778208733,0.11187499109655619,10.297689787112176,0.0,20.290582030463046,5.57099076736209,32.08647031098798,0.0,1639.9452235042318,207.0469019215055,257.93379947070116,177.3592859083804,40.28020098918404,nan,nan,nan,nan,nan
1364,81,0.0,-73.63053519203848,0.8977893682397222,-74.28232395159756,0.21186254038717814,,10.780911735258996,10.531774842180312,0.09139446262270212,10.44038037955761,0.0,2.980636456259447,0.5580662395098521,37.141161975798774,0.0,1311.352620347315,157.82730737085308,200.6958440546944,142.1411876884244,34.75836032911653,nan,nan,nan,nan,nan
1365,110,0.0,-73.23835281240792,6.239620684820763,-79.0291716492917,0.39702861094368225,,11.779435037635267,11.520395455881953,0.12225234508514404,11.39814311079681,0.0,16.884884801568983,3.854379840037651,39.51458582464584,0.0,1784.033680279562,222.712980648519,279.70720904562995,205.10208497072273,18.402464538218208,nan,nan,nan,nan,nan
1366,169,0.0,-52.96029163388951,20.432332923896944,-72.52741654332814,0.7855563073600835,12.819262504577637,15.091000040061772,14.543688339181244,0.1863868683576584,14.357301470823586,0.3037279676645994,23.529458803044033,8.526523607853914,36.26370827166407,0.0,2735.6993831096124,338.39101499338614,424.84957754444906,328.30616859675257,59.9366280275995,nan,nan,nan,nan,nan
1367,720,35.668076504003906,116.76427239917246,120.4603431100212,0.791197609908977,4.116350269940243,,45.304783281870186,45.049280328676105,0.7924935165792704,44.256786812096834,0.0,42.18908235167774,16.085612250864802,35.27247769904942,15.432598811049159,11588.907099098848,1321.353657224167,1850.6833218781678,1369.7961816587308,116.83768589822833,nan,nan,nan,nan,nan
1368,113,0.0,-57.690366270010195,11.040614567452455,-68.13395409298565,0.5422880209356218,,11.21812523342669,10.962831683456898,0.12604758143424988,10.836784102022648,0.0,23.23804498903679,5.945399961895518,34.06697704649282,0.0,1828.52723840285,237.05712287979628,300.7970964497916,198.9955885780899,24.24118343778383,nan,nan,nan,nan,nan
1369,720,39.09250887039358,113.99068459369335,118.55032416469838,0.11657761893445695,4.30963427607924,1.1640244722366333,40.25899527501315,39.63870750274509,0.7896021166816354,38.84910538606346,0.3382932422682643,42.22345245121514,15.883531703028446,39.03422006092635,20.2754292560047,11584.126791856084,1396.4976480664873,1937.4412598998576,1330.031095531776,133.50220690692223,nan,nan,nan,nan,nan
1370,70,0.0,-66.11160931825867,1.0284042814367322,-66.89672082602482,0.20810640926664647,,9.595237765461206,9.335081497207284,0.07816908229142427,9.25691241491586,0.0,2.5852606644511513,0.7892672727539739,33.44836041301241,0.0,1133.6695388203775,151.2664087335206,190.45826886383273,133.74661484154856,14.955051880169798,nan,nan,nan,nan,nan
1371,83,0.0,-64.63178676121007,3.2693708467260123,-67.60430495909463,0.2648392015498189,,10.304686688818038,10.039697111584246,0.09226927254348993,9.947427839040756,0.0,15.456523143303759,2.514917528761737,33.80215247954732,0.0,1345.7260368284512,158.06569233423602,199.0030709859849,147.79082070138716,50.52517934847007,nan,nan,nan,nan,nan
1372,114,0.0,-67.34798507669962,8.043373817444387,-74.85281609731395,0.48057860275326225,,12.178517244756222,11.91918325331062,0.1254622731357813,11.79372098017484,0.0,25.179264211981803,5.103754795932501,37.42640804865697,0.0,1849.4404512362662,247.97123523244707,311.7687334064083,212.5723561199036,52.17733113195994,nan,nan,nan,nan,nan
1373,720,48.62177511154645,162.6732699670501,137.62866708083234,30.012726217624575,4.602945623496419,,40.71006076410413,40.458360833115876,0.7873684009537101,39.670992432162166,0.0,42.263008928371406,19.495459353757845,33.61541200273413,12.40299565409073,11615.74883340926,1319.8519602463223,1848.4568649447779,1334.6703466592446,137.13643380087333,nan,nan,nan,nan,nan
1374,106,0.0,-73.1135401299775,6.018120328760846,-78.66414712424324,0.41669700707665663,,14.725246050395072,14.43715860042721,0.11756235081702471,14.319596249610186,0.0,14.303166028747807,3.3665563936746046,39.33207356212163,0.0,1713.7132679475499,234.49622538975962,300.3138833569557,175.27977423256814,64.72891520257348,nan,nan,nan,nan,nan
1375,720,70.66283982111385,224.5300848793221,152.4335129415614,77.48232398448908,5.023048264421902,11.534817695617676,38.34598183259368,37.72003733087331,0.7882966799661517,36.93174065090716,0.37315903045237064,42.263855101014265,20.251503482820112,31.921677828869306,13.401822036965944,11599.916323924326,1354.730223475139,1926.2489910281427,1324.1241170389699,168.71128546490255,nan,nan,nan,nan,nan
1376,94,0.0,-55.58932055094503,7.813635840170645,-62.96466835260897,0.3927295102122065,,8.93666066788137,8.694353053346276,0.10435262601822615,8.59000042732805,0.0,16.106202497071212,5.257502509629382,31.482334176304484,0.0,1527.4530153908786,195.55515232154676,244.60220212883831,172.92948630274842,19.708201434950507,nan,nan,nan,nan,nan
1377,83,0.0,-72.10628468003385,1.840211135837625,-73.63164723970533,0.26863066336505476,,13.263604605570436,12.961308483965695,0.09193624556064606,12.869372238405049,0.0,11.419668550691608,1.3053135128220832,36.81582361985267,0.0,1345.3424379285689,184.67894205667787,233.8766786277263,162.86476399692972,22.32476258312369,nan,nan,nan,nan,nan
1378,84,0.0,-74.55564759872678,1.1251762767283435,-75.42340657284026,0.21826124581282486,,11.462161595001817,11.208297278732061,0.09259290900081396,11.115704369731247,0.0,7.712327262395162,0.8512336020306724,37.71170328642013,0.0,1359.5212936243836,162.93195691164456,205.00748132244215,171.4644783708317,28.811600461326815,nan,nan,nan,nan,nan
1379,720,66.71804162546346,214.54282691166233,150.3888007022265,69.48378922864354,4.960001817385517,,46.331956529058516,46.079476641491055,0.7852966310456395,45.294180010445416,0.0,42.1783565083255,20.626642817760054,31.976147011141677,9.035574071660859,11603.22293179631,1350.9276718498925,1928.1666940221464,1300.8845374824737,126.63645435689845,nan,nan,nan,nan,nan
1380,158,0.0,-60.37525218362323,15.976528418380056,-75.46365314860242,0.7923260487759434,,15.6814641430974,15.423601465299726,0.17434856295585632,15.24925290234387,0.0,21.506122852426184,8.015877286238167,37.7318265743012,0.0,2569.365080162499,354.72222447561336,444.13820199604334,320.14806421222755,54.8569997920903,nan,nan,nan,nan,nan
1381,720,52.3697609497386,156.43272947877412,132.74171788760458,28.783767153634074,4.705466599890218,14.604522705078125,43.30123244225979,42.68814858421683,0.786773469299078,41.901375114917755,0.3631992759183049,42.263707340633424,18.681941463129974,37.97787737292157,12.152631514582964,11606.464156752449,1397.929779818163,1966.8649278314726,1334.7298144751496,154.40689388086895,nan,nan,nan,nan,nan
1382,94,0.0,-57.94607323777817,7.007588115137352,-64.51652450826244,0.39005003066869626,,12.114084639586508,11.844418181106448,0.10622630547732115,11.738191875629127,0.0,24.460659967573857,5.443931991702763,32.25826225413123,0.0,1532.3742484047825,200.7688948211109,249.47719197553604,181.5222983676807,10.24762322629432,nan,nan,nan,nan,nan
1383,78,0.0,-67.6796614045332,1.827520053177597,-69.22564185136595,0.24746875344835692,,10.029973953962326,9.78142919484526,0.08640015963464975,9.69502903521061,0.0,9.872635884611803,1.484194337507755,34.61282092568297,0.0,1264.4227033274271,168.97891574791083,212.05682614708394,139.67963626968265,40.769460840403475,nan,nan,nan,nan,nan
1384,65,0.0,-63.10242897308213,0.7516972367338765,-63.6551847965285,0.17118331742235485,,8.720794633962214,8.455849992111325,0.07191541697829962,8.383934575133026,0.0,2.748949807962794,0.5767779953287926,31.827592398264258,0.0,1053.71496209653,128.51516323716453,159.61255404098316,124.2281519486954,22.71814068352528,nan,nan,nan,nan,nan
1385,720,33.163838626050115,121.99254821798485,123.44511770296843,3.027911950729518,4.1398933289804924,,40.2454492142424,39.9824653416872,0.7879357151687145,39.19452962651849,0.0,42.2632107728242,16.225918449050976,31.649882650685353,20.736050402303263,11583.062812232343,1297.117497615884,1810.0625915064873,1313.6335383286491,67.57496316121578,nan,nan,nan,nan,nan
1386,89,0.0,-61.45889588330768,5.331897742008466,-66.39528495825991,0.3557518559277651,,9.750665221363306,9.50773952435702,0.09855526313185692,9.409184261225164,0.0,23.857557614384163,3.8750207164775277,33.19764247912996,0.0,1444.6994125452188,192.46617220268143,242.87288577887145,154.75851622754791,59.196247626178554,nan,nan,nan,nan,nan
1387,720,32.91513945568057,107.95978317849375,115.87724957693526,-3.049413805726985,4.485049095742335,7.084865570068359,42.556377868168056,41.963412534445524,0.789022040553391,41.17439049389213,0.34763171523809433,42.25375940302373,15.813171746720796,34.43984635854407,9.362225817416107,11619.698212243637,1474.8250333556628,2012.9062244693775,1306.393043382369,106.83980302960889,nan,nan,nan,nan,nan
1388,72,0.0,-68.55227616532214,0.6116133659061768,-68.9236716704361,0.20418162792850927,,9.753111442551017,9.490123591385782,0.08031399920582771,9.409809592179954,0.0,10.022304948964267,0.57708370882443,34.46183583521805,0.0,1166.1012832917881,153.7993956921661,193.87478809483468,136.42061738812183,22.246369620184698,nan,nan,nan,nan,nan
1389,94,0.0,-58.055721012597665,6.696219433065197,-64.31955972011923,0.3864632704601015,,11.95465166028589,11.686418027617037,0.10402287915349007,11.582395148463547,0.0,24.186817006096735,4.890063984191582,32.1597798600596,0.0,1523.862501129673,201.02679422166156,252.49857014560246,165.69331880189853,11.326776185057126,nan,nan,nan,nan,nan
1390,76,0.0,-69.60305012812857,1.2315565763788916,-70.58373421549325,0.21422966464732826,,10.177432024851441,9.907465348951519,0.08371058292686939,9.82375476602465,0.0,2.707427009685537,0.8776879558921048,35.29186710774663,0.0,1230.4741781022267,153.96270897288014,194.71666881647204,135.46978908509385,19.847959990482384,nan,nan,nan,nan,nan
1391,79,0.0,-66.10557021820993,2.890413054005627,-68.70275054170497,0.2583145809778105,,11.468906533904374,11.20186348259449,0.08703669719398022,11.11482678540051,0.0,13.940251917942286,1.9724323370253893,34.35137527085249,0.0,1279.8677733539494,163.91186715808618,206.8373330012274,138.77225571982163,47.16162985129351,nan,nan,nan,nan,nan
1392,67,0.0,-63.527097288920444,1.1773149776074614,-64.45504577868259,0.21628286248980344,,7.738754627294838,7.506215839646757,0.0737288799136877,7.432486959733069,0.0,5.539330883616545,1.005708720360825,32.2275228893413,0.0,1085.662392726832,152.4239164187504,193.25160385145162,113.08869617725716,37.18168045224677,nan,nan,nan,nan,nan
1393,144,0.0,-43.59601053030785,18.343804004599114,-60.996534101768674,0.8619885223034411,,15.134430538862944,14.87545075174421,0.15781026147305965,14.717640490271151,0.0,25.40130542979794,9.061210412492539,30.498267050884348,0.0,2337.637532031548,332.06611224128494,416.2069225824864,267.0250378084524,59.87927997312416,nan,nan,nan,nan,nan
1394,70,0.0,-62.46237845343022,2.075501202262465,-64.27104238892753,0.23122119961900647,,7.081795774400234,6.848523837514222,0.07718647830188274,6.771337359212339,0.0,17.480224369938202,1.5379210499228182,32.135521194463756,0.0,1135.1511346387076,149.0363161019404,186.91155759652432,139.6817134852979,14.57922926684232,nan,nan,nan,nan,nan
1395,68,0.0,-61.830195094472856,1.9262901922143507,-63.49764247125867,0.2267380416172579,,8.031600251793861,7.785422516055405,0.07525868993252516,7.71016382612288,0.0,8.590265508014866,1.4387565873139732,31.748821235629332,0.0,1101.7067648147124,146.55242546456074,184.30646323044724,119.22594888671374,54.40384090325362,nan,nan,nan,nan,nan
1396,61,0.0,-60.54684119756459,0.9157391286293362,-61.22457696027945,0.19586809866958418,,8.087330921553075,7.8254567524418235,0.06777039170265198,7.7576863607391715,0.0,5.7116400847355795,0.712887551183738,30.612288480139725,0.0,989.2443546228167,141.4186514652857,179.0383229444644,121.11463402231259,26.879648389379266,nan,nan,nan,nan,nan
1397,113,0.0,-67.0057914536109,8.331225565166696,-74.80921151822889,0.47059483020746934,,11.685670691542327,11.433123742230237,0.12456188909709454,11.308561853133142,0.0,21.117907157624234,4.8374538715618405,37.40460575911445,0.0,1831.6750898716161,235.85267377134244,298.00057402251815,196.36833156820185,57.788657022749106,nan,nan,nan,nan,nan
1398,720,38.8201951415604,128.31628985043622,125.52519806945882,7.585782973688552,4.422754263660524,5.741048336029053,41.507083620876074,40.94984349608421,0.7864244375377893,40.163419058546424,0.32772394362837076,42.19997322363856,17.383944292526678,35.027303654716135,12.657820615995108,11591.468939153334,1348.5273636655065,1901.5889962273209,1369.7280185530587,192.2067836120212,nan,nan,nan,nan,nan
1399,87,0.0,-70.69746838222055,3.076603191458827,-73.42303138232987,0.31105294037148956,,11.275447972118855,11.013460731133819,0.09635532181710005,10.917105409316719,0.0,23.251791380458762,2.0553282778255864,36.711515691164934,0.0,1408.6036763867407,185.6486193253878,236.4668429832982,149.95660888326134,23.63052078899349,nan,nan,nan,nan,nan
1400,81,0.0,-76.03004519965698,0.44896520561492465,-76.20307105088244,0.23102761841920713,,10.77417348884046,10.496175903826952,0.08976994920521975,10.406405954621732,0.0,3.0270728300207206,0.31991198047148844,38.101535525441236,0.0,1311.0633638278427,178.79259931845175,228.7845136896247,141.82287994811824,75.82483261338936,nan,nan,nan,nan,nan
1401,86,0.0,-72.69882397918568,2.2336668674367854,-74.62566508533594,0.2645019206493961,,10.153583464212716,9.900249228812754,0.09485574532300234,9.805393483489752,0.0,5.3053854927074955,1.4374969205855106,37.31283254266797,0.0,1392.1954826213148,179.78035740227693,227.52850424880302,158.48744969805531,29.09850909228137,nan,nan,nan,nan,nan
1402,720,42.5567541647596,145.3397115054332,133.20640612610882,16.992288389824566,4.504641974463124,,41.952038587071,41.70020653028041,0.7871958864852786,40.91301064379513,0.0,42.22095038583689,18.571903705308745,34.06060996984732,8.752596435493894,11628.5563845205,1340.02236638719,1894.938250960006,1327.766773835627,118.99341124799506,nan,nan,nan,nan,nan
1403,74,0.0,-56.431322361989174,4.3855297831007585,-60.523222666297926,0.2622592515435835,,9.022746762260795,8.771332992240787,0.08174489997327328,8.689588092267513,0.0,13.248105514255908,3.1974000925307693,30.26161133314897,0.0,1198.767846379997,143.56962948598047,178.86646386068676,144.77556294354906,19.28454544510442,nan,nan,nan,nan,nan
1404,108,0.0,-60.732860004395945,9.31009756833843,-69.50871914102372,0.47416515998511055,,10.962805612944067,10.717039889656007,0.11890513729304075,10.598134752362967,0.0,22.290386846917002,5.481686167315488,34.75435957051186,0.0,1752.3466057432943,226.64845969420747,284.01349873726474,213.81279431009858,23.230052820356363,nan,nan,nan,nan,nan
1405,93,0.0,-71.03755517485662,3.740207101346376,-74.42076672919501,0.3096726791984782,,12.285155527293682,12.022086271084845,0.10269114747643471,11.91939512360841,0.0,7.802867957662754,2.4631052260127437,37.210383364597504,0.0,1506.030015703237,192.09953798500516,243.20259067347232,166.0769272203676,10.546594473019448,nan,nan,nan,nan,nan
1406,84,0.0,-66.27660199858802,3.4759139040926033,-69.41496605455978,0.29864604478035306,,11.907076511532068,11.621931524015963,0.09287252184003592,11.529059002175927,0.0,22.2042657373196,2.3546664170516167,34.707483027279885,0.0,1362.312213527428,184.93812802535334,232.77193436668892,153.8636259707268,58.84662163771937,nan,nan,nan,nan,nan
1407,75,0.0,-58.017816611858834,3.8683616786601114,-61.55461027716051,0.2892680861967684,,8.681171246804297,8.438151217997074,0.08303085155785084,8.355120366439223,0.0,19.027244587544317,3.6349712266138323,30.777305138580253,0.0,1220.4029388091105,170.81434242764882,215.2549930675407,128.06625477783868,52.38749640355406,nan,nan,nan,nan,nan
1408,74,0.0,-68.14849705060169,1.3259880724857263,-69.17929659490584,0.24727603935633904,16.031274795532227,8.874306179583073,8.316576070152223,0.08181512542068958,8.234760944731534,0.29009132366627455,5.511526763785685,1.002173490455472,34.58964829745292,0.0,1198.7141494197176,172.49489821754645,219.74940247322132,138.85759391708297,20.466012737106606,nan,nan,nan,nan,nan
1409,68,0.0,-65.67339895298286,0.7909005923108222,-66.24415805125832,0.18678774261719483,,9.732633496634662,9.452162695117295,0.07609929144382477,9.37606340367347,0.0,3.948598563920824,0.46040918877236436,33.122079025629155,0.0,1101.7018221396318,141.13504018993834,178.29086476143024,118.06932312942693,34.754864921481754,nan,nan,nan,nan,nan
1410,720,65.89826248233342,206.33093048648593,144.610565008062,66.9555569235726,4.870704573739969,,42.4710294958204,42.21060111280531,0.7897827886044979,41.42081832420081,0.0,42.13396376833327,19.834678736782145,32.420484020547114,11.212438885174084,11623.639075205121,1379.4379517573864,1930.1852347663612,1335.8939034844695,140.00208860245354,nan,nan,nan,nan,nan
1411,136,0.0,-58.01081324305442,13.570595484113676,-70.86610436912768,0.6382261164730678,,14.703935623168945,14.443231377750635,0.14951338712126017,14.293717990629375,0.0,18.533834450911414,6.945175831418828,35.433052184563834,0.0,2197.3617171119704,287.53281071346635,364.58512685633684,257.6092694099836,17.71447404290746,nan,nan,nan,nan,nan
1412,89,0.0,-69.85219990101949,3.563805358736906,-73.05800365007295,0.3125956620554266,,9.66605767980218,9.426421071402729,0.09815402515232563,9.328267046250403,0.0,8.659355107455706,2.411734350257015,36.52900182503647,0.0,1441.2091680515293,192.4219565714064,244.1385390035734,172.6920841405027,5.012806449297764,nan,nan,nan,nan,nan
1413,720,35.04499708368231,105.6781257059834,116.46671456841152,-6.143679173521676,4.277757559153357,7.589978218078613,37.432783589698374,36.82162255421281,0.785982052795589,36.03564050141722,0.3443114524707198,42.03984023245066,15.588171961274238,38.11683667044316,13.59595443895428,11596.517231628508,1411.7078160428389,1935.371498342146,1340.4267939205436,183.8064041221466,nan,nan,nan,nan,nan
1414,103,0.0,-75.49139114457492,4.30930160560998,-79.39602839705991,0.3551194236802952,,11.819206575863063,11.560861770063639,0.11515331268310547,11.445708457380533,0.0,18.17676344661932,2.943814779001714,39.698014198529954,0.0,1668.3509652402663,213.7003684425913,270.4876407414706,183.74093559963143,34.83146483438788,nan,nan,nan,nan,nan
1415,77,0.0,-67.66607457775427,1.6141466371364448,-69.02010374107675,0.22178893445737252,,9.978326478973031,9.720612920820713,0.0864752633497119,9.634137657471001,0.0,5.5855409709352895,1.2444247012027063,34.51005187053838,0.0,1248.0697763278358,156.8071876418113,198.3139499853347,143.38028603319313,34.490711169803944,nan,nan,nan,nan,nan
1416,80,0.0,-64.76277361578522,3.4597755598333753,-67.91773071112635,0.2676973598197082,,8.85950148012489,8.603956184349954,0.08876972831785679,8.515186456032097,0.0,10.01162376209699,2.2439818658026516,33.95886535556317,0.0,1295.68681222077,162.12343865658542,204.41414137623744,151.3842396066341,41.168221863030965,nan,nan,nan,nan,nan
1417,88,0.0,-70.3720948594776,2.65718519715886,-72.7556590716153,0.24017655533858515,,11.265077343210578,11.011001020669937,0.09730677772313356,10.913694242946804,0.0,26.531382282794663,2.1872900540481126,36.37782953580765,0.0,1425.702599320144,147.7849513131287,184.99222027741314,159.37932731276064,30.371702254241626,nan,nan,nan,nan,nan
1418,67,0.0,-61.20778075399948,2.0591616554478747,-62.990331481229674,0.23630937496242935,,7.702522097155452,7.462953029200435,0.07427608501166105,7.388676944188774,0.0,5.951067303041429,1.438231086437144,31.495165740614834,0.0,1085.2961409200534,154.22323868697367,195.19839232770315,114.51460473211644,26.024459883785845,nan,nan,nan,nan,nan
1419,103,0.0,-58.08898324778075,8.308073411048182,-65.8855902887048,0.45837016010035253,,9.774569812230766,9.53608267661184,0.1137126637622714,9.42237001284957,0.0,29.544740971302673,5.865829083686877,32.9427951443524,0.0,1675.8804745513617,228.09049059733334,284.4113192442918,199.56423380641465,16.947325068628736,nan,nan,nan,nan,nan
1420,119,0.0,-69.87646193135714,7.908658156465465,-77.33863821072597,0.3992282653103502,,10.725905591621995,10.495842860080302,0.13106256816536188,10.36478029191494,0.0,23.166123310503064,4.634611281794277,38.66931910536298,0.0,1927.6853780533409,222.57338790669428,280.5294889233771,200.5146844981839,8.352653406406915,nan,nan,nan,nan,nan
1421,720,58.731948487630184,204.24316378362934,153.2823765492366,56.31553238682149,5.009747550558692,,40.19780388660729,39.95945335738361,0.7878111423924565,39.17164221499115,0.0,42.21599592323477,21.299924488992865,30.574182294219444,8.659118445390614,11601.252994693672,1320.0001300903316,1900.9508288806935,1296.1011786746567,128.59374115069184,nan,nan,nan,nan,nan
1422,88,0.0,-67.60902471949115,3.750707143120596,-71.04449570918736,0.27366234371194204,14.913009643554688,10.937579208984971,10.34675866458565,0.09730453416705132,10.249454130418599,0.30335184279829264,11.345176302459665,2.4780419377511738,35.52224785459367,0.0,1424.3909759578592,171.0993941896245,214.69912029857542,181.97567036442643,31.310974258419552,nan,nan,nan,nan,nan
1423,96,0.0,-68.12188397905919,5.7055430992912015,-73.38777683516665,0.38956439065923115,,10.50615456700325,10.242597162723541,0.10661763977259398,10.135979522950947,0.0,12.627919644178819,3.2900880398812595,36.69388841758333,0.0,1555.1405101863998,209.3487188431027,265.577149572347,174.5267105304413,30.33302232289598,nan,nan,nan,nan,nan
1424,720,63.06825210455834,195.89299290256236,142.0337147821629,58.97411509699401,4.722599866547681,,35.51517162937671,35.29777777567506,0.7866262746974826,34.511151500977576,0.0,42.26368296634213,19.51013416000473,33.58119455606132,10.141377691506072,11610.01243534425,1346.8511932372726,1911.0315404871421,1338.8787678975827,113.64558276583826,nan,nan,nan,nan,nan
1425,64,0.0,-58.78156066584409,1.6296062748582882,-60.18976250242945,0.1929206789515194,,10.751681384630501,10.44901654869318,0.07143074925988913,10.377585799433291,0.0,7.790578345909995,1.2091240725518868,30.094881251214726,0.0,1038.5687512053862,132.09302641701046,165.2093954485367,115.32905535009729,46.16482970457906,nan,nan,nan,nan,nan
1426,115,0.0,-57.41243843631865,10.47728904061217,-67.3136076384105,0.5166273160000175,,10.569461985491216,10.323581376112998,0.12672075536102057,10.196860620751977,0.0,22.298937165761252,6.306523273830184,33.65680381920525,0.0,1864.2835974044167,245.08470695986125,306.59913247123876,215.78429482641243,44.40677367033101,nan,nan,nan,nan,nan
1427,720,34.23409607177943,109.99829052274283,114.14943310903926,0.1914400525567146,4.005036511677532,18.07256507873535,42.89988171774894,42.308143366128206,0.7878083735704422,41.520334992557764,0.34337237663567066,41.29674862794422,15.47557829129594,34.138376045501076,13.894403570924101,11591.753369439088,1335.7612993340558,1803.3528704000273,1293.2507752501986,3.836889697576594,nan,nan,nan,nan,nan
1428,720,68.3261715420622,205.04436909999288,147.50751799799622,62.84431059995697,4.939322962191957,,40.136361124925315,39.88362609408796,0.7893035253509879,39.09432256873697,0.0,42.26369748697373,20.522097553029194,36.90401624208371,11.398526428867973,11605.410131319855,1356.6337174827138,1917.275734879096,1319.441317197983,12.802841978808692,nan,nan,nan,nan,nan
1429,109,0.0,-72.92485150188259,7.2609339541431694,-79.69857575731841,0.42911461388801236,,10.913958679884672,10.650469946675003,0.12019733991473913,10.530272606760263,0.0,20.279183304143416,3.665237737701386,39.8492878786592,0.0,1762.330244731154,225.20007146204173,287.2467824881525,206.85580694793833,18.988462965594884,nan,nan,nan,nan,nan
1430,720,61.72702557713306,183.9736914948584,133.38625870965166,55.34994098511223,4.406756457885758,4.229517936706543,41.82946935389191,41.252923456951976,0.7904644012451172,40.46245905570686,0.317596054635942,42.2560747271607,17.96392849676503,34.05205508457695,19.777856631569023,11584.662313455872,1339.5234656542214,1855.2997102480415,1288.5368015887777,83.70320981985151,nan,nan,nan,nan,nan
1431,84,0.0,-72.19432963622586,2.09845267247075,-74.00636487582034,0.2478326023461238,,11.141355379484594,10.884706658311188,0.09327803924679756,10.79142861906439,0.0,5.5139259580259266,1.2411351901703702,37.00318243791016,0.0,1360.179563733218,170.52240962858002,214.55589507877,160.06940207004257,31.219267321756757,nan,nan,nan,nan,nan
1432,102,0.0,-66.24503303496323,6.8590669614131246,-72.64185248623232,0.41288748438128625,,10.19289826322347,9.938850441016257,0.11259521823376417,9.826255222782493,0.0,14.911989485236088,3.652740859897845,36.32092624311617,0.0,1651.1998848463904,216.35316704468153,274.7657555091873,190.3137884938022,36.078137239397044,nan,nan,nan,nan,nan
1433,85,0.0,-57.38230997958531,6.7329568460330576,-63.68756690875415,0.38129458471985783,,8.029180461540818,7.789734100922942,0.0935944002121687,7.6961397007107735,0.0,17.18866552008428,4.34165980594552,31.84378345437708,0.0,1381.4235221783217,193.09376350778183,244.16051301317304,156.1045255345262,44.70234177963867,nan,nan,nan,nan,nan
1434,720,64.11671316435375,185.3267055788652,140.64920382445635,49.63256275699533,4.598865833814471,,41.95209809206426,41.69303644169122,0.7875211918726563,40.90551524981856,0.0,42.26256859065584,19.074815923769034,39.30043178585609,15.198519292450921,11591.014380180255,1280.91780790837,1849.4771955185977,1307.2113906448315,22.83209566457738,nan,nan,nan,nan,nan
1435,720,60.66460680977879,170.42700508709552,131.49818688459615,43.747336090365536,4.4563300108484025,4.728219985961914,45.068301955237985,44.47840831801295,0.7868295973166823,43.69157872069627,0.32992751616984606,42.211033556981576,17.796373672370468,38.79093876459602,14.778033026705033,11593.588884615627,1353.7188735453958,1902.2032339454454,1346.4394811593797,60.695215556008854,nan,nan,nan,nan,nan
1436,95,0.0,-74.10309832960654,3.465478044720016,-77.15496980037285,0.360985609082381,,12.187980204820633,11.912568250671029,0.10594845563173294,11.806619795039296,0.0,15.88008267347304,2.5812379691250666,38.577484900186434,0.0,1539.5047576502925,220.97610099836726,281.0369002288803,173.70670111208284,66.42846924535921,nan,nan,nan,nan,nan
1437,105,0.0,-67.83444823656481,7.462689813277702,-74.81335298657143,0.42944882162674725,,10.089174892753363,9.842437027953565,0.116442552767694,9.725994475185871,0.0,18.682249386132327,4.045238714859242,37.406676493285715,0.0,1699.6494055735761,223.2390052263573,283.5742794687922,191.27465096818497,5.186443751998532,nan,nan,nan,nan,nan
1438,200,0.0,-46.33917186519962,24.399783363271716,-69.60788070423095,1.0248907617859755,,15.07022762671113,14.834005347453058,0.21987811103463173,14.614127236418426,0.0,32.53216447742916,9.862087024568908,34.80394035211546,0.0,3251.880398044103,440.7824206670793,551.640994545727,363.1500386431533,18.548000114875386,nan,nan,nan,nan,nan
1439,92,0.0,-65.61612122461001,5.694723819235874,-70.91624631284378,0.3469469521502162,,9.282552695833147,9.040913190692663,0.10161073971539736,8.939302450977266,0.0,9.503667672979129,3.316481078843332,35.45812315642189,0.0,1490.0378852037195,190.8843302328167,241.07209479199406,184.79196347423715,34.352223145012516,nan,nan,nan,nan,nan
1440,111,0.0,-48.45158922535605,12.274520079430884,-60.17470050574617,0.5077322019081716,,12.821772358380258,12.543457093648612,0.12266829516738653,12.420788798481226,0.0,26.519098941432595,7.176343311171163,30.087350252873087,0.0,1803.9442139729488,227.30083721933937,282.856226345237,184.238861404547,59.928586395643705,nan,nan,nan,nan,nan
1441,82,0.0,-69.18182071793092,2.204196365279434,-71.10201249286642,0.24587818083493898,,10.315812283195555,10.04991602897644,0.0908938767388463,9.959022152237594,0.0,7.3393300287122605,1.7265116919746089,35.55100624643321,0.0,1328.221301336519,165.50732128617992,208.99465632250403,147.5465115773687,15.647353560607248,nan,nan,nan,nan,nan
1442,162,0.0,-51.15849341152504,18.299316949397625,-68.64257310121245,0.740904353675089,,15.610307965427637,15.365021345205605,0.17839915584772825,15.186622189357877,0.0,27.066368896000565,8.696314139350033,34.321286550606224,0.0,2635.013280690333,330.5061434317391,410.3314328193184,311.06280691732616,34.10590001146744,nan,nan,nan,nan,nan
1443,720,79.62956937651202,235.86777878837597,157.37870283827579,83.97378234936612,5.1208089356028985,21.388586044311523,45.26955349184573,44.68712322227657,0.7883055247366428,43.898817697539926,0.3187337564304471,42.263416805310484,21.379274744828855,37.642678201828936,9.905705445814949,11608.064308622814,1342.3051274928837,1926.284247386352,1342.4588395380754,47.03910680457794,nan,nan,nan,nan,nan
1444,720,55.5692270592352,184.19041734815627,146.2658460373889,43.25392080952088,4.9487051600871155,,40.942090696655214,40.691830358467996,0.7876504641026258,39.90417989436537,0.0,42.11263861332435,20.365948146900976,33.94226665447477,9.344295009223297,11611.541885319253,1365.1286588207256,1981.3748705370697,1343.643850779051,122.26832932403372,nan,nan,nan,nan,nan
1445,720,58.15467978562129,191.65998878531283,144.31433311006202,52.733382729101905,5.018466372219284,4.20998477935791,39.96751506347209,39.4180564135313,0.7866265438497066,38.6314298696816,0.29901139438152313,42.08984790588525,19.403083811968706,31.787988421070327,11.809585789102387,11597.002611969778,1355.2449786845766,1959.6388069906088,1325.6320050618442,62.64033169335572,nan,nan,nan,nan,nan
1446,116,0.0,-52.333174632092195,12.061721355572427,-63.73657799037342,0.5963213298700037,,12.559139761142433,12.318888643756509,0.12874525226652622,12.190143391489983,0.0,28.675104485874446,7.258021926311555,31.868288995186706,0.0,1887.3102455225155,252.48381947104812,316.296562923929,211.56253765047836,73.35674141065209,nan,nan,nan,nan,nan
1447,114,0.0,-66.39577086263665,8.569085779683379,-74.41406257101727,0.4891256469874648,,13.12136306706816,12.867672014050186,0.12590906023979187,12.741762953810394,0.0,19.991932803859118,4.910780153830815,37.20703128550864,0.0,1845.1596909064233,250.1930263055705,316.2462477804838,220.02131823453024,69.02106012270127,nan,nan,nan,nan,nan
1448,720,57.40098941255234,169.79157590817564,134.1562448221158,40.517520128068966,4.541895137755154,,42.41645906120539,42.14517071377486,0.7880396535620093,41.35713106021285,0.0,42.227860764478805,17.875550179872697,37.14222934851785,14.117015682828447,11592.791394373544,1320.116935333583,1872.7483995249,1300.0618853729673,168.9875186625046,nan,nan,nan,nan,nan
1449,70,0.0,-62.665090857349135,2.0072525530846024,-64.40475707419944,0.23198819088812173,,8.245844076387584,8.001588905230165,0.07751773577183485,7.92407116945833,0.0,7.528101198760904,1.4899109833535273,32.202378537099726,0.0,1134.9988193068584,153.3910749737849,194.15547121133062,121.6167668867161,46.59946553712286,nan,nan,nan,nan,nan
1450,87,0.0,-68.66841793579793,3.6739760338963556,-71.97224765844891,0.3282885111091477,,7.936009398661554,7.7134364154189825,0.0961714992299676,7.617264916189015,0.0,9.855381598808352,2.3638862751693335,35.98612382922446,0.0,1408.5432862647763,192.01642460988938,244.70554726508018,142.93185578154106,42.64993778815123,nan,nan,nan,nan,nan
1451,148,0.0,-58.28727772620468,15.45909545856298,-72.95564533641527,0.7160226306692987,,15.369292321614921,15.116918238811195,0.16340399719774723,14.953514241613448,0.0,21.35391782811661,7.398016939053144,36.477822668207644,0.0,2394.1037289552064,320.24125717244635,405.0559450802739,282.1203520569808,54.12712444851946,nan,nan,nan,nan,nan
1452,89,0.0,-74.28277920259073,2.6887641359437207,-76.61055539173717,0.3051786790521901,,12.476991310715675,12.177164646796882,0.09918266907334328,12.077981977723539,0.0,11.18873020907362,1.839662902657347,38.30527769586859,0.0,1440.1771411366396,197.92571486249886,250.6897487681011,166.64869430812962,38.835447212409484,nan,nan,nan,nan,nan
1453,71,0.0,-64.15193087734112,1.8565324716736709,-65.7386180833139,0.23304891481783716,,9.093541787937284,8.836750633083284,0.07886202726513147,8.757888605818152,0.0,5.070169928130494,1.5291596087758188,32.86930904165694,0.0,1149.8868515898,157.4594067240835,199.27047203394446,128.41852807240653,26.970454266034945,nan,nan,nan,nan,nan
1454,720,27.384297411519675,95.40956248281013,112.99491090356987,-12.76654959514208,4.434276028990578,15.210607528686523,40.61083498690277,39.928612873889506,0.7879955414682627,39.14061733242124,0.4186394875869155,42.08485678646094,15.491610902666018,33.767572209090716,8.954625818994842,11610.298449374328,1463.4551078516336,1998.6353961036993,1323.9045051022958,165.74059772110138,nan,nan,nan,nan,nan
1455,720,52.39874349646727,179.53924708785993,141.2290889502602,43.325346019534734,4.6565744368969035,,38.35125632863492,38.122779726050794,0.7885329816490412,37.33424674440175,0.0,42.2631444288581,19.083083180778054,30.736070486699894,16.738882066530326,11594.277045083145,1349.3100736557114,1881.446436480577,1372.4638221263165,224.9950812979978,nan,nan,nan,nan,nan
1456,87,0.0,-69.0991817873221,2.8807834106242347,-71.66285476444088,0.2796020914908408,,8.503373576328158,8.274924514815211,0.09608341287821531,8.178841101936996,0.0,11.573587646310115,2.0351859929535214,35.83142738222044,0.0,1410.1122966083196,177.14638481373623,223.48652319116835,136.8839509846192,30.46798665257569,nan,nan,nan,nan,nan
1457,70,0.0,-59.49979981112165,2.8227388074160897,-62.038262354197,0.24976543778029395,,8.48797531798482,8.23589658178389,0.07733731158077717,8.158559270203114,0.0,10.361487935894596,2.011207752875819,31.0191311770985,0.0,1133.802148845993,151.1239023387268,192.25800398472688,119.74816939546882,34.413171926683326,nan,nan,nan,nan,nan
1458,82,0.0,-74.36470940891539,1.4965130985456987,-75.55454869975179,0.26269129255406876,,9.825150185264647,9.577144162729383,0.09075140580534935,9.486392756924033,0.0,3.137489319171612,0.9174666055140661,37.77727434987589,0.0,1326.471587526898,186.01792652751357,237.34453025202924,140.73521035957427,29.954719860687785,nan,nan,nan,nan,nan
1459,134,0.0,-68.95004506836118,10.710664387462757,-78.99775145863018,0.5940423238545274,,13.770679666660726,13.5101398807019,0.14755447395145893,13.36258540675044,0.0,28.2616191152882,5.786670160519165,39.498875729315095,0.0,2171.2413144002603,289.9192714765002,368.06364195828115,252.82254318412302,43.04068519231286,nan,nan,nan,nan,nan
1460,91,0.0,-55.77227940981531,7.464725341627248,-62.84009129223254,0.3530860756204871,,11.831846443936229,11.556556862778962,0.10057718586176634,11.455979676917195,0.0,16.558954493511806,4.8805800421014025,31.42004564611626,0.0,1477.8922918330973,176.36324234195064,221.25654592483698,185.55366234853625,32.961082630957634,nan,nan,nan,nan,nan
1461,100,0.0,-53.348352154504695,9.79896087444819,-62.657069905587285,0.44452031733797037,,11.31777396518737,11.062179673463106,0.11062898207455873,10.951550691388547,0.0,20.08066929868294,5.84534779536967,31.328534952793646,0.0,1619.1826697496151,209.19882236405851,263.3212355708417,179.07656642023042,22.649841544651782,nan,nan,nan,nan,nan
1462,75,0.0,-65.99002483563146,2.073749843614175,-67.77234761647566,0.25049723071980984,,7.529416861943901,7.30615272000432,0.08294218871742487,7.223210531286895,0.0,10.597945223536907,1.3606760234796575,33.88617380823783,0.0,1214.6260064604937,165.82592894678766,209.8185478832221,136.1541435954499,17.028765468151665,nan,nan,nan,nan,nan
1463,91,0.0,-72.64103138990863,3.35225744982805,-75.65654822167774,0.2982109212314912,20.66742706298828,14.122800547629595,13.545458871871233,0.10063076950609684,13.444828102365136,0.3033727779984474,9.592072599493733,1.8554704025132456,37.82827411083887,0.0,1472.6091520326188,184.9506299617565,235.36649519609486,144.91949211132948,32.785824636409686,nan,nan,nan,nan,nan
1464,120,0.0,-56.92273115658582,11.849934134137124,-68.15065081504783,0.5599440419110847,,10.857759087346494,10.624089045450091,0.1331340717151761,10.490954973734915,0.0,18.795618283969922,6.70315753458438,34.07532540752391,0.0,1949.0612458312605,258.88169338555406,325.33011705692843,219.0775222817401,44.358643996971296,nan,nan,nan,nan,nan
1465,720,15.886544190737121,53.51690936516986,104.86292286660053,-46.94852737222959,4.042722636848106,,44.96530122216791,44.749785371124744,0.7876637009903789,43.962121670134366,0.0,42.205641635197765,14.003342134538851,39.360807876851915,14.008879059495316,11588.677014989833,1455.3936978819106,1937.1436284572749,1285.2709442042878,81.81506124205482,nan,nan,nan,nan,nan
1466,128,0.0,-64.3086795568579,10.346296967170506,-74.02046146172633,0.5760710290925273,,14.325073982588947,14.063785071484745,0.14172773901373148,13.922057332471013,0.0,26.50800438289048,6.408200659506654,37.010230730863164,0.0,2081.306355390832,281.85392702386184,354.40304586664905,220.46151450430776,80.12076891511006,nan,nan,nan,nan,nan
1467,67,0.0,-65.90574634557348,0.4690203795047063,-66.14164439693066,0.19900063566592308,,10.609667376615107,10.320139490067959,0.07478393148630857,10.24535555858165,0.0,2.1114008091350045,0.38639780380196764,33.070822198465336,0.0,1085.4956106918382,154.18778943164548,195.61328014735145,118.26371049866462,15.828069922175601,nan,nan,nan,nan,nan
1468,80,0.0,-71.92655815471007,1.5537020047988201,-73.17368706210686,0.26417504540123304,,11.412204219959676,11.142306818626821,0.0888079795986414,11.05349883902818,0.0,8.203666241219592,1.0861583286799195,36.58684353105343,0.0,1295.5971388204507,184.27911113282542,234.3258125068649,139.73077895323183,14.783946801101683,nan,nan,nan,nan,nan
1469,720,72.83783261219128,223.07962331121058,152.3592185553859,76.26340757754751,5.1589693501003735,15.398695945739746,41.54548032581806,40.904508117586374,0.7887477520853281,40.115760365501046,0.38357663340866566,42.26215422679692,20.64581005852153,34.70612882341752,21.56525617592391,11582.801513535087,1331.8260860727753,1964.022873045034,1322.072738472549,177.04448126324596,nan,nan,nan,nan,nan
1470,720,50.353219291190435,167.40582992415435,145.14863088532948,27.549497138858598,4.900772994717255,,42.14907630626112,41.90887621231377,0.7886355640366673,41.120240648277104,0.0,42.2634412270794,20.010698310660963,36.578470721761136,16.779226485818565,11586.783498889077,1340.0218863714847,1917.2987599907544,1375.8737009327033,51.55735265280804,nan,nan,nan,nan,nan
1471,720,57.82846572362747,205.04770730291403,166.99269143068327,43.417562298156795,4.99703043121484,2.004298686981201,42.15225072950125,41.58440046105534,0.7885255636647344,40.795874897390604,0.287547810934484,42.25253610053709,22.238604576661977,36.11968457454907,28.751525738238666,11582.399999999916,1225.1532397895264,1827.8680158117581,1343.9447274332485,27.892531676252567,nan,nan,nan,nan,nan
1472,126,0.0,-54.31057299666004,13.284991387304515,-67.04024204150137,0.5047173165368396,,11.274421607144177,11.02230851072818,0.13918587937951088,10.88312263134867,0.0,22.032535389599264,6.938140926091529,33.520121020750686,0.0,2043.2719687894623,230.31625365068763,288.0919350693507,221.10484008003468,30.177113106900315,nan,nan,nan,nan,nan
1473,720,51.42303403558852,155.63558996889228,124.85822780885177,35.841814455737975,4.704852960663464,,46.84768021013588,46.610622490756214,0.786967464722693,45.82365502603352,0.0,42.26138192356142,17.254020382136808,33.50212680771954,9.893102460400142,11611.730570683945,1459.226155618086,2015.0815151762201,1253.614394230858,185.60265391568544,nan,nan,nan,nan,nan
1474,720,61.152399808403665,189.0840864283837,139.11028631842404,55.083807380955804,4.752284742987509,7.558909893035889,37.97645256854594,37.4085784740746,0.7864780081436038,36.622100465931,0.3396186474710703,42.26372582623797,18.502668920463613,33.610496117925756,9.40135860036602,11631.760825251955,1401.3015291765364,1923.0685588041686,1302.2741279868378,226.81083219000024,nan,nan,nan,nan,nan
1475,720,56.82548392615272,194.97785391427996,156.8840900788984,43.04974335346115,4.602933230258477,,40.06958356034011,39.854505565948784,0.7849601274356246,39.06954543851316,0.0,42.25373754309853,21.13090081778415,35.300612249422144,22.515322034413188,11582.693530231414,1248.9272315912415,1818.7348388687174,1327.9236393780307,107.2739396862255,nan,nan,nan,nan,nan
1476,65,0.0,-64.51612846241387,0.2870079435251864,-64.60229200712291,0.17008497699426672,,7.91319730412215,7.6595773454755545,0.0717406440526247,7.58783670142293,0.0,1.3975829384705183,0.21047732362028648,32.301146003561456,0.0,1053.4474149459172,134.93534996969868,169.1724092129028,125.14629297550492,8.827232200492851,nan,nan,nan,nan,nan
1477,720,57.67564485427378,173.19179874022805,141.6953586917992,36.465110236047906,4.579758757814516,7.396973609924316,43.250554978847504,42.70837908890098,0.7857705382630229,41.92260855063796,0.29132966324687004,42.263536086023855,19.710508981489774,39.443089736249824,9.292606285249962,11618.352909190573,1343.0623663982617,1873.7384568550376,1377.5754438526606,180.0075514714661,nan,nan,nan,nan,nan
1478,89,0.0,-72.9848138144722,2.1541394833237963,-74.83662582116257,0.26352505660655134,,12.733271754346788,12.456584726460278,0.099655588157475,12.356929138302803,0.0,12.44643887700002,1.6127652598565552,37.41831291058128,0.0,1441.906163100438,181.47548248023318,229.365121944206,161.8957308083005,26.780698390039944,nan,nan,nan,nan,nan
1479,68,0.0,-57.350931308178126,3.147832991546836,-60.224080263251395,0.23823320062649125,,7.2851006565615535,7.053665830753744,0.07607164327055216,6.9775941874831915,0.0,8.121242841762625,2.2287321235712407,30.112040131625704,0.0,1103.2746594630344,144.705077304472,181.33927168106305,124.6316351355247,20.258089145703618,nan,nan,nan,nan,nan
1480,720,77.64849275172212,268.57070582294455,181.3263159851027,92.79193349186056,5.204834882085793,,37.04991634748876,36.797551127150655,0.7880860380828381,36.00946508906782,0.0,42.235594193149886,23.6826412315091,31.252526005791836,20.167719811134656,11584.61646486498,1213.3467461644093,1781.5250187200277,1305.4227111924808,153.48019538897802,nan,nan,nan,nan,nan
1481,76,0.0,-60.828339945313836,3.5409246588515577,-64.04936976607553,0.2855067650729718,,9.026809408329427,8.776992958970368,0.08415977098047733,8.69283318798989,0.0,19.730997035010645,2.655765553289219,32.024684883037764,0.0,1232.9822605369131,164.41927439523135,206.82062618270257,118.68541268148306,16.818165311495154,nan,nan,nan,nan,nan
1482,92,0.0,-59.8258378436156,6.8848244367644105,-66.29262482305091,0.37589248594581326,,11.118778645060956,10.857696992345154,0.10188667941838503,10.75581031292677,0.0,20.469345269567192,4.2595045329878545,33.14631241152546,0.0,1492.8485352331154,190.76082338156036,239.9504092607252,160.40162996670352,11.70680687271371,nan,nan,nan,nan,nan
1483,105,0.0,-56.6760179981886,8.851472406787057,-65.02265632669484,0.4531107010022584,,12.155111085623503,11.891662056557834,0.11618988588452339,11.77547217067331,0.0,28.160688508026357,5.953420242222672,32.51132816334743,0.0,1704.1954117876353,221.48184850438608,276.1275063211863,210.9141082080187,23.59055911833519,nan,nan,nan,nan,nan
1484,147,0.0,-44.57804470319088,18.073083507135845,-61.81811274979547,0.75520846012641,,13.809040572494268,13.558640054427087,0.1618514098227024,13.396788644604385,0.0,30.71784499243361,9.226023418631412,30.90905637489773,0.0,2393.227143852541,319.2057334348096,397.3669234394185,273.6126172013956,59.517766757527795,nan,nan,nan,nan,nan
1485,71,0.0,-56.35808138454046,4.371212386637168,-60.39363728471772,0.29652479250349895,,10.983155459165573,10.707209131680429,0.07862847205251455,10.628580659627914,0.0,18.530496032708577,3.2103213941919293,30.196818642358856,0.0,1153.1071917877928,165.72090682950912,207.045540206885,136.91795259772505,3.6333539212127928,nan,nan,nan,nan,nan
1486,96,0.0,-71.74428019639657,4.48726232378758,-75.84680348240323,0.3392170492963581,14.879815101623535,10.244298829697073,9.70816257968545,0.10576904937624931,9.6023935303092,0.2930379007011652,10.944426002758307,2.627486626378604,37.92340174120161,0.0,1553.776312731944,203.1420265005955,258.7941579579581,166.64775100772823,31.124656211295655,nan,nan,nan,nan,nan
1487,72,0.0,-60.87814175510356,2.804944154482058,-63.38358305901987,0.2562217983035651,,10.275887965224683,10.002883698791265,0.08058952447026968,9.922294174320996,0.0,10.732269096109171,2.1216405272653764,31.69179152950994,0.0,1167.926478060319,161.98916477521132,203.83278077160094,136.83908634008617,17.558812641053088,nan,nan,nan,nan,nan
1488,720,51.208959573411846,156.68090871915237,134.92110031015503,26.927969326046295,4.798206656354466,,45.552566022612154,45.280252129770815,0.7872047489508986,44.49304738081992,0.0,42.26358993566972,18.91216941763796,37.744974910388706,14.847844840849934,11589.720726588846,1371.5185642766219,1983.2428763451294,1281.4876862149936,198.1338669151636,nan,nan,nan,nan,nan
1489,176,0.0,-58.62841207700136,19.184747122789307,-76.92116323940701,0.8124666748372518,,14.501478919759393,14.261938536539674,0.1929776817560196,14.068960854783654,0.0,35.40280631087273,8.028393452009198,38.46058161970349,0.0,2858.974058773758,363.53491697455735,457.20949145443535,302.9760754238747,94.87211596481693,nan,nan,nan,nan,nan
1490,120,0.0,-68.38246186972844,9.3285824311822,-77.1326419101482,0.5147536043611147,,12.43280612770468,12.178091138601303,0.13186807092279196,12.046223067678511,0.0,19.671260721737276,5.330735231557435,38.566320955074104,0.0,1948.444542368623,259.5089275460788,329.45514205560005,214.41953562121367,48.220929399933944,nan,nan,nan,nan,nan
1491,86,0.0,-64.60060950405762,4.5497141528112115,-68.79694610781391,0.3124203530842446,,9.106759767979383,8.856374152936041,0.09496338665485382,8.761410766281188,0.0,13.928740170922815,2.882952694289185,34.39847305390695,0.0,1392.0942285982214,180.87579881373412,227.75067294373838,153.12066547121708,38.89125766735547,nan,nan,nan,nan,nan
1492,77,0.0,-57.80922471004415,4.431912106459334,-61.948540787899915,0.2600763028404359,,8.421132855117321,8.17695463821292,0.0850850660353899,8.09186957217753,0.0,17.3265607649181,3.3682939276840576,30.974270393949954,0.0,1249.9060645612324,150.4929156770513,186.83815813057373,135.66957802356868,10.426378523543079,nan,nan,nan,nan,nan
1493,71,0.0,-65.28422184991229,1.3250369097612305,-66.36735109588439,0.20864207122122524,,10.278736953623593,10.014447331428528,0.07866573985666037,9.935781591571867,0.0,8.792558179391664,1.1216873769320868,33.183675547942194,0.0,1151.3567844392007,147.68385759720675,185.2569289303319,129.31672729596733,12.309721855177,nan,nan,nan,nan,nan
1494,70,0.0,-62.778747590337616,2.0984578426707294,-64.61679911435266,0.22299700182000923,,9.345064247958362,9.088744442909956,0.07707065902650356,9.011673783883452,0.0,8.249485923730706,1.688047349701698,32.30839955717633,0.0,1134.8092021460293,151.63383103246088,190.77095251176934,142.35062706348958,31.994716596988148,nan,nan,nan,nan,nan
1495,720,49.131727619663735,145.26549857984597,130.0052754833282,20.574685485125656,4.921362101851742,6.329227924346924,40.541414071805775,39.87491794396192,0.7846403755247593,39.09027756843716,0.42790178023278713,41.53686643841933,18.127509648044832,38.844384877100914,14.142369186423325,11590.121809206787,1406.6385810159732,2036.8906801513906,1319.7551548715574,255.21765405543593,nan,nan,nan,nan,nan
1496,720,42.10207466574707,166.16344377831442,155.6627186628327,15.789659833601903,4.944311663509851,,40.24907023180276,39.99494241178036,0.7888519885018468,39.20609042327851,0.0,42.26334346260109,21.681992295466046,34.20724474894612,17.685446115990672,11586.125940854816,1271.3322066965536,1868.5084971300057,1301.7041334761516,189.84768607027056,nan,nan,nan,nan,nan
1497,80,0.0,-74.54843420157427,0.4884534297030618,-74.78382882946467,0.21223260448673698,,10.206703853793442,9.94554475415498,0.08843218721449375,9.857112566940486,0.0,5.001935076392633,0.4413898930915911,37.39191441473233,0.0,1294.8416713758163,163.38437396715622,205.64081969934242,153.0127936025605,38.69072284824692,nan,nan,nan,nan,nan
1498,720,55.60133783643554,179.47052624593283,149.87932243647802,35.179946894026514,5.2240137025472,2.6996054649353027,39.055325656197965,38.54141151346266,0.7850513057783246,37.75636020768434,0.2879955116659403,42.25158313730031,20.534898435358816,38.01136438942228,30.293620160828326,11582.399999999896,1341.1465331865734,1994.2710718021474,1287.772330763698,271.69050604530554,nan,nan,nan,nan,nan
1499,74,0.0,-63.64765742213568,1.9719839983342615,-65.36282512806103,0.21799996268149316,,7.118699968792498,6.888378901407123,0.08268570061773062,6.805693200789392,0.0,11.444450769149226,1.5603333416252412,32.681412564030516,0.0,1200.3217001980825,148.29616340066377,185.81018624259568,154.64447108365596,21.282547824364293,nan,nan,nan,nan,nan
1500,85,0.0,-75.71229515193485,1.3974264908964134,-76.79287003917378,0.2664760022666018,,13.024983157403767,12.717834098264575,0.09450377430766821,12.623330323956907,0.0,5.246774376723928,1.0227698457200807,38.3964350195869,0.0,1375.7703581735882,190.70850777492632,243.2953496152968,157.35827429405748,14.42843645297133,nan,nan,nan,nan,nan
1501,114,0.0,-73.13319436660521,6.903288904668069,-79.51261917201994,0.4662185108571993,,12.666542341001332,12.394579301588237,0.12557035498321056,12.269008946605027,0.0,26.783749687601652,4.375890526599478,39.756309586009976,0.0,1850.0867146943594,250.7767832442938,319.19725064589335,181.78944298556345,51.36046216027911,nan,nan,nan,nan,nan
1502,80,0.0,-72.41151738318408,1.3953636916306789,-73.5233427146626,0.24088730284070758,,10.453350802883506,10.191196310333908,0.08847985044121742,10.10271645989269,0.0,17.78950716731676,0.9812905414756837,36.7616713573313,0.0,1294.708878725803,167.55086483526352,211.6237553800683,149.9915482066917,13.512009098433932,nan,nan,nan,nan,nan
1503,85,0.0,-59.66765814832195,5.407835484929972,-64.6473033047202,0.37312913759635224,,10.528922737576067,10.279437568038702,0.09366363380104303,10.185773934237659,0.0,17.566990217952867,3.8135501547089286,32.323651652360105,0.0,1377.4089380859068,197.4918488452754,251.91918928183162,159.62051254904284,79.20774765434588,nan,nan,nan,nan,nan
1504,720,67.18948740535858,206.13810964426725,153.12515512344078,57.876473162482796,4.510628400582741,,39.18438490014523,38.940700797364116,0.7854108903557062,38.15528990700841,0.0,42.26376269448989,20.01030983543797,38.25125082411718,15.531386175703554,11590.456770093253,1229.504171397372,1772.1668701438105,1338.9757193654877,121.93506758195356,nan,nan,nan,nan,nan
1505,83,0.0,-55.65265263086458,5.56929984491247,-60.88743800774138,0.29384775419155024,,9.201276131905615,8.956471758894622,0.09162045177072287,8.8648513071239,0.0,19.193581014630215,4.635594622472607,30.44371900387069,0.0,1351.1256082143625,167.25303712571122,209.6577807367471,163.35957103914183,24.170566369178587,nan,nan,nan,nan,nan
1506,720,44.88922608677636,135.04732852193678,122.12443584356546,17.831955362695922,4.530393207197194,5.752678394317627,42.57297848444432,41.95483739301562,0.7879693834111094,41.166868009604514,0.3712220462039113,42.22106720726961,16.993707117487872,35.97324840542839,14.502079796866592,11596.387598752344,1390.2418970386868,1956.3447033034333,1311.4057800795742,145.16859817026287,nan,nan,nan,nan,nan
1507,218,0.0,-55.00563278551275,24.652029132193274,-78.52334175032554,1.0318943756051098,,16.798047157004476,16.551122062839568,0.2399604106321931,16.311161652207375,0.0,37.84707406332087,9.511401713971445,39.26167087516275,0.0,3547.7396277883504,456.34364077177275,568.8781622870656,405.8382353696722,123.67139441539311,nan,nan,nan,nan,nan
1508,82,0.0,-69.0151875142015,2.522371063985622,-71.2630170595287,0.24209978197169696,,9.511339964345098,9.24950972944498,0.09073926880955696,9.158770460635424,0.0,5.317350105972304,1.5898227394428035,35.63150852976435,0.0,1328.0702586952352,159.7470723912339,203.2273185062619,132.93800885513824,30.713605242847063,nan,nan,nan,nan,nan
1509,81,0.0,-58.55756587388274,4.487421423954161,-62.73091894359395,0.2846083344977679,,8.414977700449526,8.151271771639585,0.08946182858198881,8.061809943057597,0.0,17.114534564079932,3.3206102699495035,31.36545947179698,0.0,1314.075368091684,159.38438558229205,199.63956295599823,141.37863615261224,26.791087538080486,nan,nan,nan,nan,nan
1510,83,0.0,-68.4962251893361,2.9151744312419106,-71.10136925087144,0.2712408376353837,,7.849224437959492,7.623181116767228,0.09150214027613401,7.531678976491094,0.0,10.326131410959013,2.1046109705520046,35.55068462543573,0.0,1344.2526953154534,172.0250992125977,217.48745654102703,151.33624809123907,27.752548931348873,nan,nan,nan,nan,nan
1511,163,0.0,-52.073224551511885,17.635119122035853,-68.76638030620833,0.8574603583117054,,15.412859258241951,15.15618844423443,0.17871100269258022,14.97747744154185,0.0,30.922742582096287,8.738548252458607,34.38319015310417,0.0,2645.8835884815776,376.9951574162217,474.34626855039176,281.86209436527224,53.096758187787174,nan,nan,nan,nan,nan
1512,87,0.0,-64.86222616353272,4.890661985680257,-69.40489641366887,0.30860792611965754,,10.3996287221089,10.155176730826497,0.09592847060412169,10.059248260222375,0.0,17.415975538497445,3.0539316527151392,34.70244820683443,0.0,1407.5050138175145,179.6467726502082,227.16074398185972,161.36316742053856,62.99302140634889,nan,nan,nan,nan,nan
1513,64,0.0,-58.86832476394246,1.3879505739396754,-60.056994646182424,0.17287362270481477,,8.952013335190713,8.703430759720504,0.0708055691793561,8.632625190541148,0.0,4.073707950707114,0.8691086047818879,30.028497323091212,0.0,1038.624771577665,120.90820639756622,151.15202004072466,112.34302993987582,24.379386635963503,nan,nan,nan,nan,nan
1514,96,0.0,-73.91183652089617,3.64043019978791,-77.16660195251484,0.33671347398936863,,11.512260556221008,11.26655853446573,0.10558314807713032,11.1609753863886,0.0,11.456888853463528,2.3955407869180365,38.583300976257426,0.0,1554.2161277201758,205.99151827942097,260.7458682188508,184.66782943693525,51.352190423515566,nan,nan,nan,nan,nan
1515,94,0.0,-62.766878490698694,6.26746165664004,-68.67208763349582,0.33005328313266963,,10.88353876862675,10.614249369129539,0.10376802645623684,10.510481342673302,0.0,14.838730728778877,3.620238413899732,34.33604381674791,0.0,1520.8801963228952,178.88767828037325,224.86350620802162,161.15295443937524,69.37452256692195,nan,nan,nan,nan,nan
1516,78,0.0,-65.99789803043176,2.336008576886677,-68.04063638323815,0.2541662607540933,,12.034363744780421,11.74063709191978,0.08655675873160362,11.654080333188176,0.0,9.574705052061958,1.9590817771192615,34.02031819161907,0.0,1263.8966304941105,167.2917200864307,210.22819674970341,147.01849054561595,12.446964039036153,nan,nan,nan,nan,nan
1517,120,0.0,-70.48633306585657,8.459279368273537,-78.34392735833356,0.5364308153087411,,10.56149291433394,10.328369269147515,0.1322804233059287,10.196088845841587,0.0,29.544338736021864,5.115644977038245,39.171963679166765,0.0,1948.854360262029,266.87520666995783,339.0756596161357,202.52765828222664,60.36929546942077,nan,nan,nan,nan,nan
1518,720,74.3584615325704,243.54577505712643,179.50554918424976,70.20559585648095,5.805826413099837,13.552607536315918,37.30766556505114,36.72151615470648,0.7896353313699365,35.93188082333654,0.36476467084139585,42.26380811626165,24.2341470063177,39.255663604329925,25.837860642815393,11582.399999999967,1351.6617420793423,1976.316419609166,1296.5586199754837,266.72532503946474,nan,nan,nan,nan,nan
1519,104,0.0,-66.85060468642959,7.8021952272025,-74.14206202732632,0.4513903871653364,,11.782084085978568,11.517164667136967,0.11544296145439148,11.401721705682576,0.0,11.552192589594423,4.178631241740824,37.071031013663166,0.0,1682.1480759687247,228.05730445534184,290.2611136528073,198.1875434757436,50.30884982110555,nan,nan,nan,nan,nan
1520,84,0.0,-65.34958245255396,4.0385776577659565,-69.0300591116218,0.3145863344135435,,9.155656149610877,8.907299123704433,0.09311333950608969,8.814185784198344,0.0,16.148332693858855,2.7263451580264286,34.5150295558109,0.0,1361.5978355524962,178.51454371770066,225.8382174850122,153.0588294523817,30.545937841414897,nan,nan,nan,nan,nan
1521,720,44.038121095918626,123.34097533615713,117.23632425609829,10.903461826957397,4.417158309344305,,41.07800928223878,40.831538391299546,0.786892076022923,40.04464631527662,0.0,42.26234995064898,16.037269499029108,38.586390182439935,13.791225378295902,11596.600199325923,1441.509370096606,1969.4130112775679,1334.9052879085857,264.80603874216456,nan,nan,nan,nan,nan
1522,104,0.0,-71.80847420300817,5.952943303480703,-77.36005266407324,0.3541911495196425,,11.484682027250528,11.243979008868337,0.11464268248528242,11.129336326383054,0.0,8.659854679278641,3.2527901053319686,38.68002633203662,0.0,1684.0176150329348,204.5744210291912,258.8244353362374,189.09622282368787,16.53049458758403,nan,nan,nan,nan,nan
1523,99,0.0,-62.33942369206851,7.391803291306749,-69.2365406750632,0.44102502090470935,,10.308476398698986,10.063146621920168,0.10888593643903732,9.954260685481131,0.0,13.552630669617692,4.545019704042328,34.6182703375316,0.0,1600.716513913868,221.15795569989143,281.03845927626446,180.45855964776698,38.730221801146484,nan,nan,nan,nan,nan
1524,720,38.44019575519525,134.82297895263272,143.2179631541241,-3.0942966792867423,4.910354839033925,3.046801805496216,37.18503922969103,36.58162960689515,0.7855234621092677,35.79610614478588,0.3638792345300317,42.263222870938385,19.720043075205545,39.98734409483862,29.520935305229496,11582.3999999999,1327.2646849762675,1955.4523157780545,1348.5261355012462,190.1016207175144,nan,nan,nan,nan,nan
1525,81,0.0,-62.99962404428678,3.824363503230911,-66.48478499626911,0.2945148657448386,,8.262916974723339,8.026409016922116,0.09012104663997889,7.936287970282137,0.0,8.963990327619392,2.960884214066958,33.24239249813456,0.0,1314.0904764194527,178.2236404192634,224.69558253677883,146.00954582287315,16.0488439928796,nan,nan,nan,nan,nan
1526,64,0.0,-64.77344305190346,0.3150204510960618,-64.85479739274629,0.19013028959302838,,8.798601718619466,8.50249616149813,0.07142888754606247,8.431067273952067,0.0,1.121573006681107,0.17136592980503393,32.42739869637315,0.0,1037.0898023254842,147.07553207462925,186.80723681308967,123.83452794666741,32.61233402325861,nan,nan,nan,nan,nan
1527,720,46.899265903229214,150.6991098440222,131.6287118794781,23.923003410571766,4.46282124330098,,42.548295580781996,42.312579725869,0.7859350591897964,41.5266446666792,0.0,42.26352455316148,17.342909178279168,34.93776419794333,29.33436024164329,11582.399999999907,1294.6815218332108,1856.5693149902272,1353.1830220160298,216.04316379755537,nan,nan,nan,nan,nan
1528,720,41.494775236729836,155.6270548346453,140.11787324496112,20.58067153709328,4.729587399783472,1.455727458000183,42.21422138530761,41.61027480941266,0.7865954674780369,40.82367934193462,0.320539154112339,42.25921259327877,19.262170307366066,31.2044394681832,9.655467502486042,11599.68341511285,1298.9683032180255,1869.6496220779268,1303.6805921252396,97.50807973536898,nan,nan,nan,nan,nan
1529,81,0.0,-70.38490433069991,2.117794661480178,-72.17951678013222,0.2750776399117925,,9.816653803922236,9.56720735039562,0.0904453657567501,9.47676198463887,0.0,9.851364821472266,1.511822393775237,36.08975839006611,0.0,1311.1371264635782,180.0534816842593,228.68873205675897,156.19837856870032,42.688542321250594,nan,nan,nan,nan,nan
1530,720,50.71551654453656,165.37304077147283,138.16347795031578,32.500995553010384,4.924688488263167,,39.38516921084374,39.11530944053084,0.7907487004995346,38.3245607400313,0.0,42.262116180663455,19.425066970060794,34.46501876803137,23.056220963472445,11582.498103216429,1365.6596873129076,1965.840510354117,1333.161975436826,180.31982577907823,nan,nan,nan,nan,nan
1531,720,65.65701757103716,191.37249207955998,143.95369218589954,52.52498563321325,4.750635801061801,6.941614627838135,41.46474183257669,40.912021211348474,0.789352391846478,40.122668819501996,0.3000245476141572,42.26252996663485,19.73121611740623,39.394524754430535,14.854927018993747,11597.686784837751,1323.1332626195883,1887.7472617809633,1391.7100352630714,234.1422193150733,nan,nan,nan,nan,nan
1532,74,0.0,-63.52606457497339,2.133567822298886,-65.41072018898647,0.2142236854358128,,9.611490653827786,9.367334962822497,0.08356746099889278,9.283767501823604,0.0,11.882582850188806,1.5193231853734277,32.705360094493244,0.0,1199.7024160182527,147.03374898761797,183.96874735874195,148.21035146448256,9.998184229455774,nan,nan,nan,nan,nan
1533,720,52.32505874336289,190.4633139101757,153.34762600748135,42.62138640097666,5.141551411372041,,41.73877643048763,41.48995730932802,0.7892782734706998,40.70067903585732,0.0,42.164583007991865,21.359530116736003,31.014365542874568,14.354898535848172,11590.889423379911,1352.244693223139,1970.0914609202061,1321.6955716110303,202.71184221455346,nan,nan,nan,nan,nan
1534,93,0.0,-58.0042089363525,6.85727399774439,-64.4043692371248,0.40777870273406325,,11.360515020787716,11.096081549301744,0.10240433365106583,10.993677215650678,0.0,24.693883325582714,4.917165341804085,32.2021846185624,0.0,1509.697844264986,207.92816760812244,260.6338328001062,167.87360791306057,27.81814607402045,nan,nan,nan,nan,nan
1535,70,0.0,-57.09461754375501,3.4016423158524116,-60.24504404675348,0.22681164324506276,,7.515828224830329,7.282993693836033,0.07753770519047976,7.205455988645554,0.0,9.624430940905253,2.6317489625529156,30.12252202337673,0.0,1136.2908662862037,135.40309258065457,168.7557821971393,112.76453511654026,28.238743445147673,nan,nan,nan,nan,nan
1536,89,0.0,-64.10040696801317,4.5948445646043625,-68.33079030088224,0.3211151803376069,,11.30910815205425,11.042068481445312,0.0984290549531579,10.943639426492155,0.0,12.244849111597752,3.394356516954653,34.16539515044113,0.0,1443.7000832157555,185.98465879719697,233.96784122841393,156.82201705440423,27.480072302406985,nan,nan,nan,nan,nan
1537,720,52.532967585530685,179.25377189280402,143.50251572719395,41.19490239845598,5.067143863756587,3.355156898498535,43.81015183124691,43.22406644374132,0.7861700309440494,42.43789641279727,0.33744679391384125,42.25937674469423,19.8331978442392,31.93551638630269,20.704191653622733,11583.116882405471,1352.605764853291,1985.4309465788517,1331.689362095835,283.3435199519673,nan,nan,nan,nan,nan
1538,96,0.0,-67.61476440691553,5.457209115372221,-72.57702001524895,0.43418400548968894,,11.083906404674053,10.824292835779488,0.10712701268494129,10.717165823094547,0.0,19.201539815226855,3.687581991073935,36.288510007624474,0.0,1555.3091814804009,234.79119625420856,299.4575957475722,180.55799679749367,36.02454687758878,nan,nan,nan,nan,nan
1539,90,0.0,-70.73885669884045,3.353832836536114,-73.78042172669078,0.267586596300598,,11.494730639271438,11.220978204160929,0.10000351164489985,11.120974692516029,0.0,11.725448604223976,2.19210039211352,36.89021086334538,0.0,1456.552721669035,174.23455525793267,217.83965582869993,205.00032143952674,17.19263570620551,nan,nan,nan,nan,nan
1540,106,0.0,-72.51147762787889,6.425947780322496,-78.42549162219225,0.453025188726398,,13.559681540355086,13.316015971824527,0.1168779544532299,13.199138017371297,0.0,13.795851532779285,3.5894395530778263,39.21274581109613,0.0,1714.3980096044563,233.02115542637947,298.7485331060546,196.31542953383888,23.40979558833773,nan,nan,nan,nan,nan
1541,130,0.0,-66.69824552384927,10.784106255470306,-76.78597590379697,0.6206582372531843,,11.913347193039954,11.657260375097394,0.1431351900100708,11.514125185087323,0.0,21.864981325462832,6.042992928320421,38.39298795189848,0.0,2111.065217984946,298.08938357558503,376.5664530926332,240.23925241983812,30.347177221994862,nan,nan,nan,nan,nan
1542,65,0.0,-58.382505117185424,2.1728250569252476,-60.31764326373259,0.20682908851449183,,7.713640842586756,7.455520425923169,0.07210000231862068,7.383420423604548,0.0,10.88120291860419,2.0581168400437795,30.158821631866296,0.0,1054.7844829987514,138.61907807069633,173.193545425413,125.88520627513935,6.6398663585680096,nan,nan,nan,nan,nan
1543,139,0.0,-56.1743724726693,14.410150222587458,-69.8711116551456,0.6457654319176003,,13.324874053709209,13.085539443418384,0.153088946826756,12.932450496591628,0.0,22.282093941281016,7.3000217114661705,34.9355558275728,0.0,2254.9761193185227,294.31263838612597,368.4380758786165,257.7104175408721,77.34598323732659,nan,nan,nan,nan,nan
1544,147,0.0,-42.78871267666186,18.963202651841815,-60.96308570468935,0.7261832195318997,,14.098271291702986,13.852506090886891,0.16176561545580626,13.690740475431085,0.0,25.831044028128254,8.782961367631657,30.481542852344674,0.0,2384.8248872632707,298.06689100335143,372.42114286236887,256.67490907431085,34.35542801360929,nan,nan,nan,nan,nan
1545,720,51.58259187891431,148.52983406734938,121.66309582064238,31.570099431399328,4.352028499642765,26.493694305419922,40.017698301933706,39.464447545818985,0.7879978120326996,38.676449733786285,0.28677057288587093,42.25615027636497,16.83103942504937,35.79754216321464,10.825398873193746,11611.812922762381,1406.1183979271188,1913.1451415267898,1322.1521589043598,143.2696576423899,nan,nan,nan,nan,nan
1546,107,0.0,-53.744750052873385,10.31081246876476,-63.48688440126583,0.5107411685166148,,10.530421982519329,10.287414817139506,0.11989942844957113,10.167515388689935,0.0,18.502221347082312,6.264938987250452,31.74344220063293,0.0,1737.0414098176464,239.04500488945018,302.2682604922315,182.1785634711504,15.556322354332023,nan,nan,nan,nan,nan
1547,72,0.0,-58.64708232077245,3.2647325490346426,-61.58830319837702,0.28415216804224164,,8.214277657680213,7.967224038206041,0.08052609860897064,7.88669793959707,0.0,14.48387104955668,2.611932221792855,30.794151599188513,0.0,1166.9281265379714,164.93867284732764,208.67292903888347,120.63245914367879,11.178392684528223,nan,nan,nan,nan,nan
1548,84,0.0,-73.31210680697072,1.592459216475872,-74.60364052456647,0.2574722985367932,,11.196543204598129,10.911518857814372,0.09317152481526136,10.81834733299911,0.0,10.33205396255334,1.05596117610805,37.30182026228322,0.0,1360.3040584018863,181.25255055487153,230.38376107160326,156.09443536866107,46.13857895585907,nan,nan,nan,nan,nan
1549,120,0.0,-55.8768767143053,11.525419378509804,-66.76392957973611,0.5740844944857443,,11.814059611409903,11.575565059669316,0.13270733878016472,11.442857720889151,0.0,28.14402550052189,7.003213733717823,33.38196478986807,0.0,1950.120661915694,263.90106326748275,331.1020385732941,208.57420932915193,19.114780793064543,nan,nan,nan,nan,nan
1550,209,0.0,-51.42410042656448,24.184008680582785,-74.32822679733378,1.1587410457082312,,16.26704116538167,16.01301413960755,0.22953202296048403,15.783482116647065,0.0,32.15942983365398,9.782705301106976,37.16411339866687,0.0,3394.810111073909,482.96877452948615,606.463375011876,383.46815598961183,70.93502898436239,nan,nan,nan,nan,nan
1551,94,0.0,-71.82582277930042,3.768741054958449,-75.22079215049382,0.3304043770084962,,11.802161859348416,11.527956853620708,0.10387207753956318,11.424084776081145,0.0,10.362255728991551,2.5500746488051425,37.61039607524692,0.0,1521.356329387038,197.8923175740389,251.4705343537204,163.46861077061047,30.055750770832937,nan,nan,nan,nan,nan
1552,130,0.0,-61.93173987426627,11.66935522705403,-72.9255234995482,0.6060568331199584,,14.972299407236278,14.699881571345031,0.14365760516375303,14.556223966181278,0.0,20.092429865134005,6.326607350313539,36.462761749774096,0.0,2105.5219141844627,279.11033074473187,351.0382392936687,247.31551932150592,26.38468144484693,nan,nan,nan,nan,nan
1553,79,0.0,-67.67071802937474,2.6548777622824438,-70.01081892522231,0.2706592269696617,,8.702562206424773,8.47114217467606,0.08763507660478354,8.383507098071277,0.0,18.686578379205653,1.901783694238535,35.00540946261114,0.0,1279.733820678768,172.18707588045714,217.96095029759914,149.2811885765708,38.200386001242215,nan,nan,nan,nan,nan
1554,720,51.59165577028214,162.7130373190665,135.67269115993466,31.978979917555563,4.570044878323464,11.062902450561523,38.57271434366703,38.0040892297402,0.7949234209954739,37.20916580874473,0.3278192514553666,42.26105667703578,18.3626857166932,35.602165811504356,23.592466204317404,11582.463631482335,1292.3215183882191,1857.8669824812785,1347.442953553823,175.52720142597204,nan,nan,nan,nan,nan
1555,193,0.0,-51.44042176520186,22.707210116992307,-73.07504686069217,0.9740744380799812,,14.893946595489979,14.660755845718086,0.2150832386687398,14.445672607049346,0.0,33.86748712553234,9.458258054890608,36.537523430346084,0.0,3140.2796355150813,409.8676546355316,514.4413990368815,355.7315185933853,65.8493385333747,nan,nan,nan,nan,nan
1556,115,0.0,-50.47684503337395,13.683524670566644,-63.51361881238837,0.5904146352207305,,10.014629051089287,9.773811378516257,0.12745312228798866,9.646358256228268,0.0,26.531395451583524,6.936296330642387,31.756809406194186,0.0,1862.13100240176,247.46955913823624,312.2412095217792,198.60802370962617,49.4377301029822,nan,nan,nan,nan,nan
1557,99,0.0,-68.95130703229401,5.839380577132152,-74.33798245995052,0.3944260477469579,,10.923491956666112,10.658690898679197,0.10943250544369221,10.549258393235505,0.0,18.136558086037976,3.4709992716751366,37.168991229975255,0.0,1602.2939900611857,218.59385788814268,278.42382137572804,202.0657361161599,24.885382333197686,nan,nan,nan,nan,nan
1558,140,0.0,-58.110054732644834,13.526618021561692,-70.95759080864684,0.608405418350693,,12.114542453549802,11.865764174610376,0.15418394189327955,11.711580232717097,0.0,29.45938338951448,7.383012552901897,35.47879540432341,0.0,2277.8310099797623,285.2352479087505,356.77873210200056,252.17978222096718,9.653738771600672,nan,nan,nan,nan,nan
1559,85,0.0,-70.14076769016566,2.9347336635859422,-72.7637062844436,0.27426029584183625,,9.424426182173193,9.159205636009574,0.0938262278214097,9.065379408188164,0.0,11.158795011866703,1.8141232079954808,36.3818531422218,0.0,1375.4196764061485,175.83539821698682,222.16318335281775,154.61805180234433,15.12196616590681,nan,nan,nan,nan,nan
1560,720,40.208827188588664,158.55434350581868,145.3830433008055,18.43920793786002,4.898813868191188,,43.052626045420766,42.83385109063238,0.7872268343344331,42.046624256297946,0.0,42.2634585649099,19.652611609214016,30.989223219658662,27.70397898859042,11582.399999999889,1312.2672803579,1922.2739295700467,1312.215408608864,218.2969529188628,nan,nan,nan,nan,nan
1561,107,0.0,-66.14730682704538,7.117662347956022,-72.77031663891562,0.43590318360062624,16.036827087402344,12.593648822046816,12.03091879747808,0.11772177554666996,11.91319702193141,0.3048720983788371,26.390925863193328,4.529099230289689,36.38515831945779,0.0,1731.0837934496603,235.65142624403612,299.2072758835115,200.15369081827802,31.25468031011373,nan,nan,nan,nan,nan
1562,110,0.0,-64.44071861610007,8.23613770099812,-72.08416075830863,0.5326177913117273,,11.746806261129677,11.488880324177444,0.12198880407959223,11.366891520097852,0.0,21.957215982875393,5.442345774863864,36.042080379154314,0.0,1785.053333052776,255.3540253548484,323.06800636951914,197.15820880628274,36.54417802649066,nan,nan,nan,nan,nan
1563,720,53.90769667496801,171.7868842549853,148.2896978310859,28.884877074596687,5.0063276474858664,,38.77400186192244,38.51775312144309,0.7864834126085043,37.73126970883459,0.0,42.21379091345622,19.823276709644354,39.465258137669665,23.325894600296415,11582.427090393467,1343.9693341508603,1967.2116477735187,1342.3469421782063,88.3378958812682,nan,nan,nan,nan,nan
1564,720,71.19023943175155,231.8975953654265,156.4466167779695,80.77823281608146,4.973960684722723,1.88494074344635,42.87664467655122,42.2964178500697,0.7869388433173299,41.50947900675237,0.3346750056371093,42.26287245636915,21.016716994577425,30.801123023710826,19.03439476790936,11584.219257624414,1303.5206800188112,1885.112910400965,1318.5787313953401,134.95587561203388,nan,nan,nan,nan,nan
1565,89,0.0,-72.33429930782907,2.613683661499924,-74.6198845837785,0.27935073309953995,,14.74931938573718,14.523805040866137,0.10156608652323484,14.422238954342902,0.0,16.465573056573298,1.8209496507676508,37.30994229188924,0.0,1441.7686993229445,187.71330239520978,236.66365810595823,165.38800438965004,24.185594125309652,nan,nan,nan,nan,nan
1566,720,82.26844450103117,236.42243897684145,152.58396782119382,89.69269100093788,5.434481304492143,,44.3722905786708,44.13336638081819,0.7902332916855812,43.34313308913261,0.0,42.21629853889635,20.899077484816036,37.42209900056223,14.35468972126259,11600.660694445998,1436.5019010288802,2036.0471816378204,1368.3074487034864,222.59890957352766,nan,nan,nan,nan,nan
1567,113,0.0,-59.62158500212604,11.65760592741154,-70.70255924600673,0.5227151883888318,,12.415422715246677,12.162617208436131,0.1246884660795331,12.037928742356598,0.0,18.82191200432115,5.523054830119063,35.351279623003364,0.0,1829.5483216697653,228.19884013267358,291.3573179674978,172.54552240933228,7.843393868890424,nan,nan,nan,nan,nan
1568,87,0.0,-74.31127094010077,1.9598519936857388,-75.96196889289033,0.26689561294108455,,11.820709582418203,11.551181368529797,0.09623614884912968,11.454945219680667,0.0,3.7424359179569393,1.3184267277471,37.98098444644516,0.0,1407.7885053361258,182.9659319729207,233.04543266771034,158.3557501447848,25.760790453179577,nan,nan,nan,nan,nan
1569,93,0.0,-70.0627382293321,4.443853133729481,-74.15085966441586,0.3157528568657508,,10.263868380337954,10.013842969201505,0.10270644910633564,9.91113652009517,0.0,16.97584622666066,2.684346311232601,37.07542983220794,0.0,1504.6210194613827,189.52672917321172,239.60094530886556,176.809367393338,40.80101233282107,nan,nan,nan,nan,nan
1570,115,0.0,-57.27587768795834,10.316031876996979,-67.01742870458207,0.5164234143745023,,13.588231581263244,13.29874065425247,0.12704957276582718,13.171691081486642,0.0,26.303595735112793,6.62083834499555,33.508714352291044,0.0,1872.5937632717041,251.82930789400555,313.99088043943897,202.28794189081134,24.984412631546785,nan,nan,nan,nan,nan
1571,96,0.0,-76.7738050281666,2.9534023964077685,-79.39695475895145,0.2822898582345273,,10.9299918981269,10.690666632726789,0.10579533036798239,10.584871302358806,0.0,6.375879360828278,1.9611199646196054,39.69847737947572,0.0,1552.9341166510073,186.51449846957917,235.0058014996715,185.3929555744046,43.53785073881426,nan,nan,nan,nan,nan
1572,72,0.0,-66.52439003351914,0.9999439541974013,-67.27223141146496,0.21235767034966951,,10.906992899253964,10.626947006210685,0.07990001700818539,10.5470469892025,0.0,6.27324093329847,0.9908817282924142,33.63611570573247,0.0,1167.027344581296,155.35895354604125,196.49944932315472,129.29116961213435,6.28869642197893,nan,nan,nan,nan,nan
1573,112,0.0,-67.36740688389293,8.349292763921145,-75.09455098591755,0.5560564476648924,17.818700790405273,12.27557865716517,11.715128396637738,0.12358671706169844,11.59154167957604,0.2882715808227658,22.786247251561168,5.058990575771618,37.54727549295879,0.0,1813.3301389100618,266.69427898822534,339.5834165070974,199.72877874818948,50.97864370947167,nan,nan,nan,nan,nan
1574,90,0.0,-70.26313673760238,2.9488046828831784,-72.87961932625721,0.2830171687879438,,12.028813010081649,11.752863843925297,0.10071247164160013,11.652151372283697,0.0,13.093779416375583,2.170606718988454,36.43980966312861,0.0,1458.1401190841984,182.67668391800194,231.00677549145774,176.19008192302,28.679788419990608,nan,nan,nan,nan,nan
1575,65,0.0,-59.43946194501322,1.3315256783124765,-60.59796685763172,0.1495014353246811,,9.81354972627014,9.544068221002817,0.07237592898309231,9.471692292019725,0.0,5.173668601025499,1.0891876613629106,30.298983428815852,0.0,1055.0686472081509,110.13950290780863,136.29349958824514,137.6922709444971,19.657829560672994,nan,nan,nan,nan,nan
1576,202,0.0,-59.75325171458708,20.543574250835483,-79.13752147140609,1.0516572984270482,,16.918562445789576,16.643723254092038,0.22174999490380287,16.421973259188235,0.0,36.84411613230228,9.009957561855284,39.568760735703044,0.0,3286.751413442549,453.6520498211699,570.6726387817449,369.2618502432207,108.78472018806954,nan,nan,nan,nan,nan
1577,720,57.43668135791656,190.76865985734827,142.47304843298608,53.317171219676084,4.655270966000661,,37.516775152646005,37.28222846984863,0.7862047264352441,36.49602374341339,0.0,42.26351848964331,18.829890397507512,30.778095748078517,18.812635040728377,11587.127020312511,1312.7666134655399,1845.3950360208719,1312.1038292775056,201.6744543416193,nan,nan,nan,nan,nan
1578,103,0.0,-50.26950720561383,10.669245454266205,-60.37442166610362,0.509452578076747,,9.645200298167765,9.414167154580355,0.11348799243569374,9.300679162144661,0.0,18.818802651557036,6.9046790860156095,30.187210833051825,0.0,1678.9641964951222,231.3483224079276,288.08937604616534,201.24683576777588,18.851506292851113,nan,nan,nan,nan,nan
1579,108,0.0,-50.709934187889374,11.686078466281158,-61.864301230851275,0.4861410208821618,,10.581833465956151,10.330644513480365,0.11879642400890589,10.21184808947146,0.0,25.385434314227847,6.641529386669496,30.932150615425634,0.0,1751.9296982091319,215.88010424202562,269.37039471884356,190.11070116983524,12.990901035012383,nan,nan,nan,nan,nan
1580,720,34.77916230366864,101.58322997672101,112.0072807344192,-5.827054410740459,4.232259739188479,12.770756721496582,43.3424864616245,42.70782835036516,0.7873579422011971,41.920470408163965,0.39020013250410557,42.263750478705205,15.295036215538099,37.69268950903887,15.63327801243667,11597.406408370758,1425.5478154819923,1906.6585542672353,1344.0965064668305,292.1528153599658,nan,nan,nan,nan,nan
1581,118,0.0,-50.14065402378456,15.17714237194869,-64.62707561562392,0.6236668503211116,,12.164079865440726,11.918534659780562,0.13181471172720194,11.78671994805336,0.0,21.74244715315246,7.2458884251861075,32.313537807811954,0.0,1908.0786896238512,257.3365675591697,328.42384001467667,221.04012931056715,70.92119556958518,nan,nan,nan,nan,nan
1582,720,60.63314817846097,192.06234838094204,143.89948447310846,53.11152418518981,4.610627941627473,,42.46165980491787,42.18979010451585,0.7877302607521415,41.40205984376371,0.0,42.24128199627778,19.31534241057461,34.07738608586605,10.439473537106494,11604.48681653645,1286.747799741721,1845.806194553329,1322.0926501702563,127.60135143076785,nan,nan,nan,nan,nan
1583,105,0.0,-66.7730764785025,6.834957326647689,-73.1340286634442,0.42118020927346306,,12.215243553742766,11.947178786620498,0.11557733081281185,11.831601455807686,0.0,23.084939491587733,4.042806095086562,36.56701433172209,0.0,1698.5197713760076,221.70183820245978,280.7934149705283,183.08383011202812,51.26540498646583,nan,nan,nan,nan,nan
1584,111,0.0,-63.34379224203131,8.252543399103113,-71.05015331056399,0.4915674683423919,,12.727045856416225,12.46094589587301,0.12238592281937599,12.338559973053634,0.0,30.488779730251764,5.675657989634413,35.52507665528199,0.0,1805.6098322541739,237.85145739523716,296.63074207393635,201.7265834639891,41.615666889678145,nan,nan,nan,nan,nan
1585,684,0.0,6.5919538820825565,89.3857864268108,-78.79997554367182,3.6300206913361057,11.680037498474121,39.65030882041901,39.01819629408419,0.7483046222478151,38.269891671836376,0.3427214315161109,40.334972886191565,13.238429277155216,39.399987771835896,0.0,11016.899875640134,1398.9350703740388,1824.2925999210509,1274.7661363060947,99.58054704436347,nan,nan,nan,nan,nan
1586,70,0.0,-63.8020457483626,1.5333636254931011,-65.0704304741482,0.22607638304327496,,8.95265147369355,8.70051802136004,0.07878008112311363,8.621737940236926,0.0,5.812412079345451,1.1848855006868515,32.53521523707409,0.0,1134.3239321705805,158.1274210555665,199.69672237100212,128.82734938461772,27.27840190971565,nan,nan,nan,nan,nan
1587,61,0.0,-61.936170627986854,0.20942931710116017,-61.96213522596493,0.15471658489052098,,9.553040553815663,9.264511307701468,0.06853805389255285,9.195973253808916,0.0,0.8185260068830226,0.207682771920662,30.98106761298246,0.0,989.0805095573385,123.67729107725168,155.41683573285272,117.92443814589745,8.782911520034077,nan,nan,nan,nan,nan
1588,118,0.0,-52.977830273773165,12.12179025138011,-64.39194293929995,0.6293911909526319,,10.2452691802755,10.020842445082963,0.13013257272541523,9.890709872357547,0.0,24.938756238586677,7.326342889668133,32.19597146965,0.0,1921.901439181132,279.9660840860123,351.15698557758094,225.73349603355683,10.9647135451678,nan,nan,nan,nan,nan
1589,68,0.0,-65.91962961818072,0.43206689605248155,-66.15353108797991,0.1690150825843998,,10.200677664019167,9.925868030637503,0.07573878392577171,9.850129246711731,0.0,6.1039076132530035,0.3918891944745095,33.07676554398996,0.0,1101.5441692617828,132.80158617943457,166.2908350621186,138.27876201435308,24.641826524975556,nan,nan,nan,nan,nan
1590,87,0.0,-77.97407915114022,1.1533167349554705,-78.81793544060858,0.26503544073816215,,9.748776100575924,9.49688315577805,0.09603894408792257,9.400844211690128,0.0,4.615220416351646,0.7376990591644816,39.4089677203043,0.0,1407.8646837351225,191.84834932462334,245.37080887375245,148.68833935630158,38.92824991642623,nan,nan,nan,nan,nan
1591,148,0.0,-61.49586447614321,15.04880979414292,-75.74779264862312,0.7220742451437022,,11.647036713548005,11.40757702384144,0.16243452299386263,11.245142500847578,0.0,26.877927623201003,7.202993812078059,37.87389632431156,0.0,2399.71789783751,320.1970334832555,404.43122237913485,247.70876852603882,60.479057332806235,nan,nan,nan,nan,nan
1592,90,0.0,-67.84889887216741,4.572135264955602,-72.0240884031565,0.34646787350424507,,11.011586240492761,10.747563060373068,0.09898537956178188,10.648577680811286,0.0,13.803506690438564,2.9175299419021044,36.012044201578256,0.0,1458.4656850506894,194.77248272282645,246.1066729953674,166.22427000790586,25.960413178367087,nan,nan,nan,nan,nan
1593,720,44.48836260350936,141.0088329175452,136.16977097760793,10.131617990750286,4.901540800234559,,42.088204273954034,41.86444526631385,0.7861808612942696,41.07826440501958,0.0,42.25865256004162,18.76517548533726,39.422553608134216,27.043948291117857,11582.399999999934,1376.865735054461,2009.704556119838,1334.0045841996014,249.51406131741084,nan,nan,nan,nan,nan
1594,80,0.0,-72.28408017643255,1.322527737260503,-73.33137438942725,0.237546478783366,20.915987014770508,10.428856771439314,9.875485872849822,0.08821776509284973,9.787268107756972,0.2876805514097214,3.6490753809287018,0.951823432269722,36.66568719471363,0.0,1294.8003518683286,169.84995483905575,215.63725093144254,154.0299504509378,23.86306497845666,nan,nan,nan,nan,nan
1595,720,47.37935209641175,180.04152355377457,151.14510780837514,34.26084381488113,4.985090742536536,,41.53183834068477,41.27845624834299,0.787810055539012,40.49064619280398,0.0,42.26364231654867,20.70740853799029,30.248930188971183,15.470199610035321,11587.416904215203,1315.5497956726663,1912.7995668948013,1317.6945137152043,99.87305616539139,nan,nan,nan,nan,nan
1596,74,0.0,-61.771164489482885,2.699527869982351,-64.16964098728965,0.25964947341479244,,10.216079573146999,9.952957731671631,0.08194229379296303,9.871015437878668,0.0,9.16234503099002,2.041415989623095,32.08482049364482,0.0,1199.5390553937368,163.5360378203091,205.88638314166755,128.07508180687097,18.194568837413257,nan,nan,nan,nan,nan
1597,116,0.0,-65.38316415104184,9.510874134186858,-74.31288448796322,0.520503224734325,,11.007069365121424,10.76714048627764,0.12784038577228785,10.639300100505352,0.0,16.072042764117974,4.81358811357341,37.1564422439816,0.0,1876.262391388342,241.78589901798182,309.91737183262376,212.0788104386698,38.810944688663604,nan,nan,nan,nan,nan
1598,65,0.0,-64.98741126240137,0.35343869317089455,-65.11783543029719,0.18696029170168604,,9.74055843334645,9.468958475627005,0.07203880324959755,9.396919672377408,0.0,7.86593868637094,0.3108647459527516,32.55891771514859,0.0,1053.425465340186,144.10449484273022,181.7699251208899,116.0465615079276,29.203331939793106,nan,nan,nan,nan,nan
1599,720,65.60965919083367,201.69335551592923,151.07361946816667,55.93130594274069,4.944779555752072,3.226562261581421,43.72182969003916,43.13129874225706,0.7869866695255041,42.344312072731555,0.3297302909195423,42.21112976169263,20.87996778641994,37.64400621946332,15.870663518318405,11589.044087004047,1316.0034407756773,1914.8178172065573,1364.062176084604,143.5131236453703,nan,nan,nan,nan,nan
1600,720,30.47415296519269,95.46084225576698,114.29673302739243,-14.040325245067827,4.413646714686785,,44.14133324753493,43.8575344029814,0.790275645442307,43.06725875753909,0.0,42.263692186804185,16.49077291786845,37.494315587726604,12.611808806877395,11612.003539461983,1418.4258211411438,1974.1655607740815,1335.4664685805515,219.02225851309186,nan,nan,nan,nan,nan
1601,720,48.839385702977,196.74790044163962,166.18426377480966,36.033175855869416,5.083401904965958,8.82359790802002,41.34111405070871,40.83957087341696,0.7855993593111634,40.0539715141058,0.2841314831748605,42.24442867352049,22.82977738681089,30.82279777504229,20.678512717308152,11583.520210645886,1264.927617289978,1864.271613338982,1313.39660793991,133.20864218663692,nan,nan,nan,nan,nan
1602,129,0.0,-64.59144541290883,10.74524109747752,-74.69430285423316,0.5746935750062867,,12.687755886465311,12.424549753777683,0.1443299511447549,12.280219802632928,0.0,24.611213063685792,6.026333869902686,37.34715142711658,0.0,2089.2901418722795,280.2052935752157,354.30562422683965,236.97899215235964,71.67105669284514,nan,nan,nan,nan,nan
1603,720,24.487781786574697,76.18139326210931,108.64105006626934,-27.94901600999038,4.143766769379355,,44.163579997606575,43.85939599201083,0.787310522980988,43.072085469029844,0.0,41.96186249147207,15.226171257363447,38.46228979156988,9.089749806135087,11600.931759626896,1396.9176587459267,1934.6837883342228,1343.1743859253588,96.2093105660735,nan,nan,nan,nan,nan
1604,102,0.0,-57.32447020277681,8.775774305687913,-65.59307863079277,0.4528920638847944,,9.894338911399245,9.651341743767262,0.11212668661028147,9.53921505715698,0.0,22.858591344300137,5.594843142466572,32.79653931539639,0.0,1654.5849892743227,218.39505048738684,273.30191557034146,207.9269388888975,48.14006471141974,nan,nan,nan,nan,nan
1605,720,44.108701388141014,125.58895135611864,121.80971416047844,8.710336116633783,4.521578313638231,6.287352085113525,42.12334352917969,41.54067687410861,0.7857526550069451,40.75492421910167,0.33347056061029434,41.576617345387255,16.779475579713708,39.75353332982412,16.41152290629913,11590.969890199729,1415.2424333647184,1985.645462669842,1344.8772003319461,75.53707427794734,nan,nan,nan,nan,nan
1606,720,31.54746019447024,112.874057190766,116.84285800026245,0.7153412489419111,4.315703984701364,,41.57584203500301,41.34498146176338,0.7897447803989053,40.55523668136448,0.0,42.263779244937126,16.03822259144911,31.189789569999288,15.258898909127039,11602.90237410462,1402.640199784401,1925.465326020468,1356.8332777367696,213.50993541653648,nan,nan,nan,nan,nan
1607,76,0.0,-60.2899077279032,3.716573273191891,-63.67980453965356,0.2884563047946877,,9.115660215727985,8.871750167571008,0.0840799743309617,8.787670193240047,0.0,14.700053055103334,2.8513972042813593,31.83990226982678,0.0,1232.2590403009315,164.50258040929532,206.83013774515646,124.89217772587561,36.05740245106845,nan,nan,nan,nan,nan
1608,720,24.262151659743044,78.0754630827437,106.32646436571227,-23.614491156788397,4.231580457196151,13.44240665435791,42.44160511903465,41.910507635213435,0.7878766488283873,41.12263098638505,0.2905024755746126,42.249950052643506,14.929419414966208,36.06939723813723,10.676036359266073,11619.742804998692,1475.5655475604465,1976.2990008635159,1342.379168167859,205.13388092231594,nan,nan,nan,nan,nan
1609,62,0.0,-61.19925799791265,0.22916528876864578,-61.23672447635382,0.16083794741393526,,7.366429779678583,7.126034838147461,0.06950518861413002,7.056529649533331,0.0,3.255173800359554,0.1773954937387519,30.61836223817691,0.0,1006.3278873934472,128.30374861697678,160.6398432822889,114.11158653666838,34.73081759517941,nan,nan,nan,nan,nan
1610,119,0.0,-71.64427372853369,7.664067026689341,-78.77943388212745,0.4732915670133562,,13.607860774733126,13.343523904681206,0.133909753523767,13.209614151157439,0.0,23.867115596305016,4.4219084885739885,39.38971694106374,0.0,1931.177686418394,247.88442221922776,312.5883019205419,213.8390175335976,31.263315396807272,nan,nan,nan,nan,nan
1611,80,0.0,-74.83135868538774,0.7064923675010396,-75.26807868157667,0.23220994457364252,,8.727394903078675,8.487590889446437,0.08859482407569885,8.398996065370739,0.0,2.290400942290863,0.5366564117696864,37.63403934078834,0.0,1294.8001760306788,175.0792647655392,222.02936493158745,133.96654518488853,15.283203358016628,nan,nan,nan,nan,nan
1612,70,0.0,-69.0208117822462,0.17150270136177037,-68.95855709632092,0.19610818478717373,,9.828845865093172,9.569631989113986,0.07779147755354643,9.49184051156044,0.0,0.9491843797027234,0.14241989432291244,34.47927854816046,0.0,1133.7654870053489,156.32766074415645,197.65942458648152,129.4587508864331,16.35679963518944,nan,nan,nan,nan,nan
1613,87,0.0,-75.69085534076441,1.9854075248101635,-77.31752112992949,0.30920577049507936,,11.52751761302352,11.25090248323977,0.09636833984404802,11.154534143395722,0.0,7.228083526667424,1.3265534628661846,38.65876056496475,0.0,1408.3161976771546,206.78043010984237,265.5276699935276,151.41262277971774,38.54943585182557,nan,nan,nan,nan,nan
1614,88,0.0,-75.33971901447777,1.724464704201192,-76.7599663788082,0.26242853720577475,,10.783488382585347,10.533105036243796,0.09724931977689266,10.435855716466904,0.0,5.947579195126806,1.299721441050811,38.3799831894041,0.0,1425.5042187371469,186.2535921890501,236.94970110921892,161.48188996844326,45.60896311997843,nan,nan,nan,nan,nan
1615,720,35.21167431086127,137.99199516920308,151.90537032460162,-8.342888354199246,5.18521628714179,,43.34471235051751,43.092923786491156,0.7859595129266381,42.30696427356452,0.0,42.26368814641003,20.706113271829413,39.38311848796089,31.891810157596208,11582.399999999883,1337.068532681264,1990.2670705830387,1323.6443337019398,179.18905555249157,nan,nan,nan,nan,nan
1616,72,0.0,-61.81286486988961,2.7290782827453937,-64.27164293559231,0.23729786057171887,,9.389264966361225,9.117601411417127,0.07971770595759153,9.037883705459535,0.0,19.50109204466517,2.4015389431491254,32.135821467796156,0.0,1168.8667743235255,153.88793228060277,194.29491106136155,131.24194389580327,51.3042138309529,nan,nan,nan,nan,nan
1617,83,0.0,-59.482451144419926,5.088453031805572,-64.20564229594133,0.3221524588910042,,10.631111758761108,10.366627293638885,0.09242688212543726,10.274200411513448,0.0,21.0214643855436,3.8582786013760266,32.10282114797066,0.0,1347.5531036271916,174.89507401821402,219.61598149304095,148.0275784000806,37.9425284303499,nan,nan,nan,nan,nan
1618,90,0.0,-57.52438932297033,6.661194073676729,-63.856790655816724,0.2931566515573119,37.002098083496094,8.355404371395707,7.831633078865707,0.10020577162504196,7.731427307240665,0.29768683947622776,15.485200477067735,4.201837978875859,31.928395327908355,0.0,1458.5103291687321,152.22482803766158,188.0305869161249,185.0256532683039,14.81116701396402,nan,nan,nan,nan,nan
1619,85,0.0,-70.18466719872981,2.923096790228349,-72.79032381170425,0.28086692168467536,,8.632741242647171,8.413388300687075,0.09530382137745619,8.318084479309618,0.0,10.747278584776366,1.8572620531488493,36.39516190585212,0.0,1377.566744605878,178.85632043937258,225.99844003811978,139.67453835990176,45.76498399539611,nan,nan,nan,nan,nan
1620,90,0.0,-54.18491726905869,7.020801439704645,-60.79482506022404,0.3667874220322915,,10.219327229075134,9.949152604676783,0.10066098906099796,9.848491615615785,0.0,14.342292750892778,5.351040957264275,30.397412530112028,0.0,1462.7195175170966,185.43832155239832,232.06390733837975,161.22655236747337,43.527236928751606,nan,nan,nan,nan,nan
1621,720,43.77377526149148,155.29694512663517,140.790142670432,19.717157710760603,4.811104612615173,,37.56283319089562,37.34278145711869,0.7859938545152545,36.556787602603436,0.0,42.26002937290251,19.565663625606355,33.91519640611117,11.816288017902403,11598.959544466446,1352.8223189398432,1928.4323991828167,1328.1878907265673,70.38776620019115,nan,nan,nan,nan,nan
1622,720,56.64507830914053,176.5757244440616,129.98195632071727,51.54073584039679,4.587085136400952,15.128091812133789,39.40294512361288,38.82048888038844,0.7866672789677978,38.03382160142064,0.33775458112359047,42.25312310220965,17.66187105663397,30.874710388942134,11.637730619435118,11620.93935783757,1406.686839780503,1922.530816688015,1319.1440756116249,245.1235131131794,nan,nan,nan,nan,nan
1623,92,0.0,-59.01560859518795,6.963741974580577,-65.47649219785141,0.4466198777997157,,11.389734843745828,11.132013923488557,0.10323292575776577,11.028780997730792,0.0,17.084673414209156,4.950265455696925,32.73824609892569,0.0,1495.779608939244,224.02923128682858,282.7946825714955,168.24431254500342,55.85624984597936,nan,nan,nan,nan,nan
1624,720,69.07249257915534,199.48140808712614,141.77226107750874,63.02964716691933,4.952016508003412,,42.38506603240967,42.14791227504611,0.7889977535232902,41.35891452152282,0.0,42.25885439393538,19.105816181532386,37.55766899569567,17.773370602983526,11587.607970854364,1400.9019089353765,1988.4166998710914,1296.8102303762232,77.29890889775443,nan,nan,nan,nan,nan
1625,198,0.0,-35.04288612985529,27.11683723689027,-61.015623091375225,1.051641935993144,,15.060758959501982,14.827234201133251,0.21728717349469662,14.609947027638555,0.0,33.43904456044613,10.433155783956526,30.50781154568762,0.0,3216.0014008016674,414.06169605969177,516.0360084792032,364.39031590604696,82.0967181182062,nan,nan,nan,nan,nan
1626,720,47.136326063934575,163.1077080397669,141.9890435117941,26.361115368361624,4.876567190859574,8.648313522338867,43.86506532039493,43.2522771731019,0.78727637976408,42.46500079333782,0.3408359959721565,42.26384062346354,20.009395699987486,33.95576837975376,13.11928140094872,11602.47754831499,1360.7307161675863,1937.764383070579,1335.5968755875053,181.49728839762878,nan,nan,nan,nan,nan
1627,95,0.0,-65.50086618804514,5.615202164919427,-70.68338359029069,0.38419077744808555,,10.211772684007883,9.962716860696673,0.10585357993841171,9.856863280758262,0.0,14.042049315080764,3.5619462774400206,35.341691795145344,0.0,1537.8098559328,210.19906939319523,265.6408556712873,176.70963127350345,19.767976693037987,nan,nan,nan,nan,nan
1628,720,41.296563106801045,135.7170445281614,135.79400004865886,5.428611958722229,5.11273472510253,,43.91436920594424,43.6598236579448,0.7886630203574896,42.87116063758731,0.0,42.26379668072989,19.61953094755609,38.582257127439945,9.998686677913444,11596.731674234827,1417.1872441134212,2042.382059688747,1319.370216170448,35.17792715473295,nan,nan,nan,nan,nan
1629,720,21.326686275369703,66.74091052314843,108.30973390461624,-36.94193834801831,4.259733048253684,5.030580520629883,39.874560427851975,39.32922735065222,0.7874947767704725,38.541732573881745,0.304834152571857,42.09900159374519,14.476770662506778,39.79765544937886,18.204845697626837,11588.376052060756,1448.465908639008,1953.7274206610011,1321.606316528434,143.53156272606714,nan,nan,nan,nan,nan
1630,108,0.0,-53.6979032378147,10.709145024145107,-63.870943028764344,0.4878093631155053,,10.998724911361933,10.723372731357813,0.12096305564045906,10.602409675717354,0.0,26.67216580747489,6.36151382120463,31.935471514382165,0.0,1754.1069178096866,222.7976116547496,278.9666762398681,189.59449347116657,60.25646675661008,nan,nan,nan,nan,nan
1631,130,0.0,-66.98676038172826,11.79238372716755,-78.11962002956673,0.595877103679312,,11.369155706837773,11.151608708314598,0.14356789365410805,11.00804081466049,0.0,15.976426446588249,5.660317355495867,39.059810014783366,0.0,2103.435088671855,276.2908040489014,353.0162205094391,236.79014120616984,18.162219244717598,nan,nan,nan,nan,nan
1632,72,0.0,-62.92349962759525,2.1030547289138273,-64.78943203019341,0.20225341664503121,,9.673704078420997,9.407192578539252,0.07974504213780165,9.32744753640145,0.0,3.864544163885501,1.4940995861240127,32.394716015096705,0.0,1166.881923254199,138.53083908733853,173.16610484351932,133.88539368264537,12.53545899035211,nan,nan,nan,nan,nan
1633,128,0.0,-51.11357116023018,14.131187604351892,-64.56266471607347,0.623579049119297,,12.477800984866917,12.216588212177157,0.14107119385153055,12.075517018325627,0.0,24.06371246752656,7.394155878511225,32.281332358036735,0.0,2074.8260082978177,266.6893242463876,333.3811553010547,223.49511703433038,52.21368236972339,nan,nan,nan,nan,nan
1634,81,0.0,-62.92941260674746,3.2968251289701485,-65.904217648097,0.2814784096345646,,11.427996489219368,11.159867813810706,0.08994568418711424,11.069922129623592,0.0,15.33907763641768,2.801113674605142,32.95210882404851,0.0,1316.2296915364657,171.61654304815033,214.7831893512563,160.23515200622302,29.010621941509932,nan,nan,nan,nan,nan
1635,76,0.0,-65.55922439965647,2.699338681885239,-68.01885609295113,0.2066746145247137,,11.938654269091785,11.65776762086898,0.08406784664839506,11.573699774220586,0.0,13.509728223948251,1.420210926414974,34.009428046475556,0.0,1230.7448611427396,137.23243016970753,171.272161712207,157.77257198677174,32.38564625116275,nan,nan,nan,nan,nan
1636,90,0.0,-64.61932722533643,4.975239066462032,-69.16396724425849,0.38348399405670963,,9.219247030094266,8.974288121797144,0.0992810232564807,8.875007098540664,0.0,15.877635073211927,3.5488746551156787,34.58198362212924,0.0,1459.6182547997194,210.90529068498512,265.7087617349875,158.74897645124983,67.53682970196526,nan,nan,nan,nan,nan
1637,720,61.90685244813684,169.57905647735964,128.90728542056002,45.764276360573575,4.701787530827924,,37.49073300231248,37.22759979683906,0.7872537551447749,36.44034604169428,0.0,40.90714480359228,17.599556656631844,39.024714267850044,10.867781282279559,11613.256554933738,1448.9402476689615,1994.897769325841,1317.1899843631825,127.10129991088978,nan,nan,nan,nan,nan
1638,66,0.0,-66.08136740617373,0.3988506717228621,-66.22691950686342,0.2082094456077371,31.18939781188965,10.492990219034255,9.912519645877182,0.07286409568041563,9.839655550196767,0.29856655187904835,1.3735526889599885,0.2564341652717169,33.113459753431705,0.0,1069.3356696124158,160.94518108116347,204.96246331706135,122.19731325940484,30.27564161637389,nan,nan,nan,nan,nan
1639,90,0.0,-56.80224480147032,6.828265538363633,-63.186951634100915,0.39651899856578154,,9.566061961464584,9.319394327700138,0.10096179321408272,9.218432534486055,0.0,23.165416003641024,4.8302343474719365,31.593475817050443,0.0,1462.9371135335514,198.2000116749558,249.9689862488042,157.94060473364274,77.59040223964305,nan,nan,nan,nan,nan
1640,92,0.0,-59.64058380342151,6.738193305810112,-65.92276874034086,0.3981709716556182,,11.805857311934233,11.53775544743985,0.10218896716833115,11.435566480271518,0.0,24.422700664228632,4.813712212660699,32.96138437017042,0.0,1494.8610885559115,209.2768470004938,264.496561714939,177.24827822931758,32.61410597874377,nan,nan,nan,nan,nan
1641,720,69.7118946711066,199.08332188557344,140.13181391995002,64.04398756352434,4.737665147790273,,36.5779774794355,36.36722576711327,0.7860457859933376,35.58117998111993,0.0,41.85932675032032,18.732557989147658,37.68990088934444,15.154448584259422,11592.995293084052,1338.7403480353087,1889.8018981016949,1299.968120036921,9.789875127835137,nan,nan,nan,nan,nan
1642,720,42.29665289007958,139.90493765203095,136.12108444568725,8.815846887433693,4.6505143508282645,9.851449012756348,42.930540289729834,42.330461972393095,0.7864761427044868,41.54398582968861,0.3266016533598304,42.25585609563082,18.196837827368807,37.88872944636273,26.615654035863816,11582.3999999999,1309.4832455113758,1911.2943499762962,1329.8954690292242,131.2070165183861,nan,nan,nan,nan,nan
1643,222,0.0,-52.85924375963665,26.67046865438652,-78.28069992175494,1.1344766170991236,,16.310132388956845,16.059603771194816,0.2449208265170455,15.81468294467777,0.0,25.702208728904058,9.253047650133704,39.140349960877465,0.0,3586.2076891375827,460.2274481561345,580.3740744439383,424.9340688072947,27.8268822835881,nan,nan,nan,nan,nan
1644,720,70.35119811353184,243.25126040649388,187.09793677809967,61.987080168944374,5.4813268181960035,,39.34418419189751,39.091965979896486,0.7873713839799166,38.30459459591657,0.0,42.25376921711977,24.51385982699491,39.35765802905965,31.019727698603223,11582.39999999991,1235.0181308437504,1864.7649861264676,1360.158722382428,67.02998273871907,nan,nan,nan,nan,nan
1645,117,0.0,-72.28489295153138,7.473839272169845,-79.24982858307538,0.45126561553350353,,13.120370331220329,12.854578452184796,0.12960635777562857,12.724972094409168,0.0,22.573584551353136,4.22405417586618,39.6249142915377,0.0,1891.3023864383638,244.32655429890826,310.206487074851,216.8427648992314,49.824372745437316,nan,nan,nan,nan,nan
1646,720,61.115394356877275,175.96624758207284,134.16806477896608,47.069644197798695,4.863067105656439,5.40801477432251,40.66603490430862,40.07827938720584,0.7873791754245758,39.29090021178126,0.3456445038318634,40.97377332317848,18.63762468742743,37.58057225797793,17.846276814520053,11586.39642649948,1419.4417158960907,2010.6468364829425,1321.184933195682,59.00507049432629,nan,nan,nan,nan,nan
1647,720,54.454380274739755,162.36436913491997,127.90643275449672,39.51826946213386,4.651243696834016,,47.26993413735181,46.99572395160794,0.7925777602940798,46.20314619131386,0.0,42.256236874826435,17.40630594506676,34.69524554367284,10.646263600217202,11602.420839526398,1420.7495476301704,1977.7869530801963,1380.629089811587,10.452604499671311,nan,nan,nan,nan,nan
1648,720,56.842272846347655,158.55537208483062,127.64700804622844,35.76956092507592,4.483176612243985,5.634720325469971,40.11790167633444,39.591284909285605,0.7900812737643719,38.80120363552123,0.2938942313194275,42.229869055868015,17.008138653046363,38.957492383809694,14.751879945975825,11593.019646866554,1373.585188146174,1900.637472977176,1335.3427359555376,175.1696436579331,nan,nan,nan,nan,nan
1649,82,0.0,-54.22287320826038,7.142750776654341,-60.961220475597244,0.3591737788347837,,10.856033772230148,10.578004589304328,0.09285164903849363,10.485152940265834,0.0,14.631334124217005,4.071934210166775,30.480610237798633,0.0,1328.007647013119,175.61711144316996,221.42289109242975,152.3040001354142,20.026592667474116,nan,nan,nan,nan,nan
1650,136,0.0,-63.42714719249891,12.21792075719909,-75.04226911487369,0.5433559347904534,,13.117828010581434,12.84817601647228,0.14990028273314238,12.698275733739138,0.0,26.25837160699184,6.582241358004523,37.52113455743684,0.0,2210.2245599099124,269.18158144223065,339.21668712205957,251.8636407794731,40.13812880696807,nan,nan,nan,nan,nan
1651,102,0.0,-61.466008007484106,7.620113943649188,-68.61517147713747,0.4264200120181228,,11.167512401938438,10.929323573596776,0.11248928774148226,10.816834285855293,0.0,21.509776997753843,4.94700949075573,34.30758573856873,0.0,1656.275673985599,219.76000669661485,275.181794796369,170.16114319223217,60.3820753272643,nan,nan,nan,nan,nan
1652,70,0.0,-62.79299279867967,1.4718714186440214,-64.02231884786626,0.20984537401953124,,9.205216768197715,8.934146529063582,0.07736076228320599,8.856785766780376,0.0,6.654943866121626,1.1240638176670694,32.01115942393314,0.0,1135.8814592035726,148.78543762819967,186.92903643491903,126.06820746226246,8.126625951257273,nan,nan,nan,nan,nan
1653,80,0.0,-71.05889635880837,1.7564608830501016,-72.53124054779063,0.24454564640271326,,10.768915954977274,10.520828906446695,0.0883565116673708,10.432472394779325,0.0,4.1410360650666895,1.2695840584561444,36.26562027389531,0.0,1294.8442107271674,166.67146600458898,212.13683198399184,144.81078242777065,33.07135321635665,nan,nan,nan,nan,nan
1654,720,32.73571761110474,115.18236653494611,119.3246984180978,0.590073756093787,4.367135516635595,,41.93279943801463,41.67808999773115,0.7851482778787613,40.89294171985239,0.0,42.22781966139236,15.722595721499756,32.440680733057825,9.19298131482238,11639.54352063407,1455.1211610545556,1937.6402398811092,1347.7762185435545,144.20360027516293,nan,nan,nan,nan,nan
1655,83,0.0,-70.45397936808786,2.0335164536454005,-72.1839544397248,0.257963623947472,,10.993743275292218,10.725012586452067,0.092153774574399,10.632858811877668,0.0,8.94925366313808,1.402920226107287,36.0919772198624,0.0,1346.1309944465681,176.5081328187941,223.55653221353163,156.52462539176096,5.73781412775985,nan,nan,nan,nan,nan
1656,77,0.0,-67.94541192573705,1.9572446321697474,-69.59793250995727,0.2585586050683344,,8.363151022233069,8.12616613600403,0.08549690246582031,8.04066923353821,0.0,3.750950012646953,1.4464015836035242,34.798966254978644,0.0,1247.0883818915715,175.5405016886895,223.0839940066494,155.6074250989802,21.533095778599193,nan,nan,nan,nan,nan
1657,70,0.0,-67.40861424282419,0.40244180740525165,-67.58012406924344,0.1942521168606909,,9.321247778832912,9.071714020334184,0.07761983294039965,8.994094187393785,0.0,3.4680025764688183,0.36227273514790453,33.79006203462171,0.0,1134.735028360353,151.65317963931864,191.69681832931414,132.14891199341292,25.581165039373623,nan,nan,nan,nan,nan
1658,169,0.0,-61.20523156199246,19.573630226440617,-79.88962056104847,0.8124667399456631,22.67252540588379,14.726726595312357,14.143140359781682,0.18608786165714264,13.95705249812454,0.3316205106675625,20.192648065203983,7.5287562122754865,39.94481028052423,0.0,2731.667640854581,343.6919369691882,438.6227937110912,309.26123214171184,17.429089759997765,nan,nan,nan,nan,nan
1659,720,45.569264753149874,133.52674877862523,123.8686299423674,14.74274515774043,4.694582394484912,,42.62423315551132,42.34594581834972,0.7874065414071083,41.55853927694261,0.0,42.249024723137204,17.487409714104576,38.19789217427966,12.81633480055093,11590.629817853587,1409.7372868976724,2013.3454466603805,1304.2928229968338,188.07931010470426,nan,nan,nan,nan,nan
1660,720,37.52667780767432,125.65013050839273,125.24024663435512,4.9917161492251125,4.232802221981596,5.323208332061768,44.02758698537946,43.48918456863612,0.7888866495341063,42.70029791910201,0.28662202414125204,42.24596501286872,17.390063954109017,35.03081973306178,10.085954394589065,11599.434593522157,1299.0287665569801,1834.406387595614,1289.2668646926088,129.63658149653122,nan,nan,nan,nan,nan
1661,69,0.0,-61.994033887452346,1.973344685997715,-63.71572630992546,0.22154125704718244,,7.975031150504947,7.729468769393861,0.07689868565648794,7.652570083737373,0.0,6.685909797301028,1.5502408341788045,31.857863154962747,0.0,1118.9451907190282,147.0485484095076,185.26883363933732,117.07906029035496,10.213826958170216,nan,nan,nan,nan,nan
1662,68,0.0,-60.63445447627477,1.687250564843,-62.0958455064038,0.19362270960991776,,8.247479193843901,7.992828822694719,0.07663690019398928,7.91619192250073,0.0,2.698678175070616,1.202721350423902,31.047922753201902,0.0,1103.0466802051378,133.4086493881895,167.01430144381905,133.16619065189968,6.417997771679371,nan,nan,nan,nan,nan
1663,720,67.7818964470238,208.46467137882675,148.81695855220073,64.56489584948119,4.562595511627848,,40.95120436977595,40.71270378027111,0.7884294614195824,39.92427431885153,0.0,41.97465668467545,19.977830964486788,35.4994485222832,10.53119183835064,11612.734917082907,1288.7697973052507,1810.5025731702965,1331.377200874721,217.64400648739272,nan,nan,nan,nan,nan
1664,129,0.0,-61.13057165419321,11.069291371137798,-71.54108893595438,0.5946241701379492,,14.190074350684881,13.906529846601188,0.1419253796339035,13.764604466967285,0.0,24.987442942436864,6.63359635316108,35.77054446797718,0.0,2095.4420411712626,277.0420077874143,347.20475040873424,239.39238783619084,53.50808873975625,nan,nan,nan,nan,nan
1665,171,0.0,-43.05634600736987,21.45955753643699,-63.519313338388905,0.9186477021644001,,17.403802786022425,17.145751230418682,0.18805601820349693,16.957695212215185,0.0,28.129084298017137,9.522511222225537,31.759656669194435,0.0,2771.24228398659,373.6240720096095,467.02847504173377,292.6498497861,46.882425897805334,nan,nan,nan,nan,nan
1666,720,57.876642424215895,169.40195692134344,134.27660054879598,40.16919366872632,4.680384460968281,8.277372360229492,44.35082023497671,43.68846492655575,0.7890573497861624,42.89940757676959,0.38049718271940947,42.01363041782627,18.790619751229833,37.79204558985274,11.581018014229244,11599.61308241425,1339.2081021085996,1938.4459940103695,1331.3401296465756,285.35042017947626,nan,nan,nan,nan,nan
1667,76,0.0,-68.69519300618491,1.690358829484331,-70.12273571113978,0.2219386237209005,,10.89957164786756,10.616831817664206,0.08514777105301619,10.53168404661119,0.0,6.606984700164795,1.0191595839220071,35.061367855569884,0.0,1230.1188755517892,155.3883054593173,196.16580645863138,156.70731919502526,30.344156190184343,nan,nan,nan,nan,nan
1668,160,0.0,-59.998494311040865,16.42655882581454,-75.47570219854524,0.8662361742949946,,16.956393984146416,16.657382735982537,0.17741956375539303,16.479963172227144,0.0,30.822605339350964,7.823669049739072,37.7378510992726,0.0,2586.049242770619,374.9787748677262,479.32820762988547,266.2537887006057,138.39756397331615,nan,nan,nan,nan,nan
1669,102,0.0,-64.19092415591743,7.463675248604298,-71.18713962049051,0.41322826594348355,,10.160199868492782,9.89460111875087,0.11263662949204445,9.781964489258826,0.0,16.284718205645788,4.055728113894281,35.59356981024525,0.0,1651.2439779327956,217.3323818680393,275.9167234511084,198.07515074900925,35.705548184750015,nan,nan,nan,nan,nan
1670,157,0.0,-55.69499052985836,16.969602627573153,-71.91312062302684,0.6829232236188107,,14.522670683450997,14.26961762458086,0.17279443982988596,14.096823184750974,0.0,23.480532556033186,7.827036759739207,35.9565603115134,0.0,2539.498443422748,303.22531670496215,380.36399606885783,298.8348756358845,5.885002553689936,nan,nan,nan,nan,nan
1671,107,0.0,-69.308163473466,6.8786479687665265,-75.73798591298934,0.4014260183261402,,13.158935668878257,12.909138699062169,0.11787934601306915,12.7912593530491,0.0,15.709625234213204,4.087154872485032,37.86899295649469,0.0,1735.4899204569365,213.61273280944243,270.4714981511135,182.1792017854126,39.277348440591,nan,nan,nan,nan,nan
1672,178,0.0,-48.99783187307374,22.269778310747625,-70.26735716517334,0.914386630427275,,14.437004320323467,14.193603252992034,0.19586261454969645,13.997740638442338,0.0,26.78951234779977,8.868542178856325,35.133678582586676,0.0,2875.965304823534,378.6026224719513,478.97452261109163,323.65291371042696,25.86493934797818,nan,nan,nan,nan,nan
1673,67,0.0,-63.86766290202082,0.9816359149139882,-64.58700639570976,0.21755394495739078,,7.690878527238965,7.453817416913807,0.07409846037626266,7.379718956537545,0.0,10.824674804500042,1.0961594329850899,32.293503197854875,0.0,1086.9538290008895,157.95058205550214,200.11867348428353,119.68970319082797,24.034266676956392,nan,nan,nan,nan,nan
1674,80,0.0,-69.95922171359719,1.6397462570956565,-71.32229841166625,0.24317233035873898,,12.567186143249273,12.287194368429482,0.08875531330704689,12.198439055122435,0.0,9.451060301609411,1.2410219580591877,35.66114920583312,0.0,1296.010968585468,173.14157634255207,218.5041747094284,130.41506368980723,36.334669993059016,nan,nan,nan,nan,nan
1675,75,0.0,-69.77844676991882,0.8518919859121015,-70.3696204988505,0.22076198208285533,,10.732849945314229,10.463839115574956,0.08312954474240541,10.38070957083255,0.0,4.780297825350637,0.7230475030363877,35.184810249425254,0.0,1214.7240332562121,164.21477037424808,207.36917253386068,140.74584957927863,57.714628563656824,nan,nan,nan,nan,nan
1676,144,0.0,-61.27116388544083,13.942310414727702,-74.36213954136107,0.7690710267908706,,14.347923311404884,14.079695520922542,0.15859537478536367,13.921100146137178,0.0,19.734845986410242,7.307484440019383,37.18106977068055,0.0,2332.7296919158016,344.4471605745579,439.10813087391807,241.91608197790976,67.56045902000969,nan,nan,nan,nan,nan
1677,69,0.0,-64.43274414999102,1.2387961039279214,-65.45177922001773,0.18778053427837174,,8.73004956357181,8.483705407939851,0.0767150828614831,8.406990325078368,0.0,4.235904164983515,0.8656495294911154,32.72588961000885,0.0,1117.5812056092789,133.656958987,167.6936509403558,133.324600857635,3.8359029993165716,nan,nan,nan,nan,nan
1678,85,0.0,-71.83731138657102,2.2646345825902325,-73.78097195257233,0.27383838494139684,,11.741071118041873,11.433739404194057,0.09426872339099646,11.33947068080306,0.0,12.372033897310104,1.3613727711639523,36.89048597628616,0.0,1376.3245546388148,182.26244834663297,231.32905915947336,169.02412569923038,37.98385324889703,nan,nan,nan,nan,nan
1679,105,0.0,-72.66515207059703,5.678867591163092,-77.9006746268058,0.39240819919274134,,12.143158618360758,11.855622050352395,0.1159487459808588,11.739673304371536,0.0,19.62830224420803,3.2873789043181723,38.95033731340289,0.0,1700.9947310076666,224.26982496902485,286.7488545386419,178.01945500309478,44.13145978621396,nan,nan,nan,nan,nan
1680,84,0.0,-66.49690899626002,3.5585121388856114,-69.6862349962182,0.31871878658880926,22.90375328063965,10.233972425572574,9.691221859306097,0.09299819264560938,9.598223666660488,0.2877392787486315,9.60036509792298,2.543227941180138,34.8431174981091,0.0,1359.9908519072983,191.66716344256378,242.95174339784617,150.14558353263925,22.686449431259877,nan,nan,nan,nan,nan
1681,720,54.87906600008582,164.0345673961755,137.52152454796973,31.572906232677298,4.703917337966497,,43.35278596263379,43.11367247905582,0.7903270125389099,42.32334546651691,0.0,42.21970798694079,18.619279490419352,39.09261288374717,24.620896867549195,11582.400386792322,1328.5374073927726,1923.1886244244497,1283.5369964912957,67.25787843156536,nan,nan,nan,nan,nan
1682,720,51.25822926418927,161.6942390216357,135.17670523208108,31.23946901311126,4.37326870603629,2.8209028244018555,40.38966370560229,39.87562856730074,0.7890605852007866,39.08656798209995,0.28611274156719446,42.262910589927934,18.316552695957693,35.63849475763364,20.718520624940094,11583.279717364943,1266.0204362024351,1820.3827795122147,1385.6181663714156,200.02932600596176,nan,nan,nan,nan,nan
1683,720,58.53065050414823,184.34138296680888,143.50001232693077,46.00916354003719,4.7910813399622505,,43.471926047466695,43.19396864902228,0.7879921169951558,42.405976532027125,0.0,42.21631488623891,19.7956128579304,35.52606873412964,12.23143017869028,11600.681787773508,1377.9442572095493,1927.5100161254588,1355.300520657394,147.65009526620574,nan,nan,nan,nan,nan
1684,99,0.0,-66.3069501700335,6.204526229197024,-72.05394178127744,0.4063581078874959,,9.53631708305329,9.30343637894839,0.10948084108531475,9.193955537863076,0.0,14.491041273311387,3.8600673882993397,36.02697089063873,0.0,1604.5194178642062,214.29398435419884,270.57998563075597,184.05267472404654,31.582816786717196,nan,nan,nan,nan,nan
1685,720,50.03335221069574,161.62369783413126,141.3770351222824,25.16568983231842,4.534675086638392,0.282241553068161,40.13012535683811,39.583917184732854,0.7863543415442109,38.79756284318864,0.3272686153650284,42.26263156531863,18.12354051560436,37.45050729453653,36.426931499426104,11582.399999999903,1263.954006635339,1869.5357371068828,1341.9006751356421,39.29617156147919,nan,nan,nan,nan,nan
1686,114,0.0,-49.19996109630891,12.13665877845568,-60.712798877671915,0.5726967280127485,,11.601800421252847,11.349454052746296,0.1266896715387702,11.222764381207526,0.0,23.338502505582426,7.968662338663946,30.35639943883596,0.0,1863.8231062057316,251.7644417760695,312.50761850256447,200.5045542108563,46.50941217114493,nan,nan,nan,nan,nan
1687,720,55.659558326398695,184.2355467083709,157.36356038729855,32.13850402318033,4.8992614128678795,,41.73528169468045,41.48892151005566,0.7837211526930332,40.70520035736263,0.0,42.263560514343645,21.951784745022465,39.59030631480853,16.27048191402153,11587.763460774026,1276.658770580647,1871.5599238840737,1318.7429054832344,72.49716789576671,nan,nan,nan,nan,nan
1688,720,52.21354008764825,161.8975720904845,134.8066276527464,32.2781821493857,4.8102452937665445,5.141984939575195,41.639876308850944,41.08748228754848,0.7847315100952983,40.302750777453184,0.3195393132045865,42.25942383347919,18.61809402182843,36.0744490129554,22.468388850116146,11582.525020833626,1363.9395276466385,1953.6066604577375,1299.7710360519973,63.725639713881826,nan,nan,nan,nan,nan
1689,720,49.613935988121284,177.64177365307577,146.26788795692502,36.35692580614074,4.638927230006115,,38.506073775701225,38.236682751215994,0.7866208152845502,37.450061935931444,0.0,42.25807788653027,19.704152376580648,31.43547308505092,22.83274035412283,11582.703914309655,1291.4457973368312,1867.8106691752228,1347.05500940172,113.0996273700012,nan,nan,nan,nan,nan
1690,69,0.0,-58.137212792642,2.6875580545824325,-60.58022650485365,0.21930354908267463,,8.60304652620107,8.361707298085093,0.07610498648136854,8.285602311603725,0.0,11.300123573186761,2.300389007305969,30.290113252426824,0.0,1119.0842288808203,137.01329541462667,170.79078262741612,111.65268634424564,24.777552085071115,nan,nan,nan,nan,nan
1691,110,0.0,-56.53422728775567,9.512327126190728,-65.4552842431003,0.5313254972440887,,11.746016026474535,11.498456258326769,0.12136634532362223,11.377089913003147,0.0,25.899770279589458,6.589427177306489,32.72764212155014,0.0,1787.5155352481138,253.22358026448802,316.9093639842643,216.22597158865264,31.58161780672799,nan,nan,nan,nan,nan
1692,109,0.0,-56.212986836687826,9.88393189741099,-65.6183564656013,0.4271336514427678,,11.619491833262146,11.376024383120239,0.12040622998028994,11.255618153139949,0.0,29.66573798352136,6.191666077177629,32.809178232800654,0.0,1776.0549409417429,212.70398794124696,262.9267532439931,215.4015413888625,14.697909232974402,nan,nan,nan,nan,nan
1693,70,0.0,-66.17305125688581,1.0208520158809502,-66.93906156745064,0.22054918320794428,,8.649280689656734,8.39263279736042,0.07769738789647818,8.314935409463942,0.0,3.077076617156558,0.7859959834466087,33.469530783725325,0.0,1134.1123452363133,159.59393503208528,201.9007626552384,122.60154761330948,40.13028606788602,nan,nan,nan,nan,nan
1694,90,0.0,-62.353798942268966,5.5873812339407944,-67.57095578337051,0.3294047987079194,,10.858461016789079,10.596797500737011,0.09940033685415983,10.497397163882852,0.0,10.122616319414696,3.6604386460562917,33.785477891685254,0.0,1456.8730752878828,180.4570202666826,227.87373649620747,161.2255655810807,14.748771858323318,nan,nan,nan,nan,nan
1695,101,0.0,-73.95143942892128,4.576846494176679,-78.11762502634004,0.36145084620018375,,9.650972744449973,9.416045140475035,0.11132872849702835,9.304716411978006,0.0,14.415410787499887,3.018281354427858,39.05881251317002,0.0,1636.568332778553,213.31303318912424,269.68943789622244,189.6449119514256,29.670174669024945,nan,nan,nan,nan,nan
1696,111,0.0,-71.16139128520072,7.280331172984884,-77.97044740122985,0.4216997261422327,,11.36351244803518,11.13078273460269,0.12276016734540462,11.008022567257285,0.0,16.65177483325768,3.927741348667587,38.985223700614924,0.0,1798.2260694022043,222.36249480538078,280.5166598249939,219.5834265127214,11.12241554975075,nan,nan,nan,nan,nan
1697,94,0.0,-64.85007071669773,5.5453751835029665,-69.98496073700994,0.3650405697917135,5.460183620452881,10.229540375061333,9.696075584739447,0.10371746495366096,9.592358119785786,0.28612820617854595,18.591712045954978,3.774249979320613,34.992480368504985,0.0,1524.203793372147,201.107053001087,253.52592140732585,175.5835998148301,27.923607986094577,nan,nan,nan,nan,nan
1698,80,0.0,-61.10792271231273,3.6615363397458722,-64.50783314383906,0.23406076515955768,,9.591363973915577,9.33743314165622,0.08938285987824202,9.248050281777978,0.0,18.96719662884082,2.8107242611698906,32.253916571919525,0.0,1297.200990775802,141.25759656832705,175.76845207150245,149.68613257540548,22.575887078282303,nan,nan,nan,nan,nan
1699,140,0.0,-61.96490010380387,13.015282107257491,-74.27808472061253,0.6364456778134947,,15.626077277585864,15.35375709272921,0.15642915852367878,15.197327934205532,0.0,21.97391796499862,6.993542232358571,37.13904236030627,0.0,2275.0500594247414,293.1375442492652,366.71616267845343,254.25434758612016,42.973669846438305,nan,nan,nan,nan,nan
1700,95,0.0,-72.83007283006494,3.894662931334085,-76.37127692556429,0.3082237159675946,,11.563693148083985,11.283921416848898,0.10548791289329529,11.178433503955603,0.0,11.851850725234721,2.4115687521803535,38.18563846278214,0.0,1537.5316818374054,189.85495612027535,240.74923095167392,180.97429066733176,36.574922463165535,nan,nan,nan,nan,nan
1701,181,0.0,-60.36881996491441,20.549477766365992,-79.90997110584713,0.9170315988287192,,15.119984367862344,14.875440491363406,0.19914957508444786,14.676290916278958,0.0,19.722180802262717,8.08736525205922,39.954985552923574,0.0,2928.3811613360085,396.39200599494785,505.20551614001954,315.68965495544495,37.57327801985451,nan,nan,nan,nan,nan
1702,78,0.0,-64.46675780045673,2.86811614835939,-67.00774578289354,0.28337807652465086,,9.515400521457195,9.253416931256652,0.08628130238503218,9.16713562887162,0.0,10.694246482639114,2.395408906715488,33.50387289144676,0.0,1264.6271824365658,179.5257046219656,225.73030853024258,147.09867423554894,38.9652619049699,nan,nan,nan,nan,nan
1703,134,0.0,-61.88110991302371,13.71268546857972,-74.89880477246932,0.626952946794956,,12.120866378769279,11.88208637200296,0.1474545169621706,11.734631855040789,0.0,22.978227528046006,6.360028593464909,37.44940238623465,0.0,2166.5714706457125,280.37723732226686,354.977374977711,265.7087006644711,32.79294955758113,nan,nan,nan,nan,nan
1704,83,0.0,-58.71280947345154,4.641230967652474,-62.99580560545033,0.3145563645266408,,9.393617574125528,9.122514170594513,0.09169165976345539,9.030822510831058,0.0,20.55553180264305,4.155693957593903,31.497902802725175,0.0,1349.6476410480075,180.35027092453603,226.07980855770936,154.01656195546101,28.51727805077779,nan,nan,nan,nan,nan
1705,720,40.33347196118488,118.06502458661949,120.5383152643654,2.331285489396876,4.43374078259735,19.878408432006836,44.849623455666006,44.2800008347258,0.7894691368564963,43.4905316978693,0.2937048552557826,42.263654171384445,16.857037340167498,39.16782921648644,12.305393995920664,11600.63681953323,1390.7275587999957,1948.806053719224,1282.9956334444923,74.99062100206126,nan,nan,nan,nan,nan
1706,73,0.0,-57.413316290872544,3.6278202396223045,-60.706905636540355,0.2891853058762896,,8.870640742592514,8.629395196214318,0.08284170739352703,8.546553488820791,0.0,19.75636518564707,3.262574267087368,30.353452818270178,0.0,1185.3160164655176,168.56511289649362,212.83804628993835,126.38922662193161,17.015794686340595,nan,nan,nan,nan,nan
1707,720,38.882918931026715,131.7605782464698,120.4241110126781,16.13442723495558,4.419332903020903,,41.01411726139486,40.76673061400652,0.7890702998265624,39.97766031417996,0.0,42.2635530977505,16.23221832279702,30.815705313548936,13.036585249007015,11601.570931247963,1416.9881806368353,1938.6023704416539,1353.7442203686674,273.62445554134393,nan,nan,nan,nan,nan
1708,720,50.35250096726202,162.02597968788493,137.6131003440619,29.763424722819593,4.982196138050026,17.89600944519043,42.65344663430005,42.08662899117917,0.7881552893668413,41.29847370181233,0.296498061157763,42.26351983962362,19.23121331466044,35.47078860585222,17.295199499258263,11586.893272843894,1412.7464124273392,2007.1647716699647,1268.605954329266,114.7596170900212,nan,nan,nan,nan,nan
1709,80,0.0,-72.79166352715016,1.271964368956874,-73.78246130629223,0.24272094747517287,,9.407536155544221,9.165559695102274,0.08975510764867067,9.075804587453604,0.0,4.99082464074275,0.9687187062118723,36.89123065314612,0.0,1294.8911313300105,176.5210271528458,223.14797466084704,143.38371672249042,31.23434549915391,nan,nan,nan,nan,nan
1710,62,0.0,-61.107887781582434,0.6668406074924348,-61.58510116565422,0.16704911097953296,,7.930117102339864,7.680780754424632,0.07011496648192406,7.6106657879427075,0.0,3.479203543444936,0.4803414897332163,30.79255058282711,0.0,1005.3070226352884,128.69467304315236,160.40383310393509,102.51188502530329,20.27841655769638,nan,nan,nan,nan,nan
1711,720,47.636437441928884,144.73828711948823,126.72093536231138,22.894306740433294,4.471092415587827,,37.943191688507795,37.69391185604036,0.7855193121358752,36.90839254390448,0.0,41.74051102523011,16.591585997935784,36.18928407171224,26.072145621157837,11582.399999999898,1379.617918013392,1905.619445725387,1370.9945226976233,232.91177623800775,nan,nan,nan,nan,nan
1712,141,0.0,-44.3367152384304,17.36527069601121,-60.940792443261344,0.6925542297887579,,14.116937793791294,13.86444392055273,0.15461184363812208,13.709832076914608,0.0,29.90474575871979,8.79789531201379,30.47039622163068,0.0,2292.651891311318,292.33071545853585,363.6576853017926,252.6813180975619,20.13674873319362,nan,nan,nan,nan,nan
1713,720,62.399401221341066,190.9762939112712,145.4509580190412,50.88318148495726,4.961113297583421,12.004679679870605,37.01769260503352,36.43606028705835,0.7847186699509621,35.65134161710739,0.3356950767338276,42.263475902567684,20.452889938266537,36.95781047886243,15.661301212327801,11596.801917733554,1366.2836153521698,1941.5059087679183,1318.3958506635784,225.38041032712997,nan,nan,nan,nan,nan
1714,62,0.0,-62.21975124940596,0.8124412542548115,-62.78663621690292,0.20632387370008,,9.701674078591168,9.409436309710145,0.0699169896543026,9.339519320055842,0.0,6.6876234510972505,0.6490484214895651,31.393318108451464,0.0,1004.8795237104027,151.33214346781324,191.68625085185553,116.5946098438986,56.72910420576273,nan,nan,nan,nan,nan
1715,720,56.397059759543865,179.63887862263036,139.72048667345763,44.9671970719932,4.653222489975928,,40.7039331831038,40.451192608103156,0.7862544450908899,39.664938163012266,0.0,42.258519665304995,19.4656744031084,33.91346122354727,10.33730908232747,11611.218667441704,1357.3793199395927,1916.519216663047,1340.6866510209204,198.76370000145155,nan,nan,nan,nan,nan
1716,190,0.0,-50.436384803828275,23.20302099594031,-72.60715747130865,0.9282406798349876,,15.407739289104939,15.150640651583672,0.2078033657744527,14.942837285809219,0.0,33.4071180744801,8.97626639337147,36.30357873565432,0.0,3069.7235778031186,393.6926417724222,494.6420699972612,363.990198226364,80.06634861505603,nan,nan,nan,nan,nan
1717,147,0.0,-48.513106625704516,18.537447558218062,-66.20485100456042,0.7713285894109512,,12.28220965899527,12.04766051005572,0.16126994788646698,11.886390562169254,0.0,34.31197781870857,8.625199877191273,33.10242550228022,0.0,2392.0364003925865,317.91450886695867,399.64582032111184,253.4419725319973,76.71786068833156,nan,nan,nan,nan,nan
1718,720,74.42131545439992,231.68649842505206,162.52669445130664,74.27531513313752,4.749607138304611,10.845357894897461,38.58512049168348,37.96332203503698,0.7868360942229629,37.17648594081402,0.3674556454643607,42.26366777591197,21.121112067707436,37.283657887831154,23.08418158501564,11582.546561883559,1200.2786238926758,1759.6283098548734,1309.1217522203538,41.51664599374151,nan,nan,nan,nan,nan
1719,83,0.0,-68.16798112617248,3.0403038780973537,-70.89187260107629,0.27598736389962847,,9.474826087243855,9.21435381192714,0.09233999438583851,9.122013817541301,0.0,12.74941904026693,2.044660586015591,35.44593630053814,0.0,1344.5648414152463,174.54057193282821,220.38227200458934,148.91189058606284,12.999571059252803,nan,nan,nan,nan,nan
1720,91,0.0,-76.01707520140444,2.607540205913945,-78.29465059953804,0.28456303596737603,,10.468858387321234,10.211047247052193,0.1017177402973175,10.109329506754875,0.0,14.97469966702748,1.5466713959092049,39.14732529976902,0.0,1473.1617259883085,185.8104041054724,236.0851799004906,178.09268352065257,29.785748702803353,nan,nan,nan,nan,nan
1721,66,0.0,-64.7903505814782,0.6085628808467282,-65.15215034941869,0.2017222177846254,,11.249880843795836,10.954843578860164,0.07409895397722721,10.880744624882936,0.0,6.041749818735331,0.6374636200115608,32.57607517470934,0.0,1069.8872111340427,154.5022170056088,194.86631369822797,135.8395069543804,24.699730697304577,nan,nan,nan,nan,nan
1722,720,11.085427757883952,47.46170018643235,102.37144560359583,-50.57780983218066,3.9719231257639223,,41.41413630358875,41.17630872875452,0.7882302915677428,40.38807843718678,0.0,40.61034287911374,14.284838232083676,36.37433267397428,11.085427757883952,11590.754041297863,1414.3233502751254,1925.9487284676738,1327.1257153893696,152.67872224702987,nan,nan,nan,nan,nan
1723,720,62.634920416666,187.16609780674344,135.54558674853317,56.33216768082265,4.331974111819559,26.882261276245117,41.48655267711729,40.90533172059804,0.7887248201295733,40.11660690046847,0.3302142061293125,41.285095747685794,18.604722585001525,34.46883657625468,10.191797861164586,11633.605598172244,1315.9278010490532,1815.0338187603734,1399.9064416546428,144.76794763965623,nan,nan,nan,nan,nan
1724,74,0.0,-61.76338099611807,2.694666857966933,-64.16873080756505,0.2556975731669761,,7.734631223604083,7.501999576576054,0.0823057247325778,7.419693851843476,0.0,11.744321936988388,2.121864930108324,32.08436540378251,0.0,1200.2958959753719,164.29830079645774,207.6978203515748,126.654706913826,10.498950956017264,nan,nan,nan,nan,nan
1725,124,0.0,-59.90029352717147,10.846614533169168,-70.14254721024068,0.5506779643488321,,13.879573985934258,13.636948367580771,0.13790956605225801,13.499038801528513,0.0,24.464566808919237,6.398972930830945,35.071273605120325,0.0,2013.9349054015818,268.6038691544753,337.36704891269994,202.7889729650487,35.13189878431463,nan,nan,nan,nan,nan
1726,113,0.0,-66.72235814225449,8.54742222244427,-74.71069046685905,0.49421571220340954,,10.908541246317327,10.651944518089294,0.12515688501298428,10.52678763307631,0.0,23.119059294305693,5.071927866180067,37.35534523342952,0.0,1835.0851897227317,249.27847755997223,314.7675179328396,220.13778944398317,56.55550179414919,nan,nan,nan,nan,nan
1727,73,0.0,-64.82113946282222,2.1162995611646442,-66.67665140450416,0.233119179408767,,9.892853172495961,9.637391493655741,0.08117044530808926,9.556221048347652,0.0,12.009802880755519,1.3770706775005825,33.33832570225209,0.0,1182.7939054066185,157.4266745664834,200.17363422387908,111.45475036126072,25.763106547759737,nan,nan,nan,nan,nan
1728,720,59.329995185477514,165.19506264950783,131.38672687077718,38.89065152771805,4.690825857033627,,40.764673178084195,40.51104558818042,0.7874932195991278,39.723552368581295,0.0,42.26370124140464,18.201084812613285,39.88466942161848,12.858184762221276,11595.183100805862,1374.707087351614,1979.7499407488513,1275.422753006938,57.55690961310016,nan,nan,nan,nan,nan
1729,60,0.0,-59.91402560913622,0.8532244986390695,-60.56688437084715,0.17050969412995143,,8.974673567339778,8.713058147579432,0.06655181478708982,8.646506332792342,0.0,1.7994616340961915,0.5608621655218632,30.283442185423574,0.0,972.814517871011,127.24540151786326,158.84332420452822,109.49175851004911,26.206671888215734,nan,nan,nan,nan,nan
1730,117,0.0,-73.49799571712225,6.409021263023132,-79.44922885839961,0.4071147570460544,,12.702725143171847,12.450050007551908,0.1288327993825078,12.3212172081694,0.0,30.373430940515266,4.313393859484257,39.72461442919981,0.0,1901.2950804780985,239.05862677734032,303.45446901712677,199.5190716228717,46.14056534577916,nan,nan,nan,nan,nan
1731,159,0.0,-61.67937214460489,15.930735086625885,-76.72862864999189,0.7903210077374494,18.13637924194336,13.688765595667064,13.165191812440753,0.17436135187745094,12.990830460563302,0.295281533151865,32.49931606477892,7.625904334823757,38.36431432499596,0.0,2580.372881584957,355.8208626607057,449.8672047176993,298.7489053283661,36.45581019305976,nan,nan,nan,nan,nan
1732,720,46.97183047328552,151.53010289296358,131.93504303804693,24.29190600065985,4.325817408688358,,39.70666698832065,39.460990444757044,0.7875007893890142,38.67348965536803,0.0,42.20055859551434,18.562337521861668,34.825877472955604,14.0759073391619,11600.662205495213,1318.2155663941064,1839.0784639952708,1336.1071904576095,99.32142450250605,nan,nan,nan,nan,nan
1733,104,0.0,-60.29870092347465,8.06505287713647,-67.82677214409608,0.4860650372025549,,12.687683400698006,12.404757385142148,0.11478601396083832,12.28997137118131,0.0,28.02857418245192,5.391871639882551,33.91338607204803,0.0,1687.7345260476598,245.75443762424032,312.02476878157995,157.16587392268303,71.84827625159289,nan,nan,nan,nan,nan
1734,82,0.0,-78.23606646061569,0.2886721327208489,-78.2391014969704,0.2390873834827008,,11.93802931625396,11.653570373542607,0.09051154647022486,11.563058827072382,0.0,1.9177063730573292,0.21711199240210113,39.1195507484852,0.0,1326.5306932346225,188.4714907132039,239.9218819482408,156.2632035991266,48.181012156253786,nan,nan,nan,nan,nan
1735,720,34.61811496639353,117.6037942516541,119.79085699042649,2.3943191414004303,4.231704500363551,11.812679290771484,38.65756004769355,38.071552206762135,0.785944945178926,37.28560726158321,0.3345285505056381,42.00508018836853,16.11113162155364,33.42095539569335,12.888778650279262,11605.440368247104,1332.4201689514475,1849.2382917453988,1315.2263762514194,85.92251718571488,nan,nan,nan,nan,nan
1736,720,48.011822957830965,144.05614700407287,123.77362490113146,25.153769771095583,4.486927656877702,,42.941189096309245,42.69021007604897,0.790109827183187,41.90010024886578,0.0,42.1651318907199,17.623808061536067,35.43493807228318,9.97531836902379,11604.411830791087,1346.7868825362905,1918.9180075408688,1319.6676238679752,76.50008952531384,nan,nan,nan,nan,nan
1737,720,55.779786108934935,183.79192003986307,141.59192527055447,47.35439382082956,4.783775967601899,3.0145304203033447,43.88528092484921,43.3305082116276,0.7853258335962892,42.54518237803131,0.3042151639238,42.259344102458364,19.49809436168082,32.102589198520164,11.375088207243014,11603.560374991943,1338.9622169764234,1907.600035348598,1395.1837851737082,92.61182957947094,nan,nan,nan,nan,nan
1738,133,0.0,-63.59129603766819,12.353632444070492,-75.31980684965251,0.5662226860340978,,11.471503824926913,11.233061453327537,0.14748372230678797,11.085577731020749,0.0,25.52093374081066,6.289110998988619,37.659903424826254,0.0,2153.9509977189814,269.1362156276799,339.24829428978666,226.83772887327788,26.970631887212974,nan,nan,nan,nan,nan
1739,83,0.0,-58.42737051773299,5.615906429123972,-63.69282427438649,0.3115633269443786,,9.96413375902921,9.697605142369866,0.09197359532117844,9.605631547048688,0.0,11.001262175337095,3.8352923898442786,31.84641213719324,0.0,1344.9656275603827,168.61963980358505,211.5851653145585,159.54871531705203,3.4545002959052664,nan,nan,nan,nan,nan
1740,101,0.0,-66.39377982110045,6.297078519390993,-72.22992877818018,0.40695221737643106,,12.234641102142632,11.976682211272418,0.11107175517827272,11.865610456094146,0.0,12.791262820308619,4.136597403585273,36.11496438909009,0.0,1634.358833195813,214.80125384687108,271.9812111914979,189.9758538595292,27.487191202116353,nan,nan,nan,nan,nan
1741,720,48.57403782654956,144.45992592261356,123.04046282170263,26.262207487607583,4.459482196915619,,45.57704125344753,45.303668051958084,0.7850980125367641,44.51857003942132,0.0,41.88112457732344,16.967888120408073,35.44293408274573,9.553535970561803,11625.388280636687,1406.0122140994908,1939.0629673044148,1379.0123861498455,169.6513419992286,nan,nan,nan,nan,nan
1742,91,0.0,-52.4024701611972,8.278655547745956,-60.29784546593487,0.3434557327479048,,11.22187980916351,10.956100855022669,0.10033356957137585,10.855767285451293,0.0,16.921806860088903,5.309677276244062,30.148922732967442,0.0,1476.540242638282,170.60796258749784,212.36428435034495,172.8431836023223,16.365200055059038,nan,nan,nan,nan,nan
1743,81,0.0,-70.39126558478634,2.0660552375786807,-72.15430158916068,0.26046142195970495,,8.173525336198509,7.934311777353287,0.08930599223822355,7.845005785115063,0.0,9.279776057063739,1.4923169713789806,36.07715079458034,0.0,1311.8994609637741,174.1294546447348,220.4422976259959,153.1971746897358,31.01828275885706,nan,nan,nan,nan,nan
1744,86,0.0,-63.09017335005579,4.117753310805217,-66.86862955062986,0.30507138042542165,,11.559063086286187,11.307468068785965,0.09482160769402981,11.212646461091936,0.0,25.377955309363564,3.3948849076950847,33.434314775314924,0.0,1396.060702029384,186.4467071955411,234.58488497215365,138.53662532927015,35.47753102079743,nan,nan,nan,nan,nan
1745,144,0.0,-51.175783346002405,17.223304039073696,-67.58951930626597,0.7355796123901067,,15.525836953893304,15.25487179774791,0.15817101951688528,15.096700778231025,0.0,31.705135085517636,7.8954775786671405,33.79475965313299,0.0,2328.620946134734,313.5883483779089,394.27523629833047,278.93425722714596,59.997585802480344,nan,nan,nan,nan,nan
1746,720,59.85779559946405,180.7982211235916,130.1757140657565,55.6858295998111,4.685110470172911,11.440047264099121,44.636940974742174,43.94780099950731,0.7867592284455895,43.16104177106172,0.4189272550866008,41.475350030832196,18.28670933772626,32.0148807995585,9.2287655407827,11621.429305169124,1407.247115207911,1958.2266440000164,1323.9902098540863,213.74422043669767,nan,nan,nan,nan,nan
1747,720,67.8454674910414,215.19002442019197,164.05541145630528,56.730241997640704,5.241447747312532,,39.920925362966955,39.6821990320459,0.7876956341788173,38.89450339786708,0.0,42.10370395040331,22.408073365849475,39.48034649222105,25.820114013927224,11582.399999999932,1255.414714481404,1884.0775213521042,1310.0867539071937,132.28741090712904,nan,nan,nan,nan,nan
1748,720,48.85803384814851,173.76909901642722,150.75048937450515,28.458459153578914,5.071475500527497,2.794241428375244,43.483159428462386,42.92604583594948,0.7850165199488401,42.14102931600064,0.28741344902664423,42.20803926906888,20.98913540103221,34.62880427135905,22.713279652062155,11582.575837341361,1359.2173250052053,1972.9463639337312,1300.7753044443068,39.44529179042603,nan,nan,nan,nan,nan
1749,99,0.0,-65.50233561394155,6.010894774688041,-71.1062834461588,0.36190049682781655,,9.743336520157754,9.491366977803409,0.11035002209246159,9.381016955710948,0.0,11.89402605359961,3.7114288580144787,35.55314172307941,0.0,1603.699313336836,201.42506150881314,253.75031156223505,182.1107255074378,45.86443323389288,nan,nan,nan,nan,nan
1750,720,43.576408873855954,132.56401949639212,120.61464740369965,16.65845543958389,4.32938874677668,,43.36737714894116,43.11855165660381,0.7882818952202797,42.33026976138353,0.0,42.181923194785256,16.70866953069073,35.247181154064016,11.589389558598452,11608.340582924593,1375.6967474992464,1901.1183134954997,1387.7191843181376,56.1814366529405,nan,nan,nan,nan,nan
1751,76,0.0,-63.46907423330986,2.804817222869512,-66.01389669456297,0.22751547725332438,,7.7203757064417005,7.485640183091164,0.08366875071078539,7.401971432380378,0.0,7.252380412345428,1.9852591234363994,33.00694834728148,0.0,1232.0014721356968,146.49140915440785,183.4375080516874,147.03192652405644,16.408117212717233,nan,nan,nan,nan,nan
1752,92,0.0,-55.09020455447298,7.684101024105369,-62.3476718704145,0.38386369516370034,,7.781536595895886,7.570153394713998,0.1010618731379509,7.469091521576047,0.0,20.85240644350373,4.807426999639008,31.173835935207272,0.0,1493.810457163842,187.83054789700336,234.52715476705058,168.1036564742698,23.601632489652797,nan,nan,nan,nan,nan
1753,720,77.26724144598643,240.90824227506022,168.04546586984029,78.54099340425682,5.326830262002308,4.917369842529297,39.26580959558487,38.69350566249341,0.784607470035553,37.908898192457855,0.33564100228250027,42.255809423509305,21.759059740429905,37.99674474385802,27.40744906875824,11582.399999999887,1288.8635546585117,1902.5995371348472,1301.229649026734,47.185474932592285,nan,nan,nan,nan,nan
1754,62,0.0,-61.2650062211874,0.7768424956776615,-61.804688215356705,0.20025962875983447,,9.319708970375359,9.059098521247506,0.06999200489372015,8.989106516353786,0.0,4.313258725210993,0.7159410286851656,30.902344107678353,0.0,1005.2840057845955,147.04494193238148,186.34163836713432,110.55309604414666,42.24412993548338,nan,nan,nan,nan,nan
1755,140,0.0,-61.74937712112478,12.324574373947465,-73.4430490169964,0.5794299124704053,,13.700522479601204,13.438197201117873,0.15641651675105095,13.281780684366822,0.0,27.848755480061534,6.781399588408359,36.721524508498206,0.0,2271.0131669549496,279.66629726283554,350.53548024097324,230.98743765098666,33.78751110932199,nan,nan,nan,nan,nan
1756,94,0.0,-62.325802357665964,5.7234744274402525,-67.57148458510288,0.4277919205530113,,10.021016304381192,9.778200194239616,0.10457017552107573,9.67363001871854,0.0,22.499892551670246,4.379181849598085,33.78574229255143,0.0,1526.15448753824,217.92137271258898,274.56862802082117,169.73978175568706,9.645536170247548,nan,nan,nan,nan,nan
1757,86,0.0,-75.81788174548977,1.5759461498056258,-77.11491876403349,0.24375137236774844,,11.710936568677425,11.438356598839164,0.09567336272448301,11.34268323611468,0.0,12.000379601050161,0.9362049946994342,38.55745938201674,0.0,1392.019160479362,172.2013939305444,218.99547039530555,156.36335509626497,48.337384581364965,nan,nan,nan,nan,nan
1758,154,0.0,-53.4532798311233,17.10566401869,-69.71546959947247,0.7709561149151669,,13.536500574089587,13.286690084263682,0.17028585355728865,13.116404230706394,0.0,23.285504383979276,8.245347323039178,34.85773479973624,0.0,2498.1157677764627,334.9796976655569,421.8499003788634,249.57547906869573,34.894017024933106,nan,nan,nan,nan,nan
1759,65,0.0,-59.31410004421198,2.024966329731942,-61.08883030009521,0.22276935909579534,,8.380040969699621,8.112433028407395,0.07224453426897526,8.04018849413842,0.0,14.558508099877416,1.633068122809939,30.544415150047605,0.0,1053.8691987389686,144.24740553731274,181.24509595619048,111.437183784331,4.552739798401281,nan,nan,nan,nan,nan
1760,720,59.75299241099711,168.38375870443795,133.14637247980767,40.3911523832066,4.769404228301417,,39.74404240120202,39.51608312409371,0.7893510507419705,38.72673207335174,0.0,42.22978168728489,18.63583708072737,39.5574162193938,12.881841062183788,11595.113475883942,1390.6055934066967,1962.3643011782667,1353.5121636009808,143.98823311155027,nan,nan,nan,nan,nan
1761,68,0.0,-61.99923652715253,1.7586422970227393,-63.50191744969854,0.21986028063619276,,9.83728252351284,9.562306239269674,0.07561255060136318,9.48669368866831,0.0,12.48309796987335,1.392007519102199,31.750958724849266,0.0,1102.777764749534,150.11656070306555,189.57190595690872,115.48846927206786,7.988628240622168,nan,nan,nan,nan,nan
1762,67,0.0,-61.36995713135778,1.6839922191393972,-62.78355998585351,0.231676332135312,14.653554916381836,9.842969618737698,9.279949760995805,0.0745419804006815,9.205407780595124,0.29306416492909193,9.395686548459109,1.4631419400377508,31.391779992926754,0.0,1087.0099421079913,154.29241233525852,194.5608946316995,121.6657411471372,34.60247306318152,nan,nan,nan,nan,nan
1763,720,54.88065177514196,157.6031835462974,130.52794978297905,31.85188131788658,4.421626911676178,,41.0791793866083,40.83565770741552,0.7880253400653601,40.04763236735016,0.0,41.94272187623787,17.915690850601283,38.95471111619867,19.51608443456532,11585.16732118616,1322.3601415123596,1872.0868144084554,1345.5996533816983,117.86683810818191,nan,nan,nan,nan,nan
1764,720,55.99771238247673,194.2953478448982,150.3141941891584,49.46397830455679,5.099287682558402,3.303961753845215,42.21645121369511,41.67419203557074,0.7864315351471305,40.88776050042361,0.294443485327065,42.26310809810532,20.925943251071256,31.265723230198343,9.436682907373514,11611.385019775531,1375.497516432953,1976.8050130004965,1352.6241607095528,94.91414781738762,nan,nan,nan,nan,nan
1765,109,0.0,-68.06001445904637,7.550882384270714,-75.1175595558316,0.4419637128174009,,12.406958907842636,12.142856405116618,0.12139843683689833,12.02145796827972,0.0,19.81097579336868,4.4368897565077265,37.558779777915795,0.0,1763.8099895983419,228.59846614079487,288.7103597751951,206.1726304673592,26.86150546395298,nan,nan,nan,nan,nan
1766,101,0.0,-75.34418575487395,4.24479256609199,-79.18136456367732,0.3562790197257405,,12.684249112382531,12.409292169846594,0.11183380242437124,12.297458367422223,0.0,26.865641355889018,2.7324360337833182,39.59068228183866,0.0,1635.5468997106022,213.274645487543,270.96605641108266,182.2934601033934,33.6699138052368,nan,nan,nan,nan,nan
1767,86,0.0,-66.77521247316074,3.9130305572868136,-70.3712346063995,0.2801929794223698,,10.159736043773592,9.91212777979672,0.09573158342391253,9.816396196372807,0.0,13.467677453234666,2.7086344094310775,35.18561730319974,0.0,1394.078770493621,170.24487876879633,212.46998224706348,168.69234370634345,11.690693358308692,nan,nan,nan,nan,nan
1768,111,0.0,-58.263384491801105,10.318719720293494,-68.10750803560468,0.4302703852307095,,12.21770532708615,11.95617386046797,0.12289307080209255,11.833280789665878,0.0,26.044742840746597,5.640859262267856,34.05375401780234,0.0,1800.6333059327283,211.57381852478716,265.3657855008507,194.3400837273025,41.11357325417981,nan,nan,nan,nan,nan
1769,124,0.0,-66.68912998382953,9.671291774081544,-75.81310195020893,0.4957723829549727,,12.167084651067853,11.915598114021122,0.1363926101475954,11.779205503873527,0.0,27.010602254326844,5.638590122706001,37.906550975104466,0.0,2015.626819266788,252.1729890051055,315.75200152142935,207.00014370038144,73.44022766921951,nan,nan,nan,nan,nan
1770,80,0.0,-68.48900638719525,2.582511313063243,-70.79661996029262,0.23734285170391756,,10.519722994416952,10.255729254335165,0.08812787756323814,10.167601376771927,0.0,10.327774409219208,1.62615949629424,35.398309980146315,0.0,1295.5887542164417,160.3239954789661,200.93668210629895,161.28469332147094,47.84720984971112,nan,nan,nan,nan,nan
1771,99,0.0,-51.88946694993993,9.469352943209326,-60.86599723528357,0.43790130999717825,,12.678991708904505,12.40845359582454,0.10861839540302753,12.299835200421512,0.0,21.308310868896502,6.369271967678985,30.432998617641783,0.0,1608.40517798851,221.2627205779727,275.4280984103199,191.3356792712908,58.752454529702824,nan,nan,nan,nan,nan
1772,74,0.0,-64.5691604139872,2.0845583238383494,-66.4145316201526,0.20829649209551107,,12.713966500014067,12.416102163493633,0.08185117412358522,12.334250989370048,0.0,6.40795758644498,1.3399528606524753,33.2072658100763,0.0,1198.9785860204295,144.58102529254575,180.6966367000113,138.9239967282396,18.83552023518483,nan,nan,nan,nan,nan
1773,720,36.489881782665755,113.98989445656143,125.6267409501722,-6.646920612015535,4.633309919110392,22.841392517089844,43.03320306632668,42.46173711307347,0.7867512470111251,41.67498586606234,0.3028717916458845,42.26362491386587,17.86872580303026,39.81334208867352,14.405406005731546,11591.24696921397,1381.5294568447803,1957.781960465912,1302.280800921171,136.54402461302348,nan,nan,nan,nan,nan
1774,123,0.0,-55.07859588836433,13.134327658379693,-67.62597323123849,0.5225909593519585,,11.256429007276893,11.016015236265957,0.13648604042828083,10.879529195837677,0.0,22.27387497701128,6.596070658000349,33.81298661561924,0.0,1994.0117186831885,238.4202977039401,299.29688407078544,227.87680738124462,59.48961381815316,nan,nan,nan,nan,nan
1775,140,0.0,-64.41263874523426,12.243031239999274,-76.05542143783762,0.551013238622883,,16.932555072940886,16.65630207862705,0.15453681629151106,16.50176526233554,0.0,24.79451029946169,6.185180499632871,38.027710718918804,0.0,2261.6184972873684,270.4554685453818,343.6021712478522,236.4894220047865,57.56810189821649,nan,nan,nan,nan,nan
1776,720,61.20408054003875,192.30219825135603,147.13468331387202,50.47840930207481,4.942128898781477,,41.307485464029014,41.05892833229154,0.7842858731746674,40.274642459116876,0.0,42.03285609876697,19.477955608313746,35.96487588900135,25.552115352688016,11582.39999999991,1317.2612218580039,1923.0368020977817,1350.4967123969088,211.64377450715264,nan,nan,nan,nan,nan
1777,111,0.0,-65.97338109046362,7.873306539363442,-73.33973902676838,0.4483108924963676,,12.619726745411754,12.35534390527755,0.12198347132652998,12.23336043395102,0.0,19.475056063408474,4.950564331163897,36.66986951338419,0.0,1801.9206097152146,238.3915312339389,299.20563840439047,218.77815700569604,21.90301253087533,nan,nan,nan,nan,nan
1778,130,0.0,-67.05353244144588,11.76137402205544,-78.18811315389456,0.5611120979600495,,12.671735948882997,12.418162751942873,0.14211346115916967,12.276049290783703,0.0,20.229214506877955,5.581275332877242,39.09405657694727,0.0,2099.95630542721,265.5303896619761,338.0366073397994,244.4540236356535,11.174172784705572,nan,nan,nan,nan,nan
1779,77,0.0,-59.76460670541472,4.294012386517818,-63.71240489623527,0.3037952391176267,,9.229265224188566,8.973775625228882,0.08460096828639507,8.889174656942487,0.0,15.798498719156589,2.811749500083317,31.85620244811763,0.0,1247.486352924747,173.1010416280742,218.29789292670932,134.79698400699675,17.86963530985963,nan,nan,nan,nan,nan
1780,93,0.0,-77.96338432785916,2.2957202743100438,-79.88427293867124,0.3247700402441023,,11.555648822337389,11.295115957967937,0.10206838138401508,11.193047576583922,0.0,7.191789622088768,1.586371219297664,39.94213646933563,0.0,1505.473828010223,215.60971479262625,275.5729235170431,158.68075671404773,52.433717195963105,nan,nan,nan,nan,nan
1781,76,0.0,-61.301267300333635,3.1633125718795565,-64.12439068501408,0.2921207249648994,13.560876846313477,8.286309872753918,7.7520112711936235,0.08356889896094799,7.6684423722326756,0.2981260484084487,7.639093246175426,2.4147700554197002,32.06219534250703,0.0,1233.6447429023272,176.56335544530145,222.8659714867999,153.59674330792532,12.259611569378997,nan,nan,nan,nan,nan
1782,68,0.0,-66.49777198099896,0.3066729273023745,-66.5896748689157,0.18172191600536988,,10.282879261299968,9.998301503248513,0.07602578680962324,9.92227571643889,0.0,1.6387173805231,0.19977590314114405,33.29483743445784,0.0,1102.047769855994,142.9943694666432,181.43448893223825,119.69034865588851,23.835511148272715,nan,nan,nan,nan,nan
1783,87,0.0,-57.38324904243185,6.42911289407203,-63.41288176898357,0.35445547988935044,,9.862208362668753,9.604520661756396,0.09746934752911329,9.507051314227283,0.0,16.637200716545678,4.007990999432452,31.706440884491787,0.0,1409.842286168509,184.09440755503954,232.04088693667455,162.36662044554993,47.447003407446786,nan,nan,nan,nan,nan
1784,75,0.0,-66.969775216418,1.7195372007802134,-68.44619935145556,0.20897192607633783,,10.456890941597521,10.192661084234715,0.08313013054430485,10.10953095369041,0.0,8.196442260182694,0.9637337752810783,34.223099675727774,0.0,1214.875142465538,144.4523532746805,181.49721056796753,146.75115158895593,28.433268064800753,nan,nan,nan,nan,nan
1785,84,0.0,-77.49493809465683,0.7095847432837634,-77.91103714925308,0.2454209560032524,,9.850980713963509,9.599489711225033,0.09274960216134787,9.506740109063685,0.0,2.7370400758935447,0.5041370955893173,38.95551857462654,0.0,1359.2872202081367,185.37275236765458,235.41352464902437,165.74308381699112,16.14440459868342,nan,nan,nan,nan,nan
1786,97,0.0,-73.92158777239904,3.652110019384155,-77.23915555239597,0.29048769042012695,,11.739750694483519,11.455900777131319,0.10693428106606007,11.348966496065259,0.0,14.90852314222364,2.5454197546134925,38.61957777619798,0.0,1573.465193111223,188.42811241074102,238.55683306286832,158.24787803167587,14.102888505425572,nan,nan,nan,nan,nan
1787,89,0.0,-62.206568147958215,5.2842441225667685,-67.08516787670767,0.35577342990013733,,10.313948371447623,10.063253757543862,0.09786935336887836,9.965384404174984,0.0,15.3171618757625,4.200144478628185,33.54258393835383,0.0,1447.118499110085,197.0673382315075,246.71441381561897,171.577066929839,28.76979327583675,nan,nan,nan,nan,nan
1788,81,0.0,-70.44017318841345,1.9043650306247164,-72.03459329063723,0.2593621179002808,,9.464063910767436,9.211060888133943,0.089372543618083,9.12168834451586,0.0,20.253415438906114,1.6527548177374842,36.01729664531862,0.0,1313.0515505779863,179.2309430487474,226.88209127116193,157.3572053276571,33.22644629855407,nan,nan,nan,nan,nan
1789,67,0.0,-61.02025793601672,1.7454217401297143,-62.51092004537166,0.21558666745811214,,7.837402715347707,7.58661446813494,0.0740600423887372,7.5125544257462025,0.0,5.123844552450379,1.510315352591336,31.255460022685828,0.0,1086.8431624771513,146.5241071312505,183.78683622348458,128.7529758584887,6.952357788780252,nan,nan,nan,nan,nan
1790,70,0.0,-65.78691514853418,1.2077067776673511,-66.74155908287231,0.21699860459582435,,8.253789689391851,8.00299381930381,0.07721876725554466,7.925775052048266,0.0,5.321564497075436,0.9296796583312581,33.37077954143615,0.0,1134.2425796068358,156.1580333179262,197.25269048222526,122.54588169623489,20.42575873023817,nan,nan,nan,nan,nan
1791,116,0.0,-55.884494353138564,11.393498144403154,-66.66290355415647,0.5527281589429426,,12.286012638360262,12.042516179382801,0.12743097729980946,11.915085202082992,0.0,27.811087417270546,6.496284213708088,33.33145177707824,0.0,1880.5087722242972,255.87250868652745,321.7405266750375,199.4219041436351,52.83344642344703,nan,nan,nan,nan,nan
1792,73,0.0,-71.99024112786293,0.2749189956740586,-72.01599704481559,0.20850770497788704,,10.001073769293725,9.743569379672408,0.08038907591253519,9.663180303759873,0.0,0.8195328992931875,0.1366768830714799,36.0079985224078,0.0,1181.4401510290284,162.97604369498438,206.98123351700417,131.33454384608442,40.931237823176794,nan,nan,nan,nan,nan
1793,61,0.0,-60.61553283387622,0.7971933762717022,-61.2322098660064,0.16074191357389642,,7.2321790577843785,6.994416602887213,0.06754883006215096,6.926867772825062,0.0,5.690014098035991,0.5261604581408841,30.616104933003196,0.0,988.5248612443535,119.84193846066464,149.9824856919214,110.88191714503732,34.82297709949744,nan,nan,nan,nan,nan
1794,720,54.819993319312196,166.50570966509792,141.1564436381532,30.571388768837082,4.843050962157153,15.601866722106934,43.412375380285084,42.81964307837188,0.7878904137760401,42.03175266459584,0.34923715982586145,42.241010837535754,19.658412155070693,39.534298934893656,21.867106110024373,11582.918405580203,1337.1750840084555,1943.4723500911084,1373.0213373792876,178.29254683324015,nan,nan,nan,nan,nan
1795,720,50.421361132204304,163.91876750156806,130.76593503334436,38.10133665866719,4.583368424420926,,39.81306210253388,39.591420165263116,0.7867135358974338,38.80470662936568,0.0,41.38865229818653,16.778701873991984,31.37069280287071,19.378919305278732,11584.438313129858,1407.443927140496,1927.8846591164495,1348.3297251811955,145.44010822402797,nan,nan,nan,nan,nan
1796,126,0.0,-69.94049839117898,9.111098346911582,-78.4575130023934,0.5262915325823994,,16.309797160327435,16.03070155531168,0.13868424389511347,15.892017311416566,0.0,17.488240931869644,5.204457176150217,39.2287565011967,0.0,2039.2627987824044,263.45792110886777,333.5045237819394,245.9444870370957,29.865365491335872,nan,nan,nan,nan,nan
1797,91,0.0,-62.64453936994941,5.521368679355781,-67.76511815101304,0.35961155739078016,,9.810081905685365,9.547468977048993,0.10062485747039318,9.4468441195786,0.0,21.175679261268012,3.985448415249799,33.88255907550652,0.0,1477.2004304936686,200.68859209514937,253.55182562158848,150.15494057082287,55.17818908440255,nan,nan,nan,nan,nan
1798,208,0.0,-53.073638682235256,23.163328659193702,-75.09820369597134,1.0379744888112128,,17.280689320527017,17.026753266341984,0.22782901860773563,16.79892424773425,0.0,35.85863692214002,9.606604359600519,37.54910184798568,0.0,3386.3071041935414,450.7627737517395,559.9225701247748,387.1508163945083,55.30675564600048,nan,nan,nan,nan,nan
1799,128,0.0,-48.5877327500278,15.879636229264138,-63.7735816565151,0.6388176994969302,,12.234700314700603,11.985677538439631,0.14054833259433508,11.845129205845296,0.0,23.539431758563474,7.6604196137860985,31.886790828257546,0.0,2069.3908449900828,255.96181107564055,324.2049157606804,224.48140376974368,35.50684692061752,nan,nan,nan,nan,nan
1800,720,58.066125649209525,190.8539173140134,144.50859661709126,51.48794634242398,4.7694707166352925,6.661584377288818,40.41430095117539,39.821683598682284,0.7854081811383367,39.03627541754395,0.3838218431919813,41.95591141540033,19.23611172511512,32.322152477997534,21.995755789348316,11582.792719229019,1337.0661223654215,1931.2347995102555,1320.5623692603954,118.28681254391019,nan,nan,nan,nan,nan
1801,133,0.0,-64.08013822456695,11.025634219172334,-74.48346855390753,0.5636756344689072,,15.578883362933993,15.294085196219385,0.15020879544317722,15.143876400776207,0.0,23.509297613038736,6.2658971245100155,37.24173427695378,0.0,2156.2852370018336,270.703599106962,339.4751874673914,230.79237764566585,32.96585663381478,nan,nan,nan,nan,nan
1802,114,0.0,-73.77750240998361,6.585357478593271,-79.87619076746253,0.42869373322619614,,12.776058620773256,12.52525372710079,0.12667082529515028,12.39858290180564,0.0,21.99155979974808,3.9659196605979763,39.938095383731266,0.0,1847.5118639894656,236.17167334377683,298.1349018575055,213.5718802093444,52.764657784562885,nan,nan,nan,nan,nan
1803,68,0.0,-66.73114492791676,0.41252041484712887,-66.92597203958752,0.1865800223454598,,11.19898949470371,10.896854187361896,0.07619006000459194,10.820664127357304,0.0,5.478560079822274,0.4097293097888706,33.46298601979375,0.0,1101.688559397675,146.2324218597966,183.5861559079924,125.49742412831378,35.81167227910034,nan,nan,nan,nan,nan
1804,71,0.0,-58.549904529211595,2.968152322744741,-61.23065983564683,0.25032445508399176,,8.154172361828387,7.920022811740637,0.07886501960456371,7.841157792136073,0.0,7.779483371811075,2.5155559187543974,30.61532991782342,0.0,1152.126920083739,154.05710718831818,194.17002532407406,135.9506471373488,28.935983727014793,nan,nan,nan,nan,nan
1805,720,33.1178786723785,111.06745790814789,119.05257583841426,-3.250851588738712,4.371957131976916,,45.17303581908345,44.89406746812165,0.7860959805548191,44.10797148756683,0.0,42.248743713621714,16.69588951792788,34.74330446674785,13.674789814520214,11590.428840703285,1352.8531636395533,1905.2715695471927,1342.772989575095,90.3233672407526,nan,nan,nan,nan,nan
1806,75,0.0,-66.94417685174956,1.971428065141979,-68.64486362046166,0.23387953900510303,,8.699957307428122,8.453777423128486,0.0830105859786272,8.370766837149858,0.0,12.181439263163728,1.3944448458123362,34.32243181023083,0.0,1215.3914601094286,155.42537029682939,195.25407138652633,147.74771315260588,23.75578143058904,nan,nan,nan,nan,nan
1807,720,53.146690323895044,153.60508873115927,128.41633008339235,30.118386221788953,4.556598007373906,6.726905345916748,43.874474107287824,43.24138652626425,0.7868783492594957,42.454508177004755,0.3741338634863496,42.26067089084346,17.675684616721473,38.08749721300057,25.998660642040583,11582.399999999909,1370.841170859787,1930.4842710912117,1352.58506594145,36.76080930830521,nan,nan,nan,nan,nan
1808,73,0.0,-60.44662204316059,3.2065108729907967,-63.347468984345085,0.2726312437193119,,9.244806923903525,8.998232173733413,0.08150733076035976,8.916724842973053,0.0,12.336917037511421,2.2697213244434917,31.67373449217255,0.0,1182.2568341919998,159.31410116977375,201.50745546092898,124.13406891813239,38.899823818164144,nan,nan,nan,nan,nan
1809,720,33.20758369885944,103.70946387577092,120.50470656977545,-11.885998128970513,4.513113108990462,,40.826376628130674,40.557066393084824,0.7909351903945208,39.7661312026903,0.0,42.257970031168256,17.468311194305038,39.150582763344694,13.23880708890321,11603.19850300556,1412.5755866665331,1986.6012317467193,1305.5109948497804,157.11051151906514,nan,nan,nan,nan,nan
1810,101,0.0,-68.45095456940274,6.405328042325343,-74.39959749166306,0.4065979985529807,,10.21935312077403,9.972545959055424,0.11108230147510767,9.861463657580316,0.0,10.491559631421234,3.5731761060072205,37.19979874583154,0.0,1634.322415244077,219.68512967838248,280.85673268610475,174.26005470925807,60.31481097202709,nan,nan,nan,nan,nan
1811,720,40.15120493066468,123.31593970913211,118.51276846183762,9.706232824067158,4.509257412416165,7.172295570373535,43.314993718639016,42.728595360182226,0.7869115518406034,41.94168380834162,0.32006180193275213,42.26353333835297,16.330630758849047,35.29808851863111,12.205194882522918,11604.2394192969,1435.70509035319,1990.937030222586,1361.702480465031,206.16766599961107,nan,nan,nan,nan,nan
1812,79,0.0,-71.14617415222196,1.4479342343578474,-72.29764997007547,0.2529160483658807,,10.237624941393733,9.97304604575038,0.08799829613417387,9.885047749616206,0.0,3.426988022476816,0.992503045044588,36.148824985037734,0.0,1279.0250267091412,177.08789457358998,225.7057909090964,136.82238981076813,69.419138669904,nan,nan,nan,nan,nan
1813,152,0.0,-54.76342436990119,17.08011263018382,-71.04830823143675,0.7136525647821605,,12.866876630112529,12.625207689590752,0.16885671205818653,12.456350977532566,0.0,29.529843911587662,7.896606057466242,35.524154115718375,0.0,2465.259488453245,301.1498823690039,378.8841226594731,279.50547727117294,21.533227016039543,nan,nan,nan,nan,nan
1814,80,0.0,-67.26561617969479,2.4196714944910447,-69.38049629927366,0.26509467358248645,,9.52760515641421,9.281312420032918,0.08928224164992571,9.192030178382993,0.0,10.077720321268618,1.8225093534246888,34.69024814963684,0.0,1295.8060994044947,172.74089057080047,218.01437385847424,146.19381628285197,35.774358744198196,nan,nan,nan,nan,nan
1815,149,0.0,-57.08181489432108,16.462405281228587,-72.76931857862036,0.7006458331236135,,14.601891237311065,14.349315358325839,0.16458528395742178,14.184730074368417,0.0,30.955221042231607,7.57823004729122,36.38465928931019,0.0,2412.3633069099506,317.47016942669313,400.78376651253893,285.1807532308641,25.165018116107277,nan,nan,nan,nan,nan
1816,68,0.0,-62.91834426016999,1.494737785715627,-64.16751608100122,0.2110680751220783,,9.726853844709694,9.45210416149348,0.07536929659545422,9.376734864898026,0.0,7.55933584452791,1.2245700739747116,32.08375804050061,0.0,1101.6424349782683,144.2351207220126,182.25648970668314,124.15625298258867,33.21655385010479,nan,nan,nan,nan,nan
1817,76,0.0,-70.67845200161389,0.9932448739291995,-71.40437204946245,0.22959262577705639,,10.675185435451567,10.401874754577875,0.08392641227692366,10.317948342300951,0.0,3.8039837182505254,0.883766442780838,35.702186024731226,0.0,1230.645312995085,167.1000651613564,212.48792063401282,142.04553206962103,38.82577932608508,nan,nan,nan,nan,nan
1818,99,0.0,-51.854394919741814,9.95202371661163,-61.290425471854604,0.46020391671851846,,12.980442008934915,12.683321383781731,0.10899234749376774,12.574329036287963,0.0,24.9401423099298,6.428408818940123,30.645212735927295,0.0,1609.5000924968165,211.5928580358734,264.18763272696884,201.7807191285821,51.03692354773069,nan,nan,nan,nan,nan
1819,90,0.0,-76.32890419562573,2.226209466516559,-78.16559536479947,0.3267271749715274,,10.654852656647563,10.371535207144916,0.09904860984534025,10.272486597299576,0.0,4.715233570988985,1.4785061060373106,39.082797682399736,0.0,1457.1314316122987,217.33546814249615,278.9605633437548,163.0197504621342,53.30565252034662,nan,nan,nan,nan,nan
1820,720,59.70937828125101,191.1108312637399,139.1386041048333,57.099739858372374,4.7614425988738995,13.311849594116211,41.6758270226419,41.131239814683795,0.7857754193246365,40.34546439535916,0.2965059084817767,42.14606246462562,18.821683372345078,31.15950835206484,14.213980072074243,11596.131290427482,1364.3184371226344,1942.9549964948696,1316.7172683571791,126.29485256930522,nan,nan,nan,nan,nan
1821,720,33.04132087244792,117.44438573616424,120.11022569875146,2.1950428971994853,4.496386383564804,,41.38989017903805,41.162074914202094,0.7915127892047167,40.37056212499738,0.0,42.2557872991021,16.26149686443254,31.94379942384818,21.182129079847645,11584.025328725971,1406.3815542605134,1953.0293701660246,1345.318209003553,219.09416035108802,nan,nan,nan,nan,nan
1822,76,0.0,-64.06656405080204,2.7897257043085055,-66.56129751986128,0.25857962985512506,,11.204196421429515,10.929762261919677,0.08441781345754862,10.845344448462129,0.0,15.38109781295774,1.9884911337266802,33.28064875993064,0.0,1230.9518171802508,158.96061858976296,202.11562031028552,125.35223008228994,52.4004299640908,nan,nan,nan,nan,nan
1823,111,0.0,-60.42628827451806,9.424969535150444,-69.4120691719893,0.38336168852972113,,11.541577513329685,11.279803648591042,0.1224734103307128,11.157330238260329,0.0,17.77259904166466,5.29270118368716,34.70603458599466,0.0,1798.730282749724,194.9020464643288,244.55904920783024,206.72286065139747,11.25270812443401,nan,nan,nan,nan,nan
1824,720,77.6804959193082,243.63045346505172,160.28803966706982,88.59155333874178,4.915217423234077,2.9949426651000977,42.296162597835064,41.69161096867174,0.7907771207392216,40.90083384793252,0.3304334543645382,42.26358100122528,21.213134260396792,33.38471924993731,21.059939040680305,11582.964470014766,1290.137015508893,1832.0807215348564,1347.284856621107,227.48428027011752,nan,nan,nan,nan,nan
1825,82,0.0,-63.91549237738907,3.9390901220163386,-67.50491016918,0.3086588652185939,,9.768673450686038,9.503753051161766,0.09092952217906713,9.412823528982699,0.0,12.800012220790538,2.532353682112256,33.75245508459,0.0,1328.3283459832808,177.76292549405187,224.69301267866723,156.5925695341325,44.664898442962844,nan,nan,nan,nan,nan
1826,98,0.0,-66.90159577140481,5.929490278313639,-72.38696009777097,0.3879836158205752,,10.18645229935646,9.938031433150172,0.10842704121023417,9.829604391939938,0.0,14.86302285935545,3.887462180789864,36.193480048885476,0.0,1589.0492875756072,212.472362551513,267.35094899267443,196.14978739762415,57.155537342739535,nan,nan,nan,nan,nan
1827,68,0.0,-60.92486964393031,2.1511948338119757,-62.82430335438929,0.21775768638359178,,9.566091730259359,9.303196281194687,0.0754150515422225,9.227781229652464,0.0,15.00772555805043,1.7446846918115149,31.412151677194654,0.0,1102.161886319857,140.02232212950858,175.92157081005132,123.6617454600131,2.782061634838558,nan,nan,nan,nan,nan
1828,103,0.0,-74.49734489369872,4.895900347036627,-78.94443605354726,0.39299025536916166,,10.971605305559933,10.718171008862555,0.1133998166769743,10.60477119218558,0.0,10.60334409851055,3.000582209749873,39.472218026773625,0.0,1667.2968903852707,226.99134155905713,289.12382157734476,183.47179372372636,67.92972978307414,nan,nan,nan,nan,nan
1829,141,0.0,-54.513265752025895,15.205418305483416,-68.98913614707052,0.6664013875403337,,13.602175100706518,13.360313299112022,0.1541828317567706,13.206130467355251,0.0,29.90469422310555,7.849001989655964,34.494568073535255,0.0,2293.817578414155,300.8598672430926,375.46747370659466,247.60332482448945,21.412797421714636,nan,nan,nan,nan,nan
1830,98,0.0,-68.89539402378536,5.734724178562539,-74.16393228079275,0.4096235525890246,,9.39093688968569,9.151824816130102,0.10769574344158173,9.04412907268852,0.0,18.57160548441463,3.7739229850680456,37.081966140396375,0.0,1586.7861244847936,221.62736278873268,280.6001770343898,192.17800638028447,40.20530540829373,nan,nan,nan,nan,nan
1831,86,0.0,-56.33148891898372,7.325324571816564,-63.28792657336561,0.3312823471104951,,8.62561836373061,8.375877179205418,0.09435473755002022,8.281522441655397,0.0,9.15498603468672,4.244340300578295,31.64396328668281,0.0,1392.647347307746,166.31364843012759,207.81401985426626,161.2059041007088,31.796244665742563,nan,nan,nan,nan,nan
1832,720,50.20268611786438,146.28713976149425,125.38453971324338,25.472608773674096,4.204828646795082,,42.80625190399587,42.57015543617308,0.784502238035202,41.78565319813788,0.0,42.089480882048456,16.656736248323835,37.46638173102733,19.72529024753673,11585.621498847682,1289.8919576416179,1792.4505061035215,1310.4733016158375,167.1726939903325,nan,nan,nan,nan,nan
1833,720,33.6266891985161,94.7879670184577,111.01111841409934,-11.928379572438885,3.913179599620702,20.507570266723633,45.8492988999933,45.17715546581894,0.7846330348402262,44.392522430978715,0.40909752715379,42.253910738984814,15.212107083339038,39.590878984735525,11.107589000863637,11607.240062429004,1380.6437539597591,1867.838704974566,1309.6770350160841,204.17469747908928,nan,nan,nan,nan,nan
1834,129,0.0,-64.45628853762614,10.071356526596562,-73.86810755732938,0.5896692116727202,,15.287288916297257,15.00804639607668,0.14353773463517427,14.864508661441505,0.0,28.007378435345345,6.273202478906791,36.93405377866467,0.0,2094.20502513856,291.7103376788527,368.30923959979,230.19893565137775,41.277621655875556,nan,nan,nan,nan,nan
1835,720,52.957069682993044,171.72960675903326,132.99258929189864,43.69093562673841,4.587453901490095,,39.43293910380453,39.19114672020078,0.7825895166024566,38.40855720359832,0.0,42.22100246870771,18.13975836374186,31.111601869623822,9.563597806191007,11614.264508589175,1343.7961973555562,1904.796858179262,1344.1322771759426,316.47493418299064,nan,nan,nan,nan,nan
1836,111,0.0,-60.13365471723712,9.228523139079126,-68.85587655567728,0.45903852271210527,,13.310892908833921,13.037993558682501,0.12199621647596359,12.915997342206538,0.0,28.411357581733597,5.56054110231278,34.427938277838635,0.0,1797.8674995983217,230.68694656606368,288.5194317710196,215.5772739479886,59.69317649930667,nan,nan,nan,nan,nan
1837,720,34.33509672419101,115.20265739992274,121.22276083242107,-1.4055701099062077,4.246893438434845,7.634417533874512,41.57347189914435,40.96310011856258,0.7826407318934798,40.1804593866691,0.3349384739995003,42.129554378484194,16.51730486195132,35.037881779144115,17.884944199578896,11588.391462605578,1333.4170835184923,1870.7328978613,1301.8208866616214,147.64351327514706,nan,nan,nan,nan,nan
1838,65,0.0,-62.68695834724166,0.6551917023606804,-63.137459472418506,0.1796116741406428,,11.149101546034217,10.847285125404596,0.07359514199197292,10.773689983412623,0.0,4.043753971804369,0.5085752662864405,31.56872973620926,0.0,1054.5035340517004,136.98858179995554,172.69872576396654,116.31320764862076,57.03985706035134,nan,nan,nan,nan,nan
1839,126,0.0,-70.83738677430252,9.80050337424226,-79.94182071182422,0.6173641926364003,,11.159717098809779,10.918702458962798,0.13903520442545414,10.779667254537344,0.0,27.659685743655164,5.382438670109545,39.97091035591212,0.0,2039.3746164111426,291.2211877845663,373.18336830205396,224.7104533252074,54.65118184425001,nan,nan,nan,nan,nan
1840,720,26.701844262560297,104.72308375152434,117.83619610816795,-9.16992626157414,3.5755296928482787,,38.914903121069074,38.67385315801948,0.7856522370129824,37.8882009210065,0.0,42.04582393175132,15.141743369717318,31.28680739334737,14.44558962987964,11596.828380825289,1204.0314892642223,1622.9554661299169,1378.806886235263,117.98345315773018,nan,nan,nan,nan,nan
1841,720,61.80588204438072,188.7084161012198,143.30276751979147,50.78018416133902,4.997635615995258,5.1249823570251465,38.09079933166504,37.5279206186533,0.7870006198063493,36.74091999884695,0.3402434838935733,42.26272478969446,18.874639662759453,36.41578996371121,18.012257963215177,11586.835275553514,1382.0997791766777,1977.1327881346792,1324.2090073605925,328.9374377349179,nan,nan,nan,nan,nan
1842,66,0.0,-64.0349082448182,0.3870232150321092,-64.23788140910753,0.15494955066548521,,9.756685426458716,9.497027638368309,0.07431745994836092,9.422710178419948,0.0,0.8787905910008025,0.2971390383441397,32.11894070455376,0.0,1069.9287689567218,123.351226622362,153.3423148074602,128.7150746567193,11.675548438491486,nan,nan,nan,nan,nan
1843,86,0.0,-61.62522869750286,4.855992930022765,-66.1366736503763,0.3015496276660972,,9.102970859967172,8.858824555762112,0.09622498694807291,8.76259956881404,0.0,24.930103742056826,3.283722884140746,33.06833682518815,0.0,1395.776371464546,176.90516746844852,222.98693926043128,158.5795852843989,19.01222162285592,nan,nan,nan,nan,nan
1844,81,0.0,-74.84615475830526,0.9699725220581594,-75.53733304698311,0.2380569902928212,,8.63113874476403,8.391015838831663,0.08984667994081974,8.301169158890843,0.0,3.1384941240624804,0.6998255390550849,37.76866652349155,0.0,1310.8674467773692,178.0232938819568,225.05390585060002,149.54742268873267,35.87330310039711,nan,nan,nan,nan,nan
1845,720,75.57610452860982,254.05207922505116,172.45900212025498,87.69474677928059,5.698266027150381,,39.3974958434701,39.15166337415576,0.7873755088075995,38.36428786534816,0.0,42.25139561408773,23.94148447980532,31.728731138969522,16.251086680946027,11588.0304276376,1346.6099059362593,1978.8205951014754,1343.9935718842378,188.84846443821345,nan,nan,nan,nan,nan
1846,80,0.0,-64.17463320416307,3.3082150296066044,-67.12686259674939,0.3049410996246289,,9.767376752570271,9.525923731736839,0.0884721064940095,9.43745162524283,0.0,13.006324448606044,2.4928467779587313,33.5634312983747,0.0,1297.556092046257,187.55308198100275,237.73760041396298,141.29270014460442,30.149500446841454,nan,nan,nan,nan,nan
1847,71,0.0,-59.022727114558975,3.122132548957342,-61.889260749138835,0.22586403662421178,,9.404590752907097,9.137983694672585,0.07882279716432095,9.059160897508264,0.0,16.2614965693719,2.312855355818488,30.94463037456941,0.0,1150.4620311521626,139.2944613441354,173.65513780761248,119.16823697963132,18.424067265110157,nan,nan,nan,nan,nan
1848,720,56.18326633766843,164.18636124044824,131.9767752160787,37.287878528236874,4.71111003422299,3.9941928386688232,43.75400547590107,43.11877175234258,0.7880919510498643,42.33067980129272,0.36857732106000185,42.263545170227985,17.09457395656087,37.53932707354999,26.82808327067138,11582.399999999903,1411.1582242677202,1971.4798187072488,1280.5287036527532,273.1352536725976,nan,nan,nan,nan,nan
1849,85,0.0,-74.68777562622999,1.8765480451660115,-76.26393343202437,0.26258478011090997,,10.23043052572757,10.002190448343754,0.09590276051312685,9.906287687830627,0.0,8.176018863272143,1.1369835228074914,38.13196671601219,0.0,1375.0576300830455,181.85679281366515,230.1803611223384,143.77167668974295,3.271683258240086,nan,nan,nan,nan,nan
1850,83,0.0,-77.40349682319425,0.31540963783564335,-77.45724285464513,0.22056496094578626,,12.192417336627841,11.906374010257423,0.09269624948501587,11.813677760772407,0.0,3.9578159287122263,0.20548556844755242,38.728621427322565,0.0,1343.759125265799,173.5654580701123,221.2012512743878,145.70519062883199,12.252064581751359,nan,nan,nan,nan,nan
1851,81,0.0,-76.18665665845529,0.6846237328490669,-76.60511611107619,0.22652843048582483,,14.79052974563092,14.467976607382298,0.0899942172691226,14.377982390113175,0.0,8.4368128632658,0.4357039620496599,38.3025580555381,0.0,1310.597153734103,166.97890885189557,212.58692138411652,139.93080744958544,23.58854481682374,nan,nan,nan,nan,nan
1852,720,36.93897591513649,108.07525923411322,118.12860005220377,-5.4363613997037135,4.280005042008417,,43.23326397873461,42.99448141735047,0.7868821853771806,42.20759923197329,0.0,42.26349282741236,16.33143609591029,39.657156614988345,23.916753177413394,11582.412247976546,1360.0685862172793,1908.8299875276784,1265.5302240600213,242.88163080228955,nan,nan,nan,nan,nan
1853,74,0.0,-65.7894327272198,2.3084290953353217,-67.8129584567629,0.24949666514393012,,8.383915686048567,8.143722830340266,0.08162348065525293,8.062099349685013,0.0,4.712170123858588,1.4538419625135355,33.90647922838145,0.0,1197.7873369974875,161.64996438536502,204.6626870850573,135.15171325324056,63.57281296053199,nan,nan,nan,nan,nan
1854,78,0.0,-57.19969301441299,4.81399747359014,-61.63956775382329,0.3300248662335965,,10.963551601395011,10.683793557807803,0.08605778403580189,10.597735773772001,0.0,15.381638624373583,3.688125179346431,30.81978387691165,0.0,1264.0574481009407,178.74539349193293,225.74460391287437,146.72116580524252,6.0137024385235645,nan,nan,nan,nan,nan
1855,720,22.919457865258412,73.5979154585381,108.4994487200986,-30.327583812881194,4.211657753163224,1.8416117429733276,40.637164193205535,40.01796191651374,0.788144875317812,39.22981704119593,0.3622102355584502,42.223468766020375,14.86926673665389,38.08324977169901,19.207626266543336,11583.560953324066,1416.8950905335525,1949.1475207895755,1323.6098668875386,155.91197917897966,nan,nan,nan,nan,nan
1856,720,78.51913603218908,247.764302007177,159.5345298663364,93.80248454467961,5.194174730741857,,40.478974144905806,40.18129690922797,0.7874349839985371,39.39386192522943,0.0,42.26239818348567,20.903064882782346,31.61789375984927,14.357017605660877,11594.294167611004,1366.6583192228236,1928.32707140594,1330.3674597240783,168.34974810215715,nan,nan,nan,nan,nan
1857,89,0.0,-68.24707208713873,4.687417518969357,-72.52508608158362,0.35583205223953496,,10.551122224889696,10.300322190858424,0.0978401405736804,10.202482050284743,0.0,15.428642179632506,2.6580127446549033,36.2625430407918,0.0,1439.6805032969128,199.3465550622566,254.9758366455546,174.51714708191506,45.97551850380473,nan,nan,nan,nan,nan
1858,720,66.10701873652295,204.8770152899168,155.6216037593537,55.2100331454744,5.540386918771401,1.6429704427719116,39.727101588621736,39.18696922529489,0.785860987380147,38.40110823791474,0.3008503708988428,42.24875521357256,22.117252155957495,38.50200216378575,21.21714245563634,11583.155335368774,1402.9063825206888,2057.8912151260956,1342.2773761377362,115.30935447238544,nan,nan,nan,nan,nan
1859,75,0.0,-70.03955302447717,0.782603735974106,-70.61043261776302,0.17994382541423193,,9.4015429392457,9.147054058499634,0.08458520844578743,9.062468850053847,0.0,1.7790946912300192,0.5424010136816594,35.30521630888151,0.0,1214.4106097547697,137.66339160963915,172.5787534775744,154.4389106938111,34.525739317678585,nan,nan,nan,nan,nan
1860,61,0.0,-60.8518798090983,0.059160309773180854,-60.73330883649723,0.1501554006842675,,10.519054893404245,10.241784536279738,0.06864005234092474,10.173144483938813,0.0,0.47935480171195094,0.044799838280656146,30.366654418248608,0.0,990.2066076080617,124.03215738669276,154.29231924650247,120.35847441510963,21.98502402192656,nan,nan,nan,nan,nan
1861,72,0.0,-62.49440841530027,2.8170389511005216,-65.03436708064774,0.24084205996303373,,9.865621471777558,9.616239530965686,0.0798041271045804,9.536435403861105,0.0,6.377849851305456,1.7392449484532295,32.51718354032387,0.0,1166.1184655680668,159.43127256361666,201.05040377542386,129.56928185096214,40.34962766932411,nan,nan,nan,nan,nan
1862,720,9.78746055848556,54.54143995507769,104.2157320151457,-45.05566255541149,4.243914745892563,,44.568073811009526,44.33233806025237,0.784764708019793,43.547573352232575,0.0,42.17171960365469,14.199683810663704,32.3152918361913,9.78746055848556,11601.204386795118,1490.2044821411048,1990.0397312317498,1285.0347496212282,351.696094816175,nan,nan,nan,nan,nan
1863,112,0.0,-56.007142906005114,12.164261797640263,-67.6030967493615,0.5183869757694405,,10.221432082355022,9.995081030763686,0.12249364797025919,9.872587382793427,0.0,19.318412649648337,5.733383517982746,33.80154837468075,0.0,1810.463462146232,227.80427326177937,288.8587099890457,201.41122536789422,57.00581218276518,nan,nan,nan,nan,nan
1864,720,42.75701684392087,123.27411946032437,117.98763440052466,9.984460310661646,4.340018904528461,10.544596672058105,43.23578542470932,42.64721843786538,0.7865931876003742,41.860625250265,0.35072947666049004,42.262682162505776,16.757518316348484,37.76478668859006,10.390726141065638,11605.431692908931,1440.2003852128425,1966.6282367675813,1313.3186853611646,292.1451394762503,nan,nan,nan,nan,nan
1865,720,35.188034763094606,117.37910509733561,125.919127375773,-3.612869759509863,4.544783597636815,,42.05633149296045,41.80805374030024,0.7871029200032353,41.020950820297,0.0,42.25486049552156,17.410297891381116,36.99446964284954,14.870350840742812,11588.704889977473,1352.107917611639,1942.5362633881782,1346.0180672451083,143.0291738300893,nan,nan,nan,nan,nan
1866,90,0.0,-76.09156252053486,1.9517039720595895,-77.73128479973133,0.2643117013871346,,10.684287159703672,10.423445607535541,0.09888420067727566,10.324561406858265,0.0,9.301528989084632,1.425892021558661,38.86564239986566,0.0,1456.886777198653,182.60676561556755,230.90647009994893,172.67091147486133,31.718014238559725,nan,nan,nan,nan,nan
1867,94,0.0,-74.29561111671013,3.6672972371832318,-77.62329587006364,0.30096164130800535,,9.52026894222945,9.281767999753356,0.10356719046831131,9.178200809285045,0.0,20.183566984733577,2.0517357964777503,38.81164793503182,0.0,1520.7582959207577,186.73622220236112,237.69541564887743,160.94628709776418,3.2148107521790386,nan,nan,nan,nan,nan
1868,93,0.0,-73.70213686086582,3.4255619143796334,-76.77474602557737,0.3107703966106505,,9.85230009444058,9.609394342638552,0.10259341541677713,9.506800927221775,0.0,12.34814670429025,2.163525765727305,38.38737301278868,0.0,1505.3609197524054,195.9651133031503,248.7679834977505,164.7563199065367,49.074375857400625,nan,nan,nan,nan,nan
1869,80,0.0,-72.66208039430731,1.2385845515011928,-73.640061106938,0.22018826815025624,,11.084559169597924,10.801178369671106,0.0886432621628046,10.712535107508302,0.0,5.7888689922431285,0.7175900242986072,36.82003055346901,0.0,1294.7727568257446,157.52800907991048,199.37164547118095,149.56759666941298,55.58118567850654,nan,nan,nan,nan,nan
1870,72,0.0,-68.79935289192117,0.5260736622828417,-69.08763011646197,0.19930425811962332,,9.3259615348652,9.059421713463962,0.07988029345870018,8.979541420005262,0.0,4.455291985375891,0.4071803050518017,34.54381505823099,0.0,1166.5811159827183,152.09875668239306,191.66270023830614,140.8908766087513,29.230211263981058,nan,nan,nan,nan,nan
1871,67,0.0,-62.12128763243551,1.2681985928092423,-63.13466192377422,0.21403879061853665,,8.353019688278437,8.097061455249786,0.07432167325168848,8.022739781998098,0.0,3.43020674899448,1.1100504637293025,31.56733096188711,0.0,1086.7805247802014,150.76778843060208,189.61010751019003,122.28574789793318,26.813367981897773,nan,nan,nan,nan,nan
1872,108,0.0,-63.948942141627086,8.857063398767284,-72.33986125291936,0.42134229524627165,,12.656079658307135,12.385718442499638,0.11896233167499304,12.266756110824645,0.0,22.56202862747903,4.698301805813496,36.16993062645968,0.0,1746.2251034631397,217.9841363432014,276.91736769149327,175.18811743153483,48.47258858161848,nan,nan,nan,nan,nan
1873,720,58.4872123794555,194.8759921142685,158.8559783165794,41.65847020838385,5.243982694527179,5.735389709472656,39.46934547740966,38.842514676973224,0.7853207038715482,38.057193973101676,0.3731065774336457,42.25770172997138,22.557042129376917,37.65797727526356,11.900289457069512,11597.907106559254,1337.9781490656455,1956.1525717386223,1330.3358524936739,150.70346836173061,nan,nan,nan,nan,nan
1874,136,0.0,-49.130479699045225,15.71207487380178,-64.02046917910921,0.74830474594341,,13.657592619769275,13.404356976039708,0.15144962444901466,13.252907351590693,0.0,28.384222716840686,8.213192288774925,32.01023458955463,0.0,2205.357957629102,312.7244427137635,393.25060676237564,252.60235675603084,81.77355912415514,nan,nan,nan,nan,nan
1875,185,0.0,-59.29512570328801,20.716969576454527,-78.99092629783101,0.9248812764271229,,15.008201184682548,14.75558309815824,0.20290022157132626,14.552682876586914,0.0,30.17379988941533,8.242501842326853,39.4954631489155,0.0,2992.481909554622,399.3670968060723,505.3865502064519,327.21932365920816,74.94491178466362,nan,nan,nan,nan,nan
1876,79,0.0,-73.25759152484997,0.579125961826731,-73.56299640572531,0.23286141579088573,,11.575157246552408,11.287219601683319,0.08715913817286491,11.200060463510454,0.0,3.2241698156503262,0.4759625555010455,36.78149820286265,0.0,1279.4570935075822,177.3438187442643,225.5680894294855,139.72062700730606,66.312093956034,nan,nan,nan,nan,nan
1877,85,0.0,-55.353179141755234,6.3674131137629875,-61.34157314543342,0.3397242249573457,,10.454805877059698,10.194489839486778,0.09379360731691122,10.100696232169867,0.0,23.403878039417542,4.840720778464644,30.670786572716707,0.0,1383.5757095131619,178.42088920544597,222.15895729972684,163.72792951093749,7.633199431934445,nan,nan,nan,nan,nan
1878,79,0.0,-66.49226830053229,2.619435618563834,-68.80315557673299,0.2690366393140551,,9.849098423495889,9.587022631429136,0.08723070379346609,9.49979192763567,0.0,7.092163246112404,1.8082903203801441,34.4015777883665,0.0,1279.663751353861,172.74954717892854,217.87846995738934,140.3371800682696,35.11026092681919,nan,nan,nan,nan,nan
1879,79,0.0,-62.92957631555015,3.528060915178851,-66.16137314024404,0.2633355746636506,,11.842164866626263,11.554216319695115,0.08745860867202282,11.466757711023092,0.0,13.09854114316973,2.7872075289066016,33.08068657012202,0.0,1282.6212921504712,161.42097350268944,201.30708679151743,150.04554303045717,34.830661884009736,nan,nan,nan,nan,nan
1880,100,0.0,-63.281674443783004,7.110642383175768,-69.89855151959523,0.4348936680834275,,9.244219954125583,9.0149348070845,0.10999492555856705,8.904939881525934,0.0,17.1346604565208,4.613017135526185,34.949275759797615,0.0,1622.056439090095,227.86830774061752,288.8111638350343,186.17254374053044,24.0568843008195,nan,nan,nan,nan,nan
1881,63,0.0,-58.96132868809097,1.5044070228115354,-60.25151211616622,0.18416009532958794,,7.93656016793102,7.68094483949244,0.06972235068678856,7.611222488805652,0.0,5.327340189004485,1.220481655452953,30.12575605808312,0.0,1021.3632521851315,127.3879664120705,159.8647299719449,128.7801720141315,45.14442846647521,nan,nan,nan,nan,nan
1882,720,60.02977599601618,175.01330547770846,139.6119122595809,40.73139111070823,4.951074747609761,11.139303207397461,43.96784779243171,43.42025660537183,0.7902257600799203,42.63003084529191,0.2975878594443202,42.149974347664305,19.53550069889783,39.66408044066206,24.080505610042728,11582.410127208072,1363.7894707585885,1975.9687689967627,1325.2704888488477,268.6291418593729,nan,nan,nan,nan,nan
1883,97,0.0,-74.38923655881375,3.719442600849764,-77.69869761975512,0.35311557713667635,,13.29585845861584,13.006636255420744,0.11003414634615183,12.896602109074593,0.0,19.55159713938699,2.5855429715737004,38.84934880987756,0.0,1568.0332488496647,217.94372650291828,277.92505233261505,178.38971270170862,45.80290259662208,nan,nan,nan,nan,nan
1884,84,0.0,-58.63350268025978,6.477125934590581,-64.71753039847175,0.3509532968722203,,12.509238233789802,12.214366286061704,0.09321064502000809,12.121155641041696,0.0,12.87590067590836,3.665203702875522,32.35876519923587,0.0,1359.4786177772758,176.23927182761943,222.57550919719708,157.93461264155425,35.69220770729274,nan,nan,nan,nan,nan
1885,720,43.285959971857984,133.13396061017121,120.86245978224413,17.024516369025704,4.375200598653572,,40.78468071017414,40.52172988187522,0.7862591557204723,39.735470726154745,0.0,42.263613156846816,16.093056331674266,34.77370178734513,16.320841625206018,11593.282789571605,1423.8491484818683,1934.7363017120597,1324.1203994725481,247.09370159971914,nan,nan,nan,nan,nan
1886,99,0.0,-69.36258130591514,5.784019703358705,-74.7497866868949,0.3559509956783107,,13.580474947579205,13.298494671471417,0.1089645940810442,13.189530077390373,0.0,16.644110024993044,3.5173839123065367,37.374893343447454,0.0,1604.3140190923305,197.22957423275813,247.52540111138788,188.93597820753578,49.27709523969715,nan,nan,nan,nan,nan
1887,74,0.0,-64.41096371081605,2.579750803483833,-66.71773032835439,0.23930762759668422,,8.041797422803938,7.804020216688514,0.08172882627695799,7.722291390411556,0.0,16.37844240467794,1.82186036524622,33.35886516417719,0.0,1200.024618807481,155.1896797508566,194.61003016952088,134.95718970896124,29.80208222153672,nan,nan,nan,nan,nan
1888,720,39.31513520004889,115.3388567543439,116.09848047513692,3.846422234868868,4.253405484751354,-0.08486510068178177,43.82171143963933,43.19263801164925,0.7880200352519751,42.404617976397276,0.37891397066414356,42.227829641956895,15.843240882355515,37.39192408261446,9.69438555856576,11613.663433923524,1398.405420521766,1900.5768441026694,1337.689051152686,126.2381222143767,nan,nan,nan,nan,nan
1889,125,0.0,-63.24876308790757,10.228966015565183,-72.92121179099333,0.4952049176591191,,10.45097987074405,10.230970260687172,0.13778305053710938,10.093187210150063,0.0,31.811833625095346,5.939752082115949,36.46060589549667,0.0,2029.9403893319225,252.16173234189537,316.3244723411542,230.2129914074587,59.84679115273959,nan,nan,nan,nan,nan
1890,720,49.88405932146657,158.24474835696165,132.97331664234574,30.5442352218746,4.8775061204591275,,40.02911628689617,39.7815823899582,0.784559415653348,38.997022974304855,0.0,42.24885817104702,18.867770367495414,34.61194171052928,11.854424677547017,11598.101826220649,1404.343898588961,2012.4071922387186,1335.698118913197,259.9683735668855,nan,nan,nan,nan,nan
1891,109,0.0,-72.79096457707647,6.713876258105846,-79.01624134579772,0.43368875043269584,,10.673429656773806,10.416476369835436,0.11941406317055225,10.297062306664884,0.0,16.911904546324713,3.658713872310701,39.50812067289887,0.0,1763.679319580659,234.30142764873946,298.93618736063763,200.34311573311263,74.61229209533049,nan,nan,nan,nan,nan
1892,130,0.0,-60.27294560103459,11.746959880736359,-71.36494008701212,0.5868805138355239,,11.382856043055654,11.148804759606719,0.14248606376349926,11.00631869584322,0.0,24.370483028833956,6.802345500697622,35.68247004350608,0.0,2114.5983161283566,287.894066520594,361.06507069831724,236.85419840327287,69.59959123274288,nan,nan,nan,nan,nan
1893,720,36.036487207761844,120.6297114456903,119.6808837820717,5.436409330513484,4.116510089754346,8.857953071594238,40.743209530599415,40.169810242019594,0.787690089084208,39.382120152935386,0.3651861781254411,41.41037656755948,16.24143663417367,33.318282542505095,12.06071821419338,11599.678093947223,1312.048841960135,1797.9110697989554,1381.111690913421,133.87649783844603,nan,nan,nan,nan,nan
1894,87,0.0,-77.1938932301932,1.3343657937486784,-78.23325905596235,0.2596443259024739,,9.648667121306062,9.448085237294436,0.09875407442450523,9.34933116286993,0.0,8.177799635182499,0.9533692123375238,39.116629527981175,0.0,1407.8330930750801,183.2040684488663,233.64527786193216,147.11312334683663,50.56728923382316,nan,nan,nan,nan,nan
1895,61,0.0,-59.324578539241344,1.129870487865214,-60.235617326698645,0.18795692245884116,,5.500090087763965,5.285402049310505,0.06828293111175299,5.217119118198752,0.0,3.024609166265314,0.7241092500318403,30.117808663349326,0.0,989.3389249359467,130.54844377171713,164.3649657915896,105.46859941393497,16.900088730847358,nan,nan,nan,nan,nan
1896,720,40.061910383773366,131.84054770521115,121.8754646888115,14.899602065505107,4.561513195132856,,40.448595678433776,40.22865880653262,0.7918678382411599,39.43679096829146,0.0,41.586903862327745,16.640132551585165,32.61210935102083,10.067222216508057,11622.26136298289,1444.5687579197863,1974.3044724833533,1286.1168154750153,148.04920446589483,nan,nan,nan,nan,nan
1897,128,0.0,-60.896441837653306,11.806641111165154,-72.00755362532361,0.6188084907805227,,14.101833356544375,13.846422079019248,0.14086636248975992,13.705555716529489,0.0,22.53995790734919,6.514638769454066,36.0037768126618,0.0,2068.994524557214,286.9078590752779,362.91717054751837,247.77766913655353,23.281729928669662,nan,nan,nan,nan,nan
1898,720,32.207212856433884,107.84363669685163,116.0554836452106,-3.369132704168379,4.455686764684954,9.31581974029541,48.28727557789534,47.69741285033524,0.7895211474969983,46.90789170283824,0.33012872375547886,41.92977524792651,16.005205537624825,33.891779208518074,13.34744603008019,11597.361819499945,1415.3939657539004,1973.7466303546473,1335.2840942252344,54.326646730387154,nan,nan,nan,nan,nan
1899,720,70.99888787886357,198.76439663854686,138.67270790528664,65.17839765438373,4.722826802794317,,42.8514658594504,42.594380928203464,0.7931713908910751,41.80120953731239,0.0,42.26344731226665,18.701872620133646,38.409689051671705,10.174834012243037,11608.787797734289,1373.1375874289913,1928.0186281106176,1305.8631022845461,195.78660805936332,nan,nan,nan,nan,nan
1900,79,0.0,-73.2643552097353,0.6909376181530128,-73.66101805935156,0.24429145962657864,,9.942092761397362,9.68189244531095,0.08745768945664167,9.594434755854309,0.0,1.7409837122881937,0.47305206866646754,36.83050902967578,0.0,1279.276112164656,181.5591408236325,231.52665429779307,153.06376781768677,40.62103367002782,nan,nan,nan,nan,nan
1901,95,0.0,-70.80022436459309,3.994243457567704,-74.38701208718565,0.3523473137468139,,9.61172463092953,9.373263315297663,0.10510305501520634,9.268160260282457,0.0,17.347280220274374,3.083963605968828,37.19350604359281,0.0,1539.963239874122,208.16899249806252,264.28075596194213,176.79966092053758,31.218234541292333,nan,nan,nan,nan,nan
1902,83,0.0,-67.23983433492162,3.4371853852790126,-70.29364055649711,0.3387471000503518,,9.213710899464786,8.963265909813344,0.09219404309988022,8.871071866713464,0.0,20.380746915886586,2.3923829527598075,35.146820278248555,0.0,1343.0941127428703,192.66652101379626,245.9319610223642,145.20474655866812,48.545779524561716,nan,nan,nan,nan,nan
1903,82,0.0,-74.36559665296247,1.2078379550337688,-75.28519384588938,0.24706885247649255,,9.397040380164981,9.149717398919165,0.09084925148636103,9.058868147432804,0.0,4.396467011471346,0.8979131810280725,37.64259692294469,0.0,1326.9131812456046,177.37149276507563,225.58479507498538,149.10689910846037,18.079810679932372,nan,nan,nan,nan,nan
1904,60,0.0,-60.62404283658243,0.4098770258051518,-60.83004731431518,0.1745839716900048,,8.836402024142444,8.560456250794232,0.06676158308982849,8.493694667704403,0.0,2.4645180685165604,0.39146011095075667,30.415023657157587,0.0,973.28776618907,132.4995636297774,167.82198201844807,97.63301987413901,13.085549730011495,nan,nan,nan,nan,nan
1905,720,34.06274948268355,112.89727221429689,119.8566032525389,-1.9032031022315863,4.671818882996036,7.3599700927734375,47.79072845634073,47.16216945555061,0.7898688493296504,46.37230060622096,0.3662093188613653,42.22971805330336,16.59960425234737,35.014351033799336,15.879223541521378,11587.558624368628,1429.5462157262004,2011.1854469143918,1276.4039724788074,206.75907962205858,nan,nan,nan,nan,nan
1906,720,53.895217394221426,189.31944081003743,149.14447861526702,45.443665009001364,4.886881868478281,,37.11808605026454,36.89120985381305,0.7907493580132723,36.10046049579978,0.0,42.263331248675094,20.768615389096617,31.173384889720744,14.759791496748306,11593.399054184101,1298.8496801229521,1887.2270807656726,1336.2635700471862,98.0773305471635,nan,nan,nan,nan,nan
1907,75,0.0,-57.839038550971125,3.6946184932062858,-61.217736087361004,0.2761318031066644,,9.974328495562077,9.695361730642617,0.08373455330729485,9.611627177335322,0.0,7.59966695822947,2.939299372542859,30.6088680436805,0.0,1217.6414204900232,161.40788358257447,202.24033899927548,146.93124852710818,12.8443533621679,nan,nan,nan,nan,nan
1908,111,0.0,-54.825815418918225,10.334139714973714,-64.57646048786232,0.5239129852551812,,15.673415846191347,15.393333721905947,0.12320562545210123,15.270128096453846,0.0,23.584324127636904,6.482793029326688,32.28823024393117,0.0,1800.5271606608108,243.68237179434766,305.35983394171814,211.47565531191898,7.096929608619661,nan,nan,nan,nan,nan
1909,102,0.0,-58.222729798061266,8.609047244326774,-66.35257834033027,0.4265010232254371,,9.26644063461572,9.038537091575563,0.11268995981663465,8.925847131758928,0.0,24.628119565725516,5.159226266189019,33.176289170165134,0.0,1649.997828808831,206.80579905747044,259.8173847535945,194.5895609516592,21.45765273324979,nan,nan,nan,nan,nan
1910,720,19.257284965410797,71.09428155478243,110.8362647949405,-35.02770064055953,4.331800677141832,3.40317702293396,41.98806817084551,41.41517362371087,0.7910267477855086,40.62414687592536,0.33130317740142345,40.337367682851024,14.854430967113366,36.77113528569056,18.91379252946822,11583.941905678805,1433.814485708621,1983.6242845487575,1334.5224060102894,115.03087452903665,nan,nan,nan,nan,nan
1911,159,0.0,-44.35078309832946,20.07163637699367,-63.47242009756937,0.8691292136975429,,14.830614283680916,14.547280009835958,0.17769656237214804,14.36958344746381,0.0,33.407097259471804,9.496344384439006,31.73621004878468,0.0,2589.2088444285955,364.42906158009106,455.0546650951454,284.19124436372977,56.068659436625225,nan,nan,nan,nan,nan
1912,73,0.0,-67.90508321483925,1.1554386143416375,-68.79676701385901,0.22971640494320394,,9.257715222425759,8.999544416554272,0.0810216749086976,8.918522741645575,0.0,2.4389192338855836,0.8484851028568888,34.398383506929505,0.0,1182.1555732006761,165.0812588661919,210.4312826802521,118.82247989326784,21.342346136743405,nan,nan,nan,nan,nan
1913,68,0.0,-65.65535245121755,0.6715513493006283,-66.10514592161793,0.19153507673644285,,9.793186636641622,9.531534938141704,0.07586197834461927,9.455672959797084,0.0,3.1516050449721997,0.5797100808018093,33.05257296080897,0.0,1101.8214147871843,142.79496599957866,180.57636696995127,102.23909356826903,32.28881552081793,nan,nan,nan,nan,nan
1914,75,0.0,-58.87140031616078,4.367560288549207,-62.927890446045296,0.27709878057735565,,8.363964679650962,8.128481616266072,0.08339394256472588,8.045087673701346,0.0,15.9568306713424,2.6863444607845754,31.46394522302266,0.0,1215.8981559614308,153.517214630022,192.65382848419142,128.57189060627576,30.70469267899715,nan,nan,nan,nan,nan
1915,79,0.0,-63.30487758469809,3.130579384851034,-66.11620145728932,0.27931898111561354,,8.356046529486775,8.12447146885097,0.08763885777443647,8.036832611076534,0.0,11.719862803834385,2.285877036941894,33.05810072864466,0.0,1281.553232586518,171.4548726383887,215.8621378208591,139.5934206337586,0.7822973686107556,nan,nan,nan,nan,nan
1916,87,0.0,-71.75224376682041,2.039778082451106,-73.51069306763486,0.2330999224702665,,12.823814515955746,12.540806102566421,0.09627208206802607,12.444534020498395,0.0,8.019007441193676,1.6565799594095532,36.75534653381742,0.0,1408.4422279727132,163.6369080443774,206.4817169402972,170.31410194409102,29.643764665533876,nan,nan,nan,nan,nan
1917,61,0.0,-60.15412085708752,0.6282830779280166,-60.58126466808542,0.17508269160666803,,9.924403596669436,9.63207760360092,0.0684680175036192,9.5636095860973,0.0,2.2356508612543653,0.5832881477892108,30.290632334042712,0.0,989.5124073544463,131.20472926841512,165.5012643151935,100.1390415511766,20.097853144044702,nan,nan,nan,nan,nan
1918,101,0.0,-60.692582704601044,8.548327128390378,-68.7175516329786,0.4632734850581174,,12.249977979809046,12.001177503727376,0.1121837543323636,11.888993749395013,0.0,21.147853988188903,4.827236534999904,34.35877581648929,0.0,1636.4546034508344,223.50756524600442,281.91996304899726,198.67340770652055,44.31620012340934,nan,nan,nan,nan,nan
1919,720,52.17262614241047,180.38305967158223,148.3761412756182,37.33769012013933,4.967069544482431,,45.225217727944255,44.93509457539767,0.7915193261578679,44.1435752492398,0.0,42.26369439848388,20.58304943264782,33.5037810823408,13.050134722822948,11594.234847330761,1354.8127445342834,1949.1838651278797,1310.1550742318373,216.725702051401,nan,nan,nan,nan,nan
1920,86,0.0,-79.58159817830067,0.15712023282578988,-79.4649401217838,0.22922623107365295,16.705949783325195,10.189556437544525,9.63403168413788,0.09563190024346113,9.53839978389442,0.29706278536468744,0.9781969141487172,0.09305557708490046,39.73247006089189,0.0,1392.3241597298356,182.32934979281066,232.58680792702546,160.73484684155832,18.801825895811383,nan,nan,nan,nan,nan
1921,80,0.0,-68.99926373847526,2.1677632267213394,-70.88223983677184,0.2503517054250737,,10.675440297462046,10.403300769627094,0.0908527234569192,10.312448046170175,0.0,7.548507904204734,1.5573875096457468,35.44111991838592,0.0,1295.8388739469574,168.88933022056332,212.24257707704572,145.0486731087047,1.5950691392092695,nan,nan,nan,nan,nan
1922,90,0.0,-72.69644902050825,3.2900833552742634,-75.59970939646075,0.3356362284692896,,9.401844279840589,9.133232926949859,0.10059210285544395,9.032640824094415,0.0,5.662654191378959,2.082730067302072,37.79985469823038,0.0,1456.0656448775871,206.9837440321345,264.6626243044878,161.68077022315885,14.599007727790111,nan,nan,nan,nan,nan
1923,95,0.0,-71.34962738501264,4.153735297584415,-75.14960728244752,0.3103617812450057,,11.068706193007529,10.822211826220155,0.10534533113241196,10.716866495087743,0.0,7.6804351759058695,2.7033190989315776,37.57480364122376,0.0,1538.4587670780256,189.01292035097615,239.33323095597993,160.10355430347678,34.77601766206633,nan,nan,nan,nan,nan
1924,104,0.0,-56.03870380185367,9.573632462331984,-65.09855669926168,0.45985989228277857,,11.321151322685182,11.072059924714267,0.11498540174216032,10.957074522972107,0.0,20.49506318262597,5.810216515596917,32.54927834963084,0.0,1688.7731024801747,224.34450953457684,281.89903677039564,202.2187415489827,38.96003517230058,nan,nan,nan,nan,nan
1925,85,0.0,-76.30947627108142,1.3870573863003008,-77.37995335619945,0.2690102365948727,,10.025384993292391,9.771126573905349,0.09409058839082718,9.677035985514522,0.0,3.002173394173675,0.8994158953757556,38.689976678099725,0.0,1374.9983059882204,191.35577979552733,243.5350867957497,156.39352137194254,26.801249520915583,nan,nan,nan,nan,nan
1926,720,55.52605339109249,171.3261485982672,131.0867277120339,45.16546624307108,4.525651432976564,,43.32817067485303,43.1051524579525,0.7913342285901308,42.31381822936237,0.0,42.22077030935207,17.19278842550651,32.94332026955696,12.788694504612932,11604.390001403455,1388.9779780418137,1909.6685629940407,1352.9902297637464,214.62418724594866,nan,nan,nan,nan,nan
1927,88,0.0,-59.90531101715976,6.051871191157642,-65.557182737702,0.352034539955312,,10.007198627106845,9.756457017734647,0.09788436442613602,9.65857265330851,0.0,18.766168571140508,3.9219626622018895,32.778591368851,0.0,1425.0614347787798,185.42154933182593,233.59514887133,182.12319377282304,25.712048730905682,nan,nan,nan,nan,nan
1928,129,0.0,-48.659101568214496,16.12485940777503,-63.98497121655388,0.7265218076051648,,11.677682383917272,11.42675468698144,0.14302300568670034,11.28373168129474,0.0,22.280370830170067,7.747982298989464,31.992485608276944,0.0,2089.245186923901,290.8432395729826,365.7279411367781,251.9845071814556,88.35949565135522,nan,nan,nan,nan,nan
1929,64,0.0,-62.28819304855803,1.0420185445033256,-63.08473703842358,0.20340642659675295,17.363813400268555,10.703909736126661,10.093365443870425,0.0719658862799406,10.021399557590485,0.31356980092823505,6.373156479737151,0.925120808228918,31.542368519211795,0.0,1037.4102238671112,145.7862147844971,184.0528461302094,125.08963100725732,38.31546625399615,nan,nan,nan,nan,nan
1930,100,0.0,-57.683171017204856,8.538384676201897,-65.6806693877956,0.4886703864590906,,11.067801975645125,10.806327427737415,0.11273372825235128,10.693593699485064,0.0,19.27655480280641,5.415608276767507,32.840334693897795,0.0,1620.0596732072063,225.4038087462717,284.86920945484474,171.81737963628322,29.768779528308787,nan,nan,nan,nan,nan
1931,720,51.14831276887887,164.4482247658763,130.04668306344075,39.586799782086445,4.803490366055987,,39.233448025770485,38.989150882698596,0.7914894139394164,38.19766146875918,0.0,41.09781076476005,18.0102743579926,31.354912877835645,16.81779756923199,11586.849182054772,1392.4107035188056,1991.1446914126461,1304.5040879093806,186.75913473966568,nan,nan,nan,nan,nan
1932,101,0.0,-68.48792657002289,6.894132114933784,-74.8485000518362,0.4627255012213591,,11.823458372615278,11.545617658644915,0.11205837409943342,11.433559284545481,0.0,17.21795426124693,3.721170478380756,37.424250025918106,0.0,1635.0142707379036,240.58422900777987,308.02073174448884,195.93795230331995,35.18760384706106,nan,nan,nan,nan,nan
1933,102,0.0,-70.06045984692645,5.493242700536604,-75.12645004874088,0.37783231209356083,,11.404251526109874,11.151241020299494,0.11224244255572557,11.038998577743769,0.0,15.919582361489507,3.569955140118983,37.56322502437044,0.0,1650.6443593093654,217.56864931445563,274.59846707444774,179.72273146029536,30.086087818135187,nan,nan,nan,nan,nan
1934,90,0.0,-78.43192422531075,1.7228862299832681,-79.7988989559639,0.3079041904183552,,9.173284642398357,8.939038407988846,0.09905852377414703,8.8399798842147,0.0,11.145899518549973,1.2293408396553893,39.89944947798195,0.0,1456.4755088550662,212.1337179340707,272.45997650619273,148.33108156241173,36.931030731180854,nan,nan,nan,nan,nan
1935,151,0.0,-63.864772002870666,13.663141677006367,-76.72635107718693,0.7185705204865063,,14.633684763684869,14.374620390124619,0.16577275935560465,14.208847630769014,0.0,25.135320284395757,7.002546004888386,38.363175538593474,0.0,2452.3443595671906,334.2441694862277,420.0552260199589,274.6306321588642,40.72617352761719,nan,nan,nan,nan,nan
1936,89,0.0,-68.1805599179659,4.127498515633208,-71.97233998709793,0.2915466301889881,,10.116048300638795,9.873705675825477,0.0982397822663188,9.775465893559158,0.0,14.361557182665912,2.4805005964717934,35.98616999354897,0.0,1439.6774527033408,175.25092023885915,220.93809697820078,176.8094947588154,42.51772463773142,nan,nan,nan,nan,nan
1937,89,0.0,-69.73275766072281,3.3438954886606473,-72.75657430918862,0.2774796993520543,12.215373039245605,10.903115529567003,10.3470704164356,0.09805185347795486,10.249018562957644,0.2987952046096325,15.51740221396592,2.2961103646024354,36.37828715459431,0.0,1442.2180368278634,176.08512118160942,222.37102536855258,150.0179521241836,38.78210186089453,nan,nan,nan,nan,nan
1938,90,0.0,-77.71052068674692,1.5899108761356122,-78.99291730725334,0.26531006388074874,,15.120675488375127,14.828825938515365,0.10095718316733837,14.727868755348027,0.0,5.065126971802156,0.9227668078676654,39.496458653626675,0.0,1456.5587702577732,186.2100249539603,237.4204967043034,155.11380626920067,66.428521246757,nan,nan,nan,nan,nan
1939,90,0.0,-74.59988324203738,2.837846002405774,-77.06887801779212,0.3173262822463896,,9.352819053456187,9.111443701200187,0.09933234006166458,9.012111361138523,0.0,10.107680352165588,1.6437760851659466,38.53443900889606,0.0,1457.11919215459,202.00237135178364,257.3751061287879,169.54561113600866,47.617436042612475,nan,nan,nan,nan,nan
1940,69,0.0,-63.86458813904422,1.5022228484270164,-65.12955377501142,0.20545573644809453,,8.587421379052103,8.333998467773199,0.07634874060750008,8.257649727165699,0.0,3.489612615719412,1.081824123203865,32.5647768875057,0.0,1118.204935506192,142.95862459927102,180.2513766171152,127.66337334842157,34.21719032328135,nan,nan,nan,nan,nan
1941,125,0.0,-68.48113853954194,9.390973359836671,-77.34615293237256,0.4754033021480888,,12.604341586120427,12.35061950609088,0.13714270945638418,12.213476796634495,0.0,18.673591963157836,5.16970983627506,38.67307646618629,0.0,2027.958327387527,244.44078889664078,307.33336859883997,209.93084009142842,42.03480011920702,nan,nan,nan,nan,nan
1942,78,0.0,-66.06131055861579,2.4448060504912568,-68.21039213074286,0.2550463110699307,,9.338407276198268,9.084525806829333,0.08599603828042746,8.998529768548906,0.0,6.302939758611882,1.8319238408928196,34.10519606537144,0.0,1263.7599893019667,169.10422890993786,211.9892472438144,156.4155779791252,23.765863978949252,nan,nan,nan,nan,nan
1943,86,0.0,-76.81706457408082,1.197244793512879,-77.72536012990653,0.23821251742666782,,9.585089123807847,9.341414545662701,0.0943633271381259,9.247051218524575,0.0,3.3597045548658278,0.73515395592024,38.86268006495327,0.0,1391.651955349901,173.64124370530612,220.12322546558295,173.4844046297751,31.873653893575725,nan,nan,nan,nan,nan
1944,79,0.0,-68.16381945752376,2.2005016795171355,-70.05727620263272,0.26597803610276516,,10.861022835597396,10.593103238381445,0.08695421274751425,10.506149025633931,0.0,5.498453865632814,1.5711431819100274,35.028638101316346,0.0,1279.0695460190043,175.69897677140705,222.873158842214,143.56074906567156,25.3025227452584,nan,nan,nan,nan,nan
1945,115,0.0,-68.77147174142952,8.133654324873483,-76.34347065427504,0.4962127204512843,,11.831644631922245,11.579481146298349,0.12608394026756287,11.453397206030786,0.0,24.091230887746576,5.057555530072465,38.17173532713754,0.0,1866.786384919193,260.720531374638,329.2787964364848,215.46337327388423,59.47020680942825,nan,nan,nan,nan,nan
1946,720,65.69845893177421,222.27045224766786,160.17769967503696,67.69491653451738,5.232499502016378,8.661757469177246,39.93913729023188,39.40385112166405,0.7860652199015021,38.617785901762545,0.29724959656596184,42.263696172684966,21.689250865921558,31.85100066451552,13.972124965143518,11600.2153526588,1358.9192769710062,1946.2189854008914,1338.8643190644448,61.68399892796215,nan,nan,nan,nan,nan
1947,79,0.0,-70.74563041161157,1.306917510141644,-71.78536914850066,0.22978218126857186,,9.625770368613303,9.363275778479874,0.08757090661674738,9.275704871863127,0.0,4.597690683742774,0.8747289818408496,35.892684574250325,0.0,1280.1127480877535,164.82512597765742,207.97929181781151,148.3159395539046,46.96421522192923,nan,nan,nan,nan,nan
1948,99,0.0,-74.39554183652724,3.7886483445575827,-77.79351352938379,0.3392092331526238,,10.748305331915617,10.50744597427547,0.10932974051684141,10.398116233758628,0.0,19.630007082787216,2.6598880998613286,38.89675676469189,0.0,1605.2128819299105,206.55355463844484,262.2825984234509,183.67225072584634,41.02396485643919,nan,nan,nan,nan,nan
1949,101,0.0,-66.94477908485798,6.250132744510909,-72.73097082520871,0.4105465872229613,,11.724990587681532,11.474617907777429,0.11102576367557049,11.363592144101858,0.0,16.827035627193055,4.119685228606921,36.36548541260436,0.0,1636.7143111799164,220.2241720100301,278.4172867914639,185.75953228456189,87.97781905285075,nan,nan,nan,nan,nan
1950,91,0.0,-75.93672871316392,2.14568362715115,-77.76218972833614,0.27669950242961505,,11.138973034918308,10.883629118092358,0.10034532379359007,10.783283794298768,0.0,9.91604735778555,1.4541381002450426,38.88109486416806,0.0,1473.9161346668839,192.68265078589778,244.76704198010245,161.0275533956067,52.55696260419366,nan,nan,nan,nan,nan
1951,72,0.0,-64.86666223946206,1.5601656089580644,-66.16250036699823,0.22492847652374914,,8.30503869522363,8.071189247071743,0.07933036983013153,7.9918588772416115,0.0,5.412896286150635,1.177638788346039,33.08125018349911,0.0,1167.5505451978536,155.15944516488582,195.58943403399417,138.14932392287133,27.750904031734084,nan,nan,nan,nan,nan
1952,72,0.0,-65.46759747188099,1.2616048523905246,-66.48469634469014,0.20328063126150728,,7.979143059812486,7.7579284412786365,0.07937933504581451,7.678549106232822,0.0,2.5870200921394684,0.9931971699124702,33.24234817234507,0.0,1166.8566204252597,147.65928744270565,184.58183294250404,161.66065633367248,11.990462227015058,nan,nan,nan,nan,nan
1953,93,0.0,-75.0267244267602,3.128461030076875,-77.77772783038505,0.3242991571564078,,11.539141217246652,11.275443946011364,0.10236638225615025,11.173077563755214,0.0,10.084550128020561,2.121774654368767,38.88886391519253,0.0,1505.3642111600952,205.37543553809672,260.64308961609834,176.76395001371148,38.73564358136455,nan,nan,nan,nan,nan
1954,120,0.0,-61.67730326695076,10.73979358484006,-71.81036724359312,0.5452093914999083,,12.86103710718453,12.619694873690605,0.13186142593622208,12.487833447754383,0.0,29.037083880721575,6.337865935194281,35.90518362179656,0.0,1952.1215174978847,261.31647900121146,326.62670009274683,225.2037569758727,45.62059725299097,nan,nan,nan,nan,nan
1955,70,0.0,-63.61970205107341,1.438770708062788,-64.78852570638955,0.2254061796087498,,12.146831097081304,11.834949080832303,0.0773925743997097,11.757556506432593,0.0,9.261252140222645,1.299692555491947,32.39426285319477,0.0,1136.2726752004814,160.40153956189576,202.43214064417458,133.8979535004558,17.415795232054034,nan,nan,nan,nan,nan
1956,110,0.0,-73.24085234707019,6.352590666093283,-79.0874924200346,0.43840861604031817,,11.67464410327375,11.41793146636337,0.12134496681392193,11.296586499549448,0.0,8.620703571000686,3.552465762214081,39.5437462100173,0.0,1781.4692977149107,243.51681796289947,311.3105952224958,206.088831651059,39.46105141304264,nan,nan,nan,nan,nan
1957,73,0.0,-60.15040240331498,3.1482648372047475,-63.01525137508196,0.2512329534260979,,8.640161762945354,8.389622535556555,0.08057393319904804,8.309048602357507,0.0,12.900897579575567,2.6085033062140877,31.50762568754099,0.0,1184.1720653726143,154.84818907946485,194.97047533831196,130.00707755694452,38.15248253775564,nan,nan,nan,nan,nan
1958,90,0.0,-72.23538669823839,3.146688493252411,-74.99181031940007,0.3385561299924773,,9.067871455103159,8.814292182214558,0.0993344783782959,8.714957703836262,0.0,21.093277640890683,2.3358291749177105,37.49590515970004,0.0,1457.2189245203979,207.04887695983678,263.97786082035117,156.8090969037436,55.65624700172476,nan,nan,nan,nan,nan
1959,72,0.0,-63.11181652946813,2.3142986563280834,-65.13676046921027,0.2551515486068177,,8.845798667520285,8.584354161284864,0.07944557629525661,8.504908584989607,0.0,7.716940544703302,1.8896506717241992,32.56838023460514,0.0,1167.2873427453364,166.00055897103113,209.1994676321335,127.56437846405068,17.9226594461752,nan,nan,nan,nan,nan
1960,131,0.0,-67.29650373635174,11.215897016403517,-77.78294379242254,0.6485379668221357,,12.998540032655,12.72910080011934,0.14400438778102398,12.585096412338316,0.0,19.02488529243199,5.910194752664601,38.89147189621127,0.0,2119.162350248057,305.28571805658214,389.4734015372236,241.98498938784087,41.436302873121825,nan,nan,nan,nan,nan
1961,117,0.0,-59.775794371583515,10.457618725688318,-69.67877938698147,0.4965888010227016,,13.16726704314351,12.9087770935148,0.12880297750234604,12.779974116012454,0.0,19.085127312913865,6.029343262817275,34.839389693490745,0.0,1897.5333861966865,239.3114315572103,300.5574911473212,211.15525259731055,34.46538262491509,nan,nan,nan,nan,nan
1962,94,0.0,-62.808526732564154,6.273109625152582,-68.6538574013872,0.3788632809300889,21.907569885253906,10.394524427130818,9.842826437205076,0.10367006994783878,9.739156367257237,0.30010283924639225,13.608406630788526,3.9499242345917014,34.32692870069359,0.0,1521.3614935613073,198.0713530449078,248.854330189617,184.85767288259328,15.139990625076257,nan,nan,nan,nan,nan
1963,88,0.0,-78.36146775131463,1.4587509103831025,-79.4815094944312,0.28672295684697535,,11.641835377551615,11.365553284063935,0.10010362323373556,11.2654496608302,0.0,10.709360371272634,1.0011303596133714,39.7407547472156,0.0,1423.7876794448762,204.9726073164596,261.4068307759961,169.38338416072725,17.830490646211555,nan,nan,nan,nan,nan
1964,93,0.0,-76.49553544076099,2.701958687061513,-78.89781459580193,0.25623018545366566,,12.549767470918596,12.277088024653494,0.10333938151597977,12.173748643137515,0.0,6.382868017354769,1.5235529175569027,39.44890729790096,0.0,1503.8592761391583,172.01369539633598,216.62924177642563,186.60420232744397,9.174414890981689,nan,nan,nan,nan,nan
1965,720,58.14901582963006,177.02451808155203,140.1732609933712,41.814149568691406,4.591129004183166,,48.26170064974576,47.971294878050685,0.7891707019880414,47.18212417606264,0.0,42.23368232736935,19.26022354886285,37.24194104528436,16.276899409061876,11589.65141130616,1307.2072727894838,1861.5252958202138,1282.05215768195,57.77190072795867,nan,nan,nan,nan,nan
1966,89,0.0,-74.15785347832824,2.7894928870235502,-76.58510853649472,0.311502302925825,,11.829526745714247,11.561624014750123,0.09879089333117008,11.462833121418953,0.0,9.93803589737592,1.6947338636480145,38.29255426824736,0.0,1439.8716316933085,201.5331492668958,257.2887855544352,161.34777483582891,22.574873053780912,nan,nan,nan,nan,nan
1967,95,0.0,-70.6450307949092,4.062208198393234,-74.32040586266149,0.34104626991381043,,10.033137905411422,9.785231062211096,0.10529469791799784,9.679936364293098,0.0,18.591731754315077,2.827041376915584,37.16020293133074,0.0,1539.8338240229928,198.22802086785057,248.6750555480081,172.76081855180888,37.7976513502876,nan,nan,nan,nan,nan
1968,86,0.0,-60.855284276171304,4.652675931531597,-65.13445664408876,0.33095082819514626,,12.26315626874566,11.990139497444034,0.09504485968500376,11.89509463775903,0.0,13.186987448061133,3.7991041879090357,32.567228322044386,0.0,1397.018410053364,183.31914587909571,230.14819493787422,152.0951718605344,29.882763229792957,nan,nan,nan,nan,nan
1969,89,0.0,-69.0569467559339,3.518671161910521,-72.22101449789024,0.3092069204106154,,9.233221059665084,8.99349466059357,0.09838678408414125,8.895107876509428,0.0,27.496093046649694,2.585818194761621,36.11050724894511,0.0,1442.6728525705378,188.4440178603463,237.12457361490215,161.88066360184024,36.92526930035659,nan,nan,nan,nan,nan
1970,720,17.0794688393541,51.52528929643714,100.73808307975567,-44.60936891319587,4.226793463012362,10.510580062866211,43.05251833703369,42.425032353028655,0.7871022429317236,41.63793011009693,0.3790282243862748,42.241174999145805,14.055326158975147,39.38415329595205,10.846281062863488,11618.824106618666,1533.7042442573177,2009.8963661608657,1330.8480203620138,200.10259030761034,nan,nan,nan,nan,nan
1971,66,0.0,-65.92641936522732,0.22524135084938005,-65.95393355681975,0.1680117771022584,,9.285956538282335,9.016577427275479,0.07463630940765142,8.941941117867827,0.0,0.7407688894404084,0.12482608282705501,32.976966778409874,0.0,1069.1459457988544,134.24521277886717,168.48420550273102,121.57969696087645,32.43368681656846,nan,nan,nan,nan,nan
1972,101,0.0,-63.28456635420177,7.347770175114701,-70.16162504700839,0.42047752944025407,,10.604155840352178,10.356869257055223,0.11229028832167387,10.24457896873355,0.0,14.208520142612304,4.514907883208479,35.08081252350419,0.0,1635.181981681968,210.84804188479822,267.7148208862161,178.5934584466184,47.143864122967095,nan,nan,nan,nan,nan
1973,74,0.0,-63.70035180382527,2.676050053262019,-66.10274975422368,0.23526418010955433,,9.20014840643853,8.952146098949015,0.08173931110650301,8.870406787842512,0.0,18.53920453561679,1.859475669351196,33.05137487711185,0.0,1198.9870967532506,153.0049852543903,191.49073706782968,161.1755072716728,24.043092809253807,nan,nan,nan,nan,nan
1974,81,0.0,-65.17643113112348,3.458491982762582,-68.29872616190465,0.2922671103118401,,9.911912040784955,9.64996884856373,0.0894602220505476,9.560508626513183,0.0,14.608618834654562,2.4116977799145523,34.14936308095233,0.0,1311.468434536121,182.2256683614062,232.0146507215704,144.14844284083037,35.661277433315554,nan,nan,nan,nan,nan
1975,83,0.0,-61.317408407247626,4.118080518727396,-65.05413582821946,0.33022380023983966,,14.494382111355662,14.169080243445933,0.09162638708949089,14.077453856356442,0.0,17.89620910827527,3.487174587571419,32.52706791410973,0.0,1345.6388792372857,188.86507189882434,238.72577754221783,163.2162811513794,38.96143380820806,nan,nan,nan,nan,nan
1976,88,0.0,-74.34736426091247,2.248401732791104,-76.28534143205064,0.2648795264922785,,12.148795117624104,11.863279991783202,0.09702789597213268,11.766252095811069,0.0,4.864408189810366,1.4289736940296973,38.142670716025314,0.0,1424.424538140498,180.4395313065874,228.35552951464368,188.28207180940072,27.405174764390086,nan,nan,nan,nan,nan
1977,61,0.0,-60.902264348785046,0.360247867919089,-61.05894270895411,0.16987509393227826,,9.221318048425019,8.927217284217477,0.06752885971218348,8.859688424505293,0.0,1.3963811366580756,0.2400413965028875,30.52947135447706,0.0,989.7041484519863,133.48355571399372,167.60248927692163,109.73857566036415,8.977119980507887,nan,nan,nan,nan,nan
1978,101,0.0,-68.39712058496673,5.297289902727733,-73.21691763138331,0.4162397711968745,,9.843649837188423,9.604930276982486,0.11125387623906136,9.493676400743425,0.0,24.929671723600094,3.549786072539233,36.608458815691655,0.0,1638.5369112894032,229.14388095834636,288.6041027918721,192.46838892034688,23.668720114722774,nan,nan,nan,nan,nan
1979,67,0.0,-62.374032216212804,1.5612367854381917,-63.68842544774584,0.2118090395940381,,10.25124035589397,10.009021054022014,0.07399220950901508,9.935028844512999,0.0,4.9336925746276385,1.2837399887042715,31.84421272387291,0.0,1085.5920181774916,145.566179031291,183.37290356883696,120.85963100910311,12.614286259349036,nan,nan,nan,nan,nan
1980,91,0.0,-64.29845190124992,4.796582614404784,-68.7228847610953,0.33074294689110184,,14.61826832126826,14.316680138930678,0.10044840071350336,14.216231738217175,0.0,13.478225201096967,3.4226103826118415,34.36144238054765,0.0,1474.2490685503205,183.8536964981667,230.86897948257405,162.58764509921008,18.384809289213827,nan,nan,nan,nan,nan
1981,720,66.51620215296283,192.13019110659056,137.66554712286006,59.29626490812572,4.4575780607262026,13.676189422607422,41.765082977712154,41.21848045568913,0.7873807130381465,40.431099742650986,0.29278859961777925,42.23563929727291,18.698235934139973,36.86806969889997,16.623830785229163,11589.712007562226,1263.0945406506776,1803.269948398316,1374.7690836007553,89.37602499360798,nan,nan,nan,nan,nan
1982,62,0.0,-61.46130366640576,0.8101834538431018,-62.060629463514324,0.17946101458420038,,9.135516975075006,8.854456876404583,0.06972483545541763,8.784732040949166,0.0,2.95336193727265,0.5986061107754025,31.03031473175716,0.0,1005.3192596396707,131.69963775032986,165.81690259948732,120.35844241042221,41.46735016545187,nan,nan,nan,nan,nan
1983,76,0.0,-60.21464660629519,3.763431547740679,-63.62627671899655,0.30905445869078074,,10.17048174701631,9.900789707899094,0.08491336833685637,9.815876339562237,0.0,18.484244025867003,2.7974903048446222,31.81313835949827,0.0,1231.7470556265735,174.97341283035715,221.85296559738873,137.1835942364523,56.55454582106214,nan,nan,nan,nan,nan
1984,71,0.0,-66.87340735799026,1.071714740270466,-67.68155515947913,0.2231734765015616,,9.556383020244539,9.300598575733602,0.0785778071731329,9.22202076856047,0.0,5.398184437662209,0.830670093475507,33.840777579739566,0.0,1150.3809029767183,161.3104916644848,203.76845478139188,124.71858276804511,2.252572873330816,nan,nan,nan,nan,nan
1985,86,0.0,-65.84105046879347,4.258210724382296,-69.68699730768677,0.3547970291856769,,11.68922766763717,11.428182953037322,0.09499894175678492,11.333184011280537,0.0,9.392622279894269,2.750984330279695,34.84349865384337,0.0,1392.826007470182,200.28725447236008,254.22446440038442,171.35859129872145,41.041084718852545,nan,nan,nan,nan,nan
1986,158,0.0,-58.333264573248584,18.364431050448424,-75.87799354572158,0.7500328629748216,,12.447621123865247,12.214823103509843,0.17283660732209682,12.041986496187747,0.0,27.758820373617432,7.39996033166715,37.93899677286079,0.0,2554.3532014270786,320.6373535976843,402.96717270158615,291.39058486841947,81.76533723888947,nan,nan,nan,nan,nan
1987,720,47.33955380168071,162.44173169746958,140.2115566355214,27.00694701646114,4.412012723100072,,40.56639830209315,40.31257678940892,0.7913915626704693,39.52118522673845,0.0,42.26205031571019,18.96825175186273,33.83608029345014,10.473852685466973,11621.86426614862,1272.136170365045,1795.70146419752,1330.6804216058565,171.44634114898017,nan,nan,nan,nan,nan
1988,720,68.21562968369676,200.36511221678066,144.42170268689915,61.08467616743813,4.78049947612748,14.05828857421875,42.12580163311213,41.456707761622965,0.7888455260545015,40.667862235568464,0.3935402315109968,42.262852781158955,19.661676512149786,37.67329159997769,13.395649020811634,11608.091816484863,1361.8818550470091,1900.0011879930357,1335.4867325362452,189.21923940567046,nan,nan,nan,nan,nan
1989,70,0.0,-60.3994174533656,2.88820843578377,-62.99784327989897,0.2566026824197555,,6.742083738557994,6.504598256200552,0.07830025255680084,6.426298003643751,0.0,13.395540239801708,2.1840463243041834,31.498921639949494,0.0,1134.6963949426677,151.31565912292777,190.87479653630373,119.44000211747665,27.436366618243632,nan,nan,nan,nan,nan
1990,76,0.0,-60.536280194903824,3.8275688632242986,-64.03259250540208,0.2888291313252422,,10.018524899147451,9.739417274482548,0.08521323092281818,9.65420404355973,0.0,11.718383824005853,2.905834741513316,32.01629625270104,0.0,1231.4937647103832,166.5990833611838,209.57781101225183,154.52969330537871,13.905611833459732,nan,nan,nan,nan,nan
1991,83,0.0,-64.2419521791839,3.832765227535348,-67.73889367451596,0.2961859751757934,,10.26936771068722,10.006158878095448,0.09155393857508898,9.914604939520359,0.0,14.771791954713143,2.881382820599009,33.869446837257975,0.0,1345.8199654225514,174.98044409760104,219.75858421038933,161.4819363345989,36.6577242712734,nan,nan,nan,nan,nan
1992,70,0.0,-63.22196572102311,1.8524437228644968,-64.84561053997716,0.19653199883822253,,10.280121055431664,10.003350946120918,0.07727248407900333,9.926078462041914,0.0,10.444095437262595,1.2743548049576203,32.42280526998858,0.0,1135.1837685603218,138.73877997629924,174.62463816718815,137.38376292170798,45.42529077270199,nan,nan,nan,nan,nan
1993,720,70.51781504269901,208.7278419005672,143.01241933459735,70.92191072607633,4.856361783000753,,37.4989755153656,37.27543826960027,0.7872430616989732,36.4881952079013,0.0,41.98683312906834,19.48031154298598,35.056859679660846,14.511560013091465,11602.220929189485,1390.757804288956,1934.8737969663746,1299.6456202303953,283.87518149079375,nan,nan,nan,nan,nan
1994,720,44.0407163262438,123.76239184733147,119.98817832451128,8.568597799254192,4.411904165757686,13.445409774780273,40.9025836661458,40.33580373041332,0.7903919583186507,39.54541177209467,0.3337922180071473,42.2275421826582,16.929910183787182,39.75641742661671,17.5240345566189,11585.11253603937,1372.0036422684989,1938.7421889946304,1287.7307527279954,270.8465612863575,nan,nan,nan,nan,nan
1995,72,0.0,-57.11675979424651,3.631748691680792,-60.45843757420912,0.25640827814299866,,9.296889133751392,9.03370948228985,0.08117484766989946,8.952534634619951,0.0,17.811788146440854,3.1927796810491316,30.229218787104568,0.0,1168.8996908111717,149.29941893839057,187.0112772259907,121.32919982595038,48.42578226183331,nan,nan,nan,nan,nan
1996,91,0.0,-76.94037765735479,2.0500992946053334,-78.67039228289627,0.2749276259961588,,12.3320456109941,12.040882172062993,0.10197789594531059,11.938904276117682,0.0,13.08064137648728,1.5361705532948153,39.33519614144812,0.0,1473.3444738750507,189.489875762584,239.45463657693747,176.44997719194598,28.697225241511504,nan,nan,nan,nan,nan
1997,107,0.0,-53.56837615728101,10.284730038620088,-63.30340407485497,0.5007347354637735,,11.7299459958449,11.46415080036968,0.11864077020436525,11.345510030165315,0.0,18.431007617742775,6.407984522993853,31.65170203742748,0.0,1739.0788006053822,233.27672650254024,291.76872713676335,193.39170850098574,48.828030924950085,nan,nan,nan,nan,nan
1998,70,0.0,-61.09310087360226,2.683845102581283,-63.5254406679521,0.22071898912618731,,8.66373503394425,8.425071145407856,0.07782805804163218,8.347243087366223,0.0,8.257610343783995,1.8913302845677593,31.76272033397606,0.0,1133.5469418876,141.87937499432857,177.831412216441,127.01068000621356,23.138414125749776,nan,nan,nan,nan,nan
1999,72,0.0,-63.85610975853403,2.3959896931058697,-65.93329251220601,0.27080615086163984,,9.487064759247005,9.223573786206543,0.08001656830310822,9.143557217903435,0.0,20.98647838257365,1.8936475403854638,32.966646256103004,0.0,1167.8186619344776,175.4442908043763,223.09007178573924,136.93075409265984,19.044120950331333,nan,nan,nan,nan,nan
2000,87,0.0,-65.3038057692939,4.78314564509238,-69.69965033494191,0.3355313205862233,,13.74056623596698,13.423244685865939,0.09614335279911757,13.327101333066821,0.0,11.310760270419722,2.9628640352268074,34.84982516747096,0.0,1407.9850805443402,189.57432498858333,241.3840838186377,157.45779460265186,41.64877260857308,nan,nan,nan,nan,nan
2001,720,47.49769080925317,142.81414308004673,130.64764376399754,16.837756112174176,4.288934031895806,,40.91600330453366,40.70551905967295,0.7903290428221226,39.91519001685083,0.0,42.263568502481505,17.58237452592514,39.07881275316608,29.79508896604835,11582.39999999991,1274.9718524600014,1852.515735325903,1336.775545146008,114.98947552065718,nan,nan,nan,nan,nan
2002,108,0.0,-67.98283806761438,7.465087038357362,-74.95715590233354,0.4356627249161833,,10.67553314846009,10.431389111094177,0.11954211164265871,10.311846999451518,0.0,20.913972881157914,4.311906862963262,37.47857795116678,0.0,1748.4446174680736,226.9918270161105,287.9890316893673,208.92455536809587,16.09037871243521,nan,nan,nan,nan,nan
2003,98,0.0,-73.94113729728817,4.295489664252497,-77.79549367042915,0.38532587151876596,,10.199570151045918,9.942602215334773,0.10872407350689173,9.833878141827881,0.0,10.866451026157232,2.8272210772084754,38.897746835214576,0.0,1586.2998780663117,225.78270446249388,288.86495595155407,176.960865654518,53.04699564712141,nan,nan,nan,nan,nan
2004,79,0.0,-61.232230920392865,3.954452083113574,-64.82236676601411,0.31604062495008545,18.685548782348633,10.82187769562006,10.259474734775722,0.08792377822101116,10.17155095655471,0.293288491666317,19.396972612806962,3.162583357066134,32.41118338300707,0.0,1281.547526852645,179.61936173830648,225.831819861055,159.6089864003933,36.984172837264765,nan,nan,nan,nan,nan
2005,720,35.76903526814349,110.24435836385963,116.62091252239593,-1.8438529917117847,4.1567666211796634,,45.371142918244004,45.10506880842149,0.7920500263571739,44.31301878206432,0.0,42.216013807343415,15.76952334678796,36.69096176399938,25.139875374634645,11582.399999999896,1371.5541252682501,1886.6089443823355,1372.9065687203986,163.46374505798016,nan,nan,nan,nan,nan
2006,720,55.43104282277977,158.4823422640816,131.37696149275422,31.70541505314955,4.2495777613523185,8.906806945800781,38.38739508762956,37.85848312173039,0.7905032280832529,37.067979893647134,0.2890110909938812,42.26345407808928,18.261098998979435,39.57833529620498,12.404731694550946,11611.824234618163,1311.2413688229267,1821.3102736338105,1314.9262491731306,141.56072891269602,nan,nan,nan,nan,nan
2007,61,0.0,-59.220445397053375,1.11141088437821,-60.1378957385414,0.16682000669774336,,6.846594652161002,6.606069031171501,0.0681019751355052,6.5379670560359955,0.0,2.9732241731569946,0.6372520897259123,30.0689478692707,0.0,989.4292435648018,122.10085091339992,152.67964807628658,122.47330701991633,17.346370822256564,nan,nan,nan,nan,nan
2008,720,36.32718965257725,107.85925069146121,116.5931423082774,-4.257065174058496,4.097263165644772,,42.225665776990354,41.96970142889768,0.7917604902759194,41.17794093862176,0.0,42.26338775928487,16.661334337075676,38.4557222396065,12.116391117767517,11606.14532083268,1330.733613128783,1847.5261855562796,1375.1890197910616,164.801693548483,nan,nan,nan,nan,nan
2009,720,46.13557893837263,132.47203743838696,119.92841479583983,17.613436777773927,4.649142445753393,7.977218151092529,41.19380503054708,40.629303141497076,0.7882285350933671,39.84107460640371,0.3085263129323721,42.263343083536384,16.980049303097918,37.328860549485654,13.567519316377865,11607.08459141931,1468.5151043850155,2033.863014415042,1322.9986401306844,220.21683335485943,nan,nan,nan,nan,nan
2010,97,0.0,-71.69190059412782,4.791627988822483,-76.0756407295484,0.3652138016702209,,10.396363919600844,10.169386234134436,0.10968410223722458,10.059702131897211,0.0,20.082484905216067,2.8768605693834375,38.03782036477419,0.0,1569.5472698051824,200.76965045755625,254.7442728164111,173.92002753632553,73.49977474074716,nan,nan,nan,nan,nan
2011,63,0.0,-58.94264671515539,1.3453612160573083,-60.067364864560346,0.19398119092360994,,8.555120516568422,8.30329210869968,0.0705348290503025,8.232757279649377,0.0,7.3082400182989895,1.2761841870770503,30.033682432280173,0.0,1022.117677947584,132.67198889370562,167.44077018683544,103.45275749767616,30.50441800572873,nan,nan,nan,nan,nan
2012,76,0.0,-69.59999882119017,1.1519873529827034,-70.46175963507123,0.24720855489207563,,10.130389514379203,9.864241858944297,0.08468960504978895,9.779552253894508,0.0,17.520623495999143,1.0900723223249928,35.23087981753561,0.0,1231.4558267072705,171.65606412293707,218.19062860589807,136.29125560983914,16.57836864623707,nan,nan,nan,nan,nan
2013,68,0.0,-65.29136704559093,0.8620454446568693,-65.91504376946236,0.19739038575926565,,10.246810907498002,9.95692041143775,0.07583688851445913,9.88108352292329,0.0,6.082371236762718,0.7502403803531885,32.957521884731186,0.0,1102.383338813701,147.97848039871397,187.62620757007153,135.87422475255752,22.771562909261455,nan,nan,nan,nan,nan
2014,152,0.0,-66.11328345319166,12.71283269944177,-78.06683017321234,0.6802615496889752,,13.893905700184405,13.62206921260804,0.1678771572187543,13.454192055389285,0.0,31.932024482340058,6.668013981525664,39.03341508660615,0.0,2467.563899622985,312.219066439391,392.75829662397297,286.38497039406786,63.18471017871562,nan,nan,nan,nan,nan
2015,80,0.0,-65.16611023222822,3.328068569025065,-68.17502164621702,0.2814856039930997,,8.840192838571966,8.59413316566497,0.08875165414065123,8.50538151152432,0.0,9.870690519886804,2.048374203505874,34.087510823108516,0.0,1296.4257303454053,173.45447718554277,219.09996138746092,147.60688776474726,30.110033241655973,nan,nan,nan,nan,nan
2016,83,0.0,-62.971575098589796,3.8872776811957706,-66.51489386991723,0.31033747033093007,,12.72484097443521,12.455312182195485,0.09190692286938429,12.3634052593261,0.0,27.061325745061527,3.3441407955037925,33.257446934958615,0.0,1347.962760036594,182.85446744536912,230.28226691318702,148.46029058109937,19.06215247960284,nan,nan,nan,nan,nan
2017,69,0.0,-63.875772598388615,1.2319030517413945,-64.87331060964264,0.19797997510734114,,7.152241843752563,6.919574537314475,0.07656985986977816,6.843004677444696,0.0,2.402784062351118,0.7377324493699108,32.43665530482132,0.0,1118.8806079570993,142.68561377693308,179.85030087344083,132.13786530262522,32.41153215932438,nan,nan,nan,nan,nan
2018,720,57.946966960143286,203.45504398361214,171.0701364964902,37.90954524385042,5.1493537929705075,,39.010913813486695,38.77925624977797,0.7930087614804506,37.98624748829752,0.0,41.86625391260541,22.645954137865097,38.99219433821808,35.359435998218295,11582.399999999887,1212.1209886453894,1854.9719264735738,1337.562559013786,167.30953473504408,nan,nan,nan,nan,nan
2019,93,0.0,-77.46085014719107,2.754906484586581,-79.83062898814015,0.32897746697604024,23.940277099609375,12.135628398507833,11.558557402342558,0.10363019164651632,11.454927210696042,0.30241477210074663,11.030440028232569,1.7393501388773565,39.91531449407007,0.0,1504.3555789170266,213.94065775800192,274.0994403383262,167.985460689664,32.046877258043025,nan,nan,nan,nan,nan
2020,100,0.0,-67.25124417648102,5.68766259377656,-72.52710382889386,0.3615978440767506,,10.747147585265338,10.495548946782947,0.11200123745948076,10.383547709323466,0.0,17.49191882686858,3.8679984379730814,36.26355191444692,0.0,1624.5478189528258,207.78700979088146,260.26076618782446,195.68543906058272,43.513235046040734,nan,nan,nan,nan,nan
2021,194,0.0,-58.90213851535161,20.54990965962603,-78.43351573131945,0.9310255927448493,,15.055806813761592,14.803963909856975,0.21399784460663795,14.589966065250337,0.0,31.696920184938822,8.863059175275996,39.21675786565972,0.0,3161.0516626259546,406.64732227190586,507.48006249483177,355.89798188452846,47.4489491856635,nan,nan,nan,nan,nan
2022,67,0.0,-66.48732966867522,0.3852848571860118,-66.6708416409159,0.17243509642019136,,9.943334246985614,9.686128187924623,0.07449693698436022,9.611631250940263,0.0,3.1927222126854016,0.20834208952256725,33.335420820457955,0.0,1085.0426087532326,137.38442397834365,172.45441375086077,121.31259477654321,22.542224696828914,nan,nan,nan,nan,nan
2023,720,55.38582104294558,158.4648297902842,126.19102785112962,37.40411874721714,4.741938362806193,,42.6524837622419,42.372079010121524,0.7893299777060747,41.58274903241545,0.0,42.16472203013785,17.099971728484288,36.68376166933701,18.42241476064918,11587.31297564327,1456.1643997381177,2020.689467046661,1306.8139481277578,75.57654495538422,nan,nan,nan,nan,nan
2024,70,0.0,-60.52208826567845,2.298191740774169,-62.537311902101166,0.2454356117804083,,9.212278285063803,8.945251629687846,0.07778577972203493,8.86746584996581,0.0,10.81817548029555,2.1655217152426305,31.26865595105059,0.0,1136.1527239070879,154.8646609891056,193.9076089598576,139.99062552220082,11.841790827093266,nan,nan,nan,nan,nan
2025,69,0.0,-58.32098741174373,2.9628031979163483,-61.01472571926653,0.2334628187055017,,8.804658558219671,8.545634565874934,0.07680868450552225,8.468825881369412,0.0,14.869962965632256,1.9107518197664397,30.507362859633268,0.0,1119.8506920135314,144.95421923372834,181.18557935349043,138.750259829283,41.196127503613795,nan,nan,nan,nan,nan
2026,92,0.0,-74.54252035769369,2.9783805955085514,-77.16692153985376,0.30846294171150535,,10.882631869986653,10.637726766988635,0.1023410176858306,10.535385749302804,0.0,11.448911778519298,1.8829760886637785,38.58346076992688,0.0,1488.7416145394873,197.37822194401122,250.91098056021053,160.30600405047204,49.74607686228069,nan,nan,nan,nan,nan
2027,720,43.625862952226406,146.542483308617,129.3800683752326,22.221333051811243,4.675095201635326,18.23774528503418,44.945605852641165,44.292924099601805,0.7893065139651299,43.503617585636675,0.3860154217109084,42.25382179796554,18.110552221140317,32.51519642632079,12.893275883494534,11600.42073940184,1383.2883699334436,1965.715798617405,1377.5475572846037,120.83703960999078,nan,nan,nan,nan,nan
2028,720,40.45445528961656,128.35983869374257,117.77167940334684,15.430947445310892,4.452912474291374,,39.04793114494532,38.80740226712078,0.791196838952601,38.01620542816818,0.0,42.02770486450499,15.99363612199861,32.738981566961115,15.432245956052753,11599.625988193488,1472.9144929457686,1983.1498810843545,1355.0720486853006,207.52446015048508,nan,nan,nan,nan,nan
2029,67,0.0,-66.55196081361535,0.002210504839420947,-66.34399404831399,0.17800638595470397,,12.100979744456708,11.79632885567844,0.07416006550192833,11.72216879017651,0.0,0.26060621321726557,0.0038896449733920235,33.171997024157,0.0,1085.890409733656,144.5364950411453,182.88079073998486,108.13206890584351,4.841936652929356,nan,nan,nan,nan,nan
2030,101,0.0,-61.48612278684393,7.7044491191304525,-68.735430305367,0.4063007470517393,,11.273638935759664,11.020419336855412,0.11127785220742226,10.90914148464799,0.0,27.49644584861651,4.60334653658964,34.36771515268352,0.0,1637.4763016350691,206.98098557681473,259.7851139360596,193.70314379707202,31.789554720796147,nan,nan,nan,nan,nan
2031,88,0.0,-60.23841895504563,6.392624870175677,-66.22031965992701,0.3637122956287404,,9.761691857129335,9.515095826238394,0.09701919835060835,9.418076627887785,0.0,12.493577466700662,3.993532705569395,33.1101598299635,0.0,1426.3205232564978,188.02059904240593,237.75462702967334,171.47728989161135,38.8699241219571,nan,nan,nan,nan,nan
2032,135,0.0,-53.77002416027156,14.119839374665752,-67.15380407766031,0.6684602370782476,,13.354012687690556,13.075532209128141,0.14867394790053368,12.926858261227608,0.0,27.318146748496314,7.409278234712249,33.576902038830156,0.0,2187.8430201048322,289.8060768725876,362.7431552156366,242.528204840174,78.26076069646714,nan,nan,nan,nan,nan
2033,183,0.0,-54.25999932623617,19.85354017981109,-73.13659864369663,0.8759775949016811,,17.014141716994345,16.742736872285604,0.20178168639540672,16.540955185890198,0.0,30.1678032300512,8.83007269947792,36.568299321848286,0.0,2973.077534461822,393.06515313788515,491.41632564228416,356.7447462216696,72.17274221866242,nan,nan,nan,nan,nan
2034,98,0.0,-63.945946288939126,6.375217489509426,-69.87098561792588,0.39805289134114447,,10.565679457969964,10.296766298823059,0.10900991875678301,10.187756380066276,0.0,23.86944264077085,4.296294038026365,34.93549280896292,0.0,1593.3354284723364,217.72474190376752,273.31760213344563,177.42834906188614,34.64693076613438,nan,nan,nan,nan,nan
2035,210,0.0,-47.62650983787022,27.340753978503617,-73.72850686848999,1.124692038384099,17.0007381439209,17.373142411001027,16.851309733465314,0.23103822488337755,16.620271508581936,0.3230493674054742,31.554355072093905,9.506256533151591,36.864253434244986,0.0,3395.635825784482,447.31614590775416,566.7458105294799,397.5942543861574,60.919078547956865,nan,nan,nan,nan,nan
2036,683,0.0,23.43323000950582,94.04230712875228,-66.85316906395069,3.4233325582258862,,41.476541485637426,41.19600496161729,0.7537069786339998,40.44229798298329,0.0,40.2142789386002,13.48602571549976,33.42658453197533,0.0,11046.628205425077,1316.013381466604,1679.8397884604717,1287.9993310122045,92.29990720989412,nan,nan,nan,nan,nan
2037,149,0.0,-61.54018688787747,14.944769629884991,-75.75418559201587,0.6535485566691861,,14.531251818872988,14.261251969262958,0.16416316851973534,14.097088800743222,0.0,25.892659867530078,7.257820777384687,37.877092796007936,0.0,2424.6023498743903,302.3731060851257,376.5298662395866,284.2740136005633,24.176801831293382,nan,nan,nan,nan,nan
2038,65,0.0,-60.76544560151311,1.0279153583051486,-61.56438855091694,0.19588755703037514,,9.270169008523226,9.015577908605337,0.07208696287125349,8.943490945734084,0.0,5.477886330795687,0.6125003654331235,30.782194275458462,0.0,1055.2805527896946,140.4878598504377,177.44310855744376,127.92584005620057,20.911148721887606,nan,nan,nan,nan,nan
2039,89,0.0,-65.77985685948985,4.242551126924619,-69.64708819039453,0.32538131539321763,,10.447733629494905,10.194536811672151,0.09866246581077576,10.095874345861375,0.0,15.571312103481588,3.1052735105577156,34.82354409519727,0.0,1444.040054683175,189.7502013012604,238.97845212374554,173.0546636255283,36.96159724562726,nan,nan,nan,nan,nan
2040,72,0.0,-59.75491065721606,2.8937538102584224,-62.375508838838755,0.24086905309202872,,8.919634982943535,8.6567172287032,0.07991164270788431,8.576805585995317,0.0,16.15329022150212,2.2981270439612915,31.187754419419377,0.0,1167.3630086839062,148.3701287379141,185.61035315118264,121.75840618980237,66.62859387777054,nan,nan,nan,nan,nan
2041,103,0.0,-56.367448599867,8.192230929108916,-64.16939138622861,0.3471362955903176,,10.672334980219603,10.44404769781977,0.11371742468327284,10.330330273136497,0.0,28.146014412774207,5.475932864619089,32.084695693114305,0.0,1669.4369343627611,179.27846132009236,222.36008176040528,194.7973424612143,8.053728251294617,nan,nan,nan,nan,nan
2042,113,0.0,-59.21805929582104,9.488203654007465,-68.19605129021139,0.4617023545468056,,12.459788183681667,12.176310453563929,0.12490383069962263,12.051406622864306,0.0,27.226316848838913,5.852185748579123,34.098025645105686,0.0,1836.1479691230763,227.91646643684888,283.6898973858781,215.92341262781764,16.10829490729189,nan,nan,nan,nan,nan
2043,69,0.0,-67.59994480421393,0.42263346203376567,-67.80309255086053,0.18907728160255555,,9.810783063992858,9.554380936548114,0.07636227086186409,9.47801866568625,0.0,4.340918594754388,0.280148001681182,33.90154627543026,0.0,1117.5650103687742,145.19861110302966,183.51019993833907,115.81549407150828,22.64995877347705,nan,nan,nan,nan,nan
2044,80,0.0,-71.94877247702205,1.5657297346277892,-73.2349404430656,0.24094728512837407,,9.204389533028007,8.963526389561594,0.08850210346281528,8.875024286098778,0.0,4.648278606625293,1.0053625780398978,36.61747022153279,0.0,1294.7931322799698,170.72253637543741,215.54207212480617,152.91002599076313,39.77377927241095,nan,nan,nan,nan,nan
2045,720,55.776033372945655,165.6827744744416,130.16378806355502,40.68923395927108,4.760286994921908,16.639789581298828,42.547030224464834,41.8805553810671,0.7898048739880323,41.090750507079065,0.4089031219482422,42.26346334049137,17.90999564896892,35.43141639331013,14.335691745198167,11593.19391966589,1402.3717897608299,1988.142500678061,1377.3870845124115,102.42458408599414,nan,nan,nan,nan,nan
2046,126,0.0,-68.16691767776932,9.198687405743156,-76.77158650268282,0.5383117103543814,,12.569594918750226,12.303112840279937,0.14119485579431057,12.161917984485626,0.0,29.308481037648054,5.656437936985346,38.385793251341404,0.0,2041.358884282377,270.74512888124787,341.2640683594933,220.5642311484037,84.39794661394242,nan,nan,nan,nan,nan
2047,720,23.485539051279368,76.12599869216558,107.6495159926092,-27.141872061798082,4.024196775289199,,42.33522949181497,42.08715925272554,0.790261615999043,41.2968976367265,0.0,42.257642440276854,14.669975459779344,37.05647508217841,8.92580888647548,11614.437781348746,1420.5024332265864,1886.062600296469,1348.9444644204607,129.71045657822032,nan,nan,nan,nan,nan
2048,78,0.0,-73.7252268717569,0.4239313768750444,-73.88725842459672,0.22228310660729203,,12.920797612518072,12.63598646223545,0.0866912929341197,12.549295169301331,0.0,1.6337011141223272,0.31888177593007927,36.943629212298355,0.0,1262.8225810281494,173.96806295220046,220.01435076064723,143.8090126716749,21.004446254490432,nan,nan,nan,nan,nan
2049,720,36.43949838922565,124.87225084337128,130.16484918420804,-0.44255102375973365,4.490049344308673,11.291055679321289,44.148573719896376,43.560214603319764,0.7894494878128171,42.77076511550695,0.3261670097708702,42.25135260475761,18.333100783621056,36.6607739011055,8.910888513801876,11609.279640986204,1336.6989844492678,1898.0042139760974,1315.8924444610095,199.2459016578819,nan,nan,nan,nan,nan
2050,94,0.0,-65.78995386541122,5.042129480987635,-70.46248142088523,0.3329938713576545,,11.235314302146435,10.998704492114484,0.10921031702309847,10.889494175091386,0.0,15.887332240827963,3.2759883535784105,35.23124071044261,0.0,1524.5112826434743,191.5837013586402,240.25349709328506,163.0058328095589,18.33083537677733,nan,nan,nan,nan,nan
2051,77,0.0,-66.41057336005659,2.2094725179860095,-68.34772889275762,0.2339400302762463,,10.111464129760861,9.859342998825014,0.08587557543069124,9.773467423394322,0.0,8.957343329180363,1.7691406025364798,34.17386444637881,0.0,1248.347679133389,156.81771285823424,196.72172153376832,150.2895852442688,30.351503536633217,nan,nan,nan,nan,nan
2052,720,53.45741381244026,195.36294896150426,173.22049846271275,27.966624587891758,5.435743907171211,,42.7091623917222,42.435632303357124,0.7881806027144194,41.647451700642705,0.0,42.18150198585672,23.64671501989624,39.47410151849438,34.91380689454737,11582.399999999905,1272.1369488709645,1929.6347399974572,1354.3198710965532,47.41525257754791,nan,nan,nan,nan,nan
2053,111,0.0,-62.83692225627241,8.864489794788138,-71.1024190750908,0.5302565646296119,,10.477077418006957,10.22838451527059,0.1224385891109705,10.10594592615962,0.0,29.665408140503487,5.7079845349218425,35.55120953754539,0.0,1806.1908814698697,257.29143975740203,323.2188201211171,217.35815873242112,88.03274592055375,nan,nan,nan,nan,nan
2054,77,0.0,-63.406440545342264,2.670122311656915,-65.78255937734622,0.2533229676260773,,9.316617773845792,9.043615716509521,0.08548408653587103,8.95813162997365,0.0,8.013160697474783,1.9275265906028909,32.89127968867311,0.0,1247.9228511261379,160.64632566021118,202.9361970391698,145.05477302966676,44.57183300638642,nan,nan,nan,nan,nan
2055,87,0.0,-65.02704466401605,4.334356044230138,-68.99098837968799,0.32622119694515345,,9.184868599288166,8.937472091056406,0.09605359751731157,8.841418493539095,0.0,15.617889264936196,3.1516150880791227,34.495494189843996,0.0,1410.411649195698,188.59830025900976,235.99763448122388,153.17911999992597,24.64243228292069,nan,nan,nan,nan,nan
2056,101,0.0,-69.5858383601325,5.75788162469639,-74.86893035160645,0.410999015831382,,10.969197719357908,10.720646170899272,0.11210208479315042,10.608544086106122,0.0,13.549849122862716,3.704946761991491,37.43446517580322,0.0,1634.4328357901,229.5018038203338,292.4309515062589,191.40399601494548,72.71663281449854,nan,nan,nan,nan,nan
2057,74,0.0,-55.46396652636362,4.870184511711893,-60.027784151568056,0.2787054906848008,,7.412844497710466,7.187064048834145,0.08233428373932838,7.104729765094817,0.0,15.573872860523357,3.3947722122180624,30.01389207578403,0.0,1199.8892914781418,151.19110487509022,188.87114510230685,134.27161239949444,29.316914151884347,nan,nan,nan,nan,nan
2058,69,0.0,-59.29801673245436,2.5845757241139173,-61.64005286591631,0.2110890886451827,,8.963171621784568,8.707494537346065,0.07686454337090254,8.630629993975163,0.0,4.314662261189569,2.002789798950506,30.82002643295816,0.0,1118.8432166959158,134.7461199109164,168.4202203720904,133.28727781841718,31.437961064614658,nan,nan,nan,nan,nan
2059,130,0.0,-62.48816814859329,12.546323649431399,-74.41060044114643,0.5553211014133927,40.2490119934082,15.203277410008013,14.613557765260339,0.14395813830196857,14.46959962695837,0.3209454882889986,17.809237231664614,6.372658062322399,37.20530022057321,0.0,2110.032887619909,269.69261134444923,340.7702663339612,249.04615053538745,64.50158549410384,nan,nan,nan,nan,nan
2060,96,0.0,-66.47406219819337,5.439640896177339,-71.51041069246598,0.35443548824634424,,12.021922159940004,11.7402723710984,0.10974521469324827,11.630527156405151,0.0,19.860508743033144,3.5775003357791264,35.755205346232984,0.0,1555.5959835207116,204.4563266202569,257.2839127700529,182.65370840849653,56.56971185454866,nan,nan,nan,nan,nan
2061,720,62.726386792399914,201.39477941524166,142.84235832339067,63.71014546661233,4.79616590067543,,43.16928047686815,42.88416364323348,0.7878179000690579,42.09634574316442,0.0,42.18191501236325,19.788819589389423,30.871314059093734,9.15087253822934,11607.77263684331,1357.6158588230576,1917.5042937304195,1286.8783621279354,34.77400794143044,nan,nan,nan,nan,nan
2062,130,0.0,-68.51503273599877,11.53597984476743,-79.43046672765755,0.5565551886388922,,11.269796582870185,11.030465172603726,0.14299681317061186,10.887468359433115,0.0,22.632336728175776,5.47507815586554,39.71523336382877,0.0,2106.01165667369,262.4860364601507,334.2675087676057,243.14283503688787,54.207151296076916,nan,nan,nan,nan,nan
2063,74,0.0,-60.02661575421806,3.443164829851927,-63.12939319581501,0.29664023136159723,,9.013003489933908,8.721730505116284,0.08196313306689262,8.639767372049391,0.0,8.899478495128339,2.7934033139099945,31.564696597907506,0.0,1199.5886122269753,175.5732834459005,223.19499293606987,123.04508884740301,18.316327034877553,nan,nan,nan,nan,nan
2064,108,0.0,-71.309009127117,6.378310044001322,-77.16908318561455,0.45864464581829534,,11.81696899421513,11.558096616528928,0.11973107792437077,11.438365538604558,0.0,25.586023515408137,4.115851963422971,38.584541592807284,0.0,1751.7744216727149,245.8579889176324,310.77347948323296,199.95456763729084,40.26449520169743,nan,nan,nan,nan,nan
2065,720,68.75076288718046,208.4022560678532,143.44347038381258,70.66901246732388,5.29944616101721,10.349356651306152,41.299412954598665,40.68366486020386,0.7896900055930018,39.89397485461086,0.3607810689136386,42.26172846695492,19.876463518697882,33.416256653518516,15.40644384561222,11593.848025140433,1450.722153121049,2064.5272979696483,1318.4987311908192,169.2026995903379,nan,nan,nan,nan,nan
2066,63,0.0,-61.0378349001103,1.0053615657404034,-61.857908233325276,0.16173113659846008,,8.014586855657399,7.756205325014889,0.07076102867722511,7.685444296337664,0.0,2.867832925975903,0.6909948638604496,30.928954116662645,0.0,1021.5016831374015,120.82697094057485,149.01085219259244,121.15682315942885,28.536683355367376,nan,nan,nan,nan,nan
2067,114,0.0,-51.83215219293498,11.288663290875721,-62.56198591627637,0.5063045190001544,,11.586867726407945,11.338783714920282,0.1282182838767767,11.210565431043506,0.0,24.049233054170998,7.539435852491942,31.280992958138192,0.0,1863.1951148669532,238.57410536292028,295.57302834964486,206.37091453771117,50.34993302977295,nan,nan,nan,nan,nan
2068,86,0.0,-58.16240426777095,6.095162188425206,-63.82326466086287,0.38589198713754347,,9.445940646342933,9.190013234503567,0.09577122796326876,9.094242006540298,0.0,19.12084011206465,4.279782241042706,31.911632330431438,0.0,1394.0093368187834,200.61680926761738,252.55327519571475,165.38646691385875,90.86216656824415,nan,nan,nan,nan,nan
2069,720,51.6205792208022,149.33614822912824,125.73239872770736,28.3767327697265,4.404891466064068,,40.97249702271074,40.725238400511444,0.7884065825492144,39.93683181796223,0.0,42.233573044550816,16.900132083477487,37.43221283593895,15.110161961128846,11590.260211065262,1375.2896134975297,1907.3618167785903,1357.4086175654456,177.13249099538143,nan,nan,nan,nan,nan
2070,59,0.0,-60.75255317845125,0.4273294028173641,-60.98884112987388,0.16106114171813501,,8.318479302339256,8.059202251955867,0.06569794565439224,7.993504306301475,0.0,1.904147816023858,0.30430369634743154,30.49442056493694,0.0,956.3517464117382,124.6050349880243,157.00253758529746,114.81939037183515,28.654424482472745,nan,nan,nan,nan,nan
2071,75,0.0,-66.82321390758376,1.6807987347410032,-68.2247980359317,0.24191236360565274,,10.329546839930117,10.058813304640353,0.08359942212700844,9.975213882513344,0.0,9.97681573392524,1.0677757092746383,34.11239901796585,0.0,1215.6380952241404,166.0772341902194,209.84709192600351,136.21637065104932,58.432103866157235,nan,nan,nan,nan,nan
2072,90,0.0,-69.48252351715445,3.989908416690873,-73.09361859678411,0.3298590285317348,,11.003157198429108,10.733476451598108,0.10026754904538393,10.633208902552724,0.0,12.699944798862644,2.5362634543083877,36.54680929839205,0.0,1458.0816021894273,197.8098187302623,251.91101499610235,164.38998065713858,72.10374675756114,nan,nan,nan,nan,nan
2073,130,0.0,-65.73721844796783,10.614910559027722,-75.78892129176131,0.5088752998271517,,13.39839415345341,13.145382842049003,0.14360233023762703,13.001780511811376,0.0,17.44758693867488,5.822870002426985,37.894460645880656,0.0,2105.5633091378163,255.89132225586596,323.657498905888,228.93521509971865,66.17140704227887,nan,nan,nan,nan,nan
2074,111,0.0,-64.07394327277636,8.664013421487212,-72.22378766031005,0.4600599098097984,18.878955841064453,10.679654620587826,10.143329887650907,0.12262698356062174,10.020702904090285,0.300900062546134,25.593214299767954,5.085910110902162,36.11189383015503,0.0,1799.5678043217474,234.75680407571977,296.514689790213,191.00070187260434,74.88151101691983,nan,nan,nan,nan,nan
2075,720,39.50019437629649,133.91567879198195,135.20690936551645,3.641399970507777,4.574038472085277,,37.53617854882032,37.312165666371584,0.7894278038293123,36.52273786254227,0.0,42.263685318690605,18.898537821588736,37.6794943910426,16.250849875106262,11586.368375352351,1346.0436250976559,1925.1210966692508,1303.3975904987294,180.84353109364946,nan,nan,nan,nan,nan
2076,65,0.0,-62.755981027943136,0.9705055117780744,-63.50081023106612,0.19006317511097778,,7.588669067248702,7.343331486918032,0.07238235604017973,7.270949130877852,0.0,3.84776293222906,0.692309716212225,31.750405115533063,0.0,1053.3993917897687,141.977616569174,177.91303440496182,119.02560375438793,28.770674595966987,nan,nan,nan,nan,nan
2077,720,67.54313767961871,196.31018434723853,146.41525566931574,55.12605711437868,4.881664042606071,5.8709187507629395,40.19210036005825,39.64385807514191,0.786434842273593,38.857423232868314,0.3030042424798012,42.25372442786743,19.86189907294736,39.98010912242936,14.978902857266371,11591.236764328813,1344.9995801361279,1929.1087910147328,1290.3633636461384,122.53708068754835,nan,nan,nan,nan,nan
2078,720,41.72187993094278,137.72596469055802,139.0627265529646,3.7763005165927552,4.728621099258018,,39.533404999412596,39.29007441550493,0.7906142761930823,38.49946013931185,0.0,42.19718169807353,19.213241789401064,39.8337296726464,26.044249804939685,11582.399999999912,1335.2096761970868,1925.1235448967277,1345.1881080470066,99.74187398800366,nan,nan,nan,nan,nan
2079,720,50.520295723239826,172.09182181671565,151.06404207579874,26.429518853525593,5.026554738031827,0.5101525783538818,42.32758074440062,41.75708664394915,0.7855132268741727,40.97157341707498,0.3078315630555153,42.26384040615713,21.075754523059054,37.30553629647703,24.959852773957177,11582.400003123772,1309.0584118977395,1936.0012993716116,1329.8780848229571,90.83296087852106,nan,nan,nan,nan,nan
2080,119,0.0,-63.0002301615808,9.470032368603139,-71.88846315037932,0.5228459353404513,,12.072009197436273,11.826727631501853,0.13315843045711517,11.693569201044738,0.0,21.17850798586913,5.905272807219583,35.94423157518967,0.0,1931.416938155737,258.4733958556534,323.92283316087327,222.38045127680735,59.31570665964059,nan,nan,nan,nan,nan
2081,720,49.66287413717366,139.25422206609184,122.35033682451794,21.965123710908983,4.664567016054448,,42.25543263927102,41.9981389362365,0.7886728215962648,41.209466114640236,0.0,42.197221215952936,17.25656284508504,38.68031228171917,14.439980405920256,11598.574004732835,1417.0724736394257,2007.9737921547737,1309.80163125549,78.88228102242691,nan,nan,nan,nan,nan
2082,82,0.0,-59.11710559003821,4.753055951019204,-63.53508693593753,0.3030109677289409,,10.196775349788368,9.939017391763628,0.0904854666441679,9.84853192511946,0.0,16.720956568514065,3.995549896580085,31.76754346796876,0.0,1334.6662318810907,163.63614252648082,204.12559553297302,139.75630373607575,75.54230480967522,nan,nan,nan,nan,nan
2083,720,64.27165337621751,187.03806536068953,136.33181389312242,55.990381919114554,4.91108494729943,19.02784538269043,39.456646081991494,38.856418806128204,0.7880832822993398,38.068335523828864,0.3427840396761894,42.263461523838124,18.67496206187669,36.27646241666022,11.600395506575149,11618.676880563282,1429.4883787086267,1991.1302122566879,1276.693907046405,74.24239854205159,nan,nan,nan,nan,nan
2084,171,0.0,-47.030840681539885,21.754516185835264,-67.81525307538871,0.8778694256103603,,14.664322045631707,14.420242343097925,0.19049607124179602,14.22974627185613,0.0,29.251892017966707,9.147062591809972,33.90762653769436,0.0,2775.277182548421,363.4416073964641,454.68834269345854,348.5398638706047,57.168277433783395,nan,nan,nan,nan,nan
2085,720,36.82153382441601,122.59121993281748,120.70685883176856,6.6655213561516575,4.3945627031448895,,39.98422935977578,39.72588311135769,0.7884150203317404,38.93746809102595,0.0,42.26354389540354,16.050925586509987,33.48877314634018,14.086798547219939,11588.433573386434,1408.126473819244,1945.1270093697276,1363.5518088307867,44.10995787921603,nan,nan,nan,nan,nan
2086,720,51.8665138927694,150.93995451175275,130.39739593202802,25.49031950093361,4.571138575754541,6.008265495300293,43.519192350097,42.914304085075855,0.7906619198620319,42.12364216521382,0.3392726266756654,42.25271211056992,18.301824321876953,39.12135414230259,15.855805873186574,11590.190427819729,1354.267059621607,1937.2424399990666,1331.0500623862893,228.4535704974933,nan,nan,nan,nan,nan
2087,62,0.0,-62.3371567419009,0.3235307757709229,-62.443047051389385,0.18292249219589365,,8.593645555898547,8.325700688175857,0.06917632091790438,8.256524367257953,0.0,1.3845358984686542,0.26111331213580313,31.2215235256947,0.0,1005.3937926744918,143.31918519612915,180.31428783263598,112.76499144738064,46.64402231193416,nan,nan,nan,nan,nan
2088,720,40.72297243071999,127.79837271758427,120.65491446587474,11.86500589241686,4.337382320530069,,40.11161782499403,39.84633387438953,0.7877806639298797,39.05855321045965,0.0,42.21872171850317,16.33968687801764,34.790469484511576,13.843293144201004,11603.818681096094,1408.5301403104677,1934.2003353692278,1384.5157242019611,68.94701007378238,nan,nan,nan,nan,nan
2089,83,0.0,-69.16309502641175,2.3177505705433643,-71.14338458447193,0.2934280117019841,,10.149113995023072,9.88948689121753,0.09156167134642601,9.797925219871104,0.0,22.40855380712146,1.887361627837313,35.57169229223596,0.0,1346.469449719377,188.6479901464857,238.09826265142246,144.92126128667203,39.5738583517585,nan,nan,nan,nan,nan
2090,83,0.0,-69.62647581330428,2.5996680532336356,-71.90308776124073,0.2771286383880031,,10.526509183458984,10.25679000839591,0.09158616792410612,10.165203840471804,0.0,11.824100957339173,1.8014798973326687,35.95154388062036,0.0,1344.6539244066323,185.19832322876238,234.16055018178818,155.58396089829063,63.37420676160128,nan,nan,nan,nan,nan
2091,720,70.15735817859317,206.2804286209058,141.7993588686188,69.58495332306327,4.713905700996041,11.658169746398926,40.4623935315758,39.865051444619894,0.7869633389636874,39.07808810565621,0.34945095516741276,40.50704465362188,18.551882721892103,35.364881517061534,15.786900087690567,11590.707923372102,1339.2620717769685,1904.3674651219374,1418.8413247081012,108.95755266089785,nan,nan,nan,nan,nan
2092,90,0.0,-56.96770742790717,6.674209487233479,-63.22157252201876,0.3782588162940487,,9.767669097520411,9.51595954503864,0.10111361835151911,9.414845926687121,0.0,25.203286720792008,4.9187505972814485,31.610786261009387,0.0,1463.9171966960303,191.18412946428347,237.754683140113,168.90768037093616,72.17768687954728,nan,nan,nan,nan,nan
2093,69,0.0,-63.96292179096936,1.45060372208662,-65.18274026338207,0.19854579676609338,,7.935870467685163,7.694120419211686,0.07703717146068811,7.6170832477509975,0.0,3.314645891198194,1.0481972281540066,32.59137013169103,0.0,1117.6023840512887,140.67381312166825,176.08473864105838,134.34380072341946,37.226911403207865,nan,nan,nan,nan,nan
2094,78,0.0,-58.70366260462548,3.9156153365014656,-62.289851527274934,0.29064242911504673,,12.14043340086937,11.859421546570957,0.08716200664639473,11.772259539924562,0.0,17.44511816290691,3.3471449677285605,31.14492576363747,0.0,1267.7381479913079,169.86486522757093,212.65527219452116,130.95220792555668,44.16808082201798,nan,nan,nan,nan,nan
2095,85,0.0,-69.56032713173425,3.2424106966684185,-72.45406123283237,0.30679883334788965,,9.820745487697423,9.558327302336693,0.09412890113890171,9.464198401197791,0.0,16.418810247483094,2.3023601795650093,36.22703061641617,0.0,1376.7939064309946,188.83169075552203,240.2008714285629,134.66215116075355,28.88803868877446,nan,nan,nan,nan,nan
2096,72,0.0,-59.221716306328474,3.208127040595432,-62.109726766539275,0.2784626520291351,,10.187152313068509,9.915617539547384,0.07971479650586843,9.835902743041515,0.0,8.65374130883038,2.787896822917101,31.054863383269637,0.0,1168.1134039374665,168.55376253065742,211.45646460968496,138.3823349761061,43.19703171864088,nan,nan,nan,nan,nan
2097,82,0.0,-70.64172910938214,1.849046266296103,-72.19623943411986,0.2540843267470903,,11.12514831777662,10.846099054440856,0.09069458581507206,10.755404468625784,0.0,5.595923878802847,1.2928982835301788,36.09811971705992,0.0,1328.5120739638223,175.80016242040557,221.71527262549523,145.4567345592001,31.391454465708467,nan,nan,nan,nan,nan
2098,96,0.0,-75.2730074870419,3.642010387705241,-78.56003421254889,0.3074226492680367,,9.95757662691176,9.719409637153149,0.1059472244232893,9.61346241272986,0.0,14.029205322550473,2.088378009303461,39.28001710627444,0.0,1552.8740455660775,193.98118332530746,246.25142480117577,181.82128011685592,58.9044244403186,nan,nan,nan,nan,nan
2099,81,0.0,-68.72949785532379,2.3799453128775796,-70.80438120854187,0.26257321845012044,,11.914398676715791,11.632723079062998,0.08977491781115532,11.542948161251843,0.0,8.771549640475408,1.7142786654109248,35.402190604270935,0.0,1313.0181839878328,175.54608005432192,221.656525267608,169.75117680214638,19.416348937326802,nan,nan,nan,nan,nan
2100,82,0.0,-75.52183552318279,0.9985519706790711,-76.26141825452048,0.22358978400787857,,10.110340993851423,9.835014203563333,0.09060475509613752,9.744409448467195,0.0,6.028948178869442,0.6760872372436084,38.130709127260246,0.0,1326.8851980911484,165.5904437995443,209.91431953733064,140.32010741315187,64.36674097047141,nan,nan,nan,nan,nan
2101,152,0.0,-50.78007407106226,17.477268588724346,-67.36694415676646,0.8097462143343027,,15.407484085299075,15.169151481240988,0.167338359169662,15.001813122071326,0.0,29.442259997999745,8.733333341127477,33.68347207838323,0.0,2476.3927912066565,339.87113215012647,424.741105308402,280.7939611147595,68.7143850465427,nan,nan,nan,nan,nan
2102,92,0.0,-78.41402469777319,1.7809972493878201,-79.87191829189024,0.2773127100840519,,11.472452693618834,11.202272102236748,0.10170568898320198,11.100566413253546,0.0,5.123400502768656,1.1463885640630993,39.93595914594511,0.0,1488.5225817997768,197.68794670269392,250.1438531995977,166.52577759508048,32.49045943630281,nan,nan,nan,nan,nan
2103,122,0.0,-65.02511678815455,9.33689868790758,-73.80291460682699,0.4990121618053825,,13.968148220330477,13.707653402350843,0.1348860189318657,13.572767383418977,0.0,22.903447289270808,5.6786749924828195,36.90145730341349,0.0,1982.4422747794158,256.10057289913465,322.1976951553393,214.85727878963323,84.00025269840943,nan,nan,nan,nan,nan
2104,123,0.0,-70.72029966686296,9.242440238093687,-79.38060241785635,0.5225044695068424,,11.92293050326407,11.679485522210598,0.1358003243803978,11.5436851978302,0.0,11.974572706128345,4.828552373252178,39.69030120892818,0.0,1990.0757393592828,259.80394212602573,330.7956088891995,215.73055283002668,15.650151543608402,nan,nan,nan,nan,nan
2105,117,0.0,-66.0253604144187,8.635330047509123,-74.08462840415237,0.5160979641015516,,11.502346623688936,11.254052967764437,0.12961149867624044,11.124441469088197,0.0,26.725471790933373,5.380119213831284,37.04231420207618,0.0,1902.5477110772285,262.78493852123376,330.3322247590959,214.65717479693961,65.63403874356695,nan,nan,nan,nan,nan
2106,720,50.38389660652874,151.7796919601658,124.13582073307258,32.358518461719385,4.341845215848528,38.7807502746582,39.69180291891098,39.023112727329135,0.7887670425698161,38.23434568475932,0.41529547329992056,41.506654882590205,17.076367903875706,34.204637375669044,17.521943346049827,11588.957450431832,1354.9944932604571,1885.4398819632545,1335.626929747004,38.001711410295364,nan,nan,nan,nan,nan
2107,720,48.025500044120804,162.98415291920722,135.26213830177772,32.594842085574726,4.515083415499081,,42.1504939859733,41.8705120626837,0.7914002360776067,41.079111826606095,0.0,42.25371125044902,18.931061059857825,31.728079001333438,12.844440116518822,11600.610248407533,1317.460397311151,1863.7293546126953,1358.0700381529678,98.47835947978866,nan,nan,nan,nan,nan
2108,162,0.0,-49.604383543186636,21.275710374187913,-69.95145018352416,0.8553199555460902,,13.606899851001799,13.36560644209385,0.17837916780263186,13.187227274291217,0.0,26.13036942483089,8.429658285772792,34.97572509176207,0.0,2616.784937568259,334.88615210524546,427.34790402468144,273.06340265007145,50.191951089764686,nan,nan,nan,nan,nan
2109,63,0.0,-60.13823138219396,1.4158685428382394,-61.29480548652349,0.22004079186231734,,9.663239383138716,9.377635431475937,0.06968166492879391,9.307953766547143,0.0,4.3354207259004935,1.2624861163505083,30.647402743261747,0.0,1021.698689705205,153.3167286612433,193.59615588001836,115.27210234533727,9.637133765202721,nan,nan,nan,nan,nan
2110,76,0.0,-62.24863894866991,3.0052565312263475,-64.9989003567437,0.22198887470261403,,10.201825698837638,9.943160576745868,0.08465273771435022,9.858507839031518,0.0,8.207075313561697,2.0530262897781504,32.49945017837184,0.0,1232.789623545235,143.03227609295925,179.64259710486576,137.92372558760704,53.97619656377744,nan,nan,nan,nan,nan
2111,82,0.0,-59.87998619692734,4.9494457910558,-64.45172536928676,0.3379084179256236,,9.585577929392457,9.328464024700224,0.09115102980285883,9.237312994897366,0.0,15.57670736505796,3.596860805915206,32.22586268464339,0.0,1329.0952108361175,184.7515929426961,234.20526800114627,135.29039222273994,67.15344144263531,nan,nan,nan,nan,nan
2112,88,0.0,-76.88398938682144,1.1516690727839185,-77.77015475855477,0.2310035488542978,,10.806800607591867,10.549901832826436,0.09796326514333487,10.4519385676831,0.0,7.261156397975087,0.6440736840584841,38.8850773792774,0.0,1424.9206504903327,170.2151550692101,216.41779237345133,151.49033629072565,57.129469396709084,nan,nan,nan,nan,nan
2113,103,0.0,-63.224875422858204,6.8445388993110114,-69.64500049442634,0.3833875349561826,,12.030561907216907,11.759631430730224,0.11477568373084068,11.644855746999383,0.0,18.69743411706956,4.749263908545785,34.82250024721316,0.0,1673.7963460865099,207.65551305234862,259.281610735573,168.9383283787853,55.6297346124228,nan,nan,nan,nan,nan
2114,81,0.0,-56.15184648727301,5.449080733428761,-61.2352078313028,0.3202289762445124,,8.973286517895758,8.722260454669595,0.090300427749753,8.631960026919842,0.0,17.275250357771522,4.014843726862685,30.617603915651394,0.0,1314.0956646179159,178.0539016069972,224.06862084140005,143.21430878271227,66.54767579527037,nan,nan,nan,nan,nan
2115,720,48.581919799137594,139.29174328638194,125.67510770461071,18.47344229738883,4.490872795741012,5.486293315887451,38.83507851045579,38.19499115087092,0.7913017710670829,37.403689379803836,0.40445665922015905,42.250034269765976,16.761566742529318,39.34519865044318,18.588239951279466,11584.25782755099,1364.5293124122738,1938.6191713113826,1341.9839420229998,153.35179444446825,nan,nan,nan,nan,nan
2116,114,0.0,-65.71013724988293,8.466083370640295,-73.65479784327545,0.46389905237155316,,11.582233930937946,11.324718339368701,0.12816417962312698,11.196554159745574,0.0,23.295570477585674,4.963488206419038,36.82739892163773,0.0,1845.4153039080497,232.85662376276096,293.09109703615053,217.03191133410743,12.20842296149557,nan,nan,nan,nan,nan
2117,69,0.0,-62.66462159714956,1.7034078755194695,-64.10593063962759,0.22173688583094073,,8.248633687384427,8.00921043381095,0.07724207546561956,7.93196835834533,0.0,11.781434497202662,1.4103093299981762,32.0529653198138,0.0,1119.7521155887005,150.12105814591737,189.5743490373074,134.86068880281363,17.918284029688806,nan,nan,nan,nan,nan
2118,171,0.0,-51.476899488814425,18.58076956753102,-69.15224395081354,0.8055268248261925,,13.725918328389525,13.490184426307678,0.18905197456479073,13.301132451742887,0.0,30.845717252758053,9.019880981197074,34.57612197540678,0.0,2782.0085442682725,361.5828196028421,452.7155932717447,316.231858453496,33.964807483880016,nan,nan,nan,nan,nan
2119,720,52.32785442097503,163.4756019471624,129.89462918788772,38.525235574520536,4.572987414335946,,43.992295681498945,43.71872023586184,0.7900532996281981,42.92866693623364,0.0,41.536681478933474,17.317309543963376,33.065236633714754,9.515563061918227,11631.723717382316,1391.6128162803375,1915.1222588915784,1325.638860927633,142.14582627513147,nan,nan,nan,nan,nan
2120,72,0.0,-60.623634009219344,2.920478472573074,-63.23712405279892,0.2663880885744594,,7.9308186853304505,7.685223927721381,0.07984393369406462,7.605379994027317,0.0,10.187452044731048,2.0308137177771393,31.61856202639946,0.0,1167.152036217194,158.73586986619244,201.38039597452502,133.60717071289375,27.386145721819933,nan,nan,nan,nan,nan
2121,98,0.0,-76.28435138460723,3.298653125119709,-79.17500177464872,0.35568728921281034,,9.953196125105023,9.720910766161978,0.10836178995668888,9.61254897620529,0.0,21.86364854908558,2.6015478413977333,39.587500887324374,0.0,1587.4541374905973,220.06464318112273,279.7937566259029,177.26313282253594,80.46227988049392,nan,nan,nan,nan,nan
2122,82,0.0,-54.467007778449386,6.106603984216676,-60.227171842853366,0.31416152208505116,,9.328012282960117,9.076583457179368,0.09097062051296234,8.985612836666405,0.0,15.915200629102486,4.778790635482035,30.113585921426683,0.0,1333.5810670453523,161.6179629271786,200.71751241548907,150.72655327092758,57.83710083378871,nan,nan,nan,nan,nan
2123,720,45.28317511723457,147.6608929540223,134.79788976254758,17.834472100049453,4.616680224318378,14.297423362731934,42.226103994995356,41.620543114840984,0.791341315023601,40.82920179981738,0.37673515174537897,42.263632492742,18.929832379740635,36.36593906720985,11.531389715597845,11604.035026376698,1333.7148322982903,1897.4632633334493,1325.0926313189693,200.03588542867615,nan,nan,nan,nan,nan
2124,720,34.98201858047945,99.45737358180676,112.11982192542675,-7.92109414048673,4.339316715277021,,43.416868256404996,43.17960489727557,0.7871058443561196,42.39249905291945,0.0,42.2424129929901,15.288304241558944,38.94256565072281,14.912555148444294,11595.264353399762,1450.2183135888101,1956.7090342557563,1293.3228730686667,266.1303314654088,nan,nan,nan,nan,nan
2125,105,0.0,-57.11847073480623,9.732265904268928,-66.25391160282399,0.5300078560225158,,14.01080299448222,13.729335986077785,0.11568878591060638,13.613647200167179,0.0,14.712936539180744,5.531964828740288,33.126955801412,0.0,1699.5472825209242,239.80930475044914,305.1187781423493,201.86278746411568,102.85182547839001,nan,nan,nan,nan,nan
2126,720,34.08946098139446,121.22250058250415,122.68281525104578,3.196297332125326,4.31747079425125,3.572014331817627,44.27405027486384,43.68139039631933,0.7882404746487737,42.893149921670556,0.326000664383173,42.26370342823141,16.754454868678497,32.4913123153318,17.269867263527303,11586.488658235778,1352.5443368603646,1894.8647280312598,1290.679781498348,166.93495055956427,nan,nan,nan,nan,nan
2127,101,0.0,-70.4448737128382,5.511495369466003,-75.49053605088903,0.4146300209777645,,10.795154836960137,10.54452437069267,0.11330885626375675,10.431215514428914,0.0,30.141518056775638,3.96650788624115,37.745268025444524,0.0,1637.8672732335037,225.65516920032425,285.96354383008816,173.26722332480495,79.2525897167574,nan,nan,nan,nan,nan
2128,720,49.32958059734449,147.67569156792626,127.24832123794185,25.299919896710833,4.512793821508647,,43.676154697313905,43.42634929344058,0.7898280834779143,42.636521209962666,0.0,42.26350046102925,17.817226973576314,36.679620648989086,13.212033824898423,11606.51637089843,1380.371198430628,1926.518083446778,1278.0210285098212,265.7574519954425,nan,nan,nan,nan,nan
2129,95,0.0,-61.587092494085894,7.145045602034613,-68.26697453446255,0.4119951790720869,,12.803918899968266,12.524514462798834,0.10497082304209471,12.41954363975674,0.0,15.174846716220744,4.286391586024132,34.13348726723127,0.0,1536.1524850891349,214.13329978387281,271.6262028959912,185.19468957078564,80.5567867516209,nan,nan,nan,nan,nan
2130,73,0.0,-56.53493877321752,3.875219658718257,-60.07237164998767,0.29616551820030895,,10.503882875666022,10.23870340269059,0.08101630676537752,10.157687095925212,0.0,13.606413360528332,3.4979736597169317,30.03618582499384,0.0,1185.6492765176924,168.07520075608832,211.58462503100685,131.96482053601775,8.220298701702891,nan,nan,nan,nan,nan
2131,111,0.0,-56.126150449951595,10.187657621314784,-65.83129161543799,0.43268184613544997,,10.99837446026504,10.745028676465154,0.12281451746821404,10.62221415899694,0.0,28.291192823167442,6.064939261673218,32.915645807719,0.0,1802.3799030651157,206.67331104311322,257.67839028629845,196.3384809266934,5.2645216916922335,nan,nan,nan,nan,nan
2132,103,0.0,-74.04084934385199,4.749084423803761,-78.35887905674643,0.3770748840859552,,10.733009217306972,10.50105724669993,0.11396230570971966,10.38709494099021,0.0,16.17194578445182,3.129862685380136,39.179439528373216,0.0,1666.2968108138211,223.87816711511138,284.64841185262515,187.91360928704043,49.13808484225598,nan,nan,nan,nan,nan
2133,81,0.0,-67.92682369827668,2.8045206207646434,-70.42945124909956,0.2639576364399285,,8.668720196001232,8.427886148914695,0.08968694694340229,8.338199201971292,0.0,27.898121277712974,2.2007240221432824,35.21472562454978,0.0,1313.3975614065919,168.97776885864997,213.00543370649405,141.8648607122966,39.96668168429146,nan,nan,nan,nan,nan
2134,131,0.0,-66.1445995743012,10.085642505821026,-75.63340857284653,0.5323311879422882,,12.198937927372754,11.967104158364236,0.14476230554282665,11.82234185282141,0.0,28.02843215494113,5.713905366929387,37.81670428642327,0.0,2121.058510558395,270.6356784746892,343.66928199261446,226.11661699794675,58.229077712966195,nan,nan,nan,nan,nan
2135,72,0.0,-64.93538578389851,1.4451125868756287,-66.1172470611229,0.22941170522680698,19.32977867126465,8.707517591305077,8.159988719038665,0.07994252350181341,8.080046195536852,0.2967419195920229,10.216890440338952,1.1573199424097576,33.05862353056145,0.0,1166.5109112750504,157.56023446922123,199.19037742135663,121.33059496999604,13.929318286740953,nan,nan,nan,nan,nan
2136,76,0.0,-69.8596114463804,1.0371273640827599,-70.64867561374513,0.21621875963058682,,11.103053344413638,10.832231757231057,0.08553900569677353,10.746692751534283,0.0,5.667593022189348,0.7542582043617875,35.32433780687257,0.0,1230.6208156524408,161.12873766133413,203.73173770181572,129.16694365106397,23.17315380044585,nan,nan,nan,nan,nan
2137,74,0.0,-65.53161395438129,2.211378609747824,-67.4474442980902,0.25628442177548044,,10.604051347821951,10.347658666782081,0.08366145379841328,10.263997212983668,0.0,5.4613003636400075,1.4555755836362756,33.723722149045095,0.0,1197.8690123536508,161.77933949693193,205.86555566803426,139.20632201412425,34.79179744531102,nan,nan,nan,nan,nan
2138,108,0.0,-64.52035276793647,8.444031168530014,-72.46351068558224,0.4480280841372628,,10.484906181693077,10.245788676664233,0.11907567642629147,10.126713000237942,0.0,16.705464657374453,4.682307017308879,36.23175534279111,0.0,1749.042007653954,228.45989592483468,288.00344342852003,199.26906134522906,43.51277211206753,nan,nan,nan,nan,nan
2139,97,0.0,-72.89016870680773,3.9140808891495396,-76.43412418872813,0.32254573499805683,,9.864599537104368,9.6217305297032,0.10672316700220108,9.515007362700999,0.0,12.233896407797486,2.850941435811395,38.21706209436406,0.0,1572.4137735280922,200.97571407373778,254.999590846028,177.4567629366681,26.813896027426527,nan,nan,nan,nan,nan
2140,720,53.95665887905226,194.01238732242805,153.81767163688204,45.72469753903046,5.132156500131363,,38.496290978975594,38.25676797050983,0.7882676105946302,37.4685003599152,0.0,42.26304070432423,21.26032364593567,31.094310109537037,21.178331188897253,11583.42421455115,1336.872707994503,1955.6126483789249,1323.7085759223692,88.24045621318592,nan,nan,nan,nan,nan
2141,91,0.0,-53.81494382922676,8.307928790596277,-61.65831233644134,0.41833486834877776,,8.741898413747549,8.5101896841079,0.10035331826657057,8.409836365841329,0.0,16.910155905938574,5.32839655544154,30.829156168220678,0.0,1476.6287826622727,197.95980764727852,249.74180710657453,163.57796504549523,82.41589594714702,nan,nan,nan,nan,nan
2142,96,0.0,-59.87156342322672,7.3396141965193245,-66.72575924273654,0.43413084855902195,,10.11347109824419,9.856263431720436,0.1060369573533535,9.750226474367082,0.0,18.649214968379635,4.642827747773357,33.362879621368265,0.0,1553.6248344854205,214.21543060297657,271.1948565723293,166.29450385862535,30.520263805013535,nan,nan,nan,nan,nan
2143,97,0.0,-67.0742857356737,5.868659133052955,-72.53474376653504,0.36450423352634537,,10.502959330566227,10.282085749320686,0.10682855173945427,10.175257197581232,0.0,27.89796538137404,3.8673287522368214,36.26737188326752,0.0,1575.9076350151595,202.20954816478297,253.49618169692295,165.71357415764712,48.485254098062434,nan,nan,nan,nan,nan
2144,96,0.0,-66.47173728367314,5.867561064962639,-71.92764286810818,0.3680406059534572,10.849491119384766,9.815807712264359,9.265425484627485,0.10581700969487429,9.159608474932611,0.29820467811077833,10.269286121234973,3.5690817307218468,35.9638214340541,0.0,1553.5643352312225,203.00592555196144,255.88121808705964,176.91408564603526,76.03546729142032,nan,nan,nan,nan,nan
2145,98,0.0,-73.65959054296968,3.6902203541273035,-76.98992963272983,0.31195307229755437,,9.84795940387994,9.606160657480359,0.10932412277907133,9.496836534701288,0.0,13.367979427053376,2.586725898124182,38.49496481636493,0.0,1589.4815660869683,196.9511938633072,249.21970531991857,181.46337392558706,35.0731324217969,nan,nan,nan,nan,nan
2146,720,37.40234748958819,118.66944168648885,118.57061251465949,4.75988842583449,4.279673399015243,,39.85508734919131,39.60253760777414,0.7902471991255879,38.81229040864855,0.0,40.302326096758705,15.732925173044352,35.022403276670936,11.728609210460979,11609.43813920792,1399.0834835951835,1889.7585873734408,1368.6633610235633,170.75263929154326,nan,nan,nan,nan,nan
2147,70,0.0,-66.35245912520351,1.1032161667817966,-67.18050380634794,0.23456843354781248,,9.541159491986036,9.28742930199951,0.07787120062857866,9.20955810137093,0.0,3.47444149675664,0.7629079334960844,33.590251903173964,0.0,1134.168342706779,165.71632629254316,211.19052589337437,119.93839684302155,62.494188442598066,nan,nan,nan,nan,nan
2148,88,0.0,-69.46528222243089,3.756785906054517,-72.85556619682268,0.32570906627620605,,14.165235995315015,13.870449299924076,0.09726383071392775,13.773185469210148,0.0,17.643268360401134,2.1337087179516634,36.42778309841134,0.0,1423.7022451201965,185.41559502090283,236.58871682748875,160.46527672564807,51.17417768730111,nan,nan,nan,nan,nan
2149,97,0.0,-70.56181381772558,4.73053818851957,-74.89867857843043,0.33865944872834813,,12.192617307417095,11.916475405916572,0.10714385844767094,11.8093315474689,0.0,12.26783559070163,2.93943448507211,37.449339289215224,0.0,1569.3959280018312,197.58213875305748,249.9703629116154,186.21517821626125,19.72442786204681,nan,nan,nan,nan,nan
2150,95,0.0,-76.63021465365058,3.0704582455170755,-79.35177897885801,0.30420696455354235,,10.155749217607081,9.908290929161012,0.10485478769987822,9.803436141461134,0.0,12.794458413126355,1.808024763132229,39.675889489429004,0.0,1536.9754024973795,195.0415259035545,246.560343320654,175.99433418385837,8.858290571949276,nan,nan,nan,nan,nan
2151,65,0.0,-62.91691769606253,1.0865756813004117,-63.779312044888854,0.19115163446051628,,8.00459315534681,7.746676430106163,0.07211238984018564,7.674564040265977,0.0,5.277332241326028,0.7516150056853899,31.889656022444434,0.0,1053.029383173112,138.85969824635282,175.09554575519655,115.74423622237407,28.114096329483512,nan,nan,nan,nan,nan
2152,207,0.0,-35.2912471156058,28.807818957085853,-62.798612263150964,1.1944669371152343,8.463669776916504,17.088215625844896,16.540240865200758,0.2275478197261691,16.31269304547459,0.303161702118814,32.936452308088576,10.627614154335562,31.39930613157549,0.0,3358.529439955294,455.49072428687737,571.1532028343265,377.50593936298225,76.68102377514877,nan,nan,nan,nan,nan
2153,69,0.0,-60.60920432791795,2.7864264294863936,-63.09721460323446,0.2574094650731745,,10.513773904182017,10.217779945582151,0.07720265444368124,10.14057729113847,0.0,15.149728091986336,2.145540063866505,31.548607301617242,0.0,1119.8126525209045,161.18119760389197,204.1213344153354,117.11545063500462,41.242326535322796,nan,nan,nan,nan,nan
2154,71,0.0,-65.8644136227074,1.3087688376427207,-66.9298127043098,0.21124435763077365,,11.581486385315657,11.291702348738909,0.07957139052450657,11.212130958214402,0.0,10.564097447816666,1.119132734740837,33.464906352154905,0.0,1151.362394844497,150.98265262971148,190.48237898047702,135.77332187207065,56.95275833147031,nan,nan,nan,nan,nan
2155,108,0.0,-66.94350716619877,7.343835044469807,-73.77665879061595,0.4574920100313593,,11.5903848586604,11.33639614470303,0.11955747380852699,11.216838670894504,0.0,21.36890838642124,4.6177788818529395,36.888329395307984,0.0,1750.0634690720694,240.13417782921698,304.8078737597303,169.9500176909142,78.25685187932245,nan,nan,nan,nan,nan
2156,65,0.0,-64.54740634638252,0.6021143329779717,-64.93015907125371,0.1871426413526063,,8.785422302782536,8.530095824040473,0.0720067685469985,8.458089055493474,0.0,5.286255470919851,0.535977175110753,32.465079535626856,0.0,1053.2874746623447,141.5619330492164,178.64788093370373,117.48840627643293,41.548997822225026,nan,nan,nan,nan,nan
2157,75,0.0,-65.8772682438466,2.274942570678952,-67.83451153768694,0.27891425116508445,,10.576370130293071,10.293858893215656,0.08322469424456358,10.210634198971093,0.0,18.127564762264026,1.8977791618766768,33.91725576884346,0.0,1216.6082658902387,174.44713723313194,221.94337723987027,121.1370305321867,68.78336874719822,nan,nan,nan,nan,nan
2158,95,0.0,-61.88451811667572,6.55015725539552,-68.05632151627191,0.33557947760184637,,9.600099738687277,9.353402091190219,0.10492223501205444,9.248479856178164,0.0,19.38339306862742,4.360938605047308,34.028160758135954,0.0,1543.9954829187482,187.6821398270801,234.03838815205583,180.40728557980083,12.26159100397485,nan,nan,nan,nan,nan
2159,720,54.23375453585735,156.22891728162963,123.65710983803122,37.34919235116125,4.435655582837185,,42.7143931472674,42.44456902332604,0.7910181749612093,41.65355084836483,0.0,42.23939333234187,16.59242772591384,35.55915836027673,13.013477630348397,11619.211333279143,1424.0302996453277,1901.5926037282104,1275.7043585310976,205.15295326618246,nan,nan,nan,nan,nan
2160,115,0.0,-56.739875893725916,10.063527223301568,-66.32680483547878,0.4221138555653302,,13.077768065966666,12.798037239350379,0.1272005019709468,12.670836737379432,0.0,19.273833800547262,6.167463360791726,33.16340241773938,0.0,1868.9801259148066,216.1961263065007,267.8332559081582,215.65236583758477,54.61079871136094,nan,nan,nan,nan,nan
2161,720,53.37565456630635,164.2324170528938,130.8666580312257,38.17305285882969,4.430329138757278,19.15849494934082,42.57636645808816,41.912760375998914,0.7908805049955845,41.12187987100333,0.3940343363210559,42.263589292103724,17.831608526676746,34.28912813689151,11.735125123832834,11604.479696873419,1348.5613553980172,1886.1341204684675,1305.2509740620444,296.29881172632207,nan,nan,nan,nan,nan
2162,720,59.29564462590562,188.31122568987877,138.89610370922176,54.33435695603235,4.551167938412509,,39.71863678749651,39.47710434906185,0.7888556215912104,38.688248727470636,0.0,42.133841087042725,19.186242887000528,32.128466147889434,13.362777818558042,11605.159741362322,1323.694426281661,1839.153054350755,1308.0204233933803,94.6290524191614,nan,nan,nan,nan,nan
2163,720,27.47444924539838,92.74277658408491,112.52788894485545,-15.605969101272343,3.8174071672114795,6.803003787994385,42.54844899009913,41.9803681531921,0.7854058295488358,41.19496232364327,0.29956729244440794,41.936095338933,14.864394232325465,35.27743379603455,13.514905962863102,11596.552659027882,1323.573325818365,1766.8309911558017,1356.094587492351,76.4124672368343,nan,nan,nan,nan,nan
2164,720,58.04200543494187,178.99669016674673,131.1435254098641,53.11701223525725,4.869727831299071,,40.306909181177616,40.06330543011427,0.7903662528842688,39.27293917723,0.0,42.157460247647776,18.24956858002191,31.483499317313235,13.358380275235104,11596.890631055005,1417.7404938748296,2006.8903642035814,1320.4333758288492,195.46236396359947,nan,nan,nan,nan,nan
2165,720,36.98512524998601,106.2607057259161,115.06590042888303,-4.094097795449741,4.352025385852853,3.775606632232666,43.4515686808154,42.89601016975939,0.7894018972292542,42.10660827253014,0.2966116592288017,40.76022411400954,15.849045230450375,39.03217414771088,16.039518523043736,11593.480667184984,1406.149297155116,1954.0590210567598,1276.6961518401945,160.33531377037522,nan,nan,nan,nan,nan
2166,720,52.42530108475706,163.34937714376346,142.6947942331806,26.12997492369017,5.071697294964702,,41.04504525754601,40.81992703489959,0.7890067873522639,40.03092024754733,0.0,42.242781326015596,19.622671415226144,39.360313622911974,22.28867831879551,11582.597250431121,1375.149521625942,2005.8322134207838,1317.827323899494,261.09591191881384,nan,nan,nan,nan,nan
2167,64,0.0,-60.08002284155838,1.7320670761529777,-61.55801135489976,0.21982608956528357,,9.09779766947031,8.817974517121911,0.07074603252112865,8.747228484600782,0.0,11.404267186980368,1.2526886018507133,30.779005677449884,0.0,1037.8095802126181,147.1992314335208,186.4991860228986,103.34930100657162,72.19040595052668,nan,nan,nan,nan,nan
2168,87,0.0,-63.78165653224404,4.43043129223816,-67.8543530777393,0.31713150306164545,,10.668352825567126,10.406684004701674,0.09591253753751516,10.310771467164159,0.0,24.778862097820635,3.3103157470670057,33.92717653886965,0.0,1409.2565741017486,187.06218929454542,235.87870105109405,140.27698948933931,55.661514130635354,nan,nan,nan,nan,nan
2169,211,0.0,-40.080746243514376,29.254198770932902,-67.91861004029205,1.2893331591392563,,14.054339777678251,13.81989034358412,0.2307504042983055,13.589139939285815,0.0,33.339031166252745,10.18135413967319,33.959305020146026,0.0,3412.2134851972874,484.37375263592327,615.097296479144,398.7750410903355,123.18952059576405,nan,nan,nan,nan,nan
2170,84,0.0,-65.146023291557,3.784152700111118,-68.57902435230909,0.3047284171646383,,9.861316938884556,9.608102452009916,0.09276371728628874,9.515338734723628,0.0,17.431064161982274,3.1342461303984144,34.28951217615455,0.0,1363.6262849332263,188.57613310180153,236.19895323256026,161.5019497616918,35.08231214885303,nan,nan,nan,nan,nan
2171,73,0.0,-59.65892530427152,2.9780754028583614,-62.34589159292649,0.2557946503520011,,8.178377457894385,7.933768541552126,0.08091139141470194,7.8528571501374245,0.0,12.56885585524865,2.3840056420110947,31.172945796463235,0.0,1183.6357669337424,157.55997278632546,199.262271439384,118.85849781212706,67.32014871973496,nan,nan,nan,nan,nan
2172,83,0.0,-72.60103655771292,1.8338676414460024,-74.14216311080733,0.2493831603262212,,9.66600634995848,9.41204237099737,0.09182923100888729,9.320213139988482,0.0,9.038983907886935,1.3918146033335048,37.07108155540367,0.0,1344.14561603503,175.11663243377143,221.5336770839918,160.89778204010003,72.15310110998195,nan,nan,nan,nan,nan
2173,85,0.0,-69.33533335580589,3.3039848934635696,-72.34472966940808,0.2595359087027833,,8.632882067002356,8.3944002231583,0.09384183865040541,8.300558384507895,0.0,8.01509149374104,1.8276917662727596,36.17236483470404,0.0,1375.4243400858486,163.69005373777344,207.12763415848457,156.21216992332785,42.67315780250941,nan,nan,nan,nan,nan
2174,91,0.0,-66.20573224188799,5.030604738623222,-70.84444461282534,0.3464702911169296,29.936264038085938,8.9687555776909,8.421622707508504,0.10043443832546473,8.32118826918304,0.3063804665580392,12.49231632963035,3.4570602550627485,35.42222230641268,0.0,1475.4221804357064,197.96274635072908,249.4954447927898,169.80821938773164,49.57529201533357,nan,nan,nan,nan,nan
2175,123,0.0,-65.42005874106674,10.203342301457733,-74.99444605890065,0.565723902883859,,13.742357473820448,13.466559843160212,0.13683828711509705,13.329721556045115,0.0,28.73743724277025,5.678609634139715,37.497223029450325,0.0,1993.4116276644613,271.9104839428825,345.1075934783432,214.0244624064252,112.28944269680493,nan,nan,nan,nan,nan
2176,123,0.0,-67.37138763799891,10.578315699883104,-77.35366431542985,0.5366673621425899,,11.848511937074363,11.59335196018219,0.13629945274442434,11.457052507437766,0.0,16.58265175898839,5.289756458516795,38.67683215771493,0.0,1988.6235122220814,257.7476470999227,329.21668310384626,219.0812861100608,101.57053679625756,nan,nan,nan,nan,nan
2177,720,48.431483532534585,156.10342754543456,144.23947815040034,17.172709829803694,4.918142217722113,,41.91747086122632,41.662038267590106,0.7915187394246459,40.87051952816546,0.0,41.71522475336352,19.57168407766158,39.84512861763274,20.38799196941908,11583.241505524695,1326.377184959282,1943.8197496196078,1342.597915516021,215.22295645699327,nan,nan,nan,nan,nan
2178,107,0.0,-64.34346181599714,7.842401071103876,-71.67861910939925,0.4511634866584419,,11.282905939035118,11.026423114351928,0.11891133058816195,10.907511783763766,0.0,20.921436393151787,4.718379848192112,35.839309554699625,0.0,1730.035887201302,228.6384957985284,290.8009398471551,209.70355609552536,87.09830691485209,nan,nan,nan,nan,nan
2179,720,22.894475019996552,78.9980418139251,108.63423466319726,-25.009123456445842,4.23951207549963,5.940767288208008,42.03238238953054,41.41666561551392,0.7911102343350649,40.625555381178856,0.3452841201797128,42.257011198832714,14.96716063657903,35.399036748219466,12.066415420637693,11597.939517347371,1460.7557482115953,1984.2056274816873,1352.9179796876865,241.50961195678823,nan,nan,nan,nan,nan
2180,116,0.0,-55.64849460057761,11.25199513201946,-66.33690236598255,0.5132734222747162,,11.67908852826804,11.425792614929378,0.12935136537998915,11.296441249549389,0.0,25.53662887987309,6.819366607130617,33.16845118299127,0.0,1889.1040723117671,237.36482949741733,295.4162975617362,209.74129724992827,90.57544045405892,nan,nan,nan,nan,nan
2181,91,0.0,-51.96193533191992,8.648130350362099,-60.170257674850774,0.406405835886532,,11.798286437056959,11.533812378533185,0.1009893724694848,11.4328230060637,0.0,21.911970131032614,5.562762215351948,30.085128837425383,0.0,1473.7475473113134,186.8361685676939,234.2677483080472,155.64630075579993,117.0008567706979,nan,nan,nan,nan,nan
2182,83,0.0,-68.98817840010103,2.9551445391991127,-71.61726745118241,0.2829415885410075,,9.59033655654639,9.341972215101123,0.0918230777606368,9.250149137340486,0.0,7.60141428452977,1.9689258159859244,35.80863372559121,0.0,1343.451623274616,179.2494256950066,227.8226475208588,147.53712710281033,59.42332552406104,nan,nan,nan,nan,nan
2183,720,43.25124804257005,147.20036943663087,129.34652718310738,22.93640388540514,4.678643453736818,,43.64780511986464,43.412623756565154,0.7888761684298515,42.6237475881353,0.0,42.263682711985986,18.08140458098992,31.783046099867484,11.94896946828298,11608.910404508268,1395.3348792192817,1951.605846720103,1329.0012949115423,158.35880368091648,nan,nan,nan,nan,nan
2184,720,47.195849396954884,146.99962911096947,129.01055197037957,22.80940873739263,4.458233897973084,13.368685722351074,40.29836984258145,39.71376647148281,0.7883868776261806,38.92537959385663,0.3308860519900918,42.211214055681545,16.980664230688838,35.79114502825857,21.652783256285783,11582.962099537042,1354.3507411499709,1889.3293631861443,1308.8022633866406,284.4093373239877,nan,nan,nan,nan,nan
2185,105,0.0,-66.42369720142383,7.335471024212573,-73.24602074818046,0.4556935449504815,,11.695894995704293,11.432648125104606,0.1171754514798522,11.315472673624754,0.0,24.931664515138888,4.726683815624054,36.62301037409023,0.0,1705.1682058039814,232.74427015989158,293.9776990698011,193.74963678204605,98.72385208755385,nan,nan,nan,nan,nan
2186,720,45.49512369046462,140.95276016652275,129.01623253739447,16.655179660094106,4.351654467475478,,40.8073916118592,40.569308154284954,0.7903938880190253,39.77891426626593,0.0,42.16118425105263,17.459246716168384,37.167533860417564,16.680524525472883,11585.06756467697,1315.560736270473,1848.785005452399,1332.5653330205666,256.12842844305777,nan,nan,nan,nan,nan
2187,720,61.761921876284354,196.86812422121673,155.52277358119363,45.98558400924358,4.284723506329572,0.5322129130363464,43.90437606908381,43.30584941059351,0.7900093710049987,42.51584003958851,0.3186519406735897,42.24275535927602,21.238527234765538,38.769129871662564,11.073262102987469,11602.43011491324,1177.613744758566,1684.1642765192348,1373.262686243537,122.32727679000689,nan,nan,nan,nan,nan
2188,111,0.0,-70.85372197923293,8.037514549249197,-78.39844584357138,0.44200807532324415,,14.241119750775397,13.970331724733114,0.12418380193412304,13.846147922798991,0.0,16.61776166804904,4.021802262279414,39.1992229217857,0.0,1795.8499406848616,233.06524300635328,296.99582084238835,204.767566143691,114.80449572978519,nan,nan,nan,nan,nan
2189,720,39.66705741714887,119.42665855387631,117.26984731064469,6.976695233710501,4.426891696915899,,43.614334165118635,43.3689072066918,0.7894811127334833,42.57942609395832,0.0,42.2358740162784,16.296603805395893,36.17870980029363,9.780579106779616,11616.476170003602,1435.4355457364552,1985.0231397203656,1336.5011354860474,407.1465394006686,nan,nan,nan,nan,nan
2190,88,0.0,-68.78387183052399,4.284406836885235,-72.67545354529024,0.3490193736167183,,11.962705919519067,11.712513572536409,0.09710116870701313,11.615412403829396,0.0,11.600125109139958,2.4519816492000865,36.33772677264512,0.0,1424.233133232442,201.10831891535165,257.9396679649904,151.1608598967321,95.37934569258945,nan,nan,nan,nan,nan
2191,64,0.0,-60.91016497698217,1.3267246144281488,-62.0217775496186,0.18514582917762157,,7.545792973600328,7.294745865277946,0.07084907870739698,7.223896786570549,0.0,4.9261581116849085,1.0622799862053867,31.0108887748093,0.0,1037.5405440298186,130.85961357334,164.70263618329784,116.84549775652472,7.090339164331825,nan,nan,nan,nan,nan
2192,74,0.0,-66.03950036054907,1.850060498502619,-67.61664919774417,0.23234341187351268,,8.579074604436755,8.333392085507512,0.08204441517591476,8.251347670331597,0.0,6.738244501121039,1.290334877824319,33.808324598872076,0.0,1198.6006888682198,159.19718470228173,200.68639514706706,135.8849829968045,30.099555708067847,nan,nan,nan,nan,nan
2193,113,0.0,-59.783195993427206,9.549960212727797,-68.72872711417448,0.5424303227782065,,9.146430183202028,8.929738342761993,0.12476355116814375,8.80497479159385,0.0,26.846135501340104,5.852806313338763,34.36436355708723,0.0,1835.762626826057,253.7103230254371,320.6993447914483,209.04535283905213,101.04297763314771,nan,nan,nan,nan,nan
2194,80,0.0,-73.10066298281892,1.433854479995891,-74.25894805473732,0.23625611610557423,,9.1836207350716,8.93760399799794,0.08858189173042774,8.849022106267512,0.0,7.790903707498253,0.9036007518724013,37.12947402736866,0.0,1294.6574158840028,166.751555438906,211.049190117298,145.49081095577947,51.80535816958902,nan,nan,nan,nan,nan
2195,73,0.0,-61.21139089500303,2.659343741604439,-63.55997761948321,0.26658666107133555,,8.679544138722122,8.432034011930227,0.08101560082286596,8.351018411107361,0.0,12.112057669014115,2.2722655027208694,31.779988809741607,0.0,1185.2434805705543,172.25155696612057,216.9604479670154,142.2041731411279,46.54174107516537,nan,nan,nan,nan,nan
2196,105,0.0,-70.16009762029128,6.49582980160578,-76.19893719085476,0.40097443465056987,,11.406227448023856,11.163163316436112,0.11612779926508665,11.047035517171025,0.0,11.254064905233781,3.7318109622898716,38.09946859542737,0.0,1697.847638778241,215.53952788659402,272.8756490234961,208.57539310109158,75.07707783020432,nan,nan,nan,nan,nan
2197,108,0.0,-67.17965721549342,7.3184235386355105,-73.98156754323863,0.45717972729489775,27.259618759155273,10.265682002529502,9.727786777541041,0.11931482143700123,9.60847195610404,0.3070406708866358,15.42363006580541,4.360858821701537,36.99078377161932,0.0,1748.7063766607102,237.0411491256878,300.2282105067753,215.02715395183392,88.07921710223401,nan,nan,nan,nan,nan
2198,720,66.13224980490924,217.5148674230354,160.80517916837414,62.157255242217516,5.08278410504802,,40.12343621812761,39.89171649701893,0.7899311371147633,39.10178535990417,0.0,42.256650805647816,22.287252034438406,35.05362218380049,14.408454680750992,11596.757829501887,1292.8965470981136,1873.7652985508591,1336.817160972013,265.1708833659159,nan,nan,nan,nan,nan
2199,720,52.587856841509186,153.31696160163585,129.00581538178977,28.93201668449032,4.213412406431988,3.322624921798706,40.81220442429185,40.26684901304543,0.7883306061848998,39.47851840686053,0.309161776676774,42.21601811633175,17.434517174639637,38.12184849926402,10.951052661876021,11600.373702693181,1276.6556862313926,1803.6893717833173,1346.6143189112602,11.662216744250891,nan,nan,nan,nan,nan
2200,83,0.0,-58.735517204413966,5.700476935420082,-64.04957765293966,0.33922421811767955,,8.367169693112373,8.116190010681748,0.09267818927764893,8.0235118214041,0.0,13.556364139529391,3.655208149453185,32.02478882646983,0.0,1344.2560471988506,183.75977140050483,231.99822375776137,155.78619802477544,59.809639850794944,nan,nan,nan,nan,nan
2201,122,0.0,-70.2336135493491,8.993867150471635,-78.58525447122483,0.5655097218634629,,11.697156907059252,11.44599986821413,0.1350800972431898,11.31091977097094,0.0,25.31097924005144,4.83663013862919,39.29262723561241,0.0,1974.6562207607344,283.4056455811004,360.1857510148465,240.01666895687103,109.09920780660647,nan,nan,nan,nan,nan
2202,720,42.64204974145774,122.29405875042653,120.80086693759215,6.194495222699601,4.340532033915358,,45.28783868253231,45.02620644494891,0.7893112413585186,44.23689520359039,0.0,42.26343423702913,17.276266590677505,39.54480213010793,9.804997096706796,11621.036284849653,1356.0909982736964,1887.5541294458437,1301.7992005222743,256.0523718805176,nan,nan,nan,nan,nan
2203,71,0.0,-59.793069891567875,2.7484236716534984,-62.280230146485664,0.22850775006574486,,7.272882619872689,7.040046230889857,0.07850146666169167,6.961544764228165,0.0,6.91292516483161,1.877813561021834,31.140115073242825,0.0,1151.084607143942,144.1198176752114,181.7510797053695,138.3341830919275,30.83337541639272,nan,nan,nan,nan,nan
2204,62,0.0,-61.41125258015049,0.538013819840418,-61.74498091033254,0.17264418744816032,,7.840140602551401,7.591981891542673,0.06884179823100567,7.523140093311667,0.0,1.6602645279928714,0.396082675351462,30.872490455166275,0.0,1005.4567483667953,133.0766437594482,166.74175237696548,115.41699662881231,20.204051553691947,nan,nan,nan,nan,nan
2205,84,0.0,-60.29250192582185,5.296587751037982,-65.18622248092598,0.35754165245587,,9.960518145933747,9.718319796957076,0.09319713711738586,9.62512265983969,0.0,25.19018039309661,3.623195143552852,32.59311124046301,0.0,1362.252921457265,190.87001321101016,241.87112521521937,155.95921185468845,84.19926534462168,nan,nan,nan,nan,nan
2206,130,0.0,-56.344184089376085,12.805548709276216,-68.4510574622872,0.6304857757890849,,13.626446392387152,13.36861262191087,0.1442047031596303,13.22440791875124,0.0,27.345579277345298,7.391191791636184,34.225528731143605,0.0,2116.362803817348,279.47660198424967,348.6059535176142,242.56347080824867,98.9140570411284,nan,nan,nan,nan,nan
2207,97,0.0,-52.381004169218244,8.912205577069924,-60.741541746206565,0.4990323933755698,,10.749460844323039,10.49696099665016,0.10767243430018425,10.389288562349975,0.0,25.702493401032125,6.509426559791124,30.370770873103275,0.0,1579.3099534191588,221.1379744830889,277.3199384978362,174.62908745216163,55.970639183939305,nan,nan,nan,nan,nan
2208,62,0.0,-61.14588542307045,0.5587353750284103,-61.493448091979914,0.18248469162239364,,8.125894049182534,7.869311102665961,0.06927588116377592,7.800035221502185,0.0,2.2119071716844627,0.30181136560766564,30.746724045989943,0.0,1006.0631855786636,138.53510102685635,174.62225680820174,94.1946872905666,52.78679982886657,nan,nan,nan,nan,nan
2209,720,29.49905813963609,112.6989064929941,119.7643220508337,-2.632947279138051,4.057745004008525,17.15744400024414,40.80299183353782,40.11027279123664,0.791585766710341,39.3186870245263,0.42896824330091476,42.0161606046186,16.20424852013607,30.81553177920512,9.83750360524353,11606.746799679677,1320.2759766633337,1821.8714089235816,1330.174954399734,141.03249388063074,nan,nan,nan,nan,nan
2210,75,0.0,-70.22288852070427,0.7132306431213579,-70.69948129608066,0.19895646115758342,,11.134155042469501,10.829772255383432,0.08493608981370926,10.744836165569723,0.0,3.181195568953773,0.5637794824703742,35.34974064804033,0.0,1214.8999367452373,153.2823445096358,192.6318268793838,157.9021737624808,54.37759151957263,nan,nan,nan,nan,nan
2211,74,0.0,-67.51415411577948,1.717745251886217,-68.93976299080592,0.25300214259062614,,10.380105381831527,10.110718321055174,0.08308317419141531,10.027635146863759,0.0,7.820503876478766,1.148520589921771,34.46988149540295,0.0,1198.9702031443396,170.72861748100925,216.87183346446633,119.3934961999214,90.26769004494102,nan,nan,nan,nan,nan
2212,92,0.0,-77.83992828595468,1.6774213596911474,-79.22621035994291,0.2518075635477306,,10.954356227070093,10.69064643420279,0.10201037023216486,10.588636063970625,0.0,4.348536972243312,1.0381974918709624,39.61310517997146,0.0,1489.8006361704963,180.9665921253442,229.62758919577576,169.69298483953347,39.20879617607955,nan,nan,nan,nan,nan
2213,71,0.0,-59.196832932824115,2.7109337938506335,-61.6300249334621,0.2426064341843077,,9.610282040201128,9.347389009781182,0.07890106923878193,9.2684879405424,0.0,18.894692430031196,2.300139206295875,30.815012466731044,0.0,1151.0467783600307,150.6631743170952,188.66410851679242,130.17083002590158,69.21299044890651,nan,nan,nan,nan,nan
2214,134,0.0,-66.85965643691748,11.521219235416206,-77.76179861246881,0.5580384538411925,,16.334251338616014,16.04970457125455,0.1479532029479742,15.901751368306577,0.0,19.52645750540568,6.038520287513459,38.88089930623442,0.0,2171.343155454273,271.52898543707187,341.7166942059265,257.811402535434,85.14359964618069,nan,nan,nan,nan,nan
2215,69,0.0,-59.44585774053364,2.4915260310707747,-61.67365868630734,0.2257177535411067,,7.074554522521794,6.830495833419263,0.07660904992371798,6.753886783495545,0.0,4.163255425903492,1.6507435024439463,30.836829343153678,0.0,1119.1767354775725,142.91652417992088,180.6245708197698,127.24265510073533,25.969282846118425,nan,nan,nan,nan,nan
2216,85,0.0,-66.71137690895681,3.469323044343239,-69.84046354786385,0.29954576317851656,,12.345272899605334,12.061602080240846,0.09431041963398457,11.967291660606861,0.0,16.765167958127087,2.7212810904489277,34.92023177393193,0.0,1379.0327061345051,186.0748457801078,234.69236823223946,150.12891525474808,64.17084540710944,nan,nan,nan,nan,nan
2217,99,0.0,-56.9170262882635,8.867405776914506,-65.3295483060274,0.4151713285829891,,8.77362329699099,8.549655315466225,0.10935275442898273,8.440302561037242,0.0,28.69595832333931,5.481339242261196,32.66477415301371,0.0,1609.4674140747886,198.03442504022556,246.5522056606333,165.3205883561423,47.54878779883696,nan,nan,nan,nan,nan
2218,720,74.66381386246913,222.93510488165953,155.94774617788454,72.64973500265216,5.275272447524256,,36.91075960546732,36.63702887762338,0.7899024989455938,35.847126378677785,0.0,41.96193933988434,21.22186816123844,38.338946361143044,14.565970177039597,11597.608954316223,1367.343115445945,1991.4490096695818,1349.7746595041313,262.0949614622906,nan,nan,nan,nan,nan
2219,83,0.0,-77.79951658360449,0.5146780744431826,-78.05694383762768,0.2162290558659532,15.486618995666504,11.589289027266204,11.001208888366818,0.09220220614224672,10.909006682224572,0.29139385279268026,2.716313473766114,0.20686553724788218,39.02847191881384,0.0,1342.7660324238684,168.33715714741632,213.38935757656623,165.07096059427838,38.727627391277025,nan,nan,nan,nan,nan
2220,94,0.0,-60.78831317854845,6.731650931199048,-67.02301019646063,0.43029155925993545,,9.61043384578079,9.36760308407247,0.10489789675921202,9.262705187313259,0.0,14.593216059791633,4.639755863862055,33.511505098230316,0.0,1523.759107546945,226.5186813017099,286.2140716665021,190.57822821075996,30.00074461249144,nan,nan,nan,nan,nan
2221,720,47.26841943922649,166.38445013790573,148.90435848783554,23.056854181245058,5.1749510502452996,,38.333803369663656,38.083867819048464,0.788085151463747,37.29578266758472,0.0,42.26376458419169,20.477395053107273,35.73999234860396,27.1398420636696,11582.39999999989,1343.4409185079614,1966.7459307038498,1383.6459243680297,86.475334732568,nan,nan,nan,nan,nan
2222,720,41.31475026482955,122.29618688581479,122.83496279616335,4.500981859714969,4.647679731662623,1.7881959676742554,39.49241168983281,38.93553751986474,0.7923764921724796,38.14316102769226,0.30445716343820095,42.26327501153659,16.739892153439197,39.064259334972064,22.02534443504547,11582.83707106905,1429.813732271098,2007.0353391675903,1348.8330240790358,221.60730121035016,nan,nan,nan,nan,nan
2223,69,0.0,-62.891798078518555,1.5550123001232015,-64.19485489995034,0.21878938855372712,,11.325600186362863,11.03145046159625,0.07811768259853125,10.95333277899772,0.0,7.774827118351607,1.2720639720849263,32.09742744997518,0.0,1118.567305670145,150.3136874884186,189.52979244235084,117.7096891075839,50.04612454220346,nan,nan,nan,nan,nan
2224,86,0.0,-61.856704212567905,4.8658436430052605,-66.35340618443925,0.31335617333731436,,8.843850921839476,8.606568720191717,0.09637745749205351,8.510191262699664,0.0,12.420954065688557,3.361025965376454,33.176703092219626,0.0,1395.2052941353213,180.7146593747613,227.06509619891995,175.04948017163986,49.82706778199734,nan,nan,nan,nan,nan
2225,82,0.0,-54.432317448822836,6.205825483995135,-60.21468350597867,0.38542663581672115,,9.508674192242324,9.264610056765378,0.09098829329013824,9.17362176347524,0.0,19.28012060398627,4.6881180350411835,30.107341752989342,0.0,1330.405400390694,185.60088517577157,234.25191578898756,130.73686856393465,66.45832656687924,nan,nan,nan,nan,nan
2226,117,0.0,-50.69812157715245,12.72026332836765,-62.76814849822847,0.5918857027798093,,9.530724572017789,9.28768425155431,0.12933906447142363,9.158345187082887,0.0,26.265716355940857,7.597540674271947,31.38407424911423,0.0,1904.6261042796248,259.3869540315335,323.32529774042155,211.82654903886365,90.45210242583805,nan,nan,nan,nan,nan
2227,67,0.0,-64.21249897987576,1.0457662880178378,-65.02474836338017,0.19312507490617697,,9.215577277354896,8.941592467017472,0.07453263085335493,8.867059836164117,0.0,3.1699959136987945,0.776856062147955,32.512374181690085,0.0,1085.2832064083377,141.65634488183082,178.42735079629415,126.44676977609667,24.961208682973247,nan,nan,nan,nan,nan
2228,77,0.0,-71.60587271324572,1.0092686830820767,-72.37586626299418,0.20288785642567259,,9.70336995832622,9.421792608685791,0.08538077306002378,9.336411835625768,0.0,1.8006272646215968,0.5611909850871897,36.1879331314971,0.0,1246.0874505826832,151.1342325560438,190.03166770837956,149.8889412470329,15.481531975568329,nan,nan,nan,nan,nan
2229,67,0.0,-58.58299394208204,2.48782075389671,-60.79372793672084,0.23601564983643336,,6.596886585466564,6.365384299308062,0.07456162385642529,6.290822675451636,0.0,12.854493423459362,2.143641860888576,30.39686396836042,0.0,1087.7693666197256,148.9430477250152,187.77093217241088,128.63297165651522,39.7866265143197,nan,nan,nan,nan,nan
2230,720,45.44671062524151,125.55822032737086,116.63581993643145,13.765569583713344,4.445604411636727,,41.65303860325366,41.37439083866775,0.7919822428375483,40.5824085958302,0.0,42.26320123662175,15.88714122230536,38.563925833384836,13.427120243276761,11599.317730195406,1491.7781580707642,1991.1986362868236,1342.9718368712042,242.94021743977396,nan,nan,nan,nan,nan
2231,96,0.0,-70.73867551890892,4.3920931408860415,-74.71626688259609,0.36376539837289884,,12.171961720101535,11.903169493190944,0.1067760456353426,11.796393447555602,0.0,19.508738126087113,3.072805635330699,37.358133441298044,0.0,1554.8737206228127,214.72591693438696,272.4149126544932,178.2336663102179,37.180359343360564,nan,nan,nan,nan,nan
2232,88,0.0,-75.06665020901336,1.7334623484932314,-76.50526812374301,0.25111934719341306,15.472854614257812,11.296646442264318,10.733574675396085,0.09799944795668125,10.635575227439404,0.3052167659625411,5.250600050847994,1.325870707501063,38.25263406187149,0.0,1424.2237545451587,177.57017501334514,224.1699142794455,160.05859134009094,39.334629189499566,nan,nan,nan,nan,nan
2233,68,0.0,-66.79062223032926,0.3424174567116648,-66.90263175067375,0.18971774851573037,,8.70169840566814,8.439280588179827,0.07649953942745924,8.362781048752367,0.0,1.2644955895329462,0.3195195474509787,33.45131587533688,0.0,1101.7219066676976,149.62514858046802,188.29512783934533,137.10128739442462,5.023297585763297,nan,nan,nan,nan,nan
2234,65,0.0,-64.4716172081074,0.4214723581445863,-64.68975933595344,0.17440272613367125,,10.207987518049777,9.916112577542663,0.07366667129099369,9.842445906251669,0.0,2.8322432642754567,0.41098374807101656,32.34487966797672,0.0,1053.3602906514293,137.13585762721468,172.22236922401876,117.6794838399995,41.081446599880145,nan,nan,nan,nan,nan
2235,720,67.05550888449504,189.57166829503265,135.9674111097926,58.590630102799324,4.6371588901753915,,39.98011487070471,39.7277841726318,0.7891684537753463,38.938615718856454,0.0,42.153450935221905,18.373195504584746,37.76019383309537,13.809005447643624,11592.281488675968,1357.4930550267347,1885.400320034526,1261.1597158478014,216.6773862481537,nan,nan,nan,nan,nan
2236,113,0.0,-71.71852167138141,6.994030419182815,-78.1763060383302,0.4740084278070578,,12.43735133856535,12.181959859095514,0.12507251929491758,12.056887339800596,0.0,19.23193397671445,4.206935546398319,39.08815301916509,0.0,1828.5926472379317,250.85202451515798,318.24983045454053,193.98551253693452,57.425259104142604,nan,nan,nan,nan,nan
2237,98,0.0,-66.06484571584336,5.822396779284559,-71.47888076388527,0.3584751557337687,,10.300370175391436,10.047493759542704,0.1080777682363987,9.939415991306305,0.0,20.136821192450093,3.689303977721673,35.739440381942636,0.0,1588.1859776564324,204.57660644225626,257.1649782398189,190.2387254923832,20.201374861005313,nan,nan,nan,nan,nan
2238,86,0.0,-59.87255365356389,5.566577627718759,-65.06035125020448,0.3352616429375281,,10.169533915817738,9.902051674202085,0.09539565816521645,9.806656016036868,0.0,11.619357130972109,3.824859240156944,32.530175625102245,0.0,1393.6669946418272,178.9445900936274,225.5414146407961,150.9827791910253,63.02236081781577,nan,nan,nan,nan,nan
2239,720,44.56625067376227,166.30375021823278,144.04261439918832,27.210803927208588,4.587696052606225,4.077199459075928,46.68287182319909,46.043873882852495,0.7888571377843618,45.25501674506813,0.3921313192695379,42.263433234996846,20.256021361060338,30.960848710157983,19.793526655891196,11584.711576856851,1283.076793530196,1820.8128045269084,1360.2519308647302,107.95503395459937,nan,nan,nan,nan,nan
2240,90,0.0,-56.39956777822117,7.170896588016102,-63.09442185513938,0.43080112813360943,,12.16042483318597,11.882665827870369,0.101074343547225,11.781591484323144,0.0,23.534604740655375,4.910398612943739,31.547210927569687,0.0,1461.2390812484175,210.58949380665854,265.7077463107297,152.71236778047623,59.68472670108638,nan,nan,nan,nan,nan
2241,103,0.0,-67.29890266117545,6.569648072486854,-73.42096411103631,0.39468711404025825,,11.062765601091087,10.816323946230114,0.11438233032822609,10.701941615901887,0.0,13.155028356507183,4.024253987425665,36.71048205551816,0.0,1666.5118028237725,217.42992111565732,274.5880351611519,204.670955239953,41.21964383305556,nan,nan,nan,nan,nan
2242,75,0.0,-70.49453366313915,0.982514384761721,-71.18287017022118,0.24870888149313358,,8.59327370673418,8.344002629630268,0.08318541757762432,8.260817212052643,0.0,7.67136582786719,0.7688255532288093,35.5914350851106,0.0,1214.6609370558044,179.1691109910929,228.94612218902424,130.69211887013685,38.87609870492191,nan,nan,nan,nan,nan
2243,92,0.0,-76.78867044895935,2.253829292091451,-78.74341849599128,0.26320447289794074,,11.996581719256938,11.717418589629233,0.10188536904752254,11.61553322058171,0.0,10.708047910416347,1.4620348236367213,39.371709247995646,0.0,1489.2847999058115,181.16889357217866,229.90439565814563,153.73765198348832,42.41103833774022,nan,nan,nan,nan,nan
2244,125,0.0,-60.23136720071341,11.785712772684033,-71.41747164092085,0.5396619962001009,,15.321204562671483,15.029841242358088,0.1381994253024459,14.891641817055643,0.0,20.951807708351158,6.349683625240116,35.708735820460426,0.0,2024.519385245556,258.30117473292137,324.86230418962344,237.9458372605366,41.5496940230769,nan,nan,nan,nan,nan
2245,91,0.0,-68.68434766264247,4.1473131147535085,-72.43374251215442,0.3500084133776492,,10.687943649478257,10.41890199482441,0.10053564421832561,10.318366350606084,0.0,18.83943189188071,2.6673684006444884,36.21687125607721,0.0,1472.1386422909836,202.7991888718558,257.584471281215,163.3617402347823,43.329567077017686,nan,nan,nan,nan,nan
2246,75,0.0,-57.07504709473609,4.541927312157575,-61.266308719908935,0.3081592965053549,,9.172300722450018,8.917920712381601,0.08324019238352776,8.834680519998074,0.0,10.53325775603155,3.457676833558182,30.633154359954457,0.0,1217.9892242472426,172.21044030524988,215.30471100777174,150.7031555487324,40.29107627372693,nan,nan,nan,nan,nan
2247,62,0.0,-58.96572142379694,1.5299137263811828,-60.23903148333555,0.21687420232922097,,8.508821279741824,8.249601448886096,0.06913168076425791,8.180469768121839,0.0,9.585592131354359,1.3983341372012463,30.11951574166776,0.0,1007.0904595521598,151.4542761082779,190.6771026179018,118.08877870911236,39.21363461160493,nan,nan,nan,nan,nan
2248,67,0.0,-61.59913497222708,1.6913116096004277,-63.0717404213711,0.19376627281632025,,7.6793871484696865,7.441134411841631,0.07461948227137327,7.366514929570258,0.0,5.628192382782319,1.308309012101327,31.53587021068556,0.0,1085.6714404847585,135.31931616578123,168.90679074234885,117.82566077649192,41.888169318816146,nan,nan,nan,nan,nan
2249,720,37.319107461499186,108.35572324329941,114.27352902693372,-1.345446131543241,4.2114044057039335,9.418119430541992,45.98770429659635,45.373776252381504,0.791291780769825,44.58248447161168,0.308408229611814,42.01611972143825,15.56201020901611,37.99183052727081,16.086253444007717,11591.755003101573,1406.8762649106236,1913.8185458665494,1272.7496271245202,61.11309308196226,nan,nan,nan,nan,nan
2250,103,0.0,-63.20013956077649,7.8124169092026525,-70.49304094165873,0.4608047832470826,,10.007961138151586,9.759234184399247,0.11535501200705767,9.64387917239219,0.0,20.50091257484765,4.790283471211986,35.24652047082936,0.0,1668.9647191089332,234.95911902558845,297.00709119295965,193.53682668601633,53.705223255372346,nan,nan,nan,nan,nan
2251,89,0.0,-55.38933438994822,7.4471629310472345,-62.37060959824413,0.41298435020074453,,10.603771330788732,10.3534454992041,0.09926661383360624,10.254178885370493,0.0,25.52499873742885,4.813510345170482,31.185304799122072,0.0,1440.7649386673213,206.53709309084812,260.98534362444167,165.2737543845725,10.821957062409556,nan,nan,nan,nan,nan
2252,79,0.0,-68.76629786256228,2.1483068001421257,-70.60742754238686,0.26101482678512383,,9.352250900119543,9.099356195889413,0.08771741762757301,9.01163877826184,0.0,10.00453311020925,1.5943667989518582,35.303713771193436,0.0,1279.415501665743,172.2242828338231,217.75494916175694,148.35152956966704,13.130394962788843,nan,nan,nan,nan,nan
2253,155,0.0,-42.829962496050335,19.71392988753289,-61.60522683454447,0.8532738824531931,,16.109072404913604,15.832985322922468,0.17124424502253532,15.661741077899933,0.0,28.68709418556115,9.526065158796966,30.802613417272234,0.0,2525.9466066334667,345.61059858940376,430.0329322164917,290.86985651877893,85.70607648857674,nan,nan,nan,nan,nan
2254,96,0.0,-75.8854253776448,3.835896054518845,-79.33786820467057,0.3328293724906853,,12.896152103319764,12.621560172177851,0.10652082227170467,12.515039349906147,0.0,11.224526001053148,1.99635981524969,39.66893410233529,0.0,1553.0311244530744,204.61411847230386,261.5509119464926,169.72259124025993,34.687397860285714,nan,nan,nan,nan,nan
2255,70,0.0,-64.31453079379231,1.5133373824007357,-65.60911152103537,0.1880311855451527,,7.979937147349119,7.740973557345569,0.07792896870523691,7.663044588640332,0.0,5.274274044556674,0.9086655210519714,32.80455576051769,0.0,1134.1488446071128,132.27208108632013,166.34586575822493,131.21362236040844,22.219085193805675,nan,nan,nan,nan,nan
2256,75,0.0,-64.3250569694462,2.3418142078082673,-66.36537112966704,0.2629258000368655,,8.292857317253947,8.039507441222668,0.08341983612626791,7.9560876050964,0.0,13.61938357478428,1.8179314245449185,33.18268556483352,0.0,1215.1682695840452,163.3835625134688,207.0079265663221,133.0514941348328,74.36781435146679,nan,nan,nan,nan,nan
2257,114,0.0,-59.676392507314176,10.827040221667879,-69.97019492769358,0.4804483562766038,,10.590380015783012,10.35002314299345,0.12608406879007816,10.223939074203372,0.0,22.386997873158858,5.5859092117370155,34.985097463846785,0.0,1842.3369410464038,218.80130088775203,277.8127393655521,193.10643740369915,17.66407733851824,nan,nan,nan,nan,nan
2258,720,55.60976256830921,163.56111774420077,135.22031940114138,33.35931228304513,4.6422868761662945,15.957382202148438,44.34927655942738,43.783229779452085,0.7916249092668295,42.991604870185256,0.30492362659424543,42.259167738434996,19.41414002159886,38.93010642678665,11.716290610823542,11602.71859982852,1335.383899591435,1897.734785265176,1351.5141307330773,37.26139182750445,nan,nan,nan,nan,nan
2259,107,0.0,-61.00895335366499,8.473127059332903,-68.95598944542952,0.47380431222170655,,12.263893015682697,12.00675136782229,0.11984422523528337,11.886907142587006,0.0,22.845417860862337,5.400283928190178,34.477994722714755,0.0,1737.6044385779246,233.4529358688699,293.0957231889315,197.85754560810386,35.80044001507557,nan,nan,nan,nan,nan
2260,83,0.0,-68.62598752419703,3.019112858617353,-71.3026138104849,0.2937053571310724,,8.720559029839933,8.49202829040587,0.09228785056620836,8.399740439839661,0.0,21.57904296843152,1.9452940089165516,35.651306905242464,0.0,1344.290319118557,176.30823125118232,224.30801610812028,150.49580296914104,40.10770528348058,nan,nan,nan,nan,nan
2261,85,0.0,-72.94732147962641,2.1905873014457224,-74.84983145950525,0.25314600456397995,,8.899106102995574,8.655598334036767,0.0939329219982028,8.561665412038565,0.0,8.350176663602806,1.4392915835942386,37.42491572975263,0.0,1376.2951468116128,173.97979034119513,219.67787460329995,152.52741319537355,3.644504318903634,nan,nan,nan,nan,nan
2262,108,0.0,-59.34904107797573,9.101393418614242,-67.88085444805677,0.5085387925179229,,11.095894120633602,10.855953109450638,0.11902635172009468,10.736926757730544,0.0,23.118041826236883,5.75477025641806,33.940427224028376,0.0,1751.5049076571806,243.59034946219145,305.9338892214098,189.55323000924093,37.791833457608476,nan,nan,nan,nan,nan
2263,107,0.0,-74.76436763903328,5.578006212170495,-79.89176559788886,0.3960338057403276,,12.548596892505884,12.272669638507068,0.11803924199193716,12.154630396515131,0.0,15.4977070356393,3.1898856802284032,39.94588279894443,0.0,1731.7510975908222,223.29830502515264,284.05414481958246,197.1168010499983,58.47167298520826,nan,nan,nan,nan,nan
2264,63,0.0,-61.27656336923022,0.9718140570178241,-62.02669841306111,0.18893565427454714,,9.317085308022797,9.03830116149038,0.06992636527866125,8.96837479621172,0.0,4.551983003082399,0.7539926018678835,31.013349206530545,0.0,1021.6806557619858,136.59964193953894,171.27681378862013,130.79631240297937,17.23849922389386,nan,nan,nan,nan,nan
2265,112,0.0,-62.14074305034799,9.406501679351877,-70.98782031428104,0.4986918421172006,,9.700814010575414,9.46551845408976,0.12406603060662746,9.341452423483133,0.0,19.59334840557171,5.459593702793197,35.49391015714052,0.0,1815.2834504233401,241.07596403995396,303.45985691329497,212.1351020970276,36.41508866798387,nan,nan,nan,nan,nan
2266,74,0.0,-62.015907972790814,2.493176056658274,-64.2162417772102,0.2553999627563155,,12.460464593023062,12.169693319126964,0.08216016367077827,12.087533155456185,0.0,14.963608608695965,2.335010273860273,32.10812088860509,0.0,1201.3320688916303,164.48283711762616,207.18534794355602,123.97887575537699,27.78507842790601,nan,nan,nan,nan,nan
2267,720,43.382690821255906,142.3778588206275,132.7302334540508,14.661710145501445,4.653591667639958,12.588476181030273,40.028274518437684,39.467494286596775,0.7895701080560684,38.67792417854071,0.30558565724641085,42.26371270311225,18.50778083862865,36.051835748505184,16.957800718275713,11587.587343217794,1348.6974157023617,1932.897363339253,1310.2342757707547,73.65127379487267,nan,nan,nan,nan,nan
2268,117,0.0,-53.53275920554085,11.544968563780067,-64.41857753558713,0.5956051834893639,,11.058345430530608,10.81730089802295,0.1305268881842494,10.6867740098387,0.0,23.782738041642,7.092542047147807,32.20928876779355,0.0,1899.8720681368968,268.3694655422939,337.9133993470318,205.54830885050634,43.15244764408464,nan,nan,nan,nan,nan
2269,88,0.0,-77.7294964409174,1.2751169047343274,-78.6632802134246,0.28736682086437265,,11.192394358105958,10.912986700423062,0.09779298026114702,10.815193720161915,0.0,8.143398263342826,0.9324989974597188,39.331640106712314,0.0,1424.702260909597,202.2786865277197,256.7072127940661,166.8010299320884,6.101757567910193,nan,nan,nan,nan,nan
2270,74,0.0,-59.41329716287025,3.733112137011383,-62.81783666730711,0.28846861635900617,,8.885126429609954,8.624727175571024,0.08201216161251068,8.542715013958514,0.0,20.01249834111367,2.7071204317530673,31.408918333653563,0.0,1199.9238162890792,164.47417457332324,205.71615582578724,142.25484616259345,32.24383695612742,nan,nan,nan,nan,nan
2271,119,0.0,-71.1413690013907,8.048609312865915,-78.64629012902657,0.48531396491993134,,11.385434864088893,11.158785371109843,0.13107592146843672,11.027709449641407,0.0,25.910191967816974,4.674639838144954,39.323145064513284,0.0,1929.709861641633,252.22863079491736,320.2085381381223,220.5932783336899,38.25612772243202,nan,nan,nan,nan,nan
2272,720,67.08254891090328,232.9233143608754,167.87332401090504,70.63630060364996,5.223035487324307,,38.023043491877615,37.788363790139556,0.7892125705257058,36.99915121961385,0.0,42.26352824087747,23.235097629031724,31.76439860907829,9.267468431139363,11611.308889443922,1307.4411153451633,1917.060593309989,1296.7442449808057,24.284488279920428,nan,nan,nan,nan,nan
2273,78,0.0,-61.59240352674942,4.057102074434192,-65.28283264619948,0.3270861982425089,,8.793500013649464,8.544293677434325,0.08637761417776346,8.457916063256562,0.0,12.080896465852588,2.8787248912395356,32.64141632309974,0.0,1262.8409232819042,173.64279172361128,220.9496477824785,127.12786237653717,8.255368803765444,nan,nan,nan,nan,nan
2274,66,0.0,-64.15768050377196,0.29879842540583385,-64.2536055315729,0.16758412483966173,,7.965054213069379,7.720057368278503,0.07318073883652687,7.6468766294419765,0.0,1.8171523495523028,0.21107498470613315,32.126802765786465,0.0,1070.6122737700407,132.98610943436555,167.3787582104606,130.50756190626623,23.323725767369204,nan,nan,nan,nan,nan
2275,80,0.0,-71.49500837197289,1.342415186435409,-72.5691933629666,0.2280884693040139,,10.04725887440145,9.788118796423078,0.08860899321734905,9.699509803205729,0.0,5.217651458796491,1.0751710524753464,36.28459668148331,0.0,1296.1701337237953,166.94718474757104,212.155314415191,141.11666412899635,31.705825461542215,nan,nan,nan,nan,nan
2276,100,0.0,-53.25706843019573,9.252260806721637,-61.980279786355865,0.4818257779612538,13.059334754943848,14.40143336262554,13.8112599728629,0.11062091588973999,13.70063905697316,0.3006062591448426,28.159959535689172,6.497357468603425,30.990139893177943,0.0,1628.076906614098,220.65177943635214,276.28423549966544,171.472466840728,51.68729280933905,nan,nan,nan,nan,nan
2277,75,0.0,-63.13244829560951,2.606478716049183,-65.45305576752368,0.2449779909876215,,8.85193459969014,8.60800810996443,0.0843744557350874,8.523633654229343,0.0,7.288774793526372,1.9297886682722953,32.72652788376184,0.0,1215.9534436994209,159.20451561782383,199.47428554632123,144.1429683342862,16.07848147698974,nan,nan,nan,nan,nan
2278,65,0.0,-65.23225318232699,0.35824996488556676,-65.38356824256589,0.17608497826927183,,10.767582008615136,10.46700412966311,0.07332163583487272,10.393682493828237,0.0,3.108333808937461,0.2315318940451533,32.691784121282936,0.0,1053.170938039281,136.77645316572185,172.53549629668288,121.00173499420418,8.223265910805855,nan,nan,nan,nan,nan
2279,720,66.59512146022453,204.84492419456507,156.8189099071977,53.60681031871907,5.21928066731165,,42.74509732238948,42.47831569891423,0.7902024565264583,41.68811324238777,0.0,42.26348400174134,21.43539670074404,39.791716300865,27.251051625100935,11582.3999999999,1298.6239909927174,1937.7967504018934,1330.5651764945474,60.187309419300085,nan,nan,nan,nan,nan
2280,128,0.0,-63.54941649666931,11.471914818086713,-74.33329937699901,0.6118439038365158,,12.181013413704932,11.936440703459084,0.14200448989868164,11.794436213560402,0.0,27.58364731391584,6.149801942600329,37.16664968849952,0.0,2072.754494671771,286.92731274096946,363.0865726875441,235.80850753213252,53.33837257089432,nan,nan,nan,nan,nan
2281,95,0.0,-63.36361342115133,6.328559710774433,-69.29749962718779,0.34957577314861316,,11.953961317427456,11.672180664725602,0.1055835047736764,11.566597159951925,0.0,24.31986333480494,3.8576155983630995,34.6487498135939,0.0,1538.3131617639922,193.0532979130663,242.79935554650814,188.31107712227717,30.167325890419814,nan,nan,nan,nan,nan
2282,80,0.0,-71.8664756907753,1.1625556090294038,-72.77348873394723,0.2178123862689277,,12.606013596989214,12.302237128838897,0.08902547974139452,12.213211649097502,0.0,3.083886965988851,0.790124317170392,36.386744366973616,0.0,1295.8400864994906,159.55297516774144,201.39314578480335,147.5554985083629,48.52044455103973,nan,nan,nan,nan,nan
2283,720,37.62523795582784,109.18771229191438,115.33321180439494,-1.3712630178746252,4.363479677782011,10.074204444885254,43.649888867512345,43.013202488422394,0.7912565730512142,42.22194591537118,0.3836722495034337,42.08969767865006,16.31753695310338,38.310869464765155,17.399289828479688,11587.602354287614,1428.2098171421433,1980.58146718267,1397.895621245709,69.53030047772769,nan,nan,nan,nan,nan
2284,79,0.0,-70.90968377185047,1.6917454111298555,-72.28214863166717,0.2702715088564003,,11.121581356972456,10.849658858031034,0.08791872672736645,10.761740131303668,0.0,10.82633638619421,1.1076786551015219,36.141074315833585,0.0,1279.147382489073,183.8030620635137,233.26636058923094,144.1894434216568,29.53608148051323,nan,nan,nan,nan,nan
2285,72,0.0,-60.407864842304896,2.4484948670461173,-62.65876950986578,0.16960167234161605,,9.864799786359072,9.597118388861418,0.08100260142236948,9.516115787439048,0.0,9.491399774380389,1.9267911813865999,31.329384754932892,0.0,1167.625832669288,109.84009458501413,137.85700822693798,114.44619013115995,32.5938923769809,nan,nan,nan,nan,nan
2286,720,60.72654008067108,182.49162207233886,144.5577770482987,43.28277452778961,4.987275657415724,,41.38708266802132,41.12047578766942,0.7872219691053033,40.33325381856412,0.0,42.26376442093127,19.968032896938116,39.08515281677627,21.659308228428237,11583.3403168807,1362.1025315540887,1964.16189881753,1288.5417267020227,96.95992223930043,nan,nan,nan,nan,nan
2287,720,65.45846085821199,191.81383056256615,142.25199561875854,55.131076185890294,5.182215561542898,6.393911838531494,38.41387771721929,37.85519293136895,0.7864750549197197,37.06871787644923,0.32905446272343397,42.263545111618754,19.498312589709183,37.892922765266846,10.33032370981096,11600.658463044494,1420.7297400684365,2037.5262866022074,1291.9912782745996,84.41646134399127,nan,nan,nan,nan,nan
2288,84,0.0,-73.85605463862974,1.740192670996672,-75.30319286671826,0.2491275050221994,,9.22011716477573,8.950596035458148,0.09405751805752516,8.856538517400622,0.0,3.575577210699143,1.093617438998564,37.651596433359124,0.0,1358.9179520580417,175.51399716249887,222.47922617186137,152.70404014220483,29.689583180107373,nan,nan,nan,nan,nan
2289,128,0.0,-51.14013214615195,14.139562633833215,-64.58336824213703,0.62900538146577,,13.54478972312063,13.288741082884371,0.14196598809212446,13.146775094792247,0.0,21.273329001351776,7.557123683003237,32.291684121068506,0.0,2072.3991374348343,270.0965997552324,340.36671423994846,232.16407649797517,44.952808087249956,nan,nan,nan,nan,nan
2290,720,52.3110785745132,152.06338756805962,126.70375746543095,30.293836380475526,4.571158671438494,,43.47031746339053,43.22121113911271,0.7884239489212632,42.43278719019145,0.0,42.263589350948976,17.857015537376885,37.16416038427543,8.988741121864804,11628.89454654585,1382.5052026360013,1935.2402403707483,1329.838139354525,112.7697757188,nan,nan,nan,nan,nan
2291,75,0.0,-64.89441109334372,2.054581477256939,-66.67446679165961,0.2363018321890841,,9.673808684572577,9.39692766033113,0.08321832213550806,9.313709338195622,0.0,16.842204147104166,1.5023517021396804,33.337233395829806,0.0,1216.802005334893,158.85253060579356,199.8438030213034,132.30027149981856,29.143344132092835,nan,nan,nan,nan,nan
2292,720,57.05122540238289,194.12808890068777,155.0229096737212,44.69972491890937,5.1888463252856925,8.826092720031738,37.12013096828014,36.53480051737279,0.78924978710711,35.74555073026568,0.3387657478451729,42.26338680325523,22.07546824636938,34.701362942928206,16.300945669806737,11588.878023646712,1342.2232415474514,1967.1019938418444,1359.038113916482,22.614362058235862,nan,nan,nan,nan,nan
2293,118,0.0,-57.594795545979416,11.419150729496769,-68.41370950219849,0.5334133374421459,,12.602730495855212,12.360540691763163,0.13140455819666386,12.229136133566499,0.0,23.847652936603584,6.1449046332523185,34.20685475109925,0.0,1910.616399714378,248.44693599967138,313.2050542028853,216.1955343928202,75.6778770009306,nan,nan,nan,nan,nan
2294,87,0.0,-73.82107807400214,2.094140732067955,-75.58034167159377,0.28033232745721554,,10.532625355757773,10.263534033671021,0.09670553170144558,10.166828501969576,0.0,7.378548446245606,1.3475954813833366,37.79017083579689,0.0,1409.7644585902408,193.71684674308386,244.9886744103068,182.10266502284725,12.214040826239838,nan,nan,nan,nan,nan
2295,119,0.0,-63.95699371148655,9.627257118606526,-73.0237357632874,0.5008828727838451,,14.373217481188476,14.0802355799824,0.1315509770065546,13.948684602975845,0.0,21.715201940835183,5.7799695350044304,36.5118678816437,0.0,1934.4004621519134,250.08961582081716,313.6509510979662,237.06659174833314,17.285944166765784,nan,nan,nan,nan,nan
2296,87,0.0,-58.21337901159863,5.8172544304187666,-63.632651641249055,0.3536264883734029,,8.948692429810762,8.732723720371723,0.0960762295871973,8.636647490784526,0.0,10.935273800866883,4.4565658817530664,31.816325820624535,0.0,1412.0387344052433,192.40591311198637,241.4212103287551,158.80762471402033,25.520929138761318,nan,nan,nan,nan,nan
2297,76,0.0,-61.90493520815518,3.666288470064403,-65.23697520752195,0.2934844336799233,,7.536659941077232,7.291253381408751,0.08399926219135523,7.207254119217396,0.0,9.817415544913379,2.423972694252986,32.618487603760975,0.0,1231.5278964168042,169.1152207669543,213.41401960989896,139.19933295446387,42.914974960948975,nan,nan,nan,nan,nan
2298,97,0.0,-66.77863826045767,5.608419085945528,-71.9555111352623,0.38341672178715636,,10.570257439278066,10.334369007498026,0.10725024342536926,10.227118764072657,0.0,20.846234632713106,3.6776151376939894,35.97775556763114,0.0,1571.3520188447774,213.59149409771143,270.1126129533152,168.56764654820427,12.056529688783089,nan,nan,nan,nan,nan
2299,124,0.0,-69.18680705828955,8.621041691172076,-77.20964297327158,0.531232209082087,,13.246325897984207,12.978846063837409,0.13699600379914045,12.841850060038269,0.0,26.77983458367115,5.388037914842295,38.60482148663579,0.0,2009.2557198337106,281.0587547330872,356.1506918347806,224.74961787413102,88.24747872825871,nan,nan,nan,nan,nan
2300,67,0.0,-61.02753230680133,1.565272436902632,-62.379853167010204,0.18503443611495926,,7.579654377885163,7.32937428727746,0.07453422900289297,7.254840058274567,0.0,14.2692897267202,1.3121115472177616,31.189926583505102,0.0,1087.4034438767076,128.92215221553997,159.9293358872446,126.4144845194322,19.07793486054776,nan,nan,nan,nan,nan
2301,79,0.0,-70.35221094580098,1.5149055956417459,-71.58594011108885,0.2433163339914535,,8.991915334947407,8.734013096429408,0.08749506622552872,8.646518030203879,0.0,8.807076009879365,1.25906907319218,35.79297005554442,0.0,1280.5753305550459,170.35676946656451,216.73092933976872,136.61937337888816,60.10904684330359,nan,nan,nan,nan,nan
2302,720,36.51416082397327,113.64939434782067,116.3144618853972,1.8918623845396496,4.1861876836046665,24.006723403930664,43.27862490527332,42.71408056933433,0.7896707290783525,41.924409840255976,0.3301587328314781,41.332373033901725,16.045276494263653,35.56822963170345,11.557975331333036,11615.042518837661,1396.1517603175657,1913.9478405440946,1334.9855535039553,144.41701257492758,nan,nan,nan,nan,nan
2303,720,44.05040114809634,136.52730926845712,132.80359085373757,8.982326721437957,4.872108513394443,,44.70039082504809,44.45502610132098,0.7877378985285759,43.667288202792406,0.0,42.24435086386695,18.432803975482344,39.55923778737736,20.55848735373536,11582.786189464545,1392.3367536947549,2010.1583646334393,1330.4594223792187,30.013040671186644,nan,nan,nan,nan,nan
2304,83,0.0,-78.78292291605632,0.4107073145705175,-78.91049605377566,0.2380243432718258,,11.833739439956844,11.560513878241181,0.09147070720791817,11.469043171033263,0.0,4.581728704902891,0.28997143472452197,39.45524802688784,0.0,1342.592728047799,184.93749172441633,235.5459442861762,151.33491798966608,70.28769341514246,nan,nan,nan,nan,nan
2305,108,0.0,-74.14906974035584,5.623041017966935,-79.29208223447995,0.424815394423409,,11.485389181412756,11.241863118484616,0.11863160971552134,11.123231508769095,0.0,27.22505786412683,3.584254971971063,39.646041117239974,0.0,1749.8480947042724,240.6714876611128,305.36054104894737,192.6241727832915,61.302588452161814,nan,nan,nan,nan,nan
2306,75,0.0,-56.45696817114974,4.648816950235103,-60.76623314736706,0.2998343792275038,,8.135009444318712,7.886868596076965,0.08300412353128195,7.803864472545683,0.0,10.452175810575014,3.5960432075417064,30.383116573683534,0.0,1216.572789129735,165.7179145679125,208.6337218246549,138.1316814493176,29.13018724209702,nan,nan,nan,nan,nan
2307,97,0.0,-76.30481434000384,3.3873259412399856,-79.2797184114788,0.35509354850821095,,9.959940794855356,9.72308683488518,0.10705615300685167,9.616030681878328,0.0,15.78365148325564,2.307026763495426,39.639859205739405,0.0,1569.1683083801586,226.41730250351497,288.82432776965896,191.4626740822793,41.39725218065141,nan,nan,nan,nan,nan
2308,133,0.0,-68.53615989547747,10.56642727733796,-78.43427062774532,0.5919997299859918,,13.586647253483534,13.311692927964032,0.14662128686904907,13.165071641094983,0.0,29.544396785090324,5.870216063455405,39.21713531387266,0.0,2157.3780461617052,301.9829068377111,381.87378395559466,252.7077911414115,52.472061145803366,nan,nan,nan,nan,nan
2309,134,0.0,-57.441438904007555,13.445255116486052,-70.21728750777166,0.6103491286857874,,12.412649611011147,12.164201511070132,0.14758598990738392,12.016615521162748,0.0,21.73997583270363,6.819765973693992,35.108643753885836,0.0,2169.93645581398,272.1599689881894,341.40886554494296,244.15458499665746,36.98706397790501,nan,nan,nan,nan,nan
2310,95,0.0,-69.66335171515767,4.858198016537676,-74.1200497630346,0.35608928140434726,18.29671859741211,11.767781846225262,11.215905684046447,0.10496717039495707,11.11093851365149,0.2927703969180584,13.552132731665811,3.171730553232447,37.06002488151731,0.0,1538.7731108840314,203.64442022363752,257.80925644137926,170.81784122319493,36.85451679085591,nan,nan,nan,nan,nan
2311,78,0.0,-71.08419558732876,1.162113410321003,-71.97450359265584,0.22952677143619415,,11.514216885901988,11.233126324601471,0.08902446273714304,11.144101861864328,0.0,8.122893267022095,0.9604722633313275,35.98725179632792,0.0,1263.4266859918578,168.48211391893742,212.71392181917383,149.22528614331492,23.613090928076844,nan,nan,nan,nan,nan
2312,720,69.20674570809379,217.73460009223197,159.11893434783642,64.40704923337671,5.407057916060733,,41.18293722998351,40.89470390789211,0.7931260783225298,40.10157782956958,0.0,42.25853184978008,21.7613653274325,37.003221091405436,19.63666691042155,11583.508559148759,1353.8246226808985,1997.8084614811728,1316.8301254988671,155.03632153592986,nan,nan,nan,nan,nan
2313,78,0.0,-66.926581419071,2.5514490371228176,-69.15997416251932,0.2786914541922229,,8.301733360625803,8.06953930389136,0.08653079532086849,7.983008508570492,0.0,11.80844511402262,2.044573402090179,34.57998708125965,0.0,1264.655320594442,179.8124603756004,228.14993997777694,134.84478013657096,70.50334567087111,nan,nan,nan,nan,nan
2314,90,0.0,-69.5202285482488,3.861311941162971,-73.00870550367368,0.32676859376449907,,10.563415000215173,10.307430194690824,0.0993898045271635,10.20804039016366,0.0,11.258817976279822,2.5950439672351275,36.50435275183684,0.0,1457.3752093678152,197.0434879183552,250.45291583055769,166.107645176437,51.369347144074545,nan,nan,nan,nan,nan
2315,720,68.13451909755322,243.90628840975413,175.91921301691502,73.75402244547034,5.406843675179166,1.7913143634796143,43.13850021455437,42.504167603328824,0.7891166880726814,41.71505091525614,0.34859141800552607,42.2623322673646,24.07489000336903,31.257507874818057,13.05186036461147,11591.789936126659,1271.0934140806048,1900.556919023029,1297.1405195683353,73.86431341822833,nan,nan,nan,nan,nan
2316,178,0.0,-58.80830070783449,20.284535438145067,-78.09822038977082,0.9050484961237488,,17.222745121456683,16.96400162857026,0.19865623489022255,16.765345393680036,0.0,32.46529090769429,8.126138060485134,39.0491101948854,0.0,2875.436403492562,384.6211486168243,489.6455002435658,319.90729260697844,108.14946885721697,nan,nan,nan,nan,nan
2317,65,0.0,-62.20680295274768,0.7673292592478705,-62.7627144530184,0.18350188514331953,,6.76825537905097,6.538423377089202,0.07285726256668568,6.465566114522517,0.0,3.484246806524231,0.5378734682146965,31.381357226509195,0.0,1054.8429027326763,138.90963989441283,174.92170254368,111.38947642391813,34.89433431323037,nan,nan,nan,nan,nan
2318,115,0.0,-62.84080785354794,9.748254961678622,-72.03866842810135,0.4932142801225447,,14.47596762701869,14.215529547072947,0.12819961830973625,14.08732992876321,0.0,22.676728064446053,5.486310855197571,36.019334214050666,0.0,1861.5320079927499,244.01439996345826,308.0850054598004,202.48245315519108,45.614056473183155,nan,nan,nan,nan,nan
2319,67,0.0,-65.59983758910438,0.721103710420619,-66.10812194673623,0.18161690976819403,,9.452641381882131,9.185130225494504,0.07489144895225763,9.110238776542246,0.0,1.6204122971824286,0.3197755745872764,33.05406097336811,0.0,1085.4126487974695,138.66431346684615,173.39570537603845,133.1623150861298,42.08783947639287,nan,nan,nan,nan,nan
2320,720,50.407140366251504,160.46557750910065,139.98952796411743,25.95807491235331,5.088469714654347,,42.87067194469273,42.63892977125943,0.7903695171698928,41.848560254089534,0.0,42.225608053643,19.845353404330943,37.42810291007485,27.105849956470667,11582.39999999994,1423.283930049014,2055.5120468020928,1285.646616787157,72.9566734737116,nan,nan,nan,nan,nan
2321,78,0.0,-60.049718916831516,3.793181859520753,-63.47340207037761,0.32470245455985475,,10.27928371541202,10.018844959326088,0.08684951812028885,9.9319954412058,0.0,10.641395118925328,3.508279145301673,31.7367010351888,0.0,1265.5935609992605,185.50645723315066,233.26694793824313,147.74158821818008,45.70334533324881,nan,nan,nan,nan,nan
2322,720,53.458625785779034,158.5521178827758,132.10723712980703,31.52514598645689,4.6893502045561135,5.674621105194092,39.7759800106287,39.15809718333185,0.7901046806946397,38.36799250263721,0.37550654727965593,41.888516349476966,18.28058453778249,37.69605279255058,15.663084969296722,11591.678085811842,1401.8065640060815,1959.4017924173882,1373.469447449514,209.09061766088843,nan,nan,nan,nan,nan
2323,121,0.0,-58.30772600712774,12.729235711599852,-70.44660180572754,0.5331799254175632,,12.34940230846405,12.107203214429319,0.13554262183606625,11.971660592593253,0.0,26.24895528006567,6.244747140317357,35.22330090286378,0.0,1955.6799272013914,253.5693562139591,320.3040650259974,229.12914619479895,69.47239693669097,nan,nan,nan,nan,nan
2324,720,46.68786931799023,132.18955795919655,120.19782989869942,16.895073507595484,4.505668207541796,,43.431890124455094,43.18423976376653,0.7914206339046359,42.39281912986189,0.0,42.064650927528305,16.474347168140856,38.24033256419248,10.284835240814862,11604.387430644763,1432.5957385656723,1972.6480804719017,1361.4659936058915,200.95120218644016,nan,nan,nan,nan,nan
2325,70,0.0,-60.34970617079683,2.5955189257650684,-62.648309076320174,0.2581812041099654,,8.25429989490658,8.01825546938926,0.07775378413498402,7.940501685254276,0.0,8.2733126500214,2.258579308329736,31.324154538160087,0.0,1135.7787972107385,161.58517795799565,204.18889156623655,113.0180930572241,62.977283111956034,nan,nan,nan,nan,nan
2326,98,0.0,-61.24132818564178,6.750008108733372,-67.52380156894064,0.41881155404072884,,12.55824399087578,12.2851985944435,0.1082895714789629,12.176909022964537,0.0,19.742671850698272,4.615141220651732,33.76190078447032,0.0,1586.8235188184694,216.36029089652843,273.5279941105528,165.06620409205541,66.31230862454383,nan,nan,nan,nan,nan
2327,97,0.0,-62.96198562074224,7.0209177311235695,-69.5654950004328,0.36906819625450393,,11.196403310634196,10.931988724507391,0.1073346771299839,10.824654047377408,0.0,13.198754205366635,4.429217630138694,34.782747500216416,0.0,1575.890909961618,203.2429448906227,256.7538461697781,176.16424958860952,63.852806323138594,nan,nan,nan,nan,nan
2328,98,0.0,-61.15885581957879,7.677168720763214,-68.33005952547316,0.4503255011597539,,10.775504612363875,10.513115578331053,0.10845687799155712,10.404658700339496,0.0,20.952057366232907,4.630632082679884,34.16502976273659,0.0,1586.6313180339666,222.73454083207912,282.7143238914585,173.03329366487228,84.4225338060064,nan,nan,nan,nan,nan
2329,124,0.0,-51.62897902809823,13.197949745976732,-64.1468896335003,0.6146060508956382,,12.416866241954267,12.166074772365391,0.13826550263911486,12.027809269726276,0.0,28.836990626648788,7.96124987429848,32.07344481675016,0.0,2021.6172272625117,275.6071620443123,343.2098490688031,220.05089831033743,32.354382049773086,nan,nan,nan,nan,nan
2330,102,0.0,-73.70712693083014,4.094002627156574,-77.37322557058408,0.3751097358593977,,13.193464372307062,12.917979589663446,0.11324349790811539,12.80473609175533,0.0,22.71214110786264,2.934583212639517,38.68661278529204,0.0,1654.8245171896506,216.03601527425116,272.1701632289006,198.0900766094831,66.66023940476916,nan,nan,nan,nan,nan
2331,720,64.46748179910038,207.2734002982335,157.25533801301597,55.798432465143904,5.369550024385902,15.922801971435547,43.083412528038025,42.404359770938754,0.7889819368720055,41.61537783406675,0.4090196453034878,42.25769979721745,22.381254970896812,36.568265566528424,12.705478438597387,11594.267002578576,1380.4376972755972,1998.6768996952885,1369.7570488687772,168.59102575765817,nan,nan,nan,nan,nan
2332,720,30.38431481367144,89.69725925476274,109.8882875966711,-15.87134712832431,3.959831084158207,,46.11866164859384,45.846566466614604,0.7888683155179024,45.0576981510967,0.0,42.11699615796613,14.95354958782332,38.31998837783359,11.813073164399787,11598.244567370552,1398.3480033354613,1864.818191199053,1309.6483486998638,143.02921425097327,nan,nan,nan,nan,nan
2333,80,0.0,-59.52076327271219,4.190703631818897,-63.36272444172732,0.30933882405604324,,10.791706257499754,10.52138414606452,0.08807009644806385,10.433314049616456,0.0,14.684814828735568,3.391075817686257,31.681362220863647,0.0,1298.2099520443264,172.85871575626163,217.8447706551589,139.69840005317397,61.907794399441876,nan,nan,nan,nan,nan
2334,80,0.0,-60.512761039417526,4.0670174757394335,-64.23648524924187,0.30004307063756186,,10.11083582881838,9.85036180075258,0.08802501391619444,9.762336786836386,0.0,15.69842761159864,3.286668073681392,32.11824262462094,0.0,1297.3117851106927,174.22676263606937,219.71569390310327,154.29062621356127,47.14455240495302,nan,nan,nan,nan,nan
2335,720,56.816836279230124,167.64753488477393,135.68441958662137,36.81157590533287,4.510999709115096,8.392387390136719,38.987623773515224,38.407051724381745,0.787128234282136,37.61992349009961,0.3224984770640731,42.26363783403286,18.60733988552973,38.41104832656368,11.683071465898443,11604.59226703072,1310.7957993537866,1873.2615436941912,1312.017071293154,164.02411604546677,nan,nan,nan,nan,nan
2336,146,0.0,-58.67107851578042,15.103972335385254,-72.92026583912069,0.7687023935677645,,11.665610303170979,11.433869677595794,0.16232244111597538,11.271547236479819,0.0,30.22426643433426,7.885822791570521,36.46013291956035,0.0,2374.5171727066986,339.9248085210706,428.3744279610224,257.1031973102876,90.87672005207402,nan,nan,nan,nan,nan
2337,105,0.0,-69.20861603006402,5.839082331270382,-74.67139481352328,0.32019249818283463,,11.383723062463105,11.119819714687765,0.11613477393984795,11.003684940747917,0.0,19.08717745715037,3.6848716061652027,37.335697406761646,0.0,1702.2164840044566,185.61467360395517,233.2632548838974,213.81376918847334,58.966810832225825,nan,nan,nan,nan,nan
2338,129,0.0,-45.484576334755594,15.557254237080302,-60.30850567121885,0.6642079563619561,,13.248177606612444,12.97650816757232,0.14226156752556562,12.834246600046754,0.0,26.256276656078626,8.708567826142028,30.15425283560942,0.0,2105.3793705591675,278.1745492772705,345.84339089665315,234.62688165870082,69.9813035803977,nan,nan,nan,nan,nan
2339,720,54.217078184516396,164.2003625916426,135.94655455178,33.18694013567659,4.557947405760484,,38.37580148410052,38.155979295261204,0.786096416413784,37.36988287884742,0.0,42.263900368285704,18.611181669210154,37.6236081166781,11.471311874383392,11599.247348029761,1320.8642243365157,1889.16975715003,1407.3496047782771,95.26997962201058,nan,nan,nan,nan,nan
2340,720,48.94679743433123,145.04834317595044,125.8590933881671,23.775771806654006,4.220103884520723,6.689548492431641,40.04436362814158,39.447667203843594,0.7891308767721057,38.65853632707149,0.3634496731683612,42.24414463650116,16.905868470405007,37.05891153100423,10.006286768019015,11607.839594043813,1320.9898073373668,1837.5209290726793,1341.2149222938563,133.08782638128014,nan,nan,nan,nan,nan
2341,80,0.0,-70.33910783769295,1.9440159519401934,-71.94730347415724,0.29393720316415145,,9.668377445079386,9.40022249892354,0.0901965145021677,9.310025984421372,0.0,13.978243112668357,1.6601468002254873,35.97365173707861,0.0,1296.7038697827268,197.42405512732836,251.33490204776678,132.36243259453067,36.71428570812912,nan,nan,nan,nan,nan
2342,82,0.0,-60.117257898256106,4.746422010356396,-64.4700024757429,0.3504334656860766,,10.923155698925257,10.659425259567797,0.09097529016435146,10.568449969403446,0.0,23.022220304864966,4.033592823889799,32.23500123787146,0.0,1332.234161569176,193.4138209109015,243.9743030881853,143.2568086565924,61.27920902269271,nan,nan,nan,nan,nan
2343,90,0.0,-58.54799812118219,6.903181325363435,-64.99657422583755,0.4049759795410899,,11.728068836033344,11.477503241971135,0.09930225741118193,11.378200984559953,0.0,16.317079088373518,4.35452417958889,32.498287112918774,0.0,1457.3000081324155,201.71791710635281,255.80426383836036,177.2811375365779,85.27582723970085,nan,nan,nan,nan,nan
2344,720,65.11032104486951,195.89781710609378,146.10485875178787,55.07351456848532,4.900187094678192,,40.781999996863306,40.53399703744799,0.786532343365252,39.74746469408274,0.0,41.547180551672504,19.685899956101352,37.57356376062685,16.19537817945142,11586.660900824261,1319.8338543830687,1905.5050010935608,1352.1452021518687,180.936707592591,nan,nan,nan,nan,nan
2345,112,0.0,-69.45269067514936,7.993002224867519,-76.92605712866083,0.4659449742236028,,15.030856910161674,14.738738969899714,0.1238538920879364,14.614885077811778,0.0,17.020295412027487,4.262358367637673,38.463028564330415,0.0,1810.9167257223382,244.91035752081038,311.78343564910165,184.46201270130837,84.60514174597938,nan,nan,nan,nan,nan
2346,77,0.0,-59.13692888917393,4.46415767614692,-63.249364366549386,0.3087506125996701,,9.698747655376792,9.425484078936279,0.08545761741697788,9.340026461519301,0.0,22.823701905715687,3.1652993166789343,31.624682183274704,0.0,1248.4821984300531,170.2001040044279,214.6267987415853,142.95293111676924,72.00779917403352,nan,nan,nan,nan,nan
2347,720,59.17005194754713,168.68181374194918,132.9856746784336,40.493170678634314,4.431663858724339,3.5115621089935303,42.83006629347801,42.234548832289875,0.7881911071017385,41.446357725188136,0.363451711833477,42.22522415249462,18.093501818712607,38.92346660822997,12.321498573272557,11593.570544121678,1311.6954259090749,1855.1644237692808,1324.7254258413404,91.67690503456181,nan,nan,nan,nan,nan
2348,109,0.0,-59.71005976959205,9.017983272549703,-68.1756053034509,0.490952762582091,,12.366751310415566,12.104731912724674,0.12217957898974419,11.98255233373493,0.0,26.65026573879656,6.086230159024324,34.087802651725454,0.0,1775.494713126696,238.71321207455952,297.4481697040422,213.74266580112797,64.40172660410713,nan,nan,nan,nan,nan
2349,720,49.968574592998024,162.82712240700218,131.6744044386005,36.28024187602078,4.742661647406162,,38.204783217050135,37.956263094209135,0.7895121239125729,37.16675097029656,0.0,42.233980374675546,17.540122826877834,31.828453654987626,14.508969652227746,11591.80444822363,1413.4178899959265,1975.5528955788839,1356.3286626095348,242.3753331417642,nan,nan,nan,nan,nan
2350,720,58.51366155560021,186.76943257925174,137.55030043600328,54.40653034491751,4.817069584122311,0.6415175199508667,40.3863661698997,39.838015306741,0.7893098304048181,39.04870547633618,0.32170981261879206,42.26257683691867,18.378802514662944,31.310396383141452,17.247661343177096,11589.660665712123,1376.3360221795226,1947.3770788083773,1292.316033335134,270.008884367796,nan,nan,nan,nan,nan
2351,720,40.14596130917457,122.03412603059327,115.63129371784827,11.230598129830739,4.432254777445328,,43.02089275792241,42.777556071057916,0.7932633580639958,41.98429271299392,0.0,42.153818172974916,16.081878774782997,34.530662244259176,9.618237753407124,11646.300467633388,1480.3417769396613,1982.3005103433431,1354.1661208352673,76.48783290171127,nan,nan,nan,nan,nan
2352,720,77.05016411267071,216.91635700111073,147.20620981498155,74.94985946090297,4.852117142484772,12.034417152404785,40.01545950304717,39.50122644659132,0.7880712635815144,38.7131551830098,0.2829817123711109,42.26361262745482,19.216532810437478,39.57523438221923,26.694069763069493,11582.399999999927,1343.3671624652875,1918.1757233433573,1396.8324481342247,55.455697884656004,nan,nan,nan,nan,nan
2353,71,0.0,-58.16198858740836,3.5309475030315087,-61.422528203712446,0.2414986054941831,,7.409156562760472,7.1787281185388565,0.07919033337384462,7.099537785165012,0.0,18.942653538168774,2.9087260430389787,30.71126410185623,0.0,1152.1318202573661,144.10641830667245,179.90329645886843,120.57850302650318,34.55330062211542,nan,nan,nan,nan,nan
2354,111,0.0,-67.55170574270666,7.624124411487068,-74.60952900503081,0.5136699715648141,,11.388122454285622,11.146188590675592,0.12272379826754332,11.023464792408049,0.0,30.71756091701769,4.923877004236968,37.30476450251542,0.0,1801.2394176342505,252.28196116323312,318.0874640069036,188.12905887411637,100.5356180457593,nan,nan,nan,nan,nan
2355,128,0.0,-51.74476154200572,13.326997059438364,-64.36465661418488,0.6447336614451883,,13.887950234115124,13.603803724981844,0.14048419427126646,13.463319530710578,0.0,25.2459583015137,7.697808152991194,32.18232830709244,0.0,2078.151671614103,281.5419875449744,353.77813400643873,224.43422165634178,15.531272257104153,nan,nan,nan,nan,nan
2356,109,0.0,-71.76344555486234,5.824137724134274,-77.07138493196116,0.4539947669880796,,12.499665132723749,12.22909496538341,0.1196234617382288,12.109471503645182,0.0,17.895791880064156,3.923134865347154,38.53569246598059,0.0,1763.9569141977083,249.99142078313844,318.5199602790445,193.81972181427184,69.99827500779779,nan,nan,nan,nan,nan
2357,198,0.0,-46.358088211540675,23.25144301176059,-68.58660745619356,0.9312385663122577,,16.314981376752257,16.040608142502606,0.21641768608242273,15.824190456420183,0.0,36.29057168342121,9.809317698808107,34.29330372809676,0.0,3226.022551105714,404.7128052427997,502.40832284589493,362.82673377196943,14.266631456843134,nan,nan,nan,nan,nan
2358,720,54.026194581366646,166.58615483990593,138.9050358314538,32.93465876157329,4.873495490996605,,44.10003527160734,43.873134159483016,0.7855762653052807,43.087557894177735,0.0,42.263552008331416,19.343843511879104,37.55886520058,17.648852856220675,11585.762590850625,1374.583183470254,1967.137834399722,1343.5250294201114,227.3101992964126,nan,nan,nan,nan,nan
2359,66,0.0,-63.3671328743267,0.7503227702666752,-63.88547814139008,0.1952750791532846,,9.403531707823277,9.130025167949498,0.07290462497621775,9.05712054297328,0.0,2.0143719654632246,0.5942709388730838,31.942739070695037,0.0,1070.069262100316,147.3160912250099,184.85702119619987,131.77136739567214,7.870633806780138,nan,nan,nan,nan,nan
2360,131,0.0,-51.28048738704538,14.250243263356465,-64.86098954660966,0.6111859235701732,22.270933151245117,15.75947652477771,15.159599675796926,0.14415272511541843,15.015446950681508,0.30371478758752346,22.89945717020314,7.273300564945093,32.43049477330483,0.0,2122.3021647538885,266.4144194788355,334.00996498773554,212.14005385975295,33.10316121392592,nan,nan,nan,nan,nan
2361,720,49.4536604385424,150.36692605520764,132.8644459706612,22.278881289444996,4.406899190905532,,38.95510512124747,38.705434296280146,0.7863041050732136,37.91913019120693,0.0,42.253695960074054,17.632607768892246,38.3142197938199,22.232705574591627,11582.87923944092,1269.7001734849814,1826.5374573530394,1342.9544690509651,134.67573836700987,nan,nan,nan,nan,nan
2362,72,0.0,-69.92157770166835,0.5297395204357707,-70.21166336823195,0.20409723378168196,,10.107025740668178,9.854197766631842,0.0793518926948309,9.77484587393701,0.0,2.6018863056207957,0.43490583421343415,35.105831684115984,0.0,1165.6353785033868,155.59008893254867,197.5067923890651,126.25723446904033,23.68881162167876,nan,nan,nan,nan,nan
2363,138,0.0,-61.13224542973731,13.280643860325277,-73.63510370384324,0.6906260388018736,,12.873127751983702,12.621670285239816,0.15282419882714748,12.468846086412668,0.0,29.904953028972017,7.091584063481747,36.817551851921614,0.0,2243.5896877304795,312.4117278429391,394.3756288953574,245.14795685347656,53.47829331154554,nan,nan,nan,nan,nan
2364,107,0.0,-71.7273551430925,6.903855398071651,-78.1340951805117,0.43953626246360034,,9.825363606214523,9.596178561449051,0.118524762801826,9.477653798647225,0.0,18.59594056052019,3.805091935577413,39.06704759025585,0.0,1731.0666435527744,230.86770688021937,294.21003660497735,206.03960554185053,74.95726743491473,nan,nan,nan,nan,nan
2365,720,30.469093150238376,92.85955768732323,114.95260634923422,-17.437037478117567,4.2637771609776856,19.7275333404541,41.77895941864699,41.16539859492332,0.7932298015803099,40.37216879334301,0.3482752041891217,42.26343258594554,16.049706348970652,39.187611889297166,9.0264082242067,11642.572026451753,1412.3975602425571,1931.70917908846,1321.2100101424046,105.73365072787018,nan,nan,nan,nan,nan
2366,76,0.0,-59.06755364775687,4.044105341642134,-62.80265272948067,0.2737136637545461,,11.28722453955561,11.018911466002464,0.08530319016426802,10.933608275838196,0.0,18.924992990880522,3.4288640284420526,31.40132636474034,0.0,1236.9444720107042,160.39486904454424,201.02124454977803,128.82251893253934,12.731195745145623,nan,nan,nan,nan,nan
2367,720,39.24363581549166,123.6816419349186,129.7089652550913,-0.9575674382388684,4.699898682445254,,35.67150563746691,35.46529589034617,0.7934734215959907,34.67182246875018,0.0,42.21117546519965,18.110344962905888,39.72241953461109,22.226291646824308,11582.709687923329,1358.9769731322087,1952.949475664734,1320.7726008356365,125.57808025416851,nan,nan,nan,nan,nan
2368,163,0.0,-61.36189758568773,18.098775212490285,-78.51108020848461,0.8716843119606226,,13.583549560047686,13.369275161996484,0.18072759173810482,13.188547570258379,0.0,27.003707370984856,7.569317758207797,39.2555401042423,0.0,2632.1273226177805,366.4382754719675,471.78749518981294,267.2933916057833,67.45061160937563,nan,nan,nan,nan,nan
2369,73,0.0,-69.98326186681437,0.6328448149739855,-70.38052267398533,0.20076707600403748,,8.77712444588542,8.53902371507138,0.08160686679184437,8.457416848279536,0.0,1.6851021630630791,0.4780426926677261,35.19026133699266,0.0,1181.601994726839,152.87156498895104,193.46324524773587,137.33449775700973,28.366943216408774,nan,nan,nan,nan,nan
2370,62,0.0,-62.605686802926996,0.22937535902777453,-62.6372483180963,0.16768453159297145,,8.689160676673055,8.428826350718737,0.0695495642721653,8.359276786446571,0.0,2.2389943147066536,0.23348869925515617,31.318624159048152,0.0,1005.3876120447933,133.9201543482958,168.21697656370085,115.31899523257583,5.148010324118669,nan,nan,nan,nan,nan
2371,73,0.0,-68.32759827005594,1.2346861999444803,-69.2980834812231,0.22540717474759597,,8.537771008908749,8.287462572567165,0.08173903357237577,8.20572353899479,0.0,2.513445511323332,0.8588296468182495,34.649041740611544,0.0,1181.9426403227853,163.165448582017,205.69945834093647,135.73661425727514,4.8487479798695325,nan,nan,nan,nan,nan
2372,112,0.0,-74.16780787976023,5.82229664527259,-79.51504327917291,0.4211178080668495,,12.34959924314171,12.091254651546478,0.12502288166433573,11.966231769882143,0.0,21.963693983007662,3.888451968898233,39.75752163958646,0.0,1813.748716908101,241.78915433623627,308.11391708047427,195.8464159112487,17.945224022686716,nan,nan,nan,nan,nan
2373,98,0.0,-69.48608686861904,5.044525671980433,-74.1331157177407,0.3502980993949526,,13.007673271000385,12.73219892848283,0.10935088712722063,12.62284804135561,0.0,18.53510819424809,3.4327220215337313,37.066557858870354,0.0,1587.6371221184327,203.02444670516672,255.87752020859193,178.09993487085433,42.89064425628801,nan,nan,nan,nan,nan
2374,116,0.0,-68.24771851907106,8.952419643948646,-76.67119359548568,0.481082704340953,13.951438903808594,13.27527876663953,12.721534358337522,0.12933430541306734,12.592200052924454,0.30059845745563507,11.809727768458751,4.84156401667494,38.33559679774283,0.0,1878.7050950911503,240.58191714476607,303.5241584672321,207.28359244938832,32.37014619874982,nan,nan,nan,nan,nan
2375,95,0.0,-69.994378431148,4.32790836812338,-73.91322526635403,0.35666261192739573,,13.126818934455514,12.84858182631433,0.10695653781294823,12.741625288501382,0.0,16.95221526373273,3.064836294745257,36.956612633177016,0.0,1537.7239613667102,210.40049019100144,267.9801989728564,187.06611633638892,49.54141292267203,nan,nan,nan,nan,nan
2376,63,0.0,-61.602262814577585,0.9510488012944105,-62.32292880622854,0.19708965724925928,,8.3450069995597,8.071843729354441,0.07018059305846691,8.001663136295974,0.0,4.038705063661813,0.8016104262101527,31.161464403114277,0.0,1021.764547170246,144.8424904578196,183.3840945533804,104.98150473135091,21.67941633038203,nan,nan,nan,nan,nan
2377,72,0.0,-61.01960418466077,2.3923886671626233,-63.14777919212938,0.23247168098978202,,11.262192242778838,10.960636336356401,0.07991735823452473,10.880718978121877,0.0,13.895450181667927,1.9802098922873779,31.573889596064692,0.0,1167.9136107744498,148.94434897418247,187.19538775429112,135.65035153115107,38.197748066591096,nan,nan,nan,nan,nan
2378,720,28.200828757292705,83.26016583731347,107.95243226144314,-20.404521586416323,3.926480489234075,,40.93715817015618,40.686727807857096,0.7871848279610276,39.89954297989607,0.0,42.26351304604344,14.900416559361323,38.403089550500844,8.93680877856873,11631.068810264305,1382.6768221305663,1838.692573326307,1343.2175308668652,20.262024244419774,nan,nan,nan,nan,nan
2379,161,0.0,-41.62452341357893,22.07766794882267,-62.86961507297231,0.7646992689340001,,13.416133287362754,13.18193509336561,0.1773752747103572,13.004559818655252,0.0,25.630667646954972,9.032543481625009,31.434807536486147,0.0,2605.637538589418,310.2854143570628,388.53503425789336,302.39334222798794,38.870214323283086,nan,nan,nan,nan,nan
2380,720,55.95544874957275,169.98067292715407,142.80290349401918,32.52371114202168,4.976839757392168,7.249393939971924,43.795161127112806,43.165076666511595,0.7903708973899484,42.37470576912165,0.3733044220134616,42.223191799643395,20.047097488224637,39.69359317856191,14.374711358148076,11594.792460361014,1378.6118109387337,1972.227361871585,1317.8891540703178,60.095466838373746,nan,nan,nan,nan,nan
2381,88,0.0,-58.19819969299324,6.148861777153008,-63.95235027217264,0.35768504616491914,,10.591058997437358,10.329101506620646,0.09784490428864956,10.231256602331996,0.0,18.816089269329087,4.6502114594368384,31.976175136086326,0.0,1431.75748518236,184.20720568427134,229.316959215801,166.24587892962708,43.28970958283576,nan,nan,nan,nan,nan
2382,720,60.83536339035408,180.02068792308918,132.7957973456846,52.17940825841936,4.572056803443269,,41.13007992506027,40.8720753416419,0.7858486408367753,40.08622670080513,0.0,42.11246788393874,17.531462642782515,34.745659261144404,17.537538032064774,11586.4830472246,1394.845313046233,1913.201432744634,1385.1854249530222,100.03086947024067,nan,nan,nan,nan,nan
2383,720,46.856038181015506,131.65633992022308,120.4247552241866,16.242809388485995,4.610067403484978,6.403718948364258,40.4742373181507,39.92809771001339,0.7861538883298635,39.141943821683526,0.28944085724651814,42.24874398472899,16.675042992345105,38.734633486772516,11.997793705494459,11597.261870059334,1428.0557418758387,1993.9222917625052,1378.9742763977486,117.20001498845163,nan,nan,nan,nan,nan
2384,65,0.0,-64.68160944387537,0.35319453725428174,-64.82012809330266,0.18145535444419883,,9.0568130556494,8.802075369283557,0.07336148619651794,8.728713883087039,0.0,1.811330692377754,0.28366067078765084,32.410064046651335,0.0,1053.3540900669957,140.9452305322363,177.84439252839084,116.73408229405894,25.175935552088703,nan,nan,nan,nan,nan
2385,80,0.0,-66.55296927541389,2.7005747697686444,-68.9146084028288,0.2957918585227155,,9.371546222828329,9.118884921073914,0.0892593739554286,9.029625547118485,0.0,7.443988034881278,2.0998612761397686,34.457304201414395,0.0,1295.9507982801092,189.38817616303794,241.05034383934958,143.23570528666326,67.71095686098101,nan,nan,nan,nan,nan
2386,720,60.00884918328882,206.9982389205593,160.78983222770745,51.9167539343774,5.323230477601367,,40.725531426258385,40.4704611049965,0.7915031015872955,39.67895800340921,0.0,42.262542051263324,22.50866895851224,34.050472216100125,13.826838437196242,11590.86452090218,1333.877957940363,1975.6099781177556,1300.8139490063318,89.83302987747244,nan,nan,nan,nan,nan
2387,60,0.0,-62.71492583322889,0.034563773598996546,-62.55997693427696,0.15826014870604668,,9.203850128687918,8.923962788656354,0.06664546951651573,8.857317319139838,0.0,0.22338885430556782,0.0037231475717594636,31.279988467138477,0.0,972.3464036941368,128.30473288869672,161.90395315063748,114.01564955592274,16.937147570269016,nan,nan,nan,nan,nan
2388,720,46.02675679268394,133.6294540264299,120.07341422902125,18.18894012042611,4.257751454248215,3.3270254135131836,43.88736257236451,43.311538537964225,0.7913067182525992,42.520231819711626,0.32859931886196136,42.25619339267401,16.425150293357515,36.932286732470885,13.943577201392788,11590.586493254415,1353.514292312433,1874.9825247419176,1337.1175354962654,55.03092501501618,nan,nan,nan,nan,nan
2389,101,0.0,-73.11899115605459,5.571411473362938,-78.2646946157395,0.3715504329175793,,11.805061404593289,11.552237101830542,0.11539619136601686,11.436840910464525,0.0,20.719036770897983,2.8607458027160084,39.13234730786974,0.0,1633.9186122801786,212.59495575484527,270.4716019590167,195.99100620862893,33.20273092038384,nan,nan,nan,nan,nan
2390,720,70.84684222016826,210.55836481023644,147.03427335842062,68.96851352125873,5.076078004998778,,41.063633414916694,40.81667213048786,0.7977380715310574,40.0189340589568,0.0,42.24878106649846,20.270554354900906,36.362585459538906,12.017538958130272,11595.047909700623,1363.102461799277,1956.7440786515835,1320.7355986155874,215.04079306548599,nan,nan,nan,nan,nan
2391,720,17.71212141033812,71.55815876321653,105.79116293347793,-29.958753017235793,3.918480588209512,0.1003563329577446,43.579524704255164,42.96343297325075,0.7960162153467536,42.16741675790399,0.3310971697792411,42.1420507151554,14.559491693462812,32.691497918956,15.017583656003296,11599.329092218886,1388.4723441862354,1849.2701069519949,1345.7341202953278,168.45628356571387,nan,nan,nan,nan,nan
2392,83,0.0,-70.15314404451308,2.7486467921316566,-72.53353623182429,0.31526491373781257,,10.86222838331014,10.595333641394973,0.09444853290915489,10.500885108485818,0.0,13.391674960963748,1.7637943125309323,36.26676811591215,0.0,1343.0594093317666,188.53806111042942,240.93065661344136,161.48874132647384,28.77890082672653,nan,nan,nan,nan,nan
2393,720,35.48895539131183,111.6164308872359,119.6394383036062,-3.5900490042401003,4.066854720783655,,41.24887543730438,40.98306849785149,0.7937912503257394,40.18927724752575,0.0,42.21776184797262,15.229989631854922,37.283979893431884,18.169485376319624,11588.348906268555,1350.5663782822257,1813.4618669847782,1295.889645903123,19.1879490568312,nan,nan,nan,nan,nan
2394,91,0.0,-74.22988525366796,2.8636966537730077,-76.72209764445311,0.3177081223876801,,11.144032537005842,10.883969859220088,0.10167630109935999,10.782293558120728,0.0,10.674572425453254,2.0131206446962735,38.361048822226564,0.0,1474.3191965034891,201.2943547877554,256.5731762899324,169.13586387673485,10.086202361714681,nan,nan,nan,nan,nan
2395,720,67.33000814872726,203.75387147657474,148.19826205454774,60.89359652031014,4.943482440790836,6.7781195640563965,41.74299421533942,41.16191249527037,0.7932256367057562,40.368686858564615,0.3399374671280384,42.12591096095526,19.891916578341156,36.88320988857219,14.668660355148603,11590.493176890217,1321.6325953052185,1921.2965143233898,1320.8339608579902,26.650246851616977,nan,nan,nan,nan,nan
2396,71,0.0,-65.7347326488461,1.4090101866354419,-66.85111333012517,0.2478335237311557,,10.165567910298705,9.885402920655906,0.08072034921497107,9.804682571440935,0.0,4.932532266440488,1.3156740757727077,33.42555666506259,0.0,1150.617674992419,172.46617177062646,219.01704091020778,130.41893313173424,69.93400497468981,nan,nan,nan,nan,nan
2397,68,0.0,-65.30285126712384,0.9312788200414833,-65.98880295462868,0.2062452884824851,,7.974563625641167,7.727988056838512,0.07693501189351082,7.651053044945002,0.0,3.94642917129907,0.6401771462798204,32.994401477314334,0.0,1101.5427907691167,150.24115004161715,189.84546933555035,132.35083344976252,13.274446121330465,nan,nan,nan,nan,nan
2398,86,0.0,-72.610977532404,1.959746366813843,-74.25862571535998,0.2707173957699764,,12.342541546560824,12.073992737568915,0.09621665626764297,11.977776081301272,0.0,20.719447664358007,1.5228149540670401,37.12931285768,0.0,1391.516419645333,178.30915656439052,224.78882032867813,160.63863798103566,37.3996318316596,nan,nan,nan,nan,nan
2399,720,47.00286269827802,131.88296708936534,122.346438243282,14.455346861029312,4.5545984374211805,,44.15954971592873,43.91859424021095,0.7956929113715887,43.12290132883936,0.0,42.26069589927576,17.353275774274035,39.775189267763366,14.471980185529965,11594.524248224096,1399.9161424483086,1972.7158333698642,1298.0090898867113,138.62596707292752,nan,nan,nan,nan,nan
2400,83,0.0,-78.50355576419972,0.5114068730461983,-78.7144563870867,0.24791140088351493,,11.654852380976081,11.372319949790835,0.09284332673996687,11.279476623050869,0.0,3.1675903486957524,0.3218820863690702,39.35722819354336,0.0,1342.4244774614385,189.22239354736857,241.67891642493595,151.6317748215896,54.33843025871226,nan,nan,nan,nan,nan
2401,63,0.0,-62.33347208215189,0.49260599342952555,-62.63331573549631,0.16677115723397426,,7.455543817020953,7.208378097973764,0.0707012228667736,7.13767687510699,0.0,2.37809629066079,0.3450536553686412,31.31665786774816,0.0,1021.5026365178602,127.89000071057212,160.3533254640947,111.4591405670382,39.359546116779555,nan,nan,nan,nan,nan
2402,86,0.0,-70.22179771791329,2.6789210722611467,-72.56565134801144,0.2895308386913096,,12.029444837011397,11.757531149312854,0.09641207661479712,11.661119072698057,0.0,13.502557010500725,2.076428374560669,36.28282567400573,0.0,1393.332068092546,187.67463280783286,237.18790820096092,155.82734426092247,35.61876941600743,nan,nan,nan,nan,nan
2403,720,51.03690270006661,175.01479232121275,148.51038686679578,32.04521329226682,5.152801621058907,8.091606140136719,37.54670389741659,36.93966364953667,0.7964343074709177,36.14322934206575,0.3775413762778044,42.263701488936036,21.203089352120493,35.0142960539332,16.641766409561583,11590.466425031584,1381.0650072067585,2003.7090634483336,1322.2892711642512,208.47317468386973,nan,nan,nan,nan,nan
2404,83,0.0,-76.09972621186893,1.2268437595735737,-77.01396932274447,0.2673879283429698,,10.20328476652503,9.949754822999239,0.09332925360649824,9.85642556939274,0.0,7.481320990251212,0.6468089924346409,38.506984661372236,0.0,1343.0343759346663,194.72246766422853,249.73756471863805,140.9814681295876,44.051379800570295,nan,nan,nan,nan,nan
2405,80,0.0,-73.05006266052135,0.8128433051985335,-73.60575863747982,0.21383660946969513,,12.050732430070639,11.762547333724797,0.0909660728648305,11.671581260859966,0.0,2.508390077851505,0.6220591958024521,36.8028793187399,0.0,1295.6694189021412,159.3822002313314,203.94109005668747,137.0799622387797,54.36741762337801,nan,nan,nan,nan,nan
2406,103,0.0,-61.678575280826685,7.897837027848107,-69.188247453535,0.3409233814272967,,11.131576417945325,10.87945069000125,0.11468887608498335,10.764761813916266,0.0,15.353958203937758,4.731214449374203,34.5941237267675,0.0,1669.2519789506152,180.1413524569334,225.06642315389374,196.02165030199203,30.539523182523382,nan,nan,nan,nan,nan
2407,70,0.0,-58.97470890917821,2.854745129005979,-61.558699115419785,0.23756997596862214,,8.37715561222285,8.124517036601901,0.07829833496361971,8.046218701638281,0.0,6.164910344461315,2.263026715545654,30.779349557709885,0.0,1134.8774620003005,149.61304715810311,188.27228687594877,128.81594611676186,43.551087013467736,nan,nan,nan,nan,nan
2408,87,0.0,-53.36985532070674,7.1493836970407845,-60.12663592134443,0.34787984742311245,,9.637987580150366,9.346822489984334,0.09650560654699802,9.250316883437335,0.0,16.013053876668447,5.111001412842456,30.063317960672205,0.0,1411.594161942776,171.59611877904916,213.7234529252612,167.67976441077698,55.355216359598124,nan,nan,nan,nan,nan
2409,77,0.0,-56.44226406554081,5.1669920397208715,-61.24938090241603,0.32363735285550344,,7.780933473259211,7.552441914565861,0.08570245932787657,7.466739455237985,0.0,16.352145455334057,3.800796948042325,30.624690451208014,0.0,1250.042007595682,166.1487428837764,207.77717760578645,144.94535752460897,37.61834824505523,nan,nan,nan,nan,nan
2410,71,0.0,-58.1348634435418,3.5721500475454784,-61.41593000095819,0.25357500611104816,,7.585122738033533,7.345772768370807,0.07903499063104391,7.266737777739763,0.0,9.186842241690726,2.3873592852109407,30.7079650004791,0.0,1151.1326760909371,150.22633152438814,188.67984091130938,132.25477965958498,40.86548289311335,nan,nan,nan,nan,nan
2411,64,0.0,-65.53360643438583,0.15994869905740333,-65.4557161460875,0.19816561149588818,,9.031156756915152,8.784024646505713,0.07136228680610657,8.712662359699607,0.0,0.8143938336270479,0.1744479039166479,32.72785807304375,0.0,1036.8551582494783,156.153702070747,198.70373517659147,114.1502979727332,38.706176230769664,nan,nan,nan,nan,nan
2412,198,0.0,-52.85981408620824,22.8291197806712,-74.67985957521992,0.9198181779034919,,14.866320767439902,14.630427248775959,0.21933948900550604,14.411087759770453,0.0,30.718278163373075,9.18637398583662,37.33992978760996,0.0,3218.8835567831493,404.2299441702195,506.0413248125931,346.45893659640603,126.37332758950487,nan,nan,nan,nan,nan
2413,87,0.0,-74.11809894589189,2.2491313776316253,-76.02964639451561,0.28899372323047356,,9.523362411186099,9.280223444104195,0.0968011450022459,9.183422299101949,0.0,13.979202136685188,1.3669481657834601,38.014823197257805,0.0,1408.3751221791877,192.20041411926522,243.71709903551726,166.09291237290523,54.066610859189154,nan,nan,nan,nan,nan
2414,720,50.79181012006174,143.84617536272893,118.52371874946675,29.950951074213336,4.264205270848436,18.443937301635742,45.05197424534708,44.43437196407467,0.7946658926084638,43.63970607146621,0.3358055120334029,42.26302983569079,16.638921916805508,35.816334582955086,14.190031899207039,11604.397127903918,1384.2359549808364,1891.0209773876268,1316.7291673991126,318.31897716592647,nan,nan,nan,nan,nan
2415,69,0.0,-67.00737829083278,0.6099676378322587,-67.3772897071677,0.20471642794432476,,8.967683417722583,8.722935803234577,0.07854213193058968,8.644393671303988,0.0,5.6998786226642055,0.38960001476154255,33.68864485358386,0.0,1117.880895395943,153.89714296752945,194.70646287068752,128.73447355705136,37.41818170126554,nan,nan,nan,nan,nan
2416,62,0.0,-62.42235144439246,0.42861181809386373,-62.642112330302055,0.1753877224867611,,7.47589775454253,7.2290242947638035,0.06980944331735373,7.15921485144645,0.0,2.484654608555755,0.39399259497267464,31.321056165151035,0.0,1005.2802743843139,136.19666756915294,171.39941123644516,112.1131373269454,51.71812905203557,nan,nan,nan,nan,nan
2417,100,0.0,-73.26372517168016,4.928970279197214,-77.75227480424519,0.38351247133557526,,10.977262435480952,10.728313986212015,0.11153277568519115,10.616781210526824,0.0,15.732558710169819,2.753655760974142,38.8761374021226,0.0,1620.7913184742338,219.82954752179737,279.2232601363117,182.4325123240244,56.861582516839796,nan,nan,nan,nan,nan
2418,118,0.0,-61.69521585461215,10.857716590298178,-71.95261684954568,0.5492736047514915,,11.115245173685253,10.885558248497546,0.13065272849053144,10.754905520007014,0.0,22.572656539333803,5.676133541380116,35.976308424772846,0.0,1908.0390908756253,252.17912596527293,318.8862608874409,203.20273763524074,99.16268033480563,nan,nan,nan,nan,nan
2419,96,0.0,-59.515672876583565,7.541899762054397,-66.58627246747284,0.4298870487158341,,8.735956872813404,8.493687123060226,0.10662711970508099,8.387060003355145,0.0,19.88872704884476,4.675359313405178,33.29313623373641,0.0,1554.9285468437738,211.35024943209652,266.39324052813373,159.61962638673108,85.28083262220436,nan,nan,nan,nan,nan
2420,141,0.0,-44.540955985842274,17.953103447247955,-61.658681827593824,0.7568513154844864,,13.492692195810378,13.246054991148412,0.15595568623393774,13.090099304914474,0.0,27.83773010074309,8.996997598539675,30.829340913796905,0.0,2293.804110818202,313.8147681872568,392.26340294383454,265.9308614388573,59.80696585332936,nan,nan,nan,nan,nan
2421,96,0.0,-74.1450346644607,3.460182809393965,-77.22048886397522,0.3374287484732541,,13.765907400287688,13.486106699332595,0.10693198908120394,13.379174710251391,0.0,16.862955277031833,2.608386176164162,38.6102444319876,0.0,1554.9956468434505,210.69476260140198,267.2832680808566,168.9367090732976,32.67458300322013,nan,nan,nan,nan,nan
2422,720,36.74346629827988,131.31483521249407,127.2232879003668,8.754969733243371,4.31595219051769,,46.4949006261304,46.22293481603265,0.7977792154997587,45.42515560053289,0.0,41.968271167117045,16.318766798645928,32.36598143165819,29.908673874196417,11582.399999999916,1295.7512689061346,1835.044154472286,1256.016277199105,269.1938141875714,nan,nan,nan,nan,nan
2423,97,0.0,-57.10138446713983,7.781546330509944,-64.43913519615084,0.39549645031489333,13.878656387329102,11.216137665323913,10.656673822551966,0.10885880142450333,10.547815021127462,0.30482837464660406,23.53559127233449,5.272518960347022,32.21956759807542,0.0,1575.798324505077,201.39240370768488,251.28271181837331,187.4952683011978,50.87179034015773,nan,nan,nan,nan,nan
2424,720,66.21010242496259,201.49445763309583,144.61213249857366,62.02103330398708,4.7634610345862525,,41.811128007248044,41.57028618082404,0.7957892576232553,40.774496923200786,0.0,41.78200579518976,19.64991184791533,35.199585772969044,13.423174642567744,11590.483889409452,1327.2095094812535,1915.4181718670986,1326.8184044429672,133.19553398341475,nan,nan,nan,nan,nan
2425,75,0.0,-63.21195749939618,2.7127340171574925,-65.62683511393968,0.2632652403502033,,9.316181568428874,9.073257542215288,0.08349264226853848,8.98976489994675,0.0,18.695363822338496,2.264471333082504,32.81341755696983,0.0,1215.5268954463418,165.83475038924712,209.75321648214177,133.20641019111378,55.44947820774124,nan,nan,nan,nan,nan
2426,123,0.0,-67.11187830266732,9.44298452218273,-75.9471254065426,0.5440571408732205,,11.521513940766454,11.277249394915998,0.13665445242077112,11.140594942495227,0.0,15.273166218217394,5.501192841744381,37.9735627032713,0.0,1994.0472498161594,271.8614796640046,343.45946559477113,221.6378891937078,87.0577799320204,nan,nan,nan,nan,nan
2427,74,0.0,-66.17737326927596,1.8550200060626176,-67.75261962782265,0.24674875084798734,,10.265542504377663,9.992311923764646,0.08246339485049248,9.909848528914154,0.0,8.269032055144642,1.5184882933117234,33.876309813911334,0.0,1199.016218486078,165.26925094059982,210.0142452543233,109.8639188963385,54.353880243034624,nan,nan,nan,nan,nan
2428,65,0.0,-64.64017445704364,0.27612478605554674,-64.71466625644544,0.16466061731048867,,9.214981180615723,8.956440191715956,0.07236821949481964,8.884071972221136,0.0,1.7799672330970067,0.16394015269764717,32.35733312822272,0.0,1053.3174575966923,129.54152708567645,162.32660046205686,134.47603889714756,27.758140780079557,nan,nan,nan,nan,nan
2429,75,0.0,-59.28767705053983,3.669030268211527,-62.628814575831065,0.2895719426109913,,9.674727394245565,9.413091347552836,0.08349472843110561,9.32959661912173,0.0,18.49491403928175,2.8830634525972396,31.31440728791553,0.0,1216.1863230627005,171.59866343103022,217.72404894484998,127.34467778059432,42.780767762974726,nan,nan,nan,nan,nan
2430,114,0.0,-73.46482222051564,6.526963109809283,-79.4580822762175,0.47082141951783946,,11.146816965192556,10.898459367454052,0.12681204546242952,10.771647321991622,0.0,19.580875531902677,4.078975090803713,39.729041138108755,0.0,1846.948289834225,263.7137544088048,336.9398194960426,206.52173479458946,87.30287723875331,nan,nan,nan,nan,nan
2431,720,56.21102522842504,183.7639721225042,150.52151323780075,38.8411539150447,5.216095633066353,11.508417129516602,38.560794999822974,37.91971103474498,0.7947029927745461,37.12500804197043,0.3898537242785096,42.26308019070558,21.320069687764672,36.79044827090268,13.520082626361651,11594.609529356967,1379.7137267483583,2002.2059361755398,1314.5099714489538,303.72682187319487,nan,nan,nan,nan,nan
2432,126,0.0,-66.63103472991028,9.845403351263794,-75.85655769555183,0.5568300301883692,,11.832541186362505,11.58564175479114,0.1426570601761341,11.442984694615006,0.0,26.675333067514828,5.793444777181701,37.928278847775914,0.0,2040.6232117453744,275.6737670876644,349.42272627814805,220.87628209132123,70.33412950367024,nan,nan,nan,nan,nan
2433,75,0.0,-64.76304352159583,2.0416712495115985,-66.51630716706919,0.2513426832994446,,9.459253815934062,9.202745405957103,0.08436684217303991,9.118378563784063,0.0,10.590226485762416,1.7938011847627118,33.258153583534586,0.0,1216.2269189588758,165.86803365720078,210.02287330118136,125.25648165402255,9.257924585980419,nan,nan,nan,nan,nan
2434,73,0.0,-65.27923139865503,1.4385919758683947,-66.48999310616564,0.19483808459704258,,9.331906686536968,9.0748670399189,0.08139210753142834,8.993474932387471,0.0,4.161129227339368,1.1493755197830753,33.24499655308283,0.0,1183.5131875515253,139.60088989106768,173.93981136762912,143.34085943764657,36.719943355705645,nan,nan,nan,nan,nan
2435,720,63.91598761371817,205.33564334603219,152.96487627856376,57.649116072896305,4.905955458339246,,47.60120885260403,47.33515939954668,0.7923286883160472,46.542830711230636,0.0,42.263164205812295,20.718253262518054,35.09142957727002,17.988216919495887,11587.688874471927,1294.1693231646939,1856.5231947688003,1334.9765758892838,89.8085583917714,nan,nan,nan,nan,nan
2436,63,0.0,-62.281426754688866,0.82301057900403,-62.87186158809069,0.19427514754802194,,9.169934472069144,8.916525388136506,0.07023274526000023,8.846292642876506,0.0,2.3201474657127346,0.5113051582720953,31.43593079404534,0.0,1020.9795380265488,146.2728052074375,183.9696254192201,132.10614406874748,2.3662694785137854,nan,nan,nan,nan,nan
2437,67,0.0,-62.84285042284218,1.4587082238679951,-64.01535528422542,0.23894179168094118,,8.164614625275135,7.907440156675875,0.07476216834038496,7.83267798833549,0.0,12.845338754337568,1.2305479971617417,32.00767764211271,0.0,1085.8018342723972,162.25261846688173,205.48947448437815,136.8241010566344,16.80392788876133,nan,nan,nan,nan,nan
2438,720,46.51683200995213,141.6912817424182,122.62491868786586,24.0045437592197,4.56274305063153,10.26472282409668,42.9145188247785,42.30905432626605,0.7925439616665244,41.516510364599526,0.36498746648430824,42.12137085310668,16.281972855588172,34.51456013034228,17.870286516959364,11587.860681660444,1459.946140051067,1979.1840364526058,1301.9856662465627,225.33773645127675,nan,nan,nan,nan,nan
2439,61,0.0,-59.8827848040039,0.6156272263086933,-60.29618540620623,0.17333263630145726,,8.24227637425065,7.978560485877097,0.06956676952540874,7.908993716351688,0.0,2.4345733109208196,0.4846097118591993,30.148092703103117,0.0,989.9551776365839,131.87070801195986,164.88351749113951,107.10298337955363,22.927016290677507,nan,nan,nan,nan,nan
2440,71,0.0,-57.79150736367674,3.245465358866778,-60.74116244884983,0.25593284193315,,9.825214113108814,9.555997496470809,0.08088340237736702,9.475114094093442,0.0,11.099270924807731,2.8545719483221648,30.370581224424914,0.0,1151.5310499555032,151.72032171735165,189.11480836888447,144.73626884407906,37.68244637291277,nan,nan,nan,nan,nan
2441,74,0.0,-58.86341441866027,4.341687779991525,-62.82754979546209,0.32907644988874335,,9.009192603640258,8.753826676867902,0.08332107681781054,8.670505600050092,0.0,12.634024507147924,3.1444513225188078,31.413774897731052,0.0,1200.0508400083693,180.44934787323416,228.19772367735544,131.76922722967078,58.95510420293916,nan,nan,nan,nan,nan
2442,78,0.0,-63.88333676632404,2.6344449958119798,-66.24693091096333,0.23659016575937886,,9.327291642315686,9.085101718083024,0.08702592179179192,8.998075796291232,0.0,10.154448648984683,2.0618436665205335,33.12346545548166,0.0,1265.7283830148583,155.42735270913207,194.26264541496346,138.79156663769072,26.697016515437507,nan,nan,nan,nan,nan
2443,105,0.0,-66.83648884961343,7.238955922309906,-73.60498058189992,0.4210083472512641,,11.324130369350314,11.05876917205751,0.11649472266435623,10.942274449393153,0.0,23.06131632678838,4.066918268881942,36.80249029094996,0.0,1697.7195035599605,219.85338163357886,278.4952865922613,190.76496467248364,40.58979435619778,nan,nan,nan,nan,nan
2444,720,50.06684656515059,159.06821425017176,138.10084819798905,25.89006233369095,4.586723918602931,,37.78234547562897,37.56269294489175,0.7948990883305669,36.767793856561184,0.0,41.949448019307155,19.32389562914079,37.12181539830512,14.557915930974069,11593.48078082075,1303.4617681301947,1862.861878819403,1312.8797493563893,142.2079412743533,nan,nan,nan,nan,nan
2445,109,0.0,-57.69881022726735,10.111589872183755,-67.24305516171859,0.5091108798424313,,12.274570961482823,12.01202519889921,0.12168106157332659,11.890344137325883,0.0,24.59081157463819,5.929026018481257,33.6215275808593,0.0,1766.201471067427,239.86582488931543,302.20517263236945,195.89890764901685,14.996404429612417,nan,nan,nan,nan,nan
2446,75,0.0,-68.45228366470262,1.2794053595513322,-69.50391710115946,0.19634215915732228,,8.206724807620049,7.969017222523689,0.0837891148403287,7.885228107683361,0.0,7.154197059355461,0.7063022877364227,34.75195855057972,0.0,1214.7440143532513,143.8020362989264,180.33719821220964,133.33959899760865,30.237525243137046,nan,nan,nan,nan,nan
2447,101,0.0,-70.21438349805298,5.912207990940533,-75.69641809827532,0.38234729030540066,,10.12099227309227,9.888625792227685,0.11233875900506973,9.776287033222616,0.0,17.539198294559224,3.2665573604324822,37.84820904913766,0.0,1634.5614344628777,213.13932726269795,269.8415015655967,177.97498324722727,56.27425162742679,nan,nan,nan,nan,nan
2448,86,0.0,-65.48226381483468,4.25221983521613,-69.39882623870133,0.29674435784464687,12.614102363586426,10.341109124943614,9.791572781279683,0.09629145823419094,9.695281323045492,0.29012711998075247,7.85543750619778,2.6752989214945853,34.69941311935067,0.0,1392.5495291552286,175.4970199049448,221.3958032708616,151.4636997984089,13.624935106011016,nan,nan,nan,nan,nan
2449,101,0.0,-70.22373009450898,5.850905810410808,-75.61992408697776,0.40582856888318297,,11.229525786824524,10.977373172529042,0.11519231833517551,10.862180854193866,0.0,12.619555674420006,3.4300462850429767,37.80996204348887,0.0,1633.411488528221,222.90472870849803,283.464835061324,195.1127045985442,75.00520743268463,nan,nan,nan,nan,nan
2450,88,0.0,-58.118328247220575,6.729702490553054,-64.36790948957199,0.42910103055729526,,11.288178775459528,11.01590661611408,0.09891027491539717,10.916996341198683,0.0,25.079389432398234,4.575505536271856,32.18395474478598,0.0,1426.1417867478858,206.0568267995573,261.8760694958954,151.75186791998038,59.35619167432195,nan,nan,nan,nan,nan
2451,720,47.526835597540995,154.7607518249004,142.87090499966945,17.17523963426855,4.901743514351484,,37.9941346058622,37.76514541823417,0.7932744305580854,36.971870987676084,0.0,42.26342691502143,20.015716386108807,38.93921578040672,24.014261288112188,11582.417574190396,1302.2936001933936,1913.8492548939175,1336.8895387560374,227.26424663477223,nan,nan,nan,nan,nan
2452,68,0.0,-67.29187615484398,0.18014145655930508,-67.25752653715537,0.17810564331122702,,7.570119958370924,7.328069608658552,0.07587138935923576,7.252198219299316,0.0,1.2403466444800009,0.12363544334714674,33.628763268577686,0.0,1101.6751455533881,143.20200443578267,179.99458657703076,126.16909158307242,33.909651104598176,nan,nan,nan,nan,nan
2453,112,0.0,-68.83367246419236,7.195978957457046,-75.49988021913263,0.4707503092086874,,12.572888982482255,12.293757351115346,0.12437353190034628,12.169383819215,0.0,23.231552348163454,4.554037292392545,37.74994010956633,0.0,1814.053793668717,240.33109905315936,304.2196392639217,209.57085123001573,67.09118912129998,nan,nan,nan,nan,nan
2454,68,0.0,-63.99553268303508,0.9879043076295513,-64.75331950838246,0.1985380871802941,,10.324399067088962,10.047511104494333,0.0763714462518692,9.971139658242464,0.0,3.473275583307864,0.742465237821169,32.37665975419124,0.0,1102.1197480171672,145.75709864408094,183.348846527643,127.91591733264458,39.27256509071075,nan,nan,nan,nan,nan
2455,96,0.0,-72.12325741142635,4.315243160582547,-76.01583219869664,0.3631272471917907,,13.343533064238727,13.047618688084185,0.1072252681478858,12.9403934199363,0.0,12.417918300779148,2.864107865036463,38.00791609934832,0.0,1554.6244939319292,217.715983192284,275.5118731380342,191.83316745303014,37.101796168202384,nan,nan,nan,nan,nan
2456,81,0.0,-71.39935394334535,1.3456338974616315,-72.465976328279,0.2370288696582922,,11.45263489894569,11.174663057550788,0.09015991352498531,11.084503144025803,0.0,13.209391462572295,1.1322411266676953,36.2329881641395,0.0,1312.592143035482,171.76328221581144,218.8268688430641,145.53481569047582,24.380955891979514,nan,nan,nan,nan,nan
2457,720,63.358903567123946,199.52632205565712,157.29643212905083,47.515825597954134,4.881158664219099,1.0745086669921875,43.21427954453975,42.55618265457451,0.795838919468224,41.76034373510629,0.40485420264303684,42.1377507402184,21.77565439916181,39.60099076814688,16.699215865195026,11586.093506097752,1241.016115455073,1837.458501968848,1341.0603257062896,124.67169890776157,nan,nan,nan,nan,nan
2458,96,0.0,-68.84133695471147,5.28093797923049,-73.69339925427903,0.37564103940898785,,7.750640807673335,7.529780644923449,0.10904647503048182,7.420734169892967,0.0,9.463599727700364,3.30756429857135,36.846699627139515,0.0,1553.570177484989,210.31371828184035,266.9008711057061,178.25027319154214,38.29231791930074,nan,nan,nan,nan,nan
2459,83,0.0,-73.18627167856597,1.666263013641873,-74.56206436467122,0.250650653455658,,11.008092543110251,10.733505776152015,0.09399766102433205,10.639508115127683,0.0,8.74091023746747,1.083304384604876,37.281032182335615,0.0,1344.2075315784955,174.45316325867464,221.83723861247063,147.48404649633073,31.461024927559993,nan,nan,nan,nan,nan
2460,75,0.0,-64.80137440960034,2.1903868421890667,-66.73127184637852,0.2216796229056165,,7.619190225377679,7.383722247555852,0.08442630805075169,7.2992959395051,0.0,4.258863007350458,1.6969713504454247,33.36563592318926,0.0,1214.5094695679827,149.59448558948648,188.8337375732938,142.8793861296721,34.011938557244285,nan,nan,nan,nan,nan
2461,91,0.0,-77.4823193636483,2.619257558946357,-79.75425625148539,0.3000509208642523,,11.221212189644575,10.97914800234139,0.10216071363538504,10.876987288706005,0.0,19.004340961921805,1.5989673159416844,39.877128125742686,0.0,1473.3850779168883,201.39239445619248,256.2952210558881,166.374287099521,25.976879306311723,nan,nan,nan,nan,nan
2462,78,0.0,-55.39153119610792,5.412818268367048,-60.449272995092585,0.32111117555211516,,9.599193954840302,9.338825373910367,0.08756167441606522,9.251263699494302,0.0,14.267281887103133,3.7887830964673603,30.2246364975463,0.0,1265.8908556223096,170.15626945965727,213.9691721818102,139.85361602827288,10.400746944477447,nan,nan,nan,nan,nan
2463,118,0.0,-51.52875723614588,11.808201130848975,-62.63010610848779,0.6418304094606234,,13.813856202177703,13.543586313724518,0.13151406403630972,13.412072249688208,0.0,26.946624852694903,7.414611242370248,31.315053054243887,0.0,1913.6670270335098,279.29987090898794,352.5225872657914,202.79955145469845,93.27050614781811,nan,nan,nan,nan,nan
2464,81,0.0,-67.97942846172734,2.494338789727167,-70.1275672035345,0.29899305548229194,,9.114366847090423,8.862881410866976,0.0907792579382658,8.77210215292871,0.0,9.634258761053792,1.8988809920134495,35.06378360176725,0.0,1312.3972052045008,188.1073556691926,239.63427846331302,139.3627002751715,43.814304475959524,nan,nan,nan,nan,nan
2465,74,0.0,-64.55095491679286,2.281270513481344,-66.53068037146784,0.262196431696365,,9.624919495545328,9.37074924632907,0.08308345824480057,9.287665788084269,0.0,9.972932494743397,1.6908503491961397,33.26534018573391,0.0,1198.1015530819793,162.61080842856083,206.90848899653733,143.05526424887208,53.142473098351225,nan,nan,nan,nan,nan
2466,127,0.0,-47.975129867798444,14.703954341243358,-62.01389866731835,0.6124437218096543,,11.286539524793625,11.041369472630322,0.14197320584207773,10.899396266788244,0.0,22.964542825460285,7.74582358365843,31.006949333659183,0.0,2059.3769021468374,260.782800000182,324.76675224322616,229.92051375622,69.94892818326814,nan,nan,nan,nan,nan
2467,103,0.0,-70.62266141834652,5.2455000435852215,-75.44575110797761,0.36862491862382185,,12.249754254706204,11.986573443748057,0.11503351666033268,11.871539927087724,0.0,14.505292943069001,3.672396950979935,37.72287555398879,0.0,1670.2176407531558,217.31562251934346,274.0037980743332,200.47159034707337,16.91663557716959,nan,nan,nan,nan,nan
2468,87,0.0,-63.11373363701826,4.960999384289767,-67.6789090745865,0.35222529265045116,,10.229733761399984,9.973151854239404,0.0976360272616148,9.87551582697779,0.0,25.740986012852446,3.5011826295900055,33.83945453729324,0.0,1412.5857549384182,188.2608028876912,235.5966786079207,163.1287582582508,32.416720116129866,nan,nan,nan,nan,nan
2469,113,0.0,-74.42640172518938,5.860261971503746,-79.8049568066237,0.4235129815328319,,12.498131128959358,12.266839609481394,0.126852891407907,12.139986718073487,0.0,22.429966298203084,3.7204018951340734,39.90247840331184,0.0,1826.9927776323887,237.7769257701396,301.64372854073326,209.3342778667957,94.90442816496366,nan,nan,nan,nan,nan
2470,104,0.0,-69.25220518240896,5.736812923603216,-74.56756157018151,0.3704705256772344,,11.058882745914161,10.805465145036578,0.11693317163735628,10.688531973399222,0.0,21.116572902201895,3.952010532723626,37.28378078509075,0.0,1688.8892718701704,216.30523290074353,271.9487483909877,184.87695829017747,63.5363138178598,nan,nan,nan,nan,nan
2471,720,36.30471485474917,109.77586898139059,117.48151321082429,-2.9598594453385516,4.369972402559941,16.02320098876953,40.6182293491438,40.005589169450104,0.8003095090389252,39.20527966041118,0.372550998814404,42.263671642953916,16.75833262262911,37.78464457741844,15.81709328396734,11590.140141888314,1397.6559339067276,1962.4288384770753,1340.4950318258007,139.45635176291117,nan,nan,nan,nan,nan
2472,720,47.53925369661657,137.5833237379499,121.20006156219021,21.184569415773794,4.409593675275577,,46.15136464033276,45.862610219977796,0.7973141185939312,45.065296101383865,0.0,42.17835558319915,17.04404911581798,36.946968988729665,8.906233801549423,11615.255587711888,1410.8278464010082,1950.1344300410665,1314.0867701168718,54.604747374660946,nan,nan,nan,nan,nan
2473,103,0.0,-75.58657509529007,4.250811691578898,-79.4504355514932,0.3364647168346523,,14.486016989685595,14.182453077286482,0.11423657648265362,14.068216500803828,0.0,16.54841242635842,3.0425394236868013,39.72521777574659,0.0,1669.0606051379377,210.46508706642007,266.54242799297424,196.4539113907142,39.54848814137402,nan,nan,nan,nan,nan
2474,98,0.0,-64.9671144819779,5.609497169917125,-70.11894890410063,0.40751563147653375,,12.41689663566649,12.143351171165705,0.10916211176663637,12.034189059399068,0.0,19.729831757793683,4.282458364628665,35.05947445205031,0.0,1588.2579067817178,218.1008680182362,274.181448650618,190.96334756248564,22.875446373922504,nan,nan,nan,nan,nan
2475,101,0.0,-58.292956645183786,8.41415633782794,-66.19030552079634,0.46233962900790676,,11.190099835395813,10.93431674130261,0.11243367288261652,10.821883068419993,0.0,22.963761385222664,5.4062120862416565,33.09515276039818,0.0,1637.786801733203,230.72182979499135,290.58988641462594,185.39797569812887,57.31301064057484,nan,nan,nan,nan,nan
2476,131,0.0,-63.25189556732853,11.229265490549075,-73.8305500805765,0.5753433171326464,,13.956083932891488,13.708163320086896,0.14468194358050823,13.563481376506388,0.0,27.856901904719898,6.512263099170184,36.91527504028825,0.0,2126.632599171658,280.92614601240405,353.6297402906979,262.2327519315418,25.100775641980327,nan,nan,nan,nan,nan
2477,130,0.0,-56.18998617819083,12.820033376009885,-68.3875324330323,0.56519344804314,,14.042250756174326,13.783097287639976,0.14440000243484974,13.638697285205126,0.0,24.817270522995376,7.176243474657809,34.19376621651617,0.0,2114.387541408326,268.6738636490283,333.76953080179106,247.18379796307286,27.733565962384116,nan,nan,nan,nan,nan
2478,78,0.0,-70.74474769077293,1.2353149396394787,-71.73105925803925,0.21563508329465572,,9.745670418255031,9.485616627149284,0.08708706498146057,9.398529562167823,0.0,5.591739570556025,0.8859964975841188,35.86552962901962,0.0,1262.9860433975707,156.71713558856806,197.69826817126986,139.3589506165882,31.27361394023282,nan,nan,nan,nan,nan
2479,77,0.0,-57.15558653274661,4.403708714538639,-61.21148222778973,0.30534625939588034,,10.69074051361531,10.411931816488504,0.08608835749328136,10.325843458995223,0.0,8.630183929867236,3.515773912407821,30.605741113894876,0.0,1249.2822352182286,170.047903795385,213.08312213571162,138.58060834169862,46.079272243684464,nan,nan,nan,nan,nan
2480,143,0.0,-57.05832390177257,15.032048666333383,-71.38361304979676,0.6329602126217339,33.5914192199707,12.860608683899045,12.28666876628995,0.15892194397747517,12.127746822312474,0.3244822658598423,29.81967533960271,7.262317489319338,35.69180652489838,0.0,2317.911468632193,305.74964706707385,384.19439989577063,257.4481208566043,22.53522512504573,nan,nan,nan,nan,nan
2481,93,0.0,-66.73156423436413,5.0046224027791855,-71.34599224997922,0.3412913512726171,,10.971784310415387,10.713324426673353,0.10525134578347206,10.60807308088988,0.0,19.081279226916315,3.2022220741271554,35.672996124989616,0.0,1505.1391919457708,201.46180878711067,255.4446060519727,170.65247030589893,69.6087343187166,nan,nan,nan,nan,nan
2482,75,0.0,-68.00953824377565,1.5231709395795796,-69.23750670790193,0.2537223351281753,,10.521987771615386,10.242540537379682,0.08477675262838602,10.157763784751296,0.0,17.860212306879347,1.2347435684490327,34.61875335395096,0.0,1214.103844329057,172.77605760189385,218.43348427948774,125.82213819173768,38.18969576341821,nan,nan,nan,nan,nan
2483,720,62.83832932302741,205.7896218074993,154.7903083912544,56.4136019976191,5.046432470001645,,37.72854359354824,37.49816882610321,0.7907159589231014,36.70745286718011,0.0,42.26352010715301,21.012949242616795,34.63152832421786,17.836925471103644,11585.828995363141,1306.3606189112743,1897.591827435642,1324.6851257262915,78.95140523946365,nan,nan,nan,nan,nan
2484,102,0.0,-64.58390179952642,7.404478185482154,-71.48488401162217,0.45139018586248364,,9.813335578888655,9.581889587454498,0.11281208880245686,9.469077498652041,0.0,21.4021650884984,4.451853142088753,35.74244200581108,0.0,1650.8533024669232,230.60990390580756,293.62270010866285,185.98781069921418,72.15251687909796,nan,nan,nan,nan,nan
2485,87,0.0,-78.24319145003633,1.0317148932916982,-78.98990042220589,0.23839301474297836,,10.589393112808466,10.326517916284502,0.09628063347190619,10.230237282812595,0.0,14.042225721116814,0.7614270363682305,39.49495021110294,0.0,1407.841899128671,178.43553626430798,227.1415105778949,162.91314934594828,42.05553703842681,nan,nan,nan,nan,nan
2486,81,0.0,-54.49836788263578,6.379130522668634,-60.46527048329342,0.36513472144264636,,9.11341606080532,8.867205332964659,0.08946762140840292,8.777737711556256,0.0,21.234801292223697,4.279642994469092,30.23263524164671,0.0,1312.2193043061866,187.34437477171494,235.06937250948602,161.98937282249875,47.066154833801896,nan,nan,nan,nan,nan
2487,100,0.0,-76.15929076616936,3.9321858019909017,-79.68775829785133,0.3536399304996777,,10.46349811181426,10.22331035323441,0.11088686343282461,10.112423489801586,0.0,15.697964816681427,2.4617342702657963,39.84387914892566,0.0,1617.77278997048,214.94484888297313,272.5718779199435,183.91541979125043,18.8365143268102,nan,nan,nan,nan,nan
2488,66,0.0,-59.11207562809522,1.917480186446105,-60.75803428569523,0.23325696525721204,,9.353473519906402,9.087844599969685,0.0740764494985342,9.01376815047115,0.0,18.71834630055692,2.018252761049306,30.379017142847616,0.0,1071.6990829150573,153.34604452991226,193.2710327962957,118.03815814487804,28.51548054262584,nan,nan,nan,nan,nan
2489,720,56.93509631338949,174.75898143429802,131.97791250657446,47.993173603800315,4.8414458705349865,9.104058265686035,43.37772640027106,42.735510339960456,0.7892589475959539,41.9462513923645,0.3856183337047696,42.24898571390381,17.49968899848286,32.93850951148933,19.365655103952193,11584.519042712462,1431.883142280528,1989.7021585728935,1331.485350884928,113.2623577143776,nan,nan,nan,nan,nan
2490,109,0.0,-68.54763495053416,8.66428711800239,-76.6821660462113,0.4699939246759101,,9.91863592993468,9.692302173003554,0.12053382489830256,9.571768348105252,0.0,13.93525881137272,4.070918749938813,38.34108302310565,0.0,1761.8542789035369,224.13978045841233,285.9899214170667,235.27936317337048,28.460979679251174,nan,nan,nan,nan,nan
2491,720,47.172745734838486,153.54572121176375,141.39921488920092,17.17817222479495,4.673591165298807,,40.681674575433135,40.40937052294612,0.7894614730030298,39.61990904994309,0.0,42.263502590396136,19.65866737936361,38.58365962244101,18.75657923093192,11585.040127473778,1337.6177710324246,1916.3789761738287,1292.3118067723913,117.41979514802135,nan,nan,nan,nan,nan
2492,80,0.0,-73.61626098172717,0.9881041047842927,-74.348314390674,0.21888964333918529,,10.75005817040801,10.485790524631739,0.08913334738463163,10.396657177247107,0.0,2.6831960458159396,0.5471922254625465,37.174157195337,0.0,1294.6287362753562,164.36155061839037,207.4735518199192,136.85603073275345,38.839734803391366,nan,nan,nan,nan,nan
2493,64,0.0,-61.27862113530537,1.1346908840330032,-62.16955425052251,0.2079217684184652,,8.11109303124249,7.87345455121249,0.0717392424121499,7.80171530880034,0.0,3.7343540248649414,1.027138263049074,31.084777125261255,0.0,1037.7805147845158,146.8017914300888,185.4203477567597,105.2434559922693,29.717626167991035,nan,nan,nan,nan,nan
2494,66,0.0,-62.867272912475556,1.04040239301015,-63.686634226110854,0.18961476872721295,,8.29735170584172,8.036047603935003,0.07368083484470844,7.962366769090295,0.0,4.529464243259471,0.9016367881135068,31.843317113055424,0.0,1070.0581786237815,139.2354066866797,173.57248373694088,124.94505094601936,22.270578235876645,nan,nan,nan,nan,nan
2495,720,60.10655852754157,187.3116829100118,140.55457445681245,52.01105574258108,4.897728298639541,5.926711082458496,39.64548675250262,39.058879979886115,0.7922094548121095,38.266670525074005,0.34468804113566875,42.252612542523636,19.132578401087038,34.101030656251034,22.157912461477004,11582.599374107562,1366.4595587213641,1964.073021431078,1298.9493976545627,55.58603954339146,nan,nan,nan,nan,nan
2496,77,0.0,-56.52904951018809,4.941309805305454,-61.09325828959986,0.33692827633730843,,8.375734684988856,8.134208232164383,0.08683133311569691,8.047376899048686,0.0,21.959968011214,3.531530567791404,30.54662914479993,0.0,1248.8478532191846,177.72301867451657,223.7675601349406,134.25702507025053,38.07767430751893,nan,nan,nan,nan,nan
2497,77,0.0,-72.17979845057431,0.8445214761211047,-72.74673200380693,0.23242741179257143,,9.232315860688686,8.985883020795882,0.0879540266469121,8.89792899414897,0.0,6.641337273944094,0.6031710796701357,36.37336600190347,0.0,1247.350142402643,173.52390124061668,220.17724905796308,140.2429900210546,71.56623218913002,nan,nan,nan,nan,nan
2498,72,0.0,-59.40449352918016,2.847382879725672,-61.95162603486567,0.26447543965631404,,10.022677758708596,9.74037990346551,0.0812711725011468,9.659108730964363,0.0,12.089857584306776,2.718934038254883,30.975813017432845,0.0,1169.6890040789563,165.09281329369563,207.53882502723823,131.46439108225118,48.12556333771067,nan,nan,nan,nan,nan
2499,720,54.93990881752996,180.72170159898297,141.79116235071194,44.52302117336366,5.189288852124679,,42.18384546134621,41.96096311695874,0.7942431336268783,41.16671998333186,0.0,42.23987889610758,20.261099714185296,32.67839823084813,13.973648930114651,11591.314061082767,1419.2812012735885,2050.9384621644426,1298.745836347037,70.4571037658233,nan,nan,nan,nan,nan
2500,66,0.0,-61.18825244224149,1.5391062276144234,-62.480245947208616,0.20914715197071096,,8.822451763786376,8.555387252941728,0.0730100916698575,8.48237716127187,0.0,7.033875923661159,1.255784368612185,31.240122973604308,0.0,1070.1187070076276,144.9963012654734,181.3868229570509,138.3035738030661,49.48584667212482,nan,nan,nan,nan,nan
2501,98,0.0,-64.54148252048842,6.158963354226954,-70.25032665623684,0.4049379682305198,,9.824827956035733,9.586540503427386,0.10830984264612198,9.478230660781264,0.0,22.814714876735263,4.094327420255693,35.12516332811843,0.0,1586.1145156766097,213.250666757183,268.9385007889405,176.9651293149238,26.595739000402,nan,nan,nan,nan,nan
2502,720,42.70830375679229,138.05009813614728,134.4504455430132,8.660856880343701,4.6891063832879665,8.158897399902344,45.95239502284676,45.298241342417896,0.7881300523877144,44.51011129003018,0.37325732968747616,42.26354992501631,19.048126216300318,38.37787531662043,14.979919522022733,11594.287844929217,1372.4902238305528,1944.3154461440213,1362.9986477850834,113.5179535466553,nan,nan,nan,nan,nan
2503,720,72.02648774592225,258.6893421101487,189.36939346743128,75.36171030995816,5.648525072977106,,38.89672858733684,38.64627358224243,0.7869025310501456,37.859371051192284,0.0,42.2638312560263,25.401067168266547,34.345632590943175,17.99134015870654,11584.797836322361,1270.1920813460658,1894.776826441175,1297.5834072656496,34.02968950508257,nan,nan,nan,nan,nan
2504,720,50.91868305784777,175.7544334814142,153.58848410459254,27.27020253351472,4.746163620970762,0.8074548840522766,43.46999711263925,42.922747612930834,0.785856693983078,42.136890918947756,0.2903087567538023,42.263637914397044,20.89805726142472,37.28358179109041,19.636410697614032,11584.726621086525,1296.4411478705929,1877.3660525859343,1352.4869236637944,81.6074153988187,nan,nan,nan,nan,nan
2505,720,49.137745366070426,179.6969604242709,153.6890477145469,31.289218779753824,4.9008473797369705,,39.87663764785975,39.605523199774325,0.7872512731701136,38.81827192660421,0.0,42.23967475389382,19.864482962805308,33.493135976193514,24.638472553656307,11582.4012981648,1280.2534587399784,1902.4879668092756,1381.554500627203,94.69792547002315,nan,nan,nan,nan,nan
2506,117,0.0,-49.34808043151556,12.357848099167448,-61.10982360103293,0.5387087371553303,,10.889704570174217,10.636427593417466,0.12842904217541218,10.507998551242054,0.0,27.232499289423853,7.66956444810583,30.554911800516443,0.0,1905.0890327879458,244.8130331913834,305.5340276921611,209.81346250630094,85.98229307226163,nan,nan,nan,nan,nan
2507,720,47.51788080751297,141.7019576542793,131.3882300449533,15.24417195950842,4.5435305422017525,0.47746822237968445,41.8057523984462,41.26692703180015,0.7849069936200976,40.48202003818005,0.31892287731170654,42.22974450309495,16.985079110294556,39.895794827758756,30.930967472207183,11582.399999999896,1312.2576775955674,1887.4551361938184,1322.0276009089373,187.39065302335473,nan,nan,nan,nan,nan
2508,720,45.362351744858984,151.89921941552413,146.22161256966024,10.883933024013103,4.840991024881651,,41.89465555921197,41.64587792661041,0.786493037827313,40.8593848887831,0.0,42.26343973871208,19.470610583744183,39.92038523285243,31.721216821275007,11582.399999999901,1341.4066568744654,1941.557439928698,1327.1180354834892,154.9940354161891,nan,nan,nan,nan,nan
2509,60,0.0,-59.69095343315061,0.6148483910427989,-60.095490119775626,0.1778292372171777,,8.09944056533277,7.837909756228328,0.06653755530714989,7.771372200921178,0.0,4.539521949955564,0.5346510252139253,30.047745059887816,0.0,974.0052563621315,136.15616473661652,171.18041136374148,105.75585189006374,26.717479551147612,nan,nan,nan,nan,nan
2510,113,0.0,-58.764689962575986,10.328696323826284,-68.53784546565946,0.5053203981054584,,12.688291046768427,12.429846440441906,0.12401694152504206,12.305829498916864,0.0,17.542338978447095,6.10880765235539,34.26892273282973,0.0,1835.4362255843798,245.56352464543912,307.37811244712685,175.89984508120295,36.462396965264304,nan,nan,nan,nan,nan
2511,101,0.0,-54.658488974138265,9.150032562994708,-63.30905056144525,0.45373677840794435,,9.377170831896365,9.137288977392018,0.11114188749343157,9.026147089898586,0.0,22.665935340527255,5.680440996553465,31.654525280722616,0.0,1635.0983724963603,218.42369319847575,275.4402853416067,170.16486260916258,65.78498654845761,nan,nan,nan,nan,nan
2512,720,61.68061068471297,184.38064195249643,143.25281198217914,46.43671112628175,4.936171852119014,3.898580312728882,42.54106526263058,41.97976640146226,0.786730581894517,41.19303581956774,0.33032812364399433,42.26365830276817,19.808018489434286,38.46225512157209,20.1465385313429,11583.60898645202,1348.6203174453444,1966.143475265767,1291.856223654247,160.20264818876856,nan,nan,nan,nan,nan
2513,129,0.0,-46.21785808973668,15.463282847697997,-61.04320518786079,0.582585982128023,,10.336969071999192,10.109062289819121,0.14258741028606892,9.966474879533052,0.0,29.107173030025915,8.064817786595816,30.521602593930393,0.0,2096.7684400142853,247.9288752219466,310.18632830630435,229.4353027035072,52.35414145260014,nan,nan,nan,nan,nan
2514,67,0.0,-63.54715483254172,1.0085893316696632,-64.33154788627147,0.19273048338639123,,8.743326731026173,8.481558669358492,0.07438567280769348,8.407172996550798,0.0,8.77944992942977,0.9010765378330604,32.16577394313575,0.0,1086.2936692626067,139.2748512831136,174.44776914237906,130.00968189991937,25.204200814026947,nan,nan,nan,nan,nan
2515,101,0.0,-67.73578091378371,5.54578624485552,-72.8212179756021,0.4048409938869819,,12.951064442284405,12.683058916591108,0.11075123213231564,12.572307684458792,0.0,29.052960580516526,4.096019297662676,36.410608987801055,0.0,1641.7460611837712,225.7348126804244,284.5338576266782,180.3892217202824,38.93850385732956,nan,nan,nan,nan,nan
2516,114,0.0,-63.998430968123316,10.359115995685514,-73.76939170720468,0.5263079691996417,,13.030939772725105,12.758290682919323,0.12501861806958914,12.633272064849734,0.0,21.696735495334455,5.0724979048135035,36.88469585360233,0.0,1842.827969362545,246.84060252561653,315.11087416821454,209.10532342158794,50.16715884339854,nan,nan,nan,nan,nan
2517,720,46.846936022416195,136.51596263252628,122.62215201473911,18.684712132728336,4.422911044347116,,44.20885752979666,43.95088571216911,0.7849734984338284,43.16591221373528,0.0,41.13392079045522,16.814480720712574,37.504579956052034,12.97448532596644,11595.675695572392,1389.4779393653514,1930.8540015777778,1341.963509433181,180.188153567176,nan,nan,nan,nan,nan
2518,102,0.0,-57.240811417305565,8.87592894724268,-65.58069007265841,0.48248239963561723,,11.10686035361141,10.849306738935411,0.11249935999512672,10.736807378940284,0.0,22.314398612842865,5.648865909345078,32.79034503632921,0.0,1656.1069830253919,229.39885735505948,288.6353687244162,174.27643356482287,58.06108569978662,nan,nan,nan,nan,nan
2519,82,0.0,-73.37295031778092,1.0745302639419574,-74.16946968730062,0.23176304949397883,,9.995277160778642,9.735361937433481,0.09081145469099283,9.644550482742488,0.0,2.9083483756758755,0.8014077011272982,37.08473484365031,0.0,1328.275310767289,170.418437832186,216.90339410780427,154.40464465958507,60.54110675831744,nan,nan,nan,nan,nan
2520,81,0.0,-67.75231590893777,2.5808597866238445,-70.00770010550917,0.27920700352501215,,8.783897454850376,8.532524967566133,0.08964932337403297,8.4428756441921,0.0,11.396029081856408,2.0438191046724796,35.00385005275458,0.0,1312.9623805885822,183.6706866060871,232.19958908524887,149.49155531552537,54.15824184508859,nan,nan,nan,nan,nan
2521,98,0.0,-75.89467799652414,3.5491154313973574,-79.03980481080163,0.3522704109464845,15.669490814208984,10.179663588292897,9.609547848813236,0.1084597809240222,9.501088067889214,0.2909812983125448,11.850525243720522,2.2891892588292797,39.51990240540082,0.0,1586.086394959889,216.06818166760104,275.6354835812808,174.02759146896622,49.553017313808915,nan,nan,nan,nan,nan
2522,112,0.0,-73.83916884450778,6.315206207574815,-79.66959560332982,0.4328677143140184,,13.934742742218077,13.670846914872527,0.1252172775566578,13.54562963731587,0.0,29.15939736091194,3.982795206520847,39.83479780166492,0.0,1817.4121428254175,238.11144263447886,301.6753008610368,186.0023511012536,51.732528537958025,nan,nan,nan,nan,nan
2523,62,0.0,-61.97452140192583,0.3672012013612291,-62.1430015709915,0.16893779651505889,,9.516553157009184,9.234032550826669,0.06898374948650599,9.165048801340163,0.0,2.753948101941695,0.33017421792878693,31.071500785495758,0.0,1005.6268321910055,132.39370281901876,166.31168231856986,114.62528387903726,60.033978290829346,nan,nan,nan,nan,nan
2524,83,0.0,-70.58455347504335,2.281307929189847,-72.52644842428104,0.292730255177539,,12.610929130576551,12.326398904435337,0.0916367769241333,12.234762127511203,0.0,16.414188513764714,1.7435936651804356,36.26322421214053,0.0,1343.3727182143277,190.7052771883608,241.71796029365433,140.1815849396933,60.02379318009245,nan,nan,nan,nan,nan
2525,95,0.0,-75.39790680660761,3.1366774800755786,-78.1762718658526,0.317463022196435,,10.801442171446979,10.543192682787776,0.10474041663110256,10.438452266156673,0.0,19.839905194026027,2.1111325337879996,39.08813593292629,0.0,1537.9536452511004,205.39180845881984,261.5391913044882,163.79577002591708,66.98141829393231,nan,nan,nan,nan,nan
2526,63,0.0,-61.140686849488304,0.9666671366611307,-61.89506094403145,0.1821382862260023,,8.158988547511399,7.908327222801745,0.06944073364138603,7.838886489160359,0.0,5.1712896047178445,0.7528671883577569,30.94753047201572,0.0,1021.1783777054785,132.70489679529965,167.6136462246718,110.6429012782875,23.54378867329467,nan,nan,nan,nan,nan
2527,720,79.13749199416118,261.759108583331,184.00429637281704,83.97136740163495,5.835146693226046,,37.95839213300496,37.693925647996366,0.7880280409008265,36.90589760709554,0.0,42.26235882797148,25.069065516936774,37.151808293343706,12.12097842657498,11608.887039105144,1357.4602035234125,1962.3437002375128,1325.5607188104048,135.85217773635637,nan,nan,nan,nan,nan
2528,95,0.0,-72.86919871968674,3.682876514287521,-76.14407448732445,0.3515181408849821,,11.06085854768753,10.812809322029352,0.10515775345265865,10.707651568576694,0.0,12.231401484483637,2.6040032224785734,38.07203724366223,0.0,1537.9784148435344,212.49939371862686,270.70819693503375,179.21386148002546,54.44929632888671,nan,nan,nan,nan,nan
2529,111,0.0,-73.55557341210431,6.384285618097644,-79.4893234603959,0.3948851872106903,,12.745408085174859,12.489141619764268,0.12251459620893002,12.366627023555338,0.0,12.589383029745576,3.593425451823829,39.74466173019795,0.0,1795.6837054521059,221.5887996515731,281.8021755379932,195.85886332652922,52.09048334905112,nan,nan,nan,nan,nan
2530,81,0.0,-71.06264702691493,2.1586515401876727,-72.91291533790633,0.27020442541522066,,9.466612379066646,9.219511412084103,0.0899345288053155,9.129576883278787,0.0,8.650868493029785,1.373787459228677,36.45645766895317,0.0,1310.4380943579442,176.0196201698875,223.68474764208915,145.77822364366213,48.24925846585065,nan,nan,nan,nan,nan
2531,97,0.0,-70.17454528216564,4.745805161527567,-74.50754882702387,0.36286958882486725,18.2851505279541,11.317142422311008,10.761406685225666,0.10818810854107141,10.653218576684594,0.30026644468307495,15.625990977896413,3.365222696638024,37.25377441351193,0.0,1571.5050048166452,211.7543944255377,268.4021795695483,183.56625966400122,61.363299181012124,nan,nan,nan,nan,nan
2532,69,0.0,-66.1119750418857,1.0302060404375413,-66.93143888986913,0.1809119288105871,,8.0198256932199,7.775692380964756,0.07758208643645048,7.6981102945283055,0.0,5.2155728657279194,0.6924547957713402,33.46571944493456,0.0,1117.4770387455965,134.91432408906007,167.80459208739256,143.53103713556135,49.22783245386869,nan,nan,nan,nan,nan
2533,720,30.35683829042452,101.6330066790188,113.34159022703025,-7.431668169474591,3.9255179003149525,,41.09163734782487,40.85020205657929,0.7973039597272873,40.052898096852005,0.0,42.145942732131694,15.616809395056109,34.07267237516181,13.37104262373633,11599.452901857634,1292.125492854187,1777.1700862189239,1327.823114592498,209.23997117886938,nan,nan,nan,nan,nan
2534,83,0.0,-54.286215595434385,6.394047998653354,-60.27781394993421,0.3577458198115434,,10.438843183219433,10.165027216076851,0.09245890285819769,10.072568313218653,0.0,14.313102645199415,4.679904687483183,30.138906974967107,0.0,1346.6152318473426,182.20794072279244,228.3734325653151,163.2482557677294,31.544896867628434,nan,nan,nan,nan,nan
2535,86,0.0,-62.37661004689421,5.171043822249358,-67.19095378741413,0.3208808884626291,,11.979013971984386,11.702506343834102,0.09631815738976002,11.606188186444342,0.0,20.38479517428244,3.6002738876692035,33.595476893707065,0.0,1395.0592516890758,176.57880100707638,221.93447164549403,149.03122230654108,38.434901940208306,nan,nan,nan,nan,nan
2536,107,0.0,-59.64652870308561,9.300144431875898,-68.40565206755414,0.4871693584547971,,12.28778482414782,12.078515522181988,0.11950980126857758,11.95900572091341,0.0,14.587473509896721,5.582224889146638,34.20282603377707,0.0,1732.7115446540595,233.01401957637572,293.6774808311135,190.77623423939167,23.589869352314714,nan,nan,nan,nan,nan
2537,83,0.0,-63.263491831723606,3.9433058277442785,-66.87042810534587,0.294493184269923,,8.549600186757743,8.300733829848468,0.09249248541891575,8.208241344429553,0.0,6.2772834471508565,2.7662819314446483,33.43521405267293,0.0,1346.029412965194,176.55302182947693,222.9930801530304,152.635868294768,67.43610157114612,nan,nan,nan,nan,nan
2538,720,44.49692594868631,138.3476826788938,124.29300873856543,18.708457955555232,4.2941478392235,7.7049784660339355,45.547957522794604,44.88280785921961,0.7960166400298476,44.08679121918976,0.3764367802068591,42.239746018639096,17.039694151439257,35.14269697090869,11.450019100532769,11609.62706270908,1315.718715896794,1832.7859637763515,1327.9971446205845,276.1962046913181,nan,nan,nan,nan,nan
2539,75,0.0,-67.20187428900374,1.581706018376958,-68.54570644145245,0.20504519422129475,,8.297217700630426,8.053225103765726,0.08447855245321989,7.968746551312506,0.0,3.7335555885562934,1.1930922932469343,34.27285322072622,0.0,1215.240400635241,146.1064676178234,183.49276615193745,144.80989022321708,29.35082367968257,nan,nan,nan,nan,nan
2540,169,0.0,-44.92742780335088,21.34968626738815,-65.47395922544277,0.7182411757793211,,15.730958938598633,15.472436347045004,0.18945005722343922,15.282986289821565,0.0,26.12144503991799,8.809254906962094,32.736979612721385,0.0,2728.830167578601,306.1650318917566,384.23080191949174,318.22033446690887,75.87697102554694,nan,nan,nan,nan,nan
2541,95,0.0,-52.25760530425164,9.195882489501109,-60.93289356799449,0.47661785409127244,,9.761803359724581,9.506008522585034,0.10538093093782663,9.400627591647208,0.0,26.950711860877366,6.132515774552172,30.466446783997235,0.0,1544.5250854234475,211.48693584903705,264.4553356300071,175.5182476014942,40.82927290863975,nan,nan,nan,nan,nan
2542,65,0.0,-62.468148401023576,1.213811206715536,-63.428625230697314,0.2242520315434938,,8.577680847607553,8.305638934485614,0.07249263115227222,8.233146303333342,0.0,9.936302939785529,1.1186830127744818,31.714312615348657,0.0,1053.70867618415,154.66007043680352,196.75301420122162,108.03480920036854,87.42731256022557,nan,nan,nan,nan,nan
2543,63,0.0,-61.708925624590705,1.174879997030177,-62.64443034569905,0.20796173622226838,,9.475592263042927,9.206449181772768,0.07016272470355034,9.136286457069218,0.0,4.775724280980534,0.8370968138851235,31.322215172849532,0.0,1021.351614093064,149.8689045357776,189.5409307010948,108.19165196777121,84.95561617282775,nan,nan,nan,nan,nan
2544,60,0.0,-59.66408777959738,0.6356400005608644,-60.09728925028678,0.16872063053604616,,9.370149677619338,9.068366571329534,0.06686507817357779,9.001501493155956,0.0,1.708749951777531,0.5470793507102771,30.0486446251434,0.0,973.1805588718867,128.05920567430138,159.5874607561509,113.22450111080157,24.387202503373892,nan,nan,nan,nan,nan
2545,720,17.92078614042888,75.80634786705062,111.1676043229393,-31.072345732403747,3.9415613822093514,,49.42600413411856,49.14190741162747,0.7941271718591452,48.347780239768326,0.0,41.01803185802191,14.733405389618689,33.45695900663074,12.62490729127823,11597.800220308607,1327.6448073066783,1802.064342655841,1321.8263769099524,224.11694115459636,nan,nan,nan,nan,nan
2546,720,47.59065820020145,150.90937389938213,132.39144923252246,23.583345934882317,4.6847197610236835,8.71444034576416,43.74290744122118,43.132511333562434,0.7945944936946034,42.33791683986783,0.36982254032045603,42.26358288583659,17.90408000748596,35.798985232760295,21.52402510996331,11583.182780020283,1408.8633941251899,1986.8001411954851,1341.0038675987485,293.6570032833437,nan,nan,nan,nan,nan
2547,720,57.012340965821295,175.09357237977517,138.00084516994477,42.134770069465844,4.674774707105823,,41.739526958204806,41.48497423809022,0.7980863796547055,40.68688785843551,0.0,42.22771750645453,19.030402601991984,35.944955931088366,15.757530509547877,11590.583049836127,1341.2716977414968,1917.8620868694898,1339.581928427118,246.27313939148067,nan,nan,nan,nan,nan
2548,720,36.94372315493217,112.82237837341604,113.80174263708179,3.4998882385093566,4.099732065267919,10.241023063659668,41.65968053229153,41.1218486065045,0.7893252968788147,40.332523309625685,0.28731116838753223,42.26360895781878,15.877463832364795,35.19377903567747,8.67821606512357,11620.424946331623,1392.0658232726564,1888.2061026878175,1298.789056495372,178.2431152049165,nan,nan,nan,nan,nan
2549,720,47.73714306856308,155.36484620115183,134.18326568835928,26.433511519366263,4.873016032539497,,40.60526153910905,40.35039169341326,0.7884059771895409,39.56198571622372,0.0,42.2377108977017,18.789890431325475,34.520387308879954,13.021455589732492,11603.709205149327,1412.9648142453161,1998.6034039455437,1281.1533028257074,269.1299098993094,nan,nan,nan,nan,nan
2550,720,63.558911496922086,191.22042292030073,145.74685110178123,50.26996513859437,4.442992965845466,4.945708751678467,40.03491275571287,39.48374220915139,0.7871418641880155,38.69660034496337,0.2994032585993409,42.26387991088654,20.304978432235355,38.42392892762489,14.293687062073063,11606.578850325703,1236.5816676935324,1761.6563183838011,1304.8117723850944,161.42091962254295,nan,nan,nan,nan,nan
2551,720,49.0380853335219,184.8872031706719,153.3014190965523,36.62205733402432,4.682579396918263,,39.990611769258976,39.71322405338287,0.7936378810554743,38.9195861723274,0.0,42.26366079016118,20.84354045614045,30.727056666509746,16.014904345128574,11587.59710238547,1234.9023180071972,1818.296083387543,1308.8956017168916,138.311235789461,nan,nan,nan,nan,nan
2552,71,0.0,-67.06419011798798,0.47854122199330135,-67.32903325051109,0.1830175712130728,,10.649868352338672,10.381815863773227,0.07909438572824001,10.302721478044987,0.0,1.2666745148349299,0.29183395227390685,33.664516625255544,0.0,1151.0173122402507,142.90058712054602,178.4189149354902,131.8741217206473,8.293033540894038,nan,nan,nan,nan,nan
2553,82,0.0,-69.8256985273018,2.3987945539628734,-71.90474973331152,0.27516587009531934,,11.85468506347388,11.585259378887713,0.09109425079077482,11.494165128096938,0.0,6.737829789204637,1.6198565058272776,35.95237486665576,0.0,1327.479068820355,182.4130357664203,231.76404482761603,152.44787535442563,53.72107351037873,nan,nan,nan,nan,nan
2554,720,56.34740886806934,163.8188333232367,135.3085990676345,33.08045616541125,4.225499155859777,1.7893574237823486,41.42392469197512,40.82134501822293,0.7940129144117236,40.027332103811204,0.33913206961005926,42.26089263281838,18.129719816553692,39.80718078536371,31.238152616215874,11582.399999999905,1221.7997690747352,1768.0771072696173,1287.5499687068557,85.74097787610229,nan,nan,nan,nan,nan
2555,84,0.0,-76.43368014316327,1.0766273181312693,-77.2115492267063,0.25551262545451797,,9.872223109006882,9.61368783377111,0.09598486591130495,9.517702967859805,0.0,6.175605330256397,0.8405790726253335,38.60577461335314,0.0,1360.1218877137426,189.69932687954835,240.33437774424613,160.68062293986634,78.08559779117029,nan,nan,nan,nan,nan
2556,164,0.0,-58.03849332492723,17.62224494598823,-74.74874989676233,0.8273613348961286,,14.003588262945414,13.769928340800107,0.18285956420004368,13.587068776600063,0.0,33.593019950803004,8.18391723614306,37.37437494838115,0.0,2657.2709899632405,364.2517981509049,461.4075105463843,272.85969054465795,83.37092713465204,nan,nan,nan,nan,nan
2557,720,12.113784534851229,40.62307656097864,100.24716383202575,-55.26401166818252,4.00768859272612,,42.760589772835374,42.503735180944204,0.7924745623022318,41.71126061864197,0.0,42.263838124450565,14.002931206173791,39.745790368942494,12.113784534851229,11595.037694704171,1442.1667922059146,1942.620472673235,1342.876000530943,278.4944185106739,nan,nan,nan,nan,nan
2558,720,52.89913824130886,156.72523671914607,133.2507939043861,28.742532041374446,4.881400491407416,9.816052436828613,43.05512112285942,42.49841419700533,0.7942691715434194,41.70414502546191,0.33014889620244503,42.26378941904799,18.706421058085926,38.527872220621646,15.455349391775247,11591.17628514566,1385.2234126073038,1993.1223529617391,1345.7409968265831,239.20901057908614,nan,nan,nan,nan,nan
2559,69,0.0,-62.68371787860599,1.131779549331903,-63.59175654522346,0.19423941646581527,,10.64707832224667,10.352678366936743,0.07888368330895901,10.273794683627784,0.0,3.3737502867007825,0.9659728219168475,31.795878272611734,0.0,1119.6731920548634,141.3587033070364,176.5299726830884,117.83759336964181,44.98760293878159,nan,nan,nan,nan,nan
2560,720,47.86027811706935,157.88873549263334,129.32728406235566,33.14702624655237,4.21250567232901,,40.66784059070051,40.395635104738176,0.7971224570646882,39.59851264767349,0.0,41.98697188207405,17.6058249813927,31.286764993793177,11.16780484387286,11619.801472801533,1290.993687618039,1800.5771804948722,1349.6962437016728,130.58819514209085,nan,nan,nan,nan,nan
2561,720,53.22718311117026,184.3752711877996,143.57293486472685,45.88235264219014,4.733948164441393,6.906127452850342,42.72352618444711,42.1718548797071,0.7957065645605326,41.376148315146565,0.2950868746265769,42.26096262409751,18.96662884618544,30.286006790075188,19.280366283431114,11584.847552745523,1300.1972619994579,1893.0045883093035,1312.309029923002,219.41299225544947,nan,nan,nan,nan,nan
2562,81,0.0,-70.25511518320644,2.5546579076035325,-72.48234853705162,0.2849310943128042,,9.254684828221798,9.009997765533626,0.0926729068160057,8.91732485871762,0.0,16.1499625302666,1.473607362891822,36.24117426852582,0.0,1310.4301053092602,183.95209000330303,235.28421720557736,148.59173041974526,34.035494847630616,nan,nan,nan,nan,nan
2563,720,53.41627458251278,159.75132613408516,129.53874913307274,35.205187800564616,4.620733363094928,,42.686547906138,42.450886624865234,0.7957848235964775,41.655101801268756,0.0,42.248780598252694,18.166797451785243,35.813680682230455,13.553114463531443,11601.672582402305,1375.668881965743,1955.4518094439088,1301.6253328636585,215.44018331578874,nan,nan,nan,nan,nan
2564,69,0.0,-62.41787855363658,2.193560078992916,-64.3111842756846,0.25449247011911097,,7.706086854450405,7.462207021191716,0.0770776029676199,7.385129418224096,0.0,10.738607221867284,1.598730889410981,32.155592137842305,0.0,1117.8482726057368,162.29082065897381,205.15448486252635,128.2371862963988,28.36887016794656,nan,nan,nan,nan,nan
2565,194,0.0,-57.17548896351266,21.364634200394757,-77.50050948405134,0.9367971962911039,,17.601357689127326,17.351294958032668,0.21503823343664408,17.136256724596024,0.0,34.224699532081914,8.866017016267646,38.75025474202566,0.0,3154.401020120485,406.7890819426942,510.79308233321603,374.593913957098,88.27334067170257,nan,nan,nan,nan,nan
2566,97,0.0,-70.7312199808113,4.8557025342613205,-75.1650940664845,0.36903655216629005,,10.21619952749461,9.967062523588538,0.10786520596593618,9.859197317622602,0.0,18.829924879452832,3.070047051952699,37.58254703324224,0.0,1573.3611580391919,213.89202246673833,271.33651798209775,185.4633426501944,49.509263881765214,nan,nan,nan,nan,nan
2567,720,28.277369717656676,113.73347864676347,126.17927253587405,-7.589422744557083,4.466767375388072,13.18298625946045,39.840494931675494,39.21553033031523,0.796210684813559,38.41931964550167,0.37189903296530247,42.26389112158355,16.629739633140826,32.07208108993522,25.866518622524787,11582.399999999898,1363.6912293888292,1944.618372510009,1342.7866198692677,229.75142833194508,nan,nan,nan,nan,nan
2568,81,0.0,-57.951905589543706,5.366336321538263,-63.00504133700003,0.28582834712703764,,11.286558494903147,11.044670708477497,0.09305401518940926,10.951616693288088,0.0,12.592993760802763,3.389780109571014,31.50252066850001,0.0,1311.6181269007038,162.7528643906067,204.31268677753346,142.0566459400941,94.91404765062936,nan,nan,nan,nan,nan
2569,95,0.0,-77.11069294970457,2.8550470684931604,-79.59687866612965,0.31973983782024684,,11.202041879296303,10.948856195434928,0.10727126616984606,10.841584929265082,0.0,10.489106800660991,1.8852531627791198,39.79843933306483,0.0,1537.334315795646,206.72073601024374,263.3062399245364,168.490897700114,52.394469843107615,nan,nan,nan,nan,nan
2570,114,0.0,-67.76118964884076,7.926071073937273,-75.15683456735606,0.47115381149288343,,10.645661898888648,10.413412940688431,0.1273269485682249,10.286085992120206,0.0,17.00378209803439,4.726874187934711,37.578417283678036,0.0,1846.3842028810507,248.91189277821218,316.57501692445044,190.99245354695503,70.48995861106522,nan,nan,nan,nan,nan
2571,711,0.0,19.394376165814435,97.50865042372358,-73.71114303428428,4.02609104077364,,42.756972637958825,42.552303035743535,0.7778537645936012,41.77444927114993,0.0,42.26168240219919,13.800674017968925,36.85557151714214,0.0,11461.280321674572,1458.7262843597875,1938.5491639335398,1350.0206532481757,196.73446273290062,nan,nan,nan,nan,nan
2572,87,0.0,-72.22799576133329,2.947791347819335,-74.83524992925823,0.2961163317781185,,10.115861031226814,9.862952144816518,0.09587332420051098,9.767078820616007,0.0,13.42714145157078,1.9925045943153974,37.417624964629105,0.0,1408.9294806165947,190.77187620323568,242.23732148309676,157.68346097847316,20.518743238677647,nan,nan,nan,nan,nan
2573,129,0.0,-59.556424127171,13.104235113579612,-71.9982047174334,0.6030301668733133,,12.515857400372624,12.282862970605493,0.1424457672983408,12.140417203307152,0.0,23.698227534653316,6.4373023532733615,35.9991023587167,0.0,2083.9479783872853,265.44569971585156,337.73153815594117,238.6123342966343,82.11510078924505,nan,nan,nan,nan,nan
2574,98,0.0,-71.75709164374041,4.774457812278614,-76.1118349194094,0.36720318601796315,,10.993059321306646,10.743999728932977,0.10854567866772413,10.635454050265253,0.0,17.618177703566314,3.092111955859796,38.05591745970469,0.0,1586.729041929146,212.82565100132018,269.0416878495923,186.21134008377962,52.36111974957378,nan,nan,nan,nan,nan
2575,720,53.605387732144735,151.5597198071741,123.08379282802463,33.66988077826477,4.784386313912147,13.436086654663086,42.96679713111371,42.34321959130466,0.7888551643118262,41.554364426992834,0.375586811453104,42.13810562504299,17.33778689360178,36.77044734301235,13.519615031987412,11599.764770795033,1467.7177181257177,2060.8359929968187,1337.3072703217208,257.68917725992884,nan,nan,nan,nan,nan
2576,206,0.0,-40.24779950363531,27.13853188235687,-66.12082319299823,1.1619497133457506,,15.652110201306641,15.423223037272692,0.2274498464539647,15.195773190818727,0.0,34.98691005455169,10.462898380672117,33.060411596499115,0.0,3342.105575697317,461.76936168334606,581.485801558702,357.670681170487,116.91131637527026,nan,nan,nan,nan,nan
2577,720,79.78542974575815,278.6478506028844,199.6748416381268,85.09784232791776,5.7893201339624385,,34.28697394952178,34.06663961429149,0.7873737020418048,33.279265912249684,0.0,42.24438658119917,26.341207068252803,37.23650858179927,28.60589373666771,11582.399999999947,1228.6143734269463,1854.1721940907087,1312.7799791091059,162.62943468418155,nan,nan,nan,nan,nan
2578,72,0.0,-67.2945984982119,1.157851763255751,-68.18942726409057,0.21796694237865571,,11.796471127308905,11.501425546593964,0.07963844388723373,11.42178710270673,0.0,2.84327564211849,0.7040619265748472,34.09471363204529,0.0,1166.5267145949351,158.4797129189743,199.9162317919788,144.1562806330271,13.10936238544415,nan,nan,nan,nan,nan
2579,720,47.16319792637445,147.98078001737173,136.4842136017687,16.628167084179353,4.772472666525505,5.676719665527344,45.32201519794762,44.70994717814028,0.7889010896906257,43.92104608844966,0.330821692943573,42.26353724024679,19.121843247240836,38.84911438428477,15.23971245349521,11590.617761338284,1370.1073086918486,1961.9188449224923,1263.5552024980752,144.16556730662458,nan,nan,nan,nan,nan
