episode,minibatches,minibatches_possible,first_mb_kl,policy_loss,value_loss,mean_V,std_V,std_barrier,lyap_violation_rate,lyap_in_ball_rate,lyap_mean_dV,lyap_worst_slack,lyap_v_rmse,grad_norm_control,grad_norm_aux,lr_scale,certifiable_frac,cert_violation,cert_mean_dV,cert_mean_V,cert_worst_slack,cert_in_ball_rate,cert_certifiable_frac,cert_alpha_q05,cert_alpha_q25,cert_alpha_q50,cert_alpha_used,cert_alpha_next,cert_alpha_nonpos_frac,cert_nstep,cert_n_samples,v_critic_violation,v_critic_mean,v_critic_min,v_agreement,v_critic_alpha_q05,v_critic_alpha_q25,v_critic_alpha_q50,v_critic_alpha_nonpos_frac,v_critic_violation_direct,v_critic_nonpos_direct,v_bellman_delta_mean,v_bellman_delta_std,v_bellman_delta_q95,softplus_beta,lyap_penalty,dynamics_loss,barrier_loss,approx_kl,clip_fraction,mean_std,mean_raw_log_std,mean_abs_action,alpha,attn_entropy,critic_ev,critic_rmse_norm,critic_rmse_abs,returns_std,returns_mean,xv_true_corr,xv_true_rank,xv_true_flat_frac,ood_v_min,ood_v_mean,ood_nonneg_frac,ood_monotone_frac,ood_slope_corr,ood_range
8,36,36,0.0,0.0016508939572506482,0.03219467683488296,,,,,,,,,10.627321349249947,0.0,0.15716392865456894,,0.5598220328489939,-0.15021215462022358,0.3209567409422662,0.5719821299426258,0.06493055323759715,0.8890625006622739,-0.01246699494852995,0.0015365112986829546,0.008208349347114563,0.010000000000000009,0.009500000000000008,0.19607244514756733,150.0,111.11111111111111,0.9985449728038576,1.7267443305916257,0.7963972008890576,0.9817308684190115,-0.005339809175994661,-0.0033225837881521634,-0.0019849604286719114,0.9156816535525851,0.9812112864520814,0.5693273867170016,0.0005986181468971255,0.020529317436739802,0.020159419315556686,0.30300483119413163,,,,0.004629489272095573,0.04852430563833979,0.10543356815146075,0.0001861618264784839,0.007538445222760654,0.9524170478708179,0.9992087781429291,0.855042576789856,0.44330450892448425,0.28111374378204346,0.6341323852539062,-1.7351657152175903,0.9774898886680603,0.9627028107643127,0.0,0.5685280561447144,1.7345352172851562,1.0,0.9973958134651184,0.9449602961540222,2.08732008934021
21,28,28,0.0,-0.0032904069937233415,0.09789397314723049,,,,,,,,,7.248621702194214,0.0,0.20598766158573653,,0.566123729305608,-0.2164988640163626,0.4437454917601177,0.6240919317517962,0.06380333432129451,0.7453421631029674,-0.009707783747996603,-0.0011823060257094248,0.005591115781239101,0.009500000000000008,0.009025000000000007,0.33213112343634876,150.0,63.0,0.9869265684059688,1.9115821591445379,0.6150403491088322,0.9677344177450452,-0.007203105815798543,-0.0021373042774419965,-0.0009590561936160416,0.8032423319028956,0.9222388693264553,0.6820972561836243,-0.005439904467493761,0.03842076878728611,0.026448325054453953,0.304751119814597,,,,0.0029780001911733833,0.023682583389537677,0.10550447686442307,0.0005703371841393943,0.0053274726461885235,0.9135677093311829,0.9989016652107239,0.9050180912017822,0.339548796415329,0.23631684482097626,0.6959731578826904,-1.9557538032531738,0.9713964462280273,0.9277343153953552,0.033203125,0.7801234722137451,1.6848465204238892,1.0,0.999131977558136,0.9348659515380859,2.0755722522735596
29,24,24,0.0,-0.002562065802824994,0.03178941427419583,,,,,,,,,6.182475209236145,0.0,0.24808209828112715,,0.44326916709542274,-0.13222105723495284,0.3440651409327984,0.6829022740324339,0.13179455945889154,0.816235214471817,-0.006365550934181859,0.0017297330001990001,0.01161015530427297,0.009025000000000007,0.008573750000000007,0.21680199603239694,150.0,72.0,1.0,1.697664315501849,0.5072469674050808,0.9715042014916738,-0.004994542939433207,-0.0027123900363221765,-0.0015685196121921763,0.8827749838431677,0.9321466212471327,0.600021538635095,-0.0028607918405517316,0.03155988567353537,0.02415685309097171,0.30282604250508505,,,,0.002516073078974538,0.015669138403609395,0.10557967486480872,0.0009774774249914724,0.005325209300887461,0.8813411196151647,0.999512255191803,0.9181504845619202,0.289394736289978,0.20934227108955383,0.7233796715736389,-1.7008056640625,0.9758834838867188,0.9634928703308105,0.068359375,0.5138489007949829,1.5555155277252197,1.0,0.9891493320465088,0.9196633696556091,2.0625059604644775
31,24,24,0.0,-0.0037398855978002152,0.028100391772265237,,,,,,,,,4.884499003489812,0.0,0.28805676822782006,,0.6043027577300867,-0.11388159170746803,0.2961261111001174,0.5327254856626192,0.03772786259651184,0.9440429682532946,-0.020224972705667216,-0.0010771099478006363,0.004894560823837916,0.00857375000000001,0.008145062500000006,0.321564145386219,150.0,173.16666666666666,0.9957432722051939,1.1647080034017563,0.41940686851739883,0.9484938979148865,-0.005243231406590591,-0.002097670231402541,-0.00036695663289817065,0.5715857533117136,0.8377149328589439,0.49540269499023754,0.001123716684048759,0.009915931810004016,0.019574978466456134,0.2981847170583201,,,,0.0029324126905218386,0.02216796875776102,0.10566007376958926,0.0014124495307138811,0.008649645509043088,0.8517834903074486,0.9998277127742767,0.8040323257446289,0.45794910192489624,0.2156011164188385,0.4707971215248108,-1.1694148778915405,0.9740557074546814,0.9570963382720947,0.0,0.44867193698883057,1.3457670211791992,1.0,0.999131977558136,0.9502862095832825,2.073227882385254
37,28,28,0.0,-0.0041412698836731055,0.01988420805095562,,,,,,,,,5.966317849499839,0.0,0.33637193615123634,,0.3338467611798218,-0.1877316295036248,0.3119108144726072,0.4223450230700629,0.2611947400229318,0.8835604041814804,-0.01093107248224052,0.005298073802675519,0.01758820882865361,0.008145062500000001,0.007737809375000006,0.13686404217566764,150.0,108.0,0.9741119146347046,1.2018114881856101,0.2647748924791813,0.9331162720918655,-0.0039357081321733335,-0.002074636918093477,-0.0009658530242242185,0.6825901461499078,0.7707097679376602,0.46921718972069876,-7.117352963957404e-05,0.023319095872076496,0.02117332709687097,0.2864200843273393,,,,0.0036672874100206953,0.03549923791017916,0.1057607036616121,0.0019564049476425032,0.006617801313820694,0.8173681212358092,0.9996093213558197,0.924261212348938,0.2820862829685211,0.2100960910320282,0.744793713092804,-1.1948548555374146,0.956647515296936,0.8974326848983765,0.1767578125,0.2846321165561676,1.3532835245132446,1.0,0.9852430820465088,0.8726456165313721,2.0495340824127197
45,32,32,0.0,-0.003032433816770208,0.020908741338644177,,,,,,,,,5.830226995050907,0.0,0.3923764882692638,,0.429882999509573,-0.14855920197442174,0.26094631338492036,0.3903768975287676,0.11734452843666077,0.8746714275330305,-0.018650383804924786,0.0018324176780879498,0.009431680664420128,0.007737809375000009,0.007350918906250005,0.20923216664232314,150.0,108.625,0.9556723684072495,1.2513244785368443,0.19288980425335467,0.9337803795933723,-0.003502402592857834,-0.0015322461040341295,-0.00015278571368071425,0.545172056183219,0.7990212608128786,0.5241114804521203,-0.002005318362307662,0.023452133318642154,0.022240488382522017,0.27587630858737755,,,,0.003376490029040724,0.03197758179157972,0.10589269828051329,0.002669110537681263,0.011779125517932698,0.7791948806354378,0.9996376037597656,0.9327290654182434,0.2677038609981537,0.20619991421699524,0.7702537775039673,-1.2623904943466187,0.9474419951438904,0.9360891580581665,0.0869140625,0.15671226382255554,1.2294403314590454,1.0,0.9557291865348816,0.8779131770133972,2.032073497772217
47,24,24,0.0,-0.005055954058965047,0.022929705563001335,,,,,,,,,6.891107380390167,0.0,0.43230061368595085,,0.2210005490730206,-0.23058547948797545,0.3044166254500548,0.31268000043928623,0.34231770783662796,0.9516927128036817,-0.004966774336935487,0.008265776559710503,0.015667948871850967,0.007350918906250004,0.006983372960937505,0.09633366018533707,150.0,112.16666666666667,0.9613942081729571,0.8385619620482127,0.16129666939377785,0.8380195870995522,-0.004370940946197758,-0.002060922905608701,-0.00048627675708227497,0.5915998381872972,0.6444298128286997,0.4212480237086614,0.002624910045900227,0.012460473148773113,0.025585410029937822,0.26659522124702395,,,,0.00567113400514548,0.07099609397118911,0.1060263089214762,0.0033896702031294503,0.013086536860403916,0.7530629404278278,0.9995436668395996,0.7735543847084045,0.4821377992630005,0.24512094259262085,0.5084043145179749,-0.843682587146759,0.90581214427948,0.844158411026001,0.193359375,0.2117462307214737,1.2087239027023315,1.0,0.9431423544883728,0.8793601989746094,2.020899772644043
49,24,24,0.0,0.0004626818311711152,0.01442834515667831,,,,,,,,,6.642255951960881,0.0,0.47220603338986855,,0.2141802286108335,-0.17979416934152445,0.2553605083376169,0.26042651074628037,0.4046874965230624,0.9677734399835268,0.0018244650394384128,0.00893158403535684,0.01948959877093633,0.006983372960937509,0.0067628874576145135,0.005463256306635837,150.0,125.16666666666667,0.9519470781087875,0.7371952955921491,0.2450897227972746,0.9540874908367792,-0.005357039995336284,-0.0019623382734910897,-5.743807529749271e-05,0.5069171438614527,0.6462537720799446,0.4196347047885259,0.002667736346969226,0.010345011639098326,0.020297388701389234,0.2621231160691761,,,,0.004577891464577988,0.04954427092646559,0.10614791543533404,0.004044718448615943,0.018427035266843934,0.7278073898320906,0.9997546970844269,0.8454779386520386,0.4190605878829956,0.16599003970623016,0.39610034227371216,-0.7347872853279114,0.9542975425720215,0.7632358074188232,0.1455078125,0.19435732066631317,1.1606348752975464,1.0,0.9205729365348816,0.9368814826011658,2.0204854011535645
52,24,24,0.0,-0.00353565183468163,0.0319311716593802,,,,,,,,,6.8846773107846575,0.0,0.5140012924153047,,0.333832756926616,-0.25547785808642703,0.36006103456020355,0.3903459645807743,0.22140107303857803,0.9322120646635691,-0.009009473452654978,0.00438935620089372,0.017650098850329716,0.006762887457614514,0.006424743084733788,0.14152649138122797,150.0,125.5,0.8776026715834936,0.8858432819445928,0.12004874972626567,0.9548333858450254,-0.004683890506081904,-0.0011083827788146057,0.00046907789150433626,0.43900839425623417,0.6266666774948438,0.4003892553349336,0.0010642062200834819,0.014492957037873566,0.020996330305933952,0.2505831864140702,,,,0.005292333919593754,0.061286048808445535,0.10627390226970117,0.004722556390333921,0.023188178272296984,0.7022500350461804,0.9997222423553467,0.8936097621917725,0.3273687958717346,0.20693597197532654,0.632118821144104,-0.8971356153488159,0.9719254374504089,0.8870715498924255,0.154296875,0.08037059009075165,1.0684841871261597,1.0,0.9266493320465088,0.9279913306236267,2.0089428424835205
54,24,24,0.0,-0.001268200537500282,0.03438908668855826,,,,,,,,,8.195340593655905,0.0,0.5538620400023025,,0.1527505616346995,-0.3253991889456908,0.42814044406016666,0.470931950956583,0.4568684870998065,0.9346028690536817,0.0011058819496459666,0.011073997244238853,0.027610948930184048,0.006424743084733787,0.005791776107701654,0.04083656550695499,150.0,103.16666666666667,0.8305757790803909,0.7256467888752619,0.0415317981193463,0.9422349358598391,-0.0030729954936153567,-0.0007982041145927118,0.0007325137996758713,0.37642495334148407,0.49823785076538724,0.3227424882352352,0.0038787014200352132,0.012459331347296635,0.024042315703506272,0.22724402779967146,,,,0.0054482474564186605,0.0682617196192344,0.10640788171440363,0.005442527724274744,0.019962251807252567,0.6786986021727336,0.9998118281364441,0.8844239711761475,0.3432297706604004,0.22111356258392334,0.644214391708374,-0.7108976244926453,0.9620802998542786,0.8860608339309692,0.3115234375,0.06760713458061218,0.9861094355583191,1.0,0.960069477558136,0.9087290167808533,2.0306525230407715
56,24,24,0.0,-0.004300198672960202,0.01917910164532562,,,,,,,,,8.842863023281097,0.0,0.5936978699433015,,0.2281702651331822,-0.23811457181970277,0.38188300157586735,0.4595101612309615,0.3160481775800387,0.9500651061534882,-0.0006241506416699849,0.006373670573035876,0.01963513468702634,0.0057917761077016525,0.004695025404695934,0.07166009807648759,150.0,126.66666666666667,0.8076539759834608,0.7681341841816902,0.047826228430494666,0.9308210263649622,-0.0017743885982781649,0.0004182394718933817,0.0019273695991917823,0.20166407463451227,0.60735156138738,0.3951336058477561,0.00011042433645040244,0.010721882378372053,0.021575871855020523,0.2159633566625656,,,,0.006993484091556941,0.09427083330228925,0.10654310944179694,0.00616828949811558,0.015105154675741991,0.6559370161667993,0.9998317658901215,0.8945968747138977,0.33413925766944885,0.19111280143260956,0.5719555616378784,-0.7559830546379089,0.9644291400909424,0.880785346031189,0.1845703125,0.0,0.9029285311698914,1.0,0.9565972089767456,0.9345777630805969,2.0243120193481445
59,24,24,0.0,-0.0026643061840635105,0.017658407411848504,,,,,,,,,7.699303994576137,0.0,0.6351924706136871,,0.4043575959901015,-0.14124567185839018,0.2867576622714599,0.40970562274257344,0.16228244453668594,0.896665558218956,-0.014966818465230366,0.0007950856039921442,0.008470592399438223,0.004695025404695934,0.004460274134461137,0.21845133292178312,150.0,153.83333333333334,0.6877589126427969,0.866457981367906,0.08165918632100026,0.8461492856343588,-0.0021791514542807513,0.0004802476525658979,0.0024375659850193188,0.20172533641258875,0.5620352737605572,0.43611328055461246,-0.001372818402160192,0.01446342037525028,0.020915941257650655,0.20790657260176823,,,,0.009320378288975917,0.11786358244717121,0.10668443391720454,0.00692579031844313,0.015093288461988172,0.6330233837884515,0.9996951520442963,0.9158738851547241,0.32079553604125977,0.1832047998905182,0.5710952281951904,-0.8501225113868713,0.8639611601829529,0.8514463901519775,0.0615234375,0.0,0.9539853930473328,1.0,0.9123263955116272,0.854068398475647,1.9992026090621948
64,28,28,0.0,-0.006357928064452218,0.02772828218128,,,,,,,,,6.368735534804208,0.0,0.6836409811661909,,0.12164843508175441,-0.18158340347664698,0.23669489100575447,0.11991537894521441,0.20570784168584005,0.9237154913800103,-0.007455581034134541,0.008602852800062724,0.017508099121706828,0.004460274134461137,0.00423726042773808,0.08236443331199032,150.0,105.71428571428571,0.7407736373799187,0.9266401486737388,0.15777808906776564,0.9424567286457334,-0.0025675019008174005,-0.0007231502825431692,0.0010115542655902182,0.38650050280349596,0.5996317906039101,0.4615996203252247,-0.0012279821668406449,0.019190317917881266,0.022161541307078942,0.20344942264752064,,,,0.008232734215978001,0.10618805246693748,0.10685349575110845,0.007830617234243878,0.011937046124200736,0.6072597348254563,0.9997351169586182,0.9214723706245422,0.28748464584350586,0.2016790211200714,0.7015296816825867,-0.9205718040466309,0.9386529922485352,0.8282932639122009,0.1484375,0.0,1.0488137006759644,1.0,0.897569477558136,0.8748857378959656,1.9635413885116577
66,24,24,0.0,-0.004086705390363932,0.02334664948284626,,,,,,,,,6.723900030056636,0.0,0.723381451444205,,0.13130276960631213,-0.2757824510335922,0.3811027718087037,0.2734402207036813,0.4009765610098839,0.9475911483168602,0.0013473845113670297,0.00892553043862184,0.023032929748296738,0.004237260427738078,0.004062688166902127,0.01987367627831797,150.0,108.5,0.8938065990805626,0.8354474231600761,0.12519590432445207,0.8863057593504587,-0.004072579075000249,-0.0012437028769151464,0.00024972111805254826,0.46063632269700366,0.5501043573021889,0.37473540753126144,0.002388686089905908,0.011343594446467856,0.022921580355614424,0.1879718515236017,,,,0.004731458604510408,0.054785156661334135,0.10703420049200456,0.008796235856910547,0.012725623014072577,0.5868940015855162,0.9997431337833405,0.884004533290863,0.3441353440284729,0.19318033754825592,0.5613498687744141,-0.8443527221679688,0.927286684513092,0.8318877220153809,0.283203125,0.1604137420654297,1.0963503122329712,1.0,0.8971354365348816,0.9006944894790649,1.9843041896820068
69,24,24,0.0,-0.002738931953596572,0.06936428889942665,,,,,,,,,8.54226482907931,0.0,0.7652932666556539,,0.12781483369568983,-0.20842021703720093,0.322212149699529,0.34614556344846886,0.32577039301395416,0.9513020887970924,0.0013596377463424385,0.008031321068604788,0.012421496212482452,0.004062688166902127,0.0038513929923471696,0.023205509060062468,150.0,130.5,0.7166199026008447,0.8137852450211843,0.1001666364728715,0.9163205499450365,-0.002711286965942842,-0.00010814784434387548,0.001790046194552512,0.3142966030475994,0.5330055418113867,0.3955851849168539,0.0005045445852071376,0.01451815195226421,0.021228948685651023,0.18266031378716008,,,,0.007379607889257993,0.09633246654023726,0.10719417904814084,0.009649769985117018,0.010794382348346213,0.5661373538986608,0.9998376071453094,0.9166767597198486,0.2895665466785431,0.17678840458393097,0.6105276942253113,-0.8827513456344604,0.9256342053413391,0.8463543057441711,0.1943359375,0.027831068262457848,1.092905879020691,1.0,0.8927951455116272,0.8705839514732361,1.9301939010620117
73,28,28,0.0,-0.0035713200257825,0.025429204871345843,,,,,,,,,7.275900551251003,0.0,0.8106344102995456,,0.11742413496332509,-0.20589326534952437,0.2869084727551256,0.30331033202154295,0.31127739804131643,0.9334288707801274,0.0006473520193789487,0.013869630438940865,0.025180184415408542,0.003851392992347171,0.003422857279257028,0.043188566874180524,150.0,91.14285714285714,0.9115996147905078,0.9459139811141151,0.2550223342009953,0.948633936899049,-0.0033640487984355006,-0.0015923190200867663,-0.000383055051898903,0.5728092012660844,0.5773234239646367,0.4267388582229614,0.0006526885725699165,0.017727442950542485,0.01962825795635581,0.18056040250018618,,,,0.0054703400819562376,0.06475750782660075,0.10737288211073194,0.010601670680833715,0.015001840224223477,0.5444871744983305,0.9998297989368439,0.8968231678009033,0.3214508593082428,0.21662096679210663,0.67388516664505,-0.9403935670852661,0.9557490944862366,0.8737658858299255,0.1982421875,0.1056457981467247,1.1673935651779175,1.0,0.9149305820465088,0.9014683961868286,2.0158746242523193
76,24,24,0.0,-0.0028332206032549343,0.04754749507022401,,,,,,,,,6.143147826194763,0.0,0.8528457189693142,,0.03612889954820275,-0.2578121821085612,0.32468152915438014,0.22498748203118643,0.3435295696059863,0.9159028455615044,0.0045478798856493086,0.011519929394125938,0.024734583993752796,0.003422857279257027,0.003477832960412218,0.009424747355903188,150.0,105.66666666666667,0.7866516411304474,0.8521137783924738,0.052564588685830436,0.8606912791728973,-0.002928280368602524,-0.0014198670948341412,0.00021852534700883552,0.4855289390931527,0.5347477036217848,0.4343693380554517,0.0011775744163363318,0.016763264779001474,0.026283989815662306,0.1639417020119311,,,,0.006440009752016825,0.07826725556515157,0.10757505086561044,0.011676716695850095,0.013192013643371562,0.5250561639828605,0.9997710585594177,0.8968272805213928,0.32135212421417236,0.21637767553329468,0.6733351349830627,-0.8880478143692017,0.896202027797699,0.8920722603797913,0.255859375,0.05788389593362808,1.1434270143508911,1.0,0.90234375,0.8403304219245911,1.9935916662216187
78,24,24,0.0,-0.005660869258766373,0.0209487951748694,,,,,,,,,6.470836937427521,0.0,0.8924289851480179,,0.08291463274508715,-0.2222583219408989,0.2926093476514022,0.2600084201743205,0.4164388005932172,0.9384440133968989,0.002163842798230083,0.011773154760400454,0.029281941552956898,0.003477832960412218,0.003492585687389768,0.02807942343254884,150.0,95.16666666666667,0.6898672382036845,0.5896379848321279,0.031107056129258126,0.733570451537768,-0.0028099752574538193,-0.0007171551830348714,0.0010459712666488485,0.36999070023496944,0.49562280004223186,0.4106684550642967,0.0009240689411550799,0.012073686579242349,0.02401298951978485,0.14903324348345198,,,,0.008530952186750559,0.11562500017074247,0.10778082037965457,0.012768874255319437,0.012173791183158755,0.5074473004959135,0.9996298849582672,0.8158055543899536,0.44307318329811096,0.21175049245357513,0.47791314125061035,-0.5776892304420471,0.7951199412345886,0.8400864005088806,0.345703125,0.0,0.9129788279533386,1.0,0.9578993320465088,0.8645715713500977,2.0326380729675293
83,28,28,0.0,-0.0031393719878646414,0.03475691484553473,,,,,,,,,6.23487787587302,0.0,0.9388303989513814,,0.16387519000896386,-0.18673939683607646,0.2733234145811626,0.19086038214819773,0.14838314482143947,0.8471598156860897,-0.008467779164285665,0.007972551243645805,0.011545086545603616,0.0034925856873897665,0.0033179564030202794,0.08551479117678744,150.0,115.28571428571429,0.7399745264223644,1.1029871042285646,0.16547919467224606,0.8829183748790196,-0.004259302064643374,-0.0015562201577787554,0.0003768568741569262,0.4621308350137302,0.5530448108911514,0.45135476653065,-0.0006032683919719213,0.022446387813293507,0.026286910886743238,0.14661869825390805,,,,0.0053865728176398465,0.06204704913709845,0.10799997486174107,0.013929760549217463,0.011656267335638404,0.48753310977891035,0.9986278414726257,0.8974142074584961,0.3202914893627167,0.23581911623477936,0.7362640500068665,-1.0874583721160889,0.9046927690505981,0.885909378528595,0.029296875,0.07801628857851028,1.2154258489608765,1.0,0.9166666865348816,0.8085411787033081,1.9850355386734009
86,24,24,0.0,-0.0038845272501930594,0.019215011231911678,,,,,,,,,5.562401652336121,0.0,0.9803200711954597,,0.2173816580325365,-0.1796332709491253,0.3294044956564903,0.4138944074511528,0.18335903932650885,0.9081074247757593,-0.0029427559153797724,0.003850142781933149,0.01451106866200765,0.0033179564030202803,0.003152058582869265,0.09681196867798765,150.0,153.66666666666666,0.7392604698737463,1.0230467543005943,0.2041703254605333,0.828069806098938,-0.003320149698993191,-0.001195624224540855,0.000861390670252149,0.39956540738542873,0.5816299493114153,0.4856211803853512,-0.00011751528927561594,0.01659586113722374,0.026808899827301502,0.1490057630715454,,,,0.004312764925998636,0.05138758500106633,0.10822227442016204,0.015104995652412375,0.012536297358262042,0.47036854519668064,0.9985660016536713,0.8940653800964355,0.32547643780708313,0.1923770159482956,0.5910627841949463,-1.0183773040771484,0.8566552400588989,0.8361433148384094,0.0712890625,0.07252128422260284,1.1364624500274658,1.0,0.8962673544883728,0.8453059196472168,1.9296808242797852
89,24,24,0.0,-0.004200578706028561,0.024818070892555017,,,,,,,,,6.4811302324136095,0.0,0.9954367191864018,,0.21708155671755472,-0.2269982441018025,0.36783138662576675,0.299577829738458,0.3191608761747678,0.9001909742752711,0.0002945560139172206,0.00454180749754111,0.019887596368789673,0.0031520585828692656,0.00287717042131602,0.04328946295815209,150.0,116.16666666666667,0.7790071666240692,0.9019755274057388,0.06825779009765635,0.880844883620739,-0.0032799028801188492,-0.0008058324547164375,0.0008243881299373849,0.37032274218897027,0.4828784589966138,0.3832268714904785,0.0022129099318893473,0.010498249360049764,0.02132502943277359,0.14677123755091764,,,,0.007812027385322533,0.10269386623986065,0.10844435635954142,0.016276702983304858,0.015745436889119446,0.4538943037612965,0.9982246458530426,0.9180313348770142,0.2864668667316437,0.17997457087039948,0.6282561421394348,-0.8871816992759705,0.8985536098480225,0.8436524868011475,0.1533203125,0.05413821339607239,1.0943747758865356,1.0,0.89453125,0.8438649773597717,1.9128156900405884
92,28,28,0.0,0.01772520546468773,0.030189167442066327,,,,,,,,,7.777213633060455,0.0,0.9949976435839724,,0.1635882302320429,-0.22595404141715594,0.3313979815159525,0.3206208683550358,0.30397400898592813,0.9463129788637161,-0.01174114049977756,0.0071143704865659985,0.018484040030411313,0.002877170421316021,0.0029881916940029574,0.12423390216593232,150.0,101.85714285714286,0.6811849442975861,0.8531837144068309,0.0056898633816412515,0.8729860612324306,-0.0030902321491989176,-0.0003572017790247628,0.0012976786472011423,0.3139698627804007,0.5217368879488536,0.41993883571454454,0.0008920101715505423,0.015467811109764236,0.022712262081248418,0.13879141617114735,,,,0.004917007534199261,0.05954639680151429,0.10866775816040379,0.01745299848594836,0.013367875878299986,0.43731279182782673,0.9986515045166016,0.915629506111145,0.29379594326019287,0.19685325026512146,0.6700339317321777,-0.8460028171539307,0.8897966742515564,0.8472812175750732,0.2353515625,0.0,1.0133198499679565,1.0,0.9123263955116272,0.8207234740257263,1.8885242938995361
97,28,28,0.0,-0.002383493785081165,0.026593186726261462,,,,,,,,,5.8435711945806235,0.0,0.9944747712071419,,0.2559143081307411,-0.2168569681899888,0.37962030938693453,0.4946697194661413,0.22186420219285147,0.8969028975282397,-0.003239265040195148,0.0033163433628422873,0.016149467655590603,0.0029881916940029574,0.002838782109302809,0.13997009636035987,150.0,118.28571428571429,0.8564813435077667,1.2127918004989624,0.14033195469528437,0.9027492659432548,-0.003788599794331406,-0.0014082809939282015,-6.644233625203404e-05,0.5223082516874585,0.5770548901387623,0.4522792909826551,0.0006523864301146075,0.020973567252180407,0.024950365935053145,0.13551790627607369,,,,0.004913627878912459,0.05440398159303835,0.1088928042777947,0.018635558297059367,0.013148500517542874,0.41921640717514685,0.9987103343009949,0.9087337851524353,0.30366185307502747,0.22100891172885895,0.7278125286102295,-1.200108289718628,0.915144145488739,0.8668333292007446,0.138671875,0.05570153146982193,1.2193387746810913,1.0,0.8953993320465088,0.8374555706977844,1.8970131874084473
105,28,28,0.0,0.015995861496776342,0.021063777451802577,,,,,,,,,7.329272219112942,0.0,0.9940004984789123,,0.3439597540668079,-0.18961892622922147,0.4307640258755003,0.4426850152334997,0.15560318529605865,0.8752536582095283,-0.0013062266165044484,0.0023864470422267914,0.015114772532667433,0.002838782109302809,0.0030232597111144823,0.1411769146631871,150.0,61.0,0.9189600412334714,1.6668868575777327,0.2014846678024956,0.8949998595884868,-0.002765765679734094,-0.001189017178798427,-0.0004906690510649371,0.6520943513938359,0.7210033472095217,0.625691926905087,-0.004384369007311761,0.033050621394068,0.030869580572471023,0.14433946011407478,,,,0.00762365571738753,0.09787185490131378,0.10912932162838322,0.019875815071697747,0.015832782989101752,0.4041314357284875,0.9966578185558319,0.9389591813087463,0.250826358795166,0.18730071187019348,0.7467345595359802,-1.655811071395874,0.9199569225311279,0.8474984765052795,0.1044921875,0.08248262107372284,1.3354641199111938,1.0,0.9027777910232544,0.8622270822525024,1.933022379875183
110,32,32,0.0,0.004408724402310327,0.029188175292802043,,,,,,,,,7.6270193718373775,0.0,0.993414810762288,,0.10911639768164605,-0.249169968534261,0.37464556097984314,0.23603566671226872,0.23651947639882565,0.924415385350585,0.0008376741684799072,0.006886770483106375,0.020263816229999065,0.0030232597111144836,0.0031172281233606313,0.03564143256517127,150.0,88.375,0.9390399530529976,1.3021676801145077,0.22061395982746035,0.9239497743546963,-0.003894725232385099,-0.0020158595471002627,-0.001011907471252016,0.7346139438450336,0.6317896228283644,0.4901577867567539,0.0009873144012999546,0.01935874369519297,0.023998123651836067,0.14564818171543817,,,,0.0057295225851703435,0.07279679598286748,0.10937807476148009,0.021177411486860365,0.012407474860083312,0.3869953630066507,0.9973673224449158,0.9192380309104919,0.29407617449760437,0.21975639462471008,0.7472771406173706,-1.2959970235824585,0.9417275190353394,0.8959476947784424,0.17578125,0.05214996635913849,1.3581664562225342,1.0,0.9084201455116272,0.8710277080535889,1.9448516368865967
112,24,24,0.0,-0.00011358433403074741,0.016456329612992704,,,,,,,,,5.390005787213643,0.0,0.9929346891516707,,0.031061033349639427,-0.2193380972991387,0.30909926320115727,0.015654216210047405,0.3736979166666667,0.9386067738135656,0.0035454309545457363,0.008457904060681662,0.017451951901117962,0.0031172281233606317,0.003121273412246728,0.0,150.0,120.83333333333333,0.9017694567640623,0.9310408805807432,0.34806842915713787,0.9236021389563879,-0.004320636556561415,-0.002180011506425217,-0.0008564742711314466,0.6462844212849935,0.5174352203806242,0.3645319268107414,0.004213534567194681,0.009883441108589372,0.021976664817581575,0.14655417220331543,,,,0.00543139597963697,0.06282552091094355,0.10959424264729023,0.022306241172676284,0.013733771513216197,0.3740166590417769,0.999190628528595,0.9115980863571167,0.35915300250053406,0.19633066654205322,0.5466490983963013,-0.9450531005859375,0.9483665823936462,0.8245828151702881,0.2412109375,0.3248562812805176,1.289522409439087,1.0,0.890625,0.9001436233520508,1.9400992393493652
121,24,24,0.0,-0.00026655360125005245,0.017229944195908804,,,,,,,,,5.131070027748744,0.0,0.992410113271062,,0.10836784883091848,-0.1642974205315113,0.23525280257066092,0.06460692267864943,0.13763062159220377,0.8716113120317459,-0.015500083129154518,0.0059733955810467405,0.013062612464030584,0.003121273412246729,0.0029652097416343914,0.10584404940406482,150.0,64.33333333333333,0.9377764388918877,1.5440627833207448,0.3948218474785487,0.9592044527331988,-0.004632606297188128,-0.0018145979605227087,-0.0008058167550188955,0.703904832402865,0.7450429474314054,0.5998783061901728,-0.0040442899929378955,0.03378041461110115,0.021270141005516052,0.14750511613433326,,,,0.002398971152918724,0.016007725227003295,0.10978838211546342,0.023318130988627672,0.01603000288984428,0.3607973794331442,0.9994802474975586,0.9506024122238159,0.23039177060127258,0.177824929356575,0.7718371748924255,-1.5524344444274902,0.9464458227157593,0.8972062468528748,0.0771484375,0.21768079698085785,1.3184658288955688,1.0,0.889756977558136,0.8942017555236816,1.9223883152008057
126,32,32,0.0,-0.01277883374132216,0.02257736332830973,,,,,,,,,7.08175490796566,0.0,0.9917589679535935,,0.11923734121955931,-0.26299381721764803,0.36591897532343864,0.21633016085252166,0.30236816219985485,0.8887727186083794,0.0005962382163033908,0.011162335984408855,0.027096553705632687,0.00296520974163439,0.0028169492545526715,0.08335288078524172,150.0,77.625,0.9286279324442148,1.1841051429510117,0.24757594987750053,0.9229717385023832,-0.005413500715803821,-0.002369407196965767,-0.0007558968623584406,0.6049111057072878,0.5660204151645303,0.44135813880711794,0.0021782114681627718,0.021529398654820397,0.025535656895954162,0.15249511354601483,,,,0.004442457662662491,0.04901388427242637,0.11000299104489386,0.024434639723040164,0.02023971703602001,0.34561337018497423,0.9994920194149017,0.937842607498169,0.2629868984222412,0.18886102735996246,0.718138575553894,-1.1538487672805786,0.9384523034095764,0.8678193092346191,0.2216796875,0.2714289128780365,1.2847017049789429,1.0,0.8949652910232544,0.8766063451766968,1.9475984573364258
129,28,28,0.0,4.038084963602679e-05,0.023090681792902096,,,,,,,,,5.991356900760105,0.0,0.9911592189112709,,0.13035568235708134,-0.22336721633161818,0.34414182922669817,0.23956351993339403,0.3264244965144566,0.9309807888099125,-7.988852770982444e-05,0.008107059236083711,0.021795211093766347,0.00281694925455267,0.002469680615755793,0.07859460557145732,150.0,103.85714285714286,0.8969358163220542,1.0216601533549172,0.2888423859008721,0.9418594688177109,-0.0042212479498370415,-0.0013369363025828665,-7.472212545118444e-05,0.5233537788902011,0.529177185680185,0.3877478146127292,0.0027570288667837822,0.014831758071003216,0.024453102311651622,0.15326987446512258,,,,0.005179783362629158,0.06033949703643365,0.11020760078515325,0.025497239149574722,0.026038220884012326,0.3326800430197915,0.9997022747993469,0.914315402507782,0.31242674589157104,0.20262470841407776,0.6485511064529419,-1.0135719776153564,0.945504903793335,0.8609462380409241,0.255859375,0.18081656098365784,1.1912637948989868,1.0,0.8932291865348816,0.8895496726036072,1.900590419769287
135,32,32,0.0,-0.01412758239894174,0.03152115162811242,,,,,,,,,9.724436305463314,0.0,0.9904648711209487,,0.08721652656095102,-0.24391675274819136,0.33144645404536277,0.2599527654238045,0.27486165054142475,0.8636474646627903,0.0014321863436634885,0.00934643391519785,0.023359154351055622,0.002469680615755794,0.002648553520683469,0.04831661598291248,150.0,79.125,0.8271617218852043,1.0633434299379587,0.1162679569752072,0.9175967816263437,-0.002699843127402346,-0.0007320309966871719,0.0004827409568406438,0.4054556433111429,0.5984480222687125,0.5092782666906714,-0.0012924080089078416,0.02227607938402798,0.02479033000417985,0.1464702381508349,,,,0.01134127973637078,0.16418457124382257,0.1104097820352763,0.026545250904746354,0.019946517859352753,0.31880770325946434,0.9996218979358673,0.9006302356719971,0.3218468129634857,0.2388385534286499,0.7420876622200012,-1.1316025257110596,0.9384200572967529,0.9352307319641113,0.2001953125,0.07408900558948517,1.1094692945480347,1.0,0.8971354365348816,0.881780743598938,1.9315547943115234
137,24,24,0.0,-0.0029421921353787184,0.0184868168629085,,,,,,,,,5.158832391103108,0.0,0.9898901159790808,,0.1190767278894782,-0.1880359034985304,0.2653061666836341,0.1380473698178927,0.37545572717984516,0.9547851582368215,0.0008909894895623438,0.008806467056274414,0.028200207899014156,0.0026485535206834682,0.0024686275000074336,0.006727357278577983,150.0,97.66666666666667,0.5309434880812963,0.5360884964466095,0.00944243519469031,0.8514541387557983,-0.003106376558813887,0.00018044613436056048,0.0024213633878389373,0.24455305437246957,0.48226086298624676,0.40985511740048725,0.00020780453605577046,0.010431193203354875,0.021322535273308556,0.13791195111627746,,,,0.006446705306492125,0.08518880217646559,0.11059596855193377,0.02750882413238287,0.01737428701017052,0.30811581597125737,0.9996210932731628,0.7864722609519958,0.49425941705703735,0.18917928636074066,0.38275301456451416,-0.5273883938789368,0.883111298084259,0.8859984278678894,0.263671875,0.0,0.8605527281761169,1.0,0.9244791865348816,0.9050170183181763,1.9803475141525269
139,24,24,0.0,-0.0023968398260573545,0.019364330529545743,,,,,,,,,5.512861847877502,0.0,0.9892987950724751,,0.07311876257881522,-0.22835370463629565,0.3164420463144779,0.13908248456815878,0.34664713342984516,0.9597005223234495,0.002290319792033794,0.0094062356899182,0.02486004928747813,0.0024686275000074327,0.0025075250654293516,0.0034465233717734614,150.0,105.5,0.4940298330038786,0.5934858756760756,0.050433069259876596,0.9286559000611305,-0.0013701683213488043,0.000798785863177424,0.002713445011371126,0.15844055622195205,0.45414069419105846,0.3811846723159154,0.0006127451903618445,0.009446513839066029,0.018535295268520713,0.12743695959387039,,,,0.00522161216455667,0.05917968744567285,0.11076065246015787,0.02835973313388725,0.021702791719386976,0.29778250362529585,0.9997484385967255,0.8777904510498047,0.35864362120628357,0.15492166578769684,0.4319654703140259,-0.5993574857711792,0.9437451362609863,0.8445736169815063,0.25,0.0,0.8709157109260559,1.0,0.8923611044883728,0.9216218590736389,1.96249520778656
144,28,32,0.0,-0.0020907870826444457,0.031869065149554184,,,,,,,,,4.9491928815841675,0.0,0.9885394071873819,,0.18889271281659603,-0.18940244987607002,0.33072073331901003,0.4367928813610758,0.2865513392857143,0.9012276785714286,-0.0006352811189052383,0.0051987240357058385,0.0196409033877509,0.0025075250654293525,0.0024061304354565547,0.04749322562877621,150.0,103.07142857142857,0.7633410734789712,1.0046196622507912,0.12632494505149744,0.9213194612945829,-0.0030503313755616546,-0.0006005318994084519,0.000868466684291239,0.34259956755808424,0.5439623977456775,0.45513019391468595,-0.0017004652363864028,0.021450305124744773,0.025078653091830865,0.12836119863624904,,,,0.003453212245533775,0.0322265625,0.11094266256051404,0.02929872753364699,0.019898411884371723,0.2853991497169596,0.9995599091053009,0.9124200344085693,0.30824464559555054,0.2026149481534958,0.657318651676178,-1.0071051120758057,0.9237486720085144,0.884726345539093,0.1201171875,0.0,1.051336646080017,1.0,0.8993055820465088,0.8856410980224609,1.9373475313186646
148,28,28,0.0,-0.001959550260965313,0.02331825901222016,,,,,,,,,5.365077197551727,0.0,0.9877908950086426,,0.24164010025560856,-0.21070827756609237,0.33803313757692066,0.11535805011434215,0.31470583379268646,0.9125446400472096,0.0005933836177324078,0.0036222482366221292,0.02168270094054086,0.0024061304354565534,0.0022650252694361894,0.005341921899733799,150.0,102.14285714285714,0.7715440073183605,0.9872115509850639,0.10631878807076386,0.9343197090285165,-0.0037043121493687587,-0.001188976686015459,0.000330748135866088,0.44178865956408636,0.5220273339322635,0.4279578594224794,0.0010612102466568882,0.019400157766150578,0.02391139091923833,0.12607237743234356,,,,0.009833229755583619,0.13154256982462748,0.11113939327853066,0.030312013080609695,0.018168208854539052,0.27406261307988006,0.9998212456703186,0.9224476218223572,0.27854564785957336,0.19389067590236664,0.6960822343826294,-1.0096726417541504,0.9472491145133972,0.8702322244644165,0.2265625,0.0,1.0781582593917847,1.0,0.9032118320465088,0.8949667811393738,1.9530093669891357
150,24,24,0.0,-0.0019215922026584546,0.02701771049760282,,,,,,,,,5.943013469378154,0.0,0.9871429226192552,,0.15491657642026743,-0.241639768704772,0.3787935289243857,0.2960776562492053,0.37324218451976776,0.953938807050387,-0.0015506847157666925,0.0056652842710415525,0.0222568375368913,0.0022650252694361907,0.00215177400596438,0.08996713898765545,150.0,114.16666666666667,0.6726250064869722,0.761206050713857,0.056670541603428624,0.9087186555067698,-0.003227100518415682,-0.0007231055362050635,0.0009739924519938844,0.3633725233376026,0.4582824471096198,0.3661087043583393,0.002430076007537233,0.010853052604943514,0.021591836276153725,0.12168013406479875,,,,0.005764592739675815,0.07721354191501935,0.11133010219782591,0.03129264937403301,0.01687183262159427,0.26487134656090033,0.9998595118522644,0.8819640874862671,0.3438802659511566,0.18224164843559265,0.5299566984176636,-0.766515851020813,0.9177386164665222,0.8292744159698486,0.2412109375,0.0,0.9933708310127258,1.0,0.8962673544883728,0.8831339478492737,1.9582555294036865
154,28,28,0.0,0.001105617665286575,0.02438817422703973,,,,,,,,,5.8992535557065695,0.0,0.9863704096042402,,0.004934337489040834,-0.27941898575850893,0.335388288966247,0.005256332656634706,0.40933056601456236,0.9305741531508309,0.005439656886405179,0.012597808348281043,0.03187583386898041,0.0021517740059643787,0.0022455961626523025,0.0,150.0,77.28571428571429,0.857416604246412,0.9602725058794022,0.13990379620476492,0.9271963302578244,-0.005462848606319832,-0.0019762298034038395,-0.0006099082155352724,0.6075830012559891,0.5406514214617866,0.4676944517663547,0.0018086541801624531,0.020718154929844395,0.024971733601497754,0.12049776068313908,,,,0.006021658070884379,0.0746259091954146,0.11151105085653919,0.03222159535757133,0.024158431150551354,0.2545913367675991,0.9997703433036804,0.9262398481369019,0.28546109795570374,0.19040516018867493,0.6670091152191162,-0.9634497165679932,0.965395987033844,0.8519601821899414,0.3408203125,0.2878800630569458,1.2131932973861694,1.0,0.9006076455116272,0.9146987199783325,1.9553887844085693
157,28,28,0.0,0.04238320461341313,0.022010627701612457,,,,,,,,,10.041000281061445,0.0,0.9856244738136074,,0.0564550074881741,-0.2553542266998972,0.32221486791968346,0.1566147933481261,0.3701171853712627,0.9288586505821773,0.0028112757946863504,0.015464525137628828,0.02996437464441572,0.0022455961626523034,0.0023010532716481063,0.022342952567019632,150.0,79.71428571428571,0.8509093714611871,0.9005863815546036,0.23036140762269497,0.9059214911290577,-0.00561199478605496,-0.002054531590796874,-0.0002868918337688748,0.5479864850640297,0.5251572760088103,0.4621312660830362,0.0007199750035787085,0.017614289752340744,0.023840491926031455,0.12319507162432808,,,,0.006206165940966457,0.07825630277927433,0.11168726826352733,0.033124830573797226,0.02708354944895421,0.24529650366096872,0.9997945725917816,0.8849150538444519,0.35159894824028015,0.2070474475622177,0.5888739228248596,-0.898034393787384,0.9253185987472534,0.846348226070404,0.2998046875,0.09611532092094421,1.186843991279602,1.0,0.8967013955116272,0.8958118557929993,1.9224371910095215
159,24,24,0.0,-0.0023261899089751146,0.01607352770709743,,,,,,,,,5.7642082671324415,0.0,0.9849232061121854,,0.07974217304339011,-0.16258888132870197,0.21210010536015034,0.06535398308187723,0.38955078025658924,0.9626953154802322,-0.009653415249583,0.008234260603785515,0.019950194905201595,0.0023010532716481054,0.002186000608065701,0.07974217304339011,150.0,110.33333333333333,0.7243523076176643,0.622714730600516,0.17582746564100185,0.7867210606733958,-0.0054524381218167646,-0.0015041218466649298,0.00020476574559324945,0.47473062326510745,0.4697190684576829,0.4041412112613519,0.0021543889148839903,0.01169315364677459,0.024255448874707024,0.1218858579323477,,,,0.006587751976136739,0.0879882814673086,0.11183042948444684,0.03385763398061196,0.027364599363257486,0.2370699691622091,0.9998500645160675,0.7714304327964783,0.47995978593826294,0.14219121634960175,0.29625651240348816,-0.6093910336494446,0.7988961338996887,0.7558135390281677,0.2666015625,0.0,1.0301002264022827,1.0,0.8910590410232544,0.8868798613548279,1.8650479316711426
164,28,28,0.0,-0.0012156329383807524,0.023877849004098346,,,,,,,,,4.87291316475187,0.0,0.9840682396509417,,0.15794943592378072,-0.22139364214880125,0.33595246928078787,0.1365877618747098,0.3393744932753699,0.9084948301315308,0.001230943006313672,0.00614459120801517,0.02163792507989066,0.002186000608065702,0.002133458904270342,0.01334578633707549,150.0,95.57142857142857,0.7806791876043592,0.9804743017469134,0.2129527165421418,0.9456429885966438,-0.0037484575295820832,-0.0011044572825734836,0.00033331773530725125,0.43291013315320015,0.51686273089477,0.43944647695337025,-0.0006720123294923854,0.023653358719976886,0.025405815869037594,0.1210576942183576,,,,0.006004662440058642,0.0762987013107964,0.11196245678833552,0.03453262482902834,0.016116950261805738,0.2276477564225494,0.9998081028461456,0.9178580641746521,0.288900762796402,0.19645461440086365,0.6800072193145752,-1.0063647031784058,0.9457861185073853,0.8853045701980591,0.197265625,0.1876307725906372,1.0811258554458618,1.0,0.8893229365348816,0.9152594804763794,1.897808313369751
167,24,24,0.0,-0.000560655244650358,0.01802443154156208,,,,,,,,,5.354401081800461,0.0,0.9832820967252234,,0.04612143380412211,-0.3043150765200456,0.3956076018512249,0.24955445610491248,0.39868131776650745,0.9205186739563942,0.0029343683114954424,0.011570199703176817,0.028034030149380367,0.0021334589042703435,0.00220171981881667,0.022813510537768405,150.0,99.83333333333333,0.7496958374977112,0.9016967738668124,0.07380609400570393,0.9163724556565285,-0.003948338834258418,-0.0011349973331865233,0.00046332978490681853,0.43302494039138156,0.4168976793686549,0.34957070524493855,0.003881822997451915,0.016236270234609645,0.02503535485205551,0.1199293148858052,,,,0.005243698261134948,0.05944265784152473,0.11211251995215814,0.03529895842075348,0.014390260718452433,0.2195185338519571,0.9999401271343231,0.9399881362915039,0.26403743028640747,0.17674756050109863,0.6694034337997437,-0.8933409452438354,0.9445403814315796,0.8278177380561829,0.2451171875,0.15900367498397827,1.1294763088226318,1.0,0.897569477558136,0.8827870488166809,1.8939003944396973
169,24,24,0.0,0.0030614910428994335,0.020193743092628818,,,,,,,,,5.366941928863525,0.0,0.9825278272592289,,0.1453363330413898,-0.19141677456597486,0.3105495733519395,0.2212338000535965,0.3147135376930237,0.9746744806567827,-0.0007864149835465165,0.007036267469326655,0.019705114265282948,0.0022017198188166703,0.0020916338278758363,0.12254864629358053,150.0,123.33333333333333,0.542443759739399,0.7111777986089388,0.037896238888303437,0.8677124182383219,-0.0036091191965776184,-0.0005706767921462111,0.0017722573757055216,0.31664601899683475,0.5173559002578259,0.4559360009928544,0.000630135735264048,0.011462898187649747,0.022762214842562873,0.11315455766020965,,,,0.004447249574392724,0.05328776045159126,0.11226191278547049,0.036060929453621306,0.016684897942468524,0.21215651782279166,0.9999401569366455,0.8535501956939697,0.38270092010498047,0.17394915223121643,0.454530268907547,-0.7093806862831116,0.8926883935928345,0.7823296785354614,0.197265625,0.0,0.9777459502220154,1.0,0.8984375,0.8727805018424988,1.8869386911392212
171,24,24,0.0,-0.0063549132901243865,0.04075165508159747,,,,,,,,,6.789057751496633,0.0,0.9817573508560594,,0.02588864928111434,-0.20866519336899123,0.2899113707244396,0.02420618961332366,0.41191406299670535,0.9721028655767441,0.002413917206771051,0.009332513436675072,0.020229484885931015,0.002091633827875835,0.0021114383466748115,0.0,150.0,115.16666666666667,0.5049685078362623,0.6241913922131062,0.12702091503888369,0.8886991292238235,-0.0031851278860510015,-0.00010082386779686203,0.0023334286949345064,0.2855632829790314,0.43651855116089183,0.36558865134914714,0.0012147954313756297,0.00928597959379355,0.018560401008774836,0.1073318473342516,,,,0.005723565923593317,0.0706705732930762,0.11239244726796944,0.03672589206447204,0.013919787248596549,0.2050414024951873,0.9999262988567352,0.9105425477027893,0.2994551956653595,0.11396768689155579,0.38058343529701233,-0.6482441425323486,0.8600736856460571,0.7449745535850525,0.29296875,0.02210603468120098,0.9491106271743774,1.0,0.8893229365348816,0.9000771045684814,1.8453803062438965
174,24,24,0.0,-0.0033117246348410845,0.028949112243329484,,,,,,,,,4.857640142242114,0.0,0.9809287391643621,,0.16251150332391262,-0.22727198898792267,0.3956823982298374,0.3743315984805425,0.3448534607887268,0.9432379926244417,-0.001342743874071554,0.004708808536330859,0.01743440330028534,0.002111438346674812,0.0020058664293410708,0.0843167188577354,150.0,126.16666666666667,0.5360981412231922,0.8488311717907587,0.08584714400058147,0.9297467470169067,-0.002471895075965828,0.0001867380093851049,0.0019954670109048798,0.2613683821012576,0.42452654739220935,0.3525988658269246,0.0007017988341431192,0.015343765611760318,0.023721291217952967,0.10608021790317726,,,,0.004260174930095673,0.03919767363307377,0.1125210424264272,0.037380220058063664,0.01747777926114698,0.1978084573226319,0.9998558759689331,0.9435122013092041,0.23843567073345184,0.14886552095413208,0.6243425011634827,-0.8287349343299866,0.9395452737808228,0.8118232488632202,0.275390625,0.03339040279388428,0.959478497505188,1.0,0.8967013955116272,0.8960789442062378,1.9214543104171753
177,24,24,0.0,-0.001259788094709317,0.027177866237858932,,,,,,,,,5.468977858622869,0.0,0.9800749150722687,,0.0,-0.2328579444438219,0.2607070164134105,-0.002590530115412548,0.5029754464824995,0.9555232549707094,0.00813651162510117,0.018274805198113125,0.03247682750225067,0.002005866429341071,0.0021711107717332827,0.0,150.0,84.83333333333333,0.6186496689915657,0.5638001983364423,0.024228617510592205,0.9346092691024145,-0.003155275830067694,-0.0010450836113401845,0.000666936317429645,0.4172301118572553,0.40583592653274536,0.36138105268279713,0.0009459445621663084,0.01756571268197149,0.023897340521216393,0.10356725173587167,,,,0.006866483582901613,0.08940710686147213,0.11265411972999573,0.03805659183611473,0.015414071851409972,0.1907718992070944,0.9995046854019165,0.871424674987793,0.3597896695137024,0.19705051183700562,0.547682523727417,-0.5683774352073669,0.9393885135650635,0.7693470120429993,0.419921875,0.0,0.9214563369750977,1.0,0.901475727558136,0.8854460716247559,1.9552944898605347
179,24,24,0.0,-0.0037652586276332536,0.012067010975442827,,,,,,,,,3.8823694239060083,0.0,0.9792542049876544,,0.03024106367956847,-0.23044907736281553,0.30300069227814674,0.05882008234038949,0.3604817713300387,0.9597656254967054,0.0037310993017551177,0.010486307243506113,0.018889150271813076,0.002171110771733283,0.002228327190244731,0.0,150.0,112.83333333333333,0.6368375246723493,0.7382196709513664,0.13140740330951908,0.8326351518432299,-0.003340640580669666,-0.0004607281166499888,0.0012938053526643973,0.30500679463148117,0.47953644891579944,0.39224593962232274,0.0017758379302298029,0.009241645709456256,0.018376854054319363,0.10257366478969607,,,,0.0028440014369455944,0.029199218843132257,0.11277352304508288,0.0386628412331144,0.012636859357977906,0.1843739620706151,0.9985443651676178,0.8698639273643494,0.361284464597702,0.16028755903244019,0.44366025924682617,-0.740607738494873,0.90342777967453,0.7656456232070923,0.28125,0.07691517472267151,1.0557047128677368,1.0,0.8893229365348816,0.8836020827293396,1.8641612529754639
183,28,28,0.0,-0.007751949530627046,0.052585414477757046,,,,,,,,,6.342659865106855,0.0,0.9782923172196626,,0.09922416454979352,-0.23460174830896513,0.3088847813861711,0.21724713540502957,0.3151613984789167,0.9158033898898533,-0.007406852371267243,0.010923186583178384,0.026991727096693858,0.0022283271902447314,0.002116910830732494,0.07387641105534774,150.0,86.71428571428571,0.778658749801772,0.9255525491067341,0.11105342794741903,0.8783131199223655,-0.00436377093761361,-0.0014339301691117206,0.000104871891640609,0.4951391874679497,0.534540515925203,0.4643686967236655,0.000982499257328787,0.01757040822745434,0.02230356986235295,0.09515413873458015,,,,0.0048172504404127335,0.055065486314041276,0.1129018629768065,0.039313760586082935,0.01564896702101188,0.17729374576087045,0.9989428520202637,0.9245322346687317,0.27471452951431274,0.1898735761642456,0.691166877746582,-0.9403913617134094,0.8979529142379761,0.8637989163398743,0.2412109375,0.030040917918086052,1.127048373222351,1.0,0.9006076455116272,0.8293219804763794,1.8423539400100708
185,24,24,0.0,-0.0019268616645907362,0.026594640221446753,,,,,,,,,4.61176697909832,0.0,0.9774371890129604,,0.21453392381469408,-0.17792105240126452,0.2839873569707076,0.23811109426120916,0.15472005059321722,0.9396484394868215,-0.005953356575143213,0.0028579489638408027,0.008902100225289663,0.0021169108307324946,0.0020110652891958693,0.10908635674665372,150.0,148.0,0.4304407549401124,0.7484845047195753,0.02812066631546865,0.8322542185584704,-0.00217316839795482,0.0004648422542838186,0.0031415501240796098,0.2059581990664204,0.4885168634355068,0.40533676743507385,-0.0004723290698886255,0.009958975715562701,0.019633046894644696,0.0965482644081251,,,,0.0031851986980958222,0.03235677086437742,0.11300241605689128,0.03982324975853165,0.01579602148073415,0.17134782686619274,0.9996978342533112,0.8579829335212708,0.39572957158088684,0.21296577155590057,0.5381598472595215,-0.7373307347297668,0.8611624240875244,0.8896045088768005,0.1171875,0.0,0.9062493443489075,1.0,0.940538227558136,0.8546598553657532,1.9828091859817505
187,24,24,0.0,-0.0035221092596960566,0.025171234738081694,,,,,,,,,4.247278317809105,0.0,0.9765661019796109,,0.020807354090114433,-0.28117595550914604,0.3480253641804059,0.0136655777945028,0.5041341135899226,0.9495117217302322,0.0034664797713048756,0.012708027536670366,0.029371803005536396,0.0020110652891958685,0.0020884046552879882,0.0,150.0,95.33333333333333,0.47874554122487706,0.4917328593631585,0.0,0.9280373205741247,-0.0018071676192145485,0.00032234060745395254,0.0021963278462256617,0.2170146939655145,0.32265969924628735,0.26844749227166176,0.0025290706241018293,0.011100745333048204,0.021369649873425562,0.08771736472343693,,,,0.007180677382469487,0.09658203196401398,0.11310248635709286,0.04032987697670857,0.018491004981721442,0.16560131687536747,0.9994688332080841,0.8809800148010254,0.34532031416893005,0.18963474035263062,0.5491560697555542,-0.5283511877059937,0.9401427507400513,0.872561514377594,0.4345703125,0.0,0.8601547479629517,1.0,0.9244791865348816,0.8820379376411438,1.9569358825683594
189,24,24,0.0,-0.0032592186665472886,0.016565893737909693,,,,,,,,,4.69730984667937,0.0,0.9756790985751672,,0.10570148782183726,-0.23053949574629465,0.3641699676712354,0.3175707260767619,0.2849609355131785,0.9637044295668602,-0.00018611706915786877,0.007506071900328,0.018501543750365574,0.002088404655287988,0.001983984422523589,0.058962326807280384,150.0,135.33333333333334,0.45607005928953487,0.7970976531505585,0.014353280901559629,0.8673607235153517,-0.002140196207619738,0.0004071576883385812,0.00245645540417172,0.20066586509346962,0.4333288272221883,0.36887766048312187,0.0009702115715602607,0.009902098371336857,0.020275981437104445,0.08225732701713034,,,,0.005696493807287577,0.07236328162252903,0.11322512074063222,0.040950155816972256,0.018457717805479962,0.1600475281911304,0.9990406632423401,0.9246912002563477,0.2816368341445923,0.15624341368675232,0.5547690987586975,-0.7717540264129639,0.8907170295715332,0.8235408067703247,0.111328125,0.0,0.9174491167068481,1.0,0.9296875,0.8677658438682556,1.9366264343261719
192,24,24,0.0,-0.00497786079843839,0.025269459855432313,,,,,,,,,5.01088884472847,0.0,0.9747255976871828,,0.10392725809166829,-0.2049575038254261,0.27486010640859604,0.09375190486510594,0.32968749354283017,0.9526150251428286,-0.010055061021072712,0.007692255079746246,0.02476446082194646,0.0019839844225235884,0.0018847852013974093,0.06407034032357235,150.0,104.16666666666667,0.5021612991889318,0.673630436261495,0.04985969958943315,0.8415846799810728,-0.003881138691212982,-9.308079336278752e-05,0.0020537398510593143,0.2684917574127515,0.45824427157640457,0.39576467995842296,-0.00031568553185934434,0.014315655687823892,0.01976845572547366,0.08005242595615222,,,,0.007834686218605688,0.09875217142204444,0.11332418428113063,0.04145076001683871,0.018470120305816334,0.15438713611549024,0.9977534711360931,0.8791442513465881,0.37004801630973816,0.18958637118339539,0.5123291015625,-0.6649200916290283,0.8642791509628296,0.8494235873222351,0.2431640625,0.0,0.9018324017524719,1.0,0.8940972089767456,0.8634317517280579,1.905251145362854
195,28,28,0.0,-0.00438995729200542,0.02953376035605158,,,,,,,,,6.799686823572431,0.0,0.9737273789264894,,0.1511451495545251,-0.22180765068956784,0.32885340814079556,0.23233872412570886,0.373143453683172,0.9163804990904671,-0.0012797202278826652,0.009019674467188972,0.02485246317727225,0.0018847852013974106,0.0017905459413275389,0.1193731686632548,150.0,92.0,0.698263688811234,0.887498568211283,0.1369448405291353,0.849419008408274,-0.0038983559851268573,-0.0012445131937316287,0.0004549712217080274,0.4379412792623043,0.5319818417940821,0.46910386638981955,0.0014630513417484639,0.015503030137291976,0.02377316196049963,0.08257899840643367,,,,0.009464217104583181,0.14110791656587804,0.11342424180890832,0.04195591661014727,0.014549759150083576,0.14877883451479604,0.9991402626037598,0.9270203709602356,0.27127805352211,0.16020303964614868,0.5905492305755615,-0.87764972448349,0.871924638748169,0.7547472715377808,0.2998046875,0.09643156081438065,1.1263632774353027,1.0,0.9001736044883728,0.829090416431427,1.8400123119354248
201,32,32,0.0,-0.011324698309181258,0.01943336245312821,,,,,,,,,4.853661686182022,0.0,0.9725184631525006,,0.017233898921404034,-0.2799482410773635,0.370078650303185,0.0494198606320424,0.2844868339598179,0.8806939870119095,0.0035440975116216578,0.01084735943004489,0.0261799655854702,0.0017905459413275397,0.0019513545934774542,0.0,150.0,79.0,0.6912839859724045,1.0693583860993385,0.07079110226914054,0.8980697821825743,-0.0035840241980622523,-0.0008593082411607611,0.0005175642314725337,0.4099834132939577,0.5456955134868622,0.4740889584645629,-0.000442904289911894,0.022041289397748187,0.01893239631317556,0.08388319400017069,,,,0.003377108099812176,0.033285817597061396,0.11357061541639268,0.04269414721056819,0.01671697967685759,0.1423859306515122,0.9990615248680115,0.9565231800079346,0.21331000328063965,0.16088680922985077,0.7542393803596497,-1.0633554458618164,0.9126495122909546,0.8527432680130005,0.2109375,0.018998464569449425,1.0497726202011108,1.0,0.9027777910232544,0.8345268964767456,1.8483972549438477
203,24,24,0.0,-0.0029130801267456263,0.037262194557115436,,,,,,,,,7.008991003036499,0.0,0.971561515686548,,0.024501780164428055,-0.21606842863063017,0.3005870369573434,0.09413567062680765,0.3772460917631785,0.9541015649835268,0.003023976469800497,0.007295583685239156,0.018993431081374485,0.0019513545934774547,0.001990673024672755,0.0069414925916741295,150.0,115.0,0.5090403544406096,0.68562426045537,0.08695837556539725,0.835277239481608,-0.0038092904045091323,-0.0002073599971481599,0.002265340279942999,0.3024723067258795,0.4716746745010217,0.3913790049652259,0.0007824288964002335,0.010817069482679168,0.021879282003889482,0.07904789381464719,,,,0.00529744442125472,0.0668294271454215,0.11370041314512491,0.0433480110950768,0.01455189986154437,0.13761071880315404,0.9987390637397766,0.8894557952880859,0.3357204794883728,0.13701987266540527,0.4081367552280426,-0.6960711479187012,0.8235357403755188,0.6792242527008057,0.2548828125,0.0,0.9660300612449646,1.0,0.8932291865348816,0.8554446697235107,1.8234753608703613
205,24,24,0.0,-0.005186334349370251,0.015958617596576612,,,,,,,,,5.200363089640935,0.0,0.9705888957659757,,0.14053031926353773,-0.22955000462631384,0.37213049580653507,0.2897941234211127,0.3722981760899226,0.96435546875,0.0001514302160406563,0.0047038594881693525,0.019511851171652477,0.001990673024672755,0.0018835614575385753,0.04573958677550157,150.0,122.16666666666667,0.6382791350285212,0.8114583343267441,0.13315214053727686,0.8921285072962443,-0.003145311687452098,-0.0006051799059605401,0.0011316926755474317,0.3306598750253518,0.49994665508468944,0.4342041214307149,0.0021212651699897833,0.011803341330960393,0.02503351424820721,0.08095334624203124,,,,0.0054341504934806535,0.06839192699408159,0.11381165683269501,0.04390784027054906,0.0165164927020669,0.13299565373399233,0.99861279129982,0.9151296615600586,0.2946566045284271,0.16035407781600952,0.5442066192626953,-0.7817368507385254,0.912477970123291,0.7753282785415649,0.2744140625,0.007249986752867699,1.06265127658844,1.0,0.8914930820465088,0.8674262166023254,1.8636366128921509
208,24,24,0.0,-0.0016943604957001905,0.01873677111386011,,,,,,,,,4.743271594246228,0.0,0.9695494447618637,,0.14278861011068025,-0.22585367411375046,0.3492380616565545,0.31984589621424675,0.281337633728981,0.9312664220730463,-0.0014535736008838285,0.007438493271668752,0.014869142323732376,0.0018835614575385753,0.0017893833846616466,0.09769149000446002,150.0,124.5,0.5877931527793407,0.8822726582487425,0.027948704625790317,0.874663862089316,-0.00305979269129845,-0.0009549551007997555,0.001020936771359023,0.3925814467171828,0.5140148984889189,0.45344625040888786,0.0010145868748926052,0.014362177113071084,0.021584723455210526,0.08213369430585969,,,,0.003881819441933961,0.04203392122872174,0.11392876909424861,0.04449670466904839,0.013112398136096695,0.12831023987057544,0.9982547760009766,0.9309589266777039,0.2631486654281616,0.1710345596075058,0.6499541401863098,-0.870008111000061,0.9022622108459473,0.8364527225494385,0.1083984375,0.016838865354657173,1.023771047592163,1.0,0.893663227558136,0.8223504424095154,1.8361108303070068
213,28,28,0.0,-0.0068214556002723315,0.02102105276259993,,,,,,,,,4.911569714546204,0.0,0.9683547273959255,,0.0,-0.2357452352132116,0.27153806760907173,-0.002372020514615412,0.3723653661353247,0.9201960819108146,0.006759613453011427,0.017073081540209905,0.025263297770704542,0.0017893833846616479,0.0018978980845460642,0.0,150.0,89.28571428571429,0.64589010817664,0.9052315992968423,0.09942196168474636,0.8875443637371063,-0.00326420455738636,-0.0010932527677921047,0.0005290020293874217,0.4382195398211479,0.5008584771837506,0.45073249084608896,-0.00028533586295712406,0.02183511607082827,0.02035875784765397,0.08345804649144348,,,,0.005559803914366057,0.06984265946916171,0.11403615054275308,0.045036070847085545,0.01569044902654631,0.12321645911830126,0.9980469644069672,0.938437819480896,0.24923944473266602,0.1802852898836136,0.723341703414917,-0.8779587745666504,0.8971717953681946,0.6928600668907166,0.29296875,0.0,1.0179939270019531,1.0,0.8888888955116272,0.8262969255447388,1.8446247577667236
216,24,24,0.0,-0.0007491543268163999,0.010235835992110273,,,,,,,,,5.600201030572255,0.0,0.967277250918117,,0.01656306197401136,-0.22734052004913488,0.26893447774151963,0.028613498579943553,0.5597965195775032,0.9510367015997568,0.0056296570401173085,0.016237933188676834,0.03063747038443883,0.0018978980845460647,0.002052620479941084,0.0,150.0,88.66666666666667,0.593024785319964,0.6746395379304886,0.15644604294599654,0.8615497201681137,-0.004082729865331203,-0.0009046856133257583,0.001060242253515753,0.3757464413841565,0.38667220001419383,0.3340666548659404,0.0025668830688421926,0.016498089030695457,0.02240515531351169,0.0840317895259923,,,,0.005454697718960233,0.06527244404423982,0.11413911792139213,0.045552863428990044,0.013527893538897237,0.11886993260066288,0.9981109201908112,0.9389832019805908,0.26799508929252625,0.13692706823349,0.5109312534332275,-0.6647082567214966,0.8842609524726868,0.5561956763267517,0.47265625,0.007249986752867699,1.0156892538070679,1.0,0.8893229365348816,0.8361275792121887,1.77057945728302
218,24,24,0.0,-0.005309634027071297,0.018733663639674585,,,,,,,,,5.672080874443054,0.0,0.9662379177931687,,0.02309523681954791,-0.2573336822291215,0.33818087975184125,0.11838192585855722,0.347753902276357,0.9514973958333334,0.003943310507262747,0.00962427631020546,0.02448256437977155,0.0020526204799410845,0.0021324711451854764,0.007894581688257555,150.0,106.33333333333333,0.6477950662374496,0.7887829467654228,0.0851003664174641,0.7952390486995379,-0.0035218785827358565,-0.0008355884716972165,0.0008000658663836665,0.3900584590931733,0.4483259866635005,0.38774705057342845,0.0025648090910787382,0.0100015914067626,0.020504731219261885,0.0862940800091102,,,,0.006915586961743732,0.08880208386108279,0.11421666822085778,0.045941832630584635,0.01891723379958421,0.11488337923846668,0.9993223249912262,0.8863848447799683,0.33895742893218994,0.16442006826400757,0.48507586121559143,-0.7882822155952454,0.8600025773048401,0.772294819355011,0.232421875,0.14246809482574463,1.0819205045700073,1.0,0.8949652910232544,0.8418867588043213,1.82152259349823
221,24,24,0.0,-0.0019081391898604731,0.019830503462192912,,,,,,,,,4.777766774098079,0.0,0.9651226469720736,,0.03358415067971995,-0.30582869052886963,0.3888661786913872,0.1197229443738858,0.4270658517877261,0.9277357136209806,0.0032159170223167166,0.011405874664584795,0.03010054926077525,0.002132471145185477,0.00216794789949756,0.0,150.0,95.0,0.7484428013364474,0.9247556800643603,0.04655438610643614,0.8039199287692705,-0.004074750342018281,-0.0013083800149615854,0.0002026152750810676,0.46002015719811123,0.4807408278187116,0.4132362902164459,0.0022092489822777375,0.01592524986093243,0.020804074282447498,0.08792056621468314,,,,0.0042864303856428405,0.052591791279458754,0.11429668311029673,0.04634287441149354,0.01961977717777093,0.11081505476770571,0.9990008771419525,0.933162271976471,0.26266950368881226,0.16211974620819092,0.617200493812561,-0.9063980579376221,0.8179498314857483,0.7536934018135071,0.3125,0.0,1.1478099822998047,1.0,0.893663227558136,0.7983903288841248,1.778590202331543
224,24,24,0.0,-0.0014302636651943128,0.01878228709877779,,,,,,,,,5.725715418656667,0.0,0.9639797225430501,,0.1246432214975357,-0.24788699423273405,0.35323957974712056,0.3063772643605868,0.322265625,0.888671875,-0.018631881660742994,0.007345937192440033,0.023922786116600037,0.002167947899497561,0.002059550504522682,0.10151449001083772,150.0,108.5,0.7516065960129102,0.9568063616752625,0.1419735460319013,0.8179405679305395,-0.005226611072430387,-0.002148279877777289,0.00022852494612379814,0.4720376469194889,0.4882962703704834,0.40015750378370285,0.0023476281063873707,0.01566103209430973,0.024449856641391914,0.08816071870789868,,,,0.004608279404540856,0.050618489583333336,0.1143670432890455,0.046695290909459196,0.023231022525578737,0.10685535618370202,0.9984991252422333,0.947577178478241,0.23178580403327942,0.14226433634757996,0.6137750148773193,-0.9378385543823242,0.8275817632675171,0.7829337120056152,0.26953125,0.007249986752867699,1.13509202003479,1.0,0.8862847089767456,0.8037868142127991,1.7585859298706055
226,24,24,0.0,-0.0005469281071176132,0.019024207373149693,,,,,,,,,6.180017799139023,0.0,0.9628924166607259,,0.059731625020504,-0.26975251982609433,0.3403443607191245,0.14140275741616884,0.45058593650658924,0.9569010436534882,0.0021967308797078053,0.012159871558348337,0.03205186749498049,0.0020595505045226813,0.001932989384404561,0.018638575022729736,150.0,90.66666666666667,0.81827479104201,0.8121472919980685,0.20111031173776914,0.7796158865094185,-0.005936169851338491,-0.0019462844575173222,-9.477269478945043e-05,0.5182022042572498,0.4267602637410164,0.3657637368887663,0.0036343833295783647,0.011886459969294568,0.024356703273952007,0.09167556999177179,,,,0.005780644988893376,0.07272135435293119,0.11443811189383268,0.047051047130177416,0.02312788770844539,0.10327173692740214,0.9968389868736267,0.8781676292419434,0.40442222356796265,0.15615445375442505,0.3861173987388611,-0.8061673045158386,0.8475028276443481,0.7003759741783142,0.3681640625,0.35548657178878784,1.1941603422164917,1.0,0.8793402910232544,0.8752589225769043,1.689627766609192
233,32,32,0.0,-0.005856805546500254,0.014605805350583978,,,,,,,,,5.572023913264275,0.0,0.9614236092702697,,0.16676935087889433,-0.19044670555740595,0.3434563744813204,0.28843143908306956,0.15396468713879585,0.8700951691716909,-0.006969114398089005,0.002857874147593975,0.009818890132009983,0.0019329893844045602,0.001836339915184333,0.1240677866153419,150.0,102.75,0.8998773284256458,1.3445019498467445,0.4420881560072303,0.899515887722373,-0.005506242421688512,-0.002293530953465961,-0.0007588916760141728,0.6381680313497782,0.6160688567906618,0.5136454738676548,-4.029696924590098e-05,0.023092392715625465,0.02332157373894006,0.09533910145095294,,,,0.006669408288871637,0.09099040972068906,0.11451365775428712,0.04742903891019523,0.018191865761764348,0.09869385739307467,0.9978215396404266,0.9278281927108765,0.2718811333179474,0.1760428547859192,0.6474993228912354,-1.3472139835357666,0.9109795689582825,0.9070154428482056,0.1142578125,0.4572722315788269,1.3780027627944946,1.0,0.8988715410232544,0.8852631449699402,1.818320870399475
241,36,36,0.0,-0.008290395942620106,0.018487144028767943,,,,,,,,,6.667432778411442,0.0,0.9597820089517268,,0.07126093335035774,-0.24329527384705013,0.38466764241456985,0.3428020026120875,0.23926419350836012,0.8714660786920123,0.0014824995240713987,0.006454352289438248,0.016584822701083288,0.0018363399151843324,0.0017857669157617547,0.02189923525373969,150.0,81.55555555555556,0.8746427463160621,1.373366932074229,0.2969041470852163,0.9005020641618304,-0.004275665398583644,-0.0015147904600275473,-0.00032119148959787306,0.583159310122331,0.5564332695470916,0.4820075035095215,3.278212615340534e-05,0.026315310581897695,0.027416031031558912,0.09927868094688866,,,,0.008153303710666174,0.1100792318272094,0.11462623625993729,0.04799179556883044,0.026202457025647163,0.09390646087189271,0.9964866638183594,0.9206669330596924,0.28464266657829285,0.20245127379894257,0.7112470865249634,-1.378833293914795,0.9163118004798889,0.8657544851303101,0.1923828125,0.2896888554096222,1.3531708717346191,1.0,0.9088541865348816,0.8616853356361389,1.785319209098816
243,24,24,0.0,0.010552666305253902,0.07191036843384306,,,,,,,,,10.801048636436462,0.0,0.9586372404027513,,0.0,-0.28835945141812164,0.33638324216008186,-0.002813884998128439,0.5383138010899226,0.9546549494067827,0.0065746011096052825,0.015371284758051237,0.033217781533797584,0.0017857669157617542,0.001867831322890253,0.0,150.0,87.66666666666667,0.7766713798046112,0.7486397561927637,0.18053270429421295,0.9141834179560343,-0.005097697372548282,-0.002553586491558235,-0.0007428373291986645,0.5973909726987282,0.34782280835012597,0.2947961514194806,0.005972355284029618,0.011098306509666145,0.02403016931687792,0.10121232345359395,,,,0.014046174512865642,0.19332682403425375,0.11474319112797578,0.048575866191337504,0.017289116512984037,0.09075711007198572,0.9977290034294128,0.8769118189811707,0.4287935793399811,0.20051491260528564,0.4676257371902466,-0.7424066066741943,0.8888102769851685,0.632210910320282,0.4248046875,0.24523834884166718,1.167702078819275,1.0,0.890625,0.8338277339935303,1.7400197982788086
245,24,24,0.0,-0.0005375397158786654,0.017981714413811762,,,,,,,,,5.112696131070455,0.0,0.9574774293101003,,0.30697676974038285,-0.13318646916498741,0.24017121332387129,0.16766966010133424,0.19895832985639572,0.95263671875,-0.015043993829749525,0.0013388389100631077,0.009506693730751673,0.0018678313228902542,0.0017744397567457403,0.18456794104228416,150.0,152.0,0.8184088170528412,0.895281565686067,0.33719768188893795,0.8785000517964363,-0.004838908314316844,-0.0020072561892447993,-0.00043754996401427587,0.5862512600918611,0.538755752146244,0.45981554438670474,0.0021911040385020897,0.009734291622104744,0.020093989054051537,0.10451606107501421,,,,0.004949632214750939,0.06103515619179234,0.11482231877744198,0.04897071452190479,0.018554713654642303,0.08771337937924485,0.9984898865222931,0.8454282283782959,0.42856937646865845,0.1682116836309433,0.3924958109855652,-0.9064909815788269,0.8895657062530518,0.8406594395637512,0.095703125,0.28790614008903503,1.2509119510650635,1.0,0.8910590410232544,0.8920703530311584,1.843216896057129
248,28,28,0.0,-0.04747085170155125,0.01353251185667302,,,,,,,,,11.496977865695953,0.0,0.9562196723030257,,0.0792015181588275,-0.22717789666993277,0.3158853900219713,0.13176768459379673,0.2668526768684387,0.9447544642857143,-0.0007094448176628378,0.007385369922433581,0.01736056911093848,0.00177443975674574,0.0017919844899426894,0.046447076967784336,150.0,100.14285714285714,0.723021133669785,0.9530698486736843,0.19636941594736917,0.8159262708255223,-0.004567857041755425,-0.0014520186648171926,8.541214148343508e-05,0.4912212038678782,0.5699181546057973,0.47116090995924814,0.0007434820321837573,0.013840192978802537,0.022518532126144106,0.10903169975903254,,,,0.008186343893092791,0.11026785735573087,0.11490288749337196,0.04937254743916648,0.021221066093338386,0.08456914388823274,0.9977282285690308,0.9251018166542053,0.27641698718070984,0.15185245871543884,0.5493600964546204,-0.9444111585617065,0.8536787033081055,0.8194581866264343,0.13671875,0.15551123023033142,1.2152725458145142,1.0,0.8997395634651184,0.8473327159881592,1.8301255702972412
254,28,28,0.0,-0.0015511990391782352,0.017348301547047282,,,,,,,,,4.204203299113682,0.0,0.9547363953837608,,0.2610766291618347,-0.18560912513307162,0.31659628237996784,0.35686248540878296,0.1859363956110818,0.9324443148715156,-0.012182468348847968,0.0015333832374640874,0.010541318782738276,0.0017919844899426888,0.001702385265445555,0.20480393405471528,150.0,122.0,0.7464227612529483,1.1463528871536255,0.21067286602088384,0.8884190618991852,-0.005786886987542468,-0.0013367848628799298,-0.00010221419149404807,0.5197335556149483,0.5631272548011371,0.49273461422749926,-0.000300133300129346,0.02348575391806662,0.023554117684917792,0.11064119681524616,,,,0.004833932334024992,0.05485928792040795,0.11499021681291717,0.04980774742684194,0.02085070312023163,0.08105615679875136,0.9958029985427856,0.9097597599029541,0.3016205132007599,0.21303124725818634,0.7062889933586121,-1.147064208984375,0.8949639201164246,0.8513935804367065,0.125,0.007812192663550377,1.1828809976577759,1.0,0.8832465410232544,0.8146573901176453,1.6744163036346436
257,24,24,0.0,-0.006216754981627067,0.021090599009767175,,,,,,,,,4.3971913903951645,0.0,0.9534654461882693,,0.11874729736397664,-0.2563141155987978,0.3965705210963885,0.33877313882112503,0.3683743228514989,0.9042654410004616,-0.00031135563654061116,0.006354950989286105,0.0226217582821846,0.001702385265445555,0.0016172660021732772,0.06573891686275601,150.0,113.66666666666667,0.6570427169402441,1.0108502457539241,0.1612294998097544,0.8418675636251768,-0.0042629658031122135,-0.0011046804726599173,0.0005591660451500502,0.4174732205768426,0.4789733712871869,0.4167003706097603,0.0024191110423998907,0.016044059457878273,0.0255197761580348,0.10947882066112492,,,,0.006297995282996756,0.07999709403763215,0.11507971088091533,0.050253452422718205,0.019209227291867137,0.0782024149497302,0.9982261061668396,0.927418053150177,0.28701257705688477,0.160472571849823,0.5591133832931519,-0.9817388653755188,0.8259973526000977,0.7205000519752502,0.2119140625,0.13129881024360657,1.1875317096710205,1.0,0.8758680820465088,0.810978889465332,1.7134625911712646
259,24,24,0.0,-0.004448516294360161,0.018093107268214226,,,,,,,,,6.224046806494395,0.0,0.9522406520013907,,0.028220421557004254,-0.21224951495726904,0.2921041212975979,0.10357854581282784,0.3195963501930237,0.9249023447434107,0.0034195095552907637,0.0085732185592254,0.02000207205613454,0.0016172660021732772,0.0016500896442743988,0.013156912367170056,150.0,117.16666666666667,0.6119637389977773,0.8262759943803152,0.27341069529453915,0.7778470292687416,-0.005876919361374651,-0.0015196585201617079,0.0005626712610743804,0.4351127855479717,0.47495604678988457,0.42850322524706524,0.0021829562998997667,0.010973881192815801,0.02067268833828469,0.11160353214664766,,,,0.007655406796402531,0.10345052083721384,0.11514438626666863,0.050575419484327234,0.0168170864150549,0.07557973238039589,0.9963684678077698,0.8694636821746826,0.3811078369617462,0.1662965714931488,0.43635043501853943,-0.8301110863685608,0.7914249897003174,0.6298754811286926,0.2626953125,0.23654495179653168,1.1420835256576538,1.0,0.8658854365348816,0.8100156188011169,1.7068514823913574
261,24,24,0.0,-0.0028940547490492463,0.13355417805723846,,,,,,,,,13.360594153404236,0.0,0.9510011270315318,,0.02289179340004921,-0.2536302904287974,0.3410383202135563,0.04174782134456715,0.41077473759651184,0.9635416666666666,0.003296692831402955,0.008052589371800423,0.022562938431898754,0.0016500896442743984,0.0017112227709882226,0.0,150.0,111.66666666666667,0.5602494527896246,0.7450672549506029,0.20859448570566505,0.9159078945716222,-0.003752706360198014,-0.0008768622131659262,0.0012925341243317234,0.4024961345518629,0.43488048141201335,0.357541357477506,0.0027362830354983694,0.010851377194436887,0.02230046153999865,0.11846308807540254,,,,0.007293102525485058,0.09619140601716936,0.11518261892100175,0.05076561480139693,0.015542804302337268,0.07304500699069477,0.9972638189792633,0.9166486263275146,0.29087138175964355,0.13272318243980408,0.45629507303237915,-0.713611900806427,0.8618794083595276,0.6936667561531067,0.2880859375,0.022020651027560234,0.9805718660354614,1.0,0.8285590410232544,0.8321240544319153,1.7134774923324585
263,24,24,0.0,-0.0023906971716011562,0.019169527105987072,,,,,,,,,7.829879542191823,0.0,0.9497469316913901,,0.12482940716048081,-0.172216127316157,0.20905291040738425,0.14445672122140726,0.3692382797598839,0.9600911488135656,-0.020503700089951355,0.010704523573319117,0.026686282207568485,0.0017112227709882228,0.0016256616324388114,0.12482940716048081,150.0,99.33333333333333,0.9626625801126162,0.9067928542693456,0.46686938405036926,0.7864046320319176,-0.007394697226118296,-0.004100447355691965,-0.002577947816462256,0.8798224702477455,0.46481308589378995,0.3901379567881425,0.005281686006734769,0.009205733678148439,0.021139915722111862,0.12287286719370626,,,,0.004672397257915388,0.05149739608168602,0.1152384290471673,0.05104314303025603,0.01435229015381386,0.07059528895149426,0.9989731311798096,0.7786967754364014,0.6618040204048157,0.20271971821784973,0.30631381273269653,-0.9136312007904053,0.9003470540046692,0.8154205679893494,0.3115234375,0.6507864594459534,1.4794038534164429,1.0,0.8919270634651184,0.9364928007125854,1.8696765899658203
265,24,24,0.0,-0.004756271994362275,0.019318727077916265,,,,,,,,,7.05878609418869,0.0,0.9484781271086785,,0.0840863585472107,-0.21428764052689075,0.31629227474331856,0.3144698968778054,0.4045247385899226,0.9534505208333334,-0.0003012735093458711,0.009385256717602411,0.020580697804689407,0.0016256616324388108,0.0017073898363952772,0.06605121167376637,150.0,118.33333333333333,0.7995384310682615,0.9199427738785744,0.29928248686095077,0.824401264389356,-0.0057071968719052775,-0.0022638722875854,-0.00028604004243485787,0.5644676064451536,0.44961098084847134,0.3679473511874676,0.00392302886757534,0.012660025308529535,0.026661902743702132,0.1271355582301606,,,,0.005442148588675384,0.06484375013193737,0.11529870455463727,0.051342728547751904,0.015803827438503504,0.06822772736238963,0.9995422661304474,0.8973097205162048,0.39979976415634155,0.18093456327915192,0.45256295800209045,-0.924721360206604,0.8794435858726501,0.7349374294281006,0.33984375,0.36333051323890686,1.3348641395568848,1.0,0.8927951455116272,0.8793342113494873,1.798943042755127
268,24,24,0.0,0.0003370744331429402,0.01720817534563442,,,,,,,,,5.62410344183445,0.0,0.9471113933514097,,0.14703062362968922,-0.17944769250849882,0.23242991541822752,0.2793181308855613,0.4116024325291316,0.9099671194950739,-0.024593931545192998,0.009002767503261566,0.02735894297560056,0.0017073898363952767,0.0016220203445755131,0.14703062362968922,150.0,98.5,0.8565604661901792,0.8887256706754366,0.2625802395244439,0.8302163456877073,-0.006491580104921013,-0.0032995332730934024,-0.0012867285743899022,0.708916241923968,0.4786348131795724,0.42017461483677226,0.0034659736005172213,0.0162350091462334,0.026344142310942214,0.12931462085889786,,,,0.006480334837154563,0.07980021073793371,0.11534891122331221,0.051592144494255386,0.012159097629288832,0.06579445599384169,0.9991016685962677,0.9224565625190735,0.3253277540206909,0.17815496027469635,0.5476168394088745,-0.9053488969802856,0.8905899524688721,0.7587876915931702,0.3310546875,0.2929098606109619,1.3045786619186401,1.0,0.8980034589767456,0.8401622176170349,1.7931110858917236
272,28,28,0.0,-0.011421330705551165,0.00988660503311881,,,,,,,,,5.626741298607418,0.0,0.9456737804459873,,0.023437638700540577,-0.1916215302688735,0.2485091941697257,0.0464845837143782,0.492669661130224,0.9428772138697761,0.0029866548970208634,0.010281510118927275,0.0309846784387316,0.0016220203445755136,0.0016792761805991777,0.003154411546087691,150.0,78.14285714285714,0.5761238815529006,0.684656390122005,0.08019376759018217,0.8782321555273873,-0.004678600027026343,-0.0009311116529196235,0.0008910606940324735,0.42702022407736095,0.43596197984048296,0.3883513669882502,-0.00027512254252672264,0.017647346963972917,0.018201300408691168,0.1284624553932003,,,,0.0074014223251392,0.09184827309634004,0.11539845647556442,0.05183821144912924,0.016786337663818682,0.06335784710283131,0.9992275238037109,0.9555680751800537,0.2108008861541748,0.13143128156661987,0.6234854459762573,-0.6944389343261719,0.893580436706543,0.7527456283569336,0.4267578125,0.08936290442943573,0.9999931454658508,1.0,0.8815104365348816,0.8457484245300293,1.7978150844573975
274,24,24,0.0,0.0039517934977387386,0.010585638112388551,,,,,,,,,5.377592702706655,0.0,0.9443590646941177,,0.04296111156387875,-0.211860582853357,0.30656835188468295,0.10883259997353889,0.46692707886298496,0.97314453125,0.0022676742810290307,0.006622128188610077,0.01817990466952324,0.0016792761805991775,0.001698650767161596,0.01797172559114794,150.0,117.0,0.44928910334904987,0.6699277386069298,0.20810740689436594,0.8530985862016678,-0.0039018633542582393,0.0002250448696941021,0.002139261400467755,0.2378746783360839,0.4124782880147298,0.36364438757300377,0.00118532052753532,0.009578129548269013,0.01869842258747667,0.12847738952760746,,,,0.004375357990890431,0.04837239622914543,0.11544609970102708,0.05207472651576003,0.022480428994943697,0.06123300835796693,0.998033732175827,0.9272554516792297,0.2725675106048584,0.09912160784006119,0.36365893483161926,-0.6790448427200317,0.8494073748588562,0.6922257542610168,0.330078125,0.14672434329986572,0.9734913110733032,1.0,0.8645833134651184,0.8679565191268921,1.7206844091415405
276,24,24,0.0,0.0011778290402920295,0.01986642573804905,,,,,,,,,5.552601635456085,0.0,0.9430300022967123,,0.11474434084569414,-0.2894555317858855,0.4127902016043663,0.21349728728334108,0.38203124950329465,0.9600911488135656,-0.0020814597919525113,0.0063643623143434525,0.022490994383891422,0.001698650767161596,0.0015449060902550022,0.06479158733660977,150.0,110.5,0.5547341307004293,0.7808316623171171,0.14657972834538668,0.911765014131864,-0.0051297506627937155,-0.0003517022417630263,0.001482886669691652,0.2806929151217143,0.3990618847310543,0.3335345300535361,0.0025753254691759744,0.009972868021577597,0.02094994819102188,0.121855473971827,,,,0.006369581111357547,0.08098958355064194,0.11553120830406745,0.05249696116273602,0.023992551645884912,0.059179430552325364,0.9981621503829956,0.9307287335395813,0.27160292863845825,0.14680145680904388,0.540500283241272,-0.7317542433738708,0.8970895409584045,0.7490655183792114,0.2919921875,0.031235842034220695,0.9409411549568176,1.0,0.8793402910232544,0.8528333902359009,1.7840187549591064
279,24,24,0.0,-0.002637553416813413,0.02967926945226888,,,,,,,,,7.409161999821663,0.0,0.9416247468585001,,0.07160373978937666,-0.22077815793454647,0.30978598073124886,0.2731705078234275,0.31794167309999466,0.9344450011849403,0.00040575910391756526,0.011038092275460562,0.02271029104789098,0.0015449060902550027,0.0014519532090789748,0.05107269645668566,150.0,113.83333333333333,0.583676295975844,0.8281061525146166,0.12931960122659802,0.8434827799598376,-0.004038659229991026,-0.0007904957465143525,0.0009903347960668423,0.37755135508875054,0.5378050568203131,0.4914351950089137,-0.000274380547277057,0.015202519406254092,0.022658082578952115,0.12088325278317687,,,,0.007587989462384333,0.09623749786987901,0.11561725816378991,0.052923602828135095,0.01899278749867032,0.057105370650952315,0.9972840845584869,0.9261272549629211,0.28284111618995667,0.1459314078092575,0.5159483551979065,-0.8098011016845703,0.854691743850708,0.7113232612609863,0.1953125,0.12947990000247955,1.0185374021530151,1.0,0.8784722089767456,0.846691370010376,1.7475281953811646
282,24,24,0.0,-0.005272187641821802,0.016886096525316436,,,,,,,,,4.910962055126826,0.0,0.9401773826064129,,0.008150372731809815,-0.2615983411669731,0.3496330591539542,0.021074144024169073,0.39112481474876404,0.9459020296732584,0.0022460599817956486,0.010146336629986763,0.027685966342687607,0.001451953209078975,0.0014789627288844733,0.0,150.0,99.5,0.7105169395605723,0.868138405183951,0.18610741915957382,0.8288947095473608,-0.0060443497689751284,-0.0017676827822773096,-0.00028179071447690757,0.5417696548004945,0.5016087777912617,0.46231047809123993,0.0009130104969396294,0.016077465726993978,0.02164689893834293,0.12335436652543456,,,,0.007889691905196136,0.10791528224945068,0.11567191127687693,0.05319443748643001,0.018473055950986843,0.055067462120543226,0.9975111484527588,0.9180830121040344,0.2867559492588043,0.15063022077083588,0.5252906680107117,-0.8488531112670898,0.8618285059928894,0.8141543865203857,0.248046875,0.020281357690691948,1.063547968864441,1.0,0.8854166865348816,0.8484475612640381,1.7342705726623535
285,24,28,0.0,-0.0014570909940327208,0.026809887882942956,,,,,,,,,7.669474711020787,0.0,0.938711091207496,,0.07405234190324943,-0.28686441977818805,0.3734511186679204,0.23227467450002828,0.47509765625,0.9440104166666666,0.0005213339243255177,0.013670220350225767,0.03117094685633977,0.0014789627288844737,0.0014581398882455214,0.055864314936722316,150.0,92.58333333333333,0.8101514751712481,0.8763046835859617,0.2228005981693665,0.9052855173746744,-0.00553123860542352,-0.0024359162634937093,-0.0006118792793283016,0.6056760214269161,0.4260565899312496,0.36102172297736007,0.003973494321447409,0.015824097053458292,0.023391056340187788,0.12478262304394541,,,,0.005551812517902969,0.07242838541666667,0.11572428854803245,0.05345386608193318,0.015904772095382214,0.05309850633623287,0.998368114233017,0.9395337104797363,0.27929529547691345,0.17440569400787354,0.6244490742683411,-0.8661197423934937,0.935878574848175,0.719829797744751,0.41015625,0.2794160544872284,1.1744016408920288,1.0,0.8914930820465088,0.8381451368331909,1.718812108039856
287,24,24,0.0,-0.0022347066551446915,0.04334926977753639,,,,,,,,,10.91539599498113,0.0,0.9373227905308307,,0.02885186276398599,-0.22536986445387205,0.31159081185857457,0.08136294844249885,0.4130533809463183,0.9624023462335268,0.00271859717516539,0.009832261751095453,0.02349015822013219,0.001458139888245522,0.0015039637242143535,0.0072231436691557365,150.0,108.5,0.5961816521982352,0.7648139670491219,0.22449655031474927,0.7959338004390398,-0.00435075449058786,-0.001250796255893268,0.0008051453587540891,0.4506842376043399,0.454884613553683,0.3983820180098216,0.0019874007521896906,0.010500420699827373,0.02083855141730358,0.12482216454773788,,,,0.00400754869284962,0.044596354166666664,0.11577584408223629,0.05370907314742605,0.018064489277700584,0.051317736175679064,0.9983803927898407,0.9232079982757568,0.2865484952926636,0.1260656714439392,0.4399453103542328,-0.7624363303184509,0.7912060022354126,0.6640573143959045,0.29296875,0.20034897327423096,1.0634597539901733,1.0,0.8680555820465088,0.8234445452690125,1.679370641708374
291,28,28,0.0,-0.006391737244224974,0.010418449827869023,,,,,,,,,5.449265709945133,0.0,0.9357265779602679,,0.0,-0.19396148302725383,0.2568899265357426,-0.0029463514469430913,0.36569940192358835,0.9281802603176662,0.005219329057061779,0.008824492671660014,0.020115777850151062,0.0015039637242143529,0.0016025420401016622,0.0,150.0,96.42857142857143,0.5010538484369006,0.801813970719065,0.14961201644369534,0.857935260449137,-0.0025769895957117634,-0.0003687928428592256,0.0015592908369269156,0.31737030882920536,0.46001723195825306,0.40771251916885376,0.0002298261240087283,0.017962535976299217,0.019900374181036438,0.12296779503910484,,,,0.011995698656911762,0.16256893479398318,0.11584748354341302,0.05406358877995184,0.023174736515751908,0.049364601770015275,0.9990715682506561,0.9569278359413147,0.21530386805534363,0.1431502401828766,0.6648753881454468,-0.7916799783706665,0.8763222694396973,0.7913557291030884,0.2900390625,0.007249986752867699,0.9966163635253906,1.0,0.8849826455116272,0.8082489371299744,1.829939842224121
293,24,24,0.0,0.0007351698586717248,0.01048321983156105,,,,,,,,,4.062124093373616,0.0,0.9343084274856501,,0.07532133146499594,-0.2279161016146342,0.3584879885117213,0.1372097609564662,0.3951171860098839,0.9643880228201548,0.0011510960903251544,0.005763789017995198,0.017717656989892323,0.0016025420401016629,0.0015603714368326053,0.008400815480854362,150.0,120.16666666666667,0.4595366343855858,0.7611660013596216,0.06429296277929097,0.8269471650322279,-0.002794842487977197,-9.470974767585479e-05,0.0019182313650768872,0.2700098864734173,0.40186788886785507,0.34762226852277917,0.0021984157998910328,0.01306609824920694,0.023086184402927756,0.12235986591380962,,,,0.003592118291029086,0.03147786467646559,0.11592199560254812,0.05443210915351907,0.015606324654072523,0.04770905595742656,0.9975124299526215,0.9246905446052551,0.2748867869377136,0.1314128190279007,0.47806158661842346,-0.7625949382781982,0.8525223135948181,0.7740671634674072,0.2822265625,0.10777561366558075,0.9997091293334961,1.0,0.8706597089767456,0.8345860838890076,1.7484420537948608
296,28,28,0.0,-0.014621773468596595,0.026251439936459064,,,,,,,,,4.855740921837943,0.0,0.9327274589576258,,0.16378069828663552,-0.2647267282009125,0.43876099586486816,0.23326454418046133,0.3072197160550526,0.940527081489563,0.0003470211434302785,0.0050684937408992225,0.01634518269981657,0.0015603714368326049,0.0015082857701705426,0.04315716088084238,150.0,105.14285714285714,0.5241651002849851,0.9847209070410047,0.102155751997738,0.8856011267219271,-0.005302342910519136,-0.0004987813460632294,0.0014494331324905424,0.31131415707724436,0.50601134874991,0.43749749873365673,0.0016821945609990507,0.016030670343233005,0.02348131440313799,0.11907318802557226,,,,0.003936162767266589,0.041149869561195374,0.11594555048005921,0.05454854653882129,0.01948705082759261,0.04594656898516348,0.9977443516254425,0.9221413135528564,0.2797452509403229,0.17749060690402985,0.6344723105430603,-0.984878420829773,0.8677529096603394,0.8012822270393372,0.1689453125,0.007249986752867699,0.9914901852607727,1.0,0.8524305820465088,0.8071218729019165,1.7316843271255493
298,24,24,0.0,-0.003421918246507024,0.030237881544356544,,,,,,,,,9.299309402704239,0.0,0.9312802421338503,,0.1375196414689223,-0.21624583502610525,0.3400968238711357,0.3417976647615433,0.2623697891831398,0.9704752614100774,-0.00047542935074792087,0.0038630633304516473,0.01103969911734263,0.0015082857701705433,0.0014328714816620155,0.06942350681250294,150.0,136.5,0.6305108132461706,0.8475798120101293,0.12585296387225497,0.8975392008821169,-0.005551709211431444,-0.0016697254222511522,0.0006941823481838583,0.4152023084461689,0.4885946735739708,0.4144426720837752,0.001867021474026842,0.010016318449440101,0.019351108465343714,0.12054174006353645,,,,0.0037303756592640034,0.03658854169771075,0.11596163486440976,0.05462804064154625,0.017569785472005606,0.0444056540955713,0.9972978830337524,0.9461690187454224,0.24567660689353943,0.12368938326835632,0.5034642219543457,-0.8202769160270691,0.8849392533302307,0.7490066885948181,0.203125,0.027179008349776268,1.040544867515564,1.0,0.8519965410232544,0.8400418758392334,1.665653109550476
300,24,24,0.0,-0.0028501347793887057,0.014472499839030206,,,,,,,,,4.418686290582021,0.0,0.9298193161078991,,0.019502532862437267,-0.2735644367833932,0.3320975328485171,0.048683434152432405,0.45504557341337204,0.9443033883968989,0.004092914401553571,0.014219256738821665,0.03148969387014707,0.0014328714816620152,0.001529060289253243,0.0018054712175702055,150.0,91.66666666666667,0.49695492660005885,0.6319729362924894,0.011919633988327405,0.8431727886199951,-0.0033275264916786305,-0.0004452759233875743,0.0014527706395407829,0.3153037404020627,0.3896156959235668,0.34086112305521965,0.002922319038286029,0.010938153136521578,0.020329651578019064,0.11762448041280016,,,,0.0035810602579052406,0.03938802081393078,0.11601409905900557,0.054887312930077314,0.015078058039459089,0.0429164170297952,0.9966193437576294,0.9125902056694031,0.2957010865211487,0.1383412778377533,0.46784162521362305,-0.6002269983291626,0.8650979995727539,0.721618115901947,0.390625,0.0,0.9441027045249939,1.0,0.8606770634651184,0.8421904444694519,1.8360655307769775
302,24,24,0.0,-0.004397173470351845,0.019034154480323195,,,,,,,,,5.383302907148997,0.0,0.9283447520832478,,0.020039670130548377,-0.2690948583185673,0.33264118308822316,0.030095621521468274,0.5106770818432173,0.9462565133968989,0.004061185987666249,0.013507564241687456,0.031019901235898335,0.0015290602892532427,0.0016545296591789632,0.0,150.0,91.66666666666667,0.45763364682594937,0.665114256242911,0.04313202644698322,0.8631733904282252,-0.0018896247092925478,0.00018739182390940337,0.0019826033094432205,0.22519251673171917,0.3353376630693674,0.2932426854968071,0.0031242442205439147,0.012163610197603703,0.018818562423499923,0.11696775266026832,,,,0.006143104382014523,0.07975260463232796,0.11605495338638623,0.05508911764870087,0.018053157061027985,0.04147712466325281,0.9946199655532837,0.8980388045310974,0.326709508895874,0.15235276520252228,0.4663248658180237,-0.6308934688568115,0.8750499486923218,0.6582702994346619,0.3896484375,0.007249986752867699,0.9651474356651306,1.0,0.8671875,0.8493465185165405,1.8031954765319824
304,24,24,0.0,-0.009923879251194498,0.008530811096231142,,,,,,,,,5.229126393795013,0.0,0.9268566219280646,,0.021141737001016736,-0.22184310480952263,0.2931564822793007,0.053412485925946385,0.4140624975164731,0.9176757832368215,0.003920059195176388,0.010105909158786138,0.020271087686220806,0.0016545296591789632,0.0017368238210747101,0.001790604127260546,150.0,110.33333333333333,0.3739624321460724,0.6939708242813746,0.11884333131213982,0.807228518029054,-0.0015253924872619489,0.0008864618866937235,0.0025752658499792838,0.13410894821087518,0.4090928832689921,0.3579615081350009,0.0014133110995923441,0.012152429514875015,0.02234529183867077,0.11654158691019595,,,,0.008230839943280444,0.1136067711437742,0.1160790113111337,0.05520784265051285,0.019773881183937192,0.040086101995342245,0.9946446120738983,0.9236401915550232,0.2777553200721741,0.10092804580926895,0.3633703291416168,-0.682120680809021,0.8145410418510437,0.5885952711105347,0.208984375,0.08255314826965332,1.0053781270980835,1.0,0.8424479365348816,0.8358164429664612,1.7101614475250244
309,28,28,0.0,-0.004051206325779536,0.0293927428844784,,,,,,,,,5.494399343218122,0.0,0.9250373200062009,,0.02052925294265151,-0.3146353928106172,0.39244030735322405,0.04680505588268196,0.3980459315436227,0.8916911951133183,0.003534607489460281,0.0128949231335095,0.02873439554657255,0.001736823821074709,0.001787587920179774,0.0,150.0,84.42857142857143,0.5631653506840978,0.9616656133106777,0.1245029095028128,0.9095110893249512,-0.0023043229593895376,0.00018558148810500694,0.0014286363480745681,0.22248027686561858,0.45101151721818106,0.3860468119382858,-1.1417593798666661e-05,0.027486382351656045,0.029263375193945,0.11782306361583032,,,,0.007045124445409913,0.09138104412704706,0.11612524757427829,0.05543605158371585,0.018929670864183987,0.03846464498380299,0.9944273233413696,0.9183411598205566,0.2883564829826355,0.19198116660118103,0.6657772064208984,-0.9485890865325928,0.8992470502853394,0.7383623719215393,0.3193359375,0.03242780268192291,0.9749020934104919,1.0,0.8138020634651184,0.8257843852043152,1.674270510673523
311,24,24,0.0,-0.011828385138263306,0.0075275722580651445,,,,,,,,,5.0954660177230835,0.0,0.9235194613384082,,0.03283437589804331,-0.23684423851470152,0.34050366654992104,0.18780978303402662,0.30862629661957425,0.9304361989100774,0.002495565155792671,0.007082153111696243,0.019676269342501957,0.0017875879201797735,0.0018502717726481307,0.01767568232025951,150.0,113.66666666666667,0.610286479194959,0.8643137291073799,0.26928125880658627,0.7752940381566683,-0.005303594681511943,-0.0009784039721125737,0.0009562050557481901,0.3583819766839345,0.5613725334405899,0.49241215487321216,0.0013231524740149325,0.0163732694927603,0.029212375171482563,0.12127671515463709,,,,0.006284309677236403,0.08307291675979893,0.11618265354384978,0.05571928480640054,0.018901145706574123,0.037174652161976456,0.9948557913303375,0.9322575330734253,0.2722151279449463,0.10397044569253922,0.3819422125816345,-0.8504576683044434,0.820076048374176,0.678604006767273,0.22265625,0.2691718339920044,1.1204668283462524,1.0,0.8693576455116272,0.8593485951423645,1.6718525886535645
313,24,24,0.0,0.006792248226702213,0.026527079287916422,,,,,,,,,8.04979133605957,0.0,0.9219882717179487,,0.001649626453096668,-0.27334699283043545,0.33016104996204376,-0.00028772578965193435,0.45423176884651184,0.9336588581403097,0.004646510341747974,0.013906689981619516,0.02481890593965848,0.0018502717726481311,0.0018799084893315614,0.0,150.0,105.0,0.6774716911216577,0.7737507149577141,0.14553009811788797,0.8915535807609558,-0.0027827360633333833,-0.0008287843602374778,0.0005473303532805099,0.4178119022399187,0.42386103607714176,0.3720106693605582,0.0035901511643411745,0.017699719173833728,0.03246278199367225,0.1233324110991203,,,,0.006181304052006453,0.07483723976959784,0.11622444447129965,0.055925404808173575,0.017741493919553857,0.035927921964335446,0.9927923083305359,0.917108952999115,0.32452255487442017,0.1527133584022522,0.4705785810947418,-0.7450329065322876,0.8847379088401794,0.5760201215744019,0.3505859375,0.07416970282793045,1.0311256647109985,1.0,0.8355034589767456,0.8199646472930908,1.6462727785110474
315,24,24,0.0,-0.0027901971673903367,0.013705133150021235,,,,,,,,,6.568852409720421,0.0,0.9204438257728428,,0.012630843518612286,-0.2592843131472667,0.31818191334605217,0.008434312369596833,0.4865885426600774,0.9587890629967054,0.003959711825397487,0.012901898473501205,0.028575938194990158,0.0018799084893315612,0.001972786918844254,0.0,150.0,95.0,0.5610574608047804,0.6445259898900986,0.09845359470151986,0.8388842170437177,-0.0024354563114078096,-6.774533424428834e-05,0.0014786927034341109,0.2713828993340333,0.40632770707209903,0.33980870867768925,0.0025252043815271463,0.016022351764452953,0.0274917627684772,0.12083534578919336,,,,0.00789968425912472,0.10377604172875483,0.11622256102661292,0.05591624944160382,0.02295515569858253,0.0347230034877278,0.9939362108707428,0.9210063219070435,0.2900661826133728,0.11460789293050766,0.3951094448566437,-0.6324467658996582,0.854768693447113,0.6112350821495056,0.41796875,0.024151785299181938,0.9565082788467407,1.0,0.8645833134651184,0.8749442100524902,1.7264728546142578
317,24,24,0.0,-0.002708117574608574,0.019587526097893715,,,,,,,,,5.27913099527359,0.0,0.9188861987772087,,0.008112788472014168,-0.320890494932731,0.35611215606331825,0.029913971011410467,0.5564127564430237,0.9591471379001936,0.006917773454915732,0.01878783479332924,0.03668783356746038,0.0019727869188442544,0.0021022415711112025,0.008112788472014168,150.0,81.33333333333333,0.7021939506133398,0.6284297779202461,0.023179598666805152,0.872527465224266,-0.0028663065410607183,-0.000668457045321702,0.0006377714398695389,0.381499112273256,0.31725419747332734,0.2609671900669734,0.004742566471880612,0.012409460187579194,0.02367859659716487,0.12009394462740769,,,,0.006513982269098051,0.08356119816501935,0.11626260541379452,0.056113743068029485,0.017610188961649936,0.03355849448809222,0.994712620973587,0.8977363109588623,0.32922619581222534,0.1474178582429886,0.44777074456214905,-0.5910041332244873,0.894530177116394,0.6692107915878296,0.421875,0.0,0.8940895199775696,1.0,0.8754340410232544,0.8789665102958679,1.8496206998825073
319,24,24,0.0,-0.006756927934475243,0.01188986663085719,,,,,,,,,4.890568693478902,0.0,0.9173154666475879,,0.0,-0.23769996066888174,0.2696380019187927,-0.0030401895831649504,0.6042317698399226,0.956998698413372,0.006303209918163096,0.016272546102603275,0.034927052756150566,0.002102241571111203,0.002179695285172367,0.0,150.0,82.5,0.540806956589222,0.5381398623188337,0.04262785110040568,0.8542329619328181,-0.003538329343427904,-0.0003942430127305367,0.0016191043735792239,0.31436089364190895,0.3337901433308919,0.2843582009275754,0.004137031442951411,0.019324862980283797,0.0391016275777171,0.11893525913822597,,,,0.008223495135704676,0.11458333395421505,0.11630054035534461,0.05630071166281899,0.021213240184200306,0.032433039748573,0.9934654533863068,0.8572116494178772,0.4021291434764862,0.11724729835987091,0.29156628251075745,-0.5017629861831665,0.8254159688949585,0.4507172107696533,0.515625,0.010779863223433495,0.9273619055747986,1.0,0.858506977558136,0.8747006058692932,1.7322208881378174
321,24,24,0.0,-0.0069826705536494655,0.009215514408424497,,,,,,,,,5.267954657475154,0.0,0.9157317059392488,,0.0,-0.21448124820987383,0.23300716343025366,-0.0023482238854436823,0.49892578025658924,0.9733072916666666,0.009962301061023027,0.02033611759543419,0.03464710712432861,0.002179695285172367,0.0023522094777923917,0.0,150.0,78.33333333333333,0.6956101109584173,0.49615611011783284,0.12902293944110474,0.7877732788523039,-0.005549099179916084,-0.001406009209555729,0.0006290213034034764,0.42411892116069794,0.39303474004069966,0.32966692994038266,0.00230983480772314,0.016621383760745328,0.03152480364466707,0.11801223105149855,,,,0.008531497966032475,0.11080729216337204,0.11631615584095319,0.05637759109959006,0.025806393241509795,0.03134532950236401,0.992308497428894,0.8473049998283386,0.41193026304244995,0.09869076311588287,0.23958124220371246,-0.4692651629447937,0.8064303994178772,0.5507529377937317,0.423828125,0.028515880927443504,0.8969999551773071,1.0,0.85546875,0.8889949917793274,1.7489620447158813
323,24,24,0.0,-0.0035008545576905212,0.010964131157379597,,,,,,,,,7.2580499947071075,0.0,0.9141349938424538,,0.053157321410253644,-0.24488637844721475,0.3254949177304904,0.13796423825745782,0.43030598511298496,0.9436523442467054,0.002530402355963209,0.0089045533289512,0.02553184951345126,0.0023522094777923904,0.002370260690475331,0.011225580043780306,150.0,105.66666666666667,0.6200266691545645,0.7396894643704096,0.2023743873772522,0.8499693100651106,-0.004635181200380127,-0.0004093546620727769,0.001583727259154936,0.3033693768084049,0.4614684507250786,0.3896780100961526,0.0020563833756265617,0.016445170855149627,0.033838022500276566,0.12066863835083176,,,,0.01258014423850303,0.17597656355549893,0.11636437630901734,0.056614929189284645,0.02322460012510419,0.030294097908445367,0.9957568049430847,0.934563934803009,0.26665323972702026,0.10221612453460693,0.38332974910736084,-0.7223954200744629,0.8702844977378845,0.6363121271133423,0.3076171875,0.23944753408432007,1.0708526372909546,1.0,0.8923611044883728,0.8739013671875,1.656909704208374
325,24,24,0.0,-0.00020094402134418488,0.013717434757078687,,,,,,,,,6.1002378563086195,0.0,0.9125254081786981,,0.16250767279416323,-0.20192065897087255,0.2615043142189582,0.21118486238022646,0.4069986939430237,0.9562500019868215,-0.019476414619324107,0.006320069233576457,0.023823951681454975,0.00237026069047533,0.0022517476559515645,0.1454941943908731,150.0,106.33333333333333,0.5537707023322582,0.6757453555862108,0.0774966082147633,0.7678089489539465,-0.002791794181878989,2.7178036058709645e-06,0.0018936702059969928,0.25795659236609936,0.4484470871587594,0.37891597921649617,0.0013406706085561382,0.012821004299136499,0.02145856129936874,0.11851632085837023,,,,0.008929674925942285,0.11949869881694515,0.11639047941813867,0.05674340948462486,0.02115793712437153,0.029278121578439936,0.9958002865314484,0.8892002105712891,0.3340034782886505,0.12322837114334106,0.36894339323043823,-0.6488589644432068,0.8043760061264038,0.6326950192451477,0.2568359375,0.08052583783864975,0.9922334551811218,1.0,0.8567708134651184,0.8464983701705933,1.7665632963180542
327,24,24,0.0,0.0010246854896346729,0.012696547259110957,,,,,,,,,5.1238609453042345,0.0,0.9109030273969151,,0.0,-0.23087256339689097,0.26873967858652276,-0.002467966201948002,0.4108072916666667,0.9700846374034882,0.007536546579406907,0.01595188118517399,0.025572816530863445,0.0022517476559515636,0.0023767921084625865,0.0,150.0,102.33333333333333,0.5630058720707893,0.6505007967352867,0.09527828016628821,0.8295925085743269,-0.0028121807675537034,0.0003424839501349197,0.001836822964833118,0.2012849353874723,0.42282651861508685,0.34732419562836486,0.001383788217935944,0.01354347177160283,0.028288868566354115,0.11867721034675195,,,,0.006511170067824423,0.08512369799427688,0.1163908177986741,0.05674520693719387,0.019533800582091015,0.02829621815287456,0.994499146938324,0.8302116394042969,0.4144664406776428,0.13591699302196503,0.3279324471950531,-0.6200840473175049,0.8485284447669983,0.49099230766296387,0.3486328125,0.0,0.9416603446006775,1.0,0.8359375,0.8544428944587708,1.6963927745819092
329,24,24,0.0,-0.006279455168017496,0.012270483886823058,,,,,,,,,5.69968702395757,0.0,0.9092679305696562,,0.0,-0.2304513535151879,0.25578768240908784,-0.0022722715754449987,0.5362955704331398,0.9602539092302322,0.008268365326027075,0.019002389783660572,0.030374978979428608,0.0023767921084625874,0.0025538279574177604,0.0,150.0,89.33333333333333,0.5633136220276356,0.5483468348781267,0.10102843237109482,0.8363899737596512,-0.0036684497560296827,3.937503606721293e-05,0.001840928887152889,0.24695393753548464,0.40896718204021454,0.35056502496202785,0.0022000867890407485,0.015284621544803182,0.029334942577406764,0.11415214313047368,,,,0.007142888701006693,0.09501953143626451,0.11639602202922106,0.05677080635602275,0.018989972886629403,0.02734724492518933,0.9953661561012268,0.8731691837310791,0.35635653138160706,0.11141306906938553,0.31264495849609375,-0.5307363867759705,0.8117579221725464,0.5201531648635864,0.3837890625,0.007249986752867699,0.8806396722793579,1.0,0.8237847089767456,0.8631187081336975,1.7932592630386353
332,24,24,0.0,0.0006236877913276354,0.019885064257929724,,,,,,,,,8.370477815469107,0.0,0.907522542118716,,0.01128517413356652,-0.2466154471039772,0.2836560246845086,0.01116083230347916,0.4558135395248731,0.9304853528738022,0.006106253693966816,0.018748201429843903,0.02901047095656395,0.0025538279574177595,0.002665187330454015,0.0,150.0,90.16666666666667,0.5859106481075287,0.6651547774672508,0.041014412068761885,0.8907865534226099,-0.0041616692033130676,-0.00044490011108185473,0.0017987574563373225,0.3232993483543396,0.4004347746570905,0.33326756084958714,0.0017273771215210825,0.01918612882339706,0.028059375666392345,0.11182434167554432,,,,0.011189871952713778,0.12338634595895807,0.1163888955488801,0.05673559894785285,0.024640073456491034,0.026376932006642814,0.9925805032253265,0.9387863874435425,0.24910473823547363,0.12672829627990723,0.5087350010871887,-0.6307395100593567,0.8941974639892578,0.6255649924278259,0.373046875,0.0,0.9085567593574524,1.0,0.8667534589767456,0.8691080212593079,1.8244820833206177
334,24,24,0.0,-0.004877163388300687,0.019370564764055114,,,,,,,,,9.759009857972464,0.0,0.9058615142611509,,0.0,-0.22636732955773672,0.264045978585879,-0.0024318068171851337,0.5189453115065893,0.9446940124034882,0.006339846217694382,0.014714176456133524,0.03193931529919306,0.002665187330454016,0.0028265420446109265,0.0,150.0,89.66666666666667,0.5579402608176073,0.5439440384507179,0.07478185499167012,0.8270059476296107,-0.0036113660753471777,7.769997743404626e-05,0.002312232638360001,0.2544055733208855,0.38152599334716797,0.2968971859663725,0.002796631575013938,0.021055975385631125,0.03627003640091667,0.10883531306024326,,,,0.0066685914765306125,0.08382161458333333,0.11639219646652539,0.05675191789244612,0.024143740224341553,0.025492326079181272,0.9935851693153381,0.9087026119232178,0.30414941906929016,0.10082779079675674,0.3315074145793915,-0.5262972116470337,0.8178731799125671,0.5467857122421265,0.4013671875,0.0,0.8851438760757446,1.0,0.8381076455116272,0.8609861731529236,1.7995173931121826
336,24,24,0.0,-0.005695292726159096,0.006246411998290569,,,,,,,,,5.962617576122284,0.0,0.904188016074348,,0.0050432699887702865,-0.23046143973867098,0.2807586242755254,0.013698532178144282,0.5029296875,0.9634440119067827,0.005624464383193602,0.013022831951578459,0.027143914252519608,0.002826542044610927,0.0029226800507420637,0.0,150.0,97.33333333333333,0.5780308209359646,0.6039819593230883,0.10216776180701952,0.8543157080809275,-0.0035563220735639334,0.0005812114547249317,0.0022009624226484448,0.17566998147716126,0.4340425642828147,0.3365655230979125,0.0021166011198753645,0.016828537530576188,0.03324501488047341,0.11074090099670618,,,,0.005829835174760471,0.07369791685293119,0.11641095454494159,0.056844390307863556,0.02469535358250141,0.02463738727322963,0.9938359558582306,0.9282602667808533,0.27927568554878235,0.09334979206323624,0.33425676822662354,-0.588324785232544,0.8569475412368774,0.6183359622955322,0.375,0.08564144372940063,0.9394556283950806,1.0,0.8715277910232544,0.8861748576164246,1.7751400470733643
339,24,24,0.0,-0.0006246175616979599,0.0214827866681541,,,,,,,,,7.693651497364044,0.0,0.902417511040876,,0.055432966367031135,-0.2972124330699444,0.3606264777481556,0.18294108721117178,0.4795314744114876,0.934401939312617,0.002859880570516301,0.014044171199202538,0.03004460285107295,0.002922680050742062,0.002955774521558597,0.012285267119295895,150.0,92.5,0.7662808721264204,0.7105411812663078,0.0962040062683324,0.922143004834652,-0.0031257851757497215,-0.00034803409342506103,0.0011739778074115748,0.31545079375306767,0.5078356812397639,0.417363961537679,0.0010996640303346794,0.022752588343185682,0.03448158137810727,0.11149693100255376,,,,0.005585173794922109,0.06718637755451103,0.11643435650815566,0.056959678418934345,0.02480345165046553,0.02377054256467802,0.9934555292129517,0.8763077855110168,0.3533967435359955,0.18651416897773743,0.5277755856513977,-0.6806631088256836,0.9437400102615356,0.734105110168457,0.365234375,0.056339018046855927,0.912095844745636,1.0,0.870225727558136,0.8975256085395813,1.742246150970459
341,24,24,0.0,-0.0007120712349812189,0.013294742442667484,,,,,,,,,7.6060881316661835,0.0,0.9007187043290313,,0.0,-0.21843188380201659,0.22696270110706487,-0.0021751230815425515,0.6241862004001936,0.9678059940536817,0.013627557937676707,0.02656581625342369,0.04028178627292315,0.0029557745215585966,0.0031415048619154885,0.0,150.0,68.16666666666667,0.7024326498309771,0.42731815700729686,0.023705902024327468,0.6624623636404673,-0.002604850107066644,-0.0005197875495165741,0.0009586159514280249,0.3737483477840821,0.3200427523503701,0.2684399237235387,0.0021781628614310953,0.012094984063878655,0.025181068185095985,0.09752618626495563,,,,0.008866879924122864,0.10270182392559946,0.11645888071507215,0.05708048352971673,0.02680500829592347,0.02297334739253308,0.9947812557220459,0.8563786149024963,0.38011690974235535,0.1047222912311554,0.27550020813941956,-0.3985147476196289,0.7236998081207275,0.4966568052768707,0.5556640625,0.0,0.8293237090110779,1.0,0.8563368320465088,0.8919939398765564,1.865441083908081
344,24,24,0.0,-0.0037655400034661093,0.011266605133035531,,,,,,,,,7.252836952606837,0.0,0.8989062997033072,,0.1017495533451438,-0.22564941582580408,0.31514427562554675,0.14351020442942777,0.36315436909596127,0.9134486541152,0.0018640967997877549,0.008411275843779245,0.02344328413407008,0.003141504861915487,0.0030309226967694006,0.003081852337345481,150.0,109.33333333333333,0.6575721477468809,0.8205015137791634,0.1690779869289448,0.8077414209643999,-0.003717977408086881,0.00016567304359682566,0.0017303631223815803,0.23080645315349102,0.48483279595772427,0.392297404507796,0.0014342366836596436,0.027088335637624066,0.042133882719402514,0.09898574514194884,,,,0.01180423583718948,0.1479080297673742,0.11646807566285133,0.05712579439083735,0.022173047919447225,0.022158225583436327,0.9959315657615662,0.9421639442443848,0.24070031940937042,0.11904788017272949,0.494589626789093,-0.8060964345932007,0.8203590512275696,0.7128325700759888,0.296875,0.18125000596046448,1.0318013429641724,1.0,0.85546875,0.8112240433692932,1.7028019428253174
346,24,24,0.0,0.011360760358608482,0.018022385231840115,,,,,,,,,8.670920093854269,0.0,0.8971824232740321,,0.0,-0.2955138459801674,0.3347710222005844,-0.0017471633036620915,0.5059244781732559,0.9601888035734495,0.006848216755315661,0.017069453994433086,0.029984905074040096,0.0030309226967693993,0.003157019588796037,0.0,150.0,90.0,0.76271091401577,0.6635322173436483,0.09964151059587796,0.884298158188661,-0.00502596275570492,-0.0012842137584812008,0.0005837100725329947,0.43734146654605865,0.43981750185290974,0.37908752262592316,0.00341064118159314,0.019840859148340922,0.03291637419412533,0.09919824753795758,,,,0.015256625522548953,0.19970703249176344,0.11647665003935496,0.05716796591877937,0.023053114768117666,0.021415102854522985,0.9956745505332947,0.9015816450119019,0.34058165550231934,0.1419365108013153,0.41674739122390747,-0.6317448616027832,0.8829631805419922,0.6513044834136963,0.3955078125,0.007249986752867699,0.9447662234306335,1.0,0.870225727558136,0.8751534819602966,1.7365491390228271
348,24,24,0.0,-0.0020352178641284504,0.01132975627357761,,,,,,,,,6.440272609392802,0.0,0.8954464995221695,,0.0,-0.25849297642707825,0.3040198969344298,-0.0016329517190267022,0.4689778635899226,0.9330403680602709,0.007012104402141024,0.01285054162144661,0.02662631372610728,0.003157019588796037,0.003342333892157265,0.0,150.0,97.5,0.7818105642994245,0.7470525652170181,0.17577400632823506,0.8383226171135902,-0.004870123278427248,-0.0011585366519284435,0.0007808442176913862,0.39979224652051926,0.46775755782922107,0.3867996359864871,0.00317681963982371,0.022742681864959497,0.04057943200071653,0.10039782538232625,,,,0.009618829896984002,0.1290039065061137,0.11651638150215149,0.05736361118033528,0.016791542409919202,0.0206969023102922,0.9960512220859528,0.9338645339012146,0.30039921402931213,0.11847733706235886,0.39439961314201355,-0.7262976169586182,0.8407808542251587,0.6486033201217651,0.3251953125,0.19976750016212463,1.0546847581863403,1.0,0.8667534589767456,0.856066107749939,1.6424700021743774
350,24,24,0.0,-0.00792660505976528,0.009744522840871165,,,,,,,,,6.8284812271595,0.0,0.8936986130541943,,0.0,-0.22150842597087225,0.22834963413576284,-0.002261005269247107,0.6993164047598839,0.9682942728201548,0.014688475290313363,0.02851837066312631,0.04128019387523333,0.0033423338921572663,0.003530590442299558,0.0,150.0,66.16666666666667,0.7432955329616865,0.45213330288728076,0.0750123601173982,0.8117910474538803,-0.004039080338164543,-0.0006664848709381962,0.0009330886426444825,0.36421751355131465,0.3364729726066192,0.2761082931732138,0.0036199938294885214,0.017046485697695363,0.03260509964699546,0.09822208323475297,,,,0.008520121717689714,0.11002604228754838,0.11651995095113914,0.05738122668117285,0.025261804927140474,0.02000278813282963,0.9934577643871307,0.8096563220024109,0.5315864086151123,0.10808911919593811,0.20333310961723328,-0.4260964095592499,0.7344799041748047,0.30283018946647644,0.611328125,0.007249986752867699,0.8955127596855164,1.0,0.85546875,0.8850811719894409,1.7374521493911743
352,24,24,0.0,-0.00890033800775806,0.02040026996595164,,,,,,,,,10.687718977530798,0.0,0.8919388490596244,,0.050526363387083016,-0.30561363076170284,0.3847302074233691,0.1829219696422418,0.5391927063465118,0.9480468779802322,0.003892274985749585,0.011136137569944063,0.029100070397059124,0.003530590442299558,0.0035163534867570334,0.0,150.0,97.33333333333333,0.7892130489150683,0.7042520518104235,0.20487923038793573,0.946607860426108,-0.0036405348291737027,3.1769054658070672e-06,0.0015042805741056025,0.25714888734122116,0.4337759502232075,0.33765193571647006,0.003523638675081505,0.018841864075511694,0.037271207586551704,0.09650858299431915,,,,0.009433274322267001,0.12096354179084301,0.11650089671214421,0.05728749092668295,0.0244920813323309,0.01933195253513377,0.993450939655304,0.9532560110092163,0.26951727271080017,0.12503919005393982,0.46393758058547974,-0.6804850101470947,0.9452080130577087,0.676101565361023,0.4541015625,0.2861701250076294,1.0109975337982178,1.0,0.8763020634651184,0.8825626373291016,1.602927565574646
354,24,24,0.0,-0.004960546890894572,0.015035843205017349,,,,,,,,,6.83491529027621,0.0,0.8901672933068775,,0.07086184908015032,-0.29207730914155644,0.3606182796259721,0.11483451786140601,0.379980464776357,0.9236979161699613,0.0031969777580040195,0.012084058796366056,0.027942998955647152,0.0035163534867570334,0.0034703553403331406,0.020334070121559005,150.0,99.33333333333333,0.8012690916657448,0.7452535629272461,0.0968939825349177,0.863460307319959,-0.004462735552806407,-0.0005176882630924714,0.0014670207771511439,0.3087648681054513,0.47417377556363743,0.37189841146270436,0.002281831491321403,0.018443984134743612,0.03359393193386495,0.09788402224629335,,,,0.0037029547286996,0.037109375038805105,0.11649333592504263,0.057250254632284246,0.02393806663652261,0.01868361482104036,0.9935455322265625,0.918840765953064,0.2849127948284149,0.12099475413560867,0.4246729612350464,-0.7080055475234985,0.8806650042533875,0.7263695001602173,0.298828125,0.010385414585471153,0.9820209741592407,1.0,0.87890625,0.8694967031478882,1.7704439163208008
356,24,24,0.0,-0.005434857603783409,0.00960707780905068,,,,,,,,,7.5792515476544695,0.0,0.8883840321390802,,0.006045813517024119,-0.2620418245593707,0.30939701323707897,0.005112370767164975,0.5453776021798452,0.9537109384934107,0.005394801904913038,0.014177163441975912,0.03347587212920189,0.003470355340333141,0.0035839606054058953,0.0,150.0,86.5,0.7105207641919454,0.5678454289833704,0.05097668782885497,0.8763400514920553,-0.00392808598796061,0.00031966932419891236,0.0021948069140004614,0.21895844054718813,0.41123312960068387,0.3109745066612959,0.002606399105692011,0.02013011882081628,0.037885711916411914,0.09836616810541929,,,,0.008926387158377716,0.10947265631208818,0.1164696201061209,0.05713351350277662,0.023138487866769235,0.018057020476673912,0.9937977492809296,0.9431266188621521,0.26398521661758423,0.09544654935598373,0.36156022548675537,-0.5422367453575134,0.8636367917060852,0.5995343923568726,0.458984375,0.007249986752867699,0.9139114618301392,1.0,0.86328125,0.875081479549408,1.7345415353775024
358,24,24,0.0,-0.004213046859755802,0.010595670687810829,,,,,,,,,6.476196338733037,0.0,0.8865891524698665,,0.0,-0.2504946595678727,0.2833391446620226,-0.0018009406776400283,0.5636718720197678,0.9537760441501936,0.007349354952263336,0.01742028258740902,0.03217709685365359,0.003583960605405894,0.003722754070470856,0.0,150.0,86.66666666666667,0.7233893026908239,0.575738916794459,0.14019459951668978,0.8292552505930265,-0.003078229351861713,-0.0001993125636848466,0.0016361421876354143,0.283837807054321,0.4642528717716535,0.3660627032319705,0.0021493857760409205,0.01779370770479242,0.03673758419851462,0.09932043769411458,,,,0.010313747052956993,0.12978515626552203,0.11646124285956223,0.05709219165146351,0.02471620977545778,0.017451440292369783,0.993291974067688,0.8891626000404358,0.3429298996925354,0.10600145906209946,0.3091053366661072,-0.5535168647766113,0.8341605067253113,0.5043116807937622,0.478515625,0.14134785532951355,0.9353682398796082,1.0,0.8680555820465088,0.8851710557937622,1.7415891885757446
360,24,24,0.0,-0.006216704690208037,0.0073957350687123835,,,,,,,,,6.883856525023778,0.0,0.8847827417791375,,0.03612432229177406,-0.23872502706944942,0.286057452360789,0.04998227737572355,0.5988606736063957,0.977506510913372,0.005144724059694757,0.014779901752869288,0.03397466490666071,0.0037227540704708566,0.003799025484511585,0.0,150.0,85.83333333333333,0.6915252308050791,0.4935100736717383,0.016728534532982547,0.9066460157434145,-0.004458823833071317,0.0001757008570469528,0.0019154533802065998,0.22163887694478035,0.40853611504038173,0.2957568857818842,0.001583750034114928,0.014767465375674268,0.029179840503881376,0.09810421908999131,,,,0.011460390718032917,0.14238281330714622,0.11648070346564054,0.05718779331073165,0.02680402365513146,0.01686616951404409,0.9945078790187836,0.9186580777168274,0.30035942792892456,0.08931371569633484,0.29735612869262695,-0.48175516724586487,0.9006585478782654,0.5925078392028809,0.4365234375,0.0,0.8548380136489868,1.0,0.8580729365348816,0.9034071564674377,1.7784218788146973
362,24,24,0.0,-0.0007939795808245739,0.012605576368514448,,,,,,,,,9.836348166068396,0.0,0.882964888108805,,0.0,-0.23748303391039371,0.25178269545237225,-0.0017907665266344945,0.6430664037664732,0.9623697946468989,0.011046662111766636,0.024297256022691727,0.037097327411174774,0.0037990254845115846,0.003977548042255512,0.0,150.0,74.16666666666667,0.790542426208655,0.4601028077304363,0.08282535309353989,0.8788770387570063,-0.0031813779629980368,-0.0002840758214309365,0.0013244151796243386,0.26809438364580274,0.37883390051623184,0.2839037186155717,0.0032204420400982294,0.023404044564813375,0.04311913209191213,0.09791397762207422,,,,0.007083922314147155,0.07942708333333333,0.11652574222534895,0.05740931800877055,0.02952393547942241,0.016300527023024387,0.991521805524826,0.9080779552459717,0.3575228154659271,0.09353604912757874,0.2616226077079773,-0.4356837868690491,0.8604325652122498,0.4095630645751953,0.5791015625,0.047237835824489594,0.8785645365715027,1.0,0.84765625,0.882594108581543,1.7667316198349
364,24,24,0.0,-0.007135673018638045,0.017104972852393985,,,,,,,,,6.425170123577118,0.0,0.8811356800584892,,0.0,-0.29690046173830825,0.31080927948156994,-0.001906403088166068,0.6057942683498064,0.9499023482203484,0.013201027487715086,0.025381967425346375,0.03948691114783287,0.0039775480422555125,0.004165188515123746,0.0,150.0,72.16666666666667,0.825809970498085,0.5093521438539028,0.0602259462660489,0.8736958106358846,-0.0022878385352669284,-0.0005041796154425052,0.0007333009552894509,0.3776609965910514,0.37659423363705474,0.30037609301507473,0.004352265314082615,0.014105526031926274,0.021996576416616637,0.09668545535315588,,,,0.00789878842382071,0.0996093755432715,0.11652749869972467,0.05741780918712417,0.028525563810641568,0.015753854543386403,0.9930340051651001,0.878078281879425,0.36522793769836426,0.13679054379463196,0.3745347261428833,-0.4751071333885193,0.8993918299674988,0.5801678895950317,0.52734375,0.0951627865433693,0.8983746767044067,1.0,0.8923611044883728,0.8870341181755066,1.8264334201812744
366,24,24,0.0,-0.0029803913397093615,0.01353736394473041,,,,,,,,,6.406013995409012,0.0,0.8792952067812116,,0.0,-0.2754813879728317,0.29900265609224635,-0.001763753141858615,0.5704752579331398,0.9342447941501936,0.010133243903207282,0.022001016264160473,0.03693338359395663,0.004165188515123749,0.004351639689372571,0.0,150.0,77.16666666666667,0.796996034681797,0.577877993384997,0.0858426212022702,0.8744585638244947,-0.0027771528014757982,-0.00030736486913459277,0.0013574561392791413,0.3028098003317912,0.4100942760705948,0.32211830529073876,0.003306003078857126,0.015008685062639415,0.029001133205989998,0.0963698324756306,,,,0.008789591141976416,0.09290364586437742,0.11649509177853663,0.05725823404888312,0.027255210792645812,0.015225515875874304,0.9924314022064209,0.9072039127349854,0.31587159633636475,0.12271072715520859,0.3884829580783844,-0.5368847846984863,0.8959476947784424,0.5898705720901489,0.4521484375,0.07579170167446136,0.9138798117637634,1.0,0.8754340410232544,0.9002566933631897,1.7834241390228271
368,24,24,0.0,-0.0018273929017595947,0.010854706420407942,,,,,,,,,6.466299623250961,0.0,0.8774435579790425,,0.0,-0.2347902419666449,0.24263297890623411,-0.001978799768645937,0.6143229156732559,0.9377929717302322,0.014930784003809094,0.02778449592490991,0.04049405207236608,0.004351639689372573,0.004536493392484693,0.0,150.0,67.5,0.9202681357661883,0.5294224979976813,0.1427289138858517,0.7589678491155306,-0.005016737675759941,-0.001335003471467644,-0.0001257312317193282,0.5322408974170685,0.4155201663573583,0.28170988398293656,0.0037082969987144074,0.011101371298233667,0.019788326579146087,0.09658220467452153,,,,0.008360453483570987,0.09378255197467904,0.1164727450037996,0.05714821505049864,0.02560429632042845,0.014714896157513332,0.9922344088554382,0.8544385433197021,0.4159565567970276,0.11110780388116837,0.26711395382881165,-0.4920387864112854,0.772869884967804,0.45148491859436035,0.548828125,0.03628300875425339,0.9446703195571899,1.0,0.8719618320465088,0.8718481659889221,1.7773058414459229
371,24,24,0.0,-0.0006587560831879576,0.012123845789271096,,,,,,,,,6.834338337182999,0.0,0.8754796110864924,,0.08275092020630836,-0.2880036998540163,0.3692881378034751,0.27379836452503997,0.4749034345149994,0.9385545328259468,0.0030232356633253707,0.011958535760641098,0.03002387781937917,0.0045364933924846905,0.0045491950795047845,0.008671458228491247,150.0,94.83333333333333,0.9194647272427877,0.7737838054696718,0.1798290858666102,0.9105426371097565,-0.004655141907278448,-0.0003289002111917701,0.0015013186263483174,0.2841909235964219,0.5177772666017214,0.37381304800510406,0.002279919936275595,0.02184005520151307,0.038549280647809304,0.09798300114835702,,,,0.007665315783621433,0.09387856752922137,0.11643357978512843,0.05695566348731518,0.02643173886463046,0.014195147765098561,0.9930623173713684,0.9328596591949463,0.26030203700065613,0.13508333265781403,0.5189484357833862,-0.7578783631324768,0.9354966878890991,0.7281122207641602,0.3681640625,0.0858646109700203,1.0062824487686157,1.0,0.8767361044883728,0.8895748257637024,1.6825578212738037
373,24,24,0.0,-0.01033292772869269,0.034629760504079364,,,,,,,,,18.775091459353764,0.0,0.8736052895826348,,0.09490066099291046,-0.2402198159446319,0.29452840735514957,0.1437964135160049,0.5256835917631785,0.9537109384934107,0.003103167090254525,0.015133120119571686,0.032649693389733635,0.0045491950795047845,0.004385127943813639,0.0,150.0,86.16666666666667,0.8704640145103136,0.6581023447215557,0.14924859108577948,0.7786043162147204,-0.004091474129381822,-0.0009165292917714396,0.0012207213127718812,0.36395732251306373,0.4838942599793275,0.36381760984659195,0.0021962034952593967,0.020632831729017198,0.03794852748978883,0.0969956931723016,,,,0.010323868744308129,0.1277343756519258,0.11640110922356446,0.05679608524466554,0.03048144280910492,0.013719083609834542,0.9927070736885071,0.8682381510734558,0.3937672972679138,0.1274411529302597,0.32364585995674133,-0.6472018957138062,0.7825267314910889,0.5736857056617737,0.462890625,0.16811591386795044,1.0183364152908325,1.0,0.866319477558136,0.8592787384986877,1.6598379611968994
375,24,24,0.0,0.0004631026725595196,0.004961665564527114,,,,,,,,,6.164040158192317,0.0,0.8717200698724238,,0.028003436125194032,-0.23793632723391056,0.28344783062736195,0.05288490096184736,0.5255859394868215,0.9493489613135656,0.005924636886144678,0.015159872050086657,0.03189543883005778,0.00438512794381364,0.004491704291377729,0.0,150.0,88.0,0.7204433629910151,0.5431751037637392,0.07096442386197548,0.8148122429847717,-0.0023719158343737945,0.00037552296392580803,0.002347897602400432,0.19866400895019373,0.48912522569298744,0.35153032653033733,0.0015953542597344494,0.010842718552642813,0.019614217531246442,0.09654433327959093,,,,0.005670724548205423,0.07255859370343387,0.11638772860169411,0.056730271937946476,0.024146532562250893,0.013258985267937012,0.9940612614154816,0.937201976776123,0.2531498968601227,0.08590876311063766,0.3393592834472656,-0.525856614112854,0.8641999363899231,0.6307862997055054,0.4423828125,0.06592358648777008,0.8686880469322205,1.0,0.8849826455116272,0.9050349593162537,1.8517353534698486
377,24,24,0.0,0.0021139965392649174,0.011153860522123674,,,,,,,,,7.452531258265178,0.0,0.8698240438388072,,0.11334420461207628,-0.2426408672084411,0.3300483686228593,0.21245260971287885,0.46845702826976776,0.9497721369067827,0.002564542529095585,0.008047902956604958,0.026260184744993847,0.0044917042913777275,0.0043711000587477395,0.0,150.0,103.5,0.7705353076259295,0.622024230659008,0.05474141946372887,0.8529361734787623,-0.0016955523412131395,0.0011296282367159922,0.0025273049153232328,0.12493315277000268,0.5315725281834602,0.38525821020205814,0.0008054289470843893,0.013070604181848466,0.025262511102482677,0.09414380413815913,,,,0.012368448197472995,0.16852213628590107,0.11635142813126247,0.05655153623471657,0.02848750352859497,0.012814317292253243,0.9943939745426178,0.9125625491142273,0.2968396246433258,0.1187165379524231,0.39993494749069214,-0.6024538278579712,0.8632609844207764,0.7067536115646362,0.388671875,0.009878335520625114,0.8611416816711426,1.0,0.8537326455116272,0.8724401593208313,1.820810317993164
379,24,24,0.0,0.0032994942351554832,0.005638712512639661,,,,,,,,,7.848552405834198,0.0,0.8679173038914185,,0.08066708229792614,-0.21296720082561174,0.2698554862290621,0.09574438802277048,0.5035807266831398,0.949609378973643,0.003909772659729545,0.010851441572109858,0.02755649263660113,0.004371100058747741,0.004323834546848856,0.0,150.0,97.5,0.6293630823493004,0.5514345367749532,0.05102918145712465,0.7645150348544121,-0.002023405727716939,0.0019111200963379815,0.0035608374261452505,0.10838022517661254,0.4732724328835805,0.3154757668574651,0.0008946840165056832,0.014176548245207718,0.025086170256448288,0.09171903667041703,,,,0.013512528976813579,0.15748697938397527,0.11633663096775611,0.05647864860172073,0.03111826612924536,0.012384562192977658,0.9923580884933472,0.9469895958900452,0.232980415225029,0.07673127204179764,0.3293464481830597,-0.5370912551879883,0.7647113800048828,0.5808289647102356,0.4384765625,0.014976045116782188,0.8889450430870056,1.0,0.8259548544883728,0.848336398601532,1.7933170795440674
381,24,24,0.0,-0.0014531233658393223,0.0075424266008970635,,,,,,,,,7.821029186248779,0.0,0.8659999429620746,,0.11225479344526927,-0.23047225487728915,0.2989640608429909,0.14547132576505342,0.5453450456261635,0.9548177123069763,0.0027659553209862984,0.009797404209772745,0.029014648248751957,0.004323834546848856,0.0042135189226614285,0.0,150.0,94.5,0.7285961483915647,0.563983790576458,0.05842764400100956,0.8094770610332489,-0.002617206241969446,0.001540877332445234,0.003107646460800121,0.10981932538561523,0.495889858653148,0.28690244381626445,0.0013617848098874674,0.014871783864994844,0.026711287947061162,0.09201746609747444,,,,0.010520360859421393,0.1335937506519258,0.11635881041487058,0.056587940702835716,0.02883000796039899,0.01196921983541443,0.9933274686336517,0.9412726759910583,0.2437286674976349,0.08284078538417816,0.33988937735557556,-0.5545308589935303,0.8132025003433228,0.6309689879417419,0.4375,0.06887245923280716,0.8843722343444824,1.0,0.8550347089767456,0.8691686987876892,1.7748501300811768
383,24,24,0.0,-0.001441514992620796,0.006571954969937603,,,,,,,,,7.495739589134852,0.0,0.8640720545002409,,0.09088964558516939,-0.23848801478743553,0.31394684687256813,0.16336504432062307,0.5359700520833334,0.9461588536699613,0.0023936551491109035,0.009231933082143465,0.029100110133488972,0.004213518922661429,0.004239767561123053,0.0,150.0,95.83333333333333,0.7236054539680481,0.620664618909359,0.10150751828526457,0.8266667599479357,-0.003532962656512003,0.0007407702972462479,0.0022521766513818875,0.1702795084565878,0.4575062319636345,0.32951382858057815,0.0015734665980744467,0.02617491230679055,0.056123865923533835,0.09369426804212336,,,,0.011578054264343033,0.12630208379899463,0.11636080189297597,0.05659774892653028,0.03216195339336991,0.011567806857937298,0.989514946937561,0.9518449902534485,0.2341884821653366,0.08070967346429825,0.344635546207428,-0.5944011807441711,0.8292638659477234,0.599210798740387,0.4521484375,0.07036124914884567,0.9649013876914978,1.0,0.862413227558136,0.863088846206665,1.6637576818466187
385,24,24,0.0,-0.0004836394606779019,0.011419574458462497,,,,,,,,,9.817392190297445,0.0,0.8621337324684819,,0.0,-0.21245066449046135,0.2296079471707344,-0.001634611122426577,0.5381835872928301,0.9573567733168602,0.01064003809976081,0.021137842287619907,0.031127464026212692,0.004239767561123055,0.004425628399388296,0.0,150.0,83.33333333333333,0.7885691101352373,0.5051213701566061,0.010178527135091523,0.6265176795423031,-0.004617225829861127,-0.0006868558976975692,0.0012559595876761402,0.3310353960841894,0.48265887300173443,0.36709891135493916,0.0017323931521483853,0.016329056350514293,0.03372176561970264,0.08880446277988821,,,,0.015187641525699291,0.18564453115686774,0.11635894266267617,0.05658857151865959,0.03224448122394582,0.011179856109469498,0.9941175282001495,0.9018377065658569,0.3137078583240509,0.09645508974790573,0.30746787786483765,-0.4840507209300995,0.6621760725975037,0.5727046728134155,0.412109375,0.0,0.8934915661811829,1.0,0.8519965410232544,0.8575248122215271,1.8476076126098633
387,24,24,0.0,-0.0049744790109495325,0.015829933574423194,,,,,,,,,12.291574368874231,0.0,0.8601850713378775,,0.010678436839953065,-0.26776303723454475,0.30169425035516423,0.011794459831435233,0.5978515595197678,0.963248702387015,0.007389216353961577,0.018161180739601452,0.03667093813419342,0.004425628399388297,0.004489936334142244,0.0,150.0,80.16666666666667,0.7924806301792463,0.4921891714135806,0.03506632637315003,0.8482269247372946,-0.0026446933625265956,0.00015510923928256185,0.0017259054099364828,0.22497193049639463,0.35831293029089767,0.2456773348773519,0.0039128013255928335,0.01635732005039851,0.030293812160380185,0.08951024636391379,,,,0.008545021492561014,0.10869140647506963,0.11635608008752267,0.056574486661702394,0.02897115781282385,0.010804916105828698,0.9941213428974152,0.9176251888275146,0.2911059856414795,0.1123572587966919,0.38596683740615845,-0.45273882150650024,0.8749054670333862,0.6038711071014404,0.5283203125,0.0,0.8274389505386353,1.0,0.8771701455116272,0.8942757248878479,1.889981985092163
389,24,24,0.0,-0.0054347550418848796,0.015441487194038928,,,,,,,,,9.607417732477188,0.0,0.8582261660834232,,0.0,-0.2772049767275651,0.299807367225488,-0.0021441402301813164,0.6137044231096903,0.9537760441501936,0.009364676584179202,0.02338545334835847,0.039420160154501595,0.0044899363341422424,0.004673348558040162,0.0,150.0,73.66666666666667,0.851881854236126,0.46260663494467735,0.004658628206622477,0.8285539175073305,-0.0024406428977575465,-3.896389656195728e-05,0.0013777590259754409,0.2590657416731119,0.3315455336123705,0.21259904621789852,0.0035969093011469036,0.015168205446874103,0.02598138727868597,0.08788965396482862,,,,0.01006067196916168,0.14212239642317095,0.1163210120672981,0.05640169667700926,0.033296669057259955,0.010442550504304845,0.9957073628902435,0.9059762358665466,0.3077155351638794,0.11858754605054855,0.38538041710853577,-0.42127084732055664,0.8393033146858215,0.6495603322982788,0.529296875,0.0,0.8509736061096191,1.0,0.88671875,0.8872213363647461,1.8958663940429688
391,24,24,0.0,-0.004974272800609469,0.009260315874901911,,,,,,,,,8.416138430436453,0.0,0.856257112179398,,0.0,-0.20815260894596577,0.2358534038066864,-0.0015409947130441044,0.595865880449613,0.9718424504001936,0.008284375886432827,0.015636998539169628,0.030832129220167797,0.004673348558040163,0.004820464165735767,0.0,150.0,89.33333333333333,0.6504030227661133,0.37542109936475754,0.01987720394754433,0.8888054018219312,-0.0002024055615947873,0.0014012913816259243,0.0028566267768231532,0.06940877732510368,0.337229057525595,0.19072182041903338,0.0022016691727912985,0.011954536428675056,0.02058709106252839,0.08191001700830551,,,,0.004878018289067161,0.05983072922875484,0.11629005304227273,0.05624912213534117,0.028655904112383723,0.010092337595859006,0.9957537353038788,0.8781268000602722,0.3529696762561798,0.1125209778547287,0.318783700466156,-0.3501681685447693,0.8950284123420715,0.6871069669723511,0.5078125,0.0,0.7624668478965759,1.0,0.9266493320465088,0.9378939270973206,1.9838656187057495
393,24,24,0.0,-0.0002632884619136651,0.011991900663512448,,,,,,,,,9.16743004322052,0.0,0.8542780055947108,,0.05905546092738708,-0.2721287664026022,0.3187366724014282,0.1222692442437013,0.5551106755932173,0.9536132837335268,0.004851416383947556,0.015304488440354666,0.03453474988540014,0.004820464165735768,0.004793950719753872,0.0,150.0,85.0,0.8220373541116714,0.5375114530324936,0.07147400577863057,0.8416638349493345,-0.0037560924489904815,-0.0001712555266143075,0.0017444916957174428,0.2774997508774201,0.450085053841273,0.29073789964119595,0.002771971055153699,0.01372091363494595,0.023314403758073848,0.0785872992316342,,,,0.007233235441769163,0.08964843753104408,0.11627836277087529,0.05619147000834346,0.029351406109829743,0.010000000000000004,0.9949125647544861,0.9289805293083191,0.2713479697704315,0.10501677542924881,0.3870188295841217,-0.5085004568099976,0.8406027555465698,0.6268830895423889,0.4755859375,0.007249986752867699,0.8653764724731445,1.0,0.8806423544883728,0.8827447295188904,1.8563998937606812
395,24,24,0.0,-0.004233958335438122,0.005893256951821968,,,,,,,,,7.688228716452916,0.0,0.8522889427882236,,0.004085346357896924,-0.20484221167862415,0.22288450660804907,0.00046019579652541626,0.6418294236063957,0.9640950560569763,0.009415705901725838,0.02171149415274461,0.0357489250600338,0.004793950719753872,0.0049365392594852,0.0,150.0,75.66666666666667,0.6418144802252451,0.3946591466665268,0.03280276577182425,0.787919191022714,-0.0006439142387838123,0.001203683611189869,0.003229227402092268,0.12742626061663032,0.3829991891980171,0.29566418503721553,0.001969004439767256,0.016777698105822008,0.033117804831514754,0.07651511024999984,,,,0.005830452457303181,0.06679687524835269,0.116249012760818,0.05604672230159243,0.0332824574628224,0.010000000000000004,0.9929700195789337,0.9209314584732056,0.2811913788318634,0.07356532663106918,0.2616201341152191,-0.37825238704681396,0.7929494380950928,0.4706152379512787,0.5888671875,0.009363347664475441,0.8101356625556946,1.0,0.8697916865348816,0.9165811538696289,1.879685401916504
397,24,24,0.0,-0.0038844571293642125,0.007976019910226265,,,,,,,,,9.4251695672671,0.0,0.8502900207040512,,0.008700261358171701,-0.2313270978629589,0.256945018346111,0.0021898852040370307,0.5939778635899226,0.9558593754967054,0.007155650586355478,0.019196543842554092,0.03538075710336367,0.0049365392594852,0.004988949940650854,0.0,150.0,80.16666666666667,0.7575232187906901,0.4715537677208583,0.05028743713046424,0.7542182753483454,-0.002747238909554047,0.0009536712783907811,0.002786247447753946,0.1667616864045461,0.4202607236802578,0.26858911911646527,0.0025768608563036346,0.01329279609490186,0.02680461632553488,0.07544754272521874,,,,0.007319302327232435,0.0915690105757676,0.11619530183573563,0.05578181240707636,0.03197208830776314,0.010000000000000004,0.9941231906414032,0.9300500154495239,0.270102322101593,0.0867650955915451,0.3212304711341858,-0.4488447308540344,0.767224907875061,0.5654436945915222,0.515625,0.007249986752867699,0.8765689730644226,1.0,0.8654513955116272,0.869184672832489,1.8243396282196045
399,24,24,0.0,-0.008569941661941508,0.007191776860660563,,,,,,,,,7.39384913444519,0.0,0.8482813367668384,,0.08328726957552135,-0.257180105894804,0.3293393862744172,0.21767753611008325,0.5628255208333334,0.9510416686534882,0.0033906476601259783,0.011179273327191671,0.02982910970846812,0.004988949940650854,0.00494338166132551,0.0,150.0,93.5,0.8387499526143074,0.5817392567793528,0.1295765652321279,0.8951418474316597,-0.003162036587430824,0.0006408466860345167,0.001949713322877263,0.17540419877817234,0.4749903256694476,0.27907558158040047,0.002563441716726326,0.018270857360524435,0.03862645640037954,0.07720311915228444,,,,0.00988690364950647,0.1300130213300387,0.11617254776259263,0.05566955187047521,0.03136443090625107,0.010000000000000004,0.9934852421283722,0.9551060199737549,0.21692807972431183,0.08421725779771805,0.38822662830352783,-0.5631589293479919,0.8987613320350647,0.6118408441543579,0.4970703125,0.08400978893041611,0.89653080701828,1.0,0.874131977558136,0.895069420337677,1.7786097526550293
401,24,24,0.0,-0.008367385094364485,0.00781469366241557,,,,,,,,,8.179302295049032,0.0,0.8462629888770041,,0.04362910718191415,-0.24452261067926884,0.2961293471356233,0.07921328279189765,0.5470377579331398,0.942838542163372,0.005265400104690343,0.012134188165267309,0.031674180179834366,0.004943381661325508,0.004827777717588083,0.0,150.0,91.33333333333333,0.7283697302142779,0.5166816711425781,0.07527214636562955,0.8860724940896034,-0.001650396334658429,0.0012456802238981861,0.0026655346009647474,0.1017593868697683,0.439492404460907,0.29708216711878777,0.0017556927365755353,0.016255580238066614,0.03241861565038562,0.07718329004377875,,,,0.01158218758549386,0.15289713628590107,0.11614227046569188,0.05552008313437303,0.03524319129064679,0.010000000000000004,0.9923329949378967,0.9543386697769165,0.21503430604934692,0.07780289649963379,0.3618161976337433,-0.5017596483230591,0.8907697200775146,0.646198034286499,0.4638671875,0.06649583578109741,0.8587908148765564,1.0,0.8580729365348816,0.8874269127845764,1.8061612844467163
403,24,24,0.0,-0.0013583308706680934,0.007689492291926096,,,,,,,,,7.2350565393765764,0.0,0.844235075405977,,0.0,-0.22059927011529604,0.23518867418169975,-0.001684586561168544,0.6370768224199613,0.9708984394868215,0.011098538273169348,0.02537423310180505,0.040213972330093384,0.004827777717588081,0.004978925586222316,0.0,150.0,69.5,0.8212089811762174,0.3541140556335449,0.002479365504162464,0.7603968381881714,-0.0010568959345012747,0.0003830236641988449,0.0016463077772641554,0.18573061656206846,0.3355874934544166,0.21683340022961298,0.002415865808870876,0.012806109288552156,0.024145003835049767,0.0750570857830364,,,,0.0076652903808280826,0.10055338606859247,0.11610634283473094,0.055342659975091614,0.033025957721595965,0.010000000000000004,0.9944117069244385,0.897118330001831,0.3219985365867615,0.10193036496639252,0.316555380821228,-0.3238784670829773,0.8236526250839233,0.5741215944290161,0.5859375,0.0,0.7801368832588196,1.0,0.8832465410232544,0.9221897721290588,1.9575655460357666
405,24,24,0.0,5.746460131679972e-05,0.017782826403466363,,,,,,,,,14.769530991713205,0.0,0.8421976951914005,,0.11923096748068929,-0.24365765725572905,0.32020168999830884,0.12344105169177055,0.5064453110098839,0.9350585962335268,0.003173874089649568,0.011633095641930899,0.031194332987070084,0.004978925586222316,0.004885869602511879,0.0,150.0,90.66666666666667,0.7597210879127184,0.5672929088274637,0.038071511002878346,0.8324020455280939,-0.001903352458612062,0.0007405393744193134,0.002335735240194481,0.1733769200121363,0.42812564844886464,0.2912648922453324,0.002270822171946444,0.01735079284602155,0.031403243308886886,0.07053622952336554,,,,0.012487002076037848,0.1418619795391957,0.11605690109233062,0.05509854185705384,0.03287103857534627,0.010000000000000004,0.9938292503356934,0.9453152418136597,0.23562143743038177,0.10374630242586136,0.4403092563152313,-0.5554376840591431,0.8646705746650696,0.7585390210151672,0.408203125,0.007249986752867699,0.8735241293907166,1.0,0.8719618320465088,0.8651399612426758,1.8503661155700684
407,24,24,0.0,-0.002733615653899809,0.019490039558149874,,,,,,,,,14.009511590003967,0.0,0.8401509475323103,,0.18957847946633896,-0.1933290579666694,0.28475891426205635,0.27944503848751384,0.5103190094232559,0.9546549518903097,-0.0004166123717368464,0.010382037609815598,0.029359595229228336,0.004885869602511877,0.004641576122386285,0.09481894907852013,150.0,94.5,0.7422522753477097,0.5638516855736574,0.02029814551739643,0.7356836299101511,-0.002636975489925438,0.000542309538407911,0.002583869398222305,0.18797942685584226,0.4560754882792632,0.3113133820394675,0.0012460832804208621,0.020935765739219885,0.03308332342809687,0.06984070166505854,,,,0.009902447238952542,0.12347005245586236,0.11602931128193934,0.05496226530522108,0.053081795728454985,0.010000000000000004,0.9953750669956207,0.886084258556366,0.33755531907081604,0.12964695692062378,0.38407617807388306,-0.5499436855316162,0.7420510053634644,0.6639246940612793,0.435546875,0.0,0.901288628578186,1.0,0.875,0.8455474376678467,1.850325345993042
410,28,28,0.0,0.006730985727959445,0.02790720927129899,,,,,,,,,12.950971382004875,0.0,0.837810079029715,,0.09908761935574668,-0.18217185512185097,0.2613277706716742,0.5903576559254101,0.5080752628190177,0.9597902766295842,-0.0011896353948291757,0.012999249888317925,0.0313968871320997,0.004641576122386286,0.004592693987178087,0.061992220381008725,150.0,76.0,0.7125906369515828,0.5745671199900764,0.03492335690784135,0.8915143332311085,-0.001624911244756991,0.001679993585379894,0.0029872523030332688,0.1065747354711805,0.5379524592842374,0.3807742851121085,-0.0018551454434470674,0.020298146875575185,0.03364525768639786,0.06904213257598976,,,,0.010545794118245664,0.12364960781165532,0.1160301800285067,0.054966654229377,0.04966909970555987,0.010000000000000004,0.9948029220104218,0.9197142124176025,0.31266066431999207,0.171598881483078,0.5488342642784119,-0.604353129863739,0.8993595242500305,0.7633335590362549,0.435546875,0.0,0.8117139935493469,1.0,0.86328125,0.8942705988883972,1.8983495235443115
412,24,24,0.0,-0.005232022473743807,0.013402018075188002,,,,,,,,,8.438199559847513,0.0,0.8357436372110559,,0.015717200508030753,-0.28732436522841454,0.32494208092490834,0.08204289635856792,0.5382812495032946,0.9461588536699613,0.0071858177543617785,0.019316738471388817,0.03762434174617132,0.004592693987178085,0.0047374022953526225,0.0,150.0,78.83333333333333,0.8267350122332573,0.5128417126834393,0.008370124482704947,0.8799115046858788,-0.0022955418292743466,0.0003135508538131641,0.0017946643007841583,0.21079315803945065,0.3587169609963894,0.2298822688559691,0.003625277788766349,0.013027784996666014,0.024229949767080445,0.06611603483796949,,,,0.008670291189143123,0.1057291670391957,0.11602830048650503,0.054957437639435135,0.0406799951257805,0.010000000000000004,0.9937045276165009,0.8951197862625122,0.32401829957962036,0.12992079555988312,0.40096744894981384,-0.4585763216018677,0.8933659195899963,0.7008700966835022,0.4697265625,0.0,0.8306779861450195,1.0,0.8871527910232544,0.8969404101371765,1.8956881761550903
414,24,24,0.0,-0.005029304457517962,0.009081951536548635,,,,,,,,,10.945090462764105,0.0,0.833668142509564,,0.0,-0.19747842537860075,0.21146295157571635,-0.0019937873051579422,0.6643880183498064,0.9639322931567827,0.010528851901957145,0.02349858234326045,0.03954483444492022,0.00473740229535262,0.004895561652717457,0.0,150.0,71.16666666666667,0.7136643802126249,0.33001884321371716,0.016598574965125106,0.7982719366749128,-0.001653654477801562,0.00039480918803747045,0.0021801856152402856,0.16680606019993624,0.32585056498646736,0.19026527491708597,0.002566861420442971,0.00934725982369855,0.01831331882082547,0.06578385676814502,,,,0.010704678677332899,0.13131510435293117,0.11598772555589676,0.05475696145246426,0.0404533379090329,0.010000000000000004,0.9949474930763245,0.894948422908783,0.3241772949695587,0.08013399690389633,0.2471918910741806,-0.3032139241695404,0.8258365988731384,0.5346433520317078,0.6142578125,0.0,0.7763237357139587,1.0,0.8806423544883728,0.9286649823188782,1.9516628980636597
416,24,24,0.0,-0.003333656156125168,0.009844172629527748,,,,,,,,,7.299073755741119,0.0,0.8315836960819243,,0.009691837592981756,-0.2736341500033935,0.30393868188063305,0.006177397832895319,0.5763671845197678,0.9219075540701548,0.008218845954009643,0.018861715992291767,0.036568913608789444,0.004895561652717457,0.0050038364457337565,0.0,150.0,79.5,0.8036842743555704,0.5076947944859663,0.04131421691272408,0.8283112620313963,-0.0015252701147498253,0.0009236641635652632,0.002146042781532742,0.12450026860460639,0.39947466055552167,0.26098831246296567,0.0025019237679468156,0.013607246529621383,0.025467589924422402,0.06420005162553274,,,,0.009172574587864801,0.11969401097546022,0.11598440073430538,0.05474049411714077,0.03434636381765207,0.010000000000000004,0.9947720468044281,0.9208080768585205,0.28826621174812317,0.10456322878599167,0.3627314865589142,-0.4893465042114258,0.8340169787406921,0.5929031372070312,0.5185546875,0.0,0.8671820759773254,1.0,0.8763020634651184,0.8801138997077942,1.8825818300247192
418,24,24,0.0,-0.012874324689619243,0.008222190275167426,,,,,,,,,11.15294928352038,0.0,0.8294903995211129,,0.012314286005372802,-0.2023052523533503,0.22751195977131525,0.006630753642336155,0.5581705719232559,0.9480468754967054,0.0074120353868541615,0.018256785348057747,0.03532655412952105,0.005003836445733754,0.005096620327460309,0.0,150.0,80.0,0.7493585447470347,0.4542255997657776,0.04809638383449055,0.6905417715509733,-0.0019976011347656217,0.000986203043188046,0.0027181166515219957,0.1478107594884932,0.4362877123057842,0.3145317602902651,0.0018021425528710704,0.016892680490855128,0.03316515016679963,0.06442182987149865,,,,0.009651783349302908,0.11542968762417634,0.11600267483542363,0.054830869349340595,0.03316015276747445,0.010000000000000004,0.9953997433185577,0.9154948592185974,0.2921813726425171,0.08836206793785095,0.3024219870567322,-0.4383540451526642,0.7666159868240356,0.6267962455749512,0.4921875,0.0,0.8560897707939148,1.0,0.8828125,0.8965620398521423,1.8777098655700684
421,28,28,0.0,-0.025444615150003562,0.015618902015765863,,,,,,,,,10.569337751184191,0.0,0.8272259620266713,,0.005156073519693953,-0.24115713792187826,0.2802427496228899,-0.0002547546007138278,0.517029385481562,0.9240699474300657,0.007700161559374205,0.015123102813959122,0.031925744244030545,0.005096620327460308,0.005169925972059454,0.0,150.0,75.14285714285714,0.7518721052578518,0.5548552562083516,0.05651876676295485,0.9149326447929654,-0.0012918988798803963,0.0010452601563883945,0.0025233676174788605,0.10393589947904859,0.43148218946797506,0.2610113477068288,0.0013494852999948698,0.022252243062082146,0.04151647933758795,0.06476087886233173,,,,0.010831002511882357,0.1369326649499791,0.11596944156501975,0.054666628661964624,0.03743762110493013,0.010000000000000004,0.9952083826065063,0.9069790840148926,0.31296882033348083,0.15757334232330322,0.5034793615341187,-0.540795087814331,0.9220659136772156,0.7540901899337769,0.3974609375,0.0012138038873672485,0.8298272490501404,1.0,0.8550347089767456,0.8824111819267273,1.851319670677185
423,24,24,0.0,-0.0057995949949448304,0.008867343926491836,,,,,,,,,5.635387152433395,0.0,0.8251146095278409,,0.006098034364792208,-0.2575301906714837,0.28217925255497295,0.001509034787886776,0.6154622435569763,0.9533203120032946,0.008388602252428731,0.02040978396932284,0.036643280337254204,0.0051699259720594535,0.005343306765706044,0.0,150.0,77.5,0.8506588165958723,0.4757961556315422,0.025111572545332212,0.8302502706646919,-0.00165969746982834,0.0007326155546252267,0.002091401280874076,0.15618328160295883,0.43304529786109924,0.2690111491829157,0.00238006008718609,0.01317886501783505,0.025035769989093144,0.06474937608766326,,,,0.0066907748696394265,0.07688802100407581,0.11592039621124665,0.05442420377706488,0.036507642517487206,0.010000000000000004,0.994796633720398,0.9100490212440491,0.3127767741680145,0.10078328102827072,0.32222113013267517,-0.45181480050086975,0.8277093172073364,0.5731035470962524,0.5302734375,0.0,0.8543322682380676,1.0,0.8754340410232544,0.8981239795684814,1.847358226776123
425,24,24,0.0,0.0014616064727306366,0.006850121775642037,,,,,,,,,7.8130836089452105,0.0,0.8229947221899926,,0.03281392991387596,-0.2514675837010145,0.28780176242192584,0.054939689221403874,0.6024739543596903,0.9638020868102709,0.006396871098938088,0.016981739550828934,0.03546709939837456,0.005343306765706045,0.0054009927048794485,0.0,150.0,82.0,0.86799189945062,0.4738527871668339,0.07488779514096677,0.8776717757185301,-0.0032586539152058927,0.0009908167739922646,0.0022499790550985685,0.14259662898257375,0.4834432539840539,0.2787177252272765,0.0026672634715699437,0.01380763784982264,0.029872255438628297,0.06605987626276576,,,,0.013058225294419875,0.1624023438198492,0.11589017882943153,0.05427478284885486,0.035589933317775525,0.010000000000000004,0.9954781234264374,0.9379066824913025,0.2539975941181183,0.08541504293680191,0.336282879114151,-0.4514789283275604,0.8921936750411987,0.5669663548469543,0.5390625,0.0652499794960022,0.8257194757461548,1.0,0.8602430820465088,0.9115210175514221,1.8488478660583496
427,24,24,0.0,-0.006505508596698443,0.00459782499819994,,,,,,,,,5.798489063978195,0.0,0.8208664033334433,,0.07293654000386596,-0.2236143760383129,0.2680877794822057,0.07574680191464722,0.5658528655767441,0.9706380218267441,0.005074778067258497,0.0132931520541509,0.030832427243391674,0.00540099270487945,0.005437126931203572,0.0,150.0,89.33333333333333,0.7590553387999535,0.4919733243683974,0.04032368934713304,0.8194082180658976,-0.0017827352924844793,0.0019677795741396644,0.003336572030093521,0.08016934478655457,0.4979725567003091,0.295232438792785,0.0008040368411457166,0.01780505117494613,0.03634411538951099,0.0670346217268748,,,,0.008375868938552836,0.08772786473855376,0.11583020693312089,0.05397809700419506,0.03675978723913431,0.010000000000000004,0.994692862033844,0.9425724148750305,0.24128706753253937,0.0753021240234375,0.31208521127700806,-0.47230732440948486,0.8430007100105286,0.580303966999054,0.470703125,0.0,0.851554811000824,1.0,0.8667534589767456,0.9041838645935059,1.8562554121017456
429,24,24,0.0,-0.010577007623699805,0.016667739061328273,,,,,,,,,7.325464775164922,0.0,0.8187297566894515,,0.17731695932646593,-0.2218186960866054,0.32949718584616977,0.5038111085693041,0.5694986979166666,0.9743815114100774,-0.0018551925485705094,0.012824947014451027,0.033081756283839546,0.005437126931203572,0.005165270584643393,0.11406527257834871,150.0,87.83333333333333,0.9240002805987994,0.5491279611984888,0.06763264862820506,0.9122981751958529,-0.0031667415920916633,-0.0005079286834946591,0.0008949472315483339,0.3395526471237342,0.5028365117808183,0.37953419983386993,0.0020376274890926047,0.022889405488967896,0.046935970118890204,0.06814227003322995,,,,0.008983387767026821,0.12024739601959784,0.1157604344189167,0.05363280652090907,0.03718869496757785,0.010000000000000004,0.9941464364528656,0.8458840250968933,0.3927600681781769,0.15027369558811188,0.38260939717292786,-0.5189142823219299,0.9336468577384949,0.6256236433982849,0.50390625,0.0652499794960022,0.859344482421875,1.0,0.8806423544883728,0.9229736924171448,1.818859577178955
431,24,24,0.0,-0.003796167361239592,0.0038309188191002854,,,,,,,,,7.443117608626683,0.0,0.816584886395162,,0.02612563568012168,-0.21734566986560822,0.2492323685437441,0.016395663706740986,0.5524414032697678,0.9403971383968989,0.007202158914878964,0.01816699964304765,0.03529173135757446,0.0051652705846433914,0.005296521388264143,0.0,150.0,80.0,0.8767616301774979,0.5390074402093887,0.10349210316780955,0.7284386282165846,-0.002847064873397661,0.0003271899998556667,0.001631896118245398,0.20753716553250948,0.5114101494352022,0.3428596096734206,0.0017730560915272993,0.02154126363651206,0.04077611157360176,0.06837871931809289,,,,0.007415625354042277,0.09231770876795053,0.11576936269799869,0.053677019818375506,0.03823184051240484,0.010000000000000004,0.9948168694972992,0.9173905253410339,0.303356796503067,0.08705422282218933,0.28696975111961365,-0.5402303338050842,0.8226586580276489,0.5868248343467712,0.517578125,0.007249986752867699,0.9674347043037415,1.0,0.8893229365348816,0.9107667803764343,1.7808153629302979
433,24,24,0.0,-0.010250013476858536,0.007876525526323045,,,,,,,,,13.445315738519033,0.0,0.8144318969885248,,0.035284323462595545,-0.1902192278454701,0.22366687655448914,0.0628765660027663,0.4976562485098839,0.930143229663372,0.006450844346545637,0.018242215737700462,0.028717845678329468,0.005296521388264142,0.005397394453541228,0.0,150.0,88.5,0.8275391062100729,0.5420002018411955,0.15044407026531795,0.7794923757513365,-0.004067551846674178,-5.270501393776309e-05,0.0020916491193929687,0.2634088384608428,0.48001208653052646,0.3623492680490017,0.001381089676215197,0.022389961561808985,0.04919946938753128,0.06980245465896537,,,,0.011398426999221556,0.1064127606805414,0.11576427922894557,0.05365182971581817,0.03291213846144577,0.010000000000000004,0.9953192174434662,0.9248898029327393,0.27594855427742004,0.07811838388442993,0.28309038281440735,-0.5283054113388062,0.8008502125740051,0.5519856214523315,0.3818359375,0.007249986752867699,0.9282824397087097,1.0,0.8845486044883728,0.8963654637336731,1.8110531568527222
435,24,24,0.0,-0.006841761254084607,0.00639547025396799,,,,,,,,,7.590478360652924,0.0,0.8122708934032078,,0.07711625572604437,-0.2031345342596372,0.2582003368685643,0.12227521503033738,0.4989583318432172,0.9637044270833334,0.00477934189257212,0.010054240003228188,0.02822970598936081,0.005397394453541229,0.0054647191196093075,0.0,150.0,95.0,0.8210102294882139,0.5225804820656776,0.09675192196543018,0.8810980419317881,-0.0051078928033045186,-0.00013483264516859586,0.002304329590212243,0.2669978905469179,0.4848366255561511,0.3497040706376235,0.001488306699381307,0.020637631532736123,0.037230337116246424,0.06980068148045998,,,,0.008431330745224841,0.11461588561845322,0.11575775841871898,0.05361951049417257,0.03371696313843131,0.010000000000000004,0.9967891275882721,0.9334973096847534,0.2578820586204529,0.08257489651441574,0.32020410895347595,-0.5203049182891846,0.9070379137992859,0.7200887799263,0.3935546875,0.0,0.8837138414382935,1.0,0.8927951455116272,0.9173638820648193,1.8165689706802368
437,24,24,0.0,0.002080378879327327,0.007923997104323158,,,,,,,,,12.176271180311838,0.0,0.8101019809634767,,0.0,-0.2322308775037527,0.24635016545653343,-0.0014041823305888101,0.6379882792631785,0.9476562514901161,0.011924067900205651,0.02397569144765536,0.03651526446143786,0.005464719119609305,0.005576138715611602,0.0,150.0,74.0,0.8772008493542671,0.49628544102112454,0.15976705340047678,0.824514739215374,-0.003277431918832008,-0.0003630487478100501,0.0011921692118145681,0.29735793483753997,0.4378754384815693,0.2846283142765363,0.003157579858907411,0.01398149305411304,0.027319873877180118,0.07063800292710189,,,,0.015244177853067717,0.18369140631208816,0.11577347697069247,0.053697299056996904,0.03653283882886171,0.010000000000000004,0.9964326024055481,0.9129791259765625,0.31518736481666565,0.08433428406715393,0.2675687372684479,-0.47738534212112427,0.8154122829437256,0.49180296063423157,0.4931640625,0.03853507339954376,0.9053077697753906,1.0,0.8828125,0.8964402675628662,1.758340835571289
439,24,24,0.0,-0.01003833559419339,0.010552802724608531,,,,,,,,,15.293784141540527,0.0,0.8079252653790631,,0.04205423011444509,-0.2507033546765645,0.28593046218156815,0.059742435036847986,0.5831380188465118,0.9544596349199613,0.006214469690651943,0.016897525638341904,0.03593698019782702,0.0055761387156116025,0.0055977406224507545,0.0,150.0,81.5,0.9053578078746796,0.5644423055152098,0.16302096812675396,0.8062628110249838,-0.005023234600230353,0.00019723554729959383,0.0019194827376243968,0.20435017378379902,0.5211024532715479,0.33438706025481224,0.0019056011950245495,0.01778092689346522,0.0362351262398685,0.07159338938396884,,,,0.011243838748972243,0.13336588628590107,0.11579379594574372,0.053797821048647165,0.04138099433233341,0.010000000000000004,0.9948283135890961,0.9184664487838745,0.3224308490753174,0.08888503164052963,0.2756716012954712,-0.5442798137664795,0.7977163195610046,0.49320146441459656,0.5380859375,0.010138178244233131,0.9704596400260925,1.0,0.8645833134651184,0.894514799118042,1.7855628728866577
441,24,24,0.0,-0.005725289112888277,0.005921492915755759,,,,,,,,,8.38213743766149,0.0,0.8057408527400143,,0.0,-0.24485060572624207,0.2576081659644842,-0.0014921104690680902,0.5573567673563957,0.9513997435569763,0.011707311418528358,0.025371519848704338,0.04017298544446627,0.005597740622450751,0.005762515844457918,0.0,150.0,70.83333333333333,0.9753598620494207,0.5830482691526413,0.1789231381068627,0.6829067120949427,-0.00637118931626901,-0.0024064283182572885,0.0001642396895628432,0.4716966388126214,0.5291463546454906,0.37285275881489116,0.002141445630210607,0.020356515461268525,0.04187702007281283,0.0742068003391728,,,,0.008999397735654687,0.07408854241172473,0.115758266299963,0.05362192060177525,0.036886841990053654,0.010000000000000004,0.9963500797748566,0.859859824180603,0.3828020989894867,0.09668169170618057,0.25256311893463135,-0.56428062915802,0.7843539714813232,0.6068360805511475,0.484375,0.10158450901508331,1.0271986722946167,1.0,0.878038227558136,0.9069347977638245,1.8050684928894043
443,24,24,0.0,-0.0036380842211656272,0.007004392915405333,,,,,,,,,8.927683671315512,0.0,0.8035488495115205,,0.01972486567683518,-0.24478934767345586,0.27170331465701264,0.019131803414590347,0.6257486939430237,0.9527018244067827,0.008275676208237806,0.019915414974093437,0.03438252583146095,0.005762515844457917,0.005834791985332377,0.0,150.0,78.83333333333333,0.9657511735955874,0.4919562165935834,0.13725408523653945,0.8808614859978358,-0.004234422095275174,-0.0005823839119329932,0.0009252900981664425,0.33061135063568753,0.48898819585641223,0.2707017734646797,0.0031098870992233665,0.014665657964845499,0.029722524108365178,0.0757046648531938,,,,0.008603159883932676,0.09326171894402553,0.11570775726189216,0.05337174547215303,0.037918216083198786,0.010000000000000004,0.9968177974224091,0.924706220626831,0.3217581510543823,0.09388763457536697,0.29179567098617554,-0.4761599898338318,0.906342625617981,0.5783529877662659,0.552734375,0.0,0.9134849905967712,1.0,0.8862847089767456,0.9353920817375183,1.874717354774475
445,24,24,0.0,-0.002667256718268618,0.012941543788959583,,,,,,,,,8.633377641439438,0.0,0.8013493625287267,,0.03390949429012835,-0.29557683132588863,0.3338947619001071,0.09171010690624826,0.5265624995032946,0.9222656264901161,0.007116161345038563,0.016062406202157337,0.036165243635574974,0.005834791985332377,0.005994101722669419,0.002162736918156346,150.0,82.83333333333333,0.9176854317386945,0.6066779245932897,0.0712930210866034,0.87792340417703,-0.004059014987433329,-0.0004804824817104721,0.0011068661527436536,0.3196648856004079,0.4838520015279452,0.33813185679415864,0.0033363953528654142,0.02250399044714868,0.044439028560494385,0.07624882406563967,,,,0.00890319689157574,0.09518229216337204,0.11571055743843317,0.053385631181299686,0.035952448224027954,0.010000000000000004,0.9956176280975342,0.8995189070701599,0.3261050581932068,0.12846198678016663,0.3939282298088074,-0.5800745487213135,0.9005423784255981,0.6779046654701233,0.4404296875,0.0,0.9342765212059021,1.0,0.87890625,0.8966660499572754,1.7825438976287842
447,24,24,0.0,-0.007174248613106708,0.008194202984062334,,,,,,,,,8.513345966736475,0.0,0.7991424989915253,,0.03252018479785571,-0.25821480341255665,0.28446106364329654,0.048877605237066746,0.6189127589265505,0.9690104176600774,0.008290905117367705,0.021288833891352017,0.03689689810077349,0.0059941017226694225,0.006149473062013483,0.0,150.0,77.33333333333333,0.9246810351808866,0.4738944172859192,0.0873888311131547,0.8766400019327799,-0.0031886906993653006,-7.457480596902617e-05,0.0016384076977071043,0.26035528381665546,0.4695840577284495,0.27344041752318543,0.002888142525383349,0.012956475955434144,0.025172487483359873,0.0778759243000215,,,,0.00786875070965228,0.09879557307188709,0.11569919964919488,0.0533294384367764,0.036500281343857445,0.010000000000000004,0.995677262544632,0.9189844131469727,0.29341599345207214,0.09082164615392685,0.3095320165157318,-0.4386306703090668,0.8990710973739624,0.5021939873695374,0.5625,0.007249986752867699,0.865643322467804,1.0,0.8637152910232544,0.9037992358207703,1.8042418956756592
449,24,24,0.0,-0.00741626659873873,0.008252715265067915,,,,,,,,,12.957487533489862,0.0,0.796928366459332,,0.0,-0.20813516030708948,0.22739848556617895,-0.0013964309085470934,0.5576822931567827,0.9475585942467054,0.009069266496226192,0.019955967863400776,0.038470394909381866,0.006149473062013483,0.00625756403578304,0.0,150.0,75.66666666666667,0.8551885286966959,0.48688387746612233,0.10134246642701328,0.6161574721336365,-0.003985914144626197,-0.00028910267011876084,0.0017507295512283842,0.27442908752709627,0.4656231974562009,0.3080969738463561,0.002644657784306522,0.01298233432074388,0.02605480153579265,0.07991823393725923,,,,0.009965508106688503,0.11803385506694515,0.11567171632001798,0.053193176010002695,0.04975180778031548,0.010000000000000004,0.9953722655773163,0.9038016200065613,0.3221750557422638,0.08742150664329529,0.27134785056114197,-0.47116267681121826,0.6382616758346558,0.5141728520393372,0.5087890625,0.06901214271783829,0.9140523076057434,1.0,0.8767361044883728,0.8743545413017273,1.8258622884750366
452,28,28,0.0,-0.022432954549523338,0.017376105533912778,,,,,,,,,12.828424138682228,0.0,0.7945479170856087,,0.0,-0.19624038998569762,0.20408822276762553,-0.005053241038694978,0.6078005411795208,0.9503348214285714,0.016342557600832412,0.026311739214829037,0.03802289494446346,0.006257564035783037,0.006405972020533203,0.0,150.0,60.142857142857146,0.8842291959694454,0.5118014482515199,0.09112610275769839,0.8473896043641227,-0.0025231096910179724,0.0003209432030156937,0.0019955117064195554,0.22983063012361526,0.43916316756180357,0.2925339631204094,0.0029888880062571843,0.024480508557254716,0.041415016898619275,0.0767217762461208,,,,0.010459790455310472,0.1184032213475023,0.11562898994556495,0.0529812913654106,0.04236555738108499,0.010000000000000004,0.9951187372207642,0.9200327396392822,0.28451648354530334,0.13701759278774261,0.4815804958343506,-0.5342152118682861,0.8416714668273926,0.4402683973312378,0.55078125,0.007249986752867699,0.8949649930000305,1.0,0.8567708134651184,0.8603745102882385,1.7871348857879639
454,24,24,0.0,0.008234175038523972,0.0040843951477048295,,,,,,,,,9.89756672581037,0.0,0.792319070339072,,0.1489924636359016,-0.23670250612000623,0.30053213611245155,0.17979141076405844,0.5337239553531011,0.9510091170668602,0.003961046032297115,0.010091591005524,0.030977660169204075,0.0064059720205331995,0.006370752452823466,0.0,150.0,92.83333333333333,0.8260296235481898,0.5190244677166144,0.028305707091931254,0.8328840906421343,-0.00163108327461714,0.0012154327190122178,0.0027956094030135623,0.11180699228619535,0.5103546790778637,0.2654814173777898,0.002008413361181738,0.01643766261016329,0.033122822836351894,0.07574688868239021,,,,0.015364947816124186,0.19235025998204947,0.11562339309602976,0.05295343262453874,0.04178134724497795,0.010000000000000004,0.9960024654865265,0.9693505764007568,0.1762130707502365,0.06809075176715851,0.3864114582538605,-0.5046518445014954,0.8617678284645081,0.6704767346382141,0.4912109375,0.010769965127110481,0.8773419260978699,1.0,0.87890625,0.8953971266746521,1.8474215269088745
456,24,24,0.0,-0.0009994350742393483,0.014147419210833808,,,,,,,,,11.340495268503824,0.0,0.7900832871618291,,0.10579957409451406,-0.31171904876828194,0.38513390844066936,0.19429044301311174,0.44801432142655057,0.9264322941501936,0.004036205044637124,0.011992561320463816,0.028077207505702972,0.006370752452823463,0.006279629885795048,0.0,150.0,98.66666666666667,0.856750063598156,0.6709281255801519,0.030909777036868036,0.9236435095469157,-0.002085806057342173,0.0008265906550756578,0.001925129448257697,0.14083695070197186,0.5000776623686155,0.3124034187446038,0.0027259613316346076,0.01995513786096126,0.036610809698080025,0.07429391223665967,,,,0.009965943754650652,0.12060546937088172,0.11563308878491323,0.053001533883313336,0.046432753869642816,0.010000000000000004,0.9952889084815979,0.9382116198539734,0.24874834716320038,0.1259097158908844,0.5061730742454529,-0.6298105716705322,0.9303056001663208,0.7271360754966736,0.3583984375,0.0008448474109172821,0.8946062326431274,1.0,0.8884548544883728,0.8828657865524292,1.8256151676177979
459,28,28,0.0,-0.013257506536319852,0.02048490648823125,,,,,,,,,15.410740307399205,0.0,0.7876753286589703,,0.09378419710057122,-0.22047367691993713,0.28584703004785944,0.1882476842230452,0.46068638137408663,0.932868303997176,0.004351966124626675,0.01077282801270485,0.02645667323044368,0.006279629885795049,0.0063461015639179,0.0,150.0,87.85714285714286,0.813683786562511,0.6249997605170522,0.138735104269082,0.9352033351148877,-0.0018494935242675378,0.001049013491345769,0.002360397516375607,0.1377892088743725,0.5169782287308148,0.38196269954953876,-6.227873057339041e-05,0.027339948441034982,0.0518145414202341,0.07523555561039624,,,,0.014145433902740479,0.14693080367786543,0.1155998520553112,0.05283689046544688,0.045510412459926944,0.010000000000000004,0.9952714443206787,0.922904372215271,0.28083619475364685,0.1474933922290802,0.5251936912536621,-0.6251766681671143,0.9454949498176575,0.7262378334999084,0.42578125,0.0652499794960022,0.8886117339134216,1.0,0.8893229365348816,0.9043647050857544,1.802074909210205
461,24,24,0.0,-0.002837103675119579,0.009900922130327672,,,,,,,,,9.436026215553284,0.0,0.7854255096566157,,0.008900040993466973,-0.2692297628770272,0.290155790746212,0.005109625043890749,0.5803385426600774,0.9394531274835268,0.00949918304104358,0.022978911797205608,0.039224820832411446,0.006346101563917903,0.0063905812002113295,0.0,150.0,73.83333333333333,0.911373515923818,0.48573004702727,0.03412920388958204,0.8629160473744074,-0.003038141929816144,-0.00026550604540413286,0.0015825574519112706,0.2922383410235246,0.4473524106045564,0.2964080373446147,0.0030882247489027272,0.017233229863146942,0.03516058546180526,0.07421803571113891,,,,0.00961100798061428,0.1278645833954215,0.11558917444199324,0.05278382465864221,0.03678737976588309,0.010000000000000004,0.995594322681427,0.880188524723053,0.3569636344909668,0.13181018829345703,0.36925381422042847,-0.4719689190387726,0.9316398501396179,0.6863667368888855,0.5361328125,0.08544103056192398,0.9134761095046997,1.0,0.9001736044883728,0.9129459857940674,1.8454138040542603
463,24,24,0.0,-0.0074631538591347635,0.008654898595220098,,,,,,,,,6.281923184792201,0.0,0.7831690902059782,,0.035301890883905195,-0.2704116341968377,0.3007744289934635,0.06999357007831956,0.6152343700329462,0.9567057291666666,0.008074652849851796,0.0196523970613877,0.03742783392469088,0.006390581200211327,0.00638128804808118,0.0,150.0,78.33333333333333,0.9258799329400063,0.47674894457062084,0.07376107363961637,0.9079156294465065,-0.002894022734835744,-0.00011408939212742553,0.0013229682905754696,0.25453017714122933,0.4899331144988537,0.26049275510013103,0.003529986131373638,0.013963307292821506,0.030130192016561825,0.07401028120781523,,,,0.003723957140512842,0.03170572933352863,0.11553212938209374,0.05250084570919474,0.034846348532785974,0.010000000000000004,0.9967212677001953,0.9283068180084229,0.2890588045120239,0.09661845862865448,0.33425191044807434,-0.4351946711540222,0.913393497467041,0.5831729173660278,0.5810546875,0.09169746190309525,0.8595607876777649,1.0,0.8849826455116272,0.9143575429916382,1.8348710536956787
465,24,24,0.0,-0.0033304878743365407,0.007246937884095435,,,,,,,,,11.719182247916857,0.0,0.7809061802817574,,0.0,-0.21713372630377611,0.23370736775298914,-0.0014181437921555091,0.6512695277730624,0.9653645878036817,0.010573379035728673,0.02215751198430856,0.03955494984984398,0.00638128804808118,0.006516103051713369,0.0,150.0,72.66666666666667,0.9097856159011523,0.4331077126165231,0.08304919713797669,0.7671525105834007,-0.003622366741183214,-0.0002954792750339645,0.0012105208200712998,0.30726581749816734,0.4621043416361014,0.26777702073256177,0.003204519741605812,0.010962911939714104,0.024577399715781212,0.0738450246736346,,,,0.010215141500035921,0.13473307341337204,0.11542187010248502,0.05195384022469322,0.028963623257974785,0.010000000000000004,0.99681556224823,0.9245956540107727,0.33479803800582886,0.08351268619298935,0.2494419813156128,-0.40277987718582153,0.7924115657806396,0.4754315912723541,0.5830078125,0.06685487926006317,0.8884939551353455,1.0,0.8802083134651184,0.9007877111434937,1.8148629665374756
467,24,24,0.0,-0.004535243458425005,0.011418316940156123,,,,,,,,,11.29522822300593,0.0,0.7786368901749904,,0.12492238699148099,-0.26703288530309993,0.3384844772517681,0.30675465365250904,0.5145182286699613,0.9348958333333334,0.0025169826112687588,0.015197853247324625,0.03371443971991539,0.006516103051713369,0.006060460857306298,0.0,150.0,86.33333333333333,0.8840293337901434,0.5710994191467762,0.03234031373479714,0.890334889292717,-0.0019320255781470526,0.00023770743276448533,0.0014124837252893485,0.20518315490335226,0.5196527577936649,0.3097033780068159,0.002529916256510963,0.011758786820185682,0.023135483420143526,0.06884871564367832,,,,0.006682713195914403,0.08857421906820188,0.11540053226053715,0.051847630801300205,0.03359214014684161,0.010000000000000004,0.9965250492095947,0.9516897201538086,0.2214241772890091,0.10131081193685532,0.4575417637825012,-0.5422159433364868,0.9110538959503174,0.7459169626235962,0.43359375,0.007249986752867699,0.8692223429679871,1.0,0.874131977558136,0.8798771500587463,1.8479399681091309
469,24,24,0.0,-0.007794525978776316,0.008287854822507748,,,,,,,,,11.632599194844564,0.0,0.7763613304876764,,0.06504495923096935,-0.2417974794904391,0.2828763462603092,0.06714324839413166,0.5958984345197678,0.9654622450470924,0.005856594866296898,0.014137044548988342,0.030266585449377697,0.006060460857306298,0.006042916263077313,0.0,150.0,90.66666666666667,0.8197655156254768,0.495742604136467,0.10592996643390507,0.9411824171741804,-0.0011557321122381836,0.0013567721589424764,0.002644083768245764,0.09604322848220666,0.533889984091123,0.33354009067018825,0.0020733049326130035,0.015121162248154482,0.028442474780604243,0.06895969256759579,,,,0.005095957531011663,0.0630859377173086,0.11541467563559611,0.051917961643387876,0.03216703305952251,0.010000000000000004,0.99656942486763,0.950099527835846,0.24879132211208344,0.08333446830511093,0.3349573016166687,-0.4677731990814209,0.9172266125679016,0.5822750329971313,0.5380859375,0.12778715789318085,0.8671861886978149,1.0,0.866319477558136,0.8959388732910156,1.761153221130371
471,24,24,0.0,-0.0005213105663036307,0.014658634783700109,,,,,,,,,12.91859295964241,0.0,0.7740796121273837,,0.00571718520950526,-0.27148273835579556,0.29765028816958267,0.0052709036390297115,0.591699222723643,0.9498372450470924,0.00898556459772711,0.018665605535109837,0.034401219338178635,0.006042916263077316,0.006119746559364643,0.0,150.0,81.83333333333333,0.812317190070947,0.47476938366889954,0.047329970254698615,0.9069168816010157,-0.002142527657269966,0.0001334805053071856,0.0022561612616603575,0.2340355763832728,0.42695360258221626,0.2994458718846242,0.0032436211622552946,0.01352068797374765,0.025021534141463537,0.06757332470614952,,,,0.009620146510618119,0.11884765631596868,0.11540618849297364,0.051875983675320946,0.03333243199934562,0.010000000000000004,0.9965667724609375,0.9110214114189148,0.3097623586654663,0.11120633780956268,0.359005331993103,-0.43318265676498413,0.9027975797653198,0.5098870396614075,0.5224609375,0.019558308646082878,0.8348132967948914,1.0,0.8589409589767456,0.8999537825584412,1.8324706554412842
473,24,24,0.0,0.002593344783235807,0.013582408505802354,,,,,,,,,11.565432151158651,0.0,0.7717918463018454,,0.0,-0.2991938143968582,0.3208392982681592,-0.0015683338860981166,0.6203776001930237,0.9678059940536817,0.009996451922537139,0.02236282763381799,0.039203127225240074,0.006119746559364645,0.006271865913661814,0.0,150.0,75.0,0.9716392134626707,0.5433075651526451,0.10613821633160114,0.8731736565629641,-0.003964860540387842,-0.0005672441476084108,0.0009332063903760476,0.3420577986786763,0.4563672977189223,0.2684855634967486,0.004290819386369549,0.016829417164747913,0.03182327297205726,0.06692901559051294,,,,0.012657005107030272,0.16471354166666666,0.11538639819870393,0.051777811565746866,0.035742133390158415,0.010000000000000004,0.9962485134601593,0.9180327653884888,0.33391550183296204,0.11355975270271301,0.34008529782295227,-0.4978918433189392,0.8767586350440979,0.48515740036964417,0.57421875,0.007249986752867699,0.9381976127624512,1.0,0.8841145634651184,0.8971545100212097,1.7968095541000366
475,24,24,0.0,-0.002751037012785673,0.01034402564012756,,,,,,,,,13.430640369653702,0.0,0.7694981445135413,,0.0,-0.21340509752432504,0.22082804950575033,-0.0013419634342426434,0.661100260913372,0.9633138030767441,0.014520563224020103,0.02655988745391369,0.03925494849681854,0.006271865913661812,0.006419880242391669,0.0,150.0,68.83333333333333,0.82998309781154,0.4221067527929942,0.040397742992354324,0.7061775575081507,-0.0031250198153429665,-0.00023533266206262246,0.0012123986743972637,0.2928655327608188,0.36165562830865383,0.24856512807309628,0.0024753501747909468,0.011912523943465203,0.024029143775502842,0.06491032526315803,,,,0.008249462436651811,0.08704427117481828,0.11537559423595667,0.05172406975179911,0.04102111033474406,0.010000000000000004,0.995623916387558,0.87917560338974,0.3557405173778534,0.08548741787672043,0.24030835926532745,-0.39493510127067566,0.7242498397827148,0.43360230326652527,0.5625,0.0,0.8556408286094666,1.0,0.87109375,0.8857977986335754,1.8645387887954712
