Placing Sensors
[cost_lipschitz] encoder: L2 self-attention, tied qk, spectral c = 2.0. encoder Lipschitz bound = 1.080e+11
Placing Sensors
[Episode 1/400] Steps: 720 | Reward:   -6.75 | Battery:  34.22% | Loss: 
Placing Sensors
Policy -0.0015 | Value 0.0118 | KL 0.00359 | CF 0.0324 | Std 0.1054 | |a| 0.0027 | EV +0.031 | AE 0.901 | Alpha 0.9261 | MB 24/24
  cert | viol 0.506 | dV -0.158106 | V 0.2597 | inball 0.104 | a*_q05 -0.01719 | a*_q50 0.00946 | dV>=0 0.296 | n=150 | a_used 0.01000 -> 0.00950
  crit | n=1 | viol 0.953 | V 0.8979 | Vmin 0.7281 | agree +0.602 | a*_q05 -0.00615 | a*_q50 0.00000 | dV>=0 0.505 | beta 0.3006
  bell | direct viol 0.973 | direct dV>=0 0.521 | d_mean -0.00079 | d_std 0.00646 | d_q95 0.01190
[Episode 2/400] Steps: 720 | Reward:   -6.97 | Battery:  62.50% | Loss: 1.5796
Placing Sensors
[Episode 3/400] Steps:  84 | Reward:  -17.59 | Battery:   0.00% | Loss: 
Placing Sensors
[Episode 4/400] Steps: 126 | Reward:  -17.45 | Battery:   0.00% | Loss: 
Placing Sensors
[Episode 5/400] Steps: 114 | Reward:  -17.52 | Battery:   0.00% | Loss: 
Placing Sensors
[Episode 6/400] Steps: 720 | Reward:   -7.04 | Battery:  55.34% | Loss: 
Placing Sensors
[Episode 7/400] Steps:  85 | Reward:  -17.42 | Battery:   0.00% | Loss: 
Placing Sensors
Policy 0.0016 | Value 0.0369 | KL 0.00236 | CF 0.0160 | Std 0.1055 | |a| 0.0045 | EV +0.383 | AE 0.876 | Alpha 0.8392 | MB 32/32
  cert | viol 0.504 | dV -0.178769 | V 0.3124 | inball 0.113 | a*_q05 -0.02398 | a*_q50 0.01002 | dV>=0 0.196 | n=150 | a_used 0.00950 -> 0.00903
  crit | n=1 | viol 0.932 | V 1.0748 | Vmin 0.6599 | agree +0.715 | a*_q05 -0.00574 | a*_q50 0.00129 | dV>=0 0.369 | beta 0.3018
  bell | direct viol 0.926 | direct dV>=0 0.484 | d_mean -0.00208 | d_std 0.01459 | d_q95 0.02382
[Episode 8/400] Steps: 720 | Reward:   -7.99 | Battery:  21.54% | Loss: 1.4348
Placing Sensors
[Episode 9/400] Steps:  82 | Reward:  -17.51 | Battery:   0.00% | Loss: 
Placing Sensors
[Episode 10/400] Steps:  91 | Reward:  -17.65 | Battery:   0.00% | Loss: 
Placing Sensors
[Episode 11/400] Steps: 720 | Reward:   -5.05 | Battery:  56.10% | Loss: 
Placing Sensors
[Episode 12/400] Steps:  68 | Reward:  -17.76 | Battery:   0.00% | Loss: 
Placing Sensors
[Episode 13/400] Steps:  91 | Reward:  -17.54 | Battery:   0.00% | Loss: 
Placing Sensors
[Episode 14/400] Steps:  86 | Reward:  -17.61 | Battery:   0.00% | Loss: 
Placing Sensors
[Episode 15/400] Steps:  65 | Reward:  -17.49 | Battery:   0.00% | Loss: 
Placing Sensors
[Episode 16/400] Steps: 121 | Reward:  -17.60 | Battery:   0.00% | Loss: 
Placing Sensors
[Episode 17/400] Steps:  71 | Reward:  -17.62 | Battery:   0.00% | Loss: 
Placing Sensors
Policy 0.0058 | Value 0.0324 | KL 0.00313 | CF 0.0308 | Std 0.1057 | |a| 0.0053 | EV +0.523 | AE 0.810 | Alpha 0.7497 | MB 36/36
  cert | viol 0.335 | dV -0.255162 | V 0.3602 | inball 0.272 | a*_q05 0.00184 | a*_q50 0.02395 | dV>=0 0.020 | n=150 | a_used 0.00903 -> 0.00850
  crit | n=1 | viol 0.971 | V 1.2480 | Vmin 0.6016 | agree +0.763 | a*_q05 -0.00701 | a*_q50 0.00101 | dV>=0 0.386 | beta 0.3005
  bell | direct viol 0.860 | direct dV>=0 0.493 | d_mean -0.00167 | d_std 0.02462 | d_q95 0.03615
[Episode 18/400] Steps: 720 | Reward:   -6.17 | Battery:  77.10% | Loss: 1.3375
Placing Sensors
[Episode 19/400] Steps: 135 | Reward:  -17.41 | Battery:   0.00% | Loss: 
Placing Sensors
[Episode 20/400] Steps: 228 | Reward:  -16.79 | Battery:   0.00% | Loss: 
Placing Sensors
[Episode 21/400] Steps:  73 | Reward:  -17.69 | Battery:   0.00% | Loss: 
Placing Sensors
[Episode 22/400] Steps: 720 | Reward:   -6.51 | Battery:  65.23% | Loss: 
Placing Sensors
[Episode 23/400] Steps:  89 | Reward:  -17.62 | Battery:   0.00% | Loss: 
Placing Sensors
Policy -0.0074 | Value 0.0238 | KL 0.00575 | CF 0.0713 | Std 0.1059 | |a| 0.0093 | EV +0.783 | AE 0.874 | Alpha 0.6752 | MB 32/32
  cert | viol 0.390 | dV -0.186949 | V 0.3835 | inball 0.221 | a*_q05 -0.00163 | a*_q50 0.01455 | dV>=0 0.155 | n=150 | a_used 0.00850 -> 0.00808
  crit | n=1 | viol 0.943 | V 1.2065 | Vmin 0.5585 | agree +0.632 | a*_q05 -0.00615 | a*_q50 0.00113 | dV>=0 0.374 | beta 0.2976
  bell | direct viol 0.870 | direct dV>=0 0.487 | d_mean -0.00184 | d_std 0.02087 | d_q95 0.03122
[Episode 24/400] Steps: 720 | Reward:   -6.14 | Battery:  58.83% | Loss: 1.1823
Placing Sensors
[Episode 25/400] Steps: 720 | Reward:   -8.42 | Battery:  61.59% | Loss: 
Placing Sensors
[Episode 26/400] Steps: 184 | Reward:  -17.14 | Battery:   0.00% | Loss: 
Placing Sensors
[Episode 27/400] Steps: 106 | Reward:  -17.57 | Battery:   0.00% | Loss: 
Placing Sensors
[Episode 28/400] Steps: 144 | Reward:  -17.37 | Battery:   0.00% | Loss: 
Placing Sensors
[Episode 29/400] Steps:  82 | Reward:  -17.52 | Battery:   0.00% | Loss: 
Placing Sensors
Policy -0.0037 | Value 0.0191 | KL 0.00301 | CF 0.0284 | Std 0.1061 | |a| 0.0099 | EV +0.753 | AE 0.773 | Alpha 0.6083 | MB 32/32
  cert | viol 0.351 | dV -0.194874 | V 0.3570 | inball 0.147 | a*_q05 -0.00503 | a*_q50 0.01544 | dV>=0 0.134 | n=150 | a_used 0.00808 -> 0.00767
  crit | n=1 | viol 0.971 | V 1.4514 | Vmin 0.5771 | agree +0.647 | a*_q05 -0.00791 | a*_q50 -0.00052 | dV>=0 0.566 | beta 0.2979
  bell | direct viol 0.858 | direct dV>=0 0.499 | d_mean +0.00157 | d_std 0.02439 | d_q95 0.03398
[Episode 30/400] Steps: 720 | Reward:   -5.83 | Battery:  39.60% | Loss: 1.0351
Placing Sensors
[Episode 31/400] Steps:  97 | Reward:  -17.64 | Battery:   0.00% | Loss: 
Placing Sensors
[Episode 32/400] Steps:  93 | Reward:  -17.58 | Battery:   0.00% | Loss: 
Placing Sensors
[Episode 33/400] Steps:  82 | Reward:  -17.59 | Battery:   0.00% | Loss: 
Placing Sensors
[Episode 34/400] Steps:  76 | Reward:  -17.59 | Battery:   0.00% | Loss: 
Placing Sensors
[Episode 35/400] Steps:  83 | Reward:  -17.57 | Battery:   0.00% | Loss: 
Placing Sensors
[Episode 36/400] Steps: 101 | Reward:  -17.62 | Battery:   0.00% | Loss: 
Placing Sensors
[Episode 37/400] Steps:  75 | Reward:  -17.71 | Battery:   0.00% | Loss: 
Placing Sensors
[Episode 38/400] Steps: 720 | Reward:  -10.93 | Battery:  22.76% | Loss: 
Placing Sensors
Policy -0.0064 | Value 0.0337 | KL 0.00522 | CF 0.0623 | Std 0.1064 | |a| 0.0139 | EV +0.778 | AE 0.794 | Alpha 0.5455 | MB 32/32
  cert | viol 0.717 | dV -0.103282 | V 0.3985 | inball 0.121 | a*_q05 -0.00384 | a*_q50 0.00379 | dV>=0 0.266 | n=150 | a_used 0.00767 -> 0.00729
  crit | n=1 | viol 0.912 | V 1.5558 | Vmin 0.7544 | agree +0.485 | a*_q05 -0.00553 | a*_q50 -0.00026 | dV>=0 0.550 | beta 0.3018
  bell | direct viol 0.887 | direct dV>=0 0.504 | d_mean -0.00000 | d_std 0.02208 | d_q95 0.03261
[Episode 39/400] Steps: 720 | Reward:   -5.87 | Battery:  40.11% | Loss: 0.8966
Placing Sensors
[Episode 40/400] Steps:  74 | Reward:  -17.63 | Battery:   0.00% | Loss: 
Placing Sensors
[Episode 41/400] Steps: 720 | Reward:   -7.56 | Battery:  44.25% | Loss: 
Placing Sensors
Policy -0.0061 | Value 0.0141 | KL 0.00656 | CF 0.0790 | Std 0.1066 | |a| 0.0130 | EV +0.829 | AE 0.859 | Alpha 0.5032 | MB 24/24
  cert | viol 0.428 | dV -0.180200 | V 0.3082 | inball 0.129 | a*_q05 -0.02027 | a*_q50 0.01021 | dV>=0 0.144 | n=150 | a_used 0.00729 -> 0.00693
  crit | n=1 | viol 0.989 | V 1.2339 | Vmin 0.7298 | agree +0.489 | a*_q05 -0.00633 | a*_q50 -0.00112 | dV>=0 0.575 | beta 0.3027
  bell | direct viol 0.892 | direct dV>=0 0.479 | d_mean +0.00284 | d_std 0.02196 | d_q95 0.02337
[Episode 42/400] Steps: 720 | Reward:   -6.81 | Battery:  51.03% | Loss: 0.9011
Placing Sensors
[Episode 43/400] Steps: 110 | Reward:  -17.35 | Battery:   0.00% | Loss: 
Placing Sensors
[Episode 44/400] Steps:  83 | Reward:  -17.33 | Battery:   0.00% | Loss: 
Placing Sensors
[Episode 45/400] Steps: 106 | Reward:  -17.49 | Battery:   0.00% | Loss: 
Placing Sensors
[Episode 46/400] Steps: 102 | Reward:  -17.52 | Battery:   0.00% | Loss: 
Placing Sensors
[Episode 47/400] Steps: 720 | Reward:   -5.29 | Battery:  67.00% | Loss: 
Placing Sensors
[Episode 48/400] Steps:  60 | Reward:  -17.78 | Battery:   0.00% | Loss: 
Placing Sensors
Policy 0.0021 | Value 0.0176 | KL 0.00943 | CF 0.1205 | Std 0.1068 | |a| 0.0202 | EV +0.812 | AE 0.836 | Alpha 0.4547 | MB 32/32
  cert | viol 0.194 | dV -0.221994 | V 0.2899 | inball 0.337 | a*_q05 0.00416 | a*_q50 0.02576 | dV>=0 0.001 | n=150 | a_used 0.00693 -> 0.00684
  crit | n=1 | viol 0.979 | V 1.2921 | Vmin 0.6152 | agree +0.716 | a*_q05 -0.00663 | a*_q50 -0.00055 | dV>=0 0.590 | beta 0.3007
  bell | direct viol 0.817 | direct dV>=0 0.456 | d_mean +0.00263 | d_std 0.01954 | d_q95 0.02870
[Episode 49/400] Steps: 720 | Reward:   -5.22 | Battery:  65.05% | Loss: 0.7174
Placing Sensors
[Episode 50/400] Steps: 720 | Reward:   -4.48 | Battery:  59.30% | Loss: 
Placing Sensors
Policy 0.0009 | Value 0.0162 | KL 0.00793 | CF 0.1038 | Std 0.1071 | |a| 0.0168 | EV +0.776 | AE 0.887 | Alpha 0.4211 | MB 24/24
  cert | viol 0.309 | dV -0.183352 | V 0.2667 | inball 0.303 | a*_q05 0.00016 | a*_q50 0.01375 | dV>=0 0.050 | n=150 | a_used 0.00684 -> 0.00629
  crit | n=1 | viol 0.962 | V 1.0298 | Vmin 0.5250 | agree +0.479 | a*_q05 -0.00788 | a*_q50 -0.00141 | dV>=0 0.621 | beta 0.2989
  bell | direct viol 0.788 | direct dV>=0 0.440 | d_mean +0.00242 | d_std 0.01981 | d_q95 0.02899
[Episode 51/400] Steps: 720 | Reward:   -6.91 | Battery:  73.59% | Loss: 0.7101
Placing Sensors
[Episode 52/400] Steps:  86 | Reward:  -17.57 | Battery:   0.00% | Loss: 
Placing Sensors
[Episode 53/400] Steps: 122 | Reward:  -17.56 | Battery:   0.00% | Loss: 
Placing Sensors
[Episode 54/400] Steps: 720 | Reward:   -7.80 | Battery:  62.63% | Loss: 
Placing Sensors
Policy -0.0067 | Value 0.0185 | KL 0.00557 | CF 0.0555 | Std 0.1073 | |a| 0.0195 | EV +0.856 | AE 0.865 | Alpha 0.3857 | MB 28/28
  cert | viol 0.376 | dV -0.178903 | V 0.3739 | inball 0.189 | a*_q05 -0.00507 | a*_q50 0.01565 | dV>=0 0.276 | n=150 | a_used 0.00629 -> 0.00598
  crit | n=1 | viol 0.822 | V 1.1042 | Vmin 0.4453 | agree +0.527 | a*_q05 -0.00676 | a*_q50 0.00056 | dV>=0 0.460 | beta 0.2975
  bell | direct viol 0.788 | direct dV>=0 0.467 | d_mean -0.00108 | d_std 0.02102 | d_q95 0.02799
[Episode 55/400] Steps: 720 | Reward:   -6.29 | Battery:  68.78% | Loss: 0.6370
Placing Sensors
[Episode 56/400] Steps: 171 | Reward:  -16.83 | Battery:   0.00% | Loss: 
Placing Sensors
[Episode 57/400] Steps:  66 | Reward:  -17.82 | Battery:   0.00% | Loss: 
Placing Sensors
[Episode 58/400] Steps: 135 | Reward:  -17.14 | Battery:   0.00% | Loss: 
Placing Sensors
[Episode 59/400] Steps:  86 | Reward:  -17.44 | Battery:   0.00% | Loss: 
Placing Sensors
[Episode 60/400] Steps:  78 | Reward:  -17.54 | Battery:   0.00% | Loss: 
Placing Sensors
[Episode 61/400] Steps: 720 | Reward:   -6.02 | Battery:  35.28% | Loss: 
Placing Sensors
[Episode 62/400] Steps: 116 | Reward:  -17.41 | Battery:   0.00% | Loss: 
Placing Sensors
Policy -0.0040 | Value 0.0358 | KL 0.00858 | CF 0.1101 | Std 0.1075 | |a| 0.0245 | EV +0.645 | AE 0.803 | Alpha 0.3563 | MB 24/24
  cert | viol 0.262 | dV -0.160897 | V 0.2670 | inball 0.158 | a*_q05 0.00055 | a*_q50 0.02214 | dV>=0 0.036 | n=150 | a_used 0.00598 -> 0.00559
  crit | n=1 | viol 0.969 | V 1.4753 | Vmin 0.5516 | agree +0.762 | a*_q05 -0.00506 | a*_q50 0.00018 | dV>=0 0.485 | beta 0.2966
  bell | direct viol 0.802 | direct dV>=0 0.482 | d_mean -0.00112 | d_std 0.02948 | d_q95 0.04223
[Episode 63/400] Steps: 116 | Reward:  -17.37 | Battery:   0.00% | Loss: 0.6159
Placing Sensors
[Episode 64/400] Steps: 720 | Reward:   -7.91 | Battery:  51.03% | Loss: 
Placing Sensors
[Episode 65/400] Steps: 103 | Reward:  -17.24 | Battery:   0.00% | Loss: 
Placing Sensors
Policy -0.0091 | Value 0.0184 | KL 0.00635 | CF 0.0842 | Std 0.1077 | |a| 0.0231 | EV +0.842 | AE 0.912 | Alpha 0.3281 | MB 28/28
  cert | viol 0.481 | dV -0.185973 | V 0.3779 | inball 0.161 | a*_q05 -0.00949 | a*_q50 0.00681 | dV>=0 0.220 | n=150 | a_used 0.00559 -> 0.00531
  crit | n=1 | viol 0.807 | V 1.1707 | Vmin 0.6256 | agree +0.409 | a*_q05 -0.00595 | a*_q50 0.00087 | dV>=0 0.422 | beta 0.2973
  bell | direct viol 0.807 | direct dV>=0 0.449 | d_mean -0.00028 | d_std 0.01714 | d_q95 0.02052
[Episode 66/400] Steps: 720 | Reward:   -7.05 | Battery:  61.99% | Loss: 0.6847
Placing Sensors
[Episode 67/400] Steps: 116 | Reward:  -17.40 | Battery:   0.00% | Loss: 
Placing Sensors
[Episode 68/400] Steps:  68 | Reward:  -17.56 | Battery:   0.00% | Loss: 
Placing Sensors
[Episode 69/400] Steps:  93 | Reward:  -17.48 | Battery:   0.00% | Loss: 
Placing Sensors
[Episode 70/400] Steps: 122 | Reward:  -17.41 | Battery:   0.00% | Loss: 
Placing Sensors
[Episode 71/400] Steps: 720 | Reward:   -5.22 | Battery:  66.54% | Loss: 
Placing Sensors
[Episode 72/400] Steps:  94 | Reward:  -17.59 | Battery:   0.00% | Loss: 
Placing Sensors
Policy -0.0038 | Value 0.0235 | KL 0.00632 | CF 0.0784 | Std 0.1079 | |a| 0.0240 | EV +0.718 | AE 0.882 | Alpha 0.2960 | MB 32/32
  cert | viol 0.092 | dV -0.278820 | V 0.3250 | inball 0.286 | a*_q05 -0.01057 | a*_q50 0.02969 | dV>=0 0.070 | n=150 | a_used 0.00531 -> 0.00548
  crit | n=1 | viol 0.916 | V 1.1813 | Vmin 0.5417 | agree +0.745 | a*_q05 -0.00687 | a*_q50 0.00016 | dV>=0 0.486 | beta 0.2942
  bell | direct viol 0.760 | direct dV>=0 0.470 | d_mean -0.00111 | d_std 0.02843 | d_q95 0.04740
[Episode 73/400] Steps: 720 | Reward:   -5.94 | Battery:  52.43% | Loss: 0.6022
Placing Sensors
[Episode 74/400] Steps:  89 | Reward:  -17.57 | Battery:   0.00% | Loss: 
Placing Sensors
[Episode 75/400] Steps:  62 | Reward:  -17.81 | Battery:   0.00% | Loss: 
Placing Sensors
[Episode 76/400] Steps: 117 | Reward:  -17.26 | Battery:   0.00% | Loss: 
Placing Sensors
[Episode 77/400] Steps: 720 | Reward:   -6.21 | Battery:  59.53% | Loss: 
Placing Sensors
Policy -0.0049 | Value 0.0216 | KL 0.00705 | CF 0.0854 | Std 0.1081 | |a| 0.0240 | EV +0.810 | AE 0.920 | Alpha 0.2703 | MB 28/28
  cert | viol 0.108 | dV -0.223035 | V 0.3146 | inball 0.229 | a*_q05 0.00357 | a*_q50 0.01645 | dV>=0 0.012 | n=150 | a_used 0.00548 -> 0.00540
  crit | n=1 | viol 0.761 | V 1.0704 | Vmin 0.5259 | agree +0.590 | a*_q05 -0.00543 | a*_q50 0.00160 | dV>=0 0.354 | beta 0.2912
  bell | direct viol 0.751 | direct dV>=0 0.451 | d_mean -0.00096 | d_std 0.02867 | d_q95 0.04055
[Episode 78/400] Steps: 720 | Reward:   -6.86 | Battery:  60.19% | Loss: 0.4794
Placing Sensors
[Episode 79/400] Steps: 720 | Reward:   -7.22 | Battery:  60.16% | Loss: 
Placing Sensors
[Episode 80/400] Steps: 112 | Reward:  -17.32 | Battery:   0.00% | Loss: 
Placing Sensors
[Episode 81/400] Steps:  78 | Reward:  -17.59 | Battery:   0.00% | Loss: 
Placing Sensors
Policy -0.0041 | Value 0.0204 | KL 0.00672 | CF 0.0748 | Std 0.1083 | |a| 0.0220 | EV +0.755 | AE 0.911 | Alpha 0.2478 | MB 28/28
  cert | viol 0.252 | dV -0.199295 | V 0.3487 | inball 0.257 | a*_q05 0.00027 | a*_q50 0.01417 | dV>=0 0.046 | n=150 | a_used 0.00540 -> 0.00493
  crit | n=1 | viol 0.712 | V 1.0066 | Vmin 0.5533 | agree +0.605 | a*_q05 -0.00475 | a*_q50 0.00223 | dV>=0 0.299 | beta 0.2880
  bell | direct viol 0.779 | direct dV>=0 0.455 | d_mean -0.00091 | d_std 0.02677 | d_q95 0.04008
[Episode 82/400] Steps: 720 | Reward:   -6.06 | Battery:  71.93% | Loss: 0.3223
Placing Sensors
[Episode 83/400] Steps: 720 | Reward:   -5.84 | Battery:  43.89% | Loss: 
Placing Sensors
[Episode 84/400] Steps:  94 | Reward:  -17.40 | Battery:   0.00% | Loss: 
Placing Sensors
[Episode 85/400] Steps: 100 | Reward:  -17.45 | Battery:   0.00% | Loss: 
Placing Sensors
Policy -0.0040 | Value 0.0172 | KL 0.00826 | CF 0.0944 | Std 0.1085 | |a| 0.0334 | EV +0.871 | AE 0.906 | Alpha 0.2271 | MB 28/28
  cert | viol 0.178 | dV -0.213269 | V 0.2926 | inball 0.312 | a*_q05 0.00097 | a*_q50 0.02620 | dV>=0 0.038 | n=150 | a_used 0.00493 -> 0.00475
  crit | n=1 | viol 0.971 | V 1.1895 | Vmin 0.4916 | agree +0.612 | a*_q05 -0.00714 | a*_q50 -0.00164 | dV>=0 0.698 | beta 0.2845
  bell | direct viol 0.775 | direct dV>=0 0.436 | d_mean +0.00289 | d_std 0.01720 | d_q95 0.02432
[Episode 86/400] Steps: 720 | Reward:   -5.10 | Battery:  60.22% | Loss: 0.4072
Placing Sensors
[Episode 87/400] Steps:  85 | Reward:  -17.60 | Battery:   0.00% | Loss: 
Placing Sensors
[Episode 88/400] Steps: 720 | Reward:   -5.97 | Battery:  56.50% | Loss: 
Placing Sensors
[Episode 89/400] Steps: 105 | Reward:  -17.49 | Battery:   0.00% | Loss: 
Placing Sensors
[Episode 90/400] Steps:  68 | Reward:  -17.67 | Battery:   0.00% | Loss: 
Placing Sensors
[Episode 91/400] Steps:  86 | Reward:  -17.63 | Battery:   0.00% | Loss: 
Placing Sensors
[Episode 92/400] Steps: 127 | Reward:  -17.29 | Battery:   0.00% | Loss: 
Placing Sensors
Policy -0.0071 | Value 0.0178 | KL 0.00744 | CF 0.0955 | Std 0.1087 | |a| 0.0366 | EV +0.896 | AE 0.857 | Alpha 0.2051 | MB 32/32
  cert | viol 0.183 | dV -0.228363 | V 0.3340 | inball 0.249 | a*_q05 0.00173 | a*_q50 0.02023 | dV>=0 0.006 | n=150 | a_used 0.00475 -> 0.00436
  crit | n=1 | viol 0.837 | V 1.2603 | Vmin 0.4390 | agree +0.661 | a*_q05 -0.00518 | a*_q50 0.00008 | dV>=0 0.489 | beta 0.2805
  bell | direct viol 0.720 | direct dV>=0 0.482 | d_mean -0.00034 | d_std 0.02637 | d_q95 0.04115
[Episode 93/400] Steps: 720 | Reward:   -6.30 | Battery:  55.29% | Loss: 0.2445
Placing Sensors
[Episode 94/400] Steps:  69 | Reward:  -17.76 | Battery:   0.00% | Loss: 
Placing Sensors
[Episode 95/400] Steps: 720 | Reward:   -8.02 | Battery:  66.62% | Loss: 
Placing Sensors
[Episode 96/400] Steps:  98 | Reward:  -17.45 | Battery:   0.00% | Loss: 
Placing Sensors
Policy -0.0054 | Value 0.0168 | KL 0.00739 | CF 0.0871 | Std 0.1088 | |a| 0.0339 | EV +0.825 | AE 0.897 | Alpha 0.1883 | MB 28/28
  cert | viol 0.308 | dV -0.141923 | V 0.2968 | inball 0.105 | a*_q05 -0.00276 | a*_q50 0.00732 | dV>=0 0.107 | n=150 | a_used 0.00436 -> 0.00414
  crit | n=1 | viol 0.768 | V 1.1123 | Vmin 0.5282 | agree +0.569 | a*_q05 -0.00666 | a*_q50 0.00014 | dV>=0 0.488 | beta 0.2804
  bell | direct viol 0.749 | direct dV>=0 0.502 | d_mean -0.00044 | d_std 0.02296 | d_q95 0.02497
[Episode 97/400] Steps: 720 | Reward:   -5.90 | Battery:  56.19% | Loss: 0.3114
Placing Sensors
[Episode 98/400] Steps:  78 | Reward:  -17.65 | Battery:   0.00% | Loss: 
Placing Sensors
[Episode 99/400] Steps: 138 | Reward:  -17.29 | Battery:   0.00% | Loss: 
Placing Sensors
[Episode 100/400] Steps: 720 | Reward:   -5.99 | Battery:  79.73% | Loss: 
Placing Sensors
[Episode 101/400] Steps:  73 | Reward:  -17.67 | Battery:   0.00% | Loss: 
Placing Sensors
Policy -0.0017 | Value 0.0317 | KL 0.00968 | CF 0.1131 | Std 0.1089 | |a| 0.0304 | EV +0.768 | AE 0.920 | Alpha 0.1717 | MB 28/28
  cert | viol 0.220 | dV -0.247862 | V 0.3847 | inball 0.404 | a*_q05 -0.00163 | a*_q50 0.02726 | dV>=0 0.114 | n=150 | a_used 0.00414 -> 0.00394
  crit | n=1 | viol 0.822 | V 1.1351 | Vmin 0.4212 | agree +0.657 | a*_q05 -0.00699 | a*_q50 0.00007 | dV>=0 0.492 | beta 0.2752
  bell | direct viol 0.631 | direct dV>=0 0.363 | d_mean +0.00191 | d_std 0.02373 | d_q95 0.04053
[Episode 102/400] Steps: 720 | Reward:   -4.47 | Battery:  59.42% | Loss: 0.3158
Placing Sensors
[Episode 103/400] Steps: 720 | Reward:   -6.82 | Battery:  62.02% | Loss: 
Placing Sensors
Policy -0.0057 | Value 0.0173 | KL 0.00450 | CF 0.0468 | Std 0.1090 | |a| 0.0241 | EV +0.827 | AE 0.907 | Alpha 0.1590 | MB 24/24
  cert | viol 0.325 | dV -0.213915 | V 0.3747 | inball 0.245 | a*_q05 -0.00590 | a*_q50 0.01361 | dV>=0 0.209 | n=150 | a_used 0.00394 -> 0.00374
  crit | n=1 | viol 0.754 | V 1.0205 | Vmin 0.4144 | agree +0.441 | a*_q05 -0.00743 | a*_q50 -0.00052 | dV>=0 0.543 | beta 0.2703
  bell | direct viol 0.555 | direct dV>=0 0.361 | d_mean +0.00121 | d_std 0.03170 | d_q95 0.04525
[Episode 104/400] Steps: 720 | Reward:   -7.16 | Battery:  46.79% | Loss: 0.1573
Placing Sensors
[Episode 105/400] Steps:  88 | Reward:  -17.43 | Battery:   0.00% | Loss: 
Placing Sensors
[Episode 106/400] Steps:  75 | Reward:  -17.76 | Battery:   0.00% | Loss: 
Placing Sensors
[Episode 107/400] Steps:  95 | Reward:  -17.48 | Battery:   0.00% | Loss: 
Placing Sensors
[Episode 108/400] Steps:  82 | Reward:  -17.66 | Battery:   0.00% | Loss: 
Placing Sensors
[Episode 109/400] Steps: 720 | Reward:   -5.77 | Battery:  63.07% | Loss: 
Placing Sensors
[Episode 110/400] Steps: 134 | Reward:  -17.36 | Battery:   0.00% | Loss: 
Placing Sensors
[Episode 111/400] Steps:  90 | Reward:  -17.54 | Battery:   0.00% | Loss: 
Placing Sensors
Policy -0.0053 | Value 0.0290 | KL 0.00836 | CF 0.1082 | Std 0.1091 | |a| 0.0299 | EV +0.840 | AE 0.871 | Alpha 0.1429 | MB 32/32
  cert | viol 0.290 | dV -0.178386 | V 0.2878 | inball 0.167 | a*_q05 -0.00478 | a*_q50 0.01289 | dV>=0 0.120 | n=150 | a_used 0.00374 -> 0.00355
  crit | n=1 | viol 0.815 | V 1.2594 | Vmin 0.3911 | agree +0.715 | a*_q05 -0.00497 | a*_q50 0.00029 | dV>=0 0.462 | beta 0.2674
  bell | direct viol 0.614 | direct dV>=0 0.418 | d_mean +0.00030 | d_std 0.03090 | d_q95 0.04420
[Episode 112/400] Steps: 720 | Reward:   -7.26 | Battery:  45.43% | Loss: 0.2825
Placing Sensors
[Episode 113/400] Steps: 720 | Reward:   -6.24 | Battery:  67.56% | Loss: 
Placing Sensors
Policy -0.0069 | Value 0.0163 | KL 0.01184 | CF 0.1462 | Std 0.1093 | |a| 0.0236 | EV +0.802 | AE 0.904 | Alpha 0.1323 | MB 24/24
  cert | viol 0.066 | dV -0.253837 | V 0.3461 | inball 0.365 | a*_q05 0.00275 | a*_q50 0.02384 | dV>=0 0.012 | n=150 | a_used 0.00355 -> 0.00329
  crit | n=1 | viol 0.706 | V 0.9281 | Vmin 0.4218 | agree +0.429 | a*_q05 -0.00685 | a*_q50 -0.00003 | dV>=0 0.502 | beta 0.2648
  bell | direct viol 0.548 | direct dV>=0 0.351 | d_mean +0.00135 | d_std 0.02296 | d_q95 0.03442
[Episode 114/400] Steps: 720 | Reward:   -5.69 | Battery:  60.22% | Loss: 0.1516
Placing Sensors
[Episode 115/400] Steps:  87 | Reward:  -17.58 | Battery:   0.00% | Loss: 
Placing Sensors
[Episode 116/400] Steps:  72 | Reward:  -17.53 | Battery:   0.00% | Loss: 
Placing Sensors
[Episode 117/400] Steps: 720 | Reward:   -6.42 | Battery:  54.35% | Loss: 
Placing Sensors
[Episode 118/400] Steps:  87 | Reward:  -17.39 | Battery:   0.00% | Loss: 
Placing Sensors
[Episode 119/400] Steps:  97 | Reward:  -17.45 | Battery:   0.00% | Loss: 
Placing Sensors
[Episode 120/400] Steps: 102 | Reward:  -17.43 | Battery:   0.00% | Loss: 
Placing Sensors
[Episode 121/400] Steps:  90 | Reward:  -17.43 | Battery:   0.00% | Loss: 
Placing Sensors
[Episode 122/400] Steps:  80 | Reward:  -17.41 | Battery:   0.00% | Loss: 
Placing Sensors
[Episode 123/400] Steps:  81 | Reward:  -17.52 | Battery:   0.00% | Loss: 
Placing Sensors
Policy -0.0064 | Value 0.0213 | KL 0.01249 | CF 0.1343 | Std 0.1094 | |a| 0.0322 | EV +0.868 | AE 0.872 | Alpha 0.1181 | MB 36/36
  cert | viol 0.146 | dV -0.238364 | V 0.3463 | inball 0.167 | a*_q05 -0.00061 | a*_q50 0.01728 | dV>=0 0.050 | n=150 | a_used 0.00329 -> 0.00324
  crit | n=1 | viol 0.751 | V 1.3599 | Vmin 0.4462 | agree +0.674 | a*_q05 -0.00580 | a*_q50 0.00036 | dV>=0 0.449 | beta 0.2625
  bell | direct viol 0.621 | direct dV>=0 0.414 | d_mean +0.00105 | d_std 0.02369 | d_q95 0.03508
[Episode 124/400] Steps: 720 | Reward:   -7.17 | Battery:  58.62% | Loss: 0.1980
Placing Sensors
[Episode 125/400] Steps: 720 | Reward:   -6.49 | Battery:  27.64% | Loss: 
Placing Sensors
[Episode 126/400] Steps:  95 | Reward:  -17.47 | Battery:   0.00% | Loss: 
Placing Sensors
Policy -0.0077 | Value 0.0127 | KL 0.01276 | CF 0.1640 | Std 0.1095 | |a| 0.0206 | EV +0.909 | AE 0.911 | Alpha 0.1088 | MB 24/24
  cert | viol 0.084 | dV -0.207117 | V 0.2784 | inball 0.310 | a*_q05 -0.01646 | a*_q50 0.02324 | dV>=0 0.067 | n=150 | a_used 0.00324 -> 0.00308
  crit | n=1 | viol 0.927 | V 1.1022 | Vmin 0.4189 | agree +0.602 | a*_q05 -0.00581 | a*_q50 -0.00125 | dV>=0 0.661 | beta 0.2593
  bell | direct viol 0.653 | direct dV>=0 0.408 | d_mean +0.00220 | d_std 0.02261 | d_q95 0.03597
[Episode 127/400] Steps: 720 | Reward:   -5.25 | Battery:  45.23% | Loss: 0.2286
Placing Sensors
[Episode 128/400] Steps:  87 | Reward:  -17.55 | Battery:   0.00% | Loss: 
Placing Sensors
[Episode 129/400] Steps: 720 | Reward:   -4.99 | Battery:  57.72% | Loss: 
Placing Sensors
Policy 0.0019 | Value 0.0145 | KL 0.01149 | CF 0.1441 | Std 0.1096 | |a| 0.0262 | EV +0.780 | AE 0.875 | Alpha 0.1003 | MB 24/24
  cert | viol 0.294 | dV -0.121765 | V 0.2062 | inball 0.161 | a*_q05 -0.01497 | a*_q50 0.01080 | dV>=0 0.221 | n=150 | a_used 0.00308 -> 0.00293
  crit | n=1 | viol 0.793 | V 1.0222 | Vmin 0.4481 | agree +0.488 | a*_q05 -0.00634 | a*_q50 -0.00152 | dV>=0 0.610 | beta 0.2590
  bell | direct viol 0.554 | direct dV>=0 0.401 | d_mean +0.00149 | d_std 0.02283 | d_q95 0.03928
[Episode 130/400] Steps: 720 | Reward:   -6.73 | Battery:  38.73% | Loss: 0.1755
Placing Sensors
[Episode 131/400] Steps: 720 | Reward:   -8.63 | Battery:  49.31% | Loss: 
Placing Sensors
[Episode 132/400] Steps: 181 | Reward:  -17.04 | Battery:   0.00% | Loss: 
Placing Sensors
[Episode 133/400] Steps:  74 | Reward:  -17.62 | Battery:   0.00% | Loss: 
Placing Sensors
Policy -0.0073 | Value 0.0269 | KL 0.01073 | CF 0.1298 | Std 0.1097 | |a| 0.0315 | EV +0.777 | AE 0.879 | Alpha 0.0917 | MB 28/28
  cert | viol 0.386 | dV -0.163569 | V 0.3554 | inball 0.118 | a*_q05 -0.01347 | a*_q50 0.00658 | dV>=0 0.262 | n=150 | a_used 0.00293 -> 0.00278
  crit | n=1 | viol 0.695 | V 1.2213 | Vmin 0.5273 | agree +0.472 | a*_q05 -0.00604 | a*_q50 0.00027 | dV>=0 0.473 | beta 0.2585
  bell | direct viol 0.583 | direct dV>=0 0.439 | d_mean -0.00022 | d_std 0.03157 | d_q95 0.04706
[Episode 134/400] Steps: 720 | Reward:   -6.66 | Battery:  59.26% | Loss: 0.2145
Placing Sensors
[Episode 135/400] Steps: 720 | Reward:   -6.46 | Battery:  62.80% | Loss: 
Placing Sensors
Policy -0.0017 | Value 0.0105 | KL 0.01033 | CF 0.1444 | Std 0.1097 | |a| 0.0201 | EV +0.829 | AE 0.905 | Alpha 0.0849 | MB 24/24
  cert | viol 0.033 | dV -0.207032 | V 0.2910 | inball 0.344 | a*_q05 0.00365 | a*_q50 0.01789 | dV>=0 0.006 | n=150 | a_used 0.00278 -> 0.00280
  crit | n=1 | viol 0.735 | V 0.9380 | Vmin 0.5103 | agree +0.436 | a*_q05 -0.00709 | a*_q50 0.00016 | dV>=0 0.492 | beta 0.2579
  bell | direct viol 0.537 | direct dV>=0 0.390 | d_mean +0.00153 | d_std 0.01963 | d_q95 0.03326
[Episode 136/400] Steps: 720 | Reward:   -4.65 | Battery:  70.91% | Loss: 0.2277
Placing Sensors
[Episode 137/400] Steps:  95 | Reward:  -17.55 | Battery:   0.00% | Loss: 
Placing Sensors
[Episode 138/400] Steps: 720 | Reward:   -7.32 | Battery:  38.98% | Loss: 
Placing Sensors
[Episode 139/400] Steps: 105 | Reward:  -17.37 | Battery:   0.00% | Loss: 
Placing Sensors
Policy 0.0032 | Value 0.0148 | KL 0.00964 | CF 0.1122 | Std 0.1098 | |a| 0.0248 | EV +0.838 | AE 0.873 | Alpha 0.0778 | MB 28/28
  cert | viol 0.324 | dV -0.163870 | V 0.2956 | inball 0.154 | a*_q05 -0.01648 | a*_q50 0.00776 | dV>=0 0.172 | n=150 | a_used 0.00280 -> 0.00266
  crit | n=1 | viol 0.748 | V 1.1513 | Vmin 0.5351 | agree +0.587 | a*_q05 -0.00644 | a*_q50 -0.00011 | dV>=0 0.514 | beta 0.2579
  bell | direct viol 0.612 | direct dV>=0 0.453 | d_mean +0.00047 | d_std 0.02224 | d_q95 0.03554
[Episode 140/400] Steps: 720 | Reward:   -6.54 | Battery:  59.40% | Loss: 0.2138
Placing Sensors
[Episode 141/400] Steps: 720 | Reward:   -4.54 | Battery:  65.77% | Loss: 
Placing Sensors
Policy 0.0016 | Value 0.0125 | KL 0.01269 | CF 0.1501 | Std 0.1099 | |a| 0.0274 | EV +0.771 | AE 0.890 | Alpha 0.0720 | MB 24/24
  cert | viol 0.297 | dV -0.149983 | V 0.3171 | inball 0.248 | a*_q05 -0.01276 | a*_q50 0.00865 | dV>=0 0.187 | n=150 | a_used 0.00266 -> 0.00253
  crit | n=1 | viol 0.667 | V 1.0149 | Vmin 0.4798 | agree +0.262 | a*_q05 -0.00702 | a*_q50 0.00010 | dV>=0 0.494 | beta 0.2577
  bell | direct viol 0.585 | direct dV>=0 0.392 | d_mean +0.00049 | d_std 0.01792 | d_q95 0.02777
[Episode 142/400] Steps: 720 | Reward:   -8.39 | Battery:  45.54% | Loss: 0.0512
Placing Sensors
[Episode 143/400] Steps:  76 | Reward:  -17.65 | Battery:   0.00% | Loss: 
Placing Sensors
[Episode 144/400] Steps: 720 | Reward:   -5.24 | Battery:  63.88% | Loss: 
Placing Sensors
Policy -0.0015 | Value 0.0168 | KL 0.00808 | CF 0.1032 | Std 0.1099 | |a| 0.0291 | EV +0.858 | AE 0.917 | Alpha 0.0664 | MB 24/24
  cert | viol 0.112 | dV -0.233940 | V 0.3340 | inball 0.292 | a*_q05 -0.00301 | a*_q50 0.01989 | dV>=0 0.066 | n=150 | a_used 0.00253 -> 0.00240
  crit | n=1 | viol 0.711 | V 0.9806 | Vmin 0.4489 | agree +0.564 | a*_q05 -0.00646 | a*_q50 0.00025 | dV>=0 0.483 | beta 0.2567
  bell | direct viol 0.564 | direct dV>=0 0.410 | d_mean +0.00044 | d_std 0.01297 | d_q95 0.02414
[Episode 145/400] Steps: 720 | Reward:   -6.91 | Battery:  51.33% | Loss: 0.0669
Placing Sensors
[Episode 146/400] Steps: 720 | Reward:   -5.31 | Battery:  66.87% | Loss: 
Placing Sensors
[Episode 147/400] Steps:  62 | Reward:  -17.62 | Battery:   0.00% | Loss: 
Placing Sensors
Policy -0.0036 | Value 0.0122 | KL 0.00484 | CF 0.0543 | Std 0.1100 | |a| 0.0215 | EV +0.879 | AE 0.910 | Alpha 0.0613 | MB 24/24
  cert | viol 0.028 | dV -0.220988 | V 0.3027 | inball 0.291 | a*_q05 0.00330 | a*_q50 0.01394 | dV>=0 0.007 | n=150 | a_used 0.00240 -> 0.00247
  crit | n=1 | viol 0.713 | V 1.0153 | Vmin 0.4566 | agree +0.447 | a*_q05 -0.00594 | a*_q50 0.00020 | dV>=0 0.478 | beta 0.2561
  bell | direct viol 0.485 | direct dV>=0 0.370 | d_mean +0.00072 | d_std 0.01742 | d_q95 0.03214
[Episode 148/400] Steps: 720 | Reward:   -6.37 | Battery:  54.61% | Loss: 0.0694
Placing Sensors
[Episode 149/400] Steps:  81 | Reward:  -17.65 | Battery:   0.00% | Loss: 
Placing Sensors
[Episode 150/400] Steps: 720 | Reward:   -3.51 | Battery:  62.43% | Loss: 
Placing Sensors
[Episode 151/400] Steps: 105 | Reward:  -17.43 | Battery:   0.00% | Loss: 
Placing Sensors
[Episode 152/400] Steps:  68 | Reward:  -17.63 | Battery:   0.00% | Loss: 
Placing Sensors
Policy -0.0019 | Value 0.0232 | KL 0.01435 | CF 0.1534 | Std 0.1100 | |a| 0.0255 | EV +0.878 | AE 0.891 | Alpha 0.0560 | MB 28/28
  cert | viol 0.036 | dV -0.210234 | V 0.2679 | inball 0.393 | a*_q05 0.00412 | a*_q50 0.03003 | dV>=0 0.000 | n=150 | a_used 0.00247 -> 0.00251
  crit | n=1 | viol 0.866 | V 1.0833 | Vmin 0.3698 | agree +0.663 | a*_q05 -0.00688 | a*_q50 -0.00163 | dV>=0 0.652 | beta 0.2517
  bell | direct viol 0.539 | direct dV>=0 0.421 | d_mean +0.00195 | d_std 0.02924 | d_q95 0.04467
[Episode 153/400] Steps: 720 | Reward:   -5.26 | Battery:  52.74% | Loss: -0.0498
Placing Sensors
[Episode 154/400] Steps: 720 | Reward:   -5.70 | Battery:  71.27% | Loss: 
Placing Sensors
Policy -0.0065 | Value 0.0116 | KL 0.00716 | CF 0.0854 | Std 0.1101 | |a| 0.0158 | EV +0.845 | AE 0.910 | Alpha 0.0519 | MB 24/24
  cert | viol 0.142 | dV -0.200472 | V 0.3226 | inball 0.359 | a*_q05 -0.00073 | a*_q50 0.02048 | dV>=0 0.072 | n=150 | a_used 0.00251 -> 0.00238
  crit | n=1 | viol 0.534 | V 0.8242 | Vmin 0.3317 | agree +0.526 | a*_q05 -0.00441 | a*_q50 0.00215 | dV>=0 0.286 | beta 0.2454
  bell | direct viol 0.464 | direct dV>=0 0.360 | d_mean +0.00033 | d_std 0.03244 | d_q95 0.05089
[Episode 155/400] Steps: 720 | Reward:   -6.08 | Battery:  73.93% | Loss: -0.1320
Placing Sensors
[Episode 156/400] Steps: 720 | Reward:   -4.78 | Battery:  66.65% | Loss: 
Placing Sensors
Policy -0.0030 | Value 0.0118 | KL 0.00688 | CF 0.0888 | Std 0.1101 | |a| 0.0148 | EV +0.866 | AE 0.904 | Alpha 0.0481 | MB 24/24
  cert | viol 0.026 | dV -0.277556 | V 0.3600 | inball 0.431 | a*_q05 0.00309 | a*_q50 0.02812 | dV>=0 0.000 | n=150 | a_used 0.00238 -> 0.00246
  crit | n=1 | viol 0.609 | V 0.8280 | Vmin 0.3116 | agree +0.476 | a*_q05 -0.00704 | a*_q50 0.00097 | dV>=0 0.436 | beta 0.2388
  bell | direct viol 0.448 | direct dV>=0 0.342 | d_mean +0.00198 | d_std 0.02037 | d_q95 0.03716
[Episode 157/400] Steps: 720 | Reward:   -5.61 | Battery:  71.57% | Loss: 0.1278
Placing Sensors
[Episode 158/400] Steps: 720 | Reward:   -6.36 | Battery:  70.54% | Loss: 
Placing Sensors
Policy -0.0097 | Value 0.0083 | KL 0.00705 | CF 0.0910 | Std 0.1101 | |a| 0.0219 | EV +0.887 | AE 0.882 | Alpha 0.0445 | MB 24/24
  cert | viol 0.128 | dV -0.222711 | V 0.3610 | inball 0.363 | a*_q05 0.00015 | a*_q50 0.02079 | dV>=0 0.058 | n=150 | a_used 0.00246 -> 0.00216
  crit | n=1 | viol 0.405 | V 0.8342 | Vmin 0.3611 | agree +0.378 | a*_q05 -0.00543 | a*_q50 0.00364 | dV>=0 0.230 | beta 0.2343
  bell | direct viol 0.485 | direct dV>=0 0.350 | d_mean -0.00139 | d_std 0.01667 | d_q95 0.02517
[Episode 159/400] Steps: 720 | Reward:   -6.14 | Battery:  70.85% | Loss: 0.0751
Placing Sensors
[Episode 160/400] Steps: 720 | Reward:   -4.57 | Battery:  76.42% | Loss: 
Placing Sensors
[Episode 161/400] Steps: 140 | Reward:  -17.22 | Battery:   0.00% | Loss: 
Placing Sensors
Policy 0.0082 | Value 0.0267 | KL 0.00929 | CF 0.1116 | Std 0.1102 | |a| 0.0236 | EV +0.654 | AE 0.901 | Alpha 0.0409 | MB 28/28
  cert | viol 0.111 | dV -0.226113 | V 0.3578 | inball 0.347 | a*_q05 0.00187 | a*_q50 0.02030 | dV>=0 0.008 | n=150 | a_used 0.00216 -> 0.00213
  crit | n=1 | viol 0.429 | V 0.9073 | Vmin 0.4156 | agree +0.591 | a*_q05 -0.00611 | a*_q50 0.00320 | dV>=0 0.303 | beta 0.2331
  bell | direct viol 0.482 | direct dV>=0 0.346 | d_mean -0.00117 | d_std 0.02290 | d_q95 0.02897
[Episode 162/400] Steps: 720 | Reward:   -7.40 | Battery:  75.95% | Loss: 0.3315
Placing Sensors
[Episode 163/400] Steps: 115 | Reward:  -17.32 | Battery:   0.00% | Loss: 
Placing Sensors
[Episode 164/400] Steps: 720 | Reward:   -4.76 | Battery:  62.44% | Loss: 
Placing Sensors
Policy 0.0230 | Value 0.0123 | KL 0.02297 | CF 0.2461 | Std 0.1102 | |a| 0.0219 | EV +0.842 | AE 0.890 | Alpha 0.0377 | MB 28/28
  cert | viol 0.086 | dV -0.232316 | V 0.3215 | inball 0.381 | a*_q05 0.00129 | a*_q50 0.02525 | dV>=0 0.018 | n=150 | a_used 0.00213 -> 0.00220
  crit | n=1 | viol 0.552 | V 0.8688 | Vmin 0.3778 | agree +0.589 | a*_q05 -0.00612 | a*_q50 0.00154 | dV>=0 0.371 | beta 0.2312
  bell | direct viol 0.511 | direct dV>=0 0.395 | d_mean -0.00070 | d_std 0.02415 | d_q95 0.04236
[Episode 165/400] Steps: 720 | Reward:   -5.65 | Battery:  77.07% | Loss: 0.0185
Placing Sensors
[Episode 166/400] Steps: 720 | Reward:   -4.68 | Battery:  64.53% | Loss: 
Placing Sensors
Policy -0.0040 | Value 0.0087 | KL 0.00691 | CF 0.0744 | Std 0.1102 | |a| 0.0204 | EV +0.917 | AE 0.919 | Alpha 0.0349 | MB 24/24
  cert | viol 0.061 | dV -0.203945 | V 0.3040 | inball 0.457 | a*_q05 0.00182 | a*_q50 0.02253 | dV>=0 0.000 | n=150 | a_used 0.00220 -> 0.00214
  crit | n=1 | viol 0.513 | V 0.7592 | Vmin 0.3980 | agree +0.589 | a*_q05 -0.00583 | a*_q50 0.00208 | dV>=0 0.322 | beta 0.2280
  bell | direct viol 0.481 | direct dV>=0 0.343 | d_mean +0.00087 | d_std 0.01718 | d_q95 0.02673
[Episode 167/400] Steps: 720 | Reward:   -5.01 | Battery:  87.51% | Loss: 0.1064
Placing Sensors
[Episode 168/400] Steps: 720 | Reward:   -4.19 | Battery:  71.29% | Loss: 
Placing Sensors
Policy -0.0053 | Value 0.0089 | KL 0.01058 | CF 0.1137 | Std 0.1103 | |a| 0.0163 | EV +0.853 | AE 0.904 | Alpha 0.0323 | MB 24/24
  cert | viol 0.081 | dV -0.248093 | V 0.3397 | inball 0.401 | a*_q05 0.00033 | a*_q50 0.02635 | dV>=0 0.055 | n=150 | a_used 0.00214 -> 0.00204
  crit | n=1 | viol 0.590 | V 0.7572 | Vmin 0.3668 | agree +0.545 | a*_q05 -0.00647 | a*_q50 0.00066 | dV>=0 0.460 | beta 0.2251
  bell | direct viol 0.451 | direct dV>=0 0.343 | d_mean -0.00032 | d_std 0.02073 | d_q95 0.03560
[Episode 169/400] Steps: 720 | Reward:   -6.91 | Battery:  53.85% | Loss: -0.0515
Placing Sensors
[Episode 170/400] Steps: 720 | Reward:   -4.68 | Battery:  70.72% | Loss: 
Placing Sensors
Policy -0.0001 | Value 0.0065 | KL 0.00654 | CF 0.0804 | Std 0.1103 | |a| 0.0175 | EV +0.870 | AE 0.917 | Alpha 0.0299 | MB 24/24
  cert | viol 0.189 | dV -0.182238 | V 0.3165 | inball 0.243 | a*_q05 -0.01266 | a*_q50 0.00871 | dV>=0 0.155 | n=150 | a_used 0.00204 -> 0.00193
  crit | n=1 | viol 0.475 | V 0.8459 | Vmin 0.3815 | agree +0.508 | a*_q05 -0.00554 | a*_q50 0.00240 | dV>=0 0.374 | beta 0.2235
  bell | direct viol 0.538 | direct dV>=0 0.417 | d_mean -0.00073 | d_std 0.01343 | d_q95 0.02150
[Episode 171/400] Steps: 720 | Reward:   -7.68 | Battery:  65.95% | Loss: 0.1247
Placing Sensors
[Episode 172/400] Steps: 132 | Reward:  -17.44 | Battery:   0.00% | Loss: 
Placing Sensors
[Episode 173/400] Steps: 720 | Reward:   -5.33 | Battery:  57.19% | Loss: 
Placing Sensors
Policy -0.0196 | Value 0.0164 | KL 0.00871 | CF 0.0995 | Std 0.1103 | |a| 0.0237 | EV +0.799 | AE 0.882 | Alpha 0.0275 | MB 28/28
  cert | viol 0.106 | dV -0.208917 | V 0.2965 | inball 0.249 | a*_q05 -0.01271 | a*_q50 0.02044 | dV>=0 0.079 | n=150 | a_used 0.00193 -> 0.00181
  crit | n=1 | viol 0.572 | V 0.9475 | Vmin 0.3939 | agree +0.551 | a*_q05 -0.00700 | a*_q50 0.00068 | dV>=0 0.452 | beta 0.2221
  bell | direct viol 0.510 | direct dV>=0 0.396 | d_mean +0.00046 | d_std 0.01703 | d_q95 0.02649
[Episode 174/400] Steps: 720 | Reward:   -6.68 | Battery:  46.77% | Loss: -0.1277
Placing Sensors
[Episode 175/400] Steps: 720 | Reward:   -6.60 | Battery:  64.17% | Loss: 
Placing Sensors
Policy -0.0032 | Value 0.0080 | KL 0.00959 | CF 0.1155 | Std 0.1103 | |a| 0.0195 | EV +0.878 | AE 0.906 | Alpha 0.0255 | MB 24/24
  cert | viol 0.074 | dV -0.262566 | V 0.3625 | inball 0.409 | a*_q05 0.00042 | a*_q50 0.02531 | dV>=0 0.050 | n=150 | a_used 0.00181 -> 0.00181
  crit | n=1 | viol 0.455 | V 0.8076 | Vmin 0.3319 | agree +0.544 | a*_q05 -0.00699 | a*_q50 0.00243 | dV>=0 0.353 | beta 0.2191
  bell | direct viol 0.475 | direct dV>=0 0.384 | d_mean +0.00027 | d_std 0.01659 | d_q95 0.02741
[Episode 176/400] Steps: 720 | Reward:   -4.66 | Battery:  72.72% | Loss: 0.0466
Placing Sensors
[Episode 177/400] Steps: 720 | Reward:   -6.52 | Battery:  54.62% | Loss: 
Placing Sensors
[Episode 178/400] Steps: 116 | Reward:  -17.45 | Battery:   0.00% | Loss: 
Placing Sensors
[Episode 179/400] Steps:  81 | Reward:  -17.63 | Battery:   0.00% | Loss: 
Placing Sensors
[Episode 180/400] Steps:  75 | Reward:  -17.68 | Battery:   0.00% | Loss: 
Placing Sensors
Policy -0.0012 | Value 0.0284 | KL 0.01062 | CF 0.1247 | Std 0.1103 | |a| 0.0242 | EV +0.769 | AE 0.903 | Alpha 0.0233 | MB 28/28
  cert | viol 0.327 | dV -0.199046 | V 0.4283 | inball 0.208 | a*_q05 -0.00076 | a*_q50 0.01078 | dV>=0 0.159 | n=150 | a_used 0.00181 -> 0.00172
  crit | n=1 | viol 0.439 | V 1.1336 | Vmin 0.4267 | agree +0.506 | a*_q05 -0.00651 | a*_q50 0.00251 | dV>=0 0.281 | beta 0.2199
  bell | direct viol 0.554 | direct dV>=0 0.429 | d_mean -0.00188 | d_std 0.01432 | d_q95 0.02529
[Episode 181/400] Steps: 720 | Reward:   -8.67 | Battery:  63.86% | Loss: 0.0685
Placing Sensors
[Episode 182/400] Steps: 720 | Reward:   -5.55 | Battery:  54.05% | Loss: 
Placing Sensors
[Episode 183/400] Steps:  94 | Reward:  -17.58 | Battery:   0.00% | Loss: 
Placing Sensors
Policy -0.0042 | Value 0.0141 | KL 0.00927 | CF 0.1206 | Std 0.1103 | |a| 0.0202 | EV +0.864 | AE 0.916 | Alpha 0.0214 | MB 24/24
  cert | viol 0.079 | dV -0.292240 | V 0.3805 | inball 0.437 | a*_q05 0.00084 | a*_q50 0.02877 | dV>=0 0.014 | n=150 | a_used 0.00172 -> 0.00155
  crit | n=1 | viol 0.524 | V 0.8965 | Vmin 0.3615 | agree +0.643 | a*_q05 -0.00627 | a*_q50 0.00140 | dV>=0 0.402 | beta 0.2189
  bell | direct viol 0.473 | direct dV>=0 0.397 | d_mean -0.00010 | d_std 0.02879 | d_q95 0.04721
[Episode 184/400] Steps: 720 | Reward:   -4.66 | Battery:  75.59% | Loss: 0.0449
Placing Sensors
[Episode 185/400] Steps: 720 | Reward:   -5.95 | Battery:  64.95% | Loss: 
Placing Sensors
Policy -0.0025 | Value 0.0123 | KL 0.00414 | CF 0.0440 | Std 0.1103 | |a| 0.0160 | EV +0.870 | AE 0.923 | Alpha 0.0198 | MB 24/24
  cert | viol 0.120 | dV -0.307214 | V 0.4342 | inball 0.447 | a*_q05 -0.00073 | a*_q50 0.02920 | dV>=0 0.078 | n=150 | a_used 0.00155 -> 0.00147
  crit | n=1 | viol 0.576 | V 0.8906 | Vmin 0.3293 | agree +0.550 | a*_q05 -0.00733 | a*_q50 0.00046 | dV>=0 0.471 | beta 0.2144
  bell | direct viol 0.459 | direct dV>=0 0.381 | d_mean +0.00153 | d_std 0.02778 | d_q95 0.03903
[Episode 186/400] Steps: 720 | Reward:   -5.64 | Battery:  68.01% | Loss: 0.0924
Placing Sensors
[Episode 187/400] Steps:  87 | Reward:  -17.64 | Battery:   0.00% | Loss: 
Placing Sensors
[Episode 188/400] Steps: 720 | Reward:   -4.28 | Battery:  66.18% | Loss: 
Placing Sensors
Policy -0.0004 | Value 0.0143 | KL 0.00776 | CF 0.0868 | Std 0.1103 | |a| 0.0159 | EV +0.840 | AE 0.924 | Alpha 0.0183 | MB 24/24
  cert | viol 0.000 | dV -0.180946 | V 0.2290 | inball 0.435 | a*_q05 0.00506 | a*_q50 0.02589 | dV>=0 0.000 | n=150 | a_used 0.00147 -> 0.00156
  crit | n=1 | viol 0.683 | V 0.8230 | Vmin 0.3036 | agree +0.703 | a*_q05 -0.00599 | a*_q50 -0.00032 | dV>=0 0.535 | beta 0.2115
  bell | direct viol 0.442 | direct dV>=0 0.382 | d_mean +0.00249 | d_std 0.02194 | d_q95 0.03731
[Episode 189/400] Steps: 720 | Reward:   -4.27 | Battery:  59.63% | Loss: -0.0369
Placing Sensors
[Episode 190/400] Steps: 720 | Reward:   -5.13 | Battery:  71.27% | Loss: 
Placing Sensors
Policy 0.0007 | Value 0.0125 | KL 0.00516 | CF 0.0584 | Std 0.1104 | |a| 0.0145 | EV +0.791 | AE 0.924 | Alpha 0.0169 | MB 24/24
  cert | viol 0.015 | dV -0.232811 | V 0.2818 | inball 0.484 | a*_q05 0.00447 | a*_q50 0.02983 | dV>=0 0.000 | n=150 | a_used 0.00156 -> 0.00167
  crit | n=1 | viol 0.622 | V 0.7463 | Vmin 0.3234 | agree +0.562 | a*_q05 -0.00717 | a*_q50 0.00011 | dV>=0 0.492 | beta 0.2086
  bell | direct viol 0.446 | direct dV>=0 0.373 | d_mean +0.00255 | d_std 0.01880 | d_q95 0.03290
[Episode 191/400] Steps: 720 | Reward:   -3.62 | Battery:  69.20% | Loss: 0.0904
Placing Sensors
[Episode 192/400] Steps: 720 | Reward:   -5.88 | Battery:  57.57% | Loss: 
Placing Sensors
Policy -0.0026 | Value 0.0113 | KL 0.00785 | CF 0.0849 | Std 0.1103 | |a| 0.0175 | EV +0.822 | AE 0.905 | Alpha 0.0157 | MB 24/24
  cert | viol 0.131 | dV -0.246043 | V 0.3475 | inball 0.431 | a*_q05 0.00092 | a*_q50 0.02679 | dV>=0 0.029 | n=150 | a_used 0.00167 -> 0.00165
  crit | n=1 | viol 0.454 | V 0.7496 | Vmin 0.2755 | agree +0.317 | a*_q05 -0.00708 | a*_q50 0.00272 | dV>=0 0.381 | beta 0.2037
  bell | direct viol 0.466 | direct dV>=0 0.391 | d_mean +0.00016 | d_std 0.02570 | d_q95 0.04170
[Episode 193/400] Steps: 720 | Reward:   -5.09 | Battery:  66.39% | Loss: -0.0147
Placing Sensors
[Episode 194/400] Steps:  67 | Reward:  -17.66 | Battery:   0.00% | Loss: 
Placing Sensors
[Episode 195/400] Steps: 720 | Reward:   -6.04 | Battery:  59.91% | Loss: 
Placing Sensors
Policy -0.0050 | Value 0.0130 | KL 0.00542 | CF 0.0663 | Std 0.1104 | |a| 0.0152 | EV +0.888 | AE 0.896 | Alpha 0.0145 | MB 24/24
  cert | viol 0.052 | dV -0.260374 | V 0.3715 | inball 0.351 | a*_q05 0.00190 | a*_q50 0.02093 | dV>=0 0.010 | n=150 | a_used 0.00165 -> 0.00165
  crit | n=1 | viol 0.329 | V 0.8193 | Vmin 0.2924 | agree +0.530 | a*_q05 -0.00538 | a*_q50 0.00481 | dV>=0 0.262 | beta 0.2008
  bell | direct viol 0.428 | direct dV>=0 0.366 | d_mean -0.00061 | d_std 0.02351 | d_q95 0.03820
[Episode 196/400] Steps: 720 | Reward:   -6.26 | Battery:  74.90% | Loss: 0.0311
Placing Sensors
[Episode 197/400] Steps: 720 | Reward:   -6.21 | Battery:  51.35% | Loss: 
Placing Sensors
Policy -0.0076 | Value 0.0062 | KL 0.00543 | CF 0.0636 | Std 0.1103 | |a| 0.0176 | EV +0.937 | AE 0.875 | Alpha 0.0134 | MB 24/24
  cert | viol 0.027 | dV -0.252157 | V 0.3206 | inball 0.428 | a*_q05 0.00273 | a*_q50 0.02754 | dV>=0 0.010 | n=150 | a_used 0.00165 -> 0.00171
  crit | n=1 | viol 0.599 | V 0.8129 | Vmin 0.2945 | agree +0.430 | a*_q05 -0.00620 | a*_q50 0.00022 | dV>=0 0.475 | beta 0.1987
  bell | direct viol 0.506 | direct dV>=0 0.423 | d_mean +0.00081 | d_std 0.01369 | d_q95 0.02613
[Episode 198/400] Steps: 720 | Reward:   -4.32 | Battery:  69.59% | Loss: 0.1269
Placing Sensors
[Episode 199/400] Steps: 720 | Reward:   -4.13 | Battery:  73.85% | Loss: 
Placing Sensors
Policy -0.0088 | Value 0.0045 | KL 0.00627 | CF 0.0768 | Std 0.1103 | |a| 0.0224 | EV +0.914 | AE 0.916 | Alpha 0.0124 | MB 24/24
  cert | viol 0.000 | dV -0.222546 | V 0.2864 | inball 0.395 | a*_q05 0.00543 | a*_q50 0.02115 | dV>=0 0.000 | n=150 | a_used 0.00171 -> 0.00181
  crit | n=1 | viol 0.471 | V 0.7140 | Vmin 0.3264 | agree +0.566 | a*_q05 -0.00511 | a*_q50 0.00214 | dV>=0 0.372 | beta 0.1963
  bell | direct viol 0.417 | direct dV>=0 0.322 | d_mean +0.00027 | d_std 0.01709 | d_q95 0.02872
[Episode 200/400] Steps: 720 | Reward:   -5.87 | Battery:  67.27% | Loss: 0.0298
Placing Sensors
[Episode 201/400] Steps:  98 | Reward:  -17.34 | Battery:   0.00% | Loss: 
Placing Sensors
[Episode 202/400] Steps: 720 | Reward:   -4.38 | Battery:  77.73% | Loss: 
Placing Sensors
Policy -0.0627 | Value 0.0212 | KL 0.00852 | CF 0.1018 | Std 0.1103 | |a| 0.0213 | EV +0.849 | AE 0.917 | Alpha 0.0114 | MB 28/28
  cert | viol 0.066 | dV -0.178491 | V 0.3124 | inball 0.355 | a*_q05 0.00163 | a*_q50 0.01694 | dV>=0 0.041 | n=150 | a_used 0.00181 -> 0.00188
  crit | n=1 | viol 0.409 | V 0.7308 | Vmin 0.3435 | agree +0.593 | a*_q05 -0.00546 | a*_q50 0.00453 | dV>=0 0.289 | beta 0.1970
  bell | direct viol 0.478 | direct dV>=0 0.404 | d_mean -0.00131 | d_std 0.01710 | d_q95 0.02958
[Episode 203/400] Steps: 720 | Reward:   -7.03 | Battery:  74.63% | Loss: -0.6404
Placing Sensors
[Episode 204/400] Steps:  75 | Reward:  -17.47 | Battery:   0.00% | Loss: 
Placing Sensors
[Episode 205/400] Steps: 115 | Reward:  -17.40 | Battery:   0.00% | Loss: 
Placing Sensors
[Episode 206/400] Steps: 720 | Reward:   -5.92 | Battery:  61.26% | Loss: 
Placing Sensors
Policy -0.0030 | Value 0.0175 | KL 0.00952 | CF 0.1117 | Std 0.1104 | |a| 0.0212 | EV +0.869 | AE 0.893 | Alpha 0.0105 | MB 28/28
  cert | viol 0.103 | dV -0.256100 | V 0.3805 | inball 0.372 | a*_q05 0.00037 | a*_q50 0.02460 | dV>=0 0.045 | n=150 | a_used 0.00188 -> 0.00179
  crit | n=1 | viol 0.512 | V 0.8777 | Vmin 0.3458 | agree +0.635 | a*_q05 -0.00586 | a*_q50 0.00176 | dV>=0 0.379 | beta 0.1950
  bell | direct viol 0.503 | direct dV>=0 0.424 | d_mean -0.00071 | d_std 0.02624 | d_q95 0.04949
[Episode 207/400] Steps: 720 | Reward:   -5.21 | Battery:  74.87% | Loss: -0.0598
Placing Sensors
[Episode 208/400] Steps: 720 | Reward:   -4.53 | Battery:  69.58% | Loss: 
Placing Sensors
[Episode 209/400] Steps: 121 | Reward:  -17.33 | Battery:   0.00% | Loss: 
Placing Sensors
[Episode 210/400] Steps: 102 | Reward:  -17.37 | Battery:   0.00% | Loss: 
Placing Sensors
Policy -0.0053 | Value 0.0203 | KL 0.00852 | CF 0.0951 | Std 0.1104 | |a| 0.0232 | EV +0.875 | AE 0.884 | Alpha 0.0100 | MB 28/28
  cert | viol 0.068 | dV -0.237515 | V 0.3101 | inball 0.414 | a*_q05 0.00159 | a*_q50 0.02885 | dV>=0 0.000 | n=150 | a_used 0.00179 -> 0.00170
  crit | n=1 | viol 0.608 | V 0.9310 | Vmin 0.2836 | agree +0.658 | a*_q05 -0.00625 | a*_q50 0.00062 | dV>=0 0.450 | beta 0.1911
  bell | direct viol 0.476 | direct dV>=0 0.401 | d_mean +0.00158 | d_std 0.02934 | d_q95 0.05209
[Episode 211/400] Steps: 720 | Reward:   -5.18 | Battery:  62.22% | Loss: -0.0147
Placing Sensors
[Episode 212/400] Steps: 720 | Reward:   -4.54 | Battery:  70.16% | Loss: 
Placing Sensors
[Episode 213/400] Steps:  75 | Reward:  -17.63 | Battery:   0.00% | Loss: 
Placing Sensors
Policy -0.0074 | Value 0.0090 | KL 0.01032 | CF 0.1283 | Std 0.1104 | |a| 0.0223 | EV +0.918 | AE 0.897 | Alpha 0.0100 | MB 24/24
  cert | viol 0.007 | dV -0.237734 | V 0.2991 | inball 0.460 | a*_q05 0.00348 | a*_q50 0.02858 | dV>=0 0.000 | n=150 | a_used 0.00170 -> 0.00174
  crit | n=1 | viol 0.529 | V 0.7942 | Vmin 0.2444 | agree +0.589 | a*_q05 -0.00496 | a*_q50 0.00140 | dV>=0 0.385 | beta 0.1871
  bell | direct viol 0.429 | direct dV>=0 0.378 | d_mean +0.00075 | d_std 0.02035 | d_q95 0.03927
[Episode 214/400] Steps: 720 | Reward:   -5.03 | Battery:  63.41% | Loss: 0.0302
Placing Sensors
[Episode 215/400] Steps:  75 | Reward:  -17.53 | Battery:   0.00% | Loss: 
Placing Sensors
[Episode 216/400] Steps: 720 | Reward:   -6.48 | Battery:  45.94% | Loss: 
Placing Sensors
Policy -0.0033 | Value 0.0111 | KL 0.01116 | CF 0.1293 | Std 0.1104 | |a| 0.0283 | EV +0.887 | AE 0.895 | Alpha 0.0100 | MB 24/24
  cert | viol 0.117 | dV -0.220185 | V 0.3168 | inball 0.324 | a*_q05 -0.01127 | a*_q50 0.02123 | dV>=0 0.086 | n=150 | a_used 0.00174 -> 0.00165
  crit | n=1 | viol 0.512 | V 0.9263 | Vmin 0.3024 | agree +0.543 | a*_q05 -0.00512 | a*_q50 0.00169 | dV>=0 0.375 | beta 0.1847
  bell | direct viol 0.409 | direct dV>=0 0.353 | d_mean +0.00049 | d_std 0.02407 | d_q95 0.04399
[Episode 217/400] Steps: 720 | Reward:   -5.58 | Battery:  71.41% | Loss: -0.0445
Placing Sensors
[Episode 218/400] Steps: 720 | Reward:   -4.99 | Battery:  75.43% | Loss: 
Placing Sensors
Policy -0.0032 | Value 0.0081 | KL 0.00802 | CF 0.0990 | Std 0.1104 | |a| 0.0197 | EV +0.884 | AE 0.885 | Alpha 0.0100 | MB 24/24
  cert | viol 0.005 | dV -0.244001 | V 0.2921 | inball 0.467 | a*_q05 0.00546 | a*_q50 0.02638 | dV>=0 0.000 | n=150 | a_used 0.00165 -> 0.00178
  crit | n=1 | viol 0.526 | V 0.7030 | Vmin 0.3094 | agree +0.613 | a*_q05 -0.00611 | a*_q50 0.00141 | dV>=0 0.379 | beta 0.1832
  bell | direct viol 0.420 | direct dV>=0 0.370 | d_mean +0.00091 | d_std 0.01722 | d_q95 0.03312
[Episode 219/400] Steps: 720 | Reward:   -4.85 | Battery:  73.96% | Loss: 0.0515
Placing Sensors
[Episode 220/400] Steps: 720 | Reward:   -5.02 | Battery:  69.39% | Loss: 
Placing Sensors
Policy -0.0105 | Value 0.0086 | KL 0.00828 | CF 0.1075 | Std 0.1104 | |a| 0.0253 | EV +0.900 | AE 0.904 | Alpha 0.0100 | MB 24/24
  cert | viol 0.100 | dV -0.229492 | V 0.3438 | inball 0.473 | a*_q05 0.00030 | a*_q50 0.02479 | dV>=0 0.046 | n=150 | a_used 0.00178 -> 0.00176
  crit | n=1 | viol 0.425 | V 0.7428 | Vmin 0.2335 | agree +0.324 | a*_q05 -0.00631 | a*_q50 0.00313 | dV>=0 0.331 | beta 0.1805
  bell | direct viol 0.392 | direct dV>=0 0.328 | d_mean +0.00030 | d_std 0.02052 | d_q95 0.03668
[Episode 221/400] Steps: 720 | Reward:   -4.84 | Battery:  66.33% | Loss: -0.0679
Placing Sensors
[Episode 222/400] Steps:  76 | Reward:  -17.57 | Battery:   0.00% | Loss: 
Placing Sensors
[Episode 223/400] Steps: 720 | Reward:   -5.44 | Battery:  80.58% | Loss: 
Placing Sensors
Policy -0.0022 | Value 0.0177 | KL 0.00978 | CF 0.1215 | Std 0.1104 | |a| 0.0206 | EV +0.819 | AE 0.883 | Alpha 0.0100 | MB 24/24
  cert | viol 0.069 | dV -0.215584 | V 0.3353 | inball 0.378 | a*_q05 0.00105 | a*_q50 0.01757 | dV>=0 0.032 | n=150 | a_used 0.00176 -> 0.00179
  crit | n=1 | viol 0.283 | V 0.8487 | Vmin 0.3032 | agree +0.577 | a*_q05 -0.00349 | a*_q50 0.00441 | dV>=0 0.173 | beta 0.1797
  bell | direct viol 0.398 | direct dV>=0 0.341 | d_mean -0.00048 | d_std 0.02631 | d_q95 0.04623
[Episode 224/400] Steps: 720 | Reward:   -6.16 | Battery:  74.30% | Loss: 0.0517
Placing Sensors
[Episode 225/400] Steps: 720 | Reward:   -5.54 | Battery:  71.27% | Loss: 
Placing Sensors
Policy -0.0032 | Value 0.0083 | KL 0.00981 | CF 0.1342 | Std 0.1104 | |a| 0.0215 | EV +0.930 | AE 0.908 | Alpha 0.0100 | MB 24/24
  cert | viol 0.028 | dV -0.274508 | V 0.3419 | inball 0.489 | a*_q05 0.00320 | a*_q50 0.02898 | dV>=0 0.007 | n=150 | a_used 0.00179 -> 0.00178
  crit | n=1 | viol 0.468 | V 0.7571 | Vmin 0.2306 | agree +0.368 | a*_q05 -0.00694 | a*_q50 0.00244 | dV>=0 0.392 | beta 0.1769
  bell | direct viol 0.437 | direct dV>=0 0.363 | d_mean +0.00135 | d_std 0.01761 | d_q95 0.03170
[Episode 226/400] Steps: 720 | Reward:   -4.46 | Battery:  66.01% | Loss: 0.0387
Placing Sensors
[Episode 227/400] Steps:  82 | Reward:  -17.58 | Battery:   0.00% | Loss: 
Placing Sensors
[Episode 228/400] Steps: 720 | Reward:   -4.05 | Battery:  71.41% | Loss: 
Placing Sensors
Policy -0.0019 | Value 0.0105 | KL 0.01023 | CF 0.0975 | Std 0.1103 | |a| 0.0242 | EV +0.902 | AE 0.890 | Alpha 0.0100 | MB 24/24
  cert | viol 0.003 | dV -0.239969 | V 0.2880 | inball 0.447 | a*_q05 0.00505 | a*_q50 0.02572 | dV>=0 0.000 | n=150 | a_used 0.00178 -> 0.00187
  crit | n=1 | viol 0.519 | V 0.8128 | Vmin 0.2810 | agree +0.575 | a*_q05 -0.00679 | a*_q50 0.00154 | dV>=0 0.377 | beta 0.1748
  bell | direct viol 0.414 | direct dV>=0 0.345 | d_mean +0.00109 | d_std 0.01800 | d_q95 0.02973
[Episode 229/400] Steps: 720 | Reward:   -5.45 | Battery:  65.15% | Loss: 0.0343
Placing Sensors
[Episode 230/400] Steps: 720 | Reward:   -5.51 | Battery:  73.62% | Loss: 
Placing Sensors
Policy -0.0025 | Value 0.0073 | KL 0.00792 | CF 0.0904 | Std 0.1103 | |a| 0.0219 | EV +0.933 | AE 0.887 | Alpha 0.0100 | MB 24/24
  cert | viol 0.067 | dV -0.262722 | V 0.3389 | inball 0.510 | a*_q05 0.00096 | a*_q50 0.02962 | dV>=0 0.046 | n=150 | a_used 0.00187 -> 0.00189
  crit | n=1 | viol 0.496 | V 0.6855 | Vmin 0.2542 | agree +0.491 | a*_q05 -0.00681 | a*_q50 0.00196 | dV>=0 0.378 | beta 0.1716
  bell | direct viol 0.448 | direct dV>=0 0.358 | d_mean +0.00107 | d_std 0.02266 | d_q95 0.03857
[Episode 231/400] Steps: 720 | Reward:   -3.41 | Battery:  74.23% | Loss: -0.0303
Placing Sensors
[Episode 232/400] Steps:  99 | Reward:  -17.38 | Battery:   0.00% | Loss: 
Placing Sensors
[Episode 233/400] Steps: 720 | Reward:   -4.75 | Battery:  68.29% | Loss: 
Placing Sensors
[Episode 234/400] Steps:  82 | Reward:  -17.36 | Battery:   0.00% | Loss: 
Placing Sensors
Policy -0.0005 | Value 0.0142 | KL 0.01449 | CF 0.1919 | Std 0.1103 | |a| 0.0224 | EV +0.899 | AE 0.917 | Alpha 0.0100 | MB 28/28
  cert | viol 0.002 | dV -0.248662 | V 0.2954 | inball 0.505 | a*_q05 0.00540 | a*_q50 0.03333 | dV>=0 0.000 | n=150 | a_used 0.00189 -> 0.00197
  crit | n=1 | viol 0.553 | V 0.7620 | Vmin 0.2164 | agree +0.728 | a*_q05 -0.00589 | a*_q50 0.00127 | dV>=0 0.374 | beta 0.1681
  bell | direct viol 0.442 | direct dV>=0 0.348 | d_mean +0.00149 | d_std 0.01893 | d_q95 0.02923
[Episode 235/400] Steps: 720 | Reward:   -3.11 | Battery:  76.51% | Loss: 0.0658
Placing Sensors
[Episode 236/400] Steps: 720 | Reward:   -5.18 | Battery:  67.49% | Loss: 
Placing Sensors
[Episode 237/400] Steps: 111 | Reward:  -17.38 | Battery:   0.00% | Loss: 
Placing Sensors
Policy -0.0088 | Value 0.0170 | KL 0.01034 | CF 0.1150 | Std 0.1104 | |a| 0.0182 | EV +0.825 | AE 0.886 | Alpha 0.0100 | MB 28/28
  cert | viol 0.079 | dV -0.229558 | V 0.3194 | inball 0.357 | a*_q05 -0.00100 | a*_q50 0.02394 | dV>=0 0.047 | n=150 | a_used 0.00197 -> 0.00187
  crit | n=1 | viol 0.492 | V 0.7996 | Vmin 0.2835 | agree +0.544 | a*_q05 -0.00596 | a*_q50 0.00212 | dV>=0 0.367 | beta 0.1684
  bell | direct viol 0.484 | direct dV>=0 0.411 | d_mean +0.00017 | d_std 0.02746 | d_q95 0.04706
[Episode 238/400] Steps: 720 | Reward:   -5.79 | Battery:  62.70% | Loss: -0.1820
Placing Sensors
[Episode 239/400] Steps: 720 | Reward:   -4.17 | Battery:  73.39% | Loss: 
Placing Sensors
Policy -0.0036 | Value 0.0073 | KL 0.00447 | CF 0.0462 | Std 0.1104 | |a| 0.0173 | EV +0.900 | AE 0.893 | Alpha 0.0100 | MB 24/24
  cert | viol 0.058 | dV -0.223846 | V 0.2980 | inball 0.536 | a*_q05 0.00182 | a*_q50 0.02916 | dV>=0 0.008 | n=150 | a_used 0.00187 -> 0.00195
  crit | n=1 | viol 0.450 | V 0.6737 | Vmin 0.2627 | agree +0.479 | a*_q05 -0.00706 | a*_q50 0.00247 | dV>=0 0.327 | beta 0.1668
  bell | direct viol 0.449 | direct dV>=0 0.376 | d_mean +0.00130 | d_std 0.02337 | d_q95 0.04416
[Episode 240/400] Steps: 720 | Reward:   -4.17 | Battery:  81.94% | Loss: 0.0741
Placing Sensors
[Episode 241/400] Steps: 720 | Reward:   -5.11 | Battery:  71.43% | Loss: 
Placing Sensors
Policy -0.0067 | Value 0.0091 | KL 0.00688 | CF 0.0759 | Std 0.1104 | |a| 0.0222 | EV +0.900 | AE 0.882 | Alpha 0.0100 | MB 24/24
  cert | viol 0.040 | dV -0.229526 | V 0.2833 | inball 0.468 | a*_q05 0.00319 | a*_q50 0.03159 | dV>=0 0.015 | n=150 | a_used 0.00195 -> 0.00190
  crit | n=1 | viol 0.642 | V 0.7162 | Vmin 0.2857 | agree +0.460 | a*_q05 -0.00798 | a*_q50 0.00023 | dV>=0 0.485 | beta 0.1664
  bell | direct viol 0.492 | direct dV>=0 0.422 | d_mean +0.00118 | d_std 0.02105 | d_q95 0.03757
[Episode 242/400] Steps: 720 | Reward:   -3.97 | Battery:  57.28% | Loss: 0.0446
Placing Sensors
[Episode 243/400] Steps: 119 | Reward:  -17.38 | Battery:   0.00% | Loss: 
Placing Sensors
[Episode 244/400] Steps: 720 | Reward:   -5.65 | Battery:  71.35% | Loss: 
Placing Sensors
[Episode 245/400] Steps:  81 | Reward:  -17.71 | Battery:   0.00% | Loss: 
Placing Sensors
[Episode 246/400] Steps: 105 | Reward:  -17.52 | Battery:   0.00% | Loss: 
Placing Sensors
Policy 0.0008 | Value 0.0280 | KL 0.01830 | CF 0.1605 | Std 0.1104 | |a| 0.0239 | EV +0.679 | AE 0.874 | Alpha 0.0100 | MB 28/28
  cert | viol 0.015 | dV -0.221330 | V 0.2754 | inball 0.314 | a*_q05 0.00484 | a*_q50 0.02073 | dV>=0 0.001 | n=150 | a_used 0.00190 -> 0.00198
  crit | n=1 | viol 0.432 | V 0.8544 | Vmin 0.2990 | agree +0.682 | a*_q05 -0.00434 | a*_q50 0.00273 | dV>=0 0.272 | beta 0.1670
  bell | direct viol 0.550 | direct dV>=0 0.470 | d_mean -0.00206 | d_std 0.02907 | d_q95 0.04540
[Episode 247/400] Steps: 720 | Reward:   -4.95 | Battery:  69.69% | Loss: 0.0161
Placing Sensors
[Episode 248/400] Steps: 720 | Reward:   -5.13 | Battery:  69.25% | Loss: 
Placing Sensors
[Episode 249/400] Steps: 163 | Reward:  -17.15 | Battery:   0.00% | Loss: 
Placing Sensors
[Episode 250/400] Steps: 118 | Reward:  -17.27 | Battery:   0.00% | Loss: 
Placing Sensors
Policy 0.0031 | Value 0.0264 | KL 0.01144 | CF 0.0950 | Std 0.1104 | |a| 0.0202 | EV +0.768 | AE 0.871 | Alpha 0.0100 | MB 28/28
  cert | viol 0.019 | dV -0.262971 | V 0.3149 | inball 0.413 | a*_q05 0.00416 | a*_q50 0.02862 | dV>=0 0.000 | n=150 | a_used 0.00198 -> 0.00208
  crit | n=1 | viol 0.581 | V 0.9612 | Vmin 0.3221 | agree +0.627 | a*_q05 -0.00615 | a*_q50 0.00112 | dV>=0 0.380 | beta 0.1672
  bell | direct viol 0.505 | direct dV>=0 0.416 | d_mean +0.00025 | d_std 0.03360 | d_q95 0.04371
[Episode 251/400] Steps: 720 | Reward:   -4.36 | Battery:  70.08% | Loss: -0.0566
Placing Sensors
[Episode 252/400] Steps: 720 | Reward:   -6.58 | Battery:  61.82% | Loss: 
Placing Sensors
[Episode 253/400] Steps:  81 | Reward:  -17.51 | Battery:   0.00% | Loss: 
Placing Sensors
Policy -0.0026 | Value 0.0172 | KL 0.00636 | CF 0.0749 | Std 0.1104 | |a| 0.0205 | EV +0.827 | AE 0.885 | Alpha 0.0100 | MB 24/24
  cert | viol 0.107 | dV -0.241095 | V 0.3700 | inball 0.381 | a*_q05 -0.00060 | a*_q50 0.02081 | dV>=0 0.069 | n=150 | a_used 0.00208 -> 0.00198
  crit | n=1 | viol 0.472 | V 0.8984 | Vmin 0.3324 | agree +0.566 | a*_q05 -0.00542 | a*_q50 0.00248 | dV>=0 0.301 | beta 0.1682
  bell | direct viol 0.542 | direct dV>=0 0.441 | d_mean -0.00026 | d_std 0.02845 | d_q95 0.05275
[Episode 254/400] Steps: 720 | Reward:   -5.47 | Battery:  77.98% | Loss: -0.0576
Placing Sensors
[Episode 255/400] Steps: 720 | Reward:   -6.20 | Battery:  62.58% | Loss: 
Placing Sensors
Policy -0.0035 | Value 0.0074 | KL 0.00749 | CF 0.0956 | Std 0.1104 | |a| 0.0149 | EV +0.921 | AE 0.897 | Alpha 0.0100 | MB 24/24
  cert | viol 0.075 | dV -0.245171 | V 0.3472 | inball 0.467 | a*_q05 0.00134 | a*_q50 0.02667 | dV>=0 0.025 | n=150 | a_used 0.00198 -> 0.00194
  crit | n=1 | viol 0.540 | V 0.8243 | Vmin 0.3759 | agree +0.503 | a*_q05 -0.00728 | a*_q50 0.00136 | dV>=0 0.402 | beta 0.1695
  bell | direct viol 0.506 | direct dV>=0 0.412 | d_mean +0.00065 | d_std 0.01903 | d_q95 0.03272
[Episode 256/400] Steps: 720 | Reward:   -4.41 | Battery:  70.73% | Loss: -0.0186
Placing Sensors
[Episode 257/400] Steps:  83 | Reward:  -17.49 | Battery:   0.00% | Loss: 
Placing Sensors
[Episode 258/400] Steps: 720 | Reward:   -6.33 | Battery:  56.79% | Loss: 
Placing Sensors
[Episode 259/400] Steps:  94 | Reward:  -17.34 | Battery:   0.00% | Loss: 
Placing Sensors
Policy -0.0054 | Value 0.0110 | KL 0.00461 | CF 0.0464 | Std 0.1104 | |a| 0.0194 | EV +0.898 | AE 0.876 | Alpha 0.0100 | MB 28/28
  cert | viol 0.145 | dV -0.255769 | V 0.3481 | inball 0.279 | a*_q05 -0.01001 | a*_q50 0.02258 | dV>=0 0.119 | n=150 | a_used 0.00194 -> 0.00195
  crit | n=1 | viol 0.616 | V 1.0145 | Vmin 0.3888 | agree +0.586 | a*_q05 -0.00648 | a*_q50 0.00029 | dV>=0 0.489 | beta 0.1688
  bell | direct viol 0.523 | direct dV>=0 0.435 | d_mean -0.00013 | d_std 0.02296 | d_q95 0.03798
[Episode 260/400] Steps: 720 | Reward:   -6.03 | Battery:  55.29% | Loss: 0.1091
Placing Sensors
[Episode 261/400] Steps: 720 | Reward:   -4.95 | Battery:  67.84% | Loss: 
Placing Sensors
Policy -0.0048 | Value 0.0095 | KL 0.00595 | CF 0.0748 | Std 0.1104 | |a| 0.0171 | EV +0.858 | AE 0.913 | Alpha 0.0100 | MB 24/24
  cert | viol 0.040 | dV -0.220514 | V 0.3142 | inball 0.341 | a*_q05 0.00239 | a*_q50 0.02035 | dV>=0 0.000 | n=150 | a_used 0.00195 -> 0.00197
  crit | n=1 | viol 0.450 | V 0.7884 | Vmin 0.3972 | agree +0.307 | a*_q05 -0.00512 | a*_q50 0.00274 | dV>=0 0.330 | beta 0.1695
  bell | direct viol 0.498 | direct dV>=0 0.395 | d_mean -0.00056 | d_std 0.01717 | d_q95 0.02590
[Episode 262/400] Steps: 720 | Reward:   -6.68 | Battery:  71.54% | Loss: 0.0163
Placing Sensors
[Episode 263/400] Steps: 720 | Reward:   -3.81 | Battery:  81.86% | Loss: 
Placing Sensors
Policy -0.0073 | Value 0.0077 | KL 0.01213 | CF 0.1641 | Std 0.1104 | |a| 0.0179 | EV +0.924 | AE 0.906 | Alpha 0.0100 | MB 24/24
  cert | viol 0.000 | dV -0.303140 | V 0.3429 | inball 0.580 | a*_q05 0.00583 | a*_q50 0.03604 | dV>=0 0.000 | n=150 | a_used 0.00197 -> 0.00206
  crit | n=1 | viol 0.576 | V 0.7245 | Vmin 0.3463 | agree +0.608 | a*_q05 -0.00803 | a*_q50 0.00090 | dV>=0 0.446 | beta 0.1700
  bell | direct viol 0.408 | direct dV>=0 0.329 | d_mean +0.00292 | d_std 0.01634 | d_q95 0.02969
[Episode 264/400] Steps: 720 | Reward:   -4.74 | Battery:  75.29% | Loss: -0.0659
Placing Sensors
[Episode 265/400] Steps: 720 | Reward:   -5.10 | Battery:  72.92% | Loss: 
Placing Sensors
Policy -0.0072 | Value 0.0096 | KL 0.00765 | CF 0.0897 | Std 0.1104 | |a| 0.0175 | EV +0.866 | AE 0.899 | Alpha 0.0100 | MB 24/24
  cert | viol 0.060 | dV -0.255762 | V 0.3609 | inball 0.458 | a*_q05 0.00197 | a*_q50 0.02373 | dV>=0 0.000 | n=150 | a_used 0.00206 -> 0.00209
  crit | n=1 | viol 0.435 | V 0.7442 | Vmin 0.3597 | agree +0.550 | a*_q05 -0.00632 | a*_q50 0.00313 | dV>=0 0.333 | beta 0.1701
  bell | direct viol 0.440 | direct dV>=0 0.357 | d_mean -0.00101 | d_std 0.01723 | d_q95 0.02784
[Episode 266/400] Steps: 720 | Reward:   -5.88 | Battery:  71.15% | Loss: -0.0049
Placing Sensors
[Episode 267/400] Steps: 720 | Reward:   -4.49 | Battery:  74.65% | Loss: 
Placing Sensors
[Episode 268/400] Steps: 124 | Reward:  -17.41 | Battery:   0.00% | Loss: 
Placing Sensors
[Episode 269/400] Steps: 119 | Reward:  -17.53 | Battery:   0.00% | Loss: 
Placing Sensors
Policy -0.0041 | Value 0.0217 | KL 0.00979 | CF 0.1056 | Std 0.1104 | |a| 0.0226 | EV +0.837 | AE 0.888 | Alpha 0.0100 | MB 28/28
  cert | viol 0.054 | dV -0.277749 | V 0.3583 | inball 0.430 | a*_q05 0.00210 | a*_q50 0.02785 | dV>=0 0.020 | n=150 | a_used 0.00209 -> 0.00191
  crit | n=1 | viol 0.415 | V 0.8493 | Vmin 0.2425 | agree +0.715 | a*_q05 -0.00543 | a*_q50 0.00287 | dV>=0 0.232 | beta 0.1677
  bell | direct viol 0.510 | direct dV>=0 0.412 | d_mean -0.00033 | d_std 0.02291 | d_q95 0.04027
[Episode 270/400] Steps: 720 | Reward:   -5.24 | Battery:  71.24% | Loss: 0.0442
Placing Sensors
[Episode 271/400] Steps: 720 | Reward:   -3.67 | Battery:  69.07% | Loss: 
Placing Sensors
[Episode 272/400] Steps: 112 | Reward:  -17.38 | Battery:   0.00% | Loss: 
Placing Sensors
[Episode 273/400] Steps:  70 | Reward:  -17.66 | Battery:   0.00% | Loss: 
Placing Sensors
[Episode 274/400] Steps: 101 | Reward:  -17.49 | Battery:   0.00% | Loss: 
Placing Sensors
[Episode 275/400] Steps:  92 | Reward:  -17.46 | Battery:   0.00% | Loss: 
Placing Sensors
Policy -0.0016 | Value 0.0281 | KL 0.01174 | CF 0.1272 | Std 0.1104 | |a| 0.0233 | EV +0.839 | AE 0.886 | Alpha 0.0100 | MB 32/32
  cert | viol 0.015 | dV -0.258961 | V 0.3200 | inball 0.362 | a*_q05 0.00547 | a*_q50 0.02716 | dV>=0 0.000 | n=150 | a_used 0.00191 -> 0.00204
  crit | n=1 | viol 0.525 | V 0.9760 | Vmin 0.3066 | agree +0.709 | a*_q05 -0.00602 | a*_q50 0.00161 | dV>=0 0.344 | beta 0.1681
  bell | direct viol 0.507 | direct dV>=0 0.428 | d_mean +0.00081 | d_std 0.03001 | d_q95 0.05170
[Episode 276/400] Steps: 720 | Reward:   -5.53 | Battery:  68.34% | Loss: 0.1194
Placing Sensors
[Episode 277/400] Steps: 720 | Reward:   -4.54 | Battery:  67.02% | Loss: 
Placing Sensors
Policy -0.0026 | Value 0.0120 | KL 0.01146 | CF 0.1384 | Std 0.1104 | |a| 0.0188 | EV +0.849 | AE 0.883 | Alpha 0.0100 | MB 24/24
  cert | viol 0.024 | dV -0.285809 | V 0.3424 | inball 0.448 | a*_q05 0.00505 | a*_q50 0.02974 | dV>=0 0.000 | n=150 | a_used 0.00204 -> 0.00216
  crit | n=1 | viol 0.587 | V 0.8514 | Vmin 0.3794 | agree +0.288 | a*_q05 -0.00712 | a*_q50 -0.00001 | dV>=0 0.503 | beta 0.1683
  bell | direct viol 0.498 | direct dV>=0 0.399 | d_mean +0.00133 | d_std 0.02427 | d_q95 0.03807
[Episode 278/400] Steps: 720 | Reward:   -6.01 | Battery:  52.49% | Loss: -0.0609
Placing Sensors
[Episode 279/400] Steps: 720 | Reward:   -4.11 | Battery:  85.05% | Loss: 
Placing Sensors
Policy -0.0092 | Value 0.0068 | KL 0.00550 | CF 0.0692 | Std 0.1104 | |a| 0.0153 | EV +0.909 | AE 0.922 | Alpha 0.0100 | MB 24/24
  cert | viol 0.038 | dV -0.230988 | V 0.2987 | inball 0.570 | a*_q05 0.00266 | a*_q50 0.03099 | dV>=0 0.004 | n=150 | a_used 0.00216 -> 0.00219
  crit | n=1 | viol 0.457 | V 0.6189 | Vmin 0.2367 | agree +0.560 | a*_q05 -0.00649 | a*_q50 0.00277 | dV>=0 0.328 | beta 0.1649
  bell | direct viol 0.370 | direct dV>=0 0.311 | d_mean +0.00086 | d_std 0.01819 | d_q95 0.03740
[Episode 280/400] Steps: 720 | Reward:   -3.67 | Battery:  76.14% | Loss: -0.0323
Placing Sensors
[Episode 281/400] Steps: 720 | Reward:   -4.02 | Battery:  68.84% | Loss: 
Placing Sensors
Policy -0.0048 | Value 0.0063 | KL 0.00514 | CF 0.0615 | Std 0.1103 | |a| 0.0174 | EV +0.939 | AE 0.912 | Alpha 0.0100 | MB 24/24
  cert | viol 0.159 | dV -0.230341 | V 0.3776 | inball 0.469 | a*_q05 -0.00104 | a*_q50 0.02465 | dV>=0 0.118 | n=150 | a_used 0.00219 -> 0.00208
  crit | n=1 | viol 0.322 | V 0.7013 | Vmin 0.2107 | agree +0.547 | a*_q05 -0.00489 | a*_q50 0.00487 | dV>=0 0.191 | beta 0.1616
  bell | direct viol 0.456 | direct dV>=0 0.376 | d_mean -0.00083 | d_std 0.01892 | d_q95 0.03108
[Episode 282/400] Steps: 720 | Reward:   -6.72 | Battery:  85.61% | Loss: -0.0328
Placing Sensors
[Episode 283/400] Steps:  76 | Reward:  -17.71 | Battery:   0.00% | Loss: 
Placing Sensors
[Episode 284/400] Steps: 720 | Reward:   -3.52 | Battery:  80.30% | Loss: 
Placing Sensors
[Episode 285/400] Steps:  88 | Reward:  -17.53 | Battery:   0.00% | Loss: 
Placing Sensors
[Episode 286/400] Steps:  69 | Reward:  -17.64 | Battery:   0.00% | Loss: 
Placing Sensors
Policy 0.0006 | Value 0.0225 | KL 0.00398 | CF 0.0424 | Std 0.1103 | |a| 0.0164 | EV +0.851 | AE 0.897 | Alpha 0.0100 | MB 28/28
  cert | viol 0.000 | dV -0.225828 | V 0.2637 | inball 0.459 | a*_q05 0.00647 | a*_q50 0.03172 | dV>=0 0.000 | n=150 | a_used 0.00208 -> 0.00223
  crit | n=1 | viol 0.659 | V 0.8889 | Vmin 0.2732 | agree +0.738 | a*_q05 -0.00667 | a*_q50 0.00064 | dV>=0 0.425 | beta 0.1603
  bell | direct viol 0.433 | direct dV>=0 0.359 | d_mean +0.00187 | d_std 0.02315 | d_q95 0.04277
[Episode 287/400] Steps: 720 | Reward:   -4.80 | Battery:  67.43% | Loss: 0.0649
Placing Sensors
[Episode 288/400] Steps:  70 | Reward:  -17.61 | Battery:   0.00% | Loss: 
Placing Sensors
[Episode 289/400] Steps: 720 | Reward:   -4.36 | Battery:  76.72% | Loss: 
Placing Sensors
[Episode 290/400] Steps:  65 | Reward:  -17.50 | Battery:   0.00% | Loss: 
Placing Sensors
[Episode 291/400] Steps:  67 | Reward:  -17.70 | Battery:   0.00% | Loss: 
Placing Sensors
Policy -0.0059 | Value 0.0177 | KL 0.00825 | CF 0.0979 | Std 0.1103 | |a| 0.0215 | EV +0.904 | AE 0.901 | Alpha 0.0100 | MB 28/28
  cert | viol 0.004 | dV -0.220959 | V 0.2740 | inball 0.401 | a*_q05 0.00535 | a*_q50 0.02011 | dV>=0 0.000 | n=150 | a_used 0.00223 -> 0.00231
  crit | n=1 | viol 0.454 | V 0.8621 | Vmin 0.2676 | agree +0.731 | a*_q05 -0.00611 | a*_q50 0.00280 | dV>=0 0.257 | beta 0.1597
  bell | direct viol 0.448 | direct dV>=0 0.364 | d_mean +0.00128 | d_std 0.02027 | d_q95 0.03241
[Episode 292/400] Steps: 720 | Reward:   -5.13 | Battery:  81.94% | Loss: -0.0686
Placing Sensors
[Episode 293/400] Steps: 720 | Reward:   -6.75 | Battery:  39.35% | Loss: 
Placing Sensors
Policy -0.0039 | Value 0.0126 | KL 0.00884 | CF 0.1138 | Std 0.1103 | |a| 0.0268 | EV +0.891 | AE 0.919 | Alpha 0.0100 | MB 24/24
  cert | viol 0.074 | dV -0.216329 | V 0.2919 | inball 0.354 | a*_q05 -0.00105 | a*_q50 0.02556 | dV>=0 0.034 | n=150 | a_used 0.00231 -> 0.00232
  crit | n=1 | viol 0.632 | V 0.8562 | Vmin 0.2907 | agree +0.361 | a*_q05 -0.00587 | a*_q50 0.00012 | dV>=0 0.503 | beta 0.1596
  bell | direct viol 0.489 | direct dV>=0 0.412 | d_mean -0.00061 | d_std 0.02434 | d_q95 0.04153
[Episode 294/400] Steps: 720 | Reward:   -4.84 | Battery:  58.78% | Loss: 0.0001
Placing Sensors
[Episode 295/400] Steps: 720 | Reward:   -3.61 | Battery:  86.68% | Loss: 
Placing Sensors
Policy -0.0079 | Value 0.0078 | KL 0.00852 | CF 0.1177 | Std 0.1103 | |a| 0.0181 | EV +0.915 | AE 0.925 | Alpha 0.0100 | MB 24/24
  cert | viol 0.069 | dV -0.315507 | V 0.4042 | inball 0.539 | a*_q05 0.00183 | a*_q50 0.03017 | dV>=0 0.024 | n=150 | a_used 0.00232 -> 0.00217
  crit | n=1 | viol 0.292 | V 0.6804 | Vmin 0.2304 | agree +0.635 | a*_q05 -0.00566 | a*_q50 0.00556 | dV>=0 0.214 | beta 0.1574
  bell | direct viol 0.393 | direct dV>=0 0.323 | d_mean -0.00035 | d_std 0.01821 | d_q95 0.03469
[Episode 296/400] Steps: 720 | Reward:   -6.21 | Battery:  80.60% | Loss: -0.0918
Placing Sensors
[Episode 297/400] Steps: 720 | Reward:   -3.58 | Battery:  67.92% | Loss: 
Placing Sensors
Policy -0.0072 | Value 0.0060 | KL 0.00557 | CF 0.0692 | Std 0.1104 | |a| 0.0171 | EV +0.924 | AE 0.907 | Alpha 0.0100 | MB 24/24
  cert | viol 0.006 | dV -0.284924 | V 0.3289 | inball 0.486 | a*_q05 0.00633 | a*_q50 0.03342 | dV>=0 0.000 | n=150 | a_used 0.00217 -> 0.00232
  crit | n=1 | viol 0.478 | V 0.6602 | Vmin 0.2287 | agree +0.323 | a*_q05 -0.00602 | a*_q50 0.00277 | dV>=0 0.375 | beta 0.1550
  bell | direct viol 0.435 | direct dV>=0 0.374 | d_mean +0.00036 | d_std 0.02193 | d_q95 0.04541
[Episode 298/400] Steps: 720 | Reward:   -5.38 | Battery:  63.76% | Loss: -0.0263
Placing Sensors
[Episode 299/400] Steps: 720 | Reward:   -6.13 | Battery:  61.07% | Loss: 
Placing Sensors
Policy -0.0066 | Value 0.0053 | KL 0.00707 | CF 0.0860 | Std 0.1104 | |a| 0.0203 | EV +0.926 | AE 0.903 | Alpha 0.0100 | MB 24/24
  cert | viol 0.159 | dV -0.212160 | V 0.3157 | inball 0.491 | a*_q05 0.00065 | a*_q50 0.02630 | dV>=0 0.000 | n=150 | a_used 0.00232 -> 0.00216
  crit | n=1 | viol 0.420 | V 0.6295 | Vmin 0.1831 | agree +0.569 | a*_q05 -0.00579 | a*_q50 0.00328 | dV>=0 0.269 | beta 0.1523
  bell | direct viol 0.458 | direct dV>=0 0.371 | d_mean -0.00019 | d_std 0.01895 | d_q95 0.03912
[Episode 300/400] Steps: 720 | Reward:   -3.10 | Battery:  81.38% | Loss: -0.0126
Placing Sensors
[Episode 301/400] Steps: 720 | Reward:   -4.78 | Battery:  77.63% | Loss: 
Placing Sensors
Policy -0.0008 | Value 0.0052 | KL 0.00699 | CF 0.0882 | Std 0.1104 | |a| 0.0184 | EV +0.927 | AE 0.894 | Alpha 0.0100 | MB 24/24
  cert | viol 0.000 | dV -0.252755 | V 0.2879 | inball 0.490 | a*_q05 0.00693 | a*_q50 0.03380 | dV>=0 0.000 | n=150 | a_used 0.00216 -> 0.00224
  crit | n=1 | viol 0.603 | V 0.6690 | Vmin 0.2404 | agree +0.591 | a*_q05 -0.00716 | a*_q50 0.00013 | dV>=0 0.506 | beta 0.1505
  bell | direct viol 0.474 | direct dV>=0 0.388 | d_mean +0.00143 | d_std 0.01598 | d_q95 0.03144
[Episode 302/400] Steps: 720 | Reward:   -4.15 | Battery:  56.94% | Loss: 0.0429
Placing Sensors
[Episode 303/400] Steps: 720 | Reward:   -5.34 | Battery:  63.56% | Loss: 
Placing Sensors
Policy -0.0040 | Value 0.0050 | KL 0.00599 | CF 0.0723 | Std 0.1103 | |a| 0.0173 | EV +0.945 | AE 0.882 | Alpha 0.0100 | MB 24/24
  cert | viol 0.023 | dV -0.270576 | V 0.3254 | inball 0.445 | a*_q05 0.00451 | a*_q50 0.02710 | dV>=0 0.003 | n=150 | a_used 0.00224 -> 0.00233
  crit | n=1 | viol 0.477 | V 0.7339 | Vmin 0.2720 | agree +0.560 | a*_q05 -0.00560 | a*_q50 0.00249 | dV>=0 0.325 | beta 0.1500
  bell | direct viol 0.473 | direct dV>=0 0.402 | d_mean +0.00011 | d_std 0.01538 | d_q95 0.03055
[Episode 304/400] Steps: 720 | Reward:   -5.15 | Battery:  75.01% | Loss: 0.0425
Placing Sensors
[Episode 305/400] Steps:  65 | Reward:  -17.86 | Battery:   0.00% | Loss: 
Placing Sensors
[Episode 306/400] Steps: 720 | Reward:   -4.13 | Battery:  78.52% | Loss: 
Placing Sensors
Policy -0.0060 | Value 0.0158 | KL 0.00476 | CF 0.0541 | Std 0.1103 | |a| 0.0221 | EV +0.833 | AE 0.902 | Alpha 0.0100 | MB 24/24
  cert | viol 0.000 | dV -0.287234 | V 0.3198 | inball 0.536 | a*_q05 0.00693 | a*_q50 0.03736 | dV>=0 0.000 | n=150 | a_used 0.00233 -> 0.00242
  crit | n=1 | viol 0.495 | V 0.6791 | Vmin 0.2511 | agree +0.647 | a*_q05 -0.00717 | a*_q50 0.00232 | dV>=0 0.358 | beta 0.1490
  bell | direct viol 0.475 | direct dV>=0 0.400 | d_mean +0.00119 | d_std 0.02274 | d_q95 0.03949
[Episode 307/400] Steps: 720 | Reward:   -4.08 | Battery:  68.05% | Loss: -0.0533
Placing Sensors
[Episode 308/400] Steps: 106 | Reward:  -17.37 | Battery:   0.00% | Loss: 
Placing Sensors
[Episode 309/400] Steps: 720 | Reward:   -3.99 | Battery:  59.35% | Loss: 
Placing Sensors
Policy 0.0210 | Value 0.0282 | KL 0.01327 | CF 0.1628 | Std 0.1103 | |a| 0.0217 | EV +0.787 | AE 0.905 | Alpha 0.0100 | MB 28/28
  cert | viol 0.000 | dV -0.221586 | V 0.2571 | inball 0.448 | a*_q05 0.00979 | a*_q50 0.03173 | dV>=0 0.000 | n=150 | a_used 0.00242 -> 0.00260
  crit | n=1 | viol 0.680 | V 0.7809 | Vmin 0.2511 | agree +0.576 | a*_q05 -0.00532 | a*_q50 0.00048 | dV>=0 0.446 | beta 0.1481
  bell | direct viol 0.497 | direct dV>=0 0.406 | d_mean +0.00179 | d_std 0.02125 | d_q95 0.03828
[Episode 310/400] Steps: 720 | Reward:   -4.72 | Battery:  58.88% | Loss: -0.2037
Placing Sensors
[Episode 311/400] Steps: 720 | Reward:   -3.11 | Battery:  80.36% | Loss: 
Placing Sensors
Policy -0.0052 | Value 0.0089 | KL 0.00623 | CF 0.0801 | Std 0.1103 | |a| 0.0221 | EV +0.861 | AE 0.924 | Alpha 0.0100 | MB 24/24
  cert | viol 0.002 | dV -0.214285 | V 0.2436 | inball 0.516 | a*_q05 0.00704 | a*_q50 0.02944 | dV>=0 0.000 | n=150 | a_used 0.00260 -> 0.00275
  crit | n=1 | viol 0.560 | V 0.6308 | Vmin 0.2233 | agree +0.386 | a*_q05 -0.00577 | a*_q50 0.00181 | dV>=0 0.380 | beta 0.1460
  bell | direct viol 0.444 | direct dV>=0 0.377 | d_mean +0.00206 | d_std 0.01910 | d_q95 0.03675
[Episode 312/400] Steps: 720 | Reward:   -5.03 | Battery:  58.56% | Loss: -0.0206
Placing Sensors
[Episode 313/400] Steps: 720 | Reward:   -3.42 | Battery:  82.47% | Loss: 
Placing Sensors
[Episode 314/400] Steps:  89 | Reward:  -17.52 | Battery:   0.00% | Loss: 
Placing Sensors
Policy -0.0050 | Value 0.0121 | KL 0.00931 | CF 0.1231 | Std 0.1103 | |a| 0.0200 | EV +0.822 | AE 0.923 | Alpha 0.0100 | MB 24/24
  cert | viol 0.010 | dV -0.233709 | V 0.2692 | inball 0.563 | a*_q05 0.00609 | a*_q50 0.03312 | dV>=0 0.000 | n=150 | a_used 0.00275 -> 0.00285
  crit | n=1 | viol 0.495 | V 0.5917 | Vmin 0.2148 | agree +0.727 | a*_q05 -0.00599 | a*_q50 0.00280 | dV>=0 0.279 | beta 0.1437
  bell | direct viol 0.443 | direct dV>=0 0.374 | d_mean +0.00075 | d_std 0.02889 | d_q95 0.05797
[Episode 315/400] Steps: 720 | Reward:   -3.64 | Battery:  80.79% | Loss: 0.0258
Placing Sensors
[Episode 316/400] Steps: 720 | Reward:   -4.58 | Battery:  79.00% | Loss: 
Placing Sensors
Policy 0.0059 | Value 0.0077 | KL 0.00756 | CF 0.0864 | Std 0.1103 | |a| 0.0166 | EV +0.896 | AE 0.936 | Alpha 0.0100 | MB 24/24
  cert | viol 0.011 | dV -0.270714 | V 0.3205 | inball 0.552 | a*_q05 0.00535 | a*_q50 0.03071 | dV>=0 0.000 | n=150 | a_used 0.00285 -> 0.00297
  crit | n=1 | viol 0.338 | V 0.5551 | Vmin 0.1622 | agree +0.615 | a*_q05 -0.00602 | a*_q50 0.00508 | dV>=0 0.205 | beta 0.1392
  bell | direct viol 0.408 | direct dV>=0 0.337 | d_mean +0.00011 | d_std 0.02675 | d_q95 0.04021
[Episode 317/400] Steps: 720 | Reward:   -3.84 | Battery:  78.26% | Loss: -0.0255
Placing Sensors
[Episode 318/400] Steps: 119 | Reward:  -17.32 | Battery:   0.00% | Loss: 
Placing Sensors
[Episode 319/400] Steps: 720 | Reward:   -3.86 | Battery:  78.20% | Loss: 
Placing Sensors
[Episode 320/400] Steps:  70 | Reward:  -17.50 | Battery:   0.00% | Loss: 
Placing Sensors
Policy -0.0037 | Value 0.0241 | KL 0.00531 | CF 0.0615 | Std 0.1103 | |a| 0.0174 | EV +0.794 | AE 0.914 | Alpha 0.0100 | MB 28/28
  cert | viol 0.000 | dV -0.197974 | V 0.2402 | inball 0.458 | a*_q05 0.00523 | a*_q50 0.02775 | dV>=0 0.000 | n=150 | a_used 0.00297 -> 0.00308
  crit | n=1 | viol 0.574 | V 0.7418 | Vmin 0.2030 | agree +0.714 | a*_q05 -0.00571 | a*_q50 0.00208 | dV>=0 0.322 | beta 0.1382
  bell | direct viol 0.457 | direct dV>=0 0.332 | d_mean +0.00149 | d_std 0.01599 | d_q95 0.03040
[Episode 321/400] Steps: 720 | Reward:   -3.92 | Battery:  73.39% | Loss: -0.0158
Placing Sensors
[Episode 322/400] Steps: 262 | Reward:  -16.80 | Battery:   0.00% | Loss: 
Placing Sensors
[Episode 323/400] Steps: 720 | Reward:   -5.14 | Battery:  70.65% | Loss: 
Placing Sensors
Policy -0.0004 | Value 0.0358 | KL 0.00749 | CF 0.0892 | Std 0.1102 | |a| 0.0246 | EV +0.751 | AE 0.910 | Alpha 0.0100 | MB 28/28
  cert | viol 0.180 | dV -0.228237 | V 0.3918 | inball 0.416 | a*_q05 -0.00163 | a*_q50 0.02411 | dV>=0 0.149 | n=150 | a_used 0.00308 -> 0.00293
  crit | n=1 | viol 0.548 | V 0.8366 | Vmin 0.1782 | agree +0.660 | a*_q05 -0.00651 | a*_q50 0.00268 | dV>=0 0.282 | beta 0.1344
  bell | direct viol 0.525 | direct dV>=0 0.398 | d_mean +0.00045 | d_std 0.02664 | d_q95 0.05046
[Episode 324/400] Steps: 720 | Reward:   -4.22 | Battery:  73.51% | Loss: 0.1374
Placing Sensors
[Episode 325/400] Steps: 720 | Reward:   -4.52 | Battery:  69.11% | Loss: 
Placing Sensors
[Episode 326/400] Steps: 120 | Reward:  -17.30 | Battery:   0.00% | Loss: 
Placing Sensors
[Episode 327/400] Steps: 119 | Reward:  -17.43 | Battery:   0.00% | Loss: 
Placing Sensors
[Episode 328/400] Steps: 127 | Reward:  -17.27 | Battery:   0.00% | Loss: 
Placing Sensors
[Episode 329/400] Steps:  85 | Reward:  -17.46 | Battery:   0.00% | Loss: 
Placing Sensors
Policy -0.0007 | Value 0.0267 | KL 0.00606 | CF 0.0677 | Std 0.1102 | |a| 0.0246 | EV +0.907 | AE 0.907 | Alpha 0.0100 | MB 32/32
  cert | viol 0.088 | dV -0.244592 | V 0.3366 | inball 0.358 | a*_q05 0.00182 | a*_q50 0.02647 | dV>=0 0.017 | n=150 | a_used 0.00293 -> 0.00293
  crit | n=1 | viol 0.535 | V 0.9592 | Vmin 0.1347 | agree +0.697 | a*_q05 -0.00553 | a*_q50 0.00244 | dV>=0 0.274 | beta 0.1298
  bell | direct viol 0.560 | direct dV>=0 0.440 | d_mean -0.00069 | d_std 0.02084 | d_q95 0.03583
[Episode 330/400] Steps: 720 | Reward:   -5.48 | Battery:  75.14% | Loss: 0.1188
Placing Sensors
[Episode 331/400] Steps: 140 | Reward:  -16.94 | Battery:   0.00% | Loss: 
Placing Sensors
[Episode 332/400] Steps: 720 | Reward:   -4.91 | Battery:  78.84% | Loss: 
Placing Sensors
Policy 0.0131 | Value 0.0155 | KL 0.00845 | CF 0.0865 | Std 0.1102 | |a| 0.0308 | EV +0.876 | AE 0.896 | Alpha 0.0100 | MB 28/28
  cert | viol 0.073 | dV -0.219709 | V 0.3018 | inball 0.414 | a*_q05 0.00291 | a*_q50 0.02365 | dV>=0 0.000 | n=150 | a_used 0.00293 -> 0.00293
  crit | n=1 | viol 0.706 | V 0.8995 | Vmin 0.2490 | agree +0.693 | a*_q05 -0.00490 | a*_q50 0.00104 | dV>=0 0.381 | beta 0.1316
  bell | direct viol 0.573 | direct dV>=0 0.466 | d_mean +0.00111 | d_std 0.02338 | d_q95 0.03375
[Episode 333/400] Steps: 720 | Reward:   -5.41 | Battery:  78.26% | Loss: -0.2284
Placing Sensors
[Episode 334/400] Steps: 112 | Reward:  -17.52 | Battery:   0.00% | Loss: 
Placing Sensors
[Episode 335/400] Steps: 720 | Reward:   -3.13 | Battery:  83.58% | Loss: 
Placing Sensors
Policy -0.0231 | Value 0.0267 | KL 0.01013 | CF 0.1390 | Std 0.1102 | |a| 0.0245 | EV +0.804 | AE 0.915 | Alpha 0.0100 | MB 28/28
  cert | viol 0.025 | dV -0.246192 | V 0.2920 | inball 0.502 | a*_q05 0.00633 | a*_q50 0.03291 | dV>=0 0.000 | n=150 | a_used 0.00293 -> 0.00310
  crit | n=1 | viol 0.468 | V 0.6644 | Vmin 0.1071 | agree +0.602 | a*_q05 -0.00558 | a*_q50 0.00364 | dV>=0 0.281 | beta 0.1294
  bell | direct viol 0.473 | direct dV>=0 0.388 | d_mean +0.00211 | d_std 0.02367 | d_q95 0.04619
[Episode 336/400] Steps: 720 | Reward:   -4.61 | Battery:  63.95% | Loss: -0.4032
Placing Sensors
[Episode 337/400] Steps: 129 | Reward:  -17.25 | Battery:   0.00% | Loss: 
Placing Sensors
[Episode 338/400] Steps: 103 | Reward:  -17.53 | Battery:   0.00% | Loss: 
Placing Sensors
[Episode 339/400] Steps: 720 | Reward:   -4.01 | Battery:  75.79% | Loss: 
Placing Sensors
Policy -0.0028 | Value 0.0264 | KL 0.00768 | CF 0.1039 | Std 0.1102 | |a| 0.0213 | EV +0.846 | AE 0.902 | Alpha 0.0100 | MB 28/28
  cert | viol 0.050 | dV -0.214498 | V 0.2750 | inball 0.422 | a*_q05 0.00365 | a*_q50 0.02619 | dV>=0 0.000 | n=150 | a_used 0.00310 -> 0.00321
  crit | n=1 | viol 0.688 | V 0.8273 | Vmin 0.1893 | agree +0.730 | a*_q05 -0.00551 | a*_q50 0.00130 | dV>=0 0.363 | beta 0.1283
  bell | direct viol 0.492 | direct dV>=0 0.370 | d_mean +0.00060 | d_std 0.03073 | d_q95 0.05611
[Episode 340/400] Steps: 720 | Reward:   -4.80 | Battery:  71.15% | Loss: 0.1216
Placing Sensors
[Episode 341/400] Steps: 720 | Reward:   -3.94 | Battery:  72.31% | Loss: 
Placing Sensors
Policy -0.0039 | Value 0.0088 | KL 0.01023 | CF 0.1313 | Std 0.1102 | |a| 0.0249 | EV +0.909 | AE 0.912 | Alpha 0.0100 | MB 24/24
  cert | viol 0.263 | dV -0.147264 | V 0.2447 | inball 0.261 | a*_q05 -0.01728 | a*_q50 0.00960 | dV>=0 0.224 | n=150 | a_used 0.00321 -> 0.00305
  crit | n=1 | viol 0.610 | V 0.8282 | Vmin 0.2667 | agree +0.478 | a*_q05 -0.00594 | a*_q50 0.00153 | dV>=0 0.416 | beta 0.1286
  bell | direct viol 0.544 | direct dV>=0 0.440 | d_mean +0.00015 | d_std 0.02463 | d_q95 0.04215
[Episode 342/400] Steps: 720 | Reward:   -7.42 | Battery:  41.87% | Loss: 0.0507
Placing Sensors
[Episode 343/400] Steps: 720 | Reward:   -4.62 | Battery:  78.88% | Loss: 
Placing Sensors
Policy -0.0057 | Value 0.0067 | KL 0.00547 | CF 0.0662 | Std 0.1101 | |a| 0.0200 | EV +0.908 | AE 0.920 | Alpha 0.0100 | MB 24/24
  cert | viol 0.043 | dV -0.248131 | V 0.2993 | inball 0.549 | a*_q05 0.00428 | a*_q50 0.03310 | dV>=0 0.010 | n=150 | a_used 0.00305 -> 0.00316
  crit | n=1 | viol 0.572 | V 0.6000 | Vmin 0.2365 | agree +0.646 | a*_q05 -0.00736 | a*_q50 0.00219 | dV>=0 0.344 | beta 0.1282
  bell | direct viol 0.444 | direct dV>=0 0.352 | d_mean +0.00165 | d_std 0.02081 | d_q95 0.04064
[Episode 344/400] Steps: 720 | Reward:   -3.68 | Battery:  78.17% | Loss: -0.2351
Placing Sensors
[Episode 345/400] Steps: 720 | Reward:   -3.51 | Battery:  70.45% | Loss: 
Placing Sensors
Policy -0.0032 | Value 0.0110 | KL 0.00750 | CF 0.0966 | Std 0.1101 | |a| 0.0246 | EV +0.845 | AE 0.903 | Alpha 0.0100 | MB 24/24
  cert | viol 0.037 | dV -0.206041 | V 0.2524 | inball 0.500 | a*_q05 0.00381 | a*_q50 0.02975 | dV>=0 0.000 | n=150 | a_used 0.00316 -> 0.00324
  crit | n=1 | viol 0.574 | V 0.6296 | Vmin 0.2099 | agree +0.290 | a*_q05 -0.00695 | a*_q50 0.00174 | dV>=0 0.397 | beta 0.1273
  bell | direct viol 0.492 | direct dV>=0 0.425 | d_mean +0.00077 | d_std 0.02009 | d_q95 0.04078
[Episode 346/400] Steps: 720 | Reward:   -4.96 | Battery:  70.34% | Loss: 0.0527
Placing Sensors
[Episode 347/400] Steps: 720 | Reward:   -5.14 | Battery:  79.25% | Loss: 
Placing Sensors
Policy -0.0059 | Value 0.0099 | KL 0.00622 | CF 0.0639 | Std 0.1101 | |a| 0.0245 | EV +0.889 | AE 0.889 | Alpha 0.0100 | MB 24/24
  cert | viol 0.084 | dV -0.260676 | V 0.3275 | inball 0.462 | a*_q05 0.00125 | a*_q50 0.02962 | dV>=0 0.036 | n=150 | a_used 0.00324 -> 0.00325
  crit | n=1 | viol 0.541 | V 0.6884 | Vmin 0.2288 | agree +0.399 | a*_q05 -0.00687 | a*_q50 0.00268 | dV>=0 0.386 | beta 0.1263
  bell | direct viol 0.531 | direct dV>=0 0.416 | d_mean +0.00116 | d_std 0.02487 | d_q95 0.04121
[Episode 348/400] Steps: 720 | Reward:   -4.86 | Battery:  61.19% | Loss: -0.0228
Placing Sensors
[Episode 349/400] Steps:  62 | Reward:  -17.49 | Battery:   0.00% | Loss: 
Placing Sensors
[Episode 350/400] Steps: 720 | Reward:   -5.50 | Battery:  66.34% | Loss: 
Placing Sensors
[Episode 351/400] Steps:  64 | Reward:  -17.75 | Battery:   0.00% | Loss: 
Placing Sensors
Policy -0.0069 | Value 0.0256 | KL 0.00517 | CF 0.0553 | Std 0.1101 | |a| 0.0312 | EV +0.860 | AE 0.881 | Alpha 0.0100 | MB 28/28
  cert | viol 0.184 | dV -0.282138 | V 0.4296 | inball 0.379 | a*_q05 0.00008 | a*_q50 0.02367 | dV>=0 0.052 | n=150 | a_used 0.00325 -> 0.00324
  crit | n=1 | viol 0.399 | V 0.8501 | Vmin 0.2638 | agree +0.459 | a*_q05 -0.00576 | a*_q50 0.00535 | dV>=0 0.263 | beta 0.1257
  bell | direct viol 0.518 | direct dV>=0 0.421 | d_mean -0.00191 | d_std 0.02192 | d_q95 0.04437
[Episode 352/400] Steps: 720 | Reward:   -6.35 | Battery:  67.35% | Loss: 0.1842
Placing Sensors
[Episode 353/400] Steps: 720 | Reward:   -4.48 | Battery:  56.67% | Loss: 
Placing Sensors
Policy 0.0004 | Value 0.0131 | KL 0.01125 | CF 0.1339 | Std 0.1101 | |a| 0.0240 | EV +0.839 | AE 0.891 | Alpha 0.0100 | MB 24/24
  cert | viol 0.000 | dV -0.231103 | V 0.2528 | inball 0.496 | a*_q05 0.00928 | a*_q50 0.03570 | dV>=0 0.000 | n=150 | a_used 0.00324 -> 0.00343
  crit | n=1 | viol 0.617 | V 0.6519 | Vmin 0.1540 | agree +0.276 | a*_q05 -0.00646 | a*_q50 0.00062 | dV>=0 0.473 | beta 0.1249
  bell | direct viol 0.510 | direct dV>=0 0.450 | d_mean +0.00099 | d_std 0.02672 | d_q95 0.05054
[Episode 354/400] Steps: 720 | Reward:   -4.28 | Battery:  64.62% | Loss: 0.0389
Placing Sensors
[Episode 355/400] Steps: 720 | Reward:   -4.24 | Battery:  77.97% | Loss: 
Placing Sensors
Policy -0.0043 | Value 0.0068 | KL 0.00636 | CF 0.0790 | Std 0.1101 | |a| 0.0248 | EV +0.940 | AE 0.869 | Alpha 0.0100 | MB 24/24
  cert | viol 0.047 | dV -0.300088 | V 0.3636 | inball 0.499 | a*_q05 0.00410 | a*_q50 0.03084 | dV>=0 0.000 | n=150 | a_used 0.00343 -> 0.00343
  crit | n=1 | viol 0.504 | V 0.6837 | Vmin 0.1767 | agree +0.629 | a*_q05 -0.00599 | a*_q50 0.00337 | dV>=0 0.283 | beta 0.1241
  bell | direct viol 0.494 | direct dV>=0 0.432 | d_mean +0.00050 | d_std 0.02833 | d_q95 0.05542
[Episode 356/400] Steps: 720 | Reward:   -5.33 | Battery:  74.40% | Loss: 0.1342
Placing Sensors
[Episode 357/400] Steps:  96 | Reward:  -17.64 | Battery:   0.00% | Loss: 
Placing Sensors
[Episode 358/400] Steps:  77 | Reward:  -17.65 | Battery:   0.00% | Loss: 
Placing Sensors
[Episode 359/400] Steps: 720 | Reward:   -3.75 | Battery:  74.19% | Loss: 
Placing Sensors
Policy -0.0050 | Value 0.0187 | KL 0.00683 | CF 0.0764 | Std 0.1101 | |a| 0.0210 | EV +0.864 | AE 0.901 | Alpha 0.0100 | MB 28/28
  cert | viol 0.017 | dV -0.264042 | V 0.3048 | inball 0.502 | a*_q05 0.00579 | a*_q50 0.03573 | dV>=0 0.000 | n=150 | a_used 0.00343 -> 0.00359
  crit | n=1 | viol 0.535 | V 0.6611 | Vmin 0.1831 | agree +0.682 | a*_q05 -0.00581 | a*_q50 0.00297 | dV>=0 0.299 | beta 0.1234
  bell | direct viol 0.509 | direct dV>=0 0.420 | d_mean -0.00051 | d_std 0.02466 | d_q95 0.04598
[Episode 360/400] Steps: 720 | Reward:   -4.01 | Battery:  75.21% | Loss: 0.0591
Placing Sensors
[Episode 361/400] Steps: 720 | Reward:   -5.06 | Battery:  55.63% | Loss: 
Placing Sensors
Policy -0.0076 | Value 0.0060 | KL 0.00597 | CF 0.0638 | Std 0.1102 | |a| 0.0243 | EV +0.892 | AE 0.891 | Alpha 0.0100 | MB 24/24
  cert | viol 0.040 | dV -0.237924 | V 0.2942 | inball 0.478 | a*_q05 0.00401 | a*_q50 0.03212 | dV>=0 0.000 | n=150 | a_used 0.00359 -> 0.00356
  crit | n=1 | viol 0.573 | V 0.6539 | Vmin 0.2683 | agree +0.368 | a*_q05 -0.00625 | a*_q50 0.00267 | dV>=0 0.357 | beta 0.1230
  bell | direct viol 0.478 | direct dV>=0 0.382 | d_mean +0.00108 | d_std 0.02700 | d_q95 0.05837
[Episode 362/400] Steps: 720 | Reward:   -4.07 | Battery:  74.86% | Loss: -0.0480
Placing Sensors
[Episode 363/400] Steps: 720 | Reward:   -5.52 | Battery:  78.68% | Loss: 
Placing Sensors
Policy -0.0094 | Value 0.0072 | KL 0.00819 | CF 0.0960 | Std 0.1102 | |a| 0.0307 | EV +0.942 | AE 0.911 | Alpha 0.0100 | MB 24/24
  cert | viol 0.132 | dV -0.276713 | V 0.3980 | inball 0.350 | a*_q05 0.00046 | a*_q50 0.02288 | dV>=0 0.043 | n=150 | a_used 0.00356 -> 0.00341
  crit | n=1 | viol 0.504 | V 0.7801 | Vmin 0.2633 | agree +0.425 | a*_q05 -0.00712 | a*_q50 0.00358 | dV>=0 0.309 | beta 0.1233
  bell | direct viol 0.516 | direct dV>=0 0.425 | d_mean -0.00029 | d_std 0.01761 | d_q95 0.03520
[Episode 364/400] Steps: 720 | Reward:   -6.65 | Battery:  66.25% | Loss: -0.0303
Placing Sensors
[Episode 365/400] Steps: 720 | Reward:   -3.96 | Battery:  77.83% | Loss: 
Placing Sensors
Policy -0.0044 | Value 0.0042 | KL 0.00502 | CF 0.0548 | Std 0.1102 | |a| 0.0250 | EV +0.943 | AE 0.926 | Alpha 0.0100 | MB 24/24
  cert | viol 0.013 | dV -0.217126 | V 0.2680 | inball 0.539 | a*_q05 0.00463 | a*_q50 0.02724 | dV>=0 0.000 | n=150 | a_used 0.00341 -> 0.00343
  crit | n=1 | viol 0.602 | V 0.6131 | Vmin 0.2405 | agree +0.562 | a*_q05 -0.00673 | a*_q50 0.00213 | dV>=0 0.356 | beta 0.1236
  bell | direct viol 0.450 | direct dV>=0 0.334 | d_mean +0.00133 | d_std 0.01718 | d_q95 0.03349
[Episode 366/400] Steps: 720 | Reward:   -3.99 | Battery:  84.08% | Loss: -0.0130
Placing Sensors
[Episode 367/400] Steps: 720 | Reward:   -6.91 | Battery:  59.37% | Loss: 
Placing Sensors
Policy -0.0078 | Value 0.0079 | KL 0.00638 | CF 0.0664 | Std 0.1102 | |a| 0.0201 | EV +0.909 | AE 0.904 | Alpha 0.0100 | MB 24/24
  cert | viol 0.115 | dV -0.258680 | V 0.3637 | inball 0.456 | a*_q05 0.00070 | a*_q50 0.02882 | dV>=0 0.047 | n=150 | a_used 0.00343 -> 0.00333
  crit | n=1 | viol 0.495 | V 0.7409 | Vmin 0.2680 | agree +0.334 | a*_q05 -0.00670 | a*_q50 0.00341 | dV>=0 0.360 | beta 0.1239
  bell | direct viol 0.529 | direct dV>=0 0.428 | d_mean -0.00050 | d_std 0.01956 | d_q95 0.04129
[Episode 368/400] Steps: 720 | Reward:   -3.71 | Battery:  66.77% | Loss: -0.1331
Placing Sensors
[Episode 369/400] Steps: 720 | Reward:   -4.67 | Battery:  69.39% | Loss: 
Placing Sensors
Policy -0.0042 | Value 0.0060 | KL 0.00692 | CF 0.0880 | Std 0.1102 | |a| 0.0204 | EV +0.925 | AE 0.897 | Alpha 0.0100 | MB 24/24
  cert | viol 0.094 | dV -0.266617 | V 0.3310 | inball 0.485 | a*_q05 0.00255 | a*_q50 0.03256 | dV>=0 0.000 | n=150 | a_used 0.00333 -> 0.00333
  crit | n=1 | viol 0.586 | V 0.6869 | Vmin 0.2195 | agree +0.412 | a*_q05 -0.00644 | a*_q50 0.00192 | dV>=0 0.417 | beta 0.1241
  bell | direct viol 0.548 | direct dV>=0 0.449 | d_mean +0.00077 | d_std 0.02015 | d_q95 0.04307
[Episode 370/400] Steps: 720 | Reward:   -4.66 | Battery:  59.82% | Loss: 0.0312
Placing Sensors
[Episode 371/400] Steps:  73 | Reward:  -17.76 | Battery:   0.00% | Loss: 
Placing Sensors
[Episode 372/400] Steps: 720 | Reward:   -6.40 | Battery:  60.57% | Loss: 
Placing Sensors
[Episode 373/400] Steps:  80 | Reward:  -17.55 | Battery:   0.00% | Loss: 
Placing Sensors
[Episode 374/400] Steps:  96 | Reward:  -17.60 | Battery:   0.00% | Loss: 
Placing Sensors
Policy -0.0033 | Value 0.0363 | KL 0.01947 | CF 0.1657 | Std 0.1102 | |a| 0.0374 | EV +0.839 | AE 0.878 | Alpha 0.0100 | MB 28/28
  cert | viol 0.179 | dV -0.274053 | V 0.4239 | inball 0.303 | a*_q05 -0.00087 | a*_q50 0.02409 | dV>=0 0.083 | n=150 | a_used 0.00333 -> 0.00316
  crit | n=1 | viol 0.522 | V 0.9742 | Vmin 0.2323 | agree +0.591 | a*_q05 -0.00564 | a*_q50 0.00311 | dV>=0 0.300 | beta 0.1269
  bell | direct viol 0.564 | direct dV>=0 0.447 | d_mean -0.00063 | d_std 0.02633 | d_q95 0.04926
[Episode 375/400] Steps: 720 | Reward:   -6.78 | Battery:  63.70% | Loss: 0.1761
Placing Sensors
[Episode 376/400] Steps: 720 | Reward:   -4.43 | Battery:  72.76% | Loss: 
Placing Sensors
Policy 0.0024 | Value 0.0102 | KL 0.01686 | CF 0.1473 | Std 0.1102 | |a| 0.0471 | EV +0.905 | AE 0.912 | Alpha 0.0100 | MB 24/24
  cert | viol 0.067 | dV -0.291153 | V 0.3609 | inball 0.556 | a*_q05 0.00319 | a*_q50 0.03201 | dV>=0 0.000 | n=150 | a_used 0.00316 -> 0.00317
  crit | n=1 | viol 0.591 | V 0.6807 | Vmin 0.2352 | agree +0.598 | a*_q05 -0.00586 | a*_q50 0.00210 | dV>=0 0.345 | beta 0.1257
  bell | direct viol 0.497 | direct dV>=0 0.413 | d_mean +0.00191 | d_std 0.03338 | d_q95 0.06533
[Episode 377/400] Steps: 720 | Reward:   -3.93 | Battery:  82.51% | Loss: -0.0421
Placing Sensors
[Episode 378/400] Steps: 720 | Reward:   -4.44 | Battery:  67.68% | Loss: 
Placing Sensors
[Episode 379/400] Steps:  84 | Reward:  -17.60 | Battery:   0.00% | Loss: 
Placing Sensors
Policy -0.0016 | Value 0.0167 | KL 0.00833 | CF 0.1102 | Std 0.1102 | |a| 0.0298 | EV +0.905 | AE 0.871 | Alpha 0.0100 | MB 24/24
  cert | viol 0.008 | dV -0.232487 | V 0.2886 | inball 0.424 | a*_q05 0.00525 | a*_q50 0.02634 | dV>=0 0.000 | n=150 | a_used 0.00317 -> 0.00325
  crit | n=1 | viol 0.588 | V 0.7688 | Vmin 0.2545 | agree +0.533 | a*_q05 -0.00589 | a*_q50 0.00195 | dV>=0 0.378 | beta 0.1269
  bell | direct viol 0.513 | direct dV>=0 0.438 | d_mean +0.00048 | d_std 0.03098 | d_q95 0.05947
[Episode 380/400] Steps: 720 | Reward:   -4.91 | Battery:  62.15% | Loss: 0.0380
Placing Sensors
[Episode 381/400] Steps: 720 | Reward:   -6.50 | Battery:  59.74% | Loss: 
Placing Sensors
Policy 0.0007 | Value 0.0055 | KL 0.00588 | CF 0.0675 | Std 0.1102 | |a| 0.0283 | EV +0.937 | AE 0.875 | Alpha 0.0100 | MB 24/24
  cert | viol 0.124 | dV -0.211508 | V 0.3175 | inball 0.331 | a*_q05 0.00185 | a*_q50 0.02092 | dV>=0 0.014 | n=150 | a_used 0.00325 -> 0.00313
  crit | n=1 | viol 0.529 | V 0.8261 | Vmin 0.3054 | agree +0.276 | a*_q05 -0.00581 | a*_q50 0.00271 | dV>=0 0.346 | beta 0.1279
  bell | direct viol 0.553 | direct dV>=0 0.451 | d_mean +0.00018 | d_std 0.02504 | d_q95 0.04375
[Episode 382/400] Steps: 720 | Reward:   -5.33 | Battery:  58.20% | Loss: -0.0413
Placing Sensors
[Episode 383/400] Steps:  81 | Reward:  -17.73 | Battery:   0.00% | Loss: 
Placing Sensors
[Episode 384/400] Steps: 720 | Reward:   -6.53 | Battery:  51.02% | Loss: 
Placing Sensors
[Episode 385/400] Steps: 107 | Reward:  -17.55 | Battery:   0.00% | Loss: 
Placing Sensors
Policy -0.0069 | Value 0.0337 | KL 0.01122 | CF 0.1309 | Std 0.1103 | |a| 0.0417 | EV +0.764 | AE 0.873 | Alpha 0.0100 | MB 28/28
  cert | viol 0.125 | dV -0.215283 | V 0.3103 | inball 0.276 | a*_q05 0.00156 | a*_q50 0.01891 | dV>=0 0.007 | n=150 | a_used 0.00313 -> 0.00302
  crit | n=1 | viol 0.590 | V 0.9655 | Vmin 0.3244 | agree +0.530 | a*_q05 -0.00553 | a*_q50 0.00190 | dV>=0 0.385 | beta 0.1290
  bell | direct viol 0.527 | direct dV>=0 0.423 | d_mean +0.00010 | d_std 0.02974 | d_q95 0.05452
[Episode 386/400] Steps: 720 | Reward:   -5.44 | Battery:  60.06% | Loss: -0.2108
Placing Sensors
[Episode 387/400] Steps: 720 | Reward:   -4.31 | Battery:  77.22% | Loss: 
Placing Sensors
Policy -0.0049 | Value 0.0066 | KL 0.00938 | CF 0.0994 | Std 0.1103 | |a| 0.0271 | EV +0.926 | AE 0.887 | Alpha 0.0100 | MB 24/24
  cert | viol 0.064 | dV -0.265419 | V 0.3303 | inball 0.501 | a*_q05 0.00293 | a*_q50 0.03071 | dV>=0 0.023 | n=150 | a_used 0.00302 -> 0.00307
  crit | n=1 | viol 0.638 | V 0.6978 | Vmin 0.2509 | agree +0.576 | a*_q05 -0.00698 | a*_q50 0.00113 | dV>=0 0.432 | beta 0.1298
  bell | direct viol 0.523 | direct dV>=0 0.435 | d_mean +0.00080 | d_std 0.02991 | d_q95 0.05567
[Episode 388/400] Steps: 720 | Reward:   -4.84 | Battery:  75.16% | Loss: 0.0554
Placing Sensors
[Episode 389/400] Steps: 720 | Reward:   -5.11 | Battery:  70.99% | Loss: 
Placing Sensors
Policy -0.0035 | Value 0.0092 | KL 0.00715 | CF 0.0817 | Std 0.1103 | |a| 0.0278 | EV +0.899 | AE 0.905 | Alpha 0.0100 | MB 24/24
  cert | viol 0.044 | dV -0.270710 | V 0.3286 | inball 0.499 | a*_q05 0.00390 | a*_q50 0.02942 | dV>=0 0.012 | n=150 | a_used 0.00307 -> 0.00309
  crit | n=1 | viol 0.560 | V 0.7127 | Vmin 0.2703 | agree +0.430 | a*_q05 -0.00765 | a*_q50 0.00195 | dV>=0 0.376 | beta 0.1299
  bell | direct viol 0.525 | direct dV>=0 0.420 | d_mean +0.00017 | d_std 0.02232 | d_q95 0.04459
[Episode 390/400] Steps: 720 | Reward:   -4.04 | Battery:  70.53% | Loss: 0.1054
Placing Sensors
[Episode 391/400] Steps: 720 | Reward:   -5.98 | Battery:  63.89% | Loss: 
Placing Sensors
Policy -0.0025 | Value 0.0072 | KL 0.00979 | CF 0.0994 | Std 0.1103 | |a| 0.0505 | EV +0.924 | AE 0.896 | Alpha 0.0100 | MB 24/24
  cert | viol 0.091 | dV -0.319060 | V 0.4117 | inball 0.457 | a*_q05 0.00192 | a*_q50 0.03138 | dV>=0 0.009 | n=150 | a_used 0.00309 -> 0.00314
  crit | n=1 | viol 0.453 | V 0.8198 | Vmin 0.2717 | agree +0.334 | a*_q05 -0.00687 | a*_q50 0.00370 | dV>=0 0.363 | beta 0.1311
  bell | direct viol 0.517 | direct dV>=0 0.435 | d_mean +0.00051 | d_std 0.02777 | d_q95 0.05281
[Episode 392/400] Steps: 720 | Reward:   -4.76 | Battery:  64.95% | Loss: 0.0410
Placing Sensors
[Episode 393/400] Steps: 720 | Reward:   -4.01 | Battery:  78.13% | Loss: 
Placing Sensors
Policy -0.0084 | Value 0.0059 | KL 0.00710 | CF 0.0780 | Std 0.1102 | |a| 0.0250 | EV +0.925 | AE 0.901 | Alpha 0.0100 | MB 24/24
  cert | viol 0.115 | dV -0.226572 | V 0.3133 | inball 0.501 | a*_q05 0.00142 | a*_q50 0.02631 | dV>=0 0.000 | n=150 | a_used 0.00314 -> 0.00303
  crit | n=1 | viol 0.477 | V 0.6713 | Vmin 0.2726 | agree +0.537 | a*_q05 -0.00622 | a*_q50 0.00357 | dV>=0 0.272 | beta 0.1315
  bell | direct viol 0.479 | direct dV>=0 0.377 | d_mean -0.00023 | d_std 0.02169 | d_q95 0.04622
[Episode 394/400] Steps: 720 | Reward:   -5.69 | Battery:  78.72% | Loss: 0.0176
Placing Sensors
[Episode 395/400] Steps: 720 | Reward:   -2.58 | Battery:  79.84% | Loss: 
Placing Sensors
Policy -0.0051 | Value 0.0068 | KL 0.00998 | CF 0.1186 | Std 0.1102 | |a| 0.0250 | EV +0.907 | AE 0.922 | Alpha 0.0100 | MB 24/24
  cert | viol 0.000 | dV -0.227418 | V 0.2453 | inball 0.655 | a*_q05 0.00927 | a*_q50 0.03763 | dV>=0 0.000 | n=150 | a_used 0.00303 -> 0.00318
  crit | n=1 | viol 0.584 | V 0.5079 | Vmin 0.2406 | agree +0.496 | a*_q05 -0.00733 | a*_q50 0.00166 | dV>=0 0.394 | beta 0.1302
  bell | direct viol 0.484 | direct dV>=0 0.398 | d_mean +0.00183 | d_std 0.02194 | d_q95 0.04114
[Episode 396/400] Steps: 720 | Reward:   -2.76 | Battery:  85.54% | Loss: -0.0254
Placing Sensors
[Episode 397/400] Steps: 720 | Reward:   -3.97 | Battery:  81.29% | Loss: 
Placing Sensors
Policy -0.0060 | Value 0.0035 | KL 0.00725 | CF 0.0751 | Std 0.1102 | |a| 0.0240 | EV +0.937 | AE 0.907 | Alpha 0.0100 | MB 24/24
  cert | viol 0.028 | dV -0.265237 | V 0.3133 | inball 0.587 | a*_q05 0.00447 | a*_q50 0.03011 | dV>=0 0.000 | n=150 | a_used 0.00318 -> 0.00321
  crit | n=1 | viol 0.329 | V 0.5151 | Vmin 0.2022 | agree +0.660 | a*_q05 -0.00541 | a*_q50 0.00549 | dV>=0 0.188 | beta 0.1291
  bell | direct viol 0.440 | direct dV>=0 0.382 | d_mean -0.00033 | d_std 0.02326 | d_q95 0.04271
[Episode 398/400] Steps: 720 | Reward:   -3.78 | Battery:  86.10% | Loss: 0.0628
Placing Sensors
[Episode 399/400] Steps: 720 | Reward:   -3.77 | Battery:  83.02% | Loss: 
Placing Sensors
Policy -0.0134 | Value 0.0059 | KL 0.00812 | CF 0.1044 | Std 0.1102 | |a| 0.0245 | EV +0.925 | AE 0.903 | Alpha 0.0100 | MB 24/24
  cert | viol 0.006 | dV -0.264081 | V 0.3006 | inball 0.607 | a*_q05 0.00624 | a*_q50 0.03522 | dV>=0 0.000 | n=150 | a_used 0.00321 -> 0.00334
  crit | n=1 | viol 0.366 | V 0.5394 | Vmin 0.2169 | agree +0.424 | a*_q05 -0.00656 | a*_q50 0.00610 | dV>=0 0.228 | beta 0.1282
  bell | direct viol 0.459 | direct dV>=0 0.399 | d_mean -0.00027 | d_std 0.02019 | d_q95 0.03613
[Episode 400/400] Steps: 720 | Reward:   -3.65 | Battery:  78.82% | Loss: -0.0921
Placing Sensors
[Episode 401/400] Steps: 720 | Reward:   -2.75 | Battery:  78.39% | Loss: 
Placing Sensors
Policy -0.0049 | Value 0.0055 | KL 0.00842 | CF 0.1186 | Std 0.1102 | |a| 0.0235 | EV +0.909 | AE 0.919 | Alpha 0.0100 | MB 24/24
  cert | viol 0.000 | dV -0.231100 | V 0.2457 | inball 0.612 | a*_q05 0.01115 | a*_q50 0.03674 | dV>=0 0.000 | n=150 | a_used 0.00334 -> 0.00353
  crit | n=1 | viol 0.503 | V 0.4992 | Vmin 0.2201 | agree +0.390 | a*_q05 -0.00743 | a*_q50 0.00312 | dV>=0 0.401 | beta 0.1270
  bell | direct viol 0.507 | direct dV>=0 0.435 | d_mean +0.00090 | d_std 0.02397 | d_q95 0.03797
[Episode 402/400] Steps: 720 | Reward:   -3.76 | Battery:  68.75% | Loss: -0.1118
Placing Sensors
[Episode 403/400] Steps:  67 | Reward:  -17.68 | Battery:   0.00% | Loss: 
Placing Sensors
[Episode 404/400] Steps: 720 | Reward:   -5.10 | Battery:  82.25% | Loss: 
Placing Sensors
Policy -0.0070 | Value 0.0197 | KL 0.00810 | CF 0.0881 | Std 0.1102 | |a| 0.0236 | EV +0.860 | AE 0.910 | Alpha 0.0100 | MB 24/24
  cert | viol 0.022 | dV -0.249348 | V 0.3079 | inball 0.537 | a*_q05 0.00510 | a*_q50 0.02931 | dV>=0 0.000 | n=150 | a_used 0.00353 -> 0.00361
  crit | n=1 | viol 0.278 | V 0.5568 | Vmin 0.1967 | agree +0.709 | a*_q05 -0.00503 | a*_q50 0.00641 | dV>=0 0.144 | beta 0.1257
  bell | direct viol 0.466 | direct dV>=0 0.384 | d_mean -0.00073 | d_std 0.01826 | d_q95 0.03231
[Episode 405/400] Steps: 720 | Reward:   -2.90 | Battery:  83.09% | Loss: 0.1271
Placing Sensors
[Episode 406/400] Steps:  80 | Reward:  -17.66 | Battery:   0.00% | Loss: 
Placing Sensors
[Episode 407/400] Steps: 720 | Reward:   -4.40 | Battery:  64.43% | Loss: 
Placing Sensors
[Episode 408/400] Steps: 111 | Reward:  -17.40 | Battery:   0.00% | Loss: 
Placing Sensors
Policy 0.0136 | Value 0.0418 | KL 0.02104 | CF 0.1767 | Std 0.1102 | |a| 0.0353 | EV +0.777 | AE 0.887 | Alpha 0.0100 | MB 21/28
  cert | viol 0.038 | dV -0.246606 | V 0.3078 | inball 0.382 | a*_q05 0.00430 | a*_q50 0.02521 | dV>=0 0.000 | n=150 | a_used 0.00361 -> 0.00371
  crit | n=1 | viol 0.555 | V 0.8339 | Vmin 0.2439 | agree +0.607 | a*_q05 -0.00581 | a*_q50 0.00305 | dV>=0 0.255 | beta 0.1253
  bell | direct viol 0.482 | direct dV>=0 0.379 | d_mean +0.00090 | d_std 0.02696 | d_q95 0.05186
[Episode 409/400] Steps: 720 | Reward:   -5.45 | Battery:  76.06% | Loss: 0.2920
Placing Sensors
[Episode 410/400] Steps: 720 | Reward:   -3.37 | Battery:  75.30% | Loss: 
Placing Sensors
Policy 0.0046 | Value 0.0058 | KL 0.01144 | CF 0.1492 | Std 0.1102 | |a| 0.0245 | EV +0.955 | AE 0.914 | Alpha 0.0100 | MB 24/24
  cert | viol 0.010 | dV -0.274029 | V 0.3119 | inball 0.595 | a*_q05 0.00665 | a*_q50 0.03703 | dV>=0 0.000 | n=150 | a_used 0.00371 -> 0.00387
  crit | n=1 | viol 0.470 | V 0.6022 | Vmin 0.1412 | agree +0.512 | a*_q05 -0.00634 | a*_q50 0.00401 | dV>=0 0.289 | beta 0.1232
  bell | direct viol 0.468 | direct dV>=0 0.383 | d_mean +0.00175 | d_std 0.02134 | d_q95 0.04123
[Episode 411/400] Steps: 720 | Reward:   -4.16 | Battery:  82.18% | Loss: 0.0170
Placing Sensors
[Episode 412/400] Steps: 720 | Reward:   -5.13 | Battery:  68.81% | Loss: 
Placing Sensors
Policy -0.0036 | Value 0.0121 | KL 0.00792 | CF 0.0951 | Std 0.1102 | |a| 0.0455 | EV +0.898 | AE 0.901 | Alpha 0.0100 | MB 24/24
  cert | viol 0.213 | dV -0.237163 | V 0.3841 | inball 0.354 | a*_q05 0.00015 | a*_q50 0.02104 | dV>=0 0.044 | n=150 | a_used 0.00387 -> 0.00340
  crit | n=1 | viol 0.504 | V 0.8141 | Vmin 0.2420 | agree +0.438 | a*_q05 -0.00592 | a*_q50 0.00380 | dV>=0 0.305 | beta 0.1231
  bell | direct viol 0.551 | direct dV>=0 0.439 | d_mean +0.00028 | d_std 0.03080 | d_q95 0.06255
[Episode 413/400] Steps: 720 | Reward:   -7.24 | Battery:  65.95% | Loss: 0.1029
Placing Sensors
[Episode 414/400] Steps: 720 | Reward:   -3.99 | Battery:  86.88% | Loss: 
Placing Sensors
Policy -0.0071 | Value 0.0064 | KL 0.01193 | CF 0.1521 | Std 0.1102 | |a| 0.0256 | EV +0.940 | AE 0.902 | Alpha 0.0100 | MB 24/24
  cert | viol 0.086 | dV -0.286698 | V 0.3880 | inball 0.441 | a*_q05 0.00238 | a*_q50 0.02496 | dV>=0 0.017 | n=150 | a_used 0.00340 -> 0.00335
  crit | n=1 | viol 0.405 | V 0.6606 | Vmin 0.2081 | agree +0.666 | a*_q05 -0.00512 | a*_q50 0.00514 | dV>=0 0.297 | beta 0.1225
  bell | direct viol 0.487 | direct dV>=0 0.415 | d_mean -0.00072 | d_std 0.03022 | d_q95 0.06063
[Episode 415/400] Steps: 720 | Reward:   -6.87 | Battery:  66.10% | Loss: 0.0888
Placing Sensors
[Episode 416/400] Steps: 720 | Reward:   -5.50 | Battery:  78.76% | Loss: 
Placing Sensors
Policy 0.0001 | Value 0.0082 | KL 0.01217 | CF 0.1461 | Std 0.1102 | |a| 0.0292 | EV +0.923 | AE 0.893 | Alpha 0.0100 | MB 24/24
  cert | viol 0.111 | dV -0.322813 | V 0.4218 | inball 0.523 | a*_q05 0.00088 | a*_q50 0.02942 | dV>=0 0.038 | n=150 | a_used 0.00335 -> 0.00324
  crit | n=1 | viol 0.419 | V 0.7072 | Vmin 0.2521 | agree +0.587 | a*_q05 -0.00610 | a*_q50 0.00469 | dV>=0 0.302 | beta 0.1232
  bell | direct viol 0.573 | direct dV>=0 0.452 | d_mean -0.00095 | d_std 0.02652 | d_q95 0.04978
[Episode 417/400] Steps: 720 | Reward:   -5.01 | Battery:  76.44% | Loss: 0.0664
Placing Sensors
[Episode 418/400] Steps: 720 | Reward:   -3.08 | Battery:  87.02% | Loss: 
Placing Sensors
Policy -0.0040 | Value 0.0075 | KL 0.00606 | CF 0.0588 | Std 0.1102 | |a| 0.0404 | EV +0.926 | AE 0.902 | Alpha 0.0100 | MB 24/24
  cert | viol 0.080 | dV -0.307759 | V 0.3609 | inball 0.510 | a*_q05 -0.00078 | a*_q50 0.03481 | dV>=0 0.036 | n=150 | a_used 0.00324 -> 0.00332
  crit | n=1 | viol 0.551 | V 0.6006 | Vmin 0.1849 | agree +0.577 | a*_q05 -0.00779 | a*_q50 0.00178 | dV>=0 0.431 | beta 0.1215
  bell | direct viol 0.547 | direct dV>=0 0.493 | d_mean +0.00118 | d_std 0.02706 | d_q95 0.05303
[Episode 419/400] Steps: 720 | Reward:   -5.10 | Battery:  71.92% | Loss: 0.0622
Placing Sensors
[Episode 420/400] Steps: 118 | Reward:  -17.31 | Battery:   0.00% | Loss: 
Placing Sensors
[Episode 421/400] Steps: 720 | Reward:   -5.38 | Battery:  72.18% | Loss: 
Placing Sensors
Policy 0.0327 | Value 0.0340 | KL 0.02413 | CF 0.1040 | Std 0.1101 | |a| 0.0347 | EV +0.835 | AE 0.860 | Alpha 0.0100 | MB 13/28
  cert | viol 0.127 | dV -0.245230 | V 0.3203 | inball 0.425 | a*_q05 0.00274 | a*_q50 0.02511 | dV>=0 0.000 | n=150 | a_used 0.00332 -> 0.00324
  crit | n=1 | viol 0.552 | V 0.7065 | Vmin 0.1312 | agree +0.604 | a*_q05 -0.00524 | a*_q50 0.00264 | dV>=0 0.263 | beta 0.1199
  bell | direct viol 0.537 | direct dV>=0 0.456 | d_mean +0.00056 | d_std 0.03060 | d_q95 0.05717
[Episode 422/400] Steps: 720 | Reward:   -4.42 | Battery:  79.59% | Loss: 0.7031
Placing Sensors
[Episode 423/400] Steps: 720 | Reward:   -6.19 | Battery:  55.03% | Loss: 
Placing Sensors
[Episode 424/400] Steps: 105 | Reward:  -17.54 | Battery:   0.00% | Loss: 
Placing Sensors
[Episode 425/400] Steps:  97 | Reward:  -17.48 | Battery:   0.00% | Loss: 
Placing Sensors
Policy -0.0089 | Value 0.0174 | KL 0.00639 | CF 0.0692 | Std 0.1101 | |a| 0.0482 | EV +0.897 | AE 0.888 | Alpha 0.0100 | MB 28/28
  cert | viol 0.086 | dV -0.274627 | V 0.3622 | inball 0.376 | a*_q05 0.00214 | a*_q50 0.02641 | dV>=0 0.019 | n=150 | a_used 0.00324 -> 0.00289
  crit | n=1 | viol 0.492 | V 0.8321 | Vmin 0.2189 | agree +0.642 | a*_q05 -0.00494 | a*_q50 0.00331 | dV>=0 0.287 | beta 0.1203
  bell | direct viol 0.569 | direct dV>=0 0.461 | d_mean -0.00123 | d_std 0.02791 | d_q95 0.05738
[Episode 426/400] Steps: 720 | Reward:   -4.50 | Battery:  83.09% | Loss: -0.0327
Placing Sensors
[Episode 427/400] Steps: 720 | Reward:   -4.06 | Battery:  74.99% | Loss: 
Placing Sensors
Policy 0.0015 | Value 0.0103 | KL 0.01052 | CF 0.1176 | Std 0.1101 | |a| 0.0260 | EV +0.904 | AE 0.891 | Alpha 0.0100 | MB 24/24
  cert | viol 0.088 | dV -0.237482 | V 0.3564 | inball 0.395 | a*_q05 0.00136 | a*_q50 0.01940 | dV>=0 0.037 | n=150 | a_used 0.00289 -> 0.00287
  crit | n=1 | viol 0.289 | V 0.6665 | Vmin 0.1805 | agree +0.455 | a*_q05 -0.00538 | a*_q50 0.00744 | dV>=0 0.182 | beta 0.1198
  bell | direct viol 0.519 | direct dV>=0 0.469 | d_mean -0.00236 | d_std 0.03085 | d_q95 0.06019
[Episode 428/400] Steps: 720 | Reward:   -7.19 | Battery:  68.38% | Loss: 0.1376
Placing Sensors
[Episode 429/400] Steps: 720 | Reward:   -5.16 | Battery:  66.26% | Loss: 
Placing Sensors
[Episode 430/400] Steps:  76 | Reward:  -17.44 | Battery:   0.00% | Loss: 
Placing Sensors
Policy -0.0065 | Value 0.0147 | KL 0.00499 | CF 0.0561 | Std 0.1101 | |a| 0.0284 | EV +0.905 | AE 0.879 | Alpha 0.0100 | MB 24/24
  cert | viol 0.044 | dV -0.244745 | V 0.2983 | inball 0.495 | a*_q05 0.00412 | a*_q50 0.03089 | dV>=0 0.000 | n=150 | a_used 0.00287 -> 0.00299
  crit | n=1 | viol 0.580 | V 0.7724 | Vmin 0.2438 | agree +0.590 | a*_q05 -0.00678 | a*_q50 0.00202 | dV>=0 0.300 | beta 0.1196
  bell | direct viol 0.519 | direct dV>=0 0.452 | d_mean +0.00142 | d_std 0.03470 | d_q95 0.06374
[Episode 431/400] Steps: 720 | Reward:   -3.68 | Battery:  78.00% | Loss: -0.0462
Placing Sensors
[Episode 432/400] Steps: 720 | Reward:   -4.22 | Battery:  73.04% | Loss: 
Placing Sensors
Policy -0.0098 | Value 0.0079 | KL 0.00498 | CF 0.0452 | Std 0.1101 | |a| 0.0284 | EV +0.929 | AE 0.873 | Alpha 0.0100 | MB 24/24
  cert | viol 0.101 | dV -0.294549 | V 0.3923 | inball 0.489 | a*_q05 0.00111 | a*_q50 0.02862 | dV>=0 0.039 | n=150 | a_used 0.00299 -> 0.00270
  crit | n=1 | viol 0.440 | V 0.7358 | Vmin 0.2365 | agree +0.567 | a*_q05 -0.00710 | a*_q50 0.00384 | dV>=0 0.299 | beta 0.1206
  bell | direct viol 0.489 | direct dV>=0 0.433 | d_mean -0.00051 | d_std 0.03274 | d_q95 0.06280
[Episode 433/400] Steps: 720 | Reward:   -5.87 | Battery:  72.29% | Loss: -0.1094
Placing Sensors
[Episode 434/400] Steps: 720 | Reward:   -3.16 | Battery:  83.96% | Loss: 
Placing Sensors
Policy -0.0112 | Value 0.0044 | KL 0.00862 | CF 0.1141 | Std 0.1101 | |a| 0.0323 | EV +0.961 | AE 0.907 | Alpha 0.0100 | MB 24/24
  cert | viol 0.020 | dV -0.294129 | V 0.3432 | inball 0.592 | a*_q05 0.00507 | a*_q50 0.03450 | dV>=0 0.000 | n=150 | a_used 0.00270 -> 0.00274
  crit | n=1 | viol 0.348 | V 0.5783 | Vmin 0.1708 | agree +0.550 | a*_q05 -0.00581 | a*_q50 0.00430 | dV>=0 0.230 | beta 0.1189
  bell | direct viol 0.462 | direct dV>=0 0.411 | d_mean +0.00107 | d_std 0.02356 | d_q95 0.04431
[Episode 435/400] Steps: 720 | Reward:   -4.46 | Battery:  74.56% | Loss: -0.0303
Placing Sensors
[Episode 436/400] Steps:  82 | Reward:  -17.48 | Battery:   0.00% | Loss: 
Placing Sensors
[Episode 437/400] Steps: 720 | Reward:   -4.10 | Battery:  76.57% | Loss: 
Placing Sensors
Policy -0.0084 | Value 0.0193 | KL 0.01047 | CF 0.1179 | Std 0.1101 | |a| 0.0317 | EV +0.896 | AE 0.899 | Alpha 0.0100 | MB 24/24
  cert | viol 0.028 | dV -0.300540 | V 0.3429 | inball 0.524 | a*_q05 0.00513 | a*_q50 0.03493 | dV>=0 0.000 | n=150 | a_used 0.00274 -> 0.00287
  crit | n=1 | viol 0.469 | V 0.7097 | Vmin 0.1922 | agree +0.552 | a*_q05 -0.00623 | a*_q50 0.00339 | dV>=0 0.353 | beta 0.1177
  bell | direct viol 0.476 | direct dV>=0 0.421 | d_mean +0.00139 | d_std 0.03507 | d_q95 0.06643
[Episode 438/400] Steps: 720 | Reward:   -4.49 | Battery:  71.38% | Loss: 0.0813
Placing Sensors
[Episode 439/400] Steps: 720 | Reward:   -3.53 | Battery:  85.59% | Loss: 
Placing Sensors
Policy -0.0125 | Value 0.0071 | KL 0.00736 | CF 0.0966 | Std 0.1101 | |a| 0.0358 | EV +0.944 | AE 0.904 | Alpha 0.0100 | MB 24/24
  cert | viol 0.056 | dV -0.329496 | V 0.3891 | inball 0.610 | a*_q05 0.00326 | a*_q50 0.03644 | dV>=0 0.014 | n=150 | a_used 0.00287 -> 0.00290
  crit | n=1 | viol 0.465 | V 0.5867 | Vmin 0.1624 | agree +0.650 | a*_q05 -0.00686 | a*_q50 0.00357 | dV>=0 0.259 | beta 0.1157
  bell | direct viol 0.483 | direct dV>=0 0.444 | d_mean +0.00122 | d_std 0.03806 | d_q95 0.06798
[Episode 440/400] Steps: 720 | Reward:   -4.35 | Battery:  82.77% | Loss: -0.1708
Placing Sensors
[Episode 441/400] Steps: 720 | Reward:   -5.86 | Battery:  70.07% | Loss: 
Placing Sensors
[Episode 442/400] Steps:  98 | Reward:  -17.39 | Battery:   0.00% | Loss: 
Placing Sensors
Policy -0.0395 | Value 0.0116 | KL 0.00961 | CF 0.1148 | Std 0.1101 | |a| 0.0338 | EV +0.922 | AE 0.883 | Alpha 0.0100 | MB 28/28
  cert | viol 0.083 | dV -0.281038 | V 0.3556 | inball 0.511 | a*_q05 0.00257 | a*_q50 0.03483 | dV>=0 0.046 | n=150 | a_used 0.00290 -> 0.00308
  crit | n=1 | viol 0.655 | V 0.7709 | Vmin 0.2170 | agree +0.552 | a*_q05 -0.00654 | a*_q50 0.00074 | dV>=0 0.436 | beta 0.1178
  bell | direct viol 0.506 | direct dV>=0 0.458 | d_mean +0.00141 | d_std 0.03193 | d_q95 0.06449
[Episode 443/400] Steps: 720 | Reward:   -3.38 | Battery:  66.79% | Loss: -0.9748
Placing Sensors
[Episode 444/400] Steps:  91 | Reward:  -17.50 | Battery:   0.00% | Loss: 
Placing Sensors
[Episode 445/400] Steps: 720 | Reward:   -3.91 | Battery:  81.22% | Loss: 
Placing Sensors
Policy -0.0051 | Value 0.0149 | KL 0.00606 | CF 0.0748 | Std 0.1101 | |a| 0.0287 | EV +0.918 | AE 0.885 | Alpha 0.0100 | MB 24/24
  cert | viol 0.060 | dV -0.243892 | V 0.3044 | inball 0.492 | a*_q05 0.00304 | a*_q50 0.03102 | dV>=0 0.006 | n=150 | a_used 0.00308 -> 0.00315
  crit | n=1 | viol 0.573 | V 0.6972 | Vmin 0.1547 | agree +0.657 | a*_q05 -0.00685 | a*_q50 0.00190 | dV>=0 0.363 | beta 0.1163
  bell | direct viol 0.478 | direct dV>=0 0.419 | d_mean +0.00099 | d_std 0.04158 | d_q95 0.07828
[Episode 446/400] Steps: 720 | Reward:   -4.25 | Battery:  70.13% | Loss: 0.0616
Placing Sensors
[Episode 447/400] Steps: 720 | Reward:   -4.69 | Battery:  67.31% | Loss: 
Placing Sensors
Policy -0.0043 | Value 0.0108 | KL 0.00323 | CF 0.0324 | Std 0.1100 | |a| 0.0357 | EV +0.876 | AE 0.907 | Alpha 0.0100 | MB 24/24
  cert | viol 0.177 | dV -0.232319 | V 0.3218 | inball 0.488 | a*_q05 0.00180 | a*_q50 0.02733 | dV>=0 0.000 | n=150 | a_used 0.00315 -> 0.00307
  crit | n=1 | viol 0.520 | V 0.6720 | Vmin 0.1674 | agree +0.463 | a*_q05 -0.00552 | a*_q50 0.00295 | dV>=0 0.259 | beta 0.1155
  bell | direct viol 0.462 | direct dV>=0 0.417 | d_mean +0.00067 | d_std 0.03346 | d_q95 0.06979
[Episode 448/400] Steps: 720 | Reward:   -4.59 | Battery:  76.89% | Loss: 0.0242
Placing Sensors
[Episode 449/400] Steps: 720 | Reward:   -4.68 | Battery:  82.16% | Loss: 
Placing Sensors
Policy -0.0078 | Value 0.0056 | KL 0.00831 | CF 0.1102 | Std 0.1100 | |a| 0.0354 | EV +0.954 | AE 0.888 | Alpha 0.0100 | MB 24/24
  cert | viol 0.025 | dV -0.310481 | V 0.3597 | inball 0.559 | a*_q05 0.00501 | a*_q50 0.03492 | dV>=0 0.007 | n=150 | a_used 0.00307 -> 0.00315
  crit | n=1 | viol 0.384 | V 0.6431 | Vmin 0.1465 | agree +0.536 | a*_q05 -0.00502 | a*_q50 0.00467 | dV>=0 0.226 | beta 0.1147
  bell | direct viol 0.481 | direct dV>=0 0.417 | d_mean +0.00171 | d_std 0.03118 | d_q95 0.05632
[Episode 450/400] Steps: 720 | Reward:   -4.65 | Battery:  69.19% | Loss: 0.0319
Placing Sensors
[Episode 451/400] Steps: 720 | Reward:   -3.03 | Battery:  80.19% | Loss: 
Placing Sensors
[Episode 452/400] Steps:  86 | Reward:  -17.65 | Battery:   0.00% | Loss: 
Placing Sensors
Policy -0.0041 | Value 0.0190 | KL 0.00935 | CF 0.0933 | Std 0.1100 | |a| 0.0397 | EV +0.895 | AE 0.876 | Alpha 0.0100 | MB 24/24
  cert | viol 0.082 | dV -0.264170 | V 0.3318 | inball 0.493 | a*_q05 0.00183 | a*_q50 0.03170 | dV>=0 0.015 | n=150 | a_used 0.00315 -> 0.00300
  crit | n=1 | viol 0.548 | V 0.7030 | Vmin 0.1362 | agree +0.598 | a*_q05 -0.00619 | a*_q50 0.00232 | dV>=0 0.361 | beta 0.1135
  bell | direct viol 0.520 | direct dV>=0 0.450 | d_mean +0.00069 | d_std 0.03972 | d_q95 0.07775
[Episode 453/400] Steps: 720 | Reward:   -5.57 | Battery:  62.26% | Loss: 0.0855
Placing Sensors
[Episode 454/400] Steps: 720 | Reward:   -3.24 | Battery:  85.25% | Loss: 
Placing Sensors
Policy -0.0024 | Value 0.0043 | KL 0.00886 | CF 0.1119 | Std 0.1101 | |a| 0.0341 | EV +0.934 | AE 0.909 | Alpha 0.0100 | MB 24/24
  cert | viol 0.000 | dV -0.286733 | V 0.3141 | inball 0.658 | a*_q05 0.00711 | a*_q50 0.03831 | dV>=0 0.000 | n=150 | a_used 0.00300 -> 0.00312
  crit | n=1 | viol 0.549 | V 0.4820 | Vmin 0.1668 | agree +0.805 | a*_q05 -0.00669 | a*_q50 0.00256 | dV>=0 0.322 | beta 0.1117
  bell | direct viol 0.425 | direct dV>=0 0.356 | d_mean +0.00209 | d_std 0.02197 | d_q95 0.04022
[Episode 455/400] Steps: 720 | Reward:   -3.42 | Battery:  84.79% | Loss: -0.1058
Placing Sensors
[Episode 456/400] Steps: 720 | Reward:   -4.33 | Battery:  81.43% | Loss: 
Placing Sensors
Policy -0.0086 | Value 0.0046 | KL 0.01312 | CF 0.1512 | Std 0.1101 | |a| 0.0431 | EV +0.950 | AE 0.906 | Alpha 0.0100 | MB 24/24
  cert | viol 0.025 | dV -0.260456 | V 0.3125 | inball 0.561 | a*_q05 0.00476 | a*_q50 0.03021 | dV>=0 0.000 | n=150 | a_used 0.00312 -> 0.00324
  crit | n=1 | viol 0.310 | V 0.5329 | Vmin 0.1763 | agree +0.419 | a*_q05 -0.00367 | a*_q50 0.00883 | dV>=0 0.160 | beta 0.1116
  bell | direct viol 0.507 | direct dV>=0 0.436 | d_mean -0.00069 | d_std 0.02287 | d_q95 0.04972
[Episode 457/400] Steps: 720 | Reward:   -4.17 | Battery:  76.27% | Loss: 0.0852
Placing Sensors
[Episode 458/400] Steps: 720 | Reward:   -4.91 | Battery:  75.16% | Loss: 
Placing Sensors
Policy -0.0034 | Value 0.0040 | KL 0.00513 | CF 0.0563 | Std 0.1101 | |a| 0.0583 | EV +0.948 | AE 0.929 | Alpha 0.0100 | MB 24/24
  cert | viol 0.060 | dV -0.297728 | V 0.3571 | inball 0.494 | a*_q05 0.00270 | a*_q50 0.03112 | dV>=0 0.024 | n=150 | a_used 0.00324 -> 0.00330
  crit | n=1 | viol 0.427 | V 0.6608 | Vmin 0.2109 | agree +0.444 | a*_q05 -0.00617 | a*_q50 0.00470 | dV>=0 0.291 | beta 0.1112
  bell | direct viol 0.485 | direct dV>=0 0.398 | d_mean -0.00031 | d_std 0.01689 | d_q95 0.03544
[Episode 459/400] Steps: 720 | Reward:   -5.20 | Battery:  69.89% | Loss: -0.0445
Placing Sensors
[Episode 460/400] Steps: 720 | Reward:   -5.62 | Battery:  82.67% | Loss: 
Placing Sensors
Policy -0.0037 | Value 0.0067 | KL 0.01313 | CF 0.1661 | Std 0.1100 | |a| 0.0368 | EV +0.929 | AE 0.898 | Alpha 0.0100 | MB 24/24
  cert | viol 0.138 | dV -0.277272 | V 0.4139 | inball 0.485 | a*_q05 0.00023 | a*_q50 0.02190 | dV>=0 0.047 | n=150 | a_used 0.00330 -> 0.00275
  crit | n=1 | viol 0.321 | V 0.6907 | Vmin 0.2654 | agree +0.708 | a*_q05 -0.00290 | a*_q50 0.00558 | dV>=0 0.122 | beta 0.1127
  bell | direct viol 0.487 | direct dV>=0 0.396 | d_mean -0.00084 | d_std 0.02504 | d_q95 0.04483
[Episode 461/400] Steps: 720 | Reward:   -5.50 | Battery:  85.50% | Loss: 0.1224
Placing Sensors
[Episode 462/400] Steps: 720 | Reward:   -4.83 | Battery:  83.31% | Loss: 
Placing Sensors
Policy 0.0027 | Value 0.0033 | KL 0.00906 | CF 0.1232 | Std 0.1101 | |a| 0.0309 | EV +0.964 | AE 0.922 | Alpha 0.0100 | MB 24/24
  cert | viol 0.000 | dV -0.325611 | V 0.3805 | inball 0.543 | a*_q05 0.00605 | a*_q50 0.03107 | dV>=0 0.000 | n=150 | a_used 0.00275 -> 0.00286
  crit | n=1 | viol 0.331 | V 0.6002 | Vmin 0.2362 | agree +0.700 | a*_q05 -0.00576 | a*_q50 0.00506 | dV>=0 0.244 | beta 0.1127
  bell | direct viol 0.464 | direct dV>=0 0.405 | d_mean +0.00018 | d_std 0.01942 | d_q95 0.03723
[Episode 463/400] Steps: 720 | Reward:   -4.17 | Battery:  78.15% | Loss: 0.2001
Placing Sensors
[Episode 464/400] Steps: 720 | Reward:   -4.58 | Battery:  75.84% | Loss: 
Placing Sensors
Policy 0.0015 | Value 0.0044 | KL 0.01308 | CF 0.1338 | Std 0.1101 | |a| 0.0370 | EV +0.955 | AE 0.903 | Alpha 0.0100 | MB 24/24
  cert | viol 0.000 | dV -0.294115 | V 0.3264 | inball 0.587 | a*_q05 0.00736 | a*_q50 0.03412 | dV>=0 0.000 | n=150 | a_used 0.00286 -> 0.00301
  crit | n=1 | viol 0.463 | V 0.5927 | Vmin 0.1716 | agree +0.559 | a*_q05 -0.00609 | a*_q50 0.00330 | dV>=0 0.331 | beta 0.1107
  bell | direct viol 0.449 | direct dV>=0 0.398 | d_mean +0.00116 | d_std 0.01902 | d_q95 0.03921
[Episode 465/400] Steps: 720 | Reward:   -3.18 | Battery:  76.25% | Loss: 0.1239
Placing Sensors
[Episode 466/400] Steps: 720 | Reward:   -5.02 | Battery:  59.62% | Loss: 
Placing Sensors
Policy -0.0014 | Value 0.0056 | KL 0.00585 | CF 0.0657 | Std 0.1101 | |a| 0.0426 | EV +0.958 | AE 0.893 | Alpha 0.0100 | MB 24/24
  cert | viol 0.041 | dV -0.264027 | V 0.3086 | inball 0.523 | a*_q05 0.00409 | a*_q50 0.03531 | dV>=0 0.000 | n=150 | a_used 0.00301 -> 0.00312
  crit | n=1 | viol 0.531 | V 0.6625 | Vmin 0.2158 | agree +0.377 | a*_q05 -0.00717 | a*_q50 0.00214 | dV>=0 0.430 | beta 0.1101
  bell | direct viol 0.495 | direct dV>=0 0.407 | d_mean +0.00183 | d_std 0.02449 | d_q95 0.05081
[Episode 467/400] Steps: 720 | Reward:   -2.98 | Battery:  78.46% | Loss: 0.1044
Placing Sensors
[Episode 468/400] Steps: 720 | Reward:   -2.79 | Battery:  73.44% | Loss: 
Placing Sensors
Policy -0.0053 | Value 0.0052 | KL 0.00592 | CF 0.0715 | Std 0.1101 | |a| 0.0336 | EV +0.927 | AE 0.895 | Alpha 0.0100 | MB 24/24
  cert | viol 0.000 | dV -0.233842 | V 0.2426 | inball 0.628 | a*_q05 0.01374 | a*_q50 0.04129 | dV>=0 0.000 | n=150 | a_used 0.00312 -> 0.00330
  crit | n=1 | viol 0.721 | V 0.4773 | Vmin 0.1253 | agree +0.398 | a*_q05 -0.00752 | a*_q50 0.00023 | dV>=0 0.489 | beta 0.1068
  bell | direct viol 0.484 | direct dV>=0 0.437 | d_mean +0.00264 | d_std 0.02527 | d_q95 0.05238
[Episode 469/400] Steps: 720 | Reward:   -2.33 | Battery:  76.57% | Loss: 0.0772
Placing Sensors
[Episode 470/400] Steps: 720 | Reward:   -2.54 | Battery:  79.24% | Loss: 
Placing Sensors
Policy -0.0091 | Value 0.0065 | KL 0.00908 | CF 0.1027 | Std 0.1101 | |a| 0.0383 | EV +0.921 | AE 0.895 | Alpha 0.0100 | MB 24/24
  cert | viol 0.002 | dV -0.245755 | V 0.2769 | inball 0.552 | a*_q05 0.00762 | a*_q50 0.03526 | dV>=0 0.000 | n=150 | a_used 0.00330 -> 0.00345
  crit | n=1 | viol 0.510 | V 0.5129 | Vmin 0.1080 | agree +0.488 | a*_q05 -0.00502 | a*_q50 0.00305 | dV>=0 0.350 | beta 0.1047
  bell | direct viol 0.520 | direct dV>=0 0.460 | d_mean -0.00029 | d_std 0.03066 | d_q95 0.06407
[Episode 471/400] Steps: 720 | Reward:   -5.17 | Battery:  70.12% | Loss: 0.0839
Placing Sensors
[Episode 472/400] Steps: 720 | Reward:   -5.32 | Battery:  71.62% | Loss: 
Placing Sensors
[Episode 473/400] Steps:  66 | Reward:  -17.75 | Battery:   0.00% | Loss: 
Placing Sensors
Policy -0.0036 | Value 0.0252 | KL 0.00833 | CF 0.0771 | Std 0.1101 | |a| 0.0399 | EV +0.863 | AE 0.885 | Alpha 0.0100 | MB 24/24
  cert | viol 0.042 | dV -0.316724 | V 0.3700 | inball 0.530 | a*_q05 0.00465 | a*_q50 0.03762 | dV>=0 0.000 | n=150 | a_used 0.00345 -> 0.00364
  crit | n=1 | viol 0.571 | V 0.6412 | Vmin 0.1004 | agree +0.556 | a*_q05 -0.00682 | a*_q50 0.00197 | dV>=0 0.398 | beta 0.1023
  bell | direct viol 0.497 | direct dV>=0 0.408 | d_mean +0.00132 | d_std 0.02849 | d_q95 0.05890
[Episode 474/400] Steps: 720 | Reward:   -2.45 | Battery:  78.30% | Loss: 0.0531
Placing Sensors
[Episode 475/400] Steps: 720 | Reward:   -1.92 | Battery:  77.90% | Loss: 
Placing Sensors
Policy -0.0023 | Value 0.0067 | KL 0.00709 | CF 0.0811 | Std 0.1101 | |a| 0.0314 | EV +0.936 | AE 0.908 | Alpha 0.0100 | MB 24/24
  cert | viol 0.000 | dV -0.266419 | V 0.2869 | inball 0.629 | a*_q05 0.00982 | a*_q50 0.03983 | dV>=0 0.000 | n=150 | a_used 0.00364 -> 0.00383
  crit | n=1 | viol 0.333 | V 0.4359 | Vmin 0.1052 | agree +0.335 | a*_q05 -0.00495 | a*_q50 0.00829 | dV>=0 0.219 | beta 0.1002
  bell | direct viol 0.465 | direct dV>=0 0.416 | d_mean +0.00091 | d_std 0.04125 | d_q95 0.06963
[Episode 476/400] Steps: 720 | Reward:   -4.06 | Battery:  74.18% | Loss: 0.0053
Placing Sensors
[Episode 477/400] Steps: 720 | Reward:   -3.20 | Battery:  78.54% | Loss: 
Placing Sensors
[Episode 478/400] Steps:  94 | Reward:  -17.26 | Battery:   0.00% | Loss: 
Placing Sensors
[Episode 479/400] Steps: 104 | Reward:  -17.51 | Battery:   0.00% | Loss: 
Placing Sensors
Policy -0.0057 | Value 0.0272 | KL 0.01210 | CF 0.1381 | Std 0.1101 | |a| 0.0413 | EV +0.833 | AE 0.889 | Alpha 0.0100 | MB 28/28
  cert | viol 0.000 | dV -0.314669 | V 0.3465 | inball 0.539 | a*_q05 0.00847 | a*_q50 0.03715 | dV>=0 0.000 | n=150 | a_used 0.00383 -> 0.00399
  crit | n=1 | viol 0.531 | V 0.6939 | Vmin 0.1855 | agree +0.732 | a*_q05 -0.00609 | a*_q50 0.00347 | dV>=0 0.215 | beta 0.1005
  bell | direct viol 0.518 | direct dV>=0 0.402 | d_mean +0.00068 | d_std 0.02708 | d_q95 0.05398
[Episode 480/400] Steps: 720 | Reward:   -4.16 | Battery:  83.76% | Loss: 0.2011
Placing Sensors
[Episode 481/400] Steps: 720 | Reward:   -4.24 | Battery:  65.90% | Loss: 
Placing Sensors
Policy -0.0123 | Value 0.0103 | KL 0.01039 | CF 0.1164 | Std 0.1101 | |a| 0.0471 | EV +0.922 | AE 0.883 | Alpha 0.0100 | MB 24/24
  cert | viol 0.000 | dV -0.320669 | V 0.3512 | inball 0.534 | a*_q05 0.00867 | a*_q50 0.03707 | dV>=0 0.000 | n=150 | a_used 0.00399 -> 0.00414
  crit | n=1 | viol 0.534 | V 0.5791 | Vmin 0.1359 | agree +0.458 | a*_q05 -0.00653 | a*_q50 0.00281 | dV>=0 0.389 | beta 0.0998
  bell | direct viol 0.528 | direct dV>=0 0.452 | d_mean +0.00089 | d_std 0.04225 | d_q95 0.07877
[Episode 482/400] Steps: 720 | Reward:   -3.94 | Battery:  79.60% | Loss: -0.1110
Placing Sensors
[Episode 483/400] Steps: 720 | Reward:   -4.61 | Battery:  76.40% | Loss: 
Placing Sensors
[Episode 484/400] Steps: 101 | Reward:  -17.47 | Battery:   0.00% | Loss: 
Placing Sensors
Policy 0.0164 | Value 0.0162 | KL 0.01002 | CF 0.1182 | Std 0.1101 | |a| 0.0425 | EV +0.874 | AE 0.878 | Alpha 0.0100 | MB 28/28
  cert | viol 0.007 | dV -0.270902 | V 0.3049 | inball 0.491 | a*_q05 0.01118 | a*_q50 0.03587 | dV>=0 0.000 | n=150 | a_used 0.00414 -> 0.00432
  crit | n=1 | viol 0.449 | V 0.6507 | Vmin 0.1643 | agree +0.530 | a*_q05 -0.00453 | a*_q50 0.00524 | dV>=0 0.232 | beta 0.0997
  bell | direct viol 0.518 | direct dV>=0 0.442 | d_mean -0.00027 | d_std 0.02499 | d_q95 0.05255
[Episode 485/400] Steps: 720 | Reward:   -3.97 | Battery:  68.72% | Loss: -0.1119
Placing Sensors
[Episode 486/400] Steps:  88 | Reward:  -17.49 | Battery:   0.00% | Loss: 
Placing Sensors
[Episode 487/400] Steps: 720 | Reward:   -4.11 | Battery:  77.90% | Loss: 
Placing Sensors
[Episode 488/400] Steps:  82 | Reward:  -17.68 | Battery:   0.00% | Loss: 
Placing Sensors
Policy -0.0053 | Value 0.0310 | KL 0.01205 | CF 0.1283 | Std 0.1101 | |a| 0.0442 | EV +0.855 | AE 0.878 | Alpha 0.0100 | MB 28/28
  cert | viol 0.152 | dV -0.250437 | V 0.3632 | inball 0.351 | a*_q05 -0.00013 | a*_q50 0.02560 | dV>=0 0.061 | n=150 | a_used 0.00432 -> 0.00411
  crit | n=1 | viol 0.517 | V 0.7971 | Vmin 0.1812 | agree +0.571 | a*_q05 -0.00635 | a*_q50 0.00418 | dV>=0 0.315 | beta 0.1008
  bell | direct viol 0.533 | direct dV>=0 0.455 | d_mean +0.00025 | d_std 0.03384 | d_q95 0.06547
[Episode 489/400] Steps: 720 | Reward:   -6.64 | Battery:  68.50% | Loss: 0.1801
Placing Sensors
[Episode 490/400] Steps: 720 | Reward:   -2.98 | Battery:  82.21% | Loss: 
Placing Sensors
Policy -0.0086 | Value 0.0067 | KL 0.00728 | CF 0.0952 | Std 0.1101 | |a| 0.0348 | EV +0.940 | AE 0.894 | Alpha 0.0100 | MB 24/24
  cert | viol 0.000 | dV -0.319104 | V 0.3517 | inball 0.613 | a*_q05 0.00793 | a*_q50 0.03800 | dV>=0 0.000 | n=150 | a_used 0.00411 -> 0.00420
  crit | n=1 | viol 0.513 | V 0.5635 | Vmin 0.1631 | agree +0.553 | a*_q05 -0.00742 | a*_q50 0.00401 | dV>=0 0.296 | beta 0.1004
  bell | direct viol 0.458 | direct dV>=0 0.398 | d_mean +0.00185 | d_std 0.03607 | d_q95 0.07371
[Episode 491/400] Steps: 720 | Reward:   -4.07 | Battery:  80.24% | Loss: 0.0120
Placing Sensors
[Episode 492/400] Steps: 720 | Reward:   -3.53 | Battery:  79.16% | Loss: 
Placing Sensors
Policy 0.0036 | Value 0.0086 | KL 0.01609 | CF 0.1299 | Std 0.1101 | |a| 0.0333 | EV +0.902 | AE 0.877 | Alpha 0.0100 | MB 24/24
  cert | viol 0.141 | dV -0.247407 | V 0.3183 | inball 0.546 | a*_q05 0.00296 | a*_q50 0.02908 | dV>=0 0.000 | n=150 | a_used 0.00420 -> 0.00416
  crit | n=1 | viol 0.562 | V 0.6266 | Vmin 0.1623 | agree +0.530 | a*_q05 -0.00602 | a*_q50 0.00359 | dV>=0 0.244 | beta 0.1001
  bell | direct viol 0.493 | direct dV>=0 0.427 | d_mean +0.00077 | d_std 0.03476 | d_q95 0.05803
[Episode 493/400] Steps: 720 | Reward:   -4.65 | Battery:  79.26% | Loss: -0.0321
Placing Sensors
[Episode 494/400] Steps: 720 | Reward:   -2.79 | Battery:  82.96% | Loss: 
Placing Sensors
Policy -0.0022 | Value 0.0058 | KL 0.00713 | CF 0.0877 | Std 0.1101 | |a| 0.0453 | EV +0.949 | AE 0.897 | Alpha 0.0100 | MB 24/24
  cert | viol 0.210 | dV -0.219930 | V 0.3239 | inball 0.534 | a*_q05 -0.00070 | a*_q50 0.03186 | dV>=0 0.101 | n=150 | a_used 0.00416 -> 0.00334
  crit | n=1 | viol 0.537 | V 0.6176 | Vmin 0.1268 | agree +0.501 | a*_q05 -0.00552 | a*_q50 0.00344 | dV>=0 0.239 | beta 0.0972
  bell | direct viol 0.487 | direct dV>=0 0.383 | d_mean +0.00104 | d_std 0.01849 | d_q95 0.03952
[Episode 495/400] Steps: 720 | Reward:   -5.35 | Battery:  64.35% | Loss: -0.0520
Placing Sensors
[Episode 496/400] Steps: 720 | Reward:   -3.83 | Battery:  69.72% | Loss: 
Placing Sensors
Policy 0.0002 | Value 0.0044 | KL 0.00577 | CF 0.0757 | Std 0.1101 | |a| 0.0386 | EV +0.960 | AE 0.899 | Alpha 0.0100 | MB 24/24
  cert | viol 0.114 | dV -0.245513 | V 0.3396 | inball 0.509 | a*_q05 -0.00134 | a*_q50 0.02948 | dV>=0 0.079 | n=150 | a_used 0.00334 -> 0.00300
  crit | n=1 | viol 0.493 | V 0.5830 | Vmin 0.1417 | agree +0.596 | a*_q05 -0.00588 | a*_q50 0.00347 | dV>=0 0.278 | beta 0.0969
  bell | direct viol 0.534 | direct dV>=0 0.460 | d_mean -0.00005 | d_std 0.02275 | d_q95 0.04538
[Episode 497/400] Steps: 720 | Reward:   -5.00 | Battery:  80.19% | Loss: 0.1732
Placing Sensors
[Episode 498/400] Steps: 720 | Reward:   -4.97 | Battery:  79.09% | Loss: 
Placing Sensors
Policy -0.0031 | Value 0.0047 | KL 0.00529 | CF 0.0660 | Std 0.1101 | |a| 0.0289 | EV +0.948 | AE 0.908 | Alpha 0.0100 | MB 24/24
  cert | viol 0.000 | dV -0.233521 | V 0.2792 | inball 0.570 | a*_q05 0.00568 | a*_q50 0.03320 | dV>=0 0.000 | n=150 | a_used 0.00300 -> 0.00306
  crit | n=1 | viol 0.520 | V 0.5294 | Vmin 0.1204 | agree +0.702 | a*_q05 -0.00563 | a*_q50 0.00256 | dV>=0 0.290 | beta 0.0958
  bell | direct viol 0.467 | direct dV>=0 0.403 | d_mean +0.00085 | d_std 0.02101 | d_q95 0.04009
[Episode 499/400] Steps: 720 | Reward:   -2.13 | Battery:  79.98% | Loss: 0.0778
Placing Sensors
[Episode 500/400] Steps:  77 | Reward:  -17.38 | Battery:   0.00% | Loss: 
Placing Sensors
[Episode 501/400] Steps: 720 | Reward:   -3.43 | Battery:  81.43% | Loss: 
Placing Sensors
Policy -0.0068 | Value 0.0186 | KL 0.01037 | CF 0.1119 | Std 0.1101 | |a| 0.0360 | EV +0.887 | AE 0.889 | Alpha 0.0100 | MB 24/24
  cert | viol 0.027 | dV -0.255212 | V 0.2985 | inball 0.539 | a*_q05 0.00529 | a*_q50 0.03177 | dV>=0 0.000 | n=150 | a_used 0.00306 -> 0.00309
  crit | n=1 | viol 0.400 | V 0.5893 | Vmin 0.1144 | agree +0.662 | a*_q05 -0.00550 | a*_q50 0.00413 | dV>=0 0.232 | beta 0.0945
  bell | direct viol 0.482 | direct dV>=0 0.417 | d_mean +0.00067 | d_std 0.02614 | d_q95 0.04926
[Episode 502/400] Steps: 720 | Reward:   -4.07 | Battery:  70.28% | Loss: 0.0182
Placing Sensors
[Episode 503/400] Steps: 720 | Reward:   -4.38 | Battery:  66.42% | Loss: 
Placing Sensors
Policy -0.0023 | Value 0.0085 | KL 0.01040 | CF 0.1424 | Std 0.1101 | |a| 0.0383 | EV +0.945 | AE 0.893 | Alpha 0.0100 | MB 24/24
  cert | viol 0.039 | dV -0.319630 | V 0.3976 | inball 0.477 | a*_q05 0.00389 | a*_q50 0.03137 | dV>=0 0.000 | n=150 | a_used 0.00309 -> 0.00310
  crit | n=1 | viol 0.305 | V 0.6749 | Vmin 0.1168 | agree +0.394 | a*_q05 -0.00473 | a*_q50 0.00659 | dV>=0 0.201 | beta 0.0926
  bell | direct viol 0.467 | direct dV>=0 0.420 | d_mean -0.00074 | d_std 0.03246 | d_q95 0.06774
[Episode 504/400] Steps: 720 | Reward:   -5.55 | Battery:  59.74% | Loss: 0.1145
Placing Sensors
[Episode 505/400] Steps: 720 | Reward:   -3.18 | Battery:  82.24% | Loss: 
Placing Sensors
[Episode 506/400] Steps: 121 | Reward:  -17.38 | Battery:   0.00% | Loss: 
Placing Sensors
Policy -0.0118 | Value 0.0266 | KL 0.00555 | CF 0.0656 | Std 0.1101 | |a| 0.0333 | EV +0.823 | AE 0.902 | Alpha 0.0100 | MB 28/28
  cert | viol 0.000 | dV -0.264193 | V 0.2878 | inball 0.572 | a*_q05 0.01011 | a*_q50 0.03750 | dV>=0 0.000 | n=150 | a_used 0.00310 -> 0.00329
  crit | n=1 | viol 0.600 | V 0.6488 | Vmin 0.1554 | agree +0.734 | a*_q05 -0.00716 | a*_q50 0.00163 | dV>=0 0.376 | beta 0.0927
  bell | direct viol 0.478 | direct dV>=0 0.398 | d_mean +0.00296 | d_std 0.02274 | d_q95 0.04384
[Episode 507/400] Steps: 720 | Reward:   -3.59 | Battery:  81.88% | Loss: 0.2591
Placing Sensors
[Episode 508/400] Steps: 720 | Reward:   -5.29 | Battery:  69.84% | Loss: 
Placing Sensors
Policy -0.0035 | Value 0.0057 | KL 0.00709 | CF 0.0438 | Std 0.1101 | |a| 0.0318 | EV +0.929 | AE 0.912 | Alpha 0.0100 | MB 24/24
  cert | viol 0.041 | dV -0.244767 | V 0.2965 | inball 0.532 | a*_q05 0.00463 | a*_q50 0.03085 | dV>=0 0.000 | n=150 | a_used 0.00329 -> 0.00342
  crit | n=1 | viol 0.483 | V 0.5491 | Vmin 0.1706 | agree +0.624 | a*_q05 -0.00582 | a*_q50 0.00357 | dV>=0 0.303 | beta 0.0928
  bell | direct viol 0.473 | direct dV>=0 0.410 | d_mean +0.00092 | d_std 0.02428 | d_q95 0.04914
[Episode 509/400] Steps: 720 | Reward:   -2.69 | Battery:  85.30% | Loss: 0.1913
Placing Sensors
[Episode 510/400] Steps: 720 | Reward:   -5.57 | Battery:  75.61% | Loss: 
Placing Sensors
Policy -0.0081 | Value 0.0058 | KL 0.00509 | CF 0.0583 | Std 0.1101 | |a| 0.0404 | EV +0.943 | AE 0.915 | Alpha 0.0100 | MB 24/24
  cert | viol 0.124 | dV -0.246069 | V 0.3396 | inball 0.543 | a*_q05 -0.00154 | a*_q50 0.03347 | dV>=0 0.088 | n=150 | a_used 0.00342 -> 0.00341
  crit | n=1 | viol 0.633 | V 0.6148 | Vmin 0.1706 | agree +0.456 | a*_q05 -0.00682 | a*_q50 0.00058 | dV>=0 0.449 | beta 0.0935
  bell | direct viol 0.525 | direct dV>=0 0.451 | d_mean +0.00064 | d_std 0.03140 | d_q95 0.06428
[Episode 511/400] Steps: 720 | Reward:   -2.56 | Battery:  76.04% | Loss: 0.0345
Placing Sensors
[Episode 512/400] Steps: 720 | Reward:   -4.37 | Battery:  67.78% | Loss: 
Placing Sensors
Policy -0.0016 | Value 0.0060 | KL 0.00546 | CF 0.0665 | Std 0.1101 | |a| 0.0416 | EV +0.925 | AE 0.897 | Alpha 0.0100 | MB 24/24
  cert | viol 0.182 | dV -0.289970 | V 0.4186 | inball 0.488 | a*_q05 0.00022 | a*_q50 0.02991 | dV>=0 0.029 | n=150 | a_used 0.00341 -> 0.00292
  crit | n=1 | viol 0.298 | V 0.6646 | Vmin 0.1698 | agree +0.445 | a*_q05 -0.00572 | a*_q50 0.00658 | dV>=0 0.217 | beta 0.0937
  bell | direct viol 0.485 | direct dV>=0 0.430 | d_mean -0.00145 | d_std 0.02756 | d_q95 0.05869
[Episode 513/400] Steps: 720 | Reward:   -5.90 | Battery:  78.19% | Loss: 0.0409
Placing Sensors
[Episode 514/400] Steps: 720 | Reward:   -3.50 | Battery:  79.46% | Loss: 
Placing Sensors
Policy -0.0061 | Value 0.0037 | KL 0.00544 | CF 0.0621 | Std 0.1101 | |a| 0.0358 | EV +0.949 | AE 0.907 | Alpha 0.0100 | MB 24/24
  cert | viol 0.030 | dV -0.284022 | V 0.3387 | inball 0.580 | a*_q05 0.00493 | a*_q50 0.03196 | dV>=0 0.000 | n=150 | a_used 0.00292 -> 0.00299
  crit | n=1 | viol 0.448 | V 0.5992 | Vmin 0.1817 | agree +0.700 | a*_q05 -0.00642 | a*_q50 0.00342 | dV>=0 0.269 | beta 0.0944
  bell | direct viol 0.465 | direct dV>=0 0.415 | d_mean +0.00096 | d_std 0.02837 | d_q95 0.06014
[Episode 515/400] Steps: 720 | Reward:   -4.43 | Battery:  84.82% | Loss: 0.0672
Placing Sensors
[Episode 516/400] Steps: 720 | Reward:   -2.70 | Battery:  79.57% | Loss: 
Placing Sensors
Policy -0.0036 | Value 0.0045 | KL 0.00722 | CF 0.0974 | Std 0.1101 | |a| 0.0338 | EV +0.928 | AE 0.911 | Alpha 0.0100 | MB 24/24
  cert | viol 0.002 | dV -0.258287 | V 0.2880 | inball 0.621 | a*_q05 0.00667 | a*_q50 0.03783 | dV>=0 0.000 | n=150 | a_used 0.00299 -> 0.00314
  crit | n=1 | viol 0.454 | V 0.4885 | Vmin 0.1514 | agree +0.519 | a*_q05 -0.00670 | a*_q50 0.00384 | dV>=0 0.315 | beta 0.0928
  bell | direct viol 0.459 | direct dV>=0 0.425 | d_mean -0.00015 | d_std 0.03492 | d_q95 0.07511
[Episode 517/400] Steps: 720 | Reward:   -3.73 | Battery:  77.75% | Loss: 0.0058
Placing Sensors
[Episode 518/400] Steps: 720 | Reward:   -2.72 | Battery:  73.95% | Loss: 
Placing Sensors
Policy -0.0042 | Value 0.0054 | KL 0.00734 | CF 0.1011 | Std 0.1101 | |a| 0.0361 | EV +0.914 | AE 0.897 | Alpha 0.0100 | MB 24/24
  cert | viol 0.000 | dV -0.231077 | V 0.2425 | inball 0.610 | a*_q05 0.01235 | a*_q50 0.03910 | dV>=0 0.000 | n=150 | a_used 0.00314 -> 0.00333
  crit | n=1 | viol 0.673 | V 0.4754 | Vmin 0.1225 | agree +0.512 | a*_q05 -0.00718 | a*_q50 0.00084 | dV>=0 0.459 | beta 0.0910
  bell | direct viol 0.464 | direct dV>=0 0.416 | d_mean +0.00215 | d_std 0.03035 | d_q95 0.06246
[Episode 519/400] Steps: 720 | Reward:   -3.02 | Battery:  77.78% | Loss: -0.0705
Placing Sensors
[Episode 520/400] Steps: 720 | Reward:   -3.76 | Battery:  59.69% | Loss: 
Placing Sensors
Policy -0.0044 | Value 0.0052 | KL 0.01184 | CF 0.1225 | Std 0.1100 | |a| 0.0393 | EV +0.929 | AE 0.924 | Alpha 0.0100 | MB 24/24
  cert | viol 0.000 | dV -0.227552 | V 0.2494 | inball 0.480 | a*_q05 0.00973 | a*_q50 0.03235 | dV>=0 0.000 | n=150 | a_used 0.00333 -> 0.00349
  crit | n=1 | viol 0.490 | V 0.5392 | Vmin 0.1518 | agree +0.378 | a*_q05 -0.00545 | a*_q50 0.00357 | dV>=0 0.360 | beta 0.0899
  bell | direct viol 0.489 | direct dV>=0 0.436 | d_mean +0.00131 | d_std 0.02735 | d_q95 0.05483
[Episode 521/400] Steps: 720 | Reward:   -3.84 | Battery:  76.55% | Loss: -0.0118
Placing Sensors
[Episode 522/400] Steps: 720 | Reward:   -3.47 | Battery:  74.70% | Loss: 
Placing Sensors
Policy -0.0016 | Value 0.0058 | KL 0.00677 | CF 0.0863 | Std 0.1100 | |a| 0.0415 | EV +0.905 | AE 0.917 | Alpha 0.0100 | MB 24/24
  cert | viol 0.000 | dV -0.237095 | V 0.2587 | inball 0.605 | a*_q05 0.00792 | a*_q50 0.03954 | dV>=0 0.000 | n=150 | a_used 0.00349 -> 0.00366
  crit | n=1 | viol 0.427 | V 0.4887 | Vmin 0.1245 | agree +0.408 | a*_q05 -0.00700 | a*_q50 0.00506 | dV>=0 0.321 | beta 0.0887
  bell | direct viol 0.455 | direct dV>=0 0.410 | d_mean +0.00213 | d_std 0.02686 | d_q95 0.05639
[Episode 523/400] Steps: 720 | Reward:   -2.82 | Battery:  82.52% | Loss: 0.1374
Placing Sensors
[Episode 524/400] Steps: 720 | Reward:   -4.40 | Battery:  79.17% | Loss: 
Placing Sensors
Policy -0.0064 | Value 0.0065 | KL 0.00644 | CF 0.0758 | Std 0.1100 | |a| 0.0523 | EV +0.913 | AE 0.905 | Alpha 0.0100 | MB 24/24
  cert | viol 0.000 | dV -0.268048 | V 0.2892 | inball 0.548 | a*_q05 0.00969 | a*_q50 0.03443 | dV>=0 0.000 | n=150 | a_used 0.00366 -> 0.00384
  crit | n=1 | viol 0.553 | V 0.6028 | Vmin 0.1354 | agree +0.506 | a*_q05 -0.00471 | a*_q50 0.00267 | dV>=0 0.354 | beta 0.0892
  bell | direct viol 0.489 | direct dV>=0 0.424 | d_mean +0.00082 | d_std 0.02447 | d_q95 0.04737
[Episode 525/400] Steps: 720 | Reward:   -3.74 | Battery:  54.37% | Loss: -0.0355
Placing Sensors
[Episode 526/400] Steps: 720 | Reward:   -3.64 | Battery:  81.48% | Loss: 
Placing Sensors
[Episode 527/400] Steps:  76 | Reward:  -17.73 | Battery:   0.00% | Loss: 
Placing Sensors
Policy -0.0072 | Value 0.0276 | KL 0.00554 | CF 0.0475 | Std 0.1100 | |a| 0.0406 | EV +0.822 | AE 0.903 | Alpha 0.0100 | MB 24/24
  cert | viol 0.000 | dV -0.266680 | V 0.2998 | inball 0.550 | a*_q05 0.00674 | a*_q50 0.03548 | dV>=0 0.000 | n=150 | a_used 0.00384 -> 0.00395
  crit | n=1 | viol 0.425 | V 0.5045 | Vmin 0.1123 | agree +0.827 | a*_q05 -0.00699 | a*_q50 0.00464 | dV>=0 0.202 | beta 0.0876
  bell | direct viol 0.476 | direct dV>=0 0.408 | d_mean -0.00002 | d_std 0.02522 | d_q95 0.05182
[Episode 528/400] Steps: 720 | Reward:   -3.61 | Battery:  83.89% | Loss: 0.0822
Placing Sensors
[Episode 529/400] Steps: 720 | Reward:   -3.44 | Battery:  81.51% | Loss: 
Placing Sensors
Policy -0.0072 | Value 0.0035 | KL 0.00507 | CF 0.0602 | Std 0.1101 | |a| 0.0369 | EV +0.961 | AE 0.906 | Alpha 0.0100 | MB 24/24
  cert | viol 0.000 | dV -0.246641 | V 0.2578 | inball 0.660 | a*_q05 0.01218 | a*_q50 0.04074 | dV>=0 0.000 | n=150 | a_used 0.00395 -> 0.00414
  crit | n=1 | viol 0.601 | V 0.4899 | Vmin 0.1139 | agree +0.500 | a*_q05 -0.00658 | a*_q50 0.00293 | dV>=0 0.285 | beta 0.0863
  bell | direct viol 0.427 | direct dV>=0 0.395 | d_mean +0.00244 | d_std 0.02660 | d_q95 0.05359
[Episode 530/400] Steps: 720 | Reward:   -2.66 | Battery:  79.21% | Loss: 0.0287
Placing Sensors
[Episode 531/400] Steps: 720 | Reward:   -3.76 | Battery:  64.31% | Loss: 
Placing Sensors
Policy -0.0029 | Value 0.0046 | KL 0.00650 | CF 0.0813 | Std 0.1101 | |a| 0.0463 | EV +0.909 | AE 0.924 | Alpha 0.0100 | MB 24/24
  cert | viol 0.000 | dV -0.216089 | V 0.2494 | inball 0.561 | a*_q05 0.00737 | a*_q50 0.03048 | dV>=0 0.000 | n=150 | a_used 0.00414 -> 0.00424
  crit | n=1 | viol 0.460 | V 0.4711 | Vmin 0.1127 | agree +0.441 | a*_q05 -0.00279 | a*_q50 0.00478 | dV>=0 0.154 | beta 0.0847
  bell | direct viol 0.463 | direct dV>=0 0.397 | d_mean +0.00100 | d_std 0.02212 | d_q95 0.04499
[Episode 532/400] Steps: 720 | Reward:   -3.65 | Battery:  85.52% | Loss: 0.0222
Placing Sensors
[Episode 533/400] Steps: 720 | Reward:   -3.51 | Battery:  71.46% | Loss: 
Placing Sensors
Policy -0.0069 | Value 0.0039 | KL 0.00585 | CF 0.0586 | Std 0.1101 | |a| 0.0374 | EV +0.930 | AE 0.902 | Alpha 0.0100 | MB 24/24
  cert | viol 0.000 | dV -0.244726 | V 0.2677 | inball 0.615 | a*_q05 0.00758 | a*_q50 0.03756 | dV>=0 0.000 | n=150 | a_used 0.00424 -> 0.00433
  crit | n=1 | viol 0.531 | V 0.4389 | Vmin 0.1368 | agree +0.615 | a*_q05 -0.00589 | a*_q50 0.00383 | dV>=0 0.318 | beta 0.0842
  bell | direct viol 0.463 | direct dV>=0 0.404 | d_mean +0.00069 | d_std 0.02177 | d_q95 0.04292
[Episode 534/400] Steps: 720 | Reward:   -3.64 | Battery:  83.56% | Loss: 0.0175
Placing Sensors
[Episode 535/400] Steps: 720 | Reward:   -5.63 | Battery:  59.63% | Loss: 
Placing Sensors
Policy -0.0047 | Value 0.0053 | KL 0.00617 | CF 0.0671 | Std 0.1101 | |a| 0.0412 | EV +0.950 | AE 0.889 | Alpha 0.0100 | MB 24/24
  cert | viol 0.076 | dV -0.263531 | V 0.3360 | inball 0.447 | a*_q05 0.00254 | a*_q50 0.02888 | dV>=0 0.023 | n=150 | a_used 0.00433 -> 0.00437
  crit | n=1 | viol 0.439 | V 0.5835 | Vmin 0.1842 | agree +0.420 | a*_q05 -0.00399 | a*_q50 0.00530 | dV>=0 0.292 | beta 0.0841
  bell | direct viol 0.496 | direct dV>=0 0.440 | d_mean -0.00165 | d_std 0.02767 | d_q95 0.05750
[Episode 536/400] Steps: 720 | Reward:   -4.39 | Battery:  65.77% | Loss: 0.0638
Placing Sensors
[Episode 537/400] Steps: 720 | Reward:   -2.64 | Battery:  71.29% | Loss: 
Placing Sensors
Policy -0.0073 | Value 0.0044 | KL 0.00638 | CF 0.0797 | Std 0.1100 | |a| 0.0441 | EV +0.935 | AE 0.900 | Alpha 0.0100 | MB 24/24
  cert | viol 0.000 | dV -0.223627 | V 0.2424 | inball 0.624 | a*_q05 0.01087 | a*_q50 0.03752 | dV>=0 0.000 | n=150 | a_used 0.00437 -> 0.00455
  crit | n=1 | viol 0.735 | V 0.4393 | Vmin 0.1124 | agree +0.683 | a*_q05 -0.00612 | a*_q50 0.00137 | dV>=0 0.384 | beta 0.0829
  bell | direct viol 0.467 | direct dV>=0 0.401 | d_mean +0.00223 | d_std 0.03007 | d_q95 0.06282
[Episode 538/400] Steps: 720 | Reward:   -3.30 | Battery:  86.35% | Loss: -0.0954
Placing Sensors
[Episode 539/400] Steps: 720 | Reward:   -3.66 | Battery:  84.94% | Loss: 
Placing Sensors
Policy -0.0039 | Value 0.0028 | KL 0.00800 | CF 0.0979 | Std 0.1100 | |a| 0.0415 | EV +0.969 | AE 0.900 | Alpha 0.0100 | MB 24/24
  cert | viol 0.024 | dV -0.317268 | V 0.3583 | inball 0.600 | a*_q05 0.00648 | a*_q50 0.03701 | dV>=0 0.000 | n=150 | a_used 0.00455 -> 0.00469
  crit | n=1 | viol 0.318 | V 0.4740 | Vmin 0.1126 | agree +0.734 | a*_q05 -0.00424 | a*_q50 0.00661 | dV>=0 0.196 | beta 0.0820
  bell | direct viol 0.454 | direct dV>=0 0.409 | d_mean +0.00033 | d_std 0.03126 | d_q95 0.06357
[Episode 540/400] Steps: 720 | Reward:   -3.92 | Battery:  81.73% | Loss: 0.0099
Placing Sensors
[Episode 541/400] Steps: 720 | Reward:   -3.62 | Battery:  80.62% | Loss: 
Placing Sensors
Policy -0.0032 | Value 0.0034 | KL 0.00482 | CF 0.0533 | Std 0.1100 | |a| 0.0427 | EV +0.942 | AE 0.903 | Alpha 0.0100 | MB 24/24
  cert | viol 0.000 | dV -0.242747 | V 0.2598 | inball 0.649 | a*_q05 0.01049 | a*_q50 0.04033 | dV>=0 0.000 | n=150 | a_used 0.00469 -> 0.00487
  crit | n=1 | viol 0.394 | V 0.3775 | Vmin 0.0843 | agree +0.483 | a*_q05 -0.00496 | a*_q50 0.00641 | dV>=0 0.192 | beta 0.0798
  bell | direct viol 0.454 | direct dV>=0 0.406 | d_mean +0.00127 | d_std 0.03148 | d_q95 0.06359
[Episode 542/400] Steps: 720 | Reward:   -2.13 | Battery:  79.60% | Loss: 0.2076
Placing Sensors
[Episode 543/400] Steps: 720 | Reward:   -3.80 | Battery:  72.35% | Loss: 
Placing Sensors
Policy -0.0075 | Value 0.0073 | KL 0.00496 | CF 0.0586 | Std 0.1100 | |a| 0.0556 | EV +0.898 | AE 0.914 | Alpha 0.0100 | MB 24/24
  cert | viol 0.195 | dV -0.268084 | V 0.3806 | inball 0.478 | a*_q05 0.00127 | a*_q50 0.03006 | dV>=0 0.007 | n=150 | a_used 0.00487 -> 0.00456
  crit | n=1 | viol 0.291 | V 0.5970 | Vmin 0.1251 | agree +0.440 | a*_q05 -0.00529 | a*_q50 0.00838 | dV>=0 0.172 | beta 0.0799
  bell | direct viol 0.510 | direct dV>=0 0.435 | d_mean -0.00181 | d_std 0.02472 | d_q95 0.05109
[Episode 544/400] Steps: 720 | Reward:   -6.10 | Battery:  70.00% | Loss: -0.0232
Placing Sensors
[Episode 545/400] Steps: 720 | Reward:   -5.72 | Battery:  61.00% | Loss: 
Placing Sensors
Policy 0.0067 | Value 0.0058 | KL 0.01408 | CF 0.1319 | Std 0.1100 | |a| 0.0548 | EV +0.900 | AE 0.894 | Alpha 0.0100 | MB 24/24
  cert | viol 0.093 | dV -0.242878 | V 0.3042 | inball 0.485 | a*_q05 0.00364 | a*_q50 0.03039 | dV>=0 0.000 | n=150 | a_used 0.00456 -> 0.00446
  crit | n=1 | viol 0.535 | V 0.5921 | Vmin 0.1718 | agree +0.564 | a*_q05 -0.00477 | a*_q50 0.00415 | dV>=0 0.294 | beta 0.0808
  bell | direct viol 0.515 | direct dV>=0 0.434 | d_mean +0.00016 | d_std 0.02809 | d_q95 0.05830
[Episode 546/400] Steps: 720 | Reward:   -3.87 | Battery:  76.31% | Loss: 0.0762
Placing Sensors
[Episode 547/400] Steps: 720 | Reward:   -2.56 | Battery:  80.74% | Loss: 
Placing Sensors
Policy -0.0039 | Value 0.0026 | KL 0.00588 | CF 0.0766 | Std 0.1100 | |a| 0.0484 | EV +0.954 | AE 0.897 | Alpha 0.0100 | MB 24/24
  cert | viol 0.000 | dV -0.243286 | V 0.2534 | inball 0.625 | a*_q05 0.01336 | a*_q50 0.04117 | dV>=0 0.000 | n=150 | a_used 0.00446 -> 0.00464
  crit | n=1 | viol 0.599 | V 0.4622 | Vmin 0.1373 | agree +0.370 | a*_q05 -0.00716 | a*_q50 0.00216 | dV>=0 0.419 | beta 0.0804
  bell | direct viol 0.476 | direct dV>=0 0.419 | d_mean +0.00122 | d_std 0.02871 | d_q95 0.05841
[Episode 548/400] Steps: 720 | Reward:   -3.36 | Battery:  71.57% | Loss: 0.0984
Placing Sensors
[Episode 549/400] Steps: 720 | Reward:   -2.51 | Battery:  76.66% | Loss: 
Placing Sensors
[Episode 550/400] Steps: 116 | Reward:  -17.30 | Battery:   0.00% | Loss: 
Placing Sensors
Policy 0.0315 | Value 0.0401 | KL 0.01985 | CF 0.0922 | Std 0.1099 | |a| 0.0616 | EV +0.735 | AE 0.899 | Alpha 0.0100 | MB 14/28
  cert | viol 0.033 | dV -0.201975 | V 0.2309 | inball 0.520 | a*_q05 0.00779 | a*_q50 0.03522 | dV>=0 0.000 | n=150 | a_used 0.00464 -> 0.00468
  crit | n=1 | viol 0.489 | V 0.5543 | Vmin 0.1649 | agree +0.529 | a*_q05 -0.00456 | a*_q50 0.00460 | dV>=0 0.260 | beta 0.0823
  bell | direct viol 0.552 | direct dV>=0 0.487 | d_mean -0.00264 | d_std 0.03345 | d_q95 0.06708
[Episode 551/400] Steps: 720 | Reward:   -4.27 | Battery:  64.39% | Loss: 0.2365
Placing Sensors
[Episode 552/400] Steps: 720 | Reward:   -4.18 | Battery:  72.33% | Loss: 
Placing Sensors
Policy -0.0024 | Value 0.0032 | KL 0.01300 | CF 0.1673 | Std 0.1099 | |a| 0.0551 | EV +0.932 | AE 0.912 | Alpha 0.0100 | MB 24/24
  cert | viol 0.027 | dV -0.239321 | V 0.2730 | inball 0.558 | a*_q05 0.00630 | a*_q50 0.03108 | dV>=0 0.000 | n=150 | a_used 0.00468 -> 0.00476
  crit | n=1 | viol 0.620 | V 0.6474 | Vmin 0.2560 | agree +0.461 | a*_q05 -0.00604 | a*_q50 0.00313 | dV>=0 0.297 | beta 0.0841
  bell | direct viol 0.513 | direct dV>=0 0.454 | d_mean +0.00081 | d_std 0.03889 | d_q95 0.08188
[Episode 553/400] Steps: 720 | Reward:   -3.69 | Battery:  83.16% | Loss: 0.0919
[budget] 288464 transitions collected over 553 episodes -- step budget met, stopping.
Placing Sensors
  [validation 1/10] steps 720 | battery  30.8% ->  64.4% (min  26.6%) | reward    -3.95 | |a| 0.031 | path     266 m
Placing Sensors
  [validation 2/10] steps 720 | battery  36.1% ->  70.3% (min  30.2%) | reward    -3.29 | |a| 0.039 | path     225 m
Placing Sensors
  [validation 3/10] steps 720 | battery  38.7% ->  84.5% (min  28.3%) | reward    -1.88 | |a| 0.034 | path     272 m
Placing Sensors
  [validation 4/10] steps 720 | battery  35.2% ->  89.0% (min  32.9%) | reward    -1.02 | |a| 0.026 | path     149 m
Placing Sensors
  [validation 5/10] steps 720 | battery  30.6% ->  72.3% (min  21.7%) | reward    -2.37 | |a| 0.038 | path     236 m
Placing Sensors
  [validation 6/10] steps 720 | battery  31.4% ->  87.7% (min  18.5%) | reward    -2.06 | |a| 0.034 | path     280 m
Placing Sensors
  [validation 7/10] steps 720 | battery  34.1% ->  77.7% (min  23.1%) | reward    -2.31 | |a| 0.091 | path      93 m
Placing Sensors
  [validation 8/10] steps 720 | battery  30.0% ->  83.5% (min  24.7%) | reward    -2.51 | |a| 0.028 | path     193 m
Placing Sensors
  [validation 9/10] steps 720 | battery  33.5% ->  78.8% (min  30.1%) | reward    -3.01 | |a| 0.055 | path     199 m
Placing Sensors
  [validation 10/10] steps 720 | battery  40.0% ->  85.2% (min  32.2%) | reward    -1.76 | |a| 0.032 | path     251 m

==============================================================================
VALIDATION COMPLETE -- 10 independent deterministic episodes
==============================================================================
metric                       mean        std        min        max
reward                      -2.41       0.84      -3.95      -1.02
final battery %             79.34       8.16      64.38      88.98
min battery %               26.82       4.77      18.45      32.88
steps                      720.00       0.00     720.00     720.00
solar W                     30.06       3.69      21.55      34.02
|action|                     0.04       0.02       0.03       0.09
path m                     216.50      59.60      92.51     280.20
tortuosity                   1.75       0.45       1.42       2.99
motion mAh                 158.88      41.07      75.13     204.12
idle mAh                 11582.63       0.56   11582.40   11584.18

survived full 720 steps : 10/10
ended below 20% battery         : 0/10
ended above 70% battery         : 9/10

reward 95% CI: -2.41 +- 0.52  (-2.93 to -1.90)

total step rows written: 7200

==============================================
WALL CLOCK BREAKDOWN
==============================================
Total run time        :   17963.98 s
  Rollout (training)  :   17354.35 s  ( 96.6%)
    - policy inference:     440.05 s  (  2.4%)
    - env + reward    :   16914.29 s  ( 94.2%)
  PPO update()        :     102.14 s  (  0.6%)
  Checkpoint saves    :       0.02 s  (  0.0%)
  Final evaluation    :     366.02 s  (  2.0%)
  Other / logging     :     141.45 s  (  0.8%)

==============================================
PER-CALL AVERAGES
==============================================
Policy inference      :   295664 calls |    1.525 ms/step
  final eval only     :     7200 calls |    1.516 ms/step
PPO update()          :      189 calls |  540.441 ms/update
Episode               :      400 eps   |   43.995 s/episode

update() share of wall clock: 0.6%
