episode,steps,final_battery,total_reward,total_directional_reward,total_battery_reward,total_movement_penalty,loss,episode_time,rollout_time,inference_time,env_time,update_time,peak_solar_w,mean_solar_w,start_battery,min_battery,idle_mAh,motion_mAh,path_m,turn_integral,net_displacement_m
1,720,42.27231380558595,133.15316488653502,131.29138713405533,6.250225717908577,4.079283560211457,,42.60316282114945,42.36091496795416,0.6476907499600202,41.71322421799414,0.0,42.23751913281994,17.950765256422628,39.14720094663166,15.668716222445376,11582.399999999969,1220.8454205399812,1754.5566947064874,1343.2896790469292,88.09151996655426
2,720,45.306215461779544,127.75663782624432,118.47196531771732,13.340161980459357,3.772446265854532,1.952151894569397,46.885725835105404,46.255217066034675,0.5272698402404785,45.727947225794196,0.33824400301091373,42.03850491344459,16.22022123848325,38.6361344715499,5.560213155855291,11582.399999999969,1253.3152764138856,1709.1680228321716,1328.4697792191362,78.06236194607129
3,720,49.18275159198203,159.13630025779688,139.36332578808393,23.7305200816959,3.651765078458358,,39.54453267110512,39.28545238706283,0.528823762666434,38.7566286243964,0.0,41.94266699625059,18.27728118355446,37.31749155113408,24.110639427237217,11582.399999999969,1037.518963816999,1526.4357492195434,1397.1393124735123,57.631062033920614
4,130,0.0,-56.38698387396807,9.338853372455947,-65.21013267320623,0.46423869273472107,,15.242007484892383,14.937673577107489,0.09798554028384387,14.839688036823645,0.0,21.135281603399072,4.473815758380453,32.60506633660313,0.0,2091.266666666662,256.16126331990534,319.2065408468245,261.9751132446359,33.53283230898583
5,155,0.0,-52.71366729306175,11.739069193667587,-63.868934423352314,0.5277243444426184,,13.16672017192468,12.922377669950947,0.11508069350384176,12.807296976447105,0.0,25.367933770016403,5.955149322918365,31.934467211676136,0.0,2493.4333333333266,283.31227460063815,347.67366158333215,286.03154154432696,30.50868404367464
6,720,60.629200160629814,200.92755420106835,159.0183815111817,47.053383521096166,4.801524406576789,1.748274326324463,37.70786670013331,37.165366826811805,0.5305748153477907,36.634792011464015,0.2831771639175713,42.1786072414603,21.418922048459923,37.10250840008173,18.891012122342485,11582.399999999969,1238.3383554202078,1824.9247168836716,1338.010202288025,107.64877733103141
7,720,44.45116150382289,134.53202177943362,117.56914486228783,21.145766983313905,3.8750877056860076,,43.18451974610798,42.9289619079791,0.5311571308411658,42.397804777137935,0.0,40.59425715251823,15.953943798638182,33.878278012165936,4.602648173473467,11582.399999999969,1312.444528644675,1763.3896395312167,1336.7393307326586,94.33923635952561
8,720,52.91320172085322,160.9688001832574,139.27158204803914,26.34246870216343,4.33739595370739,1.742810845375061,44.352826880989596,43.81311890017241,0.5311872083693743,43.28193169180304,0.24830220895819366,42.263570475685256,19.367382086438372,39.74196736977151,17.503323339667524,11582.399999999969,1225.4901769861895,1766.7215995669371,1372.1264623762186,56.593255801270544
9,720,78.90716397165775,256.2404854497668,165.36360634281482,95.75378960611624,4.5534026641989325,,40.31352375098504,40.06490824301727,0.5282515436410904,39.53665669937618,0.0,42.2392222419745,21.268650571495417,31.030269168599645,4.169714087255911,11582.399999999969,1198.52795809756,1690.1532422138241,1401.5371700731014,33.147657066170005
10,720,67.92651573612945,246.11305242833748,178.12862715834055,73.19238316339955,4.9170624629866815,1.7157174348831177,38.17349409707822,37.650499403942376,0.5298409597016871,37.12065844424069,0.24698759918101132,42.263434310942834,23.52015309447834,31.330324154429672,14.95701022628797,11582.399999999969,1162.9526997532917,1733.614354984326,1299.6093460746386,57.28046199034624
11,133,0.0,-58.98896243110381,8.076839891090817,-66.57863743841095,0.4364010261998636,,15.48240875103511,15.201103538973257,0.09983983915299177,15.101263699820265,0.0,28.139971148214247,4.364320810140597,33.28931871920549,0.0,2139.5266666666616,250.21773081943047,311.3635866219508,227.66380864306885,47.32833891734422
12,720,50.54080226522566,158.65353770852698,141.05901397919894,22.55449692234818,4.623345335908382,,40.512723159976304,40.25948429503478,0.5308206749614328,39.72866362007335,0.0,42.26329700654376,19.64260126164421,39.26355380405157,10.947363123401988,11582.399999999969,1277.1905751788663,1847.3046343787857,1332.8064355578956,231.90587179801153
13,91,0.0,-63.594085288303944,0.8204486682856441,-64.16538331557776,0.21809859539909054,,12.332733444869518,12.030894017079845,0.06793268909677863,11.962961327983066,0.0,2.5371555374118007,0.5013641308988254,32.08269165778888,0.0,1463.886666666665,167.93182368157494,209.37923296815458,181.38091525051232,65.1982972084935
14,106,0.0,-56.808671212451465,4.813036635367426,-61.234188645093916,0.3413749143126446,,12.509196913102642,12.253543791128322,0.07903445302508771,12.174509338103235,0.0,12.324284906130044,3.0205475734616045,30.61709432254695,0.0,1705.1866666666638,210.45357020189292,260.71337893067863,190.22562700175382,7.259955549758976
15,720,58.188910500937794,172.79995319720928,132.97357485483906,44.22314008739326,4.090378945036372,1.5455154180526733,40.67464676499367,40.143111060839146,0.5306457933038473,39.6124652675353,0.29567298386245966,42.24746265884589,18.07597363512619,36.077340457241185,6.794114785829147,11582.399999999969,1246.936678700467,1732.036542344659,1360.2010707444226,247.17699183294792
16,720,51.77200544382373,206.65175642984357,172.5517557035896,39.17286828274685,4.7699614121087075,,36.9144878720399,36.68303036293946,0.5288293794728816,36.15420098346658,0.0,42.22543321471262,22.980256065773254,32.185571302450306,20.772400169284914,11582.399999999969,1161.0975484772844,1732.7154089196306,1350.3898247615327,161.2431039101078
17,720,67.83638655932023,215.49429292330944,152.8272949726113,67.57617406488113,4.602383424407404,1.3575944900512695,41.38888486195356,40.87076303898357,0.5310645722784102,40.33969846670516,0.25164384488016367,42.26357373964533,21.1148246316878,34.04829952687969,5.865168284962053,11582.399999999969,1249.3095215419746,1772.4387951443434,1334.5967056695004,249.5129785670305
18,720,60.756500195874594,174.00385000634168,131.36150806605693,47.19605391820548,4.2424476422580195,,45.806081688031554,45.52208680496551,0.5298837157897651,44.992203089175746,0.0,42.252761156147,17.876471752425402,37.158473236771854,10.845189991166249,11582.399999999969,1273.308057277651,1783.6518371826107,1350.6813676336253,167.27657662888922
19,183,0.0,-50.25532636165112,15.582813320414864,-64.96967971287006,0.7849227389582226,,20.109176942845806,19.84183410112746,0.13559690886177123,19.70623719226569,0.0,29.587573978428228,7.281298900656367,32.48483985643504,0.0,2943.859999999991,389.414478375031,480.0419130572952,316.1559400237335,92.4103053187727
20,720,45.21448243718766,148.43018561782986,123.95238400448453,28.84467610915266,4.043903193609629,0.9656062722206116,40.1244288100861,39.59035895392299,0.5287416980136186,39.06161725590937,0.2873175968416035,40.81232850303557,16.67900302576592,30.79214438261132,7.518693849333216,11582.399999999969,1292.891863721959,1783.2026505430922,1351.4914933124167,159.80590660986059
21,720,40.71463745015843,131.83478641874285,124.40134224318966,11.686867492415004,3.938479003029406,,41.54572291299701,41.32722346484661,0.5301849120296538,40.79703855281696,0.0,42.261299287915456,17.40602527224733,34.87120370395095,5.529325260488325,11582.399999999969,1272.7694720481732,1762.2750500032216,1365.0115698724164,129.7365772269409
22,108,0.0,-67.92692231813184,2.8928944004140584,-70.4613639310907,0.3124896526814547,,16.957830586005002,16.657359732082114,0.0805598204024136,16.5767999116797,0.0,8.103659838692716,1.586016329618021,35.230681965545344,0.0,1737.359999999997,212.60079276472248,266.64932615011736,193.99739306011398,16.535860254427096
23,720,34.77858861592551,117.14983443458215,119.36162723094765,1.9806370416914376,3.885073481116421,0.6541303992271423,45.410585776902735,44.85967351589352,0.5277649820782244,44.331908533815295,0.28114681295119226,42.2635956979267,16.45641381012485,33.78827009507979,3.6598666299999256,11582.399999999969,1251.353791723093,1747.3466824188326,1364.2035915533959,216.5150818679841
24,720,61.449291724598496,195.86921502532462,140.9378282890359,59.669606862105724,4.409297273122675,,42.0554378060624,41.80768469511531,0.5292269582860172,41.278457736829296,0.0,42.26381527666232,19.26482913178122,31.614488293545655,3.345795377257594,11582.399999999969,1278.4328394702366,1811.1146682080953,1344.9731227378938,75.23914178032577
25,720,58.00547136409923,200.31610264773892,163.07711729089948,41.97971852899853,4.459607005235443,0.9217432141304016,38.02991389017552,37.557228168006986,0.5287145874463022,37.028513580560684,0.24673672020435333,42.2486576014751,21.32177587189001,37.01561209959996,28.596116235935277,11582.399999999969,1140.233416414208,1682.7356370737364,1277.4659311422222,63.775020615619916
26,720,72.15292166087721,241.37312563281,163.95686964423572,82.20471409796558,4.478631713985072,,41.57613258995116,41.30729507282376,0.5281532579101622,40.7791418149136,0.0,42.26342793439027,21.9539305255484,31.050564611894416,5.1603870000179235,11582.399999999969,1148.5185768514514,1677.7777764183948,1318.8500575453982,142.72702344914092
27,720,57.85434276231476,174.6027375497055,128.17109168295406,50.94020722030879,4.197641089874801,0.8248516321182251,41.687136663123965,41.17667617392726,0.5275737214833498,40.64910245244391,0.24947326304391026,42.25508376826449,17.206134266720092,32.38423915216037,0.24348674064767378,11582.399999999969,1329.921292898531,1794.4734779670061,1335.0573567293272,152.60134480496026
28,158,0.0,-59.105948787138956,11.781146740528206,-70.21320046314686,0.5975144953601346,,14.329779081977904,14.098414003150538,0.1176554576959461,13.980758545454592,0.0,22.27582659117155,5.610863623114806,35.106600231573424,0.0,2541.6933333333263,312.71976778038163,389.7683442701576,308.91108340735616,69.07462661692729
29,720,47.69073136658237,149.03263065215913,133.31398313164573,20.409689566290012,4.37256264288654,,41.466476612957194,41.22479040897451,0.5292073159944266,40.69558309298009,0.0,42.25038871128303,18.16165158478884,37.48588658343736,18.80290961936715,11582.399999999969,1258.3705403300598,1838.8454202920927,1318.239224072496,232.93423080229675
30,208,0.0,-42.88032811375562,21.80621007716384,-63.67707095300246,0.9121878929366866,,15.708438039990142,15.47459023213014,0.153317493153736,15.321272738976404,0.0,27.78617711529172,8.232909806579839,31.8385354765012,0.0,3346.0266666666557,412.22881921550515,510.00452868361276,407.51024164687874,86.17709457895087
31,720,47.10766291470103,127.04652179022929,116.14080503118727,15.356799589601543,4.092362586775901,1.0853209495544434,43.69359067385085,43.109179481165484,0.5277264604810625,42.58145302068442,0.31730557000264525,42.20306773211605,15.740622693889925,39.42926311990025,0.28271765266307214,11582.399999999969,1393.8809406324974,1863.5478248291367,1391.0243357382385,236.18457142401925
32,161,0.0,-62.09081377056242,12.36829667702502,-73.7670967011803,0.6173023512973677,,16.2394204470329,15.984021917916834,0.11999587109312415,15.86402604682371,0.0,21.845965612066387,5.3092410894454645,36.883548350590154,0.0,2589.953333333326,315.29279721073885,394.39477898466646,320.7908580200186,37.28685997753459
33,720,28.782976937021516,90.20633987749778,108.83694692490816,-14.522807450997917,3.7802148704900764,,40.677951206918806,40.43723444407806,0.5278175007551908,39.90941694332287,0.0,41.48619750550508,14.522562735870764,36.04438066252045,5.356521978349853,11582.399999999969,1378.2509938556252,1800.6378789973705,1363.9182690250666,194.80355350521478
34,720,66.9554436386791,213.51870303366678,161.157508167297,57.38502229505971,4.727239807552735,0.5203812122344971,39.99833573284559,39.4537567847874,0.5282366373576224,38.92552014742978,0.28167520416900516,42.25596506941281,22.31674582132315,38.262932491149265,10.022001717768061,11582.399999999969,1220.7103324003513,1778.05232161801,1290.3098783987555,193.68877273871368
35,720,62.09949353504578,184.90092519119182,140.01712421928812,49.62761129291053,4.4224296386769995,,44.56535670813173,44.29248306294903,0.5291902371682227,43.76329282578081,0.0,42.26371758999266,18.61693991994607,37.285687888590516,20.33935617958479,11582.399999999969,1258.5814963697144,1808.335347931696,1317.2946761192527,267.0320579517967
36,170,0.0,-62.49628271915519,14.041386266884189,-75.79805810297714,0.6739087547427722,,13.761197322048247,13.52666680701077,0.12598269898444414,13.400684108026326,0.0,30.34865053529546,5.592610857854834,37.89902905148855,0.0,2734.7333333333254,340.2998894679972,426.81075047529106,300.6554195796526,60.20883640973839
37,720,33.645192414212225,117.38991697926302,118.12807614142753,3.6963154102642903,4.104055567192961,0.6506505608558655,43.73776667402126,43.20794638409279,0.5264004725031555,42.68154591158964,0.28422481706365943,42.26379191587525,16.263442528763427,31.79703470908008,7.953825908588384,11582.399999999969,1329.7804592108603,1833.7831660022957,1346.0689216387193,200.01013470575288
38,194,0.0,-40.154915457769185,21.76057315166661,-60.96049550081706,0.8681561881772311,,14.292378318030387,14.047280342085287,0.14383660769090056,13.903443734394386,0.0,28.69083393495279,8.099257808601305,30.480247750408523,0.0,3120.8133333333235,381.4627134613303,473.64397445694647,376.16889520219576,77.29784365409333
39,105,0.0,-65.98043005570538,2.9177278671897926,-68.49882183067407,0.3477306014141231,,11.156269437167794,10.914341144030914,0.07834784593433142,10.835993298096582,0.0,8.765474460931236,1.7638456555880515,34.24941091533704,0.0,1689.0999999999972,231.40053237096842,290.9655322950829,192.32344649361116,32.80364564308483
40,720,58.14342246779333,182.73111077721433,144.10694810365163,43.64855611018535,4.697938093412409,,41.17171720811166,40.92973962496035,0.5275406208820641,40.402199004078284,0.0,42.26212192520457,19.267352231679975,36.31914441270065,21.82201576447376,11582.399999999969,1286.607656008712,1867.480888254279,1299.169536726826,162.61112090983156
41,720,43.161287171496475,121.75073822194194,116.24103425298117,9.799360042913364,3.9594940611998672,0.6221722364425659,43.34945907397196,42.798646360170096,0.527972440700978,42.27067391946912,0.2870819449890405,42.26355329469279,16.046823530516278,38.26160715003977,0.41259118851521215,11582.399999999969,1323.4460927071152,1805.3771931399235,1366.4877453699796,282.3559249804708
42,125,0.0,-60.94268026962157,7.577563824197071,-68.08623213370042,0.3820638655069599,,15.209023567149416,14.919867335120216,0.09365893015637994,14.826208404963836,0.0,27.63135161727653,3.4899413394414016,34.04311606685021,0.0,2010.833333333329,232.11786393709113,288.5041933020519,238.71511627869234,22.52388450552192
43,720,57.486713814200606,178.82784789090462,135.10429847629183,48.514118233053765,4.4574432976174965,,38.810913600958884,38.56696474389173,0.530487721087411,38.03647702280432,0.0,42.23945768884165,18.160673781978144,33.229654697673716,12.699872201503146,11582.399999999969,1303.5661758922643,1840.2356644146698,1311.2561205996403,239.44082274867097
44,720,56.00152370809324,161.82378189191914,133.96247427542497,32.41368405241572,4.2430719249434095,0.551252007484436,41.35109447687864,40.843156044138595,0.5285488613881171,40.31460718275048,0.281534805893898,42.26375239531326,18.390886231108535,39.79468168188538,15.22402767874555,11582.399999999969,1263.3332886903088,1794.5016090634088,1306.917103612023,214.32272687199045
45,720,48.26387307433233,167.15820243976344,154.6647766155899,17.157189795801585,4.351361655934879,,42.24596313200891,41.993398930178955,0.5291519165039062,41.46424701367505,0.0,42.24417651241172,20.68215781527119,39.68527817643154,21.348050670412377,11582.399999999969,1154.6404093447888,1684.5126702704276,1372.7491091791746,34.68051997816024
46,103,0.0,-62.857254259159156,2.9559721409816113,-65.47176689795795,0.3014268815753121,,11.374789830064401,11.129535463871434,0.0770780979655683,11.052457365905866,0.0,6.455021708136834,1.8906450641773873,32.73588344897897,0.0,1656.926666666664,203.40883358338215,254.32803974910968,184.7495938125863,49.73798370040259
47,119,0.0,-54.369551454624165,7.601282363830911,-61.48638292864076,0.4285662610493147,,11.611742325127125,11.360530494013801,0.08793911850079894,11.272591375513002,0.0,14.223820527323136,4.194464636013345,30.74319146432036,0.0,1914.3133333333294,234.3485413387045,291.3302067356169,244.89239690734564,20.932009341508056
48,176,0.0,-66.67705967261587,11.9532682030007,-77.88806981083135,0.664514146616407,,18.90823948988691,18.633453918853775,0.1306361116003245,18.50281780725345,0.0,22.127670525469725,5.590275055479779,38.94403490541568,0.0,2831.253333333325,355.1865950802994,442.0358202748504,333.20124189710486,37.69168159361052
49,720,53.20995324519606,153.1924985983599,126.78398754070855,30.92244044412172,4.191064413203775,0.5601544380187988,40.03126299288124,39.47679913905449,0.5277493649628013,38.94904977409169,0.3181272898800671,42.263644933167534,16.780701560023953,37.7487330231352,6.348776345920077,11582.399999999969,1325.1726390045321,1817.965447355164,1373.482850070274,210.82403995338566
50,133,0.0,-51.41879931812463,11.991997898408043,-62.88344848508779,0.47130324713437893,,11.743724058149382,11.501049885060638,0.09952260227873921,11.401527282781899,0.0,21.73249136550106,4.98508917593159,31.441724242543888,0.0,2139.5266666666616,241.3432400948325,300.45340545553137,243.90956105008743,12.90827258010519
51,720,48.21970257901886,149.22793423524757,134.30540404268768,19.747387374758702,4.487588846414781,,41.86932599195279,41.583542875014246,0.5263302328530699,41.057212642161176,0.0,42.2159852181821,18.84399238247802,38.34600889163951,17.613657474886462,11582.399999999969,1305.083737972874,1854.7928771176328,1334.0029791539384,235.48834378408839
52,720,71.647604689492,221.8540227329345,157.8426524251429,69.21410615773293,4.846260850457447,0.4869982600212097,43.08715908997692,42.56984712602571,0.5269580855965614,42.042889040429145,0.27854719408787787,42.26352271580993,21.113698545530365,37.040551610625556,13.074806269297218,11582.399999999969,1280.0879325966173,1831.039880047826,1347.5214708309943,270.1311997237044
53,720,57.544684101185176,185.54120707666726,136.6575075402827,53.63369438949336,4.427105445466565,,42.63086691009812,42.39392380602658,0.528553361305967,41.86537044472061,0.0,41.93612834668049,18.812472763939,30.727836906438505,5.4628201108382966,11582.399999999969,1326.2971824483966,1834.7817598044953,1339.2074520389876,292.52147994038427
54,89,0.0,-62.76917419469734,0.5518972255673313,-63.049783403400404,0.23480877264019911,,10.750265246955678,10.478058653883636,0.06675633019767702,10.411302323685959,0.0,3.31227318102699,0.4552243491664854,31.52489170170021,0.0,1431.7133333333318,183.71751257648862,230.91519905441714,152.1482341743829,48.711369262528855
55,720,70.96158695547531,205.96430718640977,146.20433936227045,64.52257423544859,4.430164956249087,0.4701434373855591,37.57365676900372,37.07709490112029,0.5262412033043802,36.55085369781591,0.2544850278645754,42.25130721598408,19.144367968017452,38.70029983775102,15.725521566119879,11582.399999999969,1240.0190475933973,1758.1559124525913,1351.1587926371058,271.7196240146659
56,720,71.41791821498883,235.7369709740021,165.52165135801965,75.42193394799979,4.880064553903384,,38.86943298415281,38.65525045408867,0.5272402444388717,38.1280102096498,0.0,42.2634803406119,21.78591628584096,33.706951240988936,19.09485644817997,11582.399999999969,1233.3753527545043,1797.200797560835,1324.5902874700864,233.16518937727793
57,720,80.81061522511114,241.10676947139427,162.9955865866944,83.33726661626734,4.914014673056867,0.3803222179412842,39.45532007701695,38.96777883497998,0.5277860765345395,38.43999275844544,0.24974337895400822,42.125684757851744,21.035112235869395,39.141981916977464,22.22136288696495,11582.399999999969,1267.7963409140234,1830.6139453396627,1296.2102155116527,329.5738121338258
58,720,60.794606630007856,191.5432086269708,152.96105479946573,43.289424867652556,4.359283229564705,,39.67630737810396,39.43675585417077,0.5290327861439437,38.907723068026826,0.0,42.145867429371314,19.886998261646802,39.14989419618158,26.38295957258346,11582.399999999969,1177.1430443180948,1705.3914353613734,1370.5415586744764,130.84983551666258
59,720,47.350270112622496,150.73463468714726,122.64876452110958,32.70803795970423,4.291228307282745,0.27603673934936523,40.73268613102846,40.24163723899983,0.5283774312119931,39.713259807787836,0.24776836205273867,42.26355901447729,16.693273345587706,30.996251132770357,0.12678082903066745,11582.399999999969,1346.9364206434689,1839.3972395494998,1290.6162348086812,289.5826300006176
60,100,0.0,-58.38338699229667,4.363153560264794,-62.38563922713533,0.3155488129050813,,13.50954052596353,13.280475470004603,0.07518794992938638,13.205287520075217,0.0,16.517942117151957,2.131658895443245,31.192819613567664,0.0,1608.6666666666642,200.17098941040837,249.8556338668,182.84095133657453,44.6357543390798
61,720,76.16968383516435,240.02137362599103,159.76853624087525,85.59526866002045,5.003712043944872,,37.61326109897345,37.36771484394558,0.5298981019295752,36.837816742016,0.0,41.97436672386463,21.47913853351834,33.37204950515413,7.8397176838566045,11582.399999999969,1278.8459154622262,1859.910219805553,1300.581463457985,272.9475003790043
62,720,34.85497926529827,99.37419252453475,108.94316494096851,-5.305646404062514,3.924548570933687,-0.07227731496095657,42.344661565031856,41.82096925401129,0.5335120025556535,41.287457251455635,0.2812537830322981,42.26016564423739,15.126200950833441,37.50780246732952,2.6406316463588384,11582.399999999969,1367.5425538309853,1828.5166356769266,1308.0344980825864,134.68941511416224
63,720,62.388741693577465,172.94760929652855,131.750754653482,45.8335804017937,4.301844628921443,,42.20996633218601,41.97649475885555,0.5328058465383947,41.44368891231716,0.0,42.234042297022626,17.65974280684044,39.47195149268061,5.4380940857314215,11582.399999999969,1303.723318148381,1830.401356877223,1338.219556339888,9.968116714413853
64,720,27.58175720520436,84.35726102455048,111.35067361030111,-22.890924672735707,3.7894905150713587,0.34611403942108154,41.612185809994116,41.095165031030774,0.5319585395045578,40.563206491526216,0.24970917915925384,42.24812763065899,14.918800127718981,39.02721954157221,14.171822610286785,11582.399999999969,1304.1168061384014,1781.954174918757,1345.6832945969177,7.343434189927956
65,161,0.0,-46.44441881405234,15.463952800711983,-61.1423311773165,0.6990547011812966,,14.058945278869942,13.803440032992512,0.12031381181441247,13.6831262211781,0.0,21.695783020252826,6.834067368745261,30.571165588658257,0.0,2589.953333333326,319.3707666926177,398.0298969056253,312.1826623644993,60.58080822405804
66,112,0.0,-73.23865719446579,2.1845483003215445,-75.04020280029692,0.3334481234030723,,13.331072906032205,13.058594719041139,0.08374441671185195,12.974850302329287,0.0,8.936666452666255,1.2947343909114506,37.520101400148484,0.0,1801.7066666666633,236.35211738205803,299.986282615535,202.83825883579672,99.55872395852302
67,115,0.0,-73.18188452648292,3.0839013738147485,-75.86484938912469,0.34515358955259906,,13.187658288050443,12.911069327965379,0.08634321368299425,12.824726114282385,0.0,7.626115985480957,1.5248600375138517,37.93242469456235,0.0,1849.966666666663,231.28458535234313,291.32856077857326,213.97264622630212,9.775475291376306
68,165,0.0,-60.06914883959408,12.547854160273493,-71.95782335774999,0.5935727438401565,,17.00399930984713,16.732268152059987,0.123262858716771,16.609005293343216,0.0,28.460422808746948,5.615664265059502,35.97891167887497,0.0,2654.2999999999925,318.22432980059193,394.08532305356186,301.4047971867487,20.71860338010167
69,98,0.0,-61.10943675442622,3.265815904327826,-64.01228586385321,0.3165174959735129,,8.394467626931146,8.169602036010474,0.07320546195842326,8.09639657405205,0.0,8.62900741486961,1.6748500795799564,32.0061429319266,0.0,1576.493333333331,204.46695337595145,257.22152187807234,171.039318197358,28.321405028644055
70,116,0.0,-63.26464661681507,6.170212640786614,-68.9878156397373,0.39730524657684824,,13.29795450810343,13.048433305928484,0.08696418115869164,12.961469124769792,0.0,22.573224122201225,2.680151571766417,34.49390781986865,0.0,1866.0533333333296,231.84822102246142,290.61081253564,215.77849547178607,20.215707242372257
71,720,42.714036551449745,116.35416016105027,114.46053840224388,6.246387732613854,4.016956859821173,0.10939082503318787,46.820374158909544,46.31345985690132,0.5317196873947978,45.78174016950652,0.25306687597185373,42.02751319031018,16.25121216732929,39.59084268514281,2.797032801683115,11582.399999999969,1345.0999597665225,1856.3043045812615,1346.5006632516229,204.25369629159704
72,98,0.0,-60.856073396282014,2.681185948185443,-63.19721508162739,0.29523623538385463,,10.493653513956815,10.237621739972383,0.07396598951891065,10.163655750453472,0.0,14.28836983243358,1.7393264955814314,31.598607540813685,0.0,1576.493333333331,198.69079302368505,248.88010834067316,175.16671715856387,89.51065319331039
73,127,0.0,-59.096066439697786,7.833528284132888,-66.35467015837251,0.512646674212318,,12.745487220818177,12.479297003010288,0.09549137949943542,12.383805623510852,0.0,28.801157069877434,4.195471760712847,33.17733507918625,0.0,2043.006666666662,282.05489544569934,353.987321305536,226.17582489204713,84.84900383457982
74,720,36.97199269800418,105.37745340302857,111.89130199752778,-2.3162227293413338,3.8633207924486666,,42.60719864699058,42.33525714208372,0.5349808542523533,41.800276287831366,0.0,42.263537676699656,15.567246078681384,38.1301040626748,2.1690112162311572,11582.399999999969,1308.1858085347126,1779.9427075641852,1341.5494890546802,295.6706344758163
75,720,61.130579552648825,186.90705371445821,138.15852322210827,53.72393860286249,4.603779915526527,0.2276892513036728,40.21495649591088,39.69419996999204,0.5340896332636476,39.160110336728394,0.2846536748111248,42.26379901749289,18.786054675754045,34.26861025121758,16.478165210620528,11582.399999999969,1326.784405360911,1886.998982031222,1394.6488500141677,211.3629884682379
76,200,0.0,-55.52395871037922,18.329452502916165,-72.84389937607796,0.9071698197155611,,15.36659217812121,15.14438787009567,0.1494052151683718,14.994982654927298,0.0,27.128069075274283,7.239404326516235,36.42194968803896,0.0,3217.333333333323,435.78133893557145,542.7675897135811,383.7401637885735,38.064629748797785
77,720,70.41851006892233,215.09008426735656,148.07252730817436,71.77445091261382,4.4293496965746115,,40.89282686309889,40.634469273965806,0.5332828355021775,40.10118643846363,0.0,42.20008542172052,19.725681928774705,34.53128461261541,13.019938085655081,11582.399999999969,1228.9477171158371,1765.2158806720618,1314.790357530251,185.5929197204607
78,720,60.69315089669352,185.95212013544042,145.91692205965785,44.58942892395895,4.229797438719961,0.1722314953804016,42.45016096695326,41.91111430618912,0.5328005254268646,41.378313780762255,0.2858707709237933,42.26346364031746,18.912153544076705,38.398436434714036,12.75670249135977,11582.399999999969,1221.6494853370582,1745.2936245739004,1337.3962234997857,99.76780389526088
79,102,0.0,-57.761333450931986,4.058096825056297,-61.41319501224542,0.35067176081763873,,12.029537404887378,11.771525518968701,0.07752015418373048,11.69400536478497,0.0,12.923720738455264,2.643967347294191,30.70659750612271,0.0,1640.8399999999974,222.9257918373427,277.82980943149647,208.7736401200686,56.42226278914124
80,720,51.981644365235056,151.74538848925886,127.17326804352113,29.0344297572382,4.100054844318397,,39.93348924303427,39.697330803843215,0.5340078654699028,39.16332293837331,0.0,42.2606874200801,17.29431177247008,37.46442948661594,10.758212159202051,11582.399999999969,1266.893249852451,1755.854476971996,1408.827347873458,16.683972141654163
81,720,41.435200472516435,131.94568936525675,115.57136363287137,20.74342386990793,4.034922702817453,0.013829421252012253,51.472434303956106,50.93839010805823,0.5325513957068324,50.4058387123514,0.2783723948523402,42.112598472653794,15.945803724651114,31.06348853756244,3.2312931829626743,11582.399999999969,1380.2327220674688,1849.8393690187272,1333.033518559639,153.30257747061688
82,720,64.30405960000381,215.17052227192593,163.22045162369022,57.442319840673804,5.1371938793010195,,42.322364480933174,42.04632083303295,0.5322393241804093,41.51408150885254,0.0,42.26362876495789,22.409766818705332,35.5828996796669,8.141829779632772,11582.399999999969,1297.197938288739,1902.4014872596863,1312.446976085398,115.79767791553265
83,101,0.0,-65.27020066945678,2.515845122322861,-67.42300260138916,0.3119159314232721,,12.169218665920198,11.91128740599379,0.0768040306866169,11.834483375307173,0.0,9.99530546299694,1.4154416220395805,33.71150130069456,0.0,1624.7533333333308,214.49484842908322,268.04643842077684,204.51809637901223,5.388342142663687
84,720,78.51554797694527,265.4872919951877,189.60518986045432,81.6168895874827,5.407079439364726,0.30450165271759033,38.32473189313896,37.801502499962226,0.5330775233451277,37.2684249766171,0.2819454688578844,42.04955678437634,24.873659076031288,37.70710318320392,26.271851663105828,11582.399999999969,1214.1070271727997,1828.2183346788797,1316.1921212658635,62.64706569067371
85,720,24.999241616356592,73.06172752248392,107.27074772889237,-29.810165947192914,4.05090840152153,,45.09886533091776,44.81754212407395,0.5332293175160885,44.284312806557864,0.0,42.23767151017926,15.273541140823369,39.90432458995306,11.229281665184402,11582.399999999969,1380.1505602011189,1915.5691863459865,1335.3214391546348,192.0355915500046
86,720,70.18665034688712,220.72733776114586,155.2865425507072,70.79206197109983,5.000697447557094,0.13897673785686493,40.70477708103135,40.20670930086635,0.5317347524687648,39.674974548397586,0.2479902571067214,42.26308146450097,21.180565552751002,34.79061936133722,1.407115671450729,11582.399999999969,1328.131775931218,1889.497954971895,1333.224460110872,157.0250235560389
87,720,62.1396819898278,175.44097411996358,134.88483029835325,45.339377642673284,4.455313661783017,,36.46925064804964,36.23123971489258,0.5321007741149515,35.69913894077763,0.0,42.20596165830637,17.820415689981033,39.46999316849117,11.174401970699503,11582.399999999969,1305.47528151108,1830.1506133294508,1310.3496866319053,133.6310187973958
88,720,37.48261292090816,123.23103250119404,122.89660175075305,4.507605265709941,3.8496368463742927,0.13335122168064117,43.3443301951047,42.86719375406392,0.5325399758294225,42.3346537782345,0.24718538206070662,42.08806587375873,16.224856136912702,35.22881028805318,11.70444055873205,11582.399999999969,1228.5759019320474,1709.7516447528212,1357.1924791272636,72.26923326977122
89,720,49.28952395248095,160.0298795562251,128.80371577139564,35.85698352411953,4.301495583135694,,44.09526301897131,43.860214731888846,0.5332744603510946,43.32694027153775,0.0,42.26324059294275,16.832903116919674,31.36103219042119,11.811441819476268,11582.399999999969,1324.7226503515953,1846.2797489542045,1301.6399170325972,118.17228053277759
90,131,0.0,-75.8918523614616,4.551310347828517,-79.95767334412832,0.4249254084304453,,14.002064513973892,13.761829816037789,0.0980646712705493,13.66376514476724,0.0,28.199801435914743,2.442493776190665,39.978836672064176,0.0,2107.3533333333285,268.50222406115364,339.25368877481947,243.54678765765635,64.93606315664826
91,720,57.898453451695175,179.64596713023573,141.09413747997374,43.326756042766135,4.452110747912409,0.029555195942521095,42.129354218021035,41.56712617306039,0.5311557904351503,41.03597038262524,0.2816476160660386,42.26384291733799,19.216114963291183,36.235075430312115,8.045659399136614,11582.399999999969,1284.1012509650361,1830.3656006502354,1308.7800340433046,49.78937343128914
92,720,48.824394798402956,163.07977721329476,143.8000147453208,24.265338043127727,4.650635758268262,,41.89465660392307,41.648888416122645,0.5326976994983852,41.11619071662426,0.0,42.259316833841396,20.3379998653345,36.691725776839085,10.723697766030394,11582.399999999969,1282.9912053231549,1862.227563264042,1318.9380757046783,118.30635131493686
93,103,0.0,-64.09358447973463,3.263423031217245,-66.99124368269686,0.32081406818586705,,12.040058112004772,11.786793604958802,0.07785465638153255,11.70893894857727,0.0,8.721322561981008,1.7021228318870922,33.49562184134843,0.0,1656.926666666664,210.40264307875174,263.42322888732053,198.31920431902773,29.45672373442819
94,720,61.623254293729545,201.9197568105789,159.56512819306025,47.512764879545315,4.841486325919667,0.05528401955962181,44.919896939070895,44.352948842104524,0.5314922074321657,43.82145663467236,0.28085469803772867,42.26314245488052,21.481082609007363,37.86687185395689,23.845476861049583,11582.399999999969,1248.8490107760751,1820.8173444934362,1283.0477518983375,102.28937300484249
95,720,38.058151327725945,110.08629812462233,113.39628743963667,0.8502377810963822,3.8529651231772832,,42.29400280304253,42.0275172800757,0.5336178105790168,41.49389946949668,0.0,42.257019807262424,15.812007630905125,37.63303243717774,10.987386411590505,11582.399999999969,1275.1626158819531,1778.872790364902,1290.2689636170458,101.22287813586988
96,720,61.30587999120163,178.60485214438893,138.82127796429648,44.72868237445407,4.6041942086906475,0.037601083517074585,43.94169397605583,43.44229492591694,0.5328265291173011,42.90946839679964,0.2458473949227482,42.2635557053786,19.448688929671977,38.9415388039746,2.534738199092992,11582.399999999969,1329.2818087569594,1888.2932585417009,1310.5841808467153,139.8266919389391
97,720,61.68509640289989,198.01367611740662,151.46916361870555,51.36784721317588,4.505745088246812,,41.6157551438082,41.344296449795365,0.5332053506281227,40.81109109916724,0.0,42.26367661930989,20.122185172608734,36.001172796311934,9.53303384280273,11582.399999999969,1239.4462335940943,1772.2657611563257,1326.889984927367,60.947918469262
98,720,17.31400794504178,60.040342286239266,104.05601700850494,-39.843403314786215,3.81862769686353,0.14873360097408295,42.51271996810101,42.02715660678223,0.5339036975055933,41.493252909276634,0.24804208800196648,42.188110871665565,14.18539266883924,37.235709602434895,7.2040212201220255,11582.399999999969,1387.1339970232855,1862.7289774620253,1376.092747872048,132.38243979429674
99,720,56.62946878693277,173.56345064714944,130.06384367592858,47.839887319032286,4.018845022325861,,40.49705236312002,40.2516862899065,0.5347109758295119,39.71697531407699,0.0,42.26202506769761,17.717659578258445,32.70952512741661,8.132381923128028,11582.399999999969,1266.485676540572,1739.3647580223958,1369.6093478182331,132.97708418423835
100,720,75.00303163973017,236.61319190930746,152.06392889733846,89.69561872834078,4.777827714692007,0.12852264940738678,42.64749104483053,42.10714250407182,0.5322562078945339,41.57488629617728,0.2506848720367998,42.251434431970324,20.20135604150865,30.155222275559794,7.051964446532762,11582.399999999969,1288.5299946232274,1834.4608552017746,1364.110554851578,135.06691815720956
101,93,0.0,-57.99221756725249,2.680946088007948,-60.366342823932484,0.26917525025698213,,11.974950302159414,11.71011473191902,0.07015525898896158,11.639959472930059,0.0,7.784089833862588,1.630426714219054,30.183171411966242,0.0,1496.0599999999981,179.67742197260256,223.2963084653331,170.19824492577268,14.00914016687868
102,720,62.3215812599195,187.1769368932706,141.58321700528958,50.39907283866009,4.470483394546045,,43.8647433349397,43.60005416278727,0.5332063543610275,43.066847808426246,0.0,42.25957279885517,19.096143864709745,37.12204484058945,7.310113239772304,11582.399999999969,1297.1679581244282,1822.6564538367131,1374.7734221930987,85.8707861122463
103,720,73.38082926629097,249.87559050751665,182.50691022183025,72.97756650893888,5.270483358532102,0.18176479637622833,43.57752835517749,43.064181050052866,0.5323842107318342,42.53179683932103,0.2575140190310776,42.06491060174687,24.128989669578075,36.892046011821535,27.69325984233389,11582.399999999969,1195.7859915616932,1822.5756853251746,1385.5891091489175,132.62540917164566
104,720,68.05063180614431,227.49642457399844,176.14224190978803,57.17381579286449,5.451073042272664,,38.04970040614717,37.80343098798767,0.533008175669238,37.27042281231843,0.0,42.15644930012669,23.729512072551486,39.463723909712066,27.893287052377268,11582.399999999969,1270.6012605292783,1914.424657636866,1371.694398754566,79.42268875419123
105,720,55.98275355253822,177.4221184506168,146.84451713379912,35.57509710113068,4.651668294828569,0.1633165031671524,43.987231004051864,43.487604387803,0.5329141814727336,42.95469020633027,0.24832322099246085,42.208263420446016,20.108625640470095,38.19520500197288,18.406970735076438,11582.399999999969,1259.1811253841229,1819.6414813595784,1347.3142379451606,125.43762769212381
106,131,0.0,-51.85925258787833,9.74274711162161,-60.96408006504582,0.5680548652603002,,13.024663212010637,12.781084744026884,0.09854148607701063,12.682543257949874,0.0,22.54307345870154,5.355126230409383,30.48204003252292,0.0,2107.3533333333285,298.18373054331875,372.04526688324773,241.21532965877492,53.195787433415916
107,720,67.4016513874686,209.86401484718277,153.39290006425784,62.029970054701764,5.187476819342673,,38.8333567478694,38.58504623291083,0.5313754049129784,38.05367082799785,0.0,42.17868331941403,21.115619300953803,36.38666636011772,19.06180051875653,11582.399999999969,1340.059365392648,1951.5774890771706,1344.396163914143,103.84832866737881
108,720,45.622599400494245,133.9425073690397,115.23643310649233,23.116860370938127,4.060461586154108,0.09087186306715012,42.81726967007853,42.27695586299524,0.5317364030051976,41.74521945999004,0.28310347395017743,42.05474966495651,16.14768668173817,34.06416921502519,1.6864856527397756,11582.399999999969,1336.6518017615874,1821.1782713020907,1334.825584926635,75.06671666590303
109,720,70.5969487851501,253.83145955721722,195.79201806822934,63.77727626911158,5.410013536050747,,33.63077418808825,33.41334402398206,0.5334795960225165,32.879864427959546,0.0,42.263745023156915,26.18259431952136,38.70831065059431,24.291216594801043,11582.399999999969,1191.7226528922813,1803.5155045871218,1339.2517106317764,76.00911249447556
110,720,59.68910083963893,187.95177423021914,149.42651528807662,43.25423812023975,4.361732787162081,0.10216223448514938,38.44506455305964,37.9551297230646,0.5327474041841924,37.42238231888041,0.24749042792245746,42.26159531711905,20.228999143414818,38.06198177951906,22.343158669116566,11582.399999999969,1192.556977469641,1732.8267863700337,1303.4418993477943,3.454045983982533
111,720,71.35768716988764,228.11635476127046,166.12815306848162,67.65697995785098,5.309347735936156,,43.50905885803513,43.24946656101383,0.532823478570208,42.716643082443625,0.0,42.24298153483065,23.307989675082283,37.52919719096216,5.9190741694735,11582.399999999969,1342.6526895964716,1935.508734064859,1312.722776174114,73.54502819621358
112,720,59.70806680036455,229.95782976681213,180.49064243055557,55.600228653922485,5.781435606574033,0.07845010608434677,44.6321298731491,44.11370850284584,0.531941769644618,43.58176673320122,0.25128278508782387,42.26371348467087,25.41840551316344,31.907952473403306,19.3729454395884,11582.399999999969,1314.4270275842905,1975.8327191932217,1275.4352104090656,79.8409420873844
113,720,44.594022729093474,157.21954383446396,136.86671145330888,25.344881479489715,4.635413043082323,,43.00621788110584,42.76696461997926,0.534095237730071,42.23286938224919,0.0,42.26366266402212,19.84519843388816,31.921581989348613,14.497085470627905,11582.399999999969,1313.124412777606,1895.2819576806723,1359.7553387629632,65.99743685149193
114,720,56.716071907968754,194.99660005194823,150.3267203037175,49.471316907521526,4.4644181232212885,0.09453877061605453,42.232508761109784,41.73488574195653,0.5322467137593776,41.202639028197154,0.24964136513881385,42.263391210028054,21.08157051420554,31.980413454207984,0.07630060663829923,11582.399999999969,1234.647198281288,1777.8002617266204,1337.0060670053058,110.8865417020782
115,720,66.47645078066398,227.5630661543646,172.61992805158695,60.44784688861935,5.163849556558832,,38.156463236082345,37.94119885494001,0.5342371156439185,37.406961739296094,0.0,42.263827549715,22.95870047668134,36.252527336354305,33.26745942175773,11582.399999999969,1225.3718843151714,1834.2024561734422,1359.7054450405362,133.15902910030485
116,720,59.525159001046134,224.5883621540524,179.9745469465389,50.368438256034096,5.416078053057177,0.12585949897766113,39.28217615396716,38.772360851056874,0.5327017947565764,38.2396590563003,0.24671224388293922,42.2634440812715,24.66198733497653,34.340939873029086,20.234688390800613,11582.399999999969,1234.9748372385293,1862.0729700712052,1355.438083878311,50.8655475447438
117,720,65.10496179762012,214.3276468805887,162.76544645173874,57.142322592318706,5.2221110756584785,,41.020117963897064,40.74110935907811,0.535549697233364,40.205559661844745,0.0,42.263777142131566,22.437910955839257,36.53380050146077,21.21730361820008,11582.399999999969,1310.219880449885,1920.1300350276917,1305.8536024546277,101.40453075987665
118,720,53.89481267018734,202.8496631132463,165.47592659336985,42.89011250534881,5.175395738922248,0.036824245005846024,45.23496783408336,44.73052891297266,0.532757981447503,44.197770931525156,0.24810178391635418,42.263685460972304,23.272706699661377,32.44975641751294,16.513907060200882,11582.399999999969,1252.5482991870256,1861.0126381075565,1311.3661893376577,49.59003373005629
119,720,63.949850208827804,204.70490653447098,157.5637540722375,52.4766186557175,4.986204140298383,,42.3042179858312,42.03608388197608,0.5351079739630222,41.50097590801306,0.0,42.25853219441309,21.88709274001177,37.71154088096903,6.244648204420125,11582.399999999969,1282.9584097052493,1885.3951558455158,1347.831532513648,170.73490538112003
120,720,61.315675297050376,219.52370558616008,181.9080012410137,43.583949633040135,5.581868336846647,-0.009904250502586365,44.29432265996002,43.77414549398236,0.5330086764879525,43.24113681749441,0.2485842709429562,42.26383787555109,25.47959540129506,39.52370048053031,24.914275154847054,11582.399999999969,1260.5479068435473,1887.8238338891094,1388.638894538776,106.85940902303373
121,94,0.0,-57.14765239262705,3.2576973619138374,-60.05223920556834,0.30871872085548896,,12.586745283100754,12.305470959981903,0.07124305050820112,12.234227909473702,0.0,14.311305600246028,1.9627993705344382,30.026119602784163,0.0,1512.1466666666647,198.31323536270168,248.20116156437905,177.1044467151947,30.03093369683403
122,720,56.969246781735016,198.97515981877882,150.94011172153802,53.344337902539806,4.9731577990163975,,43.032953292131424,42.82270816201344,0.5323993305210024,42.29030883149244,0.0,42.22776492524902,21.328825373352107,30.297077830465106,8.190908402725388,11582.399999999969,1316.196435142115,1893.5894150501215,1330.825772804916,135.1515399181918
123,720,71.81172557467941,261.1443165346639,200.06802618546988,67.24588667617927,5.830118957833343,0.099012590944767,41.043152909958735,40.54050788702443,0.5326241147704422,40.00788377225399,0.25655132881365716,42.26353425563531,26.90186599473465,38.18878223658978,29.705586612066636,11582.399999999969,1240.8451499943178,1887.2592418139545,1333.4200875785914,92.40601346498521
124,720,69.2757939036326,231.02618842212124,168.46449838941712,68.27774672284691,5.3613016478986975,,40.02800488611683,39.7826386729721,0.5330030580516905,39.24963561492041,0.0,42.26352627590699,24.17472797047576,35.13692054220917,2.933919455333731,11582.399999999969,1319.0908943927507,1918.895811892087,1339.0745506734302,154.08517271067828
125,86,0.0,-60.28260111126223,0.9064350668488719,-60.90697184349125,0.24305815639965314,,12.011579298879951,11.754475289024413,0.06493357685394585,11.689541712170467,0.0,2.6440076893791287,0.6024431366369307,30.45348592174564,0.0,1383.453333333332,183.3914285350885,229.14617826175717,150.10369869484177,40.209226467902106
126,720,69.92902770065709,262.58006595129785,193.4969836335103,75.1349376859946,5.72440182933071,-0.05626944452524185,42.444744950858876,41.929901683935896,0.5360793869476765,41.39382229698822,0.256717684911564,42.263780005488584,26.964274720111582,32.36155885765978,6.128738818611691,11582.399999999969,1276.346174247675,1884.2887274164514,1299.9065991326195,100.24200196930555
127,720,70.94078435460986,233.917381296343,162.97574682342608,76.22860051533755,4.958047341332551,,42.316448505967855,42.05938459187746,0.533923810115084,41.525460781762376,0.0,42.26324899966211,21.976091042921784,32.82648409694109,19.317755549490663,11582.399999999969,1278.3324301475086,1849.3932555101733,1271.5967930819268,35.71204219097934
128,720,68.38459911430007,236.66333696849568,171.74345301247592,70.08788274220039,4.8287973111198035,0.03345367684960365,38.55633410485461,38.05010659410618,0.5328856050036848,37.5172209891025,0.24945664801634848,42.263375112907916,23.158625322839917,33.34065774319989,4.306794202757305,11582.399999999969,1181.777050825612,1704.0788266962559,1365.2272261970095,115.09354405285056
129,720,84.71706600405996,304.0054880294707,218.7347960631949,91.80571425373014,6.206993876512694,,38.674837114987895,38.378950165817514,0.5333790846634656,37.84557108115405,0.0,42.2635865963007,28.735464210889056,38.814208877194886,27.73535460727514,11582.399999999969,1229.7032381187917,1878.7796899201192,1305.0222943411413,86.63239855425967
130,720,59.89186762111869,225.3206334939668,178.53276475980863,52.40819810290094,5.281536657700298,0.02170419879257679,41.76846797997132,41.27906339499168,0.5326456858310848,40.746417709160596,0.25087882997468114,42.26352471864235,24.606395563388396,33.687768569668215,12.894890827198303,11582.399999999969,1235.6853765156357,1838.6271575939018,1299.80757321342,41.80089359547084
131,129,0.0,-69.97895281058848,5.670211045254305,-75.0864463717704,0.49216168167697216,,14.94373497995548,14.666227722074836,0.09778219019062817,14.568445531884208,0.0,14.920824447174136,3.132765276510909,37.5432231858852,0.0,2075.1799999999953,290.72544109537324,366.81345128480876,241.2954211581265,18.820158643921292
132,720,62.356788150801925,208.9467602098111,159.163980443453,55.14152926913697,5.009910096071646,,40.98933942988515,40.70847901608795,0.5335101366508752,40.174968879437074,0.0,42.26364002108096,21.76818264329222,34.78602351623344,22.007778004766827,11582.399999999969,1274.5217355693264,1862.6214507541777,1350.1708508595257,155.344503397534
133,720,77.24766559888542,274.38600815370575,188.67594286555118,91.65781639289699,5.599670768244179,0.03238390386104584,39.417534248903394,38.84999417909421,0.5337691307067871,38.31622504838742,0.27936798986047506,42.26323714855714,25.062794216141103,31.418757402436924,21.439928552781794,11582.399999999969,1278.8566926189478,1885.3210247158954,1354.4776454917856,72.55441355154703
134,720,79.42538656784903,262.6662770889768,186.17077524593338,81.92538174984956,5.0938862920361805,,46.293124528834596,45.99179897806607,0.5349478246644139,45.45685115340166,0.0,42.25986267096362,24.303555917452645,38.46269569292425,28.478203052536077,11582.399999999969,1150.8756800803192,1713.1713565031253,1330.9754550451619,57.031420528511255
135,720,39.756693256254685,141.66306195899458,135.16329667453672,10.464615548530574,3.635637444028176,-0.017104528844356537,40.09695309191011,39.60641809087247,0.5329185680020601,39.07349952287041,0.24654094106517732,42.252475073862776,18.327161268743566,34.5243854819894,14.879947238613541,11582.399999999969,1118.1099449355308,1578.8746172196977,1294.473584006714,208.90352699460288
136,720,63.52716443776899,217.27474387607487,160.38602372134397,61.8048727206601,4.569162458700609,,42.04465329903178,41.781648805132136,0.5330601851455867,41.24858861998655,0.0,42.16720065318082,21.498198640114172,32.62472807743894,22.761236243742363,11582.399999999969,1176.6970907291045,1737.1600735594113,1339.3667801879697,127.14375456884497
137,720,72.78443259538587,255.58915520731887,184.48700970320508,76.86304870957234,5.425102940838846,0.15851980447769165,36.17907866695896,35.70752906007692,0.5323283283505589,35.17520073172636,0.24630591901950538,42.263695299330855,24.837896919803633,34.352908240599696,24.740546688128802,11582.399999999969,1203.197347104832,1809.4666818660423,1278.6744061138536,162.323931605075
138,112,0.0,-61.761537757585984,4.420873029262848,-65.76548116675418,0.3686844701385398,,12.5600739531219,12.264404357876629,0.08527799742296338,12.179126360453665,0.0,27.327955075838634,2.7958734824950575,32.88274058337709,0.0,1801.7066666666633,227.76467607640868,282.8998078926921,205.05791064726665,55.08685556279529
139,720,82.73968119555822,310.5219691179079,216.11653148660443,100.77385152990925,6.049626848218116,,35.845268265809864,35.60095309279859,0.5347225500736386,35.06623054272495,0.0,42.25845654456312,28.90204215275856,32.352755430603594,10.56542207801848,11582.399999999969,1223.0877932023589,1852.232176760931,1298.5829333555741,52.14041602462759
140,720,67.15830691335742,244.21557252760047,186.70517249546077,63.84411013562328,5.946100680564732,0.27976056933403015,41.43594583380036,40.902984196087345,0.5332301936578006,40.369754002429545,0.2771358091849834,42.261197318309634,25.9745227245103,35.23625184554578,22.76898342405166,11582.399999999969,1315.548701881731,1991.5329166408494,1325.3914397457936,132.39581435683476
141,720,61.4228858242711,189.83828716159368,149.02361372902212,45.9357288417346,4.780991684799658,,41.170525647932664,40.9038431129884,0.5339065557345748,40.36993655725382,0.0,42.2635529852104,19.788589236046626,38.4550214034038,16.444217122134038,11582.399999999969,1295.8937686205493,1873.5643918870066,1299.4692190900564,111.29882748258308
142,720,76.73096837410463,271.5938369891397,197.62711524980307,80.04845320645676,5.753703256515494,0.02394530177116394,39.77540598507039,39.27756693190895,0.532417189097032,38.74514974281192,0.24650031188502908,42.26265169183215,26.88059793408961,36.706741770876256,21.77422021583201,11582.399999999969,1252.0781672832136,1885.7386309745907,1287.1241494133687,81.57671455032323
143,720,68.79737113332128,204.930307411937,151.5015902175466,58.49360850417355,4.7424470295939605,,45.15326632000506,44.88526282901876,0.535507298540324,44.34975553047843,0.0,42.254144153388495,20.44729637768576,39.550566881234495,10.637436460677025,11582.399999999969,1273.704714653974,1842.4243592212263,1296.000099756887,67.77046392245634
144,720,79.17200206370156,284.0672743463821,203.61711856213418,86.8466255241624,6.037386150569513,-0.012602580711245537,43.00441283383407,42.48612985108048,0.5331520601175725,41.952977790962905,0.24669383093714714,42.2634546472422,27.790818206395542,35.74868930162036,8.16870620772015,11582.399999999969,1295.6335004820844,1937.9507825098854,1327.0017022836946,62.797927146105636
145,720,46.563431637634,162.30808414579855,141.30835816033138,25.94898220020295,4.605097125540087,,43.180548078846186,42.91808821517043,0.5354871845338494,42.38260103063658,0.0,42.263786530815096,20.03092885019085,33.588940537532544,2.8897461569421248,11582.399999999969,1298.038315562125,1841.0869009630576,1346.2346450615187,241.69671207037348
146,720,58.77397605722734,170.82761514988132,126.76966443826397,48.49802988420633,4.119545283933772,0.03693210333585739,44.93617190304212,44.43852667696774,0.5341405298095196,43.90438614715822,0.24703612690791488,41.8743370793703,17.62279354069685,34.52496111512417,3.6513712944545764,11582.399999999969,1293.6551511676737,1778.7082261480664,1322.8772735411605,70.7642695064785
147,152,0.0,-51.66106320220143,12.512102324073505,-63.45772759007408,0.6407488192107308,,12.577620767988265,12.328452535904944,0.1144432460423559,12.214009289862588,0.0,25.82011671395346,6.1225384480190685,31.728863795037032,0.0,2445.173333333327,321.4612541549747,397.13036575275277,298.73945367646655,21.552893692832104
148,720,85.62460900298764,302.7181496161545,211.96335285838023,97.01592509751372,5.914039289621139,,37.22333442908712,36.992187791038305,0.5323476979974657,36.45984009304084,0.0,42.25624410887014,28.228210725273737,37.11664645423078,16.429230267142934,11582.399999999969,1223.5168737026106,1858.4367923294815,1336.412803140652,172.70269777954297
149,720,58.25483901372016,193.25193241334372,159.90927459234442,38.57503883888323,4.903961727184964,0.08530575782060623,40.082432488910854,39.53924964996986,0.5325256648939103,39.00672398507595,0.2786988189909607,42.263615878402895,22.36092198786641,38.96731959427854,22.20599588663373,11582.399999999969,1238.2962028510156,1828.1287080573636,1304.4174768133673,113.69914166177385
150,720,79.6379106929319,262.15030795222305,178.9022677501634,89.0605076992843,5.464122058460611,,37.30779151618481,37.06299694092013,0.5327621726319194,36.53023476828821,0.0,42.26365363066705,23.8468382737391,35.10765684328976,10.89351574626356,11582.399999999969,1290.658404383585,1896.8506004581034,1336.8991398457351,86.31610206033191
151,720,77.50900047532419,286.64210353167664,211.89494482935908,80.32532009210736,5.228486185170763,-0.07194186747074127,36.48320993012749,35.95133787882514,0.5331584943924099,35.41817938443273,0.24641838716343045,42.26024284087194,27.91332150789391,37.346340429270505,24.27924088212624,11582.399999999969,1079.5119680865869,1650.3404607360378,1336.8846592925354,70.75650680341366
152,720,79.48094177674687,266.9674196801345,186.96239965632938,85.89683045757425,5.537927926008462,,39.85622749198228,39.59316127398051,0.5348850302398205,39.05827624374069,0.0,42.259647956585496,25.85644942098458,36.53252654795974,1.1468014465723593,11582.399999999969,1279.9339289980555,1874.2201986088896,1343.4123112716948,147.60159111094748
153,720,61.71642400998728,201.2658462882132,156.2045768887302,50.187108832128445,4.790829864489215,0.039200861006975174,45.003429904114455,44.50769567210227,0.5338453783188015,43.97385029378347,0.24785781488753855,42.26388559092607,21.523050049834737,36.622869593923056,17.250403848866938,11582.399999999969,1242.395043743167,1806.43819882428,1307.0016927378824,25.676071122284547
154,720,77.29417740077889,265.1308833774212,179.7753324853355,91.24569455025029,5.554227321308354,,39.09313349891454,38.833235037047416,0.5342506165616214,38.298984420485795,0.0,42.263608422858724,23.801393836895876,31.671330125653746,24.388587685100337,11582.399999999969,1265.5452682031037,1907.3062066157086,1280.5206221246583,145.0957235498162
155,720,69.42204326918714,246.77249070066838,189.45952346926657,63.27336966771607,5.613583658784542,-0.010361391119658947,41.99957820214331,41.453873466933146,0.5330533972010016,40.920820069732144,0.24858007999137044,42.25762588540523,25.7840834602309,37.78535843532911,21.124829040409463,11582.399999999969,1249.811493839655,1884.0651124899548,1316.8503242676456,112.63257050715487
156,720,65.48636054964791,220.8062780162348,171.30501192163862,55.01594414451367,5.188075953498838,,39.133072037948295,38.888693270040676,0.5343123683705926,38.35438090167008,0.0,42.263914324669265,23.71796622244039,37.97838847739108,19.9306838103354,11582.399999999969,1233.746094982678,1832.4713930172547,1340.4128869904728,60.883590645362965
157,720,61.815924864205606,218.27302463089407,175.43227006281646,48.5627640925435,5.3805234484172395,0.028754619881510735,43.59690499305725,43.0815799459815,0.5337059719022363,42.547873974079266,0.24618775094859302,42.227887723888855,24.266327313575857,37.534542817933854,21.26445748833919,11582.399999999969,1268.649763706586,1917.519022296867,1299.8041043601374,140.30186883260393
158,720,72.62903449734782,212.61202589263254,148.67577452508698,68.9526104432747,4.675226338261102,,41.64114590105601,41.36690406408161,0.5349446483887732,40.831959415692836,0.0,42.103656503026535,20.406564248182335,38.15272927571048,12.340994020455767,11582.399999999969,1263.743105536706,1830.8779282785931,1297.311683577996,71.23048674545876
159,720,76.2260102885952,257.88383294115215,181.36334445092643,82.65043836471558,5.770930813610737,-0.02271568402647972,40.79205621802248,40.315225841943175,0.5326908440329134,39.78253499791026,0.24769537104293704,42.26200433523993,24.173566471955635,34.90079110623741,18.5052055577419,11582.399999999969,1310.725083492359,1971.0312585943548,1316.7017821539985,133.36844741562095
160,720,80.16756526807448,258.4015652146318,178.51924502885942,85.32840601290724,5.106054955117859,,38.85885876696557,38.59896283503622,0.5336900881957263,38.06527274684049,0.0,42.26052331495847,23.740387428463137,37.50336226162086,8.424667953170891,11582.399999999969,1298.0445631091814,1841.8336818286991,1325.1606190437474,104.47312698141138
161,720,74.49666168103784,240.90548970099914,168.01678859048872,78.47941975109295,5.257845767659455,0.12938609719276428,42.81020773504861,42.31236252002418,0.5334679093211889,41.77889461070299,0.24621682101860642,42.2635121632105,22.650794401739173,35.25695180549137,4.889027170678785,11582.399999999969,1307.5926586549651,1918.819432963808,1298.3218225975654,71.05196215867569
162,720,74.15144891408583,245.3426947974645,174.50947432901535,76.20601970340115,5.052072013034303,,43.10376098798588,42.8677391288802,0.5343686961568892,42.333370432723314,0.0,42.25928297380174,23.124858598562106,36.048439062385256,21.951699126484073,11582.399999999969,1218.517305679431,1799.1126845293038,1285.088531744574,259.32964948729597
163,720,68.63806413041621,217.079517668566,160.64754348498582,61.38352964820379,4.641008453257626,0.19214729964733124,37.052958838874474,36.53633726504631,0.5333500783890486,36.002987186657265,0.2493599159643054,42.248760935489784,20.99460930826966,37.946299306314316,26.199544495227766,11582.399999999969,1172.044064035517,1736.754297648026,1331.735848529905,220.99234320629014
164,720,63.219225224138874,198.15836899120498,153.48168781488712,50.13811578338432,5.104701863868669,,38.787544060032815,38.5335533618927,0.534471930237487,37.99908143165521,0.0,42.263691302400204,21.112761025174727,38.15016733244671,16.446164842567924,11582.399999999969,1323.3492508343272,1943.1539691736252,1303.1457195944076,199.98248890024738
165,720,62.94623351257381,226.30578310158492,179.89625475807216,52.15735580496322,5.4013119807286225,0.1377742737531662,41.099805688951164,40.605307260062546,0.5335840289480984,40.07172323111445,0.2503796231467277,42.24868111344315,25.003523050804702,36.867555610092204,29.589740029597344,11582.399999999969,1229.9046052679435,1853.993673116396,1317.092267354917,115.9653927697336
166,720,61.28036576776369,206.07181738859612,163.32601609339895,48.50095458253003,5.398229935626091,,43.78971382486634,43.494898670120165,0.5334888610523194,42.961409809067845,0.0,42.258623540419244,22.532328454585215,37.02988847649868,26.2532808546528,11582.399999999969,1324.4864961598778,1970.194954944575,1308.9738447998086,186.81734163730664
167,720,75.79786580400892,222.70711346793874,152.58398618598727,75.49439349783111,5.024129977251168,0.13332495093345642,45.040013558929786,44.510962144937366,0.5328157551120967,43.97814638982527,0.2475056869443506,42.26351595585527,21.043539670554917,38.050669055093366,6.449084197933011,11582.399999999969,1334.7778150317781,1906.9075193790832,1316.16601870096,257.3170942040852
168,720,80.33014482972037,279.956287457273,203.23544387232695,82.76296185513131,5.701562190815884,,38.12186344503425,37.898444537073374,0.532324893400073,37.3661196436733,0.0,42.263386716482955,26.600645604953375,38.94866390215471,23.98700081012049,11582.399999999969,1204.4349794953769,1828.3575333240829,1257.6159361520577,36.56400810616857
169,720,55.58646734372391,207.4321902339988,162.7377284220204,49.764441070043574,4.724459343175282,-0.02759537287056446,39.23367249104194,38.75711004808545,0.5321515779942274,38.224958470091224,0.24781283596530557,42.22980718372231,22.271936989322498,30.704246808702116,16.04002290831825,11582.399999999969,1234.0265276104583,1783.691598456341,1330.06016825615,94.7438243753674
170,720,57.67649067968817,204.40589561923258,166.11977893470348,43.932950754344134,5.305457027779251,,42.0144219500944,41.77699195407331,0.533246535807848,41.24374541826546,0.0,42.22990959443167,23.048375933452988,35.710015302516105,22.064859489014808,11582.399999999969,1319.1838631859353,1939.6150750562415,1264.7853450058126,85.77077179133836
171,720,63.43355775214488,233.4965329726805,186.66841696341245,52.80032685225662,5.633660214291709,0.009376628324389458,39.5203546017874,39.03646405716427,0.5322440438903868,38.50422001327388,0.24733501998707652,42.26363118868549,24.844852780786226,37.03339432601657,33.45744104534349,11582.399999999969,1231.4493473458886,1881.885329330755,1309.9806920682963,95.32692808413083
172,720,62.36045636929859,197.69223046265645,149.79704354063233,53.36846577740178,5.113236297939723,,41.82327032205649,41.573082556948066,0.5340841885190457,41.03899836842902,0.0,42.26375808500011,20.58670399476938,35.6762234805977,17.61918302651419,11582.399999999969,1350.703261923556,1962.1520388904946,1283.8678809818514,174.90049392167947
173,720,71.2500112903856,257.33474954157754,181.44717872912054,81.81294219989627,5.574367561462079,0.0850541889667511,42.25735598197207,41.75746280094609,0.5338609365280718,41.223601864418015,0.24758081184700131,42.263604630330796,24.818221200677343,30.34354019043747,10.840621288700058,11582.399999999969,1308.6867620493001,1920.147381959752,1323.0526594539917,149.24186539275303
174,720,77.92381499050651,267.7879853676918,195.54631812292087,78.64614496566631,6.028348030957004,,40.91904269903898,40.620191148947924,0.532783679664135,40.08740746928379,0.0,42.263453941099456,27.15024760215933,38.60074250767337,6.316802136830438,11582.399999999969,1338.4229656227626,1984.6326961675916,1317.72446897157,37.747396941326485
175,720,61.465206667976865,220.51721278873063,167.30182952596593,59.029139985149754,5.446484159151979,0.14813174307346344,40.22813614201732,39.732397847110406,0.5331180568318814,39.199279790278524,0.2481537749990821,42.26354445194504,22.761240970416974,31.950636675401988,16.57496008524526,11582.399999999969,1340.951908872644,2003.1501594566812,1291.6228367618244,80.41482330144365
176,109,0.0,-53.14757860388277,7.245527820873508,-60.02481901882627,0.3217721759994588,,12.722972030052915,12.451946272980422,0.08271329128183424,12.369232981698588,0.0,12.306247436057399,3.239094274669148,30.012409509413153,0.0,1753.4466666666635,165.77796400992634,208.75238984904655,187.54552029399102,28.238536001429633
177,720,73.51934802257394,277.2391231061677,216.68714441169877,67.33625240097875,6.414428030834282,,38.58816118910909,38.334342387039214,0.5347795288544148,37.7995628581848,0.0,42.263810412411246,29.61459147847256,39.85122182208456,31.251465587370813,11582.399999999969,1255.922036813325,1939.8230680309089,1342.0648558401888,25.669716227762287
178,720,72.77805917643953,269.19445105462984,197.98131083770076,77.62712444450733,6.041376438174154,-0.0280647873878479,41.565702606225386,41.02171484311111,0.5346806619782001,40.48703418113291,0.2792239370755851,42.26372745369886,26.939765459593705,33.96449695418586,20.054266991478258,11582.399999999969,1289.4745798578977,1950.2689925464333,1374.8083767062096,60.37728712443545
179,720,80.44331237480715,276.5714786518343,192.3643856029533,90.38148560644899,5.8269417358594975,,42.17347078793682,41.89119982603006,0.5340143877547234,41.35718543827534,0.0,42.26247542088269,26.304823286102312,35.25256957158264,8.182877824001196,11582.399999999969,1333.4635170589002,1949.8356786399663,1268.3267004878649,167.5222928472901
180,720,73.85048811314917,250.78286183271814,180.84499073675846,76.23481207379058,5.928390248974775,0.009209304116666317,41.702790352050215,41.20224675699137,0.5327934916131198,40.66945326537825,0.2476618541404605,42.26384946715961,25.59628783929858,35.73308207625388,13.224514471238514,11582.399999999969,1358.9319899166899,2025.2489101050517,1277.9549041954206,93.56485010327224
181,720,68.3793298169657,261.73703599382173,207.3668803725814,60.9233952734191,6.1966779659357725,,39.46812483179383,39.19514430197887,0.5334022068418562,38.661742095137015,0.0,42.263474800456756,28.57176761868063,37.91763218025614,21.79000555588921,11582.399999999969,1269.9903072302004,1949.6978890849193,1266.8499580577711,112.33832754116175
182,720,84.46037386124928,300.19490911047717,215.28774675412382,91.96410927305959,6.678786401415748,0.05032956600189209,38.07952282205224,37.5657998661045,0.5323777790181339,37.033422087086365,0.24753006896935403,42.2637054081604,29.422394297314813,38.478319224719485,17.96529213375404,11582.399999999969,1351.420170965881,2031.3699340077737,1297.591679083862,108.65548701237292
183,720,75.19288881025756,265.2288599246333,194.02386181149726,76.79549883174376,5.242277311717433,,40.50507341208868,40.26739150797948,0.5347895254381001,39.73260198254138,0.0,42.24416167213004,25.242555407719138,36.79513939438568,27.36249314940082,11582.399999999969,1169.5916784653941,1749.214986069773,1324.010411080812,63.9502629742448
184,720,75.6887066785881,251.5049970152209,170.36160675506534,87.04187951611317,5.548451175175458,-0.011689274571835995,41.09977718209848,40.627519550034776,0.5328162633813918,40.094703286653385,0.24795967480167747,42.263615899128546,23.453680084292763,32.16776692053153,8.734738688171541,11582.399999999969,1361.136315392135,1960.7832734306119,1308.3188163647976,174.35105243940959
185,720,83.99909618876944,306.89515296530163,211.50604102432735,102.41116358184485,6.641576302289718,,35.547169191995636,35.31312631606124,0.5340755542274565,34.77905076183379,0.0,42.26362472738657,28.468002021079176,32.79351439784702,23.351420802768757,11582.399999999969,1345.3455323716746,2020.7908963566076,1264.3999951226365,66.5569608725751
186,720,68.65930074281094,237.62862678650743,176.48429816516506,67.41883235910004,5.903569085547248,0.03138457611203194,43.872309827944264,43.36659445986152,0.5330406362190843,42.83355382364243,0.2475868600886315,42.25790879098084,24.975130879545745,34.9498845632609,8.154801195275724,11582.399999999969,1371.2910304910745,2032.9022196299065,1224.2231651312861,105.7655354006168
187,720,69.45261544982722,253.04871037739696,179.01846482636049,78.66325393064565,4.291269046830643,,39.93244810192846,39.670442468021065,0.533723701024428,39.13671876699664,0.0,42.090057890835034,22.142611354693937,30.120988484504394,25.848346589457517,11582.399999999969,1024.22509415423,1494.033622999639,1312.0840270236065,92.82305874244251
188,720,58.79542610426515,192.9893432964054,145.14673385616976,52.744909641801456,4.561655875726201,0.08724550157785416,42.792399261146784,42.252701761899516,0.5321105343755335,41.72059122752398,0.25143895600922406,42.26370816853651,19.916156468022756,32.422971283364404,8.212042058812036,11582.399999999969,1288.0555356373566,1811.8735371962687,1279.2375943037655,150.25716936133796
189,720,67.7736240346564,232.76527075999348,173.3824328975004,65.26403370859953,5.5320149102323715,,41.02307939203456,40.78157813381404,0.5323481259401888,40.24923000787385,0.0,42.2636545174689,24.000019482795683,35.14160718035663,13.640605654855213,11582.399999999969,1314.7515774927938,1963.099057893371,1264.204303519229,166.3626433670948
190,720,75.59244675561126,296.1833813002831,229.50319737861884,73.59762489199515,6.5675225491990705,0.17022058367729187,33.85765595501289,33.44629161222838,0.5311937322840095,32.91509787994437,0.16765689197927713,42.26363523133414,30.990516720035302,38.79363430961369,30.73763056965651,11582.399999999969,1241.1246969823148,1926.2784353890388,1298.9823568933327,47.85264399133784
191,720,71.89513428879877,269.9968976692308,194.09352312450216,82.3390312918145,6.048842527209639,,44.800748587120324,44.54374601901509,0.5358487600460649,44.007897258969024,0.0,42.26309787140973,26.750570638488306,30.725618642891522,17.96126627470723,11582.399999999969,1343.4284714693144,2001.0622705053602,1331.9738808829047,81.74026755647225
192,720,76.73017978026073,278.93368284978783,198.05233916641748,87.46178650924593,6.179746854776979,-0.017191557213664055,38.53577262000181,38.033103824127465,0.5335989284794778,37.49950489564799,0.2561655000317842,42.26371176007871,27.419615405377968,32.999286525637764,13.064366895286799,11582.399999999969,1298.142849012359,1960.9989384921237,1306.9765186357884,155.14410367545608
193,720,65.35826278037521,247.07415054284024,201.8045871048024,51.2612535988704,5.62895963549895,,39.589276615995914,39.35746728698723,0.5344755542464554,38.822991732740775,0.0,42.26303888451173,27.074648814095664,39.727635980940015,35.199139173179056,11582.399999999969,1185.5647111156422,1815.3144497322528,1300.9845300160507,39.189516295156594
194,720,71.35336768290296,256.76885841329846,181.0311578485043,81.87140139888211,5.776864758439216,-0.07999006658792496,41.33972047991119,40.83574801706709,0.5334245660342276,40.30232345103286,0.2524328641593456,42.26346767494663,25.32231611139301,30.41766698346189,5.995156943038831,11582.399999999969,1353.9055966166218,1984.878594197468,1294.0638811783076,37.19978230561213
195,720,65.22514421249565,222.5615115640996,158.57326931491133,69.60521156517422,5.263184548445521,,44.69144890503958,44.39503272692673,0.533670001430437,43.86136272549629,0.0,42.26170387920557,22.230513914342456,30.422538429908542,3.7944622716448517,11582.399999999969,1355.9603080431928,1971.6541132436857,1253.0989492397434,36.66200052797778
196,720,75.14738691564274,277.3309930059017,205.87309293783338,78.23762308815859,6.421444244916631,-0.09838932752609253,42.659755954984576,42.139179163845256,0.5331853635143489,41.60599380033091,0.2515004638116807,42.26365146759091,28.34762988737997,36.02857537156345,24.458152437804735,11582.399999999969,1324.415440458681,2013.491136938655,1223.304561105821,82.78777833656879
197,720,85.99358057394818,331.64238161829996,234.75514034469654,103.98986836416138,6.722063796701609,,44.31804289785214,44.04343532607891,0.5343384793959558,43.50909684668295,0.0,42.26360294744211,31.357107067624945,33.99864639186749,14.468138990456975,11582.399999999969,1259.1289193458817,1926.0822444094424,1372.1879095262027,17.520738388683316
198,720,78.68801785889713,257.8298174372298,182.93434044984056,80.83291256700284,5.608231447341686,0.07145314663648605,37.32692776899785,36.826449485030025,0.5319437633734196,36.294505721656606,0.24921570904552937,42.26331125993957,24.883080003916895,38.27156157539571,15.890793386718439,11582.399999999969,1302.8710209989129,1929.7898143059804,1288.8801197453502,73.04453865233188
199,720,68.12400118302897,279.96175586744107,217.39147458376922,69.39435598163404,6.457393152494586,,43.81288961088285,43.53935855394229,0.5324312257580459,43.00692732818425,0.0,42.26347147839352,30.037807059549877,33.42682319221195,24.309284400045353,11582.399999999969,1269.6585341321104,1956.000400573011,1310.4734388538648,76.07252477412467
200,720,74.65704772842894,280.7256674123361,198.32603899464434,88.08406212826787,5.321493379026733,-0.008020853623747826,36.74231890309602,36.25523048196919,0.5324522096198052,35.72277827234939,0.24840450193732977,42.26353891533105,26.73361481198295,30.615016664295002,20.397746052987465,11582.399999999969,1186.9087862141016,1769.0970064996188,1336.6138677055687,144.86107927149573
201,720,71.78364256104221,250.27470926856228,184.83010349150737,71.43310484173607,5.637441028344554,,39.860646578948945,39.58574954792857,0.5335094486363232,39.05224009929225,0.0,42.263760525299325,25.117843873796264,36.06709014017417,9.729062288748183,11582.399999999969,1304.809459331221,1941.8442947006329,1341.4317457744241,41.69588247416957
202,720,74.03547165708778,255.32884413945615,181.52950054141485,79.85427868664769,5.6867352263278335,0.01185670681297779,37.83422871399671,37.3359392338898,0.5355737893842161,36.80036544450559,0.2504362938925624,42.263826739073885,25.671534586383768,34.10833231376394,9.264145119409196,11582.399999999969,1332.440292185487,1955.2468915223612,1329.7719604043875,87.00464623247055
203,720,70.88990362425132,242.3127184306718,176.0008942483273,71.64473134935344,4.9947919295255065,,38.73336283699609,38.471743890084326,0.5328689308371395,37.93887495924719,0.0,42.26388287858092,23.802998487964917,35.0675379495746,13.372051890390901,11582.399999999969,1197.5910569457317,1760.180920083629,1300.2886462829285,64.1598943034765
204,720,67.60739651539984,273.396473584124,209.7153746727493,70.55340198116669,6.506219627277009,-0.08708880096673965,38.40767970401794,37.924768578028306,0.5320300606545061,37.3927385173738,0.24873131792992353,42.2635359704271,28.688696399588,32.3306955248165,26.601468465332317,11582.399999999969,1307.4505591596803,2019.1276570935565,1200.3331683119843,89.11000057975772
205,720,72.08437223214692,242.4922699757021,177.5158298643261,70.81305614228154,5.491086987258971,,40.951151790097356,40.74021312990226,0.5341296333353966,40.20608349656686,0.0,42.26371216865591,24.591466669783443,36.67784416100615,16.098509372607715,11582.399999999969,1332.7537244190064,1965.34216389913,1263.0200433934597,227.6952734454073
206,720,80.97005844390105,272.25847313520507,183.430668533601,95.22875028187033,6.043599804551368,0.08915862441062927,41.81576847285032,41.3497578529641,0.5317202026490122,40.81803765031509,0.21039545396342874,42.263679437553954,25.183630109669423,33.35568330296588,14.33060815741855,11582.399999999969,1378.4014300730519,2037.9059578987983,1238.7564064577764,105.56382943861362
207,720,68.51745608349327,263.5244841074062,197.15241873069346,72.96290956087167,6.219581429262014,,37.9057546579279,37.645227138884366,0.5326365877408534,37.11259055114351,0.0,42.26358963809988,27.27225765065632,32.03600130305744,22.803939387972346,11582.399999999969,1320.2034577058519,2006.0928476607014,1288.4259266168915,42.97309451051256
208,720,75.82447102233874,279.2207186569244,202.03921063424266,83.86722844111303,6.310313487861092,-0.034288596361875534,39.53729503694922,39.01278138998896,0.531484852777794,38.481296537211165,0.24945567199029028,42.26370437355112,27.81081454657386,33.89085680178223,19.63493585407218,11582.399999999969,1328.7781830933375,2009.194756496247,1307.3572485164327,35.11671570435317
209,720,84.40193581703612,287.18032064293374,195.0795039318143,98.18753766155339,5.727757083472293,,36.72504671406932,36.460002198815346,0.5338621865957975,35.92614001221955,0.0,42.2638692478363,26.20198670577458,35.30816698625942,12.203221218871224,11582.399999999969,1305.3074919062767,1896.2213205401367,1348.0593947294449,95.36666965664445
210,720,78.68132433492995,258.1174365232018,170.39308096092444,93.41578965207121,5.306133356381717,0.1096910834312439,40.01564124296419,39.50303305499256,0.5317402957007289,38.97129275929183,0.24800329096615314,42.26382722421909,23.107389570658754,31.97342950889434,7.279612089383243,11582.399999999969,1284.7586767269688,1884.0235162441345,1291.291446084441,20.824931770966046
211,720,70.99364549725851,245.07494830380986,184.23090126343877,67.21625549787079,5.986932847444937,,42.89224577113055,42.64071849104948,0.5337051602546126,42.10701333079487,0.0,42.263579196410156,25.152320672971424,37.38551774832312,27.653538343811118,11582.399999999969,1358.9107630306178,2039.238376311458,1318.1654299723896,118.93587029167828
212,720,68.08328286553336,245.36994598169227,190.28499364359402,61.14883677060996,5.709226061626968,-0.11801130324602127,41.351654808968306,40.93385370611213,0.5313123015221208,40.40254140459001,0.16664534201845527,42.26341644745931,25.9292240594936,37.50886448022838,22.551620262418144,11582.399999999969,1275.4779819742575,1943.2567772202956,1304.1158038520337,121.96059264293508
213,720,70.81277866556428,244.26984976263347,187.74156931952615,62.478873873290524,5.6185419708199245,,41.58446263987571,41.31976482504979,0.5319510421250015,40.787813782924786,0.0,42.26337870146436,25.983576213383973,39.57334172891902,30.30922469552781,11582.399999999969,1232.2400714952225,1870.0563487376196,1237.750793744313,46.17977181956531
214,720,81.14263753961323,302.51736330252754,210.4775462176857,98.55464284258574,6.175559742184755,-0.012688337825238705,37.63787689106539,37.13641881896183,0.5320800198242068,36.60433879913762,0.2532087729778141,42.263736741351345,28.73094682150577,31.86531611832037,13.78152666951921,11582.399999999969,1271.034541726557,1923.8186593196833,1311.897712401096,184.3441203319859
215,720,67.77770355735431,252.9499433197836,191.95337256589286,66.85115426377999,5.506156808324844,,37.6765518009197,37.40733444993384,0.5330294736195356,36.874304976314306,0.0,42.26370886908054,26.37605213671714,34.35212642546432,16.07617003780875,11582.399999999969,1244.5359064752424,1856.1846685912128,1255.6550450537052,57.994896142616135
216,720,74.1873146199045,256.6634669027499,177.19382475395892,85.26159464935203,5.426060535462444,-0.15276139974594116,44.06944474694319,43.56336350203492,0.5329887820407748,43.03037471999414,0.25294135813601315,42.26238784468106,24.702468447422724,31.55651729522848,11.624058070129307,11582.399999999969,1291.5809148241424,1912.9666017030358,1266.9164872538981,67.49207805557823
217,720,72.15875211591771,245.83482940409175,171.87665746428848,79.80483576720576,5.498458113825346,,41.724683289881796,41.456371061038226,0.5331726428121328,40.92319841822609,0.0,42.260698846739956,23.09030645708693,32.25633423231483,21.243560695329958,11582.399999999969,1309.0541095894114,1934.7333493387496,1264.6465365964868,102.79363359320854
218,720,69.19419321527175,246.5615067187276,188.10521579950162,64.66418816896045,5.862575612648608,0.18258224427700043,41.15775713487528,40.69265234004706,0.5313117848709226,40.16134055517614,0.21106755291111767,42.26356817680868,26.095785379471657,36.86209913079153,11.377236621886285,11582.399999999969,1338.5925263577456,1992.3455235403571,1196.1682108348718,45.82553665686399
219,720,71.41407400745442,240.6842896849683,182.23475930663434,63.68395364828403,4.879101572122419,,39.47144923103042,39.2267060931772,0.5326295341365039,38.694076559040695,0.0,42.23942669444231,24.798353611978406,39.5720971833124,16.901004530601597,11582.399999999969,1146.0256759021183,1705.9321422360613,1302.2094389778074,71.30341787811804
220,720,68.38605426606927,242.25453932182498,176.8221794290878,71.66259366018473,5.826171044433111,-0.05163557082414627,42.320369102060795,41.86684137489647,0.5314517491497099,41.33538962574676,0.21125589916482568,42.261736855462,24.62248078417174,32.5547574359769,22.430440219193805,11582.399999999969,1365.9481461128578,2029.6624701934797,1334.1859241174297,93.81455747993216
221,720,71.497422911694,255.7086103517257,183.8232428027383,77.96233429780852,5.696782523552027,,41.1178719708696,40.83625732501969,0.5333583066239953,40.30289901839569,0.0,42.263765525030095,24.908364654645247,32.51625576278973,14.350004822762363,11582.399999999969,1333.4095882793642,1963.7985435096007,1306.1499586273756,165.77739876641982
222,720,81.31977864820789,278.25951554331436,198.08623220798154,86.68765547363348,6.1277995079741485,-0.00321029732003808,40.621269434923306,40.11103467992507,0.5315251457504928,39.579509534174576,0.25077041517943144,42.26345399532302,26.94044843624325,37.975950911391145,20.833049658422702,11582.399999999969,1292.8221615975817,1960.9379880587198,1317.4335092063668,88.94685874463853
223,720,68.55095769789094,251.00884703178457,183.9882706709411,73.23486135027173,5.848742588392008,,42.62386801792309,42.38497179094702,0.5342550943605602,41.85071669658646,0.0,42.26365677704435,24.892450831510896,31.933527022755072,25.297861306008095,11582.399999999969,1313.1253194357375,1985.1111218367628,1269.7780114287393,85.8880430925745
224,720,74.63827042633703,254.11355696992945,188.91922341578814,71.52199055050741,5.960763685868112,-0.09661401808261871,43.66487339884043,43.17483787401579,0.5326581832487136,42.64217969076708,0.2477570860646665,42.26225538322389,25.920026508877452,38.877275151083325,21.212149413215204,11582.399999999969,1340.8728834773494,2008.091578452784,1288.3534688391098,82.35682508671863
225,720,84.04372669922594,306.5716272968073,219.75073700630045,93.61742267712816,6.433669358668353,,41.770905821118504,41.50539844180457,0.5327835511416197,40.97261489066295,0.0,42.26354715622879,29.52364888924564,37.23501536066187,11.49508132416533,11582.399999999969,1285.0446562706836,1947.8251276316007,1315.974527681284,134.59895033302948
226,720,68.09706630237552,254.71025240258209,197.2075480150237,64.01061272708858,6.142769137341771,-0.0049499995075166225,45.14589072880335,44.68631347594783,0.5316898084711283,44.1546236674767,0.24839698895812035,42.263553813682286,27.168561639276074,36.09175993883123,28.0975963758576,11582.399999999969,1296.4650513846493,1986.1817335602996,1260.1044016459075,99.45987568786855
227,720,65.02980867746422,239.64964826731477,188.7384268227092,57.00793141497641,5.746039054344794,,41.026187031995505,40.7785088790115,0.5322225638665259,40.24628631514497,0.0,42.26380039394059,26.39551527601791,36.52584296997601,16.493245158267317,11582.399999999969,1290.9268208418907,1924.4061426893325,1290.5590026733064,132.71626577784096
228,720,70.74427287355785,262.1515607944744,190.52637695154837,77.80345393932566,5.834652599225536,-0.019815875217318535,38.81690499489196,38.325952058890834,0.5315038666594774,37.79444819223136,0.2483481818344444,42.26367344830105,26.398222254206843,31.84254590389502,18.541877261438163,11582.399999999969,1288.7941838605057,1948.9532320393978,1275.2008170010538,82.1269505613523
229,720,75.66717616589685,283.0111536096723,214.79560884457734,74.91361156967535,6.336968475091021,,37.29172205901705,37.04590322216973,0.5335915132891387,36.51231170888059,0.0,42.26362380755171,29.213849599657554,38.21037038105917,26.724853161270186,11582.399999999969,1269.8097224784024,1949.252635737866,1261.508305589842,67.29670347900372
230,720,66.02280137158768,227.26410206979108,162.32555025734044,70.74103691222038,5.432306039657456,0.11369891464710236,42.41519388509914,41.91029815305956,0.5324687310494483,41.37782942201011,0.2491500759497285,42.26355756935094,22.756715355530403,30.652282915477475,7.940735849015193,11582.399999999969,1347.657743929982,1998.4268443846358,1307.5667894273322,165.20573219418583
231,720,59.01856919156492,228.70683495575952,179.31152429909682,55.50952469375949,5.742962627625541,,38.91949116601609,38.67777161183767,0.5328834794927388,38.14488813234493,0.0,42.26381717036723,25.241544381575103,31.263806844685178,18.273423087216862,11582.399999999969,1320.0541378154749,1979.846573031654,1336.5838639127544,107.21342039574805
232,720,70.48445519800931,238.2469276515334,178.18524383433302,66.01511104828424,5.588386821887649,0.06471292674541473,37.999101367080584,37.516877490095794,0.5314970293547958,36.985380460741,0.24917132803238928,42.26330028941574,24.298917726898853,37.476899673867194,25.35499623966766,11582.399999999969,1285.5752812364667,1942.7512707700637,1296.5019134525817,199.19556118770186
233,720,84.00280453717053,297.12324594853584,215.05108430317628,89.0267627187483,6.562687106558555,,38.634306869935244,38.393300745869055,0.5331942162010819,37.86010652966797,0.0,42.263706308595275,29.05940445802436,39.48942317779638,30.99596732471167,11582.399999999969,1300.5841605580022,1989.517239552086,1340.611954611075,125.12159810340364
234,720,80.44558850698988,300.0920311548334,218.80588898191291,86.97973814680289,5.350798043394204,-0.0002975973184220493,35.425732581177726,34.92913453490473,0.5315610454417765,34.39757348946296,0.24958476214669645,42.26349802215913,28.726374803919633,36.955719433588435,20.83835735680838,11582.399999999969,1135.0755965832154,1678.3688675821043,1323.7950801299094,116.62871266831566
235,720,69.85608723504755,205.86380256575072,148.01272178427283,63.503879745390606,5.2819848892407695,,42.17018238105811,41.89553172700107,0.533008678117767,41.362523048883304,0.0,42.157672680858184,20.80650876990197,38.10414736235225,9.623367534574728,11582.399999999969,1385.1244106710665,2017.3976124669148,1284.394656108045,293.39450952964717
236,720,77.11571539350314,274.10063560647546,187.76233944694357,92.51279499713559,5.7955447918001335,0.07170453667640686,42.364402246894315,41.85072887921706,0.5319390976801515,41.31878978153691,0.25052682706154883,42.26372969509809,25.95303331603297,30.85931789493534,14.19242922622167,11582.399999999969,1331.4344789086447,1950.8523181071744,1366.1566519171627,125.44091854501706
237,720,79.58344550376927,302.52015498112894,216.68872450942584,92.778631282801,6.567734635608719,,42.94424653914757,42.67498259199783,0.5315262519288808,42.14345634006895,0.0,42.26349948137317,29.713265941162682,33.19412986236877,22.95429951763259,11582.399999999969,1309.9068846284072,1988.9218059830807,1320.696030246565,88.11879552577837
238,720,76.09133094974109,284.2572600147274,199.68111347509407,91.04567155574102,6.11690618638803,-0.0645267516374588,45.18833852605894,44.6906600529328,0.5309867339674383,44.15967331896536,0.24855995597317815,42.26348473553167,27.788118003161575,30.568495171870573,6.3799424621801535,11582.399999999969,1313.5134542597716,1958.8761951079348,1315.0298073041145,75.73407658717032
239,720,67.93880086484046,236.0879849663711,181.7225174121252,59.540574847068115,4.833125333494503,,44.869656829861924,44.61565230204724,0.5324752053711563,44.08317709667608,0.0,42.26339038835399,25.230526343856354,38.1685134413064,22.966505496445393,11582.399999999969,1149.0443962529853,1684.5320647125532,1306.033951535763,66.7341886464478
240,720,78.10523793999403,273.60917086209906,192.45326438790863,87.69279955617219,6.134971925983992,0.06509136408567429,41.90090587292798,41.4089815299958,0.5332946390844882,40.87568689091131,0.24913884606212378,42.26356022554146,26.588771099845978,34.25883816190793,18.879562370974764,11582.399999999969,1334.6805351208704,2011.649585286362,1339.9240927847557,43.33552849334049
241,720,80.69449281063906,284.8847108369561,197.15733798104185,94.10162803020056,5.999464088418166,,42.85669412021525,42.58155811484903,0.5324891894124448,42.049068925436586,0.0,42.25489407223075,26.695655719033564,33.64367879553878,19.206161546169557,11582.399999999969,1310.4143048978724,1965.5525185018532,1318.8754891561896,42.80589607054414
242,720,72.27776129048956,260.30562266988113,187.59695631397472,79.00758491635273,5.926640657091326,-0.1307690292596817,40.78510459885001,40.282655820949,0.5330428786110133,39.74961294233799,0.25204053800553083,42.23950870180409,25.850507322427454,32.7739688323132,23.601876833891904,11582.399999999969,1295.3202145380046,1963.9493837354444,1328.0774481857572,211.9032575911679
243,720,84.64130860594324,323.64022871930337,229.9144979393458,100.85943806993899,6.765232780639041,,35.01671742508188,34.757681702962145,0.5396179293747991,34.218063773587346,0.0,42.26370535771349,30.443269057061407,34.21158957097374,30.904114303287745,11582.399999999969,1267.7294054664974,1966.9755572926388,1295.3793361158366,81.61316342046302
244,720,79.12957840839167,290.24539832980247,212.06691812413786,85.05972853444737,6.50140876815696,0.23395809531211853,38.9097206199076,38.369365783873945,0.539415635401383,37.82995014847256,0.2516830798704177,42.2635490614006,28.572451383525806,36.59971414116798,30.542384576905548,11582.399999999969,1302.521358981215,2009.6535883292147,1309.9438181310793,119.58999429003435
245,720,69.44916369192275,221.82105694471477,165.8552540237166,61.57821012188677,5.206811185417704,,40.79716145596467,40.53689404390752,0.5399291361682117,39.99696490773931,0.0,41.87386852093562,22.91216694142073,38.66005863097936,15.226046406839242,11582.399999999969,1307.7719983944985,1948.1952647297394,1292.5146195159082,120.62344899078863
246,720,74.25949893342154,252.35804273692045,174.35779509415187,84.56214076128637,6.162377303110061,0.005153551232069731,41.83209019503556,41.28854156192392,0.5381592526100576,40.75038230931386,0.25254939403384924,42.26300137223999,24.430430597077585,31.97842855277836,12.48002703049185,11582.399999999969,1433.211704466562,2119.336380535976,1247.9497626240131,178.80602215797782
247,720,68.09705969270338,266.2196527288308,197.71960141996254,75.17293665925257,6.275661072553569,,41.340604760916904,41.09556368901394,0.5376520310528576,40.557911657961085,0.0,42.26355837402102,27.25062270832791,30.5105913630771,26.33379124189717,11582.399999999969,1315.6140462667352,1993.1193099087595,1341.8083443953376,165.26454355301888
248,720,69.87274610155073,237.90116201596405,168.91679974745617,73.78029495543451,4.429599191668697,0.007254710420966148,39.9416691090446,39.45708065084182,0.5323722795583308,38.92470837128349,0.251670153811574,42.08353887340931,22.372456318838204,32.982598623833475,23.768981753551817,11582.399999999969,1104.8784460789848,1620.1326663482223,1377.7799879058284,44.764116204579445
249,720,74.72867874593481,300.16510545667796,224.97952363696712,82.60908183498681,7.005540554870363,,39.00699474988505,38.786370010115206,0.5333261939231306,38.253043816192076,0.0,42.25024638802619,30.521830443906786,33.42413782844141,32.12220442481432,11582.399999999969,1321.174670950996,2060.7507766860685,1324.821585465328,40.99342711858667
250,720,79.18600367278266,300.4808490356357,216.02150684006065,91.3546258548459,6.515776215506794,0.018619567155838013,38.87815411295742,38.36678290506825,0.5320786291267723,37.834704275941476,0.24969996698200703,42.26313862731339,29.258475874115366,33.50869074535971,22.602445219534893,11582.399999999969,1275.1342859538336,1970.8654210797201,1280.5733811332257,178.6093516311536
251,720,68.99097445919607,267.52660288669273,201.81386688955038,72.69919499499375,6.575851388526077,,42.151798981940374,41.902765261009336,0.5320271186064929,41.37073814240284,0.0,42.263784962458175,27.991191244893837,32.641376961699194,27.49437957495493,11582.399999999969,1372.40738564442,2099.3068688060516,1275.9061958647396,132.86871176478073
252,720,80.58354316936658,281.8279123586273,191.71888200295507,96.610391600113,6.107425683798578,-0.08644978702068329,41.515036578057334,41.02672386588529,0.5301174186170101,40.49660644726828,0.24787665298208594,42.245903628507136,26.370954108839346,32.278347369310076,19.46684091232571,11582.399999999969,1341.398256827528,2020.022202345126,1315.821056553324,148.61751417082678
253,720,86.29824172544195,309.1326564630136,209.43124845455878,105.34285258119542,5.2852883703858105,,38.125372521113604,37.88561898097396,0.5333877010270953,37.352231279946864,0.0,42.14146452454211,26.461205008546035,33.62681543484425,26.14193662633349,11582.399999999969,1116.4569866227241,1694.5199565752337,1340.3867398529578,13.296249131938918
254,720,73.42853139898699,285.1211092554102,225.12798631066792,67.19479716963286,6.808746626305647,0.010965959168970585,44.11459300108254,43.6818639379926,0.5315906843170524,43.15027325367555,0.16752701811492443,42.262834775853506,30.422629174212236,39.83113281417056,35.50635376124162,11582.399999999969,1276.476939116222,1997.4157091314978,1301.4716260742978,43.80412460470964
255,720,78.3759691241585,279.3113568456403,197.53962263368507,88.3071226288499,6.150381867976773,,41.717877665068954,41.4752762070857,0.5339335815515369,40.94134262553416,0.0,42.263481704669815,26.85010165189231,34.222407809733554,20.39854813408681,11582.399999999969,1326.0360414729623,1995.61432128306,1302.6311605781707,266.12338897272485
256,720,68.53789748119765,248.0237591344516,191.62831679243092,63.03322059153798,6.21753915726049,0.022191841155290604,40.701010294025764,40.16568484599702,0.5329475905746222,39.6327372554224,0.25185438501648605,42.263643509806954,27.020043195697614,37.021287185428655,24.60161416869674,11582.399999999969,1341.5782548127231,2051.1281702094057,1369.815678421391,121.59472116587307
257,720,79.8326875558364,298.41339523045946,219.95913299275247,85.54601970260444,6.6817854571885515,,36.92580536194146,36.636095019988716,0.532220165245235,36.10387485474348,0.0,42.263763364030645,29.39473169287203,37.05967770453418,29.004046147761496,11582.399999999969,1286.283472597859,2006.3367043215273,1364.5714760935475,116.82629819143254
258,720,66.46297110051923,190.1020610535739,134.52683723140154,60.01199276293917,4.0681157323835535,-0.13680504262447357,41.83006582898088,41.332147618057206,0.531569171929732,40.800578446127474,0.24538841494359076,40.49347030712077,18.083234296910636,36.456974719049626,11.325000741048655,11582.399999999969,1223.750667123555,1720.0780748453622,1309.6516915289503,105.9636857845361
259,720,74.37406217711363,255.95157831693547,191.73098097157035,70.78969325848357,6.1359643788152365,,40.38914882205427,40.14090294810012,0.5334199010394514,39.60748304706067,0.0,42.26221033454339,26.020535313426286,38.979215547871846,34.970391688866044,11582.399999999969,1302.2068997682265,2009.1044553523607,1411.3930665072926,125.92054136376305
260,720,69.48566785968164,247.98555868714462,182.07931330824766,72.12018869950265,5.839054741715948,0.03621926158666611,39.083033967996016,38.58909100689925,0.5322898998856544,38.0568011070136,0.24987021298147738,42.263609025333395,25.07525133569146,33.42557350993032,24.00597564732036,11582.399999999969,1331.2310781541205,1996.554421679784,1307.7344391650956,100.4382080101958
261,720,72.58872285845196,244.75973992522833,174.93152348126577,76.02358542371861,5.7932085769899455,,43.22723628091626,42.932687846943736,0.5345355204772204,42.398152326466516,0.0,42.26304581809972,24.57930382929415,34.57693014659265,18.931521870869435,11582.399999999969,1379.406501528649,2052.7745579150082,1298.548689598352,95.68726889524235
262,720,74.16131273898347,211.46884180118073,147.7962692425993,68.82503498176008,4.756512269286013,0.1281217336654663,45.872305393218994,45.31750931404531,0.534094630042091,44.78341468400322,0.24697464401833713,42.22776560542331,20.413363180601582,39.74879524810342,13.116718140897998,11582.399999999969,1297.2172111526033,1874.42198266063,1319.6748235033108,70.95530119015002
263,720,77.79300235464282,247.5295975969209,174.2241542799777,78.92603740640664,5.273672370127782,,39.26048440719023,38.97577907284722,0.5339831106830388,38.44179596216418,0.0,42.26383466946227,23.148254544586475,38.329983651439505,26.51603633443654,11582.399999999969,1264.1058239255901,1871.7957978134211,1348.577232814258,135.4578187731358
264,720,59.417427968653705,219.0888395312643,176.35526192608714,48.252402293081744,5.116948314879393,-0.06014483794569969,42.357292199041694,41.86293555004522,0.5322956750169396,41.33063987502828,0.2476506030652672,42.25702323643591,24.478935672967626,35.29122682211283,18.648505665505404,11582.399999999969,1221.0285883267625,1810.2144128097648,1388.6871376231563,96.1180643260981
265,720,79.21335858806977,287.48671757623384,211.41141251393344,83.37717598741953,6.893029098875818,,35.436379635939375,35.21083245612681,0.5326977206859738,34.678134735440835,0.0,42.263601531362056,29.014693080206463,37.52477059436,26.51111235834835,11582.399999999969,1349.9224967135224,2087.234103931281,1301.1386520494325,161.1807127789292
266,720,82.33693232357923,269.9002698000549,183.68970630421592,90.89437249870056,4.32006414644625,0.16486752033233643,44.35367822390981,43.826287910109386,0.5327264599036425,43.29356145020574,0.2503795309457928,42.2633775976378,24.762649427092587,36.88974607422897,0.1833294086583185,11582.399999999969,1072.471697346004,1506.9539190842725,1336.403414478294,34.177764476219835
267,720,82.43087242866879,301.6376903245495,211.22004826905217,97.43270040167917,6.610204798590943,,40.639020493021235,40.399466758128256,0.5334699468221515,39.865996811306104,0.0,42.263597211899615,29.01186151510647,33.71452222782921,12.691732465722344,11582.399999999969,1360.3805020249645,2041.7815879693296,1305.2747769925888,224.68421135309578
268,720,81.82634429556437,291.0942255103202,207.15231053383556,90.7184377362389,6.390756061922942,-0.17778752744197845,39.86242453684099,39.36974092386663,0.5322618936188519,38.83747903024778,0.252647555898875,42.26383671175307,28.2575234341436,36.46712542744492,29.32343851773614,11582.399999999969,1306.1085780445108,1988.2675012258553,1306.8397792613573,149.61178073124466
269,720,69.04678769116495,267.35243807687806,209.4660676906028,64.70710126058765,6.4323699158202094,,41.669898168882355,41.41154409805313,0.5320259721484035,40.879518125904724,0.0,42.26374074143254,28.91005529217639,36.69323706087113,29.51484452961106,11582.399999999969,1295.163671876216,1995.9702432828901,1300.5266063932715,176.26267188385137
270,720,74.24892709645701,259.60711782749735,186.98712172349497,79.3461277225088,6.284045093326166,0.11589079350233078,39.878153074067086,39.34815630200319,0.5302047210279852,38.817951580975205,0.2512599560432136,42.26354578072335,26.06234506820671,34.57586323520261,20.206986984795545,11582.399999999969,1379.1411667574932,2073.8276371565253,1344.133748143041,119.66379399432114
271,720,82.39980372263973,292.8853759053132,204.96111984073522,94.63065457289142,6.315906913191256,,39.94930911809206,39.718496535904706,0.5324003871064633,39.18609614879824,0.0,42.263376026270244,28.50724047121692,35.084476436194024,19.79059726162571,11582.399999999969,1290.06310458779,1965.887123085417,1339.466940062078,78.71660057567671
272,720,71.99031862761353,236.35859031473078,177.69695639544028,64.75144345069779,5.698091901915591,0.10528825968503952,39.43436471093446,38.93952702987008,0.5318858728278428,38.407641157042235,0.2516886219382286,42.205815960739706,24.712185472512637,39.61459690226464,21.44384308918375,11582.399999999969,1308.9331996458013,1970.1592534722502,1361.6939702504237,161.14893975861412
273,720,71.26474013980705,257.2255560637797,195.1903447869091,68.79443707798855,6.307105803996287,,43.48600221402012,43.22333494992927,0.5338618108071387,42.68947313912213,0.0,42.26353651757639,26.941779123807905,36.86752160081277,26.294253011164344,11582.399999999969,1343.2280949663102,2049.263900879263,1425.0157630066342,164.413951044966
274,720,75.04524632583663,279.87221895146877,202.74562371611836,84.03116335731119,6.514914814433468,-0.05210157483816147,41.61723735113628,41.14923555706628,0.5319046569056809,40.617330900160596,0.2507191579788923,42.263186087717585,28.030070038597085,33.029664647181036,24.666465623164385,11582.399999999969,1337.7930819993596,2037.3071450639432,1275.6583626553959,101.66946199768489
275,720,74.88844903037347,252.5010042573716,183.82082069743146,74.55400575996441,5.490500208394954,,41.61872631800361,41.36222092085518,0.5330559222493321,40.82916499860585,0.0,42.26304690113558,24.648487084351494,37.61144615039126,23.209672494962515,11582.399999999969,1272.6611920642317,1898.6940725973222,1328.9310324915857,155.10061080269213
276,720,77.10165125152521,247.61758888333986,177.2220097995547,76.85004358887991,6.066945906417787,0.0662301704287529,43.589604967972264,43.07716859597713,0.5316835853736848,42.54548501060344,0.2467545559629798,42.26366851156013,24.70392374996218,38.676629457085255,19.75792890404199,11582.399999999969,1395.6274967492361,2100.1570886715194,1279.0643531819428,170.2036583223586
277,720,54.38027599835187,186.96184233997187,148.83125861963669,42.37917052297648,3.8863141315660648,,37.708457429893315,37.46309756813571,0.5329043436795473,36.93019322445616,0.0,42.250239709410295,19.290850056634117,33.19069073686363,23.66447907669299,11582.399999999969,1040.6938705438592,1504.3092331519456,1340.670846503359,86.31745793646691
278,720,82.05849770584082,281.6650998920453,192.91394739548443,95.39036512617794,6.24173474445078,0.05155600234866142,43.56115804798901,43.00633416813798,0.5319469219539315,42.47438724618405,0.2492556308861822,42.26108928596577,26.926121044835455,34.36331514275185,24.516878772533914,11582.399999999969,1341.8423252168566,2028.6443419829473,1331.630201471695,49.68170207215126
279,720,83.14429885352746,298.7631568638818,201.0808104933152,104.57819784570214,6.479014004149885,,43.231095164082944,42.95660212705843,0.5337077847216278,42.422894342336804,0.0,42.26360224834374,27.585820794867217,30.85519993067639,18.138186038020415,11582.399999999969,1361.6308546035646,2064.1139563237043,1327.9418215945655,60.07877953483821
280,720,73.88206013484603,265.6991451009288,199.41449340933008,72.89827087570009,6.201961212919218,-0.10393790155649185,44.73516304302029,44.22022361308336,0.5307398505974561,43.68948376248591,0.2480038250796497,42.25932212272222,28.120207292122004,37.43292469699598,24.73870332250162,11582.399999999969,1311.328482110968,1986.2136215944506,1355.571230509924,63.5278535027267
281,720,78.39235354862423,297.49510300778087,216.42487269307088,87.91067975501753,6.476827117468808,,38.86830427497625,38.60409297910519,0.5325792154762894,38.0715137636289,0.0,42.25264757868182,29.085780970880908,34.437013671115466,30.278026960631227,11582.399999999969,1276.8876905806944,1951.0395184948427,1313.9848964711541,112.24119908828646
282,720,83.51996945037699,273.3783555272745,182.9550785443492,96.18311395440267,5.382199524276562,0.16666054725646973,42.58285834384151,42.137713006930426,0.5314309496898204,41.606282057240605,0.21036990592256188,42.26377661870484,24.123922406344583,35.428412473175655,22.037985118125324,11582.399999999969,1260.7941390857154,1849.086481669611,1336.9869605454362,93.27608446611323
283,720,72.76305212680747,269.7481261817316,197.93688421391028,78.21433603502997,6.0057526432088,,40.74240778712556,40.52832195092924,0.5335745732299984,39.99474737769924,0.0,42.25847633290933,26.91596563351066,33.65588410929248,22.700579254333846,11582.399999999969,1273.8951022008482,1935.504467664588,1333.0713099169755,46.94201668041353
284,720,78.29127526699466,266.4058008963109,176.18902325053537,96.51757167164328,5.892703986723493,0.059714872390031815,40.791025168960914,40.31514951889403,0.5316000524908304,39.7835494664032,0.24984646402299404,42.15378214549022,24.690483941568786,30.032489431173016,17.14366750061535,11582.399999999969,1383.7160542005183,2039.0438085084486,1340.8786920649304,172.36012009302863
285,720,83.42935365150184,311.4322260303082,224.9586683124858,93.84274053048681,6.952171473181822,,41.28252152702771,41.01655742106959,0.5327782279346138,40.48377919313498,0.0,42.26381622355778,30.654700927948376,36.50798338625844,28.04974276236346,11582.399999999969,1338.0639421717478,2046.3783171014873,1339.3893042149127,113.50403586021916
286,720,72.71503806730533,256.92450043552884,179.98486500785248,83.29100018767573,5.941578000493921,0.07007208466529846,40.207974535180256,39.701394726056606,0.5312111170496792,39.170183609006926,0.24824350303970277,42.26363652459418,24.184867430447056,31.06953797346747,19.632342477509795,11582.399999999969,1360.5943116885103,2034.816942165361,1346.7859488986185,117.88813176285029
287,720,76.96199035720748,274.7862235644575,189.52115275003425,91.1090171186651,5.486262198898986,,36.26834678417072,36.04888947913423,0.5332656300161034,35.51562384911813,0.0,42.258868875361316,24.84897100499225,31.407481797874937,30.342343115239327,11582.399999999969,1205.1257487239325,1816.7256010133337,1330.9371158279619,251.34335390110178
288,720,80.36347869192883,275.56031813533934,184.0042459005355,98.22468516298856,6.236039292902385,0.062139347195625305,41.39602801017463,40.916181930107996,0.5331856831908226,40.38299624691717,0.24655052297748625,42.246004234409135,25.69802210122829,31.251136110434548,20.88173273518932,11582.399999999969,1379.5956144737293,2072.2228823751043,1329.4100141427198,92.11292687458757
289,720,69.32472839342407,226.41592155434725,172.80914135271368,59.57397145405689,5.537649264194639,,44.311974704032764,44.02347495499998,0.533793784212321,43.48968117078766,0.0,42.26340527202209,24.92449978968449,39.53774266639562,25.638979569787185,11582.399999999969,1263.0841154530092,1943.1641609294638,1343.575253459344,79.64681827037955
290,720,81.6267740802902,286.66448213418084,205.50373257552715,86.62118862000742,5.088408979064418,-0.035279810428619385,39.017575696110725,38.5294804868754,0.5320640180725604,37.99741646880284,0.25047740805894136,42.26356619406847,27.15195031355482,38.316179770286496,28.377249911236575,11582.399999999969,1076.3824255624422,1643.1532532835165,1281.1946546703296,19.809123388408683
291,720,71.77626331744274,250.63445511408426,186.4399620298581,70.23125251552322,5.613750172130272,,37.917034772923216,37.66601295908913,0.5328067666850984,37.13320619240403,0.0,42.2636158197274,25.267245097284604,36.66063705968113,29.517719533690418,11582.399999999969,1264.8804939560632,1886.3260836444554,1394.3823979645629,66.49435189383883
292,720,77.06411956533607,246.42232691481362,177.9520844846388,75.04327202840948,6.132397956356814,0.021368131041526794,47.35950620099902,46.84770236397162,0.5320100758690387,46.31569228810258,0.24770009610801935,42.263476846638376,25.277929169917822,39.54248355113133,13.84824316790695,11582.399999999969,1441.253352814951,2147.514472820714,1338.225277731557,19.729258106240056
293,720,80.8633675397512,288.7005559600759,206.5000189936881,89.00311837769632,6.399156327977479,,43.76632583909668,43.49579411605373,0.5333557571284473,42.96243835892528,0.0,42.26359575698659,28.500678259974812,36.36180835090303,20.77327932834191,11582.399999999969,1344.8560579199177,2022.194739313781,1317.9489529647512,186.27012136590287
294,720,78.75811024037834,293.94483684128545,223.2541883668379,78.2137618997814,7.062955166911939,0.1104440689086914,39.516141418134794,39.01507227495313,0.531698051141575,38.48337422381155,0.2464479950722307,42.26388044837992,30.783823595704067,39.65122929048764,29.69422997796396,11582.399999999969,1343.195630827417,2082.39826201702,1339.8636015865693,76.61761706953367
295,720,78.87129950139278,308.44577822313727,232.1865581147356,83.36062813868016,6.6848029260532424,,42.77246806398034,42.51934565696865,0.533819213276729,41.985526443691924,0.0,42.26387874027814,31.1294133250686,37.190985432052706,31.239441968300525,11582.399999999969,1249.0570835347503,1937.9335749204358,1368.3434998181824,72.15159892556389
296,720,82.85310909522495,315.3998253624265,229.32730481546622,93.7145560454734,7.209492477667207,0.07756882160902023,42.4718943790067,41.999654083978385,0.532482887385413,41.46717119659297,0.2501299688592553,42.263503295532985,31.126596344634876,35.99583107248825,25.879197698203832,11582.399999999969,1355.016452741318,2090.729242694937,1282.0518990935793,187.33328177281984
297,720,63.689076299750056,223.28478390502258,174.71795113027937,55.15523346495907,6.139063577074998,,44.7597699558828,44.4709055100102,0.532495244871825,43.93841026513837,0.0,42.25287480156523,24.778487269856154,36.11145956727052,26.925912460078383,11582.399999999969,1413.1777057098216,2123.1742763569036,1341.7854622731977,92.87537495050175
298,720,84.0162897234596,298.8332399390481,210.57183651367677,94.70178255385828,6.007306672368626,-0.1350216418504715,42.7870846290607,42.27030277997255,0.5328884541522712,41.73741432582028,0.24943056888878345,42.263653916693585,29.03597917552859,36.66539844653045,18.265487933991395,11582.399999999969,1241.8733686382802,1849.768573160571,1417.761427529753,66.99235162607799
299,720,83.39152477822228,310.45328444111817,212.9858100404804,104.44568224320977,6.560707474876917,,40.67350651882589,40.40498752496205,0.531971895834431,39.87301562912762,0.0,42.26380119385323,28.743694220570724,31.168683656617386,20.94860204152167,11582.399999999969,1332.4965403476995,2019.7135932470328,1337.0221549887647,40.53901549663943
300,720,87.64745167265639,338.8893160147077,241.15002013106772,105.4482693098391,7.303312220743077,0.03421146795153618,31.64188804384321,31.13330765394494,0.5306601508054882,30.60264750313945,0.25018910807557404,42.26383673608554,32.50267846453549,34.923317017736835,21.139779764137646,11582.399999999969,1324.7573983218294,2040.4252990187836,1350.629746151299,76.82690125664166
301,720,62.697429658772684,230.0552683597382,185.2733960186717,50.68464513514306,5.510439299982121,,38.72110931784846,38.46676455414854,0.5336572537198663,37.933107300428674,0.0,42.26359157712458,25.292835364237508,37.355107091201155,30.612295563350163,11582.399999999969,1193.6174363033297,1810.46087043396,1306.193325417689,58.872784799432644
302,720,80.55288030522028,262.3298675650362,178.5022768152376,90.07796307364578,5.844097349488034,-0.04802734777331352,44.02608198393136,43.49717511120252,0.5319605937693268,42.965214517433196,0.2502998758573085,42.26363586888171,24.95383495265252,35.51389876839741,10.342372842809452,11582.399999999969,1381.0300103214756,2020.0377329849773,1350.917531274766,74.37838958894147
303,720,78.05117660795374,278.2003377485679,205.23421820972345,79.7123179270565,6.325089148183593,,41.18909383798018,40.940511926077306,0.5331177006009966,40.40739422547631,0.0,42.26394077090449,28.662774711179008,38.195017644425484,24.910261906762322,11582.399999999969,1287.8590203476547,1964.3730283584016,1363.0684411390787,23.02916342392046
304,720,73.47768314030806,285.67013901299055,210.32133087526998,80.97015781767256,5.248823222550662,0.12250581383705139,41.96651949500665,41.425075659994036,0.5324079738929868,40.89266768610105,0.24617868405766785,42.26360199521207,28.400792405890403,32.99260423147178,24.326676889444265,11582.399999999969,1086.0277510019978,1648.1537620662689,1298.1373063927726,80.06833663458711
305,720,78.90457276015805,308.69512494189996,221.67110497085875,94.35801480138787,6.919551226241603,,40.221142848953605,39.99285014602356,0.5335802994668484,39.45926984655671,0.0,42.26286336288874,30.499222856616925,31.725565359464113,25.354831079586905,11582.399999999969,1324.5502452121216,2045.3392494417071,1325.1148544297357,82.57984293039011
306,720,80.0957401883995,278.3218881826328,204.0820789091569,80.79341829779193,6.068639343193946,-0.10349144786596298,41.2323698529508,40.75911475694738,0.5326254304964095,40.226489326450974,0.24702926306053996,42.26345176011499,27.26997641288625,39.69903103950354,34.7551372316494,11582.399999999969,1260.5467571579948,1923.3934005243027,1440.1274737409246,45.42665244475568
307,720,81.16866231677793,288.3269259199479,205.74116508085865,89.92929766383254,6.871825795273549,,43.40540856588632,43.11879115807824,0.5332126817665994,42.58557847631164,0.0,42.26366021085073,28.718908084151433,36.204013484861655,23.836822297228355,11582.399999999969,1403.1808561965233,2136.0261544344457,1349.8713238943433,35.64703253111772
308,720,74.08445988611703,289.19101204810016,208.35840328515363,88.04199972446943,6.788330161891274,0.07306160032749176,41.68089255387895,41.1510430178605,0.5328001587186009,40.6182428591419,0.2461523450911045,42.26384601227152,28.902960663623258,30.06346002388231,24.131601509285954,11582.399999999969,1363.8028229882739,2084.86281792971,1327.6136245453897,49.485875606983186
309,720,79.8680112510291,278.14090422633,199.397196244184,85.66202605844838,6.49617084094652,,39.7951715758536,39.53952101315372,0.532949976855889,39.00657103629783,0.0,42.263480213012976,27.839417294542,37.036998221804915,27.594346827992037,11582.399999999969,1356.0166436783625,2070.8267006815145,1338.5263027423741,52.03512367069762
310,720,81.26652877341564,306.5767147692923,226.58103633057982,87.11959726723794,6.710359099093376,-0.01313129160553217,39.090969756944105,38.59269540105015,0.5328708321321756,38.059824568917975,0.2445119449403137,42.26371931039305,30.485183829177096,37.706730139796676,31.826636327177454,11582.399999999969,1281.4968903137005,1983.794100095687,1364.2139434449948,60.330551930724845
311,720,71.55824974384511,286.74674377718594,226.0309618241705,68.10549594922408,6.965839884683474,,36.93951744586229,36.669310762081295,0.5316224764101207,36.137688285671175,0.0,42.26363308085431,30.822865171092356,37.50550176923307,35.55453646679248,11582.399999999969,1307.3133535883771,2034.8730158778278,1342.1461459745299,16.116866152552547
312,720,73.19183393578311,274.74495691717624,195.89287582135438,85.08238524543509,5.865093742111451,0.060741908848285675,44.03760386700742,43.52089765295386,0.5326009565033019,42.98829669645056,0.2449713370297104,42.26374877588369,26.99005440433323,30.650641313065556,14.63500036920421,11582.399999999969,1299.006780420732,1937.8504915073804,1318.341015038968,62.00225141303256
313,720,83.13511794909631,317.5145368885703,230.9857672488019,93.98572054210439,7.036696012013846,,39.93324855505489,39.67940737796016,0.533040460664779,39.14636691729538,0.0,42.26365913892809,31.625970727499805,36.14225767804412,19.630862113076116,11582.399999999969,1329.1578431185453,2043.8936131544367,1340.7863281987322,58.97500782589181
314,720,65.48794093379841,250.3463555572597,200.11197196460174,56.367998423926366,5.72299866362828,0.19034232199192047,39.736926859011874,39.20958005893044,0.5320013738237321,38.67757868510671,0.24873749515973032,42.26344823582738,27.387969321504325,37.30394172183523,31.034997361887633,11582.399999999969,1186.9346320392685,1801.8607270404468,1372.5275692984435,60.82000998792961
315,720,79.1038224690922,304.787822027646,220.7343345497271,91.62087994018326,7.120876983518459,,41.817326507065445,41.57357387896627,0.5333706319797784,41.04020324698649,0.0,42.26354132219081,30.508277585993774,33.293382499000565,22.58302895645084,11582.399999999969,1369.2809797663401,2099.213102627258,1348.4761277278214,124.44084311689522
316,720,61.517921937350415,212.96846850566882,164.0993172830483,54.94887600397625,5.6181373560866374,0.03585801273584366,43.797278380952775,43.29668136895634,0.5317876699846238,42.76489369897172,0.2519789128564298,42.263444185132215,23.029233582227725,34.04348393536229,22.089404149129813,11582.399999999969,1374.9563579982562,2049.020210087074,1356.190858566398,87.1659854321616
317,720,78.92777860233991,307.16680038516387,225.79526937579303,87.64271623315187,5.8296096543725495,,40.656767760869116,40.406119767110795,0.5329246134497225,39.87319515366107,0.0,42.26348414299766,29.943109014411313,35.10642048576398,32.23970800059504,11582.399999999969,1142.0075691016648,1746.036376828241,1434.7468300555568,57.94809127980316
318,720,81.10605697993212,284.7528542614838,208.26688407330752,83.97538014742943,6.992169593670818,0.010823950171470642,44.69955165288411,44.15443884395063,0.532225487055257,43.62221335689537,0.24917954998090863,42.26369251866017,29.089074177415316,39.1183669062174,26.164611217578205,11582.399999999969,1372.1139761446896,2116.0919895776515,1360.0974897688416,74.43975899859977
319,720,61.73354299719279,199.60816257259137,154.64074980119847,50.87611705565939,5.428185912350911,,46.50758814299479,46.21605015383102,0.5339923554565758,45.682057798374444,0.0,42.23195657001932,22.01199202046567,36.295484469363096,19.877472565870086,11582.399999999969,1367.860860660792,1999.0127251514925,1354.2433162500836,125.04251589107093
320,720,82.975442351589,308.95075611872954,219.64658952426734,95.62337576067259,5.87667605645515,0.08260747790336609,39.67503442103043,39.22533168294467,0.5325042097829282,38.69282747316174,0.21016808203421533,42.263550021079304,29.65673622731018,35.1637544712527,17.641269101651776,11582.399999999969,1197.6333153916657,1808.4832709684015,1360.8752651828204,144.5527645568162
321,720,75.56092890656527,274.83609989162363,202.87891398011325,78.56787289701748,6.192768674904105,,40.92039886303246,40.646216630004346,0.5332843705546111,40.112932259449735,0.0,42.254055419650534,27.568178681451293,36.276992458056526,30.364815865794764,11582.399999999969,1292.1237866691363,1970.8847823416647,1348.8758252158786,183.36497024021344
322,720,76.50576418531175,308.41052128549165,224.44277635914634,91.17103380779236,6.762839645383051,0.0021639354526996613,40.44270558981225,39.95884444983676,0.5318450022023171,39.426999447634444,0.252629138994962,42.263679606980254,31.062018440327684,30.92024728141557,21.764894982202467,11582.399999999969,1300.8703870842755,1996.7761393092383,1373.70000864707,62.81527063887776
323,720,81.81453694835955,269.73316143875724,191.08399975563165,85.5828849444572,6.483806027526148,,37.75101262400858,37.507375184912235,0.5328683212865144,36.97450686362572,0.0,42.26346492951209,26.236040122920524,39.02309447613094,24.214014298888443,11582.399999999969,1405.5328422847117,2125.8597167221296,1328.3736940594888,115.50764875049146
324,720,78.8135195291275,283.3035559218047,205.8502642857494,83.32070196353357,5.422738197946985,-0.0581667497754097,42.16233184095472,41.616301618050784,0.5317582236602902,41.084543394390494,0.25253795203752816,42.26341997122587,27.26111663878145,37.15316854736072,33.60804922391274,11582.399999999969,1130.4478163683132,1725.3404875964784,1407.6083822908197,105.21826460715032
325,720,88.73519714593121,350.93978085903825,249.25678467173344,109.39707539332868,7.299378279206511,,43.43221228290349,43.17310775513761,0.5338934508617967,42.63921430427581,0.0,42.263358161147046,32.94836430141778,34.03665944926687,30.781762478121955,11582.399999999969,1281.1631220032154,1993.652922552257,1337.229174923638,104.00333585969582
326,720,81.00914232545429,299.85989039012946,216.06299499013815,91.08183840783295,6.833605122618257,0.03580714017152786,44.03306871512905,43.5112908850424,0.532205626135692,42.97908525890671,0.24919657805003226,42.26367333280142,29.647593400717845,35.46822312153782,22.012651253802034,11582.399999999969,1329.5821665742458,2052.4204602214395,1373.2258752005168,99.63757606179632
327,720,75.5179529240109,257.75947974784475,192.51085029927688,71.71964056040422,6.0706362101041424,,44.71295219589956,44.45199640211649,0.5332042591180652,43.91879214299843,0.0,42.26358810752462,26.44344264946337,39.65813264380879,28.391527093714142,11582.399999999969,1319.920102889838,2008.900514365426,1316.8776368480562,19.84036291766228
328,720,72.48459858140109,281.75144203728877,220.04039183422537,68.32785945574531,6.211859110750331,0.05275624617934227,38.970143818994984,38.46152198710479,0.5325326826423407,37.92898930446245,0.24699214287102222,42.26373123701107,30.143457338839607,38.32066885352843,35.124327672633875,11582.399999999969,1182.4335891366322,1818.239184631297,1345.1466021711146,35.88624525447189
329,720,82.29458869657917,315.8923497792475,232.2614693490592,91.4329953619686,7.332848735435346,,40.66256868396886,40.430289107142016,0.5334586575627327,39.896830449579284,0.0,42.26367857515925,31.636323486899048,36.57809101559487,29.588347337313163,11582.399999999969,1353.661892952898,2104.81429723554,1350.878471661111,77.60365350798655
330,720,88.84690472421269,316.9370514072544,216.7642145421518,107.55297121833027,6.947864449046879,-0.08405940234661102,42.578423582948744,42.061930901836604,0.5317038409411907,41.53022706089541,0.25143784494139254,42.26379841676237,29.22996412414464,35.07041911504756,24.830995925900908,11582.399999999969,1372.8371179097205,2085.9663833958484,1336.3950957094594,114.49155916357596
331,720,78.47671981550903,268.34718272082927,178.84667862151363,95.3695711736737,5.4516679576855385,,41.344297454925254,41.07363288290799,0.5344864367507398,40.53914644615725,0.0,42.26350148488755,25.041417613793747,30.79193422867217,11.53471614924715,11582.399999999969,1322.7149148805458,1914.9481132571361,1376.0960467520883,123.24081446339942
332,720,84.44379438174056,277.6378915555422,192.7827406999087,91.25004505169794,5.985935108146712,-0.037216849625110626,44.05437359306961,43.48844034294598,0.5319496225565672,42.95649072038941,0.24959094310179353,42.26362206507795,26.251249979474153,38.81877185589159,4.7645621217128,11582.399999999969,1371.0200604509266,1994.850337134889,1346.3762050399996,193.69136087514357
333,720,81.9223951087817,303.19540318583375,214.9700669984444,94.89468515359358,6.270538217790459,,40.744606669060886,40.47811617003754,0.5333203803747892,39.94479578966275,0.0,42.26365558209516,28.674910163870088,34.47505253198491,27.44673066661843,11582.399999999969,1261.7139118471475,1921.888323287988,1420.0574184881432,172.81523393829718
334,720,82.90479271696563,287.03572756578535,196.4081728229379,97.57877228080604,6.495498072063299,-0.08085509389638901,41.912765028188005,41.41153532615863,0.5319168486166745,40.87961847754195,0.25022093299776316,42.263798898019274,27.98337186353367,34.11540657656261,19.516333924079284,11582.399999999969,1391.7176903404854,2101.4739489314634,1371.5508940559632,136.5580132310321
335,720,88.36713945359507,323.715213600702,230.7096168615766,99.21941836247362,5.864688028857346,,39.418146119918674,39.14212969294749,0.532837325707078,38.609292367240414,0.0,42.26338686805241,29.804497337687827,38.75743027235826,30.923281669417463,11582.399999999969,1083.7055635397626,1699.2858023612828,1309.2739223573294,115.58163127685978
336,720,80.80504649778256,292.59920062683614,217.39506906252237,82.51637057943918,6.85258176872407,-0.08363539725542068,41.428197615081444,40.93232095008716,0.5316955868620425,40.40062536322512,0.25041489605791867,42.26357250287762,29.499208659684765,39.546861208062964,34.11491076161531,11582.399999999969,1334.0305725321145,2063.7618092517005,1365.4141556833385,112.18656080895134
337,720,84.63758178902914,312.7824923258612,220.58137372422922,99.48833886271092,6.848108646843417,,40.94902422116138,40.69512010202743,0.5329283168539405,40.16219178517349,0.0,42.262780356955716,29.791538536788508,34.89341235767368,28.536525426899473,11582.399999999969,1336.1311071182809,2046.6618046494227,1371.9597699435901,116.1325086707409
338,720,73.51672407465502,256.022572978269,193.14745903117011,69.08995496175196,5.767062951754083,-0.0010044589871540666,44.19004689110443,43.67595410393551,0.5313723066356033,43.14458179729991,0.2476903279311955,42.263833843224866,27.02416022195591,38.97174659377904,21.742366712868865,11582.399999999969,1298.0760399194282,1912.5543144525145,1366.3721141494395,126.8470065661567
339,720,79.63461178048208,314.89678348748237,225.06825223704348,97.10808544958434,6.841269545764881,,39.38405512389727,39.13001628196798,0.53319635335356,38.59681992861442,0.0,42.263632259461794,30.49341022412701,31.08056905568991,27.98379273650405,11582.399999999969,1312.979260847396,2028.027367599905,1403.0790283851875,126.52307597539019
340,720,79.10989363308549,282.12426521788615,196.31915218318818,92.5332215884028,6.301619507246818,-0.08949604630470276,41.07059329887852,40.56055382499471,0.5324023687280715,40.02815145626664,0.24848742596805096,42.26352524048675,27.197100890645334,32.8432828388841,14.497881605868232,11582.399999999969,1363.5957857920146,2044.9421148343145,1329.4398326175215,103.97981307527483
341,720,80.26238400446616,296.3320618124122,215.51022497213685,87.43536020684552,6.2513158234835515,,36.76798868807964,36.534332365961745,0.5333860346581787,36.00094633130357,0.0,42.25591966273595,28.517239330697773,36.5447039010434,34.508623387741835,11582.399999999969,1253.6237269893156,1926.5100687949935,1337.0589923119087,273.3414721650803
342,720,68.64572547778667,260.5785975126458,208.3012643192994,59.0732979861082,6.389567710847121,-0.0038765184581279755,43.90197036997415,43.38995114318095,0.5319849723018706,42.85796617087908,0.24999652919359505,42.263390306988654,28.6052750805721,39.10907648473257,34.71993234965108,11582.399999999969,1251.8295729640517,1956.644307599181,1315.4320063504792,128.4536919230537
343,720,80.46771462799623,278.99759762508404,196.47075733955475,88.62684739135253,5.746057229779742,,40.03303354000673,39.7856224719435,0.5328782321885228,39.252744239754975,0.0,42.26359213151326,26.25431423458337,36.15429093231997,21.415828147791103,11582.399999999969,1248.206385377329,1886.3154317874776,1336.3206423071601,215.00428546813265
344,720,80.21616298984455,292.0546614492999,208.49091120188325,90.53977397224531,6.535235275473291,0.07318365573883057,44.60708711203188,44.086757655022666,0.5316795080434531,43.55507814697921,0.24812736292369664,42.26349617812823,28.71094395540914,34.94627600372189,20.657920160710564,11582.399999999969,1342.7464196927779,2037.5956857062442,1364.3256860947497,31.693020142829358
345,720,64.15130590279405,232.57929642713188,184.6576689627387,54.341239442831636,5.976437790067017,,40.682967233937234,40.45967215206474,0.5335962309036404,39.9260759211611,0.0,42.26345527473502,26.224118440231223,36.98068618137823,23.22372525969713,11582.399999999969,1329.2330364680365,2007.1799574381641,1398.9508251993589,89.8033807227764
346,720,75.3210025364819,256.6309096922504,183.06974148566786,79.97188154720115,6.009673627320511,-0.010680975392460823,43.73621410597116,43.23556516505778,0.5322367902845144,42.703328374773264,0.24954401492141187,42.25707854426792,25.460512168974905,35.335061762881324,21.243212987201005,11582.399999999969,1351.516012451392,2039.0380300628456,1326.5566813878397,88.83807662607711
347,720,76.37714850624171,274.9580083631066,195.3957826945828,86.81923393737065,6.763818121770116,,44.09012412605807,43.80051111499779,0.5338648613542318,43.26664625364356,0.0,42.2635623149846,27.778246536330222,32.96753153755638,23.00189534505997,11582.399999999969,1436.3544245743867,2170.0880531506523,1353.6643400213331,94.64929137330058
348,720,77.19971989462583,259.4944092359731,186.2599795224245,79.77314143197351,6.083764084825809,-0.028214044868946075,41.60898405080661,41.102211551042274,0.5318872083444148,40.57032434269786,0.25211021583527327,42.26379802220568,26.183439433039872,37.31314917863907,21.43269661498511,11582.399999999969,1362.3828196191869,2026.8185814276537,1368.9829092345806,115.47944698568782
349,720,86.06456491857766,322.1123357551757,220.22201842702253,108.74365004729272,6.435936373281564,,42.314252607058734,42.03248286107555,0.5328290658071637,41.49965379526839,0.0,42.251746615265745,29.967995530194287,31.692739894931304,20.218753755531058,11582.399999999969,1272.623055968379,1932.52580539692,1349.1890027391603,108.19919276536187
350,720,82.3992123197934,322.4470038007254,234.7786487614325,95.33755034770515,7.230094683885391,0.025189273059368134,38.906048823846504,38.41406586486846,0.5311172846704721,37.88294858019799,0.25243286695331335,42.26375189140358,31.900497134823148,34.73043714594083,30.273280150299758,11582.399999999969,1318.3140525386884,2044.4092532033144,1342.3608363709043,80.32773193227278
351,720,79.46996268634392,291.74732138625853,204.03536591456722,94.71222834156198,6.558850261721079,,41.13267903588712,40.88854537601583,0.5328598523046821,40.355685523711145,0.0,42.263797616389986,27.9798493227952,32.11384851556293,23.192797211537968,11582.399999999969,1365.097067501552,2059.6096275177256,1379.886374814155,80.65988868827549
352,720,76.67552569980526,273.27454173420625,205.3022619331017,74.59591623315632,6.200427836030926,-0.03331504017114639,41.728830175008625,41.23449166608043,0.53158577112481,40.70290589495562,0.25061078392900527,42.2638798350069,28.38588047859122,39.377567583227105,34.46238248931131,11582.399999999969,1242.2636921582564,1917.9920407427444,1364.2674741686478,38.65540260208835
353,720,79.70009053615611,280.1086158533424,190.45028967684752,96.0363231881559,5.937794292021457,,41.125171755906194,40.88060145592317,0.5333161130547523,40.34728534286842,0.0,42.257920438106794,27.022735066264303,31.68192894207817,8.334646410035399,11582.399999999969,1359.7032906540724,1982.9114942478575,1352.0722250140898,151.86132330600472
354,720,63.29025503567342,239.7423655996922,182.59145799902993,63.558225847676184,5.975637486172444,0.04740294814109802,42.25519831501879,41.75985247595236,0.532867971342057,41.2269845046103,0.251949013909325,42.26376912743497,25.871020709556838,31.511142111835326,19.60126989490166,11582.399999999969,1345.4497531405045,2006.8766030555712,1337.3395977681732,115.65166299737893
355,720,80.48700587901337,300.06120724391354,207.98990721513852,98.9361902156086,6.444807332415341,,39.448971931124106,39.187252106843516,0.5330192625988275,38.65423284424469,0.0,42.26349962375043,29.090713776411757,31.018910771209068,15.830736768559117,11582.399999999969,1337.7051649268712,2012.1790657830686,1370.9847007360231,67.40982372017682
356,720,81.38700534197751,328.96929463822823,235.02580603529103,101.59861921386889,7.223122529873928,0.04310660436749458,36.762020596070215,36.27186522400007,0.5312791112810373,35.74058611271903,0.24727356107905507,42.26344075902242,31.391726063604818,30.58769573504306,27.937281351838312,11582.399999999969,1320.5252436634078,2059.3544758522003,1365.9511207266453,58.57993770435708
357,720,78.09546605809008,268.7872654973713,184.7454850128186,90.56472353647548,6.077819635465478,,39.99615572812036,39.73298112209886,0.5320116861257702,39.20096943597309,0.0,42.26337357574502,25.441847539428647,32.81310428985234,17.27049026045517,11582.399999999969,1391.3172141990888,2067.8054517951214,1360.9763317842462,164.92876956392422
358,720,82.60023003315379,290.941970770868,206.31575337187056,91.80580775939055,6.704671112034697,0.05884922668337822,39.419155629118904,38.93364313803613,0.5311281406320632,38.40251499740407,0.24527871306054294,42.26205139146578,28.30974967730336,36.69732615345852,32.92795971016337,11582.399999999969,1348.6390005371545,2075.46317159125,1388.6605843345735,56.26633256920243
359,720,64.89751412580186,213.3821262942034,161.6845456170931,55.92435063844498,3.8509006605837652,,37.40162981511094,37.15928239701316,0.5342721119523048,36.62501028506085,0.0,42.12146940552795,21.091596464838382,36.935338806579374,28.65833914748072,11582.399999999969,989.2771833342341,1463.354875954933,1325.012088720949,109.27400366265431
360,720,77.99477636085834,268.46523379035386,180.96632908338904,94.23266552968335,6.245355644294712,0.016864201053977013,44.59317673696205,44.088062443071976,0.5322495014406741,43.5558129416313,0.24962282716296613,42.263234934992404,25.422182912619647,30.878443596016673,21.628338028398254,11582.399999999969,1394.162593550133,2102.766592033034,1393.0987345013773,129.64023584779684
361,720,81.88822976273403,276.70802967433696,180.79550117020125,101.53795076576074,5.191036536771259,,38.53328352095559,38.28121600695886,0.5323299935553223,37.748886013403535,0.0,42.2634146857505,24.768558125968962,31.11925437985363,6.840525069153607,11582.399999999969,1181.9227799232444,1734.8284076385912,1357.3745363011305,71.90615361206615
362,720,87.30884957540314,335.6974354710385,241.5960612273894,101.73120506235178,7.198006278154826,0.10469823330640793,39.58513063681312,39.07943146000616,0.5317916525527835,38.54763980745338,0.24886954086832702,42.263787443274346,32.49370389117396,36.443247044227256,27.116773189001503,11582.399999999969,1302.2330786403982,2024.7225121360893,1338.0377603834406,62.940016102934585
363,720,83.99873082939247,307.23975323039326,224.05565842644052,90.81705587118427,7.176086909012316,,39.92954029305838,39.66314483201131,0.5322100601624697,39.13093477184884,0.0,42.26348745932909,30.649871056469486,38.59020289380034,29.68670349568745,11582.399999999969,1353.349271265971,2102.214916695756,1357.7993396804554,126.71182372419496
364,720,72.76928119285702,254.20667893588615,194.17159298643392,66.99306811300032,6.491941470555226,-0.04685869440436363,43.74129771697335,43.21953542204574,0.5311176599934697,42.68841776205227,0.24655464803799987,42.26386925985414,27.14738929573531,39.27274713635686,31.008914341099715,11582.399999999969,1372.722484001431,2103.226780344553,1376.6832812568205,33.83514638209246
365,720,73.30386632559788,254.55704190733718,186.1342541923913,74.93785967318308,6.068887814645077,,42.561148184817284,42.32145008305088,0.5329882851801813,41.788461797870696,0.0,42.26340841953494,26.308881128861447,35.83493648900634,16.838169958034413,11582.399999999969,1347.6303731314017,2029.2862458784548,1389.4609610253904,63.49040044838919
366,720,88.10300763601799,308.20405882892123,199.3586543740642,115.62183216230463,6.348320547625546,0.03053351491689682,43.18820680095814,42.673796468181536,0.5322704191785306,42.141526049003005,0.248590782051906,42.262590170210146,27.062877416970217,30.292091554865674,14.154745148166798,11582.399999999969,1373.1533725529553,2046.2220612950784,1340.9980831049163,160.82749209580592
367,720,71.44523408219263,266.117520921669,201.49591610324504,71.50167857059742,6.4248609654369115,,41.62000855081715,41.39157037995756,0.5334606519900262,40.85810972796753,0.0,42.26367974392858,28.193860908594758,35.69439479689392,23.90049806750264,11582.399999999969,1362.7617981154206,2062.9668968756614,1392.9019688647456,122.86327417298762
368,720,83.53345668204078,314.72970577763994,217.05264201884307,104.75100456583073,6.674702706841641,-0.17290346324443817,42.50870692310855,41.992404964985326,0.5320239656139165,41.46038099937141,0.24785944493487477,42.263390104325055,29.536664425430793,31.157954399125416,21.75903135393429,11582.399999999969,1323.6098131657723,2021.1893478741965,1367.927262028985,178.69206112444064
369,720,81.03904224857462,300.51649072682267,214.5671814664313,93.2164877650425,6.843025482939421,,40.81089053978212,40.55271110101603,0.5329275932163,40.01978350779973,0.0,42.26374899642721,29.401332949623423,34.43079836605337,19.336244432185836,11582.399999999969,1374.3017113598319,2101.9076752882775,1296.9197578901462,50.35380389108582
370,720,67.02095232296811,219.0934566704074,169.15426000307158,55.268666279387034,4.920228446497708,-0.018210019916296005,40.08612049999647,39.60278548602946,0.5318444657605141,39.07094102026895,0.24994337186217308,42.26376640351415,22.88579232078649,39.3866191832746,23.96843246391139,11582.399999999969,1229.4090441026458,1792.9684429489812,1346.7376655362143,122.58154331573816
371,720,86.88221019743642,306.7863504592648,204.2286747482083,109.79857211143892,6.795514045709068,,40.634077199036255,40.35945112304762,0.5332965510897338,39.826154571957886,0.0,42.263841303627984,28.28767810267545,31.98292414171696,14.327899297603713,11582.399999999969,1403.885442939456,2114.5887417616086,1329.3314669738588,86.87892050193679
372,720,73.69776642951157,264.4848171405178,200.3191563309804,70.56397283339825,5.9939269960792165,-0.030268777161836624,42.67225948907435,42.14853598503396,0.5315897571854293,41.61694622784853,0.2503670130390674,42.263841665630444,27.471565198547317,38.41578001281245,22.048590388062753,11582.399999999969,1258.354094109909,1909.1314415973789,1292.7412280882168,39.83241464145203
373,720,76.74942786452218,284.05739102487263,198.09737021322658,92.58937992658838,6.180056907476283,,40.35619979491457,40.10048353695311,0.532100370619446,39.56838316633366,0.0,42.263727543994634,27.567742816790425,30.454737901227986,11.409457811308073,11582.399999999969,1331.1711237684997,1983.809599162825,1375.489845889527,278.97920060162244
374,720,79.66003333488486,292.86906472323784,213.76337397988164,85.94190310451457,6.391816282900945,-0.04582037031650543,41.33180239191279,40.83087717904709,0.5314308942761272,40.299446284770966,0.24896656698547304,42.263630090710386,29.062477475666128,36.689081782627575,29.33892998829756,11582.399999999969,1313.5988308223925,1996.8159621370125,1419.85741202828,153.46960612388588
375,720,76.14065176257344,273.38009531000534,207.5947739957329,72.79489791552967,6.586201102888497,,44.817031245911494,44.58277303585783,0.5330297304317355,44.04974330542609,0.0,42.263600636703515,28.88030429133369,39.743202804808604,31.02752628376483,11582.399999999969,1337.7491650560246,2049.501205635204,1350.1799081651102,159.2967862762467
376,720,69.11550729673598,260.4039875465475,192.21091912927858,74.89832160287473,6.293744665218541,0.053052742034196854,39.85546561004594,39.307685003150254,0.5316556771285832,38.77602932602167,0.24628232792019844,42.263836562607025,26.676703658297956,31.66634649529862,24.2039146315192,11582.399999999969,1342.1950053480487,2054.273963764685,1352.8278564403158,128.29356606778592
377,720,64.09309238457301,208.41658807336125,157.72372636591507,57.307787246862404,6.107082250203209,,44.100954845082015,43.87839948292822,0.5335455753374845,43.34485390759073,0.0,42.263812124746124,22.935356688434457,35.43919876114181,16.619842370226127,11582.399999999969,1531.3558777085243,2275.9118474726,1330.1576221158064,98.63231883705835
378,720,75.07800774720086,267.47492410989304,187.69053450449374,86.43872772884272,6.218213000558278,-0.014583257958292961,39.99165825708769,39.48215718893334,0.5320484642870724,38.95010872464627,0.24541113898158073,42.26245631953071,26.72590375284318,31.858643882779493,12.851730338787245,11582.399999999969,1393.7874570983447,2064.1345420844755,1361.2364621301692,127.57600048726967
379,720,84.60103719711942,302.3489294896932,208.59640686611226,100.05897240161448,5.845230061069483,,42.693882127990946,42.439023605082184,0.5350146177224815,41.9040089873597,0.0,42.26338997769412,28.685630280020874,34.57155099631218,14.111250747862242,11582.399999999969,1231.8780106703775,1862.3339536336077,1357.1630856035276,113.75678795057294
380,720,88.77418243980492,309.6500085020586,219.41760402504656,97.66976687545451,7.0085769249942995,0.04445069655776024,37.85865203617141,37.357963224174455,0.5316681819967926,36.82629504217766,0.2504773479886353,42.26359138426133,29.38902371199903,39.93929900207766,28.376769229531735,11582.399999999969,1366.6638995935689,2097.872450786066,1310.4350472474691,162.0047401058005
381,720,82.11357943907859,338.48291098176793,249.18118523089245,97.37353289972489,7.635282901464551,,37.3546195270028,37.08689760603011,0.533009598730132,36.553888007299975,0.0,42.26359216780533,33.21559102253194,33.426812989216145,32.593916817875865,11582.399999999969,1314.7089744212815,2070.382079921311,1357.0452944285955,3.2936340265198836
382,720,70.31999247503627,275.7539562549462,208.140661925169,75.2597702571939,7.147428610874408,0.11053574830293655,43.85920652910136,43.3506556879729,0.5329455875325948,42.81771010044031,0.24935815203934908,42.26368204003353,29.51071985987686,32.69010734643932,19.479465572284578,11582.399999999969,1445.8035160803042,2209.5477238236126,1358.5104928775509,135.87264494202893
383,720,73.91342062802904,261.8191256494357,199.1425372587553,69.14058529078731,6.006047734653384,,43.475515459897,43.225286514963955,0.5318697541952133,42.69341676076874,0.0,42.26380840184443,27.304480362867984,39.34312798263539,24.925024180430498,11582.399999999969,1272.5090115379357,1923.0656348816112,1392.1484511436129,154.83843124678066
384,720,81.7652421693431,308.238433086689,226.93473253935448,89.22800029673947,7.4658652805512995,0.08675527572631836,43.03093178803101,42.52709281514399,0.538790178950876,41.98830263619311,0.24732311395928264,42.263775474877775,31.80235878294393,37.15124202097336,24.486853778515574,11582.399999999969,1370.568788577331,2133.2529315394936,1335.124767332506,136.17315993275776
385,720,82.84086300878964,285.66707107355285,206.71504647323482,86.25370707059587,6.8347686458431065,,39.63424664712511,39.38838175707497,0.5393922189250588,38.84898953814991,0.0,42.26361517159748,28.81196057806216,39.71400947349171,27.18736734811075,11582.399999999969,1390.69105889943,2123.748437993816,1388.2188859850967,173.9124336269585
386,720,84.6332306722018,318.27963374787805,226.12171396617038,100.02562506667046,7.369668263223629,0.0026122371200472116,36.10861277091317,35.60654274187982,0.5379212042316794,35.06862153764814,0.24732107506133616,42.26348396571588,30.633808930566353,34.620418138866576,28.403903298343984,11582.399999999969,1397.1642112235268,2143.3069483532577,1387.9316167531588,110.33279545464447
387,720,88.11800869718165,343.18176299976443,236.61163087646653,114.57372651700436,7.573709099152116,,37.19798132102005,36.959893877850845,0.5390458265319467,36.4208480513189,0.0,42.263827569106674,32.050296467262896,30.831145438679474,18.03590264362553,11582.399999999969,1378.5892840209024,2124.1827964275762,1293.1986275767206,113.34914630340208
388,720,63.210929219314274,244.71106214475395,204.0048687909813,46.84811156156708,5.656935327761284,0.015888415277004242,41.49971937481314,40.978409248171374,0.5382124041207135,40.44019684405066,0.24951421306468546,42.263448302026454,27.746253339473135,39.78687343853073,34.75086703545255,11582.399999999969,1187.51071218804,1793.3408989620293,1408.9248677581638,92.8834059688323
389,720,79.68738352642785,262.60854003489294,183.23783365614273,86.33695352020261,6.477900815350103,,43.70920032495633,43.46757149300538,0.5390537634957582,42.92851772950962,0.0,42.263191984084685,26.230794987556934,36.518906766326545,18.11457364937742,11582.399999999969,1431.152454782196,2143.4322718118765,1340.4520091453278,226.8427472053422
390,720,78.74456723853926,279.1270407259291,189.00766515397078,97.42390694826312,6.784371079552473,-0.046455271542072296,43.657293712953106,43.130866825114936,0.5375776020810008,42.593289223033935,0.25058164703659713,42.26085912559098,26.863872050946743,30.032613764407706,17.52473659050487,11582.399999999969,1490.0064825863428,2241.6002427962426,1385.7273308528465,180.5729485801246
391,720,73.52769484766604,257.28658149356335,181.45727220598337,82.86460043693701,6.542900136875262,,45.05208176700398,44.803480806062,0.5390293644741178,44.26445144158788,0.0,42.26317753043954,25.604356035036083,32.095394629197536,19.900960786438134,11582.399999999969,1456.7353879256616,2192.3179674639014,1367.3804671894231,207.94045131240807
392,720,73.55132346892054,281.035349797198,209.50762520765562,78.84128100908714,6.868077707208066,-0.047401029616594315,38.366588487057015,37.87698543607257,0.5369978551752865,37.33998758089729,0.2491906089708209,42.26374281765476,28.91492279643486,34.13068296437697,28.06996581387633,11582.399999999969,1380.5134647557365,2124.75281369012,1325.7053180879618,168.77791355783978
393,720,82.11916331670885,297.5576277503645,214.72707429863993,90.31066674849987,7.015119146347118,,43.43906405288726,43.158322114963084,0.5406409029383212,42.61768121202476,0.0,42.26194087606172,29.774105457340582,36.963829942458915,21.46931449623579,11582.399999999969,1386.7383595143854,2132.042805307697,1350.4023146633135,248.4396383472984
394,720,87.91836123147444,312.8540055854992,210.4318073125793,109.51524272177764,6.644927565241861,0.13002437353134155,38.33776426897384,37.85626693582162,0.537976537598297,37.318290398223326,0.2480629759375006,42.138029839063115,28.36722378214534,33.160739870585616,19.607599145041416,11582.399999999969,1367.5568921840143,2048.525839771661,1375.4539539191783,151.51773674273687
395,720,59.892042165183156,238.00987482825698,193.22508092416953,50.19644820505265,5.003105882741444,,41.74869746807963,41.483682058984414,0.5406247898936272,40.94305726909079,0.0,42.263492239191834,26.310268699116158,34.79381806265683,27.45192479138262,11582.399999999969,1086.9664183065913,1627.7072061770293,1365.019643072419,88.04907314488563
396,720,76.56336186648075,268.3247765416962,182.95115191616938,92.80381629833207,6.888331186763125,0.0965556651353836,41.725108731072396,41.21599950711243,0.5379970956128091,40.67800241149962,0.25234290305525064,42.26299268982612,26.23758165344754,30.161453717314714,17.473550638753714,11582.399999999969,1537.3984265977244,2298.018762855222,1379.9866601127615,90.74275172906354
397,720,75.46400448791879,274.1856426270022,209.32048940607842,72.08588613975027,6.755710793547461,,39.368932970101014,39.12560968613252,0.539894103538245,38.585715582594275,0.0,42.26368768107484,28.571089876705983,39.42106141804365,32.23956911598015,11582.399999999969,1369.7781481548745,2102.971712917027,1372.2350782777364,160.08671729937882
398,720,83.34035565914394,291.3313336107745,200.47677261070842,98.16014005829282,6.797942023780461,-0.19594742357730865,40.106645150110126,39.572819150052965,0.5386921931058168,39.03412695694715,0.25057368096895516,42.263834729319335,27.86039625662048,34.260285629997526,24.170820608161396,11582.399999999969,1427.1783826044962,2162.0816433256086,1410.090785758097,158.43002496788299
399,720,73.2517907563631,270.17955500174565,207.61080032471844,69.59503176653932,6.581070393825604,,37.44786135596223,37.20595273305662,0.5395219984930009,36.66643073456362,0.0,42.24105934310353,28.44857216588997,38.454274873093446,31.37699981418675,11582.399999999969,1333.7074733982647,2055.25282267727,1372.3673024136046,159.01078073211573
400,720,82.28964658395074,302.9254590190017,221.98924382033553,88.94541898174522,7.481400684756813,0.13454490900039673,42.9766417730134,42.46713970112614,0.5382992171216756,41.92884048400447,0.2472947770729661,42.263731830266586,30.83595522436169,37.81693709307813,23.257301378009128,11582.399999999969,1452.1176048674706,2220.211308302951,1370.9323271898961,135.82548414685934
401,720,83.90422971733544,292.94638201177537,206.24085227433144,94.48187781733023,7.217080031610538,,38.43737297388725,38.16925485711545,0.5390786700882018,37.630176187027246,0.0,42.26356598948862,28.53920515501422,36.663290808670325,26.75002985772904,11582.399999999969,1466.7906456002513,2230.125495432302,1424.8901720905417,127.03695921845282
402,720,74.96834955915857,282.8769093433505,211.24336616074325,79.04242539205028,6.919157321306589,-0.0030235922895371914,42.249597997870296,41.754187277983874,0.5389197235926986,41.215267554391176,0.2477734729181975,42.26385552623083,29.664542015395853,35.44713686313343,25.48437608901657,11582.399999999969,1372.093804814701,2108.093747810071,1384.0093802040872,184.36005971356428
403,720,58.18495934559337,203.36667974954483,171.76727589978222,36.969401986347094,4.900590011098637,,40.882673993939534,40.643282626988366,0.539097873494029,40.10418475349434,0.0,42.26301361804033,23.775264001525198,39.70025835241982,28.046107398792476,11582.399999999969,1184.4252958521968,1791.382591463309,1351.849055774967,46.56589225200835
404,720,78.48726975552327,291.38257997830374,207.7404636365825,91.63425842518033,7.4062504514183365,0.014316301792860031,44.232459084829316,43.706460861023515,0.5370083814486861,43.16945247957483,0.24618525197729468,42.263503059558204,29.6184835895106,32.670140542933105,24.63874054714016,11582.399999999969,1501.8147096770472,2277.6496936824083,1457.8276349675389,177.56109151825413
405,720,67.16216732452168,225.39022614722325,175.42572668273746,55.63338379097665,5.219593935535468,,39.2931291568093,39.036237767897546,0.5391625503543764,38.49707521754317,0.0,42.260043512741085,23.68542236674937,39.34547542903335,30.96324690038259,11582.399999999969,1195.7832423467269,1799.3515891784557,1378.1967305931557,30.544823394791308
406,720,70.71783205457723,254.9701720590086,189.14767835281856,71.23963282688894,4.95243679761406,0.02530118077993393,40.988713684957474,40.483101224992424,0.5406842443626374,39.94241698062979,0.24901527306064963,42.26343605519845,25.81109685020065,35.09801564113276,28.43108230999352,11582.399999999969,1094.7837712109279,1656.620789579187,1422.5366625354916,70.13165229580933
407,720,82.29916040404365,323.6783573531442,233.1346145965178,98.06920134571804,7.043725315293155,,46.35153974010609,46.078965101158246,0.5406723846681416,45.538292716490105,0.0,42.26342266312879,31.305647852909082,33.264559731184626,29.96526000692038,11582.399999999969,1315.3573265685657,2031.3792756390226,1462.125995480647,106.87162876010325
408,720,83.34835583814734,299.0705504342764,216.1206933837273,90.33076761050748,6.896619335524607,-0.028688108548521996,43.76427262299694,43.2544121008832,0.5381618591491133,42.71625024173409,0.24693986284546554,42.26345857441598,30.098249085704158,38.1829720328936,27.251288410160356,11582.399999999969,1353.0957082744644,2076.007619274429,1393.6744088776766,143.19958019172705
409,720,70.03608831768726,236.9594234744798,176.64043861202646,67.02726204748801,6.219934134505975,,42.46070015593432,42.20873201498762,0.5387726428452879,41.66995937214233,0.0,42.24598631678076,24.99027925168884,36.522457293943255,25.337611092331375,11582.399999999969,1404.6553809253917,2133.4159100408842,1427.3514897872767,157.98126218487664
410,720,73.46687715689797,240.2118938088188,172.94868865510043,72.26679867717759,4.576465902839421,0.22707663476467133,38.37707196595147,37.879437912022695,0.5359689611941576,37.34346895082854,0.25031510810367763,42.23386121995803,23.24474778622272,37.33347781830917,26.8044557127251,11582.399999999969,1047.9697712303848,1576.060636824381,1388.167074356451,41.20605978734629
411,720,82.95424343698564,334.1117364601293,241.72967148693914,100.4042269730374,7.543084380857203,,40.8538505830802,40.624755064956844,0.5393056308384985,40.085449434118345,0.0,42.26366326879626,32.8506655847776,32.75212995046694,28.547852251951632,11582.399999999969,1347.1770814346837,2097.6268599155305,1396.0598192124726,103.66284763324309
412,720,62.65727208458394,220.237536742717,170.3200490008385,55.96930344450189,5.596299445011273,-0.0051808785647153854,41.003469817806035,40.51938272896223,0.5380458261352032,39.981336902827024,0.2488453071564436,42.252958173793,24.093184994292024,34.67262036233299,28.461222113630292,11582.399999999969,1294.668532253477,1952.735915548993,1403.8770337609167,76.00495561795759
413,720,56.88886440523599,255.38308019919947,207.3393098060153,53.67756274000578,5.245034058263432,,41.043513471027836,40.793111151084304,0.5396860833279788,40.253425067756325,0.0,42.263422832250185,27.84025377511266,30.0500830352331,24.250204763846305,11582.399999999969,1085.9572368873405,1629.3328459910254,1360.3456873209618,175.2704802301116
414,720,82.34043582525432,285.1131581879252,194.2766468707383,96.03239874469696,4.786275916018209,-0.1882239282131195,35.87118970393203,35.37253814795986,0.538393277907744,34.834144870052114,0.24902145005762577,42.263645863238786,25.276403419328243,34.324236452905836,27.31376398785219,11582.399999999969,1056.2545366985107,1589.9059870092437,1373.7641746234706,34.38769858467255
415,720,74.74882229337186,263.943032817486,200.3055882770314,70.74077289523197,6.640065367189424,,39.90539429499768,39.65324168209918,0.5401078904978931,39.113133791601285,0.0,42.26372647025911,28.04106511882567,39.378435845755874,28.57366269165232,11582.399999999969,1344.118609004149,2061.5481635003725,1365.8834779570548,84.38851733801673
416,720,83.57340596653259,305.3351262442027,222.5794494880942,90.50114250049305,7.2544140314179835,0.16552703082561493,38.569868105929345,38.08126958203502,0.537601012038067,37.54366856999695,0.2479970280546695,42.26349389405016,30.7060463996766,38.32283471628607,32.79185373321855,11582.399999999969,1380.1361494484802,2136.234957093578,1411.4376133885785,104.18601588032975
417,720,81.37976680826408,307.5359180112976,213.56472546933685,101.39180388421053,6.956276520085776,,43.6936976891011,43.44240198703483,0.5398694868199527,42.902532500214875,0.0,42.2637745997099,29.857410555670832,30.683864866158817,18.0157127184388,11582.399999999969,1401.080745400926,2126.8861591670784,1367.292918980831,145.2838470820855
418,720,77.96154783436651,282.07361540458555,198.03165445300863,91.19401609067984,6.620448895359976,0.05691530555486679,42.278647823026404,41.784137999871746,0.5376287223771214,41.246509277494624,0.2503088971134275,42.26351260419485,27.9458348974625,32.364539789026594,19.586094968101783,11582.399999999969,1417.3727867180637,2122.4091566229313,1416.5445910790033,106.72210928878908
419,720,80.16920456312995,299.83378668619747,220.79689604298574,86.61962596366473,7.083932533192099,,43.331197938881814,43.06441790796816,0.5385827110148966,42.52583519695327,0.0,42.26375218141439,30.330589562628997,36.85939158129759,31.081679357835263,11582.399999999969,1335.0762763993403,2076.203390903293,1427.538912560763,86.02993099958765
420,720,84.44818898840421,291.1544070556028,203.60870368375726,94.86320073313553,6.799028812589971,0.014285746961832047,40.470118674915284,39.96951510384679,0.5374496481381357,39.43206545570865,0.24913961393758655,42.26355905950216,28.67120356809007,37.01658862183644,13.99734654269692,11582.399999999969,1463.8052184769438,2172.30628640806,1451.2488600143809,29.410085986015158
421,720,84.97218305805877,303.8342087884393,217.91410892285862,92.6658813085878,6.296150783451622,,38.045902407029644,37.80143888108432,0.5392730224411935,37.26216585864313,0.0,42.26391071349303,29.260092026646365,38.639242403764875,33.629701164046146,11582.399999999969,1236.5937970073207,1894.4899845753534,1443.5032547350604,122.29874225703173
422,720,74.45911725463849,284.11988113240307,218.45534457462134,73.74752539221822,7.511167590456988,-0.09929844737052917,44.23903511301614,43.73354437504895,0.5384481481742114,43.19509622687474,0.2503188350237906,42.26376655228556,30.809646584805417,37.585354558529374,33.17708552173421,11582.399999999969,1429.1496028790652,2216.5736784006117,1460.2264477875165,148.4330544754358
423,720,85.23582543670636,340.4808131009823,254.888032795468,93.1220276619607,7.116804482166139,,41.73530605691485,41.45184098393656,0.538988720625639,40.912852263310924,0.0,42.263828390627914,33.366220331138834,38.67481160572601,35.390508771992586,11582.399999999969,1221.3420135438757,1930.390806922395,1366.087189728453,82.36779203247515
424,720,82.70358655375215,303.1314318144558,215.65862612636937,94.79998692313333,6.864677886527484,0.0697905495762825,39.66819910216145,39.16537538007833,0.537900326307863,38.62747505377047,0.2479830498341471,42.26325784243108,29.51915465908823,35.30359309218548,21.622391523696265,11582.399999999969,1370.4804946119893,2093.958177887302,1374.626899862335,95.53886470520467
425,720,82.42287875691208,307.84086267937914,210.4643911934441,104.63250653989198,6.7879815198315745,,41.74778270209208,41.511123379925266,0.5402118645142764,40.97091151541099,0.0,42.263507516642406,28.747049752320688,30.10662548696609,16.598784613889254,11582.399999999969,1385.8877131814256,2096.651840566347,1419.0640733550101,27.211870132117326
426,720,83.93102838284669,303.0449720361123,209.95771983323178,100.72493917295746,7.082734780641707,0.07671898603439331,41.56071415892802,41.11415659892373,0.538431080058217,40.57572551886551,0.15589917195029557,42.26365290120292,29.636614184039544,33.56855879636796,19.24600484611242,11582.399999999969,1434.0648500065154,2182.051931241551,1453.7970660720187,113.29938151474991
427,720,85.65483745630335,324.15179509747804,230.7393621889844,101.28375269154455,7.401002377879838,,33.95696337101981,33.70501470193267,0.5389109898824245,33.166103712050244,0.0,42.26357217275753,31.028316757506275,35.01296111053108,30.36644691382414,11582.399999999969,1362.6436401631297,2110.6267499377877,1354.42505933054,96.91154234276209
428,720,82.16822645418935,315.65651206024467,231.38560457861524,91.63051233758932,6.936429453576264,0.057867154479026794,36.612258658977225,36.08387104002759,0.5385270721744746,35.545343967853114,0.24967578402720392,42.26360742659759,31.168542551905905,36.35297028539469,31.459112768141768,11582.399999999969,1293.9079920873642,2005.4517530021349,1367.5278826815086,108.6995894027064
429,720,82.01403749961757,321.513754696861,225.99944981827022,103.87089647588832,7.764891408101966,,40.46903568599373,40.20522446278483,0.5405188964214176,39.66470556636341,0.0,42.263744822518255,31.829564769644875,30.07858926167342,13.04393793068309,11582.399999999969,1471.1846899909076,2255.2131402830423,1431.5441453131948,76.5132161297408
430,720,75.6052489529346,281.35692298764195,201.56326929608048,87.74469712295371,7.3820753470534495,-0.10630448162555695,43.60245094494894,43.085841556079686,0.5381116704083979,42.54772988567129,0.24670300004072487,42.263577305270545,29.764009230249506,31.73290039145777,10.373669461367802,11582.399999999969,1519.824116821781,2296.909887406487,1403.3571832700168,139.0655696535991
431,720,80.06557957919371,261.3136737846493,187.3545130804952,81.42619433854426,6.885832083949514,,39.41383515391499,39.17396456096321,0.5395831016357988,38.634381459327415,0.0,42.26370459836114,27.122129636977483,39.35248240992158,19.66801438366167,11582.399999999969,1504.9965757514628,2250.4901484602788,1454.5509014619124,147.12844269832942
432,720,69.57940726866458,253.57386793913847,182.80396853107015,78.32073531346182,6.965241019095441,-0.033715106546878815,42.50557667994872,42.02943398593925,0.5375584994908422,41.49187548644841,0.2486611360218376,42.2635703800538,26.407884388122728,30.419039611933673,23.94725759974014,11582.399999999969,1531.946062903486,2316.309178068646,1392.133440332554,147.16891240254284
433,720,79.40642236900169,283.158046519685,200.45228899009365,90.50499708926178,7.195795155357562,,44.57942292303778,44.333323935978115,0.5390378243755549,43.79428611160256,0.0,42.26116119903956,27.774068328723708,34.1539238243708,30.303132528875466,11582.399999999969,1474.9686730832261,2267.3952389873893,1394.450849821301,179.52766229620994
434,720,71.14886959074286,275.0786325742667,208.88798611922888,73.45553167377506,6.786206431484939,0.0005548466579057276,37.31986930593848,36.81229346105829,0.5370009527541697,36.27529250830412,0.24671788816340268,42.263483552105974,29.25633609186515,34.421103753855334,28.42946494293588,11582.399999999969,1371.7027741029901,2114.356792989163,1404.8322398702935,116.23823312858225
