episode,minibatches,minibatches_possible,first_mb_kl,policy_loss,value_loss,mean_V,std_V,std_barrier,lyap_violation_rate,lyap_in_ball_rate,lyap_mean_dV,lyap_worst_slack,lyap_v_rmse,grad_norm_control,grad_norm_aux,lr_scale,certifiable_frac,cert_violation,cert_mean_dV,cert_mean_V,cert_worst_slack,cert_in_ball_rate,cert_certifiable_frac,cert_alpha_q05,cert_alpha_q25,cert_alpha_q50,cert_alpha_used,cert_alpha_next,cert_alpha_nonpos_frac,cert_nstep,cert_n_samples,v_critic_violation,v_critic_mean,v_critic_min,v_agreement,v_critic_alpha_q05,v_critic_alpha_q25,v_critic_alpha_q50,v_critic_alpha_nonpos_frac,v_critic_violation_direct,v_critic_nonpos_direct,v_bellman_delta_mean,v_bellman_delta_std,v_bellman_delta_q95,softplus_beta,lyap_penalty,dynamics_loss,barrier_loss,approx_kl,clip_fraction,mean_std,mean_raw_log_std,mean_abs_action,alpha,attn_entropy,critic_ev,critic_rmse_norm,xv_true_corr,xv_true_rank,xv_true_flat_frac,ood_v_min,ood_v_mean,ood_nonneg_frac,ood_monotone_frac,ood_slope_corr,ood_range
8,32,32,0.0,-0.00728069432079792,0.03098810628580395,,,,,,,,,8.118926167488098,0.0,0.22010806781340528,,0.38867293018847704,-0.19665116537362337,0.2978739715181291,0.5002396600320935,0.22281212359666824,0.7914062514901161,-0.0004177008913757163,0.006237383000552654,0.01798162702471018,0.010000000000000009,0.009500000000000008,0.06293870543595403,150.0,88.625,0.9935832787305117,1.213356114923954,0.8034598920494318,0.7752530602738261,-0.006874183512991294,-0.0023250741378433304,0.0003039399431692402,0.46724135987460613,0.9144726805388927,0.46698325779289007,-0.0005158729918548488,0.011579896905459464,0.02263167896308005,0.10000000149011612,,,,0.004463011275220197,0.05098219669889659,0.10544226714409888,0.0002332944910108381,0.010969414099236019,0.9026289515247966,nan,0.0007598400115966797,1.0442876815795898,0.15978746116161346,0.16655147075653076,0.107421875,0.7907094359397888,1.1060794591903687,1.0,0.3858506977558136,0.0372038260102272,0.029628418385982513
19,24,24,0.0,-0.0023163697915151715,0.046995287373041116,,,,,,,,,7.499501824378967,0.0,0.31348627163365195,,0.8097718134522438,-0.05992982544315358,0.3934812893470128,0.5478787583609422,0.0,0.7313597649335861,-0.015623185589599112,-0.0011732590695222218,0.000855959951877594,0.009500000000000008,0.009025000000000007,0.4211785892645518,150.0,89.83333333333333,0.9954115102688471,1.6255678882201512,0.9556502550840378,0.6335049370924631,-0.004347322469887634,-0.0005935581410388598,0.00096136534496812,0.3337341907123725,0.9206266726056734,0.5218658211330572,-0.0023228872672310294,0.012479880126193166,0.024659577757120132,0.10000000149011612,,,,0.0034097959942300804,0.04022680455818772,0.1055341192210714,0.0007308525952491133,0.010594361655724546,0.8334945756039537,nan,0.4907919764518738,0.9843351244926453,0.4231024384498596,0.4141547977924347,0.0,0.8164354562759399,1.3218573331832886,1.0,0.9583333134651184,0.04477434605360031,0.03753972053527832
28,24,24,0.0,-0.002374942870422577,0.060221656186816595,,,,,,,,,8.86716745297114,0.0,0.4047992086830406,,0.07841027450437348,-0.22938753726581732,0.2519455843915542,0.053135536378249526,0.27314044038454693,0.8250245427091917,0.008945059167065969,0.020630676299333572,0.03649746626615524,0.009025000000000007,0.008954374941525326,0.0,150.0,38.5,0.9922579601407051,1.558799187342326,0.8472271536787351,0.7589116034408411,-0.007086835762796302,-0.0023095236125906617,4.0637236149147306e-05,0.5254328101873398,0.9069369832674662,0.4967872090637684,0.00018899585120379925,0.013575447024777532,0.0276302940522631,0.10000000149011612,,,,0.0036860997400557003,0.03850395566162964,0.1056392810617884,0.0012999856165455033,0.011351448212129375,0.7709692152321338,nan,0.47798776626586914,0.7373632788658142,0.3996138572692871,0.4953795075416565,0.212890625,0.910347580909729,1.4865492582321167,1.0,0.9079861044883728,0.02506791055202484,0.016044192016124725
32,28,28,0.0,-0.01054122728029532,0.020407330236464207,,,,,,,,,6.712161796433585,0.0,0.5095431797531732,,0.3496919854411057,-0.2271321713924408,0.34666696935892105,0.3949269652366638,0.24846540178571427,0.9403986866985049,0.0018473943470910723,0.005696204624005726,0.019240785922322954,0.008954374941525322,0.008319063334299702,0.007449917595035264,150.0,107.57142857142857,0.998860593352999,1.3350219471114022,0.6849959024361202,0.5873894563743046,-0.006927987760198968,-0.003687927025436823,-0.0006645108392149268,0.5950360638754708,0.9028308753456388,0.4235954231449536,0.0019869420305310215,0.012027825860838805,0.02366144522758467,0.10000000149011612,,,,0.0035533100911249805,0.03893849227045264,0.10577275045216084,0.0020214661781210452,0.011649087670126132,0.7049334974921208,nan,0.8559208512306213,0.4169321060180664,0.49967408180236816,0.5442957878112793,0.2060546875,0.8247836828231812,1.442563533782959,1.0,1.0,0.019835246726870537,0.01891276240348816
38,32,32,0.0,-2.675448195077479e-05,0.012849195682065329,,,,,,,,,6.424660034477711,0.0,0.6238335677810164,,0.588031112216413,-0.15504729561507702,0.39477978087961674,0.6041416730731726,0.09552556462585926,0.8872625213116407,-0.009824136068345979,-0.0016312450170516968,0.0058392807841300964,0.008319063334299708,0.007903110167584717,0.3594321357086301,150.0,118.75,0.9773934707045555,1.5269520431756973,0.672115083783865,0.6104698469862342,-0.005456215571030043,-0.0026945550853270106,-0.0008094383390471194,0.6280718743801117,0.8774870745837688,0.5022851172834635,0.0010711807303778187,0.012893871346022934,0.025024028669577092,0.10000000149011612,,,,0.004457482158613857,0.04939408763311803,0.10596257378347218,0.0030459995759883896,0.010654294906998985,0.6392167521559233,nan,0.8473144173622131,0.3907504975795746,0.5946266651153564,0.5994724631309509,0.048828125,0.7021051645278931,1.500051498413086,1.0,0.9704861044883728,0.01414221990853548,0.01896185800433159
44,32,32,0.0,-0.015121451782761142,0.01387020421680063,,,,,,,,,6.51860973238945,0.0,0.7380135970814115,,0.4435556083917618,-0.13472088612616062,0.25543545465916395,0.49612049479037523,0.11891771107912064,0.8768310565501451,-0.01361354118125746,0.004681329242885113,0.00840483233332634,0.007903110167584717,0.00750795465920548,0.160783804487437,150.0,111.625,0.9995013289153576,1.400366012006998,0.6634649392217398,0.7020231783390045,-0.006072214629966766,-0.003334976405312773,-0.0011938040543100215,0.6738451709970832,0.8692377265542746,0.4750455804169178,0.0016567380738479187,0.013894973875721917,0.025954663346055895,0.10000000149011612,,,,0.004742168463508278,0.05353048600954935,0.1061973397154361,0.004310620664909948,0.011163861374370754,0.5795646014614276,nan,0.8409454226493835,0.4083116054534912,0.6037210822105408,0.5680003762245178,0.0830078125,0.6249740719795227,1.4450279474258423,1.0,0.9626736044883728,0.016362546011805534,0.021289363503456116
47,28,28,0.0,-0.0017920758109539747,0.026229770721069405,,,,,,,,,8.723603878702436,0.0,0.8354465045849154,,0.4076553274478231,-0.21843817883304187,0.36330998688936234,0.3884476444550923,0.19718811980315618,0.9418402782508305,-0.0090199225627917,0.004992793713297162,0.010388465864317757,0.00750795465920548,0.0070053312714715875,0.07948084055845227,150.0,125.57142857142857,0.9803276530333928,1.2898845842906408,0.6909230777195522,0.4744440902556692,-0.007772839179129473,-0.003605821045182113,-0.00016449522653212107,0.5032108181289264,0.8210574260779789,0.4840890169143677,0.0014049667037657595,0.01638840584616576,0.02980889067319887,0.10000000149011612,,,,0.00809369159729353,0.10832093263577137,0.10643332424972739,0.005579077721839505,0.012289867836183735,0.5329825164083742,nan,0.7760975360870361,0.4905850291252136,0.4248104691505432,0.4302551746368408,0.111328125,0.7403640747070312,1.331723690032959,1.0,0.7864583134651184,0.024837955832481384,0.016912970691919327
50,28,28,0.0,0.054518612168197124,0.038384414510801435,,,,,,,,,19.909327064241683,0.0,0.930728210591158,,0.3767350763082504,-0.23746770726782934,0.4196826045268348,0.5164686207509865,0.3260602674313954,0.9159319209200996,0.0009429398757804717,0.006798182747193745,0.01637063388313566,0.007005331271471591,0.0068732368840333565,0.10014141404203006,150.0,106.71428571428571,0.7849704527429172,1.1389647466795785,0.6875605881214142,0.3836647208247866,-0.0064808649102425465,-0.002819629141803099,0.0016420721260926388,0.39111408804144177,0.8284725780997958,0.40816531968968256,-0.00027773672107806694,0.013058142038062215,0.021976724466575042,0.10000000149011612,,,,0.00900044574934457,0.12123325999294009,0.10664233166192259,0.0067001567554793185,0.012187603445324515,0.490954976626904,nan,0.8092541694641113,0.4412623345851898,0.24072226881980896,0.2883606553077698,0.2353515625,0.6659600138664246,1.2235708236694336,1.0,0.9396701455116272,0.019663013517856598,0.01212054118514061
57,32,32,0.0,-0.00427560112439096,0.03806455171434209,,,,,,,,,6.453502394258976,0.0,0.9951062505103325,,0.18481393018737435,-0.24555136309936643,0.303753518499434,0.21016125101596117,0.31272486969828606,0.9026381149888039,-0.005580539866059553,0.010710148140788078,0.027994037605822086,0.006873236884033353,0.006529575039831688,0.0545261955994647,150.0,74.375,0.9855987727642059,1.2863784432411194,0.5184189826250076,0.7301438990980387,-0.007232490344904363,-0.0035278580980957486,-0.0005219729929990535,0.5736229233443737,0.8035844415426254,0.4627673588693142,0.002157269563213049,0.02062566886888817,0.03734306473052129,0.10000000149011612,,,,0.009550656055580475,0.1311502403113991,0.1068705020006746,0.007921486685518175,0.015560462488792837,0.4412881061206532,nan,0.5867412090301514,0.6441977620124817,0.4975567162036896,0.5793853998184204,0.2392578125,0.624508261680603,1.3094141483306885,1.0,0.7400173544883728,0.007046257145702839,0.012030737474560738
63,32,32,0.0,-0.010213970264885575,0.03411257843254134,,,,,,,,,11.43336372077465,0.0,0.9938974544125115,,0.2857843123136028,-0.1979694962501526,0.34155400818394077,0.4278340815536438,0.2091064453125,0.8546142578125,0.001231178577830677,0.007358755315503766,0.019125391398706743,0.006529575039831683,0.006529575039831688,0.06777048447439747,150.0,99.25,0.900480285767586,1.274730358272791,0.5555673372000456,0.6076918318867683,-0.006455877882188126,-0.0022464796427577255,0.0004062376692966228,0.4364127036063902,0.7641534305387928,0.47888857030099435,0.000237797950772332,0.021189116001609835,0.04145962301821959,0.10000000149011612,,,,0.005781330546597019,0.0677490234375,0.10712850745767355,0.009299505181843415,0.015825735637918115,0.40100348609839276,nan,0.7481728792190552,0.5070463418960571,0.5079090595245361,0.5444537401199341,0.1572265625,0.5226075649261475,1.2176055908203125,1.0,0.6401909589767456,0.0035919162910431623,0.00880406517535448
66,24,24,0.0,-0.0026940930789957442,0.015532529175591966,,,,,,,,,5.741564691066742,0.0,0.9927635548356596,,0.237184539437294,-0.18412922322750092,0.2578852853427331,0.2419000087926785,0.26010286062955856,0.9490625088413557,0.0006858372367635942,0.00697165975968043,0.01119555781284968,0.006529575039831686,0.004928287287630151,0.03864737584566077,150.0,125.5,0.9869360104203224,1.0351193795601528,0.49495066702365875,0.6561008791128794,-0.005866549540466319,-0.0031698429763006666,-0.0005885413157405613,0.5798606450359026,0.7676162645220757,0.47627673546473187,0.0012758360189764062,0.019285404162170987,0.034198203512157,0.10000000149011612,,,,0.004702146742298889,0.05534114642068744,0.10733560907344024,0.010403242350245515,0.014926623126181463,0.36959959059550673,nan,0.7827133536338806,0.4764776825904846,0.6072349548339844,0.618520975112915,0.1162109375,0.525780439376831,1.098067045211792,1.0,0.6883680820465088,0.01001796592026949,0.010850697755813599
70,28,28,0.0,0.0007714171245295022,0.025525917931060706,,,,,,,,,6.164315002305167,0.0,0.991378236171414,,0.1675194733377014,-0.2655649169215134,0.3715059884956905,0.24121707198875292,0.352542159812791,0.9206318259239197,0.0013133018531204601,0.008288500032254629,0.024941479521138326,0.004928287287630148,0.004699488951777762,0.011379571498504706,150.0,91.57142857142857,0.8073361260550362,1.0275121969836098,0.45941027998924255,0.636879777269704,-0.007301338249817491,-0.0022225430813185604,0.0014053798555063882,0.36306087246962954,0.6806296365601676,0.4300217553973198,-0.0003497782755792806,0.022460398330752338,0.04468617468540158,0.10000000149011612,,,,0.010567405244468578,0.1321118553834302,0.10753773392311164,0.011478418550853218,0.01998406821595771,0.3372944997793136,nan,0.6948978900909424,0.5578382015228271,0.513370156288147,0.5876025557518005,0.2119140625,0.46368658542633057,1.0090149641036987,1.0,0.5872395634651184,0.00164105836302042,0.008147696033120155
77,32,36,0.0,-0.008493283210555092,0.022980420719250105,,,,,,,,,5.411739259958267,0.0,0.9895674516823982,,0.40561618003994226,-0.17213178845122457,0.3142812941223383,0.5539824813604355,0.076171875,0.892578125,-0.011335577786667272,0.0005065868608653545,0.009725542739033699,0.004699488951777761,0.004464514504188873,0.22940890723839402,150.0,124.03125,0.8354813009500504,1.245765320956707,0.445690443739295,0.6813265141099691,-0.0053436270682141185,-0.0017562873727001715,0.0008395007776016428,0.39939007069915533,0.7037743330001831,0.4755665911361575,-0.002071868043969971,0.03055651905015111,0.05377783766016364,0.10000000149011612,,,,0.007325288825086318,0.093017578125,0.10775961517356336,0.012656389502808452,0.017511068028397858,0.3023978532220184,nan,0.7559553980827332,0.5357241034507751,0.5514095425605774,0.5434789061546326,0.0126953125,0.4124065041542053,1.1328538656234741,1.0,0.9986979365348816,0.02158704586327076,0.017101509496569633
79,24,24,0.0,-0.010825196048244834,0.010038259817520157,,,,,,,,,5.335899541775386,0.0,0.9881933104941428,,0.4447340319554011,-0.1835267674177885,0.3595825918018818,0.49079421535134315,0.08300781001647313,0.9341796909769376,-0.0068345884792506695,0.0004423881570498149,0.007402708133061727,0.004464514504188873,0.004241288778979429,0.21023904718458652,150.0,166.16666666666666,0.7684324110547701,1.1118845492601395,0.5528168951471647,0.3726823137452205,-0.00705284623351569,-0.0029896510823164135,0.00025550612485858437,0.4790966597696145,0.6834540689984957,0.4605121041337649,-0.00013455934185913065,0.019286107271909714,0.03593931463547051,0.10000000149011612,,,,0.006130263725935947,0.0756184896454215,0.10794153995811939,0.013620503596030176,0.013923768885433674,0.28005631521485336,nan,0.8677909970283508,0.3652314245700836,0.31614455580711365,0.23520734906196594,0.037109375,0.47223740816116333,1.1616621017456055,1.0,0.8120659589767456,0.03570936247706413,0.01678825542330742
82,28,28,0.0,0.03645241233919348,0.01430425455328077,,,,,,,,,11.506165708814349,0.0,0.9866335046212918,,0.2982764829482351,-0.1986495828189488,0.29438426262432976,0.1367645533589114,0.22154017857142858,0.9393136160714286,-0.00935183763171413,0.004900317106928144,0.01683676242828369,0.0042412887789794315,0.004427136894900186,0.0950924591826541,150.0,110.57142857142857,0.8641000922237124,1.0653326788118906,0.5836531754050936,0.5441193729639053,-0.0064119512348302776,-0.00346989265069299,-0.0008196737814744535,0.5410154962113926,0.5748655923775264,0.38302884676626753,0.002113201077528564,0.018844693932416185,0.03775159262919,0.10000000149011612,,,,0.012893467285071633,0.16141183035714285,0.1080961429647037,0.014438496337139181,0.01765389148412006,0.2580141466400167,nan,0.8538933396339417,0.39566588401794434,0.4889942705631256,0.5570387840270996,0.2099609375,0.5542719960212708,1.1088753938674927,1.0,0.8203125,0.009459113702178001,0.009101578034460545
84,24,24,0.0,-0.008050942250217,0.01187771155188481,,,,,,,,,5.510126173496246,0.0,0.985087194015389,,0.3807896710932255,-0.19249922471741834,0.38342811167240143,0.5201426148414612,0.10113932192325592,0.9562500019868215,-0.00871954873825113,0.001847705493370692,0.006174441426992416,0.004427136894900184,0.004205780050155176,0.17646881813804308,150.0,160.16666666666666,0.6666975518067678,1.0152675211429596,0.6483121141791344,0.3627765371153752,-0.006436582014430314,-0.0029107589992539338,0.0009794597001852405,0.45110535869995755,0.6482862308621407,0.4436757266521454,-0.0004610461106343185,0.018608856674594183,0.03820960929927727,0.10000000149011612,,,,0.008546152831210444,0.11269531274835269,0.10826192951450746,0.015314432210288942,0.017353162169456482,0.23895173332548825,nan,0.7096551656723022,0.5398427844047546,0.20384269952774048,0.16120444238185883,0.0,0.5326526165008545,0.9888412356376648,1.0,0.7421875,0.010760734789073467,0.011019004508852959
87,28,28,0.0,-0.029131459404847453,0.012546097177879087,,,,,,,,,10.791562778609139,0.0,0.9833420215279567,,0.3232874870300293,-0.1410920630608286,0.2584655202060406,0.3623294208664447,0.11383928571428571,0.9319196428571429,-0.018028174626774023,0.0025504263384001596,0.012443015617983682,0.004205780050155177,0.004391918059091413,0.21032937935420445,150.0,136.57142857142858,0.8904021850654057,1.0926583813769477,0.6141784680741174,0.5717820503882,-0.005848617378173263,-0.0035842321522068232,-0.0014740773185621947,0.6379935975585665,0.612745005105223,0.37457988411188126,0.0020558637313245398,0.018284948941852366,0.03235860844142735,0.10000000149011612,,,,0.007351497579033354,0.0869140625,0.1084197009248393,0.01614678231999278,0.01849398755335382,0.22012128379046653,nan,0.8322225213050842,0.41194865107536316,0.5520037412643433,0.6104614734649658,0.01171875,0.5981442332267761,1.0962555408477783,1.0,0.68359375,0.014767325483262539,0.0063088322058320045
91,28,28,0.0,-0.012879960588179529,0.015442809381056577,,,,,,,,,5.384061821869442,0.0,0.9814144986901179,,0.40538268642766134,-0.14976045276437486,0.34402476463999065,0.4718859461801393,0.0905192643404007,0.9099580006940025,-0.009494155163078435,2.6373458760125296e-05,0.005834959447383881,0.0043919180590914104,0.004172322156136842,0.2431679948100022,150.0,144.71428571428572,0.7777737272637231,1.1799494326114655,0.5796555876731873,0.5039414806025369,-0.005646369586299572,-0.002450506086461246,0.0007658988151238841,0.42198702160801205,0.625830882361957,0.45547100262982504,-0.0007549693452477056,0.024084117662693773,0.04356680118611881,0.10000000149011612,,,,0.0072932532098743,0.0858420462214521,0.1085605224860566,0.016888659580477645,0.023033617263925926,0.20199807104311923,nan,0.820838212966919,0.4434918165206909,0.4288758337497711,0.454831600189209,0.0556640625,0.5735046863555908,1.1081708669662476,1.0,0.9266493320465088,0.01612250693142414,0.011830160394310951
95,28,28,0.0,-0.004286973371303507,0.012054532658242221,,,,,,,,,6.390753711972918,0.0,0.9793354191661664,,0.13784094713628292,-0.17209950355546816,0.2735880916672094,0.20804649112480028,0.2054819677557264,0.8983298093080521,0.000656331653804695,0.0065545908042362756,0.010931306651660375,0.004172322156136845,0.003847468249909017,0.030372641747817397,150.0,118.42857142857143,0.8971559469188962,1.1394463862691606,0.5409733099596841,0.6539120354822704,-0.006654949975199997,-0.0022753937810193747,0.0004810982472918113,0.43352373263665606,0.645300377692495,0.4829478859901428,0.00022777827065770647,0.023901150694915226,0.04220729560724327,0.10000000149011612,,,,0.0077111325642493156,0.09884819454912629,0.10870685188898019,0.017658597390566553,0.02431275841913053,0.18499192762209543,nan,0.7854558825492859,0.4652194678783417,0.5350698828697205,0.4576460123062134,0.125,0.5780857801437378,1.1812280416488647,1.0,1.0,0.028451139107346535,0.03037244640290737
102,32,32,0.0,-0.0001712312805466354,0.018110828852513805,,,,,,,,,7.3512788116931915,0.0,0.9768365380920834,,0.19242272526025772,-0.20551038067787886,0.3223151797428727,0.19538862211629748,0.3097145725041628,0.8746226951479912,5.1298666562615836e-05,0.004767043516039848,0.021870490163564682,0.003847468249909017,0.003655094837413566,0.05796379782259464,150.0,81.5,0.8629762232303619,1.1770695261657238,0.4702863171696663,0.7619462460279465,-0.007351316831773147,-0.0029303434130270034,0.00016471477391633016,0.4859487935900688,0.6082890424877405,0.4555364968255162,-6.770814297851757e-05,0.030591422226279974,0.05763618729542941,0.10000000149011612,,,,0.011275758686679183,0.1334450466092676,0.10884483531117439,0.01838368916651234,0.023851115198340267,0.16735329180417904,nan,0.8160457611083984,0.42969462275505066,0.6761423349380493,0.7345832586288452,0.220703125,0.5290324091911316,1.115993857383728,1.0,0.9978298544883728,0.0330575667321682,0.027125529944896698
105,28,28,0.0,0.01851692097261548,0.013391463036116744,,,,,,,,,7.1155184762818475,0.0,0.9746842710377709,,0.23575005786759512,-0.22306578287056514,0.38166111069066183,0.34999025027666775,0.2829706051519939,0.9581473214285714,6.274371428714533e-05,0.00440071736063276,0.015607730618544988,0.0036550948374135662,0.0037916218235152094,0.06390049754242812,150.0,116.14285714285714,0.7787914073893002,1.1188056468963623,0.47644550672599245,0.5795401632785797,-0.005376298602121616,-0.0013752667166824853,0.0006878341255287523,0.4346344162310873,0.5375108623078891,0.40202278324535917,0.0031323865457254995,0.030322510765732398,0.05792250411052789,0.10000000149011612,,,,0.011457047450156617,0.1336960569024086,0.108983310471688,0.019110459235629866,0.02400030325432973,0.15414868165758397,nan,0.8447098731994629,0.4117198884487152,0.5739740133285522,0.5291852355003357,0.158203125,0.45394259691238403,1.1896867752075195,1.0,0.9565972089767456,0.0207940936088562,0.026109375059604645
112,32,32,0.0,-0.007942433207063004,0.023817534354748204,,,,,,,,,5.066477000713348,0.0,0.971722931783557,,0.3563986737281084,-0.1360385490115732,0.28924150904640555,0.5258323512971401,0.030797814950346947,0.8966934811323881,-0.01931554957991466,0.0004262300208210945,0.0084998719394207,0.0037916218235152094,0.0036020407323394486,0.23830459266901016,150.0,135.875,0.8881648741662502,1.3589827194809914,0.5407672692090273,0.6940850913524628,-0.00581955854431726,-0.0027804322890006006,-0.00023289464886033784,0.5304396897554398,0.6095796879380941,0.4558912608772516,0.0003351548648424796,0.029007955046836287,0.05741360515821725,0.10000000149011612,,,,0.009435269559617154,0.12586086022201926,0.10912245139479637,0.01983973738970235,0.02777272165985778,0.13839941654636373,nan,0.7638394236564636,0.4911385178565979,0.6205260753631592,0.562163770198822,0.0,0.5529745817184448,1.2701538801193237,1.0,1.0,0.014158548787236214,0.022712040692567825
120,36,36,0.0,-0.015202216778157486,0.017299003608059138,,,,,,,,,5.795795447296566,0.0,0.9685133547596936,,0.15107373024026552,-0.1986414748761389,0.28740814617938465,0.16982633699404281,0.2978515625,0.8868272569444444,0.0016583406664823189,0.008963685896661546,0.02481900735033883,0.00360204073233945,0.003687156089951698,0.026144480746653345,150.0,71.88888888888889,0.939781419105,1.2700165179040697,0.47250858280393815,0.8551188690794839,-0.006341690158781906,-0.0024082179168342715,-0.0007088021747121173,0.6367391364441978,0.606630397339662,0.45777500255240333,0.001683679216916466,0.03224935123903884,0.06271639466285706,0.10000000149011612,,,,0.00848486786061484,0.10774739583333333,0.10926846766637431,0.020604042284604576,0.026241844778673515,0.1238756970017273,nan,0.8688128590583801,0.36345434188842773,0.8270180821418762,0.8155822157859802,0.2119140625,0.49284058809280396,1.3574672937393188,1.0,0.96484375,0.031619831919670105,0.02875480428338051
123,24,24,0.0,-0.005647476064041257,0.014927996390421564,,,,,,,,,7.185716758171718,0.0,0.9660821446351685,,0.29764517582952976,-0.2096869871020317,0.37954848756392795,0.3871877081692219,0.35709066689014435,0.9428014432390531,-0.002594876047320819,0.0033679381012916565,0.016271920253833134,0.003687156089951697,0.003502798285454113,0.09964950925981005,150.0,122.5,0.6687077830235163,1.028357818722725,0.47184302657842636,0.4213556535542011,-0.0069094892824068666,-0.002925442606889798,0.0011613966932297142,0.4180260089536508,0.5704093240201473,0.44646913558244705,0.001087791128997632,0.027001549256965518,0.0584118808619678,0.10000000149011612,,,,0.008916994760511443,0.12277537087599437,0.10938975897928079,0.02123833525304993,0.030471637689818937,0.11430245427309553,nan,0.8810467720031738,0.3528663218021393,0.3847043514251709,0.43962129950523376,0.2880859375,0.45921123027801514,1.124847412109375,1.0,0.9496527910232544,0.027471274137496948,0.02368014305830002
129,32,32,0.0,0.016957576182903722,0.02105112827848643,,,,,,,,,8.643799386918545,0.0,0.9630684359945791,,0.11548743589270499,-0.17721985280513763,0.25778841010985837,0.026654123722936116,0.3344997800886631,0.9070095494389534,0.003339713619601342,0.007673213078129676,0.021778099959896456,0.0035027982854541105,0.003502798285454113,0.0,150.0,86.375,0.9643068127334118,1.1691628135740757,0.4028626158833504,0.8280018195509911,-0.0057599757055868395,-0.003018475103090168,-0.0011490041270008078,0.6857743710279465,0.5337096909061074,0.40966762928292155,0.0030544549395017384,0.03420372970867902,0.06521019467618316,0.10000000149011612,,,,0.011771975990995998,0.15310329874046147,0.10948749375529587,0.02174886775901541,0.024844544590450823,0.10384025375388405,nan,0.8156033754348755,0.43100428581237793,0.7694516181945801,0.7561702728271484,0.236328125,0.3795791268348694,1.21750009059906,1.0,0.9657118320465088,0.022946899756789207,0.020239103585481644
131,24,24,0.0,-0.011572874228780469,0.008710336269966016,,,,,,,,,6.8187779287497206,0.0,0.9605718238986575,,0.2696115740885337,-0.18513441644608974,0.3704542703926563,0.42510571082433063,0.26630859325329465,0.9785156274835268,-0.0025462813791818917,0.0028100889176130295,0.011372612168391546,0.003502798285454112,0.0033276583711814075,0.17633724554131427,150.0,140.0,0.662240169942379,0.9720547720789909,0.44641110052665073,0.3537034975985686,-0.0056185298987353844,-0.0033438785758335143,0.0009440090422382733,0.4400945653518041,0.5415923309822878,0.45433417956034344,0.0003902432501945441,0.029618906322866678,0.0612807865254581,0.10000000149011612,,,,0.00749303815246094,0.09820963566501935,0.10958609854181607,0.02226343968262275,0.041974637967844806,0.09616840373511827,nan,0.8599561452865601,0.37516817450523376,0.3119671046733856,0.29714086651802063,0.14453125,0.39888620376586914,1.0263828039169312,1.0,0.9921875,0.008764078840613365,0.018964208662509918
133,24,24,0.0,-0.0030346311007936797,0.00992397009395063,,,,,,,,,6.7980819046497345,0.0,0.9579985828523737,,0.055784601562966905,-0.19046559060613313,0.2593655300637086,0.1457541814694802,0.3347005198399226,0.9754882827401161,0.003048841191533332,0.011220709110299746,0.017039357374111812,0.0033276583711814075,0.0033148062238021812,0.0029760890950759253,150.0,120.33333333333333,0.8059301450848579,0.9051862061023712,0.4560687119762103,0.36075952524940175,-0.007647424470633268,-0.0042821759125217795,-0.0006476588646364689,0.5653732332090536,0.5420179106295109,0.44960487137238186,0.0016776942899620433,0.02608515531755984,0.052876292107005916,0.10000000149011612,,,,0.010663059695313374,0.13977864601959786,0.109652664201955,0.02261051582172513,0.03900832232708732,0.08906335975334406,nan,0.8876553177833557,0.39867103099823,0.3813037872314453,0.4154204726219177,0.2890625,0.4613773822784424,0.9800205230712891,1.0,0.9748263955116272,0.0169454887509346,0.01164788007736206
142,36,36,0.0,-0.001631356646410293,0.03046416647783998,,,,,,,,,5.997863623831007,0.0,0.9540456179977252,,0.18168958400686583,-0.2136306915846136,0.3685702044102881,0.35892220007048714,0.16262920035256279,0.845612280898624,-0.01583554888444875,0.004901359064711465,0.012317241066031985,0.003314806223802178,0.0031490659126120722,0.1085769132607513,150.0,85.33333333333333,0.7218365056647195,1.307555655638377,0.48967110613981885,0.6847479972574446,-0.006381985679682758,-0.0010820908104910308,0.001138411250091546,0.37012216283215416,0.5566861910952462,0.4448760888642735,-0.00041390360517349717,0.032043199934479266,0.06560456856257385,0.10000000149011612,,,,0.017331554522065237,0.18300831731822756,0.1097254707581467,0.022989988792687654,0.04868525442563825,0.07948788214870332,nan,0.7294918298721313,0.5480164289474487,0.5125752091407776,0.4923228621482849,0.091796875,0.4796792268753052,1.2046266794204712,1.0,0.9965277910232544,0.01703949272632599,0.0269473809748888
145,28,28,0.0,-0.00044016699705805095,0.019690476324675337,,,,,,,,,7.712442287376949,0.0,0.9509268516291104,,0.1000034384695547,-0.25570606493524145,0.35078276161636623,0.2572938081741865,0.21531300459589278,0.9005681851080486,-0.00043214505194555386,0.00694936460682324,0.017000143017087663,0.0031490659126120744,0.00315997486132165,0.05781791379143085,150.0,103.57142857142857,0.7196596371276038,1.0601213808570589,0.48410105066640036,0.6083082386425563,-0.007294943971958544,-0.003144517333047198,0.00032797788279432486,0.47552962601184845,0.5486043106232371,0.4556391505258424,0.0011670907344003873,0.02716313854658178,0.055588613264262676,0.10000000149011612,,,,0.014507987669536046,0.17671976477972098,0.10982547753623553,0.023510856088250875,0.053024540921407085,0.07289677803077034,nan,0.6915146112442017,0.5594038963317871,0.49080878496170044,0.5072668790817261,0.1259765625,0.4753826856613159,1.1319783926010132,1.0,0.8849826455116272,0.0036767541896551847,0.015651723369956017
151,32,32,0.0,0.010697751014959067,0.016923452567425556,,,,,,,,,6.975485675036907,0.0,0.9473255536583176,,0.13183079357258976,-0.2415083423256874,0.367136194370687,0.4441341875717626,0.27700195647776127,0.9052246063947678,-0.002138606927701403,0.008926241658627987,0.02175967674702406,0.0031599748613216493,0.003300132938869709,0.07741360471118242,150.0,85.625,0.7723043672740459,1.1221434585750103,0.4828414060175419,0.7139941323548555,-0.004670863032515626,-0.0013570852906923392,0.0005346441820961445,0.41083127446472645,0.5864779036492109,0.48973658960312605,-0.0013804366444674088,0.031302332936320454,0.06419417553115636,0.10000000149011612,,,,0.018830351444194093,0.19127929583191872,0.10991948866285384,0.024000073550269008,0.04995723906904459,0.06616802138044159,nan,0.8296850919723511,0.43217504024505615,0.6649609804153442,0.6071300506591797,0.1474609375,0.514434814453125,1.0572232007980347,1.0,0.98828125,0.016705011948943138,0.016969460994005203
155,28,28,0.0,-0.0038836348269666943,0.011229853378608823,,,,,,,,,5.49526561158044,0.0,0.9440265307319667,,0.051095549150237014,-0.14740372342722757,0.1941217380974974,0.0555214481261958,0.33616883414132254,0.9331681621926171,0.003350088530818799,0.012304025036948068,0.02072500969682421,0.003300132938869711,0.0033668250736642196,0.0,150.0,98.42857142857143,0.8755988329648972,0.932735698563712,0.42228501609393526,0.7464585602283478,-0.003919603219921035,-0.0018298730262488658,-0.0003998873115571249,0.5788755331720624,0.5584596310343061,0.47525058154548916,-0.00037293172532112555,0.029005562953118767,0.05525296540664775,0.10000000149011612,,,,0.00576276848109306,0.0643824880410518,0.11000357089298111,0.024437309375831058,0.03708858162696872,0.06071051107640369,nan,0.9056642055511475,0.307314932346344,0.7792544960975647,0.6878655552864075,0.220703125,0.41078054904937744,0.9446575045585632,1.0,0.99609375,0.008456121198832989,0.022195886820554733
157,24,24,0.0,-0.0021889809674272933,0.011199192270093286,,,,,,,,,5.291616469621658,0.0,0.9410080008023888,,0.2911653723567724,-0.1623145149399837,0.31261902178327244,0.40832274158795673,0.22402343402306238,0.9562825560569763,-0.016278980057298515,0.0022083471218744912,0.007562264800071716,0.0033668250736642188,0.0031984838199810087,0.17941131070256233,150.0,151.5,0.653751015663147,0.924561433494091,0.46018044153849286,0.5666973826785883,-0.006352684150139491,-0.001771317144933467,0.0012909355270191252,0.4035872295498848,0.5271003680924574,0.4406107800702254,0.0004307711392357305,0.03166060266084969,0.06439556817834576,0.10000000149011612,,,,0.011747736716642976,0.16018880220750967,0.11005645028005044,0.02471212367527187,0.022188163517663877,0.05622514130212799,nan,0.8106434941291809,0.43838265538215637,0.5654863119125366,0.4296221137046814,0.0771484375,0.40548330545425415,0.9804803133010864,1.0,0.97265625,0.03222355619072914,0.02875390276312828
159,24,24,0.0,-0.012800887615109483,0.008558162769380337,,,,,,,,,5.0755064487457275,0.0,0.9379176690030601,,0.1218915016700824,-0.25993270178635913,0.3615576947728793,0.3754532039165497,0.42737630009651184,0.9527994791666666,0.0003885287884486388,0.007967741539080938,0.027303597579399746,0.0031984838199810074,0.0030658702201917824,0.04446914435053865,150.0,101.16666666666667,0.5998106698195139,0.8535119344790777,0.3945411443710327,0.34401444531977177,-0.007517389390462388,-0.003880833653965965,0.0019219388796045678,0.39179959893226624,0.5134410820901394,0.4588383510708809,0.0009919903013724252,0.031283805379644036,0.06590933601061504,0.10000000149011612,,,,0.006530390754051041,0.08076171902939677,0.1100864140316844,0.024867773288860917,0.022457655053585768,0.052071156351588536,nan,0.8638395071029663,0.3905670940876007,0.27390056848526,0.4137682318687439,0.359375,0.4726945757865906,0.8571052551269531,1.0,1.0,0.02272723615169525,0.01671827957034111
164,28,28,0.0,-0.007820816045360906,0.0251508084391909,,,,,,,,,5.977590484278543,0.0,0.9340776585899481,,0.27348563075065613,-0.1866500393620559,0.3434777855873108,0.42161147402865545,0.16265473408358438,0.90538290143013,-0.013675921746263546,0.002363591321877071,0.013142765632697515,0.003065870220191781,0.002912576709182193,0.17020090110599995,150.0,118.42857142857143,0.6684245403323855,1.1376793384552002,0.3834833651781082,0.576213290648801,-0.006432158506608435,-0.0018384981251853918,0.0009442671065958816,0.39934722759893965,0.5503114344818252,0.4838284743683679,-0.0007743311448393797,0.03974151877420289,0.08066887647977897,0.10000000149011612,,,,0.012800142759390707,0.15608378952103003,0.11013887689581939,0.025140124506184032,0.044755536264606884,0.04744644783206777,nan,0.7735310792922974,0.4999374449253082,0.47809094190597534,0.5270642042160034,0.1220703125,0.4159145951271057,1.0677307844161987,1.0,0.9900173544883728,0.027771130204200745,0.024510495364665985
168,28,28,0.0,-0.0005873625964990684,0.020498342063677098,,,,,,,,,7.423342040606907,0.0,0.9302765616329224,,0.13757167956126587,-0.25918363833001684,0.36915956544024603,0.2613132143659251,0.29224273775305065,0.9350989248071399,-0.0001967676387591512,0.008160987602812904,0.02187361568212509,0.0029125767091821944,0.0027464594634523526,0.05614887297685657,150.0,99.14285714285714,0.7071113980242184,1.0553059428930283,0.37021833871092114,0.6643157175609044,-0.006713778562178569,-0.0015274628156995667,0.0011672220358117816,0.36048284226230215,0.5338646673730442,0.46902993427855627,7.668753343231012e-05,0.03781649064538734,0.08093316054769925,0.10000000149011612,,,,0.012280910600176347,0.15923662962658064,0.11021351947316102,0.02552740721564208,0.04977501529668059,0.04337558752361569,nan,0.7952967882156372,0.4591497480869293,0.5651945471763611,0.6030747294425964,0.24609375,0.4305993318557739,1.0102819204330444,1.0,0.9978298544883728,0.028157105669379234,0.02510347217321396
170,24,24,0.0,-0.000691805049427785,0.014206999777040133,,,,,,,,,7.038306812445323,0.0,0.9269492479884036,,0.2482759729027748,-0.15926842081050077,0.2747632010529439,0.2522825102011363,0.1880208303531011,0.9422526036699613,-0.006288539691013284,0.0030800551176071167,0.01206079994638761,0.0027464594634523526,0.002609136490279735,0.1717140351732572,150.0,144.66666666666666,0.752193013827006,1.0406425446271896,0.4400087619821231,0.3560791735847791,-0.006137151814376314,-0.003744151695476224,-0.0009894797158267465,0.5718972211082777,0.548956960439682,0.48572668557365734,0.0017539974560349947,0.030771149865662057,0.062291915683696665,0.10000000149011612,,,,0.009636208861290166,0.10527343830714624,0.11026349943131208,0.025786542256052297,0.051356525626033545,0.04017094394921016,nan,0.7970016002655029,0.4754037857055664,0.336529016494751,0.3453370928764343,0.0927734375,0.32946133613586426,1.081376075744629,1.0,0.9691840410232544,0.01272553950548172,0.024375949054956436
174,28,28,0.0,-0.00726889622663813,0.02112602041701653,,,,,,,,,6.838518568447658,0.0,0.9230360234294936,,0.30508710018226076,-0.20752996472375734,0.3870345332792827,0.3104610262172563,0.23746610752173833,0.9228388752256121,-0.0018791390300196195,0.0014356529074055807,0.01946272381714412,0.002609136490279733,0.002478679665765748,0.12915307469666004,150.0,101.57142857142857,0.6946330815553665,1.1146310653005327,0.5004441418818065,0.6281258059399468,-0.006562311002718551,-0.00308609232472788,2.371669415879296e-05,0.4984104654618672,0.5427791486893382,0.48462174939257757,-0.00016713462537154555,0.040667496621608734,0.08491436764597893,0.10000000149011612,,,,0.012673242025942142,0.15967661488269055,0.11028624751738139,0.025904487618910416,0.048839676060846875,0.036775243377340956,nan,0.8086494207382202,0.44695186614990234,0.5591851472854614,0.5837113857269287,0.07421875,0.5252406597137451,1.0617996454238892,1.0,0.9939236044883728,0.013943132944405079,0.01505540031939745
181,24,24,0.0,-0.002676600318712493,0.042717747487283,,,,,,,,,6.722855309645335,0.0,0.9193483651955777,,0.2707772068679333,-0.1673633325845003,0.39627965291341144,0.4941531717777252,0.18395077685515085,0.8854534154136976,-0.0030762873551187417,0.0018154270946979523,0.01577029625574748,0.0024786796657657473,0.0023547456824774605,0.20859598616758981,150.0,76.66666666666667,0.8069244598348936,1.4405693709850311,0.4454757471879323,0.8028591473897299,-0.0049739742050102604,-0.0011624355004945148,0.0004569061269042625,0.4289623498916626,0.5553878297408422,0.4822529988984267,-2.060651058855001e-05,0.04494832161193093,0.09629248144725959,0.10000000149011612,,,,0.012721840542023225,0.1446520071476698,0.11031226937969525,0.026039240959410865,0.05439053801819682,0.03389886716707958,nan,0.7053912878036499,0.5868282318115234,0.7012495398521423,0.5878982543945312,0.052734375,0.48254549503326416,1.3086820840835571,1.0,0.960069477558136,0.017111413180828094,0.0240368340164423
184,28,28,0.0,-0.00915449342158224,0.015654087432527115,,,,,,,,,8.046566792896815,0.0,0.9153868480521877,,0.16869639312582357,-0.2886531044329916,0.43365445733070374,0.412065186138664,0.42398313326495035,0.9455450155905315,-0.00295877643761092,0.007252159395388195,0.02839236387184688,0.002354745682477461,0.0022370083983535875,0.11726397648453712,150.0,86.57142857142857,0.6579132633549827,1.0401460932833808,0.29035623371601105,0.5712500597749438,-0.008230883694653,-0.003359665927876319,0.0005935596040477062,0.4317952947957175,0.5267576224037579,0.4682192717279707,0.001709492776301756,0.04282479852970157,0.09024174431604999,0.10000000149011612,,,,0.013901249247802687,0.14600384448255813,0.1103242106203522,0.026100865166102136,0.066875328309834,0.031114509783600315,nan,0.8971773386001587,0.329553484916687,0.5534905195236206,0.6098319888114929,0.3544921875,0.3491642475128174,1.0585788488388062,1.0,0.9613715410232544,0.013723713345825672,0.02578682079911232
192,24,24,0.0,-0.0016157991049112752,0.03867523500230163,,,,,,,,,6.377380788326263,0.0,0.9117521436943651,,0.2102415015300115,-0.10321108624339104,0.20676014510293803,0.2789750838031371,0.05334058155616125,0.855084757010142,-0.01906427217181772,0.0019522309303283691,0.008009055008490881,0.0022370083983535866,0.002125157978435908,0.20017497055232525,150.0,79.16666666666667,0.8617601121465365,1.5406145254770915,0.4023733362555504,0.8296030089259148,-0.004187457166456928,-0.0022364659040855863,-0.00039965880713073904,0.5617126499613126,0.5634431665142378,0.48949483161171276,0.00029689876222012873,0.03899407138427099,0.0765825283403198,0.10000000149011612,,,,0.01388292854729419,0.15969233525296053,0.11036367310831945,0.026305387960746884,0.06356267025694251,0.028804980966447635,nan,0.7354474067687988,0.5517497658729553,0.6995776295661926,0.617755651473999,0.0048828125,0.3551020622253418,1.436168909072876,1.0,0.9496527910232544,0.017084572464227676,0.025529811158776283
195,24,24,0.0,-0.0036409059539437294,0.01659955264767632,,,,,,,,,6.63000903526942,0.0,0.9078509493068022,,0.26177825530370075,-0.19850465469062328,0.38651974499225616,0.40547529732187587,0.2603416045506795,0.9383855437239011,-0.0035072823181205117,0.0018977535267670949,0.01737325017650922,0.002125157978435909,0.002018900079514113,0.15228590027739605,150.0,136.83333333333334,0.6706602995594343,1.2356922229131062,0.45462848742802936,0.43969060604770976,-0.0052118268407260375,-0.0024796292515626797,-7.349853182366435e-05,0.5108936714629332,0.5408991649746895,0.47730405007799465,0.0010559711548315438,0.04090857855044305,0.08088567775363724,0.10000000149011612,,,,0.010522010959296798,0.1272720011572043,0.11040320868293445,0.026510284127046663,0.06332018567870061,0.026556245000114585,nan,0.8704927563667297,0.3698095679283142,0.39152631163597107,0.3659573197364807,0.20703125,0.4173964262008667,1.3248785734176636,1.0,0.8645833134651184,0.011804325506091118,0.02925342321395874
201,32,32,0.0,0.0015550012758467346,0.020343224954558536,,,,,,,,,7.546650178730488,0.0,0.9029857405408209,,0.21526337880641222,-0.2666316800750792,0.4391055405139923,0.3456845926120877,0.26158311776816845,0.9277886301279068,-0.006474507864368206,0.00419253297150135,0.020884455181658268,0.0020189000795141137,0.0020143189768755195,0.15214295021723956,150.0,87.5,0.736165089532733,1.3254773803055286,0.3923825863748789,0.6164269614964724,-0.006910501586389728,-0.0033740566250344273,-8.43307187281539e-06,0.49938586819916964,0.5343539239838719,0.47472783271223307,0.0005462938871687584,0.03319541970267892,0.06522729725111276,0.10000000149011612,,,,0.010988023394020274,0.12771267408970743,0.11042650742456317,0.026630941894836724,0.06741713616065681,0.024044653253398444,nan,0.8586698770523071,0.37771445512771606,0.5120972990989685,0.5432377457618713,0.224609375,0.47893327474594116,1.3527984619140625,1.0,0.936631977558136,0.01762000471353531,0.027930282056331635
210,24,24,0.0,-0.0023526953106435635,0.03475060224688301,,,,,,,,,6.048876613378525,0.0,0.8990696767226504,,0.10282365131812791,-0.21969698555767536,0.36293719212214154,0.04085745538274447,0.1752387136220932,0.8183593774835268,0.0017688485483328502,0.003841247409582138,0.01729651167988777,0.0020143189768755195,0.001994812736148201,0.0,150.0,59.666666666666664,0.8728384474913279,1.6808223873376846,0.3924962356686592,0.7540866533915201,-0.006708984709500025,-0.0018563085614005104,-0.0003459320030666883,0.5836384718616804,0.5582990099986395,0.4783197194337845,0.002178826012823265,0.05205663184945782,0.10197392043968041,0.10000000149011612,,,,0.008903208137780894,0.10964626756807168,0.11042636105169852,0.026630329977100093,0.05501598802705606,0.022230254999409893,nan,0.7560374140739441,0.49650534987449646,0.6089351773262024,0.5374951958656311,0.0947265625,0.43623846769332886,1.6319401264190674,1.0,0.8394097089767456,0.018528003245592117,0.02958665043115616
212,24,24,0.0,-0.006662838898288707,0.011102894922563186,,,,,,,,,6.987898061672847,0.0,0.8951766005774134,,0.23798611325522265,-0.19607036312421164,0.387093464533488,0.45028117671608925,0.2516927073399226,0.9404947931567827,-0.002605871093692258,0.0025985861817995706,0.011507626622915268,0.0019948127361482013,0.0018950720993407908,0.15415138782312474,150.0,147.0,0.5187572663029035,1.105322778224945,0.41728344808022183,0.3542211540043354,-0.007033852685708553,-0.0031818641242959225,0.0017987821956921834,0.3846977924307187,0.49516309176882106,0.4574810477594535,0.00028218117972755863,0.03962754838479062,0.07940143890058,0.10000000149011612,,,,0.010023353977885563,0.1298502612238129,0.11042970046401024,0.0266475691460073,0.05038357386365533,0.020587855486032255,nan,0.871715784072876,0.3704618513584137,0.3163415789604187,0.2700830101966858,0.08203125,0.3209829330444336,1.1368051767349243,1.0,0.9943576455116272,0.017517900094389915,0.025762833654880524
220,24,24,0.0,0.0008686856599524617,0.027046887630907197,,,,,,,,,7.199385225772858,0.0,0.8910431597192835,,0.14509080769494176,-0.23977656910816827,0.3928308052321275,0.4205620524783929,0.14645833025376,0.8539004673560461,-0.0018107130730034744,0.007173335800568263,0.02271478498975436,0.0018950720993407904,0.001800318494373751,0.10341685777530074,150.0,64.33333333333333,0.8246389056245486,1.617848664522171,0.44253531843423843,0.7253316566348076,-0.004763754986925051,-0.0014806382241658866,5.7449866896301195e-05,0.48762702693541843,0.5735735123356184,0.4947855869928996,0.00011393405505562744,0.03304720421632131,0.06802746451770265,0.10000000149011612,,,,0.016742080275435,0.16824508147935072,0.11042690308143695,0.026632582225526374,0.057802862487733364,0.019000855191776026,nan,0.8644506335258484,0.38068529963493347,0.6657460927963257,0.5151659846305847,0.1220703125,0.4718896746635437,1.4969843626022339,1.0,0.9574652910232544,0.03353355452418327,0.025602564215660095
228,24,24,0.0,-0.005781528151904543,0.01986380390978108,,,,,,,,,6.219832102457683,0.0,0.8868672417157694,,0.0,-0.308654756595691,0.3637353790303071,-0.004558947344776243,0.2576422393321991,0.8570498526096344,0.004665617782544966,0.014394682521621386,0.03347287327051163,0.0018003184943737518,0.0018730740184118692,0.0,150.0,44.5,0.9317922865351042,1.6263219912846882,0.4458632096648216,0.8353845452268919,-0.006113558697203795,-0.0020542588560298705,-0.000843544655557101,0.6822201336423556,0.5795170602699121,0.5128276062508424,0.0009806530288187787,0.04389411971593896,0.08815702889114618,0.10000000149011612,,,,0.008712555272116637,0.10878171220732231,0.1104474722718199,0.02673892257735133,0.06443335612614949,0.017543666800313603,nan,0.8715696334838867,0.35906150937080383,0.8133094906806946,0.7373124361038208,0.2021484375,0.5419260263442993,1.6715061664581299,1.0,0.8793402910232544,0.01895632967352867,0.02412421628832817
232,28,28,0.0,-0.003821980707081301,0.020597213762812316,,,,,,,,,6.795840280396598,0.0,0.8822770876285658,,0.017642145078363165,-0.2793514866914068,0.35559479892253876,0.02329135054190244,0.4680458094392504,0.9440635655607496,0.004672436792004321,0.010678788380963462,0.027064493724278042,0.0018730740184118699,0.001847845766173105,0.0,150.0,84.28571428571429,0.7655697294643947,1.1023177674838476,0.4877988227776119,0.7412275437797818,-0.006070160473297749,-0.003003197618194723,-0.0005473865894600749,0.5681188894169671,0.5254438317247799,0.48653820369924816,0.0033057330848740613,0.047886121818529706,0.09973552317491599,0.10000000149011612,,,,0.010107886179217271,0.1278433251593794,0.11048245722694057,0.026919918600469828,0.07042440798665796,0.01609238337442427,nan,0.8966846466064453,0.39812496304512024,0.747372031211853,0.6466814279556274,0.4189453125,0.5383322238922119,1.2675470113754272,1.0,0.8993055820465088,0.02303229086101055,0.025191660970449448
240,32,32,0.0,-0.007985955191543326,0.016211089678108692,,,,,,,,,6.5802352130413055,0.0,0.8765365309296403,,0.03590978871216066,-0.24655698519200087,0.32347464468330145,0.18775539379566908,0.24820268340408802,0.8597835376858711,0.003276246821769746,0.010492820292711258,0.021144932135939598,0.001847845766173105,0.0018652608949498726,0.028467170748626813,150.0,84.625,0.7537315133959055,1.3309427239000797,0.41959949024021626,0.7147575449198484,-0.005350966559490189,-0.0024396181252086535,-0.0004839462449126586,0.5898295864462852,0.5155783696100116,0.47739450819790363,0.0013818808919836556,0.04715183936059475,0.09761510230600834,0.10000000149011612,,,,0.013207098381826654,0.14356634207069874,0.11050207586959004,0.027021385671105236,0.07420579483732581,0.014472128412648829,nan,0.9372798800468445,0.2508646249771118,0.6947954893112183,0.7191374897956848,0.1552734375,0.43005311489105225,1.371889352798462,1.0,0.8541666865348816,0.015197481960058212,0.027546511963009834
254,32,32,0.0,-0.011322133737849072,0.02512668087729253,,,,,,,,,7.62346164137125,0.0,0.8708579883374898,,0.04837157583096996,-0.22481812769547105,0.31165242195129395,0.03553813887629076,0.17239767126739025,0.8328737057745457,0.002971413039631443,0.008552846498787403,0.02242842223495245,0.001865260894949872,0.0019614570004584998,0.0,150.0,41.75,0.8937858045101166,1.7535240352153778,0.4624415561556816,0.8355819899588823,-0.004227129495120607,-0.001731476055283565,-0.0005672722319332024,0.6323680654168129,0.5788262998685241,0.505714294500649,0.0012753602262591812,0.03410845197504386,0.0714088233653456,0.10000000149011612,,,,0.011945829493924975,0.14238728291820735,0.11050295387394726,0.027025705901905894,0.07590171415358782,0.01305460960527294,nan,0.893600344657898,0.3307444155216217,0.8144574165344238,0.6330338716506958,0.12890625,0.5077545642852783,1.701030969619751,1.0,0.858506977558136,0.021311670541763306,0.023278823122382164
258,28,28,0.0,-0.0026670375040599276,0.026010601049555198,,,,,,,,,8.674272775650024,0.0,0.8659956036428877,,0.4291875585913658,-0.11102419399789401,0.4196125417947769,0.4310315932546343,0.24494799971580505,0.9262264839240483,-0.003991855241890464,-0.0017574397580964224,0.0033579575163977487,0.0019614570004585006,0.0018633841504355746,0.3641117513179779,150.0,121.42857142857143,0.7468449707542147,1.3826360872813634,0.5154467672109604,0.6529725683586938,-0.0049450818665458685,-0.001836958441085049,-0.0003412420706549061,0.547324042235102,0.5488811603614262,0.504539426948343,0.0004461362030789522,0.04788034329456942,0.0974991260362523,0.10000000149011612,,,,0.015481743699638173,0.1867846447442259,0.11050548058535371,0.02703869522416166,0.08318835257419518,0.011968298363908449,nan,0.8545804619789124,0.38228273391723633,0.6406941413879395,0.6588650941848755,0.06640625,0.41840898990631104,1.4181900024414062,1.0,0.9461805820465088,0.02980213612318039,0.027157729491591454
265,32,32,0.0,-0.010526485653826967,0.02206955594010651,,,,,,,,,7.8633827567100525,0.0,0.8598905284113448,,0.2053071919362992,-0.16619420610368252,0.287587012629956,0.31652306066825986,0.22281499207019806,0.9116227440536022,-0.016073564569524024,0.004234763327986002,0.017385910265147686,0.001863384150435576,0.0017702149429137959,0.17683365615084767,150.0,97.375,0.9182155150920153,1.4817162528634071,0.4834978934377432,0.7367953322827816,-0.006354947559884749,-0.004168741768808104,-0.0014294704888015985,0.7435993328690529,0.5318138394504786,0.4755155062302947,0.0033061431588521373,0.041679603164084256,0.08398327068425715,0.10000000149011612,,,,0.017111749737523496,0.19402446877211332,0.11050821281969547,0.027053013269323856,0.08467432879842818,0.01074951546608194,nan,0.8882850408554077,0.37444868683815,0.7228612899780273,0.7660488486289978,0.1748046875,0.5391795039176941,1.5404146909713745,1.0,0.9279513955116272,0.023517129942774773,0.02054477110505104
269,28,28,0.0,-0.005017514207533428,0.016205296519079378,,,,,,,,,7.3101836783545355,0.0,0.8547599580005697,,0.030023754640881504,-0.24591507496578352,0.3219172848122461,0.06105125859279984,0.38378060289791655,0.9331752296004977,0.0034431647093567464,0.00967743300965854,0.024489715695381165,0.0017702149429137952,0.0017879838903321703,0.0,150.0,90.85714285714286,0.7536923502172742,1.0930959646190916,0.4116451633828027,0.7523111083677837,-0.006565945472435227,-0.002527879222595532,-0.00031777929897154015,0.5524744391441345,0.4918243171913283,0.45442741577114376,0.00263555276407195,0.03821116080507636,0.07835929109049695,0.10000000149011612,,,,0.01712980313771238,0.16471354237624578,0.11052607026483331,0.027145446810339178,0.08248478200818811,0.010000000000000004,nan,0.9183789491653442,0.308483749628067,0.789540708065033,0.71526700258255,0.279296875,0.43574202060699463,1.1849340200424194,1.0,0.971788227558136,0.022968973964452744,0.015835732221603394
274,28,28,0.0,-0.007920229441619344,0.02479450042093439,,,,,,,,,7.135714582034519,0.0,0.8492038866961582,,0.23752496338316373,-0.20013428160122462,0.36242461523839403,0.42450262180396486,0.21656436366694315,0.9264719826834542,-0.003653289089145671,0.0022511695112500873,0.00951251174722399,0.0017879838903321695,0.0016985846958155618,0.1571436638810805,150.0,119.42857142857143,0.6949892129216876,1.2799348831176758,0.5152727557080132,0.5908902244908469,-0.008143512681791825,-0.0028220200744856682,-0.0001621573128431919,0.5191425553389958,0.513573668897152,0.47846587534461704,0.001575742929779673,0.04108041604714734,0.08455570135265589,0.10000000149011612,,,,0.01561888402959864,0.17361829416560276,0.1105285579604762,0.027158585243991444,0.08709315130753177,0.010000000000000004,nan,0.8057839870452881,0.4466744363307953,0.5106483101844788,0.5074920058250427,0.1396484375,0.5478934049606323,1.3234962224960327,1.0,0.9622395634651184,0.024511590600013733,0.02446536161005497
279,14,28,0.0,0.014902542611317975,0.028800534483577524,,,,,,,,,10.81909283569881,0.0,0.8436043540186587,,0.33544700699193136,-0.1945952464427267,0.4140436670609883,0.25828366939510616,0.20508758510862077,0.9198840430804661,-0.006558627538782146,6.596318313053675e-05,0.007757699915340969,0.0016985846958155611,0.0016136554610247835,0.24144127326352255,150.0,126.57142857142857,0.647192542042051,1.2210201961653573,0.4275404896054949,0.7184686660766602,-0.006868237729317376,-0.0026086061926824705,0.00035813521649937944,0.45259892301900045,0.49317845489297596,0.4637334772518703,0.0013018302582038035,0.052078944497874806,0.10707116073795728,0.10000000149011612,,,,0.03249641865425344,0.2719856607062476,0.11054209619760513,0.02722872594105346,0.08587841157402311,0.009999999999999998,nan,0.8882173299789429,0.3348425626754761,0.6677873730659485,0.6168012619018555,0.177734375,0.5189961194992065,1.2380326986312866,1.0,0.9839409589767456,0.019919920712709427,0.02453400194644928
284,28,28,0.0,-0.005244998294594032,0.03115525276267103,,,,,,,,,6.744217906679426,0.0,0.8379646944106797,,0.0,-0.19185721448489598,0.2723355399710791,-0.0023413431231996845,0.31961865936006817,0.9312183942113604,0.0035285472736826967,0.006402094449315753,0.02205462966646467,0.0016136554610247842,0.0016997132613439884,0.0,150.0,101.28571428571429,0.8010928098644529,1.2259452939033508,0.49390328356197905,0.6622690835169384,-0.00630160520917603,-0.003409512993779832,-0.0006345244954510625,0.5941440867526191,0.4952737146190235,0.47141293649162563,0.0026767253010413178,0.04840832017362118,0.09855472961706775,0.10000000149011612,,,,0.02166202658554539,0.2032731505376952,0.11054964656276363,0.02726783131116203,0.06233822168516261,0.010000000000000004,nan,0.8022899627685547,0.4769335985183716,0.5769373774528503,0.5811952948570251,0.248046875,0.5551850199699402,1.3087600469589233,1.0,0.9939236044883728,0.02951907366514206,0.024738360196352005
289,28,28,0.0,-0.002025248283254249,0.020376673151206757,,,,,,,,,6.760863678795951,0.0,0.8324120256361748,,0.10036269522139005,-0.2590044178068638,0.34859267090048107,0.11362078972160816,0.4307204953261784,0.8999909119946616,0.0009107024886816362,0.008450273424386978,0.02879968285560608,0.0016997132613439873,0.0016672644017393127,0.027193356272099272,150.0,82.71428571428571,0.7252625397273472,1.1796556285449438,0.5544053763151169,0.7419082862990243,-0.008509149275986212,-0.002642602547504274,-4.587322962379403e-05,0.5047178832548005,0.5049721002578735,0.47311434362615856,0.0029967549895185846,0.053499325178563595,0.1071420961192676,0.10000000149011612,,,,0.017896525852847844,0.1865438148379326,0.1105690992304257,0.027368482667952776,0.07385506933288914,0.010000000000000004,nan,0.8329440951347351,0.44503262639045715,0.6702753901481628,0.6924425959587097,0.3203125,0.5287522077560425,1.309879183769226,1.0,0.9965277910232544,0.019507497549057007,0.030865972861647606
291,24,24,0.0,-0.0031630496572082243,0.011857415976313254,,,,,,,,,7.750383992989858,0.0,0.8276976367831179,,0.16961330734193325,-0.25380225541690987,0.423993809769551,0.3739495153228442,0.3492187485098839,0.94677734375,-0.0012977778872785468,0.005988237137595813,0.018286516269048054,0.0016672644017393127,0.001583901181652347,0.11096892257531484,150.0,125.0,0.6051786318421364,1.1010577629009883,0.4808347746729851,0.5277647649248441,-0.006439607862072687,-0.0025443497725063935,0.000551745413304161,0.4461153509716193,0.5039408604303995,0.4755869296689828,0.001841717929589019,0.048255526615927614,0.1035463201502959,0.10000000149011612,,,,0.019389135821256787,0.2057942713921269,0.11059680270651977,0.02751168143004179,0.08220368903130293,0.010000000000000004,nan,0.9319249391555786,0.29501575231552124,0.542466402053833,0.4184263050556183,0.22265625,0.492204487323761,1.128151774406433,1.0,0.995225727558136,0.0353490486741066,0.031233269721269608
294,24,24,0.0,-0.0003977071028202772,0.016210887270669144,,,,,,,,,7.014752139647801,0.0,0.8226206579475046,,0.03176995999335001,-0.2251723917822043,0.2732044452180465,0.1573504147430261,0.3483072916666667,0.9186197916666666,0.0033198064144623154,0.018613561987876892,0.025783398499091465,0.001583901181652347,0.0016317936651071504,0.018261989500994485,150.0,109.83333333333333,0.7821751981973648,1.0016051679849625,0.45256730914115906,0.6205374822020531,-0.007493678344568859,-0.004218917369144037,-0.0011894806666532531,0.6184313967823982,0.5020818623403708,0.47653421635429066,0.0023730937364234705,0.04111976417091986,0.08399179453651111,0.10000000149011612,,,,0.017187170829856768,0.17317708333333334,0.11061341563860576,0.027597588254138827,0.10158082935959101,0.010000000000000004,nan,0.9083110094070435,0.3409523069858551,0.683556318283081,0.6213030815124512,0.30078125,0.5427243709564209,1.0751879215240479,1.0,0.9908854365348816,0.0317218191921711,0.025277672335505486
298,28,28,0.0,-0.0045805869490972585,0.016635521897114813,,,,,,,,,8.051873334816523,0.0,0.8172236148651895,,0.2931851052812168,-0.22926682606339455,0.47531527812991825,0.3858473205140659,0.31917059421539307,0.9446528490100589,-0.0026674298112214145,0.0007449926010199956,0.01588198436158044,0.0016317936651071498,0.0015502039818517928,0.23242278077772685,150.0,106.42857142857143,0.5261816084384918,1.1658993107931954,0.43143892713955473,0.5292924993804523,-0.0072282429318875074,-0.0022279008382091498,0.001377704223809165,0.3783032702548163,0.5078243634530476,0.4794489038842065,-0.0015346697678718815,0.047754363888608556,0.10001426269965512,0.10000000149011612,,,,0.01633326241114576,0.1673022069569145,0.1106229153062616,0.027646829773272787,0.08981577652905669,0.010000000000000004,nan,0.9005963802337646,0.3154118061065674,0.39430612325668335,0.46766358613967896,0.2548828125,0.4982585906982422,1.1512964963912964,1.0,0.9748263955116272,0.019732052460312843,0.02230656147003174
303,32,32,0.0,-0.005936920138083224,0.0238529613125138,,,,,,,,,7.471772089600563,0.0,0.8110597557964144,,0.0934322375105694,-0.21756040025502443,0.3482713159173727,0.35298058815533295,0.29747178591787815,0.9205322284251451,-0.00012057725700742594,0.00786312110722065,0.020042750984430313,0.0015502039818517937,0.0015547950944834767,0.06351957115111873,150.0,102.25,0.6551386164501309,1.1728662215173244,0.339614050462842,0.7912171762436628,-0.004473282069739071,-0.0013896045893488917,0.00042225322295053047,0.4246396948583424,0.5017155595123768,0.4735129317268729,0.0022420588479690196,0.04980960686225444,0.09994002059102058,0.10000000149011612,,,,0.019921828166843625,0.19122992630582303,0.11065856856293976,0.027831004525069147,0.09673676220700145,0.010000000000000004,nan,0.8645480871200562,0.36808523535728455,0.7557536363601685,0.7244909405708313,0.21484375,0.41665947437286377,1.1259244680404663,1.0,0.99609375,0.03607265651226044,0.031730908900499344
305,24,24,0.0,-0.009243781018691758,0.020003482582978904,,,,,,,,,6.772155741850535,0.0,0.8061589841743383,,0.10205861429373424,-0.17094795467952886,0.25984182581305504,0.1338178077712655,0.21722004810969034,0.9464518254001936,-0.0009280673821952709,0.0064361405869325,0.014498341828584671,0.0015547950944834767,0.0014770553397593028,0.0322104087487484,150.0,133.33333333333334,0.7411769529183706,0.885992002983888,0.39042841891447705,0.6593073258797327,-0.005428622360341251,-0.0027211012687378875,-0.0006703844051069533,0.5836596290270487,0.4803720700244109,0.4596637586752574,0.0008332251215203238,0.05022309347987175,0.10004585608839989,0.10000000149011612,,,,0.018935993536918733,0.2218750019868215,0.11070072588821252,0.028048945668463904,0.09194586177666982,0.010000000000000004,nan,0.7683747410774231,0.4847053587436676,0.689215362071991,0.7085140347480774,0.072265625,0.3398634195327759,0.9221019744873047,1.0,0.9982638955116272,0.04012899845838547,0.03498518839478493
308,14,28,0.0,-0.014630553279338139,0.02522665967366525,,,,,,,,,8.85486112322126,0.0,0.8008270447573914,,0.10370421356388501,-0.17408706301024982,0.3077134426151003,0.20001871875553792,0.38895089285714285,0.9555741591112954,0.0002635215345695282,0.00560691739831652,0.018997877836227417,0.0014770553397593024,0.0014032025727713376,0.06681264245084353,150.0,104.0,0.6860861693109784,0.9722937388079507,0.4478084019252232,0.7493259055273873,-0.006737355841323733,-0.0035073053191549013,-0.0008111025017569773,0.585663765668869,0.4552588995013918,0.44056800646441324,0.0037438022929044174,0.06621805605079446,0.13441487667816027,0.10000000149011612,,,,0.023559727356769145,0.25372023774044855,0.11069191832627569,0.02800337677555425,0.07736957871488162,0.009999999999999998,nan,0.8485966324806213,0.39944618940353394,0.7228363752365112,0.6968077421188354,0.3095703125,0.45187699794769287,1.025092363357544,1.0,0.9921875,0.024720514193177223,0.02092786505818367
310,24,24,0.0,-0.0006102351859832803,0.013000707083847374,,,,,,,,,8.910125891367594,0.0,0.7958475305796001,,0.0014042600911731522,-0.17423265799880028,0.224493857473135,-0.002096758874055619,0.42451171825329465,0.9513346403837204,0.004716351638004805,0.01164321539302667,0.02276188259323438,0.0014032025727713374,0.001439374551114273,0.0,150.0,108.5,0.8576935678720474,0.880102626979351,0.4244934171438217,0.6167341185112795,-0.007083349861204624,-0.003534220071742311,-0.001536613223530973,0.7021253854036331,0.48750654732187587,0.4674836720029513,0.0031449579716233225,0.04493144868562619,0.08995276441176732,0.10000000149011612,,,,0.019176659339185182,0.20589192770421505,0.11068725927422444,0.02797919341052572,0.10671357158571482,0.010000000000000004,nan,0.847378134727478,0.5201521515846252,0.6690890789031982,0.6449443101882935,0.3759765625,0.5068379640579224,0.9798122644424438,1.0,1.0,0.017195530235767365,0.018213246017694473
316,28,28,0.0,-0.01656135283077934,0.02714825265242585,,,,,,,,,7.188419844423022,0.0,0.7896952096586981,,0.07250325441626566,-0.22289785317012242,0.3058620329414095,0.12858315530632222,0.284394125853266,0.8766046592167446,0.0009088002233121577,0.009873057050364358,0.024980566331318448,0.0014393745511142727,0.001296237245133429,0.025073826213234236,150.0,89.85714285714286,0.6208683720656804,1.0590109207800456,0.39660573857171194,0.7146795647484916,-0.005877327972224781,-0.0027211436328278588,0.0002963584085072008,0.47532113428626743,0.4866606071591377,0.4641551034791129,0.0007644773993108954,0.04730170140308993,0.09347620393548693,0.10000000149011612,,,,0.016956269250450923,0.17906854381518705,0.11069206467696599,0.02800377824210695,0.10435630886682443,0.010000000000000004,nan,0.8570846319198608,0.3891371488571167,0.6988345980644226,0.7323665618896484,0.1787109375,0.4037911295890808,1.0151292085647583,1.0,0.9565972089767456,0.015256366692483425,0.012910154648125172
320,21,28,0.0,-0.007406531345276605,0.01990954682142252,,,,,,,,,5.485492887951079,0.0,0.7837628170737047,,0.09799108423647426,-0.2622344621590206,0.3942298179581052,0.34992681727522895,0.31124686627160936,0.920465228103456,-3.8071456531594906e-05,0.00795682484195346,0.021807579767136348,0.0012962372451334292,0.001283084757567911,0.056864735537341664,150.0,103.71428571428571,0.49826220387504216,1.1032073668071203,0.39020183256694246,0.6516224600019909,-0.004950890761046182,-0.0013129220987182287,0.0013312356784895417,0.3529543167068845,0.49166934263138545,0.47753323969386874,-8.429441506797004e-06,0.06757146439382009,0.14187455354701906,0.10000000149011612,,,,0.02284265310680937,0.18977130346354984,0.11070626300005686,0.028077074016133945,0.09540627329122453,0.010000000000000002,nan,0.8564193248748779,0.38204425573349,0.5666749477386475,0.5340385437011719,0.2275390625,0.3997563123703003,1.1203964948654175,1.0,1.0,0.03218208998441696,0.02805778756737709
323,24,24,0.0,-0.007384444446264145,0.020947090776947636,,,,,,,,,7.728166192770004,0.0,0.7784139554302132,,0.11702882746855418,-0.2346282315750917,0.3715391742686431,0.28507687461872894,0.39254993945360184,0.9188649853070577,-0.00013258194924977337,0.007624657203753789,0.021743178367614746,0.0012830847575679113,0.0010817149838289965,0.04370195542772611,150.0,118.66666666666667,0.538110880802075,0.9695880984266599,0.39418364067872363,0.5777948871254921,-0.005974493843192856,-0.0019789407815551385,0.0009463200049140141,0.40785831088821095,0.4727047284444173,0.45928702627619106,0.0004065118058254787,0.044740636522571244,0.0955077341447274,0.10000000149011612,,,,0.018643955195633072,0.1711394072820743,0.11073363199830055,0.028218485104540985,0.11346114706248045,0.010000000000000004,nan,0.8418356776237488,0.40194371342658997,0.5136575698852539,0.5123307108879089,0.2109375,0.39712512493133545,0.9581106305122375,1.0,0.984375,0.014618136920034885,0.01695859059691429
325,24,24,0.0,-0.0016338301356881857,0.007492006542937209,,,,,,,,,6.9872003098328905,0.0,0.7732839435626162,,0.030271259834989905,-0.20261582173407078,0.2795626576989889,0.04621801003425693,0.23011067509651184,0.9325846383968989,0.0022194894897135478,0.007399023820956548,0.01285133014122645,0.001081714983828996,0.0010784784907244536,0.02663926574556778,150.0,139.16666666666666,0.5626005455851555,0.9734733824928602,0.4773751497268677,0.43289344757795334,-0.00551355245988816,-0.0018999266054985735,0.000523957581359961,0.4371521696448326,0.4963973748187224,0.4860743035872777,0.0005232655433549857,0.0473855536741515,0.10101095866411924,0.10000000149011612,,,,0.015239445570235452,0.15126953180879354,0.11076072572420041,0.02835820654096703,0.11590129385391872,0.010000000000000004,nan,0.9145355224609375,0.31164997816085815,0.40589791536331177,0.3352228105068207,0.1142578125,0.4903906583786011,1.0015095472335815,1.0,0.9887152910232544,0.018388472497463226,0.021434951573610306
327,24,24,0.0,-0.0035299470958610377,0.009842794310922423,,,,,,,,,5.719715595245361,0.0,0.768123513226683,,0.014597175759263337,-0.25718516670167446,0.3058175891637802,0.019405963403793674,0.5611979141831398,0.9558919295668602,0.004119709284471658,0.013427899529536566,0.03397523735960325,0.0010784784907244538,0.001101026936918669,0.0,150.0,85.33333333333333,0.5801480698088805,0.77028555671374,0.33019253859917325,0.524630336711804,-0.0074951906960147125,-0.0042404788740289705,0.00011799138398297752,0.48299793029824895,0.46145224198699,0.4479837069908778,0.0034744783988571726,0.052349473194529615,0.1026047036672632,0.10000000149011612,,,,0.013173328440946838,0.12597656281044087,0.11079561244696379,0.028537940001115203,0.10440652413914601,0.010000000000000004,nan,0.9335806369781494,0.35244041681289673,0.5712645649909973,0.5607092380523682,0.494140625,0.4089996814727783,0.8938482403755188,1.0,0.9939236044883728,0.004693572875112295,0.010628984309732914
329,24,24,0.0,-0.00997339771129191,0.008819169694713006,,,,,,,,,8.640920350948969,0.0,0.7629339376813813,,0.09404443018138409,-0.23479189102848372,0.37180298442641896,0.22607887536287308,0.3675455724199613,0.9486002624034882,-0.0023304755365340193,0.004291690265138944,0.018624750276406605,0.001101026936918669,0.0010459755900727355,0.0759243555366993,150.0,117.83333333333333,0.4085406077404817,0.8243324036399523,0.3046763762831688,0.48447345942258835,-0.007043522646805893,-0.0021519556369942925,0.0027947762137046084,0.36221037556727725,0.49145231892665225,0.47635171314080554,-0.0007386575830423681,0.03891464788466692,0.08415364070485036,0.10000000149011612,,,,0.014346171063759053,0.1451171876396984,0.1108183894927303,0.028654925835629303,0.10941582297285397,0.010000000000000004,nan,0.9218627214431763,0.27978819608688354,0.451460599899292,0.511569619178772,0.3330078125,0.36645400524139404,0.8161993026733398,1.0,0.9917534589767456,0.011507748626172543,0.00908546894788742
331,24,24,0.0,-0.015026571112684906,0.012511954041353116,,,,,,,,,8.659826854864756,0.0,0.7577164973768228,,0.17633203913768133,-0.2058181893080473,0.3807953968644142,0.20732068084180355,0.16259765376647314,0.9547851582368215,-0.00833246035714789,0.002476088081796964,0.008493649462858835,0.001045975590072735,0.0009936768105690986,0.13821117176363865,150.0,147.5,0.380952425301075,0.8266041874885559,0.37230972200632095,0.48844047635793686,-0.005673154140822589,-0.0018191526851296658,0.0034190436417702585,0.34419682684044045,0.5113160895804564,0.498121698697408,-0.0018350801007424404,0.038209869991987944,0.07957793617000182,0.10000000149011612,,,,0.015287446255873268,0.177376301959157,0.1108107545102636,0.028614988007272284,0.1305455332621932,0.010000000000000004,nan,0.8880119323730469,0.41965141892433167,0.4487190246582031,0.5260531902313232,0.0400390625,0.2743220329284668,0.7278839945793152,1.0,0.9995659589767456,0.01644897274672985,0.015098505653440952
335,14,28,0.0,-0.005801500752568245,0.039421633285071166,,,,,,,,,6.430651835032871,0.0,0.751767685697372,,0.09470964223146439,-0.2857949914676802,0.40759933420589994,0.30134452071173917,0.3768898461546217,0.9070007588182177,-0.0006680748417368575,0.007953010499477386,0.02638949453830719,0.0009936768105690986,0.0009439929700406436,0.08199291383581502,150.0,88.57142857142857,0.39113455159323557,0.9388150189604078,0.28252225262778147,0.5867497835840497,-0.007078455095844609,-0.0020236595758303466,0.002476700972433069,0.3386558975492205,0.49991736880370546,0.4842307163136346,-0.0013515050543771525,0.053117631535444944,0.11276239688907351,0.10000000149011612,,,,0.02494559475287263,0.2148322436426367,0.11083139851689339,0.028721224250538007,0.11681314930319786,0.009999999999999998,nan,0.8070298433303833,0.4432368278503418,0.5231991410255432,0.5290564298629761,0.314453125,0.33947694301605225,0.8742354512214661,1.0,1.0,0.016774863004684448,0.010449200868606567
338,28,28,0.0,-0.007168598192427973,0.04625418988455619,,,,,,,,,8.252480898584638,0.0,0.7454119644585763,,0.2843422384134361,-0.08483919660959925,0.2502330919461591,0.3636172871504511,0.25747389452798025,0.9695449875933784,-0.00585666431912354,1.6001186200550626e-05,0.009973414242267609,0.0009439929700406429,0.0008967933215386114,0.26330907004220144,150.0,142.14285714285714,0.643280776483672,0.9765011476618903,0.33385181427001953,0.6131126774208886,-0.0054793677658640915,-0.002427660086790898,-0.000596719086833072,0.5650084774409022,0.47896359860897064,0.46771692697490963,0.0008217625270065453,0.06247564910777977,0.12527885846793652,0.10000000149011612,,,,0.019875399531364173,0.17095382032649858,0.11085061941828046,0.028820300275193795,0.11597679156277861,0.010000000000000004,nan,0.5874326229095459,0.6423263549804688,0.5146278142929077,0.6238904595375061,0.1787109375,0.4235314130783081,0.9536890983581543,1.0,0.9921875,0.021489474922418594,0.02061651460826397
345,24,32,0.0,-0.0025411517514536777,0.04902723004731039,,,,,,,,,7.459780474503835,0.0,0.7381762443818762,,0.04462814412545413,-0.2580625681827466,0.3373909406363964,0.09483442789254089,0.3239121561249097,0.9052620828151703,0.0012392870121402666,0.009656126300493876,0.03157555932799975,0.0008967933215386115,0.0009143495187831911,0.03429839853197336,150.0,70.125,0.5449135812620322,1.0707772647341092,0.20273653169473013,0.8038472384214401,-0.005942975403741002,-0.0019416378733391564,0.0005652918740300569,0.44319185117880505,0.5078393866618475,0.4953235300878684,0.0009004832245409489,0.07281533069908619,0.15558616816997528,0.10000000149011612,,,,0.023571601467362296,0.18974079440037409,0.11084889216969411,0.028811260980243485,0.1113788311680158,0.010000000000000004,nan,0.8322107195854187,0.42275434732437134,0.7526240944862366,0.7803660035133362,0.265625,0.14263582229614258,1.0173050165176392,1.0,0.971788227558136,0.016883309930562973,0.027427220717072487
349,14,28,0.0,0.0062643422612122125,0.03416248331112521,,,,,,,,,7.451915059770856,0.0,0.732010262951482,,0.04318708194685834,-0.2140609962599618,0.323605803506715,0.03998964213367019,0.32215531383241924,0.94008469581604,3.0778776687969055e-05,0.005064734390803746,0.021303809114864895,0.0009143495187831913,0.0009089386980117531,0.02718501498124429,150.0,97.28571428571429,0.5614329597779683,1.0012932845524378,0.2432022179876055,0.6412543611867088,-0.005865597033074924,-0.002610752350717251,0.0004011032012515768,0.4589317355837141,0.4790141305753163,0.47124836274555754,0.0016307798817121824,0.08139948706541743,0.17317034942763193,0.10000000149011612,,,,0.02113774819632194,0.1763890332409314,0.1108533548457282,0.02883434056171349,0.1226972181882177,0.009999999999999998,nan,0.8779913783073425,0.3493551015853882,0.6421821117401123,0.6816508769989014,0.2119140625,0.23194754123687744,0.9836694598197937,1.0,0.9800347089767456,0.023995613679289818,0.025685176253318787
352,18,24,0.0,5.259207035932276e-05,0.0255445617561539,,,,,,,,,6.896846705012852,0.0,0.7263538604444051,,0.1893965577085813,-0.17383377999067307,0.30060455699761707,0.199366248316235,0.3550473252932231,0.938737259970771,-0.0012837088822076719,0.0031079120106167262,0.015952794088257685,0.0009089386980117528,0.0008634917631111654,0.12136160458127658,150.0,132.16666666666666,0.48586060603459674,0.904792328675588,0.3830167353153229,0.6572637094391717,-0.005528874152029554,-0.0013874434646115536,0.0010948843393837,0.391864601108763,0.4876238918966717,0.47732674247688717,0.001278990328703205,0.06359697257479031,0.13815871212217543,0.10000000149011612,,,,0.020611368882883754,0.18909383772148025,0.11086964731415112,0.028918236701024905,0.12875234501229393,0.010000000000000002,nan,0.8310975432395935,0.41101476550102234,0.6523159146308899,0.557151198387146,0.083984375,0.3193214535713196,0.8805583119392395,1.0,0.9852430820465088,0.017188988626003265,0.02092709019780159
358,24,32,0.0,-0.005483286765714486,0.03666515819107493,,,,,,,,,10.852166523536047,0.0,0.7195729950837638,,0.10095948136101167,-0.18520887630681196,0.2920812740921974,0.07392184701166116,0.2505967865387599,0.8902994816501936,0.00040739949359173505,0.0072287631531556444,0.021340691794951756,0.0008634917631111654,0.0009193450230641915,0.03714170128417512,150.0,96.125,0.5045769748588403,1.0903113583723705,0.34177620460589725,0.6712265089154243,-0.005768041989843671,-0.0017758911514344315,0.0009112878421243901,0.4193982606132825,0.48880554859836894,0.4769640366236369,0.0013247196026592671,0.06512120071177681,0.14372677200784287,0.10000000149011612,,,,0.025371289705314364,0.2368164067156613,0.11089611984789371,0.02905483458501597,0.12431678579499324,0.010000000000000004,nan,0.8440819978713989,0.4057607650756836,0.6678504943847656,0.6408923268318176,0.23046875,0.3963175415992737,1.0644490718841553,1.0,0.9939236044883728,0.02979055792093277,0.024067610502243042
362,28,28,0.0,-0.005164669593796134,0.023433990643492768,,,,,,,,,7.380075284412929,0.0,0.713519636996946,,0.2063922578735011,-0.19223034541521752,0.3768736294337681,0.3606579287775925,0.31337766562189373,0.9352890508515495,-0.0011121011744502798,0.002398685153041567,0.016532268907342638,0.0009193450230641915,0.0008733777719109819,0.09638231912893909,150.0,125.57142857142857,0.439481075320925,1.1013619899749756,0.41951508607183186,0.6337464515651975,-0.004638345230237714,-0.0007718917321264078,0.001515225401297877,0.3341709982071604,0.4850703701376915,0.4691583514213562,0.00028935220478842893,0.06607539832059826,0.14211070031992026,0.10000000149011612,,,,0.015194598286013519,0.1611698977649212,0.11092036270669528,0.02917998131098492,0.11497264089328903,0.010000000000000004,nan,0.8831107020378113,0.342183381319046,0.6416361331939697,0.5182562470436096,0.2421875,0.3873360753059387,1.16150963306427,1.0,0.9939236044883728,0.027323191985487938,0.027103234082460403
365,28,28,0.0,0.0013455428914832218,0.01346569339511916,,,,,,,,,10.355446406773158,0.0,0.707732771846029,,0.11227382664327268,-0.28316913534783655,0.41460676812049413,0.19050947783721817,0.36235118763787405,0.9066685278500829,0.0018102537842760622,0.009690866978080184,0.028589892166632193,0.0008733777719109814,0.0009671794164786937,0.0901823976525554,150.0,86.42857142857143,0.5995955169200897,1.0889343193599157,0.3966577627829143,0.38330692585025516,-0.006018069997870563,-0.003863748396854914,3.705724507848832e-05,0.5034909067409379,0.46251142237867626,0.45378398256642477,0.00613229360065556,0.04914790165743658,0.10351130153451647,0.10000000149011612,,,,0.01384353535416137,0.14211309594767435,0.11092823238245078,0.02922047222299235,0.15047079936734267,0.010000000000000004,nan,0.9306761026382446,0.27781590819358826,0.44710350036621094,0.469677209854126,0.310546875,0.39977169036865234,1.1189824342727661,1.0,1.0,0.019273582845926285,0.03174460306763649
369,21,28,0.0,-0.005168433478545575,0.024106095855434734,,,,,,,,,10.201543580918084,0.0,0.7017408458256882,,0.14168728107497805,-0.20334319415546598,0.39306913245291936,0.20806104938189188,0.3427567652293614,0.9267779957680475,-0.0007066718078151878,0.0026010118779681976,0.014032413562138876,0.0009671794164786936,0.000918820445654759,0.09101217630363646,150.0,116.57142857142857,0.3798448528562273,1.0572680234909058,0.30665504932403564,0.5501763834839776,-0.004058395124350985,-7.94314952751544e-05,0.002544579412122922,0.26734539582615807,0.47838189488365535,0.4679113214924222,0.0004329645155285973,0.059631752116339545,0.1206357975800832,0.10000000149011612,,,,0.02437772038614466,0.21416638720603215,0.11093258041711081,0.029242796734684988,0.12592509388923645,0.010000000000000002,nan,0.8928613662719727,0.3280753195285797,0.5045339465141296,0.4620550870895386,0.216796875,0.24256950616836548,1.0275455713272095,1.0,1.0,0.013896651566028595,0.030486468225717545
371,24,24,0.0,-0.005265958646001915,0.016244558539862435,,,,,,,,,8.335630714893341,0.0,0.6962973053179397,,0.05198959443562975,-0.20953136558334032,0.291703167061011,0.16884595652421316,0.4445638010899226,0.9662434905767441,0.0008375133208270805,0.009146776671210924,0.02388836940129598,0.0009188204456547592,0.0009226967692456717,0.042804673430509865,150.0,108.16666666666667,0.477735199034214,0.8085291857520739,0.2105586752295494,0.39950243135293323,-0.00514766265405342,-0.0021411947964224964,0.0011803755348106886,0.40509772176543873,0.48826580370465916,0.478934442003568,0.0009572408944222843,0.05766166001558304,0.1196110900491476,0.10000000149011612,,,,0.023822707890455302,0.21250000099341074,0.11094121572872002,0.029287357271338504,0.12670910420517126,0.010000000000000004,nan,0.8536997437477112,0.39017030596733093,0.4816153049468994,0.504487931728363,0.2919921875,0.230138897895813,0.8603754043579102,1.0,1.0,0.025318773463368416,0.029101958498358727
373,24,24,0.0,-0.008645566801230112,0.011791975780700644,,,,,,,,,8.58651453256607,0.0,0.6908423416428652,,0.018185581041810412,-0.24611124830941358,0.3163977948327859,0.061849704555546246,0.45878906299670535,0.9342447941501936,0.002219871457782574,0.01128524417678515,0.030300329128901165,0.0009226967692456714,0.0009505987899155609,0.00751337669013689,150.0,93.0,0.5118826602896055,0.7431331475575765,0.2622696061929067,0.4958462839325269,-0.007484850570714722,-0.0031191218780198446,0.0007978237796730051,0.45031705871224403,0.4928574164708455,0.48143061995506287,0.0006089466769481078,0.05256616867457827,0.11466832552105188,0.10000000149011612,,,,0.01275753885662804,0.1109375002173086,0.11093877349048853,0.02927499854316314,0.14061393278340498,0.010000000000000004,nan,0.9041171073913574,0.3104289472103119,0.5456361174583435,0.5618503093719482,0.3916015625,0.22540754079818726,0.7544707655906677,1.0,0.9917534589767456,0.03764738887548447,0.026172678917646408
375,18,24,0.0,-0.002774695025032593,0.01743136216989822,,,,,,,,,8.049482239617241,0.0,0.685377300731128,,0.2681763867537181,-0.12464711939295132,0.22737415631612143,0.2845546330014865,0.04101562168863085,0.9248697923289405,-0.01758620437855522,0.0004974992738829718,0.007968710528479682,0.0009505987899155607,0.0009030688504197828,0.2313057209054629,150.0,181.0,0.4008156955242157,0.9020142919487424,0.3627522687117259,0.406732976436615,-0.005239342804998159,-0.0013144821370790144,0.0023718605257777702,0.34372976670662564,0.51164121263557,0.5032143344481786,-0.0013078127942410195,0.0612730301088757,0.1216277355949084,0.10000000149011612,,,,0.022503202858691413,0.18524305646618208,0.11094937721888225,0.029329708984328642,0.13319292747312123,0.010000000000000002,nan,0.8658596277236938,0.38084086775779724,0.4166325628757477,0.40974000096321106,0.0,0.23930197954177856,0.916656494140625,1.0,0.9973958134651184,0.0165170356631279,0.028208918869495392
380,21,28,0.0,-0.007731337898543903,0.050047979379693665,,,,,,,,,7.840467839013963,0.0,0.6787850186297353,,0.08283273680579095,-0.22380773084504263,0.3422769166174389,0.15626746274176098,0.38007305065790814,0.9049272480465117,2.6432012895210867e-05,0.006433895656040737,0.021764572177614485,0.0009030688504197829,0.0008579154078987936,0.07389425504065696,150.0,95.14285714285714,0.37415154916899546,0.9883014786811102,0.3295783968198867,0.6877840984435308,-0.006370686859424625,-0.0005205340938638463,0.00202806889899962,0.287903850986844,0.47889382640520733,0.46773452843938557,0.0007381434857268774,0.048659909871362504,0.0977991446852684,0.10000000149011612,,,,0.02044191158243588,0.2110615074634552,0.11094126921324503,0.029288077106078465,0.14088094873087748,0.010000000000000002,nan,0.7555495500564575,0.5021161437034607,0.6178973913192749,0.6399144530296326,0.2265625,0.336872935295105,0.9556905031204224,1.0,0.991319477558136,0.016763553023338318,0.019022492691874504
384,21,28,0.0,0.0019620217028118317,0.040943385855782596,,,,,,,,,8.585394019172305,0.0,0.6723767565992664,,0.034885279124691373,-0.2221582226810001,0.30890814179465886,0.15814280395750843,0.25831233035950435,0.9015794538316273,0.001784058002245036,0.008351442359742663,0.021265760773704165,0.0008579154078987935,0.0008502415206963663,0.01421524943517787,150.0,98.0,0.6317221181733268,1.1202526035762967,0.34775335448128836,0.6322293934367952,-0.006982059683650732,-0.0039490460462513425,-0.0005685309086055938,0.5535228181452978,0.4943847173736209,0.4864336961791629,0.0017121257759364589,0.06928925233937445,0.13759562586035048,0.10000000149011612,,,,0.025207590866124348,0.24987093039921351,0.11094447544642858,0.029304677709227518,0.10704981464715231,0.010000000000000002,nan,0.8110528588294983,0.43763306736946106,0.6402695775032043,0.6846644878387451,0.205078125,0.3798341155052185,1.0820434093475342,1.0,0.9891493320465088,0.024650143459439278,0.0189448744058609
386,24,24,0.0,-0.010102112622310718,0.013803980759500215,,,,,,,,,7.30084506670634,0.0,0.6668876821314845,,0.11002465927352507,-0.18611878094573817,0.29361570440232754,0.22132712540527186,0.3773437465230624,0.9518554707368215,-0.0004250860273108022,0.00838873783747355,0.015449471771717072,0.0008502415206963662,0.0007648794502669111,0.07297491934150457,150.0,129.33333333333334,0.3048723104099433,0.7090175648530325,0.2816201200087865,0.6556857625643412,-0.0036654011734450855,0.0003092745597920536,0.003720671326542894,0.2307676294197639,0.4814476470152537,0.4738714210689068,0.00015635542649761192,0.047734209103509784,0.0956252315081656,0.10000000149011612,,,,0.01737329878960736,0.19296875037252903,0.1109195842097203,0.029176032946755488,0.1369107918192943,0.010000000000000004,nan,0.8933526873588562,0.32892438769340515,0.7062913179397583,0.5678166151046753,0.2861328125,0.2178969383239746,0.6964046955108643,1.0,0.9934895634651184,0.027294421568512917,0.014172602444887161
390,14,28,0.0,-0.00034787898351039203,0.040032356578324525,,,,,,,,,8.823350327355522,0.0,0.6603908178819679,,0.0,-0.28795394407851355,0.3645813081945692,-0.004005389005344894,0.43621852142470224,0.937279462814331,0.003455518836355103,0.011201079402651106,0.030512575592313494,0.0007648794502669112,0.0008455422396915619,0.0,150.0,81.71428571428571,0.37673866961683544,0.8698170185089111,0.2636190823146275,0.7771500476769039,-0.006087019274543438,-0.0009041550113449505,0.0019477687726196433,0.3176921010017395,0.49060866449560436,0.47887667800698963,0.0010129771149617486,0.05516454125089305,0.11147834360599518,0.10000000149011612,,,,0.020864495042977587,0.20333718827792577,0.11088872062308448,0.029016527347266674,0.11603122044886861,0.009999999999999998,nan,0.8177763819694519,0.4273172616958618,0.7762625217437744,0.7467672228813171,0.384765625,0.3569343686103821,0.8469108939170837,1.0,1.0,0.01553256344050169,0.015190225094556808
395,8,32,0.0,0.002519816509447992,0.05629176553338766,,,,,,,,,7.340742856264114,0.0,0.6535276870191985,,0.03533934964798391,-0.20188491232693195,0.31599970906972885,0.3091900683939457,0.365234375,0.9326171875,0.002578769401225145,0.008206112310290337,0.016645409166812897,0.000845542239691562,0.0009122470130937452,0.027796100242994726,150.0,88.5,0.5414758436381817,1.0489757657051086,0.3390691429376602,0.7956447601318359,-0.0061756901850458235,-0.0028832773095928133,0.0003933743382731336,0.47078168392181396,0.4560834467411041,0.44849299639463425,0.0032034619798650965,0.0632624285062775,0.12846477888524532,0.10000000149011612,,,,0.026366697158664465,0.11263020895421505,0.11089217104017735,0.029034182662144303,0.12169849779456854,0.01,nan,0.7880702018737793,0.46049344539642334,0.7635568976402283,0.7386901378631592,0.3037109375,0.33201420307159424,1.095574975013733,1.0,0.9926215410232544,0.015803465619683266,0.024074900895357132
399,28,28,0.0,-0.0030339401148791823,0.02196399132455034,,,,,,,,,8.382039870534625,0.0,0.6474114821512253,,0.1692503017506429,-0.16817825713327952,0.20878300762602262,0.32801813000280944,0.2723552478211267,0.8911872676440648,-0.008030137720717383,0.008569005344595228,0.023164954568658556,0.0009122470130937454,0.000866634662439058,0.1692503017506429,150.0,94.71428571428571,0.7584847573723111,1.079318378652845,0.46458169392177034,0.6284535207918712,-0.007505954309765782,-0.004194142637840871,-0.0024222965210875763,0.6872038883822305,0.48111987113952637,0.47193371610982077,0.003388242373830508,0.04899823958320277,0.0975725217057126,0.10000000149011612,,,,0.02077041633726497,0.22892147036535399,0.1109012897525515,0.02908114357186215,0.13287122920155525,0.010000000000000004,nan,0.8478373289108276,0.4230082929134369,0.6069890856742859,0.6252247095108032,0.1787109375,0.42850595712661743,1.1430412530899048,1.0,0.999131977558136,0.03502350300550461,0.026351042091846466
402,18,24,0.0,-0.007038746132618851,0.023521476839151647,,,,,,,,,7.106389310624865,0.0,0.6415861419523493,,0.07877244634760751,-0.21378588759236866,0.3767032523949941,0.24753717498646843,0.38612770040829975,0.9398042228486803,0.00014558270149538858,0.004135379360781776,0.023133978247642517,0.0008666346624390582,0.000823302929317105,0.06321968572835128,150.0,110.5,0.5234280294842191,0.9718779789076911,0.4278308351834615,0.4621637529797024,-0.0070681658625188805,-0.003928095192855431,0.0004112006232996161,0.4832262959745195,0.47602567904525334,0.4672311312622494,7.699097275488182e-05,0.058031888471709356,0.11581533029675484,0.10000000149011612,,,,0.02365972009849631,0.14058971198068726,0.11089349993401104,0.029041005505455866,0.12126595113012525,0.010000000000000002,nan,0.8622439503669739,0.37505558133125305,0.4099828600883484,0.4421248435974121,0.2958984375,0.4364222288131714,1.0026838779449463,1.0,0.9956597089767456,0.028607770800590515,0.024581879377365112
405,24,24,0.0,-0.018095974170137197,0.01761973852990195,,,,,,,,,7.652273426453273,0.0,0.6357783921166466,,0.064777169842273,-0.19477755824724832,0.3012179223199685,0.24813568778336048,0.35291436066230136,0.9317549541592598,0.00023586518485293104,0.009207890058557192,0.016557561854521435,0.0008233029293171049,0.0007729456948725354,0.05403665561849872,150.0,123.16666666666667,0.4799441024661064,0.9308043519655863,0.3616522376736005,0.5919075248142084,-0.005193561528964589,-0.001453257760052414,0.0010545867695933946,0.3894817568361759,0.48774691795309383,0.48263221109906834,0.0011530333601209957,0.06147304161762198,0.13274349737912416,0.10000000149011612,,,,0.027096894414474566,0.24297305258611837,0.11088397136578958,0.028991980012506247,0.13237255749603113,0.010000000000000004,nan,0.8645879030227661,0.36808261275291443,0.5436561107635498,0.47975653409957886,0.2470703125,0.36108797788619995,0.8985587358474731,1.0,1.0,0.030659973621368408,0.027033593505620956
408,18,24,0.0,-0.003417035849351022,0.01890976204433375,,,,,,,,,7.761258469687568,0.0,0.6300164905832495,,0.12291310934556855,-0.2447015734182464,0.3595488402578566,0.18417324208550984,0.46062372128168744,0.9385371572441525,-0.0013482232720384167,0.007782116532325745,0.02550157242351108,0.0007729456948725352,0.0007342984101289086,0.1090057771652937,150.0,108.83333333333333,0.5166651606559753,0.8941512571440803,0.31080693668789333,0.7665756874614291,-0.004971749938300086,-0.0017086847542992069,0.0006317527177594053,0.4178926431470447,0.4690304497877757,0.4642959170871311,0.002451596624774134,0.06512369360360834,0.13409028574824333,0.10000000149011612,,,,0.025085439413992897,0.20883594039413664,0.1108836212919818,0.02899020423905717,0.12269964855578211,0.010000000000000002,nan,0.9060959815979004,0.32416966557502747,0.8159759640693665,0.7258926630020142,0.3984375,0.39467835426330566,1.0254487991333008,1.0,1.0,0.016621382907032967,0.026153307408094406
411,14,28,0.0,0.08221334099237408,0.019098551478236914,,,,,,,,,13.485606363841466,0.0,0.6241153324626573,,0.0,-0.1735685265489987,0.2271510043314525,-0.005138713450703237,0.3607486230986459,0.9631696428571429,0.005731336007426892,0.01071005527462278,0.01977281698158809,0.0007342984101289085,0.0008255845001360373,0.0,150.0,104.85714285714286,0.4095511777060373,0.8308676055499485,0.3544344902038574,0.598166073007243,-0.005033294595445373,-0.0008270262187579647,0.0015179583299738755,0.3330432309636048,0.4272747061082295,0.4216874028955187,0.003729963754137446,0.059904392276491435,0.1205948106944561,0.10000000149011612,,,,0.03192069764814472,0.21250429536615098,0.11089235278112548,0.02903523642037596,0.09968841927392143,0.009999999999999998,nan,0.8987051844596863,0.32061222195625305,0.5971890091896057,0.46519726514816284,0.2138671875,0.3183426856994629,0.8704578280448914,1.0,0.9982638955116272,0.02316063828766346,0.02336898446083069
414,24,24,0.0,-0.006743024801835418,0.02072706853505224,,,,,,,,,7.986053923765819,0.0,0.6183660484075371,,0.1921385768800974,-0.15889226645231247,0.30114774281779927,0.13622077895949283,0.21942288428544998,0.9476517389218012,-0.00591629733874773,0.0015086258451143901,0.008887991309165955,0.0008255845001360374,0.0007843052751292354,0.12718853540718555,150.0,149.16666666666666,0.4211798782149951,0.8669537653525671,0.47781842450300854,0.5473497485121092,-0.004729425806241731,-0.000967896778092836,0.0016936276163808846,0.3457855048278968,0.48923266927401227,0.4838653852542241,-0.0008123749879208239,0.05128594068810344,0.10592270052681367,0.10000000149011612,,,,0.020055167260579765,0.19044659783442816,0.11089894579102595,0.02906883570055167,0.09782660938799381,0.010000000000000004,nan,0.8332188129425049,0.42760902643203735,0.48092666268348694,0.4136493504047394,0.11328125,0.40384531021118164,0.8329489827156067,1.0,1.0,0.026003574952483177,0.025397147983312607
416,24,24,0.0,-0.013886830459038416,0.014992075351377329,,,,,,,,,8.7339093486468,0.0,0.6128948908841975,,0.1208353703841567,-0.19020503821472326,0.3643219756583373,0.41416458537181217,0.37799478818972904,0.9569010436534882,-0.001708500075134604,0.004670227567354838,0.012978803366422653,0.0007843052751292356,0.0007821982037725948,0.11036444207032521,150.0,132.33333333333334,0.35943670074145,0.8157369966308275,0.40981430063645047,0.536435687293609,-0.005829746776726097,-0.0010407236650280538,0.002838116852217354,0.3091214255740245,0.4941963826616605,0.48393022393186885,-0.0015404553338764042,0.058839381051560245,0.12338166311383247,0.10000000149011612,,,,0.01645855767613587,0.15924479207023978,0.11088843829929829,0.029014014328519504,0.11440949297199647,0.010000000000000004,nan,0.8635612726211548,0.37471118569374084,0.508004367351532,0.4385887682437897,0.22265625,0.43076443672180176,0.7687825560569763,1.0,1.0,0.0349915586411953,0.019704632461071014
418,24,24,0.0,-0.009232665179297328,0.008540580281987786,,,,,,,,,8.087691098451614,0.0,0.6074328884913173,,0.025664774196532864,-0.217311958471934,0.3027864756683509,0.12865666552291563,0.4121419241031011,0.9725585927565893,0.003815119145050024,0.008995695660511652,0.019027831653753918,0.000782198203772595,0.0008538953066020521,0.019836642779409885,150.0,117.0,0.48710208510359126,0.8543217654029528,0.43524326135714847,0.37803986730674904,-0.006030664779245853,-0.002145106394891627,0.0009637301017164646,0.4244338572025299,0.4925522195796172,0.48473647733529407,0.0008827050484493763,0.05088438342014948,0.10659283803155024,0.10000000149011612,,,,0.013927787716966122,0.16630859347060323,0.11085888308783372,0.028861555193240445,0.10077459551393986,0.010000000000000004,nan,0.895760178565979,0.35484078526496887,0.31486615538597107,0.2749467194080353,0.3310546875,0.46113985776901245,0.902579128742218,1.0,1.0,0.02430306375026703,0.021578239277005196
421,21,28,0.0,-0.030164204094381558,0.024501080846502668,,,,,,,,,8.093080759048462,0.0,0.6015200513101653,,0.0,-0.1784240383477438,0.2472485126484008,-0.008023031144624665,0.46827781200408936,0.9343234925043016,0.0027492709313741044,0.007560655474662781,0.026725883994783674,0.0008538953066020519,0.0008955166800348552,0.0,150.0,86.85714285714286,0.5734664457184928,0.824533033938635,0.3407769969531468,0.6114483376344045,-0.00679852483084514,-0.0027648809288317957,-1.158667180875671e-05,0.49580533163888113,0.4537112758982749,0.4421240605768703,0.004335930129725186,0.062155937332482564,0.12153584510087967,0.10000000149011612,,,,0.018786013647470446,0.17432177315155664,0.11082823113316581,0.028703751131182627,0.09539683766308285,0.010000000000000002,nan,0.7737728357315063,0.4756947457790375,0.5909051895141602,0.6763076186180115,0.404296875,0.3903709650039673,0.8555215001106262,1.0,1.0,0.00997844897210598,0.02384205162525177
428,32,32,0.0,-0.008275479456642643,0.04056405642768368,,,,,,,,,7.762806452810764,0.0,0.5940717348823782,,0.0,-0.21094579715281725,0.28887503407895565,-0.0027922908557229675,0.23905008658766747,0.8736963476985693,0.004381386803288478,0.009213072247803211,0.022120237350463867,0.0008955166800348547,0.000971242557039868,0.0,150.0,94.0,0.4845408359542489,1.1616430506110191,0.35307506285607815,0.7328027784824371,-0.004819529742235318,-0.001616204199308413,0.0010544646083872067,0.3922524154186249,0.4792538098990917,0.46992271300405264,0.0008172824714165472,0.05664825742132962,0.11927051050588489,0.10000000149011612,,,,0.022561069068615325,0.2392632095143199,0.11083189095370471,0.028722913179080933,0.13893525209277868,0.010000000000000004,nan,0.8137311935424805,0.43898898363113403,0.7007926106452942,0.6956827640533447,0.1943359375,0.3798521161079407,1.1261048316955566,1.0,0.9995659589767456,0.02070629969239235,0.0315316766500473
430,24,24,0.0,-0.00913392628232638,0.015722159179858863,,,,,,,,,8.323734273513159,0.0,0.5886517160399549,,0.07730720130105813,-0.26998324257632095,0.4194212344785531,0.27472911433627206,0.396093746026357,0.9455403685569763,-1.7735201557419106e-05,0.005831167101860046,0.020358941207329433,0.0009712425570398685,0.0009226804291878745,0.05728465489422282,150.0,117.33333333333333,0.3909391003350417,0.9931060473124186,0.3298146078983943,0.46243148297071457,-0.006233540227791916,-0.0012941795988202405,0.0022001914136732617,0.3080391126374404,0.49296598757306737,0.48060905933380127,0.0005637611743622983,0.06119689360881845,0.1265547446285685,0.10000000149011612,,,,0.01811093206924852,0.1846679700538516,0.11083109397441149,0.028718466327215236,0.1397759591539701,0.010000000000000004,nan,0.8847706913948059,0.3619479537010193,0.40877029299736023,0.3888532519340515,0.2998046875,0.3259683847427368,1.0400642156600952,1.0,0.9978298544883728,0.02524552494287491,0.030687710270285606
434,14,28,0.0,0.0012904205026903323,0.02934129403105804,,,,,,,,,8.40579618726458,0.0,0.5826435373063373,,0.0,-0.2636207033480917,0.3059691733547619,-0.0032359561383990304,0.40968406200408936,0.9270003437995911,0.0061989878636917895,0.014246277511119843,0.025739938020706177,0.0009226804291878747,0.001029046041323684,0.0,150.0,83.14285714285714,0.48806399745600565,0.8582740468638284,0.26543588297707693,0.6664608546665737,-0.006059109632458005,-0.002573037104281996,0.0008778239568658007,0.4257993059498923,0.45983900129795074,0.45341821227754864,0.0028204545794454005,0.05615857110491821,0.11861778902156013,0.10000000149011612,,,,0.02612718881573528,0.22746394468205317,0.11083948825086866,0.02876171695866755,0.14668189414909907,0.009999999999999998,nan,0.895732045173645,0.323421835899353,0.645124077796936,0.6225119233131409,0.3291015625,0.26409220695495605,0.8790764212608337,1.0,0.9895833134651184,0.015235645696520805,0.02225685492157936
437,18,24,0.0,-0.0068057130297852885,0.020305585219628282,,,,,,,,,6.858401934305827,0.0,0.576973249917259,,0.005734379455033276,-0.2117915443248219,0.27717721627818215,0.011458357330411673,0.3620564076635573,0.9200469321674771,0.003639698934016956,0.010697343283229403,0.022440683510568406,0.001029046041323684,0.0010964703046851807,0.0,150.0,114.33333333333333,0.5720523761378394,0.9233309461010827,0.2559541298283471,0.5952403975857629,-0.004685561224404309,-0.0024256733627731186,0.00042167183508152247,0.45497939321729874,0.46187641885545516,0.45427362620830536,0.002240921162511869,0.06315338239073753,0.12859652481145328,0.10000000149011612,,,,0.021496254860216543,0.19046095261971155,0.11083282985621029,0.028727116684118908,0.12418702741463979,0.010000000000000002,nan,0.8955750465393066,0.3291964530944824,0.5905411243438721,0.5977471470832825,0.3251953125,0.27286505699157715,1.0015443563461304,1.0,0.9956597089767456,0.023937774822115898,0.029326779767870903
440,24,24,0.0,-0.01575014096063872,0.017748789124501247,,,,,,,,,6.209398200114568,0.0,0.5712931715942258,,0.04424148409937819,-0.2131139716754357,0.33118685831626254,0.051118273520842195,0.34711461265881854,0.946254367629687,0.0015602897813854117,0.0055100613584121065,0.01679058497150739,0.001096470304685181,0.0010971335440233267,0.0,150.0,121.16666666666667,0.40551165367166203,0.9213689888517061,0.24184861034154892,0.450807336717844,-0.005108734767418355,-0.0011124736305797949,0.0023258403671206906,0.32284286494056386,0.5123225909968218,0.5015617025395235,0.00033698186446902884,0.06244788489614924,0.13242353250583014,0.10000000149011612,,,,0.01814625220625506,0.17310770880430937,0.11082008512069781,0.028660803722838562,0.12303981774797042,0.010000000000000004,nan,0.9142150282859802,0.2944314479827881,0.41763535141944885,0.43656301498413086,0.2412109375,0.21117091178894043,0.8987451791763306,1.0,1.0,0.01195287611335516,0.02740333043038845
444,28,28,0.0,0.005028026777186564,0.014646004885435104,,,,,,,,,8.363529537405286,0.0,0.5653977238498858,,0.0,-0.20800418832472392,0.2635573334991932,-0.002238471036045147,0.37307906576565336,0.8953146530049187,0.005641129200479814,0.010340959898063115,0.022160508802958896,0.0010971335440233267,0.0011964041393147816,0.0,150.0,94.14285714285714,0.49928947484919,0.9234864413738251,0.3168205576283591,0.6224426584584373,-0.004941388756768512,-0.0011763732763938606,0.001139760888431088,0.3635181747376919,0.49545338856322424,0.4822050907782146,0.0003521798841705147,0.04814216068812779,0.09788603601711136,0.10000000149011612,,,,0.017808285034594258,0.17391397750803403,0.11082464296902929,0.02868384136153119,0.13103375557277883,0.010000000000000004,nan,0.9200431108474731,0.2832818627357483,0.6053017377853394,0.5586549043655396,0.185546875,0.2598288059234619,0.9042534232139587,1.0,1.0,0.023924490436911583,0.029142288491129875
446,24,24,0.0,-0.00334309091946731,0.01604355250795682,,,,,,,,,7.593786060810089,0.0,0.5600736254878137,,0.05789053323678672,-0.2837132041652997,0.3783046118915081,0.22718475138147673,0.3634440104166667,0.9196614598234495,0.0008874852950005637,0.011831101030111313,0.026046544313430786,0.001196404139314781,0.0011365839323490424,0.03619572659954429,150.0,108.33333333333333,0.5363151046137015,0.9381759713093439,0.28894659628470737,0.2924896851181984,-0.006392598520809163,-0.0038638587963456907,0.0005212013426595755,0.47024347881476086,0.4899197779595852,0.48278408249219257,0.00208035558409847,0.05469778956224521,0.10909797437489033,0.10000000149011612,,,,0.01649287417725039,0.17880859350164732,0.1108509125187993,0.028819103725254536,0.09223729309936364,0.010000000000000004,nan,0.8725608587265015,0.36888161301612854,0.28357449173927307,0.39691492915153503,0.2685546875,0.2992668151855469,0.9607183337211609,1.0,1.0,0.01918080821633339,0.029229793697595596
448,24,24,0.0,0.0004050213610753417,0.014410667567669103,,,,,,,,,8.567334592342377,0.0,0.5547717151130557,,0.09313368114332359,-0.19851328308383623,0.31059016038974124,0.2212163402388493,0.3714843715230624,0.9337890644868215,-0.00044138662421270663,0.0058304499834775925,0.017451460162798565,0.001136583932349042,0.0010797547357315903,0.05762859410606325,150.0,117.16666666666667,0.37906839698553085,0.8442076643308004,0.3109322488307953,0.2937006112188101,-0.007274955608105908,-0.0027058106394785377,0.003616384531293685,0.34082722042997676,0.47709497685233754,0.46636498471101123,0.00035760499849857297,0.05043534841388464,0.09930468164384365,0.10000000149011612,,,,0.025182509610507015,0.21663411582509676,0.11084535531699657,0.02879089016156892,0.1157740109289686,0.010000000000000004,nan,0.8378912806510925,0.408048540353775,0.30048060417175293,0.36104488372802734,0.26953125,0.2709909677505493,0.8558229804039001,1.0,1.0,0.02529626525938511,0.024904660880565643
452,21,28,0.0,-0.002535993965076549,0.04672396271711304,,,,,,,,,7.380241371336437,0.0,0.5486013242794238,,0.0,-0.2161831713858105,0.29177533586819965,-0.0031217822494606176,0.40780344747361685,0.9205779461633592,0.004347111342386121,0.00837036044824691,0.026494742858977544,0.00107975473573159,0.0011584451747457109,0.0,150.0,85.14285714285714,0.5015241375991276,0.8846348921457926,0.2684006094932556,0.7127217820712498,-0.006191277721275886,-0.002363817799570305,0.0010612612088499148,0.401509138799849,0.4880528151988983,0.47795345669700984,0.0015946428684401326,0.059711823683409465,0.12005061549799782,0.10000000149011612,,,,0.020080395963131673,0.20243122641529357,0.11085414389769237,0.028836893449936594,0.12411669322422572,0.010000000000000002,nan,0.7914977073669434,0.4568067789077759,0.6721680760383606,0.6874329447746277,0.375,0.33620214462280273,0.8409879803657532,1.0,1.0,0.01875974051654339,0.01973905600607395
454,18,24,0.0,0.008088435900087157,0.016760418398512736,,,,,,,,,11.578141490618387,0.0,0.5433520391577337,,0.27247340480486554,-0.18725414905283186,0.3596603290902244,0.3616652588049571,0.2410156230131785,0.9266927109824287,-0.0190390654736095,0.00011302447981304592,0.008863493800163269,0.001158445174745711,0.0011005229160084252,0.2533283573057916,150.0,133.16666666666666,0.4598316682709588,0.8885463542408414,0.31617741452323067,0.46798568964004517,-0.004383603925816715,-0.0012049521998657535,0.0017921221636546154,0.3605285949177212,0.4939651174677743,0.4837034609582689,-0.0012015270703058275,0.06537865619692537,0.14096156424946255,0.10000000149011612,,,,0.023466926443183586,0.23606770982344946,0.11087065355645286,0.028922456316649914,0.15207951681481469,0.010000000000000002,nan,0.8833483457565308,0.34728381037712097,0.46070289611816406,0.44931575655937195,0.2109375,0.260209321975708,0.8868650794029236,1.0,0.9752604365348816,0.029061151668429375,0.03143981099128723
459,14,28,0.0,-0.001059511410338538,0.04696525114455393,,,,,,,,,8.256727746554784,0.0,0.5372756792625725,,0.020142280030995607,-0.2503659065280642,0.3191745047058378,0.054206800825860615,0.43249362281390596,0.919252233845847,0.0037419977098969476,0.010167683873857771,0.02722220548561641,0.0011005229160084252,0.0011924771059673384,0.006989992290203061,150.0,86.28571428571429,0.4309773785727365,0.9281269865376609,0.3078463631016867,0.7233322007315499,-0.007544687350413629,-0.0011949691906920634,0.0016415373206005565,0.31880261429718565,0.46813911838190897,0.4563279173203877,0.0014552168182230421,0.06476946121879987,0.1302558391221932,0.10000000149011612,,,,0.02293505343342466,0.15749362323965346,0.11087957556758608,0.028968658032161847,0.1362163328698703,0.009999999999999998,nan,0.8069339394569397,0.4394186735153198,0.7100265622138977,0.704876184463501,0.337890625,0.3437138795852661,0.9261000752449036,1.0,0.999131977558136,0.0292507391422987,0.02734771929681301
461,24,24,0.0,-0.004378913901746273,0.015235405376491448,,,,,,,,,7.078980425993602,0.0,0.5320849565913655,,0.039413153659552336,-0.2103270391623179,0.27930160736044246,0.19595761597156525,0.5159830724199613,0.9664062509934107,0.0032082674400347364,0.008872641250491142,0.024684196958939236,0.001192477105967339,0.001261418167820793,0.03043448630099495,150.0,104.0,0.45374418795108795,0.6747945720950762,0.31219680855671567,0.626323771973451,-0.004210076731396839,-0.0007951411633560687,0.0018352473440851706,0.3343108252932628,0.47739244252443314,0.467932033042113,0.0022298848337716968,0.05830594928314289,0.114247918749849,0.10000000149011612,,,,0.021902956194632377,0.20491536489377418,0.11088164305935304,0.028979328616211813,0.14948223531246185,0.010000000000000004,nan,0.8516002297401428,0.39376595616340637,0.6727114915847778,0.44079697132110596,0.4462890625,0.3062132000923157,0.7510371208190918,1.0,0.9934895634651184,0.043257515877485275,0.027571439743041992
466,14,28,0.0,0.0075251445440309385,0.06007562763988972,,,,,,,,,7.312651225498745,0.0,0.5260374104528828,,0.043152603054685254,-0.22897073732955114,0.30067924090794157,0.023979683805789267,0.40849682688713074,0.9038416360105787,0.003123559556635363,0.011094152927398682,0.025950253009796143,0.0012614181678207927,0.001372167958004132,0.0,150.0,85.14285714285714,0.5169433227607182,0.9401721443448748,0.3367932822023119,0.657345827136721,-0.006691837783104607,-0.002885245643223503,0.001006785123276391,0.4306949717657907,0.464473728622709,0.453697138598987,0.0021203838379213785,0.06350749518190112,0.1312407845897334,0.10000000149011612,,,,0.02816365996425572,0.23020441830158234,0.11088836246303149,0.029014156865222112,0.09809971175023488,0.009999999999999998,nan,0.7511211633682251,0.5060948133468628,0.6295070648193359,0.6838353872299194,0.3017578125,0.2950383424758911,0.8852901458740234,1.0,1.0,0.0333637073636055,0.03395216166973114
468,24,24,0.0,-0.00840815119833375,0.012340476658816138,,,,,,,,,6.506789604822795,0.0,0.5209115068215181,,0.0,-0.2019799519330263,0.23367025765279928,-0.0020983030941958227,0.48121744642655057,0.9694010416666666,0.007196809980086982,0.015284880995750427,0.025507062673568726,0.0013721679580041316,0.0015018272113338294,0.0,150.0,102.33333333333333,0.6263950789968172,0.6700342868765196,0.331403652826945,0.7356635332107544,-0.00766901751436914,-0.0031548290086599686,5.162003920607579e-06,0.5036325206359228,0.47221069037914276,0.4596875806649526,0.0034925581729415476,0.05358130903914571,0.11145084196080764,0.10000000149011612,,,,0.019461157033219934,0.17558593768626451,0.11090564200033744,0.029103295023863513,0.07879620076467593,0.010000000000000004,nan,0.8368825316429138,0.47164493799209595,0.75069260597229,0.6713605523109436,0.2958984375,0.3036435842514038,0.7426172494888306,1.0,1.0,0.040694307535886765,0.028271116316318512
471,14,28,0.0,0.09397741792989629,0.03257417891706739,,,,,,,,,12.987669365746635,0.0,0.5154578659916905,,0.09159532082932335,-0.2669472683753286,0.30854065290519167,0.07318269641005568,0.4304315447807312,0.9553571428571429,-0.01025045950830515,0.015215320246560233,0.03261101245880127,0.0015018272113338294,0.0016511592829454155,0.07643081726772445,150.0,73.28571428571429,0.5617449751922062,0.844742442880358,0.32040570037705557,0.5213292901005063,-0.006736299621739558,-0.003637759347579309,-0.00015711229934822768,0.5045994882072721,0.4797832305942263,0.46655829676559996,0.005443781963549554,0.061974937096238136,0.12114447355270386,0.10000000149011612,,,,0.03333663162110107,0.2751116082072258,0.1109142079949379,0.029147224367729256,0.09897775575518608,0.009999999999999998,nan,0.8684722185134888,0.3626718819141388,0.49284106492996216,0.5529893636703491,0.337890625,0.3443484902381897,0.7921832799911499,1.0,1.0,0.04089090973138809,0.028261631727218628
473,24,24,0.0,-0.008439206557037929,0.012292406405322254,,,,,,,,,7.507816970348358,0.0,0.5103993131226562,,0.0,-0.2316254979620377,0.25838861738642055,-0.002799105912951442,0.5458984350164732,0.9385416681567827,0.009855301662658652,0.015529769783218702,0.033024189372857414,0.0016511592829454161,0.0018067560680781675,0.0,150.0,86.33333333333333,0.5325161255896091,0.6995708594719569,0.2913202593723933,0.3677268090347449,-0.006342462380416691,-0.002720690817416956,0.001275360974735425,0.4088423376282056,0.4776343492170175,0.47110262016455334,0.0008811022319908565,0.05613870111604532,0.10871699079871178,0.10000000149011612,,,,0.020012676706149552,0.20149739633779973,0.1109263024603327,0.02920954565828045,0.07585108218093713,0.010000000000000004,nan,0.8508825898170471,0.4118199646472931,0.41656771302223206,0.4046412408351898,0.4228515625,0.2501303553581238,0.7044135928153992,1.0,0.9978298544883728,0.029033377766609192,0.02977200597524643
475,12,24,0.0,-0.006319632288068533,0.014137377341588339,,,,,,,,,6.053511798381805,0.0,0.5053752046342186,,0.022458292388667662,-0.2721888485054175,0.3118604173262914,0.03853311781616261,0.5794921865065893,0.9569661468267441,0.004774140873147796,0.02205376699566841,0.038434321681658425,0.0018067560680781675,0.0018568094208230685,0.0,150.0,75.83333333333333,0.5394746859868368,0.6089926610390345,0.28544307748476666,0.3730843861897786,-0.007845863273056844,-0.004154560330789536,0.0006686860651825555,0.47663918137550354,0.46290935575962067,0.44698234150807065,0.0009092415881847652,0.06317997879038255,0.12326937044660251,0.10000000149011612,,,,0.02149456336822671,0.15384114595750967,0.11093029131491979,0.02922996102521817,0.07199228865404923,0.009999999999999998,nan,0.8721614480018616,0.3579447269439697,0.3468441367149353,0.517545759677887,0.4697265625,0.2776600122451782,0.6324424147605896,1.0,1.0,0.03311842307448387,0.02189422771334648
478,12,24,0.0,0.0065372910661002,0.032868846164395414,,,,,,,,,9.952029863993326,0.0,0.5000969163297865,,0.09119206992909312,-0.2351620408395926,0.32493482530117035,0.17914860571424165,0.37537355720996857,0.9403389642635981,-0.0026273559360561194,0.008432320008675257,0.021947885553042095,0.0018568094208230685,0.001798620932732058,0.05712805331374208,150.0,110.83333333333333,0.34568076580762863,0.6992820352315903,0.28263892730077106,0.6533089329799017,-0.005503102787770331,-3.673509430276075e-05,0.004236066558708747,0.2502577242751916,0.47466497123241425,0.4654514342546463,-0.0016439508666129161,0.06715960490206878,0.13023754147191843,0.10000000149011612,,,,0.021781833260320127,0.14254076840976873,0.11092830635607243,0.029219518570850294,0.07193476520478725,0.009999999999999998,nan,0.837701141834259,0.4355243146419525,0.6584097743034363,0.5945361852645874,0.283203125,0.2621074914932251,0.6631207466125488,1.0,0.9982638955116272,0.02775774896144867,0.028985437005758286
481,12,24,0.0,0.004311101200679938,0.026292915145556133,,,,,,,,,6.905676265557607,0.0,0.4948771671853498,,0.06211842782795429,-0.26203907405336696,0.35913678258657455,0.1611085639645656,0.40623093644777936,0.9356422126293182,0.0014064442214779167,0.007764305919408798,0.027545539041360218,0.0017986209327320582,0.0018238347795566912,0.029526487380887072,150.0,101.83333333333333,0.5003429055213928,0.8429251362880071,0.25513945519924164,0.5430544142921766,-0.005655437339252482,-0.0018399507922974105,0.0017705365559474255,0.354346364736557,0.4848047246535619,0.4697500268618266,0.0008680203657907745,0.06431236273298661,0.1399178138623635,0.10000000149011612,,,,0.01989154820330441,0.1670956996579965,0.1109268106520176,0.029211641444514196,0.09716509096324444,0.009999999999999998,nan,0.8778135180473328,0.3512782156467438,0.5319164395332336,0.5549769401550293,0.30859375,0.2568659782409668,0.8094884753227234,1.0,1.0,0.024602454155683517,0.025633253157138824
484,24,24,0.0,-0.012180753441498382,0.015694601538901527,,,,,,,,,6.645512173573176,0.0,0.48971697683591425,,0.03461263064915935,-0.2654670501748721,0.3434365193049113,0.08676688140258193,0.4756360128521919,0.9319786752263705,0.003026217430791197,0.010344854866464933,0.02967060978213946,0.0018238347795566914,0.0018919625333285984,0.0,150.0,95.83333333333333,0.38052187735835713,0.720451258122921,0.20493022352457047,0.6074095691243807,-0.0068315436753133936,-0.0006401969141431133,0.003296524955658242,0.2631461980442206,0.4829660964508851,0.4681916410724322,0.0002761491687124362,0.05947690814112624,0.1242809131120642,0.10000000149011612,,,,0.01872722360227878,0.17016949442525706,0.11093978211283684,0.029278293795262773,0.05715888521323601,0.010000000000000004,nan,0.9182082414627075,0.28685885667800903,0.6327402591705322,0.5936067700386047,0.4140625,0.19592928886413574,0.7637248039245605,1.0,0.9978298544883728,0.01823781430721283,0.026888862252235413
486,24,24,0.0,-0.014614939612026015,0.012654108034136394,,,,,,,,,6.6245685915152235,0.0,0.48484954422163556,,0.08122113331531484,-0.24554197552303472,0.3247738753755887,0.19234591132650772,0.5112304662664732,0.9630859394868215,0.0013056858518514975,0.01018508275349935,0.02815199022491773,0.0018919625333285988,0.0018834019739418747,0.027908691903576255,150.0,98.0,0.47298576558629674,0.6610776136318842,0.20476539184649786,0.551148255666097,-0.006980097930257519,-0.0019346113222127315,0.00231709921596727,0.35923788137733936,0.48093972603480023,0.47567084804177284,-0.0004735381104789364,0.06721869964773457,0.1341458105792602,0.10000000149011612,,,,0.01859845222012761,0.17565104241172472,0.11093584541231394,0.029257622159396608,0.046706342759231724,0.010000000000000004,nan,0.8873348832130432,0.33607515692710876,0.5461809635162354,0.6960896253585815,0.4150390625,0.20708823204040527,0.6756421327590942,1.0,1.0,0.026037920266389847,0.029433060437440872
488,12,24,0.0,0.005194972114016612,0.009846261236816645,,,,,,,,,8.130237301190695,0.0,0.48002286001112177,,0.009003994210312763,-0.3025495360294978,0.35799091806014377,0.02445705320375661,0.5873697896798452,0.9569661468267441,0.004385302755205582,0.015203100939591726,0.034982651472091675,0.0018834019739418747,0.0019433535203810038,0.0,150.0,84.83333333333333,0.37426265329122543,0.5927402873833975,0.1292849580446879,0.6425801912943522,-0.0057485374466826515,-0.0011265534625029734,0.0036386558592009046,0.29698778688907623,0.4754917745788892,0.4679389347632726,0.0021420994841416055,0.056121740490198135,0.11471870541572571,0.10000000149011612,,,,0.021595411041441064,0.18593750149011612,0.11091590051849683,0.029154368055363495,0.05809583639105161,0.009999999999999998,nan,0.9342759847640991,0.25894078612327576,0.6668614745140076,0.5769575834274292,0.513671875,0.14192253351211548,0.5574246644973755,1.0,1.0,0.0269201397895813,0.022462917491793633
491,24,28,0.0,-0.013189791779344281,0.018575546176483233,,,,,,,,,5.234907805919647,0.0,0.47491734638107824,,0.0,-0.28745386749505997,0.31360871468981105,-0.0024947197428749255,0.51123046875,0.931640625,0.008744445338379592,0.021797796090443928,0.03410006438692411,0.0019433535203810038,0.002073206885988763,0.0,150.0,80.95833333333333,0.4247589235504468,0.6898854573567709,0.14531455437342325,0.5463165628413359,-0.007283311084999393,-0.002128603032057678,0.0032563862041570246,0.308682960147659,0.4732985633114974,0.4581061502297719,0.00045955761894826236,0.061951513246943556,0.12225423504908879,0.10000000149011612,,,,0.02309369113451491,0.18196614583333334,0.11090730285892884,0.029110147152096033,0.05906829237937927,0.010000000000000004,nan,0.9117822647094727,0.30158141255378723,0.5370099544525146,0.5240141153335571,0.40625,0.10039979219436646,0.6395520567893982,1.0,1.0,0.019096501171588898,0.026767179369926453
494,12,24,0.0,0.010087535862112418,0.026193893359353144,,,,,,,,,7.0228652358055115,0.0,0.4699068772272898,,0.003981784684583545,-0.26641523217161495,0.2996615022420883,0.0026744840821872153,0.5518556038538615,0.9475683669249216,0.007141222828067839,0.016981237878402073,0.03741063177585602,0.002073206885988763,0.0022168597240235107,0.0,150.0,80.66666666666667,0.48689568787813187,0.666694184144338,0.21476053694883981,0.5877997030814489,-0.007070266408845782,-0.0024746332698365827,0.0021809860966944448,0.3506791219115257,0.49074436475833255,0.48543215294679004,0.0004127318958732455,0.06936087645590305,0.13965754707654318,0.10000000149011612,,,,0.040865666543444,0.2707422375679016,0.11091424338519573,0.029146047464261454,0.04839462352295717,0.009999999999999998,nan,0.8807941675186157,0.34615635871887207,0.5886756777763367,0.6010112762451172,0.427734375,0.21810191869735718,0.661289393901825,1.0,0.9982638955116272,0.02612047642469406,0.02223215065896511
497,28,28,0.0,-0.03753539901559374,0.013369126241221758,,,,,,,,,9.847650808947426,0.0,0.46488778579190226,,0.041817873949185014,-0.23066872491368226,0.31369047266032013,0.059467501867662316,0.49333147278853823,0.9424665187086377,0.004206833413003811,0.011454434799296516,0.02503585602555956,0.00221685972402351,0.002275937240441096,0.0,150.0,86.14285714285714,0.37998272318925175,0.6281230939286095,0.20941343690667832,0.6888074725866318,-0.005454119398824072,0.001033729671170087,0.005048475151332761,0.1963848386492048,0.5546115104641233,0.5429655164480209,-0.003174451658196631,0.049035564896517565,0.10188165346958808,0.10000000149011612,,,,0.016101186637700136,0.17617187542574747,0.11092287807592324,0.029190292049731528,0.059372294561139176,0.010000000000000004,nan,0.8991976976394653,0.3288516104221344,0.6081896424293518,0.4262871742248535,0.427734375,0.1734144687652588,0.5734753608703613,1.0,1.0,0.0278452318161726,0.018770426511764526
500,24,24,0.0,-0.008132148223618666,0.028408820003581543,,,,,,,,,7.2514987885952,0.0,0.4599722955328664,,0.0294926114147529,-0.25764917768538,0.3059675296147664,0.11485802234771351,0.4220404202739398,0.9409093235929807,0.003993095238305007,0.016317306086421013,0.030444469302892685,0.002275937240441096,0.002336153682959732,0.009203404498596987,150.0,90.0,0.600349634885788,0.7696421320239702,0.228982575237751,0.5674354669948419,-0.005941722076386213,-0.002357762049844799,0.0009871517765229025,0.43336452667911846,0.48789255196849507,0.47519099339842796,0.0030307016422739252,0.06467256431157391,0.13367157119015852,0.10000000149011612,,,,0.018655842141015455,0.17405333121617636,0.11091793390611808,0.029164486021424334,0.07624131285895903,0.010000000000000004,nan,0.8299968242645264,0.41581451892852783,0.5790526270866394,0.575655996799469,0.376953125,0.2235872745513916,0.8291627168655396,1.0,0.9995659589767456,0.014948418363928795,0.03542134165763855
503,28,28,0.0,-0.015452065105949129,0.03678909369877407,,,,,,,,,9.1582744206701,0.0,0.454954026589995,,0.1586428755628211,-0.22729751520923205,0.3378463547144617,0.16426111877496755,0.2935120995555605,0.9377716758421489,-0.0022708748011999497,0.0064566342958382195,0.020612871008259908,0.0023361536829597314,0.0022193459988117453,0.06184431557942714,150.0,101.28571428571429,0.47805269914014,0.9385234649692263,0.290530332497188,0.30688280133264406,-0.006808153170693133,-0.0028193673227048877,0.0027305435131503536,0.371729844382831,0.5111202427319118,0.4915801691157477,-0.0004006957832254037,0.05666684252875192,0.11018885778529304,0.10000000149011612,,,,0.018528002343373373,0.18542939371296338,0.11090426705777645,0.02909385067011629,0.07578351880822863,0.010000000000000004,nan,0.7338581085205078,0.5232534408569336,0.23392170667648315,0.26693782210350037,0.1826171875,0.2133907675743103,0.9117600321769714,1.0,0.9986979365348816,0.020372455939650536,0.03164365887641907
505,24,24,0.0,-0.01449278099850441,0.014264232944697142,,,,,,,,,6.855096290508906,0.0,0.45041330717651235,,0.10037206982572873,-0.2808180768042803,0.3893705817560355,0.290779418622454,0.4327799454331398,0.923307292163372,0.00030141513267759973,0.009171497697631517,0.025686199466387432,0.0022193459988117457,0.0020034664966959454,0.05280215355257193,150.0,105.0,0.4492579288780689,0.7770821476976076,0.25735753029584885,0.4161899574100971,-0.006607238028664142,-0.002204875566652239,0.0033172815262029567,0.3436763311425845,0.5138539535303911,0.49485815316438675,-0.00038121130849807133,0.05928234942257404,0.12108960499366124,0.10000000149011612,,,,0.010568602049412826,0.10537109388193737,0.11088480738302071,0.0289936358264337,0.06295479880645871,0.010000000000000004,nan,0.8567213416099548,0.3792407810688019,0.3519974946975708,0.48779720067977905,0.3388671875,0.17777764797210693,0.8019943237304688,1.0,1.0,0.012362579815089703,0.02827759087085724
507,24,24,0.0,-0.0069653025129809976,0.00898826428844283,,,,,,,,,7.689822067817052,0.0,0.44592183279300407,,0.0,-0.2067159085224072,0.2517695967108011,-0.0028748713278522096,0.4566406235098839,0.9264322941501936,0.0072342850229082005,0.010592101141810417,0.02704275647799174,0.002003466496695944,0.0021390389708138033,0.0,150.0,96.0,0.49906954045097035,0.6897147794564565,0.27440256873766583,0.3433739983787139,-0.007003903214354068,-0.0022922303736171066,0.0019826143373696445,0.3733288124203682,0.4962471437950929,0.4835689092675845,0.0011651984667272093,0.04836845754956206,0.09914270291725795,0.10000000149011612,,,,0.013244182744529098,0.14462890724341074,0.11086680088192225,0.02890047407709062,0.08379197275886933,0.010000000000000004,nan,0.862504780292511,0.3954622447490692,0.29167237877845764,0.3535201847553253,0.3759765625,0.28833043575286865,0.7450990080833435,1.0,1.0,0.03596028313040733,0.031562305986881256
509,24,24,0.0,-0.018059380119666457,0.011029893551797917,,,,,,,,,6.979062467813492,0.0,0.4414807116435668,,0.07183167532396813,-0.2841259843359391,0.38584038987755775,0.31121102287822094,0.4647786443432172,0.9557291691501936,0.0009384585373481968,0.013357533141970634,0.0325452076892058,0.0021390389708138024,0.0021713676558118237,0.04273770520618806,150.0,89.83333333333333,0.6248358463247617,0.7321154872576395,0.26293279230594635,0.49749453365802765,-0.0076734931402218836,-0.003949074288054059,-0.0005776249487704869,0.5455875371893247,0.4871237501502037,0.4725007601082325,0.0011496128693882686,0.05480911023914814,0.11202037924279769,0.10000000149011612,,,,0.01647755906257468,0.15169270833333334,0.11088918646176656,0.029015715699642897,0.09928191018601258,0.010000000000000004,nan,0.8750013709068298,0.35914403200149536,0.46839699149131775,0.5500614047050476,0.40625,0.25876474380493164,0.7613704800605774,1.0,1.0,0.024624159559607506,0.02219143882393837
511,24,24,0.0,-0.01672342202315728,0.012649216844389835,,,,,,,,,6.030860955516498,0.0,0.43709103950839007,,0.052848445678440235,-0.29063049890100956,0.3774018834034602,0.18290335747102895,0.4537760416666667,0.9376953120032946,0.002376067167157695,0.010946129138271013,0.02630218615134557,0.0021713676558118224,0.0021008448955896373,0.02858994030005609,150.0,104.16666666666667,0.4228910654783249,0.728981172045072,0.30704397708177567,0.445457823574543,-0.005064955543881903,-0.0017838154769075725,0.003315427398774773,0.3246569652110338,0.5010083764791489,0.481386245538791,-0.0020545758149334383,0.04823678328345219,0.10202017364402612,0.10000000149011612,,,,0.012692776901531033,0.1440755220440527,0.11089303654929002,0.02903549016142885,0.09736170309285323,0.010000000000000004,nan,0.8657889366149902,0.36666154861450195,0.4040271043777466,0.33434972167015076,0.376953125,0.3207817077636719,0.7166398167610168,1.0,0.9995659589767456,0.04061673581600189,0.027810007333755493
515,14,28,0.0,0.005048351628439767,0.04493450040795973,,,,,,,,,8.170950242451259,0.0,0.43211688926405767,,0.09094509881521974,-0.2512937102999006,0.39415659649031504,0.20131341687270574,0.34182548948696684,0.9092452781541007,0.0010800932385401601,0.005429972495351519,0.022617608308792114,0.0021008448955896378,0.0019958026508101554,0.025622463918157985,150.0,105.85714285714286,0.23906210064888,0.8485293558665684,0.2759754146848406,0.6210694142750331,-0.00481948906755341,0.002425210242758372,0.005599067978827017,0.14611466069306647,0.5003570382084165,0.48139012711388723,-0.0030441630764731337,0.05233676385666643,0.10502569004893303,0.10000000149011612,,,,0.018996270639555796,0.1869491200361933,0.11089964849608284,0.029069681917982444,0.0878984204360417,0.009999999999999998,nan,0.8094958662986755,0.48266297578811646,0.5767099261283875,0.5195555090904236,0.271484375,0.2714400291442871,0.783970057964325,1.0,1.0,0.0403488352894783,0.03413734212517738
517,24,24,0.0,-0.006398720472740631,0.01267081000454103,,,,,,,,,5.7044097284475965,0.0,0.42784137016693363,,0.0,-0.25897702636818093,0.2826356925070286,-0.0024344565269226828,0.5611002594232559,0.9643554712335268,0.009918555112866064,0.019073430448770523,0.03577786684036255,0.001995802650810154,0.0021632749202933382,0.0,150.0,79.5,0.6080051499108473,0.597345215578874,0.17101206382115683,0.4662330349286397,-0.007272325048688799,-0.00329611167156448,0.00027137618993341067,0.4784671713908513,0.4797174520790577,0.4694548137485981,0.00240324890910415,0.0672776607486109,0.12934735914071402,0.10000000149011612,,,,0.01181599159463076,0.1286458329608043,0.11092856371154387,0.02921877025316159,0.0659377840347588,0.010000000000000004,nan,0.860417366027832,0.38520413637161255,0.5289661288261414,0.6145303845405579,0.50390625,0.10539114475250244,0.6340791583061218,1.0,0.999131977558136,0.0403662733733654,0.03374936431646347
519,24,24,0.0,-0.007822382457864782,0.010720618263197442,,,,,,,,,8.728045155604681,0.0,0.42362066538748944,,0.05779588063402722,-0.26293101347982883,0.373751034339269,0.2732962779700756,0.45380859076976776,0.9379557321468989,0.0016815239359857515,0.00764480543633302,0.02612709378202756,0.002163274920293339,0.002193106654758585,0.03367312213716408,150.0,102.5,0.310374300306042,0.6491498251756033,0.21565966556469598,0.36861951649188995,-0.006562756878944735,-0.00043877048362143495,0.008240733353886753,0.26093078094224137,0.46937170376380283,0.4582041601339976,-0.0012500867434634226,0.048948019898186125,0.09237072430551052,0.10000000149011612,,,,0.011479142539125556,0.1450846353545785,0.11093280650675297,0.029240885749459267,0.09425640540818374,0.010000000000000004,nan,0.8811442852020264,0.35396498441696167,0.3425617814064026,0.37501874566078186,0.359375,0.185186505317688,0.5871991515159607,1.0,1.0,0.03907269611954689,0.030079981312155724
521,24,24,0.0,-0.01888236104665945,0.008560500127108147,,,,,,,,,5.562168627977371,0.0,0.4194558163214748,,0.02833217685110867,-0.23203203330437341,0.2973068331678708,0.03652690055120426,0.4623046840230624,0.9179036468267441,0.003262673494949316,0.00986737385392189,0.026721763114134472,0.0021931066547585857,0.002253133339541844,0.0,150.0,99.83333333333333,0.40693482011556625,0.6893573999404907,0.1843311463793119,0.4455744996666908,-0.006103486579377204,-0.001162462511274498,0.0034149406128562987,0.30266141208509606,0.4760390892624855,0.45805589978893596,-1.558519943500869e-05,0.0477814469486475,0.09753584365049998,0.10000000149011612,,,,0.013525590397572765,0.11627604191501935,0.11092643688122432,0.02920839563012123,0.06423641011739771,0.010000000000000004,nan,0.9169709086418152,0.2889782190322876,0.41737744212150574,0.5596098303794861,0.32421875,0.20681238174438477,0.6945654153823853,1.0,1.0,0.03588544949889183,0.03344123065471649
523,18,24,0.0,-0.007844675539268387,0.01160628953948617,,,,,,,,,6.327948318587409,0.0,0.4153478505830757,,0.08572396894709931,-0.27143581211566925,0.3939168171750175,0.2070973383055793,0.4070312480131785,0.9518229166666666,0.0005719307555409614,0.0056058259473906625,0.026175126433372498,0.002253133339541844,0.0021491093149528673,0.04626160508228673,150.0,106.83333333333333,0.4477524360020955,0.7361394398742251,0.2935916483402252,0.4315040111541748,-0.006468442423890035,-0.0023361335536012324,0.0031856021442864505,0.35623252888520557,0.4723193562693066,0.4535149104065365,-0.001278616661794432,0.04697334435251024,0.09229872127374013,0.10000000149011612,,,,0.017780304453077003,0.14036458399560717,0.11091729750235875,0.02916152806331714,0.08767291324006186,0.010000000000000002,nan,0.9113659858703613,0.3074348270893097,0.44065502285957336,0.4605342745780945,0.3466796875,0.24593263864517212,0.6935333609580994,1.0,1.0,0.03093559294939041,0.031122807413339615
526,21,28,0.0,-0.022748161816880816,0.025455794829343046,,,,,,,,,8.955662125632877,0.0,0.4109963885142588,,0.22329329592841013,-0.16449226580914997,0.2715171625216802,0.15644476380908773,0.20368303287596928,0.9406622052192688,-0.005033291242874665,0.0034757753213246665,0.012711410011563982,0.0021491093149528665,0.002320842031937697,0.08060644708928608,150.0,122.0,0.4734473959321067,0.8386130872226897,0.3727343451409113,0.48021245286578224,-0.004833501697118793,-0.0015464623963149886,0.002550596135690631,0.34147996703783673,0.4994033560866401,0.4759208552894138,0.0010841561750220578,0.054909921295586084,0.11008629096405846,0.10000000149011612,,,,0.03004260660548295,0.22910466364451818,0.11089914256618136,0.029068021902016232,0.0993596382793926,0.010000000000000002,nan,0.8282557129859924,0.4492487907409668,0.434809148311615,0.42533597350120544,0.0966796875,0.2660485506057739,0.7906208038330078,1.0,1.0,0.04570871591567993,0.03414585441350937
529,28,28,0.0,0.0461625891870686,0.0170123925698655,,,,,,,,,8.688833577292305,0.0,0.40673503280014073,,0.0,-0.21491864904830302,0.24333244701847434,-0.009355249409391373,0.5163225446428571,0.9347098214285714,0.009923661903788647,0.02000222106774648,0.032175682209156176,0.0023208420319376978,0.0024966824136613205,0.0,150.0,73.42857142857143,0.6531544283584312,0.7428662340555873,0.3840325666325433,0.6530875481132951,-0.005884873627952335,-0.002980375918990898,5.014160409768077e-05,0.5045304342552468,0.5224428044425117,0.5062218131842436,3.138889884145034e-05,0.0476057320419285,0.09897690362952373,0.10000000149011612,,,,0.02087539661442861,0.21595982142857142,0.11090690083801746,0.029108356684446335,0.06986782686518771,0.010000000000000004,nan,0.867293119430542,0.36428964138031006,0.6655916571617126,0.5633343458175659,0.306640625,0.3679909110069275,0.7867760062217712,1.0,1.0,0.04658571630716324,0.03369808942079544
531,24,24,0.0,-0.014699031695878753,0.008685865711110333,,,,,,,,,6.202439824740092,0.0,0.4028124711290583,,0.05041630589403212,-0.2846062071621418,0.3363948439558347,0.1252398790384177,0.5378906205296516,0.9456054692467054,0.002623199393080237,0.015751643106341362,0.02891545246044795,0.0024966824136613205,0.002437819719208942,0.020862202315280836,150.0,92.0,0.5014879256486893,0.7296717266241709,0.3179570784171422,0.3691626476744811,-0.006630723752702276,-0.002113495970358296,0.002479401885163194,0.35203608870506287,0.49255044137438136,0.46552110215028125,-1.9292216165922582e-05,0.05596187338232994,0.10751446119199197,0.10000000149011612,,,,0.014345340159100791,0.12867838547875485,0.11091879320641358,0.029169799061492085,0.08852819104989369,0.010000000000000004,nan,0.9269906878471375,0.2708224058151245,0.3897506594657898,0.47916683554649353,0.392578125,0.3597026467323303,0.7392959594726562,1.0,1.0,0.040268223732709885,0.031166717410087585
538,16,32,0.0,0.00361797065124847,0.04874682554509491,,,,,,,,,8.082749366760254,0.0,0.3977250576622496,,0.03851307125296444,-0.3039298113435507,0.38622873835265636,0.08526190975680947,0.361368078738451,0.895711999386549,0.0032905560365179554,0.01059596799314022,0.025380032137036324,0.0024378197192089423,0.002555351466941517,0.0,150.0,78.0,0.49885432980954647,0.9999997578561306,0.2932271249592304,0.6769021637737751,-0.00666922124219127,-0.0003493523895912176,0.0026029210202977993,0.2834422020241618,0.496073953807354,0.4780842624604702,-0.0010675151206669398,0.08781458856537938,0.18235446698963642,0.10000000149011612,,,,0.01913837477695779,0.1559570305980742,0.11093061184510589,0.029230680782347918,0.09555027727037668,0.01,nan,0.8770110011100769,0.37038230895996094,0.6816994547843933,0.6430491209030151,0.3115234375,0.3128608465194702,0.9627702832221985,1.0,0.9839409589767456,0.025286275893449783,0.038604505360126495
541,21,28,0.0,-0.016620226204395294,0.023825538477727344,,,,,,,,,11.336433978307815,0.0,0.3936801676394087,,0.08884667339069503,-0.2332946771667117,0.31394657279763905,0.19161793992056378,0.37878224111738656,0.923673118863787,0.004471168923243697,0.015243665803046454,0.029673326583135696,0.002555351466941517,0.0027357607220902342,0.04464087333707582,150.0,80.57142857142857,0.5266922258195423,0.8461092455046517,0.3135982382865179,0.45457492272059125,-0.005618939608601587,-0.0022737414221323674,0.0019031588010312546,0.40023421957379296,0.5042920822188968,0.48656963876315523,-0.00020967390792932185,0.07597020844973269,0.13960668444633484,0.10000000149011612,,,,0.022320300107821822,0.20827133031118483,0.11093309415238244,0.02924353682569095,0.09749225739921842,0.010000000000000002,nan,0.8699995875358582,0.36086010932922363,0.4275229275226593,0.41602572798728943,0.3173828125,0.2781463861465454,0.878742516040802,1.0,0.9986979365348816,0.026122089475393295,0.041013531386852264
543,24,24,0.0,-0.005316507498112817,0.01971918111667037,,,,,,,,,7.29458952943484,0.0,0.3899682986939225,,0.07749005702013771,-0.23718050370613733,0.2855936574439208,0.1688799945016702,0.3786132832368215,0.9311523462335268,-0.011894802019620935,0.012715057159463564,0.029614297052224476,0.0027357607220902334,0.0025989726859857224,0.06434313231147826,150.0,93.5,0.8459470719099045,0.8846117382248243,0.27979467809200287,0.47653086110949516,-0.007412228713898609,-0.004286447801860049,-0.0014907811746525113,0.6416618103782336,0.4920678387085597,0.4586743066708247,0.004833151273487601,0.05787764210253954,0.11488580238074064,0.10000000149011612,,,,0.017571641651253838,0.1645833340783914,0.1109355768809716,0.02925627150883277,0.12878025074799856,0.010000000000000004,nan,0.8003562092781067,0.4954327940940857,0.5403957962989807,0.6169368624687195,0.283203125,0.27176493406295776,1.003419280052185,1.0,1.0,0.03932121396064758,0.044755566865205765
545,18,24,0.0,-0.012707470088369317,0.010664316463387676,,,,,,,,,5.299798780017429,0.0,0.3863205886797959,,0.13566855217019716,-0.189102065232065,0.28087275392479366,0.15649524993366665,0.329947915342119,0.9419270820087857,-0.0011945721263247025,0.006625424656603072,0.021336750851737127,0.002598972685985723,0.002469024051686436,0.0367065628266169,150.0,120.66666666666667,0.5857296884059906,0.8353446125984192,0.3275260859065586,0.2942102774977684,-0.005803766505171855,-0.0023727010444013607,0.001388655768500434,0.4017435924874412,0.5116218742397096,0.48606933818923104,-0.00027806920115835965,0.05496256653633383,0.11547777718967861,0.10000000149011612,,,,0.021810759673826396,0.1282552091611756,0.11092180427577761,0.029185331840482023,0.09338505441943805,0.010000000000000002,nan,0.9170440435409546,0.28817954659461975,0.29002848267555237,0.3599051833152771,0.26171875,0.27930450439453125,0.8330732583999634,1.0,0.9995659589767456,0.03301016241312027,0.03337843716144562
549,14,28,0.0,0.014054619973259313,0.049901514181068966,,,,,,,,,7.422765663691929,0.0,0.3823021033172385,,0.007502265141478607,-0.1975987787757601,0.2321211610521589,0.06772524807768475,0.35110091311591013,0.9078104325703212,0.0048852186383945605,0.013533694403512138,0.024616811956678118,0.002469024051686436,0.0025960786564247136,0.007502265141478607,150.0,89.71428571428571,0.634984301669257,0.8663557044097355,0.33719327194350107,0.5427383397306714,-0.007611250305282218,-0.004223221023234406,0.000409583227987501,0.47275475944791523,0.49378243940217154,0.4716270672423499,0.0005839894168145422,0.06562673167458602,0.13343205888356482,0.10000000149011612,,,,0.04186968528665602,0.27178061859948294,0.11091453049864088,0.02914768430803503,0.11960769923669952,0.009999999999999998,nan,0.7181388139724731,0.5342478156089783,0.49668481945991516,0.6180808544158936,0.3173828125,0.36643242835998535,0.8432320952415466,1.0,1.0,0.02719760499894619,0.03057815320789814
553,7,28,0.0,0.021484061809522764,0.04905038699507713,,,,,,,,,11.042815957750593,0.0,0.3782778428864587,,0.2619988258395876,-0.18105427495070867,0.35927922810826984,0.30346101096698214,0.3132944873401097,0.9557165588651385,-0.0016899194036211287,0.0018860059125082834,0.01495576330593654,0.0025960786564247136,0.0024662747236034776,0.21886470701013291,150.0,117.0,0.4401148898260934,0.8937934551920209,0.2921282819339207,0.5462927605424609,-0.003780098631978035,-6.415450271950769e-05,0.003332979079069836,0.2511201266731535,0.491582989692688,0.46869905080114094,-0.001771357421863026,0.06136580077665193,0.13061986437865666,0.10000000149011612,,,,0.03710490102613611,0.2955319327967508,0.11090854448931557,0.02911660128406116,0.1300287672451564,0.01,nan,0.7925798892974854,0.49386847019195557,0.48881620168685913,0.43665939569473267,0.2353515625,0.2085345983505249,0.8727896809577942,1.0,0.9978298544883728,0.03059999644756317,0.04114684835076332
557,14,28,0.0,0.007562144659459591,0.037992704792746475,,,,,,,,,8.561983210699898,0.0,0.37444557765821523,,0.24207130180937902,-0.1675318479537964,0.28672422894409727,0.18746947922876903,0.23259531600134714,0.9110234677791595,-0.011289022131157773,0.0023213678172656466,0.0077630579471588135,0.002466274723603477,0.0023429609874233035,0.1869640483387879,150.0,118.14285714285714,0.6291343016283852,0.9450012104851859,0.23131398218018667,0.6119742734091622,-0.005357646516391209,-0.002471226783070181,0.00044898246944415277,0.46489032464368,0.5258180520364216,0.5023121535778046,0.0002935840207750776,0.07177611014672688,0.14299846759864263,0.10000000149011612,,,,0.02204139196380441,0.14756274223327637,0.11090876002396856,0.029117428165461336,0.12215540930628777,0.009999999999999998,nan,0.8696082830429077,0.3674987256526947,0.6305056810379028,0.6798458099365234,0.197265625,0.20803749561309814,0.9619747996330261,1.0,0.9921875,0.029050666838884354,0.03997908532619476
560,21,28,0.0,0.01690165153039353,0.040729845652268046,,,,,,,,,8.232943478084746,0.0,0.37065459098002607,,0.04916512753282275,-0.25167691991442726,0.3374056134905134,0.3330179425289056,0.3476602491878328,0.9274933593613761,0.0027580722623194256,0.012103434829484849,0.023881814309528897,0.002342960987423303,0.0024265589233848023,0.02335784655241739,150.0,95.42857142857143,0.5339224977152688,0.9645085334777832,0.2960772145362127,0.5002791895752862,-0.00664408431787576,-0.002661925671245193,0.001953715594330182,0.3546845927124932,0.4928622316746485,0.466571786573955,0.0014479523697879077,0.06007170712664014,0.12588655487412498,0.10000000149011612,,,,0.023702213396540002,0.23812724011284964,0.11090835325774692,0.02911482307882536,0.12627897730895452,0.010000000000000002,nan,0.7622575163841248,0.48804977536201477,0.449442058801651,0.5472252368927002,0.29296875,0.30231088399887085,0.9625675082206726,1.0,0.9965277910232544,0.028095506131649017,0.040310055017471313
562,24,24,0.0,-0.01150997867807746,0.017021245827587943,,,,,,,,,6.327502022186915,0.0,0.3673768516661775,,0.1420084418108066,-0.23763325872520605,0.36095638821522397,0.2784917602936427,0.4602864583333333,0.9653971393903097,-9.72796018080165e-06,0.006294973194599152,0.019843846559524536,0.002426558923384802,0.002151267853002235,0.05701427596310774,150.0,115.16666666666667,0.6364852512876192,0.8557312687238058,0.2751440852880478,0.6723667308688164,-0.005887349582432459,-0.001496031871890106,0.0011527017310678882,0.3584132877488931,0.4982709313432376,0.4798140153288841,0.00037790052859539475,0.0619549541734159,0.1300235940143466,0.10000000149011612,,,,0.01854662334274811,0.18828124987582365,0.11090977086375158,0.029121405134598415,0.08691120830674966,0.010000000000000004,nan,0.8610996007919312,0.3912191390991211,0.66110759973526,0.5766522288322449,0.3134765625,0.2468544840812683,0.9168810248374939,1.0,0.9978298544883728,0.05220106989145279,0.04836082085967064
564,24,24,0.0,-0.001296997341948251,0.007898009246370444,,,,,,,,,9.54683425029119,0.0,0.36416884538519884,,0.0,-0.2303943441559871,0.2813588920980692,-0.0029435274433732652,0.42652994642655057,0.9355468774835268,0.005803984454056869,0.011724713568886122,0.02492447942495346,0.0021512678530022362,0.0022792113601048,0.0,150.0,102.0,0.6665688082575798,0.8255507623155912,0.3290607730547587,0.4516577422618866,-0.005153162501907597,-0.0020521988675075895,8.210760627965404e-05,0.4913816712796688,0.482946099092563,0.46021048227945965,0.0021923257736489177,0.05045422771945596,0.10837196776022513,0.10000000149011612,,,,0.012905877413383374,0.15192057316501936,0.11091082481046517,0.029127094040935237,0.14103318812946478,0.010000000000000004,nan,0.9240175485610962,0.3285968601703644,0.49225786328315735,0.5564873218536377,0.37109375,0.33432209491729736,0.9084445834159851,1.0,0.9965277910232544,0.05006284639239311,0.04378851503133774
568,14,28,0.0,0.021268698120755807,0.03710022236087492,,,,,,,,,8.900628021785192,0.0,0.3607193751314703,,0.005807159801146814,-0.22236947608845575,0.2513642172728266,0.014911147350046252,0.5626537459237235,0.9502721854618618,0.006821690093992012,0.021725754652704512,0.03489672499043601,0.0022792113601048,0.0024541176043361874,0.0,150.0,67.85714285714286,0.7237969722066607,0.7202219877924237,0.2893547671181815,0.8179432324000767,-0.006348682434431144,-0.002077854995150119,8.236757171938994e-06,0.49266645525182995,0.46161810415131704,0.44017850714070456,0.0031447256250040872,0.053738392889499664,0.10691045810069356,0.10000000149011612,,,,0.027746099562916373,0.2482860322509493,0.1109013312629291,0.029078824445605278,0.07063829340040684,0.009999999999999998,nan,0.8085063099861145,0.43895989656448364,0.8024817109107971,0.6173413991928101,0.4755859375,0.34859925508499146,0.8153837323188782,1.0,0.9973958134651184,0.04816768690943718,0.036734312772750854
572,21,28,0.0,-0.004285142091768128,0.044371566779556726,,,,,,,,,6.770650114331927,0.0,0.3571868562600573,,0.0,-0.2716357090643474,0.31178058470998493,-0.002802060917019844,0.49568166051592144,0.9372596116293044,0.005765150012891917,0.01700720191001892,0.03603339195251465,0.002454117604336186,0.0025791672816710925,0.0,150.0,70.0,0.6612557541756403,0.8166936522438413,0.2636730472246806,0.7322978093510583,-0.0069141994629587445,-0.0021560553175818528,0.001070919621616624,0.3580608978157952,0.502201034909203,0.4819084306557973,0.0007669068547242898,0.07447462954691478,0.15346732274407432,0.10000000149011612,,,,0.030194660959144432,0.19601934651533762,0.11091032304934093,0.029125269945888294,0.07479210056009747,0.010000000000000002,nan,0.8190491795539856,0.4308493733406067,0.728064775466919,0.7410085201263428,0.3759765625,0.27154678106307983,0.7965337038040161,1.0,0.999131977558136,0.03367111459374428,0.04921502247452736
574,24,24,0.0,-0.010922326939180493,0.01566057054636379,,,,,,,,,5.795045614242554,0.0,0.35421141307731835,,0.06128869694657624,-0.1959393291423718,0.29783837993939716,0.06794831086881459,0.3868164047598839,0.9593424499034882,0.0025185311872822544,0.0043108829607566195,0.022605107476313908,0.0025791672816710912,0.002573266587434085,0.0,150.0,112.66666666666667,0.4916979769865672,0.7329229588309923,0.3382278730471929,0.42172225068012875,-0.0077175876358523965,-0.0033293544159581265,0.002816452205782601,0.3745943581064542,0.47855103140076,0.46231408913930255,0.0003073495390708558,0.06194989181434115,0.12574891559779644,0.10000000149011612,,,,0.011162115260958672,0.10983072919771075,0.11090237740427256,0.029083746563022334,0.0720533716181914,0.010000000000000004,nan,0.7644800543785095,0.4884966313838959,0.37142810225486755,0.33947139978408813,0.296875,0.2896617650985718,0.7440573573112488,1.0,0.9934895634651184,0.044053949415683746,0.03951001167297363
576,24,24,0.0,-0.017497788173689816,0.006225628002236287,,,,,,,,,6.260191162427266,0.0,0.35130895130242296,,0.043629980413243175,-0.2556864048043887,0.33995770166317624,0.20825993021329245,0.3951171860098839,0.939908854663372,0.0030700392841633097,0.010525003696481386,0.02539737770954768,0.002573266587434085,0.002618095072932137,0.02487703300236414,150.0,112.33333333333333,0.47084751228491467,0.7501011167963346,0.3568716198205948,0.5082566315929095,-0.007131986048383017,-0.0026741554829641245,0.0029382394423009828,0.3369975859920184,0.49511517956852913,0.47161828726530075,-0.00021143665738539616,0.04473121929913759,0.09033906180411577,0.10000000149011612,,,,0.019917081566139434,0.1865234375,0.11088293821861346,0.028982482152059674,0.07741036918014288,0.010000000000000004,nan,0.9323142170906067,0.2609246075153351,0.4730547368526459,0.41362693905830383,0.291015625,0.3649936318397522,0.7468501925468445,1.0,0.9908854365348816,0.0539705790579319,0.034541986882686615
579,24,24,0.0,-0.00467421836219728,0.016672766883857548,,,,,,,,,7.272592748204867,0.0,0.34835231316953474,,0.0687368471796314,-0.23192672928174338,0.3127336713174979,0.19998010612713793,0.40578044205904007,0.9238987043499947,0.0022681933308679922,0.00971058321495851,0.02161749576528867,0.002618095072932135,0.0026501249583844805,0.020005669871655602,150.0,109.83333333333333,0.48528539886077243,0.7758165945609411,0.3045499523480733,0.6182022268573443,-0.005505597199468563,-0.0017742989269512084,0.002846798626706004,0.3391859717667103,0.5035281839470068,0.47338420401016873,0.0012398086924652791,0.043528476264327765,0.09108635317534208,0.10000000149011612,,,,0.018925339555911098,0.18958851788192987,0.11090720010300477,0.029106885582829516,0.1046842352176706,0.010000000000000004,nan,0.8860421776771545,0.33780157566070557,0.5781974792480469,0.5220882296562195,0.337890625,0.31659531593322754,0.7706673741340637,1.0,0.9973958134651184,0.0370936281979084,0.029423370957374573
581,24,24,0.0,-0.007600438975108166,0.006861819478217512,,,,,,,,,8.153446853160858,0.0,0.34560137066599333,,0.030137288849800825,-0.2268875731776158,0.2765889087071021,0.07199618617111507,0.44479166467984516,0.9583984389901161,0.005028393536728497,0.01427809273203214,0.024539476881424587,0.00265012495838448,0.0027143763051188418,0.0,150.0,105.66666666666667,0.5203111656010151,0.6928260947267214,0.3264273479580879,0.4245999852816264,-0.005102955658609669,-0.0017295668894803384,0.00244387800921686,0.3152126520872116,0.5118208626906077,0.4793139497439067,0.0005279231590975542,0.04594624709958831,0.08484269088755052,0.10000000149011612,,,,0.018056511549123872,0.19316406237582365,0.11093582740674417,0.029254530866940815,0.10518400557339191,0.010000000000000004,nan,0.9158690571784973,0.2907995581626892,0.4119337201118469,0.4761293828487396,0.3076171875,0.27532339096069336,0.7054652571678162,1.0,1.0,0.05332323908805847,0.03716371953487396
587,16,32,0.0,-0.029776949202641845,0.04306402080692351,,,,,,,,,9.679551497101784,0.0,0.34227020669473074,,0.08971033082343638,-0.21075355261564255,0.31849551014602184,0.16052732279058546,0.3036760576069355,0.8588169701397419,0.004335183901275741,0.008705119602382183,0.021990759298205376,0.002714376305118842,0.002897253877349972,0.0126378342974931,150.0,88.0,0.4799767378717661,0.9623975083231926,0.329961609095335,0.6200263015925884,-0.005344965765289089,4.649999073080835e-05,0.0030799200976616703,0.26698281336575747,0.5109077878296375,0.483216505497694,-0.004031212611153023,0.04588681273162365,0.08567778929136693,0.10000000149011612,,,,0.027676551457261667,0.22952706553041935,0.11093460163101554,0.02924825402442366,0.10356478416360915,0.01,nan,0.8028557300567627,0.49406158924102783,0.5796889662742615,0.583182692527771,0.2216796875,0.31924277544021606,0.8888857960700989,1.0,0.9995659589767456,0.036289654672145844,0.043062612414360046
590,18,24,0.0,-0.014698295077929894,0.01847427472886112,,,,,,,,,5.423531558778551,0.0,0.33954797131969694,,0.1456141293876701,-0.1945852893922064,0.24580687946743435,0.28901907470491195,0.47203414307700264,0.9276041752762265,-0.016106636729091406,0.01489745577176412,0.033509804142846,0.0028972538773499724,0.0027523911834824734,0.1456141293876701,150.0,86.0,0.839679221312205,0.8382671210500929,0.3323400715986888,0.709699508216646,-0.00714454166073766,-0.0028121165103382533,-0.00026936062722092576,0.5259759161207411,0.5108270661698447,0.4805228528049257,0.0020484737890708654,0.050068818860583834,0.10135870551069577,0.10000000149011612,,,,0.02179821411199454,0.15590277976459926,0.1109426613483164,0.029289681050512526,0.11167352729373509,0.010000000000000002,nan,0.8972981572151184,0.32984912395477295,0.6897853016853333,0.6481688022613525,0.3935546875,0.34322112798690796,0.8632926940917969,1.0,1.0,0.04144216328859329,0.03794486075639725
592,18,24,0.0,-0.016815702637864485,0.007700030122780138,,,,,,,,,6.5881540642844305,0.0,0.33704772662772703,,0.18846972079740631,-0.22814048909478718,0.37392817272080314,0.40590134759744007,0.474479165342119,0.9700520833333334,-0.0011677627660699524,0.0062820373309983146,0.02206872734758589,0.0027523911834824726,0.0026147716243083495,0.07947549596428871,150.0,113.83333333333333,0.3946885863939921,0.6797983712620206,0.2721589704354604,0.6263590686851077,-0.0057572689062605304,0.0006838829156347654,0.004113220363958842,0.21039994806051254,0.48701998425854576,0.4642443209886551,-0.0013412647199907547,0.055456209720836744,0.11911593915687667,0.10000000149011612,,,,0.018388759719932243,0.1329427088300387,0.11094766192966038,0.029315229091379378,0.06933530709809727,0.010000000000000002,nan,0.9332877397537231,0.2762022912502289,0.6057081818580627,0.5930576920509338,0.345703125,0.2862544059753418,0.6579285860061646,1.0,1.0,0.03725915029644966,0.035429954528808594
597,21,28,0.0,-0.005296716466546059,0.03331871862922396,,,,,,,,,5.85745172273545,0.0,0.3341658622476793,,0.018070935936910764,-0.23802025119463602,0.2778678025518145,0.03564877327742232,0.48861239069984075,0.9150191346804301,0.0052655646133990515,0.015372535302525475,0.034754736082894463,0.0026147716243083495,0.0027346452016322733,0.0,150.0,71.85714285714286,0.6815315399851117,0.8243790751411801,0.21079541671843754,0.8105149865150452,-0.005793589389040356,-0.001791585824407992,0.0004524130546044381,0.44878216016860234,0.4830284118652344,0.4602637177421933,0.0035712508584505747,0.06739456383954912,0.13309676661377862,0.10000000149011612,,,,0.023277331476232836,0.14757693949199857,0.11095834842750005,0.029370136381614776,0.059250007960058394,0.010000000000000002,nan,0.9134477972984314,0.2944788932800293,0.8145114779472351,0.7737171053886414,0.439453125,0.25932955741882324,0.8401868939399719,1.0,0.9466145634651184,0.0365738607943058,0.03618396073579788
604,32,32,0.0,-0.015284082415746525,0.026226386340567842,,,,,,,,,7.19603319466114,0.0,0.3311189248316802,,0.0,-0.26851810375228524,0.3035928038880229,-0.0032222867957898416,0.4361040461808443,0.9014989230781794,0.007297582735191099,0.017012591939419508,0.033265721052885056,0.0027346452016322738,0.0028732801160825344,0.0,150.0,63.625,0.6999747790396214,0.9846048764884472,0.2305579986423254,0.7919365968555212,-0.006593792742933147,-0.0012960337189724669,0.0005334012942199706,0.4269441282376647,0.5132482517510653,0.48188706021755934,0.0006663128899617732,0.06939311441965401,0.14012546767480671,0.10000000149011612,,,,0.01600136441993527,0.15147596294991672,0.11095750494860113,0.029365560796577483,0.06978660263121128,0.010000000000000004,nan,0.9305269718170166,0.27630043029785156,0.7801294922828674,0.763157844543457,0.3212890625,0.1974886655807495,0.9225172400474548,1.0,0.9856770634651184,0.03915337845683098,0.0498591884970665
606,24,24,0.0,-0.016130318380116176,0.01714651461225003,,,,,,,,,5.9204365114370985,0.0,0.3288921138236783,,0.006944208638742566,-0.25227609649300575,0.27762681307892006,0.0012861252374326189,0.5471354126930237,0.9611002653837204,0.0072943259923097985,0.022080127770702045,0.03917838012178739,0.0028732801160825335,0.002986652299042312,0.0,150.0,74.66666666666667,0.7617577165365219,0.6640008712808291,0.19599872330824533,0.441196038077275,-0.0072110350981044275,-0.004751028560955699,-0.001344080819156564,0.5715316856900851,0.48279071723421413,0.4645239512125651,0.0031254507193807513,0.07118789649878939,0.14891682347903648,0.10000000149011612,,,,0.015828419690175604,0.1538085943708817,0.11093656594554584,0.029257479977483552,0.04953565433000525,0.010000000000000004,nan,0.881356418132782,0.3539566397666931,0.5016845464706421,0.6838765144348145,0.4189453125,0.19298118352890015,0.7025389671325684,1.0,0.99609375,0.03771401569247246,0.04465894773602486
610,10,28,0.0,-0.006212641112506389,0.027935020998120307,,,,,,,,,6.531934404373169,0.0,0.3264860515625071,,0.044512375444173816,-0.22399521619081497,0.2977069213986397,0.07740933280438185,0.4564911246299744,0.9161072552204133,0.003370726155117154,0.009797824919223786,0.024648889899253845,0.0029866522990423115,0.0029766780755035834,0.0,150.0,90.5,0.5096847355365753,0.7942519783973694,0.22427575588226317,0.6744739592075348,-0.004881740687415004,0.00018593087588669732,0.0028741505928337576,0.24200569093227386,0.5068405121564865,0.48729884922504424,-0.0005691311554983259,0.06535010263323784,0.1352237045764923,0.10000000149011612,,,,0.03602644021157175,0.22165798619389535,0.11090508103370667,0.02909544501453638,0.058624827116727826,0.009999999999999998,nan,0.9120234847068787,0.30045026540756226,0.6717347502708435,0.6382371187210083,0.3955078125,0.19982099533081055,0.7392768263816833,1.0,0.9800347089767456,0.03939127177000046,0.03434157744050026
612,24,24,0.0,-0.012844424229115248,0.006753676338121295,,,,,,,,,6.113151371479034,0.0,0.32442806682225384,,0.019581108043591183,-0.22196239543457827,0.26170668316384155,0.037119429694333426,0.6130859379967054,0.9579427118102709,0.005040687120830019,0.014648801957567533,0.033592596650123596,0.0029766780755035843,0.0030857744097577233,0.0,150.0,84.83333333333333,0.4779777216414611,0.5728993465503057,0.2546991631388664,0.5201039724051952,-0.00603309153423955,-0.0011086345144425043,0.0034469640765261524,0.3053941751519839,0.47108401358127594,0.45542888964215916,0.0017702513346193882,0.04509067814797163,0.08586586266756058,0.10000000149011612,,,,0.01272738867070681,0.13401692733168602,0.11089521242926519,0.029044893725464743,0.05387454697241386,0.010000000000000004,nan,0.9113366007804871,0.3090619146823883,0.48131102323532104,0.5581496357917786,0.4482421875,0.22607922554016113,0.5926893353462219,1.0,1.0,0.04274044930934906,0.02675628662109375
614,24,24,0.0,0.0033000631568332515,0.031653839241092406,,,,,,,,,9.898750126361847,0.0,0.32245041208487524,,0.06292158481664956,-0.2597406568626563,0.3151109653214614,0.11253507745762666,0.4479166641831398,0.9364908883968989,0.003096230774341772,0.012538517514864603,0.03343589728077253,0.0030857744097577224,0.0030661839733910285,0.005513556107568244,150.0,89.16666666666667,0.5767228007316589,0.7886119037866592,0.24677366018295288,0.26002276316285133,-0.006648936580556135,-0.003942480980185792,0.0017057211280189222,0.40950802092750865,0.5189907910923163,0.4800809522469838,0.0023984148122432694,0.05653106048703194,0.1056619497636954,0.10000000149011612,,,,0.018246319639729336,0.19850260578095913,0.1108786187445124,0.028959749499335885,0.14788594593604407,0.010000000000000004,nan,0.793785572052002,0.4667882025241852,0.20901216566562653,0.4961368441581726,0.388671875,0.2745252251625061,0.8009467124938965,1.0,0.960069477558136,0.029689468443393707,0.03156942129135132
617,24,24,0.0,-0.01688265004971375,0.021794699792129297,,,,,,,,,7.076193064451218,0.0,0.3204480028446584,,0.0,-0.2211197546372811,0.2629719947775205,-0.0020806385922090462,0.4850260466337204,0.92441459496816,0.005501758054985355,0.013685610145330429,0.031046671171983082,0.003066183973391029,0.0031495563205152797,0.0,150.0,89.0,0.5379583202302456,0.6671454335252444,0.1434571718176206,0.5591723024845123,-0.004732430844645326,-0.000569232971429301,0.002682350769949456,0.2702323372165362,0.5010087142388026,0.48253806307911873,0.0011190965306013823,0.059507534528772034,0.12244268879294395,0.10000000149011612,,,,0.020362659415695816,0.11111828467498223,0.11087397113442421,0.02893644687719643,0.05467982698852817,0.010000000000000004,nan,0.9030107259750366,0.3191858232021332,0.5846310257911682,0.6096069812774658,0.40625,0.11393117904663086,0.6121165156364441,1.0,0.98828125,0.017177756875753403,0.02594798058271408
619,12,24,0.0,0.010312050115317106,0.012282228407760462,,,,,,,,,9.95420010884603,0.0,0.31863709449826105,,0.0037991668408115706,-0.2895825058221817,0.34586407989263535,0.0001244712087403362,0.49257812400658924,0.9309244851271311,0.0049118309980258346,0.014016810804605484,0.032029151916503906,0.0031495563205152792,0.003223158104281926,0.0,150.0,88.5,0.5295138781269392,0.6555315454800924,0.17507399121920267,0.5544034714500109,-0.006577405457695325,-0.0023909126830403693,0.002639737858165366,0.35698401058713597,0.4946211328109105,0.46995935837427777,0.0013973207778690266,0.058914863504469395,0.11424583507080872,0.10000000149011612,,,,0.02024525125549796,0.20169271000971398,0.11088367054859798,0.02898718665043513,0.07511995794872443,0.009999999999999998,nan,0.9220103025436401,0.2859538197517395,0.5798195004463196,0.6744562983512878,0.3525390625,0.13178300857543945,0.6314346194267273,1.0,0.99609375,0.024308735504746437,0.026013905182480812
622,17,24,0.0,-0.013611983727006352,0.017410860999542123,,,,,,,,,5.564838156980627,0.0,0.31679675442741567,,0.01645705153179519,-0.2580016956609838,0.30686308706507964,0.014145424226572847,0.5275789323975059,0.9602283449733958,0.00457655984963126,0.01409081501119277,0.02931950898731456,0.0032231581042819267,0.0032530216550573808,0.0,150.0,96.3529411764706,0.5171071448746849,0.6226327980265898,0.19347043598399444,0.7194911241531372,-0.00567289739025428,0.0005843138933414593,0.003193690674379468,0.2121955980272854,0.5025540344855365,0.4708198221290813,0.0011304497705115115,0.06395356904934435,0.129773472161854,0.10000000149011612,,,,0.030954767470521963,0.14899798351175644,0.11087609696037629,0.02894840674365268,0.06288338145788978,0.01,nan,0.8992445468902588,0.31761816143989563,0.7323311567306519,0.6155972480773926,0.4384765625,0.2124568223953247,0.6221028566360474,1.0,0.9908854365348816,0.024567991495132446,0.0230100117623806
624,24,24,0.0,-0.0026483589705700674,0.011089094410029551,,,,,,,,,7.958266506592433,0.0,0.31515522687009506,,0.13335748575627804,-0.1993456594645977,0.22280845729013285,0.009726025125322243,0.4159505193432172,0.9490559895833334,-0.004049042273739663,0.00960815946261088,0.02190161993106206,0.0032530216550573795,0.0030903705723045118,0.11729254201054573,150.0,119.66666666666667,0.6557257870833079,0.6607444509863853,0.23024180283149084,0.6130211812754472,-0.005825943391149242,-0.002023383703393241,0.0008268023590668842,0.4323991959293683,0.5014484114944935,0.4738224968314171,0.0020273542510646316,0.05084240917737285,0.10514826482782762,0.10000000149011612,,,,0.02396294744297241,0.18343099020421505,0.11086699490745862,0.02890149379769961,0.08826573224117358,0.010000000000000004,nan,0.8522796630859375,0.38637861609458923,0.6317358016967773,0.626331090927124,0.22265625,0.1893906593322754,0.6809213161468506,1.0,0.9969618320465088,0.029782919213175774,0.027748405933380127
626,24,24,0.0,-0.0035071121528744698,0.00951154661985735,,,,,,,,,6.298359453678131,0.0,0.3135963172501545,,0.20969657196352878,-0.20525106663505235,0.2989455896119277,0.18823899887502193,0.5231445282697678,0.9489908864100774,0.0013213653677060695,0.008256759494543076,0.030514252682526905,0.0030903705723045126,0.0030342939640148428,0.02962465037126094,150.0,93.5,0.5055203574399153,0.6526892632246017,0.25213277091582614,0.3892826307564974,-0.007122497190721333,-0.0026258271160865356,0.002977418878193324,0.349632665514946,0.499145545065403,0.4703063244620959,0.00022989522525070546,0.04382007196545601,0.08324080876385172,0.10000000149011612,,,,0.013744361533705765,0.10644531281044085,0.11087223918487628,0.02892855283183356,0.06098324122528235,0.010000000000000004,nan,0.8991624116897583,0.31912198662757874,0.37991780042648315,0.49971410632133484,0.4462890625,0.2474108338356018,0.6708273887634277,1.0,0.9995659589767456,0.027449384331703186,0.025356795638799667
628,24,24,0.0,-0.0067501872933159275,0.006711664861844231,,,,,,,,,10.009023994207382,0.0,0.3121204102052159,,0.16869487489263216,-0.2407503928989172,0.3180303821961085,0.1740192969640096,0.3731119781732559,0.9185872400800387,-0.011793426415048694,0.007643247023224831,0.02745732789238294,0.0030342939640148428,0.0028825792658141005,0.08945172978565097,150.0,100.33333333333333,0.6011016058425108,0.7905214751760165,0.25181760887304944,0.4232594817876816,-0.006170697199801604,-0.0031936445545094707,0.00027626539607202477,0.4845830289026101,0.500475046535333,0.475545688221852,-6.397432298399508e-05,0.041203301244725786,0.08382691598186891,0.10000000149011612,,,,0.015490948329291617,0.15397135385622582,0.110890402769049,0.029022143688052893,0.14710183627903461,0.010000000000000004,nan,0.9461861848831177,0.2355579137802124,0.4074932634830475,0.5253027081489563,0.318359375,0.25960075855255127,0.8490085005760193,1.0,0.9969618320465088,0.03843294829130173,0.026412377133965492
630,24,24,0.0,-0.020246681679661076,0.005786045958908896,,,,,,,,,6.746144990126292,0.0,0.3107278698932587,,0.03224697080440819,-0.27005744352936745,0.34340110793709755,0.06112617300823331,0.5047200520833334,0.9565429737170538,0.0037092630033536502,0.011849125226338705,0.026094512393077213,0.0028825792658141013,0.0028796987954318124,0.0,150.0,99.16666666666667,0.4448301779727141,0.6724940712253252,0.22427167991797128,0.5121639867623647,-0.006045246487095331,-0.0006031172368636817,0.003602222078673852,0.2769222191224496,0.49868353456258774,0.4742005256315072,0.0002605438523914927,0.05084077641367912,0.09777008711049955,0.10000000149011612,,,,0.012831741958507337,0.1377604166045785,0.11089239890376727,0.029032013689478237,0.07568978425115347,0.010000000000000004,nan,0.9417262673377991,0.2414371371269226,0.47469303011894226,0.474408358335495,0.34375,0.22681868076324463,0.6615758538246155,1.0,1.0,0.029512742534279823,0.025317536666989326
632,24,24,0.0,-0.015103104485509297,0.007451143445602308,,,,,,,,,7.357811729113261,0.0,0.3094190399027672,,0.049702239727290966,-0.3402877574165662,0.4194657603899638,0.177567970007658,0.48785806943972904,0.9353190114100774,0.003415268254078304,0.012900389730930328,0.032251243789990745,0.002879698795431812,0.002943816966202559,0.005171252569804589,150.0,92.5,0.36863259971141815,0.6344054117798805,0.17739561945199966,0.6042675003409386,-0.006930949787298839,-0.0010199113788379084,0.005494409813157593,0.2821695823222399,0.48497586076458293,0.47064395993947983,0.0002794311973654355,0.05669412513573965,0.11948656321813662,0.10000000149011612,,,,0.017391602353503306,0.16940104185293117,0.11089235171675682,0.02903099466736118,0.08279634049783151,0.010000000000000004,nan,0.9476394653320312,0.2326379418373108,0.5870972275733948,0.5036187767982483,0.4619140625,0.17905813455581665,0.6918208003044128,1.0,0.9730902910232544,0.033105820417404175,0.02757922001183033
634,24,24,0.0,-0.009297185058433874,0.0060896105715073645,,,,,,,,,7.10930793484052,0.0,0.30819424316795724,,0.0,-0.20699047793944678,0.25190576165914536,-0.002460455119338197,0.5905924464265505,0.9745117177565893,0.006215552139716844,0.012915167336662611,0.03328669567902883,0.0029438169662025586,0.003021551171905264,0.0,150.0,85.16666666666667,0.49178916836778325,0.47545475761095685,0.17063142359256744,0.5668266788125038,-0.006529683189000934,-0.0023145169701213795,0.0031503519639954902,0.35491222391525906,0.4630308002233505,0.44545217230916023,0.0005880528084768836,0.048985160421580076,0.0932038277387619,0.10000000149011612,,,,0.013173735069964701,0.16149088585128388,0.11090550602724154,0.029098426612714928,0.057173795998096466,0.010000000000000004,nan,0.8957297205924988,0.3254834711551666,0.6085122227668762,0.6411631107330322,0.525390625,0.1933525800704956,0.49883100390434265,1.0,1.0,0.03864094614982605,0.02344350516796112
636,24,24,0.0,-0.007736008691911896,0.006086877576308325,,,,,,,,,6.966586540142695,0.0,0.30705378188909643,,0.01846352774494638,-0.23535081495841345,0.28219065194328624,0.039178008509528205,0.5631835957368215,0.9645507832368215,0.005798315493545185,0.011986542493104935,0.029565094659725826,0.0030215511719052647,0.0031221255836779037,0.0,150.0,93.5,0.4095739684998989,0.5801409284273783,0.17611834655205408,0.4867524914443493,-0.005412536673247814,0.0005430162773336633,0.004033600552550827,0.22666912712156773,0.4923233625789483,0.4765784665942192,6.034100867206386e-05,0.0584077963915964,0.12190655091156562,0.10000000149011612,,,,0.021542171452892944,0.16152343774835268,0.11089211360861857,0.029029248204703133,0.06752129908030231,0.010000000000000004,nan,0.92925626039505,0.26675042510032654,0.50068199634552,0.5223236083984375,0.390625,0.14458489418029785,0.5808705687522888,1.0,0.9982638955116272,0.02967306226491928,0.029565466567873955
638,24,24,0.0,-0.0012540890990446012,0.007897192398862293,,,,,,,,,5.953457355499268,0.0,0.3059979374579403,,0.0,-0.2266919817775488,0.24804972298443317,-0.0022416207551335296,0.6654622380932173,0.969759114086628,0.008332976372912526,0.02271391823887825,0.038940454522768654,0.003122125583677903,0.0033092368337832886,0.0,150.0,73.33333333333333,0.6283199364940325,0.43297699466347694,0.17383009692033133,0.7023215442895889,-0.0074393727506200475,-0.0035236236532606804,0.0005082010945140306,0.46165096138914424,0.49041452755530673,0.4773520963887374,0.0019907070375969247,0.050910317028562226,0.10333583721270163,0.10000000149011612,,,,0.01157448002777528,0.11673177095750968,0.11087905243039131,0.02896135114133358,0.04210405455281337,0.010000000000000004,nan,0.8136876821517944,0.49168825149536133,0.7048285007476807,0.6629144549369812,0.599609375,0.18656635284423828,0.47745099663734436,1.0,1.0,0.03837002068758011,0.022758111357688904
642,7,28,0.0,0.18155508687985794,0.05026455649307796,,,,,,,,,21.02506583077567,0.0,0.3049409418234224,,0.14418331959417888,-0.3034048463617052,0.4057406485080719,0.2741314875228064,0.41661771706172396,0.9283070990017482,0.0013765833323954471,0.010296996150697981,0.032465074743543355,0.0033092368337832886,0.0030746012932173924,0.037738987377711704,150.0,80.57142857142857,0.40445220683302197,0.7105542336191449,0.22583362885883876,0.5522905971322741,-0.005891581398567983,-0.0014149158294977887,0.00491786638407835,0.3098831368344171,0.49087151885032654,0.46292525955608915,0.0010432899829798511,0.04955929091998509,0.09958727551358086,0.10000000149011612,,,,0.054260779704366414,0.09057800684656415,0.11088466005665916,0.028989754085029875,0.10230243631771632,0.01,nan,0.8251985907554626,0.45162272453308105,0.5827220678329468,0.6098325848579407,0.388671875,0.19987666606903076,0.6332702040672302,1.0,0.9930555820465088,0.033043477684259415,0.026852857321500778
644,24,24,0.0,-0.003590472973883152,0.008090233391461274,,,,,,,,,7.603565961122513,0.0,0.30406302372966737,,0.02687334214958052,-0.26638751787443954,0.3171680768330892,0.048720017347174384,0.5808593754967054,0.9705403670668602,0.004644788093476866,0.013221504166722298,0.031817963967720665,0.0030746012932173915,0.003196505058555047,0.0,150.0,90.66666666666667,0.38558148592710495,0.5737987297276655,0.18710902084906897,0.5752488300204277,-0.004652073374018073,0.0006617134337526901,0.004643795497637863,0.22620104004939398,0.498677725593249,0.4757530043522517,0.0005201683931469839,0.0541297624198099,0.10963569581508636,0.10000000149011612,,,,0.02121585276715147,0.17845052108168602,0.11087749153375626,0.028952804394066334,0.07821964534620444,0.010000000000000004,nan,0.910097599029541,0.3164680004119873,0.5463526248931885,0.4643145203590393,0.505859375,0.21427476406097412,0.6489222049713135,1.0,0.9965277910232544,0.0358552485704422,0.02746471017599106
647,24,24,0.0,-0.013712578685954213,0.02580682677216828,,,,,,,,,5.657928496599197,0.0,0.3032258321296519,,0.0,-0.26431721200545627,0.27905860419074696,-0.0024733403503584364,0.5610033993919691,0.9260220751166344,0.01185118422533075,0.024106000860532124,0.039171585192283,0.003196505058555047,0.0033840878310690725,0.0,150.0,72.83333333333333,0.6693587253491083,0.6221836556990942,0.1609228178858757,0.6557188630104065,-0.007242737163323909,-0.002237212053538921,0.0012793488212992088,0.3984287728865941,0.4901572937766711,0.45616161450743675,0.0022588672679072865,0.04981960992639264,0.10032728283355634,0.10000000149011612,,,,0.009219094553069832,0.09167513499657313,0.11086611729115248,0.028894313455869753,0.05997397952402631,0.010000000000000004,nan,0.863994836807251,0.36948612332344055,0.6377153396606445,0.635766327381134,0.505859375,0.1711452603340149,0.6464660167694092,1.0,0.9978298544883728,0.03507203981280327,0.0273897647857666
649,24,24,0.0,-0.01091520166179786,0.011021541082300246,,,,,,,,,7.055085877577464,0.0,0.30252393411945916,,0.02122338329597066,-0.21749450949331126,0.25638397845129174,0.030993835772581708,0.4235026016831398,0.8928059910734495,0.005608053538405026,0.013569267466664314,0.025744114071130753,0.0033840878310690725,0.0034183915458601832,0.0,150.0,97.0,0.5289262781540552,0.6894692182540894,0.24103809396425882,0.3440942317247391,-0.005720277103440215,-0.0008429080789937871,0.002992140366889847,0.2891877709577481,0.5144906304776669,0.4901176964243253,0.0006305716124188621,0.04733804163212577,0.10125614795833826,0.10000000149011612,,,,0.013562722383843115,0.12669270920256773,0.11084566016991933,0.028788916999474168,0.09065659220019977,0.010000000000000004,nan,0.8705630302429199,0.3597910404205322,0.3419325351715088,0.3923655152320862,0.3349609375,0.17093247175216675,0.7025051712989807,1.0,1.0,0.03289949148893356,0.03596610948443413
652,14,28,0.0,-0.007288425429058927,0.03544828548495259,,,,,,,,,6.779357484408787,0.0,0.3018559767889252,,0.0,-0.2439583625112261,0.2567670898778098,-0.005272277065419725,0.6124999948910305,0.961790497813906,0.011928423906543426,0.024794632835047587,0.03987873026302883,0.0034183915458601832,0.0036068718756276106,0.0,150.0,60.142857142857146,0.501253998705319,0.5298729283469064,0.11088893243244716,0.7050466196877616,-0.006646001877795372,-0.0006260014740421736,0.0036054396270109074,0.2697475126811436,0.49133468738624025,0.4694090187549591,0.0003232161023853613,0.05536424049309322,0.11063334026506969,0.10000000149011612,,,,0.02958071419769632,0.14879623800516129,0.11083027933325086,0.028709355874785354,0.04732922038861683,0.009999999999999998,nan,0.7666078805923462,0.4841630756855011,0.6763938069343567,0.5244874954223633,0.5576171875,0.17523080110549927,0.5642451643943787,1.0,1.0,0.02756265178322792,0.024612775072455406
654,24,24,0.0,0.000948242067048947,0.007697158396088828,,,,,,,,,7.265286092956861,0.0,0.3013335199494173,,0.0,-0.2739566868791978,0.3099574074149132,-0.0019447015026040997,0.5971679662664732,0.9448567728201548,0.006445171330900242,0.017325980588793755,0.03233103081583977,0.00360687187562761,0.00370658699620645,0.0,150.0,84.5,0.6266775950789452,0.5698661456505457,0.16562939435243607,0.6970236872633299,-0.006072998367017135,0.00018381467558962564,0.0024318848348533115,0.226994256178538,0.49142542481422424,0.46349307398001355,0.0016887109648754024,0.05586101999506354,0.11530329504360755,0.10000000149011612,,,,0.017666715303979192,0.18649088591337204,0.11083677348991235,0.028742604578534763,0.04387451025346915,0.010000000000000004,nan,0.9214873909950256,0.2846306562423706,0.7113238573074341,0.63565593957901,0.482421875,0.13087493181228638,0.606101930141449,1.0,0.9813368320465088,0.03453610837459564,0.030930474400520325
656,24,24,0.0,-0.010539576682883004,0.011156034927504757,,,,,,,,,9.452013085285822,0.0,0.30089709134665293,,0.0687179397791624,-0.24135861421624819,0.33362549791733426,0.3344301798691352,0.4598632777730624,0.9698567738135656,0.00256904556893763,0.009251302729050318,0.024098888039588928,0.003706586996206449,0.00350522069347446,0.024540933431126177,150.0,105.5,0.6636431018511454,0.7190910801291466,0.21953936914602915,0.4929284043610096,-0.005104402293606351,-0.001814932124640715,0.001079544617217228,0.4189566175142924,0.516549076884985,0.47919396062692005,5.2227394917281345e-05,0.058644987953205906,0.11557266830156247,0.10000000149011612,,,,0.01994065956872267,0.14283854219441613,0.1108296715343992,0.02870539288657407,0.14370543882250786,0.010000000000000004,nan,0.8795341849327087,0.34712842106819153,0.44224777817726135,0.5479175448417664,0.333984375,0.22734320163726807,0.7577081918716431,1.0,0.9978298544883728,0.030558520928025246,0.031563010066747665
658,24,24,0.0,-0.0034359874262008816,0.00788171800862377,,,,,,,,,7.4860297838846845,0.0,0.3005467986628602,,0.0,-0.22009423499306044,0.23762185871601105,-0.0022586592288765437,0.5934895823399226,0.9704101557532946,0.010679272934794426,0.021084244052569073,0.032001165052255,0.0035052206934744613,0.00369385291713242,0.0,150.0,81.0,0.7936767861247063,0.6214920481046041,0.20992513000965118,0.48781001940369606,-0.006134464871138334,-0.0026111887127626687,-0.00036430502450457425,0.5450560959676901,0.5106393123666445,0.4900962474445502,0.002183441179416453,0.05779719399288297,0.11628602848698695,0.10000000149011612,,,,0.019615724828327075,0.18411458345750967,0.11082940207173426,0.028703387128189206,0.08266677210728328,0.010000000000000004,nan,0.9154441952705383,0.3507272005081177,0.5053913593292236,0.5399364829063416,0.470703125,0.1971796751022339,0.6732837557792664,1.0,0.9978298544883728,0.03849806264042854,0.029777832329273224
660,24,24,0.0,-0.01087539039629822,0.011154657249183705,,,,,,,,,7.524792472521464,0.0,0.30028272832751685,,0.0,-0.2722433755795161,0.3009919077157974,-0.002065439048844079,0.5428059870998064,0.9624674518903097,0.007824696445216736,0.019030593956510227,0.036171228935321174,0.0036938529171324217,0.0038511598506122385,0.0,150.0,80.5,0.6357237721482912,0.5594044998288155,0.20304718365271887,0.5155917728940645,-0.007017218682449311,-0.003666501802702745,0.0016526452629174553,0.42979414388537407,0.4929165455202262,0.46205394590894383,0.0017997450586335617,0.043559508553395666,0.0932179403801759,0.10000000149011612,,,,0.01921436876000371,0.1838867187810441,0.11082368685553472,0.02867344836704433,0.05109353239337603,0.010000000000000004,nan,0.8736604452133179,0.3566577434539795,0.5311963558197021,0.6767929196357727,0.466796875,0.19822359085083008,0.5786259174346924,1.0,0.9969618320465088,0.04286591336131096,0.024358447641134262
662,24,24,0.0,-0.008958640042692423,0.00851445059136798,,,,,,,,,7.415467431147893,0.0,0.30010494549602673,,0.1921713730941216,-0.26166796249647933,0.3752686642110348,0.4025525984664758,0.5585286418596903,0.9662434930602709,-0.00015155174802809293,0.0074640922248363495,0.02902674674987793,0.0038511598506122398,0.003296053615896897,0.06640417920425534,150.0,97.5,0.44305910790959996,0.5830281575520834,0.16537398348251978,0.5820251069962978,-0.004794120652756344,0.000663843501873392,0.004611116378024842,0.22040791809558868,0.5068966137866179,0.4785411295791467,-0.001509836741509692,0.04806135812153419,0.09673926730950673,0.10000000149011612,,,,0.017203925550954107,0.14739583370586237,0.11082119587808847,0.02866035234183073,0.06969593620548646,0.010000000000000004,nan,0.906099796295166,0.3093913495540619,0.5360504388809204,0.5313950181007385,0.4658203125,0.1868017315864563,0.5627979636192322,1.0,1.0,0.024691959843039513,0.024025224149227142
664,24,24,0.0,-0.009750877895082036,0.0072585333449145155,,,,,,,,,7.20022847255071,0.0,0.3000134940336434,,0.040457018612263106,-0.286259138956666,0.3549651230374972,0.11172983484963576,0.4579101527730624,0.9543945342302322,0.004040541573582838,0.012016773223876953,0.030997167030970257,0.0032960536158968966,0.003286061875364492,0.0,150.0,92.5,0.46102668965856236,0.6624606947104136,0.16935099412997565,0.3153417936215798,-0.0053438850154634565,-0.0015491211306652986,0.004037187560849513,0.3380461595952511,0.5046407865981261,0.4786928904553254,-0.0009624014019209426,0.0526101803407073,0.10237975511699915,0.10000000149011612,,,,0.015987411471238982,0.15289713566501936,0.11080926625678937,0.028598739998415112,0.05587225748846928,0.010000000000000004,nan,0.9474546313285828,0.24477790296077728,0.3136352002620697,0.4553945064544678,0.3857421875,0.15810400247573853,0.6400377154350281,1.0,0.9986979365348816,0.0293737780302763,0.032409168779850006
666,24,24,0.0,-0.0012582437290499608,0.007200510105273376,,,,,,,,,6.619890789190928,0.0,0.2999999999999999,,0.0,-0.23404010012745857,0.24625720269978046,-0.00213976997959738,0.6362304662664732,0.9670572926600774,0.01203205642135193,0.024640201901396114,0.037167215098937355,0.0032860618753644912,0.0034740970780904974,0.0,150.0,73.0,0.5205090741316477,0.45099610711137456,0.12338334321975708,0.514418159921964,-0.00540874112630263,-0.0012802804734140711,0.003014944879396353,0.3175909748921792,0.4812692354122798,0.46411629766225815,0.0021220818363569074,0.04434341533730427,0.09091666992753744,0.10000000149011612,,,,0.011748186040980121,0.13238932378590107,0.11078084663798411,0.028452960308641195,0.0506066222054263,0.010000000000000004,nan,0.9101338386535645,0.3048153221607208,0.5645574331283569,0.46819692850112915,0.56640625,0.1272842288017273,0.4578583240509033,1.0,1.0,0.028969142585992813,0.020745107904076576
