Placing Sensors
File header (hex): 49492a00
Successfully loaded topography: (801, 801)
Placing Sensors
[Episode 1/1000] Steps: 720 | Reward:   21.97 | Battery:  78.71% | Loss: N/A (PSO)
Placing Sensors
[Episode 2/1000] Steps: 720 | Reward:    5.21 | Battery:  74.87% | Loss: N/A (PSO)
Placing Sensors
[Episode 3/1000] Steps: 720 | Reward:  -49.27 | Battery:  35.17% | Loss: N/A (PSO)
Placing Sensors
[Episode 4/1000] Steps: 720 | Reward:   70.80 | Battery:  78.28% | Loss: N/A (PSO)
Placing Sensors
[Episode 5/1000] Steps: 720 | Reward: -122.65 | Battery:  19.99% | Loss: N/A (PSO)
Placing Sensors
[Episode 6/1000] Steps: 720 | Reward:   50.01 | Battery:  77.93% | Loss: N/A (PSO)
Placing Sensors
[Episode 7/1000] Steps: 720 | Reward: -138.09 | Battery:  22.55% | Loss: N/A (PSO)
Placing Sensors
[Episode 8/1000] Steps: 720 | Reward:  -45.87 | Battery:  35.17% | Loss: N/A (PSO)
Placing Sensors
[Episode 9/1000] Steps: 720 | Reward:   31.72 | Battery:  76.21% | Loss: N/A (PSO)
Placing Sensors
[Episode 10/1000] Steps: 720 | Reward:   49.89 | Battery:  77.10% | Loss: N/A (PSO)
Placing Sensors
[Episode 11/1000] Steps: 720 | Reward:   39.90 | Battery:  78.57% | Loss: N/A (PSO)
Placing Sensors
[Episode 12/1000] Steps: 720 | Reward:   48.04 | Battery:  77.43% | Loss: N/A (PSO)
Placing Sensors
[Episode 13/1000] Steps: 720 | Reward:   53.88 | Battery:  78.73% | Loss: N/A (PSO)
Placing Sensors
[Episode 14/1000] Steps: 720 | Reward:    3.82 | Battery:  59.32% | Loss: N/A (PSO)
Placing Sensors
[Episode 15/1000] Steps: 720 | Reward: -103.46 | Battery:  38.76% | Loss: N/A (PSO)
Placing Sensors
[Episode 16/1000] Steps: 720 | Reward:   29.24 | Battery:  77.97% | Loss: N/A (PSO)
Placing Sensors
[Episode 17/1000] Steps: 720 | Reward:  -70.66 | Battery:  35.58% | Loss: N/A (PSO)
Placing Sensors
[Episode 18/1000] Steps: 720 | Reward:   50.39 | Battery:  78.33% | Loss: N/A (PSO)
Placing Sensors
[Episode 19/1000] Steps: 720 | Reward:   51.49 | Battery:  77.55% | Loss: N/A (PSO)
Placing Sensors
[Episode 20/1000] Steps: 720 | Reward:   50.86 | Battery:  78.33% | Loss: N/A (PSO)
Placing Sensors
[Episode 21/1000] Steps: 720 | Reward:   66.04 | Battery:  77.55% | Loss: N/A (PSO)
Placing Sensors
[Episode 22/1000] Steps: 720 | Reward:   62.16 | Battery:  77.94% | Loss: N/A (PSO)
Placing Sensors
[Episode 23/1000] Steps: 720 | Reward: -119.80 | Battery:  20.08% | Loss: N/A (PSO)
Placing Sensors
[Episode 24/1000] Steps: 720 | Reward:  -39.00 | Battery:  47.69% | Loss: N/A (PSO)
Placing Sensors
[Episode 25/1000] Steps: 720 | Reward:   66.99 | Battery:  78.29% | Loss: N/A (PSO)
Placing Sensors
[Episode 26/1000] Steps: 720 | Reward: -111.77 | Battery:  19.62% | Loss: N/A (PSO)
Placing Sensors
[Episode 27/1000] Steps: 720 | Reward:  -38.12 | Battery:  67.84% | Loss: N/A (PSO)
Placing Sensors
[Episode 28/1000] Steps: 720 | Reward:   44.52 | Battery:  75.91% | Loss: N/A (PSO)
Placing Sensors
[Episode 29/1000] Steps: 720 | Reward:   66.34 | Battery:  78.28% | Loss: N/A (PSO)
Placing Sensors
[Episode 30/1000] Steps: 720 | Reward:   60.61 | Battery:  78.76% | Loss: N/A (PSO)
Placing Sensors
[Episode 31/1000] Steps: 720 | Reward:   24.31 | Battery:  78.86% | Loss: N/A (PSO)
Placing Sensors
[Episode 32/1000] Steps: 720 | Reward:   48.53 | Battery:  77.45% | Loss: N/A (PSO)
Placing Sensors
[Episode 33/1000] Steps: 720 | Reward:   29.23 | Battery:  77.95% | Loss: N/A (PSO)
Placing Sensors
[Episode 34/1000] Steps: 720 | Reward:   70.34 | Battery:  78.33% | Loss: N/A (PSO)
Placing Sensors
[Episode 35/1000] Steps: 720 | Reward:   17.97 | Battery:  78.27% | Loss: N/A (PSO)
Placing Sensors
[Episode 36/1000] Steps: 720 | Reward:   35.32 | Battery:  78.69% | Loss: N/A (PSO)
Placing Sensors
[Episode 37/1000] Steps: 720 | Reward:  -84.79 | Battery:  37.85% | Loss: N/A (PSO)
Placing Sensors
[Episode 38/1000] Steps: 720 | Reward:   45.48 | Battery:  77.80% | Loss: N/A (PSO)
Placing Sensors
[Episode 39/1000] Steps: 720 | Reward:   57.38 | Battery:  78.52% | Loss: N/A (PSO)
Placing Sensors
[Episode 40/1000] Steps: 720 | Reward:   46.71 | Battery:  78.01% | Loss: N/A (PSO)
Placing Sensors
[Episode 41/1000] Steps: 720 | Reward: -113.99 | Battery:  19.66% | Loss: N/A (PSO)
Placing Sensors
[Episode 42/1000] Steps: 720 | Reward: -116.29 | Battery:  19.96% | Loss: N/A (PSO)
Placing Sensors
[Episode 43/1000] Steps: 720 | Reward: -126.06 | Battery:  20.61% | Loss: N/A (PSO)
Placing Sensors
[Episode 44/1000] Steps: 720 | Reward:   38.16 | Battery:  78.53% | Loss: N/A (PSO)
Placing Sensors
[Episode 45/1000] Steps: 720 | Reward: -115.83 | Battery:  20.27% | Loss: N/A (PSO)
Placing Sensors
[Episode 46/1000] Steps: 720 | Reward: -135.07 | Battery:  21.25% | Loss: N/A (PSO)
Placing Sensors
[Episode 47/1000] Steps: 720 | Reward:  -49.39 | Battery:  35.54% | Loss: N/A (PSO)
Placing Sensors
[Episode 48/1000] Steps: 720 | Reward:  -54.05 | Battery:  36.00% | Loss: N/A (PSO)
Placing Sensors
[Episode 49/1000] Steps: 720 | Reward:  -62.11 | Battery:  36.02% | Loss: N/A (PSO)
Placing Sensors
[Episode 50/1000] Steps: 720 | Reward:   43.37 | Battery:  74.30% | Loss: N/A (PSO)
Placing Sensors
[Episode 51/1000] Steps: 720 | Reward:   15.05 | Battery:  77.48% | Loss: N/A (PSO)
Placing Sensors
[Episode 52/1000] Steps: 720 | Reward:   18.87 | Battery:  77.29% | Loss: N/A (PSO)
Placing Sensors
[Episode 53/1000] Steps: 720 | Reward: -103.86 | Battery:  18.16% | Loss: N/A (PSO)
Placing Sensors
[Episode 54/1000] Steps: 720 | Reward: -104.23 | Battery:  18.91% | Loss: N/A (PSO)
Placing Sensors
[Episode 55/1000] Steps: 720 | Reward:   33.00 | Battery:  78.64% | Loss: N/A (PSO)
Placing Sensors
[Episode 56/1000] Steps: 720 | Reward: -157.22 | Battery:  22.71% | Loss: N/A (PSO)
Placing Sensors
[Episode 57/1000] Steps: 720 | Reward:   72.09 | Battery:  78.27% | Loss: N/A (PSO)
Placing Sensors
[Episode 58/1000] Steps: 720 | Reward:   20.15 | Battery:  74.95% | Loss: N/A (PSO)
Placing Sensors
[Episode 59/1000] Steps: 720 | Reward:   45.73 | Battery:  78.06% | Loss: N/A (PSO)
Placing Sensors
[Episode 60/1000] Steps: 720 | Reward:   64.44 | Battery:  78.33% | Loss: N/A (PSO)
Placing Sensors
[Episode 61/1000] Steps: 720 | Reward:   30.83 | Battery:  78.96% | Loss: N/A (PSO)
Placing Sensors
[Episode 62/1000] Steps: 720 | Reward:  -41.91 | Battery:  77.36% | Loss: N/A (PSO)
Placing Sensors
[Episode 63/1000] Steps: 720 | Reward:   52.11 | Battery:  78.83% | Loss: N/A (PSO)
Placing Sensors
[Episode 64/1000] Steps: 720 | Reward:   62.07 | Battery:  78.33% | Loss: N/A (PSO)
Placing Sensors
[Episode 65/1000] Steps: 720 | Reward:   61.26 | Battery:  78.05% | Loss: N/A (PSO)
Placing Sensors
[Episode 66/1000] Steps: 720 | Reward:   68.87 | Battery:  77.93% | Loss: N/A (PSO)
Placing Sensors
[Episode 67/1000] Steps: 720 | Reward:  -68.79 | Battery:  36.19% | Loss: N/A (PSO)
Placing Sensors
[Episode 68/1000] Steps: 720 | Reward:   69.53 | Battery:  78.29% | Loss: N/A (PSO)
Placing Sensors
[Episode 69/1000] Steps: 720 | Reward:   40.03 | Battery:  78.84% | Loss: N/A (PSO)
Placing Sensors
[Episode 70/1000] Steps: 720 | Reward:   34.46 | Battery:  77.04% | Loss: N/A (PSO)
Placing Sensors
[Episode 71/1000] Steps: 720 | Reward:   58.84 | Battery:  76.87% | Loss: N/A (PSO)
Placing Sensors
[Episode 72/1000] Steps: 720 | Reward:   48.02 | Battery:  78.73% | Loss: N/A (PSO)
Placing Sensors
[Episode 73/1000] Steps: 720 | Reward:   62.55 | Battery:  77.43% | Loss: N/A (PSO)
Placing Sensors
[Episode 74/1000] Steps: 720 | Reward:   53.43 | Battery:  78.56% | Loss: N/A (PSO)
Placing Sensors
[Episode 75/1000] Steps: 720 | Reward:   53.99 | Battery:  78.87% | Loss: N/A (PSO)
Placing Sensors
[Episode 76/1000] Steps: 720 | Reward:   67.56 | Battery:  78.33% | Loss: N/A (PSO)
Placing Sensors
[Episode 77/1000] Steps: 720 | Reward:  -96.19 | Battery:  38.18% | Loss: N/A (PSO)
Placing Sensors
[Episode 78/1000] Steps: 720 | Reward:   49.46 | Battery:  78.48% | Loss: N/A (PSO)
Placing Sensors
[Episode 79/1000] Steps: 720 | Reward:   69.06 | Battery:  78.33% | Loss: N/A (PSO)
Placing Sensors
[Episode 80/1000] Steps: 720 | Reward:   62.34 | Battery:  78.34% | Loss: N/A (PSO)
Placing Sensors
[Episode 81/1000] Steps: 720 | Reward:    8.05 | Battery:  79.19% | Loss: N/A (PSO)
Placing Sensors
[Episode 82/1000] Steps: 720 | Reward:   45.67 | Battery:  78.30% | Loss: N/A (PSO)
Placing Sensors
[Episode 83/1000] Steps: 720 | Reward:   65.93 | Battery:  77.55% | Loss: N/A (PSO)
Placing Sensors
[Episode 84/1000] Steps: 720 | Reward:   68.13 | Battery:  78.27% | Loss: N/A (PSO)
Placing Sensors
[Episode 85/1000] Steps: 720 | Reward:   -0.97 | Battery:  76.43% | Loss: N/A (PSO)
Placing Sensors
[Episode 86/1000] Steps: 720 | Reward:   33.74 | Battery:  78.34% | Loss: N/A (PSO)
Placing Sensors
[Episode 87/1000] Steps: 720 | Reward:   64.98 | Battery:  78.29% | Loss: N/A (PSO)
Placing Sensors
[Episode 88/1000] Steps: 720 | Reward:   71.94 | Battery:  78.29% | Loss: N/A (PSO)
Placing Sensors
[Episode 89/1000] Steps: 720 | Reward:   41.60 | Battery:  77.22% | Loss: N/A (PSO)
Placing Sensors
[Episode 90/1000] Steps: 720 | Reward:   26.88 | Battery:  78.09% | Loss: N/A (PSO)
Placing Sensors
[Episode 91/1000] Steps: 720 | Reward:   64.06 | Battery:  77.93% | Loss: N/A (PSO)
Placing Sensors
[Episode 92/1000] Steps: 720 | Reward:    8.23 | Battery:  73.78% | Loss: N/A (PSO)
Placing Sensors
[Episode 93/1000] Steps: 720 | Reward:   45.14 | Battery:  78.51% | Loss: N/A (PSO)
Placing Sensors
[Episode 94/1000] Steps: 720 | Reward:   56.70 | Battery:  78.42% | Loss: N/A (PSO)
Placing Sensors
[Episode 95/1000] Steps: 720 | Reward:   64.85 | Battery:  77.91% | Loss: N/A (PSO)
Placing Sensors
[Episode 96/1000] Steps: 720 | Reward:   65.10 | Battery:  77.98% | Loss: N/A (PSO)
Placing Sensors
[Episode 97/1000] Steps: 720 | Reward:   34.53 | Battery:  78.89% | Loss: N/A (PSO)
Placing Sensors
[Episode 98/1000] Steps: 720 | Reward:   49.72 | Battery:  78.87% | Loss: N/A (PSO)
Placing Sensors
[Episode 99/1000] Steps: 720 | Reward:   64.90 | Battery:  78.01% | Loss: N/A (PSO)
Placing Sensors
[Episode 100/1000] Steps: 720 | Reward:   51.86 | Battery:  78.03% | Loss: N/A (PSO)
Placing Sensors
[Episode 101/1000] Steps: 720 | Reward:   67.77 | Battery:  77.45% | Loss: N/A (PSO)
Placing Sensors
[Episode 102/1000] Steps: 720 | Reward:   45.77 | Battery:  78.33% | Loss: N/A (PSO)
Placing Sensors
[Episode 103/1000] Steps: 720 | Reward:   66.30 | Battery:  78.29% | Loss: N/A (PSO)
Placing Sensors
[Episode 104/1000] Steps: 720 | Reward:   60.26 | Battery:  77.95% | Loss: N/A (PSO)
Placing Sensors
[Episode 105/1000] Steps: 720 | Reward:   63.85 | Battery:  78.27% | Loss: N/A (PSO)
Placing Sensors
[Episode 106/1000] Steps: 720 | Reward:   70.24 | Battery:  78.33% | Loss: N/A (PSO)
Placing Sensors
[Episode 107/1000] Steps: 720 | Reward:   53.37 | Battery:  78.84% | Loss: N/A (PSO)
Placing Sensors
[Episode 108/1000] Steps: 720 | Reward:  -50.68 | Battery:  35.54% | Loss: N/A (PSO)
Placing Sensors
[Episode 109/1000] Steps: 720 | Reward:   67.46 | Battery:  77.91% | Loss: N/A (PSO)
Placing Sensors
[Episode 110/1000] Steps: 720 | Reward:   67.04 | Battery:  78.29% | Loss: N/A (PSO)
Placing Sensors
[Episode 111/1000] Steps: 720 | Reward:   68.47 | Battery:  78.02% | Loss: N/A (PSO)
Placing Sensors
[Episode 112/1000] Steps: 720 | Reward:   26.36 | Battery:  77.66% | Loss: N/A (PSO)
Placing Sensors
[Episode 113/1000] Steps: 720 | Reward:   62.76 | Battery:  78.27% | Loss: N/A (PSO)
Placing Sensors
[Episode 114/1000] Steps: 720 | Reward:   49.74 | Battery:  78.51% | Loss: N/A (PSO)
Placing Sensors
[Episode 115/1000] Steps: 720 | Reward:   30.94 | Battery:  78.70% | Loss: N/A (PSO)
Placing Sensors
[Episode 116/1000] Steps: 720 | Reward:   16.33 | Battery:  78.65% | Loss: N/A (PSO)
Placing Sensors
[Episode 117/1000] Steps: 720 | Reward:   67.08 | Battery:  77.39% | Loss: N/A (PSO)
Placing Sensors
[Episode 118/1000] Steps: 720 | Reward:   67.51 | Battery:  77.43% | Loss: N/A (PSO)
Placing Sensors
[Episode 119/1000] Steps: 720 | Reward: -105.99 | Battery:  18.42% | Loss: N/A (PSO)
Placing Sensors
[Episode 120/1000] Steps: 720 | Reward:   68.93 | Battery:  77.91% | Loss: N/A (PSO)
Placing Sensors
[Episode 121/1000] Steps: 720 | Reward:   61.55 | Battery:  77.45% | Loss: N/A (PSO)
Placing Sensors
[Episode 122/1000] Steps: 720 | Reward:   46.41 | Battery:  78.20% | Loss: N/A (PSO)
Placing Sensors
[Episode 123/1000] Steps: 720 | Reward:   62.70 | Battery:  77.39% | Loss: N/A (PSO)
Placing Sensors
[Episode 124/1000] Steps: 720 | Reward:   67.80 | Battery:  77.43% | Loss: N/A (PSO)
Placing Sensors
[Episode 125/1000] Steps: 720 | Reward:   69.68 | Battery:  78.27% | Loss: N/A (PSO)
Placing Sensors
[Episode 126/1000] Steps: 720 | Reward:   48.89 | Battery:  78.88% | Loss: N/A (PSO)
Placing Sensors
[Episode 127/1000] Steps: 720 | Reward:   65.33 | Battery:  77.91% | Loss: N/A (PSO)
Placing Sensors
[Episode 128/1000] Steps: 720 | Reward:   68.11 | Battery:  78.27% | Loss: N/A (PSO)
Placing Sensors
[Episode 129/1000] Steps: 720 | Reward:   70.37 | Battery:  78.27% | Loss: N/A (PSO)
Placing Sensors
[Episode 130/1000] Steps: 720 | Reward:   63.15 | Battery:  77.55% | Loss: N/A (PSO)
Placing Sensors
[Episode 131/1000] Steps: 720 | Reward:   59.53 | Battery:  77.43% | Loss: N/A (PSO)
Placing Sensors
[Episode 132/1000] Steps: 720 | Reward:   27.50 | Battery:  77.98% | Loss: N/A (PSO)
Placing Sensors
[Episode 133/1000] Steps: 720 | Reward:   67.05 | Battery:  77.76% | Loss: N/A (PSO)
Placing Sensors
[Episode 134/1000] Steps: 720 | Reward:   69.36 | Battery:  77.45% | Loss: N/A (PSO)
Placing Sensors
[Episode 135/1000] Steps: 720 | Reward:   64.64 | Battery:  77.43% | Loss: N/A (PSO)
Placing Sensors
[Episode 136/1000] Steps: 720 | Reward:   70.03 | Battery:  77.39% | Loss: N/A (PSO)
Placing Sensors
[Episode 137/1000] Steps: 720 | Reward:  -47.73 | Battery:  35.68% | Loss: N/A (PSO)
Placing Sensors
[Episode 138/1000] Steps: 720 | Reward:   55.67 | Battery:  78.82% | Loss: N/A (PSO)
Placing Sensors
[Episode 139/1000] Steps: 720 | Reward:   68.58 | Battery:  77.55% | Loss: N/A (PSO)
Placing Sensors
[Episode 140/1000] Steps: 720 | Reward:   66.76 | Battery:  78.27% | Loss: N/A (PSO)
Placing Sensors
[Episode 141/1000] Steps: 720 | Reward:   64.53 | Battery:  77.45% | Loss: N/A (PSO)
Placing Sensors
[Episode 142/1000] Steps: 720 | Reward:   66.27 | Battery:  78.28% | Loss: N/A (PSO)
Placing Sensors
[Episode 143/1000] Steps: 720 | Reward:   66.55 | Battery:  78.33% | Loss: N/A (PSO)
Placing Sensors
[Episode 144/1000] Steps: 720 | Reward:   66.58 | Battery:  78.27% | Loss: N/A (PSO)
Placing Sensors
[Episode 145/1000] Steps: 720 | Reward:    3.58 | Battery:  77.98% | Loss: N/A (PSO)
Placing Sensors
[Episode 146/1000] Steps: 720 | Reward:   65.06 | Battery:  78.29% | Loss: N/A (PSO)
Placing Sensors
[Episode 147/1000] Steps: 720 | Reward: -100.40 | Battery:  18.68% | Loss: N/A (PSO)
Placing Sensors
[Episode 148/1000] Steps: 720 | Reward:   23.47 | Battery:  78.64% | Loss: N/A (PSO)
Placing Sensors
[Episode 149/1000] Steps: 720 | Reward:   42.68 | Battery:  78.02% | Loss: N/A (PSO)
Placing Sensors
[Episode 150/1000] Steps: 720 | Reward:   67.69 | Battery:  78.01% | Loss: N/A (PSO)
Placing Sensors
[Episode 151/1000] Steps: 720 | Reward:   70.44 | Battery:  78.01% | Loss: N/A (PSO)
Placing Sensors
[Episode 152/1000] Steps: 720 | Reward:   70.63 | Battery:  78.27% | Loss: N/A (PSO)
Placing Sensors
[Episode 153/1000] Steps: 720 | Reward:    9.71 | Battery:  76.18% | Loss: N/A (PSO)
Placing Sensors
[Episode 154/1000] Steps: 720 | Reward:   53.85 | Battery:  78.97% | Loss: N/A (PSO)
Placing Sensors
[Episode 155/1000] Steps: 720 | Reward:   49.72 | Battery:  78.29% | Loss: N/A (PSO)
Placing Sensors
[Episode 156/1000] Steps: 720 | Reward: -106.49 | Battery:  19.58% | Loss: N/A (PSO)
Placing Sensors
[Episode 157/1000] Steps: 720 | Reward:   69.82 | Battery:  78.27% | Loss: N/A (PSO)
Placing Sensors
[Episode 158/1000] Steps: 720 | Reward:   66.53 | Battery:  77.39% | Loss: N/A (PSO)
Placing Sensors
[Episode 159/1000] Steps: 720 | Reward:   51.21 | Battery:  78.33% | Loss: N/A (PSO)
Placing Sensors
[Episode 160/1000] Steps: 720 | Reward:   66.41 | Battery:  78.27% | Loss: N/A (PSO)
Placing Sensors
[Episode 161/1000] Steps: 720 | Reward:   67.78 | Battery:  77.98% | Loss: N/A (PSO)
Placing Sensors
[Episode 162/1000] Steps: 720 | Reward:  -71.12 | Battery:  17.59% | Loss: N/A (PSO)
Placing Sensors
[Episode 163/1000] Steps: 720 | Reward:   66.35 | Battery:  78.29% | Loss: N/A (PSO)
Placing Sensors
[Episode 164/1000] Steps: 720 | Reward:   53.09 | Battery:  78.47% | Loss: N/A (PSO)
Placing Sensors
[Episode 165/1000] Steps: 720 | Reward:   64.94 | Battery:  77.55% | Loss: N/A (PSO)
Placing Sensors
[Episode 166/1000] Steps: 720 | Reward:   67.59 | Battery:  78.01% | Loss: N/A (PSO)
Placing Sensors
[Episode 167/1000] Steps: 720 | Reward:   47.50 | Battery:  78.09% | Loss: N/A (PSO)
Placing Sensors
[Episode 168/1000] Steps: 720 | Reward:   69.19 | Battery:  78.34% | Loss: N/A (PSO)
Placing Sensors
[Episode 169/1000] Steps: 720 | Reward:   67.32 | Battery:  77.43% | Loss: N/A (PSO)
Placing Sensors
[Episode 170/1000] Steps: 720 | Reward:   65.78 | Battery:  78.29% | Loss: N/A (PSO)
Placing Sensors
[Episode 171/1000] Steps: 720 | Reward:   64.45 | Battery:  77.94% | Loss: N/A (PSO)
Placing Sensors
[Episode 172/1000] Steps: 720 | Reward:   48.75 | Battery:  78.91% | Loss: N/A (PSO)
Placing Sensors
[Episode 173/1000] Steps: 720 | Reward:   49.65 | Battery:  77.62% | Loss: N/A (PSO)
Placing Sensors
[Episode 174/1000] Steps: 720 | Reward:   69.49 | Battery:  78.32% | Loss: N/A (PSO)
Placing Sensors
[Episode 175/1000] Steps: 720 | Reward:   57.57 | Battery:  77.90% | Loss: N/A (PSO)
Placing Sensors
[Episode 176/1000] Steps: 720 | Reward:   66.72 | Battery:  78.29% | Loss: N/A (PSO)
Placing Sensors
[Episode 177/1000] Steps: 720 | Reward:   10.70 | Battery:  73.16% | Loss: N/A (PSO)
Placing Sensors
[Episode 178/1000] Steps: 720 | Reward:   60.71 | Battery:  78.17% | Loss: N/A (PSO)
Placing Sensors
[Episode 179/1000] Steps: 720 | Reward:   58.96 | Battery:  78.47% | Loss: N/A (PSO)
Placing Sensors
[Episode 180/1000] Steps: 720 | Reward:   71.77 | Battery:  78.29% | Loss: N/A (PSO)
Placing Sensors
[Episode 181/1000] Steps: 720 | Reward:   71.08 | Battery:  78.29% | Loss: N/A (PSO)
Placing Sensors
[Episode 182/1000] Steps: 720 | Reward:   65.66 | Battery:  78.27% | Loss: N/A (PSO)
Placing Sensors
[Episode 183/1000] Steps: 720 | Reward:   42.44 | Battery:  78.91% | Loss: N/A (PSO)
Placing Sensors
[Episode 184/1000] Steps: 720 | Reward:  -50.55 | Battery:  35.54% | Loss: N/A (PSO)
Placing Sensors
[Episode 185/1000] Steps: 720 | Reward:   69.79 | Battery:  78.29% | Loss: N/A (PSO)
Placing Sensors
[Episode 186/1000] Steps: 720 | Reward:   63.93 | Battery:  77.93% | Loss: N/A (PSO)
Placing Sensors
[Episode 187/1000] Steps: 720 | Reward:   43.22 | Battery:  78.18% | Loss: N/A (PSO)
Placing Sensors
[Episode 188/1000] Steps: 720 | Reward:   71.11 | Battery:  78.28% | Loss: N/A (PSO)
Placing Sensors
[Episode 189/1000] Steps: 720 | Reward:   64.22 | Battery:  78.33% | Loss: N/A (PSO)
Placing Sensors
[Episode 190/1000] Steps: 720 | Reward:  -14.01 | Battery:  78.72% | Loss: N/A (PSO)
Placing Sensors
[Episode 191/1000] Steps: 720 | Reward: -115.03 | Battery:  23.64% | Loss: N/A (PSO)
Placing Sensors
[Episode 192/1000] Steps: 720 | Reward: -107.16 | Battery:  36.13% | Loss: N/A (PSO)
Placing Sensors
[Episode 193/1000] Steps: 720 | Reward:   41.29 | Battery:  77.60% | Loss: N/A (PSO)
Placing Sensors
[Episode 194/1000] Steps: 720 | Reward:   64.86 | Battery:  77.91% | Loss: N/A (PSO)
Placing Sensors
[Episode 195/1000] Steps: 720 | Reward:   50.61 | Battery:  78.94% | Loss: N/A (PSO)
Placing Sensors
[Episode 196/1000] Steps: 720 | Reward:   53.76 | Battery:  78.94% | Loss: N/A (PSO)
Placing Sensors
[Episode 197/1000] Steps: 720 | Reward:   33.64 | Battery:  78.66% | Loss: N/A (PSO)
Placing Sensors
[Episode 198/1000] Steps: 720 | Reward:   42.16 | Battery:  78.53% | Loss: N/A (PSO)
Placing Sensors
[Episode 199/1000] Steps: 720 | Reward:   70.48 | Battery:  78.27% | Loss: N/A (PSO)
Placing Sensors
[Episode 200/1000] Steps: 720 | Reward:  -97.09 | Battery:  18.25% | Loss: N/A (PSO)
Placing Sensors
[Episode 201/1000] Steps: 720 | Reward: -100.69 | Battery:  58.68% | Loss: N/A (PSO)
Placing Sensors
[Episode 202/1000] Steps: 720 | Reward:   38.39 | Battery:  77.41% | Loss: N/A (PSO)
Placing Sensors
[Episode 203/1000] Steps: 720 | Reward:   62.25 | Battery:  78.93% | Loss: N/A (PSO)
Placing Sensors
[Episode 204/1000] Steps: 720 | Reward:   67.14 | Battery:  77.52% | Loss: N/A (PSO)
Placing Sensors
[Episode 205/1000] Steps: 720 | Reward:   52.78 | Battery:  77.39% | Loss: N/A (PSO)
Placing Sensors
[Episode 206/1000] Steps: 720 | Reward:   66.10 | Battery:  77.98% | Loss: N/A (PSO)
Placing Sensors
[Episode 207/1000] Steps: 720 | Reward:   69.50 | Battery:  78.27% | Loss: N/A (PSO)
Placing Sensors
[Episode 208/1000] Steps: 720 | Reward:   66.03 | Battery:  77.93% | Loss: N/A (PSO)
Placing Sensors
[Episode 209/1000] Steps: 720 | Reward:   67.13 | Battery:  78.34% | Loss: N/A (PSO)
Placing Sensors
[Episode 210/1000] Steps: 720 | Reward:   33.44 | Battery:  78.18% | Loss: N/A (PSO)
Placing Sensors
[Episode 211/1000] Steps: 720 | Reward:   63.96 | Battery:  78.27% | Loss: N/A (PSO)
Placing Sensors
[Episode 212/1000] Steps: 720 | Reward:   60.99 | Battery:  77.45% | Loss: N/A (PSO)
Placing Sensors
[Episode 213/1000] Steps: 720 | Reward:   34.19 | Battery:  78.92% | Loss: N/A (PSO)
Placing Sensors
[Episode 214/1000] Steps: 720 | Reward:  -10.82 | Battery:  77.18% | Loss: N/A (PSO)
Placing Sensors
[Episode 215/1000] Steps: 720 | Reward:   39.12 | Battery:  78.54% | Loss: N/A (PSO)
Placing Sensors
[Episode 216/1000] Steps: 720 | Reward:   68.18 | Battery:  78.33% | Loss: N/A (PSO)
Placing Sensors
[Episode 217/1000] Steps: 720 | Reward:   65.56 | Battery:  78.33% | Loss: N/A (PSO)
Placing Sensors
[Episode 218/1000] Steps: 720 | Reward:   63.12 | Battery:  78.29% | Loss: N/A (PSO)
Placing Sensors
[Episode 219/1000] Steps: 720 | Reward:   59.24 | Battery:  78.47% | Loss: N/A (PSO)
Placing Sensors
[Episode 220/1000] Steps: 720 | Reward:   63.48 | Battery:  77.45% | Loss: N/A (PSO)
Placing Sensors
[Episode 221/1000] Steps: 720 | Reward:   65.21 | Battery:  78.27% | Loss: N/A (PSO)
Placing Sensors
[Episode 222/1000] Steps: 720 | Reward:  -35.55 | Battery:  57.01% | Loss: N/A (PSO)
Placing Sensors
[Episode 223/1000] Steps: 720 | Reward:   68.06 | Battery:  78.27% | Loss: N/A (PSO)
Placing Sensors
[Episode 224/1000] Steps: 720 | Reward:   56.60 | Battery:  78.03% | Loss: N/A (PSO)
Placing Sensors
[Episode 225/1000] Steps: 720 | Reward:   56.78 | Battery:  78.63% | Loss: N/A (PSO)
Placing Sensors
[Episode 226/1000] Steps: 720 | Reward:   15.42 | Battery:  77.04% | Loss: N/A (PSO)
Placing Sensors
[Episode 227/1000] Steps: 720 | Reward:   46.57 | Battery:  78.22% | Loss: N/A (PSO)
Placing Sensors
[Episode 228/1000] Steps: 720 | Reward:   51.66 | Battery:  78.94% | Loss: N/A (PSO)
Placing Sensors
[Episode 229/1000] Steps: 720 | Reward:   65.66 | Battery:  78.29% | Loss: N/A (PSO)
Placing Sensors
[Episode 230/1000] Steps: 720 | Reward:  -49.32 | Battery:  35.17% | Loss: N/A (PSO)
Placing Sensors
[Episode 231/1000] Steps: 720 | Reward:   65.96 | Battery:  77.45% | Loss: N/A (PSO)
Placing Sensors
[Episode 232/1000] Steps: 720 | Reward:  -92.02 | Battery:  37.59% | Loss: N/A (PSO)
Placing Sensors
[Episode 233/1000] Steps: 720 | Reward:   50.45 | Battery:  78.93% | Loss: N/A (PSO)
Placing Sensors
[Episode 234/1000] Steps: 720 | Reward:   65.36 | Battery:  77.93% | Loss: N/A (PSO)
Placing Sensors
[Episode 235/1000] Steps: 720 | Reward:  -31.96 | Battery:  77.42% | Loss: N/A (PSO)
Placing Sensors
[Episode 236/1000] Steps: 720 | Reward:   71.08 | Battery:  78.27% | Loss: N/A (PSO)
Placing Sensors
[Episode 237/1000] Steps: 720 | Reward:   60.63 | Battery:  77.45% | Loss: N/A (PSO)
Placing Sensors
[Episode 238/1000] Steps: 720 | Reward:   19.49 | Battery:  76.02% | Loss: N/A (PSO)
Placing Sensors
[Episode 239/1000] Steps: 720 | Reward:   41.88 | Battery:  78.30% | Loss: N/A (PSO)
Placing Sensors
[Episode 240/1000] Steps: 720 | Reward:   54.90 | Battery:  78.93% | Loss: N/A (PSO)
Placing Sensors
[Episode 241/1000] Steps: 720 | Reward:   68.80 | Battery:  77.93% | Loss: N/A (PSO)
Placing Sensors
[Episode 242/1000] Steps: 720 | Reward:   45.26 | Battery:  77.55% | Loss: N/A (PSO)
Placing Sensors
[Episode 243/1000] Steps: 720 | Reward:   67.97 | Battery:  77.45% | Loss: N/A (PSO)
Placing Sensors
[Episode 244/1000] Steps: 720 | Reward:   69.95 | Battery:  78.33% | Loss: N/A (PSO)
Placing Sensors
[Episode 245/1000] Steps: 720 | Reward:   42.76 | Battery:  78.61% | Loss: N/A (PSO)
Placing Sensors
[Episode 246/1000] Steps: 720 | Reward:   50.50 | Battery:  77.88% | Loss: N/A (PSO)
Placing Sensors
[Episode 247/1000] Steps: 720 | Reward:   67.77 | Battery:  77.93% | Loss: N/A (PSO)
Placing Sensors
[Episode 248/1000] Steps: 720 | Reward: -101.94 | Battery:  18.29% | Loss: N/A (PSO)
Placing Sensors
[Episode 249/1000] Steps: 720 | Reward:   69.70 | Battery:  78.33% | Loss: N/A (PSO)
Placing Sensors
[Episode 250/1000] Steps: 720 | Reward:   63.27 | Battery:  76.46% | Loss: N/A (PSO)
Placing Sensors
[Episode 251/1000] Steps: 720 | Reward:   66.18 | Battery:  78.27% | Loss: N/A (PSO)
Placing Sensors
[Episode 252/1000] Steps: 720 | Reward:    1.60 | Battery:  78.29% | Loss: N/A (PSO)
Placing Sensors
[Episode 253/1000] Steps: 720 | Reward:   64.97 | Battery:  78.33% | Loss: N/A (PSO)
Placing Sensors
[Episode 254/1000] Steps: 720 | Reward:   59.51 | Battery:  77.91% | Loss: N/A (PSO)
Placing Sensors
[Episode 255/1000] Steps: 720 | Reward:   68.06 | Battery:  78.27% | Loss: N/A (PSO)
Placing Sensors
[Episode 256/1000] Steps: 720 | Reward:   67.94 | Battery:  77.45% | Loss: N/A (PSO)
Placing Sensors
[Episode 257/1000] Steps: 720 | Reward:   66.93 | Battery:  77.55% | Loss: N/A (PSO)
Placing Sensors
[Episode 258/1000] Steps: 720 | Reward:   50.73 | Battery:  78.49% | Loss: N/A (PSO)
Placing Sensors
[Episode 259/1000] Steps: 720 | Reward:   64.03 | Battery:  78.33% | Loss: N/A (PSO)
Placing Sensors
[Episode 260/1000] Steps: 720 | Reward:   67.95 | Battery:  78.27% | Loss: N/A (PSO)
Placing Sensors
[Episode 261/1000] Steps: 720 | Reward:   63.23 | Battery:  78.27% | Loss: N/A (PSO)
Placing Sensors
[Episode 262/1000] Steps: 720 | Reward:   61.27 | Battery:  77.92% | Loss: N/A (PSO)
Placing Sensors
[Episode 263/1000] Steps: 720 | Reward: -110.74 | Battery:  19.51% | Loss: N/A (PSO)
Placing Sensors
[Episode 264/1000] Steps: 720 | Reward:   58.09 | Battery:  78.85% | Loss: N/A (PSO)
Placing Sensors
[Episode 265/1000] Steps: 720 | Reward:  -11.13 | Battery:  74.46% | Loss: N/A (PSO)
Placing Sensors
[Episode 266/1000] Steps: 720 | Reward:   67.27 | Battery:  78.01% | Loss: N/A (PSO)
Placing Sensors
[Episode 267/1000] Steps: 720 | Reward:   50.48 | Battery:  78.01% | Loss: N/A (PSO)
Placing Sensors
[Episode 268/1000] Steps: 720 | Reward: -145.93 | Battery:  22.19% | Loss: N/A (PSO)
Placing Sensors
[Episode 269/1000] Steps: 720 | Reward:   12.65 | Battery:  77.99% | Loss: N/A (PSO)
Placing Sensors
[Episode 270/1000] Steps: 720 | Reward:   67.85 | Battery:  78.29% | Loss: N/A (PSO)
Placing Sensors
[Episode 271/1000] Steps: 720 | Reward:   67.35 | Battery:  78.29% | Loss: N/A (PSO)
Placing Sensors
[Episode 272/1000] Steps: 720 | Reward:   68.44 | Battery:  78.29% | Loss: N/A (PSO)
Placing Sensors
[Episode 273/1000] Steps: 720 | Reward:   65.66 | Battery:  77.98% | Loss: N/A (PSO)
Placing Sensors
[Episode 274/1000] Steps: 720 | Reward:   68.77 | Battery:  78.03% | Loss: N/A (PSO)
Placing Sensors
[Episode 275/1000] Steps: 720 | Reward:   67.91 | Battery:  78.27% | Loss: N/A (PSO)
Placing Sensors
[Episode 276/1000] Steps: 720 | Reward: -115.50 | Battery:  20.13% | Loss: N/A (PSO)
Placing Sensors
[Episode 277/1000] Steps: 720 | Reward:   67.82 | Battery:  78.29% | Loss: N/A (PSO)
Placing Sensors
[Episode 278/1000] Steps: 720 | Reward:   25.62 | Battery:  78.89% | Loss: N/A (PSO)
Placing Sensors
[Episode 279/1000] Steps: 720 | Reward:   63.33 | Battery:  78.56% | Loss: N/A (PSO)
Placing Sensors
[Episode 280/1000] Steps: 720 | Reward:   68.12 | Battery:  78.27% | Loss: N/A (PSO)
Placing Sensors
[Episode 281/1000] Steps: 720 | Reward:   67.38 | Battery:  78.43% | Loss: N/A (PSO)
Placing Sensors
[Episode 282/1000] Steps: 720 | Reward:   51.60 | Battery:  78.01% | Loss: N/A (PSO)
Placing Sensors
[Episode 283/1000] Steps: 720 | Reward:   65.78 | Battery:  78.29% | Loss: N/A (PSO)
Placing Sensors
[Episode 284/1000] Steps: 720 | Reward:   43.72 | Battery:  77.43% | Loss: N/A (PSO)
Placing Sensors
[Episode 285/1000] Steps: 720 | Reward:   65.06 | Battery:  78.33% | Loss: N/A (PSO)
Placing Sensors
[Episode 286/1000] Steps: 720 | Reward:   63.98 | Battery:  78.29% | Loss: N/A (PSO)
Placing Sensors
[Episode 287/1000] Steps: 720 | Reward:   67.26 | Battery:  77.45% | Loss: N/A (PSO)
Placing Sensors
[Episode 288/1000] Steps: 720 | Reward:   67.66 | Battery:  78.28% | Loss: N/A (PSO)
Placing Sensors
[Episode 289/1000] Steps: 720 | Reward:   66.03 | Battery:  78.29% | Loss: N/A (PSO)
Placing Sensors
[Episode 290/1000] Steps: 720 | Reward:   66.78 | Battery:  77.43% | Loss: N/A (PSO)
Placing Sensors
[Episode 291/1000] Steps: 720 | Reward:   68.20 | Battery:  78.34% | Loss: N/A (PSO)
Placing Sensors
[Episode 292/1000] Steps: 720 | Reward:   57.33 | Battery:  77.41% | Loss: N/A (PSO)
Placing Sensors
[Episode 293/1000] Steps: 720 | Reward:   -2.32 | Battery:  69.27% | Loss: N/A (PSO)
Placing Sensors
[Episode 294/1000] Steps: 720 | Reward:  -51.67 | Battery:  35.54% | Loss: N/A (PSO)
Placing Sensors
[Episode 295/1000] Steps: 720 | Reward:   63.29 | Battery:  78.60% | Loss: N/A (PSO)
Placing Sensors
[Episode 296/1000] Steps: 720 | Reward:   69.32 | Battery:  78.33% | Loss: N/A (PSO)
Placing Sensors
[Episode 297/1000] Steps: 720 | Reward:   39.51 | Battery:  78.91% | Loss: N/A (PSO)
Placing Sensors
[Episode 298/1000] Steps: 720 | Reward:  -52.30 | Battery:  35.17% | Loss: N/A (PSO)
Placing Sensors
[Episode 299/1000] Steps: 720 | Reward:   66.15 | Battery:  77.45% | Loss: N/A (PSO)
Placing Sensors
[Episode 300/1000] Steps: 720 | Reward:   47.51 | Battery:  78.37% | Loss: N/A (PSO)
Placing Sensors
[Episode 301/1000] Steps: 720 | Reward:   66.80 | Battery:  78.01% | Loss: N/A (PSO)
Placing Sensors
[Episode 302/1000] Steps: 720 | Reward:   66.94 | Battery:  77.39% | Loss: N/A (PSO)
Placing Sensors
[Episode 303/1000] Steps: 720 | Reward:   64.47 | Battery:  77.91% | Loss: N/A (PSO)
Placing Sensors
[Episode 304/1000] Steps: 720 | Reward:   51.88 | Battery:  77.39% | Loss: N/A (PSO)
Placing Sensors
[Episode 305/1000] Steps: 720 | Reward:   64.45 | Battery:  77.45% | Loss: N/A (PSO)
Placing Sensors
[Episode 306/1000] Steps: 720 | Reward: -118.88 | Battery:  20.47% | Loss: N/A (PSO)
Placing Sensors
[Episode 307/1000] Steps: 720 | Reward:   38.32 | Battery:  73.14% | Loss: N/A (PSO)
Placing Sensors
[Episode 308/1000] Steps: 720 | Reward:   50.38 | Battery:  77.39% | Loss: N/A (PSO)
Placing Sensors
[Episode 309/1000] Steps: 720 | Reward:   63.80 | Battery:  78.29% | Loss: N/A (PSO)
Placing Sensors
[Episode 310/1000] Steps: 720 | Reward:  -29.89 | Battery:  76.63% | Loss: N/A (PSO)
Placing Sensors
[Episode 311/1000] Steps: 720 | Reward:   43.17 | Battery:  78.85% | Loss: N/A (PSO)
Placing Sensors
[Episode 312/1000] Steps: 720 | Reward:   69.85 | Battery:  78.28% | Loss: N/A (PSO)
Placing Sensors
[Episode 313/1000] Steps: 720 | Reward:   67.18 | Battery:  78.01% | Loss: N/A (PSO)
Placing Sensors
[Episode 314/1000] Steps: 720 | Reward:   25.60 | Battery:  78.90% | Loss: N/A (PSO)
Placing Sensors
[Episode 315/1000] Steps: 720 | Reward:   68.09 | Battery:  77.43% | Loss: N/A (PSO)
Placing Sensors
[Episode 316/1000] Steps: 720 | Reward:   51.25 | Battery:  78.52% | Loss: N/A (PSO)
Placing Sensors
[Episode 317/1000] Steps: 720 | Reward:   65.96 | Battery:  78.27% | Loss: N/A (PSO)
Placing Sensors
[Episode 318/1000] Steps: 720 | Reward:   67.08 | Battery:  78.34% | Loss: N/A (PSO)
Placing Sensors
[Episode 319/1000] Steps: 720 | Reward:  -18.58 | Battery:  73.36% | Loss: N/A (PSO)
Placing Sensors
[Episode 320/1000] Steps: 720 | Reward:   60.10 | Battery:  77.45% | Loss: N/A (PSO)
Placing Sensors
[Episode 321/1000] Steps: 720 | Reward:   35.07 | Battery:  78.20% | Loss: N/A (PSO)
Placing Sensors
[Episode 322/1000] Steps: 720 | Reward:   63.50 | Battery:  77.43% | Loss: N/A (PSO)
Placing Sensors
[Episode 323/1000] Steps: 720 | Reward:   47.75 | Battery:  78.12% | Loss: N/A (PSO)
Placing Sensors
[Episode 324/1000] Steps: 720 | Reward:   42.23 | Battery:  78.82% | Loss: N/A (PSO)
Placing Sensors
[Episode 325/1000] Steps: 720 | Reward:   49.32 | Battery:  78.47% | Loss: N/A (PSO)
Placing Sensors
[Episode 326/1000] Steps: 720 | Reward:   69.19 | Battery:  78.27% | Loss: N/A (PSO)
Placing Sensors
[Episode 327/1000] Steps: 720 | Reward:   67.24 | Battery:  77.93% | Loss: N/A (PSO)
Placing Sensors
[Episode 328/1000] Steps: 720 | Reward:   52.86 | Battery:  76.40% | Loss: N/A (PSO)
Placing Sensors
[Episode 329/1000] Steps: 720 | Reward:   63.66 | Battery:  78.27% | Loss: N/A (PSO)
Placing Sensors
[Episode 330/1000] Steps: 720 | Reward:    5.95 | Battery:  77.92% | Loss: N/A (PSO)
Placing Sensors
[Episode 331/1000] Steps: 720 | Reward:   33.40 | Battery:  76.98% | Loss: N/A (PSO)
Placing Sensors
[Episode 332/1000] Steps: 720 | Reward:   63.67 | Battery:  77.55% | Loss: N/A (PSO)
Placing Sensors
[Episode 333/1000] Steps: 720 | Reward:   68.67 | Battery:  77.55% | Loss: N/A (PSO)
Placing Sensors
[Episode 334/1000] Steps: 720 | Reward: -111.84 | Battery:  43.92% | Loss: N/A (PSO)
Placing Sensors
[Episode 335/1000] Steps: 720 | Reward:   59.25 | Battery:  78.33% | Loss: N/A (PSO)
Placing Sensors
[Episode 336/1000] Steps: 720 | Reward:   63.57 | Battery:  78.29% | Loss: N/A (PSO)
Placing Sensors
[Episode 337/1000] Steps: 720 | Reward:   66.73 | Battery:  78.33% | Loss: N/A (PSO)
Placing Sensors
[Episode 338/1000] Steps: 720 | Reward:   56.12 | Battery:  78.86% | Loss: N/A (PSO)
Placing Sensors
[Episode 339/1000] Steps: 720 | Reward:   68.32 | Battery:  78.27% | Loss: N/A (PSO)
Placing Sensors
[Episode 340/1000] Steps: 720 | Reward:   43.05 | Battery:  78.51% | Loss: N/A (PSO)
Placing Sensors
[Episode 341/1000] Steps: 720 | Reward: -101.40 | Battery:  33.19% | Loss: N/A (PSO)
Placing Sensors
[Episode 342/1000] Steps: 720 | Reward:   67.07 | Battery:  78.16% | Loss: N/A (PSO)
Placing Sensors
[Episode 343/1000] Steps: 720 | Reward:   70.26 | Battery:  78.29% | Loss: N/A (PSO)
Placing Sensors
[Episode 344/1000] Steps: 720 | Reward:   63.62 | Battery:  78.27% | Loss: N/A (PSO)
Placing Sensors
[Episode 345/1000] Steps: 720 | Reward:   63.47 | Battery:  77.45% | Loss: N/A (PSO)
Placing Sensors
[Episode 346/1000] Steps: 720 | Reward:   33.31 | Battery:  79.16% | Loss: N/A (PSO)
Placing Sensors
[Episode 347/1000] Steps: 720 | Reward:   44.71 | Battery:  78.33% | Loss: N/A (PSO)
Placing Sensors
[Episode 348/1000] Steps: 720 | Reward:   60.64 | Battery:  77.91% | Loss: N/A (PSO)
Placing Sensors
[Episode 349/1000] Steps: 720 | Reward:   53.24 | Battery:  78.08% | Loss: N/A (PSO)
Placing Sensors
[Episode 350/1000] Steps: 720 | Reward:   66.51 | Battery:  78.29% | Loss: N/A (PSO)
Placing Sensors
[Episode 351/1000] Steps: 720 | Reward:   68.94 | Battery:  78.27% | Loss: N/A (PSO)
Placing Sensors
[Episode 352/1000] Steps: 720 | Reward:  -58.67 | Battery:  36.27% | Loss: N/A (PSO)
Placing Sensors
[Episode 353/1000] Steps: 720 | Reward:    7.30 | Battery:  76.81% | Loss: N/A (PSO)
Placing Sensors
[Episode 354/1000] Steps: 720 | Reward:   57.27 | Battery:  78.00% | Loss: N/A (PSO)
Placing Sensors
[Episode 355/1000] Steps: 720 | Reward:  -39.16 | Battery:  77.49% | Loss: N/A (PSO)
Placing Sensors
[Episode 356/1000] Steps: 720 | Reward:   65.31 | Battery:  77.45% | Loss: N/A (PSO)
Placing Sensors
[Episode 357/1000] Steps: 720 | Reward:   67.00 | Battery:  78.29% | Loss: N/A (PSO)
Placing Sensors
[Episode 358/1000] Steps: 720 | Reward:   65.97 | Battery:  77.43% | Loss: N/A (PSO)
Placing Sensors
[Episode 359/1000] Steps: 720 | Reward:   64.25 | Battery:  77.98% | Loss: N/A (PSO)
Placing Sensors
[Episode 360/1000] Steps: 720 | Reward:   62.16 | Battery:  78.37% | Loss: N/A (PSO)
Placing Sensors
[Episode 361/1000] Steps: 720 | Reward:   68.82 | Battery:  77.45% | Loss: N/A (PSO)
Placing Sensors
[Episode 362/1000] Steps: 720 | Reward:   45.77 | Battery:  78.06% | Loss: N/A (PSO)
Placing Sensors
[Episode 363/1000] Steps: 720 | Reward:   41.62 | Battery:  77.95% | Loss: N/A (PSO)
Placing Sensors
[Episode 364/1000] Steps: 720 | Reward:   70.54 | Battery:  77.55% | Loss: N/A (PSO)
Placing Sensors
[Episode 365/1000] Steps: 720 | Reward:   38.01 | Battery:  77.91% | Loss: N/A (PSO)
Placing Sensors
[Episode 366/1000] Steps: 720 | Reward:   64.64 | Battery:  78.01% | Loss: N/A (PSO)
Placing Sensors
[Episode 367/1000] Steps: 720 | Reward:   66.98 | Battery:  77.98% | Loss: N/A (PSO)
Placing Sensors
[Episode 368/1000] Steps: 720 | Reward:  -52.62 | Battery:  35.45% | Loss: N/A (PSO)
Placing Sensors
[Episode 369/1000] Steps: 720 | Reward:   64.95 | Battery:  77.43% | Loss: N/A (PSO)
Placing Sensors
[Episode 370/1000] Steps: 720 | Reward:   53.95 | Battery:  78.88% | Loss: N/A (PSO)
Placing Sensors
[Episode 371/1000] Steps: 720 | Reward:   65.89 | Battery:  77.39% | Loss: N/A (PSO)
Placing Sensors
[Episode 372/1000] Steps: 720 | Reward:   61.66 | Battery:  78.47% | Loss: N/A (PSO)
Placing Sensors
[Episode 373/1000] Steps: 720 | Reward:   66.32 | Battery:  78.29% | Loss: N/A (PSO)
Placing Sensors
[Episode 374/1000] Steps: 720 | Reward:   51.91 | Battery:  77.98% | Loss: N/A (PSO)
Placing Sensors
[Episode 375/1000] Steps: 720 | Reward:   66.17 | Battery:  77.43% | Loss: N/A (PSO)
Placing Sensors
[Episode 376/1000] Steps: 720 | Reward:   67.61 | Battery:  78.29% | Loss: N/A (PSO)
Placing Sensors
[Episode 377/1000] Steps: 720 | Reward:   68.58 | Battery:  78.33% | Loss: N/A (PSO)
Placing Sensors
[Episode 378/1000] Steps: 720 | Reward:   66.89 | Battery:  77.43% | Loss: N/A (PSO)
Placing Sensors
[Episode 379/1000] Steps: 720 | Reward:   70.38 | Battery:  78.01% | Loss: N/A (PSO)
Placing Sensors
[Episode 380/1000] Steps: 720 | Reward:   63.18 | Battery:  77.85% | Loss: N/A (PSO)
Placing Sensors
[Episode 381/1000] Steps: 720 | Reward:   62.75 | Battery:  77.43% | Loss: N/A (PSO)
Placing Sensors
[Episode 382/1000] Steps: 720 | Reward:    8.34 | Battery:  77.13% | Loss: N/A (PSO)
Placing Sensors
[Episode 383/1000] Steps: 720 | Reward:   37.73 | Battery:  78.93% | Loss: N/A (PSO)
Placing Sensors
[Episode 384/1000] Steps: 720 | Reward:   36.08 | Battery:  78.11% | Loss: N/A (PSO)
Placing Sensors
[Episode 385/1000] Steps: 720 | Reward:   22.43 | Battery:  77.81% | Loss: N/A (PSO)
Placing Sensors
[Episode 386/1000] Steps: 720 | Reward:   65.47 | Battery:  77.43% | Loss: N/A (PSO)
Placing Sensors
[Episode 387/1000] Steps: 720 | Reward:   69.35 | Battery:  77.93% | Loss: N/A (PSO)
Placing Sensors
[Episode 388/1000] Steps: 720 | Reward:   47.97 | Battery:  78.83% | Loss: N/A (PSO)
Placing Sensors
[Episode 389/1000] Steps: 720 | Reward:  -56.74 | Battery:  36.16% | Loss: N/A (PSO)
Placing Sensors
[Episode 390/1000] Steps: 720 | Reward:   65.66 | Battery:  78.29% | Loss: N/A (PSO)
Placing Sensors
[Episode 391/1000] Steps: 720 | Reward:   56.52 | Battery:  78.50% | Loss: N/A (PSO)
Placing Sensors
[Episode 392/1000] Steps: 720 | Reward:   42.47 | Battery:  78.85% | Loss: N/A (PSO)
Placing Sensors
[Episode 393/1000] Steps: 720 | Reward:   68.01 | Battery:  78.01% | Loss: N/A (PSO)
Placing Sensors
[Episode 394/1000] Steps: 720 | Reward:   63.78 | Battery:  77.93% | Loss: N/A (PSO)
Placing Sensors
[Episode 395/1000] Steps: 720 | Reward:   68.71 | Battery:  78.29% | Loss: N/A (PSO)
Placing Sensors
[Episode 396/1000] Steps: 720 | Reward:  -72.34 | Battery:  27.17% | Loss: N/A (PSO)
Placing Sensors
[Episode 397/1000] Steps: 720 | Reward:   68.50 | Battery:  78.01% | Loss: N/A (PSO)
Placing Sensors
[Episode 398/1000] Steps: 720 | Reward:   60.98 | Battery:  78.33% | Loss: N/A (PSO)
Placing Sensors
[Episode 399/1000] Steps: 720 | Reward:   69.39 | Battery:  78.27% | Loss: N/A (PSO)
Placing Sensors
[Episode 400/1000] Steps: 720 | Reward:   70.99 | Battery:  78.27% | Loss: N/A (PSO)
Placing Sensors
[Episode 401/1000] Steps: 720 | Reward:   61.04 | Battery:  78.29% | Loss: N/A (PSO)
Placing Sensors
[Episode 402/1000] Steps: 720 | Reward:   67.26 | Battery:  78.29% | Loss: N/A (PSO)
Placing Sensors
[Episode 403/1000] Steps: 720 | Reward:   61.50 | Battery:  77.93% | Loss: N/A (PSO)
Placing Sensors
[Episode 404/1000] Steps: 720 | Reward:  -38.22 | Battery:  77.62% | Loss: N/A (PSO)
Placing Sensors
[Episode 405/1000] Steps: 720 | Reward:   70.11 | Battery:  77.93% | Loss: N/A (PSO)
Placing Sensors
[Episode 406/1000] Steps: 720 | Reward:   67.92 | Battery:  78.33% | Loss: N/A (PSO)
Placing Sensors
[Episode 407/1000] Steps: 720 | Reward:   45.14 | Battery:  77.94% | Loss: N/A (PSO)
Placing Sensors
[Episode 408/1000] Steps: 720 | Reward:   41.69 | Battery:  78.56% | Loss: N/A (PSO)
Placing Sensors
[Episode 409/1000] Steps: 720 | Reward:   68.82 | Battery:  78.27% | Loss: N/A (PSO)
Placing Sensors
[Episode 410/1000] Steps: 720 | Reward:   67.55 | Battery:  78.29% | Loss: N/A (PSO)
Placing Sensors
[Episode 411/1000] Steps: 720 | Reward:   60.54 | Battery:  78.58% | Loss: N/A (PSO)
Placing Sensors
[Episode 412/1000] Steps: 720 | Reward:    4.77 | Battery:  77.50% | Loss: N/A (PSO)
Placing Sensors
[Episode 413/1000] Steps: 720 | Reward:   43.72 | Battery:  77.96% | Loss: N/A (PSO)
Placing Sensors
[Episode 414/1000] Steps: 720 | Reward:  -51.68 | Battery:  35.54% | Loss: N/A (PSO)
Placing Sensors
[Episode 415/1000] Steps: 720 | Reward:  -52.40 | Battery:  35.55% | Loss: N/A (PSO)
Placing Sensors
[Episode 416/1000] Steps: 720 | Reward:   65.64 | Battery:  78.33% | Loss: N/A (PSO)
Placing Sensors
[Episode 417/1000] Steps: 720 | Reward:  -95.25 | Battery:  18.14% | Loss: N/A (PSO)
Placing Sensors
[Episode 418/1000] Steps: 720 | Reward:  -84.35 | Battery:  37.65% | Loss: N/A (PSO)
Placing Sensors
[Episode 419/1000] Steps: 720 | Reward:   58.84 | Battery:  78.65% | Loss: N/A (PSO)
Placing Sensors
[Episode 420/1000] Steps: 720 | Reward:   66.59 | Battery:  78.33% | Loss: N/A (PSO)
Placing Sensors
[Episode 421/1000] Steps: 720 | Reward:   69.73 | Battery:  78.29% | Loss: N/A (PSO)
Placing Sensors
[Episode 422/1000] Steps: 720 | Reward:   66.59 | Battery:  78.29% | Loss: N/A (PSO)
Placing Sensors
[Episode 423/1000] Steps: 720 | Reward:   64.97 | Battery:  77.91% | Loss: N/A (PSO)
Placing Sensors
[Episode 424/1000] Steps: 720 | Reward:   25.14 | Battery:  78.38% | Loss: N/A (PSO)
Placing Sensors
[Episode 425/1000] Steps: 720 | Reward:   58.44 | Battery:  78.33% | Loss: N/A (PSO)
Placing Sensors
[Episode 426/1000] Steps: 720 | Reward:  -66.27 | Battery:  36.04% | Loss: N/A (PSO)
Placing Sensors
[Episode 427/1000] Steps: 720 | Reward:   43.79 | Battery:  77.69% | Loss: N/A (PSO)
Placing Sensors
[Episode 428/1000] Steps: 720 | Reward:   64.56 | Battery:  77.98% | Loss: N/A (PSO)
Placing Sensors
[Episode 429/1000] Steps: 720 | Reward:   53.95 | Battery:  78.57% | Loss: N/A (PSO)
Placing Sensors
[Episode 430/1000] Steps: 720 | Reward:   65.34 | Battery:  77.43% | Loss: N/A (PSO)
Placing Sensors
[Episode 431/1000] Steps: 720 | Reward:   49.91 | Battery:  78.87% | Loss: N/A (PSO)
Placing Sensors
[Episode 432/1000] Steps: 720 | Reward:   52.15 | Battery:  78.93% | Loss: N/A (PSO)
Placing Sensors
[Episode 433/1000] Steps: 720 | Reward:   67.65 | Battery:  78.27% | Loss: N/A (PSO)
Placing Sensors
[Episode 434/1000] Steps: 720 | Reward:   62.35 | Battery:  77.98% | Loss: N/A (PSO)
Placing Sensors
[Episode 435/1000] Steps: 720 | Reward:   68.09 | Battery:  78.27% | Loss: N/A (PSO)
Placing Sensors
[Episode 436/1000] Steps: 720 | Reward:   65.67 | Battery:  77.45% | Loss: N/A (PSO)
Placing Sensors
[Episode 437/1000] Steps: 720 | Reward:   64.50 | Battery:  78.27% | Loss: N/A (PSO)
Placing Sensors
[Episode 438/1000] Steps: 720 | Reward:  -69.01 | Battery:  41.58% | Loss: N/A (PSO)
Placing Sensors
[Episode 439/1000] Steps: 720 | Reward:   43.78 | Battery:  78.20% | Loss: N/A (PSO)
Placing Sensors
[Episode 440/1000] Steps: 720 | Reward:   66.88 | Battery:  77.55% | Loss: N/A (PSO)
Placing Sensors
[Episode 441/1000] Steps: 720 | Reward:   63.11 | Battery:  78.58% | Loss: N/A (PSO)
Placing Sensors
[Episode 442/1000] Steps: 720 | Reward:   54.53 | Battery:  78.53% | Loss: N/A (PSO)
Placing Sensors
[Episode 443/1000] Steps: 720 | Reward:   63.51 | Battery:  77.45% | Loss: N/A (PSO)
Placing Sensors
[Episode 444/1000] Steps: 720 | Reward:   49.51 | Battery:  78.56% | Loss: N/A (PSO)
Placing Sensors
[Episode 445/1000] Steps: 720 | Reward:  -53.55 | Battery:  35.17% | Loss: N/A (PSO)
Placing Sensors
[Episode 446/1000] Steps: 720 | Reward:   69.84 | Battery:  78.27% | Loss: N/A (PSO)
Placing Sensors
[Episode 447/1000] Steps: 720 | Reward:    4.14 | Battery:  78.89% | Loss: N/A (PSO)
Placing Sensors
[Episode 448/1000] Steps: 720 | Reward:   69.16 | Battery:  78.33% | Loss: N/A (PSO)
Placing Sensors
[Episode 449/1000] Steps: 720 | Reward:   60.52 | Battery:  78.53% | Loss: N/A (PSO)
Placing Sensors
[Episode 450/1000] Steps: 720 | Reward:   67.06 | Battery:  78.33% | Loss: N/A (PSO)
Placing Sensors
[Episode 451/1000] Steps: 720 | Reward:   37.53 | Battery:  76.47% | Loss: N/A (PSO)
Placing Sensors
[Episode 452/1000] Steps: 720 | Reward:   65.30 | Battery:  77.39% | Loss: N/A (PSO)
Placing Sensors
[Episode 453/1000] Steps: 720 | Reward:   69.20 | Battery:  78.01% | Loss: N/A (PSO)
Placing Sensors
[Episode 454/1000] Steps: 720 | Reward:   67.95 | Battery:  78.33% | Loss: N/A (PSO)
Placing Sensors
[Episode 455/1000] Steps: 720 | Reward:   70.65 | Battery:  78.29% | Loss: N/A (PSO)
Placing Sensors
[Episode 456/1000] Steps: 720 | Reward:   68.01 | Battery:  77.91% | Loss: N/A (PSO)
Placing Sensors
[Episode 457/1000] Steps: 720 | Reward:  -15.75 | Battery:  77.37% | Loss: N/A (PSO)
Placing Sensors
[Episode 458/1000] Steps: 720 | Reward:   52.99 | Battery:  78.84% | Loss: N/A (PSO)
Placing Sensors
[Episode 459/1000] Steps: 720 | Reward:   65.87 | Battery:  77.98% | Loss: N/A (PSO)
Placing Sensors
[Episode 460/1000] Steps: 720 | Reward:   57.54 | Battery:  78.83% | Loss: N/A (PSO)
Placing Sensors
[Episode 461/1000] Steps: 720 | Reward:   65.58 | Battery:  77.98% | Loss: N/A (PSO)
Placing Sensors
[Episode 462/1000] Steps: 720 | Reward:  -16.78 | Battery:  77.97% | Loss: N/A (PSO)
Placing Sensors
[Episode 463/1000] Steps: 720 | Reward:   15.52 | Battery:  78.94% | Loss: N/A (PSO)
Placing Sensors
[Episode 464/1000] Steps: 720 | Reward:   65.89 | Battery:  77.45% | Loss: N/A (PSO)
Placing Sensors
[Episode 465/1000] Steps: 720 | Reward:   73.13 | Battery:  78.29% | Loss: N/A (PSO)
Placing Sensors
[Episode 466/1000] Steps: 720 | Reward:   60.26 | Battery:  77.91% | Loss: N/A (PSO)
Placing Sensors
[Episode 467/1000] Steps: 720 | Reward:   62.17 | Battery:  77.61% | Loss: N/A (PSO)
Placing Sensors
[Episode 468/1000] Steps: 720 | Reward:   53.21 | Battery:  78.90% | Loss: N/A (PSO)
Placing Sensors
[Episode 469/1000] Steps: 720 | Reward:   47.21 | Battery:  78.33% | Loss: N/A (PSO)
Placing Sensors
[Episode 470/1000] Steps: 720 | Reward:   62.51 | Battery:  78.33% | Loss: N/A (PSO)
Placing Sensors
[Episode 471/1000] Steps: 720 | Reward:   51.76 | Battery:  76.93% | Loss: N/A (PSO)
Placing Sensors
[Episode 472/1000] Steps: 720 | Reward:   62.31 | Battery:  77.45% | Loss: N/A (PSO)
Placing Sensors
[Episode 473/1000] Steps: 720 | Reward:   49.82 | Battery:  77.92% | Loss: N/A (PSO)
Placing Sensors
[Episode 474/1000] Steps: 720 | Reward:   46.01 | Battery:  78.70% | Loss: N/A (PSO)
Placing Sensors
[Episode 475/1000] Steps: 720 | Reward: -106.76 | Battery:  18.45% | Loss: N/A (PSO)
Placing Sensors
[Episode 476/1000] Steps: 720 | Reward:   66.06 | Battery:  78.29% | Loss: N/A (PSO)
Placing Sensors
[Episode 477/1000] Steps: 720 | Reward:   67.09 | Battery:  77.43% | Loss: N/A (PSO)
Placing Sensors
[Episode 478/1000] Steps: 720 | Reward:   38.37 | Battery:  78.12% | Loss: N/A (PSO)
Placing Sensors
[Episode 479/1000] Steps: 720 | Reward:   59.47 | Battery:  77.55% | Loss: N/A (PSO)
Placing Sensors
[Episode 480/1000] Steps: 720 | Reward:   65.75 | Battery:  77.43% | Loss: N/A (PSO)
Placing Sensors
[Episode 481/1000] Steps: 720 | Reward:   65.37 | Battery:  77.55% | Loss: N/A (PSO)
Placing Sensors
[Episode 482/1000] Steps: 720 | Reward: -114.77 | Battery:  19.85% | Loss: N/A (PSO)
Placing Sensors
[Episode 483/1000] Steps: 720 | Reward:   57.22 | Battery:  78.92% | Loss: N/A (PSO)
Placing Sensors
[Episode 484/1000] Steps: 720 | Reward:   66.78 | Battery:  78.34% | Loss: N/A (PSO)
Placing Sensors
[Episode 485/1000] Steps: 720 | Reward:   33.13 | Battery:  77.24% | Loss: N/A (PSO)
Placing Sensors
[Episode 486/1000] Steps: 720 | Reward:   63.62 | Battery:  77.39% | Loss: N/A (PSO)
Placing Sensors
[Episode 487/1000] Steps: 720 | Reward:   67.73 | Battery:  78.27% | Loss: N/A (PSO)
Placing Sensors
[Episode 488/1000] Steps: 720 | Reward:   65.62 | Battery:  77.98% | Loss: N/A (PSO)
Placing Sensors
[Episode 489/1000] Steps: 720 | Reward:   48.21 | Battery:  78.49% | Loss: N/A (PSO)
Placing Sensors
[Episode 490/1000] Steps: 720 | Reward:   59.87 | Battery:  78.94% | Loss: N/A (PSO)
Placing Sensors
[Episode 491/1000] Steps: 720 | Reward:   67.25 | Battery:  77.45% | Loss: N/A (PSO)
Placing Sensors
[Episode 492/1000] Steps: 720 | Reward:   41.48 | Battery:  77.41% | Loss: N/A (PSO)
Placing Sensors
[Episode 493/1000] Steps: 720 | Reward:  -20.81 | Battery:  75.40% | Loss: N/A (PSO)
Placing Sensors
[Episode 494/1000] Steps: 720 | Reward:   70.50 | Battery:  78.41% | Loss: N/A (PSO)
Placing Sensors
[Episode 495/1000] Steps: 720 | Reward:   66.48 | Battery:  78.33% | Loss: N/A (PSO)
Placing Sensors
[Episode 496/1000] Steps: 720 | Reward:   64.82 | Battery:  77.91% | Loss: N/A (PSO)
Placing Sensors
[Episode 497/1000] Steps: 720 | Reward:   69.15 | Battery:  78.33% | Loss: N/A (PSO)
Placing Sensors
[Episode 498/1000] Steps: 720 | Reward:   65.08 | Battery:  78.29% | Loss: N/A (PSO)
Placing Sensors
[Episode 499/1000] Steps: 720 | Reward:   66.95 | Battery:  78.29% | Loss: N/A (PSO)
Placing Sensors
[Episode 500/1000] Steps: 720 | Reward:   69.25 | Battery:  77.55% | Loss: N/A (PSO)
Placing Sensors
[Episode 501/1000] Steps: 720 | Reward:   64.94 | Battery:  78.27% | Loss: N/A (PSO)
Placing Sensors
[Episode 502/1000] Steps: 720 | Reward:  -72.33 | Battery:  36.14% | Loss: N/A (PSO)
Placing Sensors
[Episode 503/1000] Steps: 720 | Reward:   55.19 | Battery:  77.39% | Loss: N/A (PSO)
Placing Sensors
[Episode 504/1000] Steps: 720 | Reward:   60.16 | Battery:  78.86% | Loss: N/A (PSO)
Placing Sensors
[Episode 505/1000] Steps: 720 | Reward:  -48.68 | Battery:  35.42% | Loss: N/A (PSO)
Placing Sensors
[Episode 506/1000] Steps: 720 | Reward:   55.64 | Battery:  78.88% | Loss: N/A (PSO)
Placing Sensors
[Episode 507/1000] Steps: 720 | Reward:   69.06 | Battery:  78.27% | Loss: N/A (PSO)
Placing Sensors
[Episode 508/1000] Steps: 720 | Reward:   69.45 | Battery:  78.01% | Loss: N/A (PSO)
Placing Sensors
[Episode 509/1000] Steps: 720 | Reward:  -96.45 | Battery:  38.80% | Loss: N/A (PSO)
Placing Sensors
[Episode 510/1000] Steps: 720 | Reward:   65.99 | Battery:  78.27% | Loss: N/A (PSO)
Placing Sensors
[Episode 511/1000] Steps: 720 | Reward:   65.77 | Battery:  77.98% | Loss: N/A (PSO)
Placing Sensors
[Episode 512/1000] Steps: 720 | Reward:  -30.76 | Battery:  73.05% | Loss: N/A (PSO)
Placing Sensors
[Episode 513/1000] Steps: 720 | Reward:   64.16 | Battery:  77.91% | Loss: N/A (PSO)
Placing Sensors
[Episode 514/1000] Steps: 720 | Reward:   55.11 | Battery:  77.90% | Loss: N/A (PSO)
Placing Sensors
[Episode 515/1000] Steps: 720 | Reward:   67.30 | Battery:  77.45% | Loss: N/A (PSO)
Placing Sensors
[Episode 516/1000] Steps: 720 | Reward:   46.67 | Battery:  78.57% | Loss: N/A (PSO)
Placing Sensors
[Episode 517/1000] Steps: 720 | Reward:   66.94 | Battery:  78.29% | Loss: N/A (PSO)
Placing Sensors
[Episode 518/1000] Steps: 720 | Reward:   63.58 | Battery:  77.43% | Loss: N/A (PSO)
Placing Sensors
[Episode 519/1000] Steps: 720 | Reward:   50.97 | Battery:  78.88% | Loss: N/A (PSO)
Placing Sensors
[Episode 520/1000] Steps: 720 | Reward:   65.00 | Battery:  77.93% | Loss: N/A (PSO)
Placing Sensors
[Episode 521/1000] Steps: 720 | Reward:   63.59 | Battery:  77.98% | Loss: N/A (PSO)
Placing Sensors
[Episode 522/1000] Steps: 720 | Reward:   44.41 | Battery:  78.03% | Loss: N/A (PSO)
Placing Sensors
[Episode 523/1000] Steps: 720 | Reward: -100.39 | Battery:  17.74% | Loss: N/A (PSO)
Placing Sensors
[Episode 524/1000] Steps: 720 | Reward:  -68.65 | Battery:  35.81% | Loss: N/A (PSO)
Placing Sensors
[Episode 525/1000] Steps: 720 | Reward:   67.10 | Battery:  77.43% | Loss: N/A (PSO)
Placing Sensors
[Episode 526/1000] Steps: 720 | Reward:   71.21 | Battery:  78.29% | Loss: N/A (PSO)
Placing Sensors
[Episode 527/1000] Steps: 720 | Reward:   66.12 | Battery:  78.29% | Loss: N/A (PSO)
Placing Sensors
[Episode 528/1000] Steps: 720 | Reward:   53.57 | Battery:  77.66% | Loss: N/A (PSO)
Placing Sensors
[Episode 529/1000] Steps: 720 | Reward:   67.09 | Battery:  78.27% | Loss: N/A (PSO)
Placing Sensors
[Episode 530/1000] Steps: 720 | Reward:   56.87 | Battery:  78.33% | Loss: N/A (PSO)
Placing Sensors
[Episode 531/1000] Steps: 720 | Reward:   48.62 | Battery:  77.45% | Loss: N/A (PSO)
Placing Sensors
[Episode 532/1000] Steps: 720 | Reward:   44.02 | Battery:  77.45% | Loss: N/A (PSO)
Placing Sensors
[Episode 533/1000] Steps: 720 | Reward:   60.89 | Battery:  78.49% | Loss: N/A (PSO)
Placing Sensors
[Episode 534/1000] Steps: 720 | Reward:   52.82 | Battery:  77.93% | Loss: N/A (PSO)
Placing Sensors
[Episode 535/1000] Steps: 720 | Reward:   34.07 | Battery:  78.01% | Loss: N/A (PSO)
Placing Sensors
[Episode 536/1000] Steps: 720 | Reward:   67.84 | Battery:  78.29% | Loss: N/A (PSO)
Placing Sensors
[Episode 537/1000] Steps: 720 | Reward:   64.53 | Battery:  77.39% | Loss: N/A (PSO)
Placing Sensors
[Episode 538/1000] Steps: 720 | Reward:   58.83 | Battery:  77.43% | Loss: N/A (PSO)
Placing Sensors
[Episode 539/1000] Steps: 720 | Reward:   60.00 | Battery:  78.18% | Loss: N/A (PSO)
Placing Sensors
[Episode 540/1000] Steps: 720 | Reward:   63.17 | Battery:  77.87% | Loss: N/A (PSO)
Placing Sensors
[Episode 541/1000] Steps: 720 | Reward:   65.60 | Battery:  77.91% | Loss: N/A (PSO)
Placing Sensors
[Episode 542/1000] Steps: 720 | Reward:   64.89 | Battery:  78.27% | Loss: N/A (PSO)
Placing Sensors
[Episode 543/1000] Steps: 720 | Reward:   65.52 | Battery:  78.29% | Loss: N/A (PSO)
Placing Sensors
[Episode 544/1000] Steps: 720 | Reward:   70.70 | Battery:  78.27% | Loss: N/A (PSO)
Placing Sensors
[Episode 545/1000] Steps: 720 | Reward:   68.27 | Battery:  77.98% | Loss: N/A (PSO)
Placing Sensors
[Episode 546/1000] Steps: 720 | Reward:   57.00 | Battery:  78.97% | Loss: N/A (PSO)
Placing Sensors
[Episode 547/1000] Steps: 720 | Reward:   71.19 | Battery:  78.29% | Loss: N/A (PSO)
Placing Sensors
[Episode 548/1000] Steps: 720 | Reward:   66.88 | Battery:  77.94% | Loss: N/A (PSO)
Placing Sensors
[Episode 549/1000] Steps: 720 | Reward:   63.07 | Battery:  78.29% | Loss: N/A (PSO)
Placing Sensors
[Episode 550/1000] Steps: 720 | Reward:   66.79 | Battery:  78.27% | Loss: N/A (PSO)
Placing Sensors
[Episode 551/1000] Steps: 720 | Reward:   46.08 | Battery:  78.12% | Loss: N/A (PSO)
Placing Sensors
[Episode 552/1000] Steps: 720 | Reward:   66.63 | Battery:  77.39% | Loss: N/A (PSO)
Placing Sensors
[Episode 553/1000] Steps: 720 | Reward:   67.31 | Battery:  77.56% | Loss: N/A (PSO)
Placing Sensors
[Episode 554/1000] Steps: 720 | Reward:   64.29 | Battery:  77.98% | Loss: N/A (PSO)
Placing Sensors
[Episode 555/1000] Steps: 720 | Reward:   68.50 | Battery:  77.43% | Loss: N/A (PSO)
Placing Sensors
[Episode 556/1000] Steps: 720 | Reward:   48.05 | Battery:  78.06% | Loss: N/A (PSO)
Placing Sensors
[Episode 557/1000] Steps: 720 | Reward:   64.93 | Battery:  78.27% | Loss: N/A (PSO)
Placing Sensors
[Episode 558/1000] Steps: 720 | Reward:  -57.37 | Battery:  36.08% | Loss: N/A (PSO)
Placing Sensors
[Episode 559/1000] Steps: 720 | Reward:   55.18 | Battery:  78.16% | Loss: N/A (PSO)
Placing Sensors
[Episode 560/1000] Steps: 720 | Reward:   48.29 | Battery:  78.62% | Loss: N/A (PSO)
Placing Sensors
[Episode 561/1000] Steps: 720 | Reward:   58.67 | Battery:  78.28% | Loss: N/A (PSO)
Placing Sensors
[Episode 562/1000] Steps: 720 | Reward:   38.36 | Battery:  78.11% | Loss: N/A (PSO)
Placing Sensors
[Episode 563/1000] Steps: 720 | Reward:   67.08 | Battery:  78.27% | Loss: N/A (PSO)
Placing Sensors
[Episode 564/1000] Steps: 720 | Reward:   26.67 | Battery:  78.69% | Loss: N/A (PSO)
Placing Sensors
[Episode 565/1000] Steps: 720 | Reward:   35.90 | Battery:  76.57% | Loss: N/A (PSO)
Placing Sensors
[Episode 566/1000] Steps: 720 | Reward:   64.18 | Battery:  77.55% | Loss: N/A (PSO)
Placing Sensors
[Episode 567/1000] Steps: 720 | Reward:   64.99 | Battery:  78.33% | Loss: N/A (PSO)
Placing Sensors
[Episode 568/1000] Steps: 720 | Reward:   63.94 | Battery:  77.91% | Loss: N/A (PSO)
Placing Sensors
[Episode 569/1000] Steps: 720 | Reward:   67.60 | Battery:  78.29% | Loss: N/A (PSO)
Placing Sensors
[Episode 570/1000] Steps: 720 | Reward:   64.98 | Battery:  77.55% | Loss: N/A (PSO)
Placing Sensors
[Episode 571/1000] Steps: 720 | Reward:   68.12 | Battery:  77.93% | Loss: N/A (PSO)
Placing Sensors
[Episode 572/1000] Steps: 720 | Reward:   65.35 | Battery:  77.43% | Loss: N/A (PSO)
Placing Sensors
[Episode 573/1000] Steps: 720 | Reward:   64.86 | Battery:  78.29% | Loss: N/A (PSO)
Placing Sensors
[Episode 574/1000] Steps: 720 | Reward:   67.24 | Battery:  78.33% | Loss: N/A (PSO)
Placing Sensors
[Episode 575/1000] Steps: 720 | Reward:   69.90 | Battery:  78.29% | Loss: N/A (PSO)
Placing Sensors
[Episode 576/1000] Steps: 720 | Reward:   66.18 | Battery:  77.93% | Loss: N/A (PSO)
Placing Sensors
[Episode 577/1000] Steps: 720 | Reward: -134.35 | Battery:  21.22% | Loss: N/A (PSO)
Placing Sensors
[Episode 578/1000] Steps: 720 | Reward:   36.21 | Battery:  78.87% | Loss: N/A (PSO)
Placing Sensors
[Episode 579/1000] Steps: 720 | Reward:   45.54 | Battery:  78.86% | Loss: N/A (PSO)
Placing Sensors
[Episode 580/1000] Steps: 720 | Reward:   62.19 | Battery:  77.98% | Loss: N/A (PSO)
Placing Sensors
[Episode 581/1000] Steps: 720 | Reward:   50.96 | Battery:  78.89% | Loss: N/A (PSO)
Placing Sensors
[Episode 582/1000] Steps: 720 | Reward:   64.71 | Battery:  78.28% | Loss: N/A (PSO)
Placing Sensors
[Episode 583/1000] Steps: 720 | Reward:   64.57 | Battery:  77.43% | Loss: N/A (PSO)
Placing Sensors
[Episode 584/1000] Steps: 720 | Reward:   65.23 | Battery:  78.29% | Loss: N/A (PSO)
Placing Sensors
[Episode 585/1000] Steps: 720 | Reward:   64.97 | Battery:  77.93% | Loss: N/A (PSO)
Placing Sensors
[Episode 586/1000] Steps: 720 | Reward:   29.65 | Battery:  78.11% | Loss: N/A (PSO)
Placing Sensors
[Episode 587/1000] Steps: 720 | Reward:   66.00 | Battery:  77.93% | Loss: N/A (PSO)
Placing Sensors
[Episode 588/1000] Steps: 720 | Reward:   65.40 | Battery:  78.04% | Loss: N/A (PSO)
Placing Sensors
[Episode 589/1000] Steps: 720 | Reward:    9.26 | Battery:  78.83% | Loss: N/A (PSO)
Placing Sensors
[Episode 590/1000] Steps: 720 | Reward:   64.62 | Battery:  78.33% | Loss: N/A (PSO)
Placing Sensors
[Episode 591/1000] Steps: 720 | Reward:   68.57 | Battery:  77.93% | Loss: N/A (PSO)
Placing Sensors
[Episode 592/1000] Steps: 720 | Reward: -105.01 | Battery:  18.42% | Loss: N/A (PSO)
Placing Sensors
[Episode 593/1000] Steps: 720 | Reward:   50.33 | Battery:  78.58% | Loss: N/A (PSO)
Placing Sensors
[Episode 594/1000] Steps: 720 | Reward:  -49.55 | Battery:  35.29% | Loss: N/A (PSO)
Placing Sensors
[Episode 595/1000] Steps: 720 | Reward:  -48.68 | Battery:  35.54% | Loss: N/A (PSO)
Placing Sensors
[Episode 596/1000] Steps: 720 | Reward:   60.23 | Battery:  77.45% | Loss: N/A (PSO)
Placing Sensors
[Episode 597/1000] Steps: 720 | Reward:   71.45 | Battery:  77.98% | Loss: N/A (PSO)
Placing Sensors
[Episode 598/1000] Steps: 720 | Reward: -149.09 | Battery:  21.94% | Loss: N/A (PSO)
Placing Sensors
[Episode 599/1000] Steps: 720 | Reward:   55.20 | Battery:  78.10% | Loss: N/A (PSO)
Placing Sensors
[Episode 600/1000] Steps: 720 | Reward:   70.40 | Battery:  78.27% | Loss: N/A (PSO)
Placing Sensors
[Episode 601/1000] Steps: 720 | Reward:   66.40 | Battery:  78.29% | Loss: N/A (PSO)
Placing Sensors
[Episode 602/1000] Steps: 720 | Reward:   32.34 | Battery:  77.60% | Loss: N/A (PSO)
Placing Sensors
[Episode 603/1000] Steps: 720 | Reward:   48.46 | Battery:  78.81% | Loss: N/A (PSO)
Placing Sensors
[Episode 604/1000] Steps: 720 | Reward:   31.22 | Battery:  78.46% | Loss: N/A (PSO)
Placing Sensors
[Episode 605/1000] Steps: 720 | Reward:  -20.25 | Battery:  75.98% | Loss: N/A (PSO)
Placing Sensors
[Episode 606/1000] Steps: 720 | Reward:   68.37 | Battery:  78.27% | Loss: N/A (PSO)
Placing Sensors
[Episode 607/1000] Steps: 720 | Reward:   55.99 | Battery:  77.98% | Loss: N/A (PSO)
Placing Sensors
[Episode 608/1000] Steps: 720 | Reward:   58.54 | Battery:  77.39% | Loss: N/A (PSO)
Placing Sensors
[Episode 609/1000] Steps: 720 | Reward:   52.92 | Battery:  77.39% | Loss: N/A (PSO)
Placing Sensors
[Episode 610/1000] Steps: 720 | Reward:  -52.40 | Battery:  35.42% | Loss: N/A (PSO)
Placing Sensors
[Episode 611/1000] Steps: 720 | Reward:   56.91 | Battery:  78.06% | Loss: N/A (PSO)
Placing Sensors
[Episode 612/1000] Steps: 720 | Reward:   59.74 | Battery:  78.52% | Loss: N/A (PSO)
Placing Sensors
[Episode 613/1000] Steps: 720 | Reward:   64.15 | Battery:  78.58% | Loss: N/A (PSO)
Placing Sensors
[Episode 614/1000] Steps: 720 | Reward:   64.87 | Battery:  78.03% | Loss: N/A (PSO)
Placing Sensors
[Episode 615/1000] Steps: 720 | Reward:   65.33 | Battery:  78.01% | Loss: N/A (PSO)
Placing Sensors
[Episode 616/1000] Steps: 720 | Reward:   66.71 | Battery:  77.93% | Loss: N/A (PSO)
Placing Sensors
[Episode 617/1000] Steps: 720 | Reward:   63.81 | Battery:  77.43% | Loss: N/A (PSO)
Placing Sensors
[Episode 618/1000] Steps: 720 | Reward:   49.78 | Battery:  78.27% | Loss: N/A (PSO)
Placing Sensors
[Episode 619/1000] Steps: 720 | Reward:   46.32 | Battery:  78.90% | Loss: N/A (PSO)
Placing Sensors
[Episode 620/1000] Steps: 720 | Reward:   65.20 | Battery:  78.27% | Loss: N/A (PSO)
Placing Sensors
[Episode 621/1000] Steps: 720 | Reward:   15.25 | Battery:  78.77% | Loss: N/A (PSO)
Placing Sensors
[Episode 622/1000] Steps: 720 | Reward:   66.40 | Battery:  78.34% | Loss: N/A (PSO)
Placing Sensors
[Episode 623/1000] Steps: 720 | Reward:   71.11 | Battery:  78.27% | Loss: N/A (PSO)
Placing Sensors
[Episode 624/1000] Steps: 720 | Reward:   36.38 | Battery:  78.98% | Loss: N/A (PSO)
Placing Sensors
[Episode 625/1000] Steps: 720 | Reward:   60.07 | Battery:  78.52% | Loss: N/A (PSO)
Placing Sensors
[Episode 626/1000] Steps: 720 | Reward:   71.20 | Battery:  78.27% | Loss: N/A (PSO)
Placing Sensors
[Episode 627/1000] Steps: 720 | Reward:   68.82 | Battery:  78.01% | Loss: N/A (PSO)
Placing Sensors
[Episode 628/1000] Steps: 720 | Reward:    8.95 | Battery:  77.18% | Loss: N/A (PSO)
Placing Sensors
[Episode 629/1000] Steps: 720 | Reward:   59.17 | Battery:  78.86% | Loss: N/A (PSO)
Placing Sensors
[Episode 630/1000] Steps: 720 | Reward:  -51.29 | Battery:  35.72% | Loss: N/A (PSO)
Placing Sensors
[Episode 631/1000] Steps: 720 | Reward:   10.06 | Battery:  77.26% | Loss: N/A (PSO)
Placing Sensors
[Episode 632/1000] Steps: 720 | Reward:   65.72 | Battery:  77.45% | Loss: N/A (PSO)
Placing Sensors
[Episode 633/1000] Steps: 720 | Reward:   51.29 | Battery:  77.97% | Loss: N/A (PSO)
Placing Sensors
[Episode 634/1000] Steps: 720 | Reward:   32.80 | Battery:  78.08% | Loss: N/A (PSO)
Placing Sensors
[Episode 635/1000] Steps: 720 | Reward:   12.47 | Battery:  75.95% | Loss: N/A (PSO)
Placing Sensors
[Episode 636/1000] Steps: 720 | Reward:   44.43 | Battery:  79.21% | Loss: N/A (PSO)
Placing Sensors
[Episode 637/1000] Steps: 720 | Reward:   63.18 | Battery:  78.27% | Loss: N/A (PSO)
Placing Sensors
[Episode 638/1000] Steps: 720 | Reward:   61.98 | Battery:  78.27% | Loss: N/A (PSO)
Placing Sensors
[Episode 639/1000] Steps: 720 | Reward:   48.82 | Battery:  77.98% | Loss: N/A (PSO)
Placing Sensors
[Episode 640/1000] Steps: 720 | Reward:   16.08 | Battery:  78.23% | Loss: N/A (PSO)
Placing Sensors
[Episode 641/1000] Steps: 720 | Reward:   68.49 | Battery:  78.33% | Loss: N/A (PSO)
Placing Sensors
[Episode 642/1000] Steps: 720 | Reward:   67.18 | Battery:  78.29% | Loss: N/A (PSO)
Placing Sensors
[Episode 643/1000] Steps: 720 | Reward:  -17.19 | Battery:  78.03% | Loss: N/A (PSO)
Placing Sensors
[Episode 644/1000] Steps: 720 | Reward:   48.52 | Battery:  77.93% | Loss: N/A (PSO)
Placing Sensors
[Episode 645/1000] Steps: 720 | Reward:   66.09 | Battery:  77.45% | Loss: N/A (PSO)
Placing Sensors
[Episode 646/1000] Steps: 720 | Reward:   62.40 | Battery:  77.45% | Loss: N/A (PSO)
Placing Sensors
[Episode 647/1000] Steps: 720 | Reward:   65.60 | Battery:  78.18% | Loss: N/A (PSO)
Placing Sensors
[Episode 648/1000] Steps: 720 | Reward:  -42.84 | Battery:  79.53% | Loss: N/A (PSO)
Placing Sensors
[Episode 649/1000] Steps: 720 | Reward:   57.28 | Battery:  77.84% | Loss: N/A (PSO)
Placing Sensors
[Episode 650/1000] Steps: 720 | Reward:   60.54 | Battery:  78.33% | Loss: N/A (PSO)
Placing Sensors
[Episode 651/1000] Steps: 720 | Reward:   38.31 | Battery:  78.83% | Loss: N/A (PSO)
Placing Sensors
[Episode 652/1000] Steps: 720 | Reward:   67.52 | Battery:  78.29% | Loss: N/A (PSO)
Placing Sensors
[Episode 653/1000] Steps: 720 | Reward:   50.09 | Battery:  76.47% | Loss: N/A (PSO)
Placing Sensors
[Episode 654/1000] Steps: 720 | Reward: -125.46 | Battery:  20.82% | Loss: N/A (PSO)
Placing Sensors
[Episode 655/1000] Steps: 720 | Reward:  -10.65 | Battery:  76.91% | Loss: N/A (PSO)
Placing Sensors
[Episode 656/1000] Steps: 720 | Reward:    1.92 | Battery:  76.75% | Loss: N/A (PSO)
Placing Sensors
[Episode 657/1000] Steps: 720 | Reward:   67.09 | Battery:  78.29% | Loss: N/A (PSO)
Placing Sensors
[Episode 658/1000] Steps: 720 | Reward:   68.95 | Battery:  78.01% | Loss: N/A (PSO)
Placing Sensors
[Episode 659/1000] Steps: 720 | Reward:   -7.91 | Battery:  78.55% | Loss: N/A (PSO)
Placing Sensors
[Episode 660/1000] Steps: 720 | Reward:   61.54 | Battery:  78.33% | Loss: N/A (PSO)
Placing Sensors
[Episode 661/1000] Steps: 720 | Reward:  -13.52 | Battery:  76.73% | Loss: N/A (PSO)
Placing Sensors
[Episode 662/1000] Steps: 720 | Reward:   67.78 | Battery:  77.91% | Loss: N/A (PSO)
Placing Sensors
[Episode 663/1000] Steps: 720 | Reward:   62.44 | Battery:  77.39% | Loss: N/A (PSO)
Placing Sensors
[Episode 664/1000] Steps: 720 | Reward:   40.54 | Battery:  77.72% | Loss: N/A (PSO)
Placing Sensors
[Episode 665/1000] Steps: 720 | Reward:   55.50 | Battery:  78.87% | Loss: N/A (PSO)
Placing Sensors
[Episode 666/1000] Steps: 720 | Reward:   53.86 | Battery:  78.56% | Loss: N/A (PSO)
Placing Sensors
[Episode 667/1000] Steps: 720 | Reward:   67.17 | Battery:  78.26% | Loss: N/A (PSO)
Placing Sensors
[Episode 668/1000] Steps: 720 | Reward:   64.38 | Battery:  78.34% | Loss: N/A (PSO)
Placing Sensors
[Episode 669/1000] Steps: 720 | Reward:   67.25 | Battery:  77.98% | Loss: N/A (PSO)
Placing Sensors
[Episode 670/1000] Steps: 720 | Reward:   32.64 | Battery:  77.94% | Loss: N/A (PSO)
Placing Sensors
[Episode 671/1000] Steps: 720 | Reward:   63.21 | Battery:  77.91% | Loss: N/A (PSO)
Placing Sensors
[Episode 672/1000] Steps: 720 | Reward:   52.68 | Battery:  78.01% | Loss: N/A (PSO)
Placing Sensors
[Episode 673/1000] Steps: 720 | Reward:   69.61 | Battery:  78.29% | Loss: N/A (PSO)
Placing Sensors
[Episode 674/1000] Steps: 720 | Reward:   68.59 | Battery:  77.55% | Loss: N/A (PSO)
Placing Sensors
[Episode 675/1000] Steps: 720 | Reward:   67.19 | Battery:  77.43% | Loss: N/A (PSO)
Placing Sensors
[Episode 676/1000] Steps: 720 | Reward:   71.33 | Battery:  78.33% | Loss: N/A (PSO)
Placing Sensors
[Episode 677/1000] Steps: 720 | Reward:  -29.94 | Battery:  77.51% | Loss: N/A (PSO)
Placing Sensors
[Episode 678/1000] Steps: 720 | Reward:   30.08 | Battery:  78.26% | Loss: N/A (PSO)
Placing Sensors
[Episode 679/1000] Steps: 720 | Reward:   70.99 | Battery:  77.92% | Loss: N/A (PSO)
Placing Sensors
[Episode 680/1000] Steps: 720 | Reward:   71.22 | Battery:  78.35% | Loss: N/A (PSO)
Placing Sensors
[Episode 681/1000] Steps: 720 | Reward:   69.17 | Battery:  77.45% | Loss: N/A (PSO)
Placing Sensors
[Episode 682/1000] Steps: 720 | Reward:   64.81 | Battery:  78.29% | Loss: N/A (PSO)
Placing Sensors
[Episode 683/1000] Steps: 720 | Reward:   60.92 | Battery:  78.02% | Loss: N/A (PSO)
Placing Sensors
[Episode 684/1000] Steps: 720 | Reward:    9.06 | Battery:  76.96% | Loss: N/A (PSO)
Placing Sensors
[Episode 685/1000] Steps: 720 | Reward:   66.96 | Battery:  77.45% | Loss: N/A (PSO)
Placing Sensors
[Episode 686/1000] Steps: 720 | Reward:   70.25 | Battery:  78.27% | Loss: N/A (PSO)
Placing Sensors
[Episode 687/1000] Steps: 720 | Reward:   65.01 | Battery:  77.55% | Loss: N/A (PSO)
Placing Sensors
[Episode 688/1000] Steps: 720 | Reward:   58.73 | Battery:  78.90% | Loss: N/A (PSO)
Placing Sensors
[Episode 689/1000] Steps: 720 | Reward:   55.19 | Battery:  78.53% | Loss: N/A (PSO)
Placing Sensors
[Episode 690/1000] Steps: 720 | Reward:   63.84 | Battery:  78.93% | Loss: N/A (PSO)
Placing Sensors
[Episode 691/1000] Steps: 720 | Reward:   69.99 | Battery:  77.93% | Loss: N/A (PSO)
Placing Sensors
[Episode 692/1000] Steps: 720 | Reward:   65.32 | Battery:  78.33% | Loss: N/A (PSO)
Placing Sensors
[Episode 693/1000] Steps: 720 | Reward:   48.06 | Battery:  78.81% | Loss: N/A (PSO)
Placing Sensors
[Episode 694/1000] Steps: 720 | Reward:   34.67 | Battery:  78.26% | Loss: N/A (PSO)
Placing Sensors
[Episode 695/1000] Steps: 720 | Reward:   68.13 | Battery:  78.29% | Loss: N/A (PSO)
Placing Sensors
[Episode 696/1000] Steps: 720 | Reward:   68.35 | Battery:  78.33% | Loss: N/A (PSO)
Placing Sensors
[Episode 697/1000] Steps: 720 | Reward:  -49.05 | Battery:  77.34% | Loss: N/A (PSO)
Placing Sensors
[Episode 698/1000] Steps: 720 | Reward:   54.90 | Battery:  78.33% | Loss: N/A (PSO)
Placing Sensors
[Episode 699/1000] Steps: 720 | Reward:   52.94 | Battery:  78.91% | Loss: N/A (PSO)
Placing Sensors
[Episode 700/1000] Steps: 720 | Reward:   50.37 | Battery:  78.19% | Loss: N/A (PSO)
Placing Sensors
[Episode 701/1000] Steps: 720 | Reward:   70.39 | Battery:  78.01% | Loss: N/A (PSO)
Placing Sensors
[Episode 702/1000] Steps: 720 | Reward:   64.69 | Battery:  77.94% | Loss: N/A (PSO)
Placing Sensors
[Episode 703/1000] Steps: 720 | Reward:   67.17 | Battery:  78.27% | Loss: N/A (PSO)
Placing Sensors
[Episode 704/1000] Steps: 720 | Reward:   63.46 | Battery:  77.39% | Loss: N/A (PSO)
Placing Sensors
[Episode 705/1000] Steps: 720 | Reward:   64.27 | Battery:  76.46% | Loss: N/A (PSO)
Placing Sensors
[Episode 706/1000] Steps: 720 | Reward:   66.23 | Battery:  77.94% | Loss: N/A (PSO)
Placing Sensors
[Episode 707/1000] Steps: 720 | Reward:   67.16 | Battery:  78.27% | Loss: N/A (PSO)
Placing Sensors
[Episode 708/1000] Steps: 720 | Reward:   56.93 | Battery:  78.27% | Loss: N/A (PSO)
Placing Sensors
[Episode 709/1000] Steps: 720 | Reward:   45.90 | Battery:  78.86% | Loss: N/A (PSO)
Placing Sensors
[Episode 710/1000] Steps: 720 | Reward:   71.73 | Battery:  78.29% | Loss: N/A (PSO)
Placing Sensors
[Episode 711/1000] Steps: 720 | Reward:   43.13 | Battery:  78.81% | Loss: N/A (PSO)
Placing Sensors
[Episode 712/1000] Steps: 720 | Reward:   42.34 | Battery:  78.51% | Loss: N/A (PSO)
Placing Sensors
[Episode 713/1000] Steps: 720 | Reward:   42.48 | Battery:  79.35% | Loss: N/A (PSO)
Placing Sensors
[Episode 714/1000] Steps: 720 | Reward:   65.71 | Battery:  78.27% | Loss: N/A (PSO)
Placing Sensors
[Episode 715/1000] Steps: 720 | Reward:   55.53 | Battery:  76.44% | Loss: N/A (PSO)
Placing Sensors
[Episode 716/1000] Steps: 720 | Reward:   65.72 | Battery:  77.55% | Loss: N/A (PSO)
Placing Sensors
[Episode 717/1000] Steps: 720 | Reward:   62.35 | Battery:  77.43% | Loss: N/A (PSO)
Placing Sensors
[Episode 718/1000] Steps: 720 | Reward:   35.06 | Battery:  78.03% | Loss: N/A (PSO)
Placing Sensors
[Episode 719/1000] Steps: 720 | Reward:   57.71 | Battery:  78.85% | Loss: N/A (PSO)
Placing Sensors
[Episode 720/1000] Steps: 720 | Reward:   66.91 | Battery:  77.93% | Loss: N/A (PSO)
Placing Sensors
[Episode 721/1000] Steps: 720 | Reward:   49.35 | Battery:  77.40% | Loss: N/A (PSO)
Placing Sensors
[Episode 722/1000] Steps: 720 | Reward:   66.31 | Battery:  78.27% | Loss: N/A (PSO)
Placing Sensors
[Episode 723/1000] Steps: 720 | Reward:   64.49 | Battery:  77.39% | Loss: N/A (PSO)
Placing Sensors
[Episode 724/1000] Steps: 720 | Reward:   26.85 | Battery:  78.31% | Loss: N/A (PSO)
Placing Sensors
[Episode 725/1000] Steps: 720 | Reward:   64.29 | Battery:  78.27% | Loss: N/A (PSO)
Placing Sensors
[Episode 726/1000] Steps: 720 | Reward:   66.35 | Battery:  78.01% | Loss: N/A (PSO)
Placing Sensors
[Episode 727/1000] Steps: 720 | Reward:   61.91 | Battery:  78.72% | Loss: N/A (PSO)
Placing Sensors
[Episode 728/1000] Steps: 720 | Reward:  -23.84 | Battery:  73.99% | Loss: N/A (PSO)
Placing Sensors
[Episode 729/1000] Steps: 720 | Reward:   60.03 | Battery:  77.86% | Loss: N/A (PSO)
Placing Sensors
[Episode 730/1000] Steps: 720 | Reward:  -50.22 | Battery:  35.29% | Loss: N/A (PSO)
Placing Sensors
[Episode 731/1000] Steps: 720 | Reward:   38.18 | Battery:  78.90% | Loss: N/A (PSO)
Placing Sensors
[Episode 732/1000] Steps: 720 | Reward:   65.67 | Battery:  78.29% | Loss: N/A (PSO)
Placing Sensors
[Episode 733/1000] Steps: 720 | Reward:   66.56 | Battery:  77.93% | Loss: N/A (PSO)
Placing Sensors
[Episode 734/1000] Steps: 720 | Reward:  -98.77 | Battery:  19.18% | Loss: N/A (PSO)
Placing Sensors
[Episode 735/1000] Steps: 720 | Reward:   68.48 | Battery:  77.43% | Loss: N/A (PSO)
Placing Sensors
[Episode 736/1000] Steps: 720 | Reward:   67.94 | Battery:  77.45% | Loss: N/A (PSO)
Placing Sensors
[Episode 737/1000] Steps: 720 | Reward:   70.98 | Battery:  78.27% | Loss: N/A (PSO)
Placing Sensors
[Episode 738/1000] Steps: 720 | Reward:   63.63 | Battery:  77.55% | Loss: N/A (PSO)
Placing Sensors
[Episode 739/1000] Steps: 720 | Reward:   60.89 | Battery:  78.86% | Loss: N/A (PSO)
Placing Sensors
[Episode 740/1000] Steps: 720 | Reward:   66.98 | Battery:  78.01% | Loss: N/A (PSO)
Placing Sensors
[Episode 741/1000] Steps: 720 | Reward:   68.80 | Battery:  78.29% | Loss: N/A (PSO)
Placing Sensors
[Episode 742/1000] Steps: 720 | Reward:   71.52 | Battery:  78.28% | Loss: N/A (PSO)
Placing Sensors
[Episode 743/1000] Steps: 720 | Reward:   66.68 | Battery:  77.91% | Loss: N/A (PSO)
Placing Sensors
[Episode 744/1000] Steps: 720 | Reward:   19.66 | Battery:  77.78% | Loss: N/A (PSO)
Placing Sensors
[Episode 745/1000] Steps: 720 | Reward:   61.30 | Battery:  78.84% | Loss: N/A (PSO)
Placing Sensors
[Episode 746/1000] Steps: 720 | Reward:   65.36 | Battery:  77.43% | Loss: N/A (PSO)
Placing Sensors
[Episode 747/1000] Steps: 720 | Reward:   65.02 | Battery:  78.29% | Loss: N/A (PSO)
Placing Sensors
[Episode 748/1000] Steps: 720 | Reward:   30.88 | Battery:  78.53% | Loss: N/A (PSO)
Placing Sensors
[Episode 749/1000] Steps: 720 | Reward:   66.39 | Battery:  77.55% | Loss: N/A (PSO)
Placing Sensors
[Episode 750/1000] Steps: 720 | Reward:   63.06 | Battery:  77.55% | Loss: N/A (PSO)
Placing Sensors
[Episode 751/1000] Steps: 720 | Reward:   67.43 | Battery:  77.45% | Loss: N/A (PSO)
Placing Sensors
[Episode 752/1000] Steps: 720 | Reward:   56.79 | Battery:  78.94% | Loss: N/A (PSO)
Placing Sensors
[Episode 753/1000] Steps: 720 | Reward:   62.76 | Battery:  78.70% | Loss: N/A (PSO)
Placing Sensors
[Episode 754/1000] Steps: 720 | Reward:   37.85 | Battery:  78.16% | Loss: N/A (PSO)
Placing Sensors
[Episode 755/1000] Steps: 720 | Reward:   65.65 | Battery:  77.43% | Loss: N/A (PSO)
Placing Sensors
[Episode 756/1000] Steps: 720 | Reward:  -49.75 | Battery:  35.54% | Loss: N/A (PSO)
Placing Sensors
[Episode 757/1000] Steps: 720 | Reward:   57.22 | Battery:  78.81% | Loss: N/A (PSO)
Placing Sensors
[Episode 758/1000] Steps: 720 | Reward:   63.53 | Battery:  78.28% | Loss: N/A (PSO)
Placing Sensors
[Episode 759/1000] Steps: 720 | Reward:   65.01 | Battery:  77.45% | Loss: N/A (PSO)
Placing Sensors
[Episode 760/1000] Steps: 720 | Reward: -176.65 | Battery:  29.46% | Loss: N/A (PSO)
Placing Sensors
[Episode 761/1000] Steps: 720 | Reward:   68.37 | Battery:  77.98% | Loss: N/A (PSO)
Placing Sensors
[Episode 762/1000] Steps: 720 | Reward:   41.71 | Battery:  78.84% | Loss: N/A (PSO)
Placing Sensors
[Episode 763/1000] Steps: 720 | Reward:   62.18 | Battery:  78.33% | Loss: N/A (PSO)
Placing Sensors
[Episode 764/1000] Steps: 720 | Reward:   62.45 | Battery:  77.69% | Loss: N/A (PSO)
Placing Sensors
[Episode 765/1000] Steps: 720 | Reward:   68.26 | Battery:  78.29% | Loss: N/A (PSO)
Placing Sensors
[Episode 766/1000] Steps: 720 | Reward:   62.73 | Battery:  77.55% | Loss: N/A (PSO)
Placing Sensors
[Episode 767/1000] Steps: 720 | Reward:   66.39 | Battery:  78.29% | Loss: N/A (PSO)
Placing Sensors
[Episode 768/1000] Steps: 720 | Reward:   66.56 | Battery:  77.94% | Loss: N/A (PSO)
Placing Sensors
[Episode 769/1000] Steps: 720 | Reward:   64.59 | Battery:  78.29% | Loss: N/A (PSO)
Placing Sensors
[Episode 770/1000] Steps: 720 | Reward:   65.67 | Battery:  77.93% | Loss: N/A (PSO)
Placing Sensors
[Episode 771/1000] Steps: 720 | Reward:   35.32 | Battery:  78.82% | Loss: N/A (PSO)
Placing Sensors
[Episode 772/1000] Steps: 720 | Reward:   64.26 | Battery:  78.34% | Loss: N/A (PSO)
Placing Sensors
[Episode 773/1000] Steps: 720 | Reward: -112.97 | Battery:  19.34% | Loss: N/A (PSO)
Placing Sensors
[Episode 774/1000] Steps: 720 | Reward:  -14.88 | Battery:  67.84% | Loss: N/A (PSO)
Placing Sensors
[Episode 775/1000] Steps: 720 | Reward:   37.60 | Battery:  78.30% | Loss: N/A (PSO)
Placing Sensors
[Episode 776/1000] Steps: 720 | Reward:   72.79 | Battery:  78.33% | Loss: N/A (PSO)
Placing Sensors
[Episode 777/1000] Steps: 720 | Reward:   63.64 | Battery:  78.33% | Loss: N/A (PSO)
Placing Sensors
[Episode 778/1000] Steps: 720 | Reward:   37.61 | Battery:  78.97% | Loss: N/A (PSO)
Placing Sensors
[Episode 779/1000] Steps: 720 | Reward:   56.97 | Battery:  78.01% | Loss: N/A (PSO)
Placing Sensors
[Episode 780/1000] Steps: 720 | Reward:   66.16 | Battery:  78.33% | Loss: N/A (PSO)
Placing Sensors
[Episode 781/1000] Steps: 720 | Reward:    3.19 | Battery:  77.61% | Loss: N/A (PSO)
Placing Sensors
[Episode 782/1000] Steps: 720 | Reward:   66.03 | Battery:  77.43% | Loss: N/A (PSO)
Placing Sensors
[Episode 783/1000] Steps: 720 | Reward:   62.08 | Battery:  76.42% | Loss: N/A (PSO)
Placing Sensors
[Episode 784/1000] Steps: 720 | Reward:   69.69 | Battery:  77.91% | Loss: N/A (PSO)
Placing Sensors
[Episode 785/1000] Steps: 720 | Reward:  -14.24 | Battery:  72.27% | Loss: N/A (PSO)
Placing Sensors
[Episode 786/1000] Steps: 720 | Reward:   72.22 | Battery:  78.29% | Loss: N/A (PSO)
Placing Sensors
[Episode 787/1000] Steps: 720 | Reward:   45.91 | Battery:  78.76% | Loss: N/A (PSO)
Placing Sensors
[Episode 788/1000] Steps: 720 | Reward:   58.27 | Battery:  78.31% | Loss: N/A (PSO)
Placing Sensors
[Episode 789/1000] Steps: 720 | Reward:   67.86 | Battery:  78.27% | Loss: N/A (PSO)
Placing Sensors
[Episode 790/1000] Steps: 720 | Reward:   66.76 | Battery:  77.93% | Loss: N/A (PSO)
Placing Sensors
[Episode 791/1000] Steps: 720 | Reward:   69.93 | Battery:  78.27% | Loss: N/A (PSO)
Placing Sensors
[Episode 792/1000] Steps: 720 | Reward:   11.79 | Battery:  78.27% | Loss: N/A (PSO)
Placing Sensors
[Episode 793/1000] Steps: 720 | Reward:   44.03 | Battery:  78.18% | Loss: N/A (PSO)
Placing Sensors
[Episode 794/1000] Steps: 720 | Reward:   67.32 | Battery:  77.93% | Loss: N/A (PSO)
Placing Sensors
[Episode 795/1000] Steps: 720 | Reward:   68.17 | Battery:  78.01% | Loss: N/A (PSO)
Placing Sensors
[Episode 796/1000] Steps: 720 | Reward:   55.88 | Battery:  77.59% | Loss: N/A (PSO)
Placing Sensors
[Episode 797/1000] Steps: 720 | Reward:   66.78 | Battery:  76.44% | Loss: N/A (PSO)
Placing Sensors
[Episode 798/1000] Steps: 720 | Reward:   21.10 | Battery:  78.30% | Loss: N/A (PSO)
Placing Sensors
[Episode 799/1000] Steps: 720 | Reward:   67.84 | Battery:  78.29% | Loss: N/A (PSO)
Placing Sensors
[Episode 800/1000] Steps: 720 | Reward:   63.10 | Battery:  77.55% | Loss: N/A (PSO)
Placing Sensors
[Episode 801/1000] Steps: 720 | Reward:   39.96 | Battery:  78.89% | Loss: N/A (PSO)
Placing Sensors
[Episode 802/1000] Steps: 720 | Reward:   23.74 | Battery:  77.03% | Loss: N/A (PSO)
Placing Sensors
[Episode 803/1000] Steps: 720 | Reward:  -50.74 | Battery:  35.42% | Loss: N/A (PSO)
Placing Sensors
[Episode 804/1000] Steps: 720 | Reward:   47.81 | Battery:  78.97% | Loss: N/A (PSO)
Placing Sensors
[Episode 805/1000] Steps: 720 | Reward:   38.64 | Battery:  78.71% | Loss: N/A (PSO)
Placing Sensors
[Episode 806/1000] Steps: 720 | Reward:   66.11 | Battery:  78.01% | Loss: N/A (PSO)
Placing Sensors
[Episode 807/1000] Steps: 720 | Reward:   66.55 | Battery:  77.45% | Loss: N/A (PSO)
Placing Sensors
[Episode 808/1000] Steps: 720 | Reward:   69.10 | Battery:  77.45% | Loss: N/A (PSO)
Placing Sensors
[Episode 809/1000] Steps: 720 | Reward:  -72.42 | Battery:  37.39% | Loss: N/A (PSO)
Placing Sensors
[Episode 810/1000] Steps: 720 | Reward:   53.65 | Battery:  78.86% | Loss: N/A (PSO)
Placing Sensors
[Episode 811/1000] Steps: 720 | Reward:   -2.03 | Battery:  78.39% | Loss: N/A (PSO)
Placing Sensors
[Episode 812/1000] Steps: 720 | Reward:   68.25 | Battery:  77.45% | Loss: N/A (PSO)
Placing Sensors
[Episode 813/1000] Steps: 720 | Reward:   66.39 | Battery:  78.29% | Loss: N/A (PSO)
Placing Sensors
[Episode 814/1000] Steps: 720 | Reward:   49.79 | Battery:  77.91% | Loss: N/A (PSO)
Placing Sensors
[Episode 815/1000] Steps: 720 | Reward:   63.40 | Battery:  77.43% | Loss: N/A (PSO)
Placing Sensors
[Episode 816/1000] Steps: 720 | Reward:   41.07 | Battery:  78.91% | Loss: N/A (PSO)
Placing Sensors
[Episode 817/1000] Steps: 720 | Reward:    3.49 | Battery:  71.56% | Loss: N/A (PSO)
Placing Sensors
[Episode 818/1000] Steps: 720 | Reward:   18.97 | Battery:  78.68% | Loss: N/A (PSO)
Placing Sensors
[Episode 819/1000] Steps: 720 | Reward:   46.50 | Battery:  78.44% | Loss: N/A (PSO)
Placing Sensors
[Episode 820/1000] Steps: 720 | Reward:   69.04 | Battery:  78.29% | Loss: N/A (PSO)
Placing Sensors
[Episode 821/1000] Steps: 720 | Reward:   67.03 | Battery:  77.55% | Loss: N/A (PSO)
Placing Sensors
[Episode 822/1000] Steps: 720 | Reward:   67.09 | Battery:  78.28% | Loss: N/A (PSO)
Placing Sensors
[Episode 823/1000] Steps: 720 | Reward:   67.01 | Battery:  78.27% | Loss: N/A (PSO)
Placing Sensors
[Episode 824/1000] Steps: 720 | Reward:   67.39 | Battery:  78.33% | Loss: N/A (PSO)
Placing Sensors
[Episode 825/1000] Steps: 720 | Reward:   71.11 | Battery:  78.29% | Loss: N/A (PSO)
Placing Sensors
[Episode 826/1000] Steps: 720 | Reward:   63.11 | Battery:  77.98% | Loss: N/A (PSO)
Placing Sensors
[Episode 827/1000] Steps: 720 | Reward:   68.16 | Battery:  78.29% | Loss: N/A (PSO)
Placing Sensors
[Episode 828/1000] Steps: 720 | Reward:   52.17 | Battery:  78.08% | Loss: N/A (PSO)
Placing Sensors
[Episode 829/1000] Steps: 720 | Reward:   59.62 | Battery:  78.28% | Loss: N/A (PSO)
Placing Sensors
[Episode 830/1000] Steps: 720 | Reward:   47.93 | Battery:  77.55% | Loss: N/A (PSO)
Placing Sensors
[Episode 831/1000] Steps: 720 | Reward:   48.99 | Battery:  77.43% | Loss: N/A (PSO)
Placing Sensors
[Episode 832/1000] Steps: 720 | Reward:   67.23 | Battery:  77.93% | Loss: N/A (PSO)
Placing Sensors
[Episode 833/1000] Steps: 720 | Reward:   67.63 | Battery:  78.27% | Loss: N/A (PSO)
Placing Sensors
[Episode 834/1000] Steps: 720 | Reward:  -51.82 | Battery:  35.17% | Loss: N/A (PSO)
Placing Sensors
[Episode 835/1000] Steps: 720 | Reward:   62.84 | Battery:  77.39% | Loss: N/A (PSO)
Placing Sensors
[Episode 836/1000] Steps: 720 | Reward:   65.38 | Battery:  77.39% | Loss: N/A (PSO)
Placing Sensors
[Episode 837/1000] Steps: 720 | Reward:   66.36 | Battery:  77.45% | Loss: N/A (PSO)
Placing Sensors
[Episode 838/1000] Steps: 720 | Reward:  -55.35 | Battery:  36.31% | Loss: N/A (PSO)
Placing Sensors
[Episode 839/1000] Steps: 720 | Reward:   67.90 | Battery:  78.29% | Loss: N/A (PSO)
Placing Sensors
[Episode 840/1000] Steps: 720 | Reward:   67.10 | Battery:  77.55% | Loss: N/A (PSO)
Placing Sensors
[Episode 841/1000] Steps: 720 | Reward:   64.47 | Battery:  78.27% | Loss: N/A (PSO)
Placing Sensors
[Episode 842/1000] Steps: 720 | Reward:   37.47 | Battery:  77.93% | Loss: N/A (PSO)
Placing Sensors
[Episode 843/1000] Steps: 720 | Reward:   69.86 | Battery:  77.45% | Loss: N/A (PSO)
Placing Sensors
[Episode 844/1000] Steps: 720 | Reward:   12.08 | Battery:  78.49% | Loss: N/A (PSO)
Placing Sensors
[Episode 845/1000] Steps: 720 | Reward:   56.27 | Battery:  78.86% | Loss: N/A (PSO)
Placing Sensors
[Episode 846/1000] Steps: 720 | Reward:   68.78 | Battery:  77.45% | Loss: N/A (PSO)
Placing Sensors
[Episode 847/1000] Steps: 720 | Reward:   69.51 | Battery:  78.29% | Loss: N/A (PSO)
Placing Sensors
[Episode 848/1000] Steps: 720 | Reward:  -71.53 | Battery:  37.20% | Loss: N/A (PSO)
Placing Sensors
[Episode 849/1000] Steps: 720 | Reward:   68.94 | Battery:  77.98% | Loss: N/A (PSO)
Placing Sensors
[Episode 850/1000] Steps: 720 | Reward:   66.09 | Battery:  78.29% | Loss: N/A (PSO)
Placing Sensors
[Episode 851/1000] Steps: 720 | Reward:   71.14 | Battery:  78.27% | Loss: N/A (PSO)
Placing Sensors
[Episode 852/1000] Steps: 720 | Reward:   51.14 | Battery:  78.87% | Loss: N/A (PSO)
Placing Sensors
[Episode 853/1000] Steps: 720 | Reward:   69.43 | Battery:  77.55% | Loss: N/A (PSO)
Placing Sensors
[Episode 854/1000] Steps: 720 | Reward:   64.77 | Battery:  78.65% | Loss: N/A (PSO)
Placing Sensors
[Episode 855/1000] Steps: 720 | Reward:   64.16 | Battery:  78.27% | Loss: N/A (PSO)
Placing Sensors
[Episode 856/1000] Steps: 720 | Reward:   65.63 | Battery:  78.27% | Loss: N/A (PSO)
Placing Sensors
[Episode 857/1000] Steps: 720 | Reward:   67.56 | Battery:  77.98% | Loss: N/A (PSO)
Placing Sensors
[Episode 858/1000] Steps: 720 | Reward:   68.19 | Battery:  77.98% | Loss: N/A (PSO)
Placing Sensors
[Episode 859/1000] Steps: 720 | Reward:   58.58 | Battery:  78.29% | Loss: N/A (PSO)
Placing Sensors
[Episode 860/1000] Steps: 720 | Reward:   61.64 | Battery:  78.33% | Loss: N/A (PSO)
Placing Sensors
[Episode 861/1000] Steps: 720 | Reward:  -80.25 | Battery:  78.34% | Loss: N/A (PSO)
Placing Sensors
[Episode 862/1000] Steps: 720 | Reward:   54.45 | Battery:  78.60% | Loss: N/A (PSO)
Placing Sensors
[Episode 863/1000] Steps: 720 | Reward:   60.63 | Battery:  78.12% | Loss: N/A (PSO)
Placing Sensors
[Episode 864/1000] Steps: 720 | Reward:   65.30 | Battery:  77.43% | Loss: N/A (PSO)
Placing Sensors
[Episode 865/1000] Steps: 720 | Reward:  -46.83 | Battery:  35.54% | Loss: N/A (PSO)
Placing Sensors
[Episode 866/1000] Steps: 720 | Reward:   70.62 | Battery:  78.27% | Loss: N/A (PSO)
Placing Sensors
[Episode 867/1000] Steps: 720 | Reward:   72.25 | Battery:  78.29% | Loss: N/A (PSO)
Placing Sensors
[Episode 868/1000] Steps: 720 | Reward:  -61.05 | Battery:  36.76% | Loss: N/A (PSO)
Placing Sensors
[Episode 869/1000] Steps: 720 | Reward:   67.07 | Battery:  78.01% | Loss: N/A (PSO)
Placing Sensors
[Episode 870/1000] Steps: 720 | Reward:  -92.95 | Battery:  17.80% | Loss: N/A (PSO)
Placing Sensors
[Episode 871/1000] Steps: 720 | Reward:   69.64 | Battery:  77.98% | Loss: N/A (PSO)
Placing Sensors
[Episode 872/1000] Steps: 720 | Reward:   63.85 | Battery:  77.98% | Loss: N/A (PSO)
Placing Sensors
[Episode 873/1000] Steps: 720 | Reward:   48.59 | Battery:  78.33% | Loss: N/A (PSO)
Placing Sensors
[Episode 874/1000] Steps: 720 | Reward:   52.56 | Battery:  77.39% | Loss: N/A (PSO)
Placing Sensors
[Episode 875/1000] Steps: 720 | Reward:   61.41 | Battery:  77.39% | Loss: N/A (PSO)
Placing Sensors
[Episode 876/1000] Steps: 720 | Reward:   26.51 | Battery:  74.32% | Loss: N/A (PSO)
Placing Sensors
[Episode 877/1000] Steps: 720 | Reward:   55.53 | Battery:  78.10% | Loss: N/A (PSO)
Placing Sensors
[Episode 878/1000] Steps: 720 | Reward:   47.60 | Battery:  77.91% | Loss: N/A (PSO)
Placing Sensors
[Episode 879/1000] Steps: 720 | Reward:   68.21 | Battery:  78.29% | Loss: N/A (PSO)
Placing Sensors
[Episode 880/1000] Steps: 720 | Reward: -119.97 | Battery:  19.36% | Loss: N/A (PSO)
Placing Sensors
[Episode 881/1000] Steps: 720 | Reward:   72.67 | Battery:  78.29% | Loss: N/A (PSO)
Placing Sensors
[Episode 882/1000] Steps: 720 | Reward: -103.36 | Battery:  77.67% | Loss: N/A (PSO)
Placing Sensors
[Episode 883/1000] Steps: 720 | Reward:   41.71 | Battery:  77.42% | Loss: N/A (PSO)
Placing Sensors
[Episode 884/1000] Steps: 720 | Reward:   67.90 | Battery:  78.27% | Loss: N/A (PSO)
Placing Sensors
[Episode 885/1000] Steps: 720 | Reward:   71.45 | Battery:  78.27% | Loss: N/A (PSO)
Placing Sensors
[Episode 886/1000] Steps: 720 | Reward:   68.38 | Battery:  77.55% | Loss: N/A (PSO)
Placing Sensors
[Episode 887/1000] Steps: 720 | Reward:   62.24 | Battery:  78.29% | Loss: N/A (PSO)
Placing Sensors
[Episode 888/1000] Steps: 720 | Reward:   61.83 | Battery:  77.93% | Loss: N/A (PSO)
Placing Sensors
[Episode 889/1000] Steps: 720 | Reward:   61.82 | Battery:  77.45% | Loss: N/A (PSO)
Placing Sensors
[Episode 890/1000] Steps: 720 | Reward:   70.47 | Battery:  78.27% | Loss: N/A (PSO)
Placing Sensors
[Episode 891/1000] Steps: 720 | Reward:   40.41 | Battery:  78.27% | Loss: N/A (PSO)
Placing Sensors
[Episode 892/1000] Steps: 720 | Reward:   41.46 | Battery:  78.59% | Loss: N/A (PSO)
Placing Sensors
[Episode 893/1000] Steps: 720 | Reward:   45.91 | Battery:  78.12% | Loss: N/A (PSO)
Placing Sensors
[Episode 894/1000] Steps: 720 | Reward:  -72.42 | Battery:  74.06% | Loss: N/A (PSO)
Placing Sensors
[Episode 895/1000] Steps: 720 | Reward:    7.31 | Battery:  78.63% | Loss: N/A (PSO)
Placing Sensors
[Episode 896/1000] Steps: 720 | Reward:   66.08 | Battery:  77.39% | Loss: N/A (PSO)
Placing Sensors
[Episode 897/1000] Steps: 720 | Reward:   67.09 | Battery:  78.28% | Loss: N/A (PSO)
Placing Sensors
[Episode 898/1000] Steps: 720 | Reward:   30.88 | Battery:  78.83% | Loss: N/A (PSO)
Placing Sensors
[Episode 899/1000] Steps: 720 | Reward:   61.88 | Battery:  78.29% | Loss: N/A (PSO)
Placing Sensors
[Episode 900/1000] Steps: 720 | Reward:   60.60 | Battery:  78.33% | Loss: N/A (PSO)
Placing Sensors
[Episode 901/1000] Steps: 720 | Reward:   65.77 | Battery:  77.98% | Loss: N/A (PSO)
Placing Sensors
[Episode 902/1000] Steps: 720 | Reward:   66.44 | Battery:  77.55% | Loss: N/A (PSO)
Placing Sensors
[Episode 903/1000] Steps: 720 | Reward:   61.69 | Battery:  78.97% | Loss: N/A (PSO)
Placing Sensors
[Episode 904/1000] Steps: 720 | Reward:   48.95 | Battery:  77.55% | Loss: N/A (PSO)
Placing Sensors
[Episode 905/1000] Steps: 720 | Reward:   67.18 | Battery:  78.33% | Loss: N/A (PSO)
Placing Sensors
[Episode 906/1000] Steps: 720 | Reward:   67.53 | Battery:  78.33% | Loss: N/A (PSO)
Placing Sensors
[Episode 907/1000] Steps: 720 | Reward:   59.60 | Battery:  78.91% | Loss: N/A (PSO)
Placing Sensors
[Episode 908/1000] Steps: 720 | Reward:   33.14 | Battery:  78.83% | Loss: N/A (PSO)
Placing Sensors
[Episode 909/1000] Steps: 720 | Reward:  -34.30 | Battery:  78.00% | Loss: N/A (PSO)
Placing Sensors
[Episode 910/1000] Steps: 720 | Reward:   48.75 | Battery:  78.88% | Loss: N/A (PSO)
Placing Sensors
[Episode 911/1000] Steps: 720 | Reward:   63.99 | Battery:  78.29% | Loss: N/A (PSO)
Placing Sensors
[Episode 912/1000] Steps: 720 | Reward:   61.09 | Battery:  78.34% | Loss: N/A (PSO)
Placing Sensors
[Episode 913/1000] Steps: 720 | Reward:   42.83 | Battery:  78.17% | Loss: N/A (PSO)
Placing Sensors
[Episode 914/1000] Steps: 720 | Reward:   69.47 | Battery:  77.91% | Loss: N/A (PSO)
Placing Sensors
[Episode 915/1000] Steps: 720 | Reward:   66.41 | Battery:  77.43% | Loss: N/A (PSO)
Placing Sensors
[Episode 916/1000] Steps: 720 | Reward:   62.72 | Battery:  77.78% | Loss: N/A (PSO)
Placing Sensors
[Episode 917/1000] Steps: 720 | Reward:   66.62 | Battery:  77.39% | Loss: N/A (PSO)
Placing Sensors
[Episode 918/1000] Steps: 720 | Reward:   40.17 | Battery:  78.27% | Loss: N/A (PSO)
Placing Sensors
[Episode 919/1000] Steps: 720 | Reward:   65.78 | Battery:  77.55% | Loss: N/A (PSO)
Placing Sensors
[Episode 920/1000] Steps: 720 | Reward:   65.66 | Battery:  78.29% | Loss: N/A (PSO)
Placing Sensors
[Episode 921/1000] Steps: 720 | Reward:   12.05 | Battery:  78.43% | Loss: N/A (PSO)
Placing Sensors
[Episode 922/1000] Steps: 720 | Reward:   40.30 | Battery:  78.54% | Loss: N/A (PSO)
Placing Sensors
[Episode 923/1000] Steps: 720 | Reward:  -50.83 | Battery:  35.17% | Loss: N/A (PSO)
Placing Sensors
[Episode 924/1000] Steps: 720 | Reward:   33.31 | Battery:  78.33% | Loss: N/A (PSO)
Placing Sensors
[Episode 925/1000] Steps: 720 | Reward:   66.20 | Battery:  77.55% | Loss: N/A (PSO)
Placing Sensors
[Episode 926/1000] Steps: 720 | Reward:   66.21 | Battery:  78.29% | Loss: N/A (PSO)
Placing Sensors
[Episode 927/1000] Steps: 720 | Reward:   67.12 | Battery:  77.93% | Loss: N/A (PSO)
Placing Sensors
[Episode 928/1000] Steps: 720 | Reward:   57.03 | Battery:  78.89% | Loss: N/A (PSO)
Placing Sensors
[Episode 929/1000] Steps: 720 | Reward:   67.43 | Battery:  78.33% | Loss: N/A (PSO)
Placing Sensors
[Episode 930/1000] Steps: 720 | Reward:   20.11 | Battery:  78.67% | Loss: N/A (PSO)
Placing Sensors
[Episode 931/1000] Steps: 720 | Reward:   33.64 | Battery:  78.53% | Loss: N/A (PSO)
Placing Sensors
[Episode 932/1000] Steps: 720 | Reward:   69.42 | Battery:  78.27% | Loss: N/A (PSO)
Placing Sensors
[Episode 933/1000] Steps: 720 | Reward:   62.19 | Battery:  78.33% | Loss: N/A (PSO)
Placing Sensors
[Episode 934/1000] Steps: 720 | Reward:   60.45 | Battery:  78.28% | Loss: N/A (PSO)
Placing Sensors
[Episode 935/1000] Steps: 720 | Reward:   66.31 | Battery:  77.98% | Loss: N/A (PSO)
Placing Sensors
[Episode 936/1000] Steps: 720 | Reward:   66.77 | Battery:  78.29% | Loss: N/A (PSO)
Placing Sensors
[Episode 937/1000] Steps: 720 | Reward:   63.23 | Battery:  77.91% | Loss: N/A (PSO)
Placing Sensors
[Episode 938/1000] Steps: 720 | Reward:   71.90 | Battery:  78.28% | Loss: N/A (PSO)
Placing Sensors
[Episode 939/1000] Steps: 720 | Reward:   48.02 | Battery:  78.83% | Loss: N/A (PSO)
Placing Sensors
[Episode 940/1000] Steps: 720 | Reward:   68.00 | Battery:  77.43% | Loss: N/A (PSO)
Placing Sensors
[Episode 941/1000] Steps: 720 | Reward:   69.48 | Battery:  78.33% | Loss: N/A (PSO)
Placing Sensors
[Episode 942/1000] Steps: 720 | Reward:   53.17 | Battery:  78.09% | Loss: N/A (PSO)
Placing Sensors
[Episode 943/1000] Steps: 720 | Reward:   65.40 | Battery:  77.93% | Loss: N/A (PSO)
Placing Sensors
[Episode 944/1000] Steps: 720 | Reward:   64.24 | Battery:  78.29% | Loss: N/A (PSO)
Placing Sensors
[Episode 945/1000] Steps: 720 | Reward:   61.37 | Battery:  77.40% | Loss: N/A (PSO)
Placing Sensors
[Episode 946/1000] Steps: 720 | Reward:   65.39 | Battery:  77.55% | Loss: N/A (PSO)
Placing Sensors
[Episode 947/1000] Steps: 720 | Reward:   41.83 | Battery:  77.75% | Loss: N/A (PSO)
Placing Sensors
[Episode 948/1000] Steps: 720 | Reward:   50.69 | Battery:  78.48% | Loss: N/A (PSO)
Placing Sensors
[Episode 949/1000] Steps: 720 | Reward:    0.49 | Battery:  77.98% | Loss: N/A (PSO)
Placing Sensors
[Episode 950/1000] Steps: 720 | Reward:   16.86 | Battery:  66.65% | Loss: N/A (PSO)
Placing Sensors
[Episode 951/1000] Steps: 720 | Reward:   37.15 | Battery:  78.33% | Loss: N/A (PSO)
Placing Sensors
[Episode 952/1000] Steps: 720 | Reward:   62.57 | Battery:  77.45% | Loss: N/A (PSO)
Placing Sensors
[Episode 953/1000] Steps: 720 | Reward:   60.89 | Battery:  77.45% | Loss: N/A (PSO)
Placing Sensors
[Episode 954/1000] Steps: 720 | Reward:   65.84 | Battery:  78.27% | Loss: N/A (PSO)
Placing Sensors
[Episode 955/1000] Steps: 720 | Reward:   64.19 | Battery:  78.27% | Loss: N/A (PSO)
Placing Sensors
[Episode 956/1000] Steps: 720 | Reward:   65.05 | Battery:  78.27% | Loss: N/A (PSO)
Placing Sensors
[Episode 957/1000] Steps: 720 | Reward:   68.81 | Battery:  78.33% | Loss: N/A (PSO)
Placing Sensors
[Episode 958/1000] Steps: 720 | Reward:   64.78 | Battery:  78.27% | Loss: N/A (PSO)
Placing Sensors
[Episode 959/1000] Steps: 720 | Reward:   66.00 | Battery:  77.92% | Loss: N/A (PSO)
Placing Sensors
[Episode 960/1000] Steps: 720 | Reward:   69.01 | Battery:  78.27% | Loss: N/A (PSO)
Placing Sensors
[Episode 961/1000] Steps: 720 | Reward:   56.46 | Battery:  78.66% | Loss: N/A (PSO)
Placing Sensors
[Episode 962/1000] Steps: 720 | Reward:   51.81 | Battery:  78.91% | Loss: N/A (PSO)
Placing Sensors
[Episode 963/1000] Steps: 720 | Reward:   69.73 | Battery:  78.27% | Loss: N/A (PSO)
Placing Sensors
[Episode 964/1000] Steps: 720 | Reward:   50.48 | Battery:  78.12% | Loss: N/A (PSO)
Placing Sensors
[Episode 965/1000] Steps: 720 | Reward:   69.57 | Battery:  78.33% | Loss: N/A (PSO)
Placing Sensors
[Episode 966/1000] Steps: 720 | Reward:   44.58 | Battery:  78.44% | Loss: N/A (PSO)
Placing Sensors
[Episode 967/1000] Steps: 720 | Reward:  -63.06 | Battery:  36.99% | Loss: N/A (PSO)
Placing Sensors
[Episode 968/1000] Steps: 720 | Reward:   47.94 | Battery:  78.85% | Loss: N/A (PSO)
Placing Sensors
[Episode 969/1000] Steps: 720 | Reward:   48.34 | Battery:  77.99% | Loss: N/A (PSO)
Placing Sensors
[Episode 970/1000] Steps: 720 | Reward:   68.56 | Battery:  78.28% | Loss: N/A (PSO)
Placing Sensors
[Episode 971/1000] Steps: 720 | Reward:   65.94 | Battery:  77.45% | Loss: N/A (PSO)
Placing Sensors
[Episode 972/1000] Steps: 720 | Reward:   65.48 | Battery:  77.94% | Loss: N/A (PSO)
Placing Sensors
[Episode 973/1000] Steps: 720 | Reward:   64.13 | Battery:  77.45% | Loss: N/A (PSO)
Placing Sensors
[Episode 974/1000] Steps: 720 | Reward: -108.62 | Battery:  18.60% | Loss: N/A (PSO)
Placing Sensors
[Episode 975/1000] Steps: 720 | Reward:   70.02 | Battery:  78.33% | Loss: N/A (PSO)
Placing Sensors
[Episode 976/1000] Steps: 720 | Reward:   49.84 | Battery:  78.53% | Loss: N/A (PSO)
Placing Sensors
[Episode 977/1000] Steps: 720 | Reward:   67.38 | Battery:  77.93% | Loss: N/A (PSO)
Placing Sensors
[Episode 978/1000] Steps: 720 | Reward:   68.44 | Battery:  77.43% | Loss: N/A (PSO)
Placing Sensors
[Episode 979/1000] Steps: 720 | Reward:   62.10 | Battery:  77.39% | Loss: N/A (PSO)
Placing Sensors
[Episode 980/1000] Steps: 720 | Reward:   68.44 | Battery:  78.27% | Loss: N/A (PSO)
Placing Sensors
[Episode 981/1000] Steps: 720 | Reward:   57.35 | Battery:  77.98% | Loss: N/A (PSO)
Placing Sensors
[Episode 982/1000] Steps: 720 | Reward:   50.20 | Battery:  77.45% | Loss: N/A (PSO)
Placing Sensors
[Episode 983/1000] Steps: 720 | Reward:   65.81 | Battery:  78.27% | Loss: N/A (PSO)
Placing Sensors
[Episode 984/1000] Steps: 720 | Reward:   53.86 | Battery:  77.83% | Loss: N/A (PSO)
Placing Sensors
[Episode 985/1000] Steps: 720 | Reward:   33.14 | Battery:  76.57% | Loss: N/A (PSO)
Placing Sensors
[Episode 986/1000] Steps: 720 | Reward:   42.95 | Battery:  78.49% | Loss: N/A (PSO)
Placing Sensors
[Episode 987/1000] Steps: 720 | Reward:   64.46 | Battery:  77.45% | Loss: N/A (PSO)
Placing Sensors
[Episode 988/1000] Steps: 720 | Reward:  -49.50 | Battery:  35.29% | Loss: N/A (PSO)
Placing Sensors
[Episode 989/1000] Steps: 720 | Reward:   63.14 | Battery:  77.92% | Loss: N/A (PSO)
Placing Sensors
[Episode 990/1000] Steps: 720 | Reward:   62.78 | Battery:  78.78% | Loss: N/A (PSO)
Placing Sensors
[Episode 991/1000] Steps: 720 | Reward:   55.34 | Battery:  78.06% | Loss: N/A (PSO)
Placing Sensors
[Episode 992/1000] Steps: 720 | Reward:   59.28 | Battery:  78.29% | Loss: N/A (PSO)
Placing Sensors
[Episode 993/1000] Steps: 720 | Reward:   66.24 | Battery:  78.27% | Loss: N/A (PSO)
Placing Sensors
[Episode 994/1000] Steps: 720 | Reward:   67.19 | Battery:  78.37% | Loss: N/A (PSO)
Placing Sensors
[Episode 995/1000] Steps: 720 | Reward:   71.93 | Battery:  78.27% | Loss: N/A (PSO)
Placing Sensors
[Episode 996/1000] Steps: 720 | Reward:   66.51 | Battery:  78.33% | Loss: N/A (PSO)
Placing Sensors
[Episode 997/1000] Steps: 720 | Reward:   66.83 | Battery:  78.27% | Loss: N/A (PSO)
Placing Sensors
[Episode 998/1000] Steps: 720 | Reward:   62.03 | Battery:  77.55% | Loss: N/A (PSO)
Placing Sensors
[Episode 999/1000] Steps: 720 | Reward:  -57.07 | Battery:  35.79% | Loss: N/A (PSO)
Placing Sensors
[Episode 1000/1000] Steps: 720 | Reward:   31.91 | Battery:  78.67% | Loss: N/A (PSO)
Placing Sensors

==============================
FINAL EVALUATION COMPLETE
==============================

==============================
FINAL EVALUATION COMPLETE
==============================
Total Steps Performed: 720
Final Battery Level: 78.63%
Total inference calls : 721720
Total inference time  : 1648.945343 s
Average inference     : 2.285 ms/step
Final inference calls : 720
Final inference time  : 1.220329 s
Final Avg inference   : 1.695 ms/step
