episode,steps,final_battery,total_reward,total_directional_reward,total_battery_reward,total_movement_penalty,loss,episode_time,rollout_time,inference_time,env_time,update_time,peak_solar_w,mean_solar_w,start_battery,min_battery,idle_mAh,motion_mAh,path_m,turn_integral,net_displacement_m,V_start,V_end,alpha_T,E_max,E_argmax
1,81,0.0,-17.60615845962242,-0.5320736485066495,-1.0201452215510178,0.05356278205683232,,8.48519818391651,8.241636217571795,0.23885834868997335,8.002777868881822,0.0,17.987962733173447,4.084227112719096,30.38136819740929,0.0,1312.706816366511,175.61959700678221,220.50374254576954,146.52242058172837,64.02197876656322,2.165046215057373,2.975508689880371,nan,0.810462474822998,80
2,79,0.0,-17.50171574013418,-0.4644723328008688,-0.947198338585834,0.03980947851476037,,9.319536622613668,9.06539185717702,0.11678802315145731,8.948603834025562,0.0,2.6578383869711075,1.0454159142819393,35.082754135855446,0.0,1280.0040783134798,132.45475382620245,164.833810709219,139.1836979930481,19.602894137323826,2.055943250656128,2.997079372406006,nan,0.9411361217498779,78
3,67,0.0,-17.657558771026153,-0.43651670666334835,-0.8302765681938714,0.04050827829783528,,7.4674361795187,7.246240503154695,0.09904371295124292,7.147196790203452,0.0,10.543061315900395,1.2632886278947577,31.457308544236973,0.0,1086.0198023666196,133.83239588475473,167.30592497856148,119.01841531301181,27.363615919416958,2.0831167697906494,3.0206241607666016,nan,0.9375073909759521,66
4,130,0.0,-17.24845714291232,-0.8885782202603132,-1.504526652269686,0.07980587362952635,,12.740570783615112,12.497403018176556,0.1908673821017146,12.306535636074841,0.0,21.098910953508025,6.927561458366462,34.21875053462062,0.0,2102.4297652047767,259.5746327487989,327.9969522915323,235.44133155811784,38.738207873595236,2.031480073928833,2.9721338748931885,nan,0.9406538009643555,129
5,720,64.07897149032881,-6.910295919454552,-3.3049664766015994,-3.2087573409448726,0.3935216537652021,,39.73339729569852,39.48030042368919,1.0511323576793075,38.42916806600988,0.0,42.26358351411556,20.337246590745167,33.78498838001317,11.518670949581109,11605.820550805962,1146.074097883816,1628.3536911007675,1379.1844776775715,97.41394214866621,2.0953359603881836,0.9528546333312988,0.5452497110989436,0.8715498447418213,167
6,163,0.0,-16.88285673890626,-1.0245969957092373,-1.8133008865334013,0.0942930676507669,,13.49937772192061,13.253679591231048,0.23728200886398554,13.016397582367063,0.0,22.05743742347596,7.08624278534362,39.81140476948448,0.0,2633.274475867644,307.8500402014908,388.9923843062851,302.80165668320365,20.087570372706544,1.8311967849731445,3.0411694049835205,nan,1.209972620010376,162
7,111,0.0,-17.64931787377901,-0.8071710554469156,-1.5240784642669745,0.06761530253622672,,12.977539049461484,12.722764901816845,0.16280510555952787,12.559959796257317,0.0,29.422065808010526,7.393707051135544,30.09827359909158,0.0,1810.1657542274024,226.7163911696573,279.63878338841806,208.3450298056918,38.38964331854019,2.279895544052124,3.0469188690185547,nan,0.7670233249664307,110
8,80,0.0,-17.761915643155433,-0.6495494590096004,-1.0403307799689263,0.04671110038072799,,9.594700149260461,9.351072629913688,0.11785536259412766,9.23321726731956,0.0,25.229976136436846,4.046638950092914,30.828228971574056,0.0,1299.6075728500566,155.98742172256053,193.1870022337401,156.5307908941344,9.834121841695602,2.094886302947998,3.0279273986816406,nan,0.9330410957336426,79
9,72,0.0,-17.70722919200971,-0.5321935393282334,-0.9059049632401288,0.04386920314820819,1.6327046155929565,7.1451925821602345,6.348926808685064,0.10565567761659622,6.243271131068468,0.58622966427356,9.540389838641708,2.1053043591431826,31.613006476668154,0.0,1167.6282426437153,144.53935752189554,180.74609920024764,119.20912587480196,8.593473198571063,2.246248245239258,2.9703688621520996,nan,0.7241206169128418,71
10,77,0.0,-17.71427886002451,-0.6229153685252885,-0.9445763230414111,0.046443564144493,,7.341955602169037,7.122292966581881,0.11325137130916119,7.00904159527272,0.0,8.543180374120317,2.5159444438839453,32.42063596106218,0.0,1247.71677037638,153.48476707890507,191.79074222790547,141.96666737605898,27.468331537886844,2.0326733589172363,2.7887511253356934,nan,0.756077766418457,76
11,72,0.0,-17.576467720816183,-0.4141994122599983,-0.8959517356227055,0.04105103908465937,,9.615796435624361,9.347960502840579,0.10627569537609816,9.24168480746448,0.0,7.925245441013077,1.7532046757392823,31.662904238203556,0.0,1167.1141950432143,135.47184041696826,168.88207732809772,123.93755116076616,19.243588331635262,2.084615468978882,3.1234614849090576,nan,1.0388460159301758,71
12,720,48.237862339274244,-5.691513467841482,-3.4575007229296957,-1.8031095453170984,0.4277146997554027,,41.52698556147516,41.28836861439049,1.0482855224981904,40.2400830918923,0.0,42.25291813652204,18.40134229802881,39.2252676919203,32.11802726859855,11582.399999999901,1214.5602865134897,1765.694176398688,1334.777017941855,57.572162866256846,1.895819067955017,1.5825430154800415,0.16524575460299618,0.20758306980133057,44
13,66,0.0,-17.755731384444687,-0.5114738513293872,-0.8308993909432263,0.038079451758619376,,7.20673643797636,6.962805428542197,0.09768205508589745,6.865123373456299,0.0,5.186985358078385,1.0967845863111616,31.02728939255805,0.0,1070.6022339364413,125.34140942285644,157.06270662135998,125.1544866865976,46.80054949386587,2.2801105976104736,3.1761722564697266,nan,0.8960616588592529,65
14,720,53.145494140120476,-6.658228186515484,-3.2918405073450865,-2.940916747213502,0.42245853040894216,1.528836965560913,38.62395987845957,37.78914973791689,1.0473214127123356,36.74182832520455,0.5961320539936423,42.263490458125354,19.656356369136624,38.60026674479383,15.72732882348816,11594.10141463588,1217.1310655386744,1746.2878004554539,1348.0168540851455,143.71324756970566,1.9009078741073608,1.3593961000442505,0.2848700778397252,0.6948708295822144,77
15,142,0.0,-17.367272908535433,-0.9565931565174444,-1.847681933665084,0.08731888144625329,,10.13289788365364,9.914699266664684,0.20831204112619162,9.706387225538492,0.0,25.708424971196965,7.472396461572097,35.65606477794645,0.0,2309.834614041492,289.14465193087426,360.3843612041001,271.8389323257062,11.280130475608551,1.6912548542022705,1.8361462354660034,nan,0.5694079399108887,38
16,96,0.0,-17.684242221815207,-0.7501535028218593,-1.243659256438185,0.06491283735042036,,10.820458554662764,10.577345714904368,0.1417654063552618,10.435580308549106,0.0,26.666173077730754,5.300150476673108,32.756075044338004,0.0,1560.9102398582663,212.921261488882,266.8193505249942,167.24186159132088,41.759706230959566,2.220468282699585,3.064035654067993,nan,0.8435673713684082,95
17,63,0.0,-17.4952589340426,-0.21909900523268105,-0.7890489351680046,0.03679199528496914,,10.119200864806771,9.853328490629792,0.09329608734697104,9.760032403282821,0.0,4.6119639763542,0.5159411115022038,31.103753153422538,0.0,1021.3294167472328,122.37972435691137,152.46445523886916,136.16751841074216,18.996420174420635,2.258336067199707,2.9260363578796387,nan,0.6677002906799316,62
18,720,56.55875408608133,-6.605222847901093,-3.1853431761994364,-2.99903113950318,0.41798962852899296,,40.310098006390035,40.08205331210047,1.0450506499037147,39.037002662196755,0.0,42.26364895539872,19.45591573340957,36.06819480098062,10.875832233723044,11603.262669171008,1211.3445141167942,1729.1753916406083,1321.75511265084,167.26894495678266,2.066089153289795,1.0181217193603516,0.5072227557367428,0.6786274909973145,50
19,720,52.87328488236731,-6.167267014103887,-3.315155782986504,-2.4235441474798636,0.4256659432345254,1.558637261390686,42.51760091539472,41.65491660311818,1.0384369138628244,40.61647968925536,0.5951297096908092,42.200236774532435,19.034707322370952,31.34531609731624,13.199602810265676,11590.596346396238,1221.5922865347666,1756.4313109564405,1309.378874917194,76.10461344169356,2.200040102005005,1.2926054000854492,0.41246280060648244,0.6164252758026123,46
20,114,0.0,-17.481754881366864,-0.7395635725830573,-1.4981934890742412,0.06849209463682172,,9.270428817719221,9.052869303151965,0.16658681258559227,8.886282490566373,0.0,29.895801663927926,6.946801561482652,31.41695089185539,0.0,1853.7693487784923,226.79441678809007,282.8324856208373,207.64946193906513,27.007046460674648,2.0180435180664062,2.0266547203063965,nan,0.460707426071167,32
21,103,0.0,-17.432513999616603,-0.7126211265152698,-1.2049159417691513,0.06450555305509537,,10.112950413487852,9.879115481860936,0.15068951714783907,9.728425964713097,0.0,16.400852220776983,4.2712343030706315,35.96590506746963,0.0,1666.7643617049562,210.76833909313882,266.2322127276165,192.83979795434053,9.125071007061859,1.9557758569717407,2.5969066619873047,nan,0.69231116771698,90
22,115,0.0,-17.33898190860023,-0.774408529467241,-1.3449063242870705,0.06912099856120832,,12.605822579935193,12.358992917463183,0.16755741275846958,12.191435504704714,0.0,18.066704926299888,4.612781847863098,38.25100047091936,0.0,1861.9440385001167,227.09800014606523,285.7111316785619,215.28389123304336,34.88548633731398,1.8034307956695557,1.9705291986465454,nan,0.5414178371429443,39
23,66,0.0,-17.783904757098714,-0.5368539703106174,-0.8367085066245008,0.035092851432086326,,7.988792180083692,7.745016063563526,0.09689881838858128,7.648117245174944,0.0,5.267399647863486,0.6768571897153614,30.888496494277085,0.0,1070.7142259235288,117.68466794913365,145.95913832839457,124.10551662085001,28.532714073885113,2.11069917678833,3.0753753185272217,nan,0.9646761417388916,65
24,720,69.25009411919872,-6.330203740180929,-3.17909582426289,-2.7239267828358127,0.42418042802117534,,37.440317099913955,37.209983880631626,1.0390674117952585,36.17091646883637,0.0,42.26367489440342,19.716472675320844,33.61924914180704,25.95022274093629,11582.399999999963,1233.9602390883492,1754.1643474118,1353.5603598548864,181.50630235365196,1.705908179283142,0.5144039988517761,0.6984573934876499,0.2276395559310913,37
25,720,36.30023932639616,-9.883640991771632,-4.107940451397273,-5.358607392908131,0.4141299525060713,1.5124913454055786,42.387002831324935,41.46827831491828,1.0428287200629711,40.42544959485531,0.6715770168229938,42.22567519395595,15.526096872782237,35.23874728040888,9.677083544384583,11635.384116314366,1294.3332560076092,1711.9844719692674,1342.898394908307,128.95710782027365,1.8259172439575195,1.3420954942703247,0.26497463194911974,0.38874030113220215,77
26,720,71.90461179659593,-6.6894013456287,-3.221754591574744,-3.0304792521806525,0.434097023424725,,38.93034859839827,38.689566753804684,1.040321663953364,37.64924508985132,0.0,42.26240251187446,19.921924486049942,38.5465539999187,15.823252838967017,11589.436277957799,1254.226203799764,1791.55653267587,1333.0561931164375,150.1030520061411,1.729224681854248,0.6247355937957764,0.6387192477926742,0.2981085777282715,51
27,720,54.13190455210773,-5.8227101634997025,-2.8894776772766306,-2.5112076820103026,0.4186397302874486,1.4077919721603394,41.51804544683546,40.75193289667368,1.0405605528503656,39.711372343823314,0.5100583285093307,42.263753151119246,20.94044892409736,30.66951451198757,20.21525313857462,11584.401150600857,1208.2419440216124,1730.8803701026661,1401.3275953183993,131.16646153420012,2.1076273918151855,0.9609490633010864,0.544061219249256,0.05230069160461426,9
28,89,0.0,-17.667615811194825,-0.7408628110884539,-1.0851551005767126,0.041242333898553224,,8.805599191226065,8.570939533412457,0.13233325723558664,8.43860627617687,0.0,9.629240319424898,2.528161073801235,35.04294938219692,0.0,1442.90540337703,137.01696710125313,170.2817739254113,158.7012142520227,7.763989279366877,1.5207819938659668,2.8225765228271484,nan,1.3017945289611816,88
29,188,0.0,-17.011974228220637,-1.0991098769101686,-2.47361737487111,0.11344122591144229,,13.913877381011844,13.687112512998283,0.2766021443530917,13.410510368645191,0.0,28.441339337776125,9.300443883463366,35.809984789139484,0.0,3060.3587098180637,378.61800243914723,469.2578002882236,360.8038961084461,29.379915257239748,1.3786489963531494,1.5417591333389282,nan,0.9004559516906738,78
30,61,0.0,-17.57420687725803,-0.2736050384835336,-0.7638311319249333,0.03657339403949066,,7.63308872282505,7.397710790857673,0.09260020591318607,7.305110584944487,0.0,1.6190846144711362,0.24858366283618077,30.906688420166628,0.0,988.8575110633509,120.02188319243311,150.39886542232122,94.05949179968786,41.98945531475513,2.0384199619293213,2.1626405715942383,nan,0.38465166091918945,37
31,131,0.0,-17.308531367937622,-0.9786526309232793,-1.5122667697408505,0.06708464277294825,,10.208157426677644,10.000139602459967,0.19374379515647888,9.806395807303488,0.0,17.84572676111228,5.465467942301788,38.395544006832296,0.0,2118.4959258465155,220.52379995180078,276.86644133589846,245.72454319402487,30.264678226246144,1.4403611421585083,1.9481385946273804,nan,0.5077774524688721,130
32,720,34.27656484911111,-8.564797588022113,-3.904541730415676,-4.220987238826758,0.4360992763873222,,40.32071453426033,40.08025072608143,1.0433327481150627,39.03691797796637,0.0,42.14574629964075,15.879500564161843,31.744696360209335,10.785219693030092,11614.163728831774,1323.9379532400567,1799.4966416046009,1308.3635260691478,44.59625449105768,1.790520191192627,1.9975440502166748,-0.11562218624641907,0.543147087097168,38
33,89,0.0,-17.63473549085199,-0.6653019801469678,-1.1123418097565554,0.05668811180483937,,9.036262477748096,8.799261400476098,0.13042476028203964,8.668836640194058,0.0,18.5380763062189,4.45436883006509,32.209113353951615,0.0,1443.5668220562357,186.61128355771612,234.24926042240986,170.3136710828793,45.139159863269576,1.6047950983047485,2.080296039581299,nan,0.6723121404647827,34
34,74,0.0,-17.587814741342466,-0.4199681104988322,-0.9431230485374837,0.04934710088408452,,8.844504564069211,8.60685573797673,0.10816198401153088,8.498693753965199,0.0,14.777200513320997,2.6979280116053417,31.474780656190582,0.0,1201.3450673174564,161.60566373246994,203.18155078896643,134.63930751777656,4.768662935494659,1.8190479278564453,2.022169589996338,nan,0.3606221675872803,68
35,116,0.0,-17.47205964736269,-0.8275777235102125,-1.452583499605443,0.0664197882112345,1.3784388303756714,14.069958883337677,13.305411335080862,0.1690135793760419,13.13639775570482,0.5113309873268008,26.693176973818833,6.023016975531179,35.27237362360442,0.0,1884.8680805883214,220.69063075266058,274.4298711170749,210.64875037298202,39.80581324317804,2.1144168376922607,2.4046285152435303,nan,0.4690394401550293,46
36,89,0.0,-17.498209001442735,-0.5784545493488401,-1.0638066394928778,0.05558064939411647,,9.591592154465616,9.354365183971822,0.13150150328874588,9.222863680683076,0.0,10.65775070396788,2.6284118752095718,35.67107515789067,0.0,1441.2172064503845,182.52263310848258,229.22483180646714,155.0871955402227,67.04368901336132,1.8831794261932373,2.5092647075653076,nan,0.6260852813720703,88
37,73,0.0,-17.707485033786714,-0.5294796938910457,-0.9260637755419273,0.051634448541968046,,8.040499966591597,7.801928702741861,0.10998194105923176,7.69194676168263,0.0,13.794699740440015,2.302564825518758,31.79955701343995,0.0,1184.7888002150457,167.8359336412851,211.94668797595418,117.74699910707567,88.4941545357173,1.604076623916626,2.476595163345337,nan,1.06766676902771,41
38,103,0.0,-17.51033920220994,-0.7020984063394546,-1.2947867312927333,0.06300491052931212,,8.667100879363716,8.448504564352334,0.15032229106873274,8.2981822732836,0.0,23.380315723318727,5.493966954430862,32.78516419551156,0.0,1671.0690521418408,208.0643944136982,259.62997314204426,192.52980564790735,25.092909024730133,1.7544299364089966,1.8646178245544434,nan,0.2882646322250366,45
39,720,73.01385558881604,-4.591554487542766,-2.4818067770372547,-1.6641274035223574,0.44252617964586405,,40.322771253064275,40.054770266637206,1.0419783722609282,39.01279189437628,0.0,42.25927137536962,23.73916133662151,38.434008979304124,27.54167844367965,11582.399999999954,1231.0274140951738,1825.9237830933464,1331.6461044500484,28.802140283598565,1.4154677391052246,0.4902762770652771,0.6536294939684031,0.49243950843811035,30
40,720,56.69788863963651,-6.6398321102225015,-3.3780618338725534,-2.8506496197608104,0.40796368076053485,1.2589960098266602,38.64860347099602,37.82119163591415,1.0444632871076465,36.7767283488065,0.5929326573386788,42.2636514609106,19.159379977131287,38.296933688042145,9.87522634753065,11603.804756261468,1177.0953534072562,1682.5829719938783,1282.8915286665897,67.74041732475305,1.7725290060043335,1.1422256231307983,0.3555955252288797,0.9262748956680298,106
41,720,66.29648691782369,-4.865757183612294,-2.6455313846490025,-1.7918435621301991,0.4252802308804397,,35.67992471624166,35.46853141114116,1.0445414744317532,34.423989936709404,0.0,42.263802479735645,23.730037844929672,39.870715883052,24.065583184285426,11582.405536174278,1186.3869345503233,1756.8685417831164,1346.7572394698884,97.01448630008579,1.7116841077804565,0.7673048973083496,0.5517251729915778,0.16727185249328613,30
42,61,0.0,-17.668893818068042,-0.3612881953143418,-0.7735425499935572,0.03383802252245634,,7.0093407249078155,6.776487099938095,0.09018157422542572,6.686305525712669,0.0,5.727517708150826,0.5882842046859436,30.223208192515077,0.0,989.2296874371035,112.99262959289787,140.2998575786046,108.47197807981011,39.5115864629869,2.0887441635131836,2.8776745796203613,nan,0.7889304161071777,60
43,720,59.09876823689676,-4.785983092293903,-2.6949385945526796,-1.6391663031203003,0.4486584839485466,1.2600131034851074,40.74588691070676,39.98755902424455,1.0408957581967115,38.946663266047835,0.5179351456463337,42.146099335311796,22.31498632545486,32.859168740030555,30.190856750451633,11582.399999999921,1241.9771746847853,1850.854264528363,1313.4048191177194,57.281373653686046,1.8402252197265625,1.0123541355133057,0.4498748714770192,0.1424936056137085,16
44,720,47.54876696489656,-6.196779678847942,-3.2997674763890714,-2.4690456973451766,0.42476520791025923,,38.19341133534908,37.96424331422895,1.0406804457306862,36.923562868498266,0.0,42.25950941623857,19.46767095765,38.995693472130135,17.54960880780298,11584.112841554157,1224.1156853842424,1754.2975892215445,1370.8865207265274,135.78466126792227,1.7129203081130981,1.0313900709152222,0.39787620823331205,0.6295684576034546,98
45,96,0.0,-17.44342008428066,-0.48997509148972157,-1.2684390446885607,0.05959176903789956,,10.353307709097862,10.113908060826361,0.13994229026138783,9.973965770564973,0.0,23.019574845928986,6.197362532334858,30.50538492262296,0.0,1561.292914483167,195.62656575989976,244.88363722920027,162.4725837991965,49.51373177237257,1.552720069885254,2.2738146781921387,nan,0.7210946083068848,95
46,720,74.80149328014251,-5.549152474081025,-2.6876103588553764,-2.4514854520376095,0.40697758666802786,1.2251490354537964,35.34805312380195,34.60848513338715,1.0397995058447123,33.568685627542436,0.5153903709724545,42.234134566798126,22.24771789456464,31.87102182463828,20.712246142551443,11583.615743642502,1160.679776550396,1682.0645189181369,1356.0850246533557,135.56891080672617,1.2648029327392578,0.3982904851436615,0.685096804542459,0.2980395555496216,32
47,81,0.0,-17.688616832302802,-0.6309129234343409,-1.0022262651437288,0.05510120802086314,,8.13693105429411,7.909769184887409,0.11963074095547199,7.790138443931937,0.0,15.865470444785927,2.974566599079057,32.98451700818326,0.0,1313.0487939744949,179.93870093447515,226.6905485758097,156.5754201088793,77.28541043019173,1.9060437679290771,2.109339475631714,nan,0.20329570770263672,80
48,720,61.614403470585685,-6.161353088717733,-3.1587198094164544,-2.555694546834496,0.4437471678898092,,42.53567984420806,42.268725977279246,1.0446465220302343,41.22407945524901,0.0,42.26267113120728,20.933195821372276,33.8386535963814,18.864340094572814,11585.639759599915,1263.711639164955,1831.8912422437697,1320.424459911931,16.72876210224508,1.6753400564193726,0.8403818607330322,0.4983813241300147,0.4671415090560913,71
49,720,39.03552950958823,-5.045369857280326,-2.6683852324115365,-1.9666226641518603,0.4070842925833319,1.2591170072555542,39.97350514680147,39.227587818168104,1.0412066634744406,38.18638115469366,0.5182105842977762,42.26232464081666,22.182604107026034,35.25737481587067,26.56640995110513,11582.399999999896,1143.4946677794474,1681.1528117427997,1365.6041243028474,66.80540113681069,0.9943782091140747,1.7920489311218262,-0.8021804125398357,0.7976707220077515,719
50,720,61.33705261025507,-5.690615653552388,-2.841650796200097,-2.439274649967839,0.40667761073728953,,39.43666290305555,39.20564202684909,1.0409142654389143,38.16472776141018,0.0,42.263848848347166,20.97136606885267,38.11730867709011,12.110136037488262,11592.211234663717,1160.464416932756,1678.914246754608,1311.215252535896,38.44926712387502,1.6216856241226196,0.9599382877349854,0.40806141865237255,0.28428733348846436,23
51,720,57.07074295003507,-6.6667641248739375,-3.0428479015310823,-3.1868477100860995,0.4340230922856869,1.096879005432129,37.93304942268878,37.15550934989005,1.0405251998454332,36.11498415004462,0.5087174139916897,42.14578362127937,19.51888746287788,33.08725376061296,9.690477815552706,11613.515951570875,1256.8887200204063,1791.7897837224793,1289.7016347928136,154.24250462625508,2.2135732173919678,1.2784348726272583,0.42245647779678575,0.29971933364868164,23
52,69,0.0,-17.701977839754427,-0.4841925125882341,-0.874289377750937,0.04321770805064999,,9.827572408132255,9.537455608136952,0.10284252464771271,9.43461308348924,0.0,11.090477127349903,2.1344288800719053,30.678212340265524,0.0,1118.902700695975,141.51286188014933,177.81176314297468,117.95758316394641,19.401050975385644,2.075747489929199,2.0290350914001465,nan,0.7667112350463867,58
53,720,17.672314582310985,-9.58411642359101,-4.066140760382109,-5.080990942678948,0.4341154943024844,,38.311405579559505,38.087386418133974,1.0415937462821603,37.045792671851814,0.0,36.94282916755244,14.255416140032091,33.895803536913974,16.27030151143333,11588.6865796727,1356.840766373971,1792.4966399788573,1295.155569291444,94.03701933915947,2.1288113594055176,1.6026369333267212,0.24716817850207895,0.021499156951904297,11
54,720,54.63922765011668,-5.997978950011219,-2.9979507256837437,-2.5637236814999467,0.43309044603208124,1.011240005493164,40.226457396522164,39.47909435629845,1.041484703309834,38.43760965298861,0.5184241579845548,42.2637585071724,21.245384333674753,37.12603049398619,21.90208888330062,11582.688203951966,1233.2027967315403,1787.7817899101096,1331.3217289708632,115.05907963983724,1.17987060546875,0.8582663536071777,0.27257586583725624,0.7368731498718262,51
55,720,50.69072090770928,-6.405920076661987,-3.1576448955224907,-2.8056181333247965,0.4393064185790534,,37.65606508497149,37.454687075689435,1.043357209302485,36.41132986638695,0.0,42.25592356521039,20.267131492481674,37.17063783072727,20.481398034079778,11584.290202752025,1263.5297918374504,1811.2396461114572,1281.0377883724207,86.93909069524665,1.1536602973937988,1.270493984222412,-0.10127217439357916,0.31148970127105713,100
56,720,35.05852447074511,-6.6642728497190875,-3.505345144469673,-2.7012188400124097,0.4542764585413596,1.1691653728485107,42.463896971195936,41.701254930347204,1.0403754524886608,40.66087947785854,0.508011732250452,42.23758253739491,17.237191981873565,38.97813300816688,15.906713960072832,11588.189619929562,1309.61972840178,1873.7475309343267,1325.6692706344306,111.49582461434363,1.8388370275497437,1.8349096775054932,0.002135779291699169,0.06719708442687988,8
57,105,0.0,-17.572373721623684,-0.6760838850488833,-1.4296644549610371,0.06618860653819729,,11.54970204923302,11.290849977172911,0.15475605707615614,11.136093920096755,0.0,26.531642385591343,6.5127163255912315,31.41168916586963,0.0,1712.2251913824298,220.69842090036298,273.2625117747734,192.0555522287983,80.50827370628798,1.9745656251907349,1.3379054069519043,nan,0.47340548038482666,31
58,720,69.98041291016396,-6.200402285755611,-2.7804891841920285,-2.965433518277973,0.4510887896005879,,38.743643863126636,38.48937115166336,1.0415906999260187,37.447780451737344,0.0,42.2396413114006,22.11425712354645,38.07174317336578,21.991652489666137,11583.054818092944,1299.9736165760428,1861.9593663524377,1327.0044201761268,108.1252726777553,1.86974036693573,0.32568737864494324,0.8258114418427496,0.3441969156265259,41
59,720,54.11809290620215,-6.645525641207346,-3.345752036205717,-2.8522144755508694,0.4442352976230856,1.2408729791641235,36.07182173803449,35.24879471026361,1.0420155916363,34.20677911862731,0.5891736075282097,42.16463993836294,18.857848467699817,32.475316635304296,14.95074296076814,11593.658447410891,1284.4043453550123,1832.6747728187422,1320.1984636638895,128.1434040605868,1.4024109840393066,1.2561143636703491,0.10431793677740986,0.4959144592285156,93
60,111,0.0,-17.423763498344858,-0.8569878940459591,-1.2432827442408403,0.0729361349662968,,10.504701545462012,10.26289963722229,0.16276025865226984,10.10013937857002,0.0,17.42419228389819,4.136185527597749,39.067690610985935,0.0,1796.6868409670687,235.28267017606208,300.150515329493,205.24833554414175,22.652852191075347,1.8352519273757935,1.6604498624801636,nan,0.4557534456253052,48
61,720,74.18907923208175,-6.4939046369405675,-2.776070276857414,-3.263886186570043,0.45056825996543864,,36.67617731168866,36.437999500893056,1.0383990788832307,35.399600422009826,0.0,42.254869764057304,22.485924261415487,35.194671980171535,11.826123978014087,11604.451051227605,1287.6372341219674,1857.5773648156542,1312.7686205320808,26.398865192581304,1.3585054874420166,0.573391854763031,0.5779245206858215,0.9217240810394287,53
62,720,48.74852709575085,-7.125712213160238,-3.360003737135773,-3.3058126248179103,0.4565188655078376,1.0808478593826294,37.285376442596316,36.48449306562543,1.0412691356614232,35.443223929964006,0.584838186390698,42.26361030303522,19.61860796534902,33.29194962074836,11.685007781345275,11596.383032134814,1321.5198639508153,1881.9800259683443,1329.335506430758,61.96173339572564,1.7727985382080078,0.8136690855026245,0.5410256337840266,0.8684113025665283,180
63,69,0.0,-17.820785795925495,-0.5904933215408299,-0.888473332337615,0.04145083035875539,,10.391082370653749,10.122040568850935,0.10237853601574898,10.019662032835186,0.0,21.34922227725417,2.789350267581064,30.312529548134968,0.0,1120.046722292729,138.186750794562,171.75646217050337,149.8529649803298,14.609970975411406,2.202803611755371,3.0526537895202637,nan,0.8876221179962158,64
64,720,42.79658087676703,-6.0861859908873015,-3.1225145740578117,-2.5247468727999967,0.43562062911320365,,37.418432833626866,37.187773077748716,1.0396850425750017,36.148088035173714,0.0,42.218670392675826,20.481662283790435,34.07851416791039,14.845590916120171,11589.309275734042,1234.8656631211431,1793.2203475136066,1299.1920779977988,229.51422279439677,2.1410162448883057,1.3140486478805542,0.3862500338248921,0.3177945613861084,74
65,120,0.0,-17.313346562983327,-0.8804642294637772,-1.3281797807428375,0.07911215862640637,,10.96667087264359,10.743176965042949,0.1747923381626606,10.568384626880288,0.0,16.72650363871192,4.9272033551422565,38.85030127361225,0.0,1939.1148595627067,254.5802232727705,324.7586515574747,215.47211055610623,64.72121147395771,1.6307255029678345,2.6961002349853516,nan,1.065374732017517,119
66,720,75.17380975629409,-4.886621172178652,-2.498842819724109,-1.9497561164062813,0.4348354416961882,0.8198244571685791,40.28259109146893,39.47425163164735,1.045381298288703,38.428870333358645,0.5903889210894704,42.157756725640155,23.248941607333418,30.293922270496427,25.092340870118928,11582.399999999967,1217.1001828457324,1794.905459983341,1303.6822331977314,70.68681017777588,1.6508686542510986,0.3970527648925781,0.7594885796213161,0.46379590034484863,134
67,720,68.6373082825448,-5.316796403501962,-3.100866273241665,-1.7576162874105996,0.45482082039211663,,38.76698313653469,38.52040442824364,1.0436268644407392,37.4767775638029,0.0,42.246236077080276,20.807593528606326,39.72159046985647,25.248526731605665,11582.399999999889,1265.846129390227,1877.8356632786024,1365.9940435506956,174.90883460534607,1.6821142435073853,0.6528050303459167,0.6119139750075777,0.5149379968643188,32
68,100,0.0,-17.55258753996084,-0.7903070593380435,-1.1774531522466747,0.059390882555671994,,13.122174559161067,12.853458639234304,0.14659318048506975,12.706865458749235,0.0,23.605676220936637,2.6881463503294087,38.78963772549375,0.0,1620.5514531189933,196.16541148963472,245.90678634743992,204.03957967411225,45.38813402551312,1.764885425567627,2.0012831687927246,nan,0.7112712860107422,66
69,69,0.0,-17.706793957103407,-0.5082584925325001,-0.8587869435457228,0.039426164022947685,,11.01652405783534,10.727052932605147,0.1022076802328229,10.624845252372324,0.0,11.33870518500415,1.5098854656530893,31.7336348818169,0.0,1118.6855575786458,129.22922577884145,162.36172688778788,123.637751006819,37.546378667341834,1.9355522394180298,2.569121837615967,nan,0.633569598197937,68
70,720,32.79772107068985,-7.193909967441373,-3.826068376133311,-2.928489777500736,0.436094450792123,1.0265345573425293,40.642318959347904,39.77745755948126,1.0420943340286613,38.7353632254526,0.5902741430327296,41.90230358655403,16.699957218552935,32.13384787373841,13.083024402622396,11593.117330548632,1277.3269894851883,1800.7713993883547,1328.3645180802152,77.0985086507714,1.584471344947815,1.8253837823867798,-0.15204594151047868,0.7446779012680054,87
71,97,0.0,-17.5907829787459,-0.704917697826337,-1.2212159627227273,0.06416512419813933,,9.807271084748209,9.56749805342406,0.1446707397699356,9.422827313654125,0.0,22.848625355618868,5.279508915246428,31.32939541142541,0.0,1572.2349618319026,210.71777337368317,264.6614237102153,181.83516864875546,37.14192668381342,2.0502490997314453,2.58783221244812,nan,0.541240930557251,95
72,720,56.555243949423506,-6.527192423805998,-3.184459039882136,-2.905503558130983,0.4341042178365972,,40.38640063907951,40.15411667153239,1.0416721645742655,39.11244450695813,0.0,42.26364744951779,20.52091035099239,35.32355988011371,14.121260873651414,11595.02281791985,1244.3854937549754,1790.8519722484505,1337.1333260210663,143.66691077295638,1.873317837715149,0.9648556709289551,0.4849482284833354,0.6682916879653931,47
73,720,57.58054751907995,-6.5196159254438975,-3.1701479074330443,-2.9081601071440986,0.4383025563219771,0.9811885952949524,44.398590550757945,43.63997390959412,1.0381897427141666,42.60178416687995,0.5175375323742628,42.194500144055056,20.355920994048656,33.7093284667713,13.337809254069196,11595.09947772832,1262.942090093585,1807.9136301333142,1283.8698030923574,155.14110795298808,2.07879900932312,0.9404253959655762,0.5476111967785722,0.2381296157836914,22
74,139,0.0,-17.252397734535126,-0.759725586264499,-1.8494346048008974,0.09257568390532468,,12.717516083270311,12.488552067428827,0.20206845086067915,12.286483616568148,0.0,28.549799343785836,8.160000032926227,33.53377186928716,0.0,2263.2684493890324,305.50996865992755,381.30734282300665,256.0361744070057,45.52456790890252,1.8293266296386719,1.4438884258270264,nan,0.2525761127471924,65
75,720,54.42660620715699,-5.184090253769853,-2.8629472736383508,-1.8543336769117091,0.46327193173895564,,39.33186352532357,39.07493326999247,1.0377015601843596,38.03723170980811,0.0,42.25794750530348,20.796960909843378,34.00480524749727,21.853682798886048,11582.71207015098,1288.9007589295159,1908.4748520640185,1338.0565738315604,126.61608582929094,2.080106258392334,1.0641496181488037,0.4884157413327239,0.07416725158691406,10
76,88,0.0,-17.548263414672405,-0.5905546395415062,-1.0789261558455174,0.053421071641374315,,10.801822549663484,10.557782311923802,0.1289634332060814,10.42881887871772,0.0,14.609562596118518,2.707502434992946,35.76689896726883,0.0,1428.0987932027506,176.10826816447096,220.63516585307312,152.264057759904,34.28910524670923,1.5265991687774658,2.264472723007202,nan,1.049316644668579,73
77,90,0.0,-17.432217307005708,-0.5981214074374619,-1.0070082355429575,0.05168692485892546,,10.161999136209488,9.92523174546659,0.1310096327215433,9.794222112745047,0.0,12.470846320319824,2.5422223576025913,36.16202359154448,0.0,1455.1502481608024,168.02000214565786,212.68131561338055,166.4411681161953,29.50398216231884,1.4518263339996338,2.517908811569214,nan,1.0784788131713867,77
78,125,0.0,-17.37912235015684,-0.8336691959682921,-1.5686083804684694,0.07630618780827073,,10.858197404071689,10.633455669507384,0.18115107994526625,10.452304589562118,0.0,24.68770391062418,7.1773649989908685,32.619043589219146,0.0,2026.7428588518417,251.35098441188765,315.2542035108613,226.53683105614382,38.24152019174216,1.7489806413650513,2.576353073120117,nan,0.8273724317550659,124
79,101,0.0,-17.613734218431887,-0.8060443082648884,-1.2386389716779114,0.06850122308634773,,9.184939589351416,8.9681904502213,0.14637552108615637,8.821814929135144,0.0,20.690497784721412,4.760946080905789,35.20516594297999,0.0,1638.0968686561612,223.25880637697867,281.56359308553834,176.8713476437671,61.51896272005963,1.341581106185913,2.9704504013061523,nan,1.6288692951202393,100
80,720,67.13055599492078,-7.029236097810633,-3.251993276709774,-3.3151195577095947,0.4587632710203469,0.7251632809638977,40.49424336757511,39.56970230303705,1.0368902869522572,38.53281201608479,0.6753850840032101,42.205819981632004,19.289613512372448,36.58656072505835,16.85514550523398,11592.267878231836,1330.8535805096692,1889.7665544617826,1302.71072717115,227.68177755754604,1.9014854431152344,0.5833518505096436,0.6932125604107024,0.2100050449371338,22
81,720,45.69402277065349,-4.517560527602761,-2.5844662149250213,-1.4987203090770085,0.43114342756694585,,39.53800577297807,39.299914018251,1.041892882436514,38.25802113581449,0.0,42.26094908832808,22.920193385089544,30.32918498963629,28.758654855318845,11582.399999999909,1190.337322852454,1779.201177813283,1333.3801173531651,133.54857895898016,1.90505850315094,1.2392419576644897,0.3494992643980219,0.030042409896850586,4
82,720,75.65253027705205,-3.7652952759505323,-1.9606875062852827,-1.40057513423092,0.40113855787751573,0.8159264922142029,42.212941374629736,41.45596302393824,1.0397614976391196,40.41620152629912,0.5085354531183839,42.2134676592484,26.664312965623665,39.824731106162695,26.512503428459755,11582.399999999949,1095.5915559224936,1657.0087120610663,1352.6791282414104,111.89768023435406,1.4353785514831543,0.31898099184036255,0.7777722179903243,0.3067348003387451,33
83,720,58.695128568625954,-5.541858806143299,-3.0345058787610406,-2.0731250553506677,0.43084797553898085,,38.53615861199796,38.30375215318054,1.044664834626019,37.25908731855452,0.0,42.20025497417006,20.695164848375452,30.668550415427582,19.910618685824126,11584.073701951587,1212.0078988960922,1777.8395141937378,1337.3805502118998,152.07965589176263,1.927095890045166,0.9394037127494812,0.5125288172725727,0.10313200950622559,25
84,720,61.48867726739699,-4.261939804487091,-2.4997000885059757,-1.3789687546337137,0.380227653873042,0.6873936057090759,36.50384185183793,35.76367324125022,1.042459299787879,34.72121394146234,0.5076342644169927,42.263257615418674,22.718989159194276,37.36591935909445,29.70944673418986,11582.399999999912,1050.0251423987888,1570.809094627904,1322.3599008031597,55.960274115946646,1.0663182735443115,1.0769410133361816,-0.009962072352527107,0.10151040554046631,67
85,720,66.62241022080035,-5.884109575171638,-2.715803247562791,-2.72427151819316,0.4407318342776612,,37.659964721649885,37.439536861144006,1.0434055235236883,36.39613133762032,0.0,42.263225291539996,22.920126495182185,34.587834413749775,11.930209599887672,11593.874392140262,1253.2683041472667,1820.2958819345283,1374.394029722078,80.1569964711419,2.2781388759613037,0.37457582354545593,0.8355781434143708,0.9414646625518799,69
86,720,73.18003542132752,-5.208374592041523,-2.698621288383404,-2.0593372796172855,0.4471816817904509,0.7298203110694885,37.98834624886513,37.249167119152844,1.0398048190400004,36.20936230011284,0.5077464524656534,42.20575529652761,21.76143497541182,34.488612037782296,22.766353565689393,11582.517839063874,1252.6280710322103,1844.9908170849455,1321.9024364334,149.39181520208487,0.9034613370895386,0.3796677589416504,0.5797631361130144,0.2202761173248291,55
87,197,0.0,-16.848031540143296,-1.2207829117917044,-2.394166645858692,0.1320903012557401,,15.705352700315416,15.456953923217952,0.287428455427289,15.169525467790663,0.0,29.95489416349252,8.753560770510127,39.50546463188207,0.0,3190.9787621402556,431.4705327219259,544.0180575148819,349.35871572991033,101.06551914024864,1.2672361135482788,1.859100580215454,nan,0.789706826210022,30
88,720,52.44282702887374,-8.16924052125179,-3.579687334310393,-4.142854969265614,0.44332466197511183,,41.11668348032981,40.88541186787188,1.04002926312387,39.84538260474801,0.0,42.09449708987243,17.26203392633054,37.77559958143411,11.32221575788029,11615.062804303572,1323.6680830517537,1830.3121460372834,1346.3926732919285,197.24110791210953,1.3685470819473267,1.0162250995635986,0.2574423540346187,0.40474700927734375,36
89,720,76.51026665307515,-5.984100636367931,-2.6504154917514247,-2.8749066913903216,0.45531312095193355,0.850760281085968,37.33669725805521,36.51363831013441,1.0413878094404936,35.47225050069392,0.5926420809701085,42.263700391319205,22.60017194779679,32.72985234591486,14.349943350795893,11594.64134238894,1295.6933964526575,1876.3324716388718,1308.960996842955,131.8308500521029,1.8143374919891357,0.37462109327316284,0.7935218254998139,0.008715629577636719,2
90,112,0.0,-17.530783265108234,-0.9251416123206236,-1.3070043772861801,0.07314863135869214,,9.9840550692752,9.764351188205183,0.16409086901694536,9.600260319188237,0.0,27.496646932773317,3.906405248891857,39.9022466606937,0.0,1814.2588207312917,237.96540219896437,301.104316273792,189.13018718586247,55.204832127363815,1.3057502508163452,1.9717509746551514,nan,1.0435692071914673,98
91,70,0.0,-17.72865308520933,-0.5588352084923927,-0.8520874486223422,0.042456896020574904,,7.987587971612811,7.744715564884245,0.1027952367439866,7.641920328140259,0.0,1.7587322799573275,0.28734548557150763,33.76665413971066,0.0,1134.4780067332747,139.74337225504243,175.20656504730385,125.81056226962617,30.57148324078693,1.8381510972976685,2.1553215980529785,nan,0.33750760555267334,66
92,123,0.0,-17.2807284526871,-0.8218269887150526,-1.4473915040367338,0.06097629909299749,,10.842621124349535,10.60697238985449,0.17926221154630184,10.427710178308189,0.0,14.143830941366287,6.04377700122793,34.4108542906126,0.0,1991.1901050060194,199.66095318295186,251.34592666940392,207.8283076397486,21.623739958513305,1.591222882270813,1.7970800399780273,nan,0.20585715770721436,122
93,720,66.86842726323563,-4.225161135644792,-2.260417942732361,-1.487529695761763,0.47372959455087527,,41.08078037947416,40.85405593179166,1.043229359202087,39.810826572589576,0.0,42.263397440607406,24.63303661945697,30.66817201782769,26.129605405488913,11582.399999999914,1288.9829512117096,1949.7130869389505,1269.9594672852227,210.3919955541611,1.5560071468353271,0.676940381526947,0.5649503391396775,0.003241419792175293,1
94,720,64.0583533351862,-6.337539447698024,-3.0188455586209093,-2.874807685406053,0.44080312259055854,0.5973038077354431,37.53764850087464,36.71824375446886,1.0427726972848177,35.67547105718404,0.5942488564178348,42.2593518560362,20.985162076015147,30.46230854193564,12.122519007929125,11601.643054123568,1263.7807383148677,1818.6366458294156,1318.702934188775,209.70349128255498,1.9306427240371704,0.6287537217140198,0.6743293236569261,0.1545952558517456,15
95,720,81.91220924916979,-4.065149382561014,-1.4554908197179683,-2.1298025708843515,0.47620806814629585,,40.41139969043434,40.13571809511632,1.0472812559455633,39.088436839170754,0.0,42.263567179574316,28.583730742108134,30.769383473455086,13.519515362914822,11591.180141006065,1309.06086840075,1960.0084493886097,1281.5650254640034,52.209026336131316,1.8068654537200928,0.2197331190109253,0.8783898831213335,0.18260550498962402,90
96,720,67.47011141109704,-5.066967769556853,-2.6043978489449815,-2.001693657017562,0.45734528169829025,0.5648477673530579,42.17331077903509,41.41019196715206,1.0420417049899697,40.36815026216209,0.5080873165279627,42.15004177870783,22.39267843500543,39.06392427350428,16.74082050472691,11586.037661610926,1280.3064561164695,1887.6989824829081,1358.4980951902105,73.64145826795779,1.588104009628296,0.6801320314407349,0.57173332016212,0.8674964904785156,63
97,720,68.28793548363001,-5.775437455721134,-3.1509576081716295,-2.176205575521827,0.44500312728111024,,38.84462251700461,38.598004397936165,1.0416220789775252,37.55638231895864,0.0,42.26326693943972,19.646923549848037,37.29338207538366,26.193880805802607,11582.39999999989,1264.9655907392942,1836.7020540640974,1331.783024515186,149.89145851525484,1.6907225847244263,0.5121647715568542,0.6970734429265739,0.10195183753967285,15
98,69,0.0,-17.665408628565743,-0.4627792732732444,-0.8599926122863325,0.04228794827500546,,8.094809853471816,7.871368448249996,0.10107426438480616,7.7702941838651896,0.0,6.7150572827214265,1.3065822423771558,32.22403050384899,0.0,1118.8634664557774,139.7987792748683,174.4103181489486,130.84045036990906,32.983742771353796,1.875121831893921,2.4130613803863525,nan,0.5379395484924316,68
99,720,80.39694279001141,-2.5157935531880877,-1.0861570425553537,-0.9940582159666735,0.43236503814367605,0.5841951370239258,38.650054801255465,37.90420603379607,1.0391104025766253,36.86509563121945,0.5170464739203453,42.260795885824955,30.12445130932711,35.268370912788406,35.020272325853945,11582.39999999993,1160.4502053228027,1783.6152887327253,1315.6996971221517,52.606575965259545,1.1005586385726929,0.14667539298534393,0.8667264170716371,0.00457608699798584,5
100,720,67.84576050971057,-7.142843735400444,-3.4445928297868407,-3.229439441901521,0.46524757745840445,,39.30652328487486,39.067991307005286,1.0454114424064755,38.02257986459881,0.0,40.87715088530238,18.77597572794514,35.32448193516687,14.589218046164683,11590.844301537853,1355.5247307820393,1919.051916398209,1353.7666167702314,36.21534508872016,1.5945959091186523,0.6527986526489258,0.5906181315806,0.23626923561096191,20
101,82,0.0,-17.69744640583323,-0.6364422041063724,-1.0383298851325269,0.04730038104535002,,7.301561547443271,7.084448592737317,0.12004400417208672,6.96440458856523,0.0,26.39145805230851,3.564540921823303,31.9151744217408,0.0,1331.257305322029,157.5538297875041,195.919921792476,164.00808798260118,37.361563920878,1.1225159168243408,2.0887811183929443,nan,1.1345009803771973,63
102,720,56.54147117961643,-7.15842619629378,-3.6010181373900396,-3.1407291706717495,0.41320987788253327,0.5483874678611755,40.57810217887163,39.82881113421172,1.0442397436127067,38.78457139059901,0.5153639446943998,40.22879312747036,17.579559807935315,36.52123948391684,10.221262816015702,11605.829699336527,1198.0946565884035,1703.311503572812,1310.1262474468062,36.27705791617965,1.815868616104126,1.025203824043274,0.4354196030752445,0.2860534191131592,41
103,720,78.68998944730141,-4.228353536397102,-1.8926481627290215,-1.8717397882301974,0.4602887331402342,,39.6370998704806,39.380202017724514,1.039233759045601,38.34096825867891,0.0,42.26358356112469,27.060667256863358,37.99061225069443,17.837746839536358,11584.62302561686,1261.5245559950285,1896.415498457761,1286.4533653064566,42.12775885726713,1.8312839269638062,0.3065924048423767,0.8325806280893349,0.5201908349990845,80
104,720,58.49716251033902,-6.783344583828716,-3.2199153878451976,-3.0895393454554823,0.4701192989915351,0.6392446160316467,37.63262254931033,36.89588679000735,1.0386727843433619,35.85721400566399,0.5086073791608214,42.253821475439025,19.462671864825207,32.75769810416283,18.9780241487672,11585.053472972168,1366.9031565780429,1938.454479217318,1366.2593401762088,72.90046450071772,1.3701183795928955,0.7565410733222961,0.44782795078839255,0.4666672945022583,43
105,110,0.0,-17.29369556192304,-0.6311247284105906,-1.3250914741283863,0.06194497028092617,,12.06691321451217,11.822610351257026,0.16287303436547518,11.659737316891551,0.0,17.21928036750177,3.6944063832837633,39.19183075929508,0.0,1786.2252930767625,203.27348948145112,256.04882190094764,197.91012451223577,50.62264713745708,1.5996992588043213,2.247483015060425,nan,0.8716907501220703,83
106,71,0.0,-17.678940815923166,-0.4561925766632029,-0.9227751474913214,0.04957066758513992,,8.530848725698888,8.284817591309547,0.10505793057382107,8.179759660735726,0.0,17.23583055097319,3.2257393117675055,30.122045247010178,0.0,1153.645587426358,161.74074007282306,203.3073554952428,132.53495165803528,83.67889776278331,1.9698131084442139,2.0754787921905518,nan,0.34809255599975586,44
107,720,62.146066024670176,-5.9795124830178725,-2.9971533903763414,-2.508129750713645,0.470486907742568,,39.74432271067053,39.51455008331686,1.0431504910811782,38.471399592235684,0.0,42.263681004946726,20.96350303798649,36.944305360110434,21.497025523163295,11583.187508901092,1335.2484171181845,1938.1123850511071,1295.711145493413,82.90385481930414,1.4534505605697632,0.8707284927368164,0.4009232124170192,0.4873321056365967,50
108,85,0.0,-17.65450751818253,-0.7048283752832373,-0.9884717189254303,0.06071560420781792,,9.221323193982244,8.9870151206851,0.12495536636561155,8.862059754319489,0.0,13.486330841871673,2.0233939161813166,36.559517838188206,0.0,1376.935338619463,194.44093301387795,249.15207356512838,152.53276471730487,53.81234245254692,1.4960311651229858,2.2596564292907715,nan,0.7925173044204712,79
109,112,0.0,-17.429348557133935,-0.813173949747087,-1.3136014654055614,0.07707614096246437,,10.394930199719965,10.148601663298905,0.16360437404364347,9.984997289255261,0.0,29.423657006025586,4.96674238006999,37.161107068781504,0.0,1814.0963076997004,248.4310503996362,316.078813555022,182.45421775467025,138.21964547210433,1.6202855110168457,2.371542453765869,nan,0.8104259967803955,82
110,91,0.0,-17.62516571404763,-0.5771901938862642,-1.2359562156230677,0.06161268335235023,,10.306844643317163,10.066009001806378,0.13407598435878754,9.93193301744759,0.0,24.287850236638878,5.658419117128681,30.26130873757885,0.0,1483.5216686051135,201.25446106488124,252.35646888858398,144.91793637873175,67.1085399521215,1.7932934761047363,2.149430274963379,nan,0.5887885093688965,58
111,83,0.0,-17.699204143893414,-0.7362280903753193,-0.9564879868267643,0.056080705344632366,,9.356086309999228,9.122611029073596,0.12236275058239698,9.000248278491199,0.0,17.22848955901869,1.777291227281999,35.80391152061526,0.0,1343.3428919353846,181.08801745341714,230.6674390503353,152.85999943212292,38.845832911389735,1.803843379020691,2.618861436843872,nan,0.8150180578231812,82
112,720,61.45049636332979,-5.558056669365703,-2.8802669949833266,-2.244716957059481,0.42986629078985433,0.5089753270149231,37.35066650155932,36.4501525927335,1.0447304751724005,35.4054221175611,0.6752030244097114,42.2626904526857,21.455152036631457,38.434835733951225,18.67148350475021,11584.24164549382,1220.4291281377486,1774.8630628408755,1318.5690159281426,261.33769527562777,1.4837990999221802,0.9069690704345703,0.3887521090408146,0.7760947942733765,126
113,123,0.0,-17.505972068323988,-0.8829395455334553,-1.5938498447219231,0.07863822513830512,,11.250744111835957,11.024865512736142,0.18169140722602606,10.843174105510116,0.0,30.71777172582358,6.988616524812801,34.39444673422243,0.0,2000.3633183201823,257.12482004343445,323.1670826529352,196.77825610056442,74.3981255422311,1.6163935661315918,1.7392754554748535,nan,0.7536711692810059,70
114,720,57.31823237624839,-8.375201172721802,-3.5430914614946785,-4.391969419391348,0.4365763297480937,,40.251491479575634,39.99770084116608,1.0490955989807844,38.948605242185295,0.0,40.667677870954684,17.4846825193447,32.08843241537157,9.835180652948775,11622.520252970955,1307.0684776396474,1799.7364858513283,1343.666331746095,94.63848759291669,1.93775475025177,1.1151401996612549,0.4245194344039842,0.4575551748275757,106
115,720,35.22027484960456,-7.150797070673077,-3.6214167319280812,-3.0779611869939285,0.44798013143969284,0.8249802589416504,40.367496077902615,39.54453355260193,1.0445924187079072,38.499941133894026,0.5859084771946073,42.07985008578665,16.644907365950758,38.793093079789884,16.21917891753496,11589.918410811955,1314.5100385590592,1848.3433322834396,1323.6157637287165,38.68439144480268,1.6938743591308594,1.826253890991211,-0.0781519190881883,0.5297925472259521,92
116,720,64.68057392234371,-6.851274852931123,-3.090179967173069,-3.294345554825679,0.4635050995772229,,40.90332981199026,40.67005358636379,1.0485267210751772,39.621526865288615,0.0,42.25687193482099,19.917080214740913,32.58239900377327,14.78022789929502,11594.468934255128,1341.2308168268837,1909.8296851591817,1260.4072360800376,144.3602336156614,1.6235015392303467,0.862880527973175,0.4685064922191322,0.48110198974609375,108
117,720,67.63430216305626,-7.798594076011293,-3.3827208322402336,-3.9432234968683018,0.4688731103820095,0.6639593243598938,37.69059310015291,36.943791528232396,1.0429010363295674,35.90089049190283,0.5080653680488467,42.24583450203667,18.89210653700674,36.94443672460275,10.346194931977019,11605.979859455443,1383.9431003423745,1932.7467479660697,1359.7269536953945,162.0039423060257,1.9294272661209106,0.7145000100135803,0.6296828480867933,0.6195117235183716,98
118,720,68.26419001335573,-8.895627759124801,-3.5263499025388825,-4.977185509256613,0.38873603924870376,,39.59720863495022,39.35728797223419,1.0468163080513477,38.31047166418284,0.0,42.263110925716454,17.917752822478576,37.86522660049423,8.60144247671737,11640.571873235522,1192.2501519673299,1602.7072993205857,1344.2359117428675,93.20640064993066,1.5243773460388184,0.7266419529914856,0.5233188456390367,0.9065399169921875,88
119,720,55.12836427499016,-5.599675174809474,-3.159600853515431,-1.9973132837081882,0.4394227629940182,0.5689869523048401,39.310456747189164,38.56795089319348,1.041861088015139,37.526089805178344,0.5076810121536255,41.50657214717927,19.52266041366364,38.27479802445841,23.8393778245571,11582.418932212198,1249.1675659460193,1812.1590973355665,1262.7654429230333,220.85657548690818,1.6373140811920166,0.845380425453186,0.48367852254851296,0.24962985515594482,64
120,720,67.80611738559975,-5.29658388551251,-2.3620973262966767,-2.4712483514472923,0.4596498957122477,,38.02023984398693,37.80075246747583,1.0433901362121105,36.75736233126372,0.0,42.263494769855065,24.395514606738363,30.942050199588845,17.222930362899966,11586.75300172424,1288.6637072331525,1894.4164792793144,1325.8021241704018,102.30281766608363,1.7569395303726196,0.7093579173088074,0.5962536529880664,0.20277583599090576,16
121,720,66.29768299546961,-6.8971609377191445,-2.911614287463145,-3.5272239102451217,0.45504566470035884,0.44816747307777405,39.091967763379216,38.35120890196413,1.044475176371634,37.306733725592494,0.5087326262146235,42.26345709753446,21.112815669430613,36.031972755135115,9.32594296756134,11620.936090697389,1311.7974221051036,1875.5647835899706,1293.2288952207455,179.04617051900948,1.8312487602233887,0.7844343781471252,0.5716396400173211,0.38042163848876953,54
122,720,71.66921935284513,-3.937362643925731,-2.072206225481184,-1.4054940508228502,0.4565487185612024,,36.40464910585433,36.1514943363145,1.0459331581369042,35.105561178177595,0.0,42.26357756934123,25.31635367648023,33.816204907003936,28.865674265858445,11582.399999999912,1250.1829450175796,1881.0974704586301,1273.7874061265743,88.43524374261341,1.8807134628295898,0.5446861386299133,0.7103832405121316,0.05617260932922363,8
123,720,63.03569268655893,-5.135419425708515,-2.648084923323766,-2.0824759521654252,0.4012227835571453,0.49445104598999023,39.50139474403113,38.77160513866693,1.044770318083465,37.72683482058346,0.508242379873991,42.13386562235305,22.79345488517409,39.023881968966194,18.230686977229308,11584.229669784816,1134.299935941445,1656.3085131118007,1327.537881155245,84.4551727950836,1.3705756664276123,0.9032213091850281,0.3409912846772899,0.30578362941741943,96
124,720,52.06226829007241,-6.513804769608816,-3.2603219727645762,-2.788256001569482,0.46181434941550964,,39.60013637971133,39.37055102549493,1.0449436847120523,38.32560734078288,0.0,42.22985967625923,19.46874556225022,31.90398060727444,16.261382945427908,11587.804564924769,1329.193377256072,1902.2590732929805,1302.252311803701,62.44760297511207,1.7058944702148438,1.3736919164657593,0.1947380447908048,0.3711085319519043,71
125,720,48.9780165906594,-5.76763691393837,-3.242837248886094,-2.0562675293059622,0.4651653181104877,0.5888232588768005,38.66364199202508,37.918429570272565,1.0438255183398724,36.87460405193269,0.506923240609467,42.004805600427915,19.079286668769342,34.54325085059023,27.242576895960408,11582.3999999999,1317.152859955924,1916.3061592584893,1279.5334747236313,187.55831628208196,1.775814414024353,1.237550139427185,0.30310840499224956,0.0,0
126,69,0.0,-17.709075291235752,-0.470052147281048,-0.8897238871138405,0.04897308691022295,,8.255298643372953,8.016914588399231,0.11424246802926064,7.902672120369971,0.0,14.228209917735159,2.8406711261307254,30.258301485155712,0.0,1120.3461834075188,159.3847494385676,201.09499157829055,116.03464051476705,51.327618104220115,2.2785282135009766,2.6213808059692383,nan,0.5194272994995117,56
127,720,69.16244175049843,-6.021589552699707,-2.774032289352752,-2.771398824808736,0.4726607543628962,,39.08017235156149,38.83068344555795,1.1176212141290307,37.71306223142892,0.0,42.26349047516839,22.386358759978833,30.596022699588303,18.719003044450776,11584.402001842263,1346.6407768000433,1947.5075235998809,1299.987983889354,253.89079513046357,2.0201756954193115,0.6942076086997986,0.656362755836587,0.11886215209960938,14
128,720,55.04671276188843,-7.799334393513169,-3.491735753895029,-3.8526428912480353,0.4513009077166242,0.45589250326156616,42.269394321367145,41.48878476861864,1.1211396884173155,40.36764508020133,0.5109763974323869,42.26365622501235,18.947089955636848,39.36473307743706,11.714350827879267,11616.469862820106,1323.1042662327432,1860.9564086008218,1360.0949631191586,166.19595516822653,1.030149221420288,1.3480744361877441,-0.3086205456032147,1.7365424633026123,92
129,720,63.925440982546114,-5.256482709670263,-2.5278241232748933,-2.25186469503015,0.4733801505218317,,41.13634407054633,40.858255439437926,1.1230103559792042,39.73524508345872,0.0,42.263665146967654,23.886680189730072,33.543163356329224,18.280723995952552,11586.881112817597,1312.4385577117548,1945.9993717965867,1235.598191843522,285.6718994624221,2.1480355262756348,0.8756207823753357,0.5923620574872296,0.31761789321899414,31
130,83,0.0,-17.62625919647883,-0.5389483755125605,-1.0800039245648057,0.05686567214480813,,10.173827103339136,9.915553786791861,0.1300644390285015,9.78548934776336,0.0,12.412766444480328,4.6689431015573035,30.197895526661377,0.0,1348.2654262928543,186.17096610066167,234.0118111741978,138.28511084511544,20.747792113804312,2.248439073562622,2.793370246887207,nan,0.544931173324585,82
131,74,0.0,-17.629840021875488,-0.48222119250688733,-0.9223805017914458,0.04989037430603039,,9.839860115200281,9.569607038982213,0.11579337995499372,9.453813659027219,0.0,16.174887675201767,2.442542716307738,31.56364435760558,0.0,1199.8600083637887,160.8704303015284,204.5837932422165,124.24752075586338,66.66557363457272,2.13905668258667,2.622720718383789,nan,0.6333563327789307,51
132,720,64.20356006744939,-5.039502220718791,-2.817063337035975,-1.824389496853664,0.39486734264729745,0.4793265759944916,43.566009782254696,42.688312873244286,1.1178150167688727,41.57049785647541,0.5849224319681525,42.26145670236759,21.262870548476617,34.15205854279419,23.391920291693847,11582.444445388466,1102.5189235488122,1628.8851808054674,1297.360874425245,87.04075683732529,1.842853307723999,0.8738504648208618,0.5258165904153794,0.40465450286865234,34
133,720,48.55308062958208,-6.058054628159363,-3.096880462800913,-2.5066273589868513,0.4514309015399446,,43.87812428176403,43.647088564932346,1.1198683632537723,42.527220201678574,0.0,42.26373076770432,19.61724741441662,37.279408858640714,23.416123222018122,11582.423832684835,1285.4863688718724,1859.5070655451095,1260.2731284268027,221.85088721990635,1.5582319498062134,1.5097935199737549,0.031085506774830574,0.1298314332962036,63
134,720,69.87520287349275,-5.98518339202331,-2.6761026158828822,-2.885063683088534,0.42068841784006833,0.6010616421699524,43.20431318040937,42.44123915396631,1.117516196332872,41.323722957633436,0.5044019808992743,42.22756784951293,21.82076174066202,39.39624582404204,11.409460893730339,11593.805033324848,1209.7935384689092,1733.5964177197106,1292.867982371629,154.04917263835515,1.8910771608352661,0.714763343334198,0.6220337497923694,0.5127021074295044,54
135,720,70.50006816754491,-6.743909377792621,-3.0326044514420967,-3.244558820792302,0.46297431548002493,,42.3712437460199,42.13686412759125,1.1237040990963578,41.013160028494895,0.0,41.615098517497756,20.67209351574583,30.680322093164925,11.410861222408833,11613.846400411066,1332.4369600052623,1908.4404304774357,1348.1478241336758,138.87762906469854,1.647637963294983,0.5679492354393005,0.6552948838933627,0.514565110206604,62
136,720,82.33976342805806,-6.766381950355082,-2.717557502643283,-3.5870152941734843,0.45819181296776446,0.45539912581443787,43.4191294554621,42.593291034922004,1.1184456897899508,41.47484534513205,0.5070957485586405,42.263885557594094,22.08662416562308,39.677139981375205,11.894024167017763,11608.570391595158,1323.446124516055,1884.8612122364357,1294.8399235316608,164.0301286770194,1.424765706062317,0.21397414803504944,0.849818010691443,0.5397708415985107,54
137,720,56.13248740174305,-6.203914241001221,-3.3856805507359624,-2.3839480717647867,0.43097547313883666,,40.3443051148206,40.10649715922773,1.122724941931665,38.983772217296064,0.0,40.949582530466266,19.337092071081013,31.950788132293205,13.572650138348752,11591.116713383082,1228.0688914719049,1779.501519751648,1368.175917282558,190.56831610509988,1.4313983917236328,0.9371423721313477,0.3452959165317503,0.49537384510040283,82
138,77,0.0,-17.575378975592667,-0.49708853717999485,-0.9280349707443609,0.04988259926122042,,10.834008841775358,10.558283927850425,0.12176159303635359,10.436522334814072,0.0,14.81431205682074,1.6154265589416152,34.262618818486594,0.0,1247.367173369581,162.82489213437813,205.54395138810642,126.29978592041013,36.730417542331736,2.06115984916687,2.2073419094085693,nan,0.5815093517303467,41
139,720,43.01656423038393,-5.17514835545936,-3.1731974355579857,-1.558821427821506,0.4395472882879248,0.3539568781852722,37.179406413808465,36.4390369867906,1.118037074804306,35.32099991198629,0.5125092966482043,42.2471635568354,19.826141634273576,33.97240730927042,26.92856212448394,11582.399999999896,1226.4439506174353,1811.9971445409992,1313.4983448938017,136.66032714098492,1.3085170984268188,1.3956263065338135,-0.06657093607085662,0.13312923908233643,45
140,720,62.00448075112557,-7.787629293113754,-3.329965785119238,-3.9756523682788574,0.4779481628508107,,39.42892656009644,39.18608898948878,1.1251406837254763,38.060948305763304,0.0,42.168072694468734,19.326928416126655,35.916983802582145,9.194057695869521,11621.035466563811,1407.305268730703,1968.588551075342,1305.427358162615,103.78211262482083,1.7598549127578735,0.7413902282714844,0.5787208235765018,0.7061904668807983,65
141,720,68.13876014662345,-6.621339538181555,-2.94280344530077,-3.2182965269790316,0.4567601568872868,0.43537044525146484,44.212459231726825,43.42601026315242,1.1182968998327851,42.307713363319635,0.5071922950446606,42.25580873260144,20.549513623597992,33.90842490884143,13.491022505833032,11604.409522359878,1312.9893697382029,1882.8277693575392,1313.1481611522609,86.90088530538608,2.0722453594207764,0.543615460395813,0.737668390509625,0.5656507015228271,36
142,84,0.0,-17.591624989030755,-0.5572553440855914,-1.0552002135314735,0.05374537650846573,,10.188556792214513,9.935204778797925,0.13347693998366594,9.801727838814259,0.0,16.473796907556224,4.379504558002443,30.99721021313608,0.0,1362.6724728583886,176.30284764742999,221.35377384506478,150.37718342519605,33.082360650518424,1.5910322666168213,2.2215609550476074,nan,0.7300398349761963,70
143,145,0.0,-17.439377353272665,-0.9756777626491973,-1.9716026980989363,0.09148961068743759,,12.858104107901454,12.604007505811751,0.22666220925748348,12.377345296554267,0.0,31.599616004379182,8.711156927811244,31.76627407280318,0.0,2363.0507118415035,301.51737157916017,376.0458476838949,241.0370487915468,9.959696337272407,2.0523762702941895,2.2643470764160156,nan,0.290844202041626,35
144,720,57.34125584736645,-6.065335190028561,-3.279430834384674,-2.3554055648923935,0.4273858958295888,,39.13613686803728,38.84861900098622,1.1198992161080241,37.728719784878194,0.0,42.25471036967138,18.121222561468734,39.203319431300976,25.889677911295816,11582.399999999909,1222.1971134755333,1762.4607577878096,1284.6325504730294,98.89913002790199,1.6580557823181152,1.0503513813018799,0.3665162580758341,0.08209574222564697,9
145,104,0.0,-17.427105557807984,-0.688605544513141,-1.2384582264605255,0.07439306752606761,,12.753352329134941,12.495296285487711,0.16346695087850094,12.33182933460921,0.0,24.265417127841513,3.8749818851007074,38.01996090907532,0.0,1686.8425888236804,242.3115249932826,306.9250282462284,210.48585696484886,58.69012303832189,1.7981750965118408,2.221529722213745,nan,0.767444372177124,70
146,720,65.58877462127103,-5.221046361986064,-2.613964404575129,-2.13883514912995,0.4645542056907866,0.3498702645301819,40.599205892533064,39.757769756019115,1.1181573318317533,38.63961242418736,0.5963020212948322,42.2626041818925,23.11659327872966,31.1885791073094,17.07578337319647,11587.63063322179,1292.4022387627483,1915.779792884544,1340.9502282277394,102.09513199456053,1.5577969551086426,0.7802852988243103,0.4991097547947818,0.6786746978759766,36
147,92,0.0,-17.58993936674166,-0.7375877037931994,-1.0730480919708496,0.05394524657926875,,9.287403395399451,9.049776845611632,0.14774388913065195,8.90203295648098,0.0,10.167668979198353,2.2694072618024963,37.54343267409103,0.0,1490.0731041597248,176.7690533777531,222.48572773248023,154.3080823376052,7.428535523374447,1.5969972610473633,2.0159366130828857,nan,0.8103995323181152,72
148,98,0.0,-17.481537801127732,-0.6484132105717617,-1.1929087286798974,0.06469067361832052,,12.012572237290442,11.74345359671861,0.15582004841417074,11.587633548304439,0.0,14.884765116086145,3.7855308738300706,36.056336203181914,0.0,1590.1639620873161,210.04059682790407,265.8443942716458,182.67480197551595,53.01675102766629,1.873674988746643,1.963392734527588,nan,0.40814125537872314,41
149,720,61.65862073612257,-6.331621458938522,-3.3617209047981875,-2.5042080329404084,0.46223554463797784,,42.80815208144486,42.55205938965082,1.119156438857317,41.432902950793505,0.0,42.032977092445385,18.59031327642201,39.287047004882105,25.812981968504182,11582.399999999909,1323.1882970184245,1904.4931492693904,1295.7863199547173,95.94681143225783,1.4070903062820435,0.8781310319900513,0.37592418335228384,0.3405236005783081,111
150,720,52.76423461522535,-6.679918031667406,-3.3181395651295613,-2.893733595523588,0.4646378731068359,0.5555622577667236,42.632582841441035,41.77506600134075,1.116780748590827,40.65828525274992,0.5931415436789393,42.23398394980409,19.4308002261587,32.15613820068934,12.083198026717696,11601.299627423112,1336.2179140130256,1916.1544566332805,1310.6147817762976,48.19375863186184,1.8511005640029907,1.303581953048706,0.2957800465309567,0.4899634122848511,59
151,720,63.77428433470309,-7.069853021136473,-3.3473922208201103,-3.2597193900190358,0.45922811305135225,,39.84480506274849,39.60675775445998,1.1243902398273349,38.48236751463264,0.0,42.26199865890977,19.736444212041913,39.21028177444249,11.593966687833415,11599.675623851635,1328.0862597879304,1894.6593836118136,1343.567212898019,49.272750541838,1.7087010145187378,0.8141646385192871,0.5235183735472881,0.5315870046615601,62
152,720,55.309603076053925,-7.86896188800754,-3.373677217913857,-4.011940237654203,0.4795221477035549,0.3473186492919922,46.00089377909899,45.20203599892557,1.1188162695616484,44.08321972936392,0.5111242234706879,42.26348006500084,19.333762901683183,34.48620495406454,10.664486973865685,11607.61278749852,1408.6865064375334,1974.6502398032076,1314.340237979811,130.20992292691693,2.1008808612823486,1.1786311864852905,0.4389823772463374,0.17569208145141602,70
153,720,77.89275519406776,-4.218673633641803,-2.0954875026714452,-1.6453387621133275,0.47421445422658587,,42.65752402506769,42.42921276949346,1.1268790755420923,41.30233369395137,0.0,42.263728772422,25.162977492823316,36.096147615834326,29.297559673179848,11582.399999999929,1303.5324169282542,1950.4638346798477,1283.6770466188082,144.64585378627845,1.615857720375061,0.4303918182849884,0.7336449782316917,0.11185216903686523,54
154,94,0.0,-17.287823332169715,-0.4612430148327639,-1.0911010449949106,0.06003229799153472,,13.365202626213431,13.071907633915544,0.14760258607566357,12.92430504783988,0.0,24.202879182198274,2.3532527584156586,38.9148121416081,0.0,1523.121898954114,195.82184240165824,247.56623297030023,178.32195931085633,54.054473564184136,1.7989146709442139,2.3124563694000244,nan,0.8439583778381348,65
155,70,0.0,-17.723088298767046,-0.5359915256698954,-0.8616842431543567,0.04997207302648309,,8.546878810971975,8.291039487347007,0.11032348871231079,8.180715998634696,0.0,10.143558891988294,1.8953671189655397,31.896880492747513,0.0,1134.0163379271294,162.80784932416535,205.38188255955615,128.2874323153506,50.61925341270604,1.7040133476257324,1.9377189874649048,nan,0.4141397476196289,44
156,720,70.21669889302959,-5.88290215297495,-2.822309985312502,-2.590101437540056,0.46673220443396796,0.3635084927082062,40.851920396089554,40.01489169988781,1.1139143630862236,38.90097733680159,0.5855977302417159,42.259917043946885,22.394964862795224,37.822133652382476,15.027068448827666,11589.827882307703,1319.588525445976,1923.5174468175408,1337.1102659550265,73.14953535960986,2.024752616882324,0.6927350163459778,0.6578668373756009,0.07234477996826172,4
157,86,0.0,-17.513564936603096,-0.5633692940999362,-1.0200527319076866,0.054702519114278134,,10.509345554746687,10.240097637288272,0.1378615079447627,10.10223612934351,0.0,5.012667059775656,1.7698527183579054,36.230152384058584,0.0,1393.587694031631,180.02558895254123,226.46915897395093,171.3596053571439,53.67468533387921,1.708627462387085,2.3583924770355225,nan,0.6497650146484375,85
158,720,66.9164601341497,-5.806776336496669,-2.3648712728616244,-2.9647600770324907,0.47355439283308165,,39.299791040830314,39.04288849979639,1.120854938402772,37.92203356139362,0.0,42.26369329889847,24.322603847656605,30.941641922937567,11.340592487613117,11611.338068698959,1331.3715996593157,1948.9311245508661,1312.3045458673007,57.24957041053112,1.9264142513275146,0.6965042948722839,0.6384452127094083,0.12696361541748047,22
159,720,66.21232647975957,-6.094965188128511,-2.6315603053765755,-3.012166567414874,0.44780056007610836,0.34317800402641296,43.11245029140264,42.3480217596516,1.1184380408376455,41.229583718813956,0.5161309912800789,42.25614431805718,23.75289274061034,36.35870534123426,12.599412363596619,11599.702790941647,1270.2156468837995,1843.5031401531446,1306.4529365302717,70.23745688289401,1.4451282024383545,0.708594560623169,0.5096666445042299,0.7242441177368164,76
160,720,62.98076374334276,-5.866030825574018,-2.8348561915701227,-2.5493672630072344,0.4783086731748985,,40.24031054601073,40.00372231565416,1.1227993313223124,38.880922984331846,0.0,42.263492127113,22.18211042745796,35.34767529596491,12.42304455273934,11595.798201648342,1343.2436387709336,1967.9872130396316,1273.0041886795902,159.14660056397727,1.7948473691940308,0.8723918795585632,0.5139464811705369,0.5231224298477173,113
161,720,69.00481337502605,-6.3874910045111974,-2.9894869351852638,-2.9291609744706593,0.4654561037251552,0.2448572963476181,37.60287625901401,36.82605615071952,1.1197329936549067,35.70632315706462,0.5098879672586918,42.26207717660929,20.408297351788875,38.744149432377505,12.395115929889544,11595.123647057137,1333.6359987852597,1915.087470247721,1274.079140047712,76.56060938654788,1.698495864868164,0.6271844506263733,0.6307412554842724,0.34105467796325684,34
162,720,63.289410394550906,-6.883568465944964,-3.253028382560192,-3.2083924716400305,0.41848203535792833,,40.80006684921682,40.54947919771075,1.1219217525795102,39.42755744513124,0.0,42.26393627486526,19.90611575208321,38.51957161965793,12.79344307295857,11601.508611970212,1217.9502497491987,1723.6027378604233,1310.7932989666547,127.9219267374815,1.46560800075531,0.5885536074638367,0.598423584505187,0.7285300493240356,40
163,720,54.38982840077474,-6.7955913964171595,-3.1453146986113256,-3.169710114089452,0.47693015421198354,0.3264625668525696,43.883779933676124,43.10918474197388,1.1186625752598047,41.99052216671407,0.5115502635017037,42.263664455149254,20.49806064872803,30.934618070144214,14.311633707916732,11595.13970619785,1369.8603464556124,1962.1673456745748,1304.6396099543292,194.88880807034906,2.079150915145874,1.1528810262680054,0.44550392284192664,0.28690600395202637,64
164,720,51.940254968729235,-5.096354105606875,-2.9122909146140468,-1.6988130198110503,0.48160504232266593,,41.774749955162406,41.53487827256322,1.12936310749501,40.40551516506821,0.0,42.26188547950682,21.480354979267005,39.938996744500095,31.595501356203936,11582.39999999991,1337.5205887433808,1982.0921971663686,1285.6523694181574,126.5007008526042,1.662901520729065,1.3366904258728027,0.19616982171815056,0.061824679374694824,7
165,78,0.0,-17.78083708558797,-0.726565798980028,-0.9347875884721556,0.04414064774635141,,8.475302290171385,8.230730415321887,0.12324138265103102,8.107489032670856,0.0,4.164543014204568,1.0436092743877712,35.24496662343065,0.0,1263.7173717484416,144.6558831116957,182.15824742831634,151.6037621570919,45.328983870290934,1.6825675964355469,2.4399850368499756,nan,0.7574174404144287,77
166,720,64.38972638378236,-5.72201260736387,-2.752463581054921,-2.5006214357523473,0.46564056697003364,0.3036077916622162,41.320035328157246,40.57580917049199,1.1180497528985143,39.45775941759348,0.5140561321750283,42.25698147870479,22.352562687641907,32.14121101728558,18.28218959868205,11584.604202101473,1311.13025340729,1915.7022709955445,1266.617099575633,80.55124235490997,1.6613777875900269,0.8731949329376221,0.47441518752681333,0.037041306495666504,11
167,77,0.0,-17.70572619135045,-0.5873803124148849,-0.9586590126338652,0.05933087534182997,,9.2889483589679,9.058547102846205,0.12348353210836649,8.935063570737839,0.0,20.579488731822373,3.1426922752311377,32.24655445590453,0.0,1249.073099924443,190.62201926578416,242.53210587173973,111.27807990940174,85.86351639022352,2.0035150051116943,2.9654626846313477,nan,1.005896806716919,68
168,720,45.065412999797935,-5.356480533848509,-2.9600809016261254,-1.9821330388848675,0.4108950257509918,,42.082116671837866,41.858906137757,1.128802633844316,40.73010350391269,0.0,42.263397349925924,19.159596362251758,36.337684671308864,26.74014182681286,11582.3999999999,1165.3539594656595,1692.7633309058856,1307.5361408438973,99.85520164188753,1.5694152116775513,1.6948094367980957,-0.07989869359460977,0.24431157112121582,14
169,720,70.61674319647518,-5.726305987151253,-2.84095902281616,-2.40509246178656,0.47666795113353916,0.22205255925655365,41.597138995304704,40.83677790872753,1.1203992441296577,39.71637866459787,0.5163688557222486,42.263738764622325,21.886084676183387,36.28394840399668,19.25499116250437,11583.635976678715,1339.5080625385017,1961.3832260446948,1276.5749341807755,128.95833458719753,1.8482626676559448,0.6136804819107056,0.6679690107634947,0.6302486658096313,37
170,104,0.0,-17.552342023518097,-0.6890345216037472,-1.3721866100123656,0.06564689787029092,,12.051791382022202,11.797430954873562,0.17038715910166502,11.627043795771897,0.0,26.70055154447326,6.0408079649581,31.887037539899048,0.0,1692.193252273362,216.2213790332184,270.7103237415519,188.89205624045653,31.905617459376657,2.3006961345672607,1.8459712266921997,nan,0.49529027938842773,50
171,96,0.0,-17.428600944764558,-0.4824576519871182,-1.2592223042809176,0.06145868450409235,,11.176719883456826,10.909244678914547,0.15439045801758766,10.75485422089696,0.0,18.45601274865597,4.89108839517263,33.60235353687819,0.0,1562.6152550734819,202.70861771396443,253.492686461089,173.23340023170488,22.823171346790744,2.194315195083618,2.84391450881958,nan,0.9238207340240479,77
172,90,0.0,-17.408690122657948,-0.5576098675853015,-1.023151352783807,0.052586848290201556,,9.64515227265656,9.401783629320562,0.14281325042247772,9.258970378898084,0.0,8.6892544206461,1.5235928500650653,38.68535754558493,0.0,1456.6108322694572,171.53723607480933,217.13717445870523,160.57689466101058,28.733687555182428,2.057081699371338,2.619913339614868,nan,0.8095822334289551,79
173,114,0.0,-17.338579453917703,-0.7390380061868511,-1.343337671043951,0.08056480114458267,,12.865452136844397,12.594809787347913,0.17868825420737267,12.41612153314054,0.0,29.176577289739456,6.646783892353727,33.021450267460835,0.0,1845.5559922444475,258.21452579132085,330.0472765130487,207.71726935054667,2.57261633786779,2.296091318130493,1.7389963865280151,nan,0.0874032974243164,48
174,720,66.56264835281134,-5.0854498750919825,-2.7633262760345096,-1.8454688546381086,0.47315152404845207,,43.20641054306179,42.953240333124995,1.1192088574171066,41.83403147570789,0.0,42.23754188119507,21.97761411769898,37.228126873447174,21.46582533917543,11582.972413878668,1304.9926746980989,1946.9579014250294,1274.7391553944465,191.0593539903115,2.090313673019409,0.7477671504020691,0.64227036350868,0.36661243438720703,38
175,720,69.66137282162775,-5.218010149847107,-2.5322259674437135,-2.2036908331021454,0.4784185189974834,0.4147747755050659,38.40024815686047,37.515124338679016,1.1168927624821663,36.39823157619685,0.6697699530050159,42.263684570918095,23.412620969666882,31.62857829291219,19.755657664707513,11584.489480066468,1328.1388301926115,1969.5296970031013,1324.5401391634034,268.87732047959776,1.6099666357040405,0.4941643476486206,0.6930592617948745,0.3857952356338501,92
176,133,0.0,-17.331674535735118,-0.8774318151638326,-1.6758369723654325,0.07772337235409657,,15.161255621351302,14.888814682140946,0.2105965092778206,14.678218172863126,0.0,18.627408572360846,6.6608909565037875,36.18447132268585,0.0,2159.819411121233,254.7872103657682,320.03022550009024,235.09532648034445,40.333946302517454,1.9765043258666992,1.9855663776397705,nan,0.3600285053253174,36
177,720,73.53750927573215,-6.582745385972631,-3.04359488670374,-3.0565526025106746,0.4786485214408603,,45.06469741743058,44.78997300658375,1.124077775515616,43.665895231068134,0.0,42.25148550551043,19.825613797005822,38.84992393417172,17.44338382673762,11589.725391726688,1376.7778998183264,1974.0607361865568,1369.8955817818937,11.105547407117868,1.8780438899993896,0.4635024964809418,0.7531993267308079,0.4715766906738281,48
178,720,74.71182667632742,-5.081999876806485,-2.4268697214864052,-2.177401313043092,0.4741753118871812,0.3006725013256073,40.873428479768336,40.049374538473785,1.1173555152490735,38.93201902322471,0.5898335911333561,42.26378359015271,23.75504379840576,31.01382550897509,17.69775278122888,11585.826405604452,1316.1375980572668,1951.468314287515,1293.7337957465363,79.35270035873964,1.1028242111206055,0.46902620792388916,0.5747044694935555,0.6156021356582642,33
179,720,71.97967390434181,-6.718124249279935,-2.879007098119631,-3.3732878537282986,0.4622726362978557,,39.44645487051457,39.184825158677995,1.1224852884188294,38.062339870259166,0.0,42.20257752429205,20.72569567049966,32.184979939244315,10.109762851601165,11610.017370941021,1326.312259074824,1902.215223228538,1306.2916574771198,51.643317048422134,1.772781491279602,0.29037269949913025,0.8362050253076944,0.07315170764923096,19
180,720,72.11659296169378,-6.092043888338735,-2.607156847127076,-3.0193492506650306,0.46206615347741026,0.21961303055286407,41.070405419915915,40.31404876336455,1.118773428723216,39.19527533464134,0.5084923934191465,42.23189483509914,22.261196649144534,34.17301752392831,14.776487543646763,11594.616055713679,1308.5261378289276,1902.7601049492787,1305.498013892115,97.86099576909399,1.8589752912521362,0.36563846468925476,0.8033118210823693,0.18711650371551514,56
181,97,0.0,-17.304822629263263,-0.5139135203902304,-1.1188611121764147,0.07139364612116876,,12.893361447378993,12.617807413451374,0.1547472383826971,12.463060175068676,0.0,19.963351286861325,2.365074253020122,39.90608611070476,0.0,1571.5309052901755,228.30083072275727,292.861854198842,178.8371718998252,63.94220524468033,1.4125710725784302,1.7612212896347046,nan,0.5576564073562622,37
182,61,0.0,-17.7531520389253,-0.43077352399008517,-0.779533391841774,0.04256915752169902,,8.586944201029837,8.32314060907811,0.09664890263229609,8.226491706445813,0.0,11.435657737570837,1.3180864192757518,30.061603829217777,0.0,989.7438617929662,139.1798318640539,175.13589997508694,100.88167293280885,20.168075094330252,2.009688377380371,2.005413055419922,nan,0.1199960708618164,53
183,71,0.0,-17.700570451932773,-0.5082133824619867,-0.9027707078571632,0.039286371640896746,,9.873835592530668,9.585213019512594,0.11188126169145107,9.473331757821143,0.0,7.684444628069696,2.2802994102051803,30.800069583518834,0.0,1151.97595593714,130.90838677177047,162.72825829384985,146.93470894567605,31.88797950402778,1.8145619630813599,1.937117576599121,nan,0.170190691947937,26
184,96,0.0,-17.500254881690683,-0.6736572948988133,-1.1306273122676833,0.0703909179930012,,10.193467859178782,9.945160577073693,0.15023478958755732,9.794925787486136,0.0,14.479562628537613,4.851670357281487,33.56380835897475,0.0,1554.1744421149685,227.9006337319694,289.4754513166953,174.7641749713015,26.713286266136958,1.358089566230774,1.7147821187973022,nan,0.7121282815933228,73
185,720,62.22200004499573,-4.782328352608509,-2.385310162728519,-1.951068031283616,0.44229637765424784,,40.01091915182769,39.77867219597101,1.1198526453226805,38.65881955064833,0.0,42.2637819942318,24.866501254910514,34.93486938582338,19.936494760248305,11583.73519646912,1227.11454176875,1822.3597984123157,1315.5697841175456,39.18873139855176,1.7345763444900513,0.7146367430686951,0.5880050218955388,0.05744373798370361,10
186,720,77.58461665972358,-4.848737887167565,-2.0463040515407003,-2.3146734826100577,0.48405456806840413,0.3603190779685974,41.458445741795,40.5888349218294,1.118543827906251,39.47029109392315,0.5938564203679562,42.26366279576185,25.5296905591802,39.036983720952136,21.151036252871073,11583.597619250391,1336.1061524136333,1992.1724804222006,1292.2202554150624,85.74793265038288,1.497406005859375,0.2760933041572571,0.8156189416384739,0.4830617904663086,30
187,76,0.0,-17.498582758845394,-0.32782784915064356,-0.9915412698338036,0.053838140679277585,,9.062119043432176,8.810357265174389,0.12037324160337448,8.689984023571014,0.0,21.083424187645864,3.3955181678014883,30.818736938642484,0.0,1235.3519965459855,176.31747587104311,221.57340227475078,131.6570639604084,54.0645570691868,1.9089164733886719,2.2679760456085205,nan,0.4060690402984619,68
188,71,0.0,-17.696019839426828,-0.5404408451518277,-0.8605838798764801,0.04463124275311459,,8.389818131923676,8.130353599786758,0.11367298569530249,8.016680614091456,0.0,5.96175540228651,1.2093528482343323,32.951481747977226,0.0,1150.024132585452,146.35347265469127,184.01356228532725,133.9039034930395,42.75517278765107,1.7332031726837158,2.4240269660949707,nan,0.6908237934112549,70
189,720,82.81515445131954,-3.7261704097596473,-1.7708007910757773,-1.481268561023702,0.47066895837879563,,39.271154255606234,39.02324085868895,1.1154214357957244,37.907819422893226,0.0,42.26363591028896,26.7855829130912,34.6781881639299,25.611557648224387,11582.399999999963,1274.509268373372,1940.2971362404717,1298.2649857750594,158.51042445086625,1.5358786582946777,0.10470782220363617,0.9318254592326352,0.14195382595062256,26
190,720,69.35501730496006,-5.444748831080967,-2.9922702754234574,-1.9747631609525425,0.47405206865514216,0.2995068430900574,47.08378005679697,46.10995244793594,1.1116072107106447,44.998345237225294,0.6844734214246273,42.263539006471966,21.075490166098774,39.38398021887012,26.144327792632932,11582.3999999999,1326.2716879409982,1954.1830484164095,1310.4201329831517,104.94472835949038,1.4705208539962769,0.5871573090553284,0.6007147348780033,0.25993096828460693,38
191,66,0.0,-17.722996602004056,-0.49110761399022057,-0.8087021707527133,0.04784635476939275,,11.721022351644933,11.424158558249474,0.10846414603292942,11.315694412216544,0.0,3.678002901816986,0.1696498499821769,33.111073480909944,0.0,1069.6454949714546,155.4472867795352,196.7844639396613,109.75676324462651,52.728000686475504,1.8936213254928589,2.7403526306152344,nan,0.8467313051223755,65
192,81,0.0,-17.596497711287807,-0.5105475011140796,-1.029589374118638,0.05590155125313202,,9.435042740777135,9.171750073321164,0.13229541573673487,9.039454657584429,0.0,19.048110734828068,3.2865430608980355,32.79455768748002,0.0,1315.095976974047,181.30108553984226,228.99187924257274,134.02844054762983,60.34681204535742,1.9621715545654297,2.0649378299713135,nan,0.6412572860717773,66
193,64,0.0,-17.787645716316106,-0.5209238178264851,-0.7976320759334302,0.043734871279881425,,9.489200633019209,9.22269390244037,0.10304694250226021,9.119646959938109,0.0,3.7259726012639254,0.6702639071571891,31.442871854415177,0.0,1037.2830906173697,143.82222682499557,180.96518346630913,115.30291763746521,35.258569253370645,1.9642049074172974,2.815469741821289,nan,0.8512648344039917,63
194,720,60.15357937831109,-4.972227926776475,-2.571289172989066,-1.9350090384399534,0.4624637919296277,,44.02129287458956,43.7561097741127,1.1229497957974672,42.633159978315234,0.0,42.263617097165564,23.415892418199505,31.38027489921177,24.337167250740784,11582.405040351921,1279.7961424697578,1905.345710977524,1311.1344260447531,69.9796797358315,2.0278282165527344,0.960429310798645,0.5263754084498564,0.10249900817871094,14
195,720,62.68028237636164,-6.111557917543457,-2.7398186377877276,-2.897805486257752,0.47031450497158206,0.15867067873477936,42.042705515399575,41.19293959904462,1.1227598898112774,40.070179709233344,0.5909034181386232,42.26358300660285,22.795124734889193,38.38533280616015,11.687451190847444,11604.0102606924,1333.5247739939257,1937.8585807930376,1305.186911872643,123.94129220462881,1.4283543825149536,0.864920437335968,0.394463693377639,0.8083585500717163,72
196,200,0.0,-16.986914574240704,-1.2179737346044557,-2.6110277315862276,0.13182664264660252,,16.638739787973464,16.407720108516514,0.31690793950110674,16.090812169015408,0.0,34.16291833810206,9.568738242729934,37.122842398356276,0.0,3251.8746462834833,433.9178714927069,542.9004301014547,363.9280085326232,25.188371795305326,1.623881459236145,1.7535347938537598,nan,0.8639956712722778,87
197,720,72.55641936779436,-4.818717255791895,-1.9736423811028414,-2.3434291304764465,0.4974218845229838,,44.8969976818189,44.62814832851291,1.1296742409467697,43.49847408756614,0.0,42.26222889223715,25.951758730107642,32.54667022434421,15.632064814273603,11591.104956179148,1380.4210928267423,2047.4490700593788,1376.611465818193,130.2051340623642,1.7137335538864136,0.6084457039833069,0.6449589829157102,0.4722825288772583,42
198,720,74.43644123300308,-5.319783794826372,-2.0723588841617953,-2.7589969218397443,0.4847095907764653,0.060711923986673355,44.134548229165375,43.26859898213297,1.1226720064878464,42.145926975645125,0.5886012678965926,42.263856663566095,25.637183680682003,30.212330302900053,9.412377488749577,11614.617265278272,1353.5535678959352,1995.714015699736,1288.6664961022927,179.89709861823525,2.113812208175659,0.5268975496292114,0.7507358754049613,0.06731462478637695,9
199,93,0.0,-17.30013676395594,-0.450584493743069,-1.084722954986335,0.06436720482355683,,10.356877712532878,10.104806307703257,0.14880149625241756,9.956004811450839,0.0,12.432053309397226,2.645778486287679,37.872012108947715,0.0,1506.226187691574,208.38889410288402,264.7845846737419,165.70078805570355,69.15746812236247,1.771991491317749,2.569491147994995,nan,0.7974996566772461,92
200,124,0.0,-17.351307246565977,-0.8102343319939921,-1.5295742652189515,0.08585456257599709,,11.83613698836416,11.5742597123608,0.19937445502728224,11.374885257333517,0.0,29.797008853749944,5.850573577105503,37.670953140716676,0.0,2014.4103215049688,280.84684547797406,353.7221108371983,222.4906978298915,64.73307233787763,1.729774832725525,1.2629730701446533,nan,0.6316980123519897,66
201,116,0.0,-17.381562712293945,-0.718392648846302,-1.47303471357896,0.06461987534978163,,12.111306571401656,11.859012503176928,0.18489303905516863,11.674119464121759,0.0,21.592845335658183,6.865836100218603,31.341333332844705,0.0,1881.3345351792916,212.50498532729904,265.36171715849315,190.18967648357415,9.043972407572742,1.8847852945327759,1.890225887298584,nan,0.37963569164276123,37
202,720,68.71379543087392,-4.282603341760748,-2.0089611257328612,-1.7878642311568889,0.4819061441171584,,39.346685003489256,39.102642866782844,1.1219126470386982,37.980730219744146,0.0,42.262609406736814,26.666504548024967,31.78126349334443,22.62484772571342,11582.579005828073,1310.8330555172186,1983.0197144680612,1320.1200705033689,112.5747766768052,1.382092833518982,0.6449772715568542,0.5333328876941926,0.46253252029418945,113
203,720,79.04665072153337,-5.774018166089294,-2.3162066099206786,-3.023013040711452,0.43108882762923273,0.12736046314239502,39.302037600427866,38.46075537800789,1.1174136493355036,37.343341728672385,0.5931045478209853,42.17854110899633,24.447884260927776,30.807245927572048,9.838553734566217,11609.469002557244,1215.789636168401,1775.5225213658662,1282.171608058987,84.92372735860802,2.1170125007629395,0.25853732228279114,0.8778763364932336,0.0475306510925293,2
204,720,72.09505140600466,-5.398753802868546,-2.8240232887929237,-2.094083032493758,0.4771357005332673,,37.555751686915755,37.310566663742065,1.1215742621570826,36.18899240158498,0.0,42.262873012865086,22.225462488517707,34.769156619398075,16.458974457746713,11585.137419536204,1317.6813458367235,1961.0131962883763,1249.3292453788174,120.37187095909,1.6866962909698486,0.5850737690925598,0.6531244111788833,0.5018765926361084,27
205,720,75.1729712318837,-5.60441355637405,-2.54112561216914,-2.5841640686681364,0.4753349819202954,0.1652911901473999,42.13327058497816,41.3649468543008,1.1210532691329718,40.243893585167825,0.5073527880012989,42.263702647894185,22.97511698469931,38.75329045937244,17.131953409514804,11587.447944419202,1341.1739020731602,1955.8472546781466,1298.0407120349025,64.36259119966957,1.7488869428634644,0.4424728751182556,0.7469974391862108,0.4135323762893677,60
206,720,62.6621258720492,-4.114536185713408,-2.21313319826993,-1.5213608620342767,0.3765143478364311,,38.34608308784664,38.09069805126637,1.1221551457419991,36.96854290552437,0.0,42.263293839972285,25.24057008011384,36.935169200410236,25.127407698383735,11582.399999999914,1034.1925720068816,1552.8081203110542,1363.3616107988626,56.262258548111866,1.9315402507781982,0.9161700010299683,0.5256790529418931,0.0,0
207,124,0.0,-17.41745196177523,-0.7404477933142254,-1.6751031167116293,0.0763094248815444,,15.962471899576485,15.677825251594186,0.19362947065383196,15.484195780940354,0.0,23.144946652559756,7.406620348762782,32.822522045806416,0.0,2020.9814830510031,252.65815532593078,314.56184569607905,234.82092023054295,27.834941409449442,1.9094122648239136,1.6264156103134155,nan,0.3936218023300171,34
208,720,68.71027890220905,-3.2821330719298003,-1.5186683489252968,-1.3155845027681237,0.44430341288966735,0.3822017312049866,40.132652069441974,39.312862317077816,1.1179041285067797,38.194958188571036,0.5827917186543345,42.26390065506284,27.873175066040403,37.664336543124364,32.69072554644858,11582.399999999947,1210.1677502818497,1833.4366141567546,1323.3572507906044,52.47699812333929,1.5439175367355347,0.703201949596405,0.544533996884796,0.13292288780212402,8
209,720,71.84053740742404,-5.009214120430877,-2.1151642811067783,-2.4009457237260396,0.48926026035962566,,43.64085997827351,43.3627832531929,1.1285634143278003,42.2342198388651,0.0,42.26360258208274,26.459424750963546,33.29697145774278,12.876224513601592,11595.694505673222,1353.659135864617,2012.1864456450105,1300.6624337377682,108.24798280836639,1.817371129989624,0.41229763627052307,0.773135145889064,0.7360324859619141,85
210,720,73.84165331419051,-4.995120014431245,-2.2065296591649814,-2.3074377973485936,0.4775427754626941,0.1881289780139923,43.73248563800007,42.981460666283965,1.1207142565399408,41.860746409744024,0.5096325473859906,42.26376548205544,25.60162906242886,33.139677751791716,9.460224048571622,11600.694898074315,1323.577795761689,1966.274513354026,1292.1514603735693,130.96161174110475,1.5110760927200317,0.42174091935157776,0.7209002767078276,0.2864769697189331,11
211,117,0.0,-17.490129591529477,-0.7631898859515833,-1.5524498701459084,0.07396502220362208,,12.811687638051808,12.535024031065404,0.18886872474104166,12.346155306324363,0.0,26.949749315327896,7.147321979898357,31.75119492081589,0.0,1902.611822861072,242.57371670744718,303.49935778893985,203.5121748944046,17.664894276782064,1.7993985414505005,2.1982784271240234,nan,0.47261273860931396,38
212,720,67.84069150419269,-4.288487195877467,-1.8481124720255844,-1.956304442320744,0.4804421823998091,,44.22997815627605,43.95779809169471,1.1286671916022897,42.82913090009242,0.0,42.26350946332312,27.48913793411251,33.45714798740931,18.48791235174135,11585.168162472177,1312.5709065801896,1978.5997491539617,1307.1578650154488,157.32206593667513,1.9314213991165161,0.6777471899986267,0.6490940867132121,0.041657447814941406,4
213,720,61.51892192377593,-4.977607290061467,-2.578169991081699,-1.92338009995803,0.4725785571054265,-0.2938268780708313,42.035542589612305,41.16937396302819,1.117874851450324,40.05149911157787,0.5854301052168012,42.215921053928774,23.45767754962828,35.45891755060841,23.741377913017264,11582.421624228475,1305.5560292522523,1945.5956148334624,1290.7964592648314,267.7158004150618,1.6588928699493408,0.7711887955665588,0.5351183855590932,0.070137619972229,15
214,720,62.58959760203836,-5.360167743441263,-2.6692188534977888,-2.186214918641254,0.500844399778806,,42.19630830269307,41.943153312429786,1.1215790575370193,40.82157425489277,0.0,42.26348950972944,21.691726707314253,36.48574879383813,26.00924528435754,11582.39999999993,1397.4009829863676,2060.444979490747,1274.4642465073384,91.48165561063988,1.7250056266784668,0.8886758685112,0.48482726388413977,0.21025967597961426,30
215,720,69.63852683221505,-5.965483175362814,-3.1827893138545074,-2.310654657318564,0.4683304881841292,0.07320038229227066,40.49109040573239,39.75210574641824,1.118136465549469,38.63396928086877,0.5024114521220326,41.54715891936163,19.254059410687166,38.113767553125804,19.275427190927882,11584.2869373724,1316.790780529126,1924.1539118046257,1207.428272469398,80.95680877256338,1.6113513708114624,0.6588220000267029,0.5911369723818053,0.21158218383789062,79
216,720,79.72241028241577,-5.480734418142855,-2.2426166178280167,-2.7480269647801934,0.486176340936599,,38.708523464389145,38.438388678245246,1.1262475522235036,37.31214112602174,0.0,42.26270794542502,24.311692601020706,32.64176963956331,14.438993054279328,11596.958530174596,1368.9613433555253,2001.4828594341477,1341.085237204175,124.25604029418176,1.5892294645309448,0.19004017114639282,0.8804199296654228,0.35378217697143555,29
217,720,64.47172813784394,-5.7399786782770965,-2.4508082909895332,-2.8066525840183525,0.4788144862711534,0.1693895310163498,44.99318743404001,44.24934666417539,1.1196212889626622,43.12972537521273,0.5058892145752907,42.25272491938719,23.78298319503397,30.651949579111776,13.142374164677753,11598.087703089655,1346.2193187221424,1972.1521404764433,1321.8504691753353,103.85706128772279,1.8377140760421753,0.8276951909065247,0.5496061102774461,0.3836170434951782,36
218,720,82.25252768483102,-4.12784965729534,-1.7845352022001393,-1.8633509624138151,0.47628077608467384,,38.89723233599216,38.64169655460864,1.1228902749717236,37.51880627963692,0.0,42.25942782261231,26.882737572277144,37.78403296416173,26.18874795575352,11582.399999999987,1305.3617045155252,1961.1991202386196,1317.7543154724815,128.33224977194206,1.4579163789749146,0.22760657966136932,0.8438822809430241,0.03905892372131348,10
219,720,79.54256431393954,-4.784376125454719,-2.1774516135936492,-2.132223516552511,0.47114899503735175,0.12412305176258087,42.16494231112301,41.39979169424623,1.1192680401727557,40.28052365407348,0.5035632215440273,42.26088236188973,24.773192588054442,31.505502288555082,16.85711981131415,11586.313444092793,1305.9887910542561,1942.2835294870054,1329.2230817041725,122.91583290987313,1.815682053565979,0.1690588891506195,0.9068895962161493,0.13698220252990723,12
220,720,70.91343226993868,-5.059038332243811,-2.6095429269612564,-1.960793728443715,0.4850509276838185,,42.17928656656295,41.942637312226,1.1133404234424233,40.829296888783574,0.0,42.23184577247514,22.575359704958295,33.20862575300987,23.624662513026685,11582.471875113184,1342.7902245826663,1993.031562063466,1255.9748199455091,142.75931121500832,1.2500557899475098,0.4316832721233368,0.6546687951091661,0.005395650863647461,1
221,720,72.28199687835792,-4.291743600929761,-1.625783978641275,-2.191283905196168,0.4709809657388293,0.14054560661315918,39.32725489791483,38.58699923940003,1.1119291801005602,37.47507005929947,0.500039023347199,42.26381520788206,28.34441775859287,30.04357174423655,17.5320047021091,11588.540808013367,1292.3448093418056,1940.0921771956182,1305.848332449233,98.26317045431803,1.5251394510269165,0.49528151750564575,0.6752549301821813,0.02726876735687256,2
222,720,75.65562085901564,-5.32606206462513,-2.313906508669856,-2.51297508578456,0.4951582623250195,,41.551145574077964,41.28599217161536,1.1175152845680714,40.16847688704729,0.0,42.26343909813262,24.605271957866222,33.0551946169061,13.689582034975118,11597.494076121677,1378.8182496343393,2037.688942445179,1340.1940540367607,178.7217228796485,1.54641854763031,0.32400795817375183,0.790478484191584,0.1819401979446411,41
223,720,72.5667063013266,-4.347524646862176,-2.3312439531058664,-1.578779009504522,0.4338226217771512,0.1119353249669075,41.31747694965452,40.5498315198347,1.1103417249396443,39.43948979489505,0.5037356745451689,42.26381537578067,24.05287593499789,36.8268143181029,27.556711444038946,11582.399999999878,1205.211729136932,1786.6767393396638,1318.0565247891009,105.22847610869987,1.3727844953536987,0.401261568069458,0.7077024329546548,0.0330507755279541,11
224,720,66.41478463709004,-6.1740051530340105,-3.078186597787254,-2.6259663802997966,0.46603345773338517,,40.827782744541764,40.6040022559464,1.114874081686139,39.48912817426026,0.0,42.160816311968716,20.461616971958712,32.94906307189207,15.138851427850259,11589.057999561363,1327.352391047269,1919.319424565131,1350.008033577573,17.92844367456504,1.3839151859283447,0.4435192942619324,0.679518442479974,0.0,0
225,720,71.65855440494124,-5.832704168783423,-2.4053244011875266,-2.963524038738583,0.46001772983717937,0.22565250098705292,39.89150349609554,39.134155390784144,1.1120011005550623,38.02215429022908,0.5046008806675673,42.258280360670874,24.323127291257535,32.742540287785765,10.914127511353822,11607.497675543236,1302.8900510321807,1891.3991628831282,1280.2886408969937,117.63060683425114,1.3423254489898682,0.41582998633384705,0.6902167155910148,0.09566068649291992,79
226,720,81.01993360602606,-2.9356786767173757,-1.3003230528014524,-1.200363872658341,0.431355605871736,,41.39822064246982,41.161741714924574,1.1151184067130089,40.046623308211565,0.0,42.263927064290876,30.075607053707614,39.524481930646715,28.884451522919164,11582.39999999997,1164.0522257978714,1776.026522932776,1321.6194041383887,54.74235628524738,1.3355836868286133,0.25940752029418945,0.8057721707352079,0.16248464584350586,13
227,80,0.0,-17.47255846474224,-0.46524612948325317,-0.9271069397262729,0.05485158511773561,,10.8521600170061,10.587956896983087,0.12512260675430298,10.462834290228784,0.0,3.974910235491147,0.8574874717366399,36.91225626253769,0.0,1295.179669227351,177.56496608450533,225.95328979135206,128.63837747574073,59.02161297629505,1.4877387285232544,1.8674986362457275,nan,0.5352429151535034,52
228,720,57.92098380950335,-5.537383164830989,-2.750701401831692,-2.3324068067962767,0.45024670071332146,0.13079853355884552,45.89634537324309,45.13372460473329,1.1113354722037911,44.0223891325295,0.5086036948487163,42.26389807468219,22.356116086690978,35.36100367358725,21.067653963838843,11583.657836093158,1261.96022927985,1854.4838128734082,1347.8548970801721,153.53152798370303,1.5146269798278809,0.8516945242881775,0.43768694494999527,0.03378748893737793,4
229,720,69.9450518890755,-4.445862047512244,-2.1735138415026842,-1.7715952834304376,0.496735929912349,,35.855376166291535,35.62030569836497,1.1108082430437207,34.50949745532125,0.0,42.263295993457575,25.910193535382824,35.964626876635975,25.421552468635962,11582.399999999954,1353.3863743054903,2043.8017784628007,1314.7559525756858,73.05088599946505,1.743420124053955,0.6240912675857544,0.6420304784973102,0.033142685890197754,3
230,720,66.09373671295764,-5.909341355289874,-2.799529924792811,-2.6280500947136787,0.4780666452415174,0.15617735683918,41.942522385157645,41.17574386950582,1.1089438619092107,40.06680000759661,0.505023973993957,42.22972470087092,21.70127789199739,35.555479781448675,14.347525288756655,11595.428579313568,1351.4996903535314,1969.5051905168775,1319.6438936343081,59.21001118231159,1.8953264951705933,0.6447545886039734,0.6598187223959318,0.5709923505783081,46
231,720,62.67116686528355,-5.84647975037965,-2.9199711468885012,-2.4731509282486694,0.44949391080511847,,37.309133351780474,37.09317831508815,1.1077800476923585,35.985398267395794,0.0,42.263583507105835,20.40721371864128,36.54865660332308,20.98516958813829,11582.939253557315,1273.1884068294007,1851.4077397996368,1343.336506641254,42.859552324835605,2.07015061378479,0.9008740782737732,0.5648267945940735,0.07485580444335938,7
232,720,77.91190017143165,-3.3472237440365724,-1.2898118769983542,-1.577341196716456,0.476297261220663,0.18429629504680634,43.86881561111659,43.117010968737304,1.1079734861850739,42.00903748255223,0.5014909561723471,42.263808188105,29.375803563879707,36.77134752583451,20.5591896218572,11583.046061984885,1287.182726607623,1960.513353268658,1300.5812928025694,183.14121249825635,1.6725459098815918,0.33836790919303894,0.7976929020638999,0.13841891288757324,13
233,720,83.11490751312299,-4.218942910164885,-2.0573736574052925,-1.7159311621252933,0.44158472386118686,,38.4200950441882,38.174954793415964,1.1146637313067913,37.06029106210917,0.0,42.260898516537374,25.27592031832484,35.93083535090017,24.454912037806228,11582.40170148742,1200.9863832420942,1820.4150406870601,1354.665022788253,77.47764572276225,1.667515516281128,0.1126122996211052,0.9324670154360832,0.0008677244186401367,1
234,720,80.70334290063566,-4.175215792414151,-1.9539886613301853,-1.7576961100216697,0.45965839897774907,0.05846324935555458,39.94777421653271,39.181521739810705,1.1104572042822838,38.07106453552842,0.5025562103837729,42.2632269907409,26.378502297434448,39.126427123234045,22.645005862817644,11582.471112056079,1235.872251915322,1888.5490269657066,1324.7469471696497,47.89065071467195,1.4960460662841797,0.18792061507701874,0.8743884835419751,0.015870094299316406,1
235,720,78.40334710953756,-4.035895589793201,-2.09611393730143,-1.4653351481717576,0.4708315762407487,,41.191583290696144,40.93017669208348,1.1144143920391798,39.8157623000443,0.0,42.26360587733218,25.193589799405395,37.71698867638634,28.329223123342643,11582.399999999949,1282.732535448431,1939.2718673310578,1312.9698466498203,118.2510640787529,0.9025543332099915,0.2345464676618576,0.7401303622047015,0.0685916543006897,39
236,720,69.62855223406828,-3.5573492451609354,-1.9203096225268577,-1.1554052856374126,0.47803502591513497,0.01587577722966671,41.93940193206072,41.14898057561368,1.1118606235831976,40.03711995203048,0.5039374111220241,42.26355743993462,26.091559346683532,38.72916172412868,30.70306885501371,11582.399999999925,1286.9856790831293,1967.2495012270447,1276.6331582595149,140.95518546154176,1.1037243604660034,0.3645583391189575,0.6697016463738851,0.08616971969604492,21
237,720,65.70350330536203,-5.356192471029191,-2.485030047135012,-2.3991354795704014,0.4683907816011555,,41.01669100765139,40.755685850046575,1.11657137516886,39.639114474877715,0.0,42.16799900083285,23.151155779314994,33.77042472618545,16.027200203013876,11589.073655575621,1304.0279520140664,1928.896476490592,1327.9924846971192,73.48339423383325,1.6118324995040894,0.7678600549697876,0.5236105146123842,0.32182228565216064,38
238,720,83.21998959743114,-3.4512721095939147,-1.2777773231179603,-1.682280387966891,0.4873031738178328,0.1948794573545456,44.47080565150827,43.69950220081955,1.112025622278452,42.5874765785411,0.5033041667193174,42.263637929170336,28.725897733889614,39.5238327827843,23.170645636478863,11582.518804810565,1319.1975064983442,2006.3988673579765,1322.3267318054818,125.54652884110904,1.5993584394454956,0.158585786819458,0.9008441241761663,0.373346209526062,36
239,720,75.28279194654314,-3.2375824902639816,-1.718067165560766,-1.0785451674199098,0.4372258831438051,,38.38209791202098,38.14763992279768,1.1143901897594333,37.03324973303825,0.0,42.26154129413514,27.585447016357154,37.44276190618203,34.059879746443364,11582.39999999996,1183.3647316828672,1804.6650759802742,1399.6157942757497,106.45370781190333,0.948828399181366,0.33837342262268066,0.6433776403461112,0.1233946681022644,8
240,720,77.9014038922794,-3.085710667109608,-1.6278813309470257,-0.9697664400525444,0.48424271188457846,0.19552868604660034,41.79306410718709,41.030856205150485,1.1136293523013592,39.917226852849126,0.506755874492228,42.26382323878188,27.696989761512597,39.364176296859036,33.82566310356287,11582.399999999918,1289.4659087955226,1992.2392960078976,1282.6466898805652,113.89995040402152,0.9564136266708374,0.297860324382782,0.6885653695466485,0.7841686010360718,33
241,720,78.60446331027676,-3.77046432455821,-1.7501291785322117,-1.5424678961323366,0.4741227760936679,,41.359853096306324,41.11001951806247,1.1174194952473044,39.99260002281517,0.0,42.26122710655988,27.7913157587211,39.26750588769913,24.21089154333334,11582.406084065975,1285.6576170471571,1953.3195434086242,1318.0546121095535,94.71943168840494,1.0892969369888306,0.2540937066078186,0.7667360496668467,0.0016870498657226562,1
242,720,85.87426948290961,-4.864529797467669,-1.8875174121266436,-2.505023577718858,0.468316289122093,0.1993897259235382,41.268839485011995,40.52160071581602,1.1124472375959158,39.409153478220105,0.5001517003402114,42.263828459594386,25.706736926814717,30.665813122965762,18.210715066198045,11587.769119203824,1304.328128766113,1928.0263798168455,1296.031049342042,55.826430718871116,1.6127474308013916,0.06444219499826431,0.9600419794398666,0.0,0
243,720,88.27042936837753,-2.7248117271243264,-0.8388268225875058,-1.378119617640535,0.5036247498787245,,37.440886734984815,37.16538574267179,1.1132251052185893,36.0521606374532,0.0,42.26342939141849,31.326752353080135,31.862999282209834,21.07006328268438,11582.823961289601,1352.5559027668062,2073.4212550883494,1373.3906035751377,84.29989575512404,1.496034026145935,0.027292998507618904,0.9817564319857545,0.16781330108642578,37
244,720,81.96661803245937,-3.8344225664227642,-1.769629134901655,-1.5709012897698076,0.4899440184075368,0.1776004135608673,42.6954957311973,41.93370803166181,1.112436531111598,40.82127150055021,0.5003019757568836,42.262717758376176,26.593447236734868,34.01145664760444,27.579905174706848,11582.399999999967,1334.911961245437,2016.8201334311902,1290.1315871397446,87.70455040683689,0.98274827003479,0.14731928706169128,0.8500945852018889,0.40720999240875244,53
245,720,63.71046651911227,-4.457193393115927,-2.4311823439967695,-1.5728876613587424,0.44923531591338256,,41.07568632438779,40.818221596069634,1.119027885608375,39.69919371046126,0.0,42.263496212717165,23.800390937050587,39.580691987477636,26.606487440995814,11582.399999999921,1236.076921008293,1851.3919785780795,1327.2004729661382,77.87245496215763,1.1209652423858643,0.7002954483032227,0.3752746099310692,0.21980726718902588,23
246,720,74.17247490637394,-4.197322264385931,-2.0108419296506623,-1.7027577440363162,0.4799114732531165,0.12976336479187012,43.98627208638936,43.244222956709564,1.1124514369294047,42.13177151978016,0.4999702712520957,42.26302277722238,25.651360373699752,34.66564452591474,29.652307735062923,11582.399999999934,1312.3132592731101,1977.7022500506284,1317.490764785445,127.37645913326851,1.296496033668518,0.3644057810306549,0.7189302770178589,0.008443832397460938,1
247,156,0.0,-17.245205449274366,-1.0934551971837685,-1.9077551006020257,0.11805522103434914,,13.97754447069019,13.74389188643545,0.24569900706410408,13.498192879371345,0.0,29.3774603894264,7.303827993680542,39.9752358109151,0.0,2531.3476290596004,381.2398361521269,484.9715218315181,277.3218234856323,54.06815493004798,1.1224042177200317,1.3442785739898682,nan,0.31111621856689453,36
248,720,69.31283728873427,-5.4721292551614935,-2.408763237065832,-2.5662974742160887,0.49321062528586745,,39.09190967027098,38.83895908854902,1.1155834076926112,37.72337568085641,0.0,42.26376085608662,24.01918119130022,38.197816897081935,14.07826206391344,11598.356567237439,1375.3465601931134,2029.5532181102299,1289.6546081920721,212.1462762136656,1.261332631111145,0.5511467456817627,0.5630440915524073,0.17551124095916748,63
249,720,59.34722072762344,-4.804390843323666,-2.282662716447751,-2.100553845025608,0.417285743311843,0.009007102809846401,43.471680539660156,42.62317078374326,1.1126850806176662,41.510485703125596,0.5825315490365028,42.24750519313444,24.425287134429087,36.95619421253596,21.67581608825912,11583.116040159463,1161.556540669908,1718.684381433098,1280.5937315386598,129.542370072168,0.8388224840164185,0.7915419340133667,0.05636538231148125,0.27003610134124756,56
250,720,73.8512968173327,-2.7586172290307287,-1.218309131242721,-1.0418377748737153,0.49453107858476736,,40.354647506028414,40.1203275565058,1.1117484522983432,39.008579104207456,0.0,42.26365111763137,29.991172747065775,37.71829249548923,31.784329481964374,11582.399999999934,1313.8215889007793,2033.9558475457457,1288.9852826832048,133.13642227002094,1.1319198608398438,0.47709953784942627,0.5785041376556149,0.0,0
251,720,71.33909981857329,-4.083072524966863,-1.9166389948141624,-1.6690300094281207,0.4935793353393658,0.09974770992994308,38.48332952708006,37.70081259775907,1.1094580153003335,36.591354582458735,0.5027598161250353,42.263662926498526,26.068612468919454,33.72499309384233,22.984287318765784,11582.607456450429,1346.5855168193361,2029.3225728535772,1274.8406176681954,90.4306668520065,1.7365463972091675,0.4355125427246094,0.7492076552492184,0.09752225875854492,10
252,720,79.7428601210979,-3.5304885617044146,-1.4531523649781928,-1.5741697063810436,0.4989017718039004,,41.79159146733582,41.53939457051456,1.1183288861066103,40.42106568440795,0.0,42.26372466722109,28.567296085421322,33.03927822172955,25.294948268626932,11582.399999999958,1353.8951585369311,2054.200475747991,1330.0170586832855,72.97602151489784,1.3502461910247803,0.25276800990104675,0.812798575858817,0.1370786428451538,10
253,93,0.0,-17.545440713308096,-0.7273592208842082,-1.0702207176840712,0.04730723021919335,,9.792419587261975,9.542003318667412,0.14560973551124334,9.396393583156168,0.0,6.931691462174799,1.2897534103477062,38.87730421990409,0.0,1505.91489755868,151.90779747244915,194.01414332079096,159.52136095217938,14.573867292444346,1.186815857887268,1.8824344873428345,nan,0.6956186294555664,92
254,720,57.59285010291985,-4.129288821837532,-2.0846060767082677,-1.5281471748117286,0.512375446298532,0.23964497447013855,44.64410633593798,43.88266736268997,1.1153128277510405,42.76735453493893,0.5089911231771111,42.263576325197334,24.549961227288794,32.25504825082024,26.788932823454697,11582.399999999912,1393.9926743533024,2106.4558207046125,1313.2706338521793,130.27353434399444,0.9569092988967896,0.8254343867301941,0.13739537521285605,0.2873145341873169,101
255,720,76.16677986090146,-5.3818238103632545,-2.061023889958321,-2.8451792452217264,0.47140154906194,,38.87666400987655,38.592551871202886,1.1094420943409204,37.483109776861966,0.0,42.247402834057176,25.77915106297251,31.012326603718915,13.141160540825,11598.910735941336,1328.38784336084,1939.3904499434304,1330.5270511785013,145.12676299867894,1.6952567100524902,0.35941651463508606,0.7879869682840203,0.48361754417419434,120
256,720,78.95198366837727,-3.4273486630748167,-1.622257283487764,-1.2902924391215127,0.5109105138670319,0.04613383114337921,44.84595584310591,44.05434716399759,1.1070709181949496,42.94727624580264,0.5023948131129146,42.26008584813345,27.54016827915329,37.5559614271425,31.522750125995643,11582.399999999963,1372.0926302120888,2100.4655524550694,1264.751823582493,123.85511267548024,1.3991031646728516,0.26735320687294006,0.8089110126947254,0.03309941291809082,3
257,720,71.82903800512003,-4.148882417628304,-1.9006705480002974,-1.7458030410030914,0.4984831902556404,,41.11130495555699,40.875016446225345,1.1145452745258808,39.760471171699464,0.0,42.263177217226854,26.099300313431694,37.82112605569482,21.89647264620409,11582.661065075603,1363.8597358020493,2051.4356113277863,1320.5692463930354,38.601444113822865,1.1998343467712402,0.5144543051719666,0.571228889590996,0.5723260641098022,32
258,720,78.61546796976316,-2.772959704951048,-1.2805070738128295,-0.987825228784516,0.5004953500421367,0.1392199695110321,42.627380426973104,41.87664083298296,1.1082065561786294,40.76843427680433,0.5085628582164645,41.9025707491759,29.236392016007787,35.79632898246674,33.272420196610824,11582.399999999958,1328.9512154560377,2059.8442870607837,1314.979693311814,83.57483846074332,0.876952588558197,0.29446589946746826,0.6642168535569278,0.12797778844833374,50
259,720,62.99380677049462,-4.467217621845586,-2.0224405843273323,-1.942697225171709,0.4981976421653196,,41.29994534607977,41.0525291711092,1.1096077086403966,39.9429214624688,0.0,42.263470505578084,26.19236559860072,35.39984714697189,20.298522787488952,11583.365535032493,1368.368904564745,2047.433764852489,1293.1966327768148,203.73221547675044,1.0390465259552002,0.7315530776977539,0.2959380937968742,0.11680734157562256,10
260,106,0.0,-17.348308456140643,-0.5516303217924565,-1.3457814219917652,0.07532428020075461,,11.687056745402515,11.441856089048088,0.1641806038096547,11.277675485238433,0.0,29.904668428665484,5.750233520048672,33.37027093323374,0.0,1720.3904140465092,244.02154519733057,308.96497493335653,188.57669859028252,75.74786295694778,1.5034246444702148,1.530253291130066,nan,0.5225958824157715,88
261,720,86.37484824521397,-2.9130976180782766,-0.8299271126069556,-1.6116698731066765,0.4678460573807593,0.17850133776664734,42.421572784893215,41.59421363752335,1.1052461797371507,40.4889674577862,0.5834584580734372,42.26361461403624,31.854400104456715,32.89672214450235,16.100291286690315,11586.548930945415,1256.2910031654274,1925.3130630695523,1260.338394567079,81.38919566198852,1.043520450592041,0.05065899342298508,0.9514537607823175,0.655545711517334,30
262,720,80.92188252101161,-3.7284351481681166,-1.5812484591335298,-1.6322497518093695,0.5107125464818092,,42.430094878189266,42.18993780575693,1.1226910157129169,41.06724679004401,0.0,42.26340877573185,27.85900781189538,32.02100301468329,25.81170494453494,11582.39999999995,1380.7546011148952,2098.5880703731436,1323.2388041883642,162.1280408202391,1.3419296741485596,0.2739623785018921,0.7958444590803774,0.21306896209716797,8
263,71,0.0,-17.604693667607584,-0.42254461858485287,-0.8807486795595495,0.05097077102334566,,10.367263820953667,10.088704470545053,0.11271359957754612,9.975990870967507,0.0,11.166308257010044,1.809565115593019,32.660434706286864,0.0,1151.4261524837495,165.3215804997528,209.43163768856522,132.09637125121435,59.134991915804605,1.721649169921875,2.0115151405334473,nan,0.5867581367492676,54
264,720,77.9537829939399,-5.897739085223272,-2.499172238344594,-2.892300350650109,0.5021435009459643,-0.056698430329561234,41.01359165459871,40.22348868381232,1.1159989219158888,39.10748976189643,0.5311640407890081,42.26341808411789,23.705946370265988,30.736646264548696,15.537302159133723,11591.035795995675,1412.2838167922025,2064.9540116290955,1286.6357403515808,109.10629679831227,1.6439989805221558,0.3063768744468689,0.8136392552083216,0.6381098031997681,84
265,720,87.94800133194374,-2.7100871235063213,-0.8791135184478939,-1.334924657964018,0.4920296755574787,,40.28708498459309,40.02963851392269,1.11828407458961,38.91135443933308,0.0,42.263631208252164,31.314333365087244,37.250873275294374,28.093595880828442,11582.39999999997,1315.2046642091084,2023.0229010760247,1345.4552899482267,93.19211584893247,1.192227840423584,0.03653508797287941,0.9693556158192893,0.15813899040222168,5
266,720,79.16434195069355,-3.262488392390744,-1.242580278799773,-1.5192847125201472,0.4966831718259044,0.10179899632930756,43.370743811130524,42.60344697907567,1.113663543947041,41.48978343512863,0.5224320022389293,42.26338090625548,30.226812567611695,32.74858352142627,24.32009172671823,11582.405100781109,1339.54824500907,2043.979635508606,1321.1692847357654,142.39094695576904,1.6165517568588257,0.2991659641265869,0.814935734128361,0.0,0
267,720,83.37504938893602,-3.060892139028791,-1.105104908891589,-1.4557014510022852,0.49608603634434495,,41.93986918032169,41.69640510343015,1.1242758128792048,40.57212929055095,0.0,42.263465051834,30.43593924253094,35.806036683943304,20.948590060008858,11582.94371029459,1328.0754279724567,2041.0871483704611,1336.962665571531,101.96111095988523,1.3110346794128418,0.1437760442495346,0.8903339122089997,0.17190968990325928,25
268,720,83.50383452875217,-2.928841018972789,-1.1901732303914816,-1.2623896576100686,0.47255736098693085,0.12953715026378632,43.19099422637373,42.38201481103897,1.1167501909658313,41.26526462007314,0.5257919318974018,42.263848230408215,29.814464585087727,34.09802420155042,29.244656093380105,11582.399999999972,1265.9815403462865,1948.6263311507541,1363.5448513951353,148.45677158929894,1.1938163042068481,0.15124383568763733,0.8733106298224657,0.26641082763671875,12
269,720,77.15340552684894,-6.302258814509464,-2.1734359448670952,-3.6326883078534755,0.4922608596207842,,42.613392163068056,42.36421871278435,1.1235010074451566,41.24071770533919,0.0,42.26372038782096,24.081685197733048,37.266705181837864,10.307212529154814,11613.640860274292,1403.4369886834545,2026.0025060225928,1290.9383176273905,70.06999906981541,1.6796321868896484,0.353707879781723,0.7894134903209249,0.39316534996032715,63
270,173,0.0,-17.066373632469805,-0.9361855887162087,-2.3023384422242463,0.12680798145975253,,16.487180243246257,16.242547976784408,0.2698276871815324,15.972720289602876,0.0,26.066646158150075,9.834915861435489,33.12826084598191,0.0,2817.532060963295,413.81435526990424,520.2909102352072,300.5640582290765,61.78023383198501,1.6647781133651733,1.2469501495361328,nan,0.5357078313827515,99
271,720,74.14045276867657,-4.796250535295136,-2.3524891960690497,-1.9430738182389078,0.49646981066534923,0.15530630946159363,43.02143859025091,42.14851412642747,1.1172086270526052,41.03130549937487,0.6068996516987681,42.26380362667028,23.820370130324832,36.71310862874257,22.28853734248127,11582.623064326768,1367.8787212241668,2043.0446163426147,1359.23579707925,101.9278043484015,1.7763442993164062,0.4566187858581543,0.7429446611032131,0.15230250358581543,18
272,720,69.64809802791078,-4.853170442065244,-2.4451523419521166,-1.9335740136925674,0.4703150743322273,,43.05101433675736,42.80138630513102,1.1290983660146594,41.67228793911636,0.0,42.26165939538687,24.050801415628094,37.81208798274483,25.824739555555336,11582.399999999907,1300.6515619881957,1935.8078700020683,1356.677917565712,68.5831905975805,1.4523028135299683,0.5384041666984558,0.6292755466128925,0.1460784673690796,45
273,720,70.40066671548814,-3.2960364486865292,-1.3858135739193946,-1.4303014592336565,0.4761521452296485,0.051109254360198975,42.857185867615044,42.085551496595144,1.1183857098221779,40.967165786772966,0.5226132571697235,42.26342601310501,29.113499181672676,34.49017364365734,25.81618812577705,11582.39999999994,1279.3805574815322,1959.6939557400087,1296.8307157350418,113.2635007183094,1.1841844320297241,0.5650791525840759,0.5228115339976941,0.19000589847564697,37
274,720,61.94271268484337,-2.6523414035024313,-1.0818677624442385,-1.1289448896621663,0.43775472522819936,,42.66318514570594,42.3962647235021,1.1183753618970513,41.27788936160505,0.0,42.26345555799785,30.098583141615933,32.108962725599575,27.92065866491627,11582.399999999929,1163.6525222709697,1803.1531388984672,1315.3098420141323,20.300721829280075,1.4620097875595093,0.8187687397003174,0.4399704115065711,0.1724414825439453,8
275,143,0.0,-17.440817626139708,-0.9772150882862214,-1.9226538815106302,0.09027477683138738,,12.700217939913273,12.463073220103979,0.22264955658465624,12.240423663519323,0.0,28.502049476037733,8.260500324055213,33.86259010446619,0.0,2330.4502592123104,301.3640675195258,372.8900027451015,267.9102617406419,44.897622853020266,1.5898652076721191,1.237462043762207,nan,0.4260098934173584,50
276,720,63.852172318846875,-5.360256584651864,-2.610291550686352,-2.2708783069459506,0.47522865716759255,0.11177820712327957,41.28621888719499,40.449365691281855,1.1154877999797463,39.33387789130211,0.6038563204929233,42.255930164485726,23.355537085827812,31.10116595355835,20.90671165759989,11583.145015736789,1321.314921111884,1957.3617723699049,1343.8394208066186,105.62044348923854,1.3028825521469116,0.6699429750442505,0.48579941151233685,0.025815963745117188,17
277,720,81.80329321202333,-3.8140018958775492,-1.922638769456571,-1.405618053512614,0.4820494662116273,,33.290556197054684,33.05325543694198,1.1171695860102773,31.936085850931704,0.0,42.2444761066199,25.628713339983975,34.63529239552101,27.542534002976492,11582.399999999949,1297.0597983968048,1982.5654340621397,1310.2025808062242,64.8359992579413,1.4961943626403809,0.20784424245357513,0.8610847309391101,0.05895233154296875,59
278,720,74.43756252359435,-4.182944644028859,-2.097666718361901,-1.6029787157885982,0.4786091738360837,0.13155081868171692,39.994514770805836,39.219711928628385,1.1114276824519038,38.10828424617648,0.5248839473351836,42.2393756468472,25.617285062002914,37.86024518168122,25.855975367496853,11582.399999999938,1309.9465477202796,1971.6542976105704,1316.650526448133,171.36916526272978,1.3926582336425781,0.44966819882392883,0.6771151830641207,0.14291834831237793,84
279,720,77.58018106004862,-3.613003370231788,-1.3183793101143584,-1.8016073194541709,0.4890400106691877,,43.43807412870228,43.181553521193564,1.1267407331615686,42.054812788031995,0.0,42.26378284837618,29.322770460385325,33.256976621422105,20.367950075033427,11584.3866156543,1326.813444868144,2009.7173342324434,1323.5495457211734,119.49047761943159,1.9567233324050903,0.3737531304359436,0.8089903032042103,0.16741693019866943,10
280,720,55.019263790635705,-4.744530384640002,-2.5174172668926733,-1.7485990519921142,0.47461340788659157,0.24084949493408203,40.37500021792948,39.62010264210403,1.1184030259028077,38.50169961620122,0.5227686455473304,42.26197894197322,22.940529023291198,37.489160621553715,26.30937102475601,11582.399999999918,1313.1034276186542,1952.6531571388414,1322.0077997980188,61.50811600409518,0.8797613978385925,1.0863932371139526,-0.23487259134467076,0.5734776854515076,35
281,81,0.0,-17.594501925288057,-0.5379421284141376,-0.9982283950428356,0.05780156208513398,,8.813888065516949,8.575336296111345,0.12816312815994024,8.447173167951405,0.0,10.014107893241967,2.6580896982014774,34.04334089760484,0.0,1313.7360482886572,186.26444881627705,237.19503723067808,154.77584051764515,16.47220108313682,1.5254292488098145,1.815129041671753,nan,0.5871944427490234,52
282,83,0.0,-17.524736689717372,-0.544892839420213,-0.9787322788364677,0.0505761917843133,,12.588481684215367,12.275983717292547,0.13309727981686592,12.142886437475681,0.0,15.622756908105593,2.8117936830929047,34.140327619578095,0.0,1343.370345888214,162.95414904815033,207.68154071817787,144.96161045726603,36.95724544154489,1.5041433572769165,1.9465622901916504,nan,0.49272990226745605,78
283,720,81.24028522838859,-4.230608822380906,-1.5840682760705445,-2.1412892662730294,0.5011909892084913,,40.36169858556241,40.11363898124546,1.1162622440606356,38.99737673718482,0.0,42.25955629948021,28.437581398794297,35.01149271166266,14.417927378061016,11590.07068352837,1363.7364642033795,2060.404433667575,1319.6927452118255,30.341508173060873,1.4695565700531006,0.1633790135383606,0.8888242774264504,0.6324973106384277,77
284,720,61.23723123188274,-5.512841794132154,-2.271232320761719,-2.746707555950055,0.4907748638157946,0.13536110520362854,44.39365863800049,43.537525065243244,1.1131307343021035,42.42439433094114,0.6029977519065142,42.26376560828438,24.04733026647792,30.42282071431191,16.44791398785359,11592.301958157144,1374.2478270253882,2021.7921965789956,1355.3736924629568,147.46179832036367,1.2227765321731567,0.8772543668746948,0.2825717996765845,0.200921893119812,29
285,720,81.8321086021912,-4.179817774663876,-1.5796167269501753,-2.1105452904822335,0.4857874389655751,,40.11030539870262,39.85078956373036,1.1219388963654637,38.728850667364895,0.0,42.26361147444429,28.313884594330588,36.830550085977166,10.47804845096906,11597.53418930932,1327.4583270782502,1998.5583827188482,1314.904285403013,113.31365219420293,1.3119828701019287,0.18419891595840454,0.8596026517144282,0.5808159112930298,56
286,720,76.10573097767953,-5.4502148099283865,-2.521234036723169,-2.4489626330171443,0.4758457307481141,-0.0029230238869786263,44.9075742168352,44.11403062194586,1.1144357835873961,42.99959483835846,0.5255550323054194,42.26306306894797,22.326860175895895,38.7959437179684,21.71351700859608,11583.133688049526,1328.754727492635,1955.9262143222782,1327.8111929457714,48.96292023118443,1.6089521646499634,0.391874223947525,0.756441345766933,0.30435478687286377,37
287,720,86.95829323231463,-3.1228371684571288,-1.0934533129655273,-1.5344034046707486,0.49106779054164146,,40.61827375367284,40.35464413650334,1.1216190503910184,39.23302508611232,0.0,42.26390142565917,30.33304698115536,34.95022648833955,24.607700914950886,11582.401689671924,1321.0610956436783,2019.7682077349364,1292.0191405727242,101.90030614839722,1.5844429731369019,0.06396504491567612,0.959629317053275,0.112801194190979,9
288,720,75.00706055956557,-4.143660039935374,-1.9227035037718319,-1.7317212764993108,0.4853867924452677,0.12271615117788315,44.43062907829881,43.6400305069983,1.1180434292182326,42.52198707778007,0.5229067029431462,42.263566053247516,26.665833887389056,39.60915477807116,23.989723052638922,11582.406945030201,1317.7057661365534,1994.7826988193956,1275.0655160279646,121.2324893312259,1.4245387315750122,0.36140286922454834,0.7463018300492464,0.013726949691772461,2
289,720,74.84521838222264,-4.8259503091522005,-2.1135244287051513,-2.2305270653422524,0.4781513439506703,,41.01101737562567,40.75117598474026,1.1207813965156674,39.63039458822459,0.0,42.263572408807214,26.086995730648887,34.56466252152378,13.987015641352263,11592.356747753258,1317.4887990615637,1970.580860227083,1335.947848504098,72.42532430224922,1.2588740587234497,0.31234678626060486,0.7518840077002322,0.34185969829559326,47
290,88,0.0,-17.50024914265408,-0.525316440393967,-1.0847052709040041,0.06473891287853266,,11.628996166400611,11.371358404867351,0.13804086577147245,11.233317539095879,0.0,20.001971696681103,3.304201865476368,35.059737597049704,0.0,1427.6161034705522,208.45907204967784,265.14119530242624,149.9936467290304,82.69834788066063,1.2974028587341309,1.544488549232483,nan,0.5544439554214478,65
291,720,75.61419733082107,-4.317801444752915,-1.7041456553405705,-2.098499178781134,0.5110602096322271,0.011631585657596588,46.299897705204785,45.51649459358305,1.113652373664081,44.402842219918966,0.5297325691208243,42.263700692999585,27.576151022442527,34.816227603140895,16.714241624768995,11587.693812882793,1403.6666485706246,2100.9068279941885,1300.788804414085,124.60372304998862,1.367089867591858,0.24923540651798248,0.8176890836320709,0.38488566875457764,30
292,720,78.44113951437909,-3.2908428878028304,-1.6783208188482945,-1.1050032252200352,0.5034489567675509,,41.20893489010632,40.953885859809816,1.1256164638325572,39.82826939597726,0.0,42.2635686409185,27.670792907095667,39.27900901991288,29.118911036569322,11582.399999999916,1335.4241388993096,2070.9299667392143,1295.9549237179535,44.33719315630189,1.239741563796997,0.2716981768608093,0.7808428911355764,0.29963648319244385,44
293,720,81.5202589186323,-4.993419563080137,-1.9560589955175327,-2.534260009516464,0.49914047557891306,0.025077106431126595,38.766048214398324,37.991919660940766,1.1148604592308402,36.877059201709926,0.5218123132362962,42.26203134221813,26.26928796953152,34.21956179372972,18.645503545734783,11586.99834202852,1383.5891204161405,2053.9328861927797,1308.4242256127168,168.1172048298216,1.3290587663650513,0.16670158505439758,0.8745716974499758,0.6478300094604492,50
294,720,76.29912783530281,-5.2003586399283295,-1.9687727318518455,-2.7151960433313134,0.5121773046297675,,42.59782481472939,42.359476015903056,1.1211989466100931,41.23827706929296,0.0,42.25579835352744,26.424202187163853,32.52791418948912,11.480114353583051,11605.365167108244,1414.1816364232063,2105.628567324847,1281.8573244064894,166.15662168600156,1.453931212425232,0.33951428532600403,0.7664853175827508,0.33838462829589844,40
295,720,66.23630447959813,-5.393820131754374,-2.641987216112215,-2.237631039917311,0.5103118965842768,0.0384959951043129,44.83164271898568,44.05318879708648,1.1141555402427912,42.939033256843686,0.5230117384344339,42.256974690578936,22.360912781590898,36.94296753292898,23.58002096005164,11582.448665385946,1418.8597337785914,2097.914158859881,1280.9344364359563,105.71900358463269,1.4136054515838623,0.6901917457580566,0.5117507894549097,0.26151180267333984,21
296,720,86.16897364307968,-4.689787330649517,-1.697108406058042,-2.487088089344268,0.5016474689396694,,43.43750459048897,43.15438715647906,1.1262272158637643,42.028159940615296,0.0,42.26363610626628,27.569942757956355,36.369893650071006,15.33244242179288,11591.482734074667,1385.9341846250693,2062.4875026047152,1277.296345057258,54.91389453581681,1.6791883707046509,0.08976805210113525,0.9465408088411992,0.11891603469848633,27
297,720,70.47977623261515,-4.774793987903518,-2.412395669278782,-1.9058068568412856,0.452685148362726,0.015205968171358109,45.23793545924127,44.468423057347536,1.116035221144557,43.35238783620298,0.5228894874453545,42.26343219049281,23.6051635189798,38.11176387296843,26.84410927487218,11582.399999999921,1262.0746762741005,1865.7914683107088,1313.113945273641,85.03006473120104,1.1410506963729858,0.48266181349754333,0.5770023058293887,0.2758070230484009,48
298,720,85.34984212573025,-3.7153606746121906,-1.5821725867785341,-1.6557767255063738,0.47316427832697733,,42.69658583402634,42.467400626279414,1.1217657113447785,41.345634914934635,0.0,42.263932843899426,28.4985709457069,38.552464904666074,22.65377863333902,11582.507368788883,1291.5917807614144,1947.2410249226323,1359.458453510168,104.60518672917836,1.2304213047027588,0.11062921583652496,0.9100883450134583,0.24590957164764404,16
299,168,0.0,-16.94188718430546,-0.9878020789130401,-2.028202451467501,0.09995994594087443,,15.93558119609952,15.661587281152606,0.26354557275772095,15.398041708394885,0.0,20.659085514511943,8.68051908566315,33.938458901191595,0.0,2717.0728787647786,328.2213287216897,412.6938721023074,324.3148124027627,43.22701918270074,1.5246821641921997,1.2306742668151855,nan,0.16643190383911133,39
300,720,76.41238462112683,-4.681079114917869,-2.4143083503799594,-1.7490220155982328,0.5135581184988897,0.06174781545996666,38.98794396407902,38.132971780374646,1.1174035761505365,37.01556820422411,0.6044965060427785,42.26350909811673,24.059519977848954,37.18741074391912,25.70793470053833,11582.399999999914,1406.0345936706283,2109.3513971066495,1304.616575045227,225.92768155838215,1.2253836393356323,0.3572748303413391,0.7084383870711354,0.4670511484146118,46
301,720,82.37225617588223,-4.265467792949163,-1.4197360165785604,-2.3389801526666543,0.5026628329026347,,46.83915427792817,46.55190904811025,1.1304051857441664,45.42150386236608,0.0,42.26378292920107,28.693878998314343,31.68907582085987,10.786697264904214,11604.786225071102,1378.773862180977,2066.8204884151382,1277.148207938782,117.79495510348941,1.7338613271713257,0.17253926396369934,0.9004884293456241,0.3436392545700073,41
302,123,0.0,-17.449305158789976,-0.8031152891441815,-1.6224476788184723,0.07310872649303547,,11.567074980586767,11.318533627316356,0.19262379128485918,11.125909836031497,0.0,22.497832313693166,7.999296768591009,30.335263406143078,0.0,1999.9041408757207,241.84175839800236,301.19146101593856,213.67283564916667,59.21057623567183,1.1836987733840942,1.4240636825561523,nan,0.7568885087966919,105
303,720,82.01603103267769,-3.9284898291103976,-1.6146202015160656,-1.8135716640958877,0.4964917617006737,-0.04115106910467148,37.8170627662912,36.97868864890188,1.114543367177248,35.86414528172463,0.6033487087115645,42.26361874495657,28.389875861735597,35.5052306950755,21.70766747922082,11582.895678050383,1337.7709967277924,2040.1100420680707,1276.797286880638,191.18565118410743,1.3450539112091064,0.17763441801071167,0.8679350942513292,0.10788989067077637,16
304,720,75.65131743242253,-5.065644211215025,-2.3430740637565544,-2.2121646346040595,0.5062465437498933,,46.65690353140235,46.401577573269606,1.1254845652729273,45.27609300799668,0.0,42.26245668566157,24.085327842711816,37.722032923108465,22.45845807688815,11582.651858642766,1399.745104639274,2081.802006711356,1305.2160697909858,172.16841854337108,1.290025234222412,0.309126615524292,0.7603716521788629,0.2872488498687744,49
305,720,75.19866127949145,-4.34138768491351,-1.8527599827828993,-2.020740473949588,0.4639932829087593,0.15576110780239105,40.078616397455335,39.33021134138107,1.1149673033505678,38.215244038030505,0.5234079696238041,42.263779681366124,26.64088998345198,31.948525623400396,21.379748378078325,11582.67390590193,1276.1440772239214,1912.9337732833887,1365.550199190674,77.97172612919756,0.9377526640892029,0.3689209520816803,0.6065903449711906,0.4503355622291565,28
306,720,80.89370585965997,-5.0629480334744885,-2.0101541697754852,-2.5447674700190075,0.503742277295898,,43.114590543322265,42.84832526836544,1.1202574586495757,41.72806780971587,0.0,42.26369929108032,26.50839418421423,33.72436489592403,13.56623175636204,11600.283573766985,1389.245474321036,2070.973210737567,1350.1494857643293,87.71647341024199,1.45362389087677,0.21490773558616638,0.852157262318699,0.04625904560089111,86
307,720,73.9874169916239,-4.69103938079353,-2.371497576972846,-1.7923057877803734,0.5227848165722028,-0.15262608230113983,45.43838413525373,44.68955276533961,1.116268320940435,43.57328444439918,0.5083597395569086,42.26342066888489,24.563731324609837,36.28773288516059,24.776970630783968,11582.400411386523,1424.1002668673887,2146.841001286452,1333.0289099175898,124.98105151875441,1.380746841430664,0.40780898928642273,0.7046460820697076,0.2828972339630127,68
308,75,0.0,-17.574211976153517,-0.43562649168766504,-0.9416114340808589,0.04655393213537064,,10.986287906765938,10.717860886827111,0.12701878231018782,10.590842104516923,0.0,14.657007389669829,1.9912139325329163,32.938860115599354,0.0,1217.0739371144714,151.0471004744451,190.86332859637162,121.85975230007332,31.429406041571568,1.4702377319335938,2.035792827606201,nan,0.593024730682373,73
309,720,72.84915079058624,-5.149474956411861,-2.397944237632458,-2.222500266106663,0.5244479208780038,,45.787960034795105,45.55016447883099,1.1277675619348884,44.422396916896105,0.0,42.263697458269746,24.35411618679894,38.62022008215384,22.524422806190756,11582.698080797196,1447.7594020744107,2153.473942619853,1329.8428772593743,173.27118032700244,1.2366383075714111,0.4394066035747528,0.6446765389002971,0.15935540199279785,35
310,720,80.0127913165303,-3.018813773248945,-1.1147524826948958,-1.4025418865286028,0.4972864475876932,0.07745600491762161,39.433319638483226,38.67802284192294,1.120147092267871,37.55787574965507,0.5152024263516068,42.26355479041077,31.071757184734846,34.911062906196676,22.91811909106988,11582.481705476528,1326.6181026366423,2045.8549667451582,1330.3370913498097,93.48666121539645,1.1575343608856201,0.26920512318611145,0.7674322834095872,0.4676004648208618,39
311,720,65.28189468743787,-4.843064653862543,-2.395937162345835,-1.9625161217024705,0.48059848364926,,38.904119877144694,38.65820690430701,1.1220621671527624,37.536144737154245,0.0,42.26371834179309,24.052466133392862,32.21463223815228,23.66943306100028,11582.426254008313,1336.8804129671075,1979.8383498943651,1314.5859249857767,210.63901210439116,1.7919598817825317,0.7773168683052063,0.5662197149570228,0.009693026542663574,1
312,78,0.0,-17.680852141049954,-0.6108023915202203,-0.9348708721584283,0.05964251746146277,,10.229104016907513,9.973549405112863,0.12264406960457563,9.850905335508287,0.0,23.396253928459046,2.2776915726993834,34.16957576249071,0.0,1263.5251101341596,190.6470262781941,244.26753559855885,134.34042387773934,52.11074742035383,1.7310643196105957,1.9045658111572266,nan,0.44791364669799805,65
313,720,73.77543412182533,-4.6578179093662175,-2.175190774814789,-1.967997097652768,0.5105165781121789,0.17487840354442596,40.675649773329496,39.94030552916229,1.1187927415594459,38.82151278760284,0.5115946214646101,42.26352422575009,25.091618507323215,30.269796196334042,21.677142094532545,11583.18572677931,1393.7823421063072,2097.461668243271,1298.635494463447,140.55614474937317,1.5079338550567627,0.5043830871582031,0.665513785325009,0.10409975051879883,7
314,71,0.0,-17.640394358112864,-0.46733868773113724,-0.875081952286437,0.047687892602794095,,9.088918654248118,8.830832030624151,0.1129047442227602,8.717927286401391,0.0,10.4549242335261,2.1976994888755965,31.362136394195744,0.0,1150.2653815119577,154.4675137846511,195.56411993245905,109.90382671633948,67.79895720787334,2.0064995288848877,2.6327602863311768,nan,0.6871829032897949,67
315,720,82.05816256737899,-3.94476922656173,-1.78820880309489,-1.6456317054516565,0.5068826762793129,,41.36780310049653,41.13558056950569,1.124580911360681,40.01099965814501,0.0,42.2633943493954,26.512278591653917,34.72466001623804,21.244588952814716,11582.961673762582,1366.6769699892143,2083.2335786485332,1288.7485300264857,234.85346521467224,1.6536325216293335,0.143671914935112,0.9131173866890624,0.43194687366485596,30
316,720,82.70769449375194,-4.563047622652617,-2.067045685640468,-1.9905780951035819,0.5011907260556632,0.01654178649187088,39.23538101091981,38.468305992893875,1.1209014421328902,37.347404550760984,0.5117039065808058,42.26375153452503,25.399429453121492,39.60898178960422,18.813371754852707,11584.731222511924,1378.7474547169445,2061.6864250169338,1331.8066278889796,238.72848220150013,1.733564853668213,0.11336605995893478,0.9346052386104547,0.343247652053833,38
317,80,0.0,-17.495655251218867,-0.4132061972381068,-1.0127981211625245,0.04428924731065239,,12.10463732574135,11.810244644992054,0.12713234405964613,11.683112300932407,0.0,10.606586278890834,2.701193494288501,32.134656831144234,0.0,1297.7106678434152,146.393469985347,183.27613226066467,156.87857171723778,24.53457183628482,2.034090280532837,2.216876268386841,nan,0.5499844551086426,46
318,720,85.6640127341374,-4.97852694415709,-1.9319907901084716,-2.581717620526484,0.4608280714806575,,41.11886724177748,40.833400240167975,1.1327844467014074,39.70061579346657,0.0,42.263320082580904,25.671361352561316,34.680958563232515,20.50263083890229,11583.947715368246,1280.1182261960766,1895.1690167257561,1308.8144566628832,101.59823691433469,1.8356244564056396,0.10746367275714874,0.9414566130985339,0.043724775314331055,6
319,720,82.9861677803325,-4.21432557699922,-1.980431642431967,-1.7155243925605657,0.5139102974530992,0.05430440604686737,43.18160697631538,42.41652889363468,1.1227144291624427,41.293814464472234,0.5122903948649764,42.24617016442988,26.077621634839655,33.53106876282709,19.124861185016133,11584.529239544723,1388.0490471170842,2113.7813830252526,1330.6084470244543,192.6405989712183,1.5959638357162476,0.21213839948177338,0.8670781914136743,0.35659468173980713,71
320,720,71.45070728963748,-5.159882567968434,-2.169108259972209,-2.4790775041824125,0.5077469855113509,,44.21946597099304,43.95238570589572,1.1251258794218302,42.82725982647389,0.0,42.26388428398512,25.058611195769597,36.47551091023657,10.89352236405394,11602.052575224658,1403.025023400949,2086.329053763565,1233.9535858444335,191.4189080494378,1.5423513650894165,0.6214442253112793,0.597079991383642,0.6278380155563354,62
321,720,82.20928035387956,-2.7249268643029447,-0.9738114606442532,-1.25625902021461,0.49082459410048485,0.1283850371837616,42.81889379397035,42.042310050688684,1.117860754020512,40.92444929666817,0.5104704964905977,42.263734002703785,31.279198110322184,39.46450601913652,26.007746069582975,11582.399999999972,1304.2219179293897,2019.5776937259793,1317.9661004581915,131.67927143877557,1.501512050628662,0.22895590960979462,0.8475164355065056,0.11798882484436035,26
322,720,73.72869441441951,-3.238597198502806,-1.4043265088452643,-1.328765911611363,0.5013721755899807,,43.40975574031472,43.15861406829208,1.1237379740923643,42.03487609419972,0.0,42.263565122854025,28.720612639182285,32.941696679106656,26.938888713071062,11582.399999999934,1346.5790126724764,2063.2019016379,1293.7650313455415,99.80201551215318,1.595574140548706,0.532572329044342,0.666219001981823,0.0,0
323,720,85.84762595826507,-3.3403730892329992,-0.943623601569553,-1.908077010182558,0.48454336979263046,0.04631907865405083,41.19230451900512,40.406182683072984,1.1233803173527122,39.28280236572027,0.5083309058099985,42.26376639060253,31.168733352682565,32.56603091462901,19.15925378793331,11586.171082321796,1313.0792366598446,1994.5500171854383,1319.3261786133974,127.17499662494436,1.951059341430664,0.06068665161728859,0.9688955377580732,0.11649847030639648,26
324,720,84.97725399523061,-4.313094690665299,-1.5486309135922378,-2.308065373948939,0.4522432391099865,,41.42272497154772,41.18246319144964,1.1285345535725355,40.05392863787711,0.0,42.263776151046386,26.888390300763486,34.04276770996806,12.289839744176113,11594.022028857784,1239.0158352482936,1863.703315542734,1370.1220559290484,91.35505977920661,1.7122812271118164,0.10160784423351288,0.9406593714719985,0.015437126159667969,23
325,720,77.50632543298359,-3.4587650344971803,-1.1303092332143516,-1.8170564374367222,0.5070838156801569,-0.03824237734079361,41.843752982094884,41.105242202058434,1.115675830282271,39.989566371776164,0.508406582288444,42.2635871748814,29.87418945561038,33.2700444646399,18.341568947384324,11585.065925409383,1365.9631952831621,2084.0780752010537,1301.2115355155352,103.19188759228128,1.5201208591461182,0.3841359615325928,0.7472990655832659,0.39932703971862793,81
326,720,72.8578895346716,-4.5329598906238955,-1.9818720582692098,-2.0418933061348814,0.5049048242844129,,43.422126457095146,43.17275525443256,1.1197081403806806,42.05304711405188,0.0,42.26354158935309,26.94866090905389,30.04452777767722,15.810494921888724,11589.644095895655,1378.9086865282895,2077.373598789694,1326.9648168823346,108.35983967020904,1.3066352605819702,0.4442733824253082,0.659986688077413,0.07287430763244629,13
327,720,77.4455169405278,-3.7780904425313206,-1.89542490599529,-1.4039068142450783,0.4749415650672698,0.09886964410543442,44.82347656786442,44.078306064009666,1.1192589160054922,42.959047148004174,0.5076660076156259,42.26351320612268,26.88010614535874,39.0648650077393,25.825338739002568,11582.399999999949,1284.4744235959524,1955.994183305617,1315.5357505253296,84.89350218092774,1.1875202655792236,0.32341262698173523,0.7276571723818221,0.22233140468597412,20
328,720,66.80295681685772,-5.628178107728364,-2.117306571071348,-3.0154427224804,0.4913978247450222,,45.608999487012625,45.34904901403934,1.126116774044931,44.22293223999441,0.0,42.26354138271898,23.16873070001725,39.10368745369154,10.286106585123164,11609.829124192833,1388.1255027412285,2021.85365059609,1305.9074793902412,81.11044057052575,1.4484000205993652,0.6143677234649658,0.5758300782053751,0.6966941356658936,72
329,85,0.0,-17.419281974702198,-0.4316088844543116,-1.0313374375843503,0.05590717615313255,,10.304878850467503,10.04273134842515,0.13374536857008934,9.90898597985506,0.0,12.739797264208777,3.1212801671149415,33.861614162642645,0.0,1377.0477787559207,181.79345510613368,229.79582641425733,152.43526191859678,36.859074154545,1.4993810653686523,1.645243763923645,nan,0.513505220413208,53
330,720,79.92599014451304,-4.3315856567019235,-1.848666142735283,-1.9831067913002294,0.49554817595645223,0.13146871328353882,43.90420909319073,43.113877900876105,1.1183224935084581,41.99555540736765,0.515889760106802,42.263719025892485,26.488830215788827,37.497123286762886,19.008862843969858,11583.755427849132,1362.5183690190918,2040.7127821465376,1363.624648217649,151.69911018845445,1.4874920845031738,0.20180265605449677,0.8643336269437027,0.26669609546661377,42
331,720,75.66183704115711,-5.097655736568432,-2.235093109602971,-2.3538905211662664,0.5044014935398151,,41.115970752201974,40.880919323302805,1.1168373385444283,39.76408198475838,0.0,42.247973576281595,23.830903625417417,31.336769940394944,20.36250985957608,11584.730125095737,1403.7150435170556,2074.903230749137,1358.2451244948916,189.96481561416533,1.493857502937317,0.37694647908210754,0.7476690525428753,0.2176370620727539,12
332,83,0.0,-17.52691375437601,-0.5218713515833769,-1.0073970473988707,0.047192899432889214,,10.024333401583135,9.758715697564185,0.12955704983323812,9.629158647730947,0.0,10.867475676856944,2.9543792240860345,33.351757468433334,0.0,1344.935404615027,154.64157909577648,194.37266625958733,146.75197489454715,23.262786905019407,1.6739261150360107,2.416685104370117,nan,0.7427589893341064,82
333,720,76.0925722412231,-4.504791123743286,-1.9417694041915226,-2.0756929263803285,0.48324923112274476,-0.06855703890323639,40.823521334677935,40.06335774902254,1.114889770746231,38.94846797827631,0.5161181315779686,42.263831324396484,25.752578144115407,32.42432848806849,25.90326481203177,11582.399999999936,1338.2405239480381,1990.2921289789467,1332.564345900695,66.31905049797864,1.0450818538665771,0.3691031038761139,0.6468189524959101,0.18937993049621582,3
334,720,69.69363366179863,-4.743820205628071,-2.024512995710744,-2.246309695103796,0.4687969220880331,,44.52521117962897,44.26415986754,1.118191346526146,43.145968521013856,0.0,42.263668864551896,26.937261475814243,32.45031123259106,16.39791698128295,11589.43042333283,1292.4489943408594,1931.719173077928,1398.3828408708898,41.706464505357985,1.447735071182251,0.6269595623016357,0.5669376429558708,0.39163172245025635,14
335,720,61.371371390936055,-5.2509650890931265,-2.109431850517922,-2.6673496451200958,0.47023961314636115,0.16444268822669983,42.798325086943805,42.03328019939363,1.118643818423152,40.91463638097048,0.5078999325633049,42.26379350465491,24.829876517377343,35.993165996615986,15.455018214281028,11591.652741889493,1321.7652159548777,1931.070391433906,1285.4771892586132,133.36963506467205,1.7196130752563477,0.9761873483657837,0.43232151324491375,0.26327526569366455,28
336,720,66.53037308532875,-4.304287734990035,-1.7406671120534618,-2.0975485520030612,0.46204519975265834,,41.72820369526744,41.48641031887382,1.1256212126463652,40.36078910622746,0.0,42.263868405922835,26.64714072823765,32.606912426924985,19.489382392639282,11585.156702202117,1276.0762900923346,1899.7562492054963,1280.3923244582202,125.95530877271202,1.4427822828292847,0.7014771103858948,0.513802519802015,0.22414743900299072,21
337,720,62.0976593688721,-3.7536589067483663,-2.1269591372729635,-1.23983443973517,0.3827461065051013,0.04458031430840492,37.78386360313743,37.02992994803935,1.115832943469286,35.91409700457007,0.5079636257141829,42.2638949109677,25.463473805715804,38.78363839559375,33.99036204613049,11582.399999999905,1048.3932393056564,1576.9944527608832,1375.356560728562,147.3555214372135,0.844316303730011,0.8067675828933716,0.044472338945436785,0.09388566017150879,10
338,720,78.00508934796936,-2.9576840517863765,-1.3425507384016055,-1.0951647046027282,0.5156402761391056,,46.26709260698408,45.982493666000664,1.1269729351624846,44.85552073083818,0.0,42.2635907457378,29.444453823255508,39.66630002650236,29.814733122725794,11582.399999999954,1367.1447910056615,2117.194199663879,1286.6342046478612,223.4276084004637,1.8025403022766113,0.3825388252735138,0.7877779349563687,0.0037899017333984375,7
339,720,76.28815245555106,-4.6838543418317675,-1.8593328938564468,-2.29426684079807,0.52545449680003,0.06575004011392593,44.102218826301396,43.31470376253128,1.1194013729691505,42.19530238956213,0.5106851067394018,42.26376749371824,27.05702309684885,36.597052281283666,16.6986156005693,11589.299841505741,1434.5218233431704,2157.9295868004774,1330.1325659241706,180.825177063016,1.787664532661438,0.35807090997695923,0.799699046753548,0.13017702102661133,31
340,720,71.3934458939916,-4.536569528679005,-1.6889100345803978,-2.321378377123594,0.5216543152497836,,42.465312296524644,42.21982835885137,1.1257700910791755,41.0940582677722,0.0,42.263707670787184,27.043159605684682,37.50462800455344,13.800171929110402,11594.280957283267,1424.5171125133584,2143.033393755835,1294.2004855356404,179.78922178974858,1.613365888595581,0.6013461947441101,0.6272722765524836,0.4419729709625244,60
341,91,0.0,-17.12909733681537,-0.3079847314251435,-1.0274444893817645,0.04316902552302121,,11.674492382444441,11.394647813402116,0.14320530742406845,11.251442505978048,0.0,5.630594758591698,0.97011046963345,38.658533619469466,0.0,1472.7914526416823,139.17490086724354,177.69106505638084,182.26707696623242,44.98539781811754,1.5388444662094116,2.5054681301116943,nan,0.9666236639022827,90
342,720,67.09891730023585,-4.424511492082947,-2.1211836611205444,-1.7927146860384602,0.506399755424241,0.0972113311290741,41.05215012002736,40.294099275022745,1.115012145601213,39.17908712942153,0.5141954254359007,42.22782184645561,25.173376707306428,30.94918927655011,24.018796608413503,11582.40696786806,1386.8235259756025,2082.618419065399,1337.477074432412,193.38206491201205,0.9457315802574158,0.6709561944007874,0.29054267785140275,0.06719869375228882,19
343,720,74.07075052012108,-4.653523331462714,-2.0592673050553887,-2.1238663881340667,0.46588826694217655,,40.28886251989752,40.044350882060826,1.1202393425628543,38.92411153949797,0.0,42.26368856222889,26.57034849041297,34.7795790287167,19.911997199202382,11583.947637877136,1288.7578247127092,1916.5419298919528,1346.6066869345993,13.068225225900509,1.3722327947616577,0.5318415760993958,0.6124261290579556,0.2847287654876709,20
344,720,78.0743560461271,-5.3534914720400915,-1.9375364286069903,-2.8974924329072294,0.5143504186058906,0.06462891399860382,44.934426211752,44.14093554019928,1.1188003793358803,43.0221351608634,0.510508868843317,42.26362574035846,26.149263170713407,32.107306278077736,16.772127105124664,11594.142709431124,1425.478146016655,2111.032803464342,1255.416101680002,306.1395946294454,1.906645655632019,0.3617267906665802,0.8102810610885774,0.012540936470031738,9
345,720,74.53020469391831,-4.453813172721962,-1.9947693230154153,-1.9464375877207516,0.5083744788873423,,42.32864817883819,42.06296936515719,1.1238447977229953,40.93912456743419,0.0,42.256726424855856,26.294139576801832,35.42086109178381,17.386538128413925,11585.899899825214,1383.857601301597,2088.140806721392,1268.707328954851,148.43855113805472,1.673874855041504,0.44895973801612854,0.7317841673384857,0.032852768898010254,3
346,720,61.41433714878938,-5.46900104109385,-2.6869050264009755,-2.264858178455355,0.5130121757969115,-0.024003947153687477,44.05068358965218,43.31038953643292,1.1190425995737314,42.19134693685919,0.5117199225351214,42.07476023109816,20.641714284840535,39.36434336018579,27.578800168677482,11582.399999999947,1439.6744645468177,2109.232867727994,1308.8859053584465,104.91560372749267,1.2812227010726929,0.8588894009590149,0.32963301365178976,0.38745880126953125,89
347,720,66.40879332687135,-5.768507880681266,-1.8602518320606063,-3.4400680529340546,0.4640762105199903,,41.00314917974174,40.75497177243233,1.117601196281612,39.637370576150715,0.0,42.2636308427124,25.0676943291961,34.7506201215989,11.096744777632956,11624.050190913153,1334.633001330463,1911.5150579257315,1350.8915191822946,158.6463698433022,1.6230156421661377,0.6729451417922974,0.5853735944934213,0.5294022560119629,30
348,720,67.41919408935414,-4.88235944741617,-2.1138320234738357,-2.267356269946481,0.49683241357337143,-0.05021079629659653,44.772773397155106,43.98483900912106,1.1168320020660758,42.868007007054985,0.5073507940396667,42.26344015118091,24.622439145765483,38.71181258138514,16.84875564473969,11587.457376157417,1373.505527546601,2044.8960522667178,1348.5631831481735,122.1967924463907,1.539141297340393,0.7002678513526917,0.5450269234132428,0.22063398361206055,24
349,720,69.79093672821658,-2.514110639899497,-1.2440962742720512,-0.7612298476364954,0.5043988136933337,,43.86013106349856,43.61768987774849,1.124094077385962,42.49359580036253,0.0,42.26351342809752,28.9440322651612,39.92782895605407,39.095848725761066,11582.39999999992,1324.8822839834968,2072.5575368050763,1349.0869732835743,131.28889458827896,1.0613067150115967,0.5899045467376709,0.44417147428373227,0.18668735027313232,15
350,720,72.437067832578,-3.1075621694948286,-1.485638633261093,-1.099757765887037,0.5181562059997061,0.1815463751554489,42.49010692257434,41.93853275291622,1.1164467176422477,40.82208603527397,0.2985688578337431,42.26342638682491,28.893083619968817,34.97540946888596,32.30149625563604,11582.399999999925,1374.9060977217703,2127.1111714735457,1255.4696145957807,89.61446769118743,1.0505839586257935,0.38662272691726685,0.6319925468660448,0.0018905401229858398,3
351,720,71.26482932784387,-4.8388156451594915,-2.259620180995701,-2.073254916782352,0.5018497080501284,,44.741710398346186,44.491551416926086,1.116686905734241,43.374864511191845,0.0,42.26350252843771,25.351235935343638,37.69514271497089,23.778873367634432,11582.436447848731,1378.8859847898943,2063.978192736954,1302.6606314681733,165.04970240384998,0.9656968712806702,0.42752236127853394,0.5572913468057837,0.3185766339302063,42
352,720,78.08024054618024,-3.9324068816605484,-1.8582912041454729,-1.5976091905413277,0.4723760812752552,0.10407071560621262,41.40279336553067,40.63225587550551,1.1152062816545367,39.51704959385097,0.5089965555816889,42.257160418857154,27.053863240131577,32.01536119656576,20.58744795506903,11583.126036743619,1277.557696013768,1944.1450140521565,1300.9467704995484,107.77620594002119,1.0163068771362305,0.25712916254997253,0.7469965338869731,0.03803539276123047,80
353,720,76.94384585659554,-3.0186567509072075,-1.3801263894211941,-1.142580733341393,0.491782019408049,,40.60655392892659,40.35670176055282,1.1256700539961457,39.23103170655668,0.0,42.263294295312015,29.152649570901954,39.016543083547276,30.04077560642105,11582.39999999994,1311.9835167845215,2024.9593856937192,1341.8170738347903,74.59270774113125,1.579880952835083,0.4094557762145996,0.7408312471393274,0.0,0
354,720,87.0980034348779,-1.9882293596325595,-0.485579635441043,-0.9711739553550313,0.5270222275265003,0.08720730245113373,39.28424717858434,38.50680261757225,1.1210996890440583,37.38570292852819,0.5097704045474529,42.263624620065464,32.85481473779685,33.51940294565604,30.68428104337447,11582.399999999985,1385.717037563348,2165.4899739214043,1305.2293304898737,150.25138348737494,1.384547233581543,0.04670414328575134,0.9662675695325055,0.0,0
355,720,77.2166765958972,-5.662452167146873,-2.201839044782605,-2.96273404252598,0.493957237033204,,42.295456004329026,42.02371929772198,1.120761588215828,40.902957709506154,0.0,42.26374894764966,24.600434079268542,38.73056154313688,13.411576648631696,11600.57342024369,1396.1702534910414,2034.1304304394894,1319.893592006656,187.9883969755154,1.6150240898132324,0.2739373445510864,0.8303818832926724,0.19447410106658936,30
356,720,69.34751014313208,-3.7038137091370538,-1.7010857701917064,-1.491360755068126,0.5071252165562651,0.10236743837594986,37.99113126564771,37.26412096899003,1.1169405272230506,36.14718044176698,0.5084304558113217,42.26375034431923,27.909813263825654,31.689166095186017,24.763086705527034,11582.400122010864,1371.295776068929,2088.1679820735244,1340.637659880862,140.93844987504556,1.103424310684204,0.35373130440711975,0.6794240429705773,0.0,0
357,720,76.42186537832657,-4.266858944665603,-1.8400882197665904,-1.9132497016278596,0.5091495896277158,,44.881311914883554,44.62940386775881,1.1275054076686502,43.50189846009016,0.0,42.26144951629597,26.90829374085157,31.187018960926295,16.816755702592726,11587.573054445402,1384.746287180075,2094.5699908324655,1388.379945817048,144.09929874165638,0.9585914015769958,0.3452613353729248,0.6398242934320826,0.26379722356796265,65
358,720,79.00454787837825,-3.662019753576725,-1.4522266017543901,-1.766724327182379,0.43914026721388943,-0.017201822251081467,41.68315861467272,40.91691215150058,1.1179347150027752,39.79897743649781,0.5096658235415816,42.263427447011026,29.37842567274008,32.103612134927616,25.915386590622415,11582.39999999997,1205.5078364520948,1808.8738465410547,1322.3458578126144,188.22787278007974,1.2800463438034058,0.27427101135253906,0.7857335301332944,0.11417281627655029,27
359,134,0.0,-17.0122939294191,-0.7185538495453528,-1.5460432671401798,0.07190033587620737,,13.85814996715635,13.614095200784504,0.21027463208884,13.403820568695664,0.0,16.544974644926782,7.647352606074648,32.4005133085986,0.0,2166.049965925548,232.679712341127,295.38690269360313,239.3064624639368,43.274362834931964,0.9495952129364014,1.8159626722335815,nan,1.0517773628234863,116
360,720,76.30236857365279,-2.7847307078235497,-1.3125086115850482,-0.9880309880075604,0.47976569131668706,,41.43840874172747,41.198521587997675,1.1189957223832607,40.079525865614414,0.0,42.26251517901376,29.65361879336969,31.525298421380814,28.85313221262805,11582.399999999945,1277.3851673745073,1973.634906347954,1335.750073627516,179.58896399215573,0.9865311980247498,0.25190281867980957,0.744658030902445,0.056234776973724365,26
361,720,73.13152714439931,-2.810979607353622,-1.2061852536022382,-1.099337147857976,0.5014324429462927,-0.20324037969112396,43.99797383043915,43.175494810566306,1.118016260676086,42.05747854989022,0.5826958622783422,42.2638149926504,29.717435470509862,39.1131406669605,33.11393583305556,11582.399999999925,1336.652861136156,2061.5343460090394,1327.268812461172,144.63086883622333,1.116379976272583,0.5153756737709045,0.5383510231958273,0.0842893123626709,17
362,720,72.27048850062793,-4.810928222522373,-1.9854620746358413,-2.337212647685551,0.4841031373843323,,43.94451026059687,43.684689472429454,1.1244423668831587,42.560247105546296,0.0,42.26347712788976,26.56917462751773,31.83606792614385,15.150209899444917,11593.544408611619,1342.0379171759043,1988.7431857161976,1265.9559210365885,194.19738708855928,1.7949550151824951,0.5106589794158936,0.7155031880484346,0.1553506851196289,22
363,720,59.870491830812334,-5.113012348629563,-2.706318011083015,-2.006648091192964,0.3960449670335109,-0.03148709982633591,42.84678114391863,42.106746196746826,1.1200304692611098,40.986715727485716,0.5086654489859939,42.2577337443972,21.255827001685436,34.26736603762851,22.229737144617058,11582.642823360879,1102.2795149852238,1628.8180274895326,1365.4932685681886,64.28107269367085,1.7604167461395264,0.9801687598228455,0.44321777103501847,0.1633983850479126,23
364,720,83.17494509720733,-2.371947321631494,-1.0039063088427613,-0.8402295894962983,0.5232892953342951,,40.51812344696373,40.27520117070526,1.1271054511889815,39.14809571951628,0.0,42.263692734245296,30.27032231272441,39.95021422841892,34.31598950893137,11582.399999999949,1381.3331931171208,2151.749560959737,1340.9389966356973,173.5929717006292,1.3437373638153076,0.10366097092628479,0.9228562264340425,0.04022014141082764,8
365,720,75.23181155274736,-4.990590288170475,-2.076286988531845,-2.4038102165730786,0.5060194419452889,-0.04592265188694,43.58003608323634,42.81044695805758,1.116234477609396,41.694212480448186,0.5076046139001846,42.26245470192171,24.91396350982791,34.37301362841467,16.012083286751913,11592.658745378449,1403.6255420550642,2081.6639579244875,1324.3285165968623,139.8722124599635,1.6805144548416138,0.447895348072052,0.7334772415782251,0.16371560096740723,23
366,720,72.79294678359017,-3.3402256322833184,-1.5899816948564784,-1.2288729166796555,0.5169190357677088,,43.8503368422389,43.61205187346786,1.1235639480873942,42.48848792538047,0.0,42.15381464318653,27.987501002841377,36.127010892921874,27.726246991452648,11582.399999999956,1379.2423270994589,2126.5358273733827,1369.773770827193,167.20444154792034,1.0632160902023315,0.42212769389152527,0.6029709315147838,0.0,0
367,720,79.50109181369804,-3.055098457206241,-1.4310367328631095,-1.1172201960582056,0.5025519127367378,0.13608776032924652,40.33173262514174,39.577892968431115,1.1187582490965724,38.45913471933454,0.5088140554726124,42.26303145144501,28.277697118182783,38.78374536709581,31.965383811499425,11582.399999999958,1336.3620706436795,2067.700082631171,1316.9709584302054,173.63720845666117,1.2699161767959595,0.17021434009075165,0.8659641138518228,0.06473350524902344,3
368,720,78.2736671173155,-3.7329957197871364,-2.092224899151921,-1.1210838695604908,0.5151372399980277,,36.69275548309088,36.46383433043957,1.1234846664592624,35.340349663980305,0.0,42.26072693558809,24.84241694901992,38.29662647274723,30.337892336939664,11582.399999999945,1379.5986562264407,2119.5409251446854,1378.1708616970375,234.9495751940934,0.9355997443199158,0.3123343884944916,0.6661666589899227,0.08161753416061401,13
369,98,0.0,-17.355893562373303,-0.5101575284865747,-1.2146005129910709,0.05560092483137607,,11.84371809847653,11.576332462951541,0.15395132917910814,11.422381133772433,0.0,9.146276029832949,4.7488777924733725,32.956008478468604,0.0,1588.3888353867692,179.3485695867127,227.9773136081208,186.98138102134442,60.18351289672412,1.532507300376892,1.2884268760681152,nan,0.1245577335357666,6
370,720,71.91516091278629,-3.1718941985553615,-1.6494109975788729,-1.0544184407903718,0.46386380386419995,0.032524485141038895,42.662125633098185,41.82837692927569,1.1161416498944163,40.712235279381275,0.5849608089774847,42.262447408439186,28.473975079927154,37.68728586313947,31.247292192598795,11582.399999999949,1243.3475684309442,1911.0388549343215,1381.994179459507,66.74307786387602,1.0119221210479736,0.515028715133667,0.4910391774020223,0.049913763999938965,8
371,720,62.47968254989416,-3.473404934764167,-1.7468853748615334,-1.3250554131213772,0.39771168547629354,,42.38897675462067,42.14058221690357,1.1209486294537783,41.01963358744979,0.0,42.26341009237046,27.283213125985576,39.01548909248297,28.599606692382913,11582.399999999927,1076.3742508584144,1636.7344612629472,1335.453047155203,108.49974414102708,1.5073617696762085,0.7583876848220825,0.49687745829921814,0.10508596897125244,38
372,720,67.81068172754607,-3.8022876081209755,-1.7923836994230564,-1.4916192875956371,0.5140987031310092,0.03370736539363861,43.18169311527163,42.42212908528745,1.1181890163570642,41.30394006893039,0.5084502622485161,42.26349678194399,27.03579704247727,31.62964038179359,24.54682436183132,11582.402615123645,1379.5802326415455,2114.5298112776727,1307.58954995786,208.8658737455291,1.5506654977798462,0.6037930250167847,0.6106232931078555,0.10973882675170898,21
373,720,82.7271373707267,-3.4196305866803893,-1.4505076526689453,-1.5226073787745251,0.44241934418191287,,41.019006931222975,40.746910398826,1.1258267844095826,39.62108361441642,0.0,42.26369086584294,29.272754061879503,37.633992320053785,23.613253856131784,11582.422451882801,1186.793388896011,1823.4645850151799,1360.9739312074921,40.801312279709485,1.5526041984558105,0.1969679743051529,0.8731370335716898,0.10191452503204346,7
374,101,0.0,-17.427874314070998,-0.5534478521099349,-1.3172823883246414,0.05656166836328004,,12.389722736552358,12.108725540339947,0.15769608318805695,11.95102945715189,0.0,15.40816279086073,5.832454908256606,30.43796774251961,0.0,1640.28818509672,183.91408504948043,231.82833866428868,187.0838579431542,24.714793465256893,1.4257545471191406,1.6798585653305054,nan,0.38649559020996094,62
375,720,79.91649175305817,-2.485486459745273,-0.8939130822174333,-1.0746926261048304,0.5122943689374159,0.2542245090007782,34.54554467834532,33.73056720010936,1.1157397497445345,32.61482745036483,0.5863250661641359,42.263487047065155,31.5031558990548,33.069484450089,28.833404067789825,11582.399999999958,1351.3313357557754,2107.8499483538826,1386.0494255008825,109.53188204936164,1.400172233581543,0.29242563247680664,0.7911502417607567,0.0,0
376,720,72.50069548784501,-4.86658258207416,-2.0727118794421355,-2.2976460430838928,0.49173595658131936,,47.1256950320676,46.84320894163102,1.1274069473147392,45.71580199431628,0.0,42.26012110419473,25.642689828746207,36.342317087357756,15.458130808423821,11595.794852900755,1356.3406330777514,2022.7725112582066,1366.4298819719843,217.83833974862762,1.4689526557922363,0.4815818667411804,0.672159708590844,0.479469895362854,52
377,720,69.98209428839326,-4.3807298895534394,-1.788311440854382,-2.07421151871656,0.5136600727591016,0.1490609347820282,43.197074458003044,42.469366983510554,1.1168025685474277,41.352564414963126,0.5096899326890707,42.263311315189355,26.275866094870995,31.247285000607278,18.834675945597404,11585.426269652959,1406.3592980216401,2111.3910836073997,1307.6181393921302,78.04536113384096,1.7506036758422852,0.5656049847602844,0.6769086044057635,0.26842188835144043,6
378,720,75.55642351085892,-3.2960377849597045,-1.0701544959022973,-1.7705615837991657,0.45123809522653924,,42.910985795781016,42.61069849226624,1.1273473212495446,41.48335117101669,0.0,42.26347486187562,29.96146757381885,31.05443166907451,20.69121074542048,11583.302597759355,1237.1439938392984,1858.6974443881275,1354.4154241598483,118.28343885893467,1.7931936979293823,0.3775036931037903,0.7894796900414621,0.10987114906311035,19
379,720,86.24284047518574,-3.0668789854702645,-1.0648493436794757,-1.5052013786500105,0.4927512134660619,-0.05824030190706253,33.66518172156066,32.88815574999899,1.1183108063414693,31.769844943657517,0.510231614112854,42.263625346711784,30.499359479651105,30.217028074313664,21.593198744839878,11582.801423159168,1324.836586750201,2026.4179752985208,1361.6036619621202,162.7183308846815,1.6124016046524048,0.05468911677598953,0.9660821989892653,0.0,0
380,720,67.8944510144856,-3.7427091963065644,-1.8033548573976632,-1.4960651889637173,0.4388471738820466,,43.018339870497584,42.78396408818662,1.118930651806295,41.66503343638033,0.0,42.26300784731801,26.54564571485718,30.958178618865766,25.038155284754836,11582.399999999916,1208.281272219575,1806.3751965751085,1382.732040228011,115.16961677302658,1.4863795042037964,0.4870584309101105,0.6723189269411978,0.0029363632202148438,1
381,720,77.00806887972618,-2.3787095974811043,-0.7426057902179382,-1.1107635896325958,0.5208638839542428,0.13370327651500702,43.44774854276329,42.68253534659743,1.1151811424642801,41.56735420413315,0.5100389523431659,42.26352569563816,31.52324527254293,38.48867125981927,25.735957711842943,11582.39999999995,1374.8860713139288,2139.321530379307,1314.4268063410418,179.1760133882944,1.2255098819732666,0.3012203276157379,0.7542081609895098,0.14811444282531738,39
382,720,86.63821776491055,-3.504862327361744,-1.3313920766827518,-1.6484860189506005,0.5205160711920757,,38.150158111937344,37.88641598634422,1.1257339343428612,36.76068205200136,0.0,42.25774785676408,29.159047639176105,38.81408157292677,23.157989118769535,11582.494469461973,1402.4732949481115,2138.398231321212,1317.1342687295692,116.8035633315621,0.9842751026153564,0.05261538550257683,0.9465440247723726,0.2508951425552368,13
383,720,79.26132854642611,-3.655074698464105,-1.572118800902504,-1.5298684207071374,0.5475548642161375,-0.03625210002064705,48.22862694784999,47.43963931687176,1.1184602938592434,46.32117902301252,0.5097717642784119,42.26380258891921,28.933867451457875,36.28109715066794,27.44405344404551,11582.399999999972,1475.7228338608154,2250.9826092919266,1410.8855878612499,120.31843234716246,1.1285889148712158,0.2212541699409485,0.8039550388759613,0.21039068698883057,45
384,720,65.39867579215641,-4.572348103263413,-2.184484294704971,-1.8612898478263338,0.5223127815175459,,45.1221665982157,44.887410847470164,1.1190193993970752,43.76839144807309,0.0,42.26349153180792,24.782773108374442,32.31517772126946,23.46272183025162,11582.476616817095,1422.122225229163,2144.1588669581315,1295.875513115999,101.56715724031747,1.0934070348739624,0.46010729670524597,0.5791985216573234,0.25852692127227783,21
385,720,70.30447946415796,-5.005031222902452,-1.9297019430870501,-2.665099243775528,0.4059806065964499,0.03922412917017937,40.49857988208532,39.732845903374255,1.116389331407845,38.61645657196641,0.5089703137055039,42.26370010594513,26.81748786254288,35.67916185135347,12.074880409502294,11601.928834522849,1130.622965940721,1667.130616486324,1312.7155191341446,35.91175582361166,1.2590012550354004,0.4935579001903534,0.6079766416305314,0.1316157579421997,109
386,720,74.92355061392347,-3.1313071988518635,-1.3735658027563735,-1.2216150789134095,0.5313453897600361,,41.36746780294925,41.11556831933558,1.1264766408130527,39.98909167852253,0.0,42.26338793349789,29.163051224851607,36.40794171575723,29.100984784173466,11582.399999999952,1415.9943862597668,2182.9335931100263,1308.8611468432498,179.0258173147613,0.9560866951942444,0.31780561804771423,0.6675974891762855,0.0,0
387,720,81.32487228409295,-4.279285269126306,-1.6229361260063941,-2.0971438825004634,0.5541429363024875,0.00615116860717535,43.01449402887374,42.222662842832506,1.1187777845188975,41.10388505831361,0.508465982042253,42.26355286436133,28.218751704572924,31.908266931202352,15.73316557955371,11590.180391792774,1507.6175534509182,2274.3125394673557,1339.543084059302,156.59850307252907,1.6197642087936401,0.19674400985240936,0.8785354011501838,0.15518033504486084,61
388,720,83.1240687707431,-3.498636454214336,-1.249298768904482,-1.7185187231770582,0.5262945359858455,,40.50807449873537,40.26357697881758,1.1182952225208282,39.145281756296754,0.0,42.263449951585436,29.969623944349287,30.618477580332414,21.20672274090133,11583.282048133704,1408.4034435553253,2160.6568488634366,1264.5131358911058,60.00721084326197,1.5107320547103882,0.142160564661026,0.9058995510039147,0.054131150245666504,1
389,720,78.42995497900786,-5.08806790811979,-1.9435462144222038,-2.61069280949044,0.5292164568019148,-0.0869007483124733,42.845685304142535,42.08727471716702,1.1155000142753124,40.97177470289171,0.5100931646302342,42.263676210698776,24.922246225394304,36.67249491957171,19.113151676105115,11586.917595870795,1476.0809834513273,2174.728162719188,1344.1383690064877,126.03171748774292,1.2297732830047607,0.22829319536685944,0.814361558734582,0.4534332752227783,30
390,720,88.86580657106069,-2.1341207097149346,-0.49013435009435674,-1.208872468208207,0.4308720019423614,,40.04919597692788,39.77830212190747,1.1244419543072581,38.653860167600214,0.0,42.26339849469072,32.988713257565685,37.13513559127314,26.391868810268416,11582.399999999976,1166.1686200733477,1776.221733550719,1357.6792764466945,129.119840220377,1.075431227684021,0.02110782451927662,0.9803726877405884,0.22093236446380615,32
391,720,68.77838826486845,-4.553481929098064,-2.328565262567664,-1.7738992746264872,0.44646091772145513,0.050653573125600815,42.070853658020496,41.31109760329127,1.1177785750478506,40.19331902824342,0.509298799559474,42.23182451807778,24.552349962066224,32.533694867878346,25.572391313392313,11582.399999999943,1214.936350496935,1836.2790467782795,1374.0474977702618,40.893331158265006,1.0107486248016357,0.5514170527458191,0.4544468929116403,0.15086889266967773,63
392,720,76.77981115020319,-4.801544177524947,-2.1846024349801287,-2.1125788712444353,0.49933388566145925,,44.027757412754,43.77082316484302,1.1187868136912584,42.652036351151764,0.0,41.81399394664347,24.17710351707889,33.80786662917937,17.47962679315485,11586.587097241876,1381.5048368133641,2051.7746813697217,1368.844661553686,94.08705560429657,1.6343075037002563,0.27781781554222107,0.8300088478372581,0.16354060173034668,25
393,720,74.35984662718406,-1.980481702525492,-0.8381769328202877,-0.6457755470754958,0.4923324543594584,-0.056959252804517746,42.720103667117655,41.98162144050002,1.1158059118315578,40.86581552866846,0.51003791205585,42.26366768928689,31.167258181620966,38.78541187017448,38.54737043669583,11582.399999999956,1294.3556239854368,2026.3435201337704,1337.1430253649926,46.31889068147818,0.8858392238616943,0.44233861565589905,0.5006558710195913,0.0,0
394,720,77.82334327149158,-3.5269599801820233,-1.6266917362110387,-1.3876338360699678,0.507899219647405,,40.27640850003809,40.01744946092367,1.1205018684267998,38.89694759249687,0.0,42.26345952316962,27.79981487832045,36.869866575272326,28.12575833395141,11582.399999999918,1356.6595359097505,2086.618286485379,1341.2912090526138,100.03148225039705,1.1514230966567993,0.3211292326450348,0.7211023180119925,0.01878201961517334,6
395,720,87.11464903817588,-2.548435644345793,-0.8959167732244293,-1.1275434805788833,0.5200381615846924,-0.048615746200084686,39.55142250750214,38.78350930288434,1.1148478146642447,37.668661488220096,0.5084357084706426,42.263468865085294,31.148327619316362,33.43786422429342,28.993268701012564,11582.399999999967,1377.3549445787737,2138.91150375678,1386.8352388961878,117.15468129014049,1.157565712928772,0.05355171859264374,0.9537376427147692,0.024588346481323242,1
396,720,80.79620067817864,-2.730145285704474,-0.9800187369192083,-1.2127431148091619,0.53282080863989,,43.318792356178164,43.05548943951726,1.1176772397011518,41.93781219981611,0.0,42.263805512869105,31.197212762264822,31.096610032807785,27.04204758335283,11582.39999999996,1411.7606278869127,2188.061709698703,1316.750235103291,122.60926570902355,0.9886192679405212,0.20139151811599731,0.7962901142564888,0.09065717458724976,15
397,720,68.84859218283184,-5.596963055626109,-2.483808461173106,-2.655031965018308,0.45411783224368796,0.022869545966386795,39.41775501426309,38.644730117172,1.1138923848047853,37.53083773236722,0.5107226930558681,42.26353842031,23.390242423015835,30.440822207234053,14.985822993695677,11593.779604649675,1271.2327788280572,1869.003899240274,1355.0298454327426,166.49073858691244,1.6348127126693726,0.46925920248031616,0.712958433193185,0.09659135341644287,9
398,720,68.3707055062853,-3.3842330282185387,-1.6191281058865334,-1.3376010440668467,0.42339160589913827,,39.257725114002824,39.0118122426793,1.126105003990233,37.885707238689065,0.0,42.26371048146716,28.81841473192623,37.45903069633093,29.819321429022505,11582.399999999967,1152.5032936481145,1742.7124948269227,1315.6983009662124,35.69918654015674,0.9986154437065125,0.6294648051261902,0.3696624570617131,0.09146708250045776,38
399,720,77.88217408542893,-4.465907460720478,-2.0101572221367214,-1.9301352029118097,0.5211680565963712,0.0795883759856224,40.41958649083972,39.66809779126197,1.1204392220824957,38.547658569179475,0.5084482226520777,42.17519671994336,26.268388725398715,37.226159957140815,23.14718598604161,11582.47050262525,1432.7024665379397,2144.247885690333,1352.9302537920219,121.04489080215444,1.347449541091919,0.24616774916648865,0.8173083728486009,0.08524417877197266,9
400,720,77.14064301268002,-3.9837561508112413,-1.8515614326451075,-1.586832014696828,0.5407033886106644,,43.28593156207353,43.02337654028088,1.1168193193152547,41.906557220965624,0.0,42.26364183615435,26.714269341277017,34.26089174748475,22.422373354918832,11582.555313883035,1458.813164543918,2220.995238165285,1316.9450778678329,132.30036394831157,1.4931612014770508,0.3507714867591858,0.7650813010596585,0.10783421993255615,57
401,720,68.26294677543913,-3.939619482388461,-1.9705882632010676,-1.461414706769994,0.5030244082877405,0.09458494931459427,41.510594656690955,40.77555582486093,1.1140752006322145,39.661480624228716,0.5074203312397003,42.2446151102377,25.57211111329081,35.60390753015219,28.378065660447472,11582.39999999993,1361.2507786016524,2070.096798834371,1388.065330611612,92.13556247241338,0.906059741973877,0.6732431650161743,0.25695499553981405,0.18357181549072266,48
402,720,65.38457517112761,-2.476683731509253,-1.1609581265768276,-0.8583604300881542,0.4530624713175666,,41.67747282143682,41.42756788153201,1.122653802856803,40.30491407867521,0.0,42.263410078107356,29.6845911756867,36.29782178858712,34.842456568016466,11582.399999999938,1212.3477146810371,1868.8066502910006,1407.4172445385097,131.11029067368796,0.8071828484535217,0.8122389912605286,-0.006263937367715133,0.026080667972564697,33
403,720,81.31125212660186,-2.4861605490418857,-1.0660493913199471,-0.8964222349720024,0.5190700160784064,0.21217799186706543,39.11730290111154,38.34836324304342,1.1160773877054453,37.23228585533798,0.5100956968963146,42.26363115929567,30.103474964585622,33.611792952278726,32.83951810087923,11582.399999999947,1363.0202434808602,2132.821209974532,1357.0541123204287,158.28319684798026,0.8812369108200073,0.22115570306777954,0.7490394463141699,0.0021291375160217285,1
404,720,71.79064019407029,-4.535299189272507,-2.0981403192385026,-1.9351762278688383,0.49764729161703175,,42.32701697293669,42.07752743549645,1.124505058862269,40.95302237663418,0.0,42.263553424973566,25.423580649374188,34.04479065353191,21.516492218884245,11582.95417768384,1361.0446319388147,2045.997288835777,1338.4672242687095,165.44569246584965,1.7539162635803223,0.6610817909240723,0.6230824671329599,0.016564607620239258,1
405,720,87.74815296383751,-3.910632575469678,-1.2592003769412476,-2.107548467649249,0.5389133261562937,0.03819309175014496,40.2493294775486,39.500148152932525,1.1171786338090897,38.382969519123435,0.5086024878546596,42.26359772233702,29.34108977687841,31.316098301481848,11.72164390868844,11597.210653477483,1463.5738143909305,2214.4893234799947,1342.624873421139,56.44970262536004,2.099375009536743,0.03190263360738754,0.9848037470854589,0.4599018096923828,36
406,720,86.38145401445765,-2.774169637925775,-1.2278670485889895,-1.0392163724777037,0.502553592373024,,36.61183095071465,36.3473815433681,1.1225289879366755,35.224852555431426,0.0,42.263828790876474,29.643934225245424,36.35968894265643,30.711633751047668,11582.399999999949,1334.7152736193082,2068.77386539663,1397.3823817969815,102.04682178123163,1.9540081024169922,0.055508777499198914,0.9715923503947922,0.0,0
407,720,78.51423976594181,-2.9679917033311445,-1.310043732488637,-1.1532797634614773,0.5001682046034798,-0.08055037260055542,36.829391619190574,36.03375279624015,1.1171927712857723,34.91656002495438,0.5103133004158735,42.26346314626912,29.947600953343517,37.73945300632281,29.176176448723755,11582.399999999956,1333.8534391068338,2059.045785198355,1385.5090513436014,125.79618227474816,1.7798188924789429,0.17136716842651367,0.9037165134325367,0.06264281272888184,3
408,720,82.91268012154053,-2.9732171391439097,-1.0315462342263166,-1.4146436382361316,0.5222419948555291,,43.27688621170819,42.969677354209125,1.1205002181231976,41.84917713608593,0.0,42.26356874712299,30.368488909416126,32.19880498288045,26.66010988264115,11582.399999999952,1400.3449909664446,2149.4294896583338,1411.0531236740612,85.05407018986111,1.4457533359527588,0.1227145865559578,0.9151206616617708,0.004453539848327637,1
409,720,72.89703501330813,-3.8476335082151096,-1.8143300091904766,-1.4701944014325445,0.5578578407201091,0.14483198523521423,42.74208270199597,42.090745707042515,1.1153475288301706,40.975398178212345,0.40617316123098135,42.26348406106907,27.0075890347714,39.077580660195714,26.07815044074132,11582.399999999941,1494.2344153434403,2288.78144691134,1328.7702934046624,12.365999346634208,1.2130039930343628,0.467033714056015,0.6149775955083896,0.1229100227355957,14
410,720,52.35511152850909,-6.021752333410424,-3.1201798982170392,-2.414822080774901,0.4820617862703808,,44.42369158938527,44.191228441894054,1.1214119298383594,43.069816512055695,0.0,42.263417976429096,19.56111435674447,33.27105523126656,21.74193620005245,11582.976925869227,1364.209333989456,1984.5319148322333,1404.5635959360957,79.57723281259527,1.1300536394119263,0.9231909513473511,0.18305563634326727,0.06594014167785645,4
411,720,84.89731094985332,-4.528739117766432,-1.4016798580209102,-2.594967748633583,0.5272235561561452,0.05967240035533905,43.9425880368799,43.14307444076985,1.1196061251685023,42.02346831560135,0.506477271206677,42.26387257964456,28.06158352333626,33.06476196858943,13.672632160866554,11600.086167929541,1461.4581496932935,2171.034753370342,1398.181830851963,92.87636946175228,1.4664417505264282,0.07553718239068985,0.9484894764053374,0.09736275672912598,18
412,720,61.88226438978327,-4.704597616222599,-2.0559369131612417,-2.1114221182574977,0.532050184374926,,42.45884781610221,42.209601988084614,1.1217653276398778,41.08783666044474,0.0,42.263413552863916,24.52403486990659,30.477558255764603,18.3911239610607,11586.113059387952,1446.949840566054,2186.0020383672017,1343.3770841433172,14.013063300258727,1.3241724967956543,0.6464411616325378,0.5118149914781862,0.06733489036560059,9
413,720,76.89488427283787,-3.6921661199203135,-1.7143454711636805,-1.4170950194489027,0.5552139338240586,-0.01458289846777916,46.51059325505048,45.7275610929355,1.1171484915539622,44.61041260138154,0.5066111413761973,42.26375016757623,27.274528371376185,34.85537076858294,26.176677071142194,11582.399999999932,1478.859425932313,2277.8759729858757,1339.1830521342783,161.93783391714527,1.0860233306884766,0.39403945207595825,0.6371722034496627,0.21758687496185303,41
414,720,84.76376545850131,-3.4949737273804624,-1.568529405432172,-1.4009280248335354,0.5203453950864771,,41.43048132956028,41.15647535584867,1.1226985296234488,40.03377682622522,0.0,42.26345372292529,27.95443944907055,39.27927069742536,29.690416857534142,11582.39999999995,1407.417548397659,2141.6675294609686,1429.0858975938354,195.00999828155807,1.3147944211959839,0.11224544048309326,0.9146289042046658,0.3046964406967163,29
415,720,71.05682043670451,-4.261253470199531,-1.8745459957030217,-1.8890074357397524,0.49287597207362854,0.17836368083953857,44.0119964517653,43.234317370690405,1.116907637566328,42.11740973312408,0.5077744740992785,42.2569669602547,26.584889003841283,30.60207185166916,16.516650135244163,11587.200067116739,1347.9749689542793,2026.095306045816,1347.9758267162404,118.82453694942002,1.5226351022720337,0.703737735748291,0.5378158990961175,0.0,0
416,720,81.85095833726447,-3.4676705520534172,-1.5999382239384243,-1.3694219082026455,0.4937485969437441,,38.650423273444176,38.395272901281714,1.1206884263083339,37.27458447497338,0.0,42.2409046096527,28.048196821349606,35.83659456992817,29.796099335330712,11582.399999999987,1328.1717353267793,2030.6351833214349,1355.7069609512941,25.895968375152037,1.0571609735488892,0.22317054867744446,0.7888963419371593,0.19431960582733154,21
417,720,77.99901118223747,-3.008912292203283,-1.434302086728951,-1.0474280951572763,0.5226393199630005,0.03162548318505287,43.02732396218926,42.24253847729415,1.1175329880788922,41.125005489215255,0.5091474996879697,42.26355846973818,28.749802107596285,37.915018719359075,31.954142852819846,11582.39999999998,1388.1064452900475,2148.8870320327414,1333.984014674672,216.21240266261427,1.3544955253601074,0.3642541468143463,0.7310776300146836,0.12620794773101807,23
418,720,68.60289621392607,-3.8615497095727362,-2.038145547655321,-1.3048721811369157,0.5137294594270091,,41.22438874095678,40.951577723026276,1.122552185319364,39.82902553770691,0.0,42.25988013833212,25.824428401329275,32.88190074884484,25.222979919764732,11582.39999999991,1385.2048036693836,2109.5648747174832,1330.5167453903136,106.84529766261713,1.2410287857055664,0.7132453322410583,0.42527897784775837,0.4042474031448364,30
419,720,78.63615854252784,-3.5420520861049876,-1.4086027716170053,-1.6328437870238555,0.49625119820222996,-0.01785394921898842,40.79734905902296,40.13437137566507,1.1166774798184633,39.017693895846605,0.4027058081701398,42.263786893148826,28.80931088936051,31.8454093718825,23.15059720836321,11582.562864197536,1339.2199759114483,2041.6999564958196,1361.2605025470866,82.61430161411984,1.2795871496200562,0.4370664656162262,0.6584316545019986,0.3190799951553345,13
420,720,77.689019817365,-2.9491421975955094,-1.3742589357172192,-1.0679399368421314,0.5025193018572958,,40.88093702122569,40.59612425323576,1.1191208930686116,39.477003360167146,0.0,42.26345786313472,28.386480355361034,30.844436173574337,27.870300958033585,11582.399999999943,1339.0725702942489,2069.0386774046874,1360.6911161755515,157.77291895389845,1.8034307956695557,0.36029529571533203,0.8002167332506008,0.0,0
421,720,80.48272367012592,-3.48409874567963,-1.328739454919785,-1.653271478287393,0.4979417639396991,-0.13572171330451965,42.51719034370035,41.771083620376885,1.116101484745741,40.654982135631144,0.5080382628366351,42.26348816423854,29.59016090692974,39.173637349514095,22.847431398898124,11582.519809534864,1343.1358791091532,2047.7719607932727,1339.4396569970977,123.8397854636663,0.8754252791404724,0.2958036959171295,0.662102862499514,0.34225910902023315,58
422,720,79.80450671521507,-3.325367691900469,-1.3284666162796075,-1.4516259918886787,0.5404476743942743,,42.827662034891546,42.592440468259156,1.121343600563705,41.47109686769545,0.0,42.263750509753216,29.288348855406138,36.2062724718491,25.69820726341028,11582.39999999995,1445.4335847724194,2220.925966818251,1388.1487065151211,74.15649392504459,1.6385403871536255,0.37173596024513245,0.7731298153163683,0.0,0
423,720,83.1751484304517,-3.798444055044302,-1.3103977151292692,-1.938664616990357,0.5446306334942704,0.0812329351902008,40.43348221760243,39.63958037085831,1.115971234627068,38.523609136231244,0.5118882469832897,42.260804802305245,29.543698537645202,32.07107379905454,14.581649694974516,11590.585312645288,1469.6682970812358,2236.758620264168,1293.9425275952312,100.4677059426842,1.9474401473999023,0.1024550125002861,0.9473899043125523,0.09382438659667969,41
424,720,77.65976887340877,-3.525539765486118,-1.7058131640646328,-1.3062120877471912,0.508691751071774,,37.50861005298793,37.27269394043833,1.1167908310890198,36.15590310934931,0.0,42.2634055850187,27.471516129569046,35.69568957388487,27.735637074711423,11582.399999999943,1364.5173540938283,2089.6141397954007,1369.2366120124013,112.30307701146326,1.3889178037643433,0.3863763213157654,0.72181484010891,0.0,0
425,720,87.30356183296239,-3.4640954518434843,-1.16900589106419,-1.7716647811787631,0.518480439862594,-0.011306306347250938,44.242162270471454,43.473170320503414,1.1155995735898614,42.35757074691355,0.5079611167311668,42.26344079321754,30.264022139973825,30.697074357743443,20.261499965237846,11583.82502318706,1401.9844070149557,2134.512410821543,1416.4851265304333,100.88233961688007,1.4965604543685913,0.03685248643159866,0.9753752103204231,0.5867937803268433,22
426,720,81.6696087555637,-3.7323832185566665,-1.5050635148508396,-1.6860403216500457,0.5362382214197229,,43.709175450727344,43.44292311836034,1.1240464644506574,42.31887665390968,0.0,42.26331526938707,28.92779489001454,36.54070869490046,25.91947756478406,11582.399999999954,1449.9645138191468,2204.6597154251685,1386.8400218126264,130.05414807110287,1.3814517259597778,0.13628672063350677,0.9013452891096718,0.15153288841247559,33
427,720,77.72571074175283,-3.5414013326285727,-1.5595501356832948,-1.4895918642099744,0.4872791888664758,0.017629945650696754,49.53112961072475,48.94634638354182,1.1151722855865955,47.83117409795523,0.3015005812048912,42.26077595925421,28.813143540888827,37.16718344605798,22.00341499171725,11582.572403935146,1312.0954359484642,2001.0454446974495,1350.3473283146309,46.195396933960545,1.4499760866165161,0.44123488664627075,0.6956950595813745,0.3096756935119629,14
428,720,80.33385146935848,-3.4109984096739776,-1.2112356564745743,-1.6596894958037824,0.5354655813983211,,39.0829264074564,38.79461960867047,1.1202082000672817,37.67441140860319,0.0,42.26357176051656,30.245164381105567,31.494169690226816,19.852202244779058,11584.27703358163,1438.7266611845087,2198.03775888244,1282.8480588700604,90.25551566783292,1.312038779258728,0.3203520178794861,0.755836471494785,0.17679965496063232,5
429,720,69.57334284537525,-4.328259269422781,-2.3257755049596636,-1.4448058339448708,0.5523750998232088,0.022833125665783882,42.94529288634658,42.201009191572666,1.1166643965989351,41.08434479497373,0.5075918547809124,42.25577744334992,23.966368293641487,39.76269151616673,27.692842104210175,11582.399999999909,1498.7214205360526,2268.8081837134823,1374.780480144719,127.56418646310038,1.4100643396377563,0.5520462393760681,0.6084957091263736,0.0,0
430,720,77.9860783514438,-4.037426480593651,-1.9200317344113844,-1.620236734466155,0.49254225909347404,,40.11540946830064,39.87410537619144,1.1261779181659222,38.747927458025515,0.0,42.26385091002003,26.64280394380075,39.17852016045501,26.37806117176302,11582.399999999934,1338.425964293956,2025.8690309401015,1362.803783263314,96.91366034728848,1.2692292928695679,0.28162282705307007,0.7781150902873064,0.16348493099212646,24
431,720,74.45528210033675,-3.447429031858665,-1.5844156437900427,-1.329166070546432,0.5289967416083985,0.14094386994838715,45.930632097646594,45.17227561492473,1.1212726291269064,44.05100298579782,0.5110053075477481,42.26357491998027,28.083532209563998,39.49035922953822,30.430953055791775,11582.399999999947,1419.7737378936515,2172.345767728227,1325.8757213741112,74.13432007923515,1.1724547147750854,0.4124630391597748,0.6482055690834094,0.1503220796585083,25
432,720,83.1930310665772,-5.041420757839288,-2.0271542050609384,-2.5029308834594293,0.5067356412557821,,42.540106360800564,42.28986243903637,1.1175505938008428,41.17231184523553,0.0,42.2471824785898,25.70057343077247,39.411778197894265,20.820311677762344,11583.455830314071,1406.3608160113226,2084.76954413943,1358.0133009875985,77.31018424354286,1.3634843826293945,0.24221554398536682,0.8223554687745896,0.29115164279937744,24
433,720,69.239559881407,-4.033629049781823,-1.9027671938832886,-1.6026258179311819,0.5235325058135093,-0.07253801822662354,43.55530702788383,42.79143929667771,1.1132992077618837,41.678140088915825,0.5083596911281347,42.26374156082111,26.24925005430001,32.26565970200164,26.08284306509157,11582.399999999927,1423.152092546963,2151.7247757529394,1358.0435756874217,71.79689078706558,1.2218348979949951,0.5720424056053162,0.5318169365238908,0.03236830234527588,28
434,720,82.07257274540761,-5.001018259533872,-2.0614134293605573,-2.4032497176135315,0.5315880649211779,,42.82525307312608,42.55830832757056,1.123595125041902,41.434713202528656,0.0,42.21874197606292,25.08273127470904,37.4104574964911,9.325966490402024,11601.482832508607,1463.9702204456285,2183.827210200442,1336.0800778410767,25.308383656669513,1.1428463459014893,0.2817593812942505,0.7534582122043749,0.6800706386566162,64
435,720,80.33018675008432,-3.6075684110769712,-1.6316738993244695,-1.5107694229521964,0.4602746725638387,0.10935768485069275,43.176578821614385,42.394044005312026,1.1162446774542332,41.27779932785779,0.5092685464769602,42.26340778853917,28.003156361319423,32.07808055353691,24.588971618548502,11582.402500964938,1244.73828625552,1891.790524211812,1350.951590326699,108.86445512609575,1.379198431968689,0.3163297176361084,0.7706423453624621,0.01045238971710205,1
436,720,78.17044973073483,-3.2560786581046783,-1.5090765045690395,-1.2242127720265716,0.5183964071972627,,39.056512718088925,38.787087249569595,1.1171617694199085,37.669925480149686,0.0,42.263661250699165,28.34332042070628,38.55319570582485,26.390880746698507,11582.399999999958,1379.455014646471,2130.128583304379,1343.29158953865,214.77505998010383,1.0012669563293457,0.31662261486053467,0.6837780245727112,0.20763981342315674,40
437,720,80.7625366285939,-4.4587786582472875,-1.868980661865931,-2.0485947847053168,0.536111059543058,0.011015457101166248,44.036964011378586,43.25704569835216,1.1148222051560879,42.14222349319607,0.5087702320888638,42.26343618831293,27.032348699879872,30.60334815229303,15.465670753847178,11589.049597192383,1462.931115466676,2201.980094645513,1344.8363601027984,82.34435852379468,1.3403894901275635,0.19442114233970642,0.8549517556115696,0.3161827325820923,30
438,720,76.78872126778593,-3.9136239652199696,-2.0351932542023223,-1.3143469813409896,0.5581053688247529,,42.24561916664243,41.97182042058557,1.1253839349374175,40.846436485648155,0.0,42.0135090161083,25.043279865942598,38.162192475719586,30.67030354065911,11582.39999999994,1489.0523919658372,2289.0091725290567,1375.9941082100997,68.71567286651154,0.8424274325370789,0.5187423229217529,0.3842290707942718,0.06258279085159302,27
439,720,82.07125682212718,-3.258121181699799,-1.3413896491198258,-1.3473994283358273,0.5635754777804238,0.09827479720115662,44.64899943489581,43.8941041668877,1.1196204898878932,42.77448367699981,0.5083025926724076,42.26344336444164,29.539883849997928,37.030812677997034,27.257383635542904,11582.399999999958,1503.9413358347736,2315.669356382108,1402.5972808909407,92.70313381885377,1.200124740600586,0.294236958026886,0.7548280207275461,0.44752299785614014,58
440,65,0.0,-17.672107497745515,-0.41778949310426405,-0.808962358751767,0.044934891438258434,,10.515675959177315,10.236696949228644,0.10577709507197142,10.130919854156673,0.0,5.312764552002643,0.6513988423610398,31.912279553464966,0.0,1053.785216944726,147.61993719629254,185.44331749799971,129.45545540347499,18.377439908095777,1.736533522605896,1.898299217224121,nan,0.1617656946182251,64
441,720,88.91356991051425,-1.5992279357312553,-0.2903196894484489,-0.8119156336592143,0.49239205669918157,,43.63097534328699,43.37353384215385,1.1224551564082503,42.2510786857456,0.0,42.26369311800834,33.70883245502957,34.7197052014388,33.608443805057284,11582.399999999941,1295.1147510250078,2025.7052445455138,1342.8798533413158,22.06857544746941,1.2014638185501099,0.035445112735033035,0.9704983935531183,0.15946292877197266,2
442,720,79.26169936974159,-3.339941575667452,-1.4160410592655028,-1.4063815966358837,0.5129710867751002,-0.0006781302508898079,47.10868295561522,46.303898551501334,1.1214925730600953,45.18240597844124,0.5147655922919512,42.26376439952003,28.735548066051166,34.37017024922924,26.420505144054374,11582.399999999943,1379.9560013907887,2112.7051559776482,1372.1174086195163,84.89478196828716,1.3469778299331665,0.17986223101615906,0.8664697910988755,0.11416089534759521,14
443,720,78.20342274116166,-3.3822891687940317,-1.2805108643219316,-1.5551631617107748,0.5416417041251655,,37.241287431679666,36.99020818807185,1.120926059782505,35.86928212828934,0.0,42.263527210449986,29.729945448484493,35.948063616942505,24.976375156853862,11582.400001078971,1457.5937066880235,2225.4332135219374,1378.5417303220736,58.77081769076431,1.7051002979278564,0.39284905791282654,0.769603548606354,0.30705785751342773,24
444,720,73.35406647106109,-3.7254656340311305,-1.7769563002403093,-1.4019358441251675,0.5416444488593205,0.08608192950487137,44.9316128231585,44.189906826242805,1.1178032467141747,43.07210357952863,0.5072789248079062,42.25938610055678,27.37196402970623,38.888901680068074,27.611929320055932,11582.399999999956,1438.5230708310294,2223.9675591933687,1334.5098430405733,91.17737615874834,1.1305155754089355,0.5649594664573669,0.5002638807050428,0.4496147632598877,56
445,720,86.34008090284598,-2.960732199392532,-1.4325902656396818,-0.9998349649248902,0.523332662231961,,38.77833359222859,38.543632889166474,1.1216198969632387,37.422012992203236,0.0,42.26082742313237,28.54477122760751,32.758076426926245,31.046461316573808,11582.399999999967,1386.5851915432036,2152.9822563636967,1416.8550256111087,206.36112786598727,0.8597031235694885,0.07327713072299957,0.9147646103474036,0.026253700256347656,26
446,720,65.36774442553487,-5.149620157875787,-2.3282848391974524,-2.301702938653593,0.5148463541952593,0.11200886964797974,41.83835457917303,41.07180839497596,1.1201714733615518,39.95163692161441,0.5087629137560725,42.263687016169634,23.88209130691665,33.41714952381271,18.232687213278385,11586.205910434228,1431.6563437491986,2117.26152868636,1365.0819415180538,154.48781907441244,0.9770834445953369,0.4441879689693451,0.5453940280880438,0.6762691736221313,47
447,70,0.0,-17.519023198591885,-0.335057772518597,-0.8690031066404126,0.03952802835940578,,8.540688924491405,8.315224703401327,0.11328891478478909,8.201935788616538,0.0,5.028832715353202,1.7952122955178795,31.232770001267046,0.0,1134.6293080548414,129.48964935374215,162.5642805712816,144.5181931940494,35.448258470964525,1.4697260856628418,1.9147917032241821,nan,0.44795775413513184,66
448,720,64.72285131824307,-2.684029434827722,-1.162636655224993,-1.0015330402789961,0.5153977782329343,,43.974208262749016,43.70633048657328,1.119834491983056,42.58649599459022,0.0,42.26362305309549,30.26334416136008,36.78381589701644,29.89566010514439,11582.399999999921,1366.1246188775917,2119.4906683474824,1343.2060322091652,115.56675530927015,1.3018618822097778,0.6375095248222351,0.5103094010709279,0.06371176242828369,10
449,86,0.0,-17.645017032657215,-0.6269002583824325,-1.0840729956143091,0.05864808936764461,,9.737607348710299,9.49664050526917,0.13552866596728563,9.361111839301884,0.0,18.188390278110063,4.175991939066912,31.93361550139464,0.0,1394.4537301975272,190.25811570453456,240.3502369976141,135.0557925525256,40.36891459241951,1.4216694831848145,1.6571428775787354,nan,0.2354733943939209,85
450,720,81.69509661299458,-4.1854906398063285,-1.5833359695445581,-2.085331023083403,0.5123570149181434,0.43943750858306885,39.96141736395657,39.35384486988187,1.1223796987906098,38.23146517109126,0.3433805089443922,42.263544125556706,28.548353299731158,36.31930730763441,21.479745179450852,11583.256024831571,1395.8914591165963,2105.1792358434286,1321.1754309858738,116.06972119491664,1.3504209518432617,0.2073853611946106,0.8464290998214007,0.24942755699157715,12
451,720,75.4051976189944,-3.2211687447438213,-1.261240924865844,-1.4658697633200828,0.48950153031069255,,44.19096859451383,43.90250438917428,1.1185116413980722,42.78399274777621,0.0,42.26354191346076,29.961470446702222,33.74873538310885,25.179628460294424,11582.399999999956,1320.2857715465702,2013.203051320632,1352.9594797783948,61.82187627681127,1.648498296737671,0.43571871519088745,0.7356874944589498,0.024394869804382324,5
452,720,66.96005166314498,-4.445189194510699,-2.343062351865495,-1.5822229457185524,0.5153565807728892,0.1462741196155548,43.770107643678784,43.007890868000686,1.1149614732712507,41.892929394729435,0.510319615714252,42.244395967736644,23.75570809081267,35.192093654975274,24.166685468585374,11582.408131249027,1392.002377135191,2116.4086621712136,1314.5330477942334,163.14936025523647,1.1127063035964966,0.7106648683547974,0.36131855633622123,0.12981641292572021,6
453,720,85.58125066359636,-2.8395206100604407,-1.0171249967172311,-1.3403783757153305,0.4778389179023497,,42.12904863804579,41.85587715823203,1.1236172020435333,40.7322599561885,0.0,42.257575510666946,30.695241292234197,30.35331107366262,25.565619182655464,11582.399999999961,1285.8370945692138,1967.8993498484865,1361.4256666444794,106.86448696403895,1.4002991914749146,0.08114377409219742,0.9420525452087637,0.011570334434509277,1
454,720,77.99525734690427,-4.840012339286411,-2.1650940172168993,-2.170212189544985,0.5002846180779228,0.006091877818107605,44.20372362527996,43.45103625021875,1.1183737814426422,42.33266246877611,0.5070617897436023,42.26306268434548,24.694593944718765,30.78787847850023,21.79505229779661,11582.65124211514,1388.6872114538282,2059.2162328050463,1369.1279960709146,119.0080094731784,1.632778525352478,0.3425121009349823,0.7902274585213312,0.3510313034057617,87
