episode,minibatches,minibatches_possible,first_mb_kl,policy_loss,value_loss,mean_V,std_V,std_barrier,lyap_violation_rate,lyap_in_ball_rate,lyap_mean_dV,lyap_worst_slack,lyap_v_rmse,grad_norm_control,grad_norm_aux,lr_scale,certifiable_frac,cert_violation,cert_mean_dV,cert_mean_V,cert_worst_slack,cert_in_ball_rate,cert_certifiable_frac,cert_alpha_q05,cert_alpha_q25,cert_alpha_q50,cert_alpha_used,cert_alpha_next,cert_alpha_nonpos_frac,cert_nstep,cert_n_samples,v_critic_violation,v_critic_mean,v_critic_min,v_agreement,v_critic_alpha_q05,v_critic_alpha_q25,v_critic_alpha_q50,v_critic_alpha_nonpos_frac,v_critic_violation_direct,v_critic_nonpos_direct,v_bellman_delta_mean,v_bellman_delta_std,v_bellman_delta_q95,softplus_beta,lyap_penalty,dynamics_loss,barrier_loss,approx_kl,clip_fraction,mean_std,mean_raw_log_std,mean_abs_action,alpha,attn_entropy,critic_ev,critic_rmse_norm,critic_rmse_abs,returns_std,returns_mean,xv_true_corr,xv_true_rank,xv_true_flat_frac,ood_v_min,ood_v_mean,ood_nonneg_frac,ood_monotone_frac,ood_slope_corr,ood_range
9,24,24,0.0,-0.0010807163974580665,0.049544242365906634,,,,,,,,,7.459324220816295,0.0,0.14174868287531425,,0.3422872517257929,-0.2856212941308816,0.46184206133087474,0.6426842485864958,0.17131591588258743,0.8391730089982351,-0.001162625443384968,0.0052656084299087524,0.02454369266827901,0.010000000000000009,0.009500000000000008,0.11018314786876242,150.0,55.166666666666664,0.9719170406460762,1.7177388419707615,0.0,0.9705304528276125,-0.005861647640510152,-0.002595869572057078,-0.0015511656674789265,0.8696331009268761,0.9003440489371618,0.6588674336671829,-0.0009557868916090229,0.027549971748764317,0.025373334142689902,0.28192794128940885,,,,0.003701462109650796,0.03667437432644268,0.10541969972352187,0.00011099110254993623,0.008517925394698977,0.965021606235901,0.9991154670715332,0.9041815996170044,0.3252328038215637,0.3140178620815277,0.9655172228813171,-1.7434089183807373,0.9816715121269226,0.9957044720649719,0.0888671875,0.0,1.4860657453536987,1.0,1.0,0.9913126826286316,3.119666576385498
14,28,28,0.0,-0.005082235139395509,0.048694301662700515,,,,,,,,,7.374419127191816,0.0,0.18771452171669717,,0.37753014798675266,-0.19846180932862417,0.29785740481955664,0.47496963079486576,0.2677516298634665,0.8971795844180244,0.0006886380927296289,0.006827433726617268,0.01686706074646541,0.009500000000000008,0.009025000000000007,0.05066873439188514,150.0,100.85714285714286,0.9065301865339279,0.9982197327273232,0.0,0.9497629510504859,-0.004698995060087847,-0.002248919178133032,-0.0008440937926934566,0.6313996208565575,0.8098662282739367,0.44363174055303845,0.00017563659509635597,0.017709729760619148,0.020740893004196032,0.2527704958578197,,,,0.006348001966086615,0.0857417190979634,0.1054740282041686,0.00040539398625177067,0.007493992951432509,0.9279194714877788,0.9990625381469727,0.8592000007629395,0.3765648901462555,0.3066471219062805,0.8143274188041687,-1.0631200075149536,0.9712522625923157,0.9948778748512268,0.13671875,0.0,1.2872302532196045,1.0,1.0,0.9809033274650574,2.699923515319824
19,28,28,0.0,-0.0018485833425074816,0.04366167674639395,,,,,,,,,7.008867629936764,0.0,0.2360600284156238,,0.2472479726587023,-0.24682553804346494,0.3203602816377367,0.20511870032974652,0.23545568542821066,0.8806313978774207,-0.0008829922382054585,0.009016593652112144,0.016577381108488356,0.009025000000000007,0.008573750000000007,0.04577403103134462,150.0,97.28571428571429,0.8363987015826362,0.9874496694122042,0.0,0.939335116318294,-0.0036645076387295766,-0.0013672272159185792,0.00042315512096787903,0.44761529351983753,0.732178617800985,0.43569224753550123,0.001089376821775139,0.015861993056855032,0.02508387135873948,0.22265514995761942,,,,0.005823895983797099,0.070822898365025,0.10554695262440614,0.0008003426171074222,0.013076898508838244,0.8904279123728143,0.9989075660705566,0.8751150965690613,0.3536421060562134,0.2897597551345825,0.819358766078949,-1.077918291091919,0.9390313625335693,0.955845296382904,0.0908203125,0.0,1.0509836673736572,1.0,1.0,0.954425573348999,2.201737403869629
25,32,32,0.0,0.0044717319251503795,0.027872861333889887,,,,,,,,,6.835986874997616,0.0,0.2870852877171719,,0.652528053149581,-0.13478006422519684,0.3576658731326461,0.6194133181124926,0.09149965830147266,0.9162385389208794,-0.006604280119063333,0.0012348401360213757,0.005031835287809372,0.00857375000000001,0.008145062500000006,0.19089917815290391,150.0,129.5,0.9116003587841988,1.233970783650875,0.00019261924899183214,0.9129832312464714,-0.0030758718567085452,-0.000849223401303334,0.0004051449372184379,0.43084302032366395,0.8113603368401527,0.4686413323506713,-0.0011441596878967175,0.015723427990451455,0.023986871470697224,0.20626012698479032,,,,0.004857635358348489,0.057054602657444775,0.1056446295697242,0.001328926289716037,0.011590805326704867,0.8524900140158957,0.9985599517822266,0.9067305326461792,0.3078283965587616,0.22005867958068848,0.7148745059967041,-1.264967441558838,0.8936691284179688,0.893647313117981,0.033203125,0.0,1.0290864706039429,1.0,1.0,0.9543566703796387,2.1507883071899414
27,24,24,0.0,-0.0007268703387429317,0.029196903031940263,,,,,,,,,7.110464562972386,0.0,0.3270489285518545,,0.2932669750104348,-0.2162158681700627,0.33459775770703953,0.37531094749768573,0.3032552053531011,0.9631510426600774,0.0004528909024278012,0.006600366905331612,0.021387629210948944,0.008145062500000003,0.007737809375000006,0.04842252272646874,150.0,128.33333333333334,0.8108480821053187,0.6373720467090607,0.0,0.926195094982783,-0.0036968683319476745,-0.00016814259439949333,0.0018181200818313907,0.27352416639526683,0.6733741114536921,0.3815280223886172,0.0007553396574924894,0.010804018859441081,0.020485830260440707,0.18377419613816862,,,,0.005512610609002877,0.06354166707023978,0.10574870587637027,0.0018915929103968665,0.013868196285329759,0.8238999672541909,0.9988041818141937,0.8698432445526123,0.36414825916290283,0.1987886130809784,0.5459002256393433,-0.6811630725860596,0.9280979633331299,0.9725288152694702,0.138671875,0.0,0.9073707461357117,1.0,1.0,0.9532015323638916,1.8991029262542725
35,24,24,0.0,-0.006379800577027102,0.031019181323548157,,,,,,,,,6.308785031239192,0.0,0.36777591207416815,,0.6043115891516209,-0.12978899385780096,0.3266877705852191,0.6415122176210085,9.934107462565104e-09,0.8314771677056948,-0.012208388691457609,-0.002297511945168177,0.00480613112449646,0.007737809375000008,0.007350918906250005,0.33450128821035224,150.0,94.16666666666667,0.9347346052527428,1.5992234696944554,0.3331505097448826,0.8759686226646105,-0.0022192339868828035,-0.0009096896368040083,0.00022118338699783635,0.4587376614411672,0.8398811394969622,0.5444487867256006,-0.0033196784837249047,0.021861355208481353,0.026038985311364133,0.18430338679355152,,,,0.004957140486415786,0.06095897004706785,0.10584668566783269,0.002420789775593827,0.016796580244166154,0.7957407610373113,0.9962340891361237,0.8594178557395935,0.4219902753829956,0.28460994362831116,0.674446702003479,-1.614302396774292,0.8402227759361267,0.7152453660964966,0.0,0.0,1.014976978302002,1.0,1.0,0.9405305981636047,2.1110291481018066
40,28,28,0.0,-0.006454116398734706,0.034882839902171066,,,,,,,,,6.857069858482906,0.0,0.4150577849049016,,0.34414089790412355,-0.19039112010172435,0.26370202909622875,0.2190163348402296,0.24416951622281755,0.8995486199855804,-0.014085863750161869,0.005178102957350867,0.012919895350933075,0.007350918906250004,0.006983372960937505,0.15493075496384076,150.0,110.0,0.7930121506963458,0.851739268217768,0.0,0.938813716173172,-0.0043725895312880835,-0.00125778132704519,0.0008567648092788918,0.40153062662908007,0.6899257728031704,0.4881813739027296,0.00016789400693336835,0.017147156709272946,0.025453055510297418,0.17319610334205413,,,,0.009780392682711993,0.12267622710870844,0.10596089410994734,0.0030370130885525475,0.014458683785051107,0.7642412105830564,0.9962581992149353,0.9005391597747803,0.3172204792499542,0.24851299822330475,0.7834078073501587,-0.9223608374595642,0.951553463935852,0.9828420281410217,0.2099609375,0.0,0.9883010983467102,1.0,1.0,0.9463575482368469,2.0626163482666016
43,24,24,0.0,-0.0021085634750003615,0.03937235660851002,,,,,,,,,6.478254238764445,0.0,0.45666190138189516,,0.13372621669744453,-0.21846287759641805,0.27404461490611237,0.2010420517375072,0.43593720098336536,0.9460799147685369,0.0037549893895629793,0.010440573717157045,0.02801956608891487,0.006983372960937509,0.006679386519286549,0.0,150.0,97.66666666666667,0.7999050517876943,0.5338616681595644,0.0,0.9569758673508962,-0.0045676838684206205,-0.0018705097415174048,0.0009136064945778344,0.41933555404345196,0.5582347499827544,0.38133489216367406,0.0007478303532953608,0.016173500916920602,0.027021303152044613,0.15851668921509576,,,,0.006184210011269897,0.08185523344824712,0.10608482671280701,0.003704971847279618,0.015526426451591155,0.737544223347882,0.997124582529068,0.8308502435684204,0.4133969247341156,0.23951099812984467,0.5793729424476624,-0.5896096229553223,0.9677630662918091,0.990161657333374,0.359375,0.0,0.9008925557136536,1.0,1.0,0.9445617198944092,1.8840274810791016
46,24,24,0.0,-0.0023573560174554586,0.038419460567335285,,,,,,,,,6.803420384724935,0.0,0.49921367403901235,,0.30022270046174526,-0.19601494881014028,0.3013395828505357,0.36509257182478905,0.306640625,0.9348958333333334,-0.010091580314716945,0.004351879780491193,0.019482248773177464,0.006679386519286548,0.006345417193322222,0.15558511049797139,150.0,123.16666666666667,0.7620939165353775,0.6454776401321093,0.0,0.9497110346953074,-0.003845200039601574,-0.0004687903971595612,0.0020403382659424096,0.3025521108259757,0.6299669792254766,0.4148744245370229,-0.0004336040407603529,0.014346918440423906,0.025046846906964976,0.14288812215059202,,,,0.008926935164102664,0.11328125,0.10621274542063475,0.004393610288389027,0.016848431162846584,0.7111899267863483,0.9975272417068481,0.8632469177246094,0.3850766718387604,0.22861051559448242,0.5936753153800964,-0.6817510724067688,0.9506657719612122,0.9802228808403015,0.224609375,0.0,0.7889853715896606,1.0,1.0,0.9594385027885437,1.640712857246399
49,24,24,0.0,-0.0028834552116071186,0.03798481822013855,,,,,,,,,6.438274184862773,0.0,0.5413251033757013,,0.21003691107034683,-0.2245769084741672,0.3134348392486572,0.3237368625899156,0.34773391236861545,0.9362006286780039,2.8711927977080148e-05,0.008814826607704163,0.024378969023625057,0.006345417193322222,0.005963079663741453,0.036833379146022104,150.0,105.0,0.7686224207282066,0.6311307772994041,0.0,0.904913696149985,-0.0037321119549839445,-0.00039458154363577097,0.0019286068321283285,0.3006831879417102,0.6457621032992998,0.417859822511673,-0.00137415498769163,0.012889926981491348,0.019856834240878623,0.1326646648303847,,,,0.0063085793517529964,0.08004435803741217,0.10634776142736276,0.005119567542957763,0.014779715915210545,0.686021060542746,0.9975708425045013,0.8795895576477051,0.3678032159805298,0.22462932765483856,0.61073237657547,-0.6782146692276001,0.9363676905632019,0.983718991279602,0.2890625,0.0,0.8177570700645447,1.0,1.0,0.9512590765953064,1.7047357559204102
51,24,24,0.0,-0.003347822387392322,0.03912953341690203,,,,,,,,,7.1728628774484,0.0,0.5811689914114363,,0.20391359894225994,-0.2596501801162958,0.3562678781648477,0.34456893615424633,0.31253255158662796,0.9127929732203484,-0.007444500057924112,0.007469200839598973,0.021182748178641003,0.005963079663741451,0.00566492568055438,0.09998700597013037,150.0,118.5,0.676280548175176,0.5745832410951456,0.0,0.882139265537262,-0.005171172951425736,0.00029736985040547853,0.0034996651423474154,0.23498717322945595,0.519963717708985,0.3458535509804885,-0.0002532291875922965,0.013024862195986012,0.02446425100788474,0.12302000166748,,,,0.006974372741145392,0.08688151060293119,0.10649000573903322,0.0058833750275274115,0.01579669121808062,0.6630139004846035,0.9966968894004822,0.8261470794677734,0.43363577127456665,0.22381842136383057,0.516143798828125,-0.6395509243011475,0.8551899790763855,0.971368670463562,0.18359375,0.0,0.7823748588562012,1.0,1.0,0.9368039965629578,1.629833698272705
54,24,24,0.0,-0.0012726206720496218,0.03144332440569997,,,,,,,,,6.4388168553511305,0.0,0.622893797265666,,0.6934092765053114,-0.11689350598802169,0.34924708555142087,0.4766913006703059,0.1755964532494545,0.9401013255119324,-0.003823944901038582,-7.105556627114613e-05,0.003021939347187678,0.005664925680554379,0.005381679396526661,0.25227010312179726,150.0,148.33333333333334,0.8369584083557129,0.870042602221171,0.0,0.8899842078487078,-0.002858670190713989,0.001196765808344935,0.003158216675122579,0.15930632843325535,0.7322493518392245,0.4417342705031236,-0.001793192304224552,0.012239029980264604,0.021629453481485445,0.12504493559776417,,,,0.007623011168713371,0.10171886409322421,0.10663795564323664,0.0066767826792784035,0.011943933049527308,0.6397318045353105,0.9962411522865295,0.8761166334152222,0.39618822932243347,0.21612969040870667,0.5455227494239807,-0.9163438081741333,0.8562535643577576,0.9353934526443481,0.125,0.0,0.7714749574661255,1.0,1.0,0.9363870024681091,1.607560157775879
56,24,24,0.0,0.0025900679950912795,0.037226329712818064,,,,,,,,,6.8468769788742065,0.0,0.6626816187377699,,0.29292062545816105,-0.18885312788188457,0.29728835572799045,0.36850809554258984,0.25397135068972904,0.9241536458333334,-0.022835812531411648,0.004306592668096225,0.0174642875790596,0.00538167939652666,0.005112595426700327,0.15108043824632963,150.0,127.83333333333333,0.6839371249079704,0.6494517078002294,0.0,0.8475029195348421,-0.002832026376078526,0.0005131352947197835,0.002821807502186857,0.20888284469644228,0.5778361161549886,0.4227716388801734,-0.0016931267109612236,0.010663982015103102,0.02034647793819507,0.11910703118284895,,,,0.008230590746582797,0.09983723990929623,0.10679429365942876,0.007513945204361032,0.016538562602363527,0.6182770520972677,0.9971954226493835,0.8328888416290283,0.45151486992836,0.22832708060741425,0.5056911706924438,-0.7282893061637878,0.9025846123695374,0.9673683643341064,0.1572265625,0.0,0.8662164807319641,1.0,1.0,0.9591756463050842,1.7997066974639893
59,28,28,0.0,-0.02315255600426878,0.04131400751482163,,,,,,,,,7.80500249351774,0.0,0.7053366936902397,,0.1761172924722944,-0.2225825483245509,0.3407016492315701,0.29343956214974504,0.2554408460855484,0.9253782246794019,0.001351847395718713,0.008096318691968918,0.015179863997868128,0.005112595426700327,0.004973395835458639,0.04005189785467727,150.0,110.14285714285714,0.7045012563467026,0.6895768131528582,0.0,0.9109450238091605,-0.0014829295832896605,0.0012574697698255477,0.0034269269838530037,0.1458801765527044,0.5982680863567761,0.3551351784595421,-0.0005549340230004418,0.010877589146340532,0.018287206068634987,0.11577406859533469,,,,0.004654089583449864,0.05864025306488786,0.10697331731872899,0.008471067063510418,0.010537199709298355,0.5960573749793027,0.9984153509140015,0.858163595199585,0.40100425481796265,0.23947106301784515,0.5971783399581909,-0.747617781162262,0.865733802318573,0.9595637321472168,0.1650390625,0.0,0.7639539837837219,1.0,1.0,0.95805424451828,1.5888698101043701
62,28,28,0.0,0.004282113231186356,0.04697468577484999,,,,,,,,,6.588366329669952,0.0,0.7481196131953138,,0.25853484709347996,-0.24487809198243277,0.3971208222210407,0.44288327337043093,0.3081938198634556,0.9441406322377068,-0.004298958806819948,0.00555293049131121,0.02245752194098064,0.004973395835458639,0.004724726043685707,0.14046403153666429,150.0,103.71428571428571,0.7668733692594937,0.7956304379871914,0.0,0.9292718235935483,-0.0036925308855383526,-0.0007041033404675545,0.001356192542613956,0.36251558682748247,0.5622736226235118,0.3953097372182778,-4.7331159034261615e-05,0.014979215571656823,0.02602449558409197,0.11703066709334113,,,,0.007325863024951624,0.09420572966337204,0.10716492443212441,0.009493735685412372,0.011252212205103465,0.5745545598777785,0.9950786530971527,0.8073135614395142,0.44106432795524597,0.31282880902290344,0.7092589139938354,-0.8767327666282654,0.8887673616409302,0.9121793508529663,0.2275390625,0.0,0.9384104609489441,1.0,1.0,0.9257140159606934,1.9516918659210205
66,28,28,0.0,-0.007461450794445617,0.03883734358740704,,,,,,,,,6.4337877716336935,0.0,0.7930105398936433,,0.17856348598642008,-0.21191037073731422,0.2920223506433623,0.2510895329926695,0.33256228268146515,0.9563607062612262,-0.0056471455380752945,0.009947605431079865,0.024092964828014374,0.004724726043685707,0.004401886969242066,0.048540972239737,150.0,97.57142857142857,0.7704807434763227,0.7616439121110099,0.0,0.9381918162107468,-0.004118830813760204,-0.001385654735713615,0.0003792826626169342,0.45602104493549894,0.5901609999792916,0.47229009547403883,0.00025212134291255746,0.017233165612976466,0.02783866772162063,0.10831863324376169,,,,0.010254821964606111,0.12627808137663774,0.1073702701500484,0.010587748871850116,0.015635679409440075,0.5528050687083738,0.9965451061725616,0.8652490973472595,0.36754852533340454,0.2767697870731354,0.7530156373977661,-0.8301694393157959,0.9543637633323669,0.9807238578796387,0.2451171875,0.0,0.9280614852905273,1.0,1.0,0.9335644245147705,1.9254233837127686
70,28,28,0.0,0.002225420703845365,0.042706342813159735,,,,,,,,,5.618732001100268,0.0,0.8373037019565441,,0.18641006520816258,-0.1820904883955206,0.2609381281903812,0.3578089816229684,0.22570824835981643,0.9418744657720838,-0.019959420564451387,0.007459399423428944,0.01507123772587095,0.004401886969242068,0.004181792620779962,0.11473192274570465,150.0,108.28571428571429,0.6081424217138972,0.765260208930288,0.0,0.9141580164432526,-0.00211151476417269,2.4371064292998718e-05,0.002691979441026758,0.25664570767964634,0.5631370544433594,0.4518192006008966,-0.0020899032631080316,0.017543868527614644,0.026951941794582775,0.1011044742016514,,,,0.0072561659825234005,0.09608916326292924,0.10759029617266995,0.011757685969184552,0.013687044847756624,0.5321309490939808,0.9960074424743652,0.8729918003082275,0.3745823800563812,0.2589564323425293,0.6913203597068787,-0.816125750541687,0.9405576586723328,0.9780446887016296,0.064453125,0.0,0.8596664667129517,1.0,1.0,0.9335390329360962,1.7841644287109375
73,24,28,0.0,-0.0066377047915011644,0.040608781622722745,,,,,,,,,5.972315649191539,0.0,0.8795689526319092,,0.1065781634921829,-0.23555201726655164,0.34616877138614655,0.19570679341753325,0.2713216145833333,0.947265625,0.0025962433719541878,0.0074926310529311495,0.017061476906140644,0.00418179262077996,0.004051621044346008,0.0025858938267144063,150.0,128.41666666666666,0.6254330351948738,0.7442692617575327,0.0,0.9107732176780701,-0.0025285964123516655,-0.00010446075884829042,0.0024808716310265786,0.2666863929480314,0.5275805555284023,0.38654542217652005,-0.0008544302278702768,0.017248314106836915,0.03363323677331209,0.09734184345687309,,,,0.009556049946695566,0.13020833333333334,0.10779846180230379,0.012862401315942407,0.01764130941592157,0.5131044265363288,0.9959937036037445,0.8299287557601929,0.4146519601345062,0.2787909507751465,0.6723492741584778,-0.8246601819992065,0.9198145270347595,0.9674956798553467,0.19921875,0.0,0.8977987170219421,1.0,1.0,0.9056321978569031,1.8688758611679077
80,32,32,0.0,-0.001640429487451911,0.035087511816527694,,,,,,,,,6.8531864657998085,0.0,0.9340283106725868,,0.1668573843780905,-0.22573898592963815,0.3382379524409771,0.35840322030708194,0.2428393941372633,0.8923090603202581,0.0005740056249123882,0.007860855665057898,0.017556956969201565,0.004051621044346005,0.003754829054731929,0.04861034901114181,150.0,88.25,0.7321409992873669,0.9968238603323698,0.0,0.9389274548739195,-0.003015238922671415,-0.0006224202061275719,0.0011708658739735256,0.35375512996688485,0.5774613572284579,0.45495100878179073,-0.002054111961115268,0.02117222675587982,0.030188969802111387,0.09065153734506215,,,,0.012120715207856847,0.15601736376993358,0.10803048266097903,0.014091145305428654,0.01950989250326529,0.48955842256480325,0.9958858788013458,0.9158834218978882,0.30988678336143494,0.25158852338790894,0.8118724226951599,-1.039796233177185,0.9284764528274536,0.9349223971366882,0.1103515625,0.0,0.914704442024231,1.0,1.0,0.9279187321662903,1.8956700563430786
82,24,24,0.0,-0.007104399148374796,0.02985719700033466,,,,,,,,,5.449758231639862,0.0,0.973522851503064,,0.0,-0.22093715704977512,0.24679908777276674,-0.001985594950383529,0.5132161428531011,0.9675455739100774,0.008444816883032521,0.017640577008326847,0.03568153455853462,0.003754829054731929,0.0038992372731428003,0.0,150.0,81.33333333333333,0.6635647018750509,0.3440207839012146,0.0,0.8764396607875824,-0.0039386805923034745,-0.0008499834827944142,0.0018551647299318574,0.3139057445029418,0.4620492806037267,0.3361830338835716,0.0008856553375456618,0.012028582626953721,0.02009150176309049,0.08889470389932519,,,,0.00743440623045899,0.09710286526630323,0.10827368777245283,0.01537648766922454,0.015465043019503355,0.4731400505444907,0.9983397722244263,0.7452748417854309,0.5147537589073181,0.20545849204063416,0.3991393744945526,-0.40550440549850464,0.9051796793937683,0.9855147004127502,0.4814453125,0.0,0.7516717910766602,1.0,1.0,0.94100421667099,1.5635265111923218
84,24,24,0.0,-0.005583337802818278,0.03279510202507178,,,,,,,,,6.790916661421458,0.0,0.995521805783555,,0.003541946799183885,-0.2226217749218146,0.2683750595897436,-0.0007162505450348059,0.4356445297598839,0.9529622420668602,0.005596136111610879,0.013582208504279455,0.02845219026009242,0.0038992372731428003,0.00404658247195506,0.0,150.0,94.5,0.5208244683841864,0.3819553603728612,0.0,0.9092535600066185,-0.0029832522316913432,0.0009410614826871703,0.0036801047584352395,0.2060711830854416,0.48898519078890484,0.36690415690342587,-0.0006367448628831577,0.012560853307756284,0.023446533208092053,0.08127034274468678,,,,0.010489654775786525,0.14088541672875485,0.1084824117521445,0.016477267102648813,0.02078404009807855,0.45727230318381556,0.9986356794834137,0.7338414788246155,0.5629751682281494,0.20717266201972961,0.36799609661102295,-0.4686112403869629,0.9094152450561523,0.9893282055854797,0.265625,0.0,0.7351420521736145,1.0,1.0,0.9505099058151245,1.5250574350357056
86,24,24,0.0,-0.0029797929261500635,0.027134339325129986,,,,,,,,,5.579686999320984,0.0,0.9951237661752602,,0.12209915680189927,-0.24861681026717028,0.34109625841180485,0.20263972133398056,0.4114908849199613,0.9558919295668602,0.0018922783686624218,0.008872703338662783,0.026088712116082508,0.004046582471955061,0.003932002055206027,0.0,150.0,107.66666666666667,0.5016091130673885,0.4580738830069701,0.0,0.9187631085515022,-0.0032460326910950243,0.0010804100359867637,0.004111707423968862,0.19655595223108926,0.5222209704418977,0.31910864512125653,0.0001522937830789791,0.014224737494563064,0.0229565118594716,0.074454790493823,,,,0.006329265437670983,0.08024088572710752,0.10869249484191339,0.017583101987838745,0.01416467623009036,0.44193671412597807,0.9985784888267517,0.8322704434394836,0.414590448141098,0.22003401815891266,0.5307261943817139,-0.5263428688049316,0.9128598570823669,0.9934461116790771,0.228515625,0.0,0.7162632346153259,1.0,1.0,0.9516869187355042,1.487321138381958
89,28,28,0.0,-0.004412986205092498,0.02765395904758147,,,,,,,,,5.469293134553092,0.0,0.9946508436167426,,0.29993147403001785,-0.1914146648985999,0.3554007432290486,0.5048053477491651,0.18295560138566153,0.9289747561727252,-0.014187093641209816,0.0013816489705017634,0.011172611798558916,0.003932002055206025,0.0037354019524457253,0.22336404131991522,150.0,132.57142857142858,0.5291192999907902,0.7929342750992093,0.0,0.9166423614536013,-0.0017384778070014103,0.001066375656461917,0.003636742991927479,0.1580660039825099,0.5399055661899703,0.3989603796175548,-0.0021473692218673284,0.013468037958123855,0.02431375619822315,0.07268309446129446,,,,0.008128367771860212,0.10983772708901338,0.10893142782151699,0.018838283206735338,0.015394998348451086,0.4251268340238892,0.9954105615615845,0.9106787443161011,0.35127347707748413,0.22086329758167267,0.6287502646446228,-0.8462496995925903,0.9127196073532104,0.9181402325630188,0.1162109375,0.0,0.7628232836723328,1.0,1.0,0.9517103433609009,1.5827233791351318
94,28,28,0.0,-0.004594594539542284,0.028591581553752934,,,,,,,,,6.65788848059518,0.0,0.9941228173106619,,0.05143819420066263,-0.2460731416940689,0.31680951906102045,0.18202751808400666,0.3495065804038729,0.9132020792790821,0.004217690002406016,0.012403121484177453,0.02440240340573447,0.0037354019524457227,0.003730957126925434,0.003027803297819836,150.0,91.14285714285714,0.6746019167559487,0.7327285941158023,0.0,0.9341945712055478,-0.0030183951520094915,-0.00014372329029096624,0.0019197112518928147,0.2716923733907087,0.5384420518364225,0.40295518934726715,-0.001467600785482708,0.01860339623609824,0.023935458955488036,0.06903654278485595,,,,0.009884807954741908,0.13781546295753547,0.1091765221208334,0.02012302679941058,0.017014684521460106,0.4079114007516207,0.9963129758834839,0.9326058626174927,0.2858634889125824,0.21211904287338257,0.7420291900634766,-0.775711715221405,0.9479663968086243,0.9774216413497925,0.22265625,0.0,0.8175861239433289,1.0,1.0,0.9401074647903442,1.7043542861938477
96,24,24,0.0,0.001233040587976575,0.02532069516989092,,,,,,,,,6.350060959657033,0.0,0.9936685321894826,,0.03699147379181037,-0.25393527063230675,0.30282912651697796,0.09499229614933331,0.4720052083333333,0.9425455729166666,0.0052442526308974875,0.01494398961464564,0.024836494276920956,0.003730957126925435,0.0038289141464662047,0.0,150.0,102.0,0.6137631324430307,0.4106399553517501,0.0,0.9260624224940935,-0.004859041199476148,0.00017027757318525497,0.0026996089679111415,0.24401751967767873,0.40301722660660744,0.26173668292661506,0.0020332662813113225,0.013440145276642093,0.02187373151537031,0.06335624314204882,,,,0.007481541033484973,0.10156250093132257,0.10940655693411827,0.021326317607114714,0.015335208231893679,0.39423123344129246,0.9963854849338531,0.8184531331062317,0.4262726306915283,0.2237560749053955,0.5249130725860596,-0.47125568985939026,0.9438166618347168,0.9924399256706238,0.3701171875,0.0,0.7768543362617493,1.0,1.0,0.9435377717018127,1.6163015365600586
99,24,24,0.0,-0.0027821118322511515,0.016171971956888836,,,,,,,,,5.815629015366237,0.0,0.9931745065808747,,0.1384189094727238,-0.1703160908073187,0.22802316645781198,0.1076462808996439,0.3760298639535904,0.9423806841174761,-0.002466160823435833,0.008578624576330185,0.020475249737501144,0.0038289141464662034,0.0037152151753894265,0.04818723909556866,150.0,107.16666666666667,0.5499383720258871,0.43244467799862224,0.0,0.9539957394202551,-0.003848258114885539,-0.0002775521882843653,0.0032092496015441916,0.27807238573829335,0.44961947823564213,0.32022330289085704,-0.00037767904435289285,0.01074029722561439,0.01643002258303265,0.06057604347702128,,,,0.0074203151210288825,0.10135638426678877,0.1095986735696594,0.02232933083238701,0.015566737158223987,0.38038758793630456,0.9978435933589935,0.9324012994766235,0.2685930132865906,0.14905887842178345,0.5549618601799011,-0.4860083758831024,0.9585986733436584,0.9964664578437805,0.2548828125,0.0,0.6954860091209412,1.0,1.0,0.9590204954147339,1.4533166885375977
102,24,24,0.0,-0.0016529153411587079,0.025059397720421355,,,,,,,,,5.707557727893193,0.0,0.9926576198722353,,0.34510553379853565,-0.1693826181193193,0.2802257053554058,0.30864260097344715,0.03611802061398824,0.9479368353883425,-0.01120307995006442,0.0009419632454713186,0.007329254100720088,0.0037152151753894283,0.003529454416619955,0.21346129725376764,150.0,173.83333333333334,0.4000347852706909,0.7395198717713356,0.0346545377591004,0.8945161948601404,-0.00042602622973693843,0.0024143450621825955,0.004744970986697202,0.0772651918232441,0.513934351503849,0.3961196591456731,-0.0022034178764442913,0.011475751448112229,0.021627019469936688,0.060777313409678374,,,,0.006396973942173645,0.08147571189329028,0.10977772405991952,0.02326260375169416,0.02097779745236039,0.3669170568409166,0.9969766139984131,0.9014078974723816,0.353485643863678,0.2018561214208603,0.5710447430610657,-0.8020341396331787,0.9115608930587769,0.9655115008354187,0.0,0.0,0.7533013820648193,1.0,1.0,0.9445334672927856,1.559332013130188
104,24,24,0.0,-0.0005718184014161428,0.035425450187176466,,,,,,,,,5.573234498500824,0.0,0.9921514045760739,,0.15549538594981036,-0.24113411332170168,0.35165376340349513,0.18444211905201277,0.40654296924670535,0.9664388050635656,0.0009511614892592964,0.007047360762953758,0.02319960668683052,0.003529454416619954,0.003292787317481556,0.0,150.0,109.66666666666667,0.5499545695881048,0.5145149603486061,0.0,0.9256167809168497,-0.0038825824740342796,-0.0006675876323546012,0.002934603049652651,0.30343897516528767,0.47227370242277783,0.34851108739773434,0.0007626005729359046,0.013970393687486649,0.027163838734850287,0.05922982621682131,,,,0.010817180678714067,0.14365234350164732,0.10996252329399188,0.02422427913794915,0.016190384747460485,0.35461172112990647,0.9965991973876953,0.8358302116394043,0.40676596760749817,0.22500206530094147,0.5531486868858337,-0.5935355424880981,0.921566903591156,0.9735169410705566,0.322265625,0.0,0.8078786730766296,1.0,1.0,0.932432234287262,1.6735601425170898
112,32,32,0.0,0.0005651996762026101,0.029570460901595652,,,,,,,,,5.802119463682175,0.0,0.9914236555403344,,0.08677559124771506,-0.21370752668008208,0.3044318873435259,0.16717846458777785,0.22539062798023224,0.8835058566182852,0.0021382615432230523,0.00826781801879406,0.020134110935032368,0.0032927873174815572,0.0032800495496577266,0.008240820519858971,150.0,88.75,0.6690754480659962,1.0318136513233185,0.0,0.9471975043416023,-0.002587865212262841,-0.0006971960838200175,0.0008477081442492818,0.37289948761463165,0.6048732623457909,0.4875278268009424,-0.0017175373944269268,0.017561159882461652,0.021200258808676153,0.05869664134311892,,,,0.007455319373548264,0.09322753886226565,0.11019276129081845,0.025420166493859142,0.02271545201074332,0.33826670983981816,0.9944227039813995,0.9402961134910583,0.26046061515808105,0.22215555608272552,0.852933406829834,-1.0445470809936523,0.9624861478805542,0.9774298071861267,0.1572265625,0.0,0.9531710743904114,1.0,1.0,0.9233382344245911,1.980790615081787
115,28,28,0.0,-0.014468602436993803,0.03807166385065232,,,,,,,,,7.114317400114877,0.0,0.9908303370183622,,0.2806298312331949,-0.17501368134149484,0.33613219963652746,0.3564899191260338,0.07852802744933537,0.9317181323255811,-0.00877860632525491,0.0026040971279144287,0.010331214538642339,0.0032800495496577283,0.00311604707217484,0.1768319540257965,150.0,139.28571428571428,0.5911101432783263,0.9970186884914126,0.00584569778376525,0.8980055749416351,-0.0023095853414685863,-2.9381842328543178e-05,0.002444898776177849,0.25764232288513866,0.5620817797524589,0.41417589890105383,-0.000254346674539972,0.013257448494966542,0.02460984619600432,0.057877775205574286,,,,0.010070724092656747,0.12217365258506366,0.11042040001068797,0.026600235540952002,0.021131706157965318,0.32597103569320046,0.9962608516216278,0.8753142952919006,0.35704362392425537,0.24727356433868408,0.6925584077835083,-1.082270860671997,0.912077009677887,0.9182482361793518,0.0146484375,0.0,0.8950620889663696,1.0,1.0,0.9227140545845032,1.8531599044799805
117,24,24,0.0,0.0003198191989213228,0.03158376171874503,,,,,,,,,6.450505961974462,0.0,0.9902663877487102,,0.21207140944898129,-0.21251298363010088,0.3929663884143035,0.3921220277746518,0.24427083134651184,0.9506835962335268,-0.001206568974187879,0.0041727883120377856,0.017697763939698536,0.0031160470721748406,0.002960244718566098,0.09271849008897941,150.0,143.33333333333334,0.5725755008558432,0.7819084500273069,0.0,0.9338787446419398,-0.002987818685748304,-0.0001054409188630719,0.0022803851267478117,0.2705627040316661,0.47461645180980366,0.34812842682003975,0.0008129617213702053,0.012256465774650374,0.02458336219812433,0.05377807998993348,,,,0.006814571485544245,0.09091796881208818,0.11060379818081856,0.027549253000567358,0.021721407150228817,0.31503891097595277,0.9959897994995117,0.9010335803031921,0.31555843353271484,0.20976103842258453,0.6647295951843262,-0.842796802520752,0.9498434662818909,0.9585059881210327,0.0791015625,0.0,0.9064843058586121,1.0,1.0,0.9464402198791504,1.873828649520874
119,24,24,0.0,-0.005831941030919552,0.03492230138120552,,,,,,,,,6.672998795906703,0.0,0.9896858543753634,,0.27327457318703335,-0.15900647298743328,0.34445836395025253,0.439491618424654,0.13925781349341074,0.9652018249034882,-0.010434594403098648,0.001766796534260114,0.01002969965338707,0.0029602447185660967,0.002812232482637793,0.2180540176729361,150.0,155.66666666666666,0.6229432076215744,0.8012687762578329,0.0,0.898902989923954,-0.004055089695611969,-0.0008823742076250104,0.0013812349376773152,0.347434622546037,0.5270055408279101,0.42556828260421753,-0.00011617557417290907,0.012704424598875145,0.023905309072385233,0.0544718360267039,,,,0.012676785748529559,0.15465494897216558,0.11077659546087186,0.028442016104236245,0.03243119292892516,0.3044734180687348,0.9968349039554596,0.8679348230361938,0.3642846643924713,0.21651217341423035,0.5943488478660583,-0.8569345474243164,0.9009892344474792,0.9514271020889282,0.0869140625,0.0,0.9488931894302368,1.0,1.0,0.9432457089424133,1.9683459997177124
121,24,24,0.0,-0.002488355850800872,0.028153623454272747,,,,,,,,,6.252301613489787,0.0,0.9890887651927008,,0.11264402295152347,-0.28320712596178055,0.4116484485566616,0.3326850601782401,0.36904296775658924,0.9483724012970924,0.0010244346156772128,0.007685653244455655,0.02202410250902176,0.002812232482637794,0.002720162776924807,0.017387065182750423,150.0,112.0,0.5034742951393127,0.5871175850431124,0.0,0.9292715837558111,-0.0028321318047043556,0.0006013960401105578,0.0027824871649499983,0.2023376878350973,0.37878164649009705,0.29699090123176575,0.0006573507010519583,0.011706186924129725,0.02320149486574034,0.0538415957532,,,,0.008978973821892092,0.1220377607581516,0.11094095185399055,0.029289938354243834,0.02411892303886513,0.2942622612021876,0.9964910447597504,0.9084070920944214,0.30792489647865295,0.18463566899299622,0.5996126532554626,-0.630136251449585,0.9357402920722961,0.9757916331291199,0.33203125,0.0,0.8126779794692993,1.0,1.0,0.9324105381965637,1.6834527254104614
123,24,24,0.0,-0.002839108657402297,0.02984873647801578,,,,,,,,,5.200574417908986,0.0,0.9884751493020049,,0.06297435316567619,-0.24316067434847355,0.302628339578708,0.14086901831130186,0.46429036060969037,0.9593098983168602,0.002611788377786676,0.013124309480190277,0.031233302007118862,0.002720162776924807,0.002832718197972195,0.014761102890285352,150.0,89.83333333333333,0.5323597056170305,0.3762430474162102,0.0,0.9474173858761787,-0.004804413076878215,-0.0003280005431255025,0.0024046744219958782,0.2813173085451126,0.4149928539991379,0.31974136518935364,0.0011021703400426002,0.011397772817872465,0.019032524161351223,0.052945149122380686,,,,0.006143475848754558,0.07343750020178656,0.11110194275776546,0.030119269698237378,0.022843306108067434,0.28439355697145524,0.9972339570522308,0.7933433055877686,0.4656639099121094,0.19665905833244324,0.4223197400569916,-0.43744564056396484,0.9491518139839172,0.9919589757919312,0.4052734375,0.0,0.7554596066474915,1.0,1.0,0.9530161619186401,1.564172387123108
125,24,24,0.0,-0.001210904757802685,0.035443091920266546,,,,,,,,,5.737226823965709,0.0,0.9878450366100499,,0.1487541183208426,-0.17880764914055666,0.28308671340346336,0.1808854682991902,0.24814452727635702,0.9638346383968989,-0.017484185550832382,0.00433872826397419,0.015801576276620228,0.002832718197972194,0.0026910822880735854,0.08515160841246446,150.0,127.83333333333333,0.483136847615242,0.5721387304365635,0.0,0.8814676428834597,-0.0034585292742121965,2.4511467927368358e-05,0.00306598334282171,0.25549767663081485,0.5334229047099749,0.44101562971870106,-0.001891772818150154,0.012908392818644643,0.023376181488856673,0.050914983951155464,,,,0.008192491164663807,0.10423177108168602,0.11127342811475198,0.031001414249961574,0.019396004577477772,0.27485582050667373,0.9938354194164276,0.8049516677856445,0.48087993264198303,0.21179908514022827,0.44044068455696106,-0.662911057472229,0.9108473062515259,0.9757845997810364,0.1416015625,0.0,0.776351273059845,1.0,1.0,0.9471036195755005,1.6082572937011719
128,24,24,0.0,-0.003698485476585726,0.03942779226539036,,,,,,,,,4.424765080213547,0.0,0.9871670630612573,,0.226471538345019,-0.21830765902996063,0.4016229522724946,0.4653630231817563,0.2578224490086238,0.9471298779050509,-0.002064830512002421,0.0033334667483965554,0.013590436428785324,0.002691082288073585,0.002556528173669906,0.11419078630084793,150.0,131.0,0.45996876060962677,0.753319633503755,0.0,0.8849743430813154,-0.004428580810781568,-0.00029927725730279536,0.0031016108453817046,0.2740946151316166,0.47483688592910767,0.3726845035950343,-0.0011284697933054606,0.015092028498960039,0.02405587995114426,0.049987490304356445,,,,0.004893613028495262,0.0595155853467683,0.11143759575982888,0.03184468671679497,0.025133645084376138,0.26520410795497473,0.997404158115387,0.8653745651245117,0.3791305124759674,0.2548164427280426,0.672107458114624,-0.824571967124939,0.8591554164886475,0.9490610957145691,0.1787109375,0.0,0.8484722375869751,1.0,1.0,0.916339635848999,1.7428581714630127
132,28,28,0.0,-0.008101948171055742,0.039361181535891125,,,,,,,,,6.466020337172917,0.0,0.9864298982406331,,0.030016617683161582,-0.2472560474915164,0.3163841462561062,0.058161251147144606,0.3915878427880151,0.9242283467735563,0.003947664201924843,0.011125735938549042,0.026927834110600606,0.002556528173669906,0.0027311429413267325,0.0,150.0,84.71428571428571,0.5760631859302521,0.6596338046448571,0.0,0.9361900985240936,-0.004007255442307464,-0.00113328829229431,0.0016552932270964707,0.3774147166737488,0.5019009698714528,0.4162499116999762,0.0007331282345798432,0.0187077010881954,0.024383020786834613,0.04776305013802145,,,,0.009233414328524045,0.11106740257569722,0.11161263499941144,0.03274246611233268,0.02657965710386634,0.255358433657747,0.9981170296669006,0.9092622995376587,0.30168992280960083,0.22554388642311096,0.7476016283035278,-0.7401037216186523,0.9373525381088257,0.9807882905006409,0.2880859375,0.0,0.860852062702179,1.0,1.0,0.9101545810699463,1.7823822498321533
134,24,24,0.0,-0.0029818807185317078,0.03965696428592006,,,,,,,,,5.558928946654002,0.0,0.9857479113602589,,0.09782113026206692,-0.22834419334928194,0.3379982300102711,0.16132923712333044,0.36152343700329465,0.9165690143903097,0.001261002570875765,0.006820622831583023,0.02116427943110466,0.002731142941326731,0.002603166680721975,0.015975225406388443,150.0,114.0,0.49109309911727905,0.6071087022622427,0.0,0.8884031722942988,-0.0026717798124688366,0.00041529495335150085,0.002792959256718556,0.2168733011931181,0.41367366164922714,0.30834692157804966,0.0005029720117969797,0.012493550428189337,0.02358495001681149,0.0456621424269064,,,,0.01098434406837138,0.1393229172875484,0.11179126674930255,0.03365730975444118,0.016483842589271564,0.24679445116031126,0.9979552924633026,0.8473132848739624,0.3962792158126831,0.22570081055164337,0.5695499777793884,-0.6818668246269226,0.8982884883880615,0.966869592666626,0.26171875,0.0,0.887638509273529,1.0,1.0,0.8974432945251465,1.84266996383667
136,24,24,0.0,-0.0016427001683041453,0.020020032146324713,,,,,,,,,5.153140753507614,0.0,0.9850495606003532,,0.12438805215060711,-0.24628310464322567,0.392054474602143,0.450154905517896,0.34801431993643445,0.9499023432532946,6.471902997873258e-05,0.007122748841842015,0.01646248996257782,0.0026031666807219754,0.002586656620922298,0.05395871618141731,150.0,136.0,0.38898592938979465,0.624539795021216,0.0,0.9317918916543325,-0.0020738724706461653,0.0010966734286436501,0.0038265205706314496,0.16107418791701397,0.3670291155576706,0.25225889682769775,0.00035375180398962886,0.010825551367209604,0.021361880159626406,0.04381262396458225,,,,0.0048406690621050075,0.05380859400611371,0.11195380830516417,0.03448850971957048,0.020244042001043756,0.23851767983959626,0.9974537193775177,0.934211790561676,0.26406484842300415,0.15855002403259277,0.6004207730293274,-0.67259281873703,0.9225624203681946,0.9572967290878296,0.2060546875,0.0,0.7492532134056091,1.0,1.0,0.9451203346252441,1.5554498434066772
139,24,24,0.0,-7.873470894992352e-05,0.03694546727153162,,,,,,,,,4.371545006831487,0.0,0.9842962051631767,,0.0847227091435343,-0.19866794099410376,0.25477538754542667,0.2460694145411253,0.3175208543737729,0.9545170416434606,-0.01463336568364563,0.012945350880424181,0.021299943327903748,0.002586656620922299,0.002457323789876183,0.06807548350964983,150.0,110.33333333333333,0.47398047521710396,0.5982045630613962,0.0,0.8934371819098791,-0.0030579287461781255,-0.0003513680080686754,0.002885202421263481,0.27793851618965465,0.47343213235338527,0.4009533189237118,-0.001584788575807276,0.012418617300378779,0.01997314626350999,0.04075267084382969,,,,0.007807534023110445,0.10183239293595155,0.11211082090934117,0.03529037395492196,0.014389474992640316,0.23009839017435504,0.9982510507106781,0.8785929083824158,0.3772832155227661,0.22574619948863983,0.5983467698097229,-0.678742527961731,0.9280809760093689,0.987933337688446,0.142578125,0.0,0.812260091304779,1.0,1.0,0.936678409576416,1.6837390661239624
141,24,24,0.0,-0.0032557191395123177,0.0384671405578653,,,,,,,,,4.800372550884883,0.0,0.9835643592159861,,0.13749543546388546,-0.2642485263446967,0.4205205651621024,0.28699688240885735,0.2958984375,0.9412109404802322,0.0006747927754986449,0.006409581750631332,0.017773136496543884,0.002457323789876183,0.0021361488760591805,0.03070867550559342,150.0,129.0,0.48607422535618144,0.7316073973973592,0.0,0.9275452742973963,-0.0010824429530960817,0.0008564314046755802,0.0026815027134337774,0.16031651586915055,0.3924269477526347,0.3232372098912795,0.0006356307167152409,0.012602739424134294,0.025141052979355056,0.03855106950206548,,,,0.007108018554087418,0.09342447947710752,0.11226035685588916,0.03605301988621553,0.02044212748296559,0.2223815563971617,0.9977208077907562,0.8743606209754944,0.3547672927379608,0.23931829631328583,0.6745782494544983,-0.8204749822616577,0.9213067889213562,0.9584203362464905,0.119140625,0.0,0.9604374170303345,1.0,1.0,0.9208131432533264,1.9665319919586182
146,28,28,0.0,-0.004349219446469631,0.03134654143026897,,,,,,,,,4.427145957946777,0.0,0.9826409462801841,,0.17072740676147596,-0.19636531440275057,0.27221779631716864,0.1285568539585386,0.2512897253036499,0.9047524801322392,-0.003063122197399285,0.005457925477198192,0.01584621412413461,0.0021361488760591805,0.0020293414322562213,0.09058641362935305,150.0,107.71428571428571,0.5686139836907387,0.8461254792554038,0.0,0.9427721521684101,-0.0029215599227297518,-0.0005019046453266388,0.001350716533904363,0.33389114162751604,0.48346482643059324,0.41649396291800905,-0.0002585287987000941,0.016145420293988928,0.026013838725962808,0.03704738384441117,,,,0.005915737016558913,0.06922056233244282,0.11242367646523885,0.03688482700714043,0.018247708146061217,0.21323477129121665,0.9968509674072266,0.9293519854545593,0.2762313783168793,0.2137589007616043,0.7738400101661682,-0.9229952096939087,0.9525957107543945,0.9663938879966736,0.134765625,0.0,0.9136015772819519,1.0,1.0,0.9380660057067871,1.8867764472961426
150,28,28,0.0,0.0028552611890648094,0.03565816607858453,,,,,,,,,6.037138547216143,0.0,0.981770324733943,,0.17067872413567134,-0.18036304041743279,0.27447930936302456,0.13959983470184462,0.16318092814513616,0.9103521491800036,0.00011902592157347109,0.005335380988461631,0.01680107201848711,0.0020293414322562213,0.0019655587275825715,0.05166273201549692,150.0,126.14285714285714,0.4101967087813786,0.8066407442092896,0.0,0.9093922695943287,-0.0026171365628085497,0.00014449317177422927,0.003526850216855694,0.23834553733468056,0.48305468793426243,0.4131144625799997,-0.0011431596598673163,0.013184210950774806,0.022120611941707984,0.03728123256829013,,,,0.00803546334749886,0.1035512441303581,0.11258579018924918,0.037709384092262814,0.021145058795809746,0.2051580097824,0.9964993298053741,0.9146514534950256,0.30982744693756104,0.21291550993919373,0.6872067451477051,-0.8865959644317627,0.9190092086791992,0.9579387307167053,0.064453125,0.0,0.8473739624023438,1.0,1.0,0.9239879250526428,1.7499232292175293
152,24,24,0.0,-0.005820692074242591,0.03704808326438069,,,,,,,,,6.298727095127106,0.0,0.9809839481232979,,0.23934457326928774,-0.24377192494769892,0.43290354559818905,0.24936602264642715,0.23512369642655054,0.9606119841337204,-0.0010272710108741496,0.0028289022545019784,0.01624917487303416,0.00196555872758257,0.0018672807912034428,0.11512617239107688,150.0,129.66666666666666,0.4258067086338997,0.7443517098824183,0.0,0.89463443060716,-0.0030477508068239936,0.00040200564747768414,0.002777880227464872,0.21774741200109324,0.48565133412679035,0.4151421512166659,-0.0008033111322826395,0.011397783178836107,0.019897251622751355,0.038281872786330426,,,,0.01066182620706968,0.14143880270421505,0.11271935794502497,0.038387881281475224,0.019435335261126358,0.19827760415091789,0.9971378445625305,0.8827588558197021,0.3535093367099762,0.21913912892341614,0.6198962926864624,-0.8266295194625854,0.8813676238059998,0.9327848553657532,0.1494140625,0.0,0.8138850331306458,1.0,1.0,0.9296358823776245,1.6767382621765137
156,28,28,0.0,0.0030034915544092655,0.021763323540134088,,,,,,,,,5.3733609318733215,0.0,0.9800890215539219,,0.04323266672768763,-0.23121486231684685,0.3147950055343764,0.1272101372929423,0.36536567764622824,0.9089663220303399,0.0024188694764494096,0.0088997839816979,0.02552216500043869,0.0018672807912034422,0.0018950353989418327,0.01787382846565119,150.0,88.57142857142857,0.48604361712932587,0.6347006538084575,0.0,0.9253482307706561,-0.003834173985524103,-0.0006534410952424098,0.002105747362033331,0.3224160277417728,0.418575114437512,0.35827319004705976,0.0005905370313225181,0.013735953651900803,0.019066429996330823,0.037397550416734364,,,,0.00558220998833089,0.06944262090006045,0.11285905806081635,0.03909672424197197,0.02083355181717447,0.19088491325819226,0.9961898028850555,0.935107409954071,0.26181527972221375,0.1810244768857956,0.6914206147193909,-0.6671551465988159,0.9281538128852844,0.9749535322189331,0.28125,0.0,0.8772570490837097,1.0,1.0,0.9161081314086914,1.8012664318084717
159,24,24,0.0,-0.0035719897908469043,0.028588278607154887,,,,,,,,,5.420403619607289,0.0,0.9792190842210858,,0.14212595081577697,-0.29867249478896457,0.445142296453317,0.3553510159254074,0.3740604917208354,0.9409761826197306,-0.0013528660844409994,0.006777082880338033,0.02554249515136083,0.0018950353989418336,0.001800283628994741,0.09404040593653917,150.0,106.66666666666667,0.49519310891628265,0.6602406923969587,0.0,0.892179640630881,-0.0038229691660186895,-0.0008198550397840639,0.002001868478449372,0.3399202525615692,0.44150324910879135,0.382872582723697,-2.3736693037790246e-05,0.015140355875094732,0.024200487571458023,0.037414962962051684,,,,0.008633411698004542,0.11881245719268918,0.11299751450618108,0.039798432805885874,0.02237193426117301,0.1841077271009132,0.9945683181285858,0.9364968538284302,0.25897619128227234,0.18089385330677032,0.6984960436820984,-0.7166895866394043,0.9023689031600952,0.9586549997329712,0.314453125,0.0,0.8273612856864929,1.0,1.0,0.9216987490653992,1.6961727142333984
161,24,24,0.0,-0.0031265680057307086,0.03239536836432914,,,,,,,,,3.9924054791529975,0.0,0.978381647860831,,0.06147712057766815,-0.22863717811803022,0.32792552560567856,0.22345038627584776,0.31240234275658924,0.9661132842302322,0.0013335316592322972,0.00851109561820825,0.01626610259215037,0.0018002836289947404,0.001863784234750624,0.038291346320571996,150.0,131.0,0.38654159506162006,0.6016480848193169,0.0,0.9158258686463038,-0.002491481815620015,0.0003733109630654023,0.003262736068184798,0.22101077561577162,0.42380866905053455,0.36685799683133763,0.00029847898728500394,0.01265836441113303,0.027019047721599538,0.03688215935480479,,,,0.006236785401900609,0.07522786501795053,0.1131259926284353,0.04044882565115889,0.0176640102872625,0.17793328700136246,0.9948345720767975,0.8591100573539734,0.3763085603713989,0.2289564609527588,0.6084274649620056,-0.6754099726676941,0.938633382320404,0.9751501679420471,0.240234375,0.0,0.8427335619926453,1.0,1.0,0.9132756590843201,1.729724645614624
163,24,24,0.0,-0.0025039896524200835,0.03834544339527687,,,,,,,,,5.637642711400986,0.0,0.9775282066423365,,0.09558594164748986,-0.26005394260088605,0.40776381144920987,0.3201431209842364,0.2910481741031011,0.9583007867137591,9.98852847260423e-05,0.0060418589661518736,0.01958179970582326,0.0018637842347506237,0.0016997490724524758,0.052387418846289315,150.0,118.5,0.3478504717350006,0.6391694123546282,0.0,0.8968202968438467,-0.0036101079798148326,0.0008213681768817575,0.003722017048858106,0.19343648167947927,0.4462484382092953,0.39023591081301373,-0.00040750419316282205,0.014459036795111993,0.027368412353098392,0.03741791419253039,,,,0.009315363480709493,0.11845703205714624,0.11324509046971798,0.04105110187083483,0.023038591413448255,0.171965919745213,0.995038628578186,0.8358142375946045,0.41567549109458923,0.2355012595653534,0.5665507316589355,-0.7106674909591675,0.890559732913971,0.9691370129585266,0.201171875,0.0,0.8009144067764282,1.0,1.0,0.9250281453132629,1.6456373929977417
166,24,24,0.0,-0.003856507750848929,0.03668959221492211,,,,,,,,,4.906230241060257,0.0,0.9766112544864708,,0.029850529235166807,-0.21604938184221587,0.29435668264826137,0.13674547228341302,0.3524186958869298,0.9354716564218203,0.0028750681813107803,0.008004087954759598,0.02380287026365598,0.0016997490724524752,0.0017280238497921377,0.014071357164842388,150.0,105.5,0.419975192596515,0.5768716856837273,0.0,0.8915423825383186,-0.0031245857098838314,0.00015850652668329227,0.002493638089314724,0.2349754044165214,0.4591434138516585,0.4156574023266633,-0.0010980237666444737,0.016052850289270282,0.02706657776919504,0.03749277176341494,,,,0.005469933006679639,0.06212113813186685,0.11336651599655549,0.04166451763982574,0.02113299157160024,0.16589187006243164,0.9948236048221588,0.8845868706703186,0.3654354512691498,0.20569206774234772,0.5628684163093567,-0.6410633325576782,0.9113703966140747,0.9728682041168213,0.2861328125,0.0,0.8126701712608337,1.0,1.0,0.9250281453132629,1.683274745941162
169,24,24,0.0,-0.00459086384701853,0.0339506136563917,,,,,,,,,5.092302242914836,0.0,0.9756772340672949,,0.05149802231850723,-0.20150352952380976,0.28964485848943394,0.20493984781205654,0.29933083057403564,0.9091906646887461,0.0015895050873950822,0.007248814528187116,0.018620800226926804,0.0017280238497921372,0.0017505087663857851,0.03659900176959733,150.0,113.5,0.4794906862080097,0.6513754998644193,0.0,0.9120216617981592,-0.0031775500586566827,-0.0004899030864180531,0.0019137952816284571,0.29439484514296055,0.43975502252578735,0.39497120678424835,7.066393469775296e-05,0.018021303423059482,0.03240513886945943,0.03782306246677127,,,,0.006666763991233893,0.06951998670895894,0.11348475981503725,0.04226125000665585,0.023831940023228526,0.16003615442699767,0.9921999573707581,0.8795327544212341,0.3509907126426697,0.22551028430461884,0.6424964666366577,-0.7162721157073975,0.932246744632721,0.9775782227516174,0.2216796875,0.0,0.8670162558555603,1.0,1.0,0.903914749622345,1.7711460590362549
175,32,32,0.0,-0.0026238272548653185,0.035556615446694195,,,,,,,,,4.944807790219784,0.0,0.9745181628635111,,0.03708947924314998,-0.26130414148792624,0.32478099316358566,0.08706214108678978,0.3601261992007494,0.9054330717772245,0.003286748509708559,0.012976887170225382,0.02817944809794426,0.0017505087663857858,0.001906139165712369,0.012359890883089975,150.0,72.875,0.5856846328824759,0.8514444008469582,0.0,0.9305337257683277,-0.0034553021541796625,-0.0013995129907016235,0.0007539594396206439,0.4262433545663953,0.4105412205681205,0.35390330478549004,0.0011081701678676836,0.01991469252971001,0.032959203992504627,0.03719574897990229,,,,0.007765752625346067,0.10245455265976489,0.1136168057564646,0.04292693955358118,0.01911053352523595,0.15319581929256695,0.9938302934169769,0.9203155636787415,0.28233802318573,0.2485520839691162,0.8803351521492004,-0.9056124091148376,0.9133654236793518,0.9590126276016235,0.2353515625,0.0,0.8986029028892517,1.0,1.0,0.8958932161331177,1.8432481288909912
178,28,28,0.0,0.006917627628094384,0.022551503298538073,,,,,,,,,5.475890721593585,0.0,0.9735089298876868,,0.040309834360544174,-0.21494853922298976,0.30112611236316816,0.13091448707356385,0.3340107649564743,0.9375904968806675,0.0031096844509842674,0.009832966008356639,0.019719325006008148,0.0019061391657123688,0.0019773712284171002,0.007990046271256037,150.0,110.57142857142857,0.3524349661810057,0.6376454457640648,0.0,0.9162470485482898,-0.002127220178538534,0.0006399248405354488,0.003679064102470875,0.2065170713301216,0.35651279027972904,0.27109100403530256,0.0003806367983218349,0.01360053026915661,0.023938513760055815,0.03419661866892612,,,,0.0071281886110747495,0.09284884855151176,0.11374303991241115,0.04356266465038061,0.019736976163195714,0.14759232902135497,0.9947985708713531,0.9329766035079956,0.26883652806282043,0.17578260600566864,0.6538642644882202,-0.6974916458129883,0.9008133411407471,0.9674860239028931,0.1650390625,0.0,0.8021652102470398,1.0,1.0,0.919430673122406,1.65763258934021
180,24,24,0.0,-0.004356496113662918,0.0189977054639409,,,,,,,,,4.102018853028615,0.0,0.9725685324167088,,0.04608634455750386,-0.26750300265848637,0.3785240277647972,0.11223060249661405,0.33111978818972904,0.9264973973234495,0.0023743526689941064,0.008144000545144081,0.01988988866408666,0.001977371228417101,0.0020051215910945113,0.0,150.0,121.0,0.21398880270620188,0.5484552917381128,0.0,0.9354196762045225,-0.001306594122676567,0.0024076892053320384,0.004659796793324252,0.09333185742919643,0.3524838996430238,0.2715762872248888,-0.0002601117400142054,0.008133226578744749,0.015718630165793,0.03421509443678136,,,,0.004039884612817938,0.04414062522118911,0.11385574626425903,0.04412968239436547,0.016581897507421672,0.14264250964633188,0.9964155852794647,0.9277823567390442,0.28344404697418213,0.15153752267360687,0.5346294045448303,-0.6168155670166016,0.9106811285018921,0.9720380306243896,0.1875,0.0,0.6868171095848083,1.0,1.0,0.9629836082458496,1.4264512062072754
186,28,28,0.0,-0.006196542210610849,0.026301857283604995,,,,,,,,,4.758424001080649,0.0,0.971394452886127,,0.007083315768146089,-0.2780748722808702,0.3348637723496982,0.008029989509460782,0.3864525237253734,0.8718114005667823,0.0046105130459181964,0.013624961887087141,0.030878043600491116,0.0020051215910945118,0.0021012330552498564,0.0,150.0,80.28571428571429,0.5736022740602493,0.7449893291507449,0.0,0.9439313071114677,-0.0038982454404634026,-0.0005052298791789715,0.0012449621031659522,0.333276235631534,0.4350599933947836,0.3661768361926079,-0.00016153601297576512,0.01856758731550404,0.02513138803520373,0.03505471193222301,,,,0.00931652651758798,0.11720882249729973,0.1139393789427621,0.044550120165305476,0.021233478294951574,0.13680139782144932,0.9949628114700317,0.9393297433853149,0.26207953691482544,0.20376864075660706,0.7775068283081055,-0.766488790512085,0.9473732709884644,0.964626133441925,0.35546875,0.0,0.7821512818336487,1.0,1.0,0.9355157613754272,1.6243236064910889
190,28,28,0.0,-0.004936708968931011,0.023447436214025532,,,,,,,,,4.676967229161944,0.0,0.9703186839944039,,0.07826103336576905,-0.22554942699415342,0.2707965900855405,0.052486965083517134,0.414828428200313,0.9296355290072305,-0.0013221036705155192,0.013020380799259459,0.029108604150159017,0.0021012330552498556,0.0022716975676087274,0.04821948943260525,150.0,82.28571428571429,0.48664044375930515,0.535664513707161,0.0,0.9414904713630676,-0.004868767956005675,-0.0007161847394984631,0.002417417386303506,0.32320532096283777,0.39825562281267984,0.31103772670030594,-6.126024735359741e-06,0.013995386294222303,0.01909045492564993,0.036066742947880925,,,,0.008287578334732513,0.10453048461515989,0.11405217487897192,0.045116674820227284,0.017653966023187553,0.13175386815033094,0.9963701367378235,0.9449625015258789,0.24632085859775543,0.16622719168663025,0.6748400926589966,-0.6025627851486206,0.9519789218902588,0.9882463812828064,0.3115234375,0.0,0.7703280448913574,1.0,1.0,0.9262591004371643,1.602246642112732
195,28,28,0.0,-0.008471681603363581,0.03830200739737068,,,,,,,,,4.494010967867715,0.0,0.9691794083397658,,0.07915626685800296,-0.2689774121556963,0.35848708025046755,0.2640649655035564,0.3393997528723308,0.8984629703419549,0.0012320890268061443,0.01090833225420543,0.027701855770179203,0.0022716975676087274,0.002227731381900999,0.03410068363882601,150.0,86.71428571428571,0.5054925445999418,0.7540345958300999,0.0,0.9048225794519696,-0.003488730755634606,-0.0009370599665479469,0.0022158700386561187,0.3414205014705658,0.4809693268367222,0.41631156525441576,-0.00015123986304388382,0.018778132208223854,0.029103612460728203,0.03805021358417838,,,,0.007659068360226229,0.0969380818839584,0.11415921896696091,0.0456537887720125,0.01947077549993992,0.12670033926037713,0.9956120848655701,0.9278218746185303,0.2740759551525116,0.21726419031620026,0.7927152514457703,-0.8178229331970215,0.9208430051803589,0.9750008583068848,0.2978515625,0.0,0.8691014647483826,1.0,1.0,0.904198944568634,1.8004225492477417
198,28,28,0.0,-0.0043608440817998985,0.036605809682181904,,,,,,,,,4.78298511675426,0.0,0.9680274778025681,,0.05580984348697322,-0.30643780529499054,0.4151083922811917,0.42387553457436816,0.4544235042163304,0.9328103597675051,0.0012497964042787707,0.010376410824911935,0.028452099433967044,0.002227731381901,0.002116344812805949,0.045052494654165845,150.0,85.0,0.5044282962168966,0.6191606415169579,0.0,0.9283728109938758,-0.0038884520514069925,-0.00025423832247335146,0.002137689905274393,0.281516789325646,0.34763081052473616,0.2947904079088143,0.0010591111994082375,0.018664489866101315,0.03896275741447296,0.038636808351570295,,,,0.006381154754698011,0.0812156598216721,0.1142652335443667,0.0461853239685297,0.019217235767947777,0.12187239610929981,0.9948981404304504,0.8873533010482788,0.34175339341163635,0.23993410170078278,0.7020679712295532,-0.6699718236923218,0.9035835266113281,0.9659578204154968,0.3515625,0.0,0.7876818776130676,1.0,1.0,0.9221913814544678,1.6310102939605713
203,28,28,0.0,-0.0016658248912010873,0.03069956913324339,,,,,,,,,5.117504324231829,0.0,0.9667595141630015,,0.070934825842934,-0.28789702749678064,0.3870274467127664,0.24414079157369478,0.4054329650742667,0.9221857977764947,0.0015818491889782699,0.010263482906988688,0.02799826647554125,0.002116344812805948,0.0020105275721656515,0.033369488681533506,150.0,85.42857142857143,0.579396689576762,0.7523843028715679,0.0,0.9281423964670726,-0.003129128458177937,-0.0007633762057334284,0.0012245198657702921,0.36640481437955585,0.44669016024896074,0.38310003919260843,-0.00031572356030145395,0.021604053476559266,0.033386609250945706,0.03915508473088766,,,,0.010918747001726712,0.13094060721674136,0.11437241546809673,0.046722300084573884,0.027530856097915342,0.11685965748286667,0.9938162565231323,0.9134434461593628,0.30225685238838196,0.24452923238277435,0.8090113401412964,-0.8002808690071106,0.9086222052574158,0.9388022422790527,0.3271484375,0.0,0.7899288535118103,1.0,1.0,0.92451411485672,1.6325631141662598
205,24,24,0.0,-0.008267948530071104,0.028040574475501973,,,,,,,,,5.369688024123509,0.0,0.9657124681641062,,0.03996504428020368,-0.2438175311932961,0.33323931073149043,0.05636399045276145,0.43671874950329465,0.9544921889901161,0.002983112038540033,0.008766774088144302,0.02378194034099579,0.0020105275721656528,0.0020725830078860198,0.0,150.0,108.33333333333333,0.4748687595129013,0.5114947184920311,0.0,0.9470783397555351,-0.003250428941100836,-0.00038712032015079484,0.002416589197916134,0.2882121068735917,0.3763943525652091,0.31538510012129944,0.0024827424579901467,0.016276517029230792,0.033014777271697916,0.03707203724528638,,,,0.009687028670062622,0.12447916654249032,0.11444115887085597,0.04706640805428227,0.021024564824377496,0.11294052292755018,0.9947479665279388,0.8776667714118958,0.3497696816921234,0.2061247080564499,0.5893155336380005,-0.5868006944656372,0.9699909687042236,0.9899342060089111,0.298828125,0.0,0.7921732068061829,1.0,1.0,0.9306681156158447,1.6248135566711426
208,28,28,0.0,0.012303415719153625,0.031041648238897324,,,,,,,,,6.929810506956918,0.0,0.9645578295825362,,0.0,-0.23011939546891622,0.25763553008437157,-0.00649527005485392,0.49543605957712444,0.9173110680920737,0.007716031212891851,0.0189860500395298,0.03795979171991348,0.0020725830078860206,0.0022422618950577013,0.0,150.0,67.57142857142857,0.5890549740621022,0.4590508277927126,0.0,0.9498433343001774,-0.00487842652780403,-0.0008369576917175436,0.001232641416988502,0.35720553887741907,0.36065185389348436,0.28911497231040684,0.0013539676718729815,0.017689991376495788,0.028855932843206183,0.037872388726087405,,,,0.011098900934614773,0.12629544056419814,0.11452940133001123,0.047507812535124164,0.026667629102511064,0.10883266382968457,0.9958373606204987,0.8774369955062866,0.36071106791496277,0.21312597393989563,0.5908495783805847,-0.4999281167984009,0.9289553165435791,0.9918457865715027,0.4619140625,0.0,0.7534850239753723,1.0,1.0,0.9341204166412354,1.5605945587158203
210,24,24,0.0,-0.0003510160992542903,0.02681774684848885,,,,,,,,,5.653734008471171,0.0,0.9634787424848928,,0.030089921589630347,-0.33790939797957736,0.4048910364508629,0.049360900103541404,0.5048177068432173,0.9624348978201548,0.0036101753066759557,0.013714086264371872,0.0325995609164238,0.002242261895057702,0.0021973742770224867,0.0,150.0,90.5,0.4556711142261823,0.41826213772098225,0.0,0.9397399748365084,-0.004311967573206251,-0.000403813264559479,0.002716582535261599,0.2797613659252723,0.3468882304926713,0.2999760260184606,0.0012340100799974607,0.020519312626371782,0.03697110922075808,0.036335522689131705,,,,0.011076770606450737,0.13750000080714622,0.1146386091907819,0.048053700321664415,0.02253378019668162,0.10518273140005535,0.9925627708435059,0.8563217520713806,0.3843057453632355,0.19624976813793182,0.5106605291366577,-0.46425092220306396,0.9212833642959595,0.9878540635108948,0.34375,0.0,0.7289199233055115,1.0,1.0,0.9455189108848572,1.5066635608673096
213,28,28,0.0,-0.01758810455378677,0.03602963439854128,,,,,,,,,6.824623439993177,0.0,0.9622947901694661,,0.049320052577448745,-0.28360640523689135,0.33809689432382584,0.08205279868395467,0.45465295229639324,0.9462159872055054,0.004167739128336377,0.014838670513459615,0.03525759811912264,0.002197374277022488,0.0023314038330266578,0.0033540720718779732,150.0,72.85714285714286,0.6389918965952737,0.5599911872829709,0.0,0.9476902825491769,-0.004673711494043735,-0.0010850189371142602,0.0008719926162094842,0.38990641704627443,0.45003863477281164,0.40203039401343893,0.0010383451891747037,0.021500151803983108,0.04012800793030432,0.03936083225115689,,,,0.017141403131453053,0.15248990285077266,0.11474664828607015,0.048593236931732724,0.02634917718491384,0.10137384658733153,0.992331475019455,0.897101640701294,0.32523679733276367,0.2099340260028839,0.6454805731773376,-0.5968040227890015,0.9566418528556824,0.9881323575973511,0.4384765625,0.0,0.7770261168479919,1.0,1.0,0.9305797219276428,1.6111619472503662
215,24,24,0.0,-0.008993579850842556,0.026475376061474282,,,,,,,,,6.214784651994705,0.0,0.9611839647065107,,0.054166620636048414,-0.18235923101504645,0.2595581977317731,0.07659716159105301,0.3267578110098839,0.9308593769868215,0.002500054751484034,0.008915109559893608,0.013644595940907797,0.0023314038330266578,0.0022761525302279445,0.002633521604972581,150.0,132.16666666666666,0.2402077540755272,0.4666800821820895,0.0,0.9196310838063558,-0.000874035865914872,0.002468977817140209,0.004970026629356046,0.0873870897727708,0.3819287233054638,0.29134849334756535,-0.0003710496923000998,0.017157803561228018,0.029582282528281212,0.038692809820742274,,,,0.013113495263193423,0.1749348963300387,0.11483491025865078,0.04903367363537351,0.027433511645843584,0.09797406129167448,0.9932894706726074,0.8394362926483154,0.432374507188797,0.17410621047019958,0.4026745557785034,-0.5426543354988098,0.9103806018829346,0.9805156588554382,0.146484375,0.0,0.7360584139823914,1.0,1.0,0.9340436458587646,1.5214942693710327
217,24,24,0.0,0.0017401355920204271,0.022195394538963836,,,,,,,,,6.077750752369563,0.0,0.9600579725761307,,0.03909735971440872,-0.2777055570234855,0.36354245617985725,0.0920835599633089,0.41858723511298496,0.9443033883968989,0.0031508178993438682,0.011746425181627274,0.022350367158651352,0.002276152530227943,0.0023227829684055513,0.0,150.0,114.0,0.40491243451833725,0.5215648201604685,0.0,0.9368047093351682,-0.0026057279804566256,0.0007476556456822436,0.003465386282186955,0.18565795135994753,0.3478080133597056,0.2839417364448309,0.0012948728926858166,0.015607033002500733,0.03144437881807486,0.03693103872814538,,,,0.01382605460821651,0.16250000024835268,0.1148944515734911,0.04933058222134908,0.020464810775592923,0.0946882949510603,0.993133544921875,0.9125078916549683,0.29756587743759155,0.17395740747451782,0.5846013426780701,-0.5634361505508423,0.9320417046546936,0.9817563891410828,0.31640625,0.0,0.7335214018821716,1.0,1.0,0.9405790567398071,1.5192209482192993
219,24,24,0.0,-0.004497540416195989,0.012146461677427093,,,,,,,,,5.099702328443527,0.0,0.9589168686575933,,0.015386445020946363,-0.24215398294230303,0.2958583285411199,0.035398538791923784,0.5138997385899226,0.9515299474199613,0.005155826666547607,0.013143626973032951,0.02634459485610326,0.002322782968405552,0.002417511948087666,0.0,150.0,102.33333333333333,0.39656410987178486,0.3490488889316718,0.0,0.9585770666599274,-0.0034892221835131445,0.0006362914076210776,0.0035626551252789795,0.20616315305233002,0.33031509071588516,0.2723317214598258,0.0012551982396568444,0.011434769645954171,0.020241589401848614,0.03653920993287636,,,,0.007452963657366733,0.08479817692811291,0.11494604249795277,0.049587761983275414,0.02311633542800943,0.09151272369986857,0.992814302444458,0.9256502985954285,0.27990928292274475,0.11625567078590393,0.4153333902359009,-0.3826991319656372,0.9440304636955261,0.9931738972663879,0.4375,0.0,0.6413022875785828,1.0,1.0,0.9777816534042358,1.337622880935669
221,24,24,0.0,-0.0033901643473654985,0.022644352323065203,,,,,,,,,4.97873917222023,0.0,0.9577607085666952,,0.0016741290455684066,-0.2879352681338787,0.34167322143912315,-0.0005763737087060387,0.5034179662664732,0.9515950505932173,0.00464073073817417,0.014217700188358625,0.031162346402804058,0.0024175119480876668,0.0024729460762224183,0.0,150.0,92.33333333333333,0.3575013168156147,0.3610481843352318,0.0,0.9675207212567329,-0.0040379034471698105,0.0007672882693441352,0.0038033696085525057,0.21138477387527624,0.3792344033718109,0.2993054154018561,3.286038524189886e-05,0.009433275437913835,0.017699393870619435,0.03315244221751994,,,,0.0052298937807790935,0.06455078104045242,0.11501410075773795,0.04992685730879506,0.023720407237609226,0.08844365191386,0.9929684996604919,0.8879485726356506,0.3657741844654083,0.15184906125068665,0.41514429450035095,-0.4151647686958313,0.967793881893158,0.9936541318893433,0.3935546875,0.0,0.6419740915298462,1.0,1.0,0.9808244109153748,1.337311863899231
223,24,24,0.0,-0.006144272124705215,0.015214302887519201,,,,,,,,,4.830735991398494,0.0,0.9565895486530458,,0.030805976401704054,-0.23723765710989633,0.3074549175798893,0.11691984154701156,0.4230143229166667,0.9682942753036817,0.003361094704208275,0.010337031756838163,0.02478499710559845,0.002472946076222419,0.0025041754137318305,0.0035022107573846975,150.0,105.0,0.3574979479114215,0.3801155512531598,0.0,0.9516715804735819,-0.0038144254455498108,0.0011142868109648891,0.003862048800025756,0.18792731501162052,0.3874385903278987,0.3124359268695116,8.099816818685213e-05,0.007944785330134133,0.014161546598188579,0.0331860398408002,,,,0.007190912064591733,0.08854166682188709,0.1150849328065912,0.050279536905388035,0.023546662492056687,0.08547750790933197,0.9954979717731476,0.9254603981971741,0.2926841378211975,0.12494844198226929,0.42690539360046387,-0.4406294822692871,0.9523708820343018,0.9948647618293762,0.326171875,0.0,0.6521244049072266,1.0,1.0,0.9795506000518799,1.3573861122131348
225,24,24,0.0,-0.0013397734534616272,0.023167649904886883,,,,,,,,,5.626810818910599,0.0,0.9554034459973293,,0.10987503733485937,-0.26392912057538825,0.3821924924850464,0.2942340634763241,0.36041666318972904,0.9658203125,0.0007138372858103518,0.008077141518394152,0.023073998590310413,0.0025041754137318305,0.0024296373782185516,0.03099470876622945,150.0,115.83333333333333,0.2665096328904231,0.4776826351881027,0.0,0.9675723065932592,-0.0025320500438586655,0.0023540501618602625,0.0045724589241823805,0.11903475907941659,0.452817115932703,0.370315320789814,-0.0016877798556625596,0.010713910451158881,0.021779077515626948,0.03248413119671924,,,,0.009037043744077286,0.09501953143626451,0.11514286262293656,0.050567849073559046,0.025728559276709955,0.08261083978651179,0.9947496354579926,0.911670982837677,0.34542590379714966,0.16504859924316406,0.47781187295913696,-0.5456260442733765,0.9722134470939636,0.9919781684875488,0.2421875,0.0,0.6398089528083801,1.0,1.0,0.9864440560340881,1.3325181007385254
228,24,24,0.0,-0.00533202535007149,0.022931926728536684,,,,,,,,,5.785073131322861,0.0,0.9541353016074047,,0.02496710411893825,-0.2487055038412412,0.3022020036975543,0.028497808937875863,0.5121202220519384,0.9125651121139526,0.004331555886892602,0.014152522509296736,0.032950752725203834,0.0024296373782185516,0.002449958105803554,0.0,150.0,87.5,0.5162844012180964,0.4440666474401951,0.0,0.9235767150918642,-0.004366998832362394,-0.00039519524716524757,0.0022141939795498424,0.2849703300744295,0.3392149085799853,0.24986852705478668,0.0013722410003538243,0.014493754676853618,0.024666350257272523,0.0336329030933549,,,,0.007528977235779166,0.0983615464841326,0.11519962611297767,0.05085017128537098,0.028819406715532143,0.07968914678584822,0.9944323301315308,0.9163629412651062,0.3033973276615143,0.17008961737155914,0.5606167316436768,-0.4841125011444092,0.9476900100708008,0.9893722534179688,0.4814453125,0.0,0.7608680725097656,1.0,1.0,0.938771665096283,1.5714912414550781
230,24,24,0.0,-0.0019506269212191303,0.02789228013716638,,,,,,,,,5.7815447350343065,0.0,0.952918665661937,,0.04138767944338421,-0.2814770384381215,0.3544698047141234,0.06210258795181289,0.43056640525658924,0.9513020863135656,0.003187941780197434,0.011414131770531336,0.030985284596681595,0.002449958105803555,0.002491622445257609,0.0016697282747675974,150.0,93.83333333333333,0.3839198922117551,0.42117173597216606,0.0,0.9196021283666292,-0.004090640596890201,0.0007054693214740837,0.0040707582666072994,0.20853249356150627,0.39873150115211803,0.32619408518075943,0.00021676104188372847,0.012525595996218422,0.02283300963851313,0.031993342389423335,,,,0.00868886675016256,0.11601562503104408,0.11524060710022847,0.05105397508790096,0.025087751680985093,0.07701660353542918,0.9952555000782013,0.852211594581604,0.395105242729187,0.19032135605812073,0.4816978871822357,-0.483436644077301,0.9013912081718445,0.9918503165245056,0.3544921875,0.0,0.7009170651435852,1.0,1.0,0.9454792141914368,1.4567556381225586
232,24,24,0.0,-0.006247399064401786,0.02679553736622135,,,,,,,,,5.685728907585144,0.0,0.9516872658880603,,0.13768814721455178,-0.22681307544310889,0.31336122502883273,0.2140025837967793,0.46901041517655057,0.9328450535734495,-0.00041184126333367505,0.010810611148675283,0.028649209688107174,0.002491622445257608,0.0023670413229947285,0.07704346642519037,150.0,97.0,0.3919372657934825,0.3851335793733597,0.0,0.9296968852480253,-0.004154312846367247,0.0003286403170932317,0.0037666319112759084,0.23071788375576338,0.3883131667971611,0.2906227558851242,0.0005276557052032634,0.01172781151641781,0.01798440139585485,0.03158208689702605,,,,0.009035624980848903,0.11399739654734731,0.11531073227524757,0.05140247413267692,0.024208229190359514,0.07443368964751994,0.9936807751655579,0.801832914352417,0.45727139711380005,0.1925814300775528,0.4211534559726715,-0.43997424840927124,0.9080133438110352,0.9887709617614746,0.3583984375,0.0,0.7158206105232239,1.0,1.0,0.9469813108444214,1.4844160079956055
234,24,24,0.0,-0.0018306849524378777,0.009543639646532634,,,,,,,,,5.96432164311409,0.0,0.9504411623024609,,0.00945888482965529,-0.2024841420352459,0.260888181005915,0.012778177774938134,0.5256184861063957,0.9690429692467054,0.005642655315265681,0.009135346238811811,0.023596455653508503,0.0023670413229947285,0.0024531065863999616,0.0,150.0,105.66666666666667,0.44365954647461575,0.3302123000224431,0.0,0.9550952215989431,-0.0018195409478115228,0.0014342355886280227,0.0028029257664456964,0.10458049116035302,0.2825228131065766,0.19295361544936895,0.0019388136012518469,0.007168250488272558,0.013674786275563141,0.030552751573499178,,,,0.005479056198964827,0.06637369802532096,0.11539068942268689,0.051799621898680925,0.02406148744436602,0.07193739921281557,0.996482640504837,0.9143460988998413,0.2951885163784027,0.1165759265422821,0.3949202597141266,-0.3742080330848694,0.951460063457489,0.9953364133834839,0.4189453125,0.0,0.6621208190917969,1.0,1.0,0.9692620635032654,1.3755412101745605
236,24,24,0.0,-0.0062789409421384335,0.017409167136065662,,,,,,,,,6.596043209234874,0.0,0.9491804156384699,,0.0,-0.2089090533554554,0.2365332624564568,-0.001791839618817903,0.5546223943432173,0.9558593779802322,0.0073488152120262384,0.01696883700788021,0.032875288277864456,0.0024531065863999603,0.0026316649576649583,0.0,150.0,83.33333333333333,0.46275269736846286,0.2610888760536909,0.0,0.9715937972068787,-0.004776816106944655,-0.0004864560136065658,0.002728992471626649,0.28334652942915756,0.3471253638466199,0.2717808950692415,0.0008951891801795379,0.007667135718899469,0.012366623850539327,0.028584804267141647,,,,0.010671168798580766,0.1455729166045785,0.11544240918010473,0.052056401036679745,0.02064952696673572,0.0695248271315061,0.995576024055481,0.8272984027862549,0.4554983675479889,0.13522417843341827,0.2968708276748657,-0.3167080581188202,0.9710631370544434,0.9979715347290039,0.3779296875,0.0,0.6336783766746521,1.0,1.0,0.9860996603965759,1.3235554695129395
238,24,24,0.0,-0.007926399121060967,0.022706915779660147,,,,,,,,,5.25795242190361,0.0,0.947905087343102,,0.025238191825337708,-0.30154359464844066,0.3523534784714381,0.05416656253025091,0.5392252604166666,0.9298828144868215,0.005302527414945264,0.016962938010692596,0.035616117219130196,0.0026316649576649596,0.0027215741350662737,0.0,150.0,82.83333333333333,0.5405289356907209,0.3946351359287898,0.0,0.9397196049491564,-0.004915701729866366,-0.0008150212449133202,0.0021437087222390496,0.31697386627395946,0.32324178827305633,0.25933933816850185,0.0030245909996059104,0.01936758596760531,0.03954961632067958,0.027451728472737972,,,,0.007840234611649066,0.10442708370586236,0.11549376137554646,0.052311213687062263,0.021590234556545813,0.06719316573241764,0.9921873807907104,0.8743653893470764,0.3544935882091522,0.17523473501205444,0.4943241477012634,-0.4351579546928406,0.9470245242118835,0.9909899234771729,0.451171875,0.0,0.7351822853088379,1.0,1.0,0.9493612051010132,1.5179815292358398
240,24,24,0.0,-0.0005473440978676081,0.016897366459791858,,,,,,,,,5.940461526314418,0.0,0.9466152395740579,,0.0,-0.18099997627238432,0.1948510774721702,-0.002243764194039007,0.5874674419562022,0.9675455739100774,0.010876683828731378,0.01977612574895223,0.034945131589969,0.0027215741350662746,0.002904552029602843,0.0,150.0,77.83333333333333,0.5907301579912504,0.22186588495969772,0.0,0.9735226482152939,-0.0039148105909892665,-0.0005338908310174398,0.0017716656827057402,0.3024840969592333,0.324674508223931,0.2535401737938325,0.0013525824019779975,0.01014624252760162,0.019420950130249064,0.026640228442177383,,,,0.0075689859174114344,0.10009765640522043,0.1155300373211503,0.052491133411725364,0.022661263744036358,0.06493970150553817,0.9931493699550629,0.7306451201438904,0.5310138463973999,0.14967776834964752,0.2818716764450073,-0.27862799167633057,0.9653876423835754,0.9983841776847839,0.474609375,0.0,0.6511983275413513,1.0,1.0,0.9741569757461548,1.3535356521606445
242,24,24,0.0,-0.007458720918900023,0.011025209717142085,,,,,,,,,5.162206768989563,0.0,0.9453109351966983,,0.028075418473842245,-0.2611750289797783,0.32119612395763397,0.05234001153924813,0.550390621026357,0.9618489618102709,0.0043098702347682165,0.012322093670566877,0.029046160479386646,0.0029045520296028435,0.002964883223236542,0.0,150.0,96.0,0.44376222292582196,0.34525780255595845,0.0,0.9701395084460577,-0.0026843017985811457,0.0013061951176496223,0.0033376421488355845,0.15516038021693626,0.2980857801934083,0.19442408718168736,0.0008918393474838618,0.011085003265179694,0.021629996054495376,0.02523679325029912,,,,0.00977417249790354,0.12099609384313226,0.11555649743725856,0.05262233425552646,0.024952141645674903,0.0627618119441246,0.9925812482833862,0.9399940967559814,0.26230713725090027,0.10961400717496872,0.4178842008113861,-0.37140166759490967,0.9691082835197449,0.9948396682739258,0.4501953125,0.0,0.6261759996414185,1.0,1.0,0.9858748316764832,1.3063230514526367
244,24,24,0.0,0.010774883829678098,0.009856248235640427,,,,,,,,,6.580025364955266,0.0,0.9439922377809795,,0.002166018860104183,-0.24191884820659956,0.27503075388570625,-0.00174878408627895,0.6019856731096903,0.9726562524835268,0.006928027995551626,0.0173354335129261,0.033801273753245674,0.002964883223236542,0.003150064569095717,0.0,150.0,83.16666666666667,0.6590873102347056,0.27104121757050353,0.0,0.9782434776425362,-0.0041113305584682775,-0.00034441807216959813,0.0016849537557087995,0.2883975251267354,0.2756806978334983,0.2015120337406794,0.002979991461567503,0.016519513291617233,0.03022040263749659,0.025527290660712045,,,,0.021397140522215825,0.14355468843132257,0.11559966206550598,0.0528363425595065,0.023094770576183993,0.060656962492716925,0.9916002154350281,0.9035921096801758,0.31050923466682434,0.11353929340839386,0.3656551241874695,-0.2837033271789551,0.9785110354423523,0.9982728362083435,0.5380859375,0.0,0.6572335362434387,1.0,1.0,0.9747682809829712,1.368080496788025
246,24,24,0.0,-0.005681634395538519,0.025097635264197986,,,,,,,,,5.284028639396031,0.0,0.9426592115983526,,0.06445206950108211,-0.2250465905914704,0.2853316230078538,0.1274198777973652,0.5231119791666666,0.9538085982203484,0.002653991468832828,0.011136822402477264,0.03227298085888227,0.0031500645690957178,0.0031240055655745603,0.0018299410973365109,150.0,89.33333333333333,0.5405584449569384,0.3186723279456298,0.0,0.9602174088358879,-0.004835235750457893,0.00021777514333128542,0.0028085735393688083,0.23798472620546818,0.40561385080218315,0.29360554243127507,0.0004032465943832146,0.011329476721584797,0.0204923990337799,0.02522514159172919,,,,0.021999921984388493,0.1587565109754602,0.11565692660709222,0.05312015643964211,0.027816754144926865,0.05862270359750663,0.9917678236961365,0.8392308950424194,0.4416038691997528,0.15836839377880096,0.35862094163894653,-0.3926830291748047,0.963700532913208,0.9940194487571716,0.42578125,0.0,0.6395222544670105,1.0,1.0,0.9797611832618713,1.3316514492034912
249,28,28,0.0,0.003081049570547683,0.03178153745830059,,,,,,,,,6.303332303251539,0.0,0.9411651116450237,,0.0983525960307036,-0.27981706123266903,0.3649392489876066,0.19987374344574554,0.39708890872342245,0.9274181595870427,0.002229832343540953,0.009867469114916665,0.029934516974857876,0.003124005565574559,0.0032697022565287576,0.01894519498039569,150.0,84.57142857142857,0.4409793551479067,0.5396271624735424,0.0,0.9451949319669178,-0.004353878221341542,0.0009820334101797406,0.0037627631099894643,0.19249068945646286,0.46926662964480265,0.3674211800098419,-0.0022527314202826737,0.02258291857184044,0.034801810048520565,0.024805994711778065,,,,0.013808464261403839,0.12757626601627894,0.11566370645804065,0.053153722413948605,0.03191661329141685,0.056447679143865066,0.993466854095459,0.868763267993927,0.41512683033943176,0.23231667280197144,0.5596281886100769,-0.5942144393920898,0.9479795098304749,0.9794005751609802,0.3291015625,0.0,0.6531593799591064,1.0,1.0,0.9755890965461731,1.3591433763504028
251,24,24,0.0,-0.005902263762739797,0.02011520912249883,,,,,,,,,4.438404470682144,0.0,0.939802089373656,,0.0,-0.24434941137830415,0.2690392093112071,-0.0037051644564295807,0.5682617127895355,0.9590494831403097,0.008515999109173814,0.020831172664960224,0.036986351013183594,0.0032697022565287563,0.0034576640671823626,0.0,150.0,77.0,0.5981786462167898,0.2711344547569752,0.0,0.9552658746639887,-0.004815121064893901,-0.0010595962336689506,0.0021447213002829812,0.32596759373943013,0.3974336348474026,0.2857602785031001,0.0018541503911061834,0.009440992939441154,0.017788806813769042,0.023982165643728567,,,,0.00811452403771303,0.08857421980549891,0.11569292874385913,0.05329852427045504,0.024613495993738372,0.054554587424572816,0.9946001470088959,0.810301661491394,0.44099128246307373,0.1523984968662262,0.34558165073394775,-0.314116895198822,0.9501972794532776,0.9954913258552551,0.4609375,0.0,0.6959120631217957,1.0,1.0,0.9608070850372314,1.4409489631652832
254,24,24,0.0,-0.005134317558258772,0.021659980605666835,,,,,,,,,5.660086313883464,0.0,0.9383355178476692,,0.0,-0.24649673389891782,0.2742693144828081,-0.0018944711725149925,0.47425490121046704,0.9184692576527596,0.008819450003405413,0.01711658512552579,0.033720082292954125,0.0034576640671823613,0.003584851338778992,0.0,150.0,83.0,0.6286084055900574,0.41452880824605626,0.0,0.9438131625453631,-0.004329400554221745,-0.00032812923116883513,0.0021647320875975615,0.28244604418675107,0.4272787695129712,0.3418726126352946,-8.764106193363356e-06,0.019026428693905473,0.03185684458973507,0.02490172909563978,,,,0.011453229691445207,0.12527405563741922,0.11576949742933114,0.05367768726622065,0.031992705150817834,0.052608954457816076,0.9942707717418671,0.8690725564956665,0.383800208568573,0.2008673995733261,0.5233644843101501,-0.46172457933425903,0.9647765755653381,0.993653416633606,0.4404296875,0.0,0.717016875743866,1.0,1.0,0.9606657028198242,1.4894614219665527
256,24,24,0.0,-0.007604054252927502,0.017693328477131825,,,,,,,,,4.93634220957756,0.0,0.9369434080548006,,0.09550922185493012,-0.2594879021247228,0.3444184437394142,0.28167169106503326,0.5378580689430237,0.9663411503036817,0.002092159709718544,0.011264687404036522,0.030289681007464726,0.0035848513387789914,0.003495606007951272,0.021823111417082448,150.0,94.66666666666667,0.6659641340374947,0.38659780472517014,0.0,0.9613842119773229,-0.003863063243140156,-0.0006571640054365465,0.002287297567818314,0.30507970973849297,0.3351665958762169,0.2573136277496815,0.0018206231937559398,0.02472568241258462,0.05237110114345948,0.025054522194299576,,,,0.00790916163532529,0.0973632816846172,0.11583788444598515,0.0540161047441264,0.028071425544718902,0.050844602449810795,0.9940936863422394,0.8937714099884033,0.3281436264514923,0.16113120317459106,0.49103865027427673,-0.42089375853538513,0.9610884189605713,0.9940516352653503,0.462890625,0.0,0.6635662317276001,1.0,1.0,0.9668461084365845,1.375239610671997
258,24,24,0.0,-0.007387080617869894,0.015763315410974126,,,,,,,,,5.363473037878673,0.0,0.935537313045039,,0.0,-0.21737689028183618,0.24604839521149793,-0.0017891956425349538,0.5696940074364344,0.947786457836628,0.007752100277381639,0.017899331947167713,0.03209372113148371,0.003495606007951273,0.003607026499707645,0.0,150.0,85.0,0.657238687078158,0.271958243722717,0.0,0.9564050734043121,-0.0044496617338154465,-0.00032395265543527785,0.002358599565923214,0.2747811147322257,0.3164789844304323,0.182954257975022,0.0019560067000080985,0.01903560742114981,0.031499167516206704,0.02533816687782515,,,,0.012245542457094416,0.11809895870586236,0.1158974605302016,0.05431077970812718,0.02868865174241364,0.04913942169963101,0.9921783208847046,0.8391566276550293,0.4124331772327423,0.1412055790424347,0.34237203001976013,-0.30557453632354736,0.9609363675117493,0.9984034895896912,0.5166015625,0.0,0.6850680708885193,1.0,1.0,0.9625176191329956,1.4190213680267334
261,28,28,0.0,-0.026812400735382522,0.021378212541873966,,,,,,,,,6.295745764459882,0.0,0.9340122246809982,,0.03758833983114788,-0.29169640876352787,0.3331715376781566,0.06870088147115894,0.5568638401372092,0.9405970999172756,0.007164629259412842,0.018732174166611264,0.03548325172492436,0.003607026499707646,0.003795699881538534,0.0,150.0,71.28571428571429,0.6621162933962685,0.41465863053287777,0.0,0.9448934623173305,-0.004066686848610905,-0.0012991563749632665,0.001370688688309331,0.3768871234995978,0.37181136118514196,0.2958818870995726,0.000521180322071554,0.02079015507063429,0.03838560533975916,0.02924199058806657,,,,0.0169265659559252,0.17232142947614193,0.11593659461608954,0.05450428729610784,0.028702126017638614,0.0473723240447829,0.9927222430706024,0.9172600507736206,0.29711729288101196,0.17155273258686066,0.5773906111717224,-0.4292849600315094,0.9517487287521362,0.993755042552948,0.4990234375,0.0,0.6607512831687927,1.0,1.0,0.9677886962890625,1.3737766742706299
264,24,24,0.0,-0.003937440284062177,0.0181646211228023,,,,,,,,,5.677378873030345,0.0,0.9325062447430706,,0.13080922234803438,-0.2482545723517736,0.3520869252582391,0.3358398588995139,0.4780668020248413,0.947581281264623,0.00024237175481781983,0.009602462872862816,0.026297354449828465,0.003795699881538535,0.0035402938844096327,0.051031310111284256,150.0,103.33333333333333,0.6001084459324678,0.4930131646494071,0.0,0.9391552855571111,-0.0031221355214559785,-0.00036711240348571056,0.0024043848631360256,0.29758208990097046,0.38988619670271873,0.24363051416973272,0.0017088150489144027,0.026521529847135145,0.057351448417951666,0.0297304137310669,,,,0.01290189211916489,0.11976348298291366,0.11597479538371165,0.05469310097396374,0.02451090607792139,0.04570665340692059,0.9925892353057861,0.9470510482788086,0.23765595257282257,0.15168273448944092,0.6382450461387634,-0.5483913421630859,0.9454851150512695,0.9846667051315308,0.3974609375,0.0,0.7005587816238403,1.0,1.0,0.9516359567642212,1.4510833024978638
266,24,24,0.0,-0.005409170107062285,0.012042122116933266,,,,,,,,,5.2326297263304395,0.0,0.9310569193389236,,0.0,-0.26760419209798175,0.2901555386682351,-0.0024826342172066993,0.6485026031732559,0.9670572951436043,0.009093289108326038,0.02144492045044899,0.039042867720127106,0.0035402938844096327,0.0037053343122872206,0.0,150.0,75.33333333333333,0.7080908194184303,0.25038377319773036,0.0,0.971438946823279,-0.005370689633612831,-0.002227767079602927,0.001471406942679702,0.391574381540219,0.28979134435455006,0.17086759799470505,0.0030802705414316733,0.01313581969588995,0.026695397527267534,0.027050360269043252,,,,0.011387205284942562,0.12607421927774945,0.11597992231448491,0.054718405629197754,0.028329624406372506,0.044173784591168615,0.9923277497291565,0.8937294483184814,0.3263406753540039,0.11356533318758011,0.3479962646961212,-0.252627968788147,0.9685879945755005,0.9957449436187744,0.591796875,0.0,0.631314754486084,1.0,1.0,0.9827131032943726,1.3102823495864868
268,24,24,0.0,-0.0034418609769394,0.010972575556176404,,,,,,,,,4.98138686021169,0.0,0.929593895617039,,0.0,-0.25123967913289863,0.2736301099260648,-0.0019385632670794923,0.6467447926600774,0.9733072941501936,0.008594652094567815,0.019768839081128437,0.03737444803118706,0.0037053343122872193,0.0038890396527619378,0.0,150.0,77.66666666666667,0.7724956224362055,0.24986038046578565,0.0,0.9661438936988512,-0.0048807268516005324,-0.0016825955754029565,0.001141134280866633,0.3947318457067013,0.22955390873054662,0.11038198481158663,0.003736369253905044,0.015865278042231996,0.031175180299518008,0.026711682390383323,,,,0.013656522331681723,0.13668619841337204,0.11597844554732244,0.054711085899422564,0.022226019684846204,0.042692323757212776,0.9929855763912201,0.8961862325668335,0.3222460150718689,0.11045278608798981,0.3427591919898987,-0.25446319580078125,0.9620375037193298,0.9967781901359558,0.595703125,0.0,0.642389714717865,1.0,1.0,0.9765535593032837,1.3347874879837036
271,28,28,0.0,-0.003983817329364163,0.021375888293342932,,,,,,,,,5.830742282526834,0.0,0.9279389282112904,,0.12751201407185622,-0.26755090590034214,0.3854432872363499,0.26729514236961094,0.34975794170583996,0.9169722561325345,0.0019213940358895343,0.007753878299679075,0.02322577578680856,0.003889039652761938,0.003276950937780637,0.01581566544648792,150.0,93.71428571428571,0.5716584878308433,0.6457740856068475,0.0,0.9360624253749847,-0.003091353212507134,0.000534406804165753,0.0030612105038017035,0.1956541897462947,0.43203672021627426,0.3044390023819038,0.0004288505307548413,0.02567239075766078,0.05026525777897665,0.02710615633427789,,,,0.014405832817179285,0.1584622130862304,0.11599230393767357,0.054779576802892346,0.025280946865677834,0.041091797952720846,0.9928821325302124,0.9034536480903625,0.32038414478302,0.21129781007766724,0.6595139503479004,-0.6811182498931885,0.8970379829406738,0.9549380540847778,0.2841796875,0.0,0.7502363324165344,1.0,1.0,0.935904860496521,1.542837142944336
273,24,24,0.0,-0.007819030453295758,0.021497202493871253,,,,,,,,,4.243091543515523,0.0,0.926447098821555,,0.03610061252644906,-0.2413970995694399,0.2885083295404911,0.05511561210247843,0.5302408834298452,0.9479492232203484,0.004539349970097343,0.013738953818877539,0.03366812691092491,0.003276950937780637,0.0033021815231900294,0.0,150.0,87.16666666666667,0.6496481572588285,0.3438753883043925,0.0,0.9584590742985407,-0.004891460014429565,-0.0007699319539824501,0.0017048756684137818,0.32105443502465886,0.355849909906586,0.2814270897457997,0.001375616759711799,0.01834655285347253,0.038348564955716334,0.027313848792481308,,,,0.006208236038219184,0.07630208383003871,0.1160157344614466,0.054895281015584864,0.02437009282099704,0.039713698027002614,0.9920326769351959,0.8619599342346191,0.3798602521419525,0.15881437063217163,0.41808632016181946,-0.3910816013813019,0.9685430526733398,0.9931707382202148,0.431640625,0.0,0.6983246803283691,1.0,1.0,0.9600657224655151,1.4464521408081055
276,28,28,0.0,0.0007495119768593993,0.03569496935233474,,,,,,,,,6.067876109055111,0.0,0.92479157819357,,0.06757940737796682,-0.2573474033602646,0.31525644447122303,0.17654380255511828,0.4589190738541739,0.9356359158243451,0.003259955894593856,0.01741631648370198,0.03421627091509955,0.0033021815231900307,0.0032722598729446072,0.015745259189446057,150.0,72.28571428571429,0.5947745005999293,0.47525437495538164,0.0,0.9415066753114972,-0.004772888982967872,-0.00043314677915467267,0.0021300076353197384,0.28027494225118843,0.4587466200547559,0.370799435036523,0.00013033604409429245,0.022428595959874138,0.04315973525600774,0.030174593298232247,,,,0.01629804206147258,0.1765025400423578,0.11599230633250304,0.05477943058524813,0.027166502949382578,0.0382520153153958,0.9934539794921875,0.857049822807312,0.40011337399482727,0.2226765751838684,0.556533694267273,-0.49685871601104736,0.9247869253158569,0.9888458847999573,0.4140625,0.0,0.719967782497406,1.0,1.0,0.9460468292236328,1.496119737625122
278,24,24,0.0,-6.018012451628844e-06,0.017753905306259792,,,,,,,,,4.824809938669205,0.0,0.923271548194801,,0.0157701038212205,-0.23917222892244658,0.2755492056409518,0.01890461578538331,0.5682291661699613,0.9667968774835268,0.005861935787834227,0.015917802850405376,0.034602053463459015,0.0032722598729446064,0.0033275364898967576,0.0,150.0,84.0,0.6549820403258005,0.2964328732341528,0.0,0.9666415055592855,-0.004329112911364064,-0.0002896798849481759,0.001935406025343885,0.2675461297233899,0.3613307401537895,0.28864214817682904,0.0017934641934213384,0.02305382563887785,0.051080616656690836,0.02787985239077631,,,,0.012767223750415724,0.14986979216337204,0.11601260490715504,0.05487963402022918,0.025463690826048452,0.036969153476997495,0.9929936528205872,0.841654896736145,0.40804243087768555,0.15339140594005585,0.37592023611068726,-0.35170572996139526,0.9696868062019348,0.9955827593803406,0.4755859375,0.0,0.7231172919273376,1.0,1.0,0.9662860035896301,1.4962480068206787
280,24,24,0.0,-0.00578620086889714,0.029971004463732243,,,,,,,,,4.095106214284897,0.0,0.9217381993263015,,0.023935882064203422,-0.2666013998289903,0.30408534904321033,0.041460592527679786,0.5215494756897291,0.9452148452401161,0.006034547889915605,0.01735592943926652,0.03573446596662203,0.003327536489896756,0.003341113574007593,0.0,150.0,81.66666666666667,0.6018408040205637,0.3588237812121709,0.0,0.9226253405213356,-0.00415691381203942,-0.00027213817161945525,0.002384253127578025,0.2637136510262887,0.41816141828894615,0.3165374423066775,0.0005820804912370173,0.014927322627045214,0.027249849556634825,0.028306002981229084,,,,0.007002684656375398,0.08968098958333333,0.11605927751710017,0.055110192547241844,0.024695286760106683,0.03572931511024768,0.992469072341919,0.8181419372558594,0.433002233505249,0.18886350095272064,0.43617212772369385,-0.41534242033958435,0.9196920990943909,0.992302417755127,0.4658203125,0.0,0.7094200253486633,1.0,1.0,0.9509605765342712,1.472059965133667
284,28,28,0.0,-0.003090894880837628,0.022989532644195215,,,,,,,,,4.960842950003488,0.0,0.9200146298523667,,0.08849536714011005,-0.3036398323518889,0.39056070681129185,0.16258974952091063,0.4487591896738325,0.9127494756664548,0.0026984867352959035,0.010691699172769274,0.02901631487267358,0.0033411135740075938,0.003208091471438398,0.001514209434390068,150.0,83.71428571428571,0.5569307442222323,0.5943166060107095,0.0,0.9133654258080891,-0.00338470348755696,-0.0002530576140478453,0.0025504231369788094,0.29966550480042187,0.4473650200026376,0.2929505280085972,-0.0002641161492127659,0.022840790317526886,0.04425299360549876,0.030956113838064597,,,,0.007445404501465548,0.07554818812890776,0.11609458311327867,0.055284421757927964,0.023877404630184174,0.03439716373818546,0.9927205741405487,0.9253197908401489,0.29849496483802795,0.2055990844964981,0.6887857913970947,-0.6219131946563721,0.9367290139198303,0.9720996618270874,0.41015625,0.0,0.7270931601524353,1.0,1.0,0.9511226415634155,1.5070397853851318
286,24,24,0.0,-0.008376737590879202,0.016648119315505028,,,,,,,,,4.922584036986033,0.0,0.9184533731244867,,0.0033888784625257054,-0.256805082783103,0.32451244567831355,0.00032157428601446253,0.48570963243643445,0.939453125,0.005010450278253605,0.008821028595169386,0.026560957233111065,0.003208091471438398,0.0032845240899399383,0.0,150.0,103.16666666666667,0.4953606178363164,0.41876143341263133,0.0,0.9304043526450793,-0.0033476196501093605,0.0009989308749330423,0.003213099301016579,0.18741585997243723,0.3365440294146538,0.21869029104709625,0.0019151113362264975,0.013355827890336514,0.025965879671275616,0.030606985065810964,,,,0.010310268010168025,0.1158528645367672,0.11613954541583855,0.055506283727784954,0.026722180967529614,0.03324358246030975,0.9935002624988556,0.9137407541275024,0.29449567198753357,0.14472325146198273,0.4914274513721466,-0.4620984196662903,0.9304467439651489,0.9905085563659668,0.4052734375,0.0,0.7174639105796814,1.0,1.0,0.9504275321960449,1.4855908155441284
288,24,24,0.0,-0.0024660860847992203,0.012371299245084325,,,,,,,,,4.6071641345818835,0.0,0.9168790323579327,,0.03417395784830054,-0.24593394435942173,0.2915488580862681,0.042977981366372354,0.5935221364100774,0.962760421137015,0.004382850602269173,0.014633428305387497,0.03386132915814718,0.00328452408993994,0.003357980245817627,0.0,150.0,86.5,0.6163031086325645,0.30065130939086276,0.0,0.9634295130769411,-0.00479863640309001,-0.0004794117864245588,0.0023767041614822424,0.28194337400297326,0.2970015835016966,0.1893127787237366,0.002048999067483237,0.014554948177343855,0.026245317771099508,0.030292620104605972,,,,0.008338415000859337,0.1077473961437742,0.11615526117384434,0.05558398567760984,0.024563691501195233,0.03212868895840281,0.9934300780296326,0.9107472896575928,0.3016611635684967,0.11418410390615463,0.378517746925354,-0.3127419352531433,0.9547374248504639,0.9935321807861328,0.5185546875,0.0,0.642871618270874,1.0,1.0,0.976822555065155,1.341749668121338
291,24,24,0.0,-0.003058417816646397,0.022561138806243736,,,,,,,,,5.46571558713913,0.0,0.9151942596655377,,0.015506665610397855,-0.33023380612333614,0.38112780824303627,0.014040070796909276,0.5025936687986056,0.9346333146095276,0.005540574726182967,0.015986476714412372,0.03479211404919624,0.003357980245817627,0.003479574165375958,0.0,150.0,85.5,0.6083822039266428,0.46617789069811505,0.0,0.9473758762081465,-0.004532981925876811,-7.831980155970086e-05,0.0023907070863060653,0.2490505582342545,0.39538046965996426,0.321464450409015,0.0011005763396193895,0.028304315560186904,0.05518140969797969,0.03065788194528828,,,,0.01196263060652806,0.13883463495100537,0.11615568771958351,0.05558606997753183,0.032040976686403155,0.03098652248260336,0.9902535378932953,0.9193136096000671,0.29948118329048157,0.17810502648353577,0.5947118997573853,-0.4944649338722229,0.9624465107917786,0.9870635271072388,0.435546875,0.0,0.6801175475120544,1.0,1.0,0.968328058719635,1.4152823686599731
293,24,24,0.0,-0.00213852485952278,0.017278111384560663,,,,,,,,,4.853518446286519,0.0,0.9135931940083412,,0.06783274933695793,-0.26382354460656643,0.32872627551356953,0.1428243014961481,0.5815755178531011,0.9668945322434107,0.003450233920981797,0.014539575825134913,0.034299541264772415,0.003479574165375958,0.003472371827672179,0.0,150.0,85.66666666666667,0.632605966180563,0.33140262340505916,0.0,0.95782720297575,-0.004404762012806411,-0.0008739949366827204,0.0016216159480488084,0.34038957208395004,0.3677785297234853,0.26203250512480736,0.002163886606164548,0.01611498665685455,0.030849890511793394,0.028495893488925037,,,,0.010216863738605753,0.12109375015522043,0.11617282374451558,0.055670558319737516,0.030024403318141896,0.029947324237233935,0.9898134469985962,0.8903588056564331,0.33328816294670105,0.15069039165973663,0.4521324634552002,-0.36709064245224,0.9543437361717224,0.9937424659729004,0.48046875,0.0,0.6741762757301331,1.0,1.0,0.9634418487548828,1.4020859003067017
295,24,24,0.0,-0.005510329656923811,0.020903392617280286,,,,,,,,,4.988782584667206,0.0,0.9119792811907427,,0.061022063018754125,-0.2853529403607051,0.3674330711364746,0.11161667411215603,0.4504231760899226,0.9333007807532946,0.003183736048716431,0.009574073677261671,0.02773919701576233,0.0034723718276721814,0.003484456270692959,0.0,150.0,101.16666666666667,0.4553601195414861,0.42905760183930397,0.0,0.9390173281232516,-0.0031141793879214674,0.0011065830100657574,0.004014912323327735,0.17212195694446564,0.39496663212776184,0.2985940103729566,0.000832421087276695,0.020801044069230556,0.03894533573960265,0.028899119725454114,,,,0.014204788982169703,0.15758463678260645,0.11616258261104424,0.05562008265405893,0.027168693564211328,0.028942977692108924,0.9907426238059998,0.9076410531997681,0.332143098115921,0.15119674801826477,0.4552156925201416,-0.4849180579185486,0.9297236800193787,0.9864192605018616,0.3759765625,0.0,0.6932145357131958,1.0,1.0,0.9588553309440613,1.4371875524520874
297,24,24,0.0,-0.007223151585397621,0.012975291271383563,,,,,,,,,4.7560282945632935,0.0,0.9103525998725778,,0.0571647888670365,-0.2294498234987259,0.3108929420510928,0.1405985535432895,0.4690755183498065,0.9533854176600774,0.0034219311346532777,0.007352707286675771,0.02350589508811633,0.00348445627069296,0.0034729980313462816,0.0,150.0,107.83333333333333,0.48344025512536365,0.4020261416832606,0.0,0.935820053021113,-0.0026237033501577875,0.001598677241418045,0.0035656242980621755,0.1429261351004243,0.4163910374045372,0.23755739070475101,0.0008192971565866477,0.012419541249983013,0.023981113064413268,0.029591767030260716,,,,0.007313391361094546,0.09433593787252903,0.11616099098076423,0.055612428889920316,0.030570890521630645,0.027972314022111987,0.9900433421134949,0.93454909324646,0.26195651292800903,0.11952591687440872,0.45628154277801514,-0.4406987130641937,0.9342175722122192,0.9909771680831909,0.3974609375,0.0,0.6858343482017517,1.0,1.0,0.963887095451355,1.42561936378479
300,28,28,0.0,-0.008619435256280537,0.02005350127417062,,,,,,,,,5.181942931243351,0.0,0.9085211465443815,,0.030741247348487377,-0.2175180528845106,0.26678668547953877,0.06653047794368051,0.4721757194825581,0.9570157506636211,0.004854076533644859,0.013459962393556322,0.027383536100387573,0.003472998031346281,0.0036133114003661752,0.0,150.0,84.0,0.6432355301720756,0.4830846573625292,0.0,0.9743283859321049,-0.0027732197486329824,4.429266240484659e-05,0.0019441823907462613,0.2477371846990926,0.41395035492522375,0.34222874843648504,0.0006494498681734383,0.02707339377541627,0.05912129767239094,0.029294490924633116,,,,0.009190124218418663,0.09592013912541526,0.11616250553301402,0.05561991315335035,0.03047223056533507,0.02692682731597925,0.9891641438007355,0.9033125638961792,0.3227669298648834,0.18413874506950378,0.5705006718635559,-0.5191607475280762,0.9545816779136658,0.9805203676223755,0.3662109375,0.0,0.6664084792137146,1.0,1.0,0.9682450890541077,1.3845926523208618
303,28,28,0.0,-0.004304062076179045,0.015649689561022178,,,,,,,,,4.900095088141305,0.0,0.9067258875194203,,0.01914564397052995,-0.3103177488914558,0.3510585991399629,0.025710561248290884,0.5428034067153931,0.9438605755567551,0.007366451152068164,0.017535795590707233,0.03430075411285673,0.003613311400366178,0.00380198257179852,0.0,150.0,73.14285714285714,0.6550012092505183,0.46390607633761,0.0,0.9530348203011921,-0.0038456980172278626,-0.0004000541917516135,0.002019611603048231,0.29039671192211763,0.3406905478664807,0.2659273599939687,0.0021738476711366922,0.02204337190570576,0.042271009812663705,0.029234132987827965,,,,0.01308917666652373,0.14518229184406145,0.11620477374110903,0.0558284389387284,0.028497162873723676,0.025948062675981678,0.9926342666149139,0.926732063293457,0.27721717953681946,0.16974736750125885,0.6123262643814087,-0.48104530572891235,0.947536051273346,0.9876984357833862,0.482421875,0.0,0.665402352809906,1.0,1.0,0.9676942229270935,1.3864500522613525
305,24,24,0.0,-0.003914293367415667,0.019744072342291474,,,,,,,,,5.624287595351537,0.0,0.9050588568341146,,0.11839388621350129,-0.2661757506430149,0.3458188759783904,0.14012579371531805,0.49192708482344943,0.946809895336628,0.0025148810527753085,0.009190399820605913,0.030663441866636276,0.00380198257179852,0.003768305013373942,0.0,150.0,94.0,0.5419329342742761,0.36480683212478954,0.0,0.9638832857211431,-0.004168826203870897,0.0002509910094280106,0.0033468511004078514,0.23979544018705687,0.4119397761921088,0.31493752387662727,0.00037295949732651934,0.026215289952233434,0.056995345279574394,0.02793099155586204,,,,0.01094983462341285,0.1294921881829699,0.11622827965766191,0.055944327575465046,0.0308018634095788,0.025077839784117813,0.9921025931835175,0.8997119665145874,0.34521162509918213,0.14204983413219452,0.4114862382411957,-0.40528014302253723,0.9621190428733826,0.9903666973114014,0.4287109375,0.0,0.6589486002922058,1.0,1.0,0.9704163670539856,1.3740766048431396
307,24,24,0.0,-0.006905544296993564,0.01932898668261866,,,,,,,,,5.33519630630811,0.0,0.9033793949399621,,0.09576377086341381,-0.2821420580148697,0.3609250895678997,0.32504428053895634,0.5420247366031011,0.9607747395833334,0.0021896812190789205,0.01107585740586122,0.02977406109372775,0.003768305013373941,0.003727196191341067,0.026514489203691483,150.0,96.0,0.6269801879922549,0.3794751726090908,0.0,0.9527975469827652,-0.0038334395309599736,5.9127187644965794e-05,0.002453809696210859,0.2463054849455754,0.3659474663436413,0.27596014365553856,0.0011388344646168964,0.02309907569239537,0.048610553378239274,0.0272911112063704,,,,0.012150619402139759,0.13385416691501936,0.11622532705465953,0.0559297112437586,0.03264136418389777,0.02423680164839471,0.9919416010379791,0.8988897204399109,0.3383887708187103,0.15394152700901031,0.4549250304698944,-0.4150561988353729,0.9530819654464722,0.9901922941207886,0.4208984375,0.0,0.6911348700523376,1.0,1.0,0.9599827527999878,1.4357383251190186
310,24,24,0.0,-0.003036059361572067,0.018281702301464975,,,,,,,,,5.587095061937968,0.0,0.9015991317173825,,0.05424789304379374,-0.25728990882635117,0.31382819016774494,0.12065861870845158,0.5207696159680685,0.933892252544562,0.004315783119333598,0.012912186483542124,0.03229427213470141,0.0037271961913410688,0.003711113794080226,0.0,150.0,89.5,0.5688741368552049,0.4166480116546154,0.0,0.9501060073574384,-0.004564137401757762,0.0004329037363580331,0.003119676732846225,0.22926000940303007,0.3631950492660205,0.24341292306780815,0.0002740333826902012,0.021782549757820863,0.033449730603024364,0.027266032809027563,,,,0.017297313946376864,0.12233626873542865,0.11621452588588,0.055876381074388824,0.03478662529960275,0.02338238940557669,0.9924091696739197,0.9295333623886108,0.28084084391593933,0.15261396765708923,0.5434179902076721,-0.4409008324146271,0.9611758589744568,0.9912395477294922,0.451171875,0.0,0.6822180151939392,1.0,1.0,0.9639870524406433,1.417550802230835
313,24,24,0.0,-0.0031547261169180274,0.02442046293678383,,,,,,,,,5.111831218004227,0.0,0.8998017297439848,,0.04916845114591221,-0.2460175957530737,0.3071170362333457,0.05317120812833309,0.41483526428540546,0.9504948531587919,0.00419666594825685,0.0109734113017718,0.02763041357199351,0.003711113794080225,0.0037031331346050267,0.0,150.0,99.0,0.5196625764171282,0.4674335867166519,0.0,0.916811096171538,-0.0025285724501979225,0.0008172561088410172,0.0035424828432345143,0.18274274778862795,0.47969915966192883,0.347226249674956,-0.0002249812216632563,0.020010555628687143,0.03766833975290259,0.025968793510357552,,,,0.01201839730492793,0.12714734487235546,0.11617620289325714,0.055687406565994024,0.03222418848114709,0.02255649439590246,0.9919004738330841,0.9207258224487305,0.3096903860569,0.16918419301509857,0.5463010668754578,-0.5346346497535706,0.9180915355682373,0.9874465465545654,0.330078125,0.0,0.6958665251731873,1.0,1.0,0.9523467421531677,1.4487638473510742
316,24,24,0.0,-0.0045866747774804635,0.016303504817187786,,,,,,,,,6.250894844532013,0.0,0.8979991798206653,,0.0,-0.2828846325476964,0.32069379836320877,-0.002150347330219423,0.5638647899031639,0.9198852380116781,0.00658223944871376,0.018408427014946938,0.036326112846533455,0.003703133134605028,0.0037974674686747176,0.0,150.0,80.83333333333333,0.6484933868050575,0.43849263340234756,0.0,0.9252994284033775,-0.00423120604439949,-0.001055265405739192,0.00170551083507083,0.36627458532651264,0.3335996940732002,0.20572593994438648,0.0037372602710092906,0.021023676497861743,0.039249792229384184,0.023862265431600648,,,,0.010704097182800373,0.13788696130116782,0.11615348483125369,0.055575348902493715,0.02779234976818164,0.02176337961494212,0.9932563006877899,0.9368959665298462,0.251211941242218,0.16403858363628387,0.6529887914657593,-0.5021880865097046,0.938582718372345,0.9885185956954956,0.4326171875,0.0,0.7620927691459656,1.0,1.0,0.9258958101272583,1.5804377794265747
319,24,24,0.0,-0.004999479938608904,0.014246588378834227,,,,,,,,,4.873684013883273,0.0,0.8961724659531461,,0.09569746752580006,-0.24833658896386623,0.33075740685065586,0.16873059111336866,0.5183593730131785,0.9407986203829447,0.0023463028337573633,0.00981227494776249,0.025641682247320812,0.003797467468674718,0.00375765334238445,0.0,150.0,102.0,0.7676865185300509,0.5117853743334612,0.0,0.9525627195835114,-0.0028192912383625903,0.00018062832972039664,0.0017978796143628035,0.23559087049216032,0.339170662065347,0.2514493732402722,0.002373077821782014,0.02217732695862651,0.04642955043042699,0.02227020635216833,,,,0.008679765679213839,0.11090494925156236,0.11613166642685731,0.05546761521448692,0.036433481300870575,0.020993675372059647,0.9911919832229614,0.9495477676391602,0.22465164959430695,0.15064626932144165,0.6705771684646606,-0.5454031229019165,0.9598571062088013,0.9908336400985718,0.400390625,0.0,0.7339674830436707,1.0,1.0,0.9392492175102234,1.5166015625
321,24,24,0.0,-0.002849915879778564,0.0213293064540873,,,,,,,,,4.469271024068196,0.0,0.8944295619332544,,0.014663185186994573,-0.31184802452723187,0.3454265942176183,0.024581902694383945,0.5745768199364344,0.9440429707368215,0.007509155470567445,0.02078920602798462,0.03679907570282618,0.0037576533423844503,0.0038141485344942777,0.0,150.0,79.16666666666667,0.7071101566155752,0.36215518539150554,0.0,0.9204812124371529,-0.0049890235435062396,-0.0014112466281706777,0.0011914675202812457,0.368775366495053,0.2984062097966671,0.20575622313966355,0.0030254716169414073,0.016076269481951993,0.029714724359412987,0.02291951149245362,,,,0.007265850149754745,0.07994791679084301,0.11609767439464729,0.05529977893456817,0.03054130046317975,0.02028960828538517,0.9905058443546295,0.9042801856994629,0.3094058036804199,0.15974199771881104,0.5162863731384277,-0.4044191241264343,0.9184117913246155,0.9898157715797424,0.4892578125,0.0,0.7274638414382935,1.0,1.0,0.9377862215042114,1.508330225944519
323,24,24,0.0,-0.009403939494707933,0.01647820114158094,,,,,,,,,4.1994658857584,0.0,0.8926747447613533,,0.0,-0.2913647014647722,0.31699030970533687,-0.001981561271046909,0.6039713496963183,0.9593098983168602,0.009247157315257937,0.020665302872657776,0.03851678098241488,0.0038141485344942764,0.003928502977971358,0.0,150.0,77.16666666666667,0.7438155884544054,0.29572200278441113,0.0,0.9445725331703821,-0.005201236441886674,-0.002065207231983853,0.0012946302740601823,0.39697808648149174,0.3024803598721822,0.188428013275067,0.003172548778441827,0.013390939255865911,0.028409408405423164,0.023346277292958236,,,,0.007510358322178945,0.08427734424670537,0.11607617481301229,0.05519363873948654,0.032326201209798455,0.01960915357023468,0.9903963208198547,0.869442343711853,0.36137187480926514,0.14498382806777954,0.4012039601802826,-0.29312387108802795,0.9346525073051453,0.9974306225776672,0.576171875,0.0,0.6512197852134705,1.0,1.0,0.9722545742988586,1.358431339263916
325,24,24,0.0,-0.008472092740703374,0.01350518991239369,,,,,,,,,4.758001645406087,0.0,0.8909080999647546,,0.002109269689147671,-0.2792899049818516,0.3077554777264595,0.0001655734134449934,0.5548828095197678,0.9153971374034882,0.0099395039336135,0.018777043248216312,0.032954963545004524,0.003928502977971358,0.004116382586686752,0.0,150.0,84.0,0.6774768208463987,0.3629721961915493,0.0,0.9531991655627886,-0.0033477098477305844,0.0007845813095173071,0.0025863144546747208,0.1747867881009976,0.2024691104888916,0.09665331205663581,0.0028632732313174833,0.014555734659855565,0.024370984562362235,0.023566285657425044,,,,0.01043376283875356,0.10944010472546022,0.11605638513962428,0.05509588681161404,0.03304223739542067,0.018951519336034676,0.9896095395088196,0.9198002219200134,0.28376656770706177,0.1338154375553131,0.4715687036514282,-0.3749157190322876,0.9468523263931274,0.9924471378326416,0.4931640625,0.0,0.6687135696411133,1.0,1.0,0.9625365138053894,1.3905613422393799
327,24,24,0.0,-0.0018004651259010036,0.018868613289669156,,,,,,,,,5.205969363451004,0.0,0.8891297136472357,,0.026433881449823577,-0.2817822676151991,0.321014616638422,0.04932041668022672,0.5840494756897291,0.9690429692467054,0.00650880621590962,0.01775814841190974,0.034674095610777535,0.004116382586686753,0.004234099397148015,0.0,150.0,83.5,0.6792077471812566,0.3014517581711213,0.0,0.9610232089956602,-0.0028850999321245276,0.0005180965338998552,0.0025144455867120996,0.21930382897456488,0.3002398703247309,0.1980365514755249,0.001307749203988351,0.011754907318390906,0.02369541480826835,0.023488992252190706,,,,0.010316982118335241,0.1208658857891957,0.11603044966856639,0.054967873419324555,0.03305512674463292,0.018315940249928827,0.991496354341507,0.8810869455337524,0.369114488363266,0.13884127140045166,0.37614691257476807,-0.34016555547714233,0.961420476436615,0.9959365725517273,0.4921875,0.0,0.6469363570213318,1.0,1.0,0.974060595035553,1.3490710258483887
330,24,24,0.0,-0.006019964057486504,0.02105506808341791,,,,,,,,,4.736431231101354,0.0,0.8872336479174634,,0.03238379501271993,-0.317442636936903,0.3782767169177532,0.13307992469829819,0.4505905906359355,0.8872096836566925,0.005309232627041638,0.013822516426444054,0.03311733032266299,0.004234099397148015,0.004351338025609201,0.003609298301550249,150.0,90.0,0.6901669030388197,0.5573444900413355,0.0,0.9374689509471258,-0.0036283076527373246,6.655923061771318e-05,0.0024325673875864595,0.2501380754013856,0.3657652325928211,0.26818804256618023,0.0019318997340936523,0.027794848817090195,0.05565340491011739,0.023282114237600356,,,,0.006659278393878291,0.07197597716003656,0.11605477736641963,0.055088091952105366,0.029394355369731784,0.017666068809919073,0.9900439381599426,0.9298520088195801,0.26938286423683167,0.175193190574646,0.6503501534461975,-0.5967791080474854,0.9471177458763123,0.982627272605896,0.3525390625,0.0,0.7373970150947571,1.0,1.0,0.9401339292526245,1.530808687210083
333,24,24,0.0,-0.006991219474002719,0.01530976426632454,,,,,,,,,4.755594094594319,0.0,0.8853271265618049,,0.1245676673327883,-0.21826970080534616,0.30612800642848015,0.13540146437784037,0.4258783732851346,0.9192339926958084,0.002466710560838692,0.0077340615292390185,0.021629877388477325,0.004351338025609202,0.004214008900882338,0.0,150.0,111.16666666666667,0.5778457199533781,0.47865855942169827,0.0,0.9345973481734594,-0.0012328674213980169,0.001836690425989218,0.003794556095575293,0.1321444579710563,0.5220074877142906,0.26299722616871196,-0.00029315284306600614,0.0169806006597355,0.03045146834726135,0.02374082141349829,,,,0.01007416932285802,0.12646618213814995,0.11606818965325753,0.055154333201547466,0.038021675776690245,0.017040062894913947,0.9898034930229187,0.9562444090843201,0.2410825937986374,0.1368800848722458,0.5677725672721863,-0.5245456695556641,0.9490540623664856,0.9936190843582153,0.3798828125,0.0,0.6678950190544128,1.0,1.0,0.9651886820793152,1.387216567993164
335,24,24,0.0,-0.008128980019440254,0.028562756720930338,,,,,,,,,5.155476262172063,0.0,0.8835127044419621,,0.08242367402029534,-0.3013773150742054,0.38188546771804494,0.131430355211099,0.4757486954331398,0.9228190133968989,0.0035317740597141287,0.01092796710630258,0.030510425567626953,0.004214008900882337,0.0041293844163342,0.0,150.0,95.0,0.5733528410394987,0.44141583517193794,0.0,0.9213439499338468,-0.00442687634495087,0.0007098328663535843,0.0036040591464067497,0.22891679592430592,0.4170564350982507,0.257442370057106,0.0004695163346089733,0.017421019069540005,0.036174981854856014,0.024597846299344122,,,,0.009395202941959724,0.108723958216918,0.11610406761368115,0.055331453680992126,0.037524760235100985,0.01646858852339256,0.9905632436275482,0.8739849925041199,0.37059131264686584,0.18017442524433136,0.4861809313297272,-0.49450284242630005,0.905207633972168,0.9848809838294983,0.4306640625,0.0,0.6942242980003357,1.0,1.0,0.9520672559738159,1.4355360269546509
337,24,24,0.0,-0.012306829953255752,0.025503426790237427,,,,,,,,,5.181394596894582,0.0,0.8816869012423418,,0.05727227660827339,-0.25357051317890483,0.2963714264333248,0.07654713435719411,0.48580729216337204,0.9236328154802322,0.002976146623647461,0.01528778113424778,0.036474977930386863,0.004129384416334202,0.0041544480928402405,0.027500566172723968,150.0,83.33333333333333,0.6070263758301735,0.3387271414200465,0.0,0.9311329200863838,-0.005777781344174097,-0.0005961886405809006,0.0028458501134688654,0.2834180040905873,0.40975380316376686,0.31378825443486374,0.00019741930251863474,0.02618921590813746,0.049520971796785794,0.024528029790310858,,,,0.011036027154962843,0.11901041679084301,0.11613008286803961,0.05545978061854839,0.04796484671533108,0.01591627974763922,0.9905983209609985,0.830165445804596,0.43817639350891113,0.16477175056934357,0.3760397732257843,-0.37432861328125,0.9354370832443237,0.9952593445777893,0.4384765625,0.0,0.7144815325737,1.0,1.0,0.9517280459403992,1.4811010360717773
339,24,24,0.0,-0.006792338953043024,0.018737217760644853,,,,,,,,,5.407028287649155,0.0,0.8798498059500163,,0.0551991038567697,-0.2640973658611377,0.31079619626204175,0.11621740328458448,0.5804361924529076,0.9539062529802322,0.004941725860893105,0.01731957184771697,0.034668564796447754,0.0041544480928402405,0.00407055430453855,0.0,150.0,83.33333333333333,0.7142070978879929,0.3244255470732848,0.0,0.9426617448528608,-0.004900898503062005,-0.0012753071132465266,0.0018776517572405282,0.3326931210855643,0.31195807581146556,0.20787942844132581,0.003202002225104176,0.018286767958973844,0.03773080441169441,0.024873932505633207,,,,0.008623530729285752,0.10136718768626451,0.11612284928560257,0.055423854695012174,0.03561430564150214,0.015382493809064104,0.9897645115852356,0.8925859928131104,0.3280557096004486,0.14498575031757355,0.441954642534256,-0.350141316652298,0.937859833240509,0.9947403073310852,0.5107421875,0.0,0.6810102462768555,1.0,1.0,0.9615686535835266,1.4118657112121582
342,24,24,0.0,0.00027662601011494797,0.026051664880166452,,,,,,,,,5.440736124912898,0.0,0.8778843316865451,,0.029283909282336634,-0.296627930055062,0.3391207605600357,0.0485635838995222,0.49575525770584744,0.8686964437365532,0.005872249729388083,0.016313467174768448,0.03417853266000748,0.00407055430453855,0.004222774693851383,0.0,150.0,85.16666666666667,0.5607360055049261,0.4679768594602744,0.0,0.9152159715692202,-0.00368552539536419,0.0003378689925739309,0.003686474432470277,0.23266217360893884,0.41080203900734585,0.22641105639437833,0.001200684703690058,0.015095970845626047,0.030811228944609564,0.02493924267465731,,,,0.019922020786907524,0.18833066274722418,0.11610439947495858,0.05533278795580069,0.04230864920342962,0.014834595889632261,0.9878750443458557,0.9264057874679565,0.2908954620361328,0.17438697814941406,0.5994833111763,-0.5244321823120117,0.916419267654419,0.9881864190101624,0.4384765625,0.0,0.7089389562606812,1.0,1.0,0.9462003707885742,1.4765571355819702
344,24,24,0.0,-0.0032665901041279235,0.021863684058189392,,,,,,,,,5.226274867852529,0.0,0.8760242221594191,,0.14052682276815176,-0.29472749059398967,0.3924369489153226,0.3060141770790021,0.5056315114100774,0.944238285223643,0.001677560726723944,0.009397429724534353,0.0293550801773866,0.004222774693851382,0.0036569013546915966,0.023232217916908365,150.0,96.66666666666667,0.646212341884772,0.4390235058963299,0.0,0.9510363886753718,-0.005098489006437982,0.00019931264485724873,0.002770996041363105,0.2443625722080469,0.3888462906082471,0.28778263305624324,0.0014688770431045366,0.0321897859685123,0.06802637331808607,0.024717120043371284,,,,0.01961402254528366,0.17392578162252903,0.11608943032721679,0.05525888487075766,0.04394246389468511,0.014337086495736078,0.9829308390617371,0.9024736285209656,0.31783798336982727,0.16050010919570923,0.5049746036529541,-0.469892680644989,0.9424371123313904,0.9785511493682861,0.4228515625,0.0,0.6976940035820007,1.0,1.0,0.9579148292541504,1.4462931156158447
346,24,24,0.0,-0.0039327685396225815,0.020606438706939418,,,,,,,,,5.542857418457667,0.0,0.8741530965305774,,0.1126113402036329,-0.22652600395182768,0.30328969843685627,0.21256515321632227,0.43971354017655057,0.9172851567467054,0.0012719854821625631,0.010478992636005083,0.025694416215022404,0.0036569013546915983,0.003155735164773373,0.02251715399324894,150.0,106.16666666666667,0.5226777891318003,0.4249444529414177,0.0,0.9342942337195078,-0.0022283188542739176,0.0006369887311545123,0.003401082979204754,0.19810894690454006,0.3756648277242978,0.3102644874403874,0.0004934133370018875,0.025133261922746897,0.04537690772364537,0.0239616446324649,,,,0.01900723422295414,0.1384114588921269,0.1160358702763915,0.05499438770736257,0.03410620715779563,0.01385626212641735,0.9860122799873352,0.8997476100921631,0.34087681770324707,0.15107320249080658,0.4431900084018707,-0.481723427772522,0.9382315278053284,0.9814349412918091,0.3310546875,0.0,0.7296742796897888,1.0,1.0,0.9502204656600952,1.5122146606445312
348,24,24,0.0,-0.007858512098512923,0.02596462160969774,,,,,,,,,5.495072444279988,0.0,0.872271045996044,,0.07871448388323188,-0.3329157841702302,0.4293587605158488,0.3158276217679183,0.44371744493643445,0.8958984365065893,0.0022041933492194707,0.012067905937631926,0.031043531994024914,0.003155735164773373,0.0031037138254724687,0.030033021583221853,150.0,94.16666666666667,0.5623850772778193,0.516812672217687,0.0,0.9257138619820277,-0.0036051216447958723,0.00020622668125724886,0.0025210842140950263,0.2290186652292808,0.3364181878666083,0.2593295965343714,0.001580725555262082,0.01816915158027162,0.03605306831498941,0.025343753336567288,,,,0.0065364378824597225,0.08496093827610214,0.11601284611970186,0.054880708611259856,0.03585401006663839,0.013391563214261736,0.987190306186676,0.9220327734947205,0.28343743085861206,0.16150663793087006,0.5698140859603882,-0.5567107200622559,0.9231382608413696,0.975691020488739,0.4033203125,0.0,0.7397515773773193,1.0,1.0,0.9437594413757324,1.5291846990585327
350,12,24,0.0,0.016806148923933506,0.018522135137269895,,,,,,,,,5.344226002693176,0.0,0.8703781622843065,,0.0,-0.1796619494756063,0.1913359028597673,-0.0020983758537719646,0.6089192628860474,0.9549479186534882,0.011930029063175121,0.022095440576473873,0.035576894879341125,0.0031037138254724687,0.0032906946660488205,0.0,150.0,74.33333333333333,0.6193151275316874,0.2121064712603887,0.0,0.9492451250553131,-0.004707765066996217,-0.002297476981766522,0.0006771274359683351,0.44699083765347797,0.3324373352030913,0.24612810338536897,0.0018958995157542329,0.009160926449112594,0.017871525681888063,0.024972877856989876,,,,0.020225357923967142,0.11510416679084301,0.11600705857078235,0.054852184218664966,0.03670860516528288,0.012942448958125788,0.9845104515552521,0.7084301114082336,0.5513752102851868,0.14955049753189087,0.2712318003177643,-0.25678205490112305,0.9414126873016357,0.9951779246330261,0.5322265625,0.0,0.6789754033088684,1.0,1.0,0.9653611779212952,1.4130175113677979
352,24,24,0.0,-0.000530361314304173,0.02102633270745476,,,,,,,,,5.43721937139829,0.0,0.8684745376518461,,0.050129240533957876,-0.2738279098023971,0.3292563470701377,0.16235674855609736,0.5585611959298452,0.958398441473643,0.0034978942057932727,0.014367210989197096,0.03398615246017774,0.0032906946660488223,0.0033464424668131795,0.009564792000067731,150.0,86.16666666666667,0.5016297598679861,0.3158869817852974,0.0,0.9682701503237089,-0.004237665833594899,-0.00013485806448443327,0.0032292469550156966,0.2714029314617316,0.3805498493214448,0.296965258816878,0.0001985195557002347,0.01861928585761537,0.03534108237363398,0.024556327423112628,,,,0.01004285605934759,0.11302083358168602,0.11597302121420701,0.05468396206075946,0.03274400687466065,0.012508396693770579,0.9880824685096741,0.8702557682991028,0.3957550823688507,0.15252158045768738,0.3853938579559326,-0.3723660111427307,0.9740305542945862,0.9944776892662048,0.46484375,0.0,0.6256899237632751,1.0,1.0,0.9860032200813293,1.3049911260604858
354,24,24,0.0,-0.006002329018277426,0.012961389070066312,,,,,,,,,5.2444331248601275,0.0,0.8665602648786431,,0.0,-0.22472588531672955,0.23344618206222853,-0.001959148120173874,0.6671223963300387,0.9596028650800387,0.013548948802053928,0.027490127831697464,0.04088789721330007,0.0033464424668131778,0.0035347133057917917,0.0,150.0,67.83333333333333,0.7908951342105865,0.20296859679122767,0.0,0.9675324161847433,-0.005524660111404955,-0.0027866989451770983,-0.0002434884862244265,0.5221801114579042,0.25446804240345955,0.13888949093719324,0.003548818960553035,0.00677308711844186,0.012091663278018435,0.02467970743199469,,,,0.006445875653298572,0.0824869795081516,0.11594423713783424,0.05454171200593313,0.02932468142050008,0.012088901285602437,0.988023430109024,0.8296542167663574,0.4127556383609772,0.12047429382801056,0.29187801480293274,-0.21868693828582764,0.9579949975013733,0.9975994229316711,0.6064453125,0.0,0.6443586349487305,1.0,1.0,0.9768498539924622,1.3430839776992798
356,24,24,0.0,-0.009807731839828193,0.016929252810465794,,,,,,,,,4.164546474814415,0.0,0.8646354372636499,,0.07165158990149696,-0.2793325502425432,0.3586909919977188,0.3004473112523556,0.49189453075329465,0.9458007837335268,0.0025632266897446243,0.012620380148291588,0.03178453197081884,0.003534713305791791,0.00310820714616861,0.028933105058968067,150.0,91.83333333333333,0.4957535242040952,0.38442179809014004,0.0,0.9379123399655024,-0.004061046599720915,0.00037269520968645037,0.0035443051698772856,0.22948044911026955,0.4078549767533938,0.30045664000014466,2.9400786236995675e-05,0.017242551820042234,0.026368971448391676,0.02453129962470212,,,,0.010614328610245138,0.11637369884798925,0.11592955701053143,0.05446933194374045,0.03392752663542827,0.011683474538812933,0.9865469336509705,0.9231206774711609,0.294904887676239,0.13471263647079468,0.45680028200149536,-0.4151757061481476,0.927233874797821,0.9912044405937195,0.443359375,0.0,0.6333775520324707,1.0,1.0,0.9792333245277405,1.3215957880020142
358,24,24,0.0,-0.007680843700654805,0.017085537042779226,,,,,,,,,5.570427079995473,0.0,0.8627001486202501,,0.01939606045683225,-0.2831527292728424,0.32956446210543316,0.03861040229094215,0.5698567678531011,0.958365889887015,0.005173084481308858,0.01571246050298214,0.032400183379650116,0.0031082071461686085,0.003251771534359787,0.0,150.0,88.0,0.5420935278137525,0.316448163241148,0.0,0.9717590187986692,-0.004239420658753564,-0.0006782552072763792,0.0024686438070299723,0.2933651730418205,0.3271195696045955,0.2569524000088374,0.0012047901273035677,0.014764996051477889,0.03069272730499506,0.02521389089115436,,,,0.008127689220903752,0.09026692761108279,0.11593328850964706,0.05448765214532614,0.036849635653197765,0.011291644631233944,0.991891473531723,0.8985869884490967,0.3288346230983734,0.1364079713821411,0.41482239961624146,-0.3600011467933655,0.9706060290336609,0.9929170608520508,0.4873046875,0.0,0.6576904654502869,1.0,1.0,0.9799071550369263,1.367906093597412
361,28,28,0.0,0.0026705359175269094,0.018634213267692497,,,,,,,,,6.4164486186844965,0.0,0.8605729153688625,,0.0,-0.21890291944146156,0.22990424132772855,-0.002846926550513932,0.563175516469138,0.9464799697910037,0.012879570380651526,0.026096703750746592,0.040432030601160865,0.0032517715343597887,0.0034396481810823817,0.0,150.0,58.57142857142857,0.7648672418934959,0.3498819725854056,0.0,0.9721374341419765,-0.005117508574455444,-0.0021512549137696624,-0.00023859825098173002,0.53168856884752,0.4205941877194813,0.3061942250600883,0.0006318189524401012,0.020518908110846366,0.03518782260029444,0.025140678885773576,,,,0.010103673649220062,0.12177660901631628,0.11592993246657508,0.054471123697502274,0.04116753887917314,0.010878368994536891,0.9893442690372467,0.8963904976844788,0.33958858251571655,0.18069575726985931,0.5321019887924194,-0.3882952928543091,0.9811082482337952,0.9977179169654846,0.4892578125,0.0,0.6755120158195496,1.0,1.0,0.9703142046928406,1.4022431373596191
363,24,24,0.0,-0.002608877451469501,0.026373333064839244,,,,,,,,,5.8260736266771955,0.0,0.8586160371289678,,0.02705106546636671,-0.26726347766816616,0.32680610070625943,0.021772865516444046,0.44674478967984516,0.9259114613135656,0.004689194912013288,0.011661006137728691,0.02631593371431033,0.003439648181082383,0.003510978259250139,0.0,150.0,99.0,0.4728984981775284,0.4061020277440548,0.0,0.9158462931712469,-0.0018089986733684782,0.0012266257278194341,0.0037306101682285466,0.14509683133413395,0.4034775296847026,0.30690006042520207,0.0009479492743290999,0.01458608677300314,0.026609015340606373,0.02460064117571634,,,,0.011090045518358238,0.09765625,0.11592362231264512,0.054440034087747335,0.047698249109089375,0.010513539995802014,0.9909270107746124,0.8556081056594849,0.3969881534576416,0.1734749674797058,0.43697768449783325,-0.4842326045036316,0.8932690024375916,0.9871118068695068,0.330078125,0.0,0.7417700886726379,1.0,1.0,0.9421350955963135,1.5367302894592285
365,24,24,0.0,-0.004529589690112819,0.014221180773650607,,,,,,,,,6.992504407962163,0.0,0.8566489912377371,,0.007796137438466151,-0.24386397376656532,0.2787613272666931,0.007131948189150232,0.5748697891831398,0.9456054692467054,0.007661897165235132,0.01951621100306511,0.03122531125942866,0.003510978259250138,0.003652564151909942,0.0,150.0,85.66666666666667,0.5425003903607527,0.2978838713218768,0.0,0.9459417139490446,-0.00368433422408998,-0.00013856720700763012,0.0030081721488386393,0.254690557718277,0.23864792784055075,0.15445587877184153,0.002748677825290239,0.014032217887385437,0.02787284510365377,0.024344030095559934,,,,0.010844943649620594,0.13610026085128388,0.11593437691529591,0.054493263363838196,0.03395908915748199,0.010160946305355072,0.9917248785495758,0.9095357656478882,0.3052939772605896,0.12115241587162018,0.39683854579925537,-0.31497520208358765,0.9439914226531982,0.9972083568572998,0.51171875,0.0,0.6434798240661621,1.0,1.0,0.9735506176948547,1.3422616720199585
367,24,24,0.0,-0.0006921890890225768,0.016302434572329123,,,,,,,,,4.701586723327637,0.0,0.8546718735662115,,0.0,-0.23134700146814188,0.24093004440267882,-0.001901114893068249,0.6206380178531011,0.9479817723234495,0.013318634048725167,0.026208495100339253,0.039999742060899734,0.0036525641519099413,0.0038412091949833796,0.0,150.0,69.33333333333333,0.6575339088837305,0.22153931483626366,0.0,0.9661380524436632,-0.004454018363806729,-0.0015250541340113462,0.0014863540175914143,0.3906294107437134,0.3279955890029669,0.21451853464047113,0.0019446291056131788,0.007469658448826522,0.012938188388943672,0.024522356911956738,,,,0.013938103385347253,0.09801432304084301,0.11596133342633645,0.05462652755280336,0.034733617988725506,0.010000000000000004,0.9901375472545624,0.8009622097015381,0.4652366638183594,0.12766942381858826,0.2744182348251343,-0.2550484538078308,0.9628158807754517,0.9978000521659851,0.548828125,0.0,0.6199756264686584,1.0,1.0,0.9869179129600525,1.2960189580917358
370,28,28,0.0,-0.02574063265430076,0.023838371138221452,,,,,,,,,7.136791391032083,0.0,0.8525491876335208,,0.0,-0.23002822869099104,0.24316572168698677,-0.01776629097114962,0.5997488839285714,0.9508928571428571,0.012250919790508656,0.02318011224269867,0.0361301268522556,0.0038412091949833783,0.0040294387796553375,0.0,150.0,63.0,0.7071210604447585,0.32095792410629137,0.031183617455618724,0.9026639461517334,-0.003974366673411658,-0.0009901444002305372,0.0016017160512721883,0.33712241168205553,0.3512606850037208,0.21654556003900674,0.001012266633551917,0.016363170503889427,0.027432386664888606,0.028151796092655206,,,,0.009325116955941277,0.08579799107142858,0.11597333183245999,0.054685840250125954,0.04161037491368396,0.010000000000000004,0.9905385971069336,0.8480859398841858,0.428970068693161,0.20292404294013977,0.47304943203926086,-0.3724029064178467,0.9628822803497314,0.9978043437004089,0.45703125,0.0,0.6524161696434021,1.0,1.0,0.9733113646507263,1.3572208881378174
372,24,24,0.0,-0.008483339372711876,0.029271639185026288,,,,,,,,,5.4388441046079,0.0,0.8505515472136801,,0.0,-0.2665300133327643,0.2811703849583864,-0.001777975926718985,0.5685546820362409,0.9276692743102709,0.011542847418847183,0.0246220367650191,0.04016844183206558,0.0040294387796553375,0.004202754127719355,0.0,150.0,71.33333333333333,0.6715525016188622,0.280749745046099,0.0,0.9358415727814039,-0.005761886636416118,-0.0019477034074952826,0.0017988687080408756,0.3803654524187247,0.37914270410935086,0.237936240931352,0.0020445221428720592,0.023763102750914793,0.033266764444609485,0.02729146387880353,,,,0.015193006016488653,0.1249674487238129,0.11599318714191516,0.05478385975584388,0.04515374762316545,0.010000000000000004,0.9903277456760406,0.7383670806884766,0.5326358675956726,0.1791272610425949,0.3363034129142761,-0.3258228600025177,0.92710280418396,0.995995819568634,0.509765625,0.0,0.6593694686889648,1.0,1.0,0.966290295124054,1.3757824897766113
375,28,28,0.0,0.049305686461074014,0.020326493673824837,,,,,,,,,8.907134652137756,0.0,0.848402970033567,,0.011614125321752258,-0.2535821520972864,0.27645280128178584,0.0019668745912245606,0.6105189749172756,0.9561662950686046,0.011182658856601588,0.023358367383480072,0.03801716331924711,0.004202754127719353,0.004366240339631227,0.0,150.0,63.285714285714285,0.8559068271092006,0.3625654663358416,0.0,0.9719844290188381,-0.004752684459422848,-0.0016952344885794446,0.0006237916066181372,0.47884149317230496,0.35827559871332987,0.25491562698568615,0.0031763520226897007,0.027467754802533557,0.04812105733435601,0.03157842883432415,,,,0.013066884444145086,0.15797991092715943,0.11600944852190358,0.05486414475100381,0.037617312145552466,0.010000000000000004,0.9921563267707825,0.8935354948043823,0.3317272365093231,0.18476004898548126,0.5569637417793274,-0.3893532156944275,0.9630610346794128,0.9946427941322327,0.5537109375,0.0,0.656408429145813,1.0,1.0,0.9673081040382385,1.369917392730713
377,24,24,0.0,0.0018218691499593358,0.02239203538435201,,,,,,,,,5.164922465880712,0.0,0.8463852032201374,,0.029473893344402313,-0.3239944589634736,0.37367434551318485,0.07733532206718034,0.5438476577401161,0.9199544290701548,0.005827157796981434,0.015852098042766254,0.034043035159508385,0.004366240339631229,0.004431948554163248,0.0,150.0,86.16666666666667,0.6630781317750613,0.38450726494193077,0.0,0.9324113552769026,-0.004159496621772026,3.6381018844622304e-05,0.0025292648303244882,0.25185901299118996,0.3463975762327512,0.20897035983701548,0.0026942756927989344,0.03572811131986479,0.07020893568793933,0.031164505751016276,,,,0.017732122078693163,0.1283854174738129,0.11598806952436765,0.05475860135629773,0.04110697532693545,0.010000000000000004,0.9904004633426666,0.8941442370414734,0.3305586576461792,0.16014404594898224,0.4844648540019989,-0.4407530426979065,0.9291587471961975,0.9875653386116028,0.4775390625,0.0,0.7204436659812927,1.0,1.0,0.941480278968811,1.493462085723877
379,24,24,0.0,-0.0079462470797201,0.015312064710694054,,,,,,,,,4.902088224887848,0.0,0.8443578648689624,,0.0,-0.29269004116455716,0.32118911544481915,-0.001959314138124076,0.6355794221162796,0.9511067718267441,0.008476189124242714,0.02024287295838197,0.03784559418757757,0.004431948554163248,0.004537718544117037,0.0,150.0,77.66666666666667,0.7749397729833921,0.275490911056598,0.0,0.9655016536513964,-0.005383044170836608,-0.002045679051661864,0.0014586418536358299,0.39885982871055603,0.329146691908439,0.13962044473737478,0.0038992007248452865,0.01962164870928973,0.028875953401438892,0.03035896990870326,,,,0.008284520784703394,0.1034179696192344,0.11598681751638651,0.054752498865127563,0.03584450948983431,0.010000000000000004,0.9922879040241241,0.8700140714645386,0.3607148826122284,0.13782277703285217,0.3820823132991791,-0.28508007526397705,0.9503225684165955,0.9974370002746582,0.52734375,0.0,0.6554614901542664,1.0,1.0,0.9662418365478516,1.3713696002960205
381,24,24,0.0,-0.007434697317269941,0.017901181631411116,,,,,,,,,5.795278559128444,0.0,0.8423210537896515,,0.0,-0.2395668172587951,0.25809201411902905,-0.0018326329251673694,0.6008789067467054,0.9248046875,0.010045597698384276,0.024211440235376358,0.0395509290198485,0.004537718544117038,0.004720583425009874,0.0,150.0,71.5,0.8674177055557569,0.24849980200330415,0.0,0.9623736913005511,-0.005458523713362713,-0.0019895429192426186,0.000876424778046688,0.41285691410303116,0.30421755835413933,0.10561868905400236,0.0035748429412099845,0.011990315688308328,0.018229127667533856,0.029967240382041606,,,,0.011001154106149139,0.08733723949020107,0.1160261429225405,0.054946777410805225,0.0456103733740747,0.010000000000000004,0.9928012788295746,0.8173155188560486,0.4307314157485962,0.138258695602417,0.3209858536720276,-0.2809237837791443,0.9559300541877747,0.9971286058425903,0.5146484375,0.0,0.6454285979270935,1.0,1.0,0.9764865040779114,1.3491405248641968
383,24,24,0.0,-0.0053995699078465504,0.01118426548782736,,,,,,,,,5.554650187492371,0.0,0.8402748692535034,,0.029312069605415065,-0.2518606713662545,0.28392260521650314,0.05705252543460423,0.6077473908662796,0.9618489593267441,0.006514084370185931,0.018109728892644245,0.03299372146526972,0.004720583425009874,0.004660686797754981,0.0,150.0,84.16666666666667,0.713115448753039,0.2829187835256259,0.0,0.9719555502136549,-0.00311237345643652,0.0005998747834989141,0.002691233540341879,0.21081611886620522,0.3176722756276528,0.20668186961362758,0.0015230579786778737,0.03242279010980079,0.07541529360848169,0.029710779078968515,,,,0.016658004155033268,0.14016927095750967,0.11607665382325649,0.05519622735058268,0.04357325735812386,0.010000000000000004,0.988383024930954,0.924013614654541,0.2811684012413025,0.10749305039644241,0.3823084235191345,-0.3097739815711975,0.9726109504699707,0.9923285245895386,0.5224609375,0.0,0.6285306811332703,1.0,1.0,0.9855177402496338,1.3116568326950073
385,24,24,0.0,-0.006584138124405096,0.02240962698124349,,,,,,,,,5.653721451759338,0.0,0.8382194109886663,,0.09775429296617706,-0.30301480491956073,0.375186987221241,0.28427269247670967,0.49482421825329465,0.9323893239100774,0.0027603129152945862,0.011999872202674547,0.031594241658846535,0.004660686797754983,0.004573502482304959,0.016261319280602038,150.0,92.5,0.6693842336535454,0.3935854248702526,0.0,0.9572768062353134,-0.004139236776002993,0.0006682250710431011,0.00293768733778658,0.21432431476811567,0.4148595333099365,0.2782002445310354,0.0003922607764555626,0.017306703453262646,0.029932419459025066,0.0297506676021156,,,,0.01046659789911549,0.11207682266831398,0.11609769860903423,0.05530017257357637,0.049012213945388794,0.010000000000000004,0.9917021691799164,0.8885143399238586,0.35698065161705017,0.15976932644844055,0.44755738973617554,-0.42778491973876953,0.9674364328384399,0.9932515025138855,0.42578125,0.0,0.6503333449363708,1.0,1.0,0.9805982112884521,1.3546942472457886
387,24,24,0.0,-0.005321370864597459,0.01702871926439305,,,,,,,,,5.322796354691188,0.0,0.8361547791752743,,0.012179554052030047,-0.2884932830929756,0.3183828654388587,0.03604476611265758,0.5973958298563957,0.9610351572434107,0.008383168644892672,0.02064696451028188,0.038336094468832016,0.0045735024823049565,0.0047559411626987265,0.0,150.0,77.5,0.7477773030598959,0.29150471712152165,0.0,0.9651232659816742,-0.0051816946749265,-0.0014459083913607174,0.0020780155561321103,0.35347781019906205,0.3850119399527709,0.24321572917203108,0.001555744097004208,0.030096342670731246,0.05032462355059882,0.028223876471617854,,,,0.019855996981884044,0.1288411458954215,0.11610282771289349,0.05532550858333707,0.04636831674724817,0.010000000000000004,0.9874821305274963,0.8938575983047485,0.33380836248397827,0.1329617202281952,0.39831751585006714,-0.3195323646068573,0.9694377183914185,0.9987718462944031,0.529296875,0.0,0.6568753123283386,1.0,1.0,0.9703859686851501,1.3685386180877686
389,24,24,0.0,0.0020127278209353485,0.013412881060503423,,,,,,,,,4.892202228307724,0.0,0.8340810744405719,,0.06354180110308032,-0.293315368394057,0.3529796451330185,0.1254474831124147,0.5576822931567827,0.9463541706403097,0.0047433808698163675,0.013812055811285973,0.032293436427911125,0.004755941162698728,0.004857852420462342,0.0,150.0,90.16666666666667,0.6696137636899948,0.3465757928788662,0.0,0.9622389699021975,-0.004059892419415216,0.00035796936966410914,0.0034874989748156318,0.23023010914524397,0.44416338702042896,0.19051879892746607,0.0011028563421859872,0.012122261337935925,0.02145023554718743,0.0280126653234482,,,,0.015663756455372397,0.1359700526421269,0.11608455050736666,0.05523526994511485,0.03827514926282068,0.010000000000000004,0.9874589443206787,0.9261587262153625,0.2818293273448944,0.12019719928503036,0.42648932337760925,-0.367631196975708,0.9575134515762329,0.9914681911468506,0.482421875,0.0,0.6275196075439453,1.0,1.0,0.9836792349815369,1.3117114305496216
391,24,24,0.0,-0.020021516412574176,0.01599828083999455,,,,,,,,,4.611674179633458,0.0,0.8319983978539996,,0.056092652531030275,-0.24514703080058098,0.2817365936934948,0.09905974021724735,0.6007486954331398,0.958821619550387,0.005418938089860603,0.018638053288062412,0.03652610505620638,0.004857852420462342,0.004899416966346733,0.0,150.0,80.16666666666667,0.8010215858618418,0.28060918239255744,0.0,0.9699841141700745,-0.005112654471304268,-0.001107364264195591,0.0021795871507492848,0.329611166069905,0.35503380994002026,0.22394182408849397,0.002064974932485105,0.01820574087711672,0.035152873334785305,0.02911034256427276,,,,0.009340712080302183,0.12506510457023978,0.11601930763572454,0.05491300718858838,0.043373440547535815,0.010000000000000004,0.9917896687984467,0.8732752799987793,0.36398813128471375,0.13115878403186798,0.36033809185028076,-0.2925177216529846,0.9706618785858154,0.9961445927619934,0.5654296875,0.0,0.6368600726127625,1.0,1.0,0.9803028702735901,1.329197645187378
393,24,24,0.0,-0.010084619900832573,0.016012176716079313,,,,,,,,,4.947316954533259,0.0,0.8299068509222779,,0.0,-0.23853448902567229,0.26403101968268555,-0.0017258984541210036,0.5705403635899226,0.9395507847269376,0.009371316293254495,0.022709064806501072,0.036204839746157326,0.004899416966346731,0.005069493984332081,0.0,150.0,74.16666666666667,0.7375396837790807,0.26479197666049004,0.0,0.9566904852787653,-0.0030733898553686836,-0.0009718464880279498,0.0021034524882755554,0.3607958120604356,0.3367171759406726,0.18270128375540176,0.0018928832296296605,0.011766221083234996,0.022290301858447492,0.029405635924688853,,,,0.011664626013953239,0.12858072916666666,0.11596078084160884,0.05462379582847158,0.04497666796669364,0.010000000000000004,0.9898571372032166,0.8755629062652588,0.3669522702693939,0.13196833431720734,0.35963350534439087,-0.30155789852142334,0.9546386003494263,0.998166561126709,0.505859375,0.0,0.6544322371482849,1.0,1.0,0.9708347916603088,1.363324522972107
395,24,24,0.0,-0.002071400599864622,0.010422659572213888,,,,,,,,,6.123605817556381,0.0,0.8278065355844538,,0.0,-0.22388010720411936,0.24476214436193308,-0.0017556232245018084,0.6218424464265505,0.958398441473643,0.008873823933148136,0.020275287951032322,0.03758192683259646,0.0050694939843320816,0.005207974613426337,0.0,150.0,76.66666666666667,0.83751197407643,0.23907233836750189,0.0,0.9773291250069936,-0.004380308916249002,-0.0005817173599401334,0.0015828385645969927,0.30770637032886344,0.3834781137605508,0.17334345324585834,0.0025723561605749032,0.0135670600963446,0.026585691530878346,0.02970410364630714,,,,0.017627784817401942,0.1947916674738129,0.11594510606179635,0.05454631041114529,0.036839374961952366,0.010000000000000004,0.989849328994751,0.8960544466972351,0.32690343260765076,0.10217318683862686,0.31254851818084717,-0.2579435110092163,0.978187620639801,0.9977697730064392,0.5498046875,0.0,0.62639981508255,1.0,1.0,0.9850225448608398,1.307809829711914
397,24,24,0.0,-0.008694025687873363,0.016053622084048886,,,,,,,,,4.659179498751958,0.0,0.8256975542069315,,0.044577432641138635,-0.2563543828825156,0.3050202007095019,0.10541480779647827,0.5115885411699613,0.9486328139901161,0.006118604156654328,0.015270271648963293,0.029129548619190853,0.005207974613426339,0.0052157966675181015,0.0,150.0,93.16666666666667,0.6024355118473371,0.3244860830406348,0.0,0.9551229824622472,-0.003011049566945682,0.0010558758379678086,0.0037753682699985802,0.18406558129936457,0.46480543290575344,0.23203799687325954,0.00041115099016527285,0.011190976772923023,0.01826924943209936,0.029072071763126896,,,,0.011106813423490772,0.13004557322710752,0.11589337419718504,0.054290518475075565,0.03777890279889107,0.010000000000000004,0.9882450699806213,0.9030313491821289,0.32753756642341614,0.13049691915512085,0.3984181582927704,-0.35509681701660156,0.9515663385391235,0.9981274604797363,0.4443359375,0.0,0.6341795921325684,1.0,1.0,0.9805845022201538,1.3241512775421143
399,24,24,0.0,-0.010523105971515179,0.017590945897003014,,,,,,,,,5.458707104126613,0.0,0.8235800095784902,,0.07822205506575604,-0.2228565284361442,0.27818514096240204,0.15447061508893967,0.5365234365065893,0.9669921894868215,0.003926468110876158,0.011080728843808174,0.029293804119030636,0.005215796667518104,0.005180249595085485,0.0,150.0,94.0,0.6703540086746216,0.31089717522263527,0.0,0.958598904311657,-0.0038886212666208544,0.0007273307225356499,0.00316277623642236,0.18860446382313967,0.4577885878582795,0.2828174705306689,0.00040812323823047336,0.02072720342160513,0.03842624509707093,0.028581589599692127,,,,0.018937573021200176,0.1747395840163032,0.11589581395188968,0.05430259912585219,0.044881350826472044,0.010000000000000004,0.9893797934055328,0.8701988458633423,0.3817623555660248,0.13842912018299103,0.362605482339859,-0.34303033351898193,0.9563356041908264,0.9945734739303589,0.4697265625,0.0,0.6568065285682678,1.0,1.0,0.9690491557121277,1.3644607067108154
401,24,24,0.0,-0.0038809316465631127,0.0196117654753228,,,,,,,,,5.168849458297093,0.0,0.8214540049052667,,0.02585918588253359,-0.23824739952882132,0.272475678473711,0.025970463873818517,0.5439778616031011,0.9444010431567827,0.006350255183254679,0.015834520881374676,0.03200855230291685,0.005180249595085482,0.0052337079975772315,0.0,150.0,86.5,0.7896949922045072,0.294977438946565,0.0,0.9558950116237005,-0.002845031582789185,0.000559746487662475,0.002838248561602086,0.2066410661985477,0.3989574946463108,0.20246948270748058,0.001280681596199429,0.027976426916817825,0.04117190185934305,0.027005904166894655,,,,0.008986742575264847,0.09000651080471773,0.11592198287447293,0.054432029059777655,0.036827218253165483,0.010000000000000004,0.988711416721344,0.8561761975288391,0.4062853157520294,0.14277584850788116,0.3514176905155182,-0.355408638715744,0.9571172595024109,0.9968550205230713,0.4365234375,0.0,0.6626375317573547,1.0,1.0,0.9689087867736816,1.3765623569488525
403,24,24,0.0,-0.009939149674513223,0.01853803968212257,,,,,,,,,5.16596794128418,0.0,0.8193196438057303,,0.0,-0.19584472042818865,0.20241938158869743,-0.00149014773099528,0.6584960917631785,0.9652018224199613,0.014763828250579536,0.027748695264259975,0.04027532786130905,0.005233707997577232,0.005405912527096898,0.0,150.0,66.16666666666667,0.85023865600427,0.18748761527240276,0.0,0.9326579620440801,-0.005600340470361213,-0.002825271377029518,-0.0003873627186597635,0.5505212508141994,0.41366714984178543,0.16268318643172583,0.002046157712660109,0.007457439011583726,0.014783486646289626,0.026043006330462352,,,,0.016895143256988376,0.17154948009798923,0.115924837688605,0.05444615272184213,0.036389471807827554,0.010000000000000004,0.9884306490421295,0.704150378704071,0.5657044053077698,0.14204373955726624,0.2510918080806732,-0.23088842630386353,0.936772882938385,0.9980955719947815,0.56640625,0.0,0.6388456225395203,1.0,1.0,0.9759212136268616,1.3356727361679077
405,24,24,0.0,-0.005076571445291241,0.020144229289144278,,,,,,,,,5.107436507940292,0.0,0.8171770303056288,,0.04670702813503643,-0.314517126729091,0.35493798678119975,0.09805084970624496,0.5808593705296516,0.9413085952401161,0.006026080877442534,0.01806344836950302,0.036140243212381996,0.005405912527096896,0.005511757328537055,0.0,150.0,82.66666666666667,0.7667115529378256,0.35478806868195534,0.0,0.9349965726335844,-0.004013413573071982,-0.0006737995032987479,0.0026026360865216702,0.3033037098745505,0.35632319065431756,0.20372289791703224,0.0030402814287905735,0.03182650598076483,0.06341748513902228,0.023914253958483157,,,,0.014662867964943871,0.1353841150800387,0.11593348222474258,0.05448884159947435,0.039540419510255255,0.010000000000000004,0.9880944490432739,0.8795981407165527,0.3479922413825989,0.16686823964118958,0.4795171320438385,-0.38264381885528564,0.9099717140197754,0.9937025308609009,0.4990234375,0.0,0.6984593272209167,1.0,1.0,0.9459658861160278,1.4478107690811157
407,24,24,0.0,-0.004141566168982536,0.011809713478821019,,,,,,,,,5.032545298337936,0.0,0.8150262688329213,,0.0,-0.21765763560930887,0.23047035311659178,-0.0016121708128290873,0.6554036438465118,0.9730794280767441,0.012113365034262339,0.02343389702339967,0.03728340317805608,0.005511757328537054,0.005678394793583424,0.0,150.0,73.16666666666667,0.8417842810352644,0.21241666562855244,0.0,0.9682519386212031,-0.004268643873122831,-0.0008883581048912959,0.0009784187568584457,0.34727951263387996,0.3683963467677434,0.1699381498619914,0.003149242589036779,0.014533530008823922,0.02682380102730046,0.020404407316473607,,,,0.011198649769842936,0.10393880233944704,0.11595155950635672,0.0545781678520143,0.042742507377018533,0.010000000000000004,0.9890336692333221,0.7807952165603638,0.46902555227279663,0.13183121383190155,0.2810747027397156,-0.2228587120771408,0.9495203495025635,0.99904465675354,0.56640625,0.0,0.626450777053833,1.0,1.0,0.9809012413024902,1.3109495639801025
409,18,24,0.0,0.014868595740861364,0.013328232181568941,,,,,,,,,6.49246425098843,0.0,0.8128674642126885,,0.001984314475622442,-0.2360397974650065,0.2630474757817056,-0.0009792103600274357,0.5881510376930237,0.9544270866447024,0.008313055253691144,0.019048021071487002,0.03339932527807024,0.005678394793583424,0.005780995510815934,0.0,150.0,82.0,0.8197279340691037,0.2607351392507553,0.0,0.965894576576021,-0.0037872172478172514,0.0002841261378863338,0.002617936141581999,0.24245480861928728,0.4551740951008267,0.16692965684665573,0.0015005041431221697,0.007808321129737629,0.01448598514414496,0.019890231850826622,,,,0.027156356618636183,0.20473090393675697,0.11593507685595089,0.05449673016038206,0.04699182655248377,0.010000000000000002,0.9896498620510101,0.8905765414237976,0.3422149419784546,0.11488188058137894,0.33570095896720886,-0.2939513325691223,0.9618968367576599,0.9964670538902283,0.51953125,0.0,0.6276246905326843,1.0,1.0,0.9834336638450623,1.311021089553833
411,24,24,0.0,-0.0005607398925349116,0.019564447924494743,,,,,,,,,5.769163757562637,0.0,0.8107007216620219,,0.14246418606489897,-0.2763353722790877,0.3532313009103139,0.19065900643666586,0.4319661458333333,0.9319661483168602,0.002768942247106073,0.010857684537768364,0.027598559856414795,0.005780995510815932,0.005558094456949817,0.01295044634025544,150.0,100.0,0.6629203706979752,0.4428031009932359,0.0,0.9356436878442764,-0.002618910822396477,0.0018434139468202677,0.00420634697851104,0.1619658125564456,0.4585484266281128,0.2844171704103549,-0.00047104106427771814,0.023660460913864274,0.0522559416325142,0.019223980915086904,,,,0.014091348877021423,0.1583658860375484,0.11594785594691832,0.05455991579219699,0.04245552203307549,0.010000000000000004,0.990925133228302,0.9075120687484741,0.3395097255706787,0.15061627328395844,0.4436287581920624,-0.4723876118659973,0.9408045411109924,0.9923137426376343,0.2900390625,0.0,0.6316402554512024,1.0,1.0,0.9818466305732727,1.320460319519043
413,24,24,0.0,-0.001105645322240889,0.018229816807433963,,,,,,,,,5.4844812750816345,0.0,0.808526146784896,,0.04173568383945773,-0.26750619274874526,0.3090921553472678,0.060285542650187075,0.541178380449613,0.9151692738135656,0.006323572384038319,0.01720089589556058,0.03371774156888326,0.005558094456949814,0.005595386187449563,0.0,150.0,84.16666666666667,0.7337296530604362,0.319559699545304,0.0,0.9448626463611921,-0.0035048866945241266,0.0003006218539667316,0.0030061801080591977,0.22937703505158424,0.40909871955712634,0.19982913012305895,0.0016766285437673407,0.010856597567908466,0.021470584130535524,0.020106484399499868,,,,0.019453289084291708,0.11718750077610214,0.11593018813679616,0.05447255990778407,0.0511169407206277,0.010000000000000004,0.9886477291584015,0.8726421594619751,0.39080214500427246,0.13976001739501953,0.35762345790863037,-0.3588991165161133,0.9515421986579895,0.9960813522338867,0.4599609375,0.0,0.6896960735321045,1.0,1.0,0.9575586915016174,1.4337249994277954
415,24,24,0.0,-0.005251317983493209,0.016311864834278822,,,,,,,,,5.549234410127004,0.0,0.8063438455670232,,0.02917405660264194,-0.25137911426524323,0.28532689064741135,0.049470150678340964,0.572395828862985,0.954947921137015,0.00705451345614468,0.016118775432308514,0.03223967428008715,0.005595386187449563,0.00566915726292251,0.0,150.0,86.66666666666667,0.7405940393606821,0.29378635870913666,0.0,0.9490689734617869,-0.0028221921384101734,0.0007947020546149967,0.0030171029017462083,0.20234819625814757,0.46198400234182674,0.1879354945073525,0.0014568875856563561,0.018226468043091398,0.028087441809475422,0.018262376208097123,,,,0.01400199276395142,0.12711588572710752,0.11589409535129865,0.054294062623133264,0.042677321626494326,0.010000000000000004,0.9908928275108337,0.8806604743003845,0.3600378930568695,0.13462769985198975,0.37392646074295044,-0.34306982159614563,0.9420446753501892,0.9946388602256775,0.4677734375,0.0,0.6448106169700623,1.0,1.0,0.9758736491203308,1.3392071723937988
417,24,24,0.0,-0.0017734011441158752,0.012426213516543308,,,,,,,,,5.636817971865336,0.0,0.8041539243706857,,0.03062482550740242,-0.20294921658933163,0.228432085365057,0.06515518028269678,0.6117513005932173,0.9606119816501936,0.008105365966912359,0.018233327195048332,0.03255373612046242,0.00566915726292251,0.005780443631672616,0.0,150.0,82.83333333333333,0.7830928911765417,0.2342672267307838,0.0,0.9700464357932409,-0.0032023775177852563,4.731884339056099e-05,0.0028001051978208125,0.24173485425611338,0.43427885323762894,0.17002813114474216,0.001871209189024133,0.015264036483131349,0.0226337881370758,0.01850812126652098,,,,0.013110167667036876,0.16139323016007742,0.11591485391060512,0.0543967563038071,0.03931329601133863,0.010000000000000004,0.9908786416053772,0.8415663242340088,0.40847039222717285,0.12130507826805115,0.29697397351264954,-0.27209722995758057,0.9605739712715149,0.9975700378417969,0.5556640625,0.0,0.6482254266738892,1.0,1.0,0.9740856289863586,1.3535149097442627
419,18,24,0.0,0.0010948051801986164,0.02151387215902408,,,,,,,,,4.812947498427497,0.0,0.8019564899295534,,0.0,-0.2507628947496414,0.2741651319795185,-0.001480034985838251,0.5790364576710595,0.9520833326710595,0.00955417612567544,0.019820447597238753,0.035490837362077504,0.005780443631672614,0.005941048694230085,0.0,150.0,79.66666666666667,0.8157138559553359,0.27573731044928235,0.0,0.9524660673406389,-0.003940789727494121,-0.00025696153574649035,0.0023203816769334176,0.2648035130567021,0.41702984273433685,0.16304997520314324,0.001770245417396331,0.026940227796634037,0.046780952252447605,0.0187976509128503,,,,0.024921314454533987,0.11671007010671827,0.1159054624537627,0.05435033473703596,0.042865404238303505,0.010000000000000002,0.989695280790329,0.8045233488082886,0.45599564909935,0.1556292027235031,0.34129536151885986,-0.3321434259414673,0.9491396546363831,0.9960795044898987,0.4697265625,0.0,0.6508690714836121,1.0,1.0,0.9692568778991699,1.3471364974975586
421,24,24,0.0,-0.00839283821793894,0.014979450109725198,,,,,,,,,4.477688888708751,0.0,0.7997516493434804,,0.021249766383940976,-0.23381985227266947,0.254298847168684,0.03752449768217048,0.6061523432532946,0.9530598993102709,0.00962828406287978,0.02023112028837204,0.034351798395315804,0.005941048694230084,0.006049007589049298,0.0,150.0,79.83333333333333,0.7652507722377777,0.24854796938598156,0.0,0.9655263995130857,-0.0040168896957766265,-0.0007944717490317998,0.0014725514459617746,0.34875359882911044,0.3607375385860602,0.14905354380607605,0.002484450566347126,0.020498827759486932,0.03583060367964208,0.019521620114354103,,,,0.009534072397703616,0.09723307332023978,0.11589949422826369,0.05432085149611036,0.03569336918493112,0.010000000000000004,0.9906730651855469,0.8586381673812866,0.38792991638183594,0.12764307856559753,0.3290364444255829,-0.28123530745506287,0.9657335877418518,0.9971746206283569,0.537109375,0.0,0.6327247023582458,1.0,1.0,0.9792875647544861,1.3134934902191162
423,24,24,0.0,-0.007316242049758633,0.014386770276663205,,,,,,,,,5.346506555875142,0.0,0.7975395100732858,,0.02220230728077392,-0.29174964874982834,0.3215677998960018,0.02722311511267132,0.6174479151765505,0.9573567708333334,0.007775048143230379,0.019152223442991573,0.036907569815715156,0.006049007589049301,0.006166575248938227,0.0,150.0,79.83333333333333,0.8779560079177221,0.30157139400641125,0.0,0.9552744353810946,-0.004112870936902861,-0.0006943984729635607,0.0012790675391443074,0.33119074379404384,0.354510181893905,0.15302514812598625,0.0036635046368852877,0.036288187645065285,0.07450870804799099,0.01943473531742887,,,,0.012154430742763603,0.11305338609963655,0.11586211528629065,0.054135964872936405,0.039989064602802195,0.010000000000000004,0.9874028563499451,0.9017173051834106,0.3135071098804474,0.1359524428844452,0.43365028500556946,-0.33080965280532837,0.9483779668807983,0.9954824447631836,0.5341796875,0.0,0.6636165976524353,1.0,1.0,0.9582182168960571,1.3788009881973267
425,24,24,0.0,-0.005279929920410116,0.011964346670235196,,,,,,,,,5.306698963046074,0.0,0.795320179935518,,0.02206293175307413,-0.2635445532699426,0.29246895884474117,0.04615496689317903,0.6247070282697678,0.9610351597269376,0.00822074591026952,0.018821430082122486,0.034580602000157036,0.006166575248938227,0.006241020393738261,0.0,150.0,81.0,0.8646630222598711,0.2662779161085685,0.0,0.9679287696878115,-0.0030068057239986956,0.00020214551871807393,0.0029194133433823786,0.23401260810593763,0.40311844646930695,0.14191745469967523,0.0022818484358140267,0.023462677452092368,0.034831527853384614,0.019364253094719095,,,,0.008089380372742502,0.10162760472546022,0.11580483770618837,0.05385256061951319,0.04358977762361368,0.010000000000000004,0.9868593215942383,0.8952052593231201,0.3296229839324951,0.11608365923166275,0.35217100381851196,-0.28037595748901367,0.9563500285148621,0.9981637597084045,0.55859375,0.0,0.6173858046531677,1.0,1.0,0.9858652949333191,1.2911219596862793
427,12,24,0.0,0.009016731598724922,0.015026847133412957,,,,,,,,,4.239496012528737,0.0,0.7930937670971964,,0.05672057454163829,-0.2595098192493121,0.29433290163675946,0.11073677971338232,0.5947916656732559,0.9597005198399226,0.0064015174672628445,0.017069642742474873,0.035661267737547554,0.0062410203937382615,0.006305987793722872,0.0,150.0,82.5,0.8444115271170934,0.29400594780842465,0.0,0.9525161782900492,-0.0046594125451520085,-0.0005588561331630141,0.002385491544070343,0.2994217959543069,0.4149572377403577,0.18393461716671786,0.0021540764585855263,0.0239796896930784,0.048446152824908495,0.019940443327756123,,,,0.028282807063078508,0.09798177083333333,0.11580007399121921,0.05382895407577356,0.04584876851489147,0.009999999999999998,0.9842704832553864,0.882618248462677,0.3443913459777832,0.1327710747718811,0.38552385568618774,-0.32284271717071533,0.9374479055404663,0.9929259419441223,0.505859375,0.0,0.6887714862823486,1.0,1.0,0.952797532081604,1.4320073127746582
429,24,24,0.0,-0.009752806586523851,0.017055643489584327,,,,,,,,,4.944735169410706,0.0,0.7908603800705412,,0.01586142279362927,-0.24594789370894432,0.27009230231245357,0.013990717707201838,0.5304687445362409,0.952050785223643,0.009382862500691166,0.01847284349302451,0.03276368354757627,0.0063059877937228755,0.006369022897306496,0.0,150.0,84.5,0.7155381192763647,0.2944927966843049,0.0,0.9558794399102529,-0.0026186657729946696,0.0009114054234184247,0.003221323189791292,0.18499878607690334,0.3890937107304732,0.23181198413173357,0.0007998517582260926,0.020435092388652265,0.0366233311748753,0.02035588810961704,,,,0.013060053854133002,0.12692057341337204,0.11581216317911942,0.053888717821488775,0.044377105155338846,0.010000000000000004,0.9843321740627289,0.8654294610023499,0.38638851046562195,0.1318172961473465,0.34115222096443176,-0.32651904225349426,0.9530093669891357,0.9956433176994324,0.435546875,0.0,0.6330397725105286,1.0,1.0,0.9833992123603821,1.3201736211776733
431,24,24,0.0,-0.005926612997427583,0.012117492500692606,,,,,,,,,5.0111468732357025,0.0,0.7886201277076865,,0.06806937915583451,-0.20538046024739742,0.24283214285969734,0.04814029911843439,0.5306315124034882,0.9443684915701548,0.006146464128202449,0.01279180496931076,0.02912252147992452,0.006369022897306498,0.0063171555551557144,0.0,150.0,91.66666666666667,0.7877336616317431,0.2919453519086043,0.0,0.9651467427611351,-0.0014428020076593384,0.0015343239356298,0.0029801193644137434,0.1198585107922554,0.49514582256476086,0.18719900709887347,0.001893826958015173,0.021483797075537343,0.04400002374313772,0.020145629605983664,,,,0.009902040415909141,0.0926106780146559,0.11582688211152951,0.053961573323855795,0.046500151666502156,0.010000000000000004,0.9865817129611969,0.9073384404182434,0.31833943724632263,0.11202406138181686,0.3519012928009033,-0.3376389443874359,0.9669715166091919,0.9954683184623718,0.4453125,0.0,0.6504279375076294,1.0,1.0,0.9715515971183777,1.3520703315734863
433,24,24,0.0,-0.011347099828223387,0.01595145514390121,,,,,,,,,5.2612326343854265,0.0,0.786373119195371,,0.1955192113916079,-0.24505066437025866,0.32665205001831055,0.23729771499832472,0.5162109360098839,0.9541992222269376,0.002720242647531753,0.009341417501370112,0.02961185450355212,0.006317155555155717,0.0060351360645727326,0.0,150.0,95.83333333333333,0.859120287001133,0.37628114223480225,0.0,0.9582567935188612,-0.003686873494492223,0.0009637069003171442,0.003062096511712298,0.19531055664022764,0.4943738716344039,0.24450070721407732,0.0009652271082813968,0.013568035365703205,0.02773950241195659,0.021442951650501817,,,,0.009621739084347306,0.10856119822710752,0.11582898162305355,0.05397206808750828,0.0449390501404802,0.010000000000000004,0.9887444972991943,0.918132483959198,0.30576884746551514,0.12991565465927124,0.4248819351196289,-0.41847437620162964,0.9525023102760315,0.9894810318946838,0.455078125,0.0,0.6665064692497253,1.0,1.0,0.9684836864471436,1.383700966835022
435,24,24,0.0,-0.004172454820945859,0.017632144270464778,,,,,,,,,5.660398562749227,0.0,0.7841194640496192,,0.042680946101124086,-0.292665255566438,0.3293024996916453,0.16287494534481084,0.5797526016831398,0.9393554702401161,0.007344746768164138,0.019796811665097874,0.03383785734574,0.0060351360645727326,0.006091183784889609,0.0,150.0,83.66666666666667,0.8520107939839363,0.34011268988251686,0.0,0.9579273561636606,-0.0041912305653871345,-9.441727479497786e-05,0.0025132500644152365,0.24796550845106444,0.39197927216688794,0.12253778730519116,0.0026956227629852947,0.0191722276310126,0.03861339568781356,0.021058412022150315,,,,0.01486415127874352,0.17574869763726989,0.11584420750538509,0.05404738259191314,0.04897354325900475,0.010000000000000004,0.9876814782619476,0.9061402678489685,0.3168014883995056,0.14133703708648682,0.44613754749298096,-0.3876195549964905,0.9676688313484192,0.995537519454956,0.45703125,0.0,0.6843188405036926,1.0,1.0,0.9617828726768494,1.4172968864440918
437,24,24,0.0,-0.006863359749938051,0.014410821914983293,,,,,,,,,5.330886662006378,0.0,0.781859272110404,,0.01885903502504031,-0.27556881308555603,0.30422058949867886,0.026235043413180392,0.6027669260899226,0.9524088551600774,0.009419036214239895,0.02049258102973302,0.03519205500682195,0.006091183784889609,0.0062440535384992776,0.0,150.0,79.0,0.8655137593547503,0.28457112796604633,0.0,0.9707030653953552,-0.004275156311147536,-0.00027433306826196713,0.0022167716718589268,0.27727346991499263,0.3841143399477005,0.1621868310806652,0.0025831330961712715,0.014499806158710271,0.029810102928119402,0.020724957505203596,,,,0.014579660763653616,0.14527994797875485,0.11583508489032586,0.05400226730853319,0.042214246621976294,0.010000000000000004,0.9862364828586578,0.9024971723556519,0.32331395149230957,0.12124554067850113,0.3750087022781372,-0.3151536285877228,0.9722038507461548,0.9979177713394165,0.4970703125,0.0,0.632436215877533,1.0,1.0,0.9830273985862732,1.3198823928833008
439,24,24,0.0,-0.009782714614023766,0.017237264662981033,,,,,,,,,4.930865456660588,0.0,0.7795926535362923,,0.04040305712260306,-0.23593726940453053,0.26190044544637203,0.06404401256683438,0.613932286699613,0.9547526066501936,0.007288154137010376,0.019390288119514782,0.0362758735815684,0.006244053538499276,0.0062706713064375145,0.0,150.0,78.0,0.8759469812115034,0.25442387784520787,0.0,0.9670112704237303,-0.004251515065940718,-0.00052933263881035,0.0021204257015294084,0.2774650106827418,0.45332272226611775,0.17683951960255703,0.0018465796829711205,0.020630642694110673,0.04542764578945935,0.019911633184436936,,,,0.012852620905808484,0.10455729191501935,0.11581711812565725,0.053913336247205734,0.05384349295248588,0.010000000000000004,0.9845336377620697,0.8225196599960327,0.45044901967048645,0.14163804054260254,0.3144374489784241,-0.3007493019104004,0.9686153531074524,0.9984198808670044,0.5009765625,0.0,0.6600037217140198,1.0,1.0,0.9650532603263855,1.366540551185608
442,24,24,0.0,-0.011387025531045461,0.012969886496042212,,,,,,,,,4.4782961110274,0.0,0.7772169738437854,,0.014531635330058634,-0.23413966658214727,0.24896661130090555,0.010423961609679585,0.6393532951672872,0.9446853324770927,0.010618972301017493,0.026044406617681187,0.04027890165646871,0.006270671306437517,0.006418718577211536,0.0,150.0,69.5,0.8899459118644396,0.28814697265625,0.0,0.9576522782444954,-0.005548048531636596,-0.0026743333243454495,-0.0003402809213639557,0.5363351417084535,0.4045909357567628,0.1792797672872742,0.0031535538715464404,0.022117823051909607,0.03607766322481135,0.02004564157956825,,,,0.01038819973655336,0.09699146449565887,0.11579721421003342,0.05381487185756365,0.04003314751510819,0.010000000000000004,0.9884088039398193,0.9209216833114624,0.2833043038845062,0.13825452327728271,0.488007128238678,-0.2885855436325073,0.9707061648368835,0.9989801049232483,0.57421875,0.0,0.6432921290397644,1.0,1.0,0.9723570346832275,1.339908242225647
444,24,24,0.0,-0.007445476017892361,0.022147763675699633,,,,,,,,,5.394961128632228,0.0,0.7749375562369566,,0.04149472728992502,-0.2511092560986678,0.278899850944678,0.05291151426596722,0.5941080699364344,0.9561523447434107,0.007251332106534392,0.01985851799448331,0.034397354970375695,0.006418718577211536,0.006479059780078816,0.0,150.0,80.66666666666667,0.8703797807296118,0.2854399600376685,0.0,0.9494667947292328,-0.004289660069237773,-0.0005827671951313581,0.0024370852382465578,0.2963376169403394,0.44165365770459175,0.1931386673822999,0.002548169646615861,0.025463650391126674,0.0576587508743008,0.02078077977395982,,,,0.01580599103666221,0.16103515649835268,0.11577529367059469,0.053706354927271605,0.04807771214594444,0.010000000000000004,0.9858520030975342,0.8246849775314331,0.42137640714645386,0.15977412462234497,0.3791719675064087,-0.3278151750564575,0.935431718826294,0.9946988224983215,0.53125,0.0,0.689583420753479,1.0,1.0,0.9519233703613281,1.43408203125
446,24,24,0.0,-0.004773928686821212,0.01653883163817227,,,,,,,,,4.258783082167308,0.0,0.7726520493498975,,0.09479585631440084,-0.25023923565944034,0.30059064738452435,0.17090562358498573,0.5500976592302322,0.9600585947434107,0.004518942829842369,0.015947600205739338,0.034042793015638985,0.006479059780078816,0.006390832552009437,0.0,150.0,83.66666666666667,0.7705608308315277,0.2923784752686818,0.0,0.9629563887914022,-0.003876074314272652,-0.00017099731879473742,0.0033027296885848045,0.25896781993408996,0.570902177443107,0.22950477556635937,0.000497155945746878,0.020034019524852436,0.021560688115035493,0.01929010469359301,,,,0.007180686511370975,0.05797526085128387,0.11573752854019403,0.05351939812923471,0.03857978278150161,0.010000000000000004,0.9874647557735443,0.8868297934532166,0.3659741282463074,0.13219419121742249,0.3612118363380432,-0.3412686884403229,0.9666824340820312,0.998703122138977,0.423828125,0.0,0.6150395274162292,1.0,1.0,0.9885940551757812,1.2856054306030273
450,14,28,0.0,0.02821491296137018,0.024978470456387316,,,,,,,,,6.644908939089094,0.0,0.7701119662195525,,0.06213147885033062,-0.25214279762336184,0.29082671127149035,0.20173364317244186,0.5235863029956818,0.8979538764272418,0.006290745555556246,0.019639506936073303,0.034564933606556485,0.006390832552009437,0.006446894026814548,0.0016204635612666607,150.0,69.42857142857143,0.8268409073352814,0.4566050576312201,0.0,0.9557560043675559,-0.004085762043749648,-0.0007623862786983539,0.0021116162325987326,0.332118170601981,0.42417506660733906,0.23950018946613585,0.0010393030218308144,0.029640608666730777,0.061681139415928295,0.020157966090671768,,,,0.024680350582847104,0.15675223299435206,0.11572303143995148,0.053447598591446877,0.0416475667485169,0.009999999999999998,0.9868650138378143,0.8964004516601562,0.33521518111228943,0.20962326228618622,0.6253393888473511,-0.48393553495407104,0.9502017498016357,0.9881364703178406,0.4560546875,0.0,0.6830610632896423,1.0,1.0,0.9601580500602722,1.4235644340515137
452,24,24,0.0,-0.008315724126684168,0.023669742823888857,,,,,,,,,4.721329083045323,0.0,0.7678139864521009,,0.023406427120789886,-0.27067640113333863,0.29598107437292737,0.01767516039884261,0.5656575510899226,0.9531575565536817,0.008338786525807032,0.020273398607969284,0.03794763113061587,0.006446894026814549,0.006497174809551914,0.0,150.0,78.16666666666667,0.8043790236115456,0.2896523308008909,0.0,0.9383031576871872,-0.004579408802480127,-0.0013267252058237016,0.0025083706932491623,0.33657040260732174,0.41437048589189845,0.2255660897741715,0.0010918238979987411,0.017015170111941796,0.03622086299583316,0.019427038155716003,,,,0.011961376910524754,0.12519531324505806,0.1157319201156497,0.05349164657915632,0.03980247831592957,0.010000000000000004,0.9860497713088989,0.8194811344146729,0.4532492160797119,0.15712754428386688,0.34666919708251953,-0.3409336805343628,0.9383071660995483,0.9942700862884521,0.462890625,0.0,0.6799732446670532,1.0,1.0,0.9567237496376038,1.4081231355667114
454,24,24,0.0,-0.011968747906697294,0.013153526854390899,,,,,,,,,5.045598526795705,0.0,0.7655102645971605,,0.06754758923004071,-0.22413120232522488,0.2732932611058156,0.21430987492203712,0.5459960922598839,0.9723958348234495,0.005377187112268682,0.01466903214653333,0.025498253603776295,0.006497174809551917,0.00649406692781875,0.0,150.0,101.16666666666667,0.7633809496959051,0.3294142546753089,0.0,0.9691083381573359,-0.002993600729193228,0.00043197305679617176,0.002521998292650096,0.2078320955236753,0.39573198556900024,0.25141864952941734,0.0008453917974596455,0.03552016996157666,0.0803790157660842,0.01939105883321452,,,,0.015233954817328291,0.17633463628590107,0.11572036674867074,0.05343444583316644,0.03935589004928867,0.010000000000000004,0.9854727387428284,0.8862189650535583,0.33987683057785034,0.14081917703151703,0.4143241345882416,-0.35096976161003113,0.9513165950775146,0.9962584972381592,0.451171875,0.0,0.6517100930213928,1.0,1.0,0.971906840801239,1.355717420578003
