episode,steps,final_battery,total_reward,total_directional_reward,total_battery_reward,total_movement_penalty,loss,episode_time,rollout_time,inference_time,env_time,update_time,peak_solar_w,mean_solar_w,start_battery,min_battery,idle_mAh,motion_mAh,path_m,turn_integral,net_displacement_m
1,215,0.0,-18.06234373076715,-1.34252875980226,-2.7647699043894916,0.31096549971216353,,16.02363767242059,15.779768706765026,0.2998523241840303,15.479916382580996,0.0,36.70890645748468,11.381502107976768,39.14720094663166,0.0,3497.1856101574144,952.2562553071142,1254.7397448694217,425.37292795894496,187.72200252925109
2,85,0.0,-18.02717632564554,-0.6222067958396802,-0.9597147352223528,0.11588213942483616,,10.24284695694223,9.94892679573968,0.07362311193719506,9.875303683802485,0.0,8.057944165915485,2.3144795089242582,38.6361344715499,0.0,1375.1530890266147,349.27460742499807,467.42420677798884,159.1622817292784,64.67269709443833
3,77,0.0,-17.662356260659035,-0.41388305098254585,-0.8725814492008688,0.0756703864554196,,8.232186567038298,7.969634213019162,0.06586615880951285,7.90376805420965,0.0,5.823998171259298,0.7546582622009028,37.31749155113408,0.0,1245.7371817796147,232.34001306885838,306.6622263075989,155.61671018576666,58.44807854670386
4,76,0.0,-18.007636575813358,-0.5376472510247702,-0.9545114858096938,0.0959633047307238,,8.552241132128984,8.289075029082596,0.06510523241013288,8.223969796672463,0.0,17.243515444419856,3.276502163876042,32.60506633660313,0.0,1232.7948759659894,291.767668443916,387.11842076531076,132.21887188069414,31.25213528920533
5,74,0.0,-17.874964534012882,-0.4169799485737255,-0.9426168831647953,0.09255910671211005,,7.636562045197934,7.361990015022457,0.06350512709468603,7.298484887927771,0.0,26.10598079780548,3.7350385397756933,31.934467211676136,0.0,1200.8601697414529,282.1980658882761,373.49044503537675,132.13625659358036,132.02796654185684
6,83,0.0,-17.80940601589275,-0.40576800325316326,-0.9809275961153857,0.12496886828286928,,10.494882357306778,10.211914371699095,0.07107063243165612,10.140843739267439,0.0,14.491449349963586,3.1016662374928274,37.10250840008173,0.0,1344.898398336562,378.99312112899463,503.4460502037739,146.27786800557146,68.45288211768941
7,68,0.0,-17.979710199593725,-0.4662251026200503,-0.8495997247401688,0.08173930857229014,,10.765614921692759,10.478124340996146,0.058993550948798656,10.419130790047348,0.0,3.7134990093953535,0.6631681496513948,33.878278012165936,0.0,1103.4136637594022,249.39826445843002,331.0443317991017,124.55912424512987,23.585212815568752
8,720,51.30429956099116,-10.59118773171388,-3.2101121722240236,-3.8404317525884872,0.9156082016357887,,39.76071588229388,39.477263036649674,0.6051047341898084,38.872158302459866,0.0,42.25288331641897,19.343459859533546,39.74196736977151,9.482906902289482,11610.038527239982,2505.3886243233183,3696.9261070173798,1331.9611241706618,209.80043645128197
9,57,0.0,-17.909656373619363,-0.2812262681931616,-0.7228083963740709,0.07943192526382978,,7.050499604083598,6.776770296040922,0.048895527608692646,6.72787476843223,0.0,9.893334350057984,0.9675187768519553,31.030269168599645,0.0,924.4320414720831,242.46109227236153,320.9524493024701,109.88869297785236,10.725832264931618
10,74,0.0,-18.049085307148122,-0.5587097106506854,-0.9461978582256992,0.09623862500175567,,7.971137661952525,7.706205878872424,0.06302222656086087,7.6431836523115635,0.0,14.90933007789907,4.180713198929491,31.330324154429672,0.0,1201.1056710580008,293.4932426090429,388.13799264896966,126.40574699411084,50.91443407409482
11,74,0.0,-17.8248542561542,-0.4591540830781565,-0.9355474101715738,0.07333250934678427,,8.72591360192746,8.463119921274483,0.06276199081912637,8.400357930455357,0.0,8.636493836761664,1.847771820175031,33.28931871920549,0.0,1201.5601103082597,224.89231991225557,296.8476779511192,146.62067481278416,40.90471221164067
12,91,0.0,-18.05449381604738,-0.7322544618945983,-1.0147139086991548,0.1235101744385265,,8.91449873894453,8.65825576800853,0.07729149516671896,8.580964272841811,0.0,11.591831157886412,3.0278007964415,39.26355380405157,0.0,1472.833675611069,370.79180232004535,498.6207359229728,169.03847439461546,94.72350198480044
13,60,0.0,-18.029109961126156,-0.3339503742090534,-0.7361241628915588,0.09564686926594175,,8.0115427961573,7.760932920966297,0.051475671119987965,7.709457249846309,0.0,14.276204986113727,1.3821609440390294,32.08269165778888,0.0,972.3641833003863,288.9518618058172,385.8404274836185,108.49114060266015,18.965705012670036
14,130,0.0,-17.836332515057403,-0.7291293151637684,-1.6723152567450281,0.16849404893927244,,10.23417335189879,9.993895300198346,0.11006249859929085,9.883832801599056,0.0,25.532680167509753,9.5860475027175,30.61709432254695,0.0,2108.880821812398,517.4182624720492,680.8803853507335,260.5006224856764,28.668233383128285
15,720,52.93572225381384,-10.767047957982681,-3.4756682527558564,-3.941969832726935,0.8743281532887259,,40.20272720605135,39.90834420500323,0.6029073381796479,39.305436866823584,0.0,42.19410091517618,18.674684336848717,36.077340457241185,13.46919366186179,11600.15722138218,2394.867702629544,3531.5926135110053,1340.8938827616514,229.1395509104692
16,94,0.0,-17.89932063457343,-0.6369591425945623,-1.16372177171713,0.10859539037906976,,10.037956677377224,9.777314846869558,0.08002670761197805,9.69728813925758,0.0,20.415755116136317,6.025136125246732,32.185571302450306,0.0,1522.9315349284414,333.2680582601885,438.6642987651401,177.23490617276323,59.38272451256748
17,720,43.519974224304434,-10.703775490482073,-3.2209065309125147,-3.366837793739786,0.9760933482907223,,38.05989108001813,37.79337806487456,0.6041046245954931,37.18927344027907,0.0,42.26182791236853,19.613235335537762,34.04829952687969,12.601208927962606,11600.402051627269,2662.23399752929,3939.71376310001,1375.474578514923,339.2743106387144
18,83,0.0,-17.863419981572925,-0.5271006989144025,-0.9740012417440298,0.11227242903588293,,9.411246076226234,9.12895291019231,0.07132035354152322,9.057632556650788,0.0,17.666730683896272,2.8951779403372306,37.158473236771854,0.0,1344.078816702798,340.63924420682383,453.7324524842135,149.2256683835182,102.09939506197155
19,75,0.0,-17.96496256740522,-0.4959437669457754,-0.9407792885267389,0.09916462100146703,,8.17990575870499,7.932075613643974,0.06523244921118021,7.866843164432794,0.0,12.008428883669348,3.2725770706511415,32.48483985643504,0.0,1217.0636273693026,300.7604808939338,400.08648230231597,139.20197912926724,19.71531396126374
20,111,0.0,-18.204696035364705,-0.6629538488056759,-1.4667874416291808,0.18383803623187908,,7.949407442938536,7.729317165911198,0.09462587209418416,7.6346912938170135,0.0,28.67480287970822,9.836696619229167,30.79214438261132,0.0,1806.012042002447,561.5935914815972,741.2781006618293,208.6776071104409,54.4902388125342
21,88,0.0,-18.24273956956196,-0.5857227790617551,-1.0901831841890375,0.16760795848651133,,9.499749958049506,9.245874534826726,0.07539586210623384,9.170478672720492,0.0,21.898498815097938,6.015540997692003,34.87120370395095,0.0,1427.9415399963245,509.509936402221,675.5185090525791,144.74911258398507,123.34787144126786
22,71,0.0,-17.837363853049194,-0.3531744609260284,-0.842533464312069,0.08770434275051463,,9.84175279410556,9.588617019355297,0.061761355958878994,9.526855663396418,0.0,20.807205466233494,0.9590923289764832,35.230681965545344,0.0,1150.3539506053091,269.35802767367886,354.64009327629344,147.71690499609883,65.33212516026617
23,91,0.0,-18.160933773970257,-0.6474077435792976,-1.1249443902931886,0.15078668652457988,,8.472056270111352,8.246519431937486,0.07867844449356198,8.167840987443924,0.0,21.045584361530494,6.303699349736087,33.78827009507979,0.0,1477.391112932027,458.20766881572166,607.9276809142152,175.5073392902441,37.6648588001322
24,87,0.0,-18.094191410113748,-0.6135923960675697,-1.1634617315055693,0.10995608817490087,,8.644505979027599,8.390256993938237,0.07558844052255154,8.314668553415686,0.0,26.249010034452006,5.355504152181345,31.614488293545655,0.0,1416.047601366019,336.85430790650577,444.15731479566665,171.5379738008739,79.5489114756188
25,104,0.0,-18.0179053304031,-0.6368818924932245,-1.292834577268375,0.147728134419553,,9.73094208072871,9.489200888667256,0.08965964848175645,9.3995412401855,0.0,28.67455123405308,5.858847011884806,37.01561209959996,0.0,1689.1173031183757,449.0458858226123,595.7300175105273,178.0959498197707,97.47382733844519
26,68,0.0,-18.119676763320737,-0.5033064979397865,-0.8600453435075438,0.1026809423046594,,8.367431143764406,8.109272120054811,0.05916136037558317,8.050110759679228,0.0,11.829676998835215,3.290890210264224,31.050564611894416,0.0,1102.7424875553897,311.1633993818402,413.56105425809494,122.64427572221544,81.1306994475333
27,102,0.0,-18.05861018094789,-0.6241988818648587,-1.3431811053387759,0.15223571921652523,,10.521054744720459,10.271778256166726,0.08748999005183578,10.18428826611489,0.0,24.73995465173013,7.5722507608719445,32.38423915216037,0.0,1658.5672655188391,465.6022073536896,614.7900086015233,186.09306404477695,211.22643842894252
28,114,0.0,-18.059427369350054,-0.7502356340567113,-1.312103041106087,0.18546888263821654,,9.267774888779968,9.029612836893648,0.09693645825609565,8.932676378637552,0.0,26.2489948526144,7.8542650163160594,35.106600231573424,0.0,1843.9045861654674,559.7332465354742,747.6736972472744,207.93106999716622,37.747139787167875
29,92,0.0,-18.086380770326784,-0.6753499683932508,-1.0787897086084515,0.1466817441599454,,11.887870662845671,11.59424408013001,0.07913067052140832,11.515113409608603,0.0,24.93022941796725,4.462425404702574,37.48588658343736,0.0,1489.208208260849,444.1998362221612,592.218161600977,179.00122836999853,54.0412631165687
30,59,0.0,-18.1539603699461,-0.40610670116446007,-0.7389893552970014,0.10174313797422066,,7.0583437867462635,6.818497740663588,0.051705914083868265,6.76679182657972,0.0,6.6371311479312505,1.3377337611728797,31.8385354765012,0.0,956.695562184122,309.0004380809304,410.2020116334435,108.12005194209047,66.24187126081961
31,120,0.0,-17.656437807316557,-0.7782605723232668,-1.3058888244471647,0.13409273016377152,,12.388483498711139,12.135399823077023,0.1030065375380218,12.032393285539001,0.0,20.35690140742059,5.454170615643866,39.42926311990025,0.0,1939.6661691014872,406.10451355798364,542.4949536442107,228.10624053538697,140.5161163104733
32,116,0.0,-17.928233770215343,-0.7688505392774454,-1.3567996352827616,0.14222819347614649,,9.050504852086306,8.815039725974202,0.09894505422562361,8.716094671748579,0.0,30.488892502668325,6.662972664103889,36.883548350590154,0.0,1877.9173838786917,432.272133661816,574.3817289449315,222.62925913797602,55.307919111652424
33,137,0.0,-17.649712550635385,-0.8240650937350538,-1.5487969699503839,0.18661864285221091,,11.198971568141133,10.948538651224226,0.11684889392927289,10.831689757294953,0.0,27.048278912488154,8.500949247413374,36.04438066252045,0.0,2217.053089870556,564.655171538881,753.3592232006858,261.8113649175999,185.76541588077623
34,128,0.0,-17.908080771200723,-0.892855693376996,-1.5349440555286753,0.15361675152694912,,11.54034598171711,11.29326504515484,0.10852617723867297,11.184738867916167,0.0,32.124348072957446,6.866050516321898,38.262932491149265,0.0,2075.584730043896,470.53283800257856,620.6190240393948,249.02377679728698,123.0485955696478
35,88,0.0,-17.963873556722106,-0.46400183305223525,-1.0638174803302158,0.13136869213271282,,9.685041948221624,9.40793241886422,0.07543661771342158,9.332495801150799,0.0,20.307659315645694,3.888857607911952,37.285687888590516,0.0,1426.481017249653,397.4183153927147,530.0906278322915,171.33127046210294,97.87745321328056
36,120,0.0,-17.911259641967785,-0.8894547382779016,-1.4619527087749749,0.13827519050977796,,12.170870444271713,11.896478986367583,0.10240886732935905,11.794070119038224,0.0,30.717505119990463,6.245091803244756,37.89902905148855,0.0,1946.4838634119226,424.8699884442444,558.8084121019155,219.68381495336325,88.43850483800723
37,76,0.0,-17.982436363881785,-0.46403896947058176,-0.9813089241416876,0.10113068392993378,,8.83203279459849,8.58216790528968,0.06529359566047788,8.516874309629202,0.0,21.227110867723653,4.30883948032998,31.79703470908008,0.0,1234.3381061263822,309.4693905836576,407.91311033072196,137.26069548485805,57.34817425880817
38,62,0.0,-18.075947298966916,-0.4715938917501238,-0.8150610253822501,0.08382571689711477,,8.775708719622344,8.4980862098746,0.053247620817273855,8.444838589057326,0.0,11.194640730240168,1.943556067591498,30.480247750408523,0.0,1007.9214260397488,254.94105969456342,337.80984939647055,108.19366175798795,32.34288289179281
39,65,0.0,-17.96866828980581,-0.32708560629237754,-0.7876279317281241,0.10116985422655508,,7.408151367213577,7.160208635032177,0.055870594922453165,7.104338040109724,0.0,9.449556571632618,1.1035181416646642,34.24941091533704,0.0,1053.4696087077084,305.65003613663777,407.72202460898103,117.30906189634682,46.51364425262966
40,86,0.0,-18.1537888400357,-0.6652201562430896,-1.0752943250364702,0.13192974422136794,,8.772698633372784,8.496515647973865,0.07326044188812375,8.423255206085742,0.0,23.03459176146299,3.9724504862095076,36.31914441270065,0.0,1397.1886759334093,398.1421114768303,531.9108094933492,158.07839907907106,88.81717597866951
41,720,38.81255648372384,-12.750405214081585,-3.6261109454489344,-5.015442722959362,1.000072812822235,,36.71436143806204,36.46995964925736,0.6037683901377022,35.86619125911966,0.0,42.25253426807247,17.478097771229244,38.26160715003977,11.544850515350422,11631.89084429603,2833.5126473560617,4033.567698188887,1299.1959031572017,168.82659102180628
42,98,0.0,-18.020151768170273,-0.6428802940612712,-1.2302319352813913,0.14268876609196418,,11.030405797064304,10.753802788909525,0.08319601509720087,10.670606773812324,0.0,24.38539153415388,6.419890132178667,34.04311606685021,0.0,1589.6873247925575,436.094767379268,575.8478919363138,176.58211196897943,55.45507438366029
43,102,0.0,-18.02558008777404,-0.6940116787472304,-1.3480246590149734,0.1294101329455661,,10.650825873948634,10.392013606149703,0.08688075328245759,10.305132852867246,0.0,23.167284668456276,7.099100384403921,33.229654697673716,0.0,1659.5998029004247,394.66459303566864,521.9578141304703,193.40075111292975,81.45839138830019
44,88,0.0,-17.844744078399767,-0.640745894002323,-1.0013473287631478,0.10280072584443382,,11.48643751628697,11.227195653133094,0.07528725219890475,11.15190840093419,0.0,11.768068060160733,1.3581504422626773,39.79468168188538,0.0,1425.3801770110074,311.5777644839863,415.5828908082238,175.0192128598275,78.98787366646316
45,112,0.0,-17.861948330154775,-0.7915064375332975,-1.2635351638890713,0.14347530149879886,,9.842946304008365,9.60704170819372,0.09539443673565984,9.51164727145806,0.0,28.802072106323855,5.204808252019234,39.68527817643154,0.0,1810.9918966457371,432.8315138192483,578.8020877486358,194.82576512015262,39.13835338215022
46,81,0.0,-18.049944191688752,-0.5751927509238324,-0.9879592223408377,0.1208766971039358,,8.640504642855376,8.398059519939125,0.0700311460532248,8.3280283738859,0.0,21.744609534150747,4.809864367840029,32.73588344897897,0.0,1311.7730775029684,366.63481609118594,487.9148959396061,157.33519747680535,47.01678239224854
47,57,0.0,-18.014148232199535,-0.34685642864099436,-0.7252511302898863,0.07929551074208582,,9.167840654030442,8.89353838795796,0.04945577494800091,8.84408261300996,0.0,9.551608102972114,0.8147609851270191,30.74319146432036,0.0,924.9044265768644,243.87141006108314,320.81881202422636,110.86297323000792,50.025648930781394
48,98,0.0,-18.19546197233438,-0.6507650396782819,-1.1740493206583884,0.17743118640456676,,10.90374169824645,10.626643694005907,0.08407709514722228,10.542566598858684,0.0,20.397212951868678,5.2164683885276055,38.94403490541568,0.0,1589.3470936631973,533.7159047176149,715.4821611468285,186.96952948062,166.19647113420646
49,134,0.0,-17.7529296235178,-0.9090011257315204,-1.5216148524963016,0.15843799720953602,,12.126503630075604,11.878508130088449,0.11392777971923351,11.764580350369215,0.0,26.430718770588506,7.331259650290335,37.7487330231352,0.0,2167.874377913471,478.3215072990293,639.6116246103564,256.3619700351044,76.29067909617592
50,63,0.0,-17.9865064689732,-0.4311036868198036,-0.8019881435264582,0.07989902357403114,,8.36982706002891,8.11921389773488,0.0549904671497643,8.064223430585116,0.0,6.831359722462867,1.4881308216351383,31.441724242543888,0.0,1022.4509008765533,247.3429394625507,323.90162253983607,120.1812942532691,89.66194597053088
51,81,0.0,-17.838535919144554,-0.4539282640221861,-0.9313753918342469,0.11494711548121658,,8.722843335941434,8.460185911972076,0.07016110513359308,8.390024806838483,0.0,10.880507996789522,1.920378574574777,38.34600889163951,0.0,1311.3912773116476,345.8243288391733,463.2395707794921,137.31046727514763,71.71339719058363
52,76,0.0,-18.05761003534273,-0.5560766349960423,-0.8809664252672081,0.10547673578931617,,8.854670306202024,8.59846602845937,0.0654746051877737,8.532991423271596,0.0,14.134306461564462,1.8188505196061329,37.040551610625556,0.0,1230.2485982486696,318.12569454759097,425.7736074546672,137.74359752147413,36.64340098068463
53,64,0.0,-18.022507445176807,-0.48520575622543155,-0.8021527539043054,0.0814833157081923,,8.05323870619759,7.812823068816215,0.05631389748305082,7.756509171333164,0.0,13.716044099048775,2.2085078545752066,30.727836906438505,0.0,1037.648354661533,249.06630004228091,328.9555756220533,116.09219762647447,39.047694570173526
54,54,0.0,-18.134294994882065,-0.3366229018417971,-0.6776447134011504,0.11326837262753481,,7.4020905629731715,7.154714217875153,0.04688379215076566,7.107830425724387,0.0,6.3657675181793705,1.126561555223625,31.52489170170021,0.0,875.5847611614828,342.21847114162136,455.9467974884896,91.11955340853233,26.85197823991267
55,82,0.0,-18.08384276310097,-0.6141797969672435,-0.929039027082044,0.11459528737375219,,9.822249229997396,9.575178052298725,0.07063168659806252,9.504546365700662,0.0,10.975266308622617,1.6839344065530089,38.70029983775102,0.0,1327.711043829998,346.12960552992257,462.39762905387227,154.14988190107044,45.672537249213136
56,76,0.0,-18.052565465275062,-0.5478103464185714,-0.9725867614872288,0.11306715731933034,,9.456585211213678,9.188485722988844,0.06590323057025671,9.122582492418587,0.0,17.41047259506373,3.483868366884781,33.706951240988936,0.0,1234.8373416846446,343.13811721165433,456.461498928252,126.97343785186567,16.619187053556622
57,158,0.0,-17.630024541363984,-1.0901224931639062,-1.9007028893866216,0.15754413444521656,,12.56050413986668,12.314189895056188,0.1350515023805201,12.179138392675668,0.0,30.347493647427005,8.058970402425564,39.141981916977464,0.0,2561.446245916914,482.1881887612037,637.349259836092,298.94211133728993,75.4001323249222
58,91,0.0,-17.938571413235007,-0.7104156737637324,-1.0634795497747498,0.10889501844638201,,10.453080002218485,10.19309347588569,0.07854994526132941,10.11454353062436,0.0,20.30149696735771,2.892579316434252,39.14989419618158,0.0,1474.726027031386,329.356726540207,439.9203153993415,161.8603810693186,64.42499042505284
59,66,0.0,-18.03239285254606,-0.4085953619293374,-0.8278523898002718,0.09212365368015075,,7.324568340089172,7.059049867093563,0.05741617130115628,7.001633695792407,0.0,8.87138743144039,2.9990900249096546,30.996251132770357,0.0,1069.7701117897354,279.41063694516447,371.8265791275053,117.3667083625528,134.7905872290213
60,60,0.0,-17.973914971126028,-0.4043309387595705,-0.745442511134501,0.07708507990726617,,8.34023952903226,8.027563143055886,0.051602811086922884,7.975960331968963,0.0,10.44424057651692,1.1792267027463703,31.192819613567664,0.0,972.3559328024022,236.13890706568532,311.2617974903816,124.12495811891874,85.02440703460654
61,97,0.0,-18.01357434095822,-0.6289693431853606,-1.2146233846517225,0.129598639363026,,11.025242751929909,10.764741843566298,0.08280175691470504,10.681940086651593,0.0,25.19984359042362,6.21750838684504,33.37204950515413,0.0,1572.5694474241734,397.14288961442185,523.3048293164327,186.80452234980274,38.95337726542969
62,145,0.0,-18.071839223550853,-0.9204893715969528,-1.8673083398700316,0.21126877018373916,,11.241619384847581,10.994281664956361,0.12347382912412286,10.870807835832238,0.0,32.18161379072907,9.175966565830686,37.50780246732952,0.0,2359.771585574041,644.3581726465961,852.0698226661088,267.0734462925093,61.745752177406814
63,96,0.0,-17.910508152348818,-0.6582901945205205,-1.122837345552682,0.13465584509485926,,10.352321351878345,10.099498614203185,0.08230089442804456,10.01719771977514,0.0,22.810640578692563,3.8311350051535507,39.47195149268061,0.0,1556.082408353158,408.3547500665758,544.1655233053359,188.1600339902235,103.11855969921592
64,95,0.0,-17.854461107776675,-0.7048904391525852,-1.0580929022995584,0.1068945924159027,,10.66832300182432,10.409942117985338,0.08248146483674645,10.327460653148592,0.0,21.430401370116147,3.0358982229002507,39.02721954157221,0.0,1536.3956685644666,321.7565254072411,431.7501632460523,170.101785452018,102.28088250263558
65,720,35.53816404666207,-11.455404017296967,-3.3537910873736685,-3.784319730291109,1.0098784581801157,,40.735295679885894,40.487872620113194,0.6118541983887553,39.87601842172444,0.0,42.26291239747592,18.30605412203087,30.571165588658257,13.698364862514484,11592.80466014074,2777.7678573191083,4075.246748908234,1269.2959646207596,186.18624942955603
66,113,0.0,-17.917570326828077,-0.738876347251119,-1.277787704472848,0.1724328135836153,,11.366965977940708,11.103724800050259,0.09871587762609124,11.005008922424167,0.0,27.36122553112989,6.6151673853457345,37.520101400148484,0.0,1829.8723453418797,520.0174141735018,694.7592561471916,221.91064684653077,137.60458452772897
67,76,0.0,-17.865345502862343,-0.4723391491124937,-0.8786871509909142,0.09090131259639583,,9.522221210878342,9.230762643739581,0.06609140243381262,9.164671241305768,0.0,6.991407849490773,0.7656974884970125,37.93242469456235,0.0,1230.4373195600376,275.10809196219276,367.212601733393,141.64752157693357,48.108644467638456
68,120,0.0,-17.925485460923337,-0.7864355974246808,-1.362283440899517,0.17125176734242445,,10.39088011579588,10.147378399036825,0.10384672693908215,10.043531672097743,0.0,23.92450674217602,7.42011527161391,35.97891167887497,0.0,1940.5914469864792,514.9311607715547,690.4498262068355,223.68908638798317,118.21173927663514
69,76,0.0,-17.879693211290082,-0.4572867017274761,-0.9604141475869838,0.08287052305273482,,9.206724571995437,8.912776223383844,0.06732015451416373,8.84545606886968,0.0,18.003318508741682,3.823882576013437,32.0061429319266,0.0,1232.8656212224128,254.6207681479344,334.7446122700323,140.85713351792452,17.15960047151704
70,111,0.0,-17.994663900093407,-0.7300112237671064,-1.411984116406722,0.14247563168844793,,10.153660689946264,9.900154973845929,0.09486071113497019,9.805294262710959,0.0,30.48947930472116,7.3530737419110554,34.49390781986865,0.0,1803.635406498117,437.5041771696963,575.5596970926712,202.03110872023603,91.15337114839946
71,126,0.0,-17.63791981029375,-0.8342044395634821,-1.4785016689289083,0.1321759360367431,,13.766472958028316,13.500400066841394,0.10678419889882207,13.393615867942572,0.0,26.29152894365159,5.823021356167719,39.59084268514281,0.0,2040.3754520252276,398.8898162530337,534.2315159595023,219.61578409442885,96.3665067440584
72,59,0.0,-18.174899557054136,-0.44434135974037964,-0.7440110354675132,0.09876522834541827,,6.754572628065944,6.4991041617468,0.05080082453787327,6.448303337208927,0.0,6.922154551825817,1.2775643857441683,31.598607540813685,0.0,957.0364710720581,300.1942941501323,398.63140506745856,108.55380664448266,25.63168680497769
73,64,0.0,-17.685835780167643,-0.2575766395541591,-0.7765425917487765,0.0643434766008193,,8.580180529970676,8.316265020053834,0.05487680248916149,8.261388217564672,0.0,2.3496829743539314,0.40300932002645085,33.17733507918625,0.0,1036.6593134281625,198.7331969347713,260.7389459935379,109.77238267756648,39.8805546542722
74,104,0.0,-18.04599613972139,-0.643273917278616,-1.2916336032422464,0.15195699432346854,,11.819919967092574,11.553655818104744,0.08883303450420499,11.464822783600539,0.0,27.764987575669863,5.448460283567868,38.1301040626748,0.0,1688.5648754115587,461.91233428201673,613.5116902181333,202.0065159572551,102.67311456876044
75,75,0.0,-18.07810412521432,-0.5820542038207439,-0.8900793900019478,0.10285363267914494,,7.590158959850669,7.345409750007093,0.0637568780221045,7.2816528719849885,0.0,15.126030321652975,2.6917007154375963,34.26861025121758,0.0,1214.1031049546348,313.4648322654787,414.8316871154212,126.86292455710301,99.72904477937324
76,88,0.0,-18.056999134520034,-0.6639367844438214,-1.0809172001316112,0.12594510042213758,0.0019188362639397383,10.474149342160672,9.700847898609936,0.07503997487947345,9.625807923730463,0.0,24.340002089628413,4.160613328107121,36.42194968803896,0.0,1428.0065390619095,381.44151299015834,508.1610362805903,160.55534813823982,64.48313088772238
77,70,0.0,-18.217215093925606,-0.5265586390847344,-0.8548916612879139,0.1143458045803621,0.008683462627232075,9.247735067736357,8.682674604002386,0.06125086173415184,8.621423742268234,0.0,16.47968631247724,2.5815339362816463,34.53128461261541,0.0,1135.0152018279305,344.852794912984,460.7903275451031,140.9641984844879,142.63395076675195
78,130,0.0,-17.8724730304129,-0.8649225924052959,-1.6222150989679918,0.14676980119198993,0.021944086998701096,13.518547776155174,12.549360058736056,0.11133749689906836,12.438022561836988,0.0,27.54729017166638,7.02504029429836,38.398436434714036,0.0,2114.0786438773544,448.556643456236,593.360633012527,243.40802618419258,119.25137985106157
79,70,0.0,-18.098530004446733,-0.3954168311421731,-0.9096788781196354,0.11410579074122071,0.021411340683698654,8.461254675872624,7.89970277575776,0.06169803952798247,7.838004736229777,0.0,20.741221375162095,4.620141096638056,30.70659750612271,0.0,1136.8807865080669,347.63709149151305,460.38954218511856,141.8727465141517,134.9364102697254
80,102,0.0,-17.845318750702855,-0.5828668118407428,-1.254539356771792,0.12348448507410073,0.003428456373512745,12.786786254029721,12.09403576515615,0.0876185498200357,12.006417215336114,0.0,24.56661219141598,4.96453741035252,37.46442948661594,0.0,1655.5333292284472,375.1104458679947,498.18269040125807,183.59739255441497,52.67718678712912
81,102,0.0,-17.9835314857282,-0.6452056270824025,-1.3119046531127974,0.14938562210840164,0.022264305502176285,10.173012402839959,9.49214242817834,0.08720995206385851,9.404932476114482,0.0,24.65410483560846,7.929789097745749,31.06348853756244,0.0,1656.305677112967,455.35194133456366,602.7798404836645,185.68299127343434,40.916932039100466
82,91,0.0,-17.8834750718426,-0.5647786925190963,-1.117584448538255,0.12516471370382404,0.019768163561820984,9.592379437293857,8.965448345057666,0.07889396511018276,8.886554379947484,0.0,23.0830410057137,4.852833900897625,35.5828996796669,0.0,1475.220619855988,378.85498424993693,504.6397222727411,160.02312663690282,157.71745658013396
83,68,0.0,-18.063440778665232,-0.48165187665462206,-0.8412436855476789,0.1072396722073547,0.003498271107673645,8.368881369009614,7.800787276122719,0.05820034444332123,7.742586931679398,0.0,9.119618609185462,2.212403928155747,33.71150130069456,0.0,1103.2596122280604,324.46982017277145,432.035717410742,117.35617396578228,76.41390761908369
84,107,0.0,-17.77438347660777,-0.6747218989208733,-1.2591752608663307,0.1203282706040244,0.00821204949170351,11.472771276719868,10.787806456908584,0.09102849289774895,10.696777964010835,0.0,29.482705601798315,5.251962496128701,37.70710318320392,0.0,1733.76970382409,369.20245462263114,486.86172519237016,203.79775246320514,67.91053043805145
85,94,0.0,-18.045101583697914,-0.5947857359767778,-1.081270355036703,0.14154238938212405,0.03061029687523842,10.918573384173214,10.243891137186438,0.08014078997075558,10.163750347215682,0.0,15.9400125897673,3.6945603935502858,39.90432458995306,0.0,1522.8532827098236,422.93473616767346,570.6033126547273,151.61154330230704,70.105531943224
86,89,0.0,-18.01792127500236,-0.5611612935342252,-1.1349761793174862,0.14172940452106053,0.0028789760544896126,9.898039409890771,9.265752842649817,0.07609081082046032,9.189662031829357,0.0,25.37727230873542,5.599136619340172,34.79061936133722,0.0,1446.5849535036127,429.77590392466874,571.5965730522469,166.48072906486456,69.36699739006437
87,102,0.0,-17.864867990725184,-0.789563992978124,-1.1661299840480641,0.12011941463908936,0.02949553169310093,11.839204617775977,11.156118911225349,0.08688729582354426,11.069231615401804,0.0,19.83424601222041,3.816297100671093,39.46999316849117,0.0,1650.3023263013358,364.22767742885645,484.99422282183747,173.4989782630442,11.667321580705979
88,97,0.0,-17.804824843537723,-0.6525507005657327,-1.1538100900452632,0.127719235374238,0.014751255512237549,11.923796333838254,11.230750255752355,0.08288249606266618,11.147867759689689,0.0,23.586879524949538,5.4249103182624365,35.22881028805318,0.0,1569.4592249974135,387.8709087459781,515.8721158050266,169.79351361681088,26.683734912863123
89,65,0.0,-17.948367546245137,-0.42066811334635273,-0.8306803478140873,0.08080630681048383,0.012196926400065422,8.997778959106654,8.434438865166157,0.05588610423728824,8.37855276092887,0.0,14.988673831646341,2.3438816950586707,31.36103219042119,0.0,1054.9601015611606,246.05609602144614,326.1322918224714,106.73145188649447,113.68893434150391
90,97,0.0,-17.971941029944386,-0.6368135722114743,-1.1340208620719068,0.15168607376212717,0.015384173020720482,11.172189663164318,10.487682493869215,0.08290517749264836,10.404777316376567,0.0,27.709388697836783,4.227473676150879,39.978836672064176,0.0,1571.5930497095635,456.24926464097854,611.6678260505125,177.21224546225875,22.23057517148445
91,88,0.0,-17.95761981602183,-0.5169626377480104,-0.9996615566038731,0.13310223503423518,0.029117945581674576,8.989595188759267,8.386596271768212,0.0752197615802288,8.311376510187984,0.0,17.95700051775508,4.276012638620293,36.235075430312115,0.0,1423.2011219325832,401.523768617383,537.9040775854261,167.58778182350463,88.57653912128595
92,82,0.0,-17.951767685794568,-0.631949892356829,-0.9436609546102214,0.1087778724470131,0.02149045281112194,9.511841992847621,8.914679519366473,0.07078863307833672,8.843890886288136,0.0,21.757764131218636,3.042013539517471,36.691725776839085,0.0,1326.9256098982396,330.99188440402406,439.45405811883313,161.49815203222133,84.60558929306195
93,74,0.0,-18.050406917933493,-0.48147075847572196,-0.8700653356246929,0.1260325530973975,0.022358516231179237,7.635234043933451,7.08806776534766,0.0641604857519269,7.023907279595733,0.0,16.938823845421254,3.9019467700498582,33.49562184134843,0.0,1197.2271322624301,379.8567136680073,508.11935651739424,138.64735118750076,150.20765534309734
94,83,0.0,-18.00574985944789,-0.6199130704361394,-0.9801776185995358,0.12140698945435384,0.036327287554740906,10.603619358036667,10.001890273299068,0.07191215688362718,9.929978116415441,0.0,14.22002668725315,2.7883847336998575,37.86687185395689,0.0,1345.6285882923416,367.4605167817378,490.07196077199717,143.91297148246383,98.98204748340885
95,86,0.0,-17.803300372315796,-0.46535227457555983,-0.9862960868233933,0.12932547391663998,0.014916598796844482,9.986453587654978,9.372017084155232,0.07429811730980873,9.297718966845423,0.0,18.433676011361555,3.4384068318821552,37.63303243717774,0.0,1391.7463722724117,388.4310939020923,521.3863600049955,158.79660185165835,64.76349536204677
96,181,0.0,-17.665466289892407,-1.0754930775510303,-2.030948219714763,0.26380958269330407,0.01775168813765049,13.48980762111023,12.20641223480925,0.15418025106191635,12.052231983747333,0.0,29.705836075728396,10.340786746079681,38.9415388039746,0.0,2930.3929629053573,797.0819259854491,1064.1401083659334,328.1554355095916,152.14516679697542
97,75,0.0,-18.142156952087827,-0.5965267875941317,-0.8988132918662792,0.11696089721111896,0.009653459303081036,10.113177225925028,9.535383055452257,0.06462743040174246,9.470755625050515,0.0,19.057873056838933,2.5658850170347725,36.001172796311934,0.0,1215.172016397432,353.858254477268,472.4062460427791,140.32511447118537,48.57878503002186
98,95,0.0,-17.98878479311855,-0.6294188649089175,-1.1669446460367867,0.12476840402155538,0.008276160806417465,13.618182559963316,12.91243686992675,0.08275268506258726,12.829684184864163,0.0,26.949584409040554,4.232509891659659,37.235709602434895,0.0,1541.5173870514293,382.7112973466999,504.6251137929893,167.25162635491094,26.033991936402785
99,65,0.0,-17.987249928114746,-0.37605213824889666,-0.7915073986308577,0.10637243702927508,0.015482587739825249,9.190589515026659,8.636462416034192,0.05677112191915512,8.579691294115037,0.0,15.804865708123089,2.544731927376821,32.70952512741661,0.0,1052.9115701461642,323.26718360349554,429.0181540494734,114.58683868674615,58.28713860825398
100,57,0.0,-18.12544603200628,-0.37380480654178916,-0.7341344572842539,0.10113877948873053,0.014879221096634865,7.461692890152335,6.961520858108997,0.049680864438414574,6.911839993670583,0.0,17.495555417630246,2.7430190443535007,30.155222275559794,0.0,924.7557961341399,305.48322864099777,407.6354035927841,107.51817389060575,45.29214286932009
101,74,0.0,-18.010665560985213,-0.4810490654859801,-0.9054722821637226,0.11066212887668425,0.012506892904639244,8.200690180063248,7.656055688858032,0.06441760342568159,7.591638085432351,0.0,21.680858721394564,5.440884740489278,30.183171411966242,0.0,1198.4041690412837,336.9771743874522,446.42315985665647,132.0831181704228,46.705241233653474
102,69,0.0,-18.003185117060763,-0.39076777548236885,-0.7992685540704849,0.12484810224829328,0.008155019953846931,9.180880137719214,8.62448446964845,0.061064287554472685,8.563420182093978,0.0,10.355990208153655,1.1212545185896146,37.12204484058945,0.0,1116.9825349930647,374.672268814614,503.1262489846219,127.87779752299693,39.22881840596126
103,117,0.0,-18.101736326225137,-0.8105605326117851,-1.5003263159598874,0.178048292093795,0.014776169322431087,12.096401636023074,11.204009897075593,0.10072774020954967,11.103282156866044,0.0,28.085771071773145,7.5761295489081,36.892046011821535,0.0,1902.8231202402192,543.276273358899,718.4794321107564,216.7153280329352,28.9848094155785
104,96,0.0,-17.91256356267355,-0.6908238451370172,-1.053906219873844,0.13080199843929993,0.029093874618411064,9.09146558586508,8.451700213830918,0.08297516033053398,8.368725053500384,0.0,13.100148825205299,3.7297346132160776,39.463723909712066,0.0,1551.9434979050611,396.3708874108753,528.6680079393185,176.87925036162,83.10148879681131
105,101,0.0,-17.804593144788615,-0.7379661937034886,-1.218556181670746,0.10040648064084443,0.00865978468209505,13.32643917715177,12.606191457249224,0.08849336858838797,12.517698088660836,0.0,24.39260725711497,4.0771720933321935,38.19520500197288,0.0,1638.6679774716858,310.8148767261366,406.56799072736766,186.16167361276015,72.88710634955507
106,92,0.0,-18.009719386584386,-0.5875746446822279,-1.203169011804908,0.12524924796519446,0.02892150543630123,8.153615640942007,7.526709282305092,0.0795855657197535,7.447123716585338,0.0,26.61057155946004,7.184670393678375,30.48204003252292,0.0,1494.5834433630214,383.51432467294075,505.69579936905706,175.8628451247545,57.63799924970805
107,114,0.0,-17.918829156230043,-0.7975433597052415,-1.3610108414267827,0.15684346576294927,0.007538114208728075,10.25102811306715,9.402326612733305,0.09838520083576441,9.30394141189754,0.0,22.55937332747863,7.066666275684969,36.38666636011772,0.0,1848.9665400478932,475.16136759390054,633.7024861832415,197.60255324384093,68.00176270785812
108,85,0.0,-18.147705607667515,-0.5941931475884985,-1.0481326530153323,0.14015256331441917,0.021744709461927414,9.366766749881208,8.750511254183948,0.07513406174257398,8.675377192441374,0.0,18.98054552987073,5.375967520041856,34.06416921502519,0.0,1378.5488126086152,421.406460405817,564.9603120331973,149.72904021031607,123.52243515704131
109,720,0.0,-14.195223110304648,-4.083198969348371,-5.778591760214645,1.0063637335872715,0.030963309109210968,48.03139447979629,43.72236645594239,0.6103594116866589,43.11200704425573,0.0,42.26302513835359,15.414765491382544,38.70831065059431,0.0,11627.782576649537,2908.1796894113927,4064.3682509786818,1381.8058618405566,210.88514676309632
110,91,0.0,-18.00315402509454,-0.6550107328948764,-1.0527202144952863,0.13376395346454636,0.00670947041362524,10.952208379283547,10.3043691678904,0.07867677183821797,10.225692396052182,0.0,22.322241370592767,3.7972224735879645,38.06198177951906,0.0,1474.0917557914183,405.4911675499688,539.890692731317,178.87269608891165,101.46842124356637
111,106,0.0,-17.80125907147944,-0.6999898433048679,-1.249213703858358,0.1279672246497261,0.03053141012787819,10.218690362293273,9.518465454224497,0.09160553896799684,9.4268599152565,0.0,25.081706179603756,5.274618873849568,37.52919719096216,0.0,1716.9939270145946,389.3245151959968,516.8528320560306,191.99536874008012,18.914923313557786
112,75,0.0,-17.952277323248694,-0.5458136447468928,-0.908538117856474,0.09305669794580033,0.02974245883524418,9.214889875613153,8.641003448981792,0.06490625813603401,8.576097190845758,0.0,17.988129170613863,3.9830342458764494,31.907952473403306,0.0,1214.1725174756803,285.07102632531655,376.1070080637747,129.8545868236121,40.67123610073024
113,81,0.0,-18.03355268253161,-0.6052554097077337,-1.0358040453256558,0.1063477379840428,0.008195330388844013,8.371996826026589,7.7468950459733605,0.07024583267048001,7.6766492133028805,0.0,25.398410981418408,5.33248260231771,31.921581989348613,0.0,1314.8040470153196,326.62227378023186,429.8478607018721,148.36813778200988,24.762755274519872
114,69,0.0,-18.031282795769894,-0.49377925302387937,-0.8751309695277371,0.09338343892780313,0.017205266281962395,8.574246551841497,8.03629308519885,0.05992719065397978,7.97636589454487,0.0,19.94920858598091,2.7423801321209558,31.980413454207984,0.0,1119.3335454860885,284.50322675849566,376.7320959017099,110.7131010049988,60.48502876881398
115,82,0.0,-17.95781106509638,-0.5978135364693477,-0.9583296858653708,0.11020305557348675,0.02116227149963379,9.041765888687223,8.447002047207206,0.07148027885705233,8.375521768350154,0.0,14.82078442185306,3.1982177421165656,36.252527336354305,0.0,1327.9263238507808,333.8622093278419,444.9405636213978,153.31009978339878,66.77574148556029
116,69,0.0,-18.05561447812231,-0.46226865909128456,-0.8405615785849636,0.11162401436871051,0.026629118248820305,7.437899223063141,6.899556961841881,0.060092850122600794,6.8394641117192805,0.0,16.92220125623793,2.4739278270242178,34.340939873029086,0.0,1118.3848417215643,337.4443021803664,450.0872228337525,132.33031623170118,29.71822149776388
117,82,0.0,-17.99328061265379,-0.5841904883537921,-0.9745598000696953,0.11897392152430411,0.02962627075612545,9.867481310851872,9.254106206819415,0.07277963729575276,9.181326569523662,0.0,13.616715922802232,2.7816151456985443,36.53380050146077,0.0,1328.763165373211,358.87916615780705,479.9279989382219,145.48450364398522,88.9326419486451
118,56,0.0,-18.175095322637805,-0.35677383418612374,-0.6982337909569463,0.11537018600877716,0.015271488577127457,6.951716918032616,6.438468910753727,0.04947307938709855,6.388995831366628,0.0,10.41119025261526,0.8452282940548086,32.44975641751294,0.0,908.1450890507099,350.09502411892703,465.1004037734267,96.86018637140845,20.675021728794295
119,117,0.0,-17.96290645699258,-0.8045225072444238,-1.3377500227067443,0.1764426133457715,0.0036908616311848164,10.09181051980704,9.201867898926139,0.10092402063310146,9.100943878293037,0.0,29.904150238978595,7.071645437610596,37.71154088096903,0.0,1894.032474176568,533.9491045646644,711.8780373058463,223.62949617749237,119.56956836138798
120,102,0.0,-17.87274520859453,-0.7794763492154035,-1.1497417688424107,0.12869850010265763,0.011849642731249332,11.520463087130338,10.831265766173601,0.09023843100294471,10.741027335170656,0.0,18.025267239436342,4.302376898929099,39.52370048053031,0.0,1649.8556905669,391.9503597976766,520.0837284714229,185.73621733835893,84.3357546302256
121,63,0.0,-17.999034158300155,-0.4701499665466379,-0.8068074774933999,0.0791043249694409,0.02576124668121338,8.429521254263818,7.905365084763616,0.05833983700722456,7.847025247756392,0.0,18.539942505147817,2.8152808638988795,30.026119602784163,0.0,1022.3273434418998,245.21655643439797,320.27910645654015,136.00521274530786,96.6011451637217
122,65,0.0,-18.24397330485859,-0.43175549583208245,-0.8394943739309237,0.13665720708511145,0.007751142140477896,7.530341146979481,7.0192371206358075,0.05825734045356512,6.960979780182242,0.0,25.080774433302235,5.25988154274328,30.297077830465106,0.0,1054.9521323106158,414.0628442435438,550.0722998288443,114.19405072883765,132.45336255013703
123,720,52.69487463061851,-12.370121597341765,-3.3632037874937666,-3.7504765640776703,1.1062453432793624,0.014990454539656639,41.61013856623322,37.28533603390679,0.6030750027857721,36.682261031121016,0.0,42.25760890401812,19.213458618993094,38.18878223658978,18.56368806488307,11585.688861604074,3062.636994574985,4462.409250966258,1322.057939988541,380.68016362400914
124,74,0.0,-17.90060628970312,-0.4444142713419271,-0.8963351724005041,0.10172378739174448,0.001129442360252142,8.391399058047682,7.813931552693248,0.06414156034588814,7.74978999234736,0.0,23.00009918676057,2.3754717327229247,35.13692054220917,0.0,1199.5833155101423,309.0796811521188,410.3781816102452,123.62708340460125,50.48708295659111
125,93,0.0,-17.845141184148304,-0.5420637382300891,-1.2202474558122085,0.0956711780786546,0.014962689951062202,11.005670667160302,10.337707372382283,0.08077938482165337,10.25692798756063,0.0,24.475656331738346,6.37989927442835,30.45348592174564,0.0,1510.4035683048676,296.0115522472318,386.7410320254943,169.82731653557752,12.917798846222786
126,63,0.0,-18.004418010762233,-0.4341368497792451,-0.7907074388370805,0.09501585487453518,0.007976916618645191,9.739591278601438,9.186046251095831,0.05544600123539567,9.130600249860436,0.0,9.026888371941594,1.8258509967025323,32.36155885765978,0.0,1021.8995360336719,289.4051406403379,383.08873027054335,101.86607089367484,91.52919178819471
127,71,0.0,-17.96636615385948,-0.532103429739721,-0.8872636107898817,0.08492981038746093,0.022053074091672897,7.577470337972045,7.039322264958173,0.06146112270653248,6.977861142251641,0.0,13.352928412802557,2.4291319550490487,32.82648409694109,0.0,1151.3504822342022,259.25486746250823,342.7564090140533,130.18335786762486,76.69074989840696
128,134,0.0,-17.965107486219896,-0.8030789185065391,-1.7912764358775517,0.1694312868736165,0.014909195713698864,14.487433400936425,13.460652892943472,0.11706774728372693,13.343585145659745,0.0,32.12459585760499,9.13833010883742,33.34065774319989,0.0,2181.589118857614,524.4870858140046,684.9862118540902,242.7802523956373,17.723688667537296
129,82,0.0,-18.08524429615085,-0.6407008459668871,-0.9474059331501898,0.13587375987763955,0.03054649382829666,8.424846462905407,7.838323782198131,0.0718113025650382,7.766512479633093,0.0,16.002210087166368,2.6724569340631126,38.814208877194886,0.0,1328.1275314084955,409.99035900496443,548.0526913705654,144.38861648834754,87.0343328750644
130,108,0.0,-17.892919667528616,-0.6791479796220568,-1.396008646383705,0.12985873256067199,0.0027628953102976084,11.582941302098334,10.850294427014887,0.0936246756464243,10.756669751368463,0.0,29.544293639611286,7.174067172078221,33.687768569668215,0.0,1756.1322613238162,398.5985524806926,524.4504508976679,189.39267920258703,95.83401781600415
131,84,0.0,-18.062037622238577,-0.6672195544752113,-0.9729682591511242,0.11629902461811295,0.029337763786315918,9.109689762815833,8.483886816073209,0.0736795705743134,8.410207245498896,0.0,13.210667624845165,2.845826445072636,37.5432231858852,0.0,1359.567892653893,351.6078341076181,469.7558652682159,154.88063827684377,23.851998779665212
132,720,39.149057030118556,-11.865464050336882,-3.468669583528186,-4.607664408702912,0.8859112991063487,0.008007189258933067,42.22974994406104,37.887436356861144,0.6030469802208245,37.28438937664032,0.0,42.26159160951644,17.284074580719302,34.78602351623344,9.067391254125651,11612.485945893059,2495.9776177316544,3574.2933195712426,1262.3880456943,54.92325641793039
133,58,0.0,-18.025166292388285,-0.3564385445172697,-0.7339155153104461,0.09778172283918543,0.008189291693270206,8.706894925329834,8.054223066195846,0.05249248631298542,8.00173057988286,0.0,11.689311711407763,1.575173049076109,31.418757402436924,0.0,940.8913777175094,297.2188387214694,394.6204198377058,107.59924282784263,157.04278400151648
134,79,0.0,-18.00477235066639,-0.5746900788064268,-0.9122196008634929,0.11436388048552604,0.036165740340948105,9.809985887724906,9.053218325134367,0.07021347479894757,8.98300485033542,0.0,11.709729329238703,1.4468897379310726,38.46269569292425,0.0,1279.551067667743,342.86058311179073,461.2609240830073,144.7205794559581,28.713575217595547
135,81,0.0,-18.046186066842786,-0.49256656789465386,-1.0212830668060229,0.12634100401852447,0.015148322097957134,11.344050271902233,10.604076527059078,0.07289852434769273,10.531178002711385,0.0,23.947079781742282,4.088695671731856,34.5243854819894,0.0,1315.4666970971384,385.06932926258753,510.0596164241475,146.58600644603365,94.52964962386477
136,75,0.0,-17.785296568162632,-0.399949120180594,-0.9415852494839752,0.07499379526900782,0.00805725809186697,9.494985272176564,8.801407299935818,0.06801601033657789,8.73339128959924,0.0,20.458111145051834,2.8415117250679964,32.62472807743894,0.0,1217.5137390942143,231.8310676453162,303.16219286296626,149.0191373024464,51.07447336857416
137,100,0.0,-17.922049671789186,-0.6923174137065571,-1.194520676640464,0.13410167942277001,0.014934487640857697,10.555306303314865,9.742973919957876,0.08668941864743829,9.656284501310438,0.0,18.87343831809717,6.2549532959954846,34.352908240599696,0.0,1620.1449794150042,407.3203261320881,541.0329024829703,177.4808929807183,127.03121867456296
138,84,0.0,-17.926490407183092,-0.612529210356954,-1.0302021460324373,0.09381423677530365,0.017092280089855194,8.327395011205226,7.600999306887388,0.07249711640179157,7.528502190485597,0.0,18.4008157385777,4.4365171811936195,32.88274058337709,0.0,1360.5309102863466,287.5425355139463,379.5395266777956,140.70748857815644,21.521794406867897
139,71,0.0,-17.930798029834534,-0.45932129504939545,-0.899509627855985,0.09477217370868819,0.015655504539608955,9.839632507413626,9.191301078069955,0.0631153010763228,9.128185776993632,0.0,18.340356308636977,2.99737004458103,32.352755430603594,0.0,1152.2494183794677,289.52711170145795,382.7791034617859,122.7451965318253,63.997773822892995
140,100,0.0,-18.14707064831269,-0.6610788376034132,-1.2034196625443792,0.1843037112834021,0.02224406786262989,9.16664221091196,8.37030524900183,0.08603142620995641,8.284273822791874,0.0,24.382877182440826,6.93547339981096,35.23625184554578,0.0,1618.6899479680878,554.3339691259519,741.9818700830581,169.80940367963538,255.91190192084235
141,162,0.0,-17.59768397868381,-0.9948023606785288,-1.9895956732945996,0.18799357986864398,0.0009700111113488674,13.30497397389263,12.13154702167958,0.13821497187018394,11.993332049809396,0.0,31.65219652399092,8.802285823394593,38.4550214034038,0.0,2628.064774557383,576.9027837387739,759.6028414702645,295.9382471079705,225.98043899963852
142,103,0.0,-17.952229828700332,-0.7555999071997213,-1.224475087779672,0.13805240762383925,0.007842199876904488,11.774734757840633,10.946474549826235,0.08946616249158978,10.857008387334645,0.0,27.362356653798468,5.2412261536947335,36.706741770876256,0.0,1667.9018633620822,418.7769030552586,557.363133651675,206.37640757213958,143.56643550753904
143,720,53.946874634312294,-9.750830309953326,-3.0388888225866446,-3.0317161922670524,0.9315381647760853,0.03514435142278671,44.32119639310986,40.029060542117804,0.607799478340894,39.42126106377691,0.0,42.25686568088835,21.273660286048358,39.550566881234495,19.108909893149505,11584.859903273415,2523.2217322880547,3763.470388254855,1330.3366287991098,89.07626379536168
144,87,0.0,-17.891861509867795,-0.5870451543788371,-1.0645175494402745,0.11172318467681423,0.0071409158408641815,9.257562837097794,8.54471577424556,0.07543131802231073,8.46928445622325,0.0,23.047448311887326,3.932211311999575,35.74868930162036,0.0,1410.5799479734496,342.20356097139467,452.1195706290878,163.1329382770124,123.3246757054489
145,77,0.0,-17.983533094874332,-0.5746948622925001,-0.9605366581343895,0.09171747570423963,0.007078512571752071,9.128971545025706,8.424975794740021,0.06721886340528727,8.357756931334734,0.0,22.508338572732512,3.139719381240841,33.588940537532544,0.0,1248.8605940904852,277.82765669154116,370.1440410104592,129.44083171714382,47.12552050752165
146,68,0.0,-18.038157256533005,-0.4716657043753014,-0.8129625548653198,0.10657305402382206,0.0003011827648151666,9.575904236640781,8.917077164631337,0.06103677209466696,8.85604039253667,0.0,14.633796838458753,1.6953880611675198,34.52496111512417,0.0,1101.6596503855747,323.5232979992692,430.05386795867844,119.91295647836802,63.60084281067524
147,81,0.0,-18.056366149278286,-0.564661153087186,-1.0284265822384357,0.119130730556648,0.007100313436239958,9.463443044107407,8.742466113064438,0.07309244014322758,8.66937367292121,0.0,22.652583269018464,5.468401787547665,31.728863795037032,0.0,1313.5984416075048,365.5854189466798,481.8091354960448,158.0014796184967,83.52551624096174
148,87,0.0,-17.896381639161334,-0.5696067034615808,-0.9819326929212899,0.12395350000651884,0.007288758642971516,9.301735568791628,8.578738889656961,0.07552468124777079,8.50321420840919,0.0,13.246554988763272,3.681850211731136,37.11664645423078,0.0,1407.9038368094705,371.5738313752116,500.2383109280592,159.67437108371797,106.868516305419
149,104,0.0,-17.83058840268862,-0.7153298937130206,-1.2099159436392752,0.131879247050516,0.02117903158068657,10.313741535879672,9.466627525165677,0.08934175595641136,9.377285769209266,0.0,23.588122520258043,4.594991444978265,38.96731959427854,0.0,1683.7123355154843,400.8429687763963,533.2782348784948,191.89645591380935,63.973085599448275
150,74,0.0,-17.995025719462465,-0.46151216176915605,-0.8680898658949127,0.1275498762721275,0.007044326979666948,10.604872835800052,9.91162643674761,0.06513270596042275,9.846493730787188,0.0,23.558240775677582,3.184182643337303,35.10765684328976,0.0,1198.4078558648134,384.5787947033355,513.5811627228045,130.95563811284057,23.113858667429064
151,79,0.0,-17.962109172707994,-0.5897554692935647,-0.9040676674576147,0.11654813979223931,0.0072912112809717655,8.9993768138811,8.325419440865517,0.0687936288304627,8.256625812035054,0.0,15.020714197007507,2.1711070325553807,37.346340429270505,0.0,1278.2531915561194,350.10423258980103,469.97442150232564,143.49163701871092,59.928752225268454
152,71,0.0,-17.99831016781565,-0.5170300156777417,-0.8358440720354049,0.10556447058534797,0.035098832100629807,9.292283851187676,8.63950111856684,0.062101511750370264,8.57739960681647,0.0,10.687769521066693,1.0449454103270364,36.53252654795974,0.0,1149.5729264559334,319.02396115689663,426.32219134197004,123.06461900713462,47.957597031719985
153,109,0.0,-17.81196051025001,-0.764248523674609,-1.3028750896865562,0.13306673619279855,0.0005171227967366576,10.329035487957299,9.431856263894588,0.09355833474546671,9.338297929149121,0.0,27.226188815093092,5.911372079367187,36.622869593923056,0.0,1765.3694330432365,403.1494842154468,537.485962393439,198.84302597358982,226.25982461089293
154,62,0.0,-18.056688279437832,-0.36322319871348346,-0.7821537216765699,0.09837612958996388,0.007092224899679422,9.398223628289998,8.776073781307787,0.05560301057994366,8.720470770727843,0.0,10.612029232275802,2.15098321848372,31.671330125653746,0.0,1005.5095806673562,298.9323788039463,396.88321466370763,111.38387108452109,46.361373734361926
155,174,0.0,-17.567436875575257,-0.9815203063115624,-2.1563680146438124,0.21611871771969385,5.998057531542145e-05,15.875958658289164,14.636740065179765,0.14860199205577374,14.488138073123991,0.0,35.3097714823483,9.856057341692622,37.78535843532911,0.0,2828.1662365196953,665.5232348505895,873.6533212114334,325.81324963044875,120.86030604912735
156,99,0.0,-17.999937719504874,-0.5411314902463273,-1.1995624520904236,0.1663659606140098,0.007260333746671677,11.907106690108776,11.079687636345625,0.08646531123667955,10.993222325108945,0.0,20.970378846952272,5.533970215079826,37.97838847739108,0.0,1606.1099985205715,503.43219913381347,670.9398165618777,183.69629170494207,130.9421543597137
157,720,53.61100157149523,-10.90221506493961,-3.211665484074538,-3.9834438228957323,0.9457879909937875,0.02129763923585415,41.54998046765104,37.21793837798759,0.6048596114851534,36.61307876650244,0.0,42.263203343195535,19.286882591097537,37.534542817933854,19.827663279100925,11584.78353285952,2626.673399745396,3822.437560209716,1334.0355932378823,90.58064862509357
158,95,0.0,-17.874777732484347,-0.6576486029884858,-1.1194103704046023,0.12319458405227733,0.01418657973408699,10.159712377004325,9.357533427886665,0.0830470728687942,9.27448635501787,0.0,21.3260727605209,3.9540741709042186,38.15272927571048,0.0,1538.7780552349143,372.9961990640209,497.36898033174316,164.56756778652183,19.53460324311481
159,94,0.0,-18.108437087530106,-0.6402611065438808,-1.124531430248087,0.1404550832565538,0.00713610602542758,10.107159938197583,9.313692953903228,0.0821277042850852,9.231565249618143,0.0,20.555202032332364,5.883012515866166,34.90079110623741,0.0,1521.898586192363,430.3985605497868,567.2781724860762,186.56089997091405,122.89760632162815
160,81,0.0,-18.140533691439643,-0.6678883766552864,-0.9199365842708591,0.12965180935622284,0.028433317318558693,8.410370741970837,7.689138660207391,0.07087660115212202,7.618262059055269,0.0,19.277959175382378,2.9020712937907955,37.50336226162086,0.0,1310.2613085619037,390.96593934361005,523.4866043532767,156.77954205338082,43.22569727362646
161,82,0.0,-18.06063287242022,-0.6030232579706557,-1.0100062258514648,0.13383220024874035,8.709023677511141e-05,10.506916678976268,9.801658038981259,0.07181211514398456,9.729845923837274,0.0,23.56716386115916,3.989229983796137,35.25695180549137,0.0,1330.420357513517,403.7777646180748,539.1268500835554,140.10581509572003,114.9171939528897
162,104,0.0,-17.725789772429557,-0.5671808740242948,-1.3338027677475734,0.10750699194556106,0.014203963801264763,12.864264477044344,12.004404118284583,0.0911763315089047,11.913227786775678,0.0,24.81189330905392,5.2188853373831225,36.048439062385256,0.0,1691.3929292820312,332.3436438824544,435.87225650731716,202.97573271266324,69.42213784923888
163,99,0.0,-17.874164814074444,-0.6152246804153646,-1.1615131362977968,0.13801420557161406,0.007133693899959326,10.71913860924542,9.921176589094102,0.0854425011202693,9.835734087973833,0.0,17.696658688837985,4.822363912190208,37.946299306314316,0.0,1603.3628220026417,422.40612557664383,558.5129810575598,204.0719911839952,78.74555887715984
164,102,0.0,-18.16497524641861,-0.7500738867636567,-1.2315923251988492,0.16546197377281946,0.007183583453297615,11.03463491378352,10.201245106291026,0.08784361183643341,10.113401494454592,0.0,26.813306089331533,5.754890638834788,38.15016733244671,0.0,1654.4359630937483,501.969712090837,667.7260619546828,184.25950721093864,41.73866274643593
165,720,42.42366672750499,-11.301013336511838,-3.584705822340224,-4.076642242998024,0.9413456483447237,0.03546925261616707,43.517331819050014,39.15210794704035,0.6038635638542473,38.5482443831861,0.0,42.24740046533405,18.018512938360303,36.867555610092204,11.435339670900678,11602.618895184767,2604.177767236238,3806.421943832988,1313.371933072676,213.62758077660618
166,82,0.0,-17.88636355446809,-0.5091596286124123,-0.9609872117337916,0.1062471009341588,0.007250554393976927,9.813029505778104,9.084201860707253,0.072368408087641,9.011833452619612,0.0,9.760906194884267,2.590311024386205,37.02988847649868,0.0,1327.3476655567,324.0703055364298,429.6113792678616,164.93187181274362,54.718823162425664
167,76,0.0,-18.076590036977738,-0.5899595497968011,-0.8682076853641665,0.12064261851568077,0.007170674856752157,8.324215159751475,7.636901173740625,0.06612166808918118,7.570779505651444,0.0,8.999297163174646,1.5049926912524458,38.050669055093366,0.0,1230.202591349357,362.5252829980389,487.0229540643651,141.403789687176,82.88996122060641
168,96,0.0,-17.79038045970639,-0.6693384940081565,-1.0713363430876353,0.10723278095707797,0.021292906254529953,10.650028632953763,9.857601719908416,0.08348673582077026,9.774114984087646,0.0,21.04862031600622,3.3259821860394183,38.94866390215471,0.0,1553.933880493691,328.055842842913,434.5053898634198,179.52564894830257,86.279010868275
169,105,0.0,-17.93024290884938,-0.6961985053528135,-1.4314558888113487,0.10999228664878381,0.007174082100391388,9.470383252948523,8.60852217534557,0.09077839180827141,8.517743783537298,0.0,22.992617636539638,7.762551285117874,30.704246808702116,0.0,1711.471622911151,340.5724807105514,444.3002336442173,157.88301441989879,37.862800341284206
170,86,0.0,-17.920518931149893,-0.6190752320746545,-1.0449016320499966,0.10241972840268053,0.0071824160404503345,10.021033241879195,9.286258828826249,0.07455027475953102,9.211708554066718,0.0,20.96836353750275,3.71803486977564,35.710015302516105,0.0,1394.654185875885,312.72437077870677,413.95584921929327,144.5846373687137,89.86659851450382
171,90,0.0,-18.07266252887799,-0.6184639994782618,-1.0870574456121487,0.13852909294727525,0.014280274510383606,10.382419602014124,9.612723189871758,0.07818175060674548,9.534541439265013,0.0,25.524498975803475,4.175428392458434,37.03339432601657,0.0,1459.0909667823385,418.1048938065812,559.0052261961811,155.75367261560532,68.49337204074412
172,85,0.0,-17.87978018236289,-0.6011563082456022,-0.9742771937747687,0.10951954208366203,0.007172212935984135,10.610506070312113,9.884596360847354,0.07457273453474045,9.810023626312613,0.0,14.002729382142258,3.3884598310439373,35.6762234805977,0.0,1375.460579576146,331.586604483289,442.52558954872666,154.9356217189559,130.09881552240444
173,72,0.0,-18.099578448827025,-0.5108158336604686,-0.9311093422887065,0.1046241008307325,0.02831549011170864,7.880305105820298,7.207505448255688,0.06364348530769348,7.1438619629479945,0.0,20.287903383525077,4.459938263446521,30.34354019043747,0.0,1168.6881058815181,321.1969949786275,422.53974771237625,126.9767419452118,50.78457377532845
174,83,0.0,-18.242325087791322,-0.6084844662981619,-0.960955855646302,0.1479484828582086,0.007173520512878895,10.237469616811723,9.507745849899948,0.07435278873890638,9.433393061161041,0.0,19.92647042733898,3.0995675069869324,38.60074250767337,0.0,1343.2213077537729,442.8007226593863,596.0460363958612,165.66822701572218,85.21455092423894
175,62,0.0,-18.01269149425557,-0.4454107661462075,-0.772447091338809,0.08422117761195472,0.0071813929826021194,8.97201152285561,8.3781967908144,0.05688927182927728,8.321307518985122,0.0,13.173935044694254,1.4268669023723748,31.950636675401988,0.0,1005.2870648144723,257.6019199764552,340.6482077036849,115.53004062134599,134.6215473068202
176,79,0.0,-18.04783839361372,-0.5835460814718557,-1.0019288309608567,0.1021904464651491,0.014153549447655678,9.500514260027558,8.816536844242364,0.07023184467107058,8.746304999571294,0.0,23.69641636209336,4.939177187863425,30.012409509413153,0.0,1281.2296490895592,313.0094449419736,412.97800857698775,135.63939611627487,70.79771329435484
177,168,0.0,-17.916400119992595,-1.0173672237977156,-2.076070245328358,0.2555941566967238,0.00720293028280139,14.143536554183811,12.945630267262459,0.1441347082145512,12.801495559047908,0.0,36.50275200999245,9.817883700191961,39.85122182208456,0.0,2727.216480202374,777.5598159003358,1031.153968237902,282.13549558778715,144.20557060457259
178,104,0.0,-17.909869546296555,-0.7722052986848278,-1.3050985388676972,0.09849252040521188,0.00011304717918392271,9.559993084985763,8.730885204393417,0.08954835636541247,8.641336848028004,0.0,30.717621635504354,6.219765361460763,33.96449695418586,0.0,1688.0100308159128,305.02826876525427,399.26831783834433,196.4258071300282,31.262370250526764
179,69,0.0,-18.037913600948787,-0.4764796544265003,-0.8274847423780527,0.11408820901392723,0.014237617142498493,9.134541480336338,8.49054890871048,0.06126139359548688,8.429287515114993,0.0,17.45768381407555,1.8861493807426757,35.25256957158264,0.0,1117.5835152915954,345.7032077077592,460.5340164660914,126.76871378632606,20.658513981373925
180,94,0.0,-18.04770880161347,-0.7021513610389489,-1.171985290517286,0.1255170777606643,0.02837461419403553,9.397431683260947,8.626676222775131,0.08172038896009326,8.544955833815038,0.0,20.576390717752556,4.557126189488962,35.73308207625388,0.0,1526.7984090136033,381.6188128814537,506.0363213764546,144.9229907896496,5.995435248220488
181,114,0.0,-18.27502317273048,-0.7325512459047494,-1.3464103016055855,0.21917400090951392,5.4824089602334425e-05,11.587551038246602,10.662935531232506,0.1001806017011404,10.562754929531366,0.0,20.588268243163466,7.589185737370382,37.91763218025614,0.0,1845.9029819863447,657.7377581315719,882.9302968088214,190.77820478190804,234.97861833792356
182,89,0.0,-17.99427194230179,-0.5914739386891955,-1.0451682558432354,0.13334552581228779,0.007101983763277531,9.664500165265054,8.931375268381089,0.07882927963510156,8.852545988745987,0.0,23.12688980072839,3.7531746884158865,38.478319224719485,0.0,1442.651167407046,404.6595958159252,538.3156987501176,173.32859369413217,114.9018161773869
183,105,0.0,-17.797905511154525,-0.7048289273883259,-1.2117309406545678,0.1282611830614601,0.007114925421774387,11.148237491957843,10.287619911134243,0.09310080343857408,10.194519107695669,0.0,25.671128659497988,5.147213750580131,36.79513939438568,0.0,1698.0691701855328,392.0415934947563,519.0865398741471,205.81197194628047,30.068045510002054
184,720,43.074243426157544,-10.41759405253554,-3.5708725040874203,-3.031348598856818,0.8963952234143383,0.0001136256250902079,44.77870182180777,40.382960421033204,0.6074032313190401,39.77555718971416,0.0,42.16084208799004,18.24302533698911,32.16776692053153,18.194729047876905,11584.771438913947,2441.819482874718,3620.3964388147024,1347.9169342963407,72.47750034232376
185,92,0.0,-17.981089368302477,-0.6690961742588938,-1.1687420814913185,0.11077144324940173,0.014261649921536446,9.596039245836437,8.807771879248321,0.08132415544241667,8.726447723805904,0.0,19.45364755316617,5.4729744222166525,32.79351439784702,0.0,1493.2591043739062,338.87304720439533,447.65691924891473,164.52423234662967,80.16031641606807
186,89,0.0,-18.081350983743498,-0.5350802817731926,-1.1177574374030557,0.1474158328686546,0.01426035538315773,10.292903409805149,9.538136973977089,0.07783296564593911,9.46030400833115,0.0,24.824730241672075,5.717352403217411,34.9498845632609,0.0,1444.322946111941,446.04244975665466,594.1938627226841,179.69952022822582,66.50728850668933
187,67,0.0,-17.91758522559031,-0.4565179243114212,-0.8334582625037534,0.0698423081933326,0.014297811314463615,7.654006951022893,7.036846715956926,0.0585759449750185,6.978270770981908,0.0,10.979465135208589,2.9554622569646227,30.120988484504394,0.0,1085.4265512110144,216.26935263002238,282.7042859616068,114.29842328799973,79.07867889738183
188,73,0.0,-17.897675938652178,-0.5810955468387584,-0.9056015745335503,0.06871441902377061,0.0072020236402750015,7.5023156818933785,6.851403117179871,0.06380153866484761,6.787601578515023,0.0,9.997663175077578,2.3992670091566546,32.422971283364404,0.0,1183.3622056235738,213.98830180410917,278.9612131744596,130.6496766275812,18.503532108045324
189,94,0.0,-17.8260241166403,-0.6556379483440301,-1.1486857928024476,0.10066494123412435,0.021342476829886436,10.284838105086237,9.4910335582681,0.08334940997883677,9.407684148289263,0.0,25.961889232709755,4.462535419934479,35.14160718035663,0.0,1523.0568417621794,309.12781225565186,406.96486536461686,171.71448993240514,112.101376477993
190,123,0.0,-17.913984701393424,-0.828566266107102,-1.3685346829465224,0.1944699299609089,0.007212439551949501,11.66570247663185,10.767447378952056,0.10743270814418793,10.660014670807868,0.0,25.83783323879328,7.310562995279756,38.79363430961369,0.0,1990.5966679406347,581.6451690536069,783.1577616769976,208.0134866679773,322.0225310614307
191,67,0.0,-17.90781903724707,-0.4735943839950225,-0.8564593792359797,0.06622876103770438,0.01413318794220686,7.634858125820756,7.018324303906411,0.06001957831904292,6.958304725587368,0.0,11.413987196022294,2.1621427847045287,30.725618642891522,0.0,1087.3184297148334,204.34603176154067,267.7121585990837,116.37139068846655,33.93742675466808
192,72,0.0,-18.116491428049294,-0.49249366345942835,-0.8678533943606749,0.1260645238368485,0.014243543148040771,7.3262365642003715,6.6763954712077975,0.06374123366549611,6.612654237542301,0.0,17.484837930870494,3.968640455156498,32.999286525637764,0.0,1166.174719393331,382.81574992852444,508.2511012963968,139.62216107828596,63.870569592559875
193,121,0.0,-18.01029767749364,-0.8268625800986166,-1.4408448597584953,0.18630281698210457,0.00010797730647027493,12.02420101268217,11.084996240679175,0.10562065290287137,10.979375587776303,0.0,28.508330720985366,6.724122209160834,39.727635980940015,0.0,1963.6022647422071,568.389013806646,751.4265428685493,204.1602507179946,110.14196782499685
194,57,0.0,-18.041438302486007,-0.3730452857517086,-0.7401020677743265,0.0917450122531308,0.028365908190608025,7.65346016921103,7.07729769917205,0.050859876442700624,7.026437822729349,0.0,12.75308307396843,1.988955451351094,30.41766698346189,0.0,925.6665912268837,279.12046375186145,370.3182570582727,91.90771170338782,60.24514484977271
195,65,0.0,-18.014912699106937,-0.44076418635036385,-0.8263036529633696,0.08753290704255509,0.014150291681289673,7.631044584792107,7.021349613089114,0.055976246017962694,6.965373367071152,0.0,12.166523545776514,3.2789756898104163,30.422538429908542,0.0,1054.725301640413,267.6848210880277,353.03176270806387,111.4657396760138,55.33297049221556
196,90,0.0,-17.826881783685618,-0.6696866611781893,-1.0860036282175782,0.08585277130320089,0.02844894677400589,9.752897820901126,9.004541793372482,0.0772419972345233,8.927299796137959,0.0,20.289104176474467,3.5046567816053646,36.02857537156345,0.0,1458.179625955223,262.16420744951085,347.424229503454,161.68864462344285,24.2951362678772
197,71,0.0,-17.86524685235533,-0.36298644319158097,-0.8532163319255153,0.09225603221887334,0.007131810300052166,8.770999506581575,8.09278129087761,0.06090305745601654,8.031878233421594,0.0,9.053965147305885,2.0485308035890784,33.99864639186749,0.0,1149.6242608455275,281.28312640739307,372.64569804373923,127.79473811414994,76.26147319068629
198,113,0.0,-17.977426080398214,-0.7163907051167612,-1.3817368218083543,0.173387383172407,0.014175386168062687,11.521610454190522,10.615065696649253,0.09708571946248412,10.51797997718677,0.0,30.830735399262366,6.6778886766826595,38.27156157539571,0.0,1834.9069447788813,526.0662327289671,699.6708987656533,222.3643970248545,194.39285218366385
199,72,0.0,-17.98308124245971,-0.5083110461131406,-0.8809355819711622,0.10033540715814414,0.014049509540200233,11.39809211390093,10.697314051911235,0.06276663113385439,10.63454742077738,0.0,17.55037494820088,2.8656990331992245,33.42682319221195,0.0,1166.142894497768,305.3391186209201,405.24180965284097,119.81862648976377,86.43372326989311
200,68,0.0,-18.037385833428488,-0.4884130765106788,-0.8912912816375069,0.0724029924770275,0.021256223320961,9.700996324885637,9.026345058809966,0.05895390175282955,8.967391157057136,0.0,15.909894687455187,3.2249079854005998,30.615016664295002,0.0,1105.2339090284693,223.98609729859552,292.9523451213476,122.35198804082795,52.845012358650536
201,107,0.0,-18.204281691430484,-0.7051426158435101,-1.3083657901386965,0.184076651238609,0.04253721609711647,11.406718276906759,10.534766193013638,0.09163985401391983,10.443126338999718,0.0,26.67352433103857,7.111945602683933,36.06709014017417,0.0,1733.4108387488573,553.9398641590795,741.3500980560673,188.13969609155137,253.39242672970195
202,73,0.0,-17.95133450296674,-0.5138653620866742,-0.9041673418512216,0.0883394243880863,9.10394883248955e-05,9.55896428367123,8.86169011471793,0.06391813373193145,8.797771980985999,0.0,12.359846427657708,1.675975334497246,34.10833231376394,0.0,1184.458555272032,272.1184145420168,357.4780379582978,144.0309397894534,103.614044403331
203,86,0.0,-17.887954911244318,-0.534009919939219,-1.0697338557021032,0.10820401268925783,7.312282832572237e-05,11.410220360849053,10.68099962733686,0.07450296217575669,10.606496665161103,0.0,27.89694028631817,4.093498845402318,35.0675379495746,0.0,1396.3832260364304,332.8837807049575,437.4539419096282,155.26735849300206,139.43813897459134
204,79,0.0,-18.074914559896154,-0.5696117526085847,-1.001263483952564,0.11148393516527677,0.0001619370304979384,10.09532434400171,9.383886457886547,0.06808491935953498,9.315801538527012,0.0,18.218929054786884,4.925966060376936,32.3306955248165,0.0,1282.805469859915,340.54374386915856,450.2242926366316,137.08124543711787,83.0685387429696
205,95,0.0,-17.935358182135534,-0.6488342192653519,-1.1193836144549039,0.12990501160077875,0.007208157796412706,10.515593983232975,9.747500327881426,0.08135455148294568,9.66614577639848,0.0,23.405108813199966,4.811815141131328,36.67784416100615,0.0,1538.8801191344783,396.9983527396722,525.189966076099,179.02576320231142,195.35548077712892
206,68,0.0,-18.12006676765254,-0.5219552419888509,-0.8472942370119515,0.10409369879749474,0.014239560812711716,8.234682395122945,7.583985553123057,0.05843752343207598,7.525548029690981,0.0,9.318550737851263,2.372413416627037,33.35568330296588,0.0,1102.8575096327834,314.2535889374399,419.9557824829296,111.39466261840404,110.35753922076866
207,69,0.0,-17.95157373063924,-0.4979256841464786,-0.8787659797324902,0.08227276473400694,0.021227441728115082,9.092800986021757,8.427887998055667,0.0592024102807045,8.368685587774962,0.0,18.365301424764773,2.5420524349044316,32.03600130305744,0.0,1119.989570854957,251.2992869717099,332.41048876355427,121.09667310542036,92.16966798785944
208,78,0.0,-17.95389473695781,-0.5361536955511513,-0.9100351459439372,0.10310789374590316,0.03550444543361664,8.570582349319011,7.8986105071380734,0.06677766749635339,7.83183283964172,0.0,13.632236788844084,3.3694938249633095,33.89085680178223,0.0,1262.726483576973,312.24838051487734,416.1674959905553,136.0733781435631,49.14418570295715
209,85,0.0,-18.040842482629152,-0.6765549819005084,-1.0038076341596254,0.11385176918709543,0.0001404304348398,8.074303064960986,7.3709943811409175,0.07234221464022994,7.298652166500688,0.0,14.32095187760409,3.6712044051262014,35.30816698625942,0.0,1376.7289062647897,344.8293156501204,459.58637252620474,141.46327261537616,69.58875795323813
210,70,0.0,-18.07673406645833,-0.5025768482118934,-0.9050085546444643,0.10369164619435099,0.013972040265798569,8.358540639746934,7.697561822831631,0.06016103969886899,7.637400783132762,0.0,15.374421788030336,3.7434945997854236,31.97342950889434,0.0,1137.2236587945147,317.22764522486324,418.7863224183495,123.65234707903942,88.10480243291678
211,99,0.0,-17.97148871405936,-0.6582466548507291,-1.166051532179587,0.13652347292141626,7.911238935776055e-05,11.788565981201828,10.985104550141841,0.08466602070257068,10.90043852943927,0.0,28.290936427346896,4.821558747500834,37.38551774832312,0.0,1603.0681212295149,414.22920728677855,550.8117141071363,174.7991328591495,25.123621661814934
212,111,0.0,-18.057838350710593,-0.772880994436211,-1.3861269393180202,0.15594761316592873,0.020914312452077866,12.124900344293565,11.23467033682391,0.09442955954000354,11.140240777283907,0.0,29.78591536816133,6.322875955985905,37.50886448022838,0.0,1803.051342577272,477.65594160144775,630.5100916146367,200.82800560858988,86.91135895774921
213,720,39.65054784348662,-11.175987543683704,-3.7991175691232453,-4.091250984035946,0.7815001989554612,0.00023235664411913604,43.51378560997546,39.156216968782246,0.6043710242956877,38.55184594448656,0.0,42.26108518746691,17.510168227836523,39.57334172891902,9.283992030395758,11625.527563908721,2165.6947142913014,3162.349536424993,1366.3958097441407,190.58842576611912
214,720,47.69187084581362,-10.477103728636546,-3.3199048819180383,-3.447295274574592,0.910165786138485,0.0070001715794205666,45.01175579195842,40.66014519426972,0.6101761469617486,40.04996904730797,0.0,42.261601885432114,18.8702848291376,31.86531611832037,21.41212173914129,11583.051816063245,2493.6398121181983,3677.8787305045703,1283.126540363278,169.7949159491573
215,104,0.0,-17.917863072012533,-0.7091821005643542,-1.304342973842055,0.12626306474097995,0.020796798169612885,11.75156867178157,10.897672089282423,0.0906863147392869,10.806985774543136,0.0,18.732095656571204,6.66028850775425,34.35212642546432,0.0,1688.5149200965918,391.5330764105044,511.6276848878312,212.96771011636417,61.561977482700115
216,56,0.0,-18.18101230385861,-0.4103419641820941,-0.6966216741453417,0.10231859231630207,0.007035565562546253,7.625601453240961,7.014825758058578,0.04961069021373987,6.965215067844838,0.0,3.5245987891701325,1.069350068366581,31.55651729522848,0.0,907.3281537638002,309.5913739026281,412.0060517883105,96.62728678802554,59.708439322310205
217,74,0.0,-17.86269458018101,-0.31659957317373705,-0.9428734074357354,0.09859790964311152,0.02768787369132042,10.364160777069628,9.668956959620118,0.06629520747810602,9.602661752142012,0.0,11.820199944441566,3.695534979291132,32.25633423231483,0.0,1201.0866507472342,301.54077841953114,398.2864859594794,130.67069598326518,138.0301069035468
218,95,0.0,-18.007279025511654,-0.6806485935661792,-1.112877652670289,0.13224977325554374,0.013854427263140678,9.40726143727079,8.635156253818423,0.08305190969258547,8.552104344125837,0.0,22.351232043938378,4.938707629713319,36.86209913079153,0.0,1538.481989149872,401.4963162486764,534.0898607357308,165.45910819422144,36.521437542809636
219,93,0.0,-18.032613980502337,-0.7061574596534547,-1.0816647556657202,0.13627490045921284,8.684710337547585e-05,9.271332748699933,8.50293404655531,0.08115478279069066,8.42177926376462,0.0,21.004847645016948,3.2206178235857967,39.5720971833124,0.0,1507.1855251235345,411.741580490625,549.9674279729,166.56421928491073,8.68833216393012
220,87,0.0,-17.917819082950444,-0.6030362370474119,-1.0928186290251687,0.11970439050756965,0.007008461747318506,9.636112928856164,8.928426994010806,0.07635513879358768,8.852071855217218,0.0,23.03872986220313,5.654928739041414,32.5547574359769,0.0,1411.8403193391127,366.7332713938098,483.48849544349224,154.6233148986948,121.27545692123626
221,72,0.0,-18.190374886063665,-0.4900560685961893,-0.8861179535344552,0.13993239825118894,0.02776123397052288,8.294370680116117,7.630974397994578,0.06542663462460041,7.5655477633699775,0.0,19.653661284599234,4.3058178081363225,32.51625576278973,0.0,1166.9795485209281,423.5429222566739,563.5983009088959,127.6287804810965,107.4457374028934
222,92,0.0,-17.920567007647865,-0.6855386010032677,-1.0819270394761746,0.11206345847355634,0.006980580743402243,10.935538106132299,10.15244735404849,0.08162298798561096,10.07082436606288,0.0,24.85755308429949,3.4098673691834214,37.975950911391145,0.0,1490.5068053830087,341.77988083051207,453.43584734456226,176.0457928816957,107.90603345974857
223,77,0.0,-18.048533692544638,-0.5593954291356251,-0.9390726717548438,0.10453972896752506,0.02084258385002613,8.230263905134052,7.565382357221097,0.06740920897573233,7.497973148245364,0.0,14.786026963952454,4.391103841952454,31.933527022755072,0.0,1248.039182263729,317.32178044746934,421.77712224137883,119.07662635817357,159.05140331396177
224,720,38.575225532585165,-10.587577407164797,-3.53388106875019,-3.7176784827799527,0.8699302241169233,0.014067938551306725,44.99494453892112,40.62357792071998,0.6117720836773515,40.01180583704263,0.0,42.24129281658635,18.36455471667274,38.877275151083325,15.857342677098663,11590.582087050148,2400.604509672588,3518.697029405329,1284.9856580120356,94.27773264367998
225,103,0.0,-17.861836608328503,-0.6830606464011966,-1.2115000292473024,0.13928188166632546,0.02080368436872959,11.297155916690826,10.47208474483341,0.08900628192350268,10.383078462909907,0.0,22.81491061869457,5.3313000451033306,37.23501536066187,0.0,1667.6780634031613,419.7859767859861,561.7734942653245,161.7812889339891,149.24839303454246
226,155,0.0,-17.455692648174512,-0.9364794047321258,-1.8626771380897869,0.14575740126108824,0.013950795866549015,15.669252149760723,14.578454061876982,0.1334048304706812,14.445049231406301,0.0,30.374426367284382,8.333317873207353,36.09175993883123,0.0,2508.9921079479195,448.39784401660796,590.6117378171284,289.5343090350112,113.70670372256777
227,85,0.0,-17.92673095257075,-0.6066937537888809,-1.0118648760196334,0.10768863767120106,0.020741639658808708,10.441603716928512,9.685334637295455,0.07496311608701944,9.610371521208435,0.0,18.13802869564421,3.3079064824411577,36.52584296997601,0.0,1376.9972636359687,329.8345456164293,435.87331496504754,164.24162406083735,105.73152524996435
228,63,0.0,-18.162213290902933,-0.4908092810065355,-0.7912706593791631,0.10908301345270693,0.0072010839357972145,7.137094595935196,6.548387921880931,0.055986654944717884,6.492401266936213,0.0,13.422764152557596,2.8514911233932194,31.84254590389502,0.0,1021.5279090828924,331.21282193867876,439.9653374078386,109.18876494588716,53.97853333970768
229,135,0.0,-17.841192090089585,-0.8762509668354257,-1.6577461005470706,0.17315087265151383,0.007025578059256077,12.93304145289585,11.921510412823409,0.11619648430496454,11.805313928518444,0.0,30.258696590106847,7.586629032879435,38.21037038105917,0.0,2189.18258247458,532.5359710497129,699.5431547647107,241.07192958147465,100.33663465581684
230,79,0.0,-17.918609077086245,-0.5576639803454976,-0.9162746052359728,0.08632719728698442,0.020995110273361206,7.8510149018839,7.163803818169981,0.06897979602217674,7.0948240221478045,0.0,16.10555384910616,4.958669563329564,30.652282915477475,0.0,1277.4098051888018,263.56793560980583,348.32975688518064,117.98920662485376,96.11548917646228
231,59,0.0,-18.174212292218428,-0.45843963896603557,-0.7284935050385805,0.10856561057409145,0.007176951039582491,7.1256778300739825,6.560908902902156,0.0523061859421432,6.508602716960013,0.0,16.816418707143832,2.4565192870172203,31.263806844685178,0.0,955.9396569085243,329.6558599118568,438.1709134478808,101.31867960489171,125.2427511097693
232,83,0.0,-17.900862602003446,-0.5965769899717291,-0.9477453467317252,0.1199150232416146,0.0069076307117938995,11.132521631196141,10.39042941480875,0.07266934774816036,10.31776006706059,0.0,16.494346933572253,2.6287952428768837,37.476899673867194,0.0,1343.4606280296728,361.6081333238687,484.145752642681,137.78674421784976,118.58149612743458
233,85,0.0,-18.010100815181705,-0.6804610028062975,-0.963685960486701,0.12740387889141233,0.0070258453488349915,8.790986103005707,8.073340167757124,0.07390305167064071,7.999437116086483,0.0,24.24962417184868,2.2176973245213856,39.48942317779638,0.0,1376.1160731719406,383.83012179274345,513.851834810627,135.93589841978428,62.96663529586594
234,90,0.0,-18.013182908977225,-0.622945501096732,-1.0653558639387408,0.13347255843647735,0.027871834114193916,10.403894040267915,9.635417620185763,0.07685072906315327,9.55856689112261,0.0,14.918095557335441,4.197467412853851,36.955719433588435,0.0,1457.6779208236076,402.54260805391334,538.1675044538591,142.21337751333013,138.21147375807362
235,720,33.85492925752903,-10.719832035606348,-3.486893476530062,-3.462435762062384,0.901492533863371,0.006957706063985825,44.39127576490864,40.033163622953,0.6054626042023301,39.42770101875067,0.0,42.23740381450304,17.309105797678097,38.10414736235225,16.10596524309615,11590.083039600962,2509.3791693568464,3642.5145539642263,1281.991535076244,259.6021728695236
236,96,0.0,-17.97650041072856,-0.5476823159483126,-1.253156386400827,0.13765788761148928,0.007094875443726778,11.602263638749719,10.769314046017826,0.08328346814960241,10.686030577868223,0.0,21.730326726558946,7.540006596589962,30.85931789493534,0.0,1558.8525728897737,422.6540255593246,555.8148542765372,171.87354785281894,55.513508432442315
237,66,0.0,-17.983034892496704,-0.43226209319618997,-0.8052133133448807,0.09244450967106134,0.007003416307270527,9.149410916026682,8.514110641088337,0.057671894785016775,8.45643874630332,0.0,7.460022116306178,1.723442440870486,33.19412986236877,0.0,1069.3574487420947,281.7051861944854,373.1568325741543,117.00903824563751,33.46654805847745
238,97,0.0,-17.926949000280928,-0.59588911926096,-1.3007543336480158,0.12137712874897555,0.013927347958087921,11.734477819874883,10.891349538229406,0.08461152855306864,10.806738009676337,0.0,28.800941835815426,7.410877877196945,30.568495171870573,0.0,1578.079667895404,375.1953038666605,490.8252966540144,166.1944945511724,127.32126107762738
239,101,0.0,-17.982943248949475,-0.6608052421881233,-1.230477879601997,0.15072613439661178,0.01405151467770338,11.27196695888415,10.436810377985239,0.08705225260928273,10.349758125375956,0.0,24.6901167838845,5.457471086963453,38.1685134413064,0.0,1639.0638495882763,457.0588239848497,608.1300336494735,168.96945990864663,115.41036999049638
240,92,0.0,-17.949799473246927,-0.6369401462192262,-1.178107366685318,0.1189476412138591,0.013923220336437225,9.653672876767814,8.861334296874702,0.07941871089860797,8.781915585976094,0.0,27.22589913000883,5.363162831633974,34.25883816190793,0.0,1495.6818774976905,365.3089456716465,480.90186188301595,154.38110239063658,110.3498136335153
241,79,0.0,-17.948548787166246,-0.4771458563955052,-1.0062030681607932,0.1081446883015984,0.02083376795053482,10.616393044125289,9.899078249931335,0.06907934416085482,9.82999890577048,0.0,19.422290509276127,3.98407026059162,33.64367879553878,0.0,1283.2874357803396,330.15443435760693,436.6715235322671,152.68533996624603,92.96999086623687
242,65,0.0,-17.943382088624094,-0.4993091690588127,-0.7981100223532521,0.07146924796864015,0.014072933234274387,8.941988356877118,8.308748554904014,0.05680304812267423,8.25194550678134,0.0,8.521706170239572,1.217895945742658,32.7739688323132,0.0,1053.1908858774157,219.38960637957825,289.2375062418135,122.50594837975274,24.70370285782539
243,78,0.0,-17.892837337036543,-0.4746036151450444,-0.9865045368752523,0.0910177419606095,0.013981601223349571,9.84558118134737,9.128806774970144,0.06782429944723845,9.060982475522906,0.0,22.83799228798123,3.261959705481038,34.21158957097374,0.0,1266.9013051754532,277.762732585525,367.6576446839099,137.48103731095958,108.16313039155766
244,87,0.0,-17.79060642018372,-0.6828393184912265,-1.0103723154107767,0.08486317637395711,0.027645451948046684,9.680792673956603,8.960489119868726,0.07496554916724563,8.88552357070148,0.0,23.53943959038006,2.64578647273659,36.59971414116798,0.0,1408.054555623133,260.0652590815764,343.4536280631169,132.93402540177624,103.22350346218961
245,165,0.0,-17.65168016967408,-1.0595494547592266,-1.9232924635839006,0.20876250417907924,0.000112843670649454,14.340178646147251,13.167101519182324,0.13989605708047748,13.027205462101847,0.0,30.60421195600655,9.131450470556185,38.66005863097936,0.0,2671.375509838679,635.8143495986851,844.7803655135103,295.45450053234515,89.96982126849296
246,65,0.0,-18.12135827631261,-0.4873476071195259,-0.7969138591271303,0.09667631964295731,0.014088096097111702,8.741395289078355,8.11910764221102,0.05600172420963645,8.063105918001384,0.0,15.051905090803746,2.1752506718550135,31.97842855277836,0.0,1053.256652809529,294.24667138462326,390.4264946872174,118.95969155479915,95.20627037483986
247,63,0.0,-18.059012679454813,-0.47798904698487354,-0.8217864194645964,0.0843738476285245,0.014062992297112942,8.217969801742584,7.5969872288405895,0.05417666072025895,7.542810568120331,0.0,9.38551305853796,1.4598794383031883,30.5105913630771,0.0,1023.7986049414656,258.4939269564995,340.4394018351415,121.79111832322188,153.00919207496503
248,96,0.0,-17.940474081071358,-0.6376743085798435,-1.1793431303286561,0.1419510434519053,0.013984395191073418,10.166808566078544,9.347428495064378,0.08201382076367736,9.2654146743007,0.0,27.106395809912573,6.74299269672147,32.982598623833475,0.0,1555.1341608036043,432.2382776765524,572.8990370426466,166.02647390869183,174.8488242107339
249,75,0.0,-18.023752215105183,-0.6004674174147617,-0.928774377501044,0.09909344836636633,0.006984759587794542,8.23979875817895,7.552162578795105,0.06415841914713383,7.488004159647971,0.0,20.398767245282333,3.084534121659125,33.42413782844141,0.0,1216.224210338227,300.85999418656667,399.9009746000127,123.1149658119414,99.81288885068399
250,67,0.0,-17.909893585573087,-0.5277846205631,-0.8129270721858594,0.07284352384986238,0.02093561366200447,8.316000191960484,7.686830825172365,0.05759702296927571,7.629233802203089,0.0,6.346771446565794,1.009016373372527,33.50869074535971,0.0,1085.4691238464798,224.22890904112617,295.1772292594294,127.77507909856622,125.56526483398042
251,83,0.0,-17.964417439489292,-0.518695258962473,-1.0007824992129026,0.13553893826631347,0.01387012843042612,8.539460689295083,7.85695375315845,0.07113038981333375,7.785823363345116,0.0,17.18140387695444,5.588900054969327,32.641376961699194,0.0,1344.58440678301,410.2717711781594,546.6882390481842,151.69970387859192,81.32905041779253
252,72,0.0,-17.99234437850676,-0.4826815730526764,-0.894051859728448,0.09802969103037089,0.007018318399786949,8.622237332630903,7.93266522185877,0.06184135703369975,7.87082386482507,0.0,18.418607996154954,3.548463383215955,32.278347369310076,0.0,1166.9027446574285,299.1241807564225,395.72507709421893,131.66027132815964,63.16870010149249
253,72,0.0,-18.040702488428032,-0.5109806363852487,-0.8957724710392277,0.12094147915012254,0.007004516664892435,8.495907664299011,7.812737132888287,0.06200757110491395,7.750729561783373,0.0,18.42115687959376,3.434508432570602,33.62681543484425,0.0,1167.6906880397585,365.9489695769714,487.66729322993115,113.1191723707028,119.99523078224917
254,110,0.0,-17.74519716796228,-0.7926557310400059,-1.2393225312776233,0.12202823690433111,0.02102269046008587,12.043460864108056,11.166978660970926,0.09392039058730006,11.073058270383626,0.0,25.781517945059626,4.777772731415131,39.83113281417056,0.0,1781.6248627609152,374.94458666221567,494.1954602410013,217.75185368797287,110.32342539597393
255,76,0.0,-18.032863536990998,-0.5152913016448925,-0.9289425536587556,0.12553613591825782,0.04861795902252197,8.585346070118248,7.893241074867547,0.06521080527454615,7.828030269593,0.0,16.505459609693606,3.6850265791796937,34.222407809733554,0.0,1231.5202443879161,378.4990137381007,506.1584061401068,136.62007543884636,164.49348101788564
256,81,0.0,-17.888350848450585,-0.4921882357138407,-0.9511224128054659,0.11226808408277089,8.522055577486753e-05,10.533741638995707,9.811749591957778,0.07016568351536989,9.741583908442408,0.0,21.664759178393492,2.6184711246463155,37.021287185428655,0.0,1312.2291550004222,339.4029802126137,452.64021872913986,142.41492480794747,78.96966014739529
257,115,0.0,-17.857152362523866,-0.8296715235738849,-1.3908924365239854,0.13014941345885436,0.00689748115837574,10.438691447954625,9.559737209696323,0.09816112695261836,9.461576082743704,0.0,27.630288974599853,6.1668078238990445,37.05967770453418,0.0,1863.7857267850034,401.1258856680056,527.0947981037868,218.01828962783816,27.657538380552953
258,83,0.0,-17.83190388590434,-0.5919493695376753,-0.9910559356200873,0.10298821529674432,0.013935096561908722,10.726728613954037,10.014893720857799,0.0720537812449038,9.942839939612895,0.0,19.721723858701708,2.9192711426669646,36.456974719049626,0.0,1344.6894318943782,310.6925448785092,415.6927457669815,113.06629177756129,163.07219042032844
259,85,0.0,-17.849950553075114,-0.5822542479888461,-0.9511653867293051,0.11764009367754413,0.006976512260735035,10.035503819119185,9.287373285740614,0.07319091586396098,9.214182369876653,0.0,14.43270362647798,2.3699594277040874,38.979215547871846,0.0,1375.0049878779246,355.91894871520105,475.3096828165008,150.9066740330234,67.93145420333718
260,100,0.0,-17.97257720221292,-0.6934955129557449,-1.207482883827017,0.14203577983778623,0.013803912326693535,10.058848564047366,9.233685825951397,0.08518067793920636,9.148505148012191,0.0,25.4717654300182,6.758147226948388,33.42557350993032,0.0,1618.301419349657,430.13604276571897,572.5077740624015,160.8924626467174,119.08651467429077
261,76,0.0,-18.039336389890526,-0.5916682798775018,-0.912920388609438,0.10312584899484971,9.323922859039158e-05,8.533989930991083,7.848537758924067,0.06505003245547414,7.783487726468593,0.0,12.424565925776715,2.8955924018211845,34.57693014659265,0.0,1231.4757292576026,312.5901775732472,416.4682358811214,135.10951537430807,55.95751637273445
262,86,0.0,-17.85338037143286,-0.5615316650913388,-0.9461290771705607,0.11612443615204099,0.00708260340616107,9.6574100041762,8.934413639828563,0.07377253798767924,8.860641101840883,0.0,15.768952705406122,2.0943726253508905,39.74879524810342,0.0,1390.3772116024759,352.169148197613,469.5905340018498,170.5399677208973,10.585610605185778
263,85,0.0,-18.004614991700233,-0.6871237380538635,-0.9620588885842828,0.12435080726724893,0.014103436842560768,10.912421694025397,10.163439453113824,0.07293523009866476,10.09050422301516,0.0,17.507979850186622,2.5362453744618914,38.329983651439505,0.0,1375.426265516135,373.76995600190975,501.42723927438607,154.93646217464376,183.96966660109558
264,72,0.0,-18.009824238164033,-0.5344716481200963,-0.8502997384290173,0.11617068461667458,0.007031704764813185,8.557696773204952,7.9117152681574225,0.06208364572376013,7.849631622433662,0.0,17.201255234529633,2.1197248462065543,35.29122682211283,0.0,1165.799211442365,349.1111760700077,467.9780654879436,113.97256327843071,188.75959935858617
265,172,0.0,-17.76106869659917,-1.0305372978707945,-2.0501168039063744,0.24041922323863585,0.00711226649582386,14.919486466795206,13.707146663218737,0.1460560392588377,13.561090623959899,0.0,32.12519640071891,9.998468012961249,37.52477059436,0.0,2784.6513033668966,735.0827554547734,972.6463427081903,324.60915185901706,184.4983761148973
266,126,0.0,-17.731789348899387,-0.6598860523241101,-1.688890142681435,0.1337197110494735,0.03496227785944939,14.673096381127834,13.675517790019512,0.10785307502374053,13.567664714995772,0.0,29.293683330142063,7.375811690633898,36.88974607422897,0.0,2056.7094686507357,414.9215223005863,541.5887016857712,216.5665783724186,71.41946832487078
267,185,0.0,-17.730391254928495,-1.1553808198775297,-2.195316216623356,0.25306526464073986,0.013888840563595295,16.556640975177288,15.239688588771969,0.1572483154013753,15.082440273370594,0.0,34.22322527534951,11.008276849486563,33.71452222782921,0.0,2989.299394177851,772.928238834121,1022.8791044306712,336.8555813898309,185.96828823265193
268,89,0.0,-17.804933375974883,-0.450439982255731,-1.062380342768471,0.15144090487645245,0.02768237702548504,12.282701821997762,11.49064175831154,0.07779291458427906,11.41284884372726,0.0,22.801686024874165,4.682020720897746,36.46712542744492,0.0,1441.477529026995,458.2345697024791,610.4073516803289,143.82787433869163,188.11856816814876
269,77,0.0,-18.05189292062727,-0.6236646770058679,-0.9100259673903199,0.10981560161210674,0.007005744613707066,8.098999931011349,7.4268900929018855,0.07007340667769313,7.356816686224192,0.0,7.05303313163486,2.0169965841590423,36.69323706087113,0.0,1247.6071071540907,330.25154880402965,442.7378596743288,147.27813461147062,70.78154903981981
270,68,0.0,-17.954939855275892,-0.4193647341301865,-0.826726286317415,0.09759978935068106,0.006907171569764614,9.567372118588537,8.90173386503011,0.0632410179823637,8.838492847047746,0.0,20.50296092228775,1.776795337655561,34.57586323520261,0.0,1102.3580259016048,297.4349218929955,394.33552422329115,135.93382375299987,107.6487154309381
271,68,0.0,-17.734395306658357,-0.2614170225400429,-0.804471335250913,0.09060453812980111,0.020637445151805878,10.073852034285665,9.429327600169927,0.06253448827192187,9.366793111898005,0.0,13.752935550225487,0.8906028568684937,35.084476436194024,0.0,1101.0637738732264,277.45468316104706,366.1836799262867,119.08790524040741,40.66178531972887
272,91,0.0,-17.910664522278587,-0.7211244353741675,-1.0510010639981378,0.10928222126830237,0.02054319716989994,10.766371347941458,10.007954142056406,0.0827448726631701,9.925209269393235,0.0,17.142954344799005,2.5566496161843677,39.61459690226464,0.0,1474.1376688324335,333.15556463625614,442.73336115967845,178.5363950056241,95.25406749099882
273,720,41.95807035377281,-10.634014165782327,-3.6364101643220077,-3.746670124207503,0.8152008203780818,0.007025448139756918,43.97095996001735,39.60535849677399,0.6171883242204785,38.98817017255351,0.0,42.259883475607175,17.36700553509078,36.86752160081277,15.747809366598267,11593.287376865968,2273.1155966825672,3297.6940204092575,1262.74916373616,224.4889358563036
274,88,0.0,-17.97939264520347,-0.5818050993722065,-1.1371713555040577,0.10168892641533071,0.006988737266510725,10.88679217826575,10.107946466654539,0.07654140749946237,10.031405059155077,0.0,21.926253211093307,4.9281836857366335,33.029664647181036,0.0,1429.7127812063572,313.3773404298244,411.5117861468143,160.07331649546055,38.46865815030186
275,108,0.0,-17.83149017479927,-0.7339994373547999,-1.2779137550345943,0.13495918256821188,0.04824144393205643,12.552463747095317,11.668518096208572,0.09413420874625444,11.574383887462318,0.0,26.909625833420314,5.742831350414559,37.61144615039126,0.0,1749.0878477269848,412.28005475866263,546.0815180240533,201.54788919103396,82.47203464507933
276,110,0.0,-17.971420113573693,-0.8321580197541243,-1.3004071252227747,0.14501518656011256,0.013769412413239479,9.912099121138453,9.050835717003793,0.09484171215444803,8.955994004849344,0.0,25.248871407829423,5.614721203104819,38.676629457085255,0.0,1783.4590110326762,445.79281068230785,586.5267448242281,181.6740872091666,77.60552717527352
277,75,0.0,-18.0840152840727,-0.5346702905738286,-0.9515745967085667,0.11049869361304102,0.006966379005461931,8.46177748311311,7.773867595009506,0.06529241148382425,7.7085751835256815,0.0,21.092603899773966,3.6438128598591506,33.19069073686363,0.0,1217.9072723385184,338.8533275490522,446.74328929670696,147.15521619194516,53.9436157400989
278,82,0.0,-17.86193306604246,-0.6145685267186995,-0.9782379986485428,0.07878892287597145,0.013853569515049458,10.266156177967787,9.514550674241036,0.07182946428656578,9.44272120995447,0.0,9.122447018902662,3.1241837365661884,34.36331514275185,0.0,1328.1973255044038,241.43180050377669,318.60148917052567,146.48890251154296,153.00079897459293
279,71,0.0,-18.040784010651038,-0.5062436849743622,-0.9024891006548728,0.10468813640902276,0.00012410552881192416,8.285563305951655,7.647204596083611,0.06198571575805545,7.585218880325556,0.0,20.328542387488724,4.6755048050588925,30.85519993067639,0.0,1152.074761264094,319.9213214458178,422.4820283999873,123.2662837124299,145.63110170369657
280,80,0.0,-17.86467823611485,-0.5591335179367415,-0.9340875852420316,0.09579129555555328,0.020660800859332085,10.815191055182368,10.083290869370103,0.06959993345662951,10.013690935913473,0.0,16.487804641301683,1.765991386413858,37.43292469699598,0.0,1295.7497413874776,293.11981119993663,387.0356678670063,119.35387270869542,97.18185146519197
281,80,0.0,-18.03985510806254,-0.5840866024154693,-0.9734596645260126,0.10333440084133819,0.000193439656868577,9.455434002913535,8.742973587010056,0.06918758945539594,8.67378599755466,0.0,15.762410382342374,3.5137426169752475,34.437013671115466,0.0,1296.1227274942653,315.60530047879644,417.97809708563307,146.43467071403114,130.40535359670884
282,82,0.0,-18.188737266060617,-0.5760012567283284,-0.9854676732585351,0.14861527848768918,0.00013912527356296778,10.93498565396294,10.176842876244336,0.07167077530175447,10.105172100942582,0.0,26.531451223968503,4.637106820003473,35.428412473175655,0.0,1328.4973580402361,449.29707689716804,599.729224769617,156.55534366128452,59.55368646789275
283,57,0.0,-18.30515480275138,-0.38460348486185547,-0.7083905522297915,0.14381094208751263,0.00011735664156731218,9.138946074061096,8.512100509833544,0.05044273426756263,8.461657775565982,0.0,14.904890957260985,1.8250367191158123,33.65588410929248,0.0,924.2540930422532,430.91635617418797,578.8993400170029,101.58120836673022,237.41342079680967
284,58,0.0,-18.014180639652746,-0.2598416690114975,-0.7559859507695671,0.1022154600469566,0.006939741317182779,7.2120688748545945,6.6427399520762265,0.050978688057512045,6.591761264018714,0.0,14.035904673668236,3.152598761110688,30.032489431173016,0.0,942.1058172531377,311.33915068543826,412.3853212350231,98.8982081097497,102.27251162717491
285,77,0.0,-17.980741941903567,-0.5211297968540243,-0.8944611703308896,0.1133564176070664,0.00011806793918367475,9.528362378012389,8.831564635969698,0.06782259652391076,8.763742039445788,0.0,14.55090107688887,2.2054005025228185,36.50798338625844,0.0,1246.393284212849,343.9811712921572,457.94581792270617,141.09573214564702,58.97290816752025
286,74,0.0,-18.0343261389235,-0.5118279990051917,-0.9333428714662952,0.10381789386969256,0.00010965639376081526,7.947849249001592,7.291181860025972,0.06480113277211785,7.226380727253854,0.0,12.093453015128594,3.9791018824578206,31.06953797346747,0.0,1200.2554481916839,316.6027073048159,419.00351497949265,124.17130041129192,62.405823656872684
287,66,0.0,-18.045244205893688,-0.5271134550337836,-0.8362543440199641,0.07473613670595665,0.020968731492757797,7.315930946264416,6.693495349027216,0.057686248794198036,6.635809100233018,0.0,14.354543775555959,2.23018544231734,31.407481797874937,0.0,1070.8667930494964,230.4698885611878,302.7692276965754,122.36965172271739,21.31125025434853
288,60,0.0,-17.84289635047592,-0.3652004771236445,-0.7556130495542946,0.06396186119192286,0.006965871900320053,9.697182999923825,9.113018312025815,0.05334064830094576,9.05967766372487,0.0,4.9795940103440355,0.6768200361357489,31.251136110434548,0.0,972.9543415588438,197.90805220404764,259.03636878290445,104.79934434764137,71.30806630199535
289,113,0.0,-17.933344129135772,-0.8300458474994656,-1.339921403980692,0.13745409599380926,0.013797718100249767,11.847725527826697,10.947524962946773,0.09819120168685913,10.849333761259913,0.0,26.377969274329672,4.92138674778644,39.53774266639562,0.0,1834.1589683554823,415.7082008090499,554.4751696888809,181.36385990882712,140.11561865211834
290,95,0.0,-18.015358608281293,-0.7593333996323958,-1.1088213339979434,0.12421019347914708,0.020619556307792664,9.157834821846336,8.421682823915035,0.08262273063883185,8.339060093276203,0.0,25.086363933214063,3.77794595312938,38.316179770286496,0.0,1538.3307424611062,377.57540877317314,502.4448998229534,158.2347882090521,208.2073167776216
291,90,0.0,-17.904955483353334,-0.5830915787274497,-1.0691188588896448,0.11759411957100131,0.020251931622624397,11.225256494246423,10.448476044926792,0.07806360954418778,10.370412435382605,0.0,21.94190489921776,3.8806230797791432,36.66063705968113,0.0,1456.8917893426794,356.8397305882283,475.3669433358396,176.81793441318618,140.24623861817554
292,143,0.0,-17.86808330119635,-0.9166329173624819,-1.799642045545248,0.1703000684518302,0.007113595958799124,13.253490393981338,12.199073681142181,0.12169150309637189,12.07738217804581,0.0,31.18879161458254,7.972955251038662,39.54248355113133,0.0,2326.4266874125638,523.5258028092625,688.9245263089251,251.34719059938567,92.13649775445693
293,77,0.0,-17.98973968553174,-0.5498791269931871,-0.9104919356292464,0.1145741610191698,0.0001113332255044952,10.402655460871756,9.686734518036246,0.06686675921082497,9.619867758825421,0.0,16.435167373643946,2.367760660488789,36.36180835090303,0.0,1247.1311351860616,348.49461830579287,463.09624290985676,124.72213014216709,41.26239118848397
294,86,0.0,-17.98584583301915,-0.6224588200534914,-0.9711324937367657,0.1379291311404084,0.013499051332473755,12.57508480688557,11.790319565683603,0.07450582552701235,11.715813740156591,0.0,17.286351067230058,2.5570928105600155,39.65122929048764,0.0,1391.6671997317064,413.8756101600113,556.0246763779808,146.5527354835429,57.441688107973675
295,93,0.0,-18.032803087572724,-0.6361519846842857,-1.1340267106728321,0.1456703291358348,0.020609427243471146,10.738142048940063,9.958358249161392,0.0803677556104958,9.877990493550897,0.0,23.09626711884779,4.787284628104915,37.190985432052706,0.0,1508.742516894633,446.1486143271576,588.3924812761588,167.5487163931876,78.81898511126965
296,70,0.0,-17.946694159179568,-0.4351639770440454,-0.8329602861367124,0.10887804024386133,0.01337120309472084,11.153909298125654,10.469349885825068,0.061660720966756344,10.407689164858311,0.0,12.308026857385405,1.0765627733925207,35.99583107248825,0.0,1133.7600122323752,328.0312290329718,439.09000181400484,115.59419038465902,78.1189247600874
297,110,0.0,-17.979794739033412,-0.7104424361866823,-1.334453261801802,0.1523918638479493,0.006968458648771048,11.784621267113835,10.912278212141246,0.0946643054485321,10.817613906692713,0.0,28.14759576667046,6.671386994509187,36.11145956727052,0.0,1781.9426264918484,465.2020381990406,615.8900704602447,187.81150364010554,142.91960932689358
298,81,0.0,-18.035777977914574,-0.6669826444271978,-0.9663797004489635,0.10425437903620953,0.0069792550057172775,9.639132279437035,8.926549357827753,0.07082478515803814,8.855724572669715,0.0,20.995961931276867,2.489719122290469,36.66539844653045,0.0,1312.5867757363471,315.5169403028816,420.94483754615396,156.34805824771732,75.75401796114579
299,78,0.0,-18.012110027474293,-0.5222851835608296,-0.9733128491915766,0.12383895649785208,0.020524289458990097,9.617460567038506,8.928029846865684,0.06725387321785092,8.860775973647833,0.0,17.26921815878525,5.563313461438093,31.168683656617386,0.0,1264.468602814216,376.5882399552017,500.02514671435284,140.45580531034273,209.2398883998537
300,87,0.0,-18.066795651675953,-0.5633971329064741,-1.074918120584461,0.13684252336746994,0.006987390574067831,9.990346698090434,9.26787690538913,0.07549451291561127,9.192382392473519,0.0,16.101547091049596,4.826738849318557,34.923317017736835,0.0,1411.3861894704496,414.8092324870583,551.7589208679723,146.3048885688644,105.66985607537858
301,94,0.0,-18.03099166373285,-0.7042804863115734,-1.123876963746432,0.13789732560969994,0.007000400219112635,11.43223700672388,10.643363811075687,0.08140064170584083,10.561963169369847,0.0,28.160499832595097,4.668919890181905,37.355107091201155,0.0,1523.341833334994,417.84614706144777,556.5673104141316,171.5763562604586,199.90029127788807
302,720,32.108218395565956,-10.311262633947676,-3.5553395384385147,-3.5043170011799503,0.8528434469839262,0.006928866729140282,44.501054361928254,40.14637813484296,0.6065339199267328,39.53984421491623,0.0,42.231907841545414,16.97917600374114,35.51389876839741,21.597435417081137,11582.888224446438,2383.5736307505204,3450.2528331753374,1281.0098536106043,217.60104606515802
303,101,0.0,-17.904988265937344,-0.7587522898155883,-1.183393785002682,0.13683267550478062,0.012195547111332417,11.235806791111827,10.416461065877229,0.08758488856256008,10.328876177314669,0.0,20.903580210711386,4.914900295669418,38.195017644425484,0.0,1636.6024514056764,415.39452008827425,552.4878895473712,175.88449279382434,146.19566403419728
304,104,0.0,-18.044979714545363,-0.626290349705908,-1.2869374020740296,0.18913276198945722,9.648744890000671e-05,10.40924918372184,9.544512300752103,0.08965023327618837,9.454862067475915,0.0,24.322053110893382,8.13253640811242,32.99260423147178,0.0,1684.4922120584615,573.1197513951784,762.1411822697328,172.18449466786458,70.52095460489207
305,81,0.0,-18.00621580007852,-0.6150301566714961,-1.0314904771709283,0.09564835302200399,0.01386070717126131,8.279261962976307,7.579215589910746,0.06974259531125426,7.509472994599491,0.0,20.02955829466974,4.792169056177742,31.725565359464113,0.0,1314.4900023943428,295.00632742735786,387.10776832504393,135.8581505401982,55.53692693987292
306,88,0.0,-17.645302292214808,-0.461373020873668,-0.9924575894819456,0.11254414410322972,0.006996075622737408,11.92329404503107,11.139722128864378,0.07662366470322013,11.063098464161158,0.0,15.409664374157742,2.292283898297283,39.69903103950354,0.0,1424.0321033328469,341.9341242032946,454.60347693323115,168.63879673761545,168.89027724498925
307,99,0.0,-17.902688266115423,-0.7487354639526083,-1.2087577676596788,0.10848334483758625,0.02071566879749298,11.355175524018705,10.534517833031714,0.08543480606749654,10.449083026964217,0.0,24.697855631794415,4.836795671961931,36.204013484861655,0.0,1605.7202496314017,333.3171261104653,439.07842295206643,188.44894108766417,27.313657162311817
308,74,0.0,-18.037073319573185,-0.6015357239917123,-0.9520100060673911,0.08421370244492005,0.006924630608409643,9.691363362129778,9.016554365865886,0.06427745474502444,8.952276911120862,0.0,22.015970253427426,4.355494906072923,30.06346002388231,0.0,1200.71442431055,258.61803281021463,339.91821278866735,121.29205022759008,64.58953144261855
309,104,0.0,-17.835082266169064,-0.7211414027755658,-1.1606494139556505,0.13034151050059758,0.03432938829064369,12.32017690781504,11.455371011979878,0.08996111759915948,11.365409894380718,0.0,22.571856910971903,5.123236698123777,37.036998221804915,0.0,1682.9194493492796,395.42404221166083,527.1060219044541,197.86238005283244,17.676884706173492
310,83,0.0,-17.87150304909488,-0.5429144615461403,-0.9599437438143791,0.11068619746538484,0.00014597340486943722,10.092715448699892,9.3747552302666,0.07168187806382775,9.303073352202773,0.0,9.047215567294778,2.332997808324347,37.706730139796676,0.0,1344.4329058926608,335.7202228326928,447.03080956944854,147.1537540752482,109.20868606748968
311,107,0.0,-17.906715875293553,-0.7620892381031542,-1.2983901933279718,0.1428868783988366,0.013710994273424149,11.543963683769107,10.68824137467891,0.0924323508515954,10.595809023827314,0.0,27.711579458962095,5.739760715320943,37.50550176923307,0.0,1735.4365820997816,434.2553008862024,577.0464935483851,193.0284570661304,138.24774099936423
312,84,0.0,-18.07434412176431,-0.5545803330755602,-1.1247272996442477,0.13166826946724505,0.007018659729510546,9.527692845091224,8.779151368886232,0.07303504226729274,8.70611632661894,0.0,23.878937754590876,7.052542174493805,30.650641313065556,0.0,1367.4771690562413,404.83636732771095,531.4999611270231,147.38121546376377,46.980382465901435
313,86,0.0,-18.15942979032893,-0.6572388991406407,-1.0621583730327244,0.1650303337930205,0.02757168561220169,10.860990718007088,10.126965926028788,0.07481337804347277,10.052152547985315,0.0,27.896365151210336,5.258868272744647,36.14225767804412,0.0,1396.153146302245,499.9760022564755,665.2831909584753,143.57340097214166,106.73046830297409
314,114,0.0,-17.909921990686716,-0.7364743849277279,-1.301994340806793,0.19212966776820622,0.0069205560721457005,10.855546096805483,9.938040263950825,0.09833609964698553,9.83970416430384,0.0,24.538067657301955,7.231019039612111,37.30394172183523,0.0,1843.3550994011837,578.1393415904818,775.4877195142681,202.24220471588805,177.8213081100515
315,85,0.0,-17.87221727001445,-0.5898728224479438,-1.0300420256176421,0.10057778611794364,0.020649544894695282,8.646006317343563,7.909372832160443,0.07366459676995873,7.835708235390484,0.0,12.914193367467572,4.450577524171778,33.293382499000565,0.0,1376.4945608429316,307.75656364729525,406.45915369400245,161.58559933630235,154.87502793083334
316,78,0.0,-17.998686364867595,-0.6136093087868875,-0.9519792851696196,0.09605530216325137,0.0072465562261641026,8.71337060071528,8.022652555722743,0.06817752867937088,7.954475027043372,0.0,18.616923547832517,3.4109891859176535,34.04348393536229,0.0,1263.7504249073484,292.5750734769353,387.33729695970777,124.22111955493504,53.96886404124771
317,68,0.0,-18.03486945477493,-0.5697831262374344,-0.8008303890450531,0.09649121468115203,0.006895006634294987,8.438453200273216,7.797451692633331,0.05959254456683993,7.737859148066491,0.0,8.392556224177108,1.2130124720973599,35.10642048576398,0.0,1100.8715344928128,292.2559423455255,389.6298142867731,111.41826963615623,90.83906937882058
318,94,0.0,-18.051172670468855,-0.6905171256438872,-1.0748057731398286,0.15785502560694212,0.027645383030176163,11.172303655184805,10.370371856726706,0.08201430877670646,10.28835754795,0.0,20.3053216425147,4.273230675807625,39.1183669062174,0.0,1521.386695386791,476.5294879675889,637.0094667473065,161.4596018480752,256.2463592044511
319,94,0.0,-17.85064767460255,-0.5967225990448666,-1.1076632234816377,0.11912195418078333,0.0001057557383319363,11.934355502016842,11.124318878166378,0.08237373549491167,11.041945142671466,0.0,21.67126157018585,4.492225211934078,36.295484469363096,0.0,1520.463044162347,362.9953279285567,481.0870726575153,153.5005274050499,70.17844531768445
320,89,0.0,-17.879387684108192,-0.6712027918541263,-1.080297409296684,0.09281423117622499,0.01381633523851633,10.529497469775379,9.760161202866584,0.07873983774334192,9.681421365123242,0.0,26.105730352490248,3.9203963055438806,35.1637544712527,0.0,1443.5659673959562,286.21813075316743,375.64818624256554,151.24677624246092,89.70177444788742
321,88,0.0,-18.02136972453773,-0.5737159003551128,-1.051429395236708,0.13726908126791354,0.00011411924788262695,8.341823231894523,7.5906046400778,0.07722375495359302,7.5133808851242065,0.0,27.362263105920498,4.625569247889087,36.276992458056526,0.0,1425.0224247277683,417.606281324344,554.2665724684005,155.18563529520475,73.92758201669261
322,60,0.0,-18.016582943746812,-0.45889098571815734,-0.7593358632935149,0.0787096143604723,0.020754363387823105,9.87162169534713,9.269527068827301,0.05403492972254753,9.215492139104754,0.0,12.643863156902489,1.4392065297660368,30.92024728141557,0.0,973.0845571082842,241.78425793598302,318.0532291978385,101.94752435672831,146.56549201883365
323,720,52.49302490030392,-8.59955470991033,-2.921017633364614,-2.0655592108855845,0.8584230587873671,0.013846157118678093,45.44933732971549,41.04427462304011,0.6151515846140683,40.42912303842604,0.0,42.25129332946829,20.373221189303802,39.02309447613094,19.77934748974628,11583.584994556131,2256.0665366100166,3471.8308711995574,1320.3640701271665,151.37262027196533
324,84,0.0,-17.914754596648717,-0.6434679029347417,-0.9711313578692136,0.09834681610357567,9.565519576426595e-05,9.70176427392289,8.963662174064666,0.07311427872627974,8.890547895338386,0.0,13.333432367227779,2.559763601576066,37.15316854736072,0.0,1359.7289060033188,300.75063372783444,397.8992030182718,136.5218872958112,2.1037530167907543
325,75,0.0,-17.94468161446503,-0.5030239575709005,-0.8646470808971473,0.11193795630576958,0.020737912505865097,8.817169342190027,8.155582620296627,0.06539721600711346,8.090185404289514,0.0,14.057171352613485,3.397355795762023,34.03665944926687,0.0,1213.044178537662,339.34308544975795,451.81194261273333,118.81982935765471,178.2516309199881
326,76,0.0,-17.987208467387543,-0.5155415889673247,-0.8861715217085102,0.1198712399599787,0.013622558675706387,8.523838384076953,7.869381268043071,0.06619479227811098,7.80318647576496,0.0,18.358793474351543,3.15858830789842,35.46822312153782,0.0,1230.0138574390778,363.65469446771976,484.77226779427417,141.84026250226373,109.1165000357101
327,178,0.0,-17.669079623504608,-1.137043924586374,-2.2759345125892194,0.18501799465066507,0.0070675332099199295,16.708315797150135,15.443080653902143,0.15176112297922373,15.29131953092292,0.0,34.13517220873531,9.250064242798251,39.65813264380879,0.0,2897.5513906334195,573.0714382289905,749.662557180626,322.2198817876299,125.05552786190745
328,122,0.0,-17.880593789090813,-0.8475321886525194,-1.4494077873177806,0.15867123863298888,0.013826866634190083,12.5268847476691,11.582526477985084,0.10391721874475479,11.47860925924033,0.0,25.713430641671298,6.5592829617929125,38.32066885352843,0.0,1976.2036007228264,485.79809275655833,641.091616859263,184.10823114109886,152.9652724506461
329,242,0.0,-17.632492633395437,-1.4037889284132026,-3.1966371354356062,0.3093306707516926,0.00687499949708581,18.88232090184465,17.236360571347177,0.2058922084979713,17.030468362849206,0.0,39.89049024207793,11.892560150756252,36.57809101559487,0.0,3935.190808499644,953.7701430148933,1250.2984254962685,438.4757004564298,179.73658430905562
330,720,36.96483123136347,-11.993010349936672,-3.782071204152649,-5.0705939988635516,0.7983415347739492,9.727894212119281e-05,47.82441014191136,43.43634932907298,0.6068168045021594,42.82953252457082,0.0,42.26110305816587,17.214299343980066,35.07041911504756,9.571785628910675,11636.554903345093,2284.7566073001385,3231.274104417253,1204.5921270854349,448.1964644145881
331,67,0.0,-17.88663952340424,-0.4126836428191314,-0.8394327539348405,0.07880134386514204,0.007194771897047758,8.056202467065305,7.431246745865792,0.05745073826983571,7.373796007595956,0.0,15.379806752864136,3.011603572587248,30.79193422867217,0.0,1086.4949894888282,241.01431325758642,318.6041561059623,123.67337562090329,137.862825753371
332,118,0.0,-17.810810254697518,-0.8585664455546234,-1.3664287576789707,0.1368912337457418,0.013711608946323395,11.445285827852786,10.550495514180511,0.10060426779091358,10.449891246389598,0.0,21.111608326580942,6.035828899688568,38.81877185589159,0.0,1913.4481582362796,415.56611088003456,553.8911958524,186.87353904564196,141.3664716001949
333,147,0.0,-17.629721533327235,-0.9082632708737592,-1.7154380935265396,0.17828268730955613,0.020759878680109978,15.294795976020396,14.189836099278182,0.12605908466503024,14.063777014613152,0.0,27.496604647118367,9.114615106436172,34.47505253198491,0.0,2376.5092538359245,546.2762048951965,721.4159962546416,260.68950419144943,48.4856192522385
334,68,0.0,-18.131965000054254,-0.5485662176709586,-0.8105230108903404,0.09488346615846116,0.000122678407933563,9.82287598727271,9.143100884743035,0.05951366387307644,9.083587220869958,0.0,9.710875110280789,1.7231649862654046,34.11540657656261,0.0,1101.087699342939,288.1875890245026,382.98665222866634,117.6393281456733,128.56751415894
335,113,0.0,-17.71934840157822,-0.823321986732975,-1.330478949660626,0.11089771433685863,6.988707900745794e-05,12.597736292053014,11.686884401831776,0.0974484859034419,11.589435915928334,0.0,31.705396684892055,5.249796826254311,38.75743027235826,0.0,1829.385256008918,343.1197852043834,449.48254151802433,208.94164313822756,57.04165862888361
336,128,0.0,-17.605579715187933,-0.8759767047994929,-1.3670724041563989,0.14153035174720105,0.0069803218357264996,13.12509694788605,12.13272802112624,0.11012626485899091,12.02260175626725,0.0,21.407064852893978,6.390027323398603,39.546861208062964,0.0,2068.2903298773704,431.8902572213158,573.7356919641234,233.7554212045491,25.05681708389596
337,69,0.0,-17.992955306029636,-0.5243959247025356,-0.8291880751629553,0.10063755404876086,0.02047087624669075,8.69283150928095,8.037180356215686,0.06081349076703191,7.976366865448654,0.0,10.344363920627892,1.5764223830105835,34.89341235767368,0.0,1118.0764715194473,303.4597815691196,405.41524118748634,113.45202809571343,134.49776514431252
338,720,49.14325564137232,-9.121325177512668,-2.9474106313438986,-2.7067291138839544,0.8163842780888725,0.02058488130569458,45.22219841834158,40.87296890001744,0.6076542064547539,40.265314693562686,0.0,42.26374047637467,20.883092124317358,38.97174659377904,14.797381003886612,11592.940222524543,2183.012339620681,3303.0034043151263,1283.7173620336753,131.75610445309022
339,62,0.0,-18.016874969547473,-0.4249866488425705,-0.7848796624908998,0.09022007968694079,0.007052469067275524,8.366538183763623,7.741184759885073,0.054573936853557825,7.686610823031515,0.0,15.880554962570244,2.3469803751039504,31.08056905568991,0.0,1005.263391021611,277.05369611049764,365.02218955233013,119.39937372233106,42.32562379303257
340,91,0.0,-18.049942326353662,-0.6162790789974926,-1.157494256488433,0.1133169514794869,0.034391455352306366,11.980105408933014,11.20270545873791,0.07918193051591516,11.123523528221995,0.0,25.287998735194442,5.936274611370557,32.8432828388841,0.0,1477.2338439924313,347.210171446352,457.79380613888236,157.46910907653597,57.55034720155028
341,93,0.0,-17.82107753325376,-0.6281073557102395,-1.0987690694791188,0.11072092016425546,0.006929654162377119,10.844158416613936,10.068547503091395,0.0797437340952456,9.98880376899615,0.0,28.33761491254565,4.335831398824755,36.5447039010434,0.0,1506.5285706731102,340.98090568394144,447.99518763806674,165.81258270207604,47.631237838370375
342,81,0.0,-17.723518387495446,-0.3874774744904073,-0.928702583976839,0.10706435794786968,0.013715986162424088,12.480640877969563,11.745047753676772,0.07073471369221807,11.674313039984554,0.0,22.438831778753656,1.5572391613124377,39.10907648473257,0.0,1311.271000036614,325.07183607195947,433.11315058234004,147.63607716692957,8.723699092211868
343,93,0.0,-17.928807157495807,-0.6939173911352671,-1.125994926153913,0.12487878064346795,0.013833613134920597,11.15797010017559,10.344340212177485,0.08004892384633422,10.264291288331151,0.0,27.495975291744575,4.534937223578959,36.15429093231997,0.0,1508.938340203665,381.5113115818782,504.49450534056,157.20898645768463,178.72163091934
344,71,0.0,-17.88894201607228,-0.4417931079149347,-0.8594466638988028,0.08747415102201853,0.006950803566724062,9.013340243138373,8.379734069574624,0.0616465313360095,8.318087538238615,0.0,6.617517615710226,0.9247715427852354,34.94627600372189,0.0,1151.1061103392249,266.0499804942839,353.6957630759328,125.28982106996783,35.9743647579745
345,77,0.0,-18.10347701698724,-0.5659570792158589,-0.9109931970432538,0.12142851469001492,0.02711615338921547,9.122068047057837,8.41902485722676,0.0671650250442326,8.351859832182527,0.0,20.362252470559103,2.290076049742808,36.98068618137823,0.0,1247.426561437485,368.26553989442726,490.1478666511559,131.45511871111043,68.20750298519752
346,720,53.46491938592861,-10.421792701425838,-3.3772347341151208,-3.91154151851848,0.7659001436301821,0.020634682849049568,40.959129290189594,36.591273012105376,0.6076700501143932,35.98360296199098,0.0,42.263321212883376,19.232017125075224,35.335061762881324,10.21638859272536,11625.103356081197,2116.2561071834484,3099.559412903908,1239.0884112023323,84.56580806864292
347,81,0.0,-17.963644807540863,-0.6150772723811301,-1.022363182075837,0.08997365454735277,0.00010526663390919566,11.697117328643799,10.96765232598409,0.07189622707664967,10.895756098907441,0.0,23.99877272094682,4.10035701848066,32.96753153755638,0.0,1314.761891219171,279.14450802554904,364.10110386728036,129.16365412582584,41.751776289330486
348,103,0.0,-17.998961196995506,-0.7234828506460107,-1.1945467769631968,0.16072600931305592,0.013714740052819252,10.350526872090995,9.546038094907999,0.08877765573561192,9.457260439172387,0.0,24.31958596426359,5.777666769880595,37.31314917863907,0.0,1666.143129720824,485.9295922217779,648.8171296790424,183.8496225931959,61.02086635018176
349,71,0.0,-17.940144925600016,-0.5262910813856044,-0.880503704765271,0.07745348492239648,0.03415226191282272,8.759983071126044,8.109948632773012,0.06264959974214435,8.047299033030868,0.0,23.172513109538684,3.1512112012406552,31.692739894931304,0.0,1151.5511910555988,238.33260782810643,312.86924138295234,114.2364983561057,117.02149475788195
350,85,0.0,-17.926237856555503,-0.6533815027189616,-1.0327850684308855,0.08767515077029547,0.013834908604621887,11.143536705058068,10.400804102886468,0.07339313346892595,10.327410969417542,0.0,17.534308996216765,3.34253586741093,34.73043714594083,0.0,1378.7544918649362,267.41451747776387,353.75641151901294,130.4721482000096,85.53619519243564
351,66,0.0,-17.884931462236416,-0.43722432113259935,-0.8132121937359086,0.0636666456571784,0.007011246867477894,9.165255296044052,8.533623575232923,0.059016095008701086,8.474607480224222,0.0,5.671184378695588,1.3434851159088084,32.11384851556293,0.0,1069.5720142831808,194.70920947725696,257.3402354651548,101.68695083082753,89.36266531533293
352,114,0.0,-17.911973893925882,-0.8268674625252465,-1.3947308256134479,0.14143758207215779,0.006952401716262102,12.811059473082423,11.916120514739305,0.09863170934841037,11.817488805390894,0.0,28.675665295007285,5.688034995595,39.377567583227105,0.0,1851.7661567303496,433.6021802789773,572.1873068144736,218.66770946924117,105.91898346524266
353,68,0.0,-17.92890391679593,-0.3899020352519631,-0.857430239078564,0.10672914597784468,0.013940179720520973,9.516972856130451,8.858370017260313,0.060118725057691336,8.798251292202622,0.0,20.991928488908954,3.848939000740227,31.68192894207817,0.0,1103.2023418392992,326.17035012450907,431.25017422283656,121.32824927245174,75.03736970317966
354,58,0.0,-18.068474527449176,-0.3922341920274655,-0.732089483919703,0.10369188970676363,9.201766806654632e-05,7.708734966814518,7.127832795027643,0.05112080043181777,7.076711994595826,0.0,10.651494188529902,1.9313854426037091,31.511142111835326,0.0,940.5703134579323,315.2437998727089,418.34770189793016,96.94711295024729,98.08198401054314
355,73,0.0,-17.872398608621534,-0.4703542663655904,-0.8896927660633949,0.07959137521386964,0.020646309480071068,8.780147839337587,8.129255711100996,0.06390111055225134,8.065354600548744,0.0,14.482042672273526,3.6915875966823033,31.018910771209068,0.0,1182.1536240658556,246.80554907194715,322.8478716889399,148.45755651492163,48.509078914178126
356,85,0.0,-18.0238303691898,-0.5482787372573094,-1.1387381346760348,0.13103155747586706,7.64473807066679e-05,9.351197438314557,8.637311500031501,0.07387069566175342,8.563440804369748,0.0,28.41919269194942,7.206034585171737,30.58769573504306,0.0,1383.6810133484764,403.05791413596495,529.2272759423482,145.73235167031893,144.97782121315103
357,86,0.0,-17.868015056404673,-0.5280027637819303,-1.059777517914965,0.11672037420835557,0.0477420836687088,9.547993519809097,8.79026484908536,0.07428517751395702,8.715979671571404,0.0,20.517661995002257,5.457028507017413,32.81310428985234,0.0,1393.1071128701572,355.2661229586402,470.9182905448929,155.16714100003716,114.31594966654362
358,94,0.0,-18.00633011930313,-0.7345811480576688,-1.0874617327397265,0.13413023441397795,0.012428540736436844,11.786590945906937,11.000365900807083,0.08064704295247793,10.919718857854605,0.0,25.96249822483013,4.682710652697253,36.69732615345852,0.0,1521.5782971646179,407.91001599673103,541.9517355218361,162.92290995271588,68.88462278429334
359,89,0.0,-17.906402023660327,-0.58945906595696,-1.0517968413068965,0.13840744774886157,0.013834843412041664,8.98951204167679,8.254821676760912,0.07583604799583554,8.178985628765076,0.0,21.586295252573894,4.493093586877543,36.935338806579374,0.0,1442.1302547502655,417.87684096572707,558.2054090137178,136.48803619802655,209.2788024732992
360,59,0.0,-17.9243861827796,-0.38473639496678846,-0.7468617771460825,0.07957921971903255,0.006800456438213587,8.452931854408234,7.863374473992735,0.05093946075066924,7.812435013242066,0.0,11.510626274118563,1.3244617309034308,30.878443596016673,0.0,957.1417531343897,243.52109641156787,321.624945443239,101.03654244246204,134.27266648904563
361,63,0.0,-18.015600094754497,-0.4666421606552091,-0.7962037220698918,0.08873496757717221,0.013822725042700768,8.281816392205656,7.691680840682238,0.05417183740064502,7.637509003281593,0.0,11.659337019019054,2.3478393178354473,31.11925437985363,0.0,1022.1029369338911,272.33747521283846,358.6205655539906,107.1423711754671,90.42442976396306
362,720,46.361933701073724,-9.975929291360762,-3.5689574310782644,-3.1955347589886935,0.8286544696161124,0.020594514906406403,41.92689070571214,37.5480916518718,0.6054465877823532,36.94264506408945,0.0,41.962092114822845,18.37158371190695,36.443247044227256,18.747312366877875,11585.611058622828,2273.5341530814785,3353.5672168284623,1256.9940257431124,422.3751598705618
363,105,0.0,-17.921563548538945,-0.7175600106019824,-1.2096654421846922,0.16589297748819365,0.00019830852397717535,12.769142248202115,11.890970655251294,0.08974641188979149,11.801224243361503,0.0,28.802363524146198,5.561903410189743,38.59020289380034,0.0,1700.9514396374543,499.01061778117725,669.5546394962053,187.00299993839968,146.53722369308593
364,119,0.0,-17.698280541194766,-0.8227240580129603,-1.3856885401770782,0.13804085434159136,0.0069113741628825665,12.134323315694928,11.21362016024068,0.1009259526617825,11.112694207578897,0.0,21.948397849977837,5.822774680809497,39.27274713635686,0.0,1927.1560027197118,420.1587434621695,557.3559451702189,162.98100837079707,221.9334854202955
365,80,0.0,-17.951089974432776,-0.6284884572343573,-0.9270371546422055,0.10423794021511884,0.0069145094603300095,9.900724047794938,9.175620583351701,0.06866582483053207,9.10695475852117,0.0,14.638901059412404,2.871136545964518,35.83493648900634,0.0,1295.5488169851933,316.62651495671884,421.50080711063225,148.9549988068895,109.62407646975984
366,60,0.0,-17.99078891095905,-0.3921527534960547,-0.7566363736166225,0.10451876000481805,0.013785768300294876,7.723366746213287,7.121030536014587,0.05145910894498229,7.069571427069604,0.0,21.853492068433873,3.1554367583978236,30.292091554865674,0.0,972.857463667076,316.55141587618675,420.97761201601253,87.09068644915358,185.71840963587346
367,83,0.0,-17.927536192021613,-0.6198389818628527,-0.9591329523246986,0.1273667880215782,0.013755496591329575,10.196255436167121,9.496314172632992,0.0712286657653749,9.425085506867617,0.0,21.70512695224856,3.878192495761104,35.69439479689392,0.0,1342.5827598970886,383.91951118746124,513.4733664974291,128.11366142804798,178.69699007323038
368,58,0.0,-17.939319547055188,-0.36898630121701625,-0.733313541091019,0.07758941143816256,0.006994284223765135,9.165614828001708,8.564037833828479,0.050534709356725216,8.513503124471754,0.0,14.868160094064244,1.0392019575823301,31.157954399125416,0.0,940.6649621410696,237.32826945902596,313.5615506213398,100.36200866120556,98.23735391650898
369,88,0.0,-17.88437243695495,-0.6604802226629926,-1.0514787338056015,0.09435955946034175,0.0001279660500586033,10.080772538203746,9.328287579584867,0.07556227035820484,9.252725309226662,0.0,17.314407708332077,4.225985462004019,34.43079836605337,0.0,1424.693475979898,288.82426378744435,381.8159233202327,151.8010028016099,82.82448227028327
370,93,0.0,-17.852433723770055,-0.6841771594778966,-1.062876082815242,0.10346656457754527,0.02066742442548275,14.113566801417619,13.299076886847615,0.08070993749424815,13.218366949353367,0.0,12.248710930471196,2.357203541003426,39.3866191832746,0.0,1505.7957763759937,316.43332233385763,419.19874599625524,171.90307602030043,18.321706820954322
371,62,0.0,-17.920010574470126,-0.28505845440660393,-0.7771935743291345,0.09323694288233587,0.027366934344172478,8.384088885039091,7.769522419665009,0.0545951658859849,7.714927253779024,0.0,11.5110069936627,1.8963660937827964,31.98292414171696,0.0,1005.6502110993123,285.4078400249628,376.5833389909952,107.46731533481811,12.877946869751987
372,81,0.0,-18.015027480423946,-0.5418793993062441,-0.9236082293385256,0.13209982518082009,0.020571604371070862,10.158272239845246,9.43853216432035,0.07134537911042571,9.367186785209924,0.0,12.286955512104004,2.3894063563875374,38.41578001281245,0.0,1310.6274933329507,397.69198901117795,532.1358758458572,130.7747461013872,115.05774373256094
373,62,0.0,-18.037099323826094,-0.4557312241912156,-0.7965113292923179,0.08317594813221757,0.027389230206608772,9.046631833072752,8.412239053752273,0.05489852325990796,8.357340530492365,0.0,16.419117012364843,1.8795633194244261,30.454737901227986,0.0,1006.214001543602,253.93021683702176,335.2791980775011,90.64827591495826,76.98165389687391
374,78,0.0,-17.784059382556727,-0.49297317427707005,-0.8855712616889362,0.097523602567677,0.02056894078850746,10.157341704238206,9.421375489793718,0.06872976524755359,9.352645724546164,0.0,10.312442150660491,2.0746524822121883,36.689081782627575,0.0,1261.7947643824245,298.0533171089455,394.60399794724685,119.18157694359383,60.88519030919384
375,100,0.0,-17.690844711587264,-0.7319851405972072,-1.104968122115892,0.0985321622935081,0.006992454640567303,11.205595513805747,10.371082303114235,0.08733567548915744,10.283746627625078,0.0,12.06802051657495,3.2981355080058417,39.743202804808604,0.0,1617.7576310146017,298.22277273983667,398.9594562602706,164.71266841097747,155.33098882218323
376,73,0.0,-18.015165441959407,-0.49694162220159316,-0.9189507188450093,0.1070000842133168,0.0001713133096927777,7.459790852852166,6.807115369942039,0.06419096374884248,6.742924406193197,0.0,19.464322063816685,4.501611311906393,31.66634649529862,0.0,1184.1797918636853,327.3103253895634,432.7298757491101,141.07733562045158,77.98565767628334
377,720,48.26920843129478,-10.753893045401652,-3.3851081139330987,-4.398770251055423,0.8154922987024288,0.006983100436627865,45.44623692892492,41.0805360279046,0.6082232263870537,40.472312801517546,0.0,42.23197786562996,18.330997153221137,35.43919876114181,8.773216591583708,11620.134133170177,2278.8955838747784,3301.321590520532,1260.4820116569872,224.6019829188833
378,68,0.0,-17.937493936683495,-0.4310638143837758,-0.8615056536175574,0.09504918332517459,0.020635150372982025,9.905551386997104,9.232779860962182,0.05941929342225194,9.17336056753993,0.0,12.321224407670833,3.019153669725683,31.858643882779493,0.0,1103.5861186299346,289.6059170906549,383.7780009987092,123.54454087236996,140.90575457962984
379,99,0.0,-17.861423909621152,-0.6247059152502923,-1.1867094871734145,0.13993434828540144,0.013749303296208382,11.369361568242311,10.563930967822671,0.08538328390568495,10.478547683916986,0.0,30.049252449874068,6.720104051665798,34.57155099631218,0.0,1604.6981654049948,426.52164583673743,564.8311214321162,175.66334714175784,177.8781916550404
380,160,0.0,-17.71727005395377,-1.0343457861137588,-1.9110922373967205,0.20227209337472457,0.027371780946850777,14.771095009986311,13.592197937890887,0.13717682287096977,13.455021115019917,0.0,31.165048403922036,8.548964988195975,39.93929900207766,0.0,2593.2584080756383,617.6685564366787,817.7537669145457,297.7993224033125,69.87028364349266
381,90,0.0,-17.662467415214632,-0.4989019480574838,-1.0865182014171446,0.10553254578483286,0.006939370650798082,13.442742098122835,12.642979925032705,0.07792283035814762,12.565057094674557,0.0,21.87121811264058,5.196737957866548,33.426812989216145,0.0,1458.6584823940316,321.8488778090544,426.09183110819004,151.54106440882262,62.92572893357811
382,76,0.0,-17.95241391563471,-0.5602335657888764,-0.9362238268222857,0.10704229028739938,0.013739860616624355,9.841825442388654,9.099083682987839,0.06570023857057095,9.033383444417268,0.0,22.915245461213544,4.274870041346836,32.69010734643932,0.0,1231.840267386634,325.6845388170526,431.6882429651925,125.81388756505739,181.09959436545202
383,107,0.0,-17.961033223193553,-0.6751488256306446,-1.30066846309166,0.16910836112558172,0.027443431317806244,14.10463291592896,13.239141158293933,0.09303762903437018,13.146103529259562,0.0,30.37423310122375,5.74217850205035,39.34312798263539,0.0,1736.610107310667,514.2338315243235,682.0914652817129,190.2312910357582,236.75358290114002
384,124,0.0,-17.862986479363578,-0.7614354452389467,-1.6043798719824571,0.16745980268399704,0.0136777488514781,11.900787992868572,10.944675841834396,0.10679894499480724,10.837876896839589,0.0,30.93783435433012,7.569143201507919,37.15124202097336,0.0,2019.28780806404,513.9332734647053,676.7113147321172,213.9682092451703,207.42033506860776
385,92,0.0,-17.75149877421812,-0.6641956945345148,-1.0471610821348847,0.09540558785149264,0.007252356968820095,11.635717214085162,10.852042881771922,0.07981592882424593,10.772226952947676,0.0,19.1683075218411,2.3553257497455418,39.71400947349171,0.0,1488.6841481164433,293.40643758331777,387.4664021853811,165.01335948375896,79.34801392162865
386,70,0.0,-17.9148939353094,-0.44619139358392,-0.8570398976302728,0.09917063815955755,0.013751477003097534,9.389554727822542,8.722727006301284,0.06207880424335599,8.660648202057928,0.0,21.83204759622697,1.6547706738165182,34.620418138866576,0.0,1134.8513399577334,301.86727930224487,400.98205322205075,117.22950697691228,53.84677029174806
387,62,0.0,-17.810384237046986,-0.3320776376860608,-0.7766024850380121,0.0679481208663187,0.006781874690204859,7.491496122907847,6.900939365848899,0.05457450868561864,6.84636485716328,0.0,12.574036978701056,1.7373581244597451,30.831145438679474,0.0,1005.1271686071292,210.1099208635574,274.9305756149455,100.56411749777514,78.73261581235911
388,87,0.0,-17.90386092941309,-0.6690234750951034,-0.9850950134505526,0.11184095148230748,0.00692611513659358,11.008877733256668,10.248541473876685,0.07603851333260536,10.17250296054408,0.0,26.104566992166585,1.8807608025256832,39.78687343853073,0.0,1408.4006992478096,341.5119252733444,452.0609098619481,148.90873326600942,43.00984029283473
389,720,46.97705009301945,-12.169451665686527,-3.5815720673246436,-5.002738554224616,0.9291863176676232,0.006838908419013023,44.204172681085765,39.73867457965389,0.6149120000191033,39.123762579634786,0.0,42.260377482197136,17.98075513331267,36.518906766326545,9.431109452087236,11616.856885801542,2654.621108179714,3756.4731115438517,1233.3745159574291,314.9557109832698
390,58,0.0,-18.04454037971095,-0.41498969403776914,-0.7265846218553675,0.09016834008979842,0.02034607343375683,7.297167864162475,6.708833584096283,0.05063684657216072,6.658196737524122,0.0,20.891071177263527,2.5714691752926075,30.032613764407706,0.0,939.8937031116874,275.32514965945154,363.6041930764106,97.89961966546376,66.56379704297883
391,76,0.0,-18.122068249754477,-0.506597312131467,-0.9644687909159758,0.1258183704886941,0.027152404189109802,7.93670343933627,7.259177601896226,0.06575324852019548,7.193424353376031,0.0,17.991787939107734,5.047920529981386,32.095394629197536,0.0,1233.0319642844909,381.33330350818466,507.52479249192794,121.4039889001774,127.57037939982943
392,95,0.0,-18.16346896287202,-0.5987161855797275,-1.2182239951376692,0.17434787435148766,0.027123481035232544,12.056034841574728,11.269414862152189,0.08211540430784225,11.187299457844347,0.0,25.667726883099984,7.137631274768567,34.13068296437697,0.0,1543.6924093287714,529.3620464920809,702.6532720650799,158.02910338060138,194.3468639708392
393,720,67.09760827381233,-9.171731107142278,-2.9045204564769227,-3.1923464508058723,0.7491747767638646,5.524597145267762e-05,39.79570386465639,35.40855700802058,0.6038010194897652,34.804755988530815,0.0,42.23404920319207,21.425340477280386,36.963829942458915,10.296851304312291,11610.529818393621,2044.9854047785748,3028.3958467101847,1241.8756770480597,248.32908482552327
394,84,0.0,-17.94608800688916,-0.6009741140494188,-1.0381831960478554,0.128365225428181,0.00687290308997035,10.201332292985171,9.459406329784542,0.0723860003054142,9.387020329479128,0.0,24.480564785909763,5.432576413511557,33.160739870585616,0.0,1361.4274169371108,391.48132570720196,517.6420588262038,135.09628466990318,97.91849088196972
395,72,0.0,-17.622047799122836,-0.3615674098740535,-0.8681096532596508,0.054672801184223324,0.00686953729018569,9.077738875057548,8.380926268175244,0.062206119298934937,8.31872014887631,0.0,1.9646316968694928,0.5028668507939575,34.79381806265683,0.0,1166.598322880574,168.96769644018735,222.2171877451349,123.07044824007612,75.20169023135942
396,59,0.0,-17.87066120132981,-0.38244716700291087,-0.7441190950117752,0.04940682309679511,7.121784437913448e-05,7.707131553906947,7.115865361876786,0.05075493082404137,7.065110431052744,0.0,3.3240729625703476,0.6882624894554071,30.161453717314714,0.0,956.4301608095012,152.0298378325936,199.76135129855237,93.04427990922805,18.999912019864052
397,105,0.0,-17.75822942076465,-0.7388394702239222,-1.212726137316103,0.1139209289124381,0.013655153103172779,13.638886713888496,12.760808754712343,0.08954327600076795,12.671265478711575,0.0,26.531665222297022,4.095748916102255,39.42106141804365,0.0,1699.6260125869846,347.2456103480342,460.32283560080475,154.3050559598212,160.4165947226
398,71,0.0,-17.834791229674096,-0.469288144599684,-0.8495679212265818,0.08803455334686744,0.006845150608569384,9.595332184806466,8.950482316315174,0.06083764182403684,8.889644674491137,0.0,20.591609372531757,1.6769745602212058,34.260285629997526,0.0,1149.9633364799638,267.9752387100393,355.36648101506245,75.8953758941775,90.43261394716805
399,87,0.0,-17.851516945096684,-0.5681222628653751,-0.9963201584597906,0.10812696471889212,0.013605330139398575,11.921561894007027,11.164069761056453,0.0747797186486423,11.08929004240781,0.0,10.321812783207502,2.457731397854141,38.454274873093446,0.0,1408.1850766603916,329.03919670176936,437.3160066090628,157.0979882245801,82.3844292659475
400,94,0.0,-17.625357191339045,-0.603201773129441,-1.083240869708106,0.08501337015491499,0.00010999111691489816,10.894171170890331,10.114290094003081,0.08012654865160584,10.034163545351475,0.0,12.875790509025805,2.9558644337651967,37.81693709307813,0.0,1521.6666796943805,264.1487947670994,345.3534152637161,158.83915282753708,47.520383104598785
401,70,0.0,-18.010676724243822,-0.4897506146339826,-0.8197284850746427,0.10109308354242544,0.013632763177156448,11.628477724734694,10.959113550838083,0.06045275693759322,10.89866079390049,0.0,4.830044799820702,0.7245925128761749,36.663290808670325,0.0,1133.2394380708747,306.62193739693083,409.015222860132,132.63768632881295,60.13497591330205
402,82,0.0,-17.918111152481735,-0.5883333439791731,-0.9832250148076974,0.10218185155694794,8.894146594684571e-05,10.049018322955817,9.323003835044801,0.07037916919216514,9.252624665852636,0.0,14.031111007258128,3.3111390768543805,35.44713686313343,0.0,1328.5345474263431,313.5458615704403,413.6132940698654,130.92341789681038,62.38624162114769
403,141,0.0,-17.62368898405215,-0.9268055185359241,-1.743080917314428,0.13260801556229188,0.020394794642925262,12.601985245011747,11.501569738611579,0.11916704894974828,11.38240268966183,0.0,26.174588418594944,7.040012076574297,39.70025835241982,0.0,2291.8641768800235,410.32472674039997,537.1262014775875,224.51492705781362,99.32851369445383
404,73,0.0,-18.02652811720911,-0.5945761694774686,-0.9044714674125739,0.08842890129743845,0.02049476094543934,7.735206909012049,7.0655111451633275,0.06230312632396817,7.003208018839359,0.0,13.528139578705588,3.119814007622645,32.670140542933105,0.0,1183.1416411021544,271.7824978740427,358.1987988903108,133.1554084543949,87.87297697224405
405,139,0.0,-17.601995007830897,-0.8151340152487148,-1.7417688087605168,0.13833980035076726,0.020221533253788948,13.734850170090795,12.695643430110067,0.11829145951196551,12.577351970598102,0.0,21.127422643943476,7.169409294071618,39.34547542903335,0.0,2259.3420686480194,427.367229790352,559.6484511948964,205.6307274038682,53.63545687857679
406,77,0.0,-17.83361447235148,-0.5718838335646512,-0.9253405857383675,0.09250217548170647,0.02725870907306671,9.174839375074953,8.46025769924745,0.06587850255891681,8.394379196688533,0.0,15.529902912908536,2.4128647563544106,35.09801564113276,0.0,1247.221881279356,281.72421878500336,373.90720603860024,122.56368885981807,200.26753322627886
407,81,0.0,-17.898153149043175,-0.5563623530966125,-1.0336839277245984,0.08753402659000024,0.013618027791380882,9.363321463111788,8.628869093954563,0.06942681549116969,8.559442278463393,0.0,26.390396429201406,3.94688012857868,33.264559731184626,0.0,1316.6114749871206,271.5104322193454,354.63723519173334,149.0617760006589,141.70542790035412
408,720,40.32183736100497,-10.152914233349216,-3.458780888216122,-3.8042579116049193,0.8013672684646197,0.013536287471652031,43.465503762010485,39.07399863190949,0.6090778317302465,38.46492080017924,0.0,42.26356584216448,17.770963151925937,38.1829720328936,10.04839954055578,11607.30467886605,2212.1700951974585,3240.7738192144748,1139.3427846129318,419.4784146555112
409,110,0.0,-17.836383116446413,-0.7688822679854755,-1.2801536275814644,0.13001097350832658,0.027165867388248444,12.405470222234726,11.492895197123289,0.09740591142326593,11.395489285700023,0.0,22.176626485270134,6.052298436658381,36.522457293943255,0.0,1780.249132023456,398.4235699755969,525.453076226995,159.15361852722194,143.60945705785463
410,160,0.0,-17.786106623958815,-1.0320249988273824,-2.053190877908936,0.18588804574789916,0.02037378028035164,13.531101651955396,12.371734119951725,0.13911928376182914,12.232614836189896,0.0,33.684754956379926,9.26820849053457,37.33347781830917,0.0,2600.8638388739323,573.1619923978341,750.9024726468541,233.81894710537813,54.693818390203475
411,108,0.0,-17.788762239463914,-0.6446631653274247,-1.394537693325817,0.10641384080535574,0.02043270505964756,14.08734265808016,13.173749504145235,0.09745054179802537,13.07629896234721,0.0,23.149069975906553,6.963796293935783,32.75212995046694,0.0,1754.5266527563522,332.0334422005168,431.14108265321164,186.53629533417063,5.225508231557162
412,223,0.0,-17.738708932532465,-1.2626700801172324,-2.944978045883555,0.2722675445658978,0.013577478937804699,17.0276069897227,15.50830638082698,0.19512660894542933,15.31317977188155,0.0,34.739392995336964,11.658511336298808,34.67262036233299,0.0,3626.2789171278496,842.127066698793,1100.7729622970273,380.763589554632,113.50975182453959
413,87,0.0,-18.006831449852356,-0.6124089929585336,-1.1703791433685193,0.10475070186726923,0.006859856192022562,9.353994923178107,8.625286852009594,0.07854860927909613,8.546738242730498,0.0,25.524808956224756,6.215314382521738,30.0500830352331,0.0,1416.705706961531,324.1539582761076,423.69196511222026,163.15059191903507,78.55000149498969
414,76,0.0,-17.99050240454275,-0.6030905489085189,-0.9324062422499698,0.09968820824183049,0.020290721207857132,9.159784841816872,8.4375494630076,0.06843422772362828,8.36911523528397,0.0,18.366008585311025,3.0324182728499127,34.324236452905836,0.0,1231.868541165168,304.7240117363894,403.06966052265545,116.21293347211257,189.56302198432883
415,165,0.0,-17.492104596771906,-1.0747059055774004,-1.9446304193795827,0.16691076096851282,0.006844388321042061,14.806162167806178,13.622531848959625,0.14383456390351057,13.478697285056114,0.0,33.95826323241763,8.248721480577037,39.378435845755874,0.0,2669.887716813594,513.2436771512871,675.8656096216531,257.1011361910137,41.28723737743107
416,83,0.0,-17.87068466808833,-0.5489968439887479,-0.9436356029999622,0.1121603586851797,0.027159888297319412,11.08951634215191,10.332770497072488,0.07641979213804007,10.256350704934448,0.0,27.391321639720626,2.412874314768695,38.32283471628607,0.0,1343.5467708962924,340.8840639762516,452.70830739441203,130.12875256691962,66.29299083191829
417,64,0.0,-18.07182533146386,-0.4896211604854101,-0.8054510222877663,0.11127350766332693,7.264339365065098e-05,8.370798848103732,7.75358352297917,0.05952865956351161,7.6940548634156585,0.0,15.091358310934881,3.6377032624437304,30.683864866158817,0.0,1037.3110626563275,336.87849692769925,448.4460439247294,100.20647588348952,217.17421485279857
418,66,0.0,-17.877872732615103,-0.47983966325734584,-0.8060288850637053,0.06751189174609078,0.027184296399354935,7.293847335968167,6.685679478105158,0.0587349534034729,6.626944524701685,0.0,20.180243306677728,1.857831830387673,32.364539789026594,0.0,1069.1304803600744,210.13410803422477,273.5401834923252,116.92429429622712,40.50924450775569
419,98,0.0,-18.02277802653563,-0.6831782088010498,-1.1668074510340896,0.17303259576600563,7.332653331104666e-05,9.68797192396596,8.901463058311492,0.08798716170713305,8.81347589660436,0.0,26.53207812445563,5.8828578211683435,36.85939158129759,0.0,1587.8594204028893,521.1922854705465,697.4118177419791,155.5871858355684,237.81440787136307
420,86,0.0,-17.910094669422314,-0.5671595669382802,-1.010809568052856,0.14052185367754774,0.0069082947447896,9.678377388045192,8.93017845461145,0.0764891398139298,8.85368931479752,0.0,18.479804963475708,3.9949338645356125,37.01658862183644,0.0,1393.0889379446319,425.139145131373,566.7374730074342,126.42363500300857,139.17514615248106
421,109,0.0,-17.951543608039575,-0.8274929269747081,-1.278194439339396,0.14859045620881003,0.02044845186173916,12.4135662750341,11.51903761876747,0.09680234361439943,11.42223527515307,0.0,26.95111804323907,5.485688561200523,38.639242403764875,0.0,1764.6615105572553,454.54625901415403,600.6632441649456,173.49071789655196,131.07199384795624
422,90,0.0,-17.848960340287316,-0.6293057890329944,-1.066269527419892,0.10761004169471401,0.00011974562949035317,10.604034549091011,9.831641699187458,0.08117377338930964,9.750467925798148,0.0,19.634403973237713,3.258959876146488,37.585354558529374,0.0,1457.9617896976965,326.9442213870107,434.4098178297272,138.38465942175728,127.74604768156794
423,143,0.0,-17.771163489633807,-0.8508001798538326,-1.7988882853447508,0.1928718746337188,0.027280708774924278,14.864351312164217,13.809214042034,0.1259224396198988,13.683291602414101,0.0,33.79738227697685,8.609868289499484,38.67481160572601,0.0,2323.4262858322513,589.357444473752,778.624643290054,234.13948750887215,214.24245063930636
424,73,0.0,-18.141851699523844,-0.5395552026756091,-0.8991704650962943,0.13065587642388118,9.471211524214596e-05,10.809051273856312,10.104690241627395,0.06615890050306916,10.038531341124326,0.0,21.389048372744075,2.73338753557651,35.30359309218548,0.0,1184.4166494462613,394.6110961082687,526.6603678497951,115.8532062962679,38.285731991442255
425,54,0.0,-18.133817975753026,-0.4040890504598672,-0.6844153488726208,0.10548070978249859,6.796619709348306e-05,7.562395073939115,7.016872318927199,0.04905364476144314,6.9678186741657555,0.0,14.571296028430705,1.9753458559601422,30.10662548696609,0.0,875.6547771979845,318.156302616283,424.51580522344364,74.24816072464964,148.82477140462203
426,86,0.0,-17.834137592014308,-0.5030811502020301,-1.058329887372496,0.12420358779073211,0.04054717719554901,10.268569567240775,9.523932841140777,0.07517989771440625,9.44875294342637,0.0,21.910413273318884,5.248533684601585,33.56855879636796,0.0,1393.0483665443405,377.0227825850847,501.11430963482,136.76323146437363,237.01737101974692
427,720,53.54964951027868,-10.447582581825499,-3.457758469856178,-3.5744232436300405,0.8259120784815422,0.02036249078810215,43.31851910799742,38.86857732385397,0.6075830976478755,38.260994226206094,0.0,42.16819743413849,18.815651554186385,35.01296111053108,11.845341694516009,11613.497516744897,2267.076728660108,3341.7666086269955,1265.5355637518312,58.533134307483444
428,77,0.0,-18.069615889379293,-0.5985696980620963,-0.9032838190936551,0.13854398702752688,0.0068586720153689384,11.16834081383422,10.421572681050748,0.06746286991983652,10.354109811130911,0.0,19.544845519740104,3.1846608582165845,36.35297028539469,0.0,1247.0697535758427,416.33656329994045,557.7661174631068,107.0906073449474,246.52735436546902
429,56,0.0,-18.01128685989218,-0.3621341801836506,-0.7178074933333857,0.08360254016197657,0.027120430022478104,9.014399751089513,8.406173492781818,0.04948700685054064,8.356686485931277,0.0,14.361066766068188,1.7770164251634903,30.07858926167342,0.0,908.7377770299523,256.27982686234384,337.517511103761,102.30480052268014,89.37023131481769
430,71,0.0,-17.855780606751228,-0.528029726189933,-0.8848388078619457,0.08012727894726401,0.01360318437218666,8.432731072884053,7.795555599965155,0.06185562023892999,7.733699979726225,0.0,9.789399280187476,2.8365297629139157,31.73290039145777,0.0,1150.8776620088631,245.92886420515768,324.3776086334488,120.84923063418236,173.31160416988726
431,87,0.0,-17.853876693093806,-0.5855548556518149,-0.9874804627401906,0.12489575765162252,0.0001108226424548775,10.449274039827287,9.727477916982025,0.07641754811629653,9.651060368865728,0.0,15.381440895965945,2.600511277500884,39.35248240992158,0.0,1407.8624719646812,376.11602372225093,504.0939954456328,139.01816949983,160.12334540612562
432,58,0.0,-17.952507877605356,-0.39518740720083834,-0.7306262496720931,0.08733411626026631,0.020547647029161453,8.327252666000277,7.749981381930411,0.05141018144786358,7.698571200482547,0.0,10.315931260269117,1.8983138663923693,30.419039611933673,0.0,940.4991850358284,266.3418517459397,352.43884427506885,103.50788109600332,122.02018877629921
433,63,0.0,-18.044090742575253,-0.4201630076113138,-0.770988133577035,0.11062950382095917,0.020565301179885864,9.864514424931258,9.219968411140144,0.05569374840706587,9.164274662733078,0.0,20.449861912090274,1.2011062599721187,34.1539238243708,0.0,1021.3430264975124,333.7099484874717,445.43202238717686,86.48890445927461,116.6385873489859
434,84,0.0,-18.172322005430008,-0.5328378294366689,-1.050683831265999,0.15820923719377727,0.006943526212126017,8.306545627769083,7.580410577822477,0.07295704912394285,7.507453528698534,0.0,23.576248014149296,5.661038096305029,34.421103753855334,0.0,1363.3362849897471,480.1148856372022,637.6804340255015,154.85615503287406,115.48785412406833
435,112,0.0,-17.86392922267879,-0.7495456584826278,-1.3569061710377324,0.17030356327022128,0.006862217094749212,15.069233289919794,14.120148078072816,0.10010258387774229,14.020045494195074,0.0,29.555038633842663,7.154947426357487,36.47406756218471,0.0,1817.9358432052557,516.1152502237893,686.955642548408,206.6432319907419,104.51968348431458
436,88,0.0,-18.034738592989747,-0.5979602200351004,-1.096173990435937,0.1564040330611633,0.013596479780972004,10.045008927118033,9.285410158801824,0.07669207034632564,9.208718088455498,0.0,26.39012038367869,6.444858077480631,33.13350091111729,0.0,1427.338781396324,473.45177802102023,630.2387599182578,146.4977414733188,267.5452434978858
437,720,47.41763040556711,-12.718881972564546,-3.4963661115886886,-3.2372037179401945,0.9164087432609458,0.033983975648880005,46.78532108012587,42.36688755499199,0.6094437581487,41.75744379684329,0.0,42.26331155753319,17.826388928702183,37.40251415763717,27.619539476949868,11582.39999999991,2531.6276879498405,3700.611612782294,1193.9298986065335,125.15534899905703
438,96,0.0,-17.72878326299601,-0.6843956624419283,-1.1285286352466946,0.08709577890763448,0.0202446561306715,9.75002938695252,8.935194734018296,0.0842270776629448,8.850967656355351,0.0,19.159411062861057,4.236131168931029,35.512258224892754,0.0,1554.0826798605603,268.06583945304783,352.72935836349615,161.6602163084679,72.13973091396548
439,88,0.0,-17.83768449235137,-0.6316306782123806,-1.0301690210872008,0.11645240107678972,0.0068201529793441296,10.148511358071119,9.387964195106179,0.07756415940821171,9.310400035697967,0.0,18.81832237214554,3.8363497408147182,36.35255426184493,0.0,1424.4142745074375,353.2044182501796,470.1366962260343,144.82811488125412,195.8239620945597
440,66,0.0,-18.026322206293354,-0.48564404827651264,-0.8417963547567355,0.11754199524098072,0.01366223581135273,8.269956904929131,7.635293066967279,0.058488926850259304,7.576804140117019,0.0,19.318063310738303,3.3134562040366227,32.180890483588556,0.0,1071.2810487208226,355.1718136677933,473.0505760856439,83.10017860463614,144.52160684207698
441,66,0.0,-17.901236855930048,-0.4006527629217768,-0.8391727355481741,0.09284579216028854,0.00011226293281652033,7.994633914902806,7.363183862995356,0.058384299743920565,7.304799563251436,0.0,18.11660674778832,2.5568176277889823,31.972208250721284,0.0,1071.1395246230954,283.3696564361371,374.7140638116146,95.38465851760014,64.76615862250044
442,91,0.0,-18.03284076486648,-0.6250004636185801,-1.183919751580199,0.11341496637514631,0.027087518945336342,9.434927502181381,8.687117067165673,0.0796637674793601,8.607453299686313,0.0,24.098882384300662,6.35880958125909,30.64942638887949,0.0,1477.5726110798116,348.3648738618249,458.26472593276907,161.61632806319207,176.55924333227912
443,63,0.0,-17.944750114850113,-0.2890539021526728,-0.7684314325047675,0.11004162322033716,0.0002198324364144355,7.935880578123033,7.343525232747197,0.05512173753231764,7.2884034952148795,0.0,7.023141732166097,1.4306099548666797,33.45379081278319,0.0,1020.8670087075693,335.90431591089293,444.44774690136836,104.54009173224954,60.27574746716033
444,118,0.0,-17.971140812399803,-0.6605338166362511,-1.4435104550592222,0.19332053357104315,0.02052246406674385,12.544225234072655,11.596999554429203,0.10173893207684159,11.495260622352362,0.0,31.704811387312887,7.810493495247291,37.63741960826453,0.0,1914.9556167496912,588.9155210831926,780.1696350033341,209.14761217158355,133.94019062080721
445,86,0.0,-17.791274874521196,-0.5881071473299634,-0.9804122846653203,0.09513464040393514,0.02041306346654892,10.440069776959717,9.703544711694121,0.07490412518382072,9.6286405865103,0.0,11.464738914983641,1.7219431958864682,39.11124495642678,0.0,1391.6658770871677,290.681404748687,385.1916084186991,148.3063454572664,104.79962243346388
446,79,0.0,-18.042010572263962,-0.61131323601196,-0.9984844250431464,0.0943549252233762,0.02035095915198326,7.806741239968687,7.113369012251496,0.06762869283556938,7.045740319415927,0.0,21.94024549211928,4.836724873597453,31.261796243053176,0.0,1281.2934078519813,291.90499022071793,382.2250640417639,134.21993012059397,63.945669134932416
447,96,0.0,-17.760027973499074,-0.6935546305976003,-1.1086303907664874,0.09633653523809185,0.006903351284563541,12.16060445876792,11.320972390007228,0.08291303878650069,11.238059351220727,0.0,22.742702402608735,2.943046315281053,39.3959218615361,0.0,1554.4059477587687,294.2744862259045,389.32822453119235,148.60078728801787,105.4086725297895
448,99,0.0,-17.788211155436933,-0.7102932138411735,-1.1623608724027847,0.09147227591800232,0.013625389896333218,10.614191259723157,9.802809849847108,0.08564070472493768,9.71716914512217,0.0,20.633964007156237,3.6935589028052194,37.92990863229292,0.0,1603.2707993157157,280.90028364549266,370.0681622487565,157.0418637204558,112.28926967924068
449,720,28.28682594355602,-11.466932269119328,-4.015349089900249,-4.927552857308708,0.6799399989584202,0.00676658796146512,45.78916310891509,41.26252324413508,0.6087507107295096,40.65377253340557,0.0,42.04920875444719,15.627654265912609,39.53950971441449,12.087704299046138,11613.02905653488,1965.5233758571326,2755.402593379632,1218.7427552475183,209.34994784747755
450,79,0.0,-17.927087219240306,-0.4860877058356538,-1.044586506410087,0.11333394552508066,0.013552126474678516,9.411267997231334,8.698283359408379,0.06819162284955382,8.630091736558825,0.0,22.660683073343836,6.321347885033896,30.07545736206864,0.0,1285.2380664053758,348.4458992347848,457.5375573599804,129.89911700794755,176.94153745334572
451,69,0.0,-17.864851785859898,-0.3922518166992294,-0.8067194494291733,0.108676930493719,8.112115028779954e-05,9.417760075069964,8.736228604801,0.06080077774822712,8.675427827052772,0.0,6.914483902857312,0.7923179621010019,36.425959671824245,0.0,1117.0979036348733,328.39304729999816,438.27593181608887,109.6548060114718,94.41679572346612
452,71,0.0,-17.955620140423715,-0.456173097914477,-0.8968480295322759,0.09682183574748336,0.006792568136006594,12.22912977496162,11.531976910773665,0.0630507837049663,11.468926127068698,0.0,16.58039212443477,3.312036827790913,32.16088239945579,0.0,1151.4842505044871,294.95339684839803,391.16038128122335,125.188461600062,63.747368489415486
453,132,0.0,-18.02425967099717,-0.8250845749025549,-1.6166400463980972,0.22568144285008826,0.00679793069139123,13.82422789838165,12.779504720121622,0.11366724967956543,12.665837470442057,0.0,28.165522523175476,9.314262557650535,36.33043684624052,0.0,2141.6424023557934,683.6868108261631,909.8807065899389,228.58926646308873,237.63615843569463
454,132,0.0,-17.693936543442945,-0.756268754899902,-1.6334782628798639,0.15885352913690062,0.00017561620916239917,11.660181192681193,10.647250498645008,0.1129674375988543,10.534283061046153,0.0,27.379886596611566,9.010217334003901,32.1646973792267,0.0,2136.8983608703834,486.91431733824476,641.9910383786175,216.49927852056825,124.83242975941609
455,55,0.0,-17.990103336613174,-0.348068095575087,-0.7039433036260476,0.08020824530067071,0.0001072263257810846,7.7966853133402765,7.224131776019931,0.04841053346171975,7.175721242558211,0.0,10.708861197304849,1.0169036737080275,30.01116330069063,0.0,892.3668916685587,247.12390600090768,324.01544120696076,86.14490055646661,24.755502518627903
456,73,0.0,-18.0384097241228,-0.4546631809838071,-0.9425512734288349,0.11070401992167836,0.020264390856027603,9.546235204208642,8.870994962751865,0.06335609592497349,8.807638866826892,0.0,23.043557512455127,4.099838673236707,32.07694454108039,0.0,1185.520415936169,339.447125732589,447.0989017091283,132.06429157477825,42.779235822896524
457,61,0.0,-17.910986006648745,-0.3877916595621604,-0.7557978292321668,0.09437257043294263,0.006784364581108093,7.72276846319437,7.137718784157187,0.05260678427293897,7.085111999884248,0.0,20.740532764288428,2.483035442250855,31.293149510574935,0.0,988.4748694319111,285.9705911793696,380.369395482078,84.3694285660236,176.49876619938615
458,720,30.365981181961338,-9.97926111047492,-3.3269319576844896,-3.4952492405908977,0.762700596873457,0.0001025966921588406,41.95536643592641,37.5092693651095,0.6047543031163514,36.90451506199315,0.0,42.26370900169154,18.894159795002,31.575244094902676,18.89251882658622,11585.272766510065,2094.1365550535284,3086.9412637589326,1250.7980423060656,66.36568544334042
459,75,0.0,-17.679943979335015,-0.352648529477843,-0.8522963859480178,0.07899368291627808,0.006885973736643791,9.2913752743043,8.570314845070243,0.06435841880738735,8.505956426262856,0.0,11.699594555701124,0.5596542856441193,37.47643367193068,0.0,1213.4089235433316,239.61038287972215,318.92251205962026,98.55515839632383,37.23363444536442
460,116,0.0,-17.73374881524049,-0.8133292198767982,-1.296382839330029,0.15485330924410998,0.026984859257936478,11.934242345858365,10.973691429942846,0.09892719518393278,10.874764234758914,0.0,24.628871041451514,5.6054329218664405,39.82688132757619,0.0,1875.5628669461169,467.83186788192876,625.4088926906088,175.92591635899376,193.50410983346
461,720,71.80875921338573,-11.365008357056373,-2.659750588268991,-3.5157505123055177,0.8557603077574235,0.020395368337631226,40.24375706585124,35.74726037075743,0.6050088116899133,35.14225155906752,0.0,42.2633775976378,23.186007944093575,39.51289292371337,9.84860716957965,11616.86133486305,2305.385989044645,3462.001757968117,1246.8625004348276,309.2493394282209
462,70,0.0,-17.874886166883755,-0.5097765862180689,-0.8641924959404753,0.06397581616879496,0.013568687252700329,8.733835900202394,8.089552752207965,0.0616173162125051,8.02793543599546,0.0,13.811812903684876,2.505313726540267,31.45085441031584,0.0,1134.3057046606207,197.96803240479898,259.48999083881915,113.41167716117785,84.59577292992346
463,103,0.0,-17.828275255173097,-0.6544248515491302,-1.3277338447238511,0.12868732737348101,9.60566321737133e-05,12.103166233282536,11.254263116046786,0.08959008799865842,11.164673028048128,0.0,24.58152011867182,7.241561295723958,32.89202790258289,0.0,1675.2590011130737,394.26294906835597,519.8955388552166,166.84682684154794,209.06121295816837
464,94,0.0,-17.635778686587834,-0.5742513915398904,-1.1825945688564192,0.07399133977926571,0.000131076158140786,12.081004198640585,11.261702255811542,0.08167979586869478,11.180022459942847,0.0,24.034384608589953,4.7015647301890695,33.60798963408856,0.0,1525.3428568357606,233.55921216961536,300.4091207571783,132.0643727396528,90.87154314089747
465,84,0.0,-17.825357297926285,-0.6737350454371434,-1.0085968204138185,0.07459749370559299,0.013596482574939728,10.471554885152727,9.707360660657287,0.07356058387085795,9.633800076786429,0.0,15.77807434402754,2.954431326059477,35.08410584084503,0.0,1360.4589292740752,231.706053467595,302.70062423269974,140.99980957216508,58.4918308316739
466,68,0.0,-18.033441252234994,-0.4834582471274849,-0.8494131998274179,0.10309228856652637,0.006910435855388641,8.284812996163964,7.643850912339985,0.0594402807764709,7.5844106315635145,0.0,20.72752825957251,3.6570934048006,31.383459625628845,0.0,1102.4405450494546,314.0698843321457,415.8398836746009,104.34865944502724,100.65596637214985
467,56,0.0,-18.016796453596744,-0.3994573319076835,-0.6975865050302323,0.09769821485432507,0.013544697314500809,6.8131902841851115,6.197946617845446,0.04929133923724294,6.148655278608203,0.0,8.686513147494937,1.742369675257775,30.81394987881182,0.0,907.4554548682075,295.4632532791234,392.9512478568939,65.76630395196491,90.80766402096752
468,122,0.0,-17.824400707360965,-0.8073363699501096,-1.4850411190798933,0.15317964728551356,0.04039711505174637,13.796678164042532,12.839932658243924,0.10428043641149998,12.735652221832424,0.0,26.60052523174954,6.267983056705641,39.50749046375487,0.0,1978.6542264343339,465.26344964148694,619.366262880295,211.97834941927212,63.690936689125394
469,64,0.0,-17.956845030380283,-0.34003902465628244,-0.7826678398254789,0.11592043700267173,0.013558566570281982,7.742595063056797,7.123143892269582,0.054794286377727985,7.068349605891854,0.0,14.202888266275032,1.9514216498049248,34.07106500103621,0.0,1037.213301251747,351.18773443735154,467.75936836569986,107.26102661722746,68.04722179589498
470,76,0.0,-17.924996991070564,-0.5790331440678018,-0.9650568609607697,0.08983376521459484,0.020440097898244858,9.015754028223455,8.326249210629612,0.06489173136651516,8.261357479263097,0.0,21.684121575980075,3.387612722669751,32.48054271286941,0.0,1233.883659592266,276.52013996001955,363.22062017301073,116.06034956213676,88.8269019746354
471,102,0.0,-17.699782752746597,-0.5895150226601475,-1.1941460043972683,0.11177191433498092,0.013552291318774223,11.342116450890899,10.487940876744688,0.08686662884429097,10.401074247900397,0.0,24.225475791021896,4.002670732850962,38.59308272463707,0.0,1652.317956885921,342.25661159713474,452.0709256919767,159.64243050701288,123.88380647529166
472,79,0.0,-18.118153663091164,-0.58166026392701,-0.9676762783925278,0.1269119752871232,0.0001329553924733773,8.312353538814932,7.632571973837912,0.0674928966909647,7.565079077146947,0.0,15.557767854053463,4.4171724334346205,33.65077565849251,0.0,1280.8631335636337,384.3831920084248,511.8786929449765,147.36662377739614,106.00370202966467
473,79,0.0,-17.9521987130534,-0.5849124791643101,-1.0036141489370314,0.07460639153220704,0.0001638300163904205,8.328732684720308,7.646056917030364,0.06739746639505029,7.578659450635314,0.0,14.024570034054037,4.398748973402873,30.644586215556945,0.0,1282.347999216789,231.7175197013079,302.4215547922747,114.84858719244014,50.9674044726635
474,77,0.0,-17.898443047555464,-0.5787217266189654,-0.9399796700686268,0.08346042714232989,0.013406837359070778,9.006372669246048,8.322348865680397,0.06606120523065329,8.256287660449743,0.0,13.183250833136118,3.309140655923658,32.743728084652176,0.0,1247.5440785105652,258.30477977704567,338.27541875682016,117.48803927282921,129.249275920901
475,82,0.0,-17.924437100596798,-0.5540251413164636,-0.987187350988321,0.11835150936538147,0.006777736358344555,9.620232125278562,8.905523508787155,0.07041925936937332,8.835104249417782,0.0,20.009753305956096,4.530402269037926,33.826837447204895,0.0,1327.7218217274274,363.1678703827975,478.92186360866526,146.55301853160162,19.767179510998698
476,76,0.0,-17.81081903764665,-0.4987078817135855,-0.9570803195362335,0.07923137425813923,0.03375789523124695,9.399917513132095,8.690304938238114,0.06515814224258065,8.625146795995533,0.0,16.3362041411673,3.161058202470999,32.82470913516358,0.0,1233.067684013442,242.70179499965522,319.89829293094107,111.25191526152423,95.43209895709266
477,72,0.0,-17.892111119155476,-0.49052350211038914,-0.8605154013386288,0.08893564667749068,0.00014568548067472875,9.669652332086116,8.967464569956064,0.06207048147916794,8.905394088476896,0.0,8.40267465856077,2.0585503760618677,33.88302259182289,0.0,1165.9109746248696,272.3804254727464,359.5365941004523,123.1489718974254,108.46585347338556
478,90,0.0,-17.94108306246462,-0.6303904924198781,-1.1275427348325193,0.11209731045131781,0.027022425085306168,10.033544476144016,9.259154293686152,0.07696731947362423,9.182186974212527,0.0,22.500685883022285,5.57561424712829,32.78111670823425,0.0,1459.1651791746172,344.90892972670787,453.02127122952163,129.27421607138578,80.86223830760338
479,65,0.0,-17.966584126404832,-0.4884019734434749,-0.8235828516065123,0.06634154694118909,0.013315614312887192,6.651549273636192,6.044562382623553,0.05612901784479618,5.988433364778757,0.0,11.904815038551156,1.8342241988900811,30.90064474866076,0.0,1054.06122319114,202.64407474501255,268.1058903857962,89.05925667733736,57.33163868440918
480,101,0.0,-17.783620538868337,-0.6616487468857009,-1.1697557193488595,0.16579101116427303,0.006881142500787973,11.689375922083855,10.832858578301966,0.0866380468942225,10.746220531407744,0.0,25.313817967932327,6.177331531816739,36.67577914531924,0.0,1634.776766522767,499.8232286235733,668.1795457698861,136.3993689250254,363.8056292652402
481,79,0.0,-17.59461739617059,-0.4537425246500688,-0.9020634792666863,0.06862104293465687,0.013555116951465607,10.627294124104083,9.901995656080544,0.06799798365682364,9.83399767242372,0.0,6.589683901023227,0.6221104069600365,37.80720755364723,0.0,1278.2565741731664,211.82182853563856,278.3287179093478,122.4236338676392,32.20425481496056
482,720,45.663789297777285,-10.006368988746924,-3.6107072654978225,-3.9638563174096038,0.6973494109730659,0.020271677523851395,44.28086055489257,39.84987110225484,0.6122206770814955,39.23765042517334,0.0,42.19400509130014,17.458849900014545,33.91667605022508,17.55865220420551,11585.833270133262,1970.3933139801118,2825.751001714794,1142.719737612479,311.69864934307753
483,75,0.0,-17.926228988799945,-0.5839502273454164,-0.9343294432930134,0.0771585621238977,0.020357942208647728,8.074735825881362,7.422856227029115,0.06426420761272311,7.358592019416392,0.0,11.966414806704298,2.908469408980732,32.79713744950683,0.0,1216.3682852888128,237.96220639933748,312.19567871481854,98.80455049073808,151.31954044809456
484,77,0.0,-17.955052091149895,-0.5654714487570892,-0.9381390891106424,0.09368423383823014,0.006834881845861673,10.706037171185017,9.992977109737694,0.06689858343452215,9.926078526303172,0.0,20.471442109116467,2.5582590783823647,35.109627868383406,0.0,1248.4528712999324,286.9827387455843,378.8086761366159,120.83553216996418,30.478264727366255
485,92,0.0,-17.864612147661237,-0.5795891518939303,-1.1114482909257415,0.11942606460560866,0.013573513366281986,12.112307759933174,11.286213792860508,0.07973731448873878,11.20647647837177,0.0,27.808841458686718,3.0375935045947116,39.164354553777954,0.0,1493.1081567782082,357.61876461580744,481.35785344091505,135.9133666519434,105.96268011388935
486,100,0.0,-17.755068118292876,-0.7559284506283965,-1.1340566338116616,0.10306917619186999,0.00024907919578254223,12.45406536385417,11.61137635121122,0.08595708757638931,11.52541926363483,0.0,19.843235816565702,3.931191668154493,38.2092539468537,0.0,1617.3045076199612,317.89136294303705,418.2925591548393,179.91115631088473,102.6158274567864
487,88,0.0,-17.791253962618672,-0.7157896737372327,-1.0232472648704887,0.06701501964857214,0.00675229961052537,10.445861523039639,9.685699820052832,0.07599249808117747,9.609707321971655,0.0,12.62491785284418,2.3783136745320443,36.578854549153824,0.0,1424.7392894727,209.00275348207768,272.41182772246583,129.7675638622885,132.79481222924096
488,85,0.0,-17.846240923674618,-0.5801166556867288,-1.0482940924876964,0.08565947300293734,0.01350361853837967,8.738208705093712,7.9896018910221756,0.0737736439332366,7.915828247088939,0.0,25.368127790525122,4.637647667317918,32.6213566024492,0.0,1378.9941987687507,264.9344006847699,345.98960522985976,109.53028401177842,142.7652005175607
489,81,0.0,-17.6885711215117,-0.5109439238318699,-0.948169349566958,0.07000567961373738,0.013514322228729725,11.119047354906797,10.38306059828028,0.07111467886716127,10.31194591941312,0.0,17.68639982011094,1.3875121450320909,36.69266918947237,0.0,1311.6848249495963,216.50892600692478,283.1949562389431,139.294837338229,66.08687858055518
490,132,0.0,-17.627493658965648,-0.8793120903753172,-1.6015313678396583,0.13660975282669288,0.006762117147445679,13.166557293850929,12.126486361958086,0.11280747037380934,12.013678891584277,0.0,32.53292778591366,7.5618244910352646,35.48031513563538,0.0,2137.8080994113793,420.9807260126674,552.0341950362534,207.5675971683679,48.980485783562024
491,128,0.0,-17.895740228824387,-0.8416690161416351,-1.6652338836151088,0.13678805793739449,0.020249545574188232,13.270714765414596,12.200277725234628,0.11017821123823524,12.090099513996392,0.0,29.423197466176138,8.188797762889692,32.989703031921096,0.0,2079.7003981916937,422.90752168314305,553.5167883616335,197.7533989986458,68.91869689045984
492,81,0.0,-18.064289733885502,-0.5911279148424575,-0.9886672518315553,0.1392864255366649,0.0136179830878973,7.943728908896446,7.228887029923499,0.06974621210247278,7.159140817821026,0.0,26.95046227353187,4.51999347842534,35.0748078468277,0.0,1313.8199291087105,420.02012934169346,560.8530143335055,106.41816793990469,159.9191013923783
493,103,0.0,-18.057147222318047,-0.7431244872832429,-1.3613784516828868,0.10931183072541055,0.013551058247685432,10.02819263515994,9.19993577292189,0.08820986095815897,9.111725911963731,0.0,25.961977193266474,6.375810448807734,34.187565573229875,0.0,1677.5899021458283,334.6690390396128,441.71949152195737,186.67498531190446,59.946064381499106
494,92,0.0,-17.859988875339237,-0.6261631900701146,-1.0637732947438812,0.10237601246975106,0.013540842570364475,10.301005091052502,9.501136013306677,0.07889691228047013,9.422239101026207,0.0,19.519181509487545,3.993916530702242,35.80304266881325,0.0,1488.9194518113625,310.67038945392557,413.91049687565624,159.40898651170673,86.92769027569503
495,71,0.0,-18.003394022881253,-0.4576183416857174,-0.858744376287982,0.12830646745827692,0.006843476090580225,8.917844986077398,8.25763493636623,0.06210071453824639,8.195534221827984,0.0,20.22677327346169,2.616538922825213,34.915569509112885,0.0,1149.9989723495135,387.19377201637224,516.7127761059428,97.37173415123212,195.94911332978074
496,62,0.0,-17.985842326872742,-0.4408365628224822,-0.7844661935019097,0.08345137279413224,0.027232002466917038,7.925995621364564,7.309604766778648,0.053999347146600485,7.255605419632047,0.0,22.8986677752712,2.31883784949832,31.198430891019747,0.0,1005.7632924841339,255.41232481583663,336.82480053958255,108.67655220505195,120.9599657593575
497,65,0.0,-18.02438646758031,-0.5043968121427599,-0.8181320167187733,0.08442629202498841,0.00014094363723415881,6.842041193973273,6.236340071074665,0.05655111372470856,6.179788957349956,0.0,16.497189392666915,2.3119291875362196,30.99697620951983,0.0,1054.1262759220165,259.41269882468083,341.2430473536801,93.52548741862459,114.62921201824629
498,113,0.0,-17.770080423285123,-0.7294768696525872,-1.3602939066453272,0.137935663774304,0.027114003896713257,10.70570726506412,9.820469981990755,0.09732985449954867,9.723140127491206,0.0,23.604200956726977,7.131356320772946,34.53373817273701,0.0,1829.491308358758,425.17198835499113,558.167382143751,179.76368428680433,114.42531597385103
499,89,0.0,-17.726771131753534,-0.6143681373449157,-1.0292198366520657,0.08665277795804047,0.020305903628468513,12.118111284915358,11.351853950880468,0.07769020646810532,11.274163744412363,0.0,18.264967316302023,2.4383191778733133,37.88627604756383,0.0,1441.341246500509,267.04543532843115,351.3304329127289,160.06529793028065,93.20246441727826
500,71,0.0,-17.8687932810801,-0.48815281283635364,-0.895030941811524,0.07119988728181004,0.020258864387869835,11.20378603413701,10.508279734756798,0.0630705812945962,10.445209153462201,0.0,20.929394891618358,2.7314296995405396,31.63844349817513,0.0,1151.5646596124877,221.12292664651557,288.5200510414421,106.94114691337798,78.3895657961457
501,93,0.0,-17.835362700741584,-0.6579662689732236,-1.1047600825374935,0.10647728526903043,6.434670649468899e-05,12.083949380088598,11.279455884825438,0.08059520367532969,11.198860681150109,0.0,20.475578167380455,5.183357393920485,33.76975189096168,0.0,1504.4139487821321,326.19140194193557,431.3332266970505,146.92711213837347,165.30967566861298
502,79,0.0,-17.906578734258986,-0.568404369976167,-0.8979713878067331,0.10714284397931319,0.007644111290574074,9.440110337920487,8.728473412804306,0.06783838523551822,8.660635027568787,0.0,7.935518478952213,1.3210047002664504,38.67728576059856,0.0,1278.4546505610322,323.75939931591256,432.4362901987414,125.01939924637402,151.78624866778023
503,79,0.0,-17.829647617442014,-0.40616798285531364,-0.9861620294786184,0.11021869980812923,0.020217303186655045,7.746572558302432,7.060856176074594,0.06770974397659302,6.993146432098001,0.0,19.58461908845059,4.124515758153329,33.221552569012424,0.0,1281.3888326103277,338.32552269623136,444.90861708566445,110.05662054836182,91.33386276148171
504,82,0.0,-17.802771967624373,-0.4732897338463371,-0.9144667468715557,0.12242789154943207,0.00681141996756196,10.873555958271027,10.137547495774925,0.07092316821217537,10.06662432756275,0.0,21.113884877306134,1.8198424827856352,39.812765806051026,0.0,1326.4999007755086,370.9086480358508,494.33284765284395,125.97545371640669,34.012847360937194
505,102,0.0,-17.83223390664753,-0.697977970325556,-1.2314810981897248,0.14362678943426602,0.006810497958213091,9.778460685629398,8.96316332416609,0.08736066147685051,8.875802662689239,0.0,23.48549903270798,5.987042200220378,36.01156250583141,0.0,1653.0492825747192,437.02909571836506,579.7651767726811,146.7478930054393,181.63859113036716
506,93,0.0,-17.8154647660612,-0.7091082828666407,-1.062058183393991,0.11914054640959731,0.020199209451675415,11.027047861833125,10.247558180242777,0.08021899685263634,10.16733918339014,0.0,19.582223551900245,4.16155532358116,37.464372134356054,0.0,1504.7073926280905,361.10809893268055,481.0025127486963,152.19035960379495,177.29308889763308
507,102,0.0,-17.72068217561692,-0.613398508429561,-1.2532466567729341,0.10578534945752485,0.027084434404969215,11.582217086106539,10.732910625636578,0.08775055268779397,10.645160072948784,0.0,28.028136632672844,5.466747113263024,35.008439497590736,0.0,1653.8492260647436,326.97352737294096,427.8556185170859,158.68538438208907,101.03841337218087
508,159,0.0,-17.62160814153508,-0.9510835097389702,-1.9529189720423905,0.17796111651968313,0.02685033529996872,13.13239871384576,12.004819862078875,0.13501616893336177,11.869803693145514,0.0,27.448984106852105,10.32005814417734,30.866799356305474,0.0,2573.811004449765,551.0434036334894,720.2161703035704,268.04411830176645,71.73471529481034
509,68,0.0,-17.992973285400364,-0.5637795547835759,-0.8389254125275325,0.08008911138824612,0.040569696575403214,8.124659867957234,7.479441777803004,0.05863860063254833,7.4208031771704555,0.0,6.455330692027225,2.058750824851192,32.372936758902235,0.0,1102.012740371997,245.91765020180836,323.6622027391492,101.80707994966178,33.17758420326166
510,91,0.0,-17.896239209146586,-0.6810253568260324,-1.08386495740013,0.12059952459912532,0.006862699054181576,9.213641793932766,8.46008022595197,0.07788563799113035,8.38219458796084,0.0,22.737506178670397,4.350495591416363,35.85502507668463,0.0,1473.0423653040452,364.4504630030389,486.79635836687373,140.1158435068334,164.3723010861988
511,720,56.91077049425839,-6.821121195545572,-2.2813084246377104,-1.730971278065668,0.6600525790668422,0.02003755234181881,37.662764753215015,33.1679220078513,0.6051851171068847,32.56273689074442,0.0,42.263395880676846,25.137365955097337,35.0752635625516,24.223946208598505,11582.406008594224,1713.7215831206556,2670.3737248370753,1139.4638407453372,58.95852343244468
512,73,0.0,-17.83948672815258,-0.46534631242321634,-0.8806848198561655,0.09405487327452633,0.01986704207956791,9.49408766720444,8.831703274976462,0.06240018829703331,8.769303086679429,0.0,12.270691166930964,1.3859350312475043,35.76192770728838,0.0,1183.0653535360839,284.5434822312835,379.26123452625365,102.17593619627198,123.288664809011
513,83,0.0,-17.61816143337394,-0.4645797080421933,-1.0217650309052377,0.05383918418749518,0.013408254832029343,10.065068383235484,9.327290780842304,0.07200782047584653,9.255282960366458,0.0,8.560717023806506,1.455446614750945,35.398424777245715,0.0,1347.1422820968355,169.5759052790684,219.54923111788366,155.9696786110865,32.83933132915236
514,81,0.0,-17.89738608248997,-0.5592395142285087,-0.9591665042115668,0.09169775876527225,0.00675760954618454,8.728191928006709,7.9869611617177725,0.06974392896518111,7.917217232752591,0.0,9.4812760572575,2.2169548661205596,36.76587916631544,0.0,1312.1881074308308,277.32629424352746,370.7847281004276,135.66521085059972,95.798524222202
515,102,0.0,-17.90677193406317,-0.7425549342468288,-1.2502470369482306,0.1245726355153166,0.013220638036727905,9.915196471847594,9.088521694298834,0.08681536186486483,9.001706332433969,0.0,24.540231916284974,5.331083417159976,36.36150087893198,0.0,1653.8642763588773,383.2167602094898,503.5038092032565,161.7084467104933,111.27463608008033
516,720,60.43523989606706,-9.241881770966058,-3.184761738357401,-3.3840800994471025,0.6841513046611164,0.006749783176928759,44.83541058981791,40.32920295884833,0.6045039067976177,39.72469905205071,0.0,42.26337625994179,20.0249636136221,36.29000150254138,11.235323585523457,11604.884151811093,1866.8191946813058,2770.311835730017,1114.6782148783118,143.14854019784477
517,67,0.0,-18.03966920417493,-0.46832940396473854,-0.8851656543949906,0.1134038938318779,0.019964631646871567,8.158751673065126,7.511806041933596,0.05698028672486544,7.454825755208731,0.0,25.377002973427377,4.782096536417774,30.419838818623862,0.0,1089.489890386468,343.86657822071044,456.1446097596716,78.90664773314195,231.28570845231957
518,89,0.0,-17.747397419673753,-0.6314996921165615,-1.0355888425104367,0.09508180922761206,0.006631046999245882,11.234762066043913,10.512436602730304,0.07553533604368567,10.436901266686618,0.0,15.667938308762507,2.7552778027328726,37.78794976141493,0.0,1441.1057900488754,290.9586916625308,384.385253006454,122.56147309842734,128.82086264666174
519,87,0.0,-17.880522975763842,-0.6080475584045312,-1.0804089747791044,0.09626245117652725,0.006676944904029369,10.120566590689123,9.388706464320421,0.07375178951770067,9.31495467480272,0.0,19.290329618384042,5.248876829333614,31.898084850361474,0.0,1409.691101642472,298.73603761099486,390.2456368927759,149.47964395053828,43.336454048687564
520,83,0.0,-17.92954279191238,-0.5460697646840219,-1.081007973131558,0.11449961761750496,0.006738733500242233,9.421142836101353,8.702735176775604,0.07098076678812504,8.63175440998748,0.0,24.104408254841204,5.653912236111504,32.125095574492846,0.0,1349.8572265063774,350.03792781907055,462.081813691552,132.09032571856648,83.46585878660387
521,110,0.0,-17.639532208119164,-0.6734487467019826,-1.2829586567224283,0.10809019868516251,0.026701364666223526,13.371116172987968,12.46727508911863,0.0939750513061881,12.373300037812442,0.0,20.679397868879377,4.122578179641451,39.43476875093846,0.0,1780.585545253568,329.1357044022533,436.3922815302888,152.4069581383818,102.45188485681663
522,99,0.0,-17.789733520245132,-0.6670838656206013,-1.1560625269765943,0.13538005418374935,0.019867772236466408,11.967897138092667,11.14810690889135,0.08459238847717643,11.063514520414174,0.0,22.40829709712022,4.958679866676008,37.21814789975665,0.0,1602.3094409163095,411.48351987730376,546.5965412243601,172.75653444446138,224.14102749581724
523,65,0.0,-18.01209752585626,-0.5729510517858305,-0.8021786507315938,0.0758742123107757,0.006686834152787924,10.150943161919713,9.506510655861348,0.05587375210598111,9.450636903755367,0.0,8.978766153051696,1.0083940474355537,33.03037018067464,0.0,1053.6902017069315,233.09301832623055,306.9441315429708,101.47417367634658,61.57719596171401
524,81,0.0,-17.700149157455538,-0.48912847631910966,-0.983386308965782,0.05320194135934717,0.019909530878067017,11.901985364966094,11.149935414083302,0.06945754773914814,11.080477866344154,0.0,11.790717961848522,2.162662429742093,34.049147787077025,0.0,1312.5694303787925,166.41394773130457,216.04539469461514,124.36741073982299,15.399624597324287
525,68,0.0,-17.684472087867995,-0.23530965014402244,-0.826857425972548,0.06854072066151051,0.013325808569788933,8.968588596209884,8.27865618467331,0.05854080663993955,8.22011537803337,0.0,2.6670528654554087,0.826731358771789,33.91049837220525,0.0,1101.816459324847,208.29861453120674,276.97776120215764,101.397228234639,54.27030650027596
526,115,0.0,-17.780492609941973,-0.8051321668261899,-1.4183443455514833,0.12032550783153581,0.006677977275103331,10.863468806724995,9.95503567205742,0.09763971110805869,9.857395960949361,0.0,21.74845369137161,6.447901340780927,35.81408581903957,0.0,1865.8215992409978,372.6778339337726,487.4444811704812,183.94065294786003,69.59030905614229
527,102,0.0,-17.874177902599758,-0.7222776673610831,-1.2900383939947861,0.09887998938930978,0.006712449714541435,9.134895846247673,8.308591846842319,0.08626656839624047,8.222325278446078,0.0,20.216694736826856,6.238370767713824,32.713187483471444,0.0,1654.920737036711,302.39187117002757,399.31703930561497,129.27504291771655,37.33507361287092
528,96,0.0,-17.750842528234813,-0.6247531874241601,-1.0820961300412573,0.14311404455086893,0.006779393646866083,11.101708474103361,10.237425277009606,0.08147032279521227,10.155954954214394,0.0,18.553877636337344,4.411745404856273,38.63475159630632,0.0,1553.2401050020721,430.81025262469205,577.0108621496072,134.3808297088652,121.82354227155318
529,95,0.0,-17.79616106193812,-0.6909756966095518,-1.1265087361127,0.1112364916166668,0.00669292313978076,9.906464277766645,9.11604328872636,0.080663719214499,9.03537956951186,0.0,20.950110652242422,4.478976554027713,36.351730599081854,0.0,1538.4008004267403,338.4090430577183,449.39080775110324,135.25822829640492,194.79079545952922
530,86,0.0,-18.050282004018406,-0.6549409520271128,-0.9709622552980961,0.12761648804602407,0.013376601971685886,11.206349052023143,10.442682012915611,0.073464369866997,10.369217643048614,0.0,20.12547497918011,3.1756782165267126,37.953392515373245,0.0,1390.63224940791,387.60475084864515,515.2094748710683,140.47184368120026,143.33139988261323
531,97,0.0,-17.83127198141958,-0.6731555901364539,-1.2042263809507516,0.09267135909725423,0.01995384693145752,10.914854619186372,10.079530660994351,0.08324594842270017,9.99628471257165,0.0,19.29842245066724,4.508339494947892,35.8147400445962,0.0,1574.607314416577,284.73874230856524,374.88044015104515,150.0598406194291,40.4187263561088
532,57,0.0,-18.005174883424417,-0.4004953558985145,-0.7334479980151781,0.09562038767443756,0.03987371176481247,7.215134867001325,6.633888721931726,0.04953765170648694,6.584351070225239,0.0,10.595802769323516,1.708080048063305,30.820194104844877,0.0,925.2722448754164,291.28246186997137,385.5094926315572,89.68638032849694,90.28966723807898
533,720,64.02729676502203,-9.007927847018893,-3.2952371859969656,-3.1764490044549247,0.6736904462651124,0.006728900596499443,44.38045634422451,39.88418434280902,0.6053275698795915,39.27885677292943,0.0,42.25480259362554,19.147570713181125,36.255423662917096,11.310287240366575,11596.979980238402,1859.1061938707758,2728.1045936329724,1043.2490530826735,417.5583543373511
534,72,0.0,-17.94360834436556,-0.5856862048844833,-0.8979972748209496,0.07109665382753175,0.019962962716817856,8.497043550945818,7.845371274743229,0.06199573818594217,7.783375536557287,0.0,24.627783532181716,1.9418796091642214,32.657917796963424,0.0,1168.078513196391,218.62107229758575,287.06130314837816,100.05039261712656,121.2088178996142
535,171,0.0,-17.462723422283748,-1.0807133135441975,-2.0722141155375624,0.17603776797811307,0.013345710001885891,14.218726983759552,12.99387441854924,0.14451689599081874,12.849357522558421,0.0,32.207187147232965,9.686843640422152,35.42917434795219,0.0,2771.972954519506,544.5824389001327,712.9622944334714,277.1356680670184,216.84234551006202
536,70,0.0,-18.07214571051525,-0.5107361450361484,-0.8808348202238372,0.11832375356400102,0.0265349093824625,7.146963715087622,6.518380187917501,0.059995160438120365,6.45838502747938,0.0,16.336480762427705,3.8146805880807824,32.83605157772648,0.0,1135.9902213390835,357.5239464395317,477.22422356354787,115.7213481769602,113.11623480499085
537,68,0.0,-18.1812064248671,-0.5030531413646625,-0.8397189482823222,0.13402470682837087,0.013348196633160114,8.222446443978697,7.5645651877857745,0.05848547210916877,7.506079715676606,0.0,17.322229870498575,3.1027627407056433,33.77978850205781,0.0,1102.7263769227538,403.63628471943855,540.0746634238232,113.57198656820775,140.39592739749565
538,57,0.0,-18.071327010280083,-0.4196273427413765,-0.7288537168039078,0.09356112291149889,0.026800917461514473,7.1094689457677305,6.55358939897269,0.049234884325414896,6.504354514647275,0.0,7.777865606206462,2.1622608291444156,30.026589625362522,0.0,924.7389248834626,284.7770046929494,377.29310227921104,89.22437168297633,92.77325807632516
539,720,39.13187708864475,-11.362595401848607,-3.857944730728705,-5.125810135578666,0.670603710877469,0.006766930688172579,42.84373667277396,38.360885814763606,0.6019836766645312,37.758902138099074,0.0,42.26279213789868,16.269187345477576,37.56989201445334,12.646791856276781,11612.608028943581,1957.1360320759868,2716.4417739286155,1084.9247956768847,420.8062601231875
540,88,0.0,-17.90636987308956,-0.6260258866759814,-1.0491633244542236,0.1141870411247953,0.00022460424224846065,10.057206369005144,9.267380475066602,0.07583113247528672,9.191549342591316,0.0,18.94853039315407,4.743014489770311,34.63148077488316,0.0,1425.4955584200045,347.2315710004873,460.8132037843479,130.78806117701276,58.46144748927727
541,109,0.0,-17.859535483218767,-0.7584405815749033,-1.2670541382129707,0.1720342481873225,0.0001990449381992221,12.281173543073237,11.404472388327122,0.09331282088533044,11.311159567441791,0.0,21.9114322888111,5.685660382754495,39.85024299582231,0.0,1766.1297107988805,516.6073882210283,693.246409437259,160.91055876840227,384.9529544223492
542,75,0.0,-17.938243879212255,-0.6135385603773099,-0.8659707902566236,0.10687150744120359,0.013373475521802902,9.77895150706172,9.098230274859816,0.06455631693825126,9.033673957921565,0.0,8.877784016471633,1.6061361189202101,37.28166543335914,0.0,1214.0666687913983,322.6989985792475,430.89417688935515,110.44755037085561,175.8233923324612
543,720,49.25008428924265,-10.621880819204094,-3.7930837545159846,-4.247437484138302,0.6571667374752369,8.836956112645566e-05,41.111973932012916,36.608693957328796,0.6014578174799681,36.00723613984883,0.0,42.215897560498775,16.80707659383527,39.8850487595094,15.005717236069533,11596.154660133783,1881.8597580593703,2660.9292047694967,1158.3321995865008,191.11352665733523
544,80,0.0,-17.92202833331061,-0.6770190890266453,-0.9141796593009226,0.08769789723391143,0.00014380869106389582,9.53049525199458,8.821689472999424,0.06957370415329933,8.752115768846124,0.0,16.674864002989885,1.9573615314225563,36.55444335819702,0.0,1294.122896433182,267.22293254821653,354.4830357782165,116.86712243097553,140.30921504443066
545,83,0.0,-17.86470898071858,-0.6538172769926544,-0.967907813751308,0.09371473203023947,0.020016144961118698,9.907504110131413,9.172318486962467,0.07171766273677349,9.100600824225694,0.0,18.295487561251807,3.119879417747505,35.14193895873745,0.0,1343.2715588207582,288.2630052840531,379.65818267083694,120.43639903126187,115.1169628651032
546,58,0.0,-18.000813454403957,-0.4105478598920641,-0.7529167916034768,0.087156889291095,0.033261485397815704,8.928750280290842,8.332765421364456,0.050991092808544636,8.281774328555912,0.0,22.371189346942533,1.414463556377668,30.48680999380481,0.0,942.2200974853447,265.0035344488234,351.2365123069036,90.31811261588342,157.02443162121193
547,58,0.0,-18.041431282959486,-0.45002168030071116,-0.7314570422505492,0.09552927444784771,0.006727522239089012,7.8025911138392985,7.224128691013902,0.05008434038609266,7.17404435062781,0.0,10.885288280059209,1.9089223897741958,30.634768031517407,0.0,940.3141262253339,290.90520367017103,385.21606791648725,89.2833435034119,203.13027857493972
548,62,0.0,-17.622789305186704,-0.23686961030221074,-0.7792948415919391,0.05144214546884176,0.019936420023441315,8.048497166018933,7.453765877056867,0.05310958484187722,7.40065629221499,0.0,2.166206749657966,0.7075461206429194,31.08623908822298,0.0,1005.183579505939,160.00451223715757,208.385515069404,76.8001295216642,55.35193426775466
549,101,0.0,-17.567815972607338,-0.49873359772521364,-1.2293716732873525,0.08284226216726881,0.006980098783969879,11.621997996699065,10.784825012087822,0.08708614436909556,10.697738867718726,0.0,19.027687504905085,4.067297087210939,37.10864846201648,0.0,1638.3357704147675,257.055891935027,335.93641569089533,158.32458362933886,27.232039774987996
550,85,0.0,-17.88386921448998,-0.48253979802040725,-0.9952658055055614,0.13076826595376165,0.026851747184991837,10.989485213998705,10.240321400109679,0.0733385463245213,10.166982853785157,0.0,20.315782704294076,2.8810256335434494,38.90487189274195,0.0,1377.5602392379003,393.70565176352545,527.1987236459373,132.43678338338745,168.250847385195
551,67,0.0,-17.92942623701358,-0.4998269518206579,-0.8256878910020077,0.10057098295170976,0.013483421877026558,8.155325978063047,7.5255532949231565,0.05764129804447293,7.467911996878684,0.0,14.798036035291286,3.1638521173990433,31.71901574361372,0.0,1085.6702573671973,303.3767100810651,404.6840419563686,78.12078457130819,224.729044614048
552,75,0.0,-17.88382090171893,-0.55160736249324,-0.913571832630705,0.09389548368217532,4.0781749703455716e-05,9.71890093991533,9.00582976685837,0.06484102364629507,8.940988743212074,0.0,21.30208935424791,2.7317914112863466,34.20138095891735,0.0,1215.0948049256594,285.4654184431484,379.2207761790654,121.63721896590307,203.92602905113824
553,720,38.73434709153719,-10.650995288325335,-3.818521315916914,-4.629092722712835,0.6060079285318344,0.013379592448472977,45.157477288972586,40.63971512019634,0.6037497497163713,40.03596537047997,0.0,42.26325792263455,16.459581089466013,35.45991932772552,10.616536109746544,11615.791871705813,1756.1299869436418,2457.6509632431416,1137.841445168408,329.342661491582
554,108,0.0,-17.79273030410363,-0.6451072143088535,-1.3722849893330693,0.12614929063830713,0.0067296321503818035,9.839219316840172,8.946675180923194,0.09305138327181339,8.85362379765138,0.0,30.140904648070034,7.337632216540719,31.920388564986734,0.0,1752.094143773286,386.769119478149,509.89399845483877,168.0801710321815,118.0300876644139
555,78,0.0,-17.7180421162349,-0.44207083536467306,-0.9971635120292468,0.05598252278815164,5.429950397228822e-05,8.4191889683716,7.716967846732587,0.06747306184843183,7.649494784884155,0.0,7.831927356726409,1.1181314564065141,33.08670259535194,0.0,1267.6084426823757,176.14311284038993,227.7127149556249,108.5056982394939,66.73450527471297
556,79,0.0,-17.945440092958435,-0.6218290353092033,-0.948673729608037,0.09225218622863539,6.501741881947964e-05,8.51494255522266,7.831945620011538,0.06822116347029805,7.76372445654124,0.0,18.705089017162166,3.3098816505805235,34.05307633493443,0.0,1279.2253079384716,284.776829226516,373.3589006602202,133.37406212237158,35.33843854123352
557,74,0.0,-17.933416358378746,-0.5470567739196254,-0.9196623595952836,0.08974085131988033,0.02651655487716198,8.780357737094164,8.14913656981662,0.06455366499722004,8.0845829048194,0.0,20.75434275847999,2.888408696237114,32.778645931707366,0.0,1199.589642454299,275.19895725091226,362.9820102804203,116.93932133980923,135.6423969732591
558,52,0.0,-17.904518191902554,-0.23312516450106396,-0.6602504784236376,0.09335876081054682,0.019915040582418442,7.775209707207978,7.185829454101622,0.046297576278448105,7.139531877823174,0.0,3.580303296944704,1.1583426152608827,30.02386938748536,0.0,843.0349536157806,283.0424177845764,375.96158325625726,67.85559848748848,147.98180211282065
559,65,0.0,-18.04731273099937,-0.46779194992948964,-0.8176179702675954,0.10778936324888098,0.006725634913891554,8.172657751012594,7.569435187149793,0.05642064241692424,7.513014544732869,0.0,23.85528473148714,3.396334929875338,31.28355636193818,0.0,1053.9318441764856,325.3167108193054,434.0005080914767,100.5504887819396,163.5561275707094
560,72,0.0,-17.87018676044458,-0.4789965128295622,-0.8536440465348654,0.09647229981799992,0.013235879130661488,9.392971481196582,8.728356940671802,0.06280198972672224,8.66555495094508,0.0,8.619172981737188,1.7113555407227345,35.29481372677789,0.0,1165.9484991862803,291.6280301143596,389.4679225583604,108.69312534572285,145.82640113827154
561,86,0.0,-17.963838450728932,-0.6349209612334585,-0.9815177054110256,0.1387561924517177,0.0067102545872330666,11.16186963301152,10.392649767920375,0.07503894530236721,10.317610822618008,0.0,18.326852859399583,3.282972424397197,38.50784294867374,0.0,1392.0898304142015,416.12047618521945,559.2156813271612,131.3591012669254,228.7228053588884
562,194,0.0,-17.546343183720353,-1.171174500594472,-2.6888733801617257,0.1680805395823023,0.006767366547137499,11.99226027308032,10.632036325056106,0.16336814360693097,10.468668181449175,0.0,34.484249412396366,11.233502937722022,31.349323147797183,0.0,3168.579302752442,528.143291855285,681.407281339156,306.62277525395956,136.50658265822736
563,86,0.0,-17.79396727035996,-0.5686900090517675,-0.9915538016668763,0.1170691294391574,0.02011352963745594,9.116314435843378,8.384174030274153,0.0731570478528738,8.311016982421279,0.0,22.35243009772577,3.363080473256202,36.97654691927029,0.0,1391.56633829216,355.03571039331786,472.3354652878239,116.68774993230343,218.26676297087496
564,93,0.0,-17.813054799018747,-0.6464295211052165,-1.071560695766205,0.1428653512361027,0.006672284100204706,10.587323470972478,9.790813136845827,0.0790469846688211,9.711766152177006,0.0,25.040901992826075,3.778789089886573,39.193361518883826,0.0,1506.267777147671,429.6027704253153,576.0418439993801,128.93018507565358,238.68185978012906
565,62,0.0,-18.132240428094295,-0.402058900802612,-0.7997388844076683,0.12187135546860062,0.01322773564606905,6.9627787340432405,6.374859322793782,0.05315358145162463,6.321705741342157,0.0,13.984626216133842,4.068379299475942,30.392135158240976,0.0,1006.4895335376553,369.55852055139206,491.01890314289807,111.13149307021791,157.46694723807457
566,62,0.0,-17.91858873241059,-0.379504786592982,-0.7795886647523825,0.09073891088282818,0.006722810212522745,7.022021566983312,6.410074013751,0.05342229176312685,6.356651721987873,0.0,19.093392502267445,2.3493305951371206,31.143805291824634,0.0,1004.96044266429,276.3516416826571,366.33726428870153,104.33627463988819,117.27879151252577
567,63,0.0,-17.893065409176383,-0.3982346530999794,-0.7714716978105385,0.10198629695041804,0.01987623982131481,9.859493354801089,9.26493380498141,0.054090887773782015,9.210842917207628,0.0,13.797099325173088,1.9070192878088432,33.22252326916726,0.0,1020.9850443314868,310.1240427969925,411.26222083404,91.26034045190697,218.86117200520968
568,100,0.0,-17.657969138718943,-0.7742145027130503,-1.1198548443087017,0.08811016139821079,0.006620429921895266,12.193712587933987,11.341196118853986,0.08469682931900024,11.256499289534986,0.0,30.25803762787757,3.27249718392585,39.04431184732566,0.0,1617.878244381894,273.2491879521212,358.4900891535653,169.07131272546272,44.72079174160347
569,61,0.0,-17.735398578903954,-0.2734347767961747,-0.7580655319305585,0.06609120676225977,0.006653863471001387,9.145959024317563,8.522890959866345,0.05233211209997535,8.47055884776637,0.0,2.7772671194296756,0.5370932567863734,32.014006861745784,0.0,988.6747233566084,203.10868959473257,266.84447828296186,78.4747377699332,99.09434319377344
570,78,0.0,-17.79444962832336,-0.5204838144772909,-0.950654384448945,0.07306220230788679,0.00010004751675296575,10.257575688883662,9.539298398885876,0.06602102518081665,9.47327737370506,0.0,16.838215152575877,2.1631311119067798,34.38638607511527,0.0,1264.410244900214,227.6313618106884,296.29642679349985,131.26560400391577,81.60885625838962
571,168,0.0,-17.65509642697128,-1.031911901800539,-2.2604997122381985,0.1613500367075541,6.709612353006378e-05,15.413944518659264,14.183921084739268,0.14155008643865585,14.042370998300612,0.0,32.53265398209572,9.760017141137148,34.56198063798441,0.0,2736.363717500891,505.1252089330771,653.524467228204,236.3746212308928,160.62521943619214
572,73,0.0,-17.876828689404256,-0.596322613881652,-0.8748835263063347,0.06904619172395232,0.02641090750694275,8.540466201957315,7.86252915719524,0.06200571684166789,7.800523440353572,0.0,10.669913846278991,2.079185481896908,33.263421442889154,0.0,1182.104583615619,213.23224849721475,279.248154514296,94.46747387431635,159.4691479447091
573,105,0.0,-17.932895233962626,-0.6351026347652591,-1.2390376544047261,0.17424679217557248,0.013264089822769165,12.798426130786538,11.929922359995544,0.08888965332880616,11.841032706666738,0.0,26.249663029465122,5.5915711859993165,39.721842704150475,0.0,1701.7552409570794,526.019376691248,702.1492588677153,158.9502654154483,212.05952429132455
574,68,0.0,-17.914764451719176,-0.5139500370949163,-0.8567467677856702,0.07179320563058293,0.019940335303544998,8.675386106595397,8.009777746163309,0.05798015184700489,7.951797594316304,0.0,18.372628494387573,3.275379602727797,30.11854705022422,0.0,1102.748781644742,221.5111531088119,290.1732429109998,80.72627456645223,73.79586319173944
575,106,0.0,-17.645121889612877,-0.6894466582942983,-1.247542651826833,0.08845867184566336,0.03286045789718628,12.245471244677901,11.35023521212861,0.08968096924945712,11.260554242879152,0.0,21.742776984864722,5.5526693507849085,34.41784772191158,0.0,1714.23624751894,273.1685416555066,358.13482703634486,151.14282858579998,140.82779090014984
576,63,0.0,-17.914399465910567,-0.40752812898551866,-0.7649358315106518,0.10277364419214366,0.013404028490185738,7.86469524120912,7.250450660008937,0.053740698378533125,7.196709961630404,0.0,13.31030940234797,1.621966528791059,33.12992131299871,0.0,1020.5513863527341,310.10602021286735,414.26277298141645,95.63546131944847,168.2377957319173
577,71,0.0,-18.08539585701248,-0.48463550218360585,-0.9127446831755042,0.1369153164726763,0.006650303490459919,8.753827693872154,8.13352901302278,0.060512376483529806,8.07301663653925,0.0,25.377339108454343,5.399171129285865,30.805632438914493,0.0,1152.8133300941831,411.43385368229315,550.5298571557753,90.56695272102009,390.519390568364
578,73,0.0,-17.878629535898938,-0.49675093716692137,-0.8627521213130201,0.09309788506063751,0.013255702331662178,9.646638527046889,8.97004289412871,0.06223263079300523,8.907810263335705,0.0,11.197112730646213,1.0321855625260075,36.222229285469204,0.0,1182.4537476410103,283.40289564100556,375.5662267996343,128.1456715843259,152.23900788415193
579,83,0.0,-17.796261415451003,-0.5796534281733364,-0.9726742160912428,0.0809544255807002,0.006604891270399094,11.357899989001453,10.626329715829343,0.07046418683603406,10.555865528993309,0.0,11.69374056937583,1.481710879979959,37.81059584774653,0.0,1344.1889569038465,245.81876494043317,327.13654302602754,113.48192677191611,173.45378794629124
580,100,0.0,-17.81879181168182,-0.7060563534608272,-1.2194608431650962,0.10860235810515455,0.013239610940217972,11.404432584065944,10.545286046806723,0.08480991935357451,10.460476127453148,0.0,27.139789730892176,4.977893586540182,36.55477928445446,0.0,1622.4433071943647,332.33663572312526,437.8139469433136,136.6878001521164,120.22027550331866
581,90,0.0,-17.748262811196007,-0.6018875319056732,-1.138567343512081,0.08245513475221966,0.006588271353393793,10.757188101764768,10.007157249841839,0.0765379392541945,9.930619310587645,0.0,22.734728897379213,4.5823862997521445,33.73624049309672,0.0,1463.1021336155452,255.05980646594642,334.1962784436013,130.43929216671083,145.64813918363902
582,104,0.0,-17.66061409857088,-0.6895110630631067,-1.1858559880106503,0.10571819782824945,0.00010511402797419578,11.510195798240602,10.653621587436646,0.08839194616302848,10.565229641273618,0.0,21.895560223577885,3.795379876768627,39.443636638409146,0.0,1682.9838883447728,321.370945699131,427.8914084685122,159.4468453263274,92.97605965422599
583,69,0.0,-17.839733012939444,-0.43198999018855794,-0.8675437375086256,0.07611252212385076,0.013288789428770542,8.34823546698317,7.688782891258597,0.05884431442245841,7.629938576836139,0.0,15.890109967188634,2.404248677206263,32.301009833862786,0.0,1119.384074706722,235.80619248851838,308.4812619846394,119.4120199086973,71.95168285776406
584,73,0.0,-17.934706633046943,-0.5575587743386815,-0.8459715624183549,0.11755061981337983,8.716565935174003e-05,9.355174710974097,8.689912640023977,0.06250686990097165,8.627405770123005,0.0,11.591342827264958,1.579409008300024,36.88911811453269,0.0,1181.7272200068292,353.99397709518456,473.7668451393994,107.08695631167485,233.13661688130637
585,142,0.0,-17.653542607255712,-0.9764784290754585,-1.7122874777947832,0.14701867368033414,0.0001383393828291446,15.663764358032495,14.613595336675644,0.12023000000044703,14.493365336675197,0.0,30.206531429830314,7.94588145980756,37.61009983940554,0.0,2303.6768349971453,449.016232418977,595.0079473710908,250.67919301677415,211.08192774402428
586,91,0.0,-17.7148929626336,-0.5055202831132075,-1.077620083564077,0.11115815274994341,0.01326431892812252,10.602542369160801,9.81442856695503,0.07744031073525548,9.736988256219774,0.0,27.77721635717026,4.1387705610134935,36.185094448595294,0.0,1473.7419421274894,341.7235910941154,448.36567954210557,111.41244788780085,187.35074502323576
587,100,0.0,-17.760182197345564,-0.7021169605010826,-1.1670911988420398,0.10013692115445127,0.013235833495855331,9.035939891822636,8.205001834314317,0.08452811324968934,8.120473721064627,0.0,23.66939186167988,3.8154500065973935,39.160275890267755,0.0,1621.0720852707016,303.6633727955892,404.5126014713985,145.585648614989,68.17905346665182
588,70,0.0,-17.91393734132155,-0.4843453861020635,-0.8638304274826767,0.10406920447352797,0.0131803248077631,10.245140959043056,9.594587871339172,0.059593241196125746,9.534994630143046,0.0,14.833426663955128,2.2466110390240615,33.489344581537594,0.0,1135.3223741903546,315.0508629781868,419.52825490856424,89.11216507393358,237.64875451675186
589,162,0.0,-17.884589515080616,-0.9893881279638181,-2.1879013986657867,0.21164023300038318,0.01973801851272583,14.055412418209016,12.86762304790318,0.13641951559111476,12.731203532312065,0.0,32.9797864340055,10.366563372831926,34.826170498648054,0.0,2639.895698971477,656.4114610993497,855.7253824805526,248.4810503405453,151.64605930917025
590,720,45.70377798497449,-8.872830201250082,-3.6011963346808082,-3.5628027833252816,0.45651973922080763,0.01333555206656456,44.63010739441961,40.17041491623968,0.600931232329458,39.56948368391022,0.0,42.23216690000923,16.618139665893143,36.62862899723553,17.348736474820317,11585.255890099432,1285.6757289708826,1853.5009656489526,1080.7287679612236,15.755786064939015
591,82,0.0,-17.931198095328185,-0.5328452574186702,-1.031216815606193,0.13039199224221568,0.00025329855270683765,9.702551526017487,8.945712016895413,0.07001003855839372,8.87570197833702,0.0,21.356259811884026,4.5646193287594725,34.512335723804945,0.0,1331.8279158538671,396.33265442466745,525.8124824658705,132.8732338320441,253.2027042480176
592,103,0.0,-17.82525394533118,-0.7029700918461086,-1.190775895912172,0.15687780186866931,0.019988730549812317,10.90768338413909,10.06066188076511,0.08748072478920221,9.973181155975908,0.0,25.144497109466098,5.444565584904313,38.225432998810426,0.0,1667.4179971820818,469.62940218744865,632.0149409769997,129.88815898290107,347.33881678584294
593,98,0.0,-17.861941700260086,-0.6962719887235357,-1.1677477372407985,0.09805314841548216,0.006686712149530649,11.763499065767974,10.930158523842692,0.08393138740211725,10.846227136440575,0.0,22.63681406901707,3.5643009761094966,37.8130548752209,0.0,1588.4591692151876,299.7179531554013,396.40954530289355,147.78809263531875,48.20493860495282
594,78,0.0,-17.921028565031627,-0.6266252134854242,-0.9583602486967526,0.07551691989276153,6.376401870511472e-05,9.563622020184994,8.863579353317618,0.06709197210147977,8.796487381216139,0.0,17.15317022739536,2.624109044379419,33.197971165577364,0.0,1264.272409345879,234.30142622731228,306.92292953136825,132.58501757638402,135.9855446108603
595,179,0.0,-17.637902299350344,-1.0966174991386126,-2.2676469727067228,0.20122974199998783,0.01322273351252079,15.389117480721325,14.149867182131857,0.1524710995145142,13.997396082617342,0.0,37.236416588876665,10.730445759023713,33.17102218270565,0.0,2905.557156695216,621.1861485383791,813.9008127983182,263.7272295092794,41.881266032398365
596,94,0.0,-17.86594380932081,-0.7204299975964675,-1.0794577595843582,0.11470179836374543,0.019875312224030495,9.855643196962774,9.06868016300723,0.08084460999816656,8.987835553009063,0.0,19.074680670670556,3.2682035133299747,38.977841762261825,0.0,1521.3694715770282,347.0933208341623,463.0554618785072,124.61108736801877,100.48193692378449
597,126,0.0,-17.70806807964631,-0.9046041685107541,-1.498200496913824,0.13422998052849167,0.00668311445042491,15.165295375976712,14.159870035015047,0.10769359022378922,14.052176444791257,0.0,30.94320129625917,6.868512984719573,37.83458027686167,0.0,2043.8156959248465,414.4760304953434,543.2631914976328,180.37272826009735,78.43764185239758
598,103,0.0,-17.813017318203006,-0.6569912938681705,-1.2463686764005844,0.13028571482366977,0.00010111556912306696,12.282919071149081,11.43851010594517,0.0878250366076827,11.350685069337487,0.0,25.72428344573739,5.752912938567716,36.25205411453654,0.0,1669.121671763514,397.7482633241816,525.588428465983,152.9107154485939,187.91492751271232
599,65,0.0,-17.87270006302145,-0.38593133212966463,-0.817209896198918,0.08514897206185436,0.0001021578791551292,7.900024959351867,7.278090763837099,0.05598185025155544,7.222108913585544,0.0,9.663960250570883,2.927260061062267,30.627348239303874,0.0,1053.5648101154568,259.14864922049924,343.3372519620838,90.95133949661749,59.48481276330579
600,79,0.0,-17.94485839840494,-0.5554376101667319,-0.9609981752817517,0.11740741759999426,0.019891846925020218,10.551368676126003,9.814854594878852,0.06812824308872223,9.74672635179013,0.0,25.080025091475957,3.663043001977913,34.65062558121451,0.0,1279.9744995236128,354.72719168718044,473.25167119731447,115.5942608742025,230.5056961554221
601,82,0.0,-17.942596132791444,-0.6735709650630833,-0.9481141788952668,0.10345813920141568,0.013252466917037964,10.146394847892225,9.459315105341375,0.07015526667237282,9.389159838669002,0.0,11.740474353515312,1.3568185896115514,38.7648468133849,0.0,1327.8702686423856,311.5705069210902,417.62121071061665,111.39584281872006,180.12725499049205
602,720,14.964513314965492,-12.560924931759354,-3.9384926124840134,-6.336575418563339,0.573564815772879,0.026249321177601814,42.08426961116493,37.61226727627218,0.60618159128353,37.00608568498865,0.0,42.26337396829388,14.518192193040973,33.935217673346216,9.433070550356929,11633.138230429113,1703.7003635608933,2320.196589941427,1064.7872713624165,238.9315662756308
603,75,0.0,-18.04782933609148,-0.6144099375742439,-0.9134942421714132,0.1073541113159005,0.006668813992291689,8.99560812395066,8.323696819134057,0.06590481288731098,8.257792006246746,0.0,24.930756278922516,3.2035623825594803,33.893125481675774,0.0,1214.783722505421,326.6588460694939,433.5492891413358,117.96686426182896,218.01585782471136
604,70,0.0,-18.009398753672222,-0.5164213358192393,-0.8672471803240857,0.10910758686903849,0.013124316930770874,8.904641363304108,8.235833609011024,0.06215755920857191,8.173676049802452,0.0,13.365421291897542,2.9946644671535054,33.45980896202677,0.0,1134.9520866285823,332.1516806432976,440.27613708278693,105.27653417360082,57.136500130528724
605,131,0.0,-17.699299295362845,-0.8715636664178611,-1.6043017450692498,0.16166129552383654,0.01988997310400009,13.838738990016282,12.81126814102754,0.1139781097881496,12.69729003123939,0.0,28.54806283975913,7.610281003692943,37.02597591907556,0.0,2122.5469417069244,490.0414094483857,651.4154750317504,166.12949753749712,303.6502057118767
606,79,0.0,-17.832602476915195,-0.5053234439576066,-0.8819988859143881,0.12117886067450781,0.02618943527340889,10.804918054956943,10.111825454980135,0.07009590091183782,10.041729554068297,0.0,13.180770647648217,1.4297691762004237,39.02832002614377,0.0,1278.1076109355492,364.4263544229901,488.60828164600844,120.03607043525439,163.28716760302706
607,71,0.0,-17.943982483485446,-0.47875139061826516,-0.8881032722819553,0.08819494294502904,0.006656831596046686,9.621773052960634,8.953910836018622,0.06302813393995166,8.89088270207867,0.0,24.77753852649327,2.1242179685230007,33.63841414549599,0.0,1152.2112992565721,267.9129972949735,356.16716857914076,113.56560315859304,77.00568638764257
608,64,0.0,-17.92236863127052,-0.44339210613108027,-0.777327683224678,0.081079909550488,0.013245206326246262,8.356491364073008,7.7289666859433055,0.05719114886596799,7.6717755370773375,0.0,13.073096553151425,1.7737737377227405,31.73145020130243,0.0,1036.269553153977,246.77480415789833,327.0925581744797,104.15511290809157,118.91956920747539
609,87,0.0,-17.95222605839212,-0.6088429240593745,-1.130294878853419,0.0948333280918524,0.019808655604720116,10.221422549337149,9.466144655365497,0.07643268117681146,9.389711974188685,0.0,22.594779232016066,5.7797635186725,30.181875118544287,0.0,1412.0163253597777,292.57783930405765,382.85747066605444,148.82575123850458,128.87242300510263
610,97,0.0,-17.840093443233002,-0.7001154451943342,-1.131378424279327,0.1150935072954387,0.01980571262538433,9.770789300091565,8.990538069047034,0.0840202271938324,8.906517841853201,0.0,20.707371828577593,4.870485390236904,35.9386018098109,0.0,1569.6464898675658,351.12449191696203,465.29234679668036,165.4862909307783,144.19535619609653
611,85,0.0,-17.749014308990127,-0.6290227017695076,-0.9688983516794579,0.08515293701095238,0.013210758566856384,13.94504095101729,13.164874556940049,0.07628870382905006,13.088585853110999,0.0,15.72005939763369,1.088244583995119,39.42695124833873,0.0,1376.2422992262225,260.9640068573922,344.6791093325377,128.88449537516271,50.19682024536128
612,85,0.0,-17.89852833885712,-0.6064732020340339,-0.9843952917577815,0.1426170176541988,0.01950494758784771,10.97729857917875,10.217669286765158,0.07326243026182055,10.144406856503338,0.0,26.391875403564608,2.7658399606919786,39.12434169810387,0.0,1376.799612228147,428.8990367645335,575.1790088902161,133.12719245163623,242.0442793345368
613,93,0.0,-17.720942549977487,-0.5729529285152986,-1.07492097301916,0.13238386791869838,0.03303566947579384,11.653362279757857,10.85661225905642,0.0798243717290461,10.776787887327373,0.0,20.74400839901951,3.533349298386102,39.50532080752272,0.0,1506.9250304870936,398.18539072001766,533.7049584792115,116.7235705621028,135.40358884054064
614,85,0.0,-18.153873437627702,-0.6091294426635494,-1.0510895500900221,0.15189776422906937,0.019854174926877022,9.620821276679635,8.890212267171592,0.0742423883639276,8.815969878807664,0.0,18.53714437933672,4.533147554341939,36.292057121231316,0.0,1379.4309941948932,453.60836286767193,611.1548691164049,125.26626233482293,411.1084253053994
615,66,0.0,-17.94801530842107,-0.4217619906382062,-0.8437878305642512,0.10749546078093809,0.006711756344884634,7.8123515881598,7.184344720095396,0.0580711392685771,7.126273580826819,0.0,18.500280401664764,3.3423904978416275,31.59151199308983,0.0,1071.4596866199886,327.415313666602,433.2802190111035,89.77631465648305,232.9955492451537
616,66,0.0,-18.010271105756026,-0.36053083440925715,-0.8142581472286989,0.10765487138959887,0.006627005059272051,7.297773150727153,6.680290400981903,0.05682320287451148,6.623467198107392,0.0,13.309407628516494,2.1430235718122854,33.23616537567385,0.0,1069.5541917231049,324.93052772455513,433.60271747697504,104.89935108132687,19.4735649582507
617,84,0.0,-17.646278700643183,-0.4780846208178752,-0.9549723102475852,0.09332386460190407,0.026383325457572937,12.043134645093232,11.273946630768478,0.07234463142231107,11.201601999346167,0.0,11.61243244131286,1.6350950337700445,38.71588065485503,0.0,1359.197346797769,282.81552379155676,375.95855186467537,132.062562752453,97.22639915586781
618,62,0.0,-17.87924469013527,-0.4250626694283374,-0.8033275421258772,0.07276016374018357,0.013333003036677837,8.525994853116572,7.915305290836841,0.05332723679021001,7.861978054046631,0.0,16.03161563562619,1.9974779157948674,30.55072074700309,0.0,1007.0744332252345,223.57411125472566,293.89427165384905,80.95728112003474,161.8469736191045
619,100,0.0,-17.681036666254037,-0.6542621806494504,-1.191569448986662,0.10330806395205647,0.03960400074720383,11.753824349027127,10.926645887084305,0.08477532863616943,10.841870558448136,0.0,19.22335974634643,5.484035100903121,34.709856623989275,0.0,1619.3503982484615,319.60444385760155,418.47704265520554,142.7798571457139,150.8958079605756
620,103,0.0,-17.916207778264,-0.7245552916627416,-1.2479625194168116,0.14799827895137938,0.006741073448210955,12.795944970101118,11.94529457995668,0.08770661428570747,11.857587965670973,0.0,26.944546847103048,5.771648699341887,37.337988229994174,0.0,1670.1816433533088,452.42816692619874,598.205458759268,153.3615485288706,68.18470888034335
621,128,0.0,-17.847662560090647,-0.8314652815433222,-1.597493901212959,0.18098963515225686,9.628025873098522e-05,13.573997902218252,12.55825202492997,0.10829202085733414,12.449960004072636,0.0,26.32894885274777,8.104662534345593,36.00238042049271,0.0,2076.1707364490217,554.8115839903905,731.1419601621575,203.30025938562144,212.0605866535732
622,61,0.0,-17.895265919696325,-0.46646316713401365,-0.772269658789302,0.04765395995458604,0.033093541860580444,8.511097634211183,7.876144727226347,0.052255697548389435,7.823889029677957,0.0,6.845140754290542,1.1395275232769857,30.082223501840687,0.0,989.0027495082792,149.7117202669618,193.5906514723471,105.71804640141991,32.48007140701262
623,95,0.0,-17.881097161055216,-0.7627184587952551,-1.157632265099103,0.08859464493855829,0.01963522844016552,10.712286094669253,9.924207718111575,0.0807672101072967,9.843440508004278,0.0,20.253431718046258,4.11704985057871,35.64931077912943,0.0,1540.7669925917003,276.1927819982932,359.14867346551307,149.7504904301751,49.37023773830101
624,83,0.0,-17.769731167306105,-0.5209664605130955,-1.0389104461125016,0.07903531370544366,0.013333695940673351,9.184053224977106,8.456443610135466,0.07066819397732615,8.38577541615814,0.0,16.85274573891892,3.6464810627348005,33.651531818298785,0.0,1347.1604114588774,246.61563198539122,320.3429233299282,133.45467915371194,39.527706941271255
625,92,0.0,-17.90906757815903,-0.6156641252948303,-1.105158746920564,0.14262644403217814,0.032940465956926346,11.7919712793082,10.979141676332802,0.07843326590955257,10.900708410423249,0.0,21.84545796641679,5.2820566752710985,35.6544209905211,0.0,1489.7267915807465,433.0842139738547,574.8275606709618,129.07228072134143,168.53405821447834
626,107,0.0,-17.82879229309754,-0.7434087238532668,-1.2503150274785093,0.1371321525705132,0.019847232848405838,11.047315299976617,10.187598446849734,0.09102902188897133,10.096569424960762,0.0,23.97855324392031,4.61312691871046,39.76559971675642,0.0,1732.9186840576874,417.43248306554494,554.0956751827248,157.08372945828978,85.28687018620788
627,91,0.0,-17.906433414666935,-0.6718928100284952,-1.0454751034692085,0.14768823118834026,0.013234867714345455,10.044188931118697,9.3055351190269,0.07733786525204778,9.228197253774852,0.0,24.6607201221874,3.4666841860635844,39.85529372387819,0.0,1473.6707782333174,442.16358363525126,594.5828138968363,113.66121277225476,221.06016926713414
628,137,0.0,-17.676061176320374,-0.9242958598838392,-1.6508249465473117,0.15506586280876966,0.006624986417591572,13.646940683946013,12.589090172201395,0.1161652822047472,12.472924889996648,0.0,23.81021258618982,6.545640992866747,39.75615798843545,0.0,2221.87816824933,472.5906577089415,627.1733785802543,220.2355622566939,263.1375498389149
629,88,0.0,-17.719530419868338,-0.6017295694363723,-1.0290880003732568,0.08770335080906656,0.019461140036582947,11.32941135391593,10.560681017115712,0.07632005121558905,10.484360965900123,0.0,12.768793483978916,3.6467387428280746,34.8958206565616,0.0,1424.4813228289572,269.1435629134096,354.62907673190955,128.9011577023864,176.04428809463832
630,720,42.293610598853185,-9.218758276821362,-3.7281796687100877,-3.4723447483671253,0.5295028789790357,0.012871728278696537,43.04139389283955,38.54413333302364,0.6036854949779809,37.94044783804566,0.0,42.187886359371205,16.688485744547968,30.340757131596423,24.102399231316085,11582.415976862843,1507.3631468834806,2147.7870685074836,1052.679625981014,228.5542155497413
631,72,0.0,-18.111974106415936,-0.4995576408955156,-0.8656192243123271,0.13188513053388087,0.006690393667668104,9.398197842761874,8.70045943185687,0.06237655272707343,8.638082879129797,0.0,23.074808957896096,2.67063651807491,35.76390217182552,0.0,1166.9369722467627,397.33986286842435,531.6479210633969,116.82313754093053,150.262812385588
632,129,0.0,-17.87492673421026,-0.819839575227345,-1.5694481629725359,0.137077331555321,0.000324455788359046,14.690374021884054,13.675437003839761,0.10924267629161477,13.566194327548146,0.0,26.439366210299557,7.031401489092176,37.06775164462301,0.0,2090.774806779378,422.6811572455155,555.015766791326,190.27765008790988,103.38834767737713
633,84,0.0,-17.816760168380146,-0.549325325009878,-0.9486792269236508,0.09448917511925674,0.013256683945655823,9.599166159983724,8.844209963921458,0.07218983070924878,8.772020133212209,0.0,5.783592082107359,1.5186673485261288,38.74700001076681,0.0,1359.223416462435,286.32499467085194,381.6494636633046,134.37571893498264,4.312477093657987
634,720,39.24340058203314,-10.568066785525653,-3.3362143665854647,-3.9823070604203568,1.0319420564819302,0.013132902793586254,43.76797973876819,39.216277609113604,0.6020268043503165,38.61425080476329,0.0,42.26338957005254,18.329140462496778,30.829235199496996,11.35110820280395,11613.017964264722,2870.6051151410647,4162.080527775819,1083.5594999510781,168.82847540620196
635,80,0.0,-17.961024715251064,-0.5503272921665178,-1.0623601840615873,0.12504053080861585,0.019555583596229553,9.391916336957365,8.642724617850035,0.06800541374832392,8.574719204101712,0.0,22.735559932956402,5.957479920757425,31.188370650447123,0.0,1302.2315564659982,380.91763247303624,503.5435767829827,96.06642772700216,293.71406114734583
636,133,0.0,-17.67024124586283,-0.890989668455553,-1.580242437405373,0.1596860739287666,0.00016383230104111135,14.009457201696932,12.974765114951879,0.11261169100180268,12.862153423950076,0.0,29.422288935647202,6.866002287363367,39.6223267802133,0.0,2153.9838791791867,490.11650630269725,647.1506568453318,226.32131356575246,155.19555097065853
637,79,0.0,-17.761981009439246,-0.44373155910168843,-0.942145972952715,0.09884461876929583,0.006675004959106445,9.814074009656906,9.11413382505998,0.06777001963928342,9.046363805420697,0.0,19.618092877920343,2.4947373048614594,35.77124715790275,0.0,1279.3838195734106,301.816250167233,399.4292887040422,129.48819223185944,139.18147114061352
638,78,0.0,-17.90759102795664,-0.47519151601006543,-0.9827291783465636,0.09779969299990007,0.019647397100925446,10.082826192956418,9.368438644800335,0.06647010892629623,9.301968535874039,0.0,12.97778518376895,2.1712185003742537,34.95035604049124,0.0,1267.1825049205488,298.0731147739155,395.10242663708294,113.77312953319928,27.495829256346788
639,70,0.0,-17.9812177963449,-0.4790197895846381,-0.9049212281515643,0.11138300653958277,0.013144017197191715,8.055737066082656,7.412602389231324,0.0597449392080307,7.3528574500232935,0.0,23.7082564429334,4.589129412797213,30.570780282435912,0.0,1136.6410333980034,338.2156939933441,448.73993834304935,92.9488356487572,200.37361624959215
640,63,0.0,-17.855538479516486,-0.3199690421825791,-0.8014784625530668,0.07503160727586558,0.019768698140978813,8.648113142699003,8.012662312947214,0.053773156367242336,7.958889156579971,0.0,12.208123000995116,2.289613634485578,30.152412799181054,0.0,1022.0519225930551,232.05260928992382,303.0089011290115,99.52251280671854,55.9308443768746
641,94,0.0,-17.81941997627759,-0.729316940225978,-1.1078087505057068,0.0831395919707812,0.00016541217337362468,10.497315124142915,9.689181516878307,0.07968744076788425,9.609494076110423,0.0,19.42205580213227,3.786856137713827,35.664550562188744,0.0,1521.0195490057147,253.4540171381326,335.76830702911104,129.24533089036288,110.26919481261918
642,55,0.0,-17.962687929661136,-0.2928899925749902,-0.6894552009424108,0.09758289264711549,0.00013970490545034409,7.846776227001101,7.307427137158811,0.04755279887467623,7.259874338284135,0.0,11.671121295486339,1.7499902898914648,30.632476838826168,0.0,891.6674082220478,297.18366393457785,393.76736465530655,91.61649544617065,135.821165209004
643,70,0.0,-18.037893100335303,-0.5148999428265024,-0.839988165950741,0.11696696523133114,0.019868290051817894,8.564200865570456,7.912678269669414,0.05982664879411459,7.852851620875299,0.0,25.52427561257997,2.227940234226818,35.074941749342464,0.0,1134.4212267266148,356.3227901086291,471.52637172945043,99.9328872016262,69.7619535145481
644,73,0.0,-18.043454931113608,-0.5950695733226711,-0.852388467744259,0.11486150790078878,0.012870928272604942,8.414246920961887,7.795423517003655,0.0623426279053092,7.733080889098346,0.0,18.76590930827441,2.82044595860595,34.70753830039538,0.0,1181.6904766618545,347.09770879960683,464.0786383594349,124.03699090291784,98.0149745633074
645,105,0.0,-17.838325790073753,-0.6834330462171105,-1.4145967809839175,0.10153344614862028,0.0198170468211174,10.567446391098201,9.70785913337022,0.0892078010365367,9.618651332333684,0.0,27.631478856390768,6.805277031358223,31.90304914142504,0.0,1710.4123600359721,314.4888876995143,410.9839947880086,148.78392471071447,80.13046357809074
646,98,0.0,-17.526103681685278,-0.5672709840032435,-1.1969280109962237,0.06547001456425686,0.006685588508844376,10.917599445674568,10.094228509813547,0.0833894475363195,10.010839062277228,0.0,14.169404621807578,3.4299019282803673,37.140882621511764,0.0,1590.635892417215,205.36579204559555,265.85134846824883,159.4481529818536,114.6617863313221
647,100,0.0,-17.755194710699488,-0.6296348663947551,-1.214590535557181,0.1132704471586678,0.013202139176428318,10.09889148408547,9.265400460921228,0.08548274775967002,9.179917713161558,0.0,20.954870075556048,5.826598898533712,34.027653800020374,0.0,1619.6865798008432,350.17191097282506,458.555985014502,153.48943630968802,96.28309191246817
648,127,0.0,-17.441459446971,-0.8955053947682169,-1.4796443108528474,0.092450440304618,0.0064941043965518475,14.411268152762204,13.431758106220514,0.10728257987648249,13.324475526344031,0.0,28.536778908679796,5.5100161325068395,39.91939997536835,0.0,2059.9602459161115,288.63329785292837,375.4255257000078,166.64141965963287,105.48852672429602
649,77,0.0,-17.889134986907262,-0.5885429607546092,-0.9183242620782426,0.08286504240114506,0.019725147634744644,13.566159476991743,12.82157770730555,0.06583343213424087,12.75574427517131,0.0,20.65457512994631,1.7556001410852569,35.413752866306716,0.0,1247.1834022583475,254.2504900441525,335.51153903421005,102.17219956211251,165.84749745276312
650,85,0.0,-17.626027841461422,-0.5834819571430893,-0.9612324976948394,0.0719135155982429,0.0001146999275078997,11.511938963085413,10.756505819037557,0.07223105290904641,10.68427476612851,0.0,6.259178093616991,1.4666184248144087,38.25653213385862,0.0,1375.2298918854074,223.15111262711275,292.53122352037917,114.60109150642711,98.71970343917258
651,80,0.0,-17.828541743908968,-0.5086757640784069,-0.9937153953022237,0.08678573318999978,0.01966066099703312,8.521007027942687,7.805708121042699,0.06793251354247332,7.737775607500225,0.0,16.355322244885354,3.2357049909043125,34.081600173420426,0.0,1297.9038882275445,269.2401239574553,352.33857817266005,136.00324138786561,27.706900663273412
652,97,0.0,-17.77426959976197,-0.6752863855859956,-1.1816332708594932,0.1295395366458526,0.006609772332012653,11.963480114936829,11.148635904304683,0.08200525864958763,11.066630645655096,0.0,22.637404955272576,5.6799356075274385,35.14795140506012,0.0,1572.5811564219957,393.7763345140545,522.0801504534982,111.08703087594579,325.00268705153667
653,72,0.0,-17.83530186616725,-0.49025047249630527,-0.8786424384876126,0.09172508055900098,0.013197490945458412,8.43053681589663,7.750244098715484,0.06125057768076658,7.688993521034718,0.0,13.24392528277912,2.4569213088577944,33.74356155575455,0.0,1166.9637992934067,279.68815082985446,370.3308716185,112.12036130528107,61.90427357788004
654,85,0.0,-17.984506893129414,-0.6931604553272114,-0.9751285328934465,0.10421079007505281,0.013380296528339386,8.612721960060298,7.89320510905236,0.07213623868301511,7.821068870369345,0.0,16.21153275403847,2.39605741617333,38.28050764194052,0.0,1376.118704961252,314.860895475847,420.59328885350675,123.42601471743795,105.11909902279203
655,87,0.0,-17.75770342342087,-0.6577815842312984,-1.001156008375934,0.09092521082855162,0.026366092264652252,10.594957106746733,9.864220465067774,0.07446179678663611,9.789758668281138,0.0,14.955606077427518,3.3514622012956745,35.80881479319679,0.0,1407.7109390060632,280.0554940699723,367.79244512201774,116.64962495898934,150.9648002283498
656,79,0.0,-17.973623647654172,-0.593911036316377,-1.0391454257678197,0.08102142479619896,0.013517197221517563,9.798741143662483,9.073809665627778,0.06733246007934213,9.006477205548435,0.0,24.31997913262532,4.353968762627719,30.24545583771842,0.0,1284.1632550203994,250.6559114263813,327.3891196224638,149.23923009327527,102.76939297970699
657,77,0.0,-17.693268064173395,-0.42721052194544834,-0.9594113179199898,0.0692210623336983,0.006675139535218477,11.088753789197654,10.343898284714669,0.06597741972655058,10.277920864988118,0.0,18.922268301427174,2.986574250305981,32.508599575967196,0.0,1248.2757703039497,216.2176499314175,279.9586213182589,80.25097192918749,133.42717625921335
658,95,0.0,-17.771940934850537,-0.6373106122811557,-1.116942801297233,0.11308918993946027,0.006860682275146246,11.016760870814323,10.221725690178573,0.08074002340435982,10.140985666774213,0.0,25.56159617294931,3.851550938018615,38.301045941422416,0.0,1539.267905581558,344.71288542009603,456.66017868464564,132.33316331215133,235.27694326866833
659,94,0.0,-17.82473386383271,-0.7293271256685326,-1.1149571269070293,0.09373163110699931,0.006583890877664089,9.811610768083483,9.006177115254104,0.08024163078516722,8.925935484468937,0.0,23.380519538817765,4.620963806330407,35.088619975233705,0.0,1521.0940710116533,291.03816681317744,379.8551122939596,130.71850045630256,59.676501205805494
660,88,0.0,-18.072365716729962,-0.5905819123582267,-1.0873307198519173,0.13979822162221764,0.02611059695482254,8.705196661874652,7.955004547722638,0.07511755358427763,7.87988699413836,0.0,23.66956807367792,6.374696395082793,31.69521691707607,0.0,1425.4858006589816,427.60848881139395,564.6594495785286,156.6057977381323,80.9682810008297
661,56,0.0,-17.950310738978814,-0.40160651707296097,-0.7002621062598429,0.0801526219569134,0.032550834119319916,7.741338029038161,7.163636582437903,0.048329166136682034,7.115307416301221,0.0,3.093750414308699,0.7520186589322015,30.846160000737594,0.0,907.6021064835518,243.25927918099993,322.53797883278423,72.11867873917286,111.38169521168145
662,99,0.0,-17.778308676594808,-0.7782409673350493,-1.145776638171566,0.11522298636463145,0.019930781796574593,11.621214831713587,10.820121231954545,0.08463973738253117,10.735481494572014,0.0,26.671704763400527,4.0147129709206455,38.28105490167169,0.0,1601.9892346344145,352.91663322570355,466.48671778598174,151.4060327917213,186.50310022300303
663,99,0.0,-17.623455658858134,-0.7097235984413807,-1.150934140903825,0.08125443522289919,0.03224834427237511,11.412432473618537,10.574130410794169,0.08425940200686455,10.489871008787304,0.0,16.67260963537233,4.901320101647461,34.438536444606,0.0,1603.0098284017718,251.66313723418344,329.38346801561903,116.15147141325909,138.10440290006176
664,57,0.0,-18.0076323305742,-0.4076702218762706,-0.7219908020143366,0.08322710652191975,0.006374642252922058,7.373360274825245,6.783906398806721,0.04890799941495061,6.73499839939177,0.0,9.683066511161003,1.6494471249733091,30.003532871108547,0.0,923.999405227561,254.4634717309071,336.13371732100074,103.27080727852548,132.3117758633571
665,153,0.0,-17.510476550069406,-0.991531340175731,-1.8930891699923516,0.13619341008529517,0.013103176839649677,12.839663876220584,11.710836028214544,0.1288637099787593,11.581972318235785,0.0,30.08339322648752,7.868322424308287,36.86482286653374,0.0,2481.1530577279063,417.2246122250268,549.9978674474644,173.9182028616905,119.3656971529492
666,121,0.0,-17.628394693759937,-0.7733768039473959,-1.4771924465558217,0.1469891336896115,0.00019890491967089474,12.78533196495846,11.811658876016736,0.10256317676976323,11.709095699246973,0.0,27.83129596446483,7.082528202886488,36.63046486053806,0.0,1961.9551907620823,450.38464701030614,592.9968549913444,145.19446343501957,141.54121347845935
667,83,0.0,-17.935006238033118,-0.5853480190947473,-1.0394573201757535,0.1260948983522095,5.322339711710811e-05,10.007151994854212,9.268090470228344,0.07049605436623096,9.197594415862113,0.0,20.54749393469857,5.647613355606665,32.044663317835635,0.0,1345.9930283788133,382.69878888114636,507.72121164224797,103.72991732360076,266.7372368578656
668,58,0.0,-18.007049790337234,-0.42538495165993045,-0.7230941683898909,0.09458953109085004,0.00662272609770298,7.306110384874046,6.746735109947622,0.04960522660985589,6.697129883337766,0.0,9.65074898687633,2.0083890661467834,30.868930189022258,0.0,939.9582013086581,287.37530959690207,380.929247047178,72.4905879130665,241.29189931861498
669,98,0.0,-17.754509723718243,-0.6525208609202813,-1.1663257716844866,0.1527455457801323,0.026284823194146156,11.651149479206651,10.840262140147388,0.0829822770319879,10.7572798631154,0.0,24.747309899244645,5.7910958906848045,36.35986241261752,0.0,1588.5373568614853,461.5513525417184,615.5397894436609,133.81411565436872,418.3556632572158
670,89,0.0,-17.753571254838395,-0.5920468638450253,-1.0299016688867328,0.1363026636061123,0.0066246394999325275,11.018646862823516,10.250317490659654,0.07590932166203856,10.174408168997616,0.0,21.976407189862407,3.6516795702814364,38.40969579373162,0.0,1441.7389731984458,408.7163218965094,548.3564584148922,94.75544697236485,310.5930941315101
671,110,0.0,-17.58285237858773,-0.6813681899653502,-1.3384964200112681,0.08749775192472092,0.03941366821527481,12.500640113838017,11.628035232890397,0.09341116342693567,11.534624069463462,0.0,28.289462802821852,5.053527524740808,36.230813359224435,0.0,1783.0267074520275,271.05610079863874,354.11320643127453,143.39655317863222,55.67935864158269
672,720,35.12639504437967,-9.025867433106221,-3.6083895967829,-3.612574530294596,0.5240550493277332,0.013097422197461128,48.6844010069035,44.134555922821164,0.601424555759877,43.53313136706129,0.0,42.188238192146834,16.891331797545433,34.715230702164554,11.715205544033529,11597.298154649121,1465.3726480114806,2126.794538212899,1113.3415958678265,166.01007455909323
673,66,0.0,-17.96926856173903,-0.5064449002160333,-0.8579680860020455,0.07129595583902931,0.013111199252307415,10.206067889928818,9.559642327949405,0.05649601994082332,9.503146308008581,0.0,16.738696072987423,2.8213078897897383,30.19294174654203,0.0,1071.6015076517974,218.53334104809508,287.7248201291184,84.89683938421895,81.75959099442318
674,88,0.0,-17.8043809942302,-0.6922770885387174,-1.0385180384386041,0.07627208686290812,0.019400212913751602,12.53213790571317,11.74510487401858,0.07474648067727685,11.670358393341303,0.0,16.843456432522597,2.4404576095785315,37.41615291730669,0.0,1426.0463013634808,236.95965216829407,309.64734735701865,139.30863822339938,67.95295431056311
675,68,0.0,-17.86221557732342,-0.464684601388258,-0.8375288879433642,0.07782824511789141,0.01280228327959776,9.04383551608771,8.38557889079675,0.05814850050956011,8.32743039028719,0.0,14.204553937073094,1.583111151246436,33.06624645876137,0.0,1102.3297650584022,240.19013634309795,314.82846634122194,96.90020063473212,110.48137334037521
676,75,0.0,-17.950426777965674,-0.530983349265495,-0.9286641359077717,0.10289930138427572,0.013202846050262451,8.402094958815724,7.744294824078679,0.0638065435923636,7.6804882804863155,0.0,24.3213549594687,3.4488452961725837,33.03386679507826,0.0,1215.5886427844162,314.7081689150867,415.1337657831731,99.78775552899732,143.96311786989642
677,68,0.0,-17.918214470163342,-0.46050008042266155,-0.8127546740996112,0.12226525126392682,0.013212088495492935,9.589833228848875,8.923835312016308,0.058071776293218136,8.86576353572309,0.0,8.587875545380191,1.6949438503805292,35.49800091343388,0.0,1101.5824174060463,366.7447741653383,491.5962832091779,66.86920471425303,229.2092081360041
678,59,0.0,-17.844735148076442,-0.3979102776400025,-0.7441174356996905,0.06412319055998966,0.0066797686740756035,9.178412806242704,8.56689340993762,0.050872035790234804,8.516021374147385,0.0,5.340034120886639,1.0129805297071315,30.61632843741826,0.0,956.7809363171065,199.6930801005331,259.46115187878854,96.29901262983165,113.8791292447707
679,720,51.042555192113795,-8.992481939121324,-3.062786173801501,-3.1992494644689766,0.7056144387127607,0.0002105665043927729,45.957135988399386,41.48539550602436,0.6033067447133362,40.882088761311024,0.0,42.26368279384741,19.297270577710993,39.59237399554746,17.737768548239433,11584.465445070515,1971.5818605262232,2852.5050474595387,1208.4812319440707,255.49450555629298
680,65,0.0,-17.992555012761624,-0.5319132699341063,-0.7863319074547513,0.0829235289914334,0.0001260392600670457,9.154594470281154,8.516488697845489,0.05627590510994196,8.460212792735547,0.0,7.331356884138345,0.3686087847242839,34.562043582411874,0.0,1053.2403821791231,250.5049897428461,334.5543529132178,85.83054995026323,89.21699524199636
681,181,0.0,-17.42971127848331,-1.2691919390543691,-2.254465606176792,0.14395856655793662,0.006535728927701712,17.255301672965288,15.930134046357125,0.15335352066904306,15.776780525688082,0.0,31.804562722807113,8.487401586251414,39.56947649622305,0.0,2939.8142637453043,452.27007446955633,584.071701959295,233.36384446611973,159.05736033415695
682,66,0.0,-17.988328874620592,-0.45186757534441685,-0.7966029874252276,0.11788927890908328,0.013216076418757439,8.341339414939284,7.715769588947296,0.05689848493784666,7.6588711040094495,0.0,15.724082614857496,1.9974211235041206,34.404762287931966,0.0,1069.2435585415412,355.3353914149622,474.86410071702386,83.15602031732779,266.2953956116506
683,110,0.0,-17.900998074236092,-0.7641228822011685,-1.3076398623867767,0.1701291324664534,0.006567519158124924,10.340461569838226,9.475032429210842,0.09336444782093167,9.38166798138991,0.0,29.08893198155393,6.443747140294617,37.85714622764617,0.0,1782.5601928642536,518.3382331549795,686.7291619058789,165.4345811484546,14.906933551425544
684,93,0.0,-17.92857667235359,-0.6974750314884001,-1.0382695859307671,0.13614446572581546,0.026071814820170403,9.63662730390206,8.848854926414788,0.0790517539717257,8.769803172443062,0.0,25.634276015145186,4.043183521453464,38.44818239618121,0.0,1504.3404943314504,410.8112977651656,549.2361262588114,141.06200604519972,45.340474360022405
685,90,0.0,-17.57593881664295,-0.5621137323977852,-1.0137100593978092,0.0729172640876026,0.013217889703810215,11.171401394996792,10.393192304763943,0.07706259889528155,10.316129705868661,0.0,6.804805802978356,1.4265458795944606,39.16891512840366,0.0,1456.08339056888,225.6313397354483,295.15673233798975,162.96270530150267,46.41707229220415
686,55,0.0,-17.931906883353932,-0.39515401141141276,-0.6908481158152097,0.08595497620119232,0.01316080056130886,8.466966765001416,7.898593756370246,0.04738780204206705,7.851205954328179,0.0,7.868696286421368,0.771717898487347,31.187188399296208,0.0,891.6689590775067,259.98595901659746,345.975454826347,61.24701060650577,213.46731868806194
687,82,0.0,-17.792995118153137,-0.6306259358067633,-0.9939308691080482,0.08013356259603811,0.006763167679309845,8.800885441713035,8.08071952406317,0.0700345397926867,8.010684984270483,0.0,18.413948332838842,2.49005943299392,35.5598248352657,0.0,1329.1821381879352,243.96694174275257,323.27662855057446,82.12419814210898,168.4474321333719
688,115,0.0,-17.963910088604813,-0.7859158408812789,-1.217003447187921,0.16315153110941294,0.025734586641192436,12.876430976204574,11.948601360898465,0.09791934583336115,11.850682015065104,0.0,20.67664542761078,6.363746840525943,38.09162838764506,0.0,1858.1223290172006,490.9957367107935,658.5607103150628,194.34491130382338,88.1703313569566
689,70,0.0,-18.05867344149725,-0.5112442328014853,-0.8832035198027737,0.1276125158931899,0.019751915708184242,7.929696162696928,7.278457060921937,0.06000540591776371,7.2184516550041735,0.0,23.089855056913496,5.220504085591111,30.55243032339509,0.0,1135.1383805827556,387.90966904094705,513.7615223142345,94.38080365560424,163.88190659271703
690,71,0.0,-17.74704372692074,-0.4450102547916481,-0.9183611516231892,0.060240003511593934,0.032911743968725204,8.503901287913322,7.840297972317785,0.06083877943456173,7.779459192883223,0.0,9.346969176844917,2.7466374438751586,30.629314644133682,0.0,1152.918749558911,186.5846617230508,243.61931124552544,92.52275626961347,138.27051562625022
691,81,0.0,-17.88141455869448,-0.42342603224371517,-1.0134504565528557,0.13918127952558101,0.006656046025454998,10.869383005890995,10.121537011116743,0.06951926555484533,10.052017745561898,0.0,26.24840412013085,4.733449758375732,34.62414334157524,0.0,1315.2244924170814,421.80240831306105,560.6438914767897,119.82851097700637,171.52328423219663
692,62,0.0,-17.95412050409229,-0.39857999513608633,-0.7907525179591971,0.07280264299959334,0.01336677372455597,9.151607460808009,8.539168215822428,0.053468307480216026,8.485699908342212,0.0,9.378386384867726,1.3083574063555485,31.23092741460628,0.0,1005.9488661330356,220.40899000983148,293.271220481367,86.98672305399575,80.9364887977252
693,88,0.0,-17.625621242732745,-0.4669299166775038,-1.004992395731473,0.11884641997649156,0.019692283123731613,11.085130620747805,10.30540934111923,0.07513631228357553,10.230273028835654,0.0,21.102210656443493,2.505274742106121,39.46620662794605,0.0,1424.9331780084442,361.29435374823,479.91712456670683,157.42180498124884,143.79643829458212
694,85,0.0,-17.91146099771709,-0.6394872965061046,-1.0509656364631224,0.1250131431604388,0.00011394170724088326,9.800205484963953,9.055881734006107,0.07240200834348798,8.983479725662619,0.0,24.321770164955044,4.524328908159302,34.75792246423957,0.0,1378.0709821102691,379.00079649039327,504.10472881202327,110.04025575356766,54.791792689564375
695,78,0.0,-17.99989353158748,-0.526404794484727,-0.9950351457677643,0.12912295861343734,0.013209942728281021,9.996915136929601,9.255639057140797,0.06663135951384902,9.189007697626948,0.0,22.898111113937244,5.400115087055799,31.968508800274044,0.0,1265.6783843725127,395.51608581239515,521.5422314636068,131.53667261120918,198.9812833415392
696,65,0.0,-17.826667864772862,-0.4059769291556755,-0.8406320342144499,0.06158987456196471,0.006461340468376875,8.079551420174539,7.4575265338644385,0.05545238684862852,7.40207414701581,0.0,9.99399866355464,2.498582135754789,30.353334825099843,0.0,1055.427773408594,192.27031714087315,249.81656382069684,91.05503657721843,24.346476125768547
697,88,0.0,-17.83862671389506,-0.5519890997407229,-1.068687898918316,0.12477204603577541,0.019162336364388466,10.50659878179431,9.72531758993864,0.07472292985767126,9.65059466008097,0.0,21.696883722085076,4.599567059834116,35.45710559362085,0.0,1426.7266362042453,381.8182570104046,503.77760340155,126.0151887754763,165.13780603542605
698,70,0.0,-18.055160989070437,-0.5375517970658388,-0.8772360738694744,0.09485569302786358,0.013113330118358135,7.7577284392900765,7.118618555832654,0.05973575031384826,7.058882805518806,0.0,22.804502509658672,3.3221731854457133,31.77497583459088,0.0,1134.8018610054185,291.2138406969614,383.344750047269,111.75328049971037,18.377931949816443
699,73,0.0,-17.986187267361704,-0.5803413337067646,-0.9416400727465049,0.07715167615622329,0.013276021927595139,8.611107844859362,7.916011404246092,0.062217389699071646,7.85379401454702,0.0,19.868353971623442,3.798020113773722,30.659633917258056,0.0,1185.4583696001537,238.52990130813973,311.5181622199327,89.67857336751547,141.45512442177085
700,87,0.0,-17.893986875080905,-0.696601158086866,-1.096268628689959,0.07732891572818934,0.006597455125302076,9.008081876672804,8.256592401769012,0.07389439875259995,8.182698003016412,0.0,21.575493404881314,4.264169053212184,32.81686499462981,0.0,1411.3394257773432,242.07696495538838,313.7004306058283,130.5675758310066,61.295689283747166
701,86,0.0,-17.869687950810906,-0.5609167996133477,-1.0731119856023383,0.14014833960543804,0.006835023872554302,9.26897160988301,8.519546735100448,0.07274741539731622,8.446799319703132,0.0,22.077148807906056,5.880142296997559,32.95893243447193,0.0,1394.3137251927562,424.2353991935644,564.546535578263,105.32010383561844,314.31642546001467
702,92,0.0,-18.020262248941577,-0.5599284156242558,-1.0392463179384142,0.1857267674166335,0.01979733258485794,11.454323906917125,10.629698283039033,0.07795769581571221,10.551740587223321,0.0,28.801484348930355,4.621724487099313,39.54682475051125,0.0,1487.992992886861,560.2786200848544,748.1123204084453,157.09261378364383,188.55252717465027
703,64,0.0,-18.046236266611817,-0.4935343802832739,-0.8134433175155437,0.09084402733398834,0.00012151309056207538,7.318824504036456,6.699445481877774,0.0545994327403605,6.6448460491374135,0.0,13.077663873187566,3.0880797159287368,30.321314794573734,0.0,1037.753818786735,276.09409600600344,366.3545834518733,102.1780544561892,108.03954825075931
704,77,0.0,-17.624837459544707,-0.42870935002721017,-0.9207610200915264,0.073342423039678,0.0003841789730358869,10.705885474104434,9.961935549974442,0.06604960281401873,9.895885947160423,0.0,16.835763503354322,2.431706915039479,34.21291130259195,0.0,1247.103660521371,225.94355988293958,295.7663509023775,121.30591018037452,108.56835749256246
705,78,0.0,-18.001668116156605,-0.5882312976049517,-0.977859642800358,0.12407075835293863,0.003728827927261591,9.879227712750435,9.171006694901735,0.06676906393840909,9.104237630963326,0.0,22.544488510179438,4.613473807164953,33.14883570758246,0.0,1265.3706216402513,377.3970479814137,500.1320240176369,118.86068148344403,136.05654671193304
706,90,0.0,-17.883729343349287,-0.5795107426279426,-1.0244666062401753,0.1673417918398251,0.044338762760162354,11.067783874925226,10.30483085801825,0.07600434124469757,10.228826516773552,0.0,26.248769886716126,4.754107120381012,37.679186900487785,0.0,1455.9565695277045,505.21565708495973,673.8296255231778,132.10532808892376,241.93820209399595
707,76,0.0,-17.894731173737455,-0.5519252749321893,-0.9191172033311289,0.08968321275460867,0.013661213219165802,9.941685358062387,9.216323286760598,0.06467530224472284,9.151647984515876,0.0,15.687651020374558,2.987132991680538,33.8092668234154,0.0,1230.918935998939,275.7398189635034,362.5965896175788,132.669441136602,95.42051239927613
708,720,56.79828077765572,-10.111578765568016,-3.349820278700213,-4.147216568739961,0.7289124482319119,0.019573377445340157,48.10661744419485,43.58037050394341,0.5997368884272873,42.980633615516126,0.0,42.2610781752897,18.983685080387012,39.58235519681765,12.158938406096343,11618.812397749796,2056.2836553158904,2946.9092332690057,1033.1516148680994,73.16022119658774
709,67,0.0,-17.98820520706139,-0.4892862884030723,-0.8479712485680605,0.1217418280954001,0.006648195441812277,8.602086100261658,7.960237454622984,0.056778762489557266,7.903458692133427,0.0,24.01154327685446,3.3806946482087015,32.821181303940335,0.0,1087.725395939673,367.138537624389,489.17408494242295,66.97559566975295,301.0558801910441
710,69,0.0,-17.846027524500037,-0.5101730586213062,-0.8650271511873372,0.08257353777833525,0.006909837946295738,8.726739155128598,8.059915306046605,0.05844580614939332,8.001469499897212,0.0,17.625168544917567,3.463601866620942,30.513691726499093,0.0,1118.2266401614615,254.7688172785912,333.21890555366116,89.80849753613317,251.76962338191066
711,101,0.0,-17.801794470792906,-0.5522551212098272,-1.3132395539624748,0.14304647574478874,0.0021806377917528152,12.123428835067898,11.218745131976902,0.08533833082765341,11.133406801149249,0.0,29.905655375318762,7.264839369248065,32.91804282341201,0.0,1641.5358697637942,440.4562380101861,577.4237903905257,144.23172875023369,195.00626040665736
712,110,0.0,-17.654491266247362,-0.7977537496871451,-1.2357907413045748,0.12482234494518252,0.006916153244674206,11.194711306598037,10.301091653760523,0.09277439070865512,10.208317263051867,0.0,23.04839891171086,4.881304470765187,37.96400014874629,0.0,1779.2420844624867,376.0665457836884,504.43562685903476,154.7943563813573,213.34180785442672
713,123,0.0,-17.604423228654824,-0.7948621654047443,-1.4134375980191503,0.15538300358456988,0.021317826583981514,13.410957033280283,12.453119569923729,0.10398253845050931,12.34913703147322,0.0,28.242673789775857,6.604803238869418,38.91301475284513,0.0,1992.3382605486977,473.87389002840064,627.368649799399,158.68086902721896,214.1546853759856
714,59,0.0,-17.98157014030248,-0.3872515517388113,-0.7692611035808175,0.09725724465243987,0.013824161142110825,8.29267341317609,7.711374458856881,0.05074896011501551,7.660625498741865,0.0,19.384473824509417,2.617884137198907,30.173898034120327,0.0,958.268316670718,294.3531685717631,391.2347275255963,67.4687140099011,244.65798609586403
715,85,0.0,-17.967592087997883,-0.6531931570232206,-1.0139728942246715,0.12188213838684482,0.005784742068499327,9.004679889883846,8.27048563817516,0.07225451478734612,8.198231123387814,0.0,14.929892684292577,3.6138838956968917,36.38561307191778,0.0,1376.6455037374728,370.506214088882,492.1036174014773,123.67784720301714,47.4581825000167
716,98,0.0,-17.63190938414064,-0.6489230162319611,-1.0817679173624604,0.09854145151190476,0.01338428258895874,12.918050000909716,12.081098055001348,0.08276772731915116,11.998330327682197,0.0,16.99451426267961,2.978062996848668,39.971796561237774,0.0,1584.9635738968602,299.4291164890919,398.1476206879584,103.37537196177387,97.97123963949848
717,720,45.819697568141464,-9.480124413482603,-3.6038242178286324,-3.8181138263274836,0.6260527291623859,0.013452861458063126,45.28617240441963,40.706977162044495,0.600531694944948,40.10644546709955,0.0,42.2639316970492,17.270589352666665,39.21137488590268,15.262363358024947,11596.117494203834,1773.7769413498172,2535.646896260457,996.3974976593353,378.84937778931766
718,98,0.0,-17.76974005944725,-0.7121055506308074,-1.1231250667284143,0.1029505466754158,0.019612358883023262,11.80669874791056,10.982371320016682,0.08339692652225494,10.898974393494427,0.0,18.47125069208195,3.325699539469772,39.257162345662465,0.0,1586.0495350726521,317.0944293300588,417.26726187858065,160.4294923312483,48.2595940906499
719,68,0.0,-17.845856109830898,-0.4561401547000755,-0.8652358382981352,0.0721581888787819,0.006833730731159449,8.91007824987173,8.240435359068215,0.05835348041728139,8.182081878650934,0.0,11.834116263234101,2.963490581628081,30.31170491779262,0.0,1102.6277383280967,223.1958566438044,291.8938120626035,101.89397786731983,88.48579292471373
720,90,0.0,-17.653027776306654,-0.5721660429522756,-1.0492444909874497,0.08183975569452369,0.013335485942661762,10.611104503739625,9.824447351042181,0.07749993447214365,9.746947416570038,0.0,20.429986082467966,3.2206687363832494,35.975304048038865,0.0,1455.9230240502418,252.8924070299223,330.65875658693255,168.33047484816,63.26188894542695
721,81,0.0,-17.824430015261395,-0.5547834598207214,-1.0529907577606963,0.09999074268020572,0.006583264097571373,10.896342920139432,10.163387471809983,0.06904335180297494,10.094344120007008,0.0,13.558726179261136,3.264091953403402,34.06752982429303,0.0,1317.7309622395214,301.45330948212256,402.3304848051612,86.37572832607697,219.82784590388505
722,71,0.0,-17.891129129372906,-0.5411459867447058,-0.8937292811824774,0.08990493902774531,0.0006701614474877715,8.351312933955342,7.709202484227717,0.060424878261983395,7.6487776059657335,0.0,17.51788408809456,3.05749178229986,32.0681001640762,0.0,1152.2948714587658,273.2711250106087,362.92561476217423,85.78805836904604,209.67145446903433
723,74,0.0,-17.647458313675234,-0.3508858734646869,-0.883754140711302,0.07872062703903573,0.013180643320083618,8.99059195490554,8.312762282788754,0.06351103587076068,8.249251246917993,0.0,26.20156604909988,1.7359331931340585,35.311779616736125,0.0,1199.1870794833499,242.435902404283,317.2922324830458,131.06579484026136,133.3863872951469
724,82,0.0,-17.764054820143823,-0.5896050436126593,-1.003363279884839,0.08211289544167547,0.0004847401287406683,8.825321013107896,8.116552172694355,0.07011951971799135,8.046432652976364,0.0,24.011487003718624,3.3100176832934896,33.92040787717515,0.0,1328.7211529372403,252.39086446009355,331.3852421676386,125.45718532723288,181.93576993287414
725,82,0.0,-17.930774627768642,-0.5349422967091485,-1.0100213818391124,0.10231232222872448,0.013491039164364338,9.952057087793946,9.2394740995951,0.0698119723238051,9.169662127271295,0.0,20.645299623027622,3.185196911571883,35.4813485193753,0.0,1330.0718599910663,312.1142743714176,413.8079801778956,122.52359305756742,116.56518823102061
726,105,0.0,-17.807489681421405,-0.7462145203150475,-1.3022320653660686,0.10918572240240397,0.01681506633758545,11.962753279134631,11.069021061062813,0.08976243995130062,10.979258621111512,0.0,29.55505392479569,5.366877224095094,35.962928318904105,0.0,1704.658368311049,337.18568590164153,442.04954195213594,151.658201522941,59.36092097216129
727,84,0.0,-17.956756292766855,-0.6228796918474555,-1.0076620528622091,0.13909883040701793,0.0007837915909476578,9.331115452107042,8.570011135190725,0.0716492049396038,8.498361930251122,0.0,27.225250083809254,5.277233011328647,34.180078136121715,0.0,1361.0025779445834,423.16436406708885,559.9559384333669,111.0149886347773,89.29136868979965
728,96,0.0,-18.01091185768046,-0.7395821657618861,-1.1074575654730476,0.1632567543604971,0.0006851655198261142,8.913557392079383,8.12134272698313,0.08185332082211971,8.03948940616101,0.0,25.298580671328974,4.690013063042321,39.1980809558744,0.0,1554.9964476477855,489.56882171953436,658.1401465772583,146.58340039078797,140.25066642306297
729,110,0.0,-17.479524934955652,-0.6764926428893063,-1.2934268167061171,0.07924058673517081,0.019515860825777054,15.497144357301295,14.55966553837061,0.09424611553549767,14.465419422835112,0.0,21.91036411318253,4.229126579435045,38.03209673119157,0.0,1780.8373996024643,245.6158550889519,320.46360329253764,133.554829107626,82.86449850942965
730,97,0.0,-17.804651487217896,-0.5219396146285621,-1.2720315143709238,0.11084832399561415,0.0066323596984148026,11.825855726376176,10.98548143170774,0.08290425036102533,10.902577181346714,0.0,27.360397864468425,6.197586301159354,33.48651317211355,0.0,1578.3802303850482,342.80469497826647,447.69223608179277,109.71151800315106,102.30441997677563
731,144,0.0,-17.52302966304792,-0.9277584103108859,-1.6508163073194684,0.1852868225905954,0.01961659826338291,13.222556851804256,12.14256951212883,0.12178497947752476,12.020784532651305,0.0,31.163914712079446,8.538101465002166,36.57627046267236,0.0,2327.1518780253127,564.5999187442928,748.8514141419556,211.13977399061773,271.7728303850363
732,63,0.0,-17.921479864400986,-0.40807871509923743,-0.7914500712675873,0.0953484102706367,0.019243353977799416,8.138646008912474,7.55993665009737,0.054261823650449514,7.505674826446921,0.0,19.265040730874325,2.195036118083462,31.864583979490256,0.0,1021.476761189514,289.89383652096853,384.7346547253921,93.10625828761134,137.95980513016343
733,91,0.0,-17.62021389872404,-0.6040230325503307,-1.0959304742514178,0.06212004582725109,0.013394629582762718,11.207577574066818,10.401653212029487,0.0775018660351634,10.324151345994323,0.0,22.464342202603238,3.233808031436869,35.24865552328466,0.0,1474.5981156650153,194.6651313560865,251.77734384150327,125.48572518043525,59.72688698182701
734,134,0.0,-17.54412977442515,-0.8690463070363245,-1.5484226259273393,0.17460377998350501,0.012115421704947948,14.169678590260446,13.116862687747926,0.11387623567134142,13.002986452076584,0.0,29.052926306810647,7.3428992948777045,38.63754434344897,0.0,2167.614625871472,527.7580226756695,703.5925643499086,177.31210444878164,367.11673738886543
735,69,0.0,-18.05194168395339,-0.5297887326076134,-0.864516233962675,0.12021434594508254,0.019511181861162186,7.395763059146702,6.737962182145566,0.05966441426426172,6.678297767881304,0.0,18.5630652554088,3.517619214940128,32.83036939637753,0.0,1118.868692385759,362.9348785826174,484.36817036100683,95.07153948012751,233.4921721419452
736,92,0.0,-17.84835543763859,-0.6384630772714749,-1.063547065303665,0.12317607313634207,0.013905396685004234,12.393981049302965,11.57272131787613,0.07899247901514173,11.493728838860989,0.0,14.703036291296717,3.886638499299838,37.57337541953783,0.0,1489.0780491547205,375.57637643507127,497.8531435355946,153.65969207023466,69.00708653902164
737,95,0.0,-17.635909173437007,-0.6302313587022239,-1.0749519074406866,0.09562169898473076,0.005866439081728458,11.047246699221432,10.22784864390269,0.08164500864222646,10.146203635260463,0.0,15.937976215739074,3.0331973628908044,38.53111849976547,0.0,1536.7679895942938,293.4079854168099,386.552066610399,190.81706979785127,111.20002660582286
738,72,0.0,-17.93656555740859,-0.5085176288274011,-0.8906654022605814,0.10331266946553198,0.013095366768538952,8.999240034259856,8.311573571059853,0.0618283785879612,8.249745192471892,0.0,18.795907129467608,3.2272119853882852,33.14252040335198,0.0,1167.3387092245225,315.97858458741155,417.05190135313137,112.51677132240351,121.75399160692974
739,73,0.0,-17.81602010837031,-0.481127882397932,-0.8719870895208754,0.08231554649760206,0.006715228781104088,10.088485546875745,9.436095700133592,0.06306496541947126,9.37303073471412,0.0,13.645467856119208,1.3476750730204425,34.81157684527537,0.0,1182.493684091354,251.08809593981613,332.63666112487147,130.81987924287452,137.71456748528337
740,79,0.0,-17.823141399801134,-0.5531214674603135,-0.9277435623434842,0.08154469723396152,0.006976107135415077,9.568128652870655,8.859550652094185,0.0675448621623218,8.792005789931864,0.0,19.62723837928819,1.969380627491057,35.700033426198914,0.0,1278.7983190180985,249.43868822317222,329.1506839478592,91.68967831348354,149.24861149202138
741,68,0.0,-17.803241291724063,-0.45184243985038275,-0.8290601677069824,0.06543149559591704,0.013147412799298763,9.525571303907782,8.85213397582993,0.0587301729246974,8.793403802905232,0.0,17.961861142809134,1.2336359437173492,33.064580856925815,0.0,1101.5630372663031,199.6951572897798,263.8073229562854,89.83244740184767,123.40676855338205
742,69,0.0,-17.83225834086739,-0.4341014786601443,-0.8851011025754316,0.07698022712092147,0.03152531385421753,9.030515528749675,8.381406985223293,0.059279574546962976,8.32212741067633,0.0,10.172573223512229,2.992196952710004,30.72642354895347,0.0,1119.8484406721193,235.3957567978635,310.5461257586314,75.11914063703519,157.78721539887385
743,121,0.0,-17.69606991112886,-0.8080807459526826,-1.5058763983896326,0.11045465401658487,0.00048609013902023435,11.838677280116826,10.894069664180279,0.10272793797776103,10.791341726202518,0.0,24.3628104860451,7.193681340974195,33.48573836073037,0.0,1960.3547858856873,336.15880293223034,445.9533954536186,169.0498457098737,142.4758957926885
744,125,0.0,-17.801637265759755,-0.86285509017159,-1.5761628486048984,0.14302226735991494,0.0004484197124838829,13.456110008992255,12.459495258983225,0.10662907361984253,12.352866185363382,0.0,32.12468581623777,7.892483767977851,34.99540364008299,0.0,2031.252753849262,440.81741058047095,576.4892921244722,149.85245941999847,287.6400900953358
745,111,0.0,-17.67338761225534,-0.7229011695843033,-1.3132788245847493,0.1402703297163186,0.006982971448451281,11.510593673214316,10.609045800287277,0.09434643806889653,10.51469936221838,0.0,25.525715544201937,5.023395414415723,39.58231208536335,0.0,1799.0987014194202,424.501343038522,565.2295369867633,145.0870827133957,310.7753206891048
746,89,0.0,-17.793254056965154,-0.6257956670291668,-1.0259008198682529,0.13439381450812105,0.019611436873674393,9.530233196914196,8.785016760230064,0.07537968829274178,8.709637071937323,0.0,17.261791489612722,4.703496140656255,35.68752943139483,0.0,1439.903471238537,404.1724388506172,541.4030770450985,124.54823340268663,316.65098749326785
747,81,0.0,-17.908708525467517,-0.6009640188968381,-0.9511646070609517,0.13286761039406636,0.013225953094661236,9.424206614028662,8.698888776358217,0.06903209164738655,8.62985668471083,0.0,22.38734043156489,3.0373102333657416,37.181900949545714,0.0,1312.159210948257,401.20070456406455,535.7428059651461,114.54909812917805,81.43637168281053
748,720,49.878694989370096,-9.248269093155535,-3.386928890639601,-3.486300155089946,0.6778716882318053,0.026315392926335335,42.768084552139044,38.30024524126202,0.6014154590666294,37.69882978219539,0.0,42.258943936526485,18.740456916939277,37.62405315282117,15.021437183217682,11597.083416787638,1894.9656384557627,2741.2613940890355,1065.7951248156164,428.6765859677515
749,100,0.0,-17.810088569154164,-0.6688439524567928,-1.2315341620524851,0.13391402242565908,0.013718213886022568,12.111248998902738,11.258203776553273,0.08637802675366402,11.17182574979961,0.0,28.160504732394877,5.838360131380821,35.64687822029953,0.0,1622.9200755480426,410.04712995672435,540.7631648582095,166.79962466079425,185.1047924240444
750,65,0.0,-17.837750975710236,-0.40761018687482314,-0.8420354033598807,0.0800747091960688,0.02499661222100258,9.341118699871004,8.677967886906117,0.056511681992560625,8.621456204913557,0.0,24.930938388180422,3.0328738573257827,30.139748298235418,0.0,1055.4836734832256,246.55907476496216,323.4251174594726,105.22098134438475,197.50327040363715
751,133,0.0,-17.62405849798238,-0.8713347066513004,-1.5893311727022619,0.19869542384136255,0.016884347423911095,12.325525932013988,11.271921791601926,0.11240875534713268,11.159513036254793,0.0,31.917740416995034,8.237684695461486,37.797704628996534,0.0,2155.2955950306746,597.5357034451284,799.8387204439206,162.47771450103082,369.7646570312864
752,98,0.0,-17.708018066851032,-0.5522951201778682,-1.1792749752300282,0.11797856080040434,0.013258888386189938,11.19771533086896,10.36095618410036,0.08389656757935882,10.277059616521,0.0,24.671916987455624,5.051988707673017,36.48468897334416,0.0,1587.7177603316266,360.2421670326522,476.2125076857888,123.48791946511659,102.97922353319977
753,76,0.0,-17.789700108448493,-0.49891479692853424,-0.9427623995828425,0.07653121814097716,0.01325532328337431,10.218633686192334,9.458817184902728,0.06560917757451534,9.393208007328212,0.0,13.517496104126465,3.0521317079053625,32.80638138912908,0.0,1232.198630811977,237.87745028387175,309.9524998636128,118.8579003884763,54.8605874520417
754,82,0.0,-17.828620672722955,-0.5477806000566573,-1.0228099454038242,0.09856128685990859,0.0007065464160405099,10.495718890801072,9.753209988120943,0.07043062476441264,9.68277936335653,0.0,19.700769364291112,5.033818127071752,31.46757294677564,0.0,1328.4525521208836,302.7050357203985,397.9024492719861,92.77522210287388,171.64111977993076
755,151,0.0,-17.667793170585416,-0.9390876622997045,-1.9800485943028203,0.1318073133963011,0.01951032318174839,14.914634643122554,13.764975796919316,0.12868562061339617,13.63629017630592,0.0,27.758242315200516,8.86287574110909,33.732811772792424,0.0,2453.9316817061085,411.4256424293699,533.3617865063375,219.9116662183223,47.41216775399292
756,63,0.0,-18.012316438634592,-0.5391870793835725,-0.7822456521662059,0.07891118530759464,0.026258479803800583,7.395958859939128,6.798522240016609,0.05426078289747238,6.744261457119137,0.0,15.849380824324953,1.6320136129113507,31.55695195264059,0.0,1021.2709002697583,242.71298271807288,317.9955883711498,118.257201324565,34.728005846111714
757,90,0.0,-18.04186321390069,-0.6246347851735429,-1.194016796534076,0.09962239835084424,0.012996654026210308,9.337665127124637,8.590757220052183,0.07720149122178555,8.513555728830397,0.0,25.31433588974711,5.96967529116795,31.060933771261084,0.0,1464.80075452726,310.1683611538681,403.2195023265871,176.34592429580226,14.24623043135002
758,151,0.0,-17.446552312495932,-0.9550175749357668,-1.9632137342954712,0.10121321713592005,0.006666895002126694,14.610862637870014,13.48413017205894,0.12823351891711354,13.355896653141826,0.0,28.802805496572155,8.436014335989379,33.3154580984335,0.0,2453.139599856722,320.9661931100338,411.16934856364105,234.76801120321866,180.0662252039831
759,108,0.0,-17.79015937945315,-0.6789197910794834,-1.442906468477811,0.10823822710562143,0.020110176876187325,12.59796298108995,11.685535825788975,0.09227787936106324,11.593257946427912,0.0,27.495563122782986,7.36613090213473,32.104167739172304,0.0,1758.9426811441617,330.9183397469141,436.6990780949583,128.7638956220065,107.97777704196446
760,97,0.0,-17.978688527482756,-0.7157901304258554,-1.2288767961375853,0.12504554261359524,0.0036275151651352644,10.063073777128011,9.237565356306732,0.08249636041000485,9.155068995896727,0.0,26.203794051066875,6.0400218659049845,34.355133977382884,0.0,1576.464212349622,385.620050227441,504.34532595844803,148.61411134081072,103.50051361483818
761,60,0.0,-17.866189919392973,-0.41275900560557405,-0.7478162287937825,0.09222394703534703,0.003029564628377557,9.331471897661686,8.69963345490396,0.052439332008361816,8.647194122895598,0.0,7.531447814328174,1.2374038658182172,32.12133669510601,0.0,972.7002823730778,279.33096427181624,371.3072303095496,63.45507827012063,265.1051294361034
762,74,0.0,-17.636492216256855,-0.37589701641756834,-0.8746301073773302,0.07096406578241249,0.006950085517019033,11.350685975048691,10.648622825741768,0.06426852289587259,10.584354302845895,0.0,8.41400442145129,1.0863970059770849,35.7639549960244,0.0,1198.4592673069656,219.83819976411627,287.5696021601686,97.22173919273185,89.26515491369673
763,99,0.0,-17.684300132725298,-0.714971847153895,-1.1508914415468654,0.08939551368513825,0.010326803661882877,10.348981101065874,9.549957475159317,0.08446411788463593,9.465493357274681,0.0,17.112677868092867,3.8542956977377334,37.11111064651884,0.0,1602.8854029717554,275.6456959285968,361.3989564628172,119.37481423739064,89.89881745068692
764,106,0.0,-17.65829047994129,-0.7154992568707438,-1.2846364495342644,0.08873526082247311,0.02005661651492119,10.558446406386793,9.687091576866806,0.09019522042945027,9.596896356437355,0.0,22.956782652920346,6.200946607923923,32.7092033078564,0.0,1715.8117071906013,271.9605886280904,359.52102489534235,148.78936374685463,147.59711371827396
765,83,0.0,-17.80455949088729,-0.5446035826608524,-0.9806350159004201,0.09915706590510022,0.012739578261971474,10.79345775116235,10.03913045162335,0.07156893704086542,9.967561514582485,0.0,25.960943231054255,2.5491296147667226,36.67907165289355,0.0,1344.5106628016003,305.71603064176134,401.1221073598321,124.70524033688305,84.9632308742987
766,121,0.0,-17.56333373140485,-0.7618386077335068,-1.3788203434429716,0.1268185581675272,0.013743830844759941,12.68698362307623,11.702274284791201,0.1029247515834868,11.599349533207715,0.0,32.53165467847204,6.329754105399738,38.33466135169423,0.0,1958.2640418277053,388.5670531786356,512.6196304036928,166.4508800125728,25.888108989619045
767,69,0.0,-17.882302656994014,-0.539773772113731,-0.8516810860448268,0.08149595150533362,0.015051418915390968,9.239648206625134,8.573059941176325,0.05957085080444813,8.513489090371877,0.0,21.910901168464353,2.9510076435512,31.963365428516667,0.0,1117.9373147284346,252.80757462339275,330.035467985269,97.8469183997662,142.29702938729056
768,67,0.0,-17.73117072849387,-0.3125504749576396,-0.83133165978883,0.06089210176900798,0.006814130116254091,8.79443723661825,8.134080084972084,0.057975927367806435,8.076104157604277,0.0,3.0789031475644326,0.35231531473525185,33.07445046329542,0.0,1086.6883126003418,182.99640045219823,245.36203814085545,72.6438575743463,50.66381889858094
769,720,43.1850678069415,-9.898318453890761,-3.7886307368530914,-4.309834283390091,0.5812019079957857,0.0002139911230187863,42.561321071814746,38.05147152300924,0.6018066816031933,37.44966484140605,0.0,42.25989050330253,16.51498344125488,39.56496640897911,17.372281377392557,11589.835013118316,1680.4029765960613,2357.5880533288187,939.1747181801042,353.4617602783944
770,74,0.0,-17.775636880006207,-0.462878638782439,-0.8548980867137344,0.08721601202753,0.0064590428955852985,11.1304292678833,10.410648328717798,0.0638993731699884,10.34674895554781,0.0,7.3222028455551165,0.9149065276340795,37.08000835785717,0.0,1197.7833118054375,266.4268027051459,353.0560256708592,109.85420608053701,65.81587141725232
771,81,0.0,-17.766985681262778,-0.550927934714887,-0.9353911056997803,0.11117191195723675,0.02577236108481884,10.274315445218235,9.562465837225318,0.06956130033358932,9.492904536891729,0.0,15.945806455237944,2.9964410902507495,36.29622509020327,0.0,1311.387143694826,335.2500336503731,447.8328798402611,107.79380038321031,309.09533690160407
772,74,0.0,-17.809295156900113,-0.453987691588527,-0.9081408527881007,0.08974956444453962,0.0063390787690877914,7.479099283926189,6.798045970965177,0.06331860180944204,6.734727369155735,0.0,21.116144057643087,3.1038989339450103,33.32832039170539,0.0,1199.392780143169,272.62520158940475,361.27020777068907,88.3968279916978,111.73154673798773
773,153,0.0,-17.555375118616062,-0.9722667372785391,-1.9563511802701639,0.1392240651596188,0.006344867404550314,14.25762077793479,13.095725825056434,0.12954830611124635,12.966177518945187,0.0,29.05220857083289,8.592606892591244,33.97719963775059,0.0,2482.798715792217,428.3499599971023,562.6739204540778,170.7848417735191,153.12901238122603
774,720,43.16767282368819,-9.393913970173502,-3.6386030812974086,-3.4124711251337785,0.5726327573421391,0.013305478729307652,41.9598803576082,37.409728228114545,0.6039186273701489,36.8058096007444,0.0,42.26030194778398,17.938004198940053,37.64680153627474,13.053439608602666,11589.50448907848,1623.5353555300544,2315.154494989982,993.5656568286743,165.78799132870972
775,74,0.0,-17.950647128656883,-0.5280568685405163,-0.9086165677511865,0.11836946867470384,0.005837358999997377,9.860773603897542,9.17252896586433,0.06319224881008267,9.109336717054248,0.0,20.652272495048738,2.898975934815027,35.018243576713296,0.0,1200.030654517857,356.12082401123354,476.6687789017816,91.1264031414997,86.16436777658542
776,91,0.0,-17.74298783707943,-0.6576918200811819,-1.085742931316957,0.10108354089827248,0.006880525033921003,10.82844126271084,10.0825002072379,0.07729867100715637,10.005201536230743,0.0,9.305368298856937,2.466595619625149,38.090130258334106,0.0,1475.9076754587552,304.1874085955977,407.8527726666457,113.63758144897857,246.1994517911058
777,91,0.0,-17.788096191439323,-0.613125319501191,-1.223740482697266,0.0792205848895976,0.006762881763279438,10.544786429032683,9.77735414588824,0.07748450199142098,9.699869643896818,0.0,21.957727758132197,5.954332228980115,30.97208394431408,0.0,1483.0558801157156,252.78699891379284,322.08856760157846,128.13673847745898,31.16198669076552
778,92,0.0,-17.764971034353586,-0.6452837921814754,-1.146572960088947,0.10248451340801583,0.0002387578715570271,9.296320362016559,8.512853095773607,0.07842806167900562,8.434425034094602,0.0,22.677350823761557,5.843843175611757,31.975846822526155,0.0,1490.4002406947134,315.68913498074187,414.33244948979745,138.22968537786875,173.01279331524603
779,130,0.0,-17.48691246384546,-0.8953158314410862,-1.5271997943144906,0.11260147440522,0.00017397516057826579,13.352716722991318,12.327916247304529,0.11028841184452176,12.217627835460007,0.0,26.813364019533978,6.01947966574601,38.85154048960287,0.0,2105.288964850072,346.28376633179977,454.90767734407825,142.52575730667687,199.64719727694694
780,83,0.0,-18.006251257765314,-0.6062035963499649,-1.0780970078255172,0.12666991015059959,0.006482463795691729,9.892826721072197,9.163256297819316,0.07114827586337924,9.092108021955937,0.0,21.91188197957173,4.364632802813528,33.8024900331322,0.0,1349.6365809230986,381.86422886856803,510.04538372311043,98.38350320995238,125.99949032801965
781,104,0.0,-17.73704691733944,-0.7038963756472295,-1.2261525088855003,0.13026546104836806,0.0008912002085708082,12.110885714180768,11.215080359019339,0.08853462571278214,11.126545733306557,0.0,25.237119894739976,4.961321242972348,38.04259449776956,0.0,1684.0378960578357,392.82215341346165,524.9388893694174,151.3575765096176,94.12350607677278
782,97,0.0,-17.76202219258146,-0.718521461240065,-1.1927237215351405,0.10143254617379772,0.01612418331205845,10.007791596930474,9.188889231998473,0.08246190520003438,9.106427326798439,0.0,22.911965947549955,5.4003938683850325,33.74085108944531,0.0,1572.4653567382632,313.172617104671,409.91539272678966,100.28101684086403,164.80763665904482
783,89,0.0,-17.763913579587488,-0.6213887037897967,-1.0241574562126305,0.1282740725937025,0.012892748229205608,11.76524519501254,10.972477391827852,0.07623937260359526,10.896238019224256,0.0,23.797708824663125,2.9771453231939957,39.5126318547143,0.0,1441.310475743384,385.775022984586,517.7344688542912,131.61214942799526,215.57405205811625
784,80,0.0,-17.70362480201956,-0.5276939615714112,-0.9983089848622269,0.080613927544634,0.00013483846851158887,8.693296139128506,7.932331070769578,0.06874133972451091,7.863589731045067,0.0,20.86117116423617,4.533759045978106,31.443339410681205,0.0,1296.4839036542883,245.2173724949294,324.3366817661725,79.91849691612516,217.9483185024679
785,84,0.0,-17.756093933809517,-0.557807119267808,-0.9192192376339766,0.12618008237247538,0.018976710736751556,9.82363608572632,9.097276741173118,0.07251420803368092,9.024762533139437,0.0,9.202441568168787,2.07562240311873,39.97083538838737,0.0,1358.3664514309166,379.72319435022933,508.7921984027596,105.33859014161042,157.98294789697619
786,98,0.0,-17.98797392350633,-0.7292573597915604,-1.2048731824288414,0.12386157416716785,0.01316374447196722,10.495578993111849,9.687308805063367,0.08417939860373735,9.60312940645963,0.0,24.528021996458563,4.926252764982011,36.85140087388947,0.0,1590.7354376309313,379.78470079655,500.51864698967864,134.4772196767459,44.54885498267438
787,95,0.0,-17.669882045226444,-0.6620072284353906,-1.196714214067553,0.06322955131903737,0.0012300134403631091,11.01949222292751,10.23095644870773,0.08200965775176883,10.14894679095596,0.0,6.6261006713318125,2.84676274946456,35.93058124465849,0.0,1543.9876641947694,194.97969403454772,256.0000499174192,103.74626722695176,114.4007416717738
788,92,0.0,-17.790163087086118,-0.6672848684695651,-1.1085860259329778,0.10160188678978416,0.013518938794732094,12.30790991615504,11.524913591332734,0.07992294989526272,11.444990641437471,0.0,18.38173116873594,1.6494077541146954,39.0258683331569,0.0,1493.3988952555558,302.0113906662452,408.3490566091418,75.4782014979825,248.12711062056542
789,72,0.0,-17.764028467472247,-0.4523386693248956,-0.9349410191877834,0.059380508642460916,0.019255954772233963,10.083873530849814,9.378838852979243,0.06297364737838507,9.315865205600858,0.0,22.962993459167546,3.0977666047764654,30.848622647809194,0.0,1169.7994249669878,185.71804203257446,240.38925670323286,69.6286737124173,151.7585566406711
790,85,0.0,-17.748282594046316,-0.6170672170344934,-1.002283139090646,0.10567482475676787,0.025321166962385178,9.714907384011894,8.963380984030664,0.07324271323159337,8.89013827079907,0.0,16.89069399263882,3.1860612079549075,36.580486161472294,0.0,1376.287265506925,317.4130131579488,425.3501840192995,86.59402403971764,175.8946441094383
791,69,0.0,-17.76078037101498,-0.4521794849030034,-0.8390397625545115,0.09356215253350565,0.00036168249789625406,9.754651580937207,9.089693523012102,0.0603804225102067,9.029313100501895,0.0,24.01097098878346,2.014514776175337,33.681043379872236,0.0,1117.9772820230403,282.64979572487704,376.6278512359456,73.89956154760274,278.347148871721
792,65,0.0,-18.002150130672305,-0.514731530959657,-0.8145005491436276,0.07911079081752488,0.024811694398522377,8.314399568364024,7.677494836039841,0.05629500234499574,7.621199833694845,0.0,13.107202104287834,2.429188882783073,30.821968498951303,0.0,1053.4572596868386,239.95633679378608,318.9427256769711,82.09968200042631,181.93185059556743
793,93,0.0,-17.673792757575605,-0.6058297942998689,-1.1044483451335023,0.09705823737749968,0.006568965967744589,11.339758481830359,10.518369717057794,0.08059593290090561,10.437773784156889,0.0,21.282830104398016,2.697928394495088,38.18376919955704,0.0,1507.6423444871816,298.28362929901294,392.1928173244563,141.2385016079266,57.34038005770176
794,97,0.0,-17.734331147725385,-0.6806453636161165,-1.1567857196453404,0.12290104050953149,0.0005435677012428641,11.342239575926214,10.488924129866064,0.08329518977552652,10.405628940090537,0.0,20.377488367620312,4.697590073320116,36.52208546695274,0.0,1570.2846845677611,374.42052186183747,496.61867718050064,134.40799873630237,164.47715710658812
795,89,0.0,-17.69459537420172,-0.6017282453975875,-1.071626325423277,0.08157719607674101,0.020536836236715317,11.13479772489518,10.336864829063416,0.07604647055268288,10.260818358510733,0.0,22.220604426751503,3.7153022451425444,34.796038668112395,0.0,1441.4653273287847,250.52791290856604,329.1301373670654,89.95028206855278,91.63869464465132
796,79,0.0,-17.87038751465124,-0.567764191645826,-0.9934170380248332,0.09701672846403565,0.00048630923265591264,9.320996599737555,8.630630373954773,0.06761796539649367,8.56301240855828,0.0,24.167362839321708,4.025874284712429,32.598056900596006,0.0,1281.0051495636865,297.77831990159825,391.72619139106405,114.67162686708605,225.89310800057106
797,82,0.0,-17.754601323402856,-0.5596631937691572,-0.9706547316617726,0.08851820690065286,0.01921544037759304,9.668148197233677,8.935720054898411,0.07024744665250182,8.86547260824591,0.0,25.67217066836906,2.8204014935716595,35.54641508906473,0.0,1327.909807532464,270.4546513053595,357.1746009748337,111.11007080068165,94.27835595623671
798,720,50.104266672951084,-9.407533490628618,-3.692352478032289,-3.9552062164044446,0.46083142011504513,0.01943947561085224,42.9190451647155,38.34088241122663,0.601815109141171,37.73906730208546,0.0,42.26258303209658,16.45066638703567,36.46462231555756,12.761386674467065,11595.164226733948,1318.5576274360253,1865.6644274776147,932.9896610109173,108.71094341857152
799,720,31.50822002876356,-10.862737882241959,-4.069496623217785,-5.232934706204983,0.4592101584118526,0.0067496937699615955,44.82889461517334,40.27593794092536,0.6001052837818861,39.675832657143474,0.0,42.26350471932486,15.056715066167092,38.88377666915938,10.965729200289225,11620.629198129345,1366.35579894631,1861.9165617885378,1006.215201050616,296.70440311487306
800,71,0.0,-17.823297510354593,-0.477139268451657,-0.8872239472145912,0.08287724916338986,0.000233169412240386,7.990005404688418,7.339022159576416,0.060862097423523664,7.278160062152892,0.0,16.56134124003234,2.9746789916678833,31.77816666078566,0.0,1151.065364145041,253.8552715511074,334.5555436478051,97.46374241387282,205.1293313306011
801,73,0.0,-17.879445672580584,-0.6052209017788279,-0.8977155122441658,0.05558766008028722,0.01205825712531805,8.293064521159977,7.624187322333455,0.06280075898393989,7.561386563349515,0.0,17.47520504948165,3.338765765178614,30.337915759543904,0.0,1182.40527991991,172.3031270719013,224.87287831851333,73.64344436607374,41.143936764542005
802,74,0.0,-17.796357035850882,-0.5374377939701027,-0.9150456699978856,0.06767469638857704,0.013796908780932426,9.707666691858321,9.02057786192745,0.06338875228539109,8.957189109642059,0.0,18.320602952030836,3.0527703476489663,31.90206681002469,0.0,1199.829446891401,211.2215941193072,274.00639495603576,86.57434172153411,138.36184247241496
803,116,0.0,-17.68308284826604,-0.8562104201349413,-1.366956805895644,0.11598007145237912,0.006872456055134535,12.088827613275498,11.143735804129392,0.09824933903291821,11.045486465096474,0.0,26.53918939904687,5.573916584066345,37.48458095749372,0.0,1877.375238013047,360.37880550134963,470.6163870611573,178.36373179754534,43.86639013524134
804,83,0.0,-17.72098301114701,-0.5583053503565569,-0.9970048046378349,0.07448964732939956,0.02460760809481144,11.10739230364561,10.348504593130201,0.07101045735180378,10.277494135778397,0.0,14.224664103614652,3.200042687939583,34.0868446508179,0.0,1343.6934793906785,232.6207764039915,302.28998019758257,114.11472991214328,97.08617387365824
805,85,0.0,-17.810568017809874,-0.5235674844433574,-0.983359185555591,0.10735334766125827,0.013159914873540401,10.891706840600818,10.12585782399401,0.07291997643187642,10.052937847562134,0.0,22.72535700698469,2.6256827543185173,37.95656380103938,0.0,1376.4060966815036,328.20657591212444,432.6168298706451,97.47058529959298,105.22963596186617
806,70,0.0,-17.88942084707689,-0.555982436232494,-0.8440690746281297,0.0741147597936601,0.0066364724189043045,8.301439853850752,7.6282026479020715,0.0600062170997262,7.568196430802345,0.0,10.418390297213481,2.342077285837442,32.625746631514545,0.0,1133.4368188451062,226.9990146968394,299.43740321808616,100.19048451886285,102.30824677613819
807,107,0.0,-17.805693264835103,-0.7559401132698015,-1.2642360825697487,0.14857818509088222,0.012991942465305328,11.642984581645578,10.777838669717312,0.09144165879115462,10.686397010926157,0.0,20.149560706254857,4.824935375780788,39.21247341206049,0.0,1734.4342442609675,447.46413264229415,598.7756416877008,133.400040733067,107.6471795561173
808,68,0.0,-17.920050902782858,-0.48729565842849554,-0.8621294264436291,0.07693479190109961,0.006487331353127956,9.76927924901247,9.083341542165726,0.05937801906839013,9.023963523097336,0.0,22.573610247865567,3.331023911076921,30.438058696153664,0.0,1102.7609635554295,238.3973321215106,311.1461448761565,88.7908809546317,81.8901894975127
809,107,0.0,-17.695813754579238,-0.7992545600638958,-1.1946307546288057,0.11764299676111306,0.006638940889388323,10.551859159953892,9.686330081894994,0.0912993079982698,9.595030773896724,0.0,23.433646823888477,4.249473171771385,39.770240817271635,0.0,1731.134098523855,358.4557200353858,476.1798225506399,199.8511019998476,124.26465811468009
810,109,0.0,-17.889966814190753,-0.7606816057379043,-1.3445215321100252,0.17649218931354338,0.013247868977487087,11.414397526998073,10.51729374891147,0.09320686012506485,10.424086888786405,0.0,28.160910924713043,6.885731534582155,36.47030131554754,0.0,1768.2245397953677,532.2773090175257,710.5135099789795,119.76727469359143,318.8079345377137
811,75,0.0,-18.0148669366516,-0.5821606427672142,-0.9121171461822729,0.11569647813534005,0.006615946069359779,9.07878877967596,8.397123648319393,0.06479814369231462,8.332325504627079,0.0,19.420452823985883,3.692424785847073,33.37478066241951,0.0,1215.0573434006265,352.0379539750718,466.8318324518871,114.62031833771651,171.83794944228424
812,75,0.0,-17.9196559551687,-0.5698345170075066,-0.929757528585315,0.11984432471525992,0.006683697924017906,8.165659263264388,7.502842536196113,0.06493765395134687,7.437904882244766,0.0,26.10609928754673,4.244430237268203,32.844674664483556,0.0,1216.2434337930797,363.57097412987406,482.75654966900254,89.01201611443163,320.9362203607761
813,76,0.0,-17.867653544155274,-0.5292784099161005,-0.8654425636632629,0.10892817777577056,0.025106748566031456,10.721284304279834,9.98192432615906,0.06545349722728133,9.916470828931779,0.0,18.21386085395758,1.2229730414498936,37.92636251439904,0.0,1230.2124434371487,328.3028731693935,438.6016845733896,77.89993477887458,147.82849257652148
814,121,0.0,-17.51878789235954,-0.7394825563641217,-1.456231042805864,0.15644840494901538,0.01325269415974617,12.90074584633112,11.903861523140222,0.1030321572907269,11.800829365849495,0.0,28.92728369940988,7.3918972377459164,36.03990768242041,0.0,1961.6086633924342,476.67562124954947,629.7239155320726,119.23354035356465,369.74667452571333
815,65,0.0,-17.96714977764986,-0.482153229488391,-0.8305927818508984,0.08220960647870613,0.019154179841279984,11.226572874002159,10.557861279230565,0.05709754768759012,10.500763731542975,0.0,10.85966202415331,2.4029598107466787,31.341085674334767,0.0,1055.2258671235336,252.37085097784572,332.2288442903596,92.42455596033086,83.27826354957331
816,107,0.0,-17.770418003499707,-0.7495930339964991,-1.3046154209032097,0.13769907242615034,0.01292410958558321,11.510592767968774,10.64058611402288,0.09155752649530768,10.549028587527573,0.0,23.69782426250715,5.736521501084964,36.97440139107383,0.0,1735.098541107551,414.66134443104374,554.8037435647472,107.29760818517877,346.5699070419136
817,84,0.0,-17.757114195841716,-0.4987152035636498,-1.1221139144354009,0.07024447147315266,0.012765730731189251,10.242114481981844,9.447758488822728,0.07354112155735493,9.374217367265373,0.0,22.493858416702214,5.356010533841102,30.32271211787631,0.0,1367.2011524356608,219.9945299261533,284.51557667386976,116.73710808187126,84.81898330547489
818,67,0.0,-17.84606749562267,-0.4571944785685556,-0.8569842089246522,0.061822136720733285,0.025223691016435623,8.730666635092348,8.128874223679304,0.05845555290579796,8.070418670773506,0.0,5.246511179450414,0.8170686807135153,31.683497924620585,0.0,1088.0638832058803,190.1508431409692,249.6897873301313,70.72803628214416,98.9455173578637
819,720,68.84334131174582,-8.841619851546742,-3.559563178707173,-3.970714313261886,0.38276371029263867,0.025759438052773476,40.27106012729928,35.714333585929126,0.6019930890761316,35.112340496852994,0.0,42.263448973418704,18.68057575487527,35.181851267578935,9.638197120431027,11622.422099186284,1100.7909429369056,1551.29618413991,821.8048301341518,261.9848284352685
820,720,59.365910586925686,-8.01138465304108,-3.2469282905156365,-2.802054761964547,0.6858864813250342,0.019153421744704247,44.29630696121603,39.72141144797206,0.6004165960475802,39.12099485192448,0.0,42.26342702222914,19.487208468691993,39.13929177702864,17.009936200072087,11587.245158828977,1857.96230472356,2775.566654844671,960.3490066244883,345.5112096383062
821,100,0.0,-17.708709436807727,-0.7624391307284654,-1.1841476849377135,0.0858920588014737,0.0270844679325819,11.343515016604215,10.479377429001033,0.08445760793983936,10.394919821061194,0.0,23.695604620896244,4.548505563185051,35.594990507635295,0.0,1618.8655119439186,265.4093958080236,348.0373342523667,122.82876064270889,9.996587341185517
822,61,0.0,-17.891525092038485,-0.3713958787429645,-0.7790187192500595,0.0812979989516539,0.013209957629442215,7.215157782193273,6.659430698025972,0.051818516571074724,6.607612181454897,0.0,15.521652711462142,2.231661016731196,30.424371218084577,0.0,989.6283398984048,248.55426699962834,327.94300182330863,72.65697487969769,162.4703088922552
823,720,62.30167253798206,-8.195596825517645,-3.3796852649209717,-3.03868556780487,0.4227487316732202,0.0003989701217506081,42.720576556865126,38.22632069000974,0.6001249826513231,37.62619570735842,0.0,42.07483070929947,18.204887973629766,39.25062112497062,16.17816357033125,11586.773977267254,1174.9529984563844,1709.0965398396431,843.0399555478039,173.0852044763597
824,78,0.0,-17.92243642885828,-0.546195495264032,-0.9820148206690801,0.1000650896238783,0.004330976866185665,8.516687294933945,7.8331905491650105,0.06643421621993184,7.766756332945079,0.0,27.496743395154347,4.858715847696758,31.24404640479953,0.0,1264.905849092739,302.4923357055417,402.3377266173984,82.93784693390509,101.1811675321901
825,61,0.0,-17.74837181901516,-0.28907179868117755,-0.7521966396271197,0.06189102079444437,0.006439645774662495,7.767204539384693,7.1356095490045846,0.05213110335171223,7.083478445652872,0.0,9.934661450966258,1.4793307731744891,30.45877618760322,0.0,987.9340679664706,190.60279745348916,249.60979610492168,74.88479249824161,108.92547999272145
826,87,0.0,-17.84666348980443,-0.6373228602578974,-0.9793129479851506,0.11976502663270266,0.019060444086790085,9.40529890730977,8.649765162728727,0.07365207746624947,8.576113085262477,0.0,24.77946633913888,3.111175868787318,37.70140295583833,0.0,1407.3206094829482,363.0601107607597,482.2818642501942,108.98567026279264,274.45667973524127
827,96,0.0,-17.534416653315926,-0.6117679839153587,-1.114634795410585,0.06790494650018666,0.01920488104224205,10.468243175651878,9.623334693722427,0.08148172125220299,9.541852972470224,0.0,23.53036983516378,2.9128266747489717,37.773037612026414,0.0,1554.579291130227,209.72203994375334,274.1358187842662,88.2677388653012,68.00778693066034
828,72,0.0,-17.91334159283249,-0.5231562023522637,-0.8808598393085711,0.08697379511722954,0.02502506412565708,8.756236410234123,8.077579839155078,0.06147621804848313,8.016103621106595,0.0,8.579505187121772,2.5281461865907446,33.18559931687479,0.0,1166.648128343271,267.6798942776371,352.317878296337,103.71817123759949,40.65177556096302
829,81,0.0,-17.837617921066855,-0.5327531439746738,-1.040653111527798,0.10904047876378642,0.018932899460196495,9.575629372615367,8.806199518032372,0.06859384663403034,8.737605671398342,0.0,20.86515058633745,5.976089067869972,30.6145185402202,0.0,1315.0484221414347,332.0732872864096,439.1479434339358,98.66489912812483,103.69353497800748
830,95,0.0,-17.756380415760223,-0.6662643401055789,-1.0877345298887557,0.11030282084107727,0.014541178941726685,10.404670166783035,9.604005326051265,0.08032605610787868,9.523679269943386,0.0,21.159479731504327,4.2359546830183055,36.82967137533632,0.0,1536.8461262665414,338.6270126148411,445.3881424961207,131.48389766322512,132.9322614134894
831,76,0.0,-17.99990659502994,-0.5400838252666103,-0.865731901839881,0.1509477627253293,0.006153817288577557,9.330028396099806,8.63293621642515,0.06467533716931939,8.568260879255831,0.0,19.63544853854605,3.3107505962515074,36.349913359845,0.0,1229.7472986468356,454.3781896748236,606.998798815741,100.68202739975112,295.50199717889956
832,87,0.0,-17.784760152646562,-0.5800046952411644,-1.0058650005731073,0.10903630352838352,0.01317962072789669,9.650887632742524,8.916862580925226,0.07413675542920828,8.842725825496018,0.0,17.54436873753421,4.095136231278479,35.29549568104658,0.0,1407.7754610267793,336.2097960920233,440.9350424579062,139.00285537156455,78.13707338470309
833,95,0.0,-17.832373783021822,-0.6651304181994402,-1.050282758372962,0.12244141704531515,0.00021010494674555957,9.889358317945153,9.097087393980473,0.08037566300481558,9.016711730975658,0.0,16.600590417596663,4.186781553549252,37.58773493521224,0.0,1536.092633416149,369.67573090240506,493.8488812331572,138.31904817692254,219.1609409155924
834,72,0.0,-17.672782850066685,-0.4032117278598488,-0.8919846265813608,0.05183418968592755,0.006591500248759985,10.414036921225488,9.706441992893815,0.061996516305953264,9.644445476587862,0.0,16.408693039535482,2.469895534273451,31.306592734849136,0.0,1166.4835506891181,161.28186868994186,209.34054173923823,97.94018205112793,99.20088380676425
835,84,0.0,-17.89180287116173,-0.5866851762368657,-1.0446203440151636,0.09966875536174928,0.026359057053923607,9.341882840264589,8.598718848079443,0.07203162694349885,8.526687221135944,0.0,20.73352222185268,4.782673335991997,32.9156265997782,0.0,1362.5153565704672,304.35668010042554,402.1425949461278,139.29666145935815,177.30223277523748
836,74,0.0,-17.696391270084035,-0.41933439499624825,-0.9106655616761665,0.054585614138359204,0.012722685933113098,11.633601169101894,10.93817375227809,0.06338244676589966,10.87479130551219,0.0,10.58769688492314,1.8675803121691725,33.063039539013964,0.0,1198.7220819159618,169.2500450314651,220.32695458757686,148.255320989141,36.796577940435355
837,87,0.0,-17.819285116974065,-0.6225333524907442,-1.097569627831584,0.08337623974577547,0.018982741981744766,10.925144799053669,10.143874839879572,0.07410003431141376,10.069774805568159,0.0,20.895639109421513,5.438789670793369,30.64448595276779,0.0,1410.178753055051,256.2073395813337,336.1692068924229,68.34665523033959,176.47362087994938
838,70,0.0,-17.76899100330663,-0.4046571893352739,-0.8444506056687172,0.07627627504741362,0.025201790034770966,10.519684065133333,9.82077179197222,0.059971649665385485,9.760800142306834,0.0,9.700036477824703,1.2927812143417132,33.994394874734326,0.0,1134.0364046121317,235.84510278043413,308.29453429711884,98.58495429276283,103.52862820821879
839,108,0.0,-17.65395545383484,-0.78598777403704,-1.226697283087678,0.09907768944112176,0.006324389483779669,11.52218484506011,10.616172291804105,0.09113219566643238,10.525040096137673,0.0,16.322895772883925,3.9631621805220107,39.28947487822011,0.0,1748.4046276505328,302.8145402509534,400.46355582973814,125.65809137107216,102.47676340742642
840,86,0.0,-17.717994252804154,-0.6652420782375308,-1.0199743317699368,0.058007595683624076,0.018883828073740005,8.31263160193339,7.57368105603382,0.07302939472720027,7.50065166130662,0.0,20.315159031767582,2.39315970982095,35.42629678586822,0.0,1392.5110124028743,183.10839407007143,235.75811998096165,114.38588730133533,18.55465956785231
841,77,0.0,-17.797014124101146,-0.5303887857412762,-0.9208517761148192,0.10873469270389693,0.02536911889910698,10.106422742828727,9.416559823788702,0.06570652639493346,9.350853297393769,0.0,17.128549947960494,2.852172867625053,35.42642041476912,0.0,1247.5431816279126,330.1610281008297,438.778751737924,92.90740696562274,279.4877572968633
842,63,0.0,-17.862669645186507,-0.47954410300789,-0.7866706025031226,0.06127231743276182,0.006492882035672665,9.350061126984656,8.743516565766186,0.05370197677984834,8.689814588986337,0.0,12.747659838108058,1.8853407711625074,30.546213976918306,0.0,1020.8963906530175,190.0285708461404,247.74948916827884,68.06441194772276,126.9889474716031
843,79,0.0,-17.872924781977336,-0.6312485680175863,-0.9529938777285185,0.07607180841405645,0.006815935950726271,8.506661919876933,7.81401153607294,0.06715931324288249,7.746852222830057,0.0,10.386552689698046,3.0127016989890603,33.60726260536774,0.0,1280.0070878205165,233.36307786864927,307.54100862644526,103.51007854377737,71.2080300550171
844,119,0.0,-17.635562704657627,-0.7809970766178042,-1.4257296642247335,0.1274131621640165,0.006491655018180609,11.774402922019362,10.867751323152333,0.10053345933556557,10.767217863816768,0.0,30.635177456350988,6.432173625230299,37.362815311953106,0.0,1930.8812057298824,393.7276738484963,515.8871516903541,169.38755298383546,156.4717826674895
845,123,0.0,-17.645312425107576,-0.6731747020390476,-1.510130834757757,0.17666177169918948,0.017723210155963898,11.679868827108294,10.728239374700934,0.10412828112021089,10.624111093580723,0.0,31.316371040938108,8.833024626865445,33.42620633158282,0.0,1994.4735401426358,538.6175268991285,712.0734329419247,150.8496322392364,259.393169967891
846,92,0.0,-17.796067392750786,-0.6140654517464774,-1.0990595199944249,0.11548436392761179,0.03154848515987396,11.021520966198295,10.220927964895964,0.0777338556945324,10.143194109201431,0.0,26.94737406429925,5.1246041811532494,34.478131460539444,0.0,1489.9638734754087,355.6921718859562,466.4666921736787,125.28410610357504,226.25665594906872
847,100,0.0,-17.639858634590365,-0.6859120744731533,-1.1695661150253405,0.09998280672914195,0.012603417970240116,11.3729677782394,10.503119721077383,0.0845948550850153,10.418524865992367,0.0,23.528926171398357,4.0503518067898785,37.72219615190582,0.0,1618.9982071500203,308.6287052489244,404.34683543245825,127.8798297827952,140.3602277413246
848,85,0.0,-17.771355020214923,-0.4987244868827683,-1.0996123911496611,0.1148413687312088,0.0005770038114860654,10.46970421075821,9.670926420018077,0.07202688092365861,9.598899539094418,0.0,25.27175201178166,5.067691812168363,33.577626684802965,0.0,1382.205288844389,349.006280982409,462.5646399182065,91.23263210163476,212.30036045120494
849,84,0.0,-17.705234823808397,-0.5977476265808407,-0.9912541368158082,0.08151350010474855,0.01859559863805771,10.911668118089437,10.13578826142475,0.0712397932074964,10.064548468217254,0.0,15.51403144478408,2.8444118976292776,35.282557793187344,0.0,1359.8935674389716,251.5172468413024,329.4939915670143,109.76974764812542,120.31254921410417
850,78,0.0,-17.928855842047156,-0.5123310753629216,-0.9677940466942452,0.12372760521887777,0.03708285838365555,9.340594244655222,8.635956628248096,0.06608930788934231,8.569867320358753,0.0,22.71405231411162,3.891016638375613,34.56700684402654,0.0,1265.701207767628,374.23386590499473,497.88965250986365,95.73049675313156,205.41829518778434
851,104,0.0,-17.798724754137474,-0.6866876808646617,-1.264610036854632,0.16946635560184645,0.018914803862571716,10.79350588703528,9.939363620709628,0.08804441941902041,9.851319201290607,0.0,23.65512351553562,5.806539834080493,39.05498523790455,0.0,1687.9430656616473,508.3581997565825,682.2747951481097,118.69441696764582,301.0492914746084
852,127,0.0,-17.755005971568988,-0.8728391881650863,-1.6300207564271196,0.15152304129710964,0.012883022427558899,12.073653856758028,11.081159342080355,0.10688654612749815,10.974272795952857,0.0,29.666517620679205,6.326252506867129,36.98531524353791,0.0,2066.7014685100885,458.1538849227694,610.2886963461078,131.8840452913506,332.0257392404801
853,70,0.0,-17.860472431275632,-0.5040621494867409,-0.8711315661890676,0.10348654664961505,0.019389383494853973,8.686058906838298,8.04078978439793,0.05943295219913125,7.981356832198799,0.0,21.096673694335326,3.2070005139690565,32.596022091480954,0.0,1135.1786700638215,312.0425118875337,416.1954600029206,75.04508557230461,281.91511189264037
854,60,0.0,-17.850177381009402,-0.36127772698201427,-0.7702388750541734,0.09792785361822841,0.006367814727127552,7.937831480056047,7.330609621945769,0.05136772012338042,7.279241901822388,0.0,18.576115692973598,2.598322060346671,30.361603382305585,0.0,973.6142963104861,297.26050668977336,394.00181203147906,50.26249909212359,181.43921165500916
855,83,0.0,-17.836850291886005,-0.5544312784396276,-0.9314583400118921,0.13045653078313674,0.006615335121750832,9.976914677303284,9.25278429267928,0.07042277650907636,9.182361516170204,0.0,15.194805722362476,2.0305671063189137,39.445269851851414,0.0,1343.0284218477598,389.5004260091115,525.7026382097903,104.46501011767597,198.82240242355465
856,142,0.0,-17.6194927894418,-0.8717251513951186,-1.7882892722771007,0.20690148483375645,0.007017611060291529,14.582999370060861,13.4872778179124,0.11966738477349281,13.367610433138907,0.0,32.829768336452744,9.276905646333063,35.6829454858639,0.0,2304.6026079656863,628.671724810466,834.0667937048416,179.07506611269645,349.3350537442258
857,73,0.0,-18.09606077970738,-0.5271519995003348,-0.8609805823883264,0.13724120791362265,0.018646573647856712,9.692498520947993,8.999320207629353,0.062087996397167444,8.937232211232185,0.0,20.491245425700896,4.079486242942658,33.721977212565726,0.0,1181.7870703935807,413.1068992841817,551.8898489831442,100.69117575776264,186.49933260786315
858,97,0.0,-17.833189534524752,-0.643785273129538,-1.2237130815717703,0.13072249852246792,0.006366708781570196,10.821577610913664,10.006035210099071,0.08242847910150886,9.923606730997562,0.0,27.932179455446633,6.867676463960092,33.13473929747294,0.0,1575.8671526784299,398.77288772787847,527.2438620784832,136.4542125776552,121.52076302903
859,76,0.0,-17.970764530067346,-0.6183403315427716,-0.9300157618342006,0.09142895801448739,0.00023108113964553922,10.369561919011176,9.659755574073642,0.06456652656197548,9.595189047511667,0.0,18.44442256635538,2.8747889634624837,34.16620034869812,0.0,1231.8290738292858,277.64363230501914,368.5422104819848,81.18317848777474,84.96072475407698
860,127,0.0,-17.52419304588893,-0.8044161742820571,-1.4592819207236611,0.15137614881304493,0.0004108753055334091,13.70038024103269,12.697793642058969,0.1072260825894773,12.590567559469491,0.0,25.519506622447636,7.902389889721416,35.26199475319314,0.0,2057.8377704605814,462.99045726652736,611.1652465865701,156.29939097128187,71.58208617787105
861,83,0.0,-17.679928052298273,-0.5700954327274008,-0.9640387154153384,0.09000765042067689,0.020717687904834747,11.009513594210148,10.278520324733108,0.07095393911004066,10.207566385623068,0.0,10.184850393884618,2.231428697098681,36.46068845467484,0.0,1343.0324898874878,276.1936798216814,363.26212895418246,96.27980757539885,221.3888947594021
862,84,0.0,-17.739587462078855,-0.6231833904994514,-1.0237999200785124,0.08216593663938135,0.0018361408729106188,9.34982429491356,8.606687238905579,0.07127404864877462,8.535413190256804,0.0,15.931511833314998,3.648876673266553,33.57298191766884,0.0,1361.433782603078,252.42140724290493,331.469638517151,100.37956511243794,223.31548881432266
863,720,68.33981649945565,-8.822633793699454,-3.4788476966141753,-3.7274169470207,0.46357717124398523,0.00014039577217772603,40.52019437216222,35.94461863208562,0.6000426928512752,35.344575939234346,0.0,41.97477856665805,18.189499241535053,39.15030538855683,16.120611675792283,11590.638341617214,1329.50916476155,1877.9905775894508,932.3409116362587,366.62073342951766
864,73,0.0,-18.115357677235206,-0.5125036826883959,-0.8709943690902471,0.16784852482100557,0.006665580440312624,9.691448020748794,9.003913312219083,0.062431120313704014,8.94148219190538,0.0,21.17502869104414,3.100157465427532,37.75014698041673,0.0,1183.179844366438,497.6710774963498,674.8718228206567,107.08716471028887,311.13836623921645
865,84,0.0,-17.716031536398155,-0.5400598783781466,-0.9867306620872655,0.12816685871187106,0.0187749732285738,11.549595260061324,10.785113885998726,0.07102552521973848,10.714088360778987,0.0,17.58934628163839,3.4019450448175013,37.47252585619537,0.0,1360.0601192787512,385.3490911994142,515.4327945545199,77.99424084630368,396.3258270909617
866,96,0.0,-17.86329645429572,-0.6873168483437018,-1.2130166727469573,0.12330339712461329,0.012365622445940971,11.795705641619861,10.937263200059533,0.0812004478648305,10.856062752194703,0.0,22.597875512679103,4.364800529565918,35.07379414062674,0.0,1559.516461968549,372.26768769445414,496.6808508542981,124.28776086246498,244.7565679096933
867,107,0.0,-17.773062083658143,-0.7129605829403461,-1.3252889029079853,0.14345435777722904,0.03078908659517765,12.410369839984924,11.517768736928701,0.09057590924203396,11.427192827686667,0.0,26.546243119643492,5.8740441611317,37.86411748092371,0.0,1738.2352816381974,432.51280146829777,577.4118202775519,94.8740943931838,294.4347934223023
868,84,0.0,-17.789871231753516,-0.5897570352260479,-1.079406741063491,0.09250624043426933,0.012793412432074547,9.974903458729386,9.24135768879205,0.07101965509355068,9.1703380336985,0.0,19.046483029224337,5.515177831900254,30.222114490073732,0.0,1362.4497946709023,282.7741594791472,372.65925052460165,82.52119147886555,129.01827001499294
869,76,0.0,-17.8546555253778,-0.5285415883240643,-0.9553054609784574,0.08957906231700175,0.00649319589138031,9.454536289907992,8.735272029880434,0.06456359708681703,8.670708432793617,0.0,16.55386691376177,3.9248312600142903,31.90977487513567,0.0,1231.9899024759454,273.86952813683337,361.6230024558918,110.13032075228895,102.7568563275435
870,132,0.0,-17.400659995671933,-0.7851898029437424,-1.603673333381797,0.11657874465441975,0.02492481842637062,16.407371618784964,15.329858868382871,0.11148881865665317,15.218370049726218,0.0,30.02382537618424,6.4902305898667985,38.56715502301885,0.0,2141.0666815989794,364.29032817977617,472.56175526771807,193.64947541874915,106.67477337701264
871,85,0.0,-17.847649767331443,-0.5865866039051068,-1.1285809527383646,0.08944755583339488,0.0002452722692396492,8.823511898051947,8.086361712310463,0.0719596236012876,8.014402088709176,0.0,20.39497751633845,5.479800042796229,30.126722682921113,0.0,1382.2067336321322,274.50924295563186,361.301503223547,106.3165785485427,170.70345784640395
872,74,0.0,-17.838128281592937,-0.39276132592558594,-0.9347070605926595,0.1042864559135696,0.006870616693049669,10.320482091978192,9.622936589177698,0.06315496889874339,9.559781620278955,0.0,23.03172577610374,3.857635268609278,32.990068968175585,0.0,1201.063109986293,320.1657099447463,420.681546323647,85.59886894767052,86.99050881518679
873,62,0.0,-17.829783746665647,-0.36733988957441327,-0.7681092539700299,0.10810760073518559,0.0063528623431921005,8.434677537996322,7.840030502062291,0.052888648584485054,7.787141853477806,0.0,17.475766966505915,3.3550318858730255,30.89530410381928,0.0,1004.6249102159229,324.5775019380389,434.19106419285026,39.76598881381334,325.286757564547
874,98,0.0,-17.7591161680433,-0.8078086095411283,-1.127651967089652,0.07143116745614686,0.006833304651081562,11.332802047021687,10.506981855258346,0.08332542236894369,10.423656432889402,0.0,15.112391910189222,3.035432667544006,37.971232962214145,0.0,1586.1262238660916,220.92934672351814,288.53297500992034,135.37302950221317,133.82231250357125
875,91,0.0,-17.829173073270105,-0.7055125460228399,-1.0345936182375564,0.1143682922591579,0.012536784633994102,11.08298818860203,10.306656835135072,0.07724792743101716,10.229408907704055,0.0,23.740948944414203,3.52015992279142,38.194185006924506,0.0,1473.0125782214513,348.6560977034099,461.33056290932115,107.40068603724093,47.854323087660944
876,720,64.00711274291073,-7.262602375357818,-2.7996935784524783,-2.8382888402727224,0.41021340153669633,0.012823876924812794,40.83472091285512,36.380421568173915,0.6000306992791593,35.780390868894756,0.0,42.25765911969002,21.844554298874225,32.80805744779651,13.324942717213748,11596.45657098856,1130.5598328209137,1657.2697208995269,812.2500941576031,84.40158487414836
877,93,0.0,-17.771753784885476,-0.7103083797220717,-1.0898404685393546,0.10867766400767373,0.02492563985288143,10.949133485089988,10.158515088725835,0.07874028058722615,10.079774808138609,0.0,16.9189327472122,4.124185711426371,36.294634828957896,0.0,1504.8094619654862,326.50302467171866,437.23871291581924,75.6174398156622,248.7323379370255
878,105,0.0,-17.727219282502574,-0.7893086572728867,-1.2414151349406026,0.11575256548892832,0.018608344718813896,11.439314605202526,10.56181897688657,0.08881487464532256,10.473004102241248,0.0,21.912287457181137,4.034752507678695,39.69282609662882,0.0,1702.0311918308073,348.7818944964977,466.99272713207233,135.19184032638395,176.58764018156475
879,101,0.0,-17.71955390425199,-0.6841754849762091,-1.2407290468011825,0.12175025897426443,0.01863895356655121,12.047058327123523,11.218010954093188,0.08563819574192166,11.132372758351266,0.0,23.142912401310163,5.074048755061716,37.103823524427256,0.0,1639.2759980533206,367.96651534266135,490.04489314169047,119.81337479569638,298.2343349297638
880,125,0.0,-17.566261108700076,-0.7999391927251432,-1.559509363763473,0.09504207267902237,0.018864572048187256,14.454666214995086,13.4543152092956,0.10571828158572316,13.348596927709877,0.0,24.713355445460948,7.455348979063102,32.57502070742704,0.0,2024.570984799559,297.3691886018661,385.19837669641424,188.7948212212106,63.30565199857823
881,74,0.0,-17.91636090364627,-0.5449125973671355,-0.9635081345676486,0.08649415973234012,0.0060775503516197205,9.571220065932721,8.885036648716778,0.06281958846375346,8.822217060253024,0.0,16.722781395105383,3.6470648396710095,30.569229966651683,0.0,1202.5339539244162,265.6917629045698,349.415158290161,101.27499812826436,134.31391159767733
882,82,0.0,-17.780906916130974,-0.5893624526487837,-1.0388258344972532,0.07257089819181886,0.0001924267562571913,9.831687617115676,9.089498333632946,0.06945317704230547,9.02004515659064,0.0,21.43436156366249,4.42941712709012,31.707776622811924,0.0,1330.8790249369754,227.4773959459515,294.01435203635384,110.4895932049515,144.40429999761517
883,84,0.0,-17.70284636898418,-0.5052512036328175,-1.067405784156549,0.062331711942243434,0.018668370321393013,9.930495710112154,9.1887106471695,0.07134828111156821,9.117362366057932,0.0,22.84777033531026,2.7925092058440413,33.91421782864845,0.0,1364.9617216710665,193.7841632343058,252.535499921098,130.62013277073754,64.51662842862055
884,92,0.0,-17.787103087136046,-0.6676178914326527,-1.1189592996960895,0.08977346977973495,0.03662816062569618,9.291652640793473,8.513098653871566,0.07821434736251831,8.434884306509048,0.0,22.26736503609994,5.346338927609086,32.45419634010088,0.0,1489.555056411947,279.9447143795516,364.4495307713036,132.96625798888525,106.71750474640123
885,116,0.0,-17.577724286246287,-0.7730684191261464,-1.4912983171436993,0.09055613715281706,0.00016480879276059568,12.344830484129488,11.402436882257462,0.0979483388364315,11.30448854342103,0.0,26.67337376343317,7.050440834975038,32.285228086741384,0.0,1885.1234870653693,281.9848973926752,365.4089064443847,92.7205687565959,218.80658433696945
886,720,52.968149310756644,-9.32040641477363,-3.761617272442819,-3.988711329470264,0.47750266239280925,0.007349430117756128,45.73869872186333,41.20584146678448,0.6006502448581159,40.60519122192636,0.0,42.26215623315255,16.842235303817695,34.35981614899916,15.194973043913976,11593.907257473133,1372.7089186038465,1932.3491357615183,903.7407382192321,352.30535797073117
887,720,53.1960354427611,-9.385795132752877,-3.6305826289795435,-3.700335051173069,0.618993309066369,0.006651568692177534,41.278786041308194,36.783524287864566,0.602227654773742,36.181296633090824,0.0,42.22364480107006,18.26954492267678,39.69623471181952,9.266812156552836,11614.746146414238,1775.6182482010668,2501.242170075527,893.4069406975617,239.93629028630616
888,720,51.46362745440428,-7.80355226133023,-3.440375734031352,-3.0873415526689376,0.387190227825149,0.006716353353112936,40.93072866695002,36.41094624809921,0.6023561521433294,35.80859009595588,0.0,42.26321159668669,17.06412158467275,36.674954787825875,21.26793528479061,11583.596123603182,1084.4792808923803,1570.7886891305286,1108.55778473947,46.999499610165806
889,66,0.0,-17.826950029631018,-0.4588311417973479,-0.7967868269988309,0.08152551741847952,0.006566429976373911,7.888966259080917,7.264294472057372,0.0567902117036283,7.207504260353744,0.0,13.152196618543458,1.3129089206548927,33.10341872695303,0.0,1069.029195338056,247.88005826620724,328.5078900306643,85.88463140168909,128.20986574902042
890,62,0.0,-17.89465044440095,-0.5000448021288046,-0.7664753972663617,0.0789153674892704,0.018878702074289322,8.387720505241305,7.751495535019785,0.05315303988754749,7.698342495132238,0.0,8.88449646774628,1.1006131996187232,32.345544563950845,0.0,1004.880462639053,239.43374561655227,318.30964728035815,81.10104372906233,148.09471411797145
891,97,0.0,-17.763803496959504,-0.7623021594198771,-1.1525360334195365,0.08883408042938166,0.0016210086178034544,12.187347088940442,11.372635149862617,0.08303343737497926,11.289601712487638,0.0,13.210217722940007,3.8728166697422055,36.82788212410073,0.0,1571.6477222430867,272.5103921568896,359.23044103152006,105.75963208176042,79.35461095211669
892,65,0.0,-17.86063072183624,-0.49743343398449413,-0.830778057959628,0.050558286809386184,0.005856164265424013,8.717642081901431,8.069837823975831,0.0557854431681335,8.014052380807698,0.0,7.790683752492333,1.6789808620446949,30.420239572905032,0.0,1054.9055309048513,157.02166521866724,204.36316829191497,64.57743524201764,58.34216625531515
893,69,0.0,-17.77163245147483,-0.37696751654286287,-0.8850495114555641,0.060090466339205215,0.02163146622478962,11.110261571593583,10.422076859045774,0.0597362294793129,10.36234062956646,0.0,11.052471308146837,2.0045295745884357,31.50875502046465,0.0,1120.6605647368817,186.327445680934,242.92290417677435,120.88402726776305,31.0378577471173
894,63,0.0,-17.77538710336304,-0.3587284977652964,-0.7765226441917344,0.060778993589867325,0.006474034860730171,10.317353412043303,9.678679120261222,0.054628774989396334,9.624050345271826,0.0,6.585016542011475,1.1916596808178828,31.374953068539124,0.0,1020.4097109381908,190.28673582777958,245.95840638809054,65.58007230842398,113.5039716844313
895,91,0.0,-17.68559271329846,-0.6304849717859321,-1.0752276776982046,0.10978061394587894,0.012339608743786812,12.222224606201053,11.422956091351807,0.0783040039241314,11.344652087427676,0.0,15.739716751830308,3.4019808746623825,37.645304944966675,0.0,1474.698924900106,330.9884083219329,442.1710639976349,88.30946258416438,275.15033615955605
896,85,0.0,-17.892609724889088,-0.6364265447112628,-0.9703802768716316,0.15241438834040547,0.00041873494046740234,9.957934705074877,9.219502634834498,0.0729153798893094,9.146587254945189,0.0,13.902044131661842,3.1925765873180234,39.25750084730595,0.0,1376.443110914547,456.5127223523513,613.4944587990616,105.1679091312864,373.4995981599708
897,124,0.0,-17.50603084862913,-0.7458352643190523,-1.5821572703647875,0.10641590646699674,0.019371435046195984,14.44267993979156,13.431531658861786,0.10602373024448752,13.325507928617299,0.0,28.548290651139222,7.2601755706132725,33.506472178496416,0.0,2012.35766045508,332.0582765037047,430.501302805449,135.53801509812797,108.06357243612561
898,101,0.0,-17.80693304446933,-0.770229092597045,-1.180349689096539,0.0937185053834582,0.03065839596092701,11.318039556965232,10.482959531713277,0.08585501601919532,10.397104515694082,0.0,14.31728959598202,4.948110887182487,35.29812241154625,0.0,1634.2031706740445,286.97584689647147,378.8208969169447,128.0043955206023,74.77727116973135
899,720,59.68110404783138,-7.50562544914327,-3.6762446157131494,-2.670321250055591,0.276969128281547,0.00642283633351326,39.8251439598389,35.3711480461061,0.6012231381610036,34.7699249079451,0.0,42.049537632741774,17.99041131814644,39.73723531609688,17.47758646092369,11585.25064172151,746.0317150084319,1121.2702695261244,711.6356196957643,96.89078212713571
900,101,0.0,-17.758014362798022,-0.8514322258970599,-1.1443735060391274,0.09259238774200391,0.017957689240574837,12.008747667074203,11.169250521808863,0.08606709213927388,11.083183429669589,0.0,12.662518017440666,3.167453882191589,39.90390789415244,0.0,1634.6548247083344,284.7203665726876,374.5186271149918,131.551715532605,36.17828181578247
901,84,0.0,-17.67021123234957,-0.4440798868487181,-1.0614147443674975,0.08454868333786042,0.018015766516327858,10.802403033711016,10.023595263715833,0.07218769192695618,9.951407571788877,0.0,20.297534260101898,4.789638314108176,31.713734223823536,0.0,1362.3996771449122,262.89948690401,342.0400110451326,109.26170514032749,115.29713213347765
902,72,0.0,-17.884458933943677,-0.6107186499392131,-0.8966931881274407,0.06905936162535078,0.0002646789653226733,8.657817005179822,7.97155558783561,0.06197210354730487,7.909583484288305,0.0,18.406568525501918,1.886269437510542,32.58319066510912,0.0,1167.4099173665677,215.3720884949953,279.7638184868951,86.47183211779338,91.93917969870829
903,114,0.0,-17.596948547145644,-0.8752591191992466,-1.3820276024334741,0.06358033637460353,0.024764254689216614,11.79966006660834,10.878866045270115,0.09701598715037107,10.781850058119744,0.0,20.88490675661738,3.4990640383523024,38.4231930047466,0.0,1849.2714459204417,194.9315138198175,256.8743617339179,75.67555102479318,172.89757835009294
904,142,0.0,-17.5338503253294,-0.9214599186905804,-1.8770171010149919,0.09430614178201756,0.0003125809598714113,12.923872689250857,11.837416756898165,0.12059297878295183,11.716823778115213,0.0,24.849599155203073,7.930856419597916,31.256032827303937,0.0,2307.900731659196,292.56965433618103,381.1039631196309,156.88374279093145,186.28628773921324
905,74,0.0,-17.89264943562062,-0.5827458594992072,-0.9017870014449398,0.060297724115876694,0.018764905631542206,9.111462701112032,8.438962653279305,0.06395027227699757,8.375012381002307,0.0,7.629509530618632,2.050499836568666,33.1678616614065,0.0,1198.810058720966,187.0470750628852,244.30302692834385,133.92233640278837,63.12013093026607
906,161,0.0,-17.568475514315235,-0.97194827206212,-2.1391480630985784,0.1410265553760155,0.012384386733174324,14.494596333708614,13.302244751248509,0.1369707272388041,13.165274024009705,0.0,26.669008693698327,9.82378102424726,32.44017604726797,0.0,2620.680788552191,441.4042279478064,571.2139289469384,238.9681979749294,193.33943604779157
907,99,0.0,-17.761249820137685,-0.748188022218921,-1.3026479482111197,0.06931188244366396,0.00036512676160782576,11.433345172088593,10.608594501856714,0.08479649061337113,10.523798011243343,0.0,27.361596290228626,5.47822359105958,32.80690691384815,0.0,1612.226125940393,218.91316927299027,281.0837995029086,105.18118214955136,158.32476806041336
908,82,0.0,-17.8621463916498,-0.6350946262453129,-0.995898983613808,0.08523402711151547,0.018854888156056404,10.731035489123315,9.983928207773715,0.0707988697104156,9.9131293380633,0.0,15.412710571172529,3.209252824314296,34.60165991036007,0.0,1329.541295061624,260.24489821103623,344.32770443077027,101.75148336355396,86.7127791015578
909,101,0.0,-17.78839096739789,-0.6966360176771874,-1.231378069637421,0.12561548438846445,0.01790909841656685,11.208129963371903,10.373141224030405,0.08615588257089257,10.286985341459513,0.0,23.368794612530507,5.787587424259196,35.77849892139656,0.0,1638.318376991498,385.37487292945826,507.3536004856116,145.1917437910393,128.96813374622494
910,66,0.0,-17.81945014461203,-0.41023030394888127,-0.8124957473631473,0.08728955149154703,0.012558812275528908,7.842736438382417,7.200444887857884,0.05658304272219539,7.143861845135689,0.0,15.061236459845256,1.9051790763808925,32.80886927021936,0.0,1069.5289239490849,262.95969531998344,351.54606541225667,66.89269346106684,90.45374183737339
911,89,0.0,-17.67672316844806,-0.6383771311202177,-1.0124075473134577,0.10710969662918712,0.012661979533731937,10.288610348943621,9.529920345172286,0.07607254153117537,9.45384780364111,0.0,13.513082992443774,2.6946182446193467,38.68488974073682,0.0,1440.010902715726,323.0080816615943,431.9255462207992,105.01046712083347,265.24436680859543
912,109,0.0,-17.698338996175757,-0.8640978756914148,-1.268094721684613,0.09098477181348845,0.023792892694473267,10.459141577128321,9.588973112404346,0.09239034773781896,9.496582764666528,0.0,20.45215196099683,3.985619242916392,38.52546329679874,0.0,1765.7001480118467,278.90041616310697,367.478233831637,90.63418432422321,151.94112577287902
913,62,0.0,-17.58103759156841,-0.24431260726209103,-0.7904517082963509,0.03635282760987261,0.02425083890557289,8.546075699850917,7.950004008132964,0.05344431707635522,7.896559691056609,0.0,3.1603866957293176,0.5234491999777778,30.469862084101262,0.0,1005.996085107424,116.49271233188708,148.437391664632,89.03311054982187,59.5197250139271
914,106,0.0,-17.74453405505717,-0.6311172666075638,-1.4479055042788218,0.10013143008165472,0.013014933094382286,13.0032828617841,12.101395945996046,0.09122510813176632,12.01017083786428,0.0,23.49040816786454,7.805237066735513,30.787294171174906,0.0,1728.6398079969886,314.1232217853836,405.5494690234411,135.39771953774533,69.51987270568638
915,77,0.0,-17.74050942048417,-0.5432091029244546,-0.8781257579327101,0.1053361816560197,0.0066855596378445625,11.662959732115269,10.942394486162812,0.06650763796642423,10.875886848196387,0.0,9.467702728741092,1.4809291682597567,37.32656768648192,0.0,1246.079671117545,316.41937383564243,424.03301575936104,91.46457693995053,244.34737117633503
916,148,0.0,-17.704532226295935,-0.9596249480008883,-2.0533341259859403,0.14932422165739812,0.001002600765787065,15.829593711066991,14.708842281717807,0.12565595796331763,14.58318632375449,0.0,34.57037883620682,9.655447978865785,33.5024768504702,0.0,2418.183177359624,469.87810480549035,604.9623748183734,195.04353346391204,71.99085177290556
917,720,46.38438385081768,-9.757852642684947,-3.789508030015876,-4.585809109154288,0.38952626323906986,0.016381194815039635,45.157871956937015,40.71214220440015,0.6032033734954894,40.10893883090466,0.0,41.008845660385084,16.693153707059672,39.677931277315594,8.912379964833402,11630.209347978422,1117.6724490142135,1574.7964522385141,685.5747727532344,267.5002032675166
918,85,0.0,-17.71683739019893,-0.6696997140609389,-0.9507544050364297,0.11199853930218265,0.006358010228723288,12.516073987819254,11.743817517068237,0.07448481535539031,11.669332701712847,0.0,16.703104505715935,2.1769364254296795,39.289113155819194,0.0,1375.6727440350892,336.1254169248424,451.456804954701,80.90848411529689,244.3153775725047
919,720,50.14060075360608,-8.294279341157614,-3.5740977876830073,-3.460095004370298,0.4102070703769159,0.02509702369570732,44.02224005619064,39.553641298320144,0.60815584147349,38.945485456846654,0.0,42.23789678120377,18.44807583142316,39.27284072475332,9.954389321756276,11602.070079779083,1156.0846610149079,1663.557436772972,1232.8181612091892,184.58680315633683
920,70,0.0,-17.76636981459699,-0.49376883511150454,-0.8736250326297178,0.06479463577179818,0.019394665956497192,9.338856159243733,8.67563368100673,0.06054333224892616,8.615090348757803,0.0,9.637562729235311,1.2878789299872249,33.288122134727885,0.0,1135.8099451183116,198.62609991829694,261.91172251016326,88.41171404383769,147.41545566567083
921,123,0.0,-17.961860591965397,-0.9414579983282962,-1.561688422415576,0.10052761693790703,0.013094309717416763,12.77665553195402,11.808043936733156,0.10451248427852988,11.703531452454627,0.0,28.39615184568525,5.955379416081068,36.329664076361766,0.0,1999.884375040617,313.3467814368752,406.2252071768697,185.9269003393505,61.40794583699638
922,103,0.0,-17.799205258564623,-0.686155093447001,-1.282607211453795,0.1617699743049956,0.012679968029260635,11.067348641809076,10.242498625069857,0.0877430816181004,10.154755543451756,0.0,30.175299754047483,6.109851504672511,37.096974574623665,0.0,1673.4813029052207,485.97550751594486,650.4498051233849,91.2088853393957,412.8330761837968
923,65,0.0,-17.857577436447198,-0.46466404291200647,-0.8020570909762081,0.0624781241876212,0.030847758054733276,7.967866614926606,7.339591279160231,0.05580844450742006,7.283782834652811,0.0,11.969640861827456,1.3094659591191218,31.87220538106962,0.0,1053.1942528263805,194.8195722393845,253.15579799425308,91.06699909722872,23.825627439524816
924,720,46.62612777939928,-9.194446991807892,-3.5977126779826007,-3.7960838849282528,0.6223509100757312,0.02656061202287674,46.11147140618414,41.61774263018742,0.6015886231325567,41.016154007054865,0.0,42.26348068259247,17.17693610185358,34.50393602555381,17.166427710814062,11588.207489062946,1773.6262034221163,2519.628184299414,966.7187337828506,161.37860390746735
925,93,0.0,-17.59662650009803,-0.6679310841708108,-1.0558835341312012,0.08871324006329612,0.00950663536787033,12.614222884643823,11.789223080035299,0.07949346071109176,11.709729619324207,0.0,19.497802237924613,2.3897235644738983,39.42201685220403,0.0,1504.8351944020678,269.47691435447837,358.4868151537225,107.63564288183403,148.944950762625
926,87,0.0,-17.782208838921505,-0.6252953128900915,-0.9803941267273031,0.12080685933019475,0.009143896400928497,10.668073852080852,9.911499546840787,0.07490718504413962,9.836592361796647,0.0,16.661657693097762,2.5929845960297744,38.79859705072364,0.0,1407.7955209712354,366.28824593633675,487.8686495455666,124.47342552588411,124.44238330440636
927,60,0.0,-17.99508820101647,-0.4463517685298629,-0.7530303854136958,0.08285169149458166,0.006499936804175377,8.225398410111666,7.605308155994862,0.05175431305542588,7.553553842939436,0.0,11.776903098962379,1.9410575778645383,31.09270193760666,0.0,972.8775952244654,253.905035775351,334.76924495865876,100.2960824842057,148.63397476127216
928,101,0.0,-17.63416152036051,-0.6987419539772782,-1.1809652508504414,0.10245968815389538,0.006376843433827162,13.27155370078981,12.385903391055763,0.0860179872252047,12.299885403830558,0.0,19.97222472521606,3.701668983151161,38.663123883407046,0.0,1636.407900630775,310.85784022691314,413.32890533609304,90.8313003542323,155.4412511789882
929,83,0.0,-17.79762840675159,-0.5214080077438539,-1.0315934179225157,0.11017909211576064,0.0004057250916957855,10.921230915002525,10.186599918175489,0.07088876236230135,10.115711155813187,0.0,25.960605407627458,4.781924075459989,32.94826399910921,0.0,1345.4525079317013,333.99704584663783,443.50549699824415,124.40609822207871,110.78165761532219
930,209,0.0,-17.323855131239,-1.3746983737379994,-2.656032829748534,0.1620784483342104,0.017238840460777283,15.436626504641026,13.963277886155993,0.17526890942826867,13.788008976727724,0.0,32.22830906347837,10.008197252101484,36.12212045525089,0.0,3390.1950965678734,500.0642786671325,654.249981108172,201.55166595765044,123.67382176461003
931,76,0.0,-17.846733455675185,-0.5646808546976539,-0.9460973082319798,0.0972848882107508,0.022746384143829346,7.5260652378201485,6.841121832374483,0.06439066585153341,6.77673116652295,0.0,21.35051222580433,4.306724716782196,31.705273945755753,0.0,1231.986565188776,298.5751773040969,392.4198017450046,88.42019668955082,106.50646837737784
932,720,38.47717714339594,-8.326349152683301,-3.5513355987643376,-2.7303965083803536,0.5965915622436949,0.00828817579895258,43.41885411692783,38.960872114636004,0.6000947132706642,38.36077740136534,0.0,42.250043538571816,17.640426413206093,33.46689070712501,22.168831405118922,11582.690020118187,1638.9596096555376,2410.2182873738743,1048.0386253681102,195.2465614071273
933,75,0.0,-17.876025511335854,-0.5552493623617496,-0.9170211179991817,0.11916506926359308,0.01251987461000681,9.927674658130854,9.258250481914729,0.06387088214978576,9.194379599764943,0.0,23.108899681170683,3.347705654653189,34.49177550094258,0.0,1216.4367879908043,356.7866303054503,478.615706032167,73.72272567207263,364.72961496572054
934,71,0.0,-17.903675586532373,-0.5111614349269334,-0.8609809227697083,0.08056565448098954,0.006658567581325769,7.216011103708297,6.575600295327604,0.06011572806164622,6.515484567265958,0.0,9.560654533957873,2.087011179047098,33.25360730022391,0.0,1150.441905091086,249.85275212446672,326.168031729825,104.15624980236886,30.943781274812917
935,116,0.0,-17.729096083653115,-0.7764329819954605,-1.4689763639619557,0.14133837373651137,0.0003318103845231235,12.28478065598756,11.369203357957304,0.09825646504759789,11.270946892909706,0.0,30.78339854227611,6.734543464984982,37.30482819093597,0.0,1886.1475224241517,432.97209763774055,571.646240606881,173.8223735431234,168.27109565175513
936,86,0.0,-17.659447419889197,-0.5311207413641255,-1.0304467944555311,0.08597163931813327,0.013671992346644402,10.851609756238759,10.092345059849322,0.07342049665749073,10.018924563191831,0.0,18.901693526878475,2.6725712713391445,36.243787846594756,0.0,1393.985903285194,265.70974986974227,346.92371092594374,84.15155517313255,101.23191600447595
937,140,0.0,-17.281979001682455,-1.060330575567057,-1.5421700579279292,0.08439863916476346,0.012408625334501266,13.68564940104261,12.625798272900283,0.11801444133743644,12.507783831562847,0.0,25.557893856296722,5.9605721012675055,39.58723542609869,0.0,2261.6164056038397,265.7911408924189,343.34893105687723,152.61092378661237,114.06691835187301
938,720,30.720562420116575,-10.662831691328842,-3.95572399111055,-5.707610723471074,0.33256777454157854,0.009356144815683365,43.93994074687362,39.44330631941557,0.5987242106348276,38.84458210878074,0.0,42.22803636520333,14.316776184075254,39.373100665724515,12.789843771499978,11618.714795653115,1007.3651211273836,1348.3737896660166,796.3255096656412,354.5437044129478
939,120,0.0,-17.617032506384717,-0.720365258168565,-1.481752040695433,0.1171729318051339,0.00022726169845554978,12.867508960422128,11.897726159077138,0.10140814771875739,11.79631801135838,0.0,29.164128683266068,5.713945329951727,39.13569207484154,0.0,1950.406258622642,363.84556401894605,474.5530716732432,162.0329542485203,12.394020504411714
940,116,0.0,-17.69716541702655,-0.8174028201838944,-1.3560615650354348,0.15179041116810532,0.005163498222827911,11.415324777830392,10.500920344144106,0.09783171955496073,10.403088624589145,0.0,25.808989886370657,6.380580175511855,37.64285034798258,0.0,1878.209859735188,461.64624799307643,612.5641298252305,122.37522839073073,173.35728395176238
941,55,0.0,-17.995508266658938,-0.410302618916811,-0.6845371120526008,0.08894045824945358,0.019220372661948204,8.507557567209005,7.949254817329347,0.047320667654275894,7.901934149675071,0.0,8.49832955186059,1.35054342650337,30.751479982136814,0.0,891.1266897328655,269.4231277627182,358.25693853025075,72.82110047424433,161.10312590683895
942,83,0.0,-17.85916510412531,-0.6470435267254588,-0.9352131203090827,0.11632539859754454,0.006471749860793352,13.025761969853193,12.273935284931213,0.07051266171038151,12.203422623220831,0.0,17.696432793382133,2.108797717755631,39.02365741878597,0.0,1342.732846107079,351.86053856259696,469.7350134392586,106.10955634874621,86.99489676503617
943,98,0.0,-17.789733778933318,-0.7396392720486759,-1.1305667194816418,0.09363706587326337,0.006642646621912718,17.53447431512177,16.63254420598969,0.08292219880968332,16.549622007180005,0.0,17.5170791285844,2.4787040018781337,39.65870640338823,0.0,1587.0271040328867,285.4367390240523,378.177647428265,172.10956932802443,123.2106959477776
944,73,0.0,-17.87300391119836,-0.49199517377801233,-0.8874082061770453,0.08026211001867439,0.0003037575806956738,10.448304688092321,9.741505162324756,0.062067664228379726,9.679437498096377,0.0,10.928781459801106,1.8222207340759315,34.27863592226094,0.0,1182.9027083432677,245.83581783876465,324.01659836848165,108.75690102137,41.684846659851694
945,92,0.0,-17.882407731388305,-0.6999160184655587,-1.0585487043392376,0.11165404628588621,0.0002691314439289272,10.324283964931965,9.52028851909563,0.07752683525905013,9.44276168383658,0.0,16.507397559726886,3.342887210277564,38.26416843755812,0.0,1489.818711570095,338.83989303672655,450.30390223886445,144.3173219793397,4.421598625357607
946,81,0.0,-17.664627945936875,-0.5055742858130594,-1.032887742166949,0.0520409580708956,0.006494587752968073,10.207595895044506,9.439508923795074,0.0681967088021338,9.37131221499294,0.0,21.94703667947803,3.81235299303446,31.58430281060204,0.0,1315.1707359763425,162.7488229408799,210.05056665721503,61.0956276197644,66.40747107553854
947,179,0.0,-17.501057061089668,-1.1488664377920685,-2.2732502138313277,0.18573320023842302,0.00043095520231872797,16.028193974401802,14.721745430026203,0.14960284810513258,14.57214258192107,0.0,30.41918068108366,9.823034424719038,36.30133084469118,0.0,2911.0143313966446,568.178166992269,748.6355418634754,235.143488371898,195.54896013029008
948,75,0.0,-17.892230037843195,-0.5956756564323575,-0.9226995436473231,0.07744939738666141,0.006950478069484234,8.19630013173446,7.5248632580041885,0.06330201402306557,7.461561243981123,0.0,21.911693444451387,3.9536486337872967,31.23922029078951,0.0,1214.7825396981334,239.96860887311485,313.48963329444615,87.22251876500682,150.53445783081526
949,115,0.0,-17.945351087586676,-0.750205378090621,-1.3987855926842294,0.16463324015621963,0.018615499138832092,13.09705692017451,12.195599507074803,0.09668727777898312,12.09891222929582,0.0,30.830919621881716,6.218218093947241,39.443611765213035,0.0,1868.0445588694292,489.86270796495296,661.7894061181859,134.23284900430295,242.54068501848258
950,79,0.0,-17.710375216904183,-0.4604256301525647,-0.9437833610137828,0.11427643163797775,0.009805938228964806,10.2691955617629,9.587866284884512,0.0672750142402947,9.520591270644218,0.0,21.406005366378324,5.3681683812102525,30.883449138195395,0.0,1278.3428184898316,346.63925195065997,461.3773740257254,107.0325079231059,215.19205144473273
951,64,0.0,-17.936329011214678,-0.44162369472562624,-0.8005634898147062,0.11227891866861563,0.021159976720809937,8.24041451094672,7.57436498766765,0.054805468302220106,7.51955951936543,0.0,23.39331595928746,3.016018781164459,32.81520567464728,0.0,1037.9364142715785,339.6833577823875,452.21638722902003,76.63355558694805,110.75296142655817
952,720,27.955523654036412,-10.697310263120428,-3.723277735492133,-4.461368326871103,0.9567040196706209,0.001372144091874361,47.99548861477524,43.43707370432094,0.5984406024217606,42.83863310189918,0.0,42.26278179567121,16.565522413809397,37.127387354823696,17.864104071964736,11589.813429190875,2720.8168681333354,3863.4413255982263,938.5015807704714,110.40857046598462
953,88,0.0,-17.78530409253252,-0.6765588768044268,-1.0417302770041101,0.08040366784023764,0.0012107621878385544,10.197010715957731,9.404665877111256,0.07422408321872354,9.330441793892533,0.0,21.530097226693254,3.7989834901889457,34.41825257787611,0.0,1424.2177132303755,248.88799194941404,324.7284307793254,114.28701347350966,28.288427751725397
954,76,0.0,-17.66389939535047,-0.4540729445161363,-0.9290591826491008,0.06492837718839733,0.01858612336218357,8.831498336978257,8.123544270172715,0.06493850750848651,8.058605762664229,0.0,13.839771939496435,2.1472192728979933,33.13544183009708,0.0,1231.5490635058281,199.98416040025828,261.44361984993884,84.66869331241318,170.45872400956895
955,66,0.0,-17.86199509107461,-0.40873371846673334,-0.8235817400193262,0.09900447156398198,0.006715096067637205,7.852726509328932,7.237920026760548,0.056571842171251774,7.181348184589297,0.0,13.630470105851884,3.609678770844858,30.36792127681259,0.0,1069.8243103074242,299.0771146237683,398.53704384011127,74.68247044140877,157.21436955944083
956,78,0.0,-17.895779982613533,-0.6161668358525889,-0.916988728732048,0.10960580437562595,0.00574858020991087,10.301577341742814,9.601605577394366,0.06660978589206934,9.534995791502297,0.0,20.813367802775925,2.053720579881791,37.01568073124704,0.0,1263.2122458457677,333.9067960046511,443.26709634254337,118.8604560339943,123.57313181765286
957,71,0.0,-17.901869303001497,-0.5249126010445812,-0.8425776026277273,0.1059986907441032,0.006280870642513037,9.696617117151618,9.043726298958063,0.0604173350147903,8.983308963943273,0.0,12.357940211375526,1.8139450741030985,35.21084703703703,0.0,1150.0016324457772,321.21755583446594,428.06315317518516,113.65107663571722,100.9718794761799
958,94,0.0,-17.744007693674742,-0.6352945596606514,-1.1682554520175925,0.13466281260523721,0.006424256134778261,10.299578939098865,9.505815567914397,0.07999239442870021,9.425823173485696,0.0,19.76647807359772,5.39779856800314,36.1551201075186,0.0,1526.791101185971,407.07911836945186,542.0514759375603,93.18369508735216,383.54365663807766
959,104,0.0,-17.647660220682415,-0.759402514329963,-1.1914236538580392,0.12864333348234583,0.006313849240541458,10.620627253782004,9.768017025664449,0.08843563124537468,9.679581394419074,0.0,23.594456305748203,4.345030644985181,39.755892247734316,0.0,1684.1509542644608,387.1754490176909,518.2350585849928,113.25121973689555,299.15526522286416
960,69,0.0,-17.72421912232233,-0.4783355900025639,-0.8633601683079689,0.048278062382368515,0.024547260254621506,9.644264206290245,8.971986844670027,0.059205167926847935,8.91278167674318,0.0,18.453191622427727,1.8075774342878541,31.430137137770558,0.0,1118.8691741744533,153.3868203782062,195.76791698818485,117.56761618243809,70.91779627536592
961,95,0.0,-17.685256876600363,-0.6701910464850058,-1.159089019005136,0.0631455145081172,0.01275983452796936,10.194400663021952,9.393365300260484,0.08080396056175232,9.312561339698732,0.0,9.923874092652172,2.5680469504334558,36.814567513693625,0.0,1541.766478187412,192.45854715536174,255.05243446438936,113.53860970026875,78.10300690858315
962,720,43.726954447977924,-8.029217344306407,-3.8190062800447695,-3.0811247040020975,0.27005575454431385,0.024067264050245285,41.77617977000773,37.29467137530446,0.5988588477484882,36.69581252755597,0.0,42.252862677767574,16.271101082124638,36.60244988740343,16.794426032108227,11589.701943344706,768.5680359573141,1091.1550555037688,631.4039379454492,210.14058998329762
963,59,0.0,-18.006729781158143,-0.4300534217914897,-0.7475520046538794,0.10476960058519778,0.00018697086488828063,8.305634771008044,7.699785869102925,0.0501129487529397,7.649672920349985,0.0,16.09058033265282,2.8170080223950675,30.713352742408517,0.0,957.3271592155164,314.678792953793,421.08423431532964,56.676879114427784,241.76764399636411
964,87,0.0,-17.773306574119715,-0.7018818886046195,-1.0126809273151394,0.08373287227304838,0.030694779008626938,11.162175091914833,10.40155444899574,0.07352409372106194,10.328030355274677,0.0,22.89959023329165,3.2725583262856253,35.45473356878943,0.0,1407.6832901682797,257.7096308490727,338.75423981039256,90.5729336275744,52.02088696281155
965,96,0.0,-17.723479667268194,-0.7361867584806179,-1.0908640493859654,0.12409329550351031,0.01267681922763586,11.161626260261983,10.334067854098976,0.08130561420693994,10.252762239892036,0.0,20.894296730489422,3.461744134881155,39.846904178503316,0.0,1554.4052487823124,373.8643219247534,499.6713086733632,78.31651796151105,263.3744137703758
966,73,0.0,-18.15875756172284,-0.5152242693944266,-0.8724029927915955,0.13698263824574178,0.018562696874141693,8.83907977398485,8.157969239167869,0.06201082468032837,8.09595841448754,0.0,26.104544297336957,2.9087930674224123,36.02834861093746,0.0,1182.8711280992948,412.0636035667264,551.8279819177591,113.5644698949485,113.06448133835829
967,82,0.0,-17.786141044346543,-0.604982723948008,-1.0173083105939273,0.10319202800281682,0.0064605046063661575,9.728370876051486,8.999146671965718,0.0693263253197074,8.92982034664601,0.0,20.65747169335936,4.569115089035857,32.79110447067779,0.0,1329.1222604879206,315.7340704384484,415.47979422775427,65.94961588040658,217.35629337510827
968,87,0.0,-17.661034490951266,-0.564449769755321,-1.090056409908089,0.06982470914707245,0.018301473930478096,10.914722512010485,10.128528377972543,0.07399682467803359,10.05453155329451,0.0,21.825079767538497,4.4963109217362,31.753847442633905,0.0,1410.0220106894103,219.208283371035,282.804805895673,89.32235032712875,124.53133661957209
969,85,0.0,-17.617513427620732,-0.6231580137188315,-0.9805289583331855,0.040541811309588935,0.03136827051639557,11.601520589087158,10.824318725150079,0.07189718214794993,10.752421543002129,0.0,4.9551717797524075,1.1441039967649265,36.70143619958905,0.0,1375.3927764531584,127.6483557767606,163.86525804644788,132.1931158045507,30.70682639947439
970,110,0.0,-17.42526093726316,-0.6826732722838975,-1.2810231390961957,0.08103347193876713,0.013183541595935822,12.88873937074095,11.974675504025072,0.09218226838856936,11.882493235636503,0.0,24.006389785257365,6.446632059557129,32.20293043904785,0.0,1778.1232624187037,251.96763118259335,327.88135874805823,184.3385217637893,134.07178600169584
971,120,0.0,-17.388194982435262,-0.7357833389228016,-1.4332269170181524,0.07447576938839164,0.011431441642343998,14.04962521372363,13.043914508074522,0.1008013910613954,12.943113117013127,0.0,28.989254338490408,5.025690203642465,38.336128190926296,0.0,1945.2405582422123,236.50809326335278,302.98970802328455,197.10384715284493,44.70112875584534
972,82,0.0,-17.821135647143674,-0.6416274133815011,-0.9920747196278528,0.11667823412250694,0.0033493044320493937,9.785562338773161,9.092041184194386,0.06992596201598644,9.0221152221784,0.0,22.190156356750077,3.295282456990908,36.10340201225092,0.0,1329.9267412327138,351.2520697896457,469.550838184339,85.72862966834316,352.1166718107606
973,80,0.0,-17.877664919971792,-0.527027125624522,-0.9967565684869828,0.12097780795145657,0.012649052776396275,9.101739174220711,8.40032291226089,0.06787236593663692,8.332450546324253,0.0,14.488472558826611,5.28929033586707,32.42088020564678,0.0,1297.1268550468799,368.58838128907837,488.55560668437374,116.65500131127203,85.1248022070557
974,110,0.0,-17.555545135107028,-0.7413182291914155,-1.247211971197471,0.08974321585507915,0.011012256145477295,11.850695734843612,10.957663930952549,0.09289828455075622,10.864765646401793,0.0,21.87853368719252,5.448089330627349,35.837670833469026,0.0,1779.740712530883,277.8079570289445,362.7171977693799,159.09666173758924,89.67813943126654
975,78,0.0,-17.833456247009696,-0.6027775596430041,-0.933691765393214,0.11639175158825885,0.015169582329690456,8.863459014799446,8.170190665870905,0.06615798780694604,8.104032678063959,0.0,19.050371155656897,3.578550873225531,34.38300482628105,0.0,1263.526859931304,352.3497631898363,468.16412671389367,67.65070319712211,160.8974550104172
976,69,0.0,-17.837633083716526,-0.5534368217028881,-0.8496103040251871,0.05288390332394244,0.012090705335140228,11.42494392907247,10.737078887876123,0.0586853651329875,10.678393522743136,0.0,16.911631094608257,1.9937202433026293,31.29494325631661,0.0,1117.94876328016,164.89565713433385,213.9775933278141,73.98332890219886,55.64787910095077
977,100,0.0,-17.899923601156356,-0.6414950661539587,-1.1838741426500774,0.15417295295891922,0.01851891353726387,12.155587883200496,11.291079360060394,0.08461731625720859,11.206462043803185,0.0,25.0697299456158,4.565433682585437,39.613133569150044,0.0,1621.5675575861726,463.4840417090092,620.3545176373893,116.26810071137938,284.7367398522779
978,87,0.0,-17.99560393298917,-0.6694358349202858,-0.9859097050671899,0.1480680540883301,0.011938194744288921,10.277330122888088,9.533462702296674,0.07320012152194977,9.460262580774724,0.0,18.474222689908473,4.46390120205591,36.22107225660006,0.0,1407.7420753011663,447.4103641835776,596.5117720862552,100.44092741396017,242.26568783360747
979,127,0.0,-17.618999664131774,-0.8309553881659568,-1.585972606485627,0.13145186171529047,0.0002519602421671152,14.05635975766927,13.049966558814049,0.1063814852386713,12.943585073575377,0.0,32.83082099758326,7.668076132770368,34.23476731762215,0.0,2058.9995689831426,400.07475034222716,529.9592053323927,164.2291587343841,230.17739025068835
980,130,0.0,-17.873904953729046,-0.859795591982936,-1.6820694387223938,0.19579258792874354,0.018893752247095108,13.965821384917945,12.953458848875016,0.10909929871559143,12.844359550159425,0.0,30.023788890195558,8.755904383897159,36.028210312203825,0.0,2113.8743235364823,600.785595872539,790.855141658307,181.50304899603447,94.16531657773609
981,98,0.0,-17.715663113691303,-0.7731008451310409,-1.1343701909429864,0.08713750524735757,0.006460683420300484,11.474158654920757,10.6438122629188,0.08254118543118238,10.561271077487618,0.0,24.561416001465403,4.317353941048581,35.704378538285084,0.0,1585.0024429874497,269.7440527896573,351.302196462043,109.91548672257818,118.90078948494892
982,68,0.0,-17.996540392758728,-0.4504855558422272,-0.8752566257138287,0.11831930707458484,0.0003892045351676643,9.067681858781725,8.420866280794144,0.0577587871812284,8.363107493612915,0.0,19.47959993739792,4.80344441434123,30.19976506660555,0.0,1103.290357196326,359.97184224119593,476.72779203828037,78.57807062807382,172.29412334139542
983,83,0.0,-17.869542093031964,-0.6862489707823437,-0.9671719423298792,0.1008392660897612,0.024257171899080276,10.349402131978422,9.63107739109546,0.0701160104945302,9.56096138060093,0.0,16.251226974839362,2.7792452125784535,36.512755555602496,0.0,1343.6533144977586,307.573644641189,407.79295249503207,125.24505771244127,102.71135663339983
984,112,0.0,-17.6084614621809,-0.757788889944436,-1.2509935791328681,0.17349105771732143,0.00994081236422062,11.254919547121972,10.369075872004032,0.09392360877245665,10.275152263231575,0.0,31.55866278487946,6.504733913747651,39.190777512944926,0.0,1813.7253181761932,520.4276238965333,699.0632944463038,128.52337316995116,273.7693541007468
985,78,0.0,-17.78351344964146,-0.6446587240027739,-0.9421671783255495,0.05580843865878775,0.01779741793870926,8.88252667663619,8.165532188024372,0.0659761093556881,8.099556078668684,0.0,13.478284615741345,2.503551232264953,33.02232767297761,0.0,1262.6928261823393,171.1133680076302,224.79908747863445,74.3965811475128,62.38470689211336
986,75,0.0,-17.824993533103612,-0.5721641650355441,-0.9344630783165393,0.07849541983371998,0.001032022526487708,9.248715905006975,8.545793819706887,0.06342194182798266,8.482371877878904,0.0,10.946918516503912,2.3690598644032304,33.24100917864015,0.0,1216.807118196346,239.58164412532633,317.0170461025501,83.29309164541351,136.71465986800465
987,109,0.0,-17.575869955537975,-0.8694901381215514,-1.2764283454771004,0.06653634083606234,0.006370320916175842,12.724525138735771,11.821144922170788,0.09179229801520705,11.729352624155581,0.0,26.950927123367354,3.8836392786154796,38.528557848315366,0.0,1764.9031400031622,209.23391625714382,270.16247897442577,114.87592385945585,47.133673292911205
988,77,0.0,-17.822495838547965,-0.6045634610343279,-0.9269337656688691,0.0723072891623263,0.0003510123351588845,12.034974042791873,11.30414120014757,0.06517056515440345,11.238970634993166,0.0,16.784701461579072,2.8368463646742157,32.96297862597119,0.0,1246.7762261408566,221.0254284716285,291.3406837321876,57.69854069831948,64.79558417893357
989,107,0.0,-17.583163836534226,-0.8368698928651214,-1.2555140475008488,0.05009833502044665,0.0003714007616508752,11.634669668972492,10.764215101953596,0.09000109136104584,10.67421401059255,0.0,10.91442813231114,4.179772146650706,36.01810993972324,0.0,1732.5354904848584,158.79987315172923,202.75733280336,90.43185602797277,71.51490845286256
990,86,0.0,-17.736061670385016,-0.663373552124957,-1.0273082347533906,0.08550036932251373,0.00025845118216238916,9.657552334945649,8.89040952688083,0.07222068449482322,8.818188842386007,0.0,23.771427264052353,3.566427170958013,34.74702796923504,0.0,1392.6333576496393,261.02397974127973,344.2479497184325,74.86399640464055,95.70576415504617
991,91,0.0,-17.763617281115376,-0.5686728188851906,-1.2018324487420369,0.09458518236598885,0.012651107273995876,11.028051431756467,10.213714305311441,0.07651185896247625,10.137202446348965,0.0,24.8716263591201,6.433182701472987,30.21630185865025,0.0,1479.2957842903263,290.23897155123586,380.5543387776621,86.81815715246043,176.19806626549698
992,108,0.0,-17.77667191502673,-0.7051152705557379,-1.472035273783467,0.11950119329521985,0.013161815702915192,11.393305029254407,10.500931215006858,0.09042251855134964,10.410508696455508,0.0,26.368997059531722,7.496197579428682,31.268951750855777,0.0,1760.598345253854,366.6507938592095,481.871230918765,91.77221325716896,233.58320528413432
993,80,0.0,-17.503099303397764,-0.39351648871350237,-0.9226343857442858,0.06912089597800096,0.006395991425961256,10.711223765742034,10.01368723390624,0.06731297029182315,9.946374263614416,0.0,5.837508235175909,1.2915519283394965,36.57465924152695,0.0,1294.5475872026475,209.38585300873444,278.47617006817666,66.41572469798798,96.42290591771234
994,69,0.0,-17.834761149283196,-0.4751797769961629,-0.835953121061904,0.09386815237662063,0.018820753321051598,8.559571700170636,7.921596392057836,0.05836051795631647,7.86323587410152,0.0,14.102614612594671,2.230834997571929,33.52040050875373,0.0,1117.6940882560825,284.28790079721824,378.3305338656564,73.82343560559458,142.36113053943444
995,106,0.0,-17.56134143023375,-0.7596550977697232,-1.2103803671381685,0.10110554490336279,0.012885745614767075,13.954037188086659,13.075549178756773,0.08917253883555532,12.986376639921218,0.0,20.831500649954613,3.8278017761079384,39.74996771167443,0.0,1716.1746694136534,307.3448243301219,408.4507717641998,125.44206285052861,104.55049033986424
996,105,0.0,-17.49195129991425,-0.5931288946198273,-1.3409862275243545,0.08320237553501585,0.0002204634074587375,10.590489010326564,9.714133672881871,0.0881338226608932,9.625999850220978,0.0,27.229866842257135,6.329901188988679,32.29710667720032,0.0,1703.659285430057,259.2635072104998,335.9529333012866,122.85289950557868,232.63241421535693
997,68,0.0,-17.84532816366095,-0.481703693942303,-0.8389655094189766,0.06977705120816519,0.017547355964779854,8.347220679279417,7.69645968824625,0.05741154821589589,7.639048140030354,0.0,9.672722960403854,2.1249387366284007,31.967929294451658,0.0,1102.2824752620968,215.84471440847886,282.0347006756675,84.80349662371805,97.05649074687881
998,93,0.0,-17.80823211529955,-0.6671027904155933,-1.1517884981266273,0.08467697249266253,0.018817417323589325,10.307705072220415,9.528366873040795,0.078342380002141,9.450024493038654,0.0,26.53123636442179,4.466336023685134,34.69607157024121,0.0,1508.671732049828,261.0429122385993,341.31560139728526,99.48875148947118,224.76562564558643
999,104,0.0,-17.545871853987563,-0.675140966284606,-1.2195643377084657,0.11901841392634269,0.01792784035205841,13.211618130560964,12.329537824727595,0.08727092435583472,12.24226690037176,0.0,27.76569066414361,4.135886984383739,39.415662136910356,0.0,1685.625531951815,356.50220508242325,479.0461096317303,87.39548136002064,290.31637529988967
1000,125,0.0,-17.729527420857067,-0.8127660598868895,-1.463985318248509,0.2024986904956901,0.012924288399517536,12.429152889177203,11.418188822921365,0.10447658691555262,11.313712236005813,0.0,25.258234599830228,8.294395124109993,36.465762408101966,0.0,2022.4777152282236,611.131703703713,817.126695400635,186.88867667280968,267.07113103039626
1001,70,0.0,-17.93202311672546,-0.46678097018740144,-0.8613018981126774,0.11149775416708341,0.00022995776089373976,9.808092567604035,9.137772536370903,0.05952292215079069,9.078249614220113,0.0,23.402901195940547,2.963912582405216,33.436553420243804,0.0,1134.3700526644827,338.94628111988834,449.18276921297434,78.8191500582658,140.1648222972242
1002,115,0.0,-17.81646249435124,-0.7412675138003753,-1.5067637454568445,0.15114619548284752,0.018329497426748276,12.963660114910454,12.03249896503985,0.09644271619617939,11.93605624884367,0.0,27.764399037359198,7.821895101755924,34.5836966902025,0.0,1872.4215858720388,464.2400693280244,608.7851252607267,116.43927573505042,156.89295854317382
1003,67,0.0,-17.74857748167413,-0.42436564628256884,-0.8349333496865562,0.055865417803131284,0.006156573537737131,9.151523787062615,8.506451161112636,0.05687643028795719,8.44957473082468,0.0,21.40560237197315,1.9686706377742644,30.94847977994003,0.0,1085.4585231191875,173.979366030508,225.42273850463903,57.24255826310205,68.87625682072584
1004,79,0.0,-17.84802886624832,-0.5674809361125923,-0.9557255643214273,0.13217244987765128,0.018548622727394104,9.893095545005053,9.174402520991862,0.06665409822016954,9.107748422771692,0.0,21.506854107804664,4.426885555389138,34.33584118629165,0.0,1280.2728033193057,396.55660342458754,531.166045855997,68.98207712208797,229.96456393503058
1005,61,0.0,-17.853847873714685,-0.4207495086311889,-0.769615471311931,0.08484986057604137,0.006402241997420788,8.017825027927756,7.419849602039903,0.05176174966618419,7.368087852373719,0.0,8.430396128960364,2.308134970436922,30.215182610337838,0.0,988.9983294349331,260.03434032826453,342.4769232628534,73.04271914535488,174.4705842185144
1006,720,51.33012433532913,-8.826472560378875,-3.577838448034478,-3.5620400991289616,0.6683790687124638,0.01216930616647005,45.286683841608465,40.74033619277179,0.5967497075907886,40.143586485181004,0.0,41.23712333589029,17.594822601000246,37.585713472881075,19.37510044182811,11585.121686463657,1863.5246628528653,2706.3712084111944,897.6238891801485,234.91061803560942
1007,71,0.0,-17.80699507809149,-0.4484208896755267,-0.8660366270538044,0.09534005454555333,0.013222609646618366,9.127248011995107,8.463412754703313,0.05978199373930693,8.403630760964006,0.0,20.461686569625495,2.844575991915917,33.429102732007934,0.0,1150.7909484756415,291.23788546541834,384.60608919542636,114.39209801231169,80.57107871409964
1008,185,0.0,-17.489101310730554,-1.2943630951912948,-2.3984841643325554,0.1332874767936851,0.012550434097647667,14.660138135310262,13.310488958843052,0.1546055916696787,13.155883367173374,0.0,32.857341774618156,8.7835707319182,36.211116122762824,0.0,3007.6849215687043,410.0975553809191,537.0688531062405,119.88941382868383,196.37926898979677
1009,65,0.0,-17.747179669552203,-0.4449355722578435,-0.8166659983949199,0.06868945417620363,0.02933470718562603,8.256666020024568,7.631559756118804,0.054849179461598396,7.576710576657206,0.0,9.149753659980759,1.7632657312166107,31.52098120792773,0.0,1053.9977726732743,206.63120134965595,275.5907754324679,29.816514009553302,268.9459493518242
1010,77,0.0,-17.604843384567662,-0.5043189500517735,-0.9469112842935488,0.023271090085569567,0.0003629946440923959,8.51950818207115,7.7943850280717015,0.06491728965193033,7.729467738419771,0.0,7.000761142415476,1.6765398103821914,32.335065447593834,0.0,1247.5746900617307,73.06901023291229,94.05817595401423,48.21126470598608,39.97854076836537
1011,720,16.132364229805553,-9.663216515554028,-4.368306119584058,-4.432302409656382,0.26303783559537874,0.01233564130961895,40.32210688572377,35.7817221111618,0.5959343845024705,35.18578772665933,0.0,41.11194654179308,13.812341809520454,35.866249326131644,10.11838515304936,11602.21079488742,777.0104708999531,1065.6861978311242,571.5825128153526,203.60675084571557
1012,126,0.0,-17.628740233480972,-0.9070058221503997,-1.601496137555385,0.11259601921585222,0.010248986072838306,14.29712889296934,13.312731189187616,0.1055960413068533,13.207135147880763,0.0,25.604322585638656,5.901826756711302,37.69738431597456,0.0,2049.929937370611,346.4908263231529,454.3155341227085,124.87789297596446,215.7656672649639
1013,77,0.0,-17.797305404843183,-0.6132171565657645,-0.8975062395865114,0.0631240354147993,0.01865193620324135,10.743375233840197,9.992228085640818,0.06487370328977704,9.92735438235104,0.0,13.362087198240118,2.0089881911592524,34.07758726733699,0.0,1245.9343896786593,194.32819481774987,255.3444673789836,92.97481546290825,80.76128770750515
1014,80,0.0,-17.62060974739608,-0.4198397593837501,-0.9939271077507286,0.060655225960998406,0.0063794683665037155,9.831451839301735,9.111538674216717,0.06751391151919961,9.044024762697518,0.0,13.304969933332838,3.0838718819382684,32.86687591833082,0.0,1296.5763239090265,186.1463790570622,244.40612128161376,47.90130990672812,66.07249131293354
1015,720,38.57172860964278,-7.288270023195392,-3.399240244655545,-2.5387838136990166,0.37933946971836535,0.011785725131630898,42.106681261211634,37.54355242475867,0.5956824822351336,36.94786994252354,0.0,40.33745775390918,17.947636727692668,34.67470229211848,9.950602885569417,11597.055072409717,1070.2934150541896,1530.7116502756237,546.5989036947369,378.88632851038955
1016,121,0.0,-17.996689957555912,-0.7463757077474779,-1.5546810769269976,0.18035614033192976,0.018079906702041626,11.698805252090096,10.698308811057359,0.10162916500121355,10.596679646056145,0.0,30.25877853054369,8.54312940406969,34.51111367593407,0.0,1966.9597753389794,550.3675875751899,725.8058543203732,132.04031129064876,266.2454194917898
1017,720,29.934127166437264,-10.364961811418734,-3.269182635051633,-3.734048560118373,0.9085722021727105,0.006444657687097788,45.79084913106635,41.28496915008873,0.5955732720904052,40.68939587799832,0.0,42.2639316994352,17.83549864697943,35.44095158933311,8.97750667104142,11615.549964684986,2489.0503838503487,3658.7903119339876,766.8383758864244,351.34605084342417
1018,93,0.0,-17.834208557572357,-0.7061304277103753,-1.1158225972034783,0.12576244285639404,0.00039747037226334214,11.1086430773139,10.308986515272409,0.07830215990543365,10.230684355366975,0.0,28.802318297748613,4.606601183745745,36.77221808109762,0.0,1508.205076808355,385.92056575117294,508.86269039923064,148.23240663059943,71.18030980927311
1019,96,0.0,-17.833286925030862,-0.6480120856035912,-1.201434709833452,0.1255367273189001,0.0066022020764648914,10.716218476649374,9.887760412879288,0.08093686541542411,9.806823547463864,0.0,28.80273174310139,5.499682900469428,35.22795193915446,0.0,1558.7774308142596,387.1461774313556,507.18875287336874,139.17879043572475,120.64353803059423
1020,720,35.73887839050525,-8.999515578451621,-3.831680328060151,-4.031087381402345,0.46294602320333805,0.0003513013944029808,43.62183361314237,39.05158652877435,0.5967207718640566,38.454865756910294,0.0,42.16108479270851,15.773762054934373,38.02910301616809,12.25365271648773,11599.130192885676,1335.5767309872244,1879.347122902412,833.9163327000148,136.56873417400425
1021,72,0.0,-17.716930432800748,-0.516483289790433,-0.8551116829203276,0.05252316369571369,0.013335258699953556,8.816751224920154,8.129756335634738,0.06084887124598026,8.068907464388758,0.0,5.867642183884462,0.7717241390521101,34.289726195023995,0.0,1165.607621890916,162.93001192773295,212.26283729582542,70.2626228957454,104.29708188126622
1022,135,0.0,-17.443342513184433,-0.799286446859407,-1.804006759918125,0.08386537044543567,0.006201622076332569,12.361666386947036,11.340511855203658,0.11280141724273562,11.227710437960923,0.0,25.591167554761736,7.2602259972231975,34.92961000484719,0.0,2201.088942610799,258.14372855501136,336.7914654918518,92.10301153677436,189.46002582248775
1023,720,58.336201151163536,-9.612887440234982,-3.1257025084161647,-3.7231840489947485,1.104938404555311,0.0013775561237707734,43.90550404274836,39.384586293715984,0.5950968349352479,38.789489458780736,0.0,42.263737445566235,19.990687492079957,34.899347085956144,10.71176181439683,11604.453827779302,3018.7890489940223,4452.402561411292,988.8712196058035,365.6929010501691
1024,136,0.0,-17.432878784339813,-0.7770915326007936,-1.757619489438878,0.130024988844655,0.012189253233373165,13.638470500241965,12.584285494871438,0.11374148866161704,12.47054400620982,0.0,28.5363519292878,7.253296246321768,38.63567780965741,0.0,2215.339660051996,396.9889625871386,522.6282837634727,80.39771132412783,285.38967089477956
1025,83,0.0,-17.625505137193706,-0.5815335422139749,-0.9623456283302165,0.05921674675401007,0.006142448168247938,12.197919522877783,11.459022018592805,0.07009491603821516,11.38892710255459,0.0,13.72688058153523,2.101305468071272,35.1244364460178,0.0,1343.290605998972,185.39385382987678,240.2875480719301,97.83793624649753,7.892873370895239
1026,103,0.0,-17.63370099116557,-0.7123852045635978,-1.2738350613674774,0.09313332896503886,0.006408861372619867,11.27998255006969,10.453100888989866,0.0862646303139627,10.366836258675903,0.0,26.67352707706897,5.375809849252454,34.8184519970076,0.0,1670.9315000920587,286.59071231526553,375.39716244542507,74.29361536912982,165.16799991318302
1027,89,0.0,-17.680948117091585,-0.6741868149313603,-1.0007832454470575,0.10682791475127913,0.017883015796542168,10.233546108938754,9.473872498609126,0.07517464691773057,9.398697851691395,0.0,17.616285854160537,3.4936026946705763,37.08627789901222,0.0,1439.542033206467,324.5810993395969,431.98915877797003,113.16343906969873,185.92231216708154
1028,64,0.0,-17.8946569309972,-0.45380404251043654,-0.8079731600902451,0.0916034103521013,0.006483069621026516,7.209215429145843,6.5937185799703,0.054491284769028425,6.539227295201272,0.0,17.149277424149624,2.9341441285194727,30.98371695287316,0.0,1037.9000912961587,274.77155443788155,368.017366319283,56.05888715628771,216.6521704931472
1029,83,0.0,-17.939868124015316,-0.589743110524737,-1.0029903857907276,0.16311196588909585,0.012521576136350632,9.599776417016983,8.87014092085883,0.07019809540361166,8.799942825455219,0.0,19.870956047258943,4.895835981084717,35.72844127629517,0.0,1346.2118626896865,489.2812806361877,655.7746416399659,73.08655970152716,286.9280916326246
1030,100,0.0,-17.313021011491806,-0.49585226021206086,-1.217474768707803,0.05190858200703089,0.0046950774267315865,11.334441700950265,10.486770320218056,0.0844679637812078,10.402302356436849,0.0,27.088944190313526,3.598937243944157,35.81877980265433,0.0,1621.2363727595236,163.73762971311527,210.0334293094281,121.47330191958036,74.36401911270328
1031,78,0.0,-17.94645114554886,-0.558583970799047,-1.025306866191353,0.09279581785346391,0.012248894199728966,9.911899326369166,9.190498562995344,0.06590124638751149,9.124597316607833,0.0,24.33847700687403,5.261568060317005,30.52607244917287,0.0,1268.0030625981324,286.61879462002094,374.3481174057539,80.76346481193644,91.95757929094441
1032,89,0.0,-17.622901029664707,-0.6139626732418286,-1.0906920608767532,0.06455507414472392,0.02407187968492508,10.289572625886649,9.48901027906686,0.07507322262972593,9.413937056437135,0.0,23.804209796824757,4.410460447013902,32.33877594317152,0.0,1442.3383077679407,201.62239702483885,260.94995385308755,104.57807523848105,121.11638391611194
1033,83,0.0,-17.773888081595423,-0.5912750386538297,-0.9746620950424756,0.10479875974330587,0.00719791604205966,10.420628054067492,9.706445407122374,0.0698253265582025,9.636620080564171,0.0,15.344235046636358,3.151749115707173,35.980506233105935,0.0,1343.6278868545457,317.0067836262362,421.95140791717955,68.93578870386783,182.1225884203683
1034,720,42.926876041457426,-8.226879426165926,-3.9940516508832644,-3.491702770761635,0.24954275877229748,0.012311475351452827,40.2785645481199,35.77517257584259,0.5961736580356956,35.178998917806894,0.0,42.14190976801957,15.656542703285451,38.92237228894794,13.880808273191425,11596.972650720607,715.8740848382049,1009.5109872906397,565.5851726734262,114.38347773974053
1035,720,18.700477190806982,-12.151548817512195,-4.021423871835067,-5.318582539323235,0.6811944094066492,0.00603995006531477,40.40171457687393,35.913510392885655,0.5986137841828167,35.31489660870284,0.0,42.19135561210209,14.989295084568438,33.37969948245017,12.872629074705236,11590.894461073334,1966.14036907895,2740.767377256561,641.2498401481785,129.88643400474476
1036,143,0.0,-17.574588909658967,-0.9600267990309764,-1.8496152919258444,0.11360223322755203,0.02069825679063797,13.685276523698121,12.617216085083783,0.12273210566490889,12.494483979418874,0.0,26.89717979468668,7.81339309401235,34.845372520917614,0.0,2324.3116097005495,355.3174457409175,459.41554989692696,138.0723091823466,102.96302626351498
1037,704,0.0,-11.151137744972447,-4.005676353524249,-5.885673378132298,0.27081865236270874,0.012314529158174992,39.03975758468732,34.649938229005784,0.5885793166235089,34.061358912382275,0.0,42.1883593975731,12.523389263972415,37.95992073550673,0.0,11341.324033981813,813.5793204568819,1094.5054132544237,567.2722181065137,105.21651264309641
1038,86,0.0,-17.641480597266124,-0.47128868442840416,-1.0235996689343956,0.13560986455663346,0.006109996698796749,10.826802203897387,10.022886026650667,0.0749820377677679,9.9479039888829,0.0,25.67181983086638,4.294243073522417,36.19670635403421,0.0,1393.9632858292323,408.72794251826264,543.7594343256253,48.1828854934121,396.3037073416985
1039,61,0.0,-18.213993461220163,-0.5135799568129527,-0.7706645562357657,0.0949846154001298,0.006290587596595287,7.647126458119601,7.030922018922865,0.05359152238816023,6.977330496534705,0.0,15.44289245772253,2.129268322802799,31.3201560838471,0.0,989.2882423236381,287.93203836166333,382.2009280001707,74.21562368226206,31.94581117022575
1040,64,0.0,-17.91088541928663,-0.497485138897452,-0.7804415905674398,0.104479145252451,0.012479940429329872,9.482454931829125,8.827775049954653,0.05645136022940278,8.77132368972525,0.0,15.867793013848893,3.084385652519947,31.290457728421263,0.0,1036.2195769518914,318.2837046316272,419.1742759173798,85.65685335463189,253.39446541429345
1041,80,0.0,-17.74488656863112,-0.5414576840429481,-1.0268989168304503,0.06779216345941919,0.01750284619629383,9.152484870981425,8.426748591009527,0.06892504822462797,8.3578235427849,0.0,19.786380486712943,4.467369797607425,30.70424342657504,0.0,1298.0480920866814,211.75437105881213,274.5216692918617,90.80298607677177,91.40190308713116
1042,115,0.0,-17.884567006810375,-0.823892223914406,-1.3357621799613555,0.1521409713994601,0.018285345286130905,13.456700983922929,12.514648105949163,0.09799329284578562,12.416654813103378,0.0,30.02344134562897,6.504369979708296,37.420417159085,0.0,1862.0151409647374,463.9486312077645,612.9907232297355,147.45613634776998,144.7794169752419
1043,68,0.0,-17.894456331262226,-0.4497059973909558,-0.8146282489347225,0.13265421908110306,0.018134182319045067,8.889986185822636,8.221472884062678,0.05954861454665661,8.161924269516021,0.0,20.847003094173893,1.7637499861163146,35.15111706213219,0.0,1101.9447905466309,397.74484391716163,531.9970906351132,57.583556767268554,338.5260647868279
1044,160,0.0,-17.338724117976824,-1.0158019671252196,-2.010483376310021,0.11435919709931443,0.0064412918873131275,16.712577962316573,15.496410857886076,0.13750382233411074,15.358907035551965,0.0,34.31098526682155,7.832356996032435,37.94875511418231,0.0,2597.7626398150087,348.3434209798066,461.0630929174876,148.02409399144625,236.73696252370672
1045,79,0.0,-17.74250602848359,-0.5924929066873504,-0.9380011463844462,0.07301735511490727,0.005920461378991604,10.715035361703485,9.95789740094915,0.06897160969674587,9.888925791252404,0.0,16.121237046672842,1.937086218963826,35.785734888294854,0.0,1279.483658328275,222.6981635826188,294.44786167130803,69.27305805072474,133.10627000741172
1046,80,0.0,-18.13630708621397,-0.5863898542688178,-0.9204796318870933,0.1781591223743859,0.006342507898807526,9.602494704071432,8.892949264030904,0.07012962084263563,8.822819643188268,0.0,22.898279804097722,3.600966161777518,38.37634161081864,0.0,1294.8824619954219,531.7253978912842,716.421018930314,83.58524609478015,350.77982941574464
1047,63,0.0,-17.772210440992115,-0.32360295403103356,-0.7760604273543016,0.08253304203088034,0.01235781516879797,9.700391840655357,9.090203052852303,0.05609076330438256,9.03411228954792,0.0,7.957005929304761,1.0391536252851032,32.98438033392724,0.0,1020.9979672585692,251.89137351726632,333.6179962097734,129.26315809296904,40.734213670774245
1048,101,0.0,-17.44517859604485,-0.6023482077981888,-1.1752672251331262,0.09359097849927267,0.018341369926929474,11.453240789007396,10.565339098218828,0.0884280214086175,10.476911076810211,0.0,16.907609199773834,3.378531350617163,39.510363201489895,0.0,1636.8693192044013,282.38237041264375,376.7711394034241,72.03857411923043,281.9156071857287
1049,92,0.0,-17.49080865420976,-0.5828146213529651,-1.0912646316309562,0.050733316410264545,0.024471404030919075,14.207886510062963,13.334884065203369,0.08225750923156738,13.252626555971801,0.0,16.60318688598181,2.55209622651433,36.01334623526742,0.0,1489.2441842707544,158.52112149831876,205.66388607402794,77.93856627444059,103.74756878848927
1050,116,0.0,-17.52440952237785,-0.8208597731622521,-1.3902208327089394,0.08643666444512903,0.006215346977114677,12.96585919521749,12.067896649241447,0.10021332604810596,11.967683323193341,0.0,22.323828234571533,5.176613414868694,37.39888514608382,0.0,1880.5887836525042,267.977215712362,349.4657891424581,87.28252858458372,198.3810820801693
1051,79,0.0,-17.794610843632693,-0.5813357025575296,-0.9415061954179659,0.10931760201836029,0.01844380982220173,10.570986681152135,9.86840081308037,0.06873377412557602,9.799667038954794,0.0,21.47193139391094,2.8657754627149794,35.790811941333665,0.0,1279.4964225271995,330.82497662221755,440.96899275991126,95.94864318919574,282.53603277855194
1052,130,0.0,-17.468521803046787,-0.8808822744112587,-1.611675077149425,0.09199030707126826,0.017811227589845657,16.184296186082065,15.18762803496793,0.11148225562646985,15.07614577934146,0.0,27.496300301424018,5.5164728611351626,38.280701247812054,0.0,2109.0265113454734,279.47068089537686,370.7577445887442,100.84689445786903,222.95332930163835
1053,62,0.0,-17.850807847679544,-0.40582389194811674,-0.7902150146632891,0.08176487043596337,0.0006888436037115753,8.41648840578273,7.8113596038892865,0.05364470696076751,7.757714896928519,0.0,9.170193140853797,2.011224704375253,30.775439264715736,0.0,1005.8683266609913,251.1401517338337,329.9614161852894,63.23108759606952,172.39108490486694
1054,70,0.0,-17.746533124762593,-0.5520192712098941,-0.8377388703446746,0.06665289969867011,0.006253784988075495,8.1753568216227,7.515795722138137,0.06033651763573289,7.455459204502404,0.0,10.067967041993624,1.5334159589683047,33.068166323343064,0.0,1133.7216048125622,201.72162493913424,267.44622301354264,23.742922606387523,252.38986046321423
1055,132,0.0,-17.426237379760884,-1.0002675951742783,-1.5767446702215846,0.0828846629149193,0.0056638228707015514,10.292563919909298,9.274208215996623,0.1106275781057775,9.163580637890846,0.0,33.59325713239879,5.904991163150089,38.88256991444127,0.0,2140.1731283957365,255.183218576183,332.78636001215176,45.22225600557898,250.27614955701387
1056,104,0.0,-17.646004508450268,-0.6820470423901462,-1.1044024267701325,0.1538438674207886,0.029575562104582787,12.787334617692977,11.926056764088571,0.0888556377030909,11.83720112638548,0.0,27.362869757799263,5.375521556022816,39.10481113423312,0.0,1680.3115232614814,458.9357617774522,617.6433809049993,70.89995915210645,155.0655431370668
1057,720,38.68718994439587,-8.758751754126658,-3.792441320987956,-4.168221439879118,0.2843436182447347,0.01189105212688446,44.01613212795928,39.47782806865871,0.6004181052558124,38.8774099634029,0.0,37.574140401111784,15.212221364349057,35.1055115450871,12.419107425562755,11596.970837234876,838.5019711254497,1153.3000624767922,589.4881723440088,257.9452395869088
1058,720,43.95567520977722,-10.062877486297934,-3.805785820111229,-5.150792536463783,0.41269114610669766,0.0063512264750897884,44.72753515187651,40.15155576961115,0.6013328772969544,39.550222892314196,0.0,42.2636343215643,16.093616965176693,36.14157950309592,9.85828990269531,11645.8673813089,1220.1172322801372,1676.9424230648847,1041.5964347644676,135.9875094620257
1059,114,0.0,-17.51777659483041,-0.6351784813516684,-1.3964708326926827,0.09903977220167343,0.018683381378650665,13.827641499694437,12.900393239688128,0.09823157498613,12.802161664701998,0.0,19.618615798874092,4.491634630656202,39.896855209856064,0.0,1852.4204012934779,301.2442666187899,399.81162316373064,103.33447917514314,113.48721720399737
1060,78,0.0,-17.66921725414045,-0.482235359494826,-0.9074087730521669,0.08450742467759643,0.01842449977993965,10.954515534918755,10.201892795041203,0.06754332361742854,10.134349471423775,0.0,21.16710130584895,2.099355405917718,35.46214595360123,0.0,1262.1792862589264,260.5417345405586,339.83195636107223,139.791206482015,274.12378673802783
1061,70,0.0,-17.73952362098646,-0.48191539994245497,-0.9208492082863636,0.024506831398993477,0.0178410392254591,8.585604532621801,7.925819936208427,0.060746264178305864,7.865073672030121,0.0,7.443404053351735,0.5970751728305511,30.702157613621388,0.0,1138.2264352430159,79.51659490909773,99.78855784402698,126.10827955021612,28.54370873575027
1062,83,0.0,-17.3041676167841,-0.30999920269934567,-0.9524547872211353,0.0324664343327115,0.013658581301569939,11.768660663161427,11.038184028118849,0.07253191340714693,10.965652114711702,0.0,2.3280932801495813,0.507914154705412,37.10736619440802,0.0,1343.1408103051263,104.19760950577235,131.76190535157596,194.3583323351201,26.011841285413247
1063,87,0.0,-17.724697093593875,-0.64356571843056,-0.9475374811133491,0.11512489575423292,0.0228855162858963,10.981129058171064,10.2077861931175,0.07556070806458592,10.132225485052913,0.0,17.114910234324793,2.292699534154773,39.281919229156536,0.0,1405.9000665465642,352.02674245469785,463.6905143758686,107.31119819199313,272.847223390381
1064,88,0.0,-17.961469568516243,-0.6811548266278185,-1.050549276103741,0.13925801863320095,0.018103649839758873,10.31507582962513,9.539345787838101,0.07658586837351322,9.462759919464588,0.0,26.812355461883477,4.544982729195076,36.01476009553126,0.0,1426.2079969653403,423.7526772644352,559.7847367743317,65.30533594610456,227.8201982310507
1065,75,0.0,-17.772747915457835,-0.5569965009042068,-0.8714618705141144,0.07819754174430975,0.006349283270537853,10.290855539031327,9.593188425991684,0.06615952309221029,9.527028902899474,0.0,9.04484654131614,1.1020300250871005,35.961669222213416,0.0,1213.7689267307842,240.7153013717925,315.663218938581,70.80597208494635,176.99047896945987
1066,99,0.0,-17.84554909115062,-0.7669186948277442,-1.1369474108563868,0.16453839067792322,0.012191399931907654,10.300544996745884,9.486573456786573,0.08604265470057726,9.400530802085996,0.0,27.76401849454888,5.0394800675601985,38.526219471585044,0.0,1601.7558239442,489.675754681293,660.5944655348335,67.54835159119983,266.30464267552185
1067,77,0.0,-17.732621679605344,-0.5305435818000174,-0.941698853707396,0.12302201026066997,0.005937925539910793,9.300592068117112,8.598001386970282,0.06766646960750222,8.53033491736278,0.0,24.474323291442705,3.9215980250294797,33.98993144987239,0.0,1248.0299317376944,369.9062446450913,494.1070353219976,45.43601356591792,418.45055285218933
1068,98,0.0,-17.585414501948673,-0.7206076633442358,-1.1329537647599763,0.07766073081764094,0.01764107309281826,11.931197078898549,11.12080148095265,0.08489312557503581,11.035908355377614,0.0,19.087172467076126,2.895270964144904,38.6592430818079,0.0,1587.1675827209142,238.5349745081407,313.3618395700995,69.15215280442432,65.41718723141757
1069,77,0.0,-17.537352739443282,-0.44357785634123004,-0.9426703729563557,0.042229053218335776,0.012353707104921341,10.164834413211793,9.439471431076527,0.06778666516765952,9.371684765908867,0.0,10.834843199785759,1.6658060911848027,33.591246737542214,0.0,1248.2307507528988,132.9504410730245,170.86515809914206,43.01691676446386,123.83042510483033
1070,96,0.0,-17.78618124093059,-0.7098971850714408,-1.1414423070781403,0.11664186036908261,0.011576620861887932,10.727603449951857,9.927542697172612,0.08277492877095938,9.844767768401653,0.0,24.797824555356808,4.3784342604160775,36.638124925134136,0.0,1554.5903260263206,357.7193563906276,472.0561800352469,146.46790614078373,58.4395071525674
1071,122,0.0,-17.41812777109126,-0.8094918177178754,-1.5302936332471608,0.05983740220657219,0.01853274554014206,14.767208789940923,13.770519876852632,0.10692622512578964,13.663593651726842,0.0,21.29464366230944,4.001393175804681,37.99723532087852,0.0,1982.433332186186,190.07549475668296,242.73816749459337,148.17917548459695,45.924137961575425
1072,97,0.0,-17.662320742468864,-0.7700010982756413,-1.1571520252262566,0.07736291498323931,0.009591411799192429,10.629763692151755,9.786621588747948,0.08385486016049981,9.702766728587449,0.0,24.482460520883716,3.6310740019348473,37.077507981601855,0.0,1572.0592229061922,239.54080963281228,312.1438500330948,90.91919850303742,75.15567054268158
1073,720,8.594630839265788,-11.62308586894785,-4.0847335687896456,-6.208789580215954,0.508767973161107,0.0285140722990036,42.55893824901432,38.010970532894135,0.6009967010468245,37.40997383184731,0.0,40.71347705786885,13.908611490331731,31.355773147365145,8.594630839265788,11602.152965552366,1526.5138008977622,2060.030724494797,826.8377114048764,447.0479026606761
1074,104,0.0,-17.663228111359295,-0.7349461713272655,-1.1805966935130763,0.10526559360803862,0.01802624762058258,11.730935900006443,10.826476475223899,0.08983681909739971,10.7366396561265,0.0,13.531954701698039,4.148635510355551,38.41501253114337,0.0,1682.632943557355,319.947866592876,423.61082505002963,68.6280467646013,48.06245013416985
1075,90,0.0,-17.476146267088925,-0.4760643334699055,-1.003038583341396,0.08489221364413435,0.006400696467608213,11.341036586090922,10.541140089277178,0.07859624037519097,10.462543848901987,0.0,15.034983619883509,1.9871561839952976,38.94369348002856,0.0,1455.6728765653095,259.03526218085443,342.7196289751853,119.72350901972857,82.75255363703504
1076,92,0.0,-17.661770570313006,-0.6761466278985951,-1.01686437937136,0.13517818716286883,0.024172376841306686,10.082233977038413,9.281802819110453,0.07948249252513051,9.202320326585323,0.0,17.09842466950516,3.2514154025550095,39.79521891579332,0.0,1488.3644181794396,404.43397286753907,543.5601408481665,76.58461514417992,408.13794159210994
1077,92,0.0,-17.607291367581684,-0.6361416069922654,-1.1245195437817324,0.07513849734196822,0.018158990889787674,11.936473615001887,11.115289642941207,0.08006464643403888,11.035224996507168,0.0,15.400966132645115,3.826451105591776,35.08264869812871,0.0,1491.3479380006263,233.87016751356836,303.7960966049189,79.8065184094621,77.19880749819828
1078,104,0.0,-17.630559283277652,-0.7642836330972932,-1.3162494644709484,0.06835155224555227,0.01833190768957138,11.305406006984413,10.477027291897684,0.088844433426857,10.388182858470827,0.0,24.428311943284267,4.980074373866021,33.41532694929779,0.0,1689.7333398262244,212.1218014891327,275.6362410328459,55.51800426668899,200.10885252342604
1079,86,0.0,-17.813578622404883,-0.6880182424547192,-0.9495418953213315,0.10167123895423824,0.011900009587407112,11.568843748886138,10.79722532024607,0.07485331548377872,10.722372004762292,0.0,16.512579697545746,1.789976887266865,39.57099352217172,0.0,1391.0516934434033,311.8365111717544,410.63203922669254,103.14115203534692,127.37682029775202
1080,80,0.0,-17.779877804886347,-0.4833422453576762,-0.9189216219561518,0.1359357532271418,0.011979377828538418,10.36606320599094,9.628449245821685,0.06909503042697906,9.559354215394706,0.0,26.949750784768046,3.057129228802691,37.28169387721517,0.0,1294.730084058089,408.6341147372381,545.3561860045614,42.84976775763072,117.56826865214127
1081,134,0.0,-17.28530366845098,-0.8155832832333684,-1.5692725784312076,0.11613203011510738,0.03144142031669617,14.374108363874257,13.358513152226806,0.1136426511220634,13.244870501104742,0.0,29.176651673540217,6.091699789685397,39.471674368130934,0.0,2168.728744182707,358.43086077911875,469.1258471165076,88.81403713997004,257.911309257202
1082,72,0.0,-17.447288218664696,-0.25913248964671626,-0.881171407391422,0.018718353853208556,0.012323599308729172,7.7698476342484355,7.066659113857895,0.06146508967503905,7.005194024182856,0.0,3.558616694358446,0.6693008366200173,32.44892546882794,0.0,1166.5650016189913,57.35021730471556,75.23921829523843,25.68967126078696,44.68647485678055
1083,116,0.0,-17.625435680629998,-0.7886784348305136,-1.4379071074414824,0.11869880835819858,0.006596964783966541,12.867334456183016,11.916362105403095,0.09920710185542703,11.817155003547668,0.0,24.77799273816956,6.453929393015117,35.73898688243442,0.0,1881.2665293629857,364.17904647400803,478.8553743619286,115.54918162787818,254.7112440499457
1084,77,0.0,-17.763704610239795,-0.6082471563965811,-0.926678736738013,0.07487083216593059,0.006958924699574709,9.137826398946345,8.438073680270463,0.06661663297563791,8.371457047294825,0.0,14.580543865197702,2.446134241875205,33.841330902939674,0.0,1247.0103290200552,226.0436587925413,300.82792361359367,35.73505982060281,216.98284821302667
1085,76,0.0,-17.878270934751576,-0.5216289505561255,-0.9487644685937797,0.11967123542978665,0.0061193169094622135,9.696793009992689,9.026902861893177,0.06634086230769753,8.96056199958548,0.0,22.829056790662985,4.060353352152363,33.32149232444256,0.0,1232.5076435936548,361.35614337223905,481.7283930760626,93.88950803177103,151.02637940297205
1086,97,0.0,-17.740776234407477,-0.722738380434077,-1.2074462325782962,0.07920532368671089,0.01061144471168518,10.755210663191974,9.924238698091358,0.08303514681756496,9.841203551273793,0.0,22.24672501244796,5.101420688774911,32.7082317053245,0.0,1574.647823379245,245.50509084516133,318.70176459260614,83.86630742696549,52.3172071013555
1087,62,0.0,-17.797789177716652,-0.3440165376753763,-0.7405368212515759,0.0910357018344742,0.00037236791104078293,9.963505032937974,9.329487904906273,0.054033644031733274,9.27545426087454,0.0,25.229917310661932,1.856395420767657,32.23469318518521,0.0,1003.3681944969128,279.3155615148487,365.93141574329456,116.00702680994446,121.7709797488003
1088,77,0.0,-17.79450565765349,-0.5655132303237956,-0.9303323584705627,0.13358704139735142,0.02130489982664585,10.577991467900574,9.840372906066477,0.06653911527246237,9.773833790794015,0.0,26.339795071133008,4.036629644923532,34.404420766448936,0.0,1247.5571672169033,398.04120565365315,535.40456396579,26.792227634509253,117.42984544528454
1089,165,0.0,-17.66184218060675,-1.057270287567899,-2.019284029581456,0.21913115653096757,0.01387352030724287,15.530439272057265,14.287893061991781,0.13929979410022497,14.148593267891556,0.0,35.77440548826073,9.54940840319069,37.919245279315675,0.0,2675.376114620183,675.3263110610056,882.3671391887378,286.5660363817065,450.9241132905143
1090,67,0.0,-17.82829079339931,-0.531838406519441,-0.8003572219503047,0.07107967388478854,0.006226184777915478,9.050393663812429,8.422529490664601,0.05758934933692217,8.36494014132768,0.0,2.673884764022002,0.3919057676466037,34.527289222034774,0.0,1084.8971989282793,214.42158726952772,286.03809632018255,44.43215880307749,143.6762435860839
1091,720,52.01619206272209,-6.516043518596622,-3.3687127930152383,-2.776899237156965,0.11703704934136067,0.012133515439927578,37.00308084115386,32.43817436974496,0.5987261710688472,31.83944819867611,0.0,42.263517194642425,19.14270815813921,33.9911920814028,14.603696275288799,11591.04972556319,320.7220650666676,471.37459734043074,206.2145994070632,117.67282105368835
1092,84,0.0,-17.6793112753491,-0.6650976085524275,-1.0160673953907544,0.039385192383242194,0.0004692634684033692,9.618043131195009,8.85864087799564,0.07215758366510272,8.786483294330537,0.0,15.149428302410906,2.5017565711033214,33.58586605059312,0.0,1360.3436048114245,124.50277621859323,159.38627071083644,55.64333503415491,83.19275579544114
1093,104,0.0,-17.6443186028438,-0.7830411297557329,-1.1695479228779737,0.08552441664018763,0.012466306798160076,12.254749841056764,11.36579493386671,0.08975136745721102,11.276043566409498,0.0,26.548186177528645,3.509209725964868,39.53644568595885,0.0,1682.8994238936389,269.0766568608807,346.3828548390698,178.18766534320156,87.86628405270221
1094,90,0.0,-17.938527918101414,-0.6966833988646254,-0.9788045630416162,0.17644652797595461,0.011115574277937412,10.481411650311202,9.71136173978448,0.07701395452022552,9.634347785264254,0.0,27.49777935591113,4.165626046330642,39.72533267981112,0.0,1454.5446061277285,530.5424909922215,709.7573300588914,89.10476952177854,191.64415402815237
1095,720,63.62907717637387,-6.764971941472951,-3.2403609019632365,-3.175351679695287,0.14917911437919415,0.01157931238412857,40.84934383118525,36.3014590642415,0.5979775115847588,35.70348155265674,0.0,42.25130298873206,19.970203544968403,31.079811300175848,15.030827014123199,11590.998269621878,436.4302390639433,603.5523894374439,325.46750384895375,247.16530240540115
1096,64,0.0,-18.302717811173622,-0.4493285815092309,-0.7402585846488031,0.1560325417754413,0.006332785822451115,7.437517654150724,6.80869151186198,0.05561853339895606,6.753072978463024,0.0,21.06463705726264,3.7349577049912543,33.15922903275463,0.0,1034.733880480501,470.8428962628647,627.1296678122709,80.9862372126097,115.30348189290527
1097,81,0.0,-17.77131211306812,-0.6287844533564645,-0.9513713725512729,0.06620107357822691,0.0005973530351184309,9.967668092809618,9.224233581218868,0.07006098423153162,9.154172596987337,0.0,6.576414822762354,1.3574324563968498,36.54969156040083,0.0,1311.3938681995617,198.72338718497963,266.0789364474739,46.400568075726085,122.35368652109592
1098,105,0.0,-17.494159808694892,-0.7184111631915614,-1.2229081566301554,0.06290344095669737,0.012004120275378227,12.391586150974035,11.493125708773732,0.08972378354519606,11.403401925228536,0.0,22.896445163954915,3.3774463196374627,38.649868557449295,0.0,1701.3722395516863,197.96706916400953,253.95420166881615,140.96430495161874,104.3453232581135
1099,66,0.0,-17.727070336473872,-0.4267023727274813,-0.8191232220012479,0.07650818180462828,0.015554100275039673,9.224941041320562,8.567175751086324,0.05734957195818424,8.50982617912814,0.0,19.665603623216732,2.408485889648022,31.17484991843538,0.0,1069.597733388122,232.0883153534932,307.860730001421,49.65218035494497,244.8125332680937
1100,91,0.0,-17.743864793584002,-0.7416227508609831,-1.0632436473877354,0.07945893108878978,0.006021835841238499,12.052492522168905,11.246975678019226,0.07731171511113644,11.16966396290809,0.0,16.325874285652468,2.602595702871723,37.684444681961715,0.0,1474.32417158902,240.0315150438749,319.8675774634309,51.63186086410126,175.8353004464852
1101,94,0.0,-17.41282267955001,-0.5224811078947335,-1.082883671441854,0.05201087066634326,0.00025733516667969525,10.398334382101893,9.588526180014014,0.08056218223646283,9.507963997777551,0.0,14.73929007001613,2.766436887231721,36.38271159329871,0.0,1520.8385186014273,162.72593381234748,210.6343993244609,87.78699931087668,29.289786209224978
1102,78,0.0,-17.755867713602967,-0.5831831612611147,-0.9172652044778721,0.07867878001215702,0.011769888922572136,10.17560139298439,9.448270356748253,0.06693770689889789,9.381332649849355,0.0,20.990324817243017,2.0996816163537133,35.16328819284423,0.0,1262.7791807183114,240.84790047312973,316.2326486728498,36.03955302215623,69.63470026396739
1103,121,0.0,-17.658769136054865,-0.6957261439571972,-1.6459067174679016,0.11612668897492326,0.02831762284040451,14.608316882047802,13.638676069211215,0.10348235117271543,13.5351937180385,0.0,29.785327768054923,8.940949646096804,30.065897220895334,0.0,1970.8900178420135,364.43958850550484,468.12769820585333,183.78880169247884,73.23549815173813
1104,86,0.0,-17.708194756118925,-0.628732421982264,-1.0744642357010958,0.04676502224124895,0.006197977811098099,11.73842951003462,10.976687686983496,0.07500134501606226,10.901686341967434,0.0,23.94328194580651,3.1644682515072065,33.79386083368174,0.0,1396.149757050888,149.4218890427391,189.70782873267223,150.9346964383942,31.881727523357547
1105,75,0.0,-17.686011630749718,-0.43144164041924954,-0.8860137514644779,0.142032144459926,0.00102882063947618,11.418131323996931,10.69250634405762,0.06456892751157284,10.627937416546047,0.0,24.164947138519462,4.001125965428368,35.17117319061258,0.0,1214.6964202474094,427.6304282768066,569.1265642274193,95.64838278889702,340.0072647836917
1106,96,0.0,-17.658854263315583,-0.5309120981673112,-1.0895990216130658,0.1351340525293442,0.011047066189348698,11.77386233303696,10.944286956917495,0.08085558144375682,10.863431375473738,0.0,24.801091089095497,3.6704635698411945,39.44588889518042,0.0,1553.7778995573665,412.6124259564437,543.3788206057438,157.32803918123162,237.98265379126687
1107,109,0.0,-17.43756684779546,-0.6239487999197063,-1.3620360224666785,0.06673323064771344,0.01105035375803709,13.91784094600007,12.990217226091772,0.09189198398962617,12.898325242102146,0.0,26.479646618799755,4.5896067133524925,37.279524411130474,0.0,1772.0979566472736,212.7616250002605,270.91363392065017,161.04739481422862,68.72849915884169
1108,70,0.0,-18.096380835181133,-0.5255373596564328,-0.806500979585607,0.1312059840563122,0.006023787893354893,7.841820594388992,7.190759190823883,0.0593196265399456,7.131439564283937,0.0,13.690648827778631,2.8104985668212423,34.63658262836363,0.0,1132.3210134423193,395.1917534987749,527.1612890116252,65.28720455193829,219.50501456898752
1109,720,43.4826262320189,-7.637449025364961,-3.5612716455097915,-2.741107303131608,0.5160665642134749,0.012188773602247238,44.46156675275415,39.93564921990037,0.5975490096025169,39.33810021029785,0.0,42.261300138804906,18.33432068024771,37.285633881916134,19.83916569892811,11584.731932851064,1418.4973173807023,2085.812758535136,667.3707631947844,95.63377871373012
1110,84,0.0,-17.857065428570866,-0.5554725795354961,-1.054004684876702,0.11325338407841005,0.005968864541500807,8.555749244056642,7.80399904306978,0.07134917797520757,7.732649865094572,0.0,17.53576413435497,6.361053643361028,30.280063265380498,0.0,1362.0453483589872,348.0756146398834,456.54976023388167,71.1285385880564,121.98783681180477
1111,64,0.0,-18.34785497987422,-0.5013830959871225,-0.7536805875017175,0.12056620840183278,0.00557154743000865,8.585761063732207,7.923743956722319,0.055708255153149366,7.86803570156917,0.0,23.54026569367312,1.7409631701578918,34.23438329791217,0.0,1035.6816530017243,368.1292537920123,485.6246530692593,110.11184271377792,134.31158247671303
1112,90,0.0,-17.446578417877426,-0.48370337282120407,-1.1350672046290162,0.048359103260370385,0.01839018240571022,11.151912745088339,10.364226997829974,0.07704795291647315,10.2871790449135,0.0,19.635415112598974,4.519531900884732,31.157806370433182,0.0,1458.4232431800579,151.5127293247387,194.9645976811875,35.746766925201776,165.52575150809588
1113,137,0.0,-17.37092399428642,-0.9358932373122953,-1.3858832409043003,0.14487559902935296,0.006166732870042324,12.836023338139057,11.790752006694674,0.11599783506244421,11.67475417163223,0.0,27.08867225438863,6.926699849745881,39.1536089543645,0.0,2213.0696505887263,439.76945569524065,585.6078233870979,217.0699687229425,213.34770096420354
1114,65,0.0,-17.85886229613708,-0.5394934856229681,-0.8039530834317812,0.07585705136475605,0.011924723163247108,7.9774246057495475,7.358358385041356,0.055458818562328815,7.302899566479027,0.0,10.661899978002156,0.9444204105558203,33.066603416471686,0.0,1053.8285553720189,229.7365142242447,305.60582389383814,50.77481903860671,164.23717079719458
1115,80,0.0,-17.518472317589367,-0.4320789181675389,-0.9543664927777976,0.05054849051476841,0.006278222426772118,11.69646861217916,10.952174369711429,0.06909898202866316,10.883075387682766,0.0,12.522396956500524,1.25519140988356,35.75056982989642,0.0,1296.3265710421983,157.45914778861103,203.980423031255,79.12229243164644,79.77232405293277
1116,78,0.0,-17.9360230318286,-0.4813357718304445,-0.9625440659852823,0.14251942311278798,0.01545881386846304,8.607881741132587,7.915422330144793,0.06805758737027645,7.847364742774516,0.0,19.691274838872207,5.344257390308393,32.89744021784817,0.0,1263.6449320915438,430.9127130220885,574.492530700136,100.39503569516991,176.99899831852454
1117,65,0.0,-17.843893440072303,-0.468846199614546,-0.8434403149442665,0.07630441007379102,0.0188200231641531,9.198753617703915,8.556451817974448,0.0568091101013124,8.499642707873136,0.0,21.404950554121974,3.1356098220862423,30.208648037239577,0.0,1055.5165525222899,232.90889173980062,307.25033936233797,55.06374304907043,210.2160155190045
1118,66,0.0,-17.939384841128117,-0.4651421984644354,-0.8108644577331672,0.10774862897497092,0.012498082593083382,7.99872820219025,7.381123658269644,0.057217561174184084,7.32390609709546,0.0,9.902819577911263,2.7152806638642355,32.607613237504864,0.0,1069.5659723339038,328.0160306432921,435.2571066635166,125.80250333096497,53.51297162021916
1119,73,0.0,-17.759344671109066,-0.4264948484578106,-0.9303551131660144,0.09123884721008876,0.01819334179162979,10.354531167075038,9.657626643776894,0.06394876400008798,9.593677879776806,0.0,25.228383989621783,3.8680648777496085,31.380329742564513,0.0,1184.9509998750893,279.13095925522055,366.5756175602575,35.90475461403208,169.0733855672171
1120,61,0.0,-17.644188567247642,-0.3004503617771577,-0.7775223275252023,0.03781796079381589,0.017837675288319588,8.479147564154118,7.852418032940477,0.054102369118481874,7.798315663821995,0.0,17.736638088306368,0.7832632682470311,30.013593241280446,0.0,989.6265101768822,118.93750938148966,152.95518453005795,41.90305487667898,74.1579091590183
1121,93,0.0,-17.717133798068065,-0.7585480356292104,-1.1611477155619694,0.04858719429054297,0.018183663487434387,11.971650211140513,11.153411902021617,0.08038201602175832,11.073029885999858,0.0,17.790016165385378,1.1205756551249846,36.721457289314394,0.0,1511.3698089284928,150.10066845234095,197.36279458121686,89.72659274507872,98.58893199979715
1122,81,0.0,-17.51730966247287,-0.5128620281592998,-0.9498543733848476,0.033567720963221186,0.017354074865579605,9.212112100794911,8.47900231089443,0.06951944110915065,8.409482869785279,0.0,5.558885633260439,1.2129579904005094,35.37062378433989,0.0,1311.0204184307738,106.16183315335002,135.8514552920336,82.60437643253155,22.96705302594447
1123,60,0.0,-17.79494947302689,-0.39506429532461207,-0.7539159451272991,0.06788151577387022,0.006337395869195461,8.748028640635312,8.159131963271648,0.05215037800371647,8.106981585267931,0.0,9.035873483087602,1.6280918673090023,30.13878936855281,0.0,972.6787065038422,207.9601061594489,273.41062915702497,37.95879010270655,186.06758375116092
1124,104,0.0,-17.3355004240125,-0.5970080257503131,-1.2210012542556128,0.06867780781649502,0.012422893196344376,12.3513204571791,11.460530562326312,0.08805562602356076,11.372474936302751,0.0,20.845354762001538,3.2034981949878625,38.4288023137122,0.0,1685.514418074314,214.0341186706323,277.17416413319614,114.11204625131725,208.05872278675048
1125,72,0.0,-17.671958193572795,-0.47391016085912363,-0.9033722600589448,0.024848255909865596,0.012181652709841728,7.825746585149318,7.127431618981063,0.061225201934576035,7.066206417046487,0.0,8.61156519832855,1.7017674729500913,30.900658010816684,0.0,1167.3310316351933,77.34080431632677,100.30852969699248,49.06895287124421,16.978449468468636
1126,720,62.99541990219711,-7.918468573105812,-3.496480514382183,-3.06084578647147,0.49225833455230217,0.00044356644502840936,40.90155612118542,36.3178640990518,0.5980561464093626,35.71980795264244,0.0,42.21600970489187,18.667467843812492,39.027378924607106,14.714328112145402,11594.70700610447,1422.253224371656,1987.6487011536078,611.6473536990509,175.62950568055524
1127,66,0.0,-17.658042782135603,-0.4110611275988023,-0.8072524911341673,0.04249689981497002,0.017306044697761536,7.2085487260483205,6.575690847821534,0.05683970032259822,6.5188511474989355,0.0,7.73629975649637,0.9077869784788509,31.590030428930486,0.0,1068.969600014426,132.059135894883,171.33727610327364,63.11143662073861,120.98076015648495
1128,74,0.0,-17.57207928667305,-0.38073327600106993,-0.8957849590535214,0.06781643234020276,0.00034980764030478895,10.158479424659163,9.464891478884965,0.0645828889682889,9.400308589916676,0.0,11.41948454329298,2.547869527392976,32.04165090671881,0.0,1197.846088193257,210.07725361792208,272.9194322862951,113.22069250643199,72.26938005135878
1129,74,0.0,-17.866625059932606,-0.5593307957456273,-0.9117674912444165,0.09717021194302099,0.0010663468856364489,7.754944008775055,7.128676543012261,0.06346691865473986,7.0652096243575215,0.0,14.375047984137023,4.099169013761768,31.66400370842915,0.0,1198.7294441262247,295.8928473533494,391.7641492287436,74.3991514415606,177.07102613516815
1130,81,0.0,-17.882810884590384,-0.6485931695688261,-0.9010432937737282,0.10085520876643862,0.027842151001095772,9.94139002636075,9.203178447671235,0.07043449487537146,9.132743952795863,0.0,13.793521158773867,1.6060323121064715,38.28300913987371,0.0,1310.521263493824,308.9470798006229,407.00410662853636,135.83221608860794,203.41817202757397
1131,101,0.0,-17.725920458232977,-0.7838875436806925,-1.163978623654983,0.11304146275769798,0.01820358633995056,10.721224025357515,9.8800944481045,0.08691733423620462,9.793177113868296,0.0,18.325441839152724,3.7583798390631222,39.22344504490914,0.0,1634.5210944140085,344.61618399323714,456.8484628960891,115.68768184628026,144.31126651463597
1132,127,0.0,-17.945075049506084,-0.6520040537561124,-1.6408296575687706,0.2784874018718202,0.012362881563603878,13.527639058884233,12.534379196353257,0.1099076303653419,12.424471565987915,0.0,33.12079943954205,9.81167461161272,38.185029688810175,0.0,2066.893542317398,839.893489262688,1119.022552377229,132.2232210454072,268.55210704131105
1133,65,0.0,-17.807443942149355,-0.4132207179267443,-0.8186336671483767,0.08060037792495212,0.012223571538925171,9.573244150262326,8.953735246323049,0.05739538511261344,8.896339861210436,0.0,13.842257291027673,2.3439441502119647,30.454119934096425,0.0,1054.0665883550869,245.35626530688805,324.3628350817497,58.20966170118852,148.68501571485842
1134,91,0.0,-17.694706389771447,-0.6789333818929192,-1.071990582018001,0.0801988530695551,0.017529549077153206,10.721179264131933,9.917553663719445,0.07911068201065063,9.838442981708795,0.0,27.362175261541424,3.4963313019228175,35.90042668309536,0.0,1473.9850429601893,248.65218308802324,323.1549467106077,108.53234605050787,129.87284811293384
1135,72,0.0,-17.78275698597985,-0.5623297896102133,-0.8663685618589302,0.04434281936144546,0.024166543036699295,8.876686952076852,8.190068372059613,0.06273055681958795,8.127337815240026,0.0,2.582159133733622,1.0767579262954472,33.03458709139979,0.0,1165.6728570200373,138.4573115895005,178.49763869108816,36.18087588966309,19.425849124334846
1136,84,0.0,-17.44139477485577,-0.4229357881949862,-0.9481728477756378,0.05054137234896317,0.028772367164492607,11.814046264160424,11.048702952917665,0.07376472093164921,10.974938231986016,0.0,5.5679544893489314,0.9123138264635949,37.55556786379227,0.0,1359.0132452207617,158.54877382758883,204.4633108349738,139.15041443270758,66.47249184787532
1137,80,0.0,-17.885720281797195,-0.5437822210744059,-0.9926933214264083,0.1378886057105732,0.0158808883279562,9.665031130891293,8.945538211148232,0.07012258376926184,8.87541562737897,0.0,18.747327163478012,3.421757219706779,34.72219881854711,0.0,1299.6469448828025,417.14198190463185,553.6781159728208,55.611965360954166,405.87832010181666
1138,65,0.0,-17.992478197631257,-0.4950138980623835,-0.7894588640614164,0.11912756083875621,0.007145324721932411,8.354598259087652,7.737307729199529,0.05749385338276625,7.6798138758167624,0.0,13.727963857998851,2.118145628651146,33.985971820054324,0.0,1053.539275213116,358.07702419012656,479.0880697161125,67.5784293088804,168.1813961101413
1139,93,0.0,-17.695937661415474,-0.7292924456318877,-1.0814572436346035,0.08364464170122209,0.012273668311536312,11.098741852212697,10.301496725063771,0.0810415968298912,10.22045512823388,0.0,19.372236913792214,1.952664906787262,38.75452490313299,0.0,1506.477835248184,255.7195442151818,338.13757362786816,102.22843682283785,131.1001846032218
1140,82,0.0,-17.835559383725045,-0.567792396317359,-1.0286054020959297,0.12988705153890204,0.011834732256829739,9.15473201777786,8.446465866174549,0.07225715927779675,8.374208706896752,0.0,24.04370467268515,4.836818240473363,33.787036857064976,0.0,1330.508789717853,392.86336245104934,522.6112313488784,68.92674812439702,117.7765352711096
1141,88,0.0,-17.632086854216894,-0.656444477616048,-1.016784952715721,0.07338254676511602,0.01123052928596735,11.226052426267415,10.497982086148113,0.07724061515182257,10.42074147099629,0.0,21.596050406727663,2.482710021376072,37.29513404911013,0.0,1424.4902459520915,227.95614792336664,296.40646959964045,142.45828810114935,34.90472058372225
1142,85,0.0,-17.647440004644984,-0.5529202757644068,-0.965757200520326,0.0881543868301336,0.011733745224773884,9.825910453684628,9.050092272926122,0.07375268824398518,8.976339584682137,0.0,13.614444360660647,2.184109801334113,37.3524781066674,0.0,1374.751607722495,268.85558521884434,355.1382603802172,85.74240926696174,124.78350773235138
1143,65,0.0,-18.063019547665828,-0.4820593550421305,-0.7541789788599127,0.1260973476019205,0.005364439450204372,7.910667018964887,7.27744352305308,0.055804370902478695,7.221639152150601,0.0,25.08005267002257,1.658553752924268,35.055009505617974,0.0,1051.6783515044874,382.156997806068,506.4105510426838,53.62830911431152,128.338648399269
1144,64,0.0,-17.608771067502378,-0.35126527072609376,-0.8098201784615638,0.019203102183807167,0.011577135883271694,9.753620051778853,9.114400506019592,0.05521385790780187,9.05918664811179,0.0,2.327988353424264,0.3561908805700341,30.336564499319103,0.0,1037.9198923948527,65.31473496976524,78.69221245137507,129.57565551575644,47.001905265838346
1145,78,0.0,-17.659635616192784,-0.5398707001270537,-0.9111512413483412,0.061762794128038166,0.005616612266749144,10.364441768731922,9.650482948403805,0.0669899140484631,9.583493034355342,0.0,8.048776185954221,1.119733287914326,35.88692092496761,0.0,1262.6800928988262,192.16159107675554,249.73918488846832,74.53827231172889,29.209029036197812
1146,720,67.9965706135966,-5.293915677517942,-2.9757755491328703,-1.9477855385667333,0.14494697727920616,0.020430151373147964,39.23117314139381,34.69475430063903,0.6001177001744509,34.09463660046458,0.0,42.06676348206449,20.838912691581292,38.291141914674256,24.942447367689503,11582.400007976203,412.9278806032069,586.6485622524489,325.9756511899731,261.62763931679007
1147,78,0.0,-17.746489906348334,-0.5550877681791921,-0.9535699204758429,0.08822028685543197,0.006190277636051178,8.911403345875442,8.189378187060356,0.06907297391444445,8.120305213145912,0.0,13.514150662035494,3.1839424228293227,33.72183384515001,0.0,1264.439848939322,266.8736764934282,354.9239814873727,50.1183772855323,177.35820886347324
1148,73,0.0,-17.728423208397665,-0.4595763848736747,-0.9418248735357152,0.07397379946515915,0.01755809411406517,8.813964154571295,8.146887280978262,0.0648461477831006,8.082041133195162,0.0,17.627401362013877,2.672049320463257,31.440697258093742,0.0,1185.3334532589274,224.81803063400943,297.6760426815319,80.4152123294945,112.37058574013818
1149,65,0.0,-18.07013919861543,-0.5014890593405125,-0.7741133135010048,0.12479122788797975,0.002254737541079521,7.57715924968943,6.968593207653612,0.057151155546307564,6.911442052107304,0.0,21.29404801213571,3.3276554020143587,32.24296970671974,0.0,1052.3099364123807,376.92398275449943,501.95869880823335,76.68226693264083,203.857306626323
1150,111,0.0,-17.582557922616292,-0.772861544925812,-1.3131953572155064,0.12159425871576594,0.017183972522616386,13.103710765950382,12.19130241079256,0.09613421885296702,12.095168191939592,0.0,31.052954763525726,5.19095700222824,38.51696548173571,0.0,1800.3729959357458,369.2123346828539,488.20143225888495,127.57176588962997,262.3033119727898
1151,89,0.0,-17.89211323217781,-0.6278457908629912,-0.9988079578805348,0.12579211396939027,0.001961850095540285,10.238323914818466,9.46948402421549,0.07838211767375469,9.391101906541735,0.0,16.613052183422173,3.110189934254949,38.30996630519465,0.0,1440.310793424665,376.3456843357086,505.90806854629335,121.38539498262014,235.60552824544
1152,134,0.0,-17.417552679914294,-0.8664159680121682,-1.6024233419081728,0.1162809789650912,0.005855901166796684,13.92016848595813,12.905855750199407,0.11535256542265415,12.790503184776753,0.0,27.196877988842164,6.329191340879242,38.5925834633699,0.0,2170.8168263485813,355.34157306051446,467.85717271380764,109.17891705435154,292.4150396890284
1153,104,0.0,-17.335054893719974,-0.4847505164451133,-1.186280896430862,0.08076892222766839,0.0006807563477195799,11.520619417075068,10.617625603452325,0.08937695249915123,10.528248650953174,0.0,22.947079281539356,3.849299354987554,37.89282946173446,0.0,1681.5678477340673,246.38209145986468,325.00853198809193,62.673067040058925,61.04844448541109
1154,62,0.0,-17.85547787443247,-0.42836811877832764,-0.7769934710503598,0.09920764319836367,0.02142120897769928,8.189912845846266,7.588663991075009,0.05385917192324996,7.534804819151759,0.0,14.155467344676383,2.7740293614686014,30.71558196249915,0.0,1004.7353812406035,298.7013333989739,398.02343130091333,25.688967838006842,241.96499948571875
1155,94,0.0,-17.594803043277455,-0.628322514099906,-1.1300775636564833,0.05597248415121359,0.0011948778992518783,11.316255442332476,10.502308425027877,0.0804371633566916,10.421871261671185,0.0,25.080190668588404,3.6905439917163605,34.47546589042611,0.0,1522.477719956794,172.2352765004039,226.28750325178166,88.92255050263313,74.81303847290549
1156,86,0.0,-17.823186475127862,-0.6347391919043163,-0.9832009831995836,0.10910401445531036,0.00036301647196523845,10.729717647191137,9.977265374734998,0.07376448065042496,9.903500894084573,0.0,27.763578977714804,2.399514488032982,38.55449403299625,0.0,1392.4890034205514,330.8087114314063,439.2754465047981,81.50529274539251,209.417976621544
1157,69,0.0,-17.424351513369864,-0.23706950290834167,-0.8437071357475479,0.01801476505672562,0.006770686712116003,9.102128739934415,8.39904283406213,0.059172642417252064,8.339870191644877,0.0,1.4390449525154143,0.09627566385157721,32.45684754715702,0.0,1117.8101988200276,54.97703535202842,72.55210888446243,21.32134315069075,21.274334351529227
1158,70,0.0,-17.912776440217986,-0.5438714515996294,-0.8427857973286575,0.09745534998065816,0.011938260868191719,10.457394968252629,9.782745844684541,0.0598608716391027,9.722884973045439,0.0,7.48784490227869,1.8809480667999452,34.697081114699124,0.0,1134.2968345878419,298.0895388140153,393.6850240432832,106.77005460669075,93.36392424006017
1159,79,0.0,-17.78641257225679,-0.594686689132717,-0.9620392457825796,0.09693922368573703,0.01213177852332592,10.51520079234615,9.751945436932147,0.06682258890941739,9.68512284802273,0.0,22.86540881948751,2.802123702302569,35.167297041821605,0.0,1280.8332981660467,296.167748631083,390.81700528821193,68.66380585037255,263.43694102843136
1160,99,0.0,-17.47109039878462,-0.6443049789952638,-1.1328317283362477,0.06493319093820628,0.011556440964341164,10.4278983050026,9.60603818204254,0.08393960492685437,9.522098577115685,0.0,24.759198032760963,2.8150461474234056,38.50006753022058,0.0,1602.112068395086,204.43301855488693,263.26937566516466,114.53994715431578,124.79990345230945
1161,74,0.0,-18.07563547868425,-0.5893161828348633,-0.8611375858931951,0.13934005296769117,0.011606680229306221,9.256396770942956,8.598787565715611,0.06317647732794285,8.535611088387668,0.0,18.612793227685373,2.7468588711161557,36.49009795972666,0.0,1198.0246148382532,421.16411946783734,561.0266634000776,86.24314409823428,267.36873011447796
1162,67,0.0,-17.883597423278704,-0.4864507532195067,-0.8070648509294361,0.0654631322031933,0.01206669770181179,9.302048561163247,8.649147337768227,0.05750391213223338,8.591643425635993,0.0,7.777878441386657,1.9365109820970368,31.105575041193706,0.0,1084.3873522660385,201.08418934074317,263.91048106212037,71.56089104087386,7.330795582990177
1163,97,0.0,-17.726304019448207,-0.690846978718415,-1.0733196869826003,0.12995369456804384,0.0004247367032803595,12.107382148038596,11.272599286865443,0.08252960257232189,11.190069684293121,0.0,21.57100364806668,3.904835139660326,38.84442062317082,0.0,1568.453614191083,395.9986019324573,523.7382205331264,93.53848694350117,201.94024810483026
1164,78,0.0,-17.726403650999977,-0.6144804269054845,-0.8869200689405577,0.08462371940792038,0.022829419001936913,10.423652752302587,9.710183530580252,0.06653355900198221,9.64364997157827,0.0,12.53185909037126,1.249198577943831,37.220772108857716,0.0,1261.9431972233021,255.86263384451902,341.33989027891784,80.52024691981018,168.63540619032213
1165,102,0.0,-17.631052241841545,-0.7830430936865592,-1.2168430534042054,0.08008079058224743,0.0063468352891504765,10.524466328788549,9.693254834041,0.08636048808693886,9.60689434595406,0.0,21.764099253706647,3.6372999797407295,37.98150189058346,0.0,1653.2498645373632,248.106123186328,324.54557808899784,107.63595929584511,51.16318838970332
1166,59,0.0,-18.028587045066054,-0.4969068534100742,-0.7320610317636491,0.09149795324366873,0.022305339574813843,8.6683887001127,8.070280599873513,0.05136169120669365,8.01891890866682,0.0,24.7778330564924,1.9561175277330631,31.331687956758163,0.0,956.2197177178633,279.84306934956294,369.3124446754364,74.81981294300917,194.83697619813515
1167,77,0.0,-17.806653188974604,-0.6609545436363575,-0.9331447340002587,0.05672696724847599,0.01821475476026535,9.777341806795448,9.041855114046484,0.06573509750887752,8.976120016537607,0.0,21.786867041873897,2.298650334793893,32.9561437653423,0.0,1246.9070502725674,175.20421238422995,229.55374951455212,81.88344805309379,37.370708676241854
1168,59,0.0,-17.830869656169476,-0.393519090003277,-0.7454873488469898,0.07026413089858469,0.0014020418748259544,9.233902045991272,8.628570803906769,0.05063618905842304,8.577934614848346,0.0,9.345050233451744,1.329722773579162,30.365820818515566,0.0,956.6129109004053,214.21793297666935,282.55871391191545,56.11355266905188,161.14035892858084
1169,119,0.0,-17.515304603198306,-0.8559580227449816,-1.2813410251897,0.13837177715346496,0.017527485266327858,13.653855395969003,12.71994247380644,0.10032751597464085,12.6196149578318,0.0,21.064923159383078,5.772382537628173,39.296188516741445,0.0,1923.6102304468814,418.4291004180439,557.7697223514215,108.26921538842471,301.09921994232104
1170,720,66.60189719953122,-6.020027865985142,-3.232490366460151,-2.3680549277445455,0.17501239628391607,0.012004831805825233,39.48634762316942,34.92435053084046,0.5971626732498407,34.327187857590616,0.0,40.00761848318121,20.132004322541732,35.48880550450447,22.755770052690615,11582.536345722774,517.2222734522834,711.1946210010244,574.9705761112355,96.87618931820333
1171,89,0.0,-17.477185734629387,-0.6123485318868843,-0.9907001523349648,0.045061641885483665,0.01779002696275711,14.356585195753723,13.537720017135143,0.07719299476593733,13.460527022369206,0.0,4.194701836443035,0.5855174530843759,39.513658338143244,0.0,1439.8283123056826,142.72963632313935,182.61204475177468,110.93094367946081,58.90714459732229
1172,65,0.0,-18.01523324277777,-0.546284042180246,-0.7630898892738947,0.13937923868000845,0.001097286120057106,9.81179342418909,9.164939807262272,0.05574794299900532,9.109191864263266,0.0,13.846990148678717,1.6728158317016304,35.42778438255207,0.0,1052.676316090405,418.8149974409409,560.6323995985713,78.88697755985116,425.00286652899416
1173,94,0.0,-17.881292810396598,-0.7496603764071106,-1.1944374487241691,0.09803028060814695,0.0007855091243982315,10.496534870937467,9.695258256979287,0.07946009607985616,9.61579816089943,0.0,24.166234492804765,4.55066665224857,34.151407147955126,0.0,1527.9981514904837,300.93013215560165,395.6792063697408,94.29175008927278,149.05820803653862
1174,78,0.0,-17.784695803491893,-0.6022635878587673,-0.9041983017195961,0.07848102826895702,0.005692154169082642,10.554832602851093,9.83861984917894,0.06660024309530854,9.772019606083632,0.0,14.577182611010741,1.7629952350781837,35.95828001229734,0.0,1262.280471104274,242.78683712183263,317.10106840273886,126.07104091771946,22.700851388843425
1175,81,0.0,-18.01816053572002,-0.618313422216983,-1.0904686591577528,0.08216144598553896,0.0063671390525996685,9.333060530945659,8.591180182993412,0.06877002445980906,8.522410158533603,0.0,15.47017090137411,3.9782615424170236,31.877276607424566,0.0,1320.1166611257556,251.22191067401624,331.10706407390376,70.51543796411084,179.06016795829166
1176,68,0.0,-17.74936794702966,-0.4128878251876204,-0.8698183294140402,0.0660690934050239,0.0055060312151908875,9.080514525994658,8.415707000996917,0.058241914957761765,8.357465086039156,0.0,19.142581814912727,2.9203414395653673,30.23797563003375,0.0,1103.373425811662,205.3329611328597,266.2564528388251,54.11823725125537,202.1631133460664
1177,64,0.0,-17.991844387655096,-0.5464924283317366,-0.7763159732878622,0.09795729593827873,0.0009732940816320479,9.120563073083758,8.467820712830871,0.05479686614125967,8.413023846689612,0.0,16.5316251382588,1.9543823172323849,32.64058995117777,0.0,1036.5720001763525,295.82519227844546,393.6600458993342,40.70115037505771,115.11725835773659
1178,78,0.0,-17.812472271588522,-0.6483829170235856,-0.9512165277168869,0.04809835453503374,0.024128038436174393,7.113010602071881,6.4279022589325905,0.06591720832511783,6.361985050607473,0.0,18.88272999814006,2.192685278712248,32.65875634796437,0.0,1263.2799595547363,148.5984980656785,193.37264615299267,24.664894658419517,102.10223696357112
1179,70,0.0,-17.746491826051606,-0.5123198279768687,-0.8757199372666847,0.045825214957430964,0.013097683899104595,9.249840771313757,8.617233359254897,0.059946343302726746,8.55728701595217,0.0,9.602407081443879,2.2136301711155544,30.697743679842617,0.0,1134.700031789322,141.84748437563388,184.60809821553383,37.990391107770584,146.38104381927187
1180,78,0.0,-17.79319022481234,-0.5995270496032016,-0.9156221413597518,0.08994627969303574,0.012172301299870014,10.532443465199322,9.808719010092318,0.06670435424894094,9.742014655843377,0.0,17.20754156864783,1.7879387706366932,36.14734831301323,0.0,1263.0447791838792,269.1818726726932,361.4115209988216,45.62437672424925,43.46181972618885
1181,76,0.0,-17.841493895698715,-0.4534752091364485,-0.8745581732799581,0.13178624135671035,0.012045861221849918,8.906701834872365,8.194655044935644,0.06476690294221044,8.129888141993433,0.0,23.220383490296673,3.9840105678521263,33.84650961833316,0.0,1229.0579597438466,396.86372072977395,529.168675028907,60.834372406488114,297.61636899848696
1182,100,0.0,-17.82913233621276,-0.7369467746736522,-1.1790734507729472,0.10727212430027523,0.017555225640535355,11.276738295331597,10.395241337828338,0.08517801994457841,10.31006331788376,0.0,18.00173519787937,5.002867934811911,35.179580652554826,0.0,1619.559003091097,324.55856751305646,431.16080504290466,61.972019284368145,133.47663248176585
1183,117,0.0,-17.43777576068022,-0.842077182645927,-1.2786224882913166,0.08504716246262833,0.006268871948122978,11.350077481009066,10.396088900975883,0.09923309227451682,10.296855808701366,0.0,19.32216016433969,5.086636722922796,38.021123094912696,0.0,1892.4327955904532,261.89548727110014,343.9138000662572,168.79604410662125,50.707387511922995
1184,80,0.0,-17.62984655471018,-0.530280504173576,-0.9512777019109657,0.06126696561926839,0.024140067398548126,7.699541087262332,6.981840769294649,0.0677311159670353,6.914109653327614,0.0,12.402180272819798,1.7333743618748407,35.0661542591769,0.0,1295.4415263088802,188.42301987285578,246.79844560182522,47.84674692089901,89.46802850162614
1185,217,0.0,-16.937493033984072,-1.2465126161669873,-2.651923557517765,0.2092577415789052,0.019032970070838928,19.242885190062225,17.734390064142644,0.18154657306149602,17.55284349108115,0.0,38.86995383900541,11.484290076274817,31.13420746925188,0.0,3512.865440732274,648.2975363101258,845.4052936618903,232.4650314885594,126.99660900572003
1186,97,0.0,-17.520094573785723,-0.6532843644164684,-1.1327509065082912,0.0796137832739263,0.012387842871248722,12.066185993142426,11.227743587922305,0.08274629199877381,11.144997295923531,0.0,27.22596260083131,3.5676143544938066,37.09460970284109,0.0,1570.3454994147176,244.1445063326699,320.09643699635564,44.07701851136511,269.21674114398024
1187,84,0.0,-17.684583145523998,-0.5763101981687899,-1.0013990185513166,0.07981109781558618,0.014926433563232422,10.03691780520603,9.26483077602461,0.07159178517758846,9.193238990847021,0.0,21.926203697175357,2.6077264912855123,35.65232973567285,0.0,1360.3548234631826,246.2345899981709,323.0107057618789,110.27025766216133,101.63658031258572
1188,140,0.0,-17.35037892276395,-0.925171122685089,-1.6989173471364154,0.14038813514280718,0.012713680043816566,14.569079439155757,13.453667782712728,0.11828042985871434,13.335387352854013,0.0,34.28976206781663,7.223865955481082,37.684863077632066,0.0,2272.4849456797033,424.7669599365205,564.2248680457428,166.488244830053,389.49313383687047
1189,67,0.0,-17.731681927315236,-0.4520554272208801,-0.8528422273404873,0.05435415620099452,0.01605030708014965,9.968771730083972,9.295431972946972,0.057543978560715914,9.237887994386256,0.0,8.394889195305506,1.6837274324040818,31.109313490918034,0.0,1087.0059648334382,166.1697291848567,218.4018411312964,25.304885717385773,141.43798231173758
1190,96,0.0,-17.602086400550228,-0.7005679557184454,-1.1288717603415273,0.07422535109529665,0.0004922252264805138,9.916959462687373,9.064995985012501,0.08144057728350163,8.983555407729,0.0,13.680991795951213,3.7218160024989633,35.81607989792582,0.0,1553.3915089125837,228.53519897014576,299.5160371838483,90.11254643769921,114.4588741598584
1191,96,0.0,-17.502550364959045,-0.6447964109675739,-1.1265887609649323,0.0700747092446447,0.008282788097858429,11.08567570708692,10.255440230015665,0.08152946969494224,10.173910760320723,0.0,12.826873703075318,3.0938597626446445,37.123787443393354,0.0,1554.6912546308931,219.9545324656718,283.25275099360385,140.8464490576179,74.81180767088739
1192,69,0.0,-17.836656277711235,-0.567788475078025,-0.8374626394545103,0.05477770940121041,0.018450859934091568,10.228659513872117,9.56556570995599,0.0592495696619153,9.506316140294075,0.0,5.733777900499545,0.9430159614892187,33.00053731719361,0.0,1117.7962005939467,173.4766639821297,222.12313210797973,99.79312283441968,75.35967617359478
1193,97,0.0,-17.704057619773742,-0.7589700735066721,-1.1217937892837146,0.07351587169673984,0.01715686358511448,11.830653237178922,11.017751540988684,0.08307265304028988,10.934678887948394,0.0,13.207854721418192,2.9766578517283073,38.015217632459866,0.0,1570.8534093429091,229.34132721891947,297.09995392577315,150.34640986867575,30.305406462721297
1194,82,0.0,-17.519525845073055,-0.5203854480812554,-0.9783137562165026,0.03196442287773466,0.017390737310051918,10.106039713136852,9.371567686088383,0.07011654134839773,9.301451144739985,0.0,6.9210245368188765,1.0654464093831022,35.46595970594244,0.0,1328.2099996736745,98.40444507067785,128.60887385491495,20.61182913710151,110.0582881535319
1195,67,0.0,-17.86019177993488,-0.52654742208594,-0.8620218846640686,0.07912765593910528,0.031052859500050545,8.29109516972676,7.660057738889009,0.057156236842274666,7.602901502046734,0.0,24.9293212279702,3.299546119127296,30.182577655316855,0.0,1087.7968288952582,242.47772564024908,318.3795848014756,44.3842406577769,214.7051761478674
1196,58,0.0,-18.143325402496817,-0.4393929677462528,-0.7367359471524203,0.12197609528900072,0.012209717184305191,6.998888048809022,6.430179852060974,0.04951119422912598,6.380668657831848,0.0,18.371917768356123,3.193262937641698,30.28401630067801,0.0,940.8580953808357,366.98653791632773,490.27449472731587,54.010268023979506,220.445243977991
1197,720,78.72432355262212,-5.916589460002386,-3.204700884089237,-2.208357315292693,0.17821117569599057,0.005612190347164869,32.18948851991445,27.662500991951674,0.5960643538273871,27.066436638124287,0.0,41.42193746798957,18.69366284982253,38.89483189628382,28.62277000250358,11582.399999999889,498.1456528074216,720.087371998325,464.8627539429282,270.5147210181504
1198,82,0.0,-17.696931415674378,-0.5589282637939009,-0.9243036894608306,0.11618729360986252,0.0004338508297223598,10.124744849745184,9.411301225889474,0.06950745498761535,9.341793770901859,0.0,22.81057276697663,2.1415080533674984,38.679881811544924,0.0,1326.8794131103714,351.1827840820821,468.70592011931006,94.964125944543,243.48027696768952
1199,83,0.0,-17.75702944198888,-0.5637471104899999,-0.8989710719363829,0.11947290275837963,0.019334260374307632,10.063585404772311,9.336564267985523,0.07071280479431152,9.265851463191211,0.0,13.405518176873333,2.3410479451916215,38.774145021563925,0.0,1341.873360537269,360.50626584496575,481.6832011845008,101.1638906493469,26.7374142491144
1200,80,0.0,-17.571088545655815,-0.47877790104820384,-0.9094418307373604,0.052621053692066384,0.01510851364582777,11.471507854759693,10.701238025911152,0.06916116178035736,10.632076864130795,0.0,8.426197026322054,0.9239270987695246,36.39949673789783,0.0,1294.0022147740121,167.51556969140915,213.6609409782796,143.7159978462437,40.374669504010726
