Placing Sensors
File header (hex): 49492a00
Successfully loaded topography: (801, 801)
Placing Sensors
[Episode 1/1000] Steps: 720 | Reward:   13.22 | Battery:  79.87% | Loss: 
Placing Sensors
[Episode 2/1000] Steps: 720 | Reward:   25.40 | Battery:  79.62% | Loss: 
Placing Sensors
[Episode 3/1000] Steps: 720 | Reward:   10.12 | Battery:  79.68% | Loss: 
Placing Sensors
[Episode 4/1000] Steps: 720 | Reward:   13.90 | Battery:  79.71% | Loss: 
Placing Sensors
Policy 0.1305 | Value 122.6011 | Lyap 0.0895 | Dynamics 3.5403 | Barrier 0.3952 | KL 0.38228 | CF 0.6094
[Episode 5/1000] Steps: 720 | Reward:   15.62 | Battery:  79.68% | Loss: 61.4126
Placing Sensors
[Episode 6/1000] Steps: 720 | Reward:   32.53 | Battery:  79.43% | Loss: 
Placing Sensors
[Episode 7/1000] Steps: 720 | Reward:   27.94 | Battery:  79.14% | Loss: 
Placing Sensors
[Episode 8/1000] Steps: 720 | Reward:   31.79 | Battery:  79.35% | Loss: 
Placing Sensors
[Episode 9/1000] Steps: 720 | Reward:   45.64 | Battery:  79.19% | Loss: 
Placing Sensors
Policy 0.1024 | Value 105.4543 | Lyap 0.0813 | Dynamics 3.5829 | Barrier 0.5968 | KL 0.24074 | CF 0.4617
[Episode 10/1000] Steps: 720 | Reward:   38.12 | Battery:  79.06% | Loss: 52.8112
Placing Sensors
[Episode 11/1000] Steps: 720 | Reward:   44.19 | Battery:  78.65% | Loss: 
Placing Sensors
[Episode 12/1000] Steps: 720 | Reward:   39.63 | Battery:  78.40% | Loss: 
Placing Sensors
[Episode 13/1000] Steps: 720 | Reward:   29.58 | Battery:  78.91% | Loss: 
Placing Sensors
[Episode 14/1000] Steps: 720 | Reward:   41.98 | Battery:  78.90% | Loss: 
Placing Sensors
Policy 0.0811 | Value 68.0204 | Lyap 0.0857 | Dynamics 3.6522 | Barrier 0.6640 | KL 0.20931 | CF 0.4306
[Episode 15/1000] Steps: 720 | Reward:   44.20 | Battery:  78.97% | Loss: 34.0729
Placing Sensors
[Episode 16/1000] Steps: 720 | Reward:   21.01 | Battery:  78.67% | Loss: 
Placing Sensors
[Episode 17/1000] Steps: 720 | Reward:   26.50 | Battery:  78.65% | Loss: 
Placing Sensors
[Episode 18/1000] Steps: 720 | Reward:   29.52 | Battery:  78.36% | Loss: 
Placing Sensors
[Episode 19/1000] Steps: 720 | Reward:   29.06 | Battery:  78.71% | Loss: 
Placing Sensors
Policy 0.0746 | Value 27.4035 | Lyap 0.0865 | Dynamics 3.7090 | Barrier 0.7811 | KL 0.25210 | CF 0.4764
[Episode 20/1000] Steps: 720 | Reward:   33.53 | Battery:  78.68% | Loss: 13.7579
Placing Sensors
[Episode 21/1000] Steps: 720 | Reward:   13.53 | Battery:  78.40% | Loss: 
Placing Sensors
[Episode 22/1000] Steps: 720 | Reward:   21.39 | Battery:  78.49% | Loss: 
Placing Sensors
[Episode 23/1000] Steps: 720 | Reward:   19.21 | Battery:  78.69% | Loss: 
Placing Sensors
[Episode 24/1000] Steps: 720 | Reward:   22.98 | Battery:  78.58% | Loss: 
Placing Sensors
Policy 0.0987 | Value 23.3812 | Lyap 0.0870 | Dynamics 3.8946 | Barrier 0.7786 | KL 0.27277 | CF 0.4925
[Episode 25/1000] Steps: 720 | Reward:   18.51 | Battery:  78.52% | Loss: 11.7709
Placing Sensors
[Episode 26/1000] Steps: 720 | Reward:   22.17 | Battery:  78.47% | Loss: 
Placing Sensors
[Episode 27/1000] Steps: 720 | Reward:    9.26 | Battery:  78.55% | Loss: 
Placing Sensors
[Episode 28/1000] Steps: 720 | Reward:   11.51 | Battery:  78.51% | Loss: 
Placing Sensors
[Episode 29/1000] Steps: 720 | Reward:   15.88 | Battery:  78.66% | Loss: 
Placing Sensors
Policy 0.1002 | Value 26.3565 | Lyap 0.0823 | Dynamics 4.0364 | Barrier 0.8022 | KL 0.27289 | CF 0.4856
[Episode 30/1000] Steps: 720 | Reward:   18.71 | Battery:  78.54% | Loss: 13.2601
Placing Sensors
[Episode 31/1000] Steps: 720 | Reward:    4.98 | Battery:  78.60% | Loss: 
Placing Sensors
[Episode 32/1000] Steps: 720 | Reward:    5.38 | Battery:  78.39% | Loss: 
Placing Sensors
[Episode 33/1000] Steps: 720 | Reward:   11.22 | Battery:  78.62% | Loss: 
Placing Sensors
[Episode 34/1000] Steps: 720 | Reward:    4.08 | Battery:  78.54% | Loss: 
Placing Sensors
Policy 0.0646 | Value 25.2838 | Lyap 0.0770 | Dynamics 4.0150 | Barrier 0.9398 | KL 0.26564 | CF 0.4694
[Episode 35/1000] Steps: 720 | Reward:    1.12 | Battery:  78.46% | Loss: 12.6881
Placing Sensors
[Episode 36/1000] Steps: 720 | Reward:   -2.62 | Battery:  78.61% | Loss: 
Placing Sensors
[Episode 37/1000] Steps: 720 | Reward:   -2.03 | Battery:  78.16% | Loss: 
Placing Sensors
[Episode 38/1000] Steps: 720 | Reward:   -0.77 | Battery:  78.61% | Loss: 
Placing Sensors
[Episode 39/1000] Steps: 720 | Reward:    1.79 | Battery:  78.44% | Loss: 
Placing Sensors
Policy 0.0909 | Value 20.3344 | Lyap 0.0714 | Dynamics 3.9461 | Barrier 1.1506 | KL 0.24969 | CF 0.4597
[Episode 40/1000] Steps: 720 | Reward:    2.33 | Battery:  78.85% | Loss: 10.2397
Placing Sensors
[Episode 41/1000] Steps: 720 | Reward:   -4.56 | Battery:  78.34% | Loss: 
Placing Sensors
[Episode 42/1000] Steps: 720 | Reward:   -2.72 | Battery:  78.36% | Loss: 
Placing Sensors
[Episode 43/1000] Steps: 720 | Reward:   -7.96 | Battery:  78.70% | Loss: 
Placing Sensors
[Episode 44/1000] Steps: 720 | Reward:    2.65 | Battery:  78.19% | Loss: 
Placing Sensors
Policy 0.0702 | Value 14.8687 | Lyap 0.0783 | Dynamics 3.9213 | Barrier 1.3430 | KL 0.26707 | CF 0.4675
[Episode 45/1000] Steps: 720 | Reward:   -1.64 | Battery:  78.40% | Loss: 7.4861
Placing Sensors
[Episode 46/1000] Steps: 720 | Reward:    4.64 | Battery:  78.36% | Loss: 
Placing Sensors
[Episode 47/1000] Steps: 720 | Reward:    2.95 | Battery:  78.36% | Loss: 
Placing Sensors
[Episode 48/1000] Steps: 720 | Reward:   -0.26 | Battery:  78.47% | Loss: 
Placing Sensors
[Episode 49/1000] Steps: 720 | Reward:    2.09 | Battery:  78.27% | Loss: 
Placing Sensors
Policy 0.1065 | Value 15.8435 | Lyap 0.0818 | Dynamics 3.9511 | Barrier 1.4806 | KL 0.27693 | CF 0.4728
[Episode 50/1000] Steps: 720 | Reward:    6.31 | Battery:  78.40% | Loss: 8.0099
Placing Sensors
[Episode 51/1000] Steps: 720 | Reward:    3.46 | Battery:  78.62% | Loss: 
Placing Sensors
[Episode 52/1000] Steps: 720 | Reward:   -2.74 | Battery:  78.47% | Loss: 
Placing Sensors
[Episode 53/1000] Steps: 720 | Reward:    2.96 | Battery:  78.44% | Loss: 
Placing Sensors
[Episode 54/1000] Steps: 720 | Reward:    0.91 | Battery:  78.57% | Loss: 
Placing Sensors
Policy 0.0913 | Value 17.5592 | Lyap 0.0864 | Dynamics 3.9795 | Barrier 1.5258 | KL 0.29929 | CF 0.4617
[Episode 55/1000] Steps: 720 | Reward:    1.38 | Battery:  78.36% | Loss: 8.8525
Placing Sensors
[Episode 56/1000] Steps: 720 | Reward:    7.81 | Battery:  78.20% | Loss: 
Placing Sensors
[Episode 57/1000] Steps: 720 | Reward:    5.75 | Battery:  78.48% | Loss: 
Placing Sensors
[Episode 58/1000] Steps: 720 | Reward:    8.68 | Battery:  78.38% | Loss: 
Placing Sensors
[Episode 59/1000] Steps: 720 | Reward:    6.04 | Battery:  78.48% | Loss: 
Placing Sensors
Policy 0.1061 | Value 17.9948 | Lyap 0.0873 | Dynamics 4.0227 | Barrier 1.5114 | KL 0.28955 | CF 0.4575
[Episode 60/1000] Steps: 720 | Reward:    8.28 | Battery:  78.42% | Loss: 9.0850
Placing Sensors
[Episode 61/1000] Steps: 720 | Reward:   10.79 | Battery:  78.37% | Loss: 
Placing Sensors
[Episode 62/1000] Steps: 720 | Reward:    7.07 | Battery:  78.34% | Loss: 
Placing Sensors
[Episode 63/1000] Steps: 720 | Reward:    6.75 | Battery:  78.41% | Loss: 
Placing Sensors
[Episode 64/1000] Steps: 720 | Reward:    6.23 | Battery:  78.30% | Loss: 
Placing Sensors
Policy 0.1078 | Value 17.5560 | Lyap 0.0792 | Dynamics 4.1221 | Barrier 1.4833 | KL 0.26292 | CF 0.4517
[Episode 65/1000] Steps: 720 | Reward:    9.47 | Battery:  78.38% | Loss: 8.8674
Placing Sensors
[Episode 66/1000] Steps: 720 | Reward:   12.09 | Battery:  78.33% | Loss: 
Placing Sensors
[Episode 67/1000] Steps: 720 | Reward:   15.43 | Battery:  78.56% | Loss: 
Placing Sensors
[Episode 68/1000] Steps: 720 | Reward:   13.20 | Battery:  78.57% | Loss: 
Placing Sensors
[Episode 69/1000] Steps: 720 | Reward:   13.56 | Battery:  78.54% | Loss: 
Placing Sensors
Policy 0.0889 | Value 20.2540 | Lyap 0.0733 | Dynamics 4.2992 | Barrier 1.3887 | KL 0.29093 | CF 0.4431
[Episode 70/1000] Steps: 720 | Reward:   13.15 | Battery:  78.30% | Loss: 10.1975
Placing Sensors
[Episode 71/1000] Steps: 720 | Reward:   20.24 | Battery:  78.34% | Loss: 
Placing Sensors
[Episode 72/1000] Steps: 720 | Reward:   28.01 | Battery:  78.31% | Loss: 
Placing Sensors
[Episode 73/1000] Steps: 720 | Reward:   20.25 | Battery:  78.35% | Loss: 
Placing Sensors
[Episode 74/1000] Steps: 720 | Reward:   22.78 | Battery:  78.40% | Loss: 
Placing Sensors
Policy 0.0933 | Value 21.4091 | Lyap 0.0712 | Dynamics 4.5056 | Barrier 1.2939 | KL 0.25376 | CF 0.4089
[Episode 75/1000] Steps: 720 | Reward:   21.96 | Battery:  78.50% | Loss: 10.7794
Placing Sensors
[Episode 76/1000] Steps: 720 | Reward:   28.28 | Battery:  78.49% | Loss: 
Placing Sensors
[Episode 77/1000] Steps: 720 | Reward:   31.42 | Battery:  78.32% | Loss: 
Placing Sensors
[Episode 78/1000] Steps: 720 | Reward:   34.96 | Battery:  78.52% | Loss: 
Placing Sensors
[Episode 79/1000] Steps: 720 | Reward:   31.26 | Battery:  78.29% | Loss: 
Placing Sensors
Policy 0.0855 | Value 29.0382 | Lyap 0.0645 | Dynamics 4.7540 | Barrier 1.1779 | KL 0.18299 | CF 0.3817
[Episode 80/1000] Steps: 720 | Reward:   34.03 | Battery:  78.42% | Loss: 14.5861
Placing Sensors
[Episode 81/1000] Steps: 720 | Reward:   38.95 | Battery:  78.32% | Loss: 
Placing Sensors
[Episode 82/1000] Steps: 720 | Reward:   43.18 | Battery:  78.46% | Loss: 
Placing Sensors
[Episode 83/1000] Steps: 720 | Reward:   38.79 | Battery:  78.35% | Loss: 
Placing Sensors
[Episode 84/1000] Steps: 720 | Reward:   37.09 | Battery:  78.42% | Loss: 
Placing Sensors
Policy 0.0516 | Value 32.3050 | Lyap 0.0600 | Dynamics 5.0511 | Barrier 1.0543 | KL 0.15119 | CF 0.3369
[Episode 85/1000] Steps: 720 | Reward:   37.99 | Battery:  78.46% | Loss: 16.1856
Placing Sensors
[Episode 86/1000] Steps: 720 | Reward:   46.48 | Battery:  78.57% | Loss: 
Placing Sensors
[Episode 87/1000] Steps: 720 | Reward:   47.62 | Battery:  78.41% | Loss: 
Placing Sensors
[Episode 88/1000] Steps: 720 | Reward:   52.43 | Battery:  78.07% | Loss: 
Placing Sensors
[Episode 89/1000] Steps: 720 | Reward:   55.99 | Battery:  78.41% | Loss: 
Placing Sensors
Policy 0.0269 | Value 38.9100 | Lyap 0.0593 | Dynamics 5.3859 | Barrier 0.9344 | KL 0.08763 | CF 0.2561
[Episode 90/1000] Steps: 720 | Reward:   48.67 | Battery:  78.35% | Loss: 19.4635
Placing Sensors
[Episode 91/1000] Steps: 720 | Reward:   54.41 | Battery:  78.60% | Loss: 
Placing Sensors
[Episode 92/1000] Steps: 720 | Reward:   51.84 | Battery:  78.29% | Loss: 
Placing Sensors
[Episode 93/1000] Steps: 720 | Reward:   50.97 | Battery:  78.25% | Loss: 
Placing Sensors
[Episode 94/1000] Steps: 720 | Reward:   52.80 | Battery:  78.56% | Loss: 
Placing Sensors
Policy 0.0171 | Value 38.8640 | Lyap 0.0555 | Dynamics 5.7209 | Barrier 0.8590 | KL 0.04495 | CF 0.1511
[Episode 95/1000] Steps: 720 | Reward:   56.43 | Battery:  78.47% | Loss: 19.4307
Placing Sensors
[Episode 96/1000] Steps: 720 | Reward:   57.32 | Battery:  78.44% | Loss: 
Placing Sensors
[Episode 97/1000] Steps: 720 | Reward:   56.76 | Battery:  78.23% | Loss: 
Placing Sensors
[Episode 98/1000] Steps: 720 | Reward:   53.11 | Battery:  78.50% | Loss: 
Placing Sensors
[Episode 99/1000] Steps: 720 | Reward:   58.19 | Battery:  78.38% | Loss: 
Placing Sensors
Policy 0.0071 | Value 37.8495 | Lyap 0.0539 | Dynamics 6.0759 | Barrier 0.8130 | KL 0.01146 | CF 0.0819
[Episode 100/1000] Steps: 720 | Reward:   55.76 | Battery:  78.30% | Loss: 19.2632
Placing Sensors
[Episode 101/1000] Steps: 720 | Reward:   55.24 | Battery:  78.29% | Loss: 
Placing Sensors
[Episode 102/1000] Steps: 720 | Reward:   61.78 | Battery:  78.46% | Loss: 
Placing Sensors
[Episode 103/1000] Steps: 720 | Reward:   58.85 | Battery:  78.40% | Loss: 
Placing Sensors
[Episode 104/1000] Steps: 720 | Reward:   55.92 | Battery:  78.37% | Loss: 
Placing Sensors
Policy 0.0013 | Value 39.4763 | Lyap 0.0505 | Dynamics 6.3293 | Barrier 0.6847 | KL 0.00416 | CF 0.0353
[Episode 105/1000] Steps: 720 | Reward:   60.23 | Battery:  78.40% | Loss: 20.0768
Placing Sensors
[Episode 106/1000] Steps: 720 | Reward:   57.48 | Battery:  78.34% | Loss: 
Placing Sensors
[Episode 107/1000] Steps: 720 | Reward:   62.97 | Battery:  78.50% | Loss: 
Placing Sensors
[Episode 108/1000] Steps: 720 | Reward:   64.21 | Battery:  78.40% | Loss: 
Placing Sensors
[Episode 109/1000] Steps: 720 | Reward:   65.92 | Battery:  78.45% | Loss: 
Placing Sensors
Policy 0.0013 | Value 38.4780 | Lyap 0.0446 | Dynamics 6.5751 | Barrier 0.5069 | KL 0.00168 | CF 0.0117
[Episode 110/1000] Steps: 720 | Reward:   55.43 | Battery:  78.31% | Loss: 19.5804
Placing Sensors
[Episode 111/1000] Steps: 720 | Reward:   58.61 | Battery:  78.52% | Loss: 
Placing Sensors
[Episode 112/1000] Steps: 720 | Reward:   59.25 | Battery:  78.36% | Loss: 
Placing Sensors
[Episode 113/1000] Steps: 720 | Reward:   56.70 | Battery:  78.45% | Loss: 
Placing Sensors
[Episode 114/1000] Steps: 720 | Reward:   59.34 | Battery:  78.46% | Loss: 
Placing Sensors
Policy -0.0000 | Value 37.3486 | Lyap 0.0409 | Dynamics 6.5692 | Barrier 0.3608 | KL -0.00017 | CF 0.0083
[Episode 115/1000] Steps: 720 | Reward:   56.50 | Battery:  78.47% | Loss: 19.0064
Placing Sensors
[Episode 116/1000] Steps: 720 | Reward:   57.25 | Battery:  78.47% | Loss: 
Placing Sensors
[Episode 117/1000] Steps: 720 | Reward:   54.68 | Battery:  78.47% | Loss: 
Placing Sensors
[Episode 118/1000] Steps: 720 | Reward:   59.39 | Battery:  78.47% | Loss: 
Placing Sensors
[Episode 119/1000] Steps: 720 | Reward:   52.70 | Battery:  78.52% | Loss: 
Placing Sensors
Policy -0.0002 | Value 40.0278 | Lyap 0.0365 | Dynamics 6.4578 | Barrier 0.2562 | KL 0.00008 | CF 0.0025
[Episode 120/1000] Steps: 720 | Reward:   57.34 | Battery:  78.52% | Loss: 20.3346
Placing Sensors
[Episode 121/1000] Steps: 720 | Reward:   61.13 | Battery:  78.51% | Loss: 
Placing Sensors
[Episode 122/1000] Steps: 720 | Reward:   62.21 | Battery:  78.46% | Loss: 
Placing Sensors
[Episode 123/1000] Steps: 720 | Reward:   61.89 | Battery:  78.34% | Loss: 
Placing Sensors
[Episode 124/1000] Steps: 720 | Reward:   56.90 | Battery:  78.46% | Loss: 
Placing Sensors
Policy 0.0001 | Value 40.5209 | Lyap 0.0311 | Dynamics 6.2777 | Barrier 0.1712 | KL 0.00049 | CF 0.0017
[Episode 125/1000] Steps: 720 | Reward:   59.08 | Battery:  78.08% | Loss: 20.5676
Placing Sensors
[Episode 126/1000] Steps: 720 | Reward:   63.38 | Battery:  78.14% | Loss: 
Placing Sensors
[Episode 127/1000] Steps: 720 | Reward:   61.75 | Battery:  78.26% | Loss: 
Placing Sensors
[Episode 128/1000] Steps: 720 | Reward:   56.68 | Battery:  78.47% | Loss: 
Placing Sensors
[Episode 129/1000] Steps: 720 | Reward:   57.65 | Battery:  78.49% | Loss: 
Placing Sensors
Policy 0.0011 | Value 39.8595 | Lyap 0.0278 | Dynamics 6.0035 | Barrier 0.1117 | KL -0.00025 | CF 0.0019
[Episode 130/1000] Steps: 720 | Reward:   59.13 | Battery:  78.49% | Loss: 20.2208
Placing Sensors
[Episode 131/1000] Steps: 720 | Reward:   58.72 | Battery:  78.44% | Loss: 
Placing Sensors
[Episode 132/1000] Steps: 720 | Reward:   60.18 | Battery:  78.41% | Loss: 
Placing Sensors
[Episode 133/1000] Steps: 720 | Reward:   61.16 | Battery:  78.40% | Loss: 
Placing Sensors
[Episode 134/1000] Steps: 720 | Reward:   56.81 | Battery:  78.44% | Loss: 
Placing Sensors
Policy 0.0002 | Value 36.8978 | Lyap 0.0256 | Dynamics 5.6797 | Barrier 0.0748 | KL 0.00052 | CF 0.0019
[Episode 135/1000] Steps: 720 | Reward:   56.48 | Battery:  78.43% | Loss: 18.7209
Placing Sensors
[Episode 136/1000] Steps: 720 | Reward:   58.67 | Battery:  78.60% | Loss: 
Placing Sensors
[Episode 137/1000] Steps: 720 | Reward:   61.61 | Battery:  78.51% | Loss: 
Placing Sensors
[Episode 138/1000] Steps: 720 | Reward:   63.11 | Battery:  78.45% | Loss: 
Placing Sensors
[Episode 139/1000] Steps: 720 | Reward:   60.15 | Battery:  78.46% | Loss: 
Placing Sensors
Policy 0.0001 | Value 36.7714 | Lyap 0.0231 | Dynamics 5.3348 | Barrier 0.0411 | KL 0.00040 | CF 0.0075
[Episode 140/1000] Steps: 720 | Reward:   54.75 | Battery:  78.54% | Loss: 18.6384
Placing Sensors
[Episode 141/1000] Steps: 720 | Reward:   58.84 | Battery:  78.46% | Loss: 
Placing Sensors
[Episode 142/1000] Steps: 720 | Reward:   60.93 | Battery:  78.49% | Loss: 
Placing Sensors
[Episode 143/1000] Steps: 720 | Reward:   55.43 | Battery:  78.41% | Loss: 
Placing Sensors
[Episode 144/1000] Steps: 720 | Reward:   61.37 | Battery:  78.37% | Loss: 
Placing Sensors
Policy 0.0019 | Value 32.9899 | Lyap 0.0215 | Dynamics 5.0337 | Barrier 0.0230 | KL 0.00352 | CF 0.0244
[Episode 145/1000] Steps: 720 | Reward:   58.82 | Battery:  78.46% | Loss: 16.7333
Placing Sensors
[Episode 146/1000] Steps: 720 | Reward:   55.73 | Battery:  78.40% | Loss: 
Placing Sensors
[Episode 147/1000] Steps: 720 | Reward:   55.65 | Battery:  78.12% | Loss: 
Placing Sensors
[Episode 148/1000] Steps: 720 | Reward:   54.44 | Battery:  78.17% | Loss: 
Placing Sensors
[Episode 149/1000] Steps: 720 | Reward:   58.84 | Battery:  78.51% | Loss: 
Placing Sensors
Policy 0.0025 | Value 35.2745 | Lyap 0.0192 | Dynamics 4.7601 | Barrier 0.0170 | KL 0.00777 | CF 0.0314
[Episode 150/1000] Steps: 720 | Reward:   55.69 | Battery:  78.50% | Loss: 17.8620
Placing Sensors
[Episode 151/1000] Steps: 720 | Reward:   58.23 | Battery:  78.41% | Loss: 
Placing Sensors
[Episode 152/1000] Steps: 720 | Reward:   58.28 | Battery:  78.50% | Loss: 
Placing Sensors
[Episode 153/1000] Steps: 720 | Reward:   56.42 | Battery:  78.53% | Loss: 
Placing Sensors
[Episode 154/1000] Steps: 720 | Reward:   57.96 | Battery:  78.53% | Loss: 
Placing Sensors
Policy 0.0036 | Value 36.2878 | Lyap 0.0182 | Dynamics 4.5380 | Barrier 0.0153 | KL 0.00899 | CF 0.0439
[Episode 155/1000] Steps: 720 | Reward:   57.98 | Battery:  78.19% | Loss: 18.3585
Placing Sensors
[Episode 156/1000] Steps: 720 | Reward:   56.82 | Battery:  78.42% | Loss: 
Placing Sensors
[Episode 157/1000] Steps: 720 | Reward:   57.43 | Battery:  78.44% | Loss: 
Placing Sensors
[Episode 158/1000] Steps: 720 | Reward:   60.40 | Battery:  78.47% | Loss: 
Placing Sensors
[Episode 159/1000] Steps: 720 | Reward:   58.49 | Battery:  78.26% | Loss: 
Placing Sensors
Policy 0.0017 | Value 32.6566 | Lyap 0.0167 | Dynamics 4.3490 | Barrier 0.0155 | KL 0.00543 | CF 0.0394
[Episode 160/1000] Steps: 720 | Reward:   57.35 | Battery:  78.38% | Loss: 16.5314
Placing Sensors
[Episode 161/1000] Steps: 720 | Reward:   54.30 | Battery:  78.65% | Loss: 
Placing Sensors
[Episode 162/1000] Steps: 720 | Reward:   54.10 | Battery:  78.53% | Loss: 
Placing Sensors
[Episode 163/1000] Steps: 720 | Reward:   56.20 | Battery:  78.57% | Loss: 
Placing Sensors
[Episode 164/1000] Steps: 720 | Reward:   60.23 | Battery:  78.39% | Loss: 
Placing Sensors
Policy 0.0045 | Value 35.8109 | Lyap 0.0154 | Dynamics 4.1972 | Barrier 0.0173 | KL 0.00524 | CF 0.0411
[Episode 165/1000] Steps: 720 | Reward:   58.48 | Battery:  78.20% | Loss: 18.1036
Placing Sensors
[Episode 166/1000] Steps: 720 | Reward:   60.27 | Battery:  78.49% | Loss: 
Placing Sensors
[Episode 167/1000] Steps: 720 | Reward:   54.44 | Battery:  78.49% | Loss: 
Placing Sensors
[Episode 168/1000] Steps: 720 | Reward:   54.55 | Battery:  78.11% | Loss: 
Placing Sensors
[Episode 169/1000] Steps: 720 | Reward:   58.47 | Battery:  78.53% | Loss: 
Placing Sensors
Policy 0.0033 | Value 32.8874 | Lyap 0.0150 | Dynamics 4.0859 | Barrier 0.0158 | KL 0.00699 | CF 0.0253
[Episode 170/1000] Steps: 720 | Reward:   63.40 | Battery:  78.07% | Loss: 16.6350
Placing Sensors
[Episode 171/1000] Steps: 720 | Reward:   61.14 | Battery:  78.50% | Loss: 
Placing Sensors
[Episode 172/1000] Steps: 720 | Reward:   58.51 | Battery:  78.31% | Loss: 
Placing Sensors
[Episode 173/1000] Steps: 720 | Reward:   55.56 | Battery:  78.16% | Loss: 
Placing Sensors
[Episode 174/1000] Steps: 720 | Reward:   55.48 | Battery:  78.55% | Loss: 
Placing Sensors
Policy 0.0007 | Value 36.2363 | Lyap 0.0140 | Dynamics 3.9322 | Barrier 0.0142 | KL 0.00078 | CF 0.0119
[Episode 175/1000] Steps: 720 | Reward:   57.86 | Battery:  78.38% | Loss: 18.2991
Placing Sensors
[Episode 176/1000] Steps: 720 | Reward:   53.30 | Battery:  78.40% | Loss: 
Placing Sensors
[Episode 177/1000] Steps: 720 | Reward:   59.32 | Battery:  78.30% | Loss: 
Placing Sensors
[Episode 178/1000] Steps: 720 | Reward:   60.30 | Battery:  78.42% | Loss: 
Placing Sensors
[Episode 179/1000] Steps: 720 | Reward:   56.67 | Battery:  78.38% | Loss: 
Placing Sensors
Policy 0.0000 | Value 32.7741 | Lyap 0.0136 | Dynamics 3.7852 | Barrier 0.0087 | KL 0.00125 | CF 0.0050
[Episode 180/1000] Steps: 720 | Reward:   61.36 | Battery:  78.48% | Loss: 16.5596
Placing Sensors
[Episode 181/1000] Steps: 720 | Reward:   58.24 | Battery:  78.54% | Loss: 
Placing Sensors
[Episode 182/1000] Steps: 720 | Reward:   56.89 | Battery:  78.42% | Loss: 
Placing Sensors
[Episode 183/1000] Steps: 720 | Reward:   55.04 | Battery:  78.48% | Loss: 
Placing Sensors
[Episode 184/1000] Steps: 720 | Reward:   62.28 | Battery:  78.39% | Loss: 
Placing Sensors
Policy -0.0003 | Value 33.3666 | Lyap 0.0130 | Dynamics 3.6252 | Barrier 0.0073 | KL 0.00040 | CF 0.0022
[Episode 185/1000] Steps: 720 | Reward:   64.10 | Battery:  78.31% | Loss: 16.8474
Placing Sensors
[Episode 186/1000] Steps: 720 | Reward:   63.97 | Battery:  78.54% | Loss: 
Placing Sensors
[Episode 187/1000] Steps: 720 | Reward:   59.51 | Battery:  78.43% | Loss: 
Placing Sensors
[Episode 188/1000] Steps: 720 | Reward:   62.52 | Battery:  78.19% | Loss: 
Placing Sensors
[Episode 189/1000] Steps: 720 | Reward:   62.72 | Battery:  78.43% | Loss: 
Placing Sensors
Policy -0.0004 | Value 32.7660 | Lyap 0.0128 | Dynamics 3.4046 | Barrier 0.0050 | KL 0.00029 | CF 0.0025
[Episode 190/1000] Steps: 720 | Reward:   59.80 | Battery:  78.34% | Loss: 16.5359
Placing Sensors
[Episode 191/1000] Steps: 720 | Reward:   61.11 | Battery:  78.22% | Loss: 
Placing Sensors
[Episode 192/1000] Steps: 720 | Reward:   59.56 | Battery:  78.42% | Loss: 
Placing Sensors
[Episode 193/1000] Steps: 720 | Reward:   57.26 | Battery:  78.47% | Loss: 
Placing Sensors
[Episode 194/1000] Steps: 720 | Reward:   57.70 | Battery:  78.34% | Loss: 
Placing Sensors
Policy 0.0001 | Value 31.7138 | Lyap 0.0125 | Dynamics 3.2323 | Barrier 0.0030 | KL 0.00047 | CF 0.0003
[Episode 195/1000] Steps: 720 | Reward:   59.98 | Battery:  78.13% | Loss: 16.0015
Placing Sensors
[Episode 196/1000] Steps: 720 | Reward:   58.79 | Battery:  78.38% | Loss: 
Placing Sensors
[Episode 197/1000] Steps: 720 | Reward:   58.27 | Battery:  78.22% | Loss: 
Placing Sensors
[Episode 198/1000] Steps: 720 | Reward:   60.58 | Battery:  78.42% | Loss: 
Placing Sensors
[Episode 199/1000] Steps: 720 | Reward:   56.90 | Battery:  78.23% | Loss: 
Placing Sensors
Policy 0.0003 | Value 33.2685 | Lyap 0.0123 | Dynamics 3.0850 | Barrier 0.0021 | KL -0.00029 | CF 0.0011
[Episode 200/1000] Steps: 720 | Reward:   58.46 | Battery:  78.43% | Loss: 16.7715
Placing Sensors
[Episode 201/1000] Steps: 720 | Reward:   56.61 | Battery:  78.22% | Loss: 
Placing Sensors
[Episode 202/1000] Steps: 720 | Reward:   55.59 | Battery:  78.29% | Loss: 
Placing Sensors
[Episode 203/1000] Steps: 720 | Reward:   62.24 | Battery:  78.43% | Loss: 
Placing Sensors
[Episode 204/1000] Steps: 720 | Reward:   59.69 | Battery:  78.07% | Loss: 
Placing Sensors
Policy 0.0001 | Value 30.4468 | Lyap 0.0121 | Dynamics 2.9930 | Barrier 0.0013 | KL 0.00056 | CF 0.0011
[Episode 205/1000] Steps: 720 | Reward:   62.12 | Battery:  78.41% | Loss: 15.3559
Placing Sensors
[Episode 206/1000] Steps: 720 | Reward:   56.74 | Battery:  78.49% | Loss: 
Placing Sensors
[Episode 207/1000] Steps: 720 | Reward:   55.95 | Battery:  78.44% | Loss: 
Placing Sensors
[Episode 208/1000] Steps: 720 | Reward:   58.18 | Battery:  78.46% | Loss: 
Placing Sensors
[Episode 209/1000] Steps: 720 | Reward:   59.29 | Battery:  78.42% | Loss: 
Placing Sensors
Policy 0.0002 | Value 30.9587 | Lyap 0.0118 | Dynamics 2.9246 | Barrier 0.0013 | KL -0.00000 | CF 0.0003
[Episode 210/1000] Steps: 720 | Reward:   57.63 | Battery:  78.49% | Loss: 15.6085
Placing Sensors
[Episode 211/1000] Steps: 720 | Reward:   57.77 | Battery:  78.42% | Loss: 
Placing Sensors
[Episode 212/1000] Steps: 720 | Reward:   56.82 | Battery:  78.35% | Loss: 
Placing Sensors
[Episode 213/1000] Steps: 720 | Reward:   57.74 | Battery:  78.42% | Loss: 
Placing Sensors
[Episode 214/1000] Steps: 720 | Reward:   60.25 | Battery:  78.38% | Loss: 
Placing Sensors
Policy -0.0001 | Value 29.3425 | Lyap 0.0117 | Dynamics 2.8301 | Barrier 0.0009 | KL 0.00024 | CF 0.0000
[Episode 215/1000] Steps: 720 | Reward:   60.24 | Battery:  78.39% | Loss: 14.7953
Placing Sensors
[Episode 216/1000] Steps: 720 | Reward:   60.83 | Battery:  78.42% | Loss: 
Placing Sensors
[Episode 217/1000] Steps: 720 | Reward:   57.91 | Battery:  78.46% | Loss: 
Placing Sensors
[Episode 218/1000] Steps: 720 | Reward:   62.73 | Battery:  78.23% | Loss: 
Placing Sensors
[Episode 219/1000] Steps: 720 | Reward:   57.38 | Battery:  78.44% | Loss: 
Placing Sensors
Policy -0.0004 | Value 26.7215 | Lyap 0.0117 | Dynamics 2.7226 | Barrier 0.0009 | KL -0.00005 | CF 0.0006
[Episode 220/1000] Steps: 720 | Reward:   58.16 | Battery:  78.51% | Loss: 13.4792
Placing Sensors
[Episode 221/1000] Steps: 720 | Reward:   57.11 | Battery:  78.47% | Loss: 
Placing Sensors
[Episode 222/1000] Steps: 720 | Reward:   54.98 | Battery:  78.54% | Loss: 
Placing Sensors
[Episode 223/1000] Steps: 720 | Reward:   60.70 | Battery:  78.45% | Loss: 
Placing Sensors
[Episode 224/1000] Steps: 720 | Reward:   59.85 | Battery:  78.27% | Loss: 
Placing Sensors
Policy -0.0004 | Value 29.0591 | Lyap 0.0114 | Dynamics 2.6687 | Barrier 0.0011 | KL 0.00025 | CF 0.0006
[Episode 225/1000] Steps: 720 | Reward:   61.69 | Battery:  78.51% | Loss: 14.6452
Placing Sensors
[Episode 226/1000] Steps: 720 | Reward:   55.74 | Battery:  78.39% | Loss: 
Placing Sensors
[Episode 227/1000] Steps: 720 | Reward:   63.55 | Battery:  78.28% | Loss: 
Placing Sensors
[Episode 228/1000] Steps: 720 | Reward:   54.87 | Battery:  78.45% | Loss: 
Placing Sensors
[Episode 229/1000] Steps: 720 | Reward:   61.56 | Battery:  78.44% | Loss: 
Placing Sensors
Policy -0.0004 | Value 23.5853 | Lyap 0.0116 | Dynamics 2.6614 | Barrier 0.0007 | KL 0.00031 | CF 0.0011
[Episode 230/1000] Steps: 720 | Reward:   56.55 | Battery:  78.38% | Loss: 11.9080
Placing Sensors
[Episode 231/1000] Steps: 720 | Reward:   54.86 | Battery:  78.46% | Loss: 
Placing Sensors
[Episode 232/1000] Steps: 720 | Reward:   57.52 | Battery:  78.41% | Loss: 
Placing Sensors
[Episode 233/1000] Steps: 720 | Reward:   61.00 | Battery:  78.24% | Loss: 
Placing Sensors
[Episode 234/1000] Steps: 720 | Reward:   56.02 | Battery:  78.40% | Loss: 
Placing Sensors
Policy -0.0000 | Value 25.0489 | Lyap 0.0114 | Dynamics 2.5305 | Barrier 0.0011 | KL 0.00064 | CF 0.0014
[Episode 235/1000] Steps: 720 | Reward:   60.10 | Battery:  78.41% | Loss: 12.6336
Placing Sensors
[Episode 236/1000] Steps: 720 | Reward:   59.62 | Battery:  78.64% | Loss: 
Placing Sensors
[Episode 237/1000] Steps: 720 | Reward:   58.31 | Battery:  78.42% | Loss: 
Placing Sensors
[Episode 238/1000] Steps: 720 | Reward:   51.60 | Battery:  78.39% | Loss: 
Placing Sensors
[Episode 239/1000] Steps: 720 | Reward:   54.29 | Battery:  78.55% | Loss: 
Placing Sensors
Policy 0.0011 | Value 28.1538 | Lyap 0.0115 | Dynamics 2.5501 | Barrier 0.0009 | KL 0.00085 | CF 0.0050
[Episode 240/1000] Steps: 720 | Reward:   58.32 | Battery:  78.27% | Loss: 14.1881
Placing Sensors
[Episode 241/1000] Steps: 720 | Reward:   58.06 | Battery:  78.17% | Loss: 
Placing Sensors
[Episode 242/1000] Steps: 720 | Reward:   57.89 | Battery:  78.27% | Loss: 
Placing Sensors
[Episode 243/1000] Steps: 720 | Reward:   60.90 | Battery:  78.41% | Loss: 
Placing Sensors
[Episode 244/1000] Steps: 720 | Reward:   58.99 | Battery:  78.44% | Loss: 
Placing Sensors
Policy 0.0021 | Value 21.7200 | Lyap 0.0117 | Dynamics 2.5908 | Barrier 0.0008 | KL 0.00107 | CF 0.0125
[Episode 245/1000] Steps: 720 | Reward:   54.25 | Battery:  78.65% | Loss: 10.9743
Placing Sensors
[Episode 246/1000] Steps: 720 | Reward:   58.24 | Battery:  78.27% | Loss: 
Placing Sensors
[Episode 247/1000] Steps: 720 | Reward:   58.64 | Battery:  78.49% | Loss: 
Placing Sensors
[Episode 248/1000] Steps: 720 | Reward:   62.94 | Battery:  78.39% | Loss: 
Placing Sensors
[Episode 249/1000] Steps: 720 | Reward:   56.55 | Battery:  78.46% | Loss: 
Placing Sensors
Policy 0.0017 | Value 26.4405 | Lyap 0.0118 | Dynamics 2.5142 | Barrier 0.0010 | KL 0.00264 | CF 0.0211
[Episode 250/1000] Steps: 720 | Reward:   61.03 | Battery:  78.33% | Loss: 13.3304
Placing Sensors
[Episode 251/1000] Steps: 720 | Reward:   57.61 | Battery:  78.48% | Loss: 
Placing Sensors
[Episode 252/1000] Steps: 720 | Reward:   52.36 | Battery:  78.49% | Loss: 
Placing Sensors
[Episode 253/1000] Steps: 720 | Reward:   57.83 | Battery:  78.46% | Loss: 
Placing Sensors
[Episode 254/1000] Steps: 720 | Reward:   56.98 | Battery:  78.39% | Loss: 
Placing Sensors
Policy 0.0051 | Value 24.8266 | Lyap 0.0122 | Dynamics 2.6564 | Barrier 0.0012 | KL 0.01120 | CF 0.0394
[Episode 255/1000] Steps: 720 | Reward:   57.55 | Battery:  78.37% | Loss: 12.5339
Placing Sensors
[Episode 256/1000] Steps: 720 | Reward:   57.02 | Battery:  78.45% | Loss: 
Placing Sensors
[Episode 257/1000] Steps: 720 | Reward:   57.99 | Battery:  78.40% | Loss: 
Placing Sensors
[Episode 258/1000] Steps: 720 | Reward:   54.95 | Battery:  78.49% | Loss: 
Placing Sensors
[Episode 259/1000] Steps: 720 | Reward:   62.24 | Battery:  78.54% | Loss: 
Placing Sensors
Policy 0.0086 | Value 24.4138 | Lyap 0.0123 | Dynamics 2.6880 | Barrier 0.0014 | KL 0.01259 | CF 0.0511
[Episode 260/1000] Steps: 720 | Reward:   55.56 | Battery:  78.45% | Loss: 12.3326
Placing Sensors
[Episode 261/1000] Steps: 720 | Reward:   53.87 | Battery:  78.47% | Loss: 
Placing Sensors
[Episode 262/1000] Steps: 720 | Reward:   56.01 | Battery:  78.51% | Loss: 
Placing Sensors
[Episode 263/1000] Steps: 720 | Reward:   54.19 | Battery:  78.51% | Loss: 
Placing Sensors
[Episode 264/1000] Steps: 720 | Reward:   58.79 | Battery:  78.26% | Loss: 
Placing Sensors
Policy 0.0178 | Value 30.5019 | Lyap 0.0131 | Dynamics 2.6573 | Barrier 0.0013 | KL 0.03193 | CF 0.0933
[Episode 265/1000] Steps: 720 | Reward:   59.56 | Battery:  78.36% | Loss: 15.3845
Placing Sensors
[Episode 266/1000] Steps: 720 | Reward:   51.20 | Battery:  78.34% | Loss: 
Placing Sensors
[Episode 267/1000] Steps: 720 | Reward:   52.21 | Battery:  78.50% | Loss: 
Placing Sensors
[Episode 268/1000] Steps: 720 | Reward:   51.62 | Battery:  78.47% | Loss: 
Placing Sensors
[Episode 269/1000] Steps: 720 | Reward:   54.15 | Battery:  78.19% | Loss: 
Placing Sensors
Policy 0.0262 | Value 27.5549 | Lyap 0.0149 | Dynamics 2.7230 | Barrier 0.0013 | KL 0.06291 | CF 0.1231
[Episode 270/1000] Steps: 720 | Reward:   52.83 | Battery:  78.56% | Loss: 13.9227
Placing Sensors
[Episode 271/1000] Steps: 720 | Reward:   49.80 | Battery:  78.55% | Loss: 
Placing Sensors
[Episode 272/1000] Steps: 720 | Reward:   55.32 | Battery:  78.43% | Loss: 
Placing Sensors
[Episode 273/1000] Steps: 720 | Reward:   52.02 | Battery:  78.49% | Loss: 
Placing Sensors
[Episode 274/1000] Steps: 720 | Reward:   58.10 | Battery:  78.42% | Loss: 
Placing Sensors
Policy 0.0272 | Value 24.9195 | Lyap 0.0163 | Dynamics 2.8709 | Barrier 0.0014 | KL 0.05768 | CF 0.1333
[Episode 275/1000] Steps: 720 | Reward:   52.47 | Battery:  78.53% | Loss: 12.6137
Placing Sensors
[Episode 276/1000] Steps: 720 | Reward:   56.91 | Battery:  78.21% | Loss: 
Placing Sensors
[Episode 277/1000] Steps: 720 | Reward:   54.70 | Battery:  78.49% | Loss: 
Placing Sensors
[Episode 278/1000] Steps: 720 | Reward:   55.22 | Battery:  78.19% | Loss: 
Placing Sensors
[Episode 279/1000] Steps: 720 | Reward:   51.28 | Battery:  78.56% | Loss: 
Placing Sensors
Policy 0.0186 | Value 24.4913 | Lyap 0.0167 | Dynamics 2.9889 | Barrier 0.0008 | KL 0.03955 | CF 0.1256
[Episode 280/1000] Steps: 720 | Reward:   50.98 | Battery:  78.42% | Loss: 12.3968
Placing Sensors
[Episode 281/1000] Steps: 720 | Reward:   54.76 | Battery:  78.36% | Loss: 
Placing Sensors
[Episode 282/1000] Steps: 720 | Reward:   52.52 | Battery:  78.43% | Loss: 
Placing Sensors
[Episode 283/1000] Steps: 720 | Reward:   58.48 | Battery:  78.38% | Loss: 
Placing Sensors
[Episode 284/1000] Steps: 720 | Reward:   58.97 | Battery:  78.45% | Loss: 
Placing Sensors
Policy 0.0102 | Value 24.1984 | Lyap 0.0158 | Dynamics 3.1086 | Barrier 0.0008 | KL 0.02606 | CF 0.0872
[Episode 285/1000] Steps: 720 | Reward:   52.93 | Battery:  78.13% | Loss: 12.2479
Placing Sensors
[Episode 286/1000] Steps: 720 | Reward:   51.34 | Battery:  78.36% | Loss: 
Placing Sensors
[Episode 287/1000] Steps: 720 | Reward:   56.74 | Battery:  78.23% | Loss: 
Placing Sensors
[Episode 288/1000] Steps: 720 | Reward:   55.53 | Battery:  78.40% | Loss: 
Placing Sensors
[Episode 289/1000] Steps: 720 | Reward:   57.10 | Battery:  78.54% | Loss: 
Placing Sensors
Policy 0.0107 | Value 22.9146 | Lyap 0.0152 | Dynamics 3.2055 | Barrier 0.0004 | KL 0.02288 | CF 0.0650
[Episode 290/1000] Steps: 720 | Reward:   54.82 | Battery:  78.38% | Loss: 11.6113
Placing Sensors
[Episode 291/1000] Steps: 720 | Reward:   55.12 | Battery:  78.24% | Loss: 
Placing Sensors
[Episode 292/1000] Steps: 720 | Reward:   56.35 | Battery:  78.49% | Loss: 
Placing Sensors
[Episode 293/1000] Steps: 720 | Reward:   61.46 | Battery:  78.38% | Loss: 
Placing Sensors
[Episode 294/1000] Steps: 720 | Reward:   58.23 | Battery:  78.36% | Loss: 
Placing Sensors
Policy 0.0105 | Value 20.0349 | Lyap 0.0144 | Dynamics 3.1118 | Barrier 0.0005 | KL 0.01840 | CF 0.0694
[Episode 295/1000] Steps: 720 | Reward:   57.04 | Battery:  78.44% | Loss: 10.1664
Placing Sensors
[Episode 296/1000] Steps: 720 | Reward:   57.46 | Battery:  78.55% | Loss: 
Placing Sensors
[Episode 297/1000] Steps: 720 | Reward:   57.31 | Battery:  78.33% | Loss: 
Placing Sensors
[Episode 298/1000] Steps: 720 | Reward:   57.60 | Battery:  78.58% | Loss: 
Placing Sensors
[Episode 299/1000] Steps: 720 | Reward:   56.08 | Battery:  78.43% | Loss: 
Placing Sensors
Policy 0.0056 | Value 19.6444 | Lyap 0.0139 | Dynamics 3.0028 | Barrier 0.0007 | KL 0.01276 | CF 0.0603
[Episode 300/1000] Steps: 720 | Reward:   59.54 | Battery:  78.35% | Loss: 10.1131
Placing Sensors
[Episode 301/1000] Steps: 720 | Reward:   62.87 | Battery:  78.20% | Loss: 
Placing Sensors
[Episode 302/1000] Steps: 720 | Reward:   53.78 | Battery:  78.42% | Loss: 
Placing Sensors
[Episode 303/1000] Steps: 720 | Reward:   55.45 | Battery:  78.37% | Loss: 
Placing Sensors
[Episode 304/1000] Steps: 720 | Reward:   60.46 | Battery:  78.30% | Loss: 
Placing Sensors
Policy 0.0068 | Value 20.4442 | Lyap 0.0119 | Dynamics 2.9355 | Barrier 0.0004 | KL 0.00999 | CF 0.0361
[Episode 305/1000] Steps: 720 | Reward:   56.21 | Battery:  78.50% | Loss: 10.5070
Placing Sensors
[Episode 306/1000] Steps: 720 | Reward:   57.57 | Battery:  78.30% | Loss: 
Placing Sensors
[Episode 307/1000] Steps: 720 | Reward:   63.39 | Battery:  78.44% | Loss: 
Placing Sensors
[Episode 308/1000] Steps: 720 | Reward:   57.67 | Battery:  78.51% | Loss: 
Placing Sensors
[Episode 309/1000] Steps: 720 | Reward:   60.22 | Battery:  78.28% | Loss: 
Placing Sensors
Policy 0.0037 | Value 24.2937 | Lyap 0.0119 | Dynamics 2.7613 | Barrier 0.0004 | KL 0.00679 | CF 0.0292
[Episode 310/1000] Steps: 720 | Reward:   60.64 | Battery:  78.55% | Loss: 12.4111
Placing Sensors
[Episode 311/1000] Steps: 720 | Reward:   56.36 | Battery:  78.31% | Loss: 
Placing Sensors
[Episode 312/1000] Steps: 720 | Reward:   58.21 | Battery:  78.45% | Loss: 
Placing Sensors
[Episode 313/1000] Steps: 720 | Reward:   56.52 | Battery:  78.61% | Loss: 
Placing Sensors
[Episode 314/1000] Steps: 720 | Reward:   63.35 | Battery:  78.50% | Loss: 
Placing Sensors
Policy 0.0038 | Value 22.9699 | Lyap 0.0118 | Dynamics 2.7182 | Barrier 0.0006 | KL 0.01039 | CF 0.0317
[Episode 315/1000] Steps: 720 | Reward:   60.52 | Battery:  78.48% | Loss: 11.7450
Placing Sensors
[Episode 316/1000] Steps: 720 | Reward:   59.12 | Battery:  78.28% | Loss: 
Placing Sensors
[Episode 317/1000] Steps: 720 | Reward:   56.98 | Battery:  78.47% | Loss: 
Placing Sensors
[Episode 318/1000] Steps: 720 | Reward:   56.43 | Battery:  78.35% | Loss: 
Placing Sensors
[Episode 319/1000] Steps: 720 | Reward:   59.29 | Battery:  78.45% | Loss: 
Placing Sensors
Policy 0.0051 | Value 21.9419 | Lyap 0.0118 | Dynamics 2.5043 | Barrier 0.0012 | KL 0.01368 | CF 0.0481
[Episode 320/1000] Steps: 720 | Reward:   60.83 | Battery:  78.16% | Loss: 11.2111
Placing Sensors
[Episode 321/1000] Steps: 720 | Reward:   58.27 | Battery:  78.35% | Loss: 
Placing Sensors
[Episode 322/1000] Steps: 720 | Reward:   60.97 | Battery:  78.47% | Loss: 
Placing Sensors
[Episode 323/1000] Steps: 720 | Reward:   59.34 | Battery:  78.48% | Loss: 
Placing Sensors
[Episode 324/1000] Steps: 720 | Reward:   55.85 | Battery:  78.41% | Loss: 
Placing Sensors
Policy 0.0194 | Value 22.0224 | Lyap 0.0115 | Dynamics 2.4818 | Barrier 0.0019 | KL 0.01769 | CF 0.0494
[Episode 325/1000] Steps: 720 | Reward:   60.76 | Battery:  78.23% | Loss: 11.2634
Placing Sensors
[Episode 326/1000] Steps: 720 | Reward:   53.15 | Battery:  78.48% | Loss: 
Placing Sensors
[Episode 327/1000] Steps: 720 | Reward:   59.69 | Battery:  78.23% | Loss: 
Placing Sensors
[Episode 328/1000] Steps: 720 | Reward:   58.85 | Battery:  78.39% | Loss: 
Placing Sensors
[Episode 329/1000] Steps: 720 | Reward:   59.55 | Battery:  78.42% | Loss: 
Placing Sensors
Policy 0.0058 | Value 22.0617 | Lyap 0.0111 | Dynamics 2.3524 | Barrier 0.0009 | KL 0.01256 | CF 0.0306
[Episode 330/1000] Steps: 720 | Reward:   53.42 | Battery:  78.16% | Loss: 11.2562
Placing Sensors
[Episode 331/1000] Steps: 720 | Reward:   58.18 | Battery:  78.48% | Loss: 
Placing Sensors
[Episode 332/1000] Steps: 720 | Reward:   59.10 | Battery:  78.53% | Loss: 
Placing Sensors
[Episode 333/1000] Steps: 720 | Reward:   61.23 | Battery:  78.42% | Loss: 
Placing Sensors
[Episode 334/1000] Steps: 720 | Reward:   54.91 | Battery:  78.33% | Loss: 
Placing Sensors
Policy 0.0004 | Value 21.4929 | Lyap 0.0109 | Dynamics 2.4606 | Barrier 0.0005 | KL 0.00232 | CF 0.0211
[Episode 335/1000] Steps: 720 | Reward:   60.16 | Battery:  78.47% | Loss: 10.9771
Placing Sensors
[Episode 336/1000] Steps: 720 | Reward:   57.74 | Battery:  78.41% | Loss: 
Placing Sensors
[Episode 337/1000] Steps: 720 | Reward:   62.61 | Battery:  78.56% | Loss: 
Placing Sensors
[Episode 338/1000] Steps: 720 | Reward:   59.71 | Battery:  78.45% | Loss: 
Placing Sensors
[Episode 339/1000] Steps: 720 | Reward:   59.27 | Battery:  78.26% | Loss: 
Placing Sensors
Policy 0.0026 | Value 22.7341 | Lyap 0.0109 | Dynamics 2.3758 | Barrier 0.0005 | KL 0.00264 | CF 0.0136
[Episode 340/1000] Steps: 720 | Reward:   53.86 | Battery:  78.21% | Loss: 11.5915
Placing Sensors
[Episode 341/1000] Steps: 720 | Reward:   59.86 | Battery:  78.42% | Loss: 
Placing Sensors
[Episode 342/1000] Steps: 720 | Reward:   58.15 | Battery:  78.46% | Loss: 
Placing Sensors
[Episode 343/1000] Steps: 720 | Reward:   59.00 | Battery:  78.43% | Loss: 
Placing Sensors
[Episode 344/1000] Steps: 720 | Reward:   60.57 | Battery:  78.44% | Loss: 
Placing Sensors
Policy 0.0035 | Value 16.9365 | Lyap 0.0109 | Dynamics 2.3599 | Barrier 0.0004 | KL 0.00615 | CF 0.0175
[Episode 345/1000] Steps: 720 | Reward:   61.75 | Battery:  78.56% | Loss: 8.6920
Placing Sensors
[Episode 346/1000] Steps: 720 | Reward:   62.54 | Battery:  78.59% | Loss: 
Placing Sensors
[Episode 347/1000] Steps: 720 | Reward:   61.31 | Battery:  78.42% | Loss: 
Placing Sensors
[Episode 348/1000] Steps: 720 | Reward:   59.43 | Battery:  78.57% | Loss: 
Placing Sensors
[Episode 349/1000] Steps: 720 | Reward:   60.38 | Battery:  78.30% | Loss: 
Placing Sensors
Policy 0.0038 | Value 23.3678 | Lyap 0.0106 | Dynamics 2.1862 | Barrier 0.0008 | KL 0.00561 | CF 0.0228
[Episode 350/1000] Steps: 720 | Reward:   54.63 | Battery:  78.27% | Loss: 11.8905
Placing Sensors
[Episode 351/1000] Steps: 720 | Reward:   61.08 | Battery:  78.41% | Loss: 
Placing Sensors
[Episode 352/1000] Steps: 720 | Reward:   59.58 | Battery:  78.36% | Loss: 
Placing Sensors
[Episode 353/1000] Steps: 720 | Reward:   54.94 | Battery:  78.47% | Loss: 
Placing Sensors
[Episode 354/1000] Steps: 720 | Reward:   57.98 | Battery:  78.32% | Loss: 
Placing Sensors
Policy 0.0034 | Value 17.2628 | Lyap 0.0107 | Dynamics 2.1137 | Barrier 0.0007 | KL 0.00378 | CF 0.0178
[Episode 355/1000] Steps: 720 | Reward:   59.69 | Battery:  78.20% | Loss: 8.8304
Placing Sensors
[Episode 356/1000] Steps: 720 | Reward:   58.41 | Battery:  78.42% | Loss: 
Placing Sensors
[Episode 357/1000] Steps: 720 | Reward:   60.38 | Battery:  78.44% | Loss: 
Placing Sensors
[Episode 358/1000] Steps: 720 | Reward:   57.75 | Battery:  78.42% | Loss: 
Placing Sensors
[Episode 359/1000] Steps: 720 | Reward:   62.34 | Battery:  78.44% | Loss: 
Placing Sensors
Policy 0.0034 | Value 13.9922 | Lyap 0.0107 | Dynamics 2.1086 | Barrier 0.0011 | KL 0.00523 | CF 0.0183
[Episode 360/1000] Steps: 720 | Reward:   56.75 | Battery:  78.40% | Loss: 7.1947
Placing Sensors
[Episode 361/1000] Steps: 720 | Reward:   58.32 | Battery:  78.19% | Loss: 
Placing Sensors
[Episode 362/1000] Steps: 720 | Reward:   54.78 | Battery:  78.51% | Loss: 
Placing Sensors
[Episode 363/1000] Steps: 720 | Reward:   57.26 | Battery:  78.34% | Loss: 
Placing Sensors
[Episode 364/1000] Steps: 720 | Reward:   60.23 | Battery:  78.41% | Loss: 
Placing Sensors
Policy 0.0016 | Value 18.3623 | Lyap 0.0105 | Dynamics 2.0250 | Barrier 0.0001 | KL 0.00013 | CF 0.0078
[Episode 365/1000] Steps: 720 | Reward:   53.47 | Battery:  78.33% | Loss: 9.3692
Placing Sensors
[Episode 366/1000] Steps: 720 | Reward:   57.93 | Battery:  78.36% | Loss: 
Placing Sensors
[Episode 367/1000] Steps: 720 | Reward:   55.09 | Battery:  78.30% | Loss: 
Placing Sensors
[Episode 368/1000] Steps: 720 | Reward:   59.48 | Battery:  78.41% | Loss: 
Placing Sensors
[Episode 369/1000] Steps: 720 | Reward:   59.47 | Battery:  78.44% | Loss: 
Placing Sensors
Policy 0.0023 | Value 21.6412 | Lyap 0.0105 | Dynamics 1.9362 | Barrier 0.0004 | KL 0.00279 | CF 0.0081
[Episode 370/1000] Steps: 720 | Reward:   59.39 | Battery:  78.40% | Loss: 11.0006
Placing Sensors
[Episode 371/1000] Steps: 720 | Reward:   55.41 | Battery:  78.44% | Loss: 
Placing Sensors
[Episode 372/1000] Steps: 720 | Reward:   63.21 | Battery:  78.46% | Loss: 
Placing Sensors
[Episode 373/1000] Steps: 720 | Reward:   56.27 | Battery:  78.18% | Loss: 
Placing Sensors
[Episode 374/1000] Steps: 720 | Reward:   58.97 | Battery:  78.47% | Loss: 
Placing Sensors
Policy 0.0070 | Value 19.6490 | Lyap 0.0105 | Dynamics 1.8915 | Barrier 0.0027 | KL 0.01115 | CF 0.0222
[Episode 375/1000] Steps: 720 | Reward:   60.01 | Battery:  78.23% | Loss: 10.0053
Placing Sensors
[Episode 376/1000] Steps: 720 | Reward:   55.96 | Battery:  78.41% | Loss: 
Placing Sensors
[Episode 377/1000] Steps: 720 | Reward:   53.75 | Battery:  78.44% | Loss: 
Placing Sensors
[Episode 378/1000] Steps: 720 | Reward:   55.55 | Battery:  78.43% | Loss: 
Placing Sensors
[Episode 379/1000] Steps: 720 | Reward:   54.88 | Battery:  78.18% | Loss: 
Placing Sensors
Policy 0.0069 | Value 23.5563 | Lyap 0.0106 | Dynamics 1.7844 | Barrier 0.0022 | KL 0.00993 | CF 0.0214
[Episode 380/1000] Steps: 720 | Reward:   60.16 | Battery:  78.53% | Loss: 11.9480
Placing Sensors
[Episode 381/1000] Steps: 720 | Reward:   59.37 | Battery:  78.50% | Loss: 
Placing Sensors
[Episode 382/1000] Steps: 720 | Reward:   59.26 | Battery:  78.49% | Loss: 
Placing Sensors
[Episode 383/1000] Steps: 720 | Reward:   55.22 | Battery:  78.30% | Loss: 
Placing Sensors
[Episode 384/1000] Steps: 720 | Reward:   56.23 | Battery:  78.45% | Loss: 
Placing Sensors
Policy 0.0086 | Value 30.9053 | Lyap 0.0106 | Dynamics 1.7615 | Barrier 0.0025 | KL 0.01958 | CF 0.0317
[Episode 385/1000] Steps: 720 | Reward:   56.38 | Battery:  78.15% | Loss: 15.6219
Placing Sensors
[Episode 386/1000] Steps: 720 | Reward:   54.68 | Battery:  78.55% | Loss: 
Placing Sensors
[Episode 387/1000] Steps: 720 | Reward:   61.98 | Battery:  78.50% | Loss: 
Placing Sensors
[Episode 388/1000] Steps: 720 | Reward:   56.34 | Battery:  78.41% | Loss: 
Placing Sensors
[Episode 389/1000] Steps: 720 | Reward:   50.69 | Battery:  78.38% | Loss: 
Placing Sensors
Policy 0.0040 | Value 22.5847 | Lyap 0.0106 | Dynamics 1.7114 | Barrier 0.0015 | KL 0.01031 | CF 0.0169
[Episode 390/1000] Steps: 720 | Reward:   54.04 | Battery:  78.21% | Loss: 11.4518
Placing Sensors
[Episode 391/1000] Steps: 720 | Reward:   59.32 | Battery:  78.43% | Loss: 
Placing Sensors
[Episode 392/1000] Steps: 720 | Reward:   64.98 | Battery:  78.53% | Loss: 
Placing Sensors
[Episode 393/1000] Steps: 720 | Reward:   58.33 | Battery:  78.42% | Loss: 
Placing Sensors
[Episode 394/1000] Steps: 720 | Reward:   62.95 | Battery:  78.46% | Loss: 
Placing Sensors
Policy 0.0026 | Value 19.9151 | Lyap 0.0104 | Dynamics 1.6834 | Barrier 0.0004 | KL 0.00571 | CF 0.0078
[Episode 395/1000] Steps: 720 | Reward:   55.53 | Battery:  78.32% | Loss: 10.1125
Placing Sensors
[Episode 396/1000] Steps: 720 | Reward:   57.21 | Battery:  78.23% | Loss: 
Placing Sensors
[Episode 397/1000] Steps: 720 | Reward:   56.76 | Battery:  78.51% | Loss: 
Placing Sensors
[Episode 398/1000] Steps: 720 | Reward:   60.20 | Battery:  78.56% | Loss: 
Placing Sensors
[Episode 399/1000] Steps: 720 | Reward:   57.71 | Battery:  78.50% | Loss: 
Placing Sensors
Policy 0.0023 | Value 18.0128 | Lyap 0.0104 | Dynamics 1.7348 | Barrier 0.0005 | KL 0.00275 | CF 0.0133
[Episode 400/1000] Steps: 720 | Reward:   55.03 | Battery:  78.48% | Loss: 9.1663
Placing Sensors
[Episode 401/1000] Steps: 720 | Reward:   59.48 | Battery:  78.32% | Loss: 
Placing Sensors
[Episode 402/1000] Steps: 720 | Reward:   59.33 | Battery:  78.48% | Loss: 
Placing Sensors
[Episode 403/1000] Steps: 720 | Reward:   59.32 | Battery:  78.37% | Loss: 
Placing Sensors
[Episode 404/1000] Steps: 720 | Reward:   62.62 | Battery:  78.44% | Loss: 
Placing Sensors
Policy 0.0021 | Value 15.0861 | Lyap 0.0105 | Dynamics 1.6869 | Barrier 0.0006 | KL 0.00440 | CF 0.0136
[Episode 405/1000] Steps: 720 | Reward:   54.00 | Battery:  78.50% | Loss: 7.6980
Placing Sensors
[Episode 406/1000] Steps: 720 | Reward:   58.68 | Battery:  78.53% | Loss: 
Placing Sensors
[Episode 407/1000] Steps: 720 | Reward:   59.05 | Battery:  78.48% | Loss: 
Placing Sensors
[Episode 408/1000] Steps: 720 | Reward:   58.59 | Battery:  78.38% | Loss: 
Placing Sensors
[Episode 409/1000] Steps: 720 | Reward:   64.21 | Battery:  78.45% | Loss: 
Placing Sensors
Policy 0.0030 | Value 22.2177 | Lyap 0.0106 | Dynamics 1.6139 | Barrier 0.0008 | KL 0.00462 | CF 0.0133
[Episode 410/1000] Steps: 720 | Reward:   58.91 | Battery:  78.40% | Loss: 11.2573
Placing Sensors
[Episode 411/1000] Steps: 720 | Reward:   60.45 | Battery:  78.36% | Loss: 
Placing Sensors
[Episode 412/1000] Steps: 720 | Reward:   53.90 | Battery:  78.37% | Loss: 
Placing Sensors
[Episode 413/1000] Steps: 720 | Reward:   59.15 | Battery:  78.28% | Loss: 
Placing Sensors
[Episode 414/1000] Steps: 720 | Reward:   54.06 | Battery:  78.60% | Loss: 
Placing Sensors
Policy 0.0025 | Value 20.3801 | Lyap 0.0104 | Dynamics 1.6410 | Barrier 0.0009 | KL 0.00633 | CF 0.0119
[Episode 415/1000] Steps: 720 | Reward:   56.38 | Battery:  78.28% | Loss: 10.3408
Placing Sensors
[Episode 416/1000] Steps: 720 | Reward:   59.94 | Battery:  78.45% | Loss: 
Placing Sensors
[Episode 417/1000] Steps: 720 | Reward:   56.61 | Battery:  77.96% | Loss: 
Placing Sensors
[Episode 418/1000] Steps: 720 | Reward:   54.89 | Battery:  78.17% | Loss: 
Placing Sensors
[Episode 419/1000] Steps: 720 | Reward:   57.88 | Battery:  78.38% | Loss: 
Placing Sensors
Policy 0.0029 | Value 15.8509 | Lyap 0.0103 | Dynamics 1.6413 | Barrier 0.0004 | KL 0.00348 | CF 0.0119
[Episode 420/1000] Steps: 720 | Reward:   57.30 | Battery:  78.44% | Loss: 8.0765
Placing Sensors
[Episode 421/1000] Steps: 720 | Reward:   57.16 | Battery:  78.38% | Loss: 
Placing Sensors
[Episode 422/1000] Steps: 720 | Reward:   56.93 | Battery:  78.46% | Loss: 
Placing Sensors
[Episode 423/1000] Steps: 720 | Reward:   56.78 | Battery:  78.56% | Loss: 
Placing Sensors
[Episode 424/1000] Steps: 720 | Reward:   58.13 | Battery:  78.50% | Loss: 
Placing Sensors
Policy 0.0009 | Value 13.5894 | Lyap 0.0104 | Dynamics 1.6878 | Barrier 0.0002 | KL 0.00341 | CF 0.0083
[Episode 425/1000] Steps: 720 | Reward:   59.78 | Battery:  78.48% | Loss: 6.9484
Placing Sensors
[Episode 426/1000] Steps: 720 | Reward:   59.32 | Battery:  78.43% | Loss: 
Placing Sensors
[Episode 427/1000] Steps: 720 | Reward:   59.60 | Battery:  78.34% | Loss: 
Placing Sensors
[Episode 428/1000] Steps: 720 | Reward:   58.75 | Battery:  78.46% | Loss: 
Placing Sensors
[Episode 429/1000] Steps: 720 | Reward:   60.46 | Battery:  78.21% | Loss: 
Placing Sensors
Policy 0.0007 | Value 19.7629 | Lyap 0.0103 | Dynamics 1.6097 | Barrier 0.0001 | KL 0.00073 | CF 0.0017
[Episode 430/1000] Steps: 720 | Reward:   60.88 | Battery:  78.54% | Loss: 10.0271
Placing Sensors
[Episode 431/1000] Steps: 720 | Reward:   58.07 | Battery:  78.55% | Loss: 
Placing Sensors
[Episode 432/1000] Steps: 720 | Reward:   55.75 | Battery:  78.46% | Loss: 
Placing Sensors
[Episode 433/1000] Steps: 720 | Reward:   57.60 | Battery:  78.26% | Loss: 
Placing Sensors
[Episode 434/1000] Steps: 720 | Reward:   59.92 | Battery:  78.49% | Loss: 
Placing Sensors
Policy 0.0022 | Value 18.9177 | Lyap 0.0104 | Dynamics 1.6374 | Barrier 0.0002 | KL 0.00175 | CF 0.0033
[Episode 435/1000] Steps: 720 | Reward:   62.17 | Battery:  78.47% | Loss: 9.6088
Placing Sensors
[Episode 436/1000] Steps: 720 | Reward:   58.78 | Battery:  78.11% | Loss: 
Placing Sensors
[Episode 437/1000] Steps: 720 | Reward:   56.57 | Battery:  78.45% | Loss: 
Placing Sensors
[Episode 438/1000] Steps: 720 | Reward:   59.36 | Battery:  78.39% | Loss: 
Placing Sensors
[Episode 439/1000] Steps: 720 | Reward:   56.42 | Battery:  78.61% | Loss: 
Placing Sensors
Policy 0.0015 | Value 18.0178 | Lyap 0.0103 | Dynamics 1.5947 | Barrier 0.0003 | KL 0.00476 | CF 0.0069
[Episode 440/1000] Steps: 720 | Reward:   59.14 | Battery:  78.54% | Loss: 9.1538
Placing Sensors
[Episode 441/1000] Steps: 720 | Reward:   56.24 | Battery:  78.42% | Loss: 
Placing Sensors
[Episode 442/1000] Steps: 720 | Reward:   54.43 | Battery:  78.48% | Loss: 
Placing Sensors
[Episode 443/1000] Steps: 720 | Reward:   57.78 | Battery:  78.37% | Loss: 
Placing Sensors
[Episode 444/1000] Steps: 720 | Reward:   56.00 | Battery:  78.49% | Loss: 
Placing Sensors
Policy 0.0078 | Value 17.5452 | Lyap 0.0104 | Dynamics 1.5690 | Barrier 0.0003 | KL 0.01075 | CF 0.0219
[Episode 445/1000] Steps: 720 | Reward:   57.38 | Battery:  78.41% | Loss: 8.9213
Placing Sensors
[Episode 446/1000] Steps: 720 | Reward:   58.28 | Battery:  78.46% | Loss: 
Placing Sensors
[Episode 447/1000] Steps: 720 | Reward:   56.65 | Battery:  78.42% | Loss: 
Placing Sensors
[Episode 448/1000] Steps: 720 | Reward:   61.93 | Battery:  78.45% | Loss: 
Placing Sensors
[Episode 449/1000] Steps: 720 | Reward:   53.87 | Battery:  78.25% | Loss: 
Placing Sensors
Policy 0.0057 | Value 19.8974 | Lyap 0.0104 | Dynamics 1.5463 | Barrier 0.0005 | KL 0.00816 | CF 0.0256
[Episode 450/1000] Steps: 720 | Reward:   60.04 | Battery:  78.47% | Loss: 10.0931
Placing Sensors
[Episode 451/1000] Steps: 720 | Reward:   59.84 | Battery:  78.38% | Loss: 
Placing Sensors
[Episode 452/1000] Steps: 720 | Reward:   57.94 | Battery:  78.46% | Loss: 
Placing Sensors
[Episode 453/1000] Steps: 720 | Reward:   58.93 | Battery:  78.45% | Loss: 
Placing Sensors
[Episode 454/1000] Steps: 720 | Reward:   53.55 | Battery:  78.41% | Loss: 
Placing Sensors
Policy 0.0055 | Value 19.2867 | Lyap 0.0104 | Dynamics 1.4772 | Barrier 0.0005 | KL 0.00923 | CF 0.0131
[Episode 455/1000] Steps: 720 | Reward:   52.22 | Battery:  78.16% | Loss: 9.7807
Placing Sensors
[Episode 456/1000] Steps: 720 | Reward:   56.98 | Battery:  78.41% | Loss: 
Placing Sensors
[Episode 457/1000] Steps: 720 | Reward:   59.21 | Battery:  78.32% | Loss: 
Placing Sensors
[Episode 458/1000] Steps: 720 | Reward:   58.46 | Battery:  78.39% | Loss: 
Placing Sensors
[Episode 459/1000] Steps: 720 | Reward:   56.04 | Battery:  78.46% | Loss: 
Placing Sensors
Policy 0.0022 | Value 19.2267 | Lyap 0.0103 | Dynamics 1.4875 | Barrier 0.0004 | KL 0.00543 | CF 0.0133
[Episode 460/1000] Steps: 720 | Reward:   61.14 | Battery:  78.47% | Loss: 9.7483
Placing Sensors
[Episode 461/1000] Steps: 720 | Reward:   60.01 | Battery:  78.48% | Loss: 
Placing Sensors
[Episode 462/1000] Steps: 720 | Reward:   58.23 | Battery:  78.15% | Loss: 
Placing Sensors
[Episode 463/1000] Steps: 720 | Reward:   54.58 | Battery:  78.59% | Loss: 
Placing Sensors
[Episode 464/1000] Steps: 720 | Reward:   57.07 | Battery:  78.20% | Loss: 
Placing Sensors
Policy 0.0038 | Value 15.3999 | Lyap 0.0104 | Dynamics 1.6160 | Barrier 0.0003 | KL 0.00883 | CF 0.0189
[Episode 465/1000] Steps: 720 | Reward:   59.24 | Battery:  78.30% | Loss: 7.8494
Placing Sensors
[Episode 466/1000] Steps: 720 | Reward:   51.70 | Battery:  78.39% | Loss: 
Placing Sensors
[Episode 467/1000] Steps: 720 | Reward:   58.97 | Battery:  78.33% | Loss: 
Placing Sensors
[Episode 468/1000] Steps: 720 | Reward:   56.31 | Battery:  78.36% | Loss: 
Placing Sensors
[Episode 469/1000] Steps: 720 | Reward:   62.79 | Battery:  78.45% | Loss: 
Placing Sensors
Policy 0.0030 | Value 18.3939 | Lyap 0.0103 | Dynamics 1.5877 | Barrier 0.0003 | KL 0.00273 | CF 0.0144
[Episode 470/1000] Steps: 720 | Reward:   53.52 | Battery:  78.48% | Loss: 9.3428
Placing Sensors
[Episode 471/1000] Steps: 720 | Reward:   57.23 | Battery:  78.42% | Loss: 
Placing Sensors
[Episode 472/1000] Steps: 720 | Reward:   56.55 | Battery:  78.44% | Loss: 
Placing Sensors
[Episode 473/1000] Steps: 720 | Reward:   57.10 | Battery:  78.12% | Loss: 
Placing Sensors
[Episode 474/1000] Steps: 720 | Reward:   56.08 | Battery:  78.50% | Loss: 
Placing Sensors
Policy 0.0023 | Value 15.7189 | Lyap 0.0104 | Dynamics 1.6011 | Barrier 0.0002 | KL 0.00686 | CF 0.0219
[Episode 475/1000] Steps: 720 | Reward:   54.59 | Battery:  78.43% | Loss: 8.0058
Placing Sensors
[Episode 476/1000] Steps: 720 | Reward:   54.99 | Battery:  78.52% | Loss: 
Placing Sensors
[Episode 477/1000] Steps: 720 | Reward:   59.34 | Battery:  78.48% | Loss: 
Placing Sensors
[Episode 478/1000] Steps: 720 | Reward:   58.35 | Battery:  78.44% | Loss: 
Placing Sensors
[Episode 479/1000] Steps: 720 | Reward:   56.11 | Battery:  78.53% | Loss: 
Placing Sensors
Policy 0.0045 | Value 16.7406 | Lyap 0.0103 | Dynamics 1.5024 | Barrier 0.0004 | KL 0.01498 | CF 0.0250
[Episode 480/1000] Steps: 720 | Reward:   58.15 | Battery:  78.29% | Loss: 8.5090
Placing Sensors
[Episode 481/1000] Steps: 720 | Reward:   59.52 | Battery:  78.51% | Loss: 
Placing Sensors
[Episode 482/1000] Steps: 720 | Reward:   55.96 | Battery:  78.24% | Loss: 
Placing Sensors
[Episode 483/1000] Steps: 720 | Reward:   57.41 | Battery:  78.48% | Loss: 
Placing Sensors
[Episode 484/1000] Steps: 720 | Reward:   53.39 | Battery:  78.17% | Loss: 
Placing Sensors
Policy 0.0030 | Value 17.3234 | Lyap 0.0103 | Dynamics 1.4983 | Barrier 0.0002 | KL 0.00805 | CF 0.0211
[Episode 485/1000] Steps: 720 | Reward:   63.07 | Battery:  78.19% | Loss: 8.7986
Placing Sensors
[Episode 486/1000] Steps: 720 | Reward:   56.12 | Battery:  78.47% | Loss: 
Placing Sensors
[Episode 487/1000] Steps: 720 | Reward:   52.97 | Battery:  78.47% | Loss: 
Placing Sensors
[Episode 488/1000] Steps: 720 | Reward:   57.07 | Battery:  78.29% | Loss: 
Placing Sensors
[Episode 489/1000] Steps: 720 | Reward:   59.74 | Battery:  78.46% | Loss: 
Placing Sensors
Policy 0.0059 | Value 18.9297 | Lyap 0.0103 | Dynamics 1.4385 | Barrier 0.0003 | KL 0.01832 | CF 0.0322
[Episode 490/1000] Steps: 720 | Reward:   58.15 | Battery:  78.35% | Loss: 9.5985
Placing Sensors
[Episode 491/1000] Steps: 720 | Reward:   54.77 | Battery:  78.18% | Loss: 
Placing Sensors
[Episode 492/1000] Steps: 720 | Reward:   55.31 | Battery:  78.36% | Loss: 
Placing Sensors
[Episode 493/1000] Steps: 720 | Reward:   60.22 | Battery:  78.43% | Loss: 
Placing Sensors
[Episode 494/1000] Steps: 720 | Reward:   61.08 | Battery:  78.26% | Loss: 
Placing Sensors
Policy 0.0035 | Value 20.5336 | Lyap 0.0103 | Dynamics 1.4565 | Barrier 0.0001 | KL 0.01365 | CF 0.0247
[Episode 495/1000] Steps: 720 | Reward:   56.58 | Battery:  78.43% | Loss: 10.3999
Placing Sensors
[Episode 496/1000] Steps: 720 | Reward:   55.62 | Battery:  78.44% | Loss: 
Placing Sensors
[Episode 497/1000] Steps: 720 | Reward:   56.08 | Battery:  78.35% | Loss: 
Placing Sensors
[Episode 498/1000] Steps: 720 | Reward:   58.92 | Battery:  78.51% | Loss: 
Placing Sensors
[Episode 499/1000] Steps: 720 | Reward:   56.15 | Battery:  78.60% | Loss: 
Placing Sensors
Policy 0.0024 | Value 20.2776 | Lyap 0.0102 | Dynamics 1.4370 | Barrier 0.0000 | KL 0.00492 | CF 0.0139
[Episode 500/1000] Steps: 720 | Reward:   57.33 | Battery:  78.32% | Loss: 10.2688
Placing Sensors
[Episode 501/1000] Steps: 720 | Reward:   58.36 | Battery:  78.60% | Loss: 
Placing Sensors
[Episode 502/1000] Steps: 720 | Reward:   57.91 | Battery:  78.38% | Loss: 
Placing Sensors
[Episode 503/1000] Steps: 720 | Reward:   56.87 | Battery:  78.46% | Loss: 
Placing Sensors
[Episode 504/1000] Steps: 720 | Reward:   59.01 | Battery:  78.31% | Loss: 
Placing Sensors
Policy 0.0073 | Value 16.7393 | Lyap 0.0103 | Dynamics 1.4260 | Barrier 0.0001 | KL 0.01319 | CF 0.0261
[Episode 505/1000] Steps: 720 | Reward:   57.10 | Battery:  78.54% | Loss: 8.5035
Placing Sensors
[Episode 506/1000] Steps: 720 | Reward:   58.71 | Battery:  78.41% | Loss: 
Placing Sensors
[Episode 507/1000] Steps: 720 | Reward:   60.04 | Battery:  78.35% | Loss: 
Placing Sensors
[Episode 508/1000] Steps: 720 | Reward:   53.18 | Battery:  78.27% | Loss: 
Placing Sensors
[Episode 509/1000] Steps: 720 | Reward:   56.86 | Battery:  78.49% | Loss: 
Placing Sensors
Policy 0.0181 | Value 16.8273 | Lyap 0.0102 | Dynamics 1.4321 | Barrier 0.0001 | KL 0.02241 | CF 0.0325
[Episode 510/1000] Steps: 720 | Reward:   55.61 | Battery:  78.25% | Loss: 8.5589
Placing Sensors
[Episode 511/1000] Steps: 720 | Reward:   58.29 | Battery:  78.53% | Loss: 
Placing Sensors
[Episode 512/1000] Steps: 720 | Reward:   56.95 | Battery:  78.52% | Loss: 
Placing Sensors
[Episode 513/1000] Steps: 720 | Reward:   57.83 | Battery:  78.52% | Loss: 
Placing Sensors
[Episode 514/1000] Steps: 720 | Reward:   62.11 | Battery:  78.19% | Loss: 
Placing Sensors
Policy 0.0072 | Value 18.1443 | Lyap 0.0102 | Dynamics 1.3465 | Barrier 0.0000 | KL 0.01875 | CF 0.0275
[Episode 515/1000] Steps: 720 | Reward:   56.35 | Battery:  78.47% | Loss: 9.1979
Placing Sensors
[Episode 516/1000] Steps: 720 | Reward:   60.64 | Battery:  78.36% | Loss: 
Placing Sensors
[Episode 517/1000] Steps: 720 | Reward:   58.31 | Battery:  78.41% | Loss: 
Placing Sensors
[Episode 518/1000] Steps: 720 | Reward:   58.57 | Battery:  78.54% | Loss: 
Placing Sensors
[Episode 519/1000] Steps: 720 | Reward:   60.07 | Battery:  78.21% | Loss: 
Placing Sensors
Policy 0.0040 | Value 15.7709 | Lyap 0.0102 | Dynamics 1.3188 | Barrier 0.0000 | KL 0.01151 | CF 0.0189
[Episode 520/1000] Steps: 720 | Reward:   57.64 | Battery:  78.29% | Loss: 8.0052
Placing Sensors
[Episode 521/1000] Steps: 720 | Reward:   60.67 | Battery:  78.43% | Loss: 
Placing Sensors
[Episode 522/1000] Steps: 720 | Reward:   56.72 | Battery:  78.40% | Loss: 
Placing Sensors
[Episode 523/1000] Steps: 720 | Reward:   60.34 | Battery:  78.24% | Loss: 
Placing Sensors
[Episode 524/1000] Steps: 720 | Reward:   56.50 | Battery:  78.41% | Loss: 
Placing Sensors
Policy 0.0037 | Value 16.6690 | Lyap 0.0103 | Dynamics 1.3044 | Barrier 0.0000 | KL 0.00386 | CF 0.0100
[Episode 525/1000] Steps: 720 | Reward:   59.33 | Battery:  78.08% | Loss: 8.4525
Placing Sensors
[Episode 526/1000] Steps: 720 | Reward:   60.88 | Battery:  78.20% | Loss: 
Placing Sensors
[Episode 527/1000] Steps: 720 | Reward:   54.92 | Battery:  78.46% | Loss: 
Placing Sensors
[Episode 528/1000] Steps: 720 | Reward:   61.41 | Battery:  78.20% | Loss: 
Placing Sensors
[Episode 529/1000] Steps: 720 | Reward:   59.69 | Battery:  78.36% | Loss: 
Placing Sensors
Policy 0.0082 | Value 16.7127 | Lyap 0.0102 | Dynamics 1.2612 | Barrier 0.0001 | KL 0.00863 | CF 0.0161
[Episode 530/1000] Steps: 720 | Reward:   61.31 | Battery:  78.35% | Loss: 8.4746
Placing Sensors
[Episode 531/1000] Steps: 720 | Reward:   58.51 | Battery:  78.13% | Loss: 
Placing Sensors
[Episode 532/1000] Steps: 720 | Reward:   61.58 | Battery:  78.42% | Loss: 
Placing Sensors
[Episode 533/1000] Steps: 720 | Reward:   60.91 | Battery:  78.42% | Loss: 
Placing Sensors
[Episode 534/1000] Steps: 720 | Reward:   59.63 | Battery:  78.23% | Loss: 
Placing Sensors
Policy 0.0068 | Value 17.0293 | Lyap 0.0102 | Dynamics 1.2585 | Barrier 0.0000 | KL 0.00863 | CF 0.0147
[Episode 535/1000] Steps: 720 | Reward:   61.44 | Battery:  78.41% | Loss: 8.6312
Placing Sensors
[Episode 536/1000] Steps: 720 | Reward:   54.44 | Battery:  78.51% | Loss: 
Placing Sensors
[Episode 537/1000] Steps: 720 | Reward:   58.76 | Battery:  78.09% | Loss: 
Placing Sensors
[Episode 538/1000] Steps: 720 | Reward:   59.57 | Battery:  78.38% | Loss: 
Placing Sensors
[Episode 539/1000] Steps: 720 | Reward:   58.71 | Battery:  78.37% | Loss: 
Placing Sensors
Policy 0.0024 | Value 17.4570 | Lyap 0.0102 | Dynamics 1.2214 | Barrier 0.0000 | KL 0.00481 | CF 0.0119
[Episode 540/1000] Steps: 720 | Reward:   62.32 | Battery:  78.49% | Loss: 8.8370
Placing Sensors
[Episode 541/1000] Steps: 720 | Reward:   59.16 | Battery:  78.19% | Loss: 
Placing Sensors
[Episode 542/1000] Steps: 720 | Reward:   58.23 | Battery:  78.28% | Loss: 
Placing Sensors
[Episode 543/1000] Steps: 720 | Reward:   57.35 | Battery:  78.41% | Loss: 
Placing Sensors
[Episode 544/1000] Steps: 720 | Reward:   63.88 | Battery:  78.18% | Loss: 
Placing Sensors
Policy 0.0020 | Value 19.0927 | Lyap 0.0102 | Dynamics 1.1685 | Barrier 0.0000 | KL 0.00869 | CF 0.0147
[Episode 545/1000] Steps: 720 | Reward:   56.19 | Battery:  78.39% | Loss: 9.6490
Placing Sensors
[Episode 546/1000] Steps: 720 | Reward:   62.64 | Battery:  78.44% | Loss: 
Placing Sensors
[Episode 547/1000] Steps: 720 | Reward:   57.77 | Battery:  78.05% | Loss: 
Placing Sensors
[Episode 548/1000] Steps: 720 | Reward:   56.59 | Battery:  78.16% | Loss: 
Placing Sensors
[Episode 549/1000] Steps: 720 | Reward:   56.81 | Battery:  78.63% | Loss: 
Placing Sensors
Policy 0.0011 | Value 13.2224 | Lyap 0.0102 | Dynamics 1.1753 | Barrier 0.0000 | KL 0.00318 | CF 0.0092
[Episode 550/1000] Steps: 720 | Reward:   60.17 | Battery:  78.43% | Loss: 6.7137
Placing Sensors
[Episode 551/1000] Steps: 720 | Reward:   53.39 | Battery:  78.22% | Loss: 
Placing Sensors
[Episode 552/1000] Steps: 720 | Reward:   59.48 | Battery:  78.11% | Loss: 
Placing Sensors
[Episode 553/1000] Steps: 720 | Reward:   54.56 | Battery:  78.64% | Loss: 
Placing Sensors
[Episode 554/1000] Steps: 720 | Reward:   56.83 | Battery:  78.27% | Loss: 
Placing Sensors
Policy 0.0025 | Value 17.2157 | Lyap 0.0102 | Dynamics 1.1684 | Barrier 0.0000 | KL 0.00686 | CF 0.0100
[Episode 555/1000] Steps: 720 | Reward:   58.80 | Battery:  78.37% | Loss: 8.7111
Placing Sensors
[Episode 556/1000] Steps: 720 | Reward:   56.34 | Battery:  78.45% | Loss: 
Placing Sensors
[Episode 557/1000] Steps: 720 | Reward:   57.50 | Battery:  78.30% | Loss: 
Placing Sensors
[Episode 558/1000] Steps: 720 | Reward:   59.84 | Battery:  78.48% | Loss: 
Placing Sensors
[Episode 559/1000] Steps: 720 | Reward:   54.77 | Battery:  78.48% | Loss: 
Placing Sensors
Policy 0.0041 | Value 17.6212 | Lyap 0.0101 | Dynamics 1.1911 | Barrier 0.0000 | KL 0.01458 | CF 0.0231
[Episode 560/1000] Steps: 720 | Reward:   59.15 | Battery:  78.40% | Loss: 8.9176
Placing Sensors
[Episode 561/1000] Steps: 720 | Reward:   60.19 | Battery:  78.46% | Loss: 
Placing Sensors
[Episode 562/1000] Steps: 720 | Reward:   58.70 | Battery:  78.40% | Loss: 
Placing Sensors
[Episode 563/1000] Steps: 720 | Reward:   54.99 | Battery:  78.47% | Loss: 
Placing Sensors
[Episode 564/1000] Steps: 720 | Reward:   60.38 | Battery:  78.42% | Loss: 
Placing Sensors
Policy 0.0024 | Value 19.7767 | Lyap 0.0102 | Dynamics 1.1984 | Barrier 0.0000 | KL 0.01228 | CF 0.0197
[Episode 565/1000] Steps: 720 | Reward:   61.57 | Battery:  78.13% | Loss: 9.9945
Placing Sensors
[Episode 566/1000] Steps: 720 | Reward:   51.18 | Battery:  78.48% | Loss: 
Placing Sensors
[Episode 567/1000] Steps: 720 | Reward:   62.34 | Battery:  78.48% | Loss: 
Placing Sensors
[Episode 568/1000] Steps: 720 | Reward:   58.81 | Battery:  78.43% | Loss: 
Placing Sensors
[Episode 569/1000] Steps: 720 | Reward:   53.44 | Battery:  78.20% | Loss: 
Placing Sensors
Policy 0.0024 | Value 19.3118 | Lyap 0.0102 | Dynamics 1.1807 | Barrier 0.0000 | KL 0.00877 | CF 0.0150
[Episode 570/1000] Steps: 720 | Reward:   56.88 | Battery:  78.24% | Loss: 9.7602
Placing Sensors
[Episode 571/1000] Steps: 720 | Reward:   55.37 | Battery:  78.42% | Loss: 
Placing Sensors
[Episode 572/1000] Steps: 720 | Reward:   62.62 | Battery:  78.38% | Loss: 
Placing Sensors
[Episode 573/1000] Steps: 720 | Reward:   57.72 | Battery:  78.13% | Loss: 
Placing Sensors
[Episode 574/1000] Steps: 720 | Reward:   59.73 | Battery:  78.28% | Loss: 
Placing Sensors
Policy 0.0008 | Value 16.3650 | Lyap 0.0102 | Dynamics 1.1930 | Barrier 0.0000 | KL 0.00321 | CF 0.0086
[Episode 575/1000] Steps: 720 | Reward:   56.10 | Battery:  78.42% | Loss: 8.2865
Placing Sensors
[Episode 576/1000] Steps: 720 | Reward:   60.19 | Battery:  78.12% | Loss: 
Placing Sensors
[Episode 577/1000] Steps: 720 | Reward:   56.25 | Battery:  78.51% | Loss: 
Placing Sensors
[Episode 578/1000] Steps: 720 | Reward:   56.55 | Battery:  78.27% | Loss: 
Placing Sensors
[Episode 579/1000] Steps: 720 | Reward:   53.04 | Battery:  78.22% | Loss: 
Placing Sensors
Policy 0.0004 | Value 17.7350 | Lyap 0.0101 | Dynamics 1.1906 | Barrier 0.0001 | KL 0.00056 | CF 0.0044
[Episode 580/1000] Steps: 720 | Reward:   59.33 | Battery:  78.24% | Loss: 8.9709
Placing Sensors
[Episode 581/1000] Steps: 720 | Reward:   58.10 | Battery:  78.39% | Loss: 
Placing Sensors
[Episode 582/1000] Steps: 720 | Reward:   59.57 | Battery:  78.45% | Loss: 
Placing Sensors
[Episode 583/1000] Steps: 720 | Reward:   51.85 | Battery:  78.38% | Loss: 
Placing Sensors
[Episode 584/1000] Steps: 720 | Reward:   56.16 | Battery:  78.45% | Loss: 
Placing Sensors
Policy 0.0018 | Value 15.6453 | Lyap 0.0102 | Dynamics 1.2254 | Barrier 0.0002 | KL 0.00356 | CF 0.0100
[Episode 585/1000] Steps: 720 | Reward:   51.93 | Battery:  78.58% | Loss: 7.9309
Placing Sensors
[Episode 586/1000] Steps: 720 | Reward:   61.06 | Battery:  78.17% | Loss: 
Placing Sensors
[Episode 587/1000] Steps: 720 | Reward:   56.87 | Battery:  78.50% | Loss: 
Placing Sensors
[Episode 588/1000] Steps: 720 | Reward:   58.68 | Battery:  78.45% | Loss: 
Placing Sensors
[Episode 589/1000] Steps: 720 | Reward:   56.10 | Battery:  78.51% | Loss: 
Placing Sensors
Policy 0.0024 | Value 18.0681 | Lyap 0.0101 | Dynamics 1.1862 | Barrier 0.0006 | KL 0.00504 | CF 0.0103
[Episode 590/1000] Steps: 720 | Reward:   58.76 | Battery:  78.31% | Loss: 9.1390
Placing Sensors
[Episode 591/1000] Steps: 720 | Reward:   59.62 | Battery:  78.34% | Loss: 
Placing Sensors
[Episode 592/1000] Steps: 720 | Reward:   58.28 | Battery:  78.17% | Loss: 
Placing Sensors
[Episode 593/1000] Steps: 720 | Reward:   56.57 | Battery:  78.36% | Loss: 
Placing Sensors
[Episode 594/1000] Steps: 720 | Reward:   60.28 | Battery:  78.31% | Loss: 
Placing Sensors
Policy 0.0018 | Value 14.9599 | Lyap 0.0102 | Dynamics 1.2475 | Barrier 0.0007 | KL 0.00135 | CF 0.0106
[Episode 595/1000] Steps: 720 | Reward:   62.02 | Battery:  78.46% | Loss: 7.5905
Placing Sensors
[Episode 596/1000] Steps: 720 | Reward:   57.33 | Battery:  78.29% | Loss: 
Placing Sensors
[Episode 597/1000] Steps: 720 | Reward:   55.29 | Battery:  78.45% | Loss: 
Placing Sensors
[Episode 598/1000] Steps: 720 | Reward:   60.36 | Battery:  78.50% | Loss: 
Placing Sensors
[Episode 599/1000] Steps: 720 | Reward:   53.85 | Battery:  78.41% | Loss: 
Placing Sensors
Policy 0.0020 | Value 18.1865 | Lyap 0.0102 | Dynamics 1.1708 | Barrier 0.0003 | KL 0.00344 | CF 0.0083
[Episode 600/1000] Steps: 720 | Reward:   54.64 | Battery:  78.59% | Loss: 9.1963
Placing Sensors
[Episode 601/1000] Steps: 720 | Reward:   56.56 | Battery:  78.12% | Loss: 
Placing Sensors
[Episode 602/1000] Steps: 720 | Reward:   58.23 | Battery:  78.52% | Loss: 
Placing Sensors
[Episode 603/1000] Steps: 720 | Reward:   54.08 | Battery:  78.42% | Loss: 
Placing Sensors
[Episode 604/1000] Steps: 720 | Reward:   58.59 | Battery:  78.46% | Loss: 
Placing Sensors
Policy 0.0023 | Value 15.4987 | Lyap 0.0102 | Dynamics 1.1399 | Barrier 0.0002 | KL 0.00423 | CF 0.0089
[Episode 605/1000] Steps: 720 | Reward:   58.80 | Battery:  78.42% | Loss: 7.8495
Placing Sensors
[Episode 606/1000] Steps: 720 | Reward:   62.28 | Battery:  78.13% | Loss: 
Placing Sensors
[Episode 607/1000] Steps: 720 | Reward:   57.23 | Battery:  78.38% | Loss: 
Placing Sensors
[Episode 608/1000] Steps: 720 | Reward:   54.80 | Battery:  78.40% | Loss: 
Placing Sensors
[Episode 609/1000] Steps: 720 | Reward:   61.14 | Battery:  78.45% | Loss: 
Placing Sensors
Policy 0.0007 | Value 22.6642 | Lyap 0.0102 | Dynamics 1.1465 | Barrier 0.0000 | KL 0.00223 | CF 0.0089
[Episode 610/1000] Steps: 720 | Reward:   54.97 | Battery:  78.31% | Loss: 11.4313
Placing Sensors
[Episode 611/1000] Steps: 720 | Reward:   51.42 | Battery:  78.49% | Loss: 
Placing Sensors
[Episode 612/1000] Steps: 720 | Reward:   61.37 | Battery:  78.16% | Loss: 
Placing Sensors
[Episode 613/1000] Steps: 720 | Reward:   58.25 | Battery:  78.20% | Loss: 
Placing Sensors
[Episode 614/1000] Steps: 720 | Reward:   62.85 | Battery:  78.34% | Loss: 
Placing Sensors
Policy -0.0002 | Value 16.3176 | Lyap 0.0102 | Dynamics 1.1372 | Barrier 0.0000 | KL 0.00014 | CF 0.0036
[Episode 615/1000] Steps: 720 | Reward:   59.15 | Battery:  78.32% | Loss: 8.2562
Placing Sensors
[Episode 616/1000] Steps: 720 | Reward:   54.50 | Battery:  78.47% | Loss: 
Placing Sensors
[Episode 617/1000] Steps: 720 | Reward:   59.56 | Battery:  78.48% | Loss: 
Placing Sensors
[Episode 618/1000] Steps: 720 | Reward:   54.73 | Battery:  78.53% | Loss: 
Placing Sensors
[Episode 619/1000] Steps: 720 | Reward:   58.68 | Battery:  78.46% | Loss: 
Placing Sensors
Policy 0.0005 | Value 17.3352 | Lyap 0.0102 | Dynamics 1.0956 | Barrier 0.0000 | KL 0.00073 | CF 0.0047
[Episode 620/1000] Steps: 720 | Reward:   58.20 | Battery:  78.28% | Loss: 8.7614
Placing Sensors
[Episode 621/1000] Steps: 720 | Reward:   60.57 | Battery:  78.30% | Loss: 
Placing Sensors
[Episode 622/1000] Steps: 720 | Reward:   58.78 | Battery:  78.43% | Loss: 
Placing Sensors
[Episode 623/1000] Steps: 720 | Reward:   56.80 | Battery:  78.53% | Loss: 
Placing Sensors
[Episode 624/1000] Steps: 720 | Reward:   59.02 | Battery:  78.28% | Loss: 
Placing Sensors
Policy 0.0005 | Value 17.3945 | Lyap 0.0101 | Dynamics 1.0824 | Barrier 0.0000 | KL 0.00303 | CF 0.0083
[Episode 625/1000] Steps: 720 | Reward:   56.17 | Battery:  78.35% | Loss: 8.7898
Placing Sensors
[Episode 626/1000] Steps: 720 | Reward:   56.90 | Battery:  78.55% | Loss: 
Placing Sensors
[Episode 627/1000] Steps: 720 | Reward:   57.67 | Battery:  78.43% | Loss: 
Placing Sensors
[Episode 628/1000] Steps: 720 | Reward:   56.46 | Battery:  78.30% | Loss: 
Placing Sensors
[Episode 629/1000] Steps: 720 | Reward:   63.11 | Battery:  78.44% | Loss: 
Placing Sensors
Policy 0.0010 | Value 15.7289 | Lyap 0.0102 | Dynamics 1.0586 | Barrier 0.0000 | KL 0.00173 | CF 0.0064
[Episode 630/1000] Steps: 720 | Reward:   60.07 | Battery:  78.16% | Loss: 7.9552
Placing Sensors
[Episode 631/1000] Steps: 720 | Reward:   63.10 | Battery:  78.39% | Loss: 
Placing Sensors
[Episode 632/1000] Steps: 720 | Reward:   59.90 | Battery:  78.52% | Loss: 
Placing Sensors
[Episode 633/1000] Steps: 720 | Reward:   59.87 | Battery:  78.45% | Loss: 
Placing Sensors
[Episode 634/1000] Steps: 720 | Reward:   59.28 | Battery:  78.18% | Loss: 
Placing Sensors
Policy 0.0010 | Value 13.7768 | Lyap 0.0102 | Dynamics 1.0494 | Barrier 0.0001 | KL 0.00107 | CF 0.0083
[Episode 635/1000] Steps: 720 | Reward:   57.05 | Battery:  78.28% | Loss: 6.9782
Placing Sensors
[Episode 636/1000] Steps: 720 | Reward:   55.69 | Battery:  78.41% | Loss: 
Placing Sensors
[Episode 637/1000] Steps: 720 | Reward:   55.64 | Battery:  78.48% | Loss: 
Placing Sensors
[Episode 638/1000] Steps: 720 | Reward:   58.84 | Battery:  78.47% | Loss: 
Placing Sensors
[Episode 639/1000] Steps: 720 | Reward:   62.45 | Battery:  78.46% | Loss: 
Placing Sensors
Policy 0.0006 | Value 13.8598 | Lyap 0.0101 | Dynamics 1.0753 | Barrier 0.0000 | KL 0.00141 | CF 0.0067
[Episode 640/1000] Steps: 720 | Reward:   59.29 | Battery:  78.44% | Loss: 7.0219
Placing Sensors
[Episode 641/1000] Steps: 720 | Reward:   60.99 | Battery:  78.54% | Loss: 
Placing Sensors
[Episode 642/1000] Steps: 720 | Reward:   54.99 | Battery:  78.38% | Loss: 
Placing Sensors
[Episode 643/1000] Steps: 720 | Reward:   57.12 | Battery:  78.61% | Loss: 
Placing Sensors
[Episode 644/1000] Steps: 720 | Reward:   57.87 | Battery:  78.43% | Loss: 
Placing Sensors
Policy -0.0003 | Value 13.1665 | Lyap 0.0102 | Dynamics 1.0194 | Barrier 0.0000 | KL 0.00183 | CF 0.0053
[Episode 645/1000] Steps: 720 | Reward:   60.27 | Battery:  78.16% | Loss: 6.6688
Placing Sensors
[Episode 646/1000] Steps: 720 | Reward:   54.91 | Battery:  78.34% | Loss: 
Placing Sensors
[Episode 647/1000] Steps: 720 | Reward:   58.72 | Battery:  78.56% | Loss: 
Placing Sensors
[Episode 648/1000] Steps: 720 | Reward:   60.29 | Battery:  78.41% | Loss: 
Placing Sensors
[Episode 649/1000] Steps: 720 | Reward:   52.99 | Battery:  78.37% | Loss: 
Placing Sensors
Policy 0.0016 | Value 15.0676 | Lyap 0.0101 | Dynamics 1.0451 | Barrier 0.0001 | KL 0.00185 | CF 0.0050
[Episode 650/1000] Steps: 720 | Reward:   55.27 | Battery:  78.30% | Loss: 7.6237
Placing Sensors
[Episode 651/1000] Steps: 720 | Reward:   61.24 | Battery:  78.19% | Loss: 
Placing Sensors
[Episode 652/1000] Steps: 720 | Reward:   56.37 | Battery:  78.16% | Loss: 
Placing Sensors
[Episode 653/1000] Steps: 720 | Reward:   57.63 | Battery:  78.25% | Loss: 
Placing Sensors
[Episode 654/1000] Steps: 720 | Reward:   57.22 | Battery:  78.43% | Loss: 
Placing Sensors
Policy -0.0004 | Value 18.1367 | Lyap 0.0101 | Dynamics 1.0011 | Barrier 0.0001 | KL 0.00068 | CF 0.0039
[Episode 655/1000] Steps: 720 | Reward:   60.52 | Battery:  78.51% | Loss: 9.1519
Placing Sensors
[Episode 656/1000] Steps: 720 | Reward:   54.14 | Battery:  78.15% | Loss: 
Placing Sensors
[Episode 657/1000] Steps: 720 | Reward:   63.81 | Battery:  78.24% | Loss: 
Placing Sensors
[Episode 658/1000] Steps: 720 | Reward:   59.51 | Battery:  78.46% | Loss: 
Placing Sensors
[Episode 659/1000] Steps: 720 | Reward:   56.15 | Battery:  78.58% | Loss: 
Placing Sensors
Policy -0.0002 | Value 17.5076 | Lyap 0.0101 | Dynamics 1.0613 | Barrier 0.0001 | KL 0.00087 | CF 0.0047
[Episode 660/1000] Steps: 720 | Reward:   59.76 | Battery:  78.15% | Loss: 8.8436
Placing Sensors
[Episode 661/1000] Steps: 720 | Reward:   59.00 | Battery:  78.49% | Loss: 
Placing Sensors
[Episode 662/1000] Steps: 720 | Reward:   57.29 | Battery:  78.19% | Loss: 
Placing Sensors
[Episode 663/1000] Steps: 720 | Reward:   54.98 | Battery:  78.41% | Loss: 
Placing Sensors
[Episode 664/1000] Steps: 720 | Reward:   59.94 | Battery:  78.50% | Loss: 
Placing Sensors
Policy 0.0007 | Value 16.1752 | Lyap 0.0102 | Dynamics 1.0488 | Barrier 0.0000 | KL -0.00030 | CF 0.0036
[Episode 665/1000] Steps: 720 | Reward:   60.45 | Battery:  78.27% | Loss: 8.1770
Placing Sensors
[Episode 666/1000] Steps: 720 | Reward:   58.66 | Battery:  78.58% | Loss: 
Placing Sensors
[Episode 667/1000] Steps: 720 | Reward:   58.17 | Battery:  78.65% | Loss: 
Placing Sensors
[Episode 668/1000] Steps: 720 | Reward:   61.14 | Battery:  78.43% | Loss: 
Placing Sensors
[Episode 669/1000] Steps: 720 | Reward:   58.23 | Battery:  78.53% | Loss: 
Placing Sensors
Policy -0.0001 | Value 14.1413 | Lyap 0.0102 | Dynamics 1.0239 | Barrier 0.0000 | KL 0.00000 | CF 0.0042
[Episode 670/1000] Steps: 720 | Reward:   56.29 | Battery:  78.37% | Loss: 7.1568
Placing Sensors
[Episode 671/1000] Steps: 720 | Reward:   60.53 | Battery:  78.49% | Loss: 
Placing Sensors
[Episode 672/1000] Steps: 720 | Reward:   63.68 | Battery:  78.49% | Loss: 
Placing Sensors
[Episode 673/1000] Steps: 720 | Reward:   58.83 | Battery:  78.15% | Loss: 
Placing Sensors
[Episode 674/1000] Steps: 720 | Reward:   52.48 | Battery:  78.60% | Loss: 
Placing Sensors
Policy 0.0001 | Value 17.2259 | Lyap 0.0101 | Dynamics 1.0309 | Barrier 0.0000 | KL 0.00108 | CF 0.0050
[Episode 675/1000] Steps: 720 | Reward:   55.86 | Battery:  78.31% | Loss: 8.7000
Placing Sensors
[Episode 676/1000] Steps: 720 | Reward:   60.06 | Battery:  78.30% | Loss: 
Placing Sensors
[Episode 677/1000] Steps: 720 | Reward:   59.83 | Battery:  78.55% | Loss: 
Placing Sensors
[Episode 678/1000] Steps: 720 | Reward:   59.27 | Battery:  78.35% | Loss: 
Placing Sensors
[Episode 679/1000] Steps: 720 | Reward:   62.43 | Battery:  78.49% | Loss: 
Placing Sensors
Policy -0.0001 | Value 18.1849 | Lyap 0.0101 | Dynamics 1.0289 | Barrier 0.0000 | KL 0.00148 | CF 0.0042
[Episode 680/1000] Steps: 720 | Reward:   59.36 | Battery:  78.53% | Loss: 9.1791
Placing Sensors
[Episode 681/1000] Steps: 720 | Reward:   61.44 | Battery:  78.41% | Loss: 
Placing Sensors
[Episode 682/1000] Steps: 720 | Reward:   56.76 | Battery:  78.23% | Loss: 
Placing Sensors
[Episode 683/1000] Steps: 720 | Reward:   61.37 | Battery:  78.28% | Loss: 
Placing Sensors
[Episode 684/1000] Steps: 720 | Reward:   51.55 | Battery:  78.51% | Loss: 
Placing Sensors
Policy -0.0008 | Value 16.1285 | Lyap 0.0101 | Dynamics 1.0506 | Barrier 0.0000 | KL 0.00067 | CF 0.0031
[Episode 685/1000] Steps: 720 | Reward:   60.46 | Battery:  78.35% | Loss: 8.1523
Placing Sensors
[Episode 686/1000] Steps: 720 | Reward:   56.93 | Battery:  78.52% | Loss: 
Placing Sensors
[Episode 687/1000] Steps: 720 | Reward:   60.41 | Battery:  78.44% | Loss: 
Placing Sensors
[Episode 688/1000] Steps: 720 | Reward:   59.56 | Battery:  78.08% | Loss: 
Placing Sensors
[Episode 689/1000] Steps: 720 | Reward:   58.19 | Battery:  78.18% | Loss: 
Placing Sensors
Policy 0.0004 | Value 15.6019 | Lyap 0.0101 | Dynamics 1.0177 | Barrier 0.0000 | KL 0.00048 | CF 0.0022
[Episode 690/1000] Steps: 720 | Reward:   62.13 | Battery:  78.54% | Loss: 7.8870
Placing Sensors
[Episode 691/1000] Steps: 720 | Reward:   56.30 | Battery:  78.26% | Loss: 
Placing Sensors
[Episode 692/1000] Steps: 720 | Reward:   56.45 | Battery:  78.51% | Loss: 
Placing Sensors
[Episode 693/1000] Steps: 720 | Reward:   64.77 | Battery:  78.38% | Loss: 
Placing Sensors
[Episode 694/1000] Steps: 720 | Reward:   57.26 | Battery:  78.46% | Loss: 
Placing Sensors
Policy 0.0002 | Value 16.9633 | Lyap 0.0101 | Dynamics 0.9983 | Barrier 0.0000 | KL -0.00055 | CF 0.0033
[Episode 695/1000] Steps: 720 | Reward:   58.05 | Battery:  78.45% | Loss: 8.5656
Placing Sensors
[Episode 696/1000] Steps: 720 | Reward:   55.80 | Battery:  78.52% | Loss: 
Placing Sensors
[Episode 697/1000] Steps: 720 | Reward:   55.53 | Battery:  78.39% | Loss: 
Placing Sensors
[Episode 698/1000] Steps: 720 | Reward:   56.41 | Battery:  78.23% | Loss: 
Placing Sensors
[Episode 699/1000] Steps: 720 | Reward:   60.29 | Battery:  78.44% | Loss: 
Placing Sensors
Policy -0.0000 | Value 18.6953 | Lyap 0.0102 | Dynamics 0.9747 | Barrier 0.0000 | KL 0.00069 | CF 0.0053
[Episode 700/1000] Steps: 720 | Reward:   62.36 | Battery:  78.29% | Loss: 9.4289
Placing Sensors
[Episode 701/1000] Steps: 720 | Reward:   62.10 | Battery:  78.59% | Loss: 
Placing Sensors
[Episode 702/1000] Steps: 720 | Reward:   52.59 | Battery:  78.39% | Loss: 
Placing Sensors
[Episode 703/1000] Steps: 720 | Reward:   58.83 | Battery:  78.44% | Loss: 
Placing Sensors
[Episode 704/1000] Steps: 720 | Reward:   55.37 | Battery:  78.46% | Loss: 
Placing Sensors
Policy 0.0004 | Value 17.0524 | Lyap 0.0102 | Dynamics 0.9780 | Barrier 0.0000 | KL -0.00006 | CF 0.0019
[Episode 705/1000] Steps: 720 | Reward:   57.16 | Battery:  78.47% | Loss: 8.6083
Placing Sensors
[Episode 706/1000] Steps: 720 | Reward:   54.22 | Battery:  78.26% | Loss: 
Placing Sensors
[Episode 707/1000] Steps: 720 | Reward:   58.29 | Battery:  78.38% | Loss: 
Placing Sensors
[Episode 708/1000] Steps: 720 | Reward:   51.27 | Battery:  78.35% | Loss: 
Placing Sensors
[Episode 709/1000] Steps: 720 | Reward:   56.01 | Battery:  78.42% | Loss: 
Placing Sensors
Policy 0.0011 | Value 16.6303 | Lyap 0.0101 | Dynamics 1.0032 | Barrier 0.0000 | KL 0.00105 | CF 0.0022
[Episode 710/1000] Steps: 720 | Reward:   58.53 | Battery:  78.43% | Loss: 8.4004
Placing Sensors
[Episode 711/1000] Steps: 720 | Reward:   61.02 | Battery:  78.27% | Loss: 
Placing Sensors
[Episode 712/1000] Steps: 720 | Reward:   55.50 | Battery:  78.55% | Loss: 
Placing Sensors
[Episode 713/1000] Steps: 720 | Reward:   62.63 | Battery:  78.39% | Loss: 
Placing Sensors
[Episode 714/1000] Steps: 720 | Reward:   61.58 | Battery:  78.28% | Loss: 
Placing Sensors
Policy 0.0005 | Value 19.0692 | Lyap 0.0101 | Dynamics 0.9764 | Barrier 0.0000 | KL 0.00029 | CF 0.0014
[Episode 715/1000] Steps: 720 | Reward:   57.42 | Battery:  78.57% | Loss: 9.6165
Placing Sensors
[Episode 716/1000] Steps: 720 | Reward:   59.02 | Battery:  78.17% | Loss: 
Placing Sensors
[Episode 717/1000] Steps: 720 | Reward:   56.67 | Battery:  78.24% | Loss: 
Placing Sensors
[Episode 718/1000] Steps: 720 | Reward:   50.80 | Battery:  78.43% | Loss: 
Placing Sensors
[Episode 719/1000] Steps: 720 | Reward:   55.61 | Battery:  78.51% | Loss: 
Placing Sensors
Policy -0.0000 | Value 17.2554 | Lyap 0.0102 | Dynamics 0.9329 | Barrier 0.0000 | KL -0.00023 | CF 0.0039
[Episode 720/1000] Steps: 720 | Reward:   56.20 | Battery:  78.56% | Loss: 8.7048
Placing Sensors
[Episode 721/1000] Steps: 720 | Reward:   57.40 | Battery:  78.36% | Loss: 
Placing Sensors
[Episode 722/1000] Steps: 720 | Reward:   59.29 | Battery:  78.49% | Loss: 
Placing Sensors
[Episode 723/1000] Steps: 720 | Reward:   54.08 | Battery:  78.28% | Loss: 
Placing Sensors
[Episode 724/1000] Steps: 720 | Reward:   55.46 | Battery:  78.47% | Loss: 
Placing Sensors
Policy -0.0001 | Value 16.8773 | Lyap 0.0101 | Dynamics 0.9369 | Barrier 0.0000 | KL 0.00015 | CF 0.0036
[Episode 725/1000] Steps: 720 | Reward:   62.80 | Battery:  78.22% | Loss: 8.5160
Placing Sensors
[Episode 726/1000] Steps: 720 | Reward:   60.53 | Battery:  78.32% | Loss: 
Placing Sensors
[Episode 727/1000] Steps: 720 | Reward:   59.61 | Battery:  78.45% | Loss: 
Placing Sensors
[Episode 728/1000] Steps: 720 | Reward:   55.94 | Battery:  78.43% | Loss: 
Placing Sensors
[Episode 729/1000] Steps: 720 | Reward:   52.48 | Battery:  78.53% | Loss: 
Placing Sensors
Policy 0.0004 | Value 14.4738 | Lyap 0.0101 | Dynamics 0.9903 | Barrier 0.0000 | KL 0.00180 | CF 0.0069
[Episode 730/1000] Steps: 720 | Reward:   55.35 | Battery:  78.46% | Loss: 7.3202
Placing Sensors
[Episode 731/1000] Steps: 720 | Reward:   60.17 | Battery:  78.50% | Loss: 
Placing Sensors
[Episode 732/1000] Steps: 720 | Reward:   58.07 | Battery:  78.57% | Loss: 
Placing Sensors
[Episode 733/1000] Steps: 720 | Reward:   63.19 | Battery:  78.35% | Loss: 
Placing Sensors
[Episode 734/1000] Steps: 720 | Reward:   57.66 | Battery:  78.35% | Loss: 
Placing Sensors
Policy -0.0004 | Value 16.3042 | Lyap 0.0101 | Dynamics 0.9730 | Barrier 0.0000 | KL -0.00062 | CF 0.0036
[Episode 735/1000] Steps: 720 | Reward:   54.37 | Battery:  78.53% | Loss: 8.2329
Placing Sensors
[Episode 736/1000] Steps: 720 | Reward:   59.24 | Battery:  78.39% | Loss: 
Placing Sensors
[Episode 737/1000] Steps: 720 | Reward:   58.46 | Battery:  78.50% | Loss: 
Placing Sensors
[Episode 738/1000] Steps: 720 | Reward:   57.06 | Battery:  78.36% | Loss: 
Placing Sensors
[Episode 739/1000] Steps: 720 | Reward:   59.42 | Battery:  78.56% | Loss: 
Placing Sensors
Policy 0.0008 | Value 14.9913 | Lyap 0.0102 | Dynamics 1.0063 | Barrier 0.0000 | KL 0.00110 | CF 0.0072
[Episode 740/1000] Steps: 720 | Reward:   59.43 | Battery:  78.40% | Loss: 7.5809
Placing Sensors
[Episode 741/1000] Steps: 720 | Reward:   58.10 | Battery:  78.34% | Loss: 
Placing Sensors
[Episode 742/1000] Steps: 720 | Reward:   58.08 | Battery:  78.32% | Loss: 
Placing Sensors
[Episode 743/1000] Steps: 720 | Reward:   57.29 | Battery:  78.09% | Loss: 
Placing Sensors
[Episode 744/1000] Steps: 720 | Reward:   58.45 | Battery:  78.48% | Loss: 
Placing Sensors
Policy 0.0002 | Value 14.2645 | Lyap 0.0101 | Dynamics 1.0125 | Barrier 0.0000 | KL -0.00009 | CF 0.0081
[Episode 745/1000] Steps: 720 | Reward:   60.50 | Battery:  78.53% | Loss: 7.2175
Placing Sensors
[Episode 746/1000] Steps: 720 | Reward:   61.09 | Battery:  78.45% | Loss: 
Placing Sensors
[Episode 747/1000] Steps: 720 | Reward:   55.16 | Battery:  78.33% | Loss: 
Placing Sensors
[Episode 748/1000] Steps: 720 | Reward:   57.94 | Battery:  78.33% | Loss: 
Placing Sensors
[Episode 749/1000] Steps: 720 | Reward:   60.55 | Battery:  78.38% | Loss: 
Placing Sensors
Policy 0.0001 | Value 21.1720 | Lyap 0.0102 | Dynamics 0.9932 | Barrier 0.0000 | KL 0.00398 | CF 0.0081
[Episode 750/1000] Steps: 720 | Reward:   55.56 | Battery:  78.47% | Loss: 10.6692
Placing Sensors
[Episode 751/1000] Steps: 720 | Reward:   62.57 | Battery:  78.39% | Loss: 
Placing Sensors
[Episode 752/1000] Steps: 720 | Reward:   58.03 | Battery:  78.19% | Loss: 
Placing Sensors
[Episode 753/1000] Steps: 720 | Reward:   56.39 | Battery:  78.34% | Loss: 
Placing Sensors
[Episode 754/1000] Steps: 720 | Reward:   59.98 | Battery:  78.50% | Loss: 
Placing Sensors
Policy 0.0017 | Value 16.3429 | Lyap 0.0102 | Dynamics 0.9789 | Barrier 0.0000 | KL 0.00052 | CF 0.0047
[Episode 755/1000] Steps: 720 | Reward:   59.26 | Battery:  78.07% | Loss: 8.2548
Placing Sensors
[Episode 756/1000] Steps: 720 | Reward:   56.14 | Battery:  78.44% | Loss: 
Placing Sensors
[Episode 757/1000] Steps: 720 | Reward:   59.19 | Battery:  78.25% | Loss: 
Placing Sensors
[Episode 758/1000] Steps: 720 | Reward:   63.93 | Battery:  78.58% | Loss: 
Placing Sensors
[Episode 759/1000] Steps: 720 | Reward:   58.71 | Battery:  78.52% | Loss: 
Placing Sensors
Policy 0.0012 | Value 14.8375 | Lyap 0.0101 | Dynamics 0.9509 | Barrier 0.0000 | KL -0.00095 | CF 0.0072
[Episode 760/1000] Steps: 720 | Reward:   59.85 | Battery:  78.28% | Loss: 7.4988
Placing Sensors
[Episode 761/1000] Steps: 720 | Reward:   56.05 | Battery:  78.29% | Loss: 
Placing Sensors
[Episode 762/1000] Steps: 720 | Reward:   58.56 | Battery:  78.56% | Loss: 
Placing Sensors
[Episode 763/1000] Steps: 720 | Reward:   59.40 | Battery:  78.53% | Loss: 
Placing Sensors
[Episode 764/1000] Steps: 720 | Reward:   59.02 | Battery:  78.32% | Loss: 
Placing Sensors
Policy 0.0006 | Value 18.9217 | Lyap 0.0101 | Dynamics 0.9361 | Barrier 0.0000 | KL 0.00036 | CF 0.0064
[Episode 765/1000] Steps: 720 | Reward:   54.84 | Battery:  78.45% | Loss: 9.5389
Placing Sensors
[Episode 766/1000] Steps: 720 | Reward:   57.82 | Battery:  78.21% | Loss: 
Placing Sensors
[Episode 767/1000] Steps: 720 | Reward:   53.90 | Battery:  78.28% | Loss: 
Placing Sensors
[Episode 768/1000] Steps: 720 | Reward:   52.80 | Battery:  78.51% | Loss: 
Placing Sensors
[Episode 769/1000] Steps: 720 | Reward:   57.56 | Battery:  78.35% | Loss: 
Placing Sensors
Policy -0.0002 | Value 18.1229 | Lyap 0.0101 | Dynamics 0.9396 | Barrier 0.0000 | KL 0.00080 | CF 0.0036
[Episode 770/1000] Steps: 720 | Reward:   57.89 | Battery:  78.41% | Loss: 9.1390
Placing Sensors
[Episode 771/1000] Steps: 720 | Reward:   56.55 | Battery:  78.48% | Loss: 
Placing Sensors
[Episode 772/1000] Steps: 720 | Reward:   58.15 | Battery:  78.57% | Loss: 
Placing Sensors
[Episode 773/1000] Steps: 720 | Reward:   58.70 | Battery:  78.48% | Loss: 
Placing Sensors
[Episode 774/1000] Steps: 720 | Reward:   55.08 | Battery:  78.55% | Loss: 
Placing Sensors
Policy -0.0007 | Value 19.5312 | Lyap 0.0102 | Dynamics 0.9438 | Barrier 0.0000 | KL 0.00072 | CF 0.0042
[Episode 775/1000] Steps: 720 | Reward:   54.39 | Battery:  78.16% | Loss: 9.8431
Placing Sensors
[Episode 776/1000] Steps: 720 | Reward:   59.21 | Battery:  78.38% | Loss: 
Placing Sensors
[Episode 777/1000] Steps: 720 | Reward:   57.04 | Battery:  78.54% | Loss: 
Placing Sensors
[Episode 778/1000] Steps: 720 | Reward:   58.80 | Battery:  78.56% | Loss: 
Placing Sensors
[Episode 779/1000] Steps: 720 | Reward:   61.24 | Battery:  78.40% | Loss: 
Placing Sensors
Policy 0.0003 | Value 18.7369 | Lyap 0.0101 | Dynamics 0.9578 | Barrier 0.0000 | KL 0.00057 | CF 0.0036
[Episode 780/1000] Steps: 720 | Reward:   57.85 | Battery:  78.44% | Loss: 9.4483
Placing Sensors
[Episode 781/1000] Steps: 720 | Reward:   53.76 | Battery:  78.33% | Loss: 
Placing Sensors
[Episode 782/1000] Steps: 720 | Reward:   55.98 | Battery:  78.26% | Loss: 
Placing Sensors
[Episode 783/1000] Steps: 720 | Reward:   59.43 | Battery:  78.20% | Loss: 
Placing Sensors
[Episode 784/1000] Steps: 720 | Reward:   58.37 | Battery:  78.46% | Loss: 
Placing Sensors
Policy 0.0004 | Value 18.9468 | Lyap 0.0101 | Dynamics 0.9246 | Barrier 0.0000 | KL 0.00080 | CF 0.0014
[Episode 785/1000] Steps: 720 | Reward:   59.83 | Battery:  78.43% | Loss: 9.5501
Placing Sensors
[Episode 786/1000] Steps: 720 | Reward:   55.28 | Battery:  78.42% | Loss: 
Placing Sensors
[Episode 787/1000] Steps: 720 | Reward:   57.81 | Battery:  78.44% | Loss: 
Placing Sensors
[Episode 788/1000] Steps: 720 | Reward:   56.67 | Battery:  78.54% | Loss: 
Placing Sensors
[Episode 789/1000] Steps: 720 | Reward:   56.97 | Battery:  78.51% | Loss: 
Placing Sensors
Policy -0.0004 | Value 18.2605 | Lyap 0.0101 | Dynamics 0.9259 | Barrier 0.0000 | KL 0.00088 | CF 0.0039
[Episode 790/1000] Steps: 720 | Reward:   62.95 | Battery:  78.46% | Loss: 9.2063
Placing Sensors
[Episode 791/1000] Steps: 720 | Reward:   61.27 | Battery:  78.39% | Loss: 
Placing Sensors
[Episode 792/1000] Steps: 720 | Reward:   60.27 | Battery:  78.28% | Loss: 
Placing Sensors
[Episode 793/1000] Steps: 720 | Reward:   61.51 | Battery:  78.37% | Loss: 
Placing Sensors
[Episode 794/1000] Steps: 720 | Reward:   57.63 | Battery:  78.04% | Loss: 
Placing Sensors
Policy -0.0004 | Value 16.0557 | Lyap 0.0101 | Dynamics 0.8862 | Barrier 0.0000 | KL -0.00023 | CF 0.0008
[Episode 795/1000] Steps: 720 | Reward:   59.15 | Battery:  78.53% | Loss: 8.0999
Placing Sensors
[Episode 796/1000] Steps: 720 | Reward:   55.76 | Battery:  78.44% | Loss: 
Placing Sensors
[Episode 797/1000] Steps: 720 | Reward:   63.04 | Battery:  78.51% | Loss: 
Placing Sensors
[Episode 798/1000] Steps: 720 | Reward:   55.34 | Battery:  78.42% | Loss: 
Placing Sensors
[Episode 799/1000] Steps: 720 | Reward:   61.30 | Battery:  78.58% | Loss: 
Placing Sensors
Policy 0.0003 | Value 15.5520 | Lyap 0.0101 | Dynamics 0.9046 | Barrier 0.0000 | KL 0.00028 | CF 0.0017
[Episode 800/1000] Steps: 720 | Reward:   56.56 | Battery:  78.46% | Loss: 7.8505
Placing Sensors
[Episode 801/1000] Steps: 720 | Reward:   57.91 | Battery:  78.37% | Loss: 
Placing Sensors
[Episode 802/1000] Steps: 720 | Reward:   61.07 | Battery:  78.42% | Loss: 
Placing Sensors
[Episode 803/1000] Steps: 720 | Reward:   58.62 | Battery:  78.28% | Loss: 
Placing Sensors
[Episode 804/1000] Steps: 720 | Reward:   52.89 | Battery:  78.57% | Loss: 
Placing Sensors
Policy 0.0002 | Value 15.4892 | Lyap 0.0101 | Dynamics 0.9221 | Barrier 0.0000 | KL -0.00022 | CF 0.0008
[Episode 805/1000] Steps: 720 | Reward:   60.66 | Battery:  78.42% | Loss: 7.8208
Placing Sensors
[Episode 806/1000] Steps: 720 | Reward:   58.28 | Battery:  78.21% | Loss: 
Placing Sensors
[Episode 807/1000] Steps: 720 | Reward:   56.18 | Battery:  78.15% | Loss: 
Placing Sensors
[Episode 808/1000] Steps: 720 | Reward:   60.54 | Battery:  78.44% | Loss: 
Placing Sensors
[Episode 809/1000] Steps: 720 | Reward:   61.14 | Battery:  78.13% | Loss: 
Placing Sensors
Policy 0.0004 | Value 15.4294 | Lyap 0.0101 | Dynamics 0.9548 | Barrier 0.0000 | KL 0.00060 | CF 0.0014
[Episode 810/1000] Steps: 720 | Reward:   57.57 | Battery:  78.17% | Loss: 7.7944
Placing Sensors
[Episode 811/1000] Steps: 720 | Reward:   63.45 | Battery:  78.50% | Loss: 
Placing Sensors
[Episode 812/1000] Steps: 720 | Reward:   62.52 | Battery:  78.30% | Loss: 
Placing Sensors
[Episode 813/1000] Steps: 720 | Reward:   56.91 | Battery:  78.59% | Loss: 
Placing Sensors
[Episode 814/1000] Steps: 720 | Reward:   59.14 | Battery:  78.26% | Loss: 
Placing Sensors
Policy -0.0001 | Value 18.8456 | Lyap 0.0101 | Dynamics 0.9460 | Barrier 0.0000 | KL 0.00041 | CF 0.0011
[Episode 815/1000] Steps: 720 | Reward:   60.44 | Battery:  78.44% | Loss: 9.5011
Placing Sensors
[Episode 816/1000] Steps: 720 | Reward:   60.63 | Battery:  78.45% | Loss: 
Placing Sensors
[Episode 817/1000] Steps: 720 | Reward:   58.25 | Battery:  78.48% | Loss: 
Placing Sensors
[Episode 818/1000] Steps: 720 | Reward:   60.16 | Battery:  78.52% | Loss: 
Placing Sensors
[Episode 819/1000] Steps: 720 | Reward:   54.07 | Battery:  78.30% | Loss: 
Placing Sensors
Policy 0.0001 | Value 17.8349 | Lyap 0.0101 | Dynamics 0.9381 | Barrier 0.0000 | KL 0.00036 | CF 0.0022
[Episode 820/1000] Steps: 720 | Reward:   59.44 | Battery:  78.42% | Loss: 8.9952
Placing Sensors
[Episode 821/1000] Steps: 720 | Reward:   61.27 | Battery:  78.60% | Loss: 
Placing Sensors
[Episode 822/1000] Steps: 720 | Reward:   57.65 | Battery:  78.22% | Loss: 
Placing Sensors
[Episode 823/1000] Steps: 720 | Reward:   60.99 | Battery:  78.46% | Loss: 
Placing Sensors
[Episode 824/1000] Steps: 720 | Reward:   57.32 | Battery:  78.16% | Loss: 
Placing Sensors
Policy 0.0007 | Value 16.8979 | Lyap 0.0101 | Dynamics 0.9448 | Barrier 0.0000 | KL -0.00001 | CF 0.0019
[Episode 825/1000] Steps: 720 | Reward:   56.64 | Battery:  78.33% | Loss: 8.5280
Placing Sensors
[Episode 826/1000] Steps: 720 | Reward:   60.68 | Battery:  78.51% | Loss: 
Placing Sensors
[Episode 827/1000] Steps: 720 | Reward:   62.43 | Battery:  78.36% | Loss: 
Placing Sensors
[Episode 828/1000] Steps: 720 | Reward:   58.61 | Battery:  78.54% | Loss: 
Placing Sensors
[Episode 829/1000] Steps: 720 | Reward:   60.71 | Battery:  78.52% | Loss: 
Placing Sensors
Policy 0.0004 | Value 16.2342 | Lyap 0.0101 | Dynamics 0.9031 | Barrier 0.0000 | KL 0.00018 | CF 0.0006
[Episode 830/1000] Steps: 720 | Reward:   59.04 | Battery:  78.44% | Loss: 8.1916
Placing Sensors
[Episode 831/1000] Steps: 720 | Reward:   59.95 | Battery:  78.22% | Loss: 
Placing Sensors
[Episode 832/1000] Steps: 720 | Reward:   55.83 | Battery:  78.41% | Loss: 
Placing Sensors
[Episode 833/1000] Steps: 720 | Reward:   57.53 | Battery:  78.28% | Loss: 
Placing Sensors
[Episode 834/1000] Steps: 720 | Reward:   54.13 | Battery:  78.33% | Loss: 
Placing Sensors
Policy 0.0003 | Value 16.3038 | Lyap 0.0101 | Dynamics 0.8908 | Barrier 0.0000 | KL -0.00017 | CF 0.0008
[Episode 835/1000] Steps: 720 | Reward:   62.03 | Battery:  78.43% | Loss: 8.2251
Placing Sensors
[Episode 836/1000] Steps: 720 | Reward:   58.70 | Battery:  78.38% | Loss: 
Placing Sensors
[Episode 837/1000] Steps: 720 | Reward:   57.21 | Battery:  78.43% | Loss: 
Placing Sensors
[Episode 838/1000] Steps: 720 | Reward:   58.04 | Battery:  78.51% | Loss: 
Placing Sensors
[Episode 839/1000] Steps: 720 | Reward:   59.21 | Battery:  78.13% | Loss: 
Placing Sensors
Policy -0.0002 | Value 18.6594 | Lyap 0.0101 | Dynamics 0.8624 | Barrier 0.0000 | KL 0.00006 | CF 0.0003
[Episode 840/1000] Steps: 720 | Reward:   62.64 | Battery:  78.57% | Loss: 9.3995
Placing Sensors
[Episode 841/1000] Steps: 720 | Reward:   60.28 | Battery:  78.30% | Loss: 
Placing Sensors
[Episode 842/1000] Steps: 720 | Reward:   57.46 | Battery:  78.58% | Loss: 
Placing Sensors
[Episode 843/1000] Steps: 720 | Reward:   57.78 | Battery:  78.37% | Loss: 
Placing Sensors
[Episode 844/1000] Steps: 720 | Reward:   56.11 | Battery:  78.37% | Loss: 
Placing Sensors
Policy 0.0001 | Value 16.9186 | Lyap 0.0101 | Dynamics 0.8450 | Barrier 0.0000 | KL 0.00006 | CF 0.0000
[Episode 845/1000] Steps: 720 | Reward:   60.52 | Battery:  78.42% | Loss: 8.5277
Placing Sensors
[Episode 846/1000] Steps: 720 | Reward:   59.28 | Battery:  78.47% | Loss: 
Placing Sensors
[Episode 847/1000] Steps: 720 | Reward:   60.23 | Battery:  78.44% | Loss: 
Placing Sensors
[Episode 848/1000] Steps: 720 | Reward:   56.96 | Battery:  78.57% | Loss: 
Placing Sensors
[Episode 849/1000] Steps: 720 | Reward:   64.37 | Battery:  78.37% | Loss: 
Placing Sensors
Policy 0.0001 | Value 15.1596 | Lyap 0.0101 | Dynamics 0.8428 | Barrier 0.0000 | KL 0.00006 | CF 0.0000
[Episode 850/1000] Steps: 720 | Reward:   56.54 | Battery:  78.57% | Loss: 7.6480
Placing Sensors
[Episode 851/1000] Steps: 720 | Reward:   58.75 | Battery:  78.35% | Loss: 
Placing Sensors
[Episode 852/1000] Steps: 720 | Reward:   57.18 | Battery:  78.54% | Loss: 
Placing Sensors
[Episode 853/1000] Steps: 720 | Reward:   62.42 | Battery:  78.49% | Loss: 
Placing Sensors
[Episode 854/1000] Steps: 720 | Reward:   57.50 | Battery:  78.45% | Loss: 
Placing Sensors
Policy -0.0001 | Value 13.7377 | Lyap 0.0101 | Dynamics 0.8652 | Barrier 0.0000 | KL -0.00010 | CF 0.0000
[Episode 855/1000] Steps: 720 | Reward:   58.62 | Battery:  78.17% | Loss: 6.9391
Placing Sensors
[Episode 856/1000] Steps: 720 | Reward:   61.28 | Battery:  78.27% | Loss: 
Placing Sensors
[Episode 857/1000] Steps: 720 | Reward:   54.37 | Battery:  78.49% | Loss: 
Placing Sensors
[Episode 858/1000] Steps: 720 | Reward:   55.32 | Battery:  78.29% | Loss: 
Placing Sensors
[Episode 859/1000] Steps: 720 | Reward:   57.45 | Battery:  78.44% | Loss: 
Placing Sensors
Policy 0.0001 | Value 15.1948 | Lyap 0.0101 | Dynamics 0.8723 | Barrier 0.0000 | KL 0.00021 | CF 0.0003
[Episode 860/1000] Steps: 720 | Reward:   60.64 | Battery:  78.52% | Loss: 7.6685
Placing Sensors
[Episode 861/1000] Steps: 720 | Reward:   58.10 | Battery:  78.49% | Loss: 
Placing Sensors
[Episode 862/1000] Steps: 720 | Reward:   55.30 | Battery:  78.48% | Loss: 
Placing Sensors
[Episode 863/1000] Steps: 720 | Reward:   59.24 | Battery:  78.41% | Loss: 
Placing Sensors
[Episode 864/1000] Steps: 720 | Reward:   61.39 | Battery:  78.47% | Loss: 
Placing Sensors
Policy 0.0002 | Value 13.3455 | Lyap 0.0101 | Dynamics 0.8698 | Barrier 0.0000 | KL -0.00001 | CF 0.0003
[Episode 865/1000] Steps: 720 | Reward:   58.34 | Battery:  78.55% | Loss: 6.7438
Placing Sensors
[Episode 866/1000] Steps: 720 | Reward:   62.48 | Battery:  78.24% | Loss: 
Placing Sensors
[Episode 867/1000] Steps: 720 | Reward:   61.72 | Battery:  78.41% | Loss: 
Placing Sensors
[Episode 868/1000] Steps: 720 | Reward:   55.80 | Battery:  78.52% | Loss: 
Placing Sensors
[Episode 869/1000] Steps: 720 | Reward:   59.55 | Battery:  78.47% | Loss: 
Placing Sensors
Policy 0.0003 | Value 17.6183 | Lyap 0.0101 | Dynamics 0.8396 | Barrier 0.0000 | KL 0.00008 | CF 0.0006
[Episode 870/1000] Steps: 720 | Reward:   62.95 | Battery:  78.54% | Loss: 8.8772
Placing Sensors
[Episode 871/1000] Steps: 720 | Reward:   58.51 | Battery:  78.48% | Loss: 
Placing Sensors
[Episode 872/1000] Steps: 720 | Reward:   61.33 | Battery:  78.38% | Loss: 
Placing Sensors
[Episode 873/1000] Steps: 720 | Reward:   64.51 | Battery:  78.05% | Loss: 
Placing Sensors
[Episode 874/1000] Steps: 720 | Reward:   56.72 | Battery:  78.52% | Loss: 
Placing Sensors
Policy -0.0001 | Value 17.6832 | Lyap 0.0101 | Dynamics 0.8504 | Barrier 0.0000 | KL -0.00010 | CF 0.0003
[Episode 875/1000] Steps: 720 | Reward:   58.71 | Battery:  78.54% | Loss: 8.9103
Placing Sensors
[Episode 876/1000] Steps: 720 | Reward:   59.08 | Battery:  78.65% | Loss: 
Placing Sensors
[Episode 877/1000] Steps: 720 | Reward:   56.58 | Battery:  78.39% | Loss: 
Placing Sensors
[Episode 878/1000] Steps: 720 | Reward:   58.16 | Battery:  78.51% | Loss: 
Placing Sensors
[Episode 879/1000] Steps: 720 | Reward:   61.08 | Battery:  78.36% | Loss: 
Placing Sensors
Policy -0.0001 | Value 16.3729 | Lyap 0.0101 | Dynamics 0.8258 | Barrier 0.0000 | KL -0.00014 | CF 0.0000
[Episode 880/1000] Steps: 720 | Reward:   60.35 | Battery:  78.43% | Loss: 8.2527
Placing Sensors
[Episode 881/1000] Steps: 720 | Reward:   57.17 | Battery:  78.32% | Loss: 
Placing Sensors
[Episode 882/1000] Steps: 720 | Reward:   56.96 | Battery:  78.37% | Loss: 
Placing Sensors
[Episode 883/1000] Steps: 720 | Reward:   55.71 | Battery:  78.13% | Loss: 
Placing Sensors
[Episode 884/1000] Steps: 720 | Reward:   59.98 | Battery:  78.43% | Loss: 
Placing Sensors
Policy -0.0000 | Value 18.3255 | Lyap 0.0101 | Dynamics 0.7924 | Barrier 0.0000 | KL 0.00006 | CF 0.0003
[Episode 885/1000] Steps: 720 | Reward:   57.40 | Battery:  78.41% | Loss: 9.2258
Placing Sensors
[Episode 886/1000] Steps: 720 | Reward:   58.46 | Battery:  78.12% | Loss: 
Placing Sensors
[Episode 887/1000] Steps: 720 | Reward:   59.74 | Battery:  78.53% | Loss: 
Placing Sensors
[Episode 888/1000] Steps: 720 | Reward:   56.55 | Battery:  78.37% | Loss: 
Placing Sensors
[Episode 889/1000] Steps: 720 | Reward:   54.72 | Battery:  78.48% | Loss: 
Placing Sensors
Policy -0.0000 | Value 17.5493 | Lyap 0.0101 | Dynamics 0.8132 | Barrier 0.0000 | KL 0.00044 | CF 0.0008
[Episode 890/1000] Steps: 720 | Reward:   59.14 | Battery:  78.28% | Loss: 8.8398
Placing Sensors
[Episode 891/1000] Steps: 720 | Reward:   58.07 | Battery:  78.45% | Loss: 
Placing Sensors
[Episode 892/1000] Steps: 720 | Reward:   56.35 | Battery:  78.41% | Loss: 
Placing Sensors
[Episode 893/1000] Steps: 720 | Reward:   61.57 | Battery:  78.29% | Loss: 
Placing Sensors
[Episode 894/1000] Steps: 720 | Reward:   56.26 | Battery:  78.52% | Loss: 
Placing Sensors
Policy -0.0003 | Value 16.7779 | Lyap 0.0101 | Dynamics 0.8257 | Barrier 0.0000 | KL 0.00036 | CF 0.0000
[Episode 895/1000] Steps: 720 | Reward:   54.41 | Battery:  78.40% | Loss: 8.4550
Placing Sensors
[Episode 896/1000] Steps: 720 | Reward:   60.78 | Battery:  78.16% | Loss: 
Placing Sensors
[Episode 897/1000] Steps: 720 | Reward:   59.65 | Battery:  78.48% | Loss: 
Placing Sensors
[Episode 898/1000] Steps: 720 | Reward:   57.08 | Battery:  78.23% | Loss: 
Placing Sensors
[Episode 899/1000] Steps: 720 | Reward:   55.68 | Battery:  78.40% | Loss: 
Placing Sensors
Policy 0.0001 | Value 19.6584 | Lyap 0.0101 | Dynamics 0.8222 | Barrier 0.0000 | KL 0.00011 | CF 0.0008
[Episode 900/1000] Steps: 720 | Reward:   56.97 | Battery:  78.29% | Loss: 9.8953
Placing Sensors
[Episode 901/1000] Steps: 720 | Reward:   56.31 | Battery:  78.50% | Loss: 
Placing Sensors
[Episode 902/1000] Steps: 720 | Reward:   52.80 | Battery:  78.44% | Loss: 
Placing Sensors
[Episode 903/1000] Steps: 720 | Reward:   62.53 | Battery:  78.18% | Loss: 
Placing Sensors
[Episode 904/1000] Steps: 720 | Reward:   52.13 | Battery:  78.45% | Loss: 
Placing Sensors
Policy 0.0002 | Value 18.5782 | Lyap 0.0101 | Dynamics 0.8131 | Barrier 0.0000 | KL 0.00008 | CF 0.0003
[Episode 905/1000] Steps: 720 | Reward:   60.29 | Battery:  78.30% | Loss: 9.3543
Placing Sensors
[Episode 906/1000] Steps: 720 | Reward:   59.65 | Battery:  78.38% | Loss: 
Placing Sensors
[Episode 907/1000] Steps: 720 | Reward:   59.74 | Battery:  78.43% | Loss: 
Placing Sensors
[Episode 908/1000] Steps: 720 | Reward:   58.37 | Battery:  78.51% | Loss: 
Placing Sensors
[Episode 909/1000] Steps: 720 | Reward:   52.82 | Battery:  78.39% | Loss: 
Placing Sensors
Policy 0.0000 | Value 18.5720 | Lyap 0.0101 | Dynamics 0.8063 | Barrier 0.0000 | KL 0.00009 | CF 0.0000
[Episode 910/1000] Steps: 720 | Reward:   54.76 | Battery:  78.57% | Loss: 9.3504
Placing Sensors
[Episode 911/1000] Steps: 720 | Reward:   61.25 | Battery:  78.31% | Loss: 
Placing Sensors
[Episode 912/1000] Steps: 720 | Reward:   54.83 | Battery:  78.48% | Loss: 
Placing Sensors
[Episode 913/1000] Steps: 720 | Reward:   58.83 | Battery:  78.52% | Loss: 
Placing Sensors
[Episode 914/1000] Steps: 720 | Reward:   59.78 | Battery:  78.51% | Loss: 
Placing Sensors
Policy 0.0000 | Value 14.6183 | Lyap 0.0101 | Dynamics 0.8085 | Barrier 0.0000 | KL 0.00007 | CF 0.0003
[Episode 915/1000] Steps: 720 | Reward:   55.60 | Battery:  78.40% | Loss: 7.3738
Placing Sensors
[Episode 916/1000] Steps: 720 | Reward:   57.25 | Battery:  78.45% | Loss: 
Placing Sensors
[Episode 917/1000] Steps: 720 | Reward:   58.59 | Battery:  78.38% | Loss: 
Placing Sensors
[Episode 918/1000] Steps: 720 | Reward:   59.74 | Battery:  78.24% | Loss: 
Placing Sensors
[Episode 919/1000] Steps: 720 | Reward:   57.56 | Battery:  78.34% | Loss: 
Placing Sensors
Policy 0.0003 | Value 14.0147 | Lyap 0.0101 | Dynamics 0.7961 | Barrier 0.0000 | KL 0.00030 | CF 0.0003
[Episode 920/1000] Steps: 720 | Reward:   58.65 | Battery:  78.55% | Loss: 7.0710
Placing Sensors
[Episode 921/1000] Steps: 720 | Reward:   57.68 | Battery:  78.48% | Loss: 
Placing Sensors
[Episode 922/1000] Steps: 720 | Reward:   55.65 | Battery:  78.33% | Loss: 
Placing Sensors
[Episode 923/1000] Steps: 720 | Reward:   57.43 | Battery:  78.15% | Loss: 
Placing Sensors
[Episode 924/1000] Steps: 720 | Reward:   53.96 | Battery:  78.55% | Loss: 
Placing Sensors
Policy 0.0000 | Value 17.6486 | Lyap 0.0101 | Dynamics 0.7638 | Barrier 0.0000 | KL 0.00005 | CF 0.0003
[Episode 925/1000] Steps: 720 | Reward:   55.47 | Battery:  78.49% | Loss: 8.8845
Placing Sensors
[Episode 926/1000] Steps: 720 | Reward:   58.46 | Battery:  78.37% | Loss: 
Placing Sensors
[Episode 927/1000] Steps: 720 | Reward:   57.10 | Battery:  78.39% | Loss: 
Placing Sensors
[Episode 928/1000] Steps: 720 | Reward:   59.90 | Battery:  78.52% | Loss: 
Placing Sensors
[Episode 929/1000] Steps: 720 | Reward:   59.52 | Battery:  78.40% | Loss: 
Placing Sensors
Policy -0.0001 | Value 16.8543 | Lyap 0.0101 | Dynamics 0.7796 | Barrier 0.0000 | KL 0.00018 | CF 0.0006
[Episode 930/1000] Steps: 720 | Reward:   62.40 | Battery:  78.37% | Loss: 8.4888
Placing Sensors
[Episode 931/1000] Steps: 720 | Reward:   59.24 | Battery:  78.27% | Loss: 
Placing Sensors
[Episode 932/1000] Steps: 720 | Reward:   62.09 | Battery:  78.42% | Loss: 
Placing Sensors
/home/ece_p/UGV-EH-Maximization/venv/lib/python3.8/site-packages/torch/nn/modules/transformer.py:307: UserWarning: enable_nested_tensor is True, but self.use_nested_tensor is False because encoder_layer.norm_first was True
  warnings.warn(f"enable_nested_tensor is True, but self.use_nested_tensor is False because {why_not_sparsity_fast_path}")
[Episode 933/1000] Steps: 720 | Reward:   54.06 | Battery:  78.56% | Loss: 
Placing Sensors
[Episode 934/1000] Steps: 720 | Reward:   55.88 | Battery:  78.34% | Loss: 
Placing Sensors
Policy -0.0001 | Value 18.0657 | Lyap 0.0101 | Dynamics 0.7734 | Barrier 0.0000 | KL 0.00001 | CF 0.0000
[Episode 935/1000] Steps: 720 | Reward:   64.12 | Battery:  78.54% | Loss: 9.0939
Placing Sensors
[Episode 936/1000] Steps: 720 | Reward:   62.20 | Battery:  78.21% | Loss: 
Placing Sensors
[Episode 937/1000] Steps: 720 | Reward:   55.47 | Battery:  78.37% | Loss: 
Placing Sensors
[Episode 938/1000] Steps: 720 | Reward:   57.92 | Battery:  78.50% | Loss: 
Placing Sensors
[Episode 939/1000] Steps: 720 | Reward:   57.23 | Battery:  78.47% | Loss: 
Placing Sensors
Policy 0.0001 | Value 16.0113 | Lyap 0.0101 | Dynamics 0.7790 | Barrier 0.0000 | KL 0.00008 | CF 0.0008
[Episode 940/1000] Steps: 720 | Reward:   56.68 | Battery:  78.48% | Loss: 8.0674
Placing Sensors
[Episode 941/1000] Steps: 720 | Reward:   57.39 | Battery:  78.55% | Loss: 
Placing Sensors
[Episode 942/1000] Steps: 720 | Reward:   56.43 | Battery:  78.26% | Loss: 
Placing Sensors
[Episode 943/1000] Steps: 720 | Reward:   58.43 | Battery:  78.49% | Loss: 
Placing Sensors
[Episode 944/1000] Steps: 720 | Reward:   57.29 | Battery:  78.22% | Loss: 
Placing Sensors
Policy -0.0004 | Value 14.0699 | Lyap 0.0101 | Dynamics 0.7987 | Barrier 0.0000 | KL -0.00000 | CF 0.0006
[Episode 945/1000] Steps: 720 | Reward:   56.39 | Battery:  78.38% | Loss: 7.0982
Placing Sensors
[Episode 946/1000] Steps: 720 | Reward:   54.53 | Battery:  78.45% | Loss: 
Placing Sensors
[Episode 947/1000] Steps: 720 | Reward:   55.43 | Battery:  78.35% | Loss: 
Placing Sensors
[Episode 948/1000] Steps: 720 | Reward:   56.24 | Battery:  78.49% | Loss: 
Placing Sensors
[Episode 949/1000] Steps: 720 | Reward:   59.61 | Battery:  78.19% | Loss: 
Placing Sensors
Policy 0.0002 | Value 17.4737 | Lyap 0.0101 | Dynamics 0.8235 | Barrier 0.0000 | KL 0.00003 | CF 0.0000
[Episode 950/1000] Steps: 720 | Reward:   57.02 | Battery:  78.43% | Loss: 8.8032
Placing Sensors
[Episode 951/1000] Steps: 720 | Reward:   62.17 | Battery:  78.43% | Loss: 
Placing Sensors
[Episode 952/1000] Steps: 720 | Reward:   59.02 | Battery:  78.41% | Loss: 
Placing Sensors
[Episode 953/1000] Steps: 720 | Reward:   60.67 | Battery:  78.52% | Loss: 
Placing Sensors
[Episode 954/1000] Steps: 720 | Reward:   56.24 | Battery:  78.48% | Loss: 
Placing Sensors
Policy 0.0001 | Value 20.5032 | Lyap 0.0101 | Dynamics 0.8012 | Barrier 0.0000 | KL 0.00010 | CF 0.0003
[Episode 955/1000] Steps: 720 | Reward:   58.79 | Battery:  78.50% | Loss: 10.3156
Placing Sensors
[Episode 956/1000] Steps: 720 | Reward:   59.10 | Battery:  78.24% | Loss: 
Placing Sensors
[Episode 957/1000] Steps: 720 | Reward:   62.56 | Battery:  78.43% | Loss: 
Placing Sensors
[Episode 958/1000] Steps: 720 | Reward:   55.57 | Battery:  78.29% | Loss: 
Placing Sensors
[Episode 959/1000] Steps: 720 | Reward:   63.07 | Battery:  78.50% | Loss: 
Placing Sensors
Policy 0.0004 | Value 17.3296 | Lyap 0.0101 | Dynamics 0.8134 | Barrier 0.0000 | KL 0.00056 | CF 0.0006
[Episode 960/1000] Steps: 720 | Reward:   58.41 | Battery:  78.52% | Loss: 8.7302
Placing Sensors
[Episode 961/1000] Steps: 720 | Reward:   58.60 | Battery:  78.26% | Loss: 
Placing Sensors
[Episode 962/1000] Steps: 720 | Reward:   58.74 | Battery:  78.31% | Loss: 
Placing Sensors
[Episode 963/1000] Steps: 720 | Reward:   55.11 | Battery:  78.52% | Loss: 
Placing Sensors
[Episode 964/1000] Steps: 720 | Reward:   56.05 | Battery:  78.43% | Loss: 
Placing Sensors
Policy 0.0001 | Value 16.3163 | Lyap 0.0101 | Dynamics 0.7770 | Barrier 0.0000 | KL 0.00000 | CF 0.0008
[Episode 965/1000] Steps: 720 | Reward:   62.44 | Battery:  78.42% | Loss: 8.2197
Placing Sensors
[Episode 966/1000] Steps: 720 | Reward:   64.23 | Battery:  78.18% | Loss: 
Placing Sensors
[Episode 967/1000] Steps: 720 | Reward:   60.80 | Battery:  78.51% | Loss: 
Placing Sensors
[Episode 968/1000] Steps: 720 | Reward:   60.69 | Battery:  78.37% | Loss: 
Placing Sensors
[Episode 969/1000] Steps: 720 | Reward:   58.99 | Battery:  78.32% | Loss: 
Placing Sensors
Policy 0.0003 | Value 17.3775 | Lyap 0.0101 | Dynamics 0.7498 | Barrier 0.0000 | KL 0.00047 | CF 0.0017
[Episode 970/1000] Steps: 720 | Reward:   60.08 | Battery:  78.49% | Loss: 8.7478
Placing Sensors
[Episode 971/1000] Steps: 720 | Reward:   58.42 | Battery:  78.41% | Loss: 
Placing Sensors
[Episode 972/1000] Steps: 720 | Reward:   56.47 | Battery:  78.47% | Loss: 
Placing Sensors
[Episode 973/1000] Steps: 720 | Reward:   59.27 | Battery:  78.26% | Loss: 
Placing Sensors
[Episode 974/1000] Steps: 720 | Reward:   57.71 | Battery:  78.53% | Loss: 
Placing Sensors
Policy -0.0002 | Value 17.9743 | Lyap 0.0101 | Dynamics 0.7685 | Barrier 0.0000 | KL 0.00078 | CF 0.0019
[Episode 975/1000] Steps: 720 | Reward:   57.87 | Battery:  78.25% | Loss: 9.0476
Placing Sensors
[Episode 976/1000] Steps: 720 | Reward:   57.11 | Battery:  78.56% | Loss: 
Placing Sensors
[Episode 977/1000] Steps: 720 | Reward:   61.49 | Battery:  78.44% | Loss: 
Placing Sensors
[Episode 978/1000] Steps: 720 | Reward:   56.85 | Battery:  78.47% | Loss: 
Placing Sensors
[Episode 979/1000] Steps: 720 | Reward:   52.86 | Battery:  78.24% | Loss: 
Placing Sensors
Policy -0.0001 | Value 28.1396 | Lyap 0.0101 | Dynamics 0.7696 | Barrier 0.0000 | KL 0.00032 | CF 0.0028
[Episode 980/1000] Steps: 720 | Reward:   63.85 | Battery:  78.51% | Loss: 14.1305
Placing Sensors
[Episode 981/1000] Steps: 720 | Reward:   56.32 | Battery:  78.37% | Loss: 
Placing Sensors
[Episode 982/1000] Steps: 720 | Reward:   59.91 | Battery:  78.31% | Loss: 
Placing Sensors
[Episode 983/1000] Steps: 720 | Reward:   58.40 | Battery:  78.31% | Loss: 
Placing Sensors
[Episode 984/1000] Steps: 720 | Reward:   63.78 | Battery:  78.40% | Loss: 
Placing Sensors
Policy 0.0005 | Value 27.5945 | Lyap 0.0101 | Dynamics 0.7944 | Barrier 0.0000 | KL 0.00009 | CF 0.0047
[Episode 985/1000] Steps: 720 | Reward:   53.83 | Battery:  78.34% | Loss: 13.8610
Placing Sensors
[Episode 986/1000] Steps: 720 | Reward:   63.43 | Battery:  78.37% | Loss: 
Placing Sensors
[Episode 987/1000] Steps: 720 | Reward:   61.33 | Battery:  78.31% | Loss: 
Placing Sensors
[Episode 988/1000] Steps: 720 | Reward:   59.39 | Battery:  78.43% | Loss: 
Placing Sensors
[Episode 989/1000] Steps: 720 | Reward:   57.43 | Battery:  78.36% | Loss: 
Placing Sensors
Policy -0.0000 | Value 32.8822 | Lyap 0.0101 | Dynamics 0.7874 | Barrier 0.0000 | KL 0.00055 | CF 0.0031
[Episode 990/1000] Steps: 720 | Reward:   60.87 | Battery:  78.38% | Loss: 16.5036
Placing Sensors
[Episode 991/1000] Steps: 720 | Reward:   60.71 | Battery:  78.45% | Loss: 
Placing Sensors
[Episode 992/1000] Steps: 720 | Reward:   60.37 | Battery:  78.42% | Loss: 
Placing Sensors
[Episode 993/1000] Steps: 720 | Reward:   63.46 | Battery:  78.41% | Loss: 
Placing Sensors
[Episode 994/1000] Steps: 720 | Reward:   61.32 | Battery:  78.51% | Loss: 
Placing Sensors
Policy 0.0007 | Value 18.4405 | Lyap 0.0101 | Dynamics 0.7614 | Barrier 0.0000 | KL 0.00110 | CF 0.0036
[Episode 995/1000] Steps: 720 | Reward:   56.49 | Battery:  78.58% | Loss: 9.2809
Placing Sensors
[Episode 996/1000] Steps: 720 | Reward:   57.48 | Battery:  78.49% | Loss: 
Placing Sensors
[Episode 997/1000] Steps: 720 | Reward:   56.48 | Battery:  78.56% | Loss: 
Placing Sensors
[Episode 998/1000] Steps: 720 | Reward:   62.27 | Battery:  78.48% | Loss: 
Placing Sensors
[Episode 999/1000] Steps: 720 | Reward:   59.44 | Battery:  78.38% | Loss: 
Placing Sensors
Policy -0.0000 | Value 17.3750 | Lyap 0.0101 | Dynamics 0.7542 | Barrier 0.0000 | KL 0.00035 | CF 0.0017
[Episode 1000/1000] Steps: 720 | Reward:   63.63 | Battery:  78.19% | Loss: 8.7467
Placing Sensors

==============================
FINAL EVALUATION COMPLETE
==============================

==============================
FINAL EVALUATION COMPLETE
==============================
Total Steps Performed: 720
Final Battery Level: 78.34%
