episode,steps,final_battery,total_reward,total_directional_reward,total_battery_reward,total_movement_penalty,loss,episode_time,rollout_time,inference_time,env_time,update_time,peak_solar_w,mean_solar_w,start_battery,min_battery,idle_mAh,motion_mAh,path_m,turn_integral,net_displacement_m
1,720,42.98294090231442,126.59008019963625,123.22204897863017,7.671479911365509,3.9943234641293035,,131.97258797404356,131.72636962286197,2.0842132137622684,129.6421564090997,0.0,42.26320312505114,16.6923683865993,39.14720094663166,19.300635250370892,11582.399999999969,1242.260037900503,1758.7781801010385,1335.3557059176428,60.75710262284614
2,720,54.19810679969154,155.10688213757967,128.22553685793207,31.123944656283285,3.959535026755323,1.9480960369110107,154.00988703011535,152.21950012585148,2.016976642422378,150.2025234834291,0.8670629970729351,41.86635318705416,17.47907501331942,38.6361344715499,7.944349866699901,11582.399999999969,1224.4611341668583,1721.8611124032373,1347.3656952773752,60.57907651751349
3,720,51.493310205041276,161.28651713132103,137.06587462081478,28.351637307814386,3.8252053778907604,,40.3712485418655,40.11534395883791,0.6516236534807831,39.46372030535713,0.0,42.141910054066344,18.256128796467785,37.31749155113408,18.736467764868518,11582.399999999969,1109.2689663281994,1599.4070061870498,1391.1253294737305,79.73598743934585
4,151,0.0,-54.30269537464289,11.504337762165973,-65.21013267320627,0.5382005526395764,,16.264903242932633,15.955750597873703,0.1376791528891772,15.818071444984525,0.0,25.310842655958005,5.683279007482776,32.60506633660313,0.0,2429.08666666666,288.80373066869333,357.2645232270497,286.0795089113821,7.644003223267594
5,720,37.08859242796012,128.51471578770503,122.55204692819544,10.308250432567974,4.0221635879255055,1.8971812725067139,42.96417557098903,42.32677289494313,0.6491561762522906,41.67761671869084,0.3914474181365222,42.263851946721275,17.38337803577687,31.934467211676136,7.086609793504082,11582.399999999969,1285.5292024375788,1784.460130015701,1358.9447850028162,54.51517093864808
6,720,65.50490928021766,194.94725333750398,142.83130658208577,56.80480176027186,4.3696281651158895,,40.88117867708206,40.629760276991874,0.6538991248235106,39.97586115216836,0.0,42.26354066054034,19.22199297865653,37.10250840008173,15.482280990778785,11582.399999999969,1234.7823054109283,1748.9007524529438,1319.0509970881362,112.05847023927858
7,720,45.885319167254664,159.2850945157278,139.92449120947447,24.014082310177457,4.341899583172404,1.7656058073043823,43.335339607903734,42.71987007395364,0.6439517210237682,42.075918352929875,0.3355968671385199,42.2622531985811,18.9468051811656,33.878278012165936,11.4603835406658,11582.399999999969,1247.5279748177513,1786.2376966568254,1351.5156508935336,78.0874630323977
8,720,37.51181763904212,108.10453774412348,116.65270775373384,-4.460299461458767,3.7742743397996654,,42.33308012201451,42.07808407302946,0.6462456446606666,41.43183842836879,0.0,42.185161070671334,15.080501647940267,39.74196736977151,5.574149733469394,11582.399999999969,1287.9199618674709,1722.1909333564831,1377.9378142237488,75.18508197334711
9,720,41.01260112004122,138.40785153199516,122.60813343003863,19.964663902883174,3.8735973115904385,1.5318005084991455,46.7379777461756,46.142471310915425,0.6456602544058114,45.496811056509614,0.34032489103265107,42.254092735456425,16.78193931199292,31.030269168599645,6.535806128540671,11582.399999999969,1251.1059010688566,1719.1778665411157,1319.3893436441683,68.35035875670174
10,720,41.48072732499541,131.91291585137236,115.8750393100506,20.30080634113149,3.9343006828597837,,39.02721894811839,38.76790808304213,0.6451477331575006,38.12276034988463,0.0,42.22559864518266,15.585455988262112,31.330324154429672,0.73810394954843,11582.399999999969,1354.5285361976291,1793.210663519381,1329.8749175523508,75.34059493476666
11,214,0.0,-43.39231901996905,24.257208756692055,-66.57863743841096,0.974796261603996,,19.992430304875597,19.723940785974264,0.1942541804164648,19.5296866055578,0.0,25.632412354573695,8.297379477013099,33.28931871920549,0.0,3442.5466666666553,420.0055242746689,528.8438453914305,403.1224783312486,4.292783217032434
12,720,56.04847938810369,171.53272748966464,142.54066640779772,33.569851168104236,4.274256906142338,1.3366678953170776,43.156932953046635,42.51124720904045,0.6508723006118089,41.86037490842864,0.39022459904663265,42.263375080943845,19.498922351093086,39.26355380405157,19.389249923586625,11582.399999999969,1198.7420876043072,1729.3202907033592,1345.5926587357355,109.83409154962531
13,147,0.0,-54.26753935928859,10.507561125019226,-64.1653833155778,0.5477748971369054,,16.309257077984512,16.09274980495684,0.13547819782979786,15.95727160712704,0.0,28.300662142929838,5.632755249685487,32.08269165778888,0.0,2364.739999999994,294.5852004715209,363.2055904612446,264.1735813376132,24.840566213549906
14,720,66.64754525581297,216.90079268377582,149.4286249934817,72.06090186653202,4.281852410107389,,40.6374946241267,40.39207077701576,0.6555225341580808,39.73654824285768,0.0,42.239705719085315,19.64832267138855,30.61709432254695,0.6670384492404348,11582.399999999969,1199.0373822616477,1704.184283105742,1373.7553819383768,43.41791413215537
15,720,54.54608512209846,162.86429546539333,130.48939105798996,36.937489329714566,4.2518861054533215,1.3403531312942505,44.023704526014626,43.374767106957734,0.6622009943239391,42.712566112633795,0.3815229081083089,42.23371067909764,17.988151941579215,36.077340457241185,6.649745463106339,11582.399999999969,1263.5221033110176,1783.203440769379,1330.2680825356806,28.20454719427205
16,116,0.0,-58.649721485159866,6.124706617199308,-64.3711426049006,0.3600616077928709,,12.644091200083494,12.381076121004298,0.10635391739197075,12.274722203612328,0.0,20.492985526075586,3.350029626325798,32.185571302450306,0.0,1866.0533333333296,212.31712136800104,263.3705650228881,215.97832474542926,16.813186424480524
17,720,61.240365902958885,178.52070476144192,128.64816863792305,54.384132752158365,4.198498773895732,,41.49330527894199,41.25323074217886,0.6532014673575759,40.60002927482128,0.0,41.99855860988275,17.204764126120185,34.04829952687969,6.777455140217589,11582.399999999969,1320.9922671654729,1810.2933083838034,1347.2476554450907,208.74296402678533
18,720,57.42580404385323,235.32709920404534,200.82205895584042,40.53466161416276,5.707533947752482,1.084107756614685,38.25873231003061,37.641595404129475,0.6512226965278387,36.99037270760164,0.37935878592543304,42.26380760823364,26.57070658268208,37.158473236771854,35.19255387479937,11582.399999999969,1185.0858708381024,1818.3985326453485,1328.9473761845013,26.878474680263444
19,178,0.0,-47.39549635011771,18.45219796076639,-64.96967971287005,0.7972416778136442,,14.655099627096206,14.427574458066374,0.16206323774531484,14.26551122032106,0.0,23.36944664029263,7.257778666595323,32.48483985643504,0.0,2863.426666666658,351.0044737909477,439.9706120085122,362.4600001868175,25.580960885999875
20,720,56.54351357237676,191.03858638508203,144.06148952915237,51.502738379530896,4.209148656093192,,46.95196613506414,46.687069500098005,0.6534786964766681,46.03359080362134,0.0,42.25955662436336,20.072567612803468,30.79214438261132,3.580782570364079,11582.399999999969,1212.3792323976218,1712.5891809849827,1370.3898092159016,43.450939442950535
21,168,0.0,-57.81276058798426,12.647993300529548,-69.74240740790187,0.6456459264913499,,16.3239093569573,16.067179614910856,0.1546362889930606,15.912543325917795,0.0,29.822378353981055,5.994512441513318,34.87120370395095,0.0,2702.559999999992,336.1844326880686,416.33918808825536,296.10702449463395,55.40586228408355
22,720,22.027879392406422,75.77748220667311,106.03579763766345,-26.40560514627783,3.545390759762506,0.9653500914573669,44.15265419892967,43.501934935105965,0.6606945192907006,42.841240415815264,0.3943903318140656,40.33745607791164,14.26145240936775,35.230681965545344,1.722942257892999,11582.399999999969,1299.3071077121122,1712.754358194601,1351.936784164594,150.38555471401824
23,720,57.701464137003576,181.29089297512596,137.7879468826098,47.826388083847576,3.992679804985663,,41.619677033042535,41.37165487697348,0.6558538204990327,40.71580105647445,0.0,42.26367697638896,18.820892183766226,33.78827009507979,2.7784263907202114,11582.399999999969,1179.7911827880575,1640.6143281842774,1395.0152455048058,32.42877717569119
24,112,0.0,-57.87547294557631,5.782445197366473,-63.2289765870913,0.3847411671263104,,13.32373443315737,13.044132546987385,0.10248223738744855,12.941650309599936,0.0,13.30111548212386,3.2325544135918878,31.614488293545655,0.0,1801.7066666666633,225.81004210585948,281.32561856890595,189.57962346710931,72.46916262149357
25,720,54.05708807717563,183.95714780174512,154.15870389712725,34.082951955151316,3.995643684391589,0.5932905673980713,39.47513874201104,38.83296423708089,0.6536720402073115,38.179292196873575,0.38285769522190094,42.15716096064446,21.056899378590707,37.01561209959996,5.227323408777904,11582.399999999969,1108.7782424090822,1594.2047591463204,1325.4966095417456,195.95359821954318
26,720,25.873660968226016,93.84734051665522,108.33058163119937,-10.3538072873368,3.8207895301186654,,41.701797254849225,41.463565449928865,0.6516946565825492,40.811870793346316,0.0,42.07990799398367,15.430658598708241,31.050564611894416,10.577622724510203,11582.399999999969,1333.2786033136586,1810.581263801953,1318.0068246562794,131.12625504404517
27,720,55.76772399564162,181.84120018030572,139.3296658297954,46.7669696869625,3.9379405621198234,0.7489532828330994,40.581496661063284,40.00018196902238,0.6509525082074106,39.34922946081497,0.3364242350216955,42.2587133716932,18.409565363938384,32.38423915216037,16.836131068349143,11582.399999999969,1161.0768427940911,1639.7275082685367,1367.1576984458438,59.4300208373777
28,720,66.15106247612957,203.71943050693034,146.57576214012664,62.08892448911227,4.630660297351415,,42.631365425884724,42.34430388896726,0.6525088218040764,41.691795067163184,0.0,42.26095329399732,20.00421172156142,35.106600231573424,3.6737314792402125,11582.399999999969,1297.089963388516,1832.3494872689062,1292.1000489196224,141.82403239229888
29,720,46.56993288574227,168.24569915625835,155.2298220843676,18.16809260460981,4.807957969472919,0.8169567584991455,42.78041230584495,42.209564302815124,0.6510816200170666,41.55848268279806,0.3371618129312992,42.26183290990299,21.675609906088166,37.48588658343736,18.686771923228697,11582.399999999969,1229.6479692761104,1820.7159565937147,1399.3501082982564,140.89408546277863
30,720,54.407515583471444,172.44988582154167,132.03306797045758,45.13796021394049,4.367221865799633,,46.953920705011114,46.646832429105416,0.6538534555584192,45.992978973547,0.0,41.52751152057475,18.195621605461444,31.8385354765012,10.243652623077125,11582.399999999969,1320.4762662624403,1842.32912876099,1375.6501488561225,86.978997035192
31,720,65.17780362427894,220.81357891533992,174.53107347064713,51.49708100875738,4.90777455207071,0.5867680311203003,40.53765563108027,39.953392850002274,0.6518009719438851,39.30159187805839,0.33751836977899075,42.263857808057395,23.24160616339079,39.42926311990025,24.51126751115957,11582.399999999969,1153.3447127499521,1746.2900735976727,1360.7029402681164,30.797984607283844
32,720,57.25844624006924,180.48520162733286,144.23511724815103,40.74979577895817,4.189237736978182,,41.35104794218205,41.10621052514762,0.6530733969993889,40.45313712814823,0.0,42.22963102746692,19.08345298064573,36.883548350590154,18.50691581725976,11582.399999999969,1152.3914001282071,1683.792774909003,1334.0811622817585,80.61848118545333
33,102,0.0,-71.46971178600012,0.9311388233121755,-72.08876132504092,0.2654347210276177,,11.93139010318555,11.67943140794523,0.09325741906650364,11.586173988878727,0.0,4.855974548927215,0.5796600327354536,36.04438066252045,0.0,1640.8399999999974,203.49677729666195,253.86336894685505,196.0409068898346,46.60938568642897
34,720,68.57125819440381,212.0891829139426,156.49938889248938,60.61665140650909,4.7189592920233325,0.3438859283924103,42.89221044303849,42.257585775107145,0.6520308260805905,41.605554949026555,0.37748906086198986,42.25368344783312,20.68811974862642,38.262932491149265,16.553015065620148,11582.399999999969,1228.9695630855565,1806.327784459374,1304.502046322941,115.98230341921945
35,720,41.24615963119345,127.4684981736014,124.01025306383343,7.920943485205839,4.1277157092484345,,46.98730056686327,46.697752941865474,0.6494664971251041,46.04828644474037,0.0,41.814122276393945,17.165644018384835,37.285687888590516,13.347082627028731,11582.399999999969,1301.1970411617158,1835.0184671702282,1374.889866833412,144.78722423757586
36,720,58.05207240281119,178.48684408245455,143.1880576823612,40.306086702645274,4.6808659879246575,0.4200395941734314,42.78164952201769,42.19482379802503,0.6515504699200392,41.54327332810499,0.3358676340430975,42.213653781808034,20.129138111152468,37.89902905148855,15.73900329559606,11582.399999999969,1292.2707225815109,1872.7742116740562,1311.746772966496,189.36979086967503
37,278,0.0,-34.55777782174942,30.480467674193946,-63.59406941816022,1.309404942909522,,19.00866672792472,18.7495747290086,0.2503947028890252,18.499180026119575,0.0,30.88367692163293,9.731890707833172,31.79703470908008,0.0,4472.093333333328,585.6186261123603,721.494946681,523.5379772904013,47.06462853680044
38,720,49.60105279423153,175.48522702309256,141.70269509484777,38.24161008764604,4.150239354857607,,41.105700206942856,40.8180930998642,0.6496135436464101,40.16847955621779,0.0,42.14599874760999,19.318951779526614,30.480247750408523,3.3802261999075807,11582.399999999969,1201.377043496736,1703.8470121175499,1334.0883776909843,13.201005221038235
39,720,72.2121179274296,229.1871812085704,158.46930575157256,75.92541402418514,4.878250877852504,0.43355828523635864,44.53512011398561,43.877661359962076,0.6554706208407879,43.22219073912129,0.38975006388500333,42.17197006671204,21.323677489386537,34.24941091533704,12.798207792207453,11582.399999999969,1250.5830295226287,1826.586544438866,1309.3896152874338,98.00108950954404
40,720,44.61066165298996,126.57843976470465,114.25877880395134,16.58303448057859,3.9440321978066066,,44.6231983830221,44.379849075106904,0.6555042047984898,43.724344870308414,0.0,42.263619976684,16.584085969754266,36.31914441270065,3.8570149829516795,11582.399999999969,1319.7868763752826,1803.4270196058608,1329.7964706496132,166.84429219025938
41,720,38.44054670794984,135.69867546375244,139.6669325138543,0.35787911582013976,4.015306030781571,0.5744799375534058,42.063708944944665,41.499142558081076,0.6524322447367013,40.846710313344374,0.33508317405357957,42.263297935534546,18.817305280062918,38.26160715003977,18.206069640476606,11582.399999999969,1155.7682147038124,1671.6146002161342,1370.356095113364,110.34258866914685
42,720,71.76787388494435,229.6362799759778,159.0590890395648,75.4495156361883,4.558859492065014,,38.806362306000665,38.53515500295907,0.6505804974585772,37.884574505500495,0.0,42.13823173561624,21.508952476049846,34.04311606685021,5.515728873878151,11582.399999999969,1188.5147770831757,1714.3233538093555,1389.8564170935028,103.39519239667993
43,720,68.1505478193886,246.11923916563384,181.9910514457275,69.84178624342978,5.372441077020138,0.5139113068580627,35.898045676993206,35.31197458715178,0.6506210344377905,34.66135355271399,0.3339766301214695,42.263518201247365,24.09110443572703,33.229654697673716,21.53525931968677,11582.399999999969,1238.131962803223,1856.943453255698,1336.2314103102233,151.73996867561996
44,720,57.21003983957329,159.77182285083663,129.52029992024427,34.830716315375824,4.248746603647078,,40.37122385809198,40.11531672300771,0.6489161665085703,39.46640055649914,0.0,42.08464763396121,17.197533861950575,39.79468168188538,12.929181928224542,11582.399999999969,1277.0100818368578,1798.8567661630298,1362.4384535881038,148.7239537501731
45,720,70.7542977331488,214.1738735596974,157.3241583890268,62.13803911343453,4.9422915595055095,0.48138850927352905,41.32820504810661,40.740999242058024,0.6479245498776436,40.09307469218038,0.3354711290448904,42.26375746538142,21.208159592093807,39.68527817643154,19.04628669506874,11582.399999999969,1276.0710097090273,1855.5427615489823,1364.1175386787675,51.60327307997103
46,131,0.0,-58.49285619118535,7.480737485915685,-65.47176689795792,0.4489392245046523,,15.424991014879197,15.157915472984314,0.11939075728878379,15.03852471569553,0.0,20.592832884923506,4.539550720123954,32.73588344897897,0.0,2107.3533333333285,260.7364954151,323.2979852150692,225.95785224905742,11.193166325761691
47,172,0.0,-45.797056265266015,16.541982480918353,-61.48638292864073,0.7727021886211205,,16.015783572103828,15.750138537958264,0.15658471616916358,15.5935538217891,0.0,23.544532919620526,7.346301957659369,30.74319146432036,0.0,2766.9066666666586,362.1618699082748,449.2643808594798,321.36792393287175,32.413531549822565
48,720,28.638341834665336,86.17183329546,111.14269795034227,-20.611386141500724,4.0156790617631195,,42.44618303189054,42.20791019499302,0.649377572350204,41.558532622642815,0.0,42.19744154146397,14.865603616488134,38.94403490541568,11.323554954485589,11582.399999999969,1370.7791639281754,1861.0413737534543,1361.5117589462604,100.20791867955006
49,720,77.3199266002826,249.39042556559443,175.64867598207775,79.1423871542948,5.0868041088057705,0.31697648763656616,40.313993694027886,39.69723136187531,0.6589014979545027,39.03832986392081,0.38836331106722355,42.26079990855395,23.208014426287814,37.7487330231352,25.716764914855762,11582.399999999969,1197.8293396922884,1801.6698228369264,1259.3817465488603,226.70272882638415
50,171,0.0,-46.34983324176425,17.372137862376405,-62.88344848508779,0.764602295031263,,14.880133629078045,14.629948735935614,0.15535122039727867,14.474597515538335,0.0,23.163912583462267,7.146807248045195,31.441724242543888,0.0,2750.819999999992,338.1315322164182,423.95822254661573,312.7233589244147,64.88982756441816
51,720,67.69793168461787,204.4122802279131,150.64688422845222,58.70384558595674,4.62407021857794,,39.15937253204174,38.90515280608088,0.6515870878938586,38.25356571818702,0.0,42.26310721275739,20.851406248723567,38.34600889163951,9.890749837231658,11582.399999999969,1255.7412170820699,1819.3940942487857,1336.440146495041,185.88380555263842
52,720,60.85137203849731,174.0962691973407,131.21195900977074,47.621640855743536,4.391334048612685,0.5963169932365417,45.71233201189898,45.04290464799851,0.6493231125641614,44.39358153543435,0.3845345180016011,42.26342378769006,17.96221849842459,37.040551610625556,8.090593249877314,11582.399999999969,1327.9233892693956,1857.027522150635,1328.2125625442911,210.11310590738762
53,720,62.31303816366513,206.3222060934338,148.27916950040424,63.17040251445326,4.791570787915748,,44.05037924996577,43.785912461113185,0.6547919672448188,43.131120493868366,0.0,42.26374032202404,20.484242406910052,30.727836906438505,8.844003261250815,11582.399999999969,1315.7504725156384,1874.412295117575,1315.4942365740992,138.18412521975216
54,96,0.0,-60.29773533883843,3.0276883927077725,-63.049783403400454,0.23831990134198364,,10.539050369989127,10.293429553043097,0.08821726799942553,10.205212285043672,0.0,10.072774124771994,1.3218593006747468,31.52489170170021,0.0,1544.319999999998,160.5367294197727,198.74624101860897,180.02723145301007,27.711458095402605
55,720,42.80770267992987,144.53564074852645,140.8221585811831,8.2148056843577,4.158430923895943,0.318230003118515,40.52590144285932,39.95699713099748,0.6517805717885494,39.30521655920893,0.33913866500370204,42.25710377776995,18.894822474855495,38.70029983775102,23.951256756350695,11582.399999999969,1175.102163530955,1714.0611155399065,1324.562542595526,84.45859031641724
56,720,36.77772319396832,135.54010705143003,133.92014641439363,6.14154390595877,4.184828613934162,,39.35782702709548,39.11597977601923,0.6474637335631996,38.46851604245603,0.0,41.49612848631312,17.843616136302387,33.706951240988936,21.32952132762726,11582.399999999969,1190.1933031641547,1715.8756298325252,1304.970549280131,131.958463598876
57,237,0.0,-57.20685796487653,22.196896047407133,-78.28396383395486,1.020294324406419,,17.33495417004451,17.094464777968824,0.2135914962273091,16.880873281741515,0.0,34.98722930873909,7.767748733394812,39.141981916977464,0.0,3812.539999999987,481.027560582677,600.5936308733598,442.8764627720267,144.79340493023338
58,720,51.26434605342997,149.16354360971468,129.5229455486713,24.228903714496795,4.257956748903158,0.34648799896240234,41.840629159938544,41.187491674907506,0.6467062232550234,40.54078545165248,0.3853452510666102,42.26328863578286,17.642693920856527,39.14989419618158,8.626123129990232,11582.399999999969,1299.7619841072333,1834.8492495131707,1315.5392756800459,318.79847591404047
59,720,57.077817038476375,207.4447003875188,160.4858300572337,52.16313181141204,4.8860041833093915,,39.401767283910885,39.14043191308156,0.6475900250952691,38.49284188798629,0.0,42.26381120744618,22.0569414562316,30.996251132770357,13.165268800098268,11582.399999999969,1245.8531055177543,1838.5540758791378,1324.7499909146218,209.33480865328755
60,720,63.12930706659293,219.75359348277075,160.63329466730718,63.87297490605053,4.418991670933844,0.5030723810195923,40.14948604302481,39.58911134698428,0.646539990324527,38.942571356659755,0.3343827030621469,42.263848848347166,22.074779573407408,31.192819613567664,12.07057292931478,11582.399999999969,1152.0955321477027,1651.1586711313928,1321.6488580982148,42.572057952899485
61,121,0.0,-60.589933393932036,6.604629161972813,-66.74409901030826,0.4006554079821385,,12.67022352013737,12.406271224841475,0.11008770507760346,12.296183519763872,0.0,24.443748441405315,3.4479388668085895,33.37204950515413,0.0,1946.4866666666626,233.8999030844204,289.5240540394109,233.3423455357541,73.33156487401065
62,720,39.65771715415969,129.03544270314987,129.52741326436256,4.2998293736603586,4.460747520331577,,44.261498431209475,43.98021374410018,0.6457602439913899,43.33445350010879,0.0,42.263783575509486,18.673785314114426,37.50780246732952,9.235100360808234,11582.399999999969,1330.273213320097,1893.9416337336077,1281.7799469072133,434.0082622450497
63,720,51.26185637280531,177.4070747573194,158.89799537416377,23.579809760249418,4.741548357471863,0.32868701219558716,44.43964552693069,43.76120968814939,0.6459219546522945,43.1152877334971,0.3801281980704516,42.26289703834681,22.107006661010434,39.47195149268061,11.283392713688247,11582.399999999969,1216.109059249158,1775.3228764226922,1333.5777330871329,260.38220225946503
64,720,55.99722136801801,179.6487507872671,151.2039300814689,33.940003652891605,5.119460649187049,,45.011277057928964,44.759256863966584,0.6465632340405136,44.11269362992607,0.0,42.22982888721455,20.81746372832607,39.02721954157221,20.102064169829852,11582.399999999969,1342.4276202777937,1969.7228580211477,1339.398058656211,289.4954430929034
65,720,63.4574945002067,222.0910899688601,161.53065128459878,65.77265782309688,4.867448894847591,0.34042906761169434,41.552846187958494,40.97045308887027,0.6453418214805424,40.32511126738973,0.33204904291778803,42.237808942293704,21.990852442881092,30.571165588658257,12.788316580520512,11582.399999999969,1224.1885182566032,1788.404160059766,1333.111489353678,162.29292809177562
66,720,65.45837682981379,221.34848878866882,170.90567936442955,55.87655085933061,5.113215032012438,,40.577503190143034,40.32335130008869,0.6469931097235531,39.676358190365136,0.0,42.2637206599439,23.518304176683486,37.520101400148484,15.638974255041694,11582.399999999969,1258.3065283064316,1840.3099460903875,1288.6186376877972,280.92043808461136
67,153,0.0,-65.99090335644838,10.556021417337474,-75.86484938912471,0.6111760642569836,,15.357506880071014,15.107498551951721,0.13802768965251744,14.969470862299204,0.0,23.568862767268087,4.750470025941582,37.93242469456235,0.0,2461.2599999999934,316.50149729561,399.09370424278205,270.3287215686307,78.32902551196857
68,720,59.99851948364565,193.4482199932923,150.62646039364913,48.03921560954133,4.852494786142398,0.27039918303489685,43.06780944392085,42.40369958803058,0.6444343309849501,41.75926525704563,0.3848702700342983,42.263471680220476,21.385390340599706,35.97891167887497,14.88589068450534,11582.399999999969,1309.4758485372931,1895.9071224198874,1384.0909112863333,360.27594840847445
69,115,0.0,-58.44989906206818,5.95780013103208,-64.0122858638532,0.3340601378803895,,13.299415261019021,13.030139466980472,0.10513854771852493,12.925000919261947,0.0,17.44100081058021,3.279818485851716,32.0061429319266,0.0,1849.966666666663,205.9632601081504,255.50810573060406,225.6096683070799,43.63062131788684
70,720,81.45285786642097,274.23370330006935,186.25587129395737,93.91790009310462,5.608340431864012,,37.36378028197214,37.118122809100896,0.647525631589815,36.47059717751108,0.0,42.26378862120376,24.66473077665905,34.49390781986865,14.332828321265707,11582.399999999969,1289.7671931132627,1887.0921673231253,1313.0974513609206,132.70844755019814
71,720,70.69645075046382,231.57134722001211,175.25795519010973,62.21121613064203,5.543902354970357,-0.15984667837619781,39.86488733906299,39.21179801807739,0.6466322988271713,38.56516571925022,0.3822028748691082,42.26349195014594,23.93669066545537,39.59084268514281,17.323393193270885,11582.399999999969,1302.799208852433,1929.1656703968476,1303.0290553644154,209.4225397459924
72,720,73.58110648397142,245.897974119737,166.85989483391162,83.96499788631547,4.597514021213299,,45.06203039013781,44.78946881601587,0.6465390652883798,44.14292975072749,0.0,42.228056969342,22.50425364825805,31.598607540813685,12.988681759781,11582.399999999969,1178.9628986201228,1695.8915310417356,1350.0823769993956,165.29774103063596
73,116,0.0,-60.443363182698405,6.416115891004349,-66.3546701583725,0.4438521836980965,,12.823392133926973,12.544087569927797,0.10521983145736158,12.438867738470435,0.0,19.399580202959147,3.3489719389787025,33.17733507918625,0.0,1866.0533333333296,252.64327525483262,319.53960000304676,191.87361748811097,67.74628584766822
74,720,53.09307480600919,159.20827483497598,134.22433630354155,29.925941486668776,4.607641304965529,-0.33938828110694885,42.31007789098658,41.69793840195052,0.647758400766179,41.050180001184344,0.3775737879332155,42.26336488801113,18.902883295494387,38.1301040626748,28.266608351572003,11582.399999999969,1320.8822050207334,1914.977072849204,1313.1019571624604,302.0845487048061
75,720,67.79864320410299,220.664086858393,158.65022228127535,67.06006590577081,4.697436786259945,,42.20849292492494,41.95048980508,0.6520533338189125,41.298436471261084,0.0,42.23977966314689,21.569061647308608,34.26861025121758,8.37547591057113,11582.399999999969,1250.2804171790938,1802.2123077225665,1362.24926593195,138.4300716765776
76,720,60.31525909262939,215.9512114941197,173.77611010559914,47.786618809180865,5.283735694181164,0.1241326704621315,41.738892807858065,41.12421674700454,0.6469516579527408,40.4772650890518,0.33241837401874363,42.263760930072834,23.474320207735783,36.42194968803896,29.2140530807653,11582.399999999969,1263.412296560314,1876.786549698856,1306.3070927443412,242.02876968156764
77,720,68.19579494446465,224.75212375919736,162.3303708750333,67.32902066369849,4.585778127543677,,42.10506234294735,41.84805381507613,0.6479803617112339,41.200073453364894,0.0,42.23788311503364,21.496061337599723,34.53128461261541,24.941913358502752,11582.399999999969,1172.45679357116,1691.422434323873,1330.2456175774705,132.75271897212488
78,720,51.39665382833508,155.52683441437668,133.85067114463413,25.99643478724208,3.998688600440277,0.2351793497800827,41.71162353595719,41.12994706304744,0.6457216574344784,40.48422540561296,0.3339876690879464,42.263850970159716,18.492176536640272,38.398436434714036,5.850640625449424,11582.399999999969,1186.5723790237462,1692.0897247345933,1287.153600814499,175.9563014437568
79,720,73.7710870540172,258.4585957452892,177.8800247992807,86.12897909578899,5.222658774705552,,45.27865753113292,45.0030093009118,0.6467526855412871,44.35625661537051,0.0,42.26385443412438,24.199013480269205,30.70659750612271,6.540306645701903,11582.399999999969,1254.2309908724872,1831.1600248612465,1295.4260940262538,182.89930186370177
80,720,66.52468701239268,215.11085954345475,161.79897278488778,58.12051505155347,4.476642988106267,0.10490629076957703,44.70118684996851,44.114914879901335,0.6491151892114431,43.46579969068989,0.33358776988461614,42.26387079471508,21.743349618008743,37.46442948661594,19.588954103210483,11582.399999999969,1161.8873051992402,1688.90173387225,1327.2654375436985,138.39946165081983
81,110,0.0,-56.45943606851554,6.143558191814973,-62.12697707512486,0.424964212975975,,11.897504838882014,11.658457233104855,0.10000918456353247,11.558448048541322,0.0,13.295890192734674,3.4615633779007156,31.06348853756244,0.0,1769.5333333333301,241.84389737250385,303.67775055150315,192.2932089392207,85.82208135084815
82,720,78.33302892704685,246.43372952563007,166.32396242903343,85.50025849475983,5.0741113639123165,,39.92572383815423,39.676431850064546,0.6463206182233989,39.03011123184115,0.0,42.26373761533594,22.298207840185263,35.5828996796669,2.0173994913758904,11582.399999999969,1284.9891237721208,1839.9686531536631,1283.9985039586757,279.57541454978946
83,720,75.03314871341685,238.45942531519214,160.30965909502441,82.64329482544466,4.188025421471137,0.29610463976860046,41.86506255203858,41.235356993973255,0.6459233504720032,40.58943364350125,0.37855806620791554,42.263906391980164,21.018049939101335,33.71150130069456,0.5870962048510329,11582.399999999969,1146.415255220538,1612.0187087114994,1280.4884906869331,178.84612193841102
84,155,0.0,-66.93151630380311,9.146327286860885,-75.41420636640781,0.5848089648003313,,16.36450873920694,16.091259576845914,0.14075313555076718,15.950506441295147,0.0,28.035070258925874,4.8287376324355265,37.70710318320392,0.0,2493.4333333333266,323.35426980710696,403.12007348416245,290.0889705873233,80.37031171628122
85,129,0.0,-74.85237962115072,5.462072766520247,-79.80864917990615,0.45076783099222484,,13.599227698985487,13.333087258040905,0.11789715057238936,13.215190107468516,0.0,9.399819651996255,2.4456765799232647,39.90432458995306,0.0,2075.1799999999953,277.9987462770496,353.3322092380578,212.5593480089641,86.43743290333494
86,720,35.33033591933906,114.03442133961552,116.85259489916784,1.0794331160037132,3.580110634564493,,41.564897873206064,41.29758777702227,0.645733536221087,40.651854240801185,0.0,42.2299703553129,16.019007822921164,34.79061936133722,9.963729772859018,11582.399999999969,1164.8213854508897,1607.0323695061,1359.215232044563,43.27165605498722
87,720,66.63282896598162,213.5159743583572,164.50866128867898,54.32567159498089,4.986099381217241,0.18546347320079803,42.760797870811075,42.09931018506177,0.6523448543157429,41.446965330746025,0.3856160289142281,42.263661128330135,21.92596406473746,39.46999316849117,20.431724322062824,11582.399999999969,1238.1158417762372,1834.9023641434749,1288.5478356470833,306.16513896447947
88,720,73.67135909911774,226.68727748571604,155.16730528370937,76.88509762212914,5.017741768483134,,40.21840201690793,39.95615507895127,0.6462821089662611,39.30987296998501,0.0,42.26322101248056,21.017039970412576,35.22881028805318,1.3999989278270972,11582.399999999969,1341.0061940241844,1907.177173585674,1313.2080990870675,267.87851152237795
89,720,62.707287527348576,199.3798584995287,141.49136221766446,62.692510673854784,4.467070534359612,0.1302022486925125,43.96008819900453,43.373828588053584,0.6461377548985183,42.727690833155066,0.3344362180214375,42.25158558559093,19.070899912162815,31.36103219042119,13.939084677451177,11582.399999999969,1251.2190354565857,1787.4411673164832,1332.8652615703713,160.7531470735733
90,720,61.350322020422254,178.59922684178042,140.59797440723406,42.74297069671614,4.3751724928075495,,44.44997566798702,44.192325348965824,0.6469689961522818,43.54535635281354,0.0,42.263430883756804,19.681989657236258,39.978836672064176,3.540148946672091,11582.399999999969,1292.5136227757262,1794.3629335664036,1388.1655770742914,168.9108555391006
91,720,63.97351288394714,193.9812430548998,143.31204356784502,55.47687490727006,4.490096124174051,0.11947456002235413,48.1448888189625,47.53260910301469,0.6441435923334211,46.88846551068127,0.33436239999718964,42.26232588420101,19.510830584979512,36.235075430312115,7.190063561689332,11582.399999999969,1297.521623758871,1815.876998115332,1349.043101639162,218.7272658972249
92,135,0.0,-67.66400075857194,6.248020575678244,-73.38345155367817,0.46464812698668684,,14.42520494805649,14.156366738025099,0.12327489536255598,14.033091842662543,0.0,28.580884792989814,3.6750804110931306,36.691725776839085,0.0,2171.699999999995,277.1072415493988,345.25385257012897,263.4954671087983,81.51346292112788
93,197,0.0,-49.75145213947884,18.207005605395764,-66.99124368269683,0.8734296619944055,,16.4967440769542,16.234664843184873,0.17931014415808022,16.055354699026793,0.0,33.49380199277266,7.550886662325641,33.49562184134843,0.0,3169.0733333333233,415.14546821021594,513.758299831618,376.3991034684325,60.12091230105443
94,720,47.98676131922514,131.79934650787337,116.09593082488516,20.239778930536488,4.178317479431004,,41.65532016311772,41.40872417902574,0.647826811298728,40.76089736772701,0.0,41.444000228418574,16.16602034875081,37.86687185395689,8.407247075123703,11582.399999999969,1370.6194476267574,1868.4957929760212,1380.677214754634,47.77102969345695
95,183,0.0,-61.77906466127766,14.294688894442546,-75.2660648743555,0.7201756879334359,,17.419562041061,17.15277559310198,0.1662091058678925,16.986566487234086,0.0,27.6019946470033,6.218854099383077,37.63303243717774,0.0,2943.859999999991,374.92302798391603,464.83482612359086,367.7712942061935,60.82544689199695
96,720,37.5638459813461,152.5156083982433,160.09872495430017,-2.7553856452570074,4.47916763202934,0.06629715859889984,43.712953528854996,43.02476789592765,0.6473155566491187,42.377452339278534,0.4336229700129479,42.26376124388114,21.71977643082593,38.9415388039746,22.73680104311798,11582.399999999969,1146.624485883526,1700.054383447706,1365.688720941402,44.703265351875686
97,720,59.81871303322328,184.897430513153,142.66240674675745,47.6350804738227,5.008797168847841,,40.75268261204474,40.48621445009485,0.6454497543163598,39.84076469577849,0.0,42.231712444585874,19.928712210665626,36.001172796311934,15.575776115504794,11582.399999999969,1368.8654733898434,1985.315406275901,1327.6611211648476,273.7247431675545
98,720,72.16643099424415,235.50368577683312,171.035060608224,69.86144278361853,5.0576163637619835,0.11405765265226364,42.921482033096254,42.311918549006805,0.6449083467014134,41.66701020230539,0.3306287210434675,42.26296895217273,23.151964741809106,37.235709602434895,11.766611822327791,11582.399999999969,1217.1417282350696,1812.9932787488162,1338.100537010897,121.07143184676033
99,720,58.89255941645148,229.08519604596816,182.39876018814707,52.36606857806974,5.346619902339024,,41.301259921863675,41.04036830901168,0.6463724561035633,40.39399585290812,0.0,42.25045908583669,23.94286275191883,32.70952512741661,30.27756326019672,11582.399999999969,1207.423214434284,1832.3734155709587,1305.5290166283942,156.38570940248638
100,720,82.48517997734275,306.0954354318018,208.05474783364193,104.65991540356592,6.2560522876978935,0.1823853850364685,39.6247398769483,39.02629882609472,0.6456393285188824,38.380659497575834,0.33352052117697895,42.26366808707624,27.515155529656177,30.155222275559794,22.567052207850992,11582.399999999969,1269.7859739435553,1941.7060373210797,1321.8300943388906,90.52678070559637
101,720,78.71326132400121,248.45273264183842,156.8326949801603,97.06017982406992,5.099318636182589,,40.82723366515711,40.5497403240297,0.6469072776380926,39.902833046391606,0.0,42.26331251850158,21.00514222095002,30.183171411966242,7.569072231498794,11582.399999999969,1336.065938160529,1906.3495451571323,1291.609653092905,192.19726189791396
102,720,64.01185400144838,216.58596455947173,167.8818540805106,53.77961832171786,4.734522133646552,0.03242211416363716,42.667138087097555,42.07802149304189,0.6478271535597742,41.430194339482114,0.3348069880157709,42.263770834685374,22.396551056696005,37.12204484058945,15.056671363392606,11582.399999999969,1219.6498311131313,1766.8114489337668,1324.0490763396183,112.85037790051929
103,720,70.6898011889324,229.24577094276236,167.3250789295421,67.59551035422174,5.29925750322992,,40.91752007091418,40.68542509782128,0.6478504578117281,40.03757464000955,0.0,42.26374466028235,22.005483609942125,36.892046011821535,29.06539338242695,11582.399999999969,1327.2308047695703,1931.2311970425797,1368.5270511797598,71.09800291105057
104,720,74.56592316821968,235.78959951075748,171.10309866057614,70.20439851701524,5.1862293644848245,-0.060666151344776154,42.53665342205204,41.9367982710246,0.6448347810655832,41.291963489959016,0.3347129998728633,42.26371097614799,23.32781211436365,39.463723909712066,20.05302929551275,11582.399999999969,1240.690488516546,1850.9089036799735,1311.897231521941,60.97705687092002
105,720,56.57086684343508,194.16015904934648,162.9103024922942,36.751323682924394,5.163466929343446,,42.011386450147256,41.728138237958774,0.6480980443302542,41.08004019362852,0.0,42.20577109719079,22.214455429128158,38.19520500197288,20.082602389239028,11582.399999999969,1281.8110827215776,1901.1406698791643,1285.2805418412852,277.2738881987757
106,720,70.65514248568692,244.2067782309024,169.1719048046166,80.34620490632798,4.974273181552906,0.09275013953447342,40.89815266686492,40.30407909513451,0.6462468870449811,39.65783220808953,0.3382162449415773,42.26327321372038,22.35588617420467,30.48204003252292,10.877854239086567,11582.399999999969,1223.5169462486774,1809.7340517923599,1379.831029988083,150.13854513131452
107,171,0.0,-60.73839233878492,12.822873505725887,-72.77333272023542,0.7034444601317694,,16.74189830617979,16.476531798020005,0.15521856537088752,16.321313232649118,0.0,30.529718767226996,6.050095323448004,36.38666636011772,0.0,2750.819999999992,377.6132665532176,471.3979665344941,311.70624118312395,102.50592712488316
108,720,39.84084263489473,120.06172591053118,112.74683905197024,11.553346839739106,3.892189131119249,,48.57416166504845,48.293865139828995,0.646513958228752,47.64735118160024,0.0,39.54681960401463,15.95613144593477,34.06416921502519,1.943119547106587,11582.399999999969,1307.8558251480385,1756.7068789797067,1331.6332378593481,175.75506474723136
109,720,67.88123263582506,212.22239161852366,158.6182088837662,58.34584397046149,4.401158353461844,0.09059479832649231,42.170909905806184,41.50732253794558,0.6461458022240549,40.86117673572153,0.3818483578506857,40.80280266536489,20.47358104480594,38.70831065059431,29.394060336908378,11582.399999999969,1138.622649184525,1690.1748096153838,1348.2696332119658,125.75636502060823
110,720,69.12213102424899,235.8983430342903,178.75431010641282,62.120298489459856,4.628399548442021,,38.950668666977435,38.72101497394033,0.6482175039127469,38.07279747002758,0.0,42.263498003369776,23.608892327610363,38.06198177951906,20.063516952898517,11582.399999999969,1113.8916569438054,1659.703933760009,1352.5573971870103,208.54528807218188
111,720,72.08808276236823,248.58449361794294,185.45035549731372,69.11777114281215,5.595708330805841,0.0979657843708992,41.91800543991849,41.34010792989284,0.646176372654736,40.6939315572381,0.3339546239003539,42.11272956512914,24.830980559619263,37.52919719096216,32.006881519472266,11582.399999999969,1231.6158415428877,1875.257546059407,1390.8041027138916,111.06241220904427
112,720,62.439348540876004,218.6039274704048,163.23994703326778,61.0627921349454,5.360364396062247,,44.39211166789755,44.13199434406124,0.6484344671480358,43.483559876913205,0.0,42.25135142373613,22.73017010185595,31.907952473403306,20.940903779688853,11582.399999999969,1309.1805078634893,1934.3534207308,1314.1700085583016,251.72108606279434
113,720,56.442540039628305,183.17491185082105,138.36300654535805,49.04191610055939,3.90388407290801,0.10064640641212463,38.33241960499436,37.77178722596727,0.6466327398084104,37.12515448615886,0.3328905310481787,42.26331153732077,18.223515904593885,31.921581989348613,18.00411493673664,11582.399999999969,1156.2646646956264,1620.9415793968346,1377.109506177474,103.51442336169832
114,720,78.51515830397213,256.1544403839547,168.90565025086215,93.06948969952826,5.448899910622193,,45.32590293302201,45.06053390703164,0.6500987727195024,44.41043513431214,0.0,42.263668583224195,23.113509647167934,31.980413454207984,6.161646615495309,11582.399999999969,1340.0374664320584,1955.737599806366,1332.9099988129055,233.34962821005863
115,720,49.345041906089826,157.89351832946903,135.5954706589205,26.18502913947104,3.5791187890736205,0.11715110391378403,43.69888913608156,43.1119499579072,0.6464116282295436,42.465538329677656,0.3355818160343915,42.02186299947266,17.708756883222417,36.252527336354305,21.74932757041831,11582.399999999969,1039.1882120251005,1488.7221016507362,1252.8192461051974,153.88982239641496
116,720,51.84352954668267,183.33579086769532,152.6891527407121,35.00517934730716,4.016097003081245,,39.95750145590864,39.71906565595418,0.6491892575286329,39.06987639842555,0.0,42.23938747772,20.32857571749651,34.340939873029086,19.814426571589706,11582.399999999969,1082.462881264573,1588.0876161142405,1348.6855054687812,41.81297864333422
117,720,48.18374885745488,159.90850899384625,140.7976879378966,23.299896711988225,3.8753117307467164,0.1078820750117302,43.72166270785965,43.14750928594731,0.6476425474975258,42.49986673844978,0.33235827018506825,42.21590310159583,18.815896579772158,36.53380050146077,11.513539842339817,11582.399999999969,1101.9776056707403,1565.2602255165198,1326.2208400023926,129.25236331526426
118,720,37.798865335840766,135.94662932413414,129.95604720040996,10.698217836655687,4.374501996711583,,43.997455907054245,43.72338652797043,0.6478156470693648,43.07557088090107,0.0,42.21869786026615,18.38669831721301,32.44975641751294,12.477446259281747,11582.399999999969,1282.2665861463472,1845.5597267466453,1305.202762161221,203.24817469445583
119,720,49.75325267672082,190.99455572631166,171.3030943657514,24.083423591503575,4.067045543716026,-0.0701889842748642,39.59445155085996,39.027541460003704,0.6459113112650812,38.38163014873862,0.33503686683252454,42.263417051338635,23.49816326954152,37.71154088096903,21.67320908660874,11582.399999999969,1056.2595410814884,1542.0507698760211,1256.296683663018,148.11516782938563
120,720,61.42024753529455,183.58217080896029,145.0029000473573,43.79309410952848,4.837131550836918,,42.6563322218135,42.39870808389969,0.6455212205182761,41.753186863381416,0.0,42.19447610664254,19.99466088808632,39.52370048053031,24.71133167879938,11582.399999999969,1279.2260497858608,1878.5829961118081,1348.0554167320468,282.01732264496553
121,720,80.48173963833537,302.86773764415767,207.76583951711046,100.91124007110241,5.46146374922033,0.116177499294281,40.66210307995789,40.06240137293935,0.6444950294680893,39.41790634347126,0.33215551683679223,42.263414254829776,27.748356617788335,30.026119602784163,14.719847783647367,11582.399999999969,1173.0869748493565,1736.770335026859,1375.309107780574,104.52193988064268
122,720,70.81740460573266,251.09206489699432,175.51285791236705,81.04065355053507,5.12801683951447,,40.43310648109764,40.1712820539251,0.6478270129300654,39.52345504099503,0.0,42.24579615530464,23.809103180433663,30.297077830465106,11.941027849495086,11582.399999999969,1265.2942580332628,1840.317139499976,1321.090997051545,159.902615010671
123,720,72.61800385450884,257.5314815412619,194.71062413220275,68.85844323583812,5.697978283975791,0.07702405005693436,39.69658836000599,39.13265628810041,0.646081019891426,38.48657526820898,0.33247023401781917,42.26337009899169,25.92707244306204,38.18878223658978,31.426339943805498,11582.399999999969,1241.2760887577547,1874.8659922289355,1305.0678087178799,195.429254138603
124,720,60.724766720281075,199.73672571162743,153.73589126898486,51.17569235614381,4.819338181431304,,42.511539795901626,42.25041621783748,0.6475916341878474,41.602824583649635,0.0,42.26351069996361,21.36617378939152,35.13692054220917,18.946118791175852,11582.399999999969,1252.0822621035957,1831.772942057701,1299.5650919613302,109.12451841909414
125,720,71.2555891576836,258.4852588647517,182.54669661512676,81.60420647187593,5.318928192023358,0.034138694405555725,37.24359140195884,36.664502908010036,0.6470594210550189,36.01744348695502,0.3322553881444037,42.262518706498376,24.34353930897216,30.45348592174564,19.705892584609536,11582.399999999969,1264.3972473796168,1854.1043008819147,1318.540423324583,52.29973941855143
126,720,61.13333855946229,206.35423794103292,154.02716274514165,57.543559403605016,4.903740503399069,,42.55117175215855,42.27571790292859,0.646953604882583,41.62876429804601,0.0,42.25501575588495,21.24915999875374,32.36155885765978,16.25623968829839,11582.399999999969,1298.7085420574977,1873.5173237954716,1260.3996492530534,181.06932207637945
127,720,59.3398722304218,200.25263804340153,152.46635328614101,53.02677626696142,4.892386995853574,0.02895892970263958,42.743478420889005,42.159039022168145,0.645494045689702,41.51354497647844,0.33587220194749534,42.25948361484825,20.50125652620649,32.82648409694109,24.131901517718635,11582.399999999969,1282.7341701675361,1885.7489074962305,1332.691905266933,194.57389284822452
128,720,46.909700056439966,163.79823956600728,141.84312101960506,27.13808462648015,4.827412136806929,,43.576957342913374,43.33410096610896,0.6474140353966504,42.68668693071231,0.0,42.194244077082416,19.470074100212567,33.34065774319989,15.765301956954843,11582.399999999969,1327.1190429696312,1918.0410806256596,1329.5518624570634,297.8428915705371
129,720,67.51745410492582,232.87672411012764,180.63876913438637,57.406490455461864,4.823831331929713,0.0785088986158371,43.89569181785919,43.317446407163516,0.6465326931793243,42.67091371398419,0.33444570004940033,42.24313467921508,23.49595327317037,38.814208877194886,37.025555047134866,11582.399999999969,1121.3242939915363,1697.312388128873,1321.1870951557719,160.21720515751213
130,720,72.59699261097397,255.42760874549603,183.4591167519218,77.81844808261151,5.531265399396524,,39.80905534699559,39.54657073691487,0.6471490019466728,38.8994217349682,0.0,42.151869095492,24.933591630365214,33.687768569668215,21.582109843715696,11582.399999999969,1258.1619236064892,1883.2806522419396,1277.5349317392222,264.34977233452463
131,720,82.53840588412115,278.25312954777183,194.44430854215324,89.99036539647189,5.837513845979849,0.18791596591472626,44.667174813803285,44.0532020998653,0.6471942900680006,43.4060078097973,0.3359485841356218,42.26222493226427,26.04737430956038,37.5432231858852,20.175135280001758,11582.399999999969,1253.779318740548,1910.052040951224,1301.431750580882,123.89703185656207
132,720,56.392209261957795,210.6682363626016,172.66019517017997,43.21237149144871,4.84734037811731,,37.50390104204416,37.258976741926745,0.6464105390477926,36.61256620287895,0.0,42.25937366190219,23.89592311657583,34.78602351623344,23.43573560270694,11582.399999999969,1185.8601907512116,1738.1890316029499,1361.1221125102886,147.77979743726232
133,720,67.34482445571224,230.3807000801835,163.93809823670946,71.85213410655068,5.074371921042159,0.01578778587281704,41.66292655700818,41.07924200408161,0.6470492926891893,40.43219271139242,0.33442913298495114,42.26350640360668,22.532878975900807,31.418757402436924,7.4983959717572,11582.399999999969,1281.0256357289895,1863.8967507938555,1323.9130025429502,119.83003610286437
134,720,71.38268915509262,236.5799541317768,176.5827287729577,65.83998692433674,5.487034372702044,,40.3073883918114,40.02986740297638,0.6496014441363513,39.38026595884003,0.0,42.25931341451585,24.38470477505448,38.46269569292425,24.973016025008903,11582.399999999969,1264.551670233995,1916.370609132653,1339.2976490771837,152.68010916473614
135,720,82.43427091232466,278.4088667973294,187.86441327199708,95.81977086067053,4.947829509707501,0.029723268002271652,39.626805348088965,39.045613705180585,0.649007094791159,38.396606610389426,0.33372864592820406,42.141980802199576,24.409329074033753,34.5243854819894,24.445832669121913,11582.399999999969,1140.5108556459245,1699.4859265445045,1308.477433540861,115.45545239087681
136,720,80.37975427463071,291.8112579573503,202.38199265027185,95.51005239438354,5.748656952332558,,41.51180592807941,41.25488913990557,0.6463758603204042,40.60851327958517,0.0,42.26338569937033,27.42528055568417,32.62472807743894,8.584180763599457,11582.399999999969,1245.3998516177612,1847.8158011391872,1307.6919771403104,164.56278067616202
137,720,65.8133424287117,198.6412677925638,140.45878893220947,62.92086837622402,4.370481373120974,0.12375709414482117,39.204879151890054,38.591476617148146,0.646437962539494,37.94503865460865,0.3365913659799844,40.652132282246704,17.916242107817833,34.352908240599696,21.58716039317135,11582.399999999969,1251.6335178415216,1772.790008767001,1324.5975911407588,97.28661101824945
138,720,71.88848334868719,221.3578968412114,148.37734171401496,78.01148553062018,4.685912214282855,,42.81709526386112,42.545442540198565,0.6479740983340889,41.897468441864476,0.0,42.24305032129058,20.42968626442262,32.88274058337709,3.7818258169084995,11582.399999999969,1298.9093647086286,1829.904901218382,1295.6792595650643,125.45913832216777
139,720,78.57080054758951,273.8235112351994,187.283812751443,92.43609023397184,5.547689196138753,0.12081598490476608,36.056860462995246,35.47913547605276,0.6465579639188945,34.83257751213387,0.3353601540438831,42.2617015209447,25.433867743088236,32.352755430603594,15.075248902227978,11582.399999999969,1276.4131335580755,1890.2228445755313,1350.9241699956742,130.24814686310248
140,720,70.71069938882202,237.89359325254136,172.12406513572134,70.94889508655248,4.849559008931213,,41.67304793000221,41.40640171500854,0.6467144873458892,40.75968722766265,0.0,42.263462060949664,23.30620494469161,35.23625184554578,18.78538297881069,11582.399999999969,1167.2292099248455,1724.0431760876586,1282.8955386153523,73.07667303791631
141,720,79.14492964472831,271.21585545436756,195.77249592158196,81.37981648264902,5.581498992300965,-0.005178197752684355,41.67432098905556,41.08118364214897,0.6464936782140285,40.43468996393494,0.33782353601418436,42.235623103028466,26.188739386494564,38.4550214034038,24.378079846615083,11582.399999999969,1231.8733795537623,1845.2019593948705,1302.8687429912059,145.47486078374376
142,720,85.4486215851707,285.00080718906815,193.81847325273725,97.48375962858888,5.954883155640965,,38.33844177494757,38.08393302792683,0.6469858048949391,37.43694722303189,0.0,42.26375253651814,26.144833977967043,36.706741770876256,20.60426736970039,11582.399999999969,1286.5404474939571,1929.1358605465514,1273.873398261527,180.3811237177292
143,720,69.59036703395198,251.8034766094451,196.8650865914421,60.079600305434965,4.816462667129269,0.08118592202663422,35.57170719187707,34.96639807103202,0.6461193964350969,34.32027867459692,0.33203967311419547,42.263224832772956,26.281134372027996,39.550566881234495,21.989413854476798,11582.399999999969,1075.0385875506972,1599.9776354793082,1323.933756970088,170.0866421496352
144,720,60.46457312551689,207.59692704762892,163.74172875195694,49.431767647793066,5.232151650377056,,39.80631597689353,39.5162041077856,0.6473247560206801,38.86887935176492,0.0,42.26384518741272,22.63945817408181,35.74868930162036,20.914358474919325,11582.399999999969,1278.7029390937996,1907.7026642981864,1304.0768988075974,223.96441944400115
145,720,70.28961951072615,231.27965727177553,162.8458380939193,73.40135794638722,4.610155759244581,0.1063394844532013,42.655231489101425,42.04330191691406,0.6463401541113853,41.396961762802675,0.333097699098289,42.12579475882288,21.919406081436396,33.588940537532544,12.563342630410965,11582.399999999969,1173.991017975804,1725.9079343968654,1291.4008107912955,104.09603148958304
146,720,81.59059730085802,294.87748516595235,207.66828233355434,94.1312723714677,6.545338559335778,,42.11751050595194,41.8446376491338,0.6488039183896035,41.1958337307442,0.0,42.26354939686548,28.34226647288116,34.52496111512417,18.699870038650715,11582.399999999969,1330.7458659574568,2028.4004533178177,1298.5122257830062,229.79811945893437
147,720,47.21647752198948,211.87231943676005,186.30993899640654,30.975227453904907,5.0662049538128,0.0916462168097496,39.29849581117742,38.72399860806763,0.6480527832172811,38.07594582485035,0.3357944500166923,42.2636689394019,25.72486292852627,31.728863795037032,21.15997254255479,11582.399999999969,1169.5666354561706,1726.6075402523732,1311.4471103630342,87.39273613706675
148,720,79.9634488041904,273.9443608439299,194.33047371665566,85.69360469991925,5.7505168083909135,,40.67805407685228,40.408969765063375,0.6497456445358694,39.759224120527506,0.0,42.26363826479161,25.51066829553528,37.11664645423078,19.907808941446397,11582.399999999969,1260.5020235510062,1904.808933345926,1323.8009973501066,121.74583443813154
149,720,46.806965519769314,135.96801493047346,123.67072091662253,15.679291850981542,3.0695672096300073,0.05864211916923523,43.05102233705111,42.4602157829795,0.6482402728870511,41.81197551009245,0.33662195107899606,40.546382640746785,16.093181480311294,38.96731959427854,16.12677508338452,11582.399999999969,1013.155873511277,1410.0208040957252,1276.0163241144712,200.15758301011164
150,720,68.15866244227102,251.29512473324212,191.21900432717968,66.10201119796253,5.682492648587073,,42.038049548864365,41.77263463195413,0.6495021441951394,41.123132487758994,0.0,42.263750283989765,25.864272835854308,35.10765684328976,26.49266667951898,11582.399999999969,1247.9497474483726,1907.5754802262995,1295.676644113874,178.80425753365455
151,720,75.53810185966647,275.20686784127554,205.2788145020773,76.38352286079193,6.096013192579493,-0.03199709206819534,41.23154958593659,40.6676159449853,0.6460755821317434,40.02154036285356,0.33387229312211275,42.2636470658983,27.71758630685916,37.346340429270505,26.418952770414194,11582.399999999969,1257.641748095029,1929.133190641734,1291.033148052595,117.94779224798744
152,720,78.27559611016447,277.803142827025,199.9774326457207,83.48613912440946,5.296085904683699,,37.76974673499353,37.50349767901935,0.6477302249986678,36.85576745402068,0.0,42.23756826665213,26.888272550927322,36.53252654795974,31.03939584569342,11582.399999999969,1121.774650224561,1700.3091140769814,1341.0711418888209,120.85558260203847
153,720,82.95933983489272,304.28134231982955,218.3963573957465,92.67294048193932,6.4337802432915465,-0.04828660935163498,38.41494934190996,37.831696359906346,0.6466605900786817,37.185035769827664,0.3350776480510831,42.263664907291606,29.073671193830798,36.622869593923056,26.648919496126815,11582.399999999969,1275.0780647967815,1960.1601033033842,1300.4703530092645,90.81593528297309
154,720,76.70668752102048,280.6994893535092,197.13079762909328,90.07071479073348,6.133404849929098,,41.95291483704932,41.690991268958896,0.6494257841259241,41.04156548483297,0.0,42.26363262931337,27.31043042076373,31.671330125653746,15.297205403545233,11582.399999999969,1331.6180044547757,2000.4223362391845,1266.27369498188,203.1234284728021
155,720,84.82164287197605,283.89436199729056,196.08001369113234,94.0725688732939,5.906989001766994,-0.05934436246752739,44.36391456006095,43.77037438796833,0.6485769471619278,43.121797440806404,0.2741258470341563,42.26379016805688,26.370139185119573,37.78535843532911,15.371099015553344,11582.399999999969,1291.466338517041,1939.6057961415502,1258.3320252934684,166.17608592172422
156,720,77.98414964342876,260.4728796588478,186.51156396689285,80.0115223320754,5.675583593444377,,42.338388681877404,42.075997062027454,0.6497067552991211,41.42629030672833,0.0,42.263880633684764,25.223306297832767,37.97838847739108,13.17813364096919,11582.399999999969,1296.6698830286568,1935.9533281816437,1359.1265352841135,138.85125585658798
157,720,76.07073659499768,278.2723428250134,207.83291045417332,77.07238755412766,6.27905333978261,-0.03373182937502861,45.566837043035775,44.97776843700558,0.6485802249517292,44.32918821205385,0.3372561130672693,42.263518521536966,27.992379368186004,37.534542817933854,30.944300401718277,11582.399999999969,1283.0650859091295,1976.9572807285995,1287.4396017874712,176.72844326687735
158,720,67.78616723357686,232.11991196057124,178.52237954642592,59.26687591573277,5.333608811228576,,42.28214397514239,42.01150012295693,0.6478995082434267,41.363600614713505,0.0,42.263268870678516,25.053619493974722,38.15272927571048,19.58862994777886,11582.399999999969,1232.9560778815585,1863.5578597449862,1344.139256530846,368.86557170573496
159,720,62.755354231602055,229.47888005752412,179.7485840874671,55.709126250729284,5.608501697609862,-0.0503135621547699,42.98733496409841,42.371863307897,0.6471700894180685,41.72469321847893,0.3338735159486532,42.261963323132846,25.179501828714116,34.90079110623741,18.98005801916914,11582.399999999969,1297.546767286272,1932.244230824242,1300.9667544802257,283.95655502252805
160,720,76.66298007114014,252.36247823487506,180.19850633620197,78.31923561903857,5.77538328532844,,39.19733833288774,38.945743755903095,0.6485218189191073,38.29722193698399,0.0,42.24729843169546,23.468064657814764,37.50336226162086,32.88367170609655,11582.399999999969,1303.1807459268189,1979.2016282635389,1323.0288558712743,128.13429428304684
161,720,65.10722511545,207.6438191100701,153.35580981947996,59.70054661991729,5.0512648406301155,-0.16642223298549652,40.489593320991844,40.04062286415137,0.6472818581387401,39.39334100601263,0.22009571292437613,42.21600835345256,21.836902516305543,35.25695180549137,8.580434936034568,11582.399999999969,1349.792924712351,1942.9081312396193,1302.338234413185,251.02526703472526
162,720,65.68531154422071,223.67351158204477,169.32483382224902,59.27374496367091,4.569953141084011,,41.226437909994274,40.92339226207696,0.6474734370131046,40.275918825063854,0.0,42.26347837173401,22.813838426130022,36.048439062385256,18.36392706297025,11582.399999999969,1115.4462620888005,1647.5242207198114,1306.6742791460651,118.66032016097658
163,720,70.0032973045774,237.36790519256314,179.42616732678155,64.11399599652617,5.788464897961519,0.03978246450424194,43.43703845795244,42.845564607996494,0.6489561158232391,42.196608492173254,0.3365107071585953,42.112597843479534,25.28793234864885,37.946299306314316,15.697156877609194,11582.399999999969,1317.4230746248206,2004.022763058006,1298.1279237622402,202.23359747310423
164,720,76.19654713001071,245.8268685461159,175.36504174285173,76.09275959512797,5.257208035506074,,41.450689976802096,41.18899848498404,0.64863625401631,40.54036223096773,0.0,42.263587802073324,23.789183523052245,38.15016733244671,12.346421545368822,11582.399999999969,1218.8193040648505,1819.0655205184007,1375.4795585124073,74.73051436935957
165,720,74.77230501054167,250.8893535100669,180.91208064971633,75.80949880089894,5.485501597314142,-0.1134573370218277,41.46111474907957,40.86926059797406,0.6478179055266082,40.221442692447454,0.33540929784066975,42.26346425043268,24.571303661947333,36.867555610092204,25.085392243427503,11582.399999999969,1269.0767944512615,1900.4147893493005,1305.9835646869828,180.81178340433888
166,720,67.27967203465126,218.6855886490239,164.22615468239997,60.49956711630516,5.662452766122901,,40.18777845194563,39.948100295849144,0.6487393407151103,39.299360955134034,0.0,42.26328925681736,22.539524773433506,37.02988847649868,30.425334167279466,11582.399999999969,1360.9484686461765,2035.4232932413256,1279.785949579195,197.31176560164474
167,720,77.440925463762,250.06280634314223,177.15610457299354,78.78051281733727,5.516349359939207,0.06497322767972946,41.32022529095411,40.72613065317273,0.6483439588919282,40.0777866942808,0.33313712500967085,42.26361602710271,23.93432638857074,38.050669055093366,25.130045102270543,11582.399999999969,1282.9850385013244,1917.406538879734,1278.247719226467,114.27232164922883
168,720,53.80267589422287,196.4845169466755,172.63449132593564,29.708023984136318,5.474997540831295,,39.37685858504847,39.11263176496141,0.6482762310188264,38.46435553394258,0.0,42.26203347663912,23.793028651229925,38.94866390215471,23.49869273012986,11582.399999999969,1247.2818290220227,1876.790750238745,1361.1091954583871,111.64898303978447
169,720,73.9506577339427,248.70720363561924,167.328310473126,86.49282185048116,4.760985299236974,0.020334910601377487,41.291604490950704,40.70538360788487,0.6471970505081117,40.05818655737676,0.3367765760049224,42.20553480011268,22.9560175295092,30.704246808702116,16.2535073229157,11582.399999999969,1170.1369707862204,1735.4820240337303,1353.509325796734,131.95149564207225
170,720,59.66720137426464,182.97226651727385,140.2424800777328,47.914372143497076,4.832248811371912,,42.404688943875954,42.14005296188407,0.6480300975963473,41.49202286428772,0.0,42.26249461680902,19.493122915959624,35.710015302516105,19.907822835858223,11582.399999999969,1329.2437032703801,1925.6282297578928,1324.4884933939038,127.3112393364312
171,720,76.92725846360877,243.9932603238697,170.22586971765114,79.78772827518439,5.645556653388169,0.04904571920633316,47.221018427982926,46.57346644811332,0.6485846021678299,45.92488184594549,0.3355465040076524,42.25007199949032,23.66654643038112,37.03339432601657,19.031705729898444,11582.399999999969,1347.2578661005227,1980.224314681825,1305.8742893582767,33.599444708055806
172,720,72.33992710356144,219.15034870352372,151.14997173344753,73.32740724592747,4.96476591695408,,39.515244560083374,39.27915521082468,0.6480283476412296,38.631126863183454,0.0,42.168388245627305,20.24690011716097,35.6762234805977,23.020199287958228,11582.399999999969,1323.9661943782935,1926.5947347551055,1311.1726139642678,10.435809869458954
173,720,76.93940814122696,271.70793378539116,184.64669526264663,93.19173590157897,5.774757264176365,-0.013705765828490257,42.079494557809085,41.49430718109943,0.6475190999917686,40.84678808110766,0.33436009008437395,42.26364433874386,24.61052662350203,30.34354019043747,23.30282921038307,11582.399999999969,1293.2650885500357,1940.2857168966555,1263.0386215370238,205.0626121668576
174,720,85.0977124106731,298.17988418139765,211.85163758267598,92.99393980599946,6.324233468913256,,36.840063191019,36.56978016276844,0.6480044212657958,35.92177574150264,0.0,42.19736935200055,27.661245033733035,38.60074250767337,29.662895788076487,11582.399999999969,1244.3892392266296,1931.7539595362089,1303.7025500958543,75.02257398747773
175,720,72.87053817516616,237.47319063344733,160.0247785114645,81.83980299952835,4.054641038495706,0.06100276857614517,42.13265979220159,41.530994147993624,0.6463884685654193,40.884605679428205,0.3337656049989164,42.26169623340734,20.363740063931655,31.950636675401988,23.983198791978445,11582.399999999969,1043.5277485322567,1509.6363014188148,1366.7135294192835,86.97670658948752
176,720,73.14084596863417,259.93364323395036,179.5515616249324,86.25687291844201,5.532202063845608,,37.77094768406823,37.51720185484737,0.6478216259274632,36.86938022891991,0.0,42.25860403603215,23.766134242930367,30.012409509413153,21.1604247144182,11582.399999999969,1278.8729396056972,1910.8036654812554,1303.3688574466546,239.5802086522818
177,720,45.09772698962301,130.03343743743687,124.50538577528492,10.493010335076903,4.583489744454727,-0.13698846101760864,45.690506275044754,45.086228657048196,0.6486002600286156,44.43762839701958,0.33238267386332154,42.26064268864834,17.445142707231014,39.85122182208456,16.611120076735833,11582.399999999969,1409.4190653637675,2000.4783835201667,1332.5577394871952,165.43577605263758
178,720,73.56188933458408,275.6286558000904,202.46335389767833,79.19478476079644,5.645897546485785,,42.022216705139726,41.73764864192344,0.6476671828422695,41.08998145908117,0.0,42.262089652693234,27.0617947432502,33.96449695418586,29.618625872524973,11582.399999999969,1166.3969602156233,1785.9861271070406,1329.185991327596,43.54481892100894
179,720,69.80153453105495,227.67104103902645,163.95941287268937,69.09792991894463,5.033625742798791,0.0716400295495987,39.67003045906313,39.08992227190174,0.646997544914484,38.44292472698726,0.3347619501873851,41.68830856349657,21.68146607805342,35.25256957158264,28.530435377248864,11582.399999999969,1262.5172068541692,1868.4031640413418,1334.601302047609,147.54769111613504
180,720,70.28992945949037,236.83596296018598,173.51742620299038,69.11369476647297,5.443838186282815,,43.374820325989276,43.108863840810955,0.6478940504603088,42.460969790350646,0.0,42.263391935751656,23.693021054559843,35.73308207625388,19.545364056057835,11582.399999999969,1276.40467614867,1920.223663415427,1308.1848083026632,86.51054086344293
181,720,78.8398870426027,247.38393768007404,171.34832805788318,81.84450972469311,5.458560882872245,0.04229366034269333,39.64428396290168,39.055868037045,0.6463810531422496,38.40948698390275,0.3342212988063693,42.24425810657498,22.39260588099934,37.91763218025614,23.907635485561883,11582.399999999969,1293.0371190526416,1929.9730264914324,1261.1658241360283,123.49689294812234
182,720,67.94677756465155,221.80268947927067,168.72704783594543,58.93691667986414,5.510807038937883,,41.96064087795094,41.70445814286359,0.6464575028512627,41.058000640012324,0.0,42.24437925264179,23.039329170878446,38.478319224719485,30.901033642498003,11582.399999999969,1299.404241336001,1956.335265240984,1272.8028671371937,138.07953114294173
183,720,76.97327001633603,242.71884069901944,168.09773025059377,80.35626124390072,5.363800184097866,-0.04640157148241997,41.984719587955624,41.38575770589523,0.6455542966723442,40.740203409222886,0.3353096831124276,41.91648713915473,23.025019321274904,36.79513939438568,11.499603354961037,11582.399999999969,1296.0743460719214,1921.4226108463486,1336.0704956501265,190.95817802169555
184,720,70.34214707707564,242.29568098360372,171.51266213941065,76.3487603130882,5.233754578116755,,46.36539746914059,46.04554812493734,0.6505904970690608,45.39495762786828,0.0,42.24902222310524,23.66172018311363,32.16776692053153,4.372449824965132,11582.399999999969,1290.592757754243,1866.4273732603021,1334.1787094563301,145.64619479691092
185,720,61.47508413946231,208.75855865082755,156.78473614071612,57.36313948323058,5.0305948684217485,0.056670114398002625,42.64203799399547,42.06541694304906,0.6482160557061434,41.417200887342915,0.3394419231917709,42.25166510048517,21.615011898017006,32.79351439784702,19.711089276341216,11582.399999999969,1271.4355879385794,1893.1716945206247,1316.9085320689685,155.0788343018537
186,720,77.9710471793082,272.4597286925984,192.73934442795834,86.0423252320946,5.964493373176164,,40.499860636889935,40.25043560587801,0.6481168144382536,39.60231879143976,0.0,42.25710327776783,26.134603108418215,34.9498845632609,19.412270344707945,11582.399999999969,1295.4449513013967,1967.6070830178135,1302.6019058568083,111.14232458291067
187,720,74.91153083299955,270.23547698682324,186.58831821244317,89.5810846969903,5.592965219789352,0.026126854121685028,37.88339801412076,37.26997675700113,0.647362696705386,36.622614060295746,0.3325795950368047,42.260004100586194,25.601562700599793,30.120988484504394,14.268758512054164,11582.399999999969,1261.401028912518,1896.2858799278674,1320.8583279786505,193.4604432957467
188,720,76.03607549908293,255.2596707896302,173.86623420467942,87.22620843143704,5.47197782690618,,38.44612444192171,38.20679868105799,0.6456813202239573,37.56111736083403,0.0,42.22086113444507,22.874215790729703,32.422971283364404,18.142787405156486,11582.399999999969,1323.636074198634,1940.268940327818,1353.6154949445336,181.15438116007837
189,720,75.39059906688783,253.55725144317648,178.58861560803803,80.4979837730624,5.193370805750433,0.061501603573560715,44.97033311217092,44.36120901396498,0.646048380760476,43.715160633204505,0.3326936091762036,42.263808420713495,24.275564872731135,35.14160718035663,13.089091136594364,11582.399999999969,1207.003622196556,1795.8947692657557,1300.736416665996,54.76861411180002
190,720,70.94273087312094,267.54617252791087,209.57096027198142,64.2981931270145,5.97164039994705,,39.59607631992549,39.36135465395637,0.6469965616706759,38.71435809228569,0.0,42.26373216284062,28.25567815026685,38.79363430961369,28.93142588075786,11582.399999999969,1224.9912547706294,1878.7588063299895,1295.4933980915218,113.22093178060258
191,720,62.99119479205785,229.73682701767603,170.61766494694348,64.53115229833266,5.080315601196612,0.18322354555130005,42.90948740602471,42.30378998396918,0.6467746675480157,41.657015316421166,0.3338246759958565,42.26377143089917,23.993136113560503,30.725618642891522,8.89491083957028,11582.399999999969,1264.0122234534952,1843.2082987233184,1288.3969571263317,173.74054950614993
192,720,79.13902362193093,288.14313255234174,202.399260597185,92.27947419258633,6.180541230063817,,44.39515379304066,44.14261694997549,0.6472327979281545,43.495384152047336,0.0,42.26309766319269,27.37201601411077,32.999286525637764,24.691926412848133,11582.399999999969,1291.788056485185,1960.751193961839,1312.1473802617713,113.15065523178234
193,720,76.17142244559274,256.03278906996655,189.6066615394386,72.88757292930545,6.079536762324783,-0.05558350682258606,40.03329368797131,39.449352788040414,0.6469517641235143,38.8024010239169,0.3309504031203687,42.26380243920763,26.38254464418355,39.727635980940015,24.510934962591588,11582.399999999969,1322.3505244405221,2011.1770341100748,1290.9195019035074,29.430991374543623
194,720,80.42027096137741,292.0077612976165,198.59901258830334,100.00520795583103,6.224978759939782,,42.71713434695266,42.456181620946154,0.6477005761116743,41.80848104483448,0.0,42.263453490195246,27.030446251784134,30.41766698346189,15.76807953815679,11582.399999999969,1318.7067619434774,1986.2074853759316,1315.9948739174838,201.61885417949512
195,104,0.0,-56.91738228652081,4.265867859593437,-60.84507685981712,0.29041459430643984,,13.29862968600355,13.037484489148483,0.09436681983061135,12.943117669317871,0.0,17.657333496708095,2.73313364052266,30.422538429908542,0.0,1673.0133333333306,194.0872999394425,242.1181284022004,189.2951372641169,108.75713546874881
196,720,69.6853221172542,225.60877126305428,163.8749912058807,67.31349349138151,5.221355188429317,-0.2007761150598526,43.87385312304832,43.24471949203871,0.6472222816664726,42.59749721037224,0.37352496292442083,42.263693593632574,22.86557087215808,36.02857537156345,14.485569294311007,11582.399999999969,1336.1795606574906,1962.7647697615116,1305.324673098937,290.812129739376
197,720,70.42140031049816,259.48452434901225,192.4783054898764,72.84550783726134,5.476731897675903,,45.91769019700587,45.65343516599387,0.6495818244293332,45.003853341564536,0.0,42.2541557129111,26.160460193687182,33.99864639186749,26.40083640254674,11582.399999999969,1178.0452898205292,1796.4715800285421,1337.6029317892742,123.19986787717023
198,720,77.71224583039343,265.68738601632543,193.1203447304953,78.88136850999544,5.958683113688495,0.13073113560676575,40.82657474698499,40.308715488994494,0.6464291752781719,39.66228631371632,0.2781959641724825,42.26324415229291,26.390926848434162,38.27156157539571,27.27397025519113,11582.399999999969,1283.383309473258,1953.6333486288793,1299.7019250670046,154.82512847650827
199,720,65.13558714627963,229.5676268791626,171.6157602608037,63.41752790813538,5.114893023212684,,44.63785180891864,44.354915326228365,0.6483951678965241,43.70652015833184,0.0,42.26369767120288,23.878492899220905,33.42682319221195,13.181050209552192,11582.399999999969,1197.0960822656532,1783.370555575579,1342.7598257622724,163.6370993667253
200,720,52.21283596500225,182.56424418979813,143.95152563225835,43.19563860141447,4.267872258413446,-0.0992753803730011,45.02374276285991,44.41270866012201,0.6480271227192134,43.764681537402794,0.3342182720080018,42.26373239580337,20.069248509418557,30.615016664295002,5.147612796037652,11582.399999999969,1204.212214338049,1697.5143972081432,1282.2236949630517,29.280460097332973
201,720,70.3054807392577,260.5147681637627,198.05036697581625,68.47678119816706,5.684716688745777,,35.70697803981602,35.486483277054504,0.6465882658958435,34.83989501115866,0.0,42.26377935748384,26.24656482101749,36.06709014017417,32.52359977462571,11582.399999999969,1213.1669937884105,1854.4634823573565,1299.946646389704,182.2391687619215
202,720,85.2673686995402,323.42678588346524,228.10073751273632,102.31807277155252,6.635346364148157,0.06627881526947021,42.56268258113414,41.965075358049944,0.6471637203358114,41.31791163771413,0.3380460189655423,42.26362660133549,30.287838946720274,34.10833231376394,26.994806569762698,11582.399999999969,1260.7887631806993,1938.5698375965858,1311.7281576760197,125.26192711951126
203,113,0.0,-66.97775343719914,3.606601812082162,-70.13507589914921,0.38747337921416364,,13.42053660005331,13.137003703042865,0.10342390486039221,13.033579798182473,0.0,13.32514704714933,2.3311928478763875,35.0675379495746,0.0,1817.7933333333299,244.9871380707485,311.67996901812757,199.49029653907138,120.11176063856094
204,720,76.27554775838283,283.14387743273625,201.37134550353426,87.88970446713266,5.781696147649878,,42.408512274036184,42.17319362494163,0.6467255756724626,41.52646804926917,0.0,42.26345379982286,27.074460180821294,32.3306955248165,26.586080582670046,11582.399999999969,1223.9630388817845,1862.5347763702848,1275.1231352023349,153.01255397221868
205,720,78.27465790263581,262.63666204214564,185.51563720538346,83.19362748325932,5.719992648165348,-0.5150929093360901,41.523385155014694,40.84735557087697,0.6480307031888515,40.19932486768812,0.37841523508541286,42.25841060875133,24.66764923961942,36.67784416100615,25.245614391173532,11582.399999999969,1279.4974139157173,1923.7711242978858,1307.1848138572357,122.81711242214544
206,720,63.502529563674074,257.99109264725473,204.14444537889872,60.29369252141639,6.086341586629673,,42.04057257506065,41.803585623856634,0.6482446494046599,41.155340974451974,0.0,42.26356471180521,28.008551712067316,33.35568330296588,26.084451993426296,11582.399999999969,1256.0268229770145,1929.4406246243461,1302.3249895110482,133.5720995280886
207,720,74.94643189801694,246.16999154905022,164.43147181148296,85.820861189919,3.7542749428413904,0.041199926286935806,41.51787617709488,40.9147587439511,0.6475480359513313,40.267210707999766,0.3309576930478215,40.87132100163922,21.03903523343429,32.03600130305744,17.300822340936502,11582.399999999969,1013.4002695358756,1466.0839030875904,1288.2038013453346,147.3686664605369
208,720,81.14376011418378,294.11037253530566,206.27737274098436,94.5058066248031,6.287721039953925,,37.50335098290816,37.25397728686221,0.649527600966394,36.604449685895815,0.0,42.263565353331224,27.158847530515988,33.89085680178223,26.671454279961758,11582.399999999969,1293.7082848863029,1967.1643998412846,1356.47171127151,164.12508168982032
209,720,57.4218576199101,194.89107754236082,156.16682098227395,44.227381267301354,5.136973233497361,0.10324731469154358,42.87325554713607,42.29853230481967,0.6477098821196705,41.6508224227,0.33036562893539667,42.26326024937415,21.663141863348244,35.30816698625942,21.40468068475062,11582.399999999969,1316.5637237913368,1936.2069808318818,1328.1432499250996,174.76073246749806
210,720,81.70117965136022,293.184835165593,200.12327653066595,99.45550028493176,6.036426489032277,,37.7415490699932,37.492866708897054,0.64891975116916,36.843946957727894,0.0,42.26170172738261,26.893861171676335,31.97342950889434,14.32165760504332,11582.399999999969,1298.7380954717833,1933.8069298770424,1314.6235702584881,187.15222060140957
211,720,43.16395172443174,126.55440014081394,119.16461572672421,11.556867952217232,3.8047528963953585,0.0813661515712738,43.83427998004481,43.255576433148235,0.6460575996898115,42.609518833458424,0.3328761411830783,40.5440496442111,16.16889415688899,37.38551774832312,15.118531130073054,11582.399999999969,1248.7248050781345,1736.6994762944473,1334.700394486684,56.91933156480907
212,720,81.10450640945864,266.5369117484039,185.4784410564097,87.19128385846051,5.789042588410411,,44.78215201687999,44.490256221964955,0.6462371493689716,43.844019072595984,0.0,42.263640304803644,25.215297637777287,37.50886448022838,18.599737859866806,11582.399999999969,1288.0639164616903,1942.4971511241936,1236.2650545507254,150.35163217973513
213,720,79.12794494903548,296.87822896058793,224.56880500962242,79.10920644023292,6.4362347067634955,0.019085092470049858,39.049429680919275,38.456850305898115,0.6453439053148031,37.81150640058331,0.33360619796440005,42.26369018473157,29.63728209293186,39.57334172891902,35.606398026869044,11582.399999999969,1235.0605060423277,1921.357075759345,1349.1529238956452,124.30476192747122
214,720,66.01455737753305,249.2302674963921,186.07198920961824,68.29848251842536,4.794445459532411,,45.352847181027755,45.10052119800821,0.6489352795761079,44.4515859184321,0.0,42.255164121004334,25.770377473058225,31.86531611832037,18.719269790075032,11582.399999999969,1097.629597344988,1620.39385656738,1344.239822590345,83.4384563559273
215,720,76.02557192707363,264.98986332775945,187.73083264080293,83.34689100321862,5.737577222948902,0.013765238225460052,45.89971611602232,45.26831845706329,0.6491646110080183,44.61915384605527,0.3363401950336993,42.26366919753714,25.24001373819126,34.35212642546432,23.634257079437507,11582.399999999969,1272.6758349915924,1925.8797575556678,1297.2414241404008,122.51865882632346
216,720,64.87126496548117,243.95038262390497,183.23502447359107,66.62949534050539,5.567043101549395,,39.76493134791963,39.55583279603161,0.6469922901596874,38.90884050587192,0.0,42.26335863650945,24.63035908791909,31.55651729522848,27.609747301313227,11582.399999999969,1260.748621795521,1906.986217622302,1275.9613502403474,157.3061185132956
217,720,82.74008389549245,271.5637768745291,176.22323070830828,100.96749932635524,5.28011296504275,0.08868169039487839,46.05146756302565,45.42123099206947,0.6464946041814983,44.77473638788797,0.3334250091575086,42.26259053067712,23.45255669041881,32.25633423231483,4.545330672718883,11582.399999999969,1299.4372043626981,1871.2444567415093,1292.618626623338,96.33603748199589
218,720,84.37903711905584,305.9550591914225,217.71266350272202,95.03387597652862,6.446350909959987,,38.49285404593684,38.22437430592254,0.647674523293972,37.576699782628566,0.0,42.26384280057058,28.94146136994198,36.86209913079153,27.358844126867748,11582.399999999969,1269.3698153991832,1940.8199598892074,1289.1891526450665,104.94880618302268
219,720,76.15264254545038,221.3108814455081,153.20659274984567,73.16109072427597,4.715414868950517,-0.0995216965675354,45.45740698603913,44.842778268037364,0.6467964174225926,44.19598185061477,0.3317926770541817,42.25606514480391,21.04198063078934,39.5720971833124,13.311113281920283,11582.399999999969,1256.0860529095648,1808.3671168307708,1316.3811375186028,85.97116176650796
220,720,73.11740128222952,229.448444219901,153.2767108009315,81.12528769250525,4.607300976868754,,44.599186225095764,44.329893307061866,0.6457408603746444,43.68415244668722,0.0,42.23757730202718,20.502774888001685,32.5547574359769,8.669452719349882,11582.399999999969,1230.8994998937721,1769.8256236250788,1266.8645260208345,46.15680208349421
221,720,72.11080964116144,272.1104248802365,199.33644162735615,79.18910775674341,6.0420778808366125,0.10371959209442139,42.15953581780195,41.56172177102417,0.6450332603417337,40.916688510682434,0.3341770980041474,42.26368666635535,27.49175997746573,32.51625576278973,23.670551434088935,11582.399999999969,1279.2389128243317,1944.016614881614,1327.348704976988,154.88447981959513
222,720,80.02584658837416,267.0972542663365,189.05301718684203,84.09979135396604,5.6961333014660855,,41.834219394950196,41.56663047801703,0.6463252098765224,40.92030526814051,0.0,42.26021430577079,25.411854808012357,37.975950911391145,26.769865860352553,11582.399999999969,1291.0130792600803,1918.8086883144213,1342.41550535502,84.02662361666343
223,720,55.39795652759896,211.4142219751209,170.28104826373274,46.92885900968777,5.430944474381566,0.05605246499180794,46.07006347598508,45.49468334601261,0.6449301801621914,44.849753165850416,0.3343684228602797,42.26340236034989,24.08267617894316,31.933527022755072,17.641784565036737,11582.399999999969,1312.170239042918,1948.6610809364436,1334.8402838188213,148.3513226449771
224,720,83.43733249461845,295.9384846423376,213.26484950415528,89.12011468707024,6.097963420118074,,41.942283315816894,41.65092786285095,0.6466170251369476,41.004310837714,0.0,42.250010982039996,28.485398330244962,38.877275151083325,22.27572576547502,11582.399999999969,1251.5715799324262,1899.7269641194882,1345.5422497735524,149.8419270406155
225,720,78.43883033706256,266.7065146186095,190.3335026030012,82.40762995280139,5.6949149086298725,-0.02225280925631523,38.3723082090728,37.751264163060114,0.6460446836426854,37.10521947941743,0.3319268780760467,42.26219722778695,26.07209584667266,37.23501536066187,12.58487062155841,11582.399999999969,1281.8952380017336,1915.2844163467594,1273.7711715775756,137.21523030749657
226,720,68.93081547163948,238.46880840667095,178.6923560341845,65.67811106561649,5.5561406383480945,,45.53949110885151,45.26496929395944,0.6491452634800225,44.615824030479416,0.0,42.26282091200413,24.645253507218108,36.09175993883123,24.13210397433706,11582.399999999969,1272.2005692457699,1907.4362854561318,1306.6876349114282,124.80516071391153
227,720,83.1250067302767,301.19545425533704,214.3339146768419,93.1983275206014,5.9959766317059175,-0.08215031772851944,43.44642194896005,42.85127218789421,0.6472668705973774,42.20400531729683,0.3301247621420771,42.26382611701099,28.972893297008326,36.52584296997601,13.382165880058631,11582.399999999969,1211.8884615741729,1840.4374485473895,1310.0939226775727,135.62826118003312
228,720,73.99075689508699,249.37155771295787,171.05376422915438,84.29642198238395,5.602815940577882,,43.231542818946764,42.95220783515833,0.6480675416532904,42.30414029350504,0.0,42.263180624551765,23.58648154150965,31.84254590389502,18.372194153646575,11582.399999999969,1336.685625395986,1975.5931166843832,1305.211895679979,197.90913219649605
229,720,72.45393622301579,253.84274702410698,191.3152229482541,68.48713168391323,5.62280664775145,0.02509240247309208,43.24434591108002,42.65552682313137,0.6465404389891773,42.00898638414219,0.334005432901904,42.26345148888911,26.057126695266895,38.21037038105917,18.848497575501433,11582.399999999969,1270.455479565479,1887.908682658091,1315.0049604551432,67.66493472188678
230,720,75.53666624170555,289.20663234272683,205.58829783121973,89.76876665245615,5.797265635499421,,38.82598285190761,38.56280404608697,0.6471324546728283,37.91567159141414,0.0,42.26369009463432,27.55145200878963,30.652282915477475,20.461303607813345,11582.399999999969,1244.0949473510402,1861.814707400427,1363.9450484027573,135.85053541188833
231,720,85.7671563694669,332.8822429180896,230.85879102519164,109.00669904956345,6.632010072340206,0.16107842326164246,35.483281505992636,34.86461984203197,0.6442845754791051,34.220335266552866,0.3360525460448116,42.26337774341073,31.103469064845036,31.263806844685178,19.45483749969025,11582.399999999969,1267.3754147064624,1930.8732465321912,1298.5505353079766,74.31021343786482
232,720,70.94471667432752,240.37961698042466,179.69953807221162,66.93563400092066,5.868534601129411,,41.93101949803531,41.66641797591001,0.6475862327497452,41.01883174316026,0.0,42.26366857368623,25.026314334003306,37.476899673867194,21.854641947185915,11582.399999999969,1344.7851846028668,2026.6615116903813,1286.3548275362275,204.23813200606924
233,720,54.011173167734064,204.8243706594416,181.25813394568112,29.043499979875364,5.113419847325351,0.03277691453695297,43.76529730018228,43.189580345992,0.647547461790964,42.542032884201035,0.334685425972566,42.263650482223795,24.75395966039999,39.48942317779638,29.305676809569352,11582.399999999969,1192.8661472175047,1775.4970150136337,1313.3154780516015,88.77803078406718
234,720,78.74795934861302,297.58533820756196,221.06642308711486,83.58447983004918,6.6810690654664615,,40.46311692986637,40.23845242196694,0.6473234468139708,39.59112897515297,0.0,42.2635250389279,29.649966836193133,36.955719433588435,34.917950198629256,11582.399999999969,1295.1113319924586,1997.9042593774554,1318.43134378809,160.27796150689267
235,720,78.68087983027952,310.37487368905585,236.25787454433427,81.15346493585454,6.650472910979264,-0.00397968664765358,44.63963122200221,44.0552383759059,0.6473147410433739,43.40792363486253,0.334571850951761,42.263641563966324,31.549969426041304,38.10414736235225,31.732234441240482,11582.399999999969,1243.2333841021114,1928.0793630366659,1359.8161715543015,147.44811127059876
236,720,75.32760633072955,296.1848656972095,213.61214160819097,88.93657687158844,6.01243862505721,,39.7852669719141,39.509019318036735,0.6481636774260551,38.86085564061068,0.0,42.26386475623566,28.75706023446694,30.85931789493534,26.581081761261704,11582.399999999969,1241.7821845099545,1873.7743449738866,1388.3630619701557,64.79371846179775
237,720,83.10625946631549,316.67887675955063,223.710485727094,99.82425920789345,6.4850622551232275,0.003572329878807068,43.97584146098234,43.33975212392397,0.6471091168932617,42.69264300703071,0.3375912581104785,42.263538347382934,30.250798139302187,33.19412986236877,19.942618691351402,11582.399999999969,1275.8482281014635,1936.1620631447213,1335.555146793337,134.04217618468692
238,720,66.46669954065003,235.89535764825536,170.10716768490883,71.79640873755892,5.632546904446035,,43.69505871506408,43.42482925881632,0.6486068442463875,42.77622241456993,0.0,42.26121933640478,24.057056753342245,30.568495171870573,7.182919443303868,11582.399999999969,1366.2263270640715,2010.0929168387408,1270.5604591302806,156.0373216939962
239,720,67.13745954096727,240.03422153803066,188.10533114598465,57.93789219932174,5.6386129919066335,0.03309272602200508,43.941831378033385,43.31712401797995,0.6480047190561891,42.66911929892376,0.33735391683876514,42.263393765091976,25.548035830814626,38.1685134413064,28.659987557750448,11582.399999999969,1235.0454230898142,1886.7407873788202,1358.0623532859856,95.4798831897856
240,720,75.92059525431745,282.36893765090855,204.48333523337584,83.32351418481903,5.080549064869319,,41.22023718710989,40.981362516991794,0.6469297055155039,40.33443281147629,0.0,42.263783145981755,26.549021285296412,34.25883816190793,28.607452935770826,11582.399999999969,1084.8472263581816,1641.2152206907224,1330.1548699278271,60.84769310253261
241,720,70.84308153065473,254.89961239051834,186.40370014121302,74.39880547023189,5.562822463080205,-0.009288313798606396,43.16572627983987,42.55101881898008,0.6474266808945686,41.903592138085514,0.33442850899882615,42.26359957866514,25.33284702909764,33.64367879553878,21.392744840662168,11582.399999999969,1251.6481990162401,1888.8159228790387,1334.0127571467024,114.47148775925172
242,135,0.0,-57.46552286723937,8.583989053673541,-65.5479376646264,0.43042206074773737,,12.910147863207385,12.632222346030176,0.12270726473070681,12.509515081299469,0.0,18.24101185041601,4.518641323328482,32.7739688323132,0.0,2171.699999999995,229.24458205516606,285.98494558798785,222.65820613599624,31.962630053969836
243,720,80.84345010209432,292.1938212550528,205.80864318475975,93.26372106224116,6.489221210731405,,43.06998233520426,42.76758971391246,0.6474682081025094,42.12012150580995,0.0,42.263500205770434,28.599935406811984,34.21158957097374,14.943536076084987,11582.399999999969,1344.679574389135,2031.151024887298,1304.479623324003,150.67727081626677
244,720,74.04872822296784,272.3581470717782,203.7048390767063,74.89802816359972,5.8742420134026245,-0.21430912613868713,40.571374099934474,39.930167065002024,0.647615612950176,39.28255145205185,0.380417879903689,42.2634821701305,27.413388913239764,36.59971414116798,29.83658643760122,11582.399999999969,1246.5752543631156,1899.075888413142,1365.1338060128776,110.92869455048023
245,720,50.706698253727644,192.2363594594941,174.50231011764276,24.093279245496575,5.919506605010302,,43.92614036099985,43.668724787887186,0.6482658542227,43.020458933664486,0.0,42.26335374483103,25.148274541787437,38.66005863097936,32.238447406521374,11582.399999999969,1296.7001827561446,1967.3405438472362,1369.2042749933646,86.6108364177768
246,720,81.97984324367513,308.36348579340614,215.5650745610537,100.00282938179355,6.7994591839556975,0.13553613424301147,41.892634415999055,41.32359261717647,0.6469333162531257,40.67665930092335,0.3397633850108832,42.26372497786925,29.55034619181222,31.97842855277836,25.617119692397715,11582.399999999969,1355.267348605602,2051.8779248528094,1310.3527367300658,77.31775465670134
247,720,77.37533160527481,299.7241519799259,212.8001143347899,93.72948048439542,6.400568905475399,,41.0228917140048,40.74790947884321,0.6499466674868017,40.09796281135641,0.0,42.26359333649383,28.54250653615388,30.5105913630771,23.44633064717282,11582.399999999969,1291.4611131519691,1974.0232641543873,1372.5963721503674,127.71440207994783
248,720,83.2031101105906,308.13989660220966,214.6795375140935,100.44102297351425,6.590598384222124,0.006704872008413076,37.55543811619282,36.962780051864684,0.6480804155580699,36.314699636306614,0.33556061377748847,42.26354010236719,29.415935108180637,32.982598623833475,17.41220859071507,11582.399999999969,1312.424979810668,1997.8565006491972,1365.5416021610338,136.83309611702074
249,720,80.0811751770253,284.9148377725939,198.00365298230585,93.31407469716778,6.033739152112632,,41.559285695897415,41.28179099690169,0.6490293487440795,40.63276164815761,0.0,42.23597742855488,27.124966906998583,33.42413782844141,17.68853980192235,11582.399999999969,1293.495658028884,1956.1339648637036,1307.4514578224178,134.91852991693978
250,720,86.40772040789838,291.26941717888695,191.25999800068567,105.79805932507735,5.434805447257514,0.06160097196698189,44.59637321601622,43.969984172144905,0.6465120685752481,43.32347210356966,0.3353544659912586,42.26362270500968,25.40667563009944,33.50869074535971,16.53689436792667,11582.399999999969,1187.5380593540856,1752.631684329244,1262.2158560258506,50.96852669789149
251,720,76.7758229717067,289.71902225966437,208.14647906825383,88.26889202001502,6.312563484843122,,44.04534347192384,43.76901578903198,0.6478302876930684,43.121185501338914,0.0,42.26353908152687,28.685818339214162,32.641376961699194,19.45365329671695,11582.399999999969,1307.5065963759757,1979.0706615782556,1338.8210916675075,128.15782837731564
252,720,81.33075981159934,326.58691212589713,235.73400245932473,98.10482488457852,6.860492890378378,0.1411333531141281,42.773375519085675,42.16194545617327,0.6467225651722401,41.51522289100103,0.3368685250170529,42.26358795004123,31.526307132004376,32.278347369310076,28.329909153391032,11582.399999999969,1270.3579888814995,1965.7219713618226,1363.4479601422431,113.95176188785973
253,720,73.93340547262798,250.6174454342235,176.37545628323545,80.61318007556747,5.97610544582706,,40.54058941989206,40.3034656799864,0.6487187372986227,39.65474694268778,0.0,42.25781199024735,24.742137539245736,33.62681543484425,22.510642766472746,11582.399999999969,1392.0592832881966,2080.234339275765,1280.5103667352957,130.5119412819247
254,720,85.37704951770873,305.9453969522692,221.55998967250022,91.09183340707634,6.303809104043576,0.12839247286319733,40.50453053903766,40.024461972061545,0.6472539941314608,39.377207977930084,0.21909771184436977,42.263588093482326,29.865839473391006,39.83113281417056,19.1966907505771,11582.399999999969,1231.3221392588948,1862.7854592887052,1363.7875922213898,69.312418588482
255,720,61.84996803693924,197.66180670543577,147.7520633462825,55.25512045441138,4.982524988595051,,41.78033228497952,41.518946178024635,0.6496301647275686,40.869316013297066,0.0,42.25862400119988,20.61041857895892,34.222407809733554,14.22767249276611,11582.399999999969,1353.038485198038,1955.0484865488659,1281.0040990738744,147.86357933311615
256,720,78.25016189349545,297.970574154688,222.63605506015057,82.45774941613358,6.721004161330594,0.0308068934828043,39.69524709088728,39.092769551090896,0.6474971815478057,38.44527236954309,0.34008615696802735,42.263783791492564,30.427219673492157,37.021287185428655,28.489080505829854,11582.399999999969,1294.505929008483,2002.690119862313,1337.7358923869226,92.69588150446553
257,720,77.43123032349592,285.28245039092343,211.0483394947453,80.74310523792349,6.137376528783008,,39.95481273997575,39.7075017420575,0.6477795075625181,39.059722234494984,0.0,42.26382347309105,28.15385767932219,37.05967770453418,29.191222304514277,11582.399999999969,1221.9272075653028,1888.186559452066,1293.926521163063,61.969823548785016
258,720,82.70085362437447,307.54024905908136,222.372187174216,92.4877578106497,6.902050787184885,-0.1291186511516571,42.92985231685452,42.30940249795094,0.6473131445236504,41.66208935342729,0.33805852103978395,42.26385865584339,30.436904138390197,36.456974719049626,25.701545772773375,11582.399999999969,1329.8646294599025,2048.580145654329,1346.6740218706902,163.83123282276102
259,720,77.67331452150614,280.6094670044563,210.03503786839113,77.3881979472686,6.422704245268883,,42.70403675897978,42.43252676795237,0.6490624626167119,41.783464305335656,0.0,42.26387631098656,28.723907791994584,38.979215547871846,30.34139487801704,11582.399999999969,1291.8922231327792,1979.5331342655634,1346.5559414328716,61.704111300263754
260,720,79.01982971672469,282.23572517549815,197.4918685364313,91.18851241358874,6.065338755181827,0.015182352624833584,41.33174604503438,40.82569705299102,0.6468669413588941,40.178830111632124,0.2761908022221178,42.26377659861623,26.54065027453955,33.42557350993032,28.282661851128427,11582.399999999969,1289.7312192313539,1964.599123041637,1324.1680929455454,144.08397272959152
261,720,78.84322552802894,282.26605602091183,199.94136974079757,88.53259076287257,5.814065308943776,,39.76266612880863,39.52484108810313,0.6480789785273373,38.87676210957579,0.0,42.263510725843254,27.12492760363978,34.57693014659265,24.17218746288389,11582.399999999969,1228.6443619411557,1860.5708068246556,1383.2915376852714,115.319338010674
262,720,71.31410326573848,266.4714067327019,210.44475566109574,63.13061603527012,6.699551389836499,0.14728626608848572,40.734269002918154,40.16071246401407,0.646491727558896,39.51422073645517,0.3383661729749292,42.26315095157716,29.479802492827744,39.74879524810342,31.00099488691539,11582.399999999969,1330.9356430719015,2062.324948922826,1339.5694069842525,126.4005574192836
263,720,87.64496479925486,314.6364154541946,223.4185401769564,98.62996229563072,7.024128477809434,,39.9458179611247,39.693931007990614,0.6472382757347077,39.046692732255906,0.0,42.26391189165127,29.959921515672534,38.329983651439505,25.90752032099701,11582.399999999969,1332.2237898144626,2043.7544824390711,1289.8068926057895,185.4058053891198
264,720,72.92942654359346,247.2863852404554,177.8414566863143,75.27639944296126,5.482325065523064,-0.02118302509188652,42.95401901192963,42.34152151015587,0.6477537641767412,41.69376774597913,0.3372347990516573,42.263527788751134,24.52319574668578,35.29122682211283,24.625145347214342,11582.399999999969,1275.375651210082,1918.244954352827,1310.757118203161,147.4278139374816
265,720,68.86490150714532,244.70012438352364,188.4204356007789,62.68026182557064,6.025334137791776,,44.5097596028354,44.24177050287835,0.6488980110734701,43.59287249180488,0.0,42.26358885140201,26.566464534333246,37.52477059436,20.916099954182375,11582.399999999969,1331.3077892320969,2014.7619765859254,1313.1840060167347,83.71332774245163
266,720,71.08864138048965,253.81828370244693,190.81310571885513,68.39779061252136,5.008389402509297,-0.05605413019657135,39.1655303039588,38.59839301602915,0.645717711886391,37.95267530414276,0.33646185300312936,42.26389605789748,25.56880790705449,36.88974607422897,22.252981020050015,11582.399999999969,1186.8748906635276,1736.950180981458,1311.2441109496094,205.79379036398296
267,720,79.21563854367822,308.50043802156415,224.80097938450757,91.00223263169804,6.904748422765563,,37.319046039134264,37.080759905977175,0.6467536948621273,36.43400621111505,0.0,42.26369142609788,30.370241020797433,33.71452222782921,32.58333694208791,11582.399999999969,1307.9924720353529,2029.0577011671228,1335.3060184443932,85.26946391281777
268,720,62.99484217161987,248.71694872068974,201.53049397057546,53.055433488349905,5.467603169327573,0.03416853025555611,43.447517700027674,42.86186992819421,0.645919939270243,42.21594998892397,0.3326176651753485,42.26337634463446,27.798422433014917,36.46712542744492,26.378496975296716,11582.399999999969,1157.3340024721863,1764.2021159998637,1336.947692044585,173.15255405296617
269,720,69.78174729192952,264.6378944163849,205.36530705404053,66.17702046211679,6.50604108808641,,42.34481877996586,42.094997509848326,0.646210209466517,41.44878730038181,0.0,42.263591770051306,28.893256821788114,36.69323706087113,27.523609087836736,11582.399999999969,1332.1776777045638,2064.9395052449904,1304.0997693366803,226.34294302721332
270,720,73.15644671183563,276.1184336776026,205.51831489626306,77.16116695326603,6.197121198841823,-0.07024272531270981,42.30162732489407,41.72162327496335,0.6450977381318808,41.07652553683147,0.3322276920080185,42.26141987566048,28.457315121116157,34.57586323520261,24.376828810816864,11582.399999999969,1296.1249546947424,1982.694351920865,1307.1441901931287,159.66519035219054
271,720,66.0539955425812,255.37582555545163,199.2677554023008,61.93903821277436,5.458310426283735,,42.96263471595012,42.72100073681213,0.6483549468684942,42.072645789943635,0.0,42.26394172633484,27.26462052519128,35.084476436194024,22.638656186966447,11582.399999999969,1157.1641207439386,1766.7577414179154,1343.5168585051747,153.52314231465283
272,720,83.78650167776881,274.60839228336164,192.4616483625845,88.34380955100835,5.814982329515494,0.018964655697345734,39.415320073021576,38.84888911503367,0.6467925880569965,38.202096526976675,0.3359253900125623,42.263858442953726,26.09973902422556,39.61459690226464,24.6300436951754,11582.399999999969,1277.577414099733,1915.8947464355115,1311.4927198787573,181.99601409667795
273,720,76.50555575638074,284.6816594259828,212.35683315183522,79.27606831113594,6.553448458364396,,41.40781043609604,41.15454336209223,0.6466450423467904,40.507898319745436,0.0,42.26374125060244,29.09108784163799,36.86752160081277,32.25325854627885,11582.399999999969,1296.7925783033354,2008.5764021972943,1344.808328030232,162.7388407732868
274,720,74.93411051419932,304.56221411139035,227.7817227208526,83.80889173403656,6.647156561227609,-0.07336387038230896,35.88457720191218,35.279809890082106,0.6469276959542185,34.63288219412789,0.33375132409855723,42.26375718201532,30.817216886696635,33.029664647181036,27.771639828702995,11582.399999999969,1247.922431230658,1939.8609802415583,1377.0377994644457,25.5188971957501
275,720,76.5183930662071,255.92681392694118,183.75179998296105,77.81389383163167,5.298323391810702,,42.85039110388607,42.546195179922506,0.6472185249440372,41.89897665497847,0.0,42.10328513221011,24.566503943967582,37.61144615039126,22.280384693276716,11582.399999999969,1224.1596316196642,1836.3831926640173,1315.2737528570392,61.79691663315235
276,720,73.0319018816892,233.68297333193416,170.78171787402815,68.71054484920788,5.45005729487418,0.07890002429485321,43.592313739005476,43.013973152963445,0.6469430297147483,42.367030123248696,0.3331646390724927,42.22104838636566,23.304600943049408,38.676629457085255,23.729757184424884,11582.399999999969,1317.0987154445716,1967.824331727086,1328.656031040247,195.44097307172342
277,720,74.7186312309756,272.625215253793,196.04205102573684,83.05588098822395,6.070921925931845,,41.460431708954275,41.20369872590527,0.646954114548862,40.55674461135641,0.0,42.2615652479093,27.340850242722183,33.19069073686363,18.787166558742893,11582.399999999969,1297.4975467561255,1936.220507780286,1334.6230327569335,20.46452565815959
278,720,76.28315869503325,294.68870837596324,217.7267250688953,83.8396871045628,6.4860939631436105,-0.13567376136779785,42.259874667972326,41.682104520034045,0.6460293482523412,41.036075171781704,0.33671425795182586,42.26348894993989,29.79897218538106,34.36331514275185,30.944555236176274,11582.399999999969,1247.5494536429755,1926.3462406021863,1280.503423357042,65.02921821935114
279,720,77.63864979783293,294.21404618881877,207.66884672067957,93.56689973431307,6.613179825791383,,42.249447708018124,41.970994434086606,0.6478755210991949,41.32311891298741,0.0,42.26014808954746,28.56033214699739,30.85519993067639,21.07615114576074,11582.399999999969,1333.5775004861166,2045.715325931153,1314.7608037506388,116.53548978315197
280,720,60.55828132409565,217.69248387087057,177.01279341587835,46.25071325419934,5.201278153280773,0.0753612071275711,40.07461795513518,39.48216126812622,0.6447768956422806,38.83738437248394,0.3359504188410938,42.26384140854692,24.076671636137178,37.43292469699598,28.968007551015024,11582.399999999969,1176.6195404688926,1786.1619181847877,1350.8785826602953,68.97952698636153
281,720,77.62468806890087,278.0851481896866,198.62570058322322,86.3753487955708,6.5122337429253445,,37.94730891683139,37.67957295104861,0.6484285157639533,37.03114443528466,0.0,42.26344217540395,27.376669893473455,34.437013671115466,26.582582126516325,11582.399999999969,1355.8134053611227,2067.2471290572867,1319.9331349947795,56.47517056818267
282,720,68.63884156745371,272.8346447048109,213.53077910367588,66.42085818855611,6.718049289559191,0.12360282987356186,44.1076213370543,43.493228050880134,0.6464649795088917,42.84676307137124,0.33577700797468424,42.263669651343136,29.34405792076611,35.428412473175655,33.59341148750328,11582.399999999969,1329.9118465576696,2069.059602135217,1310.3248485558222,130.9932015238882
283,720,84.41090725457731,307.14254281695787,212.48670896597483,101.51004629056966,6.4691734007190655,,41.463033196981996,41.185735512990505,0.6480716580990702,40.537663854891434,0.0,42.263912152592376,28.339351449988644,33.65588410929248,25.119811019851507,11582.399999999969,1312.6258242302242,1987.2674557905675,1313.880520407569,78.10211256470917
284,720,85.99433433119853,338.55851076977814,234.19656703141683,111.92368980005102,7.141046182063244,-0.017474345862865448,42.99776885891333,42.378714004997164,0.6472189340274781,41.731495070969686,0.33631409402005374,42.26392809605962,32.02859653220489,30.032489431173016,19.96979507700965,11582.399999999969,1302.6228400554467,2017.306152488534,1329.9223045854144,62.207242027585295
285,720,83.079282527868,280.44363108204294,193.77695922537248,93.14259828321913,6.129646551728354,,38.56495009805076,38.31535445107147,0.6468464960344136,37.66850795503706,0.0,42.248866820102705,26.47462628594277,36.50798338625844,20.53782993614528,11582.399999999969,1325.309355780481,1975.6139811132007,1264.159631507274,36.882456966535145
286,720,75.43678570263741,315.82636339415103,234.39535175402278,88.73449545833986,6.906199916170136,-0.11537384986877441,41.26931376615539,40.74473583488725,0.6451485056895763,40.099587329197675,0.2752175908535719,42.26373719774929,31.59956569625485,31.06953797346747,25.36147018567842,11582.399999999969,1288.1520266178663,1989.9550669508787,1365.3013889487509,116.75851065947661
287,720,77.70837041383184,273.4837950564734,187.03063263421558,92.60177723191381,5.79900119105621,,43.32432623486966,43.02956059994176,0.6470038292463869,42.38255677069537,0.0,42.23965449908365,25.255766154552866,31.407481797874937,19.557271701426394,11582.399999999969,1315.0575717249317,1939.0709498273359,1283.6681249487713,106.7697980038406
288,720,80.44354803924533,280.75099303411116,187.95671819349687,98.38482385762157,5.220922912698761,0.05634431913495064,41.68904530094005,41.113959960173815,0.6461212325375527,40.46783872763626,0.3363171999808401,42.26383868070044,24.73551219416,31.251136110434548,21.10044804119223,11582.399999999969,1214.2141005252356,1781.6853058593108,1277.1168419295152,46.85308475477196
289,720,80.00469881086921,281.4245280265239,206.66481127094607,80.93391228894718,5.810100333815081,,39.68990605091676,39.42986683920026,0.6464921883307397,38.78337465086952,0.0,42.2633162495336,27.30721582122761,39.53774266639562,31.25448426209202,11582.399999999969,1214.7489560626864,1852.7132352481815,1336.3924595853107,100.95685112062668
290,720,62.719899179826164,250.10345855398225,208.07389803212652,48.80743881907934,6.37789439114569,-0.03814040124416351,44.25292377802543,43.69231400312856,0.6450302877929062,43.04728371533565,0.33598363888449967,42.25800060182628,28.433271954476172,38.316179770286496,37.126529178664384,11582.399999999969,1268.791199970139,1968.9132589484987,1353.1584652680162,130.17446191780604
291,720,75.77858892263114,282.28260281421313,210.8572670222722,78.23590372590003,6.41739262564059,,41.61221146816388,41.35901607712731,0.6473559841979295,40.71166009292938,0.0,42.2636975745331,29.10553075841187,36.66063705968113,24.25201592689146,11582.399999999969,1308.3451537650133,1995.6147569949915,1334.547492463568,133.81579052332108
292,720,71.07409628877842,278.17156463718857,221.81916197588475,63.063225475294175,6.351322499447743,0.12976159155368805,43.30876233312301,42.81591628212482,0.6452281624078751,42.17068811971694,0.2190298840869218,42.26374596950379,30.395156761568867,39.54248355113133,32.80486103217436,11582.399999999969,1235.9759019819653,1910.5155894362374,1336.0752955371343,139.41877392269024
293,720,81.8136725251552,310.57734307494087,226.96084277847413,90.90372834850433,6.890690960194754,,40.119992940919474,39.887668282026425,0.6469517124351114,39.240716569591314,0.0,42.26363242380912,30.33749849640093,36.36180835090303,29.713956967950555,11582.399999999969,1304.9488063472143,2018.1979796893713,1319.9623778581704,60.36394047709819
294,720,38.2686608332961,157.83978180088815,164.9457980894107,-2.7651369143830777,4.020758778076715,0.2045346349477768,38.02193564991467,37.41899227001704,0.6465182292740792,36.77247404074296,0.3360775930341333,42.26354540187181,21.695472902090128,39.65122929048764,30.378809854125382,11582.399999999969,1019.7311006285152,1485.5173432671704,1372.8064971985953,38.970756723656876
295,720,81.21583183795883,301.44354015660093,220.49695806574235,88.04969281181225,6.683200865087687,,37.74606580287218,37.47653747885488,0.6483748035971075,36.82816267525777,0.0,42.26322779728353,29.990068091630025,37.190985432052706,29.14091814533919,11582.399999999969,1280.9105949627274,1991.8124086067016,1307.8582551778386,171.06477660187588
296,720,66.70663392086222,249.92021386102707,195.18656539285666,61.42160569674793,6.278563378443162,0.0018441886641085148,41.78265925915912,41.20991285308264,0.6474160912912339,40.56249676179141,0.33616075082682073,42.26382098061653,26.473720663857026,35.99583107248825,33.49682197424133,11582.399999999969,1313.376926244157,2024.5593966021834,1315.3976380725917,108.7852480958257
297,720,57.63729168142399,206.86039687434786,169.85827387633327,43.05166422830693,5.675697196103777,,41.24729687022045,40.99896740587428,0.6486495658755302,40.35031783999875,0.0,42.26388560756769,23.707369999598853,36.11145956727052,20.294211922609925,11582.399999999969,1346.3187158055905,2017.8421430400679,1225.2192273297708,173.45268659391073
298,720,80.32140163630966,294.9384038704765,214.10125812321522,87.31200637955841,6.086601841345032,0.03339095413684845,42.33720444398932,41.789455202873796,0.6474039498716593,41.14205125300214,0.27692766697146,42.26363519341575,28.65036245642853,36.66539844653045,28.309879223549423,11582.399999999969,1238.8315309461282,1879.271055600505,1442.9216930289901,121.17175127282331
299,720,66.98736808320558,250.9059229363141,184.85092877651454,71.63736885317641,5.183375762179344,,38.46521079703234,38.17711147596128,0.6478200510609895,37.52929142490029,0.0,42.26349219921089,25.70399351472011,31.168683656617386,23.652537583011725,11582.399999999969,1186.6689246863116,1772.6550342226606,1315.0811822362314,125.65518644253518
300,720,71.53358464564717,248.23071251062163,180.2692111208466,73.22053525582066,4.896327259134831,0.013416869565844536,45.14814916392788,44.54820612980984,0.6468017550650984,43.90140437474474,0.3361208699643612,42.26337862909447,25.322088269943404,34.923317017736835,20.30486998629747,11582.399999999969,1121.3955895113506,1699.779721903307,1280.0442433969338,67.25529653512089
301,720,76.67044701202114,304.7582998257187,233.33272416374447,78.63067984163997,6.811942027339714,,45.17535254592076,44.92612973181531,0.6478307817596942,44.278298950055614,0.0,42.26344350703651,31.389309480563703,37.355107091201155,31.92818679334623,11582.399999999969,1261.3731070213212,1964.3232207848018,1361.6632488358075,92.01722249025579
302,720,77.25384491731143,281.46325323110557,204.57109377607347,83.47989229782803,6.1646024545624085,-0.03360655531287193,43.703353421064094,43.06493046483956,0.646624342771247,42.418306122068316,0.3353899901267141,42.263576613522474,28.019840172297105,35.51389876839741,17.39196248311125,11582.399999999969,1301.7364013743365,1962.3519706730867,1355.8630038188805,50.83291048646714
303,720,79.04495054539976,284.79593395245536,210.19519155486375,81.69986580194855,6.663884282306253,,45.867632624926046,45.59020049008541,0.646887103561312,44.943313386524096,0.0,42.263410796516126,28.83198603019764,38.195017644425484,30.200600407707444,11582.399999999969,1327.4901746050023,2055.9737472304814,1302.9338492676532,88.12306773821327
304,720,78.91890430457613,281.67708764973776,196.36613670817002,91.8526001462087,6.135736386058524,0.0005532579962164164,42.19286171300337,41.61066603916697,0.6473226363305002,40.96334340283647,0.33436413016170263,42.26358031375542,26.978384392053528,32.99260423147178,19.238482986475418,11582.399999999969,1352.2102698512945,2019.8843439607626,1330.09948464893,83.96642445584571
305,720,69.51872872433657,271.5368357987534,202.3463064233228,75.58632672974491,6.03552784714266,,36.41111019207165,36.15563018200919,0.6487188546452671,35.50691132736392,0.0,42.263602192439066,27.438107454088666,31.725565359464113,28.233746061109066,11582.399999999969,1255.9875816959177,1932.162639280276,1306.1696981525515,64.74986367419991
306,720,76.8722372109418,250.03801561002032,182.3670075779973,74.34641234287653,6.236349105842814,-0.026715010404586792,42.67187440209091,42.157298096921295,0.648235788103193,41.5090623088181,0.21690639993175864,42.13818097576974,24.768899171623183,39.69903103950354,33.4467594175646,11582.399999999969,1382.7971164752348,2110.284878431558,1312.3492553409458,71.63908194223572
307,720,64.13433709564178,224.85177012300102,175.42746541271333,55.86064722156026,6.028353686391174,,42.49481121101417,42.22121364506893,0.645213657990098,41.57599998707883,0.0,42.263482217507466,25.13839513470669,36.204013484861655,17.77767471143685,11582.399999999969,1378.21544814593,2072.7892751619265,1285.948950611701,156.70209028261547
308,720,79.80776517271296,316.42937531200636,223.96292048113753,99.4886102976613,6.637713963728222,0.06487661600112915,39.91645683092065,39.3119343619328,0.6474519274197519,38.66448243451305,0.3404809171333909,42.263782685576444,30.463791825879944,30.06346002388231,23.95005369151309,11582.399999999969,1289.1073917073008,1967.2790054242632,1303.8051484914818,112.24927491275504
309,720,85.41050078982178,311.23836436459425,221.40444125440658,96.74700513603374,6.529565210888551,,35.946601851144806,35.687722583068535,0.6488324652891606,35.038890117779374,0.0,42.26360907484031,29.684643040082946,37.036998221804915,28.00620600794223,11582.399999999969,1270.6277760589971,1960.9006030348,1342.374304428491,14.682118678450536
310,720,77.94005551736069,297.1290838948524,223.40183244725822,80.46665075512803,6.357406649116803,-0.05228320136666298,39.13559637614526,38.564661180833355,0.6463978025130928,37.91826337832026,0.33763061510398984,42.26236738365135,29.90484380791626,37.706730139796676,29.962145660310675,11582.399999999969,1235.2679512857999,1907.2987910673714,1361.1936253553156,85.3275990465677
311,720,78.86353557942556,280.5510024040356,203.28857695534472,82.71606762038498,5.08030177470863,,38.76661091390997,38.51284824102186,0.6469198034610599,37.8659284375608,0.0,42.263652701674545,26.619681795203096,37.50550176923307,33.85270395779869,11582.399999999969,1049.6304022471709,1613.5126109749956,1338.500216498576,39.743258968186005
312,720,73.33486615951853,254.37267615778714,175.2598721633644,85.36844969290595,5.83859707152308,0.05941241607069969,43.77964428788982,43.15324128209613,0.6481994285713881,42.505041853524745,0.3368634150829166,42.26387144255011,24.64621642117313,30.650641313065556,18.460228650124364,11582.399999999969,1382.2741951954063,2045.6324644653098,1328.953947058095,84.94470955706738
313,720,79.69721009490229,281.5731206312513,201.30600497942783,87.10990483371634,6.420776732987418,,41.31309692887589,41.060174017213285,0.6477066841907799,40.412467333022505,0.0,42.26175108268672,27.715859636437493,36.14225767804412,19.087656180796824,11582.399999999969,1363.1770934329247,2066.098489786503,1319.4731056159173,96.19554853360513
314,720,88.18168040072584,338.3174565414035,243.9186247241133,101.75547735778122,6.9578138435998556,0.07921642810106277,33.34210031386465,32.77955651516095,0.6455287649296224,32.134027750231326,0.27356447116471827,42.26356121817007,32.04240992738387,37.30394172183523,30.49983732763415,11582.399999999969,1260.2380364682335,1944.6634813431535,1379.2357295606878,117.43162139100156
315,720,84.62989990440576,308.46717940782827,212.61109945365283,102.67303481081038,6.427224606323002,,40.36847668304108,40.098346947925165,0.6482875403016806,39.450059407623485,0.0,42.23367723865597,28.55554335255971,33.293382499000565,14.491017537690814,11582.399999999969,1353.6160111495271,2026.2642731211206,1324.2453903534486,206.6136186342114
316,720,77.3142176056398,296.90428398888184,217.6406607907776,86.54146734055502,6.844923394438088,0.057161249220371246,45.216025384142995,44.59996706806123,0.6463765534572303,43.953590514604,0.33485412201844156,42.263153579623754,30.00565686828823,34.04348393536229,28.55399939659769,11582.399999999969,1315.7839383826213,2046.5228846037155,1350.0631037781202,90.92422681721317
317,720,74.46295063865901,279.5686000772829,206.51704998383642,78.71306030579007,5.231816271340255,,43.07367711304687,42.77769961301237,0.648465656908229,42.129233956104144,0.0,42.26337993263727,28.599072961065065,35.10642048576398,21.20505507559591,11582.399999999969,1165.8436485677257,1724.3472727479455,1335.942805985781,152.12349377348323
318,720,65.11957882051456,238.5195282113287,192.29839169974812,52.00242382859432,5.403992869164671,0.05192606896162033,41.98612055089325,41.42032274999656,0.6465917208697647,40.77373102912679,0.3331963380333036,42.263666640429165,26.25804595522672,39.1183669062174,33.44156416480483,11582.399999999969,1199.8411226305989,1816.592307897538,1328.336610639288,71.70806206250175
319,720,74.16428793552818,265.30909732414597,196.16748262572773,75.73760693233017,6.137695698162918,,40.285535536007956,40.031561941839755,0.6473762283567339,39.38418571348302,0.0,42.26337525538211,27.821046046855752,36.295484469363096,19.566935034365088,11582.399999999969,1336.3805193141125,1998.1572763401746,1413.1660846994034,178.2730835705754
320,720,71.8234168117656,283.5626803475258,217.0730577111111,73.31932468102579,6.424825223169145,0.04121747985482216,46.59435998904519,45.989515024004504,0.6461394203361124,45.34337560366839,0.3354378528892994,42.26355466036685,29.454439389527156,35.1637544712527,28.825558720678778,11582.399999999969,1267.8485516842147,1955.9026959905161,1409.1685529004917,45.63720969052514
321,720,76.95946509189262,274.56109807955505,198.80021982762946,81.3649452676722,5.21292285097225,,41.46718075592071,41.20649344683625,0.6502439428586513,40.5562495039776,0.0,42.26357889731924,26.402160469536,36.276992458056526,28.795337513295248,11582.399999999969,1123.3806328960666,1680.0775816395656,1324.7868615886798,58.58099405740987
322,720,87.51820406389808,297.5883230824356,189.66800517541242,113.19591356496497,4.921149449057356,0.08822322636842728,42.21747676213272,41.638253711164,0.6492847325280309,40.98896897863597,0.33280851412564516,42.26347601141487,25.255795066589826,30.92024728141557,9.60873104044975,11582.399999999969,1176.0171466017157,1698.0354026562336,1312.515376349818,212.14363092036075
323,720,87.01165796278485,338.64008428559663,250.56652367375256,95.97712697330782,7.482883678628104,,40.762368358904496,40.46720248204656,0.64615847915411,39.82104400289245,0.0,42.26363052601238,33.144737171928185,39.02309447613094,33.969683214442874,11582.399999999969,1306.7757411988898,2043.6593775759625,1304.3357292364835,91.30661219885879
324,720,83.57846772935571,298.3637024699091,212.44596391435948,92.85059836398997,6.5516213533137195,0.02860294282436371,41.05325283901766,40.54189573810436,0.6473654715809971,39.89453026652336,0.21867906395345926,42.26342361758802,28.98582071795638,37.15316854736072,26.402354587513955,11582.399999999969,1337.6810989799612,2024.7681402361443,1283.312056817416,338.3496100866196
325,720,75.60209204933123,303.61210080663864,227.8009408374112,83.13086520012872,6.92647919005035,,38.59201822895557,38.354144325945526,0.6460171064827591,37.70812721946277,0.0,42.26282599154851,30.900303751873935,34.03665944926687,30.70326017038156,11582.399999999969,1316.8106977533319,2036.999382566914,1326.0676112687574,15.288763771875226
326,720,78.5337242278744,300.84016396340047,221.89167222857546,86.13100221267317,6.768080811170884,0.08874118328094482,41.2073721929919,40.72711483691819,0.6473861618433148,40.079728675074875,0.20058988500386477,42.263782800653075,30.228527932822505,35.46822312153782,23.478689884341648,11582.399999999969,1327.202973074984,2040.004190280049,1351.2936349066272,120.19816338073983
327,720,73.74293979153718,291.5616983253961,230.68859004986658,68.16961429545678,6.888046017390892,,42.764787069987506,42.49549653893337,0.6466215951368213,41.848874943796545,0.0,42.26345601941272,31.671181972064904,39.65813264380879,29.566744253529,11582.399999999969,1295.8528905059125,2014.999207827109,1341.4751591522906,66.42017219301191
328,720,77.69090242736958,270.89756422559657,198.699190823525,78.7404671476823,6.145318964479282,0.07778865098953247,41.51330084493384,40.927496813004836,0.6463777532335371,40.2811190597713,0.3422938920557499,42.263731948236085,27.035052016764688,38.32066885352843,27.96636081851759,11582.399999999969,1298.1397616868664,1974.101800284108,1360.680819614265,96.00372431379904
329,720,81.53843885659823,290.9830611417913,207.87237532596708,89.92069568200672,6.404877255999123,,37.16235196287744,36.90169491106644,0.6478600725531578,36.253834838513285,0.0,42.26353958860984,28.371480052604976,36.57809101559487,29.779844143547518,11582.399999999969,1293.5427080527436,1983.6490399193628,1347.1240054941702,109.83026633358845
330,720,82.55350158962081,297.21936860759746,209.17533995683903,94.9661649491465,6.532155625440784,-0.04348961263895035,44.04167380416766,43.392826477997005,0.6532412364613265,42.73958524153568,0.31877657608129084,42.26002721841227,28.638503410633994,35.07041911504756,16.26745155985007,11582.399999999969,1331.3447760740592,2029.1061731478542,1263.7550559270153,124.35959367582144
331,720,75.79306933340662,291.40050270489115,208.00801395993375,90.00227020946892,6.230341032144725,,42.49997583194636,42.23767606704496,0.6501629024278373,41.58751316461712,0.0,42.26371038076616,28.835630487673576,30.79193422867217,5.341146306316015,11582.399999999969,1338.9157353312894,1985.4143887882028,1316.1196050836102,202.52517837542814
332,720,85.90314704232138,316.8943367908918,229.58634068423757,94.16875037285958,6.470136694996024,0.04342414811253548,39.58972772490233,38.97933359979652,0.6495621921494603,38.32977140764706,0.31406865012831986,42.263494510057804,30.10566407159841,38.81877185589159,33.7644446664859,11582.399999999969,1243.6046773150103,1905.9257692298731,1345.749186687229,139.22708754167405
333,720,87.40553130709579,337.0491552143801,238.70112580396614,105.86095755022176,7.083994627907773,,44.019943861989304,43.75880385097116,0.6475300493184477,43.111273801652715,0.0,42.263442509416755,31.867211419377618,34.47505253198491,28.375627469758346,11582.399999999969,1293.7491558360136,1996.261204871747,1357.6478391045443,124.35249173367173
334,720,79.76355151397071,287.4138412037079,202.97305898813053,91.2962898748162,6.428421824539981,-0.025738496333360672,44.59508706093766,44.03163442504592,0.6471120717469603,43.38452235329896,0.3181788488291204,42.26321010054955,28.431088688500637,34.11540657656261,20.356369219499022,11582.399999999969,1363.4751975825168,2057.1077927282654,1332.9779015551894,98.86867602944957
335,720,84.80167859190043,282.47554446520934,197.3854109312471,92.08849663908433,6.599489061530597,,40.21341836708598,39.96131624886766,0.6489071482792497,39.31240910058841,0.0,42.26370693011546,27.27357565286699,38.75743027235826,24.344981404722237,11582.399999999969,1400.7510513882853,2105.0563517529495,1299.4400794281823,149.88595093642837
336,720,67.25468531634098,206.13164107408312,156.76959175279254,55.415648216556036,5.616576119018757,-0.022463638335466385,43.41928641917184,42.8395031678956,0.6478206114843488,42.19168255641125,0.31462010997347534,42.24618967573637,22.026672958483122,39.546861208062964,22.75186665290879,11582.399999999969,1433.4934723841236,2109.4968728477825,1350.520258756075,125.50843575613354
337,720,76.3396949960173,296.38834754758756,221.15857774796635,82.89256527668724,7.214796238941831,,40.99140895297751,40.732321314979345,0.6474899747408926,40.08483134023845,0.0,42.26375389315047,30.670781964856836,34.89341235767368,26.091337733429555,11582.399999999969,1378.4213792406665,2121.998157743333,1345.4388761885848,153.50426373430412
338,720,73.68502191547718,293.8345961885278,231.10087262289534,69.42655064339628,6.337042354298485,-0.02925550565123558,37.58008910599165,36.98671015794389,0.6481797765009105,36.33853038144298,0.31603298406116664,42.26383269856932,31.146395206729526,38.97174659377904,28.515758435900818,11582.399999999969,1159.6021536262037,1806.8156742906476,1294.8671821766513,63.65449594729844
339,720,83.71912664254049,304.9144278535816,207.17433924455315,105.27711517370116,7.078320348600275,,44.80746324197389,44.55969609087333,0.6474380388390273,43.9122580520343,0.0,42.26351867120583,28.912444490953753,31.08056905568991,14.571989883011971,11582.399999999969,1471.9140472716256,2202.404821209754,1327.2412009875843,310.1164298815145
340,720,77.4501529690891,300.4914717340474,218.37675266005,89.21374026041,6.701552420172208,0.04751032963395119,43.985199054004624,43.44779495801777,0.6479459477122873,42.79984901030548,0.26487852400168777,42.263467450830795,30.244079250673373,32.8432828388841,23.954123171795665,11582.399999999969,1328.015500260979,2028.420075997,1367.79604345589,92.07689520760718
341,720,82.53957467575313,268.2473749362786,182.3373440418039,91.98974154941946,5.672542068725561,,38.70733928401023,38.45087901712395,0.6487180879339576,37.802160929189995,0.0,42.263389914099264,25.382093935208378,36.5447039010434,20.44513655559881,11582.399999999969,1301.1019664962046,1934.6333411433952,1314.2206687054734,22.62620009569236
342,720,85.89139063585338,296.5817460199302,209.30678770258078,93.56462830224163,5.900088125578625,0.04718125984072685,40.22031100396998,39.65455851983279,0.6478610809426755,39.006697438890114,0.322455596877262,42.263481699930026,27.53542465307561,39.10907648473257,30.20032086656792,11582.399999999969,1175.825699416259,1822.2299973180682,1333.278333760632,122.86009388487248
343,720,84.81709080661544,322.52510706597207,232.7209193392765,97.32559974859095,7.086367708290285,,39.352543527958915,39.0913616460748,0.6479500867426395,38.44341155933216,0.0,42.263925677034564,31.6268659847036,36.15429093231997,24.080191704018088,11582.399999999969,1320.2036939407244,2034.2844973653043,1386.4268343108033,108.76488472911291
344,720,85.7383745788366,328.5501476893564,234.64572229695747,101.58419715022941,7.237761960232644,0.08541829884052277,36.13259752304293,35.512155113974586,0.6475615741219372,34.86459353985265,0.3187401678878814,42.263613802024196,31.7436406542264,34.94627600372189,31.466314429247806,11582.399999999969,1331.9067947748658,2063.631014987909,1351.2424634931679,107.60607804529073
345,720,73.95172758757724,265.12210141826864,198.47684499659061,73.94208281239801,6.826724506461447,,41.537992879981175,41.27939228899777,0.6487089614383876,40.63068332755938,0.0,42.263359533702875,27.961782533712327,36.98068618137823,29.79548990447934,11582.399999999969,1405.2865189763352,2162.697156269619,1344.5496249826492,132.7968625518728
346,720,85.84410222857468,319.4350930544431,225.98713826458177,101.01808093138672,7.165887844404473,-0.022507186979055405,40.7944437651895,40.18053879914805,0.6490009559784085,39.531537843169644,0.31697619101032615,42.263736364408615,30.96201907075241,35.335061762881324,26.196781693677607,11582.399999999969,1341.122450957412,2073.4694511672105,1310.289469175103,123.59869614041297
347,720,79.49955504646366,273.05076066185285,186.625028270918,93.06404701781454,6.220391373141841,,41.08949545607902,40.83295211195946,0.6481031000148505,40.18484901194461,0.0,42.26254189716111,25.353109896688885,32.96753153755638,20.46169253471762,11582.399999999969,1374.7969102129712,2087.699028933169,1325.0978281314856,198.7265024748297
348,720,77.72716721529011,263.77569069994695,189.84359826378403,80.82803607330207,6.451211514627218,-0.014669082127511501,42.015198779059574,41.40274986391887,0.6481009416747838,40.75464892224409,0.31714755296707153,42.26382107067307,27.188133663072662,37.31314917863907,21.349953604140683,11582.399999999969,1412.9028503513641,2132.1992813296965,1333.9230378175923,173.97913626917992
349,720,83.40970889870165,313.93819082253725,217.54087818665383,103.43393800754069,6.626213753175593,,37.78116483311169,37.556185928871855,0.6475634463131428,36.90862248255871,0.0,42.261848788489985,28.441966858532204,31.692739894931304,26.935523454704853,11582.399999999969,1308.5932468550182,2015.593597365127,1326.508402831708,167.5836374811098
350,720,66.3053835628761,233.39599663623912,176.23493316721138,63.14989283387054,5.553047659829199,-0.06054084748029709,44.03703540191054,43.44198162201792,0.6469718846492469,42.79500973736867,0.31982394377700984,42.26205097777054,24.38020700994075,34.73043714594083,25.128491551897408,11582.399999999969,1274.6325534428086,1914.4792391023213,1341.332385876905,130.42109793979512
351,720,83.29160419133898,343.33307588458024,249.08820040925633,102.3555113515521,7.6670671850196666,,41.39709105109796,41.15762892388739,0.6470038243569434,40.51062509953044,0.0,42.26364791058692,33.32908149332087,32.11384851556293,31.61830494472132,11582.399999999969,1327.6303686621138,2086.0376819705184,1350.641137318984,101.221509532829
352,720,77.99668719455948,282.6455080693974,212.76175461700083,77.23823922266476,6.908062448843649,-0.02298339456319809,41.9950486109592,41.39760058000684,0.6476245755329728,40.749976004473865,0.32003841805271804,42.26365117881914,28.99169017540034,39.377567583227105,34.373454219975905,11582.399999999969,1357.534270139274,2112.080135423843,1356.01200321815,182.88361482226298
353,207,0.0,-45.41652295312195,18.75853960387616,-63.36385788415632,0.7028220611652936,,16.666462095919997,16.40879930788651,0.1894380054436624,16.21936130244285,0.0,20.800537762223595,7.815714436044841,31.68192894207817,0.0,3329.939999999989,339.76216200561237,419.7361722833999,362.7325216240376,32.61941097982901
354,720,80.10044533930142,279.1479995213587,188.34679659110398,97.17860645493217,5.965090888892774,,43.509235145989805,43.26046318304725,0.654978517210111,42.60548466583714,0.0,42.26141097121071,26.0092725306693,31.511142111835326,13.046760408489474,11582.399999999969,1292.936067446326,1944.4006250691027,1356.6037050171387,137.47420203958785
355,720,74.17649398458781,271.39600486079377,191.65044361450273,86.31516642675746,6.1222012465872755,0.14909343421459198,41.224327905103564,40.61110398010351,0.6572144941892475,39.95388948591426,0.3687386598903686,42.26358204628677,27.109842641399144,31.018910771209068,21.592815014104467,11582.399999999969,1357.5099688667933,2030.402480165732,1400.7649877370268,87.65117362364428
356,720,80.98104588563896,285.9521446253872,192.14735836587872,100.78670030119179,6.535238940286289,,43.16725769499317,42.92760674888268,0.6549101856071502,42.27269656327553,0.0,42.2636039473594,26.454614012486278,30.58769573504306,21.641656719583676,11582.399999999969,1392.330847491522,2122.7288093959332,1313.5557708514941,267.7760893784367
357,720,81.3495243965161,281.5342934790766,191.08074789004897,97.07284021332752,6.2045641259284485,-0.005729025695472956,45.29545528697781,44.697025124914944,0.6540742260403931,44.04295089887455,0.32046391093172133,42.261344780576074,26.504789403654858,32.81310428985234,22.28861632081191,11582.399999999969,1382.3721182285126,2063.2684875964187,1328.9794059565038,72.32304336894013
358,720,82.7607474175178,314.3737764131158,229.66899643341645,92.12684252811857,7.010484847723691,,41.563860137946904,41.30526278400794,0.654718300094828,40.65054448391311,0.0,42.26360947821134,31.307589162656217,36.69732615345852,28.576865951284496,11582.399999999969,1310.7174421871002,2036.1078435990837,1339.6817307547815,98.93447019780044
359,720,77.93060526875769,266.27527398095293,190.7619543159426,81.99053292435663,6.07110050810072,0.07718925923109055,39.972884747898206,39.389743141131476,0.6546107893809676,38.73513235175051,0.31831973092630506,42.26366422213107,26.580230859233783,36.935338806579374,22.68013240888145,11582.399999999969,1326.7912398138255,1996.836754245004,1281.385641084334,242.87512507291055
360,720,73.29366623326551,286.6799481029597,207.7914080283431,84.83044527449766,5.560580064155508,,35.42327025486156,35.197389781009406,0.653502517612651,34.543887263396755,0.0,42.2631901236992,28.040055534378578,30.878443596016673,24.6892839401734,11582.399999999969,1157.0744226547245,1748.9868082954322,1369.2588834603305,128.1548139835619
361,720,77.8270356180557,298.9286998680026,212.78227261312577,93.41556247640415,6.859167403366708,0.20694869756698608,40.25166283687577,39.67894287616946,0.6541323666460812,39.02481050952338,0.3177971101831645,42.26367852143837,28.898602693830284,31.11925437985363,25.246339177775646,11582.399999999969,1354.4707875869624,2092.7360439759286,1297.1462685480665,219.1222547056101
362,720,73.37687823196278,262.8742518160808,195.625276419729,73.86726237547104,6.184145391613239,,41.371258372906595,41.099052916048095,0.6541812098585069,40.44487170618959,0.0,42.263559139774195,27.315207571537123,36.443247044227256,24.89749374365708,11582.399999999969,1321.2650288463165,2008.8120603335215,1416.8187362490871,123.7534719470747
363,720,59.79607505951594,211.820491039904,174.90970726035712,42.41174433143121,5.121456154148893,-0.023961670696735382,42.02355876099318,41.464099548058584,0.6545026781968772,40.80959686986171,0.31641718395985663,42.13827195397117,24.344510309990493,38.59020289380034,35.44878622746308,11582.399999999969,1188.863056855452,1810.9564262514168,1432.5351879603336,67.98622813035684
364,720,78.8115608302556,262.4295334045524,189.148591138844,79.07762738779748,5.368349407851153,,38.66091632517055,38.405836805934086,0.6575008891522884,37.7483359167818,0.0,42.14237573171511,25.123702594270302,39.27274713635686,28.098782530058568,11582.399999999969,1215.765519452743,1827.8097279705341,1307.8892455459154,63.11345118709182
365,720,75.61051898209638,298.3105338434881,226.41880618174622,79.55116498618008,7.206676918092714,-0.13070377707481384,40.97222097381018,40.41545568406582,0.649159703636542,39.76629598042928,0.32170926104299724,42.263511596130414,31.187705797907032,35.83493648900634,30.55618127112766,11582.399999999969,1346.8313957351174,2098.830003818338,1388.2898714986507,82.89890191912919
366,720,64.14196471090904,244.07859316219526,182.98284084437694,67.69974631208672,6.155359888133419,,43.8672014051117,43.58792100008577,0.6491530663333833,42.93876793375239,0.0,42.26346559948735,26.00280906637465,30.292091554865674,12.344170854397493,11582.399999999969,1422.429712999623,2101.525633991472,1308.6487528708135,240.82169970229847
367,720,73.13396190517521,269.6791439273227,201.48432546789698,74.87913421656259,6.276734828526029,-0.07777533680200577,42.954106386052445,42.39708881615661,0.649306463310495,41.747782352846116,0.32249696203507483,42.26387736935463,27.66606329553123,35.69439479689392,27.77981237588667,11582.399999999969,1305.0983403841713,2012.8369153404788,1323.0600971491851,112.9831186322255
368,720,83.57079173929903,321.4459906961945,224.0841671756666,104.82567468034722,7.042119978880396,,43.363038565032184,43.10447758086957,0.6485308734700084,42.45594670739956,0.0,42.263899008235285,30.711168384523127,31.157954399125416,20.732252525329837,11582.399999999969,1364.5878337151223,2080.456211796697,1348.2907451659696,114.41578096545081
369,720,74.55934244603874,282.0978591832781,208.90336639052242,80.25708815997075,6.658686718188064,0.12859150767326355,44.80560254305601,44.24439485487528,0.6480589271523058,43.596335927722976,0.31750270421616733,42.26383552965853,28.147733184862986,34.43079836605337,31.70177537117702,11582.399999999969,1313.8334350562102,2045.3849335386003,1314.8978077732013,174.24672716489638
370,720,88.39201081230506,317.0030410623503,226.26722110290322,98.01078325806093,6.860235688108907,,40.46706327190623,40.23722848203033,0.6480411724187434,39.58918730961159,0.0,42.26354718279188,30.290693324117996,39.3866191832746,35.49473945109565,11582.399999999969,1292.6609759390933,2006.998149188804,1356.6438288639426,116.04748407772723
371,720,74.89673429042412,266.30360639999793,187.2762847264693,85.82762029741431,6.375639523226802,-0.02707945741713047,43.006685458822176,42.412420120090246,0.647772928699851,41.764647191390395,0.3227183090057224,42.25696222823473,26.038639051093025,31.98292414171696,17.50459315832761,11582.399999999969,1400.0680612039475,2131.0591676564986,1317.0637102734622,218.3640860408706
372,720,78.20433843048235,247.9046254169148,174.35789643077663,79.57711683533981,5.594223065108266,,38.468559882137924,38.23507823003456,0.647690384183079,37.58738784585148,0.0,42.26363424908939,23.872922782551477,38.41578001281245,33.69787357894668,11582.399999999969,1255.6574303121292,1900.4890351900585,1342.8959889020393,125.31611785678392
373,720,69.73244998887512,260.92089366651066,189.11237070037055,78.55542417529426,6.320817747525481,-0.010019810870289803,38.43859734991565,37.89530069194734,0.647667168173939,37.2476335237734,0.3202230310998857,42.263827921651085,26.84529413296168,30.454737901227986,24.33335517304901,11582.399999999969,1355.2401997995926,2065.164388676654,1368.1661217645062,158.9509052561621
374,720,80.60573300057312,307.6558805418781,227.60116999271165,87.8333024358911,7.305276071293629,,40.46843263390474,40.21410720399581,0.6497066004667431,39.564400603529066,0.0,42.263841739513985,31.521211379017405,36.689081782627575,29.565632385082473,11582.399999999969,1357.6765775915737,2113.023477897866,1400.9904583503235,145.53512667035312
375,720,86.38514639424348,311.49336004701905,226.1943079147566,93.28388717886975,7.4954802945678205,0.21048423647880554,39.83639623597264,39.257339604897425,0.6493796126451343,38.60795999225229,0.32119997893460095,42.26287567131957,30.72800662365675,39.743202804808604,32.68939577999595,11582.399999999969,1383.1288149829677,2166.872116894142,1376.6805568926727,78.04888327206857
376,720,79.49343962248444,287.1739100877891,198.4105933726172,95.65418625437165,6.462274202211336,,39.27228168817237,39.016001428011805,0.649164147907868,38.36683728010394,0.0,42.26342255025568,27.899540648606333,31.66634649529862,22.43329015919887,11582.399999999969,1355.4400710735172,2067.1519696303685,1361.1887337861674,156.52779252572054
377,720,64.42782928233343,241.37690018204196,190.03622965955086,57.97726104238325,6.205000128552361,0.024962563067674637,45.959398857085034,45.404667414026335,0.6488535325042903,44.755813881522045,0.3217762128915638,42.263700413386964,26.94992338744638,35.43919876114181,28.3866222266819,11582.399999999969,1324.6444848218293,2029.446840491774,1382.0090933503582,168.08580699606085
378,720,68.38012481441916,267.8357183494579,200.83257176838063,73.04296186327934,5.6280753286328595,,38.74594263499603,38.4957752157934,0.6499039581976831,37.84587125759572,0.0,42.26391789653519,27.40472960562051,31.858643882779493,22.486362877648737,11582.399999999969,1207.506431656793,1800.782485393243,1323.1192260850119,93.59832185337223
379,720,88.2876125752562,340.3817572229676,240.9034907526258,107.43212315788804,7.497248038076603,0.029862603172659874,40.23297402379103,39.665977536002174,0.6496791015379131,39.01629843446426,0.3177095220889896,42.26342278477946,32.183187154001494,34.57155099631218,24.90850607340672,11582.399999999969,1363.8521960054454,2104.15966908358,1348.9563529035984,223.2605441493953
380,720,81.2527094167811,253.5158871313404,177.70512407928794,82.62682082940688,6.346711461478664,,35.04046760406345,34.789573149057105,0.6479559866711497,34.141617162385955,0.0,42.26125411503306,24.46977758825856,39.93929900207766,26.685384571625313,11582.399999999969,1450.142359435303,2174.5763930266744,1340.0786368626868,141.0700894735418
381,720,72.10559482508698,284.62671121756654,215.02646329744815,77.35756367174167,7.276212831520184,0.0649731233716011,41.36030083196238,40.86045566597022,0.6479751432780176,40.2124805226922,0.265349528985098,42.26385307913322,30.247384816320725,33.426812989216145,30.78374155012217,11582.399999999969,1388.5640610502444,2162.4051749974997,1364.4436882110274,156.15956595550722
382,720,73.61679764157094,278.8624070557504,204.50783372092363,81.85338059026324,6.99576825449409,,47.41040845797397,47.08592936396599,0.6494201065506786,46.43650925741531,0.0,42.26340292733735,28.251987052427236,32.69010734643932,27.903588896778338,11582.399999999969,1422.8865390765557,2184.13650292791,1337.3918519209205,129.31672133518916
383,720,76.23760349240776,299.78887767442774,231.94252709559146,73.78895101954474,5.540247854444069,-0.022401845082640648,41.98385387682356,41.40173633815721,0.6480800083372742,40.75365632981993,0.3194136959500611,42.263880912825805,31.32335261037929,39.34312798263539,31.65165178580562,11582.399999999969,1062.5263653884158,1618.7165019809368,1390.45314721056,67.12897337474331
384,720,80.07411158683553,307.96095817921156,229.45576432691078,85.84573913172433,6.894515067374242,,42.963723089080304,42.708178965142,0.6487280230503529,42.059450942091644,0.0,42.2637803316319,31.29872046579836,37.15124202097336,33.69160710671347,11582.399999999969,1297.6548108947973,2008.1186030769522,1406.0155116683013,133.54679330255973
385,720,88.94156983871989,338.45068454084554,248.31999757338863,98.45512073045636,7.828903869663718,0.09000649303197861,39.780870815040544,39.20281113614328,0.6475341643672436,38.55527697177604,0.32490249699912965,42.263717954215785,33.03545759726905,39.71400947349171,35.80456752938973,11582.399999999969,1347.3871570693711,2125.4697797504705,1403.633316594283,107.52612847439147
386,720,79.21768232727561,282.052984813963,199.99524515924116,89.19452837681807,6.662309316410994,,40.470906640868634,40.22106863697991,0.6479625892825425,39.573106047697365,0.0,42.26346371187626,27.5090199721476,34.620418138866576,31.454970659716828,11582.399999999969,1360.8413295311684,2099.3663162621956,1333.5091643444343,60.34408894880135
387,720,84.56309081942099,321.547134392348,221.968033906756,107.46389076148301,7.357250231868479,0.03719215840101242,50.25465549714863,49.64287698199041,0.64773302199319,48.99514395999722,0.31712352484464645,42.26374993245713,31.091003803205727,30.831145438679474,22.200392416769354,11582.399999999969,1407.11453385498,2168.020682102857,1407.9233290280854,42.342508114379115
388,720,74.9016316226101,246.69477114352554,183.06335525643436,70.22951636815873,6.154505021152626,,40.41725534503348,40.14292467897758,0.6476760245859623,39.49524865439162,0.0,42.26377211010762,25.604423575335897,39.78687343853073,28.313990828838925,11582.399999999969,1379.0393576916176,2095.5364884702312,1326.8692232668152,134.83981286282082
389,720,76.96736532991217,271.3010962252122,197.26111336771237,80.89691712717125,6.435703633054209,-0.12746788561344147,42.62890821695328,42.05712634488009,0.645910190185532,41.41121615469456,0.31741744210012257,42.25848251224612,27.173994639524214,36.518906766326545,29.636203063921148,11582.399999999969,1332.9392954149666,2056.244406462021,1296.9541361220706,214.5750663809045
390,720,66.9718589207448,262.7838273018225,196.19750165796256,73.87849031267419,6.769549794670069,,42.37807872798294,42.09338155994192,0.6488565348554403,41.44452502508648,0.0,42.26379926334259,28.286061156327463,30.032613764407706,19.734803848285182,11582.399999999969,1409.4739067631688,2157.210237587281,1397.3649147419624,122.36541702447059
391,720,80.10462543457146,307.2079195909438,218.71273399474626,96.01846161074785,7.05104742576927,-0.05821695178747177,42.59039743593894,41.99370081909001,0.6521993293426931,41.341501489747316,0.33898890390992165,42.263825515909005,30.15538100622477,32.095394629197536,21.76562093677114,11582.399999999969,1405.3450326868958,2152.5466883498784,1360.4796943260258,145.69436205449077
392,720,86.14240073678107,340.1729842702261,244.19250806295832,104.0234355448082,7.591074464238623,,40.91011267597787,40.66639188094996,0.6505310758948326,40.01586080505513,0.0,42.263727281299,32.8772752993246,34.13068296437697,28.213248199610792,11582.399999999969,1347.1968564414817,2100.7829073097832,1346.697388563014,66.94935981086752
393,720,83.67811178643299,310.08376650816984,224.0739937491563,93.42856368794816,6.946135011445238,-0.03487727418541908,39.758565780939534,39.18346444913186,0.6493763187900186,38.53408813034184,0.3357169418595731,42.263720160561505,30.3505087805117,36.963829942458915,31.401413357271927,11582.399999999969,1337.3822080512264,2062.024560595994,1423.5514221126216,121.80398281127013
394,720,81.17925571586414,301.800612091067,212.3578634735386,96.03703169055706,6.150258031843852,,44.52693991898559,44.250388734042645,0.6502757854759693,43.600112948566675,0.0,42.2636515978652,29.605132209670828,33.160739870585616,17.590386826557413,11582.399999999969,1250.2071199201757,1928.4881713256757,1379.6134027405133,56.06632877677226
395,720,86.53236222815529,284.88342347484496,188.1458252557999,103.47708833099692,6.287033442441263,-0.01929851621389389,38.795944929122925,38.27419317397289,0.6494418201036751,37.624751353869215,0.276726215146482,42.25938586136622,25.890699881251717,34.79381806265683,13.65860252912849,11582.399999999969,1424.3269590235027,2114.0592620262773,1368.3635864987548,44.47733771879149
396,720,86.25280034375199,340.0576767093632,235.61908310144022,112.18269325287454,7.278743129798963,,41.17352154315449,40.8813281331677,0.6504124624188989,40.2309156707488,0.0,42.263621970392386,32.20429309547561,30.161453717314714,20.853446082631308,11582.399999999969,1371.8983424818139,2091.721308007226,1393.6376609913596,128.05470486541464
397,720,85.71291655997818,304.0042577455186,217.7237509832035,92.58371028386907,5.836175124401731,-0.021302800625562668,40.57734878314659,39.97965776594356,0.6499732416123152,39.32968452433124,0.3374857329763472,42.263492440620475,29.756589238817064,39.42106141804365,26.242801691856833,11582.399999999969,1147.3046984568518,1748.132842281993,1401.0805228406932,11.828644842612361
398,720,83.1144557269757,297.8171939155604,207.56399008482794,97.70834019395636,6.966892957191536,,43.48682715697214,43.19114498095587,0.650431951507926,42.54071302944794,0.0,42.263437740226514,29.143879588989005,34.260285629997526,23.426369063581685,11582.399999999969,1435.697545140226,2168.7237504488385,1373.7899835608812,165.94427154216203
399,720,84.35456351558031,308.0166214054006,224.39012562626326,91.80057728497373,7.651382390864726,-0.06900139153003693,43.918810706818476,43.30337406392209,0.65037423488684,42.65299982903525,0.33654856495559216,42.263823071147335,31.340794184415433,38.454274873093446,28.781031246655786,11582.399999999969,1434.7766861931466,2223.5077195118297,1431.341322822311,115.03800914377307
400,720,86.72163769221216,275.81388008929537,184.4308572271845,97.80940119826805,5.989628861400047,,40.151288780150935,39.87174715893343,0.648770202184096,39.222976956749335,0.0,42.25135336811273,24.98774062299989,37.81693709307813,22.535764912217342,11582.399999999969,1371.7451713595865,2035.9961455200555,1392.064846745273,90.08459732992553
401,720,69.99914068248513,245.24889846129955,185.19701935380078,66.67169974762962,6.175427830832039,0.13436712324619293,45.973320302087814,45.357213403098285,0.6483118776232004,44.708901525475085,0.3416800640989095,42.26370492670753,26.334034192252982,36.663290808670325,27.434707940192894,11582.399999999969,1384.9609640157744,2094.827311082558,1360.7257979051706,165.07014332790564
402,720,85.47815936694172,322.613449107042,230.4998481168612,100.06204500761659,7.42403088078816,,44.37553839990869,44.090996734797955,0.6523613512981683,43.438635383499786,0.0,42.26390160165238,31.80843603295533,35.44713686313343,17.825214074216213,11582.399999999969,1402.121657181099,2148.7616681435156,1449.3626463225646,143.52440128424604
403,720,72.97811925886973,262.6198827350512,202.38951582992507,66.5557218128998,5.872183201181289,0.06939300894737244,42.19401382911019,41.58601546706632,0.6504550473764539,40.935560419689864,0.33805314102210104,42.26348408411098,28.25491279225241,39.70025835241982,30.323310273668554,11582.399999999969,1214.075047152173,1887.331712547232,1358.6266214757572,97.23197397220069
404,720,84.39141285455271,332.27604603401454,236.0989083588345,103.44254462323921,6.88681580117243,,34.49483082490042,34.18832637183368,0.6514670115429908,33.53685936029069,0.0,42.263579644809596,31.545186737133832,32.670140542933105,29.40527029365798,11582.399999999969,1279.9474177278014,1973.301734024695,1342.1038148417276,123.26295266218195
405,720,74.71953338043897,233.4119016317165,167.94399337586174,70.74811590281125,4.873516459592308,0.12192358076572418,42.386242429958656,41.80129311210476,0.6501354908104986,41.15115762129426,0.33571650413796306,42.2612744344336,23.5354095624017,39.34547542903335,24.10436010757559,11582.399999999969,1145.7041213797197,1709.1150190954338,1352.8515407636576,38.22893599699813
406,720,86.5039416258829,336.5814617869367,242.01811688584343,102.81185196950028,7.755134811884071,,37.47395033715293,37.2143892229069,0.6516435022931546,36.56274572061375,0.0,42.263673325704154,33.112401563098445,35.09801564113276,32.277669587004,11582.399999999969,1369.3334549890346,2134.4135483751484,1402.0821723786814,58.42095851252013
407,720,72.56716418157212,261.45404024325575,188.6111934015549,78.605208900775,5.308696101494917,0.027202952653169632,46.09545700694434,45.51438206504099,0.6509826134424657,44.863399451598525,0.33523571700789034,42.26357078048217,25.495948727259343,33.264559731184626,27.327766899793716,11582.399999999969,1175.2028014856767,1793.1995768091401,1388.9448338287584,77.02747098045155
408,720,66.1997290291151,260.72584251661135,211.50404399922664,56.033513992443005,6.419449078937969,,40.762092013144866,40.52029342483729,0.6515307365916669,39.868762688245624,0.0,42.263385869755716,28.43461940111797,38.1829720328936,34.279984261941806,11582.399999999969,1278.5160025931668,2003.353574397149,1362.8675682096064,150.04071007404926
409,720,79.18843322517847,275.87447121933167,197.57637097191525,85.33195186247043,6.5391003879106915,0.033341486006975174,43.535968881100416,42.960823053028435,0.6504494135733694,42.310373639455065,0.3337989100255072,42.252746582780624,27.1156909358136,36.522457293943255,24.318997364015825,11582.399999999969,1395.6763121241463,2101.2819058789964,1416.5059224992813,148.62001635444693
410,720,84.24391230600557,331.34816156540865,245.8450232652573,93.8208689753928,7.827694968823518,,40.411896316101775,40.16410753806122,0.6518123981077224,39.512295139953494,0.0,42.2635114860171,33.19418994570477,37.33347781830917,34.19587118549024,11582.399999999969,1358.6433000344293,2134.495912676384,1397.7849874384824,89.38171622298152
411,720,62.85062198201388,240.54015617324438,185.71069075714084,60.19698406309388,4.97203388364996,0.06405780464410782,44.52629235293716,43.891364517156035,0.6509514816571027,43.24041303549893,0.33614706294611096,42.26098648274257,25.172379315506006,32.75212995046694,27.16060023851509,11582.399999999969,1119.218741786573,1677.8867768926061,1367.082071555086,81.74406096934757
412,720,79.20345206154684,312.6037007475823,230.96358667824347,89.0616633984277,6.977252929202851,,40.54856771393679,40.2955209009815,0.6510279211215675,39.64449297985993,0.0,42.26382262522642,31.3718049935696,34.67262036233299,30.012944559106252,11582.399999999969,1313.0397962399843,2040.4675236271776,1379.9546865140778,116.28879242763132
413,720,76.13132083543978,296.5588645360083,211.35205570328375,92.16247560041336,6.539177832060702,0.09195343405008316,42.95707821799442,42.373275835998356,0.6508803837932646,41.72239545220509,0.3364746898878366,42.26347211630425,28.329582622892925,30.0500830352331,28.008364980883478,11582.399999999969,1300.9218454184684,2012.5070417999027,1336.6745636848948,155.38722610832986
414,720,82.64792895291501,323.16090735156325,234.50687623966974,96.64738500001835,7.483602495191955,,42.2237010630779,41.97984849708155,0.6511411583051085,41.32870733877644,0.0,42.26379909115021,32.04281339643636,34.324236452905836,29.414126476680092,11582.399999999969,1374.4085001557632,2129.925506015201,1449.6260911524312,80.89250288964101
415,720,83.00806691168573,271.41081294558813,190.65068680172269,87.25926213185971,6.050187568516842,0.00674216914921999,42.606021902989596,41.98659113794565,0.6502223764546216,41.33636876149103,0.33536416315473616,42.2636683310943,25.959875426017636,39.378435845755874,29.581634898321223,11582.399999999969,1324.455732542675,2014.172362995932,1422.3650227383703,135.19895501813926
416,720,75.1643424899766,243.57554144073268,176.26100054529786,73.68301554738107,5.940044989560497,,42.37308591697365,42.09886815096252,0.650964206084609,41.44790394487791,0.0,42.26381026530829,24.927917588874152,38.32283471628607,23.11049229007158,11582.399999999969,1389.1732609114522,2073.4479218503416,1326.3096326080774,212.27384945598016
417,720,74.57607278244095,287.04676050514445,206.2401265108216,87.78441583256424,6.538589127808139,-0.10797607153654099,45.60246542096138,44.97501141089015,0.6504532548133284,44.32455815607682,0.3325167640578002,42.2637111692154,28.4398410829091,30.683864866158817,23.563609943475118,11582.399999999969,1338.7637964746846,2055.9143992963377,1362.994312343791,183.05674793142805
418,720,85.93582882172754,313.7462382340246,213.97753901715575,107.14257806540189,6.883843826116651,,42.32128090108745,42.039900267031044,0.6515410370193422,41.3883592300117,0.0,42.2636858022119,29.599408954947776,32.364539789026594,24.130230975405034,11582.399999999969,1409.0874498513817,2109.82322327607,1392.0469884212628,187.58351296357745
419,720,82.24093177240458,270.6138675120481,185.0789787318515,90.76308038221399,4.78666748381393,0.20743903517723083,43.59239847911522,43.00294275092892,0.6506852898746729,42.35225746105425,0.3398941941559315,42.262855058477065,24.690400970974775,36.85939158129759,20.059510054988777,11582.399999999969,1124.7100612677164,1663.4736589253282,1402.5915113056951,34.34592927108391
420,720,79.00368903325274,297.82048794726387,220.87830203232812,83.9742008228326,6.606519650422951,,41.82475662813522,41.56059510190971,0.6527260094881058,40.907869092421606,0.0,42.2639108362443,29.836801213523646,37.01658862183644,30.800286986088327,11582.399999999969,1280.0577269774385,1979.7609748008067,1406.8067427952424,84.49280368199128
421,720,80.80722563339671,288.9371627320569,212.03672239301784,84.33596645926367,6.978505489939676,0.12112826853990555,42.885832097847015,42.28684181207791,0.6514614201150835,41.635380391962826,0.3365948270075023,42.263733054298946,28.944184113614664,38.639242403764875,31.273843931623517,11582.399999999969,1365.0971740674638,2112.659325433078,1347.0339915476363,88.98440541601397
422,720,70.80103309166813,267.96057347873847,208.79772759540427,66.43135706627751,6.800480094525754,,46.376012510154396,46.1112417280674,0.6508306500036269,45.46041107806377,0.0,42.262720091840215,29.379722961470193,37.585354558529374,32.62259953270735,11582.399999999969,1372.6826444794403,2118.87551925672,1336.395305019244,88.62759533271742
423,720,80.26302183038665,283.134971789355,206.8367393536487,83.17642044932127,6.428640373799326,-0.04194428771734238,44.6773041470442,44.05664231395349,0.6500936781521887,43.4065486358013,0.3368482580408454,42.25715143943916,28.677609202489926,38.67481160572601,26.029936441631975,11582.399999999969,1321.688997917055,2026.3288773773759,1405.158655857707,79.17208522624485
