episode,steps,final_battery,total_reward,total_directional_reward,total_battery_reward,total_movement_penalty,loss,episode_time,rollout_time,inference_time,env_time,update_time,peak_solar_w,mean_solar_w,start_battery,min_battery,idle_mAh,motion_mAh,path_m,turn_integral,net_displacement_m
1,89,0.0,-17.635541689432564,-0.6819846410184729,-1.1008468137639604,0.0523625406000977,,8.06423947494477,7.830723305698484,0.2602100493386388,7.570513256359845,0.0,17.832584369772693,3.341258295555767,34.38025706189988,0.0,1444.213671147415,173.49983903388633,216.5556138061071,157.2401715966519,21.891400706554368
2,76,0.0,-17.603617066502487,-0.4887962754438401,-0.947147936623702,0.04238823838157089,,9.455425616819412,9.184049422852695,0.11811717692762613,9.065932245925069,0.0,6.929178893615876,2.5061618077811563,31.773541427698753,0.0,1232.0031916385853,142.0662029072637,175.75243876758347,152.51011626063024,14.600065505029233
3,103,0.0,-17.535299116700447,-0.7716930958280751,-1.249932938664574,0.06318338846750837,,10.635348753072321,10.381455563008785,0.1583119658753276,10.223143597133458,0.0,25.37780097911093,4.801524663873034,34.33180834792255,0.0,1669.1728434154531,208.2616888678654,260.985469217543,197.633339063446,7.820961502671488
4,130,0.0,-17.290007610316028,-0.9529090916599174,-1.4808758463062959,0.08059922670902367,,11.84653847804293,11.591636787168682,0.19981157267466187,11.39182521449402,0.0,22.537740070853715,5.818663954076737,38.511880857942316,0.0,2103.1437098195056,262.8639565729755,332.29907325696223,236.31033735399777,20.3964394913265
5,720,52.87591160884861,-5.991873485067123,-3.397030568305663,-2.1625008475572938,0.42909227309663345,,39.49531424371526,39.28271514270455,1.099193542264402,38.183521600440145,0.0,42.25675327035924,18.89407054254222,39.6332189279473,34.927450323814185,11582.399999999918,1236.2641724859636,1773.4821496667425,1402.9208858913305,68.39517461086301
6,81,0.0,-17.556105604407033,-0.5307423910886051,-0.974723049862323,0.05027507090673883,,14.234674538951367,13.903617325238883,0.12537028780207038,13.778247037436813,0.0,7.888413912067829,1.650314327422358,35.26461053987244,0.0,1312.6751181625534,163.64951382867875,206.50238807783782,134.8799356771549,27.354027472316464
7,83,0.0,-17.5175158036248,-0.5761739335835256,-0.9354141517528483,0.05545207097531769,,12.268660689238459,11.987651471048594,0.12879607221111655,11.858855398837477,0.0,3.4457216852997266,0.6355078473699596,38.64136752244619,0.0,1342.8949965042389,178.3022768509076,227.8506155101278,144.51580497135086,14.668957326211748
8,98,0.0,-17.560134448669857,-0.8093114966934799,-1.1166348021507728,0.058767944458466906,,8.85970406094566,8.631227710749954,0.1506484099663794,8.480579300783575,0.0,13.709281538579004,2.2065328656837493,39.59688344865998,0.0,1587.0886218364535,190.88609479014565,242.06469196431678,176.45830159998906,18.1848269287624
9,720,43.37077484351754,-7.674331801792318,-3.7334284010901877,-3.50349289313899,0.43420065962926363,1.464863896369934,43.41207446111366,42.28929035225883,1.0972845624201,41.19200578983873,0.8728014966472983,41.81379874079635,17.10457439844137,33.04210983460156,8.918298708536394,11610.543210459044,1281.9019823715432,1792.6397691989291,1334.8837012748875,114.30111859020211
10,720,69.96576141810375,-6.579912225162014,-2.759687633167321,-3.397263879803407,0.4198587840452499,,43.38024353329092,43.08414231101051,1.1074373205192387,41.97670499049127,0.0,42.26357991782436,22.138184154856766,33.65577770197794,10.036012619662662,11610.764706118862,1220.577982715888,1736.9740948239955,1380.9373100374953,71.29479562158856
11,720,49.622690922899324,-7.6060403179416145,-3.7434175073501548,-3.4129838719376315,0.44637934955388353,1.458433985710144,43.388977522961795,42.63585565565154,1.105237314477563,41.53061834117398,0.5256783640943468,42.263119897666876,17.08245297263389,34.458370788916916,16.051326075567935,11590.841573789206,1319.725173177069,1841.8353772815701,1357.0688432037239,58.181320345447695
12,94,0.0,-17.51532355437839,-0.6904602463428691,-1.0882562889342373,0.06111297335828735,,10.283232838381082,10.022925223689526,0.14603080973029137,9.876894413959235,0.0,12.757284811421444,3.4190202830108003,35.151803616415336,0.0,1522.7218869083104,199.49949129361428,252.3094448811404,186.27619174346407,11.740532789851404
13,68,0.0,-17.775331633579086,-0.5729599021518815,-0.8373465269214188,0.039732062132697206,,9.092848403379321,8.828646213747561,0.11140928883105516,8.717236924916506,0.0,2.5914104795398334,0.4752603053981829,32.765385770379744,0.0,1102.1528928704338,130.7299795952317,164.32634910551263,125.63518145502665,19.181909023356056
14,68,0.0,-17.540844906791897,-0.33932618844384216,-0.8351975254833197,0.04105850245978061,,13.445539735723287,13.126431751996279,0.10762007255107164,13.018811679445207,0.0,5.964363213954742,0.8431986282134923,32.37205970140285,0.0,1101.6943374058756,135.86051926075095,169.68730459258623,124.68626441310829,25.345528016626012
15,73,0.0,-17.521935869081005,-0.3925916489836096,-0.8886701293608888,0.0404232406176072,,8.590575907379389,8.333946133032441,0.11362114502117038,8.22032498801127,0.0,3.2806515383019432,1.1005598492947248,33.25378294824122,0.0,1182.7803479911813,133.73068156796123,166.8279153302529,132.4529773285789,31.9371913238476
16,83,0.0,-17.421417554974468,-0.4976639106967579,-0.9242443869736566,0.049114420659297414,,10.754193651024252,10.484922057017684,0.12824463797733188,10.356677419040352,0.0,5.378973080153196,0.47912150159722333,38.48296872666119,0.0,1342.4343864318027,160.47863737955353,202.79504781339668,161.87019051816904,22.02118052295631
17,85,0.0,-17.583326921678932,-0.5461422545960368,-1.0868534182829612,0.049992583003368916,,10.486786786001176,10.228755532298237,0.13158674584701657,10.09716878645122,0.0,17.864521824047838,4.2258699176198675,31.552421375625144,0.0,1380.490736117115,165.9875379113247,206.52805301414668,164.45082798144335,20.56535905565144
18,107,0.0,-17.39688733182285,-0.7063432956254105,-1.2782323684723078,0.06193108437148659,,9.541705701034516,9.303876134101301,0.16506355302408338,9.138812581077218,0.0,13.245108894165293,5.479731904482948,32.60344447348821,0.0,1732.031829098665,203.47976298380388,255.4620684741321,184.47118070479735,8.185562233885063
19,211,0.0,-16.83964961902864,-1.4276685050918307,-2.5273444495804216,0.13365662917990892,,16.746237342245877,16.490944760851562,0.32496438873931766,16.165980372112244,0.0,30.47997395074776,9.266846201910893,38.275569412855354,0.0,3414.8524711791524,437.2612458833454,550.5993008559788,378.6604865337336,44.34247809686821
20,116,0.0,-17.297487179911794,-0.8279632685501734,-1.2759563561960734,0.06806594990109735,,10.208837504964322,9.973605902399868,0.1789294765330851,9.794676425866783,0.0,9.929729436598347,3.924545660223881,39.7994498333907,0.0,1877.3432429460474,222.45739797816375,281.575799362512,225.85364622491994,9.111023703314656
21,66,0.0,-17.749006578151825,-0.48703644003926616,-0.848239896870955,0.03850181847032254,,9.302337443921715,9.024283150210977,0.10240690177306533,8.921876248437911,0.0,15.77335273548721,1.63461361772661,30.505521359164984,0.0,1071.569397492217,129.2728386972784,159.70820993983824,124.58079902512722,42.24785295187049
22,720,81.00170038980795,-6.898933321313715,-2.9300049630078355,-3.5298471740901816,0.43604921252257045,1.1089195013046265,38.011954702902585,37.12923135980964,1.1043235692195594,36.02490779059008,0.6134771350771189,42.24275781552597,20.964266507926467,37.8756711036528,10.956412133325355,11601.869115560776,1278.2903072802264,1800.3388662103455,1292.3414748819669,175.3181421622129
23,110,0.0,-17.392696488052927,-0.7496649175083606,-1.2982476186574057,0.06925319354377618,,10.399427597876638,10.157938498072326,0.17067186394706368,9.987266634125262,0.0,21.315044814855554,5.620772282505674,34.79506685133213,0.0,1780.7165590559553,227.01320959580278,286.3664340263798,217.08414475865675,30.79975321937878
24,720,30.63577868531862,-7.5078925355138475,-3.908348846747097,-3.1891465762939717,0.40730863186726113,,46.34837720077485,46.06262383982539,1.1217684573493898,44.940855382476,0.0,42.263610046479386,16.174773991150314,39.57777887900067,16.168179131075608,11586.961799866878,1204.776843949119,1684.5258132967444,1377.2109565299186,112.38416778413925
25,76,0.0,-17.57943227775115,-0.5068637947666189,-0.9026312800358414,0.04465372193908205,,9.663935589138418,9.407745671924204,0.1186306094750762,9.289115062449127,0.0,16.347678409847322,0.7731899296228278,35.53397939879035,0.0,1231.1817848303367,146.8460344548328,184.44956603632386,136.9455229969878,16.780954898507115
26,99,0.0,-17.411319872180787,-0.6450085540237303,-1.1583953078585139,0.05756471588887983,,10.863149500917643,10.615069916006178,0.1539120115339756,10.461157904472202,0.0,20.380792030052376,2.9153272536978982,38.852150177444514,0.0,1604.9631758501978,191.40954789595207,238.58980695975723,187.78504711812562,18.39319500891179
27,720,66.89222951604259,-4.864712359807984,-2.3442312840689006,-2.100492610927897,0.417075498012381,1.232907772064209,40.93107883539051,40.08438515197486,1.1081225303933024,38.976262621581554,0.6117462539114058,42.263897866392405,24.417290437641277,34.719077384026484,19.54416516332249,11583.743175889786,1165.6013099163833,1723.5260573474357,1335.1644765505057,73.77338106089088
28,91,0.0,-17.581565431916786,-0.5494515253451263,-1.2230505623425372,0.05860875445029973,,11.894159792922437,11.616821240168065,0.14158689742907882,11.475234342738986,0.0,22.444146872180063,5.149128658442878,30.941288897249038,0.0,1482.1161394279638,194.08666459626693,241.58728356627216,165.03382822183016,28.35277742919419
29,97,0.0,-17.40511787806091,-0.5040294486326831,-1.2383487400239406,0.06226804413365764,,12.036361326929182,11.771666475571692,0.15279130591079593,11.618875169660896,0.0,19.688571553612203,5.25699782059663,32.357654523947545,0.0,1574.5101954156396,204.81910395113053,256.3707130207083,167.53667095493387,63.24542865688995
30,720,67.62082584210175,-5.601838961834203,-2.7403213345597135,-2.453546500421038,0.40482539564997255,,36.777244185097516,36.53702186094597,1.1064040209166706,35.4306178400293,0.0,42.26394295082201,23.320701484607785,39.4984178475838,15.559996681400895,11588.75537653628,1148.973904236651,1675.2456154486015,1417.6685064507656,84.50130976455704
31,720,58.01958423976215,-5.846385030671164,-2.97143238224002,-2.4288505335667874,0.44287133866652184,1.1740162372589111,43.14940847409889,42.29485381115228,1.1058048848062754,41.189048926346004,0.6141598406247795,42.262956141533465,20.709005683300933,36.99499802888697,20.13964200928852,11583.33442064357,1264.7920567883473,1827.0213391600125,1332.8173502181771,91.0329177218924
32,112,0.0,-17.372658959684735,-0.5407722176902328,-1.5395478235735598,0.06691925721044152,,14.227723421063274,13.944054962135851,0.17377309827134013,13.770281863864511,0.0,24.658604444668597,7.352538947707441,30.870306635699396,0.0,1826.7933790008783,223.4131628001891,276.0167006856761,217.46021111190598,43.81908275334872
33,75,0.0,-17.636475118830692,-0.5468867407068746,-0.8952020574989925,0.04411033351295357,,10.223335222806782,9.965378649067134,0.11991754174232483,9.845461107324809,0.0,9.039751609117445,0.8754935461263392,34.79415904617637,0.0,1214.501790907932,144.61018323472464,181.7043753357725,138.6890864765772,67.11347941980505
34,100,0.0,-17.50364209195093,-0.803760899216745,-1.1098435171664112,0.06451091776877521,,11.34862776612863,11.104626449756324,0.15676266886293888,10.947863780893385,0.0,16.113786342023822,2.9605186975882747,38.22085986909013,0.0,1616.4162288454543,210.84877327430226,266.92266363683217,194.0747832334751,13.787423429329998
35,140,0.0,-17.072026579730036,-0.73440281721354,-1.728805073128103,0.08317672128458439,,16.839416009373963,16.55936703272164,0.2180364872328937,16.341330545488745,0.0,16.470219194774774,7.758110289917132,33.58866383214797,0.0,2268.5810871073613,276.2003382097213,344.4790501455871,288.6036478660381,23.37591134296791
36,720,53.61053410762078,-6.775924278591556,-3.482820197356368,-2.8697089033457903,0.42056036166484034,,47.274885637219995,46.9960532640107,1.1043660109862685,45.89168725302443,0.0,40.96328694020941,18.191250650937626,32.61153430057874,12.494246110364719,11597.194821591018,1218.6788001835307,1736.078885057094,1322.975541070816,236.11897440144742
37,720,53.41025623034583,-6.59219442820332,-3.5215109963355116,-2.629924762818884,0.4375047104862335,0.8521088361740112,39.05513227311894,38.15049137221649,1.1047567278146744,37.04573464440182,0.6914251297712326,42.25948137617631,17.93040741140561,38.095958508762386,23.74621962436808,11582.422149333399,1266.0668218672522,1804.6523498545596,1334.2262424682835,281.3416280494545
38,720,61.94730366141906,-6.83337019507448,-3.2572853763636775,-3.144833917181698,0.42822736689782237,,42.42234079120681,42.1412867391482,1.11126406211406,41.03002267703414,0.0,42.246071082889344,19.84010482203146,36.46810117325659,14.961767711237927,11597.561708150744,1238.930011000446,1766.1948416515077,1301.7708670548855,142.251998482893
39,100,0.0,-17.495846066512335,-0.7576231708990134,-1.1539182389964489,0.058898207113277624,,14.25243750307709,13.981011325027794,0.15455835592001677,13.826452969107777,0.0,20.36090326221294,4.571634263753266,34.131437160053004,0.0,1616.9201988711532,193.18791331045756,243.3580557500683,187.41740492234388,27.350080218838183
40,90,0.0,-17.245797539624533,-0.3379361790587281,-1.0774353606243459,0.05496285177365852,,12.893719152081758,12.606267624069005,0.13980071060359478,12.46646691346541,0.0,17.1657660837247,3.028745073223871,35.19695365532713,0.0,1457.150904068096,181.2850195581438,227.5156094639533,179.2209817634218,40.26259270962682
41,720,39.04583202222462,-6.167837822034237,-3.753986957042202,-1.9903698251864672,0.4204248746729185,0.9518594741821289,41.32438471587375,40.46651567146182,1.101433350238949,39.36508232122287,0.6081055537797511,42.04944829110252,17.121239276029254,38.741810815763856,28.1494410467852,11582.399999999914,1209.7868742340672,1740.2730214345409,1406.1591620002569,252.23624970856912
42,133,0.0,-17.383555768181044,-0.9466188627621968,-1.6603837215775803,0.07607995395136465,,11.867247091140598,11.624785901978612,0.2084605717100203,11.416325330268592,0.0,29.90531158963673,5.860402311914184,37.84127620232144,0.0,2159.2063697235662,250.84832445632873,313.7846004806024,232.18567471001265,73.44989922075972
43,720,67.67213366435075,-5.732691349758761,-3.0884470122850853,-2.2244142194665515,0.41663043617100126,,40.80676741199568,40.548618607688695,1.1066707773134112,39.441947830375284,0.0,41.62503147802244,20.80177575625022,36.84280502022299,23.518388003756048,11582.436684694369,1187.8178599780595,1719.4375481556021,1337.2997044262656,104.72333809537382
44,101,0.0,-17.501132562807793,-0.6250930371060422,-1.3134747143273557,0.06208371188506943,,10.720190816093236,10.48493380099535,0.15631279349327087,10.328621007502079,0.0,29.177063234279018,5.9558390997835815,32.66547117703736,0.0,1641.9649252372703,205.5411503302289,256.0278898453841,193.91800802766997,15.311747708338867
45,91,0.0,-17.64848941252272,-0.7309808247336423,-1.1161837852860375,0.050889149794732434,,10.595653373282403,10.341061087325215,0.14238143898546696,10.198679648339748,0.0,20.159935183651147,2.9979375601886122,34.62129319089518,0.0,1474.889018476239,169.0249986308318,210.8583454425278,186.76419486628666,20.468900543008413
46,720,76.95527018841356,-5.932413762301427,-2.754550057734051,-2.7330538405530596,0.4415956826126768,0.8604211211204529,39.101124802138656,38.25045314989984,1.103637637104839,37.146815512795,0.6141125853173435,42.26323695526219,22.168341278146944,37.38623109187248,20.21986894895674,11583.526078392677,1264.52083667462,1821.9392929202436,1384.379036765873,101.31511693809676
47,720,58.14457255544495,-6.611442228497652,-3.4769609893024147,-2.6907011264745484,0.4406729418019512,,43.64966157870367,43.38182023214176,1.1145918820984662,42.2672283500433,0.0,41.805702488691146,19.438704119487234,38.49475205097708,14.339437819740644,11591.501749871795,1262.5696371193947,1816.668706686324,1306.5176954874953,209.4574583098783
48,720,76.37264354350822,-6.341367182867621,-2.8604393115078004,-3.019656796318422,0.4577684819393814,0.7872719764709473,40.78138350415975,40.01290747523308,1.1061728619970381,38.90673461323604,0.5245840051211417,42.25797957297748,21.350074012131504,33.24893586619126,15.537796004628724,11593.479264708896,1314.6697280408732,1887.3992383467528,1310.6652924194166,142.49338243562497
49,720,68.46682141651465,-7.288764442262902,-3.4429244710577684,-3.4255161666862204,0.4170627060049387,,39.272122581955045,39.02032003598288,1.1069086673669517,37.913411368615925,0.0,41.78230446006035,18.49171919616559,36.96042009245764,17.055462195953037,11585.60431301214,1235.9845903649775,1723.1580184875231,1373.2873860151094,118.6001280162169
50,74,0.0,-17.667052384566162,-0.5274681565531417,-0.9211148382015742,0.04313369350064876,,9.251737823244184,9.001424167770892,0.11476754723116755,8.886656620539725,0.0,14.990107321765406,2.826091730756584,30.51023941450035,0.0,1198.5883077286705,142.81903651625643,178.36983838338622,147.92891891633874,27.680635803319838
51,720,53.03150232865941,-6.651002788500183,-3.5583849785979886,-2.6483345297715353,0.441043431215312,0.6830745339393616,42.02603382105008,41.24582110717893,1.1073575988411903,40.138463508337736,0.5348678431473672,42.26277594782407,18.539313407430008,32.451584653646684,17.274167622958608,11585.604544546157,1269.673715719215,1818.8669939967713,1358.3023360300674,285.20662563972746
52,720,62.95403300329691,-7.2917267144387985,-3.2601197378519706,-3.578810779630401,0.44950894162243465,,43.32266694493592,43.084287649951875,1.108054555952549,41.976233093999326,0.0,42.089533160109305,19.62916357855777,34.344246281990465,12.00062144272145,11612.022157149906,1313.947143706298,1854.3203469351288,1300.8761792441564,137.24355331306424
53,90,0.0,-17.569990493510602,-0.5663709798156642,-1.1748310978079277,0.05338225428912297,,10.679555204231292,10.421201443765312,0.13873209757730365,10.282469346188009,0.0,18.684219964029932,5.279796975629988,30.444104027731537,0.0,1462.2344288000531,177.72034420072478,220.72366072960676,180.68409172406652,3.9979687557445174
54,91,0.0,-17.523299143777443,-0.6095890034713968,-1.100823144161013,0.0624477755617185,,11.072266177739948,10.807720218785107,0.14059868967160583,10.667121529113501,0.0,12.320601461086598,3.2174995736647634,35.283262522681376,0.0,1474.6172146471388,202.16681353866093,256.08174711904115,141.4200077808596,76.9521479599159
55,720,77.7362247659608,-7.304927317666386,-3.2067535127276834,-3.6540066128881628,0.4409109412926713,0.5177384614944458,42.12027618708089,41.26061457302421,1.102787139825523,40.15782743319869,0.6033684192225337,42.26342381741252,19.420400689571768,35.99252710733069,11.909720259476778,11597.7137300645,1297.879473784425,1819.8572887159953,1330.0161776208442,149.05653235040523
56,720,59.69537457784697,-5.174815682321621,-2.658126425913774,-2.0844451048998156,0.4288422100317773,,37.17087619006634,36.915459249168634,1.1064215488731861,35.80903770029545,0.0,42.25177308872383,22.078009378540425,36.20910478444318,22.164419823502115,11582.689876778852,1211.2341325359478,1768.7192446535178,1320.8781069319218,248.7389403210843
57,720,55.29014891554665,-6.254757928400264,-3.282216124296973,-2.512923835207796,0.4562316644489139,0.5851645469665527,46.12544671725482,45.34128708485514,1.1076518315821886,44.23363525327295,0.526997422799468,42.21856031798051,19.44295563286908,35.213527548862636,19.70061890569148,11584.18890855108,1301.8976755103274,1878.7643113864249,1312.7438084771493,73.44445410037781
58,95,0.0,-17.5428412496428,-0.6181356615007498,-1.2210439349473687,0.05325269743473994,,12.44111454486847,12.149994140025228,0.1490173344500363,12.000976805575192,0.0,19.85590648559993,5.906975016836809,30.153559931638362,0.0,1542.7474498385975,177.84597093800213,220.37468784838862,175.66282435848152,39.10524590687376
59,110,0.0,-17.35845320130845,-0.5871938163297706,-1.4293126684737834,0.06650868983722867,,13.419599370099604,13.147246335167438,0.17037145886570215,12.976874876301736,0.0,26.43856255142234,5.9189933820442056,33.70092836991013,0.0,1788.9957848448703,219.46774741598455,273.86225829635157,189.10156752920582,89.33638425661667
60,720,50.905903930937555,-6.4251511046574326,-3.4784799326056235,-2.501144583471422,0.44211133979385414,,44.74976840475574,44.47900115000084,1.107240192592144,43.371760957408696,0.0,42.26346203483162,19.440509789322657,39.98712032712637,18.326501735482317,11586.612177796247,1255.2665814365873,1822.406749407429,1303.9579844899533,165.07616870676569
61,78,0.0,-17.726781945027902,-0.6091596217785237,-0.9984579133377603,0.04386951754906173,,10.04145017825067,9.773255196865648,0.12103924807161093,9.652215948794037,0.0,22.131884889113493,3.0846994285926317,31.029607099056513,0.0,1265.8961505064449,146.31870772769054,181.67653146357236,150.3978499008048,28.433702237160688
62,720,61.94976182381466,-5.476121687989204,-2.6878279650049848,-2.3341721857900577,0.45089065393811556,0.4317331910133362,41.748713238630444,40.8825003746897,1.1024349904619157,39.78006538422778,0.6121774460189044,42.263789213624996,23.18751684487128,39.699544078412224,13.409140935296973,11591.02391147369,1264.7770454683707,1859.5855531761993,1295.2778214570005,176.76693216152827
63,91,0.0,-17.492519938315283,-0.5958598882233245,-1.0835870553232354,0.0626585374146564,,10.04000638006255,9.784010450355709,0.14055833732709289,9.643452113028616,0.0,15.099000713051398,2.7938488792564176,36.71111393430524,0.0,1474.5986755707172,204.13369042741357,257.76013195811896,153.52960295148537,94.9208324364807
64,112,0.0,-17.414175983155282,-0.9044966471446213,-1.2198711299160334,0.06425760166097524,,11.417369535658509,11.161253178026527,0.17518798960372806,10.986065188422799,0.0,17.288222340568105,3.9933329833631066,38.87225259605059,0.0,1810.1644452153773,210.61393224955253,266.4309469899237,229.25733451721203,11.738361267811467
65,98,0.0,-17.423678007420147,-0.5375757447666598,-1.247904615584479,0.06282676782530405,,11.239664337132126,10.973286863416433,0.1529726623557508,10.820314201060683,0.0,19.843857293777774,4.52067931482182,34.350380667047595,0.0,1591.7934416722587,205.89418574191617,258.7693422830525,163.5013379239621,103.6012554587397
66,92,0.0,-17.34374979220382,-0.46231151487282585,-1.0986864834811558,0.05735673958556308,,10.744888168759644,10.497334618121386,0.14357559755444527,10.35375902056694,0.0,15.357922642983272,3.349515402541286,35.378348016576574,0.0,1490.1221017354544,187.2239373697629,236.31725319007313,164.2840603598491,73.10679531743557
67,67,0.0,-17.823469461445036,-0.5965581956282991,-0.8384626211578947,0.03820000725570277,,7.895557029172778,7.665036013815552,0.10431923903524876,7.560716774780303,0.0,9.721536570098172,0.673023069075652,32.18216632546959,0.0,1086.8134651777252,127.16553385290196,158.01177450210295,114.41056143052144,25.095234645760403
68,73,0.0,-17.769581853572404,-0.617547635477062,-0.9042093656374135,0.047442234978679325,,9.393853087443858,9.113116787746549,0.11292259255424142,9.000194195192307,0.0,9.621927913572861,1.2420507878227132,32.907061876416364,0.0,1183.6026278351274,154.4759693622984,195.1927550177122,129.0968307893131,70.2298868002908
69,720,59.745044704365434,-5.8420143303966325,-2.8984444113383305,-2.5369180225988623,0.4032742660415067,,42.119688898324966,41.83864931529388,1.1013528890907764,40.7372964262031,0.0,42.258563520823294,21.60281480298891,35.79395016874922,15.667994614893487,11589.778194719656,1154.1932965801464,1662.6365269672992,1305.1869151409642,187.89488550285398
70,720,63.408660078223086,-5.93197752195537,-3.1424090210895823,-2.3240854191209177,0.46204755718882784,0.46253547072410583,46.59005289711058,45.62167327431962,1.1035280264914036,44.518145247828215,0.6962012769654393,42.12564731204808,20.52136341247084,37.626958501394995,22.17102961633788,11582.610591910256,1300.2831096525576,1902.7393855234493,1291.6792082510221,140.24397614740383
71,71,0.0,-17.750310498481387,-0.5701903256801276,-0.8863179499554859,0.04353002665039822,,8.736384035088122,8.489003777969629,0.11024318495765328,8.378760593011975,0.0,10.548938712664704,2.047898525322802,31.467536027277205,0.0,1151.4806329802084,142.94120138112314,179.45286974095396,127.3644112725975,50.413089332512456
72,720,51.059620601956205,-6.40832182292308,-3.4922449387199994,-2.4885341028910357,0.4244588806042676,,43.006365722976625,42.77171761728823,1.10809533810243,41.6636222791858,0.0,42.26368951446904,17.632164525367752,35.26322058830669,22.687743762374797,11582.560245011475,1231.4223054674237,1750.778923244318,1328.3671688820948,253.34217343790013
73,114,0.0,-17.210756758478304,-0.5842741753544253,-1.3802847109860608,0.07067300761823794,,13.41724795801565,13.148669628892094,0.1763410121202469,12.972328616771847,0.0,24.021029295153898,4.278430286614791,39.06121234687806,0.0,1849.5280118891083,231.29059635188082,291.79214419472794,221.72185009759534,69.35911262580709
74,720,43.732621586923216,-6.731520270661114,-3.5122122562278157,-2.7630076281616764,0.4530044023804977,0.4500392973423004,46.41212219418958,45.5541887790896,1.1067366120405495,44.44745216704905,0.6087778648361564,42.235857810507596,17.37524427958169,39.944084787382145,15.30235128631266,11590.605978193853,1319.3246371648934,1872.2164522276307,1338.1878285952014,271.8288367128897
75,720,65.05218606525449,-4.741039668509356,-2.6628231731443988,-1.6281258808994676,0.44681231158410806,,43.12064950494096,42.864150213077664,1.111297879833728,41.752852333243936,0.0,42.263586168171834,23.064749448866042,33.79895251336285,21.381259564415352,11582.817926220732,1228.9385222380297,1843.8354111471592,1321.0663987547891,220.740785159026
76,720,66.66573195192439,-5.3419559746106335,-2.633438345586455,-2.2563035126606628,0.4488859345114928,0.5038824677467346,38.58764442894608,37.81730768503621,1.1068266457878053,36.71048103924841,0.5265015438199043,42.263556409267956,23.174014811045087,36.490062274540016,26.210257714638,11582.399999999921,1258.9502158801645,1849.8705516253513,1303.4780321327457,233.78168977705636
77,720,56.70686539093772,-5.723871182405535,-2.7842224133758124,-2.540098143483077,0.3964147980226263,,42.060518936254084,41.810622145887464,1.1085293614305556,40.70209278445691,0.0,42.26176067673287,21.037173553164294,37.80487481307135,20.892505212410285,11582.987239895869,1135.4428975019312,1635.6857087257752,1346.4277359079529,75.42696214573591
78,73,0.0,-17.49790327707751,-0.3440970732223711,-0.9046648525971234,0.04875123220172517,,10.854667752981186,10.573439995292574,0.11335263028740883,10.460087365005165,0.0,7.004429102887232,2.3386556567133066,32.107554918603,0.0,1183.4757438291163,160.12324263992826,201.21118640809487,132.75391748963153,19.367293835884208
79,720,71.46404325310928,-6.322942123272644,-2.7507279475029307,-3.1669106461135894,0.40230068888238085,0.3471733331680298,40.74602197576314,39.960186790209264,1.1026096912100911,38.85757709899917,0.5360756758600473,42.263426869277296,22.847949547640823,33.23728493113218,9.4360386932341,11618.848163444593,1162.7904728865808,1663.0904477042443,1327.6377126117213,70.91325977259868
80,131,0.0,-17.085121899702663,-0.8649595365475105,-1.4063278869203875,0.0633064780490997,,13.85799335129559,13.597716292832047,0.201869142241776,13.39584715059027,0.0,19.29204620433412,5.547533034452887,37.87455521124272,0.0,2116.970361381329,207.52561465069763,261.4434962368414,255.21348051322687,56.950395155032645
81,81,0.0,-17.732012633066713,-0.7030806497007311,-0.9750942949999504,0.0534135138812876,,9.05734737496823,8.813455251045525,0.12834645295515656,8.685108798090369,0.0,12.109338128469956,2.1539946091133517,34.84042504616729,0.0,1312.4194340867791,174.98571960712414,220.3867007213195,147.94537467421702,60.55242160418867
82,720,64.96174328439999,-5.119573542471231,-2.640540488780572,-2.0359569250360816,0.4399392793330607,,40.142565682996064,39.88288614200428,1.1109624351374805,38.7719237068668,0.0,42.26289956009458,22.69978094109388,31.176536828435808,22.689014103090578,11582.559133587827,1236.5605269723726,1812.8519542565045,1287.4880087717452,93.53571909036994
83,183,0.0,-17.03780622642163,-1.2979760998825682,-2.177479372258525,0.11144851760128328,,13.540324924048036,13.31393191497773,0.2832680926658213,13.030663822311908,0.0,26.8739188173373,8.237624648196904,38.659908747724316,0.0,2963.39106445167,368.73807612875135,461.2147309810341,369.53285041334345,19.104052492706728
84,78,0.0,-17.563169248080072,-0.5182691330342876,-0.9199862256314302,0.04956213972178142,,11.410592086147517,11.139168940950185,0.12112908065319061,11.018039860296994,0.0,5.946815624523297,1.0691427023629059,35.438213022534065,0.0,1263.3828457117988,162.04159439704856,204.1191607889588,137.3985816131287,37.85035270492177
85,720,49.55352190314015,-5.438199707897157,-2.631475568053602,-2.368634399724506,0.4350004458113195,0.2708528935909271,38.95228305226192,38.00499360309914,1.1013816064223647,36.90361199667677,0.7026463132351637,42.16126674765412,22.72480680202448,30.26336343859898,16.893955926732932,11589.050057152015,1226.8565830982334,1795.9680024055701,1300.416839762511,210.1003016782125
86,95,0.0,-17.59167583265289,-0.6896712030713383,-1.1887252242992035,0.06275591447352102,,11.185846899170429,10.929798423778266,0.14767768885940313,10.782120734918863,0.0,21.91044510133392,5.806477862526505,30.483241432997303,0.0,1540.2512392352949,207.26647002934794,259.0770263072099,189.26653229034878,16.832039012733336
87,720,61.703025999570514,-6.190125206604792,-2.9529464021080525,-2.788002073068173,0.4458090947494998,,41.552560050971806,41.295194764155895,1.109871979802847,40.18532278435305,0.0,42.26385158007723,22.004045328971827,31.64573481892242,11.767915316623757,11602.075670444316,1270.1609641143868,1837.9009783581594,1326.7500808869645,174.35391156552626
88,720,47.81856104572252,-5.858845714510298,-3.2962253680625904,-2.1204337051932534,0.4387992719984004,0.3282169997692108,43.45414091460407,42.67617016006261,1.1048024627380073,41.571367697324604,0.5362195558845997,42.26357416329482,19.550320623377257,39.789543827412686,26.641848935676183,11582.399999999894,1247.9303486910003,1812.3450623053793,1364.6473177802623,73.47726155304315
89,135,0.0,-17.179069413590696,-0.8365844162632348,-1.6104716524232208,0.08134518351068729,,14.152153459377587,13.878215532749891,0.20819851337000728,13.670017019379884,0.0,23.93648403017092,5.922375122224712,38.86735309459065,0.0,2187.795201899656,267.7646422147547,335.62251166601015,255.24423445061075,65.20168463144198
90,720,46.639599763865775,-6.84568464036898,-3.003841137549357,-3.4080096260727166,0.43041593995688093,,43.824291268829256,43.57445915509015,1.1107261776924133,42.46373297739774,0.0,42.24120514601361,20.479544518255803,32.06518058149839,11.96574142795441,11604.89863379781,1250.600976334824,1774.5090728484017,1335.5768724435845,72.37633062404105
91,720,64.54470491987608,-5.0363399898524435,-2.4663994819599906,-2.1092692823256547,0.4571029503998332,0.4059222936630249,42.657273871358484,41.80988061334938,1.105301157105714,40.704579456243664,0.6077078399248421,42.25854015599469,23.545906535634785,35.26060677582502,22.7380490664225,11582.484588765297,1275.896992190364,1885.7232658000564,1358.2784590425188,67.0217824551497
92,720,66.92000145442266,-2.7925382706913466,-1.4173555716557902,-0.9151025858052557,0.4566692488550905,,42.51746775628999,42.26944148121402,1.1045793034136295,41.16486217780039,0.0,42.26373136530494,28.53359869952897,36.41249329050278,36.15762031469089,11582.39999999995,1217.40240620477,1883.4554303850912,1305.768563645093,83.42464336600155
93,96,0.0,-17.540454947185815,-0.6897238050584992,-1.169573029367057,0.0558053013692808,,10.23386471485719,10.007994460873306,0.14847353473305702,9.859520926140249,0.0,14.473063078212274,2.9972347470690064,36.9938418159763,0.0,1558.0961356382766,183.528037230631,230.29718709348657,177.73035992220457,22.023991412973913
94,720,54.582178881639344,-7.22632235765038,-3.449871762883712,-3.330034947401038,0.44315840207618246,0.2571820020675659,42.51954657584429,41.7435145098716,1.1011245036497712,40.64239000622183,0.5360377179458737,42.25842895860372,18.49431701672554,38.330457056844395,15.804754868330253,11588.611379850485,1300.1111275029998,1828.7524337007019,1288.7473648391647,129.72962658465764
95,87,0.0,-17.50732868936028,-0.46181123072087166,-1.1426850298885793,0.05244415417444133,,9.456058056093752,9.206779697909951,0.1349439611658454,9.071835736744106,0.0,16.1548667929348,4.761864362605515,31.306143230986088,0.0,1414.6949591486662,173.95659002880518,216.08408262630132,161.59081100740084,33.89492648071207
96,93,0.0,-17.55218248344802,-0.6022099307573648,-1.190360689312849,0.059195452392835156,,11.9655033769086,11.689728466328233,0.15077309822663665,11.538955368101597,0.0,14.806930981124804,5.451228250640351,30.79792431738893,0.0,1509.4236600343559,194.75110122482363,243.67301063630168,162.61533441771405,51.602788690117826
97,720,57.85312793263038,-6.6509917203635105,-3.4877616669750466,-2.7138488730966777,0.44596560438527205,,41.38672369206324,41.12742078304291,1.1125627057626843,40.01485807728022,0.0,41.45375256633162,18.4765020442906,37.208681084841984,21.190903489571937,11584.042966094723,1289.3493473583655,1839.83025683302,1345.9937986697855,143.24468143254109
98,82,0.0,-17.658896687621965,-0.6464415934080168,-0.9857467811511796,0.05131390610992876,,9.988175962585956,9.729584782384336,0.12980076996609569,9.59978401241824,0.0,9.546060849733673,2.0596077688877896,35.00641243933521,0.0,1328.707520748501,168.00635147578328,211.19118401137592,158.97503792417217,35.149393100722364
99,720,56.997536156209094,-7.250010186380579,-3.225833949379977,-3.5603929834314973,0.46022942446031145,0.2802303433418274,42.35374083882198,41.49079536879435,1.103067540563643,40.38772782823071,0.6135044102557003,42.18157329682468,18.941263470207485,34.671469345215414,10.657919275831846,11612.351553618751,1346.0358246290577,1897.15087262295,1370.1792773255238,284.62133762353625
100,720,77.4698639019398,-5.584305760236639,-2.5842370958954715,-2.568902846297921,0.4276887025132742,,40.22806798899546,39.98544662911445,1.1061976277269423,38.87924900138751,0.0,42.26345056803931,22.902087858392367,30.064019874580456,24.05762281605556,11582.43227441287,1214.8743932609846,1764.2704719502428,1309.811416542787,53.647026073145256
101,66,0.0,-17.69871694202323,-0.44208065447962536,-0.8393392296183994,0.04205054660837274,,9.81181780807674,9.516148722264916,0.10291210655122995,9.413236615713686,0.0,21.37518851860663,1.557487109002477,30.834383143168193,0.0,1070.7972537541682,137.7575514489435,173.0852956875315,104.6820380163861,61.6866198261175
102,90,0.0,-17.482439823451372,-0.5658764790747779,-1.0793311505968415,0.061874799280162526,,10.147491691168398,9.88799550710246,0.1401117155328393,9.74788379156962,0.0,12.39237882733512,3.283749283365725,35.66374865102458,0.0,1457.8918714543863,200.11889938637324,254.0012399709572,147.0828829359622,91.80168716730537
103,91,0.0,-17.5101408427615,-0.6715617888202572,-1.0178151339504447,0.07026581267332198,,12.255639151204377,11.983079652767628,0.14245043462142348,11.840629218146205,0.0,8.287063877401543,1.5242269073002743,39.45434703579191,0.0,1472.470910130233,224.11495482402174,288.08903695851376,154.22975788138405,93.02693908261594
104,720,61.942414035043015,-7.513143581381921,-3.3504165579094405,-3.7583583140818835,0.40120529210428785,0.25543999671936035,39.68624334782362,38.8251245431602,1.1081312838941813,37.71699325926602,0.6170159666799009,42.080160004567546,19.395858388306074,32.455647599930494,12.830572308036803,11614.640500587375,1179.5424060829787,1656.7132726313446,1362.6598222439231,97.33809633975432
105,720,74.37260560315687,-5.430321853311423,-2.672547205853881,-2.310121050726169,0.4443851595459546,,37.60032965103164,37.35122908418998,1.1064486135728657,36.244780470617115,0.0,42.263757242436,22.107004484783847,33.3470763201579,18.27736744747426,11585.035588492225,1258.6320745411972,1832.5645776481338,1310.2542086052465,217.07601847050495
106,193,0.0,-16.840058301406334,-1.2057481581265794,-2.3274861552205346,0.10587011952823523,,19.867298173718154,19.57238540193066,0.2979463152587414,19.27443908667192,0.0,31.025472034707583,9.048425582374556,35.21462227994094,0.0,3120.967175649746,347.81314948081047,436.2008632886121,342.92834902916707,57.91670065276481
107,78,0.0,-17.525398289752086,-0.4609989336405716,-0.9426574288597402,0.04644716560199957,,11.695473314728588,11.401201403699815,0.12146228784695268,11.279739115852863,0.0,13.759169502563067,1.7361076528196293,34.860852715744315,0.0,1264.4779548370575,153.59050373139476,192.58371182592379,156.70415019606773,28.50282334734065
108,85,0.0,-17.65526012117006,-0.6085786865283612,-1.0932199882224403,0.05308086979994613,,11.195419620256871,10.922397651243955,0.13202873384580016,10.790368917398155,0.0,14.9995663934777,3.9232031608317737,32.05566804260967,0.0,1380.6694480399601,175.0018515089278,218.53603399906888,144.52975927087303,29.91816412156161
109,720,57.563617444642965,-5.460645471822657,-3.1973128390234233,-1.8033140761475415,0.45651259108178427,-0.4518488645553589,40.37636023806408,39.43981825513765,1.1068637217395008,38.33295453339815,0.6902605229988694,42.12568072261711,19.888401051983426,30.813870965444064,24.447727657711365,11582.402390405057,1281.7745011064071,1884.1950194546912,1359.6841338246884,159.7174878978534
110,108,0.0,-17.413245091687244,-0.7152844303078882,-1.301104662469248,0.07131593492785607,,13.040043492801487,12.790468017105013,0.16917005134746432,12.621297965757549,0.0,22.024626669572086,4.495056975498919,37.05229037992821,0.0,1750.6647865082273,232.21440213438873,293.53404012983253,201.21532321200914,97.19466145815403
111,720,38.92221435728108,-9.646577886139786,-3.9373206437016024,-5.2369479612611975,0.4687023521557693,,42.496027443092316,42.22582541126758,1.110470320098102,41.11535509116948,0.0,40.59077230905349,15.805837498670831,34.35369362556914,9.225393564822696,11615.613894933418,1446.450554462615,1931.0327403660835,1337.2273482242194,281.70443572241663
112,83,0.0,-17.55050200208712,-0.5799394633046526,-0.9689819988276065,0.05124153655347541,,10.332709161099046,10.072094315197319,0.1290568127296865,9.943037502467632,0.0,6.369607894870529,1.8021345718812902,36.004350428659265,0.0,1343.3779845412373,166.81282732797064,210.96755116360663,137.63235427334706,29.851482169238945
113,83,0.0,-17.715995841343577,-0.6790444173215607,-1.0310008363316738,0.05555987701946369,,8.92964420793578,8.688872534316033,0.1288206516765058,8.560051882639527,0.0,18.3520863585139,3.2396016966521954,33.31964444635151,0.0,1346.050828035221,181.9027482615764,228.89615495582694,149.24074458744147,37.32150023671132
114,104,0.0,-17.201975492544047,-0.556826984139762,-1.1634862295509985,0.056183822121656964,,12.987070936243981,12.713265765924007,0.1606762669980526,12.552589498925954,0.0,15.87418731457329,2.834395707267121,39.41504657073521,0.0,1682.3067354616526,184.32867558862335,232.14090247773993,192.5185996500509,24.777410455650376
115,131,0.0,-17.298346278809994,-0.9480431131031506,-1.5217230870784388,0.07805673074213361,,12.247797187883407,12.022223656997085,0.2023610295727849,11.8198626274243,0.0,29.092511180286284,6.1640571193007645,36.87547651581674,0.0,2119.331200558187,256.2716721062046,322.0252032134724,230.65520017357468,99.11011993139769
116,101,0.0,-17.576426136162276,-0.7830317536046776,-1.2291439730767189,0.06376166189469458,,11.549626579973847,11.272324169054627,0.15628245566040277,11.116041713394225,0.0,20.018937441386896,3.934150324557206,36.923716132458274,0.0,1638.2013106602542,210.48711870273596,263.65092778701114,192.18815243361348,12.391311569900862
117,76,0.0,-17.60328760752863,-0.49968789320161106,-0.9349224667312261,0.04333896399229416,,8.703583978582174,8.479412730317563,0.11822287971153855,8.361189850606024,0.0,5.19172469964601,2.1508644208567356,32.672800838071495,0.0,1231.5593184538272,142.5988094446556,178.89867817493717,137.11052703321303,35.02809827084486
118,720,62.9655846099969,-5.714379962583591,-2.6440094076337664,-2.604666763298354,0.46232255294155755,0.050781480967998505,41.18473095120862,40.156327561009675,1.1072070845402777,39.0491204764694,0.775803123600781,42.26369151770407,23.040369605195984,30.003134384795477,13.406523985608581,11598.14061099675,1298.940137512408,1902.1278941996845,1268.1058367280089,199.68561227258274
119,83,0.0,-17.61670033147364,-0.540912820747314,-1.0785362186625789,0.04689654528655451,,10.029420071747154,9.761348162777722,0.12920623971149325,9.632141923066229,0.0,12.34113165161646,4.340301768215185,30.14296729345216,0.0,1347.558394293762,154.90179500682254,193.604035278682,164.12081134545176,64.1092022670266
120,94,0.0,-17.571132630824,-0.5975897094421665,-1.238316655868859,0.05972282450726993,,10.359443003777415,10.111103871837258,0.14655098738148808,9.96455288445577,0.0,19.080279833151888,5.343621383534714,32.048684278565005,0.0,1529.5864311806608,197.33485224900474,246.19697649154594,183.02153975625146,39.60044735399978
121,720,84.83890975113911,-6.926330956035642,-2.9438650251397065,-3.5529690363570774,0.4261777517408718,,39.00576970493421,38.7722045709379,1.1202505584806204,37.65195401245728,0.0,42.216187614384914,20.356634829286197,36.2730080411666,17.636284754384,11586.028019255147,1258.0836485278207,1756.4866867689998,1310.9594318007762,44.30064940070678
122,126,0.0,-17.30364845482754,-0.7682765522930532,-1.5756915054060139,0.08401154975579574,,10.082385421264917,9.854821470100433,0.19880005856975913,9.656021411530674,0.0,21.01911117463565,7.606548857586552,32.34018788747575,0.0,2043.6872181813405,276.32295186188264,346.6301811304881,242.72905956498448,57.534476478039146
123,92,0.0,-17.549988984598027,-0.6555304176347985,-1.111943824220647,0.05708924838433017,,9.792232733219862,9.542353394906968,0.14398457994684577,9.398368814960122,0.0,17.853977933064684,4.527629911267031,32.34443058670038,0.0,1489.3837679379515,186.95638952454433,235.45685487421474,171.893899348018,66.41590136692824
124,720,71.30741076653784,-4.0737467695147185,-2.23572984259941,-1.3840672389450954,0.45053475668728243,0.09777530282735825,42.63187518902123,41.70734891295433,1.1105752382427454,40.596773674711585,0.6927274200133979,42.26339827397654,24.8825921968103,37.63438108558221,29.73523686542582,11582.399999999943,1229.5930039001194,1857.420029364217,1312.8490662266524,226.17894599713333
125,132,0.0,-17.37287725862575,-0.8768794124967914,-1.6819941994764491,0.08847752253218655,,11.876334202941507,11.641918415669352,0.2044745273888111,11.43744388828054,0.0,27.816636938430364,7.423769961640806,34.362316441310405,0.0,2145.5748873023913,288.720276186337,363.54776026043345,217.44339210721043,105.25663076950866
126,720,56.10066623608089,-6.707470667237277,-3.2899709663355248,-2.968224804229899,0.44593044542975424,,41.4054339597933,41.159770529251546,1.1113760001026094,40.048394529148936,0.0,42.25404510709017,19.549069128402678,31.55393556482476,14.820730376020094,11593.730897316784,1287.6667421858485,1838.685753192487,1318.2264845502843,213.15432792307254
127,720,47.23531817793747,-7.147875556079269,-3.435963908125304,-3.280392635492806,0.42815224329462864,0.24752791225910187,38.501998730935156,37.65372475376353,1.1064162570983171,36.54730849666521,0.6068574110977352,42.260299606601045,17.99267221063449,31.205763294671435,15.591104488218575,11590.449481975615,1263.7907047047395,1763.8324689261476,1268.3395555789866,262.47957591196996
128,90,0.0,-17.309493966775648,-0.46393097691359975,-1.0040568723321388,0.06610175384538247,,10.638450623955578,10.372157663106918,0.13983941124752164,10.232318251859397,0.0,8.233246064882223,1.4150008118535256,39.635231868061446,0.0,1455.796522747757,210.1052334972308,270.52570418854145,131.991725354392,161.2389982766614
129,105,0.0,-17.521605701369168,-0.7279997115992015,-1.327959072407562,0.06512461684861559,,12.258752447552979,12.0067154080607,0.16254009492695332,11.844175313133746,0.0,21.50989343721966,5.860093755719613,32.32021311258676,0.0,1703.6640045722136,215.32833898156383,268.99866101628066,213.9478232459942,58.249000276598224
130,144,0.0,-17.367670457388694,-0.8763014314137754,-1.9810920658339883,0.08453906513124174,,12.976716014090925,12.718478183727711,0.22317880438640714,12.495299379341304,0.0,31.81203782145924,8.568404131037568,32.10628044308088,0.0,2348.6097137786255,280.22225740250013,348.32753717339915,287.4094107867238,82.26321988123485
131,720,68.69228953702648,-5.072544965996147,-2.8061375222811953,-1.8148930527593503,0.4483978210500164,,44.896919212304056,44.65952216880396,1.1077683572657406,43.55175381153822,0.0,42.260204570662545,21.477272933149536,38.97092929081897,29.820523320879648,11582.399999999925,1254.4887039403102,1848.603884179059,1307.6384302581503,146.00354008108084
132,720,60.6771591542964,-5.673799274788036,-2.6585855906366738,-2.5606101624749598,0.4512664915875735,0.1345287263393402,43.355772336013615,42.47430919017643,1.1056783315725625,41.368630858603865,0.623170793056488,42.2634968964875,23.096819443086705,31.937321341047088,18.99397250463175,11587.167033941416,1269.545275765094,1856.6692957542173,1310.7484111989302,276.79517288896164
133,89,0.0,-17.63744250018326,-0.7185542244842528,-1.0619111519246327,0.05655827613703751,,10.26487021194771,10.009969612117857,0.13849834632128477,9.871471265796572,0.0,16.260097966175945,2.6519966249058236,35.24933832157489,0.0,1441.6059659297393,184.90377214188334,233.22105598523436,166.08816753656305,78.4697054870565
134,116,0.0,-17.314013737480412,-0.7655128476464205,-1.346906864206192,0.07606471026493469,,12.522759957704693,12.259720402304083,0.18040234129875898,12.079318061005324,0.0,24.56948283933604,5.461616233470127,36.45181469880377,0.0,1876.501749318979,246.39675823580663,312.46603182198925,200.69068202633545,64.65865950139715
135,103,0.0,-17.34731306006861,-0.5722479067182634,-1.254079722476836,0.07049632684543734,,13.192427757196128,12.927702776156366,0.16049273684620857,12.767210039310157,0.0,23.905840242770793,4.7708666641281905,35.18409924548173,0.0,1670.2082548416786,228.06344732807986,288.5339914017724,169.14585497224354,137.04207422589386
136,720,79.06242170745148,-5.581239590873575,-2.3510534620168215,-2.7665691062165627,0.46023899175253025,,43.71682093804702,43.45379817998037,1.1123301619663835,42.341468018013984,0.0,42.26377317890648,25.06421941104959,38.48835779212335,9.831925693639084,11605.34257307144,1295.8996610649872,1899.1080507155434,1323.4587992419756,23.31184858246986
137,720,53.209723435638814,-6.338485125316138,-3.3772180384395334,-2.5243502308127397,0.433584307608607,0.036573413759469986,44.43785962089896,43.55402318155393,1.1063066101633012,42.44771657139063,0.6207194225862622,41.9429018115669,18.136229767752187,37.06842844237374,20.453668735655597,11583.587600832096,1246.5324862692853,1789.024770142066,1312.0240021087084,139.37136284274226
138,720,69.18359391521608,-6.550805732890298,-2.9721364615588994,-3.1331004892939167,0.44231049648363624,,45.10705921705812,44.86134701501578,1.1184070915915072,43.742939923424274,0.0,42.22337524823189,20.863927858924285,35.32621456707075,10.878292617769967,11602.51082927392,1272.6899122912635,1823.9895975232046,1351.5167283006783,197.83399996074735
139,720,64.14375482109432,-5.55943711467492,-2.8925189596693905,-2.2019328485808147,0.4613655667059782,0.17282359302043915,43.75442536501214,43.03524415194988,1.1070296405814588,41.928214511368424,0.526309278793633,42.245901974131606,22.199097161134027,32.60066712066382,15.433279644853688,11587.991854157612,1294.6767303871518,1903.0649614661177,1371.4901750996044,96.61314023406439
140,75,0.0,-17.74643601745934,-0.6340237718203491,-0.9122503177756173,0.04988898459095905,,10.097437787335366,9.812505458947271,0.11737868329510093,9.69512677565217,0.0,14.423847267821412,1.5408802961595647,33.99514787968075,0.0,1215.4869619674134,161.96201759794016,204.5822438150048,109.18935995641316,89.00264924313996
141,720,55.18371364332896,-7.123249241452068,-3.2240017382803683,-3.4309287962997823,0.4647907004002604,,43.66566861886531,43.40442067105323,1.1071342299692333,42.297286441084,0.0,42.16414933801125,18.93977781089668,30.14336451421097,11.033837663231543,11612.200016526243,1354.7550865828964,1917.1246828508056,1329.5861300156218,138.9434833499597
142,720,56.387002559897994,-6.540178590647522,-3.108393138700533,-2.972787074931064,0.45566391819264634,0.1843664050102234,40.83541147597134,40.05095957405865,1.1066972855478525,38.9442622885108,0.5283557088114321,42.26210873178339,20.121969833397568,36.09058207321404,15.839618220764942,11590.027599172672,1310.0784703525946,1878.3979968483109,1285.0602615318876,135.20183666884859
143,720,69.68766582181813,-5.14703491949036,-2.7259636954306967,-1.9713494460904148,0.4464862726860799,,42.99205786315724,42.75270239403471,1.107022538781166,41.64567985525355,0.0,42.2636341715885,21.946389907415195,34.23600002781333,19.26284905449928,11583.871747515763,1242.5020992471077,1837.168101521642,1286.2320415996246,132.83094228043322
144,720,81.89093301618864,-5.269350754522961,-2.3144812816429505,-2.509428163943652,0.4422326073500325,0.13997048139572144,42.88908946001902,42.088787633925676,1.1055482379160821,40.983239396009594,0.5253104469738901,42.26365543349587,24.494006436422165,37.631112371458386,21.866862370037474,11582.711242009182,1246.8252688448333,1823.6939505583389,1310.0512795063205,154.44014253781972
145,720,75.41774217129966,-6.304999225399847,-2.987771377818896,-2.896561115861286,0.4172533606681882,,36.8419584389776,36.60052178706974,1.1088996343314648,35.49162215273827,0.0,42.263530584215275,20.91752669160754,37.32571676852852,18.681524032122955,11583.78461284371,1209.1040651960575,1721.5911722716814,1368.6524744402682,85.70663937256492
146,720,59.93138704039652,-5.804130735452159,-3.0769719192877254,-2.2601363202248437,0.4635960960415866,0.02102651819586754,42.729831208940595,41.96574220620096,1.1069376626983285,40.85880454350263,0.5236550332047045,42.261189003502906,20.76133629536902,38.49538406985993,17.67012396840508,11586.390057830398,1304.2933123672487,1911.3869871007582,1295.1484873971294,60.02114290166711
147,720,70.0888003032996,-5.7165402003134105,-2.6061273827781504,-2.6425825861363976,0.4645610858693751,,43.046680397354066,42.80280776601285,1.109815581701696,41.69299218431115,0.0,42.26359898385131,23.16436100458065,31.056284835430443,12.258963222484237,11602.42210330898,1311.71546402264,1913.9105413331863,1280.413515910479,136.9542138081531
148,720,61.64085741244806,-6.588217777896429,-3.0297238308450494,-3.1051753826516197,0.44958001859061086,0.07788535952568054,40.047142054885626,39.26582777220756,1.1077249767258763,38.15810279548168,0.5272231390699744,42.24766878468874,19.798390564182586,38.98334999042321,18.389004047930086,11586.015124086845,1286.273925966221,1851.9435868641642,1347.28197331269,167.55888323286723
149,720,67.54245539872691,-7.323297172471304,-3.1431733424340202,-3.749866694536706,0.4267679036026044,,40.92195633798838,40.67631055274978,1.1072947960346937,39.56901575671509,0.0,41.95588330143624,20.10676752588668,35.24962559917404,11.069554236314804,11616.505496977446,1243.2092146815573,1755.6736294830584,1262.6161520952533,170.07669310847507
150,136,0.0,-17.195254971501395,-0.6593054254980353,-1.8126223411650804,0.0977074463980445,,14.313529887236655,14.026732205878943,0.21158841997385025,13.815143785905093,0.0,30.831357783315188,7.519813356459589,35.286007160532584,0.0,2216.1143856483063,317.70491163237114,400.4842719628702,206.0562336047243,201.3638090932194
151,720,61.2496745275766,-6.98003410913781,-3.3132340341539828,-3.1986703723829124,0.4645359206020993,-0.002600287087261677,41.18582594906911,40.33382996311411,1.111191675066948,39.222638288047165,0.6046342989429832,42.25584573302457,19.521069035018403,37.76411666719529,9.947328724075676,11600.080612089592,1344.9021601657073,1913.4753550955832,1339.1976832157088,165.10676618019613
152,92,0.0,-17.48324354500303,-0.5811225260662887,-1.1158792095860184,0.06085953072722426,,9.525337422266603,9.268661035224795,0.14327771356329322,9.125383321661502,0.0,16.14288036745398,3.8496588184461524,34.704282223004526,0.0,1491.7212867305284,196.9493863136075,249.96394842362804,147.27430894869937,86.97886390580095
153,720,58.934846914008574,-6.574692404935358,-3.062433609316071,-3.0383168842662336,0.47026302511863505,,38.185716721229255,37.98121183877811,1.1056003808043897,36.87561145797372,0.0,42.24607800394536,19.869594194169064,35.254648502161004,16.899778857572947,11590.224728053565,1354.47757493443,1939.462017308098,1345.1155566392215,83.1480293452473
154,720,75.81704778996782,-6.710083493137905,-2.907667207439956,-3.3388052893931297,0.4603041350069867,-0.03840656578540802,40.609747549984604,39.82239351188764,1.1038037352263927,38.71858977666125,0.5359506108798087,42.24756687211502,21.596077238394102,34.40767319713067,14.733331740782903,11595.672074182858,1326.4886076982966,1894.3284726672516,1261.3492237932935,196.07848507391813
155,66,0.0,-17.75170231708108,-0.5093106727593436,-0.8185500713355486,0.04854359971294513,,7.8579627918079495,7.603423792868853,0.10290046781301498,7.500523325055838,0.0,8.129397995675165,1.8441288115300014,30.844552269372343,0.0,1069.5779343421727,155.69095955884484,198.08940644090205,100.99648131150886,106.89556387859575
156,720,85.99334477679956,-5.232135616202332,-2.148798208431094,-2.665447452059682,0.4143012141199628,,36.75580282416195,36.5065273582004,1.111391790676862,35.39513556752354,0.0,42.24895455402272,24.18564738786247,36.99342583420858,15.035936801862412,11592.498069600844,1155.4126642793785,1708.6492924335826,1337.634813582077,17.265201058482145
157,86,0.0,-17.70891176828289,-0.7162310682303769,-1.0639531970225748,0.05334505801312576,,10.676565100904554,10.41944307507947,0.1335637578740716,10.2858793172054,0.0,15.687375080864062,3.5688124188186388,32.68045325519587,0.0,1395.0920758367452,175.29055412919553,220.36836386881492,160.83958350830488,90.19454573505935
158,720,77.53579208957589,-5.431406023733102,-2.271267943327313,-2.6935913512770524,0.4628563508767303,0.23613587021827698,39.04285686323419,38.196557325311005,1.1073028473183513,37.089254477992654,0.6044288869015872,42.24605427055626,24.95827355792699,30.881235016048752,16.000580314535767,11594.634090530824,1296.5599725468821,1907.2108267511214,1348.2660424644528,113.62071011542238
159,720,62.142191999546945,-6.314254430463139,-3.016992921492532,-2.856394167372076,0.437323346917057,,43.76668101269752,43.46911458671093,1.1100130616687238,42.359101525042206,0.0,40.385083967769006,19.847211992687136,35.93414005631947,14.726613231396795,11592.530222820988,1260.8355697426318,1802.756657615553,1302.8802501339687,299.2787063646807
160,63,0.0,-17.671207918175742,-0.37640381168010156,-0.7985934778731141,0.04595179464352676,,10.486622612923384,10.195153914857656,0.09792035864666104,10.097233556210995,0.0,4.933390529526499,1.381534903307755,30.43791939323219,0.0,1021.792512431188,148.72329602991138,187.8408531320515,90.99537375843013,97.68899216125388
161,720,59.2642900795146,-5.9297012571803505,-3.0758759443194,-2.385635727217928,0.4647159372481241,0.03459560126066208,42.02214779984206,41.24598950706422,1.1081997007131577,40.137789806351066,0.5348889520391822,42.262848125697346,20.576695472098677,35.20332084254202,22.307227042970197,11582.516276483782,1318.5056609492567,1913.6005480080373,1280.1128148599375,218.42496513010363
162,720,71.47845976824809,-5.275145572585308,-2.342245808360953,-2.4833531148066026,0.4463899755071055,,38.861687066964805,38.58053820161149,1.1093742125667632,37.471163989044726,0.0,42.261377633783006,24.634205884997908,33.09569182660299,12.692256827693704,11594.368304053201,1251.2744422505928,1841.2224060749752,1281.14691980399,149.8700358186939
163,720,67.40629229040361,-5.2240495057247145,-3.199975078538273,-1.615787690410717,0.40495732472068924,0.04100394621491432,41.56656941398978,40.78902558982372,1.1093930308707058,39.67963255895302,0.5269105369225144,41.96852169315263,19.380625997205183,38.92995333574202,27.237278654064095,11582.399999999896,1128.2197738880357,1672.5533196681124,1336.5494133070558,98.53816055415803
164,720,75.51138073111808,-5.066431517716644,-2.488614727971712,-2.1290705419022182,0.44546008613809807,,40.30375566100702,40.04742467496544,1.10797531157732,38.93944936338812,0.0,42.26378732116606,23.35896278087441,39.46994523854045,28.722021025355073,11582.399999999947,1247.2558821220453,1835.9587192066392,1318.1685415212414,120.6300052202421
165,720,55.612875255985,-6.711063079149994,-3.337639490133711,-2.9163540449483816,0.45375464632964835,-0.15327240526676178,40.742341715842485,39.97804958419874,1.1040461864322424,38.8740033977665,0.5260784039273858,42.2616279117694,18.70712063844207,30.201767911314615,13.74496005439781,11593.524104678025,1303.914006082689,1869.1856560710207,1298.9676721190297,193.57377696896768
166,720,49.64653631402604,-7.343557356024171,-3.4861206034515817,-3.458158351670916,0.3958796915465572,,43.808783194981515,43.52417826605961,1.113364099059254,42.41081416700035,0.0,41.679797886525805,17.60156399043218,39.82062025371146,20.19109046813785,11584.299269852601,1178.4148708605394,1629.3782672603195,1320.6169431811143,152.25340163813345
167,113,0.0,-17.422691138170528,-0.733590793000635,-1.4140757169817864,0.07448401589723486,,12.321949616074562,12.045037056785077,0.17552655562758446,11.869510501157492,0.0,22.13090220636446,7.227606421838424,30.651066179335068,0.0,1833.00194295227,243.40069913353454,306.450505036177,198.0986638709811,46.20067782267167
168,720,57.40897249442206,-7.511630904796474,-3.1055917890959734,-3.924561179260776,0.47793486197674495,0.13283047080039978,40.90020021982491,40.055471463128924,1.112146932631731,38.94332453049719,0.6041869423352182,42.26367885336078,20.583740934550235,36.187817726237526,9.281854701494693,11630.008871295038,1384.4202614548835,1966.9168472988006,1277.411214507316,234.34505639896992
169,720,79.01371145712915,-4.971589388277992,-2.388074058223963,-2.1515623262686354,0.4287572342021944,,39.96070109307766,39.70256339665502,1.107013763859868,38.595549632795155,0.0,42.2636042724636,23.162132728994436,32.60763188228972,16.45845587262689,11587.488374025335,1205.624228373916,1767.2015889719237,1282.0046782278403,213.55810670415417
170,87,0.0,-17.604866153297877,-0.6436131034404798,-1.0494077874787386,0.06146231723686589,,9.30637220107019,9.047330759000033,0.1346397683955729,8.91269099060446,0.0,20.022082035666706,4.768846190307846,31.075733903403176,0.0,1408.2769269137134,199.5902975012597,252.72962788039683,142.91874024135532,52.89681146336204
171,720,56.22660771149426,-6.898754522123579,-3.0933209702561504,-3.3732318281934726,0.42853145769851303,0.057453423738479614,36.45111673511565,35.68732120003551,1.106770820915699,34.58055037911981,0.5370674110017717,42.26376742736111,21.485867050208338,35.56523756597824,12.167291946662493,11600.708578494337,1239.5343864501338,1765.1629795415479,1326.7239749780806,168.1097886711569
172,720,71.26621181417705,-4.919530063166511,-2.5104177519819744,-1.9779100716178133,0.42754606027168923,,44.33023395668715,44.08979621203616,1.1065232302062213,42.98327298182994,0.0,42.26375922542607,22.584188193688195,35.95847493184177,24.401556946083787,11582.401638685602,1203.408922887426,1763.2782288705603,1342.4305141605137,187.90056020407604
173,90,0.0,-17.458085555268426,-0.49096605043149033,-1.1266196840996696,0.06509319916106662,,9.994104427751154,9.730631993152201,0.13936089631170034,9.5912710968405,0.0,18.63338868636672,4.125751143223998,33.307153499449235,0.0,1459.6543987442842,211.197514568948,267.07079059535107,148.23005310314485,113.30324631229475
174,720,54.89257475714745,-5.8770683530317775,-3.1816554509999775,-2.214943384864901,0.47691349723552795,0.016934357583522797,42.465634941123426,41.71102222800255,1.1076662405394018,40.60335598746315,0.535275717265904,42.263509999677645,19.37970095768471,34.95309470204554,22.01795890463431,11582.571076160126,1347.5261255435264,1962.5458274308614,1292.7713724932762,266.8229469330261
175,102,0.0,-17.478462884425625,-0.710860381446466,-1.2241515606777513,0.06797093090193206,,9.662841726094484,9.41427299613133,0.15842510806396604,9.255847888067365,0.0,17.511010313768175,5.1581087080720565,33.884252606848705,0.0,1653.3772531384504,222.42392088222738,279.9816117668143,181.87012871144276,53.24004881444552
176,720,62.941136093439276,-4.838438886719766,-2.688622658433271,-1.6716510133000126,0.4749634121504069,,42.56557917408645,42.29094707593322,1.12044662469998,41.17050045123324,0.0,42.25279242140242,22.162069571518526,39.02181047157116,29.53550909850006,11582.399999999912,1309.7640771122249,1953.2719861471483,1224.852029407071,406.7139934984111
177,720,59.12925632324792,-3.884487793797998,-2.031131100936717,-1.410910852352195,0.43903793886958764,0.4211200475692749,42.067119700834155,41.21823342004791,1.1089833034202456,40.10925011662766,0.6102412547916174,42.26366891371052,26.2067843363863,33.99969539856134,28.472969057371962,11582.399999999943,1198.401791346299,1809.410319559032,1339.7897019950276,129.30030267811387
178,720,49.318396122154944,-6.369120387361687,-3.382827276456689,-2.532368679812163,0.4503462528249493,,40.7770564481616,40.548233416397125,1.1097558052279055,39.43847761116922,0.0,42.26379799859945,18.88268302067384,38.24309317506056,21.467198602731404,11583.098139542035,1286.8464900293773,1855.7041153691587,1342.124422494321,161.09357626308343
179,82,0.0,-17.651753869680288,-0.5828483999405646,-1.0379428504586907,0.05557817698113074,,8.676280197687447,8.431019668001682,0.1279503982514143,8.303069269750267,0.0,15.404439481506271,3.2922807164335044,32.96400491904423,0.0,1331.2410686812211,179.9966067886795,228.0628512790608,141.27381033794245,76.43419086168716
180,147,0.0,-17.23218651807257,-0.8290632514208484,-1.9501890538420565,0.1022356543790269,,12.593770298175514,12.346864404156804,0.22843856364488602,12.118425840511918,0.0,27.060966274650784,7.84544231946274,36.66064214828832,0.0,2396.372416522421,335.5248548086435,420.42414088724496,242.99075328143843,64.43040523066979
181,71,0.0,-17.795062051589795,-0.5747273806837364,-0.9218976664200228,0.04816471629495994,,11.486190824769437,11.210914947092533,0.11194906895980239,11.09896587813273,0.0,20.183459815193444,2.3380716893771614,31.40422732318653,0.0,1154.0460913906722,157.51099213538902,197.6036378879431,110.33403617267707,22.70329470306544
182,126,0.0,-17.45559170429252,-0.845082037484326,-1.6491079970267837,0.08583578051308442,,12.164123385213315,11.899053676985204,0.1960133803077042,11.7030402966775,0.0,29.785861110995313,7.713227208417609,32.15973592105883,0.0,2050.665425810153,279.9554398240328,352.0687977381887,201.29625238601696,115.6323587041515
183,720,61.74638091581286,-5.943193627364699,-3.1434141073685398,-2.387327231185904,0.4090543996342872,-0.08851724117994308,42.27048894017935,41.35360719682649,1.1099765938706696,40.24363060295582,0.6911057131364942,42.229774639143294,20.280882889926612,36.31230726270323,20.817697739092846,11583.40626365039,1164.9931953820978,1687.5061628081482,1326.9403077016464,183.85925560465648
184,720,70.94449557507168,-4.063412364366503,-2.3106194025548668,-1.33433054974101,0.41494446635880217,,38.252472024876624,38.00045660417527,1.1084632710553706,36.8919933331199,0.0,42.26215120385259,24.064047309706126,39.3221401982081,31.19157299465182,11582.399999999952,1140.1450635265917,1713.0841375923176,1383.8165832164618,80.33690664977756
185,720,45.246866286161065,-7.13401337959702,-3.3908638627866257,-3.338037080968235,0.40187662685052417,-0.03322061896324158,46.241294022183865,45.4688738710247,1.1057077622972429,44.363166108727455,0.5237308023497462,41.798245883336925,18.497943585341503,34.20076531239293,11.411524603251127,11600.219053089875,1188.505908030843,1657.483722708016,1336.8015418778825,66.43613198940108
186,82,0.0,-17.697359909751402,-0.7006998996611125,-0.9672708949589935,0.0540092500653876,,8.531815892085433,8.293169006239623,0.1278307312168181,8.165338275022805,0.0,8.912518500410359,1.8222201103645415,35.789481857606276,0.0,1328.102521577088,175.3811015247155,222.36549725803425,143.51170906716823,57.33908739928839
187,720,38.86170498181975,-7.365432128253799,-3.6124271366695577,-3.3396250221937596,0.40986266395086113,,37.78798863803968,37.54673380497843,1.105409235227853,36.44132456975058,0.0,42.246177390735895,18.25670418497004,34.17339561487001,12.058223737012044,11606.350713247446,1191.2862044556941,1693.3194601553791,1394.7042319075404,22.96555508058013
188,120,0.0,-17.431937821385286,-0.8784668960030394,-1.446532801254527,0.08128827235791017,,12.599279744084924,12.318461947143078,0.18606375297531486,12.132398194167763,0.0,22.735190943567574,5.741136865431224,36.327537309271726,0.0,1944.2971532475588,262.9751036727355,333.98268890457393,218.3799400625369,10.344801340063214
189,720,65.04316620068589,-5.999090949665189,-2.695552328614469,-2.8486239840816854,0.4516793341431024,-0.015353557653725147,41.377522012684494,40.49895822117105,1.1040859948843718,39.39487222628668,0.6158656207844615,42.263755972140785,22.650067296793104,36.04460408492145,20.945529127901093,11583.364110862596,1286.3910822775476,1862.938830494265,1330.8151095913047,215.99332490775595
190,95,0.0,-17.45470527523092,-0.5816850445690785,-1.1645442273102833,0.058057834657554354,,12.143933996092528,11.860778196249157,0.14801304740831256,11.712765148840845,0.0,14.65646485736662,3.357195460642837,35.85002645589176,0.0,1541.6905964644461,186.8936981453096,238.2371897100399,152.9440398332045,89.39458645890534
191,720,66.32198955593115,-4.504699427691272,-2.313645727660281,-1.728397031731795,0.4592359137511794,,45.23278501396999,44.97715586423874,1.1109587303362787,43.86619713390246,0.0,42.262691273217406,24.113893809641826,33.15583000283821,19.976501355084274,11583.421951780172,1261.1050404703756,1894.8574348344819,1350.866945230554,130.71338968192617
192,720,60.29206224296051,-5.601503352736147,-3.1015580258622517,-2.0660119350203026,0.43057883256166524,0.009691818617284298,43.39389498438686,42.613641534000635,1.1116004143841565,41.50204111961648,0.5352709190919995,42.22069192048169,19.714691549651352,36.81538521415468,17.036815109868506,11585.886948398545,1209.0773599081228,1776.476554587874,1352.0528183191366,183.99444714896825
193,720,69.58277624424301,-5.8924083604142545,-3.0943392148953097,-2.3405535021467276,0.4539380187926977,,36.93261900683865,36.71319936402142,1.1098454045131803,35.60335395950824,0.0,42.17853141711948,20.377971642880798,39.66829590561987,16.836132114495708,11586.611423518576,1284.4459136124558,1870.962225449905,1331.6219526323598,68.34384740637749
194,79,0.0,-17.43683873769527,-0.40721300274929406,-0.9350340474444375,0.044231027910864966,,10.644750338047743,10.386080149095505,0.12369997752830386,10.262380171567202,0.0,3.4173381135830923,0.9740720826148445,35.71553819444518,0.0,1279.7153279774764,146.37893630345437,183.07831883379018,148.65813963080274,42.14590469499957
195,720,75.41536744783056,-7.026296527730031,-2.6706622935827826,-3.9004894167351796,0.4518972414675392,0.10370948165655136,41.48671860806644,40.68061188980937,1.1092627714388072,39.57134911837056,0.5359622477553785,42.26326741333406,22.117906890415732,37.83220309532732,8.982005391442446,11612.969563399774,1311.4948860672123,1861.5481452210827,1247.372423006123,194.04518269101237
196,720,64.74335084109248,-5.259638909707463,-2.8337897053209224,-1.9573044509408541,0.465209660758411,,41.26026192260906,41.01619995990768,1.1060010227374732,39.91019893717021,0.0,42.208552753601786,21.573469637530025,34.13846272120777,26.068174825096463,11582.399999999905,1299.920317296996,1916.6429988449233,1317.9341536970385,181.5190552347582
197,720,53.46433518789152,-7.410038515065161,-3.370626720291635,-3.5779618757411713,0.45780620509577474,-0.040591564029455185,44.59443648066372,43.79392519313842,1.1054172893054783,42.68850790383294,0.5245597269386053,42.13395584141171,17.691037144345696,31.102036293381996,9.165186669483177,11616.212281707298,1349.3994219698893,1887.0717094142888,1300.559333525445,199.5553947431531
198,720,31.852367283494836,-7.337805788963156,-3.8195879765944127,-3.065914454606941,0.4490739997269971,,43.151663224212825,42.91995427198708,1.1036521741189063,41.816302097868174,0.0,42.20558602616419,15.966372237107956,37.976559192780314,20.02661612254751,11583.020862628146,1317.1838836830175,1851.5773186918457,1324.168404737228,143.12621576379198
199,61,0.0,-17.650783894986024,-0.3397648935511234,-0.7670647680584884,0.04365914161599641,,9.872672447003424,9.587173468898982,0.09610270708799362,9.491070761810988,0.0,6.348782873602101,0.7146803973366649,30.50759073481733,0.0,988.8850268363431,142.2418339330597,179.698615974179,93.99792557685194,95.49952361693703
200,720,39.251037203817276,-7.682738928983681,-3.6074281277672817,-3.6605647666850953,0.4115434904325842,0.03545180335640907,41.50398431532085,40.68186730472371,1.0992083763703704,39.58265892835334,0.5304107279516757,42.263675890524084,17.667601950941044,33.11110530599098,13.332753444393116,11602.463058972524,1224.110898020707,1697.965683289554,1336.6841524625004,213.30324412619078
201,720,72.00598692895232,-6.368526945872634,-2.767305607794505,-3.1370378250012814,0.4606647760576191,,44.09358654310927,43.83266387041658,1.0965261068195105,42.73613776359707,0.0,42.252790680520874,21.614784485005362,30.0172950433618,12.855868676121313,11606.355080650721,1318.227036273893,1898.0999896982185,1305.214779887257,130.21431417330228
202,144,0.0,-17.07419514830767,-0.6488288487360495,-1.9170450859084585,0.08265927978254006,,14.856872398871928,14.573518272023648,0.22044468624517322,14.353073585778475,0.0,22.44109847228234,7.440384403498083,35.505848034538914,0.0,2346.1304245377682,271.38673748286726,340.40348024788534,267.8321826537587,112.68795605799544
203,720,59.719998828593845,-4.928720660313953,-2.739027093633277,-1.7552307702378442,0.43103854996208774,0.037689343094825745,41.313054241705686,40.35870699910447,1.0961020095273852,39.262604989577085,0.7042676089331508,42.263618102351984,22.533791527124002,37.97661388636225,21.300799574695365,11582.811693159163,1177.8024958876956,1775.5893099646821,1312.1416889949758,89.3855588998679
204,720,62.713213559461224,-5.007735357680414,-2.3895231167918567,-2.1497047236372575,0.46481646013535066,,42.00737568130717,41.76744435308501,1.0992609253153205,40.66818342776969,0.0,42.26384397852329,23.87419505409141,36.50708774335918,22.13184741914017,11582.705835634128,1298.0967472351049,1915.9953124376423,1321.662939804294,144.75613624496663
205,131,0.0,-17.34706063070734,-0.9341390680902641,-1.568675878880684,0.09360521007846939,,12.87953948834911,12.627230697777122,0.20239988947287202,12.42483080830425,0.0,30.142023016930644,6.094247883554087,37.64872342231199,0.0,2120.5373341778154,302.58448437727105,384.3503480709533,228.31692630256182,128.84603624738173
206,720,55.610538141064495,-7.437132217949656,-3.3726555671751997,-3.6259235242645955,0.43521571035594664,0.2764589786529541,45.05149495694786,44.19707605196163,1.0968212392181158,43.100254812743515,0.6023009340278804,42.26324657253646,19.652624112660853,38.94635504551612,9.725652872694685,11611.530767327476,1258.590211837688,1793.928269977966,1297.7326357315692,69.02046729568266
207,81,0.0,-17.589115038925645,-0.49540256928095944,-1.0435554859158565,0.049767318946071865,,10.513828780967742,10.240791243966669,0.12572197197005153,10.115069271996617,0.0,24.780305744655713,3.938139140865536,30.7393920372968,0.0,1314.4744260925133,161.85889299985843,203.7010512131912,121.9474698214781,90.14430033209112
208,120,0.0,-17.461801031568566,-0.8542749730046154,-1.4901992347864788,0.09171099463169985,,11.555710973683745,11.306972905993462,0.18426721962168813,11.122705686371773,0.0,32.432488988360696,6.675751056063195,35.230210343314376,0.0,1946.6538203750486,295.24248477699325,375.36785501845156,195.49247918109631,157.32186787178398
209,136,0.0,-17.44777305012422,-0.9984990693411238,-1.7368291994594331,0.0868153189317301,,11.287579471245408,11.050462496932596,0.20821895357221365,10.842243543360382,0.0,29.90503218709241,7.393093454260225,35.052502401623684,0.0,2208.838912417975,286.3598001795268,357.7123804070912,246.3722721132294,21.029245307706827
210,720,56.17012882719414,-4.753187918264397,-2.8829002751017505,-1.4086888897819805,0.4580142922994625,,39.089096441399306,38.83947865385562,1.0972994156181812,37.74217923823744,0.0,42.18529487573181,21.314044823810583,38.9917308169294,27.647286479855577,11582.399999999896,1263.043765414643,1888.8272221926175,1350.0194534150285,142.58386714879578
211,720,40.011776786586395,-7.714332165110988,-3.4674884154718084,-3.781965725806507,0.4614367573842761,0.037908345460891724,41.16234724968672,40.28683727281168,1.1010521524585783,39.1857851203531,0.6127501027658582,42.254030941912156,18.256680918155006,31.815301114201226,11.748197530211952,11603.473812658414,1357.4572536551095,1902.8369849054536,1317.7559845579658,199.17974024640563
212,77,0.0,-17.759863177810466,-0.6636579319139521,-0.9491284499838927,0.046740452501608944,,8.542202023789287,8.297834702767432,0.11799048632383347,8.179844216443598,0.0,7.940680211021363,2.0717894847088645,33.18655301179561,0.0,1248.2982839710953,154.84946497669333,193.74432490498387,152.31282495468022,73.74077084405829
213,720,70.61795930095519,-5.200181596270627,-2.672747061915508,-2.0730935200728564,0.4509197833454589,,41.18770017568022,40.92992226406932,1.0968187795951962,39.83310348447412,0.0,42.255859874900416,22.911559737194608,37.887267055263,22.139535568643915,11582.605323349888,1261.6108926728139,1859.4487779665244,1347.0159819007943,123.13467033984888
214,109,0.0,-17.43951965495161,-0.6430928680220187,-1.4282128680823551,0.06773527737365709,,11.640239516273141,11.364565049298108,0.16769198700785637,11.196873062290251,0.0,24.22368896323669,6.272976282070869,32.57745071755471,0.0,1772.6709429748933,222.79390142627872,278.65786145983066,180.04886096143298,111.50312625969707
215,132,0.0,-17.336814081326693,-0.9077500350650303,-1.6133119345109241,0.09012133804567367,,11.736745172180235,11.503923675976694,0.20221872441470623,11.301704951561987,0.0,33.593028765045155,6.588673664412104,37.000711407121244,0.0,2139.744236631408,293.8088035587692,370.70497829624094,232.52838624192984,59.95946954027898
216,720,57.8283937980138,-5.963370968415425,-2.9040583422158948,-2.585090636138498,0.47066725731418513,0.013127622194588184,40.14764701901004,39.28351454436779,1.0955910556949675,38.18792348867282,0.612451630178839,42.26388313714665,22.04986319735874,37.424781285441014,13.851108948900803,11590.814038236127,1325.8734729647506,1940.5692654034633,1332.6698276237112,213.8014444591592
217,64,0.0,-17.708747027341,-0.4386882136941531,-0.7978670719616161,0.046842551481603434,,11.002926518209279,10.719386676792055,0.09940173709765077,10.619984939694405,0.0,8.96521288727314,1.678801939566256,30.475189791436613,0.0,1037.1003123359983,152.3496868495498,192.43958957863333,113.00001955289507,75.8657651216738
218,92,0.0,-17.513536440309032,-0.6363500481527301,-1.0958831392583646,0.05583340505856967,,11.71885329298675,11.450151382014155,0.14336137380450964,11.306790008209646,0.0,8.038728985902573,2.0516899914607065,37.034768434075474,0.0,1490.8992999772304,180.4089342932089,229.5261155065357,167.51184070403244,53.327206877756666
219,720,63.685754309437215,-6.576256027595661,-2.9821728068983826,-3.1307265286483523,0.45990750622959004,,40.816792788915336,40.57628652872518,1.111519269645214,39.46476725907996,0.0,42.24601924739853,20.83656154314551,35.68342502147649,13.278351033394012,11598.276936186234,1315.7768734052224,1892.726602880211,1276.9111528546061,145.0802907808325
220,109,0.0,-17.54016852633696,-0.7640901413679607,-1.4028437527951096,0.07265719655113614,,11.938699466176331,11.680108588188887,0.17181007424369454,11.508298513945192,0.0,24.05591656242842,5.726053202498478,34.370873781998654,0.0,1772.2794729257903,238.98130630742097,299.914346327936,206.50108033666058,16.063432506127924
221,720,80.41751430712878,-3.978253115222715,-1.8371285259571484,-1.709214396994863,0.42868128066260114,0.007829565554857254,41.51086443569511,40.622649567201734,1.1023963978514075,39.520253169350326,0.6093224319629371,42.26337742637415,27.26664550380297,35.71317843139919,22.30813279830663,11582.590153120314,1171.8692014858484,1769.300254318011,1300.6203159810368,29.848926441743696
222,720,62.756107091285095,-5.766916483598008,-3.0089751901334187,-2.289667426640238,0.4648489525422789,,44.01393304485828,43.76763429539278,1.10202812589705,42.66560616949573,0.0,42.26065951848543,20.70641943179035,38.910980891645885,22.04257992834904,11582.606331838851,1304.489010752549,1916.1752213486002,1303.469158839988,168.85650065679147
223,90,0.0,-17.665192353552897,-0.790262680483018,-1.0432206333568779,0.05630614686858018,,12.466487617697567,12.196421698201448,0.13887334987521172,12.057548348326236,0.0,14.879322815955968,2.7347484723867392,36.55665164613254,0.0,1456.4241195880984,184.9324738266028,232.4839581473282,176.13197927100944,9.33965957787239
224,109,0.0,-17.329579305147792,-0.6422015867357616,-1.3124563587590532,0.07442641323151347,,10.938380272127688,10.679061703383923,0.16754173394292593,10.511519969440997,0.0,22.02829084305713,4.741675435968954,36.99957611599063,0.0,1766.5890671053612,241.76788760694066,305.3630458583088,187.92372904790352,134.9881679994992
225,720,67.23216307232573,-5.491384224521024,-2.5343677004438923,-2.4771617895426497,0.4761213511602053,-0.08431129157543182,39.54933190671727,38.68442396307364,1.097497730050236,37.586926233023405,0.6077857632189989,42.248747325735195,21.480304106818075,36.463888479701524,15.65731452130934,11589.47381266828,1344.720883206048,1961.2138160228405,1333.2160337341008,173.0225311737941
226,720,58.40853124789569,-5.400574032959593,-2.4850946623783394,-2.4389910208266965,0.47296478456502267,,39.191471298690885,38.92646320024505,1.103567355312407,37.822895844932646,0.0,42.263575149623136,23.856224453604415,33.85493901327465,16.765834045935836,11588.19562363537,1327.7356515291965,1947.0563175729326,1285.2690284210564,184.80210706382167
227,720,61.52478364545072,-4.944843605987657,-2.6093638462527315,-1.8985366836219795,0.43345058877283793,0.04339900612831116,41.18027359107509,40.35195372393355,1.0975398891605437,39.254413834773004,0.5230415249243379,42.263328159032184,23.05520372356787,39.49902980500033,26.48582019003377,11582.399999999923,1213.451272827544,1788.098090900642,1341.2130023539871,120.36746320851498
228,189,0.0,-17.30197746874969,-1.2118148942590619,-2.6705830652436995,0.11870866689302077,,17.33773778891191,17.077235353179276,0.29140988690778613,16.78582546627149,0.0,30.988305930667277,10.235354314815,32.67517285140942,0.0,3090.7910060465583,396.87460616985135,489.63881628302397,354.35196377544867,52.615587031506436
229,720,60.85984997221225,-6.708091206741853,-3.228281378720234,-3.045041365387196,0.43151810021623743,,42.73081823019311,42.46588831208646,1.096372393425554,41.36951591866091,0.0,42.262282852490976,19.863330291110955,35.17679562190976,21.84839504373511,11582.988488943063,1242.5914763716594,1778.7796065260025,1338.1614585973718,69.93794869825847
230,95,0.0,-17.608226734935574,-0.7468630384476228,-1.1431170719375823,0.06777671617955694,,11.586797058116645,11.33045916305855,0.14637848315760493,11.184080679900944,0.0,16.759145773901448,2.988323307339056,37.620153096996994,0.0,1541.6655830163443,220.59451345168685,278.85738481187076,160.81737177485894,72.65323582774232
231,72,0.0,-17.696003849655753,-0.49024392284897045,-0.9321483793965912,0.04833308591397056,,8.699316225014627,8.453945766203105,0.111717299092561,8.342228467110544,0.0,17.996693409725957,3.248001601195193,30.016993127491563,0.0,1168.7031534778455,157.41911241164047,198.12615604139071,112.61655685880062,87.99034106137512
232,86,0.0,-17.64724043191519,-0.7552679363853134,-0.9534413104757492,0.06302110076368328,,9.935586013365537,9.675203120801598,0.13305355049669743,9.5421495703049,0.0,9.731573683212597,0.9921619374993618,39.308322794936466,0.0,1390.5328587303866,200.68737598565133,258.46107172292807,151.5366622340285,80.00434834051183
233,720,68.0810812124189,-5.807580409796128,-2.79688548842442,-2.558161191608336,0.4491006602168085,0.22007770836353302,42.895611827261746,41.96039282437414,1.0978113813325763,40.86258144304156,0.6894061150960624,42.26343139285425,22.536375888095602,36.22165330891354,18.076779684844634,11587.150367931781,1269.0889523298708,1852.0719217853461,1325.187840377577,229.74525887596945
234,171,0.0,-17.050345205717854,-1.172304978464593,-2.020571764467874,0.10672680240987113,,14.675049778074026,14.404978045262396,0.2623753026127815,14.142602742649615,0.0,26.95181160965785,7.493862897745307,39.106930001962965,0.0,2767.809167485084,345.0831019564209,438.0743611814674,282.6218032732993,154.6336610133327
235,68,0.0,-17.499116675080685,-0.3026561335642656,-0.8249082730763994,0.04623144778176122,,10.084436278790236,9.792034896090627,0.10482397908344865,9.687210917007178,0.0,4.257404524243076,0.24951228227652866,33.660728599406866,0.0,1101.7673415445288,149.0769750015021,189.64688600265268,103.1334936376235,87.45826928993561
236,720,67.50716176684949,-6.139351074922231,-2.749851865966619,-2.942273707203867,0.44388271691852,,36.58458648715168,36.33948842762038,1.1007466963492334,35.23874173127115,0.0,42.263200593187435,21.16446402216514,30.99703012989834,13.497425296772224,11600.850500258175,1265.3039049849303,1828.0396201792873,1275.860934108945,77.55257834868382
237,720,77.62127437063323,-6.289548799187245,-2.7088994827458452,-3.1096880106545837,0.46760955571828455,0.09530574083328247,38.16762528382242,37.280834909994155,1.0990476510487497,36.181787258945405,0.6126465108245611,42.2109061502746,22.082226707292826,32.63462801645133,11.440104806570504,11610.462717850489,1330.2625736917853,1923.241763119066,1232.8301482625243,183.16451069025754
238,720,51.539941806630615,-5.994285495935457,-3.120564672359978,-2.4523092642384565,0.4178381011168225,,42.49289858201519,42.250461866147816,1.097864767536521,41.152597098611295,0.0,42.26339387272917,19.79199809300214,30.30432984253371,18.673457159143652,11585.842466726503,1179.4323147167938,1721.775613583068,1322.7293509663489,157.70538673475068
239,720,73.10555049652571,-5.688445458560386,-2.9308647493513083,-2.3480128750759093,0.4062709146385334,-0.017543399706482887,37.52847293205559,36.763199829962105,1.0976681117899716,35.66553171817213,0.5224476931616664,42.263246442389,21.267857766051936,39.07693570938074,25.302823124861018,11582.399999999936,1150.2847829577581,1676.9459627475503,1327.044349479041,53.93925790531678
240,102,0.0,-17.435415033513816,-0.5583396783126545,-1.322789026517087,0.07876641535688993,,10.049735881853849,9.786475989967585,0.15761263156309724,9.628863358404487,0.0,25.554700080240387,5.991375557221825,32.573708693563184,0.0,1657.672265416848,254.4662012108739,323.01934799269685,155.73658277793334,137.24169794135102
241,720,61.51030761897095,-5.917383269362201,-3.0820459343814086,-2.4099176968906324,0.4220085951241584,,42.777114275377244,42.5167560428381,1.0999816018156707,41.416774441022426,0.0,42.25953993910299,20.707263868296383,35.26195893912033,16.425307856159307,11588.959815722461,1181.0903223218454,1739.0963946957909,1310.7527347122307,34.353647206824625
242,720,70.03349010144508,-5.516130637991508,-2.8790430237382543,-2.2045020895214527,0.42890122189756547,0.03929011523723602,42.779802029021084,41.92487866478041,1.0997384092770517,40.82514025550336,0.6066731973551214,42.24759749980867,21.676631643904752,34.43664508704624,18.213371705492072,11586.39814269603,1201.3725032583197,1766.3645488174345,1324.8917589027842,105.69573828446438
243,720,57.52805870980253,-4.963512539933986,-2.3530689417736688,-2.1342743985451276,0.47262001446393276,,41.50268429098651,41.2668955787085,1.0995806246064603,40.16731495410204,0.0,42.26189386372906,24.80153300091753,33.1908089020907,19.445007443639888,11584.58027978654,1306.1410958908057,1946.5313082278442,1335.230486629975,209.50544323330269
244,720,65.4693251300691,-6.521201538825717,-3.326741197652298,-2.8055031181862686,0.38559293247723064,0.0006792705389671028,38.30880643194541,37.536726446356624,1.0964829116128385,36.440243534743786,0.5234053563326597,41.909355608632175,19.04239328322527,37.696018241625424,18.21176008485082,11585.073717941576,1116.6330985032496,1589.7034223482594,1312.812890655232,92.48948100797844
245,720,60.878966976474324,-4.289337792375152,-2.376261982078503,-1.4642166469848024,0.4452002916194953,,39.895362285897136,39.64552932372317,1.0973678748123348,38.54816144891083,0.0,42.263608901645114,24.718296299461503,39.17616953608818,32.589234445211915,11582.399999999912,1223.1896291968042,1836.7935898675332,1341.435259673719,36.43943386783572
246,720,78.27451103645045,-3.591263100092085,-1.7161699944502853,-1.3895914342559206,0.4817927439959073,0.09333008527755737,40.12127836700529,39.3392150150612,1.0994406444951892,38.23977437056601,0.5226975460536778,42.26389225148193,27.408172191101286,39.14224041468453,27.57731229695763,11582.399999999954,1301.1441230667965,1984.270907145414,1305.2166464145057,158.96056340934226
247,720,70.25359881142586,-2.532408025576976,-1.170317228837472,-0.89807055652305,0.4604262546906544,,43.98292277799919,43.71924386220053,1.1005358626134694,42.61870799958706,0.0,42.26333640721454,29.313963030146446,39.35584268234022,35.604109665915736,11582.399999999927,1226.8878654427376,1895.8702365266697,1324.2804466767152,131.55212072940597
248,720,73.79597788211477,-4.925120623387459,-2.576256938871911,-1.9314199485039485,0.4140027129685216,-0.044102855026721954,41.35655234521255,40.565138414967805,1.1021632407791913,39.462975174188614,0.5248438469134271,42.15067054704118,22.513804615859435,32.81964842483338,19.411401037234274,11584.063978931725,1160.2456794414386,1708.0871545297223,1317.985611302192,192.96637596641477
249,720,73.5647888540839,-3.550232049617722,-1.6667967095859422,-1.4089356491825153,0.4710754225725549,,39.011963616125286,38.76225289516151,1.098132885992527,37.66412000916898,0.0,42.263685279244186,27.65649260285192,31.64846638029427,22.277422452117698,11582.67238036786,1268.6875000421933,1939.0181549593906,1290.1576467310765,201.2776725086579
250,720,71.26160343294325,-5.144870265683231,-2.2867210603358377,-2.3723916312291093,0.4822445710433583,-0.06018515303730965,41.372103850822896,40.57764067221433,1.1011864035390317,39.4764542686753,0.522526360116899,42.26334038518121,24.410342978702875,35.65626895679182,11.581094571704146,11600.527918072712,1334.0091522586977,1981.4814202442906,1257.741268487592,330.81782451278053
251,720,82.77905339773633,-5.211455753639785,-2.054512371399045,-2.7019468583196207,0.4517687499433879,,43.12415663013235,42.85804944112897,1.1012435886077583,41.75680585252121,0.0,42.23582529773466,25.2593643875144,32.27192191329587,10.356513117997073,11606.053817234604,1265.6988667135768,1862.6808817337267,1319.949404983852,189.9330534548595
252,720,76.75521367494636,-5.3696642892996715,-2.6165538124821324,-2.2750180128938777,0.4744862172381798,0.06083177775144577,42.824302703142166,42.0306751052849,1.102421919349581,40.92825318593532,0.5225782841444016,42.26310466017709,22.58386709250332,37.70129641554301,22.521677400103435,11582.512008538642,1326.961895079382,1953.0012205164633,1303.1775614058379,73.51455546846167
253,720,65.94875597511813,-5.600777743086331,-2.698224869983961,-2.417412745181441,0.48130487237872727,,43.5089786821045,43.246974968817085,1.0986264036037028,42.14834856521338,0.0,42.26347236713002,21.45079721627858,37.83890306683404,19.88122506640372,11584.545592188371,1353.7237741447732,1982.8926674018728,1327.9940848077483,195.41491702862234
254,720,78.41998536699394,-3.64290251655464,-1.4980152787033638,-1.661159711385116,0.48018318794747156,0.03782487288117409,41.60621660295874,40.82825893629342,1.0999529864639044,39.72830594982952,0.522433368023485,42.26358529091033,28.93329939638524,36.65967699674248,20.711572111839804,11583.232596432737,1301.0767997700136,1974.1835547693568,1271.5730242293212,225.64510847454193
255,720,74.14469104230137,-4.322096550763126,-2.084896053362142,-1.753621984675039,0.48001709645813284,,42.275537978857756,42.01881875190884,1.0987115819007158,40.92010717000812,0.0,42.26362574035846,25.70144877926439,34.13570129916991,16.19746743240507,11586.640164001656,1309.7881503661215,1975.7716699265864,1270.668491688232,215.60844294850077
256,720,61.086962841255485,-4.514839905134915,-2.4170255038629014,-1.6254723431157858,0.46894597362985546,0.024709554389119148,43.57890985812992,42.79726180387661,1.097265301272273,41.699996502604336,0.5251282383687794,42.25165839068354,23.79800491396911,32.274049677192124,29.057702077656987,11582.39999999993,1290.062301692971,1930.1179865399313,1273.9609143033251,168.28435671321643
257,127,0.0,-17.26119872244731,-0.7275991325650678,-1.5928184407215502,0.09013362811739761,,11.503709186799824,11.241954606026411,0.19419640069827437,11.047758205328137,0.0,24.570211078881588,6.696764046815339,36.31475511562871,0.0,2064.3533294258427,290.27017632057476,369.2344395912371,211.24926725233578,174.09895875894546
258,720,70.01171113576238,-3.8422447193504317,-1.7648949700803318,-1.6107594122581343,0.46283772216774544,,39.77143874624744,39.520007486920804,1.1002582269720733,38.41974925994873,0.0,42.263742672645435,27.85465653006975,32.99594778647356,21.595056658831254,11582.90907863086,1251.8282608577413,1905.8186186564644,1305.3732658682968,88.75516994344738
259,720,47.39406636213185,-4.288521279218292,-2.6498397115692316,-1.2718347058796806,0.36345613398694837,0.12697432935237885,39.55053527513519,38.698747476097196,1.0986639824695885,37.60008349362761,0.6015681680291891,42.171773396694995,21.274605195306144,39.20371699020422,35.31559597836651,11582.399999999912,1003.6590595858179,1497.2820782818812,1327.1822803435628,71.39978444897282
260,720,74.11898596427534,-6.55709768754071,-2.836258468485794,-3.3093350421054426,0.4080001856606175,,42.675595639273524,42.437941370066255,1.1003720704466105,41.337569299619645,0.0,42.26381305350914,21.751267455981512,32.249947676062405,13.026389038454386,11604.494612150414,1164.261907310677,1684.0628669350585,1335.806504621259,96.85716846581931
261,80,0.0,-17.50122562654703,-0.4181095530687512,-0.998365953577927,0.05940933753134829,,9.806296379771084,9.522038320079446,0.12376392912119627,9.39827439095825,0.0,16.926728668853567,2.751778467130217,33.91984223329322,0.0,1298.452474082522,190.51570623798335,242.6936645532672,115.89490655713324,160.84497650503366
262,720,62.74865518080218,-6.448414995093279,-3.122539586560768,-2.864425079937274,0.4578792138933374,0.03135240077972412,40.799641801044345,40.017225607298315,1.0975861512124538,38.91963945608586,0.5348277390003204,42.260334825875,19.673273779543578,34.95749491153215,15.133691647079303,11593.1652093441,1316.6932683279827,1885.884725182712,1297.3519950016869,252.41560886342154
263,720,69.00297620472364,-4.375838825040505,-2.1422418012521764,-1.7584203462874695,0.4714874565453818,,40.48290684306994,40.243058459833264,1.0970052741467953,39.14605318568647,0.0,42.251372785633905,25.415597296045377,30.70518441423229,18.13469738599568,11584.052853179717,1295.0781001297626,1943.723850864568,1338.4863132114624,145.68434291868522
264,720,68.96587062560162,-3.45819276496151,-1.897808117817388,-1.0802813875552368,0.4763709719840708,-0.04683821275830269,40.925543050747365,40.142717679962516,1.097138904966414,39.0455787749961,0.5270172110758722,42.26374916369161,26.344928390550635,38.04703426248136,28.217836971034565,11582.399999999923,1274.2432850877046,1959.7738573117144,1302.1435284181857,105.65432792388864
265,720,75.04269956983401,-5.934597092183274,-2.4714072453822333,-2.987076183879779,0.47251814022280303,,44.22955179400742,43.95586228789762,1.0952662616036832,42.86059602629393,0.0,42.26365351710507,23.837907974022276,39.39567409064675,8.977207746361039,11613.968015005321,1337.0764027509708,1948.010078711945,1308.376631099815,228.79357634730565
266,720,72.1992192743419,-3.596138400428541,-1.4549775712611361,-1.6480517296704593,0.48949613112555895,0.10790354013442993,39.71969251520932,38.93513641087338,1.0953702693805099,37.83976614149287,0.5226457850076258,42.26346862205908,28.96029372411523,36.98041062457596,19.505901647964322,11584.151231687076,1322.0632272162038,2011.472414535488,1239.3663177938288,237.49978441267663
267,720,77.8474360239919,-5.4981278012120764,-1.9470866443717938,-3.124642891738909,0.4230757312161633,,47.51747441897169,47.25511038582772,1.1003596927039325,46.15475069312379,0.0,42.26335392589043,27.013189487348974,33.95446094758582,9.876844591235553,11622.78896873232,1201.747504256988,1742.1228913902867,1246.9871597604729,178.55674334551887
268,91,0.0,-17.56919332668204,-0.6193275235260806,-1.1342830688348786,0.0651962593174981,,10.312452679034323,10.059633705299348,0.13975683227181435,9.919876873027533,0.0,18.133688659746728,4.039647332127788,33.06384787730374,0.0,1476.26996247646,209.7651114368293,266.929766053401,139.04754737738506,143.39773019550313
269,720,77.7455368290208,-5.1329635405784595,-2.4503236212265165,-2.2125421426011793,0.4665180177775525,0.08636323362588882,39.834258100017905,39.05573556385934,1.0974959088489413,37.9582396550104,0.5359158930368721,42.263504746888266,23.42232792484498,33.13179783857535,22.547245522360818,11582.605741626285,1304.0719618385012,1921.8599020884387,1297.4167623139067,155.627874333323
270,720,76.16742416939547,-4.502214987279703,-2.046417467281657,-1.9969426700043504,0.4554838406894073,,36.13855237374082,35.89590700203553,1.0993142942897975,34.79659270774573,0.0,42.263515312255386,26.114680921352697,39.11377946046433,19.378795298957478,11583.778519589567,1261.2402716643196,1873.5159410802332,1279.635444728366,224.7332264221954
271,78,0.0,-17.676595456755663,-0.604580313781037,-0.9450270318379658,0.051607322814667,,7.995866509154439,7.761589834932238,0.11989069962874055,7.641699135303497,0.0,18.698248309085788,3.134387813758067,31.70768520919206,0.0,1262.546934311999,168.40372950675862,212.4043044609283,143.81509665996404,73.13428071860599
272,720,72.01268042078533,-4.146873302751661,-1.8453117385938669,-1.8192099894986182,0.4788802245748375,0.08702729642391205,42.52611089684069,41.75046501820907,1.0978919146582484,40.65257310355082,0.534664748236537,42.26345585719759,27.391790696658987,37.02769514767796,20.761907981924224,11583.22266488742,1311.5901502550275,1970.7549858724665,1287.955998408933,276.31657404078095
273,720,55.33217225575573,-7.400650281584883,-3.34533117450177,-3.579048946097728,0.4727686308372009,,43.04392211697996,42.80458631925285,1.1006293627433479,41.7039569565095,0.0,42.263653586346635,19.16481165098412,32.5131751375951,10.504834381659677,11606.906584722567,1378.9860450275842,1946.680999972997,1304.396746513458,169.60334083865126
274,96,0.0,-17.630434206696314,-0.6712478629398514,-1.2608418555137981,0.07293866442988976,,8.570496029220521,8.328396598808467,0.14771703351289034,8.180679565295577,0.0,28.419961887066485,6.002769922169599,31.382069718679123,0.0,1562.089143368073,233.81742133905556,297.50600119136936,146.8082606126691,127.95155578050094
275,720,81.77253839430472,-3.3726710355684593,-1.2357519188845,-1.6530228586213078,0.48050031854990954,0.1865692436695099,42.58600360760465,41.80583902541548,1.0985728735104203,40.70726615190506,0.5333620146848261,42.26342828307612,30.187309734032752,33.64617914934165,20.94069596542386,11583.446609015922,1300.6645580837585,1977.3462202351332,1283.1101368810573,199.1166221110133
276,121,0.0,-17.34556731153762,-0.6842598737791318,-1.554075533457211,0.10668492622696918,,14.859887722879648,14.564362643286586,0.1873921351507306,14.376970508135855,0.0,32.53245035773229,7.415721106737868,34.2521202801748,0.0,1965.1214883165337,337.86567051402307,433.00289614783986,145.50560279370038,279.62421110363346
277,72,0.0,-17.659291400594505,-0.46656838374587356,-0.9177582411386299,0.049650217996948874,,7.6161222769878805,7.342693947255611,0.11084548756480217,7.231848459690809,0.0,13.15364146394068,3.1788573138640794,30.04231002596438,0.0,1167.7636184857483,157.80051418352392,202.38000915817355,106.04636284783636,111.3480383091338
278,89,0.0,-17.60757917259687,-0.6274374622227791,-1.1208763607144454,0.05871613175004221,,13.284484237898141,12.975533857941628,0.13733747461810708,12.83819638332352,0.0,16.43555751249588,2.966912964009195,35.32821500365485,0.0,1446.4586568680047,188.37734380033942,240.54025667213156,152.3793832415335,86.98603802784154
279,115,0.0,-17.461686715886017,-0.7735092509274281,-1.4751762461764537,0.062498504459104834,,11.558652196079493,11.31559557793662,0.17721178801730275,11.138383789919317,0.0,14.97628245178225,6.453581870809879,32.07742569412576,0.0,1866.408564139524,202.24843120026517,256.0148042814225,191.27195878821,88.08590441480166
280,720,73.25378131039069,-5.51963209151402,-2.401493565000142,-2.634217733214564,0.4804316892721981,,41.12605675822124,40.879269449040294,1.1030543353408575,39.776215113699436,0.0,42.263566878044756,24.400839378836746,34.218408375096914,15.75867957511545,11593.056879990569,1343.624416183554,1974.851235234897,1242.42510036383,219.7158341198266
281,720,75.59450582176797,-4.864916247480317,-1.876861327307158,-2.533068782267427,0.45137986705410943,0.027479348704218864,37.644086556043476,36.87540665594861,1.0993276927620173,35.77607896318659,0.5445305411703885,42.26367580585484,26.641327602958807,33.56525659144365,16.617159112594692,11588.618084686022,1258.19339001532,1858.5104738065152,1297.6688754245863,103.73592629635193
282,86,0.0,-17.70304260525395,-0.7220423092802952,-1.0496644535212116,0.05588633021238718,,12.058018136303872,11.811235701665282,0.13299478823319077,11.678240913432091,0.0,14.092420234624239,2.081449418614844,35.794911296386076,0.0,1395.5769168991117,179.06130908761384,228.7000319728774,128.19744836240827,136.28565115723904
283,720,79.50302696073447,-5.291074899468968,-2.378467559413521,-2.4586293078559485,0.45074348898658334,,38.92834297893569,38.670790404081345,1.096660131122917,37.57413027295843,0.0,42.26383142178711,24.25072901940477,33.13392743687333,18.70380797698746,11585.940874376312,1269.1827841154213,1859.0972161852517,1292.7275845385536,107.68255101686648
284,720,79.97479420802989,-4.535601415775237,-1.749396097883749,-2.301828178357148,0.4806920902204964,-0.05270329490303993,43.240143266972154,42.43695650110021,1.0982053619809449,41.33875113911927,0.5335950213484466,42.25957483395915,27.269584027011767,34.15489737946907,20.142816410506555,11584.349845403733,1332.7351163755761,1978.1325178258921,1298.448231466994,112.19911299876502
285,79,0.0,-17.573368873253685,-0.5325288784826412,-0.9447884953636889,0.045731530343073354,,9.597384768072516,9.323163021821529,0.12262234603986144,9.200540675781667,0.0,13.859820955471493,1.8015763318513305,33.63031781325415,0.0,1279.9762352349192,145.55926420023573,186.8983723715352,125.91426128968034,81.39391446641027
286,720,66.57441874716324,-5.393194887831779,-2.547546856294838,-2.3513914975907766,0.4907132909908987,,44.63640182605013,44.333272472023964,1.1006620721891522,43.23261039983481,0.0,42.26285623667591,22.52444099848219,38.024777488402414,17.541516887180165,11586.361533068275,1375.569791336879,2017.9354961736972,1287.0546792571545,297.44899784188874
287,720,65.68483961187806,-6.240551830965891,-2.8702623337378315,-2.8976758484469,0.46914605103701223,-0.03816201910376549,42.165538056753576,41.393584727309644,1.0996998893097043,40.29388483799994,0.5333267743699253,42.22317693689111,22.28182104881261,32.02962556265808,11.125019862335806,11603.434893159,1325.5423404309897,1933.3314899448114,1302.7906771256178,125.85379669985103
288,720,70.3195184184765,-5.140134645860432,-2.6839827095581654,-1.9806201349295354,0.47205082938077497,,45.06875204714015,44.811204596888274,1.1021947730332613,43.70900982385501,0.0,42.26332340302405,22.771364897070246,35.50651981237139,24.453167420051784,11582.401284329026,1317.3489342512132,1944.8326188664776,1311.8022219287316,185.83152594395875
289,138,0.0,-17.404614857360883,-0.870932523035918,-1.8724713860934985,0.08546181947424042,,14.359859928954393,14.121258156839758,0.21212128596380353,13.909136870875955,0.0,15.567814977402916,7.826432020396045,33.87660666473661,0.0,2250.032291159015,277.07522881027467,349.9409694237071,251.75388521354904,139.09855594164512
290,720,79.59423761203259,-5.345275303087618,-2.1413712346306655,-2.733320912143954,0.46709277324545695,0.15854346752166748,42.245760255958885,41.404347341973335,1.101481274701655,40.30286606727168,0.6061149029992521,42.26358305392799,25.45807105743261,31.613238112324165,10.44456096207271,11610.377254751435,1304.874103431536,1923.8171319846206,1324.8273831693011,212.08472998736931
291,150,0.0,-17.334153204016676,-0.992016815120901,-1.9529030587497909,0.11346670964720106,,14.588140446692705,14.315726475790143,0.23071880219504237,14.0850076735951,0.0,32.830551445171466,7.716489674851416,37.35626173438163,0.0,2441.2913530725673,366.18233371910856,464.1652550191893,230.64072386615388,157.45616719029843
292,76,0.0,-17.613709920670427,-0.5097850780449438,-0.927470280671927,0.05113511250248421,,9.609513373114169,9.38012782111764,0.11713619949296117,9.262991621624678,0.0,3.26908276450131,0.9708492359093807,34.56919279731958,0.0,1232.279215784322,158.6504357763381,207.01677107752718,106.9907824114827,124.42417922691763
293,720,70.23518292891751,-4.259898007314021,-2.3017216493697394,-1.496675341733894,0.4580562922519884,,41.31747765094042,41.0532187288627,1.100706396624446,39.95251233223826,0.0,42.25143122351355,24.406500029717044,31.761403628340307,26.706460766543653,11582.399999999925,1257.3195677267906,1889.0167668422116,1336.6880701737869,101.16634574883862
294,80,0.0,-17.54929622167629,-0.49333929438006163,-0.9659869909669849,0.06455327109175318,,9.200940542854369,8.92922696005553,0.12501679686829448,8.804210163187236,0.0,11.985433339738114,3.6890874747498685,31.809442471500272,0.0,1295.2299639289374,204.66076859449413,263.5340499170769,118.06811641488748,146.9880161919713
295,720,63.81297629178634,-6.901821008671723,-2.9855436428555344,-3.4438811329839956,0.4688875535839269,0.15619805455207825,47.404963755980134,46.51288599008694,1.0969261089339852,45.41595988115296,0.612741578835994,42.10135329122607,20.883107076389223,33.24709072393968,10.393317336463175,11604.094222911714,1358.2640497214295,1929.320894798949,1281.3185483337384,333.88413070726045
296,720,70.65916360406293,-6.043486771653305,-2.808060715475117,-2.766378416681353,0.4659049760595075,,38.47075101407245,38.23273828299716,1.0988550186157227,37.13388326438144,0.0,42.26297563121236,21.830123436979303,33.740646219602056,16.13038444150975,11590.157252790968,1317.1079209807385,1916.111632584206,1232.685537608467,184.98592987448674
297,73,0.0,-17.725690140361667,-0.560834497771404,-0.9070905489430414,0.05739919341342113,,8.682054239790887,8.437478081788868,0.11242784094065428,8.325050240848213,0.0,11.214294088257278,3.3901656497657715,30.267725954223106,0.0,1183.2226283272917,184.40569977016455,234.679652762076,119.40341378152891,128.94504082721085
298,720,51.3557965293145,-5.130362071435482,-2.564105917941697,-2.158324059038321,0.4044591961398722,-0.07835612446069717,41.49923833878711,40.71072040963918,1.0969152702018619,39.61380513943732,0.5284222648479044,42.263764703847734,22.279244855959742,36.01476439853169,16.95164406130042,11587.59999922711,1133.4643131590367,1663.8522502837823,1279.7064773672062,200.77476323714126
299,720,34.05902360697798,-7.279744866372757,-3.686726540214084,-3.205807917525611,0.38409983014269644,,40.670811746269464,40.43647816590965,1.0967837669886649,39.33969439892098,0.0,42.191223700189155,17.34783865402546,38.7952870625336,12.998194012836722,11595.134973322274,1128.441707683325,1583.3013342017114,1305.7537774766463,165.11807223954276
300,720,66.13697961351068,-5.950928362671888,-3.1601844917353485,-2.303005810054997,0.48412151917510554,0.01246583554893732,41.164724082220346,40.38752707373351,1.0964815788902342,39.291045494843274,0.5240591187030077,41.949063945429785,19.7293357153356,39.968002506836505,20.781063112437927,11583.041126043587,1374.090625186746,1992.3046869914465,1267.5227690767526,334.6658549893722
301,720,71.63751033499433,-4.801731224795831,-2.472420504470179,-1.865106708827595,0.46077534108382434,,41.10181435896084,40.865640280302614,1.098361859563738,39.767278420738876,0.0,42.26318790826248,23.41228989507395,39.75735614494479,23.90415684400549,11582.418073503071,1281.9950166081983,1898.7131711593595,1322.484219187723,147.11893900538726
302,84,0.0,-17.67471549697506,-0.6917828918834789,-1.0130849721199764,0.044363220209068396,,9.227110823616385,8.976100341882557,0.12891821609809995,8.847182125784457,0.0,8.392592847519122,1.9731090870846462,34.75304397943064,0.0,1361.5210469743279,142.63002720837594,181.69543089351134,162.93280100917207,30.328597506548878
303,720,68.99515117354171,-4.695644653715174,-2.2767965051572805,-1.9424298425889255,0.47299915895743605,-0.05483545735478401,42.409356059040874,41.6007523839362,1.097282714676112,40.503469669260085,0.5284024397842586,42.2513658490299,24.046921187914577,34.5654081709222,15.210114021831146,11588.166472069366,1303.2890365932587,1948.2396286910914,1293.0002610830281,313.65786534410796
304,84,0.0,-17.637532855861025,-0.6670336522041309,-1.0006442824494695,0.044566184510448574,,10.777109838090837,10.49904118804261,0.12962767202407122,10.36941351601854,0.0,13.90477937898117,2.1716441750885016,34.696779270920025,0.0,1360.4230488804208,143.88569259573902,182.6158523189948,116.69286201073831,61.59577927858002
305,77,0.0,-17.515989786881995,-0.37008635204376156,-0.9743516924774377,0.07113081236574044,,10.896884050685912,10.620987084228545,0.1194624500349164,10.501524634193629,0.0,18.255379892559244,2.910492673742466,33.091791260547595,0.0,1250.0275562922748,225.43744629711048,289.7907814130348,111.41801566565863,226.82811908300246
306,63,0.0,-17.724291027072745,-0.40316236265197425,-0.815557268886122,0.055311375086916276,,8.65318425791338,8.380245232954621,0.09719510935246944,8.283050123602152,0.0,15.554562216424598,2.0516754860268955,30.141528156150393,0.0,1022.9673177204885,175.04660625683502,224.79834020665956,67.75435752746189,161.26023791235116
307,720,63.757775380157675,-5.772160615640213,-2.8854872770799,-2.409514576610138,0.47386325086909103,,39.482559703756124,39.23332552378997,1.0975162372924387,38.13580928649753,0.0,42.26353910325731,21.4811089209651,32.23619225988077,18.606792670845074,11585.488623890058,1329.057778923269,1947.5796302173176,1227.2255992531316,236.56148977456007
308,720,62.61705757190719,-6.046951409116778,-2.8989830960311074,-2.704066062070162,0.44013367287366717,-0.014127058908343315,42.96301276003942,42.12216173717752,1.098527750466019,41.0236339867115,0.6068159989081323,42.26351764890704,21.64549779326055,33.828907133929306,19.549886818318058,11584.289092288976,1252.8160069126145,1811.6194107878641,1331.0963405629861,205.53187022494075
309,124,0.0,-17.526360585454164,-0.8801475926755508,-1.641838960605786,0.07880386792116681,,11.976442895364016,11.727004568092525,0.1901121474802494,11.536892420612276,0.0,32.33074696249092,7.400182139934659,33.03225637627827,0.0,2018.7429744948956,261.4663333981679,325.53671166795357,230.1823937420304,33.87760653497952
310,720,76.49626455191569,-5.249537111989319,-2.2550514686777707,-2.520172428525097,0.4710757927996665,,40.09106782730669,39.850370448082685,1.0979996845126152,38.75237076357007,0.0,42.26359210970221,24.567702141049875,37.283547432405456,18.756671383296457,11586.692009661918,1304.3150894675705,1935.1763670879138,1251.3022642113835,369.2061587291603
311,91,0.0,-17.49200621631317,-0.610755187788116,-1.0460863768897632,0.0846235135808824,,10.771125873085111,10.49159720307216,0.1407266976311803,10.35087050544098,0.0,14.297352638170015,3.1230796655355837,37.09623329796188,0.0,1472.9240978392168,264.5382431827599,344.5090212272547,130.86689630908134,241.73089065201418
312,720,70.90181444617217,-4.397321600814254,-2.103326873721331,-1.8242266663729167,0.4665095815429165,0.09794645756483078,41.16056494321674,40.261680831667036,1.1001566876657307,39.161524144001305,0.6128602582029998,42.263593355374425,25.213572534304355,34.664286789893524,18.38327666107242,11585.779438691094,1278.4317798697205,1918.7405105744813,1267.2287133902512,254.35191277224362
313,127,0.0,-17.294836672718617,-0.9077884815039909,-1.4612116774187718,0.07533308247611428,,11.275113352108747,11.031130789313465,0.1954169631935656,10.8357138261199,0.0,33.12232434469705,5.268741154362405,39.56190328604284,0.0,2054.440850827918,240.3054757711353,308.06720182244715,199.48859083143455,71.32557854776623
314,720,75.57451818135175,-3.0020046809429335,-1.6367665458387775,-0.893616579818334,0.4683318347573549,,40.22850766638294,39.986420824658126,1.1022537960670888,38.88416702859104,0.0,42.26357251256677,27.789095051081354,37.61509456795753,35.72041375611443,11582.399999999907,1248.138918059018,1927.9608018813587,1256.4574603527903,156.0662372123047
315,720,85.62640064945901,-4.833437672146048,-2.17824019712821,-2.181841542780441,0.47009527661094075,0.035449158400297165,40.25269149011001,39.400591837242246,1.1041056313551962,38.29648620588705,0.6020239889621735,42.26381518647975,24.349853981793693,38.219001252271624,17.357040227581287,11586.196461445088,1302.4925301019794,1932.936393185799,1223.7237771735172,190.97981047407126
316,720,77.78891459029599,-3.1359888684611392,-1.2990287135539913,-1.3704685116235806,0.46308161052140107,,37.69407392386347,37.45707047870383,1.0995086338371038,36.35756184486672,0.0,42.258600283176264,29.391252937575985,34.11379470300281,23.359444899991345,11582.434378269874,1250.8219516412942,1907.740716630143,1331.7361989694666,164.7329554623912
317,92,0.0,-17.6006192560383,-0.7162582429722826,-1.0912367371586074,0.06770541771747522,,9.222809434868395,8.987565577961504,0.1423805900849402,8.845184987876564,0.0,20.806330002675857,4.079553009728833,34.53862219650272,0.0,1489.0508975552686,217.37008490775005,277.52571747013013,129.70385512051644,133.80423792868757
318,720,69.03868901418384,-3.7764064199968033,-2.292751505723314,-1.0424639370205602,0.4375393832004887,0.08227334916591644,38.947495254687965,38.192973436787724,1.0988266100175679,37.09414682677016,0.5271708993241191,42.26355347202456,23.97515180633853,39.29847256829759,32.917522759846165,11582.399999999914,1185.8676967496497,1803.62748900827,1357.4618407208352,63.46007936671481
319,720,73.50768253539269,-4.909485179868221,-2.5251066301463374,-1.9029580722715755,0.4778579995771303,,41.8385629276745,41.585361619945616,1.099220567382872,40.48614105256274,0.0,42.262019613483226,22.954547960661436,31.261409128939793,17.116690131429728,11585.42529781546,1316.9544577421768,1966.8233000203584,1307.2494523398702,274.4571024145045
320,720,82.64501877233307,-4.734336044718447,-2.1762164604240284,-2.0919149439264415,0.4628091050426588,0.12844233214855194,41.79524955665693,41.02788281906396,1.1008476647548378,39.927035154309124,0.5231230040080845,42.25940098927794,25.288925298298597,33.82231036106984,18.48402613261399,11584.878881759767,1283.0566859965734,1908.240933455514,1286.605384824295,153.39723782928115
321,89,0.0,-17.585718109276584,-0.611492552176403,-1.1098949928687598,0.06390545759697423,,10.414218856953084,10.159478231798857,0.13744026143103838,10.022037970367819,0.0,22.05569824253781,5.650495170362302,30.131600176051304,0.0,1442.217907933651,208.0586466278714,262.44742656785814,155.0947832568438,61.39770440213698
322,720,87.08609188640733,-4.168973299659143,-1.7728749130708297,-1.9172847517855591,0.47525909719057685,,40.84452194860205,40.568028366193175,1.1001360113732517,39.467892354819924,0.0,42.2636042591792,26.839005024327243,39.26519393621328,18.739450735780977,11584.46429599248,1305.974616863428,1957.5228400351596,1284.5184725638244,141.7556148253409
323,134,0.0,-17.31796420960724,-0.8586542736727986,-1.6988369350638761,0.0848941524923143,,11.410032615996897,11.132812954951078,0.20594673324376345,10.926866221707314,0.0,18.565238277970895,7.576543118862607,33.19391538425294,0.0,2172.840219297457,271.3067904889648,346.6028463659342,223.70638579331722,148.92752341984303
324,720,80.93868386800135,-3.298080176741,-1.5018672723056534,-1.3293560871972325,0.46336996290285715,0.0997573658823967,42.63950472418219,41.7834697291255,1.100721975788474,40.682747753337026,0.6109048807993531,42.25675398887081,28.39342207356822,36.55371369189206,30.540229732382556,11582.39999999996,1252.6104176432111,1908.953570609917,1317.1794879404868,67.09943814075518
325,720,82.74884080092868,-4.966290611409221,-2.1407455789873966,-2.3549299999398245,0.46711616581501547,,41.39080794015899,41.14261615788564,1.095442222431302,40.04717393545434,0.0,42.24895470141475,25.09013986031397,37.82953968513677,17.534327836571,11588.150483886251,1298.1462377458258,1922.2830649520079,1309.3082871988954,212.63306622388723
326,720,65.37900524450131,-4.437843757053274,-2.2212398335102645,-1.8150996182738373,0.3981850251112855,0.0527782067656517,43.95614127907902,43.163969377055764,1.095703397411853,42.06826597964391,0.5230658990330994,42.263447102863296,23.460436786742644,35.89773898770879,25.377617945496095,11582.399999999932,1103.067892295661,1639.737772682973,1238.1967417531525,182.20190968673745
327,76,0.0,-17.699843794350706,-0.5333244583790884,-0.9831221477658216,0.05807302393278123,,9.586543052922934,9.338496437761933,0.11858422495424747,9.219912212807685,0.0,14.811550668012018,3.8515854080212186,30.242350717407014,0.0,1233.8817583512919,184.87813260551854,236.4935495572375,103.15154561873882,112.94706288708393
328,720,67.92845601860687,-5.708795777000415,-3.0464037601707172,-2.1796521497046544,0.4791700992620087,,39.976726391818374,39.75011202506721,1.1037988499738276,38.64631317509338,0.0,42.25510079116565,20.90975570105744,38.82437426913591,24.53224500624564,11582.401245341292,1346.2321421013187,1971.4937748896248,1274.5982857639756,57.47675614451503
329,720,74.48893712901764,-4.127074832811787,-2.1103720639101935,-1.5531969627510298,0.46000669971370184,-0.04685202240943909,40.30340467626229,39.528933498077095,1.1023279153741896,38.426605582702905,0.531439317855984,42.25683912891062,25.566924909654986,35.14422250506593,25.006393987826247,11582.39999999996,1254.140410109687,1894.8534526563806,1304.4679548485456,142.07770082393031
330,720,63.704267494064105,-4.607289963148166,-2.492302496485498,-1.6569930371209578,0.4546931744472069,,41.042352579999715,40.806390144862235,1.1010410143062472,39.70534913055599,0.0,42.22791194841998,23.7676406611895,31.571498828065316,21.305593602105276,11582.712060869419,1242.9697902516625,1871.9323585825011,1302.4893360199644,71.70544917365682
331,720,81.11860891512683,-4.528138348719872,-2.0322983911052765,-2.034835833407302,0.4575233037003645,0.08167301118373871,44.38173141889274,43.58683697599918,1.1022541150450706,42.484582860954106,0.5221355850808322,42.26373402702955,26.024803723290315,35.08970098730896,22.490800990437307,11582.708941187124,1265.1914514823104,1884.698738358788,1351.342958199676,60.75161780514784
332,720,78.25185281925732,-4.9446624601184554,-2.3768441818023907,-2.1036070364824404,0.4608761610795748,,36.996363206766546,36.751189704053104,1.0995833636261523,35.65160634042695,0.0,42.1258957143521,24.627132561404945,36.06261796420181,22.689066946513144,11582.644102660437,1277.071018026483,1898.6273722289907,1308.7198291709128,56.76780439836982
333,720,81.14203657099836,-6.154409037298996,-2.491324989625639,-3.1846266517988675,0.4750739782755897,0.004247420933097601,40.52225697785616,39.73016495723277,1.0976828578859568,38.63248209934682,0.5220324508845806,42.23198180997308,23.156476889531273,38.55586672973313,9.33664897498904,11605.47447371301,1355.5670511942453,1954.7361338492758,1273.3119142481328,217.90875129832327
334,720,54.044112037207114,-4.981747024285545,-2.862877589965531,-1.7075072579080848,0.4078530066281422,,40.19310797797516,39.94748075772077,1.099576199427247,38.84790455829352,0.0,42.262235292528054,21.76943808867404,38.57894585677018,28.99947137690877,11582.399999999898,1141.9551507803114,1683.073194985825,1331.3188533644216,124.85497065689204
335,720,81.3554430710178,-5.485117141810056,-2.060770527792325,-3.002540976084954,0.4182885213351798,0.007428251206874847,40.548237406648695,39.79980023577809,1.0997141227126122,38.70008611306548,0.5226046233437955,42.26184722215424,25.304879755784636,32.923079873116926,17.20041351486151,11588.524575775533,1175.5208298008972,1724.419218397541,1354.1849471377889,30.219437824400813
336,720,70.92752706289532,-4.055377307540272,-1.9700698455674264,-1.6013990654767503,0.48031642401473706,,42.85851428704336,42.56995287910104,1.0962646012194455,41.47368827788159,0.0,42.25925016807446,26.3340746508493,37.03015675100209,25.21450820422994,11582.399999999945,1308.6417404052852,1977.5016599754742,1291.4961441483733,193.05882947744004
337,76,0.0,-17.626328562829887,-0.47583792585436574,-0.9659191281521942,0.059257578603670646,,8.79579505790025,8.547203071881086,0.1169745777733624,8.430228494107723,0.0,21.959797404758337,3.820710542538169,30.247521944886614,0.0,1232.0637399101033,187.96074184568323,241.07684377530862,101.20094261582001,129.37432891320395
338,720,76.10509071376924,-3.8044968215407384,-1.8107934788942561,-1.539320019394829,0.4507573944961168,0.013266501016914845,42.36550435377285,41.579035356640816,1.0953323105350137,40.4837030461058,0.5318142022006214,42.263384289077955,27.576386448664536,36.75714029878196,25.83848515156787,11582.399999999927,1229.4451421999436,1859.1295841995038,1327.4641996432374,94.83365267864795
339,720,78.83235927101504,-3.815021312090905,-1.6168587284305564,-1.7205903133591816,0.47378162579051253,,33.0746088209562,32.815508937928826,1.1001079697161913,31.715400968212634,0.0,42.26361316174904,28.125467827494347,37.819635241405415,20.155179694778212,11583.342124739476,1290.597669677266,1952.1548923174712,1367.645268438907,161.65413962058145
340,720,84.46675447655376,-3.6739257530252583,-1.5860992642154204,-1.6516743207787747,0.4324561693993844,-0.08319409191608429,39.37873351201415,38.62198007712141,1.0986144528724253,37.52336562424898,0.522280499804765,42.26336916161626,28.168042738236657,31.811368165740987,19.911943420281297,11583.298629958865,1181.3437525672532,1783.642542702192,1311.6706767819371,166.3328548685136
341,720,87.16362275714266,-2.9187863069331943,-1.1460033912345824,-1.308076148119505,0.4611120433903611,,40.312609169632196,40.05668447166681,1.1009303475730121,38.9557541240938,0.0,42.26370230888924,30.074444492663364,38.85183569615907,25.764609532685455,11582.399999999963,1245.320900157792,1903.0117394202935,1361.6775671219852,140.10794944679333
342,720,50.047258415617854,-6.412111953874624,-3.054596464162941,-2.982722479097011,0.3711844510450763,0.04694197326898575,41.914116754196584,41.12209532596171,1.099239672999829,40.02285565296188,0.5223048850893974,42.263553483723996,21.613338768743898,33.65345122555238,17.493984942939,11586.896450672566,1067.6218736176538,1530.3409950110515,1359.6102229120231,140.7172651812035
343,720,65.53962182999875,-4.447521033590969,-2.323253686791855,-1.662471824929553,0.4583245278946042,,42.42453631898388,42.1385655249469,1.099571255967021,41.03899426897988,0.0,42.263431966660995,24.67683926992657,37.68250511348716,23.690130133181015,11582.418608375881,1257.3715148465521,1886.224546823982,1276.7702348602754,255.12584546295054
344,720,82.56334266012374,-3.0758335953501543,-1.3396958831941466,-1.260100042159978,0.4724678778674374,0.04559396207332611,42.17865418223664,41.39165985677391,1.1010098103433847,40.29065004643053,0.5226185331121087,42.26356008066431,29.276105707914905,36.68286019984963,25.815385473344755,11582.399999999923,1271.0394134037633,1944.0510686494936,1278.6776343870245,125.78483171796783
345,720,80.86415641035792,-2.206203225367039,-0.6779434441847426,-1.0482784023227252,0.4762421159140243,,38.69321806402877,38.441184976138175,1.0979771567508578,37.34320781938732,0.0,42.263805682871194,32.41526544878376,31.64735229689586,27.07664094491343,11582.399999999954,1265.3823886947148,1961.6472568366728,1311.089904270689,76.40426938839175
346,720,76.20843636633907,-2.834971221819012,-1.3681327929959495,-0.9846971097457249,0.4784360526016722,0.02166314795613289,38.57203060993925,37.78668723907322,1.0969642731361091,36.68972296593711,0.5223828409798443,42.263274206437806,29.17804783567326,36.06484425276052,33.7707073547151,11582.399999999954,1281.4647029239113,1970.841836813596,1317.7750468798085,93.84362159407468
347,720,77.24058806903776,-3.5178483271358805,-1.6299323755036712,-1.4136016524583845,0.4707746918123095,,40.1204903521575,39.878838896751404,1.0975317396223545,38.78130715712905,0.0,42.26360911188344,27.508671944464826,39.357600212071205,32.58993266036048,11582.399999999938,1277.8456073785808,1939.4237630368905,1316.574288191898,92.08855686619906
348,720,57.40174903993882,-5.851287141846012,-2.9115402760986657,-2.511305098894605,0.42501131364547207,0.11709930002689362,41.75776769174263,40.96254932694137,1.1019734386354685,39.8605758883059,0.5228494107723236,42.26368622124438,20.502166608590848,35.73504667107319,19.96962217210006,11583.808066989195,1223.463869144685,1751.1150041488818,1309.1514180951174,132.93098329050883
349,720,71.06627208478949,-4.22614019629565,-1.8208493048882204,-1.9176642060590985,0.48398455454701755,,40.15711581101641,39.882184859830886,1.0944128413684666,38.78777201846242,0.0,42.25488759008443,26.994279764791706,38.36487918016887,17.440781178227024,11586.799667724026,1326.1071147388593,1993.3255438297454,1270.7624705807305,286.13244227208196
350,720,71.30544345020746,-3.7491306943049403,-1.6758923587240102,-1.6441230582651345,0.4256705411030274,0.14192302525043488,39.97849953500554,39.17327927565202,1.0953299859538674,38.077949289698154,0.5236343629658222,42.263553455631424,28.372589996138977,39.95721281718013,22.388992579336843,11582.561515417314,1170.7324037661533,1753.2995017977944,1266.035497066493,104.19976310747494
351,720,70.81013221943539,-4.3380227498698885,-1.8765601379916108,-1.9939387058689753,0.4641987951933264,,43.83296800078824,43.58241900615394,1.098409941419959,42.48400906473398,0.0,42.26284257120762,26.17993867888087,32.283244130878074,17.53222201236448,11585.683295168166,1278.037141424578,1910.701997371747,1290.1731462066218,287.5521339470378
352,720,86.86092449678492,-2.5937645410556924,-0.7359461083026009,-1.3876592476161973,0.4666266714517982,0.1017998531460762,46.878434258978814,46.092499383725226,1.1005390393547714,44.991960344370455,0.5230977027677,42.263572386193964,31.950919603829753,32.92031292330246,20.261770313390763,11583.226360929542,1254.9739708555544,1923.4489537757008,1303.0394273566271,122.13968050660763
353,720,88.28822654941185,-3.1237190251479245,-0.9007960780611131,-1.748690432023593,0.4706763781724378,,39.90299797197804,39.64509206591174,1.0968148140236735,38.54827725188807,0.0,42.263853026119754,30.855856143591154,32.20502051336045,20.159741649202143,11584.057682547413,1276.506607620647,1939.9093438154528,1322.5280607845011,125.75934648097326
354,61,0.0,-17.721012823016054,-0.4103620924928611,-0.7728995921051989,0.037514009745749345,,9.647660702001303,9.400095876771957,0.09408833691850305,9.306007539853454,0.0,2.5638556286649843,0.34638443458918095,30.611423807105904,0.0,989.4426486861279,119.96227134672765,153.03553411339925,82.5419368605555,81.91532335787682
355,720,79.18561086108886,-2.4081837594608846,-1.0485935320110895,-0.8800223073023591,0.47582763473821865,0.039673369377851486,41.6401594998315,40.86886902758852,1.0965254814364016,39.772343546152115,0.5299397297203541,42.263386812870074,30.64251093439992,36.80552675253821,33.60194679937263,11582.39999999994,1261.7668495354321,1961.3416710390625,1330.5847352352405,111.34767520726092
356,720,76.19821298238509,-4.624076138110116,-1.9335316370251392,-2.2061083559808146,0.4807304613514374,,41.414623642805964,41.171141657046974,1.099959947168827,40.07118170987815,0.0,42.263692931951766,26.37017506402854,38.96281034269703,18.693530751994786,11585.105867587168,1331.698289678471,1979.9646661982551,1300.0663566933097,300.9783068778249
357,720,66.20589959997109,-2.968099298772873,-1.4668206301225621,-1.0032898928491625,0.49403141502767806,0.07568637281656265,42.497040268965065,41.713300650939345,1.0996096055023372,40.61369104543701,0.5232923030853271,42.263525439761274,28.222906768672146,36.64439588792423,30.7167020881011,11582.399999999929,1315.8185615143288,2030.9738060657521,1285.3220095316058,246.89335831115437
358,720,62.26243315716912,-4.542727483550811,-2.60319738149752,-1.5092389570569091,0.42667938702454833,,40.08285431005061,39.845223274081945,1.0954257766716182,38.74979749741033,0.0,42.20313608924799,23.163030813380555,33.01098292101739,24.571223269011615,11582.401476633282,1173.2635695415436,1758.060649646954,1315.6245745554168,127.55411848936538
359,79,0.0,-17.580086979254315,-0.4091904929294833,-1.0581044925081837,0.06241447186752169,,9.676757527980953,9.41577988723293,0.12100094184279442,9.294778945390135,0.0,24.373126352119172,4.3870740274228615,30.04421473635002,0.0,1286.2592120084669,201.12071042017385,255.15159542662337,111.94014910448729,159.61878687886085
360,720,67.79433493116396,-2.9027254805336766,-1.1706844843025102,-1.251702882670511,0.4764731190272498,0.04636248201131821,42.03462816681713,41.273231122642756,1.0919213606975973,40.18130976194516,0.526759350206703,42.263445727128314,30.573261351058495,36.37875140821473,23.756801681507632,11582.414939340215,1272.2511560897399,1961.0995333406224,1314.256912064663,174.97596834526925
361,720,78.04769567659888,-5.0471966681908595,-2.1998271329219574,-2.3707996785608403,0.472816309129966,,40.95246529811993,40.68728000391275,1.0974743929691613,39.589805610943586,0.0,42.263098867007294,24.727696186489098,35.095635020118316,12.222892608628765,11597.654580123804,1321.3542689304509,1947.4064264759952,1346.6622104036214,223.97219331282054
362,720,72.97028220266706,-4.72741083094663,-2.289023212392919,-1.953772239137744,0.48082572999164347,-0.07452976703643799,41.80396740231663,41.05296885315329,1.1004297509789467,39.95253910217434,0.5220886776223779,42.26377547732211,24.567208712801907,37.04130539107972,23.45909785802092,11582.470703544219,1325.4767156726232,1978.9759072026964,1313.0796401452412,183.84846756866136
363,720,54.163834780393636,-5.562270151204157,-2.808914089730039,-2.367153203741328,0.3826506791720135,,41.18115952378139,40.9525092439726,1.101171799004078,39.85133744496852,0.0,42.25787924902936,21.873952230919674,32.89386117754084,19.98668316168929,11584.609375878972,1083.7197618924567,1576.4383430787773,1327.2134054938363,172.0951557530907
364,720,66.76053154105462,-4.378753912779513,-1.8277772571774846,-2.071739351334316,0.47582487526243966,-0.014868251979351044,47.322090475354344,46.554654120933264,1.1031642211601138,45.45148989977315,0.522198332939297,42.26360147609555,26.539428907912058,30.458697001976493,20.378290389001545,11583.697483285501,1314.519931756313,1959.799379978573,1251.3610179110165,197.27936440267965
365,720,77.43063240555423,-4.0530633842392065,-2.237329121567983,-1.4154308198236267,0.3966154723780808,,41.97853727033362,41.729750324971974,1.0983202694915235,40.63143005548045,0.0,42.257704546509586,24.035284392245536,32.13944294488875,24.542481729111465,11582.400774201258,1096.1191472555859,1633.2519475467707,1350.1982664657403,28.68006704906972
366,720,80.06391573951007,-2.3847243847204154,-1.071896491633727,-0.9118722760436577,0.39758292399441686,-0.08260869234800339,39.195662235841155,38.40619142120704,1.0997717375867069,37.306419683620334,0.5231095300987363,42.257790514500044,30.578170622668424,38.97990449751327,30.711480348607644,11582.399999999945,1064.156126531365,1639.675322854554,1312.6359881315911,121.28679492511718
367,720,88.33642800109904,-4.772882288831208,-1.4965793379820453,-2.840311676940345,0.4324269723269184,,39.59249441884458,39.319591050967574,1.0977495722472668,38.22184147872031,0.0,42.26342165187332,28.20328277179586,35.14882978419566,13.806592015187421,11599.161273956628,1230.0491683075797,1781.6469187533537,1293.9678259425114,267.4220589752829
368,720,81.67454349761647,-4.115157029700668,-1.4064710968824192,-2.221845569253041,0.4831444904119592,0.06510796397924423,40.23471578164026,39.46034003701061,1.0966284414753318,38.36371159553528,0.5232768920250237,42.26354833700862,29.138567241781345,33.07718853267835,11.257903668165847,11598.942389889988,1330.0501518276965,1988.2480081303386,1288.3731907120468,207.19900479623823
369,720,57.858200131170435,-5.1606442786265925,-2.4629823538837976,-2.2794441996328842,0.41445686899802736,,42.69830458331853,42.43876224709675,1.0972671965137124,41.341495050583035,0.0,42.038530733992914,24.032248912909523,31.261760720982345,10.09371914089114,11601.123006952963,1158.1898187872782,1705.311899954096,1321.2745235692792,177.82470333067727
370,85,0.0,-17.416459497009907,-0.4246201988085307,-1.0299058489487969,0.06154828403798495,,10.874419112224132,10.625643330160528,0.13039295142516494,10.495250378735363,0.0,13.624170821984054,3.1605454579546484,34.15844500530763,0.0,1378.6314524972001,197.84746779608116,252.0638363097162,124.38149444698306,124.06602190423152
371,71,0.0,-17.696424386179842,-0.5099616852937932,-0.8722323214070689,0.06388238443711805,,8.77514081588015,8.50305571500212,0.1093398374505341,8.393715877551585,0.0,17.483988901056613,1.8120122916880417,32.96512563510486,0.0,1150.3689109921152,201.45539328049338,259.76325495125775,98.06133375455924,167.31150973283175
372,720,63.42096155985166,-5.966356430985315,-2.852537995675025,-2.7050495960525445,0.4051128191673514,0.13336384296417236,42.03516115387902,41.189252842683345,1.0992783275432885,40.08997451514006,0.6027606367133558,42.26231203539506,21.462844015114932,33.87837051512182,18.38809706544785,11588.539524060881,1154.956232100493,1670.2344346278683,1332.0742889429296,24.540716536768688
373,720,65.02067589644105,-3.989624196693268,-1.933799573276381,-1.6603019289858618,0.39206790410574094,,43.37753700092435,43.12088339217007,1.1005257507786155,42.020357641391456,0.0,42.26189305722275,26.068478414057928,38.27552928612283,28.61850422762584,11582.399999999927,1082.8453883300763,1616.1993779011768,1342.748160063361,79.89055873880204
374,720,81.31329435200125,-3.3678672818629334,-1.248773633232698,-1.6482337243523746,0.46715197608408987,0.06169154495000839,39.921592090278864,39.167372102849185,1.0985045777633786,38.06886752508581,0.5224604150280356,42.26320374745609,29.903417753991224,30.468228468543668,24.28287410777632,11582.403804268783,1267.346749468413,1925.3876689565602,1349.5089362915703,100.57299444665045
375,720,76.44805999422142,-6.037008130086603,-2.6662907782385683,-2.9067556679105646,0.4605469539152676,,39.68228465691209,39.44186302693561,1.0992899131961167,38.34257311373949,0.0,42.263232641914215,22.587851315887857,36.02480987004471,11.804175176498756,11602.600337009086,1301.33320870959,1898.9342780197157,1325.41062118355,98.9665737772697
376,720,79.79380115160423,-4.974952239300443,-2.1068591013402944,-2.407395442484922,0.4571506182498195,0.048234280198812485,42.387511692009866,41.60348124196753,1.1016342141665518,40.50184702780098,0.5235756458714604,42.26374321369497,25.274082487174013,32.261752148540864,15.250586124633944,11590.398580838128,1268.0842364109012,1884.535521585668,1342.5941106218968,256.35153498123367
377,720,70.59565384833604,-3.400644586068442,-1.7224040690477924,-1.1927128562252935,0.4815658654641877,,36.99328525317833,36.742709015030414,1.101133315358311,35.6415756996721,0.0,42.26368550246418,27.39000680207367,36.980519340985936,26.26527545545665,11582.399999999929,1294.5014412673788,1984.0231281510025,1350.421328498521,271.5695102754707
378,720,78.18548346329905,-2.6986334855652916,-1.329864942403036,-0.9097627931492263,0.4555233473930048,3.469186049187556e-05,42.592409984674305,41.826832863967866,1.1018294589594007,40.725003405008465,0.5220301421359181,42.26374061140557,28.98290766848584,38.338046637171516,37.41529539254048,11582.399999999909,1218.7463492217455,1877.122687104677,1322.081958101274,131.7011656836607
379,720,61.15049149677565,-5.0962527401040205,-2.126723983754975,-2.5576136711414725,0.4083202887552033,,42.89341864082962,42.643091671634465,1.101044537499547,41.54204713413492,0.0,42.2540447768752,24.876332592878867,36.18652625552134,16.916545706064067,11587.54004394295,1132.7017628426188,1677.6034880560912,1250.8704485053165,206.83232501799438
380,720,83.37938500601669,-4.838893342616254,-2.107848556250867,-2.329547063207934,0.39782590879384744,0.07405071705579758,39.68700529681519,38.89541281899437,1.1025577690452337,37.79285504994914,0.5228726719506085,42.26334830499605,25.274176835086898,39.58283798228813,22.258628109814442,11582.733965701675,1115.9006741241988,1638.4568756309716,1341.6940554837245,194.25063079874323
381,720,73.29153426152443,-4.204976521322334,-1.6671389232551557,-2.1718353003034805,0.36267740807619253,,42.21879356307909,41.934313415084034,1.0997377559542656,40.83457565912977,0.0,42.263248168930836,27.33317102120088,35.029959657760735,10.912558635685652,11598.026195333026,1013.8057543798506,1492.1355379159083,1302.0417075910718,123.50228721963867
382,720,77.74682759846566,-5.1616525163641604,-1.990202650238452,-2.7336876251460462,0.4343247350476183,0.013506007380783558,39.52220886712894,38.7374267000705,1.0980201195925474,37.63940658047795,0.5236625638790429,42.263530594007484,25.92523383016825,38.0105435541828,12.683488932447496,11597.057823080899,1227.0199420317972,1789.2416210293225,1262.608441523817,237.40601412239752
383,720,85.57850269399029,-2.90644433293861,-1.3330660191096229,-1.0849384220968366,0.48464249831882533,,41.99528113892302,41.72812630189583,1.1033037514425814,40.624822550453246,0.0,42.2635175240672,28.66388841480989,33.73523018520295,29.245006038231548,11582.399999999949,1292.5199342214391,1995.944803226065,1310.9850642495196,226.9189588148714
384,101,0.0,-17.517263770797577,-0.6704521045762148,-1.302565171893764,0.04380553864039609,,9.917776837013662,9.674483885988593,0.15556702390313148,9.518916862085462,0.0,13.087863580712348,5.563486222489127,31.301046334350918,0.0,1641.2342614145855,144.12494163081482,180.32865517494756,185.6688650547246,28.981320528589244
385,720,79.54785314391735,-5.201982140077193,-1.9992710106857705,-2.7033923865849765,0.49547317066522917,-0.18250228464603424,43.13575140805915,42.30080633983016,1.1019037179648876,41.19890262186527,0.600595201831311,42.26352482873795,26.820043183708044,32.547385482223795,10.072891500916487,11606.564032995282,1379.4182133201277,2036.9235302712239,1283.1707608502627,249.9084812142654
386,720,74.09254539607517,-5.057547529751365,-2.268443418125067,-2.296439937599673,0.4888692801949959,,42.89764153491706,42.657403737772256,1.1038005016744137,41.55360323609784,0.0,42.262325839032265,24.912387724496067,34.051604015750314,22.34439895212295,11582.7517031637,1354.7768713928224,2012.2619287205066,1290.8767052077478,235.6920802182317
387,90,0.0,-17.51940624757693,-0.5448671784937441,-1.1141124915129361,0.08494287844816129,,10.0190132050775,9.755706787109375,0.13974242703989148,9.615964360069484,0.0,24.778788305341802,4.7988655434241,33.401601465704736,0.0,1458.6810827657748,266.3349919153773,344.72180797946965,113.35886457270219,239.00563460727588
388,88,0.0,-17.61210184107011,-0.5921270001479151,-1.1236493430560253,0.07091502377059557,,11.191323139239103,10.93327867379412,0.13658652920275927,10.796692144591361,0.0,24.043328654541586,3.73875263316301,34.066236178706916,0.0,1430.3910667515458,225.36035293039512,289.11949630911363,120.1557729710775,180.47395776229212
389,720,54.71063806467973,-6.188126508769346,-3.173149237599826,-2.595827350929657,0.41561792643114515,0.029688237234950066,41.58371012471616,40.771326715126634,1.0992309777066112,39.67209573742002,0.6063538598828018,42.263528029939124,19.146608774524868,32.26296319606329,22.409584272739842,11582.653803695508,1194.7924142866227,1711.2824615846503,1280.0881696358194,63.35819372619455
390,720,65.88342389030961,-6.175071126793579,-2.85148891319496,-2.835434926947528,0.4844655097014761,,41.65331059601158,41.42349623609334,1.1017203438095748,40.32177589228377,0.0,42.26378411409362,21.107986907068852,34.309198033296504,13.893676745401853,11596.77240600828,1368.8642590871918,1992.738608517914,1278.5032552294015,258.99995327096985
391,720,57.97247484917948,-5.536239331162344,-2.555408702786823,-2.5662366460668817,0.41107056602496517,0.025322118774056435,45.46187965804711,44.70808905502781,1.099418131634593,43.60867092339322,0.5229376298375428,42.263045913045865,22.736802201872834,34.900650583638225,9.134896476683492,11606.553780077407,1163.6891692503254,1690.134431296086,1270.6932649562334,156.3246323740928
392,100,0.0,-17.58508314721316,-0.6895066802121339,-1.2773558029251562,0.09277170953513411,,11.799783474765718,11.539883507881314,0.15517983632162213,11.384703671559691,0.0,24.974422103080695,5.18068394653435,34.69069296250295,0.0,1625.2227765731993,289.89889807383827,375.62124528924073,98.85662516509313,277.9786807912561
393,720,75.77705331776605,-4.49943465064119,-2.0669349152871783,-1.9461369741727013,0.4830258213904661,,40.77077985787764,40.500862373039126,1.0996131710708141,39.40124920196831,0.0,42.258830851820875,26.243486549507825,36.71325851274814,20.357952362339567,11583.290090650646,1327.5240522158379,1984.0865860424462,1192.4112115960418,190.71469040297092
394,720,66.9441032662612,-6.275432290765746,-2.7761550778179314,-3.0706488130305107,0.4251470919182488,-0.12857039272785187,42.180055066011846,41.31656142510474,1.1025750855915248,40.21398633951321,0.5999590856954455,42.261756405073335,22.370335059886756,38.07039890897247,11.829092060751387,11602.830739776457,1221.311056008305,1751.2562491810484,1308.1280052212178,217.30519780796973
395,720,82.35953858852294,-5.3459940193389635,-2.0662084009852566,-2.8291620831848676,0.4471330132691308,,39.588423882145435,39.284517297986895,1.1007716981694102,38.183745599817485,0.0,42.26350495934297,25.80866953618166,39.102512907286815,12.520496555934788,11603.049434206754,1250.010478521946,1837.7768929182228,1258.071988505641,404.36367755394156
396,720,86.14036434253222,-3.158434114772043,-1.3607532678946541,-1.3376315624794892,0.45668804039712113,0.08221004158258438,40.413400487974286,39.643316133879125,1.0981049770489335,38.54521115683019,0.5222068019211292,42.26090812793443,28.96340536192381,39.51013311369307,25.90641869437334,11582.399999999954,1230.5512113241637,1882.4447761748274,1340.9168538500812,205.76134223149586
397,720,58.17374916388476,-5.640240134464308,-2.2939112608547725,-2.981519506976549,0.3613772435158751,,40.14917343109846,39.90669838292524,1.1014737151563168,38.805224667768925,0.0,42.261933691875925,24.82492077032334,39.842212834089736,11.305886928958735,11609.08447117879,1026.0961559399464,1488.219807974447,1321.8654523685216,9.520769661124806
398,720,66.81021729860007,-4.586098082551916,-2.102501100026255,-2.014124785059418,0.46579693383344417,0.12005068361759186,41.69024192681536,40.920354244764894,1.1033781673759222,39.81697607738897,0.5230763787403703,42.263832621919086,25.374153742199667,32.4894006557481,14.937395385117483,11588.710709093348,1287.6680396098895,1919.0167977506253,1294.7746186911859,181.37207399877556
399,74,0.0,-17.66847265581572,-0.4804728863377153,-0.9377826058125249,0.07489382726313784,,9.317666876129806,9.022534257732332,0.11395929846912622,8.908574959263206,0.0,22.016519834745434,2.8982480523624705,32.52224203473063,0.0,1201.0285869080813,233.59708703040152,303.0107370551954,69.73507445640206,255.429339233467
400,720,78.38314881803402,-3.4838118970828855,-1.626196829737599,-1.3952062751092242,0.4586817175834469,,35.7968755653128,35.533168834634125,1.0979225477203727,34.43524628691375,0.0,42.26339843977529,28.19523108812973,32.67063508132325,23.116335014879752,11582.456344405593,1245.0552738514605,1892.319274919657,1372.0053999884785,73.62635606583846
401,720,79.6785769957321,-4.094610404556048,-2.1206422487114187,-1.5036421782365086,0.4669365722755634,0.01749539002776146,37.80642123892903,37.04149553505704,1.0948059437796474,35.94668959127739,0.5301781771704555,42.26357744851881,25.440768209949514,37.78882978703933,26.53201744191514,11582.399999999956,1270.0365942335754,1922.0874165125192,1273.9832211199694,158.14079795103223
402,79,0.0,-17.589455546887994,-0.5022037935792353,-0.9758057159305233,0.061061521383793324,,10.629467551130801,10.348388022743165,0.12181388260796666,10.226574140135199,0.0,16.99364533901981,2.471851849259407,34.134172519321105,0.0,1280.936161063958,189.52115459100236,247.21126267728533,79.98300999929373,194.89987200045204
403,720,73.25829942066358,-5.130290291978457,-2.110835665872419,-2.6057822050941675,0.4102975609791064,,41.49418302811682,41.244914120063186,1.0996445706114173,40.14526954945177,0.0,42.263493376987235,26.26829123143666,39.573479101209145,15.998830381793091,11591.483366204104,1134.8995820447522,1684.550372597805,1235.1878206033848,160.21121332866468
404,90,0.0,-17.565602232110756,-0.5901919708785075,-1.138406723626014,0.06162310806513787,,9.903090324718505,9.640320180915296,0.1382532175630331,9.502066963352263,0.0,18.920084458882943,4.51423565030215,32.55069210483117,0.0,1460.0227881386284,196.6253583639014,251.54333595883352,127.60714610681791,149.9808688758565
405,720,64.28718729765677,-5.134521773009924,-2.411291280339924,-2.30972016417388,0.4099243824322815,0.12047061324119568,41.84477790398523,40.97923447703943,1.1013376349583268,39.8778968420811,0.6051280801184475,42.225405024685585,23.792588617793168,35.94390120192605,11.543051396605183,11596.900282178856,1163.4436266060263,1687.7196183800445,1360.3101767666258,357.5273951589866
406,720,82.040774326882,-3.3996318449195573,-1.67678037763349,-1.2590960758648888,0.4603641616232997,,36.2991983871907,36.059508657082915,1.097956046462059,34.961552610620856,0.0,42.26350826415498,26.96308351508961,39.84688636930937,30.478265385254105,11582.399999999927,1247.6594084311112,1898.6075349288376,1328.0414000011965,159.40123045393238
407,720,76.87896836275733,-2.532367981083025,-1.0711821519135114,-0.9809431981058349,0.4764736715329652,0.05849379673600197,43.14751241961494,42.348539744038135,1.1006894642487168,41.24785027978942,0.5229752217419446,42.26344303820757,30.592702987458537,38.14674579109095,32.50696126707948,11582.399999999967,1266.9053657056866,1962.2463213773913,1313.8624559091108,154.52787866748426
408,720,64.5565231556452,-6.38398439703935,-2.891805816857237,-3.0390985356485407,0.4493528323685058,,46.28213628893718,46.03340378217399,1.1017459244467318,44.93165785772726,0.0,42.26287718789843,21.916891412001924,38.74872515231173,12.496185503424584,11601.191570875944,1285.678856482163,1848.6689416334198,1324.6105735204383,289.72555363204776
409,87,0.0,-17.444685053528758,-0.5467140391179133,-0.9845385694059128,0.0630276932949427,,11.86847271816805,11.578345077112317,0.13414388988167048,11.444201187230647,0.0,3.9833951972895547,1.0359384294999363,38.96042157480491,0.0,1407.8515710908512,196.92295997457597,256.1738041555093,100.17538257011813,149.01626868101187
410,720,62.708306652966215,-2.3972491053564506,-1.06820777355476,-0.9127439824228614,0.41279724561709513,0.03438783809542656,39.503468334209174,38.7416500011459,1.1013489738106728,37.64030102733523,0.5277123437263072,42.263898351746214,30.15491616516939,39.09514118231584,35.59806186171804,11582.399999999947,1106.8358122974616,1700.8938718816603,1297.402754442518,76.57663946782152
411,720,85.7142820611523,-3.3196136351253167,-1.0639735343399848,-1.7466949728023142,0.5049166994786715,,42.15373225603253,41.89480968611315,1.0970519464462996,40.79775773966685,0.0,42.26372374901086,30.181190885765865,31.261570351348478,17.337625667910505,11586.284273226316,1366.829791805174,2075.7599990296617,1334.2456205352246,233.2041217462756
412,86,0.0,-17.55110750404501,-0.6005719319687252,-1.0203600537275146,0.0547571513660012,,10.512655079830438,10.252127645071596,0.13235532166436315,10.119772323407233,0.0,10.73930853476598,2.2634096784727897,35.6006781883973,0.0,1392.4272811999722,173.8099524218592,223.42816469551153,115.91702024157814,147.22831256416316
413,720,64.80479487978612,-3.6272204427180603,-1.8767856462909,-1.2914376728133685,0.455198990593078,0.12226290255784988,43.04450680036098,42.271095612086356,1.1006519556976855,41.17044365638867,0.5321396538056433,42.26390633965967,26.875547747652583,36.88641510043514,30.077359534349625,11582.399999999932,1234.32007074567,1875.995997153873,1352.7737677207886,75.6439683577523
414,720,78.43096973262602,-4.544330552299248,-1.873139862086391,-2.2000022766219756,0.4672983960460768,,45.478272618725896,45.23392334301025,1.1003958554938436,44.1335274875164,0.0,42.26350004125002,26.98982813663278,38.44264234247022,19.538343629346397,11585.154281241457,1295.4301245473182,1926.8372584477574,1363.8111938594138,145.05740044826265
415,720,79.06634127559283,-3.2808422537983692,-1.3133664825730207,-1.4721321219218568,0.491380622797945,0.024700745940208435,44.520380100701004,43.87594412919134,1.098097830079496,42.77784629911184,0.4140728320926428,42.26357581951109,29.637779592643245,37.848720007791904,25.91442446616652,11582.399999999967,1327.8003087268319,2023.4944113935667,1318.107838123273,120.01373223279204
416,63,0.0,-17.686611562174118,-0.3543146032866152,-0.8075137814938288,0.07453687377874701,,9.159877803176641,8.888186862692237,0.09779510973021388,8.790391752962023,0.0,18.622716821398186,1.911535599837156,31.10147031804963,0.0,1022.9116414238878,229.46806020578617,299.93756011906277,43.25541557425693,267.53809030017163
417,720,64.21464106962873,-4.1519632621224885,-2.0805410315733637,-1.621223341282733,0.4465359584744873,,37.39238498918712,37.1324477000162,1.1011855159886181,36.03126218402758,0.0,42.26351765359975,26.259957831485927,37.95633876846574,20.588816417950646,11583.147342608507,1226.197955137685,1832.5173001851072,1287.12798189738,269.9932956854779
418,100,0.0,-17.43070457380857,-0.6818497190732528,-1.1536925310706052,0.0696773432646645,,11.759511730168015,11.493758410215378,0.15456269262358546,11.339195717591792,0.0,20.514393460459182,2.308818960699839,39.823632207540584,0.0,1619.4233028137044,215.55657882932374,282.44810050809815,119.2896686642135,143.92787668519017
419,720,74.18071173305988,-4.883062263255902,-1.9702839911831804,-2.389148012416709,0.5199417500074819,0.23934456706047058,42.43103503296152,41.58000200241804,1.10425093350932,40.47575106890872,0.6033068159595132,42.26371941054182,25.958489019567796,36.5097973734965,10.604486530121331,11602.506598723818,1439.664071469273,2130.8707967970413,1221.9629316969792,358.11951140766143
420,720,69.8195319948073,-5.13327187989716,-2.3962542094829065,-2.2367812963464933,0.49642212680452485,,42.78248289786279,42.52348038787022,1.1001087427139282,41.423371645156294,0.0,42.12571821198572,23.725592364005823,31.18413155666493,18.316509093899384,11587.250057549554,1376.8456062628002,2040.9017396231836,1295.0575795999468,312.0198813283479
421,720,62.13271471080769,-4.5071233433643245,-2.015662574572875,-2.073844276364485,0.41384283654299026,0.05267953872680664,43.4503062418662,42.63000352727249,1.0998115479014814,41.53019197937101,0.5219247261993587,42.2638637991805,26.012199017815483,38.30609232090957,11.69221713923662,11593.741545004108,1148.911149024394,1701.5219254631422,1295.0187626585564,241.11509787123234
422,720,80.30084922449704,-3.6204086798203465,-1.5436127229939922,-1.6090351929992028,0.46367028377122804,,41.98639098601416,41.71171665284783,1.1022350979037583,40.60948155494407,0.0,42.26370227363166,28.185374029064263,37.244411689475996,23.968135755936068,11582.422675456679,1253.26745753204,1909.9027830944044,1366.263332626003,112.40438279799892
423,720,74.01491395681786,-4.133515388968987,-1.4565228811601214,-2.1703427668887296,0.5024848400653196,0.04719625040888786,42.00903247715905,41.19751393655315,1.1013362840749323,40.09617765247822,0.5225469539873302,42.26367099135515,28.938193597095204,31.915767331471258,12.720227801082126,11593.510044294777,1375.4794654953657,2065.3347111082926,1323.2238199777964,281.90107321935454
424,720,86.5174965845327,-3.7436069781483776,-1.3006561360556363,-1.9465647103818853,0.49231051879035215,,36.63348894799128,36.390367686748505,1.0988346836529672,35.29153300309554,0.0,42.26352447072005,29.84176188706705,33.54172658663679,18.22161883601881,11586.253186224389,1338.7330468151538,2025.2070909953663,1293.7431647959327,215.39146802967855
425,720,84.80373935863288,-2.7850558024048455,-1.0505148038627798,-1.2384005137965435,0.49219552398717464,0.041545942425727844,43.15593054005876,42.395642751827836,1.0965339890681207,41.299108762759715,0.5240206932649016,42.26366119204685,30.690873311246296,38.411946919684596,27.68420074783089,11582.399999999938,1315.9691853575616,2025.581668102695,1322.8736974601054,203.22927854176325
426,720,66.05644924006353,-5.651186514960589,-2.6263571373109316,-2.5238602804008194,0.49695129838971563,,43.23124604532495,42.99463674193248,1.0990477711893618,41.89558897074312,0.0,42.26348022509039,23.667396846266197,33.578682210317936,17.67506944295135,11586.992199515136,1387.4710722401076,2044.4050883990858,1341.917782039515,361.3921730446362
427,720,70.16837894152684,-3.473723480174651,-1.5103105129787742,-1.5203103822311534,0.43938817896140797,-0.0009290946763940156,41.96300280187279,41.16394987376407,1.1007821192033589,40.06316775456071,0.5220628208480775,42.26387876157899,29.22583131332481,39.6591931175665,20.51456848861218,11582.899138581548,1186.6628186056107,1805.3124590763948,1283.5923565329304,188.02605239738483
428,720,56.13117186570074,-5.440199626131889,-2.4163161586590904,-2.612499221116122,0.40797756415921305,,40.750537088140845,40.49537232518196,1.1013969923369586,39.393975332845,0.0,42.2461317496103,23.568400292217937,30.16126200296118,21.327274842111752,11583.450616182254,1138.5771532821109,1674.7614255133324,1232.7814614295944,144.7782519071372
429,720,56.10304766189094,-3.853223361198537,-1.6771386499844982,-1.7263446873407136,0.4458878357817204,0.052793264389038086,43.08853916218504,42.292227854952216,1.0975622120313346,41.19466564292088,0.5218082247301936,42.26387874738139,26.774280285761684,33.18010682884491,20.88297666476313,11583.509400778557,1215.913948682422,1830.8180632229394,1266.8519215371575,236.45221448365504
430,65,0.0,-17.75228995079123,-0.47415675389955686,-0.8173938461264038,0.060408952412359045,,7.667703691404313,7.400098192039877,0.1010392582975328,7.299058933742344,0.0,10.56862993334492,2.064843476244461,30.783668443900474,0.0,1054.184387552065,190.02225216759652,245.63540513555782,87.60693550266926,173.38914032430029
431,116,0.0,-17.403860142189973,-0.8002040147998398,-1.3642067188379667,0.11381640692667895,,10.847065958194435,10.599906550254673,0.17806487623602152,10.421841674018651,0.0,29.24638447651553,5.919925017053763,37.67023465308918,0.0,1877.816386641276,355.4272031509362,463.12186457634,165.07329776057637,183.41034487701972
432,720,70.89650916463852,-4.0623662888209235,-1.9604048714771345,-1.6432496834974983,0.454861479733712,,38.59968503564596,38.36303375707939,1.104439279064536,37.25859447801486,0.0,42.26344135514294,26.823075927006357,38.542282610142124,24.475153523708524,11582.401309151785,1251.9268308691233,1869.954871665466,1292.4219573318185,212.57118298381286
433,720,80.78123398468388,-3.204729246906382,-1.4314522184601197,-1.297226343535804,0.47215821223327614,0.12591247260570526,41.11369856679812,40.53582145785913,1.0979743632487953,39.43784709461033,0.3508024048060179,42.26375289177921,29.31511723663149,38.26720172740051,28.258426648492986,11582.39999999995,1272.4728228214258,1945.4426927254788,1357.887549295628,96.28853121309108
434,720,88.04918117191015,-4.804540556988994,-1.5971419479349551,-2.6905577620787,0.5125707751577341,,44.70015486096963,44.402250240091234,1.1015337239950895,43.300716516096145,0.0,42.26346313673783,27.88593221661329,38.44200803930357,13.277558940131168,11592.923911207621,1426.5962498882336,2107.414962636095,1334.790238721662,190.0788841234016
435,119,0.0,-17.37357818373606,-0.7430877085140413,-1.5265857769139766,0.053233448053271584,,13.244910874869674,12.965636948589236,0.19075235584750772,12.774884592741728,0.0,27.439758908285516,5.523847222052455,36.18682683174957,0.0,1936.0299099471492,173.2122199426609,218.15475506255515,209.51744711666777,41.67640368289402
436,720,77.81373234852573,-4.671589351862397,-1.876242814195058,-2.3189814924774157,0.4724828219339008,0.4087294042110443,38.415653210133314,37.542912329081446,1.0993623514659703,36.443549977615476,0.6019742251373827,42.26365428499386,26.88959276038165,33.46711619848327,13.745833279764089,11592.331903044596,1294.7487803200218,1940.920851116783,1259.0960639239418,143.20566549524648
437,720,80.78086126408692,-4.933906057384543,-1.760789541995468,-2.6774260483905055,0.4918011390406668,,40.36977751320228,40.13567504379898,1.0962931541725993,39.039381889626384,0.0,42.26363522659899,27.286385562483723,39.74361817636766,14.28318587752524,11596.28886997806,1373.23168986664,2024.314046287456,1332.2865667832623,196.52776867616
438,78,0.0,-17.627919282542138,-0.5348073438456983,-0.9373618265114125,0.08040549742100996,,8.873546251095831,8.622029166668653,0.12007621908560395,8.50195294758305,0.0,14.592818878223724,2.7788371378967596,34.470403242737916,0.0,1263.4193666177105,248.0170619444946,325.1372745540554,74.78841579766195,267.5605438371682
439,720,83.20806655482556,-5.928888009742733,-2.0755615656341506,-3.431438646796191,0.4183144464812166,0.06822453439235687,42.428396097850055,41.62563995970413,1.0964335645549,40.52920639514923,0.5326787796802819,42.26375773710074,25.552726187777594,38.33471260768691,10.959873103714887,11606.022928787721,1188.1493871822338,1718.9483295355274,1272.2386422147852,254.89480220964504
440,73,0.0,-17.6802314434565,-0.508626630604771,-0.9090570675101028,0.06221963377390574,,8.918503800407052,8.67431713314727,0.11222234694287181,8.562094786204398,0.0,14.764345309435486,2.4522450459764413,32.13040004196295,0.0,1183.6323930617832,195.84302417864296,252.6275966454551,77.7538239854297,186.7269548577179
441,720,55.92038267492745,-4.892948508674967,-2.344266645406095,-2.063971041853782,0.48106070925114347,,45.324745727702975,45.06010610098019,1.0987179474905133,43.96138815348968,0.0,42.26364578373323,23.934125654790368,36.84263396205414,14.451550114134978,11587.530034212054,1340.812137339244,1974.546141329741,1259.6297817011714,349.91956077996394
442,720,72.3496798197539,-5.565296666367286,-2.126000723454452,-3.0095937269149746,0.426006104392252,0.01935402862727642,38.68622061703354,37.902783763594925,1.0996713666245341,36.80311239697039,0.5284283719956875,42.26380044556063,26.089162375440022,30.0752244808495,13.163892689537615,11605.667803437475,1218.8831327932994,1751.9546816492802,1274.868950398936,283.76760596315415
443,720,72.56856636818029,-4.834101414673247,-2.619024356471351,-1.821579728021207,0.3898419976141793,,41.40890302276239,41.157270771916956,1.0989090278744698,40.058361744042486,0.0,40.635314590773966,22.832332386255448,31.445706348704245,19.42808263975341,11584.070493608686,1075.9371625636877,1604.8628149838012,1308.3557275177625,89.25881039265654
444,63,0.0,-17.69926977383109,-0.38707096478599623,-0.7983062833103391,0.06362784448732238,,9.38385880086571,9.125443858094513,0.09749574679881334,9.0279481112957,0.0,11.252250771577893,1.6685593966150893,30.763418142258114,0.0,1021.8834312946116,197.2400630421271,257.0418311897989,59.284133527833774,213.64948424817447
445,720,71.75072352526668,-4.828903089561061,-2.106388045610597,-2.2616983988839,0.457275352927176,0.07497415691614151,41.07342869602144,40.300954731181264,1.0970613397657871,39.20389339141548,0.5313996579498053,42.26359506540459,25.633895204025652,39.41290745349462,16.05031944346019,11589.044428041148,1281.6613277349734,1878.2058905208849,1286.4135583503032,317.76588211320694
446,78,0.0,-17.578822864896463,-0.4516769242965941,-0.9738688686065343,0.07796821562626756,,9.42922279983759,9.16921023465693,0.12027724180370569,9.048932992853224,0.0,21.978302554508847,3.1879891149506943,33.214779028158134,0.0,1265.0615136802576,241.37341154369327,315.0745961333151,87.92225684112438,252.2774278222814
447,89,0.0,-17.51743556762952,-0.472790364643901,-1.1545562236518587,0.08965951113187022,,10.638794450089335,10.370911830104887,0.1374566233716905,10.233455206733197,0.0,27.765121395271958,5.347381001052725,32.135096743450525,0.0,1446.8607201375517,280.98337815532255,363.1742427426939,93.86487267378106,293.1472679730072
448,720,70.26066438826984,-6.464741940027134,-2.747060446962418,-3.299829553558077,0.4140369782884474,,39.09110288601369,38.83706605620682,1.1009615678340197,37.7361044883728,0.0,42.26371625677632,22.643492259582796,37.95588848154731,14.439448112648204,11595.446138645673,1184.0351356664205,1699.9357709764756,1254.8756363896127,212.82654089686838
449,720,54.104458199959105,-4.68807721303972,-2.0390667269298643,-2.2435216809542706,0.4022639402737841,0.0414464958012104,42.87148569803685,41.961027446202934,1.100003839470446,40.86102360673249,0.6035613301210105,42.263737021614055,24.838166388866572,39.55218500348402,12.027440789781409,11593.105167592441,1126.938122767812,1648.976709179883,1173.393866912734,197.87876320994016
450,720,78.91493504186487,-4.448373228934275,-1.8085107848916353,-2.250474054024073,0.3857164847894803,,38.148986524902284,37.87446322804317,1.1011597900651395,36.77330343797803,0.0,42.263508412674824,27.380492163489755,30.445801863568168,15.779689644293967,11594.119800190727,1072.2296550953142,1586.190408533064,1350.4655799142638,296.8658291624689
451,720,83.40569195149826,-5.582876925938914,-2.2152366446536647,-2.8782382725197277,0.48575026587542003,-0.006272937636822462,34.97395676700398,34.19915491202846,1.0997302047908306,33.09942470723763,0.5231396611779928,42.253633559165216,24.885494783874154,39.01027957403894,13.822341481285969,11595.198063075735,1368.1618838684271,1997.5031477969972,1272.4899683116514,171.5673588644887
452,720,61.59924251734338,-4.755355780902364,-2.670243224390288,-1.5861971631532568,0.49534951543154065,,37.44385022716597,37.198391461744905,1.098622006829828,36.09976945491508,0.0,42.2616687238523,22.3150663756728,39.06144991766131,27.816233239678812,11582.399999999894,1352.1631151971028,2031.4450546317225,1176.0250549828631,337.03334700828213
453,720,71.6385564261286,-3.7328874011129316,-1.8137932761158315,-1.4019236504920936,0.5132486602007115,0.12095890939235687,42.770960964262486,42.00969667173922,1.099484032485634,40.91021263925359,0.5239449269138277,42.25959036216771,27.16138820300834,37.898972383292886,28.525559431456355,11582.399999999936,1380.099416626144,2107.080292281343,1250.6607286222302,275.8052753052977
454,720,82.31677811579644,-2.9454070301881945,-0.9236959267350443,-1.5570158886820724,0.4609831107307269,,35.18755916226655,34.9509988212958,1.1021199659444392,33.84887885535136,0.0,42.26380368374705,31.256588654627933,32.98384295306362,17.93345626077085,11584.795846531211,1250.999091544579,1901.4432785659153,1355.781545987793,214.1737434098008
455,720,69.26940400679311,-4.341494696354699,-1.778787876447806,-2.061185071551049,0.49789846197526616,0.0023901741951704025,46.91497542709112,46.148323209024966,1.0962296603247523,45.05209354870021,0.5223056860268116,42.26354637024341,27.012639025911387,37.34241020605943,18.468484502865827,11584.7883427534,1375.8114413634246,2042.6315572717294,1254.4119204871777,403.42969062603913
456,720,60.7294202012996,-5.187011654527639,-2.6679155590823935,-2.1367281405227363,0.37876004440868716,,41.634157253894955,41.38211651518941,1.1009240034036338,40.281192511785775,0.0,42.06939344524783,22.10809147345452,32.23775071452327,11.054830576832257,11599.197991714518,1053.2440223161457,1557.0496163345574,1286.2890255171621,182.60581556852603
457,720,57.146948327108824,-4.505593411205263,-2.0708655741888378,-1.9524392630405805,0.4780823179820356,-0.12196014821529388,43.29559707688168,42.53672736790031,1.099980333354324,41.43674703454599,0.5226943958550692,42.263317391520424,24.179690255367404,35.52027258698117,21.98362522016033,11582.826700737252,1322.452528078006,1969.1268139161082,1393.2204112241905,255.74566199103947
458,141,0.0,-17.139561539209787,-0.8044904139232264,-1.7549171463582955,0.07944154861455037,,14.221088356804103,13.923925657756627,0.2166758207604289,13.707249836996198,0.0,15.214361762727318,7.168084540124834,35.072366596388996,0.0,2284.598867902421,250.30852957336708,323.1622226219662,202.35661381909588,117.51627710009188
459,720,70.08975294907586,-6.876832812360323,-3.1462238374088254,-3.307169849256578,0.41987497073745844,,41.681103739421815,41.43216679897159,1.0984902870841324,40.33367651188746,0.0,41.94296812741944,20.561249385806484,36.230312134009935,8.492920921487967,11626.760977548069,1204.863520007298,1723.3253591656137,1276.5800435321785,369.34917258479163
460,720,75.35834243153383,-5.499073110783189,-2.4944055750663106,-2.547183758374787,0.45377141413441324,-0.13159196078777313,42.24778369022533,41.372147902846336,1.0983063457533717,40.273841557092965,0.6024888111278415,41.902339347816955,23.722748039894537,39.72838379614759,13.173554567723036,11595.753218448986,1280.2769699278433,1863.668735181255,1284.0908224299426,393.244326050748
461,68,0.0,-17.70900805948492,-0.47306082975242797,-0.8457471687013364,0.06495056703417458,,9.60837149200961,9.332171914167702,0.1047905464656651,9.227381367702037,0.0,5.494609592884734,1.0941559986463585,32.79541025499803,0.0,1102.8697239747441,199.30237078422937,261.4880574488928,35.89207346875662,230.19564843930732
462,720,75.57910411537337,-3.9617641954880085,-1.7853486067190025,-1.6972158824267949,0.47541999367153986,,44.149834252893925,43.9015584862791,1.0986018348485231,42.80295665143058,0.0,42.26370230888924,27.709107333406926,34.66452961529232,20.64314524103443,11583.221695109594,1298.376122801764,1957.2925786915562,1327.2157607309773,211.90218611177093
463,720,66.8627371759406,-4.853684279954178,-2.4945808287885316,-1.9580446238231197,0.3973855963589893,0.1478322148323059,42.1225964250043,41.35649209609255,1.0970702087506652,40.25942188734189,0.529708132147789,42.26342284172839,23.61238782934993,31.168368830145752,20.691673597420923,11583.550442853933,1095.113377739336,1634.489222231457,1319.668359799742,233.4251368112126
464,720,60.65597039475907,-6.32776073673055,-3.0436269995004435,-2.9429124729826732,0.3376310600218997,,44.815864210017025,44.5548636270687,1.100140942260623,43.454722684808075,0.0,42.23936810880209,20.19903730429578,32.49134441268428,14.225027177132898,11592.866555721264,976.4227928076427,1389.987584572429,1358.8150025186121,167.32041540740983
465,94,0.0,-17.538001452884124,-0.6133486825202028,-1.1903101152832973,0.05899022098149111,,10.569123500958085,10.31863803602755,0.14474313240498304,10.173894903622568,0.0,14.783640851672525,4.949724168739379,32.121276030684044,0.0,1524.800913632679,183.78273313406862,238.733929475009,113.49331954957621,110.76662404701858
466,720,58.652371593468565,-4.0759360006687455,-2.0792895747031688,-1.5050546996948166,0.48775019878629794,0.007739108055830002,43.76553890528157,42.99734934512526,1.0986264743842185,41.89872287074104,0.5338763021863997,42.2633832704764,26.450997676243272,31.298484560961526,26.941553010363485,11582.39999999993,1312.5519554744988,2003.5212418111262,1255.288574494234,256.1188088769033
467,89,0.0,-17.468876166428316,-0.5042260405821333,-1.1188182757594234,0.04545428891871546,,10.862640053033829,10.58798905601725,0.13647060468792915,10.45151845132932,0.0,14.552771225586135,3.175676502331666,33.65040756321003,0.0,1444.351861756715,144.77014156376976,185.07395218463577,135.33232974204486,77.91496825308408
468,720,68.79209769973924,-4.751357861096337,-2.2757069269036894,-2.091882960279345,0.38023683654202034,,47.76215689629316,47.46876589208841,1.0997460358776152,46.3690198562108,0.0,42.216125451063164,24.100876136543516,33.68342424319104,14.168293345657586,11590.708588694293,1051.8770750954181,1565.643511669577,1301.106784956266,110.14544909695664
469,720,72.71833141216626,-4.285967843483239,-1.84117744340774,-1.950182164177613,0.490680563516015,-0.02955606020987034,42.70998628390953,41.89548729918897,1.0975667294114828,40.79792056977749,0.5333303469233215,42.263727720804845,26.412243923659126,37.527021406044035,22.938660791842373,11582.557708741317,1348.8184483355553,2014.4903427533993,1249.707307246251,292.72613188859253
470,720,87.13091864282515,-2.209991611260797,-0.5394040444538917,-1.1762492530375714,0.4902835869707927,,43.60764848720282,43.35081478301436,1.0990632195025682,42.25175156351179,0.0,42.26389933911449,33.0736879739151,31.9603398120903,23.66711666008183,11582.43850102516,1301.608967925807,2017.9348200785364,1322.661922739368,183.59240643170259
471,720,71.28043547383987,-4.267413270317999,-1.7967101900051305,-2.0606415358618184,0.4065750138621459,0.007394980639219284,37.712629116140306,36.9506979980506,1.0996077912859619,35.85109020676464,0.522793082986027,42.263532635102074,27.484780343149804,36.0521195090811,20.251688232350094,11583.403866850038,1114.1543615474154,1671.2378544080561,1248.3926483500982,155.36289471421193
472,131,0.0,-17.29201614942818,-0.8262164612306933,-1.656484460337659,0.05865544640713581,,11.9085329961963,11.640050031710416,0.2013272475451231,11.438722784165293,0.0,23.591659931990684,7.123882054786666,32.867020039339266,0.0,2126.22481114898,191.79662404945415,240.85687956964773,252.144737114689,20.740725298234622
473,80,0.0,-17.68632044018862,-0.533905018371522,-1.060497347427336,0.06652551933254579,,10.341883549001068,10.082504484802485,0.12649002764374018,9.956014457158744,0.0,23.890473991223264,4.365108326073214,30.493391466500636,0.0,1300.9719643408346,206.72801169602369,268.82883905790897,80.61886761929527,174.21272957857025
474,720,88.2308789080669,-3.2732462773225763,-0.864812382782155,-1.9162163627524522,0.4884452620700645,,34.17250585136935,33.93029397632927,1.1083842497318983,32.82190972659737,0.0,42.263610586405726,31.423145184592215,34.768503130294306,18.802775095588917,11584.747070757323,1337.1270538613198,2010.2456005167533,1281.3806398415165,237.66596133127112
475,103,0.0,-17.405512912393252,-0.7297433396280333,-1.1502589746498475,0.07499914339508316,,11.43548770621419,11.192335790023208,0.16472442355006933,11.027611366473138,0.0,15.317762316662987,3.9776299609076022,37.1713756709068,0.0,1666.1067216930999,239.97108388343528,308.0125575303434,165.58738048614762,150.35888046138973
476,720,75.90301368241663,-2.786646708384112,-0.9392663172098366,-1.3382373782315276,0.504949343461886,-0.022776450961828232,42.44575290940702,41.570354961790144,1.1007381808012724,40.46961678098887,0.612444382160902,42.26363996125473,31.296465660638944,33.1713983750298,21.318348585753576,11583.040639903142,1353.857969220221,2075.2357120982742,1292.9325731684823,247.35218325274948
477,720,75.46631970145586,-3.5219619483666156,-1.4454317416758247,-1.5856570716892677,0.48680947651536355,,33.2806434109807,33.003300574142486,1.0966947223059833,31.906605851836503,0.0,42.26352224939996,29.04662745564093,31.18307333263858,22.58946914374694,11582.590631210944,1319.329455635041,1999.7085447856011,1283.1493382777744,178.32220658507777
478,720,75.66619556243907,-4.0050230169307,-1.5451449403491673,-1.9355609766955082,0.5203938757449024,0.08997038006782532,44.62626750022173,43.830608770251274,1.0964236804284155,42.73418508982286,0.5234342701733112,42.263516174849904,28.755085995828914,39.068687870562925,18.380364204219404,11585.49851774818,1418.2484120211845,2135.726181687658,1248.7547766608996,368.30696948090576
479,720,89.08156113130154,-2.926048717644273,-0.6819744126697345,-1.735094397593758,0.5049411178487775,,40.20715623116121,39.92423747526482,1.1014314745552838,38.822806000709534,0.0,42.2638382701984,32.244555677013075,38.67016822827032,13.299521387836249,11589.548899310983,1359.840453740699,2075.323561557154,1311.9687595543485,286.66584779253407
480,158,0.0,-17.16480702859345,-0.9461409517289254,-2.042463588789817,0.10043464859707871,,14.940685119014233,14.646988030988723,0.24345383420586586,14.403534196782857,0.0,17.810703107846123,7.323619012726351,38.74912331057813,0.0,2571.764467936781,315.28408703371275,408.2709875922236,267.3698265440461,181.8815902372237
481,720,70.7809040707175,-4.19480996343843,-1.729795658748745,-1.942716770164109,0.5182474585336805,0.2471122294664383,47.03529364708811,46.15600036922842,1.1019433457404375,45.054057023487985,0.6045979391783476,42.26360515629366,27.994660821120785,38.893371527173954,14.241674323891877,11590.462100692528,1417.8234846166156,2129.6637131948905,1301.4436202845482,373.1056550529387
482,720,83.88806876506068,-4.302530842091605,-1.395282371088362,-2.4211210626947564,0.4827974742403042,,37.32688309904188,37.08735448913649,1.0991814266890287,35.98817306244746,0.0,42.26356137502087,29.168181943628063,36.30646808785303,14.923232495058624,11594.850103305309,1341.1001251378896,1986.3083206867614,1267.1491818134302,376.3290096356352
483,720,86.35772556649383,-4.67728055897876,-1.4814565684202843,-2.677618250001634,0.5141903941107763,0.10385725647211075,42.33812351617962,41.538251102901995,1.0967676928266883,40.44148341007531,0.5230783149600029,42.263590251344375,28.92141906257959,31.31620481163039,8.834678003510865,11616.335367726771,1428.519096269716,2111.9267030964093,1261.8642438632703,343.5491165120454
484,720,83.26888333011837,-4.810840065428924,-1.8276448623026469,-2.5893966537978375,0.3898872144733352,,38.26287450315431,37.98266745079309,1.0992732462473214,36.883394204545766,0.0,42.263625083513865,27.152921092679172,39.46951567998161,12.523425992431234,11602.407951262643,1090.5423160356593,1599.7510524634522,1297.2513392968733,174.3096618861068
485,720,67.69524162447352,-3.9802392479483224,-2.0478140858029827,-1.5543866926098735,0.37430993102828997,0.02942534349858761,43.83464264497161,43.07130662817508,1.0963471485301852,41.974959479644895,0.5219521932303905,42.263442514141275,25.646223670785385,35.62294435884882,25.51065550693594,11582.399999999943,1043.0300720519806,1541.9610098771955,1373.286003160108,176.11639633829864
486,720,74.1873500556286,-4.287604295049461,-1.80213436648782,-2.1086733739046597,0.3729387060934286,,37.225096228998154,36.951725916936994,1.103806996718049,35.847918920218945,0.0,42.26370356601468,27.501152660492743,31.654317815898903,12.291369865690363,11597.842626580925,1041.2526644302764,1533.087400932532,1345.600354170121,84.84344606458802
487,720,87.3651368556904,-3.802374913199862,-1.233932409617288,-2.088165918107539,0.47627873099560475,0.06052938103675842,47.02370475092903,46.25366077478975,1.1027342327870429,45.15092654200271,0.5231389459222555,42.26364222956784,29.87645670165989,34.18587826210911,21.18113739834341,11583.52098559271,1308.7710929218242,1955.9434583174864,1278.193861235423,285.5713797769973
488,720,88.48499931306726,-2.5598415723723065,-0.7040795642723606,-1.3330783045107897,0.518859659655078,,42.020722090266645,41.74147554021329,1.0990496496669948,40.64242589054629,0.0,42.26375628744191,32.189018743101435,37.62271773524727,22.962198387705566,11582.479541229392,1384.8219952754623,2128.798369743822,1233.4823080828187,263.3464398279422
489,720,70.14345547032677,-5.413075492096793,-2.517024482084857,-2.5483364859480524,0.34409873057875623,-0.049678269773721695,39.462010725867,38.68814091105014,1.0975554515607655,37.590585459489375,0.5224277647212148,42.263671257036926,23.38203392964141,33.900652930028066,16.207070873122394,11591.056553912667,982.3601292171677,1411.343362947936,1272.6639519524012,152.61983015455465
490,87,0.0,-17.584946746424635,-0.5379635508968893,-1.100699119605658,0.09592697582689338,,10.066139202564955,9.797754405997694,0.13516854168847203,9.662585864309222,0.0,20.197692548767442,4.31054545662885,34.451018563027425,0.0,1413.427626836595,293.0734522040174,386.26416603146805,65.8754607838852,314.5968167737349
491,720,78.04270669481596,-3.8845085479382124,-1.632542087392888,-1.7644957080052275,0.4834481653675448,,38.547876610886306,38.307996104005724,1.1025586752220988,37.205437428783625,0.0,42.2639109199863,28.661979577552806,36.246439050626286,17.897127696013367,11585.846438021634,1315.8054215796012,1988.9680262343836,1348.4720165186448,169.12196404542632
492,68,0.0,-17.72450234338219,-0.49119380556387676,-0.8333853524399951,0.07463315261849914,,9.01190611999482,8.757144353818148,0.10783330583944917,8.6493110479787,0.0,14.418782432565001,1.736957889816748,32.77477809807495,0.0,1101.902205048728,229.72249316444595,300.72934340080434,57.338529026571436,249.6378781959555
493,720,84.6705822257041,-4.155734709967857,-1.0859824428137395,-2.543818034503629,0.5216218733007241,0.2590317130088806,43.62749165575951,42.77871942333877,1.1057491856627166,41.672970237676054,0.6044985819607973,42.26347584549931,30.18845503940794,30.48280655645369,8.753180634733864,11611.990653557774,1439.7856877962652,2143.516217896395,1327.8533326253385,375.321396706738
494,90,0.0,-17.604383611916518,-0.6465373965308715,-1.129328981427153,0.05321058582268406,,8.519056607969105,8.257976934313774,0.1384419803507626,8.119534953963012,0.0,14.671477853256889,4.411025388857131,31.960509230497692,0.0,1458.9746681620622,166.27853211015443,215.57261312880786,124.75270867937694,97.57643118516056
495,720,88.0871562717581,-5.305975928146528,-1.5842433691745699,-3.2267688310693954,0.490844335816563,,39.46195416105911,39.19710536021739,1.096034165006131,38.10107119521126,0.0,42.263419236143,27.951350189878678,30.224127105996285,9.075499405285546,11620.984448690724,1384.4979238966969,2021.8513660203894,1365.5298423308834,120.9693053123441
496,720,72.34546247697608,-3.902747686820857,-2.041109762525634,-1.4297277726624924,0.4280346113218218,0.09452072530984879,42.27478610025719,41.49109680997208,1.0976057746447623,40.393491035327315,0.5343213840387762,42.263845341424584,26.65050303717958,35.34422014336221,25.929706872043507,11582.399999999936,1140.0000257006413,1760.102188758838,1319.7878364080466,122.7265252509331
497,720,73.94125686487841,-5.587697128612324,-2.5443915198415596,-2.5656919081307863,0.47362817855336925,,41.13062262488529,40.87655865261331,1.098316018935293,39.77824263367802,0.0,42.26362155551871,22.53076465700331,39.43804667578839,19.396886333964485,11585.418777044215,1342.4955228660444,1945.985699709113,1314.6018314198354,311.3404229179872
498,720,65.40862889923277,-4.029133417914859,-1.6095469081033558,-1.9344360653760906,0.48154521510588155,0.047381553798913956,44.6796420798637,43.85382979968563,1.1011988003738225,42.752630999311805,0.522924039978534,42.26379919750511,27.343557676446,33.93225918653885,10.809219972836395,11596.24142209125,1324.4038897050918,1974.791854838803,1232.1399591346844,339.9469973218294
499,720,81.22362577412989,-5.919959797204408,-2.2295256096359855,-3.264590339291969,0.42210288350637964,,40.13126946380362,39.824198924936354,1.0974729140289128,38.72672601090744,0.0,42.26348183919605,24.185386490815397,33.269617141942405,8.835115268459433,11616.680896502809,1205.1525875616776,1736.5073501203071,1305.658520511082,226.33238035376064
500,720,71.96074453512414,-2.200652162689197,-0.9907744526078325,-0.718806326422343,0.4870932940213179,-0.0005053577478975058,38.90306045487523,38.14636027812958,1.0960219032131135,37.050338374916464,0.5224967808462679,42.26365820298167,30.774139099387362,39.15850108254572,36.44956614338592,11582.399999999923,1279.2049728547483,2002.3329987711359,1301.199473110132,191.763771632903
501,720,70.87935786816124,-5.374792688466564,-2.7666943723007424,-2.2554130392728284,0.34903371640653386,,39.26477171992883,39.0223620259203,1.0985681326128542,37.92379389330745,0.0,41.813831171745115,22.827921036502907,37.01044702813696,18.117791201002348,11586.017039417446,968.7898838721726,1434.5604295780881,1342.4804684514336,187.00433874069677
502,720,63.47317792272863,-4.339056749142136,-2.1509386017761596,-1.804091144533692,0.38035559795048557,-0.1204390600323677,42.18756638793275,41.419525034725666,1.1002236804924905,40.319301354233176,0.5229505626484752,41.63375261523063,24.126747352145443,35.086283124226256,13.47705791730904,11590.60909272364,1055.3233321780326,1564.3532127368176,1327.139248010275,327.4988289210434
503,720,78.06347791011613,-3.6579479013767915,-1.6140468787718574,-1.5526012967267635,0.48712975182446333,,41.42764866678044,41.17386857466772,1.0937504027970135,40.08011817187071,0.0,42.26343163692099,28.14957924556031,32.931190355820036,26.28055256489586,11582.399999999936,1320.5946138745974,2006.1592868280218,1369.3197349855932,162.06673335106413
504,95,0.0,-17.54597731846405,-0.5603445534223432,-1.2725923566022512,0.06261198466171947,,9.838797608856112,9.591402543708682,0.14546814747154713,9.445934396237135,0.0,16.753013744452314,5.953842375487243,30.252915906037746,0.0,1545.857618056411,197.4098797089823,254.51744639412559,148.51567896748165,111.21089618145993
505,720,84.73475943408914,-3.4726726209708514,-1.0364044205796927,-1.9958825868132808,0.4364343636891475,0.00952186156064272,42.73212101496756,41.915904903784394,1.0926696127280593,40.823235291056335,0.5276384381577373,42.26348762219953,30.278757927249323,33.51957451472033,14.737378112477684,11591.746592591233,1203.624540953076,1797.1125241472366,1406.4308754111144,195.28518908782763
506,91,0.0,-17.439375828666005,-0.5656903028898714,-1.081864023144568,0.04147129902906897,,10.837331171613187,10.570286334026605,0.13994780974462628,10.430338524281979,0.0,10.72676652245498,2.9763448351391797,34.03458544542596,0.0,1473.1428780139552,130.20990445742237,168.81817253852242,143.56005329189102,68.50389054791735
507,720,76.29334520660097,-2.83886165231917,-1.1128693379262515,-1.2101395849053538,0.5117191956625562,,43.254755983594805,42.97574886213988,1.0974235613830388,41.87832530075684,0.0,42.26372376350088,30.223046067340633,35.369697789201396,24.974059073817582,11582.400001300872,1361.7930793092255,2101.949406063523,1259.8483693749145,274.40705682376915
508,118,0.0,-17.445339727229932,-0.7985401749454261,-1.5097528908103586,0.061407424001806994,,13.132160007953644,12.86482412321493,0.1809919378720224,12.683832185342908,0.0,21.952037200518813,6.918039209938808,30.494269717005036,0.0,1912.8494558608927,195.87130418260062,250.1130939368607,175.0475119610506,118.7911093852522
509,720,77.78979074011941,-2.6792505365475066,-1.047004402052907,-1.1558944020013098,0.47256125363827606,0.09502343088388443,41.5215452099219,40.679327606223524,1.0995585615746677,39.579769044648856,0.6107783471234143,42.26011859883761,30.633427777679408,32.356357039049826,26.178447675222095,11582.399999999943,1270.2329664856074,1949.2729105539381,1372.526592652679,109.16013384272867
510,720,77.13106286061836,-3.039343476411446,-1.6085791950574377,-0.9406755424166783,0.4862986607558607,,36.7846588967368,36.54893328808248,1.1010408182628453,35.447892469819635,0.0,42.257975712245376,28.001358248818846,39.097970372833096,34.22268715767714,11582.399999999958,1294.6294197913028,2001.9404020088198,1300.0146497937023,185.38109626505323
511,720,78.89897896021364,-3.676179750179136,-1.6083106968178293,-1.5775350224159717,0.48612147815167867,-0.03671097755432129,43.30381706962362,42.51656755479053,1.0993678201921284,41.4171997345984,0.5244531510397792,42.26351672085935,27.981171223444875,32.48249378823978,24.516818385356682,11582.40322190389,1302.299458179293,1999.996010407733,1323.9718392896748,97.98199538031322
512,720,71.38402783958169,-3.951201880249815,-1.79221198939715,-1.739438548835773,0.4155354438738616,,42.80372097902,42.53904459066689,1.0994293657131493,41.43961522495374,0.0,42.26349108964203,27.01943245708978,39.51597411186604,19.470691521273515,11584.008853019113,1143.9777455044066,1711.6685854610878,1380.1706502733657,154.66092335576053
513,720,73.0604003692279,-2.3350918175498805,-1.0718877065950487,-0.7715713585584749,0.48770433506019123,0.058632947504520416,43.94942768011242,43.16124446829781,1.0993306012824178,42.06191386701539,0.5243005091324449,42.26383594541314,30.581376632285007,38.65799933314943,34.08080692247314,11582.39999999993,1292.8883180702448,2009.1794510803936,1329.8283683099014,232.68209248545998
514,720,76.02902693347542,-3.3553385704638985,-1.160866670892023,-1.738975977808035,0.4515155345032547,,38.64946370199323,38.3864200678654,1.100706059485674,37.28571400837973,0.0,42.26374047694955,30.784475183245426,31.34297553914645,18.619350860247128,11585.960194222855,1227.1564486368757,1858.1599806663828,1341.263603983467,218.43347904648397
515,720,61.81440708673638,-5.161273586672527,-2.581186711380038,-2.0998498890442256,0.47613747246368676,-0.00043757434468716383,40.491645232308656,39.7407717872411,1.0981162642128766,38.642655523028225,0.5224180873483419,42.26358327174099,22.479562131479433,36.07780113924514,26.63812347612062,11582.399999999916,1332.0477624388157,1960.606702204593,1330.448792260483,177.02878068971577
516,720,73.45398632232268,-3.864855371696413,-1.6372248976467563,-1.7949177722269432,0.42850711210843695,,39.15156174590811,38.91805685404688,1.1007190174423158,37.817337836604565,0.0,42.26370352863738,27.88092937277246,36.33766529879924,21.69212588534068,11583.0629472084,1163.9311965733912,1761.0724328720182,1333.1963062013615,250.25768218923838
517,720,76.69531371496345,-2.960378790529565,-1.4172245991165402,-1.0633240085771054,0.4757440997747689,0.07279014587402344,38.745682964101434,37.973792667966336,1.1030385266058147,36.87075414136052,0.5228097848594189,42.26347475068556,28.734440218578634,39.52837089086718,34.50616419055574,11582.399999999927,1275.8279971100224,1960.6312995632927,1372.056682858336,152.52051236500077
518,720,85.92696819700745,-3.0248768090643394,-1.0630817745583097,-1.4944639345024853,0.463642930040088,,39.175630665849894,38.94746986590326,1.0975920213386416,37.84987784456462,0.0,42.263735480030405,30.444411047120774,32.983046713380595,25.826205057646824,11582.399999999969,1261.6702333268083,1911.503938750761,1349.6350692268795,144.8623353694831
519,720,84.80896919878643,-2.86564198253576,-0.8070158032675319,-1.5493514447806234,0.5048821994624725,0.19051943719387054,41.3707087370567,40.59572791075334,1.0989528172649443,39.496775093488395,0.5227731829509139,42.26340650548497,31.865875742330807,31.221429779818262,19.300937069061742,11584.659180576287,1357.84663815178,2076.4710861068875,1376.1014996728027,172.47831704194058
520,720,75.96809087145495,-2.4077757708446557,-1.1479933491382426,-0.8307506960242343,0.42524602390088656,,44.3970293328166,44.11777586163953,1.1012491760775447,43.016526685561985,0.0,42.263578798911674,30.312878046001888,35.71687513636132,33.7292830053008,11582.399999999949,1133.7793809768234,1753.8932308451817,1340.7452537076592,47.428182628680304
521,720,70.02231313004017,-3.2449462393418615,-1.552692897942778,-1.1901149455122868,0.49794405444486656,-0.06065136939287186,43.51994158793241,42.75101728923619,1.0980080706067383,41.65300921862945,0.5224775318056345,42.26360695094157,28.14003882692142,38.39263734406142,28.848417675464184,11582.399999999947,1334.4800019881927,2049.3101677433674,1359.462082120877,197.91217571424886
522,720,73.04830199820655,-3.8469835362297844,-1.948301918961004,-1.3995179982139103,0.4954076307590894,,47.46420895913616,47.19410436274484,1.1014012447558343,46.092703117989004,0.0,42.26337006413083,25.457272053728325,39.40699707702418,32.20665714140276,11582.399999999961,1344.6689082525995,2036.3359287852663,1299.7660568535011,342.1505623502013
523,720,86.57649467123217,-2.418554803990585,-0.9652270746235564,-0.9934615082712792,0.4564684431351701,0.14371418952941895,43.67702999804169,42.869333726819605,1.102184456307441,41.767149270512164,0.5240375236608088,42.263767942564556,31.00062504830422,39.62910530948807,34.15403889194285,11582.399999999963,1224.0944075352838,1882.44752650599,1332.8561923454777,98.37809651381279
524,720,78.18458063044719,-3.0964522589921053,-1.334631877693896,-1.2510164580741225,0.506726808345158,,43.97503816196695,43.73024441674352,1.10320077650249,42.62704364024103,0.0,42.26371245722855,29.09719211489071,37.39057642376596,25.78198518500342,11582.399999999956,1355.0644417642154,2080.2699826605385,1281.5976390593728,259.0460352801544
525,133,0.0,-17.44524026768597,-0.8577345377572899,-1.8174531527209283,0.06943331093181403,,12.416168264113367,12.14508813014254,0.20404745312407613,11.941040677018464,0.0,26.52446633447948,7.903603993329839,32.01541998690525,0.0,2168.530418051994,222.61523754784992,282.92058806501416,231.14178176583945,104.48082670304859
526,720,87.65140514349714,-2.9975238056402107,-1.4891184562916102,-1.0188367484376413,0.4857085456483555,0.15960414707660675,37.45918533811346,36.62633838830516,1.0968306162394583,35.5295077720657,0.6012409669347107,42.263652334211486,28.02523720982205,39.82949255165879,32.925881661738764,11582.399999999987,1297.5647893224295,1997.9317222091445,1301.8805119568767,167.3096001175927
527,720,70.82316652810023,-4.6180395257202695,-2.3203271394589806,-1.8693188090096862,0.4248619462168657,,38.97805027477443,38.72523973882198,1.099220653064549,37.626019085757434,0.0,42.252684049920454,24.265020299859128,35.80293106798078,22.611042305027127,11582.68397817118,1177.463025762523,1745.5564632914625,1277.1820708718049,186.38771529185163
528,720,82.01132310093388,-2.151664379799723,-0.7917272056808814,-0.8775620655111954,0.47848484096014615,0.005127535667270422,37.78668298013508,37.044892153702676,1.0999859827570617,35.944906170945615,0.5246753008104861,42.26343648574363,31.382609576364388,34.45050271069258,32.6840081177459,11582.39999999995,1264.1394644785155,1970.88796476939,1367.0242225038432,137.95499393682599
529,720,80.16341226910654,-2.972140249243691,-1.0586566107987607,-1.4492851391499586,0.46069613110613467,,39.90926269395277,39.663420021068305,1.0967467287555337,38.56667329231277,0.0,42.26374727496949,30.85366124086477,31.349451965994763,25.54771123247387,11582.399999999963,1238.043277454691,1895.5000985017236,1290.8884213396827,128.95515660097595
530,74,0.0,-17.48242269290123,-0.3502658781557783,-0.9263612794888781,0.030514586905737325,,10.544165470637381,10.252825021743774,0.11409593606367707,10.138729085680097,0.0,4.4363696623853075,1.4661917879420547,31.86035384486081,0.0,1200.2993934941742,97.54937989702927,124.35296523155615,109.26872616852408,30.05228748697399
531,720,80.82836429989524,-3.1248683733151954,-1.3072268948542505,-1.3167422424089714,0.4969204369318158,0.12913557887077332,40.82875801017508,40.03568022605032,1.0933782383799553,38.94230198767036,0.5304036904126406,42.263698686052734,29.1581034187975,30.077407990607753,24.78718382201261,11582.400346155531,1333.1953472807343,2044.6734594806965,1316.8539808524658,185.96345708931162
532,720,63.32069970685047,-3.7736944345016297,-1.9445717889934953,-1.3620812150141663,0.46317018894655937,,43.71752159157768,43.48953730193898,1.1000490672886372,42.389488234650344,0.0,42.25962370169163,26.14663361252152,30.750686768174422,27.26446271132577,11582.399999999952,1255.0965071137891,1907.8660137109082,1379.9193291929353,150.42528517999796
533,720,73.40090363099665,-3.851943752723127,-1.9983855457697344,-1.3724582020228568,0.4770935853764538,0.02655523270368576,43.24284667521715,42.48950993688777,1.1000138302333653,41.389496106654406,0.5226876847445965,42.263582289685964,26.734402742135938,39.94356974481011,28.225533124368347,11582.399999999958,1289.9224780929333,1964.1781576842031,1328.7644790082231,114.40601282926123
534,720,85.12019623669559,-1.9247350541877981,-0.47643196362104984,-0.9731857256080907,0.4713870529360379,,44.738847508095205,44.49279181007296,1.1012432156130672,43.39154859445989,0.0,42.26353368563515,33.006913495037594,31.33459822652676,30.228121239174506,11582.399999999967,1255.1196054876405,1944.204515055236,1352.1733055853213,116.99281955240062
535,720,76.23920517268849,-5.385965543747518,-2.261957324520954,-2.744498403591799,0.3759869015909644,0.11109519004821777,45.63023476442322,44.81722140684724,1.0971578643657267,43.72006354248151,0.5227259392850101,42.2631457705573,25.24166921400168,39.2565495896998,16.028883717477598,11589.946570786593,1042.0565073347195,1543.3046496213447,1260.276872211415,124.00165221134044
536,720,70.64856587838013,-3.671035743740508,-1.8699396944205355,-1.314174385617696,0.48343087053026573,,42.151933651417494,41.8819429371506,1.1011923858895898,40.78075055126101,0.0,42.237698042336,27.30887182067827,37.557112211494854,26.42874291510996,11582.399999999936,1300.2482988302584,1985.5572195791242,1274.8605193060175,296.79135985702743
537,720,76.5290074702922,-3.2066911797200603,-1.410524264876735,-1.2845558893681779,0.5075049709920416,-0.027037182822823524,44.60959056392312,43.849710528273135,1.0984917539171875,42.75121877435595,0.5248580421321094,42.263428222606166,29.223066521947068,38.3670786004197,28.88841483375605,11582.399999999958,1360.9962286016241,2088.3417815202292,1312.2130065027002,238.7986696335599
538,85,0.0,-17.622883210988597,-0.6287331730008822,-1.0324051756827783,0.06140823264716992,,9.954501071944833,9.679434433113784,0.13140546157956123,9.548028971534222,0.0,14.097693070940156,2.916036631365839,34.28918618217555,0.0,1377.0769438125926,187.21176814389847,246.98817046586495,61.06391766588121,210.9498246928167
539,75,0.0,-17.664696106986156,-0.5024372266865355,-0.9531447655080468,0.058767006292741945,,9.872075595892966,9.555066439323127,0.11678478727117181,9.438281652051955,0.0,23.7482310566664,2.9869866872720356,31.41011279561748,0.0,1217.542561668484,182.91731058026042,237.82884153128373,95.53306102229257,158.03393010946436
540,720,87.1881700001909,-3.6403017494888905,-1.0509669471245164,-2.0975170810565134,0.4880962292313815,,45.811319440137595,45.55852638790384,1.1120090377517045,44.446517350152135,0.0,42.2634120844053,30.6338968340272,34.42646331328974,18.144335196299217,11586.850590408854,1336.8791824633004,2009.5458736118549,1331.255182397211,255.92697988620378
541,720,83.02388250348865,-2.7287075015472673,-1.1567842536408284,-1.0740120644988456,0.49370034919845457,0.22935061156749725,44.690525953192264,44.08680393733084,1.103073701262474,42.98373023606837,0.3514212411828339,42.26360476208348,29.974269946003457,39.59353418062842,33.015366416969414,11582.399999999932,1319.1204197467305,2034.305223156506,1394.7885706291247,203.02001700041674
542,720,82.14625296609816,-3.8399392728196253,-1.511044883196852,-1.8243821902251778,0.5003145252583593,,46.30156316002831,46.05360039602965,1.0987266986630857,44.954873697366565,0.0,42.26346159199932,28.31717234347586,31.720642228957026,21.286683142094617,11583.132326859572,1363.8634231173237,2058.6936609279937,1348.273321290247,175.27574705861466
543,720,79.96754290964822,-3.2838237533110077,-1.5206039014767938,-1.2459070129175858,0.5127476974418541,0.06979602575302124,39.29798257583752,38.51229897886515,1.096905866637826,37.41539311222732,0.5221075979061425,42.26083496479151,28.343419570758456,32.355074739686415,27.41109787451792,11582.399999999929,1372.9409372070145,2109.0127511368487,1345.3885153746523,137.74006658811646
544,720,85.13195493100363,-3.420054312642584,-1.6048321162607648,-1.3867687998657028,0.42451389672419254,,37.7149343569763,37.454727528151125,1.0975488857366145,36.35717864241451,0.0,42.182017316722856,26.67912553910111,31.084676165879326,26.955807891522344,11582.39999999996,1160.3675759640928,1749.5106795757015,1362.0425026642497,85.51644784392535
545,720,80.83234094307366,-2.872813123470841,-1.0980696674205266,-1.2815314810590273,0.4892691443120043,0.017429513856768608,41.264059071894735,40.48768823314458,1.095391950570047,39.392296282574534,0.523750307969749,42.263329279280704,30.580169173424927,34.57654005393278,29.125250300782067,11582.39999999996,1306.1265920767983,2014.4964923863843,1332.700824368009,126.93626433885356
546,720,81.2809904636593,-3.1295963240255458,-1.2492595030858962,-1.375735300309686,0.5002547768582584,,43.88529882300645,43.6252060062252,1.1017146660014987,42.5234913402237,0.0,42.26357737704389,29.77466582508579,33.38388769802471,27.050533737666623,11582.399999999949,1348.2621598401986,2058.7718508114312,1346.668864239657,184.55261715062053
547,720,61.34727487358382,-5.611667401380479,-2.6474098378506206,-2.5640633072192767,0.3957789402245069,-0.028023963794112206,43.77165787294507,42.97328938357532,1.0998556008562446,41.873433782719076,0.5236232271417975,42.24587638656771,21.2466420680549,33.1643560297286,12.316366747697433,11602.146928145343,1110.843157081683,1629.6275159423888,1395.0649698048671,51.67540248460115
548,720,81.57507870778495,-3.793629564438566,-1.3693663588564244,-1.9223689470451382,0.49779787503303213,,42.87090945197269,42.63037427002564,1.0998738477937877,41.53050042223185,0.0,42.26353906460684,28.73256101633264,38.46229416531529,19.191998141978317,11584.813787087862,1364.3331618967454,2048.466533331815,1365.9032276619046,281.2278001081838
549,720,71.49177679298269,-3.5300587793815383,-1.4323994088737104,-1.625208720437322,0.4686376283846036,0.008318605832755566,41.413977811113,40.642571792937815,1.1060242811217904,39.536547511816025,0.5236941422335804,42.26387987536024,29.129515034831112,38.21966566697738,27.311772814802744,11582.399999999956,1274.6897448293166,1926.9912508959749,1282.9628903351493,196.68116114837625
550,720,67.9736789850639,-4.4395349775570825,-2.0887761949505657,-1.9070745132342648,0.4398668371662806,,41.885633984114975,41.61017988901585,1.1003686715848744,40.50981121743098,0.0,42.24751138884983,25.30320121947491,32.79370572394369,16.00079830448133,11588.742333297294,1209.311659167018,1808.2394272247175,1297.9028956823868,232.4577888850274
551,96,0.0,-17.57414790377133,-0.6338767240823205,-1.2399820848523584,0.07479533693066552,,10.837668943218887,10.568772783968598,0.1484356252476573,10.42033715872094,0.0,21.836041500509626,5.6502970231989655,32.057233670825696,0.0,1559.3657952718352,235.6479804849146,304.2081965038014,129.64236750976428,176.56904458357465
552,71,0.0,-17.694924167321247,-0.48225273738875407,-0.8893824426928202,0.07296466115993736,,11.275020331144333,11.025444224011153,0.10913883987814188,10.916305384133011,0.0,16.039259512428636,3.2123537232216326,30.957767393782877,0.0,1150.7081130970018,226.84370984797297,295.1424784823642,69.32178626631666,226.52489851291833
553,720,78.46164287077863,-2.732996855928151,-1.2103839472649152,-1.0101094195678635,0.5080700933744206,0.2617766857147217,41.960351270157844,41.1325398827903,1.0971702695824206,40.03536961320788,0.6033536572940648,42.26343303010277,30.270395158874603,35.189379933365814,31.052695991530793,11582.399999999963,1343.6271037716415,2089.1387905222546,1358.3952612820733,136.44586972199022
554,720,78.79464996188975,-4.959726896689735,-2.028240622398345,-2.4186017565393927,0.5083237481244277,,44.455787796061486,44.20916146831587,1.099252960179001,43.10990850813687,0.0,42.23580523226217,25.321096710329012,34.69187251460662,19.822243367256565,11584.640891552493,1409.270229366621,2089.324566147385,1335.0050743082581,168.07997147842715
555,720,86.83655170818852,-4.4822855474390755,-1.356711278074556,-2.659590602061132,0.4617931540472497,0.007673834916204214,41.0069320271723,40.195866615045816,1.0981593923643231,39.09770722268149,0.5243554008193314,42.26364466936927,29.56835446919903,38.697758836094245,9.093756136664034,11607.44504785428,1271.607641944826,1898.2543154802074,1335.8314418443097,144.9071477541882
556,720,78.98017439325523,-3.120141891974801,-1.1617815185783744,-1.5201102446530521,0.4343050917115331,,39.00962316710502,38.74754468398169,1.1005888911895454,37.64695579279214,0.0,42.263663119552426,30.482370108851775,30.97536219795619,16.910785733839948,11585.465227405113,1166.7585347138167,1789.0975114483592,1339.9855642070029,155.13510739259874
557,720,77.26519639214224,-3.1775048197317206,-1.2825668137328439,-1.3952831848630898,0.4956159800536008,0.18738020956516266,43.65476125758141,42.87156876176596,1.0981267145834863,41.77344204718247,0.5233713667839766,42.263596818377096,30.01066334387712,35.823328606402754,26.335621619140476,11582.399999999961,1330.8088346505633,2039.8301252495162,1348.329855502277,243.93527640500773
558,720,79.16438722521346,-1.7615250685108095,-0.5154082104999665,-0.7392689229100239,0.5027221803431704,,42.301678030751646,42.070918548852205,1.0971595016308129,40.97375904722139,0.0,42.263578020106664,33.07825479803797,36.81341894603713,34.5049249696866,11582.399999999974,1315.1545598132407,2067.34820533483,1291.4248756590398,123.7667840810676
559,720,73.32459976147267,-3.273375770710028,-1.5797443498198478,-1.1727842412779714,0.5163351698096694,-0.05681629851460457,41.08190625580028,40.292502934578806,1.0966632831841707,39.195839651394635,0.5238529969938099,42.25384500843528,28.046064978278572,39.70612598066408,34.935481131870446,11582.39999999993,1385.3254091674448,2124.5236347645014,1350.4736260019458,196.60206708233525
560,720,79.54009407528011,-2.7739707936399034,-1.2070939456257088,-1.0723959833069017,0.4903819988525808,,39.423249619081616,39.20316829811782,1.0990752591751516,38.104093038942665,0.0,42.26372603549654,29.925522781500415,37.49446711798224,34.140871697387574,11582.399999999932,1313.430118902387,2020.5577031973219,1381.0101259659443,209.59074960555142
561,720,70.19223972572908,-2.9758956882282654,-1.516818843330068,-0.9577607388951208,0.4972185459175662,0.09286053478717804,42.72226808592677,41.9514696248807,1.101712191477418,40.84975743340328,0.5231779851019382,42.26377474826829,28.753594372036257,37.575611339014536,34.89556163770495,11582.399999999945,1320.5877983992964,2046.6292345523452,1345.9071927385503,158.7638783946745
562,85,0.0,-17.56362711006643,-0.5231640731776863,-1.083495747548099,0.05655081818749424,,10.08615779178217,9.830083417706192,0.13134899642318487,9.698734421283007,0.0,15.54026195383967,3.9756515399914685,31.453732185425977,0.0,1378.768216155226,175.68808476365055,228.71305275694408,109.90250338773393,125.43027881236321
563,720,76.37471968134577,-3.473638197845737,-1.6579642529935945,-1.368529516467206,0.44331350099124894,,39.77896501077339,39.51863283710554,1.0973406992852688,38.421292137820274,0.0,42.25929749088651,27.45426229463487,35.13573288651628,20.049195639113194,11583.114231814887,1201.5476260550404,1820.6898633390092,1280.3206710804373,180.45280858392704
564,720,86.50434071234648,-3.3528730313527912,-1.325865329482948,-1.5430242043020235,0.47978785475202307,0.12260974198579788,40.492064472753555,39.71956243412569,1.0983976791612804,38.62116475496441,0.5336333638988435,42.26302771907176,29.1005359842098,39.71171963186679,26.99398105314049,11582.399999999967,1294.5218339608284,1973.4417504739806,1348.9199284430301,177.4592408698027
565,720,79.6233281837263,-2.7693154842558494,-1.0035724471935832,-1.2657001915336314,0.49553103424998846,,41.888215167913586,41.629553004167974,1.0955284032970667,40.53402460087091,0.0,42.263539180303574,30.97092557237355,33.55296424866287,26.42530732621788,11582.399999999945,1326.4017596647657,2038.9864333912171,1382.9722203970755,223.42377772918027
566,720,79.2000325884944,-3.9008388568405064,-1.5976810202701324,-1.7791625692775805,0.5198415984630138,0.03768298774957657,45.85997378034517,45.088289867155254,1.096717975102365,43.99157189205289,0.5236365180462599,42.26382322924654,28.20924851351679,36.65725548581344,22.180533173687614,11582.76407338227,1412.4773110230815,2134.5325022836787,1289.882346603006,276.03283180276225
