episode,steps,final_battery,total_reward,total_directional_reward,total_battery_reward,total_movement_penalty,loss,episode_time,rollout_time,inference_time,env_time,update_time,peak_solar_w,mean_solar_w,start_battery,min_battery,idle_mAh,motion_mAh,path_m,turn_integral,net_displacement_m
1,119,0.0,-58.7176261083809,10.55327044038476,-68.76051412379977,0.4684002442271896,,10.02563539519906,9.792844722047448,0.2065568077377975,9.58628791430965,0.0,27.16681242556228,6.20977647400761,34.38025706189988,0.0,1927.5788297645956,229.51798364095302,286.40201398838764,202.091142658985,42.112061843068524
2,70,0.0,-61.902826341963326,1.878224013461887,-63.54708285539749,0.20094642975737192,,9.067103500012308,8.796692383941263,0.053487219382077456,8.743205164559186,0.0,6.872127484737418,1.5573221449334818,31.773541427698753,0.0,1135.4326173226984,136.49081553383334,169.9851308596255,144.8239534050742,31.994010033660526
3,79,0.0,-66.4008937108392,2.5540817471528303,-68.66361669584512,0.2541839801448035,,8.536538655869663,8.28556647291407,0.059564572758972645,8.226001900155097,0.0,4.412999451390937,1.7828065836359728,34.33180834792255,0.0,1280.2046977006432,163.29337978446802,205.56302029309975,139.3749906659613,24.306593319606435
4,126,0.0,-67.99086213107833,9.609062200953872,-77.02376171588463,0.5163294210308902,,12.379876979161054,12.123133569024503,0.09442280884832144,12.028710760176182,0.0,25.75707413252311,5.561613008198913,38.511880857942316,0.0,2043.421805884113,256.4199687271898,322.21531666626004,227.86114057517415,32.919860500339055
5,720,67.28944978388488,219.27547544051492,168.83631216155857,55.31246171187516,4.547542911155743,,34.82279018871486,34.60839197319001,0.5360318520106375,34.07236012117937,0.0,42.23922097401513,22.00390920780872,39.6332189279473,33.01809397679267,11582.399999999954,1120.585939641801,1672.947789348542,1423.467606088292,62.7048821287401
6,86,0.0,-66.98811461883479,3.8672164158504843,-70.52922107974489,0.2884622107572689,,14.439482886809856,14.10692429030314,0.06492642592638731,14.041997864376754,0.0,18.176845037179103,2.3854395279265166,35.26461053987244,0.0,1392.435429240102,169.45009668702195,214.17640162692305,145.82432998595084,9.64069941311731
7,85,0.0,-76.50504349113373,1.0792994315635358,-77.2827350448924,0.2536959981587627,,12.436639168765396,12.157095239963382,0.06348290806636214,12.09361233189702,0.0,7.487123381673826,0.797072332396825,38.64136752244619,0.0,1376.2204814161423,183.99793959897076,235.23232406942432,141.64337324155963,32.96074287190085
8,101,0.0,-75.6798566305691,3.8765436338712704,-79.19376689731999,0.32011365691852595,,9.0195562527515,8.789303892292082,0.07508883439004421,8.714215057902038,0.0,12.058640121267254,2.6793910856248306,39.59688344865998,0.0,1634.7050885874555,197.18553962440774,250.2617589847385,175.7501882890937,34.759331191292226
9,685,0.0,26.486838814098288,96.19367040851435,-66.08421966920312,3.3155704127498984,1.8024423122406006,36.228471538983285,35.5489878510125,0.5043334886431694,35.04465436236933,0.4314042697660625,42.26338448743284,13.49332800523322,33.04210983460156,0.0,11052.130358152885,1243.8507897759232,1611.9016412832414,1297.8917137762173,26.97566529272198
10,75,0.0,-65.35922553280865,2.181757938300597,-67.31155540395585,0.20016114592684886,,10.20625937404111,9.949886469636112,0.05719271022826433,9.892693759407848,0.0,7.674762826458414,1.4442096180663855,33.65577770197794,0.0,1213.864343010642,135.27456817035562,168.4544371106137,151.29695448940194,34.75689677766859
11,286,0.0,-26.28789552137111,44.284442744287546,-68.91674157783386,1.5321328248208488,,16.8775990055874,16.648941345047206,0.2128857858479023,16.436055559199303,0.0,37.424577083880095,11.575592190531387,34.458370788916916,0.0,4633.790736605159,557.6198367533848,707.4695059272635,530.0666192812915,78.22813388567717
12,92,0.0,-65.74175881026132,4.914039100504225,-70.30360723283066,0.3064396864091706,,11.326235403772444,11.075480515602976,0.06911828136071563,11.00636223424226,0.0,14.966572112503718,3.2504244546275567,35.151803616415336,0.0,1489.6475640694428,180.6596283247889,226.9343771173773,184.11443185878795,41.60005668589495
13,720,66.39382014337349,208.80577729272886,146.40845724076522,67.2568687459875,4.5407111020430015,,39.60962820937857,39.36183220427483,0.5297529436647892,38.832079260610044,0.0,42.23172314961667,20.305661367739322,32.765385770379744,10.458893407935355,11624.750709057238,1256.639654713661,1784.4521120863633,1379.2304796910344,102.3410981463464
14,91,0.0,-58.233136925704166,6.8937341350747845,-64.74411940280568,0.35029258799278323,,10.163757354021072,9.892686718143523,0.06798015162348747,9.824706566520035,0.0,21.063644856184464,4.459210637319447,32.37205970140285,0.0,1474.460522017846,179.01058032864776,224.98186335771837,159.06608472967997,29.231424094003014
15,720,67.08237853264765,209.87375844964848,147.04976746043658,67.65719116881283,4.513778180832635,1.5703933238983154,37.56968698091805,37.01741522317752,0.5324554243125021,36.48495979886502,0.31793256383389235,42.24601984987286,19.016678717810024,33.25378294824122,14.641641648635654,11598.067694271496,1270.5623181086528,1793.1924008349938,1347.2055671654794,108.9252393741869
16,720,59.04997901753859,172.9731884957056,136.50397140987377,41.1340205817548,4.35515833025272,,41.09302358701825,40.85265155415982,0.5311354869045317,40.32151606725529,0.0,42.247633922256114,17.914633434231686,38.48296872666119,17.018170395967548,11585.279186268699,1281.2941629964694,1802.9121697716273,1333.9572230766214,86.2702574222112
17,105,0.0,-52.33378345214051,11.368036901892367,-63.1048427512503,0.5475814084046751,,11.024041388649493,10.78178810980171,0.07809947337955236,10.703688636422157,0.0,30.830797272357202,6.7295057495764485,31.552421375625144,0.0,1704.2446360134968,235.09336282990998,295.68899341550065,181.96027341067904,36.60362081288192
18,91,0.0,-57.63648317893741,7.934765357243365,-65.20688894697643,0.33287990511203797,,10.299654215108603,10.038001609966159,0.0679013286717236,9.970100281294435,0.0,18.231744504374625,4.428769253357097,32.60344447348821,0.0,1472.799585116048,167.5203569919174,208.97735003802302,160.31892567154355,12.050164524581437
19,720,58.23942894685621,182.06406476599122,146.8904250125183,39.92771906800169,4.44663274651843,1.431739330291748,42.46139658475295,41.91744839772582,0.5310183041729033,41.38643009355292,0.2823844561353326,42.25949027434021,19.813090042420527,38.275569412855354,15.674463794582211,11589.11115023899,1232.3145814009158,1782.500748728088,1317.2615563531276,17.121486843923144
20,104,0.0,-75.29425532274328,4.686976173114974,-79.59889966678138,0.3365500474557874,,9.884251209907234,9.634553406387568,0.07850127760320902,9.556052128784359,0.0,21.06108285832204,2.7230986636276615,39.7994498333907,0.0,1682.5414406717762,201.50155442050433,255.50819619917587,197.81457539044894,55.44983248473889
21,71,0.0,-57.52167080657573,3.7336347737646225,-61.01104271832994,0.21922541106004179,,9.539304431993514,9.285905493889004,0.05375926895067096,9.232146224938333,0.0,14.468870095350217,2.711193100597224,30.505521359164984,0.0,1151.6853916823309,132.0117323334368,163.618779886113,135.4132351647366,35.99298244949641
22,103,0.0,-69.71687244334836,6.411644310294619,-75.75134220730563,0.33697552031334177,,9.372502848971635,9.134763502050191,0.07653248170390725,9.058231020346284,0.0,14.180477821037906,3.156152410554204,37.8756711036528,0.0,1667.5307498642567,183.42655078251286,230.87703512877394,185.89322133083917,20.759744838423885
23,79,0.0,-67.54101040494675,2.323276357972078,-69.59013370266428,0.23192735330692357,,8.85524932993576,8.596178551204503,0.059986765030771494,8.536191786173731,0.0,8.897428844866251,1.5754858374114493,34.79506685133213,0.0,1279.7634054314167,158.1950345101928,199.035402442451,163.045416395113,21.14328266158907
24,107,0.0,-74.55778212480982,4.96360268350813,-79.15555775800134,0.32442228999828326,,11.838926509954035,11.592105297837406,0.08183821849524975,11.510267079342157,0.0,13.04126772254853,2.7967390890695567,39.57777887900067,0.0,1731.4109042070734,194.61469330322956,244.74378180216826,216.53972517251813,12.706535526839746
25,720,46.92090619929562,149.825804649176,131.44476432456102,22.773853601010543,4.103688567140443,,43.715623868163675,43.46753021609038,0.5397289907559752,42.927801225334406,0.0,42.16813082388512,17.8204533148618,35.53397939879035,19.014748645642413,11584.041730958797,1224.2770441551797,1748.7339928524002,1307.4818433252424,92.27704654328473
26,149,0.0,-64.47564984737458,13.90704352467471,-77.70430035488907,0.6127875089740249,,14.123865318018943,13.878737278282642,0.11319325910881162,13.76554401917383,0.0,26.177406914687964,6.746315951630176,38.852150177444514,0.0,2417.069020076274,293.68140549313466,366.65578406283413,287.92082348772726,14.560270656629761
27,720,67.90840778022955,222.45233131931334,161.20946229652805,66.37866079240614,4.818400397361696,1.1610474586486816,40.572640310041606,39.980213669128716,0.5321441837586462,39.44806948537007,0.35584994265809655,42.26381716309287,22.207924788220687,34.719077384026484,10.664944567546044,11603.634727347848,1259.4121432842462,1802.4664054562245,1345.7890610246566,78.27614748542771
28,63,0.0,-60.8230710630164,1.2711653612065563,-61.88257779449808,0.18167068734172961,,8.258448616135865,8.015306423883885,0.04837570618838072,7.966930717695504,0.0,5.177837107515541,0.7485232184334685,30.941288897249038,0.0,1021.3709881758072,130.6396898662165,163.58658607879153,121.2886343624593,7.772783866677425
29,70,0.0,-63.48122914789877,1.4605666722789068,-64.71530904789509,0.19684097043420287,,9.540541762020439,9.256831232924014,0.05319223925471306,9.203638993669301,0.0,3.036031066837339,0.9932667471207475,32.357654523947545,0.0,1134.7252956120976,139.15117278271035,173.78386861678985,131.8087757067935,7.473490127968696
30,720,66.74817509462856,214.21811847127773,165.05097570062063,54.49951449408957,5.010875344038117,,39.72410774836317,39.45293384324759,0.5356219368986785,38.917311906348914,0.0,42.26336772986971,22.907267054288305,39.4984178475838,11.17277307105854,11610.78191152932,1265.6690111300943,1830.8575414800016,1340.1519008903065,77.49714387206588
31,720,28.92977703475566,91.17748177380822,111.0527443789776,-16.130441988262618,3.436191946793032,1.2208892107009888,45.57891653524712,45.01805200567469,0.535050286911428,44.48300171876326,0.28335292218253016,39.118076483378765,14.742866770764552,36.99499802888697,15.871099846224421,11593.228484773075,1228.7953839996594,1622.7073419147773,1386.6899718026634,61.48562278972869
32,720,76.83365485780438,261.63860041816497,174.83933823347112,91.92669644420997,4.842969502764235,,39.35881246486679,39.11344562517479,0.5332855228334665,38.580160102341324,0.0,42.25992091368358,22.257201308729574,30.870306635699396,17.157523795853745,11587.347472158193,1185.052704331819,1725.8056060171607,1282.0961382131525,106.27619793758483
33,720,20.491196058346755,77.55271569202617,110.3956313062164,-28.605925975659225,3.9128566344317406,1.177475094795227,40.803732502274215,40.32290143426508,0.5311222691088915,39.791779165156186,0.24933658121153712,42.257134081324686,14.634692929124288,34.79415904617637,18.163368362348287,11586.739332260999,1335.7864773873655,1799.405906975097,1341.607654320995,26.37058316638166
34,84,0.0,-76.20566026655368,0.45488529993248444,-76.44171973818024,0.18310546091707022,,9.88913839077577,9.629049100447446,0.06316546257585287,9.565883637871593,0.0,1.5716101158596134,0.26922275416438235,38.22085986909013,0.0,1359.682274558737,144.30379218691118,181.3314802555109,160.30683848214915,30.126847665581153
35,70,0.0,-66.91196297786404,0.47935565533295543,-67.17732766429594,0.18268599359826446,,10.424055762123317,10.151899945922196,0.05242490489035845,10.099475041031837,0.0,2.6866657723868554,0.325229553444189,33.58866383214797,0.0,1134.720386760048,142.09479069966093,179.40323553670967,125.25012991447898,23.233909107521722
36,69,0.0,-64.17741532507777,1.2512549435230729,-65.22306860115748,0.17708004688143464,,11.910397042054683,11.628499376121908,0.05163537198677659,11.576864004135132,0.0,19.0965742192078,1.0604900725663513,32.61153430057874,0.0,1118.8873543138213,125.19641724410486,156.01097861822376,134.53071697851274,20.409150427323766
37,90,0.0,-74.310226359219,2.153423321966615,-76.19191701752476,0.23732367622634623,,11.507509327027947,11.246611956972629,0.06696791900321841,11.17964403796941,0.0,12.217381756853946,1.6861520524203155,38.095958508762386,0.0,1458.658344870653,165.60331281804497,208.537533092202,162.50327673286992,16.730214053484417
38,79,0.0,-72.10932501954608,1.0665258249774996,-72.93620234651317,0.20629291615657766,,12.44693352933973,12.156310562044382,0.05937368422746658,12.096936877816916,0.0,7.750653020079623,0.6983421883001267,36.46810117325659,0.0,1279.025396095591,151.12907924456113,191.27680182071666,142.4466386872884,24.965364063656036
39,720,60.68189257093037,208.7595727625433,160.5173341226051,53.10091082175475,4.5458196247628715,,40.110208846163005,39.85393023816869,0.5315825324505568,39.32234770571813,0.0,42.26369682557475,21.464065357815915,34.131437160053004,14.232306967708219,11590.482749055347,1193.878454599539,1718.1259540352341,1398.1019449561281,183.91230008238043
40,174,0.0,-49.878236087306874,21.435714080773813,-70.39390731065424,0.8426748565273035,,12.919352467171848,12.688132944982499,0.1303843753412366,12.557748569641262,0.0,31.97075800431964,8.811707122409201,35.19695365532713,0.0,2822.1567382852318,351.8662649240423,437.8784866145219,346.1973541101142,40.6678631847891
41,91,0.0,-75.15103392661439,2.6430134030153543,-77.48362163152771,0.276403426567252,,11.40385763719678,11.136952877044678,0.06936042942106724,11.06759244762361,0.0,10.917125237544555,1.709896584859975,38.741810815763856,0.0,1472.8250180491261,183.2036736458334,231.0378090334274,158.06193366755417,9.28551850575361
42,164,0.0,-60.052837443415626,16.377398905043098,-75.68255240464288,0.6858801159858308,0.6212232708930969,14.3921382939443,13.868998270016164,0.12311276653781533,13.745885503478348,0.2832695418037474,31.27514711296805,7.753717639234856,37.84127620232144,0.0,2665.738160689204,316.96987778328355,394.3482709386212,276.862893763079,52.490873455384005
43,135,0.0,-60.47948123314418,13.871360377595042,-73.68561004044598,0.6109289377344027,,13.80625521298498,13.527885533869267,0.10114849545061588,13.42673703841865,0.0,20.542205754949634,6.482901773045602,36.84280502022299,0.0,2185.5646744345986,270.2604526571309,342.6223236915726,239.78372213531972,42.367563040537355
44,71,0.0,-64.38785715416779,1.175430681052551,-65.33094235407472,0.19531430799951568,,8.922355481889099,8.674125976860523,0.053366546519100666,8.620759430341423,0.0,6.0277873288688175,0.9539843309007355,32.66547117703736,0.0,1151.3994489716506,142.56047896781723,180.1527804701179,139.14274331776488,44.9995240654888
45,132,0.0,-54.15688571175257,15.802400927083967,-69.24258638179035,0.6530647972943566,,12.031903744675219,11.789832934271544,0.09801791422069073,11.691815020050853,0.0,32.03535688539268,7.499107260361351,34.62129319089518,0.0,2142.5691779530343,272.20762506298087,341.3749880522276,247.0272614919522,26.818340970951212
46,720,56.49691660771935,173.94887282915673,140.46709759424107,38.221371031693735,4.404491288963073,,39.089226794894785,38.83712503314018,0.5299691669642925,38.30715586617589,0.0,42.263774956936814,18.920336392103383,37.38623109187248,17.21125035292542,11587.059259027705,1260.8802789380607,1779.5955782166398,1368.3094368498187,101.38783468956606
47,720,29.61312061617571,92.05528571967301,114.00925991014535,-17.76326286960272,3.8870278759816763,0.9067316055297852,43.83953170804307,43.292567898985,0.5298775071278214,42.76269039185718,0.28983090398833156,41.586960373758885,15.349814826237909,38.49475205097708,9.611971247812077,11598.418262423103,1300.9371938940496,1785.8640690629443,1324.1620727219854,172.0500469784703
48,153,0.0,-49.1058107875879,18.184648141048903,-66.49787173238252,0.7283042360335431,,12.109712117817253,11.87826478201896,0.11390183912590146,11.764362942893058,0.0,21.128265587760783,8.270416775660891,33.24893586619126,0.0,2476.3147293842953,303.9846119446233,380.97002414431824,279.49809864686586,56.621700290646565
49,90,0.0,-71.32906473197234,2.8934853659245223,-73.92084018491532,0.2674754613917216,,12.715714485850185,12.444159818813205,0.06753569189459085,12.376624126918614,0.0,24.58674838001864,2.0737994505120856,36.96042009245764,0.0,1457.4494462412729,170.20949296624087,213.30818204864846,156.01738786056254,39.24907967041844
50,69,0.0,-58.63088823583305,2.6577111345822524,-61.020478829000695,0.23315713825817744,,7.830792589113116,7.578709400258958,0.05177670298144221,7.526932697277516,0.0,7.5242926327136495,2.2510503949403455,30.51023941450035,0.0,1119.2744802455272,145.82264891013747,182.7455206548471,129.7996138462021,38.98222703814834
51,93,0.0,-58.1235341144082,7.182475477415529,-64.90316930729337,0.363669921239919,,9.647122624795884,9.415684640873224,0.0696963844820857,9.345988256391138,0.0,19.129749247504684,4.7108834367872365,32.451584653646684,0.0,1506.4935566573986,186.46564269630605,233.2933054649519,182.82400306293675,21.516958614880014
52,76,0.0,-66.77460416625539,2.1745515893034275,-68.68849256398093,0.22721293227932865,,9.017953174654394,8.784625879954547,0.05841563129797578,8.726210248656571,0.0,4.40280962784227,1.4192222651437978,34.344246281990465,0.0,1230.1255437227287,150.64757721415313,190.64851843885288,139.1167139963186,31.026129229698007
53,90,0.0,-53.21328880278222,8.136476541312826,-60.88820805546307,0.41427434181827405,,9.290149327833205,9.053079816047102,0.06809168495237827,8.984988131094724,0.0,26.007343120670797,5.20058802181005,30.444104027731537,0.0,1458.2922598103085,197.8712744245745,247.821941666568,165.45698583253892,8.557230938617725
54,77,0.0,-69.16632755887261,1.6739746454674729,-70.56652504536277,0.2363744131485968,,7.977928439155221,7.745514987036586,0.05776460748165846,7.687750379554927,0.0,3.71791927696203,1.1416941518200472,35.283262522681376,0.0,1246.5261157507898,163.6594873203193,207.63258944863827,125.10540512539075,13.882371849270003
55,82,0.0,-70.26007328026674,2.0135761631217313,-71.98505421466137,0.24883403687611955,,12.772799955215305,12.48844198975712,0.062255621422082186,12.426186368335038,0.0,9.83229182099422,1.6043294575153995,35.99252710733069,0.0,1328.3292690806256,167.31167791683595,210.05223561176564,146.04187586052706,2.0185169157464604
56,95,0.0,-67.75965097198392,5.060158464452129,-72.41820956888637,0.3488435065895211,,11.536226963624358,11.276923133991659,0.07226763479411602,11.204655499197543,0.0,16.460962850592942,3.206778398500648,36.20910478444318,0.0,1537.127459955601,196.83053377441416,247.68460943226503,191.5970630592785,18.845946886775163
57,95,0.0,-64.9734496642941,5.850653918824059,-70.42705509772529,0.3534117336513186,,10.689538064878434,10.443707689642906,0.0716781304217875,10.372029559221119,0.0,13.747321272084053,3.610639321923741,35.213527548862636,0.0,1537.6451558456324,194.06685361539786,243.6313038438822,180.7787946747736,17.95149339004282
58,63,0.0,-58.805547350403,1.7193107401301795,-60.30711986327673,0.1894091255253904,,7.433800523169339,7.1745085450820625,0.047799036372452974,7.1267095087096095,0.0,9.689467526240303,1.287067260891113,30.153559931638362,0.0,1021.1177988429481,126.90909249490359,158.8111841743819,125.0264193122454,16.593032169509453
59,84,0.0,-62.82865820469358,4.889276550083832,-67.40185673982026,0.2821465601680409,,8.482993862126023,8.246956437826157,0.06325465952977538,8.183701778296381,0.0,22.02448415099313,2.995298877542133,33.70092836991013,0.0,1361.3134547811565,161.69469031524233,202.22131708397433,146.91139442614093,13.734280370603443
60,720,43.98937268918905,139.0299288896235,135.24775062323886,8.004504724125354,3.8949656395099974,0.8869154453277588,43.69218220515177,43.14155888091773,0.5326386634260416,42.608920217491686,0.29074864415451884,42.17881249209561,18.093782171719983,39.98712032712637,21.884182311583913,11582.791106852099,1144.8102158405725,1643.6067870953939,1397.6601391673755,103.81133495082716
61,720,77.58592497994398,270.28739816319194,182.70183615839233,93.11263576177498,5.202487086135438,,40.64709211094305,40.38861481286585,0.5308823585510254,39.85773245431483,0.0,42.26348099368842,24.129574590646435,31.029607099056513,10.362332522522893,11620.335540125863,1253.7345096461024,1806.7534814125531,1357.981827097452,65.76589696187699
62,720,52.33782285555845,182.42016598476386,162.1065450823252,25.276557554292452,4.633813452464043,0.7898650169372559,39.231907258275896,38.754033592063934,0.5331752360798419,38.22085835598409,0.24666617391631007,42.263795927884374,22.49460142612294,39.699544078412224,16.430569591499975,11587.515321441122,1187.2003249703864,1750.6528402606605,1322.9972299259794,47.46540480991607
63,77,0.0,-73.37862269725451,0.2459664408032246,-73.42222786861049,0.17500619935090206,,9.305513896048069,9.054242570418864,0.058278941083699465,8.995963629335165,0.0,1.4588941403941422,0.13961885826030537,36.71111393430524,0.0,1246.0205494669294,140.98153246642585,177.24042258784678,148.15646599595706,30.359568545545468
64,121,0.0,-68.73770390586944,9.561511699092144,-77.7445051921012,0.49368953432333434,,13.695256544277072,13.427718210965395,0.09001721115782857,13.337700999807566,0.0,24.872668500789413,5.3670680247888924,38.87225259605059,0.0,1965.8376429922166,254.15248480107618,319.0667147283549,231.64274093031224,12.458647421209452
65,83,0.0,-64.86076512591754,4.139732589995446,-68.70076133409519,0.2621547547235951,,10.438965414185077,10.173596994020045,0.06173750292509794,10.111859491094947,0.0,9.925304110193679,2.5315072259045905,34.350380667047595,0.0,1344.1121977064272,157.70659926954494,197.7076843112624,173.27552977956415,21.525548896657245
66,72,0.0,-70.79244028485203,0.18306607935222852,-70.75669603315315,0.18540879670622756,,10.663410884328187,10.389564931858331,0.054034555330872536,10.335530376527458,0.0,1.0799815138210334,0.09498622268574733,35.378348016576574,0.0,1165.4329803054384,147.23310880511383,186.82329209859262,118.14003507078866,10.928375205919277
67,720,69.65257932461203,235.15272287751273,165.46649077696293,74.9408259982849,4.926271104006577,,38.8694044300355,38.638360493816435,0.5289470730349422,38.10941342078149,0.0,42.26367856052401,21.566980572451158,32.18216632546959,28.09221589391307,11582.399999999923,1249.1272182113466,1825.4892352607858,1341.3614891987256,60.68081750822972
68,720,17.718940677562188,77.22396199707192,111.75937650245776,-30.37624239770834,3.828753720107448,0.6364446878433228,41.021363735664636,40.463317178655416,0.5309267076663673,39.93239047098905,0.2891080342233181,42.25599711324785,14.662532764204188,32.907061876416364,12.429798008291613,11609.576416851638,1331.2335188104714,1783.9759125229775,1346.7955328668527,80.2517651111369
69,80,0.0,-70.14375479337738,1.6916800952311637,-71.58790033749844,0.21145196543550981,,9.43629181291908,9.187835481017828,0.05983056593686342,9.128004915080965,0.0,7.573373536612435,1.138211764028288,35.79395016874922,0.0,1295.3174963320755,148.33814253697068,187.9694298597644,137.15839895238935,54.21344322498849
70,720,60.55852104245307,180.58409881388414,139.58492913799006,45.863125082116156,4.530064552671478,,37.4127261727117,37.17732957331464,0.5282382415607572,36.64909133175388,0.0,42.2635113461785,18.830468665278133,37.626958501394995,18.089287922920754,11586.273581743017,1310.9186217378822,1838.200990423711,1312.7505010354748,60.39680677027271
71,63,0.0,-62.35178488990678,0.8066252819926826,-62.93507205455441,0.19033535353774375,,9.068389884196222,8.79382459120825,0.04713344248011708,8.746691148728132,0.0,2.489826531467503,0.6612593578367629,31.467536027277205,0.0,1021.1080256975658,140.02879862822613,176.14928726704224,119.91183940270133,29.00209110076368
72,720,10.859570834027808,48.14112818868579,101.0344456294989,-48.80729950855776,3.7571214942467095,0.5050289034843445,43.83307983307168,43.29605968063697,0.5264571537263691,42.7696025269106,0.2783011472783983,42.262412229408554,13.854085831154086,35.26322058830669,10.859570834027808,11592.25228351837,1392.0003276532616,1843.173044015137,1288.1771579490176,169.54335186241903
73,99,0.0,-73.80532768135186,4.752497312579537,-78.12242469375613,0.3826861084590456,,12.266222707927227,11.995321529917419,0.07491522468626499,11.920406305231154,0.0,16.34010971399429,2.9091387308444694,39.06121234687806,0.0,1603.286100143183,215.994594138174,276.8261451230122,163.15925714558247,43.66554772844969
74,720,50.02765810607712,145.672161124269,130.05733153247928,20.167146637389934,4.231227761522473,,43.81239353027195,43.5670037525706,0.5297453324310482,43.03725842013955,0.0,41.902413332455474,17.193114857985186,39.944084787382145,14.686295308210159,11589.90909791464,1280.1516599193728,1810.9860203370176,1338.3428058996344,122.51970995348042
75,720,55.8130504262731,201.59416393837546,162.15350774771485,44.028195825820504,4.266129770768003,0.12924757599830627,41.590142033062875,41.0589290605858,0.529205463360995,40.5297235972248,0.2776795458048582,42.26215360024742,22.421551232228676,33.79895251336285,16.895966281890722,11586.819632425242,1128.7463331643746,1650.5036545532012,1316.8400467033473,125.24054643156131
76,720,60.81287199840394,183.77527266012177,139.71806433887065,48.64561944772787,4.262604218664527,,44.524517408106476,44.297748412936926,0.5301716476678848,43.76757676526904,0.0,42.19405224030153,18.708008450412166,36.490062274540016,10.214450094187253,11605.633332987923,1227.8230768636895,1729.750933670221,1355.7636031759876,122.39955141723068
77,157,0.0,-58.39669095674774,18.10567313166,-75.60974962614269,0.8076885185814059,,13.429166433867067,13.184896145947278,0.11629098001867533,13.068605165928602,0.0,20.757400334664553,7.541220682895043,37.80487481307135,0.0,2538.216544591528,334.87415966423043,428.81255796561817,289.13399906301856,21.569934336093645
78,89,0.0,-57.44526218857711,7.183667027309454,-64.215109837206,0.37088922354896087,,8.395976966246963,8.150509874802083,0.06643153494223952,8.084078339859843,0.0,20.5235736722982,4.440922642467709,32.107554918603,0.0,1442.7321980449892,179.65228434796106,226.02382519524954,157.4839010332914,45.171549047719026
79,720,75.39778210677186,241.30035094286632,162.37671337561716,84.32099435127935,5.069802768438036,0.4666912257671356,38.65023558214307,38.12085667392239,0.5292223915457726,37.59163428237662,0.2907032249495387,42.197159104841724,21.726347289238927,33.23728493113218,17.218565919284373,11587.374932300958,1295.2855868472182,1850.5649651180256,1316.1132500553542,222.4517176416467
80,126,0.0,-66.43009361915887,9.877919996137756,-75.74911042248546,0.504397236404129,,14.052126177120954,13.779475262854248,0.09448782447725534,13.684987438376993,0.0,20.911061313602058,5.534114921159491,37.87455521124272,0.0,2045.5111496010375,256.4255882014204,322.88996703598355,209.25187381110257,86.66741123782714
81,720,49.65820565817016,157.86998845819346,132.3937070240632,29.63556122400574,3.8435754426833975,,38.51344007207081,38.27957314904779,0.5292688626796007,37.75030428636819,0.0,41.5065194923206,17.108312355458658,34.84042504616729,21.122882720613127,11583.19980148321,1154.2793853166902,1606.756080665477,1375.109976617798,167.63863701911333
82,720,64.21148794973618,243.25602349880396,182.02856502408164,66.06990224260076,4.515005226052323,0.4077872037887573,41.09029078716412,40.547687754034996,0.5292595536448061,40.01842820039019,0.2791182789951563,42.2633892268884,23.521029970145108,31.176536828435808,17.778543731065454,11585.19927548194,1096.6035733302388,1602.1695240485456,1368.8216358099924,190.54100369376567
83,720,53.89260728361833,162.63942332555405,136.43595177693382,30.465397071788033,3.931334763340908,,40.084072408266366,39.829933581873775,0.5292635909281671,39.30066999094561,0.0,42.252469589228696,17.866403645417467,38.659908747724316,22.164714396363454,11582.625381228214,1137.8367175404435,1620.981907677613,1326.7258405690889,172.5952445856739
84,95,0.0,-65.5491847181597,5.72240558399997,-70.87642604506813,0.3525321284920387,,11.175496422220021,10.915343334432691,0.0706328577362001,10.844710476696491,0.0,23.830635407883204,3.5761490547413115,35.438213022534065,0.0,1538.5133805379332,196.98251984669272,248.01922371787668,172.0502716697468,59.98748752306794
85,720,59.184162560419885,214.27973910284055,161.66530233525583,57.841598243641826,4.914372145950345,0.3683980405330658,41.58131536981091,41.09396882681176,0.5292321546003222,40.56473667221144,0.2571187689900398,42.23947238561625,21.617545216043244,30.26336343859898,22.759680897666126,11582.623069541774,1228.1679404924298,1805.1499346879084,1280.1763349744494,390.9927047521938
86,98,0.0,-51.033808996417974,10.35962568136857,-60.96648286599462,0.38684026871952326,,10.489739263895899,10.230251895729452,0.07377363834530115,10.156478257384151,0.0,21.711539487110635,5.663396663580609,30.483241432997303,0.0,1589.8526077906747,168.54128583498863,209.6071614771972,174.31267500358103,28.038964999127213
87,720,80.88655214897088,271.730799076061,177.8777284595906,98.48163466009689,4.301123899225984,,39.80937648471445,39.58425582572818,0.5288534658029675,39.05540235992521,0.0,42.26337865807823,23.517808218889247,31.64573481892242,10.912439314719206,11606.209067458083,1074.5575254392397,1540.2085145730944,1378.2952049513276,59.51280628740489
88,720,72.44780061097208,232.1179875828299,171.58979102502352,65.31651356711879,4.4679713501431015,-0.3972398340702057,41.88565305620432,41.38519072625786,0.5292986952699721,40.85589203098789,0.23594903200864792,42.26337510563264,23.66912940264492,39.789543827412686,22.1162174602621,11582.779640110102,1123.7275042505153,1635.031674133046,1323.9331956972428,109.38781050644664
89,720,61.13372020019323,193.82492193606222,154.0338616361626,44.53273421120517,4.432819961717569,,43.62088334513828,43.34016221296042,0.52893804339692,42.8112241695635,0.0,42.26005096188521,20.975366055405498,38.86735309459065,21.543120184664,11582.713313035718,1179.841603743911,1712.3610008692428,1305.703473001326,267.3971887128054
90,73,0.0,-61.58402370895449,2.8448969749156947,-64.13036116299679,0.2625442342252316,,10.020354682113975,9.751212052069604,0.05452313553541899,9.696688916534185,0.0,9.800921439566045,2.124516264241854,32.06518058149839,0.0,1182.249470547528,160.72310371752468,202.77131454722272,134.23839875757932,77.57635649598936
91,102,0.0,-64.33794650571011,6.53925981229166,-70.52121355165005,0.3094540692727721,,10.849138632416725,10.595408868044615,0.07554991589859128,10.519858952146024,0.0,12.722117149299413,4.064632673080376,35.26060677582502,0.0,1653.8062110594533,173.89899112459446,219.02705182529422,180.5897652379642,57.01355112099182
92,109,0.0,-65.36371665864054,7.959689205631463,-72.82498658100558,0.4508586495530246,,10.842246288899332,10.594596325885504,0.08076924970373511,10.51382707618177,0.0,26.812527384385866,4.932438452479594,36.41249329050278,0.0,1771.0799441072236,233.1737446701683,292.16856812022553,185.92879527991983,108.3250199731327
93,153,0.0,-58.37237940897828,16.261944266728086,-73.98768363195263,0.5793577847741955,,14.659015108831227,14.406702306587249,0.1130552957765758,14.293647010810673,0.0,25.792510521298862,7.0040726811683856,36.9938418159763,0.0,2479.8891628854612,256.802440600545,321.1739222002181,259.8835873085435,68.52584118867848
94,720,67.44688859833028,205.23065828836468,151.34452769826055,58.23286308297176,4.020803892599112,0.35138794779777527,43.336255284026265,42.758159892167896,0.5294465720653534,42.22871332010254,0.3201070260256529,40.97100615127453,20.282997248939843,38.330457056844395,10.687424016343467,11597.24092508105,1114.3723434211583,1601.6996823281638,1365.8747110684837,67.78169710992937
95,720,53.06454631806857,177.06695184084253,138.46058717030007,43.51680617416497,4.582234622170521,,41.12225415185094,40.882341414224356,0.5302757420577109,40.352065672166646,0.0,42.2619833212832,18.44090618952487,31.306143230986088,13.742984058623614,11591.836594230454,1344.8909239965205,1890.6228457899235,1297.9542174048038,337.1792940121203
96,720,35.38309218350204,126.93294761829307,122.0053609717058,9.17033573222622,3.889869509773548,0.4561702609062195,43.90642523718998,43.438410060014576,0.5302454917691648,42.90816456824541,0.2484120219014585,40.06501591368467,15.623034449436998,30.79792431738893,14.041054156599861,11595.035329863615,1258.2578386387781,1690.1317342389052,1352.1975619871428,290.34012446738666
97,720,60.304643579394146,189.3497333876891,147.82495891030433,46.19192498910432,4.321911870233815,,40.41411600774154,40.158015485387295,0.5297036548145115,39.628311830572784,0.0,42.21589759906869,21.09719273921573,37.208681084841984,11.844483606426442,11601.2294828948,1202.5937189567203,1705.361628464877,1281.3790182814823,216.63350213816761
98,720,44.28568394015856,146.8571698676392,133.15750096415124,18.55854300164671,4.517586627367043,0.26180222630500793,50.10923922993243,49.628389013931155,0.5276971035636961,49.10069191036746,0.24868782330304384,42.26127609118639,18.190375485766715,35.00641243933521,18.38917204722993,11585.898378976945,1324.4571747999848,1867.4425552099756,1356.726413801686,366.9668559069745
99,100,0.0,-62.93552940312534,6.855240712187375,-69.34293869043083,0.4052515174137151,,11.179110525175929,10.92777101835236,0.07594583835452795,10.851825179997832,0.0,23.969735682534115,4.553619482397748,34.671469345215414,0.0,1620.7019120752655,209.42797730147436,262.8977236335528,179.22597666810776,87.26515629061822
100,76,0.0,-55.98092824858029,4.466970564773394,-60.12803974916092,0.2867884488856835,,9.019462910015136,8.74810234317556,0.057298564817756414,8.690803778357804,0.0,19.455026159752006,3.6471522773346363,30.064019874580456,0.0,1235.256013590772,162.82058865555604,203.70275276925997,138.57252076008015,78.19299626264026
101,120,0.0,-48.80865655851639,13.528200897258236,-61.668766286336385,0.6170142630746399,,11.083365680184215,10.845628396142274,0.0891086501069367,10.756519746035337,0.0,23.85652373457892,7.360693803093302,30.834383143168193,0.0,1942.2050034514825,264.2027553690823,333.5208194222679,194.61413335372822,126.32465807267883
102,720,56.99262390199288,249.7389935581542,212.46833891542875,42.657750501936604,5.043369345660085,,40.65169608499855,40.388376858085394,0.5318853897042572,39.85649146838114,0.0,42.26205625353672,28.778188870563305,35.66374865102458,26.928148064112477,11582.399999999918,1048.5188366174182,1580.303443201301,1267.0066661981857,97.45210124327437
103,131,0.0,-69.29639099112329,10.176719014245421,-78.90869407158381,0.5099470649969412,,13.669749733060598,13.415940596722066,0.09861507546156645,13.3173255212605,0.0,21.636912340149365,5.433567284051709,39.45434703579191,0.0,2120.6110202136592,267.13117516613954,338.32323391104444,225.67023098404795,123.723858037417
104,153,0.0,-45.776623977352585,20.022601702413134,-64.91129519986096,0.8215623885515172,,11.744890020228922,11.48464871570468,0.11436136811971664,11.370287347584963,0.0,33.802330931689234,9.016969196790683,32.455647599930494,0.0,2485.935105657825,330.6045952434732,416.4489690897186,246.65314232655538,103.45160625096622
105,74,0.0,-64.64273739315905,2.3426754535240315,-66.6941526403158,0.25459219939859523,,8.701379602309316,8.450126776006073,0.05626335833221674,8.393863417673856,0.0,17.92607344161925,1.937137542128714,33.3470763201579,0.0,1199.1476063366956,163.34559725965138,206.72866465776266,128.56011459309363,42.509730273688106
106,166,0.0,-52.70549728352381,18.497916008431112,-70.42924455988188,0.6994246935304999,-0.005990053992718458,14.655340172816068,14.130883601028472,0.12501868465915322,14.005864916369319,0.2785668927244842,32.631541826828595,8.389494815691437,35.21462227994094,0.0,2689.98183387519,311.58449366329637,387.82920089929996,304.12142573608963,71.43617711657025
107,720,73.40315449061109,239.9140119673395,167.25673969150782,77.08460354973357,4.095468013046097,,37.58447126997635,37.3398594269529,0.5304362988099456,36.80942312814295,0.0,42.2082907124048,22.302800731250827,34.860852715744315,15.204057183099785,11591.719053661056,1100.7442004624531,1553.6849383550912,1259.9351318711008,277.6306186228383
108,720,51.754258606506795,179.60548377106295,145.05481589356276,39.39718112779424,4.490260827199311,0.2533612847328186,42.64017942594364,42.113074988126755,0.5288603263907135,41.58421466173604,0.25043839402496815,42.263442922747316,19.67139719924635,32.05566804260967,13.881465277028383,11599.228146038358,1293.9149233200155,1806.7907214127392,1292.7944686836554,289.7576919070806
109,720,64.86079700112086,214.53239568736188,151.05884348419306,68.09385207135361,4.273650119155099,,41.91612332034856,41.67924407403916,0.530547346919775,41.148696727119386,0.0,42.08949345500453,20.02990747028894,30.813870965444064,12.175601680793921,11602.178203597494,1215.6553505320287,1702.7707355505765,1294.1002668149472,230.68887949262003
110,115,0.0,-66.15119338765389,8.45874225299843,-74.1045807598564,0.4450677353031474,,11.318069942295551,11.074343608226627,0.08504780801013112,10.989295800216496,0.0,22.3162473202891,4.943607786513431,37.05229037992821,0.0,1866.467491082053,223.24466385821077,280.9563246245879,202.01934033601938,69.89289706444444
111,720,70.84441108282992,251.7358618253744,183.65618631463911,72.98143491452156,4.578989591794104,0.424543172121048,42.34347699210048,41.81622752966359,0.5296141053549945,41.2866134243086,0.28157422691583633,42.26301393229432,23.61219244220802,34.35369362556914,16.6271698625482,11586.002337654952,1110.0470919437594,1615.5052929191472,1316.2044754756853,34.89987745220332
112,127,0.0,-61.86377809596109,10.739992225682615,-72.00870085731856,0.5384728987916431,,12.14804307371378,11.900866670999676,0.09532943880185485,11.805537232197821,0.0,22.546447645325518,6.15404007070484,36.004350428659265,0.0,2057.9995644803257,263.27035426070603,330.8953939424942,232.70756040203477,71.52410326181136
113,102,0.0,-59.4761779883414,7.668800612170997,-66.63928889270301,0.46455518098318,,11.273743880912662,11.010706609580666,0.07622625539079309,10.934480354189873,0.0,28.28942022250458,5.729368190985895,33.31964444635151,0.0,1660.637765997592,222.84125968596157,278.2985311502506,170.92927459349698,65.40581958539451
114,720,29.675249927637772,97.3147228730552,120.18677104260189,-19.47959328619487,3.0710106192593987,,40.35254162084311,40.11297254636884,0.5275290072895586,39.58544353907928,0.0,40.70848896177893,15.054428479483493,39.41504657073521,15.862075111547153,11587.979516008096,1006.6554908395029,1372.9088773585352,1318.5766253806185,169.1962226813418
115,720,74.63285239953245,238.0490641588595,167.64381697701637,75.51475176743142,4.774991169256393,0.11914633959531784,41.02647212008014,40.45299773523584,0.5279284445568919,39.92506929067895,0.28969802940264344,42.23744732504142,22.23363788085494,36.87547651581674,11.890486358756862,11596.589089036492,1233.142802037795,1759.5555125906526,1285.2335890563113,451.8191909146538
116,720,76.24652517425638,251.62207440749768,177.87389412423897,78.6456180835962,4.530454523166926,,40.7415382321924,40.47251499304548,0.532033029012382,39.9404819640331,0.0,42.24720962012092,24.044191919686888,36.923716132458274,19.226002002422973,11585.460220858757,1144.7499318284445,1632.1491684746695,1363.362980009519,243.85151237298868
117,720,73.25474679453922,238.48243871891157,161.69969300464467,81.16389191293547,4.0400997472446845,0.09091778099536896,40.47763241827488,39.94148813234642,0.530700586270541,39.41078754607588,0.2502075950615108,42.259867375650266,21.409926453141097,32.672800838071495,10.791327543359646,11615.178584138088,1080.8860089875923,1541.5539457493292,1319.2514224278316,158.56736583717333
118,98,0.0,-50.68200690154505,9.830915328161419,-60.006268769590946,0.47069275860793336,,11.439792132005095,11.170216266065836,0.07430329965427518,11.09591296641156,0.0,25.032635556061663,6.4755057080548255,30.003134384795477,0.0,1594.7544901511644,218.58090600538105,275.07389492474357,137.00202142037458,149.26469397401917
119,720,74.0829014312093,248.91264152653872,165.4023622559782,87.87986827551427,4.055376442019552,,38.33444772986695,38.09503335831687,0.5292064119130373,37.56582694640383,0.0,42.22526245630342,21.445236565278304,30.14296729345216,14.009469832742576,11592.047616041176,1084.1567109395326,1519.38265967539,1238.9380438537335,261.35472683485864
120,720,71.34358090869605,270.0754263596467,196.70382749505777,78.58979326026213,4.8526314632684775,-0.8468462228775024,40.49774898774922,39.963319953065366,0.5290273637510836,39.43429258931428,0.2826686152257025,42.263415279069804,26.649493970730934,32.048684278565005,8.638073753851579,11611.132049097458,1117.5540655244706,1626.9728497361666,1346.3282645079432,108.23491342539637
121,720,69.66859858612978,222.36582864258943,160.64704576556505,66.79118108992634,4.736255396857269,,44.40386613784358,44.16013003094122,0.5309169571846724,43.629213073756546,0.0,42.255855179373555,22.210993479353686,36.2730080411666,10.36620652343703,11615.638539683478,1236.4747720077414,1765.5458189799401,1295.064790928304,371.12541460401076
122,720,68.54054179792371,216.0421696624013,148.31464910858634,72.40070782089587,4.333994005686894,0.17993634939193726,39.32114103483036,38.83313189726323,0.5438992138952017,38.28923268336803,0.24958688393235207,41.92248668518445,19.785805686443243,32.34018788747575,8.706794297568612,11644.560841745979,1260.7806796916138,1733.7975707081032,1269.5068812883158,296.8654563176414
123,71,0.0,-62.85027514811826,2.0880607290639444,-64.68886117340078,0.22279398344936563,,8.145353922154754,7.887114874087274,0.053948810789734125,7.83316606329754,0.0,6.562199441825139,1.5466989545173564,32.34443058670038,0.0,1150.49364234738,147.9355936945411,186.00191669988052,110.90421787999061,27.395112837146215
124,720,58.32740888081537,196.96729813579694,161.04692105463184,41.38605559046631,5.134513545648039,,36.940250498242676,36.723587246611714,0.5286818770691752,36.19490536954254,0.0,42.257805641477034,21.059101811952274,37.63438108558221,35.40344146761129,11582.399999999883,1236.47802328759,1864.0654092609627,1285.697506361127,428.38728032616075
125,97,0.0,-62.3076696427507,6.878229944806052,-68.72463288262082,0.41343583769335845,,9.475223354063928,9.239958219695836,0.07221627002581954,9.167741949670017,0.0,21.105911250416764,4.382928976773646,34.362316441310405,0.0,1569.9994941857499,212.7841473105706,270.6729416627067,171.68278458782822,36.548714258052144
126,76,0.0,-59.16284123475396,4.305451672451432,-63.10787112964951,0.32503370316899083,,9.478458229918033,9.235710723791271,0.0564064085483551,9.179304315242916,0.0,17.37995875974687,2.8413346533635124,31.55393556482476,0.0,1231.3541747978763,176.97635383310413,223.90878647242505,124.90161635275187,60.69106346184346
127,720,33.58063670720394,128.63312556724293,128.77091785910613,4.749746825065003,4.550745929751067,0.27483004331588745,43.92526469193399,43.38606997765601,0.5273739490658045,42.8586960285902,0.2871452309191227,42.25846133406008,17.282078250903623,31.205763294671435,20.442643838149777,11583.231121065186,1311.7466996178262,1860.490094599737,1236.84871497904,224.09717609432383
128,720,66.77303188324215,187.08175040051424,136.99125408426954,54.27560003036143,3.8681184089391984,,36.220572538208216,35.97799833398312,0.5307048815302551,35.44729345245287,0.0,42.05637095855418,17.603149061070926,39.635231868061446,11.372926889718538,11604.351309705338,1204.4333925061421,1653.1989523193383,1318.5104265685457,244.5538630972257
129,77,0.0,-61.85819323397455,3.0511466945516625,-64.64042622517353,0.23677091783460547,,8.748192329891026,8.506907937116921,0.05787862138822675,8.449029315728694,0.0,14.312968147084126,2.4903929992549947,32.32021311258676,0.0,1249.5078829181653,151.30546466591244,188.75105487249436,138.97939111661265,35.97196228581202
130,720,70.0832265087185,230.92184656678614,160.26426779672735,75.95389213127524,4.959310918039185,0.09637874364852905,39.41883838828653,38.889953723177314,0.5370441749691963,38.35290954820812,0.2534579439088702,42.19308113519174,21.582340714592544,32.10628044308088,21.548764763600204,11582.69987355719,1278.9120038495032,1857.2910416492011,1248.0307604927104,407.63906586712073
131,720,56.351939854382316,174.1593548611548,143.97223118097065,34.76202112712669,4.23633637996089,,40.851589679252356,40.56117856595665,0.5298932786099613,40.03128528734669,0.0,42.26340184277407,20.074887242117242,38.97092929081897,15.106992773165718,11593.33674453863,1225.238731423223,1715.1551669968303,1247.7954467342797,375.36378496210295
132,106,0.0,-55.26539155783725,9.218601822606685,-63.874642682094205,0.5490394306228018,,10.804234695155174,10.561910745222121,0.07860383996739984,10.483306905254722,0.0,27.631441463498646,6.316972286326301,31.937321341047088,0.0,1720.0506655806728,256.01404359425976,323.2853779669144,180.26662946662296,79.96577701405899
133,720,75.34345752172284,254.87699008575893,179.66257993904443,80.18823840029584,4.664130271960775,-0.060406316071748734,42.753828117158264,42.235887001268566,0.5280920695513487,41.70779493171722,0.28050390910357237,42.26337967428735,24.434814389796486,35.24933832157489,10.777406630315825,11614.810088631191,1182.4089272847493,1692.6020765693709,1244.4626163549153,155.94612220441292
134,96,0.0,-67.49622849939482,5.9075464392000345,-72.90362939760756,0.4503872682097739,,9.909828273113817,9.64878031797707,0.07218929566442966,9.576591022312641,0.0,18.2136782948862,3.6382157032469853,36.45181469880377,0.0,1554.5418368583173,238.6783358172167,306.38272745895654,144.0249158669359,89.1932881680548
135,720,73.5754406506622,240.94419571675772,168.57471189736947,76.78268281036092,4.0797427453517905,,40.25909627089277,40.0256380061619,0.529459722340107,39.49617828382179,0.0,42.247176320424224,21.87473853462416,35.18409924548173,12.106148828335417,11603.468988279063,1071.5088318735882,1509.8506721387428,1256.8594094015725,116.81492964951602
136,720,72.30001952697907,242.2552700285918,179.38819020136282,67.62332346971144,4.394181789075185,0.16143019497394562,40.42822386464104,39.919674751814455,0.528798536863178,39.39087621495128,0.2533021690323949,42.043603741988534,23.603779576311453,38.48835779212335,18.55554455842345,11586.213438102017,1076.4643312098324,1585.9491833268423,1353.7515758504005,67.36056986272855
137,719,0.0,27.61087983390823,105.82249383734208,-74.13685688474744,3.7384000389740883,,47.84610943123698,47.55973942298442,0.5316311623901129,47.02810826059431,0.0,42.26339034293238,14.055792111679406,37.06842844237374,0.0,11586.082376333748,1242.294345827804,1687.581187565308,1317.5744324349482,328.7410476154991
138,720,70.04176889852818,230.9350020726926,166.3892371360536,69.43110866291485,4.548565371132256,,41.90094827581197,41.646080072037876,0.5318398731760681,41.11424019886181,0.0,42.263373980406094,21.764674692640742,35.32621456707075,17.059288755991414,11587.02731505126,1177.6194021957135,1686.1972597362394,1209.3079601703764,287.23098925600095
139,720,45.03045580190129,147.81606831543886,126.93285808054901,24.859577362474937,3.638057797672912,0.005291339475661516,41.19374165078625,40.6906780176796,0.5332408407703042,40.1574371769093,0.24859371408820152,42.26277575043994,15.8550943881277,32.60066712066382,16.28533811029204,11591.752235225085,1174.2602300546234,1562.6526525927175,1261.2234365782278,162.4662649717944
140,82,0.0,-64.84914318289768,3.4719320036288153,-67.99029575936152,0.2964585016256222,,10.79973075632006,10.524400138761848,0.06261907098814845,10.4617810677737,0.0,12.99361011516658,2.5596660891649297,33.99514787968075,0.0,1328.160569320245,176.8993758077355,224.92205310462623,130.74771476341493,88.15160036906835
141,74,0.0,-56.58171811828208,3.992776692102341,-60.286729028421945,0.2555423083812326,,6.752698528114706,6.5294648129493,0.0553074786439538,6.474157334305346,0.0,17.07517837211597,3.398805353691375,30.14336451421097,0.0,1204.2660326544508,145.7024189678115,183.3225752880953,116.52291204525663,29.025669297008193
142,90,0.0,-69.08599852622051,3.448945684709506,-72.18116414642807,0.3180475118331583,,11.712406000122428,11.446383831091225,0.0670107495971024,11.379373081494123,0.0,21.263976098006193,2.7030145372201226,36.09058207321404,0.0,1460.1004816808545,188.93220674483908,238.04106234717048,148.9074031742409,33.060029871393546
143,77,0.0,-67.35257620477809,1.3982991855431746,-68.47200005562667,0.24067818672613608,,11.931861872784793,11.662897726055235,0.05773587105795741,11.605161854997277,0.0,13.585718584207376,1.457993322228023,34.23600002781333,0.0,1248.2247226749,166.0695150669075,210.8252095406394,125.80527667974074,45.33246000430846
144,720,80.75173273153193,245.63197706412967,164.31471726715588,86.24124072014709,4.603915549892578,,39.12383119482547,38.880590913351625,0.529161763843149,38.351429149508476,0.0,42.26345918571877,21.28774122418511,37.631112371458386,20.238004694744642,11583.70154607116,1209.597481430209,1722.3724374021403,1310.6942277143107,418.81963987640745
145,720,74.98203410587638,256.4100588656466,187.05910292770926,75.31263467469572,5.620581419240281,0.1615297943353653,39.3360770647414,38.78907877067104,0.529015863314271,38.26006290735677,0.2908981731161475,42.26352525014275,24.80052915012602,37.32571676852852,25.58527483915286,11582.399999999954,1274.7313237646363,1921.3251814093426,1254.0743904625026,350.04066603351924
146,101,0.0,-72.18884338452372,5.2847031780031415,-76.99076813971986,0.43249855106955665,,10.312163795344532,10.069266137201339,0.07633881643414497,9.992927320767194,0.0,25.80358886784623,3.3430885229301666,38.49538406985993,0.0,1636.5523258847106,234.30124445444062,299.36741900811165,163.72473199164506,87.19651773949114
147,720,57.94927761492292,239.8713018181946,190.9319415397932,53.78598555898495,4.497719338513149,,39.71278991084546,39.45871786773205,0.531500831246376,38.92721703648567,0.0,42.26340546807194,25.638662901167123,31.056284835430443,23.476689596782627,11582.430451086797,1075.1938935777068,1581.456326308875,1268.2349372135843,173.90227640772676
148,720,60.83306340627095,205.01594647082857,166.84853868312152,43.69942683169549,5.200284758631334,1.5230371952056885,40.4916412839666,39.97560538398102,0.5307603762485087,39.44484500773251,0.2805583900772035,42.108294990276576,21.90859892961133,38.98334999042321,33.12815429251787,11582.39999999991,1256.7591927877395,1880.0306601924015,1246.978782991808,361.69900042205575
149,720,67.6034181614786,268.69358175949253,209.06576716363867,64.70758512460912,4.706307442504276,,43.558147616218776,43.32198727224022,0.5311563783325255,42.790830893907696,0.0,42.263374052905306,28.557545328634767,35.24962559917404,19.126993861145305,11583.775437833961,1034.172618225111,1549.0563640593125,1366.3230877910867,114.2527016489775
150,720,69.39551437296167,226.83071719039492,163.22879279304237,68.21901442485817,4.285562734959516,0.11532459408044815,43.172495293896645,42.65042968001217,0.5303253582678735,42.12010432174429,0.2486230772919953,42.26300575334933,21.43028736761269,35.286007160532584,20.707968088798985,11583.446084901472,1118.2166257185825,1615.8720420880613,1343.5422472567784,50.43139368342579
151,720,46.162343229561806,155.34823604177063,143.15347864236344,16.796453124733034,4.24287959245062,,37.838033880107105,37.59121668804437,0.5301870699040592,37.06102961814031,0.0,42.263489933045776,19.41917395831229,37.76411666719529,23.34335810699186,11582.468826811853,1174.0211883909597,1698.1555345633838,1316.9360228876533,287.2416105999649
152,89,0.0,-65.79069566287535,3.996305477322108,-69.40856444600905,0.3375456008665507,,10.612041621934623,10.34908552793786,0.06656172266229987,10.28252380527556,0.0,22.5346743684431,3.0809300930515575,34.704282223004526,0.0,1442.6424468901857,192.55527519999993,243.84844274874482,159.70149847036512,23.320089923668704
153,111,0.0,-62.51247266743104,8.531551224095663,-70.50929700432201,0.47962613357544365,,11.510198990814388,11.261758178006858,0.08242016192525625,11.179338016081601,0.0,18.8432017865175,5.662173409816441,35.254648502161004,0.0,1800.9223701604183,242.6433916609412,305.53881620339786,194.64137142852843,53.40979458239446
154,720,72.36409229159669,236.91450594169694,165.9414703780883,75.91283818893204,4.58032445634271,0.15043452382087708,45.7810159670189,45.229971911758184,0.5299869258888066,44.69998498586938,0.28444889886304736,42.26301333439864,21.92993840217207,34.40767319713067,11.843759228580678,11607.666870667601,1195.8706522225361,1720.7695893917753,1341.7057807531155,52.30017795401843
155,720,57.52131816963176,187.6674771418972,139.12997249234357,53.35353180051885,4.485851980183209,,36.92209312785417,36.66849410487339,0.5296378447674215,36.13885626010597,0.0,42.25241020283813,18.00890401427229,30.844552269372343,10.98965023198788,11610.004970882623,1276.1602921160916,1783.8981961344198,1252.9907598753389,390.352934419246
156,92,0.0,-70.5048381292561,3.818201350176467,-73.98685166841717,0.29977436612583647,,10.62371430778876,10.379667598288506,0.06847889954224229,10.311188698746264,0.0,19.37765968055425,2.6475889183709427,36.99342583420858,0.0,1490.6324186804309,186.0753616879988,234.99970175191015,162.19276463366273,19.24698357782083
157,720,66.5600182614665,210.02042796524373,147.19850553214172,67.75913001254123,4.567857092444946,0.07804716378450394,39.30793000292033,38.807305206079036,0.5306393634527922,38.276665842626244,0.2572716963477433,42.02159815260544,19.951903801891973,32.68045325519587,11.330145111532742,11599.202295990153,1250.1760460611763,1778.3799634945515,1366.5590043277061,197.323700137926
158,720,69.80270676746164,227.4193918849542,154.80481111806836,77.84294350282578,4.866061911682268,,38.88073135400191,38.620267373975366,0.5288547896780074,38.09141258429736,0.0,42.26347480898173,20.690365375068133,30.881235016048752,16.64613977418693,11587.581948693974,1248.4405197974952,1815.8695470090404,1326.725843055982,220.70444026591886
159,720,67.20731466311166,194.84986761810046,136.14019048555622,62.54634921358438,3.4904285937663966,0.20417287945747375,41.89877021126449,41.388246120885015,0.528962419833988,40.85928370105103,0.24897217098623514,42.26162806691743,18.377785819316742,35.93414005631947,17.22792437043295,11592.557806925895,1065.9515786653415,1492.029176061459,1352.0235245889567,45.79539372664103
160,720,69.77177733990494,235.26024520808156,161.64630731980108,78.66771589334553,4.713822909257055,,43.939256162848324,43.67914016498253,0.528732898645103,43.150407266337425,0.0,42.234070895744324,20.93294306068435,30.43791939323219,25.586174000128697,11582.399999999952,1269.3437110094555,1794.590898182456,1269.7092509264935,361.82934427804975
161,720,76.75571340333734,243.47449010629202,165.10565227099457,83.10478512159064,4.423763016290084,-0.032435011118650436,39.31900306791067,38.822311714757234,0.5286251958459616,38.29368651891127,0.24829556699842215,42.23499950138824,22.297469062571455,35.20332084254202,23.52342644670746,11582.44982497317,1145.3851925626548,1644.34292839764,1280.2853228590006,204.59768935301707
162,720,59.14302278710172,217.0518156393747,169.89650987862714,52.09466192099747,4.610102835300619,,40.63213892793283,40.41685429494828,0.5296094175428152,39.887244877405465,0.0,42.255887112869374,23.406936720953496,33.09569182660299,22.94279315813469,11582.501780265637,1117.346170939255,1645.0736850222725,1292.705310245594,370.7871110834648
163,720,46.2606059528437,131.1451852431355,120.48613930808405,14.661305234203326,3.6841085519698957,0.10937593877315521,41.83106846176088,41.314469680190086,0.5283560263924301,40.786113653797656,0.2470338949933648,42.19122885344759,16.5149025344376,38.92995333574202,8.95644035567583,11609.052942606239,1200.8111517196094,1644.4660784338519,1297.5022350513402,278.124552596983
164,720,64.82635517392788,205.31225332441042,158.9079555611687,50.712819870774865,3.979731748079635,,40.419937817845494,40.18036982091144,0.5286041744984686,39.65176564641297,0.0,42.262798221903815,20.33873919632436,39.46994523854045,20.061061036361703,11583.103062348924,1086.6114966085227,1548.6183784502812,1356.1489878299208,141.31273011677993
165,720,53.68810603256253,187.0973913711859,145.16344826897688,46.97267624249582,4.699389972070565,0.18206040561199188,40.59414268610999,40.09380118409172,0.5282349050976336,39.56556627899408,0.24819225119426847,42.054542515741204,20.086800518274725,30.201767911314615,16.286336194973117,11587.398944288969,1261.4046294585874,1843.7788222406346,1304.4743382196125,398.6026890736079
166,720,73.86607110446312,214.90134127413546,152.29921291913055,68.09090170150331,5.1455027312513115,,38.015678802039474,37.76867309818044,0.5296040172688663,37.23906908091158,0.0,42.263682235540074,20.42406567311008,39.82062025371146,20.139915682621528,11583.351201869307,1328.790214949753,1949.1861435701624,1273.4715940828744,418.4357514071541
167,105,0.0,-50.06648819804153,11.834590320448113,-61.302132358670114,0.5442818754132042,,10.164479110389948,9.922442211769521,0.07898239465430379,9.843459817115217,0.0,28.441018357294762,6.878183672395265,30.651066179335068,0.0,1702.1622795172661,227.14460810215556,286.8501028694013,185.9414848420962,90.15252902543457
168,134,0.0,-61.778517484345926,11.291154120982545,-72.37563545247502,0.6320344747032057,,12.941304886713624,12.686008510179818,0.10621968423947692,12.57978882594034,0.0,26.584690367508472,6.8925849527043885,36.187817726237526,0.0,2176.151509016521,307.8734214035708,390.34840269416367,214.73151202899695,135.37277428394827
169,90,0.0,-58.41718772306476,7.186241936818849,-65.21526376457945,0.35318429117297784,,10.30876511707902,10.057523025665432,0.073841015342623,9.98368201032281,0.0,13.26284856138913,4.169813509308219,32.60763188228972,0.0,1456.9315143051042,166.59270587394076,211.7310013367943,140.27744271411277,84.37209048667984
170,720,71.79881269065248,235.3096958330211,158.21484827365265,81.44615757449861,4.029099888795185,0.06605400145053864,38.600061386823654,38.07841196702793,0.5283153634518385,37.550096603576094,0.2864088751375675,42.26346449475339,20.57793835592888,31.075733903403176,21.129352658831493,11582.818950184095,1075.2260276768072,1566.6725841025602,1294.4167305376059,73.17878738617613
171,720,50.45590372457346,179.09598444315492,155.09096786870356,29.781332317190447,5.407968826795344,,39.333224716130644,39.11751524731517,0.5284827388823032,38.589032508432865,0.0,42.26369054534009,21.555174345704547,35.56523756597824,25.507158339490143,11582.399999999916,1342.516466471916,1980.2313139881805,1302.7056707211495,465.5184153352616
172,720,75.79143233002881,223.2560882732956,147.61075358683897,79.66591479637407,3.6591464543180914,0.09750889986753464,39.24114945018664,38.74758611386642,0.528166982345283,38.219419131521136,0.24276003194972873,42.25134813043434,19.43251183123088,35.95847493184177,9.636536596018228,11623.918580719106,1063.3022837427434,1460.127804118646,1332.7389727479842,118.23671541743785
173,720,63.84370022397681,205.92124148955412,149.82473837257044,61.07309344905515,4.620462328523918,,43.82390782283619,43.56987338932231,0.5311038475483656,43.038769541773945,0.0,42.23366453315514,20.90089370199418,33.307153499449235,9.030547465739444,11630.624454418428,1317.333807737347,1826.3337193902785,1258.954246271358,442.51178241685153
174,720,78.46088297467558,247.376213975932,165.37200055267115,87.01557654526009,4.695853881102057,0.01145920343697071,39.12824142398313,38.62601085193455,0.5287702600471675,38.097240591887385,0.24495410872623324,42.26331264383655,21.574442784942093,34.95309470204554,16.512559195322236,11590.85719185845,1237.5993537017184,1744.3030599814904,1238.933886908985,349.6269932899264
175,720,75.74197131707473,266.472577180978,188.0703723117296,83.71543742045205,4.969726842187999,,39.874681253917515,39.64521026192233,0.5340894954279065,39.11112076649442,0.0,42.25482465911149,25.024505936212766,33.884252606848705,26.969087637311105,11582.399999999947,1123.9871980419448,1668.5299603780918,1301.2490891967936,314.67496453955624
176,720,73.38956808016027,263.2921972213087,199.86853617571754,68.73551521717823,4.956734594043081,-0.054060522466897964,41.61739683011547,41.09412059094757,0.5284210764802992,40.56569951446727,0.249561860691756,42.24112313631298,26.840631352776356,39.02181047157116,27.416821916068535,11582.399999999956,1096.512148451892,1634.40776404098,1330.6485929432392,138.80950772592786
177,720,74.7220795035009,272.02740278770875,194.88877077456948,81.4447682098791,3.9747505309903217,,41.23317309934646,40.96999999601394,0.5291662672534585,40.44083372876048,0.0,42.2634529285389,26.13052530326682,33.99969539856134,15.92951546547637,11586.759546605399,920.2412187822146,1329.583107180651,1269.2407488613542,54.19634709327417
178,720,56.83943102751711,188.55114950956815,156.2512986091853,37.1926757049131,4.551635723862548,0.1277564913034439,38.08660026406869,37.60146395722404,0.5290195001289248,37.072444457095116,0.2462210338562727,42.03274905230874,20.945847840474016,38.24309317506056,25.570837813424824,11582.399999999918,1157.3242458278926,1699.484540937731,1311.7977131912069,262.9565214071869
179,720,61.27970578928314,209.54044013386124,157.9921284982003,56.63140174047783,4.737056400669116,,42.46364652272314,42.18882258189842,0.5297197024337947,41.659102879464626,0.0,42.26280347220206,22.040174718715928,32.96400491904423,15.48460481829334,11589.215381085865,1219.7253299327567,1760.452835386071,1231.5847235717902,497.0108648819467
180,720,37.31527122124959,136.22803698863314,138.0757103257519,1.309258145922513,2.841867121522588,0.09317170828580856,37.330935020931065,36.848945822101086,0.5284985508769751,36.32044727122411,0.24616570118814707,42.26342978872813,18.51239005700316,36.66064214828832,9.681935915038133,11603.300906156557,837.3290614710147,1177.5652078562637,1413.5647352395156,19.304986670997366
181,720,75.3909845091807,248.9390451110009,166.58074384578694,87.97351437198834,5.2425610006260674,,38.586360407061875,38.31915985560045,0.5290262806229293,37.79013357497752,0.0,42.25468075776128,22.40628226282232,31.40422732318653,18.711760801582443,11585.760699294242,1328.7275487784448,1921.2882042851534,1322.966567188022,404.2250284356489
182,720,64.31382137242765,259.30729992671843,200.17292954673337,64.30817090273764,4.852773456750049,0.10002358257770538,43.029018849134445,42.526754739228636,0.5288226008415222,41.997932138387114,0.24820516211912036,42.160877936708815,26.954746447646563,32.15973592105883,23.606140856773887,11582.426807967042,1044.8334627284914,1569.090744912474,1379.4455629643994,41.85197329252476
183,720,78.66866725969828,266.4152045431271,186.56893439801783,84.7127199939901,4.540650873891974,,38.04830195615068,37.813506331760436,0.5301610203459859,37.28334531141445,0.0,42.26159812547277,22.79567508224392,36.31230726270323,34.02113244562987,11582.399999999938,1020.0289434740099,1538.3953337434912,1309.8070162048948,239.80818211157086
184,720,73.98092290269891,223.59329299314783,158.9320121511788,69.31756540898161,4.311446935800147,0.09516685456037521,41.329742948990315,40.86575096473098,0.5289732473902404,40.33677771734074,0.2461469848640263,41.8444319976751,20.50119986293902,39.3221401982081,27.09831216278485,11582.399999999938,1127.4316436598847,1620.4098402225143,1335.1463299601432,332.4701111365942
185,115,0.0,-58.2787597930576,10.839245465507059,-68.40153062478589,0.6574556661370738,,12.69378511235118,12.407868997193873,0.08645876124501228,12.32141023594886,0.0,26.658782154264927,6.773632550772175,34.20076531239293,0.0,1870.7246937603604,301.0530727019064,382.8819324086197,171.8541066275508,200.26252842467807
186,720,62.3175616865439,218.49555836636696,169.18195760682664,53.05615965787524,3.3936719552827563,,42.12084848526865,41.8936956403777,0.5310742855072021,41.3626213548705,0.0,42.25471477290631,22.916547475217982,35.789481857606276,22.30169050850725,11582.573348753293,854.1933343664439,1258.6452912310847,1349.7487323915511,76.20991039051296
187,720,39.518615452169,151.2141759389781,145.2185775277223,10.690439674597982,4.372898439102104,0.40240478515625,41.344700881280005,40.81404952099547,0.530119463801384,40.283930057194084,0.27740164333954453,42.25851765058952,19.37091288510227,34.17339561487001,18.93935462062505,11584.692078169903,1139.1232626147532,1643.7840119093566,1230.9519412199563,336.480087630016
188,82,0.0,-70.91420029999445,2.0065516444259344,-72.65507461854345,0.22235845628895412,,9.89667330076918,9.634307936299592,0.06159148225560784,9.572716454043984,0.0,8.043734953861597,0.9803861475766426,36.327537309271726,0.0,1328.369301363925,145.37172820585255,187.53118537585996,130.49924294169165,74.84263229155026
189,720,80.37093977927321,257.08595540775104,174.2027610709473,88.65267138870352,5.4332693839911474,,38.998253560159355,38.74903883924708,0.5279535343870521,38.221085304860026,0.0,42.25143501769254,23.075043847368544,36.04460408492145,26.18216634415329,11582.399999999952,1288.0131462865834,1909.623712160925,1254.840213179821,478.8161195037227
190,720,62.25802942462839,212.01006303673535,165.0106939002038,52.816005937473264,5.462135225635848,0.09752532839775085,39.07915493194014,38.5803364450112,0.528308245819062,38.05202819919214,0.25203737802803516,42.25381328333697,22.132223036459152,35.85002645589176,28.928808954163276,11582.399999999901,1277.575788476876,1922.9838999857918,1247.4757924389369,402.32945373405767
191,720,38.36267104434688,170.60642608265374,164.54951583063925,10.413682083017349,4.026077875510171,,41.83810032811016,41.573340070899576,0.5295043210498989,41.04383574984968,0.0,42.2636008386896,21.895103607032073,33.15583000283821,28.748959178108446,11582.399999999883,987.9705261647081,1452.4160894872246,1330.8242587973116,121.47409141546414
192,720,64.63933858728778,222.98257466209623,172.19091800530188,55.647906746266244,4.526875415659805,-0.033401984721422195,42.72595259407535,42.24116924358532,0.5345159135758877,41.70665333000943,0.2505253008566797,42.26129904162926,23.30326753163467,36.81538521415468,13.115350357802901,11599.634313735507,1153.1877434122973,1644.4125723934676,1296.8142271917586,325.3619465142586
193,720,71.14275869520274,232.63283155027833,174.122397628486,62.948925579165746,4.09157624202458,,39.424233505968004,39.18198330281302,0.529090169351548,38.652893133461475,0.0,42.19406442343122,23.50810336275874,39.66829590561987,24.041432316790857,11582.413664966421,997.01447323655,1466.7441713155376,1299.935443125277,185.68122450892662
194,720,74.90721973442285,278.83501547599724,206.6394690321408,78.38336307995534,5.8464439878623455,0.00930878333747387,37.69838045537472,37.161704879719764,0.5278381216339767,36.63386675808579,0.25044513773173094,42.26380590621777,27.650155770563693,35.71553819444518,30.01925800687572,11582.39999999995,1189.3823397592867,1834.8841852952635,1258.5141106440976,389.6360289396326
195,720,86.23916675792425,295.46852295560655,204.00969761210095,96.81392732519386,4.987281976558707,,41.04127379320562,40.79605826130137,0.5283445557579398,40.26771370554343,0.0,42.26342631405068,26.63068041853145,37.83220309532732,22.250842198635205,11582.504066317833,1155.0140747359198,1669.9770559399283,1272.6720770335446,227.9861896316865
196,129,0.0,-55.63888815893073,13.379926905046046,-68.27692544241557,0.6697509054486391,,14.43557407706976,14.176966614089906,0.09566594567149878,14.081300668418407,0.0,29.665065216083974,7.242934762896724,34.13846272120777,0.0,2088.960844626489,296.70670227222286,377.127982317474,227.01206780929257,124.09307562941166
197,720,63.17547698406221,222.06958900564743,163.28020822883684,64.14688138136044,5.013697965970176,-0.1948033720254898,38.586257935967296,38.04748493107036,0.5280644209124148,37.51942051015794,0.2783181047998369,42.26286193372229,22.38057775466418,31.102036293381996,16.77550233527829,11588.89409532896,1245.5464050050182,1829.0796273630924,1305.9956597034893,236.42014317673662
198,720,69.94200067348866,213.6417516609305,154.8961855362883,63.9308829614167,4.829163621069224,,39.757094035856426,39.52669088495895,0.5309341647662222,38.99575672019273,0.0,42.26344120494855,21.00457164924662,37.976559192780314,22.178262930112734,11582.974395444078,1241.7313301174738,1791.9291472837185,1262.2191976625602,380.6140340536525
199,720,60.264068138366,207.51805975142454,152.0609239592403,59.512954807097316,3.705898122202264,0.10481522977352142,39.05945310322568,38.57508374610916,0.5315175708383322,38.043566175270826,0.2500360500998795,42.25861377793621,20.2944598900161,30.50759073481733,16.39419667278552,11599.621571658367,1060.1561209968474,1463.0039082745425,1375.5723082285929,122.32724769304733
200,720,62.236388780175886,216.72299989595274,163.3742060907448,58.25056694836981,4.5560727205309135,,45.51495859026909,45.23292520781979,0.5305570820346475,44.70236812578514,0.0,42.263325519194545,22.670499760247758,33.11110530599098,9.169392722133821,11608.397360228137,1161.1917753575524,1690.9811571618807,1226.2940759992046,394.22015760521333
201,76,0.0,-55.63887426558004,4.795775741984777,-60.03459008672358,0.36683618132714374,,9.100897436961532,8.84553581988439,0.05678313970565796,8.788752680178732,0.0,13.499605911674466,3.7789956214616676,30.0172950433618,0.0,1232.8416713754386,195.1152613323478,247.43668614825148,109.66581325839412,134.04159464321273
202,720,70.38030260790863,220.6420649665386,155.3567517101935,69.74890914673944,4.100899439217959,0.033057745546102524,43.98321842169389,43.475098189897835,0.5306094191037118,42.94448877079412,0.24780121399089694,41.829264749399876,20.501014030056638,35.505848034538914,15.040405511531734,11591.683679041733,1132.4166213408896,1593.1205451978706,1327.0781285322475,145.44087051233046
203,720,64.12073208964634,225.43775211646798,179.5098045605566,52.288236406568174,5.999177157986878,,39.56262145098299,39.28466023504734,0.5299140862189233,38.75474614882842,0.0,42.263648615842605,24.138347742470604,37.97661388636225,32.592891308645136,11582.399999999887,1308.1163731326249,1999.3758850904424,1261.1177222680426,468.2461503060583
204,720,84.14290001400553,316.5165904941014,227.0129276100489,95.27162454129271,5.41067398934106,0.1134718805551529,34.99193092389032,34.49453786294907,0.5290772882290184,33.965460574720055,0.24482420226559043,42.26358580381078,29.327722278160305,36.50708774335918,26.79239061637371,11582.39999999996,1096.9475537318806,1659.2659993116104,1310.3126988759057,158.36794955437455
205,720,82.52234727865867,263.49011523403664,178.4087139344455,89.74724771269337,4.327719035831137,,37.967399982735515,37.70667944056913,0.5292894095182419,37.17739003105089,0.0,42.25768330251735,23.229770693730057,37.64872342231199,20.633278416590148,11583.39229607149,1045.6730509809431,1529.9878492304474,1270.6796459097122,143.07168009293136
206,720,63.135686618975406,195.50264385935657,151.4483510132398,48.378663146918555,3.977014107538822,0.06134410947561264,39.96749783679843,39.467596586328,0.5294785802252591,38.93811800610274,0.24404469411820173,42.2184667196346,20.896127247787234,38.94635504551612,14.109655410870205,11595.226566488944,1073.5009512665267,1554.6575715627905,1384.2285132475508,14.430124081310712
207,98,0.0,-52.19890991210249,9.899945994781278,-61.47878407459355,0.5713884509376924,,11.100466018076986,10.84702367335558,0.07316306792199612,10.773860605433583,0.0,27.496838153812558,6.661769960589359,30.7393920372968,0.0,1594.846249252909,251.60093382570858,319.66212174305673,146.25287347420314,84.55535184872998
208,720,72.92346817078673,235.8162211303742,165.14065225450832,75.3865156549447,4.336045704452008,,38.982998869847506,38.72540117427707,0.5295995781198144,38.19580159615725,0.0,42.1850290974145,22.14346035988118,35.230210343314376,15.891352734314006,11589.127292776744,1129.589040607727,1656.5224622716344,1331.8698839272515,101.36716761869528
209,94,0.0,-65.00072682425784,5.527569772418771,-70.1050048032474,0.37212001841485554,,12.112856961321086,11.827232244890183,0.07005076948553324,11.75718147540465,0.0,18.541054257780655,3.7655400119303573,35.052502401623684,0.0,1524.627350246205,205.03398441511592,264.00637984623717,147.56208224608133,71.36736113757703
210,720,56.78166684391526,180.21237801397928,149.79501402795916,35.57987205397173,4.79227501293011,0.10341379791498184,39.742987596429884,39.28991904295981,0.5300371423363686,38.75988190062344,0.18763784505426884,42.06480106890974,20.49168448754022,38.9917308169294,24.629516880498002,11582.400534250455,1222.1880954486014,1814.8008305681437,1275.4809897009734,284.1534592234884
211,103,0.0,-54.97822909630702,9.312710383930696,-63.63060222840244,0.6021574321099064,,9.777687240857631,9.518830312881619,0.07659570313990116,9.442234609741718,0.0,27.361507684088014,6.501160376101711,31.815301114201226,0.0,1672.1375951682758,271.7341313182666,344.0731905579809,163.53084810582618,124.499753800231
212,720,76.50043626511439,260.4704060001068,178.43776099638387,86.62776650663756,4.239000417410775,,35.6319569288753,35.39271371392533,0.5292024342343211,34.86351127969101,0.0,42.22788687114282,22.893209694566707,33.18655301179561,15.530585074729078,11591.542902246189,1056.8548690959453,1531.3268113538886,1329.6354999465352,227.72413023509372
213,720,69.4840235252191,231.0754638982188,173.254465729475,63.193512939912196,5.0336264024228115,0.41256043314933777,45.007491044234484,44.59904584521428,0.529525373596698,44.06952047161758,0.18446430005133152,42.255021969770915,23.623576675966095,37.887267055263,21.718631121429038,11582.647874951983,1196.103883714594,1776.024188679448,1292.2065903086075,340.40850270557013
214,91,0.0,-59.51032269185694,6.061366723832874,-65.15490143510942,0.38243275515763175,,10.24527959479019,9.996739102061838,0.0683136316947639,9.928425470367074,0.0,17.766372456917097,4.460210110395424,32.57745071755471,0.0,1475.413532068103,202.52900474431382,256.13786386026214,134.0894729301376,88.68312325298247
215,115,0.0,-66.68148453872502,7.706347684071948,-74.00142281424249,0.33573259931072363,,12.662709597032517,12.396564978640527,0.0854383958503604,12.311126582790166,0.0,16.604314323383846,4.865498889288416,37.000711407121244,0.0,1868.1899025540743,185.66658521932558,232.4526094907305,194.09183785763486,38.77354286309875
216,720,48.79764249609725,170.43356147860973,152.36284839525356,22.745722421312465,4.3228266211956665,,41.392766481265426,41.17034935206175,0.5290536656975746,40.641295686364174,0.0,42.26384078405373,21.317000076101603,37.424781285441014,23.703688504854714,11582.41758448021,1183.9403009287762,1692.0598538794366,1200.591355830496,314.96915777434924
217,70,0.0,-58.30116405640352,2.9388112223291416,-60.95037958287319,0.2606304151410281,,9.216828482225537,8.938514285720885,0.05256883706897497,8.88594544865191,0.0,16.177158493970573,2.726152931967422,30.475189791436613,0.0,1137.007722788324,165.76683717061798,210.7182299117051,97.37505090708994,139.06539183413895
218,720,45.55206963777011,158.18199316970268,145.76362014168137,17.034602407389272,4.281627945238403,-0.022618750110268593,44.82701135985553,44.25672295503318,0.5305322357453406,43.72619071928784,0.28941244073212147,42.04413240301699,19.891790252802334,37.034768434075474,25.2793259491597,11582.39999999991,1164.3956318481319,1707.889548480444,1268.3915908114568,239.50952964110505
219,720,67.76240169073664,204.72026289113876,144.66484264581655,64.1579533385203,3.769809233499514,,41.25554616516456,41.00336563307792,0.5292424354702234,40.474123197607696,0.0,40.91087351102188,19.52907589216537,35.68342502147649,18.888789094635573,11584.028915670518,1093.1365703673096,1544.8577726854342,1262.6864634261178,135.33158238060645
220,95,0.0,-62.28683494740039,6.939067114336945,-68.74174756399731,0.43930718120063694,,12.02390797296539,11.752161920070648,0.07061413349583745,11.68154778657481,0.0,21.592644472119403,4.23882136938945,34.370873781998654,0.0,1539.1980219275054,210.25871274751273,265.228102241719,166.75180683548808,57.954783012027825
221,93,0.0,-67.39934389216413,4.3647346800668645,-71.4263568627984,0.2900125835433707,,9.513450146187097,9.27627845108509,0.06918478477746248,9.207093666307628,0.0,13.901973581150608,2.980226884762757,35.71317843139919,0.0,1508.4108118905908,167.21101975717974,212.50441628969503,156.18139001213254,69.96896334358478
222,116,0.0,-69.78998507166033,8.606152699513892,-77.82196178329175,0.5254246920575452,,12.190102469176054,11.938228839077055,0.08620244264602661,11.852026396431029,0.0,17.34881818709092,4.854317801535765,38.910980891645885,0.0,1877.8513241671121,262.68701244624276,336.3014527261266,172.1723165823926,117.15058289077068
223,720,81.34063742686463,264.565485124906,179.3275086145532,89.56797156146418,3.9961065566774057,0.04178992658853531,40.90509146125987,40.36068019224331,0.5294933472760022,39.831186844967306,0.2855680179782212,42.11712763419133,22.76457978442344,36.55665164613254,24.531306888866432,11582.40283490717,986.4897604527529,1439.194415183468,1271.0890880521856,95.99483005993896
224,720,78.10253782110205,260.03099968742146,184.13435404800188,82.20592341022284,5.943978562317221,,40.378366030287,40.14183803787455,0.5298347785137594,39.61200325936079,0.0,42.263706920723386,25.635232017727468,36.99957611599063,21.32155867660133,11583.312975623856,1340.6299942111302,2002.5117988778793,1299.1497018999653,167.47151674768145
225,720,62.56032507611439,217.94969283210844,170.1112876482888,52.19287319282573,4.003118369459828,0.10447640717029572,39.58031869214028,39.08965130709112,0.5295680672861636,38.56008323980495,0.24409679463133216,42.2636931811228,23.481381375682798,36.463888479701524,16.393921678201263,11587.42327206412,1025.1771915710585,1478.4767576887482,1329.3079554350886,15.977505476866341
226,85,0.0,-64.08204305740773,4.0527710856330295,-67.7098780265493,0.38417584782002334,,11.255507729947567,10.989650898147374,0.06366766849532723,10.925983229652047,0.0,22.07774297043641,3.3278848069812517,33.85493901327465,0.0,1379.9531637788825,213.05121927063254,270.61560031213315,132.83483350397606,103.55932755942777
227,720,80.86606131863455,273.3684592235211,197.024894560558,82.73406302726843,5.999265005478524,,39.83738802699372,39.61964668519795,0.5290591795928776,39.09058750560507,0.0,42.26342031621681,26.24816711761751,39.49902980500033,30.037590166959895,11582.39999999996,1258.8971773967605,1923.1674113803429,1294.143372363861,262.4370421163026
228,720,68.61288784988888,227.3932573153561,159.68921858807124,71.87542999695891,3.828493503125249,0.044753775000572205,43.5741007020697,43.04987942567095,0.5297104846686125,42.52016894100234,0.2476211041212082,40.79791482063582,20.511496975832337,32.67517285140942,21.10693726520812,11582.906645621573,999.7971534384749,1457.0726853165122,1336.7453601844347,70.65864487665306
229,720,65.64213805321857,243.59171365176644,189.07823319160715,60.930684862617625,6.049500789173636,,43.79987045517191,43.561743520665914,0.5290750460699201,43.032668474595994,0.0,42.26059919206637,25.672899687068533,35.17679562190976,31.035000059748093,11582.3999999999,1308.8665375385654,2008.1947704000352,1300.7991440310711,420.3800064312468
230,720,57.51839861136806,186.3552834641276,151.850850247872,39.79649102874214,4.924865123055765,0.08825495094060898,40.68106889491901,40.194142987951636,0.5290222158655524,39.665120772086084,0.24441387504339218,41.77366870343402,20.786298758340532,37.620153096996994,22.5768669723088,11582.520927473175,1264.2153748291707,1859.693454939964,1316.4300736444125,316.444716420104
231,79,0.0,-54.83830100699459,5.654105108018375,-60.03398625498315,0.41663597366426897,,9.66255283402279,9.402867801953107,0.059528439305722713,9.343339362647384,0.0,19.656406471234245,4.606259225934365,30.016993127491563,0.0,1281.2689777159253,201.94623347122163,256.7602510679352,121.43158604993629,90.76882709302822
232,720,65.53031461828863,226.5499494345864,178.86277058580265,52.443983646704325,4.406662027617338,,36.15264660026878,35.925702212844044,0.5287318145856261,35.39697039825842,0.0,42.13049310820767,23.091680842774846,39.308322794936466,28.954278774045484,11582.399999999881,1039.1179197999095,1546.7196406363516,1305.5904627701807,258.83175110799243
233,720,62.60833672840831,214.12626891537047,167.16097939409866,52.773366838989546,5.414948524304257,0.05444284528493881,43.123470961116254,42.63677045190707,0.528709935490042,42.10806051641703,0.24844502797350287,42.26121151243846,22.99952494842718,36.22165330891354,27.859512409005344,11582.3999999999,1267.3576305470574,1910.2714847427467,1349.1077809773763,280.000484734529
234,720,35.52380771266041,107.11491594757278,117.69590437011047,-7.166244578605131,3.075088564840182,,40.102770479395986,39.85430156486109,0.5299223754554987,39.32437918940559,0.0,42.26353384327388,14.9658384033157,39.106930001962965,9.271378104021121,11615.936468240523,1043.7571521325483,1393.12027774505,1268.5425395205275,263.33887351603806
235,720,65.02276920800256,241.17355939353413,184.6529620331036,62.72408121719138,5.840347951654981,0.09326381981372833,40.90057210624218,40.40839471295476,0.5342899463139474,39.87410476664081,0.24498032918199897,42.263133313292386,24.704893956534956,33.660728599406866,31.27120581105567,11582.39999999994,1293.979545794655,1980.4632305356226,1302.83859773695,373.6825579440242
236,720,65.56548912815266,226.21088965267438,161.96467361108475,69.13691799650863,4.546682737779063,,42.67467907676473,42.391520741861314,0.5305182146839797,41.861002527177334,0.0,42.263384632190366,22.099315182465325,30.99703012989834,12.535501420327053,11596.031030363421,1172.2155467859116,1676.1931884409162,1352.6871408676234,133.65413868693665
237,720,73.25966848488702,249.99161336407724,173.97492232393864,81.25008093687137,4.908006067628861,-0.03401768207550049,38.206578029785305,37.74036431731656,0.5297779752872884,37.21058634202927,0.24770289100706577,42.23397895032104,22.95128439778693,32.63462801645133,25.468234826605478,11582.3999999999,1162.6502464048642,1723.6025915708303,1308.0463350928092,192.52636596583355
238,720,68.23300849809904,242.12529550484876,170.51180048459204,75.85735731113067,3.8845258580956608,,40.79010031092912,40.51414911542088,0.530841973144561,39.98330714227632,0.0,42.26367933607664,22.811144374008236,30.30432984253371,15.417396788539772,11586.928417765424,979.6682236046049,1434.7196781068658,1309.295275366354,55.97173983041948
239,720,61.09302056330217,216.5248782782548,177.4167229131119,44.032169707842854,4.553563156438863,0.029161425307393074,41.106323804240674,40.59741328889504,0.5287064271979034,40.06870686169714,0.24461615597829223,42.263690875176636,24.239049409377184,39.07693570938074,31.247243904758342,11582.399999999929,1128.6455582638073,1664.3797705504792,1337.9479370390154,136.76810058881682
240,720,69.16394981510987,209.7064290641549,141.2786856475867,73.18048224309337,4.382759958210619,,43.38828385202214,43.14683388592675,0.5301794125698507,42.6166544733569,0.0,42.25995328091589,18.678321292365613,32.573708693563184,11.979406121125583,11603.241866530734,1259.542983694168,1760.4392489901693,1297.024092170223,417.4331188130705
241,720,72.45915156794501,256.6841308693507,187.81537359682173,74.39438525764936,5.164726515844319,0.05675756186246872,43.78733585216105,43.28739581536502,0.5341469501145184,42.7532488652505,0.24490492325276136,42.263658561341686,26.568839912669578,35.26195893912033,11.208364997331161,11600.462566669281,1187.5036041806397,1738.281940114229,1280.9163693759815,195.07798013583596
242,720,62.62448584779289,224.08688041998593,173.16527292032717,56.375681521493306,5.119276880232718,,39.076012425124645,38.7982646166347,0.5286779846064746,38.26958663202822,0.0,42.200061938769736,22.716179181547385,34.43664508704624,29.473516130294293,11582.39999999993,1201.2328346680524,1788.9492742459036,1255.968949582323,334.24967601108256
243,720,71.8401585744086,230.6029349073511,157.84370084664886,77.2986993446358,4.172979572617266,0.11527623981237411,41.987029504962265,41.470407457090914,0.5277738636359572,40.94263359345496,0.24576997105032206,41.82942546032497,20.570026646019873,33.1908089020907,19.054661779574563,11583.908698030302,1095.6625241860825,1576.5365286731467,1279.2919689200971,149.2531246345457
244,720,69.15242602010869,201.81251729437184,144.2782813307688,62.912815556966535,5.001008751022141,,40.77512531867251,40.52323161205277,0.53036018460989,39.99287142744288,0.0,42.259279795910324,19.535523589497032,37.696018241625424,17.82714205202709,11587.48639509161,1375.2283205124572,1973.7148175037896,1275.5911469965838,376.3967389548808
245,720,61.24409511087522,187.3813552630567,147.1334858764365,44.13585114957408,3.5236137549771294,0.10265020281076431,44.482036971021444,43.98638268420473,0.5299840434454381,43.45639864075929,0.24349072435870767,40.46397490560631,19.357337211884833,39.17616953608818,26.635659597042793,11582.39999999992,969.9753058305798,1427.8706414838625,1322.4209810404514,180.8631471729363
246,720,84.65149340084297,282.9401578572518,197.084234105431,91.01850597231687,4.823299018277751,,40.72903208062053,40.49223380628973,0.5304383006878197,39.96179550560191,0.0,42.26379631989404,25.686723899737483,39.14224041468453,25.777759891513334,11582.39999999996,1113.7793057036886,1624.8404015610752,1339.5766996128264,155.08063622226354
247,720,69.63866471360292,232.91631827026345,177.5069734046245,60.56564406252541,4.797418394749304,-0.04955536872148514,38.39214904094115,37.88916045892984,0.5337777901440859,37.35538266878575,0.24695622315630317,42.14619846164536,23.98253036483203,39.35584268234022,19.84379693200455,11584.08435935366,1151.0363734629495,1717.1589445965672,1333.6686168919944,232.80748453492862
248,720,75.51987587070316,261.3306695454655,181.53113774186124,85.40045489173956,5.234367469303462,,40.51359992194921,40.254246450029314,0.5291810072958469,39.72506544273347,0.0,42.23378265051308,23.410797158043174,32.81964842483338,28.03228632958465,11582.399999999961,1191.7813329186636,1795.4396774786962,1298.5273870596088,310.44323291696844
249,106,0.0,-53.99429031409301,9.861143175442296,-63.29693276058853,0.5121258532288631,,11.406370638869703,11.127510715276003,0.07880795747041702,11.048702757805586,0.0,23.775689606090662,6.978165306218638,31.64846638029427,0.0,1729.5988198979505,243.14756700943497,306.6732996990184,146.68133938677963,134.83345939855238
250,720,71.12938886192659,227.91282640664068,161.7999122646675,70.94623981026953,4.46630836076577,0.08710126578807831,43.06923106778413,42.54299942497164,0.5299085797742009,42.01309084519744,0.2767130108550191,42.153921614484595,21.992621470509018,35.65626895679182,15.895437171237404,11589.701361897934,1151.118896434845,1668.6976119216986,1285.8492696840124,285.38972002572655
251,720,63.408401268423354,210.2367947587236,152.78511281273634,62.27295871025497,4.483795732724181,,40.81385342217982,40.55149153387174,0.5300686815753579,40.02142285229638,0.0,42.263811630593835,20.973477128926575,32.27192191329587,16.525301929719703,11591.422248998779,1235.2608012611315,1744.6286276367446,1298.2745670666595,341.5204558705651
252,720,44.124363381520546,144.6384219486226,135.65361066496794,12.846133931955066,3.5081781552894227,0.11703222990036011,45.46865315968171,44.97306375298649,0.5285192998126149,44.444544453173876,0.24535134574398398,40.5704870028535,18.58991326524848,37.70129641554301,16.512349957070256,11589.323987746464,1053.450560280026,1476.7553155090282,1257.8916738254961,154.34982450044055
253,720,75.19345769157624,236.17120653418726,165.97761512056945,74.7091092494844,4.185006700879074,,42.043725627008826,41.82167793577537,0.5299861957319081,41.29169174004346,0.0,42.260406921441195,21.823392506584618,37.83890306683404,21.603187945961267,11582.570865976568,1066.0504428224956,1569.3185105665611,1253.4623303358492,214.64787958280652
254,720,80.08005084927905,280.6288804842976,200.32406004539803,86.84074770507313,6.165466892146602,-0.02951398864388466,41.54690533177927,41.06069066608325,0.5286898370832205,40.532000829000026,0.244217440020293,42.26365476431807,27.387412939777445,36.65967699674248,20.426383372735092,11583.12747180514,1317.2605830003097,1985.7011290716334,1281.14336936617,225.61493694952182
255,720,82.94631014967301,265.54224205904745,173.8974935389959,97.6212177010062,5.629586283372432,,37.65524856420234,37.42806518403813,0.5295680183917284,36.898497165646404,0.0,42.2635412930637,23.190362370325385,34.13570129916991,23.067482742490476,11582.579967706426,1333.7086293246334,1963.8954309619555,1309.105552534499,459.65249182588474
256,720,61.68239998785773,224.47044705638723,170.87600991248306,58.81670062133121,4.869320019200604,0.08281286060810089,46.489488469902426,45.964394508861005,0.5290608378127217,45.435333671048284,0.2446289793588221,42.263934812032396,23.423086974701125,32.274049677192124,18.571802765534386,11584.621348032379,1173.5488593391822,1731.0391707086367,1282.9230387526184,330.9273294952524
257,107,0.0,-65.45546413522621,7.717570103033429,-72.62951023125743,0.4920382402174829,,11.094581365119666,10.852215546183288,0.08010778576135635,10.772107760421932,0.0,24.99679626062693,4.781020876656381,36.31475511562871,0.0,1733.7927362957387,242.08829010275497,308.91022145803544,187.6997320888948,138.11918294198034
258,720,59.05655965871771,206.71205625087438,159.8647299184661,52.121223744488304,4.939509939366039,,41.15815910231322,40.925636967644095,0.5308137531392276,40.39482321450487,0.0,42.19720197128999,21.651103127009417,32.99594778647356,21.133134915944144,11583.121213041488,1212.3669928139327,1803.1536497726945,1249.4926062245256,248.62317665692225
259,121,0.0,-68.30329480283756,10.71917499025303,-78.40743398040844,0.5574245032851002,,12.790298165287822,12.540425857063383,0.09126854548230767,12.449157311581075,0.0,16.280289114219336,5.058722371129749,39.20371699020422,0.0,1954.05649987177,259.7669049696609,334.4881339576713,205.84392129076667,83.11795699336469
260,102,0.0,-56.76496388341555,8.251386328463822,-64.49989535212482,0.47480859902843736,,13.539985593874007,13.26516524888575,0.07652683276683092,13.18863841611892,0.0,21.732983440531353,6.018992431973306,32.249947676062405,0.0,1659.9116411086852,234.09357604756062,295.85469567042236,151.57948728408988,81.61891015440233
261,720,48.365283086716495,171.38897407956173,147.506419121061,28.890881706846542,4.664038066158462,0.08063890784978867,45.70643352298066,45.19535376597196,0.5302936448715627,44.665060121100396,0.28667972004041076,41.82964692118819,20.667366861136436,33.91984223329322,10.382154412744171,11600.98718355903,1242.458751308648,1803.1301921745478,1265.6309589549273,328.70693126955285
262,720,48.38379982576171,151.6970517747098,129.12642693822062,26.852609828459123,3.9242320883300654,,41.02559448964894,40.78204489685595,0.5300593227148056,40.251985574141145,0.0,42.243169460887714,17.66795401690039,34.95749491153215,8.746482121819106,11611.657987231505,1214.4717660213978,1690.2436736711254,1284.8074040183628,386.7294481740724
263,95,0.0,-53.401875245342076,8.494919039008758,-61.410368828464556,0.43828141296013234,,9.442682521417737,9.208136986009777,0.07219873880967498,9.135938247200102,0.0,23.868944283787652,5.842195941070355,30.70518441423229,0.0,1544.1365696951218,207.35269340970234,260.96306705705587,165.2523076929613,50.71687448453785
264,720,75.3381949096779,219.81331478093134,150.19529277357742,74.58232129439307,4.59729901930436,0.12674246728420258,44.72318479698151,44.23190172482282,0.5450899731367826,43.68681175168604,0.2496553147211671,42.26383715605619,20.23495790373079,38.04703426248136,15.90436561656722,11597.987227722237,1257.5303397378086,1789.478520054112,1297.105315883626,211.01545104380097
265,720,63.627631015956034,200.62004307653874,157.54917856026753,48.46391385061857,5.073951914022889,,40.612195967230946,40.36546009173617,0.5290623838081956,39.83639770792797,0.0,42.263297660267625,21.698439573279078,39.39567409064675,30.42490763965027,11582.399999999932,1283.6992675840859,1904.9743703450745,1269.641391978847,229.16667635639908
266,720,54.58525437088839,177.35697046458233,147.88480940239634,35.209687492624866,5.360126806800414,0.05411277338862419,40.412571081891656,39.910471585113555,0.5294627295807004,39.381008855532855,0.2443236536346376,42.26301279345531,20.284636855937972,36.98041062457596,20.076817594572567,11583.490434944193,1398.4270497364594,2052.062476770067,1283.647452496123,435.61685186047566
267,720,59.34481031955126,192.9297752405295,147.18149938796148,50.780698743930856,4.679909261167296,,40.566593694966286,40.25917792087421,0.5306289466097951,39.72854897426441,0.0,42.26385763508403,19.937479440764793,33.95446094758582,10.909321791433122,11606.892893362276,1243.7006162002635,1798.1205814744833,1223.2163179654276,369.5544500231317
268,720,85.47694170605699,289.60064404704025,190.78709265965622,104.8261876575065,5.64997446360381,0.010841199196875095,36.680220456793904,36.183021946810186,0.5283191064372659,35.65470284037292,0.24442815082147717,42.2638346948635,25.202218515633316,33.06384787730374,15.509660464169917,11588.770121339221,1302.2748276469813,1881.885162515508,1297.2155371417084,218.21880198268227
269,720,64.29904740379536,219.21644316847048,161.43448278710932,62.33449913044001,4.189236685738981,,39.80670038796961,39.56318557308987,0.5297892936505377,39.03339627943933,0.0,42.26370010594513,21.603364813938473,33.13179783857535,14.950774841352507,11590.957054599554,1118.0766575391879,1585.2116166265812,1347.905802366065,85.7837479000835
270,720,70.90902607304687,239.52381604049552,180.6577489008962,63.590493225165076,4.372299142590763,0.15506194531917572,40.723154176957905,40.18392283981666,0.5283713690005243,39.655551470816135,0.24478079983964562,42.04979899263749,23.79387594343354,39.11377946046433,14.66149591066559,11588.688965864403,1017.1667524653833,1502.8056137437625,1326.3151033517781,27.98132683286545
271,84,0.0,-59.00142464678525,4.866934919191543,-63.415370418384114,0.41708001095531455,,11.42044584825635,11.144873942714185,0.06343044154345989,11.081443501170725,0.0,20.771359448482027,4.052926999557808,31.70768520919206,0.0,1364.651877057275,217.21878423185305,277.27237636419744,107.69330207918117,132.2314739467182
272,720,72.73753933228139,258.6613429472116,193.46281008408215,71.41968836920685,5.85967120303837,,37.2111915149726,36.9774747681804,0.5287773222662508,36.44869744591415,0.0,42.25696609401398,25.46604312788242,37.02769514767796,30.65484892029491,11582.399999999938,1280.5883197898154,1947.672241801135,1327.5807783800683,313.35373179391337
273,720,74.54105785600848,250.61607534921808,171.7962286999808,84.05576543682676,4.865732723820697,-0.019070493057370186,38.82025836594403,38.318452074192464,0.5294922916218638,37.7889597825706,0.2493230509571731,42.25864170553563,22.572386479255762,32.5131751375951,21.107909618220276,11583.395839062676,1173.55430393182,1742.543220243893,1340.2020297318843,236.1123133222362
274,720,65.2720825203491,241.8178745965993,180.1411794527922,67.78002560333996,5.75853244973467,,40.79975738096982,40.56124876998365,0.5279627931304276,40.03328597685322,0.0,42.26370963418699,25.354951097243294,31.382069718679123,21.721892482636754,11582.852991927526,1335.3265038432864,1989.56206890708,1258.5112022798548,279.47323049795904
275,67,0.0,-67.12539409673649,0.4095982017913124,-67.2923582986833,0.2128445372846527,,10.224285369738936,9.949180151801556,0.049954652320593596,9.899225499480963,0.0,2.0347039978785166,0.25982475635331603,33.64617914934165,0.0,1085.0646546271707,160.9710309852287,205.41191882308544,93.47392894450415,118.66290232386453
276,720,81.71704103747628,288.67813400677045,200.1825485601003,94.92984151460296,6.080358129416088,-0.0022671089973300695,39.3423952399753,38.85814241506159,0.5271902699023485,38.330952145159245,0.24566600704565644,42.23210049421485,27.42609550217549,34.2521202801748,15.866396468737237,11592.190570067522,1299.8122206118444,1944.804156274395,1296.674640119937,261.7845482578877
277,720,65.97658566930758,237.8200733683059,170.79758532893655,71.8685512866864,4.522252939825884,,39.75944520905614,39.49873486114666,0.5292832814157009,38.96945157973096,0.0,42.19141136965468,23.335194526655577,30.04231002596438,13.091620094836232,11600.37205933818,1160.3428322106674,1670.1755239180459,1265.5238366170815,265.61897401406713
278,720,73.57095656797176,265.2641791316213,194.95749435460846,76.48548312863383,5.818601790698204,-0.0334223173558712,44.94482939271256,44.43040962610394,0.5298165446147323,43.900593081489205,0.24411011673510075,42.26004923494035,26.670156058299884,35.32821500365485,23.55272106046341,11582.46088087266,1270.8813960718828,1909.5239086153915,1317.9276223582567,193.0053193627461
279,720,81.13308938166942,292.1966572270323,200.94509587509813,98.11132737508733,6.465772627322652,,45.578454203903675,45.32002970809117,0.5320619479753077,44.78796776011586,0.0,42.26350710281131,27.626123416502796,32.07742569412576,19.83441669328888,11585.5482483233,1370.2838823281347,2047.8638449396476,1281.2268257709852,104.65287432114712
280,720,77.31800872902475,272.60574448169064,191.07116745110238,86.19920070785568,4.32097191258215,0.07493645697832108,36.999336345121264,36.54191376361996,0.5326647646725178,36.00924899894744,0.24879916664212942,42.26010877141965,24.23004539490068,34.218408375096914,29.263309325771765,11582.399999999936,989.075897971729,1469.9826256978909,1379.6283578742232,69.61135023028686
281,720,76.61333896141454,278.6970893040899,198.97073663177392,86.09616473994178,5.99694784267442,,42.61396152060479,42.37081219209358,0.5295589212328196,41.84125327086076,0.0,42.26363745423699,26.835745318228938,33.56525659144365,27.947586523018263,11582.39999999995,1281.4117554423608,1938.1615742645383,1350.0109944157018,172.00496349879234
282,720,70.4053444599796,255.86050256289766,192.73672836119917,69.22086632718705,5.741826976970294,0.07589346170425415,39.49355131573975,39.00644840160385,0.527703374158591,38.47874502744526,0.24811582500115037,42.26371722075332,26.28584224599732,35.794911296386076,31.594710160361323,11582.39999999994,1224.3675248392717,1870.2576408804728,1264.2483568668233,133.72275434792104
283,720,65.47088390059922,208.50233770566035,149.336442186473,64.67391292745177,5.124321167273045,,40.320694013964385,40.05475178314373,0.5289230267517269,39.525828756392,0.0,42.26353209325963,20.69109916446022,33.13392743687333,15.596993080246497,11592.747755353157,1368.4052314346252,1967.0414814878452,1340.8371334551134,155.50311129341787
284,720,67.15402525453091,222.54435212487743,161.8902275308901,65.99825575012366,5.006693111364852,0.0036469209007918835,41.12280522938818,40.60322135128081,0.5268467888236046,40.076374562457204,0.25067100999876857,42.263063136909594,22.12170689504941,34.15489737946907,11.434705363393862,11601.091778728258,1273.399105312825,1877.3067835597801,1319.2397655512339,209.10850222612407
285,720,77.91737796295558,283.686256493603,201.52623979653495,88.57412029940286,6.060761170046702,,41.91053102910519,41.6319937822409,0.5321078556589782,41.09988592658192,0.0,42.258692839550996,27.467480219050795,33.63031781325415,12.184678647304068,11600.21416343833,1315.2959555620614,1947.1337792174666,1314.8133036160618,205.0919180946998
286,720,76.81770694180067,254.80481968096137,182.26421254773766,77.5858589067965,4.727649211871085,0.0017461571842432022,39.010868364945054,38.46766913263127,0.5332629615440965,37.934406171087176,0.2492595468647778,42.26273771215403,23.641193381315208,38.024777488402414,26.009367022676315,11582.39999999993,1099.0271653653556,1633.4633939777227,1288.7265297148897,66.73951647769431
287,720,70.79871783111689,259.02588083541247,187.49670849372325,77.53818453691761,5.650293124298648,,43.27204418415204,43.0009408169426,0.5299831405282021,42.4709576764144,0.0,42.26349521583342,24.633128819057706,32.02962556265808,28.80016120004887,11582.399999999927,1265.4628596824978,1904.9858885581884,1344.7873306509216,94.0796743663297
288,720,70.99267875676732,226.8435030217341,161.50957253316503,70.97231788879186,5.288651223447929,-0.0037344612646847963,45.53098002774641,44.997142881155014,0.5299191153608263,44.46722376579419,0.24684339994564652,42.26374559973819,22.430648188709874,35.50651981237139,17.255047034870906,11589.257956853777,1331.9873483018705,1960.6739054222344,1270.8977433152625,306.7531200984243
289,720,65.24319362934789,236.73458193117472,180.0182234503507,62.733173929222545,5.643295068831895,,45.9310915293172,45.6858789101243,0.5312810512259603,45.15459785889834,0.0,42.263604101629085,24.593375853885387,33.87660666473661,23.300695004723252,11582.498257507277,1311.8723391831836,1960.3863019328314,1292.2873127043115,146.4246972235073
290,720,55.61012022285414,208.923554294864,165.62863983410776,47.99376422105995,4.343026020138378,0.034272175282239914,41.41060215421021,40.90702160121873,0.5287872985936701,40.37823430262506,0.248350587207824,42.26312061856173,22.495668872785814,31.613238112324165,17.74073009442531,11585.301945879188,1090.3459226755149,1595.860371504089,1351.0708979928777,93.06213233424131
291,720,79.53033719018376,304.1711052836149,227.04127594893012,84.34815091160425,6.833360314941121,,40.26198905520141,40.009809660259634,0.5310123497620225,39.47879731049761,0.0,42.2635873932245,30.413165043105835,37.35626173438163,34.1671127430249,11582.399999999952,1281.8991989122237,1999.0194564431715,1362.0175222681157,133.48750363182072
292,720,71.19224958159613,263.5983372739215,196.67354694508634,73.2461135685531,5.960870941796923,0.020837388932704926,42.365743953734636,41.877430881839246,0.5366097218357027,41.34082116000354,0.24644909799098969,42.26378492386054,27.345230398751852,34.56919279731958,22.35089636899879,11582.636301649738,1298.0828355104059,1945.6835949012798,1338.1535333665063,136.3336000180221
293,720,72.09868532518362,249.85524099560826,175.01105697372057,80.67456339368664,5.436869761060422,,40.0548530430533,39.801643426995724,0.5304100238718092,39.271233403123915,0.0,42.263585815500285,24.284586879796482,31.761403628340307,18.839855927236464,11585.007076546171,1308.5165465535622,1920.1797583110665,1361.400348481888,148.71816553613175
294,88,0.0,-57.43681420974339,6.628670050937105,-63.61888494300052,0.3970844144703047,,9.73961012903601,9.498034426011145,0.06570995133370161,9.432324474677444,0.0,14.184299048925343,4.494064413553643,31.809442471500272,0.0,1427.746415073667,197.73739891132996,249.4300904464212,164.45788380884227,53.22478241172566
295,720,62.89699234161946,237.13303570542178,183.75178952494906,59.29980323535955,5.568177728833662,0.12323466688394547,42.97119240742177,42.474551792722195,0.5299389562569559,41.94461283646524,0.2543515092693269,42.26392476103994,26.39200931920033,33.24709072393968,9.930173915706092,11600.861960960185,1252.5715527141458,1858.5924978718,1312.6210997711592,222.57542301190904
296,720,72.08309989948687,267.71130807440323,197.26494316835118,76.68490735976962,5.863945512781801,,42.940300301648676,42.68130517471582,0.5287986947223544,42.15250647999346,0.0,42.26367350926325,27.453182144158,33.740646219602056,20.953439144282765,11583.64010661098,1256.8355567381736,1879.7891887253281,1358.4768398297049,163.58893622869533
297,720,74.14314344051316,249.39466201715038,167.14720745184334,87.7508349725801,5.139012816505613,0.03538409620523453,42.52048461185768,41.99470026511699,0.5317306029610336,41.462969662155956,0.24951423099264503,42.26391542352103,23.543730824614627,30.267725954223106,15.010427200711824,11598.061662660817,1274.0498398668144,1847.6159619121568,1262.6576686526132,60.500638080907315
298,720,82.13546787655214,293.6294755756026,207.9110707175044,92.24140695604092,6.1487963493692295,,43.600428318139166,43.40261675370857,0.5291266450658441,42.87349010864273,0.0,42.26385682052737,28.675190260404523,36.01476439853169,12.603149741382461,11592.911611195063,1284.4082335588962,1924.873432329818,1299.9649365945638,16.02193339317344
299,720,82.1701179759232,305.3934787182462,225.44910469116041,86.7496618267792,6.446559362906377,0.06443329155445099,41.81739031802863,41.30132258590311,0.5290258130989969,40.77229677280411,0.2505131019279361,42.26361178657721,30.709114587625972,38.7952870625336,16.876165752679782,11586.70698833676,1277.6649819489646,1929.50559326086,1302.8094266832488,211.27515457787408
300,720,78.10354105607719,271.47996400756887,200.06427089438307,76.27107709848137,4.506440927200096,,41.620356045197695,41.34564980957657,0.5322941327467561,40.813355676829815,0.0,42.26313203482822,26.93844180251551,39.968002506836505,22.927124693610093,11582.534702698926,1008.9892267039231,1498.8385395142204,1300.9357253067976,155.62392783661616
301,720,72.41252365833955,246.5458452050327,187.24701499266288,65.31033502678953,5.653773585140294,-0.055631015449762344,43.61864972440526,43.090700486674905,0.5307301701977849,42.55997031647712,0.24897545110434294,42.26369824425533,25.94814165332692,39.75735614494479,19.21813225482609,11584.33790882586,1296.4860842513078,1931.0164271156627,1334.6212943117691,232.7368624939966
302,720,80.2595335132205,307.97102562753537,223.78710060223813,91.01297906757972,6.494254807545394,,40.73870133282617,40.49047306505963,0.5292670582421124,39.96120600681752,0.0,42.26280222547191,30.360328897894114,34.75304397943064,19.53781245369989,11583.658710666936,1256.816751991088,1912.0955788707486,1299.6691792320087,116.28483722760353
303,720,68.5104370154654,238.18340866942034,175.8250933262364,67.8900576890864,5.167261369892581,0.10684307664632797,38.889641808811575,38.40146742295474,0.5287768924608827,37.872690530493855,0.2524099815636873,42.26387282021703,23.209288050230693,34.5654081709222,25.90067504542222,11582.399999999936,1212.280359850039,1800.357886730686,1344.4665980178304,120.88069205479198
304,720,81.397112111295,310.81147276302636,224.14277463524692,93.40066568074995,6.377128914701644,,45.15708005102351,44.86288248794153,0.5299817700870335,44.3329007178545,0.0,42.26349863743461,30.033483812818098,34.696779270920025,24.649493318383062,11582.401041027915,1254.7524394983507,1908.614094358666,1335.415045340626,145.24169648580406
305,720,80.0557300869598,284.4353795161394,196.76714070943808,93.9278776528244,5.900474679173074,0.09448298811912537,39.97061606775969,39.60624014213681,0.5286536342464387,39.07758650789037,0.12617207318544388,42.26367809933734,26.66963828560023,33.091791260547595,18.496301749077197,11584.152200334596,1298.5462941429885,1934.1034434803323,1312.0290597132805,218.72566659677662
306,73,0.0,-56.213831102814694,4.430502250244079,-60.2830563123008,0.3275832289809568,,10.227673954796046,9.992690690793097,0.055594163946807384,9.93709652684629,0.0,11.859611248684516,3.430061680332211,30.141528156150393,0.0,1183.2684198037764,176.7234294461315,224.2562556724904,120.79254018515206,91.74845425141585
307,720,53.60461752210698,185.14741627841602,146.7999880226505,42.73685052445242,4.036584041366961,,43.511660375166684,43.28495540516451,0.5331004648469388,42.75185494031757,0.0,42.26365510952075,20.149429279456108,32.23619225988077,12.327088837189535,11605.100291856072,1142.147964056643,1600.636487804067,1283.0221987820207,218.94148641084686
308,720,72.33243559622724,260.8813043989395,190.1502559041855,77.00705692459587,5.910542100287772,0.0065696644596755505,41.54737797472626,41.04464845312759,0.5340351611375809,40.51061329199001,0.25640060333535075,42.10758195870903,26.055561909659282,33.828907133929306,19.32660211561956,11584.049538347863,1301.4824000053495,1947.2646339189866,1327.592220602197,132.74939671598872
309,720,82.95047180275289,302.64176915470335,209.4062497388806,99.83643085294923,6.216953212935546,,41.39920839993283,41.14756584307179,0.5361902951262891,40.6113755479455,0.0,42.168130329248775,28.125684796481462,33.03225637627827,18.69641250682746,11584.656670376264,1313.1861240935593,1967.4282849777032,1365.5427933253484,219.95754259398552
310,720,73.30220854507743,275.6711337816004,210.11533445562281,72.03732222534396,6.1241819789689895,0.10109841823577881,39.40273205470294,38.9157151710242,0.538025766145438,38.377689404878765,0.25143852923065424,42.26375067360847,27.719345943051984,37.283547432405456,33.997787109015235,11582.399999999956,1223.7493477664002,1893.8195387396404,1326.9661487881417,171.7621112568788
311,720,73.41695938594677,255.73948850917586,189.17762851775512,72.64145217596977,5.706902385025512,,43.27993553318083,43.02348727313802,0.5357742649503052,42.48771300818771,0.0,42.25270774128467,25.734687388393922,37.09623329796188,24.121528991640243,11582.412812505389,1279.6623055684495,1926.7679444090097,1342.530136060681,258.83825263992185
312,77,0.0,-68.65754819666176,0.9128320065897623,-69.32857357978703,0.20840477934598822,,11.841511001810431,11.519947567023337,0.05804740311577916,11.461900163907558,0.0,7.088198753079922,0.5715188699830509,34.664286789893524,0.0,1248.9754833918141,146.97535736172435,189.87441179075498,112.64511291257101,116.75083215413923
313,720,56.72346678495003,185.02383484980916,154.82666417213687,34.32312699781437,3.760343185968158,-0.02347259223461151,41.619373010937124,41.11316843889654,0.5351147321052849,40.57805370679125,0.2572109312750399,41.16254681614208,20.34989303524701,39.56190328604284,31.764398621176376,11582.399999999945,997.0535474785818,1463.555010765306,1350.9725191036323,66.50647874694651
314,720,74.23426368967365,249.86046360730836,181.30021797720718,73.23833824343225,4.334769438017286,,39.95671622874215,39.7197474790737,0.5342899141833186,39.185457564890385,0.0,41.59634503339237,23.04216546857582,37.61509456795753,32.465077539994795,11582.39999999997,1028.1435725493477,1533.5618826565596,1314.2395309833857,147.38430990452036
315,720,57.46733784925101,227.25380275248753,194.83972509562062,38.49667319395877,5.729809129342087,0.04974928870797157,41.85563014307991,41.35316217131913,0.5350704817101359,40.81809168960899,0.24814748903736472,42.26351064351792,26.480532241748556,38.219001252271624,30.836891135569893,11582.399999999914,1240.6018011830472,1879.3329461195003,1357.6927228936217,85.79636979384878
316,720,82.20143880069574,301.122166376117,211.79730754125458,96.17528819538586,6.470358915553384,,42.36355638829991,42.094114976003766,0.5369505090638995,41.55716446693987,0.0,42.26362735448643,29.422279210212178,34.11379470300281,16.3266023621388,11589.713325347784,1321.8163429648944,1992.282660807758,1292.5358191677992,120.70878650588404
317,720,68.46912653311415,260.17618215034065,198.7584413827693,67.86100867322286,6.070237064783064,0.024633659049868584,41.55341090494767,41.043370387051255,0.5347020924091339,40.50866829464212,0.2500337609089911,42.26344672249204,27.562481622405066,34.53862219650272,18.96804043961167,11583.957487478763,1320.834671190811,1999.157772409057,1329.0992056685966,188.0036265540261
318,720,62.703622430102776,173.66404892766317,130.69105457713812,46.81029972361037,3.497172377992715,,42.58227406302467,42.338195657823235,0.5348257021978498,41.803369955625385,0.0,42.263656253025395,17.687205900822605,39.29847256829759,15.766221735909546,11595.432493594168,1055.8475223117653,1475.1095094401473,1405.34695934401,65.88470031720351
319,720,69.91970906006155,295.54390554784595,225.09932811324117,77.3165998622435,6.504996424681969,0.08408420532941818,38.74790474912152,38.249634934123605,0.5333783244714141,37.71625660965219,0.25064430898055434,42.26386683121338,30.565468895382416,31.261409128939793,24.537876566608638,11582.40103609802,1262.3379019849292,1938.7997454760286,1318.0352908357827,207.70758596121829
320,720,78.55379377812504,273.7133660201456,189.78767746033427,89.4629668341104,5.1872791536608345,,39.311813320964575,39.06875338917598,0.5350367501378059,38.533716639038175,0.0,42.24594813017997,25.02031687779564,33.82231036106984,19.376142083028892,11583.84878233192,1180.4376886206392,1740.0397735139238,1314.417570436669,184.5062002379035
321,720,71.55690089910492,265.6780129114458,188.78713770373022,82.85060144610722,5.613468364295926,-0.06075833737850189,37.125348519999534,36.63824817305431,0.5350191933102906,36.10322897974402,0.24649485992267728,42.263730337167665,25.20689297831638,30.131600176051304,23.094031125100777,11582.466585642826,1257.0675996377033,1885.2440291659461,1342.1052649978114,113.40083225894752
322,720,75.32826933051548,263.78476637107497,197.50966912482286,72.1261507886044,5.523139597878848,,42.2428188691847,42.00096558080986,0.5348527058959007,41.46611287491396,0.0,42.26363422094903,26.551667516794787,39.26519393621328,28.07876242617392,11582.399999999972,1205.2956299332848,1820.1596005449926,1330.1956982644774,89.13550398241077
323,720,73.5504455557949,272.35557399115044,197.74545910916905,80.71306034308391,5.770500689089659,0.061416592448949814,40.02836553286761,39.54551068786532,0.5333871571347117,39.012123530730605,0.24866878893226385,42.26346841245952,27.20637635453112,33.19391538425294,18.585884606137075,11585.129976974898,1258.3514708767468,1881.190655275063,1284.3665547613614,106.66889747618912
324,720,62.36909950749565,241.3953734250046,195.92958880479674,51.63077163120718,5.823359826960704,,44.3007098659873,44.04091646196321,0.5362968002445996,43.50461966171861,0.0,42.263503682678646,27.059196313982522,36.55371369189206,21.733608206962256,11582.785289815673,1235.4564099671811,1875.5806388397964,1319.4900628599792,40.65686930178986
325,720,81.58210966356513,303.0679024702521,222.42483398312342,87.50513995685672,6.499592707551619,0.07631447911262512,36.42179224267602,35.88487401371822,0.5376248331740499,35.34724918054417,0.2495731501840055,42.263534387613596,30.053461398810704,37.82953968513677,25.14345600536474,11582.39999999995,1261.507488327518,1934.2989287837347,1333.5897504763207,109.65173972447515
326,720,52.32292067512575,155.1442627997329,127.1624129860796,32.85036337483392,4.509085025065027,,47.04410094488412,46.77666872367263,0.5351911908946931,46.241477532777935,0.0,40.92873580815417,18.01341749444711,35.89773898770879,15.23658173046466,11597.237652535177,1364.0078485385752,1920.5391836988936,1306.6105704577542,360.2413283512639
327,78,0.0,-55.704773398622734,5.169903985924153,-60.48470143481403,0.3563043273517866,,10.970415982883424,10.690476616844535,0.05939058121293783,10.631086035631597,0.0,17.94078136321385,4.022448523266111,30.242350717407014,0.0,1265.0340324451063,178.3639255769689,224.57458568047443,119.7846777875226,65.82913843842877
328,720,58.9744881227205,192.87521527061432,156.76228678632745,40.300227707169185,3.8297494716107603,0.04184769466519356,46.194885697215796,45.673796215094626,0.534440528601408,45.13935568649322,0.2568969130516052,40.21901583762225,20.695981407558634,38.82437426913591,23.72695000695941,11582.45416972732,1053.4443328728837,1523.5986501261248,1299.8275239869681,179.5724122252871
329,720,76.01187081876681,288.2213346149678,213.3339162550855,81.73529662740175,6.474609099661269,,42.77879036217928,42.48738784017041,0.5324014341458678,41.954986406024545,0.0,42.263661480990265,28.99403075893175,35.14422250506593,23.104362795369322,11582.476733992156,1294.6582839535247,1977.8357173870556,1342.8150800506742,111.76611652834391
330,720,73.23298007779734,270.20707205901834,193.0761695777306,83.32296249946404,5.801661701412773,-0.04307914525270462,41.8966409759596,41.37671605730429,0.5340362656861544,40.84267979161814,0.2503331247717142,42.26359408522797,26.062219811874357,31.571498828065316,20.817772863567217,11583.0004271023,1283.0141685683793,1930.1948419564837,1353.148798905719,57.498512644118236
331,720,76.4660647256332,283.95520744022446,207.48028175742945,82.75272747664849,5.917657817261773,,41.25076716626063,40.98629677388817,0.5360535988584161,40.450243175029755,0.0,42.26353190367541,28.005614352256497,35.08970098730896,21.757162623029803,11582.853438225808,1263.8666688057656,1892.6212592112831,1344.5501282647538,163.1287691602443
332,720,55.19025130923488,193.46879802583092,160.6584301840835,38.25526669006614,5.081898713249971,-0.12029597908258438,43.64309550402686,43.17369249043986,0.5345121952705085,42.63918029516935,0.24636010779067874,42.26368153672544,22.473781095523993,36.06261796420181,30.74429455374415,11582.39999999993,1246.051737644813,1845.0322425405056,1346.5090160461377,91.15353449255227
333,720,49.86176107939267,170.44526835145422,151.6888804281743,22.611788699319078,3.503362643963336,,42.78238313598558,42.51570593798533,0.5330324745737016,41.98267346341163,0.0,41.72335202888006,19.343385542383942,38.55586672973313,30.86400089011791,11582.399999999896,933.9229407364853,1375.734802650255,1363.5039882839849,157.90087336824965
334,720,58.28305187172579,188.4889296127088,153.6330755377634,39.40821202991121,4.216369984198082,-0.08851265907287598,44.04248197609559,43.50988448644057,0.5340083809569478,42.97587610548362,0.24938845820724964,42.26347949539277,21.286653179833287,38.57894585677018,18.199153635477614,11585.92825551868,1098.074124545906,1583.0394619408669,1321.404990951997,56.41412994631282
335,720,72.43169530781329,291.9769578375708,219.78238153742544,79.01723086939272,6.436211882294316,,40.69585873000324,40.44380742916837,0.5358151299878955,39.90799229918048,0.0,42.26369129753173,29.753092769115447,32.923079873116926,29.51236603347483,11582.399999999941,1256.0368025719915,1934.0657278663452,1358.6734201202232,228.06508710868275
336,720,69.38708340108245,241.53750280478008,182.91207214352497,64.71385330016072,5.729423588299823,0.030644062906503677,43.112430438864976,42.614038394298404,0.5357722630724311,42.07826613122597,0.2464889152906835,42.26367138529658,25.74571686832536,37.03015675100209,20.891536968225918,11583.859845359088,1321.977568809544,1959.2650626828276,1300.7896276914964,132.33005546995415
337,720,72.17343159106082,270.0783679196247,192.6631191006171,83.85181929234841,6.0632835873026245,,41.31205636402592,41.07109294086695,0.5338411587290466,40.5372517821379,0.0,42.26251976309159,26.531627781699246,30.247521944886614,18.330255372149022,11585.813491879646,1313.6730003692087,1969.7060993550015,1281.8830231815837,214.0858594167933
338,720,60.85967861260863,245.67447762118408,204.2668187171876,48.20507662765334,6.409342025693411,-0.0068564810790121555,40.83169470215216,40.34288586815819,0.5338787017390132,39.80900716641918,0.24947818415239453,42.26348524879396,27.999526027248876,36.75714029878196,34.32150133688225,11582.399999999923,1305.5555385936004,2020.8511988715363,1319.7317332621194,205.60307425731935
339,720,74.2014893267296,278.01395233312803,212.24028519876083,72.76370817064837,6.601207117725581,,41.41982211684808,41.16632600920275,0.5352902193553746,40.631035789847374,0.0,42.26369233442988,28.65283515324989,37.819635241405415,33.59763180245246,11582.399999999969,1315.7288524916114,2028.5434373824571,1328.3239168899868,138.42433777064693
340,720,72.80798121230825,275.00001868345225,199.50961975368583,81.99322609313452,6.124832285266681,0.08915916085243225,45.05848002806306,44.538504688069224,0.5410382677800953,43.99746642028913,0.2481474680826068,42.26149879189497,27.60445646313364,31.811368165740987,18.910073289655394,11585.24971551979,1272.7793762094514,1921.5575880827644,1284.6135340488354,150.43807216043848
341,720,78.31637400612588,295.5498120366427,223.67818844198277,78.92907661993362,6.681085099784777,,32.62893060222268,32.37697170116007,0.5365312332287431,31.84044046793133,0.0,42.262507121781134,30.328411000342676,38.85183569615907,32.059016541494394,11582.399999999949,1274.7530024513906,1969.074505496825,1336.3715605272332,104.43111287117772
342,95,0.0,-61.657671029849595,5.926475351234687,-67.30690245110479,0.24059762347261582,,8.676186142954975,8.43967522168532,0.07157603790983558,8.368099183775485,0.0,12.409294902107026,3.8393455005952757,33.65345122555238,0.0,1540.759196778173,131.28494253518713,164.39591064638194,175.2545245617518,24.43369225881879
343,720,76.23830270850134,272.02966383573033,201.5150767073486,77.11159519002835,6.211150674857381,-0.0012986200163140893,43.25532613834366,42.75537519529462,0.5356197752989829,42.219755419995636,0.2560821627266705,42.26353715303308,28.046355114767916,37.68250511348716,30.69223285260798,11582.39999999994,1298.612259516821,1970.8108431668286,1347.7890921747037,138.81696096977095
344,720,65.80801236195587,217.35180825335,164.77976579126505,58.25030432421249,5.3363545017805505,,42.43288980796933,42.18596479576081,0.5348305045627058,41.651134291198105,0.0,42.263578147445095,23.07202638127944,36.68286019984963,17.86048199939013,11585.829561415134,1313.128969184888,1945.1327736928445,1268.6639741458002,281.52090284344
345,720,88.10785510277151,324.98178496085944,218.8004580544938,112.9210056117513,6.371521451387783,0.07157964259386063,37.20848725177348,36.691206058021635,0.5354003366082907,36.155805721413344,0.24633766803890467,42.26355730818209,29.2324728034626,31.64735229689586,16.161991405758933,11587.082692187338,1278.77651264928,1923.6048751137096,1380.0449482236404,109.46278612703519
346,720,81.61979631461462,305.79924877493744,221.5307676461904,91.10990412370819,6.462623040136804,,35.76673100888729,35.54414296615869,0.5362761402502656,35.00786682590842,0.0,42.26388414666033,29.72464117677803,36.06484425276052,31.59574723481789,11582.399999999954,1251.4908740664043,1930.5475587750846,1358.1287452830304,185.66257190345726
347,720,83.16104471783703,294.71544725725823,213.56246100783244,87.60688901153165,6.104984922577142,0.10383602976799011,38.25771243404597,37.75083407666534,0.5364077347330749,37.21442634193227,0.2499172850511968,42.263598121495015,28.444269092948847,39.357600212071205,26.174509877567232,11582.399999999961,1250.156586231574,1896.9525691000715,1323.9108313664165,128.01987599670838
348,720,77.31014875264208,249.81327627729712,171.5464034941262,83.15020416313777,4.515601164401461,,46.52583638112992,46.23113118810579,0.5362509824335575,45.694880205672234,0.0,42.19729711338714,22.887856459640343,35.73504667107319,10.070539478666568,11626.558739148964,1133.7266284480497,1627.138206492521,1352.31282052573,71.2567500864655
349,720,74.9199270929068,289.79864124927883,223.78724295877464,73.11009582547587,6.719793880778041,0.024035761132836342,42.545578418299556,42.019253065343946,0.5284254383295774,41.49082762701437,0.24836415704339743,42.26374378200323,30.628727318848863,38.36487918016887,30.89318900707747,11582.399999999963,1287.4707720645656,1989.2303733210485,1339.9471493090512,154.30331351256885
350,720,67.807811325993,220.4589965568013,170.48701593988318,55.701197017625745,5.375500036387881,,44.32118092337623,44.04382123425603,0.5290023521520197,43.51481888210401,0.0,42.2635974015635,23.33719443208521,39.95721281718013,22.499812769091935,11582.52293498277,1284.5634204710727,1922.9795119304683,1309.1259288906547,268.5210856279694
351,82,0.0,-60.08058460445676,4.882398962664018,-64.56648826175618,0.35923409662756806,,8.887922703754157,8.611994496081024,0.06203989265486598,8.549954603426158,0.0,24.563194963082186,4.0681778138417215,32.283244130878074,0.0,1332.0060936030748,199.43061894732264,254.55495266644056,117.3185462716503,93.5052433600664
352,720,55.48244207445799,180.77363322299985,139.16008161092245,45.12425830231106,3.184658068588601,0.0394512377679348,40.64289202680811,40.13124935468659,0.534811167512089,39.5964381871745,0.25624941708520055,41.624664885975015,18.391644387631786,32.92031292330246,19.116892085642085,11585.190177271023,917.05274523832,1316.706754620385,1307.198754991938,186.49965967575508
353,720,57.66487635571803,215.52682668039364,170.34295753708201,50.91971168471514,5.3404015857249165,,42.19715553894639,41.94493105681613,0.5372968544252217,41.40763420239091,0.0,42.26350723494966,24.921394568910596,32.20502051336045,14.068870241376022,11594.904309634643,1252.1557314265222,1828.1253282086723,1305.7847466307226,56.63824640584305
354,720,70.83981346221513,278.8688906512503,205.32347813505862,80.45677931021845,6.527507905537077,-0.16134542226791382,40.71223974227905,40.21148741012439,0.5317294523119926,39.6797579578124,0.24842378264293075,42.26325283448762,28.453735723789077,30.611423807105904,24.00216213875025,11582.409778049345,1351.4569127251739,2055.8714523755434,1256.4922171128412,255.00428665479396
355,720,62.29922352805308,218.59044297773474,174.10109620987507,50.98739355102974,6.085376642252894,,42.318784561008215,42.07711905008182,0.5308757568709552,41.546243293210864,0.0,42.263535502510564,24.94648658998869,36.80552675253821,21.04686063018396,11583.110102938692,1414.0798725567865,2116.418614773878,1298.3713990964307,280.5412308905533
356,720,65.77524552365362,233.16499914029004,185.6728779997611,53.62487036191318,5.744545935172013,0.03736394643783569,41.968265923671424,41.57273951591924,0.530477796215564,41.042261719703674,0.16806615935638547,42.263566095619154,25.781292718873292,38.96281034269703,32.80181429388068,11582.399999999916,1258.5537954711633,1908.080342915398,1279.5658828281478,103.21752431865642
357,720,79.11170019578017,278.6083174985734,200.30734964297264,84.93460861571188,6.243813205824954,,40.954625837970525,40.68032293021679,0.5310040293261409,40.14931890089065,0.0,42.26362712132727,27.151358139703397,36.64439588792423,22.47892758010285,11582.585923205026,1326.9003324370788,2021.8877484517586,1325.4431192500995,207.70010286648304
358,720,79.0954698670211,285.45274404933485,199.95343296739944,92.16897389200741,6.28571038310475,0.08190140128135681,45.61436296906322,45.15485671395436,0.5278816339559853,44.626975079998374,0.2115848413668573,42.26368073656116,27.144298810767513,33.01098292101739,24.778977855736624,11582.400278505913,1329.3055800001712,2020.5517122125923,1329.6260473142738,219.58143619073405
359,71,0.0,-56.380544930415724,4.032614078936864,-60.08842947270004,0.29137720196459294,,10.125280526932329,9.851914613042027,0.05372090172022581,9.798193711321801,0.0,21.072040615361892,3.159383531929926,30.04421473635002,0.0,1152.6072107656796,176.9972064631885,225.79301395055614,112.45668913461324,48.40729085691199
360,720,80.49855113928041,306.776126018341,225.54774905363138,88.23959946213135,6.635035194247998,,41.09429688472301,40.8027428840287,0.528583422768861,40.27415946125984,0.0,42.2634997431654,31.001788854474945,36.37875140821473,25.618598334261083,11582.399999999972,1285.0451191845834,1976.3266985970358,1325.9903675302899,131.53700126077462
361,720,73.15995537183572,258.3830455719991,188.64384997148926,76.12864070343481,5.998900369479941,0.22479215264320374,42.27183894999325,41.75094337295741,0.5283315884880722,41.222611784469336,0.25347012421116233,42.26348723971271,26.29603089341675,35.095635020118316,20.228397537136225,11583.632095015066,1342.726071255024,2010.2723737202014,1322.0509075258883,189.9994050634331
362,720,73.57702844915352,278.21188983098665,211.716411205807,73.0714461161476,6.183098869638393,,41.366990527138114,41.10963456891477,0.5301836589351296,40.57945090997964,0.0,42.263767415748404,28.762124713651705,37.04130539107972,30.581729692561655,11582.39999999994,1269.6776672300698,1940.5684306422827,1371.835703974645,136.9396958810821
363,720,72.48090654387056,267.29755893529733,194.38893233723678,79.17409073265944,5.8926390613803905,-0.06904995441436768,40.531205361709,40.03064528899267,0.5303163258358836,39.50032896315679,0.24976825201883912,42.26365946876577,26.43227753493704,32.89386117754084,27.560010648462917,11582.399999999907,1279.6387529141023,1929.6919785227801,1379.9915904250372,105.80076209490083
364,720,81.92828782229624,307.98152837383407,211.60731651567824,102.9391816406395,6.186761378363642,,43.440972296055406,43.19473064225167,0.5320915170013905,42.66263912525028,0.0,42.23388033278614,28.687689186665704,30.458697001976493,15.470088775628435,11587.715029479277,1277.0150896079072,1929.0083176860978,1314.5110538183421,148.6860983485191
365,720,61.03693414101596,193.41020591270586,139.7793319049914,57.794982392254425,3.8196547719152614,0.0712055116891861,41.60490666516125,41.105378065258265,0.5341832595877349,40.57119480567053,0.24939912743866444,41.55730021173379,18.94805778192484,32.13944294488875,17.728064039769205,11589.696349120313,1134.39360206739,1599.3886821751998,1377.5084449607846,182.82969544205645
366,88,0.0,-76.83740508583665,1.421918908648656,-77.95980899502652,0.24832630122006605,,10.046308062970638,9.773344588000327,0.06622644839808345,9.707118139602244,0.0,4.728553825706083,1.1373164256276196,38.97990449751327,0.0,1424.183979524608,176.327756468441,229.4108584413233,142.83291802817374,92.58283100311607
367,720,71.1623446237027,242.65031172565284,175.67158940003756,72.02702967901406,4.664739430841902,,41.84521869383752,41.56917213695124,0.5284551661461592,41.04071697080508,0.0,41.74931489969502,23.432439599657926,35.14882978419566,26.15393144380643,11582.399999999909,1109.240802422688,1643.0043864983643,1392.0359541820812,87.75289484879258
368,720,70.0369650457471,264.33502419932194,195.74522973666748,73.91955302613749,4.985778985894228,0.019441571086645126,34.08980774786323,33.56177914189175,0.5276523195207119,33.034126822371036,0.25246062921360135,42.26394652164952,26.208694076698997,33.07718853267835,14.012042860831828,11593.907967676816,1135.3648318490627,1672.0982308686964,1287.0965946506171,178.8497781097617
369,720,74.96765792442882,305.53807455655954,225.16208891667338,87.41179440689295,6.64807698128808,,42.109456915874034,41.859998719766736,0.5301509154960513,41.329847804270685,0.0,42.26343771896488,30.884776216800407,31.261760720982345,20.781782762106282,11583.516882301614,1294.7933858953988,1974.4068711671657,1332.8925457229554,215.64977139659794
370,720,66.74045343398963,252.48042602180314,193.50785621092848,65.164016857364,5.82852298208333,0.21102401614189148,43.48317508213222,42.99730698065832,0.5300116594880819,42.46729532117024,0.24844588059931993,42.26377672162391,26.68117134993084,34.15844500530763,25.73394286638061,11582.39999999993,1279.459220027171,1925.123035458327,1366.4384806840947,177.55782406314887
371,720,68.56294602672342,273.1976286382085,208.5336104124834,71.19564078323712,6.16006542852627,,42.16017728112638,41.92945379996672,0.5298674451187253,41.399586354848,0.0,42.26353235893797,28.01611224356006,32.96512563510486,29.7979113272033,11582.39999999994,1240.4041728196903,1903.387283357883,1338.2409460920778,147.43202276733257
372,720,87.74376288084952,360.90972467695616,260.8391332597256,107.73078473145539,7.271544304797311,-0.019903654232621193,37.43665594421327,36.96808525873348,0.5324058341793716,36.43567942455411,0.24651838885620236,42.263749182982444,33.567911220271036,33.87837051512182,32.35032469643097,11582.399999999967,1236.2321006404777,1934.7489386926907,1338.8897243627246,82.83914012158182
373,720,87.69416403672759,326.6724668839019,234.62403238724536,98.8372695012095,6.3931134334352455,,35.96770422114059,35.69140467373654,0.5295804082415998,35.16182426549494,0.0,42.26366202381146,30.98102090702287,38.27552928612283,26.567696786217134,11582.399999999963,1237.475230138418,1896.2046690145849,1402.551092973402,173.69903439671913
374,720,70.72519033583126,248.78706054930663,173.07383831575763,80.51392373457517,4.446277072336874,0.09172187000513077,41.87946514412761,41.32654139166698,0.529202095232904,40.797339296434075,0.24755109194666147,42.259189420124216,23.506726810898748,30.468228468543668,14.370039041014548,11593.163597493167,1144.2990114107033,1664.1522146061718,1313.871186068419,249.80569965838686
375,720,82.04578444276551,305.8725843270789,219.33238007393476,92.0419491454416,5.134856013165021,,42.48171567590907,42.22156043210998,0.5328086488880217,41.68875178322196,0.0,42.26355578981147,29.624187240030167,36.02480987004471,12.920842189419094,11591.107782252666,1029.6573463863067,1547.023808538971,1385.7582401745412,42.95811889558614
376,720,57.18542883030179,236.61627452622255,191.84729373682313,49.84735336352185,4.694070956374063,-0.007155877072364092,40.644451233092695,40.14493377879262,0.5285664852708578,39.61636729352176,0.2501795426942408,42.26345293089702,26.295298904295517,32.261752148540864,21.73240182605648,11582.895783848558,1068.493654495676,1569.4082116113273,1355.385894541166,98.01594120013038
377,720,75.98908535360056,273.773845293273,201.7240892248316,78.01713202522924,5.587803222610121,,39.664812081027776,39.39736015396193,0.5309175089932978,38.86644264496863,0.0,42.237588490407944,26.959086101196018,36.980519340985936,32.0162519086768,11582.399999999958,1170.1977745838933,1784.6195632026684,1399.6140248769082,149.17414953743935
378,720,74.98579249085576,294.01363100060917,226.9865597377359,73.29549170736848,5.878009470320301,0.08466918021440506,37.26901024393737,36.790266985073686,0.5313643421977758,36.25890264287591,0.248922280035913,42.26327465313941,30.479982190379364,38.338046637171516,34.582060177326504,11582.399999999965,1126.0012238929958,1734.8192234745338,1365.8831559071737,112.02059378896662
379,720,71.67628395016233,245.74321302886275,181.05287862779042,70.97951538928197,5.892514643423734,,40.06275741895661,39.829846914857626,0.529541923198849,39.30030499165878,0.0,42.263770200933266,25.92749911100122,36.18652625552134,23.33007728214132,11582.45685268148,1335.5108784837157,2009.2930340283347,1310.29548836965,257.1986332897229
380,720,83.35559694065458,297.29483024958904,216.6450522078947,87.54551791673289,6.510762081512681,0.07125590741634369,39.89156690519303,39.39689759071916,0.5284506822936237,38.86844690842554,0.24938717391341925,42.26374144072542,29.067106378654458,39.58283798228813,32.9430920979982,11582.39999999994,1286.352769507747,1983.573678206602,1335.3856035514166,255.80473092786863
381,720,67.6145983625975,262.51294666604133,204.22648835218715,65.16927740967354,6.4872379255606045,,35.45221633883193,35.21493629505858,0.5293452371843159,34.68559105787426,0.0,42.26373858749205,27.876680030142925,35.029959657760735,31.555242335251133,11582.399999999918,1351.88611905191,2089.0794611161946,1271.3272731959935,259.46603493730686
382,720,52.839125412030164,196.92180934159097,172.55630446175783,29.657163715694722,4.910084666946018,-0.10624218732118607,42.072355842683464,41.58822661312297,0.5269873989745975,41.06123921414837,0.246015639975667,42.26352016899559,24.162343815074173,38.0105435541828,27.38398860132038,11582.399999999938,1128.4027932153385,1677.025502463102,1388.3093002831229,56.277377923904936
383,720,57.403818398565754,209.41197344971812,167.70389483684482,47.337176426725605,5.259947882789536,,41.6218210849911,41.36531681707129,0.5300252358429134,40.835291581228375,0.0,42.252597349104754,23.326903304097847,33.73523018520295,25.578936957582695,11582.399999999887,1236.6908040055823,1840.6205930168508,1346.623771895443,116.88624568546915
384,76,0.0,-59.05378091222945,3.9082405787293752,-62.60209266870184,0.33275455213829574,,8.108330409042537,7.870169616304338,0.057367957197129726,7.812801659107208,0.0,13.22926435441948,3.467463507772891,31.301046334350918,0.0,1233.5218575200568,190.9832216392981,245.47324626144743,109.49600094962359,117.11455903434113
385,720,50.56863713689904,166.3526860630813,133.96972607785162,36.04250330935048,3.265663317214537,0.023964902386069298,40.78418639022857,40.2668259232305,0.5411070957779884,39.72571882745251,0.25283350609242916,42.26341705371002,19.344637187303796,32.547385482223795,12.377297034877808,11597.669878821478,955.4804156735727,1351.727993764506,1326.8036338398479,189.9717449336986
386,720,77.48219621487674,272.7585609523673,191.93635460508585,86.86118439825285,5.651871917689022,,43.820603869855404,43.56617724895477,0.5306433788500726,43.0355338701047,0.0,42.174971547313746,26.059954677728033,34.051604015750314,17.305796975682476,11586.963414662885,1258.8317154350334,1887.3289703090304,1352.7716431922565,124.33657264573752
387,720,79.80419992000067,300.77211938332016,214.98552842647095,92.80519690859187,6.602490830755416,-0.00108159554656595,38.95442243712023,38.41923548653722,0.529614981263876,37.88962050527334,0.24965762114152312,42.26358169524693,29.26599492062557,33.401601465704736,21.966621558374623,11582.590259770586,1327.8762206700817,2030.9250907734104,1316.3251354538947,107.48809840411855
388,720,69.06829304120122,264.38751739001157,201.0609406984142,70.0041137249886,6.2714832187174405,,42.44464225554839,42.19548866990954,0.5312917931005359,41.664196876809,0.0,42.26246457460532,27.92743938031069,34.066236178706916,24.151446987295678,11582.415051512751,1326.0193266855413,2010.2236616836099,1350.1771528354914,164.3574677017997
389,720,83.67339101178956,326.8135197526971,229.89221403768175,102.82085563145255,5.5074618546962775,0.04390276223421097,40.20421386323869,39.708207983057946,0.5306647969409823,39.177543186116964,0.2471764050424099,42.2638569008225,29.90274497074901,32.26296319606329,22.876926419933856,11582.574911214953,1075.9684838030998,1632.1834932420393,1472.7157042646998,164.8826628656628
390,720,78.82733429028578,287.04450723183953,204.48228684000142,89.03627251397855,6.095390062860194,,40.82761903619394,40.58625237317756,0.5302912467159331,40.055961126461625,0.0,42.2638426661472,27.849565790858836,34.309198033296504,24.492342273158144,11582.402722304385,1299.6969660055197,1956.8873135674496,1349.3512643575737,130.24183125685173
391,720,67.58145124710755,239.54146053833017,180.23105343557978,65.36160132693865,5.668778527797158,0.046309489756822586,43.60253411112353,43.08262379234657,0.5295176692306995,42.55310612311587,0.24752935068681836,42.2551320306625,25.045487889599396,34.900650583638225,25.55703652875625,11582.39999999994,1326.148805276861,1980.4963317609656,1313.3405878709375,254.33761898781944
392,720,69.58364789489254,266.6590453181226,203.47173445093995,69.78590986477917,6.213443745936442,,42.30976205691695,42.03962179971859,0.5291875009424984,41.51043429877609,0.0,42.26371220975016,27.990480407085183,34.69069296250295,29.123819089875763,11582.399999999938,1276.0780486634314,1958.4740887098228,1287.6077447814764,95.62040803975106
393,720,78.13622495404391,294.10076684239493,218.3596267856378,82.84593288259154,6.700103124952041,-0.0050330632366240025,42.84471112396568,42.33343472098932,0.5274585355073214,41.805976185481995,0.2472123638726771,42.26384474140308,29.791881145961245,36.71325851274814,26.73668047259245,11582.399999999936,1306.574143645028,2012.04508411805,1358.2283247566622,133.7890109646667
394,720,84.74449629700017,315.64457154019925,229.45480058776943,93.3481947760554,6.742525348752372,,42.8129067257978,42.54642424965277,0.5295871687121689,42.016837080940604,0.0,42.26379285697316,30.538401950203326,38.07039890897247,35.25645724069261,11582.399999999969,1276.0071602992055,1973.351133321296,1377.4276360150689,111.28289207699983
395,720,58.57357216854896,210.2863549260212,177.67227505992966,38.94211852252428,5.908481082042326,0.03358258679509163,40.52822150429711,40.01733796624467,0.5338769108057022,39.483461055438966,0.2496336055919528,42.26376403141968,25.25800983120146,39.102512907286815,26.88573745077835,11582.39999999993,1361.1796173885245,2050.371389596907,1356.971335835387,91.22815267583321
396,720,62.126065541624,217.5003278379804,178.50234443905566,45.23186485586186,5.814159525937521,,42.4524384541437,42.16035843221471,0.5310769113712013,41.629281520843506,0.0,42.263380935290975,24.988649502006012,39.51013311369307,32.58755067478774,11582.399999999907,1324.6049984003957,1999.0270614959275,1282.5444597194871,299.1291722616583
397,720,70.97528055435937,247.32103939149874,191.45072586596456,62.26613544053927,5.991994135458803,0.023292995989322662,41.65923286508769,41.173209220636636,0.5301185678690672,40.64309065276757,0.24856245517730713,42.260994014018834,26.47748078095828,39.842212834089736,26.412428724581737,11582.399999999936,1307.7914831928022,1989.9244108460732,1386.7520923994446,177.25218520253114
398,720,83.67657504707468,322.57290588776266,227.35387007831534,102.37434878265316,6.754297607185249,,38.89892636984587,38.636632500216365,0.5302732391282916,38.10635926108807,0.0,42.26343627831152,30.64228715989799,32.4894006557481,22.838899710116163,11582.535477152476,1306.4306469104265,2005.8772264575982,1357.5550782159858,136.58574466956873
399,720,71.79886628537588,251.0871917218455,178.83917514302186,78.55324850129051,5.899549618902639,-0.002389980247244239,44.447053282987326,43.94990451587364,0.5291841146536171,43.420720401220024,0.24733612593263388,42.26362414087119,25.327068507008,32.52224203473063,14.706817625679236,11594.405965492873,1377.736178460645,2037.2899919365661,1353.3941796002805,185.3077777448079
400,720,80.74812540915163,278.1938642597888,188.41271402349508,96.15498065565676,5.972715241464114,,38.88548224698752,38.64545106701553,0.5307567059062421,38.11469436110929,0.0,42.260999178271405,25.35984015720372,32.67063508132325,24.017163121084074,11582.424777098697,1329.6197733783806,1999.0933479273274,1339.7337752373232,282.16028779717055
401,720,82.22050633711801,278.31192471627634,195.49010505073932,88.86335310015735,5.642675452782839,0.009213993325829506,41.51437021885067,40.9870918081142,0.5331987435929477,40.45389306452125,0.24654670292511582,42.244178571327936,26.785645285219022,37.78882978703933,23.13646209026414,11582.499655385913,1202.713466108166,1813.6611420624076,1357.2126486420714,149.14984026015406
402,720,77.20994336952704,301.2839109479001,222.20812328361117,86.15154170041187,6.661611475787008,,39.142406737897545,38.91748731397092,0.5306052952073514,38.38688201876357,0.0,42.26356902329583,30.18119281190108,34.134172519321105,26.65766155532402,11582.39999999997,1314.7301080859065,2014.426600771792,1364.5320165261708,183.63640251823176
403,720,73.09957415067694,234.96852063941398,173.3747920259974,67.0521900989356,5.071478684041428,0.03830869495868683,41.84676921973005,41.32151947496459,0.5293839084915817,40.79213556647301,0.24923997791483998,42.26303090976554,24.161792570317118,39.573479101209145,19.971116231831612,11585.103567564063,1203.5915055380663,1782.2788722267946,1370.2601412996273,179.78102207937684
404,720,75.36369216671615,305.50235177426765,227.08353770516825,85.62600012376996,6.795932069887762,,44.80248300312087,44.52388079278171,0.5317947003059089,43.9920860924758,0.0,42.26369783261967,30.76317706108527,32.55069210483117,28.384940075233228,11582.39999999997,1293.7732786556699,2001.235185328192,1367.3855038534407,159.19853620366473
405,81,0.0,-70.799102711201,1.30707035543758,-71.8878024038521,0.18183704607039844,,7.685964155010879,7.44538491172716,0.06033997889608145,7.385044932831079,0.0,4.778323992410239,0.7895384787662763,35.94390120192605,0.0,1312.045361480381,118.6122440108903,153.02215219154672,135.08380760967458,32.402788829218416
406,720,80.41769534324646,298.0565028602493,223.80401322521004,81.1416179478742,6.531685128375714,0.07299934327602386,33.78157617803663,33.295088263228536,0.5276391692459583,32.76744909398258,0.25260119792073965,42.263688950256,29.810271590725804,39.84688636930937,37.2831365809883,11582.399999999949,1251.250817827203,1939.789182839913,1299.2819345697126,180.0587025244935
407,720,71.96241150659945,263.04546211925623,201.6522071565778,67.631331431017,5.85357867943066,,39.22346410760656,38.980430031660944,0.5290793753229082,38.451350656338036,0.0,42.26221643544322,27.038863109794264,38.14674579109095,31.029141774441882,11582.399999999952,1191.7932755505287,1834.085010359516,1328.840580113481,237.25253854524277
408,720,65.07087133694321,214.12488672230532,167.1172605810486,52.64429236926297,5.249550186240314,0.060179900377988815,45.63753056898713,45.17239410895854,0.5288076959550381,44.643586413003504,0.2112405369989574,42.26363080062722,23.545541766350464,38.74872515231173,21.89939173922162,11582.81641962384,1210.5881399184675,1817.0892006597421,1329.1754532997372,242.35924827137674
409,720,81.38062559863629,280.08528840168947,200.37276605288105,84.84040804766275,4.749378027805971,,43.14864871324971,42.86929957289249,0.5354078430682421,42.333891729824245,0.0,42.26349685617423,26.18985677207473,38.96042157480491,32.01503509421154,11582.399999999954,1038.6452619758873,1550.4029447215396,1359.7061479967201,126.08112855951708
410,720,85.11261750643656,307.03763124081445,222.23442881226566,92.03495264824144,6.835118144837119,0.01968245767056942,36.70835149893537,36.194401456043124,0.5336015629582107,35.66079989308491,0.2499725497327745,42.263246429017414,30.12086038717324,39.09514118231584,28.765263006795223,11582.399999999969,1314.5325830951363,2022.400588906625,1329.0513007884028,182.61313854167187
411,720,79.84698732145473,329.26434778184955,239.2010504131037,97.1708339402125,6.701537991517589,,37.63765244698152,37.400733122136444,0.5291770324110985,36.871556089725345,0.0,42.26344710759446,31.939624219104815,31.261570351348478,27.61285426058226,11582.399999999965,1207.597273908348,1862.1999394478257,1433.6580066214626,163.59175862180928
412,720,64.34450217824929,250.78449119465327,199.9294486630337,57.487647979703965,6.249083937485212,-0.027772244065999985,43.861153258010745,43.370324396993965,0.5278087933547795,42.842515603639185,0.25017540995031595,42.26363582004459,27.83792070246433,35.6006781883973,27.35408390101436,11582.399999999918,1348.6974162341974,2057.6162342347598,1265.6007047408914,327.13485022953364
413,720,70.59006971791914,268.36176470415216,207.16805746302526,67.407309234968,5.773440547027738,,38.95705763576552,38.687268008012325,0.5308348559774458,38.15643315203488,0.0,42.26371048146716,28.587592130750693,36.88641510043514,28.087765831560734,11582.399999999947,1192.9252116656517,1806.645890974909,1380.4631644233054,140.38738336284743
414,720,84.49571017529092,295.20892767756885,209.94537655729448,92.1061356656414,6.423749677686642,0.07179807126522064,43.109492348041385,42.59967906260863,0.5369222844019532,42.062756778206676,0.2469316702336073,42.2608310647149,27.957319383635266,38.44264234247022,32.86872359762471,11582.39999999994,1286.8886267608207,1984.780898178663,1427.3399805880863,179.82612397936464
415,720,88.42904750857417,284.7375896706009,189.07108757241477,101.16065500156454,5.098641293089586,,40.11444962164387,39.85492969676852,0.5294550703838468,39.325474626384676,0.0,41.715077119804945,25.168451029481176,37.848720007791904,19.251631124648306,11585.015845354626,1122.959276895493,1670.3471458908482,1400.3326465371813,99.45942168159189
416,720,79.00564442209452,313.8804560543762,225.2943743394355,95.80834820808977,6.787459267869899,0.09108871221542358,37.427359560038894,36.93188331602141,0.52860770188272,36.40327561413869,0.248443559743464,42.26371004865471,30.435349275760476,31.10147031804963,24.079478540112188,11582.418997297918,1312.1324088709323,2007.827203167744,1428.9680288639845,173.54344596324037
417,720,70.87909663694698,262.734758641326,201.6281971659759,65.84551573696248,4.375279364032982,,37.71873223921284,37.45488072698936,0.5308016296476126,36.924079097341746,0.0,42.26361469124163,27.61537735424354,37.95633876846574,17.951616252731196,11584.947270728026,1003.1751103105327,1474.5228853190529,1358.232447105265,216.4873991517706
418,720,63.469601779459914,223.31108731502718,180.1306717469165,47.29193914383866,3.7635431087932427,-0.09292560815811157,39.42755852686241,38.94236350804567,0.5297987810336053,38.41256472701207,0.24424092890694737,42.2620827872333,24.370276379737952,39.823632207540584,34.9071676607891,11582.39999999992,846.8793946836423,1287.3210168199241,1385.377433528052,124.92235578390635
419,720,64.48919101195062,225.73594949984778,176.2188054768611,55.958787276908254,6.028595038549548,,39.48592828772962,39.24817949766293,0.5309542114846408,38.71722528617829,0.0,42.25267229093939,24.520001331199257,36.5097973734965,32.181830189218225,11582.399999999923,1369.1251206459724,2091.4722405184593,1334.5405835663291,302.88302239936456
420,66,0.0,-60.65406379730851,2.0156235446509703,-62.368263113329846,0.2675735205001453,,9.38580969767645,9.106332981958985,0.05022220965474844,9.056110772304237,0.0,13.796563570358288,1.87264750904716,31.18413155666493,0.0,1069.9327228947004,158.9885355675715,206.14329621115687,82.73992693932784,165.2390089869933
421,720,75.39932755957297,262.67933244224065,194.83294721810756,74.1864704773268,5.9213211260499286,-0.014592891559004784,40.51377430325374,40.026685813907534,0.5405646138824522,39.48612120002508,0.25278343772515655,42.263667606926454,25.91884590992791,38.30609232090957,35.11776320268843,11582.39999999992,1206.0717315716254,1873.6486756985778,1301.842771608396,259.4991453962711
422,720,74.56634177035839,267.27443111857895,199.1717832852221,74.64386016176479,6.141938445291289,,38.23596884915605,37.99899624614045,0.5283478428609669,37.47064840327948,0.0,42.26386349683307,27.341277967201393,37.244411689475996,27.812059509475485,11582.399999999947,1282.8383800406207,1959.797769594633,1356.929615450348,249.20732843484433
423,144,0.0,-48.94584511992589,15.430076304090239,-63.83153466294251,0.4761049022927623,,14.639257584232837,14.365703767165542,0.10698262928053737,14.258721137885004,0.0,20.084518857903895,8.332102633995605,31.915767331471258,0.0,2348.74480685605,207.74063674755268,260.81933903950284,252.5624665792735,82.25785935129484
424,81,0.0,-64.2099778029613,3.18618854982145,-67.08345317327358,0.27044708301431314,,9.756502901669592,9.499297414906323,0.06046549370512366,9.4388319212012,0.0,7.846826753314218,2.3731621371875313,33.54172658663679,0.0,1313.9819268444062,168.06236161541904,219.3018557177548,115.20182383020783,123.76719573897383
425,720,82.26397869155807,297.7387761438441,217.38361475221063,87.70406354374694,6.921384812604434,0.07548147439956665,41.42500135675073,40.87560486374423,0.5340649136342108,40.34153995011002,0.2871861266903579,42.262975273195686,30.36653616505499,38.411946919684596,26.48334926526274,11582.39999999993,1342.0374357662126,2060.0825206476925,1349.3924790327794,140.59931040461407
426,720,76.34603710982276,295.89563229052203,217.67889611782684,85.53470979900965,6.891092577178366,,43.19593844702467,42.91231861477718,0.5302538489922881,42.38206476578489,0.0,42.26326369335363,30.017165816566266,33.578682210317936,31.15707461933542,11582.399999999934,1351.402963267613,2082.3494046300148,1370.653623493704,123.87130527426434
427,720,73.01638382822505,281.1354468503387,219.48072993531403,66.71438142131709,4.700554841537853,-0.009620562195777893,36.69515789905563,36.21177056804299,0.5308879488147795,35.680882619228214,0.24685132689774036,42.03320808970251,28.33137391622825,39.6591931175665,36.975093496617276,11582.399999999934,936.6603644570914,1438.0012257936198,1317.479629573492,94.16978781865986
428,720,72.8937859611194,306.2029603041285,227.3349431850832,85.46504791631645,6.189551628776276,,39.79981962405145,39.54791830992326,0.5286798835732043,39.01923842635006,0.0,42.26384308511901,30.735061476219496,30.16126200296118,28.502505784272664,11582.39999999996,1189.471093077503,1816.2106066383908,1337.6984851794984,123.83905135190876
429,720,61.869753453251676,252.63217197423796,200.11226045240727,57.379293248813525,4.487574471973898,-0.0384473018348217,41.46477833390236,40.961104257032275,0.5267064333893359,40.43439782364294,0.24952447600662708,42.26345639841324,26.89698005245448,33.18010682884491,23.791245215789942,11582.447170499576,986.6370603697184,1471.0494345703776,1290.763946396272,282.0518623691697
430,720,83.82651588401781,297.00550995148814,196.3605709479468,106.08569488023468,5.017476475190664,,35.49927442101762,35.25680211186409,0.5304811326786876,34.7263209791854,0.0,42.1497611499219,26.164077183338243,30.783668443900474,21.12411674512897,11582.982074937061,1050.3522999402637,1579.6395505520231,1361.8975979248607,163.0618731757919
431,720,84.5482648389648,337.145803109028,251.1340551450518,93.75606037175123,7.342157659755299,0.0790969654917717,35.25105328625068,34.7908743461594,0.5287410165183246,34.262133329641074,0.24839219404384494,42.26382077022612,33.41820709694922,37.67023465308918,32.725774350513,11582.399999999967,1274.6981777945957,1990.8450439572666,1357.676294996939,98.53702926898879
432,720,70.74043240710046,271.22675000936107,214.05242275365254,64.39629959391667,6.781620564317691,,42.08783508371562,41.86145249893889,0.5276320390403271,41.33382045989856,0.0,42.26340970307686,29.876685725725956,38.542282610142124,33.41291515775238,11582.399999999934,1356.1218438365104,2088.4731527085487,1367.0815853014328,191.50782074103742
433,720,74.33087532902638,261.2794072501172,195.85149368685643,72.12734720325174,6.262896402031207,0.12069464474916458,38.234430510085076,37.80241575976834,0.5272662290371954,37.27514953073114,0.16879558097571135,42.259939643513654,27.124514851344333,38.26720172740051,34.67595058871051,11582.399999999921,1323.1997382389561,2029.3011367559427,1416.0579348275562,67.64903350999198
434,720,82.05862679364371,263.6481575991348,181.63011166438338,87.23323750868028,4.849138454847231,,43.779599010013044,43.51497110398486,0.531296890694648,42.983674213290215,0.0,42.16123949186981,24.071771519208095,38.44200803930357,27.06360984914967,11582.399999999956,1121.5151332355472,1689.523185077412,1355.3423408887456,217.80408056437795
435,720,68.11611123338457,248.72244713744297,189.60899238774337,63.85856880327,4.374018931221903,-0.0449163056910038,41.11503602191806,40.626496254932135,0.5330926631577313,40.093403591774404,0.2130777696147561,42.26383617486021,25.511460356333565,36.18682683174957,26.092071936804672,11582.399999999945,1022.1152804226646,1528.4491140449384,1288.8986824233777,250.99734911306018
436,720,72.48519490383985,260.5125893882481,188.4994287924238,78.03615741071317,5.603108292309411,,38.368644243106246,38.084925044793636,0.5294237714260817,37.555501273367554,0.0,42.26287508178511,25.692597860549924,33.46711619848327,20.37920198945251,11583.831082495833,1282.6949821328321,1895.619455061209,1357.977883416016,277.3897653645268
437,720,75.19911794965701,264.07081652265396,199.31886021273203,70.9109995465787,5.730638042089781,-0.026719968765974045,43.98748891521245,43.49574354290962,0.5290501937270164,42.966693349182606,0.25040574790909886,42.26385230345143,27.202580495344158,39.74361817636766,26.283478442855525,11582.399999999945,1210.4895023929803,1833.985769660513,1377.968913261752,184.77977555731877
438,720,60.674376127593035,230.96911154725885,184.52229207380154,52.40794576971024,5.531631248712438,,42.140369368717074,41.88676446815953,0.5301292901858687,41.35663517797366,0.0,42.263663168634444,26.125406930333956,34.470403242737916,24.49234894390477,11582.403209383116,1240.6741394865867,1848.3248715456136,1378.6744701216521,100.23893526475653
439,720,84.71960574639797,293.085108161686,207.1831078210601,92.76978627742213,6.433555828559051,0.1734880656003952,40.583038098644465,40.0794569789432,0.5301022985950112,39.54935468034819,0.24920044792816043,42.2472332965039,28.273499923554766,38.33471260768691,22.710539214953567,11582.524293072282,1351.132549791882,2031.3487525460978,1386.5822643993572,198.063203692113
440,720,67.73891478293315,274.79969003816575,210.71300519304296,71.2170294819404,6.685320574627518,,43.02647197805345,42.780089191161096,0.5281477281823754,42.25194146297872,0.0,42.2635338151495,30.12215753094463,32.13040004196295,21.594385549929314,11582.782763310368,1299.5041171589405,1981.0235474278356,1397.1028949553665,168.7982850016136
441,720,76.15235884341234,281.4571018125135,209.8634333560235,78.61944976271641,6.567907524626461,-0.0493304505944252,41.51885630795732,41.030576060991734,0.5324815190397203,40.498094541952014,0.24604464741423726,42.26387871420728,28.863945835784914,36.84263396205414,32.22341850759698,11582.399999999936,1290.1877581567471,1994.1181466674302,1367.502416621812,125.51883869917378
442,720,75.91004631395268,256.4023905086763,171.04315542388323,91.66964366620635,5.873153834669798,,45.18619378609583,44.92651614174247,0.5284023038111627,44.398113837931305,0.0,42.12978538351053,24.067368945711603,30.0752244808495,16.73088940640759,11589.685147091475,1437.8244895861164,2108.5923187220565,1333.5814634803169,338.2869313369201
443,720,81.52238355517053,320.3442854372535,227.34133543567225,100.15335441293259,6.732139031641884,0.15621046721935272,37.96705969097093,37.48558442527428,0.5296767582185566,36.955907667055726,0.2469670558348298,42.263872441034536,31.05235399010249,31.445706348704245,22.76992485964907,11582.519072342408,1301.9722847759717,1983.3568224372468,1405.9979705896865,88.98329960372436
444,720,78.49439728482447,292.6400842808515,204.07244854219542,95.46195828513271,6.4382081763564525,,43.95585180912167,43.705816756002605,0.528825290966779,43.176991465035826,0.0,42.26340852933582,28.002955243256864,30.763418142258114,19.97862771359608,11584.172037470938,1351.1764707444925,2037.48223256586,1399.8229955632003,121.87397463033761
445,720,81.39760863826777,283.3899442713721,206.58968944288918,83.9694023695463,6.668064488286718,0.04485844448208809,36.57355357380584,36.07742869108915,0.5269029322080314,35.55052575888112,0.2460314119234681,42.26347462203102,28.52695627507665,39.41290745349462,30.550858495044647,11582.399999999936,1358.7829732869304,2091.489300994888,1484.4953278771616,155.3374691831603
446,720,86.74530150453504,331.47386850343395,232.46362082536356,107.0610449527538,7.574040094258819,,41.93056465592235,41.68858014699072,0.5291637582704425,41.159416388720274,0.0,42.2635900230066,31.865691326113584,33.214779028158134,22.71034181363565,11582.552102522232,1407.4998208943086,2160.2072487915502,1396.2209742646276,162.0240731410146
447,103,0.0,-55.724080063164855,8.90363068326292,-64.27019348690105,0.30965910883336517,,11.165128315333277,10.959962893743068,0.07759666768833995,10.882366226054728,0.0,12.087997749098891,5.246668810090365,32.135096743450525,0.0,1666.8251005854918,145.88316068484772,184.898287603071,172.96227940232959,41.63824266638825
448,720,78.52372903992884,289.8909345472251,216.05980393356347,81.13568111676305,6.850471771571079,0.8564558625221252,40.64233135432005,40.123239774256945,0.5333991162478924,39.58984065800905,0.27880465472117066,42.25277902024189,29.552735763372052,37.95588848154731,30.066057055141705,11582.399999999981,1322.5579485675078,2055.856790365785,1407.7998134011439,180.71042534481984
449,720,47.52061427429742,143.52833047554645,131.27035150223853,15.936858541626805,3.2891743287822797,,42.46598756080493,42.208441297058016,0.5287342765368521,41.679707020521164,0.0,42.26169504470899,18.10816554131363,39.55218500348402,23.493600821588675,11582.461790390891,966.7325983402178,1362.3832128304725,1433.0001461812278,64.91923240619384
450,720,74.87223164315135,288.8762421664972,207.14644455493874,88.85285955916635,6.671609997239838,-0.12250161170959473,44.30584539892152,43.77480543917045,0.5280923978425562,43.246713041327894,0.2519883746281266,42.263796338693794,28.95110243277809,30.445801863568168,20.68216958738773,11583.679760900353,1389.463581748898,2105.9113647890276,1325.700811280572,290.77571414984413
451,720,67.14325156361845,233.01015848051037,182.99787241875566,56.26594397915902,5.835006372486556,,40.58582672709599,40.35509913787246,0.5303772883489728,39.824721849523485,0.0,42.26334568127931,25.20162121383261,39.01027957403894,30.097769867150205,11582.39999999994,1306.0552493816085,1987.4895894435274,1363.9459407619593,164.20091036524454
452,720,69.0369862948501,268.7706187612988,215.82052271280097,59.95107275437758,6.584592250050839,0.020353922620415688,42.334041533991694,41.81447003316134,0.5273098964244127,41.28716013673693,0.24665028601884842,42.26364825977804,29.624503558286612,39.06144991766131,33.36395934421086,11582.399999999938,1322.4002723810718,2027.0935548991865,1356.1951950926307,144.5403142740929
453,720,80.86989689205075,298.3603017190498,219.79091112948544,85.94184901751572,6.909083163064384,,43.79350044718012,43.5400267499499,0.5308402767404914,43.00918647320941,0.0,42.26379282773048,30.31506437324498,37.898972383292886,28.685871932697758,11582.399999999969,1345.4700766846886,2071.527641333835,1424.5304277145078,180.4852186657602
454,720,85.0205227144132,339.15450943254456,243.22160800610456,104.07335952269916,7.688131916920651,-0.06134090572595596,38.62746412912384,38.08155220979825,0.5291898855939507,37.552362324204296,0.2490229057148099,42.26366481291918,33.00356202983911,32.98384295306362,26.565014121694357,11582.399999999954,1395.7826779660206,2150.375930524639,1370.671614184062,216.1942900518959
455,720,76.68874415621258,265.44341887177353,193.0036716637585,78.6926679003063,5.844324238437862,,38.49889661092311,38.26587819587439,0.5295827896334231,37.73629540624097,0.0,42.26369879945791,26.804327272775406,37.34241020605943,21.87568522585241,11582.795685261042,1276.0584163235312,1905.080897529982,1391.0065361775214,158.90467566654794
456,720,84.72576159644517,308.35104998153645,210.71128515658395,104.97602176384379,6.874034809565163,0.031006980687379837,41.459371104836464,40.94176497403532,0.5286182132549584,40.413146760780364,0.24817282566800714,42.26365015481268,29.16461104098717,32.23775071452327,20.081027318538407,11583.845405117969,1383.896698528779,2101.4910833514377,1317.207700646396,108.642770078011
457,720,80.63761958928258,282.89994120740994,199.82917357506264,90.23469400460282,6.71216729000872,,41.70860329596326,41.46775147598237,0.5318801589310169,40.93587131705135,0.0,42.25870766538307,27.34718286646421,35.52027258698117,24.400716869054083,11582.401886185931,1420.8214711402793,2153.5127243815123,1378.9205474115263,333.69155648996235
458,720,80.10298434184551,266.9924542322786,181.56775909599293,90.06123549091303,4.240762259402761,0.02846653014421463,36.331035058014095,35.82064210623503,0.5330117619596422,35.287630344275385,0.24894767766818404,42.24419635809777,23.581398652569163,35.072366596388996,21.41893141405567,11582.975198013444,1003.4932886862533,1491.4970266646974,1396.2971257164581,95.78488972927146
459,720,80.07932355153923,302.38183599226505,222.32453245456762,87.6980228350586,7.169436628016397,,45.10085378959775,44.81394162308425,0.5307104117237031,44.283231211360544,0.0,42.26358054104817,30.538995528241006,36.230312134009935,27.770992656100606,11582.399999999963,1368.826190979929,2124.5891222543196,1333.563658762961,112.79951180770921
460,720,74.27155235775467,234.03514575508206,170.0682666386603,69.08633712321416,4.659164764550887,-0.03460552170872688,39.44164791004732,39.03075484605506,0.5305236075073481,38.50023123854771,0.16860306402668357,42.26352929946124,23.394932505433644,39.72838379614759,27.616335991484736,11582.399999999892,1149.2508737447906,1698.0373060283382,1415.0152550780595,58.20651144004405
461,720,78.17791485527272,269.55315254295095,185.72811443244095,90.76500920054937,6.462843132257698,,41.99085518298671,41.73232159484178,0.5283437636680901,41.20397783117369,0.0,42.26326276204507,25.499236505992616,32.79541025499803,24.874992277939796,11582.400155482657,1441.542305438514,2172.2351063643255,1356.8158974366845,245.1681029580667
462,720,73.07195921228036,286.1509944643931,217.02904271061894,76.81485919397609,7.200282868692239,-0.03237886726856232,44.59516943292692,44.10587783996016,0.5269079781137407,43.57896986184642,0.2496876660734415,42.263288407593656,30.136106481282873,34.66452961529232,31.57524051395974,11582.399999999929,1401.4637096798194,2167.9359570918714,1377.4318155647702,163.70170005264822
463,720,76.85112006221537,287.1115655096405,202.96073050510088,91.36550246413924,6.746303988770898,,42.5796638391912,42.33161808177829,0.5292209284380078,41.80239715334028,0.0,42.26341908980996,28.444092630030585,31.168368830145752,24.483577904472728,11582.402132884,1408.268755462367,2128.1480016983173,1385.1991900114872,161.77280183554413
464,89,0.0,-60.70433145431308,4.58304347783402,-64.98268882536857,0.25801873383097745,,10.24099173117429,9.983076827134937,0.06767742987722158,9.915399397257715,0.0,10.559936180871954,3.4528891647029516,32.49134441268428,0.0,1443.6203667675534,152.8223829865304,196.11760042976474,153.3823686065458,67.02934745708424
465,720,62.18285041813763,267.933678591268,214.59294791983325,60.12314877490718,6.335922146296695,0.07857731729745865,37.289120375178754,36.79044206626713,0.5367771256715059,36.25366494059563,0.25905227195471525,42.26339964660826,28.8020255226138,32.121276030684044,30.226710460311228,11582.399999999916,1211.4798781478692,1858.3853444732192,1402.84625247314,117.98084589719458
466,720,68.32751155614696,264.1310523369177,197.27401531258664,74.05805399037087,6.735667622060205,,40.7403566702269,40.50288777984679,0.5285718021914363,39.97431597765535,0.0,42.26349053105251,27.439582597680793,31.298484560961526,24.464143476749157,11582.40332119537,1428.5636189504892,2160.506077100354,1342.6640551576606,181.89865330803292
467,720,66.65667738261205,250.99411302003594,191.6482868946203,66.01253963880403,6.226078643380855,-0.0798887386918068,40.86568211298436,40.3671847730875,0.5292677488178015,39.8379170242697,0.25305801816284657,42.26345243084279,27.07097338933411,33.65040756321003,22.232807447810487,11582.583505503002,1368.5166113407026,2075.413654928371,1334.2515962340533,310.33598935039294
468,720,71.62000604530915,291.65168584322277,223.41301328834436,75.87316360423623,7.179872466537561,,40.52891979087144,40.28171323798597,0.527790738735348,39.75392249925062,0.0,42.26375735546579,31.25624389174056,33.68342424319104,25.60398720287459,11582.399999999963,1386.6308558828264,2148.1112560141464,1346.0396522440249,202.19160780359712
469,720,66.29028692566676,253.4038751983028,203.24985568049357,57.526531039245455,6.860209643755106,-0.10592637956142426,40.845326056703925,40.3389097917825,0.5273574804887176,39.81155231129378,0.2529399571940303,42.263552117651656,29.11034248923574,37.527021406044035,28.916454406992116,11582.399999999943,1382.6977884438043,2119.702671756836,1396.1368400546096,157.8298044092231
470,720,75.39030798777657,275.6692441350622,195.51924276173435,86.85993635137254,6.279521140936529,,40.00716252299026,39.762256992049515,0.5294812554493546,39.23277573660016,0.0,42.26350257562997,27.422537026468326,31.9603398120903,20.112543785126885,11583.202232325666,1344.4498017998023,2004.9487932531672,1372.4006450562697,198.08409881071825
471,720,71.45493336721252,281.9760708523009,217.87024396313515,70.80562771626283,6.293714077341366,-0.03008260764181614,41.261460467241704,40.76383907813579,0.5288458201102912,40.2349932580255,0.24760528886690736,42.26341008048535,29.804251578261002,36.0521195090811,31.67150664680223,11582.399999999961,1260.3506338616646,1896.2345766200401,1327.541270930783,140.30766256937113
472,720,74.57045896594413,282.3323989504467,203.94743285508125,83.40687785320972,4.653380814104507,,39.405803786125034,39.13473808998242,0.5307264607399702,38.60401162924245,0.0,42.234108735995406,27.464237595710298,32.867020039339266,18.098875423485683,11586.05813043546,1049.445548871288,1541.9219623911397,1342.2591647876732,66.59302711303138
473,720,87.22819719557224,340.8192460406549,234.61450629626552,113.46961145814319,6.853634391440735,-0.001961497124284506,37.135086277034134,36.61758282594383,0.529216215480119,36.08836661046371,0.2486879350617528,42.263768037069006,31.264782149417094,30.493391466500636,19.841795410865608,11583.168525729845,1291.0738886467773,1960.3737845922888,1371.2590006429018,111.05772496322037
474,720,82.02463978214384,299.46864353128007,211.99365639006024,94.51227330369906,6.604753139823443,,41.055302827619016,40.784923647064716,0.5311645618639886,40.25375908520073,0.0,42.263446135542274,29.340523427005994,34.768503130294306,18.975574174451936,11584.927459987377,1370.3549920783346,2066.9343342678517,1373.3589050645814,182.38344295412247
475,720,62.75588938933981,221.372085546295,174.94474693334425,51.16902743686603,4.375780211932351,0.08596699684858322,36.19905740581453,35.73026022594422,0.532406369689852,35.19785385625437,0.24749270686879754,42.22984117439545,23.46680706916671,37.1713756709068,35.49212829180174,11582.399999999954,1005.080949644524,1534.906373195808,1361.6383161277108,90.84186582712914
476,720,85.47292653631207,324.56081431902896,227.46599786297637,104.60305632256454,7.089579031233462,,40.64972072979435,40.40556499315426,0.5300929099321365,39.87547208322212,0.0,42.263575258577355,30.86791474119022,33.1713983750298,25.935529548261222,11582.399999999989,1344.2761340679867,2059.5395332914186,1370.1452817938089,190.75187300276932
477,720,72.73217559283789,283.20929588344063,206.76689674255226,83.09820452039861,6.278435529622448,0.0673767477273941,37.16541380761191,36.68815877195448,0.5301539762876928,36.158004795666784,0.24620950780808926,42.26351457742865,28.099262329080084,31.18307333263858,19.27159998811328,11583.621240666305,1314.3033799228813,1998.841094065969,1316.8413840179314,177.03744168673398
478,720,81.94803742686328,317.7222861906959,239.84654276117223,85.75869911260071,7.4439690906768305,,45.46745190443471,45.2000903878361,0.5315292780287564,44.66856110980734,0.0,42.26361948717085,32.64100810920292,39.068687870562925,28.77904395214944,11582.39999999995,1344.7492662414738,2089.083914107052,1326.0223683375154,140.24760553259193
479,720,82.37411477800332,317.0220301243815,237.11219601005854,87.407893099466,7.081882058907169,-0.011361564509570599,43.425266072154045,42.910547064151615,0.5281729982234538,42.38237406592816,0.2474200939759612,42.26359034793235,31.883117028918573,38.67016822827032,33.84172483902486,11582.39999999996,1289.6290213663217,2005.206321886017,1408.835003908377,183.1300231460967
480,720,71.54157562218074,260.4735816516714,201.82843943559666,65.58490462320523,6.505191724898044,,41.94731212127954,41.679203101899475,0.5307721942663193,41.148430907633156,0.0,42.26360692155178,28.266927857218693,38.74912331057813,31.802047386488937,11582.399999999963,1357.7934607435452,2081.075269166592,1380.328667381526,196.65619563730894
481,720,81.3535357807123,306.91377594734365,229.44497051704957,84.9203285070767,7.032909453665417,0.01188332587480545,41.24803466023877,40.75004912726581,0.5358628313988447,40.214186295866966,0.24886874575167894,42.26359313490711,30.678307667047168,38.893371527173954,37.247596119730936,11582.399999999943,1308.923282754108,2033.3882856672403,1359.8932403191213,136.44999139105897
482,720,71.8697051818061,284.49721483180247,220.71998861830554,71.12647418790614,6.915796196902045,,40.48189822304994,40.23796136491001,0.5300934826955199,39.70786788221449,0.0,42.26392011869191,30.684475982618384,36.30646808785303,26.647993957961784,11582.399999999945,1340.1995325422208,2067.6290028881785,1327.9596485229636,151.23743415408103
483,720,81.16846004473237,318.5579133876812,226.26251214728484,99.70451046620396,6.990135777362508,0.032129619270563126,44.80457016499713,44.295742525253445,0.5292139556258917,43.76652856962755,0.2503521400503814,42.26348599393295,31.23637904991574,31.31620481163039,19.64039534707614,11584.176548272024,1353.1311142440566,2057.280639723052,1351.7212225748526,186.97568841421594
484,720,85.57422006588659,325.41892418589543,240.61189360592627,92.20940877180996,7.025517069603206,,39.19460627110675,38.90644084010273,0.5316544827073812,38.37478635739535,0.0,42.26355986948727,32.20767797474475,39.46951567998161,30.66727558761344,11582.399999999976,1279.2711228514825,1992.6604930803944,1341.876546769157,127.53607102661245
485,720,75.93325829731093,301.89162286017677,228.0552342155187,80.62062787692422,6.437172817429688,-0.04183533787727356,37.36862853495404,36.87316262116656,0.5283392681740224,36.344823352992535,0.2490474358201027,42.26373401487082,30.803684294091823,35.62294435884882,26.51676080210069,11582.399999999947,1279.3421523006489,1963.9410871992213,1293.4859423186601,295.5487396226037
486,720,83.1328007977628,329.5289509134934,234.1754034077153,102.95696596372778,7.180119476015391,,39.936072242911905,39.70526070566848,0.5305364970117807,39.1747242086567,0.0,42.26384494532221,31.80937075698386,31.654317815898903,22.227771832972845,11582.589435953636,1350.1065525432568,2064.4682443650518,1394.445095973655,146.96964412289552
487,720,71.36295891901257,269.23822309073387,201.62513740224088,74.35416131380693,6.304010827300487,-0.009965609759092331,39.81797838257626,39.325057949870825,0.5334572782739997,38.791600671596825,0.24763061571866274,42.263482875500706,28.03604407927769,34.18587826210911,26.283363676409117,11582.399999999956,1321.4961022411799,2002.2379766331171,1384.6731509876868,151.65346712262058
488,720,70.59351072683145,260.6277272160529,200.98160061365834,65.94158598316837,5.853139686933477,,42.1466063009575,41.8913591648452,0.5315161673352122,41.359842997509986,0.0,42.263454068650844,28.170024838051468,37.62271773524727,27.069721093841025,11582.399999999956,1238.770582691888,1859.4891798703045,1408.6790078986376,148.7383305496701
489,116,0.0,-55.81039580116324,12.465369919852726,-67.80130586005613,0.4211884281568091,,11.401446968782693,11.127941207960248,0.08668704610317945,11.041254161857069,0.0,13.997350391350896,5.537645516845145,33.900652930028066,0.0,1878.4054389882285,177.19651673099202,227.20718468783724,207.46910179467764,70.86815841383809
490,720,72.72347107475684,230.10257997263588,159.93302050797175,76.54490502345885,5.897282169617249,-0.4127923548221588,42.87625032803044,42.352437088731676,0.5310745756141841,41.82136251311749,0.2817657282575965,42.263550788001695,22.90053922972361,34.451018563027425,9.528058194016,11628.252677622431,1525.0545766227176,2198.5708165987653,1317.8443836953538,258.26142483690575
491,720,79.39504618923434,287.2869422125668,207.9884688818197,86.2972142772161,6.583796479281004,,36.71343006659299,36.459380043670535,0.5285366815514863,35.93084336211905,0.0,42.263485591834986,28.431015700905714,36.246439050626286,25.376048484961956,11582.399999999921,1353.9056252167443,2067.6141463175345,1339.5864096589778,220.63738778986956
492,720,59.956066853417724,209.8812780859343,159.8408018548016,54.362577510685554,3.9272741987649664,-0.12566113471984863,42.26033762609586,41.766005686018616,0.5292188324965537,41.23678685352206,0.2489612498320639,42.25758472906867,21.855117702465627,32.77477809807495,14.181479696049685,11599.17225427695,1027.018441640234,1519.350100398847,1292.7139098719827,233.95114147396006
493,720,84.9170123512958,298.4695354253717,196.59696580420413,108.8684115896842,6.56063583962937,,36.17654189700261,35.95828462578356,0.5297817243263125,35.42850290145725,0.0,42.263084299824406,27.10286902029462,30.48280655645369,9.796006367749941,11610.164788481301,1427.0108344820565,2114.2318303545017,1324.6752472979417,174.5644467856281
494,720,74.46809066236828,272.30768835051714,194.0385322876001,85.01516286374118,6.301541895607997,0.1348986029624939,37.17407785356045,36.663452841341496,0.5292841084301472,36.13416873291135,0.2536045080050826,42.26372376350088,26.987185751756176,31.960509230497692,20.340242930490497,11583.777457393142,1369.2857102701635,2065.3962013427777,1382.5762613032678,171.79227732914376
495,720,64.6736256392834,246.64952207651322,184.29000154916505,68.89899706657422,6.097314862918355,,42.839299434795976,42.59350944310427,0.5329573932103813,42.060552049893886,0.0,42.263770148576455,26.776544151113225,30.224127105996285,14.685771727304536,11593.01013344657,1357.7658103142885,2020.6961645878841,1346.3757546118936,211.813594246755
496,720,85.29759356591084,338.4842676657275,245.97146648080113,99.90674684509727,6.997548789762466,0.030276203528046608,41.84014376299456,41.37669182289392,0.5293603637255728,40.847331459168345,0.2535208431072533,42.26356306943374,32.538188631991275,35.34422014336221,27.34729497634817,11582.399999999945,1258.1662500868067,1943.060717268306,1384.4651831128065,130.63523848117978
497,720,68.37218523517505,261.65123653757547,211.08642091663089,57.86827711877332,6.86100023802148,,38.682877554092556,38.44100739620626,0.533088072668761,37.9079193235375,0.0,42.26363946500494,30.00099249870476,39.43804667578839,31.467853080581094,11582.399999999958,1400.2553530656628,2166.4435810719315,1329.5045305171352,241.7508313295327
498,720,70.42475130207391,260.78677758781697,194.4165153752537,72.98498423107013,6.137202987226727,-0.04436785355210304,44.7315610172227,44.262923075817525,0.536839438136667,43.72608363768086,0.21106850216165185,42.26344596278146,27.50968642316738,33.93225918653885,21.078163639422424,11583.24899952411,1311.420746620594,1950.8308971046513,1415.044505909427,103.13927015691243
499,720,83.65212296949971,307.77247470471286,214.35714459923466,100.76501165511462,6.920638503523193,,42.4026718121022,42.16473971307278,0.5300158383324742,41.6347238747403,0.0,42.263611618993025,29.49025298420631,33.269617141942405,19.468798954116842,11586.119570593442,1408.9849296047223,2111.752829519526,1279.6100768505287,229.67917212004454
500,720,74.79686444067588,301.32975507647967,237.5051643717824,71.27672671626031,7.055575247559032,-0.05902034789323807,44.4529809509404,43.953714231960475,0.5277530099265277,43.42596122203395,0.24787975288927555,42.263763192967644,31.986874724923535,39.15850108254572,36.288115649768514,11582.399999999958,1294.9240677901598,2020.0832606577248,1349.1632925691813,177.34019789737943
501,720,72.68523266949737,277.59586896529237,213.47359764201698,71.34957128272082,6.785825752750307,,43.461182001046836,43.19442580686882,0.5296552530489862,42.664770553819835,0.0,42.26348684126183,29.73751006448021,37.01044702813696,21.240579975429632,11582.834066434947,1351.3156369852013,2072.808477708856,1328.8117449692036,120.62067293671971
502,720,84.37122245156701,330.068392134108,239.14580215835448,98.5698786546815,7.208326170731363,-0.02058744616806507,41.75537984492257,41.227071032859385,0.5278494721278548,40.69922156073153,0.24759550765156746,42.26379309400113,32.006309346542025,35.086283124226256,28.771126674512757,11582.399999999972,1321.5311059144142,2038.6048963433414,1363.3652412174147,92.87380200618628
503,720,81.31877649824109,317.98683393684377,228.82992870235742,96.77517228484211,7.1817067365504075,,40.92128286138177,40.679396657738835,0.5319566377438605,40.147440019994974,0.0,42.26374886442342,31.47869902953562,32.931190355820036,26.422637781958123,11582.399999999945,1365.1756828410691,2087.6020466110776,1373.2919501414544,141.93819217925102
504,720,67.08712021642171,225.68857648023558,156.3167938968107,73.66840862076793,3.921836774511039,-0.1187816634774208,43.367786841932684,42.85973779670894,0.5339730037376285,42.32576479297131,0.24982992326840758,42.203179445587445,21.310579541073935,30.252915906037746,20.34968795836377,11584.049006319123,1025.7628352869488,1473.601682224925,1362.0182937082004,41.691351570716826
505,720,76.0036930018331,273.697851667444,195.4064005598642,84.96823697422553,6.256920055253059,,42.6500872252509,42.391232260037214,0.5293294317089021,41.86190282832831,0.0,42.26358080140191,27.043748010216294,33.51957451472033,22.87808453868271,11582.517737144019,1377.384344503564,2056.7866772585653,1385.0796065001093,145.98994726448308
506,720,73.65832382674972,280.2681883026551,206.81849812756963,79.24747676264752,5.404525837831417,-0.0036155253183096647,39.93211460998282,39.398656447883695,0.5292268022894859,38.86942964559421,0.24606378003954887,42.2636250765121,27.791098628471996,34.03458544542596,25.284591295388896,11582.399999999941,1135.0393939551614,1718.8138234782857,1314.2914216343781,115.99863329342168
507,720,77.92119496967216,309.3798009720917,231.68727197909163,85.10299436094152,6.990432160381807,,40.931782966014,40.67020441079512,0.5307471989654005,40.13945721182972,0.0,42.262522615294074,31.273033682470896,35.369697789201396,30.896360095248067,11582.399999999954,1307.095998234749,2029.6828556649102,1314.7959396247365,132.926217042326
508,720,81.78806731354832,324.3608537310077,229.48143960426017,102.58759519308657,7.280263616303794,-0.03852151334285736,41.87892176024616,41.37119937688112,0.5292249210178852,40.84197445586324,0.2460576295852661,42.26369120967257,31.639602340363123,30.494269717005036,19.836094670852297,11584.04807388913,1403.0344221942587,2126.8209818268324,1323.5327583359258,196.54145532247492
509,720,83.24577319528056,321.8107574521367,226.78824634573579,101.77883231246147,6.3227041880151535,,40.76076277391985,40.465559512376785,0.5319394483231008,39.933620064053684,0.0,42.263538403870456,30.472245772488677,32.356357039049826,24.204680288085196,11582.40637295786,1225.88929394918,1872.0708323473018,1388.4662631090653,125.94665663220376
