episode,steps,final_battery,total_reward,total_directional_reward,total_battery_reward,total_movement_penalty,loss,episode_time,rollout_time,inference_time,env_time,update_time,peak_solar_w,mean_solar_w,start_battery,min_battery,idle_mAh,motion_mAh,path_m,turn_integral,net_displacement_m
1,74,0.0,-17.70897074599993,-0.6026009089001285,-0.8923354293701476,0.03880331399961496,,9.66288381908089,9.41239885496907,0.1712496653199196,9.24114918964915,0.0,13.439270103579693,2.1124741115692327,31.973374132217224,0.0,1198.8020912108661,129.68367916645127,160.9868576283584,141.92381012786032,26.297583967319532
2,72,0.0,-17.652176793789724,-0.5128537236970176,-0.874181785258938,0.039885749160600656,,8.410694926977158,8.151580154895782,0.054559995885938406,8.097020159009844,0.0,3.66124137094859,0.8057714508057239,33.421692587233046,0.0,1166.5380712619249,131.92433289366988,164.48416388053047,129.82589297470483,38.505328174509145
3,144,0.0,-17.19705245737785,-1.026231326056766,-1.6610960645270612,0.08405252806352756,,11.599208862986416,11.361209518974647,0.1076313101220876,11.25357820885256,0.0,19.35919970033687,6.8253363486804774,37.51414436585183,0.0,2332.532348344354,276.02461314119665,347.17657280281986,269.9412362654757,14.318181056659705
4,720,50.13873234940975,-5.919838161936342,-3.1096487808542292,-2.3907492635807097,0.41637513534775705,,42.5030573180411,42.238434188999236,0.531738726887852,41.706695462111384,0.0,42.19993207933975,19.730823399654387,32.898017405502756,11.713579729274052,11595.326235385031,1187.0692482593433,1720.1428576434362,1335.4211753689235,137.47851177201073
5,72,0.0,-17.80691060288639,-0.6358736489423928,-0.9044158693570421,0.04130805702393978,,7.777773386100307,7.525899978121743,0.05413714959286153,7.471762828528881,0.0,3.7512745716056974,1.7379075241452833,31.428734316445716,0.0,1167.8955515239768,136.88530484740716,171.12853597412263,144.86355694151828,4.725240326818983
6,114,0.0,-17.444787023530246,-0.7961267930291036,-1.4040099750461286,0.06919335903683152,,12.588467131135985,12.33126089302823,0.08534191246144474,12.245918980566785,0.0,24.036434249930785,5.815253134161068,34.59415494385879,0.0,1848.135369286072,228.34530035053555,285.48687836396033,198.45620636112767,28.26677070296992
7,67,0.0,-17.72687208116818,-0.49767381121232784,-0.8390121432827362,0.03988024723690322,,9.968870508018881,9.672340844990686,0.050646416610106826,9.621694428380579,0.0,3.413466998279727,0.9811674254907742,31.611382988719544,0.0,1086.4299571577392,131.43037612085,164.36216091262057,131.48676066540727,27.492032528795544
8,93,0.0,-17.60838654004852,-0.769688799983302,-1.0840426104804926,0.05427785481588232,,9.608606615802273,9.365748394047841,0.06921220221556723,9.296536191832274,0.0,14.908816690648221,2.9018749107237265,36.82695540101719,0.0,1506.1819884420977,178.030482939241,224.12471487767883,171.27175377094582,21.320489212611008
9,96,0.0,-17.144655610713123,-0.35981641320672525,-1.1048807394420948,0.05459284474497091,1.5711299180984497,12.497977249091491,11.853002707008272,0.0719204843044281,11.781082222703844,0.3647782888729125,10.450967442561362,2.262735013017867,38.53914319146541,0.0,1553.8413965878572,178.34785287848322,225.13550883075746,174.97726810936953,10.849953163164642
10,121,0.0,-17.22476648971905,-0.7825106375803739,-1.3652151689945717,0.07648846254188574,,11.522316576913,11.282886895118281,0.09050779254175723,11.192379102576524,0.0,15.385163556739421,6.253649242564274,34.69705471421477,0.0,1956.1249641475622,247.6255776830581,314.4798884955666,201.91447972419266,58.94528468044181
11,720,49.60818495479054,-7.133012172712899,-3.664422139787372,-3.045743380136161,0.419717199155641,,39.27680408395827,39.01686022407375,0.5309112386312336,38.48594898544252,0.0,42.26356651489692,17.48559625500325,33.13350560249669,12.60876613242021,11598.638762606732,1224.6952272297021,1731.9339673654872,1312.8600821121881,221.8335852379464
12,72,0.0,-17.81145597651283,-0.6386273109018636,-0.9036948321629038,0.04382342808352013,,8.768504336941987,8.496555062942207,0.053968496387824416,8.442586566554382,0.0,8.896648707890105,0.8317826998145456,32.77008498895622,0.0,1168.4631237220397,144.37756430730232,181.02943247047057,132.13843373765621,31.659182029277613
13,81,0.0,-17.65176238437417,-0.6268730821758036,-0.979044314345503,0.045542055352740675,,11.356901654973626,11.078047091141343,0.06077812099829316,11.01726897014305,0.0,8.906871618192698,1.305398631602077,35.534906778351484,0.0,1313.1878715117816,150.8449343307315,188.92802520603493,152.76258223575138,17.545354453262895
14,97,0.0,-17.54822515562274,-0.6728205472922177,-1.2132090210010698,0.06172775440340031,,10.634751911042258,10.377015994861722,0.07279526232741773,10.304220732534304,0.0,20.82668075279713,4.548158410758895,33.42679817427785,0.0,1574.098524870295,201.5638327202755,253.86934097182598,178.49354652139738,55.92137467679719
15,118,0.0,-17.401136271101784,-0.6877034200239176,-1.5676465453689907,0.07028219914881702,,13.30549812503159,13.037877514958382,0.08861787151545286,12.949259643442929,0.0,27.979884925973977,7.214881710326343,32.18509533811389,0.0,1920.5660650155125,233.01267532909307,289.6876665040789,210.6139645895911,35.20247933060283
16,95,0.0,-17.559433278666315,-0.7513807959761932,-1.096985038550145,0.06068683422635027,,13.181784474058077,12.92007376998663,0.0711686871945858,12.848905082792044,0.0,23.899677976079563,1.9363228809023918,39.18961294107158,0.0,1538.4414615929957,196.1438732251307,249.3379886518017,161.87456360454652,46.08112839287675
17,80,0.0,-17.488399796457635,-0.4549670227799985,-0.9563990874448882,0.05164769370913883,,8.474626163952053,8.209925989154726,0.06026534945704043,8.149660639697686,0.0,10.608235500750663,1.5887596562030988,35.37285957229545,0.0,1296.1432760405087,169.9165805339978,213.39665455276383,160.2947120015585,23.58217314693953
18,720,55.468355691243865,-6.050328088449239,-2.834086695689273,-2.8009425612367393,0.4121177054252514,1.398486614227295,35.84870261512697,35.16059193806723,0.5326357509475201,34.62795618711971,0.42919334094040096,42.26338883560741,22.486688415380176,38.677332275739886,16.252498825451596,11590.766136017663,1187.2375516585298,1699.8765586760849,1311.92176374237,75.30613862216974
19,108,0.0,-17.41920098223039,-0.7465966843786817,-1.286727407435122,0.06042697432923056,,13.641086702002212,13.370258176000789,0.08173291105777025,13.288525264943019,0.0,18.091195241194885,3.469734245837251,38.36502909670613,0.0,1750.28867799693,201.00976453987946,250.76009464063227,216.9194616839041,67.8227112368957
20,720,57.72671740081663,-7.1654655373117055,-3.6017319351349895,-3.1445649050098603,0.4160710048155835,,42.3468300269451,42.08468619408086,0.5306357031222433,41.554050490958616,0.0,42.21656921816807,18.39201261250311,37.71195422042762,11.114327342152098,11601.150634194235,1212.3924478284828,1717.932037187005,1344.4873242053782,35.21554835099049
21,79,0.0,-17.675332004174873,-0.6076763965582708,-0.9702746196552192,0.047062135069334765,,8.890817078994587,8.663552206009626,0.05920116510242224,8.604351040907204,0.0,14.465882725951426,2.2382220584840646,32.955567649128525,0.0,1280.7144306154166,155.6395212837855,194.79671103197649,147.7523357823517,20.13941401687976
22,102,0.0,-17.361601389724548,-0.6596560957875703,-1.1670129421809738,0.059529111882395944,,11.101757284021005,10.839526863070205,0.07597593497484922,10.763550928095356,0.0,19.141625861823517,5.072786655768059,32.88293818154813,0.0,1649.357137321476,195.22907791051722,245.72136612256648,188.63990094206625,67.73780524707209
23,68,0.0,-17.79572238933063,-0.5689766686513084,-0.8603304438143154,0.04113764835899271,,7.3435307131148875,7.113892785040662,0.05098020634613931,7.062912578694522,0.0,14.235667528874535,2.3960848307999165,30.219641529571263,0.0,1102.9997571550296,135.71436981395468,169.59720080579922,113.39648530084337,30.435387181648007
24,88,0.0,-17.59403561356049,-0.6823424728277007,-1.0336145060034,0.05272308272675405,,11.682479022070765,11.408559611067176,0.06729923537932336,11.341260375687853,0.0,12.863344394539048,2.0964746177031923,36.78938871071885,0.0,1424.9168612015771,173.93043066640158,218.13722438242667,157.67601137661276,31.6964446183055
25,98,0.0,-17.502997681583672,-0.6571868835817088,-1.2101557686959628,0.06022664724177318,,10.678527771029621,10.438163936138153,0.07441628025844693,10.363747655879706,0.0,22.114194451867228,3.5534263231828525,36.397503093107574,0.0,1591.3759002135691,198.4203840656802,248.6302002998734,184.72930000098887,22.577016345546426
26,109,0.0,-17.468303500858475,-0.8751286542598716,-1.2228694119362444,0.06976534390713487,,12.660704410867766,12.388857927173376,0.08300157287158072,12.305856354301795,0.0,27.76402619360092,4.13166993043009,37.72041500235204,0.0,1762.6010473626884,227.77211598912038,288.22728335581206,207.3785620959777,7.685454072173002
27,720,59.50165703476227,-6.078005171429001,-3.302357667678305,-2.3492213853593054,0.42344683409139683,1.2393251657485962,39.705615206155926,39.016263388097286,0.5337254623882473,38.48253792570904,0.4257719691377133,42.21115914016996,19.041465686941176,39.645817161979345,18.444887352519604,11586.103915840491,1211.2061077647284,1749.7148673311638,1328.7378768686747,145.06328268800695
28,125,0.0,-17.4115113741538,-0.9844996907752188,-1.4484230108653557,0.07806411469249108,,11.79667101893574,11.523873637896031,0.09369853511452675,11.430175102781504,0.0,27.149235809975146,5.039067156399301,39.585822147017765,0.0,2025.7485924395553,256.0584484756445,323.0318213546207,239.46367809567843,68.65599176291079
29,73,0.0,-17.617275500071624,-0.5112757077438139,-0.8597154566835701,0.04597487129955335,,9.819872096879408,9.547855922952294,0.05586374783888459,9.49199217511341,0.0,4.7692945956038555,0.47211468698961956,35.17006052937521,0.0,1181.6359777826124,150.41070694933745,189.6098834406141,138.67262158571063,39.98572679074336
30,73,0.0,-17.761831119641265,-0.635509837637004,-0.8795605298533011,0.04639115945500573,,8.947859650012106,8.701414578128606,0.05625852104276419,8.645156057085842,0.0,26.812975519371648,1.197964392063253,34.12728230505623,0.0,1182.6133999831593,152.73456029665078,191.77798972753706,143.94500993020634,21.67209211804943
31,85,0.0,-17.70837746796354,-0.7253329266560379,-1.030354818603866,0.052323758554455604,,10.5263270100113,10.257999686989933,0.06399641744792461,10.194003269542009,0.0,9.460512004674895,2.3962291742882105,34.858802394743414,0.0,1377.6757569028982,172.1685487753589,216.0662010704061,154.02201141566255,15.199112853114512
32,720,44.88184887649839,-6.267715898026203,-3.120832199426931,-2.7060613097031787,0.43763462920352864,,43.755127961048856,43.4932085131295,0.5313833639957011,42.9618251491338,0.0,42.26347086746762,18.955081396956754,33.96519166622294,20.23580105527557,11583.417574440244,1258.6541840501818,1803.6050982628517,1298.2357389115155,142.6300056172566
33,82,0.0,-17.664593122487247,-0.6569851923209878,-0.9828140240861201,0.04949699319250666,,10.222632359946147,9.95986876101233,0.06166317663155496,9.898205584380776,0.0,21.171468773502855,2.1726332033922398,34.69014918736928,0.0,1327.7512643943337,161.91584388361036,203.5810078369734,143.13128435085747,57.916337827977884
34,75,0.0,-17.63417936927988,-0.5329692378634805,-0.9106270586039616,0.04028332024697585,,8.045350990025327,7.799297590972856,0.05678750015795231,7.742510090814903,0.0,3.756758268112405,1.1977008562639988,33.83534937680334,0.0,1215.3397350959292,136.10446950640534,168.2681222425141,164.44601691314443,15.070770708797637
35,75,0.0,-17.657414957948312,-0.5328039712234511,-0.9263872650934375,0.04787847147792005,,9.678641228936613,9.426593736978248,0.05670655216090381,9.369887184817344,0.0,13.463440583748552,2.5735150157323683,31.675970484761574,0.0,1214.9472409482892,156.53099815410215,196.8930733391165,132.80206474842393,40.169668657427486
36,720,32.62171139182708,-7.859107969672292,-3.6315255259244097,-3.8135926797111313,0.4109553970849119,1.2181018590927124,46.23034369805828,45.5527470021043,0.5296843345277011,45.023062667576596,0.3903851460199803,42.13402099607137,16.705187664374765,35.31518655774868,19.039911662413424,11585.849589965565,1238.566715985438,1700.2410842116312,1394.8727365627417,197.21110122228097
37,720,43.61284609292815,-6.96046330614464,-3.3869185215906774,-3.163863438033208,0.4067723199081081,,44.24060787097551,43.9751864830032,0.5320699254516512,43.44311655755155,0.0,42.263615955380175,18.667317288980197,32.54163436312282,20.994692968803218,11583.992194709072,1197.869783522432,1682.6104694785301,1354.3706011694674,233.32192145743426
38,94,0.0,-17.602425003130193,-0.8016713330369771,-1.0713743836520169,0.05400720161815493,,10.564738186076283,10.31088211107999,0.06987174018286169,10.24101037089713,0.0,5.879899040078584,1.6031645132648258,38.55426343758832,0.0,1522.2559150877105,176.3866720672703,223.26753218372266,177.47344330667434,37.4636140708873
39,94,0.0,-17.39888818025103,-0.4912378976969275,-1.1775172410822035,0.05471629255468431,,11.281377922045067,11.0277023720555,0.07028214493766427,10.957420227117836,0.0,14.706250487005137,3.8437044430543916,34.78404330485379,0.0,1525.9795515018743,181.1912891672534,226.28332327827528,181.84986546845775,11.548827234287652
40,101,0.0,-17.360459401495415,-0.6867397559860479,-1.111396062243014,0.06184716583665733,,12.694148141192272,12.427892016945407,0.07575015816837549,12.352141858777031,0.0,12.132813705064242,2.5771618609889386,39.52431252492087,0.0,1633.8255447228637,202.133063851322,256.03709032002286,203.57772688464567,35.27376301661799
41,720,44.36334252224962,-8.379275297039692,-3.894533870130224,-4.058058440482855,0.4235227783274448,1.0360404253005981,42.05918337684125,41.46688715508208,0.5305416821502149,40.93634547293186,0.3404033340048045,41.296788777039644,16.352201143288145,39.23389583662581,9.666955339429089,11607.96617846527,1280.7601780065272,1751.9655944589078,1372.5962572121623,223.52451806051837
42,85,0.0,-17.37953389496147,-0.44554003170383655,-0.9841852653270272,0.04951416685295494,,9.981865098001435,9.734618270071223,0.06628655316308141,9.668331716908142,0.0,12.334416786219048,1.636118842174245,36.17460025612876,0.0,1376.123371383565,161.26158703194804,203.71499001984535,147.53195139318353,33.1981381781489
43,87,0.0,-17.625451466306327,-0.6444978642856773,-1.0767998540575348,0.0537609263935204,,11.297354253008962,11.021996384020895,0.06631945166736841,10.955676932353526,0.0,11.226612968098532,2.929259434667421,34.46811846549724,0.0,1411.9081246735793,176.58903395881438,221.82933755056504,147.4243928370649,28.597993745921876
44,97,0.0,-17.523125157270698,-0.5826865522666996,-1.2843301919305516,0.05576379186552895,,10.27396465302445,10.015823660884053,0.07282136590220034,9.943002294981852,0.0,21.297443998812994,5.365597043566691,32.26204210504268,0.0,1579.2824816184925,185.57887430867376,230.36143196702955,183.39432487418568,39.93955489299826
45,720,46.154738399724856,-7.4101935131842875,-3.550146854468809,-3.425161313287858,0.4318707544193229,,43.203937811078504,42.920101065188646,0.532868979498744,42.3872320856899,0.0,42.241315411428246,17.025081284591504,33.61974113672638,15.033966519573022,11595.581753622804,1274.4853099865607,1780.6441215417017,1326.8306643559245,267.3634281511697
46,146,0.0,-17.160131031738104,-0.9381920794119585,-1.7577765022550609,0.0885522174447416,,9.832553805084899,9.612671836977825,0.10920863901264966,9.503463197965175,0.0,26.91782888857212,6.487425212681939,39.06957003931687,0.0,2368.189845811995,291.32377087069904,365.6402096652476,260.9720487667053,58.210934573339586
47,95,0.0,-17.54251632326213,-0.7108065894023231,-1.1191338039016605,0.06212949727845122,,13.318325638072565,13.027414123993367,0.07244654442183673,12.95496757957153,0.0,15.432253107705368,3.3680152646283545,36.10265417237897,0.0,1538.857703789592,202.09211280961816,256.07306769743946,176.3675133495746,35.53646042901032
48,87,0.0,-17.369639761200524,-0.4795289567253604,-0.9897091574368919,0.05005382119232116,,9.631891214987263,9.388516013044864,0.0653177248314023,9.323198288213462,0.0,8.695399656232466,1.3412574707346636,38.172722120068194,0.0,1407.8945922209582,167.26487562992799,208.4396012041426,172.0751598157229,29.956335941440685
49,162,0.0,-17.080573543993424,-0.9522288381618852,-2.0508295739161935,0.10174839580896942,0.8597511649131775,15.274113944964483,14.730455463984981,0.12096228706650436,14.609493176918477,0.2904136450961232,31.596874970642183,8.107216297973165,35.917565306885216,0.0,2628.9488727235876,335.0549738709908,419.753851243919,291.1321156254555,17.30245596726341
50,108,0.0,-17.287769328858097,-0.6194364797802365,-1.277120627650317,0.0657564800886962,,10.874753006035462,10.62410675198771,0.08319092658348382,10.540915825404227,0.0,13.931180153614335,5.368365230845547,34.51632037863873,0.0,1747.442402440084,216.67499221567093,271.5577542025268,200.46023900109535,38.90758783181432
51,76,0.0,-17.646535939234408,-0.5647344507795743,-0.9117505652108259,0.044730662029860715,,8.582338582957163,8.33928927895613,0.05760819581337273,8.281681083142757,0.0,3.761156632435754,1.0201964777530514,34.44137709466958,0.0,1231.3378185031372,147.0538957484685,184.63033067557737,143.7917327893327,10.315533160090949
52,145,0.0,-17.210117589604163,-0.9412388030011135,-1.7833063114935008,0.08499384950497917,,12.732482354855165,12.481814958853647,0.10814672149717808,12.373668237356469,0.0,27.80239677680128,7.787583207719098,34.11805750411599,0.0,2347.919872075636,280.7290047094541,350.8274838908443,265.8110343186914,111.47417222632888
53,76,0.0,-17.75258730682405,-0.6535927505665253,-0.9234987212993806,0.05016137228969388,,7.189616869902238,6.967496775090694,0.05682372907176614,6.910673046018928,0.0,10.138157803195265,1.5749631552571386,34.210038868337925,0.0,1231.6486321518303,165.19576596780294,207.2348347701732,141.12530966967003,46.13818992726457
54,78,0.0,-17.63336585256821,-0.5957552830997621,-0.9132700528833264,0.04899853155274089,,8.70488292304799,8.466041579144076,0.058868075953796506,8.407173503190279,0.0,14.001347778462844,0.9602909341267891,35.98033113855592,0.0,1262.7254767978295,158.43617007836878,200.935844364691,135.57017948591857,41.82860908456622
55,150,0.0,-17.167936212722758,-1.109934022740937,-1.691189185067186,0.09113692525336593,,19.316963989986107,19.01392331207171,0.11207303474657238,18.90185027732514,0.0,21.115336566777895,6.487569750906909,39.3354766004304,0.0,2427.7983507065974,298.9437884319102,376.7443817086768,290.70828393619456,95.78252660060564
56,131,0.0,-17.490908673426418,-0.9941151821956882,-1.6632523967414898,0.08293343951637437,,12.214846483897418,11.976817762944847,0.09880343824625015,11.878014324698597,0.0,26.969273980132115,6.524393562951086,37.04040486262488,0.0,2131.4089607319925,273.73039364644205,342.171083499775,238.12132076773742,71.06684147247721
57,62,0.0,-17.873591716553804,-0.5689183397735458,-0.7919606875610147,0.03742393509104527,,8.986351546831429,8.70996791892685,0.04836121038533747,8.661606708541512,0.0,8.287340640058643,1.10142834868066,30.17885278787037,0.0,1005.9515203713183,124.99528025474362,155.22152457511044,123.08752513838952,31.994527638890926
58,81,0.0,-17.448303644538026,-0.48710091718373894,-0.9119842548531972,0.048863830231688894,,11.307748334016651,11.034114457899705,0.06153961969539523,10.97257483820431,0.0,0.7695747267031621,0.280069653343164,38.297834899437134,0.0,1310.2645866163703,160.8172955416961,202.44974118618163,146.38271674069787,16.64867166971351
59,720,36.69099285492508,-8.68950731169203,-3.792150866059702,-4.458792368047175,0.4353071658839265,1.0015424489974976,44.21798590803519,43.61841266602278,0.5323514498304576,43.08606121619232,0.33378528407774866,42.26344710969487,16.372900651266345,30.72610268746438,9.27815042674384,11622.82464233578,1314.0988599671477,1796.2821020688896,1346.9645093802935,226.52715439169353
60,720,36.78216331527668,-7.204648450648954,-3.3780441433280566,-3.418493655919141,0.4049183400272393,,46.21916772890836,45.92608235916123,0.5347414831630886,45.39134087599814,0.0,42.26252901872834,17.18188718912015,36.883157096758815,14.215795528999797,11595.363265240605,1198.7812198544202,1670.6292107700597,1352.3925891170531,42.453388206640454
61,720,41.27343962268712,-7.183596208545057,-3.623425141097721,-3.117191519656539,0.4397649951838281,0.7130019068717957,41.757482992019504,41.26077360101044,0.5308919241651893,40.72988167684525,0.2872539449017495,42.22771796010291,17.82664313254765,35.872630958003334,12.252608811247537,11597.655175911903,1280.302570720397,1813.7352947837373,1317.2485093011637,317.65237057710027
62,99,0.0,-17.502578372398965,-0.7453548850081289,-1.144982477669512,0.06173402381897282,,11.461522871162742,11.208799581974745,0.07666474930010736,11.132134832674637,0.0,13.776396059893417,2.562868202042401,39.18938108795804,0.0,1603.8124005589902,201.23522950166594,254.80364434523776,187.603235616849,48.880795038753824
63,720,41.05975588722191,-7.544460154956061,-3.6484411055412673,-3.45366650868101,0.43917297959704027,,40.20891451393254,39.96318720187992,0.5355712815653533,39.427615920314565,0.0,42.2637689944788,17.688349104508088,37.50221161439525,15.680307069034189,11592.599058207486,1288.6211390498383,1812.231447428595,1328.7283491074984,335.7952077024594
64,62,0.0,-17.663197529765874,-0.35771361604178076,-0.7886290334342004,0.041601672467580904,,9.090384964831173,8.83829861599952,0.046989915892481804,8.791308700107038,0.0,7.58083115176802,0.5390570104483922,30.712084793546886,0.0,1005.955329150523,137.26407726339198,171.7122239171705,106.64173886664238,30.07669054532576
65,100,0.0,-17.509921769304032,-0.7770293832105066,-1.1499616141427649,0.05755355778761947,,11.251753011951223,11.00203976011835,0.07525428663939238,10.926785473478958,0.0,16.600421982478494,3.117172350816001,37.611388738797956,0.0,1617.9441614651223,189.65595781357186,237.99070553161206,188.49107288104574,42.70344464729049
66,69,0.0,-17.438433383388055,-0.22188704338399226,-0.8701600224871613,0.04605184867788549,,11.084913592087105,10.804514969000593,0.052405645372346044,10.752109323628247,0.0,6.231048471344952,1.2440698675270818,31.897189357807576,0.0,1119.6731432611946,150.73443786438943,189.94823213552368,127.81616264303115,19.433206570885925
67,720,48.274212514932515,-5.85978227256177,-3.4285896598996146,-2.0288296039936657,0.39926590140810425,0.6165980100631714,43.908136304002255,43.318732818821445,0.5321904185693711,42.786542400252074,0.34043404506519437,42.117316735457166,18.275573430983073,39.07894503502579,27.337252689851297,11582.39999999992,1148.3817352713436,1652.628901981541,1380.1601015062467,297.39543325647617
68,75,0.0,-17.63988818862965,-0.4887224994996212,-0.9528623698035487,0.04793750819521213,,11.023236438864842,10.740133151877671,0.05745985941030085,10.68267329246737,0.0,22.388451422235253,3.2748937378606504,30.58630512929489,0.0,1216.8412478028608,158.9194542398528,198.64135752551016,141.77305308851015,17.868937737761982
69,720,62.07187409837693,-6.646630029731575,-3.13515024404929,-3.1141452748717264,0.3939361091455946,,43.9940493889153,43.72185857896693,0.5321317736525089,43.18972680531442,0.0,42.136117030512715,19.242790947999193,34.36209373684454,11.094355971511833,11608.547913438617,1152.6400287207196,1630.524882068942,1407.0469410854425,138.1716728908621
70,98,0.0,-17.541312775199124,-0.7197861076584207,-1.1806022758114447,0.06545648714014714,,10.61567422002554,10.369864283129573,0.07392167649231851,10.295942606637254,0.0,19.258386027083343,4.967735701868544,32.90921632358707,0.0,1586.3596798557237,213.05357969944612,269.0408182534016,163.29447749963086,70.73849845058407
71,99,0.0,-17.496873616852678,-0.7043625525536145,-1.1785245745649466,0.0635606859710339,,11.749624480959028,11.481826317962259,0.07442881213501096,11.407397505827248,0.0,10.918469954092503,3.1313740733816853,36.755808048519256,0.0,1604.0173434631279,208.06657683483735,262.2491664529265,180.25116629584195,13.886051369100057
72,88,0.0,-17.565257197466604,-0.6350071125431636,-1.0496767808750271,0.055174298163750565,,8.614193262998015,8.370158931938931,0.06614493764936924,8.304013994289562,0.0,16.548739561666427,4.6664574236989615,30.93456478653393,0.0,1423.804302270514,181.35427066109216,227.94667612462425,168.79239341681017,61.26864157746632
73,720,17.726653208740363,-9.192726096438939,-4.006433770427327,-4.747562546962346,0.43559381743278036,0.30416616797447205,42.068687826860696,41.451600494096056,0.5336780732031912,40.917922420892864,0.37290475494228303,40.33726365363233,14.245755691320388,35.96232483184815,17.726653208740363,11583.460551811299,1348.812458861318,1798.3668091690201,1319.1967233524529,286.51073544800215
74,720,44.80370074114878,-5.397264926618523,-3.3636818180104853,-1.6344576989928976,0.39593935939034414,,43.545274002011865,43.288819948909804,0.5337286219000816,42.75509132700972,0.0,42.08466058204289,18.460376025864612,39.70269653463813,22.34085069303036,11582.514915596752,1120.9330901239098,1636.0324860216222,1340.6474330023568,64.56223562287991
75,72,0.0,-17.739556212001215,-0.5844881171447447,-0.8868187815476496,0.04295254937894301,,9.081171070924029,8.828537743072957,0.05417193425819278,8.774365808814764,0.0,17.822070118447407,1.5189546632436635,32.158654004530234,0.0,1166.6313336897658,139.20634294776093,176.29485976595058,124.41155083857069,34.07836364594081
76,91,0.0,-17.57051083199101,-0.7268475974885786,-1.0376798664290892,0.05563199841343646,,10.544851548969746,10.286918753990903,0.0685549140907824,10.218363839900121,0.0,6.384136460020668,2.0947484752374126,37.713751515252895,0.0,1472.511134460341,181.86061012185965,229.82037984372639,157.6877605306711,43.67164434814572
77,720,57.40230192065805,-7.0812782742542835,-3.385459843612439,-3.284297283917546,0.4084267855186144,0.7603076100349426,42.946843134006485,42.33625566889532,0.5321331731975079,41.80412249569781,0.3299316221382469,42.25762220474481,18.055768566728375,37.38829665705057,9.222534203184658,11601.4760413279,1199.50022342605,1684.849454166582,1340.836016736966,213.11326953242394
78,65,0.0,-17.823120129406245,-0.5515781041311745,-0.8285293552449355,0.042670335670073424,,9.248008764116094,8.972922479035333,0.050678338622674346,8.922244140412658,0.0,15.330466443745888,1.7733410485608279,30.309387926413912,0.0,1054.5725327906473,140.09848134415384,175.55847618410047,113.24466580970672,29.03311721875189
79,102,0.0,-17.268621218853305,-0.5549661684464605,-1.1699803316454136,0.06823248222676108,,11.41703377198428,11.170427572214976,0.07682487764395773,11.093602694571018,0.0,15.110284635222978,3.7681474396301553,37.33085264044863,0.0,1649.538847270749,221.01448397218027,280.61858930180796,177.18264638855192,56.79111720702306
80,720,72.09195773891818,-6.0969685678613805,-2.7468230173821118,-2.934034011540922,0.41297187465547053,,34.1673101130873,33.909364197868854,0.530226239701733,33.37913795816712,0.0,42.23169515254214,22.07348600808759,39.60728448947923,13.547860716602802,11595.1663616892,1182.329302790323,1705.5268136282182,1311.1189165954,165.1355096895237
81,190,0.0,-16.921355100128064,-1.2607540618626298,-2.261986949471464,0.12267132659155479,,13.962146583944559,13.734643979929388,0.14069695258513093,13.593947027344257,0.0,32.123980946347565,9.581022529555437,35.02322062513921,0.0,3075.0019207535825,400.5350273357896,505.5086930565501,343.21408754854724,85.75499250396432
82,105,0.0,-17.48772759627657,-0.7924196730033114,-1.2447212885004295,0.05018661158249982,,9.757843429921195,9.521037002792582,0.07875389256514609,9.442283110227436,0.0,22.525932762880817,4.000407715714586,36.84793589973918,0.0,1701.7538466948245,165.41144774031335,206.7664444588903,178.78438090285425,20.271556811810203
83,720,51.573500819875775,-5.763287959625333,-3.073965858407524,-2.242257349608074,0.4436180394905688,0.5379380583763123,41.42379955411889,40.81558224000037,0.5351573242805898,40.28042491571978,0.38030810188502073,42.19732860043216,19.955154456286195,35.518880470106915,25.13786251043611,11582.399999999889,1260.545961050987,1832.6403009501628,1369.7831484053272,173.7649336718115
84,720,52.697429916283845,-6.282819729849692,-3.3717315760295707,-2.4740603605628593,0.4338885384341979,,39.5300537198782,39.27759945904836,0.5312123086769134,38.74638715037145,0.0,42.043861843864846,19.028987109848888,34.425453695475355,21.173065078764594,11583.511205240678,1235.3934901768835,1787.7969228658408,1282.3083229749946,92.35341389281514
85,104,0.0,-17.425184666764572,-0.6133400926046254,-1.3200774834787348,0.06632790876445964,,12.141397248022258,11.87870590784587,0.07774740899913013,11.80095849884674,0.0,20.956698956831403,5.214300395125033,33.12486076208574,0.0,1687.1582878611957,217.3175249315846,273.0891410604267,194.33266243168785,101.93166271886602
86,105,0.0,-17.306712373073697,-0.5907451271897914,-1.2513881416183321,0.06413832483234966,,11.350935662863776,11.087339425925165,0.07826316938735545,11.00907625653781,0.0,13.952841091569926,3.339967241974062,38.470945957617985,0.0,1702.3590459043787,209.07218337810747,264.0442210204832,177.64014278883496,58.960910742299895
87,720,67.06622021353553,-5.142790576538344,-2.9625833734013716,-1.7290249037884968,0.4475791610101114,0.5430578589439392,42.48593570291996,41.86648927698843,0.5294814030639827,41.33700787392445,0.33664806582964957,42.26262640925156,20.28417152786909,37.53388251002325,26.318857445181155,11582.39999999989,1257.551432645994,1848.1060846550608,1353.8551094313648,185.83307193748306
88,720,60.06158823613601,-6.526147652604814,-3.1695593329929093,-2.9231450664635066,0.4303282093717078,,41.0426847289782,40.7827302669175,0.5326199571136385,40.25011030980386,0.0,42.23186440931912,20.532387612447778,30.976518438158312,18.58766769268348,11587.649177624291,1232.4772238260084,1773.9417588221684,1296.9308674080658,139.33817421472074
89,98,0.0,-17.47744214905172,-0.6050995941778293,-1.2373669630819442,0.05956727875395208,,9.782830490963534,9.526475736871362,0.07366069057025015,9.452815046301112,0.0,23.84801587200494,4.275536652279306,35.05547284855686,0.0,1592.6814747284911,196.36288885522842,245.27170822286914,173.66912822651622,49.221280086604835
90,720,59.559786901136334,-5.73887654361689,-2.803727901989222,-2.505269940332255,0.4264975068835487,0.1786234974861145,43.72628762992099,43.16997301299125,0.5344750748481601,42.63549793814309,0.32980358018539846,42.262028061650426,22.174807382365206,30.037158210979896,18.005599169162235,11587.221501419577,1207.994436955135,1759.7106835548025,1358.4806550619867,92.24912518128053
91,100,0.0,-17.600831820765144,-0.7955596728702053,-1.2101660830775898,0.06953380779175936,,10.887909362092614,10.638296453049406,0.07532216957770288,10.562974283471704,0.0,24.855594316191247,4.162580140031998,36.32718032541099,0.0,1620.5384295729789,225.34153266194738,285.9572549964896,191.28705153387352,85.99531501505147
92,720,70.15747817682015,-5.932661495064198,-2.879524498593516,-2.5950079058008657,0.4546120717424229,,40.97670719400048,40.71903297305107,0.5310932989232242,40.18793967412785,0.0,42.02783303540347,20.828417241473367,30.195023000803783,19.45150746420589,11586.461077955088,1301.180657575157,1874.2023262553653,1335.4966316113341,208.4544665628053
93,720,74.14372777017395,-4.299116401427815,-2.336809590371136,-1.5142240132132743,0.444973258365617,0.21111835539340973,31.305627588182688,30.734026439953595,0.5308649053331465,30.20316153462045,0.32652834290638566,42.26305225462995,24.16441315299244,37.560504137254796,22.171739026667726,11582.543841356675,1220.2437536776886,1835.7921018503494,1303.6846801371705,100.68850307491726
94,85,0.0,-17.62442504644214,-0.6116403048190006,-1.0548795111258165,0.05747782705493436,,9.869872947921976,9.619843991007656,0.06463421043008566,9.55520978057757,0.0,13.82239209744059,3.9880210273442906,32.393396637890504,0.0,1378.9477234436408,187.1566216998487,236.36869744456243,151.1331883122405,4.893327793744404
95,720,80.33615886486125,-5.241747478323368,-2.4829421564577556,-2.2962525610967464,0.45900771678791,,39.37966570886783,39.12063894001767,0.5305195946712047,38.590119345346466,0.0,42.25370524350731,23.276774404300426,35.410680698382855,19.906056823506837,11584.256521194433,1290.839788678307,1891.901088220609,1321.9720654031794,151.15943646734206
96,118,0.0,-17.39936601710878,-0.8421600422822668,-1.4169192581729941,0.06483914088618367,,11.82065973104909,11.567707451060414,0.08793762675486505,11.47976982430555,0.0,18.84054441837338,5.146805627810588,36.86671218182899,0.0,1914.6560170357823,214.3025903032491,267.6129399175137,214.04575606050545,48.993081887242454
97,720,68.3330211847,-5.24432322048603,-2.3730647143582795,-2.4292421773886956,0.4388135113224238,0.3796346187591553,39.45165770314634,38.85145620396361,0.52993373433128,38.32152246963233,0.33638263610191643,42.261418731979504,25.00229403162605,31.957359510649553,16.342059970611448,11589.849533930686,1233.2408745261691,1810.524589652565,1329.1511352708656,93.39746898674922
98,78,0.0,-17.695894813954247,-0.6339067617381938,-0.9412409939892025,0.045376755846191316,,8.346084285061806,8.089751486899331,0.05942700686864555,8.030324480030686,0.0,5.126204404600813,1.7159358865009977,33.67677325770229,0.0,1263.7842579822618,148.1333842863287,186.8927013826517,148.74813174347653,4.526572006035879
99,83,0.0,-17.55640320495826,-0.5537455150085484,-1.0002699849352086,0.051979290425776925,,11.15271821198985,10.873436077032238,0.06279724626801908,10.81063883076422,0.0,14.312146640275845,1.8697300736100728,34.8491128249924,0.0,1344.5170981141466,170.15173924759267,214.5937427221149,157.7598005422935,17.819228671989684
100,138,0.0,-17.38154404383915,-0.9804989063291338,-1.7395168797813834,0.08593110023450973,,14.219841165933758,13.952703016111627,0.10290346993133426,13.849799546180293,0.0,28.419001913953277,6.50762502855896,37.82481190680313,0.0,2242.2965186214783,281.8245133982578,353.6083584338793,238.79869978883053,104.85523841953679
101,87,0.0,-17.61204665289782,-0.5808345852712885,-1.1284311959470035,0.05239056930045146,,9.470600788947195,9.226474422030151,0.06513429526239634,9.161340126767755,0.0,20.81718476928612,4.2159786647902795,30.83907664141991,0.0,1413.3888540345527,172.1719568897288,215.7690526768365,155.94400384503658,12.440763609694699
102,720,72.25719821202858,-5.645687588616882,-2.7491492026819606,-2.428281764390037,0.46489201577311073,,39.79771328391507,39.526529512833804,0.5288811440113932,38.99764836882241,0.0,42.24609918034187,22.583523504110577,36.83482823503987,19.075498095452073,11584.563851856701,1310.2052964469249,1916.3920636118237,1299.5279862096884,121.50825341648012
103,720,78.03347591150602,-5.311213552608671,-2.4277152700116744,-2.4455473803584296,0.43483859809682796,0.3919028639793396,41.53947308007628,40.921277194982395,0.5289945788681507,40.392282616114244,0.37943968805484474,42.263782680765004,23.277018977257683,30.005456758001486,13.977056852073932,11591.217963381632,1228.1512694831017,1794.8832778125968,1336.4243487042625,119.00132938260727
104,720,74.61976409582458,-4.624673440948594,-2.2321375976646554,-1.9372073730603294,0.4520014938870122,,38.01382352388464,37.7637631141115,0.5291240587830544,37.234639055328444,0.0,42.26353930000864,24.492659041560444,38.38669115909348,23.373534476506947,11582.44205777542,1260.0228494743242,1863.233615492862,1326.4535530659605,152.95322567195757
105,720,65.36248108587073,-4.9136081518301165,-2.8105813085848976,-1.6479628250970155,0.45192345056988464,0.31926044821739197,45.159540893975645,44.63301804498769,0.5290406884159893,44.103977356571704,0.28815841278992593,42.032825495171416,22.360956043552726,38.685612770633774,25.642041542549354,11582.399999999927,1246.9253183879612,1862.8161223073628,1306.9366006179166,79.8791351081094
106,720,70.88377428520866,-5.218860153535151,-2.7332454774082198,-2.031383871297561,0.451018241648678,,43.45118878711946,43.21801432291977,0.5304610666353256,42.687553256284446,0.0,42.26370547519546,22.514229739479532,34.961550624241156,22.782545281335192,11582.532000397347,1259.7845083316108,1859.532751626826,1307.8376585742408,119.88506063655649
107,720,58.926072277852626,-5.292773496494093,-2.525450762358667,-2.3162663886863584,0.44771665260219085,0.28444308042526245,41.13091808487661,40.614739063894376,0.5294332639314234,40.08530579996295,0.2888298388570547,42.26371419667309,23.07236733536163,34.571140287831206,14.750364087524462,11586.820688792259,1254.6607154003423,1845.1063059358555,1309.3053698174613,47.89178873836474
108,77,0.0,-17.62331720850103,-0.5229342547192931,-0.9466371682217313,0.05330424817885053,,9.671473456081003,9.407449047081172,0.058511228766292334,9.34893781831488,0.0,11.07354577499259,3.2927751795620046,31.766059052669526,0.0,1247.921099733321,174.113435535841,219.75187409580414,148.00192474730878,38.24506593651308
109,720,48.68302028264912,-6.774934180234639,-3.237432801727797,-3.1017375152242934,0.43256934324962887,,45.60533451498486,45.31991791911423,0.529628352727741,44.79028956638649,0.0,42.254994796970614,20.77084893675018,34.394786511359776,12.820211104815632,11598.602359484265,1250.5075546897438,1784.5555428890127,1350.2216688261237,77.19727986500779
110,720,71.102658022786,-6.064451195655325,-3.0787450998062282,-2.5157202549515554,0.46649018084238464,0.3762916028499603,44.70543254795484,44.15453468216583,0.529099659062922,43.62543502310291,0.29439140181057155,42.25611462747065,20.519074963235774,36.905939358597855,19.00004138178685,11585.495158085765,1320.8001240199883,1920.141964142748,1277.533345121357,57.72298078584825
111,95,0.0,-17.343779538790553,-0.4334907619439759,-1.199217735852649,0.06060761508997964,,11.372939034132287,11.107694817939773,0.071933627827093,11.03576119011268,0.0,19.94038439966026,4.5406565976284075,33.99721114418527,0.0,1542.1435660480977,199.11898589024602,250.16105547911275,176.0117381458597,26.913903737004805
112,78,0.0,-17.671827959989127,-0.5842514589616938,-0.9623057518157239,0.049916181494314815,,9.514669561060145,9.260866096010432,0.05841193627566099,9.20245415973477,0.0,7.822083887740133,2.149474428774573,33.041077368438856,0.0,1264.7237285766546,162.89489599477682,205.38374106933554,144.99067449910996,24.57565424909763
113,97,0.0,-17.400956957092355,-0.5160633784354556,-1.2233697966078316,0.061097140126203264,,10.334877775982022,10.101797451032326,0.0727524149697274,10.029045036062598,0.0,22.76643101567197,5.358781179000235,31.287092130201856,0.0,1572.4183055003778,201.02570410810395,251.77770942422245,169.58470249911696,29.678862248878204
114,720,44.001974888108634,-6.950167249306166,-3.614831065801355,-2.924781561393882,0.40757395616061215,,38.9975284258835,38.76542190485634,0.5287516319658607,38.23667027289048,0.0,42.262508326839445,17.024778076718416,38.44786276075621,17.500797714832743,11586.0977819303,1198.5518422380567,1684.9792008989682,1320.5524041186939,26.65839948483175
115,69,0.0,-17.482985656782148,-0.2462560012729966,-0.8920494433271146,0.044347311331578126,,10.677475267089903,10.415363678941503,0.05231976485811174,10.363043914083391,0.0,12.307874988908301,2.289286656353676,30.12390918702132,0.0,1120.3407071012834,146.07184123616233,183.02503828454007,134.30830345068233,28.859560839579103
116,81,0.0,-17.584630605226867,-0.5899925513311269,-0.9455244846869935,0.04877199930203663,,9.283806263003498,9.032751742051914,0.06080935476347804,8.971942387288436,0.0,17.409868615383527,1.4187589262067275,36.20665094780759,0.0,1311.2344238979624,158.346508528168,200.8581413066619,142.847964601689,15.753360730514228
117,720,64.28810326474171,-6.350549188930849,-3.023203433931612,-2.856894242755856,0.46713583634699224,0.12037370353937149,40.06498723686673,39.466637428151444,0.5292911292053759,38.93734629894607,0.3763168449513614,42.223369710789235,20.12997867379463,30.39853979606713,17.146096435691717,11587.301073764556,1341.314596952887,1924.5235190699061,1293.2928385665416,175.6711473340575
118,720,78.35629680178955,-6.450271399588692,-2.677812908856916,-3.3124928072208197,0.45634208394647097,,40.28244497207925,40.030097760027274,0.5308192458469421,39.49927851418033,0.0,42.25714163086165,22.304978062710394,38.323165060206264,18.34473294863764,11585.63007667178,1321.9148519918126,1882.588271533005,1368.4061324461754,24.75450600263505
119,720,71.90968502487671,-5.504162287041141,-2.5565441037898538,-2.507895639073945,0.4364380893826601,0.11709997802972794,41.77451078384183,41.2254427971784,0.5304527529515326,40.69499004422687,0.291253549978137,42.26340491009575,23.853775007994717,38.72760739077603,19.89286384295567,11584.866502458915,1231.1142231104393,1801.1516270380746,1326.2902952168129,53.10895923346797
120,720,53.40672693570223,-5.034958017017838,-2.7490007173307918,-1.8347417273440367,0.44783242278256813,,39.996919473866,39.751523287035525,0.5306627212557942,39.22086056577973,0.0,42.263579565656464,22.435188229634512,37.890667431047106,30.627017932970034,11582.399999999914,1254.285576096343,1847.2854644083743,1357.577944854092,114.27181027188155
121,720,67.66883180101485,-5.720465033411417,-3.0812160773331687,-2.185370889082096,0.4506596269102222,0.14045189321041107,37.33857125090435,36.79642897308804,0.5326851014979184,36.26374387159012,0.2880011859815568,42.080106694366926,20.345234565158837,32.03852620161321,21.077413815991303,11583.210583698625,1270.1160274779847,1854.4593100044426,1268.450819546953,113.9743857609912
122,720,69.39400483652103,-8.263676945149307,-3.5393216784793475,-4.305726967587967,0.4153288764837377,,37.0694013889879,36.83046817500144,0.5327380276285112,36.29773014737293,0.0,41.66184536916515,18.312488035867727,32.72969295773821,12.514606477851201,11600.316652977952,1252.6088567938668,1714.6807070248997,1345.2552230781134,118.30305203719168
123,720,76.21538102088873,-6.708382192300147,-2.522090655541514,-3.732476268889143,0.4502996592665231,0.22052225470542908,41.05696235992946,40.52740958891809,0.5315686604008079,39.99584092851728,0.2868386071640998,42.25923759646051,23.600304714911786,35.62642792091726,11.844867267574912,11605.279674715737,1311.9989373314854,1855.4319935826607,1336.5615728203254,221.2004453087894
124,77,0.0,-17.36091174204876,-0.25629535515773394,-0.9546211432634166,0.049556279066179085,,9.425982408924028,9.169345957925543,0.058648757403716445,9.110697200521827,0.0,10.236243252075974,2.1857193972985587,33.42500591629472,0.0,1248.7654313122841,162.70277343401327,204.38017249677682,155.35571689044815,29.868224522894145
125,720,60.18860743368053,-6.825666602846158,-3.4631470695990325,-2.932516083827384,0.42689921131428854,,39.593696967931464,39.356767347082496,0.5310775816906244,38.82568976539187,0.0,42.263811955858614,19.006748892169714,37.812585706493515,18.34529127895883,11587.105659602921,1240.4967036638445,1762.9738709381693,1327.548637615189,46.156470107159564
126,720,62.85896168059393,-3.8933371248312136,-1.9772565007157563,-1.4610669878630393,0.45160139596009496,0.11705534905195236,44.039894357090816,43.53843961190432,0.5303243291564286,43.008115282747895,0.29229742009192705,42.26371172040942,25.855883799800363,30.28596154935725,25.798127595472682,11582.399999999932,1231.0436463609735,1862.75357436771,1368.7980765027348,91.89711944184332
127,65,0.0,-17.4936424786262,-0.2563910303350179,-0.8012035939479503,0.0358231507945046,,9.584001445909962,9.372535411966965,0.049258821876719594,9.323276590090245,0.0,0.950456431865421,0.1439457538343422,32.24134247783133,0.0,1053.3697706274802,119.73147933147133,148.63886243869743,121.63015144189626,34.749673348655676
128,720,71.91471704802058,-4.881613465228226,-2.5394139113119434,-1.8817009528621855,0.45705628864462866,,39.76443041698076,39.52278327289969,0.5300685823895037,38.992714690510184,0.0,42.2625157455736,23.47715112485213,32.060300254059165,23.461867817139296,11582.451585514737,1268.361230961502,1884.6105944931294,1344.0455547035085,101.70272113107735
129,720,70.16912844070266,-5.04386046831806,-2.202250572345513,-2.3940050004473257,0.4443957629429744,0.07913149893283844,42.12132591707632,41.55360074201599,0.5294046634808183,41.02419607853517,0.2927439231425524,42.25040484468727,25.553317499298995,32.038048938932064,12.475561049851201,11592.169757575852,1244.2751218752028,1833.464673206671,1325.3828945259709,48.92222665279905
130,89,0.0,-17.628658129556346,-0.6802484920928473,-1.0851927250870959,0.06280815706395104,,10.631040218053386,10.361801323015243,0.06710421503521502,10.294697107980028,0.0,20.758863339139086,4.006203050285497,32.59113733287698,0.0,1441.667282296405,203.55099995989616,257.99795511055595,149.3923929804026,39.55802698571276
131,720,56.11541102541987,-6.455911478068916,-3.097863576711363,-2.8940169319691593,0.46050162461785077,,38.876720800064504,38.616234523942694,0.5303346272557974,38.0858998966869,0.0,42.129662945718756,19.474076551253145,34.06656476746407,18.89612911503695,11584.620042438104,1332.5929914932576,1901.1663941138715,1361.8336825695944,104.18614455031057
132,80,0.0,-17.66394705856808,-0.5440057449306606,-1.0384476142942272,0.05607288630587813,,10.886323193786666,10.61320718517527,0.06022432493045926,10.55298286024481,0.0,14.714049152736719,3.790093357442795,31.258730746749325,0.0,1299.636425446161,183.53056673553056,230.58866566088216,139.95303667949906,31.85011850828758
133,720,71.44430728309452,-5.262897107486721,-2.2650816290516134,-2.540572783886933,0.45398182363109413,0.030128873884677887,42.37789002293721,41.804178406950086,0.5319672767072916,41.272211130242795,0.3323304771911353,42.26357677863094,24.875368916761268,32.49493034349429,18.79747579934682,11587.092167607881,1274.8867223641694,1873.656850380459,1315.3709518655387,82.6083940657791
134,70,0.0,-17.701699671455586,-0.4829466487987529,-0.902830397747546,0.040620802675179916,,9.93686115811579,9.662117633968592,0.053453815169632435,9.60866381879896,0.0,19.136209867486652,2.5420439165253184,30.293931033217874,0.0,1136.5232301400524,134.9317068100959,168.209610977258,144.5158058545274,10.44953558460118
135,720,65.3444766731312,-4.624070870745319,-2.499935476253425,-1.6837951664311823,0.43725829678992895,,43.29005652782507,43.04731133603491,0.5318761479575187,42.51543518807739,0.0,42.26338216766656,23.22945782807739,33.91887789575521,20.478073496632984,11582.951131543548,1210.9083126869793,1804.088549979697,1315.4018599952672,148.9142340371687
136,720,81.05944645842175,-3.4174857187574106,-1.5198807504355436,-1.43540582938484,0.45866225887082224,0.28098008036613464,43.631532272091135,43.08059519412927,0.5313445574138314,42.54925063671544,0.29327583708800375,42.25591133040637,27.918229438773324,34.07391832055174,27.47055206729766,11582.399999999954,1237.1539130571462,1890.2029048205495,1324.6138135942585,106.95856973483663
137,720,75.61023380055997,-5.6018750700969635,-2.518086056158986,-2.630013597826837,0.4503624561809079,,45.505133660975844,45.203127305954695,0.5342977694235742,44.66882953653112,0.0,42.25009166116959,23.482222682669008,34.123695468948846,14.72523676661889,11589.104267470322,1264.7563537366148,1856.9187040836503,1345.4431283874367,57.48815424226777
138,720,59.16569021367971,-4.586688437499298,-2.4857147471399137,-1.640985081854721,0.4566484755161927,0.051232703030109406,42.16619153600186,41.618749764049426,0.5364428532775491,41.08230691077188,0.28903855895623565,42.263671918781846,23.46040612869056,39.957747367916674,23.833803089680345,11582.438241250175,1256.8626786153925,1883.4532722512995,1302.1596683896398,108.38730586914483
139,720,75.96566229570175,-5.2196707820029085,-2.4174259674405008,-2.322761048236939,0.47586669179341845,,44.50631043803878,44.22533015906811,0.5378563913982362,43.68747376766987,0.0,42.26345938554228,24.258945063133368,31.103950712871548,16.543316449870222,11586.954963267346,1322.5744429533208,1957.7188447896096,1306.7934206413322,69.18795858860693
140,73,0.0,-17.75466401852066,-0.5998066701052491,-0.9085108883986115,0.04597651108620764,,8.543732909020036,8.290658712154254,0.056612617103382945,8.234046095050871,0.0,13.286051637766697,2.5652278198884706,31.043086177601598,0.0,1183.5663265582873,152.07266815518747,190.29560936238033,143.58882945756412,21.824584651375517
141,720,79.71516600124286,-3.1311594752548797,-1.4823524476802088,-1.2192052356579994,0.4265819344746421,0.17118968069553375,36.803247976116836,36.2758750859648,0.5397687945514917,35.73610629141331,0.29568141303025186,42.26366053748655,28.42385193413162,31.541212635996953,28.168812555965637,11582.399999999949,1156.08578765643,1761.938572327599,1314.0453176131648,68.96152455453873
142,720,72.35956321717346,-4.280834249170255,-2.249887242341469,-1.5726763865549753,0.4549688045242997,,33.229820978827775,33.004907762864605,0.5362071581184864,32.46870060474612,0.0,42.24465310838041,24.08209927559982,33.66229859141293,27.324665478258716,11582.399999999943,1249.1181080963922,1874.331340925226,1280.4484545275095,102.83847041973821
143,115,0.0,-17.379210064632836,-0.7131044437790574,-1.4455846785621627,0.07004329934484584,,11.086852670880035,10.83219260815531,0.08653583424165845,10.745656773913652,0.0,25.961108269880864,5.658835407148839,35.27367014018503,0.0,1868.315002267072,229.76316749771587,288.5105261554713,191.51962629133251,31.860220205993695
144,720,59.18705815458121,-5.609234169855235,-2.391648767259265,-2.7908176736057158,0.42326165008781075,-0.002094166586175561,42.53806635388173,41.95284439995885,0.5366774911526591,41.41616690880619,0.32825742196291685,42.263938315384195,23.221334745459924,39.426843308542345,15.556593788540454,11589.997114983076,1211.1259845909456,1747.5045536023104,1384.614477842359,28.185350752839046
145,70,0.0,-17.45490724511155,-0.2659808864990325,-0.8693094710793469,0.04428499966298588,,10.756631652126089,10.47059769090265,0.0542388076428324,10.416358883259818,0.0,7.498110749008686,1.5324696566749398,31.946135803567742,0.0,1134.76670604065,147.37027138549618,183.30903742416973,132.03351526249492,16.585321005189968
146,720,70.17254541063764,-7.059067510023134,-3.384547725252088,-3.207851461085277,0.46315936433475224,,44.62922871415503,44.37745442497544,0.5358012756332755,43.841653149342164,0.0,41.77368519284883,18.239899032854574,39.258089079730716,17.601831125377455,11588.608736968863,1351.443725334451,1905.7156589011022,1282.6566699717991,284.44744910503766
147,720,67.98841324650891,-6.4414590661846125,-3.243079343128948,-2.784791972893408,0.41016386655781445,0.14640191197395325,43.18297239905223,42.62651921296492,0.5356756199616939,42.09084359300323,0.292199376039207,42.260409559378104,19.254119562637413,39.80910920819736,11.453552631153512,11598.909479474023,1185.5866674788188,1693.5758734502951,1369.9030481389477,111.59764625675523
148,720,69.90026344117945,-4.417393671252517,-2.162524801873109,-1.891140002390405,0.3604457190845174,,38.95755871292204,38.728163466090336,0.538228016346693,38.18993544974364,0.0,42.197586187676634,24.560257153548942,31.53342019616405,21.33789161037649,11582.729732028845,1002.7000128139965,1487.124382781738,1356.7472495699321,45.156207150673154
149,90,0.0,-17.55949019977819,-0.6113430762413256,-1.109551378603856,0.0631096346371779,,8.064216741127893,7.839658773969859,0.06762702181003988,7.772031752159819,0.0,15.417622437740118,4.897073580249025,31.595444202344027,0.0,1459.164473717467,204.54435076677728,259.3255605331104,166.89539476900939,59.9078471432278
150,74,0.0,-17.697472083258916,-0.5269341702504683,-0.9503753940156486,0.04480992547394308,,9.737185959937051,9.48220201721415,0.055855657905340195,9.426346359308809,0.0,11.929334148073808,2.7853713222012337,31.292009852094864,0.0,1202.0567393381552,147.43795056433788,184.6760216893584,145.48201696271155,44.64171430840847
151,76,0.0,-17.57523011646941,-0.5000872930501583,-0.90429760061119,0.045533854749144176,,11.351199537049979,11.066370730055496,0.05767032457515597,11.00870040548034,0.0,11.9942107905213,1.6635382240700423,33.31188518262847,0.0,1230.863194889353,149.2168495809173,187.7461212878964,144.4972509988704,59.75077400078613
152,720,78.45359634743181,-5.512483109130394,-2.631637555254798,-2.426752769949924,0.4505450681661205,0.18330393731594086,38.22126352111809,37.61810462502763,0.5355151859112084,37.08258943911642,0.3377780669834465,42.26214729003531,22.53661887323369,36.99227110148273,17.089776732359706,11585.009954773195,1279.2717425137969,1857.415635842477,1344.7626696704574,256.8462074810693
153,63,0.0,-17.67848060642771,-0.3794815270640284,-0.8070354897376568,0.04157951555743078,,7.37580620101653,7.147295823087916,0.04812649404630065,7.099169329041615,0.0,17.860078931790785,1.354670063885761,30.32613014688742,0.0,1022.6234580847819,137.46921232926354,171.8669098424752,133.78358109942295,48.26015969389774
154,110,0.0,-17.42794116292103,-0.7787608560367797,-1.3010821523186284,0.07251695809898709,,13.275667598005384,13.007544078165665,0.08315761107951403,12.924386467086151,0.0,23.504225356060044,4.769214293567693,36.249444125348994,0.0,1781.2631757584672,237.98197460401414,299.07499546727945,208.59919172071054,53.189879418326406
155,720,65.47972719795763,-7.7178823208315785,-3.330799035148955,-3.9055810134608913,0.47813395596622454,,43.24584942194633,43.0001653090585,0.5357183679006994,42.4644469411578,0.0,42.23581894387243,18.948034774873122,38.983142101499,14.715098788734856,11599.448424162338,1404.3831444276507,1966.1566021865456,1258.0571141088628,416.752508435458
156,720,75.14286166261908,-4.611201060277412,-2.2789686877621067,-1.9047183565300556,0.4241343536318681,-0.11945943534374237,39.3098180659581,38.740097865927964,0.5357482847757638,38.2043495811522,0.33280515391379595,42.256288614962244,24.498349509499125,39.09065955004082,17.093312199084863,11585.501525094092,1179.220670729285,1752.0900450156655,1378.0516151736872,90.35275247519917
157,78,0.0,-17.635353907353128,-0.4948308442810131,-1.0165959601314283,0.04858717292393889,,9.757914891000837,9.469182958826423,0.059816024266183376,9.40936693456024,0.0,17.26615352920488,3.1591281996410023,31.269411533640934,0.0,1268.135691785312,159.55461427139258,200.0170355303953,147.29904148513685,63.017800957502146
158,720,79.92656259655283,-6.656323507536624,-2.796219529564234,-3.4154727142705457,0.4411037124431022,,44.93901420687325,44.65207851585001,0.5380786128807813,44.113999902969226,0.0,42.26323723966912,21.56997458932975,36.262427010422954,17.332237782897625,11588.2536472968,1286.9320604808076,1818.3660660897872,1313.4039332182847,315.96266774280525
159,720,67.73738245518106,-5.442084894579618,-2.7383815904880686,-2.222424587452591,0.4776929622025225,0.051625292748212814,40.90570106101222,40.34789403202012,0.5366640754509717,39.81122995656915,0.2951285189483315,42.26368713280666,22.079817763765192,34.27354031901925,16.662265798540382,11588.144716400959,1334.2063039740274,1966.0373471754617,1329.621309449273,296.9061809880792
160,89,0.0,-17.591672983924393,-0.5664188460541347,-1.1682652749510596,0.05653639493017434,,11.475650594104081,11.20302232913673,0.06776835187338293,11.135253977263346,0.0,22.42805020101364,5.053032471229316,30.881141815301472,0.0,1446.4851247065044,184.47864870981243,232.03325372894477,148.16994963418875,83.54969425973991
161,720,83.75290773350818,-3.617931927707309,-1.7175102835546556,-1.444923670718301,0.45218770361851035,,34.69937839289196,34.44268028391525,0.5361055352259427,33.90657474868931,0.0,42.26286319196346,26.87580488555616,32.60425962817595,22.714867448802885,11582.46371014963,1230.6064383244566,1865.0848726832771,1342.5553028610093,94.87152413810388
162,720,70.99228854390222,-5.635718353528135,-2.727568130904863,-2.4808658920954354,0.4236383292794547,-0.08446518331766129,44.44526152079925,43.89879768504761,0.537007017293945,43.36179066775367,0.2957618650980294,42.2635258145444,22.51498254202388,36.78955679872027,16.48763069357569,11589.967656629153,1193.666928123759,1746.5674183195076,1330.9268247088369,55.647638498783095
163,131,0.0,-17.34241887362635,-0.9193269734732702,-1.5900777322479054,0.08248742965795354,,13.536004929803312,13.240284729050472,0.09868201869539917,13.141602710355073,0.0,22.51126923764087,6.377523919680964,36.10923817597859,0.0,2123.133977462446,269.04823359544065,339.3397465554413,220.47501676675748,13.71089253718497
164,720,71.73769945787055,-5.99548549643206,-2.9174552257813406,-2.6415001033158925,0.4334287329266895,,36.19405991095118,35.946395280072466,0.538192719919607,35.40820256015286,0.0,42.125769696951814,21.379665405321752,35.98447098695236,21.526090039910674,11583.193400579792,1235.3775362088418,1787.5134926461994,1294.2874332352608,111.89331113515023
165,94,0.0,-17.421806663167338,-0.6077956000693614,-1.07546380267737,0.06306092903287881,,10.56873517204076,10.30115743004717,0.0718912836164236,10.229266146430746,0.0,11.018399249648034,3.2360801742969656,36.60116354458721,0.0,1521.2994833320945,203.14904987197227,258.98139317100686,163.99203678934424,72.42338939453352
166,79,0.0,-17.702389951094357,-0.592835103584222,-1.0065761922106384,0.05261297469136228,,8.661306601949036,8.411999048897997,0.059746851213276386,8.35225219768472,0.0,18.262258289684947,3.9977608982858213,30.437879680521068,0.0,1281.3675227759704,173.5167612219289,217.20135246647084,141.79779750060482,48.365646085617314
167,97,0.0,-17.519183255512228,-0.6758237769384664,-1.1797914799813545,0.06312335533125138,,9.414667760953307,9.171945037087426,0.07413135375827551,9.09781368332915,0.0,19.279012749365485,4.3605636475058995,34.59987573080729,0.0,1572.011488739047,205.98493777385627,259.8660179799795,165.96967190705664,39.25804242055332
168,720,61.88612253335578,-5.601994038608532,-2.8518144536537333,-2.281699855775672,0.46501786031815273,-0.06000109389424324,43.25816844101064,42.629911261145025,0.5407841359265149,42.08912712521851,0.3786330199800432,42.24604482320655,21.714890368056913,38.51693486725062,22.681493323523824,11582.619769092913,1308.8610357193463,1916.0687400713243,1336.3072454984074,212.82433097769388
169,100,0.0,-17.582286363422547,-0.7777633189577898,-1.2130136478614317,0.06605591586986231,,10.274219206999987,10.025692148134112,0.07678246591240168,9.94890968222171,0.0,26.404109603847825,5.304467952395084,32.94006242265303,0.0,1618.5790720627674,216.1289049762409,272.6233043054248,182.9583883831814,62.41587097658772
170,96,0.0,-17.431649416458995,-0.6546983759597935,-1.0873569242426075,0.06416972691983634,,10.933835217030719,10.68357018288225,0.07299591368064284,10.610574269201607,0.0,12.721639715629191,2.625225919397384,38.336867963053216,0.0,1553.4628372158663,206.72586187753888,263.4270815060377,149.08123747734967,96.70852890504362
171,720,67.71530281835919,-6.577182195940293,-2.914183826931746,-3.2046042783432505,0.4551288677387495,,40.4150339581538,40.17418401595205,0.5344216714147478,39.6397623445373,0.0,42.26361657315763,21.335428512022695,35.62593481307129,14.172298350200377,11591.911905550734,1306.857025363756,1876.8390697794082,1308.980732829868,209.73919063840978
172,88,0.0,-17.599699016202642,-0.6793865676510256,-1.0395470725565947,0.05542088115216185,,11.77789120003581,11.507141468813643,0.06627497752197087,11.440866491291672,0.0,20.020703450449492,3.9104897654621054,33.419985815591055,0.0,1425.3469372636855,181.1785472792785,228.31141298616464,145.06601455875546,46.69911079463269
173,720,80.87247338375467,-3.0713600311681137,-1.5059606147303453,-1.105829235843989,0.45615029452360484,-0.007810558658093214,39.03133470704779,38.46831724210642,0.5357436826452613,37.93257355946116,0.3370385551825166,42.2633029622898,27.59131618002886,33.310017351326835,29.23775022937938,11582.39999999996,1221.9774945674503,1878.1225521360016,1319.1779463193025,218.86062149158
174,720,53.516642595547836,-7.0383618930374725,-3.541215763955583,-3.0298047652151667,0.46359396280437326,,39.57461058488116,39.325315369991586,0.5365952178835869,38.788720152108,0.0,42.26026955261662,17.866565116395524,35.55573136785947,20.21930521720348,11583.37220597075,1352.932562188142,1913.1575824928548,1377.1010017530125,149.03814418809202
175,90,0.0,-17.55907594730988,-0.5686247550284133,-1.1522520222395944,0.06264351815934692,,10.142274379963055,9.870187392923981,0.06778409192338586,9.802403301000595,0.0,13.418067945363383,4.5806612606361785,32.58442258139912,0.0,1461.7311296250311,204.5983432373791,257.92419095290467,163.99072071107,25.28174052005328
176,80,0.0,-17.440096235443843,-0.40332556014140886,-0.9640550238222428,0.047399421465218625,,12.289649455109611,11.987562163034454,0.060313076712191105,11.927249086322263,0.0,11.16176806916313,1.9805684702785868,34.52714552416766,0.0,1296.3843574406824,156.13294660288955,195.38814808877285,141.7271504333995,23.246486395663307
177,123,0.0,-17.3880515981267,-0.8868003202940331,-1.477522259365859,0.07322186739402607,,12.180781570961699,11.911293585086241,0.09241903596557677,11.818874549120665,0.0,22.779880811190978,6.111107494706602,35.6639586391398,0.0,1992.667855684391,238.79519353082657,301.4131914817813,211.18172160852794,54.48810060131166
178,109,0.0,-17.4948220730606,-0.7981395396823828,-1.3288539213023411,0.06736805970341488,,12.7918269590009,12.526687075849622,0.0819061768706888,12.444780898978934,0.0,18.576219276411933,4.604212023930666,36.16281627203301,0.0,1767.0935634323955,218.68714213223495,276.73547394656924,188.41180009969648,50.71375450023119
179,720,77.18109796203333,-6.92644153231731,-3.084500723847926,-3.399062930027781,0.4397266082590269,0.031824786216020584,38.08809244609438,37.47982107498683,0.5367493852972984,36.94307168968953,0.37804740481078625,42.241249060596346,20.007111047468378,38.9184500273812,13.604703519753114,11596.626842488364,1279.2303640941238,1812.1637352249688,1319.0796937786163,175.33650968310354
180,720,72.51162567159982,-4.656435181912565,-2.3463491560413114,-1.8450849310694386,0.461600042790196,,39.68067129701376,39.41796689480543,0.5354269857052714,38.88253990910016,0.0,42.26314130008902,24.847580232560105,39.30234510711295,22.137713803412698,11582.524886973837,1273.2178161545935,1902.1641684145281,1292.847670156044,242.65852332662098
181,720,70.56191430927412,-5.2755154653631875,-2.5054662413884103,-2.3247783987439004,0.44186247508785675,0.05972930043935776,45.26917609781958,44.688263392075896,0.5354049724992365,44.15285841957666,0.29052353906445205,42.26031457837078,23.26739987827682,34.14255019451008,19.422535573137324,11584.54224590358,1246.4011308134593,1826.2954396468613,1355.9338965994343,215.83683626477077
182,720,55.972876458317835,-4.084028006658805,-2.360877728293144,-1.2572556154035248,0.46254026490763245,,41.685268186964095,41.43702650000341,0.5362122040241957,40.90081429597922,0.0,42.26244499326538,23.6649403309473,36.862812456049376,31.7400587506947,11582.399999999925,1267.0259410933866,1906.4877806751315,1317.8821756202215,133.24572557787678
183,74,0.0,-17.76464917001534,-0.6222696445078777,-0.9209418123089407,0.04612836507532737,,9.643207126064226,9.382270566886291,0.056538291508331895,9.325732275377959,0.0,21.23606249690717,2.86476572651033,30.591388400497387,0.0,1199.2351423262396,153.2002453610923,190.7893473930703,145.0530117354569,27.230798014892997
184,77,0.0,-17.775481135802565,-0.6656734854198911,-0.9578426490474146,0.05158944654872417,,9.239470449043438,8.990368277998641,0.05826851399615407,8.932099764002487,0.0,15.691286578409569,2.153625475526201,33.17368556389855,0.0,1248.8579137068334,168.136987525564,212.09404845320273,131.36844096947132,20.683700507314835
185,720,69.59978132299533,-6.466192398513897,-3.1970206764929165,-2.846194240143358,0.4195537455831078,0.08577247709035873,43.242385481949896,42.64787402190268,0.5363511140458286,42.11152290785685,0.3274224807973951,42.263915193795654,19.000698670197103,37.25160620506602,22.59274021364833,11582.506049949347,1218.1880868701076,1728.7352762641513,1319.0227396325902,126.3578428952954
186,720,69.2808861016541,-5.551361671772113,-2.802740006122096,-2.277753234300061,0.46731612460122873,,39.65941178193316,39.42052517598495,0.5346464568283409,38.88587871915661,0.0,42.24462987503175,21.257735207037136,38.57312492946919,21.710824320118178,11582.598003844187,1317.5193713343203,1926.0411336609957,1321.3742060927023,103.24777298685999
187,121,0.0,-17.39061761223378,-0.7108160197467828,-1.595448937192764,0.08371186179136106,,12.493573291925713,12.243411800125614,0.09054732066579163,12.152864479459822,0.0,24.105012482224566,7.2745423618465725,33.42850239114247,0.0,1971.0242267871445,275.3737566490283,344.72889095822893,225.88280145659175,54.2266292954512
188,720,73.04993540021047,-6.13339259213412,-2.7851111363304355,-2.8832931665543593,0.4615504797309878,0.35850146412849426,37.401982206851244,36.83448288007639,0.5338660764973611,36.30061680357903,0.32827428402379155,42.25379675812445,21.978553149006935,31.501940637523134,9.535112477842995,11606.126709491886,1304.9960835376294,1901.0470381116704,1317.5710744488185,200.55059142559008
189,144,0.0,-17.291481390523902,-0.9086327842358343,-1.8518363865569096,0.10524687948640328,,14.847637689905241,14.58947895700112,0.10842854320071638,14.481050413800403,0.0,27.73308279110734,8.517816963978284,32.422254320588806,0.0,2335.7679205993636,342.5471396966157,431.73102447849374,249.52584735707822,85.41854860186494
190,69,0.0,-17.643408132261854,-0.43487868005805796,-0.8643966579990553,0.043802799581534435,,9.84651199216023,9.572489158948883,0.05235036090016365,9.52013879804872,0.0,7.576489239358056,1.8465203800421581,31.55760313038723,0.0,1118.8528071242472,144.74587621382838,181.1640057723773,127.63931412208538,50.094171645433896
191,720,64.38598525393748,-6.044466300855943,-3.1527947039018716,-2.4556657308672247,0.43254406247762833,,38.516034400090575,38.25933890300803,0.5352824700530618,37.72405643295497,0.0,42.17538392337003,20.00527961139372,38.22221449460785,19.50367316424303,11583.840925334958,1237.9408319456088,1787.564221604507,1371.6088313321886,104.2362578048864
192,720,71.8105945698777,-5.702771969623126,-2.5632318468906723,-2.6784770626324117,0.45765449640563566,-0.05327443778514862,38.47484423103742,37.86541804485023,0.5358575866557658,37.329560458194464,0.33374998020008206,42.26281443139938,23.09721113524647,36.4058786791385,17.338561983427255,11588.572359985621,1296.1032566482736,1885.082907102567,1309.4030296497322,86.28923572090136
193,720,64.41923034143927,-7.054868891608621,-3.234163431644459,-3.3629424071436964,0.45441314321743925,,41.292519516078755,41.05163042084314,0.5367403717245907,40.51489004911855,0.0,41.895139958227276,19.242866775587107,38.97172830025055,9.448797051073644,11619.17973226995,1319.8931829017247,1872.8269729445233,1318.744853263938,96.84371651444057
194,720,67.75080521437373,-5.297104681975605,-2.7250769802377284,-2.0966700940554444,0.47186316617733914,0.06284131109714508,42.93877636897378,42.404100867919624,0.5366910963784903,41.86740977154113,0.2891982360742986,42.263574789463206,22.0837884653395,37.781762139142764,26.384365060759084,11582.399999999943,1320.786792610687,1939.8452847157864,1260.671036777726,80.39043541717561
195,720,76.9065765367929,-5.076240967657327,-2.5371472282358742,-2.092499724009747,0.4431387464432485,,43.418206027010456,43.16015570797026,0.5365603265818208,42.62359538138844,0.0,42.257039324619655,23.10810584859631,33.293539302756145,18.295709289301243,11584.534860234418,1235.337133443234,1825.9308622184203,1279.7045140157247,13.151096296460624
196,720,58.52617166879519,-6.0671992272862045,-3.2940904996446427,-2.3164304587438824,0.4533497401225066,0.02861017733812332,41.61886582802981,41.09843236999586,0.5361287170089781,40.562303652986884,0.2897764800582081,42.26386136318143,19.170821311257058,33.22123235790918,28.226484540673937,11582.399999999914,1296.8575751564606,1870.7925521688226,1349.9616678992475,100.12781322935984
197,720,81.74685328725438,-3.976080564703286,-1.8736530956197863,-1.6467498147810882,0.4521851704775228,,36.82384416600689,36.59708130499348,0.5366052589379251,36.060476046055555,0.0,42.26357250287762,26.522632618737525,33.552930214974005,28.21199936388663,11582.399999999956,1242.3088330864857,1867.907146555433,1358.8891271801697,26.612953647392445
198,720,72.45412932459277,-5.245729737990801,-2.6098704340427954,-2.1665265117471324,0.4658414042063852,-0.10697965323925018,36.34572048485279,35.81501276604831,0.5353721608407795,35.27964060520753,0.28820272884331644,42.263656876400375,23.393012048020683,39.22044436661235,23.82907796695427,11582.448013283723,1303.6116895547716,1919.9087124481455,1303.6205618170093,55.87407350245913
199,720,76.35376316969013,-3.5651024447396202,-1.7995524471957771,-1.3022819339621792,0.45983891984251946,,42.13327457103878,41.87789592379704,0.5376826161518693,41.34021330764517,0.0,42.26317308374208,27.50026166618038,39.922338136077414,24.303444950106027,11582.405639271152,1243.573282871379,1897.5815896920114,1329.3062693431964,149.00895490871028
200,87,0.0,-17.54461274733884,-0.5466488746129053,-1.094402095567113,0.053230004973023416,,10.492201442131773,10.266381470952183,0.06634203786961734,10.200039433082566,0.0,13.243089151279941,4.1449582152566755,32.10462475863055,0.0,1411.3569592964113,175.74014891358493,219.45725864516587,156.86734770652455,58.14911892157197
201,720,66.50910858831638,-5.49801660852264,-2.501413809753135,-2.5534347810647544,0.43999890700058786,0.019805479794740677,42.08387208497152,41.52090916899033,0.5360511352773756,40.98485803371295,0.29622656595893204,42.26326765417014,22.972242841275975,32.074578610943355,12.54180576767344,11599.558011408411,1236.9137393992032,1810.5578924480271,1254.8530898339222,62.38386647317076
202,720,75.66140283316739,-4.715455902458077,-2.3422605983302085,-1.9229363704427842,0.4470921757991136,,40.7673812599387,40.51671325112693,0.5371756327804178,39.97953761834651,0.0,42.26125486048692,24.053937646714576,33.92946006596668,20.491274004502408,11583.253009887696,1243.4059404987622,1844.688944380754,1283.5691846776444,57.56596582446388
203,86,0.0,-17.539054852025508,-0.5520295633661171,-1.0450707901502203,0.06647180904453977,,11.44251298205927,11.150364477187395,0.06537662236951292,11.084987854817882,0.0,16.87735135472064,3.14267850028836,35.427642629809405,0.0,1394.0118526154251,213.32345514288627,271.9379458042504,138.2727110262642,87.92405003319007
204,720,82.10408063115455,-4.104595275410299,-1.620560233374498,-2.0100870220031553,0.4701748616789643,-0.031257513910532,41.25618961802684,40.70465940097347,0.5351355536840856,40.16952384728938,0.29312353511340916,42.233742290063326,27.94336695906336,31.59611917984573,21.34098735094847,11582.844499384524,1288.3509725915333,1937.811703953052,1354.8016455678198,71.69888479695707
205,720,70.01440611715975,-6.0563876832807795,-2.690986226711983,-2.895783338240382,0.4663292878710095,,40.07836457900703,39.8558815959841,0.536315699107945,39.319565896876156,0.0,42.2634478050963,22.27814885725433,31.759633281162397,16.955018057481407,11589.665974529431,1324.4428739953578,1919.919972178448,1248.1097446037538,70.78814736613333
206,720,74.62958630975808,-5.5565156593322,-2.261690607039099,-2.8192247235886407,0.4720170387263785,-0.031721681356430054,39.876572930952534,39.35183912888169,0.5369048602879047,38.81493426859379,0.28997719613835216,42.25375167433128,25.150179952927743,30.666548138745757,14.972470246165647,11596.159631553312,1337.6009456532456,1945.0907658431613,1342.5541998348367,14.54177214827132
207,720,87.37996360708239,-3.8339920278522124,-1.5991568681774444,-1.7727432169759552,0.4584145051179778,,38.1899834999349,37.95822514197789,0.5344596989452839,37.42376544303261,0.0,42.26383309059697,27.87422903692488,35.793935693165494,21.13622857111036,11582.790958533004,1253.7386727853673,1887.2872755274989,1310.3068543639586,93.02544935846163
208,720,81.53946073543989,-6.731619191146825,-2.796293126665596,-3.4651076122735285,0.4667127838110697,0.10239214450120926,39.110764825949445,38.594256419921294,0.5355418627150357,38.05871455720626,0.2890537108760327,42.2631042658823,21.578519421439832,39.81682139223427,10.468876002354591,11609.35744800618,1342.6867920777224,1921.5777880815006,1303.5845257055225,204.40892273509198
209,82,0.0,-17.632481073215036,-0.5946059140364732,-1.0048562079681125,0.057587982332425555,,8.483673015143722,8.252140396041796,0.062061410397291183,8.190078985644504,0.0,8.900128405160888,3.0253534488987275,32.99343972673762,0.0,1328.669762517883,186.85584249948027,236.95400827928873,139.87831014776242,40.27550435329966
210,62,0.0,-17.545953462170395,-0.2390494333421824,-0.7897531241978284,0.041820764497119946,,7.740981888957322,7.494788497919217,0.04695495264604688,7.44783354527317,0.0,3.326912921315677,0.7983624611023822,30.363226953034854,0.0,1005.8534613388606,136.7360739730514,171.9621863550975,113.87762290843602,39.22253917351994
211,720,76.64287256577943,-3.7540932947932815,-1.9325134286386663,-1.366040261989156,0.45219311071603524,,37.190654987003654,36.93709951802157,0.5357087689917535,36.401390749029815,0.0,42.261329855735866,25.8515923275969,32.460110207116635,24.79641020951866,11582.400080576084,1228.0956962218913,1865.3405106723562,1334.7510523750307,48.61154743444109
212,720,84.46342361419953,-3.4087070769590864,-1.4774739935777903,-1.4502316311132317,0.477495366558531,0.21414953470230103,38.65699519100599,38.07043965603225,0.5348193477839231,37.535620308248326,0.32844175095669925,42.263542293582745,28.456011210482938,33.44866963180867,22.36802040859595,11582.53591097563,1281.7701670742572,1962.4669586283158,1258.9747913882352,52.28275362623441
213,720,73.64687572060788,-4.6824822079641155,-1.9850993492853122,-2.214162008452105,0.4795197281125838,,37.61056640883908,37.3554829810746,0.5371994054876268,36.818283575586975,0.0,42.22551186706365,26.28510676565921,33.69067524930725,18.133931099601877,11585.997884531933,1324.2995652608852,1973.646663757291,1313.9603870960734,70.30588526155277
214,720,75.92664810072182,-5.0351197149355125,-2.279743721452731,-2.2981729211182382,0.45357559616946397,-0.03633539006114006,42.77116711996496,42.217444338137284,0.5355736147612333,41.68187072337605,0.28816722007468343,42.2636924565394,25.144897493802603,35.37957877435228,16.645310881750326,11586.292650887788,1269.2177330545574,1871.0522261447943,1354.6551312371735,60.71756137627923
215,69,0.0,-17.727547654871103,-0.4964829350611709,-0.8801324601210537,0.05060600051463399,,10.04204571689479,9.762094334000722,0.05263393581844866,9.709460398182273,0.0,20.648211546451034,3.0353079366637252,30.041916993116676,0.0,1119.2861896095058,164.21461913049012,207.50811142313708,112.87330020097409,62.06791372478843
216,114,0.0,-17.369972835285083,-0.7413529195133122,-1.3752997782714487,0.07782635833297011,,11.953184911981225,11.702025749953464,0.08686919021420181,11.615156559739262,0.0,23.29441510107337,6.21828169699414,33.547578762057675,0.0,1846.27500654206,251.80808739142333,319.6975513641345,190.44555030717297,26.094133845076087
217,720,75.36475107358523,-6.183155527278397,-2.512046678826968,-3.237647554019112,0.43040045189576803,,42.77406096691266,42.48589646304026,0.5369154585059732,41.94898100453429,0.0,42.26355675331993,23.40073180444418,38.78307562118921,12.031135350542124,11614.677721021539,1232.7295141503996,1776.722723524179,1337.5787219205804,81.02945341889134
218,720,67.6980471052204,-4.957193283675426,-2.1672724823776512,-2.316952536723867,0.4695380031532628,0.08047137409448624,42.57099192100577,41.997829530155286,0.5381264952011406,41.459703034954146,0.3329329469706863,42.26303912592327,25.192470976220072,33.51044770729771,18.722768920914977,11586.306049652127,1301.2403527753966,1934.5747879963817,1278.9750708753206,34.87264432767426
219,720,68.77208438034756,-5.736595794757771,-2.750258884079657,-2.5239230285270757,0.4587419324310888,,41.515211341902614,41.24476447701454,0.5401621363125741,40.70460234070197,0.0,41.475382189705016,21.498724446723866,36.22247017602411,12.787289499861346,11595.313905781715,1295.8120235534077,1890.5904532088305,1322.444581570531,163.99585694724246
220,720,73.56590195435045,-4.814245755395005,-2.3008769113148975,-2.050648149388306,0.45948586034576866,0.034844934940338135,39.98814443079755,39.438117388868704,0.5365319391712546,38.90158544969745,0.2886091051623225,42.263622397569456,24.712221602278877,39.824148156492534,24.642795868811568,11582.400887201396,1275.0139436699726,1894.182700878529,1256.7079139823402,174.9789499384454
221,720,74.29774312014614,-5.592664685646511,-2.8512667880412743,-2.3014567315671117,0.4364117801956044,,39.27343149087392,39.03210876695812,0.5369162212591618,38.495192545698956,0.0,42.24422465351066,21.385265875509923,31.974907152717314,23.197720112096494,11582.47685370633,1225.4603900319544,1798.079518088959,1267.2648011535964,102.64276921508706
222,720,72.69765634583734,-4.701306831119789,-2.002149714151191,-2.275483187974416,0.4201303168715996,-0.08149923384189606,41.484406096860766,40.953991872956976,0.5373752233572304,40.416616649599746,0.2881264758761972,42.25127959139475,25.54109813969205,34.51462563749599,20.943941874839975,11583.742593080415,1180.9489932488934,1733.0836707215917,1392.76837091967,82.350310203666
223,720,68.75958495059761,-4.972132205799821,-2.3260277407270897,-2.210334138322271,0.4322574914935854,,35.207016026834026,34.965706198010594,0.5372730903327465,34.42843310767785,0.0,42.25146435689196,24.36506273550365,31.105556354594338,17.97930130973189,11587.372708649335,1212.782217183853,1781.095695936878,1315.0067771360611,232.39710033535673
224,720,67.7003383593195,-6.708971809291809,-3.0863525844021242,-3.1512396387914805,0.46780776547861425,-0.0545327253639698,43.28446553298272,42.74971040710807,0.5376816452480853,42.21202876185998,0.28847744781523943,42.112431967573585,20.1380799316214,31.201661991584572,16.140543831177105,11596.483223050847,1347.3418136008913,1926.1943835692039,1292.387886754809,143.91510140349342
225,720,71.04207076365456,-5.285707900510316,-2.7635182766901307,-2.050135141236773,0.46853287356285883,,41.64043686701916,41.39029670506716,0.5364965701010078,40.85380013496615,0.0,42.26338489436135,21.627882243732213,34.58406791230758,23.073543223547833,11582.49075280634,1311.7674626934863,1930.5781184275813,1307.8509176691136,118.03744013825741
226,720,71.07401031676338,-3.5727765323152796,-1.9101415114501954,-1.20098915156854,0.45804317173824355,-0.052788227796554565,41.1416888339445,40.58016846398823,0.5358789113815874,40.04428955260664,0.2881995670031756,42.26371850657219,25.997013785841183,37.74269907940908,27.121647032517572,11582.399999999918,1238.5937541101184,1890.9751756129826,1405.5998571852786,119.88095579786521
227,720,82.9533879570189,-3.9055958709477374,-1.7501681536223124,-1.7356819125183847,0.41645569531821985,,40.17161781410687,39.92611405882053,0.539227744564414,39.38688631425612,0.0,42.2634095468426,27.219261280012855,34.91271614148589,27.851680787762323,11582.39999999995,1154.7730216342632,1720.6014244604985,1337.8012622585686,42.097552067810604
228,720,72.54436408332441,-6.765651176390732,-3.013999518374322,-3.2942061985576507,0.4539867071870073,0.11146984994411469,39.459129313007,38.905370376072824,0.5374917157460004,38.367878660326824,0.2890138439834118,42.24579820038989,20.64865241467628,31.700147401929357,16.329670848875804,11592.644796596624,1320.833130105145,1870.8437118169454,1324.418590471416,226.75947009075924
229,720,60.79283932771676,-6.024052054265979,-2.918505872135444,-2.6669699524168773,0.43530116076273184,,41.61851761001162,41.37818936887197,0.5369749062228948,40.84121446264908,0.0,42.20305083874025,20.883626906465167,35.28529694835176,18.774101063146908,11584.85309112264,1250.6689575184498,1792.824073434525,1306.9710167237683,116.02136518773003
230,720,76.28295138637591,-6.112792261924352,-2.6537643779573723,-2.982340787444596,0.4730639043984424,0.11584354937076569,43.027761241886765,42.46718745888211,0.5357348886318505,41.93145257025026,0.2878633530344814,42.263512594566734,21.79856060997783,37.16012698747452,19.10118168513487,11587.399884563314,1349.3230290840147,1948.696759322415,1330.1896221837387,343.47058377232554
231,720,75.48449026539495,-6.515086598315868,-2.962555521674457,-3.0859195689475256,0.4633644143247212,,37.50159334903583,37.25222990196198,0.5365060449112207,36.71572385705076,0.0,42.244559282001596,21.13260226460777,31.17997314905494,12.269726810658133,11598.79987731059,1329.6523231457877,1906.3250675631762,1237.1522448198389,263.5978128327904
232,720,68.31857154989801,-5.1594483587993185,-2.7203269255841347,-1.980577203480218,0.4553175932472081,-0.12108966708183289,38.003600931027904,37.44949671905488,0.5360675889533013,36.91342913010158,0.28793475101701915,42.26375735786273,22.669624933852557,34.280819275601786,21.90296170226128,11582.739361217378,1270.8357319972906,1879.0119145659614,1328.6298947844818,215.26445546885216
233,720,55.589977162790426,-4.28137581949766,-2.64723781186477,-1.2070400223033888,0.4236379454806411,,40.01321073807776,39.76099067903124,0.5391862026881427,39.221804476343095,0.0,42.263523375418444,21.95841659680702,38.44720240822661,30.432806613373575,11582.399999999876,1159.649586009441,1743.864303988791,1324.532691053301,124.24639049171881
234,720,79.05094724522179,-5.524525984853631,-2.8622219850786585,-2.26320654644412,0.3958402406159236,0.02178162895143032,39.45522958901711,38.90192823600955,0.5369036237243563,38.3650246122852,0.2910158650483936,40.394058428126804,21.312083496368274,32.3508772826525,22.31582197851249,11582.746910580721,1117.445236461536,1632.027594540706,1314.5756401876292,65.86742546489954
235,720,72.62919427112952,-6.9578597822273895,-3.1818943038826357,-3.291089854535328,0.4812771057101041,,41.419953929958865,41.18464232003316,0.537255673436448,40.647386646596715,0.0,42.263559115158614,19.84180171771978,37.362747862392474,14.043819022846435,11593.232265520686,1375.5857102816558,1979.6803911407362,1279.0311416156494,403.7633567798074
236,720,70.10585016112964,-6.6563877375025156,-3.20643100130828,-3.005607391008438,0.44085258153341306,-0.11130329966545105,40.20646888902411,39.66422183904797,0.537513246294111,39.12670859275386,0.28750366903841496,42.263611017284866,19.30414063961602,34.36292498042568,15.085444361163495,11592.856625626568,1283.6643979282428,1815.7063172788583,1293.7819588961047,319.1553959572503
237,720,75.28215938992194,-5.312948084766525,-2.6374942139079773,-2.2223568862831327,0.4497429282647862,,40.44974972703494,40.16151206684299,0.5382987440098077,39.62321332283318,0.0,42.25800610741584,22.750425547949874,35.31638115279324,16.87779986733868,11586.723430839362,1264.4192796787775,1855.6625347647555,1326.0973683419281,171.7376250424846
238,81,0.0,-17.685917389812893,-0.656381378287029,-0.9709969531047594,0.058147472034097605,,11.903649746906012,11.623963916907087,0.062206363305449486,11.561757553601637,0.0,13.937330275383824,3.4003190182586547,32.51961837631397,0.0,1311.6706612921955,187.7189790855386,238.57220280066866,132.0979041715441,39.82169995504591
239,720,55.79882757338716,-6.519530066654458,-3.496052499888999,-2.5626153596850023,0.4573497269929614,-0.014214254915714264,41.84028576198034,41.29152818699367,0.5378332701511681,40.753694916842505,0.29658986697904766,42.0386772243622,18.301584769766574,39.650004349170864,18.51167157483758,11584.858753016468,1311.627100458929,1886.0456096652608,1321.1193551731174,396.84066808400354
240,720,74.4353669380844,-5.178508455169236,-2.7249479922992568,-2.05877735145122,0.39128727552028764,,39.393580187810585,39.134915557922795,0.5380464657209814,38.596869092201814,0.0,42.263677025450086,22.186492058648682,30.74999886322033,20.241361140925783,11583.447838083326,1103.0049248816083,1617.2841930489126,1384.2993047575321,20.578713860987534
241,720,53.13885982811431,-4.304063682699878,-2.5866690276916424,-1.3519418433495076,0.36216843127993154,-0.03244898468255997,43.633346847957,43.099064947105944,0.53515110979788,42.563913837308064,0.28844405780546367,42.25686465593409,22.450882397702312,37.61474933712042,33.04830329058558,11582.39999999989,1006.6386456222639,1497.287075538258,1357.857144080574,40.60642528732173
242,720,72.4350416058229,-5.473052227888848,-2.5586168511801426,-2.442177274117326,0.4687763002413052,,40.74346025893465,40.49764130683616,0.5381681250873953,39.95947318174876,0.0,42.26358746380262,22.742578723416322,32.42558759878612,18.246866955933733,11585.421572575297,1320.3415766195571,1930.5413454549132,1322.0192024170558,274.66935906684296
243,720,67.0289067135041,-4.3115890995146104,-2.4892477883230186,-1.4436057586065845,0.3753597970042818,0.04293433204293251,43.72381813800894,43.16738361795433,0.5370674862060696,42.63031613174826,0.2875106600113213,42.26363316739343,23.183580234005507,38.747794879911055,32.01308250034771,11582.39999999994,1043.9481409710497,1550.2062713723374,1346.7484767159215,41.738536328047665
244,720,57.17493467261421,-5.087090192080304,-2.7413708733564075,-1.904770473230904,0.4372618227645886,,46.62164627108723,46.355569020844996,0.5376081019639969,45.817960918881,0.0,42.263060928819435,22.5062714229175,35.72987780010717,23.180017797086766,11582.464440109035,1222.3884577314184,1801.8298937260522,1357.9838241091525,235.6891658649843
245,720,78.18093732855357,-4.3620145155715715,-2.3744370051289043,-1.5573647276626363,0.42663236094450663,-0.042801383882761,41.624267280101776,41.07364350906573,0.5362431933172047,40.53740031574853,0.2906523859128356,42.22970009666587,23.750466278270714,39.7033446242808,24.039114788284845,11582.405683800034,1172.8710768190067,1759.9206152313143,1356.9013870577114,209.74111494659948
246,720,70.19446786543793,-5.26879687460904,-2.4419432047236307,-2.4092107309125903,0.41441547448421695,,40.86395271890797,40.59134129411541,0.5380155460443348,40.053325748071074,0.0,42.2613754869028,23.79055887420259,30.33345547751899,15.197660468022455,11591.694384190669,1174.7477264729796,1706.9311468514004,1261.1710793879136,267.9915667244893
247,720,78.88268176747327,-4.201256653316042,-2.2177792799086977,-1.510220517342007,0.4696803318928482,0.08226440846920013,39.64869406609796,39.11180088110268,0.5371913290582597,38.57460955204442,0.28766293288208544,42.263834688639086,24.21552788228451,34.72771230164825,29.79339876417779,11582.399999999967,1289.856786596399,1933.9889309155285,1300.3846296498314,145.13900560189938
248,720,71.10073207807055,-5.381217356074676,-2.863967499763678,-2.065476268530467,0.44810722101722433,,43.364679565187544,43.12454624194652,0.5374190490692854,42.58712719287723,0.0,42.26325495535631,21.56979795039444,34.01006042336874,23.2685155334361,11582.465780936582,1256.8267400962825,1844.7286739702188,1334.4271702945628,292.9950010936643
249,116,0.0,-17.33570727912519,-0.6132878128688868,-1.5292734791616103,0.06769403662485252,,15.910929776029661,15.60921089281328,0.08845255873166025,15.52075833408162,0.0,25.253143541164267,6.451154178836463,32.889351415368395,0.0,1886.7623571183096,225.20499434447657,278.7658159462247,193.17534116807226,21.575003139553747
250,720,63.58473081711043,-5.632788915942747,-2.8710630519950513,-2.3595517910536703,0.39887057803319614,-0.07518591731786728,42.02922768285498,41.42994718300179,0.5405266077723354,40.88942057522945,0.32703777914866805,42.14589254612684,21.460159402419873,33.84476928539953,12.797420601024948,11595.119797496183,1138.2470658337595,1645.6137618055354,1339.3095778069442,174.66080312662564
251,720,68.56164537462519,-3.3106715650304177,-1.7394252837353579,-1.0936611456647327,0.47377500309695686,,41.31213202700019,41.06559414183721,0.5371812335215509,40.52841290831566,0.0,42.26340171028736,27.155713291286187,37.910452037949185,31.710633893296684,11582.39999999994,1270.3067402142685,1951.6242366436572,1329.6481049201013,97.2806566879739
252,720,74.67294048796279,-6.141726200161776,-2.9078382038171875,-2.7865832387946625,0.44378079557460165,0.002690060529857874,41.694650708232075,41.15748850093223,0.5360665298067033,40.62142197112553,0.2889781661797315,42.22099746490289,21.234296319585578,37.487431418554756,10.247686630954483,11604.836424807374,1268.3217897371205,1828.2119847408453,1340.4721541270628,277.1160702623092
253,720,69.3882548563784,-6.409665955505809,-3.1105787465903774,-2.837556325283788,0.45778703298592593,,44.61579948896542,44.36099397507496,0.5362908369861543,43.82470313808881,0.0,41.30866207648636,20.065841883924126,33.47399781396399,16.57358032155925,11589.447310307762,1320.8406780164173,1887.9302361979226,1348.547775781882,66.37838335644382
254,75,0.0,-17.580015392258126,-0.41819599749372605,-0.9667651577034327,0.044709640413897314,,9.457111163064837,9.192168866982684,0.057045215740799904,9.135123651241884,0.0,17.380597341112168,3.56120579282518,30.12758745545859,0.0,1216.9633613664882,148.01113616389887,184.69502489686303,144.5176802452291,46.13974397096677
255,720,81.15686503676174,-4.721149721591165,-2.49802374273759,-1.7609805066236388,0.458557021001904,0.16176055371761322,40.31680630496703,39.772599096177146,0.5391725096851587,39.23342658649199,0.2798740598373115,42.263621787751255,22.9616665678775,39.246297058757264,23.916114538736004,11582.408374139037,1270.7981183558177,1888.2881963626016,1283.60100109225,225.3005920299839
256,720,74.52478538095656,-5.9217536863149896,-2.9817488258272933,-2.472555952130763,0.4638469924491291,,43.784754530061036,43.49394952901639,0.5308939183596522,42.96305561065674,0.0,42.26335158369824,21.103801823053303,37.34108305672877,20.873300508343203,11582.96785245596,1317.4136218138322,1913.2090747124346,1340.9328716800542,206.70776436605286
257,720,69.96705725861254,-7.535066703231035,-3.00140088732516,-4.06127327728973,0.4687415039339547,-0.0036026041489094496,39.18603209708817,38.673304681899026,0.5281066731549799,38.145198008744046,0.27526312507689,42.2637051544635,20.717656944274964,35.87290429367591,9.782607205640364,11618.816197540136,1375.611781430174,1929.906363758669,1306.2095170532461,205.43896104593065
258,720,75.46402336423188,-5.026081404926212,-2.4968162673742675,-2.0685473367736895,0.45728891894573453,,39.531829342013225,39.28018143493682,0.5288835770916194,38.7512978578452,0.0,42.26179940367494,23.52174544075743,37.160437777143166,22.912411814545443,11582.557514386788,1273.9133754213478,1883.1641947939315,1317.9616782653527,216.78087821843727
259,720,78.95157096683357,-4.062886852282306,-1.9324142785300527,-1.694196768978599,0.4329129237168998,-0.013316447846591473,42.47468060697429,41.96602246700786,0.5316308853216469,41.434391581686214,0.2762301289476454,42.26287156222976,25.912381160825866,34.306634333665016,18.460353146295386,11583.996164573266,1191.5452385400793,1784.77615966407,1317.7647282814316,127.25976385603937
260,720,67.30279041790638,-3.3183216972796683,-1.7183116685181452,-1.1172435094317774,0.4789936696568763,,37.380619898904115,37.13261028495617,0.5315229080151767,36.601087376940995,0.0,42.26348242702933,27.739974157283477,39.51856363219602,31.61985356737397,11582.399999999945,1284.1615695735197,1973.2883165509827,1332.0387012432816,185.38081053851727
261,720,77.745704373579,-5.239882424724747,-2.2373290455426456,-2.591981601901244,0.4071984529253444,0.047224242240190506,41.644348287023604,41.091012411983684,0.5308454588521272,40.56016695313156,0.2760926028713584,42.24756015527965,23.440277475426562,34.07273408389891,10.543114209249719,11604.351995993258,1165.1119794531644,1682.129754517774,1347.9198073188727,137.15865120803488
262,720,73.67528103744986,-5.08336743418443,-2.577475105729821,-2.057700076806166,0.4449922442675796,,39.91204809094779,39.65565997292288,0.5293873776681721,39.126272595254704,0.0,42.255095677283926,23.341215539801432,35.83732127939431,18.231708805137995,11584.408583592442,1236.4395618169792,1834.8353284735251,1321.6307047578,101.9146215506707
263,720,69.07030474307724,-4.1878600222237115,-2.4089896167838534,-1.3228917461862295,0.4523728417750171,0.06959417462348938,39.67582319700159,39.15585243492387,0.5297731100581586,38.626079324865714,0.2738599379081279,42.1943355700376,23.955151900880633,38.031893813725226,30.070844358347554,11582.399999999914,1237.3084486843625,1868.0000546194592,1369.1183827808063,243.8639572155913
264,720,83.01190589949334,-2.6649701813223685,-1.3338775468695199,-0.8575088767398161,0.47008123339277325,,38.39926573308185,38.10915774991736,0.5305001526139677,37.57865759730339,0.0,42.26224835389124,28.462563224281368,37.68937872413217,35.35087967874011,11582.399999999943,1253.355754775899,1936.3452960521292,1283.3530987583504,148.11202276435344
265,720,56.55350533728514,-5.3553766715015705,-2.603659733615242,-2.3020402331847247,0.4460183607585884,0.04993976652622223,42.50054949009791,41.977848063921556,0.5327829602174461,41.44506510370411,0.27524054795503616,42.263415830517914,22.13804732257546,32.90285593473361,12.7417905531278,11595.488778258854,1247.7211669680764,1837.3431165040843,1316.5713174142759,127.30959188621175
266,720,75.63169707708998,-2.9156026713790864,-1.3610415958598763,-1.0861746360807811,0.4648149795132109,,40.25765642989427,39.98229417996481,0.5310814266558737,39.45121275330894,0.0,42.26349769506825,28.824578765780142,35.68255849287272,32.45303526033509,11582.399999999972,1247.4786193507757,1915.6339816223842,1357.0496682323126,85.96922553478652
267,720,76.58158510692093,-5.073201604598754,-1.9087440770278012,-2.6821997158946336,0.4783760897446704,-0.01641208678483963,42.19049827498384,41.60194048890844,0.5308161820285022,41.07112430687994,0.27503990987315774,42.26343547711209,26.962903819966314,31.59963790240723,10.60366888313858,11601.837082284952,1340.0316682401888,1969.776596807865,1343.2492857532548,114.8866450540442
268,65,0.0,-17.718627236933145,-0.4485521267423584,-0.8295387916016117,0.040232529844219246,,10.286108629079536,10.007828884990886,0.04921422991901636,9.95861465507187,0.0,8.63477878776414,1.323066481488194,30.729133610017023,0.0,1054.773018305072,132.4188834534402,165.97149349453363,118.65872499623129,19.83296153462518
269,720,86.4058694881155,-4.266982946948996,-1.6500004215980801,-2.154292642203065,0.45914091989031497,,42.93221477908082,42.67041956400499,0.5301691263448447,42.14025043766014,0.0,42.26384361662029,27.956715663962708,35.45953284298629,13.471008966840753,11595.245530505092,1263.1038607522544,1893.075077508013,1358.5433064752222,169.611764056498
270,720,54.289291088306335,-7.122066977637442,-3.126059904300665,-3.548544789844522,0.443691801052535,0.08200687915086746,42.71871121507138,42.20034824707545,0.5292487961705774,41.671099450904876,0.2794280380476266,42.26304400776651,20.444216841051606,36.15183411020388,10.642421658164395,11612.143577356446,1285.835287120255,1829.2904253876009,1356.5127617813898,75.3224924064539
271,720,75.47036391025671,-4.18149244360188,-2.0457768482955134,-1.6744023930425032,0.4579719485965861,,38.47860941896215,38.23404997307807,0.5301031076814979,37.703946865396574,0.0,42.2628597739985,25.903979672399903,35.68150802644813,27.52281945915892,11582.399999999938,1251.469487600586,1887.883993720042,1300.9835446087652,141.70785915880117
272,720,76.14934395223924,-6.492125770124952,-2.701556367794646,-3.3345065859752543,0.45246316870105147,0.06048823893070221,41.89735745009966,41.36437097005546,0.5300047360360622,40.8343662340194,0.27626138809137046,42.24871859696124,21.76672391349481,36.673618074546134,10.42175171153869,11607.268668058583,1300.43956336456,1861.0819605433894,1290.3231786242727,218.8969778400531
273,79,0.0,-17.499536335115113,-0.47672729113049006,-0.9224169831015017,0.0501212540556237,,10.631190120009705,10.353515843860805,0.05948112276382744,10.294034721096978,0.0,4.580995111952411,0.6808910273049115,36.53961665617154,0.0,1279.1601702627004,162.1075005536347,205.79655382132668,120.8989518103517,65.39315338733682
274,720,81.58842222360066,-4.183603895947204,-2.005578688279474,-1.7457638418204,0.42852699428801366,,42.56067986995913,42.280523486901075,0.5303935275878757,41.7501299593132,0.0,42.263315977457765,26.190773919641696,35.647595587996086,28.42630771379988,11582.399999999969,1189.4844234513757,1767.0725234710826,1343.3002560131545,128.1785043088554
275,720,79.1290422814512,-4.361365360248054,-1.5591300430743527,-2.3466940792484117,0.45199667064674753,-0.004304418805986643,36.740658747032285,36.228383139008656,0.5304695491213351,35.69791358988732,0.28246365603990853,42.26384056165619,28.59769216468633,32.44905661437312,20.691040183567193,11583.414080731365,1251.4192887612373,1864.4961548319166,1339.5342491175288,213.8157824066255
276,720,79.24371357640963,-3.9269388871956217,-1.6736408878280886,-1.7903498775508175,0.4594298630613307,,39.84301798301749,39.59087359299883,0.5305200859438628,39.06035350705497,0.0,42.26359336544987,28.10266061152116,30.053621352005642,18.83185085928107,11584.346682738436,1251.4505137457068,1893.4065334385896,1354.1827784444322,151.00000775291971
277,77,0.0,-17.703299111106897,-0.5902933414883258,-0.9600055331905749,0.05265939116993269,,10.503330758074299,10.254401996033266,0.057622439693659544,10.196779556339607,0.0,12.995581004629566,3.0581561711327563,31.55753726315174,0.0,1248.902745114066,169.1329783841676,215.42246790255524,106.14753961798044,94.24178845451597
278,78,0.0,-17.50351974406338,-0.44763389523325403,-0.933953493303965,0.0465583691717527,,8.813520720927045,8.571635663043708,0.0581577115226537,8.513477951521054,0.0,4.995549822892811,1.4027881643313103,34.722164901695066,0.0,1263.4339512596493,151.49392570806089,191.45537205140297,146.49244164862608,35.67881795809463
279,64,0.0,-17.82852631656273,-0.5418603515372504,-0.8226735114323654,0.03874108202558329,,9.860132693778723,9.590455346973613,0.04826452326960862,9.542190823704004,0.0,2.443211119145752,0.44039605677424504,30.668149682971467,0.0,1039.1669778973567,126.81062942430621,159.2948205120949,108.82494653653231,44.87360287979701
280,720,58.75886764696138,-5.643087715958539,-2.7137945857800863,-2.5179456037842405,0.4077188959322943,-0.04213879629969597,43.66062389104627,43.090513380942866,0.5311617681290954,42.55935161281377,0.3209229309577495,42.2633950317967,23.52933502877083,39.27062257240532,14.170550264627305,11591.748336888097,1161.625955399765,1681.3555962344135,1361.241813716417,149.59723702789455
281,720,80.4160056338294,-6.577975722430675,-2.231281300582651,-3.8780873866424863,0.46506159388436774,,40.80475962581113,40.55228226981126,0.5313359207939357,40.02094634901732,0.0,42.263608606962215,24.00892017112909,30.83308318219092,9.656983458148627,11632.303832677404,1341.1928337817317,1916.6439488422486,1324.3531007418057,215.2444644708745
282,720,61.98713590232966,-5.627050229367466,-2.505767684101076,-2.668612806395973,0.44912581864967593,-0.03557773306965828,45.66226761112921,45.13643295294605,0.5288120019249618,44.60762095102109,0.27602957794442773,42.19995162397078,23.80684661571713,32.031186618862286,11.417649499481724,11611.490929111453,1262.6155483292944,1851.7240157306355,1339.12185134392,238.05960032637773
283,720,69.7490993306878,-6.329046549936271,-2.757954623789734,-3.104118376051094,0.46339319801043427,,42.443581430008635,42.207681954838336,0.529917158652097,41.67776479618624,0.0,42.26372179129748,22.36154527776811,35.67045149993081,14.125779894704294,11596.741894165712,1324.3008988273266,1909.518055365937,1350.6291107528552,136.7177275036479
284,720,74.51930235595286,-5.002673312891845,-2.3979546664648264,-2.150712863499253,0.4505714524470937,-0.10565982758998871,43.53284673113376,42.98852149583399,0.5305733901914209,42.45794810564257,0.27525369403883815,42.26299491464754,24.108827803688726,36.72414363572576,24.388809387487132,11582.406449548032,1260.8348176917882,1858.8807098298641,1339.8545707417445,85.67758507884406
285,720,65.36210069900406,-6.996908902200205,-2.946823163089176,-3.5830116189963133,0.46371221698923937,,44.52090897783637,44.24736077012494,0.531335965031758,43.716024805093184,0.0,42.25933571677305,21.407102794631253,34.239694872839365,9.218104338036209,11629.735759594912,1339.2245823664118,1910.2446029924395,1291.2082441550915,131.6714756070694
286,720,79.47455325536586,-3.6082100104768835,-1.6981132137712327,-1.4501695666763201,0.4564767216961973,-0.0311869028955698,43.61482244799845,43.06145525397733,0.5298576068598777,42.53159764711745,0.2780303310137242,42.262299338023155,27.733449532333108,38.675813179598094,29.83327227938044,11582.399999999938,1244.9043128603043,1881.251508632181,1298.1678745404238,167.92712013577759
287,720,77.08997268313229,-4.937599461771357,-2.1948506807259456,-2.3260356242083904,0.4132156646537437,,40.1475756529253,39.909078878117725,0.5314850332215428,39.37759384489618,0.0,42.263565037523776,25.425540378968673,37.485947734429594,13.765772639615944,11591.088209128355,1148.7228604350917,1702.1059136359527,1302.6507377892503,53.710122846058965
288,720,69.96725577793201,-4.686127810952049,-2.2957947692141683,-1.939257414642261,0.4473803328051651,0.19067804515361786,41.37313255597837,40.83322583604604,0.531835648464039,40.301390187582,0.27681020204909146,42.26337633014455,24.495808594918323,33.89066216379707,24.894588336199934,11582.400021479809,1233.3106976346162,1844.6142119237566,1347.355797681829,146.28975583704127
289,720,76.97223197399049,-4.1886587929716965,-2.236416002070058,-1.5030148149099625,0.4458584184241172,,37.271737433969975,37.013886069878936,0.5303647664841264,36.48352130339481,0.0,42.262072386099995,24.777374184294523,34.78770574403974,29.47929989088294,11582.399999999961,1221.8345954950294,1837.0592706309642,1311.962954679071,110.10213815147212
290,720,78.83404567404625,-5.535551045334233,-2.3586070009378064,-2.7493235759047248,0.42415873798502646,-0.002883036620914936,42.451348148984835,41.93050704407506,0.5310001852922142,41.39950685878284,0.2762086191214621,42.2634154672322,24.296226017178267,31.730068594535226,11.972647004578246,11603.43832469598,1192.206229822483,1746.997646454676,1309.008244808276,111.46559304922135
291,720,82.67160096039419,-4.0105483773391635,-1.5253826038920113,-2.022054021837712,0.4595840788915781,,40.25534191005863,39.98346147593111,0.5314013466704637,39.452060129260644,0.0,42.2633834051398,28.483273155645172,33.93319054292698,16.438899307131635,11587.11885231546,1265.995841558225,1893.7563587574234,1283.4824013464931,128.22809527907117
292,125,0.0,-17.237832939914124,-0.7672151598567379,-1.5095709784605393,0.060514659369456825,,15.456576993921772,15.153611061163247,0.09289118344895542,15.060719877714291,0.0,19.487075339302617,5.471516019157993,36.61833973856778,0.0,2024.3377606236627,198.49954306648598,248.8198839572109,201.37894863513176,31.393889159791335
293,720,84.81480083006416,-4.315722571838305,-1.869947725411548,-2.0101714002523168,0.43194857997269265,-0.01898779533803463,41.54050097987056,40.94307214510627,0.5326213431544602,40.41045080195181,0.3170004121493548,42.25124977183823,26.19652737471269,37.45125587732734,23.043859288182393,11582.488652027914,1194.4085936876895,1781.0196836459468,1380.3084946407243,34.50777015190957
294,720,63.20564068030925,-6.221422776663666,-2.650107084078735,-3.1175048412386723,0.45058996636778126,,42.43474426981993,42.192797326948494,0.5308103412389755,41.66198698570952,0.0,42.1717374431523,23.18165627183972,32.57614054197009,9.613640780254727,11615.43250422868,1284.0482528816146,1859.448525269452,1361.5002093620014,234.54168908694464
295,720,80.61886722330757,-5.2962554845435,-2.352228699647114,-2.465983719488902,0.47435853750346374,-0.13505485653877258,40.114548350917175,39.564863784005865,0.5304975199978799,39.034366264007986,0.27687565004453063,42.2635493336791,24.087380286093325,39.26309963051542,20.15489454398494,11583.817268675972,1329.5232095486192,1953.4908306728378,1307.693735451114,117.55240837668335
296,720,75.35736724575388,-2.996132713610347,-1.2772011231233522,-1.2640277511168063,0.4516105531524081,,37.938073348021135,37.67676025000401,0.5320222941227257,37.14473795588128,0.0,42.26344259168023,29.898430470823048,37.517094513360526,26.675804705656546,11582.399999999958,1218.4855116791227,1861.7512341940067,1343.2459566709306,102.4830899400917
297,163,0.0,-17.24047624864696,-0.9950858759132546,-2.1810995577444756,0.11335776102085217,,15.445657189935446,15.176170425955206,0.12187541206367314,15.054295013891533,0.0,26.276592672257312,10.052181148435968,30.024874120584272,0.0,2650.9120448954122,372.05118389593616,465.6577760165843,300.43084580318856,124.64317599489314
298,720,78.32551051713578,-3.3939803318721404,-1.5589873466651225,-1.3502552076652032,0.48118599665728656,-0.05377421900629997,41.0584366270341,40.48513117711991,0.5330446104053408,39.95208656671457,0.31367105594836175,42.258654813616204,28.62128400371281,38.18772722125707,25.019254166187153,11582.399999999965,1291.254680252912,1982.2267436817317,1313.8234868178895,51.902416921115396
299,720,64.58254433457921,-5.0985917320268115,-2.31488283158233,-2.3190064437893243,0.46108130567032196,,42.61202243901789,42.34960112697445,0.532677894923836,41.81692323205061,0.0,42.26389920220546,24.501058714895287,34.24144898217642,16.316713776792767,11587.491364442474,1288.3779653861632,1900.9037999699956,1338.0684541000478,85.33755339071958
300,720,75.22322283176027,-4.09713664123036,-1.9518989997840002,-1.7045602348539701,0.43716435643168744,0.09874904900789261,43.450708012096584,42.90672440896742,0.5305119911208749,42.376212417846546,0.27516259299591184,42.24103743791429,26.54253607472028,39.95464343269865,22.687455124684835,11582.584469222365,1201.86595620683,1802.2849164351983,1317.541858919838,35.376301880263135
301,720,84.67062298401524,-3.02658308796271,-1.2629137284808174,-1.2904340731711572,0.46944336825396615,,38.28444115491584,38.03807345801033,0.5308870174922049,37.507186440518126,0.0,42.26309356085261,29.485111706000882,35.54688871271898,20.804332256397338,11582.786942275037,1261.9792702375917,1935.464266500515,1378.3267941138108,83.24194244120507
302,720,71.28518364547874,-6.40947344445986,-2.6694762886138386,-3.2796129539171672,0.45689234237714377,-0.12990902364253998,46.54711695597507,45.98613291699439,0.5296679676976055,45.45646494929679,0.276585386833176,42.22765281150153,21.73044875436633,39.43247943510092,13.906047893277181,11596.546156239667,1316.4006315370937,1883.1180647462004,1332.5858261835315,29.96407636487929
303,720,82.88313014771525,-4.960614519028995,-1.731610467969213,-2.757110131764402,0.4683384922884676,,42.145170693984255,41.86899641295895,0.5304399244487286,41.33855648851022,0.0,42.26177298042403,26.658348741187048,33.46254673372429,13.331005506646958,11596.484717655037,1312.5864534805949,1928.0765532295545,1306.2688794709497,65.13213675672486
304,720,81.31239197224947,-3.6481133240065544,-1.417753851854929,-1.7506477000563567,0.4759876618172263,0.20219431817531586,41.052094579907134,40.485184859950095,0.5326672897208482,39.95251757022925,0.2763745042029768,42.263914095668426,29.309924947902182,34.739332047767434,19.925140640403367,11583.393472006883,1294.4909526017254,1959.7070982171965,1302.984551449117,30.525880505376854
305,720,80.93725498935561,-5.100569915998004,-2.364539947205259,-2.263603676027506,0.46873376467674777,,40.019092101138085,39.819050387013704,0.5314837712794542,39.28756661573425,0.0,42.263647152668916,24.482536789937377,36.201736668479114,18.027151317360367,11586.326207277427,1302.2323213383308,1933.3989805059832,1331.3657469157226,99.89860787140537
306,720,81.12573125863256,-4.91523692094051,-1.9996179192497112,-2.435047249180074,0.47674104669245587,0.10205765068531036,42.92798719089478,42.383149629924446,0.530839356360957,41.85231027356349,0.2729602619074285,42.26381566128689,26.957555227219668,35.72263390130628,18.214852561747804,11586.190993761054,1336.785090814492,1964.7151883332967,1338.7986120883606,66.57189559098707
307,720,73.40931775774366,-5.927647633921221,-2.582503362370858,-2.9098322774886594,0.4318999036601258,,44.01863816799596,43.72557245614007,0.5316238305531442,43.19394862558693,0.0,42.26361239276375,21.991597279485784,37.307067310775444,10.568709583763741,11606.780088418553,1233.157843700431,1779.3747579134451,1273.7670021395506,187.0294907191035
308,94,0.0,-17.51806518549107,-0.6191733505878202,-1.1684135526793273,0.05509263110479119,,12.244026072090492,11.963284753030166,0.07092436263337731,11.892360390396789,0.0,21.174914047077998,4.095815625535972,33.83202631431733,0.0,1524.1838457069787,181.9153318165316,227.26730279045174,174.01820605652082,11.661386586071805
309,720,84.56021322916042,-3.4194547868400478,-1.2547476710209442,-1.6895281078099387,0.47128296192760766,0.06514803320169449,40.37266227602959,39.82768946723081,0.5307602398097515,39.29692922742106,0.2835748759098351,42.26360579675646,30.13128446631294,35.14124855295939,19.100285262214843,11584.327105639391,1280.3264943358984,1943.5155867093454,1383.5942438365846,104.73081638693596
310,87,0.0,-17.377616056849238,-0.4390129886851239,-1.0283467727011315,0.05987019466508739,,13.472759216092527,13.13918873295188,0.06663811672478914,13.07255061622709,0.0,11.008229063319714,2.2704742534282967,36.656161054342675,0.0,1409.1882092006163,194.92367826796666,246.64317252724297,146.00711681558752,65.68375824717435
311,720,75.2787230034313,-6.919849637529143,-2.964548430453665,-3.523186101737395,0.42837867304984983,,40.37154544517398,40.108512201113626,0.5300044766627252,39.5785077244509,0.0,42.25936882327963,20.335701810906613,33.45811506031334,12.265084579159662,11612.69766715787,1245.7942110253616,1766.4103131917102,1356.5689331898398,82.2499018246328
312,720,76.58605592708602,-4.503428758523722,-2.156052496726054,-1.8557760067569002,0.4877480431901812,-0.062079668045043945,41.75655452697538,41.241857160115615,0.530837839236483,40.71101932087913,0.28036816301755607,42.26120319849617,24.63707791482717,37.09689920138053,18.731793604616023,11584.658830936492,1337.6455644866535,2007.5690541557678,1321.6396023848881,65.28627051923179
313,720,73.8031442123342,-5.53841967163997,-2.515778308413997,-2.5634902135002355,0.45586999478376483,,42.48076102696359,42.2082419609651,0.5303979211021215,41.677844039862975,0.0,42.19713569276835,23.60664106892438,33.78624782428122,14.575968983948156,11594.214622522912,1283.2693106252661,1878.3079489182896,1308.4879176573213,69.32349468650804
314,98,0.0,-17.425278655467366,-0.5375843433668493,-1.2408423530859536,0.07128729939310323,,11.240233498858288,10.99027200601995,0.07267391541972756,10.917598090600222,0.0,16.757784123368584,5.310827888532856,33.107447083508326,0.0,1590.046062423998,231.66366559449784,292.6525838201457,176.22251437439516,79.44348655849772
315,720,79.82658617668703,-3.6650774128442656,-2.0516330260567632,-1.2049118008561097,0.4050611359143536,0.019781198352575302,47.48695894307457,46.91015770705417,0.5311245927587152,46.37903311429545,0.31184561108238995,41.980977638145085,25.380379714920025,35.8917893676671,33.913190174449866,11582.399999999947,1099.9588997769151,1671.1175805378132,1375.7777377285602,65.20078046702604
316,720,54.074923583502965,-5.286389754634862,-3.1233122208266533,-1.76438128543767,0.3952318334814588,,37.04370153299533,36.8295253100805,0.5293149072676897,36.30021040281281,0.0,42.26016647469325,20.62804857998241,39.00450804888492,34.49125155985767,11582.399999999896,1110.734392558929,1630.3334895043315,1369.9907391448146,22.067387614364687
317,720,66.35801081905164,-6.156296372444437,-2.8426981756351095,-2.8742928530411436,0.4356419166992297,-0.03785283863544464,43.875487447949126,43.34044399601407,0.5290267677046359,42.81141722830944,0.27537433500401676,42.25921379737256,20.943097036095267,34.0826870993297,17.076498333079627,11592.64597433484,1258.2998667222103,1796.7098227994065,1342.317113946067,75.73523227096413
318,720,84.08734563465902,-3.346296110060439,-1.5704803171765749,-1.3171925014821513,0.4549894461517087,,38.49836729117669,38.2775390711613,0.5295296793337911,37.74800939182751,0.0,42.263556076847976,28.101735398394148,37.33748434964629,31.71895771389567,11582.39999999996,1231.1149248065187,1874.1161502685918,1317.800141252752,16.103908232692316
319,720,87.21699345313795,-3.2385272845241095,-1.097123854222855,-1.6777861517564185,0.46003877984005415,0.05160802602767944,43.21774617396295,42.69655716512352,0.5320287751965225,42.164528389927,0.2763823359273374,42.26342140801392,30.546590415031133,30.05441445394049,18.241027838307186,11585.330284231362,1243.6414107092803,1896.0732507655932,1306.984647253975,46.56336919891255
320,720,76.84259411493771,-4.273658139999849,-1.9065357936688414,-1.901953795501351,0.4614306531842134,,43.343329527881,43.10670710681006,0.5314770615659654,42.5752300452441,0.0,42.263776101602154,26.93732060516468,34.992924403329525,19.714795426670637,11583.932113509032,1263.685947181118,1899.7314002255703,1336.6938501632496,108.87137618752874
321,720,65.11496327496931,-4.469644193588929,-2.29187624484705,-1.7269804652585063,0.44733650444594975,0.034864556044340134,41.964049651054665,41.42625733814202,0.5309366756118834,40.89532066253014,0.275877479929477,42.26365957260369,24.56834725056079,33.9240184827585,24.921379944272562,11582.40001194893,1233.9093665841147,1846.465774844083,1353.1882245071681,78.88777378714316
322,720,79.72308870553637,-4.862894810818159,-1.8233063567209773,-2.555403352462739,0.4802584455166032,,41.215569010935724,40.946751105133444,0.5317209132481366,40.41503019188531,0.0,42.26361999109041,26.462091215184234,30.829939841847636,12.601468385400613,11597.982433748377,1338.8054700024036,1976.9039068183113,1333.4101497951358,145.30142910447216
323,720,80.74422190828066,-3.615871837627525,-1.7011764346595764,-1.5648885225264986,0.34620211973666454,0.04837750270962715,41.438921564025804,40.880351311992854,0.530478052329272,40.34987325966358,0.27700933697633445,42.26337511533236,26.92813841537614,37.97711020919215,26.69851505810879,11582.399999999983,944.2366265090303,1422.6647332894502,1256.6604431382245,168.29922151325593
324,720,84.84549980342457,-3.4482068860801753,-1.2065711739897342,-1.7697841270311963,0.46843793356093133,,42.02089910907671,41.762789065018296,0.531950892880559,41.23083817213774,0.0,42.26347012415924,29.416850963476282,34.82994332161745,20.666950527020102,11583.200750269803,1274.6801287985174,1928.4974947087417,1272.3583188032073,73.50347732534013
325,720,78.5510662669743,-3.63930891436274,-1.6921709841282147,-1.480873934771384,0.46277560379511434,-0.02242855355143547,40.712676387047395,40.186046913964674,0.5322353201918304,39.65381159377284,0.27687699999660254,42.262914689345074,28.031837663335352,39.498664522357544,25.2327557020327,11582.399999999952,1254.984079619515,1906.9449391035744,1308.1427424518072,39.80987105928994
326,720,74.216612278375,-3.6817381596778644,-1.6447701431133126,-1.5448903192114216,0.4880934753725207,,40.94388457597233,40.69416842702776,0.5319421284366399,40.16222629859112,0.0,42.263778966468024,27.821259205821665,35.88275742916747,25.145875405267937,11582.399999999934,1321.5758220098785,2010.0287006850813,1333.3455795271327,106.41598102517058
327,720,72.30202129229536,-4.3847719504332385,-2.067272582167111,-1.8383131390275331,0.4755113776254149,0.024598099291324615,41.58431790606119,41.017381988000125,0.5311791831627488,40.486202804837376,0.27629795181564987,42.26309216598523,26.364566139398878,37.35601541961942,19.523608369619176,11583.556376547227,1302.8967649970377,1958.57087559633,1313.6795608708524,57.45459446909276
328,89,0.0,-17.56965751519495,-0.6772404640798492,-1.0401859590508575,0.05184802506453891,,9.78989294799976,9.534285371890292,0.06747650820761919,9.466808863682672,0.0,18.118127819082876,3.121356111440058,34.70677206491076,0.0,1440.9360009095772,169.28982093704397,213.71346327921677,155.46486420950436,30.158963962970205
329,720,78.49612124978361,-3.919798168387329,-1.7533463535648106,-1.7043413707431143,0.45855679492241563,,42.27815922093578,42.013618423137814,0.5299002805259079,41.483718142611906,0.0,42.26333617811206,27.128352576079635,31.636974143544112,20.773814827295208,11583.36397541616,1243.7650590239575,1889.273820549641,1336.2046971240914,92.45066861770074
330,720,79.50831581166072,-4.1971371285531,-2.1572272577256633,-1.5577617826799504,0.47834197388358185,-0.05164298415184021,39.21861820691265,38.698407689109445,0.5305204323958606,38.167887256713584,0.28221677988767624,42.26365303935816,24.884008137921192,33.98430172027016,25.439702415398447,11582.399999999947,1312.0740428833126,1970.9929656179718,1345.3351063873206,152.71558044033404
331,720,72.95504235019236,-5.720555207167384,-2.170933940756713,-3.1463021776741895,0.3998879976472486,,41.82563425996341,41.58345898799598,0.5311819505877793,41.0522770374082,0.0,42.26106151381191,23.614848580421587,34.32896702190036,11.801540654600693,11603.650162849048,1154.2758405516233,1648.8840300618788,1332.8672175224967,129.1351494951888
332,720,58.79123808043635,-5.253517081620128,-2.74229168242182,-2.098703686877495,0.4090189127884289,0.06334373354911804,42.479975508060306,41.93700671498664,0.5296708976384252,41.40733581734821,0.2749831529799849,42.18166238146372,22.15108999507743,31.639937569512888,19.676971882697966,11584.62857016342,1147.6675703128712,1687.5092375472702,1327.4765204553844,125.82443767485695
333,720,75.28779888328995,-4.051769010441172,-2.0377124912928446,-1.5467949560852485,0.46367500416937835,,40.678387766936794,40.448896025074646,0.5313557921908796,39.917540232883766,0.0,42.26354348955323,25.452759910294343,34.212383063083195,26.44206811683102,11582.399999999918,1263.168539037734,1910.363522070967,1317.7761945970483,48.300724244509205
334,720,73.01909993614329,-3.80123390802157,-2.0288922712260473,-1.3001179407214445,0.4687442890871753,-0.004855903796851635,41.770971552003175,41.22696942999028,0.5300531948450953,40.69691623514518,0.2761650439351797,42.26362819705928,25.87537085104259,38.04997487897775,31.017385277954844,11582.399999999936,1265.426236327719,1929.6750907529934,1288.682936476781,157.04668872312288
335,82,0.0,-17.569604446418232,-0.5454662169645511,-1.0074556918147917,0.04136266623082235,,11.053041766164824,10.774981851922348,0.062366591300815344,10.712615260621533,0.0,14.52824225554809,2.0219139630532355,34.4097670103566,0.0,1329.8384283343958,132.77090792230274,168.91383728566004,104.2088302964434,84.24802716752858
336,720,63.78715711367383,-3.7582273524223835,-1.6053466504943965,-1.670834644627515,0.47815568375055595,,43.42252038302831,43.18337275390513,0.5298706823959947,42.65350207150914,0.0,42.26369193574066,26.861167186967293,31.718942979680058,21.423760719519883,11582.691616225196,1304.3543710726474,1971.3001976135395,1368.314626692326,93.36886737001862
337,720,84.34706913666822,-4.659758212052458,-1.8246276405587953,-2.3367200626582476,0.4945116020963707,0.04526324197649956,40.47341584204696,39.940498935990036,0.5282442616298795,39.412254674360156,0.2823239010758698,42.263292602324675,26.2710528955514,36.16634344331319,16.139378279356265,11589.286470890102,1365.2590817590608,2033.4722573833878,1287.6123000371679,133.7852731553529
338,720,71.18204194994416,-3.8138085854651376,-1.8575546913156684,-1.4616760950223713,0.490821539889445,,43.43237251997925,43.197028358932585,0.5296298239845783,42.667398534948006,0.0,42.22342588725972,26.830750026127305,34.26761637663874,19.86016969395147,11583.085337003451,1319.1828083163064,2015.7287911762623,1221.9884485535672,82.1322429184022
339,720,83.75995882394535,-3.3147846493684536,-1.481158048836158,-1.3545405862987816,0.47568456088704325,0.10378830879926682,39.472615987062454,38.91185107501224,0.5304471859708428,38.381403889041394,0.2887061829678714,42.26344588091939,28.407617243437205,34.26920214384474,25.895335662589602,11582.39999999995,1277.9014039518954,1958.1572958600282,1277.4728059017389,192.3003161931858
340,92,0.0,-17.518274198836316,-0.5758092570499094,-1.1617611733099604,0.05514326991354748,,8.766727769048885,8.530718859983608,0.06893996358849108,8.461778896395117,0.0,15.535375959555237,4.572336154886241,32.55000062407623,0.0,1493.0261285643996,177.35904719646834,225.40014839198312,155.35619508477703,21.888753921818985
341,720,78.60775467586608,-3.945427751019629,-1.9435665428344604,-1.5256054983702456,0.4727295280868656,,43.17238300689496,42.91986143402755,0.5319996865000576,42.387861747527495,0.0,42.263218767831255,26.539208626563344,36.02271662189027,26.63496155734368,11582.399999999934,1288.0357923277795,1946.0053457341005,1287.0477279105899,91.50572510409009
342,720,82.39092137084756,-5.114194103596969,-2.1432615440203486,-2.4889756595708192,0.4782882894116874,-0.03639749437570572,41.35709075210616,40.80523963086307,0.5300871187355369,40.275152512127534,0.29443487408570945,42.263452750735,25.173094564608856,33.49456319960015,16.7407423388118,11586.414760537316,1336.6547832624663,1969.6486660689288,1300.6375270579638,68.8778966717834
343,720,73.59240586865981,-4.588634748452839,-2.131971355032994,-1.9781092750158362,0.4747401674847903,,44.41967495600693,44.13142331293784,0.5306499043945223,43.60077340854332,0.0,42.25275307924275,24.821303471264653,35.78658159972509,17.492349928400014,11585.996248421003,1304.2486086073477,1953.066007343387,1276.7054310066926,99.53249704448596
344,720,68.08150183396397,-4.747870344518305,-2.328759201463233,-1.9550757367948144,0.4606291307152501,0.1331523060798645,41.04498157789931,40.495599600020796,0.5288534699939191,39.96674613002688,0.28804004308767617,42.26379102204301,24.199210285559438,36.71580676788618,24.45571485134859,11582.40263392598,1278.800274712675,1897.7058198242369,1305.3885113550848,121.5813541858086
345,720,75.18254273840567,-6.265614294560223,-2.4745892532165343,-3.3108436040017946,0.4766278093529138,,44.51367402402684,44.25038586417213,0.532107527833432,43.7182783363387,0.0,41.909195627005985,22.694199011079114,31.422727168455538,12.524485501818111,11612.207275595514,1362.4669530150838,1962.3195178211852,1299.0538023985264,54.53220142229106
346,720,72.51203275411653,-3.9140779809937416,-1.7978368032005028,-1.6545853058215791,0.4580292723676301,-0.019456077367067337,43.1147651609499,42.546121277147904,0.5311885527335107,42.01493272441439,0.2877794511150569,42.26318880346157,27.60680397506011,36.106959137287056,22.20713996036883,11582.561309614488,1249.9589800064002,1883.1799716363068,1278.1840466015403,28.021100450615787
347,720,75.76929919484078,-3.09627518634246,-1.4998874635371537,-1.129167068186264,0.4635355538053212,,39.83515591500327,39.6086399119813,0.5296638521831483,39.07897605979815,0.0,42.26371097614799,29.109841178288693,37.759549439886506,33.26820773156034,11582.399999999945,1245.5683617576067,1910.3081272817283,1373.108731617347,75.88028009422828
348,720,69.93551072879178,-3.446806306512353,-1.6816017332346065,-1.2924635430663312,0.46907103485767043,0.11820672452449799,48.22576914005913,47.67669189814478,0.5326971153263003,47.14399478281848,0.2887305689509958,42.26382516867328,27.318873257925226,36.81704067648708,26.94772180559493,11582.399999999918,1271.9609621677823,1933.7266496103716,1329.3369604076838,96.23595202443887
349,720,79.25882889859875,-3.8836515048188454,-1.783393331164193,-1.6262183928737708,0.4707988436896929,,40.23896106891334,39.989371499978006,0.5319662294350564,39.45740527054295,0.0,42.26369351060935,27.062772230436913,34.62276000275582,26.385455821753446,11582.399999999927,1287.9858490440065,1936.4035063229642,1225.0190786664625,182.8650022738719
350,720,80.12783076219007,-4.839843521151272,-1.8995275975975028,-2.4722047826559708,0.46435653812583094,-0.06642220169305801,43.34673556801863,42.80262949503958,0.5321506792679429,42.27047881577164,0.28687082207761705,42.263631974549064,26.742978704682457,30.525072152410477,15.254094275660007,11592.5910305153,1298.004686477113,1913.9583769386538,1347.2586337742382,79.70316510368025
351,720,83.46467824167861,-3.2397028497626894,-1.282105765220961,-1.4645518700595321,0.48936346294760935,,42.20643391623162,41.94745205901563,0.5325194676406682,41.41493259137496,0.0,42.26353714357737,29.772036467757506,37.9989618786701,30.03918525662242,11582.399999999985,1322.7866565466086,2014.731199930645,1287.8961956990092,52.08007625564545
352,720,73.71406166975366,-3.428094613799702,-1.4841611829820904,-1.5228587531939486,0.41750439024632857,-0.09617620706558228,38.60866070794873,38.071275828871876,0.5303085665218532,37.54096726235002,0.28799007390625775,42.2633728357795,29.85285886376651,37.36434842767747,25.828695572859967,11582.399999999949,1139.363548708438,1717.3543361357085,1271.0733554496396,94.55740071770997
353,720,77.84668562161546,-4.301983567837905,-1.6497209614417576,-2.164654378839978,0.4838766741995588,,44.05116246594116,43.78011777787469,0.5298015682492405,43.25031620962545,0.0,42.26375576205508,28.626859007471694,35.688671737359094,18.159499606132346,11585.056535040756,1331.3027747279425,1991.1734041798172,1298.9135760415777,92.88168573883075
354,720,83.87065982858525,-3.5721569072754744,-1.2661649128221601,-1.8369641645361066,0.4653661722470542,-0.0026155347004532814,35.59868072485551,35.05646007601172,0.5312275453470647,34.52523253066465,0.2876956139225513,42.263459013373634,29.994761159846696,37.950883337393655,19.75555843720505,11584.40508216946,1263.3942417500834,1915.0717977348806,1299.527424393471,33.414853604703346
355,720,73.43664198992327,-4.053504966735842,-1.6116171954375274,-1.9452371407806208,0.4928016848254067,,42.587240694789216,42.33271857397631,0.5316054224967957,41.80111315147951,0.0,42.26360416294466,27.02988900993676,36.21016057165499,22.27689820332182,11582.670221370436,1345.0266317294092,2025.348680719579,1276.3772212341391,92.73604918326417
356,720,82.90776112774681,-3.328162194343931,-1.1504994973822475,-1.6932938197679617,0.48063670165271793,0.041380468755960464,39.14573797909543,38.700555085903034,0.5307876921724528,38.16976739373058,0.18666022806428373,42.26363284707139,30.496530381310574,33.58073536043364,21.48899226138701,11582.810899882024,1301.7521991327387,1977.88302333984,1311.2895827441434,104.58620835083558
357,720,71.84656934100941,-4.7122609270948645,-2.412088010561537,-1.8230403051249435,0.4735284391004074,,41.92477288120426,41.68223927193321,0.531879500253126,41.15035977168009,0.0,42.26363576617056,23.004005973342736,31.072230250494464,29.006994091595413,11582.399999999938,1309.0591971240237,1950.2255041337085,1284.5721337292246,122.76288928813874
358,720,69.70377655840365,-3.485345329013919,-1.4980965268313722,-1.5206751079788658,0.4629961136058196,-0.011176865547895432,42.94291528291069,42.39292844804004,0.53004817571491,41.86288027232513,0.28970142896287143,42.26358100359004,28.276905619837382,31.483887528384617,26.630024451902116,11582.399999999934,1257.682949530617,1909.6868101157452,1376.5149861374518,85.12058495855939
359,720,86.01361854026128,-3.7741257133309127,-1.6720687715263298,-1.615226087345139,0.48291089278601507,,39.858018757076934,39.6177408460062,0.5308824223466218,39.08685842365958,0.0,42.26370438545783,26.978866702442417,35.35399263928696,28.054457878014627,11582.399999999965,1311.048696294953,1987.256631727687,1327.935594797373,114.25208051094287
360,720,82.37022974400614,-3.393898828460889,-1.3929504887159574,-1.510360240046381,0.48666372197361263,-0.17460185289382935,43.68577917292714,43.13414374785498,0.5322949297260493,42.60184881812893,0.2878055809997022,42.26380025471273,29.010826739225887,39.67616183795404,24.78374893760229,11582.400201451792,1311.0281560066442,1999.2192852626572,1297.3589579141728,133.28522003405044
361,720,85.10034819458753,-2.2745006191666266,-0.6012140776665322,-1.2221152535618245,0.44777981784354387,,39.48156714811921,39.230310590937734,0.5305328136309981,38.699777777306736,0.0,42.263581379199906,32.74156489315131,30.082037676794194,26.055411387511914,11582.399999999961,1202.0401846051861,1846.958076154854,1345.756508936698,135.4907683416591
362,720,81.3432409923715,-3.604500658630938,-1.5375889430229124,-1.5868240160836498,0.47645762233939465,-0.18611277639865875,39.54511819407344,39.02244445099495,0.5316154002211988,38.490829050773755,0.27480647386983037,42.263548474011074,29.03431979149668,38.46466380954291,28.838962973879077,11582.39999999996,1286.0819703561979,1957.8860248069104,1280.3595083009088,113.60757611703649
363,720,76.05389062762895,-3.396365737599041,-1.137038195747971,-1.7579196814404492,0.4974297943977156,,44.761138428002596,44.4642472860869,0.5304354422260076,43.933811843860894,0.0,42.26340501042204,30.184390604053295,35.51459821228654,18.88526837975765,11583.937437160163,1341.8036513907355,2043.8469830380982,1271.8007202175918,168.63935783644433
364,720,85.44325249178331,-3.075351696666511,-1.0780283558492625,-1.5326515321603975,0.46127532704158836,-0.0038310065865516663,35.81921329814941,35.29243938997388,0.5292230674531311,34.76321632252075,0.276109057944268,42.263514277760365,30.534567808167882,30.438005847161488,21.11523732009243,11583.058830179962,1245.792481176388,1900.6249179976332,1292.0455165237004,121.88907856208063
365,720,74.8161059829836,-2.633667381577696,-1.2133038362387727,-0.9217812619469276,0.4944992591129092,,40.05845278198831,39.83031531795859,0.5310490196570754,39.29926629830152,0.0,42.26362991420443,30.28911213104706,38.84136538250732,35.01588015460047,11582.399999999945,1312.2299125550749,2035.2740047459947,1320.2158297228104,146.3279786424546
366,720,81.48018089445678,-3.359931301535707,-1.13581231070407,-1.7373493328013574,0.48302646269099087,-0.12085194885730743,41.53345674299635,40.99457331909798,0.5325069304089993,40.46206638868898,0.2750005288980901,42.263176961937404,30.78801082649506,33.050803917620705,14.535236602869176,11588.540208100636,1302.3541314461409,1985.8063202688597,1321.7545336373676,108.73625827374492
367,720,86.74160730078188,-3.2381075500124186,-0.795905066869665,-1.9565002806331193,0.48172720530549906,,41.06512396293692,40.776600343873724,0.5309699331410229,40.2456304107327,0.0,42.26383903204495,31.723925854567153,30.288441856226665,16.37605584070318,11589.723154293644,1305.909509605971,1981.0566191607872,1301.2841116058908,86.55757477434409
368,720,70.36539492485572,-5.1812463745761725,-2.181506612038831,-2.5068167779483868,0.48924396724129937,-0.10710487514734268,41.12846883293241,40.60916748200543,0.530376794282347,40.078790687723085,0.2760920540895313,42.26348801594609,25.036054377997417,33.28191192193849,21.788231956132943,11583.264394158863,1361.8588918247278,2013.3415043249756,1280.2906445094475,170.92291113366022
369,720,79.3114089077602,-4.752907154707616,-2.225971312765055,-2.036272818956807,0.4870168098010914,,38.20645034592599,37.971633011009544,0.5310944349039346,37.44053857610561,0.0,42.2636034442818,24.507989369275574,35.98906728499583,21.261442970582028,11582.919359542384,1344.4338546122706,2004.3688777599925,1296.1011318972717,119.48067228386113
370,720,87.08410868307837,-2.8678421530482177,-1.255807118442873,-1.1221271963709278,0.48607840541295555,-0.0993170291185379,39.81892507709563,39.29645279003307,0.5306340451352298,38.76581874489784,0.2760584319476038,42.263567122388785,29.676245517502675,36.84208292990873,31.386255125287814,11582.399999999963,1297.5077427348494,2001.7349102529076,1334.5755693496992,76.65563764663771
371,720,78.38181739986825,-3.9746423055857907,-1.7668210053833036,-1.7277558425124973,0.4760949723697332,,40.82573044486344,40.585776850814,0.5304473277647048,40.055329523049295,0.0,42.2636088243522,27.558847287028378,38.42835493645228,20.424862139594723,11583.085994563551,1304.2976856702417,1960.1219187102365,1362.3618814450683,119.59983852037449
372,720,81.17598619739566,-4.969466441759967,-2.0075067573560132,-2.5100436862640363,0.4480660167231646,-0.1179814413189888,39.421062051085755,38.88677337486297,0.5315081533044577,38.35526522155851,0.27698802086524665,42.26280138981704,24.845711544655927,35.58066127256338,20.67597489063237,11584.065362147772,1246.8010512653593,1843.2908030027738,1307.8528248639457,143.27163536363202
373,720,75.47031068260574,-2.263428920528144,-0.8129076450697522,-0.9868447529860199,0.4602447134462179,,36.66311698593199,36.416463722940534,0.5296989239286631,35.88676479901187,0.0,42.26363467320902,31.421492070958113,30.92741773053012,28.80620086073899,11582.399999999945,1227.4550558300834,1896.2810895463208,1283.6842082344233,53.866295000520964
374,720,74.81741195646792,-4.736077275297584,-2.29219858183351,-1.9553749273809604,0.4847287220646968,-0.0783739909529686,43.325318792136386,42.774062514072284,0.5303859983105212,42.24367651576176,0.2770375208929181,42.26331056175379,24.888083054693613,31.778047598923777,21.02020282938301,11583.101115346952,1334.912230049611,1992.804679272306,1296.392536664195,116.78030717575139
375,720,82.4229783413813,-2.591433649022652,-0.9859798412236659,-1.1300318651944632,0.4716508123834911,,35.32303247391246,35.094224388943985,0.5293920042458922,34.56483238469809,0.0,42.26380907244368,30.667478579435542,32.94804299001632,29.426385271349297,11582.399999999967,1262.0267041395537,1945.723568897319,1345.356695934419,106.11733728102614
376,720,75.03357140131769,-2.8352170551062827,-1.4160168611634338,-0.9632599536582251,0.45214345304845244,0.09102378785610199,38.82146830088459,38.31305785803124,0.5279941207263619,37.78506373730488,0.27575550600886345,42.2635257120893,29.48887092683825,39.50406851351045,32.19265850616729,11582.399999999941,1206.166608677348,1862.8005070228505,1322.2758580464515,55.33109272188202
377,720,73.35906428370684,-3.9111879242986984,-2.3309991704515665,-1.1322005521579457,0.44435878396336087,,38.93497703806497,38.701918753795326,0.5300598801113665,38.17185887368396,0.0,42.2633996397707,23.849974728200134,39.45866807948276,33.89653680884477,11582.399999999927,1191.6581802958528,1828.0063626488343,1292.3746629228585,132.91221812555224
378,720,87.81717329689738,-3.1673884218489263,-1.073203449668245,-1.6019650796500255,0.48846448092282085,-0.012897965498268604,39.39107789611444,38.874079192988575,0.5318708620034158,38.34220833098516,0.2769432491622865,42.26346455407835,30.889593271218043,36.266715367033534,23.292832354921668,11582.5403047459,1313.0053150760177,2010.3540548828203,1315.6626968208936,130.69945732303813
379,720,77.1056144614715,-3.6507391456718055,-1.6010458158191123,-1.5716072648815564,0.4743681619103547,,42.17036668793298,41.91140825394541,0.5304912233259529,41.38091703061946,0.0,42.24904743000792,27.936825556794357,32.97675605319056,27.589828607264526,11582.399999999927,1290.1828958741546,1952.7809653255365,1300.7593325109706,103.57073796310847
380,720,71.70651745309785,-3.2795863214504997,-1.1777393859279612,-1.6197810923764693,0.47831395813975097,0.08918526023626328,39.64667987986468,39.114041187101975,0.5291601519566029,38.58488103514537,0.27606398705393076,42.26358949807316,30.41162044060306,32.85393784374085,19.368270643484138,11584.211464676473,1292.5924420154843,1968.275040412292,1289.6679175097179,56.99129131501716
381,720,76.82653196342207,-2.6626478022773825,-0.9764896003029263,-1.168573913209869,0.5135103329318648,,45.025734544033185,44.78693241206929,0.5318196201696992,44.25511279189959,0.0,42.263700999063595,30.726687007865976,39.9749577399076,26.33417813971759,11582.39999999995,1363.4643131931748,2109.364290471996,1274.3949073653228,112.33072393521938
382,720,77.11080181449925,-4.541424717757929,-2.05696665695216,-1.9829304861631747,0.49748934174814075,0.030498772859573364,40.75330932997167,40.21295235003345,0.5284004516433924,39.684551898390055,0.2761363189201802,42.26388525953087,25.35732298495941,36.550659016462426,25.53302811845458,11582.399999999952,1372.2177440612215,2048.121760106986,1313.5130618772585,99.7200437752179
383,720,66.8694405447907,-5.134029093509367,-1.9859602618370926,-2.660893873043925,0.4832814486486387,,42.56840099487454,42.32605462009087,0.5309180819895118,41.79513653810136,0.0,42.263849681814975,23.867346140556112,31.343735674590484,12.612701049457392,11601.317922978773,1351.6234379620473,1991.3017641405338,1347.1019760738106,145.37340537891274
384,720,75.92994394613979,-3.868723214968393,-1.8466177703393485,-1.5397101134278308,0.4786744444645787,0.05398981645703316,40.65691853198223,40.150551540078595,0.5318780967500061,39.61867344332859,0.27718676486983895,42.26335070015287,26.89201511450307,31.682123284998543,26.781541860023626,11582.399999999976,1294.8799472495823,1970.3532851821299,1304.872402308813,73.61779546214315
385,720,88.47527350674537,-2.9092487012884756,-1.0823907051370387,-1.3464559565786178,0.4764704900881657,,39.102962950011715,38.87607316300273,0.5309494310058653,38.345123731996864,0.0,42.263626414696034,30.191590977060418,31.166641831383856,25.951953092161652,11582.399999999985,1276.7491809908129,1962.2800670959132,1357.485601073264,33.824690728844324
386,720,79.3307058563058,-4.757041766369719,-2.0170665395002323,-2.2536791410189165,0.4825044867076764,-0.09620345383882523,42.631966064916924,42.08105480787344,0.5311224707402289,41.549932337133214,0.2762926279101521,42.26354010214167,26.143272084243083,30.111882245824397,19.319642741892785,11585.559014777005,1332.5418145011668,1985.4445763644035,1301.5537307013328,72.99878210897577
387,720,86.82766330390407,-2.940563623871857,-1.1637897981710537,-1.312853367216173,0.4603876735534487,,41.694971930002794,41.426182828843594,0.5314652095548809,40.89471761928871,0.0,42.26363454566351,29.88930804839636,39.97350694395542,33.08288261854305,11582.399999999965,1245.1128853716111,1898.0930113273641,1344.9648656703341,101.28578139276055
388,720,89.1168011617586,-2.4988059362648536,-0.5860743895713989,-1.439421700472879,0.46976503712686685,-0.0017055429052561522,34.439645192818716,33.91962645784952,0.5304467880632728,33.389179669786245,0.27906625415198505,42.26355253145781,32.09396342832805,31.510283922999132,27.05838577688919,11582.399999999969,1266.4346211036711,1934.4712512849776,1332.1941828705685,84.11863299181191
389,720,68.43176038845218,-6.170729982547219,-2.9287953855251123,-2.8494990361102275,0.388815676456849,,42.80248251394369,42.57842789799906,0.5305001996457577,42.047927698353305,0.0,42.26271382974742,21.156832054760322,39.36880900391517,14.557170975273479,11591.560354180961,1096.913196138909,1595.727211444189,1265.942116672985,94.04948656279012
390,720,77.66302752767007,-3.3942314215862592,-1.6253494326950704,-1.288138102454441,0.4767680183562718,-0.08120930194854736,42.938723588129506,42.419018420856446,0.5327591008972377,41.88625931995921,0.27689028391614556,42.26320287295058,27.98965412666061,30.477177559087114,24.800777089038952,11582.40030669566,1283.1004222175,1959.254787826432,1291.2110918452688,78.8188010134415
391,720,79.35747882664145,-2.6627441848067552,-0.996843334178786,-1.1753672570063904,0.48672393254613205,,37.64579086913727,37.42183180106804,0.5305045519489795,36.89132724911906,0.0,42.26365634137955,30.950964844795237,30.801532316648274,30.351734404609843,11582.399999999965,1294.765437824919,2001.976169501375,1290.0571024354929,73.09529886049086
392,720,79.22864079243762,-2.73592268105906,-1.0073598415198162,-1.2566978774893385,0.4682251293109346,0.03677334263920784,39.84094974794425,39.3241896010004,0.5307818977162242,38.793407703284174,0.27699774713255465,42.26365101148819,31.4677513392216,34.99926015338097,24.50338368032213,11582.401045724659,1255.479750193792,1929.2292598311735,1305.7321463580415,72.33997972367743
393,720,63.87348397628715,-3.465517021920056,-1.7072908672823448,-1.2708712519188086,0.483353021602086,,37.97660379298031,37.75429502199404,0.5330782772507519,37.22121674474329,0.0,42.26345562695572,26.982766959909515,36.83699876957094,30.946792389435046,11582.399999999923,1308.0960389892423,1991.8006454044428,1375.8753343836422,91.66332786035984
394,720,82.13108313060145,-3.667934648360784,-1.3543993290032053,-1.8399262682283515,0.4701418301456073,0.05024778097867966,39.34392679994926,38.826949666952714,0.5291527868248522,38.29779688012786,0.2759347469545901,42.263530603751185,29.402438144701136,31.699623733431743,20.87691750806852,11583.094091674731,1277.8160455998618,1934.5207571089454,1260.4054804867171,73.1045465425414
395,720,71.17333650933307,-4.284163793382737,-2.1896308930016137,-1.6912826176620195,0.3996167600237691,,41.1688825560268,40.91089927684516,0.5296057474333793,40.38129352941178,0.0,42.263195751396104,25.465088112592415,32.0617287940524,25.9485805090175,11582.399999999918,1111.0674020799331,1646.0660821475733,1294.6945872694498,104.40192275223407
396,720,85.74890551419386,-3.0357956242625597,-1.226671518840535,-1.3392275082914453,0.46605463751332155,0.1394311934709549,35.69492804305628,35.16355085209943,0.529668825911358,34.633882026188076,0.27668210095725954,42.26356360081617,29.88440784280753,39.89694682910723,31.370814274725138,11582.399999999983,1256.949551334265,1918.8421928149705,1322.5138472342912,97.4029319521351
397,720,84.80578094759117,-1.7308734730453519,-0.43492222159466354,-0.7942865958339093,0.49741456889779495,,32.222286878852174,32.008078190963715,0.530814831610769,31.477263359352946,0.0,42.26348869639084,33.03071321388711,32.68874132326843,32.46892441361965,11582.399999999963,1308.84719927268,2048.239126329856,1360.8762066513855,47.788422044811355
398,720,76.23469003724593,-2.9675025272655753,-1.1635608229492478,-1.396206973000337,0.40425925589077444,0.02701268345117569,35.57382206688635,35.04583760001697,0.531369695905596,34.51446790411137,0.2762008449062705,42.26347836232606,30.90845862489688,37.02762670571287,21.947327249595787,11582.639600061246,1099.5667986230492,1663.5179129205887,1330.8635917034892,69.56958300262744
399,720,67.51453298560199,-3.554603070197361,-1.664650001851073,-1.4133152785040173,0.47265553486658446,,42.17323479382321,41.91478566918522,0.5300923469476402,41.38469332223758,0.0,42.262554625143835,28.203547356307112,38.84689896619195,26.597041145631895,11582.399999999916,1281.6907779410121,1943.191526954971,1314.2289162071172,177.59290681842955
400,78,0.0,-17.477867351355638,-0.3272066536429078,-1.01770376581469,0.05755386075294724,,8.611047736834735,8.35323974606581,0.05850514699704945,8.29473459906876,0.0,14.53557200900672,4.281522287294741,30.096956806375513,0.0,1266.970815095889,188.23323474259377,236.78600884863698,132.42748213979868,52.201904806915636
401,720,76.08683222373936,-3.908198973547194,-1.3348996406245077,-2.0540988024422417,0.514973908569706,0.020062828436493874,44.87609408283606,44.34644259605557,0.5291682756505907,43.81727432040498,0.2821486280299723,42.26358742246307,29.283936162755904,35.00961370313076,13.398868591698312,11594.926515077594,1401.210189511941,2114.762372447556,1262.5397373805902,163.78023151442102
402,720,87.35475086264559,-2.945484452245217,-0.7013824072433861,-1.7383094302542619,0.5015933046370074,,39.59855095599778,39.3208474800922,0.5314494690392166,38.78939801105298,0.0,42.263569117629274,31.763189445064388,33.147997420785615,16.20220342432886,11587.579728056702,1358.7771755501885,2063.706260789009,1315.1437841902869,136.90744908567007
403,720,82.0868714708189,-3.7739354447785867,-1.5223835153141876,-1.7288417131351261,0.5183808453183267,0.00362225528806448,39.36729970900342,38.79991435003467,0.5307629362214357,38.26915141381323,0.2764824889600277,42.26324872981893,28.642797566306257,36.95834327164897,20.85026069728255,11583.03542206129,1407.0035847985778,2131.4155244757967,1287.5964052224222,144.35937831428782
404,82,0.0,-17.663431641413684,-0.5973723316007121,-1.0430062534506863,0.04773244081198993,,12.325354747939855,12.040951708098873,0.06287516769953072,11.978076540399343,0.0,11.046123505977754,2.8943773897465004,32.91043410597979,0.0,1331.5954015423436,158.77324621827054,197.7547220788333,153.72092477615428,23.948692246642757
405,720,73.59475301829164,-3.340345005749453,-1.5747510850694995,-1.2342900693797918,0.5267672666101714,,41.256389231886715,40.98859976697713,0.5307761346921325,40.457823632285,0.0,42.26371630959598,28.596790366482406,36.1485922036871,28.736343281156657,11582.399999999947,1404.6250330338696,2163.567703897612,1285.8774104653037,99.52293339173582
406,720,85.89794826921194,-4.06116248169062,-1.2410117578886608,-2.3049977312527736,0.5110535996326205,-0.015019778162240982,44.99968716013245,44.39700845815241,0.5296467700973153,43.8673616880551,0.28218865278176963,42.26351722113254,28.853006421890996,37.37044493468343,19.138330451224906,11586.77755461659,1405.8834665111829,2098.018948319215,1211.9504671705593,143.70136862721208
407,720,75.63063652705179,-3.7933307340421045,-1.8534637327468644,-1.4275039393546214,0.5082601772543347,,41.443064535968006,41.17140753590502,0.5295053184963763,40.64190221740864,0.0,42.26142153711576,26.902105628598925,38.0938520809148,28.106288147659114,11582.39999999994,1369.669458086288,2088.837785045441,1280.1744949418069,113.06491044334891
408,720,84.64977753747075,-3.035633630830746,-1.120959809086786,-1.3948981164698069,0.5154232558774962,-0.006556634791195393,42.516237932024524,41.9886211368721,0.528413770487532,41.460207366384566,0.278778453823179,42.26343990295368,30.581197265507935,35.36328161848786,28.86130298245887,11582.399999999958,1382.9556451990202,2120.6934663528245,1327.0635868060679,107.16085491883291
409,720,79.39622576568797,-3.75442953250846,-1.5368211410375505,-1.7195416260959164,0.49374156435236527,,47.61264149006456,47.32865236699581,0.5253538805991411,46.80329848639667,0.0,42.26361813042468,28.1104311121921,32.6293477245705,25.537321794305925,11582.399999999945,1330.159227090477,2023.5985351555191,1217.0983179129485,66.05324980322062
410,720,82.38583068880465,-2.3056399515917727,-0.7869962993251093,-1.010720206954821,0.5039110917676008,0.12706303596496582,43.79104577796534,43.274574153125286,0.524614569498226,42.74995958362706,0.27660570410080254,42.26284787028574,31.500913691813285,30.791081725341442,28.401867717461126,11582.39999999995,1329.0590554514831,2072.439747045906,1295.5589189369873,115.42103488065123
411,720,68.99746417618756,-4.423675150491969,-1.8199439386646554,-2.044260327454096,0.5549151708637938,,44.17699690209702,43.92295302613638,0.5287563598249108,43.39419666631147,0.0,42.26061103454764,27.478734465500747,32.23760843800919,15.82704136760479,11587.453674843995,1507.6376019912375,2276.2052885128055,1238.948577951421,153.05242183309502
412,720,81.16136250050133,-3.1613995548274865,-1.3663480401825792,-1.282170912533002,0.5088375774550609,0.06528816372156143,44.31531349406578,43.8050004679244,0.5269370852038264,43.278063382720575,0.27634706581011415,42.26370751861082,29.070109912144158,35.51327949947283,30.42829938437049,11582.399999999938,1365.261224716971,2089.788123424201,1271.3205577531096,195.5799634757814
413,720,73.60450948757543,-5.40254123184668,-2.5770816459501034,-2.3661766513530416,0.45533035831073054,,44.35694020497613,44.10701413708739,0.52625986863859,43.5807542684488,0.0,42.2635638646059,23.217980210624273,33.19982767161993,17.219540831254136,11585.794377882541,1263.7153127205004,1870.4007191374121,1285.3146836222184,149.0624044759798
414,720,69.62134810472287,-3.425886276220252,-1.4647978464582987,-1.4344145237234642,0.5223074878555304,0.1729123443365097,43.494364575017244,42.9411490499042,0.5261321228463203,42.41501692705788,0.2755597389768809,42.26357670051346,29.195421046587626,34.82979692476981,25.128285265256107,11582.399999999945,1394.5985132210458,2146.006628424597,1276.12152163725,146.52454829915914
415,86,0.0,-17.438701618206323,-0.49805235168171114,-0.994204182173298,0.07109603141932151,,9.806115692015737,9.556110511999577,0.06436721584759653,9.49174329615198,0.0,13.19770576243647,1.7705365617580215,37.84170143952619,0.0,1392.229462818136,225.06296800153234,289.7344469752749,114.20694671327784,151.40155354443542
416,720,73.19646546342288,-4.120353136874113,-2.0294613155590486,-1.5566910538313887,0.5297561412527028,,41.684897245140746,41.43990306300111,0.5306887608021498,40.90921430219896,0.0,42.263405296677945,25.99293533861631,35.015301995780035,25.668167793492568,11582.399999999921,1427.886629671182,2175.4717431088256,1257.553819870949,75.66056780743236
417,720,81.52895581702245,-3.0666094368418695,-1.0114573595786034,-1.5231628582353125,0.5275721475831234,0.18393276631832123,47.45296869217418,46.96133579406887,0.5253393081948161,46.43599648587406,0.2342514730989933,42.26374240232503,30.535431899653027,30.25152929951693,21.923848796797557,11582.644410282897,1418.9822891861588,2167.922010509969,1289.2205136693876,110.85187266914505
418,720,83.6567337387978,-2.6790186287818476,-0.8709700938984816,-1.337626440670225,0.4661796633060567,,38.76476695295423,38.479808358009905,0.5263464460149407,37.953461911994964,0.0,42.26371168562915,31.93093490834004,30.25209107754122,22.822322179590095,11582.560852070772,1232.2122000219845,1918.5556208570943,1357.819819365835,45.854799427667466
419,720,84.00111432645332,-4.741015964864326,-1.7774777502864285,-2.53729700796546,0.42242922360743596,0.07842450588941574,41.43498451798223,40.86055752891116,0.524936989415437,40.33562053949572,0.27487623784691095,42.26110952716392,26.63616450888633,37.665412921973356,17.018933932840763,11589.417402867079,1198.633014242857,1736.5763876574895,1319.8532603934864,153.39830106815575
420,720,63.06507858728505,-3.778997427154094,-2.046311132884508,-1.2472167522772957,0.4813309087996034,,37.00133333494887,36.77215401898138,0.5250476154033095,36.24710640357807,0.0,42.263021803825254,26.237349558106498,38.78336720813012,30.836189098266086,11582.399999999914,1300.5450271603147,1977.0977674786307,1309.5329964881048,38.784610947343964
421,75,0.0,-17.736435988394703,-0.6312683747747129,-0.9119967736809121,0.04283874601955571,,7.807395334821194,7.5455935599748045,0.05577159021049738,7.489821969764307,0.0,4.9250138679661895,1.7148328555752088,33.035335382355946,0.0,1214.9920264854786,136.71927345236347,174.92129367063023,99.01903817192472,60.28388067231051
422,720,82.75775418072034,-4.3463790967288105,-1.363473209758149,-2.5101929699732604,0.4686177298248379,-0.07704075425863266,42.70164314308204,42.13676020409912,0.535337258130312,41.60142294596881,0.29461112385615706,42.26338089898913,28.99219068760183,30.651991319392735,14.906050451484617,11595.29417984486,1287.2174160466332,1928.0285137863884,1309.7940993278708,103.2799293282819
423,720,79.93219133478347,-3.898724158379395,-1.8632620775617978,-1.493733016313649,0.5372634150520484,,40.59351177699864,40.32364301988855,0.531515154754743,39.79212786513381,0.0,42.263619805301715,26.158320277506483,36.09979364393776,27.957871508303867,11582.39999999997,1443.8252325917917,2204.2017272951407,1247.8165126674337,152.83444940623863
424,720,81.89139666505724,-4.040044340952966,-1.81743960765572,-1.761489363456231,0.45697689736854546,0.05280851200222969,42.449337808880955,41.907892720075324,0.5288499048911035,41.37904281518422,0.28803384280763566,42.23926966565815,26.901396619439183,37.45230043281765,27.544525499011307,11582.399999999954,1240.4843758225798,1878.9993295423603,1330.7446682858756,36.432668615815565
425,720,79.13869251994538,-4.321322466233748,-1.6071703246334759,-2.1489286568227834,0.5604343818688257,,42.47290448308922,42.23890060489066,0.5323143156711012,41.70658628921956,0.0,42.26371119080268,28.294612082505765,31.933390576144145,15.169655772956858,11588.984759520245,1525.616382097943,2296.4040736709253,1262.0716718370757,89.66594345601203
426,720,74.80176968510347,-3.7594798997713945,-1.5746923407934668,-1.6699650756022535,0.5104897860372697,0.037990983575582504,42.570260767126456,42.07570137199946,0.5326634314842522,41.543037940515205,0.23613810003735125,42.26343043154741,28.05329203668378,37.67074582014075,23.32451008553127,11582.448295267684,1375.7549187441346,2096.4872424861837,1275.0318404187913,144.11464614610588
427,720,69.98974008978482,-3.3851383146753036,-1.540549378042786,-1.3507202223018426,0.4898656288858315,,42.578280325978994,42.34450696897693,0.5306315124034882,41.81387545657344,0.0,42.26342006492045,27.40610215927745,31.3618113903628,26.14059241072148,11582.399999999952,1321.076472997569,2014.698913555456,1291.9849523654314,64.02332600282706
428,720,58.0599854485847,-5.495193963434123,-2.576137464652077,-2.510343705645108,0.4047573979578176,-0.14892129600048065,40.652955112978816,40.125188420992345,0.5301249162293971,39.59506350476295,0.287827440071851,42.157722979526824,21.48557075600351,33.667169917555654,15.71345853130817,11590.528821951531,1140.78440133099,1664.3353617654675,1317.8382325516159,86.66659077604233
429,720,73.37625672004249,-5.113521290839598,-2.2230215708370715,-2.3505165168827165,0.5353178766052393,,43.66149235214107,43.39227170590311,0.5309647987596691,42.861306907143444,0.0,42.26089312971367,25.518781034882032,33.23299276650309,14.50442453605532,11594.12733106263,1469.3297866201283,2198.545939618461,1325.1785743782657,100.35031405574874
430,720,82.10015916217428,-2.661566345319616,-0.8463971891750004,-1.2948507279716843,0.5162913788596964,0.047828834503889084,42.71238738298416,42.20740974182263,0.5300797973759472,41.67732994444668,0.24042744585312903,42.26371866749276,31.6702434642285,37.02801328600736,25.510833642630676,11582.399999999936,1371.6923564909193,2118.0727407855775,1255.323832198127,103.63269298091747
431,82,0.0,-17.599834406150876,-0.48815487903529364,-1.077570343930752,0.05872783893609124,,10.43234863015823,10.171115446137264,0.061610967852175236,10.10950447828509,0.0,16.806379744330435,4.580483417371251,30.30600931551674,0.0,1332.6251501492802,189.40814922976134,239.9964972554456,120.40936056637747,92.46918362496002
432,720,86.63240868473864,-3.9758656067794726,-1.4112515849981846,-2.034621343249873,0.5253558695670887,,42.35098617407493,42.07241708994843,0.5314613594673574,41.54095573048107,0.0,42.263730346077956,28.686783183232002,37.173014669087834,18.36924170412185,11584.677889062752,1433.7015087186796,2158.3604550146174,1357.2956336662596,47.90902369826918
433,720,72.44096107837525,-4.375350579206133,-1.8782135703249205,-1.9647487077707384,0.5277349030693774,0.20090936124324799,41.68400486605242,41.229816087987274,0.5295049527194351,40.70031113526784,0.1919109718874097,42.26338550651657,26.5067403672515,35.426873367227465,22.25416919451555,11582.955318769453,1439.9116770396688,2168.4715535684813,1315.441689457898,88.97011657211792
434,720,82.02963465174345,-3.030775302140574,-1.2739605871046162,-1.2483974279133008,0.5042047484710445,,35.07976375008002,34.81096901302226,0.5303036191035062,34.28066539391875,0.0,42.263550257516606,29.29082245431311,33.19261693899983,23.704804479202473,11582.428871407175,1344.3040670765477,2072.8683320656633,1321.3745367381441,81.41724028558546
435,99,0.0,-17.45262956976618,-0.5268737280277872,-1.3080465142660849,0.06717205211752589,,11.372113815043122,11.11410118197091,0.07424985361285508,11.039851328358054,0.0,19.588770883126564,5.75929262211785,32.002630109145024,0.0,1610.8823446719048,218.76925114377391,275.255087509119,152.5948260321249,68.43960969300461
436,720,69.64787785242538,-3.9806598820334576,-2.279248161453256,-1.2841470888983468,0.4134427624876748,-0.25575709342956543,40.7722918249201,40.17786719487049,0.5290336024481803,39.64883359242231,0.32880220795050263,42.26341817001499,25.992518601866713,37.37259595047481,30.43639276993078,11582.399999999918,1109.787773612916,1697.8368941624512,1325.4044670657277,110.3071623489719
437,720,82.08150450002839,-4.294170087104435,-2.2371044267126625,-1.5573459571271469,0.4953618383732688,,41.96556786005385,41.69326958805323,0.5311110441107303,41.162158543942496,0.0,40.96084185426291,23.605699673793172,38.73549321149131,29.50912839589343,11582.399999999956,1363.7099065115794,2041.8118184815796,1374.6538835961724,139.25456443493897
438,720,63.97930621444792,-4.0022283582501315,-2.024185365943429,-1.5366904620100015,0.437319685220008,0.06070911884307861,44.34010909800418,43.77369637717493,0.529614930273965,43.244081446900964,0.28714308701455593,42.26338454027066,27.110255329569018,37.1424131191245,31.171406698752563,11582.399999999932,1199.449221403676,1799.2659722362428,1318.9172540223697,50.279468746180974
439,720,81.88500195540338,-5.150702938995391,-2.029132923318235,-2.6000547608180136,0.5173166497648545,,38.19358134898357,37.913856704952195,0.533631555037573,37.38022514991462,0.0,42.2635392186994,25.014792833219968,31.803950213539363,14.870472420787289,11594.460376001947,1440.794605014904,2124.8343820697214,1295.89723132029,244.39919190711652
440,720,72.29629698126263,-2.9030139596663993,-1.1281154859797273,-1.2690682437140037,0.5016161806746041,0.02037130296230316,47.711642728885636,47.20319594605826,0.5320005344692618,46.671195411589,0.2883973040152341,42.26366077609299,30.288756875568374,34.28831283802345,28.69570184968685,11582.399999999947,1344.142795534917,2061.5534772392925,1276.222226421599,109.21120607851216
441,720,73.91663525866069,-3.2947908345629067,-1.1710440228267454,-1.6011688137088913,0.5183879349749425,,42.689649662934244,42.404081247979775,0.5320995352230966,41.87198171275668,0.0,42.2636431845786,30.42521261101073,31.06176907010006,17.208617745132504,11586.167352715851,1392.166187724956,2131.1890172572193,1263.194699864752,59.81567221257951
442,720,87.40406352223934,-3.5617961863791363,-1.0469687161214098,-2.0000593414184715,0.510651530691996,0.02008344605565071,36.10864180698991,35.56770219397731,0.5296916516963392,35.03801054228097,0.28665254707448184,42.26366277666206,30.27225549205313,38.95556343669474,21.81199323477228,11583.152210746142,1396.6666647736429,2099.0775575203224,1303.4805043184206,83.55754677935441
443,720,83.83584924649513,-3.121949596608397,-1.2518581327164093,-1.3712862690844358,0.49468774000211374,,40.5942397559993,40.336538618197665,0.5324153585825115,39.80412325961515,0.0,42.2637357879025,29.95493055004643,36.530094222805246,27.255986922479398,11582.39999999997,1326.84989917425,2033.7929125054657,1285.291922824035,56.28718806522371
444,92,0.0,-17.338854186884383,-0.5048315908274921,-1.0362192467911333,0.0722591250364396,,12.428625953150913,12.154284878866747,0.0685844833496958,12.085700395517051,0.0,10.041727308985102,2.143623225184647,38.641036716971286,0.0,1488.3411459904933,228.85136235832292,295.0975866369335,139.03237160172634,19.194011479336996
445,720,85.56778955983948,-5.511349932318953,-1.825177329830852,-3.167765091202995,0.5141923512652863,0.0004102770471945405,43.16591041907668,42.60276104300283,0.5322567417751998,42.07050430122763,0.2953229539562017,42.25966560888064,26.774502322300155,34.721544856127466,9.317747445028074,11615.494726687655,1445.1612567595937,2114.1315316368523,1277.1118354380094,69.02527680859829
446,720,71.35062206092161,-4.797001748780047,-2.230938925291029,-2.0569908660892207,0.5050293403865631,,43.94224928715266,43.68508773506619,0.530404390534386,43.154683344531804,0.0,42.10352051485739,24.981232616226745,31.571366312798293,19.215342239993223,11584.465857225767,1391.1660904365297,2076.737057796805,1301.4428126099708,179.02494923293384
447,720,56.048846399855314,-2.8021981008025967,-1.3980934128716018,-0.9837264646832876,0.41656024676035974,0.14768551290035248,39.27392886206508,38.753608940169215,0.5313918380998075,38.22221710206941,0.28979854192584753,42.26345176719432,28.93320492752314,36.83702288049635,32.70794943585562,11582.39999999992,1125.9447746865767,1714.5662425724208,1349.8620552669497,80.02683871406633
448,82,0.0,-17.77534816513012,-0.6906206030197363,-1.0723937251961457,0.036998855165522405,,9.766723529202864,9.495543922996148,0.06212312215939164,9.433420800836757,0.0,6.805886999050053,2.287090324207858,31.857938631022208,0.0,1333.476035396454,120.75880122004496,151.92285027828052,165.82667213111102,36.2280928718298
449,720,85.04329417526344,-2.924218953439504,-0.7944435791214703,-1.6366644797803305,0.4891476393207042,,41.316305477172136,41.02442510519177,0.5349169585388154,40.48950814665295,0.0,42.2637210227819,31.705224070672184,36.07021537558954,19.256345734452992,11584.243592329607,1318.63269600122,2011.708939858844,1292.5429559550034,121.75826056891468
450,720,82.26437413389498,-2.583189043612553,-0.9275201305643496,-1.198681052460069,0.452862870383291,0.04585925489664078,41.256364363012835,40.69183262786828,0.5294294995255768,40.1624031283427,0.2950156801380217,42.263580049183005,31.424468195558934,36.39502666677058,29.21349195004652,11582.399999999921,1222.7865065731428,1864.692084280609,1339.207309350384,97.44472160700663
451,720,82.96389431176631,-4.50967353626445,-1.5476529269582773,-2.4646433042558042,0.4933335830011668,,42.799501311033964,42.4866716330871,0.5332519337534904,41.95341969933361,0.0,42.26347083095681,28.334991763696696,36.417253839868316,20.79750882150764,11583.670667033892,1363.115184454087,2028.1088872459316,1312.5871369969525,75.87335713047139
452,73,0.0,-17.56086148125583,-0.4241680987514433,-0.878826463168433,0.057456411216883205,,9.991809764876962,9.719997386913747,0.0547598737757653,9.665237513137981,0.0,13.63165907884062,1.4644346110913329,33.92882026452314,0.0,1182.1709954259647,185.68951921128948,236.07983636106826,118.5111599179964,13.194922459976716
453,720,86.96712871304125,-2.5554889827630474,-0.6353790087353416,-1.429091831283026,0.487138815212106,-0.0702890157699585,42.451195269823074,41.90351924998686,0.5306288320571184,41.37289041792974,0.2927203618455678,42.26373335009967,32.567763071514904,33.08080676808244,19.744649342477665,11583.74781822372,1307.90893606424,2004.418266965612,1322.027493706187,187.70677898350354
454,720,83.84007997509893,-4.2040707852153,-1.6958161136456569,-2.0095033341781425,0.49488423156062916,,38.97739223903045,38.742292274022475,0.5316568776033819,38.21063539641909,0.0,42.26366464961467,27.942381765901292,31.186359447753553,17.380464599687404,11588.496218821278,1355.1749953504923,2035.5156634022346,1306.2352943650071,41.9691415216023
455,720,80.85142217536229,-3.7572764077292544,-1.7587084505110457,-1.4861069367982747,0.50836137889217,-0.010522459633648396,38.24789573694579,37.71058184001595,0.5297274093609303,37.18085443065502,0.2882388699799776,42.2638231910521,27.518226567059745,38.118922621060364,26.93850145971729,11582.399999999972,1373.3799916259836,2088.033104295461,1319.700865530278,131.5699114369691
456,720,78.36431628303788,-3.6270731165431713,-1.35739232776405,-1.777069457544727,0.4888184387398505,,39.37625923892483,39.141781935002655,0.5312096090056002,38.610572325997055,0.0,42.26359267275426,29.156319221271087,32.32218783935662,16.26239077530545,11587.528056695386,1327.7449226997958,2011.5711864021607,1322.6495880599894,73.8063445335168
457,720,79.71056392141213,-3.460015251675379,-1.310147390054676,-1.647103078851185,0.49880056288933183,0.17146079242229462,39.678284542867914,39.140179788926616,0.5299865000415593,38.61019328888506,0.28864971408620477,42.25848758887245,30.175994847829674,36.26923481220759,18.478094179829938,11584.70012250613,1345.4082321733358,2050.9037301031162,1288.4782778742267,49.21163682257129
458,720,61.81489859013528,-4.621974946532265,-1.9797987442833662,-2.208654876559372,0.4293861097936752,,39.760194747010246,39.5143974670209,0.5308249497320503,38.98357251728885,0.0,42.2636193009573,25.677054601690124,31.790827799705813,19.49802766741092,11585.723813792882,1206.3071698632239,1768.7385563592995,1381.3718585548788,65.7204439089346
459,720,77.87684078038238,-3.5811565288055665,-1.4424589440775317,-1.6333133705320557,0.5011915095062073,-0.05154402554035187,47.14178153802641,46.55698946886696,0.5317900190129876,46.02519944985397,0.2866768380627036,42.26349982797435,28.74603492062189,34.088324990670735,21.842769132220376,11582.938826531054,1356.0532356611134,2063.532403148734,1339.2735150662443,65.29685685002052
460,720,80.51590837659498,-3.7299586941657843,-1.2138176821991835,-2.082337837569348,0.429806309381649,,41.52452829387039,41.27997475909069,0.5304991693701595,40.74947558972053,0.0,42.263503791022565,30.616484278516964,32.41202041143452,16.544479718402417,11591.427268395095,1196.8474133693048,1770.9983828728032,1379.1270163521333,163.5342071228548
461,720,75.23814448279865,-4.44162072849337,-1.718147009273145,-2.2318607491993383,0.48774924095099137,-0.014327315613627434,43.141708001028746,42.596323812846094,0.5300567080266774,42.06626710481942,0.28956215595826507,42.2634156197209,28.003266271394285,34.6264466347274,17.4554045762853,11587.83740201439,1347.263470909722,2006.2656095902166,1297.3568595521772,179.95051138249718
462,720,72.36796912537534,-3.2501046942344622,-1.4519032586358227,-1.2816768023636635,0.5124214439228415,,39.46491370513104,39.201440344098955,0.5319099456537515,38.669530398445204,0.0,42.26350461333867,29.210213718463272,31.98075276139357,27.041893273759488,11582.399999999916,1369.6842841337168,2105.1327177464873,1254.9240409251574,135.01070659142331
463,720,69.27542666963012,-4.203304592669338,-1.8384462396621797,-1.8585813611807387,0.5020270200304041,0.011029660701751709,42.876522161997855,42.35457485797815,0.5301634462084621,41.82441141176969,0.2872349990066141,42.26350790120569,27.222678567195402,30.163459099690115,16.849301693481454,11584.943568061051,1372.273402805524,2064.7104945203937,1332.448825200289,117.40084908273049
464,720,66.72581415657892,-3.998003404028554,-1.6773900922153442,-1.8119391046229512,0.5043530681148893,,41.50113354483619,41.254690810106695,0.5318063560407609,40.722884454065934,0.0,42.26383708994612,27.607582426736254,38.99801245711528,22.453327275339742,11582.567981841734,1370.745324700172,2074.9272120033684,1324.3539806550612,90.07327033688489
465,720,79.56372511758686,-2.998277353500969,-1.135768208072232,-1.4134460572984837,0.4455190740136284,-0.056103192269802094,42.542537587927654,41.986647555138916,0.5312283830717206,41.455419172067195,0.2888598300050944,42.26338775928487,30.06312205608308,38.29599647925446,28.685757643810028,11582.399999999976,1198.4023066931834,1834.5254678235888,1287.3639037465168,149.0670356774876
466,720,77.87913754453079,-3.8181730214516443,-1.5287861716895619,-1.7861986630414026,0.49878607179333256,,42.62153208209202,42.36840245197527,0.530462774913758,41.83793967706151,0.0,42.26379279599702,27.840319401158734,36.273326591856254,20.872677345884064,11583.065910282705,1356.4679227481272,2053.705408592943,1365.1522459802454,174.31622230667088
467,720,81.29330412724495,-2.939241421134997,-1.1927231868126666,-1.2459592791906604,0.49622388403850115,-0.009917221032083035,41.58731622505002,41.05814357986674,0.5298125564586371,40.5283310234081,0.2882604629267007,42.263099483839476,30.469984387896158,35.786028690670165,29.247529824887735,11582.399999999967,1327.2597865862604,2041.1139043880376,1355.8541896752895,51.986643047850855
468,720,77.67528881999606,-4.219155390063218,-1.9518004701689473,-1.8055381360133274,0.45810322872199716,,39.23391272686422,38.988282044185326,0.5317152321804315,38.456566812004894,0.0,42.263725522687366,26.33039935844286,34.074812611739134,22.836719224333894,11582.556972353985,1242.0091981074602,1882.7229209292793,1256.9893206565364,42.04756445281571
469,720,81.08667602731255,-3.4076638061499884,-1.1721511024661744,-1.7293620562221257,0.5019546223948016,-0.10215603560209274,42.82033565104939,42.33095141686499,0.5300845105666667,41.800866906298324,0.23780245007947087,42.26371239519722,30.52887768471967,35.84913873041026,17.07859411705351,11584.752367112305,1350.9852547487378,2066.2402462245677,1308.461477952112,89.16764615056769
470,720,74.4193087580613,-4.483724419657345,-2.023342324179515,-1.952797370846537,0.5033815909836814,,39.323372025974095,39.07420692406595,0.5325003559701145,38.54170656809583,0.0,42.255757746778556,25.615017915432336,31.461480117826106,19.227046413290115,11584.605400757197,1388.4385392010315,2071.3402182995346,1327.086614310163,38.18330894169892
471,720,62.383045094869416,-4.221065579178368,-2.099267148197041,-1.6543328166443165,0.4631423274803257,-0.0702509954571724,45.486382643925026,44.89859801507555,0.5328129038680345,44.365785111207515,0.2897112020291388,42.26366779224944,25.259310777930814,39.21243715749383,28.869641380114512,11582.399999999898,1284.1634961026616,1901.75464928739,1320.7120477129522,80.6268242989046
472,720,79.02030933757703,-6.500542866899645,-2.4752764318031977,-3.517213329899759,0.5035160260731623,,41.58802059199661,41.35935670603067,0.5300611699931324,40.829295536037534,0.0,42.26340181147185,21.821026456252365,34.62071289941457,16.171791183064997,11593.60540839449,1442.3142989498292,2068.771664527153,1326.5126879229178,142.35449353206826
473,720,80.93203871586304,-3.298025903830307,-1.248347096362557,-1.5531031768307995,0.4924587144650093,0.06298752129077911,42.26485093915835,41.67973907291889,0.5300363681744784,41.14970270474441,0.2891903039999306,42.263595808330024,29.495055731331387,38.459128077721715,27.42183484119326,11582.39999999995,1337.3132916746183,2028.9166420987344,1347.5605503304607,133.24197432275687
474,720,65.49434233144713,-4.188045986039331,-1.859211439937175,-1.8180336783394941,0.5068402080610679,,43.07577205798589,42.837442690040916,0.5303589093964547,42.30708378064446,0.0,42.2633788093651,26.837258956668823,38.602812149869855,17.624250552101792,11584.899027021613,1375.104401864388,2082.077530445896,1269.0432114570867,149.17412270982334
475,720,69.02175545605328,-4.927380689257236,-2.37749428729628,-2.1524054912363817,0.3936967537513231,-0.09736120700836182,40.03484582901001,39.48258970491588,0.5297564272768795,38.952833277639,0.2881274570245296,42.260986421271525,24.52016112470409,34.75080777489664,22.851977287039116,11582.5358824422,1085.1704351205299,1614.4391908463151,1281.2115805753672,194.30328044518765
476,720,81.7098816847828,-5.557833964679761,-2.362153563865267,-2.759740769167297,0.431940662833421,,39.48550605005585,39.23108227388002,0.5305423741228878,38.70053989975713,0.0,40.638286007423496,22.785307366788178,31.908789326263577,15.133058625623294,11594.356318194787,1227.2434498615776,1776.3015319944864,1287.804722852391,59.53000536106022
477,720,79.77041125029564,-2.7300952344084943,-0.8561692735197591,-1.3619017270903135,0.507609278538211,0.07530506700277328,40.30106212804094,39.749916624045,0.5328655324410647,39.217051091603935,0.28768974798731506,42.263743760762125,31.586084929512758,31.82427268286345,24.103041844990322,11582.405492349972,1357.011182362261,2090.3868758566805,1362.3406503558197,89.86389253365356
478,720,70.33256887987706,-3.02982044127265,-1.1820414865613427,-1.3886208497817323,0.4550499810447587,,36.581900695106015,36.341475397814065,0.5305210440419614,35.810954353772104,0.0,42.26366313359078,30.189190169079616,33.732222660944316,25.343328572607742,11582.399999999949,1220.3112901450388,1871.4694060715303,1341.5074961341488,59.410656906209645
479,85,0.0,-17.611127251532206,-0.6068961991531913,-1.055571732324021,0.04818503478698064,,8.355828342027962,8.100858552847058,0.06345688155852258,8.037401671288535,0.0,14.273664071735245,3.3582909827775445,32.6619390889667,0.0,1378.4937450401667,153.22275624845966,196.98008333802596,147.18449558906627,40.31923419287706
480,720,69.22365706361907,-4.049885144670949,-1.564750971720601,-2.0579461590759514,0.42349085237763195,0.07058154791593552,40.74097589100711,40.19074265495874,0.5308842554222792,39.65985839953646,0.2451894369442016,42.26345986120864,28.624089234876642,31.820490747580642,15.435832125603074,11591.592689068975,1174.9134658022947,1745.1369502407886,1345.4951386953946,65.23862355104198
481,720,83.53755019323793,-3.9062511754942464,-1.4949481194761987,-1.9004758093451513,0.5065333294310777,,42.64441281417385,42.40606530988589,0.530825988156721,41.87523932172917,0.0,42.26269076486491,28.535322763360085,36.79934789069883,21.9861961227971,11582.909495923679,1383.2225420195098,2084.8755824170403,1361.125670696771,145.07050483656968
482,720,88.01264762438011,-3.2887248186223355,-1.0110849870623806,-1.7682413078770545,0.5050885668107165,0.14303706586360931,36.50721473991871,35.94671593979001,0.5297129605896771,35.41700297920033,0.2879399838857353,42.26345597114614,30.880690655372362,38.349909448639096,23.756532644120608,11582.433421203368,1368.4816420951981,2077.686076339888,1314.4700208867296,69.37049678324901
483,720,85.17324840888938,-2.2220496239835366,-0.6745342418348392,-1.0380282975588637,0.505262547476971,,38.52419589809142,38.308914927067235,0.5303243480157107,37.778590579051524,0.0,42.26358533905103,32.48357797353927,36.56821809094261,33.94963567070996,11582.399999999932,1338.5732097735172,2077.3630814966896,1322.3011615799278,59.551056684155384
484,720,69.72012685337319,-3.7047650494967543,-1.6700763936552079,-1.5211683172617425,0.5092948677143782,-0.021930867806077003,40.994983837008476,40.4286192599684,0.5306827700696886,39.89793648989871,0.2908169578295201,42.263840661387405,28.261984968912273,36.25124928689558,26.522463408244683,11582.39999999993,1373.8042695791846,2093.10743786515,1294.5646085457847,142.05293448573397
485,720,84.89130076196693,-3.4829282538536988,-1.2354618517822737,-1.731172879317414,0.5120896652242826,,38.642475455999374,38.384469967801124,0.5315230106934905,37.85294695710763,0.0,42.26382676995816,29.41015826511094,31.83418127021409,24.722069482673433,11582.400333089343,1390.6951700257682,2105.6142773754273,1294.0627591804428,105.23194657503637
486,720,85.2004182248713,-3.1440366898619074,-1.2053782118673584,-1.398273655852359,0.5356063083889273,0.013106677681207657,41.89918728894554,41.335229081101716,0.5314179761335254,40.80381110496819,0.28897647303529084,42.26355537534093,29.63241673555003,36.43896611995482,25.089292798607737,11582.39999999994,1420.6255719850021,2198.0178772612226,1289.2299898671406,113.31839757352587
487,720,76.41042169127124,-3.424031102216606,-1.3992007101579955,-1.5019774436436018,0.5184046972566486,,42.78826068597846,42.53527391399257,0.5325824641622603,42.00269144983031,0.0,42.2636234919803,29.391356795000608,34.729366356394905,28.165074917746395,11582.399999999956,1392.5853101835544,2130.692390820595,1311.2529189434217,41.23794869600858
488,720,67.55574283469393,-4.458319379596928,-2.136637698584067,-1.8809288536703967,0.43665198013800555,-0.023608315736055374,41.962054384173825,41.40053697489202,0.5301219841931015,40.87041499069892,0.28814498079009354,42.09428790942543,25.175099722266356,35.38602036601672,23.333197300784907,11582.47204886608,1213.9895820089046,1794.3258847370093,1335.5094318389458,58.56558928915267
489,720,75.62756933900683,-3.9049728256572327,-1.5786559867531373,-1.8115120507111875,0.5107041711309237,,39.38527334202081,39.116660099010915,0.5322005089838058,38.58445959002711,0.0,42.26360880085881,28.272804414551505,34.09725997536558,23.00287225879743,11582.499794842324,1390.2483502376924,2100.7628425325966,1289.6030860809929,96.52385602312064
490,720,74.5733462019532,-4.769406309017968,-2.244960856385761,-1.9655567459494991,0.5539291578675348,-0.0200235266238451,44.59409274882637,44.04217324289493,0.5318690936546773,43.510304149240255,0.2874282421544194,42.25867610374472,25.622809092955,38.501494550287184,16.17975628544215,11586.73691201776,1500.4810127344194,2273.5223251243256,1345.490385718009,158.6492361161647
491,720,70.58993970755603,-4.516875508104353,-1.736956027919156,-2.2521230076197614,0.5234876404542819,,45.50481545110233,45.26791842817329,0.5308359004557133,44.737082527717575,0.0,42.26365898376679,26.92469436886502,39.45844099004691,14.662586236111405,11589.49238270629,1439.454542578054,2149.5955421348935,1270.9022409997026,68.84595257945006
492,720,74.943666605987,-2.447829056134391,-0.8857654692235799,-1.0062931125956678,0.5507732754938478,-0.02841917797923088,43.85827527591027,43.306936458917335,0.5301537602208555,42.77678269869648,0.28842881694436073,42.26338449224291,31.704940676105352,38.26940934675179,30.857170932542026,11582.399999999949,1447.7529157408949,2261.2794347250647,1309.1254179071334,78.4609357651765
493,720,74.96416924209885,-2.5994957606958633,-1.003814358960396,-1.0505938572112496,0.5402133203250156,,40.98550046700984,40.705355022102594,0.5309371589682996,40.174417863134295,0.0,42.26364016325991,31.13302628034506,36.74469575396861,32.12648447415292,11582.399999999941,1423.525833154426,2216.447958912459,1314.2693378143117,89.91728085222809
494,720,75.95941321111998,-4.6186966984764695,-2.2591650636208827,-1.9918543325624878,0.3638955057308412,0.13927142322063446,40.02513389312662,39.481614970136434,0.5301921495702118,38.95142282056622,0.29071980714797974,42.08448103284081,24.137645125566305,32.07728026540136,17.140664116051372,11587.3956604363,1013.0317864351437,1495.103250831378,1331.6898049681965,63.6042581464248
495,720,68.91110418245344,-3.485428641301695,-1.5596332854033108,-1.3926179893339599,0.5288583114460462,,44.34551842696965,44.103397723985836,0.5314330484252423,43.571964675560594,0.0,42.263084402530666,28.132903611027228,36.93385800769572,28.32704535282396,11582.399999999925,1414.2379736762218,2170.7909181259874,1250.9601235527093,76.97085559917289
496,720,74.72634156968313,-2.5624122855812375,-0.9918303816776817,-1.0287746230999602,0.5372708233005883,0.1558237075805664,40.408053976949304,39.849402638850734,0.5308596875984222,39.31854295125231,0.2883696530479938,42.26366034806936,31.45738979643231,36.647089190778395,29.388646896317873,11582.399999999938,1411.118728228805,2204.773732453994,1251.9063969712731,55.115484728297886
497,720,59.00383378863052,-4.078095537875967,-1.792367861232981,-1.751342882710034,0.5298545327033234,,44.317080290056765,44.07300422899425,0.530092611676082,43.54291161731817,0.0,42.26365223567923,25.638571838070927,35.84451777134849,23.264402141406755,11582.505085833758,1441.715547610032,2174.955361353205,1267.8964331211985,154.39537162300644
498,720,73.83315476182372,-2.865876946678606,-1.0975615899324034,-1.263249017712555,0.5008203454853338,-0.03642825409770012,43.1324545070529,42.58181763696484,0.5307154550682753,42.05110218189657,0.28822684404440224,42.26351815744927,30.483350469003344,37.6404959457968,28.661247741499995,11582.399999999934,1343.0991033548712,2062.625719159756,1345.738287658325,84.7238324943478
499,720,76.52684611756965,-3.672287592122364,-1.5179382957964647,-1.6028752916911395,0.546459792549979,,42.901018172036856,42.623690211214125,0.5310777281410992,42.092612483073026,0.0,42.26369229517975,28.538592531819607,34.08791360915042,21.60827836066288,11582.853317481413,1473.7451428147463,2243.199025596721,1340.0041887419177,103.22225757430834
500,720,87.30507672004822,-3.5293135387995176,-0.8047827881041193,-2.179112904237308,0.5410726113272933,-0.02865256369113922,42.67362794582732,42.11028790799901,0.5296993146184832,41.580588593380526,0.2892015390098095,42.26382950764004,31.444667927647686,36.6494228606641,8.913559908322721,11603.254557218666,1461.7291243944333,2216.6424659817167,1244.5315398953417,311.24895814632805
501,720,63.60336487118744,-4.187898461463224,-2.3810797632465657,-1.3769815596923471,0.42595090752049813,,41.46765854489058,41.24013985693455,0.5312144758645445,40.70892538107,0.0,42.04379833011246,23.249170620283,31.978233899433185,25.59294088083675,11582.399999999923,1156.2047091761185,1745.0876356520453,1278.2905193477688,14.792348653920566
502,720,77.14769460110591,-4.466641651137677,-1.7431187793542149,-2.166024037213592,0.5525893017269979,0.1913374662399292,42.042983445106074,41.49047033698298,0.5320393980946392,40.95843093888834,0.28910778695717454,42.26351359011879,26.89298098719527,34.34287117283315,20.51276532917153,11583.922749564043,1502.795745284563,2266.7851796402956,1273.5313854226088,122.21189631619156
503,720,82.71738290787329,-3.9438748473543517,-1.7040354302964,-1.7019101888283532,0.5332251887586964,,37.45019075507298,37.196646177209914,0.5327356110792607,36.66391056613065,0.0,42.263554768104335,27.187011035223616,35.123939199658324,24.00020341047014,11582.411863186659,1431.575215272044,2186.7384031536353,1287.9283379362053,144.80239607129747
504,73,0.0,-17.716295809361835,-0.5219879053564608,-0.9328690023321006,0.06101459265174322,,8.100258572027087,7.8368009510450065,0.05546926008537412,7.781331690959632,0.0,14.021270638753279,3.400845299014877,30.853720837093107,0.0,1184.8739905771024,196.26280537827532,249.97639121384222,120.6945212157216,92.22151082559934
505,720,82.02559509731952,-4.600221570542393,-1.7818846042783278,-2.2676441343092995,0.5456802828259214,0.03499288484454155,40.21663439995609,39.67774264398031,0.531147244386375,39.146595399593934,0.24297465779818594,42.263370882102116,27.090841749499923,33.74895348735886,18.650784282112753,11585.819113496273,1487.5193287545048,2239.3845594773234,1311.1775627538698,104.97648777521802
506,720,78.52960873809097,-4.527812705371868,-1.6462688056206414,-2.3227628248486707,0.5536570717534329,,44.816377782961354,44.539216425968334,0.532475313404575,44.00674111256376,0.0,42.24400645525354,27.768779810479902,30.91207184639239,16.118328384234395,11590.472356387218,1516.386596872679,2272.3699047010523,1321.6680095215872,151.33903219813243
507,720,69.16558213421851,-4.590470892942493,-1.8022332596522768,-2.1930828498024146,0.5900388450472237,0.08585595339536667,42.5368928341195,41.9835039509926,0.5295259426347911,41.45397800835781,0.2887331561651081,42.263718122566395,27.436096660865925,35.39195054961298,17.270814703034105,11586.807038331628,1597.2476389826543,2414.5186185305215,1216.882165251312,114.84720830195002
508,720,71.49291846401103,-4.900764578286008,-1.9004469041944523,-2.4360407636705426,0.5591438353282198,,43.273218902992085,43.01056873193011,0.5313724214211106,42.479196310508996,0.0,42.26369328651425,24.766765659578596,33.49690988015271,17.87796598162064,11587.56538160845,1545.6936075664903,2292.538675013704,1281.0826773650515,95.51739093910145
509,720,84.53860674494,-3.5761304446604005,-1.4252464037529842,-1.6368377303359647,0.5094898055370902,-0.07107464224100113,42.731581611093134,42.18546155979857,0.5350324870087206,41.65042907278985,0.2892644109670073,42.263741956927376,28.687470401291996,32.35672517061059,19.305065948587576,11584.174444753933,1380.1691930143863,2096.093953812228,1393.2805617427255,86.89450094841895
510,720,70.50878966259077,-2.457530928094551,-0.8986918822928778,-1.0242324865337389,0.5301489597499419,,44.34442829689942,44.08908129413612,0.5330651858821511,43.55601610825397,0.0,42.2637759142878,30.514188769109843,39.94547135444776,29.82454755017904,11582.399999999943,1401.866404087034,2177.667880479323,1306.9228141188867,233.52481444547058
511,720,84.35159816560493,-3.528440604813009,-1.1801736798182405,-1.7704376796473333,0.5726687329149687,0.06624745577573776,38.77661880594678,38.23434778605588,0.5313171141315252,37.70303067192435,0.2891194140538573,42.26381700719545,30.917732777910572,32.69289364405603,19.26877779348868,11585.436970403392,1526.1864937787682,2346.431702895526,1286.9190004734564,181.64324051945192
512,720,70.15077132802242,-3.876978572609798,-1.7264063154293978,-1.5965062507611991,0.5495243944813791,,42.02767728106119,41.782038528937846,0.5314913641195744,41.25054716481827,0.0,42.26361472422277,27.514501939556826,35.14433200313173,18.979609591812128,11584.314990541669,1478.4821618802516,2254.2061607892288,1252.8044749713301,126.81507715254322
513,131,0.0,-17.329844004454852,-0.7604650512947844,-1.7423412207570679,0.0763440147866787,,14.298939999891445,14.021277172025293,0.09822484012693167,13.923052331898361,0.0,21.85963996921081,7.841193953228656,32.39968767379173,0.0,2132.6710594929955,248.3904647485049,312.6781852257914,213.5086133803338,41.972081991334996
514,720,74.34533991561105,-3.669351867149386,-1.3765275699707633,-1.734404892061578,0.5534071969660112,-0.09183347225189209,38.62697520595975,38.03324350412004,0.5297075067646801,37.50353599735536,0.329030865104869,42.26360064379082,29.866454838423582,32.3253539516907,19.112509302910215,11584.588303404142,1487.821220121024,2270.4790829449735,1267.2888797675246,188.850083052686
515,720,79.00276191556188,-5.066557135578843,-1.7461176520724448,-2.7479814156435762,0.5672771865014941,,43.536679211072624,43.26910378714092,0.5312647235114127,42.73783906362951,0.0,42.2635617082433,27.156147142447207,37.6333719515371,9.050095008218237,11616.223786238046,1556.9169201766424,2328.793554402424,1316.807428550558,67.23612063339472
516,720,87.71470998565057,-2.8563136676104697,-0.716723283128765,-1.6320069051796862,0.5035095450236113,-0.024248937144875526,41.03988127596676,40.47917653317563,0.5300738257355988,39.949102707440034,0.2890912089496851,42.26342300600691,31.844529871199548,35.4452462719452,23.524716163467872,11582.443312844021,1352.1927634591634,2068.4404588571924,1285.2319884615642,109.74196739047628
517,720,85.71938648274315,-4.010210506367864,-1.4570310128075539,-1.9966501587881624,0.5518350421735917,,40.03413468506187,39.77922087488696,0.5339833444450051,39.245237530441955,0.0,42.26377372962636,28.871881952529833,37.65421294617324,18.747133745770704,11585.707853556589,1493.268190919534,2263.006436076817,1255.1538677562585,108.71372741073633
518,720,77.3373177863339,-2.971761091444614,-1.1048632876578646,-1.4434437669346463,0.41917797143845675,0.0311701912432909,40.47324284701608,39.934619893087074,0.533715587342158,39.400904305744916,0.28867006208747625,42.26394310778709,30.687139786429224,37.14423286580412,24.521034279710506,11582.40419023519,1135.1742116877463,1720.0641833307775,1292.1327475957803,52.88405687976929
519,720,80.68366208193986,-3.199354371217876,-1.049927087233507,-1.6126665871811543,0.5321195827113562,,39.7008885871619,39.45852104597725,0.53163250698708,38.92688853899017,0.0,42.263774895552025,30.4104560960438,33.21724434157304,22.86470077814883,11582.58548110506,1423.997238466939,2185.2356780925934,1290.3186576525861,92.32607081809385
520,720,61.51619530417949,-4.117275353223965,-1.9498182153181507,-1.6059004920639077,0.5565711636376902,-0.03615531325340271,40.79826360591687,40.320522122085094,0.5313587132841349,39.78916340880096,0.2377507141791284,42.26361776653269,26.484963544943653,35.78175294164672,26.130024411384667,11582.399999999921,1501.5092437237643,2283.2252983373546,1252.4686434531816,16.321128696407133
521,720,80.89769889203853,-3.8796520497917775,-1.4726549190104001,-1.8766641015416778,0.5260091764244781,,40.14423858188093,39.89023503800854,0.5321445541922003,39.35809048381634,0.0,42.26272564544263,28.4116194759276,31.791022194353523,19.09792477192096,11584.470073364377,1423.1897674641998,2160.9106339214177,1278.953093437676,150.3641496013591
522,720,79.43828088726623,-5.130503672108926,-1.9852149049211043,-2.626623259498683,0.5144274846115338,-0.10388099402189255,44.761353676905856,44.21115610515699,0.5315030601341277,43.67965304502286,0.288290421012789,42.26364439826077,26.305202538871583,35.321496377352545,14.002475834707557,11596.116756102132,1425.7138169563327,2114.1978422190805,1280.4370624914447,61.19797012844451
523,64,0.0,-17.632768320391758,-0.34770819105344686,-0.8009198940930804,0.0587994371277933,,10.407329549081624,10.12392614595592,0.048662998247891665,10.075263147708029,0.0,11.229413472934812,1.7100046416523988,30.95310125005678,0.0,1037.4856682206212,186.0487881620788,239.14088036147166,83.72154851318048,164.5502758234478
524,720,75.56220615764593,-4.123764108399199,-1.8200650085108698,-1.7696512462804463,0.529661419305979,,43.2580211982131,42.98672808101401,0.5309602685738355,42.45576781244017,0.0,42.263720676043846,26.601814610463993,35.41960084601647,20.687760215176276,11583.130259947064,1436.0546022034496,2175.2489375700256,1248.2236501575535,91.29404966875899
525,720,79.85856195185009,-3.052168583928459,-1.0613402810757722,-1.5272248350784527,0.4593058699052927,0.07567013800144196,41.35873185400851,40.81431238097139,0.5289704506285489,40.28534193034284,0.295059947995469,42.263937409730644,31.130213026096616,35.06500378702644,21.419597595364376,11582.745577574602,1238.3841688363696,1888.6450493443374,1302.8925470537945,105.96730890659755
526,720,79.5792604079562,-3.5392000143006395,-1.511171640157195,-1.5027971441077579,0.5210804675271259,,40.28335363487713,40.01776237413287,0.5300106396898627,39.48775173444301,0.0,42.26389548998965,28.757955391290437,38.08885349893478,24.38274868976545,11582.403418298954,1414.4176146233353,2143.855729345213,1314.580620421013,121.61186247355569
