episode,steps,final_battery,total_reward,total_directional_reward,total_battery_reward,total_movement_penalty,loss,episode_time,rollout_time,inference_time,env_time,update_time,peak_solar_w,mean_solar_w,start_battery,min_battery,idle_mAh,motion_mAh,path_m,turn_integral,net_displacement_m
1,76,0.0,-60.80775973232042,3.3792413290907204,-63.94674826443443,0.21666700630893684,,24.35911709489301,24.106299813836813,0.2011673911474645,23.90513242268935,0.0,14.415829738490219,2.350190720980842,31.973374132217224,0.0,1231.745350809203,135.03112664323453,167.49844518473347,143.63297129159568,36.051759581149305
2,114,0.0,-57.42110784261078,9.87380286894339,-66.8433851744661,0.4087522553389714,,37.83362064184621,37.022351087071,0.264648986980319,36.75770210009068,0.0,18.735194337771443,5.584121531567309,33.421692587233046,0.0,1845.9462861413997,204.96886151500212,255.66350087094943,189.78641268154053,37.12104214791792
3,720,70.94066863416417,225.2887638223342,163.4663913503667,66.85304853662468,4.714641331462669,,124.02899986319244,123.29226773884147,1.6633808817714453,121.62888685707003,0.0,42.26388746061031,21.417902098799512,37.51414436585183,16.879601500079946,11587.807561592368,1229.1989375747282,1766.1810987587592,1349.6872436982333,118.98647374249862
4,95,0.0,-58.331518053251486,7.844718200618971,-65.79603481100551,0.34182104934402463,,34.17850817879662,33.331697284244,0.22124533029273152,33.11045195395127,0.0,18.81278923455465,4.539372409772378,32.898017405502756,0.0,1537.6423350496398,174.49033658130892,217.85356814800522,180.54655124658248,8.072393915929151
5,66,0.0,-61.30205241927381,1.7774715150103464,-62.85746863289144,0.193301635770811,,24.330371832009405,23.539667199831456,0.15307144913822412,23.386595750693232,0.0,12.714629708930417,1.2296680464652943,31.428734316445716,0.0,1069.89751150069,129.6213294864784,161.81377007869636,127.57958190093899,13.7761952189235
6,117,0.0,-58.031407571157416,11.692121613345162,-69.1883098877176,0.48639901258160717,,43.097403993830085,42.28806885005906,0.2709904611110687,42.01707838894799,0.0,26.288474285588197,5.883509114036364,34.59415494385879,0.0,1889.9636102532459,230.99399764968769,289.89264271865625,211.83841358428694,34.05350017529894
7,79,0.0,-60.28827541147001,3.200074746166641,-63.22276597743908,0.232964938093436,,35.6227171998471,34.67983825597912,0.18395343143492937,34.49588482454419,0.0,9.117243341406608,2.5375287180588266,31.611382988719544,0.0,1283.3706860644486,148.29103697497715,184.5438688392157,154.03596220740812,34.049694069329455
8,95,0.0,-69.29558138516875,4.698972545501603,-73.65391080203436,0.3030004785117777,,32.72548651508987,31.949811572674662,0.21922395285218954,31.730587619822472,0.0,18.225064225727195,2.6483415526342804,36.82695540101719,0.0,1540.1424636702227,178.51357376942224,225.09638747703173,172.78805152968067,19.280194592462642
9,88,0.0,-75.8584494888104,1.4954544077813243,-77.07828638293083,0.2404341097655146,1.8765068054199219,39.57714205980301,38.03648597607389,0.20320831006392837,37.83327766600996,0.6553942849859595,8.43914065692405,1.0496487389271285,38.53914319146541,0.0,1423.9717023609535,169.06720749747467,214.0561168549262,160.96137633426784,16.05570954513609
10,720,40.15473165047367,129.71869065034534,123.12950548337535,10.915353872517798,4.017253648030546,,39.5483249113895,39.31049392092973,0.5336891007609665,38.77680482016876,0.0,40.81766113658825,16.01611966245503,34.69705471421477,25.541249463162043,11582.399999999907,1292.6554858315553,1784.2680231482773,1294.1337706643008,95.21053738448988
11,720,58.33105089225414,183.7198848172837,138.10166392772993,50.395090579514886,4.4529983911611595,1.6913002729415894,42.13648536987603,41.61622892413288,0.535427083261311,41.08080184087157,0.257388049736619,40.1787293334459,18.292395076277497,33.13350560249669,12.042239464709652,11602.22876761558,1299.7328954968332,1844.7280926468727,1294.3306173641672,181.6934197049528
12,111,0.0,-55.22299248552285,10.841796206431896,-65.54016997791243,0.47472670366707126,,10.993714224081486,10.76631366694346,0.08338121604174376,10.682932450901717,0.0,17.0405577209539,6.449045438738442,32.77008498895622,0.0,1805.3273068308936,223.03344069723744,277.94107204728897,213.2562901714786,51.403103885392774
13,720,46.90473908237168,147.81865860031965,129.52560565267532,22.739664608040357,4.140479874817534,,37.68285845592618,37.44665306992829,0.5329435099847615,36.91370955994353,0.0,42.26360254826353,17.35232907835126,35.534906778351484,10.439659359045272,11617.413671254377,1279.6889338695494,1766.3195691126919,1311.1296371456694,137.10259501092875
14,720,53.72606775358082,164.3137519483841,128.31200630798352,40.598539158605945,4.280464587110424,1.7358156442642212,44.46367113990709,43.90306648705155,0.5318830935284495,43.3711833935231,0.2855046899057925,41.84477855755653,17.19858124456568,33.42679817427785,19.2178820479793,11585.03380322911,1307.1437075714928,1830.0289315577663,1332.9872754615478,202.8323046344146
15,81,0.0,-60.659994798134306,4.002291432346796,-64.37019067622778,0.2610173624794714,,8.8490099911578,8.610227813012898,0.06120311748236418,8.549024695530534,0.0,22.408323350615778,3.0668383539214332,32.18509533811389,0.0,1313.3045996163878,153.4401307986796,191.21440578797166,149.31761721246858,53.56791641506894
16,720,57.78753518201736,165.0805598065667,132.4444307267717,37.19584448189157,4.244367943475912,,44.50641776993871,44.25619119498879,0.5321749304421246,43.72401626454666,0.0,42.211261691323834,18.130108526327213,39.18961294107158,8.451374894594654,11609.855806599282,1271.8355826434326,1784.0539102026346,1328.5228355843008,110.17130605296197
17,110,0.0,-62.378120512556634,8.871290384332399,-70.74571914459088,0.45349894877299796,,10.349916305858642,10.088087304029614,0.0821693791076541,10.00591792492196,0.0,17.845894928462897,5.149865680148721,35.37285957229545,0.0,1783.1925958231009,224.51274070958544,281.4757181457317,201.21172399477123,50.06505610945441
18,720,13.513198837305481,52.873718733831375,107.2164933667898,-50.32826687686883,3.714877137847662,1.5197333097457886,46.52677782298997,45.99227591184899,0.5329719549044967,45.459303956944495,0.287266215775162,42.26377003858453,14.28595297069323,38.677332275739886,10.69820724554912,11603.59341793408,1305.7528994745744,1771.117874387004,1369.021089574937,142.25522628289932
19,720,58.218880855138856,177.67784565451865,142.8804035200177,39.707703516865436,4.597251367840122,,43.673274766653776,43.417619806248695,0.5307973599992692,42.886822446249425,0.0,42.261553198193184,19.89549320460264,38.36502909670613,8.699568327131276,11609.14995844214,1267.7154058904964,1819.0122781934826,1294.9887546279308,84.78475338269064
20,82,0.0,-74.68496742705321,0.9821270670827935,-75.42390844085526,0.20727063028705672,,10.238781977910548,9.964761841110885,0.06126034166663885,9.903501499444246,0.0,18.02776945588161,0.7929793417022619,37.71195422042762,0.0,1326.9789653243486,148.4867490561483,185.83251100520346,183.06949388951784,31.096598729169138
21,76,0.0,-63.34677484399451,2.8558591939737736,-65.91113529825705,0.2566006563234199,,9.172923960722983,8.920772453770041,0.05689855059608817,8.863873903173953,0.0,19.35626305482627,2.2359897180223047,32.955567649128525,0.0,1233.0965449041178,161.45926516911015,203.73343097910427,124.38030454528486,63.566370483918064
22,160,0.0,-47.4406446109472,19.221973399557818,-65.76587636309627,0.8177169766677106,,14.724090859759599,14.47636577161029,0.11858003353700042,14.35778573807329,0.0,33.59307024833016,8.879832227617431,32.88293818154813,0.0,2593.373934617529,334.9590876378737,419.47832292865536,317.6149166996898,55.517965594425455
23,65,0.0,-59.05473870423369,1.6170348791020333,-60.43928305914254,0.20264498484503696,,8.653192207682878,8.400731696747243,0.048896556720137596,8.351835140027106,0.0,8.112119180503612,1.338331153697939,30.219641529571263,0.0,1054.442363269428,139.42331465523344,175.08197448851743,116.20405456432299,44.72089698225385
24,95,0.0,-69.1479592388457,4.764266318536089,-73.57877742143772,0.29813115555664566,,9.920135613996536,9.676465434022248,0.07111124834045768,9.60535418568179,0.0,16.65273208804805,2.8792019575688115,36.78938871071885,0.0,1538.1800270707645,177.26240728892913,221.63979204265584,178.92850973176112,85.44843633442694
25,85,0.0,-70.68757344430271,2.35724138865466,-72.79500618621513,0.22095790058276976,,10.380463608074933,10.122026592027396,0.06381970224902034,10.058206889778376,0.0,6.627958561152122,1.4323496117436267,36.397503093107574,0.0,1376.2364015971145,151.61327797380252,189.92489806366282,152.79013861618722,84.3078865807918
26,720,61.45051709322451,178.7289641798874,135.66905351596426,47.46020418174494,4.110684708582981,1.2597756385803223,41.70690539199859,41.0968902297318,0.534622616134584,40.562267613597214,0.3279597219079733,42.263366609675394,18.091790504386648,37.72041500235204,14.736887088099532,11596.180849621469,1204.5381768863508,1684.6313412877098,1371.9911751325867,61.25260470043756
27,102,0.0,-75.29793673041152,4.329880482843279,-79.2916343239587,0.29642448587787,,10.11102110799402,9.868638806976378,0.07602280238643289,9.792616004589945,0.0,10.871713490743783,2.471377602182463,39.645817161979345,0.0,1651.4230621985228,183.89208003495304,230.63564366188334,194.93884309420517,28.869394749900515
28,98,0.0,-76.61082694774078,2.8535085503137716,-79.17164429403554,0.25779399234201394,,10.655892737209797,10.413105451036245,0.0733197066001594,10.339785744436085,0.0,5.366810583226002,1.682224358401727,39.585822147017765,0.0,1585.988129145674,173.45560302916257,217.52016550544252,181.65435782751888,20.35817198126193
29,92,0.0,-65.41122451627541,5.3023825849898945,-70.34012105875043,0.33194924503889034,,10.543700001202524,10.281809420790523,0.06849772809073329,10.21331169269979,0.0,10.101868770308721,3.3913451809637114,35.17006052937521,0.0,1490.5460681151135,187.78167489796758,236.73126701288783,177.32270873381452,43.27921686263338
30,720,25.17610964189657,96.96782149172388,119.05601731556649,-17.902345326319313,3.8627697238539307,,45.69261182285845,45.45555876987055,0.5309921968728304,44.92456657299772,0.0,42.26375747014444,16.00011476289238,34.12728230505623,18.91049806560929,11583.69687120073,1246.3443440950625,1758.1728708608293,1379.6579243832064,98.71983430315082
31,82,0.0,-67.16698250130173,2.855362766036376,-69.71760478948684,0.2659028022071726,,8.576164128258824,8.328464948106557,0.06176329264417291,8.266701655462384,0.0,12.511464899894417,1.9220973787445788,34.858802394743414,0.0,1327.7098834932497,172.12175322991533,215.985688232295,162.26039843164506,45.861382841778266
32,69,0.0,-67.93364001826913,0.17495933280576056,-67.93038333244589,0.15202900883389903,,9.626721180975437,9.355837027076632,0.0521212718449533,9.303715755231678,0.0,2.0080172711547086,0.11233955623585697,33.96519166622294,0.0,1117.284702932207,123.72241876157534,154.38380406148602,134.77620834777272,19.653294517591362
33,83,0.0,-67.0032060266109,2.6248352604540006,-69.38029837473854,0.21540805823746834,,12.450616144109517,12.157678364776075,0.0626674578525126,12.095010906923562,0.0,10.349858798379831,2.0261011483617533,34.69014918736928,0.0,1346.430822112858,148.09456334016707,184.43600348130272,158.59374933419264,15.292507483377284
34,74,0.0,-66.36329351853081,1.5309416882524571,-67.67069875360667,0.1938487716798105,,9.109577739145607,8.856129186693579,0.05597809562459588,8.800151091068983,0.0,5.851089808478675,1.235610596069197,33.83534937680334,0.0,1198.722042728774,139.59655795973046,174.81144951733285,150.8184643790756,18.119029979767376
35,720,58.81018513266777,184.16630125731376,134.14862356872422,54.26842929581238,3.9712684483098197,1.104138731956482,45.00416503800079,44.4006891110912,0.5337535976432264,43.86693551344797,0.3286371040157974,41.85165151891233,17.650455139973094,31.675970484761574,10.037727748011664,11610.27866683846,1211.5522023198616,1673.965176323864,1298.2074839148793,138.75410515122277
36,83,0.0,-67.91416769907677,3.037571240586598,-70.63037311549738,0.27969937608112644,,11.622856844216585,11.344790673814714,0.0625350046902895,11.282255669124424,0.0,17.394404444178424,2.3463646889860597,35.31518655774868,0.0,1345.6656463623574,179.30345746830167,226.25361124944777,151.50299784734688,11.306989524640658
37,720,55.59777688978759,181.91548598484778,140.40580878517466,46.11228505332954,4.282262494826828,,41.07315528113395,40.85023924242705,0.5298809860832989,40.32035825634375,0.0,40.88100491400256,18.519353777281953,32.54163436312282,16.481885529236393,11590.078027382599,1234.616625821826,1755.235144729973,1327.775191545128,46.34264226770826
38,720,59.388038321977575,176.53870463467675,139.64701501744153,41.667549768778485,4.454948969477603,1.0800144672393799,44.8594767851755,44.32640521414578,0.5299693620763719,43.79643585206941,0.259975363034755,42.17193971898323,19.1788671910859,38.55426343758832,11.939432333273976,11604.158671861733,1283.3239477598725,1817.6155984768986,1349.4122043403943,216.30542153717957
39,90,0.0,-64.45720600951452,5.477638072052607,-69.56808660970758,0.3271106261144063,,10.25441401079297,9.997479296289384,0.06772159272804856,9.929757703561336,0.0,29.052255951276567,3.799556681795382,34.78404330485379,0.0,1459.6091639067417,181.71219979116543,226.24249281227932,185.022612299325,26.017942188059077
40,720,51.946807156764784,166.46010689962662,146.23572452730699,24.844989263687822,4.29690479087482,,38.99633592227474,38.72900934331119,0.5323740602470934,38.1966352830641,0.0,42.16110829744948,19.6166151454906,39.52431252492087,28.68052978875172,11582.39999999992,1198.540791837291,1733.2347893187887,1363.6381109908539,101.52320848672491
41,720,71.71074594082997,218.77033412602262,158.89764615699866,64.9537002084083,4.766213176801311,0.9325062036514282,35.64414790412411,35.155716204084456,0.545565471984446,34.61015073210001,0.2563788779079914,42.26359250767386,20.630340447578607,39.23389583662581,24.948454962727492,11582.400006113787,1220.9453953876534,1791.409914592011,1314.3540439124326,113.50579426109836
42,720,46.51097122433789,161.6708810859702,145.9398527829881,20.672741936418248,4.61524832756932,,39.29592667194083,39.066119249910116,0.531243737321347,38.53487551258877,0.0,42.263535779986675,20.028118836466867,36.17460025612876,22.2581906519455,11582.594704935382,1257.7733874286896,1824.7029435256882,1312.105983212865,192.84641766992115
43,720,61.1009392441491,188.42855551724705,139.76259143497856,53.265641557303724,4.270478685119467,0.9258636832237244,39.26832044497132,38.7679651346989,0.5323719629086554,38.23559317179024,0.2521165478974581,42.255104440795414,18.633251342524837,34.46811846549724,16.279473241694248,11590.68310228463,1258.081305888204,1771.7647582336256,1355.2326090480306,53.09525326029701
44,720,65.51201557759462,212.4843290256781,150.87646091570934,66.49994694510391,4.589236647143662,,39.50422317907214,39.24374879524112,0.533166372217238,38.71058242302388,0.0,42.134010004953154,20.03038744805757,32.26204210504268,12.837001642951677,11604.949179428704,1262.1644612371726,1793.075492832518,1332.4290460245134,142.74221436203842
45,80,0.0,-64.45041414313016,3.085871573904977,-67.23948227345275,0.2631346319112756,,10.900771082844585,10.637061154935509,0.06041912082582712,10.576642034109682,0.0,23.605096398439898,2.5036349123410417,33.61974113672638,0.0,1299.6705818987996,156.93833259231855,195.87891468237495,143.45393460361427,48.67254486826944
46,720,68.27839376114045,223.98420934746287,170.58070077542945,58.417647443647155,4.6781243312717,0.8393934369087219,40.78137795906514,40.272346378304064,0.533680222928524,39.73866615537554,0.259921845048666,42.1911165810011,23.117240593507216,39.06957003931687,12.491026095574934,11602.029672601224,1214.4661241639997,1742.409679194212,1355.6911901879446,224.83384939661337
47,720,65.79109405037711,202.90776043849402,148.73112532835285,59.3768797559963,4.859186525615987,,39.027305259834975,38.78349023498595,0.5330627304501832,38.250427504535764,0.0,42.26331542794647,20.263586457663088,36.10265417237897,14.47516097091317,11593.59215012644,1323.5233288396846,1877.753873886003,1347.4900813529557,267.2111814267298
48,135,0.0,-64.57611513296213,12.363399407397006,-76.34544424013639,0.5356420030914012,,13.28729570331052,13.034445630852133,0.10072517255321145,12.933720458298922,0.0,24.288101583179465,6.164214539015516,38.172722120068194,0.0,2189.013957844756,259.4680475481384,326.4061495618922,249.52033691649086,40.06051345694426
49,77,0.0,-71.15597606225548,0.8995120301056065,-71.83513061377043,0.1937855093555651,,8.389549855142832,8.151628588326275,0.057936062570661306,8.093692525755614,0.0,3.651227430905013,0.6074887084275082,35.917565306885216,0.0,1246.564011987225,144.99510438685945,182.58693710246803,129.3548442077627,37.204776829626745
50,720,59.016936492788005,197.2922537987578,153.14693669332067,49.00123222829855,4.551664147260283,0.7276365756988525,42.2033591712825,41.64716303674504,0.5322502790950239,41.11491275765002,0.2899289056658745,42.263661734414136,20.110270660282474,34.51632037863873,22.845344484498582,11582.511047743263,1211.5430485759998,1759.0023912054407,1320.5674857551282,169.84896265002442
51,79,0.0,-66.62430922974393,2.5284016834809107,-68.8827541893392,0.2381634384377487,,10.005994798615575,9.741263416130096,0.05985941272228956,9.681404003407806,0.0,16.226285973940502,1.9562643560303357,34.44137709466958,0.0,1281.9744942093212,156.18321885918405,195.9464163184108,146.8875191593595,40.223197336373694
52,76,0.0,-66.85744969174927,1.62890285586128,-68.23611500823199,0.21818070268752485,,9.125162716954947,8.878524350002408,0.057179773692041636,8.821344576310366,0.0,9.472606802479863,1.2156884371841563,34.11805750411599,0.0,1231.456309252667,151.70924783136215,190.04466401383777,135.67367138023306,35.6299647996947
53,93,0.0,-63.37575615159699,5.449417918281511,-68.42007773667585,0.35412488694473615,,10.505337019916624,10.25881804479286,0.06947994185611606,10.189338102936745,0.0,19.656916218321708,3.6875960677559174,34.210038868337925,0.0,1509.7120147494695,196.80968862493444,246.76359390013928,184.22726723382158,44.202319560107924
54,78,0.0,-70.77080263546493,1.4445175873962128,-71.96066227711184,0.21557782776651152,,10.178272076882422,9.927349511999637,0.05853259516879916,9.868816916830838,0.0,7.138526190528865,0.8303817090097715,35.98033113855592,0.0,1262.47215007963,151.9488019615969,192.15106711030987,150.26014217167935,38.684964349163174
55,97,0.0,-75.80046327785212,3.216800828578549,-78.6709532008608,0.2990437303447485,,10.46190756186843,10.20633562002331,0.07296352041885257,10.133372099604458,0.0,11.253722157752645,2.1449682272135187,39.3354766004304,0.0,1568.6170734904902,194.05203125326682,246.31378360389715,181.4289828892983,19.747929619859512
56,720,62.84055864612661,188.2108657559079,141.0358375381822,51.600307567003455,4.120837866671694,,40.342066603247076,40.08351020794362,0.5320571740157902,39.55145303392783,0.0,42.26319978286245,18.335158965835223,37.04040486262488,22.762009683952115,11582.513776157228,1199.4827040042758,1702.4584335421268,1303.8222565874166,197.51434993649713
57,63,0.0,-58.95576911880367,1.6028632851532105,-60.357705575740724,0.1752582400937929,,9.024114104919136,8.753618291113526,0.048032124526798725,8.705586166586727,0.0,4.108066235003621,1.3617622697777747,30.17885278787037,0.0,1021.2992010904829,123.23111603622341,153.53303075929404,115.43855812826348,17.979386677948977
58,720,75.69258059403406,215.19404389839298,145.23143217388488,74.78949138919384,4.510794514900434,0.52908855676651,34.634816229809076,34.08320768363774,0.5331076546572149,33.55010002898052,0.3233573418110609,41.99297175968768,18.353859634488252,38.297834899437134,16.102692217684584,11591.243712604528,1315.5125642065188,1805.0944433556942,1341.950360331594,340.31170490612914
59,720,49.308912825521055,177.48276275443507,145.44885972514288,37.16562027611336,4.803508027233451,,40.180474950000644,39.908089357893914,0.5341307106427848,39.37395864725113,0.0,42.26349783331054,19.534426976393526,30.72610268746438,22.709032656719618,11582.56665951638,1283.3472865525107,1847.6032723314042,1297.0554940136087,215.43738640200138
60,720,66.1740291177269,197.1107477341443,143.3619880520179,58.58174404193619,4.503746756196965,0.4868701696395874,35.86654034908861,35.385922755114734,0.5319779627025127,34.85394479241222,0.2516812589019537,42.17517662474818,18.53908000342944,36.883157096758815,15.234347830768327,11590.009772916792,1320.6150730438196,1827.7955183550991,1329.6736312437836,198.82680896429778
61,720,53.74743086557993,183.35234516913818,152.6919350312485,35.74959981515319,4.766070112336363,,44.873634070158005,44.632619375828654,0.5331977405585349,44.09942163527012,0.0,42.261415020349446,21.17280180785447,35.872630958003334,22.03845298031672,11582.613277218312,1237.8600255441559,1814.7809469212327,1329.4742973195468,198.8555961384078
62,720,73.04084303767813,227.19307529812508,164.97102822440846,67.70292389944018,5.120350956671536,0.5297141075134277,42.89757783198729,42.37541060009971,0.5325752822682261,41.84283531783149,0.2510032379068434,42.25585501042351,22.332556159699948,39.18938108795804,10.9973330644447,11602.04050831542,1294.9381639232897,1871.1012819655243,1362.0074472598965,207.66239575643905
63,125,0.0,-65.76499130231807,9.7494453673185,-75.0044232287905,0.45752403427836075,,11.70624918723479,11.45773120271042,0.09338764939457178,11.364343553315848,0.0,24.291499329359187,5.372401162128227,37.50221161439525,0.0,2022.4992674061182,230.75676574933303,289.44495197893855,235.9211323389147,41.75761679199397
64,75,0.0,-57.68238528873182,4.044017838227058,-61.42416958709377,0.2704763650665652,,8.808957766275853,8.562197125982493,0.05629046633839607,8.505906659644097,0.0,16.083115025494607,3.02184540791369,30.712084793546886,0.0,1216.9309077680382,155.16926857353408,195.57362196853603,117.29065307951284,47.663954684533266
65,720,60.595066967935985,200.29803293054925,159.21292607056327,45.96735645827606,4.568266295129478,,44.311378507874906,44.070857488550246,0.5318263494409621,43.539031139109284,0.0,41.04532335708776,21.236043631148814,37.611388738797956,22.021244251596844,11582.638871351865,1158.242972723956,1710.9631704249305,1318.5392078274467,117.07717317930974
66,137,0.0,-49.078085981678754,15.404366181748518,-63.79437871561515,0.6274787504925536,,12.231621383223683,11.990881158038974,0.10194245958700776,11.888938698451966,0.0,26.650122416770643,8.006852857320473,31.897189357807576,0.0,2217.330886269213,279.62826626908515,349.8810259363927,250.9768243149502,52.1804009018179
67,174,0.0,-59.85341558997693,19.22395892525433,-78.15789007005152,0.8347018569288585,,13.56300425203517,13.322286250069737,0.12920896615833044,13.193077283911407,0.0,28.478521900659995,8.003624650961784,39.07894503502579,0.0,2825.6133044031753,359.71240942991113,450.38083986855537,337.6902349142947,45.60070641758617
68,720,55.603769240092035,177.78138437750007,132.6491041126744,50.0349282215943,4.538226889418923,0.4653282165527344,46.09104297682643,45.508137004915625,0.5318193468265235,44.9763176580891,0.3284443751908839,41.76575699664475,18.108864868769626,30.58630512929489,13.462989645675602,11596.54462060449,1333.7317904572335,1881.7931070579348,1343.3961280466456,197.49781269367392
69,177,0.0,-48.064156990095796,21.7045281804447,-68.72418747368908,0.9630319548107444,,14.870924415066838,14.608698423951864,0.13187827868387103,14.476820145267993,0.0,28.749119228073432,9.35039235780303,34.36209373684454,0.0,2872.0786194924185,385.5572297876997,486.77406822703074,303.93643128425845,58.765051554668645
70,69,0.0,-64.96491607642568,1.0907730075813642,-65.81843264717412,0.19990007798252943,,10.091507679317147,9.85769444797188,0.05250249709933996,9.80519195087254,0.0,8.670862567728722,0.6859523461696027,32.90921632358707,0.0,1118.2233299185248,142.9654761997631,179.48656572516396,143.30276463765102,22.84135517914938
71,720,64.22827005082685,222.75698801813923,172.91852459415338,54.94492400461519,4.793203421682928,,40.65485685225576,40.4095132118091,0.5353217381052673,39.87419147370383,0.0,42.26346371563724,23.24285830607475,36.755808048519256,19.12546734098732,11584.443251830686,1189.641303916785,1735.6452350539896,1312.8720181589315,50.213841378566784
72,71,0.0,-59.27946782807976,2.8727102799225093,-61.869129573067866,0.24992985416531832,,8.931399066001177,8.676571515388787,0.054883798584342,8.621687716804445,0.0,10.984723054315303,2.381273735325482,30.93456478653393,0.0,1152.7331452779365,149.13140088251876,186.59398012505284,129.14055796728942,32.025153811659436
73,720,54.46542172061045,170.00253045490092,137.90501733682106,37.0061937775246,4.56224729169941,0.5456369519233704,42.06148318806663,41.5048066820018,0.5367795978672802,40.96802708413452,0.29043321730569005,42.263358570174056,19.133075300978987,35.96232483184815,15.488562942924181,11591.373056571247,1291.8993970165243,1825.9980801802444,1329.4012109784662,124.4148485180306
74,720,57.50873261004471,205.75602508248542,174.8685317782711,35.61207215081316,4.407406656232425,,41.85471440665424,41.62141481786966,0.5322180460207164,41.08919677184895,0.0,42.22749014714762,23.18156050562225,39.70269653463813,33.58455814333171,11582.3999999999,1077.1584756258692,1610.0967260871041,1343.3680663873802,118.66523126467472
75,720,67.96831714528052,227.3047364847731,160.79820104414065,71.61932628150058,4.790923805029878,0.32102230191230774,42.56886971509084,42.0612485781312,0.5313984695822,41.529850108549,0.2518158541060984,42.26373321237594,21.024306911470994,32.158654004530234,23.303339349583467,11582.4727224981,1236.9512914618292,1818.09286157758,1326.8919459849433,174.603950848013
76,165,0.0,-58.866139835698334,17.372687252979944,-75.42750303050576,0.7448053494046588,,15.759978754911572,15.500262031331658,0.12375425454229116,15.376507776789367,0.0,27.92680398395929,7.719804455904494,37.713751515252895,0.0,2669.1071715907574,333.43348782213906,420.9113242234005,290.155920217673,43.44852202123519
77,149,0.0,-61.26380832415164,14.309742062433418,-74.77659331410112,0.7193902009132772,,15.757904833182693,15.490856953896582,0.11138698179274797,15.379469972103834,0.0,26.926552890453696,7.621296693701336,37.38829665705057,0.0,2424.2145049519645,332.5571749735757,416.40956864920076,269.5109985686813,85.26169692069583
78,720,67.24797240674623,235.64545062760962,167.26373435786184,73.87716896066462,5.166936075141365,,39.0070045911707,38.76648103026673,0.5356634221971035,38.23081760806963,0.0,42.263484961864265,22.561550161362906,30.309387926413912,12.82806698368315,11596.392034615528,1286.4690822048503,1881.5331097507124,1289.4729100402253,124.13299340434817
79,720,76.52832628187967,281.5078877171239,209.36349442044903,78.39494728286208,5.940653792412495,0.3990952670574188,41.7237762818113,41.18019588198513,0.5343806315213442,40.645815250463784,0.29079972207546234,42.263704473309886,28.09885852010312,37.33085264044863,26.131547682749982,11582.399999999947,1219.6131962028394,1851.7678225759726,1278.6465315497474,162.80644972992098
80,720,63.42593156390439,198.3764078255361,155.7116923170756,47.63729414885033,4.641274975029043,,42.16068947780877,41.905510496813804,0.5308709447272122,41.37463955208659,0.0,42.263630557743994,20.891231096004997,39.60728448947923,20.23800340114103,11583.151668418945,1245.204494351913,1803.4330619276452,1367.7671897017394,108.16243817651191
81,720,54.60546367607838,186.05773249884518,151.99780006688684,39.16448610187834,4.801380821054483,0.4770655333995819,45.09766789386049,44.57532797800377,0.5312206773087382,44.04410730069503,0.2569472989998758,42.21034731634344,20.883819854085704,35.02322062513921,14.198855212033369,11592.489599422863,1279.788974138677,1840.3456929380304,1272.1555882002028,224.6935530286826
82,177,0.0,-54.90400978315545,19.7948586081189,-73.69587179947835,0.9073215272104749,,15.188959972001612,14.936408020090312,0.1320314141921699,14.804376605898142,0.0,29.541627236121702,8.468898043798093,36.84793589973918,0.0,2865.4205512463814,392.30337129854007,496.081319122216,322.7426686246859,88.4030797221364
83,720,68.85772504280375,219.3579079522334,157.74513558534915,66.67768914539366,4.746635806612489,,39.47270214697346,39.22086940286681,0.5341784688644111,38.6866909340024,0.0,42.263759718718426,21.286268550856185,35.518880470106915,14.618355115980103,11600.467811440454,1264.1802462942103,1810.230572092625,1304.855305548915,221.1819182444823
84,114,0.0,-58.796086755070704,10.597981455366007,-68.85090739095071,0.492403942366569,,11.139154576230794,10.902390142902732,0.0868074637837708,10.815582679118961,0.0,25.669510953496296,5.833653917903188,34.425453695475355,0.0,1847.2979773984905,237.4579733905726,298.78298571130773,200.1352511161905,51.81758444009514
85,720,63.16847430488419,233.57592510995457,179.10482612974488,60.08722708559691,5.286152028439453,0.2254413515329361,42.99507906194776,42.48108211206272,0.5316025009378791,41.94947961112484,0.2924150172621012,42.25474224756003,24.107946762420305,33.12486076208574,27.49710033313637,11582.39999999993,1221.1104547381594,1826.008309974201,1335.8076474595741,98.42808514845103
86,720,78.28193834958088,254.19867474144152,180.48369038341937,79.6219847839258,5.568121465126424,,41.34842685703188,41.10214213700965,0.53347098082304,40.56867115618661,0.0,42.263509251827195,23.989625179383232,38.470945957617985,21.97934588545034,11582.582273212336,1271.1677612147907,1899.2298708068065,1299.0047651961913,232.05061629559788
87,720,86.30394114113916,272.28082528532747,180.47405661709968,97.54011726223183,5.403719053318357,0.21654978394508362,37.24939500493929,36.72577382484451,0.5330182034522295,36.19275562139228,0.2519113100133836,42.26083800799179,23.191517279636937,37.53388251002325,22.709481560426,11582.622674808275,1269.3450971915224,1858.4391212186467,1329.3616214651158,180.42076118606516
88,68,0.0,-59.45978549767871,2.738372517351504,-61.95303687631663,0.22244325009655824,,9.792560148052871,9.529640140011907,0.05227350676432252,9.477366633247584,0.0,14.151314217647116,2.0240701193759363,30.976518438158312,0.0,1102.8711858187462,137.0290455453782,172.09055666498762,105.22963137612382,55.06948598539254
89,720,62.17787438411436,198.52926195095992,149.27927141674195,54.24480307111503,4.670985804793324,,42.25700244307518,42.00311581324786,0.5350946108810604,41.4680212023668,0.0,42.263103644269265,20.01660533488772,35.05547284855686,14.456502155838793,11591.939517907425,1276.8531456258418,1845.3398535346328,1307.8347424683056,181.3030078457441
90,720,48.43151545657985,169.76937231831425,137.31385224919288,36.78871449119991,4.021388844738524,0.29132962226867676,43.157186517026275,42.66150797298178,0.5348091358318925,42.12669883714989,0.2556514642201364,42.262102933504146,18.13902890739876,30.037158210979896,17.457294111022577,11586.682216174613,1166.7070807601297,1640.1052069874088,1367.149984426465,24.775949480931377
91,720,72.50678483471948,237.5481583459268,170.43458819085149,72.35920901861698,4.887692931681776,,40.47901656711474,40.225597547832876,0.5461393049918115,39.679458242841065,0.0,42.08960878695898,22.933272658993484,36.32718032541099,19.82576637364641,11584.736556094338,1210.2758419971246,1774.1394500212218,1353.7944980790794,109.82589897821116
92,720,82.73845329880967,313.22992937122336,214.4035994118422,105.08686059601177,5.927183138314039,0.1762128621339798,43.15780981304124,42.63194178091362,0.5335061713121831,42.09843560960144,0.24899103213101625,42.26378488033674,28.68419191566556,30.195023000803783,11.492536223975398,11600.023600576056,1235.761979420179,1838.4062399259205,1292.2022869961384,38.36569047695686
93,167,0.0,-58.55481772816838,17.429189167235883,-75.12100827450959,0.7812616062376817,,14.200740461237729,13.947081543970853,0.12475081719458103,13.822330726776272,0.0,26.994115373325215,7.883362794689999,37.560504137254796,0.0,2701.6580825741466,354.8985994208321,449.15730597634973,296.5105754380226,91.63040322376642
94,720,67.02684667053566,227.69015574523357,163.62925046090666,69.26690006529034,4.875811725183284,,44.34798575984314,44.08196830423549,0.5331102246418595,43.54885807959363,0.0,42.247316437300114,21.839192778445696,32.393396637890504,13.562564038116284,11598.057792053114,1228.8940947452895,1812.95797784138,1355.2024727325954,212.49407624764007
95,720,80.70791078832919,261.3776243686903,176.65216331649955,90.59446017989266,5.539549916668703,0.30455538630485535,38.46250485489145,37.940540805924684,0.5327124167233706,37.40782838920131,0.280662361998111,41.980877606922526,23.29923474891376,35.410680698382855,23.909663808511855,11582.41570140893,1300.780363082422,1907.7922345465815,1281.3278243479517,117.11244364366792
96,720,66.2103645896811,205.72616541011698,152.24712037356142,58.68730481570424,4.864882809014772,,43.25727985613048,42.99095949623734,0.5323491441085935,42.458610352128744,0.0,42.263697085255394,20.658835655110224,36.86671218182899,19.97728778546528,11584.416764439633,1295.669114497448,1892.7418619392765,1351.5886078924807,103.31215771261199
97,105,0.0,-54.18292374814253,10.233611547823301,-63.914719021299106,0.45306802463871626,,10.739547497127205,10.482717910315841,0.0787981771863997,10.403919733129442,0.0,27.88680861656954,6.448788222637233,31.957359510649553,0.0,1709.3128368542327,214.69164614574046,267.28221463732274,200.52257140387007,79.81639776698314
98,112,0.0,-57.54238955494913,10.412538804915034,-67.35354651540456,0.5449470100862532,,13.138657986186445,12.861785773653537,0.08386103995144367,12.777924733702093,0.0,24.89424862333384,6.62309268689494,33.67677325770229,0.0,1825.8473304435074,253.72370815245563,317.7251112091936,205.13588794771468,36.01273742583017
99,720,72.80110296678382,218.35730045441503,147.2725143778958,75.90398028358283,4.499536180170643,0.16880077123641968,43.18303506541997,42.63450002903119,0.5321327578276396,42.10236727120355,0.2868556510657072,41.71526169316703,18.847577139774028,34.8491128249924,16.14513521189121,11591.332492958385,1297.8392750178978,1799.5518459754492,1331.2635072666505,112.61848012417346
100,720,75.18408325835343,254.33931122561773,185.1876513099498,74.7185427031006,5.218665275861186,,35.7238659649156,35.481582855805755,0.5347461109049618,34.94683674490079,0.0,41.95583007336503,23.989504367312794,37.82481190680313,32.21850691227627,11582.399999999936,1169.259655114036,1782.7598055225458,1319.47404563237,43.650581540743325
101,720,75.22217177165213,266.6961750883243,183.6377506029115,88.76619026046441,5.383234412741544,0.14111356437206268,42.543878715950996,42.03571160323918,0.5334317749366164,41.50227982830256,0.25145915895700455,42.191139888425454,24.63625965198978,30.83907664141991,19.209900992694543,11583.949028749139,1248.4483914708594,1852.3502776484556,1338.7647180215508,105.45997465118894
102,720,61.791339765835296,216.9663059135535,172.26813522733394,49.91302306159085,4.881233766606161,,41.52009239094332,41.25458377785981,0.5322950468398631,40.722288731019944,0.0,42.26242202919112,23.211957842022436,36.83482823503987,20.45709695646943,11583.034660173847,1215.8214396997423,1784.1811736688417,1359.4587656939595,16.350519148929667
103,75,0.0,-55.76018774305663,4.587632551976665,-60.01091351600299,0.30313214258458415,,8.163213207852095,7.923251668922603,0.05636571068316698,7.866885958239436,0.0,20.38909945529175,3.6836877167046107,30.005456758001486,0.0,1217.1545762607461,165.1000820412074,206.91372262485595,131.31659126451703,28.03139581541069
104,720,72.69341897552194,248.56574502696938,186.00896176171418,68.61345563285691,5.715426951691329,0.12898069620132446,41.0813785190694,40.58472957788035,0.5331632900051773,40.051566287875175,0.2552882758900523,42.263381037118535,25.186052855071637,38.38669115909348,25.71140819974312,11582.399999999965,1279.8046488696261,1927.0000010101621,1307.345099462126,135.42126818704992
105,720,71.02429323362142,262.1982413340197,203.69054512894226,64.6773609259753,5.8371004543798914,,42.6421435889788,42.39554751897231,0.5322343069128692,41.86331321205944,0.0,42.2558618587328,27.26938284636682,38.685612770633774,30.162251997744942,11582.399999999932,1218.75767657956,1862.0978078101464,1344.622284022769,155.3157829971765
106,720,72.99457732376256,235.18493123893268,164.43666037379603,76.0660533990428,4.996985953118641,0.17924745380878448,39.212050260044634,38.72142931306735,0.532150658313185,38.18927865475416,0.2506951941177249,42.26362338387998,21.818644553424367,34.961550624241156,18.27767274734232,11584.598586939703,1255.3493259278744,1838.1290276196694,1304.0541318634685,191.18320825792202
107,99,0.0,-63.41542315211625,6.096078214130401,-69.14228057566243,0.3318841802043805,,12.036952485796064,11.76647109305486,0.07450196472927928,11.691969128325582,0.0,18.552736937224527,4.580988487169035,34.571140287831206,0.0,1610.0543556312266,189.3365992042171,235.70341999022216,173.63469014767963,39.231661053047056
108,78,0.0,-59.660847042540425,4.124996152515539,-63.53211810533905,0.22813004531245223,,8.84983266564086,8.599883751012385,0.058799575082957745,8.541084175929427,0.0,15.36420227160429,2.7927045231810976,31.766059052669526,0.0,1266.1448786391431,138.573777031309,171.78889007288365,151.55798314720462,54.872378616327445
109,720,51.1275155362985,155.9014492563887,127.09429971825848,33.46545804987744,4.321905041610837,,43.579414600040764,43.329717583954334,0.5328017217107117,42.79691586224362,0.0,42.25705987521444,17.481616510598904,34.394786511359776,9.614826313030925,11613.818761168699,1334.388828154532,1852.72951611174,1320.089369145009,315.66245047175283
110,102,0.0,-68.1040688395625,6.250218468452026,-73.81187871719567,0.48161194074115277,,11.845274573192,11.603119728155434,0.07638499047607183,11.526734737679362,0.0,26.273648278336093,4.262720904749577,36.905939358597855,0.0,1655.5034545191886,251.5332769611861,319.86741764361676,171.94571895386886,70.1970064048076
111,97,0.0,-61.18031557051596,7.19035780086873,-67.99442228837054,0.3371369193640459,,11.316570315044373,11.047716331202537,0.0731410551816225,10.974575276020914,0.0,22.124910009060766,4.291045769479824,33.99721114418527,0.0,1573.0617080903805,179.09794311920683,224.28272919436614,172.86301514254873,75.3040455080279
112,720,74.7820936487168,244.44368204378267,166.38131246234505,83.48203256055588,5.077948510954595,0.06069657579064369,39.952251706738025,39.3945147539489,0.5333530260249972,38.8611617279239,0.3141667270101607,42.23204930931838,22.057921853808672,33.041077368438856,21.236867599240764,11583.109006187715,1269.4974268570188,1854.0517005405316,1330.824188639452,154.94657021276709
113,66,0.0,-61.46613432211805,1.3193413961266505,-62.574184260403726,0.18356944522208984,,7.660592868924141,7.421904820948839,0.049955859780311584,7.371948961168528,0.0,4.8482233781444,1.1685212541528593,31.287092130201856,0.0,1070.340242529848,130.85844972313416,164.3432827919598,118.03766683487613,23.187205643360794
114,720,61.422649129777184,186.30310333475722,145.18742345496705,45.94957273804195,4.493615405914589,,39.85830319207162,39.593043823726475,0.5349323330447078,39.05811149068177,0.0,42.17190403182843,19.64863361515546,38.44786276075621,22.654422262797684,11582.660417306124,1242.0596082692834,1797.0031150238806,1306.3712738953109,39.44737623832152
115,720,81.0098293307624,292.5871209395078,197.22948908788092,101.77184028748218,6.053880576854793,0.20426839590072632,40.866966932080686,40.429833298083395,0.5352670033462346,39.89456629473716,0.17569639533758163,42.263783660760005,26.722430685346414,30.12390918702132,14.130736353991704,11592.440053734175,1299.7234751022208,1946.097988191159,1307.747575884052,110.8166343678584
116,720,79.22058128861819,278.94026874848925,198.60341899726924,86.0278606816212,5.380210050670182,,45.007646329235286,44.803827891126275,0.5333175952546299,44.270510295871645,0.0,42.26364550006148,26.146038039365067,36.20665094780759,14.782611704086406,11589.413547051887,1200.8495797492444,1784.1960153616228,1352.8219045473224,83.73401727714574
117,87,0.0,-53.661831971601444,7.514296835675184,-60.79707959213423,0.34437799743684866,,11.33529451303184,11.06425713794306,0.06496596708893776,10.999291170854121,0.0,14.635915374921906,4.8101649438569085,30.39853979606713,0.0,1410.1934802310354,173.8190590535968,217.68306732726398,146.72173704328662,64.36678857626838
118,720,54.72183833843714,175.2029966831602,146.69532313747868,32.79734655646175,3.968084820981235,0.07471268624067307,40.48075247835368,39.96588524803519,0.5319397137500346,39.43394553428516,0.25602899491786957,42.0162382802111,18.91621916940933,38.323165060206264,20.835378591987997,11582.852636513375,1093.9099269034718,1596.0019485246996,1313.7910071431259,69.41245871196757
119,720,63.6426129188809,214.60733682719874,170.43058504922152,49.83001105620974,5.314239727577466,,42.274145264178514,42.04483206290752,0.5334331300109625,41.511398932896554,0.0,42.26352329286099,23.60310856047054,38.72760739077603,22.383606768729692,11582.48874050742,1261.1578054588347,1874.8890011028539,1344.9040073279778,191.89585759369737
120,119,0.0,-66.3663934322953,9.950510676751604,-75.78133486209421,0.4794806604975684,,11.393572635948658,11.157496539875865,0.08865412697196007,11.068842412903905,0.0,29.5836572588681,5.2016240961668645,37.890667431047106,0.0,1927.36385095762,235.50729758805045,297.2335702074231,227.2719346796439,14.300850363705432
121,720,74.3839327273108,276.65018561519577,198.13686105191965,84.6908130513952,5.828804129670905,0.038191623985767365,43.0572674931027,42.53109295992181,0.5313373366370797,41.99975562328473,0.2801963700912893,42.26362192380948,26.38949910982621,32.03852620161321,27.933914413668504,11582.399999999941,1254.7921639566337,1898.3491736987287,1324.5824295615425,93.77643895694872
122,110,0.0,-55.66114433632614,10.324733675495224,-65.4593859154764,0.4778379824382726,,13.326036390848458,13.058689325116575,0.08224816713482141,12.976441157981753,0.0,29.872020025408695,6.261122265362991,32.72969295773821,0.0,1791.8376393956955,223.0174670149317,279.5901238639889,189.71963867177195,82.13486701794619
123,720,71.55014618124095,247.59627519803172,181.5271966514742,71.84743652064738,5.436957089654357,,40.69347320171073,40.43269984796643,0.5308315153233707,39.90186833264306,0.0,42.263379900482626,24.160783281965067,35.62642792091726,21.238361132205082,11583.238060200152,1257.7556069941181,1890.1294250863707,1334.026352451632,202.64319552597553
124,74,0.0,-65.2267521764916,1.8501579680509592,-66.85001183258943,0.1984441402126846,,7.24812252400443,7.013617924414575,0.056292921770364046,6.957325002644211,0.0,7.218782232889293,1.3491808367259714,33.42500591629472,0.0,1199.3553181521413,134.23426713917286,169.6307476533087,131.28319627018504,45.10805059228178
125,720,62.02390248753565,197.5185067160154,154.2845030938922,48.42263356208426,4.854513406731435,0.08627627789974213,40.530360074248165,39.9996896632947,0.531274875625968,39.468414787668735,0.28525657299906015,42.25612669242175,21.159123157823686,37.812585706493515,10.937226850827624,11601.544324949202,1287.4265895208464,1884.606575545973,1313.410011496252,286.29934356483096
126,128,0.0,-45.13771158005286,16.209706559735704,-60.57192309871451,0.7110284997332474,,12.723786749877036,12.470690147951245,0.09590538730844855,12.374784760642797,0.0,23.949481640515323,8.559061752772676,30.28596154935725,0.0,2081.2718766273065,287.1123090918008,360.79975184525455,217.35685393252695,72.72737051558425
127,720,62.27679152847501,207.23787390561918,152.38188111010916,60.0708981012874,4.869962631715297,,40.00749584008008,39.77069085324183,0.5317415678873658,39.238949285354465,0.0,42.2639098493001,20.665235401774535,32.24134247783133,12.476352230374742,11598.345046053188,1308.967723716434,1871.2373099840147,1314.7288108452526,110.20608150320291
128,74,0.0,-61.146761045978494,3.272495176843032,-64.12060050811833,0.2611031012922447,,8.77197791915387,8.52015470713377,0.0562149565666914,8.463939750567079,0.0,17.438592409654472,2.3775341446240916,32.060300254059165,0.0,1199.308919478243,158.3180300246078,197.9309129133351,146.2523026643427,34.162984079722534
129,720,80.3186406874198,249.62502953989133,158.6211450529219,96.56118349697547,5.202708361385294,0.24792131781578064,37.604502206202596,37.116538451984525,0.5317598674446344,36.58477858453989,0.2913065291941166,42.20295642836799,20.538510046929655,32.038048938932064,17.25345227182449,11585.253744926418,1336.1704280855456,1944.132982830817,1302.8985949761848,263.38840966291366
130,720,66.778770729379,242.36392448579335,179.5560982761382,68.37526679300404,5.246651376579456,,42.81805330188945,42.54358982294798,0.532411549706012,42.01117827324197,0.0,42.23750079664091,24.341346017965314,32.59113733287698,16.31973443069085,11587.097457323896,1240.5196364898504,1821.601335725652,1341.820846181825,64.52354617652857
131,720,59.27436798838197,202.79011804866906,157.34966934188014,50.41560644183579,4.620206988154727,0.20028990507125854,45.337976831011474,44.84523223293945,0.5313076819293201,44.31392455101013,0.2501063388772309,42.24095310093461,21.343433221576007,34.06656476746407,19.18195565049032,11584.789484298928,1194.9950038874624,1744.3653803061486,1354.9063064276947,147.07776975506184
132,720,65.89404988633147,240.89192924265285,177.42988754452466,69.27063827916429,5.454358575048251,,35.42012399435043,35.20682708406821,0.5310210045427084,34.6758060795255,0.0,42.2636739512528,24.599654961658,31.258730746749325,20.68734752791845,11583.671817272301,1281.5750735663985,1899.7790513456268,1339.1634697423376,175.60630571476935
133,79,0.0,-61.25250629148188,4.08996851943911,-64.98986068698858,0.30671812353725614,,9.080399419181049,8.8407325129956,0.059086267836391926,8.781646245159209,0.0,14.766542829685674,2.9591031350665755,32.49493034349429,0.0,1279.7644010473512,177.68436814174396,225.47379326031418,149.94911899079045,69.91060606747045
134,720,61.01450002890305,229.12694612109857,173.07420102842357,61.441137991370354,5.060745402100416,0.1538112908601761,39.37090379092842,38.84921835362911,0.5334366783499718,38.31578167527914,0.25694780237972736,42.263007610284035,23.34162568449665,30.293931033217874,19.41509435231228,11584.057211238141,1224.344929180688,1797.1898300471246,1330.711605714279,140.90213470978094
135,720,71.92682810446203,221.27672568855897,150.5668687857888,76.01590041741366,4.949029411789501,,47.840300171636045,47.59877617424354,0.5328127280808985,47.06596344616264,0.0,42.17520192433731,20.6864226729138,33.91887789575521,8.6464151040103,11613.926785731503,1329.0778180686023,1914.608641772482,1329.9880505131707,99.76676048321012
136,720,77.21971446058453,262.7062306740555,181.829908987146,86.29159228006563,5.0995712252271845,0.1205233559012413,42.877337800338864,42.34926474187523,0.531505755148828,41.8177589867264,0.2498664096929133,42.26362578835331,24.274958690418863,34.07391832055174,12.102956489427777,11610.529496685796,1262.7077789999505,1802.3428681425187,1305.1785983481384,68.08670755895876
137,720,77.28376611404909,275.65201220552893,195.33484095859794,86.32014129020048,5.6653581097549335,,40.456489738076925,40.20188381616026,0.5326265054754913,39.66925731068477,0.0,42.26381975988229,26.085773179493785,34.123695468948846,21.81617340910444,11582.80185521404,1254.293705627802,1862.1510230896083,1315.3222382932777,194.3305584771153
138,115,0.0,-73.79377668931443,6.565187537713703,-79.91549473583335,0.3946791616432271,,12.671029342804104,12.399344438221306,0.08573886845260859,12.313605569768697,0.0,18.060603222112587,3.857635441161725,39.957747367916674,0.0,1865.1806551388447,230.70118146823185,291.6534549487315,205.97231129853208,69.52781179046
139,720,56.48703979428708,211.5161540757167,165.69868041382372,50.76617816283108,4.60945392251343,-0.11726099252700806,43.829383600037545,43.279007229954004,0.5317044630646706,42.747302766889334,0.27802887186408043,42.26385460684951,22.820140138969993,31.103950712871548,9.627984678458985,11607.737702704395,1187.7720563083553,1693.7267089563559,1338.4398192674748,159.9795066855555
140,720,42.6602282031355,161.89367331472022,143.64399743975738,23.234284051067817,4.662113779253657,,43.08433737885207,42.86442771088332,0.5314396033063531,42.332988107576966,0.0,42.26331317634406,19.46080234399479,31.043086177601598,16.23474200503835,11589.462555079439,1315.4061048027645,1879.417566182487,1290.8218272189952,285.858926784202
141,720,62.09113015589445,199.50425285162052,142.83500122225027,61.09983503979498,4.098119477748755,0.04394323378801346,39.46697213500738,38.97906485712156,0.5317434687167406,38.447321388404816,0.2507548909634352,42.257566098516655,18.243700162088025,31.541212635996953,11.718595911742135,11597.799735660737,1193.6409576217134,1657.5720105143635,1350.250849618332,46.42290367979758
142,720,67.7919835827463,240.12916896788641,177.62290927118698,68.25936998266674,5.385161943800487,,39.49562383815646,39.2440479863435,0.5340320630930364,38.71001592325047,0.0,42.26368491206667,24.555666913379717,33.66229859141293,16.3581558615188,11587.918329091786,1244.0807538578995,1852.338771693951,1393.4065575009604,154.10147198581294
143,720,74.09948770248825,281.1261053080903,209.23395009269646,77.65163512460643,5.431335824688061,0.10178343206644058,37.38715731725097,36.87842269893736,0.5317875165492296,36.34663518238813,0.2520035319030285,42.26362043878189,27.56627271666601,35.27367014018503,30.452135863647733,11582.399999999923,1135.794060149343,1723.123444615806,1304.037456325613,95.40386327097158
144,720,79.18245300840803,254.59607858925395,179.94445256607264,79.51121939973137,4.534657975429684,,39.93923871777952,39.70477510988712,0.5329335350543261,39.1718415748328,0.0,42.263506092458066,23.781111596994606,39.426843308542345,14.841544968073016,11591.888837814016,1098.7856232257875,1590.392769135241,1372.1574822305017,37.50303114611005
145,720,62.96689177541748,238.3978009299987,181.6611104769702,62.041511943699476,4.962458058327782,0.19371646642684937,43.79172555124387,43.30294397100806,0.5324543202295899,42.77048965077847,0.25168399419635534,42.263436127522425,24.576569566616122,31.946135803567742,22.01778078594668,11582.554254936766,1157.270516852629,1707.3631010759598,1378.9373606927315,80.26929708154421
146,720,71.92599716029949,229.1512363379223,168.86007833614818,65.33581616113754,4.705422845840569,,38.70800880109891,38.48258310742676,0.5320838098414242,37.95049929758534,0.0,42.26266610533243,21.924571808386325,39.258089079730716,27.14533841326737,11582.399999999905,1148.1668200833174,1698.3105049595351,1356.9590313396245,61.97779833047761
147,103,0.0,-75.71962917831097,4.314551973431978,-79.61821841639471,0.36897438688210965,,12.701087378896773,12.415757587179542,0.07709831651300192,12.33865927066654,0.0,19.537595071186374,2.8822271501833137,39.80910920819736,0.0,1667.2842519921232,220.14366798093323,280.3999775804617,180.26091258176785,74.19213386095223
148,79,0.0,-59.06863971034898,4.351266363648404,-63.066840392328125,0.319179393795659,,10.095023542642593,9.834136029239744,0.05954483384266496,9.774591195397079,0.0,16.728741164758286,3.899135081425526,31.53342019616405,0.0,1283.7209489074573,179.78598373569523,225.95583668028723,132.74230382543237,100.26008636433457
149,78,0.0,-58.45563631801559,5.098213090392051,-63.19088840468804,0.32540240995853853,,8.06488353991881,7.845377605874091,0.05807952117174864,7.787298084702343,0.0,20.378515840213392,3.1257276492385953,31.595444202344027,0.0,1262.3759386232996,167.72350082136282,211.98741128449274,128.1867005105333,63.5556911848093
150,104,0.0,-52.51461109348253,10.545878587572695,-62.58401970418973,0.43912663548385694,,11.015069336164743,10.758050288073719,0.0775107890367508,10.680539499036968,0.0,16.024344357579622,6.1296210534744295,31.292009852094864,0.0,1687.2450914238411,201.96921643929267,251.99630799959124,176.19840305485178,36.11003758274311
151,720,76.9660739362235,293.6720946201138,212.7082593043836,87.30837750719004,6.0097523889483515,0.17338606715202332,40.565160208847374,39.9846566747874,0.5312879146076739,39.45336876017973,0.31816162122413516,42.26367867969574,29.04678188536499,33.31188518262847,17.64897096461235,11586.75835481453,1234.9647923722323,1866.2563742420325,1320.043940139167,220.51780937371936
152,121,0.0,-64.50907243943588,10.021873542376097,-73.98454220296547,0.4901506205487591,,11.990772601217031,11.740016473922879,0.0905180936679244,11.649498380254954,0.0,20.420271287690976,5.330561220892375,36.99227110148273,0.0,1960.0423688399303,236.23398739536194,300.31979596741934,194.2400480964745,67.07369001462466
153,720,36.740593895900744,159.96262204289033,151.9313341969781,12.828927498026644,4.451237422812018,,38.05332679441199,37.801007815636694,0.531138913705945,37.26986890193075,0.0,42.25987021722574,19.43955819632591,30.32613014688742,23.083134114953204,11582.46971465531,1172.1960814875,1730.6319969018691,1335.8121405760712,225.31105610333398
154,117,0.0,-64.74524680804255,8.192593841791545,-72.49888825069793,0.38306697128113876,,14.022768358234316,13.753307337872684,0.08683573454618454,13.6664716033265,0.0,27.426362797105483,5.509429883087512,36.249444125348994,0.0,1903.067485788103,211.50683904812186,263.57751485125146,229.21227587912256,55.123775529125076
155,128,0.0,-68.29517746248374,10.327059513155202,-77.96628420299801,0.595039941529603,,15.492972092702985,15.209170133806765,0.09527657553553581,15.11389355827123,0.0,27.14934922391016,5.416481261896199,38.983142101499,0.0,2069.8724533874047,283.02499458117154,361.0922123339615,226.83644194562154,145.96653574255777
156,108,0.0,-71.81360242385269,6.802765035032113,-78.18131910008162,0.38355918093569275,,11.611226123291999,11.36693655885756,0.08027189457789063,11.28666466427967,0.0,10.85523712975896,3.550599150449896,39.09065955004082,0.0,1749.94904339444,209.83143551106417,265.78561527380134,199.17416540958115,50.89950705139121
157,106,0.0,-53.01270942485638,10.10192080782473,-62.53882306728187,0.5322834258817077,,11.517593543976545,11.256867242977023,0.07964391307905316,11.17722332989797,0.0,22.395191222175605,6.5777292401995116,31.269411533640934,0.0,1719.5186579040578,242.0923939036998,305.0466344882185,161.03244712860092,141.65159429116218
158,720,72.47652285064726,248.00313473193634,180.78373879475882,72.4281916804486,4.856785599143609,0.011531485244631767,39.288219903130084,38.713708312250674,0.5322325062006712,38.18147580605,0.3249186188913882,42.21865764503328,24.064002842571117,36.262427010422954,28.93217796168977,11582.39999999995,1117.3753781756777,1668.1395083076402,1338.6568918027554,51.01573251293228
159,119,0.0,-57.25916253487047,11.933283707042994,-68.54708063803848,0.5851710210042487,,10.356620268896222,10.133268694393337,0.08915096987038851,10.044117724522948,0.0,27.09232963116164,6.448272055457323,34.27354031901925,0.0,1933.6165327642443,255.55456984708388,320.5487685691007,216.7169204186421,43.6344402557321
160,67,0.0,-59.943343231374584,2.104302121366818,-61.762283630602965,0.24998792173629575,,8.944476025179029,8.694357101805508,0.05061998497694731,8.64373711682856,0.0,11.582726208635117,2.0374587097671855,30.881141815301472,0.0,1087.0579678502427,158.2598969492016,198.34308576785511,119.27798089887673,102.5346684041728
161,77,0.0,-61.580565334997786,3.9521313099457154,-65.20851925635192,0.2887416798769226,,9.447722107637674,9.20294547220692,0.05799927841871977,9.1449461937882,0.0,15.06732848088852,2.668726261553726,32.60425962817595,0.0,1247.2702080463396,162.22976064102846,202.80174195186007,143.73432755464356,79.35430406652911
162,720,74.51599694448686,251.37570506279891,181.6023567688279,75.45288029153318,5.3456386687791655,,39.79219583887607,39.54106929479167,0.5325712487101555,39.00849804608151,0.0,42.263401936111386,23.863788929054177,36.78955679872027,24.435785314538524,11582.401506652111,1250.7185584649794,1846.7701649839146,1293.3991157932785,186.95214255761638
163,720,48.14157066569974,185.2765782946057,166.80286322534127,24.0646649794423,5.246993313359994,0.028110871091485023,47.44642704539001,46.907808504998684,0.5336555568501353,46.37415294814855,0.28825119137763977,42.26368816895643,22.50436555885488,36.10923817597859,29.87320930198592,11582.399999999898,1263.2866296912512,1911.3607151602764,1310.0924720992316,274.00124219482313
164,78,0.0,-71.20200480142296,1.0144060773582961,-71.9689419739047,0.21508744754169548,,11.548663103953004,11.268017706926912,0.059213565196841955,11.20880414173007,0.0,3.7456798343140574,0.6935632366529222,35.98447098695236,0.0,1262.8556774766578,159.61789870728262,202.3197867506318,128.99364139706867,71.55581380906497
165,720,62.531411249862735,209.66660607820162,163.2085803825476,51.86049541055105,5.070104170544874,,41.54364245571196,41.278871222399175,0.5343784871511161,40.74449273524806,0.0,42.26364273281915,21.665780636735537,36.60116354458721,26.693535383934403,11582.399999999883,1257.5446720891528,1877.3275829875922,1298.601750348019,300.00882234984914
166,91,0.0,-53.23620684872668,8.08379732038703,-60.875759361042114,0.40141279546614006,,10.632468254771084,10.366906551178545,0.06898661749437451,10.29791993368417,0.0,27.896999539183632,5.504418088370611,30.437879680521068,0.0,1479.493561965966,187.4399191156266,233.9885407456467,169.07004882796159,65.67343678525374
167,720,69.34700956577683,258.4617970310713,194.24037669862832,69.49426766993908,4.924147798317528,0.051348727196455,41.09739933907986,40.555443938821554,0.5335718193091452,40.02187211951241,0.28593210130929947,42.084785885198045,25.361453229448646,34.59987573080729,25.846830193929893,11582.399999999965,1077.7864397499675,1636.3311078757984,1319.2338970483004,23.109255778006002
168,720,70.33870168316045,231.82645455735525,173.65709808068135,63.643533631819665,5.151698909294228,,39.08368518901989,38.82141718501225,0.5347428028471768,38.286674382165074,0.0,42.26371845260972,23.510050304697284,38.51693486725062,18.04750794096744,11585.997094245151,1256.5159839671442,1842.185878978922,1311.8964189829537,194.23712195593433
169,720,82.72021184227205,278.1689420733784,184.4131622185738,99.56029883923809,5.467459889586896,0.010088345035910606,42.948252859991044,42.41995168291032,0.5353314531967044,41.88462022971362,0.2496490660123527,42.26374874444125,24.753735341631142,32.94006242265303,10.506729929154183,11609.08173968243,1280.1086022428822,1862.0277699768435,1338.7945123665868,133.81080375757398
170,720,65.51150272907223,240.68247413770396,192.1775114093164,54.349269532038036,5.505892757589074,,36.58134926389903,36.330732099711895,0.5324413822963834,35.79829071741551,0.0,42.26366023991825,26.173699436816808,38.336867963053216,17.396612282586894,11584.31280618293,1219.1860881793014,1845.9172808691628,1356.560259753171,117.6089613249372
171,720,53.15468452408669,162.75768488691546,131.90526715917858,35.05749942203079,3.875435819950894,0.04927528277039528,44.34631163999438,43.859176930971444,0.531341137830168,43.327835793141276,0.24852924374863505,42.26322040746698,17.791984053251998,35.62593481307129,12.025404573481579,11604.311776406998,1196.3577406705572,1669.3482841290072,1340.3832236413264,177.9954545660471
172,720,59.03415034064854,201.8007055378356,155.84538135944143,51.228329050114965,4.947806576737151,,45.0548344058916,44.80869244085625,0.5322938407771289,44.27639860007912,0.0,42.17858759227951,21.556695015749586,33.419985815591055,20.5153024303336,11583.627564379556,1250.7736017101163,1828.1798180348778,1263.1822953028895,206.1954114326848
173,720,74.14305761116506,247.3220493158658,171.082806700244,81.66608051967646,5.11243817209775,0.00415757717564702,38.75211598910391,38.26196038816124,0.5309949941001832,37.73096539406106,0.25293480791151524,42.263580710236994,22.500055364133996,33.310017351326835,21.475122241548775,11582.96260261149,1254.4170691047016,1830.1391644149362,1289.1868274839258,155.89715744278325
174,720,73.05273074912537,245.94584830198752,176.61147076056074,74.9939987625318,5.324835052093807,,41.38800680823624,41.1062558372505,0.5337703092955053,40.572485527954996,0.0,42.263417701477536,24.24822239727334,35.55573136785947,9.457039087764338,11602.830076202661,1264.6342899231634,1868.0150016391676,1347.6991658634922,288.2919682636924
175,720,80.09845039831893,249.6040238186987,160.08437785010383,95.02805563383959,5.150349039983355,0.0680641233921051,41.24013898521662,40.725527830887586,0.5316617088392377,40.19386612204835,0.2532451651059091,42.197098448860295,20.88263680369857,32.58442258139912,13.470819023200903,11596.060978192654,1345.9547002392555,1921.4228879048653,1331.4239158305556,195.96634755806508
176,720,50.73482333177067,189.07365755591496,161.51700930235916,32.415355615206025,4.499958256384208,,42.50314983678982,42.259791085962206,0.5343023645691574,41.72548872139305,0.0,42.21889517775425,21.896152432736272,34.52714552416766,24.498341576830782,11582.401992785493,1147.585008307494,1683.796192536518,1297.555409504422,121.58892552223442
177,720,69.67991148043843,222.29179341949637,159.64292360634118,68.03190568259727,5.04234162768797,0.10767409950494766,38.7529530567117,38.25851784879342,0.5327420551329851,37.72577579366043,0.25030257273465395,42.26178135047557,21.160024525904124,35.6639586391398,11.43194521389063,11607.29895583954,1321.998469805003,1898.006941287075,1289.5775867104294,300.32833798601
178,96,0.0,-67.46241933903255,5.317556168227548,-72.32563254406602,0.3995087907425433,,12.227205480914563,11.954104086849838,0.0722089963965118,11.881895090453327,0.0,14.857817027552166,3.600158876795699,36.16281627203301,0.0,1554.4520551558783,218.09720979670522,278.1213988675138,157.23994688100842,89.78667880552953
179,101,0.0,-73.96067764816078,4.2754978618884465,-77.83690005476241,0.360452785683414,,11.32420975388959,11.057361594866961,0.07572567602619529,10.981635918840766,0.0,27.015446629974846,2.9834326094352686,38.9184500273812,0.0,1638.495313135948,218.0166284747702,276.53211348403136,149.0255895095806,97.22584515165258
180,720,72.40816521700168,212.26420346741094,151.29598089566514,66.21164021977746,4.896952085582578,,38.540003517176956,38.315440454985946,0.5319001628085971,37.78354029217735,0.0,42.2459236200982,20.550272347802927,39.30234510711295,21.673008304952322,11582.71468747136,1297.198080047364,1879.9079805536571,1258.3513023622659,159.26618212139115
181,94,0.0,-63.405368026694134,5.285801020905931,-68.28510038902017,0.3623638791908144,,9.837905040942132,9.586594423744828,0.07016411609947681,9.51643030764535,0.0,21.97853298995319,4.361536187518831,34.14255019451008,0.0,1527.8954609708042,205.4441703969857,258.6629358957505,155.3983637437905,62.97636279622478
182,720,59.54008988126904,227.7808788048745,187.72375458896883,45.35455485043933,4.963256592450723,0.08419734984636307,45.00861867889762,44.48153521399945,0.5331083545461297,43.94842685945332,0.29008902609348297,42.26361121702099,25.568903902477167,36.862812456049376,27.55436133157444,11582.399999999927,1141.5046434048284,1679.6297353852526,1336.3428672637713,139.51427955312556
183,89,0.0,-53.22624362665288,8.427171467464156,-61.18277680099479,0.4311371035502115,,8.845978388097137,8.609901905059814,0.06671975506469607,8.543182149995118,0.0,18.079304448846646,5.134862060973655,30.591388400497387,0.0,1441.2240827158819,191.76809143193182,242.64819279781818,152.5405320485491,91.95174476946342
184,82,0.0,-62.10756193077304,4.603430223541007,-66.3473711277971,0.3266024634498611,,9.7309141010046,9.48646283429116,0.06189449643716216,9.424568337853998,0.0,15.539021561543114,3.1493434503817266,33.17368556389855,0.0,1327.6943698832467,181.98941705527795,230.07703224647088,147.8839068954651,23.52064721103905
185,720,54.94979708032485,176.80461217976674,145.61311096283197,35.396381750517634,3.8594943052431274,,47.07610306562856,46.85239496594295,0.5326360780745745,46.319758887868375,0.0,42.07013255323337,19.79840846732562,37.25160620506602,11.326898778272707,11595.781764192678,1118.0166992302652,1599.0439533423869,1326.0456240405827,200.8818634196993
186,120,0.0,-68.67746219081229,9.096803068711054,-77.14624985893838,0.5662051543909722,,12.293764441274107,12.024742919951677,0.09015488903969526,11.934588030911982,0.0,31.90910924689187,5.857370139566069,38.57312492946919,0.0,1954.5351784724485,275.8207247344675,348.17734466309327,208.56742358338136,95.97512770120285
187,91,0.0,-61.49151508090739,5.824230509911037,-66.85700478228493,0.406377986770966,,9.468570831697434,9.227798780892044,0.06790816085413098,9.159890620037913,0.0,17.048454369540874,4.238182107010084,33.42850239114247,0.0,1478.2192784717633,219.5316961302631,276.9810037251002,153.2527330498867,60.52770700652965
188,116,0.0,-51.583417881811286,12.025586274085665,-63.003881275046275,0.5512099688628471,,12.950271233916283,12.678007569629699,0.08654520520940423,12.591462364420295,0.0,25.265914622542848,6.994795644480558,31.501940637523134,0.0,1884.4059761727433,243.91958856430787,304.33516479632357,204.5250227928929,60.271137983184786
189,69,0.0,-63.50223198481606,1.602032780016904,-64.84450864117763,0.22159843640237936,,8.152921424712986,7.9079906810075045,0.051709916442632675,7.856280764564872,0.0,7.5555246362035735,1.2203461868735155,32.422254320588806,0.0,1117.9335779243781,152.70779486264806,192.1866129015803,136.96574867886076,69.58802948273633
190,194,0.0,-37.46786533290206,26.87317239409758,-63.11520626077445,1.1257966403133175,-0.019209248945116997,19.449379014782608,18.922730796039104,0.14401504024863243,18.778715755790472,0.2490248940885067,29.996298320910732,10.653821703379698,31.55760313038723,0.0,3160.2075163347736,436.78894901483517,545.9547302788756,329.1756821167716,66.494701503083
191,157,0.0,-61.21523512126924,16.071826622334722,-76.44442898921571,0.7650192895027474,,13.68553009815514,13.441232337150723,0.11765494290739298,13.32357739424333,0.0,29.872929695651667,7.737590547414995,38.22221449460785,0.0,2552.163214630293,343.5239517880252,432.8926840009978,277.57120454124157,66.66481090448525
192,720,58.41548214810148,200.66566130734472,162.05635778961542,44.01920693792596,5.052994099261203,,41.762385331094265,41.52136617898941,0.5325733865611255,40.988792792428285,0.0,42.26170246496482,22.029749267222453,36.4058786791385,23.284501397925037,11582.465177931328,1248.0267056127768,1864.8003215169942,1353.8937123594467,309.190695802111
193,129,0.0,-68.77565830834389,9.757566290042764,-77.9434566005011,0.5291524006974869,,13.40163538698107,13.120126429013908,0.09614903386682272,13.023977395147085,0.0,24.221086142691924,5.616252360486441,38.97172830025055,0.0,2089.196019447824,269.4328546061574,340.8205760684801,227.9402988987355,32.70633228484072
194,720,65.7448913331474,257.24167896438667,206.14008896111807,55.92625838800926,4.507666521652063,0.05008183419704437,41.79174031922594,41.23064085096121,0.5326630063354969,40.69797784462571,0.28940058406442404,42.26365047755828,27.38203535720229,37.781762139142764,15.32655774164735,11587.265655497205,1006.7418589544102,1478.2334884187223,1350.600354300704,53.23780092298505
195,101,0.0,-57.87890265770599,9.167152945928043,-66.58707860551227,0.4168081033705052,,10.390281470958143,10.134357645176351,0.07656801119446754,10.057789633981884,0.0,19.10575219449641,5.076340919314459,33.293539302756145,0.0,1634.0272796331824,203.34221228860642,258.3334896221714,177.90372087691307,29.514199452742915
196,720,52.86440445500528,176.26967913713773,141.87150095117283,39.286344194192196,4.573318982295521,,41.2220200560987,40.964792896062136,0.5323149794712663,40.43247791659087,0.0,42.261743365943104,19.779778818998157,33.22123235790918,14.321759954418752,11595.584399643505,1299.372136654364,1846.9109336382508,1289.403442527519,253.18340078910296
197,720,64.79049888356573,211.50187712339732,153.9489484826009,62.475137337183455,4.552019269257472,0.6814675331115723,41.950732223223895,41.44130389671773,0.530943148303777,40.91036074841395,0.279953823890537,42.262920952536305,20.38199064455205,33.552930214974005,21.205596087457174,11583.345969150727,1218.5687968576578,1762.5689871719683,1352.9988803595686,126.77303413951857
198,720,64.10692731823544,212.923051916662,167.96781565512802,49.772965903246174,4.498840542169349,,39.85576887289062,39.606955726165324,0.5317373424768448,39.07521838368848,0.0,42.26351302023176,22.999487803436992,39.22044436661235,21.048580748714173,11583.169298118053,1128.6433222673636,1650.6897723719082,1316.8298464119362,126.682719380099
199,720,60.67673783097467,192.94639982191535,156.44945438442204,41.50879938979452,4.6629480317919425,0.11669214069843292,40.87286014482379,40.37850481783971,0.5296222590841353,39.84888255875558,0.25099185295403004,42.26352227990898,21.845134224939297,39.922338136077414,12.440270150606661,11603.217958828021,1216.3380264638358,1758.707436791431,1254.1842470478364,202.33716552031132
200,720,65.14938547566915,217.4657367222482,156.689660643075,66.0895214340772,4.961487272146516,,43.2026670682244,42.94574192399159,0.5318400030955672,42.41390192089602,0.0,42.263706461252106,21.223814818501,32.10462475863055,20.89843680270316,11582.888601730794,1291.59784579611,1879.6109817138413,1337.442676467653,375.49053340805744
201,81,0.0,-60.03672590985661,4.356380766119563,-64.1491572218867,0.21309815139188046,,9.712591513060033,9.451040735002607,0.06090602045878768,9.39013471454382,0.0,9.731700156568706,2.8859682373925892,32.074578610943355,0.0,1312.1034097676425,136.52298922044912,170.55064534643708,155.9171203165258,37.16147197491139
202,720,70.99894258215423,228.17064135661207,158.73271478665305,74.1389650323751,4.358424601201439,0.06433875113725662,38.46415964514017,37.97228799574077,0.5312368553131819,37.44105114042759,0.25773216504603624,42.26344248577422,21.556829859682747,33.92946006596668,10.18085109519123,11607.569814374054,1159.9470171825128,1638.2326370279443,1323.6221830618574,94.65057941432659
203,720,85.45746970656133,294.37401952294715,200.76848672405512,100.05965415350384,6.101205247411172,,38.79255745559931,38.531982065178454,0.5327081433497369,37.99927392182872,0.0,42.24896718099209,26.728459292951126,35.427642629809405,23.828009898681653,11582.412383134711,1289.1731348957878,1954.8847393898866,1262.8870839210783,222.80393891764896
204,720,65.70893183958184,261.5244160062908,199.63790857162786,68.22562531947221,5.992320568549858,0.09263765066862106,41.259979451075196,40.77904582209885,0.5306657589972019,40.24838006310165,0.24943481292575598,42.263466216356285,26.936987241590618,31.59611917984573,26.971896817604545,11582.399999999923,1264.7983077628892,1917.331154713974,1290.682822627691,150.52995721341017
205,720,60.913204608384966,216.2541225363988,163.66736767389526,58.30714265444513,5.364812559372453,,43.47374448180199,43.20407765498385,0.5322661618702114,42.67181149311364,0.0,42.26345896122368,23.119975102070196,31.759633281162397,9.8438436804879,11600.799636188358,1332.4121268665926,1949.6935058735182,1327.0663522614102,343.2117064709866
206,720,62.94511904741531,212.8242208701146,152.78957879590877,64.55714181733912,4.198181379362477,-0.048192113637924194,41.383878050837666,40.86401261296123,0.5321225514635444,40.33189006149769,0.25083930091932416,42.26304585078504,20.69900875786815,30.666548138745757,13.006293171126911,11595.022738109268,1152.6230857622982,1614.6353752988668,1306.9422727997203,123.84371930842667
207,720,76.59242839819541,273.695008895983,197.57433225953753,81.59698541005979,5.132982489173687,,42.36189907230437,42.08338092919439,0.5319508169777691,41.55143011221662,0.0,42.263698951809616,26.96703134729166,35.793935693165494,13.635113802673127,11592.756334961774,1167.1267356372896,1703.228554659319,1344.1464389449434,125.34529318103509
208,720,76.85794475894026,246.3476133198339,177.29587953481942,74.08224673341199,4.706120222821387,0.028084516525268555,39.176569890230894,38.68399962410331,0.5319863478653133,38.152013276237994,0.2518482240848243,42.263474890147194,23.42678487459875,39.81682139223427,25.628180166472365,11582.399999999903,1123.0535924345575,1671.7553277325187,1299.5544253768594,169.77865517024375
209,720,66.16678117478011,256.49562494593306,196.44750234750225,66.34668289608499,5.937165680692646,,43.70068783313036,43.444408546201885,0.5326031092554331,42.91180543694645,0.0,42.24416033780807,26.719616654819397,32.99343972673762,28.630891727396595,11582.399999999956,1254.5709875211132,1907.3537122795158,1315.2798613074426,203.23004545564962
210,720,71.19365864328996,255.05030218481252,179.30531861308188,81.66086338051022,5.58878790518878,0.00935395061969757,40.97206530999392,40.45713583799079,0.531637417152524,39.92549842083827,0.24977874709293246,42.263593546961445,24.71894431401008,30.363226953034854,20.036549777028824,11584.936441044967,1284.1161186827135,1919.1275633179607,1217.8426786968225,210.8465417472616
211,720,70.4957239770479,255.73211567058553,185.50631662467072,76.07122753986255,5.527643276803289,,39.59094427479431,39.30676460918039,0.5348929897882044,38.771871619392186,0.0,42.263633845981005,26.042812626403837,32.460110207116635,13.039212828300043,11594.181499484424,1266.1762398700887,1872.168937297834,1300.5516411790695,221.7820957141754
212,720,64.59014346349949,223.23788280857855,166.5163973811008,62.282947663381634,5.218662716810558,0.07024846225976944,40.335166971199214,39.83201189804822,0.5325749572366476,39.299436940811574,0.2512607336975634,42.19413409097298,22.71078829969923,33.44866963180867,24.5856271065792,11582.401183478114,1259.8581470064908,1898.6201620030338,1285.4996207145834,337.87450452802926
213,720,59.40879547356482,210.95046230152545,165.02110987431203,51.43624044851515,5.179170616831258,,42.90492661530152,42.659442849922925,0.5331288548186421,42.12631399510428,0.0,42.263808000691526,23.20648321582917,33.69067524930725,17.23185081310579,11586.920738700475,1298.769475176412,1905.1698762176065,1295.6507825834667,246.87637964135973
214,720,56.51174860128939,201.27198435785593,164.26907204090818,42.26433965387422,4.909617755370131,0.10828852653503418,41.196366460993886,40.66845406778157,0.5315967788919806,40.13685728888959,0.2505860016681254,42.26277809004071,22.096880565506826,35.37957877435228,16.809896686176913,11586.452930547099,1207.3161027454544,1779.1729537350816,1281.7142862545115,188.19237921315317
215,87,0.0,-53.26808283648285,7.251747972085176,-60.083833986233365,0.3873828749631703,,9.592668807134032,9.344794103875756,0.06576258223503828,9.279031521640718,0.0,23.659908742711753,5.484589504147506,30.041916993116676,0.0,1414.370701498029,195.8218428115017,246.08866162186115,160.24227050625143,73.21945062260629
216,720,65.59845825087552,221.92599764526915,163.1387720985514,64.10175897763565,4.9709093809213725,,37.257202041801065,37.01597911585122,0.533874420914799,36.482104694936424,0.0,42.26257560828396,22.00871443051498,33.547578762057675,12.082082021307826,11596.78097490906,1269.7626596820937,1846.1941935030775,1301.1781778350553,207.53173128602987
217,720,51.90689455810843,155.19666406432293,133.09474408677136,26.24763787383843,3.818359501723788,0.06949428468942642,42.44181309873238,41.88119811937213,0.5372487055137753,41.343949413858354,0.25648404005914927,42.10032239897631,18.182806150874086,38.78307562118921,27.916111563657253,11582.399999999941,1085.3809904878972,1576.6732874339111,1287.6634394264315,142.729854707777
218,720,67.71238089086286,246.2154056775833,183.815425201528,68.4038663671303,5.648912983161476,,36.61316016316414,36.350852543022484,0.5326120126992464,35.81824053032324,0.0,42.25027594440581,25.14759127463622,33.51044770729771,20.298015603187565,11584.061877643224,1302.8381121492614,1924.98045539394,1313.1927823199312,180.88386418942696
219,720,77.1285091914553,293.29129707484185,217.78529467236206,81.81207803086237,5.955106538311434,-0.050987787544727325,37.91894490085542,37.42516101105139,0.5326335188001394,36.89252749225125,0.24918403290212154,42.26378767078548,29.307002378079385,36.22247017602411,29.238014780850953,11582.399999999963,1182.5579898812075,1799.2387553050849,1305.7546252624466,130.47145935502905
220,720,64.52168412333943,207.42449962599875,163.51485953653358,49.395071933693785,5.1576765752524905,,40.866428068839014,40.63055571820587,0.53241275716573,40.09814296104014,0.0,42.26367862717455,22.29407816682755,39.824148156492534,25.9369491562776,11582.399999999952,1275.0675038132656,1878.8125863206355,1334.0156769950925,138.53203302008484
221,720,60.07684494752813,231.9255762376526,181.3283922485184,56.20387558962163,5.260818663725273,-0.09334513545036316,46.86762216268107,46.37523700110614,0.531490117777139,45.843746883329004,0.24895749101415277,42.26345629437153,24.770388591904712,31.974907152717314,22.235843284561447,11582.604853951274,1178.4464905328089,1766.116455303133,1348.3278757105036,105.57567747930841
222,720,73.99217834021272,257.8853507014835,184.60599767526153,78.95510540543347,5.335368335937031,,39.98900220217183,39.684504648670554,0.5350212533958256,39.14948339527473,0.0,42.26366311018688,25.161342845301295,34.51462563749599,9.790125931685797,11611.37603130324,1251.0510850975002,1817.9317848212197,1315.275359603556,129.51638400251719
223,720,69.01865609063411,230.77494687468257,159.39717220812975,75.82619947207955,4.088838556301968,-0.002156667411327362,41.81741193588823,41.307804455049336,0.5323947397992015,40.775409715250134,0.2529115849174559,42.26339270888874,21.398996488688084,31.105556354594338,12.212219049024302,11606.14169735192,1106.8102005526703,1587.4261185338835,1367.5699091867978,121.11659828917321
224,720,74.11792370297788,270.85998095172044,190.88829389598646,85.83252342278661,5.504201587848337,,38.099816645961255,37.83392930729315,0.5323123610578477,37.3016169462353,0.0,42.26364111307038,25.584191790495,31.201661991584572,15.534411630946801,11589.666257897941,1244.5591768332615,1856.8808963592867,1352.0923512744814,182.22811918616847
225,720,69.3442216670307,259.07652946086273,195.796802005975,69.52030750944623,5.9104577499753,0.06994768977165222,42.69076184136793,42.19269246887416,0.5325324796140194,41.66015998926014,0.24906886368989944,42.2635434649448,27.169216081904267,34.58406791230758,21.90025012369498,11582.726443763384,1268.9955641113293,1914.3174322988366,1260.0526026264772,200.64047407688943
226,720,61.13302962860767,208.0270495986875,166.9527979006673,46.78066109839719,5.358152155711144,,41.29838042706251,41.07857260480523,0.532823711168021,40.54574889363721,0.0,42.262865183641075,23.306689547816358,37.74269907940908,19.93483037154487,11583.176002443946,1320.9043478299086,1955.320247311036,1275.1541484650586,202.98012849678827
227,720,57.5123196842509,206.08056308827298,165.24995364120153,45.19920708553002,4.010177660839959,0.0817742571234703,46.269520363770425,45.75205618003383,0.532584102358669,45.219472077675164,0.25201530614867806,42.178577041078476,21.437306927824856,34.91271614148589,28.705508890182855,11582.399999999918,1009.9096970504946,1496.4372077677947,1308.0792623308337,56.58762839340261
228,720,70.09048818019718,218.17814412761516,145.33256663805642,76.78068155653565,3.630737637190945,,38.25814227387309,38.0189498597756,0.5328190661966801,37.48613079357892,0.0,42.26356621952001,19.38892353934954,31.700147401929357,9.456283843265203,11606.58996365777,1026.368998176757,1440.3439556986584,1345.5978520241235,51.762323828527386
229,720,69.34988687716549,213.15188543954216,149.54613180202028,68.12917985762745,4.15701814555625,-0.0314147025346756,37.27654315717518,36.79247734090313,0.5319987894035876,36.260478551499546,0.2532706521451473,42.25584857755615,19.7688524253006,35.28529694835176,9.46669191803643,11612.909933641902,1110.7116434715392,1564.8150557433037,1282.8145076608225,22.27061202489683
230,720,60.83744499938288,237.8768508703496,196.3379234835028,47.354636023816724,5.45946422893695,,46.32918517384678,46.05936347693205,0.5362501200288534,45.523113356903195,0.0,42.26299744248736,26.52633103028791,37.16012698747452,21.554645301134194,11582.785269976444,1164.630726696845,1781.1827327523445,1329.2422158056056,298.2340807918196
231,720,81.6070519327177,275.50002705339796,180.64594791921385,100.85415756732553,5.631820148775443,0.08039119094610214,38.92211349867284,38.433335629757494,0.533412107732147,37.89992352202535,0.24937154911458492,42.263637430428574,24.416407844805786,31.17997314905494,12.136849405849341,11604.834825203581,1319.3798604341748,1940.4499119825966,1292.2094703245868,325.9362562927171
232,720,60.73514872869627,225.70640274077437,178.77873303532607,52.90865890618893,5.620550157315229,,42.888092503882945,42.619905630126595,0.5324678192846477,42.08743781084195,0.0,42.263694138111504,25.539490439705585,34.280819275601786,11.742020398291498,11594.41703148291,1291.7126466511106,1912.3776014202813,1233.0310151132487,241.7580077275808
233,720,61.61899917919791,216.82245565193176,176.5400256122349,46.343593541942596,5.700554023009472,-0.049312565475702286,43.796446124091744,43.25906959688291,0.5324913491494954,42.726578247733414,0.2495363769121468,42.26341058646415,24.540561895493674,38.44720240822661,18.638480699074396,11583.931756068536,1319.2427981838068,1965.9783372989107,1273.7588655617938,263.4815812200554
234,92,0.0,-57.90435175846436,7.260947565325384,-64.70175456530498,0.4171135924254255,,10.612743076402694,10.384581266902387,0.0694664646871388,10.315114802215248,0.0,19.771942292400254,4.867094994374981,32.3508772826525,0.0,1493.3223145873053,207.0314523709713,265.5922969390885,129.25803103681886,154.88878991047756
235,720,68.64166096752355,241.71657256344977,184.51806810833767,62.55782621026215,5.002472662877772,,39.01011161785573,38.761521792039275,0.5339226596988738,38.2275991323404,0.0,42.26356961690903,25.652574683828753,37.362747862392474,18.630314366241045,11585.855456223173,1115.5407270708301,1640.8172148315095,1281.7937613593197,90.53255207233985
236,98,0.0,-62.06267379085236,7.041226079771704,-68.72584996085135,0.3363987049809982,,12.713622020091861,12.432184430770576,0.07394797494634986,12.358236455824226,0.0,30.024567002085867,4.514070290968212,34.36292498042568,0.0,1588.845219537999,179.47518688044337,228.36310325103233,157.31472909029156,60.40304849706359
237,720,75.96619278361723,274.58632069538476,199.83124247363395,81.29962326164797,6.19503750990239,-0.12220720201730728,43.380640777759254,42.82524550613016,0.5323305726051331,42.292914933525026,0.2889850437641144,42.26339355023224,27.666151332536206,35.31638115279324,14.573392898676854,11590.687473783384,1337.2113832815871,1990.9620624741294,1292.3967294072602,193.761571037997
238,720,70.78122153913057,260.72113140555007,190.3183968105265,76.5232063256332,5.788277838161121,,43.68490243609995,43.44393416214734,0.5339900441467762,42.90994411800057,0.0,42.26373228561011,25.73398070345128,32.51961837631397,19.31086990464722,11584.025861154134,1267.1188047897435,1895.3583690555292,1302.135196384803,137.2044538637934
239,720,79.87631826718928,297.46748647559014,224.241407668912,80.45262783603683,6.845426839906615,0.10487818717956543,35.98672236688435,35.53921685833484,0.5313580580987036,35.007858800236136,0.16998838121071458,42.26351370782334,30.291982573323857,39.650004349170864,27.565110880758446,11582.399999999958,1321.7823167330614,2040.1504526739866,1286.0745549849837,270.59653087856185
240,70,0.0,-58.84178174752222,3.0264406763921214,-61.499997726440654,0.3346216255092363,,7.453956761397421,7.199351654853672,0.05364827299490571,7.145703381858766,0.0,20.895977489393427,2.8780379922565538,30.74999886322033,0.0,1135.4647082423992,190.3881106693378,243.06978946434197,97.32630360182226,155.6996445729895
241,720,68.7721167347682,210.8644645165162,153.3551456698285,62.31473479529559,4.47672041534637,,43.25401022518054,42.9776618136093,0.5345116588287055,42.4431501547806,0.0,42.25151247883175,20.948230014889525,37.61474933712042,11.420190031989112,11595.605398332264,1205.8321052054246,1709.810209134188,1341.770232836712,139.81994151278366
242,76,0.0,-61.9611261790053,3.301883721323135,-64.85117519757226,0.38063599195116005,,10.02953829523176,9.757384584285319,0.058024612721055746,9.699359971564263,0.0,15.139279068192279,2.954893388193081,32.42558759878612,0.0,1231.7410173476821,212.11848445783625,272.8447434023211,94.73245047844438,221.8212607776338
243,720,68.5156396312601,211.76403524479235,157.35506504692393,59.53568950269809,4.806172080433629,0.012365741655230522,42.18503000726923,41.71079655084759,0.5321421078406274,41.17865444300696,0.19388634385541081,42.26135519637239,21.24713741220753,38.747794879911055,23.717715411573895,11582.422735140115,1225.2731540791208,1789.4662997397418,1313.7727529709705,204.65320162555528
244,720,67.3451949090371,247.01406142964817,190.04246999033498,63.23063421785987,5.895608849921281,,43.31457547470927,43.07018828717992,0.5361753115430474,42.53401297563687,0.0,42.26371644265505,25.49845061669418,35.72987780010717,28.982777102498126,11582.399999999923,1317.4871398800715,2007.7893902227877,1287.408033867042,273.5941385376298
245,720,82.54524443364511,277.92781846138183,198.49320229764947,85.68379961872861,5.922949953668933,-0.1613745242357254,37.80414419295266,37.29217229504138,0.5337551780976355,36.75841711694375,0.2534171650186181,42.26357029834992,26.25452568160693,39.7033446242808,26.602342926806383,11582.399999999905,1262.0901504666726,1912.6169646849605,1261.2579545376295,232.56813489512265
246,80,0.0,-54.73130547368118,6.421316284596151,-60.666910955038006,0.44422743767401585,,9.323099865112454,9.059036054648459,0.06031557312235236,8.998720481526107,0.0,27.764719454954665,4.977131433603273,30.33345547751899,0.0,1300.3800896877085,213.67333333491533,271.20500766172756,117.15643665355363,110.81647007575882
247,720,61.87237618300811,208.81671392533536,158.75216964190327,54.28932776271971,3.856839716475515,,41.08959961635992,40.83684547524899,0.5339176915585995,40.30292778369039,0.0,41.60580703060113,21.622304486760225,34.72771230164825,16.86798169286896,11585.399347887482,1009.4217490232423,1460.2319921498538,1298.4761571465683,54.520429677540605
248,720,72.66218598241971,270.6658997402107,199.81028517645538,77.30425111810194,6.0836963121474446,0.08790479600429535,40.101414415985346,39.553960936143994,0.5339995753020048,39.01996136084199,0.25887189619243145,42.2617855512191,27.21052048896354,34.01006042336874,23.87322149547924,11582.440961242413,1315.5796122370257,1977.7286814379945,1317.0994707867908,258.7569209432655
249,720,60.193366350896426,227.3160495541831,178.1866948412987,54.60802987105606,5.125059354413239,,40.802957051899284,40.544445625972,0.5327553865499794,40.01169023942202,0.0,42.258696869888375,24.406174329054288,32.889351415368395,23.592353996417067,11582.431362635449,1177.0190552718327,1750.214792030757,1340.506797737174,63.646226052253006
250,74,0.0,-65.7563370712379,2.2960422225565074,-67.68953857079907,0.32219187983124314,,9.542494177352637,9.268497191835195,0.05548487929627299,9.213012312538922,0.0,13.336831633143115,2.05431963561367,33.84476928539953,0.0,1198.9996588266001,204.0983495881096,263.08442791701015,109.63807370251357,147.67406597936304
251,720,76.84078317731445,267.8084015836887,196.18644148314513,77.86066227873053,5.876710396354502,-0.08716968446969986,41.589977068826556,41.074786234181374,0.5315127214416862,40.54327351273969,0.25553576182574034,42.26372268164938,25.7297161860332,37.910452037949185,33.31927020534573,11582.399999999936,1271.231423805825,1922.306508658362,1351.664872962087,110.28053920922278
252,720,72.18389272720559,259.91930753064923,196.01890858517845,69.39292261730166,5.143604090228496,,38.92911826726049,38.65942151704803,0.5338765941560268,38.125544922892004,0.0,42.26381196758962,26.770708152674654,37.487431418554756,17.93740977297641,11585.126156005448,1157.1247766595893,1714.1764824370407,1263.0522227735703,152.28106856121653
253,720,79.76460309261552,290.861955014049,204.7493768017944,92.58121055730305,6.112962939824272,0.1803942620754242,39.89047771226615,39.40514208888635,0.5332918209023774,38.87185026798397,0.252655744086951,42.26353484458654,27.510417343371344,33.47399781396399,27.05783749519505,11582.399999999963,1249.7910799405427,1904.711027983439,1255.7988871127268,168.6888639024088
254,130,0.0,-45.532556011868806,15.67735335310272,-60.25517491091718,0.8836037915381234,,13.116803367156535,12.846902476157993,0.09749354654923081,12.749408929608762,0.0,31.274063968688786,8.633397392054732,30.12758745545859,0.0,2105.5484404991757,340.02208927022735,434.6018246988919,196.93914506697442,155.9626310575779
255,720,55.26597793648618,170.47342185167648,143.40286570651708,32.03936175545785,4.628082905249839,,43.276449813041836,43.04202521266416,0.5351323168724775,42.50689289579168,0.0,42.239320117407566,19.960868271002855,39.246297058757264,10.78655119567961,11606.918414002708,1269.1507466505523,1803.2329017608597,1255.4550058350349,139.98578340834442
256,720,67.71461764854571,218.00823600265863,162.89511655617275,60.7470691836339,5.268149388092255,0.28745535016059875,44.542642646003515,44.04848769539967,0.5331501089967787,43.51533758640289,0.23950320109724998,42.263461805189344,22.34355877812643,37.34108305672877,13.873242101352126,11594.636591335897,1354.258512491098,1982.426569964006,1248.7923092944507,401.56424580008974
257,720,66.63629146289304,233.3757252449098,177.60643309524576,61.526774338434265,5.403326386860226,,40.21692132670432,39.95118982717395,0.5439401194453239,39.407249707728624,0.0,42.26012450982613,23.827421864469468,35.87290429367591,25.133525834478558,11582.39999999992,1225.0638555114829,1858.2527992161115,1318.4485186730174,155.36607909524992
258,720,85.49011540830547,310.3686112088809,220.3357520477353,96.6593552623246,6.27638231548363,-0.07386820018291473,35.85058714216575,35.34460726985708,0.5330884782597423,34.81151879159734,0.25116487219929695,42.26337876154464,30.051529578897284,37.160437777143166,14.21070637963941,11590.700473285093,1262.6093568182305,1895.3220518247697,1302.6265503887828,176.48287106514067
259,120,0.0,-57.10751934986959,12.27915090904073,-68.61326866733,0.7204049739172383,,13.068905892781913,12.852000056300312,0.09121654741466045,12.760783508885652,0.0,30.60463048775853,6.749472096906166,34.306634333665016,0.0,1944.9651242202854,296.3067746551733,381.089558890254,170.7564856848377,205.43042706016502
260,720,59.51231438105765,203.5812645312543,169.12860129589225,39.98750149772326,5.170759297785519,,41.48459455789998,41.21043289778754,0.5333048831671476,40.67712801462039,0.0,42.26345952793849,23.903138167802656,39.51856363219602,10.327323715719317,11610.201529777849,1271.0302531725074,1848.6044306942624,1280.3677987965732,372.0175287529106
261,720,55.23326934017152,200.26029962324353,162.13262839482763,42.32107051254522,3.8468012216246454,0.09196382015943527,43.05652324296534,42.58372040325776,0.5337664131075144,42.04995399015024,0.23556917207315564,42.26278993424361,21.087160289431168,34.07273408389891,22.50676856123921,11582.655918349656,1005.7059038550212,1454.1625872793193,1323.444212413473,173.72219634705093
262,720,58.66107870521946,202.03200491051535,161.93977117837863,45.6475148516503,5.205799666288013,,39.741156455129385,39.518335442990065,0.5346421427093446,38.98369330028072,0.0,42.26352172701652,22.721311383228564,35.83732127939431,15.796177458404175,11586.13765253743,1276.5998900784587,1898.4176549543652,1240.2646110276155,451.6075820761473
263,720,62.443734978156385,188.62721207941223,144.49116143881318,48.82368232886232,4.343787296371512,0.050686776638031006,41.673156588338315,41.181899837218225,0.5328592220321298,40.649040615186095,0.2141900141723454,42.25758136894046,19.447879823641156,38.031893813725226,22.562155402023933,11582.597388431597,1192.2308293531719,1712.0063986678117,1220.910692788261,409.91361128415645
264,720,68.62908419142936,226.9513134491176,170.74466479013367,61.87941093459436,5.341067349843506,,42.67959065595642,42.42919639404863,0.5350772575475276,41.894119136501104,0.0,42.26357495846631,23.567364630671445,37.68937872413217,15.264163660114875,11587.511243563466,1292.116397214898,1918.948948168614,1271.5914911612347,300.93780582058173
265,720,68.31149829951507,215.22736015934876,148.38671047770407,70.81728472956287,3.6639448182812804,0.015863962471485138,42.468633932992816,41.98001152323559,0.5315831820480525,41.44842834118754,0.25253626611083746,42.108044016347094,19.176672891638482,32.90285593473361,10.385693912673469,11616.952301487641,1020.451858052502,1439.4340486799779,1274.3305010243068,143.07710399592503
266,720,64.18455237323437,209.1598796419528,156.44192382464834,57.00398776072329,3.9468458422015646,,39.180963900871575,38.91785203572363,0.5346471075899899,38.38320492813364,0.0,42.21845651535676,21.026263060797632,35.68255849287272,16.513295366786256,11587.168250072044,1048.2412826931882,1507.783820211469,1280.684452843104,172.020535282634
267,720,67.30382020253916,233.92927181338732,168.39011826869378,71.40836460026387,5.516524947035398,0.1720374971628189,43.31214186595753,42.797615107148886,0.5314161218702793,42.266198985278606,0.2464195261709392,42.235721597869706,23.2409125099987,31.59963790240723,12.350401658972752,11593.388347536413,1336.4010465312808,1995.5011324666516,1222.627906990584,418.7993770046532
268,80,0.0,-56.97922688160085,4.916469198144387,-61.45826722003405,0.4026919861539309,,12.420491429045796,12.127200513146818,0.06039734883233905,12.066803164314479,0.0,19.775179430782593,4.159846766363197,30.729133610017023,0.0,1299.9177258428992,208.9354882721009,265.82644545883954,109.81191229950598,154.29865372525563
269,720,87.68089235232456,298.73457263351213,199.91432955484535,104.44271901867654,5.263530303740926,,34.79242105316371,34.556801941711456,0.5329520027153194,34.023849938996136,0.0,42.263536560921125,25.458236396053543,35.45953284298629,23.217481582868977,11582.521762572629,1159.3753041765758,1699.8862944854247,1319.5417305200456,135.6205320385798
270,720,39.23099678179959,170.62942430181997,168.5350380243322,6.1583253431914216,3.7337434153475653,0.12355752289295197,40.16469824500382,39.64922041632235,0.5346780875697732,39.11454232875258,0.25725784385576844,42.08469109040978,22.567146409402525,36.15183411020388,33.820166393384255,11582.39999999991,895.579071836845,1328.736607908124,1283.1490426024952,97.67078093733866
271,720,76.03772083980907,259.01403012829974,184.6590092285443,80.71242562672188,5.985945265039421,,41.102956829126924,40.83778393222019,0.5354289701208472,40.30235496209934,0.0,42.26285403762077,25.546161462968268,35.68150802644813,25.496962149524162,11582.399999999952,1350.5706393388343,2028.2257796461327,1270.3155969032393,278.0737179689944
272,720,57.40838038757109,190.11241485171666,154.03544251180347,41.46952462604993,5.0683370220394774,0.010638398118317127,43.92302454309538,43.41328670177609,0.5336006600409746,42.87968604173511,0.25032596243545413,42.26365539109935,21.896127527411064,36.673618074546134,13.347146201377145,11600.739209619209,1329.6039380675004,1926.0942114921806,1221.3554743290345,327.2596860119679
273,720,75.27385306374741,257.08184463174365,185.81096153062882,77.46847281515176,5.838241783258905,,40.63440830586478,40.35792704671621,0.5374470101669431,39.82048003654927,0.0,42.263541922830264,25.76647220357458,36.53961665617154,15.483612540502817,11590.331994696553,1341.716621815996,1982.2579935418703,1285.5612841856005,212.18744121411171
274,720,87.13155480574422,301.7521279210941,204.64618775435176,102.96791843549626,5.511836343888476,0.07714170962572098,37.978800024837255,37.47850065166131,0.5335618061944842,36.94493884546682,0.25418430799618363,42.262636147765036,26.324353957424915,35.647595587996086,16.6003241851306,11585.482136353026,1153.0363873559502,1743.600875701087,1326.962229569024,134.16134574799642
275,720,61.14808552766259,237.6320503008763,186.3967697389941,57.398057826578935,5.801281852069802,,44.32953238300979,44.05883073899895,0.5330295553430915,43.52580118365586,0.0,42.263221197459295,25.738940090505704,32.44905661437312,25.515905073013567,11582.39999999991,1277.3007673624102,1932.6842701398282,1279.8838369641667,227.4330415062902
276,720,68.54997156160441,242.50891355420532,170.32867693755026,76.99270041919755,4.4819557955905545,0.04348309338092804,40.96283653797582,40.48202920379117,0.5333464099094272,39.948682793881744,0.24871126702055335,42.26337992147383,22.50806814141734,30.053621352005642,16.20286633257374,11588.332587782914,1066.9770083032347,1568.390965714095,1254.1800000843969,135.70139695671241
277,720,52.12197586558538,217.15439731955394,181.18096443465862,41.12887720486728,4.797870386837008,,41.55235050804913,41.30573251610622,0.5323455524630845,40.773386963643134,0.0,42.263049057270784,25.30529768236631,31.55753726315174,18.725999196214143,11585.85415657175,1102.456431635975,1617.4579145884293,1366.8389818165838,88.53894732309634
278,720,79.5200929713075,270.2837457211772,185.7202832351653,89.59585613922486,4.684127221679529,-0.03892124816775322,43.86411745194346,43.350733070168644,0.5323202852159739,42.81841278495267,0.2520933789201081,42.26341821273862,24.970557471094374,34.722164901695066,8.911489114382489,11619.066295557235,1115.6799836110574,1612.2378945423718,1292.379294629261,184.9880723303529
279,720,78.42847266465675,249.70727396722359,159.6283188086806,95.52064596337057,5.084698881639671,,40.80797744076699,40.57198635023087,0.532914886251092,40.03907146397978,0.0,40.51310874902079,21.319029300427804,30.668149682971467,18.028534045101065,11590.015304489536,1316.8113906506394,1897.0062350974963,1317.692176480624,182.41416399764532
280,720,73.46025656922222,243.53993958137787,179.61319222146793,68.3792679936338,4.083962942797449,0.15534867346286774,40.07787931105122,39.562071023043245,0.533133686054498,39.02893733698875,0.24947101064026356,42.25574507737275,23.852498662069554,39.27062257240532,22.485768956647103,11582.616564062766,971.8448422565674,1449.9084196372478,1360.972622674191,139.54562918972513
281,78,0.0,-58.08993337588763,3.9013324088288894,-61.66616636438183,0.29014072885935244,,8.35774668911472,8.080982479732484,0.059040265157818794,8.021942214574665,0.0,13.697804415094874,3.157604407805904,30.83308318219092,0.0,1265.6023594725066,165.02186511200014,211.8923085902766,114.37860871581452,124.12910806455977
282,720,78.83197089225072,281.2325563104264,194.05935704947737,93.60156854677687,6.060246973804876,,37.84537551831454,37.60082700103521,0.5329986200667918,37.06782838096842,0.0,42.26339957253565,26.864485080715834,32.031186618862286,12.446430524308123,11605.21158492071,1363.925874552298,2000.4700023807634,1297.159885378679,200.45136393894364
283,720,79.80231072218868,276.73433485542495,194.81078441453622,88.26371844451577,5.991346068536978,0.05850137025117874,39.51070798188448,39.11905191326514,0.5338600529357791,38.58519186032936,0.17521057929843664,42.26335682531819,26.372116206967345,35.67045149993081,11.758188851069326,11595.402023810164,1355.0086646978514,2007.8657268689744,1245.7311718537044,240.5813102063761
284,720,79.1159379064422,267.0762886878434,188.65933424873708,84.78358854143288,5.993336141556488,,40.77565578883514,40.53079196019098,0.5323638482950628,39.99842811189592,0.0,42.25687466175673,25.71714352303734,36.72414363572576,15.419438942198166,11587.699011396637,1333.6138097137036,1991.5055785434283,1271.9499413775216,175.6741205641726
285,97,0.0,-61.90259779821353,7.0967317094997755,-68.47938974567873,0.4741114131718612,,10.706795992795378,10.454275989905,0.0723551269620657,10.381920862942934,0.0,25.3309554802449,4.945362247219587,34.239694872839365,0.0,1573.589458701373,242.98443689045016,310.19020811540594,144.80230460052275,191.97896145535063
286,720,74.10164140349818,266.56701986189825,202.3078771063887,70.85165644780017,6.203796639701033,0.11328266561031342,41.32858674507588,40.83186896890402,0.5304655325599015,40.30140343634412,0.22038174467161298,42.26380670594778,27.080048466165636,38.675813179598094,30.587918778468904,11582.399999999929,1279.8327123391016,1975.550513960251,1370.7543813006723,133.87439532043197
287,720,55.95622250483409,190.707173483119,158.85698483866804,36.94054954080899,4.732498458751772,,43.50729380780831,43.244589486159384,0.5339452936314046,42.71064419252798,0.0,42.25578510460588,21.772460223955623,37.485947734429594,19.30879913012465,11584.633878534485,1200.1621625311657,1754.314716056442,1326.0718047024486,156.27929789627805
288,101,0.0,-59.53825508587788,8.841117162916989,-67.78132432759415,0.5510017684888767,,12.00180898187682,11.728129727765918,0.07706412207335234,11.651065605692565,0.0,28.290560681273227,5.650398302931571,33.89066216379707,0.0,1638.94686586149,260.0648922754718,332.69619607660735,146.2387219912589,169.00021638784813
289,85,0.0,-66.88037451834461,2.9293919044133596,-69.57541148807948,0.19878225723230644,,9.313277550972998,9.07355145784095,0.06352458894252777,9.010026868898422,0.0,8.503791857021524,1.764254187392482,34.78770574403974,0.0,1378.1218981861068,125.70617760161676,159.35916731039393,149.18422323682586,17.847657900842965
290,87,0.0,-58.51898270135773,5.331482772053499,-63.46013718907042,0.35670696150174136,,11.658739455975592,11.414412714075297,0.06543467985466123,11.348978034220636,0.0,22.165633170360543,4.352898806669159,31.730068594535226,0.0,1413.5408077298237,198.79992177866268,253.077351037779,128.2079816185826,142.61757732604738
291,720,68.20585864093177,217.3472508713216,153.49543507221313,68.54533619600957,4.31995721960206,-0.0212089866399765,48.150308716110885,47.58646574802697,0.5312425503507257,47.05522319767624,0.28824810683727264,41.98684098998782,21.227920018817237,33.93319054292698,9.988968017355928,11606.308826951585,1174.7086221169513,1654.9577302815394,1319.8022729496752,50.98443021032613
292,720,69.69842396776922,223.25940652732407,162.85117233148782,66.16016845840286,5.385707510578242,,41.720409979112446,41.45986591326073,0.5342194316908717,40.925646481569856,0.0,42.25618386904666,22.768426137720745,36.61833973856778,14.431838171153071,11594.30173453313,1378.42011919081,1996.4515725551692,1302.4825795592833,249.89740109313374
293,720,72.55606951815366,264.4695229251776,199.83411459737954,70.20962728165264,5.194864867809962,0.1391381472349167,40.76053975475952,40.248210810124874,0.5336432219482958,39.71456758817658,0.251655959058553,42.262023554561125,26.682156232225257,37.45125587732734,29.15251766500439,11582.399999999934,1098.4412581987606,1666.1213833353147,1401.765382441641,42.18953005554617
294,720,57.542090134979354,188.6119916391304,143.4479813416067,49.931899186018526,4.414387528511842,,47.34192530903965,47.07110912492499,0.533827974461019,46.53728115046397,0.0,41.83658020263762,19.929575459544708,32.57614054197009,9.976896230782131,11615.04254999419,1247.5110426772376,1775.3399241446168,1310.7445629953002,219.63712534490853
295,720,67.81215716772907,211.98841738776204,159.76656497813494,57.098115074427284,4.551054807552713,0.06012921407818794,43.754147078841925,43.22765771811828,0.5303499181754887,42.69730779994279,0.2509560948237777,42.263837310116486,21.734386273626626,39.26309963051542,15.314783180883385,11588.961193226129,1160.845479447001,1685.6640087575759,1286.838366846145,161.42100848468266
296,720,85.34330838000531,282.9200061684296,193.40990985423238,95.65242773328957,5.806381854547386,,35.972300103865564,35.722843372728676,0.5342954541556537,35.18854791857302,0.0,42.26343959496602,25.393468168861734,37.517094513360526,23.129892984936905,11582.50838779806,1274.4189764662958,1901.80712273512,1318.7934269006462,219.6912757054697
297,720,81.05709039940908,297.8469997229615,201.96840369149388,102.06443255764961,5.819601366440971,0.0937884971499443,43.075776289217174,42.568923083133996,0.5325994263403118,42.036323656793684,0.25098816119134426,42.26354420079913,27.473174421365975,30.024874120584272,10.056987261315271,11620.356450351175,1268.6483804350785,1845.9722725706565,1326.7302739867037,167.46145231445294
298,720,80.31611736045936,286.00836625321097,208.27523429375836,84.25678027840458,6.167573835814356,,38.17445998406038,37.927218755707145,0.5336590558290482,37.3935596998781,0.0,42.24748024135007,27.92973200254072,38.18772722125707,28.847927524081836,11582.399999999958,1267.3352665813636,1926.1462998180752,1307.112618281039,207.85340553987172
299,86,0.0,-64.69847742092159,4.310934524145501,-68.48289796435282,0.48927957742317685,,11.514045206829906,11.249144813977182,0.06450150068849325,11.184643313288689,0.0,23.482670293762776,3.8969313510366312,34.24144898217642,0.0,1396.0156761061853,257.1588358020467,331.9562300257277,94.2977767374753,252.94725473877313
300,720,76.22945976828656,296.94907492553426,231.38702416560844,72.54963267117581,6.622333563792967,0.041451096534729004,37.12782298680395,36.644972414243966,0.5319449501112103,36.113027464132756,0.25606349809095263,42.26347321484499,30.82895013962002,39.95464343269865,36.36777214213796,11582.399999999941,1239.130569943935,1925.3821591947765,1307.0259003642045,198.55872476842669
301,720,77.03592478069989,264.0095891898474,187.03456012905852,82.97807213596181,5.658332502719753,,43.88877164106816,43.63876384170726,0.5357268233783543,43.103037018328905,0.0,42.26390049314206,25.717279716839844,35.54688871271898,19.089067503502992,11584.404661043265,1293.4865524872303,1907.627421810968,1305.1961496608337,175.87526610532817
302,720,73.00764153433387,256.02879985411266,194.95771197741726,67.1503241984659,5.721764581129439,0.03130249306559563,37.89264418091625,37.39623720292002,0.5343091855756938,36.861928017344326,0.2504445812664926,42.263452301732514,26.62367953828091,39.43247943510092,22.00704211330607,11582.7686710461,1252.2475858759924,1888.4334211678727,1373.6664556893522,157.36331422849688
303,720,74.27840179222629,270.5956213308908,194.95263917894093,81.631710117004,5.653232495311081,,38.32737061101943,38.09874533675611,0.5320409112609923,37.56670442549512,0.0,42.10835834402733,25.72018725392352,33.46254673372429,23.66402572698228,11582.419629882848,1239.5497854575192,1859.8151773306183,1305.2883791694808,71.23347343477529
304,720,46.70973899071522,168.29770263156934,149.82649374902715,23.94081388589558,5.097649726353787,-0.11738688498735428,42.39410417806357,41.909462843090296,0.5328800319693983,41.3765828111209,0.2534131039865315,42.25776210373991,21.028002695361018,34.739332047767434,15.26930396304822,11589.914526596218,1362.5744752001,1995.2781276116968,1263.1929769381582,260.4210449512288
305,720,70.16846537098716,261.76118259466404,199.99900649069667,67.9334574050161,5.807926343562789,,40.30030221724883,40.039200878702104,0.5326458001509309,39.50655507855117,0.0,42.26346905754333,27.749455553450183,36.201736668479114,23.333812172346764,11582.43094125027,1252.5858725001037,1877.7710293522157,1328.6369551654159,93.83481792299192
306,720,72.58303333995134,242.1502891383304,174.17580423834983,73.72079887729012,5.420981083577069,0.0257987342774868,40.95104660931975,40.42733087204397,0.5331249153241515,39.894205956719816,0.25017094565555453,42.263779097773565,23.662067369836915,35.72263390130628,16.49750900718247,11587.557933747681,1280.631737611731,1905.5511483864555,1247.8099933083972,238.94657181826318
307,720,65.00299484727286,234.5213342841457,184.33695636733913,55.391855072994815,4.8546552738642506,,39.67201359476894,39.42912565404549,0.5336278271861374,38.895497826859355,0.0,42.263665444238185,25.893909408763864,37.307067310775444,12.740299545439576,11601.749513715022,1125.943096169182,1636.7343014085236,1338.1495605467665,105.28704849134523
308,720,72.77326401590896,253.82775860574648,182.0444244628725,77.88247540318326,5.727513878994927,-0.06522166728973389,48.49745540879667,47.971678079105914,0.5314252818934619,47.44025279721245,0.25092532439157367,42.26365268142573,25.240491636197945,33.83202631431733,15.577919325343782,11588.257871294396,1330.8568468782694,1968.9062509037215,1332.6966796189736,235.40126508772047
309,720,78.0353000997675,312.2198136150759,232.6214357971577,85.78810309361621,5.8225939298510445,,43.37484616879374,43.11442025564611,0.5349544547498226,42.57946580089629,0.0,42.263795826887836,31.067878318163842,35.14124855295939,27.110735192601492,11582.399999999941,1122.298325866761,1703.517611770032,1342.656552923172,86.14299621111601
310,720,64.55926857293034,215.24159971917052,164.2990939420861,55.80621503717535,4.501744157634299,-0.01421069260686636,46.8483781167306,46.31950697675347,0.5339979706332088,45.785509006120265,0.25092767598107457,42.26369543096838,23.45294891327683,36.656161054342675,11.598349238296029,11598.532731199939,1096.2126047423603,1598.8269186895998,1414.839083333742,40.763779658752085
311,720,75.3021425072893,269.31193000535603,191.84776520591433,83.68805489395193,5.851425916011095,,39.52345324726775,39.25896331993863,0.5317118312232196,38.72725148871541,0.0,42.263747964483684,26.37329183863163,33.45811506031334,25.425901162413044,11582.399999999945,1280.5252886103674,1939.3295354984423,1371.9843955898436,141.92063444952538
312,720,76.20387189203413,259.1204789853486,186.95145078555262,78.2139453813072,5.697248309404501,0.005775388330221176,39.826742144301534,39.28991255769506,0.5320246345363557,38.757887923158705,0.251365901902318,42.245851738127264,25.25298404554231,37.09689920138053,30.583691432045594,11582.399999999952,1275.5087857386404,1916.0673970749365,1337.6011653926619,195.49268879147226
313,720,77.87024789932646,271.59188746746605,189.5359217845363,88.16800015009048,5.74453832692951,,42.08285453822464,41.83318417612463,0.5328965317457914,41.30028764437884,0.0,42.26336846397567,25.595107231555467,33.78624782428122,22.203292191253404,11582.759883982038,1279.9448730749482,1910.5579117505688,1381.8679664251124,200.14965280901598
314,720,74.45551663856101,255.42200593800092,177.72362409063075,82.69613911010536,4.64955457897908,0.08630283921957016,40.31613960582763,39.794819538947195,0.532190675381571,39.262628863565624,0.2510613640770316,41.22469507321488,22.9396456476329,33.107447083508326,21.928111169732684,11583.01278946319,1116.9519930175222,1646.4728163330071,1342.3506709229807,142.4197638341927
315,720,63.59821139238725,236.67581251293205,187.42055969102503,55.412844049440295,5.811828355716792,,41.08704143576324,40.835973151028156,0.5346085368655622,40.301364614162594,0.0,42.26357927722656,25.89866950353602,35.8917893676671,28.36759218993466,11582.39999999993,1277.2710096562564,1937.6908443034536,1292.586770840419,321.6864682165516
316,720,88.96255181745332,322.3546959099394,229.79301238385435,99.91608753713679,6.956198392418968,-0.07678142935037613,37.56656742002815,37.0684056552127,0.5324850813485682,36.53592057386413,0.2514324188232422,42.263666184094205,30.62523246574708,39.00450804888492,25.39651172423158,11582.399999999963,1310.2386665053718,2002.9591354190097,1386.5596712534466,117.04430354805237
317,720,76.05164111387764,282.08016256249294,204.90898706873386,83.93790802909587,6.372386435340136,,39.61684256000444,39.356127901002765,0.5343213356100023,38.82180656539276,0.0,42.26342104804421,28.05758742634059,34.0826870993297,27.41873570161265,11582.399999999952,1330.732029524303,2012.1744764777825,1274.8985196559709,207.41705435546882
318,720,69.95316638543986,258.5009325776988,198.49393437587523,65.23136407158714,4.858188907393838,0.007076347712427378,47.90464715985581,47.38005080865696,0.5330758481286466,46.846974960528314,0.25198501581326127,42.26369315777526,27.56742559212435,37.33748434964629,16.67342165724311,11585.933523587251,1060.1548188920322,1576.2373198274556,1336.0793811165886,32.07390382960377
319,720,68.89368624565331,237.61736574178448,164.97578418251015,77.67854358342566,4.690412878784591,,43.44936803588644,43.21075124014169,0.5347742582671344,42.675976981874555,0.0,42.01017094939706,21.907539862627107,30.05441445394049,23.92927707935362,11582.41973583913,1177.739944732958,1725.7442992188237,1288.0718334664236,190.82897818062023
320,720,67.20689756586657,260.41727401776757,202.4224488203521,64.42794632507409,6.078224522557137,-0.007910862565040588,40.261522836983204,39.72425655415282,0.5355164115317166,39.1887401426211,0.2519083400256932,42.26361613539054,27.158951917572175,34.992924403329525,30.648012351125903,11582.399999999941,1286.3441573823432,1973.4372576161688,1302.5648245552636,241.5017878174093
321,720,71.12079097201543,258.09267378008434,189.96132016302428,74.39354497851386,5.881499851069389,,38.146089928690344,37.90328225726262,0.531389057636261,37.371893199626356,0.0,42.263056063066934,25.437933687092837,33.9240184827585,28.992743428220624,11582.39999999995,1282.8257317922853,1943.2456174241477,1352.5905936660295,149.59665901176976
322,720,80.02622238789333,313.10541911509614,221.70123484190077,98.39256509209139,6.580309173866476,-0.06819403171539307,43.61724933423102,43.102604617830366,0.5318487007170916,42.570755917113274,0.248521126806736,42.259480371217485,29.44046112836314,30.829939841847636,20.619644477523785,11583.196380458918,1290.3812942890704,1973.6629557507783,1312.6869212844338,143.2572633948399
323,720,77.26385500766212,294.5183917138203,222.5252815919569,78.57348959693994,6.234375264035166,,40.42151546059176,40.141466749832034,0.5334108448587358,39.6080559049733,0.0,42.2633946193165,30.195783950865643,37.97711020919215,21.416884148035457,11582.722348539932,1253.8861314976873,1904.4169621906851,1294.2134823599774,164.09737268697063
324,720,82.5224873124669,283.57469080170546,194.8211958934581,95.38508798169889,6.238034672952471,0.05929287150502205,39.50177560094744,39.006172843743116,0.5330602643080056,38.47311257943511,0.25110791996121407,42.23388826778288,26.28036893067078,34.82994332161745,24.036726105283186,11582.418432784703,1352.7691229454022,2040.0924438022566,1300.0126835755036,317.78669138348573
325,720,81.39934252155014,279.8622731381831,202.9965963747022,83.80135599838519,6.538270904815522,,40.340157026890665,40.068675636313856,0.5351757877506316,39.533499848563224,0.0,42.26365585410932,27.98944050487939,39.498664522357544,25.48507625430015,11582.39999999995,1364.5183396160958,2057.5301651851373,1294.6324560910828,146.3003811913756
326,720,82.90739343889086,283.58951698204197,196.04324451062735,94.04927201944679,6.129858789027209,0.038672856986522675,40.409156925044954,39.895367291755974,0.5339347580447793,39.361432533711195,0.24902599165216088,42.263576303825,27.16055970767477,35.88275742916747,11.904917124008346,11596.068840634507,1328.7155085687466,1987.9379037923222,1286.3309339448379,314.1472767678227
327,720,81.72291319092622,297.0824656779607,215.0446765254407,88.7337955426136,6.307494593083083,,42.43341139424592,42.17009251797572,0.5314190769568086,41.63867344101891,0.0,42.26370741154834,28.977490747507698,37.35601541961942,24.63907620815851,11582.40042587994,1264.077120363745,1940.2535695275483,1372.2258622845025,166.65290318704965
328,74,0.0,-68.28577348145575,1.4323888535461382,-69.41354412982152,0.2753375215865486,,12.949625808279961,12.661222046706825,0.05645080842077732,12.604771238286048,0.0,18.327864568075984,1.4589429745102525,34.70677206491076,0.0,1199.618117214904,181.85644813697937,235.85451756385848,89.58521036965449,149.2388808015942
329,720,83.16480370554974,323.4417950955042,226.87486013456714,103.05565912401126,6.146256707548762,-0.060724396258592606,46.6536161089316,46.085431430954486,0.5329309701919556,45.55250046076253,0.2571702660061419,42.26354066289714,29.710170268420654,31.636974143544112,24.95382638003778,11582.400007563589,1198.4274189752325,1822.042701798692,1299.809216974648,89.38138394281188
330,720,60.301004589361554,190.101164361312,142.5736842188171,52.63340573818279,4.739655921375716,,43.90190738020465,43.64352300623432,0.533136454410851,43.11038655182347,0.0,42.08003640862842,19.200707348658415,33.98430172027016,25.5885887863731,11582.399999999894,1290.4868810824435,1864.136266524842,1357.7766769810032,191.672999994809
331,720,77.88879353015356,283.88399106061803,202.56131121034107,87.1196530165064,5.4288902770202405,0.013092286884784698,39.544532449916005,39.03942266711965,0.5316997696645558,38.507722897455096,0.25082355504855514,42.26355002341818,27.897772871586444,34.32896702190036,18.359779825612694,11588.214382563585,1183.3017132366424,1765.3787725998566,1301.7232783853005,89.58189839328853
332,720,75.1506771047686,264.9918162764477,184.06754962650788,87.0214790705114,5.743906306311049,,39.59613774297759,39.358297646045685,0.5329691399820149,38.82532850606367,0.0,42.26268258504615,25.551973686592742,31.639937569512888,12.313228046756139,11611.858531197315,1342.748066804762,1951.59653599325,1301.084987397725,112.06621057603238
333,720,74.37159909420681,258.764275026682,184.3607132600321,80.31843206224724,5.5594106113548625,0.12863698601722717,38.24908074410632,37.73746913578361,0.5310823186300695,37.20638681715354,0.24946736311540008,42.263781658505444,25.011692022699194,34.212383063083195,19.315589754544156,11585.232266082154,1298.4452231359007,1905.7910731497495,1332.1876286412696,241.36505446614322
334,720,84.82986814885979,298.7826232181213,212.0482219381079,93.55978653976408,6.429079180413632,,41.5741395750083,41.31183784920722,0.5328646614216268,40.778973187785596,0.0,42.26360743374161,28.847988109609535,38.04997487897775,25.338173603845576,11582.399999999972,1303.0438230760615,2006.987393436292,1310.8071419593573,265.7627097176281
335,720,70.04530667674615,251.28920932770737,186.5395628485044,71.2710793327791,6.126933057290915,-0.1092907041311264,43.84851426631212,43.302879826165736,0.5321050058118999,42.770774820353836,0.24929789872840047,42.25394915463451,26.10528673957621,34.4097670103566,21.865091944509754,11582.900304358176,1353.8118656203826,2041.2653811376554,1301.2300396347935,180.20360648147133
336,720,64.8899210583557,227.14533880094274,166.42811761710203,66.34195615735128,5.272822558315961,,43.53136709006503,43.29716938780621,0.5325936996378005,42.76457568816841,0.0,42.25777544492522,22.843546277380028,31.718942979680058,17.10680242273011,11587.319123982381,1325.800149068769,1940.0687543330391,1297.064978097858,73.871553333901
337,720,78.3020445170709,281.53049532498727,203.7209261822603,84.27140214751542,6.10646997377755,0.09859352558851242,39.89021644508466,39.40097013162449,0.5334971998818219,38.86747293174267,0.251841289922595,42.26379641877743,27.48622480070827,36.16634344331319,26.168269673346007,11582.39999999998,1273.5962276911757,1940.643820048877,1288.8380512857061,82.94379623824784
338,720,68.58982790919326,237.6526924044749,174.97037294597214,68.64442306510904,5.5979085331945235,,40.802212642040104,40.55958578316495,0.5328913033008575,40.02669447986409,0.0,42.25599097727319,24.150929158877585,34.26761637663874,26.6214201868749,11582.399999999923,1315.306320298601,1972.765377291747,1329.8798628454401,196.05518199649384
339,720,69.97085917725519,284.22091084335256,219.80886589522623,71.40331406682091,6.579008131084729,-0.00763337966054678,36.01346427062526,35.51661793887615,0.5318980542942882,34.984719884581864,0.25443531898781657,42.263866999753354,29.920985151496268,34.26920214384474,31.66840926999674,11582.399999999958,1284.9555917714338,1979.2952525432843,1355.0152800535454,166.10368211899038
340,720,67.05804121621959,250.46203796778056,187.77573708005883,69.01608118428672,5.950975086358115,,38.27535531390458,38.01992622576654,0.5346099184826016,37.48531630728394,0.0,42.26351121498117,25.97728277708079,32.55000062407623,17.484134549484715,11587.968998509654,1351.344892026496,2004.123394893965,1276.0377364955255,273.7299340565304
341,720,70.58459963934047,243.97672691441952,180.58130677343695,69.1237660349004,5.376662176198079,-0.04375454783439636,42.55225149914622,42.04449875326827,0.5330130690708756,41.511485684197396,0.25230124685913324,42.26362308962381,25.11478905034336,36.02271662189027,18.715782941948426,11586.318531510917,1266.9934520134618,1865.5517227188514,1354.9974682822233,174.57212285657238
342,720,82.1594223273835,288.43727923844006,197.40817619557652,97.32971825556669,5.949946908459091,,39.813930900301784,39.563362187705934,0.5348977749235928,39.02846441278234,0.0,42.26386696617536,26.034456505717475,33.49456319960015,24.69182849621276,11582.40136946407,1274.6143014067277,1910.692292587455,1315.7780528129845,84.14443766993791
343,720,67.13880875496585,246.4143845869147,189.23397362133372,62.70445431048152,5.148248018206477,0.10124805569648743,40.5490517183207,40.053037624806166,0.5332739497534931,39.51976367505267,0.2504980410449207,42.26346218387358,25.752103282221203,35.78658159972509,21.694934814328462,11583.037621431076,1159.9283772913989,1734.056481853468,1335.092567364119,190.12516886759633
344,720,81.98387734185071,321.6940722851229,238.22161646028636,90.53614114792907,6.727492923427084,,37.58846338978037,37.320816073101014,0.5325850080698729,36.78823106503114,0.0,42.26361777130896,31.774905379241115,36.71580676788618,20.359311281797744,11583.177320578474,1247.979038366034,1915.4215621557469,1282.693799463713,129.1084909194108
345,720,67.27025819556658,255.83849172521758,190.06489440296576,71.69506205422209,5.526232653945129,-0.11366908997297287,43.2571903639473,42.751014990732074,0.5349889327771962,42.21602605795488,0.24872593209147453,42.259350474195536,26.624254803766775,31.422727168455538,15.173562537224955,11597.544839078351,1245.2601567934728,1819.6828353243461,1388.2340155638965,114.7442086092326
346,720,67.49357966564011,222.37535990879354,165.33519419143755,62.77324105670611,5.35794237199708,,37.143465265166014,36.9079166771844,0.5329920160584152,36.37492466112599,0.0,42.262839350970225,23.385959196178135,36.106959137287056,17.23709746978786,11586.96287886422,1328.6016904406174,1934.2943603023996,1328.4556850491535,94.78573443838614
347,720,76.26592926789557,274.29338101380637,203.78016529980923,77.01275965601813,6.117511734049581,0.1201261654496193,41.46086772996932,40.95482727698982,0.533978340215981,40.42084893677384,0.25144905783236027,42.263577708040195,27.80141108276365,37.759549439886506,25.962879095104828,11582.39999999995,1289.9518005721743,1944.0043994096202,1321.2295274218832,73.76258832997165
348,720,84.03545273474778,321.6087990339377,234.19046599841687,94.4368241165214,6.641376067899748,,38.44780471595004,38.220389743801206,0.533132566139102,37.687257177662104,0.0,42.263667263798446,31.288805948047745,36.81704067648708,30.828372688868434,11582.399999999967,1249.9966336634272,1928.2107130650068,1329.0512090109698,159.05332287987054
349,720,70.03685019780083,238.60519489406533,173.82649968120896,70.82818039009003,5.675465898729803,0.057553790509700775,36.51599084865302,35.99086187360808,0.5310718780383468,35.459789995569736,0.2511939429678023,42.263762257141686,24.129637357529084,34.62276000275582,20.029472542482534,11584.106185973316,1326.3854710499818,1986.4544063166086,1294.5913664148693,201.4031239642116
350,720,58.90469197273156,235.11077229334072,183.9166999844995,56.75923964064218,5.184403676272129,,43.54475687723607,43.33007821207866,0.5341625139117241,42.79591569816694,0.0,42.2635777290962,25.38082392169535,30.525072152410477,19.740444665040457,11584.107388158327,1190.0455854114152,1757.905554508355,1361.676493505265,110.71014345050072
351,720,72.67728277063078,275.051613559092,212.78468812382326,69.35664178392136,6.682706742262488,-0.06763308495283127,42.94846930587664,42.407986491918564,0.5340068116784096,41.873979680240154,0.2528103506192565,42.26359739651068,30.101587096103927,37.9989618786701,26.192032205535202,11582.39999999994,1320.3036924011021,2023.3123147441324,1364.9954006684013,82.2780475613012
352,720,79.13315777869431,279.3243186740268,203.20524072007572,83.53761870203368,6.943092646733639,,40.520061414223164,40.26060387911275,0.533596898894757,39.72700698021799,0.0,42.26364879487139,28.224902871984987,37.36434842767747,23.25770284726968,11582.467292506557,1426.2739691485187,2168.774210110044,1334.156543690896,210.0191103007084
353,720,71.01110938731651,237.02371635544492,172.35193695871342,70.64487529991482,5.62091600928244,0.1296999305486679,41.47164666978642,41.07278051087633,0.5377137628383934,40.535066748037934,0.16945370100438595,42.26373191461177,24.102539990452613,35.688671737359094,14.349715491693091,11592.402977241256,1369.814171631194,2036.4897322203485,1217.4442741893315,335.074992905692
354,720,85.04453751674322,298.6024721831575,210.45391621441576,94.18730835869913,5.661846766986971,,36.47826852789149,36.22721125604585,0.5332030723802745,35.694008183665574,0.0,42.26230020957472,27.742808811527073,37.950883337393655,26.461708215526116,11582.399999999972,1134.9595271535695,1738.0553618796623,1361.022315520093,28.194878624499456
355,720,64.59442168068178,234.443811932274,184.1094202769534,56.768522218053576,6.034825635058988,0.018338533118367195,43.647894758265465,43.162781356833875,0.5329925483092666,42.62978880852461,0.25270304596051574,42.26280225546419,25.662427022989565,36.21016057165499,29.962081132196953,11582.399999999914,1345.9919983759398,2036.213765764587,1346.9148886319695,119.21666567519925
356,93,0.0,-61.67295828218977,5.761991863415912,-67.16147072086731,0.23042723112336838,,9.248610251117498,8.999056310858577,0.06993334041908383,8.929122970439494,0.0,8.010707382351635,3.6045900519852823,33.58073536043364,0.0,1508.1646403027744,132.04135510290888,164.91613094556382,158.53566600974534,24.134404285448557
357,720,87.58256164656332,318.2424229100849,210.96902147262242,113.0206627921377,5.37107290151041,,35.91330667678267,35.65980592602864,0.5329652107320726,35.12684071529657,0.0,42.26235006119132,27.555823321849047,31.072230250494464,26.38688987828755,11582.399999999976,1106.4689696394742,1672.4485385675275,1336.4341942212045,77.52466914116626
358,720,68.37764841248062,268.76415442134004,201.31463517404543,73.78752176819202,5.957824903570287,-0.13426357507705688,42.74647425999865,42.24934955313802,0.5326381311751902,41.71671142196283,0.2580276778899133,42.263853346531626,27.845016220783872,31.483887528384617,19.77090591288867,11583.894189636949,1227.8139916054783,1846.246716816285,1349.2471239005345,124.80295781208449
359,103,0.0,-63.41982220128083,7.879421186667669,-70.70798527857391,0.5415302135105313,,10.930494251195341,10.674986486323178,0.07787729660049081,10.597109189722687,0.0,25.053464685675017,5.020272489745195,35.35399263928696,0.0,1669.2697491624294,262.3632310378642,336.3696443506129,141.83606993720127,142.67754670980545
360,720,78.74031319319488,241.63506989225888,169.2838350537151,78.12830271048173,5.396721847127018,,39.574673308990896,39.29870797786862,0.5337750115431845,38.76493296632543,0.0,42.242882069267246,23.461393272921217,39.67616183795404,10.696144541941635,11612.318991143602,1318.6146799958567,1908.5765575195198,1233.9986224965007,139.33202400373872
361,720,82.6757307541288,314.25612369547895,215.76901900891838,105.18738615466921,6.319932332323608,-0.08928650617599487,43.13782430626452,42.584320629015565,0.5340400445275009,42.050280584488064,0.2807576968334615,42.26387969421362,29.460894119091044,30.082037676794194,17.13865643388664,11590.59194609518,1267.9088886113914,1899.5820963511187,1300.9177847461472,109.25350183481406
362,720,71.38599313583754,260.6734859790549,200.07377564126892,65.84265865258925,4.86642914289555,,42.043562267906964,41.793128593824804,0.5353863788768649,41.25774221494794,0.0,42.26299753133636,26.496914155300768,38.46466380954291,28.591345895230486,11582.399999999978,1087.639458573418,1622.7149696695283,1385.4626380744203,141.05201598657402
363,720,58.99888258612387,198.47486649591414,155.94710885546823,46.96856874767468,4.043312315155733,-0.036332860589027405,43.20165518904105,42.6983455773443,0.5321515155956149,42.16619406174868,0.25101640494540334,41.0260897062187,21.164879204183,35.51459821228654,14.900429590402094,11589.568991845155,1091.187476174548,1588.6390624444323,1333.8203505678207,198.91530221774667
364,720,59.06275341111821,241.4610904681977,189.9716541086944,57.24949512791346,5.379347217216148,,44.903717634733766,44.66191293485463,0.533389478456229,44.1285234563984,0.0,42.26110183049815,25.340162872966555,30.438005847161488,28.434154228414627,11582.399999999916,1201.4146456812746,1808.1630199490226,1379.4156093957406,160.6018989479804
365,720,77.71333117595964,304.46347772367784,233.92100177163192,77.74393158690464,6.804113698279616,0.06922683864831924,41.580562425777316,41.06799689400941,0.5333574791438878,40.534639414865524,0.24987932108342648,42.26348267069195,31.442056713357353,38.84136538250732,34.95108082850268,11582.39999999996,1261.4414887441721,1961.974954412429,1359.136241978559,122.42056042119572
366,720,76.13749861212807,294.27949233464096,215.23761940114355,86.17338938901473,6.7286624166645055,,37.55403079278767,37.323506217915565,0.5340061183087528,36.78950009960681,0.0,42.25282582175262,28.971069329795885,33.050803917620705,28.552276388686483,11582.399999999949,1323.0108547719044,2042.9098030621535,1328.851758753568,142.69576702742444
367,720,75.971751614492,274.4325475133817,188.91007395920298,91.36661951653068,5.449254720690766,-0.02929229661822319,39.31252568308264,38.798554497770965,0.533577021677047,38.26497747609392,0.2507540308870375,42.26073674627024,25.323859123250436,30.288441856226665,19.972507559732254,11583.625796118318,1206.47930812221,1821.2099185965474,1362.0551705244166,62.1878148160997
368,720,83.95316557091108,293.05045100528906,198.14669448706195,101.34250729794519,6.0549135082362,,40.02869463991374,39.76460839388892,0.5344603196717799,39.23014807421714,0.0,42.26376982863788,26.892861030404923,33.28191192193849,10.92347288784631,11612.214166878619,1336.259739973459,1956.6785917668922,1383.7191657197952,161.7702116898628
369,720,68.01247535939845,236.94006023577307,178.488319932305,64.04681614880523,5.252563564333584,0.12192326784133911,41.12135185813531,40.598881165031344,0.5327926259487867,40.06608853908256,0.24993613502010703,42.26379726021664,24.13187499281783,35.98906728499583,28.283504568735076,11582.399999999923,1226.5249939428988,1837.1720345950546,1356.4570770448825,86.43624551369992
370,720,74.15933018554523,287.2937340291792,219.7779953535233,74.634494511273,6.693647587671558,,41.52047165390104,41.27978898817673,0.5354608572088182,40.744328130967915,0.0,42.26358849369146,30.492037760660185,36.84208292990873,24.13934181745213,11582.406815532628,1315.6712224445253,2025.2064464208104,1393.2956860845823,90.50364156860833
371,720,62.497457621693556,229.87935974267052,188.21416502548794,48.13820537048255,6.057169991037143,0.047146379947662354,40.5402163839899,40.05757821397856,0.5359989935532212,39.52157922042534,0.24822276877239347,42.26364431726703,26.33761000236694,38.42835493645228,30.016115665254166,11582.399999999923,1325.1112090454053,2031.6671979741193,1326.4470860416336,169.14493575032154
372,720,80.70684185246583,313.5368548586384,230.67076955200102,90.25236115980489,6.9670900469588375,,41.218426613137126,40.982105088885874,0.5340080833993852,40.44809700548649,0.0,42.26363799093237,30.63771182033912,35.58066127256338,33.339697572793604,11582.399999999974,1310.057395502156,2023.8750999127087,1336.3505341471964,148.20729168797774
373,720,80.26178613440294,313.3489309395016,221.71202153448186,98.66873680774563,6.650199170660088,-0.16224929690361023,38.05453614797443,37.53098503034562,0.5340733779594302,36.99691165238619,0.24966469686478376,42.26363684509023,30.222301021636678,30.92741773053012,12.511857281468771,11595.134231312251,1319.4315763226714,1984.1837348218962,1347.9128813674197,137.73119408274206
374,720,66.54753294977384,273.6922043590602,210.73498568687154,69.53897070170012,6.203979800347935,,41.77182074310258,41.500816928222775,0.5344770816154778,40.9663398466073,0.0,42.263462826509155,28.877424870050298,31.778047598923777,19.896871303987044,11583.257524540106,1306.631247021551,1981.6467640101255,1284.645735865225,270.4985258562646
375,720,76.29139882776629,282.53767189073005,202.2499745325863,86.68671167549994,6.019670870703986,0.09885458648204803,41.81120756966993,41.31200441485271,0.5325099271722138,40.779494487680495,0.25212454004213214,42.26363256417563,27.582855811171743,32.94804299001632,22.328896630561452,11582.767827809877,1290.5093895718292,1937.8623364928096,1363.0745164150323,159.60135310392818
376,720,71.11836456854338,251.60236023310688,194.6373538840459,63.228592110065875,5.906682562951971,,42.35142884589732,42.09657933469862,0.5345465233549476,41.56203281134367,0.0,42.263660603973776,26.70979321828982,39.50406851351045,31.492568883236387,11582.399999999914,1284.2155894274742,1943.7855051803351,1310.147881185923,79.49602704531449
377,720,85.10055160271264,334.22421530354035,250.52261230750563,91.28376704645976,7.163607199562724,-0.006405440159142017,39.124291805084795,38.62276333803311,0.532367039937526,38.090396298095584,0.24887182796373963,42.263849313624874,33.02483666928476,39.45866807948276,34.30142188918218,11582.39999999996,1250.6310841724614,1955.6923608407249,1396.651995470677,107.41390201108764
378,720,63.93270760484895,193.7722431328974,142.4011783875091,55.33198447563083,3.6072049787311364,,40.5078486520797,40.25614560302347,0.5339725883677602,39.72217301465571,0.0,42.26333871580468,18.734244230127512,36.266715367033534,18.036152451460786,11589.684661205945,1061.1191852252125,1491.8744202789237,1356.9997098697993,25.346735268779266
379,77,0.0,-63.34325519566295,2.9628083924724042,-65.95351210638114,0.3140133123369577,,9.544428463093936,9.27364931628108,0.05849261861294508,9.215156697668135,0.0,10.62156275202641,2.590436906455084,32.97675605319056,0.0,1248.7655416687464,187.30233364700445,240.39390154585655,106.0036744270978,105.51280569998343
380,720,77.15342883239617,304.14632018989175,222.63752863857718,88.59898197731064,6.7107264041395895,0.007872909307479858,39.051783740054816,38.530231507029384,0.5338941160589457,37.99633739097044,0.2568187490105629,42.25930752376206,30.175218907356665,32.85393784374085,24.841278697849717,11582.400148667568,1309.75572020381,1992.2409739013199,1339.4923988947921,104.09320961021993
381,720,83.70163143222642,305.45883789590613,225.31415218326617,87.45334738463764,6.89403537752172,,40.788927228190005,40.521944666747004,0.5334985293447971,39.98844613740221,0.0,42.26364857689492,31.009285306098228,39.9749577399076,24.85956587913102,11582.400077647575,1318.7516586656916,2018.2258922508618,1384.034416962752,126.05195811731434
382,720,78.81948472730849,292.04198173585195,214.6892534416239,84.53765142169213,6.775900596800318,0.02387356385588646,42.01735772006214,41.53466497408226,0.5322725013829768,41.002392472699285,0.24725283915176988,42.26348443422594,29.765264231285208,36.550659016462426,20.385392283446823,11583.651637554867,1367.9968209858066,2075.126035327953,1287.4654639024554,200.51698500771707
383,77,0.0,-58.227974092929685,4.874838123223648,-62.68747134918097,0.369593399176055,,8.41765407519415,8.18812228506431,0.058297012001276016,8.129825273063034,0.0,13.947144923058481,3.308260716386043,31.343735674590484,0.0,1248.080418413386,184.8614474577927,234.3703050969246,143.45532970307707,60.20936589841758
384,720,78.11643295763525,303.59946889477385,217.91437386931645,92.86861934527343,6.764281392293575,,42.53412750782445,42.28612727019936,0.5343727506697178,41.75175451952964,0.0,42.26388632851246,29.911504717362668,31.682123284998543,26.906230003597898,11582.399999999945,1314.8885802466625,2022.0197330999297,1370.3005729981353,79.94792093434106
385,720,61.720823861617035,263.9239836589273,209.00376576651843,61.10836406046636,5.786159189182613,-0.037322066724300385,40.73705091513693,40.22963071754202,0.5340005308389664,39.695630186703056,0.2548557762056589,42.263586958007075,28.842214326699686,31.166641831383856,24.83849700095355,11582.400096987863,1177.4412243549336,1773.8832660604437,1387.7707830267896,59.26632936564204
386,720,78.03104086419368,299.5487574171328,210.91476683248226,95.83831723673859,6.774265086988065,,43.77475333120674,43.49648515507579,0.5336423637345433,42.962842791341245,0.0,42.26349435632736,29.116651664703532,30.111882245824397,14.701055494627454,11590.07576918264,1349.474328416172,2055.755489946834,1339.5774869019338,55.88820462922267
387,720,76.19994064374458,268.6552110171548,202.90653117897824,72.45286739957832,6.284898783136531,0.058567892760038376,40.242920856922865,39.74425308872014,0.5311575341038406,39.2130955546163,0.25118153914809227,42.2635336287118,27.916646899733927,39.97350694395542,34.60088446121323,11582.399999999947,1286.6607006347815,1964.1014123318027,1352.8640239329686,123.05183823749618
388,720,70.74379929895039,264.92527889933353,192.8746840832578,78.46703075190251,6.0035328972197455,,41.726289954036474,41.4732450498268,0.5334184719249606,40.93982657790184,0.0,42.263602704731674,26.2612362725414,31.510283922999132,22.566214414079813,11582.681157111352,1316.360615550712,1983.952115056682,1336.2470750259426,101.40062147640039
389,720,80.94595198745866,289.6520043011568,213.37697783614112,83.15428596708698,6.505929124058173,0.014276638627052307,40.13077859580517,39.592293246183544,0.5325683727860451,39.0597248733975,0.2526945509016514,42.26358074868058,29.348558176555056,39.36880900391517,26.705044228337137,11582.399999999956,1290.8699900619104,1983.7063672217832,1305.9020941310507,59.38635820620514
390,79,0.0,-56.0980867687976,5.155370172730724,-60.95435511817422,0.2627377447223857,,9.567954376339912,9.307690742891282,0.05959043279290199,9.24810031009838,0.0,13.577625888453984,3.960498316008017,30.477177559087114,0.0,1284.3172065845731,151.51010100346573,189.47179277575637,145.0813926255091,36.00819475363616
391,163,0.0,-42.39606120730528,20.021141396417953,-61.60306463329654,0.718040467546801,,13.868350718170404,13.613512441050261,0.12152686808258295,13.491985572967678,0.0,29.040333782577594,9.59820592545455,30.801532316648274,0.0,2662.5711693767403,312.8112232750504,390.4323912355894,299.4711204764416,58.32040650506571
392,720,71.34714448068117,252.24381654471355,186.07983328073237,72.69576865460039,6.127482029341574,,41.71600919403136,41.45614313939586,0.531889149453491,40.92425398994237,0.0,42.26342963663084,25.846335019336887,34.99926015338097,27.58517241375212,11582.399999999981,1334.8475838754537,2029.3541003433163,1332.0784836883163,93.07139818314371
393,720,74.67315636581074,276.2023490931274,207.33671327816108,75.6723151924796,6.38656781762578,0.0101699810475111,40.14161166967824,39.62973441090435,0.5316057144664228,39.098128696437925,0.2864784640260041,42.263526648806234,28.475436006408067,36.83699876957094,33.855132058873345,11582.39999999995,1303.9318006593849,1994.8150348940574,1378.7066227657879,146.9233559526254
394,720,82.69253891421243,347.17350427353693,252.62479040878284,101.98583036156138,7.058840289920505,,41.055140492040664,40.80562681471929,0.5337955891154706,40.27183122560382,0.0,42.26380683211436,33.09847021065064,31.699623733431743,28.009796239131518,11582.399999999952,1238.7384051791835,1925.8032183568355,1359.5187403050284,123.4260119147055
395,720,76.9499344084685,314.67111018489254,231.5185559829864,89.77641122883219,6.2084924352481545,0.0327061228454113,37.46893126424402,36.9668409563601,0.533842287492007,36.432998668868095,0.25144894793629646,42.26366200280616,31.349297583539585,32.0617287940524,24.239279834330397,11582.405345851546,1184.2636669790745,1788.8125153951148,1385.9609263000093,61.85747706301355
396,720,74.29345159056585,280.5007004279518,218.85571985787672,68.79300952291725,6.731204106861159,,41.18210157286376,40.92162635270506,0.5335353617556393,40.38809099094942,0.0,42.263623527864524,29.788490562135955,39.89694682910723,37.3902024331118,11582.399999999941,1291.873532181782,2011.9369235348008,1360.7875575413684,99.91113762475628
397,720,80.13001259271017,272.70118419679966,183.60022363510188,94.88254253888348,5.422308964543365,0.017647068947553635,35.9740848839283,35.49144702916965,0.5313253719359636,34.960121657233685,0.250758889131248,42.257895814061825,24.115600107907387,32.68874132326843,21.209747215365546,11583.147049190282,1243.246533958933,1854.0478644870605,1308.0209649608987,204.6658603062038
398,720,74.7752630525604,281.6097352361155,213.29565525671057,75.49527269369507,6.766045674213614,,40.42173630557954,40.17624162836,0.5321586597710848,39.64408296858892,0.0,42.26306524458773,28.789633524575827,37.02762670571287,32.010428947535885,11582.399999999954,1309.6089201534528,2037.7497513997394,1340.7327462757025,59.75483830822671
399,720,73.12563191688643,272.2728382782413,210.249540691378,68.55746590138897,6.127750494938849,0.010739749297499657,39.65859433775768,39.14139501284808,0.5342564703896642,38.607138542458415,0.25508867017924786,42.263794632924075,29.05318187703236,38.84689896619195,32.58211631822872,11582.39999999994,1224.0505538787468,1865.1830037024247,1337.8831034188267,152.1517149178132
400,83,0.0,-53.782197055103595,6.757953310839544,-60.19391361275102,0.30366379359261747,,8.026995975058526,7.784071968868375,0.06235988484695554,7.721712084021419,0.0,16.519849646896972,4.518659164233401,30.096956806375513,0.0,1345.8617415528067,150.8451796227246,190.0800039899368,157.38128010149464,84.49812634736628
401,720,81.10929159541229,307.3190197636813,222.2907694854763,92.19935578456305,6.767092087480021,,34.73196038976312,34.492192808073014,0.5319991540163755,33.96019365405664,0.0,42.2637021674113,30.30746149296133,35.00961370313076,26.20789385476699,11582.399999999952,1316.5568756854498,2010.1512126659752,1337.499188114717,78.13072303477637
402,720,79.13594365413414,285.71537674519396,200.59445394161847,91.97589246669705,6.426438715062089,-0.05216449871659279,42.90508104907349,42.38469166774303,0.5354867544956505,41.84920491324738,0.2602294893004,42.263680697189024,27.648490500395,33.147997420785615,18.759436805474625,11585.123695088163,1358.2852703979186,2060.3954869762524,1356.545269975828,158.36945975561272
403,720,83.8781428804918,274.12764074694,186.3084306198691,93.83959921768565,5.634610858107871,,38.47408444713801,38.226792397908866,0.5340487323701382,37.69274366553873,0.0,42.25129527577502,25.458558983915353,36.95834327164897,19.471874389272596,11584.55792706213,1281.9057649927627,1893.1561669847763,1346.2165545653065,42.86827609356472
404,720,82.05149073075734,307.3822021591716,216.3603933137378,98.2821132495551,6.85118637272845,-0.03453904762864113,38.31487088371068,37.82245273189619,0.5308595765382051,37.29159315535799,0.24913248978555202,42.26343406171554,29.451814754112704,32.91043410597979,24.316476226809847,11582.405356494322,1341.5730383846533,2060.0808614218927,1301.2881768559441,191.06386974559047
405,720,84.92590925866367,324.35040417655574,233.78516995638944,97.55463410995313,6.608887741634389,,36.862451570574194,36.62820139527321,0.5346481329761446,36.093553262297064,0.0,42.263389579062924,31.25742176096117,36.1485922036871,31.558650284943816,11582.399999999965,1214.2121158098862,1887.8001043475685,1364.2687047679758,42.44443332489274
406,720,77.38040287180435,292.32918757240026,219.25173186477997,80.01991587424185,6.555943683695044,-0.05474688485264778,38.937740771099925,38.44784649927169,0.5332483081147075,37.91459819115698,0.2489936393685639,42.26349716302674,29.410617577596604,37.37044493468343,32.98950894501174,11582.399999999958,1282.1324903563666,1984.122788210314,1302.174111945687,174.29909578657737
407,720,77.80057401260424,278.62780594013475,206.1795220781433,79.41344386337889,6.562347610661693,,41.11360487528145,40.842815704178065,0.5342339565977454,40.30858174758032,0.0,42.263731883330976,28.679486100523707,38.0938520809148,25.025205182222326,11582.399999999927,1347.9374776412728,2051.8513961343697,1324.0433110671988,173.85301255425534
408,720,78.17000339342158,292.67702646458383,213.95414014483538,85.61344354986744,6.449104098416097,0.14602932333946228,42.905983126256615,42.38243344519287,0.5339630064554513,41.84847043873742,0.24845543131232262,42.26377500870271,29.411096051933292,35.36328161848786,26.970977626319005,11582.399999999952,1288.744771234878,1945.7814335917508,1382.6528630469288,103.36945059291607
409,720,70.41218753454737,273.11455942460515,204.5092943870448,75.56567961995374,6.520334578039746,,41.56994286412373,41.32232264475897,0.5326921860687435,40.789630458690226,0.0,42.26390241171124,28.62344214993743,32.6293477245705,20.109913260492455,11584.4683976072,1339.6624295995182,2040.0377131861542,1323.572295381794,225.94085169400282
410,79,0.0,-56.64869202885947,5.396937524647744,-61.5821634506829,0.4236993658659292,,10.720162509940565,10.474022958427668,0.05909694451838732,10.41492601390928,0.0,20.29976854168137,4.039279093563385,30.791081725341442,0.0,1281.7946102116512,203.06722839098236,259.4364335134808,111.57345160088306,108.68574965890113
411,720,64.67356932947904,261.156151390405,201.6621817330386,64.8719217829397,4.995144515146288,-0.06014438346028328,44.09646908007562,43.55952525418252,0.5344475358724594,43.02507771831006,0.25609229411929846,42.2634682982108,28.28239713847675,32.23760843800919,18.038682744397892,11584.722249555087,1087.917595851139,1609.0796880042692,1371.3183638334526,21.41104195595291
412,720,74.59954583676401,275.6678458762312,204.22222742876298,78.17253267458236,6.295903504729092,,38.63491723826155,38.391017894260585,0.5327004357241094,37.858317458536476,0.0,42.26366997410065,28.38721918862064,35.51327949947283,29.00007733197481,11582.39999999995,1259.8165504834637,1935.230511485181,1325.5149727083467,147.7192913756011
413,720,64.53690221176454,231.0815065271621,174.9235767505052,62.674149080289226,6.095595934799321,-0.07998476177453995,43.93154727621004,43.385486625134945,0.5315697435289621,42.85391688160598,0.2513111438602209,41.97440260147534,24.55615018256489,33.19982767161993,16.33870884955683,11588.304006919429,1439.6565385488393,2139.7441604459696,1296.9430219943563,294.22057504552953
414,720,69.61399989106167,261.86639541577534,198.4012151263379,69.56840593258372,5.7076843754238915,,47.037093468010426,46.76127095706761,0.5334421945735812,46.22782876249403,0.0,42.26372199469135,27.664483397819268,34.82979692476981,20.025113077841638,11583.536906970498,1230.7489895153494,1820.4812795813066,1345.751685366019,73.23971041254384
415,720,54.46527997523252,184.93718113758797,155.9240375398157,33.24715707141266,3.853549704197895,0.08275224268436432,46.94723694212735,46.44872900098562,0.5318859564140439,45.91684304457158,0.25323194777593017,42.262929094141406,20.58895554782983,37.84170143952619,33.811217286323995,11582.399999999898,1004.6103028021798,1495.8788428475045,1307.5867604382724,126.33869198437259
416,720,81.15514662772392,290.76939443006023,205.6144453843539,92.27968926388778,6.66475035128534,,41.59376090019941,41.320822046138346,0.5318713583983481,40.78895068774,0.0,42.263680081749875,27.961452596469286,35.015301995780035,26.213932558012864,11582.39999999993,1361.4887974103735,2065.438105285829,1388.2353376836895,99.14288934763806
417,720,69.59599753136753,281.15200959458593,209.17374032468743,78.6889364637012,6.327795391065535,-0.09673772007226944,39.75500678084791,39.249172494746745,0.5301522300578654,38.71902026468888,0.25023894291371107,42.261352064648605,29.048912194599946,30.25152929951693,17.640251178412512,11587.58916749735,1317.1808759458586,1981.155494769922,1308.9045075438858,175.76384287766976
418,720,70.01042856701481,270.3211125962184,197.48939442470996,79.51667497894718,6.268206749515908,,40.608526261057705,40.345989644061774,0.532351893838495,39.81363775022328,0.0,42.26365499826526,27.50371642583005,30.25209107754122,21.078265110426607,11583.463132699759,1347.3037620257448,2016.9175004794502,1342.3702897090182,117.58427569210052
419,720,65.75769207266394,249.0622945406825,199.8568646188865,56.18455830138117,6.53495586909319,0.08013833314180374,45.29916987475008,44.79033216787502,0.5311067360453308,44.25922543182969,0.25141624826937914,42.26364505582406,27.686675480998836,37.665412921973356,33.92884843364756,11582.399999999941,1368.9333321412525,2087.0377999142643,1387.3879617908801,200.9117522838031
420,720,74.59303244334922,258.36221184832374,191.43330210169964,71.61933047043816,4.295394126182462,,41.97270845901221,41.71103834128007,0.5330029265023768,41.178035414777696,0.0,42.2633775976378,26.365351369689073,38.78336720813012,9.497859678715718,11609.230173533295,1013.3130560074414,1464.4857470897205,1392.4766701287185,86.26655479162231
421,720,53.246788606045534,179.86308874323927,144.39121692819967,40.42290644737918,4.551520365310868,0.10641731321811676,44.00617141928524,43.50439760135487,0.5318774157203734,42.972520185634494,0.2508996860124171,42.220754334154535,20.022791669210733,33.035335382355946,17.02058792386595,11587.25865632097,1240.7473414744502,1812.2001041502635,1343.4129250461374,153.19798729144216
422,720,86.90310740503162,338.3511035694231,232.98099955686462,112.50223217127777,6.741422457987534,,33.049852828960866,32.81073058908805,0.531483803410083,32.27924678567797,0.0,42.26014571995088,30.44563905415005,30.651991319392735,23.76046427299711,11582.415058772956,1283.519960015664,1949.4442577058842,1328.4799351138684,49.11417910012589
423,720,77.95381479081163,306.2958922322296,230.29493725726783,83.70804229374775,7.281359808777218,-0.18988779187202454,40.09507969999686,39.59792628791183,0.530377677641809,39.06754861027002,0.25218218099325895,42.26342835296165,31.47269746843111,36.09979364393776,32.77552024033577,11582.399999999949,1340.961020767805,2093.1999336187473,1331.0161935517447,105.94420988609235
424,720,80.36870345241996,314.518875120591,236.07403476658345,85.83280603920463,6.981620676236793,,37.76170906610787,37.51174878422171,0.531896113883704,36.979852670338005,0.0,42.26376075293303,31.736212985160588,37.45230043281765,32.93111400380578,11582.399999999952,1283.1114745232603,1982.974675680174,1352.2485234643548,115.25753936793163
425,720,70.89621054414152,264.6772807119162,193.79785418589154,77.92563993599475,6.629125184516779,0.0774679183959961,40.488953073043376,39.98489405820146,0.5311116687953472,39.453782389406115,0.2505148183554411,42.237525453131326,27.094852024283266,31.933390576144145,23.295708318263515,11582.475850024482,1416.18172957278,2148.367437448012,1298.2976606270975,255.97831960571992
426,720,85.49942858593215,297.1956216390842,208.06997375081934,95.65736553158278,6.129941040327084,,36.44128173775971,36.198673775885254,0.5324108339846134,35.66626294190064,0.0,42.26350974093331,28.387327582301452,37.67074582014075,12.536799228611459,11596.703719854093,1286.2751163633545,1928.0700055102925,1330.7674747503002,88.137638832434
427,72,0.0,-60.24591440054642,2.7569674930456927,-62.72362278072562,0.23992733970322316,,12.125381181016564,11.817069850862026,0.054573755245655775,11.76249609561637,0.0,13.095497412722752,2.501344592711137,31.3618113903628,0.0,1168.3681011136482,152.14583926071188,189.45746839420028,149.45353120834358,35.22267172998244
428,720,69.45031178004334,260.92301858511735,195.894993437057,71.56628372497536,6.125254563371102,0.04236845299601555,41.69449464417994,41.16983089083806,0.532101518008858,40.6377293728292,0.2529515828937292,42.26363301270901,27.381015674339388,33.667169917555654,22.817561179699535,11582.69267802943,1329.9853323651357,1994.214213752734,1376.703915438138,153.04056493270207
429,720,74.14346527478445,306.6799437856311,230.74535293989197,81.82094501656272,5.504584670565362,,40.78405018988997,40.5402830359526,0.532262354157865,40.00802068179473,0.0,42.26357542770577,30.795097161985257,33.23299276650309,30.47064125879994,11582.39999999993,1084.245717627825,1649.2544022611044,1396.8998751819788,70.08973115634475
430,720,74.27995768510053,268.71133550029106,200.92094278443852,74.50388879818634,6.320264996697835,0.12388070672750473,42.09177239984274,41.59276183601469,0.5325866681523621,41.060175167862326,0.25152238830924034,42.26364082369987,27.50951505915758,37.02801328600736,26.620729043738304,11582.399999999936,1334.0473162337303,2019.5057314352885,1312.1741748684697,143.79606793441198
431,720,86.49675933586904,351.97932427247076,246.85682925484005,112.3815000407046,6.878641802179697,,35.58437158539891,35.33370896615088,0.5313518834300339,34.802357082720846,0.0,42.26354162990905,32.292517828636335,30.30600931551674,25.660677398047326,11582.399999999992,1240.0128511289329,1910.751096382744,1354.9731296461646,96.23890852664375
432,720,67.6595324386048,239.6909303655239,184.32330043560825,60.97303553903393,5.224950329767734,-0.14888860285282135,36.67740406515077,36.20039584906772,0.5324544450268149,35.6679414040409,0.24784150999039412,42.2319763114383,24.667745665562606,37.173014669087834,34.08423746278902,11582.399999999941,1165.1386127951237,1763.078071505763,1314.5881090820026,193.24724068670147
433,720,80.82959077607313,311.1672254577646,227.4872463931241,90.80543481769134,6.711318176324032,,46.160815434064716,45.854000157210976,0.5325569277629256,45.32144322944805,0.0,42.263805432161725,30.954204865944753,35.426873367227465,28.641062030048758,11582.39999999995,1304.643616009271,1998.7931855869824,1341.0535195041089,164.24491345820806
434,720,72.8777520600139,279.1653421972278,206.45465392877523,79.37027024202816,6.275560013407637,0.00837802980095148,41.93670660210773,41.4401178304106,0.5323565485887229,40.90776128182188,0.24949918081983924,42.263476841831626,28.441301479955047,33.19261693899983,25.119421528868614,11582.39999999994,1313.568750915304,1976.1616357013118,1347.502128672132,162.1334533169912
435,720,80.19613010722344,306.3252862273292,215.63142131939455,96.38699999615683,5.311849689766558,,39.98857001774013,39.723213431891054,0.5343001405708492,39.188913291320205,0.0,42.263477215127935,29.17118724497901,32.002630109145024,22.406054366550663,11582.718091993045,1108.389554412813,1664.4081582490946,1316.4814509137484,106.77462021153826
436,720,71.26602555956671,255.63839281775844,194.66318826160247,67.7868592181838,6.385124821093419,-0.11959916353225708,40.57121823914349,40.05640566116199,0.5311298803426325,39.525275780819356,0.2496290821582079,42.26365908529092,27.5616798394225,37.37259595047481,23.620149669967393,11582.445877192415,1350.5776926385554,2056.5314872419026,1348.845212133821,191.32310534507315
437,720,72.75845189454127,259.29401400203227,197.39159689553998,68.04591736609991,5.701601887717669,,43.09380053309724,42.8344387318939,0.533020434435457,42.30141829745844,0.0,42.26337286721521,27.551631988166896,38.73549321149131,19.28690611000238,11585.158950336205,1263.4624793624555,1890.3337278821182,1383.8475631275226,151.96054619757547
438,720,80.53932192069048,267.75079340054674,187.26929510419288,86.79381760313197,5.9065466249393515,-0.07670677453279495,41.70214052638039,41.187966145109385,0.5322234728373587,40.65574267227203,0.2496455362997949,42.20847688892954,24.859187393393384,37.1424131191245,32.289521585912986,11582.399999999941,1312.8697099657754,1978.9149872202922,1359.2810369218773,175.01724448526565
439,720,65.06814074504223,254.56411326037235,194.4758922460133,66.52838106300572,6.016165076504901,,43.836790579836816,43.58288659481332,0.5325255268253386,43.05036106798798,0.0,42.263787080633726,27.028584410422482,31.803950213539363,24.838617824796017,11582.400060173188,1273.5695364081316,1924.7184000555014,1350.5716503055442,206.5039652240788
440,720,67.73540210881227,272.3716968487209,212.31045567729618,66.89417854157763,6.430351265195189,0.05861012265086174,41.88518962729722,41.411655322182924,0.5337203610688448,40.87793496111408,0.24752131989225745,42.263588603418164,28.865227837593103,34.28831283802345,28.862021798500404,11582.399999999941,1304.8383222561372,1998.2123412340009,1379.9231916154265,250.03495593477163
441,720,78.87068178311675,299.4148653907941,210.77699453836715,95.61782542603339,6.55583587710765,,41.58818293875083,41.35698377294466,0.5323992939665914,40.82458447897807,0.0,42.26361557480984,28.70297609609811,31.06176907010006,26.392916898725677,11582.399999999912,1310.6089219834953,2009.0301789034677,1330.4202278351654,190.50658655023256
442,720,62.204789142397374,232.6992687291977,193.28895229365327,46.49845141140527,6.657722006515154,-0.0002399695076746866,45.25527383200824,44.74937799712643,0.5326573508791625,44.21672064624727,0.24883212195709348,42.26366820244034,27.118802825822335,38.95556343669474,32.150383448103135,11582.399999999956,1377.59716075788,2135.8502587415765,1273.331095940601,321.6305481863043
443,720,72.04357279674878,257.7330710877947,193.17863095860488,71.02695714788706,6.071796691993774,,43.14746026368812,42.88331140484661,0.5328997317701578,42.35041167307645,0.0,42.263836808883916,26.727868051000492,36.530094222805246,24.477286237795678,11582.4026716966,1345.3097954551076,2020.9515205945277,1332.7968335175121,260.6899121233867
444,720,83.20577004345586,288.3302109515473,204.86679819505974,89.12946665296917,5.26215771028549,0.042110342532396317,41.29468745319173,40.76755859097466,0.5315959211438894,40.23596266983077,0.24912434816360474,42.26349013219661,27.708420361657776,38.641036716971286,14.162167644508756,11593.091381674001,1109.5449086341941,1651.6590401949663,1329.528801720556,133.0194582496977
445,720,71.38631996447927,251.2918793865341,182.53328459409292,73.32955021670361,4.215904326330326,,45.96895091608167,45.71996515477076,0.5331591218709946,45.18680603289977,0.0,42.26351651578026,24.502373287775864,34.721544856127466,12.52732404182023,11601.551414911895,1066.1046189360284,1539.1595838178298,1321.0240066568185,159.23214155932382
446,720,78.71289185597628,276.87732806015293,189.18251043351773,94.28305108635598,6.151794590565133,-0.02234811708331108,40.627112458925694,40.11410723114386,0.5313415145501494,39.58276571659371,0.24893978238105774,42.26339133906232,26.622873611434308,31.571366312798293,10.98736238014819,11607.475016420716,1377.7139898567516,2035.1364170037562,1368.0265333208604,190.40509449311617
447,720,71.73080388613695,240.4597691094126,177.18600300493168,69.78756201128121,6.050760095137163,,43.7793603958562,43.49751465721056,0.5340416110120714,42.96347304619849,0.0,42.23777948982163,25.527804573995308,36.83702288049635,18.74106006250282,11585.831964109642,1417.3352364625457,2092.645453364834,1381.0360777070473,135.79828438877055
448,720,81.53565808580946,305.5165597647977,212.8328468736587,99.3554389095745,6.269575822748254,0.09747052192687988,41.8454339299351,41.32377262506634,0.5347887398675084,40.78898388519883,0.2509982059709728,42.26372650089328,28.54454088755105,31.857938631022208,20.156826456158754,11585.223832359505,1313.5460140936855,1951.3184288095724,1339.6530746016972,139.47145520765923
449,720,77.13281436838224,288.8100228266214,213.81864960900194,82.1251979855854,6.729903995803441,,41.540226347278804,41.29122629202902,0.5327680394984782,40.758458252530545,0.0,42.25591365464093,29.10242208904998,36.07021537558954,31.206535324214812,11582.399999999936,1313.4717681882416,2036.8231747878556,1327.5821675056839,168.4582442719046
450,720,72.93751730365862,283.59493427098323,216.16331513349928,73.08498127377608,5.267291627492797,-0.010901294648647308,42.80680555012077,42.2957806000486,0.5305914380587637,41.76518916198984,0.2523862402886152,42.26300178006818,28.74585012224148,36.39502666677058,30.1838986974702,11582.399999999956,1093.291450047961,1646.609709880292,1410.7827578817198,138.9318864296852
451,720,58.85872377992648,216.75930778296214,178.03629761962537,44.882939880116325,5.750605088041928,,42.63636036682874,42.36970774270594,0.5318661951459944,41.83784154755995,0.0,42.26390616008819,25.079291017701483,36.417253839868316,22.446186127994157,11582.563384008929,1341.2515949759047,2007.5882669312691,1362.2238642518007,160.95335437955342
452,720,57.52362792231117,232.48299117331976,192.24923468141472,47.18961531557606,6.525142532022932,-0.08926888555288315,42.55071503203362,42.03744838992134,0.5307341953739524,41.506714194547385,0.24977125599980354,42.26377838146991,27.248878587417753,33.92882026452314,28.460067759671205,11582.399999999927,1385.3771704713633,2100.222346214167,1359.2251923562599,251.95282791792891
453,720,73.43407612264622,265.1684319573693,189.69415826101869,80.70653870912756,4.846310049054565,,37.407853971235454,37.15171870868653,0.5334952864795923,36.61822342220694,0.0,42.25372522683894,25.274126809307532,33.08080676808244,30.804539774918986,11582.399999999961,1068.6373966360438,1616.6379213798004,1388.0225188760728,49.00383371634504
454,74,0.0,-58.724012763584795,4.10712483252481,-62.372718895507106,0.4227411595857248,,8.598988584708422,8.348481356166303,0.05681982822716236,8.29166152793914,0.0,19.052927444667358,3.6503728014059567,31.186359447753553,0.0,1199.839454618978,214.41365418232786,277.6982832427425,95.30539017647767,162.03662586752256
455,720,62.455772203729424,214.62485744506898,172.42406628980876,48.67369916533812,6.053504277837988,0.019877109676599503,42.76678919279948,42.26380178518593,0.5318023501895368,41.731999434996396,0.2581831053830683,42.24763096903406,24.39275564068486,38.118922621060364,29.648047784189053,11582.399999999918,1390.8608669745176,2099.9764964851993,1250.8057888364012,259.8600681653819
456,720,83.53790889380119,301.7798894883647,207.0932364566254,102.43144210888914,7.248633884416356,,42.01922677876428,41.74333805590868,0.5341656534001231,41.20917240250856,0.0,42.26275525711517,29.163644969986976,32.32218783935662,13.242790934850879,11596.731719483694,1465.8152333868074,2203.2794090049506,1351.6383455861642,185.2158357678277
457,720,71.13899678363929,261.82742820195284,198.9600729202803,69.73952394286339,6.449334273035913,0.07227278500795364,35.69460709905252,35.17910852609202,0.5332644870504737,34.64584403904155,0.2521242741495371,42.263451285601,27.48630892591314,36.26923481220759,26.836556981400005,11582.39999999994,1369.7711459821558,2085.25529424416,1298.0256940748513,219.32491452758364
458,720,79.60097797027771,304.42340186589945,215.83792204149591,95.6203003411438,6.59959982720676,,41.23416402703151,40.98519803117961,0.5336373271420598,40.45156070403755,0.0,42.2628961445037,29.834279598637053,31.790827799705813,20.942992191762556,11583.385125877594,1315.5560949400754,1985.6823817354411,1386.0864048660987,188.19712977254093
459,720,85.00689739690294,296.03805137901855,201.17823985869566,101.83714481246442,6.541838830810328,0.07284637540578842,40.055157523136586,39.513415531255305,0.5317544038407505,38.981661127414554,0.248894477263093,42.26373187128498,27.048161078159424,34.088324990670735,23.92028033998883,11582.410119180133,1375.810517055788,2084.3323620691535,1361.1231826899077,161.92431697708747
460,720,87.6020544856911,337.45493568107673,234.06261517583965,110.38006814851316,6.6131075957116865,,39.145951020065695,38.89731687307358,0.5329621685668826,38.364354704506695,0.0,42.26271657315974,30.878581598669356,32.41202041143452,21.530850087271638,11582.88627444193,1257.4393281717869,1923.5810192416889,1332.3422162123416,120.92603133756771
461,720,77.42117087968997,286.26447637765244,207.62298818378554,85.58944848992513,6.496355404404678,-0.12778663635253906,43.44230324914679,42.96304144291207,0.5319508300162852,42.43109061289579,0.25038274098187685,42.263594853934286,28.422280270611402,34.6264466347274,27.11038173362471,11582.399999999943,1309.1266381218134,2004.6314839736935,1400.6838999595911,182.38354644404401
462,720,69.84168883769415,276.8307747213778,208.44043217162692,75.72187215260115,6.884387957493284,,37.27777656400576,37.04928205581382,0.5328545956872404,36.51642746012658,0.0,42.263519418553884,28.806756700630746,31.98075276139357,28.478855754751088,11582.399999999941,1383.7208875338658,2130.3812416838555,1312.7336448919275,216.57993892308247
463,720,61.071250894485516,224.44470923602557,168.00084396641438,61.8155835895908,4.9861051234132905,0.009238407015800476,41.932362413965166,41.43792385794222,0.5335634951479733,40.90436036279425,0.2510540192015469,42.24274269096075,23.5406288335455,30.163459099690115,11.518092410259891,11600.732428899073,1198.8369711974494,1754.959321335599,1294.6183187538052,88.2020530607867
464,720,76.44370505679656,260.02480389818345,191.1852275237843,74.89138519936256,5.648171227861427,,40.30078234616667,40.035257239826024,0.5320753892883658,39.50318185053766,0.0,42.259424165831,25.90894634569941,38.99801245711528,29.72014166421752,11582.399999999943,1237.1170127438993,1860.6440386628935,1340.8466527155765,105.02145518176056
465,720,78.44674157568534,280.7081666479168,208.4576235057739,80.30149019286175,7.53266700382633,0.03636074438691139,41.469509875867516,41.00663247704506,0.5317073524929583,40.4749251245521,0.2116061202250421,42.26238749645283,29.40339723934958,38.29599647925446,27.376069466509207,11582.399999999958,1507.3288054440534,2309.8616107302737,1349.373448178266,217.59996109594118
466,720,68.82530799609803,260.60179044932113,202.6017782736007,65.10396280848356,6.666789014889862,,44.21579448180273,43.90314328717068,0.5317253163084388,43.37141797086224,0.0,42.263590889032514,28.4587163870715,36.273326591856254,24.230576185570648,11582.407505951858,1375.4445108891418,2095.1855800012427,1338.3091852180899,139.14070720674226
467,720,74.84808112351806,241.87163702744775,168.06846401771568,78.12410486569578,3.9377868755543304,-0.05165763944387436,40.040391746908426,39.50603642500937,0.529597554821521,38.97643887018785,0.25091186724603176,42.25996800227898,23.012991182506184,35.786028690670165,19.0695628942747,11584.195973996231,968.1850861081157,1409.5123943123112,1387.2800558888264,34.142890804883486
468,720,64.29556964141985,246.92376844936524,193.1404932096637,60.441514059361424,6.242974323259516,,43.754520108923316,43.52703876886517,0.5344868684187531,42.992551900446415,0.0,42.22103463356074,26.975620369823563,34.074812611739134,29.35145031727493,11582.399999999929,1321.9825744646962,2027.561248411234,1341.9099384199005,172.79015953415717
469,720,83.22322557753313,318.68219054302716,231.92503782652417,94.74817369424574,7.519313688617074,-0.038665954023599625,42.30557595426217,41.77951961988583,0.5331400777213275,41.246379542164505,0.25075772404670715,42.26368637405767,32.136272669397584,35.84913873041026,24.643505953996293,11582.400369240508,1397.6523940149066,2149.6122927833626,1363.2558617928314,60.54953581458542
470,720,71.74228804054643,269.95991698424956,196.66396756965054,80.56161584544064,6.779586105067493,,42.633517916779965,42.371698177885264,0.5343377445824444,41.83736043330282,0.0,42.26352173185909,26.9685489984405,31.461480117826106,27.54881229177897,11582.39999999993,1436.660627432856,2178.3151179761003,1362.8638389507273,130.75225007146392
471,720,87.20520701514555,307.08285063347626,218.29719482671234,95.98553971530343,6.794615034411134,0.010504527017474174,39.261183611582965,38.744409151840955,0.5340266623534262,38.21038248948753,0.24820377584546804,42.26347980239269,29.650128545949162,39.21243715749383,20.025631746457204,11584.759631669363,1383.3427369954607,2069.5999587638767,1270.1111966820156,177.16854133956645
472,720,73.79417658928247,267.72021787952474,196.64692185122485,78.34692737973582,6.804034716065807,,42.84728828212246,42.57411487400532,0.53248305991292,42.0416318140924,0.0,42.26370500294487,28.274090671526704,34.62071289941457,11.921887805868232,11598.889907800469,1446.4263452066898,2168.759523294578,1334.1288022823132,143.43771647200032
473,720,60.650426844254625,227.9010018190538,190.6192119443563,44.38259753306582,6.593035326204691,0.009799049235880375,43.88122457731515,43.35782514512539,0.5329839969053864,42.82484114822,0.2516328473575413,42.26384277664267,27.192459700364704,38.459128077721715,29.161489198748775,11582.399999999954,1435.6959473115237,2178.644848060191,1383.569436544787,196.59064127637853
474,720,67.19786018298534,265.1611125429877,215.05358627252204,57.190096066230964,6.672020478678899,,43.32789912773296,43.04959867475554,0.5337280537933111,42.51587062096223,0.0,42.23775720354482,29.055559101834707,38.602812149869855,35.753646236042854,11582.399999999918,1327.490722425748,2071.092298652584,1269.877527361884,332.754189233875
475,720,64.4182830603926,240.4253824026117,187.79878153437954,59.33495057099191,6.276758548535659,0.06119260936975479,41.378722664900124,40.90536023490131,0.5319326077587903,40.37342762714252,0.24767489498481154,42.26344286573388,26.090778371064673,34.75080777489664,27.635789999248985,11582.399999999943,1382.6723026534257,2091.413293589795,1333.7410495353668,208.22300233688472
476,720,63.1252796492203,229.13273864140095,173.08935102585977,62.432980645913446,5.959977979251264,,41.43979293573648,41.19019875722006,0.5334496675059199,40.65674908971414,0.0,41.46517657381249,23.75490589722633,31.908789326263577,26.450355937542803,11582.399999999932,1382.7546413439604,2097.4135457988427,1345.5216509264558,201.69370033164026
477,720,79.80882760724214,287.36895122477375,198.52366452737743,95.96910984875737,6.6727687433588025,-0.03483908250927925,41.37385257286951,40.957507469691336,0.5324963387101889,40.42501113098115,0.16936859115958214,42.26286995657057,27.06279377023115,31.82427268286345,25.34272100424802,11582.399999999978,1424.0966306349223,2139.8158057469404,1321.633530188962,127.35537439873815
478,720,61.31655609353525,240.92799013260347,191.98092982961927,55.16866686518186,5.774631639562749,,43.6951404591091,43.45542581100017,0.5321276430040598,42.92329816799611,0.0,42.26344133386615,26.941896379571908,33.732222660944316,27.054073126656704,11582.399999999938,1230.257486831404,1861.8912265611752,1375.4477571418197,86.41509471715297
479,720,69.78490780134753,253.1634136828251,185.25721139482636,74.24593742476166,5.931418805495795,0.10415555536746979,40.286218891851604,39.77994668111205,0.5322206984274089,39.24772598268464,0.2542444420978427,42.257657278920526,25.725439259066686,32.6619390889667,18.342336179501217,11586.78034856973,1364.7406567310832,2032.5960214706538,1367.5615894570371,297.9663141467387
480,720,57.451427390913025,183.60789694084423,136.63974161082245,51.26187328666475,3.8993581025067776,,40.47869082214311,40.22900323430076,0.5330599243752658,39.6959433099255,0.0,40.67074361214293,19.42990460974103,31.820490747580642,12.4498575543338,11607.095295069774,1165.9195061520356,1655.746278672427,1299.0526523441854,57.526850373569665
481,720,70.29188488988066,223.28069654371723,162.11616224364892,66.98507399836367,5.427804844140018,-0.09132013469934464,47.494757937733084,46.944219157099724,0.5330434562638402,46.411175700835884,0.253095714841038,42.2633149189269,22.981337168371663,36.79934789069883,13.977245886682708,11598.027694028284,1392.4514498076016,2023.2106647892747,1281.4632736259107,199.44034627802154
482,720,71.57865741570241,248.24192692130143,188.76588144070595,66.45749593412663,6.56782469401281,,39.22190867271274,38.96967074414715,0.5336806843988597,38.43599005974829,0.0,42.26260570977188,26.659263077029852,38.349909448639096,13.944667006326211,11591.208178786705,1461.7925776446652,2198.9096018835435,1269.9131145282668,293.9517027317647
483,720,64.88828519141896,224.01554256825634,172.5178703801908,56.6401342009527,4.753391103281875,0.0420919731259346,41.7598986919038,41.26081858109683,0.5318809887394309,40.7289375923574,0.25322137400507927,42.26308639321457,23.155252784344,36.56821809094261,27.237589924405587,11582.399999999938,1144.2277013959488,1683.973853036258,1384.3914006131522,106.49182138100662
484,720,66.62578416449864,248.87500684734647,195.3606545808535,60.74906975520612,6.747763713771673,,42.75003614788875,42.46197516703978,0.5355539694428444,41.92642119759694,0.0,42.2557814312081,26.823900021198813,36.25124928689558,31.80721560236273,11582.399999999929,1376.758384301078,2142.2028171441557,1325.8029124006252,199.9904417292124
485,720,82.68797362614148,304.8222932637744,209.90588603823448,101.70758471185479,6.362378127708819,-0.11944355070590973,40.22181537607685,39.70687375497073,0.5344138243235648,39.172459930647165,0.24755147704854608,42.26348551363392,28.403422803690667,31.83418127021409,21.382466715493543,11582.877872156774,1330.4180389392466,1989.7377254629328,1290.744924125814,371.77293849071873
486,720,83.68790263252164,287.23248488854387,200.08199511066434,94.49787302513364,6.890453435931086,,42.74563950672746,42.476981703191996,0.5326626393944025,41.94431906379759,0.0,42.263698975565006,27.70990603177887,36.43896611995482,26.02703301433978,11582.399999999989,1459.3268492588852,2186.733582443813,1297.2209464335817,223.8625042838358
487,720,74.5360483862488,280.7960646343174,206.74877784138806,79.61336405970775,5.157436428075309,0.0695570856332779,40.10813964297995,39.63522352091968,0.5327025270089507,39.10252099391073,0.21098773693665862,42.263445988764516,28.67766532177005,34.729366356394905,10.018246386146695,11603.186917284382,1079.6992808783493,1595.1316954653048,1391.3073569650257,86.18276288425696
488,110,0.0,-62.34590441988443,9.152398506138772,-70.77204073203345,0.6522826909388659,,11.071757433004677,10.83981540799141,0.08259690972045064,10.757218498270959,0.0,19.438760040747184,6.015183958136651,35.38602036601672,0.0,1787.0031886853862,301.8388044289447,385.64451984851286,184.38282610448158,128.0643176693278
489,720,82.41812812819605,296.9169134699283,207.43232747192076,96.64173630566093,6.683416255232472,,36.69248666474596,36.426656836178154,0.5333046456798911,35.89335219049826,0.0,42.26376188777602,28.494775131055544,34.09725997536558,22.64465893508785,11582.71272585042,1387.9896836272217,2092.878129422369,1422.2323310664428,172.98384886810848
490,720,83.14120697383373,268.4250241567312,185.8405092465204,89.2794248470931,6.290751508135403,-0.197838693857193,40.01260341377929,39.58273049630225,0.5310169830918312,39.051713513210416,0.1917053610086441,42.26064231325813,24.566952460493738,38.501494550287184,29.617950533340455,11582.399999999987,1394.7997548826468,2083.7142805983267,1285.9811045061883,241.5588012541099
491,720,89.0173654949527,332.53888099579314,239.64983348056555,99.11784900981158,5.811142025713114,,35.990816220175475,35.74739620927721,0.5333556598052382,35.214040549471974,0.0,42.26176067673287,32.162686606299346,39.45844099004691,29.01983632977511,11582.399999999976,1075.5075162527103,1656.9313872409618,1327.3997596177471,59.894783818151325
492,720,62.24870540023625,206.74378815154026,165.1429297436353,47.95859210696891,5.886942751467492,-0.037887897342443466,44.26281671272591,43.75876195821911,0.5311619099229574,43.22760004829615,0.250419938005507,42.26336778691754,23.167317057356378,38.26940934675179,32.04520010582678,11582.399999999941,1374.850751251798,2069.2665526356345,1394.1164974478431,235.8667998127918
493,720,75.89828543001272,269.48761609160255,197.23284031738217,78.30717935208823,5.611385639332724,,40.75077448692173,40.497426158282906,0.532556006219238,39.96487015206367,0.0,42.26230125869267,26.24557386136214,36.74469575396861,33.916233832620655,11582.399999999949,1164.7587845141652,1793.4432290083328,1323.9858560859332,244.37159251745322
494,720,69.49989879353421,272.24270552529225,205.01113803396024,74.8452370562657,7.1380188470841155,-0.08399193733930588,45.51079561980441,44.95961259491742,0.5329522136598825,44.426660381257534,0.25218289578333497,42.26237405545637,28.635371287874072,32.07728026540136,25.707353592753524,11582.399999999923,1423.0255828700017,2193.179161145162,1354.1604907409933,235.9810634567974
495,720,63.31316617838301,212.94668421577924,164.7340514326979,52.75861634137458,4.166733938550745,,41.56326066190377,41.31420495500788,0.5321638253517449,40.782041129656136,0.0,42.26171750781485,22.022911834834158,36.93385800769572,14.100445492171056,11591.366572061308,1079.461511718711,1544.954519439922,1343.4606942746286,139.4559961118685
496,720,79.63708135396669,263.13481074621865,181.91673456351052,85.9799843263766,4.384070588958542,0.061178676784038544,36.54050572402775,36.13595990696922,0.5317574143409729,35.60420249262825,0.1703706458210945,42.25008946625307,25.30147353921453,36.647089190778395,24.646539228721096,11582.400462359361,981.501972258798,1467.5001350155558,1337.6282987422164,18.99477720733337
497,720,84.01205216399167,289.92512693440653,200.76386511758156,96.33506878528635,6.692752789736899,,42.44547665910795,42.16778530087322,0.5316743776202202,41.636110923253,0.0,42.26010890143747,27.790704295770016,35.84451777134849,18.039638871542103,11585.530741912346,1412.9841783903637,2130.3412572904713,1372.9431372426545,182.0065887275825
498,720,64.10311312832758,205.19441564765248,158.420536081264,52.925234365061556,5.6324985772540765,-0.03666510432958603,42.619350399822,42.12938023870811,0.5306814354844391,41.59869880322367,0.2533304491080344,42.26335168575862,23.34871723986482,37.6404959457968,18.246461442821012,11586.667941366126,1366.4693305989417,2011.8584829484541,1354.450524133949,146.03716285693682
499,720,77.3538943372145,279.3518866738398,200.31062910295995,86.53196145612816,6.9798161926286895,,42.585450230166316,42.32790962886065,0.5331669133156538,41.794742715545,0.0,42.26361784041587,28.728444783530016,34.08791360915042,15.419736727726546,11591.997896880486,1483.5482968117517,2214.984664000137,1361.4792616958925,203.2693822500065
500,720,79.00345607232366,276.6096762681685,199.34392117513258,84.70806642331911,6.98111229420605,-0.03151442110538483,42.033664505928755,41.51723845675588,0.531816971488297,40.98542148526758,0.24958071811124682,42.22777761168607,27.241387111561643,36.6494228606641,30.343367023968177,11582.399999999945,1427.8743507757395,2198.690090321221,1323.3816114659792,344.58085455458183
501,720,55.07050626551779,217.97430342975363,178.46539463148295,46.184544732169215,6.180782478388798,,40.535679806023836,40.28957746503875,0.532712890766561,39.756864574272186,0.0,42.26290754101456,25.337968069193145,31.978233899433185,25.29046022861159,11582.399999999925,1349.6592712179404,2044.1125741094,1389.1664994841851,155.96584126091872
502,720,63.87323938799834,242.1651145416276,190.08821476525696,59.06073643033038,6.516304335735741,0.08447414636611938,45.74729640316218,45.2223486318253,0.5341541753150523,44.688194456510246,0.25002052169293165,42.263547481826556,27.73970961092963,34.34287117283315,18.16707612731399,11585.19244858105,1398.9842026679305,2106.7371223088644,1324.8301734051943,167.40689073668696
503,720,86.21745764477023,317.96128277918785,223.18174622660285,102.18703689022382,6.885195188048963,,41.98417571187019,41.70491472212598,0.5341590037569404,41.17075571836904,0.0,42.26345637482376,30.46114139861549,35.123939199658324,26.906469996977982,11582.39999999996,1334.5946075145062,2034.6203377611953,1403.4116579684762,182.94022537149044
504,79,0.0,-57.11957295579066,5.104674781606492,-61.70744167418621,0.45713069940694984,,9.786786234006286,9.515999735798687,0.0594766428694129,9.456523092929274,0.0,22.444125428771724,4.668123589446482,30.853720837093107,0.0,1282.9106335428403,233.6990488487561,298.6242028999098,130.2305102091928,35.33194350282645
505,720,77.79566831636458,292.06481856441457,211.38184670564507,88.09342965801144,6.942191680009925,0.040219053626060486,40.09533226117492,39.6409993218258,0.5355152543634176,39.105484067462385,0.2187108867801726,42.26375362989708,29.518084084994864,33.74895348735886,24.241228533270583,11582.409826759329,1435.2330414625133,2168.9035327183597,1347.1112818465192,142.8957967775045
